/*--------------------------------*- C++ -*----------------------------------*\
  =========                 |
  \\      /  F ield         | OpenFOAM: The Open Source CFD Toolbox
   \\    /   O peration     | Website:  https://openfoam.org
    \\  /    A nd           | Version:  12
     \\/     M anipulation  |
\*---------------------------------------------------------------------------*/
/*   Windows 32 and 64 bit porting by blueCAPE: http://www.bluecape.com.pt   *\
|  Based on Windows porting (2.0.x v4) by Symscape: http://www.symscape.com   |
\*---------------------------------------------------------------------------*/
FoamFile
{
    format      ascii;
    class       volScalarField;
    location    "500";
    object      nut;
}
// * * * * * * * * * * * * * * * * * * * * * * * * * * * * * * * * * * * * * //

dimensions      [0 2 -1 0 0 0 0];

internalField   nonuniform List<scalar> 
64000
(
0.020338
0.0205287
0.0205257
0.0205367
0.020541
0.0205408
0.0205382
0.0205338
0.0205278
0.0205204
0.0205115
0.0205013
0.0204898
0.0204772
0.0204637
0.0204494
0.0204344
0.020419
0.0204032
0.0203871
0.020371
0.020355
0.0203391
0.0203235
0.0203083
0.0202937
0.0202797
0.0202667
0.020262
0.0202742
0.0203009
0.0203395
0.020388
0.0204445
0.0205075
0.0205753
0.0206467
0.0207203
0.0207949
0.0208687
0.0203504
0.020536
0.0205244
0.0205346
0.0205386
0.0205382
0.0205354
0.0205309
0.0205249
0.0205174
0.0205085
0.0204983
0.0204869
0.0204744
0.0204609
0.0204468
0.020432
0.0204167
0.0204011
0.0203852
0.0203693
0.0203534
0.0203377
0.0203223
0.0203074
0.020293
0.0202792
0.0202665
0.0202636
0.0202774
0.0203051
0.0203446
0.0203938
0.0204508
0.0205141
0.0205822
0.0206537
0.0207275
0.0208021
0.0208759
0.0203531
0.0205389
0.0205273
0.0205375
0.0205414
0.0205409
0.0205381
0.0205335
0.0205274
0.0205199
0.0205109
0.0205007
0.0204892
0.0204767
0.0204632
0.020449
0.0204342
0.0204189
0.0204033
0.0203874
0.0203715
0.0203555
0.0203398
0.0203244
0.0203094
0.020295
0.0202812
0.0202684
0.0202656
0.0202794
0.0203073
0.0203468
0.0203961
0.0204532
0.0205166
0.0205848
0.0206564
0.0207302
0.0208048
0.0208787
0.0203554
0.0205412
0.0205298
0.02054
0.0205438
0.0205433
0.0205405
0.0205359
0.0205298
0.0205222
0.0205132
0.0205029
0.0204914
0.0204788
0.0204654
0.0204512
0.0204364
0.0204211
0.0204054
0.0203895
0.0203735
0.0203576
0.0203419
0.0203264
0.0203115
0.020297
0.0202832
0.0202704
0.0202676
0.0202814
0.0203092
0.0203488
0.0203981
0.0204552
0.0205186
0.0205868
0.0206584
0.0207322
0.0208069
0.0208808
0.0203571
0.020543
0.0205317
0.0205419
0.0205458
0.0205453
0.0205424
0.0205378
0.0205317
0.0205241
0.020515
0.0205047
0.0204932
0.0204807
0.0204672
0.0204531
0.0204382
0.0204229
0.0204072
0.0203913
0.0203753
0.0203594
0.0203436
0.0203282
0.0203132
0.0202988
0.020285
0.0202721
0.0202693
0.0202831
0.0203109
0.0203505
0.0203998
0.020457
0.0205204
0.0205886
0.0206602
0.020734
0.0208087
0.0208826
0.0203585
0.0205444
0.0205331
0.0205434
0.0205473
0.0205468
0.0205439
0.0205393
0.0205332
0.0205255
0.0205165
0.0205062
0.0204946
0.0204821
0.0204687
0.0204545
0.0204397
0.0204244
0.0204087
0.0203928
0.0203768
0.0203608
0.020345
0.0203296
0.0203146
0.0203002
0.0202864
0.0202735
0.0202707
0.0202845
0.0203124
0.0203519
0.0204013
0.0204585
0.0205219
0.0205901
0.0206617
0.0207355
0.0208102
0.0208842
0.0203594
0.0205454
0.0205341
0.0205444
0.0205483
0.0205479
0.020545
0.0205404
0.0205342
0.0205266
0.0205176
0.0205072
0.0204957
0.0204832
0.0204698
0.0204557
0.0204408
0.0204255
0.0204098
0.0203939
0.0203779
0.0203619
0.0203461
0.0203307
0.0203157
0.0203013
0.0202874
0.0202746
0.0202717
0.0202855
0.0203134
0.020353
0.0204023
0.0204595
0.0205229
0.0205911
0.0206627
0.0207366
0.0208113
0.0208852
0.0203601
0.0205461
0.0205348
0.0205451
0.020549
0.0205486
0.0205458
0.0205412
0.020535
0.0205274
0.0205184
0.020508
0.0204965
0.020484
0.0204706
0.0204565
0.0204416
0.0204263
0.0204106
0.0203947
0.0203786
0.0203627
0.0203469
0.0203315
0.0203165
0.020302
0.0202882
0.0202753
0.0202724
0.0202862
0.0203141
0.0203537
0.020403
0.0204602
0.0205236
0.0205918
0.0206634
0.0207372
0.0208119
0.0208859
0.0203605
0.0205465
0.0205352
0.0205455
0.0205495
0.020549
0.0205462
0.0205417
0.0205355
0.0205279
0.0205189
0.0205085
0.020497
0.0204845
0.0204712
0.020457
0.0204422
0.0204268
0.0204111
0.0203951
0.0203791
0.0203632
0.0203474
0.020332
0.0203169
0.0203025
0.0202886
0.0202757
0.0202728
0.0202866
0.0203145
0.020354
0.0204033
0.0204605
0.0205239
0.0205921
0.0206637
0.0207376
0.0208123
0.0208862
0.0203607
0.0205467
0.0205354
0.0205457
0.0205497
0.0205493
0.0205465
0.020542
0.0205358
0.0205282
0.0205192
0.0205088
0.0204973
0.0204848
0.0204714
0.0204573
0.0204424
0.0204271
0.0204113
0.0203954
0.0203794
0.0203634
0.0203476
0.0203322
0.0203172
0.0203027
0.0202888
0.0202759
0.020273
0.0202868
0.0203146
0.0203542
0.0204034
0.0204606
0.020524
0.0205922
0.0206639
0.0207377
0.0208124
0.0208863
0.0203608
0.0205468
0.0205355
0.0205458
0.0205497
0.0205493
0.0205466
0.0205421
0.020536
0.0205283
0.0205193
0.0205089
0.0204974
0.0204849
0.0204715
0.0204573
0.0204425
0.0204271
0.0204114
0.0203954
0.0203794
0.0203634
0.0203476
0.0203322
0.0203171
0.0203026
0.0202888
0.0202759
0.020273
0.0202867
0.0203145
0.0203541
0.0204034
0.0204606
0.020524
0.0205922
0.0206638
0.0207376
0.0208123
0.0208862
0.0203609
0.0205468
0.0205355
0.0205458
0.0205497
0.0205494
0.0205466
0.0205421
0.020536
0.0205283
0.0205193
0.0205089
0.0204973
0.0204848
0.0204714
0.0204573
0.0204424
0.020427
0.0204113
0.0203953
0.0203793
0.0203633
0.0203475
0.020332
0.020317
0.0203025
0.0202886
0.0202757
0.0202728
0.0202865
0.0203143
0.0203539
0.0204032
0.0204603
0.0205237
0.0205919
0.0206635
0.0207374
0.0208121
0.020886
0.0203609
0.0205468
0.0205355
0.0205458
0.0205497
0.0205494
0.0205467
0.0205421
0.020536
0.0205283
0.0205192
0.0205088
0.0204973
0.0204848
0.0204714
0.0204572
0.0204423
0.0204269
0.0204112
0.0203952
0.0203792
0.0203632
0.0203474
0.0203319
0.0203168
0.0203023
0.0202884
0.0202755
0.0202726
0.0202863
0.0203141
0.0203537
0.020403
0.0204601
0.0205235
0.0205917
0.0206633
0.0207371
0.0208118
0.0208857
0.0203609
0.0205468
0.0205355
0.0205458
0.0205498
0.0205495
0.0205467
0.0205422
0.0205361
0.0205284
0.0205193
0.0205089
0.0204973
0.0204848
0.0204714
0.0204572
0.0204424
0.020427
0.0204112
0.0203952
0.0203792
0.0203632
0.0203474
0.0203319
0.0203168
0.0203023
0.0202884
0.0202755
0.0202725
0.0202863
0.0203141
0.0203536
0.0204029
0.02046
0.0205234
0.0205916
0.0206632
0.020737
0.0208117
0.0208856
0.020361
0.0205469
0.0205357
0.020546
0.02055
0.0205496
0.0205469
0.0205424
0.0205362
0.0205285
0.0205194
0.020509
0.0204975
0.020485
0.0204716
0.0204574
0.0204425
0.0204271
0.0204113
0.0203953
0.0203792
0.0203632
0.0203474
0.0203318
0.0203168
0.0203022
0.0202883
0.0202754
0.0202725
0.0202862
0.0203141
0.0203536
0.0204028
0.02046
0.0205233
0.0205915
0.0206631
0.0207369
0.0208116
0.0208855
0.0203611
0.0205471
0.0205358
0.0205462
0.0205502
0.0205499
0.0205471
0.0205426
0.0205364
0.0205287
0.0205196
0.0205092
0.0204976
0.0204851
0.0204717
0.0204575
0.0204425
0.0204271
0.0204113
0.0203953
0.0203792
0.0203632
0.0203473
0.0203318
0.0203167
0.0203022
0.0202882
0.0202753
0.0202724
0.0202861
0.020314
0.0203535
0.0204027
0.0204598
0.0205232
0.0205914
0.020663
0.0207368
0.0208115
0.0208854
0.0203612
0.0205472
0.020536
0.0205464
0.0205504
0.0205501
0.0205473
0.0205428
0.0205366
0.0205289
0.0205197
0.0205093
0.0204977
0.0204852
0.0204717
0.0204575
0.0204425
0.0204271
0.0204113
0.0203953
0.0203791
0.0203631
0.0203472
0.0203316
0.0203166
0.020302
0.0202881
0.0202752
0.0202722
0.020286
0.0203138
0.0203534
0.0204026
0.0204597
0.0205231
0.0205913
0.0206629
0.0207367
0.0208114
0.0208853
0.0203614
0.0205474
0.0205362
0.0205466
0.0205506
0.0205502
0.0205475
0.0205429
0.0205367
0.020529
0.0205198
0.0205093
0.0204978
0.0204852
0.0204717
0.0204574
0.0204425
0.020427
0.0204112
0.0203952
0.0203791
0.020363
0.0203471
0.0203315
0.0203165
0.0203019
0.020288
0.0202751
0.0202722
0.0202859
0.0203138
0.0203533
0.0204025
0.0204596
0.020523
0.0205912
0.0206629
0.0207367
0.0208113
0.0208853
0.0203614
0.0205475
0.0205363
0.0205467
0.0205507
0.0205503
0.0205475
0.0205429
0.0205367
0.020529
0.0205198
0.0205093
0.0204977
0.0204851
0.0204717
0.0204574
0.0204424
0.020427
0.0204112
0.0203951
0.020379
0.0203629
0.020347
0.0203315
0.0203164
0.0203019
0.020288
0.0202751
0.0202721
0.0202859
0.0203137
0.0203532
0.0204025
0.0204596
0.0205231
0.0205912
0.0206628
0.0207366
0.0208113
0.0208852
0.0203614
0.0205475
0.0205363
0.0205467
0.0205506
0.0205502
0.0205474
0.0205428
0.0205366
0.0205289
0.0205197
0.0205092
0.0204976
0.0204851
0.0204716
0.0204573
0.0204424
0.020427
0.0204111
0.0203951
0.020379
0.0203629
0.020347
0.0203315
0.0203164
0.0203019
0.020288
0.0202751
0.0202722
0.0202859
0.0203138
0.0203533
0.0204025
0.0204597
0.0205231
0.0205913
0.0206629
0.0207367
0.0208114
0.0208853
0.0203614
0.0205474
0.0205362
0.0205465
0.0205505
0.0205501
0.0205473
0.0205427
0.0205365
0.0205288
0.0205196
0.0205091
0.0204976
0.020485
0.0204716
0.0204573
0.0204424
0.0204269
0.0204111
0.0203951
0.0203789
0.0203629
0.020347
0.0203315
0.0203165
0.020302
0.0202881
0.0202752
0.0202723
0.020286
0.0203139
0.0203534
0.0204027
0.0204599
0.0205233
0.0205915
0.0206631
0.0207369
0.0208116
0.0208856
0.0203612
0.0205472
0.020536
0.0205464
0.0205503
0.0205499
0.0205471
0.0205425
0.0205364
0.0205287
0.0205195
0.0205091
0.0204975
0.020485
0.0204715
0.0204573
0.0204423
0.0204269
0.0204111
0.020395
0.0203789
0.0203629
0.0203471
0.0203316
0.0203166
0.0203021
0.0202882
0.0202753
0.0202724
0.0202862
0.020314
0.0203536
0.0204029
0.0204601
0.0205235
0.0205917
0.0206634
0.0207372
0.020812
0.020886
0.0203611
0.020547
0.0205358
0.0205462
0.0205502
0.0205498
0.020547
0.0205424
0.0205363
0.0205286
0.0205194
0.020509
0.0204975
0.0204849
0.0204715
0.0204572
0.0204423
0.0204268
0.020411
0.020395
0.0203789
0.0203629
0.0203471
0.0203317
0.0203166
0.0203021
0.0202882
0.0202753
0.0202724
0.0202863
0.0203142
0.0203537
0.020403
0.0204602
0.0205237
0.0205919
0.0206636
0.0207374
0.0208122
0.0208863
0.0203609
0.0205468
0.0205356
0.020546
0.02055
0.0205497
0.0205469
0.0205424
0.0205362
0.0205286
0.0205195
0.020509
0.0204975
0.0204849
0.0204715
0.0204572
0.0204423
0.0204269
0.0204111
0.0203951
0.020379
0.020363
0.0203473
0.0203318
0.0203168
0.0203022
0.0202884
0.0202755
0.0202726
0.0202865
0.0203144
0.0203539
0.0204032
0.0204603
0.0205238
0.0205921
0.0206638
0.0207376
0.0208124
0.0208865
0.0203607
0.0205467
0.0205355
0.0205459
0.02055
0.0205497
0.0205469
0.0205424
0.0205363
0.0205286
0.0205195
0.0205091
0.0204976
0.020485
0.0204716
0.0204573
0.0204425
0.0204271
0.0204113
0.0203954
0.0203793
0.0203634
0.0203476
0.0203321
0.0203171
0.0203026
0.0202887
0.0202758
0.020273
0.0202869
0.0203147
0.0203542
0.0204034
0.0204606
0.0205241
0.0205923
0.020664
0.0207379
0.0208127
0.0208867
0.0203606
0.0205466
0.0205354
0.0205459
0.02055
0.0205497
0.020547
0.0205424
0.0205363
0.0205287
0.0205196
0.0205092
0.0204977
0.0204851
0.0204717
0.0204575
0.0204427
0.0204273
0.0204116
0.0203956
0.0203796
0.0203637
0.0203479
0.0203324
0.0203174
0.0203029
0.020289
0.0202762
0.0202734
0.0202872
0.020315
0.0203545
0.0204037
0.0204609
0.0205244
0.0205927
0.0206644
0.0207382
0.020813
0.0208869
0.0203605
0.0205465
0.0205353
0.0205458
0.02055
0.0205497
0.020547
0.0205424
0.0205363
0.0205287
0.0205197
0.0205093
0.0204977
0.0204852
0.0204718
0.0204576
0.0204428
0.0204274
0.0204117
0.0203957
0.0203797
0.0203638
0.020348
0.0203326
0.0203176
0.0203031
0.0202893
0.0202764
0.0202736
0.0202875
0.0203153
0.0203548
0.0204041
0.0204613
0.0205249
0.0205931
0.0206648
0.0207387
0.0208134
0.0208874
0.0203603
0.0205463
0.0205351
0.0205456
0.0205498
0.0205495
0.0205468
0.0205423
0.0205362
0.0205286
0.0205196
0.0205092
0.0204977
0.0204852
0.0204718
0.0204576
0.0204428
0.0204274
0.0204117
0.0203958
0.0203798
0.0203639
0.0203481
0.0203328
0.0203178
0.0203034
0.0202896
0.0202768
0.020274
0.0202879
0.0203158
0.0203554
0.0204047
0.0204621
0.0205256
0.020594
0.0206657
0.0207396
0.0208144
0.0208884
0.02036
0.020546
0.0205348
0.0205453
0.0205494
0.0205492
0.0205465
0.020542
0.0205359
0.0205284
0.0205194
0.020509
0.0204975
0.020485
0.0204716
0.0204575
0.0204428
0.0204275
0.0204118
0.0203959
0.0203799
0.0203641
0.0203484
0.0203331
0.0203182
0.0203038
0.0202901
0.0202773
0.0202745
0.0202884
0.0203164
0.0203561
0.0204055
0.0204629
0.0205264
0.0205948
0.0206666
0.0207404
0.0208152
0.0208894
0.0203595
0.0205455
0.0205343
0.0205448
0.0205489
0.0205487
0.0205461
0.0205416
0.0205356
0.020528
0.020519
0.0205086
0.0204971
0.0204847
0.0204714
0.0204574
0.0204427
0.0204274
0.0204117
0.0203959
0.0203799
0.0203641
0.0203485
0.0203332
0.0203184
0.0203039
0.0202901
0.0202773
0.0202745
0.0202885
0.0203164
0.0203561
0.0204056
0.0204629
0.0205264
0.0205947
0.0206665
0.0207402
0.0208151
0.0208893
0.0203588
0.0205448
0.0205335
0.020544
0.0205483
0.0205481
0.0205455
0.020541
0.0205349
0.0205273
0.0205182
0.0205078
0.0204964
0.0204841
0.0204709
0.0204569
0.0204422
0.0204269
0.0204113
0.0203954
0.0203794
0.0203636
0.020348
0.0203327
0.0203178
0.0203033
0.0202894
0.0202766
0.0202738
0.0202877
0.0203157
0.0203553
0.0204046
0.0204618
0.0205252
0.0205935
0.0206652
0.020739
0.0208139
0.0208879
0.0203578
0.0205437
0.0205325
0.020543
0.0205473
0.0205471
0.0205445
0.02054
0.0205338
0.0205261
0.020517
0.0205067
0.0204954
0.0204831
0.02047
0.0204559
0.0204411
0.0204258
0.0204101
0.0203942
0.0203782
0.0203624
0.0203468
0.0203314
0.0203164
0.0203018
0.0202879
0.0202751
0.0202724
0.0202863
0.0203142
0.0203537
0.020403
0.0204601
0.0205236
0.0205918
0.0206635
0.0207373
0.0208121
0.020886
0.0203564
0.0205423
0.020531
0.0205416
0.0205459
0.0205457
0.020543
0.0205384
0.0205322
0.0205245
0.0205154
0.0205052
0.0204938
0.0204815
0.0204682
0.0204541
0.0204392
0.0204238
0.0204081
0.0203922
0.0203763
0.0203604
0.0203448
0.0203294
0.0203144
0.0202999
0.0202861
0.0202733
0.0202707
0.0202846
0.0203125
0.020352
0.0204013
0.0204585
0.0205221
0.0205904
0.0206621
0.0207359
0.0208106
0.0208846
0.0203544
0.0205403
0.0205289
0.0205394
0.0205437
0.0205435
0.0205407
0.0205361
0.0205299
0.0205222
0.0205131
0.0205027
0.0204913
0.0204788
0.0204654
0.0204512
0.0204364
0.0204211
0.0204055
0.0203896
0.0203737
0.0203579
0.0203422
0.0203269
0.0203119
0.0202975
0.0202837
0.020271
0.0202684
0.0202823
0.0203101
0.0203496
0.020399
0.0204563
0.0205197
0.0205879
0.0206596
0.0207334
0.0208081
0.0208823
0.0203515
0.0205373
0.0205258
0.0205363
0.0205404
0.0205401
0.0205374
0.0205327
0.0205264
0.0205186
0.0205094
0.0204989
0.0204873
0.0204748
0.0204614
0.0204472
0.0204325
0.0204172
0.0204016
0.0203857
0.0203697
0.0203538
0.0203382
0.0203229
0.0203079
0.0202935
0.0202797
0.020267
0.0202642
0.0202781
0.0203059
0.0203454
0.0203947
0.0204518
0.020515
0.0205832
0.020655
0.0207287
0.0208034
0.0208773
0.0203476
0.0205332
0.0205215
0.0205318
0.0205358
0.0205354
0.0205325
0.0205278
0.0205215
0.0205136
0.0205042
0.0204936
0.0204819
0.0204693
0.0204558
0.0204417
0.0204269
0.0204115
0.0203957
0.0203797
0.0203636
0.0203477
0.0203321
0.0203167
0.0203018
0.0202874
0.0202736
0.0202608
0.020258
0.0202719
0.0202997
0.0203392
0.0203884
0.0204455
0.0205088
0.0205772
0.020649
0.0207225
0.020797
0.0208707
0.0203424
0.0205277
0.0205155
0.0205255
0.0205293
0.0205287
0.0205257
0.0205208
0.0205143
0.0205063
0.0204967
0.0204858
0.0204739
0.0204611
0.0204476
0.0204333
0.0204183
0.0204027
0.0203867
0.0203706
0.0203544
0.0203385
0.0203227
0.0203073
0.0202922
0.0202776
0.0202637
0.0202508
0.0202479
0.0202615
0.0202891
0.0203284
0.0203775
0.0204345
0.0204979
0.0205661
0.0206374
0.0207106
0.0207851
0.020859
0.0203357
0.0205205
0.0205077
0.0205171
0.0205204
0.0205193
0.0205159
0.0205107
0.0205038
0.0204953
0.0204852
0.020474
0.0204618
0.0204487
0.0204349
0.0204202
0.0204048
0.0203889
0.0203726
0.0203562
0.0203398
0.0203235
0.0203075
0.0202918
0.0202765
0.0202617
0.0202475
0.0202343
0.020231
0.0202444
0.0202717
0.0203108
0.0203595
0.0204162
0.0204791
0.0205466
0.0206175
0.0206907
0.020765
0.0208384
0.0203278
0.0205114
0.0204972
0.0205057
0.020508
0.0205062
0.020502
0.020496
0.0204883
0.020479
0.0204683
0.0204565
0.0204437
0.02043
0.0204155
0.0204002
0.0203843
0.020368
0.0203514
0.0203346
0.0203179
0.0203014
0.0202851
0.0202693
0.020254
0.020239
0.0202246
0.0202113
0.0202079
0.0202213
0.0202485
0.0202872
0.0203355
0.0203917
0.0204541
0.0205213
0.020592
0.0206649
0.0207387
0.0208115
0.0203245
0.0205
0.0204898
0.0204964
0.0204969
0.0204934
0.0204877
0.0204802
0.020471
0.0204604
0.0204485
0.0204354
0.0204214
0.0204066
0.020391
0.0203746
0.0203578
0.0203406
0.0203231
0.0203055
0.0202879
0.0202706
0.0202537
0.020237
0.0202208
0.0202051
0.0201901
0.0201762
0.0201707
0.0201821
0.0202076
0.0202448
0.0202921
0.0203475
0.0204091
0.0204755
0.0205457
0.0206178
0.0206909
0.0207635
0.0210458
0.0212636
0.0212498
0.0212599
0.0212674
0.021261
0.0212475
0.0212293
0.0212074
0.0211821
0.0211539
0.0211229
0.0210894
0.0210537
0.0210161
0.0209767
0.020936
0.0208942
0.0208516
0.0208084
0.020765
0.0207215
0.0206754
0.0206286
0.0205833
0.02054
0.0204989
0.0204604
0.0204312
0.0204195
0.0204238
0.0204427
0.020475
0.0205173
0.0205677
0.0206249
0.0206874
0.0207545
0.0208247
0.0209173
0.0210353
0.0212631
0.0212334
0.0212429
0.0212502
0.0212439
0.0212306
0.0212128
0.0211912
0.0211664
0.0211386
0.0211081
0.0210751
0.0210399
0.0210029
0.0209641
0.0209241
0.0208829
0.020841
0.0207984
0.0207557
0.0207127
0.0206671
0.020621
0.0205766
0.0205341
0.0204937
0.0204559
0.0204289
0.0204192
0.020425
0.0204454
0.0204787
0.0205217
0.0205728
0.0206304
0.0206933
0.0207605
0.0208309
0.0209233
0.0210383
0.021266
0.0212364
0.0212458
0.021253
0.0212467
0.0212333
0.0212153
0.0211937
0.0211688
0.021141
0.0211104
0.0210774
0.0210422
0.0210051
0.0209664
0.0209263
0.0208851
0.0208431
0.0208006
0.0207578
0.0207148
0.0206692
0.0206231
0.0205786
0.0205361
0.0204957
0.0204579
0.0204309
0.0204212
0.0204271
0.0204476
0.020481
0.0205241
0.0205753
0.0206329
0.0206959
0.0207632
0.0208336
0.0209261
0.0210408
0.0212685
0.021239
0.0212485
0.0212556
0.0212492
0.0212359
0.0212178
0.0211962
0.0211712
0.0211433
0.0211128
0.0210797
0.0210445
0.0210074
0.0209686
0.0209285
0.0208874
0.0208453
0.0208028
0.0207599
0.0207169
0.0206713
0.0206252
0.0205807
0.0205382
0.0204978
0.0204599
0.0204329
0.0204232
0.0204291
0.0204496
0.020483
0.0205262
0.0205773
0.020635
0.020698
0.0207653
0.0208357
0.0209282
0.0210428
0.0212704
0.0212411
0.0212505
0.0212577
0.0212513
0.0212379
0.0212199
0.0211982
0.0211732
0.0211453
0.0211147
0.0210816
0.0210464
0.0210093
0.0209706
0.0209305
0.0208893
0.0208472
0.0208046
0.0207618
0.0207187
0.0206731
0.020627
0.0205825
0.02054
0.0204995
0.0204617
0.0204347
0.020425
0.0204309
0.0204514
0.0204848
0.020528
0.0205791
0.0206368
0.0206998
0.0207671
0.0208375
0.0209301
0.0210442
0.0212719
0.0212426
0.0212521
0.0212593
0.0212529
0.0212395
0.0212215
0.0211997
0.0211748
0.0211468
0.0211162
0.0210831
0.0210479
0.0210108
0.0209721
0.020932
0.0208908
0.0208487
0.0208061
0.0207633
0.0207202
0.0206746
0.0206284
0.020584
0.0205414
0.020501
0.0204631
0.0204361
0.0204264
0.0204323
0.0204528
0.0204862
0.0205294
0.0205806
0.0206383
0.0207013
0.0207686
0.0208391
0.0209316
0.0210453
0.0212729
0.0212437
0.0212532
0.0212605
0.0212541
0.0212407
0.0212226
0.0212009
0.0211759
0.021148
0.0211173
0.0210843
0.0210491
0.021012
0.0209733
0.0209332
0.0208919
0.0208499
0.0208073
0.0207644
0.0207213
0.0206757
0.0206296
0.0205851
0.0205425
0.020502
0.0204642
0.0204372
0.0204275
0.0204334
0.0204539
0.0204873
0.0205305
0.0205817
0.0206394
0.0207023
0.0207697
0.0208401
0.0209327
0.021046
0.0212736
0.0212444
0.021254
0.0212612
0.0212548
0.0212415
0.0212234
0.0212017
0.0211767
0.0211488
0.0211182
0.0210851
0.0210499
0.0210128
0.0209741
0.020934
0.0208928
0.0208507
0.0208081
0.0207652
0.0207221
0.0206765
0.0206303
0.0205859
0.0205433
0.0205028
0.0204649
0.0204379
0.0204282
0.0204341
0.0204545
0.020488
0.0205311
0.0205823
0.02064
0.020703
0.0207704
0.0208408
0.0209333
0.0210464
0.021274
0.0212449
0.0212544
0.0212617
0.0212553
0.021242
0.021224
0.0212022
0.0211773
0.0211493
0.0211187
0.0210856
0.0210505
0.0210134
0.0209747
0.0209345
0.0208933
0.0208512
0.0208086
0.0207657
0.0207226
0.020677
0.0206308
0.0205863
0.0205437
0.0205032
0.0204654
0.0204383
0.0204286
0.0204344
0.0204549
0.0204883
0.0205315
0.0205826
0.0206403
0.0207033
0.0207707
0.0208411
0.0209336
0.0210467
0.0212742
0.0212451
0.0212546
0.0212619
0.0212556
0.0212422
0.0212243
0.0212026
0.0211776
0.0211496
0.021119
0.0210859
0.0210507
0.0210137
0.0209749
0.0209348
0.0208936
0.0208515
0.0208088
0.0207659
0.0207229
0.0206772
0.0206311
0.0205865
0.0205439
0.0205034
0.0204655
0.0204385
0.0204287
0.0204346
0.0204551
0.0204885
0.0205316
0.0205828
0.0206405
0.0207035
0.0207708
0.0208413
0.0209338
0.0210468
0.0212743
0.0212452
0.0212547
0.021262
0.0212557
0.0212424
0.0212244
0.0212027
0.0211777
0.0211498
0.0211191
0.021086
0.0210508
0.0210137
0.020975
0.0209349
0.0208936
0.0208515
0.0208089
0.020766
0.0207229
0.0206772
0.020631
0.0205865
0.0205439
0.0205034
0.0204655
0.0204384
0.0204287
0.0204345
0.020455
0.0204884
0.0205316
0.0205827
0.0206404
0.0207034
0.0207708
0.0208412
0.0209337
0.0210468
0.0212743
0.0212452
0.0212547
0.021262
0.0212557
0.0212424
0.0212244
0.0212027
0.0211777
0.0211497
0.021119
0.021086
0.0210508
0.0210137
0.0209749
0.0209348
0.0208935
0.0208514
0.0208087
0.0207658
0.0207228
0.0206771
0.0206309
0.0205864
0.0205437
0.0205032
0.0204653
0.0204382
0.0204285
0.0204343
0.0204548
0.0204882
0.0205313
0.0205825
0.0206402
0.0207031
0.0207705
0.0208409
0.0209334
0.0210468
0.0212743
0.0212452
0.0212547
0.021262
0.0212557
0.0212424
0.0212244
0.0212027
0.0211777
0.0211497
0.021119
0.0210859
0.0210507
0.0210136
0.0209749
0.0209347
0.0208934
0.0208513
0.0208087
0.0207657
0.0207226
0.020677
0.0206308
0.0205862
0.0205436
0.0205031
0.0204652
0.0204381
0.0204283
0.0204341
0.0204546
0.020488
0.0205311
0.0205823
0.0206399
0.0207029
0.0207702
0.0208407
0.0209332
0.0210468
0.0212744
0.0212452
0.0212548
0.0212621
0.0212558
0.0212425
0.0212245
0.0212028
0.0211778
0.0211497
0.021119
0.0210859
0.0210507
0.0210137
0.0209749
0.0209347
0.0208935
0.0208513
0.0208087
0.0207658
0.0207226
0.020677
0.0206307
0.0205862
0.0205436
0.020503
0.0204651
0.020438
0.0204282
0.0204341
0.0204545
0.0204879
0.020531
0.0205821
0.0206398
0.0207028
0.0207701
0.0208405
0.0209331
0.0210469
0.0212745
0.0212453
0.0212549
0.0212622
0.021256
0.0212427
0.0212247
0.021203
0.0211779
0.0211499
0.0211192
0.0210861
0.0210509
0.0210138
0.020975
0.0209349
0.0208935
0.0208514
0.0208087
0.0207658
0.0207227
0.020677
0.0206307
0.0205862
0.0205435
0.020503
0.020465
0.0204379
0.0204282
0.020434
0.0204545
0.0204879
0.020531
0.0205821
0.0206397
0.0207027
0.0207701
0.0208405
0.020933
0.021047
0.0212746
0.0212455
0.0212551
0.0212625
0.0212562
0.0212429
0.0212249
0.0212032
0.0211781
0.0211501
0.0211193
0.0210863
0.021051
0.0210139
0.0209751
0.0209349
0.0208936
0.0208515
0.0208088
0.0207658
0.0207227
0.0206769
0.0206306
0.0205861
0.0205434
0.0205029
0.0204649
0.0204378
0.0204281
0.0204339
0.0204544
0.0204877
0.0205308
0.020582
0.0206396
0.0207026
0.02077
0.0208404
0.0209329
0.0210472
0.0212748
0.0212457
0.0212554
0.0212627
0.0212564
0.0212431
0.0212251
0.0212034
0.0211783
0.0211502
0.0211195
0.0210864
0.0210511
0.021014
0.0209752
0.0209349
0.0208936
0.0208514
0.0208087
0.0207657
0.0207226
0.0206768
0.0206305
0.020586
0.0205433
0.0205028
0.0204648
0.0204377
0.020428
0.0204338
0.0204543
0.0204876
0.0205307
0.0205818
0.0206395
0.0207025
0.0207699
0.0208402
0.0209328
0.0210473
0.0212749
0.0212459
0.0212556
0.0212629
0.0212566
0.0212432
0.0212252
0.0212034
0.0211784
0.0211503
0.0211195
0.0210864
0.0210511
0.021014
0.0209751
0.0209349
0.0208935
0.0208514
0.0208086
0.0207657
0.0207225
0.0206767
0.0206304
0.0205859
0.0205432
0.0205027
0.0204647
0.0204376
0.0204279
0.0204337
0.0204542
0.0204875
0.0205306
0.0205818
0.0206395
0.0207025
0.0207698
0.0208402
0.0209327
0.0210474
0.021275
0.021246
0.0212556
0.0212629
0.0212566
0.0212433
0.0212252
0.0212034
0.0211784
0.0211503
0.0211195
0.0210863
0.0210511
0.0210139
0.0209751
0.0209348
0.0208935
0.0208513
0.0208086
0.0207656
0.0207224
0.0206766
0.0206304
0.0205858
0.0205432
0.0205026
0.0204647
0.0204376
0.0204279
0.0204337
0.0204541
0.0204875
0.0205306
0.0205818
0.0206395
0.0207024
0.0207698
0.0208402
0.0209327
0.0210474
0.021275
0.021246
0.0212556
0.0212629
0.0212566
0.0212432
0.0212251
0.0212034
0.0211783
0.0211502
0.0211194
0.0210863
0.021051
0.0210139
0.020975
0.0209348
0.0208935
0.0208513
0.0208085
0.0207655
0.0207224
0.0206766
0.0206304
0.0205858
0.0205432
0.0205027
0.0204647
0.0204376
0.0204279
0.0204337
0.0204542
0.0204875
0.0205307
0.0205818
0.0206395
0.0207025
0.0207698
0.0208402
0.0209328
0.0210473
0.0212749
0.0212459
0.0212555
0.0212628
0.0212564
0.021243
0.021225
0.0212032
0.0211782
0.0211501
0.0211193
0.0210862
0.021051
0.0210138
0.020975
0.0209348
0.0208934
0.0208512
0.0208085
0.0207655
0.0207224
0.0206766
0.0206304
0.0205859
0.0205433
0.0205027
0.0204648
0.0204377
0.020428
0.0204339
0.0204543
0.0204877
0.0205309
0.020582
0.0206397
0.0207027
0.0207701
0.0208405
0.020933
0.0210472
0.0212748
0.0212457
0.0212553
0.0212626
0.0212562
0.0212429
0.0212249
0.0212031
0.021178
0.02115
0.0211192
0.0210861
0.0210509
0.0210138
0.020975
0.0209347
0.0208934
0.0208512
0.0208085
0.0207655
0.0207224
0.0206767
0.0206305
0.020586
0.0205434
0.0205028
0.0204649
0.0204378
0.0204281
0.020434
0.0204545
0.0204879
0.0205311
0.0205823
0.02064
0.020703
0.0207704
0.0208408
0.0209334
0.021047
0.0212746
0.0212455
0.0212551
0.0212624
0.0212561
0.0212427
0.0212247
0.021203
0.021178
0.0211499
0.0211192
0.0210861
0.0210509
0.0210137
0.0209749
0.0209346
0.0208933
0.0208512
0.0208085
0.0207655
0.0207224
0.0206767
0.0206305
0.020586
0.0205434
0.0205029
0.020465
0.0204379
0.0204282
0.0204342
0.0204546
0.020488
0.0205312
0.0205824
0.0206401
0.0207032
0.0207706
0.0208411
0.0209337
0.0210468
0.0212744
0.0212453
0.0212549
0.0212623
0.021256
0.0212427
0.0212247
0.021203
0.021178
0.0211499
0.0211192
0.0210861
0.0210509
0.0210137
0.0209749
0.0209347
0.0208934
0.0208512
0.0208085
0.0207656
0.0207225
0.0206769
0.0206307
0.0205862
0.0205435
0.020503
0.0204651
0.0204381
0.0204284
0.0204343
0.0204548
0.0204882
0.0205313
0.0205825
0.0206403
0.0207033
0.0207707
0.0208413
0.0209339
0.0210467
0.0212742
0.0212452
0.0212549
0.0212623
0.021256
0.0212427
0.0212247
0.021203
0.021178
0.02115
0.0211193
0.0210862
0.0210509
0.0210138
0.020975
0.0209349
0.0208936
0.0208515
0.0208088
0.0207659
0.0207229
0.0206772
0.020631
0.0205865
0.0205439
0.0205033
0.0204655
0.0204385
0.0204288
0.0204347
0.0204551
0.0204885
0.0205316
0.0205828
0.0206406
0.0207036
0.020771
0.0208415
0.0209342
0.0210466
0.0212741
0.0212451
0.0212548
0.0212623
0.0212561
0.0212428
0.0212248
0.0212031
0.0211781
0.0211501
0.0211194
0.0210863
0.0210511
0.021014
0.0209752
0.0209351
0.0208938
0.0208517
0.0208091
0.0207662
0.0207232
0.0206775
0.0206313
0.0205868
0.0205442
0.0205037
0.0204658
0.0204388
0.0204292
0.020435
0.0204554
0.0204888
0.0205319
0.0205832
0.0206409
0.020704
0.0207713
0.0208418
0.0209344
0.0210464
0.021274
0.021245
0.0212548
0.0212622
0.021256
0.0212427
0.0212248
0.0212031
0.0211781
0.0211501
0.0211194
0.0210864
0.0210511
0.0210141
0.0209753
0.0209352
0.0208939
0.0208518
0.0208092
0.0207663
0.0207233
0.0206776
0.0206315
0.020587
0.0205444
0.0205039
0.0204661
0.0204391
0.0204294
0.0204353
0.0204557
0.0204891
0.0205323
0.0205836
0.0206414
0.0207044
0.0207718
0.0208423
0.0209349
0.0210462
0.0212738
0.0212448
0.0212546
0.0212621
0.0212558
0.0212426
0.0212246
0.0212029
0.021178
0.0211501
0.0211194
0.0210863
0.0210511
0.021014
0.0209753
0.0209352
0.020894
0.0208519
0.0208093
0.0207664
0.0207234
0.0206778
0.0206317
0.0205872
0.0205447
0.0205043
0.0204665
0.0204395
0.0204298
0.0204357
0.0204563
0.0204898
0.0205331
0.0205844
0.0206422
0.0207053
0.0207727
0.0208432
0.0209359
0.0210459
0.0212735
0.0212445
0.0212542
0.0212617
0.0212555
0.0212422
0.0212243
0.0212027
0.0211778
0.0211499
0.0211192
0.0210861
0.0210509
0.0210139
0.0209752
0.0209352
0.020894
0.020852
0.0208094
0.0207665
0.0207236
0.020678
0.020632
0.0205876
0.0205451
0.0205047
0.0204669
0.02044
0.0204304
0.0204363
0.0204569
0.0204905
0.0205339
0.0205852
0.020643
0.0207062
0.0207736
0.0208441
0.0209368
0.0210454
0.021273
0.0212439
0.0212537
0.0212612
0.021255
0.0212418
0.0212239
0.0212023
0.0211774
0.0211494
0.0211188
0.0210857
0.0210506
0.0210137
0.0209751
0.0209351
0.0208939
0.0208519
0.0208093
0.0207665
0.0207236
0.0206781
0.0206321
0.0205878
0.0205452
0.0205048
0.0204669
0.02044
0.0204304
0.0204364
0.020457
0.0204906
0.0205339
0.0205851
0.020643
0.020706
0.0207734
0.020844
0.0209367
0.0210446
0.0212723
0.0212431
0.0212529
0.0212605
0.0212544
0.0212412
0.0212233
0.0212016
0.0211766
0.0211486
0.021118
0.021085
0.02105
0.0210132
0.0209746
0.0209346
0.0208934
0.0208514
0.0208088
0.020766
0.0207231
0.0206776
0.0206316
0.0205872
0.0205446
0.0205041
0.0204662
0.0204392
0.0204297
0.0204356
0.0204562
0.0204896
0.0205328
0.020584
0.0206417
0.0207048
0.0207721
0.0208427
0.0209353
0.0210436
0.0212712
0.021242
0.0212519
0.0212594
0.0212534
0.0212401
0.0212222
0.0212004
0.0211754
0.0211474
0.0211168
0.021084
0.021049
0.0210121
0.0209735
0.0209335
0.0208922
0.0208502
0.0208076
0.0207648
0.0207218
0.0206763
0.0206302
0.0205857
0.0205431
0.0205026
0.0204647
0.0204378
0.0204282
0.0204342
0.0204546
0.020488
0.0205311
0.0205823
0.0206401
0.0207031
0.0207705
0.020841
0.0209335
0.021042
0.0212697
0.0212405
0.0212503
0.0212579
0.0212518
0.0212385
0.0212205
0.0211987
0.0211737
0.0211457
0.0211152
0.0210823
0.0210473
0.0210103
0.0209716
0.0209315
0.0208902
0.0208482
0.0208056
0.0207628
0.0207198
0.0206743
0.0206282
0.0205837
0.0205411
0.0205007
0.0204629
0.0204361
0.0204265
0.0204324
0.0204529
0.0204863
0.0205295
0.0205808
0.0206386
0.0207016
0.020769
0.0208394
0.0209321
0.0210398
0.0212676
0.0212382
0.021248
0.0212556
0.0212494
0.0212361
0.021218
0.0211962
0.0211712
0.0211432
0.0211126
0.0210796
0.0210445
0.0210074
0.0209687
0.0209286
0.0208874
0.0208454
0.0208029
0.0207601
0.0207171
0.0206716
0.0206256
0.0205812
0.0205386
0.0204983
0.0204606
0.0204337
0.0204241
0.02043
0.0204504
0.0204839
0.0205272
0.0205783
0.020636
0.0206991
0.0207665
0.0208369
0.0209296
0.0210366
0.0212644
0.0212349
0.0212446
0.0212521
0.0212458
0.0212325
0.0212144
0.0211926
0.0211674
0.0211393
0.0211085
0.0210754
0.0210402
0.0210032
0.0209645
0.0209245
0.0208833
0.0208413
0.0207988
0.020756
0.020713
0.0206675
0.0206215
0.0205771
0.0205346
0.0204942
0.0204564
0.0204295
0.0204199
0.0204257
0.0204461
0.0204795
0.0205227
0.0205737
0.0206313
0.0206945
0.0207618
0.0208321
0.0209247
0.0210322
0.0212601
0.0212302
0.0212397
0.021247
0.0212407
0.0212273
0.0212092
0.0211873
0.021162
0.0211338
0.0211029
0.0210697
0.0210344
0.0209973
0.0209586
0.0209186
0.0208773
0.0208352
0.0207926
0.0207497
0.0207067
0.0206612
0.0206152
0.0205708
0.0205283
0.0204878
0.0204501
0.0204232
0.0204136
0.0204194
0.0204398
0.0204732
0.0205163
0.0205674
0.0206252
0.0206883
0.0207555
0.0208257
0.020918
0.0210263
0.0212542
0.0212237
0.0212329
0.02124
0.0212335
0.0212199
0.0212016
0.0211796
0.0211542
0.0211258
0.0210946
0.0210612
0.0210258
0.0209886
0.0209498
0.0209096
0.0208681
0.0208259
0.0207831
0.0207401
0.0206971
0.0206515
0.0206054
0.0205609
0.0205182
0.0204777
0.0204398
0.0204128
0.020403
0.0204086
0.0204289
0.0204621
0.0205051
0.0205562
0.0206139
0.0206766
0.0207435
0.0208137
0.0209061
0.0210186
0.0212464
0.021215
0.0212237
0.0212303
0.0212233
0.0212094
0.0211907
0.0211682
0.0211424
0.0211135
0.021082
0.0210483
0.0210127
0.0209752
0.020936
0.0208954
0.0208537
0.0208111
0.0207681
0.0207249
0.0206816
0.0206357
0.0205894
0.0205447
0.0205019
0.0204611
0.020423
0.0203956
0.0203855
0.020391
0.020411
0.0204439
0.0204866
0.0205373
0.0205943
0.0206566
0.0207234
0.0207934
0.0208854
0.0210096
0.0212365
0.0212035
0.0212112
0.0212169
0.0212091
0.0211943
0.0211748
0.0211516
0.021125
0.0210954
0.0210634
0.0210292
0.0209929
0.0209548
0.020915
0.0208739
0.0208318
0.020789
0.0207457
0.0207022
0.0206587
0.0206127
0.0205663
0.0205215
0.0204786
0.0204377
0.0203994
0.020372
0.0203619
0.0203673
0.020387
0.0204195
0.0204617
0.020512
0.0205687
0.0206308
0.0206972
0.0207668
0.0208583
0.0210091
0.0212224
0.0212018
0.021208
0.0212121
0.0212026
0.0211863
0.0211652
0.0211405
0.0211125
0.0210816
0.0210482
0.0210127
0.0209751
0.0209357
0.0208948
0.0208525
0.0208094
0.0207654
0.0207209
0.0206764
0.020632
0.0205851
0.0205376
0.0204916
0.0204474
0.0204055
0.0203663
0.0203366
0.0203243
0.0203277
0.0203453
0.0203765
0.0204178
0.0204671
0.020523
0.0205844
0.0206501
0.0207188
0.0208103
0.0207527
0.0208191
0.0208182
0.0208053
0.0208141
0.0208149
0.0208115
0.0208053
0.0207969
0.0207866
0.0207745
0.0207607
0.0207452
0.0207283
0.02071
0.0206905
0.0206698
0.0206482
0.0206258
0.0206026
0.0205789
0.0205547
0.0205278
0.020499
0.0204712
0.0204448
0.0204199
0.0203969
0.0203816
0.0203817
0.0203963
0.0204241
0.020464
0.020513
0.0205691
0.0206308
0.0206969
0.0207663
0.0208383
0.0210208
0.0207453
0.0208172
0.0208078
0.0207947
0.0208034
0.0208041
0.0208007
0.0207947
0.0207865
0.0207764
0.0207645
0.0207508
0.0207356
0.0207189
0.0207009
0.0206817
0.0206614
0.0206401
0.020618
0.0205952
0.0205719
0.0205479
0.0205212
0.0204929
0.0204657
0.0204399
0.0204156
0.0203931
0.0203797
0.0203814
0.0203974
0.0204265
0.0204673
0.020517
0.0205736
0.0206357
0.0207021
0.0207717
0.0208438
0.0210249
0.0207483
0.0208202
0.0208107
0.0207974
0.0208061
0.0208067
0.0208033
0.0207972
0.0207889
0.0207787
0.0207668
0.0207531
0.0207378
0.0207211
0.0207031
0.0206839
0.0206636
0.0206423
0.0206201
0.0205973
0.0205739
0.02055
0.0205233
0.0204949
0.0204677
0.0204419
0.0204176
0.0203951
0.0203817
0.0203835
0.0203995
0.0204288
0.0204697
0.0205194
0.0205761
0.0206383
0.0207047
0.0207744
0.0208465
0.0210277
0.020751
0.0208228
0.0208133
0.0208001
0.0208087
0.0208093
0.0208058
0.0207997
0.0207913
0.0207811
0.0207691
0.0207554
0.0207401
0.0207234
0.0207054
0.0206861
0.0206658
0.0206445
0.0206223
0.0205995
0.0205761
0.0205521
0.0205254
0.020497
0.0204698
0.020444
0.0204196
0.0203971
0.0203837
0.0203855
0.0204015
0.0204308
0.0204717
0.0205214
0.0205782
0.0206403
0.0207068
0.0207765
0.0208486
0.0210298
0.020753
0.0208248
0.0208154
0.0208021
0.0208108
0.0208114
0.0208079
0.0208017
0.0207933
0.0207831
0.0207711
0.0207573
0.020742
0.0207253
0.0207073
0.020688
0.0206677
0.0206464
0.0206242
0.0206013
0.0205779
0.0205539
0.0205272
0.0204988
0.0204716
0.0204457
0.0204214
0.0203988
0.0203854
0.0203872
0.0204033
0.0204325
0.0204735
0.0205232
0.02058
0.0206422
0.0207086
0.0207784
0.0208505
0.0210317
0.0207545
0.0208262
0.0208169
0.0208037
0.0208123
0.020813
0.0208095
0.0208033
0.0207949
0.0207846
0.0207726
0.0207588
0.0207436
0.0207268
0.0207088
0.0206896
0.0206692
0.0206479
0.0206257
0.0206028
0.0205794
0.0205554
0.0205286
0.0205002
0.020473
0.0204472
0.0204228
0.0204002
0.0203868
0.0203886
0.0204047
0.020434
0.0204749
0.0205247
0.0205814
0.0206437
0.0207101
0.0207799
0.020852
0.0210332
0.0207555
0.0208273
0.020818
0.0208048
0.0208135
0.0208141
0.0208106
0.0208044
0.020796
0.0207858
0.0207737
0.02076
0.0207447
0.020728
0.02071
0.0206908
0.0206704
0.0206491
0.0206269
0.020604
0.0205805
0.0205565
0.0205297
0.0205014
0.0204742
0.0204483
0.0204239
0.0204013
0.0203879
0.0203897
0.0204058
0.020435
0.020476
0.0205258
0.0205825
0.0206447
0.0207112
0.0207809
0.0208531
0.0210343
0.0207562
0.020828
0.0208187
0.0208056
0.0208142
0.0208149
0.0208114
0.0208052
0.0207969
0.0207866
0.0207745
0.0207608
0.0207455
0.0207288
0.0207108
0.0206916
0.0206712
0.0206499
0.0206277
0.0206048
0.0205813
0.0205573
0.0205305
0.0205022
0.0204749
0.0204491
0.0204246
0.0204021
0.0203886
0.0203904
0.0204065
0.0204357
0.0204766
0.0205264
0.0205831
0.0206454
0.0207118
0.0207816
0.0208537
0.021035
0.0207567
0.0208284
0.0208192
0.020806
0.0208147
0.0208154
0.0208119
0.0208057
0.0207974
0.0207871
0.0207751
0.0207613
0.0207461
0.0207294
0.0207114
0.0206921
0.0206718
0.0206504
0.0206282
0.0206053
0.0205818
0.0205578
0.020531
0.0205026
0.0204754
0.0204495
0.0204251
0.0204025
0.020389
0.0203908
0.0204068
0.0204361
0.020477
0.0205268
0.0205835
0.0206457
0.0207122
0.0207819
0.0208541
0.0210353
0.0207569
0.0208287
0.0208194
0.0208062
0.0208149
0.0208156
0.0208122
0.020806
0.0207977
0.0207874
0.0207754
0.0207616
0.0207464
0.0207297
0.0207116
0.0206924
0.020672
0.0206507
0.0206284
0.0206055
0.020582
0.020558
0.0205313
0.0205029
0.0204756
0.0204497
0.0204253
0.0204027
0.0203892
0.020391
0.020407
0.0204362
0.0204771
0.0205269
0.0205836
0.0206458
0.0207123
0.0207821
0.0208542
0.0210354
0.020757
0.0208287
0.0208195
0.0208063
0.020815
0.0208157
0.0208123
0.0208062
0.0207978
0.0207876
0.0207755
0.0207617
0.0207464
0.0207297
0.0207117
0.0206925
0.0206721
0.0206507
0.0206285
0.0206055
0.020582
0.020558
0.0205313
0.0205028
0.0204756
0.0204497
0.0204253
0.0204027
0.0203892
0.0203909
0.0204069
0.0204362
0.0204771
0.0205268
0.0205836
0.0206458
0.0207122
0.020782
0.0208541
0.0210354
0.020757
0.0208288
0.0208195
0.0208063
0.020815
0.0208157
0.0208123
0.0208062
0.0207979
0.0207876
0.0207755
0.0207617
0.0207464
0.0207297
0.0207117
0.0206924
0.020672
0.0206506
0.0206284
0.0206054
0.0205819
0.0205579
0.0205311
0.0205027
0.0204755
0.0204495
0.0204251
0.0204025
0.020389
0.0203907
0.0204067
0.0204359
0.0204769
0.0205266
0.0205833
0.0206455
0.020712
0.0207817
0.0208539
0.0210351
0.0207571
0.0208288
0.0208195
0.0208063
0.020815
0.0208158
0.0208124
0.0208062
0.0207979
0.0207875
0.0207754
0.0207616
0.0207463
0.0207296
0.0207116
0.0206923
0.0206719
0.0206505
0.0206283
0.0206053
0.0205818
0.0205578
0.020531
0.0205026
0.0204753
0.0204494
0.0204249
0.0204023
0.0203888
0.0203905
0.0204065
0.0204358
0.0204767
0.0205264
0.0205831
0.0206453
0.0207117
0.0207815
0.0208536
0.0210348
0.0207571
0.0208288
0.0208195
0.0208064
0.0208151
0.0208158
0.0208124
0.0208063
0.0207979
0.0207876
0.0207755
0.0207617
0.0207464
0.0207297
0.0207116
0.0206924
0.020672
0.0206506
0.0206283
0.0206053
0.0205818
0.0205578
0.020531
0.0205025
0.0204753
0.0204493
0.0204249
0.0204022
0.0203887
0.0203905
0.0204065
0.0204357
0.0204766
0.0205263
0.020583
0.0206452
0.0207116
0.0207814
0.0208535
0.0210347
0.0207572
0.0208289
0.0208196
0.0208065
0.0208153
0.020816
0.0208126
0.0208065
0.0207981
0.0207878
0.0207756
0.0207618
0.0207465
0.0207298
0.0207118
0.0206925
0.0206721
0.0206507
0.0206284
0.0206054
0.0205819
0.0205578
0.020531
0.0205025
0.0204752
0.0204493
0.0204248
0.0204022
0.0203887
0.0203904
0.0204064
0.0204357
0.0204765
0.0205263
0.0205829
0.0206451
0.0207116
0.0207813
0.0208534
0.0210346
0.0207573
0.0208291
0.0208198
0.0208067
0.0208155
0.0208163
0.0208128
0.0208067
0.0207983
0.020788
0.0207758
0.020762
0.0207467
0.0207299
0.0207119
0.0206926
0.0206721
0.0206507
0.0206284
0.0206054
0.0205819
0.0205578
0.0205309
0.0205024
0.0204752
0.0204492
0.0204247
0.0204021
0.0203886
0.0203903
0.0204063
0.0204356
0.0204764
0.0205261
0.0205828
0.020645
0.0207115
0.0207812
0.0208533
0.0210345
0.0207575
0.0208292
0.0208201
0.020807
0.0208157
0.0208165
0.020813
0.0208069
0.0207985
0.0207881
0.0207759
0.0207621
0.0207468
0.02073
0.020712
0.0206926
0.0206721
0.0206507
0.0206284
0.0206054
0.0205818
0.0205577
0.0205308
0.0205023
0.020475
0.0204491
0.0204246
0.0204019
0.0203884
0.0203902
0.0204062
0.0204354
0.0204763
0.020526
0.0205827
0.0206449
0.0207114
0.0207811
0.0208532
0.0210344
0.0207576
0.0208294
0.0208202
0.0208071
0.0208159
0.0208166
0.0208132
0.020807
0.0207986
0.0207882
0.020776
0.0207621
0.0207468
0.02073
0.0207119
0.0206926
0.0206721
0.0206506
0.0206283
0.0206053
0.0205817
0.0205576
0.0205307
0.0205022
0.0204749
0.020449
0.0204245
0.0204019
0.0203884
0.0203901
0.0204061
0.0204353
0.0204762
0.0205259
0.0205826
0.0206448
0.0207113
0.020781
0.0208531
0.0210344
0.0207577
0.0208295
0.0208203
0.0208072
0.0208159
0.0208166
0.0208132
0.020807
0.0207986
0.0207882
0.020776
0.0207621
0.0207467
0.02073
0.0207119
0.0206925
0.020672
0.0206506
0.0206283
0.0206052
0.0205817
0.0205575
0.0205307
0.0205022
0.0204749
0.020449
0.0204245
0.0204018
0.0203883
0.0203901
0.0204061
0.0204353
0.0204762
0.0205259
0.0205826
0.0206448
0.0207113
0.020781
0.0208531
0.0210344
0.0207577
0.0208295
0.0208203
0.0208072
0.0208159
0.0208166
0.0208131
0.0208069
0.0207985
0.0207881
0.0207759
0.020762
0.0207467
0.0207299
0.0207118
0.0206925
0.020672
0.0206506
0.0206282
0.0206052
0.0205816
0.0205575
0.0205306
0.0205021
0.0204749
0.020449
0.0204245
0.0204018
0.0203884
0.0203901
0.0204061
0.0204353
0.0204762
0.020526
0.0205827
0.0206449
0.0207113
0.0207811
0.0208532
0.0210344
0.0207576
0.0208294
0.0208202
0.0208071
0.0208158
0.0208164
0.020813
0.0208068
0.0207984
0.020788
0.0207758
0.0207619
0.0207466
0.0207299
0.0207118
0.0206925
0.020672
0.0206505
0.0206282
0.0206052
0.0205816
0.0205575
0.0205307
0.0205022
0.020475
0.0204491
0.0204246
0.0204019
0.0203885
0.0203902
0.0204063
0.0204355
0.0204764
0.0205261
0.0205829
0.0206451
0.0207115
0.0207813
0.0208534
0.0210347
0.0207575
0.0208292
0.02082
0.0208069
0.0208156
0.0208163
0.0208128
0.0208066
0.0207982
0.0207879
0.0207757
0.0207619
0.0207465
0.0207298
0.0207117
0.0206924
0.0206719
0.0206505
0.0206282
0.0206052
0.0205816
0.0205575
0.0205307
0.0205023
0.0204751
0.0204491
0.0204247
0.020402
0.0203886
0.0203904
0.0204064
0.0204357
0.0204766
0.0205264
0.0205831
0.0206453
0.0207118
0.0207816
0.0208538
0.0210351
0.0207573
0.020829
0.0208198
0.0208067
0.0208154
0.0208161
0.0208127
0.0208065
0.0207981
0.0207878
0.0207756
0.0207618
0.0207465
0.0207298
0.0207117
0.0206923
0.0206719
0.0206504
0.0206281
0.0206051
0.0205816
0.0205575
0.0205308
0.0205023
0.0204751
0.0204492
0.0204247
0.0204021
0.0203886
0.0203905
0.0204065
0.0204358
0.0204767
0.0205265
0.0205832
0.0206455
0.020712
0.0207818
0.020854
0.0210353
0.0207571
0.0208288
0.0208196
0.0208065
0.0208153
0.0208161
0.0208126
0.0208065
0.0207981
0.0207878
0.0207756
0.0207618
0.0207465
0.0207298
0.0207117
0.0206923
0.0206719
0.0206505
0.0206282
0.0206052
0.0205817
0.0205577
0.0205309
0.0205025
0.0204752
0.0204493
0.0204248
0.0204022
0.0203888
0.0203907
0.0204067
0.020436
0.0204769
0.0205266
0.0205834
0.0206456
0.0207122
0.020782
0.0208542
0.0210355
0.0207569
0.0208287
0.0208195
0.0208065
0.0208153
0.0208161
0.0208127
0.0208065
0.0207982
0.0207879
0.0207757
0.0207619
0.0207466
0.0207298
0.0207118
0.0206925
0.0206721
0.0206507
0.0206284
0.0206055
0.020582
0.020558
0.0205312
0.0205028
0.0204756
0.0204496
0.0204252
0.0204026
0.0203892
0.020391
0.0204071
0.0204363
0.0204771
0.0205269
0.0205837
0.0206459
0.0207125
0.0207822
0.0208545
0.0210358
0.0207568
0.0208286
0.0208194
0.0208065
0.0208153
0.0208161
0.0208127
0.0208066
0.0207982
0.020788
0.0207758
0.020762
0.0207467
0.02073
0.020712
0.0206927
0.0206723
0.0206509
0.0206287
0.0206058
0.0205823
0.0205583
0.0205315
0.0205031
0.0204759
0.02045
0.0204255
0.020403
0.0203896
0.0203914
0.0204074
0.0204366
0.0204775
0.0205272
0.020584
0.0206463
0.0207128
0.0207826
0.0208548
0.021036
0.0207567
0.0208285
0.0208194
0.0208064
0.0208153
0.0208161
0.0208127
0.0208065
0.0207982
0.020788
0.0207759
0.0207621
0.0207468
0.0207301
0.020712
0.0206928
0.0206724
0.020651
0.0206288
0.0206059
0.0205824
0.0205584
0.0205316
0.0205032
0.020476
0.0204502
0.0204258
0.0204032
0.0203898
0.0203916
0.0204077
0.0204369
0.0204778
0.0205276
0.0205844
0.0206467
0.0207133
0.0207831
0.0208552
0.0210365
0.0207565
0.0208283
0.0208192
0.0208062
0.0208151
0.0208159
0.0208125
0.0208064
0.0207981
0.0207879
0.0207758
0.020762
0.0207467
0.02073
0.020712
0.0206928
0.0206724
0.0206511
0.0206289
0.0206059
0.0205825
0.0205585
0.0205318
0.0205034
0.0204763
0.0204505
0.0204261
0.0204036
0.0203902
0.0203921
0.0204081
0.0204374
0.0204784
0.0205283
0.0205852
0.0206476
0.0207141
0.0207839
0.0208562
0.0210375
0.0207562
0.020828
0.0208188
0.0208059
0.0208148
0.0208156
0.0208122
0.0208061
0.0207979
0.0207877
0.0207756
0.0207618
0.0207465
0.0207299
0.0207119
0.0206927
0.0206724
0.0206511
0.0206289
0.0206061
0.0205826
0.0205587
0.0205321
0.0205038
0.0204767
0.0204509
0.0204265
0.020404
0.0203907
0.0203926
0.0204087
0.0204381
0.0204792
0.0205291
0.020586
0.0206484
0.020715
0.0207848
0.020857
0.0210385
0.0207557
0.0208275
0.0208183
0.0208053
0.0208142
0.0208151
0.0208118
0.0208057
0.0207975
0.0207872
0.0207752
0.0207614
0.0207461
0.0207295
0.0207117
0.0206926
0.0206723
0.020651
0.0206289
0.020606
0.0205826
0.0205587
0.0205321
0.0205039
0.0204768
0.020451
0.0204266
0.0204041
0.0203907
0.0203927
0.0204088
0.0204382
0.0204792
0.0205291
0.0205859
0.0206483
0.0207149
0.0207846
0.0208569
0.0210383
0.0207549
0.0208267
0.0208175
0.0208046
0.0208135
0.0208145
0.0208111
0.0208051
0.0207967
0.0207865
0.0207744
0.0207606
0.0207455
0.020729
0.0207112
0.0206921
0.0206718
0.0206505
0.0206284
0.0206055
0.0205821
0.0205583
0.0205317
0.0205034
0.0204763
0.0204504
0.0204259
0.0204033
0.02039
0.0203919
0.020408
0.0204373
0.0204783
0.0205281
0.0205848
0.0206471
0.0207136
0.0207834
0.0208556
0.0210369
0.0207538
0.0208256
0.0208164
0.0208036
0.0208125
0.0208135
0.0208101
0.020804
0.0207956
0.0207852
0.0207732
0.0207595
0.0207444
0.020728
0.0207101
0.020691
0.0206707
0.0206494
0.0206272
0.0206043
0.0205809
0.020557
0.0205304
0.020502
0.0204748
0.0204489
0.0204244
0.0204018
0.0203885
0.0203905
0.0204066
0.0204358
0.0204767
0.0205264
0.0205831
0.0206454
0.020712
0.0207817
0.0208539
0.0210351
0.0207523
0.0208241
0.0208149
0.020802
0.020811
0.0208119
0.0208085
0.0208023
0.0207939
0.0207836
0.0207715
0.0207579
0.0207428
0.0207262
0.0207083
0.0206891
0.0206687
0.0206473
0.0206251
0.0206023
0.0205789
0.020555
0.0205283
0.0205
0.0204728
0.0204469
0.0204225
0.0204
0.0203868
0.0203888
0.0204048
0.020434
0.020475
0.0205248
0.0205816
0.0206439
0.0207105
0.0207802
0.0208524
0.0210337
0.02075
0.0208219
0.0208126
0.0207997
0.0208086
0.0208095
0.020806
0.0207998
0.0207914
0.0207811
0.020769
0.0207553
0.02074
0.0207234
0.0207054
0.0206862
0.0206658
0.0206445
0.0206224
0.0205996
0.0205762
0.0205523
0.0205257
0.0204974
0.0204702
0.0204444
0.0204201
0.0203977
0.0203844
0.0203863
0.0204024
0.0204316
0.0204726
0.0205224
0.0205791
0.0206414
0.0207079
0.0207777
0.0208499
0.0210312
0.0207468
0.0208187
0.0208093
0.0207963
0.0208051
0.0208059
0.0208024
0.0207962
0.0207877
0.0207773
0.0207651
0.0207512
0.0207359
0.0207192
0.0207012
0.020682
0.0206617
0.0206405
0.0206183
0.0205955
0.0205721
0.0205482
0.0205215
0.0204933
0.0204662
0.0204403
0.020416
0.0203935
0.0203802
0.0203821
0.0203981
0.0204273
0.0204682
0.0205179
0.0205745
0.0206367
0.0207032
0.020773
0.0208451
0.0210262
0.0207423
0.0208142
0.0208045
0.0207914
0.0208001
0.0208008
0.0207972
0.0207909
0.0207824
0.0207719
0.0207595
0.0207455
0.0207301
0.0207133
0.0206953
0.0206761
0.0206558
0.0206345
0.0206122
0.0205893
0.0205658
0.0205419
0.0205152
0.020487
0.0204599
0.020434
0.0204096
0.0203872
0.0203739
0.0203757
0.0203918
0.0204209
0.0204618
0.0205115
0.0205682
0.0206305
0.020697
0.0207666
0.0208386
0.0210196
0.0207363
0.020808
0.0207979
0.0207845
0.020793
0.0207935
0.0207898
0.0207833
0.0207747
0.020764
0.0207514
0.0207372
0.0207216
0.0207047
0.0206866
0.0206673
0.0206468
0.0206252
0.0206028
0.0205798
0.0205562
0.0205323
0.0205056
0.0204772
0.0204499
0.020424
0.0203995
0.0203769
0.0203634
0.0203651
0.0203809
0.02041
0.0204507
0.0205003
0.0205569
0.0206191
0.0206853
0.0207547
0.0208266
0.0210075
0.0207284
0.0207999
0.0207891
0.0207752
0.0207832
0.0207832
0.0207791
0.0207723
0.0207632
0.020752
0.020739
0.0207245
0.0207086
0.0206915
0.0206731
0.0206534
0.0206325
0.0206107
0.0205881
0.0205648
0.020541
0.0205168
0.0204898
0.0204612
0.0204338
0.0204076
0.0203829
0.02036
0.0203463
0.0203477
0.0203633
0.0203921
0.0204325
0.0204818
0.020538
0.0205996
0.0206654
0.0207345
0.0208062
0.0209867
0.0207189
0.0207895
0.0207774
0.0207625
0.0207695
0.0207688
0.0207639
0.0207562
0.0207463
0.0207344
0.0207208
0.0207057
0.0206893
0.0206716
0.0206526
0.0206323
0.020611
0.0205889
0.020566
0.0205424
0.0205184
0.020494
0.0204669
0.0204382
0.0204107
0.0203844
0.0203595
0.0203365
0.0203226
0.020324
0.0203395
0.0203679
0.0204079
0.0204568
0.0205126
0.0205738
0.0206394
0.0207082
0.0207795
0.0209595
0.0207142
0.0207756
0.0207691
0.0207524
0.0207579
0.0207556
0.0207493
0.0207403
0.0207292
0.0207161
0.0207015
0.0206853
0.0206679
0.0206492
0.0206292
0.0206081
0.020586
0.0205631
0.0205394
0.020515
0.0204903
0.0204653
0.0204376
0.020408
0.0203794
0.0203521
0.0203263
0.0203026
0.0202868
0.0202862
0.0202998
0.0203264
0.0203652
0.0204131
0.020468
0.0205285
0.0205934
0.0206615
0.0207321
0.020913
0.0205577
0.0205451
0.0205538
0.0205267
0.0205361
0.0205411
0.0205436
0.0205446
0.0205443
0.0205429
0.0205404
0.0205369
0.0205322
0.0205266
0.0205199
0.0205124
0.0205039
0.0204946
0.0204846
0.0204737
0.0204622
0.0204501
0.0204363
0.0204203
0.0204048
0.0203902
0.0203766
0.0203641
0.0203582
0.0203656
0.0203864
0.0204192
0.0204631
0.0205154
0.0205742
0.0206379
0.0207053
0.0207753
0.0208478
0.0212123
0.0205526
0.0205434
0.0205477
0.0205205
0.0205298
0.0205347
0.0205372
0.0205381
0.0205379
0.0205365
0.0205341
0.0205305
0.0205259
0.0205203
0.0205138
0.0205063
0.020498
0.0204889
0.0204789
0.0204682
0.0204568
0.0204448
0.0204312
0.0204154
0.0204004
0.0203862
0.0203729
0.0203609
0.0203565
0.0203654
0.0203874
0.0204215
0.0204662
0.0205191
0.0205784
0.0206424
0.0207101
0.0207803
0.0208529
0.0212137
0.0205557
0.0205463
0.0205505
0.0205233
0.0205325
0.0205373
0.0205397
0.0205406
0.0205403
0.0205389
0.0205363
0.0205328
0.0205281
0.0205225
0.0205159
0.0205085
0.0205001
0.020491
0.020481
0.0204703
0.0204589
0.0204468
0.0204332
0.0204174
0.0204024
0.0203882
0.0203749
0.0203628
0.0203584
0.0203674
0.0203895
0.0204237
0.0204685
0.0205215
0.0205809
0.020645
0.0207127
0.020783
0.0208556
0.0212165
0.0205584
0.020549
0.0205531
0.0205259
0.0205351
0.0205398
0.0205422
0.0205431
0.0205427
0.0205413
0.0205387
0.0205351
0.0205304
0.0205248
0.0205182
0.0205107
0.0205024
0.0204932
0.0204832
0.0204724
0.020461
0.0204489
0.0204353
0.0204195
0.0204044
0.0203902
0.0203769
0.0203648
0.0203604
0.0203694
0.0203915
0.0204257
0.0204705
0.0205236
0.0205829
0.0206471
0.0207148
0.0207851
0.0208577
0.0212186
0.0205604
0.020551
0.0205552
0.020528
0.0205372
0.0205419
0.0205443
0.0205451
0.0205448
0.0205432
0.0205406
0.020537
0.0205323
0.0205267
0.0205201
0.0205127
0.0205043
0.0204951
0.020485
0.0204743
0.0204628
0.0204507
0.0204371
0.0204213
0.0204062
0.020392
0.0203787
0.0203666
0.0203622
0.0203712
0.0203933
0.0204274
0.0204723
0.0205254
0.0205848
0.0206489
0.0207166
0.0207869
0.0208596
0.0212205
0.0205619
0.0205525
0.0205567
0.0205296
0.0205387
0.0205435
0.0205459
0.0205467
0.0205463
0.0205448
0.0205422
0.0205385
0.0205339
0.0205282
0.0205217
0.0205142
0.0205058
0.0204966
0.0204866
0.0204758
0.0204643
0.0204522
0.0204385
0.0204227
0.0204077
0.0203934
0.0203801
0.020368
0.0203636
0.0203726
0.0203947
0.0204289
0.0204738
0.0205269
0.0205862
0.0206504
0.0207181
0.0207884
0.0208611
0.0212221
0.020563
0.0205536
0.0205579
0.0205307
0.0205399
0.0205447
0.020547
0.0205479
0.0205475
0.0205459
0.0205433
0.0205397
0.020535
0.0205294
0.0205228
0.0205154
0.020507
0.0204977
0.0204877
0.0204769
0.0204654
0.0204533
0.0204396
0.0204239
0.0204088
0.0203945
0.0203812
0.0203691
0.0203647
0.0203737
0.0203958
0.02043
0.0204748
0.0205279
0.0205873
0.0206515
0.0207192
0.0207895
0.0208622
0.0212232
0.0205637
0.0205544
0.0205586
0.0205314
0.0205406
0.0205454
0.0205478
0.0205487
0.0205483
0.0205467
0.0205441
0.0205405
0.0205358
0.0205302
0.0205237
0.0205162
0.0205078
0.0204986
0.0204885
0.0204777
0.0204662
0.0204541
0.0204404
0.0204246
0.0204096
0.0203953
0.0203819
0.0203698
0.0203654
0.0203744
0.0203965
0.0204306
0.0204755
0.0205286
0.0205879
0.0206521
0.0207198
0.0207901
0.0208628
0.0212239
0.0205642
0.0205548
0.020559
0.0205319
0.0205411
0.0205459
0.0205483
0.0205492
0.0205488
0.0205473
0.0205447
0.020541
0.0205364
0.0205308
0.0205242
0.0205167
0.0205083
0.0204991
0.020489
0.0204782
0.0204667
0.0204546
0.0204409
0.0204251
0.02041
0.0203957
0.0203824
0.0203702
0.0203658
0.0203748
0.0203969
0.020431
0.0204759
0.0205289
0.0205883
0.0206524
0.0207202
0.0207905
0.0208632
0.0212242
0.0205644
0.020555
0.0205592
0.0205321
0.0205413
0.0205462
0.0205486
0.0205495
0.0205491
0.0205476
0.020545
0.0205413
0.0205367
0.020531
0.0205245
0.020517
0.0205086
0.0204993
0.0204893
0.0204784
0.0204669
0.0204548
0.0204412
0.0204253
0.0204102
0.020396
0.0203826
0.0203704
0.020366
0.020375
0.020397
0.0204312
0.020476
0.0205291
0.0205884
0.0206526
0.0207203
0.0207906
0.0208633
0.0212244
0.0205645
0.0205551
0.0205593
0.0205322
0.0205414
0.0205463
0.0205487
0.0205496
0.0205493
0.0205477
0.0205451
0.0205414
0.0205367
0.0205311
0.0205246
0.0205171
0.0205087
0.0204994
0.0204893
0.0204785
0.020467
0.0204548
0.0204412
0.0204253
0.0204102
0.0203959
0.0203825
0.0203704
0.0203659
0.0203749
0.0203969
0.0204311
0.020476
0.020529
0.0205884
0.0206525
0.0207203
0.0207905
0.0208632
0.0212243
0.0205645
0.0205551
0.0205593
0.0205322
0.0205414
0.0205463
0.0205488
0.0205497
0.0205493
0.0205477
0.020545
0.0205413
0.0205367
0.0205311
0.0205245
0.020517
0.0205086
0.0204993
0.0204892
0.0204784
0.0204668
0.0204547
0.020441
0.0204252
0.0204101
0.0203958
0.0203824
0.0203702
0.0203658
0.0203747
0.0203967
0.0204309
0.0204757
0.0205288
0.0205881
0.0206523
0.02072
0.0207903
0.020863
0.021224
0.0205645
0.0205551
0.0205593
0.0205322
0.0205415
0.0205463
0.0205488
0.0205497
0.0205493
0.0205477
0.020545
0.0205413
0.0205366
0.020531
0.0205244
0.0205169
0.0205085
0.0204992
0.0204891
0.0204783
0.0204667
0.0204546
0.0204409
0.0204251
0.0204099
0.0203956
0.0203822
0.02037
0.0203656
0.0203745
0.0203965
0.0204307
0.0204755
0.0205286
0.0205879
0.0206521
0.0207198
0.02079
0.0208627
0.0212238
0.0205646
0.0205551
0.0205594
0.0205322
0.0205415
0.0205464
0.0205489
0.0205497
0.0205493
0.0205477
0.020545
0.0205413
0.0205366
0.020531
0.0205245
0.020517
0.0205085
0.0204992
0.0204891
0.0204783
0.0204668
0.0204546
0.0204409
0.020425
0.0204099
0.0203956
0.0203822
0.02037
0.0203655
0.0203745
0.0203965
0.0204306
0.0204755
0.0205285
0.0205878
0.0206519
0.0207197
0.0207899
0.0208626
0.0212236
0.0205647
0.0205552
0.0205595
0.0205324
0.0205417
0.0205466
0.020549
0.0205499
0.0205495
0.0205479
0.0205452
0.0205415
0.0205368
0.0205312
0.0205246
0.0205171
0.0205086
0.0204993
0.0204892
0.0204783
0.0204668
0.0204546
0.0204409
0.020425
0.0204098
0.0203955
0.0203821
0.0203699
0.0203654
0.0203744
0.0203964
0.0204306
0.0204754
0.0205284
0.0205877
0.0206519
0.0207196
0.0207899
0.0208625
0.0212236
0.0205648
0.0205554
0.0205597
0.0205326
0.0205419
0.0205468
0.0205493
0.0205501
0.0205497
0.0205481
0.0205454
0.0205416
0.0205369
0.0205313
0.0205247
0.0205172
0.0205087
0.0204994
0.0204892
0.0204784
0.0204668
0.0204546
0.0204408
0.0204249
0.0204098
0.0203954
0.020382
0.0203698
0.0203653
0.0203743
0.0203963
0.0204305
0.0204753
0.0205283
0.0205876
0.0206517
0.0207195
0.0207898
0.0208624
0.0212235
0.020565
0.0205556
0.0205599
0.0205328
0.0205422
0.020547
0.0205495
0.0205503
0.0205499
0.0205482
0.0205455
0.0205417
0.020537
0.0205314
0.0205248
0.0205172
0.0205087
0.0204993
0.0204892
0.0204783
0.0204667
0.0204545
0.0204407
0.0204248
0.0204096
0.0203953
0.0203819
0.0203697
0.0203652
0.0203742
0.0203962
0.0204304
0.0204752
0.0205282
0.0205875
0.0206516
0.0207194
0.0207896
0.0208623
0.0212234
0.0205651
0.0205558
0.0205601
0.020533
0.0205423
0.0205471
0.0205496
0.0205504
0.0205499
0.0205483
0.0205455
0.0205418
0.0205371
0.0205314
0.0205247
0.0205171
0.0205086
0.0204993
0.0204891
0.0204782
0.0204666
0.0204544
0.0204406
0.0204247
0.0204095
0.0203952
0.0203818
0.0203696
0.0203651
0.0203741
0.0203961
0.0204303
0.0204751
0.0205281
0.0205874
0.0206516
0.0207193
0.0207896
0.0208622
0.0212233
0.0205652
0.0205558
0.0205602
0.0205331
0.0205424
0.0205472
0.0205496
0.0205504
0.0205499
0.0205483
0.0205455
0.0205417
0.020537
0.0205313
0.0205247
0.0205171
0.0205086
0.0204992
0.0204891
0.0204782
0.0204666
0.0204543
0.0204405
0.0204246
0.0204095
0.0203952
0.0203818
0.0203696
0.0203651
0.0203741
0.0203961
0.0204302
0.0204751
0.0205281
0.0205874
0.0206516
0.0207193
0.0207896
0.0208622
0.0212233
0.0205652
0.0205558
0.0205601
0.0205331
0.0205423
0.0205471
0.0205495
0.0205503
0.0205499
0.0205482
0.0205454
0.0205417
0.0205369
0.0205313
0.0205246
0.0205171
0.0205086
0.0204992
0.020489
0.0204781
0.0204665
0.0204543
0.0204405
0.0204246
0.0204095
0.0203952
0.0203818
0.0203696
0.0203651
0.0203741
0.0203961
0.0204303
0.0204751
0.0205281
0.0205875
0.0206516
0.0207194
0.0207896
0.0208623
0.0212234
0.0205651
0.0205557
0.02056
0.0205329
0.0205422
0.020547
0.0205494
0.0205502
0.0205497
0.0205481
0.0205453
0.0205416
0.0205369
0.0205312
0.0205246
0.020517
0.0205085
0.0204992
0.020489
0.0204781
0.0204665
0.0204543
0.0204405
0.0204247
0.0204096
0.0203953
0.0203819
0.0203697
0.0203652
0.0203742
0.0203963
0.0204304
0.0204753
0.0205283
0.0205877
0.0206518
0.0207196
0.0207898
0.0208625
0.0212236
0.0205649
0.0205556
0.0205599
0.0205327
0.020542
0.0205468
0.0205492
0.02055
0.0205496
0.020548
0.0205453
0.0205415
0.0205368
0.0205312
0.0205246
0.020517
0.0205085
0.0204991
0.020489
0.0204781
0.0204665
0.0204543
0.0204406
0.0204248
0.0204097
0.0203954
0.020382
0.0203698
0.0203653
0.0203743
0.0203964
0.0204306
0.0204755
0.0205285
0.0205879
0.0206521
0.0207198
0.0207901
0.0208629
0.021224
0.0205648
0.0205554
0.0205597
0.0205326
0.0205418
0.0205467
0.0205491
0.0205499
0.0205495
0.0205479
0.0205452
0.0205415
0.0205368
0.0205311
0.0205245
0.0205169
0.0205084
0.0204991
0.0204889
0.020478
0.0204665
0.0204543
0.0204406
0.0204248
0.0204097
0.0203954
0.020382
0.0203698
0.0203654
0.0203744
0.0203965
0.0204307
0.0204756
0.0205286
0.020588
0.0206522
0.02072
0.0207903
0.0208631
0.0212242
0.0205646
0.0205552
0.0205595
0.0205324
0.0205418
0.0205466
0.020549
0.0205499
0.0205495
0.0205479
0.0205452
0.0205415
0.0205368
0.0205311
0.0205245
0.0205169
0.0205084
0.0204991
0.020489
0.0204781
0.0204666
0.0204545
0.0204408
0.0204249
0.0204098
0.0203955
0.0203821
0.02037
0.0203656
0.0203746
0.0203967
0.0204309
0.0204757
0.0205288
0.0205882
0.0206524
0.0207202
0.0207905
0.0208633
0.0212244
0.0205644
0.0205551
0.0205594
0.0205324
0.0205417
0.0205466
0.0205491
0.02055
0.0205496
0.020548
0.0205453
0.0205416
0.0205369
0.0205312
0.0205246
0.0205171
0.0205086
0.0204994
0.0204893
0.0204784
0.0204669
0.0204548
0.0204411
0.0204253
0.0204102
0.0203959
0.0203825
0.0203703
0.0203659
0.020375
0.0203971
0.0204312
0.020476
0.0205291
0.0205885
0.0206527
0.0207205
0.0207908
0.0208636
0.0212247
0.0205643
0.020555
0.0205593
0.0205324
0.0205418
0.0205467
0.0205491
0.02055
0.0205497
0.0205481
0.0205454
0.0205417
0.020537
0.0205314
0.0205248
0.0205173
0.0205089
0.0204996
0.0204895
0.0204787
0.0204672
0.0204551
0.0204414
0.0204256
0.0204105
0.0203962
0.0203828
0.0203707
0.0203663
0.0203754
0.0203974
0.0204315
0.0204764
0.0205294
0.0205888
0.020653
0.0207208
0.0207911
0.0208639
0.021225
0.0205642
0.0205549
0.0205593
0.0205323
0.0205417
0.0205466
0.0205491
0.02055
0.0205496
0.0205481
0.0205455
0.0205417
0.0205371
0.0205314
0.0205249
0.0205174
0.020509
0.0204997
0.0204896
0.0204788
0.0204673
0.0204552
0.0204415
0.0204257
0.0204107
0.0203964
0.020383
0.020371
0.0203666
0.0203756
0.0203977
0.0204318
0.0204767
0.0205298
0.0205892
0.0206535
0.0207213
0.0207916
0.0208643
0.0212255
0.020564
0.0205547
0.0205591
0.0205321
0.0205415
0.0205465
0.0205489
0.0205499
0.0205495
0.020548
0.0205454
0.0205417
0.020537
0.0205314
0.0205248
0.0205174
0.020509
0.0204997
0.0204897
0.0204789
0.0204674
0.0204553
0.0204417
0.0204259
0.0204109
0.0203967
0.0203834
0.0203713
0.020367
0.0203761
0.0203982
0.0204324
0.0204773
0.0205305
0.02059
0.0206543
0.0207222
0.0207925
0.0208652
0.0212264
0.0205637
0.0205544
0.0205587
0.0205318
0.0205412
0.0205461
0.0205486
0.0205496
0.0205493
0.0205478
0.0205452
0.0205415
0.0205368
0.0205313
0.0205248
0.0205173
0.020509
0.0204998
0.0204898
0.020479
0.0204676
0.0204555
0.0204419
0.0204263
0.0204113
0.0203971
0.0203838
0.0203718
0.0203674
0.0203766
0.0203987
0.020433
0.020478
0.0205312
0.0205907
0.0206551
0.020723
0.0207933
0.0208661
0.0212274
0.0205632
0.0205538
0.0205582
0.0205313
0.0205407
0.0205457
0.0205482
0.0205492
0.0205489
0.0205474
0.0205448
0.0205411
0.0205365
0.020531
0.0205245
0.0205172
0.0205089
0.0204997
0.0204897
0.0204789
0.0204675
0.0204556
0.020442
0.0204264
0.0204114
0.0203972
0.0203839
0.0203718
0.0203675
0.0203766
0.0203988
0.0204331
0.0204781
0.0205313
0.0205907
0.020655
0.0207229
0.0207932
0.020866
0.0212273
0.0205624
0.0205531
0.0205574
0.0205305
0.02054
0.020545
0.0205476
0.0205485
0.0205482
0.0205466
0.020544
0.0205403
0.0205358
0.0205304
0.020524
0.0205167
0.0205084
0.0204992
0.0204892
0.0204784
0.0204671
0.0204551
0.0204416
0.0204259
0.0204109
0.0203966
0.0203832
0.0203711
0.0203667
0.0203759
0.020398
0.0204323
0.0204772
0.0205302
0.0205896
0.0206538
0.0207216
0.020792
0.0208647
0.0212259
0.0205613
0.020552
0.0205564
0.0205295
0.020539
0.020544
0.0205465
0.0205474
0.020547
0.0205454
0.0205428
0.0205392
0.0205348
0.0205294
0.020523
0.0205156
0.0205073
0.020498
0.020488
0.0204772
0.0204658
0.0204538
0.0204403
0.0204245
0.0204094
0.0203951
0.0203817
0.0203696
0.0203653
0.0203745
0.0203966
0.0204307
0.0204756
0.0205286
0.020588
0.0206522
0.02072
0.0207903
0.020863
0.0212241
0.0205598
0.0205505
0.0205548
0.0205279
0.0205375
0.0205424
0.0205449
0.0205457
0.0205453
0.0205437
0.0205411
0.0205376
0.0205331
0.0205276
0.0205212
0.0205137
0.0205053
0.020496
0.020486
0.0204752
0.0204638
0.0204518
0.0204382
0.0204225
0.0204074
0.0203931
0.0203798
0.0203678
0.0203635
0.0203727
0.0203948
0.020429
0.0204739
0.020527
0.0205864
0.0206506
0.0207185
0.0207888
0.0208615
0.0212226
0.0205575
0.0205482
0.0205525
0.0205256
0.0205351
0.02054
0.0205424
0.0205432
0.0205428
0.0205412
0.0205386
0.0205349
0.0205303
0.0205248
0.0205182
0.0205108
0.0205024
0.0204932
0.0204832
0.0204725
0.0204611
0.0204491
0.0204356
0.0204199
0.0204049
0.0203907
0.0203774
0.0203654
0.0203611
0.0203703
0.0203924
0.0204265
0.0204714
0.0205245
0.0205839
0.0206481
0.0207159
0.0207862
0.0208589
0.02122
0.0205542
0.0205449
0.0205491
0.0205221
0.0205315
0.0205364
0.0205388
0.0205396
0.0205391
0.0205374
0.0205346
0.0205308
0.0205261
0.0205205
0.020514
0.0205066
0.0204983
0.0204891
0.0204791
0.0204684
0.020457
0.020445
0.0204314
0.0204158
0.0204008
0.0203866
0.0203732
0.0203612
0.0203569
0.020366
0.0203881
0.0204222
0.020467
0.02052
0.0205793
0.0206434
0.0207112
0.0207815
0.0208541
0.021215
0.0205496
0.0205402
0.0205443
0.0205171
0.0205264
0.0205312
0.0205335
0.0205343
0.0205337
0.0205319
0.020529
0.0205251
0.0205203
0.0205147
0.0205081
0.0205007
0.0204923
0.0204831
0.020473
0.0204622
0.0204507
0.0204387
0.0204251
0.0204095
0.0203945
0.0203802
0.0203669
0.0203549
0.0203506
0.0203597
0.0203817
0.0204158
0.0204606
0.0205136
0.0205729
0.0206371
0.0207049
0.0207751
0.0208476
0.0212084
0.0205434
0.0205339
0.0205376
0.0205102
0.0205192
0.0205238
0.020526
0.0205266
0.0205258
0.0205239
0.0205208
0.0205167
0.0205117
0.0205059
0.0204993
0.0204917
0.0204832
0.0204738
0.0204636
0.0204526
0.0204411
0.0204291
0.0204154
0.0203996
0.0203845
0.0203702
0.0203567
0.0203445
0.0203401
0.020349
0.0203709
0.0204048
0.0204495
0.0205024
0.0205616
0.0206257
0.0206932
0.0207632
0.0208356
0.0211961
0.0205353
0.0205255
0.0205286
0.0205007
0.0205092
0.0205134
0.0205152
0.0205153
0.0205141
0.0205117
0.0205082
0.0205038
0.0204986
0.0204926
0.0204856
0.0204777
0.0204689
0.0204592
0.0204488
0.0204376
0.0204259
0.0204137
0.0203997
0.0203837
0.0203684
0.0203538
0.0203401
0.0203277
0.020323
0.0203316
0.0203533
0.0203869
0.0204313
0.0204839
0.0205427
0.0206062
0.0206734
0.0207431
0.0208152
0.0211752
0.0205254
0.0205146
0.0205165
0.0204876
0.0204952
0.0204986
0.0204995
0.0204989
0.020497
0.0204938
0.0204897
0.0204848
0.020479
0.0204724
0.0204649
0.0204565
0.0204472
0.0204372
0.0204265
0.0204152
0.0204032
0.0203908
0.0203767
0.0203606
0.0203452
0.0203305
0.0203166
0.020304
0.0202992
0.0203078
0.0203292
0.0203626
0.0204066
0.0204588
0.0205172
0.0205804
0.0206472
0.0207166
0.0207884
0.0211477
0.0205172
0.0204995
0.0205032
0.0204724
0.0204785
0.0204805
0.0204802
0.0204783
0.0204753
0.0204712
0.0204662
0.0204604
0.0204539
0.0204465
0.0204382
0.0204292
0.0204194
0.0204089
0.0203976
0.0203858
0.0203734
0.0203606
0.020346
0.0203291
0.0203128
0.0202973
0.0202827
0.0202695
0.020263
0.0202698
0.0202895
0.0203213
0.0203641
0.0204153
0.0204729
0.0205354
0.0206016
0.0206703
0.0207414
0.0211034
0.0204382
0.0203845
0.0203993
0.0203635
0.020373
0.0203802
0.020386
0.020391
0.0203953
0.0203989
0.0204018
0.020404
0.0204054
0.0204062
0.0204062
0.0204055
0.020404
0.0204019
0.020399
0.0203953
0.020391
0.0203859
0.020381
0.0203739
0.0203669
0.0203603
0.0203542
0.0203489
0.020349
0.0203609
0.0203849
0.0204202
0.0204656
0.020519
0.0205785
0.0206424
0.0207096
0.020779
0.0208521
0.0215028
0.0204347
0.0203835
0.0203961
0.0203604
0.0203697
0.0203767
0.0203824
0.0203873
0.0203916
0.0203951
0.0203979
0.0204
0.0204014
0.0204021
0.0204021
0.0204014
0.0203999
0.0203977
0.0203948
0.0203911
0.0203868
0.0203818
0.020377
0.02037
0.0203633
0.020357
0.0203512
0.0203461
0.0203475
0.0203607
0.0203859
0.0204222
0.0204685
0.0205225
0.0205823
0.0206466
0.0207141
0.0207837
0.0208568
0.0215004
0.0204378
0.0203864
0.020399
0.0203632
0.0203724
0.0203793
0.020385
0.0203898
0.020394
0.0203974
0.0204002
0.0204023
0.0204036
0.0204043
0.0204043
0.0204035
0.020402
0.0203998
0.0203969
0.0203932
0.0203888
0.0203838
0.0203789
0.0203719
0.0203652
0.0203589
0.0203531
0.020348
0.0203495
0.0203627
0.020388
0.0204244
0.0204708
0.0205249
0.0205848
0.0206492
0.0207167
0.0207864
0.0208595
0.0215033
0.0204405
0.0203891
0.0204016
0.0203658
0.020375
0.0203819
0.0203875
0.0203923
0.0203964
0.0203998
0.0204026
0.0204046
0.0204059
0.0204066
0.0204065
0.0204058
0.0204043
0.020402
0.020399
0.0203953
0.0203909
0.0203859
0.020381
0.020374
0.0203673
0.020361
0.0203551
0.02035
0.0203515
0.0203647
0.02039
0.0204264
0.0204728
0.0205269
0.0205869
0.0206513
0.0207188
0.0207884
0.0208616
0.0215055
0.0204426
0.0203912
0.0204037
0.0203679
0.0203771
0.020384
0.0203896
0.0203944
0.0203984
0.0204018
0.0204045
0.0204066
0.0204079
0.0204085
0.0204085
0.0204077
0.0204062
0.0204039
0.0204009
0.0203972
0.0203928
0.0203877
0.0203828
0.0203758
0.0203691
0.0203627
0.0203569
0.0203518
0.0203532
0.0203665
0.0203917
0.0204282
0.0204746
0.0205287
0.0205887
0.0206531
0.0207206
0.0207903
0.0208635
0.0215074
0.0204442
0.0203928
0.0204053
0.0203695
0.0203787
0.0203856
0.0203912
0.020396
0.0204
0.0204034
0.0204061
0.0204081
0.0204094
0.0204101
0.02041
0.0204092
0.0204077
0.0204055
0.0204024
0.0203987
0.0203942
0.0203891
0.0203843
0.0203772
0.0203705
0.0203642
0.0203583
0.0203532
0.0203546
0.0203679
0.0203932
0.0204297
0.0204761
0.0205302
0.0205902
0.0206546
0.0207221
0.0207918
0.020865
0.021509
0.0204453
0.0203939
0.0204064
0.0203707
0.0203799
0.0203868
0.0203924
0.0203971
0.0204012
0.0204045
0.0204072
0.0204092
0.0204106
0.0204112
0.0204112
0.0204104
0.0204089
0.0204066
0.0204036
0.0203998
0.0203954
0.0203903
0.0203854
0.0203784
0.0203716
0.0203653
0.0203594
0.0203543
0.0203557
0.020369
0.0203942
0.0204307
0.0204771
0.0205312
0.0205912
0.0206556
0.0207232
0.0207929
0.0208661
0.0215101
0.020446
0.0203946
0.0204071
0.0203714
0.0203806
0.0203876
0.0203932
0.0203979
0.020402
0.0204054
0.020408
0.0204101
0.0204114
0.0204121
0.020412
0.0204112
0.0204097
0.0204074
0.0204044
0.0204006
0.0203962
0.0203911
0.0203862
0.0203792
0.0203724
0.0203661
0.0203602
0.020355
0.0203564
0.0203697
0.020395
0.0204314
0.0204778
0.0205319
0.0205919
0.0206563
0.0207238
0.0207935
0.0208667
0.0215108
0.0204465
0.0203951
0.0204076
0.0203719
0.0203811
0.020388
0.0203937
0.0203985
0.0204025
0.0204059
0.0204086
0.0204106
0.0204119
0.0204126
0.0204126
0.0204118
0.0204102
0.0204079
0.0204049
0.0204011
0.0203966
0.0203915
0.0203867
0.0203796
0.0203729
0.0203665
0.0203606
0.0203555
0.0203569
0.0203701
0.0203953
0.0204318
0.0204782
0.0205323
0.0205922
0.0206566
0.0207242
0.0207939
0.0208671
0.0215111
0.0204467
0.0203953
0.0204078
0.0203721
0.0203813
0.0203883
0.020394
0.0203988
0.0204028
0.0204062
0.0204089
0.0204109
0.0204122
0.0204129
0.0204128
0.0204121
0.0204105
0.0204082
0.0204051
0.0204014
0.0203969
0.0203918
0.0203869
0.0203799
0.0203731
0.0203667
0.0203608
0.0203557
0.020357
0.0203703
0.0203955
0.0204319
0.0204783
0.0205324
0.0205924
0.0206568
0.0207243
0.020794
0.0208672
0.0215113
0.0204468
0.0203954
0.0204079
0.0203722
0.0203814
0.0203884
0.0203941
0.0203989
0.020403
0.0204063
0.020409
0.020411
0.0204123
0.020413
0.0204129
0.0204121
0.0204106
0.0204082
0.0204052
0.0204014
0.0203969
0.0203918
0.0203869
0.0203798
0.0203731
0.0203667
0.0203608
0.0203556
0.020357
0.0203702
0.0203954
0.0204319
0.0204782
0.0205323
0.0205923
0.0206567
0.0207243
0.0207939
0.0208671
0.0215112
0.0204468
0.0203954
0.0204079
0.0203722
0.0203814
0.0203884
0.0203941
0.0203989
0.020403
0.0204063
0.020409
0.0204109
0.0204122
0.0204129
0.0204128
0.020412
0.0204105
0.0204081
0.0204051
0.0204013
0.0203968
0.0203917
0.0203867
0.0203797
0.0203729
0.0203665
0.0203606
0.0203555
0.0203568
0.02037
0.0203952
0.0204316
0.020478
0.0205321
0.0205921
0.0206565
0.020724
0.0207937
0.0208669
0.0215109
0.0204468
0.0203954
0.0204079
0.0203722
0.0203815
0.0203885
0.0203942
0.0203989
0.020403
0.0204063
0.0204089
0.0204109
0.0204122
0.0204128
0.0204128
0.020412
0.0204104
0.0204081
0.020405
0.0204012
0.0203967
0.0203915
0.0203866
0.0203796
0.0203728
0.0203664
0.0203604
0.0203553
0.0203566
0.0203698
0.020395
0.0204315
0.0204778
0.0205319
0.0205919
0.0206562
0.0207238
0.0207934
0.0208666
0.0215107
0.0204469
0.0203954
0.0204079
0.0203723
0.0203815
0.0203885
0.0203942
0.020399
0.020403
0.0204063
0.0204089
0.0204109
0.0204122
0.0204129
0.0204128
0.020412
0.0204104
0.0204081
0.020405
0.0204012
0.0203967
0.0203915
0.0203866
0.0203795
0.0203727
0.0203663
0.0203604
0.0203552
0.0203566
0.0203698
0.020395
0.0204314
0.0204778
0.0205318
0.0205918
0.0206561
0.0207236
0.0207933
0.0208665
0.0215106
0.020447
0.0203955
0.020408
0.0203724
0.0203817
0.0203887
0.0203944
0.0203992
0.0204032
0.0204065
0.0204091
0.020411
0.0204124
0.020413
0.0204129
0.0204121
0.0204105
0.0204082
0.0204051
0.0204013
0.0203967
0.0203916
0.0203866
0.0203795
0.0203727
0.0203663
0.0203604
0.0203552
0.0203565
0.0203697
0.0203949
0.0204314
0.0204777
0.0205318
0.0205917
0.020656
0.0207236
0.0207933
0.0208664
0.0215105
0.0204471
0.0203957
0.0204083
0.0203726
0.0203819
0.0203889
0.0203946
0.0203994
0.0204034
0.0204067
0.0204093
0.0204112
0.0204125
0.0204132
0.0204131
0.0204122
0.0204106
0.0204082
0.0204051
0.0204013
0.0203967
0.0203915
0.0203865
0.0203794
0.0203726
0.0203662
0.0203602
0.0203551
0.0203564
0.0203696
0.0203948
0.0204313
0.0204776
0.0205316
0.0205916
0.0206559
0.0207235
0.0207931
0.0208663
0.0215104
0.0204473
0.0203959
0.0204085
0.0203729
0.0203821
0.0203891
0.0203948
0.0203996
0.0204035
0.0204068
0.0204094
0.0204113
0.0204126
0.0204132
0.0204131
0.0204122
0.0204106
0.0204082
0.0204051
0.0204012
0.0203967
0.0203914
0.0203864
0.0203793
0.0203725
0.0203661
0.0203601
0.0203549
0.0203563
0.0203695
0.0203947
0.0204311
0.0204775
0.0205315
0.0205914
0.0206558
0.0207234
0.020793
0.0208662
0.0215103
0.0204474
0.0203961
0.0204086
0.020373
0.0203823
0.0203893
0.0203949
0.0203996
0.0204036
0.0204069
0.0204094
0.0204113
0.0204126
0.0204132
0.0204131
0.0204122
0.0204105
0.0204081
0.020405
0.0204011
0.0203966
0.0203913
0.0203863
0.0203792
0.0203724
0.020366
0.02036
0.0203549
0.0203562
0.0203694
0.0203946
0.0204311
0.0204774
0.0205314
0.0205914
0.0206558
0.0207233
0.020793
0.0208662
0.0215102
0.0204475
0.0203961
0.0204087
0.0203731
0.0203823
0.0203893
0.0203949
0.0203997
0.0204036
0.0204069
0.0204094
0.0204113
0.0204126
0.0204132
0.020413
0.0204121
0.0204105
0.0204081
0.0204049
0.0204011
0.0203965
0.0203913
0.0203862
0.0203791
0.0203723
0.0203659
0.02036
0.0203548
0.0203562
0.0203694
0.0203946
0.020431
0.0204774
0.0205314
0.0205914
0.0206558
0.0207233
0.020793
0.0208661
0.0215102
0.0204475
0.0203961
0.0204087
0.020373
0.0203823
0.0203892
0.0203948
0.0203996
0.0204035
0.0204068
0.0204093
0.0204112
0.0204125
0.0204131
0.020413
0.0204121
0.0204105
0.0204081
0.0204049
0.020401
0.0203964
0.0203912
0.0203862
0.0203791
0.0203723
0.020366
0.02036
0.0203548
0.0203562
0.0203694
0.0203946
0.0204311
0.0204774
0.0205315
0.0205914
0.0206558
0.0207234
0.020793
0.0208662
0.0215103
0.0204474
0.020396
0.0204086
0.0203729
0.0203822
0.0203891
0.0203947
0.0203995
0.0204034
0.0204067
0.0204092
0.0204112
0.0204124
0.0204131
0.0204129
0.0204121
0.0204104
0.020408
0.0204049
0.020401
0.0203965
0.0203913
0.0203863
0.0203792
0.0203724
0.020366
0.0203601
0.0203549
0.0203563
0.0203695
0.0203948
0.0204312
0.0204776
0.0205317
0.0205916
0.020656
0.0207236
0.0207933
0.0208664
0.0215105
0.0204472
0.0203959
0.0204084
0.0203727
0.020382
0.0203889
0.0203946
0.0203993
0.0204033
0.0204066
0.0204092
0.0204111
0.0204124
0.020413
0.0204129
0.020412
0.0204104
0.020408
0.0204049
0.020401
0.0203964
0.0203913
0.0203863
0.0203793
0.0203725
0.0203661
0.0203602
0.020355
0.0203564
0.0203696
0.0203949
0.0204314
0.0204778
0.0205319
0.0205918
0.0206562
0.0207238
0.0207935
0.0208667
0.0215109
0.0204471
0.0203957
0.0204082
0.0203726
0.0203818
0.0203888
0.0203944
0.0203992
0.0204032
0.0204065
0.0204091
0.020411
0.0204123
0.020413
0.0204128
0.020412
0.0204103
0.0204079
0.0204048
0.020401
0.0203964
0.0203913
0.0203863
0.0203793
0.0203725
0.0203662
0.0203602
0.0203551
0.0203564
0.0203697
0.020395
0.0204315
0.0204779
0.020532
0.020592
0.0206564
0.020724
0.0207937
0.020867
0.0215111
0.0204469
0.0203955
0.020408
0.0203724
0.0203817
0.0203887
0.0203944
0.0203992
0.0204032
0.0204065
0.0204091
0.0204111
0.0204124
0.020413
0.0204128
0.020412
0.0204104
0.020408
0.0204049
0.020401
0.0203965
0.0203914
0.0203865
0.0203795
0.0203727
0.0203663
0.0203604
0.0203552
0.0203566
0.0203699
0.0203952
0.0204317
0.0204781
0.0205321
0.0205921
0.0206566
0.0207242
0.0207939
0.0208672
0.0215113
0.0204467
0.0203954
0.020408
0.0203724
0.0203817
0.0203888
0.0203944
0.0203992
0.0204033
0.0204066
0.0204092
0.0204112
0.0204124
0.0204131
0.020413
0.0204121
0.0204106
0.0204082
0.0204051
0.0204013
0.0203969
0.0203917
0.0203868
0.0203798
0.020373
0.0203666
0.0203607
0.0203556
0.020357
0.0203703
0.0203956
0.020432
0.0204784
0.0205325
0.0205924
0.0206569
0.0207245
0.0207942
0.0208675
0.0215116
0.0204466
0.0203953
0.0204079
0.0203724
0.0203818
0.0203888
0.0203945
0.0203993
0.0204034
0.0204067
0.0204093
0.0204113
0.0204126
0.0204132
0.0204131
0.0204123
0.0204108
0.0204085
0.0204054
0.0204016
0.0203972
0.0203921
0.0203871
0.0203801
0.0203734
0.020367
0.0203611
0.020356
0.0203574
0.0203707
0.0203959
0.0204323
0.0204787
0.0205328
0.0205928
0.0206572
0.0207248
0.0207945
0.0208678
0.0215119
0.0204465
0.0203952
0.0204078
0.0203723
0.0203817
0.0203888
0.0203945
0.0203993
0.0204034
0.0204067
0.0204094
0.0204113
0.0204126
0.0204133
0.0204132
0.0204124
0.0204109
0.0204086
0.0204055
0.0204017
0.0203973
0.0203922
0.0203873
0.0203803
0.0203735
0.0203672
0.0203613
0.0203562
0.0203576
0.0203709
0.0203962
0.0204326
0.020479
0.0205331
0.0205932
0.0206576
0.0207253
0.020795
0.0208683
0.0215124
0.0204463
0.020395
0.0204077
0.0203722
0.0203815
0.0203886
0.0203943
0.0203991
0.0204033
0.0204066
0.0204093
0.0204113
0.0204126
0.0204132
0.0204132
0.0204124
0.0204109
0.0204086
0.0204056
0.0204018
0.0203973
0.0203923
0.0203874
0.0203805
0.0203738
0.0203675
0.0203616
0.0203566
0.020358
0.0203714
0.0203966
0.0204331
0.0204796
0.0205338
0.0205939
0.0206584
0.0207261
0.0207959
0.0208691
0.0215133
0.020446
0.0203947
0.0204073
0.0203718
0.0203812
0.0203883
0.020394
0.0203989
0.020403
0.0204064
0.0204091
0.0204111
0.0204124
0.0204131
0.0204131
0.0204124
0.0204109
0.0204087
0.0204057
0.0204019
0.0203975
0.0203925
0.0203877
0.0203808
0.0203742
0.0203679
0.0203621
0.020357
0.0203585
0.0203719
0.0203972
0.0204338
0.0204803
0.0205346
0.0205947
0.0206592
0.0207269
0.0207967
0.02087
0.0215143
0.0204455
0.0203942
0.0204068
0.0203713
0.0203807
0.0203878
0.0203936
0.0203985
0.0204026
0.020406
0.0204087
0.0204107
0.0204121
0.0204128
0.0204129
0.0204122
0.0204108
0.0204086
0.0204056
0.0204019
0.0203975
0.0203925
0.0203878
0.0203809
0.0203743
0.020368
0.0203621
0.0203571
0.0203585
0.0203719
0.0203973
0.0204339
0.0204804
0.0205346
0.0205947
0.0206592
0.0207269
0.0207966
0.0208699
0.0215142
0.0204447
0.0203934
0.020406
0.0203706
0.02038
0.0203872
0.020393
0.0203978
0.0204019
0.0204052
0.0204079
0.02041
0.0204114
0.0204123
0.0204124
0.0204118
0.0204103
0.0204081
0.0204051
0.0204014
0.020397
0.020392
0.0203873
0.0203804
0.0203737
0.0203674
0.0203614
0.0203563
0.0203578
0.0203712
0.0203965
0.0204331
0.0204795
0.0205336
0.0205936
0.020658
0.0207257
0.0207954
0.0208686
0.0215128
0.0204436
0.0203923
0.020405
0.0203695
0.020379
0.0203862
0.0203919
0.0203967
0.0204007
0.020404
0.0204067
0.0204089
0.0204104
0.0204113
0.0204114
0.0204107
0.0204092
0.0204069
0.0204039
0.0204002
0.0203958
0.0203908
0.020386
0.0203791
0.0203723
0.0203659
0.02036
0.0203548
0.0203563
0.0203697
0.0203951
0.0204315
0.0204779
0.020532
0.0205919
0.0206564
0.020724
0.0207937
0.0208669
0.021511
0.020442
0.0203907
0.0204034
0.020368
0.0203775
0.0203846
0.0203902
0.020395
0.020399
0.0204023
0.0204051
0.0204072
0.0204087
0.0204095
0.0204095
0.0204087
0.0204072
0.0204049
0.0204019
0.0203981
0.0203938
0.0203888
0.020384
0.020377
0.0203703
0.0203639
0.0203581
0.020353
0.0203546
0.020368
0.0203933
0.0204298
0.0204762
0.0205303
0.0205903
0.0206548
0.0207224
0.0207922
0.0208654
0.0215095
0.0204397
0.0203884
0.0204011
0.0203656
0.020375
0.0203821
0.0203877
0.0203925
0.0203965
0.0203998
0.0204025
0.0204045
0.0204059
0.0204066
0.0204066
0.0204058
0.0204043
0.0204021
0.0203991
0.0203954
0.0203911
0.0203861
0.0203813
0.0203744
0.0203677
0.0203614
0.0203556
0.0203506
0.0203522
0.0203656
0.0203908
0.0204273
0.0204737
0.0205278
0.0205878
0.0206522
0.0207199
0.0207896
0.0208628
0.0215068
0.0204364
0.0203851
0.0203976
0.0203621
0.0203714
0.0203785
0.0203841
0.0203887
0.0203927
0.0203959
0.0203984
0.0204003
0.0204016
0.0204023
0.0204023
0.0204016
0.0204001
0.020398
0.020395
0.0203913
0.0203869
0.0203819
0.0203772
0.0203703
0.0203636
0.0203573
0.0203515
0.0203464
0.0203479
0.0203613
0.0203865
0.0204229
0.0204693
0.0205233
0.0205832
0.0206475
0.0207152
0.0207848
0.020858
0.0215018
0.0204317
0.0203803
0.0203927
0.020357
0.0203662
0.0203732
0.0203787
0.0203834
0.0203872
0.0203903
0.0203927
0.0203945
0.0203958
0.0203964
0.0203964
0.0203956
0.0203941
0.0203919
0.0203888
0.020385
0.0203806
0.0203756
0.0203709
0.020364
0.0203573
0.020351
0.0203451
0.0203401
0.0203416
0.0203549
0.0203802
0.0204166
0.0204629
0.0205169
0.0205768
0.0206412
0.0207089
0.0207785
0.0208515
0.021495
0.0204253
0.0203737
0.0203858
0.0203499
0.0203589
0.0203657
0.020371
0.0203755
0.0203792
0.0203821
0.0203843
0.020386
0.020387
0.0203876
0.0203874
0.0203866
0.0203849
0.0203825
0.0203793
0.0203755
0.020371
0.020366
0.0203611
0.0203541
0.0203473
0.0203409
0.0203349
0.0203297
0.0203311
0.0203442
0.0203693
0.0204055
0.0204517
0.0205056
0.0205655
0.0206298
0.0206972
0.0207665
0.0208394
0.0214826
0.0204169
0.020365
0.0203766
0.0203401
0.0203486
0.020355
0.0203599
0.020364
0.0203672
0.0203697
0.0203716
0.0203729
0.0203737
0.020374
0.0203736
0.0203724
0.0203704
0.0203678
0.0203644
0.0203604
0.0203558
0.0203505
0.0203454
0.0203381
0.0203311
0.0203245
0.0203183
0.0203128
0.0203139
0.0203268
0.0203517
0.0203876
0.0204335
0.0204871
0.0205466
0.0206104
0.0206773
0.0207464
0.0208191
0.0214614
0.0204064
0.0203535
0.020364
0.0203265
0.0203342
0.0203396
0.0203438
0.0203471
0.0203496
0.0203514
0.0203527
0.0203535
0.0203538
0.0203535
0.0203525
0.0203509
0.0203485
0.0203456
0.020342
0.0203378
0.020333
0.0203277
0.0203223
0.020315
0.0203079
0.0203011
0.0202947
0.0202891
0.02029
0.0203028
0.0203275
0.0203632
0.0204087
0.0204619
0.020521
0.0205844
0.0206511
0.0207199
0.0207922
0.0214334
0.0203954
0.0203368
0.0203469
0.0203075
0.0203137
0.0203179
0.0203209
0.0203231
0.0203246
0.0203256
0.0203261
0.0203261
0.0203258
0.0203248
0.0203233
0.0203212
0.0203185
0.0203153
0.0203113
0.0203068
0.0203017
0.0202962
0.0202904
0.0202825
0.0202746
0.0202671
0.0202601
0.020254
0.0202535
0.0202647
0.0202878
0.0203219
0.0203663
0.0204186
0.0204769
0.0205396
0.0206056
0.0206738
0.0207455
0.0213924
0.0203732
0.020299
0.0203175
0.0202764
0.0202856
0.0202937
0.0203012
0.0203082
0.0203148
0.0203209
0.0203266
0.0203318
0.0203364
0.0203405
0.020344
0.0203469
0.0203492
0.0203508
0.0203517
0.0203519
0.0203515
0.0203504
0.020351
0.0203501
0.0203489
0.0203478
0.0203468
0.0203461
0.0203501
0.0203644
0.0203898
0.0204257
0.0204711
0.0205241
0.0205829
0.0206459
0.020712
0.0207801
0.0208539
0.0219035
0.0203707
0.0202986
0.0203162
0.0202753
0.0202842
0.0202922
0.0202996
0.0203064
0.0203129
0.0203189
0.0203245
0.0203295
0.020334
0.020338
0.0203413
0.0203441
0.0203463
0.0203478
0.0203486
0.0203487
0.0203482
0.020347
0.0203479
0.0203469
0.0203459
0.020345
0.0203441
0.0203437
0.0203487
0.0203642
0.0203907
0.0204276
0.0204738
0.0205273
0.0205865
0.0206499
0.0207162
0.0207845
0.0208584
0.021896
0.0203739
0.0203016
0.0203191
0.0202781
0.020287
0.0202949
0.0203021
0.0203089
0.0203153
0.0203213
0.0203268
0.0203318
0.0203362
0.0203402
0.0203435
0.0203463
0.0203484
0.0203499
0.0203507
0.0203508
0.0203502
0.020349
0.0203498
0.0203489
0.0203478
0.0203469
0.0203461
0.0203456
0.0203507
0.0203662
0.0203928
0.0204298
0.0204761
0.0205297
0.020589
0.0206524
0.0207188
0.0207872
0.0208611
0.0218989
0.0203767
0.0203043
0.0203218
0.0202808
0.0202896
0.0202975
0.0203047
0.0203115
0.0203178
0.0203237
0.0203292
0.0203341
0.0203386
0.0203425
0.0203458
0.0203485
0.0203507
0.0203521
0.0203529
0.0203529
0.0203523
0.0203511
0.0203519
0.020351
0.0203499
0.0203489
0.0203481
0.0203476
0.0203527
0.0203682
0.0203948
0.0204318
0.0204781
0.0205318
0.0205911
0.0206545
0.0207209
0.0207893
0.0208633
0.0219011
0.0203789
0.0203065
0.0203239
0.0202829
0.0202918
0.0202996
0.0203068
0.0203136
0.0203199
0.0203258
0.0203312
0.0203361
0.0203405
0.0203444
0.0203478
0.0203505
0.0203526
0.020354
0.0203548
0.0203548
0.0203541
0.0203529
0.0203537
0.0203528
0.0203517
0.0203507
0.0203499
0.0203494
0.0203544
0.02037
0.0203966
0.0204336
0.0204799
0.0205336
0.0205929
0.0206563
0.0207228
0.0207911
0.0208651
0.0219031
0.0203804
0.020308
0.0203255
0.0202845
0.0202934
0.0203013
0.0203084
0.0203152
0.0203214
0.0203273
0.0203327
0.0203376
0.0203421
0.020346
0.0203493
0.020352
0.0203541
0.0203555
0.0203563
0.0203563
0.0203556
0.0203544
0.0203552
0.0203542
0.0203531
0.0203522
0.0203513
0.0203508
0.0203559
0.0203714
0.020398
0.020435
0.0204814
0.0205351
0.0205944
0.0206578
0.0207242
0.0207926
0.0208666
0.0219047
0.0203816
0.0203092
0.0203266
0.0202857
0.0202946
0.0203024
0.0203096
0.0203163
0.0203226
0.0203285
0.0203339
0.0203388
0.0203432
0.0203471
0.0203505
0.0203532
0.0203553
0.0203567
0.0203574
0.0203574
0.0203567
0.0203555
0.0203563
0.0203553
0.0203543
0.0203533
0.0203524
0.0203519
0.0203569
0.0203725
0.0203991
0.0204361
0.0204824
0.0205361
0.0205954
0.0206589
0.0207253
0.0207937
0.0208677
0.0219058
0.0203823
0.0203099
0.0203274
0.0202865
0.0202954
0.0203032
0.0203104
0.0203171
0.0203234
0.0203293
0.0203347
0.0203396
0.0203441
0.020348
0.0203513
0.0203541
0.0203561
0.0203575
0.0203582
0.0203582
0.0203575
0.0203563
0.0203571
0.0203561
0.020355
0.020354
0.0203531
0.0203526
0.0203577
0.0203732
0.0203998
0.0204368
0.0204831
0.0205368
0.0205961
0.0206595
0.020726
0.0207943
0.0208684
0.0219065
0.0203828
0.0203104
0.0203278
0.0202869
0.0202958
0.0203037
0.0203109
0.0203177
0.020324
0.0203298
0.0203352
0.0203402
0.0203446
0.0203485
0.0203519
0.0203546
0.0203567
0.020358
0.0203587
0.0203587
0.020358
0.0203568
0.0203576
0.0203566
0.0203555
0.0203545
0.0203536
0.0203531
0.0203581
0.0203736
0.0204002
0.0204372
0.0204835
0.0205372
0.0205964
0.0206599
0.0207263
0.0207947
0.0208687
0.0219069
0.020383
0.0203106
0.020328
0.0202872
0.0202961
0.020304
0.0203112
0.020318
0.0203243
0.0203302
0.0203355
0.0203405
0.0203449
0.0203488
0.0203522
0.0203549
0.0203569
0.0203583
0.020359
0.020359
0.0203583
0.020357
0.0203578
0.0203568
0.0203557
0.0203547
0.0203538
0.0203533
0.0203583
0.0203738
0.0204004
0.0204373
0.0204836
0.0205373
0.0205966
0.02066
0.0207265
0.0207949
0.0208689
0.0219071
0.0203831
0.0203107
0.0203281
0.0202872
0.0202962
0.0203041
0.0203114
0.0203181
0.0203244
0.0203303
0.0203356
0.0203406
0.020345
0.0203489
0.0203522
0.0203549
0.020357
0.0203583
0.020359
0.020359
0.0203583
0.020357
0.0203578
0.0203568
0.0203557
0.0203547
0.0203538
0.0203533
0.0203583
0.0203738
0.0204003
0.0204373
0.0204836
0.0205372
0.0205965
0.02066
0.0207264
0.0207948
0.0208688
0.021907
0.0203831
0.0203107
0.0203281
0.0202873
0.0202962
0.0203041
0.0203114
0.0203181
0.0203244
0.0203303
0.0203356
0.0203405
0.0203449
0.0203488
0.0203522
0.0203549
0.0203569
0.0203582
0.0203589
0.0203589
0.0203582
0.0203569
0.0203577
0.0203567
0.0203556
0.0203545
0.0203536
0.0203531
0.0203581
0.0203735
0.0204001
0.020437
0.0204834
0.020537
0.0205963
0.0206597
0.0207261
0.0207945
0.0208685
0.0219067
0.0203831
0.0203107
0.0203281
0.0202873
0.0202962
0.0203042
0.0203114
0.0203181
0.0203244
0.0203302
0.0203356
0.0203404
0.0203449
0.0203488
0.0203521
0.0203548
0.0203568
0.0203582
0.0203588
0.0203588
0.0203581
0.0203568
0.0203575
0.0203565
0.0203554
0.0203544
0.0203534
0.0203529
0.0203579
0.0203734
0.0203999
0.0204369
0.0204832
0.0205368
0.0205961
0.0206595
0.0207259
0.0207943
0.0208683
0.0219064
0.0203831
0.0203107
0.0203282
0.0202873
0.0202963
0.0203042
0.0203115
0.0203182
0.0203245
0.0203303
0.0203356
0.0203405
0.0203449
0.0203488
0.0203521
0.0203548
0.0203569
0.0203582
0.0203588
0.0203588
0.0203581
0.0203568
0.0203575
0.0203565
0.0203554
0.0203543
0.0203534
0.0203528
0.0203578
0.0203733
0.0203998
0.0204368
0.0204831
0.0205367
0.020596
0.0206594
0.0207258
0.0207942
0.0208682
0.0219063
0.0203832
0.0203109
0.0203283
0.0202875
0.0202965
0.0203044
0.0203116
0.0203184
0.0203246
0.0203304
0.0203357
0.0203406
0.020345
0.0203489
0.0203523
0.0203549
0.0203569
0.0203583
0.0203589
0.0203589
0.0203581
0.0203568
0.0203575
0.0203565
0.0203553
0.0203543
0.0203533
0.0203528
0.0203578
0.0203732
0.0203998
0.0204368
0.0204831
0.0205367
0.0205959
0.0206593
0.0207257
0.0207941
0.0208681
0.0219063
0.0203834
0.020311
0.0203285
0.0202877
0.0202967
0.0203046
0.0203119
0.0203186
0.0203248
0.0203306
0.0203359
0.0203408
0.0203452
0.0203491
0.0203524
0.020355
0.020357
0.0203583
0.020359
0.0203589
0.0203581
0.0203568
0.0203575
0.0203564
0.0203553
0.0203542
0.0203532
0.0203527
0.0203576
0.0203731
0.0203997
0.0204367
0.0204829
0.0205365
0.0205958
0.0206592
0.0207256
0.020794
0.020868
0.0219062
0.0203836
0.0203112
0.0203287
0.0202879
0.0202969
0.0203048
0.020312
0.0203187
0.020325
0.0203307
0.020336
0.0203409
0.0203453
0.0203491
0.0203524
0.020355
0.020357
0.0203583
0.0203589
0.0203588
0.020358
0.0203567
0.0203573
0.0203563
0.0203551
0.0203541
0.0203531
0.0203526
0.0203575
0.020373
0.0203996
0.0204365
0.0204828
0.0205364
0.0205957
0.0206591
0.0207255
0.0207939
0.0208679
0.021906
0.0203837
0.0203114
0.0203289
0.0202881
0.020297
0.0203049
0.0203121
0.0203188
0.0203251
0.0203308
0.0203361
0.0203409
0.0203453
0.0203491
0.0203524
0.020355
0.020357
0.0203582
0.0203588
0.0203588
0.020358
0.0203566
0.0203572
0.0203562
0.020355
0.020354
0.020353
0.0203525
0.0203575
0.0203729
0.0203995
0.0204365
0.0204827
0.0205363
0.0205956
0.020659
0.0207255
0.0207938
0.0208678
0.021906
0.0203838
0.0203115
0.020329
0.0202881
0.0202971
0.020305
0.0203122
0.0203188
0.0203251
0.0203308
0.0203361
0.0203409
0.0203452
0.0203491
0.0203523
0.0203549
0.0203569
0.0203582
0.0203588
0.0203587
0.0203579
0.0203565
0.0203572
0.0203561
0.020355
0.0203539
0.020353
0.0203525
0.0203574
0.0203729
0.0203995
0.0204364
0.0204827
0.0205363
0.0205956
0.020659
0.0207254
0.0207938
0.0208678
0.021906
0.0203838
0.0203115
0.020329
0.0202881
0.020297
0.0203049
0.0203121
0.0203188
0.020325
0.0203307
0.020336
0.0203408
0.0203452
0.020349
0.0203523
0.0203549
0.0203569
0.0203582
0.0203588
0.0203586
0.0203578
0.0203565
0.0203572
0.0203561
0.020355
0.020354
0.020353
0.0203525
0.0203574
0.0203729
0.0203995
0.0204365
0.0204827
0.0205364
0.0205957
0.0206591
0.0207255
0.0207939
0.0208679
0.0219061
0.0203837
0.0203114
0.0203288
0.020288
0.0202969
0.0203048
0.0203119
0.0203186
0.0203249
0.0203306
0.0203359
0.0203407
0.0203451
0.020349
0.0203523
0.0203549
0.0203569
0.0203582
0.0203587
0.0203586
0.0203578
0.0203565
0.0203572
0.0203562
0.0203551
0.020354
0.0203531
0.0203526
0.0203575
0.020373
0.0203996
0.0204366
0.0204829
0.0205366
0.0205958
0.0206593
0.0207257
0.0207941
0.0208681
0.0219063
0.0203836
0.0203112
0.0203287
0.0202878
0.0202967
0.0203046
0.0203118
0.0203185
0.0203248
0.0203305
0.0203358
0.0203407
0.0203451
0.0203489
0.0203522
0.0203548
0.0203568
0.0203581
0.0203587
0.0203586
0.0203578
0.0203565
0.0203572
0.0203562
0.0203552
0.0203541
0.0203532
0.0203526
0.0203576
0.0203731
0.0203997
0.0204368
0.0204831
0.0205367
0.020596
0.0206595
0.0207259
0.0207944
0.0208684
0.0219066
0.0203834
0.020311
0.0203285
0.0202876
0.0202966
0.0203045
0.0203117
0.0203184
0.0203247
0.0203305
0.0203358
0.0203406
0.020345
0.0203489
0.0203521
0.0203548
0.0203568
0.020358
0.0203586
0.0203586
0.0203578
0.0203565
0.0203573
0.0203563
0.0203552
0.0203542
0.0203532
0.0203527
0.0203577
0.0203732
0.0203999
0.0204369
0.0204832
0.0205369
0.0205962
0.0206596
0.0207261
0.0207945
0.0208686
0.0219069
0.0203832
0.0203108
0.0203283
0.0202875
0.0202965
0.0203044
0.0203117
0.0203184
0.0203247
0.0203305
0.0203358
0.0203406
0.020345
0.0203489
0.0203521
0.0203548
0.0203568
0.0203581
0.0203587
0.0203587
0.0203579
0.0203566
0.0203574
0.0203564
0.0203553
0.0203543
0.0203534
0.0203528
0.0203579
0.0203734
0.0204001
0.0204371
0.0204834
0.020537
0.0205963
0.0206598
0.0207263
0.0207947
0.0208688
0.0219071
0.0203831
0.0203107
0.0203283
0.0202875
0.0202965
0.0203044
0.0203117
0.0203185
0.0203247
0.0203306
0.0203359
0.0203407
0.0203451
0.020349
0.0203523
0.020355
0.020357
0.0203583
0.020359
0.020359
0.0203583
0.020357
0.0203578
0.0203568
0.0203557
0.0203546
0.0203537
0.0203532
0.0203582
0.0203738
0.0204004
0.0204374
0.0204837
0.0205374
0.0205966
0.0206601
0.0207266
0.020795
0.0208691
0.0219074
0.020383
0.0203106
0.0203282
0.0202875
0.0202965
0.0203045
0.0203117
0.0203185
0.0203248
0.0203307
0.020336
0.0203408
0.0203452
0.0203491
0.0203525
0.0203552
0.0203572
0.0203586
0.0203593
0.0203592
0.0203586
0.0203573
0.0203581
0.0203571
0.020356
0.020355
0.020354
0.0203536
0.0203586
0.0203742
0.0204008
0.0204378
0.020484
0.0205377
0.020597
0.0206605
0.0207269
0.0207954
0.0208694
0.0219077
0.0203829
0.0203106
0.0203282
0.0202874
0.0202965
0.0203045
0.0203117
0.0203185
0.0203248
0.0203307
0.020336
0.0203409
0.0203453
0.0203492
0.0203525
0.0203553
0.0203573
0.0203587
0.0203594
0.0203594
0.0203587
0.0203574
0.0203582
0.0203572
0.0203562
0.0203552
0.0203543
0.0203538
0.0203589
0.0203745
0.020401
0.020438
0.0204843
0.020538
0.0205973
0.0206609
0.0207274
0.0207959
0.0208699
0.0219082
0.0203827
0.0203104
0.020328
0.0202873
0.0202963
0.0203043
0.0203116
0.0203184
0.0203247
0.0203306
0.020336
0.0203408
0.0203453
0.0203492
0.0203525
0.0203553
0.0203573
0.0203587
0.0203594
0.0203594
0.0203587
0.0203575
0.0203583
0.0203574
0.0203564
0.0203555
0.0203546
0.0203542
0.0203593
0.0203749
0.0204015
0.0204385
0.0204849
0.0205387
0.0205981
0.0206617
0.0207282
0.0207967
0.0208708
0.0219091
0.0203823
0.02031
0.0203276
0.0202869
0.020296
0.020304
0.0203113
0.0203181
0.0203245
0.0203304
0.0203358
0.0203407
0.0203451
0.0203491
0.0203524
0.0203552
0.0203574
0.0203588
0.0203595
0.0203595
0.0203589
0.0203577
0.0203586
0.0203577
0.0203568
0.0203559
0.0203551
0.0203546
0.0203597
0.0203753
0.020402
0.0204391
0.0204856
0.0205394
0.0205988
0.0206625
0.020729
0.0207975
0.0208716
0.0219101
0.0203818
0.0203095
0.0203271
0.0202864
0.0202955
0.0203035
0.0203109
0.0203177
0.0203241
0.02033
0.0203353
0.0203403
0.0203447
0.0203488
0.0203522
0.0203551
0.0203572
0.0203587
0.0203594
0.0203595
0.0203589
0.0203577
0.0203587
0.0203579
0.020357
0.020356
0.0203551
0.0203547
0.0203597
0.0203754
0.0204021
0.0204393
0.0204857
0.0205395
0.0205988
0.0206624
0.020729
0.0207974
0.0208715
0.02191
0.020381
0.0203087
0.0203264
0.0202857
0.0202948
0.0203029
0.0203102
0.020317
0.0203233
0.0203292
0.0203346
0.0203395
0.0203441
0.0203482
0.0203517
0.0203546
0.0203568
0.0203582
0.0203589
0.020359
0.0203584
0.0203573
0.0203582
0.0203574
0.0203564
0.0203554
0.0203544
0.0203539
0.020359
0.0203747
0.0204014
0.0204384
0.0204848
0.0205385
0.0205978
0.0206613
0.0207278
0.0207962
0.0208703
0.0219086
0.0203799
0.0203076
0.0203253
0.0202846
0.0202938
0.0203018
0.0203091
0.0203159
0.0203221
0.020328
0.0203334
0.0203385
0.0203431
0.0203472
0.0203507
0.0203535
0.0203556
0.020357
0.0203577
0.0203578
0.0203571
0.020356
0.0203569
0.020356
0.020355
0.0203539
0.0203529
0.0203524
0.0203576
0.0203732
0.0203999
0.0204369
0.0204832
0.0205369
0.0205961
0.0206596
0.0207261
0.0207945
0.0208685
0.0219067
0.0203783
0.0203061
0.0203237
0.0202831
0.0202922
0.0203002
0.0203074
0.0203141
0.0203204
0.0203263
0.0203317
0.0203368
0.0203414
0.0203454
0.0203488
0.0203515
0.0203536
0.020355
0.0203557
0.0203558
0.0203552
0.020354
0.0203549
0.020354
0.0203529
0.0203519
0.020351
0.0203506
0.0203558
0.0203715
0.0203982
0.0204352
0.0204815
0.0205352
0.0205945
0.020658
0.0207245
0.020793
0.020867
0.0219052
0.020376
0.0203037
0.0203213
0.0202806
0.0202897
0.0202977
0.0203049
0.0203116
0.0203178
0.0203237
0.0203291
0.020334
0.0203385
0.0203425
0.0203458
0.0203486
0.0203507
0.0203521
0.0203529
0.020353
0.0203524
0.0203513
0.0203522
0.0203513
0.0203503
0.0203494
0.0203485
0.0203482
0.0203534
0.020369
0.0203956
0.0204327
0.020479
0.0205327
0.0205919
0.0206554
0.0207219
0.0207904
0.0208644
0.0219025
0.0203726
0.0203002
0.0203178
0.020277
0.0202861
0.020294
0.0203012
0.0203078
0.020314
0.0203197
0.020325
0.0203298
0.0203342
0.0203382
0.0203415
0.0203443
0.0203465
0.020348
0.0203488
0.0203489
0.0203483
0.0203471
0.020348
0.0203472
0.0203462
0.0203452
0.0203444
0.020344
0.0203491
0.0203647
0.0203913
0.0204283
0.0204746
0.0205282
0.0205873
0.0206508
0.0207172
0.0207856
0.0208596
0.0218973
0.0203677
0.0202953
0.0203127
0.0202719
0.0202808
0.0202886
0.0202957
0.0203023
0.0203084
0.020314
0.0203192
0.0203239
0.0203282
0.0203321
0.0203355
0.0203383
0.0203404
0.0203419
0.0203426
0.0203426
0.020342
0.0203408
0.0203417
0.0203409
0.0203399
0.0203389
0.020338
0.0203376
0.0203427
0.0203583
0.0203849
0.0204219
0.0204681
0.0205217
0.0205809
0.0206444
0.0207109
0.0207792
0.0208531
0.0218905
0.0203612
0.0202886
0.0203057
0.0202646
0.0202733
0.0202809
0.0202879
0.0202943
0.0203002
0.0203056
0.0203106
0.0203152
0.0203194
0.0203232
0.0203264
0.0203291
0.0203311
0.0203324
0.020333
0.0203329
0.0203323
0.0203312
0.020332
0.020331
0.0203299
0.0203288
0.0203278
0.0203272
0.0203322
0.0203476
0.020374
0.0204108
0.0204569
0.0205104
0.0205696
0.0206329
0.0206992
0.0207673
0.020841
0.0218778
0.0203525
0.0202795
0.0202961
0.0202545
0.0202627
0.0202699
0.0202765
0.0202825
0.020288
0.020293
0.0202976
0.0203018
0.0203058
0.0203094
0.0203124
0.0203147
0.0203164
0.0203175
0.0203179
0.0203178
0.020317
0.0203157
0.0203162
0.020315
0.0203137
0.0203124
0.0203112
0.0203103
0.020315
0.0203302
0.0203564
0.0203929
0.0204387
0.0204919
0.0205507
0.0206136
0.0206794
0.0207473
0.0208207
0.0218563
0.0203414
0.0202674
0.020283
0.0202403
0.0202477
0.0202541
0.0202598
0.020265
0.0202698
0.0202742
0.0202782
0.020282
0.0202854
0.0202884
0.0202909
0.0202929
0.0202942
0.0202951
0.0202953
0.020295
0.0202941
0.0202927
0.0202931
0.0202918
0.0202903
0.0202889
0.0202874
0.0202864
0.020291
0.0203061
0.0203321
0.0203684
0.0204139
0.0204667
0.020525
0.0205875
0.0206531
0.0207206
0.0207937
0.0218278
0.0203281
0.0202489
0.020263
0.0202184
0.0202243
0.0202294
0.0202341
0.0202383
0.0202422
0.0202458
0.0202492
0.0202523
0.0202552
0.0202577
0.0202598
0.0202614
0.0202626
0.0202632
0.0202633
0.0202628
0.0202617
0.0202603
0.0202601
0.0202583
0.0202563
0.0202542
0.0202523
0.0202509
0.0202542
0.0202678
0.0202923
0.0203272
0.0203715
0.0204234
0.020481
0.0205429
0.0206078
0.0206747
0.0207472
0.0217909
0.0203468
0.0202632
0.020284
0.0202396
0.0202483
0.0202567
0.0202647
0.0202725
0.02028
0.0202872
0.020294
0.0203004
0.0203064
0.0203119
0.0203169
0.0203214
0.0203252
0.0203285
0.0203311
0.0203331
0.0203344
0.0203352
0.0203392
0.0203424
0.0203451
0.0203475
0.0203499
0.0203523
0.0203586
0.020374
0.0203996
0.020435
0.0204793
0.0205309
0.0205881
0.0206495
0.0207138
0.0207801
0.0208541
0.0221092
0.0203451
0.0202633
0.0202839
0.0202398
0.0202483
0.0202565
0.0202644
0.020272
0.0202793
0.0202864
0.020293
0.0202993
0.020305
0.0203104
0.0203152
0.0203195
0.0203232
0.0203263
0.0203288
0.0203306
0.0203317
0.0203324
0.0203367
0.0203398
0.0203426
0.0203451
0.0203476
0.0203502
0.0203573
0.0203738
0.0204004
0.0204367
0.0204818
0.020534
0.0205916
0.0206532
0.0207178
0.0207843
0.0208584
0.0221064
0.0203483
0.0202664
0.0202869
0.0202426
0.0202511
0.0202592
0.020267
0.0202745
0.0202818
0.0202888
0.0202954
0.0203016
0.0203073
0.0203126
0.0203174
0.0203216
0.0203253
0.0203284
0.0203308
0.0203326
0.0203337
0.0203344
0.0203386
0.0203418
0.0203445
0.0203471
0.0203495
0.0203521
0.0203593
0.0203758
0.0204025
0.0204389
0.0204841
0.0205364
0.020594
0.0206558
0.0207204
0.020787
0.0208611
0.0221092
0.0203512
0.0202692
0.0202896
0.0202454
0.0202538
0.0202618
0.0202696
0.0202771
0.0202843
0.0202913
0.0202978
0.0203039
0.0203097
0.0203149
0.0203197
0.0203239
0.0203276
0.0203307
0.0203331
0.0203348
0.0203359
0.0203365
0.0203407
0.0203438
0.0203466
0.0203491
0.0203516
0.0203541
0.0203613
0.0203778
0.0204045
0.0204409
0.0204861
0.0205384
0.0205961
0.0206579
0.0207225
0.0207891
0.0208633
0.0221114
0.0203534
0.0202714
0.0202917
0.0202475
0.0202559
0.020264
0.0202717
0.0202792
0.0202864
0.0202933
0.0202998
0.0203059
0.0203116
0.0203169
0.0203217
0.0203259
0.0203296
0.0203326
0.020335
0.0203367
0.0203377
0.0203383
0.0203425
0.0203456
0.0203484
0.0203509
0.0203533
0.0203559
0.0203631
0.0203796
0.0204063
0.0204427
0.0204879
0.0205402
0.0205979
0.0206597
0.0207244
0.020791
0.0208651
0.0221133
0.020355
0.020273
0.0202934
0.0202492
0.0202576
0.0202656
0.0202734
0.0202808
0.020288
0.0202949
0.0203014
0.0203075
0.0203132
0.0203185
0.0203232
0.0203275
0.0203311
0.0203341
0.0203365
0.0203382
0.0203392
0.0203397
0.020344
0.0203471
0.0203498
0.0203524
0.0203548
0.0203573
0.0203645
0.020381
0.0204077
0.0204442
0.0204894
0.0205417
0.0205994
0.0206612
0.0207258
0.0207925
0.0208666
0.0221148
0.0203561
0.0202742
0.0202945
0.0202503
0.0202588
0.0202668
0.0202746
0.020282
0.0202892
0.0202961
0.0203026
0.0203087
0.0203144
0.0203197
0.0203244
0.0203287
0.0203323
0.0203353
0.0203376
0.0203393
0.0203403
0.0203409
0.0203451
0.0203482
0.0203509
0.0203535
0.0203559
0.0203584
0.0203656
0.0203821
0.0204088
0.0204452
0.0204904
0.0205427
0.0206005
0.0206623
0.0207269
0.0207935
0.0208677
0.0221159
0.0203569
0.0202749
0.0202953
0.0202511
0.0202596
0.0202676
0.0202754
0.0202828
0.02029
0.0202969
0.0203034
0.0203095
0.0203152
0.0203205
0.0203253
0.0203295
0.0203331
0.0203361
0.0203384
0.0203401
0.0203411
0.0203417
0.0203459
0.020349
0.0203517
0.0203543
0.0203566
0.0203591
0.0203663
0.0203828
0.0204095
0.0204459
0.0204911
0.0205434
0.0206011
0.0206629
0.0207276
0.0207942
0.0208684
0.0221166
0.0203573
0.0202754
0.0202957
0.0202516
0.02026
0.0202682
0.0202759
0.0202834
0.0202906
0.0202974
0.0203039
0.0203101
0.0203158
0.0203211
0.0203258
0.02033
0.0203337
0.0203366
0.020339
0.0203406
0.0203416
0.0203422
0.0203464
0.0203495
0.0203522
0.0203547
0.0203571
0.0203596
0.0203668
0.0203833
0.0204099
0.0204463
0.0204915
0.0205438
0.0206015
0.0206633
0.0207279
0.0207946
0.0208688
0.022117
0.0203576
0.0202756
0.020296
0.0202518
0.0202603
0.0202684
0.0202762
0.0202837
0.0202909
0.0202977
0.0203042
0.0203104
0.0203161
0.0203213
0.0203261
0.0203303
0.0203339
0.0203369
0.0203392
0.0203409
0.0203419
0.0203424
0.0203466
0.0203497
0.0203524
0.0203549
0.0203573
0.0203598
0.020367
0.0203834
0.0204101
0.0204465
0.0204917
0.0205439
0.0206017
0.0206634
0.0207281
0.0207947
0.0208689
0.0221171
0.0203577
0.0202757
0.0202961
0.0202519
0.0202604
0.0202685
0.0202763
0.0202838
0.020291
0.0202979
0.0203043
0.0203104
0.0203162
0.0203214
0.0203262
0.0203304
0.020334
0.0203369
0.0203392
0.0203409
0.0203419
0.0203424
0.0203466
0.0203497
0.0203524
0.0203549
0.0203573
0.0203598
0.0203669
0.0203834
0.02041
0.0204464
0.0204916
0.0205439
0.0206016
0.0206634
0.020728
0.0207946
0.0208688
0.022117
0.0203577
0.0202757
0.0202961
0.0202519
0.0202604
0.0202686
0.0202764
0.0202838
0.020291
0.0202978
0.0203043
0.0203104
0.0203161
0.0203214
0.0203261
0.0203303
0.0203339
0.0203368
0.0203391
0.0203408
0.0203418
0.0203423
0.0203465
0.0203496
0.0203523
0.0203548
0.0203571
0.0203596
0.0203667
0.0203832
0.0204098
0.0204462
0.0204914
0.0205437
0.0206014
0.0206631
0.0207278
0.0207944
0.0208686
0.0221168
0.0203577
0.0202757
0.0202961
0.0202519
0.0202604
0.0202686
0.0202764
0.0202839
0.020291
0.0202978
0.0203043
0.0203103
0.020316
0.0203213
0.0203261
0.0203302
0.0203338
0.0203368
0.0203391
0.0203407
0.0203417
0.0203422
0.0203464
0.0203494
0.0203521
0.0203546
0.020357
0.0203594
0.0203666
0.020383
0.0204096
0.020446
0.0204912
0.0205435
0.0206012
0.0206629
0.0207276
0.0207941
0.0208683
0.0221165
0.0203577
0.0202758
0.0202961
0.020252
0.0202605
0.0202687
0.0202765
0.0202839
0.0202911
0.0202979
0.0203043
0.0203104
0.0203161
0.0203213
0.0203261
0.0203303
0.0203339
0.0203368
0.0203391
0.0203407
0.0203417
0.0203422
0.0203463
0.0203494
0.0203521
0.0203546
0.0203569
0.0203594
0.0203665
0.0203829
0.0204095
0.020446
0.0204911
0.0205434
0.0206011
0.0206628
0.0207274
0.020794
0.0208682
0.0221164
0.0203578
0.0202759
0.0202963
0.0202522
0.0202607
0.0202688
0.0202766
0.0202841
0.0202912
0.020298
0.0203044
0.0203105
0.0203162
0.0203215
0.0203262
0.0203304
0.020334
0.0203369
0.0203392
0.0203408
0.0203417
0.0203422
0.0203463
0.0203494
0.0203521
0.0203545
0.0203569
0.0203593
0.0203664
0.0203829
0.0204095
0.0204459
0.0204911
0.0205433
0.020601
0.0206627
0.0207274
0.020794
0.0208682
0.0221164
0.020358
0.0202761
0.0202965
0.0202524
0.0202609
0.0202691
0.0202768
0.0202843
0.0202914
0.0202982
0.0203046
0.0203107
0.0203164
0.0203216
0.0203263
0.0203305
0.020334
0.0203369
0.0203392
0.0203408
0.0203417
0.0203422
0.0203463
0.0203493
0.020352
0.0203544
0.0203568
0.0203592
0.0203663
0.0203828
0.0204094
0.0204458
0.020491
0.0205432
0.0206009
0.0206626
0.0207273
0.0207939
0.020868
0.0221163
0.0203582
0.0202763
0.0202967
0.0202526
0.0202611
0.0202692
0.020277
0.0202845
0.0202916
0.0202983
0.0203047
0.0203108
0.0203164
0.0203217
0.0203264
0.0203305
0.020334
0.0203369
0.0203392
0.0203407
0.0203417
0.0203421
0.0203462
0.0203492
0.0203519
0.0203543
0.0203566
0.0203591
0.0203662
0.0203827
0.0204093
0.0204457
0.0204909
0.0205431
0.0206008
0.0206625
0.0207272
0.0207938
0.0208679
0.0221162
0.0203583
0.0202764
0.0202968
0.0202528
0.0202612
0.0202694
0.0202771
0.0202845
0.0202916
0.0202984
0.0203048
0.0203108
0.0203164
0.0203217
0.0203263
0.0203305
0.020334
0.0203369
0.0203391
0.0203407
0.0203416
0.020342
0.0203461
0.0203491
0.0203518
0.0203542
0.0203565
0.020359
0.0203661
0.0203826
0.0204092
0.0204456
0.0204908
0.020543
0.0206007
0.0206625
0.0207271
0.0207937
0.0208679
0.0221161
0.0203584
0.0202765
0.0202969
0.0202528
0.0202613
0.0202694
0.0202771
0.0202845
0.0202916
0.0202984
0.0203047
0.0203108
0.0203164
0.0203216
0.0203263
0.0203304
0.0203339
0.0203368
0.020339
0.0203406
0.0203415
0.0203419
0.020346
0.020349
0.0203517
0.0203542
0.0203565
0.020359
0.0203661
0.0203826
0.0204092
0.0204456
0.0204907
0.020543
0.0206007
0.0206625
0.0207271
0.0207937
0.0208679
0.0221161
0.0203584
0.0202765
0.0202969
0.0202528
0.0202612
0.0202693
0.020277
0.0202845
0.0202916
0.0202983
0.0203047
0.0203107
0.0203163
0.0203216
0.0203263
0.0203304
0.0203339
0.0203368
0.020339
0.0203406
0.0203415
0.0203419
0.020346
0.020349
0.0203517
0.0203542
0.0203566
0.020359
0.0203661
0.0203826
0.0204092
0.0204456
0.0204908
0.0205431
0.0206008
0.0206625
0.0207272
0.0207938
0.0208679
0.0221162
0.0203583
0.0202764
0.0202968
0.0202527
0.0202611
0.0202692
0.0202769
0.0202843
0.0202915
0.0202982
0.0203046
0.0203106
0.0203163
0.0203215
0.0203262
0.0203304
0.0203339
0.0203368
0.020339
0.0203405
0.0203415
0.0203419
0.020346
0.0203491
0.0203518
0.0203543
0.0203566
0.0203591
0.0203662
0.0203827
0.0204093
0.0204458
0.020491
0.0205432
0.0206009
0.0206627
0.0207274
0.020794
0.0208682
0.0221164
0.0203582
0.0202762
0.0202966
0.0202525
0.0202609
0.020269
0.0202768
0.0202842
0.0202913
0.0202981
0.0203045
0.0203105
0.0203162
0.0203215
0.0203262
0.0203303
0.0203338
0.0203367
0.0203389
0.0203405
0.0203414
0.0203419
0.0203461
0.0203492
0.0203519
0.0203544
0.0203567
0.0203592
0.0203663
0.0203828
0.0204095
0.0204459
0.0204911
0.0205434
0.0206011
0.0206629
0.0207276
0.0207942
0.0208684
0.0221167
0.020358
0.020276
0.0202964
0.0202523
0.0202608
0.0202689
0.0202767
0.0202841
0.0202913
0.020298
0.0203044
0.0203105
0.0203162
0.0203214
0.0203261
0.0203302
0.0203338
0.0203367
0.0203389
0.0203405
0.0203414
0.0203419
0.0203461
0.0203492
0.0203519
0.0203544
0.0203568
0.0203592
0.0203664
0.0203829
0.0204096
0.020446
0.0204913
0.0205435
0.0206012
0.020663
0.0207277
0.0207944
0.0208686
0.0221169
0.0203578
0.0202759
0.0202963
0.0202522
0.0202607
0.0202689
0.0202766
0.0202841
0.0202913
0.020298
0.0203045
0.0203105
0.0203162
0.0203214
0.0203261
0.0203303
0.0203338
0.0203367
0.020339
0.0203406
0.0203415
0.020342
0.0203462
0.0203494
0.0203521
0.0203546
0.0203569
0.0203594
0.0203665
0.0203831
0.0204098
0.0204462
0.0204914
0.0205437
0.0206014
0.0206632
0.0207279
0.0207946
0.0208688
0.0221171
0.0203577
0.0202758
0.0202962
0.0202522
0.0202607
0.0202689
0.0202767
0.0202842
0.0202913
0.0202981
0.0203046
0.0203106
0.0203163
0.0203215
0.0203263
0.0203304
0.020334
0.0203369
0.0203392
0.0203409
0.0203419
0.0203424
0.0203466
0.0203497
0.0203524
0.0203549
0.0203572
0.0203597
0.0203669
0.0203835
0.0204102
0.0204466
0.0204918
0.020544
0.0206017
0.0206635
0.0207282
0.0207949
0.0208691
0.0221174
0.0203576
0.0202757
0.0202962
0.0202522
0.0202608
0.0202689
0.0202767
0.0202842
0.0202914
0.0202982
0.0203047
0.0203107
0.0203164
0.0203217
0.0203264
0.0203306
0.0203342
0.0203372
0.0203395
0.0203411
0.0203422
0.0203427
0.0203469
0.02035
0.0203527
0.0203552
0.0203576
0.0203601
0.0203673
0.0203838
0.0204105
0.0204469
0.0204921
0.0205443
0.020602
0.0206638
0.0207286
0.0207952
0.0208695
0.0221178
0.0203575
0.0202756
0.0202961
0.0202521
0.0202607
0.0202689
0.0202767
0.0202842
0.0202914
0.0202983
0.0203047
0.0203108
0.0203165
0.0203218
0.0203265
0.0203307
0.0203343
0.0203373
0.0203396
0.0203413
0.0203423
0.0203428
0.020347
0.0203501
0.0203529
0.0203554
0.0203578
0.0203604
0.0203676
0.0203841
0.0204108
0.0204472
0.0204924
0.0205447
0.0206024
0.0206643
0.020729
0.0207957
0.02087
0.0221182
0.0203573
0.0202754
0.0202959
0.020252
0.0202605
0.0202687
0.0202766
0.0202841
0.0202913
0.0202982
0.0203047
0.0203107
0.0203164
0.0203217
0.0203265
0.0203307
0.0203343
0.0203373
0.0203397
0.0203413
0.0203424
0.0203429
0.0203471
0.0203503
0.0203531
0.0203557
0.0203581
0.0203607
0.0203679
0.0203845
0.0204112
0.0204477
0.0204929
0.0205453
0.0206031
0.020665
0.0207298
0.0207965
0.0208708
0.0221191
0.020357
0.0202751
0.0202956
0.0202516
0.0202602
0.0202684
0.0202763
0.0202839
0.0202911
0.020298
0.0203045
0.0203106
0.0203163
0.0203216
0.0203264
0.0203307
0.0203344
0.0203374
0.0203398
0.0203415
0.0203425
0.0203431
0.0203474
0.0203506
0.0203535
0.0203561
0.0203586
0.0203611
0.0203684
0.0203849
0.0204117
0.0204483
0.0204936
0.020546
0.0206039
0.0206658
0.0207306
0.0207973
0.0208716
0.02212
0.0203564
0.0202746
0.0202951
0.0202511
0.0202598
0.020268
0.0202759
0.0202835
0.0202907
0.0202976
0.020304
0.0203102
0.0203159
0.0203213
0.0203262
0.0203305
0.0203343
0.0203373
0.0203397
0.0203414
0.0203425
0.0203431
0.0203475
0.0203508
0.0203536
0.0203563
0.0203587
0.0203612
0.0203684
0.020385
0.0204118
0.0204484
0.0204937
0.0205461
0.0206039
0.0206658
0.0207306
0.0207973
0.0208715
0.0221199
0.0203557
0.0202738
0.0202943
0.0202504
0.0202591
0.0202673
0.0202752
0.0202827
0.0202899
0.0202968
0.0203033
0.0203095
0.0203153
0.0203208
0.0203257
0.0203301
0.0203338
0.0203368
0.0203392
0.0203409
0.020342
0.0203426
0.020347
0.0203503
0.0203531
0.0203556
0.0203579
0.0203604
0.0203676
0.0203843
0.0204111
0.0204476
0.0204928
0.0205451
0.0206028
0.0206647
0.0207294
0.020796
0.0208703
0.0221186
0.0203545
0.0202727
0.0202932
0.0202493
0.020258
0.0202663
0.0202741
0.0202816
0.0202887
0.0202956
0.0203021
0.0203084
0.0203143
0.0203197
0.0203246
0.0203289
0.0203326
0.0203356
0.0203379
0.0203396
0.0203407
0.0203414
0.0203457
0.0203489
0.0203516
0.0203541
0.0203564
0.0203589
0.0203662
0.0203828
0.0204096
0.020446
0.0204912
0.0205435
0.0206012
0.020663
0.0207277
0.0207943
0.0208685
0.0221168
0.0203529
0.0202711
0.0202916
0.0202477
0.0202564
0.0202646
0.0202724
0.0202798
0.020287
0.0202938
0.0203004
0.0203066
0.0203125
0.0203179
0.0203227
0.0203269
0.0203306
0.0203335
0.0203359
0.0203376
0.0203387
0.0203394
0.0203437
0.0203469
0.0203496
0.0203521
0.0203545
0.0203571
0.0203644
0.0203811
0.0204078
0.0204443
0.0204895
0.0205419
0.0205996
0.0206614
0.0207261
0.0207928
0.020867
0.0221153
0.0203505
0.0202686
0.0202892
0.0202453
0.0202539
0.0202621
0.0202698
0.0202772
0.0202844
0.0202912
0.0202977
0.0203039
0.0203096
0.0203149
0.0203197
0.020324
0.0203276
0.0203307
0.0203331
0.0203349
0.020336
0.0203367
0.020341
0.0203442
0.020347
0.0203496
0.020352
0.0203546
0.020362
0.0203786
0.0204053
0.0204418
0.020487
0.0205393
0.020597
0.0206588
0.0207235
0.0207902
0.0208644
0.0221126
0.020347
0.0202651
0.0202856
0.0202416
0.0202501
0.0202583
0.020266
0.0202734
0.0202804
0.0202871
0.0202935
0.0202996
0.0203053
0.0203106
0.0203154
0.0203197
0.0203234
0.0203265
0.020329
0.0203307
0.0203318
0.0203325
0.0203368
0.02034
0.0203428
0.0203454
0.0203478
0.0203504
0.0203577
0.0203743
0.020401
0.0204374
0.0204826
0.0205347
0.0205924
0.0206541
0.0207188
0.0207854
0.0208596
0.0221076
0.0203421
0.0202601
0.0202804
0.0202363
0.0202447
0.0202528
0.0202604
0.0202677
0.0202747
0.0202813
0.0202876
0.0202936
0.0202992
0.0203045
0.0203093
0.0203136
0.0203173
0.0203203
0.0203227
0.0203244
0.0203255
0.0203261
0.0203305
0.0203337
0.0203365
0.020339
0.0203415
0.020344
0.0203513
0.0203679
0.0203946
0.0204309
0.020476
0.0205283
0.0205859
0.0206477
0.0207124
0.020779
0.0208531
0.022101
0.0203353
0.0202531
0.0202732
0.0202288
0.020237
0.0202449
0.0202524
0.0202595
0.0202663
0.0202728
0.0202789
0.0202847
0.0202902
0.0202953
0.0203001
0.0203042
0.0203078
0.0203107
0.020313
0.0203147
0.0203158
0.0203164
0.0203207
0.0203238
0.0203265
0.0203289
0.0203312
0.0203336
0.0203407
0.0203571
0.0203837
0.0204199
0.0204649
0.020517
0.0205746
0.0206362
0.0207007
0.0207671
0.020841
0.0220886
0.0203263
0.0202436
0.0202633
0.0202184
0.0202261
0.0202336
0.0202406
0.0202474
0.0202537
0.0202598
0.0202655
0.020271
0.0202763
0.0202813
0.0202857
0.0202896
0.0202929
0.0202957
0.0202978
0.0202994
0.0203003
0.0203009
0.0203049
0.0203077
0.0203102
0.0203125
0.0203145
0.0203167
0.0203235
0.0203397
0.020366
0.020402
0.0204467
0.0204985
0.0205557
0.0206169
0.020681
0.0207471
0.0208208
0.0220678
0.0203146
0.020231
0.0202495
0.0202036
0.0202104
0.0202171
0.0202233
0.0202293
0.020235
0.0202404
0.0202456
0.0202506
0.0202554
0.0202599
0.0202639
0.0202674
0.0202704
0.0202729
0.0202749
0.0202764
0.0202773
0.0202778
0.0202816
0.0202844
0.0202867
0.0202888
0.0202907
0.0202927
0.0202994
0.0203155
0.0203416
0.0203773
0.0204217
0.0204732
0.02053
0.0205908
0.0206546
0.0207204
0.0207937
0.0220401
0.0202992
0.0202107
0.0202272
0.0201793
0.0201848
0.0201902
0.0201954
0.0202004
0.0202053
0.02021
0.0202146
0.0202191
0.0202234
0.0202275
0.0202312
0.0202345
0.0202374
0.0202398
0.0202417
0.0202432
0.0202441
0.0202447
0.0202479
0.0202503
0.0202521
0.0202536
0.0202551
0.0202567
0.0202623
0.0202771
0.0203018
0.0203362
0.0203795
0.02043
0.0204861
0.0205463
0.0206094
0.0206746
0.0207474
0.0219998
0.0203478
0.0202608
0.0202829
0.0202363
0.0202445
0.0202527
0.0202607
0.0202684
0.020276
0.0202833
0.0202902
0.0202968
0.020303
0.0203087
0.0203139
0.0203186
0.0203228
0.0203264
0.0203294
0.0203317
0.0203334
0.0203348
0.0203404
0.0203463
0.0203515
0.0203563
0.0203608
0.0203651
0.0203727
0.0203883
0.0204133
0.0204474
0.02049
0.0205396
0.0205946
0.0206537
0.0207158
0.02078
0.0208534
0.0222072
0.0203464
0.0202613
0.0202836
0.0202373
0.0202453
0.0202533
0.0202611
0.0202687
0.0202761
0.0202832
0.02029
0.0202963
0.0203023
0.0203078
0.0203128
0.0203173
0.0203213
0.0203247
0.0203275
0.0203296
0.0203311
0.0203323
0.0203383
0.0203441
0.0203494
0.0203542
0.0203587
0.0203631
0.0203715
0.020388
0.0204139
0.0204489
0.0204923
0.0205424
0.0205979
0.0206573
0.0207197
0.0207841
0.0208575
0.0222065
0.0203498
0.0202644
0.0202866
0.0202402
0.0202481
0.020256
0.0202638
0.0202713
0.0202786
0.0202857
0.0202924
0.0202987
0.0203046
0.02031
0.020315
0.0203195
0.0203235
0.0203268
0.0203296
0.0203317
0.0203331
0.0203343
0.0203403
0.0203461
0.0203513
0.0203561
0.0203606
0.0203651
0.0203734
0.02039
0.020416
0.0204512
0.0204946
0.0205448
0.0206004
0.0206599
0.0207223
0.0207868
0.0208603
0.0222093
0.0203527
0.0202673
0.0202894
0.020243
0.0202509
0.0202588
0.0202664
0.0202739
0.0202812
0.0202882
0.0202948
0.0203011
0.020307
0.0203124
0.0203174
0.0203218
0.0203258
0.0203291
0.0203318
0.0203338
0.0203353
0.0203364
0.0203424
0.0203482
0.0203534
0.0203582
0.0203627
0.0203671
0.0203754
0.0203921
0.0204181
0.0204532
0.0204966
0.0205469
0.0206024
0.020662
0.0207244
0.0207889
0.0208624
0.0222114
0.0203549
0.0202695
0.0202916
0.0202452
0.0202531
0.0202609
0.0202686
0.0202761
0.0202833
0.0202902
0.0202969
0.0203031
0.020309
0.0203144
0.0203194
0.0203238
0.0203277
0.020331
0.0203337
0.0203357
0.0203371
0.0203382
0.0203442
0.02035
0.0203552
0.02036
0.0203645
0.0203689
0.0203772
0.0203938
0.0204198
0.020455
0.0204984
0.0205487
0.0206043
0.0206638
0.0207263
0.0207908
0.0208643
0.0222133
0.0203566
0.0202712
0.0202932
0.0202469
0.0202548
0.0202626
0.0202703
0.0202777
0.0202849
0.0202919
0.0202985
0.0203047
0.0203106
0.020316
0.020321
0.0203254
0.0203293
0.0203326
0.0203352
0.0203372
0.0203386
0.0203397
0.0203456
0.0203514
0.0203566
0.0203615
0.0203659
0.0203703
0.0203786
0.0203953
0.0204213
0.0204564
0.0204999
0.0205501
0.0206057
0.0206653
0.0207278
0.0207923
0.0208658
0.0222148
0.0203578
0.0202724
0.0202944
0.0202481
0.020256
0.0202638
0.0202715
0.0202789
0.0202861
0.020293
0.0202996
0.0203059
0.0203118
0.0203172
0.0203222
0.0203266
0.0203305
0.0203337
0.0203364
0.0203384
0.0203398
0.0203408
0.0203468
0.0203526
0.0203578
0.0203626
0.020367
0.0203714
0.0203797
0.0203963
0.0204223
0.0204575
0.0205009
0.0205512
0.0206068
0.0206664
0.0207288
0.0207933
0.0208669
0.0222159
0.0203585
0.0202731
0.0202952
0.0202488
0.0202568
0.0202646
0.0202723
0.0202798
0.020287
0.0202939
0.0203005
0.0203067
0.0203126
0.020318
0.020323
0.0203275
0.0203313
0.0203346
0.0203372
0.0203392
0.0203406
0.0203416
0.0203476
0.0203534
0.0203586
0.0203633
0.0203678
0.0203721
0.0203805
0.0203971
0.0204231
0.0204582
0.0205016
0.0205519
0.0206075
0.0206671
0.0207295
0.020794
0.0208676
0.0222166
0.020359
0.0202736
0.0202957
0.0202493
0.0202573
0.0202652
0.0202728
0.0202803
0.0202875
0.0202944
0.020301
0.0203073
0.0203132
0.0203186
0.0203236
0.020328
0.0203319
0.0203351
0.0203377
0.0203397
0.0203411
0.0203421
0.0203481
0.0203539
0.020359
0.0203638
0.0203682
0.0203726
0.0203809
0.0203975
0.0204235
0.0204586
0.020502
0.0205523
0.0206078
0.0206674
0.0207299
0.0207944
0.020868
0.022217
0.0203592
0.0202738
0.0202959
0.0202496
0.0202575
0.0202655
0.0202731
0.0202806
0.0202878
0.0202948
0.0203013
0.0203076
0.0203135
0.0203189
0.0203239
0.0203283
0.0203321
0.0203354
0.020338
0.02034
0.0203413
0.0203423
0.0203483
0.0203541
0.0203593
0.020364
0.0203685
0.0203728
0.0203811
0.0203977
0.0204237
0.0204588
0.0205022
0.0205524
0.020608
0.0206676
0.0207301
0.0207945
0.0208681
0.0222171
0.0203593
0.0202739
0.020296
0.0202497
0.0202576
0.0202656
0.0202733
0.0202808
0.020288
0.0202949
0.0203014
0.0203077
0.0203135
0.020319
0.0203239
0.0203284
0.0203322
0.0203354
0.020338
0.02034
0.0203413
0.0203423
0.0203483
0.0203541
0.0203593
0.020364
0.0203684
0.0203728
0.0203811
0.0203977
0.0204236
0.0204587
0.0205021
0.0205524
0.020608
0.0206675
0.02073
0.0207945
0.020868
0.022217
0.0203594
0.0202739
0.020296
0.0202497
0.0202577
0.0202656
0.0202733
0.0202808
0.020288
0.0202949
0.0203014
0.0203076
0.0203135
0.0203189
0.0203239
0.0203283
0.0203321
0.0203353
0.0203379
0.0203399
0.0203412
0.0203422
0.0203482
0.020354
0.0203591
0.0203639
0.0203683
0.0203726
0.0203809
0.0203975
0.0204234
0.0204585
0.0205019
0.0205522
0.0206077
0.0206673
0.0207298
0.0207942
0.0208678
0.0222168
0.0203594
0.0202739
0.020296
0.0202497
0.0202577
0.0202656
0.0202733
0.0202808
0.020288
0.0202948
0.0203014
0.0203076
0.0203134
0.0203189
0.0203238
0.0203282
0.0203321
0.0203353
0.0203379
0.0203398
0.0203411
0.0203421
0.0203481
0.0203538
0.020359
0.0203637
0.0203681
0.0203725
0.0203808
0.0203973
0.0204232
0.0204583
0.0205017
0.020552
0.0206075
0.0206671
0.0207295
0.020794
0.0208675
0.0222165
0.0203594
0.020274
0.0202961
0.0202498
0.0202578
0.0202657
0.0202734
0.0202808
0.020288
0.0202949
0.0203014
0.0203076
0.0203135
0.0203189
0.0203239
0.0203283
0.0203321
0.0203353
0.0203379
0.0203398
0.0203411
0.0203421
0.020348
0.0203538
0.0203589
0.0203637
0.0203681
0.0203724
0.0203807
0.0203972
0.0204232
0.0204583
0.0205017
0.0205519
0.0206074
0.020667
0.0207294
0.0207939
0.0208674
0.0222164
0.0203595
0.0202741
0.0202962
0.0202499
0.0202579
0.0202659
0.0202736
0.020281
0.0202882
0.020295
0.0203015
0.0203077
0.0203136
0.020319
0.020324
0.0203284
0.0203322
0.0203354
0.020338
0.0203399
0.0203412
0.0203422
0.020348
0.0203538
0.0203589
0.0203637
0.020368
0.0203724
0.0203806
0.0203972
0.0204231
0.0204582
0.0205016
0.0205518
0.0206074
0.0206669
0.0207294
0.0207938
0.0208674
0.0222164
0.0203597
0.0202743
0.0202964
0.0202502
0.0202581
0.0202661
0.0202738
0.0202812
0.0202884
0.0202952
0.0203017
0.0203079
0.0203137
0.0203192
0.0203241
0.0203285
0.0203323
0.0203354
0.020338
0.0203399
0.0203412
0.0203421
0.020348
0.0203537
0.0203588
0.0203636
0.0203679
0.0203722
0.0203805
0.0203971
0.020423
0.0204581
0.0205015
0.0205517
0.0206073
0.0206668
0.0207293
0.0207937
0.0208673
0.0222163
0.0203599
0.0202745
0.0202966
0.0202504
0.0202583
0.0202663
0.0202739
0.0202814
0.0202885
0.0202953
0.0203018
0.020308
0.0203138
0.0203192
0.0203241
0.0203285
0.0203322
0.0203354
0.020338
0.0203399
0.0203411
0.020342
0.0203479
0.0203536
0.0203587
0.0203634
0.0203678
0.0203721
0.0203804
0.020397
0.0204229
0.020458
0.0205014
0.0205516
0.0206071
0.0206667
0.0207292
0.0207936
0.0208672
0.0222162
0.02036
0.0202747
0.0202968
0.0202505
0.0202585
0.0202664
0.020274
0.0202815
0.0202886
0.0202954
0.0203019
0.020308
0.0203138
0.0203192
0.0203241
0.0203284
0.0203322
0.0203354
0.0203379
0.0203398
0.020341
0.0203419
0.0203478
0.0203535
0.0203586
0.0203634
0.0203677
0.0203721
0.0203804
0.0203969
0.0204229
0.0204579
0.0205013
0.0205515
0.0206071
0.0206666
0.0207291
0.0207936
0.0208671
0.0222161
0.0203601
0.0202747
0.0202969
0.0202506
0.0202585
0.0202664
0.020274
0.0202815
0.0202886
0.0202954
0.0203018
0.020308
0.0203138
0.0203192
0.020324
0.0203284
0.0203322
0.0203353
0.0203378
0.0203397
0.020341
0.0203419
0.0203477
0.0203535
0.0203586
0.0203633
0.0203677
0.0203721
0.0203803
0.0203969
0.0204228
0.0204579
0.0205013
0.0205515
0.0206071
0.0206666
0.0207291
0.0207936
0.0208671
0.0222161
0.0203601
0.0202747
0.0202968
0.0202505
0.0202585
0.0202663
0.020274
0.0202814
0.0202885
0.0202953
0.0203018
0.0203079
0.0203137
0.0203191
0.020324
0.0203284
0.0203321
0.0203353
0.0203378
0.0203397
0.0203409
0.0203418
0.0203477
0.0203534
0.0203586
0.0203633
0.0203678
0.0203721
0.0203804
0.0203969
0.0204229
0.0204579
0.0205013
0.0205516
0.0206072
0.0206667
0.0207292
0.0207936
0.0208672
0.0222162
0.02036
0.0202746
0.0202967
0.0202504
0.0202583
0.0202662
0.0202738
0.0202813
0.0202884
0.0202952
0.0203017
0.0203079
0.0203137
0.0203191
0.020324
0.0203284
0.0203321
0.0203353
0.0203378
0.0203397
0.0203409
0.0203419
0.0203477
0.0203535
0.0203587
0.0203634
0.0203679
0.0203722
0.0203804
0.020397
0.020423
0.0204581
0.0205015
0.0205518
0.0206073
0.0206669
0.0207294
0.0207938
0.0208674
0.0222164
0.0203598
0.0202745
0.0202965
0.0202502
0.0202582
0.020266
0.0202737
0.0202811
0.0202883
0.0202951
0.0203016
0.0203078
0.0203136
0.020319
0.0203239
0.0203283
0.0203321
0.0203352
0.0203377
0.0203396
0.0203409
0.0203419
0.0203478
0.0203536
0.0203587
0.0203635
0.0203679
0.0203722
0.0203805
0.0203971
0.0204231
0.0204582
0.0205017
0.0205519
0.0206075
0.0206671
0.0207296
0.0207941
0.0208677
0.0222167
0.0203596
0.0202743
0.0202964
0.0202501
0.020258
0.0202659
0.0202736
0.0202811
0.0202882
0.020295
0.0203016
0.0203077
0.0203136
0.020319
0.0203239
0.0203282
0.020332
0.0203352
0.0203377
0.0203396
0.0203409
0.0203419
0.0203478
0.0203536
0.0203588
0.0203636
0.020368
0.0203723
0.0203806
0.0203972
0.0204232
0.0204583
0.0205018
0.020552
0.0206076
0.0206672
0.0207297
0.0207942
0.0208678
0.0222169
0.0203595
0.0202741
0.0202962
0.02025
0.020258
0.0202659
0.0202736
0.020281
0.0202882
0.0202951
0.0203016
0.0203078
0.0203136
0.020319
0.0203239
0.0203283
0.020332
0.0203352
0.0203378
0.0203397
0.020341
0.020342
0.020348
0.0203538
0.0203589
0.0203637
0.0203681
0.0203724
0.0203807
0.0203974
0.0204234
0.0204585
0.020502
0.0205522
0.0206078
0.0206674
0.0207299
0.0207944
0.020868
0.0222171
0.0203594
0.020274
0.0202962
0.0202499
0.020258
0.0202659
0.0202736
0.0202811
0.0202883
0.0202952
0.0203017
0.0203079
0.0203137
0.0203191
0.020324
0.0203284
0.0203322
0.0203354
0.020338
0.02034
0.0203413
0.0203423
0.0203483
0.0203541
0.0203592
0.020364
0.0203684
0.0203728
0.0203811
0.0203978
0.0204238
0.0204589
0.0205023
0.0205525
0.0206081
0.0206677
0.0207302
0.0207947
0.0208683
0.0222174
0.0203593
0.020274
0.0202961
0.02025
0.020258
0.020266
0.0202737
0.0202812
0.0202884
0.0202952
0.0203018
0.020308
0.0203138
0.0203193
0.0203242
0.0203286
0.0203325
0.0203357
0.0203383
0.0203403
0.0203416
0.0203426
0.0203486
0.0203544
0.0203596
0.0203643
0.0203688
0.0203731
0.0203815
0.0203981
0.0204241
0.0204592
0.0205026
0.0205528
0.0206084
0.020668
0.0207305
0.0207951
0.0208687
0.0222177
0.0203592
0.0202739
0.0202961
0.0202499
0.020258
0.0202659
0.0202737
0.0202812
0.0202884
0.0202953
0.0203018
0.020308
0.0203139
0.0203193
0.0203243
0.0203287
0.0203325
0.0203358
0.0203384
0.0203404
0.0203417
0.0203428
0.0203487
0.0203545
0.0203597
0.0203645
0.020369
0.0203734
0.0203818
0.0203984
0.0204244
0.0204595
0.0205029
0.0205532
0.0206088
0.0206684
0.020731
0.0207956
0.0208692
0.0222182
0.020359
0.0202737
0.0202959
0.0202497
0.0202578
0.0202658
0.0202735
0.020281
0.0202883
0.0202952
0.0203018
0.020308
0.0203138
0.0203193
0.0203243
0.0203287
0.0203326
0.0203358
0.0203385
0.0203405
0.0203418
0.0203428
0.0203488
0.0203547
0.02036
0.0203648
0.0203693
0.0203738
0.0203821
0.0203988
0.0204248
0.0204599
0.0205034
0.0205538
0.0206095
0.0206692
0.0207318
0.0207963
0.02087
0.022219
0.0203586
0.0202734
0.0202956
0.0202494
0.0202575
0.0202655
0.0202732
0.0202808
0.0202881
0.020295
0.0203016
0.0203078
0.0203137
0.0203192
0.0203242
0.0203287
0.0203326
0.0203359
0.0203386
0.0203406
0.020342
0.020343
0.0203491
0.020355
0.0203603
0.0203652
0.0203698
0.0203742
0.0203825
0.0203992
0.0204253
0.0204605
0.0205041
0.0205545
0.0206102
0.0206699
0.0207325
0.0207971
0.0208707
0.0222199
0.0203581
0.0202728
0.0202951
0.0202489
0.020257
0.020265
0.0202728
0.0202804
0.0202877
0.0202946
0.0203012
0.0203074
0.0203133
0.0203189
0.020324
0.0203285
0.0203325
0.0203358
0.0203385
0.0203405
0.0203419
0.020343
0.0203492
0.0203551
0.0203605
0.0203654
0.0203698
0.0203742
0.0203825
0.0203993
0.0204254
0.0204606
0.0205042
0.0205546
0.0206102
0.0206699
0.0207325
0.0207971
0.0208707
0.0222198
0.0203573
0.0202721
0.0202943
0.0202482
0.0202563
0.0202644
0.0202721
0.0202797
0.0202869
0.0202938
0.0203004
0.0203067
0.0203127
0.0203183
0.0203235
0.020328
0.020332
0.0203353
0.0203379
0.02034
0.0203414
0.0203426
0.0203487
0.0203547
0.0203599
0.0203647
0.0203691
0.0203734
0.0203818
0.0203985
0.0204246
0.0204598
0.0205033
0.0205536
0.0206092
0.0206688
0.0207313
0.0207959
0.0208695
0.0222185
0.0203562
0.0202709
0.0202932
0.0202471
0.0202553
0.0202633
0.020271
0.0202785
0.0202857
0.0202926
0.0202992
0.0203056
0.0203117
0.0203173
0.0203224
0.0203269
0.0203308
0.0203341
0.0203367
0.0203387
0.0203402
0.0203413
0.0203474
0.0203533
0.0203585
0.0203632
0.0203676
0.0203719
0.0203803
0.0203971
0.0204232
0.0204583
0.0205017
0.020552
0.0206076
0.0206672
0.0207296
0.0207941
0.0208677
0.0222168
0.0203545
0.0202693
0.0202916
0.0202455
0.0202536
0.0202616
0.0202693
0.0202767
0.0202839
0.0202908
0.0202975
0.0203039
0.0203099
0.0203154
0.0203204
0.0203249
0.0203287
0.020332
0.0203347
0.0203367
0.0203382
0.0203393
0.0203454
0.0203512
0.0203564
0.0203612
0.0203657
0.0203701
0.0203786
0.0203953
0.0204214
0.0204565
0.0205
0.0205504
0.0206059
0.0206655
0.020728
0.0207926
0.0208662
0.0222153
0.0203521
0.0202668
0.0202891
0.020243
0.020251
0.020259
0.0202666
0.0202741
0.0202812
0.0202881
0.0202947
0.020301
0.0203069
0.0203124
0.0203174
0.0203219
0.0203258
0.0203291
0.0203318
0.020334
0.0203354
0.0203366
0.0203427
0.0203486
0.0203538
0.0203586
0.0203632
0.0203676
0.0203761
0.0203928
0.0204189
0.020454
0.0204975
0.0205478
0.0206033
0.0206629
0.0207255
0.02079
0.0208636
0.0222126
0.0203485
0.0202632
0.0202854
0.0202392
0.0202472
0.0202551
0.0202627
0.0202701
0.0202772
0.020284
0.0202905
0.0202967
0.0203025
0.020308
0.020313
0.0203176
0.0203215
0.0203249
0.0203277
0.0203298
0.0203312
0.0203324
0.0203385
0.0203444
0.0203496
0.0203545
0.020359
0.0203634
0.0203718
0.0203885
0.0204145
0.0204497
0.020493
0.0205432
0.0205987
0.0206583
0.0207208
0.0207852
0.0208588
0.0222078
0.0203434
0.020258
0.0202801
0.0202337
0.0202417
0.0202495
0.020257
0.0202643
0.0202714
0.020278
0.0202844
0.0202905
0.0202963
0.0203018
0.0203068
0.0203114
0.0203153
0.0203186
0.0203213
0.0203234
0.0203248
0.020326
0.0203321
0.020338
0.0203432
0.0203481
0.0203526
0.020357
0.0203654
0.0203821
0.0204081
0.0204431
0.0204865
0.0205367
0.0205922
0.0206518
0.0207143
0.0207787
0.0208522
0.0222012
0.0203364
0.0202508
0.0202726
0.020226
0.0202337
0.0202414
0.0202488
0.0202559
0.0202628
0.0202693
0.0202755
0.0202814
0.0202871
0.0202925
0.0202975
0.0203019
0.0203057
0.0203089
0.0203115
0.0203136
0.0203151
0.0203163
0.0203223
0.020328
0.0203332
0.0203379
0.0203423
0.0203466
0.0203548
0.0203713
0.0203972
0.0204321
0.0204753
0.0205254
0.0205808
0.0206403
0.0207026
0.0207669
0.0208402
0.0221891
0.020327
0.020241
0.0202623
0.0202152
0.0202225
0.0202297
0.0202366
0.0202434
0.0202498
0.0202559
0.0202618
0.0202675
0.020273
0.0202781
0.0202828
0.020287
0.0202906
0.0202937
0.0202962
0.0202981
0.0202995
0.0203007
0.0203064
0.0203119
0.0203169
0.0203214
0.0203255
0.0203296
0.0203375
0.0203538
0.0203795
0.0204141
0.0204571
0.0205069
0.020562
0.0206211
0.020683
0.0207469
0.02082
0.0221686
0.0203147
0.0202276
0.0202479
0.0201998
0.0202061
0.0202125
0.0202187
0.0202247
0.0202304
0.0202359
0.0202413
0.0202465
0.0202515
0.0202562
0.0202605
0.0202643
0.0202677
0.0202706
0.020273
0.0202749
0.0202763
0.0202774
0.020283
0.0202885
0.0202933
0.0202976
0.0203016
0.0203054
0.0203133
0.0203295
0.0203549
0.0203893
0.020432
0.0204815
0.0205362
0.0205949
0.0206565
0.0207201
0.0207929
0.0221412
0.0202975
0.0202058
0.0202236
0.0201736
0.0201785
0.0201838
0.0201889
0.020194
0.020199
0.0202039
0.0202087
0.0202135
0.0202181
0.0202224
0.0202265
0.0202302
0.0202336
0.0202365
0.0202389
0.0202409
0.0202424
0.0202437
0.0202487
0.0202538
0.0202581
0.020262
0.0202656
0.0202691
0.020276
0.020291
0.0203151
0.0203483
0.0203899
0.0204384
0.0204924
0.0205504
0.0206114
0.0206744
0.0207466
0.0220995
0.0203682
0.0202811
0.020304
0.0202557
0.0202633
0.0202711
0.0202786
0.020286
0.020293
0.0202998
0.0203062
0.0203123
0.0203179
0.020323
0.0203277
0.0203319
0.0203355
0.0203386
0.020341
0.0203429
0.0203441
0.0203451
0.0203511
0.0203588
0.0203655
0.0203718
0.0203775
0.0203829
0.0203911
0.0204063
0.0204302
0.0204626
0.020503
0.0205501
0.0206026
0.0206592
0.0207188
0.0207805
0.0208525
0.0222492
0.0203671
0.0202819
0.0203051
0.0202571
0.0202646
0.0202721
0.0202795
0.0202867
0.0202936
0.0203002
0.0203064
0.0203122
0.0203176
0.0203225
0.020327
0.0203309
0.0203343
0.0203372
0.0203394
0.020341
0.020342
0.0203429
0.0203494
0.0203569
0.0203636
0.0203698
0.0203755
0.020381
0.0203898
0.0204059
0.0204307
0.0204639
0.020505
0.0205527
0.0206057
0.0206626
0.0207224
0.0207844
0.0208565
0.0222494
0.0203705
0.020285
0.0203082
0.0202601
0.0202675
0.020275
0.0202823
0.0202893
0.0202962
0.0203027
0.0203088
0.0203146
0.0203199
0.0203248
0.0203292
0.0203332
0.0203365
0.0203393
0.0203415
0.0203431
0.0203441
0.0203449
0.0203513
0.0203589
0.0203656
0.0203718
0.0203775
0.020383
0.0203918
0.020408
0.0204328
0.0204661
0.0205073
0.0205551
0.0206082
0.0206652
0.0207251
0.0207872
0.0208593
0.0222522
0.0203735
0.020288
0.020311
0.0202629
0.0202703
0.0202777
0.020285
0.020292
0.0202988
0.0203052
0.0203113
0.020317
0.0203223
0.0203272
0.0203316
0.0203355
0.0203389
0.0203416
0.0203438
0.0203453
0.0203462
0.020347
0.0203534
0.020361
0.0203677
0.0203739
0.0203795
0.020385
0.0203938
0.02041
0.0204348
0.0204682
0.0205094
0.0205572
0.0206102
0.0206673
0.0207272
0.0207893
0.0208615
0.0222543
0.0203758
0.0202903
0.0203133
0.0202652
0.0202725
0.0202799
0.0202872
0.0202942
0.0203009
0.0203073
0.0203134
0.0203191
0.0203244
0.0203293
0.0203336
0.0203375
0.0203408
0.0203436
0.0203457
0.0203472
0.0203481
0.0203488
0.0203552
0.0203628
0.0203695
0.0203757
0.0203813
0.0203868
0.0203956
0.0204118
0.0204366
0.0204699
0.0205112
0.020559
0.0206121
0.0206691
0.0207291
0.0207911
0.0208633
0.0222562
0.0203775
0.0202919
0.0203149
0.0202669
0.0202742
0.0202816
0.0202888
0.0202958
0.0203025
0.020309
0.020315
0.0203207
0.020326
0.0203309
0.0203353
0.0203391
0.0203424
0.0203451
0.0203472
0.0203487
0.0203496
0.0203503
0.0203567
0.0203642
0.0203709
0.0203771
0.0203828
0.0203882
0.020397
0.0204132
0.020438
0.0204714
0.0205126
0.0205605
0.0206135
0.0206706
0.0207306
0.0207926
0.0208648
0.0222577
0.0203786
0.0202931
0.0203161
0.0202681
0.0202755
0.0202829
0.0202901
0.020297
0.0203038
0.0203102
0.0203162
0.0203219
0.0203272
0.0203321
0.0203365
0.0203403
0.0203436
0.0203463
0.0203484
0.0203499
0.0203507
0.0203514
0.0203578
0.0203654
0.0203721
0.0203782
0.0203839
0.0203893
0.0203981
0.0204143
0.0204391
0.0204725
0.0205137
0.0205615
0.0206146
0.0206717
0.0207316
0.0207937
0.0208659
0.0222588
0.0203794
0.0202939
0.0203169
0.0202689
0.0202763
0.0202837
0.0202909
0.0202979
0.0203046
0.020311
0.0203171
0.0203228
0.0203281
0.0203329
0.0203373
0.0203412
0.0203445
0.0203472
0.0203492
0.0203507
0.0203515
0.0203522
0.0203587
0.0203662
0.0203729
0.020379
0.0203847
0.0203901
0.0203989
0.0204151
0.0204399
0.0204732
0.0205144
0.0205622
0.0206153
0.0206723
0.0207323
0.0207944
0.0208666
0.0222594
0.0203799
0.0202944
0.0203174
0.0202694
0.0202768
0.0202842
0.0202915
0.0202984
0.0203052
0.0203116
0.0203176
0.0203233
0.0203286
0.0203335
0.0203379
0.0203417
0.020345
0.0203477
0.0203498
0.0203512
0.0203521
0.0203527
0.0203592
0.0203667
0.0203734
0.0203795
0.0203851
0.0203906
0.0203994
0.0204155
0.0204403
0.0204736
0.0205148
0.0205626
0.0206157
0.0206727
0.0207327
0.0207948
0.020867
0.0222598
0.0203802
0.0202947
0.0203177
0.0202697
0.0202771
0.0202845
0.0202918
0.0202988
0.0203055
0.0203119
0.020318
0.0203236
0.0203289
0.0203338
0.0203382
0.020342
0.0203453
0.020348
0.02035
0.0203515
0.0203523
0.020353
0.0203594
0.0203669
0.0203736
0.0203797
0.0203854
0.0203908
0.0203996
0.0204157
0.0204405
0.0204738
0.020515
0.0205628
0.0206159
0.0206729
0.0207329
0.0207949
0.0208672
0.02226
0.0203803
0.0202948
0.0203178
0.0202698
0.0202772
0.0202847
0.0202919
0.0202989
0.0203056
0.020312
0.0203181
0.0203237
0.020329
0.0203339
0.0203383
0.0203421
0.0203454
0.020348
0.0203501
0.0203515
0.0203523
0.020353
0.0203594
0.0203669
0.0203736
0.0203797
0.0203853
0.0203908
0.0203996
0.0204157
0.0204404
0.0204737
0.0205149
0.0205627
0.0206158
0.0206728
0.0207328
0.0207949
0.0208671
0.0222599
0.0203803
0.0202948
0.0203178
0.0202698
0.0202772
0.0202847
0.0202919
0.0202989
0.0203056
0.020312
0.020318
0.0203237
0.020329
0.0203338
0.0203382
0.020342
0.0203453
0.0203479
0.02035
0.0203514
0.0203522
0.0203529
0.0203593
0.0203668
0.0203734
0.0203796
0.0203852
0.0203906
0.0203994
0.0204155
0.0204402
0.0204735
0.0205147
0.0205625
0.0206156
0.0206726
0.0207326
0.0207946
0.0208668
0.0222596
0.0203803
0.0202948
0.0203178
0.0202698
0.0202772
0.0202847
0.0202919
0.0202989
0.0203056
0.020312
0.020318
0.0203236
0.0203289
0.0203338
0.0203382
0.020342
0.0203452
0.0203479
0.0203499
0.0203513
0.0203521
0.0203528
0.0203592
0.0203666
0.0203733
0.0203794
0.020385
0.0203904
0.0203992
0.0204153
0.02044
0.0204734
0.0205146
0.0205624
0.0206154
0.0206724
0.0207324
0.0207944
0.0208666
0.0222594
0.0203803
0.0202948
0.0203178
0.0202699
0.0202773
0.0202848
0.020292
0.020299
0.0203057
0.020312
0.020318
0.0203237
0.020329
0.0203338
0.0203382
0.020342
0.0203453
0.0203479
0.0203499
0.0203513
0.0203521
0.0203528
0.0203592
0.0203666
0.0203733
0.0203794
0.020385
0.0203904
0.0203991
0.0204152
0.02044
0.0204733
0.0205145
0.0205623
0.0206153
0.0206723
0.0207322
0.0207943
0.0208665
0.0222593
0.0203804
0.020295
0.020318
0.02027
0.0202775
0.0202849
0.0202922
0.0202991
0.0203058
0.0203121
0.0203181
0.0203238
0.0203291
0.020334
0.0203383
0.0203421
0.0203454
0.020348
0.02035
0.0203514
0.0203522
0.0203528
0.0203592
0.0203666
0.0203732
0.0203794
0.020385
0.0203903
0.0203991
0.0204152
0.0204399
0.0204733
0.0205145
0.0205622
0.0206153
0.0206723
0.0207322
0.0207943
0.0208664
0.0222592
0.0203806
0.0202951
0.0203182
0.0202702
0.0202777
0.0202852
0.0202924
0.0202993
0.020306
0.0203123
0.0203183
0.020324
0.0203292
0.0203341
0.0203384
0.0203422
0.0203454
0.020348
0.02035
0.0203514
0.0203522
0.0203528
0.0203591
0.0203665
0.0203732
0.0203793
0.0203849
0.0203902
0.020399
0.0204151
0.0204398
0.0204732
0.0205144
0.0205621
0.0206151
0.0206721
0.0207321
0.0207942
0.0208663
0.0222591
0.0203808
0.0202953
0.0203184
0.0202705
0.0202779
0.0202853
0.0202926
0.0202995
0.0203062
0.0203125
0.0203184
0.0203241
0.0203293
0.0203341
0.0203385
0.0203422
0.0203454
0.020348
0.02035
0.0203514
0.0203521
0.0203527
0.020359
0.0203664
0.0203731
0.0203791
0.0203847
0.0203901
0.0203989
0.020415
0.0204397
0.0204731
0.0205142
0.020562
0.020615
0.020672
0.020732
0.0207941
0.0208662
0.022259
0.0203809
0.0202955
0.0203186
0.0202706
0.020278
0.0202855
0.0202927
0.0202996
0.0203062
0.0203125
0.0203185
0.0203241
0.0203293
0.0203341
0.0203384
0.0203422
0.0203454
0.020348
0.0203499
0.0203513
0.020352
0.0203526
0.0203589
0.0203663
0.020373
0.0203791
0.0203847
0.0203901
0.0203988
0.0204149
0.0204397
0.020473
0.0205141
0.0205619
0.0206149
0.020672
0.0207319
0.020794
0.0208662
0.022259
0.020381
0.0202956
0.0203186
0.0202707
0.0202781
0.0202855
0.0202927
0.0202996
0.0203062
0.0203125
0.0203184
0.0203241
0.0203293
0.0203341
0.0203384
0.0203422
0.0203453
0.0203479
0.0203499
0.0203512
0.020352
0.0203525
0.0203589
0.0203663
0.0203729
0.020379
0.0203846
0.02039
0.0203988
0.0204149
0.0204396
0.0204729
0.0205141
0.0205619
0.0206149
0.020672
0.0207319
0.020794
0.0208662
0.022259
0.020381
0.0202956
0.0203186
0.0202706
0.020278
0.0202854
0.0202926
0.0202995
0.0203061
0.0203124
0.0203184
0.020324
0.0203292
0.020334
0.0203384
0.0203421
0.0203453
0.0203479
0.0203499
0.0203512
0.0203519
0.0203525
0.0203588
0.0203663
0.0203729
0.0203791
0.0203847
0.0203901
0.0203988
0.0204149
0.0204397
0.020473
0.0205142
0.020562
0.020615
0.0206721
0.020732
0.0207941
0.0208663
0.0222591
0.0203809
0.0202955
0.0203185
0.0202705
0.0202779
0.0202853
0.0202925
0.0202994
0.020306
0.0203123
0.0203183
0.0203239
0.0203292
0.020334
0.0203383
0.0203421
0.0203453
0.0203479
0.0203498
0.0203512
0.0203519
0.0203525
0.0203589
0.0203663
0.020373
0.0203792
0.0203848
0.0203902
0.0203989
0.020415
0.0204398
0.0204731
0.0205143
0.0205621
0.0206152
0.0206722
0.0207322
0.0207943
0.0208665
0.0222593
0.0203807
0.0202953
0.0203183
0.0202703
0.0202777
0.0202851
0.0202923
0.0202993
0.0203059
0.0203122
0.0203182
0.0203239
0.0203291
0.020334
0.0203383
0.0203421
0.0203453
0.0203478
0.0203498
0.0203511
0.0203519
0.0203525
0.0203589
0.0203664
0.0203731
0.0203792
0.0203849
0.0203902
0.020399
0.0204151
0.0204399
0.0204733
0.0205145
0.0205623
0.0206154
0.0206724
0.0207324
0.0207945
0.0208667
0.0222596
0.0203806
0.0202951
0.0203181
0.0202702
0.0202776
0.020285
0.0202922
0.0202992
0.0203059
0.0203122
0.0203182
0.0203238
0.0203291
0.0203339
0.0203382
0.020342
0.0203452
0.0203478
0.0203497
0.0203511
0.0203519
0.0203525
0.0203589
0.0203664
0.0203731
0.0203793
0.0203849
0.0203903
0.020399
0.0204152
0.02044
0.0204734
0.0205146
0.0205624
0.0206155
0.0206726
0.0207325
0.0207947
0.0208669
0.0222597
0.0203804
0.0202949
0.020318
0.0202701
0.0202775
0.020285
0.0202922
0.0202992
0.0203059
0.0203122
0.0203182
0.0203238
0.0203291
0.0203339
0.0203382
0.020342
0.0203452
0.0203478
0.0203498
0.0203512
0.020352
0.0203527
0.0203591
0.0203666
0.0203732
0.0203794
0.020385
0.0203904
0.0203992
0.0204154
0.0204402
0.0204736
0.0205148
0.0205626
0.0206157
0.0206727
0.0207327
0.0207948
0.0208671
0.0222599
0.0203803
0.0202949
0.020318
0.0202701
0.0202775
0.020285
0.0202923
0.0202993
0.0203059
0.0203123
0.0203183
0.0203239
0.0203292
0.020334
0.0203384
0.0203422
0.0203454
0.020348
0.0203501
0.0203515
0.0203523
0.020353
0.0203594
0.0203669
0.0203736
0.0203797
0.0203853
0.0203907
0.0203995
0.0204157
0.0204406
0.0204739
0.0205151
0.0205629
0.0206159
0.020673
0.020733
0.0207951
0.0208673
0.0222602
0.0203802
0.0202948
0.0203179
0.0202701
0.0202776
0.0202851
0.0202923
0.0202993
0.020306
0.0203124
0.0203184
0.020324
0.0203293
0.0203342
0.0203385
0.0203424
0.0203456
0.0203483
0.0203503
0.0203518
0.0203526
0.0203533
0.0203597
0.0203672
0.0203739
0.02038
0.0203857
0.0203911
0.0203999
0.0204161
0.0204409
0.0204742
0.0205154
0.0205632
0.0206163
0.0206733
0.0207333
0.0207954
0.0208677
0.0222605
0.0203801
0.0202947
0.0203179
0.02027
0.0202775
0.020285
0.0202923
0.0202993
0.020306
0.0203124
0.0203184
0.0203241
0.0203294
0.0203342
0.0203386
0.0203424
0.0203457
0.0203484
0.0203504
0.0203519
0.0203527
0.0203534
0.0203598
0.0203673
0.020374
0.0203802
0.0203859
0.0203914
0.0204002
0.0204164
0.0204412
0.0204745
0.0205157
0.0205635
0.0206166
0.0206737
0.0207338
0.0207959
0.0208682
0.022261
0.0203799
0.0202946
0.0203177
0.0202699
0.0202774
0.0202849
0.0202922
0.0202992
0.0203059
0.0203123
0.0203184
0.020324
0.0203293
0.0203342
0.0203386
0.0203425
0.0203457
0.0203484
0.0203505
0.020352
0.0203528
0.0203535
0.0203599
0.0203675
0.0203743
0.0203805
0.0203862
0.0203917
0.0204006
0.0204168
0.0204416
0.0204749
0.0205162
0.0205641
0.0206173
0.0206744
0.0207345
0.0207967
0.020869
0.0222618
0.0203796
0.0202942
0.0203174
0.0202695
0.020277
0.0202846
0.0202919
0.020299
0.0203057
0.0203122
0.0203182
0.0203239
0.0203292
0.0203341
0.0203385
0.0203425
0.0203458
0.0203485
0.0203506
0.0203521
0.0203529
0.0203537
0.0203602
0.0203678
0.0203746
0.0203809
0.0203867
0.0203921
0.020401
0.0204172
0.0204421
0.0204755
0.0205168
0.0205648
0.020618
0.0206752
0.0207353
0.0207975
0.0208697
0.0222626
0.0203791
0.0202937
0.0203169
0.020269
0.0202766
0.0202841
0.0202915
0.0202986
0.0203053
0.0203117
0.0203178
0.0203235
0.0203289
0.0203338
0.0203383
0.0203423
0.0203457
0.0203484
0.0203505
0.020352
0.0203529
0.0203537
0.0203603
0.0203679
0.0203748
0.020381
0.0203867
0.0203922
0.020401
0.0204172
0.0204421
0.0204756
0.020517
0.0205649
0.020618
0.0206752
0.0207353
0.0207974
0.0208697
0.0222626
0.0203783
0.0202929
0.0203161
0.0202683
0.0202759
0.0202835
0.0202908
0.0202978
0.0203045
0.0203109
0.020317
0.0203228
0.0203282
0.0203333
0.0203378
0.0203418
0.0203451
0.0203479
0.0203499
0.0203514
0.0203524
0.0203532
0.0203598
0.0203674
0.0203742
0.0203804
0.020386
0.0203914
0.0204002
0.0204165
0.0204414
0.0204748
0.020516
0.0205639
0.020617
0.0206741
0.0207341
0.0207962
0.0208685
0.0222613
0.0203771
0.0202918
0.020315
0.0202672
0.0202748
0.0202824
0.0202896
0.0202966
0.0203033
0.0203097
0.0203158
0.0203217
0.0203272
0.0203322
0.0203367
0.0203406
0.0203439
0.0203466
0.0203487
0.0203502
0.0203512
0.0203519
0.0203585
0.020366
0.0203727
0.0203789
0.0203845
0.0203899
0.0203987
0.020415
0.0204399
0.0204732
0.0205145
0.0205623
0.0206154
0.0206725
0.0207324
0.0207945
0.0208668
0.0222596
0.0203754
0.0202901
0.0203133
0.0202655
0.0202731
0.0202806
0.0202878
0.0202948
0.0203015
0.0203079
0.0203141
0.0203199
0.0203253
0.0203303
0.0203347
0.0203386
0.0203419
0.0203446
0.0203467
0.0203482
0.0203492
0.0203499
0.0203564
0.020364
0.0203707
0.0203769
0.0203825
0.020388
0.020397
0.0204133
0.0204381
0.0204715
0.0205128
0.0205607
0.0206138
0.0206708
0.0207308
0.0207929
0.0208652
0.0222581
0.0203729
0.0202876
0.0203108
0.020263
0.0202705
0.020278
0.0202852
0.0202921
0.0202988
0.0203052
0.0203113
0.020317
0.0203224
0.0203273
0.0203317
0.0203356
0.0203389
0.0203417
0.0203438
0.0203454
0.0203464
0.0203472
0.0203537
0.0203613
0.0203681
0.0203743
0.02038
0.0203855
0.0203945
0.0204108
0.0204356
0.020469
0.0205103
0.0205581
0.0206111
0.0206682
0.0207282
0.0207903
0.0208626
0.0222555
0.0203692
0.0202839
0.020307
0.0202591
0.0202666
0.020274
0.0202812
0.0202881
0.0202947
0.0203009
0.0203069
0.0203126
0.0203179
0.0203228
0.0203273
0.0203312
0.0203346
0.0203374
0.0203396
0.0203412
0.0203422
0.020343
0.0203495
0.0203571
0.0203639
0.0203701
0.0203758
0.0203813
0.0203902
0.0204064
0.0204313
0.0204646
0.0205058
0.0205535
0.0206065
0.0206635
0.0207235
0.0207856
0.0208578
0.0222507
0.020364
0.0202785
0.0203015
0.0202535
0.0202609
0.0202682
0.0202753
0.0202822
0.0202887
0.0202949
0.0203007
0.0203063
0.0203116
0.0203165
0.020321
0.0203249
0.0203283
0.020331
0.0203332
0.0203347
0.0203357
0.0203366
0.0203432
0.0203508
0.0203575
0.0203637
0.0203694
0.0203749
0.0203837
0.0204
0.0204248
0.0204581
0.0204993
0.020547
0.0206
0.020657
0.020717
0.0207791
0.0208513
0.0222441
0.0203568
0.020271
0.0202938
0.0202456
0.0202527
0.0202599
0.0202668
0.0202735
0.0202798
0.0202859
0.0202916
0.020297
0.0203022
0.020307
0.0203114
0.0203152
0.0203185
0.0203212
0.0203233
0.0203248
0.0203259
0.0203268
0.0203333
0.0203407
0.0203474
0.0203535
0.0203591
0.0203644
0.0203731
0.0203892
0.0204139
0.020447
0.020488
0.0205357
0.0205886
0.0206455
0.0207054
0.0207672
0.0208392
0.0222321
0.020347
0.0202608
0.0202832
0.0202344
0.020241
0.0202478
0.0202543
0.0202605
0.0202665
0.0202721
0.0202775
0.0202827
0.0202877
0.0202923
0.0202964
0.0203001
0.0203032
0.0203057
0.0203078
0.0203092
0.0203102
0.0203111
0.0203173
0.0203246
0.020331
0.0203369
0.0203423
0.0203474
0.0203558
0.0203717
0.0203961
0.0204291
0.0204698
0.0205172
0.0205698
0.0206264
0.0206858
0.0207473
0.020819
0.0222119
0.0203339
0.0202468
0.020268
0.0202182
0.020224
0.0202299
0.0202356
0.0202411
0.0202464
0.0202514
0.0202564
0.0202611
0.0202656
0.0202698
0.0202736
0.020277
0.0202799
0.0202823
0.0202843
0.0202858
0.0202868
0.0202877
0.0202939
0.020301
0.0203073
0.020313
0.0203182
0.0203231
0.0203314
0.0203472
0.0203715
0.0204041
0.0204446
0.0204917
0.0205439
0.0206001
0.0206592
0.0207204
0.0207919
0.0221847
0.0203151
0.0202234
0.0202421
0.0201903
0.0201948
0.0201995
0.0202042
0.0202089
0.0202135
0.020218
0.0202224
0.0202268
0.0202309
0.0202349
0.0202385
0.0202418
0.0202448
0.0202473
0.0202494
0.0202511
0.0202523
0.0202535
0.020259
0.0202658
0.0202717
0.020277
0.0202819
0.0202865
0.020294
0.0203086
0.0203317
0.0203632
0.0204026
0.0204487
0.0205002
0.0205557
0.0206142
0.0206748
0.0207457
0.0221425
0.0204027
0.0203174
0.0203405
0.0202907
0.0202978
0.0203049
0.0203118
0.0203184
0.0203247
0.0203306
0.0203361
0.0203412
0.0203458
0.0203499
0.0203535
0.0203566
0.0203592
0.0203611
0.0203625
0.0203633
0.0203635
0.0203637
0.020369
0.0203778
0.0203854
0.0203924
0.0203987
0.0204047
0.0204129
0.0204274
0.0204498
0.0204802
0.0205182
0.0205626
0.0206123
0.0206661
0.0207229
0.020782
0.020852
0.0222616
0.0204016
0.0203181
0.0203418
0.0202923
0.0202992
0.0203062
0.0203129
0.0203193
0.0203254
0.0203311
0.0203364
0.0203413
0.0203457
0.0203496
0.020353
0.0203558
0.0203582
0.0203599
0.020361
0.0203616
0.0203615
0.0203615
0.0203675
0.0203761
0.0203836
0.0203905
0.0203969
0.0204028
0.0204117
0.0204269
0.0204501
0.0204813
0.0205199
0.020565
0.0206151
0.0206692
0.0207264
0.0207857
0.0208559
0.0222621
0.0204051
0.0203213
0.020345
0.0202954
0.0203022
0.0203091
0.0203157
0.0203221
0.0203281
0.0203337
0.0203389
0.0203437
0.020348
0.0203519
0.0203553
0.0203581
0.0203604
0.0203621
0.0203631
0.0203636
0.0203636
0.0203635
0.0203695
0.020378
0.0203856
0.0203925
0.0203988
0.0204048
0.0204136
0.020429
0.0204523
0.0204835
0.0205223
0.0205674
0.0206176
0.0206718
0.020729
0.0207885
0.0208587
0.0222649
0.0204081
0.0203243
0.0203479
0.0202983
0.0203051
0.0203119
0.0203185
0.0203248
0.0203307
0.0203363
0.0203415
0.0203462
0.0203505
0.0203543
0.0203577
0.0203605
0.0203627
0.0203644
0.0203654
0.0203659
0.0203657
0.0203656
0.0203716
0.0203801
0.0203877
0.0203946
0.0204009
0.0204068
0.0204157
0.020431
0.0204543
0.0204856
0.0205243
0.0205694
0.0206197
0.0206739
0.0207312
0.0207906
0.0208609
0.022267
0.0204105
0.0203267
0.0203502
0.0203006
0.0203074
0.0203142
0.0203207
0.020327
0.0203329
0.0203384
0.0203436
0.0203483
0.0203526
0.0203564
0.0203597
0.0203625
0.0203647
0.0203663
0.0203674
0.0203678
0.0203676
0.0203675
0.0203734
0.0203819
0.0203895
0.0203964
0.0204027
0.0204086
0.0204174
0.0204328
0.0204561
0.0204873
0.0205261
0.0205712
0.0206215
0.0206758
0.020733
0.0207925
0.0208627
0.0222688
0.0204122
0.0203284
0.0203519
0.0203023
0.0203091
0.0203159
0.0203224
0.0203287
0.0203346
0.0203401
0.0203452
0.0203499
0.0203542
0.020358
0.0203614
0.0203641
0.0203663
0.0203679
0.0203689
0.0203693
0.0203691
0.020369
0.0203749
0.0203834
0.0203909
0.0203978
0.0204041
0.0204101
0.0204189
0.0204342
0.0204575
0.0204888
0.0205276
0.0205727
0.020623
0.0206773
0.0207345
0.020794
0.0208643
0.0222703
0.0204134
0.0203296
0.0203531
0.0203035
0.0203103
0.0203171
0.0203237
0.0203299
0.0203358
0.0203413
0.0203465
0.0203512
0.0203555
0.0203593
0.0203626
0.0203653
0.0203675
0.0203691
0.0203701
0.0203705
0.0203703
0.0203701
0.020376
0.0203845
0.0203921
0.0203989
0.0204052
0.0204111
0.02042
0.0204353
0.0204586
0.0204899
0.0205286
0.0205738
0.0206241
0.0206783
0.0207356
0.0207951
0.0208653
0.0222714
0.0204142
0.0203304
0.0203539
0.0203044
0.0203112
0.020318
0.0203245
0.0203308
0.0203367
0.0203422
0.0203473
0.020352
0.0203563
0.0203601
0.0203635
0.0203662
0.0203684
0.02037
0.0203709
0.0203713
0.0203711
0.0203709
0.0203768
0.0203853
0.0203929
0.0203997
0.020406
0.0204119
0.0204207
0.0204361
0.0204593
0.0204906
0.0205294
0.0205745
0.0206248
0.020679
0.0207363
0.0207957
0.020866
0.022272
0.0204147
0.0203309
0.0203544
0.0203049
0.0203117
0.0203185
0.0203251
0.0203313
0.0203372
0.0203428
0.0203479
0.0203526
0.0203569
0.0203607
0.020364
0.0203668
0.0203689
0.0203705
0.0203715
0.0203718
0.0203716
0.0203714
0.0203774
0.0203858
0.0203934
0.0204002
0.0204065
0.0204124
0.0204212
0.0204366
0.0204598
0.0204911
0.0205298
0.0205749
0.0206252
0.0206794
0.0207367
0.0207961
0.0208664
0.0222724
0.020415
0.0203312
0.0203547
0.0203051
0.020312
0.0203188
0.0203254
0.0203316
0.0203376
0.0203431
0.0203482
0.0203529
0.0203572
0.020361
0.0203643
0.0203671
0.0203692
0.0203708
0.0203717
0.0203721
0.0203719
0.0203717
0.0203776
0.0203861
0.0203936
0.0204005
0.0204067
0.0204126
0.0204214
0.0204368
0.02046
0.0204912
0.02053
0.0205751
0.0206253
0.0206796
0.0207368
0.0207963
0.0208666
0.0222726
0.0204151
0.0203313
0.0203548
0.0203052
0.0203121
0.020319
0.0203255
0.0203318
0.0203377
0.0203432
0.0203483
0.020353
0.0203573
0.0203611
0.0203644
0.0203671
0.0203693
0.0203708
0.0203718
0.0203721
0.0203719
0.0203717
0.0203776
0.0203861
0.0203936
0.0204004
0.0204067
0.0204126
0.0204214
0.0204367
0.02046
0.0204912
0.0205299
0.020575
0.0206253
0.0206795
0.0207368
0.0207962
0.0208665
0.0222725
0.0204151
0.0203313
0.0203548
0.0203053
0.0203121
0.020319
0.0203256
0.0203318
0.0203377
0.0203432
0.0203483
0.020353
0.0203572
0.0203611
0.0203644
0.0203671
0.0203692
0.0203708
0.0203717
0.020372
0.0203718
0.0203716
0.0203775
0.0203859
0.0203934
0.0204003
0.0204065
0.0204125
0.0204212
0.0204365
0.0204598
0.020491
0.0205297
0.0205748
0.0206251
0.0206793
0.0207365
0.020796
0.0208663
0.0222723
0.0204151
0.0203313
0.0203548
0.0203053
0.0203121
0.020319
0.0203256
0.0203318
0.0203377
0.0203431
0.0203482
0.0203529
0.0203572
0.020361
0.0203643
0.020367
0.0203692
0.0203707
0.0203716
0.0203719
0.0203717
0.0203715
0.0203774
0.0203858
0.0203933
0.0204002
0.0204064
0.0204123
0.0204211
0.0204364
0.0204596
0.0204908
0.0205295
0.0205746
0.0206249
0.0206791
0.0207363
0.0207958
0.020866
0.022272
0.0204151
0.0203314
0.0203548
0.0203054
0.0203122
0.0203191
0.0203256
0.0203319
0.0203377
0.0203432
0.0203483
0.020353
0.0203572
0.020361
0.0203643
0.0203671
0.0203692
0.0203707
0.0203716
0.0203719
0.0203717
0.0203715
0.0203773
0.0203858
0.0203933
0.0204001
0.0204063
0.0204122
0.020421
0.0204363
0.0204595
0.0204907
0.0205295
0.0205746
0.0206248
0.020679
0.0207362
0.0207957
0.0208659
0.0222719
0.0204152
0.0203315
0.020355
0.0203055
0.0203124
0.0203193
0.0203258
0.020332
0.0203379
0.0203433
0.0203484
0.0203531
0.0203574
0.0203612
0.0203645
0.0203672
0.0203693
0.0203708
0.0203717
0.020372
0.0203717
0.0203715
0.0203773
0.0203858
0.0203933
0.0204001
0.0204063
0.0204122
0.0204209
0.0204362
0.0204595
0.0204907
0.0205294
0.0205745
0.0206247
0.020679
0.0207362
0.0207956
0.0208659
0.0222719
0.0204154
0.0203317
0.0203552
0.0203057
0.0203126
0.0203195
0.020326
0.0203322
0.0203381
0.0203435
0.0203486
0.0203532
0.0203575
0.0203613
0.0203646
0.0203672
0.0203693
0.0203708
0.0203717
0.020372
0.0203718
0.0203715
0.0203773
0.0203857
0.0203932
0.0204
0.0204062
0.0204121
0.0204208
0.0204361
0.0204594
0.0204906
0.0205293
0.0205744
0.0206246
0.0206789
0.0207361
0.0207955
0.0208658
0.0222718
0.0204156
0.0203319
0.0203554
0.0203059
0.0203128
0.0203196
0.0203262
0.0203324
0.0203382
0.0203436
0.0203487
0.0203533
0.0203576
0.0203613
0.0203646
0.0203673
0.0203693
0.0203708
0.0203717
0.020372
0.0203717
0.0203714
0.0203772
0.0203856
0.0203931
0.0203999
0.0204061
0.020412
0.0204207
0.020436
0.0204593
0.0204905
0.0205292
0.0205743
0.0206245
0.0206787
0.020736
0.0207954
0.0208657
0.0222717
0.0204158
0.020332
0.0203556
0.0203061
0.0203129
0.0203198
0.0203263
0.0203325
0.0203383
0.0203437
0.0203487
0.0203534
0.0203576
0.0203613
0.0203646
0.0203672
0.0203693
0.0203708
0.0203717
0.0203719
0.0203716
0.0203713
0.0203771
0.0203855
0.020393
0.0203998
0.020406
0.0204119
0.0204207
0.020436
0.0204592
0.0204904
0.0205291
0.0205742
0.0206244
0.0206787
0.0207359
0.0207954
0.0208656
0.0222716
0.0204158
0.0203321
0.0203556
0.0203061
0.020313
0.0203198
0.0203263
0.0203325
0.0203383
0.0203437
0.0203487
0.0203533
0.0203575
0.0203613
0.0203645
0.0203672
0.0203693
0.0203707
0.0203716
0.0203718
0.0203715
0.0203712
0.020377
0.0203855
0.0203929
0.0203998
0.020406
0.0204119
0.0204207
0.020436
0.0204592
0.0204904
0.0205291
0.0205742
0.0206244
0.0206787
0.0207359
0.0207954
0.0208656
0.0222716
0.0204158
0.0203321
0.0203556
0.0203061
0.0203129
0.0203197
0.0203262
0.0203324
0.0203382
0.0203436
0.0203486
0.0203533
0.0203575
0.0203613
0.0203645
0.0203672
0.0203693
0.0203707
0.0203716
0.0203718
0.0203715
0.0203712
0.020377
0.0203855
0.020393
0.0203998
0.020406
0.0204119
0.0204207
0.020436
0.0204592
0.0204904
0.0205291
0.0205743
0.0206245
0.0206788
0.020736
0.0207954
0.0208657
0.0222717
0.0204157
0.020332
0.0203555
0.020306
0.0203128
0.0203196
0.0203261
0.0203323
0.0203381
0.0203435
0.0203485
0.0203532
0.0203574
0.0203612
0.0203645
0.0203672
0.0203692
0.0203707
0.0203715
0.0203718
0.0203715
0.0203712
0.0203771
0.0203855
0.020393
0.0203999
0.0204061
0.020412
0.0204208
0.0204361
0.0204593
0.0204906
0.0205293
0.0205744
0.0206247
0.0206789
0.0207362
0.0207956
0.0208659
0.0222719
0.0204156
0.0203318
0.0203553
0.0203058
0.0203126
0.0203194
0.020326
0.0203322
0.020338
0.0203434
0.0203485
0.0203531
0.0203574
0.0203612
0.0203644
0.0203671
0.0203692
0.0203706
0.0203715
0.0203718
0.0203715
0.0203713
0.0203771
0.0203856
0.0203931
0.0204
0.0204062
0.0204121
0.0204209
0.0204362
0.0204594
0.0204907
0.0205294
0.0205746
0.0206249
0.0206791
0.0207364
0.0207959
0.0208662
0.0222722
0.0204154
0.0203316
0.0203551
0.0203056
0.0203125
0.0203193
0.0203259
0.0203321
0.0203379
0.0203434
0.0203484
0.0203531
0.0203573
0.0203611
0.0203644
0.020367
0.0203691
0.0203706
0.0203714
0.0203717
0.0203715
0.0203712
0.0203771
0.0203856
0.0203931
0.0204
0.0204063
0.0204121
0.0204209
0.0204362
0.0204595
0.0204908
0.0205296
0.0205747
0.020625
0.0206793
0.0207365
0.020796
0.0208663
0.0222724
0.0204152
0.0203315
0.020355
0.0203056
0.0203124
0.0203193
0.0203258
0.0203321
0.0203379
0.0203434
0.0203484
0.0203531
0.0203574
0.0203611
0.0203644
0.0203671
0.0203692
0.0203706
0.0203715
0.0203718
0.0203716
0.0203714
0.0203773
0.0203858
0.0203933
0.0204001
0.0204064
0.0204123
0.0204211
0.0204364
0.0204597
0.020491
0.0205297
0.0205749
0.0206252
0.0206794
0.0207367
0.0207962
0.0208665
0.0222725
0.0204151
0.0203314
0.020355
0.0203056
0.0203125
0.0203193
0.0203259
0.0203321
0.020338
0.0203435
0.0203485
0.0203532
0.0203575
0.0203612
0.0203645
0.0203672
0.0203693
0.0203709
0.0203718
0.0203721
0.0203719
0.0203717
0.0203776
0.0203861
0.0203936
0.0204004
0.0204067
0.0204126
0.0204214
0.0204368
0.0204601
0.0204913
0.0205301
0.0205752
0.0206254
0.0206797
0.0207369
0.0207964
0.0208667
0.0222728
0.020415
0.0203314
0.020355
0.0203056
0.0203125
0.0203194
0.020326
0.0203322
0.0203381
0.0203436
0.0203486
0.0203533
0.0203576
0.0203614
0.0203647
0.0203674
0.0203695
0.0203711
0.020372
0.0203724
0.0203722
0.020372
0.0203779
0.0203864
0.0203939
0.0204007
0.020407
0.0204129
0.0204218
0.0204371
0.0204604
0.0204917
0.0205304
0.0205755
0.0206257
0.02068
0.0207372
0.0207968
0.0208671
0.0222731
0.020415
0.0203313
0.0203549
0.0203055
0.0203125
0.0203194
0.0203259
0.0203322
0.0203381
0.0203436
0.0203487
0.0203534
0.0203576
0.0203615
0.0203648
0.0203675
0.0203696
0.0203712
0.0203721
0.0203725
0.0203723
0.0203721
0.020378
0.0203865
0.020394
0.0204009
0.0204072
0.0204132
0.0204221
0.0204375
0.0204607
0.020492
0.0205307
0.0205758
0.0206261
0.0206804
0.0207377
0.0207973
0.0208676
0.0222736
0.0204148
0.0203311
0.0203547
0.0203054
0.0203123
0.0203192
0.0203258
0.0203321
0.020338
0.0203435
0.0203486
0.0203533
0.0203576
0.0203614
0.0203647
0.0203675
0.0203697
0.0203712
0.0203722
0.0203726
0.0203724
0.0203722
0.0203781
0.0203867
0.0203943
0.0204012
0.0204076
0.0204136
0.0204224
0.0204378
0.0204611
0.0204924
0.0205312
0.0205764
0.0206267
0.0206811
0.0207384
0.020798
0.0208684
0.0222744
0.0204144
0.0203308
0.0203544
0.020305
0.020312
0.0203189
0.0203255
0.0203319
0.0203378
0.0203433
0.0203484
0.0203532
0.0203575
0.0203613
0.0203647
0.0203675
0.0203697
0.0203713
0.0203723
0.0203727
0.0203725
0.0203723
0.0203784
0.020387
0.0203946
0.0204016
0.020408
0.020414
0.0204228
0.0204382
0.0204616
0.0204929
0.0205318
0.020577
0.0206274
0.0206818
0.0207392
0.0207988
0.0208691
0.0222752
0.0204139
0.0203303
0.0203539
0.0203045
0.0203115
0.0203185
0.0203251
0.0203315
0.0203374
0.0203429
0.020348
0.0203528
0.0203571
0.0203611
0.0203645
0.0203673
0.0203696
0.0203712
0.0203722
0.0203726
0.0203724
0.0203724
0.0203784
0.0203871
0.0203947
0.0204017
0.0204081
0.020414
0.0204228
0.0204382
0.0204616
0.020493
0.0205319
0.0205771
0.0206275
0.0206818
0.0207392
0.0207987
0.0208691
0.0222752
0.0204131
0.0203295
0.0203531
0.0203038
0.0203108
0.0203178
0.0203244
0.0203307
0.0203366
0.0203421
0.0203473
0.0203521
0.0203565
0.0203605
0.020364
0.0203668
0.0203691
0.0203707
0.0203716
0.020372
0.0203719
0.0203719
0.020378
0.0203866
0.0203942
0.0204011
0.0204073
0.0204132
0.020422
0.0204375
0.0204609
0.0204922
0.020531
0.0205761
0.0206265
0.0206808
0.0207381
0.0207976
0.0208679
0.0222739
0.0204119
0.0203283
0.020352
0.0203027
0.0203097
0.0203166
0.0203232
0.0203295
0.0203354
0.0203409
0.0203461
0.020351
0.0203554
0.0203594
0.0203628
0.0203657
0.0203679
0.0203694
0.0203704
0.0203708
0.0203707
0.0203706
0.0203766
0.0203852
0.0203927
0.0203996
0.0204058
0.0204117
0.0204206
0.0204361
0.0204594
0.0204907
0.0205294
0.0205746
0.0206249
0.0206792
0.0207364
0.0207959
0.0208662
0.0222722
0.0204102
0.0203266
0.0203503
0.020301
0.020308
0.0203149
0.0203214
0.0203276
0.0203335
0.0203391
0.0203443
0.0203492
0.0203536
0.0203575
0.0203608
0.0203636
0.0203658
0.0203673
0.0203683
0.0203688
0.0203687
0.0203686
0.0203746
0.0203832
0.0203907
0.0203976
0.0204039
0.0204099
0.0204188
0.0204343
0.0204576
0.0204889
0.0205277
0.0205729
0.0206232
0.0206775
0.0207347
0.0207943
0.0208646
0.0222707
0.0204077
0.020324
0.0203477
0.0202984
0.0203053
0.0203122
0.0203187
0.0203249
0.0203308
0.0203363
0.0203414
0.0203462
0.0203505
0.0203544
0.0203577
0.0203605
0.0203628
0.0203644
0.0203655
0.020366
0.0203659
0.0203659
0.0203719
0.0203805
0.0203881
0.020395
0.0204013
0.0204073
0.0204163
0.0204317
0.0204551
0.0204864
0.0205252
0.0205704
0.0206206
0.0206749
0.0207321
0.0207916
0.020862
0.0222681
0.0204039
0.0203202
0.0203438
0.0202944
0.0203013
0.0203081
0.0203146
0.0203207
0.0203265
0.0203319
0.020337
0.0203417
0.020346
0.0203499
0.0203533
0.0203561
0.0203584
0.0203601
0.0203612
0.0203617
0.0203616
0.0203616
0.0203677
0.0203763
0.0203838
0.0203908
0.0203971
0.0204031
0.020412
0.0204274
0.0204507
0.020482
0.0205207
0.0205658
0.020616
0.0206702
0.0207274
0.0207869
0.0208572
0.0222633
0.0203985
0.0203147
0.0203382
0.0202887
0.0202954
0.0203022
0.0203086
0.0203147
0.0203204
0.0203257
0.0203307
0.0203353
0.0203396
0.0203434
0.0203468
0.0203497
0.020352
0.0203537
0.0203547
0.0203552
0.0203551
0.0203552
0.0203613
0.0203699
0.0203774
0.0203843
0.0203906
0.0203966
0.0204055
0.0204209
0.0204442
0.0204755
0.0205141
0.0205592
0.0206094
0.0206637
0.0207209
0.0207804
0.0208506
0.0222568
0.020391
0.020307
0.0203302
0.0202805
0.020287
0.0202936
0.0202998
0.0203058
0.0203113
0.0203164
0.0203212
0.0203258
0.0203299
0.0203338
0.0203371
0.0203399
0.0203421
0.0203437
0.0203447
0.0203452
0.0203452
0.0203453
0.0203513
0.0203598
0.0203672
0.0203741
0.0203803
0.0203861
0.0203948
0.0204101
0.0204333
0.0204643
0.0205029
0.0205479
0.020598
0.0206521
0.0207092
0.0207685
0.0208386
0.0222449
0.0203808
0.0202963
0.0203191
0.0202688
0.0202749
0.020281
0.0202868
0.0202923
0.0202975
0.0203023
0.0203068
0.0203111
0.0203151
0.0203187
0.0203218
0.0203244
0.0203265
0.020328
0.020329
0.0203294
0.0203294
0.0203295
0.0203353
0.0203436
0.0203508
0.0203574
0.0203634
0.0203691
0.0203775
0.0203926
0.0204155
0.0204464
0.0204847
0.0205294
0.0205792
0.020633
0.0206897
0.0207487
0.0208185
0.0222248
0.020367
0.0202815
0.0203031
0.0202518
0.020257
0.0202623
0.0202674
0.0202722
0.0202766
0.0202809
0.020285
0.0202888
0.0202924
0.0202956
0.0202984
0.0203008
0.0203027
0.0203042
0.0203052
0.0203057
0.0203058
0.020306
0.0203117
0.0203198
0.020327
0.0203334
0.0203392
0.0203447
0.020353
0.0203679
0.0203907
0.0204213
0.0204594
0.0205038
0.0205533
0.0206067
0.0206631
0.0207217
0.0207912
0.0221977
0.0203466
0.0202567
0.0202757
0.0202224
0.0202264
0.0202305
0.0202346
0.0202386
0.0202425
0.0202462
0.0202498
0.0202533
0.0202566
0.0202596
0.0202624
0.0202648
0.0202668
0.0202684
0.0202697
0.0202705
0.0202709
0.0202714
0.0202764
0.0202843
0.0202911
0.0202972
0.0203027
0.0203078
0.0203155
0.0203293
0.020351
0.0203805
0.0204175
0.020461
0.0205096
0.0205624
0.0206182
0.0206762
0.0207451
0.0221554
0.0204476
0.020365
0.0203882
0.0203367
0.0203433
0.0203498
0.0203559
0.0203615
0.0203668
0.0203716
0.0203759
0.0203798
0.0203831
0.0203859
0.0203881
0.0203898
0.0203909
0.0203915
0.0203914
0.0203908
0.0203896
0.0203886
0.0203927
0.0204018
0.0204099
0.0204171
0.0204236
0.0204297
0.0204377
0.0204512
0.020472
0.0205001
0.0205355
0.020577
0.0206237
0.0206745
0.0207284
0.0207847
0.0208524
0.0222574
0.0204464
0.0203656
0.0203895
0.0203384
0.0203448
0.0203511
0.020357
0.0203625
0.0203676
0.0203722
0.0203763
0.0203799
0.020383
0.0203856
0.0203876
0.0203891
0.02039
0.0203903
0.0203899
0.020389
0.0203876
0.0203865
0.0203912
0.0204002
0.0204081
0.0204153
0.0204218
0.0204279
0.0204363
0.0204506
0.020472
0.020501
0.020537
0.0205791
0.0206263
0.0206775
0.0207317
0.0207883
0.0208561
0.022258
0.0204499
0.0203689
0.0203927
0.0203416
0.0203478
0.020354
0.0203599
0.0203653
0.0203703
0.0203748
0.0203789
0.0203824
0.0203854
0.020388
0.0203899
0.0203914
0.0203922
0.0203924
0.0203921
0.0203911
0.0203897
0.0203884
0.0203932
0.0204021
0.0204101
0.0204173
0.0204237
0.0204298
0.0204383
0.0204526
0.0204742
0.0205032
0.0205393
0.0205815
0.0206288
0.0206801
0.0207344
0.0207911
0.0208589
0.0222608
0.0204531
0.020372
0.0203957
0.0203445
0.0203507
0.0203569
0.0203627
0.020368
0.020373
0.0203775
0.0203814
0.0203849
0.0203879
0.0203904
0.0203924
0.0203938
0.0203946
0.0203948
0.0203944
0.0203934
0.0203919
0.0203906
0.0203953
0.0204042
0.0204122
0.0204193
0.0204258
0.0204319
0.0204404
0.0204547
0.0204762
0.0205052
0.0205413
0.0205836
0.0206309
0.0206822
0.0207365
0.0207932
0.0208611
0.0222629
0.0204555
0.0203744
0.020398
0.0203468
0.0203531
0.0203592
0.0203649
0.0203703
0.0203752
0.0203796
0.0203836
0.0203871
0.0203901
0.0203925
0.0203945
0.0203958
0.0203966
0.0203968
0.0203963
0.0203953
0.0203937
0.0203924
0.0203971
0.0204061
0.020414
0.0204211
0.0204276
0.0204337
0.0204421
0.0204564
0.020478
0.020507
0.0205431
0.0205854
0.0206327
0.020684
0.0207384
0.0207951
0.020863
0.0222647
0.0204573
0.0203762
0.0203998
0.0203486
0.0203548
0.0203609
0.0203667
0.020372
0.0203769
0.0203813
0.0203853
0.0203887
0.0203917
0.0203942
0.0203961
0.0203975
0.0203982
0.0203984
0.0203979
0.0203968
0.0203952
0.0203939
0.0203986
0.0204075
0.0204155
0.0204226
0.0204291
0.0204351
0.0204436
0.0204579
0.0204794
0.0205085
0.0205446
0.0205869
0.0206342
0.0206855
0.0207399
0.0207966
0.0208645
0.0222662
0.0204585
0.0203774
0.020401
0.0203499
0.0203561
0.0203622
0.0203679
0.0203733
0.0203781
0.0203826
0.0203865
0.02039
0.020393
0.0203954
0.0203974
0.0203987
0.0203994
0.0203996
0.0203991
0.020398
0.0203964
0.020395
0.0203997
0.0204087
0.0204166
0.0204237
0.0204302
0.0204362
0.0204447
0.020459
0.0204805
0.0205096
0.0205457
0.020588
0.0206353
0.0206866
0.0207409
0.0207976
0.0208655
0.0222673
0.0204593
0.0203783
0.0204018
0.0203507
0.020357
0.0203631
0.0203688
0.0203741
0.020379
0.0203834
0.0203874
0.0203909
0.0203939
0.0203963
0.0203982
0.0203996
0.0204003
0.0204004
0.0203999
0.0203988
0.0203972
0.0203959
0.0204005
0.0204095
0.0204174
0.0204245
0.0204309
0.020437
0.0204454
0.0204597
0.0204813
0.0205103
0.0205464
0.0205887
0.020636
0.0206873
0.0207416
0.0207983
0.0208662
0.0222679
0.0204598
0.0203788
0.0204023
0.0203513
0.0203575
0.0203636
0.0203694
0.0203747
0.0203796
0.020384
0.020388
0.0203914
0.0203944
0.0203969
0.0203988
0.0204001
0.0204009
0.020401
0.0204005
0.0203993
0.0203977
0.0203964
0.020401
0.02041
0.0204179
0.020425
0.0204314
0.0204374
0.0204459
0.0204602
0.0204817
0.0205107
0.0205468
0.0205891
0.0206364
0.0206877
0.020742
0.0207987
0.0208666
0.0222683
0.0204601
0.020379
0.0204026
0.0203515
0.0203578
0.020364
0.0203697
0.020375
0.0203799
0.0203843
0.0203883
0.0203918
0.0203947
0.0203972
0.0203991
0.0204004
0.0204011
0.0204012
0.0204007
0.0203996
0.020398
0.0203966
0.0204013
0.0204102
0.0204181
0.0204252
0.0204317
0.0204377
0.0204461
0.0204604
0.0204819
0.0205109
0.020547
0.0205892
0.0206365
0.0206878
0.0207422
0.0207989
0.0208668
0.0222685
0.0204602
0.0203791
0.0204027
0.0203516
0.0203579
0.0203641
0.0203698
0.0203752
0.02038
0.0203845
0.0203884
0.0203919
0.0203948
0.0203973
0.0203992
0.0204005
0.0204012
0.0204013
0.0204008
0.0203996
0.020398
0.0203966
0.0204013
0.0204102
0.0204181
0.0204252
0.0204317
0.0204377
0.0204461
0.0204604
0.0204819
0.0205109
0.020547
0.0205892
0.0206365
0.0206878
0.0207421
0.0207988
0.0208667
0.0222684
0.0204602
0.0203791
0.0204027
0.0203517
0.020358
0.0203641
0.0203699
0.0203752
0.02038
0.0203844
0.0203884
0.0203918
0.0203948
0.0203972
0.0203991
0.0204004
0.0204011
0.0204012
0.0204007
0.0203995
0.0203979
0.0203965
0.0204012
0.0204101
0.020418
0.0204251
0.0204315
0.0204375
0.020446
0.0204602
0.0204817
0.0205107
0.0205468
0.020589
0.0206363
0.0206876
0.0207419
0.0207986
0.0208665
0.0222682
0.0204602
0.0203791
0.0204027
0.0203517
0.020358
0.0203641
0.0203699
0.0203752
0.02038
0.0203844
0.0203883
0.0203918
0.0203947
0.0203972
0.0203991
0.0204004
0.0204011
0.0204011
0.0204006
0.0203995
0.0203978
0.0203964
0.020401
0.02041
0.0204178
0.020425
0.0204314
0.0204374
0.0204458
0.02046
0.0204815
0.0205105
0.0205466
0.0205888
0.0206361
0.0206874
0.0207417
0.0207984
0.0208663
0.022268
0.0204602
0.0203792
0.0204028
0.0203518
0.020358
0.0203642
0.0203699
0.0203752
0.0203801
0.0203844
0.0203884
0.0203918
0.0203948
0.0203972
0.0203991
0.0204004
0.0204011
0.0204012
0.0204006
0.0203995
0.0203978
0.0203964
0.020401
0.0204099
0.0204178
0.0204249
0.0204313
0.0204373
0.0204457
0.02046
0.0204814
0.0205104
0.0205465
0.0205887
0.020636
0.0206873
0.0207416
0.0207983
0.0208662
0.0222679
0.0204604
0.0203793
0.020403
0.0203519
0.0203582
0.0203644
0.0203701
0.0203754
0.0203802
0.0203846
0.0203885
0.0203919
0.0203949
0.0203974
0.0203992
0.0204005
0.0204012
0.0204012
0.0204007
0.0203995
0.0203979
0.0203965
0.020401
0.0204099
0.0204178
0.0204249
0.0204313
0.0204372
0.0204457
0.0204599
0.0204814
0.0205104
0.0205465
0.0205887
0.020636
0.0206872
0.0207415
0.0207982
0.0208661
0.0222678
0.0204605
0.0203795
0.0204032
0.0203521
0.0203584
0.0203646
0.0203703
0.0203756
0.0203804
0.0203848
0.0203887
0.0203921
0.020395
0.0203975
0.0203993
0.0204006
0.0204012
0.0204013
0.0204007
0.0203996
0.0203979
0.0203964
0.020401
0.0204099
0.0204177
0.0204248
0.0204312
0.0204371
0.0204456
0.0204598
0.0204813
0.0205103
0.0205464
0.0205886
0.0206359
0.0206871
0.0207414
0.0207981
0.020866
0.0222677
0.0204607
0.0203797
0.0204034
0.0203523
0.0203586
0.0203648
0.0203705
0.0203758
0.0203806
0.0203849
0.0203888
0.0203922
0.0203951
0.0203975
0.0203994
0.0204006
0.0204012
0.0204013
0.0204007
0.0203995
0.0203978
0.0203964
0.0204009
0.0204098
0.0204176
0.0204247
0.020431
0.020437
0.0204454
0.0204597
0.0204812
0.0205102
0.0205463
0.0205885
0.0206357
0.020687
0.0207413
0.020798
0.0208659
0.0222676
0.0204609
0.0203799
0.0204035
0.0203525
0.0203587
0.0203649
0.0203706
0.0203758
0.0203806
0.0203849
0.0203888
0.0203922
0.0203951
0.0203975
0.0203993
0.0204006
0.0204012
0.0204012
0.0204006
0.0203994
0.0203977
0.0203963
0.0204008
0.0204097
0.0204175
0.0204246
0.020431
0.0204369
0.0204454
0.0204596
0.0204811
0.0205101
0.0205462
0.0205884
0.0206357
0.0206869
0.0207413
0.0207979
0.0208658
0.0222675
0.020461
0.02038
0.0204036
0.0203525
0.0203588
0.0203649
0.0203706
0.0203758
0.0203806
0.0203849
0.0203888
0.0203922
0.0203951
0.0203975
0.0203993
0.0204005
0.0204012
0.0204012
0.0204006
0.0203994
0.0203977
0.0203962
0.0204007
0.0204096
0.0204175
0.0204245
0.0204309
0.0204369
0.0204454
0.0204596
0.0204811
0.0205101
0.0205462
0.0205884
0.0206357
0.0206869
0.0207413
0.0207979
0.0208658
0.0222675
0.020461
0.0203799
0.0204036
0.0203525
0.0203587
0.0203648
0.0203705
0.0203758
0.0203805
0.0203849
0.0203887
0.0203921
0.020395
0.0203974
0.0203993
0.0204005
0.0204012
0.0204012
0.0204006
0.0203994
0.0203977
0.0203962
0.0204007
0.0204096
0.0204175
0.0204246
0.020431
0.020437
0.0204454
0.0204597
0.0204812
0.0205101
0.0205462
0.0205884
0.0206357
0.020687
0.0207413
0.020798
0.0208659
0.0222676
0.0204609
0.0203798
0.0204034
0.0203523
0.0203586
0.0203647
0.0203704
0.0203757
0.0203804
0.0203848
0.0203886
0.020392
0.020395
0.0203974
0.0203993
0.0204005
0.0204011
0.0204011
0.0204005
0.0203993
0.0203977
0.0203962
0.0204008
0.0204097
0.0204176
0.0204247
0.0204311
0.0204371
0.0204455
0.0204597
0.0204813
0.0205103
0.0205463
0.0205886
0.0206359
0.0206872
0.0207415
0.0207982
0.0208661
0.0222678
0.0204607
0.0203797
0.0204033
0.0203522
0.0203584
0.0203646
0.0203703
0.0203755
0.0203803
0.0203847
0.0203886
0.020392
0.0203949
0.0203974
0.0203992
0.0204004
0.0204011
0.0204011
0.0204005
0.0203993
0.0203976
0.0203962
0.0204008
0.0204097
0.0204176
0.0204248
0.0204312
0.0204372
0.0204456
0.0204598
0.0204814
0.0205104
0.0205465
0.0205888
0.0206361
0.0206874
0.0207417
0.0207984
0.0208664
0.0222681
0.0204605
0.0203795
0.0204031
0.020352
0.0203583
0.0203644
0.0203702
0.0203755
0.0203803
0.0203846
0.0203885
0.0203919
0.0203949
0.0203973
0.0203991
0.0204004
0.020401
0.020401
0.0204004
0.0203993
0.0203976
0.0203962
0.0204008
0.0204098
0.0204177
0.0204248
0.0204312
0.0204372
0.0204457
0.0204599
0.0204815
0.0205105
0.0205466
0.0205889
0.0206362
0.0206875
0.0207419
0.0207986
0.0208665
0.0222683
0.0204604
0.0203793
0.020403
0.020352
0.0203583
0.0203644
0.0203702
0.0203755
0.0203803
0.0203846
0.0203885
0.020392
0.0203949
0.0203973
0.0203992
0.0204004
0.0204011
0.0204011
0.0204005
0.0203994
0.0203977
0.0203963
0.020401
0.0204099
0.0204178
0.0204249
0.0204314
0.0204374
0.0204458
0.0204601
0.0204817
0.0205107
0.0205468
0.0205891
0.0206364
0.0206877
0.0207421
0.0207988
0.0208667
0.0222684
0.0204603
0.0203793
0.020403
0.020352
0.0203583
0.0203645
0.0203702
0.0203755
0.0203804
0.0203847
0.0203886
0.0203921
0.020395
0.0203974
0.0203993
0.0204006
0.0204013
0.0204013
0.0204008
0.0203996
0.020398
0.0203966
0.0204013
0.0204103
0.0204181
0.0204253
0.0204317
0.0204376
0.0204461
0.0204604
0.020482
0.0205111
0.0205471
0.0205894
0.0206367
0.020688
0.0207423
0.020799
0.020867
0.0222687
0.0204602
0.0203793
0.020403
0.020352
0.0203583
0.0203645
0.0203703
0.0203756
0.0203805
0.0203848
0.0203887
0.0203922
0.0203951
0.0203976
0.0203995
0.0204008
0.0204015
0.0204015
0.020401
0.0203999
0.0203983
0.0203969
0.0204016
0.0204106
0.0204184
0.0204255
0.0204319
0.020438
0.0204465
0.0204608
0.0204824
0.0205114
0.0205475
0.0205897
0.020637
0.0206883
0.0207426
0.0207993
0.0208673
0.022269
0.0204601
0.0203792
0.0204029
0.020352
0.0203583
0.0203645
0.0203703
0.0203756
0.0203805
0.0203849
0.0203888
0.0203922
0.0203952
0.0203977
0.0203996
0.0204009
0.0204015
0.0204016
0.0204011
0.0204
0.0203984
0.020397
0.0204017
0.0204107
0.0204186
0.0204257
0.0204321
0.0204382
0.0204468
0.0204611
0.0204827
0.0205117
0.0205477
0.02059
0.0206373
0.0206887
0.0207431
0.0207998
0.0208678
0.0222695
0.0204599
0.020379
0.0204028
0.0203518
0.0203581
0.0203643
0.0203701
0.0203755
0.0203804
0.0203848
0.0203887
0.0203922
0.0203952
0.0203976
0.0203995
0.0204009
0.0204016
0.0204017
0.0204012
0.0204001
0.0203985
0.0203972
0.0204018
0.0204108
0.0204188
0.020426
0.0204325
0.0204386
0.0204472
0.0204615
0.020483
0.0205121
0.0205482
0.0205905
0.0206379
0.0206893
0.0207438
0.0208006
0.0208686
0.0222703
0.0204596
0.0203787
0.0204024
0.0203515
0.0203578
0.0203641
0.0203699
0.0203753
0.0203802
0.0203846
0.0203885
0.020392
0.020395
0.0203975
0.0203995
0.0204009
0.0204016
0.0204018
0.0204013
0.0204002
0.0203986
0.0203973
0.020402
0.0204111
0.0204191
0.0204264
0.0204329
0.0204391
0.0204476
0.0204619
0.0204835
0.0205126
0.0205488
0.0205912
0.0206386
0.02069
0.0207445
0.0208013
0.0208693
0.0222711
0.0204591
0.0203781
0.0204019
0.020351
0.0203574
0.0203636
0.0203695
0.0203749
0.0203798
0.0203842
0.0203881
0.0203917
0.0203947
0.0203973
0.0203993
0.0204007
0.0204015
0.0204017
0.0204012
0.0204001
0.0203986
0.0203973
0.0204021
0.0204112
0.0204193
0.0204265
0.020433
0.0204391
0.0204475
0.0204619
0.0204836
0.0205127
0.0205489
0.0205913
0.0206386
0.0206901
0.0207445
0.0208013
0.0208693
0.022271
0.0204583
0.0203774
0.0204011
0.0203502
0.0203567
0.0203629
0.0203687
0.0203741
0.020379
0.0203834
0.0203874
0.020391
0.0203941
0.0203967
0.0203988
0.0204002
0.020401
0.0204011
0.0204006
0.0203996
0.0203981
0.0203968
0.0204016
0.0204107
0.0204187
0.0204259
0.0204323
0.0204383
0.0204468
0.0204612
0.0204828
0.0205119
0.020548
0.0205903
0.0206377
0.020689
0.0207434
0.0208002
0.0208681
0.0222698
0.0204571
0.0203762
0.0204
0.0203491
0.0203555
0.0203618
0.0203675
0.0203728
0.0203777
0.0203822
0.0203862
0.0203898
0.020393
0.0203956
0.0203976
0.020399
0.0203998
0.0203999
0.0203994
0.0203983
0.0203968
0.0203956
0.0204003
0.0204094
0.0204173
0.0204244
0.0204308
0.0204368
0.0204453
0.0204597
0.0204813
0.0205104
0.0205465
0.0205888
0.0206361
0.0206874
0.0207418
0.0207985
0.0208664
0.0222681
0.0204553
0.0203744
0.0203983
0.0203474
0.0203537
0.0203599
0.0203657
0.020371
0.0203759
0.0203803
0.0203844
0.020388
0.0203911
0.0203936
0.0203956
0.0203969
0.0203977
0.0203978
0.0203973
0.0203963
0.0203948
0.0203935
0.0203983
0.0204073
0.0204152
0.0204224
0.0204288
0.0204349
0.0204435
0.0204579
0.0204795
0.0205086
0.0205448
0.0205871
0.0206345
0.0206858
0.0207401
0.0207968
0.0208648
0.0222666
0.0204527
0.0203718
0.0203956
0.0203447
0.020351
0.0203572
0.0203629
0.0203682
0.020373
0.0203775
0.0203814
0.020385
0.020388
0.0203905
0.0203925
0.0203938
0.0203946
0.0203948
0.0203944
0.0203935
0.020392
0.0203908
0.0203956
0.0204046
0.0204126
0.0204197
0.0204263
0.0204324
0.020441
0.0204554
0.020477
0.0205061
0.0205423
0.0205846
0.0206318
0.0206831
0.0207375
0.0207942
0.0208622
0.022264
0.0204488
0.0203679
0.0203916
0.0203406
0.0203469
0.020353
0.0203587
0.0203639
0.0203687
0.020373
0.0203769
0.0203804
0.0203834
0.0203859
0.0203879
0.0203894
0.0203902
0.0203905
0.0203901
0.0203892
0.0203877
0.0203865
0.0203913
0.0204004
0.0204083
0.0204155
0.020422
0.0204281
0.0204366
0.020451
0.0204726
0.0205017
0.0205378
0.02058
0.0206272
0.0206784
0.0207328
0.0207895
0.0208574
0.0222593
0.0204432
0.0203622
0.0203858
0.0203347
0.0203409
0.0203469
0.0203525
0.0203577
0.0203624
0.0203666
0.0203704
0.0203738
0.0203768
0.0203793
0.0203814
0.0203828
0.0203837
0.0203839
0.0203835
0.0203826
0.0203812
0.02038
0.0203849
0.0203939
0.0204019
0.020409
0.0204155
0.0204216
0.0204301
0.0204445
0.0204661
0.0204951
0.0205311
0.0205733
0.0206206
0.0206719
0.0207262
0.0207829
0.0208508
0.0222528
0.0204355
0.0203542
0.0203776
0.0203262
0.0203322
0.020338
0.0203435
0.0203485
0.020353
0.0203571
0.0203607
0.020364
0.020367
0.0203694
0.0203714
0.0203728
0.0203736
0.0203738
0.0203734
0.0203725
0.0203711
0.0203701
0.0203749
0.0203838
0.0203916
0.0203987
0.0204051
0.0204111
0.0204194
0.0204336
0.0204551
0.020484
0.0205199
0.020562
0.0206091
0.0206603
0.0207145
0.020771
0.0208388
0.0222409
0.0204248
0.0203431
0.020366
0.0203141
0.0203196
0.020325
0.02033
0.0203346
0.0203387
0.0203425
0.0203459
0.020349
0.0203517
0.020354
0.0203558
0.020357
0.0203577
0.0203578
0.0203574
0.0203565
0.0203552
0.0203542
0.0203588
0.0203675
0.0203752
0.020382
0.0203882
0.020394
0.0204021
0.0204161
0.0204373
0.020466
0.0205017
0.0205435
0.0205904
0.0206412
0.0206951
0.0207513
0.0208187
0.022221
0.0204102
0.0203274
0.0203492
0.0202963
0.0203009
0.0203055
0.0203097
0.0203136
0.0203171
0.0203203
0.0203233
0.020326
0.0203284
0.0203303
0.0203318
0.0203329
0.0203335
0.0203336
0.0203333
0.0203325
0.0203313
0.0203304
0.0203351
0.0203437
0.0203512
0.0203579
0.0203639
0.0203694
0.0203774
0.0203913
0.0204124
0.0204408
0.0204762
0.0205178
0.0205643
0.0206148
0.0206683
0.0207242
0.0207914
0.022194
0.0203884
0.0203012
0.0203204
0.0202655
0.0202688
0.0202723
0.0202757
0.0202788
0.0202817
0.0202845
0.020287
0.0202894
0.0202915
0.0202934
0.0202949
0.0202961
0.0202969
0.0202972
0.0202972
0.0202968
0.020296
0.0202956
0.0202995
0.0203078
0.020315
0.0203215
0.0203272
0.0203324
0.0203398
0.0203527
0.0203727
0.0204001
0.0204345
0.0204751
0.0205208
0.0205706
0.0206235
0.0206788
0.0207454
0.0221517
0.0205005
0.0204212
0.0204442
0.020391
0.020397
0.0204027
0.0204079
0.0204126
0.0204167
0.0204203
0.0204233
0.0204257
0.0204275
0.0204287
0.0204294
0.0204295
0.020429
0.0204278
0.0204261
0.0204238
0.020421
0.0204186
0.0204212
0.02043
0.0204382
0.0204453
0.0204517
0.0204576
0.0204651
0.0204775
0.0204964
0.0205222
0.0205548
0.0205934
0.020637
0.0206847
0.0207356
0.0207889
0.0208539
0.0222433
0.0204991
0.0204217
0.0204454
0.0203926
0.0203984
0.0204039
0.020409
0.0204135
0.0204174
0.0204208
0.0204236
0.0204258
0.0204274
0.0204284
0.0204288
0.0204287
0.0204279
0.0204265
0.0204246
0.020422
0.020419
0.0204165
0.0204196
0.0204284
0.0204364
0.0204435
0.0204498
0.0204557
0.0204636
0.0204766
0.0204962
0.0205228
0.0205561
0.0205952
0.0206393
0.0206874
0.0207386
0.0207923
0.0208574
0.0222439
0.0205027
0.020425
0.0204487
0.0203958
0.0204015
0.0204069
0.0204119
0.0204163
0.0204202
0.0204235
0.0204262
0.0204283
0.0204298
0.0204308
0.0204312
0.020431
0.0204302
0.0204287
0.0204267
0.0204241
0.0204211
0.0204184
0.0204215
0.0204303
0.0204384
0.0204454
0.0204518
0.0204576
0.0204656
0.0204786
0.0204983
0.020525
0.0205584
0.0205976
0.0206418
0.02069
0.0207413
0.0207951
0.0208602
0.0222466
0.020506
0.0204282
0.0204517
0.0203988
0.0204045
0.0204099
0.0204147
0.0204191
0.0204229
0.0204261
0.0204288
0.0204309
0.0204324
0.0204333
0.0204337
0.0204334
0.0204326
0.0204311
0.020429
0.0204264
0.0204232
0.0204206
0.0204237
0.0204324
0.0204405
0.0204475
0.0204538
0.0204597
0.0204676
0.0204807
0.0205004
0.0205271
0.0205604
0.0205997
0.0206439
0.0206921
0.0207434
0.0207972
0.0208624
0.0222488
0.0205084
0.0204306
0.0204541
0.0204012
0.0204068
0.0204122
0.0204171
0.0204214
0.0204251
0.0204283
0.020431
0.020433
0.0204345
0.0204355
0.0204358
0.0204355
0.0204346
0.0204331
0.020431
0.0204283
0.0204251
0.0204224
0.0204255
0.0204343
0.0204423
0.0204493
0.0204557
0.0204615
0.0204694
0.0204825
0.0205022
0.0205289
0.0205622
0.0206015
0.0206458
0.020694
0.0207453
0.0207991
0.0208643
0.0222506
0.0205102
0.0204324
0.0204559
0.020403
0.0204086
0.020414
0.0204188
0.0204231
0.0204269
0.0204301
0.0204327
0.0204347
0.0204362
0.0204371
0.0204375
0.0204372
0.0204363
0.0204347
0.0204326
0.0204298
0.0204267
0.0204239
0.020427
0.0204357
0.0204437
0.0204508
0.0204571
0.0204629
0.0204708
0.0204839
0.0205036
0.0205303
0.0205637
0.020603
0.0206472
0.0206955
0.0207468
0.0208005
0.0208658
0.022252
0.0205115
0.0204337
0.0204572
0.0204043
0.0204099
0.0204153
0.0204201
0.0204244
0.0204282
0.0204313
0.0204339
0.020436
0.0204375
0.0204384
0.0204387
0.0204384
0.0204375
0.0204359
0.0204338
0.020431
0.0204278
0.0204251
0.0204281
0.0204369
0.0204449
0.0204519
0.0204582
0.020464
0.0204719
0.020485
0.0205047
0.0205314
0.0205648
0.0206041
0.0206483
0.0206965
0.0207478
0.0208016
0.0208668
0.0222531
0.0205123
0.0204346
0.020458
0.0204052
0.0204108
0.0204162
0.020421
0.0204253
0.0204291
0.0204322
0.0204348
0.0204369
0.0204384
0.0204393
0.0204396
0.0204393
0.0204384
0.0204368
0.0204346
0.0204318
0.0204286
0.0204259
0.0204289
0.0204377
0.0204457
0.0204527
0.020459
0.0204648
0.0204727
0.0204858
0.0205055
0.0205321
0.0205655
0.0206048
0.020649
0.0206972
0.0207485
0.0208023
0.0208675
0.0222538
0.0205129
0.0204351
0.0204585
0.0204057
0.0204114
0.0204167
0.0204216
0.0204259
0.0204296
0.0204328
0.0204354
0.0204375
0.020439
0.0204399
0.0204402
0.0204399
0.0204389
0.0204373
0.0204351
0.0204324
0.0204292
0.0204264
0.0204294
0.0204382
0.0204462
0.0204532
0.0204595
0.0204653
0.0204732
0.0204862
0.0205059
0.0205326
0.0205659
0.0206052
0.0206494
0.0206976
0.0207489
0.0208027
0.0208679
0.0222541
0.0205131
0.0204354
0.0204588
0.020406
0.0204117
0.0204171
0.0204219
0.0204262
0.02043
0.0204331
0.0204357
0.0204378
0.0204393
0.0204402
0.0204405
0.0204402
0.0204392
0.0204376
0.0204354
0.0204326
0.0204294
0.0204266
0.0204297
0.0204384
0.0204464
0.0204534
0.0204597
0.0204655
0.0204734
0.0204865
0.0205061
0.0205328
0.0205661
0.0206054
0.0206496
0.0206978
0.0207491
0.0208029
0.0208681
0.0222543
0.0205132
0.0204355
0.0204589
0.0204061
0.0204118
0.0204172
0.0204221
0.0204264
0.0204301
0.0204333
0.0204359
0.0204379
0.0204394
0.0204403
0.0204406
0.0204402
0.0204393
0.0204377
0.0204355
0.0204327
0.0204294
0.0204267
0.0204297
0.0204384
0.0204464
0.0204534
0.0204597
0.0204655
0.0204734
0.0204864
0.0205061
0.0205327
0.0205661
0.0206053
0.0206495
0.0206977
0.020749
0.0208028
0.020868
0.0222542
0.0205132
0.0204355
0.0204589
0.0204061
0.0204118
0.0204172
0.0204221
0.0204264
0.0204301
0.0204332
0.0204358
0.0204379
0.0204393
0.0204402
0.0204405
0.0204402
0.0204392
0.0204376
0.0204354
0.0204326
0.0204293
0.0204266
0.0204295
0.0204383
0.0204463
0.0204533
0.0204595
0.0204653
0.0204732
0.0204863
0.0205059
0.0205325
0.0205659
0.0206051
0.0206493
0.0206975
0.0207488
0.0208026
0.0208678
0.022254
0.0205132
0.0204355
0.0204589
0.0204061
0.0204118
0.0204172
0.0204221
0.0204264
0.0204301
0.0204332
0.0204358
0.0204378
0.0204393
0.0204402
0.0204405
0.0204401
0.0204391
0.0204375
0.0204353
0.0204325
0.0204292
0.0204265
0.0204294
0.0204382
0.0204461
0.0204531
0.0204594
0.0204652
0.0204731
0.0204861
0.0205057
0.0205324
0.0205657
0.0206049
0.0206491
0.0206973
0.0207486
0.0208024
0.0208676
0.0222538
0.0205133
0.0204355
0.020459
0.0204062
0.0204119
0.0204173
0.0204222
0.0204264
0.0204301
0.0204332
0.0204358
0.0204378
0.0204393
0.0204402
0.0204405
0.0204402
0.0204392
0.0204375
0.0204353
0.0204325
0.0204293
0.0204264
0.0204294
0.0204381
0.0204461
0.0204531
0.0204593
0.0204651
0.020473
0.020486
0.0205056
0.0205323
0.0205656
0.0206049
0.0206491
0.0206972
0.0207485
0.0208023
0.0208675
0.0222537
0.0205134
0.0204357
0.0204592
0.0204064
0.0204121
0.0204175
0.0204223
0.0204266
0.0204303
0.0204334
0.020436
0.020438
0.0204394
0.0204403
0.0204406
0.0204403
0.0204393
0.0204376
0.0204354
0.0204326
0.0204293
0.0204265
0.0204294
0.0204381
0.0204461
0.0204531
0.0204593
0.0204651
0.0204729
0.0204859
0.0205056
0.0205322
0.0205656
0.0206048
0.020649
0.0206972
0.0207484
0.0208022
0.0208674
0.0222536
0.0205136
0.0204359
0.0204594
0.0204066
0.0204123
0.0204177
0.0204225
0.0204268
0.0204305
0.0204336
0.0204361
0.0204381
0.0204396
0.0204405
0.0204407
0.0204403
0.0204393
0.0204377
0.0204354
0.0204326
0.0204293
0.0204264
0.0204294
0.0204381
0.020446
0.020453
0.0204592
0.020465
0.0204728
0.0204858
0.0205055
0.0205322
0.0205655
0.0206047
0.0206489
0.0206971
0.0207484
0.0208021
0.0208673
0.0222535
0.0205138
0.0204361
0.0204596
0.0204068
0.0204125
0.0204179
0.0204227
0.0204269
0.0204306
0.0204337
0.0204362
0.0204382
0.0204397
0.0204405
0.0204407
0.0204403
0.0204393
0.0204376
0.0204354
0.0204325
0.0204292
0.0204264
0.0204293
0.020438
0.0204459
0.0204529
0.0204591
0.0204648
0.0204727
0.0204857
0.0205054
0.0205321
0.0205654
0.0206046
0.0206488
0.020697
0.0207482
0.020802
0.0208672
0.0222534
0.020514
0.0204362
0.0204597
0.0204069
0.0204126
0.020418
0.0204228
0.020427
0.0204307
0.0204337
0.0204362
0.0204382
0.0204396
0.0204405
0.0204407
0.0204403
0.0204393
0.0204376
0.0204353
0.0204325
0.0204292
0.0204263
0.0204292
0.0204379
0.0204458
0.0204528
0.020459
0.0204648
0.0204727
0.0204857
0.0205054
0.020532
0.0205653
0.0206045
0.0206487
0.0206969
0.0207482
0.020802
0.0208672
0.0222534
0.020514
0.0204363
0.0204598
0.020407
0.0204126
0.020418
0.0204228
0.020427
0.0204306
0.0204337
0.0204362
0.0204382
0.0204396
0.0204404
0.0204407
0.0204403
0.0204392
0.0204376
0.0204353
0.0204324
0.0204291
0.0204262
0.0204291
0.0204378
0.0204458
0.0204527
0.020459
0.0204648
0.0204727
0.0204857
0.0205053
0.020532
0.0205653
0.0206045
0.0206487
0.0206969
0.0207482
0.020802
0.0208672
0.0222534
0.020514
0.0204363
0.0204598
0.0204069
0.0204126
0.0204179
0.0204227
0.0204269
0.0204306
0.0204336
0.0204362
0.0204381
0.0204396
0.0204404
0.0204406
0.0204402
0.0204392
0.0204375
0.0204352
0.0204324
0.0204291
0.0204262
0.0204291
0.0204378
0.0204458
0.0204528
0.020459
0.0204648
0.0204727
0.0204857
0.0205054
0.020532
0.0205653
0.0206046
0.0206488
0.020697
0.0207483
0.020802
0.0208672
0.0222535
0.0205139
0.0204362
0.0204596
0.0204068
0.0204124
0.0204178
0.0204226
0.0204268
0.0204305
0.0204336
0.0204361
0.0204381
0.0204395
0.0204404
0.0204406
0.0204402
0.0204392
0.0204375
0.0204352
0.0204324
0.0204291
0.0204262
0.0204292
0.0204379
0.0204459
0.0204529
0.0204591
0.0204649
0.0204728
0.0204858
0.0205055
0.0205321
0.0205654
0.0206047
0.0206489
0.0206971
0.0207484
0.0208022
0.0208674
0.0222537
0.0205137
0.020436
0.0204595
0.0204066
0.0204123
0.0204177
0.0204225
0.0204267
0.0204304
0.0204335
0.020436
0.020438
0.0204395
0.0204403
0.0204406
0.0204402
0.0204391
0.0204375
0.0204352
0.0204323
0.0204291
0.0204262
0.0204292
0.020438
0.0204459
0.0204529
0.0204592
0.020465
0.0204729
0.0204859
0.0205056
0.0205322
0.0205656
0.0206049
0.0206491
0.0206973
0.0207486
0.0208024
0.0208677
0.0222539
0.0205136
0.0204358
0.0204593
0.0204065
0.0204122
0.0204176
0.0204224
0.0204266
0.0204303
0.0204334
0.020436
0.020438
0.0204394
0.0204403
0.0204405
0.0204401
0.0204391
0.0204374
0.0204351
0.0204323
0.020429
0.0204262
0.0204292
0.020438
0.020446
0.020453
0.0204593
0.0204651
0.0204729
0.020486
0.0205057
0.0205324
0.0205657
0.020605
0.0206492
0.0206975
0.0207488
0.0208026
0.0208678
0.0222541
0.0205134
0.0204357
0.0204592
0.0204064
0.0204121
0.0204175
0.0204224
0.0204266
0.0204303
0.0204334
0.020436
0.020438
0.0204394
0.0204403
0.0204405
0.0204402
0.0204391
0.0204375
0.0204352
0.0204324
0.0204292
0.0204264
0.0204294
0.0204381
0.0204461
0.0204532
0.0204594
0.0204652
0.0204731
0.0204861
0.0205059
0.0205326
0.0205659
0.0206052
0.0206495
0.0206977
0.020749
0.0208028
0.020868
0.0222543
0.0205133
0.0204356
0.0204592
0.0204064
0.0204122
0.0204176
0.0204224
0.0204267
0.0204304
0.0204335
0.0204361
0.0204381
0.0204396
0.0204404
0.0204407
0.0204403
0.0204393
0.0204377
0.0204355
0.0204327
0.0204295
0.0204267
0.0204297
0.0204385
0.0204465
0.0204535
0.0204597
0.0204655
0.0204734
0.0204865
0.0205062
0.0205329
0.0205663
0.0206055
0.0206497
0.0206979
0.0207492
0.020803
0.0208683
0.0222545
0.0205133
0.0204356
0.0204592
0.0204065
0.0204122
0.0204176
0.0204225
0.0204268
0.0204305
0.0204336
0.0204362
0.0204382
0.0204397
0.0204406
0.0204409
0.0204405
0.0204395
0.0204379
0.0204357
0.0204329
0.0204297
0.020427
0.02043
0.0204388
0.0204468
0.0204538
0.02046
0.0204658
0.0204737
0.0204869
0.0205066
0.0205333
0.0205666
0.0206058
0.02065
0.0206982
0.0207495
0.0208034
0.0208686
0.0222549
0.0205132
0.0204356
0.0204592
0.0204064
0.0204122
0.0204176
0.0204225
0.0204268
0.0204305
0.0204337
0.0204362
0.0204383
0.0204398
0.0204407
0.020441
0.0204406
0.0204396
0.020438
0.0204358
0.0204331
0.0204299
0.0204271
0.0204301
0.0204389
0.0204469
0.0204539
0.0204602
0.0204661
0.0204741
0.0204872
0.0205069
0.0205335
0.0205669
0.0206061
0.0206504
0.0206986
0.02075
0.0208038
0.0208691
0.0222554
0.020513
0.0204354
0.020459
0.0204063
0.020412
0.0204175
0.0204224
0.0204267
0.0204304
0.0204336
0.0204362
0.0204382
0.0204397
0.0204406
0.0204409
0.0204406
0.0204397
0.0204381
0.0204359
0.0204332
0.02043
0.0204272
0.0204303
0.0204391
0.0204471
0.0204542
0.0204605
0.0204665
0.0204745
0.0204876
0.0205073
0.0205339
0.0205673
0.0206067
0.020651
0.0206993
0.0207507
0.0208046
0.0208699
0.0222561
0.0205127
0.0204351
0.0204587
0.020406
0.0204117
0.0204172
0.0204221
0.0204265
0.0204302
0.0204334
0.020436
0.0204381
0.0204396
0.0204405
0.0204409
0.0204406
0.0204397
0.0204382
0.020436
0.0204333
0.0204301
0.0204274
0.0204305
0.0204394
0.0204474
0.0204546
0.020461
0.0204669
0.0204749
0.0204879
0.0205077
0.0205345
0.0205679
0.0206073
0.0206516
0.0207
0.0207514
0.0208053
0.0208706
0.0222568
0.0205121
0.0204345
0.0204581
0.0204055
0.0204113
0.0204168
0.0204217
0.0204261
0.0204298
0.020433
0.0204356
0.0204377
0.0204393
0.0204403
0.0204407
0.0204405
0.0204396
0.0204381
0.0204359
0.0204332
0.02043
0.0204274
0.0204305
0.0204395
0.0204476
0.0204547
0.0204611
0.0204669
0.0204748
0.0204879
0.0205078
0.0205346
0.020568
0.0206074
0.0206517
0.0207
0.0207514
0.0208053
0.0208706
0.0222568
0.0205113
0.0204337
0.0204574
0.0204047
0.0204106
0.020416
0.020421
0.0204253
0.020429
0.0204322
0.0204349
0.020437
0.0204387
0.0204397
0.0204402
0.02044
0.0204391
0.0204375
0.0204354
0.0204327
0.0204295
0.0204269
0.0204301
0.020439
0.020447
0.0204541
0.0204604
0.0204662
0.0204741
0.0204872
0.0205071
0.0205338
0.0205671
0.0206064
0.0206507
0.020699
0.0207504
0.0208042
0.0208694
0.0222557
0.0205101
0.0204326
0.0204562
0.0204036
0.0204094
0.0204148
0.0204197
0.020424
0.0204278
0.020431
0.0204337
0.0204359
0.0204375
0.0204386
0.020439
0.0204388
0.0204378
0.0204363
0.0204341
0.0204314
0.0204283
0.0204256
0.0204287
0.0204376
0.0204456
0.0204526
0.0204589
0.0204646
0.0204726
0.0204858
0.0205056
0.0205322
0.0205656
0.0206049
0.0206492
0.0206974
0.0207487
0.0208025
0.0208677
0.022254
0.0205083
0.0204308
0.0204544
0.0204018
0.0204076
0.020413
0.0204178
0.0204221
0.0204259
0.0204291
0.0204318
0.020434
0.0204356
0.0204366
0.0204369
0.0204366
0.0204357
0.0204341
0.020432
0.0204293
0.0204262
0.0204236
0.0204267
0.0204355
0.0204436
0.0204506
0.0204569
0.0204628
0.0204708
0.020484
0.0205037
0.0205304
0.0205639
0.0206033
0.0206475
0.0206957
0.020747
0.0208009
0.0208661
0.0222524
0.0205057
0.0204281
0.0204517
0.020399
0.0204048
0.0204101
0.020415
0.0204192
0.020423
0.0204262
0.0204288
0.0204309
0.0204324
0.0204334
0.0204338
0.0204335
0.0204326
0.0204312
0.0204291
0.0204265
0.0204234
0.0204208
0.0204239
0.0204328
0.0204409
0.0204479
0.0204543
0.0204602
0.0204682
0.0204814
0.0205011
0.0205279
0.0205614
0.0206007
0.0206449
0.0206931
0.0207444
0.0207982
0.0208635
0.0222498
0.0205017
0.020424
0.0204476
0.0203948
0.0204005
0.0204059
0.0204106
0.0204148
0.0204185
0.0204216
0.0204242
0.0204262
0.0204277
0.0204287
0.0204291
0.020429
0.0204282
0.0204267
0.0204247
0.0204221
0.0204191
0.0204165
0.0204197
0.0204286
0.0204366
0.0204437
0.02045
0.0204559
0.0204639
0.020477
0.0204968
0.0205235
0.0205568
0.0205961
0.0206402
0.0206884
0.0207397
0.0207935
0.0208587
0.0222451
0.0204959
0.0204181
0.0204416
0.0203887
0.0203943
0.0203996
0.0204043
0.0204084
0.020412
0.020415
0.0204175
0.0204195
0.020421
0.020422
0.0204225
0.0204223
0.0204215
0.0204201
0.0204181
0.0204155
0.0204125
0.02041
0.0204132
0.0204221
0.0204301
0.0204372
0.0204435
0.0204494
0.0204573
0.0204705
0.0204902
0.0205169
0.0205502
0.0205894
0.0206336
0.0206818
0.0207331
0.0207868
0.0208521
0.0222386
0.0204879
0.0204098
0.0204331
0.02038
0.0203854
0.0203904
0.020395
0.0203989
0.0204023
0.0204052
0.0204076
0.0204095
0.0204109
0.0204119
0.0204123
0.0204121
0.0204112
0.0204098
0.0204078
0.0204052
0.0204023
0.0203999
0.0204031
0.0204119
0.0204198
0.0204268
0.020433
0.0204388
0.0204466
0.0204596
0.0204792
0.0205057
0.0205389
0.020578
0.0206221
0.0206702
0.0207213
0.020775
0.02084
0.0222268
0.0204767
0.0203982
0.020421
0.0203673
0.0203722
0.0203769
0.020381
0.0203845
0.0203876
0.0203901
0.0203923
0.020394
0.0203953
0.0203961
0.0203963
0.020396
0.0203951
0.0203936
0.0203916
0.0203891
0.0203863
0.0203839
0.020387
0.0203956
0.0204033
0.0204101
0.0204161
0.0204216
0.0204292
0.020442
0.0204614
0.0204877
0.0205207
0.0205596
0.0206034
0.0206512
0.020702
0.0207553
0.0208201
0.0222071
0.0204612
0.0203816
0.0204033
0.0203486
0.0203526
0.0203564
0.0203598
0.0203627
0.0203651
0.0203672
0.0203689
0.0203703
0.0203712
0.0203717
0.0203717
0.0203713
0.0203704
0.0203689
0.020367
0.0203647
0.0203621
0.0203599
0.0203631
0.0203716
0.0203792
0.0203858
0.0203916
0.020397
0.0204044
0.0204171
0.0204363
0.0204624
0.0204951
0.0205337
0.0205772
0.0206247
0.0206752
0.0207282
0.0207927
0.0221801
0.020438
0.0203542
0.0203731
0.0203165
0.0203193
0.0203221
0.0203245
0.0203267
0.0203286
0.0203302
0.0203316
0.0203327
0.0203335
0.0203339
0.020334
0.0203337
0.0203331
0.020332
0.0203305
0.0203286
0.0203265
0.0203248
0.0203275
0.0203355
0.0203429
0.0203492
0.0203548
0.0203599
0.0203667
0.0203785
0.0203967
0.0204218
0.0204536
0.0204912
0.0205339
0.0205806
0.0206305
0.0206829
0.0207468
0.022138
0.0205599
0.0204842
0.0205068
0.0204516
0.020457
0.020462
0.0204662
0.0204698
0.0204727
0.0204749
0.0204764
0.0204773
0.0204775
0.0204771
0.020476
0.0204743
0.020472
0.0204691
0.0204655
0.0204614
0.0204569
0.020453
0.0204539
0.0204618
0.0204699
0.0204767
0.0204827
0.0204881
0.0204949
0.020506
0.020523
0.0205465
0.0205763
0.0206118
0.0206523
0.0206967
0.0207444
0.0207947
0.0208566
0.0222222
0.0205582
0.0204844
0.0205078
0.020453
0.0204582
0.020463
0.0204671
0.0204705
0.0204732
0.0204753
0.0204766
0.0204773
0.0204773
0.0204766
0.0204753
0.0204734
0.0204708
0.0204676
0.0204638
0.0204595
0.0204548
0.0204507
0.0204521
0.0204601
0.020468
0.0204747
0.0204806
0.020486
0.0204932
0.0205049
0.0205226
0.0205467
0.0205772
0.0206133
0.0206543
0.0206992
0.0207472
0.0207979
0.02086
0.0222227
0.0205619
0.0204879
0.0205112
0.0204563
0.0204614
0.0204661
0.0204701
0.0204734
0.020476
0.020478
0.0204792
0.0204798
0.0204798
0.020479
0.0204777
0.0204757
0.0204731
0.0204699
0.020466
0.0204616
0.0204568
0.0204527
0.0204541
0.0204621
0.02047
0.0204767
0.0204826
0.020488
0.0204952
0.0205069
0.0205247
0.020549
0.0205795
0.0206157
0.0206568
0.0207018
0.0207499
0.0208006
0.0208628
0.0222255
0.0205652
0.0204911
0.0205143
0.0204594
0.0204644
0.0204691
0.020473
0.0204762
0.0204788
0.0204807
0.0204819
0.0204825
0.0204823
0.0204816
0.0204802
0.0204782
0.0204755
0.0204722
0.0204683
0.0204639
0.020459
0.0204549
0.0204562
0.0204642
0.0204721
0.0204787
0.0204847
0.0204901
0.0204972
0.020509
0.0205267
0.020551
0.0205816
0.0206178
0.0206588
0.0207039
0.020752
0.0208028
0.020865
0.0222276
0.0205678
0.0204936
0.0205167
0.0204618
0.0204669
0.0204715
0.0204754
0.0204786
0.0204811
0.020483
0.0204841
0.0204847
0.0204845
0.0204838
0.0204824
0.0204803
0.0204776
0.0204743
0.0204703
0.0204658
0.0204609
0.0204567
0.020458
0.020466
0.0204739
0.0204806
0.0204865
0.0204919
0.020499
0.0205108
0.0205285
0.0205528
0.0205834
0.0206196
0.0206607
0.0207057
0.0207539
0.0208046
0.0208668
0.0222294
0.0205696
0.0204955
0.0205186
0.0204637
0.0204687
0.0204733
0.0204772
0.0204804
0.0204829
0.0204847
0.0204859
0.0204864
0.0204862
0.0204855
0.020484
0.020482
0.0204792
0.0204759
0.0204719
0.0204674
0.0204625
0.0204582
0.0204595
0.0204675
0.0204754
0.020482
0.0204879
0.0204933
0.0205005
0.0205122
0.02053
0.0205542
0.0205848
0.0206211
0.0206621
0.0207072
0.0207554
0.0208061
0.0208683
0.0222309
0.0205709
0.0204968
0.0205199
0.020465
0.02047
0.0204746
0.0204785
0.0204817
0.0204842
0.020486
0.0204872
0.0204877
0.0204875
0.0204867
0.0204853
0.0204832
0.0204805
0.0204771
0.0204731
0.0204685
0.0204636
0.0204594
0.0204607
0.0204686
0.0204765
0.0204832
0.020489
0.0204944
0.0205016
0.0205133
0.0205311
0.0205553
0.0205859
0.0206221
0.0206632
0.0207083
0.0207564
0.0208072
0.0208694
0.0222319
0.0205718
0.0204977
0.0205207
0.0204659
0.0204709
0.0204755
0.0204794
0.0204826
0.0204851
0.0204869
0.0204881
0.0204886
0.0204884
0.0204876
0.0204862
0.0204841
0.0204814
0.020478
0.0204739
0.0204694
0.0204644
0.0204602
0.0204615
0.0204694
0.0204773
0.0204839
0.0204898
0.0204952
0.0205023
0.020514
0.0205318
0.0205561
0.0205866
0.0206229
0.0206639
0.0207089
0.0207571
0.0208079
0.0208701
0.0222325
0.0205723
0.0204982
0.0205213
0.0204664
0.0204715
0.0204761
0.02048
0.0204832
0.0204857
0.0204875
0.0204887
0.0204892
0.020489
0.0204882
0.0204868
0.0204847
0.0204819
0.0204785
0.0204745
0.0204699
0.020465
0.0204607
0.020462
0.0204699
0.0204778
0.0204844
0.0204903
0.0204956
0.0205028
0.0205145
0.0205323
0.0205565
0.0205871
0.0206233
0.0206643
0.0207093
0.0207575
0.0208082
0.0208705
0.0222329
0.0205726
0.0204985
0.0205215
0.0204667
0.0204718
0.0204764
0.0204803
0.0204835
0.020486
0.0204878
0.020489
0.0204895
0.0204893
0.0204885
0.0204871
0.020485
0.0204822
0.0204788
0.0204748
0.0204702
0.0204652
0.0204609
0.0204622
0.0204702
0.020478
0.0204847
0.0204905
0.0204959
0.020503
0.0205147
0.0205325
0.0205567
0.0205872
0.0206235
0.0206645
0.0207095
0.0207577
0.0208084
0.0208706
0.0222331
0.0205727
0.0204986
0.0205217
0.0204668
0.0204719
0.0204765
0.0204804
0.0204836
0.0204861
0.020488
0.0204891
0.0204896
0.0204894
0.0204886
0.0204872
0.0204851
0.0204823
0.0204788
0.0204748
0.0204702
0.0204652
0.020461
0.0204622
0.0204702
0.020478
0.0204847
0.0204905
0.0204959
0.020503
0.0205147
0.0205325
0.0205567
0.0205872
0.0206234
0.0206645
0.0207095
0.0207576
0.0208084
0.0208706
0.022233
0.0205727
0.0204986
0.0205217
0.0204669
0.020472
0.0204766
0.0204805
0.0204837
0.0204861
0.0204879
0.0204891
0.0204895
0.0204894
0.0204886
0.0204871
0.020485
0.0204822
0.0204788
0.0204747
0.0204701
0.0204651
0.0204608
0.0204621
0.02047
0.0204779
0.0204845
0.0204904
0.0204957
0.0205028
0.0205145
0.0205323
0.0205565
0.020587
0.0206232
0.0206643
0.0207093
0.0207574
0.0208082
0.0208704
0.0222328
0.0205727
0.0204986
0.0205217
0.0204669
0.020472
0.0204766
0.0204805
0.0204836
0.0204861
0.0204879
0.020489
0.0204895
0.0204893
0.0204885
0.0204871
0.0204849
0.0204821
0.0204787
0.0204746
0.02047
0.0204651
0.0204607
0.020462
0.0204699
0.0204777
0.0204844
0.0204902
0.0204956
0.0205027
0.0205144
0.0205321
0.0205563
0.0205868
0.020623
0.0206641
0.0207091
0.0207572
0.0208079
0.0208701
0.0222326
0.0205727
0.0204987
0.0205218
0.020467
0.020472
0.0204766
0.0204805
0.0204837
0.0204862
0.0204879
0.020489
0.0204895
0.0204894
0.0204886
0.0204871
0.020485
0.0204822
0.0204787
0.0204747
0.02047
0.0204651
0.0204607
0.0204619
0.0204698
0.0204777
0.0204843
0.0204902
0.0204955
0.0205026
0.0205143
0.020532
0.0205562
0.0205867
0.020623
0.020664
0.020709
0.0207571
0.0208078
0.02087
0.0222325
0.0205729
0.0204988
0.0205219
0.0204671
0.0204722
0.0204768
0.0204807
0.0204839
0.0204863
0.0204881
0.0204892
0.0204897
0.0204895
0.0204887
0.0204872
0.0204851
0.0204822
0.0204788
0.0204747
0.0204701
0.0204651
0.0204608
0.020462
0.0204698
0.0204777
0.0204843
0.0204901
0.0204954
0.0205025
0.0205142
0.0205319
0.0205562
0.0205867
0.0206229
0.0206639
0.0207089
0.0207571
0.0208078
0.02087
0.0222324
0.0205731
0.020499
0.0205221
0.0204673
0.0204724
0.020477
0.0204809
0.020484
0.0204865
0.0204882
0.0204893
0.0204898
0.0204896
0.0204888
0.0204873
0.0204851
0.0204823
0.0204788
0.0204747
0.0204701
0.0204651
0.0204607
0.0204619
0.0204698
0.0204776
0.0204842
0.02049
0.0204953
0.0205024
0.0205141
0.0205319
0.0205561
0.0205866
0.0206228
0.0206639
0.0207088
0.020757
0.0208077
0.0208699
0.0222323
0.0205733
0.0204992
0.0205223
0.0204675
0.0204726
0.0204772
0.0204811
0.0204842
0.0204866
0.0204884
0.0204894
0.0204899
0.0204897
0.0204889
0.0204873
0.0204852
0.0204823
0.0204788
0.0204747
0.0204701
0.020465
0.0204607
0.0204618
0.0204697
0.0204775
0.0204841
0.0204899
0.0204952
0.0205023
0.020514
0.0205318
0.020556
0.0205865
0.0206227
0.0206637
0.0207087
0.0207569
0.0208076
0.0208698
0.0222322
0.0205734
0.0204994
0.0205225
0.0204677
0.0204727
0.0204773
0.0204811
0.0204843
0.0204867
0.0204884
0.0204895
0.0204899
0.0204897
0.0204888
0.0204873
0.0204851
0.0204823
0.0204788
0.0204747
0.02047
0.020465
0.0204606
0.0204617
0.0204696
0.0204774
0.020484
0.0204898
0.0204952
0.0205023
0.020514
0.0205317
0.020556
0.0205865
0.0206226
0.0206637
0.0207087
0.0207568
0.0208075
0.0208697
0.0222322
0.0205735
0.0204994
0.0205225
0.0204677
0.0204728
0.0204773
0.0204811
0.0204843
0.0204867
0.0204884
0.0204894
0.0204899
0.0204897
0.0204888
0.0204873
0.0204851
0.0204822
0.0204787
0.0204746
0.0204699
0.0204649
0.0204605
0.0204617
0.0204696
0.0204774
0.020484
0.0204898
0.0204952
0.0205023
0.020514
0.0205317
0.0205559
0.0205864
0.0206226
0.0206636
0.0207087
0.0207568
0.0208075
0.0208697
0.0222322
0.0205735
0.0204994
0.0205225
0.0204677
0.0204727
0.0204772
0.0204811
0.0204842
0.0204866
0.0204883
0.0204894
0.0204898
0.0204896
0.0204888
0.0204873
0.0204851
0.0204822
0.0204787
0.0204746
0.0204699
0.0204649
0.0204605
0.0204617
0.0204696
0.0204774
0.020484
0.0204899
0.0204952
0.0205023
0.020514
0.0205317
0.020556
0.0205865
0.0206227
0.0206637
0.0207087
0.0207569
0.0208076
0.0208698
0.0222323
0.0205734
0.0204993
0.0205224
0.0204675
0.0204726
0.0204771
0.020481
0.0204841
0.0204865
0.0204882
0.0204893
0.0204898
0.0204896
0.0204888
0.0204872
0.020485
0.0204822
0.0204787
0.0204746
0.0204699
0.0204649
0.0204605
0.0204617
0.0204696
0.0204775
0.0204841
0.0204899
0.0204953
0.0205024
0.0205141
0.0205318
0.0205561
0.0205866
0.0206228
0.0206639
0.0207089
0.0207571
0.0208078
0.02087
0.0222325
0.0205732
0.0204991
0.0205222
0.0204674
0.0204724
0.020477
0.0204808
0.020484
0.0204864
0.0204882
0.0204893
0.0204897
0.0204895
0.0204887
0.0204872
0.020485
0.0204821
0.0204786
0.0204745
0.0204699
0.0204649
0.0204606
0.0204618
0.0204697
0.0204775
0.0204842
0.02049
0.0204954
0.0205025
0.0205142
0.0205319
0.0205562
0.0205867
0.020623
0.020664
0.0207091
0.0207572
0.020808
0.0208702
0.0222327
0.020573
0.020499
0.0205221
0.0204672
0.0204723
0.0204769
0.0204808
0.0204839
0.0204864
0.0204881
0.0204892
0.0204897
0.0204895
0.0204886
0.0204871
0.0204849
0.0204821
0.0204786
0.0204745
0.0204698
0.0204649
0.0204605
0.0204618
0.0204697
0.0204776
0.0204842
0.0204901
0.0204954
0.0205026
0.0205143
0.020532
0.0205563
0.0205869
0.0206231
0.0206642
0.0207092
0.0207574
0.0208082
0.0208704
0.0222329
0.0205729
0.0204988
0.020522
0.0204672
0.0204723
0.0204769
0.0204807
0.0204839
0.0204864
0.0204881
0.0204892
0.0204897
0.0204895
0.0204887
0.0204871
0.020485
0.0204821
0.0204787
0.0204746
0.02047
0.020465
0.0204607
0.0204619
0.0204699
0.0204778
0.0204844
0.0204903
0.0204956
0.0205027
0.0205144
0.0205322
0.0205565
0.0205871
0.0206233
0.0206644
0.0207094
0.0207576
0.0208084
0.0208706
0.0222331
0.0205728
0.0204988
0.0205219
0.0204672
0.0204723
0.0204769
0.0204808
0.020484
0.0204865
0.0204882
0.0204893
0.0204898
0.0204896
0.0204888
0.0204873
0.0204852
0.0204824
0.0204789
0.0204748
0.0204702
0.0204653
0.020461
0.0204623
0.0204702
0.0204781
0.0204848
0.0204906
0.0204959
0.020503
0.0205148
0.0205326
0.0205569
0.0205874
0.0206237
0.0206647
0.0207097
0.0207579
0.0208086
0.0208709
0.0222333
0.0205728
0.0204988
0.020522
0.0204672
0.0204724
0.020477
0.0204809
0.0204841
0.0204866
0.0204883
0.0204894
0.0204899
0.0204898
0.020489
0.0204875
0.0204854
0.0204826
0.0204791
0.0204751
0.0204705
0.0204656
0.0204613
0.0204626
0.0204705
0.0204784
0.020485
0.0204909
0.0204962
0.0205034
0.0205152
0.020533
0.0205572
0.0205878
0.020624
0.020665
0.02071
0.0207582
0.020809
0.0208712
0.0222337
0.0205727
0.0204987
0.0205219
0.0204672
0.0204723
0.020477
0.0204809
0.0204841
0.0204866
0.0204884
0.0204895
0.02049
0.0204899
0.0204891
0.0204876
0.0204855
0.0204827
0.0204792
0.0204752
0.0204706
0.0204657
0.0204614
0.0204627
0.0204707
0.0204786
0.0204852
0.0204911
0.0204965
0.0205037
0.0205155
0.0205333
0.0205575
0.0205881
0.0206243
0.0206654
0.0207104
0.0207586
0.0208094
0.0208717
0.0222342
0.0205725
0.0204985
0.0205218
0.020467
0.0204722
0.0204768
0.0204808
0.020484
0.0204865
0.0204883
0.0204895
0.02049
0.0204898
0.020489
0.0204876
0.0204855
0.0204827
0.0204793
0.0204753
0.0204708
0.0204658
0.0204615
0.0204629
0.0204709
0.0204788
0.0204854
0.0204914
0.0204969
0.0205041
0.0205159
0.0205337
0.0205579
0.0205885
0.0206248
0.020666
0.0207111
0.0207593
0.0208101
0.0208725
0.0222349
0.0205722
0.0204982
0.0205214
0.0204667
0.0204719
0.0204766
0.0204805
0.0204838
0.0204863
0.0204881
0.0204893
0.0204898
0.0204897
0.020489
0.0204876
0.0204855
0.0204828
0.0204794
0.0204754
0.0204709
0.0204659
0.0204617
0.0204631
0.0204711
0.0204791
0.0204858
0.0204918
0.0204973
0.0205045
0.0205162
0.0205341
0.0205584
0.0205891
0.0206254
0.0206666
0.0207117
0.02076
0.0208108
0.0208732
0.0222356
0.0205716
0.0204977
0.0205209
0.0204663
0.0204714
0.0204761
0.0204801
0.0204834
0.0204859
0.0204877
0.0204889
0.0204894
0.0204894
0.0204887
0.0204874
0.0204853
0.0204826
0.0204793
0.0204753
0.0204708
0.0204659
0.0204617
0.0204631
0.0204712
0.0204792
0.020486
0.0204919
0.0204973
0.0205045
0.0205163
0.0205341
0.0205585
0.0205892
0.0206255
0.0206666
0.0207117
0.02076
0.0208108
0.0208731
0.0222356
0.0205708
0.0204969
0.0205202
0.0204655
0.0204707
0.0204754
0.0204793
0.0204826
0.0204851
0.0204869
0.0204882
0.0204888
0.0204888
0.0204881
0.0204868
0.0204848
0.0204821
0.0204787
0.0204747
0.0204702
0.0204654
0.0204612
0.0204626
0.0204707
0.0204787
0.0204854
0.0204912
0.0204966
0.0205037
0.0205155
0.0205334
0.0205578
0.0205883
0.0206246
0.0206657
0.0207108
0.020759
0.0208098
0.020872
0.0222345
0.0205696
0.0204957
0.020519
0.0204643
0.0204695
0.0204742
0.0204781
0.0204813
0.0204838
0.0204857
0.020487
0.0204876
0.0204876
0.020487
0.0204856
0.0204836
0.0204808
0.0204774
0.0204734
0.0204689
0.0204641
0.0204599
0.0204613
0.0204693
0.0204772
0.0204839
0.0204897
0.020495
0.0205023
0.0205141
0.0205319
0.0205562
0.0205867
0.020623
0.0206641
0.0207092
0.0207573
0.0208081
0.0208703
0.0222328
0.0205678
0.0204939
0.0205172
0.0204625
0.0204676
0.0204723
0.0204761
0.0204794
0.0204819
0.0204838
0.020485
0.0204857
0.0204856
0.0204849
0.0204835
0.0204814
0.0204787
0.0204753
0.0204714
0.0204669
0.0204621
0.0204579
0.0204592
0.0204673
0.0204752
0.0204819
0.0204877
0.0204932
0.0205004
0.0205123
0.0205301
0.0205544
0.020585
0.0206213
0.0206624
0.0207075
0.0207556
0.0208064
0.0208687
0.0222312
0.020565
0.0204911
0.0205144
0.0204596
0.0204647
0.0204693
0.0204732
0.0204764
0.0204789
0.0204808
0.0204819
0.0204825
0.0204824
0.0204817
0.0204803
0.0204783
0.0204756
0.0204723
0.0204684
0.020464
0.0204592
0.020455
0.0204565
0.0204645
0.0204725
0.0204792
0.0204851
0.0204906
0.0204979
0.0205097
0.0205275
0.0205518
0.0205825
0.0206187
0.0206598
0.0207048
0.020753
0.0208037
0.020866
0.0222286
0.0205609
0.0204869
0.0205101
0.0204554
0.0204604
0.020465
0.0204688
0.0204719
0.0204743
0.0204761
0.0204772
0.0204777
0.0204776
0.0204769
0.0204756
0.0204737
0.0204711
0.0204678
0.020464
0.0204596
0.0204548
0.0204507
0.0204522
0.0204603
0.0204682
0.0204749
0.0204808
0.0204863
0.0204935
0.0205053
0.0205231
0.0205474
0.020578
0.0206142
0.0206552
0.0207002
0.0207483
0.020799
0.0208613
0.022224
0.020555
0.0204809
0.0205039
0.0204491
0.020454
0.0204585
0.0204622
0.0204653
0.0204676
0.0204693
0.0204704
0.0204709
0.0204708
0.0204701
0.0204688
0.0204669
0.0204643
0.0204611
0.0204572
0.0204529
0.0204481
0.0204441
0.0204457
0.0204538
0.0204617
0.0204684
0.0204743
0.0204797
0.0204869
0.0204987
0.0205165
0.0205408
0.0205713
0.0206075
0.0206485
0.0206935
0.0207416
0.0207924
0.0208546
0.0222175
0.0205466
0.0204722
0.0204951
0.02044
0.0204447
0.020449
0.0204526
0.0204555
0.0204576
0.0204592
0.0204601
0.0204605
0.0204604
0.0204597
0.0204584
0.0204564
0.0204538
0.0204506
0.0204468
0.0204425
0.0204379
0.020434
0.0204356
0.0204435
0.0204514
0.020458
0.0204638
0.0204691
0.0204761
0.0204878
0.0205055
0.0205296
0.02056
0.020596
0.020637
0.0206818
0.0207299
0.0207805
0.0208426
0.0222057
0.0205349
0.0204601
0.0204825
0.0204268
0.020431
0.0204349
0.020438
0.0204405
0.0204424
0.0204436
0.0204443
0.0204446
0.0204443
0.0204435
0.020442
0.02044
0.0204373
0.0204341
0.0204304
0.0204262
0.0204217
0.0204178
0.0204193
0.0204271
0.0204348
0.0204412
0.0204468
0.0204519
0.0204587
0.0204702
0.0204876
0.0205116
0.0205418
0.0205776
0.0206182
0.0206629
0.0207106
0.0207609
0.0208227
0.0221862
0.0205185
0.0204425
0.0204638
0.0204071
0.0204105
0.0204135
0.0204159
0.0204178
0.0204191
0.0204198
0.0204202
0.0204201
0.0204195
0.0204184
0.0204168
0.0204147
0.0204121
0.020409
0.0204054
0.0204014
0.0203972
0.0203936
0.0203952
0.020403
0.0204104
0.0204167
0.0204222
0.0204271
0.0204338
0.0204451
0.0204624
0.0204861
0.020516
0.0205516
0.020592
0.0206363
0.0206837
0.0207337
0.0207952
0.0221592
0.0204938
0.0204138
0.0204323
0.0203737
0.0203758
0.0203779
0.0203794
0.0203806
0.0203814
0.0203817
0.0203818
0.0203815
0.0203808
0.0203798
0.0203783
0.0203764
0.0203741
0.0203715
0.0203684
0.0203649
0.0203613
0.0203583
0.0203595
0.0203668
0.0203741
0.0203801
0.0203852
0.0203899
0.0203961
0.0204066
0.0204229
0.0204457
0.0204746
0.0205093
0.0205489
0.0205924
0.0206391
0.0206885
0.0207495
0.0221173
0.0206248
0.0205531
0.020575
0.0205175
0.0205223
0.0205264
0.0205297
0.0205321
0.0205337
0.0205345
0.0205345
0.0205337
0.0205322
0.02053
0.0205271
0.0205235
0.0205193
0.0205144
0.0205089
0.020503
0.0204967
0.0204913
0.0204904
0.0204969
0.0205048
0.020511
0.0205163
0.020521
0.020527
0.0205367
0.0205518
0.0205728
0.0205998
0.0206323
0.0206695
0.0207107
0.0207551
0.0208022
0.0208609
0.0221954
0.0206228
0.0205529
0.0205757
0.0205186
0.0205232
0.0205272
0.0205303
0.0205326
0.020534
0.0205346
0.0205344
0.0205334
0.0205317
0.0205293
0.0205262
0.0205223
0.0205179
0.0205128
0.0205071
0.0205009
0.0204944
0.0204888
0.0204884
0.020495
0.0205027
0.0205088
0.020514
0.0205188
0.0205251
0.0205353
0.0205511
0.0205728
0.0206004
0.0206334
0.0206711
0.0207128
0.0207576
0.0208051
0.020864
0.0221957
0.0206265
0.0205565
0.0205792
0.020522
0.0205265
0.0205303
0.0205333
0.0205355
0.0205368
0.0205374
0.0205371
0.020536
0.0205343
0.0205318
0.0205286
0.0205247
0.0205202
0.020515
0.0205092
0.020503
0.0204964
0.0204907
0.0204904
0.020497
0.0205047
0.0205107
0.020516
0.0205208
0.020527
0.0205374
0.0205532
0.020575
0.0206027
0.0206358
0.0206736
0.0207154
0.0207603
0.0208079
0.0208668
0.0221985
0.0206299
0.0205598
0.0205823
0.0205251
0.0205296
0.0205334
0.0205363
0.0205384
0.0205397
0.0205401
0.0205398
0.0205387
0.0205369
0.0205344
0.0205311
0.0205272
0.0205226
0.0205174
0.0205116
0.0205052
0.0204986
0.0204929
0.0204925
0.0204991
0.0205067
0.0205128
0.0205181
0.0205228
0.0205291
0.0205394
0.0205552
0.020577
0.0206047
0.0206379
0.0206757
0.0207175
0.0207624
0.02081
0.020869
0.0222006
0.0206325
0.0205623
0.0205848
0.0205276
0.020532
0.0205358
0.0205387
0.0205408
0.020542
0.0205424
0.0205421
0.020541
0.0205391
0.0205365
0.0205333
0.0205293
0.0205247
0.0205195
0.0205136
0.0205072
0.0205005
0.0204948
0.0204943
0.0205009
0.0205086
0.0205146
0.0205199
0.0205246
0.0205309
0.0205412
0.020557
0.0205788
0.0206065
0.0206397
0.0206775
0.0207193
0.0207643
0.0208119
0.0208709
0.0222024
0.0206344
0.0205642
0.0205867
0.0205295
0.0205339
0.0205377
0.0205406
0.0205426
0.0205438
0.0205442
0.0205439
0.0205427
0.0205409
0.0205383
0.020535
0.020531
0.0205264
0.0205211
0.0205152
0.0205088
0.0205021
0.0204963
0.0204958
0.0205024
0.0205101
0.0205161
0.0205214
0.0205261
0.0205324
0.0205427
0.0205585
0.0205803
0.020608
0.0206412
0.020679
0.0207208
0.0207657
0.0208133
0.0208723
0.0222038
0.0206357
0.0205656
0.020588
0.0205309
0.0205353
0.020539
0.0205419
0.0205439
0.0205451
0.0205455
0.0205452
0.020544
0.0205421
0.0205396
0.0205363
0.0205323
0.0205276
0.0205223
0.0205164
0.0205099
0.0205032
0.0204974
0.0204969
0.0205035
0.0205112
0.0205172
0.0205225
0.0205272
0.0205334
0.0205437
0.0205595
0.0205814
0.0206091
0.0206422
0.0206801
0.0207219
0.0207668
0.0208144
0.0208734
0.0222049
0.0206366
0.0205665
0.0205889
0.0205318
0.0205362
0.0205399
0.0205428
0.0205449
0.0205461
0.0205465
0.0205461
0.0205449
0.0205431
0.0205405
0.0205372
0.0205332
0.0205285
0.0205232
0.0205173
0.0205108
0.020504
0.0204982
0.0204977
0.0205043
0.020512
0.020518
0.0205233
0.020528
0.0205342
0.0205445
0.0205603
0.0205821
0.0206098
0.020643
0.0206808
0.0207226
0.0207675
0.0208151
0.0208741
0.0222055
0.0206372
0.020567
0.0205895
0.0205323
0.0205367
0.0205405
0.0205434
0.0205455
0.0205467
0.0205471
0.0205467
0.0205455
0.0205437
0.0205411
0.0205378
0.0205338
0.0205291
0.0205237
0.0205178
0.0205113
0.0205046
0.0204987
0.0204983
0.0205048
0.0205125
0.0205185
0.0205237
0.0205284
0.0205347
0.020545
0.0205607
0.0205825
0.0206102
0.0206434
0.0206812
0.0207229
0.0207679
0.0208155
0.0208745
0.0222059
0.0206374
0.0205673
0.0205898
0.0205326
0.0205371
0.0205409
0.0205438
0.0205458
0.020547
0.0205474
0.020547
0.0205459
0.020544
0.0205414
0.0205381
0.0205341
0.0205294
0.020524
0.0205181
0.0205116
0.0205048
0.020499
0.0204985
0.0205051
0.0205127
0.0205187
0.020524
0.0205286
0.0205349
0.0205452
0.020561
0.0205827
0.0206104
0.0206436
0.0206814
0.0207231
0.020768
0.0208156
0.0208746
0.0222061
0.0206375
0.0205674
0.0205899
0.0205328
0.0205372
0.020541
0.0205439
0.0205459
0.0205471
0.0205475
0.0205471
0.020546
0.0205441
0.0205415
0.0205382
0.0205341
0.0205294
0.0205241
0.0205181
0.0205116
0.0205049
0.020499
0.0204985
0.0205051
0.0205127
0.0205187
0.0205239
0.0205286
0.0205349
0.0205452
0.0205609
0.0205827
0.0206104
0.0206435
0.0206813
0.0207231
0.020768
0.0208156
0.0208746
0.022206
0.0206376
0.0205674
0.0205899
0.0205328
0.0205372
0.020541
0.0205439
0.0205459
0.0205471
0.0205475
0.0205471
0.0205459
0.020544
0.0205414
0.0205381
0.0205341
0.0205294
0.020524
0.020518
0.0205115
0.0205048
0.0204989
0.0204984
0.0205049
0.0205126
0.0205186
0.0205238
0.0205285
0.0205347
0.020545
0.0205608
0.0205825
0.0206102
0.0206433
0.0206811
0.0207229
0.0207678
0.0208154
0.0208744
0.0222058
0.0206376
0.0205674
0.0205899
0.0205328
0.0205373
0.020541
0.0205439
0.0205459
0.0205471
0.0205475
0.020547
0.0205459
0.020544
0.0205414
0.0205381
0.020534
0.0205293
0.0205239
0.0205179
0.0205114
0.0205047
0.0204988
0.0204983
0.0205048
0.0205124
0.0205184
0.0205236
0.0205283
0.0205346
0.0205448
0.0205606
0.0205823
0.02061
0.0206431
0.0206809
0.0207227
0.0207676
0.0208152
0.0208741
0.0222056
0.0206376
0.0205675
0.02059
0.0205329
0.0205373
0.0205411
0.020544
0.020546
0.0205471
0.0205475
0.0205471
0.0205459
0.020544
0.0205414
0.0205381
0.0205341
0.0205293
0.0205239
0.0205179
0.0205114
0.0205047
0.0204988
0.0204982
0.0205047
0.0205124
0.0205184
0.0205236
0.0205283
0.0205345
0.0205447
0.0205605
0.0205822
0.0206099
0.020643
0.0206809
0.0207226
0.0207675
0.0208151
0.020874
0.0222054
0.0206378
0.0205677
0.0205902
0.0205331
0.0205375
0.0205413
0.0205441
0.0205461
0.0205473
0.0205476
0.0205472
0.020546
0.0205442
0.0205415
0.0205382
0.0205341
0.0205294
0.020524
0.020518
0.0205115
0.0205047
0.0204988
0.0204982
0.0205047
0.0205124
0.0205184
0.0205236
0.0205282
0.0205344
0.0205447
0.0205604
0.0205822
0.0206099
0.020643
0.0206808
0.0207225
0.0207674
0.020815
0.020874
0.0222054
0.020638
0.0205679
0.0205904
0.0205333
0.0205377
0.0205415
0.0205443
0.0205463
0.0205475
0.0205478
0.0205474
0.0205462
0.0205443
0.0205417
0.0205383
0.0205342
0.0205295
0.0205241
0.020518
0.0205115
0.0205047
0.0204988
0.0204982
0.0205047
0.0205123
0.0205183
0.0205235
0.0205281
0.0205343
0.0205446
0.0205604
0.0205821
0.0206098
0.0206429
0.0206807
0.0207225
0.0207673
0.0208149
0.0208739
0.0222053
0.0206382
0.0205681
0.0205906
0.0205335
0.0205379
0.0205416
0.0205445
0.0205465
0.0205476
0.0205479
0.0205475
0.0205463
0.0205443
0.0205417
0.0205383
0.0205342
0.0205295
0.020524
0.020518
0.0205115
0.0205047
0.0204987
0.0204981
0.0205046
0.0205122
0.0205182
0.0205234
0.020528
0.0205342
0.0205445
0.0205603
0.0205821
0.0206097
0.0206428
0.0206806
0.0207223
0.0207672
0.0208148
0.0208738
0.0222052
0.0206383
0.0205682
0.0205907
0.0205336
0.020538
0.0205417
0.0205446
0.0205465
0.0205477
0.020548
0.0205475
0.0205463
0.0205443
0.0205417
0.0205383
0.0205342
0.0205294
0.020524
0.020518
0.0205114
0.0205046
0.0204986
0.020498
0.0205045
0.0205121
0.0205181
0.0205233
0.020528
0.0205342
0.0205445
0.0205602
0.020582
0.0206097
0.0206427
0.0206805
0.0207223
0.0207672
0.0208147
0.0208737
0.0222051
0.0206384
0.0205683
0.0205908
0.0205336
0.020538
0.0205418
0.0205446
0.0205465
0.0205476
0.0205479
0.0205474
0.0205462
0.0205443
0.0205416
0.0205382
0.0205342
0.0205294
0.0205239
0.0205179
0.0205113
0.0205045
0.0204986
0.020498
0.0205045
0.0205121
0.0205181
0.0205233
0.0205279
0.0205342
0.0205444
0.0205602
0.020582
0.0206096
0.0206427
0.0206805
0.0207223
0.0207672
0.0208148
0.0208737
0.0222051
0.0206384
0.0205682
0.0205907
0.0205336
0.020538
0.0205417
0.0205445
0.0205465
0.0205476
0.0205479
0.0205474
0.0205462
0.0205443
0.0205416
0.0205382
0.0205341
0.0205294
0.0205239
0.0205179
0.0205113
0.0205045
0.0204986
0.020498
0.0205045
0.0205121
0.0205181
0.0205233
0.020528
0.0205342
0.0205445
0.0205602
0.020582
0.0206097
0.0206428
0.0206806
0.0207224
0.0207673
0.0208149
0.0208738
0.0222053
0.0206382
0.0205681
0.0205906
0.0205334
0.0205378
0.0205416
0.0205444
0.0205464
0.0205475
0.0205478
0.0205473
0.0205461
0.0205442
0.0205416
0.0205382
0.0205341
0.0205293
0.0205239
0.0205179
0.0205113
0.0205045
0.0204986
0.020498
0.0205046
0.0205122
0.0205182
0.0205234
0.0205281
0.0205343
0.0205446
0.0205604
0.0205821
0.0206098
0.020643
0.0206808
0.0207225
0.0207675
0.020815
0.020874
0.0222054
0.0206381
0.020568
0.0205904
0.0205333
0.0205377
0.0205414
0.0205443
0.0205463
0.0205474
0.0205477
0.0205473
0.0205461
0.0205442
0.0205415
0.0205382
0.0205341
0.0205293
0.0205239
0.0205178
0.0205113
0.0205045
0.0204986
0.0204981
0.0205046
0.0205122
0.0205182
0.0205235
0.0205282
0.0205344
0.0205447
0.0205605
0.0205822
0.02061
0.0206431
0.0206809
0.0207227
0.0207676
0.0208152
0.0208742
0.0222056
0.0206379
0.0205678
0.0205903
0.0205332
0.0205376
0.0205413
0.0205442
0.0205462
0.0205473
0.0205477
0.0205472
0.020546
0.0205441
0.0205415
0.0205381
0.020534
0.0205292
0.0205238
0.0205178
0.0205113
0.0205045
0.0204986
0.0204981
0.0205046
0.0205123
0.0205183
0.0205235
0.0205282
0.0205345
0.0205448
0.0205605
0.0205823
0.0206101
0.0206432
0.020681
0.0207228
0.0207678
0.0208154
0.0208744
0.0222058
0.0206378
0.0205677
0.0205902
0.0205331
0.0205375
0.0205413
0.0205442
0.0205462
0.0205474
0.0205477
0.0205472
0.0205461
0.0205441
0.0205415
0.0205381
0.0205341
0.0205293
0.0205239
0.0205179
0.0205114
0.0205046
0.0204988
0.0204982
0.0205048
0.0205125
0.0205185
0.0205237
0.0205284
0.0205346
0.0205449
0.0205607
0.0205825
0.0206103
0.0206434
0.0206813
0.020723
0.020768
0.0208156
0.0208746
0.022206
0.0206377
0.0205676
0.0205902
0.0205331
0.0205376
0.0205414
0.0205443
0.0205463
0.0205474
0.0205478
0.0205473
0.0205462
0.0205443
0.0205417
0.0205383
0.0205343
0.0205295
0.0205241
0.0205182
0.0205117
0.0205049
0.0204991
0.0204985
0.0205051
0.0205128
0.0205189
0.0205241
0.0205287
0.020535
0.0205453
0.0205611
0.0205829
0.0206107
0.0206438
0.0206816
0.0207234
0.0207683
0.0208159
0.0208749
0.0222063
0.0206377
0.0205676
0.0205902
0.0205332
0.0205376
0.0205414
0.0205443
0.0205464
0.0205475
0.0205479
0.0205475
0.0205463
0.0205444
0.0205419
0.0205385
0.0205345
0.0205298
0.0205244
0.0205184
0.020512
0.0205052
0.0204994
0.0204989
0.0205055
0.0205132
0.0205192
0.0205243
0.020529
0.0205353
0.0205456
0.0205615
0.0205833
0.020611
0.0206441
0.0206819
0.0207237
0.0207686
0.0208162
0.0208752
0.0222066
0.0206376
0.0205676
0.0205902
0.0205331
0.0205376
0.0205414
0.0205444
0.0205464
0.0205476
0.0205479
0.0205475
0.0205464
0.0205445
0.0205419
0.0205386
0.0205346
0.0205299
0.0205245
0.0205186
0.0205121
0.0205054
0.0204995
0.020499
0.0205057
0.0205133
0.0205193
0.0205245
0.0205293
0.0205356
0.020546
0.0205618
0.0205836
0.0206113
0.0206444
0.0206823
0.0207241
0.020769
0.0208167
0.0208757
0.0222071
0.0206374
0.0205674
0.02059
0.020533
0.0205375
0.0205413
0.0205442
0.0205463
0.0205475
0.0205479
0.0205475
0.0205464
0.0205445
0.0205419
0.0205386
0.0205346
0.0205299
0.0205246
0.0205187
0.0205122
0.0205055
0.0204996
0.0204992
0.0205058
0.0205135
0.0205195
0.0205249
0.0205297
0.020536
0.0205464
0.0205622
0.020584
0.0206117
0.020645
0.0206829
0.0207247
0.0207697
0.0208174
0.0208764
0.0222079
0.0206371
0.0205671
0.0205897
0.0205327
0.0205372
0.0205411
0.020544
0.0205461
0.0205473
0.0205477
0.0205473
0.0205462
0.0205444
0.0205418
0.0205386
0.0205346
0.02053
0.0205247
0.0205187
0.0205123
0.0205056
0.0204998
0.0204994
0.0205061
0.0205138
0.0205199
0.0205253
0.0205301
0.0205364
0.0205467
0.0205626
0.0205845
0.0206123
0.0206456
0.0206835
0.0207253
0.0207704
0.0208181
0.0208771
0.0222085
0.0206366
0.0205666
0.0205892
0.0205322
0.0205367
0.0205406
0.0205436
0.0205457
0.0205469
0.0205473
0.0205469
0.0205459
0.0205441
0.0205416
0.0205384
0.0205345
0.0205298
0.0205245
0.0205186
0.0205122
0.0205056
0.0204998
0.0204994
0.0205062
0.0205139
0.0205201
0.0205254
0.0205301
0.0205364
0.0205467
0.0205626
0.0205846
0.0206124
0.0206456
0.0206835
0.0207253
0.0207704
0.0208181
0.0208771
0.0222085
0.0206357
0.0205658
0.0205884
0.0205315
0.020536
0.0205398
0.0205428
0.0205449
0.0205461
0.0205465
0.0205462
0.0205452
0.0205435
0.020541
0.0205378
0.0205339
0.0205293
0.020524
0.0205181
0.0205117
0.020505
0.0204993
0.0204989
0.0205056
0.0205134
0.0205195
0.0205247
0.0205294
0.0205356
0.020546
0.0205619
0.0205838
0.0206115
0.0206447
0.0206826
0.0207244
0.0207694
0.020817
0.020876
0.0222074
0.0206345
0.0205646
0.0205872
0.0205303
0.0205348
0.0205386
0.0205415
0.0205436
0.0205448
0.0205453
0.020545
0.020544
0.0205423
0.0205398
0.0205366
0.0205327
0.020528
0.0205227
0.0205168
0.0205104
0.0205038
0.020498
0.0204976
0.0205042
0.020512
0.020518
0.0205232
0.0205278
0.0205341
0.0205446
0.0205604
0.0205822
0.02061
0.0206431
0.020681
0.0207228
0.0207677
0.0208154
0.0208744
0.0222058
0.0206327
0.0205627
0.0205854
0.0205284
0.0205328
0.0205366
0.0205395
0.0205416
0.0205429
0.0205433
0.020543
0.020542
0.0205403
0.0205377
0.0205345
0.0205305
0.0205258
0.0205205
0.0205147
0.0205083
0.0205017
0.0204959
0.0204955
0.0205022
0.0205099
0.0205159
0.0205212
0.020526
0.0205323
0.0205427
0.0205586
0.0205804
0.0206082
0.0206414
0.0206793
0.0207211
0.020766
0.0208137
0.0208727
0.0222042
0.0206298
0.0205598
0.0205825
0.0205254
0.0205299
0.0205337
0.0205365
0.0205386
0.0205398
0.0205402
0.0205399
0.0205388
0.020537
0.0205345
0.0205312
0.0205273
0.0205227
0.0205175
0.0205117
0.0205054
0.0204988
0.0204931
0.0204927
0.0204995
0.0205072
0.0205133
0.0205186
0.0205234
0.0205297
0.0205401
0.020556
0.0205778
0.0206057
0.0206389
0.0206767
0.0207184
0.0207634
0.020811
0.02087
0.0222016
0.0206256
0.0205556
0.0205781
0.020521
0.0205254
0.0205291
0.020532
0.0205339
0.0205351
0.0205354
0.020535
0.0205339
0.0205321
0.0205296
0.0205265
0.0205226
0.0205181
0.0205129
0.0205072
0.0205009
0.0204944
0.0204887
0.0204884
0.0204952
0.0205029
0.020509
0.0205143
0.0205191
0.0205254
0.0205357
0.0205516
0.0205734
0.0206012
0.0206343
0.0206721
0.0207138
0.0207587
0.0208063
0.0208653
0.022197
0.0206194
0.0205493
0.0205717
0.0205145
0.0205188
0.0205225
0.0205252
0.0205271
0.0205282
0.0205285
0.020528
0.0205269
0.0205251
0.0205226
0.0205195
0.0205157
0.0205112
0.0205061
0.0205003
0.0204941
0.0204876
0.0204821
0.0204819
0.0204886
0.0204963
0.0205024
0.0205077
0.0205124
0.0205187
0.0205291
0.0205449
0.0205668
0.0205944
0.0206275
0.0206653
0.020707
0.020752
0.0207996
0.0208585
0.0221905
0.0206107
0.0205403
0.0205625
0.0205051
0.0205092
0.0205126
0.0205152
0.0205169
0.0205179
0.020518
0.0205175
0.0205163
0.0205144
0.020512
0.0205088
0.020505
0.0205005
0.0204954
0.0204897
0.0204836
0.0204773
0.0204719
0.0204717
0.0204783
0.020486
0.0204919
0.0204971
0.0205017
0.0205079
0.0205181
0.0205338
0.0205555
0.0205831
0.0206161
0.0206538
0.0206954
0.0207402
0.0207877
0.0208465
0.0221788
0.0205985
0.0205276
0.0205493
0.0204913
0.0204949
0.0204979
0.0205001
0.0205014
0.020502
0.0205019
0.0205011
0.0204998
0.0204978
0.0204953
0.020492
0.0204882
0.0204837
0.0204786
0.020473
0.020467
0.0204608
0.0204555
0.0204553
0.0204618
0.0204693
0.020475
0.02048
0.0204845
0.0204904
0.0205004
0.020516
0.0205375
0.0205648
0.0205976
0.0206351
0.0206764
0.0207209
0.0207681
0.0208267
0.0221594
0.020581
0.020509
0.0205296
0.0204706
0.0204733
0.0204755
0.020477
0.0204777
0.0204778
0.0204772
0.0204761
0.0204745
0.0204723
0.0204695
0.0204662
0.0204623
0.0204579
0.020453
0.0204476
0.0204419
0.020436
0.020431
0.020431
0.0204375
0.0204448
0.0204504
0.0204552
0.0204595
0.0204653
0.0204752
0.0204905
0.0205118
0.020539
0.0205715
0.0206087
0.0206497
0.0206939
0.0207408
0.0207991
0.0221324
0.020555
0.0204789
0.0204967
0.0204358
0.0204374
0.0204386
0.0204393
0.0204394
0.0204389
0.020438
0.0204367
0.0204349
0.0204327
0.02043
0.0204269
0.0204233
0.0204194
0.020415
0.0204102
0.0204051
0.0203998
0.0203955
0.0203952
0.0204012
0.0204084
0.0204138
0.0204183
0.0204223
0.0204276
0.0204368
0.0204512
0.0204716
0.0204978
0.0205294
0.0205658
0.0206061
0.0206496
0.0206958
0.0207536
0.0220908
0.0206945
0.0206271
0.0206481
0.020588
0.0205921
0.0205954
0.0205976
0.0205988
0.020599
0.0205983
0.0205967
0.0205942
0.0205909
0.0205868
0.020582
0.0205764
0.0205702
0.0205634
0.020556
0.0205481
0.02054
0.0205329
0.0205304
0.0205349
0.0205426
0.0205481
0.0205526
0.0205565
0.0205614
0.0205696
0.0205827
0.0206013
0.0206255
0.0206548
0.0206887
0.0207266
0.0207677
0.0208115
0.0208667
0.0211206
0.0206921
0.0206265
0.0206485
0.0205888
0.0205928
0.0205959
0.0205979
0.020599
0.0205991
0.0205982
0.0205964
0.0205937
0.0205902
0.0205859
0.0205808
0.0205751
0.0205686
0.0205615
0.0205538
0.0205457
0.0205374
0.0205302
0.0205281
0.0205329
0.0205403
0.0205456
0.02055
0.020554
0.0205592
0.0205679
0.0205816
0.0206009
0.0206257
0.0206556
0.02069
0.0207284
0.0207699
0.0208141
0.0208696
0.0212117
0.020696
0.0206302
0.020652
0.0205922
0.0205961
0.0205991
0.020601
0.020602
0.020602
0.020601
0.0205991
0.0205963
0.0205927
0.0205884
0.0205833
0.0205774
0.0205709
0.0205638
0.020556
0.0205478
0.0205394
0.0205322
0.02053
0.0205348
0.0205422
0.0205475
0.020552
0.0205559
0.0205611
0.02057
0.0205838
0.0206031
0.020628
0.020658
0.0206925
0.0207309
0.0207725
0.0208169
0.0208724
0.0212114
0.0206995
0.0206335
0.0206552
0.0205954
0.0205992
0.0206022
0.0206041
0.020605
0.0206049
0.0206038
0.0206019
0.0205991
0.0205954
0.020591
0.0205859
0.02058
0.0205734
0.0205662
0.0205584
0.0205501
0.0205417
0.0205343
0.0205322
0.0205369
0.0205443
0.0205497
0.0205541
0.020558
0.0205632
0.020572
0.0205858
0.0206051
0.02063
0.02066
0.0206946
0.020733
0.0207746
0.020819
0.0208745
0.0212112
0.0207021
0.0206362
0.0206578
0.020598
0.0206017
0.0206047
0.0206065
0.0206074
0.0206072
0.0206062
0.0206042
0.0206013
0.0205977
0.0205933
0.0205881
0.0205821
0.0205755
0.0205683
0.0205604
0.0205521
0.0205436
0.0205362
0.020534
0.0205388
0.0205462
0.0205515
0.0205559
0.0205598
0.020565
0.0205738
0.0205876
0.020607
0.0206318
0.0206619
0.0206964
0.0207349
0.0207765
0.0208209
0.0208764
0.021211
0.0207041
0.0206381
0.0206597
0.0205999
0.0206037
0.0206066
0.0206084
0.0206092
0.0206091
0.020608
0.020606
0.0206031
0.0205995
0.020595
0.0205898
0.0205839
0.0205772
0.0205699
0.020562
0.0205536
0.0205451
0.0205377
0.0205355
0.0205403
0.0205477
0.020553
0.0205574
0.0205613
0.0205665
0.0205753
0.0205891
0.0206084
0.0206333
0.0206633
0.0206979
0.0207364
0.020778
0.0208224
0.0208779
0.0212108
0.0207055
0.0206395
0.0206611
0.0206013
0.020605
0.0206079
0.0206098
0.0206106
0.0206104
0.0206093
0.0206073
0.0206045
0.0206008
0.0205963
0.0205911
0.0205851
0.0205785
0.0205712
0.0205632
0.0205548
0.0205463
0.0205389
0.0205366
0.0205414
0.0205488
0.0205541
0.0205585
0.0205624
0.0205676
0.0205764
0.0205902
0.0206095
0.0206344
0.0206644
0.020699
0.0207374
0.0207791
0.0208234
0.020879
0.0212107
0.0207064
0.0206404
0.020662
0.0206022
0.020606
0.0206089
0.0206107
0.0206115
0.0206114
0.0206103
0.0206083
0.0206054
0.0206017
0.0205972
0.020592
0.020586
0.0205794
0.020572
0.0205641
0.0205557
0.0205471
0.0205397
0.0205374
0.0205422
0.0205496
0.0205549
0.0205593
0.0205631
0.0205683
0.0205771
0.0205909
0.0206102
0.0206351
0.0206651
0.0206997
0.0207381
0.0207797
0.0208241
0.0208796
0.0212105
0.0207069
0.020641
0.0206626
0.0206028
0.0206066
0.0206095
0.0206113
0.0206121
0.020612
0.0206109
0.0206089
0.020606
0.0206023
0.0205978
0.0205926
0.0205866
0.0205799
0.0205726
0.0205646
0.0205562
0.0205476
0.0205402
0.020538
0.0205427
0.0205501
0.0205554
0.0205598
0.0205636
0.0205688
0.0205776
0.0205914
0.0206107
0.0206355
0.0206655
0.0207001
0.0207385
0.0207801
0.0208245
0.02088
0.0212104
0.0207072
0.0206413
0.0206629
0.0206031
0.0206069
0.0206098
0.0206117
0.0206125
0.0206123
0.0206112
0.0206092
0.0206063
0.0206026
0.0205982
0.0205929
0.0205869
0.0205802
0.0205729
0.0205649
0.0205565
0.0205479
0.0205405
0.0205382
0.0205429
0.0205503
0.0205556
0.02056
0.0205638
0.020569
0.0205778
0.0205916
0.0206109
0.0206357
0.0206657
0.0207003
0.0207387
0.0207803
0.0208247
0.0208802
0.0212103
0.0207073
0.0206414
0.020663
0.0206033
0.020607
0.02061
0.0206118
0.0206126
0.0206125
0.0206113
0.0206093
0.0206064
0.0206027
0.0205983
0.020593
0.020587
0.0205803
0.0205729
0.020565
0.0205565
0.0205479
0.0205405
0.0205382
0.0205429
0.0205503
0.0205556
0.02056
0.0205638
0.020569
0.0205778
0.0205916
0.0206109
0.0206357
0.0206657
0.0207002
0.0207387
0.0207803
0.0208246
0.0208802
0.0212102
0.0207073
0.0206414
0.020663
0.0206033
0.0206071
0.02061
0.0206118
0.0206126
0.0206124
0.0206113
0.0206093
0.0206064
0.0206027
0.0205982
0.0205929
0.0205869
0.0205802
0.0205728
0.0205649
0.0205564
0.0205479
0.0205404
0.0205381
0.0205428
0.0205502
0.0205554
0.0205598
0.0205637
0.0205688
0.0205776
0.0205914
0.0206107
0.0206355
0.0206655
0.0207
0.0207385
0.0207801
0.0208244
0.0208799
0.0212101
0.0207073
0.0206414
0.020663
0.0206033
0.0206071
0.02061
0.0206118
0.0206126
0.0206124
0.0206113
0.0206092
0.0206063
0.0206026
0.0205982
0.0205929
0.0205869
0.0205802
0.0205728
0.0205648
0.0205563
0.0205478
0.0205403
0.020538
0.0205427
0.02055
0.0205553
0.0205597
0.0205635
0.0205687
0.0205775
0.0205912
0.0206105
0.0206353
0.0206653
0.0206999
0.0207383
0.0207799
0.0208242
0.0208797
0.0212101
0.0207074
0.0206415
0.0206631
0.0206034
0.0206071
0.02061
0.0206119
0.0206127
0.0206125
0.0206113
0.0206093
0.0206064
0.0206027
0.0205982
0.0205929
0.0205869
0.0205802
0.0205728
0.0205648
0.0205564
0.0205478
0.0205403
0.020538
0.0205426
0.02055
0.0205553
0.0205596
0.0205635
0.0205686
0.0205774
0.0205911
0.0206104
0.0206352
0.0206652
0.0206998
0.0207382
0.0207798
0.0208241
0.0208796
0.02121
0.0207075
0.0206416
0.0206633
0.0206035
0.0206073
0.0206102
0.020612
0.0206128
0.0206126
0.0206114
0.0206094
0.0206065
0.0206028
0.0205983
0.020593
0.020587
0.0205803
0.0205729
0.0205649
0.0205564
0.0205478
0.0205403
0.020538
0.0205426
0.02055
0.0205552
0.0205596
0.0205634
0.0205686
0.0205773
0.0205911
0.0206104
0.0206352
0.0206652
0.0206997
0.0207381
0.0207797
0.020824
0.0208796
0.02121
0.0207077
0.0206418
0.0206635
0.0206038
0.0206075
0.0206104
0.0206122
0.020613
0.0206128
0.0206116
0.0206096
0.0206067
0.0206029
0.0205984
0.0205931
0.0205871
0.0205803
0.0205729
0.0205649
0.0205564
0.0205478
0.0205403
0.0205379
0.0205426
0.0205499
0.0205552
0.0205595
0.0205633
0.0205685
0.0205772
0.020591
0.0206103
0.0206352
0.0206651
0.0206997
0.0207381
0.0207796
0.020824
0.0208795
0.0212099
0.0207079
0.0206421
0.0206637
0.020604
0.0206077
0.0206106
0.0206124
0.0206131
0.0206129
0.0206117
0.0206097
0.0206067
0.020603
0.0205985
0.0205931
0.0205871
0.0205803
0.0205729
0.0205649
0.0205564
0.0205478
0.0205402
0.0205378
0.0205425
0.0205498
0.0205551
0.0205594
0.0205632
0.0205684
0.0205772
0.0205909
0.0206102
0.0206351
0.020665
0.0206996
0.0207379
0.0207795
0.0208239
0.0208794
0.0212098
0.0207081
0.0206422
0.0206638
0.0206041
0.0206078
0.0206107
0.0206125
0.0206132
0.020613
0.0206118
0.0206097
0.0206067
0.020603
0.0205984
0.0205931
0.020587
0.0205803
0.0205728
0.0205648
0.0205563
0.0205477
0.0205401
0.0205377
0.0205424
0.0205498
0.020555
0.0205593
0.0205632
0.0205683
0.0205771
0.0205909
0.0206102
0.020635
0.0206649
0.0206995
0.0207379
0.0207794
0.0208238
0.0208793
0.0212098
0.0207082
0.0206423
0.0206639
0.0206041
0.0206078
0.0206107
0.0206125
0.0206132
0.0206129
0.0206117
0.0206096
0.0206067
0.0206029
0.0205984
0.0205931
0.020587
0.0205802
0.0205728
0.0205648
0.0205562
0.0205476
0.0205401
0.0205377
0.0205424
0.0205497
0.020555
0.0205593
0.0205631
0.0205683
0.0205771
0.0205908
0.0206101
0.0206349
0.0206649
0.0206994
0.0207378
0.0207794
0.0208238
0.0208793
0.0212098
0.0207081
0.0206422
0.0206638
0.020604
0.0206078
0.0206106
0.0206124
0.0206131
0.0206129
0.0206117
0.0206096
0.0206067
0.0206029
0.0205984
0.0205931
0.020587
0.0205802
0.0205728
0.0205647
0.0205562
0.0205476
0.0205401
0.0205377
0.0205424
0.0205497
0.020555
0.0205593
0.0205632
0.0205684
0.0205771
0.0205909
0.0206102
0.020635
0.020665
0.0206996
0.020738
0.0207795
0.0208239
0.0208794
0.0212098
0.020708
0.0206421
0.0206637
0.0206039
0.0206076
0.0206105
0.0206123
0.020613
0.0206128
0.0206116
0.0206095
0.0206066
0.0206029
0.0205984
0.020593
0.020587
0.0205802
0.0205728
0.0205647
0.0205562
0.0205476
0.0205401
0.0205378
0.0205425
0.0205498
0.0205551
0.0205594
0.0205633
0.0205685
0.0205772
0.020591
0.0206103
0.0206352
0.0206652
0.0206997
0.0207381
0.0207797
0.0208241
0.0208796
0.0212097
0.0207079
0.0206419
0.0206635
0.0206038
0.0206075
0.0206104
0.0206122
0.0206129
0.0206127
0.0206115
0.0206095
0.0206066
0.0206028
0.0205983
0.020593
0.0205869
0.0205801
0.0205727
0.0205647
0.0205562
0.0205476
0.0205402
0.0205378
0.0205425
0.0205499
0.0205551
0.0205595
0.0205634
0.0205686
0.0205774
0.0205911
0.0206104
0.0206353
0.0206653
0.0206999
0.0207383
0.0207799
0.0208243
0.0208798
0.0212097
0.0207077
0.0206418
0.0206634
0.0206036
0.0206074
0.0206103
0.0206121
0.0206129
0.0206127
0.0206115
0.0206094
0.0206065
0.0206028
0.0205982
0.0205929
0.0205868
0.0205801
0.0205727
0.0205646
0.0205562
0.0205476
0.0205402
0.0205378
0.0205425
0.0205499
0.0205552
0.0205596
0.0205634
0.0205686
0.0205774
0.0205912
0.0206105
0.0206354
0.0206654
0.0207
0.0207384
0.02078
0.0208244
0.02088
0.0212098
0.0207076
0.0206417
0.0206633
0.0206036
0.0206074
0.0206103
0.0206121
0.0206129
0.0206127
0.0206115
0.0206094
0.0206065
0.0206028
0.0205983
0.020593
0.0205869
0.0205802
0.0205727
0.0205648
0.0205563
0.0205478
0.0205403
0.020538
0.0205427
0.0205501
0.0205554
0.0205598
0.0205636
0.0205688
0.0205776
0.0205914
0.0206107
0.0206356
0.0206656
0.0207002
0.0207386
0.0207802
0.0208246
0.0208802
0.0212098
0.0207075
0.0206416
0.0206633
0.0206036
0.0206074
0.0206103
0.0206122
0.020613
0.0206128
0.0206116
0.0206096
0.0206067
0.0206029
0.0205984
0.0205932
0.0205871
0.0205804
0.020573
0.0205651
0.0205566
0.0205481
0.0205406
0.0205383
0.020543
0.0205505
0.0205558
0.0205601
0.020564
0.0205691
0.0205779
0.0205917
0.0206111
0.020636
0.020666
0.0207005
0.020739
0.0207806
0.0208249
0.0208805
0.0212098
0.0207075
0.0206416
0.0206634
0.0206037
0.0206075
0.0206104
0.0206123
0.0206131
0.0206129
0.0206117
0.0206097
0.0206068
0.0206031
0.0205986
0.0205934
0.0205874
0.0205806
0.0205733
0.0205653
0.0205569
0.0205484
0.0205409
0.0205386
0.0205434
0.0205508
0.0205561
0.0205604
0.0205642
0.0205694
0.0205783
0.0205921
0.0206115
0.0206363
0.0206663
0.0207009
0.0207393
0.0207809
0.0208253
0.0208808
0.0212098
0.0207074
0.0206416
0.0206633
0.0206036
0.0206075
0.0206104
0.0206123
0.0206131
0.0206129
0.0206118
0.0206097
0.0206069
0.0206032
0.0205987
0.0205935
0.0205874
0.0205807
0.0205734
0.0205655
0.020557
0.0205485
0.020541
0.0205388
0.0205436
0.020551
0.0205562
0.0205606
0.0205645
0.0205698
0.0205786
0.0205925
0.0206118
0.0206366
0.0206666
0.0207012
0.0207397
0.0207813
0.0208257
0.0208813
0.0212099
0.0207072
0.0206414
0.0206632
0.0206035
0.0206073
0.0206103
0.0206122
0.020613
0.0206128
0.0206117
0.0206097
0.0206069
0.0206032
0.0205987
0.0205935
0.0205875
0.0205808
0.0205735
0.0205655
0.0205571
0.0205486
0.0205412
0.0205389
0.0205437
0.0205511
0.0205564
0.0205609
0.0205649
0.0205702
0.020579
0.0205928
0.0206121
0.020637
0.0206671
0.0207018
0.0207403
0.020782
0.0208264
0.020882
0.0212099
0.0207069
0.0206411
0.0206629
0.0206032
0.020607
0.02061
0.0206119
0.0206128
0.0206127
0.0206116
0.0206096
0.0206067
0.0206031
0.0205986
0.0205934
0.0205875
0.0205809
0.0205735
0.0205656
0.0205572
0.0205487
0.0205414
0.0205392
0.020544
0.0205514
0.0205568
0.0205613
0.0205653
0.0205706
0.0205794
0.0205932
0.0206126
0.0206376
0.0206677
0.0207024
0.0207409
0.0207826
0.0208271
0.0208827
0.0212099
0.0207064
0.0206406
0.0206624
0.0206027
0.0206066
0.0206096
0.0206115
0.0206124
0.0206122
0.0206111
0.0206092
0.0206064
0.0206028
0.0205984
0.0205933
0.0205874
0.0205807
0.0205734
0.0205655
0.0205572
0.0205487
0.0205414
0.0205392
0.0205441
0.0205516
0.020557
0.0205615
0.0205654
0.0205705
0.0205794
0.0205933
0.0206127
0.0206377
0.0206678
0.0207024
0.0207409
0.0207826
0.0208271
0.0208827
0.02121
0.0207056
0.0206398
0.0206616
0.020602
0.0206058
0.0206088
0.0206107
0.0206116
0.0206114
0.0206104
0.0206084
0.0206057
0.0206022
0.0205978
0.0205927
0.0205868
0.0205802
0.0205728
0.0205649
0.0205566
0.0205482
0.0205409
0.0205387
0.0205435
0.020551
0.0205564
0.0205607
0.0205646
0.0205697
0.0205786
0.0205925
0.020612
0.0206369
0.0206669
0.0207015
0.02074
0.0207816
0.020826
0.0208816
0.0212101
0.0207043
0.0206386
0.0206604
0.0206007
0.0206046
0.0206075
0.0206094
0.0206102
0.0206101
0.0206091
0.0206072
0.0206045
0.020601
0.0205966
0.0205915
0.0205855
0.0205789
0.0205715
0.0205636
0.0205553
0.0205469
0.0205395
0.0205373
0.0205421
0.0205496
0.0205549
0.0205592
0.020563
0.0205683
0.0205772
0.0205911
0.0206104
0.0206353
0.0206653
0.0206999
0.0207384
0.02078
0.0208244
0.02088
0.0212103
0.0207024
0.0206367
0.0206584
0.0205988
0.0206026
0.0206055
0.0206074
0.0206083
0.0206082
0.0206071
0.0206052
0.0206025
0.0205989
0.0205945
0.0205893
0.0205833
0.0205767
0.0205694
0.0205615
0.0205532
0.0205448
0.0205375
0.0205353
0.0205401
0.0205475
0.0205528
0.0205572
0.0205611
0.0205665
0.0205754
0.0205892
0.0206086
0.0206335
0.0206636
0.0206982
0.0207367
0.0207783
0.0208227
0.0208783
0.0212106
0.0206995
0.0206337
0.0206555
0.0205958
0.0205996
0.0206025
0.0206043
0.0206051
0.020605
0.0206039
0.020602
0.0205992
0.0205956
0.0205912
0.020586
0.0205801
0.0205735
0.0205663
0.0205585
0.0205503
0.0205419
0.0205346
0.0205324
0.0205373
0.0205448
0.0205501
0.0205546
0.0205586
0.0205639
0.0205727
0.0205866
0.020606
0.0206309
0.020661
0.0206956
0.020734
0.0207756
0.02082
0.0208756
0.0212109
0.0206951
0.0206293
0.020651
0.0205912
0.020595
0.0205978
0.0205996
0.0206003
0.0206001
0.020599
0.020597
0.0205942
0.0205906
0.0205862
0.0205811
0.0205753
0.0205688
0.0205617
0.0205539
0.0205457
0.0205374
0.0205302
0.0205281
0.020533
0.0205405
0.0205458
0.0205503
0.0205542
0.0205595
0.0205683
0.0205822
0.0206016
0.0206265
0.0206564
0.020691
0.0207294
0.020771
0.0208153
0.0208708
0.0212111
0.0206887
0.0206228
0.0206444
0.0205845
0.0205882
0.0205909
0.0205926
0.0205933
0.020593
0.0205918
0.0205898
0.020587
0.0205834
0.0205791
0.020574
0.0205683
0.0205618
0.0205547
0.020547
0.0205388
0.0205306
0.0205235
0.0205215
0.0205264
0.0205339
0.0205392
0.0205436
0.0205476
0.0205528
0.0205616
0.0205755
0.0205948
0.0206197
0.0206497
0.0206842
0.0207226
0.0207642
0.0208085
0.0208641
0.0212117
0.0206797
0.0206135
0.0206348
0.0205747
0.0205781
0.0205807
0.0205822
0.0205828
0.0205824
0.020581
0.0205789
0.020576
0.0205724
0.0205681
0.0205631
0.0205573
0.0205509
0.0205438
0.0205362
0.0205282
0.0205201
0.0205131
0.0205112
0.020516
0.0205234
0.0205287
0.020533
0.0205368
0.0205419
0.0205506
0.0205643
0.0205836
0.0206083
0.0206382
0.0206726
0.0207109
0.0207524
0.0207966
0.0208521
0.0212127
0.0206668
0.0206001
0.020621
0.0205603
0.0205632
0.0205653
0.0205665
0.0205666
0.0205659
0.0205644
0.0205621
0.020559
0.0205553
0.0205509
0.0205458
0.0205401
0.0205337
0.0205267
0.0205192
0.0205113
0.0205034
0.0204966
0.0204947
0.0204994
0.0205066
0.0205117
0.0205158
0.0205195
0.0205244
0.0205329
0.0205464
0.0205655
0.02059
0.0206197
0.0206539
0.020692
0.0207332
0.0207771
0.0208323
0.0212138
0.0206482
0.0205804
0.0206001
0.0205385
0.0205405
0.0205419
0.0205423
0.0205419
0.0205407
0.0205387
0.0205361
0.0205328
0.0205289
0.0205244
0.0205193
0.0205135
0.0205073
0.0205005
0.0204933
0.0204858
0.0204783
0.0204718
0.0204702
0.020475
0.020482
0.0204869
0.0204909
0.0204944
0.0204991
0.0205075
0.0205208
0.0205397
0.020564
0.0205934
0.0206274
0.0206652
0.0207061
0.0207497
0.0208046
0.0212159
0.0206208
0.0205489
0.0205658
0.0205023
0.0205032
0.0205037
0.0205034
0.0205023
0.0205007
0.0204984
0.0204956
0.0204923
0.0204884
0.0204841
0.0204792
0.0204739
0.0204682
0.020462
0.0204555
0.0204487
0.0204419
0.0204361
0.0204343
0.0204387
0.0204456
0.0204503
0.0204541
0.0204572
0.0204615
0.0204692
0.0204817
0.0204997
0.0205231
0.0205516
0.0205847
0.0206217
0.0206619
0.020705
0.0207593
0.0211277
0.0207689
0.0207059
0.0207259
0.0206627
0.0206661
0.0206685
0.0206696
0.0206696
0.0206684
0.0206661
0.0206628
0.0206585
0.0206533
0.0206473
0.0206404
0.0206329
0.0206246
0.0206157
0.0206063
0.0205964
0.0205865
0.0205779
0.0205737
0.0205761
0.0205832
0.0205881
0.0205915
0.0205944
0.0205981
0.0206048
0.0206159
0.020632
0.0206533
0.0206795
0.0207101
0.0207446
0.0207822
0.0208227
0.0208742
0.0182515
0.0207661
0.020705
0.0207259
0.0206632
0.0206665
0.0206687
0.0206697
0.0206694
0.0206681
0.0206656
0.0206621
0.0206576
0.0206523
0.020646
0.020639
0.0206312
0.0206227
0.0206135
0.0206038
0.0205937
0.0205836
0.0205749
0.020571
0.0205736
0.0205806
0.0205852
0.0205886
0.0205915
0.0205955
0.0206027
0.0206144
0.0206311
0.0206531
0.0206798
0.020711
0.020746
0.0207841
0.020825
0.0208768
0.0183298
0.02077
0.0207087
0.0207295
0.0206667
0.0206698
0.0206719
0.0206728
0.0206725
0.020671
0.0206685
0.0206649
0.0206603
0.0206549
0.0206486
0.0206414
0.0206336
0.020625
0.0206158
0.020606
0.0205958
0.0205856
0.0205768
0.0205729
0.0205756
0.0205825
0.0205872
0.0205906
0.0205935
0.0205975
0.0206047
0.0206165
0.0206333
0.0206553
0.0206822
0.0207135
0.0207485
0.0207867
0.0208278
0.0208796
0.0183295
0.0207736
0.0207122
0.0207328
0.02067
0.0206731
0.0206751
0.0206759
0.0206755
0.020674
0.0206714
0.0206677
0.0206631
0.0206576
0.0206513
0.0206441
0.0206362
0.0206275
0.0206183
0.0206084
0.0205982
0.0205879
0.020579
0.0205751
0.0205777
0.0205846
0.0205893
0.0205927
0.0205956
0.0205996
0.0206068
0.0206186
0.0206354
0.0206574
0.0206843
0.0207156
0.0207506
0.0207889
0.0208299
0.0208818
0.0183293
0.0207763
0.0207149
0.0207354
0.0206726
0.0206757
0.0206777
0.0206784
0.020678
0.0206764
0.0206738
0.0206701
0.0206655
0.0206599
0.0206535
0.0206463
0.0206384
0.0206297
0.0206204
0.0206105
0.0206002
0.0205899
0.0205809
0.020577
0.0205796
0.0205865
0.0205911
0.0205945
0.0205974
0.0206014
0.0206087
0.0206204
0.0206372
0.0206593
0.0206861
0.0207174
0.0207525
0.0207907
0.0208318
0.0208836
0.0183292
0.0207784
0.0207169
0.0207374
0.0206746
0.0206776
0.0206796
0.0206803
0.0206799
0.0206783
0.0206756
0.020672
0.0206673
0.0206617
0.0206553
0.0206481
0.0206401
0.0206314
0.0206221
0.0206121
0.0206018
0.0205914
0.0205825
0.0205785
0.020581
0.020588
0.0205926
0.020596
0.0205989
0.0206029
0.0206101
0.0206219
0.0206387
0.0206607
0.0206876
0.0207189
0.020754
0.0207922
0.0208333
0.0208851
0.018329
0.0207798
0.0207183
0.0207388
0.020676
0.020679
0.020681
0.0206817
0.0206813
0.0206797
0.020677
0.0206733
0.0206686
0.0206631
0.0206567
0.0206494
0.0206414
0.0206327
0.0206233
0.0206133
0.020603
0.0205926
0.0205836
0.0205796
0.0205822
0.0205891
0.0205938
0.0205971
0.0206
0.020604
0.0206112
0.020623
0.0206398
0.0206618
0.0206887
0.02072
0.020755
0.0207933
0.0208343
0.0208862
0.0183289
0.0207807
0.0207192
0.0207397
0.0206769
0.02068
0.0206819
0.0206827
0.0206822
0.0206806
0.020678
0.0206743
0.0206696
0.020664
0.0206576
0.0206503
0.0206423
0.0206336
0.0206242
0.0206142
0.0206038
0.0205934
0.0205844
0.0205804
0.020583
0.0205899
0.0205945
0.0205979
0.0206008
0.0206047
0.020612
0.0206237
0.0206405
0.0206625
0.0206894
0.0207207
0.0207557
0.020794
0.020835
0.0208869
0.0183288
0.0207812
0.0207198
0.0207403
0.0206775
0.0206806
0.0206826
0.0206833
0.0206829
0.0206813
0.0206786
0.0206749
0.0206702
0.0206646
0.0206582
0.0206509
0.0206429
0.0206342
0.0206248
0.0206148
0.0206044
0.020594
0.020585
0.020581
0.0205835
0.0205904
0.0205951
0.0205984
0.0206012
0.0206052
0.0206124
0.0206242
0.020641
0.020663
0.0206899
0.0207211
0.0207561
0.0207944
0.0208354
0.0208873
0.0183287
0.0207815
0.0207201
0.0207406
0.0206778
0.0206809
0.0206829
0.0206837
0.0206832
0.0206816
0.0206789
0.0206752
0.0206705
0.020665
0.0206585
0.0206513
0.0206432
0.0206345
0.020625
0.0206151
0.0206046
0.0205942
0.0205852
0.0205812
0.0205838
0.0205907
0.0205953
0.0205986
0.0206015
0.0206055
0.0206127
0.0206244
0.0206412
0.0206632
0.0206901
0.0207213
0.0207563
0.0207946
0.0208356
0.0208875
0.0183286
0.0207817
0.0207202
0.0207407
0.020678
0.020681
0.0206831
0.0206838
0.0206834
0.0206818
0.0206791
0.0206753
0.0206707
0.0206651
0.0206586
0.0206513
0.0206433
0.0206345
0.0206251
0.0206151
0.0206047
0.0205943
0.0205853
0.0205812
0.0205838
0.0205907
0.0205953
0.0205986
0.0206015
0.0206054
0.0206127
0.0206244
0.0206412
0.0206632
0.02069
0.0207213
0.0207563
0.0207945
0.0208356
0.0208874
0.0183285
0.0207817
0.0207202
0.0207408
0.020678
0.0206811
0.0206831
0.0206838
0.0206834
0.0206817
0.020679
0.0206753
0.0206706
0.020665
0.0206586
0.0206513
0.0206432
0.0206345
0.020625
0.020615
0.0206046
0.0205942
0.0205852
0.0205811
0.0205836
0.0205905
0.0205951
0.0205985
0.0206013
0.0206053
0.0206125
0.0206242
0.020641
0.020663
0.0206898
0.0207211
0.0207561
0.0207943
0.0208353
0.0208872
0.0183285
0.0207817
0.0207202
0.0207408
0.020678
0.0206811
0.0206831
0.0206838
0.0206833
0.0206817
0.020679
0.0206752
0.0206706
0.020665
0.0206585
0.0206512
0.0206432
0.0206344
0.0206249
0.0206149
0.0206045
0.0205941
0.0205851
0.020581
0.0205835
0.0205904
0.020595
0.0205983
0.0206012
0.0206052
0.0206123
0.020624
0.0206408
0.0206628
0.0206897
0.0207209
0.0207559
0.0207941
0.0208351
0.020887
0.0183284
0.0207817
0.0207203
0.0207409
0.0206781
0.0206812
0.0206831
0.0206839
0.0206834
0.0206817
0.020679
0.0206753
0.0206706
0.020665
0.0206586
0.0206513
0.0206432
0.0206344
0.020625
0.020615
0.0206045
0.0205941
0.0205851
0.020581
0.0205835
0.0205904
0.020595
0.0205983
0.0206011
0.0206051
0.0206123
0.020624
0.0206408
0.0206627
0.0206896
0.0207208
0.0207558
0.020794
0.020835
0.0208869
0.0183283
0.0207819
0.0207205
0.020741
0.0206783
0.0206813
0.0206833
0.020684
0.0206835
0.0206819
0.0206792
0.0206754
0.0206707
0.0206651
0.0206587
0.0206514
0.0206433
0.0206345
0.020625
0.020615
0.0206046
0.0205942
0.0205851
0.020581
0.0205835
0.0205904
0.020595
0.0205983
0.0206011
0.020605
0.0206122
0.0206239
0.0206407
0.0206627
0.0206895
0.0207208
0.0207558
0.020794
0.020835
0.0208868
0.0183283
0.0207821
0.0207207
0.0207412
0.0206785
0.0206815
0.0206835
0.0206842
0.0206837
0.0206821
0.0206793
0.0206756
0.0206709
0.0206653
0.0206588
0.0206515
0.0206434
0.0206346
0.0206251
0.0206151
0.0206046
0.0205942
0.0205851
0.020581
0.0205834
0.0205903
0.0205949
0.0205982
0.020601
0.020605
0.0206121
0.0206238
0.0206407
0.0206626
0.0206895
0.0207207
0.0207557
0.0207939
0.0208349
0.0208868
0.0183282
0.0207823
0.0207209
0.0207414
0.0206787
0.0206817
0.0206837
0.0206844
0.0206838
0.0206822
0.0206794
0.0206757
0.020671
0.0206653
0.0206588
0.0206515
0.0206434
0.0206346
0.0206251
0.020615
0.0206046
0.0205941
0.020585
0.0205809
0.0205834
0.0205902
0.0205948
0.0205981
0.0206009
0.0206049
0.0206121
0.0206238
0.0206406
0.0206626
0.0206894
0.0207206
0.0207556
0.0207938
0.0208348
0.0208867
0.0183282
0.0207824
0.020721
0.0207416
0.0206788
0.0206818
0.0206838
0.0206844
0.0206839
0.0206822
0.0206795
0.0206757
0.020671
0.0206653
0.0206588
0.0206515
0.0206433
0.0206345
0.020625
0.020615
0.0206045
0.020594
0.0205849
0.0205808
0.0205833
0.0205901
0.0205947
0.020598
0.0206008
0.0206048
0.020612
0.0206237
0.0206405
0.0206625
0.0206893
0.0207205
0.0207555
0.0207937
0.0208347
0.0208866
0.0183282
0.0207825
0.0207211
0.0207416
0.0206788
0.0206818
0.0206838
0.0206844
0.0206839
0.0206822
0.0206794
0.0206756
0.0206709
0.0206653
0.0206588
0.0206514
0.0206433
0.0206345
0.020625
0.0206149
0.0206044
0.0205939
0.0205848
0.0205807
0.0205832
0.0205901
0.0205947
0.020598
0.0206008
0.0206048
0.020612
0.0206237
0.0206405
0.0206624
0.0206892
0.0207205
0.0207555
0.0207937
0.0208347
0.0208866
0.0183282
0.0207825
0.020721
0.0207415
0.0206787
0.0206818
0.0206837
0.0206844
0.0206838
0.0206821
0.0206794
0.0206756
0.0206709
0.0206652
0.0206587
0.0206514
0.0206433
0.0206344
0.0206249
0.0206149
0.0206044
0.0205939
0.0205848
0.0205807
0.0205832
0.0205901
0.0205947
0.020598
0.0206008
0.0206048
0.020612
0.0206237
0.0206405
0.0206625
0.0206893
0.0207206
0.0207556
0.0207938
0.0208348
0.0208867
0.0183281
0.0207824
0.0207209
0.0207414
0.0206786
0.0206816
0.0206836
0.0206843
0.0206837
0.0206821
0.0206793
0.0206755
0.0206708
0.0206652
0.0206587
0.0206514
0.0206433
0.0206344
0.0206249
0.0206149
0.0206044
0.020594
0.0205849
0.0205808
0.0205833
0.0205902
0.0205948
0.0205981
0.0206009
0.0206049
0.0206121
0.0206239
0.0206407
0.0206627
0.0206895
0.0207208
0.0207558
0.020794
0.0208351
0.0208869
0.0183281
0.0207822
0.0207208
0.0207413
0.0206785
0.0206815
0.0206835
0.0206842
0.0206836
0.020682
0.0206792
0.0206755
0.0206708
0.0206652
0.0206587
0.0206513
0.0206432
0.0206344
0.0206249
0.0206148
0.0206044
0.020594
0.020585
0.0205809
0.0205834
0.0205902
0.0205948
0.0205982
0.020601
0.020605
0.0206123
0.020624
0.0206408
0.0206628
0.0206897
0.0207209
0.0207559
0.0207942
0.0208352
0.0208871
0.0183281
0.020782
0.0207206
0.0207411
0.0206784
0.0206814
0.0206834
0.0206841
0.0206836
0.0206819
0.0206792
0.0206755
0.0206707
0.0206651
0.0206586
0.0206513
0.0206431
0.0206343
0.0206248
0.0206148
0.0206044
0.020594
0.020585
0.0205809
0.0205834
0.0205903
0.0205949
0.0205982
0.0206011
0.0206051
0.0206123
0.0206241
0.0206409
0.0206629
0.0206898
0.020721
0.0207561
0.0207943
0.0208354
0.0208872
0.0183281
0.0207819
0.0207205
0.0207411
0.0206783
0.0206814
0.0206834
0.0206841
0.0206836
0.020682
0.0206792
0.0206755
0.0206708
0.0206651
0.0206586
0.0206513
0.0206432
0.0206344
0.0206249
0.0206149
0.0206045
0.0205942
0.0205851
0.020581
0.0205835
0.0205904
0.0205951
0.0205985
0.0206013
0.0206053
0.0206125
0.0206242
0.0206411
0.0206631
0.02069
0.0207212
0.0207563
0.0207945
0.0208356
0.0208875
0.0183281
0.0207819
0.0207205
0.0207411
0.0206784
0.0206814
0.0206834
0.0206842
0.0206837
0.0206821
0.0206793
0.0206756
0.0206709
0.0206653
0.0206588
0.0206515
0.0206434
0.0206346
0.0206252
0.0206152
0.0206048
0.0205945
0.0205854
0.0205813
0.0205839
0.0205908
0.0205955
0.0205988
0.0206016
0.0206056
0.0206128
0.0206246
0.0206414
0.0206634
0.0206903
0.0207216
0.0207566
0.0207948
0.0208359
0.0208878
0.0183282
0.0207819
0.0207205
0.0207411
0.0206784
0.0206815
0.0206835
0.0206843
0.0206838
0.0206822
0.0206795
0.0206757
0.020671
0.0206655
0.020659
0.0206517
0.0206437
0.0206349
0.0206255
0.0206155
0.0206051
0.0205947
0.0205857
0.0205816
0.0205842
0.0205912
0.0205958
0.0205991
0.0206019
0.0206059
0.0206132
0.020625
0.0206418
0.0206638
0.0206906
0.0207219
0.0207569
0.0207952
0.0208362
0.0208881
0.0183282
0.0207818
0.0207205
0.0207411
0.0206784
0.0206815
0.0206835
0.0206843
0.0206838
0.0206822
0.0206795
0.0206758
0.0206711
0.0206655
0.0206591
0.0206518
0.0206438
0.020635
0.0206256
0.0206156
0.0206052
0.0205949
0.0205858
0.0205818
0.0205844
0.0205914
0.0205959
0.0205993
0.0206021
0.0206062
0.0206135
0.0206253
0.0206421
0.0206641
0.0206909
0.0207222
0.0207573
0.0207956
0.0208366
0.0208885
0.0183282
0.0207816
0.0207203
0.0207409
0.0206782
0.0206814
0.0206834
0.0206842
0.0206837
0.0206821
0.0206795
0.0206757
0.0206711
0.0206655
0.0206591
0.0206518
0.0206438
0.0206351
0.0206257
0.0206157
0.0206053
0.020595
0.020586
0.020582
0.0205846
0.0205915
0.0205961
0.0205996
0.0206025
0.0206066
0.0206139
0.0206256
0.0206425
0.0206645
0.0206914
0.0207228
0.0207579
0.0207962
0.0208373
0.0208893
0.0183282
0.0207813
0.02072
0.0207406
0.0206779
0.0206811
0.0206832
0.020684
0.0206835
0.020682
0.0206793
0.0206756
0.020671
0.0206654
0.020659
0.0206518
0.0206438
0.0206351
0.0206257
0.0206158
0.0206054
0.0205951
0.0205862
0.0205822
0.0205848
0.0205918
0.0205965
0.0206
0.020603
0.020607
0.0206142
0.020626
0.0206429
0.020665
0.020692
0.0207234
0.0207585
0.0207968
0.020838
0.0208899
0.0183283
0.0207808
0.0207195
0.0207401
0.0206775
0.0206806
0.0206827
0.0206835
0.0206831
0.0206815
0.0206789
0.0206752
0.0206706
0.0206652
0.0206588
0.0206516
0.0206437
0.020635
0.0206256
0.0206157
0.0206053
0.0205951
0.0205862
0.0205822
0.0205849
0.0205919
0.0205967
0.0206001
0.020603
0.020607
0.0206142
0.0206261
0.020643
0.0206652
0.0206921
0.0207234
0.0207585
0.0207969
0.020838
0.0208899
0.0183284
0.0207799
0.0207187
0.0207393
0.0206767
0.0206799
0.0206819
0.0206827
0.0206823
0.0206807
0.0206781
0.0206745
0.02067
0.0206645
0.0206582
0.0206511
0.0206431
0.0206344
0.020625
0.0206151
0.0206048
0.0205945
0.0205857
0.0205817
0.0205844
0.0205914
0.0205961
0.0205994
0.0206022
0.0206062
0.0206135
0.0206254
0.0206423
0.0206643
0.0206912
0.0207225
0.0207576
0.0207959
0.020837
0.0208889
0.0183285
0.0207787
0.0207174
0.0207381
0.0206754
0.0206786
0.0206806
0.0206814
0.020681
0.0206794
0.0206769
0.0206733
0.0206688
0.0206633
0.020657
0.0206498
0.0206418
0.0206331
0.0206237
0.0206138
0.0206035
0.0205932
0.0205843
0.0205804
0.020583
0.02059
0.0205946
0.0205979
0.0206007
0.0206047
0.0206121
0.0206239
0.0206408
0.0206628
0.0206897
0.020721
0.0207561
0.0207943
0.0208354
0.0208873
0.0183287
0.0207767
0.0207155
0.0207361
0.0206735
0.0206766
0.0206786
0.0206793
0.0206789
0.0206774
0.0206748
0.0206712
0.0206667
0.0206612
0.0206548
0.0206476
0.0206396
0.0206309
0.0206215
0.0206116
0.0206014
0.0205911
0.0205822
0.0205783
0.0205809
0.0205879
0.0205925
0.0205959
0.0205988
0.0206029
0.0206102
0.020622
0.0206389
0.020661
0.0206879
0.0207192
0.0207543
0.0207926
0.0208337
0.0208856
0.018329
0.0207737
0.0207124
0.0207331
0.0206704
0.0206734
0.0206754
0.0206762
0.0206757
0.0206742
0.0206715
0.0206679
0.0206633
0.0206578
0.0206514
0.0206443
0.0206363
0.0206277
0.0206184
0.0206086
0.0205984
0.0205882
0.0205793
0.0205754
0.0205781
0.0205851
0.0205898
0.0205932
0.0205962
0.0206003
0.0206076
0.0206194
0.0206363
0.0206584
0.0206853
0.0207166
0.0207517
0.0207899
0.020831
0.0208828
0.018329
0.0207692
0.0207079
0.0207285
0.0206657
0.0206687
0.0206706
0.0206713
0.0206708
0.0206692
0.0206665
0.0206628
0.0206582
0.0206527
0.0206464
0.0206393
0.0206315
0.0206229
0.0206137
0.020604
0.0205938
0.0205837
0.0205749
0.0205711
0.0205738
0.0205808
0.0205855
0.0205889
0.0205918
0.0205959
0.0206031
0.0206149
0.0206319
0.0206539
0.0206807
0.020712
0.020747
0.0207852
0.0208262
0.0208781
0.0183295
0.0207626
0.0207011
0.0207216
0.0206587
0.0206616
0.0206635
0.0206641
0.0206635
0.0206618
0.0206591
0.0206554
0.0206508
0.0206453
0.0206391
0.0206321
0.0206243
0.0206158
0.0206066
0.0205969
0.0205868
0.0205767
0.0205681
0.0205644
0.0205671
0.0205741
0.0205788
0.0205822
0.0205851
0.0205891
0.0205964
0.0206082
0.0206251
0.0206471
0.0206739
0.0207052
0.0207402
0.0207784
0.0208194
0.0208713
0.0183299
0.0207532
0.0206914
0.0207117
0.0206485
0.0206512
0.0206529
0.0206533
0.0206526
0.0206508
0.0206479
0.0206442
0.0206395
0.0206341
0.0206278
0.0206208
0.020613
0.0206046
0.0205955
0.0205859
0.020576
0.0205661
0.0205576
0.020554
0.0205567
0.0205636
0.0205682
0.0205715
0.0205743
0.0205782
0.0205854
0.020597
0.0206138
0.0206356
0.0206624
0.0206936
0.0207285
0.0207666
0.0208075
0.0208593
0.0183306
0.0207396
0.0206773
0.0206971
0.0206334
0.0206356
0.0206368
0.0206369
0.0206358
0.0206337
0.0206306
0.0206267
0.020622
0.0206164
0.0206101
0.0206031
0.0205954
0.020587
0.020578
0.0205686
0.0205589
0.0205492
0.0205409
0.0205373
0.02054
0.0205468
0.0205511
0.0205543
0.0205569
0.0205606
0.0205676
0.0205791
0.0205956
0.0206173
0.0206439
0.0206748
0.0207095
0.0207474
0.020788
0.0208396
0.0183319
0.0207198
0.0206564
0.020675
0.0206104
0.0206117
0.0206122
0.0206116
0.02061
0.0206074
0.020604
0.0205998
0.0205948
0.0205891
0.0205828
0.0205758
0.0205682
0.02056
0.0205513
0.0205423
0.0205329
0.0205237
0.0205158
0.0205125
0.0205154
0.0205219
0.0205262
0.0205292
0.0205316
0.0205352
0.020542
0.0205533
0.0205697
0.0205912
0.0206175
0.0206482
0.0206826
0.0207202
0.0207606
0.0208118
0.0183337
0.0206909
0.0206235
0.0206393
0.0205728
0.0205731
0.0205726
0.0205713
0.0205691
0.0205662
0.0205625
0.0205582
0.0205533
0.0205477
0.0205416
0.020535
0.0205279
0.0205203
0.0205123
0.020504
0.0204955
0.0204871
0.0204799
0.0204767
0.0204792
0.0204856
0.0204897
0.0204925
0.0204946
0.0204977
0.0205039
0.0205144
0.0205299
0.0205505
0.0205759
0.0206058
0.0206395
0.0206763
0.020716
0.0207667
0.018258
0.0208478
0.0207896
0.0208081
0.0207416
0.0207442
0.0207457
0.0207456
0.0207442
0.0207415
0.0207375
0.0207325
0.0207263
0.0207191
0.0207111
0.0207022
0.0206925
0.0206822
0.0206712
0.0206597
0.0206479
0.0206362
0.020626
0.0206202
0.0206205
0.0206267
0.0206311
0.0206333
0.0206349
0.0206372
0.0206423
0.0206513
0.0206649
0.0206833
0.0207064
0.0207336
0.0207646
0.0207988
0.0208359
0.0208835
0.0157988
0.0208445
0.0207882
0.0208078
0.0207417
0.0207442
0.0207455
0.0207453
0.0207438
0.0207409
0.0207368
0.0207315
0.0207251
0.0207178
0.0207095
0.0207004
0.0206905
0.0206799
0.0206687
0.0206569
0.0206448
0.0206329
0.0206226
0.020617
0.0206176
0.0206237
0.0206278
0.02063
0.0206316
0.0206343
0.0206398
0.0206494
0.0206636
0.0206826
0.0207063
0.0207341
0.0207656
0.0208003
0.0208379
0.0208857
0.0158661
0.0208485
0.020792
0.0208115
0.0207453
0.0207477
0.0207488
0.0207485
0.0207468
0.0207439
0.0207397
0.0207343
0.0207279
0.0207204
0.0207121
0.0207029
0.020693
0.0206823
0.020671
0.0206591
0.0206469
0.020635
0.0206246
0.020619
0.0206195
0.0206256
0.0206297
0.0206319
0.0206336
0.0206363
0.0206418
0.0206515
0.0206658
0.0206849
0.0207087
0.0207366
0.0207682
0.020803
0.0208406
0.0208886
0.0158659
0.0208522
0.0207955
0.0208149
0.0207486
0.020751
0.0207521
0.0207517
0.0207499
0.0207469
0.0207426
0.0207372
0.0207307
0.0207232
0.0207149
0.0207056
0.0206956
0.0206848
0.0206735
0.0206616
0.0206493
0.0206373
0.0206268
0.0206212
0.0206217
0.0206278
0.0206319
0.020634
0.0206357
0.0206384
0.0206439
0.0206536
0.0206679
0.020687
0.0207108
0.0207387
0.0207703
0.0208051
0.0208428
0.0208907
0.0158657
0.020855
0.0207983
0.0208176
0.0207513
0.0207536
0.0207547
0.0207543
0.0207525
0.0207494
0.0207451
0.0207396
0.0207331
0.0207256
0.0207172
0.0207079
0.0206978
0.020687
0.0206756
0.0206636
0.0206514
0.0206393
0.0206288
0.0206231
0.0206236
0.0206296
0.0206337
0.0206359
0.0206376
0.0206402
0.0206458
0.0206554
0.0206697
0.0206889
0.0207126
0.0207406
0.0207722
0.020807
0.0208446
0.0208926
0.0158656
0.0208571
0.0208004
0.0208196
0.0207534
0.0207556
0.0207567
0.0207562
0.0207544
0.0207513
0.020747
0.0207415
0.020735
0.0207275
0.020719
0.0207097
0.0206996
0.0206888
0.0206773
0.0206653
0.020653
0.0206408
0.0206303
0.0206246
0.0206251
0.0206311
0.0206352
0.0206374
0.020639
0.0206417
0.0206472
0.0206569
0.0206712
0.0206903
0.0207141
0.020742
0.0207737
0.0208085
0.0208461
0.0208941
0.0158654
0.0208585
0.0208018
0.020821
0.0207548
0.0207571
0.0207581
0.0207576
0.0207558
0.0207527
0.0207484
0.0207429
0.0207364
0.0207288
0.0207203
0.020711
0.0207009
0.02069
0.0206786
0.0206665
0.0206542
0.020642
0.0206315
0.0206257
0.0206262
0.0206323
0.0206363
0.0206385
0.0206401
0.0206428
0.0206483
0.020658
0.0206723
0.0206914
0.0207152
0.0207431
0.0207748
0.0208096
0.0208472
0.0208952
0.0158653
0.0208594
0.0208028
0.0208219
0.0207557
0.020758
0.020759
0.0207586
0.0207568
0.0207537
0.0207494
0.0207439
0.0207373
0.0207298
0.0207213
0.020712
0.0207018
0.020691
0.0206795
0.0206674
0.020655
0.0206429
0.0206323
0.0206266
0.020627
0.0206331
0.0206371
0.0206393
0.0206409
0.0206436
0.0206491
0.0206587
0.020673
0.0206922
0.0207159
0.0207438
0.0207755
0.0208102
0.0208479
0.0208959
0.0158652
0.02086
0.0208033
0.0208225
0.0207563
0.0207586
0.0207597
0.0207592
0.0207574
0.0207543
0.02075
0.0207445
0.0207379
0.0207304
0.0207219
0.0207126
0.0207024
0.0206915
0.02068
0.020668
0.0206556
0.0206434
0.0206328
0.0206271
0.0206276
0.0206336
0.0206377
0.0206398
0.0206414
0.020644
0.0206496
0.0206592
0.0206735
0.0206926
0.0207163
0.0207443
0.0207759
0.0208107
0.0208483
0.0208963
0.0158651
0.0208603
0.0208037
0.0208229
0.0207567
0.020759
0.02076
0.0207596
0.0207578
0.0207547
0.0207503
0.0207448
0.0207383
0.0207307
0.0207222
0.0207129
0.0207027
0.0206919
0.0206803
0.0206683
0.0206559
0.0206437
0.0206331
0.0206274
0.0206278
0.0206338
0.0206379
0.02064
0.0206416
0.0206443
0.0206498
0.0206594
0.0206737
0.0206928
0.0207165
0.0207445
0.0207761
0.0208109
0.0208485
0.0208965
0.015865
0.0208605
0.0208038
0.020823
0.0207568
0.0207591
0.0207602
0.0207598
0.0207579
0.0207548
0.0207505
0.020745
0.0207384
0.0207308
0.0207223
0.020713
0.0207028
0.0206919
0.0206804
0.0206683
0.0206559
0.0206437
0.0206332
0.0206274
0.0206278
0.0206339
0.0206379
0.02064
0.0206416
0.0206443
0.0206498
0.0206594
0.0206737
0.0206928
0.0207165
0.0207444
0.020776
0.0208108
0.0208485
0.0208964
0.015865
0.0208605
0.0208038
0.020823
0.0207569
0.0207592
0.0207602
0.0207598
0.0207579
0.0207548
0.0207504
0.0207449
0.0207383
0.0207308
0.0207223
0.0207129
0.0207027
0.0206919
0.0206803
0.0206682
0.0206558
0.0206436
0.0206331
0.0206273
0.0206277
0.0206337
0.0206377
0.0206399
0.0206415
0.0206441
0.0206496
0.0206593
0.0206735
0.0206926
0.0207163
0.0207442
0.0207759
0.0208106
0.0208483
0.0208962
0.0158649
0.0208605
0.0208038
0.020823
0.0207569
0.0207592
0.0207602
0.0207598
0.0207579
0.0207548
0.0207504
0.0207449
0.0207383
0.0207307
0.0207222
0.0207129
0.0207027
0.0206918
0.0206802
0.0206682
0.0206558
0.0206436
0.020633
0.0206272
0.0206276
0.0206336
0.0206376
0.0206397
0.0206413
0.020644
0.0206495
0.0206591
0.0206734
0.0206925
0.0207162
0.0207441
0.0207757
0.0208104
0.0208481
0.020896
0.0158648
0.0208606
0.0208039
0.0208231
0.020757
0.0207592
0.0207603
0.0207598
0.020758
0.0207548
0.0207504
0.0207449
0.0207383
0.0207308
0.0207223
0.0207129
0.0207027
0.0206918
0.0206803
0.0206682
0.0206558
0.0206436
0.020633
0.0206272
0.0206276
0.0206336
0.0206376
0.0206397
0.0206413
0.0206439
0.0206494
0.020659
0.0206733
0.0206924
0.0207161
0.020744
0.0207756
0.0208103
0.020848
0.0208959
0.0158647
0.0208607
0.0208041
0.0208233
0.0207571
0.0207594
0.0207604
0.02076
0.0207581
0.020755
0.0207506
0.0207451
0.0207385
0.0207309
0.0207224
0.020713
0.0207028
0.0206919
0.0206803
0.0206682
0.0206558
0.0206436
0.020633
0.0206272
0.0206276
0.0206336
0.0206376
0.0206397
0.0206413
0.0206439
0.0206494
0.020659
0.0206732
0.0206923
0.020716
0.0207439
0.0207755
0.0208103
0.0208479
0.0208958
0.0158647
0.0208609
0.0208043
0.0208235
0.0207573
0.0207596
0.0207606
0.0207601
0.0207583
0.0207551
0.0207507
0.0207452
0.0207386
0.020731
0.0207225
0.0207131
0.0207029
0.0206919
0.0206804
0.0206683
0.0206559
0.0206436
0.020633
0.0206271
0.0206275
0.0206335
0.0206375
0.0206396
0.0206412
0.0206438
0.0206493
0.0206589
0.0206732
0.0206923
0.020716
0.0207439
0.0207755
0.0208102
0.0208478
0.0208958
0.0158646
0.0208611
0.0208045
0.0208237
0.0207575
0.0207598
0.0207608
0.0207603
0.0207584
0.0207552
0.0207508
0.0207453
0.0207387
0.0207311
0.0207225
0.0207131
0.0207029
0.0206919
0.0206804
0.0206683
0.0206558
0.0206436
0.0206329
0.0206271
0.0206274
0.0206334
0.0206374
0.0206395
0.0206411
0.0206437
0.0206492
0.0206588
0.0206731
0.0206922
0.0207159
0.0207438
0.0207754
0.0208101
0.0208477
0.0208957
0.0158646
0.0208613
0.0208046
0.0208238
0.0207576
0.0207599
0.0207609
0.0207604
0.0207585
0.0207553
0.0207508
0.0207453
0.0207387
0.0207311
0.0207225
0.0207131
0.0207028
0.0206919
0.0206803
0.0206682
0.0206558
0.0206435
0.0206328
0.0206269
0.0206273
0.0206333
0.0206373
0.0206394
0.020641
0.0206437
0.0206492
0.0206588
0.020673
0.0206921
0.0207158
0.0207437
0.0207753
0.02081
0.0208477
0.0208956
0.0158646
0.0208613
0.0208047
0.0208238
0.0207576
0.0207599
0.0207609
0.0207603
0.0207585
0.0207552
0.0207508
0.0207453
0.0207386
0.020731
0.0207225
0.020713
0.0207028
0.0206919
0.0206803
0.0206681
0.0206557
0.0206434
0.0206327
0.0206269
0.0206273
0.0206332
0.0206373
0.0206394
0.020641
0.0206436
0.0206491
0.0206587
0.020673
0.020692
0.0207157
0.0207436
0.0207752
0.02081
0.0208476
0.0208956
0.0158645
0.0208613
0.0208046
0.0208238
0.0207576
0.0207598
0.0207608
0.0207603
0.0207584
0.0207552
0.0207508
0.0207452
0.0207386
0.020731
0.0207224
0.020713
0.0207028
0.0206918
0.0206802
0.0206681
0.0206556
0.0206434
0.0206327
0.0206269
0.0206273
0.0206333
0.0206373
0.0206394
0.020641
0.0206436
0.0206491
0.0206587
0.020673
0.0206921
0.0207158
0.0207437
0.0207753
0.0208101
0.0208477
0.0208957
0.0158645
0.0208612
0.0208045
0.0208237
0.0207575
0.0207597
0.0207607
0.0207602
0.0207583
0.0207551
0.0207507
0.0207452
0.0207386
0.020731
0.0207224
0.020713
0.0207028
0.0206918
0.0206802
0.0206681
0.0206556
0.0206434
0.0206328
0.020627
0.0206274
0.0206334
0.0206374
0.0206395
0.0206411
0.0206438
0.0206493
0.0206589
0.0206732
0.0206923
0.020716
0.0207439
0.0207755
0.0208103
0.020848
0.0208959
0.0158645
0.020861
0.0208043
0.0208235
0.0207573
0.0207596
0.0207606
0.0207601
0.0207582
0.020755
0.0207506
0.0207451
0.0207385
0.0207309
0.0207224
0.020713
0.0207027
0.0206918
0.0206802
0.0206681
0.0206556
0.0206435
0.0206329
0.0206271
0.0206275
0.0206334
0.0206374
0.0206396
0.0206412
0.0206439
0.0206494
0.020659
0.0206733
0.0206924
0.0207162
0.0207441
0.0207757
0.0208105
0.0208481
0.0208961
0.0158645
0.0208608
0.0208042
0.0208234
0.0207572
0.0207595
0.0207605
0.02076
0.0207582
0.020755
0.0207506
0.0207451
0.0207385
0.0207309
0.0207223
0.0207129
0.0207027
0.0206917
0.0206801
0.020668
0.0206557
0.0206435
0.0206329
0.0206271
0.0206275
0.0206334
0.0206375
0.0206396
0.0206413
0.020644
0.0206495
0.0206591
0.0206734
0.0206925
0.0207163
0.0207442
0.0207758
0.0208106
0.0208483
0.0208963
0.0158645
0.0208607
0.0208041
0.0208233
0.0207572
0.0207595
0.0207605
0.02076
0.0207582
0.020755
0.0207506
0.0207451
0.0207385
0.0207309
0.0207223
0.0207129
0.0207027
0.0206918
0.0206802
0.0206682
0.0206558
0.0206436
0.020633
0.0206272
0.0206276
0.0206336
0.0206377
0.0206399
0.0206415
0.0206442
0.0206497
0.0206593
0.0206736
0.0206927
0.0207165
0.0207444
0.020776
0.0208108
0.0208485
0.0208965
0.0158645
0.0208607
0.0208041
0.0208234
0.0207572
0.0207595
0.0207606
0.0207601
0.0207583
0.0207551
0.0207507
0.0207452
0.0207386
0.020731
0.0207225
0.0207131
0.0207029
0.020692
0.0206805
0.0206685
0.0206561
0.0206439
0.0206333
0.0206275
0.0206279
0.020634
0.0206381
0.0206402
0.0206418
0.0206444
0.0206499
0.0206596
0.020674
0.0206931
0.0207168
0.0207447
0.0207763
0.0208111
0.0208488
0.0208967
0.0158646
0.0208607
0.0208041
0.0208234
0.0207573
0.0207596
0.0207606
0.0207602
0.0207584
0.0207552
0.0207509
0.0207454
0.0207388
0.0207312
0.0207227
0.0207133
0.0207032
0.0206923
0.0206807
0.0206687
0.0206564
0.0206442
0.0206336
0.0206278
0.0206283
0.0206343
0.0206384
0.0206405
0.0206421
0.0206447
0.0206503
0.02066
0.0206743
0.0206935
0.0207172
0.020745
0.0207767
0.0208115
0.0208491
0.0208971
0.0158646
0.0208606
0.0208041
0.0208234
0.0207573
0.0207596
0.0207607
0.0207602
0.0207584
0.0207553
0.0207509
0.0207454
0.0207389
0.0207313
0.0207228
0.0207134
0.0207033
0.0206924
0.0206809
0.0206688
0.0206565
0.0206443
0.0206337
0.020628
0.0206285
0.0206345
0.0206385
0.0206406
0.0206423
0.020645
0.0206506
0.0206603
0.0206746
0.0206937
0.0207174
0.0207454
0.020777
0.0208119
0.0208495
0.0208975
0.0158646
0.0208605
0.0208039
0.0208232
0.0207571
0.0207595
0.0207605
0.0207601
0.0207584
0.0207552
0.0207509
0.0207454
0.0207388
0.0207313
0.0207228
0.0207135
0.0207033
0.0206925
0.020681
0.0206689
0.0206566
0.0206444
0.0206339
0.0206281
0.0206287
0.0206347
0.0206387
0.0206409
0.0206427
0.0206454
0.020651
0.0206607
0.020675
0.0206941
0.0207179
0.0207459
0.0207776
0.0208125
0.0208502
0.0208982
0.0158646
0.0208601
0.0208036
0.0208229
0.0207568
0.0207592
0.0207603
0.0207599
0.0207582
0.020755
0.0207507
0.0207452
0.0207387
0.0207312
0.0207228
0.0207135
0.0207034
0.0206925
0.020681
0.020669
0.0206567
0.0206445
0.0206341
0.0206284
0.0206289
0.020635
0.0206391
0.0206414
0.0206431
0.0206458
0.0206514
0.020661
0.0206754
0.0206946
0.0207185
0.0207465
0.0207782
0.0208131
0.0208508
0.0208989
0.0158647
0.0208596
0.0208031
0.0208224
0.0207564
0.0207588
0.0207599
0.0207595
0.0207577
0.0207546
0.0207503
0.0207449
0.0207384
0.020731
0.0207226
0.0207133
0.0207032
0.0206924
0.0206809
0.0206689
0.0206566
0.0206445
0.0206341
0.0206284
0.020629
0.0206351
0.0206393
0.0206415
0.0206432
0.0206458
0.0206513
0.0206611
0.0206755
0.0206948
0.0207186
0.0207466
0.0207783
0.0208131
0.0208509
0.0208989
0.0158647
0.0208588
0.0208023
0.0208216
0.0207556
0.020758
0.0207591
0.0207587
0.0207569
0.0207538
0.0207496
0.0207442
0.0207378
0.0207303
0.020722
0.0207127
0.0207026
0.0206918
0.0206803
0.0206683
0.0206561
0.020644
0.0206336
0.0206279
0.0206284
0.0206345
0.0206387
0.0206408
0.0206424
0.020645
0.0206506
0.0206604
0.0206748
0.0206939
0.0207177
0.0207457
0.0207773
0.0208122
0.0208499
0.0208979
0.0158649
0.0208575
0.020801
0.0208204
0.0207543
0.0207566
0.0207577
0.0207573
0.0207556
0.0207525
0.0207483
0.0207429
0.0207365
0.0207291
0.0207207
0.0207114
0.0207013
0.0206905
0.020679
0.020667
0.0206547
0.0206427
0.0206322
0.0206265
0.020627
0.0206331
0.0206372
0.0206393
0.0206408
0.0206435
0.0206492
0.0206589
0.0206733
0.0206924
0.0207162
0.0207441
0.0207758
0.0208106
0.0208483
0.0208963
0.0158651
0.0208555
0.020799
0.0208183
0.0207522
0.0207546
0.0207556
0.0207553
0.0207535
0.0207505
0.0207462
0.0207408
0.0207344
0.0207269
0.0207185
0.0207092
0.0206991
0.0206883
0.0206768
0.0206648
0.0206526
0.0206406
0.0206301
0.0206244
0.020625
0.0206311
0.0206351
0.0206372
0.0206389
0.0206417
0.0206473
0.020657
0.0206714
0.0206906
0.0207144
0.0207424
0.0207741
0.0208089
0.0208466
0.0208946
0.0158651
0.0208524
0.0207959
0.0208152
0.0207491
0.0207514
0.0207524
0.020752
0.0207502
0.0207471
0.0207428
0.0207374
0.0207309
0.0207235
0.0207151
0.0207058
0.0206958
0.020685
0.0206736
0.0206617
0.0206496
0.0206376
0.0206272
0.0206216
0.0206222
0.0206283
0.0206323
0.0206345
0.0206363
0.0206391
0.0206447
0.0206544
0.0206688
0.0206879
0.0207118
0.0207397
0.0207714
0.0208062
0.0208438
0.0208918
0.0158654
0.0208478
0.0207912
0.0208104
0.0207442
0.0207465
0.0207474
0.020747
0.0207451
0.020742
0.0207376
0.0207322
0.0207257
0.0207183
0.02071
0.0207008
0.0206909
0.0206802
0.0206689
0.0206571
0.0206449
0.020633
0.0206227
0.0206171
0.0206178
0.0206239
0.020628
0.0206302
0.0206319
0.0206346
0.0206402
0.0206499
0.0206643
0.0206835
0.0207072
0.0207351
0.0207667
0.0208015
0.0208391
0.0208871
0.0158657
0.0208409
0.0207842
0.0208033
0.020737
0.0207392
0.0207401
0.0207395
0.0207376
0.0207344
0.02073
0.0207246
0.0207181
0.0207107
0.0207024
0.0206933
0.0206835
0.0206729
0.0206616
0.0206498
0.0206378
0.020626
0.0206158
0.0206104
0.0206111
0.0206172
0.0206213
0.0206235
0.0206252
0.0206279
0.0206334
0.0206431
0.0206575
0.0206766
0.0207004
0.0207283
0.0207599
0.0207946
0.0208323
0.0208802
0.0158661
0.020831
0.020774
0.0207929
0.0207264
0.0207283
0.020729
0.0207283
0.0207263
0.0207229
0.0207185
0.020713
0.0207065
0.0206991
0.0206909
0.0206818
0.020672
0.0206614
0.0206503
0.0206387
0.0206268
0.0206152
0.0206052
0.0205999
0.0206006
0.0206066
0.0206107
0.0206127
0.0206143
0.0206169
0.0206224
0.0206319
0.0206461
0.0206652
0.0206888
0.0207166
0.0207481
0.0207829
0.0208204
0.0208682
0.0158668
0.0208168
0.0207592
0.0207776
0.0207105
0.020712
0.0207122
0.0207111
0.0207088
0.0207052
0.0207005
0.0206949
0.0206883
0.0206809
0.0206726
0.0206636
0.0206538
0.0206434
0.0206325
0.0206211
0.0206094
0.0205981
0.0205883
0.020583
0.0205838
0.0205897
0.0205935
0.0205954
0.0205968
0.0205993
0.0206045
0.0206139
0.020628
0.0206468
0.0206703
0.0206979
0.0207292
0.0207636
0.0208009
0.0208486
0.0158679
0.0207957
0.020737
0.0207543
0.0206863
0.0206868
0.0206864
0.0206846
0.0206817
0.0206777
0.0206727
0.0206669
0.0206602
0.0206527
0.0206444
0.0206354
0.0206259
0.0206158
0.0206052
0.0205942
0.020583
0.0205722
0.0205629
0.020558
0.0205589
0.0205647
0.0205683
0.0205701
0.0205714
0.0205736
0.0205788
0.020588
0.0206019
0.0206205
0.0206437
0.0206711
0.0207022
0.0207363
0.0207734
0.0208207
0.0158695
0.0207652
0.0207025
0.020717
0.0206471
0.0206467
0.0206454
0.020643
0.0206396
0.0206353
0.0206301
0.0206242
0.0206176
0.0206103
0.0206024
0.0205939
0.0205849
0.0205755
0.0205656
0.0205555
0.0205452
0.0205353
0.0205267
0.0205221
0.0205228
0.0205284
0.0205321
0.0205336
0.0205346
0.0205364
0.0205409
0.0205493
0.0205624
0.0205801
0.0206025
0.020629
0.0206593
0.0206927
0.020729
0.0207758
0.0158041
0.0209312
0.0208781
0.020895
0.0208246
0.0208265
0.0208268
0.0208255
0.0208227
0.0208183
0.0208126
0.0208057
0.0207975
0.0207884
0.0207782
0.0207672
0.0207553
0.0207428
0.0207297
0.0207161
0.0207024
0.020689
0.0206773
0.0206698
0.0206683
0.0206732
0.0206773
0.020678
0.0206782
0.020679
0.0206822
0.0206891
0.0207002
0.0207157
0.0207355
0.0207594
0.020787
0.0208176
0.0208512
0.0208946
0.0136922
0.0209274
0.0208763
0.0208943
0.0208244
0.0208261
0.0208263
0.0208249
0.0208219
0.0208174
0.0208115
0.0208043
0.020796
0.0207866
0.0207763
0.020765
0.020753
0.0207402
0.0207268
0.020713
0.020699
0.0206853
0.0206735
0.0206662
0.0206648
0.0206697
0.0206734
0.0206742
0.0206744
0.0206756
0.0206793
0.0206867
0.0206983
0.0207145
0.0207349
0.0207594
0.0207875
0.0208187
0.0208527
0.0208965
0.0137501
0.0209315
0.0208801
0.020898
0.020828
0.0208296
0.0208297
0.0208281
0.020825
0.0208204
0.0208144
0.0208072
0.0207988
0.0207893
0.0207789
0.0207676
0.0207554
0.0207426
0.0207291
0.0207152
0.0207011
0.0206874
0.0206755
0.0206682
0.0206668
0.0206716
0.0206754
0.0206761
0.0206764
0.0206776
0.0206813
0.0206888
0.0207005
0.0207168
0.0207373
0.0207619
0.0207901
0.0208213
0.0208555
0.0208993
0.0137499
0.0209353
0.0208838
0.0209015
0.0208315
0.020833
0.020833
0.0208314
0.0208282
0.0208235
0.0208175
0.0208102
0.0208017
0.0207922
0.0207817
0.0207703
0.0207581
0.0207452
0.0207317
0.0207177
0.0207035
0.0206897
0.0206777
0.0206704
0.0206689
0.0206738
0.0206775
0.0206783
0.0206785
0.0206797
0.0206834
0.0206909
0.0207026
0.0207189
0.0207394
0.020764
0.0207922
0.0208235
0.0208577
0.0209015
0.0137497
0.0209381
0.0208866
0.0209043
0.0208342
0.0208357
0.0208357
0.020834
0.0208308
0.0208261
0.02082
0.0208127
0.0208042
0.0207946
0.0207841
0.0207726
0.0207604
0.0207474
0.0207338
0.0207198
0.0207055
0.0206917
0.0206797
0.0206723
0.0206708
0.0206757
0.0206794
0.0206801
0.0206804
0.0206815
0.0206853
0.0206927
0.0207045
0.0207207
0.0207413
0.0207659
0.0207941
0.0208254
0.0208595
0.0209034
0.0137496
0.0209403
0.0208887
0.0209063
0.0208363
0.0208377
0.0208377
0.020836
0.0208328
0.020828
0.020822
0.0208146
0.0208061
0.0207965
0.0207859
0.0207744
0.0207622
0.0207492
0.0207356
0.0207215
0.0207072
0.0206933
0.0206812
0.0206739
0.0206723
0.0206771
0.0206809
0.0206816
0.0206818
0.020683
0.0206867
0.0206942
0.020706
0.0207222
0.0207428
0.0207674
0.0207956
0.0208269
0.020861
0.0209049
0.0137495
0.0209417
0.0208902
0.0209078
0.0208377
0.0208392
0.0208392
0.0208375
0.0208342
0.0208295
0.0208234
0.020816
0.0208075
0.0207979
0.0207873
0.0207758
0.0207635
0.0207505
0.0207368
0.0207227
0.0207084
0.0206945
0.0206824
0.020675
0.0206735
0.0206783
0.020682
0.0206827
0.020683
0.0206841
0.0206878
0.0206953
0.0207071
0.0207233
0.0207439
0.0207685
0.0207966
0.0208279
0.0208621
0.0209059
0.0137494
0.0209427
0.0208912
0.0209088
0.0208387
0.0208402
0.0208401
0.0208385
0.0208352
0.0208305
0.0208244
0.020817
0.0208084
0.0207988
0.0207882
0.0207767
0.0207644
0.0207514
0.0207377
0.0207236
0.0207093
0.0206953
0.0206832
0.0206758
0.0206743
0.0206791
0.0206828
0.0206835
0.0206837
0.0206849
0.0206886
0.020696
0.0207078
0.020724
0.0207446
0.0207692
0.0207973
0.0208286
0.0208628
0.0209066
0.0137493
0.0209433
0.0208918
0.0209094
0.0208393
0.0208408
0.0208408
0.0208391
0.0208358
0.0208311
0.020825
0.0208176
0.0208091
0.0207995
0.0207889
0.0207773
0.020765
0.020752
0.0207383
0.0207242
0.0207098
0.0206959
0.0206838
0.0206764
0.0206748
0.0206796
0.0206833
0.020684
0.0206842
0.0206854
0.0206891
0.0206965
0.0207083
0.0207245
0.020745
0.0207696
0.0207978
0.0208291
0.0208632
0.020907
0.0137492
0.0209436
0.0208921
0.0209097
0.0208397
0.0208412
0.0208411
0.0208395
0.0208362
0.0208315
0.0208254
0.020818
0.0208094
0.0207998
0.0207892
0.0207777
0.0207653
0.0207523
0.0207386
0.0207245
0.0207101
0.0206962
0.0206841
0.0206766
0.0206751
0.0206799
0.0206836
0.0206843
0.0206845
0.0206856
0.0206893
0.0206967
0.0207085
0.0207247
0.0207452
0.0207698
0.020798
0.0208293
0.0208634
0.0209072
0.0137491
0.0209437
0.0208922
0.0209099
0.0208398
0.0208413
0.0208413
0.0208396
0.0208363
0.0208316
0.0208255
0.0208181
0.0208095
0.0207999
0.0207893
0.0207778
0.0207654
0.0207524
0.0207387
0.0207245
0.0207102
0.0206962
0.0206841
0.0206767
0.0206751
0.0206799
0.0206836
0.0206843
0.0206845
0.0206856
0.0206893
0.0206967
0.0207085
0.0207247
0.0207452
0.0207698
0.020798
0.0208293
0.0208634
0.0209072
0.013749
0.0209438
0.0208923
0.0209099
0.0208399
0.0208413
0.0208413
0.0208396
0.0208363
0.0208316
0.0208254
0.0208181
0.0208095
0.0207999
0.0207892
0.0207777
0.0207654
0.0207523
0.0207386
0.0207244
0.0207101
0.0206961
0.020684
0.0206766
0.020675
0.0206798
0.0206835
0.0206841
0.0206843
0.0206855
0.0206892
0.0206966
0.0207083
0.0207245
0.0207451
0.0207696
0.0207978
0.0208291
0.0208632
0.020907
0.013749
0.0209438
0.0208923
0.0209099
0.0208399
0.0208413
0.0208413
0.0208396
0.0208363
0.0208315
0.0208254
0.020818
0.0208094
0.0207998
0.0207892
0.0207777
0.0207653
0.0207522
0.0207385
0.0207244
0.02071
0.0206961
0.0206839
0.0206765
0.0206749
0.0206797
0.0206833
0.020684
0.0206842
0.0206853
0.020689
0.0206964
0.0207082
0.0207244
0.0207449
0.0207694
0.0207976
0.0208289
0.020863
0.0209068
0.0137489
0.0209438
0.0208924
0.02091
0.02084
0.0208414
0.0208414
0.0208397
0.0208364
0.0208316
0.0208255
0.0208181
0.0208095
0.0207999
0.0207892
0.0207777
0.0207653
0.0207523
0.0207386
0.0207244
0.02071
0.0206961
0.0206839
0.0206765
0.0206749
0.0206796
0.0206833
0.020684
0.0206842
0.0206853
0.020689
0.0206964
0.0207081
0.0207243
0.0207448
0.0207693
0.0207975
0.0208288
0.0208629
0.0209067
0.0137488
0.020944
0.0208925
0.0209101
0.0208401
0.0208416
0.0208415
0.0208398
0.0208365
0.0208317
0.0208256
0.0208182
0.0208096
0.0208
0.0207894
0.0207778
0.0207654
0.0207523
0.0207386
0.0207245
0.0207101
0.0206961
0.020684
0.0206765
0.0206749
0.0206796
0.0206833
0.0206839
0.0206841
0.0206852
0.0206889
0.0206963
0.020708
0.0207242
0.0207448
0.0207693
0.0207975
0.0208287
0.0208628
0.0209066
0.0137488
0.0209442
0.0208927
0.0209104
0.0208403
0.0208418
0.0208417
0.02084
0.0208367
0.0208319
0.0208257
0.0208183
0.0208098
0.0208001
0.0207895
0.0207779
0.0207655
0.0207524
0.0207387
0.0207245
0.0207101
0.0206961
0.020684
0.0206765
0.0206748
0.0206796
0.0206832
0.0206839
0.020684
0.0206851
0.0206888
0.0206962
0.020708
0.0207242
0.0207447
0.0207693
0.0207974
0.0208287
0.0208628
0.0209066
0.0137487
0.0209444
0.0208929
0.0209105
0.0208405
0.0208419
0.0208419
0.0208401
0.0208368
0.020832
0.0208258
0.0208184
0.0208098
0.0208002
0.0207895
0.0207779
0.0207655
0.0207524
0.0207387
0.0207245
0.0207101
0.0206961
0.0206839
0.0206764
0.0206748
0.0206795
0.0206831
0.0206838
0.0206839
0.0206851
0.0206888
0.0206962
0.0207079
0.0207241
0.0207446
0.0207692
0.0207973
0.0208286
0.0208627
0.0209065
0.0137487
0.0209445
0.0208931
0.0209107
0.0208406
0.020842
0.020842
0.0208402
0.0208369
0.020832
0.0208259
0.0208184
0.0208098
0.0208001
0.0207895
0.0207779
0.0207655
0.0207523
0.0207386
0.0207244
0.02071
0.020696
0.0206838
0.0206762
0.0206746
0.0206794
0.020683
0.0206837
0.0206839
0.020685
0.0206887
0.0206961
0.0207078
0.020724
0.0207445
0.0207691
0.0207972
0.0208285
0.0208626
0.0209064
0.0137487
0.0209446
0.0208931
0.0209107
0.0208406
0.020842
0.0208419
0.0208402
0.0208368
0.020832
0.0208258
0.0208184
0.0208098
0.0208001
0.0207894
0.0207778
0.0207654
0.0207523
0.0207385
0.0207243
0.0207099
0.0206959
0.0206837
0.0206761
0.0206745
0.0206793
0.020683
0.0206836
0.0206838
0.0206849
0.0206886
0.020696
0.0207078
0.0207239
0.0207445
0.020769
0.0207972
0.0208284
0.0208626
0.0209064
0.0137486
0.0209446
0.0208931
0.0209106
0.0208406
0.020842
0.0208419
0.0208401
0.0208368
0.0208319
0.0208258
0.0208183
0.0208097
0.0208001
0.0207894
0.0207778
0.0207654
0.0207523
0.0207385
0.0207243
0.0207099
0.0206958
0.0206837
0.0206762
0.0206746
0.0206793
0.020683
0.0206837
0.0206839
0.020685
0.0206886
0.0206961
0.0207078
0.020724
0.0207445
0.0207691
0.0207973
0.0208285
0.0208627
0.0209065
0.0137486
0.0209444
0.0208929
0.0209105
0.0208405
0.0208419
0.0208418
0.02084
0.0208367
0.0208319
0.0208257
0.0208183
0.0208097
0.0208
0.0207894
0.0207778
0.0207654
0.0207523
0.0207385
0.0207243
0.0207099
0.0206959
0.0206838
0.0206763
0.0206747
0.0206795
0.0206831
0.0206838
0.0206839
0.0206851
0.0206888
0.0206962
0.020708
0.0207242
0.0207447
0.0207693
0.0207974
0.0208287
0.0208629
0.0209067
0.0137486
0.0209443
0.0208928
0.0209104
0.0208403
0.0208418
0.0208417
0.0208399
0.0208366
0.0208318
0.0208257
0.0208182
0.0208097
0.0208
0.0207893
0.0207777
0.0207653
0.0207522
0.0207385
0.0207243
0.0207099
0.0206959
0.0206838
0.0206764
0.0206748
0.0206795
0.0206832
0.0206838
0.020684
0.0206852
0.0206889
0.0206964
0.0207081
0.0207243
0.0207449
0.0207694
0.0207976
0.0208289
0.0208631
0.0209069
0.0137486
0.0209441
0.0208926
0.0209103
0.0208402
0.0208417
0.0208416
0.0208399
0.0208366
0.0208318
0.0208256
0.0208182
0.0208096
0.0207999
0.0207893
0.0207777
0.0207653
0.0207522
0.0207384
0.0207242
0.0207099
0.020696
0.0206839
0.0206764
0.0206748
0.0206795
0.0206832
0.0206839
0.0206841
0.0206853
0.020689
0.0206965
0.0207082
0.0207244
0.020745
0.0207696
0.0207978
0.0208291
0.0208632
0.020907
0.0137486
0.020944
0.0208926
0.0209102
0.0208402
0.0208417
0.0208416
0.0208399
0.0208366
0.0208318
0.0208257
0.0208182
0.0208097
0.0208
0.0207893
0.0207777
0.0207653
0.0207522
0.0207385
0.0207244
0.02071
0.0206961
0.020684
0.0206765
0.0206749
0.0206797
0.0206834
0.0206841
0.0206844
0.0206855
0.0206892
0.0206966
0.0207084
0.0207246
0.0207452
0.0207698
0.020798
0.0208293
0.0208634
0.0209072
0.0137487
0.020944
0.0208926
0.0209102
0.0208402
0.0208417
0.0208417
0.02084
0.0208367
0.0208319
0.0208258
0.0208184
0.0208098
0.0208001
0.0207895
0.0207779
0.0207656
0.0207525
0.0207388
0.0207247
0.0207104
0.0206964
0.0206843
0.0206768
0.0206752
0.0206801
0.0206838
0.0206845
0.0206847
0.0206858
0.0206895
0.020697
0.0207088
0.020725
0.0207456
0.0207701
0.0207983
0.0208296
0.0208637
0.0209075
0.0137487
0.020944
0.0208926
0.0209103
0.0208403
0.0208418
0.0208418
0.0208401
0.0208368
0.020832
0.0208259
0.0208185
0.02081
0.0208003
0.0207897
0.0207781
0.0207658
0.0207527
0.0207391
0.0207249
0.0207106
0.0206967
0.0206845
0.0206771
0.0206756
0.0206804
0.0206841
0.0206848
0.0206849
0.0206861
0.0206898
0.0206973
0.0207091
0.0207254
0.0207459
0.0207705
0.0207986
0.0208299
0.020864
0.0209079
0.0137487
0.020944
0.0208926
0.0209103
0.0208403
0.0208418
0.0208418
0.0208401
0.0208368
0.0208321
0.020826
0.0208186
0.02081
0.0208004
0.0207898
0.0207782
0.0207659
0.0207528
0.0207392
0.0207251
0.0207107
0.0206968
0.0206847
0.0206773
0.0206758
0.0206806
0.0206843
0.0206849
0.0206851
0.0206864
0.0206902
0.0206977
0.0207094
0.0207256
0.0207462
0.0207708
0.0207989
0.0208303
0.0208644
0.0209083
0.0137487
0.0209438
0.0208924
0.0209101
0.0208402
0.0208417
0.0208417
0.02084
0.0208368
0.020832
0.0208259
0.0208186
0.02081
0.0208004
0.0207898
0.0207783
0.020766
0.0207529
0.0207393
0.0207252
0.0207108
0.0206969
0.0206848
0.0206774
0.020676
0.0206808
0.0206845
0.0206852
0.0206855
0.0206868
0.0206906
0.020698
0.0207098
0.020726
0.0207466
0.0207713
0.0207995
0.0208309
0.0208651
0.020909
0.0137487
0.0209435
0.0208921
0.0209098
0.0208399
0.0208414
0.0208415
0.0208398
0.0208366
0.0208319
0.0208258
0.0208184
0.0208099
0.0208003
0.0207898
0.0207783
0.020766
0.020753
0.0207393
0.0207252
0.0207109
0.020697
0.020685
0.0206777
0.0206762
0.020681
0.0206848
0.0206856
0.020686
0.0206872
0.0206909
0.0206984
0.0207102
0.0207265
0.0207472
0.0207719
0.0208001
0.0208315
0.0208657
0.0209096
0.0137488
0.0209429
0.0208916
0.0209093
0.0208394
0.020841
0.020841
0.0208394
0.0208362
0.0208315
0.0208254
0.0208181
0.0208096
0.0208001
0.0207895
0.0207781
0.0207658
0.0207529
0.0207392
0.0207251
0.0207108
0.020697
0.020685
0.0206777
0.0206763
0.0206812
0.020685
0.0206858
0.020686
0.0206871
0.0206909
0.0206984
0.0207103
0.0207266
0.0207473
0.0207719
0.0208002
0.0208315
0.0208657
0.0209096
0.0137489
0.0209421
0.0208908
0.0209085
0.0208386
0.0208402
0.0208402
0.0208386
0.0208354
0.0208307
0.0208246
0.0208174
0.020809
0.0207995
0.020789
0.0207775
0.0207653
0.0207523
0.0207386
0.0207246
0.0207103
0.0206965
0.0206845
0.0206772
0.0206757
0.0206806
0.0206844
0.0206851
0.0206852
0.0206863
0.0206901
0.0206977
0.0207095
0.0207258
0.0207464
0.020771
0.0207992
0.0208306
0.0208648
0.0209086
0.013749
0.0209408
0.0208895
0.0209072
0.0208373
0.0208388
0.0208388
0.0208372
0.020834
0.0208294
0.0208234
0.0208161
0.0208077
0.0207982
0.0207877
0.0207762
0.0207639
0.0207509
0.0207373
0.0207232
0.020709
0.0206951
0.0206832
0.0206758
0.0206743
0.0206792
0.0206829
0.0206835
0.0206837
0.0206849
0.0206887
0.0206962
0.020708
0.0207243
0.0207449
0.0207695
0.0207977
0.020829
0.0208632
0.020907
0.0137491
0.0209388
0.0208874
0.0209052
0.0208352
0.0208367
0.0208367
0.0208351
0.0208319
0.0208272
0.0208212
0.020814
0.0208055
0.020796
0.0207854
0.0207739
0.0207617
0.0207487
0.0207351
0.020721
0.0207068
0.020693
0.020681
0.0206737
0.0206723
0.0206771
0.0206808
0.0206815
0.0206817
0.020683
0.0206868
0.0206943
0.0207062
0.0207224
0.0207431
0.0207677
0.020796
0.0208273
0.0208615
0.0209053
0.0137492
0.0209356
0.0208842
0.0209019
0.0208319
0.0208334
0.0208334
0.0208317
0.0208285
0.0208238
0.0208177
0.0208104
0.020802
0.0207924
0.0207819
0.0207705
0.0207583
0.0207454
0.0207319
0.0207179
0.0207037
0.02069
0.0206781
0.0206708
0.0206694
0.0206743
0.020678
0.0206788
0.0206791
0.0206803
0.0206841
0.0206917
0.0207035
0.0207198
0.0207404
0.0207651
0.0207933
0.0208246
0.0208587
0.0209026
0.0137495
0.0209308
0.0208793
0.020897
0.0208269
0.0208283
0.0208282
0.0208265
0.0208232
0.0208185
0.0208124
0.0208051
0.0207966
0.0207872
0.0207767
0.0207654
0.0207533
0.0207405
0.020727
0.0207131
0.020699
0.0206854
0.0206735
0.0206664
0.0206651
0.0206699
0.0206737
0.0206744
0.0206747
0.0206759
0.0206797
0.0206872
0.020699
0.0207153
0.0207359
0.0207605
0.0207886
0.0208199
0.020854
0.0208978
0.0137497
0.0209236
0.0208721
0.0208896
0.0208195
0.0208208
0.0208206
0.0208188
0.0208154
0.0208107
0.0208045
0.0207972
0.0207888
0.0207794
0.020769
0.0207578
0.0207457
0.020733
0.0207196
0.0207058
0.0206918
0.0206783
0.0206666
0.0206596
0.0206583
0.0206632
0.0206669
0.0206677
0.0206679
0.0206691
0.0206729
0.0206804
0.0206922
0.0207085
0.020729
0.0207536
0.0207817
0.020813
0.0208471
0.020891
0.0137501
0.0209133
0.0208615
0.0208788
0.0208084
0.0208095
0.0208091
0.0208071
0.0208037
0.0207988
0.0207926
0.0207852
0.0207768
0.0207674
0.0207571
0.0207459
0.0207339
0.0207213
0.0207081
0.0206944
0.0206806
0.0206673
0.0206558
0.0206489
0.0206477
0.0206525
0.0206562
0.0206568
0.020657
0.0206581
0.0206617
0.0206691
0.0206808
0.020697
0.0207174
0.0207419
0.02077
0.0208012
0.0208352
0.0208789
0.0137508
0.0208983
0.0208458
0.0208626
0.0207917
0.0207923
0.0207915
0.0207892
0.0207854
0.0207803
0.0207739
0.0207665
0.020758
0.0207486
0.0207383
0.0207272
0.0207153
0.0207028
0.0206898
0.0206764
0.0206629
0.0206499
0.0206387
0.0206319
0.0206307
0.0206354
0.0206389
0.0206394
0.0206394
0.0206403
0.0206438
0.020651
0.0206626
0.0206785
0.0206988
0.0207231
0.020751
0.020782
0.0208158
0.0208593
0.0137516
0.0208758
0.0208222
0.0208379
0.020766
0.0207658
0.0207643
0.0207614
0.0207571
0.0207516
0.020745
0.0207374
0.0207288
0.0207194
0.0207091
0.0206982
0.0206866
0.0206745
0.0206619
0.020649
0.0206361
0.0206236
0.0206129
0.0206065
0.0206056
0.0206102
0.0206136
0.0206139
0.0206138
0.0206145
0.0206179
0.0206249
0.0206363
0.0206521
0.0206721
0.0206962
0.0207238
0.0207545
0.0207881
0.0208313
0.0137529
0.0208436
0.0207861
0.020799
0.0207253
0.0207241
0.0207218
0.0207183
0.0207136
0.0207078
0.0207011
0.0206935
0.0206851
0.020676
0.0206662
0.0206558
0.020645
0.0206336
0.0206219
0.02061
0.020598
0.0205865
0.0205766
0.0205706
0.0205697
0.0205742
0.0205777
0.0205777
0.0205772
0.0205775
0.0205803
0.0205866
0.0205971
0.020612
0.0206312
0.0206544
0.0206813
0.0207112
0.020744
0.0207867
0.0136968
0.0210191
0.0209717
0.0209867
0.0209119
0.0209128
0.0209121
0.0209094
0.020905
0.0208989
0.0208914
0.0208824
0.0208722
0.0208608
0.0208485
0.0208352
0.0208212
0.0208065
0.0207912
0.0207756
0.0207599
0.0207448
0.0207316
0.0207227
0.0207193
0.0207224
0.0207266
0.0207259
0.0207244
0.0207235
0.0207248
0.0207294
0.0207378
0.0207504
0.0207671
0.0207876
0.0208116
0.0208387
0.0208686
0.0209075
0.0118765
0.0210148
0.0209693
0.0209856
0.0209113
0.0209121
0.0209112
0.0209084
0.0209038
0.0208976
0.0208898
0.0208807
0.0208703
0.0208587
0.0208462
0.0208327
0.0208184
0.0208035
0.0207879
0.020772
0.0207561
0.0207407
0.0207274
0.0207186
0.0207153
0.0207185
0.0207222
0.0207215
0.0207201
0.0207195
0.0207213
0.0207264
0.0207355
0.0207487
0.0207659
0.020787
0.0208116
0.0208392
0.0208697
0.020909
0.0119264
0.021019
0.0209733
0.0209894
0.020915
0.0209156
0.0209146
0.0209117
0.020907
0.0209007
0.0208928
0.0208836
0.0208731
0.0208615
0.0208488
0.0208353
0.0208209
0.0208058
0.0207902
0.0207742
0.0207582
0.0207428
0.0207294
0.0207206
0.0207173
0.0207204
0.0207241
0.0207234
0.020722
0.0207215
0.0207233
0.0207285
0.0207376
0.0207509
0.0207683
0.0207895
0.0208142
0.0208419
0.0208724
0.0209118
0.0119262
0.0210229
0.020977
0.0209929
0.0209185
0.0209191
0.020918
0.020915
0.0209102
0.0209038
0.0208959
0.0208866
0.0208761
0.0208644
0.0208517
0.0208381
0.0208236
0.0208085
0.0207928
0.0207767
0.0207606
0.0207451
0.0207317
0.0207228
0.0207194
0.0207226
0.0207263
0.0207256
0.0207242
0.0207236
0.0207254
0.0207306
0.0207398
0.0207531
0.0207704
0.0207916
0.0208163
0.020844
0.0208746
0.020914
0.0119261
0.0210258
0.02098
0.0209958
0.0209214
0.0209219
0.0209207
0.0209177
0.0209129
0.0209065
0.0208985
0.0208892
0.0208786
0.0208669
0.0208541
0.0208404
0.0208259
0.0208108
0.020795
0.0207789
0.0207627
0.0207471
0.0207337
0.0207247
0.0207213
0.0207245
0.0207281
0.0207274
0.020726
0.0207255
0.0207273
0.0207325
0.0207416
0.0207549
0.0207723
0.0207935
0.0208182
0.0208459
0.0208765
0.0209159
0.0119259
0.021028
0.0209821
0.0209979
0.0209235
0.020924
0.0209228
0.0209198
0.0209149
0.0209085
0.0209005
0.0208911
0.0208805
0.0208688
0.020856
0.0208423
0.0208278
0.0208125
0.0207967
0.0207806
0.0207643
0.0207487
0.0207352
0.0207263
0.0207229
0.020726
0.0207297
0.0207289
0.0207275
0.020727
0.0207288
0.0207339
0.0207431
0.0207564
0.0207738
0.020795
0.0208197
0.0208474
0.020878
0.0209174
0.0119258
0.0210295
0.0209836
0.0209994
0.020925
0.0209255
0.0209243
0.0209212
0.0209164
0.0209099
0.0209019
0.0208926
0.0208819
0.0208702
0.0208574
0.0208436
0.0208291
0.0208138
0.020798
0.0207818
0.0207656
0.0207499
0.0207364
0.0207274
0.020724
0.0207271
0.0207308
0.02073
0.0207286
0.0207281
0.0207298
0.020735
0.0207442
0.0207575
0.0207749
0.0207961
0.0208208
0.0208485
0.0208791
0.0209185
0.0119257
0.0210305
0.0209846
0.0210004
0.020926
0.0209265
0.0209253
0.0209222
0.0209174
0.0209109
0.0209029
0.0208936
0.0208829
0.0208711
0.0208583
0.0208446
0.02083
0.0208148
0.0207989
0.0207827
0.0207664
0.0207508
0.0207373
0.0207282
0.0207248
0.020728
0.0207316
0.0207308
0.0207294
0.0207288
0.0207306
0.0207358
0.0207449
0.0207582
0.0207756
0.0207968
0.0208215
0.0208492
0.0208798
0.0209192
0.0119256
0.0210311
0.0209852
0.021001
0.0209266
0.0209271
0.020926
0.0209229
0.0209181
0.0209116
0.0209036
0.0208942
0.0208836
0.0208718
0.020859
0.0208452
0.0208306
0.0208154
0.0207995
0.0207833
0.020767
0.0207514
0.0207378
0.0207288
0.0207254
0.0207285
0.0207321
0.0207314
0.0207299
0.0207293
0.0207311
0.0207363
0.0207454
0.0207587
0.020776
0.0207972
0.0208219
0.0208496
0.0208802
0.0209196
0.0119255
0.0210314
0.0209856
0.0210013
0.020927
0.0209275
0.0209263
0.0209233
0.0209184
0.020912
0.020904
0.0208946
0.0208839
0.0208721
0.0208593
0.0208455
0.020831
0.0208157
0.0207998
0.0207836
0.0207673
0.0207517
0.0207381
0.0207291
0.0207257
0.0207288
0.0207324
0.0207316
0.0207302
0.0207296
0.0207313
0.0207365
0.0207456
0.0207589
0.0207763
0.0207975
0.0208221
0.0208499
0.0208804
0.0209198
0.0119255
0.0210316
0.0209857
0.0210015
0.0209271
0.0209277
0.0209265
0.0209234
0.0209186
0.0209121
0.0209041
0.0208947
0.020884
0.0208722
0.0208594
0.0208456
0.020831
0.0208158
0.0207999
0.0207837
0.0207674
0.0207517
0.0207382
0.0207291
0.0207257
0.0207288
0.0207324
0.0207316
0.0207302
0.0207296
0.0207314
0.0207365
0.0207456
0.0207589
0.0207763
0.0207975
0.0208221
0.0208498
0.0208804
0.0209198
0.0119254
0.0210316
0.0209858
0.0210015
0.0209272
0.0209277
0.0209265
0.0209234
0.0209186
0.0209121
0.0209041
0.0208947
0.020884
0.0208722
0.0208594
0.0208456
0.020831
0.0208157
0.0207998
0.0207836
0.0207673
0.0207516
0.0207381
0.020729
0.0207256
0.0207287
0.0207323
0.0207315
0.02073
0.0207295
0.0207312
0.0207364
0.0207455
0.0207588
0.0207761
0.0207973
0.0208219
0.0208496
0.0208802
0.0209196
0.0119254
0.0210316
0.0209858
0.0210015
0.0209272
0.0209277
0.0209265
0.0209234
0.0209186
0.020912
0.020904
0.0208946
0.020884
0.0208722
0.0208593
0.0208455
0.0208309
0.0208156
0.0207998
0.0207835
0.0207672
0.0207516
0.020738
0.0207289
0.0207255
0.0207285
0.0207322
0.0207314
0.0207299
0.0207293
0.0207311
0.0207362
0.0207453
0.0207586
0.0207759
0.0207971
0.0208217
0.0208495
0.02088
0.0209194
0.0119253
0.0210317
0.0209858
0.0210016
0.0209272
0.0209278
0.0209266
0.0209235
0.0209186
0.0209121
0.0209041
0.0208947
0.020884
0.0208722
0.0208594
0.0208456
0.020831
0.0208157
0.0207998
0.0207835
0.0207672
0.0207516
0.020738
0.0207289
0.0207255
0.0207285
0.0207321
0.0207313
0.0207299
0.0207293
0.020731
0.0207361
0.0207452
0.0207585
0.0207758
0.020797
0.0208217
0.0208494
0.0208799
0.0209193
0.0119252
0.0210318
0.020986
0.0210018
0.0209274
0.0209279
0.0209267
0.0209236
0.0209187
0.0209122
0.0209042
0.0208948
0.0208841
0.0208723
0.0208595
0.0208457
0.0208311
0.0208157
0.0207999
0.0207836
0.0207673
0.0207516
0.020738
0.0207289
0.0207255
0.0207285
0.0207321
0.0207313
0.0207298
0.0207292
0.0207309
0.0207361
0.0207452
0.0207584
0.0207758
0.020797
0.0208216
0.0208493
0.0208799
0.0209193
0.0119252
0.0210321
0.0209862
0.021002
0.0209276
0.0209281
0.0209269
0.0209238
0.0209189
0.0209124
0.0209044
0.0208949
0.0208843
0.0208724
0.0208596
0.0208458
0.0208311
0.0208158
0.0207999
0.0207836
0.0207673
0.0207516
0.020738
0.0207289
0.0207254
0.0207285
0.0207321
0.0207312
0.0207297
0.0207291
0.0207309
0.020736
0.0207451
0.0207584
0.0207758
0.0207969
0.0208216
0.0208493
0.0208798
0.0209192
0.0119252
0.0210323
0.0209864
0.0210022
0.0209278
0.0209283
0.0209271
0.0209239
0.020919
0.0209125
0.0209044
0.020895
0.0208843
0.0208725
0.0208596
0.0208458
0.0208311
0.0208158
0.0207999
0.0207836
0.0207673
0.0207516
0.020738
0.0207288
0.0207253
0.0207284
0.0207319
0.0207311
0.0207297
0.020729
0.0207308
0.020736
0.0207451
0.0207584
0.0207757
0.0207969
0.0208215
0.0208492
0.0208797
0.0209191
0.0119251
0.0210324
0.0209865
0.0210023
0.0209279
0.0209284
0.0209271
0.020924
0.0209191
0.0209125
0.0209045
0.020895
0.0208843
0.0208725
0.0208596
0.0208457
0.0208311
0.0208157
0.0207998
0.0207836
0.0207672
0.0207515
0.0207378
0.0207287
0.0207252
0.0207283
0.0207318
0.020731
0.0207296
0.020729
0.0207307
0.0207359
0.020745
0.0207583
0.0207756
0.0207968
0.0208214
0.0208491
0.0208796
0.020919
0.0119251
0.0210324
0.0209866
0.0210023
0.0209279
0.0209284
0.0209271
0.020924
0.0209191
0.0209125
0.0209044
0.020895
0.0208843
0.0208724
0.0208595
0.0208457
0.020831
0.0208157
0.0207998
0.0207835
0.0207671
0.0207514
0.0207377
0.0207286
0.0207251
0.0207282
0.0207318
0.020731
0.0207296
0.020729
0.0207307
0.0207358
0.0207449
0.0207582
0.0207755
0.0207967
0.0208213
0.020849
0.0208796
0.020919
0.0119251
0.0210324
0.0209865
0.0210023
0.0209278
0.0209283
0.0209271
0.0209239
0.020919
0.0209124
0.0209044
0.0208949
0.0208842
0.0208724
0.0208595
0.0208457
0.020831
0.0208157
0.0207998
0.0207834
0.0207671
0.0207513
0.0207377
0.0207286
0.0207251
0.0207282
0.0207318
0.0207311
0.0207296
0.020729
0.0207307
0.0207358
0.020745
0.0207582
0.0207756
0.0207968
0.0208214
0.0208491
0.0208797
0.0209191
0.0119251
0.0210323
0.0209864
0.0210021
0.0209277
0.0209282
0.020927
0.0209238
0.0209189
0.0209124
0.0209043
0.0208949
0.0208842
0.0208724
0.0208595
0.0208457
0.020831
0.0208157
0.0207997
0.0207834
0.0207671
0.0207514
0.0207378
0.0207287
0.0207253
0.0207283
0.0207319
0.0207311
0.0207297
0.0207291
0.0207308
0.020736
0.0207451
0.0207584
0.0207758
0.020797
0.0208216
0.0208493
0.0208799
0.0209193
0.011925
0.0210321
0.0209863
0.021002
0.0209276
0.0209281
0.0209269
0.0209238
0.0209189
0.0209123
0.0209043
0.0208949
0.0208842
0.0208723
0.0208594
0.0208456
0.020831
0.0208156
0.0207997
0.0207834
0.0207671
0.0207514
0.0207379
0.0207288
0.0207254
0.0207284
0.020732
0.0207312
0.0207297
0.0207292
0.020731
0.0207361
0.0207453
0.0207586
0.0207759
0.0207971
0.0208218
0.0208495
0.0208801
0.0209195
0.0119251
0.021032
0.0209861
0.0210019
0.0209275
0.020928
0.0209268
0.0209237
0.0209188
0.0209123
0.0209042
0.0208948
0.0208841
0.0208723
0.0208594
0.0208456
0.0208309
0.0208156
0.0207997
0.0207834
0.0207671
0.0207515
0.0207379
0.0207288
0.0207254
0.0207284
0.020732
0.0207313
0.0207298
0.0207293
0.0207311
0.0207362
0.0207454
0.0207587
0.020776
0.0207972
0.0208219
0.0208496
0.0208802
0.0209197
0.0119251
0.0210319
0.0209861
0.0210019
0.0209275
0.020928
0.0209268
0.0209237
0.0209188
0.0209123
0.0209043
0.0208949
0.0208842
0.0208723
0.0208594
0.0208456
0.020831
0.0208157
0.0207998
0.0207835
0.0207673
0.0207516
0.0207381
0.020729
0.0207255
0.0207286
0.0207322
0.0207315
0.0207301
0.0207295
0.0207313
0.0207364
0.0207456
0.0207589
0.0207763
0.0207975
0.0208221
0.0208499
0.0208804
0.0209199
0.0119251
0.0210319
0.0209861
0.0210019
0.0209275
0.0209281
0.0209269
0.0209238
0.0209189
0.0209124
0.0209044
0.020895
0.0208843
0.0208725
0.0208596
0.0208458
0.0208312
0.0208159
0.0208001
0.0207838
0.0207676
0.0207519
0.0207383
0.0207293
0.0207258
0.020729
0.0207326
0.0207319
0.0207304
0.0207298
0.0207316
0.0207367
0.0207459
0.0207592
0.0207766
0.0207978
0.0208225
0.0208502
0.0208807
0.0209202
0.0119251
0.0210319
0.0209861
0.021002
0.0209276
0.0209282
0.020927
0.0209239
0.0209191
0.0209126
0.0209045
0.0208952
0.0208845
0.0208727
0.0208598
0.0208461
0.0208314
0.0208162
0.0208003
0.0207841
0.0207678
0.0207522
0.0207386
0.0207295
0.0207262
0.0207293
0.0207329
0.0207321
0.0207307
0.0207301
0.0207319
0.0207371
0.0207463
0.0207596
0.020777
0.0207982
0.0208228
0.0208505
0.0208811
0.0209205
0.0119251
0.0210319
0.0209861
0.0210019
0.0209276
0.0209282
0.020927
0.020924
0.0209191
0.0209126
0.0209046
0.0208952
0.0208846
0.0208728
0.0208599
0.0208461
0.0208315
0.0208163
0.0208004
0.0207842
0.020768
0.0207523
0.0207387
0.0207297
0.0207264
0.0207295
0.0207331
0.0207323
0.0207309
0.0207304
0.0207322
0.0207375
0.0207466
0.0207599
0.0207773
0.0207985
0.0208231
0.0208509
0.0208815
0.0209209
0.0119252
0.0210317
0.0209859
0.0210018
0.0209275
0.0209281
0.0209269
0.0209239
0.0209191
0.0209126
0.0209046
0.0208952
0.0208846
0.0208728
0.02086
0.0208462
0.0208316
0.0208164
0.0208005
0.0207843
0.0207681
0.0207524
0.0207389
0.0207299
0.0207266
0.0207297
0.0207333
0.0207326
0.0207313
0.0207308
0.0207326
0.0207378
0.020747
0.0207603
0.0207777
0.020799
0.0208236
0.0208514
0.0208821
0.0209216
0.0119252
0.0210314
0.0209856
0.0210015
0.0209272
0.0209278
0.0209267
0.0209237
0.0209189
0.0209124
0.0209044
0.0208951
0.0208845
0.0208727
0.0208599
0.0208462
0.0208317
0.0208164
0.0208006
0.0207844
0.0207682
0.0207526
0.0207391
0.0207301
0.0207268
0.0207299
0.0207336
0.020733
0.0207317
0.0207312
0.020733
0.0207382
0.0207474
0.0207607
0.0207782
0.0207995
0.0208243
0.0208521
0.0208827
0.0209222
0.0119252
0.0210308
0.0209851
0.021001
0.0209267
0.0209274
0.0209263
0.0209232
0.0209184
0.020912
0.020904
0.0208947
0.0208842
0.0208725
0.0208597
0.020846
0.0208315
0.0208163
0.0208005
0.0207843
0.0207681
0.0207525
0.0207391
0.0207302
0.0207268
0.02073
0.0207338
0.0207331
0.0207317
0.0207312
0.0207329
0.0207382
0.0207474
0.0207608
0.0207783
0.0207996
0.0208243
0.0208521
0.0208827
0.0209222
0.0119253
0.02103
0.0209843
0.0210002
0.0209259
0.0209266
0.0209254
0.0209224
0.0209176
0.0209112
0.0209033
0.020894
0.0208835
0.0208718
0.0208591
0.0208454
0.0208309
0.0208157
0.0207999
0.0207837
0.0207675
0.020752
0.0207385
0.0207296
0.0207263
0.0207295
0.0207332
0.0207324
0.020731
0.0207303
0.0207322
0.0207374
0.0207467
0.02076
0.0207775
0.0207987
0.0208234
0.0208512
0.0208818
0.0209212
0.0119254
0.0210287
0.020983
0.0209989
0.0209246
0.0209252
0.0209241
0.020921
0.0209163
0.0209099
0.020902
0.0208928
0.0208822
0.0208706
0.0208578
0.0208441
0.0208296
0.0208143
0.0207985
0.0207824
0.0207662
0.0207507
0.0207372
0.0207282
0.0207249
0.0207281
0.0207317
0.0207309
0.0207294
0.0207289
0.0207307
0.020736
0.0207452
0.0207585
0.0207759
0.0207972
0.0208219
0.0208496
0.0208802
0.0209197
0.0119255
0.0210266
0.0209809
0.0209967
0.0209224
0.020923
0.0209219
0.0209189
0.0209141
0.0209077
0.0208998
0.0208905
0.02088
0.0208683
0.0208555
0.0208418
0.0208273
0.0208121
0.0207963
0.0207802
0.020764
0.0207485
0.020735
0.0207261
0.0207228
0.020726
0.0207296
0.0207288
0.0207274
0.020727
0.0207289
0.0207341
0.0207433
0.0207567
0.0207741
0.0207954
0.0208201
0.0208479
0.0208785
0.0209179
0.0119257
0.0210233
0.0209776
0.0209934
0.0209191
0.0209196
0.0209184
0.0209154
0.0209106
0.0209042
0.0208962
0.0208869
0.0208764
0.0208647
0.020852
0.0208383
0.0208239
0.0208087
0.0207931
0.020777
0.0207609
0.0207454
0.0207321
0.0207232
0.02072
0.0207232
0.0207268
0.0207261
0.0207248
0.0207243
0.0207262
0.0207314
0.0207406
0.020754
0.0207715
0.0207927
0.0208174
0.0208452
0.0208758
0.0209152
0.0119258
0.0210183
0.0209725
0.0209883
0.0209139
0.0209143
0.0209131
0.02091
0.0209052
0.0208987
0.0208907
0.0208814
0.0208709
0.0208593
0.0208467
0.0208331
0.0208188
0.0208037
0.0207881
0.0207722
0.0207561
0.0207408
0.0207275
0.0207187
0.0207156
0.0207188
0.0207224
0.0207217
0.0207204
0.0207199
0.0207217
0.0207269
0.0207362
0.0207495
0.0207669
0.0207881
0.0208128
0.0208405
0.020871
0.0209105
0.0119261
0.0210109
0.0209649
0.0209806
0.0209061
0.0209065
0.0209052
0.020902
0.0208971
0.0208906
0.0208826
0.0208733
0.0208629
0.0208513
0.0208387
0.0208253
0.020811
0.020796
0.0207805
0.0207647
0.0207488
0.0207335
0.0207204
0.0207118
0.0207087
0.0207119
0.0207156
0.0207149
0.0207135
0.020713
0.0207148
0.02072
0.0207292
0.0207426
0.0207599
0.0207811
0.0208058
0.0208335
0.0208641
0.0209035
0.0119264
0.0210001
0.0209538
0.0209693
0.0208945
0.0208947
0.0208932
0.0208899
0.0208848
0.0208782
0.0208702
0.0208609
0.0208505
0.0208389
0.0208264
0.020813
0.0207989
0.0207841
0.0207687
0.0207531
0.0207374
0.0207224
0.0207095
0.020701
0.020698
0.0207012
0.0207048
0.020704
0.0207025
0.0207019
0.0207036
0.0207087
0.0207178
0.020731
0.0207483
0.0207694
0.020794
0.0208216
0.0208521
0.0208914
0.0119269
0.0209842
0.0209373
0.0209523
0.020877
0.0208766
0.0208747
0.0208711
0.0208658
0.020859
0.0208508
0.0208415
0.020831
0.0208195
0.020807
0.0207937
0.0207798
0.0207652
0.0207501
0.0207347
0.0207194
0.0207047
0.0206921
0.0206838
0.0206808
0.020684
0.0206874
0.0206865
0.0206848
0.0206841
0.0206856
0.0206906
0.0206995
0.0207125
0.0207297
0.0207506
0.020775
0.0208024
0.0208327
0.0208718
0.0119277
0.0209601
0.0209122
0.020926
0.0208498
0.0208487
0.0208461
0.0208418
0.0208361
0.020829
0.0208206
0.0208111
0.0208006
0.0207892
0.0207769
0.0207639
0.0207502
0.0207361
0.0207215
0.0207067
0.020692
0.0206779
0.0206659
0.0206581
0.0206555
0.0206586
0.0206619
0.0206608
0.0206591
0.0206581
0.0206595
0.0206643
0.0206731
0.0206859
0.0207029
0.0207236
0.0207477
0.0207749
0.0208049
0.0208438
0.0119288
0.0209262
0.0208744
0.0208853
0.0208073
0.0208053
0.020802
0.0207972
0.0207911
0.0207838
0.0207755
0.0207661
0.0207559
0.0207448
0.0207331
0.0207207
0.0207079
0.0206946
0.020681
0.0206673
0.0206536
0.0206406
0.0206295
0.0206222
0.0206197
0.0206228
0.0206262
0.020625
0.0206228
0.0206214
0.0206222
0.0206263
0.0206342
0.0206463
0.0206623
0.0206822
0.0207055
0.0207319
0.0207611
0.0207994
0.0118808
0.0211118
0.0210706
0.0210834
0.0210037
0.0210036
0.0210015
0.0209974
0.0209912
0.0209833
0.0209737
0.0209626
0.0209502
0.0209365
0.0209219
0.0209063
0.02089
0.020873
0.0208556
0.020838
0.0208204
0.0208037
0.0207892
0.0207788
0.0207737
0.0207748
0.0207789
0.0207774
0.0207739
0.020771
0.0207702
0.0207723
0.0207781
0.0207877
0.0208011
0.0208181
0.0208385
0.020862
0.0208883
0.0209224
0.010308
0.0211069
0.0210677
0.0210818
0.0210027
0.0210024
0.0210002
0.0209959
0.0209896
0.0209815
0.0209717
0.0209605
0.0209479
0.0209341
0.0209192
0.0209034
0.0208868
0.0208696
0.0208519
0.0208339
0.0208161
0.0207991
0.0207845
0.0207741
0.0207691
0.0207703
0.0207739
0.0207721
0.0207689
0.0207664
0.020766
0.0207687
0.020775
0.0207853
0.0207993
0.020817
0.020838
0.020862
0.0208889
0.0209235
0.010351
0.0211112
0.0210717
0.0210857
0.0210064
0.021006
0.0210037
0.0209993
0.0209929
0.0209847
0.0209748
0.0209634
0.0209507
0.0209368
0.0209219
0.020906
0.0208893
0.020872
0.0208542
0.0208361
0.0208182
0.0208012
0.0207864
0.0207761
0.020771
0.0207721
0.0207758
0.020774
0.0207708
0.0207683
0.020768
0.0207708
0.0207772
0.0207875
0.0208017
0.0208194
0.0208405
0.0208646
0.0208916
0.0209263
0.0103508
0.0211152
0.0210756
0.0210894
0.0210101
0.0210096
0.0210072
0.0210027
0.0209962
0.0209879
0.020978
0.0209665
0.0209538
0.0209398
0.0209248
0.0209088
0.0208921
0.0208747
0.0208568
0.0208387
0.0208207
0.0208036
0.0207887
0.0207783
0.0207732
0.0207743
0.020778
0.0207762
0.0207729
0.0207704
0.0207701
0.0207729
0.0207793
0.0207896
0.0208038
0.0208216
0.0208427
0.0208668
0.0208938
0.0209285
0.0103506
0.0211183
0.0210786
0.0210923
0.021013
0.0210125
0.02101
0.0210054
0.0209989
0.0209906
0.0209806
0.0209691
0.0209563
0.0209423
0.0209272
0.0209112
0.0208944
0.020877
0.020859
0.0208408
0.0208228
0.0208056
0.0207907
0.0207803
0.0207751
0.0207762
0.0207799
0.0207781
0.0207748
0.0207723
0.020772
0.0207747
0.0207812
0.0207915
0.0208057
0.0208235
0.0208446
0.0208687
0.0208957
0.0209304
0.0103505
0.0211205
0.0210808
0.0210945
0.0210151
0.0210146
0.0210121
0.0210076
0.021001
0.0209927
0.0209826
0.0209711
0.0209583
0.0209443
0.0209292
0.0209131
0.0208963
0.0208788
0.0208608
0.0208426
0.0208245
0.0208072
0.0207923
0.0207818
0.0207767
0.0207777
0.0207814
0.0207796
0.0207763
0.0207738
0.0207735
0.0207762
0.0207827
0.020793
0.0208072
0.020825
0.0208461
0.0208702
0.0208972
0.0209319
0.0103504
0.021122
0.0210823
0.021096
0.0210167
0.0210161
0.0210137
0.0210091
0.0210025
0.0209941
0.0209841
0.0209726
0.0209597
0.0209457
0.0209306
0.0209145
0.0208976
0.0208801
0.0208621
0.0208438
0.0208257
0.0208085
0.0207935
0.020783
0.0207778
0.0207789
0.0207825
0.0207807
0.0207774
0.0207749
0.0207746
0.0207773
0.0207838
0.0207941
0.0208082
0.020826
0.0208472
0.0208713
0.0208982
0.0209329
0.0103503
0.0211231
0.0210834
0.021097
0.0210177
0.0210172
0.0210147
0.0210101
0.0210035
0.0209952
0.0209851
0.0209736
0.0209608
0.0209467
0.0209315
0.0209155
0.0208986
0.0208811
0.020863
0.0208447
0.0208266
0.0208093
0.0207944
0.0207838
0.0207786
0.0207797
0.0207833
0.0207815
0.0207782
0.0207757
0.0207753
0.0207781
0.0207845
0.0207948
0.020809
0.0208268
0.0208479
0.020872
0.0208989
0.0209336
0.0103503
0.0211237
0.021084
0.0210977
0.0210183
0.0210178
0.0210154
0.0210108
0.0210042
0.0209958
0.0209858
0.0209743
0.0209614
0.0209473
0.0209322
0.0209161
0.0208992
0.0208817
0.0208636
0.0208453
0.0208272
0.0208099
0.0207949
0.0207844
0.0207792
0.0207802
0.0207839
0.0207821
0.0207787
0.0207762
0.0207758
0.0207786
0.020785
0.0207953
0.0208094
0.0208272
0.0208483
0.0208724
0.0208994
0.0209341
0.0103502
0.021124
0.0210844
0.021098
0.0210187
0.0210182
0.0210157
0.0210111
0.0210046
0.0209962
0.0209862
0.0209746
0.0209618
0.0209477
0.0209325
0.0209164
0.0208995
0.020882
0.0208639
0.0208456
0.0208275
0.0208102
0.0207952
0.0207847
0.0207795
0.0207805
0.0207841
0.0207823
0.020779
0.0207764
0.0207761
0.0207788
0.0207853
0.0207955
0.0208097
0.0208274
0.0208485
0.0208726
0.0208996
0.0209343
0.0103501
0.0211242
0.0210845
0.0210982
0.0210189
0.0210184
0.0210159
0.0210113
0.0210047
0.0209963
0.0209863
0.0209748
0.0209619
0.0209478
0.0209326
0.0209165
0.0208996
0.0208821
0.020864
0.0208457
0.0208275
0.0208102
0.0207953
0.0207847
0.0207795
0.0207806
0.0207842
0.0207823
0.020779
0.0207764
0.0207761
0.0207788
0.0207852
0.0207955
0.0208097
0.0208274
0.0208485
0.0208726
0.0208995
0.0209343
0.01035
0.0211242
0.0210845
0.0210982
0.0210189
0.0210184
0.0210159
0.0210113
0.0210047
0.0209963
0.0209863
0.0209747
0.0209618
0.0209477
0.0209326
0.0209165
0.0208996
0.020882
0.020864
0.0208456
0.0208274
0.0208102
0.0207952
0.0207846
0.0207794
0.0207804
0.020784
0.0207822
0.0207788
0.0207763
0.0207759
0.0207787
0.0207851
0.0207954
0.0208095
0.0208272
0.0208483
0.0208724
0.0208994
0.0209341
0.01035
0.0211242
0.0210845
0.0210982
0.0210189
0.0210184
0.0210159
0.0210113
0.0210047
0.0209963
0.0209862
0.0209747
0.0209618
0.0209477
0.0209325
0.0209164
0.0208995
0.020882
0.0208639
0.0208456
0.0208274
0.0208101
0.0207951
0.0207845
0.0207793
0.0207803
0.0207839
0.0207821
0.0207787
0.0207762
0.0207758
0.0207786
0.020785
0.0207952
0.0208093
0.0208271
0.0208482
0.0208723
0.0208992
0.0209339
0.0103499
0.0211243
0.0210846
0.0210983
0.021019
0.0210184
0.021016
0.0210113
0.0210047
0.0209963
0.0209863
0.0209747
0.0209618
0.0209477
0.0209326
0.0209165
0.0208996
0.020882
0.0208639
0.0208456
0.0208274
0.0208101
0.0207951
0.0207845
0.0207793
0.0207803
0.0207839
0.020782
0.0207787
0.0207761
0.0207757
0.0207785
0.0207849
0.0207951
0.0208092
0.020827
0.0208481
0.0208722
0.0208991
0.0209338
0.0103499
0.0211244
0.0210848
0.0210984
0.0210191
0.0210186
0.0210161
0.0210115
0.0210049
0.0209965
0.0209864
0.0209749
0.020962
0.0209479
0.0209327
0.0209166
0.0208996
0.0208821
0.020864
0.0208456
0.0208274
0.0208101
0.0207951
0.0207845
0.0207793
0.0207803
0.0207839
0.020782
0.0207786
0.0207761
0.0207757
0.0207784
0.0207848
0.0207951
0.0208092
0.020827
0.020848
0.0208721
0.0208991
0.0209337
0.0103498
0.0211246
0.021085
0.0210987
0.0210193
0.0210188
0.0210163
0.0210117
0.0210051
0.0209966
0.0209866
0.020975
0.0209621
0.020948
0.0209328
0.0209166
0.0208997
0.0208821
0.020864
0.0208457
0.0208275
0.0208101
0.0207951
0.0207845
0.0207793
0.0207803
0.0207838
0.0207819
0.0207785
0.020776
0.0207756
0.0207783
0.0207847
0.020795
0.0208092
0.0208269
0.020848
0.0208721
0.020899
0.0209337
0.0103498
0.0211248
0.0210852
0.0210988
0.0210195
0.021019
0.0210164
0.0210118
0.0210052
0.0209967
0.0209867
0.0209751
0.0209622
0.020948
0.0209328
0.0209167
0.0208997
0.0208821
0.020864
0.0208457
0.0208275
0.0208101
0.0207951
0.0207844
0.0207792
0.0207802
0.0207837
0.0207818
0.0207784
0.0207759
0.0207755
0.0207783
0.0207847
0.020795
0.0208091
0.0208268
0.0208479
0.020872
0.0208989
0.0209336
0.0103497
0.021125
0.0210853
0.021099
0.0210196
0.021019
0.0210165
0.0210119
0.0210052
0.0209968
0.0209867
0.0209751
0.0209622
0.020948
0.0209328
0.0209166
0.0208997
0.020882
0.020864
0.0208456
0.0208274
0.02081
0.020795
0.0207843
0.020779
0.02078
0.0207836
0.0207817
0.0207784
0.0207759
0.0207755
0.0207782
0.0207847
0.0207949
0.020809
0.0208268
0.0208478
0.0208719
0.0208988
0.0209335
0.0103497
0.021125
0.0210854
0.021099
0.0210196
0.021019
0.0210165
0.0210118
0.0210052
0.0209967
0.0209866
0.020975
0.0209621
0.020948
0.0209327
0.0209166
0.0208996
0.020882
0.0208639
0.0208455
0.0208273
0.0208099
0.0207948
0.0207842
0.0207789
0.02078
0.0207835
0.0207817
0.0207784
0.0207758
0.0207755
0.0207782
0.0207846
0.0207949
0.020809
0.0208267
0.0208478
0.0208719
0.0208988
0.0209335
0.0103497
0.021125
0.0210853
0.0210989
0.0210196
0.021019
0.0210164
0.0210118
0.0210051
0.0209967
0.0209866
0.020975
0.0209621
0.0209479
0.0209327
0.0209165
0.0208996
0.020882
0.0208639
0.0208455
0.0208272
0.0208099
0.0207948
0.0207842
0.020779
0.02078
0.0207836
0.0207818
0.0207784
0.0207758
0.0207755
0.0207782
0.0207846
0.0207949
0.020809
0.0208268
0.0208479
0.0208719
0.0208989
0.0209336
0.0103497
0.0211249
0.0210852
0.0210988
0.0210194
0.0210189
0.0210164
0.0210117
0.0210051
0.0209966
0.0209865
0.020975
0.020962
0.0209479
0.0209327
0.0209165
0.0208996
0.020882
0.0208639
0.0208455
0.0208272
0.0208099
0.0207949
0.0207843
0.0207791
0.0207801
0.0207837
0.0207818
0.0207785
0.0207759
0.0207755
0.0207783
0.0207848
0.020795
0.0208092
0.0208269
0.020848
0.0208721
0.020899
0.0209338
0.0103497
0.0211247
0.021085
0.0210987
0.0210193
0.0210188
0.0210163
0.0210116
0.021005
0.0209966
0.0209865
0.0209749
0.020962
0.0209479
0.0209326
0.0209165
0.0208995
0.0208819
0.0208638
0.0208455
0.0208272
0.0208099
0.020795
0.0207844
0.0207792
0.0207802
0.0207837
0.0207819
0.0207785
0.020776
0.0207757
0.0207785
0.0207849
0.0207952
0.0208093
0.0208271
0.0208482
0.0208723
0.0208992
0.020934
0.0103497
0.0211246
0.0210849
0.0210986
0.0210193
0.0210187
0.0210162
0.0210116
0.021005
0.0209965
0.0209865
0.0209749
0.020962
0.0209478
0.0209326
0.0209165
0.0208995
0.0208819
0.0208638
0.0208455
0.0208273
0.02081
0.020795
0.0207844
0.0207792
0.0207802
0.0207838
0.020782
0.0207786
0.0207761
0.0207758
0.0207786
0.020785
0.0207953
0.0208094
0.0208272
0.0208483
0.0208724
0.0208994
0.0209341
0.0103497
0.0211245
0.0210849
0.0210985
0.0210192
0.0210187
0.0210162
0.0210116
0.021005
0.0209966
0.0209865
0.0209749
0.020962
0.0209479
0.0209327
0.0209165
0.0208996
0.020882
0.0208639
0.0208456
0.0208274
0.0208102
0.0207952
0.0207846
0.0207793
0.0207804
0.020784
0.0207822
0.0207789
0.0207764
0.020776
0.0207788
0.0207852
0.0207955
0.0208097
0.0208274
0.0208486
0.0208727
0.0208996
0.0209343
0.0103497
0.0211245
0.0210849
0.0210986
0.0210193
0.0210188
0.0210163
0.0210117
0.0210051
0.0209967
0.0209866
0.0209751
0.0209622
0.0209481
0.0209329
0.0209167
0.0208998
0.0208822
0.0208642
0.0208459
0.0208277
0.0208105
0.0207955
0.0207849
0.0207797
0.0207807
0.0207844
0.0207826
0.0207792
0.0207767
0.0207763
0.0207791
0.0207856
0.0207959
0.0208101
0.0208278
0.0208489
0.020873
0.0208999
0.0209346
0.0103497
0.0211245
0.0210849
0.0210987
0.0210194
0.0210189
0.0210164
0.0210118
0.0210052
0.0209968
0.0209868
0.0209752
0.0209624
0.0209483
0.0209331
0.020917
0.0209
0.0208825
0.0208645
0.0208462
0.020828
0.0208107
0.0207957
0.0207852
0.02078
0.0207811
0.0207847
0.0207829
0.0207795
0.020777
0.0207766
0.0207795
0.020786
0.0207963
0.0208104
0.0208282
0.0208492
0.0208733
0.0209003
0.020935
0.0103498
0.0211245
0.0210849
0.0210986
0.0210194
0.0210189
0.0210164
0.0210119
0.0210053
0.0209969
0.0209868
0.0209753
0.0209624
0.0209483
0.0209332
0.0209171
0.0209001
0.0208826
0.0208646
0.0208463
0.0208282
0.0208109
0.0207959
0.0207853
0.0207802
0.0207813
0.0207849
0.020783
0.0207797
0.0207772
0.020777
0.0207798
0.0207863
0.0207966
0.0208107
0.0208285
0.0208496
0.0208737
0.0209007
0.0209354
0.0103498
0.0211243
0.0210848
0.0210985
0.0210193
0.0210188
0.0210164
0.0210118
0.0210052
0.0209969
0.0209868
0.0209753
0.0209624
0.0209484
0.0209332
0.0209171
0.0209002
0.0208827
0.0208647
0.0208464
0.0208283
0.020811
0.020796
0.0207855
0.0207804
0.0207815
0.0207851
0.0207833
0.0207801
0.0207777
0.0207774
0.0207802
0.0207867
0.020797
0.0208111
0.0208289
0.0208501
0.0208743
0.0209013
0.020936
0.0103498
0.021124
0.0210845
0.0210982
0.021019
0.0210186
0.0210162
0.0210116
0.0210051
0.0209967
0.0209867
0.0209752
0.0209624
0.0209483
0.0209332
0.0209171
0.0209003
0.0208828
0.0208648
0.0208465
0.0208284
0.0208111
0.0207962
0.0207858
0.0207807
0.0207817
0.0207854
0.0207837
0.0207805
0.0207781
0.0207778
0.0207806
0.020787
0.0207974
0.0208116
0.0208295
0.0208507
0.0208748
0.0209019
0.0209367
0.0103499
0.0211235
0.021084
0.0210977
0.0210185
0.0210181
0.0210157
0.0210112
0.0210046
0.0209963
0.0209863
0.0209749
0.0209621
0.0209481
0.020933
0.0209169
0.0209001
0.0208826
0.0208646
0.0208464
0.0208283
0.0208111
0.0207962
0.0207858
0.0207807
0.0207818
0.0207855
0.0207838
0.0207806
0.020778
0.0207777
0.0207805
0.0207871
0.0207975
0.0208117
0.0208295
0.0208507
0.0208749
0.0209019
0.0209367
0.0103499
0.0211226
0.0210831
0.0210969
0.0210177
0.0210173
0.0210149
0.0210103
0.0210038
0.0209955
0.0209856
0.0209742
0.0209614
0.0209474
0.0209324
0.0209164
0.0208995
0.020882
0.020864
0.0208458
0.0208277
0.0208105
0.0207957
0.0207852
0.0207801
0.0207813
0.020785
0.0207832
0.0207798
0.0207772
0.0207769
0.0207798
0.0207863
0.0207967
0.0208109
0.0208287
0.0208498
0.020874
0.020901
0.0209357
0.01035
0.0211213
0.0210818
0.0210956
0.0210163
0.0210159
0.0210135
0.021009
0.0210025
0.0209942
0.0209843
0.0209729
0.0209601
0.0209461
0.020931
0.020915
0.0208982
0.0208807
0.0208627
0.0208445
0.0208264
0.0208092
0.0207943
0.0207838
0.0207787
0.0207799
0.0207835
0.0207816
0.0207782
0.0207757
0.0207755
0.0207784
0.0207848
0.0207952
0.0208094
0.0208272
0.0208483
0.0208724
0.0208994
0.0209341
0.0103502
0.0211192
0.0210796
0.0210934
0.0210141
0.0210137
0.0210112
0.0210067
0.0210002
0.0209919
0.020982
0.0209706
0.0209578
0.0209438
0.0209287
0.0209127
0.0208958
0.0208783
0.0208604
0.0208422
0.0208242
0.020807
0.0207921
0.0207817
0.0207766
0.0207778
0.0207814
0.0207795
0.0207762
0.0207738
0.0207736
0.0207764
0.0207829
0.0207933
0.0208075
0.0208253
0.0208465
0.0208707
0.0208976
0.0209324
0.0103503
0.0211158
0.0210762
0.0210899
0.0210106
0.0210101
0.0210077
0.0210031
0.0209966
0.0209883
0.0209783
0.0209669
0.0209541
0.0209401
0.0209251
0.0209091
0.0208924
0.020875
0.0208571
0.020839
0.020821
0.0208039
0.0207891
0.0207788
0.0207738
0.0207749
0.0207786
0.0207768
0.0207736
0.0207712
0.0207709
0.0207738
0.0207803
0.0207906
0.0208049
0.0208227
0.0208438
0.020868
0.0208949
0.0209297
0.0103504
0.0211106
0.0210709
0.0210846
0.0210053
0.0210047
0.0210022
0.0209976
0.020991
0.0209827
0.0209727
0.0209612
0.0209485
0.0209346
0.0209197
0.0209038
0.0208871
0.0208698
0.0208521
0.020834
0.0208161
0.0207991
0.0207845
0.0207742
0.0207693
0.0207705
0.0207741
0.0207724
0.0207691
0.0207667
0.0207664
0.0207692
0.0207757
0.0207861
0.0208002
0.020818
0.0208391
0.0208633
0.0208902
0.0209249
0.0103506
0.0211029
0.0210631
0.0210766
0.0209972
0.0209965
0.0209939
0.0209892
0.0209826
0.0209743
0.0209643
0.0209529
0.0209402
0.0209264
0.0209115
0.0208957
0.0208792
0.020862
0.0208443
0.0208264
0.0208086
0.0207918
0.0207773
0.0207672
0.0207624
0.0207636
0.0207672
0.0207655
0.0207622
0.0207597
0.0207594
0.0207623
0.0207688
0.0207791
0.0207932
0.020811
0.0208321
0.0208562
0.0208832
0.0209179
0.0103509
0.0210915
0.0210514
0.0210647
0.0209851
0.0209842
0.0209814
0.0209766
0.0209699
0.0209614
0.0209514
0.02094
0.0209274
0.0209136
0.0208988
0.0208832
0.0208667
0.0208497
0.0208322
0.0208146
0.0207971
0.0207805
0.0207662
0.0207563
0.0207515
0.0207528
0.0207564
0.0207545
0.0207511
0.0207486
0.0207482
0.0207509
0.0207573
0.0207675
0.0207816
0.0207993
0.0208203
0.0208443
0.0208711
0.0209058
0.0103513
0.0210746
0.0210339
0.0210468
0.0209665
0.0209652
0.020962
0.0209569
0.0209499
0.0209413
0.0209312
0.0209198
0.0209072
0.0208935
0.0208788
0.0208633
0.0208471
0.0208303
0.0208131
0.0207958
0.0207787
0.0207625
0.0207485
0.0207388
0.0207342
0.0207355
0.0207389
0.0207369
0.0207334
0.0207307
0.0207301
0.0207327
0.0207389
0.020749
0.0207629
0.0207804
0.0208013
0.0208251
0.0208517
0.0208862
0.010352
0.021049
0.0210072
0.0210189
0.0209378
0.0209356
0.0209318
0.0209261
0.0209188
0.0209099
0.0208997
0.0208882
0.0208756
0.0208621
0.0208476
0.0208325
0.0208167
0.0208004
0.0207839
0.0207672
0.0207507
0.0207352
0.0207219
0.0207127
0.0207085
0.0207099
0.0207132
0.020711
0.0207074
0.0207045
0.0207038
0.0207062
0.0207123
0.0207222
0.0207359
0.0207532
0.0207738
0.0207974
0.0208238
0.0208581
0.0103532
0.0210131
0.0209675
0.0209763
0.0208935
0.0208905
0.020886
0.0208799
0.0208723
0.0208633
0.0208532
0.0208419
0.0208297
0.0208167
0.0208029
0.0207885
0.0207736
0.0207584
0.0207429
0.0207274
0.0207121
0.0206977
0.0206854
0.0206769
0.020673
0.0206744
0.0206778
0.0206757
0.0206716
0.0206683
0.0206669
0.0206686
0.0206739
0.020683
0.0206958
0.0207123
0.020732
0.0207548
0.0207805
0.0208141
0.0103117
0.0212094
0.0211751
0.0211855
0.0211002
0.0210989
0.0210954
0.0210895
0.0210814
0.0210714
0.0210596
0.0210462
0.0210314
0.0210154
0.0209983
0.0209804
0.0209617
0.0209425
0.0209229
0.0209032
0.0208839
0.0208657
0.0208499
0.0208381
0.0208315
0.0208308
0.0208347
0.0208327
0.0208269
0.0208218
0.0208185
0.0208181
0.020821
0.0208275
0.0208376
0.0208512
0.0208679
0.0208877
0.0209102
0.0209393
0.00895154
0.021204
0.0211717
0.0211835
0.0210988
0.0210973
0.0210936
0.0210876
0.0210794
0.0210693
0.0210573
0.0210437
0.0210287
0.0210125
0.0209952
0.020977
0.0209581
0.0209386
0.0209187
0.0208987
0.0208791
0.0208606
0.0208446
0.0208328
0.0208262
0.0208254
0.0208289
0.0208265
0.020821
0.0208163
0.0208135
0.0208137
0.0208172
0.0208244
0.0208351
0.0208494
0.0208668
0.0208871
0.0209102
0.0209398
0.00898846
0.0212084
0.0211758
0.0211875
0.0211026
0.021101
0.0210972
0.0210911
0.0210828
0.0210725
0.0210604
0.0210467
0.0210316
0.0210153
0.0209979
0.0209796
0.0209606
0.020941
0.020921
0.0209009
0.0208812
0.0208626
0.0208466
0.0208348
0.0208281
0.0208273
0.0208308
0.0208284
0.0208229
0.0208182
0.0208155
0.0208157
0.0208194
0.0208266
0.0208375
0.0208518
0.0208693
0.0208897
0.0209129
0.0209426
0.00898825
0.0212125
0.0211798
0.0211912
0.0211063
0.0211046
0.0211008
0.0210945
0.0210862
0.0210758
0.0210636
0.0210499
0.0210347
0.0210184
0.0210009
0.0209825
0.0209634
0.0209437
0.0209236
0.0209035
0.0208837
0.020865
0.0208489
0.020837
0.0208303
0.0208295
0.0208329
0.0208305
0.020825
0.0208203
0.0208176
0.0208179
0.0208215
0.0208287
0.0208396
0.0208539
0.0208714
0.0208919
0.0209151
0.0209448
0.00898815
0.0212156
0.0211829
0.0211942
0.0211093
0.0211076
0.0211037
0.0210974
0.021089
0.0210785
0.0210663
0.0210526
0.0210374
0.0210209
0.0210034
0.020985
0.0209658
0.020946
0.0209259
0.0209057
0.0208858
0.0208671
0.0208509
0.020839
0.0208322
0.0208314
0.0208348
0.0208324
0.0208269
0.0208222
0.0208195
0.0208197
0.0208234
0.0208306
0.0208415
0.0208558
0.0208733
0.0208938
0.020917
0.0209467
0.00898805
0.0212179
0.0211851
0.0211964
0.0211115
0.0211098
0.0211058
0.0210995
0.0210911
0.0210806
0.0210684
0.0210546
0.0210394
0.0210229
0.0210053
0.0209869
0.0209677
0.0209479
0.0209277
0.0209074
0.0208875
0.0208687
0.0208525
0.0208406
0.0208338
0.0208329
0.0208363
0.0208339
0.0208284
0.0208237
0.020821
0.0208212
0.0208249
0.0208321
0.020843
0.0208573
0.0208748
0.0208953
0.0209185
0.0209482
0.00898795
0.0212195
0.0211867
0.021198
0.0211131
0.0211113
0.0211074
0.0211011
0.0210926
0.0210822
0.0210699
0.0210561
0.0210408
0.0210244
0.0210068
0.0209883
0.020969
0.0209492
0.020929
0.0209087
0.0208887
0.02087
0.0208537
0.0208417
0.0208349
0.0208341
0.0208375
0.0208351
0.0208295
0.0208248
0.0208221
0.0208223
0.020826
0.0208332
0.0208441
0.0208584
0.0208759
0.0208964
0.0209196
0.0209493
0.00898786
0.0212205
0.0211878
0.021199
0.0211141
0.0211124
0.0211084
0.0211021
0.0210937
0.0210832
0.021071
0.0210571
0.0210419
0.0210254
0.0210078
0.0209893
0.02097
0.0209502
0.0209299
0.0209096
0.0208896
0.0208708
0.0208546
0.0208426
0.0208358
0.0208349
0.0208383
0.0208359
0.0208303
0.0208256
0.0208229
0.0208231
0.0208267
0.020834
0.0208448
0.0208591
0.0208766
0.0208971
0.0209203
0.02095
0.00898777
0.0212212
0.0211884
0.0211997
0.0211148
0.0211131
0.0211091
0.0211028
0.0210944
0.0210839
0.0210716
0.0210578
0.0210425
0.021026
0.0210084
0.0209899
0.0209706
0.0209508
0.0209305
0.0209102
0.0208902
0.0208714
0.0208551
0.0208431
0.0208363
0.0208354
0.0208388
0.0208364
0.0208308
0.0208261
0.0208234
0.0208236
0.0208272
0.0208344
0.0208453
0.0208596
0.0208771
0.0208975
0.0209207
0.0209504
0.00898769
0.0212215
0.0211888
0.0212001
0.0211152
0.0211134
0.0211095
0.0211032
0.0210947
0.0210843
0.021072
0.0210582
0.0210429
0.0210264
0.0210088
0.0209903
0.020971
0.0209511
0.0209309
0.0209105
0.0208905
0.0208717
0.0208554
0.0208434
0.0208366
0.0208357
0.0208391
0.0208367
0.0208311
0.0208263
0.0208236
0.0208238
0.0208274
0.0208347
0.0208455
0.0208598
0.0208773
0.0208977
0.020921
0.0209506
0.00898762
0.0212217
0.0211889
0.0212002
0.0211153
0.0211136
0.0211097
0.0211034
0.0210949
0.0210844
0.0210721
0.0210583
0.021043
0.0210265
0.0210089
0.0209903
0.020971
0.0209512
0.0209309
0.0209106
0.0208906
0.0208718
0.0208555
0.0208435
0.0208366
0.0208357
0.0208391
0.0208367
0.0208311
0.0208263
0.0208236
0.0208238
0.0208274
0.0208346
0.0208455
0.0208598
0.0208773
0.0208977
0.0209209
0.0209506
0.00898756
0.0212217
0.021189
0.0212002
0.0211153
0.0211136
0.0211097
0.0211034
0.0210949
0.0210844
0.0210721
0.0210582
0.021043
0.0210264
0.0210088
0.0209903
0.020971
0.0209511
0.0209309
0.0209105
0.0208905
0.0208717
0.0208554
0.0208434
0.0208365
0.0208356
0.020839
0.0208365
0.020831
0.0208262
0.0208235
0.0208237
0.0208273
0.0208345
0.0208453
0.0208596
0.0208771
0.0208975
0.0209207
0.0209504
0.0089875
0.0212217
0.021189
0.0212002
0.0211153
0.0211136
0.0211097
0.0211033
0.0210948
0.0210843
0.0210721
0.0210582
0.0210429
0.0210264
0.0210088
0.0209902
0.0209709
0.0209511
0.0209308
0.0209104
0.0208904
0.0208716
0.0208553
0.0208433
0.0208364
0.0208355
0.0208389
0.0208364
0.0208308
0.0208261
0.0208234
0.0208236
0.0208272
0.0208344
0.0208452
0.0208594
0.0208769
0.0208974
0.0209206
0.0209502
0.00898746
0.0212218
0.021189
0.0212003
0.0211154
0.0211137
0.0211097
0.0211034
0.0210949
0.0210844
0.0210721
0.0210583
0.021043
0.0210264
0.0210088
0.0209903
0.020971
0.0209511
0.0209308
0.0209105
0.0208904
0.0208716
0.0208553
0.0208433
0.0208364
0.0208355
0.0208389
0.0208364
0.0208308
0.0208261
0.0208233
0.0208235
0.0208271
0.0208343
0.0208451
0.0208594
0.0208769
0.0208973
0.0209205
0.0209502
0.0089874
0.0212219
0.0211892
0.0212005
0.0211156
0.0211138
0.0211099
0.0211035
0.021095
0.0210845
0.0210723
0.0210584
0.0210431
0.0210266
0.0210089
0.0209904
0.0209711
0.0209512
0.0209309
0.0209105
0.0208905
0.0208716
0.0208553
0.0208433
0.0208364
0.0208355
0.0208388
0.0208364
0.0208308
0.020826
0.0208232
0.0208234
0.020827
0.0208342
0.020845
0.0208593
0.0208768
0.0208973
0.0209205
0.0209501
0.00898735
0.0212222
0.0211894
0.0212007
0.0211158
0.021114
0.0211101
0.0211037
0.0210952
0.0210847
0.0210724
0.0210585
0.0210432
0.0210267
0.021009
0.0209904
0.0209711
0.0209512
0.0209309
0.0209105
0.0208905
0.0208716
0.0208553
0.0208433
0.0208364
0.0208354
0.0208388
0.0208363
0.0208307
0.0208259
0.0208232
0.0208233
0.0208269
0.0208342
0.020845
0.0208593
0.0208768
0.0208972
0.0209204
0.02095
0.00898731
0.0212224
0.0211896
0.0212009
0.0211159
0.0211142
0.0211102
0.0211038
0.0210953
0.0210848
0.0210725
0.0210586
0.0210433
0.0210267
0.021009
0.0209905
0.0209711
0.0209512
0.0209309
0.0209105
0.0208905
0.0208716
0.0208553
0.0208432
0.0208363
0.0208353
0.0208387
0.0208362
0.0208306
0.0208258
0.0208231
0.0208233
0.0208269
0.0208341
0.0208449
0.0208592
0.0208767
0.0208971
0.0209203
0.0209499
0.00898729
0.0212225
0.0211897
0.021201
0.021116
0.0211143
0.0211103
0.0211039
0.0210953
0.0210848
0.0210725
0.0210586
0.0210433
0.0210267
0.021009
0.0209904
0.0209711
0.0209511
0.0209308
0.0209105
0.0208904
0.0208715
0.0208551
0.0208431
0.0208362
0.0208352
0.0208386
0.0208361
0.0208305
0.0208258
0.0208231
0.0208233
0.0208269
0.0208341
0.0208449
0.0208591
0.0208766
0.020897
0.0209202
0.0209499
0.00898726
0.0212225
0.0211898
0.021201
0.021116
0.0211143
0.0211103
0.0211039
0.0210953
0.0210848
0.0210725
0.0210586
0.0210432
0.0210266
0.021009
0.0209904
0.020971
0.0209511
0.0209308
0.0209104
0.0208903
0.0208714
0.020855
0.0208429
0.0208361
0.0208352
0.0208385
0.0208361
0.0208305
0.0208258
0.0208231
0.0208232
0.0208268
0.020834
0.0208448
0.0208591
0.0208766
0.020897
0.0209202
0.0209499
0.00898724
0.0212225
0.0211897
0.0212009
0.021116
0.0211142
0.0211102
0.0211038
0.0210953
0.0210847
0.0210724
0.0210585
0.0210432
0.0210266
0.0210089
0.0209903
0.020971
0.0209511
0.0209308
0.0209104
0.0208903
0.0208714
0.020855
0.020843
0.0208361
0.0208352
0.0208386
0.0208362
0.0208306
0.0208258
0.0208231
0.0208233
0.0208269
0.0208341
0.0208449
0.0208592
0.0208767
0.0208971
0.0209203
0.0209499
0.00898723
0.0212224
0.0211896
0.0212008
0.0211159
0.0211141
0.0211101
0.0211037
0.0210952
0.0210847
0.0210724
0.0210585
0.0210432
0.0210266
0.0210089
0.0209903
0.020971
0.0209511
0.0209308
0.0209104
0.0208903
0.0208714
0.0208551
0.0208431
0.0208362
0.0208353
0.0208387
0.0208362
0.0208306
0.0208259
0.0208232
0.0208234
0.020827
0.0208342
0.020845
0.0208593
0.0208768
0.0208972
0.0209205
0.0209501
0.00898722
0.0212222
0.0211895
0.0212007
0.0211158
0.021114
0.02111
0.0211037
0.0210951
0.0210846
0.0210723
0.0210584
0.0210431
0.0210265
0.0210089
0.0209903
0.020971
0.020951
0.0209307
0.0209103
0.0208903
0.0208715
0.0208552
0.0208432
0.0208363
0.0208354
0.0208387
0.0208362
0.0208307
0.0208259
0.0208233
0.0208235
0.0208271
0.0208344
0.0208452
0.0208595
0.020877
0.0208974
0.0209206
0.0209503
0.00898722
0.0212221
0.0211894
0.0212006
0.0211157
0.0211139
0.02111
0.0211036
0.0210951
0.0210846
0.0210723
0.0210584
0.0210431
0.0210265
0.0210088
0.0209903
0.0209709
0.020951
0.0209307
0.0209103
0.0208903
0.0208715
0.0208552
0.0208432
0.0208363
0.0208354
0.0208388
0.0208363
0.0208308
0.0208261
0.0208234
0.0208236
0.0208272
0.0208345
0.0208453
0.0208596
0.0208771
0.0208975
0.0209208
0.0209505
0.00898723
0.021222
0.0211893
0.0212006
0.0211157
0.021114
0.02111
0.0211037
0.0210951
0.0210846
0.0210723
0.0210584
0.0210431
0.0210266
0.0210089
0.0209903
0.020971
0.0209511
0.0209308
0.0209105
0.0208905
0.0208717
0.0208554
0.0208434
0.0208365
0.0208356
0.020839
0.0208366
0.020831
0.0208263
0.0208236
0.0208238
0.0208274
0.0208347
0.0208455
0.0208598
0.0208773
0.0208978
0.020921
0.0209507
0.00898725
0.021222
0.0211893
0.0212006
0.0211158
0.021114
0.0211101
0.0211038
0.0210952
0.0210848
0.0210725
0.0210586
0.0210433
0.0210268
0.0210091
0.0209906
0.0209713
0.0209514
0.0209311
0.0209108
0.0208908
0.020872
0.0208557
0.0208437
0.0208368
0.0208359
0.0208394
0.020837
0.0208314
0.0208266
0.0208239
0.0208241
0.0208278
0.020835
0.0208459
0.0208602
0.0208777
0.0208981
0.0209214
0.020951
0.00898727
0.0212221
0.0211894
0.0212007
0.0211158
0.0211141
0.0211102
0.0211039
0.0210954
0.0210849
0.0210726
0.0210588
0.0210435
0.021027
0.0210093
0.0209908
0.0209715
0.0209516
0.0209314
0.0209111
0.0208911
0.0208723
0.020856
0.020844
0.0208371
0.0208363
0.0208397
0.0208373
0.0208317
0.0208269
0.0208242
0.0208245
0.0208282
0.0208354
0.0208463
0.0208606
0.020878
0.0208985
0.0209217
0.0209514
0.0089873
0.021222
0.0211894
0.0212007
0.0211159
0.0211142
0.0211102
0.0211039
0.0210954
0.021085
0.0210727
0.0210589
0.0210436
0.0210271
0.0210094
0.0209909
0.0209716
0.0209517
0.0209315
0.0209112
0.0208912
0.0208724
0.0208561
0.0208441
0.0208374
0.0208365
0.0208399
0.0208374
0.0208319
0.0208272
0.0208246
0.0208249
0.0208285
0.0208358
0.0208466
0.0208609
0.0208784
0.0208988
0.0209221
0.0209518
0.00898734
0.0212219
0.0211892
0.0212006
0.0211158
0.0211141
0.0211102
0.0211039
0.0210954
0.0210849
0.0210727
0.0210589
0.0210436
0.0210271
0.0210095
0.020991
0.0209717
0.0209518
0.0209316
0.0209113
0.0208913
0.0208725
0.0208563
0.0208443
0.0208376
0.0208367
0.0208401
0.0208377
0.0208322
0.0208276
0.020825
0.0208253
0.0208289
0.0208361
0.020847
0.0208613
0.0208789
0.0208994
0.0209227
0.0209524
0.00898737
0.0212216
0.0211889
0.0212003
0.0211155
0.0211139
0.02111
0.0211037
0.0210952
0.0210848
0.0210726
0.0210588
0.0210435
0.0210271
0.0210095
0.020991
0.0209717
0.0209519
0.0209317
0.0209114
0.0208915
0.0208727
0.0208565
0.0208446
0.0208378
0.020837
0.0208404
0.0208381
0.0208327
0.020828
0.0208254
0.0208256
0.0208293
0.0208366
0.0208475
0.0208618
0.0208794
0.0209
0.0209233
0.020953
0.00898739
0.0212211
0.0211884
0.0211998
0.021115
0.0211134
0.0211095
0.0211033
0.0210948
0.0210844
0.0210722
0.0210584
0.0210433
0.0210268
0.0210093
0.0209908
0.0209716
0.0209518
0.0209316
0.0209113
0.0208914
0.0208727
0.0208565
0.0208446
0.0208379
0.0208371
0.0208406
0.0208382
0.0208327
0.020828
0.0208253
0.0208256
0.0208293
0.0208366
0.0208475
0.0208619
0.0208795
0.0209
0.0209233
0.020953
0.00898745
0.0212202
0.0211876
0.021199
0.0211142
0.0211126
0.0211087
0.0211024
0.021094
0.0210837
0.0210715
0.0210578
0.0210426
0.0210262
0.0210087
0.0209902
0.020971
0.0209512
0.020931
0.0209107
0.0208908
0.0208721
0.0208559
0.020844
0.0208373
0.0208365
0.02084
0.0208376
0.020832
0.0208272
0.0208245
0.0208249
0.0208285
0.0208359
0.0208467
0.0208611
0.0208786
0.0208991
0.0209224
0.0209521
0.00898757
0.0212188
0.0211862
0.0211976
0.0211128
0.0211111
0.0211073
0.021101
0.0210927
0.0210823
0.0210702
0.0210564
0.0210413
0.0210248
0.0210073
0.0209888
0.0209696
0.0209498
0.0209296
0.0209094
0.0208895
0.0208708
0.0208546
0.0208426
0.0208359
0.0208351
0.0208385
0.020836
0.0208304
0.0208257
0.0208231
0.0208234
0.0208271
0.0208344
0.0208452
0.0208596
0.0208771
0.0208976
0.0209208
0.0209505
0.00898767
0.0212166
0.021184
0.0211954
0.0211105
0.0211089
0.021105
0.0210987
0.0210904
0.02108
0.0210678
0.0210541
0.0210389
0.0210224
0.0210049
0.0209864
0.0209672
0.0209474
0.0209273
0.0209071
0.0208872
0.0208685
0.0208524
0.0208405
0.0208338
0.020833
0.0208364
0.0208339
0.0208284
0.0208238
0.0208212
0.0208215
0.0208252
0.0208325
0.0208434
0.0208577
0.0208753
0.0208958
0.0209191
0.0209488
0.00898775
0.0212132
0.0211805
0.0211918
0.0211069
0.0211052
0.0211013
0.0210951
0.0210866
0.0210762
0.0210641
0.0210503
0.0210351
0.0210187
0.0210012
0.0209828
0.0209637
0.020944
0.0209239
0.0209038
0.020884
0.0208654
0.0208493
0.0208375
0.0208309
0.0208301
0.0208335
0.0208312
0.0208257
0.020821
0.0208184
0.0208187
0.0208224
0.0208297
0.0208406
0.020855
0.0208726
0.020893
0.0209163
0.020946
0.00898795
0.0212078
0.021175
0.0211863
0.0211013
0.0210996
0.0210956
0.0210893
0.0210808
0.0210704
0.0210582
0.0210445
0.0210294
0.0210131
0.0209957
0.0209774
0.0209584
0.0209388
0.0209188
0.0208988
0.0208791
0.0208606
0.0208446
0.0208329
0.0208264
0.0208256
0.0208291
0.0208267
0.0208212
0.0208165
0.0208139
0.0208142
0.0208179
0.0208252
0.020836
0.0208504
0.0208679
0.0208883
0.0209116
0.0209412
0.00898809
0.0211997
0.0211668
0.021178
0.0210929
0.0210911
0.021087
0.0210806
0.0210721
0.0210617
0.0210496
0.0210359
0.0210208
0.0210046
0.0209873
0.0209691
0.0209502
0.0209307
0.0209109
0.020891
0.0208714
0.0208531
0.0208373
0.0208258
0.0208194
0.0208187
0.0208221
0.0208198
0.0208143
0.0208096
0.0208069
0.0208072
0.0208109
0.0208181
0.020829
0.0208433
0.0208608
0.0208813
0.0209045
0.0209342
0.00898831
0.0211877
0.0211545
0.0211655
0.0210802
0.0210781
0.0210739
0.0210674
0.0210588
0.0210484
0.0210362
0.0210225
0.0210076
0.0209914
0.0209742
0.0209562
0.0209374
0.0209182
0.0208985
0.0208789
0.0208596
0.0208416
0.0208261
0.0208147
0.0208084
0.0208078
0.0208112
0.0208087
0.0208031
0.0207983
0.0207956
0.0207958
0.0207993
0.0208065
0.0208173
0.0208315
0.020849
0.0208693
0.0208924
0.0209221
0.0089888
0.0211698
0.021136
0.0211465
0.0210607
0.0210581
0.0210535
0.0210467
0.021038
0.0210274
0.0210151
0.0210015
0.0209866
0.0209705
0.0209535
0.0209357
0.0209172
0.0208982
0.020879
0.0208597
0.0208409
0.0208232
0.020808
0.020797
0.0207909
0.0207904
0.0207936
0.020791
0.0207852
0.0207803
0.0207775
0.0207775
0.0207809
0.0207879
0.0207985
0.0208126
0.0208299
0.0208501
0.0208731
0.0209025
0.00898942
0.0211424
0.0211075
0.0211168
0.0210301
0.0210269
0.0210217
0.0210144
0.0210053
0.0209945
0.0209822
0.0209686
0.0209538
0.020938
0.0209213
0.0209039
0.0208859
0.0208676
0.020849
0.0208304
0.0208123
0.0207954
0.020781
0.0207705
0.0207648
0.0207645
0.0207677
0.0207649
0.0207591
0.020754
0.0207509
0.0207508
0.0207541
0.020761
0.0207714
0.0207853
0.0208023
0.0208223
0.020845
0.0208743
0.00899042
0.0211045
0.0210658
0.0210722
0.0209839
0.0209798
0.0209741
0.0209665
0.0209572
0.0209464
0.0209343
0.020921
0.0209067
0.0208915
0.0208756
0.0208591
0.0208422
0.0208249
0.0208075
0.0207903
0.0207735
0.0207578
0.0207444
0.0207347
0.0207296
0.0207294
0.0207329
0.0207303
0.0207239
0.0207183
0.0207146
0.0207138
0.0207162
0.0207222
0.0207318
0.0207448
0.020761
0.0207802
0.0208021
0.0208307
0.00895467
0.0213122
0.0212857
0.0212934
0.0212016
0.021199
0.0211938
0.021186
0.0211758
0.0211634
0.0211492
0.0211333
0.021116
0.0210974
0.0210777
0.0210573
0.0210362
0.0210147
0.0209929
0.0209713
0.0209503
0.0209308
0.0209138
0.0209008
0.0208928
0.0208905
0.0208942
0.0208923
0.0208838
0.020876
0.0208701
0.0208669
0.0208668
0.0208701
0.0208768
0.0208868
0.0208999
0.0209158
0.0209345
0.0209582
0.00777852
0.0213062
0.0212817
0.0212909
0.0211998
0.021197
0.0211916
0.0211837
0.0211734
0.0211609
0.0211465
0.0211304
0.0211129
0.0210941
0.0210742
0.0210535
0.0210321
0.0210103
0.0209882
0.0209663
0.0209449
0.0209251
0.0209079
0.0208948
0.0208867
0.0208843
0.0208875
0.020885
0.0208769
0.0208696
0.0208642
0.0208616
0.0208622
0.0208661
0.0208735
0.0208842
0.020898
0.0209146
0.0209339
0.0209581
0.00781024
0.0213107
0.0212859
0.0212949
0.0212037
0.0212007
0.0211953
0.0211872
0.0211768
0.0211642
0.0211496
0.0211335
0.0211158
0.0210969
0.0210769
0.0210561
0.0210346
0.0210127
0.0209905
0.0209685
0.0209471
0.0209271
0.0209098
0.0208967
0.0208886
0.0208861
0.0208893
0.0208868
0.0208787
0.0208714
0.0208662
0.0208636
0.0208643
0.0208683
0.0208758
0.0208866
0.0209005
0.0209172
0.0209366
0.0209609
0.00781005
0.0213149
0.02129
0.0212988
0.0212075
0.0212045
0.0211989
0.0211908
0.0211802
0.0211676
0.021153
0.0211367
0.021119
0.0211
0.02108
0.0210591
0.0210375
0.0210155
0.0209932
0.0209711
0.0209496
0.0209295
0.0209122
0.020899
0.0208908
0.0208883
0.0208915
0.020889
0.0208808
0.0208736
0.0208683
0.0208657
0.0208664
0.0208705
0.0208779
0.0208887
0.0209026
0.0209193
0.0209388
0.0209631
0.00780995
0.0213181
0.0212932
0.0213019
0.0212106
0.0212075
0.0212019
0.0211937
0.0211831
0.0211704
0.0211557
0.0211394
0.0211216
0.0211026
0.0210825
0.0210616
0.0210399
0.0210178
0.0209955
0.0209733
0.0209517
0.0209316
0.0209142
0.020901
0.0208927
0.0208902
0.0208934
0.0208909
0.0208827
0.0208754
0.0208701
0.0208676
0.0208683
0.0208723
0.0208798
0.0208906
0.0209045
0.0209212
0.0209407
0.020965
0.00780985
0.0213205
0.0212955
0.0213041
0.0212129
0.0212097
0.0212041
0.0211959
0.0211853
0.0211725
0.0211579
0.0211415
0.0211237
0.0211046
0.0210845
0.0210635
0.0210418
0.0210197
0.0209973
0.0209751
0.0209534
0.0209333
0.0209158
0.0209026
0.0208943
0.0208917
0.0208949
0.0208924
0.0208842
0.0208769
0.0208716
0.0208691
0.0208698
0.0208738
0.0208813
0.0208921
0.020906
0.0209228
0.0209422
0.0209665
0.00780976
0.0213221
0.0212971
0.0213057
0.0212145
0.0212113
0.0212057
0.0211975
0.0211869
0.0211741
0.0211594
0.021143
0.0211252
0.0211061
0.021086
0.0210649
0.0210432
0.0210211
0.0209987
0.0209764
0.0209547
0.0209345
0.0209171
0.0209038
0.0208955
0.0208929
0.0208961
0.0208935
0.0208853
0.0208781
0.0208728
0.0208702
0.0208709
0.020875
0.0208824
0.0208932
0.0209071
0.0209238
0.0209433
0.0209676
0.00780967
0.0213232
0.0212982
0.0213068
0.0212155
0.0212124
0.0212068
0.0211986
0.0211879
0.0211752
0.0211605
0.0211441
0.0211263
0.0211071
0.021087
0.0210659
0.0210442
0.021022
0.0209996
0.0209773
0.0209556
0.0209354
0.0209179
0.0209046
0.0208963
0.0208937
0.0208969
0.0208943
0.0208862
0.0208789
0.0208736
0.020871
0.0208717
0.0208757
0.0208832
0.020894
0.0209078
0.0209246
0.020944
0.0209683
0.00780959
0.0213239
0.0212989
0.0213075
0.0212162
0.0212131
0.0212075
0.0211992
0.0211886
0.0211758
0.0211612
0.0211448
0.0211269
0.0211078
0.0210876
0.0210666
0.0210448
0.0210226
0.0210002
0.0209779
0.0209562
0.020936
0.0209185
0.0209052
0.0208969
0.0208943
0.0208974
0.0208949
0.0208867
0.0208794
0.0208741
0.0208715
0.0208721
0.0208762
0.0208836
0.0208944
0.0209083
0.020925
0.0209444
0.0209687
0.00780952
0.0213242
0.0212993
0.0213079
0.0212166
0.0212135
0.0212079
0.0211996
0.021189
0.0211762
0.0211615
0.0211451
0.0211273
0.0211082
0.021088
0.0210669
0.0210452
0.021023
0.0210005
0.0209782
0.0209565
0.0209363
0.0209188
0.0209055
0.0208971
0.0208945
0.0208977
0.0208952
0.0208869
0.0208796
0.0208743
0.0208717
0.0208724
0.0208764
0.0208839
0.0208946
0.0209085
0.0209252
0.0209447
0.0209689
0.00780945
0.0213244
0.0212994
0.021308
0.0212168
0.0212137
0.021208
0.0211998
0.0211891
0.0211764
0.0211617
0.0211453
0.0211274
0.0211083
0.0210881
0.021067
0.0210452
0.021023
0.0210006
0.0209782
0.0209565
0.0209363
0.0209188
0.0209055
0.0208972
0.0208946
0.0208977
0.0208951
0.0208869
0.0208796
0.0208743
0.0208717
0.0208724
0.0208764
0.0208839
0.0208946
0.0209085
0.0209252
0.0209446
0.0209689
0.00780939
0.0213244
0.0212995
0.0213081
0.0212168
0.0212137
0.021208
0.0211998
0.0211891
0.0211763
0.0211616
0.0211452
0.0211274
0.0211082
0.021088
0.0210669
0.0210452
0.021023
0.0210005
0.0209782
0.0209565
0.0209362
0.0209187
0.0209054
0.020897
0.0208944
0.0208976
0.020895
0.0208868
0.0208795
0.0208742
0.0208716
0.0208722
0.0208762
0.0208837
0.0208945
0.0209083
0.020925
0.0209444
0.0209687
0.00780935
0.0213244
0.0212995
0.0213081
0.0212168
0.0212137
0.021208
0.0211998
0.0211891
0.0211763
0.0211616
0.0211452
0.0211273
0.0211082
0.021088
0.0210669
0.0210451
0.0210229
0.0210005
0.0209781
0.0209564
0.0209361
0.0209186
0.0209053
0.0208969
0.0208943
0.0208974
0.0208949
0.0208867
0.0208794
0.0208741
0.0208715
0.0208721
0.0208761
0.0208835
0.0208943
0.0209082
0.0209249
0.0209443
0.0209685
0.00780931
0.0213245
0.0212995
0.0213081
0.0212169
0.0212137
0.0212081
0.0211998
0.0211892
0.0211764
0.0211616
0.0211452
0.0211274
0.0211082
0.021088
0.0210669
0.0210452
0.0210229
0.0210005
0.0209781
0.0209564
0.0209361
0.0209186
0.0209053
0.0208969
0.0208943
0.0208974
0.0208949
0.0208867
0.0208794
0.020874
0.0208714
0.020872
0.020876
0.0208835
0.0208942
0.0209081
0.0209248
0.0209442
0.0209685
0.00780926
0.0213246
0.0212997
0.0213083
0.021217
0.0212139
0.0212082
0.0212
0.0211893
0.0211765
0.0211618
0.0211454
0.0211275
0.0211083
0.0210881
0.021067
0.0210453
0.021023
0.0210006
0.0209782
0.0209564
0.0209362
0.0209187
0.0209053
0.0208969
0.0208943
0.0208974
0.0208949
0.0208867
0.0208793
0.0208739
0.0208713
0.020872
0.020876
0.0208834
0.0208942
0.0209081
0.0209248
0.0209442
0.0209684
0.00780922
0.0213249
0.0212999
0.0213085
0.0212172
0.0212141
0.0212084
0.0212001
0.0211895
0.0211766
0.0211619
0.0211455
0.0211276
0.0211084
0.0210882
0.0210671
0.0210453
0.0210231
0.0210006
0.0209782
0.0209565
0.0209362
0.0209187
0.0209053
0.0208969
0.0208943
0.0208974
0.0208948
0.0208866
0.0208792
0.0208739
0.0208713
0.0208719
0.0208759
0.0208834
0.0208942
0.020908
0.0209247
0.0209441
0.0209684
0.00780919
0.021325
0.0213001
0.0213087
0.0212174
0.0212142
0.0212085
0.0212003
0.0211896
0.0211767
0.021162
0.0211456
0.0211277
0.0211085
0.0210882
0.0210671
0.0210453
0.021023
0.0210006
0.0209782
0.0209564
0.0209362
0.0209186
0.0209052
0.0208968
0.0208942
0.0208973
0.0208947
0.0208864
0.0208791
0.0208738
0.0208712
0.0208719
0.0208759
0.0208833
0.0208941
0.0209079
0.0209246
0.020944
0.0209683
0.00780916
0.0213252
0.0213002
0.0213088
0.0212175
0.0212143
0.0212086
0.0212003
0.0211896
0.0211768
0.021162
0.0211456
0.0211276
0.0211085
0.0210882
0.0210671
0.0210453
0.021023
0.0210005
0.0209781
0.0209564
0.0209361
0.0209185
0.0209051
0.0208967
0.0208941
0.0208972
0.0208946
0.0208864
0.0208791
0.0208738
0.0208712
0.0208718
0.0208759
0.0208833
0.020894
0.0209079
0.0209245
0.020944
0.0209682
0.00780914
0.0213252
0.0213002
0.0213088
0.0212175
0.0212143
0.0212086
0.0212003
0.0211896
0.0211767
0.021162
0.0211455
0.0211276
0.0211084
0.0210881
0.021067
0.0210452
0.0210229
0.0210005
0.0209781
0.0209563
0.020936
0.0209184
0.020905
0.0208966
0.020894
0.0208971
0.0208946
0.0208864
0.0208791
0.0208738
0.0208712
0.0208718
0.0208758
0.0208832
0.020894
0.0209078
0.0209245
0.0209439
0.0209682
0.00780912
0.0213252
0.0213002
0.0213087
0.0212174
0.0212142
0.0212085
0.0212002
0.0211895
0.0211767
0.0211619
0.0211455
0.0211276
0.0211084
0.0210881
0.021067
0.0210452
0.0210229
0.0210004
0.0209781
0.0209563
0.020936
0.0209184
0.020905
0.0208967
0.020894
0.0208972
0.0208947
0.0208865
0.0208791
0.0208738
0.0208712
0.0208718
0.0208759
0.0208833
0.0208941
0.0209079
0.0209246
0.020944
0.0209683
0.00780911
0.021325
0.0213001
0.0213086
0.0212173
0.0212141
0.0212084
0.0212001
0.0211895
0.0211766
0.0211619
0.0211455
0.0211276
0.0211084
0.0210881
0.021067
0.0210452
0.0210229
0.0210005
0.0209781
0.0209563
0.020936
0.0209185
0.0209052
0.0208968
0.0208942
0.0208973
0.0208948
0.0208865
0.0208792
0.0208739
0.0208713
0.020872
0.020876
0.0208835
0.0208942
0.0209081
0.0209248
0.0209442
0.0209685
0.0078091
0.0213249
0.0212999
0.0213085
0.0212172
0.021214
0.0212084
0.0212001
0.0211894
0.0211766
0.0211619
0.0211454
0.0211275
0.0211083
0.0210881
0.021067
0.0210452
0.0210229
0.0210004
0.0209781
0.0209563
0.0209361
0.0209186
0.0209052
0.0208969
0.0208942
0.0208973
0.0208948
0.0208866
0.0208793
0.020874
0.0208714
0.0208721
0.0208761
0.0208836
0.0208944
0.0209082
0.0209249
0.0209444
0.0209686
0.0078091
0.0213248
0.0212998
0.0213084
0.0212171
0.021214
0.0212083
0.0212
0.0211894
0.0211766
0.0211618
0.0211454
0.0211275
0.0211083
0.021088
0.0210669
0.0210451
0.0210229
0.0210004
0.0209781
0.0209563
0.0209361
0.0209186
0.0209053
0.0208969
0.0208943
0.0208974
0.0208948
0.0208867
0.0208794
0.0208741
0.0208716
0.0208722
0.0208762
0.0208837
0.0208945
0.0209083
0.0209251
0.0209445
0.0209688
0.00780911
0.0213247
0.0212998
0.0213084
0.0212171
0.021214
0.0212083
0.0212001
0.0211894
0.0211766
0.0211619
0.0211454
0.0211275
0.0211083
0.0210881
0.021067
0.0210452
0.021023
0.0210005
0.0209782
0.0209565
0.0209363
0.0209188
0.0209054
0.0208971
0.0208944
0.0208976
0.0208951
0.0208869
0.0208796
0.0208743
0.0208718
0.0208724
0.0208764
0.0208839
0.0208947
0.0209086
0.0209253
0.0209447
0.020969
0.00780913
0.0213248
0.0212998
0.0213085
0.0212172
0.0212141
0.0212084
0.0212002
0.0211895
0.0211767
0.021162
0.0211456
0.0211277
0.0211085
0.0210883
0.0210672
0.0210455
0.0210233
0.0210008
0.0209785
0.0209568
0.0209366
0.0209191
0.0209057
0.0208974
0.0208948
0.020898
0.0208955
0.0208873
0.0208799
0.0208746
0.0208721
0.0208727
0.0208768
0.0208843
0.0208951
0.0209089
0.0209257
0.0209451
0.0209694
0.00780915
0.0213248
0.0212999
0.0213085
0.0212173
0.0212142
0.0212086
0.0212003
0.0211897
0.0211769
0.0211622
0.0211458
0.0211279
0.0211088
0.0210886
0.0210675
0.0210457
0.0210235
0.0210011
0.0209788
0.0209571
0.0209369
0.0209194
0.020906
0.0208977
0.0208952
0.0208983
0.0208958
0.0208875
0.0208802
0.0208749
0.0208724
0.0208731
0.0208772
0.0208847
0.0208954
0.0209093
0.020926
0.0209454
0.0209697
0.00780918
0.0213248
0.0212999
0.0213086
0.0212173
0.0212142
0.0212086
0.0212004
0.0211897
0.0211769
0.0211622
0.0211459
0.021128
0.0211089
0.0210887
0.0210676
0.0210459
0.0210236
0.0210012
0.0209789
0.0209573
0.020937
0.0209195
0.0209062
0.0208979
0.0208954
0.0208985
0.0208959
0.0208878
0.0208805
0.0208753
0.0208728
0.0208735
0.0208775
0.020885
0.0208958
0.0209096
0.0209263
0.0209458
0.0209701
0.00780921
0.0213246
0.0212998
0.0213084
0.0212172
0.0212141
0.0212085
0.0212003
0.0211897
0.0211769
0.0211622
0.0211459
0.021128
0.0211089
0.0210887
0.0210677
0.0210459
0.0210237
0.0210013
0.020979
0.0209574
0.0209372
0.0209197
0.0209064
0.0208982
0.0208956
0.0208987
0.0208962
0.0208881
0.0208809
0.0208757
0.0208732
0.0208739
0.0208779
0.0208854
0.0208962
0.0209101
0.0209269
0.0209464
0.0209707
0.00780923
0.0213243
0.0212995
0.0213082
0.021217
0.0212139
0.0212084
0.0212002
0.0211896
0.0211768
0.0211621
0.0211458
0.021128
0.0211089
0.0210887
0.0210677
0.021046
0.0210238
0.0210014
0.0209792
0.0209575
0.0209373
0.0209199
0.0209067
0.0208984
0.0208959
0.020899
0.0208966
0.0208886
0.0208813
0.0208761
0.0208735
0.0208742
0.0208783
0.0208859
0.0208967
0.0209107
0.0209275
0.020947
0.0209713
0.00780927
0.0213238
0.021299
0.0213077
0.0212165
0.0212135
0.0212079
0.0211997
0.0211891
0.0211764
0.0211618
0.0211455
0.0211277
0.0211087
0.0210885
0.0210675
0.0210459
0.0210237
0.0210013
0.020979
0.0209574
0.0209373
0.0209199
0.0209067
0.0208984
0.0208959
0.0208992
0.0208967
0.0208886
0.0208813
0.020876
0.0208735
0.0208742
0.0208784
0.0208859
0.0208968
0.0209107
0.0209275
0.020947
0.0209713
0.00780934
0.021323
0.0212981
0.0213069
0.0212157
0.0212126
0.0212071
0.0211989
0.0211884
0.0211757
0.0211611
0.0211448
0.0211271
0.021108
0.0210879
0.0210669
0.0210452
0.0210231
0.0210007
0.0209785
0.0209569
0.0209367
0.0209193
0.0209061
0.0208979
0.0208953
0.0208986
0.0208961
0.0208878
0.0208805
0.0208752
0.0208728
0.0208735
0.0208776
0.0208851
0.020896
0.0209099
0.0209266
0.0209461
0.0209704
0.00780942
0.0213216
0.0212967
0.0213054
0.0212143
0.0212112
0.0212056
0.0211975
0.021187
0.0211743
0.0211597
0.0211434
0.0211257
0.0211067
0.0210865
0.0210655
0.0210438
0.0210217
0.0209993
0.0209771
0.0209555
0.0209353
0.0209179
0.0209047
0.0208964
0.0208939
0.0208971
0.0208945
0.0208863
0.020879
0.0208738
0.0208713
0.020872
0.0208761
0.0208836
0.0208944
0.0209084
0.0209251
0.0209446
0.0209689
0.00780951
0.0213193
0.0212944
0.0213031
0.0212119
0.0212089
0.0212033
0.0211951
0.0211846
0.0211719
0.0211573
0.021141
0.0211233
0.0211042
0.0210841
0.0210631
0.0210414
0.0210193
0.020997
0.0209748
0.0209532
0.0209331
0.0209157
0.0209025
0.0208943
0.0208918
0.0208949
0.0208924
0.0208843
0.020877
0.0208718
0.0208694
0.0208701
0.0208742
0.0208817
0.0208926
0.0209065
0.0209233
0.0209428
0.0209671
0.00780964
0.0213157
0.0212908
0.0212994
0.0212082
0.0212051
0.0211995
0.0211913
0.0211808
0.0211681
0.0211535
0.0211372
0.0211194
0.0211004
0.0210804
0.0210594
0.0210379
0.0210158
0.0209936
0.0209714
0.02095
0.0209299
0.0209126
0.0208995
0.0208914
0.0208889
0.0208921
0.0208896
0.0208815
0.0208743
0.0208691
0.0208666
0.0208673
0.0208714
0.020879
0.0208899
0.0209038
0.0209205
0.02094
0.0209643
0.00780971
0.0213101
0.0212851
0.0212937
0.0212024
0.0211992
0.0211936
0.0211854
0.0211748
0.0211621
0.0211475
0.0211312
0.0211136
0.0210946
0.0210747
0.0210539
0.0210324
0.0210105
0.0209883
0.0209663
0.0209449
0.020925
0.0209079
0.0208949
0.0208868
0.0208844
0.0208876
0.0208852
0.020877
0.0208698
0.0208646
0.020862
0.0208628
0.0208669
0.0208744
0.0208852
0.0208991
0.0209158
0.0209353
0.0209596
0.00780994
0.0213017
0.0212765
0.021285
0.0211936
0.0211904
0.0211847
0.0211764
0.0211658
0.0211531
0.0211385
0.0211223
0.0211047
0.0210859
0.0210661
0.0210454
0.021024
0.0210022
0.0209802
0.0209584
0.0209372
0.0209175
0.0209005
0.0208877
0.0208797
0.0208774
0.0208807
0.0208782
0.02087
0.0208628
0.0208575
0.020855
0.0208557
0.0208598
0.0208673
0.0208781
0.020892
0.0209087
0.0209281
0.0209524
0.00781017
0.0212891
0.0212636
0.0212719
0.0211803
0.0211768
0.0211709
0.0211626
0.0211519
0.0211391
0.0211246
0.0211085
0.021091
0.0210723
0.0210526
0.0210321
0.0210109
0.0209893
0.0209676
0.020946
0.0209251
0.0209057
0.020889
0.0208764
0.0208686
0.0208664
0.0208696
0.020867
0.0208588
0.0208515
0.0208461
0.0208435
0.0208441
0.0208481
0.0208555
0.0208663
0.0208801
0.0208967
0.0209161
0.0209403
0.00781055
0.02127
0.021244
0.0212518
0.0211596
0.0211557
0.0211495
0.0211408
0.02113
0.0211172
0.0211026
0.0210866
0.0210692
0.0210506
0.0210311
0.0210109
0.0209901
0.0209689
0.0209475
0.0209264
0.020906
0.020887
0.0208707
0.0208584
0.0208509
0.0208488
0.0208519
0.0208492
0.0208408
0.0208334
0.0208279
0.0208251
0.0208256
0.0208295
0.0208367
0.0208473
0.020861
0.0208775
0.0208967
0.0209208
0.00781111
0.0212406
0.0212135
0.0212202
0.0211272
0.0211226
0.0211159
0.0211068
0.0210957
0.0210827
0.0210682
0.0210522
0.021035
0.0210168
0.0209978
0.020978
0.0209578
0.0209373
0.0209168
0.0208964
0.0208768
0.0208586
0.0208431
0.0208315
0.0208245
0.0208227
0.0208258
0.0208229
0.0208145
0.0208068
0.0208012
0.0207983
0.0207986
0.0208023
0.0208094
0.0208198
0.0208333
0.0208496
0.0208685
0.0208924
0.0078119
0.0212006
0.0211696
0.0211734
0.0210789
0.0210736
0.0210663
0.021057
0.0210458
0.021033
0.0210187
0.0210033
0.0209867
0.0209692
0.0209511
0.0209324
0.0209134
0.0208941
0.0208749
0.0208559
0.0208377
0.0208209
0.0208065
0.0207958
0.0207895
0.0207881
0.0207916
0.0207891
0.0207801
0.0207719
0.0207656
0.0207619
0.0207613
0.0207642
0.0207704
0.0207799
0.0207925
0.0208079
0.0208261
0.0208493
0.00778138
0.0214204
0.0214028
0.0214075
0.0213085
0.0213041
0.021297
0.0212869
0.0212743
0.0212594
0.0212424
0.0212238
0.0212036
0.0211823
0.02116
0.0211369
0.0211133
0.0210895
0.0210657
0.0210422
0.0210197
0.0209989
0.0209809
0.0209669
0.0209577
0.0209541
0.020957
0.0209559
0.020945
0.0209342
0.0209253
0.0209189
0.0209156
0.0209155
0.0209187
0.0209251
0.0209344
0.0209465
0.0209614
0.0209791
0.00676576
0.0214138
0.0213983
0.0214045
0.0213062
0.0213017
0.0212944
0.0212843
0.0212715
0.0212564
0.0212393
0.0212205
0.0212002
0.0211786
0.021156
0.0211327
0.0211088
0.0210846
0.0210604
0.0210366
0.0210137
0.0209926
0.0209743
0.0209601
0.0209507
0.0209468
0.0209495
0.0209476
0.0209368
0.0209266
0.0209183
0.0209126
0.02091
0.0209107
0.0209146
0.0209217
0.0209317
0.0209446
0.0209601
0.0209784
0.00679301
0.0214184
0.0214026
0.0214087
0.0213102
0.0213056
0.0212981
0.0212878
0.021275
0.0212598
0.0212426
0.0212236
0.0212031
0.0211815
0.0211588
0.0211353
0.0211113
0.021087
0.0210627
0.0210388
0.0210158
0.0209946
0.0209763
0.020962
0.0209526
0.0209486
0.0209513
0.0209494
0.0209387
0.0209284
0.0209202
0.0209146
0.0209121
0.0209128
0.0209168
0.020924
0.0209342
0.0209471
0.0209627
0.0209812
0.00679282
0.0214228
0.0214068
0.0214126
0.0213141
0.0213094
0.0213019
0.0212915
0.0212785
0.0212633
0.021246
0.0212269
0.0212064
0.0211846
0.0211619
0.0211383
0.0211142
0.0210899
0.0210655
0.0210414
0.0210184
0.0209971
0.0209786
0.0209643
0.0209548
0.0209508
0.0209535
0.0209516
0.0209408
0.0209306
0.0209223
0.0209167
0.0209142
0.020915
0.020919
0.0209262
0.0209363
0.0209493
0.0209649
0.0209834
0.00679273
0.0214261
0.02141
0.0214158
0.0213172
0.0213125
0.0213049
0.0212945
0.0212815
0.0212661
0.0212488
0.0212297
0.0212091
0.0211873
0.0211645
0.0211409
0.0211167
0.0210923
0.0210678
0.0210437
0.0210206
0.0209992
0.0209807
0.0209663
0.0209568
0.0209528
0.0209554
0.0209535
0.0209427
0.0209324
0.0209242
0.0209186
0.0209161
0.0209168
0.0209209
0.0209281
0.0209382
0.0209512
0.0209668
0.0209853
0.00679264
0.0214285
0.0214124
0.0214181
0.0213196
0.0213148
0.0213072
0.0212968
0.0212837
0.0212684
0.021251
0.0212318
0.0212112
0.0211894
0.0211665
0.0211428
0.0211186
0.0210941
0.0210696
0.0210455
0.0210223
0.0210009
0.0209824
0.0209679
0.0209583
0.0209543
0.0209569
0.020955
0.0209442
0.0209339
0.0209257
0.0209201
0.0209176
0.0209183
0.0209224
0.0209296
0.0209398
0.0209527
0.0209683
0.0209868
0.00679255
0.0214302
0.0214141
0.0214198
0.0213212
0.0213164
0.0213088
0.0212984
0.0212853
0.02127
0.0212526
0.0212334
0.0212128
0.0211909
0.021168
0.0211443
0.0211201
0.0210955
0.021071
0.0210468
0.0210236
0.0210021
0.0209836
0.0209692
0.0209595
0.0209555
0.0209581
0.0209561
0.0209453
0.0209351
0.0209268
0.0209212
0.0209187
0.0209195
0.0209235
0.0209307
0.0209409
0.0209538
0.0209694
0.0209879
0.00679247
0.0214313
0.0214152
0.0214209
0.0213223
0.0213175
0.02131
0.0212995
0.0212864
0.021271
0.0212536
0.0212345
0.0212138
0.0211919
0.021169
0.0211453
0.0211211
0.0210965
0.0210719
0.0210477
0.0210245
0.021003
0.0209845
0.02097
0.0209604
0.0209563
0.0209589
0.020957
0.0209462
0.0209359
0.0209276
0.020922
0.0209195
0.0209202
0.0209242
0.0209314
0.0209416
0.0209545
0.0209701
0.0209886
0.0067924
0.021432
0.0214159
0.0214215
0.021323
0.0213182
0.0213107
0.0213002
0.0212871
0.0212717
0.0212543
0.0212352
0.0212145
0.0211926
0.0211697
0.021146
0.0211217
0.0210971
0.0210725
0.0210483
0.0210251
0.0210036
0.020985
0.0209706
0.0209609
0.0209569
0.0209594
0.0209575
0.0209467
0.0209364
0.0209281
0.0209225
0.02092
0.0209207
0.0209247
0.0209319
0.020942
0.020955
0.0209706
0.020989
0.00679233
0.0214323
0.0214163
0.0214219
0.0213234
0.0213186
0.0213111
0.0213006
0.0212875
0.0212721
0.0212547
0.0212355
0.0212149
0.021193
0.02117
0.0211463
0.021122
0.0210975
0.0210729
0.0210486
0.0210254
0.0210039
0.0209853
0.0209709
0.0209612
0.0209571
0.0209597
0.0209578
0.020947
0.0209367
0.0209284
0.0209228
0.0209202
0.0209209
0.0209249
0.0209321
0.0209423
0.0209552
0.0209708
0.0209892
0.00679226
0.0214325
0.0214165
0.0214221
0.0213236
0.0213188
0.0213112
0.0213007
0.0212876
0.0212723
0.0212548
0.0212357
0.021215
0.0211931
0.0211701
0.0211464
0.0211221
0.0210975
0.0210729
0.0210487
0.0210254
0.0210039
0.0209854
0.0209709
0.0209612
0.0209572
0.0209597
0.0209578
0.020947
0.0209367
0.0209284
0.0209228
0.0209202
0.0209209
0.0209249
0.0209321
0.0209423
0.0209552
0.0209708
0.0209892
0.0067922
0.0214325
0.0214165
0.0214221
0.0213236
0.0213188
0.0213112
0.0213007
0.0212876
0.0212722
0.0212548
0.0212356
0.0212149
0.021193
0.0211701
0.0211463
0.021122
0.0210975
0.0210729
0.0210486
0.0210254
0.0210039
0.0209853
0.0209708
0.0209611
0.020957
0.0209596
0.0209576
0.0209468
0.0209365
0.0209282
0.0209226
0.0209201
0.0209208
0.0209248
0.0209319
0.0209421
0.020955
0.0209706
0.020989
0.00679215
0.0214326
0.0214165
0.0214221
0.0213236
0.0213188
0.0213112
0.0213007
0.0212876
0.0212722
0.0212548
0.0212356
0.0212149
0.021193
0.02117
0.0211463
0.021122
0.0210974
0.0210728
0.0210486
0.0210253
0.0210038
0.0209852
0.0209707
0.020961
0.0209569
0.0209595
0.0209575
0.0209467
0.0209364
0.0209281
0.0209225
0.02092
0.0209207
0.0209246
0.0209318
0.0209419
0.0209548
0.0209704
0.0209888
0.0067921
0.0214326
0.0214166
0.0214222
0.0213237
0.0213189
0.0213113
0.0213008
0.0212877
0.0212722
0.0212548
0.0212356
0.0212149
0.021193
0.02117
0.0211463
0.021122
0.0210974
0.0210728
0.0210486
0.0210253
0.0210038
0.0209852
0.0209707
0.020961
0.0209569
0.0209595
0.0209575
0.0209467
0.0209364
0.0209281
0.0209225
0.0209199
0.0209206
0.0209246
0.0209317
0.0209419
0.0209548
0.0209703
0.0209888
0.00679205
0.0214328
0.0214167
0.0214224
0.0213238
0.021319
0.0213114
0.0213009
0.0212878
0.0212724
0.0212549
0.0212358
0.0212151
0.0211931
0.0211702
0.0211464
0.0211221
0.0210975
0.0210729
0.0210487
0.0210253
0.0210038
0.0209852
0.0209707
0.020961
0.0209569
0.0209595
0.0209575
0.0209467
0.0209364
0.020928
0.0209224
0.0209198
0.0209205
0.0209245
0.0209317
0.0209418
0.0209548
0.0209703
0.0209888
0.00679202
0.021433
0.0214169
0.0214226
0.021324
0.0213192
0.0213116
0.0213011
0.021288
0.0212725
0.0212551
0.0212359
0.0212152
0.0211932
0.0211702
0.0211465
0.0211222
0.0210976
0.0210729
0.0210487
0.0210254
0.0210038
0.0209852
0.0209707
0.020961
0.0209569
0.0209594
0.0209575
0.0209466
0.0209363
0.020928
0.0209223
0.0209198
0.0209205
0.0209245
0.0209317
0.0209418
0.0209547
0.0209703
0.0209887
0.00679199
0.0214332
0.0214171
0.0214227
0.0213242
0.0213193
0.0213117
0.0213012
0.0212881
0.0212726
0.0212552
0.0212359
0.0212152
0.0211932
0.0211702
0.0211465
0.0211222
0.0210975
0.0210729
0.0210487
0.0210253
0.0210038
0.0209852
0.0209707
0.0209609
0.0209568
0.0209593
0.0209574
0.0209465
0.0209362
0.0209279
0.0209223
0.0209197
0.0209205
0.0209245
0.0209316
0.0209417
0.0209546
0.0209702
0.0209886
0.00679196
0.0214333
0.0214172
0.0214228
0.0213243
0.0213194
0.0213118
0.0213012
0.0212881
0.0212726
0.0212552
0.0212359
0.0212152
0.0211932
0.0211702
0.0211464
0.0211221
0.0210975
0.0210729
0.0210486
0.0210253
0.0210037
0.0209851
0.0209706
0.0209608
0.0209567
0.0209592
0.0209573
0.0209464
0.0209361
0.0209279
0.0209223
0.0209197
0.0209204
0.0209244
0.0209315
0.0209417
0.0209546
0.0209701
0.0209886
0.00679194
0.0214333
0.0214172
0.0214228
0.0213242
0.0213194
0.0213117
0.0213012
0.0212881
0.0212726
0.0212551
0.0212359
0.0212152
0.0211932
0.0211702
0.0211464
0.0211221
0.0210974
0.0210728
0.0210485
0.0210252
0.0210036
0.020985
0.0209705
0.0209607
0.0209566
0.0209592
0.0209573
0.0209464
0.0209362
0.0209279
0.0209222
0.0209197
0.0209204
0.0209244
0.0209315
0.0209416
0.0209545
0.0209701
0.0209885
0.00679193
0.0214333
0.0214172
0.0214228
0.0213242
0.0213193
0.0213117
0.0213011
0.021288
0.0212726
0.0212551
0.0212359
0.0212151
0.0211931
0.0211701
0.0211464
0.021122
0.0210974
0.0210728
0.0210485
0.0210252
0.0210036
0.020985
0.0209705
0.0209607
0.0209567
0.0209593
0.0209573
0.0209465
0.0209362
0.0209279
0.0209223
0.0209197
0.0209204
0.0209244
0.0209316
0.0209417
0.0209546
0.0209702
0.0209886
0.00679192
0.0214332
0.0214171
0.0214227
0.0213241
0.0213192
0.0213116
0.0213011
0.021288
0.0212725
0.0212551
0.0212358
0.0212151
0.0211931
0.0211701
0.0211464
0.021122
0.0210974
0.0210728
0.0210486
0.0210252
0.0210037
0.0209851
0.0209706
0.0209609
0.0209568
0.0209594
0.0209574
0.0209466
0.0209363
0.020928
0.0209224
0.0209199
0.0209206
0.0209246
0.0209317
0.0209419
0.0209548
0.0209704
0.0209888
0.00679191
0.021433
0.021417
0.0214226
0.021324
0.0213192
0.0213115
0.021301
0.0212879
0.0212725
0.021255
0.0212358
0.0212151
0.0211931
0.0211701
0.0211463
0.021122
0.0210974
0.0210728
0.0210486
0.0210253
0.0210038
0.0209852
0.0209707
0.020961
0.0209569
0.0209594
0.0209575
0.0209466
0.0209364
0.0209281
0.0209225
0.02092
0.0209207
0.0209247
0.0209319
0.020942
0.0209549
0.0209705
0.020989
0.00679191
0.0214329
0.0214169
0.0214225
0.0213239
0.0213191
0.0213115
0.021301
0.0212879
0.0212724
0.021255
0.0212358
0.021215
0.0211931
0.0211701
0.0211463
0.021122
0.0210974
0.0210728
0.0210486
0.0210253
0.0210038
0.0209852
0.0209707
0.020961
0.0209569
0.0209595
0.0209575
0.0209467
0.0209365
0.0209282
0.0209226
0.0209201
0.0209208
0.0209248
0.020932
0.0209421
0.0209551
0.0209707
0.0209891
0.00679192
0.0214329
0.0214169
0.0214225
0.021324
0.0213191
0.0213115
0.021301
0.0212879
0.0212725
0.021255
0.0212358
0.0212151
0.0211931
0.0211702
0.0211464
0.0211221
0.0210975
0.0210729
0.0210487
0.0210254
0.0210039
0.0209854
0.0209709
0.0209612
0.0209571
0.0209597
0.0209578
0.020947
0.0209367
0.0209284
0.0209228
0.0209203
0.020921
0.020925
0.0209322
0.0209424
0.0209553
0.0209709
0.0209894
0.00679193
0.0214329
0.0214169
0.0214225
0.021324
0.0213192
0.0213116
0.0213011
0.021288
0.0212726
0.0212552
0.021236
0.0212153
0.0211933
0.0211704
0.0211467
0.0211224
0.0210978
0.0210732
0.021049
0.0210257
0.0210042
0.0209857
0.0209712
0.0209615
0.0209574
0.0209601
0.0209582
0.0209473
0.020937
0.0209287
0.0209231
0.0209206
0.0209214
0.0209254
0.0209326
0.0209427
0.0209557
0.0209712
0.0209897
0.00679196
0.021433
0.021417
0.0214226
0.0213241
0.0213193
0.0213117
0.0213013
0.0212882
0.0212728
0.0212554
0.0212362
0.0212155
0.0211936
0.0211706
0.0211469
0.0211226
0.0210981
0.0210735
0.0210493
0.021026
0.0210045
0.020986
0.0209715
0.0209618
0.0209578
0.0209604
0.0209584
0.0209476
0.0209373
0.020929
0.0209235
0.020921
0.0209217
0.0209258
0.0209329
0.0209431
0.020956
0.0209716
0.02099
0.00679198
0.021433
0.021417
0.0214226
0.0213242
0.0213194
0.0213118
0.0213013
0.0212882
0.0212729
0.0212555
0.0212363
0.0212156
0.0211937
0.0211707
0.021147
0.0211228
0.0210982
0.0210736
0.0210494
0.0210262
0.0210047
0.0209861
0.0209717
0.0209621
0.020958
0.0209606
0.0209586
0.0209478
0.0209376
0.0209294
0.0209238
0.0209213
0.0209221
0.0209261
0.0209333
0.0209434
0.0209564
0.020972
0.0209904
0.006792
0.0214328
0.0214168
0.0214225
0.0213241
0.0213193
0.0213117
0.0213013
0.0212882
0.0212728
0.0212554
0.0212363
0.0212156
0.0211937
0.0211708
0.0211471
0.0211228
0.0210983
0.0210737
0.0210495
0.0210263
0.0210048
0.0209863
0.0209719
0.0209623
0.0209582
0.0209608
0.0209589
0.0209482
0.020938
0.0209298
0.0209242
0.0209217
0.0209225
0.0209265
0.0209337
0.0209439
0.0209569
0.0209725
0.020991
0.00679204
0.0214325
0.0214166
0.0214223
0.0213239
0.0213191
0.0213116
0.0213011
0.0212881
0.0212727
0.0212554
0.0212362
0.0212156
0.0211937
0.0211708
0.0211472
0.0211229
0.0210984
0.0210738
0.0210497
0.0210264
0.021005
0.0209865
0.0209721
0.0209625
0.0209585
0.0209611
0.0209593
0.0209486
0.0209384
0.0209302
0.0209246
0.0209221
0.0209229
0.020927
0.0209342
0.0209444
0.0209574
0.0209731
0.0209916
0.00679209
0.021432
0.0214161
0.0214218
0.0213234
0.0213187
0.0213111
0.0213007
0.0212877
0.0212724
0.021255
0.0212359
0.0212154
0.0211935
0.0211706
0.021147
0.0211228
0.0210982
0.0210737
0.0210496
0.0210264
0.021005
0.0209865
0.0209721
0.0209625
0.0209585
0.0209612
0.0209594
0.0209486
0.0209384
0.0209301
0.0209245
0.0209221
0.0209229
0.020927
0.0209342
0.0209445
0.0209575
0.0209731
0.0209916
0.00679213
0.0214312
0.0214152
0.021421
0.0213225
0.0213178
0.0213103
0.0212999
0.0212869
0.0212716
0.0212543
0.0212353
0.0212147
0.0211929
0.02117
0.0211463
0.0211221
0.0210976
0.0210731
0.021049
0.0210258
0.0210044
0.0209859
0.0209715
0.020962
0.020958
0.0209606
0.0209587
0.0209479
0.0209376
0.0209293
0.0209238
0.0209213
0.0209221
0.0209262
0.0209334
0.0209436
0.0209566
0.0209722
0.0209907
0.00679221
0.0214297
0.0214138
0.0214195
0.0213211
0.0213164
0.0213089
0.0212985
0.0212855
0.0212702
0.0212529
0.0212339
0.0212133
0.0211915
0.0211686
0.0211449
0.0211207
0.0210962
0.0210717
0.0210475
0.0210244
0.021003
0.0209845
0.0209701
0.0209605
0.0209565
0.0209591
0.0209572
0.0209463
0.020936
0.0209278
0.0209223
0.0209199
0.0209206
0.0209247
0.0209319
0.0209421
0.0209551
0.0209707
0.0209892
0.0067923
0.0214274
0.0214114
0.0214171
0.0213187
0.021314
0.0213065
0.0212961
0.0212831
0.0212678
0.0212505
0.0212314
0.0212108
0.021189
0.0211661
0.0211424
0.0211183
0.0210938
0.0210693
0.0210452
0.0210221
0.0210007
0.0209823
0.0209679
0.0209584
0.0209544
0.020957
0.0209551
0.0209443
0.0209341
0.0209259
0.0209204
0.0209179
0.0209187
0.0209228
0.02093
0.0209403
0.0209533
0.0209689
0.0209874
0.00679239
0.0214237
0.0214077
0.0214133
0.0213149
0.0213101
0.0213026
0.0212921
0.0212791
0.0212638
0.0212465
0.0212275
0.0212069
0.0211851
0.0211623
0.0211388
0.0211147
0.0210903
0.0210659
0.0210419
0.0210188
0.0209975
0.0209792
0.0209649
0.0209554
0.0209515
0.0209541
0.0209523
0.0209416
0.0209314
0.0209232
0.0209176
0.0209152
0.020916
0.0209201
0.0209273
0.0209375
0.0209505
0.0209661
0.0209846
0.00679253
0.0214179
0.0214017
0.0214074
0.0213088
0.021304
0.0212964
0.021286
0.0212729
0.0212576
0.0212404
0.0212214
0.0212009
0.0211792
0.0211565
0.0211331
0.0211091
0.0210848
0.0210605
0.0210366
0.0210137
0.0209926
0.0209743
0.0209602
0.0209508
0.0209469
0.0209496
0.0209478
0.020937
0.0209268
0.0209186
0.020913
0.0209106
0.0209114
0.0209154
0.0209226
0.0209328
0.0209458
0.0209614
0.0209799
0.00679268
0.021409
0.0213928
0.0213983
0.0212997
0.0212947
0.0212871
0.0212766
0.0212636
0.0212483
0.0212311
0.0212121
0.0211918
0.0211702
0.0211476
0.0211243
0.0211005
0.0210763
0.0210522
0.0210285
0.0210058
0.0209848
0.0209668
0.0209529
0.0209436
0.0209399
0.0209426
0.0209407
0.0209299
0.0209197
0.0209115
0.0209059
0.0209035
0.0209042
0.0209083
0.0209155
0.0209257
0.0209386
0.0209542
0.0209727
0.00679294
0.0213957
0.0213792
0.0213845
0.0212856
0.0212805
0.0212727
0.0212621
0.0212491
0.0212338
0.0212166
0.0211978
0.0211775
0.0211561
0.0211337
0.0211106
0.021087
0.0210631
0.0210393
0.0210159
0.0209935
0.0209729
0.0209551
0.0209414
0.0209324
0.0209287
0.0209314
0.0209295
0.0209186
0.0209083
0.0209
0.0208944
0.0208918
0.0208925
0.0208965
0.0209036
0.0209137
0.0209266
0.0209422
0.0209606
0.00679322
0.0213755
0.0213583
0.0213631
0.0212638
0.0212582
0.0212501
0.0212393
0.0212261
0.0212108
0.0211937
0.0211749
0.0211548
0.0211336
0.0211115
0.0210887
0.0210655
0.0210421
0.0210187
0.0209958
0.0209739
0.0209537
0.0209364
0.0209231
0.0209144
0.0209109
0.0209136
0.0209115
0.0209005
0.0208901
0.0208817
0.0208759
0.0208732
0.0208738
0.0208776
0.0208846
0.0208946
0.0209074
0.0209227
0.020941
0.0067937
0.0213439
0.0213257
0.0213294
0.0212293
0.0212232
0.0212146
0.0212034
0.0211901
0.0211747
0.0211576
0.0211391
0.0211193
0.0210985
0.0210769
0.0210548
0.0210323
0.0210096
0.0209871
0.0209651
0.0209441
0.0209248
0.0209083
0.0208957
0.0208875
0.0208845
0.0208873
0.0208851
0.020874
0.0208634
0.0208548
0.0208489
0.020846
0.0208465
0.0208501
0.0208569
0.0208668
0.0208793
0.0208944
0.0209125
0.00679449
0.0213015
0.0212795
0.0212804
0.0211787
0.0211719
0.021163
0.0211517
0.0211384
0.0211233
0.0211066
0.0210887
0.0210697
0.0210498
0.0210293
0.0210083
0.0209871
0.0209658
0.0209448
0.0209242
0.0209047
0.0208869
0.0208718
0.0208602
0.0208529
0.0208504
0.0208535
0.0208519
0.0208405
0.0208293
0.02082
0.0208132
0.0208095
0.020809
0.0208118
0.0208177
0.0208266
0.0208382
0.0208525
0.0208699
0.00676827
0.0215343
0.021527
0.0215283
0.0214209
0.0214146
0.0214052
0.0213925
0.0213771
0.0213592
0.0213392
0.0213175
0.0212943
0.02127
0.0212448
0.021219
0.0211929
0.0211667
0.0211409
0.0211158
0.0210919
0.0210701
0.0210513
0.0210364
0.0210263
0.0210215
0.0210233
0.0210235
0.0210111
0.0209967
0.0209843
0.0209745
0.0209677
0.020964
0.0209635
0.0209661
0.0209717
0.0209799
0.0209907
0.0210021
0.00589429
0.0215272
0.021522
0.0215249
0.0214183
0.0214118
0.0214022
0.0213895
0.0213739
0.0213559
0.0213358
0.0213139
0.0212905
0.0212659
0.0212404
0.0212143
0.0211879
0.0211614
0.0211351
0.0211096
0.0210853
0.021063
0.0210439
0.0210287
0.0210182
0.0210131
0.0210147
0.021014
0.0210014
0.0209877
0.020976
0.020967
0.0209609
0.0209581
0.0209584
0.0209618
0.0209681
0.0209771
0.0209886
0.0210007
0.0059177
0.0215319
0.0215264
0.0215292
0.0214224
0.0214158
0.021406
0.0213932
0.0213775
0.0213593
0.021339
0.021317
0.0212935
0.0212688
0.0212432
0.021217
0.0211905
0.0211638
0.0211375
0.0211118
0.0210874
0.0210651
0.0210459
0.0210306
0.0210201
0.0210149
0.0210164
0.0210158
0.0210032
0.0209895
0.0209779
0.0209689
0.020963
0.0209602
0.0209606
0.0209641
0.0209705
0.0209796
0.0209913
0.0210034
0.00591751
0.0215364
0.0215307
0.0215332
0.0214264
0.0214197
0.0214099
0.0213969
0.0213811
0.0213629
0.0213425
0.0213204
0.0212968
0.021272
0.0212464
0.0212201
0.0211934
0.0211667
0.0211402
0.0211144
0.02109
0.0210676
0.0210483
0.021033
0.0210223
0.0210172
0.0210186
0.0210179
0.0210053
0.0209917
0.02098
0.0209711
0.0209651
0.0209624
0.0209628
0.0209663
0.0209727
0.0209818
0.0209935
0.0210056
0.00591743
0.0215398
0.021534
0.0215365
0.0214296
0.0214229
0.021413
0.0214
0.0213841
0.0213659
0.0213454
0.0213233
0.0212996
0.0212748
0.021249
0.0212227
0.0211959
0.0211691
0.0211426
0.0211167
0.0210922
0.0210697
0.0210503
0.021035
0.0210243
0.0210191
0.0210205
0.0210198
0.0210073
0.0209935
0.0209819
0.0209729
0.020967
0.0209643
0.0209647
0.0209682
0.0209746
0.0209837
0.0209954
0.0210076
0.00591734
0.0215423
0.0215365
0.0215389
0.021432
0.0214252
0.0214154
0.0214023
0.0213864
0.0213681
0.0213477
0.0213254
0.0213017
0.0212769
0.0212511
0.0212247
0.0211979
0.021171
0.0211444
0.0211186
0.0210939
0.0210714
0.021052
0.0210366
0.0210259
0.0210207
0.0210221
0.0210214
0.0210088
0.0209951
0.0209834
0.0209745
0.0209685
0.0209658
0.0209662
0.0209697
0.0209761
0.0209852
0.0209969
0.0210091
0.00591726
0.021544
0.0215382
0.0215406
0.0214337
0.0214269
0.021417
0.021404
0.0213881
0.0213697
0.0213493
0.021327
0.0213033
0.0212784
0.0212526
0.0212261
0.0211993
0.0211724
0.0211458
0.0211199
0.0210953
0.0210727
0.0210533
0.0210379
0.0210271
0.0210218
0.0210232
0.0210225
0.0210099
0.0209962
0.0209846
0.0209756
0.0209697
0.0209669
0.0209673
0.0209708
0.0209772
0.0209863
0.020998
0.0210102
0.00591718
0.0215451
0.0215393
0.0215417
0.0214348
0.0214281
0.0214182
0.0214051
0.0213892
0.0213709
0.0213504
0.0213281
0.0213044
0.0212795
0.0212536
0.0212272
0.0212003
0.0211734
0.0211468
0.0211208
0.0210962
0.0210736
0.0210542
0.0210387
0.021028
0.0210227
0.0210241
0.0210234
0.0210108
0.020997
0.0209854
0.0209764
0.0209705
0.0209677
0.0209681
0.0209716
0.020978
0.0209871
0.0209987
0.0210109
0.00591711
0.0215458
0.0215401
0.0215424
0.0214356
0.0214288
0.0214189
0.0214058
0.0213899
0.0213716
0.0213511
0.0213288
0.0213051
0.0212802
0.0212543
0.0212278
0.021201
0.0211741
0.0211474
0.0211214
0.0210968
0.0210742
0.0210548
0.0210393
0.0210286
0.0210233
0.0210247
0.021024
0.0210113
0.0209976
0.0209859
0.0209769
0.020971
0.0209682
0.0209686
0.0209721
0.0209784
0.0209875
0.0209992
0.0210113
0.00591705
0.0215462
0.0215405
0.0215428
0.021436
0.0214292
0.0214193
0.0214062
0.0213903
0.021372
0.0213515
0.0213292
0.0213055
0.0212805
0.0212547
0.0212282
0.0212013
0.0211744
0.0211477
0.0211218
0.0210971
0.0210745
0.0210551
0.0210396
0.0210289
0.0210236
0.021025
0.0210242
0.0210116
0.0209979
0.0209862
0.0209772
0.0209712
0.0209684
0.0209688
0.0209723
0.0209787
0.0209878
0.0209994
0.0210116
0.00591699
0.0215464
0.0215406
0.021543
0.0214361
0.0214293
0.0214194
0.0214064
0.0213905
0.0213721
0.0213516
0.0213293
0.0213056
0.0212806
0.0212548
0.0212283
0.0212014
0.0211745
0.0211478
0.0211218
0.0210971
0.0210746
0.0210551
0.0210397
0.0210289
0.0210236
0.021025
0.0210242
0.0210116
0.0209979
0.0209862
0.0209772
0.0209712
0.0209685
0.0209688
0.0209723
0.0209787
0.0209878
0.0209994
0.0210116
0.00591693
0.0215464
0.0215407
0.021543
0.0214362
0.0214294
0.0214194
0.0214064
0.0213904
0.0213721
0.0213516
0.0213293
0.0213056
0.0212806
0.0212547
0.0212282
0.0212014
0.0211744
0.0211477
0.0211218
0.0210971
0.0210745
0.021055
0.0210396
0.0210288
0.0210235
0.0210248
0.0210241
0.0210114
0.0209977
0.020986
0.0209771
0.0209711
0.0209683
0.0209687
0.0209722
0.0209785
0.0209876
0.0209992
0.0210114
0.00591688
0.0215464
0.0215407
0.021543
0.0214362
0.0214293
0.0214194
0.0214063
0.0213904
0.021372
0.0213515
0.0213293
0.0213055
0.0212805
0.0212547
0.0212282
0.0212013
0.0211744
0.0211477
0.0211217
0.021097
0.0210744
0.0210549
0.0210395
0.0210286
0.0210233
0.0210247
0.021024
0.0210113
0.0209976
0.0209859
0.0209769
0.020971
0.0209682
0.0209685
0.020972
0.0209784
0.0209874
0.0209991
0.0210112
0.00591684
0.0215465
0.0215407
0.0215431
0.0214362
0.0214294
0.0214195
0.0214064
0.0213905
0.0213721
0.0213516
0.0213293
0.0213055
0.0212806
0.0212547
0.0212282
0.0212013
0.0211744
0.0211477
0.0211217
0.021097
0.0210744
0.0210549
0.0210394
0.0210286
0.0210233
0.0210247
0.021024
0.0210113
0.0209976
0.0209859
0.0209769
0.0209709
0.0209681
0.0209685
0.0209719
0.0209783
0.0209873
0.020999
0.0210111
0.0059168
0.0215466
0.0215409
0.0215432
0.0214364
0.0214295
0.0214196
0.0214065
0.0213906
0.0213722
0.0213517
0.0213294
0.0213057
0.0212807
0.0212548
0.0212283
0.0212014
0.0211745
0.0211478
0.0211218
0.0210971
0.0210744
0.0210549
0.0210395
0.0210287
0.0210234
0.0210247
0.021024
0.0210113
0.0209976
0.0209859
0.0209768
0.0209708
0.020968
0.0209684
0.0209719
0.0209782
0.0209873
0.020999
0.0210111
0.00591676
0.0215469
0.0215411
0.0215434
0.0214365
0.0214297
0.0214198
0.0214067
0.0213907
0.0213724
0.0213518
0.0213295
0.0213058
0.0212808
0.0212549
0.0212284
0.0212015
0.0211745
0.0211478
0.0211218
0.0210971
0.0210744
0.0210549
0.0210395
0.0210287
0.0210233
0.0210247
0.0210239
0.0210113
0.0209975
0.0209858
0.0209768
0.0209708
0.020968
0.0209684
0.0209718
0.0209782
0.0209873
0.0209989
0.021011
0.00591673
0.021547
0.0215413
0.0215436
0.0214367
0.0214299
0.0214199
0.0214068
0.0213908
0.0213724
0.0213519
0.0213296
0.0213058
0.0212808
0.0212549
0.0212284
0.0212015
0.0211745
0.0211478
0.0211218
0.021097
0.0210744
0.0210549
0.0210394
0.0210286
0.0210233
0.0210246
0.0210238
0.0210111
0.0209974
0.0209857
0.0209767
0.0209707
0.020968
0.0209683
0.0209718
0.0209782
0.0209872
0.0209989
0.021011
0.0059167
0.0215471
0.0215414
0.0215437
0.0214368
0.0214299
0.02142
0.0214068
0.0213909
0.0213725
0.0213519
0.0213296
0.0213058
0.0212808
0.0212549
0.0212283
0.0212014
0.0211744
0.0211477
0.0211217
0.021097
0.0210743
0.0210548
0.0210393
0.0210285
0.0210232
0.0210245
0.0210237
0.0210111
0.0209973
0.0209857
0.0209767
0.0209707
0.0209679
0.0209683
0.0209717
0.0209781
0.0209871
0.0209988
0.0210109
0.00591669
0.0215472
0.0215414
0.0215437
0.0214368
0.0214299
0.0214199
0.0214068
0.0213908
0.0213724
0.0213519
0.0213296
0.0213058
0.0212807
0.0212548
0.0212283
0.0212014
0.0211744
0.0211477
0.0211217
0.0210969
0.0210743
0.0210547
0.0210392
0.0210284
0.0210231
0.0210244
0.0210237
0.0210111
0.0209974
0.0209857
0.0209767
0.0209707
0.0209679
0.0209683
0.0209717
0.020978
0.0209871
0.0209988
0.0210109
0.00591667
0.0215471
0.0215413
0.0215436
0.0214367
0.0214298
0.0214199
0.0214067
0.0213908
0.0213724
0.0213518
0.0213295
0.0213057
0.0212807
0.0212548
0.0212282
0.0212013
0.0211744
0.0211477
0.0211216
0.0210969
0.0210743
0.0210547
0.0210392
0.0210284
0.0210231
0.0210245
0.0210238
0.0210111
0.0209974
0.0209857
0.0209767
0.0209707
0.0209679
0.0209683
0.0209717
0.0209781
0.0209872
0.0209988
0.021011
0.00591666
0.021547
0.0215412
0.0215435
0.0214366
0.0214298
0.0214198
0.0214067
0.0213907
0.0213723
0.0213518
0.0213295
0.0213057
0.0212807
0.0212548
0.0212282
0.0212013
0.0211744
0.0211477
0.0211217
0.021097
0.0210743
0.0210548
0.0210393
0.0210285
0.0210232
0.0210246
0.0210239
0.0210112
0.0209975
0.0209858
0.0209768
0.0209708
0.0209681
0.0209684
0.0209719
0.0209783
0.0209874
0.020999
0.0210111
0.00591666
0.0215469
0.0215411
0.0215434
0.0214365
0.0214297
0.0214197
0.0214066
0.0213907
0.0213723
0.0213518
0.0213295
0.0213057
0.0212807
0.0212548
0.0212282
0.0212013
0.0211744
0.0211477
0.0211217
0.021097
0.0210744
0.0210549
0.0210395
0.0210287
0.0210233
0.0210247
0.0210239
0.0210113
0.0209976
0.0209859
0.0209769
0.020971
0.0209682
0.0209686
0.0209721
0.0209785
0.0209875
0.0209992
0.0210113
0.00591666
0.0215468
0.021541
0.0215433
0.0214365
0.0214296
0.0214197
0.0214066
0.0213907
0.0213723
0.0213518
0.0213294
0.0213056
0.0212806
0.0212547
0.0212282
0.0212013
0.0211744
0.0211477
0.0211217
0.021097
0.0210744
0.0210549
0.0210395
0.0210287
0.0210234
0.0210247
0.021024
0.0210114
0.0209977
0.020986
0.0209771
0.0209711
0.0209684
0.0209687
0.0209722
0.0209786
0.0209877
0.0209993
0.0210115
0.00591667
0.0215468
0.021541
0.0215433
0.0214365
0.0214297
0.0214197
0.0214066
0.0213907
0.0213723
0.0213518
0.0213295
0.0213057
0.0212807
0.0212548
0.0212283
0.0212015
0.0211745
0.0211479
0.0211219
0.0210972
0.0210746
0.0210551
0.0210397
0.0210289
0.0210236
0.0210249
0.0210242
0.0210116
0.0209979
0.0209862
0.0209773
0.0209713
0.0209685
0.0209689
0.0209724
0.0209788
0.0209879
0.0209996
0.0210117
0.00591668
0.0215468
0.0215411
0.0215434
0.0214366
0.0214298
0.0214198
0.0214067
0.0213908
0.0213725
0.021352
0.0213297
0.0213059
0.0212809
0.0212551
0.0212286
0.0212017
0.0211748
0.0211482
0.0211222
0.0210975
0.0210749
0.0210554
0.02104
0.0210292
0.0210239
0.0210253
0.0210246
0.021012
0.0209982
0.0209865
0.0209776
0.0209716
0.0209689
0.0209693
0.0209728
0.0209792
0.0209883
0.0209999
0.021012
0.0059167
0.0215469
0.0215412
0.0215435
0.0214367
0.0214299
0.02142
0.0214069
0.021391
0.0213726
0.0213522
0.0213299
0.0213061
0.0212812
0.0212553
0.0212288
0.021202
0.0211751
0.0211484
0.0211225
0.0210978
0.0210752
0.0210557
0.0210403
0.0210295
0.0210243
0.0210256
0.0210249
0.0210122
0.0209985
0.0209869
0.0209779
0.020972
0.0209693
0.0209697
0.0209732
0.0209795
0.0209886
0.0210003
0.0210124
0.00591672
0.0215469
0.0215412
0.0215435
0.0214367
0.0214299
0.02142
0.021407
0.0213911
0.0213727
0.0213523
0.02133
0.0213062
0.0212813
0.0212554
0.021229
0.0212021
0.0211752
0.0211486
0.0211226
0.0210979
0.0210754
0.0210559
0.0210405
0.0210297
0.0210245
0.0210258
0.0210251
0.0210125
0.0209988
0.0209872
0.0209783
0.0209724
0.0209696
0.02097
0.0209735
0.0209799
0.020989
0.0210006
0.0210128
0.00591676
0.0215467
0.0215411
0.0215435
0.0214366
0.0214299
0.02142
0.0214069
0.0213911
0.0213727
0.0213523
0.02133
0.0213063
0.0212813
0.0212555
0.021229
0.0212022
0.0211753
0.0211487
0.0211227
0.0210981
0.0210755
0.0210561
0.0210407
0.02103
0.0210247
0.021026
0.0210254
0.0210128
0.0209992
0.0209876
0.0209787
0.0209727
0.02097
0.0209704
0.0209739
0.0209803
0.0209895
0.0210012
0.0210133
0.00591679
0.0215465
0.0215408
0.0215432
0.0214364
0.0214297
0.0214198
0.0214068
0.0213909
0.0213726
0.0213522
0.02133
0.0213063
0.0212814
0.0212555
0.0212291
0.0212023
0.0211754
0.0211488
0.0211228
0.0210982
0.0210757
0.0210563
0.0210409
0.0210302
0.0210249
0.0210264
0.0210258
0.0210132
0.0209996
0.020988
0.020979
0.0209731
0.0209704
0.0209708
0.0209744
0.0209808
0.02099
0.0210017
0.0210139
0.00591682
0.021546
0.0215403
0.0215428
0.021436
0.0214293
0.0214194
0.0214064
0.0213906
0.0213723
0.0213519
0.0213297
0.021306
0.0212811
0.0212554
0.0212289
0.0212021
0.0211753
0.0211486
0.0211227
0.0210981
0.0210756
0.0210563
0.0210409
0.0210302
0.021025
0.0210265
0.0210258
0.0210133
0.0209995
0.0209879
0.020979
0.0209731
0.0209704
0.0209709
0.0209744
0.0209809
0.02099
0.0210018
0.0210139
0.00591688
0.0215451
0.0215395
0.0215419
0.0214351
0.0214284
0.0214186
0.0214056
0.0213898
0.0213715
0.0213512
0.021329
0.0213054
0.0212805
0.0212547
0.0212283
0.0212015
0.0211746
0.021148
0.0211221
0.0210975
0.021075
0.0210557
0.0210403
0.0210296
0.0210244
0.0210258
0.0210252
0.0210125
0.0209987
0.0209871
0.0209782
0.0209723
0.0209696
0.0209701
0.0209736
0.02098
0.0209892
0.0210009
0.021013
0.00591694
0.0215436
0.021538
0.0215404
0.0214336
0.0214269
0.0214171
0.0214041
0.0213884
0.0213701
0.0213498
0.0213276
0.0213039
0.0212791
0.0212533
0.0212268
0.0212
0.0211732
0.0211466
0.0211207
0.0210961
0.0210736
0.0210542
0.0210389
0.0210282
0.0210229
0.0210243
0.0210236
0.0210109
0.0209972
0.0209856
0.0209767
0.0209709
0.0209681
0.0209686
0.0209721
0.0209786
0.0209877
0.0209994
0.0210115
0.00591703
0.0215412
0.0215355
0.021538
0.0214312
0.0214245
0.0214147
0.0214017
0.0213859
0.0213676
0.0213472
0.0213251
0.0213014
0.0212765
0.0212507
0.0212243
0.0211976
0.0211707
0.0211442
0.0211183
0.0210938
0.0210713
0.021052
0.0210367
0.021026
0.0210208
0.0210222
0.0210215
0.0210089
0.0209953
0.0209837
0.0209748
0.0209689
0.0209662
0.0209667
0.0209702
0.0209767
0.0209858
0.0209976
0.0210098
0.00591712
0.0215374
0.0215317
0.021534
0.0214272
0.0214205
0.0214106
0.0213976
0.0213818
0.0213635
0.0213432
0.021321
0.0212974
0.0212726
0.0212469
0.0212206
0.0211939
0.0211672
0.0211407
0.0211149
0.0210905
0.0210681
0.0210488
0.0210336
0.021023
0.0210179
0.0210193
0.0210187
0.0210061
0.0209925
0.0209809
0.020972
0.0209661
0.0209634
0.0209639
0.0209675
0.0209739
0.0209831
0.0209948
0.021007
0.00591727
0.0215313
0.0215255
0.0215278
0.021421
0.0214141
0.0214043
0.0213912
0.0213754
0.0213572
0.0213368
0.0213148
0.0212912
0.0212665
0.021241
0.0212148
0.0211882
0.0211616
0.0211352
0.0211096
0.0210853
0.021063
0.0210439
0.0210288
0.0210184
0.0210133
0.0210148
0.0210141
0.0210016
0.0209879
0.0209763
0.0209674
0.0209615
0.0209588
0.0209593
0.0209628
0.0209692
0.0209783
0.02099
0.0210022
0.0059174
0.0215221
0.0215161
0.0215183
0.0214114
0.0214045
0.0213945
0.0213815
0.0213657
0.0213475
0.0213272
0.0213052
0.0212818
0.0212573
0.0212318
0.0212057
0.0211793
0.0211529
0.0211267
0.0211013
0.0210772
0.0210552
0.0210363
0.0210214
0.0210111
0.0210061
0.0210077
0.021007
0.0209944
0.0209808
0.0209691
0.0209602
0.0209543
0.0209516
0.0209521
0.0209556
0.020962
0.0209711
0.0209828
0.020995
0.00591757
0.021508
0.0215017
0.0215038
0.0213966
0.0213895
0.0213795
0.0213663
0.0213505
0.0213323
0.0213122
0.0212903
0.021267
0.0212426
0.0212174
0.0211916
0.0211655
0.0211393
0.0211135
0.0210884
0.0210646
0.021043
0.0210244
0.0210097
0.0209996
0.0209948
0.0209964
0.0209957
0.020983
0.0209693
0.0209576
0.0209486
0.0209426
0.0209398
0.0209402
0.0209437
0.02095
0.0209591
0.0209707
0.0209828
0.00591789
0.0214864
0.0214795
0.0214811
0.0213734
0.021366
0.0213556
0.0213423
0.0213264
0.0213083
0.0212882
0.0212665
0.0212434
0.0212193
0.0211944
0.021169
0.0211433
0.0211177
0.0210923
0.0210678
0.0210446
0.0210234
0.0210053
0.0209911
0.0209813
0.0209768
0.0209784
0.0209776
0.0209648
0.0209509
0.0209392
0.02093
0.0209239
0.020921
0.0209213
0.0209246
0.0209309
0.0209398
0.0209513
0.0209633
0.00591831
0.0214526
0.0214446
0.0214451
0.0213368
0.0213288
0.021318
0.0213045
0.0212885
0.0212704
0.0212505
0.0212291
0.0212064
0.0211829
0.0211586
0.0211339
0.021109
0.0210843
0.0210599
0.0210363
0.021014
0.0209938
0.0209766
0.0209631
0.020954
0.02095
0.0209519
0.0209509
0.020938
0.020924
0.0209121
0.0209028
0.0208966
0.0208935
0.0208936
0.0208967
0.0209028
0.0209115
0.0209228
0.0209347
0.00591906
0.0214076
0.0213959
0.0213935
0.0212838
0.0212752
0.0212643
0.0212507
0.0212349
0.0212172
0.0211978
0.0211772
0.0211555
0.021133
0.0211099
0.0210866
0.0210631
0.0210399
0.0210171
0.0209952
0.0209745
0.0209559
0.0209401
0.0209278
0.0209198
0.0209166
0.020919
0.0209187
0.0209058
0.020891
0.0208782
0.020868
0.0208609
0.0208569
0.020856
0.0208582
0.0208633
0.0208711
0.0208815
0.0208926
0.00589648
0.0216543
0.021659
0.0216566
0.0215395
0.0215308
0.0215186
0.0215029
0.0214842
0.0214629
0.0214394
0.0214142
0.0213877
0.0213601
0.0213318
0.0213032
0.0212745
0.0212461
0.0212184
0.0211917
0.0211667
0.0211441
0.0211248
0.0211093
0.0210985
0.0210929
0.0210938
0.0210957
0.0210826
0.021064
0.0210475
0.0210338
0.0210232
0.0210157
0.0210113
0.0210101
0.0210117
0.021016
0.0210227
0.0210272
0.0051486
0.0216466
0.0216535
0.0216528
0.0215365
0.0215276
0.0215153
0.0214995
0.0214807
0.0214593
0.0214356
0.0214103
0.0213835
0.0213556
0.0213271
0.0212981
0.0212691
0.0212403
0.021212
0.0211849
0.0211594
0.0211363
0.0211165
0.0211006
0.0210893
0.0210833
0.0210838
0.0210846
0.0210711
0.0210533
0.0210377
0.0210249
0.0210151
0.0210085
0.021005
0.0210046
0.0210071
0.0210122
0.0210198
0.021025
0.00516871
0.0216514
0.021658
0.0216571
0.0215407
0.0215317
0.0215192
0.0215033
0.0214843
0.0214627
0.021439
0.0214135
0.0213866
0.0213586
0.0213299
0.0213009
0.0212717
0.0212427
0.0212144
0.0211871
0.0211616
0.0211384
0.0211185
0.0211025
0.0210912
0.0210851
0.0210855
0.0210864
0.0210728
0.0210551
0.0210396
0.0210268
0.0210172
0.0210106
0.0210073
0.021007
0.0210095
0.0210147
0.0210224
0.0210277
0.00516853
0.021656
0.0216624
0.0216613
0.0215448
0.0215357
0.0215231
0.0215071
0.021488
0.0214664
0.0214426
0.0214169
0.02139
0.0213619
0.0213331
0.021304
0.0212747
0.0212457
0.0212172
0.0211899
0.0211642
0.0211409
0.0211209
0.0211049
0.0210935
0.0210874
0.0210878
0.0210886
0.021075
0.0210573
0.0210418
0.021029
0.0210193
0.0210128
0.0210095
0.0210092
0.0210117
0.0210169
0.0210246
0.0210299
0.00516844
0.0216595
0.0216658
0.0216646
0.0215481
0.021539
0.0215264
0.0215103
0.0214911
0.0214694
0.0214455
0.0214199
0.0213928
0.0213647
0.0213359
0.0213066
0.0212773
0.0212481
0.0212196
0.0211922
0.0211664
0.0211431
0.021123
0.021107
0.0210955
0.0210893
0.0210897
0.0210905
0.0210769
0.0210592
0.0210437
0.0210309
0.0210212
0.0210147
0.0210114
0.0210111
0.0210136
0.0210189
0.0210265
0.0210319
0.00516837
0.0216621
0.0216683
0.0216671
0.0215506
0.0215414
0.0215288
0.0215127
0.0214935
0.0214717
0.0214478
0.0214221
0.021395
0.0213668
0.021338
0.0213087
0.0212793
0.0212501
0.0212215
0.021194
0.0211682
0.0211449
0.0211247
0.0211086
0.0210971
0.0210909
0.0210913
0.0210921
0.0210785
0.0210607
0.0210452
0.0210324
0.0210228
0.0210163
0.0210129
0.0210126
0.0210152
0.0210204
0.0210281
0.0210334
0.00516829
0.0216638
0.0216701
0.0216688
0.0215523
0.0215432
0.0215305
0.0215144
0.0214952
0.0214734
0.0214495
0.0214237
0.0213966
0.0213684
0.0213395
0.0213102
0.0212807
0.0212515
0.0212229
0.0211954
0.0211696
0.0211462
0.021126
0.0211099
0.0210983
0.0210921
0.0210925
0.0210932
0.0210796
0.0210619
0.0210463
0.0210336
0.0210239
0.0210174
0.0210141
0.0210138
0.0210163
0.0210215
0.0210292
0.0210345
0.00516822
0.021665
0.0216713
0.02167
0.0215535
0.0215443
0.0215317
0.0215155
0.0214963
0.0214745
0.0214506
0.0214248
0.0213977
0.0213695
0.0213405
0.0213112
0.0212817
0.0212525
0.0212239
0.0211964
0.0211705
0.0211471
0.0211269
0.0211108
0.0210992
0.021093
0.0210933
0.0210941
0.0210805
0.0210627
0.0210472
0.0210344
0.0210247
0.0210182
0.0210148
0.0210145
0.0210171
0.0210223
0.0210299
0.0210352
0.00516815
0.0216657
0.021672
0.0216707
0.0215542
0.021545
0.0215324
0.0215162
0.0214971
0.0214753
0.0214513
0.0214256
0.0213984
0.0213702
0.0213412
0.0213119
0.0212824
0.0212532
0.0212245
0.021197
0.0211711
0.0211477
0.0211275
0.0211114
0.0210998
0.0210936
0.0210939
0.0210947
0.0210811
0.0210633
0.0210477
0.021035
0.0210253
0.0210187
0.0210153
0.021015
0.0210175
0.0210227
0.0210304
0.0210357
0.00516809
0.0216661
0.0216724
0.0216711
0.0215546
0.0215455
0.0215328
0.0215166
0.0214974
0.0214757
0.0214517
0.0214259
0.0213988
0.0213706
0.0213416
0.0213122
0.0212827
0.0212535
0.0212249
0.0211973
0.0211714
0.021148
0.0211279
0.0211117
0.0211001
0.0210939
0.0210942
0.021095
0.0210814
0.0210636
0.021048
0.0210352
0.0210255
0.021019
0.0210156
0.0210153
0.0210178
0.021023
0.0210306
0.0210359
0.00516803
0.0216663
0.0216726
0.0216713
0.0215548
0.0215456
0.0215329
0.0215168
0.0214976
0.0214758
0.0214518
0.0214261
0.0213989
0.0213707
0.0213417
0.0213123
0.0212828
0.0212536
0.0212249
0.0211974
0.0211715
0.0211481
0.0211279
0.0211118
0.0211001
0.0210939
0.0210942
0.021095
0.0210814
0.0210636
0.021048
0.0210352
0.0210255
0.021019
0.0210156
0.0210153
0.0210178
0.021023
0.0210306
0.0210359
0.00516798
0.0216663
0.0216726
0.0216713
0.0215548
0.0215456
0.0215329
0.0215168
0.0214976
0.0214758
0.0214518
0.021426
0.0213989
0.0213706
0.0213417
0.0213123
0.0212828
0.0212535
0.0212249
0.0211973
0.0211714
0.021148
0.0211278
0.0211117
0.0211
0.0210938
0.0210941
0.0210948
0.0210812
0.0210635
0.0210479
0.0210351
0.0210254
0.0210189
0.0210155
0.0210151
0.0210177
0.0210228
0.0210304
0.0210357
0.00516793
0.0216663
0.0216726
0.0216713
0.0215548
0.0215456
0.0215329
0.0215167
0.0214975
0.0214757
0.0214518
0.021426
0.0213988
0.0213706
0.0213416
0.0213122
0.0212827
0.0212535
0.0212248
0.0211973
0.0211714
0.0211479
0.0211277
0.0211115
0.0210999
0.0210937
0.021094
0.0210947
0.0210811
0.0210634
0.0210478
0.021035
0.0210253
0.0210187
0.0210153
0.021015
0.0210175
0.0210227
0.0210303
0.0210355
0.00516789
0.0216664
0.0216727
0.0216714
0.0215549
0.0215457
0.021533
0.0215168
0.0214976
0.0214758
0.0214518
0.021426
0.0213989
0.0213706
0.0213417
0.0213123
0.0212828
0.0212535
0.0212249
0.0211973
0.0211714
0.0211479
0.0211277
0.0211115
0.0210999
0.0210936
0.021094
0.0210947
0.0210811
0.0210634
0.0210478
0.021035
0.0210252
0.0210187
0.0210153
0.0210149
0.0210174
0.0210226
0.0210302
0.0210355
0.00516786
0.0216666
0.0216729
0.0216716
0.021555
0.0215458
0.0215331
0.0215169
0.0214977
0.0214759
0.0214519
0.0214262
0.021399
0.0213707
0.0213417
0.0213123
0.0212829
0.0212536
0.0212249
0.0211973
0.0211714
0.0211479
0.0211277
0.0211115
0.0210999
0.0210937
0.021094
0.0210948
0.0210811
0.0210633
0.0210477
0.0210349
0.0210252
0.0210186
0.0210152
0.0210148
0.0210174
0.0210225
0.0210302
0.0210355
0.00516782
0.0216668
0.0216731
0.0216717
0.0215552
0.021546
0.0215333
0.0215171
0.0214979
0.021476
0.021452
0.0214263
0.0213991
0.0213708
0.0213418
0.0213124
0.0212829
0.0212536
0.021225
0.0211974
0.0211714
0.0211479
0.0211277
0.0211115
0.0210999
0.0210937
0.021094
0.0210947
0.0210811
0.0210633
0.0210476
0.0210348
0.0210251
0.0210185
0.0210152
0.0210148
0.0210173
0.0210225
0.0210301
0.0210354
0.0051678
0.0216669
0.0216732
0.0216719
0.0215553
0.0215461
0.0215334
0.0215172
0.0214979
0.0214761
0.0214521
0.0214263
0.0213991
0.0213708
0.0213418
0.0213124
0.0212829
0.0212536
0.0212249
0.0211973
0.0211714
0.0211479
0.0211277
0.0211115
0.0210998
0.0210936
0.0210939
0.0210946
0.0210809
0.0210631
0.0210476
0.0210348
0.021025
0.0210185
0.0210151
0.0210148
0.0210173
0.0210224
0.0210301
0.0210353
0.00516778
0.021667
0.0216733
0.021672
0.0215554
0.0215461
0.0215334
0.0215172
0.021498
0.0214761
0.0214521
0.0214263
0.0213991
0.0213708
0.0213418
0.0213123
0.0212828
0.0212535
0.0212248
0.0211972
0.0211713
0.0211478
0.0211276
0.0211114
0.0210997
0.0210935
0.0210938
0.0210945
0.0210809
0.0210631
0.0210475
0.0210347
0.021025
0.0210185
0.0210151
0.0210147
0.0210172
0.0210224
0.02103
0.0210353
0.00516776
0.0216671
0.0216733
0.021672
0.0215554
0.0215461
0.0215334
0.0215172
0.0214979
0.0214761
0.0214521
0.0214263
0.021399
0.0213708
0.0213417
0.0213123
0.0212828
0.0212535
0.0212248
0.0211972
0.0211712
0.0211477
0.0211275
0.0211113
0.0210997
0.0210934
0.0210937
0.0210945
0.0210809
0.0210631
0.0210475
0.0210347
0.021025
0.0210185
0.021015
0.0210147
0.0210172
0.0210223
0.02103
0.0210352
0.00516775
0.021667
0.0216733
0.0216719
0.0215553
0.0215461
0.0215333
0.0215171
0.0214979
0.0214761
0.021452
0.0214262
0.021399
0.0213707
0.0213417
0.0213123
0.0212828
0.0212535
0.0212248
0.0211972
0.0211712
0.0211477
0.0211275
0.0211113
0.0210997
0.0210934
0.0210938
0.0210945
0.0210809
0.0210631
0.0210475
0.0210347
0.021025
0.0210185
0.0210151
0.0210147
0.0210172
0.0210224
0.02103
0.0210353
0.00516774
0.0216669
0.0216732
0.0216718
0.0215552
0.021546
0.0215333
0.0215171
0.0214978
0.021476
0.021452
0.0214262
0.021399
0.0213707
0.0213417
0.0213123
0.0212827
0.0212535
0.0212248
0.0211972
0.0211713
0.0211478
0.0211276
0.0211114
0.0210998
0.0210935
0.0210939
0.0210946
0.021081
0.0210632
0.0210476
0.0210348
0.0210251
0.0210186
0.0210152
0.0210149
0.0210174
0.0210226
0.0210302
0.0210355
0.00516774
0.0216668
0.0216731
0.0216717
0.0215552
0.0215459
0.0215332
0.021517
0.0214978
0.021476
0.021452
0.0214262
0.021399
0.0213707
0.0213417
0.0213123
0.0212828
0.0212535
0.0212248
0.0211973
0.0211714
0.0211479
0.0211277
0.0211115
0.0210999
0.0210937
0.0210939
0.0210947
0.0210811
0.0210633
0.0210477
0.021035
0.0210253
0.0210188
0.0210154
0.0210151
0.0210176
0.0210228
0.0210304
0.0210357
0.00516774
0.0216667
0.021673
0.0216717
0.0215551
0.0215459
0.0215332
0.021517
0.0214978
0.021476
0.021452
0.0214262
0.0213989
0.0213707
0.0213417
0.0213122
0.0212828
0.0212535
0.0212249
0.0211973
0.0211714
0.0211479
0.0211278
0.0211116
0.0210999
0.0210937
0.021094
0.0210948
0.0210812
0.0210634
0.0210479
0.0210351
0.0210254
0.0210189
0.0210155
0.0210152
0.0210177
0.0210229
0.0210306
0.0210359
0.00516775
0.0216667
0.021673
0.0216717
0.0215551
0.0215459
0.0215332
0.021517
0.0214978
0.021476
0.021452
0.0214262
0.021399
0.0213707
0.0213417
0.0213124
0.0212829
0.0212537
0.021225
0.0211975
0.0211716
0.0211481
0.0211279
0.0211117
0.0211001
0.0210939
0.0210942
0.021095
0.0210814
0.0210636
0.0210481
0.0210353
0.0210256
0.0210191
0.0210157
0.0210154
0.021018
0.0210231
0.0210308
0.0210361
0.00516776
0.0216667
0.0216731
0.0216718
0.0215552
0.021546
0.0215333
0.0215172
0.021498
0.0214762
0.0214522
0.0214264
0.0213992
0.021371
0.021342
0.0213126
0.0212832
0.021254
0.0212253
0.0211978
0.0211719
0.0211484
0.0211282
0.0211121
0.0211005
0.0210942
0.0210946
0.0210954
0.0210818
0.021064
0.0210484
0.0210356
0.021026
0.0210194
0.0210161
0.0210158
0.0210183
0.0210235
0.0210311
0.0210364
0.00516777
0.0216668
0.0216731
0.0216719
0.0215554
0.0215462
0.0215335
0.0215173
0.0214981
0.0214764
0.0214524
0.0214266
0.0213995
0.0213712
0.0213423
0.0213129
0.0212835
0.0212542
0.0212256
0.0211981
0.0211722
0.0211487
0.0211286
0.0211124
0.0211008
0.0210946
0.0210949
0.0210957
0.021082
0.0210643
0.0210487
0.021036
0.0210264
0.0210198
0.0210165
0.0210162
0.0210187
0.0210239
0.0210315
0.0210368
0.0051678
0.0216668
0.0216732
0.0216719
0.0215554
0.0215462
0.0215336
0.0215174
0.0214982
0.0214765
0.0214525
0.0214267
0.0213996
0.0213714
0.0213424
0.021313
0.0212836
0.0212544
0.0212258
0.0211982
0.0211723
0.0211489
0.0211287
0.0211126
0.021101
0.0210948
0.0210951
0.0210959
0.0210823
0.0210645
0.021049
0.0210363
0.0210267
0.0210202
0.0210168
0.0210165
0.021019
0.0210242
0.0210319
0.0210372
0.00516783
0.0216667
0.0216731
0.0216718
0.0215553
0.0215462
0.0215335
0.0215174
0.0214982
0.0214765
0.0214525
0.0214268
0.0213996
0.0213714
0.0213425
0.0213131
0.0212837
0.0212545
0.0212259
0.0211983
0.0211725
0.0211491
0.0211289
0.0211128
0.0211012
0.021095
0.0210953
0.0210961
0.0210826
0.0210649
0.0210494
0.0210367
0.0210271
0.0210206
0.0210172
0.0210169
0.0210195
0.0210247
0.0210324
0.0210377
0.00516785
0.0216664
0.0216728
0.0216716
0.0215552
0.021546
0.0215334
0.0215173
0.0214981
0.0214764
0.0214525
0.0214267
0.0213996
0.0213714
0.0213425
0.0213132
0.0212838
0.0212546
0.021226
0.0211984
0.0211726
0.0211492
0.0211291
0.021113
0.0211015
0.0210953
0.0210957
0.0210965
0.021083
0.0210654
0.0210498
0.0210371
0.0210274
0.0210209
0.0210176
0.0210173
0.0210199
0.0210252
0.0210329
0.0210383
0.00516789
0.0216659
0.0216724
0.0216712
0.0215547
0.0215456
0.021533
0.0215169
0.0214978
0.0214761
0.0214522
0.0214265
0.0213994
0.0213713
0.0213424
0.021313
0.0212836
0.0212544
0.0212258
0.0211983
0.0211725
0.0211492
0.0211291
0.021113
0.0211015
0.0210953
0.0210958
0.0210966
0.0210831
0.0210653
0.0210497
0.021037
0.0210274
0.0210209
0.0210176
0.0210174
0.02102
0.0210252
0.0210329
0.0210383
0.00516794
0.0216651
0.0216715
0.0216703
0.0215539
0.0215448
0.0215322
0.0215161
0.021497
0.0214753
0.0214515
0.0214258
0.0213988
0.0213706
0.0213417
0.0213124
0.021283
0.0212538
0.0212252
0.0211977
0.0211719
0.0211486
0.0211285
0.0211124
0.0211009
0.0210947
0.0210951
0.0210959
0.0210823
0.0210645
0.021049
0.0210363
0.0210266
0.0210202
0.0210169
0.0210166
0.0210192
0.0210244
0.0210321
0.0210374
0.00516799
0.0216636
0.02167
0.0216688
0.0215524
0.0215433
0.0215307
0.0215146
0.0214955
0.0214739
0.02145
0.0214244
0.0213973
0.0213691
0.0213402
0.0213109
0.0212815
0.0212523
0.0212238
0.0211963
0.0211705
0.0211472
0.0211271
0.021111
0.0210995
0.0210933
0.0210937
0.0210944
0.0210808
0.021063
0.0210475
0.0210348
0.0210252
0.0210187
0.0210154
0.0210151
0.0210177
0.0210229
0.0210306
0.021036
0.0051681
0.0216611
0.0216675
0.0216663
0.0215498
0.0215407
0.0215281
0.0215121
0.021493
0.0214713
0.0214474
0.0214218
0.0213947
0.0213665
0.0213377
0.0213084
0.021279
0.0212498
0.0212213
0.0211939
0.0211681
0.0211448
0.0211248
0.0211087
0.0210973
0.0210911
0.0210915
0.0210923
0.0210787
0.021061
0.0210455
0.0210328
0.0210232
0.0210168
0.0210135
0.0210132
0.0210158
0.0210211
0.0210288
0.0210341
0.0051682
0.0216571
0.0216634
0.0216622
0.0215458
0.0215366
0.021524
0.0215079
0.0214888
0.0214671
0.0214433
0.0214177
0.0213906
0.0213626
0.0213337
0.0213045
0.0212752
0.0212462
0.0212178
0.0211904
0.0211648
0.0211416
0.0211216
0.0211057
0.0210943
0.0210882
0.0210886
0.0210894
0.0210759
0.0210582
0.0210427
0.02103
0.0210204
0.0210139
0.0210106
0.0210104
0.021013
0.0210183
0.0210259
0.0210313
0.00516827
0.0216508
0.021657
0.0216557
0.0215392
0.02153
0.0215174
0.0215013
0.0214822
0.0214605
0.0214368
0.0214112
0.0213843
0.0213564
0.0213277
0.0212986
0.0212694
0.0212405
0.0212122
0.021185
0.0211595
0.0211364
0.0211166
0.0211008
0.0210895
0.0210835
0.021084
0.0210848
0.0210713
0.0210536
0.0210381
0.0210253
0.0210158
0.0210093
0.021006
0.0210057
0.0210083
0.0210135
0.0210212
0.0210266
0.00516845
0.0216411
0.0216472
0.0216458
0.0215292
0.0215199
0.0215072
0.0214911
0.0214721
0.0214505
0.0214268
0.0214014
0.0213746
0.0213468
0.0213182
0.0212893
0.0212603
0.0212316
0.0212035
0.0211765
0.0211512
0.0211284
0.0211088
0.0210932
0.0210821
0.0210762
0.0210768
0.0210776
0.0210641
0.0210464
0.0210308
0.0210181
0.0210085
0.021002
0.0209987
0.0209985
0.021001
0.0210063
0.021014
0.0210193
0.0051686
0.0216262
0.021632
0.0216304
0.0215136
0.0215042
0.0214914
0.0214753
0.0214562
0.0214347
0.0214111
0.0213858
0.0213592
0.0213316
0.0213033
0.0212747
0.021246
0.0212176
0.0211899
0.0211633
0.0211384
0.0211159
0.0210967
0.0210813
0.0210705
0.0210648
0.0210655
0.0210662
0.0210526
0.0210348
0.0210192
0.0210064
0.0209968
0.0209902
0.0209868
0.0209865
0.020989
0.0209942
0.0210018
0.0210071
0.00516888
0.0216031
0.0216083
0.0216062
0.021489
0.0214793
0.0214663
0.02145
0.0214309
0.0214095
0.021386
0.021361
0.0213347
0.0213074
0.0212795
0.0212513
0.0212232
0.0211953
0.0211681
0.0211421
0.0211178
0.0210959
0.0210771
0.0210623
0.0210518
0.0210464
0.0210472
0.0210479
0.0210342
0.0210163
0.0210006
0.0209877
0.0209779
0.0209713
0.0209678
0.0209673
0.0209698
0.0209748
0.0209823
0.0209875
0.00516927
0.0215668
0.0215709
0.0215679
0.0214501
0.0214398
0.0214265
0.0214101
0.021391
0.0213697
0.0213466
0.0213219
0.0212961
0.0212695
0.0212424
0.0212151
0.0211878
0.0211609
0.0211348
0.0211098
0.0210865
0.0210656
0.0210478
0.0210338
0.021024
0.0210193
0.0210204
0.021021
0.0210072
0.0209892
0.0209733
0.0209603
0.0209504
0.0209435
0.0209399
0.0209393
0.0209415
0.0209464
0.0209536
0.0209588
0.00516989
0.021519
0.0215194
0.0215136
0.0213944
0.0213838
0.0213704
0.0213541
0.0213354
0.0213146
0.0212922
0.0212685
0.0212438
0.0212184
0.0211927
0.0211668
0.0211412
0.021116
0.0210916
0.0210684
0.0210469
0.0210277
0.0210114
0.0209988
0.0209903
0.0209865
0.0209884
0.02099
0.0209764
0.0209575
0.0209407
0.0209266
0.0209157
0.0209079
0.0209032
0.0209016
0.0209028
0.0209067
0.020913
0.0209173
0.00515056
0.0217805
0.0217995
0.0217931
0.0216647
0.021653
0.0216374
0.0216181
0.0215955
0.0215702
0.0215427
0.0215136
0.0214833
0.0214522
0.0214207
0.0213891
0.0213578
0.0213273
0.0212977
0.0212698
0.021244
0.0212209
0.0212012
0.0211856
0.0211744
0.0211684
0.0211689
0.021173
0.0211603
0.0211367
0.0211154
0.0210973
0.0210823
0.0210707
0.0210623
0.021057
0.0210546
0.0210548
0.0210575
0.0210544
0.00451598
0.0217723
0.0217935
0.0217889
0.0216613
0.0216495
0.0216339
0.0216144
0.0215917
0.0215663
0.0215387
0.0215093
0.0214788
0.0214474
0.0214156
0.0213836
0.021352
0.0213209
0.0212909
0.0212624
0.0212359
0.0212123
0.021192
0.0211758
0.021164
0.0211574
0.0211573
0.0211601
0.0211466
0.021124
0.0211038
0.0210867
0.0210727
0.0210621
0.0210547
0.0210503
0.0210489
0.02105
0.0210535
0.0210513
0.00453327
0.0217772
0.0217981
0.0217933
0.0216656
0.0216537
0.0216378
0.0216182
0.0215954
0.0215698
0.0215421
0.0215126
0.0214819
0.0214504
0.0214185
0.0213864
0.0213546
0.0213234
0.0212933
0.0212646
0.0212381
0.0212143
0.021194
0.0211777
0.0211658
0.0211592
0.021159
0.0211618
0.0211483
0.0211257
0.0211057
0.0210886
0.0210748
0.0210642
0.0210569
0.0210527
0.0210513
0.0210525
0.0210561
0.0210541
0.0045331
0.0217819
0.0218026
0.0217976
0.0216699
0.0216578
0.0216419
0.0216222
0.0215992
0.0215736
0.0215457
0.0215162
0.0214854
0.0214538
0.0214217
0.0213896
0.0213576
0.0213264
0.0212961
0.0212674
0.0212408
0.0212169
0.0211965
0.0211801
0.0211681
0.0211615
0.0211613
0.0211641
0.0211505
0.021128
0.0211079
0.0210908
0.021077
0.0210664
0.0210591
0.0210549
0.0210535
0.0210548
0.0210584
0.0210563
0.00453302
0.0217856
0.0218062
0.021801
0.0216733
0.0216612
0.0216452
0.0216254
0.0216024
0.0215767
0.0215488
0.0215192
0.0214883
0.0214566
0.0214245
0.0213922
0.0213603
0.0213289
0.0212986
0.0212698
0.0212431
0.0212192
0.0211987
0.0211822
0.0211702
0.0211635
0.0211632
0.021166
0.0211524
0.0211299
0.0211098
0.0210927
0.0210789
0.0210684
0.021061
0.0210568
0.0210554
0.0210567
0.0210603
0.0210582
0.00453295
0.0217882
0.0218088
0.0218036
0.0216758
0.0216637
0.0216477
0.0216279
0.0216048
0.021579
0.0215511
0.0215214
0.0214906
0.0214588
0.0214266
0.0213943
0.0213623
0.0213309
0.0213005
0.0212716
0.0212449
0.0212209
0.0212004
0.0211839
0.0211719
0.0211651
0.0211648
0.0211676
0.021154
0.0211314
0.0211113
0.0210943
0.0210805
0.0210699
0.0210626
0.0210584
0.021057
0.0210582
0.0210619
0.0210598
0.00453287
0.02179
0.0218106
0.0218053
0.0216776
0.0216655
0.0216494
0.0216296
0.0216065
0.0215808
0.0215528
0.0215231
0.0214922
0.0214604
0.0214282
0.0213959
0.0213638
0.0213323
0.0213019
0.021273
0.0212463
0.0212223
0.0212017
0.0211852
0.0211731
0.0211663
0.021166
0.0211688
0.0211552
0.0211326
0.0211125
0.0210954
0.0210816
0.0210711
0.0210638
0.0210595
0.0210581
0.0210594
0.021063
0.0210609
0.0045328
0.0217912
0.0218118
0.0218065
0.0216788
0.0216666
0.0216506
0.0216308
0.0216077
0.0215819
0.0215539
0.0215242
0.0214933
0.0214615
0.0214293
0.0213969
0.0213648
0.0213334
0.0213029
0.021274
0.0212472
0.0212232
0.0212027
0.0211861
0.021174
0.0211672
0.0211669
0.0211696
0.021156
0.0211335
0.0211134
0.0210963
0.0210824
0.0210719
0.0210646
0.0210603
0.0210589
0.0210601
0.0210637
0.0210616
0.00453273
0.0217919
0.0218126
0.0218073
0.0216795
0.0216674
0.0216514
0.0216315
0.0216084
0.0215826
0.0215547
0.021525
0.021494
0.0214622
0.02143
0.0213976
0.0213655
0.021334
0.0213036
0.0212746
0.0212478
0.0212238
0.0212033
0.0211867
0.0211746
0.0211678
0.0211675
0.0211702
0.0211566
0.0211341
0.0211139
0.0210968
0.021083
0.0210724
0.021065
0.0210608
0.0210594
0.0210606
0.0210642
0.0210621
0.00453266
0.0217924
0.021813
0.0218077
0.0216799
0.0216678
0.0216518
0.0216319
0.0216088
0.021583
0.021555
0.0215253
0.0214944
0.0214626
0.0214303
0.0213979
0.0213658
0.0213343
0.0213039
0.021275
0.0212482
0.0212241
0.0212036
0.021187
0.0211749
0.0211681
0.0211678
0.0211705
0.0211569
0.0211343
0.0211142
0.0210971
0.0210832
0.0210726
0.0210653
0.021061
0.0210596
0.0210608
0.0210644
0.0210623
0.0045326
0.0217925
0.0218132
0.0218079
0.0216801
0.0216679
0.0216519
0.0216321
0.021609
0.0215832
0.0215552
0.0215255
0.0214945
0.0214627
0.0214304
0.021398
0.0213659
0.0213344
0.021304
0.021275
0.0212482
0.0212242
0.0212036
0.021187
0.0211749
0.0211681
0.0211678
0.0211705
0.0211569
0.0211343
0.0211142
0.0210971
0.0210832
0.0210727
0.0210653
0.021061
0.0210596
0.0210608
0.0210644
0.0210623
0.00453255
0.0217926
0.0218132
0.0218079
0.0216801
0.0216679
0.0216519
0.021632
0.0216089
0.0215831
0.0215551
0.0215254
0.0214945
0.0214626
0.0214304
0.021398
0.0213659
0.0213344
0.0213039
0.021275
0.0212482
0.0212241
0.0212035
0.021187
0.0211748
0.021168
0.0211677
0.0211704
0.0211568
0.0211342
0.0211141
0.021097
0.0210831
0.0210725
0.0210652
0.0210609
0.0210595
0.0210607
0.0210642
0.0210621
0.0045325
0.0217926
0.0218132
0.0218079
0.0216801
0.0216679
0.0216519
0.021632
0.0216089
0.0215831
0.0215551
0.0215254
0.0214944
0.0214626
0.0214303
0.0213979
0.0213658
0.0213343
0.0213039
0.0212749
0.0212481
0.0212241
0.0212035
0.0211869
0.0211747
0.0211679
0.0211675
0.0211703
0.0211567
0.0211341
0.021114
0.0210969
0.021083
0.0210724
0.021065
0.0210608
0.0210593
0.0210605
0.0210641
0.0210619
0.00453246
0.0217926
0.0218133
0.0218079
0.0216802
0.021668
0.0216519
0.0216321
0.021609
0.0215831
0.0215551
0.0215254
0.0214945
0.0214626
0.0214304
0.021398
0.0213659
0.0213344
0.0213039
0.021275
0.0212481
0.0212241
0.0212035
0.0211868
0.0211747
0.0211679
0.0211675
0.0211703
0.0211567
0.0211341
0.021114
0.0210968
0.021083
0.0210724
0.021065
0.0210607
0.0210593
0.0210604
0.021064
0.0210619
0.00453242
0.0217928
0.0218134
0.0218081
0.0216803
0.0216681
0.0216521
0.0216322
0.0216091
0.0215833
0.0215553
0.0215255
0.0214946
0.0214627
0.0214305
0.0213981
0.0213659
0.0213344
0.021304
0.021275
0.0212482
0.0212241
0.0212035
0.0211869
0.0211747
0.0211679
0.0211676
0.0211703
0.0211567
0.0211341
0.0211139
0.0210968
0.0210829
0.0210723
0.0210649
0.0210606
0.0210592
0.0210604
0.021064
0.0210619
0.00453239
0.021793
0.0218136
0.0218083
0.0216805
0.0216683
0.0216522
0.0216324
0.0216092
0.0215834
0.0215554
0.0215256
0.0214946
0.0214628
0.0214305
0.0213981
0.021366
0.0213345
0.021304
0.021275
0.0212481
0.0212241
0.0212034
0.0211868
0.0211747
0.0211679
0.0211675
0.0211703
0.0211566
0.021134
0.0211138
0.0210967
0.0210828
0.0210722
0.0210649
0.0210606
0.0210592
0.0210604
0.0210639
0.0210618
0.00453237
0.0217932
0.0218138
0.0218084
0.0216806
0.0216684
0.0216523
0.0216325
0.0216093
0.0215835
0.0215554
0.0215257
0.0214947
0.0214628
0.0214305
0.0213981
0.021366
0.0213345
0.021304
0.021275
0.0212481
0.021224
0.0212034
0.0211868
0.0211746
0.0211678
0.0211674
0.0211702
0.0211565
0.0211339
0.0211138
0.0210966
0.0210828
0.0210722
0.0210648
0.0210605
0.0210591
0.0210603
0.0210639
0.0210617
0.00453235
0.0217932
0.0218138
0.0218085
0.0216807
0.0216684
0.0216524
0.0216325
0.0216093
0.0215835
0.0215554
0.0215256
0.0214946
0.0214628
0.0214305
0.0213981
0.0213659
0.0213344
0.0213039
0.0212749
0.021248
0.0212239
0.0212033
0.0211867
0.0211745
0.0211677
0.0211673
0.0211701
0.0211564
0.0211338
0.0211137
0.0210966
0.0210827
0.0210721
0.0210648
0.0210605
0.021059
0.0210602
0.0210638
0.0210617
0.00453233
0.0217933
0.0218138
0.0218085
0.0216806
0.0216684
0.0216523
0.0216324
0.0216093
0.0215834
0.0215554
0.0215256
0.0214946
0.0214627
0.0214304
0.021398
0.0213659
0.0213343
0.0213038
0.0212748
0.0212479
0.0212238
0.0212032
0.0211866
0.0211745
0.0211677
0.0211673
0.0211701
0.0211564
0.0211339
0.0211137
0.0210966
0.0210827
0.0210721
0.0210647
0.0210605
0.021059
0.0210602
0.0210638
0.0210617
0.00453232
0.0217932
0.0218138
0.0218084
0.0216806
0.0216684
0.0216523
0.0216324
0.0216093
0.0215834
0.0215554
0.0215256
0.0214946
0.0214627
0.0214304
0.021398
0.0213658
0.0213343
0.0213038
0.0212748
0.0212479
0.0212239
0.0212033
0.0211866
0.0211745
0.0211677
0.0211674
0.0211701
0.0211565
0.0211339
0.0211138
0.0210966
0.0210828
0.0210722
0.0210648
0.0210605
0.0210591
0.0210603
0.0210639
0.0210618
0.00453232
0.0217931
0.0218137
0.0218083
0.0216805
0.0216683
0.0216522
0.0216324
0.0216092
0.0215834
0.0215553
0.0215256
0.0214946
0.0214627
0.0214304
0.021398
0.0213658
0.0213343
0.0213038
0.0212749
0.021248
0.021224
0.0212033
0.0211867
0.0211746
0.0211678
0.0211675
0.0211702
0.0211566
0.021134
0.0211138
0.0210967
0.0210829
0.0210723
0.0210649
0.0210607
0.0210593
0.0210605
0.0210641
0.0210619
0.00453232
0.021793
0.0218136
0.0218083
0.0216805
0.0216683
0.0216522
0.0216323
0.0216092
0.0215834
0.0215553
0.0215256
0.0214946
0.0214627
0.0214304
0.021398
0.0213659
0.0213343
0.0213039
0.0212749
0.0212481
0.0212241
0.0212035
0.0211869
0.0211747
0.0211679
0.0211675
0.0211703
0.0211567
0.0211341
0.021114
0.0210969
0.021083
0.0210725
0.0210651
0.0210609
0.0210595
0.0210607
0.0210643
0.0210621
0.00453232
0.0217929
0.0218135
0.0218082
0.0216804
0.0216682
0.0216522
0.0216323
0.0216092
0.0215833
0.0215553
0.0215255
0.0214945
0.0214627
0.0214304
0.021398
0.0213659
0.0213344
0.0213039
0.021275
0.0212482
0.0212241
0.0212035
0.0211869
0.0211748
0.021168
0.0211676
0.0211704
0.0211568
0.0211342
0.0211141
0.021097
0.0210832
0.0210726
0.0210653
0.021061
0.0210596
0.0210608
0.0210644
0.0210623
0.00453232
0.0217929
0.0218135
0.0218082
0.0216804
0.0216683
0.0216522
0.0216323
0.0216092
0.0215834
0.0215554
0.0215256
0.0214946
0.0214628
0.0214305
0.0213981
0.021366
0.0213345
0.0213041
0.0212751
0.0212483
0.0212243
0.0212037
0.0211871
0.021175
0.0211681
0.0211678
0.0211706
0.021157
0.0211344
0.0211143
0.0210972
0.0210834
0.0210728
0.0210655
0.0210612
0.0210598
0.021061
0.0210646
0.0210625
0.00453233
0.021793
0.0218136
0.0218083
0.0216805
0.0216684
0.0216523
0.0216325
0.0216094
0.0215836
0.0215556
0.0215258
0.0214948
0.021463
0.0214307
0.0213984
0.0213663
0.0213348
0.0213044
0.0212755
0.0212486
0.0212246
0.021204
0.0211874
0.0211753
0.0211685
0.0211682
0.021171
0.0211573
0.0211348
0.0211146
0.0210976
0.0210837
0.0210732
0.0210658
0.0210616
0.0210602
0.0210614
0.021065
0.0210629
0.00453235
0.0217931
0.0218137
0.0218084
0.0216807
0.0216685
0.0216525
0.0216327
0.0216096
0.0215838
0.0215558
0.021526
0.0214951
0.0214633
0.021431
0.0213987
0.0213666
0.0213351
0.0213047
0.0212758
0.0212489
0.0212249
0.0212043
0.0211877
0.0211757
0.0211689
0.0211685
0.0211713
0.0211576
0.0211351
0.0211149
0.0210979
0.0210841
0.0210735
0.0210662
0.021062
0.0210606
0.0210618
0.0210654
0.0210632
0.00453238
0.0217931
0.0218138
0.0218085
0.0216807
0.0216686
0.0216526
0.0216328
0.0216097
0.0215839
0.0215559
0.0215262
0.0214952
0.0214634
0.0214311
0.0213988
0.0213667
0.0213353
0.0213048
0.0212759
0.0212491
0.0212251
0.0212045
0.021188
0.0211759
0.0211691
0.0211687
0.0211715
0.0211579
0.0211353
0.0211153
0.0210982
0.0210844
0.0210739
0.0210666
0.0210623
0.0210609
0.0210621
0.0210657
0.0210636
0.00453239
0.021793
0.0218137
0.0218084
0.0216807
0.0216686
0.0216526
0.0216327
0.0216097
0.0215839
0.0215559
0.0215262
0.0214953
0.0214635
0.0214312
0.0213989
0.0213668
0.0213354
0.0213049
0.021276
0.0212492
0.0212252
0.0212047
0.0211882
0.0211761
0.0211693
0.021169
0.0211717
0.0211582
0.0211357
0.0211157
0.0210986
0.0210848
0.0210743
0.0210669
0.0210627
0.0210613
0.0210626
0.0210662
0.0210641
0.00453243
0.0217927
0.0218134
0.0218082
0.0216805
0.0216684
0.0216524
0.0216326
0.0216096
0.0215838
0.0215559
0.0215262
0.0214953
0.0214635
0.0214313
0.021399
0.0213669
0.0213355
0.0213051
0.0212762
0.0212494
0.0212254
0.0212049
0.0211884
0.0211763
0.0211696
0.0211693
0.0211721
0.0211586
0.0211361
0.021116
0.021099
0.0210852
0.0210746
0.0210673
0.0210631
0.0210618
0.0210631
0.0210667
0.0210646
0.00453246
0.0217923
0.021813
0.0218078
0.0216801
0.021668
0.0216521
0.0216323
0.0216093
0.0215835
0.0215556
0.021526
0.0214951
0.0214633
0.0214311
0.0213988
0.0213668
0.0213353
0.021305
0.0212761
0.0212494
0.0212254
0.0212049
0.0211884
0.0211764
0.0211696
0.0211694
0.0211722
0.0211587
0.0211361
0.021116
0.0210989
0.0210851
0.0210746
0.0210674
0.0210632
0.0210618
0.0210631
0.0210667
0.0210647
0.00453249
0.0217914
0.0218121
0.0218069
0.0216792
0.0216672
0.0216512
0.0216315
0.0216085
0.0215828
0.0215549
0.0215253
0.0214944
0.0214627
0.0214305
0.0213982
0.0213661
0.0213347
0.0213043
0.0212755
0.0212487
0.0212248
0.0212043
0.0211878
0.0211758
0.021169
0.0211687
0.0211715
0.0211579
0.0211353
0.0211152
0.0210982
0.0210844
0.0210739
0.0210666
0.0210624
0.021061
0.0210623
0.0210659
0.0210639
0.00453259
0.0217899
0.0218106
0.0218054
0.0216777
0.0216657
0.0216497
0.02163
0.021607
0.0215813
0.0215534
0.0215238
0.0214929
0.0214612
0.021429
0.0213967
0.0213646
0.0213332
0.0213028
0.021274
0.0212473
0.0212233
0.0212028
0.0211863
0.0211743
0.0211676
0.0211672
0.02117
0.0211563
0.0211338
0.0211137
0.0210967
0.0210829
0.0210724
0.0210651
0.0210609
0.0210595
0.0210608
0.0210644
0.0210623
0.00453265
0.0217873
0.021808
0.0218028
0.0216751
0.0216631
0.0216471
0.0216274
0.0216044
0.0215787
0.0215508
0.0215212
0.0214903
0.0214586
0.0214264
0.0213941
0.0213621
0.0213307
0.0213004
0.0212716
0.0212449
0.021221
0.0212005
0.0211841
0.0211721
0.0211654
0.0211651
0.0211678
0.0211543
0.0211317
0.0211117
0.0210947
0.0210809
0.0210704
0.0210631
0.0210589
0.0210576
0.0210589
0.0210625
0.0210605
0.00453273
0.0217832
0.0218038
0.0217986
0.0216709
0.0216588
0.0216428
0.0216231
0.0216001
0.0215744
0.0215465
0.0215169
0.0214861
0.0214545
0.0214224
0.0213902
0.0213583
0.021327
0.0212967
0.021268
0.0212414
0.0212176
0.0211973
0.0211809
0.021169
0.0211624
0.0211621
0.0211649
0.0211514
0.0211289
0.0211089
0.0210919
0.0210781
0.0210676
0.0210603
0.0210561
0.0210548
0.0210561
0.0210597
0.0210577
0.00453285
0.0217766
0.0217971
0.0217918
0.0216641
0.0216519
0.021636
0.0216162
0.0215932
0.0215676
0.0215398
0.0215103
0.0214797
0.0214481
0.0214162
0.0213841
0.0213523
0.0213211
0.021291
0.0212625
0.021236
0.0212124
0.0211922
0.021176
0.0211642
0.0211576
0.0211575
0.0211603
0.0211468
0.0211243
0.0211042
0.0210872
0.0210734
0.0210629
0.0210556
0.0210514
0.0210501
0.0210513
0.021055
0.0210529
0.00453295
0.0217664
0.0217868
0.0217814
0.0216536
0.0216414
0.0216254
0.0216056
0.0215827
0.0215571
0.0215295
0.0215001
0.0214696
0.0214382
0.0214064
0.0213745
0.0213429
0.021312
0.0212821
0.0212538
0.0212276
0.0212042
0.0211842
0.0211682
0.0211566
0.0211502
0.0211502
0.021153
0.0211395
0.021117
0.0210969
0.0210799
0.0210661
0.0210556
0.0210483
0.0210441
0.0210427
0.021044
0.0210476
0.0210456
0.00453316
0.0217507
0.0217707
0.0217651
0.0216371
0.0216248
0.0216087
0.021589
0.0215661
0.0215407
0.0215131
0.021484
0.0214536
0.0214225
0.021391
0.0213595
0.0213282
0.0212976
0.0212682
0.0212402
0.0212144
0.0211914
0.0211718
0.0211561
0.0211448
0.0211386
0.0211387
0.0211415
0.0211279
0.0211053
0.0210852
0.0210681
0.0210542
0.0210437
0.0210363
0.021032
0.0210306
0.0210318
0.0210354
0.0210333
0.00453336
0.021726
0.0217454
0.0217394
0.021611
0.0215984
0.0215822
0.0215624
0.0215396
0.0215142
0.0214869
0.0214581
0.0214281
0.0213974
0.0213663
0.0213353
0.0213046
0.0212747
0.0212458
0.0212185
0.0211933
0.0211709
0.0211518
0.0211366
0.0211258
0.02112
0.0211202
0.021123
0.0211093
0.0210866
0.0210664
0.0210492
0.0210353
0.0210246
0.0210172
0.0210128
0.0210113
0.0210124
0.0210159
0.0210137
0.00453372
0.0216869
0.0217053
0.0216984
0.0215695
0.0215565
0.0215401
0.0215202
0.0214975
0.0214725
0.0214456
0.0214173
0.021388
0.0213581
0.0213279
0.0212978
0.0212682
0.0212393
0.0212115
0.0211853
0.0211612
0.0211399
0.0211218
0.0211075
0.0210975
0.0210923
0.0210931
0.0210959
0.0210821
0.0210593
0.0210389
0.0210216
0.0210075
0.0209967
0.0209891
0.0209846
0.0209829
0.0209838
0.0209871
0.0209848
0.00453428
0.0216361
0.0216509
0.0216412
0.0215111
0.0214979
0.0214815
0.021462
0.0214398
0.0214155
0.0213895
0.0213623
0.0213342
0.0213057
0.0212771
0.0212487
0.0212208
0.0211938
0.021168
0.0211437
0.0211216
0.021102
0.0210857
0.021073
0.0210643
0.0210605
0.0210623
0.0210664
0.0210532
0.0210293
0.0210078
0.0209893
0.0209741
0.0209622
0.0209535
0.0209478
0.0209451
0.020945
0.0209473
0.0209441
0.00451766
0.0219133
0.0219495
0.0219386
0.0217969
0.0217816
0.0217619
0.021738
0.0217108
0.0216807
0.0216486
0.0216151
0.0215805
0.0215455
0.0215105
0.0214759
0.0214421
0.0214095
0.0213785
0.0213495
0.0213232
0.0213
0.0212804
0.021265
0.0212539
0.021248
0.0212487
0.0212559
0.0212449
0.0212153
0.0211885
0.0211651
0.0211454
0.0211292
0.0211164
0.0211069
0.0211004
0.0210965
0.021095
0.0210839
0.00398602
0.0219046
0.0219431
0.021934
0.0217933
0.0217778
0.0217581
0.0217342
0.0217068
0.0216766
0.0216444
0.0216106
0.0215758
0.0215405
0.0215052
0.0214701
0.0214359
0.0214027
0.0213711
0.0213415
0.0213144
0.0212905
0.0212703
0.021254
0.0212421
0.0212355
0.0212353
0.0212411
0.0212287
0.0212003
0.0211747
0.0211526
0.021134
0.021119
0.0211073
0.0210989
0.0210934
0.0210905
0.0210899
0.0210798
0.00400094
0.0219097
0.0219478
0.0219386
0.0217977
0.0217821
0.0217621
0.0217381
0.0217105
0.0216803
0.0216479
0.0216139
0.021579
0.0215436
0.0215081
0.021473
0.0214385
0.0214052
0.0213735
0.0213438
0.0213166
0.0212926
0.0212723
0.0212559
0.021244
0.0212372
0.021237
0.0212427
0.0212303
0.021202
0.0211765
0.0211545
0.021136
0.0211211
0.0211095
0.0211012
0.0210958
0.0210931
0.0210926
0.0210825
0.00400077
0.0219145
0.0219524
0.021943
0.021802
0.0217863
0.0217663
0.0217421
0.0217145
0.0216841
0.0216516
0.0216176
0.0215825
0.021547
0.0215114
0.0214762
0.0214417
0.0214083
0.0213764
0.0213466
0.0213194
0.0212953
0.0212748
0.0212584
0.0212464
0.0212396
0.0212393
0.021245
0.0212326
0.0212043
0.0211788
0.0211568
0.0211383
0.0211233
0.0211118
0.0211034
0.0210981
0.0210953
0.0210948
0.0210848
0.0040007
0.0219183
0.0219561
0.0219465
0.0218055
0.0217898
0.0217697
0.0217454
0.0217177
0.0216873
0.0216547
0.0216206
0.0215855
0.0215499
0.0215143
0.0214789
0.0214443
0.0214108
0.0213789
0.021349
0.0213217
0.0212975
0.021277
0.0212605
0.0212485
0.0212416
0.0212413
0.0212469
0.0212346
0.0212062
0.0211807
0.0211587
0.0211402
0.0211253
0.0211137
0.0211054
0.0211
0.0210972
0.0210968
0.0210867
0.00400063
0.021921
0.0219588
0.0219491
0.0218081
0.0217924
0.0217722
0.0217479
0.0217202
0.0216897
0.0216571
0.021623
0.0215878
0.0215522
0.0215165
0.0214811
0.0214464
0.0214129
0.0213809
0.0213509
0.0213236
0.0212994
0.0212788
0.0212623
0.0212502
0.0212433
0.0212429
0.0212485
0.0212361
0.0212078
0.0211823
0.0211603
0.0211418
0.0211268
0.0211153
0.021107
0.0211016
0.0210988
0.0210983
0.0210883
0.00400056
0.0219228
0.0219606
0.0219509
0.0218099
0.0217942
0.021774
0.0217497
0.021722
0.0216915
0.0216588
0.0216246
0.0215895
0.0215538
0.0215181
0.0214826
0.0214479
0.0214144
0.0213824
0.0213524
0.021325
0.0213007
0.0212801
0.0212636
0.0212514
0.0212445
0.0212441
0.0212497
0.0212374
0.021209
0.0211835
0.0211615
0.021143
0.021128
0.0211165
0.0211081
0.0211027
0.0211
0.0210995
0.0210894
0.00400048
0.0219241
0.0219619
0.0219522
0.0218112
0.0217954
0.0217752
0.0217509
0.0217232
0.0216926
0.02166
0.0216258
0.0215906
0.0215549
0.0215191
0.0214837
0.021449
0.0214154
0.0213834
0.0213534
0.021326
0.0213017
0.0212811
0.0212645
0.0212523
0.0212454
0.021245
0.0212506
0.0212383
0.0212099
0.0211844
0.0211623
0.0211438
0.0211289
0.0211173
0.0211089
0.0211035
0.0211007
0.0211002
0.0210901
0.00400042
0.0219248
0.0219626
0.0219529
0.0218119
0.0217961
0.021776
0.0217517
0.0217239
0.0216934
0.0216607
0.0216265
0.0215913
0.0215556
0.0215198
0.0214844
0.0214497
0.0214161
0.021384
0.021354
0.0213266
0.0213023
0.0212817
0.0212651
0.0212529
0.021246
0.0212456
0.0212512
0.0212388
0.0212105
0.0211849
0.0211629
0.0211444
0.0211294
0.0211178
0.0211094
0.021104
0.0211012
0.0211007
0.0210906
0.00400036
0.0219252
0.021963
0.0219533
0.0218123
0.0217965
0.0217764
0.0217521
0.0217243
0.0216938
0.0216611
0.0216269
0.0215917
0.021556
0.0215202
0.0214847
0.02145
0.0214164
0.0213843
0.0213543
0.0213269
0.0213026
0.021282
0.0212654
0.0212532
0.0212463
0.0212459
0.0212515
0.0212391
0.0212107
0.0211852
0.0211631
0.0211446
0.0211296
0.021118
0.0211096
0.0211042
0.0211014
0.0211009
0.0210908
0.0040003
0.0219254
0.0219632
0.0219535
0.0218125
0.0217967
0.0217765
0.0217522
0.0217244
0.0216939
0.0216612
0.021627
0.0215918
0.0215561
0.0215203
0.0214848
0.0214501
0.0214165
0.0213844
0.0213544
0.021327
0.0213027
0.0212821
0.0212655
0.0212533
0.0212463
0.0212459
0.0212515
0.0212391
0.0212107
0.0211852
0.0211631
0.0211446
0.0211296
0.021118
0.0211096
0.0211042
0.0211014
0.0211009
0.0210908
0.00400025
0.0219254
0.0219632
0.0219535
0.0218125
0.0217967
0.0217765
0.0217522
0.0217244
0.0216939
0.0216612
0.021627
0.0215918
0.021556
0.0215203
0.0214848
0.02145
0.0214164
0.0213844
0.0213543
0.0213269
0.0213026
0.021282
0.0212654
0.0212532
0.0212462
0.0212458
0.0212514
0.021239
0.0212106
0.0211851
0.021163
0.0211445
0.0211295
0.0211179
0.0211095
0.0211041
0.0211013
0.0211008
0.0210907
0.00400021
0.0219254
0.0219632
0.0219535
0.0218125
0.0217967
0.0217765
0.0217522
0.0217244
0.0216938
0.0216612
0.0216269
0.0215917
0.021556
0.0215202
0.0214847
0.02145
0.0214164
0.0213843
0.0213543
0.0213269
0.0213026
0.0212819
0.0212653
0.0212531
0.0212461
0.0212457
0.0212513
0.0212389
0.0212105
0.021185
0.0211629
0.0211444
0.0211294
0.0211178
0.0211094
0.021104
0.0211011
0.0211006
0.0210905
0.00400017
0.0219255
0.0219633
0.0219536
0.0218125
0.0217967
0.0217766
0.0217522
0.0217244
0.0216939
0.0216612
0.021627
0.0215918
0.0215561
0.0215203
0.0214848
0.0214501
0.0214164
0.0213844
0.0213543
0.0213269
0.0213026
0.0212819
0.0212653
0.0212531
0.0212461
0.0212457
0.0212513
0.0212389
0.0212105
0.021185
0.0211629
0.0211444
0.0211293
0.0211177
0.0211093
0.0211039
0.0211011
0.0211006
0.0210904
0.00400014
0.0219257
0.0219635
0.0219537
0.0218127
0.0217969
0.0217767
0.0217524
0.0217246
0.021694
0.0216613
0.0216271
0.0215919
0.0215562
0.0215204
0.0214849
0.0214501
0.0214165
0.0213844
0.0213544
0.0213269
0.0213026
0.021282
0.0212653
0.0212531
0.0212462
0.0212457
0.0212514
0.0212389
0.0212105
0.021185
0.0211629
0.0211443
0.0211293
0.0211177
0.0211093
0.0211038
0.021101
0.0211005
0.0210904
0.00400011
0.0219259
0.0219637
0.0219539
0.0218129
0.021797
0.0217769
0.0217525
0.0217247
0.0216941
0.0216614
0.0216272
0.0215919
0.0215562
0.0215204
0.0214849
0.0214502
0.0214165
0.0213844
0.0213544
0.0213269
0.0213026
0.0212819
0.0212653
0.0212531
0.0212461
0.0212457
0.0212513
0.0212388
0.0212104
0.0211849
0.0211628
0.0211442
0.0211292
0.0211176
0.0211092
0.0211038
0.021101
0.0211005
0.0210904
0.00400009
0.021926
0.0219638
0.0219541
0.021813
0.0217972
0.021777
0.0217526
0.0217248
0.0216942
0.0216615
0.0216272
0.021592
0.0215562
0.0215204
0.0214849
0.0214502
0.0214165
0.0213844
0.0213543
0.0213268
0.0213025
0.0212818
0.0212652
0.021253
0.0212461
0.0212456
0.0212512
0.0212388
0.0212104
0.0211848
0.0211627
0.0211442
0.0211292
0.0211176
0.0211092
0.0211037
0.0211009
0.0211004
0.0210903
0.00400007
0.0219261
0.0219639
0.0219541
0.021813
0.0217972
0.021777
0.0217526
0.0217248
0.0216942
0.0216615
0.0216272
0.0215919
0.0215562
0.0215204
0.0214849
0.0214501
0.0214164
0.0213843
0.0213543
0.0213268
0.0213024
0.0212817
0.0212651
0.0212529
0.021246
0.0212455
0.0212511
0.0212387
0.0212103
0.0211848
0.0211627
0.0211441
0.0211291
0.0211175
0.0211091
0.0211037
0.0211009
0.0211004
0.0210902
0.00400006
0.0219261
0.0219639
0.0219541
0.021813
0.0217972
0.0217769
0.0217526
0.0217247
0.0216941
0.0216614
0.0216272
0.0215919
0.0215561
0.0215203
0.0214848
0.02145
0.0214164
0.0213843
0.0213542
0.0213267
0.0213023
0.0212817
0.0212651
0.0212529
0.0212459
0.0212455
0.0212511
0.0212387
0.0212103
0.0211848
0.0211627
0.0211441
0.0211291
0.0211175
0.0211091
0.0211037
0.0211009
0.0211004
0.0210902
0.00400005
0.0219261
0.0219638
0.021954
0.021813
0.0217971
0.0217769
0.0217526
0.0217247
0.0216941
0.0216614
0.0216271
0.0215919
0.0215561
0.0215203
0.0214848
0.0214501
0.0214164
0.0213843
0.0213542
0.0213267
0.0213024
0.0212817
0.0212651
0.0212529
0.021246
0.0212456
0.0212512
0.0212388
0.0212104
0.0211848
0.0211627
0.0211442
0.0211292
0.0211176
0.0211092
0.0211037
0.021101
0.0211004
0.0210903
0.00400005
0.021926
0.0219637
0.021954
0.0218129
0.0217971
0.0217769
0.0217525
0.0217247
0.0216941
0.0216614
0.0216271
0.0215919
0.0215561
0.0215203
0.0214848
0.0214501
0.0214164
0.0213843
0.0213543
0.0213268
0.0213025
0.0212818
0.0212652
0.021253
0.0212461
0.0212457
0.0212513
0.0212389
0.0212105
0.0211849
0.0211628
0.0211443
0.0211293
0.0211177
0.0211094
0.0211039
0.0211011
0.0211006
0.0210905
0.00400005
0.0219259
0.0219637
0.0219539
0.0218128
0.021797
0.0217768
0.0217525
0.0217247
0.0216941
0.0216614
0.0216271
0.0215919
0.0215561
0.0215203
0.0214848
0.0214501
0.0214165
0.0213844
0.0213543
0.0213269
0.0213026
0.021282
0.0212654
0.0212532
0.0212462
0.0212458
0.0212514
0.021239
0.0212106
0.0211851
0.021163
0.0211445
0.0211295
0.0211179
0.0211095
0.0211041
0.0211013
0.0211008
0.0210907
0.00400005
0.0219258
0.0219636
0.0219539
0.0218128
0.021797
0.0217768
0.0217525
0.0217247
0.0216941
0.0216614
0.0216271
0.0215919
0.0215561
0.0215203
0.0214848
0.0214501
0.0214165
0.0213844
0.0213544
0.021327
0.0213027
0.021282
0.0212654
0.0212532
0.0212463
0.0212458
0.0212514
0.0212391
0.0212107
0.0211852
0.0211631
0.0211446
0.0211296
0.0211181
0.0211097
0.0211043
0.0211015
0.021101
0.0210909
0.00400005
0.0219258
0.0219636
0.0219539
0.0218128
0.021797
0.0217769
0.0217525
0.0217247
0.0216941
0.0216614
0.0216272
0.0215919
0.0215562
0.0215204
0.021485
0.0214502
0.0214166
0.0213846
0.0213546
0.0213271
0.0213028
0.0212822
0.0212656
0.0212534
0.0212465
0.021246
0.0212517
0.0212393
0.0212109
0.0211854
0.0211633
0.0211448
0.0211298
0.0211183
0.0211099
0.0211045
0.0211017
0.0211012
0.0210911
0.00400006
0.0219259
0.0219637
0.021954
0.0218129
0.0217972
0.021777
0.0217527
0.0217249
0.0216943
0.0216616
0.0216274
0.0215922
0.0215565
0.0215207
0.0214852
0.0214505
0.0214169
0.0213849
0.0213549
0.0213274
0.0213032
0.0212825
0.0212659
0.0212537
0.0212468
0.0212464
0.0212521
0.0212396
0.0212112
0.0211857
0.0211636
0.0211451
0.0211302
0.0211186
0.0211103
0.0211048
0.0211021
0.0211016
0.0210915
0.00400008
0.021926
0.0219638
0.0219541
0.0218131
0.0217973
0.0217772
0.0217528
0.0217251
0.0216945
0.0216618
0.0216276
0.0215924
0.0215567
0.0215209
0.0214855
0.0214508
0.0214172
0.0213852
0.0213552
0.0213277
0.0213035
0.0212828
0.0212663
0.0212541
0.0212472
0.0212468
0.0212524
0.0212399
0.0212115
0.021186
0.021164
0.0211455
0.0211306
0.021119
0.0211106
0.0211052
0.0211024
0.0211019
0.0210918
0.00400009
0.021926
0.0219639
0.0219542
0.0218132
0.0217974
0.0217773
0.021753
0.0217252
0.0216946
0.021662
0.0216278
0.0215926
0.0215569
0.0215211
0.0214857
0.021451
0.0214174
0.0213854
0.0213554
0.0213279
0.0213037
0.021283
0.0212665
0.0212543
0.0212474
0.021247
0.0212526
0.0212402
0.0212118
0.0211864
0.0211643
0.0211459
0.0211309
0.0211194
0.021111
0.0211056
0.0211028
0.0211023
0.0210922
0.00400012
0.0219259
0.0219638
0.0219541
0.0218131
0.0217974
0.0217772
0.0217529
0.0217252
0.0216947
0.021662
0.0216278
0.0215926
0.0215569
0.0215212
0.0214858
0.0214511
0.0214175
0.0213855
0.0213555
0.0213281
0.0213038
0.0212832
0.0212667
0.0212545
0.0212476
0.0212472
0.0212528
0.0212405
0.0212122
0.0211868
0.0211647
0.0211462
0.0211313
0.0211197
0.0211114
0.021106
0.0211032
0.0211027
0.0210927
0.00400015
0.0219257
0.0219636
0.0219539
0.021813
0.0217972
0.0217771
0.0217529
0.0217251
0.0216946
0.021662
0.0216278
0.0215927
0.021557
0.0215212
0.0214859
0.0214512
0.0214176
0.0213856
0.0213556
0.0213282
0.021304
0.0212834
0.0212669
0.0212548
0.0212479
0.0212475
0.0212532
0.0212409
0.0212126
0.0211871
0.0211651
0.0211466
0.0211317
0.0211201
0.0211118
0.0211064
0.0211037
0.0211032
0.0210932
0.00400017
0.0219252
0.0219631
0.0219535
0.0218126
0.0217969
0.0217768
0.0217525
0.0217248
0.0216944
0.0216618
0.0216276
0.0215925
0.0215568
0.0215211
0.0214857
0.021451
0.0214175
0.0213855
0.0213555
0.0213282
0.021304
0.0212834
0.0212669
0.0212548
0.0212479
0.0212476
0.0212533
0.021241
0.0212126
0.0211871
0.021165
0.0211466
0.0211317
0.0211201
0.0211118
0.0211064
0.0211037
0.0211033
0.0210932
0.00400023
0.0219243
0.0219622
0.0219526
0.0218117
0.021796
0.021776
0.0217518
0.0217241
0.0216936
0.0216611
0.0216269
0.0215918
0.0215561
0.0215204
0.021485
0.0214504
0.0214168
0.0213848
0.0213549
0.0213275
0.0213033
0.0212828
0.0212663
0.0212542
0.0212473
0.0212469
0.0212526
0.0212402
0.0212118
0.0211863
0.0211642
0.0211458
0.0211309
0.0211193
0.021111
0.0211056
0.0211029
0.0211024
0.0210924
0.00400029
0.0219228
0.0219607
0.0219511
0.0218102
0.0217945
0.0217744
0.0217502
0.0217226
0.0216921
0.0216595
0.0216254
0.0215903
0.0215546
0.0215189
0.0214835
0.0214488
0.0214153
0.0213833
0.0213534
0.0213261
0.0213019
0.0212813
0.0212648
0.0212527
0.0212458
0.0212454
0.021251
0.0212386
0.0212102
0.0211848
0.0211627
0.0211443
0.0211294
0.0211178
0.0211095
0.0211042
0.0211014
0.021101
0.0210909
0.00400035
0.0219202
0.021958
0.0219484
0.0218075
0.0217918
0.0217718
0.0217475
0.0217198
0.0216894
0.0216568
0.0216227
0.0215876
0.0215519
0.0215162
0.0214809
0.0214462
0.0214127
0.0213808
0.0213509
0.0213236
0.0212995
0.021279
0.0212625
0.0212504
0.0212436
0.0212432
0.0212489
0.0212365
0.0212082
0.0211828
0.0211607
0.0211423
0.0211274
0.0211159
0.0211076
0.0211022
0.0210995
0.021099
0.021089
0.00400044
0.0219159
0.0219537
0.0219441
0.0218031
0.0217874
0.0217673
0.0217431
0.0217154
0.021685
0.0216524
0.0216184
0.0215833
0.0215478
0.0215122
0.0214769
0.0214424
0.021409
0.0213771
0.0213473
0.0213201
0.0212961
0.0212757
0.0212593
0.0212473
0.0212405
0.0212402
0.0212459
0.0212336
0.0212053
0.0211799
0.0211579
0.0211394
0.0211245
0.021113
0.0211047
0.0210994
0.0210966
0.0210962
0.0210862
0.00400054
0.021909
0.0219467
0.021937
0.021796
0.0217803
0.0217602
0.021736
0.0217084
0.021678
0.0216456
0.0216116
0.0215767
0.0215413
0.0215058
0.0214706
0.0214362
0.021403
0.0213713
0.0213416
0.0213146
0.0212907
0.0212704
0.0212542
0.0212424
0.0212357
0.0212355
0.0212412
0.0212289
0.0212006
0.0211751
0.0211531
0.0211347
0.0211198
0.0211082
0.0210999
0.0210946
0.0210919
0.0210914
0.0210813
0.00400066
0.0218983
0.0219358
0.021926
0.021785
0.0217692
0.0217491
0.021725
0.0216974
0.0216671
0.0216348
0.021601
0.0215663
0.021531
0.0214957
0.0214608
0.0214266
0.0213936
0.0213621
0.0213328
0.021306
0.0212823
0.0212623
0.0212463
0.0212347
0.0212282
0.0212281
0.0212338
0.0212215
0.0211932
0.0211677
0.0211457
0.0211273
0.0211124
0.0211008
0.0210925
0.0210872
0.0210844
0.021084
0.021074
0.0040008
0.0218816
0.0219188
0.0219089
0.0217677
0.0217518
0.0217317
0.0217075
0.0216801
0.0216499
0.0216178
0.0215842
0.0215497
0.0215148
0.0214798
0.0214453
0.0214115
0.0213788
0.0213478
0.0213188
0.0212925
0.0212692
0.0212496
0.0212339
0.0212226
0.0212163
0.0212164
0.0212222
0.0212098
0.0211814
0.0211559
0.0211338
0.0211153
0.0211004
0.0210888
0.0210804
0.021075
0.0210722
0.0210717
0.0210617
0.00400103
0.0218551
0.0218918
0.0218815
0.02174
0.0217239
0.0217036
0.0216795
0.0216522
0.0216223
0.0215904
0.0215572
0.0215232
0.0214887
0.0214543
0.0214203
0.0213871
0.0213552
0.0213248
0.0212965
0.0212708
0.0212482
0.0212291
0.021214
0.0212032
0.0211974
0.0211977
0.0212035
0.021191
0.0211626
0.021137
0.0211149
0.0210963
0.0210812
0.0210696
0.0210611
0.0210556
0.0210527
0.0210521
0.021042
0.00400133
0.0218131
0.0218488
0.0218376
0.0216958
0.0216793
0.021659
0.021635
0.0216079
0.0215785
0.0215472
0.0215147
0.0214814
0.0214479
0.0214145
0.0213816
0.0213495
0.0213187
0.0212895
0.0212624
0.0212379
0.0212164
0.0211984
0.0211843
0.0211743
0.0211693
0.0211702
0.0211762
0.0211636
0.021135
0.0211093
0.021087
0.0210683
0.0210531
0.0210413
0.0210327
0.021027
0.0210239
0.0210232
0.021013
0.00400187
0.0217591
0.0217912
0.0217773
0.0216344
0.021618
0.0215979
0.0215744
0.021548
0.0215194
0.0214893
0.0214581
0.0214263
0.0213944
0.0213627
0.0213316
0.0213015
0.0212728
0.0212457
0.0212207
0.0211982
0.0211787
0.0211627
0.0211503
0.021142
0.0211384
0.0211407
0.0211483
0.0211369
0.0211071
0.02108
0.0210564
0.0210364
0.0210199
0.0210069
0.0209971
0.0209903
0.0209861
0.0209843
0.0209732
0.00398757
0.0202352
0.0211181
0.020676
0.0219366
0.0219168
0.0218919
0.0218626
0.0218296
0.0217939
0.0217564
0.0217176
0.0216784
0.0216392
0.0216005
0.0215628
0.0215265
0.021492
0.0214598
0.0214302
0.0214038
0.0213809
0.021362
0.0213473
0.0213369
0.0213318
0.0213332
0.0213421
0.0213346
0.0213006
0.0212672
0.0212378
0.0212125
0.0211912
0.0211737
0.0211598
0.021149
0.0211411
0.0211353
0.0211156
0.00355005
0.0203878
0.0212395
0.0207606
0.0219328
0.0219129
0.021888
0.0218586
0.0218256
0.0217898
0.021752
0.0217131
0.0216736
0.021634
0.0215949
0.0215568
0.0215199
0.0214848
0.0214519
0.0214215
0.0213943
0.0213706
0.0213507
0.021335
0.0213236
0.0213175
0.0213179
0.0213256
0.0213162
0.0212828
0.0212509
0.0212229
0.021199
0.0211791
0.0211629
0.0211502
0.0211406
0.0211337
0.0211291
0.0211104
0.00356301
0.0203848
0.021241
0.0207659
0.0219374
0.0219172
0.0218922
0.0218626
0.0218294
0.0217935
0.0217556
0.0217165
0.0216768
0.0216372
0.021598
0.0215596
0.0215227
0.0214874
0.0214544
0.0214239
0.0213965
0.0213727
0.0213528
0.0213369
0.0213255
0.0213192
0.0213195
0.0213272
0.0213178
0.0212844
0.0212526
0.0212248
0.021201
0.0211812
0.0211651
0.0211525
0.021143
0.0211363
0.0211317
0.0211132
0.00356284
0.0203831
0.0212394
0.0207669
0.0219418
0.0219216
0.0218964
0.0218668
0.0218334
0.0217974
0.0217594
0.0217202
0.0216805
0.0216407
0.0216014
0.0215629
0.0215259
0.0214905
0.0214573
0.0214268
0.0213993
0.0213754
0.0213554
0.0213395
0.0213279
0.0213216
0.0213219
0.0213294
0.02132
0.0212867
0.0212549
0.0212271
0.0212033
0.0211835
0.0211674
0.0211548
0.0211453
0.0211385
0.021134
0.0211154
0.00356277
0.0203824
0.0212384
0.0207675
0.0219454
0.0219251
0.0218999
0.0218702
0.0218368
0.0218007
0.0217626
0.0217233
0.0216835
0.0216436
0.0216042
0.0215657
0.0215286
0.0214931
0.0214599
0.0214292
0.0214017
0.0213777
0.0213576
0.0213417
0.0213301
0.0213237
0.0213239
0.0213314
0.0213221
0.0212887
0.0212569
0.0212291
0.0212053
0.0211854
0.0211693
0.0211567
0.0211472
0.0211405
0.0211359
0.0211174
0.0035627
0.020382
0.0212378
0.0207677
0.0219481
0.0219278
0.0219025
0.0218727
0.0218393
0.0218031
0.021765
0.0217257
0.0216858
0.0216459
0.0216065
0.0215679
0.0215307
0.0214952
0.0214619
0.0214312
0.0214036
0.0213796
0.0213594
0.0213434
0.0213318
0.0213254
0.0213255
0.0213331
0.0213237
0.0212903
0.0212585
0.0212307
0.0212069
0.021187
0.0211709
0.0211583
0.0211488
0.0211421
0.0211375
0.0211189
0.00356263
0.0203817
0.0212373
0.0207676
0.02195
0.0219296
0.0219044
0.0218745
0.0218411
0.0218049
0.0217668
0.0217275
0.0216875
0.0216476
0.0216081
0.0215695
0.0215323
0.0214967
0.0214634
0.0214327
0.0214051
0.021381
0.0213608
0.0213448
0.0213331
0.0213267
0.0213268
0.0213343
0.0213249
0.0212916
0.0212598
0.0212319
0.0212081
0.0211882
0.0211721
0.0211595
0.02115
0.0211433
0.0211387
0.0211201
0.00356256
0.0203815
0.0212368
0.0207675
0.0219512
0.0219309
0.0219056
0.0218758
0.0218423
0.0218061
0.021768
0.0217286
0.0216887
0.0216487
0.0216092
0.0215706
0.0215333
0.0214978
0.0214644
0.0214337
0.0214061
0.021382
0.0213618
0.0213457
0.021334
0.0213276
0.0213277
0.0213352
0.0213258
0.0212925
0.0212606
0.0212328
0.021209
0.0211891
0.021173
0.0211603
0.0211508
0.0211441
0.0211395
0.0211209
0.00356249
0.0203813
0.0212364
0.0207673
0.021952
0.0219316
0.0219064
0.0218765
0.0218431
0.0218069
0.0217687
0.0217294
0.0216894
0.0216494
0.0216099
0.0215713
0.021534
0.0214985
0.0214651
0.0214343
0.0214067
0.0213826
0.0213624
0.0213463
0.0213346
0.0213282
0.0213283
0.0213358
0.0213264
0.021293
0.0212612
0.0212333
0.0212095
0.0211896
0.0211735
0.0211608
0.0211513
0.0211445
0.0211399
0.0211213
0.00356243
0.0203811
0.021236
0.020767
0.0219524
0.021932
0.0219068
0.0218769
0.0218435
0.0218073
0.0217691
0.0217297
0.0216898
0.0216498
0.0216103
0.0215717
0.0215344
0.0214988
0.0214654
0.0214347
0.021407
0.0213829
0.0213627
0.0213466
0.0213349
0.0213285
0.0213286
0.0213361
0.0213267
0.0212933
0.0212614
0.0212336
0.0212097
0.0211898
0.0211737
0.0211611
0.0211515
0.0211447
0.0211402
0.0211216
0.00356237
0.0203809
0.0212357
0.0207668
0.0219525
0.0219322
0.0219069
0.0218771
0.0218436
0.0218074
0.0217692
0.0217299
0.0216899
0.0216499
0.0216104
0.0215718
0.0215345
0.0214989
0.0214655
0.0214348
0.0214071
0.021383
0.0213628
0.0213467
0.021335
0.0213285
0.0213286
0.0213362
0.0213267
0.0212933
0.0212615
0.0212336
0.0212097
0.0211899
0.0211737
0.0211611
0.0211515
0.0211447
0.0211402
0.0211216
0.00356233
0.0203807
0.0212354
0.0207666
0.0219526
0.0219322
0.0219069
0.0218771
0.0218436
0.0218074
0.0217692
0.0217298
0.0216899
0.0216499
0.0216103
0.0215717
0.0215344
0.0214989
0.0214655
0.0214347
0.0214071
0.0213829
0.0213627
0.0213466
0.0213349
0.0213284
0.0213286
0.0213361
0.0213266
0.0212932
0.0212613
0.0212335
0.0212096
0.0211898
0.0211736
0.021161
0.0211514
0.0211446
0.02114
0.0211214
0.00356229
0.0203806
0.0212352
0.0207664
0.0219525
0.0219322
0.0219069
0.021877
0.0218436
0.0218073
0.0217692
0.0217298
0.0216898
0.0216498
0.0216103
0.0215717
0.0215344
0.0214988
0.0214654
0.0214347
0.021407
0.0213829
0.0213627
0.0213466
0.0213349
0.0213284
0.0213285
0.021336
0.0213265
0.0212931
0.0212613
0.0212334
0.0212095
0.0211897
0.0211735
0.0211609
0.0211513
0.0211445
0.0211399
0.0211213
0.00356225
0.0203805
0.021235
0.0207662
0.0219526
0.0219322
0.0219069
0.0218771
0.0218436
0.0218074
0.0217692
0.0217299
0.0216899
0.0216499
0.0216104
0.0215717
0.0215344
0.0214989
0.0214655
0.0214347
0.021407
0.0213829
0.0213627
0.0213466
0.0213349
0.0213284
0.0213285
0.021336
0.0213266
0.0212931
0.0212613
0.0212334
0.0212095
0.0211896
0.0211735
0.0211608
0.0211513
0.0211445
0.0211399
0.0211212
0.00356222
0.0203804
0.0212348
0.0207661
0.0219528
0.0219324
0.0219071
0.0218772
0.0218438
0.0218075
0.0217694
0.02173
0.02169
0.02165
0.0216104
0.0215718
0.0215345
0.0214989
0.0214655
0.0214348
0.0214071
0.021383
0.0213627
0.0213466
0.0213349
0.0213284
0.0213285
0.021336
0.0213266
0.0212932
0.0212613
0.0212334
0.0212095
0.0211896
0.0211734
0.0211608
0.0211512
0.0211444
0.0211398
0.0211212
0.00356219
0.0203803
0.0212346
0.020766
0.0219529
0.0219325
0.0219072
0.0218773
0.0218439
0.0218076
0.0217694
0.02173
0.02169
0.02165
0.0216105
0.0215718
0.0215345
0.0214989
0.0214655
0.0214347
0.0214071
0.0213829
0.0213627
0.0213466
0.0213349
0.0213284
0.0213285
0.021336
0.0213265
0.0212931
0.0212612
0.0212333
0.0212094
0.0211895
0.0211734
0.0211607
0.0211512
0.0211444
0.0211398
0.0211212
0.00356217
0.0203802
0.0212345
0.0207659
0.021953
0.0219326
0.0219073
0.0218774
0.0218439
0.0218077
0.0217695
0.02173
0.02169
0.02165
0.0216105
0.0215718
0.0215345
0.0214989
0.0214655
0.0214347
0.021407
0.0213828
0.0213626
0.0213465
0.0213348
0.0213283
0.0213284
0.0213358
0.0213264
0.021293
0.0212611
0.0212332
0.0212094
0.0211895
0.0211733
0.0211606
0.0211511
0.0211443
0.0211397
0.0211211
0.00356215
0.0203802
0.0212345
0.0207658
0.0219531
0.0219327
0.0219073
0.0218774
0.0218439
0.0218077
0.0217695
0.02173
0.02169
0.02165
0.0216104
0.0215718
0.0215345
0.0214989
0.0214654
0.0214346
0.0214069
0.0213828
0.0213625
0.0213464
0.0213347
0.0213282
0.0213283
0.0213358
0.0213263
0.0212929
0.0212611
0.0212332
0.0212094
0.0211895
0.0211733
0.0211606
0.0211511
0.0211443
0.0211397
0.021121
0.00356215
0.0203801
0.0212344
0.0207657
0.021953
0.0219326
0.0219073
0.0218774
0.0218439
0.0218076
0.0217694
0.02173
0.02169
0.0216499
0.0216104
0.0215717
0.0215344
0.0214988
0.0214654
0.0214345
0.0214068
0.0213827
0.0213624
0.0213463
0.0213346
0.0213282
0.0213283
0.0213358
0.0213264
0.0212929
0.0212611
0.0212332
0.0212093
0.0211894
0.0211733
0.0211606
0.0211511
0.0211443
0.0211396
0.021121
0.00356214
0.0203801
0.0212344
0.0207657
0.021953
0.0219326
0.0219073
0.0218774
0.0218439
0.0218076
0.0217694
0.02173
0.02169
0.02165
0.0216104
0.0215718
0.0215344
0.0214988
0.0214654
0.0214346
0.0214069
0.0213827
0.0213625
0.0213464
0.0213347
0.0213283
0.0213284
0.0213359
0.0213264
0.021293
0.0212612
0.0212332
0.0212094
0.0211895
0.0211734
0.0211607
0.0211511
0.0211443
0.0211397
0.0211211
0.00356214
0.0203801
0.0212344
0.0207657
0.0219529
0.0219326
0.0219072
0.0218774
0.0218439
0.0218076
0.0217694
0.02173
0.02169
0.02165
0.0216104
0.0215718
0.0215345
0.0214989
0.0214654
0.0214346
0.021407
0.0213828
0.0213626
0.0213465
0.0213349
0.0213284
0.0213285
0.021336
0.0213266
0.0212931
0.0212613
0.0212333
0.0212095
0.0211896
0.0211735
0.0211608
0.0211513
0.0211445
0.0211399
0.0211213
0.00356214
0.0203801
0.0212344
0.0207658
0.0219529
0.0219325
0.0219072
0.0218773
0.0218438
0.0218076
0.0217694
0.02173
0.02169
0.02165
0.0216104
0.0215718
0.0215345
0.0214989
0.0214655
0.0214347
0.0214071
0.021383
0.0213628
0.0213467
0.021335
0.0213285
0.0213286
0.0213361
0.0213266
0.0212932
0.0212614
0.0212335
0.0212097
0.0211898
0.0211737
0.021161
0.0211515
0.0211447
0.0211401
0.0211215
0.00356214
0.0203802
0.0212345
0.0207658
0.0219529
0.0219325
0.0219072
0.0218773
0.0218438
0.0218076
0.0217694
0.02173
0.02169
0.02165
0.0216104
0.0215718
0.0215345
0.021499
0.0214656
0.0214348
0.0214071
0.021383
0.0213628
0.0213468
0.021335
0.0213285
0.0213287
0.0213362
0.0213268
0.0212934
0.0212615
0.0212336
0.0212098
0.02119
0.0211738
0.0211612
0.0211517
0.0211449
0.0211403
0.0211217
0.00356214
0.0203802
0.0212346
0.0207659
0.0219529
0.0219325
0.0219072
0.0218774
0.0218439
0.0218076
0.0217694
0.02173
0.0216901
0.0216501
0.0216105
0.0215719
0.0215346
0.0214991
0.0214657
0.0214349
0.0214073
0.0213832
0.021363
0.0213469
0.0213352
0.0213287
0.0213289
0.0213364
0.021327
0.0212936
0.0212617
0.0212338
0.02121
0.0211902
0.021174
0.0211614
0.0211519
0.0211451
0.0211405
0.0211219
0.00356215
0.0203803
0.0212347
0.020766
0.021953
0.0219327
0.0219074
0.0218775
0.0218441
0.0218078
0.0217697
0.0217303
0.0216903
0.0216503
0.0216108
0.0215722
0.0215349
0.0214994
0.021466
0.0214353
0.0214076
0.0213835
0.0213633
0.0213472
0.0213355
0.0213291
0.0213292
0.0213368
0.0213273
0.0212939
0.0212621
0.0212341
0.0212104
0.0211905
0.0211744
0.0211617
0.0211522
0.0211454
0.0211408
0.0211223
0.00356216
0.0203804
0.0212348
0.0207661
0.0219532
0.0219328
0.0219076
0.0218777
0.0218443
0.021808
0.0217699
0.0217305
0.0216905
0.0216506
0.0216111
0.0215725
0.0215352
0.0214997
0.0214663
0.0214356
0.0214079
0.0213838
0.0213636
0.0213476
0.0213359
0.0213294
0.0213296
0.0213371
0.0213276
0.0212942
0.0212624
0.0212345
0.0212107
0.0211909
0.0211748
0.0211621
0.0211526
0.0211458
0.0211412
0.0211226
0.00356218
0.0203805
0.021235
0.0207662
0.0219533
0.0219329
0.0219077
0.0218779
0.0218444
0.0218082
0.02177
0.0217307
0.0216907
0.0216507
0.0216112
0.0215726
0.0215354
0.0214999
0.0214665
0.0214358
0.0214081
0.021384
0.0213638
0.0213478
0.0213361
0.0213296
0.0213298
0.0213373
0.0213278
0.0212945
0.0212627
0.0212348
0.0212111
0.0211912
0.0211751
0.0211625
0.0211529
0.0211462
0.0211416
0.021123
0.0035622
0.0203806
0.0212352
0.0207664
0.0219532
0.0219329
0.0219077
0.0218779
0.0218444
0.0218082
0.0217701
0.0217307
0.0216908
0.0216508
0.0216113
0.0215727
0.0215355
0.0215
0.0214666
0.0214359
0.0214083
0.0213842
0.021364
0.021348
0.0213363
0.0213299
0.02133
0.0213375
0.0213282
0.0212949
0.0212631
0.0212352
0.0212114
0.0211916
0.0211755
0.0211628
0.0211534
0.0211466
0.021142
0.0211234
0.00356222
0.0203807
0.0212354
0.0207666
0.0219531
0.0219328
0.0219076
0.0218778
0.0218444
0.0218082
0.0217701
0.0217307
0.0216908
0.0216509
0.0216114
0.0215728
0.0215356
0.0215001
0.0214668
0.021436
0.0214084
0.0213844
0.0213642
0.0213482
0.0213366
0.0213301
0.0213303
0.0213379
0.0213286
0.0212953
0.0212635
0.0212356
0.0212118
0.0211919
0.0211759
0.0211633
0.0211538
0.021147
0.0211425
0.0211239
0.00356226
0.0203809
0.0212357
0.0207668
0.0219527
0.0219324
0.0219072
0.0218775
0.0218441
0.021808
0.0217699
0.0217305
0.0216906
0.0216507
0.0216112
0.0215727
0.0215355
0.0215
0.0214667
0.021436
0.0214084
0.0213844
0.0213642
0.0213482
0.0213366
0.0213302
0.0213304
0.021338
0.0213286
0.0212952
0.0212634
0.0212355
0.0212117
0.0211919
0.0211758
0.0211632
0.0211538
0.021147
0.0211425
0.0211239
0.00356231
0.020381
0.021236
0.020767
0.0219519
0.0219316
0.0219064
0.0218767
0.0218433
0.0218072
0.0217692
0.0217298
0.0216899
0.02165
0.0216106
0.021572
0.0215348
0.0214993
0.021466
0.0214353
0.0214077
0.0213837
0.0213636
0.0213475
0.0213359
0.0213295
0.0213297
0.0213372
0.0213278
0.0212944
0.0212625
0.0212347
0.0212109
0.0211911
0.021175
0.0211624
0.021153
0.0211462
0.0211417
0.0211231
0.00356234
0.0203812
0.0212364
0.0207672
0.0219503
0.0219301
0.0219049
0.0218752
0.0218418
0.0218057
0.0217676
0.0217283
0.0216884
0.0216484
0.021609
0.0215704
0.0215332
0.0214977
0.0214644
0.0214338
0.0214062
0.0213822
0.021362
0.021346
0.0213344
0.021328
0.0213282
0.0213357
0.0213262
0.0212928
0.021261
0.0212332
0.0212095
0.0211896
0.0211736
0.0211609
0.0211515
0.0211447
0.0211402
0.0211216
0.00356243
0.0203814
0.0212368
0.0207674
0.0219476
0.0219273
0.0219021
0.0218724
0.021839
0.0218029
0.0217648
0.0217255
0.0216856
0.0216457
0.0216063
0.0215677
0.0215306
0.0214951
0.0214619
0.0214312
0.0214037
0.0213797
0.0213596
0.0213437
0.0213321
0.0213257
0.0213259
0.0213334
0.021324
0.0212907
0.021259
0.0212311
0.0212074
0.0211876
0.0211715
0.0211589
0.0211495
0.0211428
0.0211382
0.0211197
0.00356251
0.0203816
0.0212372
0.0207675
0.021943
0.0219228
0.0218976
0.0218678
0.0218345
0.0217984
0.0217603
0.0217211
0.0216813
0.0216415
0.0216021
0.0215637
0.0215266
0.0214913
0.0214581
0.0214276
0.0214002
0.0213763
0.0213563
0.0213404
0.0213289
0.0213226
0.0213228
0.0213305
0.0213211
0.0212878
0.021256
0.0212282
0.0212045
0.0211847
0.0211686
0.021156
0.0211466
0.0211399
0.0211353
0.0211168
0.00356258
0.0203819
0.0212377
0.0207675
0.0219357
0.0219154
0.0218902
0.0218605
0.0218272
0.0217912
0.0217533
0.0217141
0.0216745
0.0216348
0.0215956
0.0215573
0.0215203
0.0214851
0.0214521
0.0214218
0.0213945
0.0213708
0.0213509
0.0213352
0.0213238
0.0213176
0.021318
0.0213257
0.0213163
0.021283
0.0212512
0.0212234
0.0211997
0.0211799
0.0211638
0.0211512
0.0211418
0.021135
0.0211305
0.021112
0.00356272
0.0203822
0.0212382
0.0207673
0.0219241
0.0219038
0.0218786
0.021849
0.0218158
0.0217799
0.0217421
0.0217032
0.0216637
0.0216242
0.0215852
0.0215472
0.0215105
0.0214755
0.0214428
0.0214127
0.0213857
0.0213622
0.0213426
0.0213271
0.021316
0.02131
0.0213105
0.0213182
0.0213089
0.0212755
0.0212438
0.021216
0.0211922
0.0211724
0.0211564
0.0211438
0.0211343
0.0211276
0.0211231
0.0211045
0.00356284
0.0203827
0.021239
0.0207666
0.0219058
0.0218855
0.0218603
0.0218307
0.0217977
0.021762
0.0217244
0.0216858
0.0216466
0.0216074
0.0215688
0.0215312
0.0214949
0.0214604
0.0214281
0.0213984
0.0213718
0.0213488
0.0213296
0.0213145
0.0213036
0.0212979
0.0212986
0.0213064
0.021297
0.0212636
0.0212318
0.021204
0.0211802
0.0211603
0.0211442
0.0211316
0.0211221
0.0211153
0.0211107
0.0210922
0.00356306
0.0203842
0.0212405
0.0207654
0.0218764
0.0218559
0.0218307
0.0218012
0.0217684
0.021733
0.0216959
0.0216576
0.021619
0.0215804
0.0215424
0.0215054
0.0214698
0.021436
0.0214044
0.0213755
0.0213496
0.0213272
0.0213086
0.0212941
0.0212838
0.0212786
0.0212796
0.0212876
0.021278
0.0212446
0.0212127
0.0211848
0.0211609
0.021141
0.0211248
0.0211121
0.0211026
0.0210957
0.0210911
0.0210725
0.00356332
0.0203869
0.0212386
0.0207596
0.0218293
0.0218086
0.0217835
0.0217543
0.0217219
0.0216871
0.0216507
0.0216133
0.0215756
0.0215381
0.0215012
0.0214654
0.021431
0.0213985
0.0213681
0.0213404
0.0213158
0.0212946
0.0212772
0.0212637
0.0212544
0.02125
0.0212518
0.02126
0.0212504
0.0212169
0.0211848
0.0211567
0.0211328
0.0211127
0.0210964
0.0210835
0.0210738
0.0210668
0.0210619
0.0210434
0.00356385
0.0202344
0.0211173
0.0206751
0.0217648
0.0217443
0.0217197
0.0216912
0.0216597
0.021626
0.0215909
0.021555
0.021519
0.0214833
0.0214483
0.0214145
0.0213823
0.021352
0.0213239
0.0212985
0.0212762
0.0212572
0.0212419
0.0212304
0.0212229
0.0212203
0.0212238
0.0212335
0.0212255
0.0211914
0.0211578
0.0211281
0.0211026
0.0210811
0.0210634
0.0210493
0.0210383
0.0210301
0.0210241
0.0210045
0.00355147
0.0179126
0.0183442
0.0179817
0.0210684
0.0214545
0.0219161
0.0219912
0.0219513
0.0219087
0.0218647
0.02182
0.0217754
0.0217316
0.021689
0.0216482
0.0216096
0.0215735
0.0215404
0.0215107
0.0214847
0.0214627
0.0214451
0.0214318
0.0214231
0.0214194
0.0214225
0.0214332
0.0214304
0.0213933
0.021352
0.0213154
0.0212836
0.0212566
0.021234
0.0212154
0.0212003
0.0211883
0.0211784
0.0211498
0.00320045
0.0180436
0.0184455
0.0180541
0.021154
0.0215434
0.0220074
0.0219873
0.0219472
0.0219046
0.0218604
0.0218155
0.0217706
0.0217264
0.0216834
0.0216421
0.0216028
0.021566
0.0215321
0.0215015
0.0214745
0.0214515
0.0214327
0.0214182
0.0214081
0.0214031
0.0214048
0.0214142
0.0214091
0.0213719
0.0213325
0.0212977
0.0212677
0.0212423
0.0212212
0.021204
0.0211902
0.0211794
0.0211708
0.0211433
0.00321177
0.018041
0.0184466
0.0180583
0.0211589
0.0215488
0.0220135
0.0219914
0.0219512
0.0219084
0.0218641
0.021819
0.021774
0.0217297
0.0216865
0.021645
0.0216056
0.0215687
0.0215346
0.0215039
0.0214768
0.0214537
0.0214347
0.0214201
0.0214099
0.0214048
0.0214064
0.0214157
0.0214105
0.0213735
0.0213342
0.0212996
0.0212697
0.0212444
0.0212233
0.0212063
0.0211927
0.021182
0.0211734
0.0211461
0.0032116
0.0180396
0.0184452
0.018059
0.0211583
0.021548
0.0220126
0.0219956
0.0219553
0.0219124
0.021868
0.0218228
0.0217777
0.0217332
0.02169
0.0216484
0.0216089
0.0215718
0.0215377
0.0215068
0.0214796
0.0214564
0.0214374
0.0214227
0.0214124
0.0214073
0.0214088
0.021418
0.0214128
0.0213758
0.0213366
0.0213019
0.021272
0.0212466
0.0212256
0.0212086
0.0211949
0.0211842
0.0211757
0.0211483
0.00321152
0.0180389
0.0184444
0.0180594
0.0211579
0.0215474
0.0220119
0.0219991
0.0219587
0.0219157
0.0218712
0.021826
0.0217808
0.0217362
0.0216929
0.0216512
0.0216116
0.0215745
0.0215402
0.0215093
0.021482
0.0214588
0.0214397
0.0214249
0.0214145
0.0214094
0.0214108
0.02142
0.0214149
0.0213778
0.0213386
0.0213039
0.0212739
0.0212486
0.0212276
0.0212105
0.0211969
0.0211862
0.0211776
0.0211502
0.00321145
0.0180386
0.0184438
0.0180595
0.0211574
0.0215468
0.0220113
0.0220017
0.0219613
0.0219183
0.0218737
0.0218284
0.0217832
0.0217386
0.0216952
0.0216534
0.0216138
0.0215766
0.0215423
0.0215113
0.021484
0.0214606
0.0214415
0.0214267
0.0214163
0.0214111
0.0214125
0.0214217
0.0214165
0.0213795
0.0213402
0.0213055
0.0212756
0.0212502
0.0212292
0.0212121
0.0211985
0.0211878
0.0211792
0.0211518
0.00321137
0.0180383
0.0184433
0.0180594
0.021157
0.0215463
0.0220107
0.0220036
0.0219631
0.0219201
0.0218755
0.0218302
0.0217849
0.0217403
0.0216968
0.021655
0.0216154
0.0215781
0.0215438
0.0215128
0.0214854
0.0214621
0.0214429
0.0214281
0.0214176
0.0214124
0.0214138
0.0214229
0.0214178
0.0213807
0.0213414
0.0213067
0.0212768
0.0212515
0.0212304
0.0212133
0.0211997
0.021189
0.0211804
0.021153
0.0032113
0.018038
0.0184428
0.0180592
0.0211565
0.0215458
0.0220101
0.0220048
0.0219644
0.0219213
0.0218767
0.0218313
0.0217861
0.0217414
0.021698
0.0216562
0.0216165
0.0215792
0.0215449
0.0215138
0.0214865
0.0214631
0.0214439
0.021429
0.0214186
0.0214133
0.0214147
0.0214239
0.0214187
0.0213817
0.0213424
0.0213076
0.0212777
0.0212523
0.0212313
0.0212142
0.0212005
0.0211898
0.0211812
0.0211538
0.00321123
0.0180378
0.0184424
0.018059
0.0211561
0.0215454
0.0220097
0.0220056
0.0219651
0.0219221
0.0218774
0.0218321
0.0217868
0.0217421
0.0216987
0.0216569
0.0216172
0.0215799
0.0215456
0.0215145
0.0214871
0.0214637
0.0214445
0.0214297
0.0214192
0.0214139
0.0214153
0.0214245
0.0214193
0.0213823
0.0213429
0.0213082
0.0212783
0.0212529
0.0212318
0.0212147
0.021201
0.0211903
0.0211817
0.0211543
0.00321117
0.0180376
0.0184421
0.0180587
0.0211557
0.021545
0.0220093
0.022006
0.0219656
0.0219225
0.0218778
0.0218325
0.0217872
0.0217425
0.0216991
0.0216573
0.0216175
0.0215803
0.0215459
0.0215149
0.0214875
0.0214641
0.0214449
0.02143
0.0214195
0.0214143
0.0214157
0.0214248
0.0214196
0.0213826
0.0213432
0.0213085
0.0212785
0.0212532
0.0212321
0.021215
0.0212013
0.0211906
0.021182
0.0211545
0.00321111
0.0180374
0.0184418
0.0180585
0.0211554
0.0215446
0.0220089
0.0220062
0.0219657
0.0219226
0.021878
0.0218326
0.0217873
0.0217427
0.0216992
0.0216574
0.0216177
0.0215804
0.0215461
0.021515
0.0214876
0.0214642
0.021445
0.0214301
0.0214196
0.0214144
0.0214158
0.0214249
0.0214197
0.0213826
0.0213433
0.0213085
0.0212786
0.0212532
0.0212321
0.021215
0.0212013
0.0211906
0.021182
0.0211546
0.00321107
0.0180373
0.0184416
0.0180583
0.0211551
0.0215443
0.0220086
0.0220062
0.0219657
0.0219226
0.021878
0.0218326
0.0217873
0.0217426
0.0216992
0.0216574
0.0216176
0.0215804
0.021546
0.021515
0.0214876
0.0214642
0.021445
0.0214301
0.0214196
0.0214143
0.0214157
0.0214248
0.0214196
0.0213825
0.0213432
0.0213084
0.0212785
0.0212531
0.021232
0.0212149
0.0212013
0.0211905
0.0211819
0.0211545
0.00321103
0.0180371
0.0184413
0.0180582
0.0211548
0.021544
0.0220083
0.0220062
0.0219657
0.0219226
0.021878
0.0218326
0.0217873
0.0217426
0.0216992
0.0216573
0.0216176
0.0215804
0.021546
0.0215149
0.0214875
0.0214641
0.0214449
0.02143
0.0214196
0.0214143
0.0214157
0.0214248
0.0214196
0.0213825
0.0213431
0.0213084
0.0212784
0.021253
0.021232
0.0212148
0.0212011
0.0211904
0.0211818
0.0211543
0.00321101
0.018037
0.0184411
0.018058
0.0211546
0.0215438
0.022008
0.0220062
0.0219657
0.0219226
0.021878
0.0218326
0.0217873
0.0217426
0.0216992
0.0216574
0.0216176
0.0215804
0.021546
0.0215149
0.0214875
0.0214641
0.0214449
0.02143
0.0214196
0.0214143
0.0214157
0.0214248
0.0214196
0.0213825
0.0213431
0.0213083
0.0212784
0.021253
0.0212319
0.0212148
0.0212011
0.0211903
0.0211817
0.0211543
0.00321098
0.0180369
0.018441
0.0180579
0.0211544
0.0215436
0.0220078
0.0220063
0.0219658
0.0219228
0.0218781
0.0218327
0.0217874
0.0217427
0.0216993
0.0216574
0.0216177
0.0215804
0.0215461
0.021515
0.0214876
0.0214642
0.021445
0.0214301
0.0214196
0.0214143
0.0214157
0.0214248
0.0214196
0.0213825
0.0213432
0.0213084
0.0212784
0.021253
0.0212319
0.0212147
0.021201
0.0211903
0.0211817
0.0211542
0.00321096
0.0180368
0.0184409
0.0180578
0.0211542
0.0215434
0.0220076
0.0220064
0.0219659
0.0219228
0.0218782
0.0218328
0.0217874
0.0217428
0.0216993
0.0216574
0.0216177
0.0215804
0.0215461
0.021515
0.0214876
0.0214642
0.021445
0.02143
0.0214196
0.0214143
0.0214156
0.0214247
0.0214195
0.0213824
0.021343
0.0213083
0.0212783
0.0212529
0.0212318
0.0212146
0.021201
0.0211902
0.0211816
0.0211542
0.00321094
0.0180368
0.0184408
0.0180577
0.021154
0.0215433
0.0220075
0.0220065
0.021966
0.0219228
0.0218782
0.0218328
0.0217874
0.0217427
0.0216992
0.0216574
0.0216177
0.0215804
0.021546
0.0215149
0.0214875
0.0214641
0.0214448
0.0214299
0.0214195
0.0214141
0.0214155
0.0214246
0.0214194
0.0213823
0.021343
0.0213082
0.0212782
0.0212528
0.0212317
0.0212146
0.0212009
0.0211902
0.0211816
0.0211541
0.00321092
0.0180367
0.0184407
0.0180576
0.0211539
0.0215431
0.0220074
0.0220065
0.021966
0.0219229
0.0218782
0.0218328
0.0217874
0.0217427
0.0216992
0.0216574
0.0216176
0.0215804
0.021546
0.0215149
0.0214874
0.021464
0.0214448
0.0214299
0.0214194
0.0214141
0.0214155
0.0214246
0.0214194
0.0213823
0.0213429
0.0213082
0.0212782
0.0212528
0.0212317
0.0212146
0.0212009
0.0211901
0.0211815
0.0211541
0.00321091
0.0180367
0.0184407
0.0180576
0.0211539
0.0215431
0.0220073
0.0220065
0.0219659
0.0219228
0.0218781
0.0218327
0.0217873
0.0217427
0.0216992
0.0216573
0.0216176
0.0215803
0.0215459
0.0215148
0.0214873
0.0214639
0.0214447
0.0214298
0.0214193
0.0214141
0.0214155
0.0214246
0.0214194
0.0213823
0.0213429
0.0213082
0.0212782
0.0212528
0.0212317
0.0212146
0.0212009
0.0211901
0.0211815
0.021154
0.00321091
0.0180367
0.0184406
0.0180575
0.0211539
0.0215431
0.0220073
0.0220064
0.0219659
0.0219228
0.0218781
0.0218327
0.0217873
0.0217427
0.0216992
0.0216574
0.0216176
0.0215803
0.0215459
0.0215148
0.0214874
0.0214639
0.0214447
0.0214299
0.0214194
0.0214142
0.0214156
0.0214247
0.0214195
0.0213824
0.021343
0.0213083
0.0212783
0.0212529
0.0212318
0.0212146
0.021201
0.0211902
0.0211816
0.0211541
0.00321091
0.0180367
0.0184406
0.0180575
0.0211539
0.0215431
0.0220073
0.0220064
0.0219659
0.0219228
0.0218781
0.0218327
0.0217874
0.0217427
0.0216992
0.0216574
0.0216177
0.0215804
0.021546
0.0215149
0.0214875
0.0214641
0.0214449
0.02143
0.0214196
0.0214143
0.0214157
0.0214248
0.0214196
0.0213825
0.0213431
0.0213084
0.0212784
0.021253
0.0212319
0.0212148
0.0212011
0.0211903
0.0211818
0.0211543
0.00321091
0.0180367
0.0184407
0.0180576
0.0211539
0.0215431
0.0220073
0.0220064
0.0219659
0.0219228
0.0218781
0.0218327
0.0217874
0.0217427
0.0216992
0.0216574
0.0216177
0.0215804
0.0215461
0.021515
0.0214876
0.0214642
0.021445
0.0214301
0.0214197
0.0214144
0.0214158
0.0214249
0.0214197
0.0213826
0.0213432
0.0213085
0.0212785
0.0212532
0.0212321
0.021215
0.0212013
0.0211905
0.021182
0.0211545
0.00321091
0.0180367
0.0184407
0.0180576
0.0211539
0.0215432
0.0220074
0.0220064
0.0219659
0.0219228
0.0218781
0.0218327
0.0217874
0.0217427
0.0216993
0.0216575
0.0216177
0.0215805
0.0215461
0.021515
0.0214877
0.0214643
0.0214451
0.0214302
0.0214197
0.0214145
0.0214158
0.021425
0.0214198
0.0213827
0.0213434
0.0213087
0.0212787
0.0212533
0.0212322
0.0212151
0.0212015
0.0211907
0.0211821
0.0211547
0.00321091
0.0180368
0.0184408
0.0180576
0.021154
0.0215432
0.0220075
0.0220064
0.0219659
0.0219228
0.0218782
0.0218328
0.0217875
0.0217428
0.0216994
0.0216576
0.0216179
0.0215806
0.0215463
0.0215152
0.0214878
0.0214644
0.0214452
0.0214304
0.0214199
0.0214146
0.021416
0.0214252
0.02142
0.0213829
0.0213436
0.0213088
0.0212789
0.0212535
0.0212324
0.0212153
0.0212017
0.0211909
0.0211823
0.0211549
0.00321092
0.0180368
0.0184409
0.0180577
0.0211541
0.0215434
0.0220076
0.0220066
0.0219661
0.0219231
0.0218784
0.021833
0.0217877
0.0217431
0.0216996
0.0216579
0.0216182
0.0215809
0.0215466
0.0215155
0.0214881
0.0214647
0.0214456
0.0214307
0.0214202
0.021415
0.0214164
0.0214255
0.0214204
0.0213833
0.0213439
0.0213091
0.0212792
0.0212538
0.0212328
0.0212156
0.021202
0.0211913
0.0211827
0.0211553
0.00321093
0.0180369
0.018441
0.0180578
0.0211543
0.0215435
0.0220078
0.0220068
0.0219664
0.0219233
0.0218786
0.0218333
0.021788
0.0217433
0.0216999
0.0216581
0.0216184
0.0215812
0.0215469
0.0215158
0.0214884
0.021465
0.0214459
0.021431
0.0214206
0.0214153
0.0214167
0.0214258
0.0214207
0.0213836
0.0213442
0.0213095
0.0212795
0.0212542
0.0212331
0.021216
0.0212024
0.0211917
0.0211831
0.0211556
0.00321094
0.018037
0.0184411
0.0180579
0.0211545
0.0215437
0.022008
0.022007
0.0219665
0.0219234
0.0218788
0.0218335
0.0217882
0.0217435
0.0217001
0.0216583
0.0216186
0.0215814
0.0215471
0.021516
0.0214887
0.0214653
0.0214461
0.0214312
0.0214208
0.0214155
0.0214169
0.021426
0.0214209
0.0213838
0.0213445
0.0213098
0.0212799
0.0212545
0.0212335
0.0212164
0.0212027
0.021192
0.0211834
0.021156
0.00321096
0.0180371
0.0184413
0.0180581
0.0211547
0.021544
0.0220082
0.022007
0.0219665
0.0219235
0.0218789
0.0218335
0.0217882
0.0217436
0.0217002
0.0216584
0.0216187
0.0215815
0.0215472
0.0215162
0.0214888
0.0214655
0.0214463
0.0214315
0.021421
0.0214158
0.0214172
0.0214263
0.0214212
0.0213842
0.0213449
0.0213102
0.0212803
0.0212549
0.0212339
0.0212168
0.0212031
0.0211924
0.0211838
0.0211564
0.00321098
0.0180372
0.0184415
0.0180583
0.021155
0.0215442
0.0220085
0.022007
0.0219665
0.0219235
0.0218789
0.0218336
0.0217883
0.0217437
0.0217003
0.0216585
0.0216188
0.0215817
0.0215473
0.0215163
0.021489
0.0214656
0.0214465
0.0214317
0.0214213
0.021416
0.0214175
0.0214267
0.0214216
0.0213846
0.0213453
0.0213105
0.0212806
0.0212553
0.0212342
0.0212171
0.0212035
0.0211928
0.0211843
0.0211569
0.00321102
0.0180374
0.0184418
0.0180585
0.0211553
0.0215446
0.0220089
0.0220067
0.0219663
0.0219233
0.0218787
0.0218334
0.0217881
0.0217435
0.0217001
0.0216584
0.0216187
0.0215815
0.0215472
0.0215162
0.0214889
0.0214656
0.0214465
0.0214316
0.0214212
0.021416
0.0214175
0.0214267
0.0214216
0.0213845
0.0213452
0.0213104
0.0212805
0.0212552
0.0212342
0.0212171
0.0212035
0.0211928
0.0211843
0.0211569
0.00321104
0.0180376
0.0184421
0.0180587
0.0211556
0.0215449
0.0220093
0.0220059
0.0219655
0.0219225
0.021878
0.0218327
0.0217874
0.0217428
0.0216994
0.0216577
0.021618
0.0215808
0.0215466
0.0215156
0.0214882
0.0214649
0.0214458
0.021431
0.0214206
0.0214154
0.0214168
0.0214259
0.0214208
0.0213837
0.0213443
0.0213097
0.0212797
0.0212544
0.0212334
0.0212163
0.0212027
0.021192
0.0211834
0.021156
0.00321111
0.0180377
0.0184424
0.0180589
0.021156
0.0215453
0.0220097
0.0220043
0.0219639
0.0219209
0.0218764
0.0218311
0.0217858
0.0217412
0.0216978
0.021656
0.0216164
0.0215792
0.021545
0.021514
0.0214867
0.0214633
0.0214442
0.0214294
0.021419
0.0214138
0.0214152
0.0214243
0.0214191
0.0213821
0.0213428
0.0213081
0.0212782
0.0212529
0.0212319
0.0212148
0.0212012
0.0211905
0.0211819
0.0211546
0.00321117
0.018038
0.0184428
0.0180591
0.0211565
0.0215458
0.0220102
0.0220015
0.0219611
0.0219181
0.0218735
0.0218282
0.021783
0.0217384
0.021695
0.0216533
0.0216137
0.0215766
0.0215423
0.0215114
0.0214841
0.0214609
0.0214418
0.021427
0.0214166
0.0214114
0.0214129
0.0214221
0.021417
0.0213799
0.0213407
0.021306
0.0212761
0.0212508
0.0212298
0.0212127
0.0211992
0.0211885
0.02118
0.0211526
0.00321125
0.0180382
0.0184432
0.0180593
0.0211569
0.0215463
0.0220107
0.0219968
0.0219564
0.0219135
0.021869
0.0218237
0.0217786
0.0217341
0.0216908
0.0216492
0.0216097
0.0215726
0.0215385
0.0215077
0.0214805
0.0214573
0.0214383
0.0214236
0.0214134
0.0214082
0.0214098
0.021419
0.0214139
0.0213769
0.0213377
0.021303
0.0212731
0.0212478
0.0212268
0.0212098
0.0211962
0.0211855
0.021177
0.0211497
0.00321134
0.0180384
0.0184437
0.0180593
0.0211573
0.0215467
0.0220112
0.0219892
0.0219489
0.0219061
0.0218617
0.0218166
0.0217716
0.0217272
0.0216841
0.0216426
0.0216033
0.0215664
0.0215324
0.0215017
0.0214747
0.0214517
0.0214329
0.0214183
0.0214082
0.0214032
0.0214049
0.0214142
0.0214091
0.0213721
0.0213328
0.0212982
0.0212683
0.021243
0.021222
0.021205
0.0211914
0.0211807
0.0211722
0.0211449
0.00321142
0.0180387
0.0184442
0.0180592
0.0211576
0.0215472
0.0220118
0.0219773
0.0219371
0.0218944
0.0218502
0.0218053
0.0217605
0.0217164
0.0216734
0.0216322
0.0215931
0.0215565
0.0215228
0.0214925
0.0214657
0.021443
0.0214244
0.0214101
0.0214002
0.0213954
0.0213972
0.0214066
0.0214016
0.0213645
0.0213253
0.0212907
0.0212608
0.0212355
0.0212145
0.0211974
0.0211838
0.0211732
0.0211647
0.0211373
0.0032116
0.0180392
0.0184449
0.0180587
0.021158
0.0215477
0.0219945
0.0219581
0.0219182
0.0218757
0.0218318
0.0217872
0.0217428
0.021699
0.0216565
0.0216157
0.0215771
0.0215409
0.0215077
0.0214778
0.0214515
0.0214292
0.021411
0.0213971
0.0213875
0.0213831
0.0213851
0.0213947
0.0213895
0.0213525
0.0213132
0.0212785
0.0212486
0.0212233
0.0212022
0.0211851
0.0211715
0.0211608
0.0211523
0.021125
0.00321176
0.0180405
0.0184461
0.0180578
0.0211583
0.0215482
0.0219633
0.0219271
0.0218875
0.0218454
0.021802
0.0217579
0.0217141
0.021671
0.0216292
0.0215892
0.0215513
0.0215159
0.0214834
0.0214542
0.0214287
0.0214071
0.0213896
0.0213763
0.0213673
0.0213634
0.0213658
0.0213756
0.0213704
0.0213333
0.021294
0.0212592
0.0212292
0.0212039
0.0211828
0.0211656
0.021152
0.0211412
0.0211325
0.0211052
0.00321206
0.0180427
0.0184446
0.0180533
0.0211529
0.0215423
0.0219134
0.0218777
0.0218386
0.0217973
0.0217547
0.0217117
0.021669
0.0216271
0.0215865
0.0215478
0.0215112
0.0214772
0.021446
0.0214182
0.0213939
0.0213736
0.0213573
0.0213452
0.0213372
0.0213342
0.0213375
0.0213478
0.0213425
0.0213053
0.0212658
0.0212309
0.0212008
0.0211752
0.021154
0.0211367
0.0211229
0.0211119
0.0211031
0.0210759
0.00321254
0.0179119
0.0183435
0.0179811
0.0210675
0.0214537
0.0218468
0.021812
0.0217741
0.0217341
0.0216931
0.0216518
0.0216109
0.0215711
0.0215327
0.0214961
0.0214619
0.0214302
0.0214016
0.0213762
0.0213544
0.0213365
0.0213226
0.0213127
0.0213069
0.021306
0.0213112
0.0213233
0.0213202
0.0212829
0.0212415
0.0212047
0.0211728
0.0211456
0.0211229
0.0211041
0.0210889
0.0210766
0.0210665
0.0210381
0.00320169
0.0160226
0.0160927
0.0157801
0.0184331
0.018838
0.0193225
0.019875
0.0204837
0.0211362
0.0218208
0.0219198
0.0218693
0.0218204
0.0217739
0.02173
0.0216892
0.021652
0.0216185
0.0215892
0.0215643
0.021544
0.0215285
0.0215176
0.0215114
0.0215103
0.0215159
0.0215293
0.0215329
0.0214939
0.0214431
0.0213978
0.0213584
0.0213248
0.0212964
0.0212729
0.0212535
0.0212375
0.0212238
0.0211863
0.00292958
0.0161377
0.0161839
0.0158465
0.0185065
0.0189145
0.0194014
0.0199564
0.0205674
0.0212225
0.0219097
0.0219156
0.0218647
0.0218155
0.0217684
0.0217239
0.0216824
0.0216443
0.0216099
0.0215795
0.0215534
0.0215318
0.0215148
0.0215024
0.0214945
0.0214918
0.0214957
0.0215073
0.0215079
0.0214683
0.0214199
0.0213768
0.0213396
0.0213079
0.0212813
0.0212594
0.0212415
0.0212269
0.0212145
0.0211784
0.00293956
0.0161355
0.0161848
0.0158498
0.0185102
0.0189186
0.0194061
0.0199616
0.0205731
0.0212286
0.0219163
0.0219192
0.0218682
0.0218188
0.0217716
0.0217269
0.0216853
0.0216471
0.0216125
0.021582
0.0215558
0.0215341
0.0215169
0.0215044
0.0214963
0.0214934
0.0214972
0.0215087
0.0215092
0.0214697
0.0214215
0.0213786
0.0213415
0.0213099
0.0212835
0.0212617
0.0212439
0.0212295
0.0212172
0.0211811
0.00293937
0.0161342
0.0161834
0.0158502
0.0185096
0.0189178
0.0194053
0.0199608
0.0205723
0.0212278
0.0219155
0.0219231
0.021872
0.0218224
0.0217751
0.0217304
0.0216886
0.0216502
0.0216156
0.021585
0.0215586
0.0215368
0.0215196
0.021507
0.0214989
0.0214959
0.0214996
0.0215111
0.0215116
0.0214721
0.0214238
0.0213809
0.0213438
0.0213122
0.0212858
0.021264
0.0212462
0.0212318
0.0212195
0.0211834
0.00293928
0.0161336
0.0161826
0.0158504
0.0185091
0.0189172
0.0194046
0.01996
0.0205715
0.021227
0.0219147
0.0219263
0.0218751
0.0218255
0.0217781
0.0217332
0.0216914
0.0216529
0.0216182
0.0215875
0.0215611
0.0215392
0.0215219
0.0215092
0.0215011
0.021498
0.0215017
0.0215131
0.0215137
0.0214741
0.0214258
0.0213829
0.0213458
0.0213142
0.0212878
0.021266
0.0212482
0.0212337
0.0212214
0.0211854
0.00293921
0.0161332
0.0161819
0.0158503
0.0185086
0.0189166
0.0194039
0.0199592
0.0205707
0.0212263
0.0219138
0.0219288
0.0218775
0.0218279
0.0217804
0.0217355
0.0216936
0.0216551
0.0216203
0.0215895
0.0215631
0.0215411
0.0215238
0.0215111
0.0215029
0.0214998
0.0215034
0.0215149
0.0215153
0.0214758
0.0214275
0.0213846
0.0213475
0.0213159
0.0212894
0.0212676
0.0212498
0.0212354
0.0212231
0.021187
0.00293913
0.0161328
0.0161813
0.0158501
0.0185082
0.0189161
0.0194033
0.0199586
0.0205701
0.0212256
0.0219131
0.0219306
0.0218793
0.0218296
0.0217821
0.0217371
0.0216952
0.0216567
0.0216219
0.0215911
0.0215646
0.0215426
0.0215253
0.0215125
0.0215043
0.0215012
0.0215048
0.0215162
0.0215166
0.0214771
0.0214288
0.0213859
0.0213487
0.0213171
0.0212907
0.0212688
0.0212511
0.0212366
0.0212243
0.0211882
0.00293906
0.0161326
0.0161808
0.0158499
0.0185077
0.0189156
0.0194028
0.019958
0.0205695
0.0212249
0.0219124
0.0219318
0.0218805
0.0218308
0.0217832
0.0217383
0.0216964
0.0216578
0.021623
0.0215922
0.0215657
0.0215437
0.0215263
0.0215135
0.0215053
0.0215021
0.0215057
0.0215171
0.0215176
0.0214781
0.0214297
0.0213868
0.0213497
0.021318
0.0212916
0.0212698
0.021252
0.0212375
0.0212251
0.021189
0.00293899
0.0161323
0.0161804
0.0158496
0.0185073
0.0189151
0.0194023
0.0199575
0.020569
0.0212244
0.0219118
0.0219326
0.0218812
0.0218315
0.021784
0.021739
0.0216971
0.0216585
0.0216237
0.0215929
0.0215664
0.0215444
0.021527
0.0215142
0.0215059
0.0215028
0.0215064
0.0215178
0.0215183
0.0214787
0.0214304
0.0213874
0.0213503
0.0213187
0.0212922
0.0212703
0.0212525
0.021238
0.0212257
0.0211895
0.00293893
0.0161321
0.01618
0.0158493
0.0185069
0.0189148
0.0194019
0.0199571
0.0205685
0.0212239
0.0219113
0.021933
0.0218817
0.0218319
0.0217844
0.0217395
0.0216975
0.0216589
0.0216241
0.0215933
0.0215668
0.0215448
0.0215274
0.0215145
0.0215063
0.0215032
0.0215068
0.0215182
0.0215186
0.0214791
0.0214307
0.0213878
0.0213506
0.021319
0.0212925
0.0212706
0.0212528
0.0212383
0.021226
0.0211898
0.00293887
0.0161319
0.0161797
0.0158491
0.0185066
0.0189145
0.0194016
0.0199567
0.0205681
0.0212235
0.0219109
0.0219331
0.0218818
0.0218321
0.0217845
0.0217396
0.0216977
0.0216591
0.0216242
0.0215934
0.0215669
0.0215449
0.0215275
0.0215147
0.0215064
0.0215033
0.0215069
0.0215183
0.0215187
0.0214792
0.0214308
0.0213879
0.0213507
0.021319
0.0212925
0.0212707
0.0212529
0.0212383
0.021226
0.0211898
0.00293883
0.0161318
0.0161795
0.0158489
0.0185063
0.0189142
0.0194013
0.0199564
0.0205678
0.0212231
0.0219105
0.0219331
0.0218818
0.0218321
0.0217845
0.0217396
0.0216976
0.0216591
0.0216242
0.0215934
0.0215669
0.0215449
0.0215275
0.0215146
0.0215064
0.0215033
0.0215069
0.0215183
0.0215187
0.0214791
0.0214307
0.0213878
0.0213506
0.021319
0.0212925
0.0212706
0.0212528
0.0212382
0.0212259
0.0211897
0.00293879
0.0161317
0.0161793
0.0158488
0.0185061
0.0189139
0.019401
0.0199562
0.0205675
0.0212228
0.0219102
0.0219331
0.0218818
0.0218321
0.0217845
0.0217396
0.0216976
0.0216591
0.0216242
0.0215934
0.0215669
0.0215449
0.0215275
0.0215147
0.0215064
0.0215033
0.0215069
0.0215182
0.0215187
0.0214791
0.0214308
0.0213878
0.0213506
0.0213189
0.0212924
0.0212705
0.0212527
0.0212382
0.0212258
0.0211896
0.00293875
0.0161315
0.0161791
0.0158486
0.0185059
0.0189137
0.0194008
0.0199559
0.0205673
0.0212226
0.02191
0.0219331
0.0218818
0.0218321
0.0217845
0.0217396
0.0216976
0.021659
0.0216242
0.0215934
0.0215669
0.0215449
0.0215275
0.0215147
0.0215064
0.0215033
0.0215069
0.0215183
0.0215187
0.0214791
0.0214307
0.0213877
0.0213505
0.0213189
0.0212923
0.0212705
0.0212526
0.0212381
0.0212257
0.0211895
0.00293873
0.0161314
0.0161789
0.0158485
0.0185057
0.0189135
0.0194006
0.0199558
0.0205671
0.0212224
0.0219098
0.0219332
0.0218819
0.0218321
0.0217846
0.0217396
0.0216977
0.0216591
0.0216242
0.0215934
0.0215669
0.0215449
0.0215275
0.0215147
0.0215064
0.0215033
0.0215068
0.0215182
0.0215187
0.0214791
0.0214307
0.0213877
0.0213505
0.0213188
0.0212923
0.0212704
0.0212526
0.021238
0.0212257
0.0211895
0.00293871
0.0161314
0.0161788
0.0158484
0.0185056
0.0189134
0.0194005
0.0199556
0.020567
0.0212223
0.0219097
0.0219333
0.0218819
0.0218322
0.0217846
0.0217396
0.0216977
0.0216591
0.0216242
0.0215934
0.0215669
0.0215449
0.0215275
0.0215147
0.0215064
0.0215032
0.0215068
0.0215182
0.0215186
0.021479
0.0214306
0.0213876
0.0213504
0.0213187
0.0212922
0.0212703
0.0212525
0.021238
0.0212256
0.0211894
0.00293869
0.0161313
0.0161787
0.0158483
0.0185054
0.0189132
0.0194004
0.0199555
0.0205669
0.0212222
0.0219096
0.0219332
0.0218819
0.0218321
0.0217845
0.0217396
0.0216976
0.021659
0.0216241
0.0215933
0.0215668
0.0215448
0.0215274
0.0215145
0.0215063
0.0215031
0.0215066
0.021518
0.0215185
0.0214789
0.0214305
0.0213875
0.0213503
0.0213187
0.0212921
0.0212703
0.0212524
0.0212379
0.0212255
0.0211894
0.00293868
0.0161313
0.0161786
0.0158482
0.0185054
0.0189131
0.0194003
0.0199554
0.0205668
0.0212221
0.0219095
0.0219332
0.0218819
0.0218321
0.0217845
0.0217395
0.0216976
0.021659
0.0216241
0.0215933
0.0215667
0.0215447
0.0215273
0.0215145
0.0215062
0.0215031
0.0215066
0.021518
0.0215185
0.0214789
0.0214305
0.0213875
0.0213503
0.0213187
0.0212921
0.0212703
0.0212524
0.0212379
0.0212255
0.0211893
0.00293867
0.0161312
0.0161786
0.0158482
0.0185053
0.0189131
0.0194002
0.0199554
0.0205667
0.021222
0.0219094
0.0219332
0.0218818
0.021832
0.0217845
0.0217395
0.0216975
0.0216589
0.021624
0.0215932
0.0215666
0.0215446
0.0215272
0.0215144
0.0215062
0.021503
0.0215066
0.021518
0.0215185
0.0214789
0.0214305
0.0213875
0.0213503
0.0213186
0.0212921
0.0212702
0.0212524
0.0212378
0.0212255
0.0211893
0.00293866
0.0161312
0.0161786
0.0158482
0.0185053
0.0189131
0.0194002
0.0199554
0.0205667
0.021222
0.0219094
0.0219332
0.0218818
0.021832
0.0217845
0.0217395
0.0216975
0.0216589
0.021624
0.0215932
0.0215667
0.0215446
0.0215273
0.0215145
0.0215062
0.0215031
0.0215067
0.0215181
0.0215186
0.021479
0.0214306
0.0213876
0.0213504
0.0213187
0.0212922
0.0212703
0.0212525
0.0212379
0.0212255
0.0211894
0.00293866
0.0161312
0.0161786
0.0158482
0.0185052
0.0189131
0.0194002
0.0199554
0.0205667
0.021222
0.0219094
0.0219332
0.0218818
0.0218321
0.0217845
0.0217396
0.0216976
0.021659
0.0216241
0.0215933
0.0215668
0.0215448
0.0215274
0.0215146
0.0215064
0.0215032
0.0215068
0.0215182
0.0215187
0.0214791
0.0214307
0.0213877
0.0213505
0.0213188
0.0212923
0.0212704
0.0212526
0.0212381
0.0212257
0.0211895
0.00293866
0.0161312
0.0161786
0.0158482
0.0185053
0.0189131
0.0194002
0.0199554
0.0205667
0.021222
0.0219094
0.0219332
0.0218818
0.0218321
0.0217845
0.0217396
0.0216976
0.0216591
0.0216242
0.0215934
0.0215669
0.0215449
0.0215275
0.0215147
0.0215065
0.0215033
0.0215069
0.0215183
0.0215188
0.0214792
0.0214308
0.0213878
0.0213506
0.021319
0.0212925
0.0212706
0.0212528
0.0212383
0.0212259
0.0211897
0.00293867
0.0161312
0.0161786
0.0158482
0.0185053
0.0189131
0.0194003
0.0199555
0.0205668
0.0212221
0.0219094
0.0219332
0.0218818
0.0218321
0.0217846
0.0217396
0.0216977
0.0216591
0.0216242
0.0215934
0.0215669
0.0215449
0.0215276
0.0215148
0.0215065
0.0215034
0.021507
0.0215184
0.0215189
0.0214793
0.0214309
0.0213879
0.0213507
0.0213191
0.0212926
0.0212707
0.0212529
0.0212384
0.021226
0.0211899
0.00293867
0.0161313
0.0161787
0.0158483
0.0185054
0.0189132
0.0194004
0.0199555
0.0205669
0.0212222
0.0219095
0.0219333
0.0218819
0.0218322
0.0217847
0.0217398
0.0216978
0.0216592
0.0216244
0.0215936
0.0215671
0.0215451
0.0215277
0.0215149
0.0215067
0.0215036
0.0215071
0.0215186
0.0215191
0.0214795
0.0214311
0.0213881
0.0213509
0.0213193
0.0212928
0.0212709
0.0212531
0.0212386
0.0212263
0.0211901
0.00293867
0.0161313
0.0161788
0.0158483
0.0185055
0.0189133
0.0194005
0.0199557
0.020567
0.0212223
0.0219097
0.0219335
0.0218822
0.0218325
0.021785
0.0217401
0.0216981
0.0216595
0.0216247
0.0215939
0.0215674
0.0215454
0.021528
0.0215152
0.021507
0.0215039
0.0215075
0.0215189
0.0215194
0.0214798
0.0214314
0.0213884
0.0213512
0.0213196
0.0212931
0.0212713
0.0212535
0.021239
0.0212266
0.0211905
0.00293868
0.0161314
0.0161789
0.0158484
0.0185056
0.0189135
0.0194006
0.0199558
0.0205672
0.0212225
0.0219098
0.0219338
0.0218825
0.0218328
0.0217853
0.0217403
0.0216984
0.0216598
0.021625
0.0215942
0.0215677
0.0215457
0.0215283
0.0215156
0.0215074
0.0215043
0.0215078
0.0215192
0.0215197
0.0214801
0.0214317
0.0213887
0.0213516
0.02132
0.0212935
0.0212717
0.0212539
0.0212394
0.021227
0.0211909
0.00293869
0.0161315
0.016179
0.0158485
0.0185058
0.0189136
0.0194008
0.019956
0.0205674
0.0212227
0.02191
0.021934
0.0218827
0.021833
0.0217855
0.0217405
0.0216986
0.0216601
0.0216252
0.0215944
0.0215679
0.021546
0.0215286
0.0215158
0.0215076
0.0215045
0.021508
0.0215194
0.0215199
0.0214804
0.021432
0.0213891
0.0213519
0.0213203
0.0212938
0.021272
0.0212542
0.0212397
0.0212274
0.0211912
0.00293871
0.0161316
0.0161792
0.0158487
0.018506
0.0189139
0.019401
0.0199562
0.0205676
0.0212229
0.0219103
0.0219341
0.0218828
0.0218331
0.0217856
0.0217407
0.0216987
0.0216602
0.0216254
0.0215946
0.0215681
0.0215462
0.0215288
0.021516
0.0215078
0.0215047
0.0215083
0.0215197
0.0215203
0.0214807
0.0214324
0.0213894
0.0213523
0.0213207
0.0212942
0.0212724
0.0212546
0.0212401
0.0212278
0.0211917
0.00293874
0.0161317
0.0161794
0.0158489
0.0185063
0.0189141
0.0194013
0.0199565
0.0205679
0.0212232
0.0219106
0.0219341
0.0218828
0.0218332
0.0217857
0.0217408
0.0216989
0.0216603
0.0216255
0.0215947
0.0215683
0.0215463
0.021529
0.0215162
0.021508
0.021505
0.0215086
0.02152
0.0215206
0.0214811
0.0214327
0.0213898
0.0213526
0.021321
0.0212945
0.0212727
0.021255
0.0212405
0.0212282
0.0211921
0.00293875
0.0161319
0.0161797
0.0158491
0.0185065
0.0189144
0.0194016
0.0199568
0.0205682
0.0212235
0.0219109
0.021934
0.0218827
0.021833
0.0217855
0.0217406
0.0216987
0.0216602
0.0216254
0.0215947
0.0215682
0.0215463
0.021529
0.0215162
0.021508
0.0215049
0.0215086
0.02152
0.0215206
0.021481
0.0214327
0.0213897
0.0213525
0.0213209
0.0212945
0.0212727
0.0212549
0.0212405
0.0212282
0.0211921
0.0029388
0.0161321
0.01618
0.0158493
0.0185069
0.0189147
0.0194019
0.0199572
0.0205686
0.0212239
0.0219113
0.0219332
0.021882
0.0218323
0.0217848
0.0217399
0.021698
0.0216595
0.0216247
0.021594
0.0215675
0.0215456
0.0215283
0.0215155
0.0215073
0.0215042
0.0215078
0.0215193
0.0215197
0.0214801
0.0214318
0.0213889
0.0213517
0.0213201
0.0212937
0.0212719
0.0212541
0.0212396
0.0212273
0.0211912
0.00293886
0.0161323
0.0161804
0.0158496
0.0185072
0.0189151
0.0194023
0.0199576
0.020569
0.0212244
0.0219118
0.0219316
0.0218803
0.0218306
0.0217831
0.0217382
0.0216964
0.0216579
0.0216231
0.0215924
0.0215659
0.021544
0.0215266
0.0215139
0.0215057
0.0215026
0.0215062
0.0215176
0.0215181
0.0214785
0.0214302
0.0213873
0.0213502
0.0213186
0.0212921
0.0212703
0.0212526
0.0212381
0.0212258
0.0211897
0.00293891
0.0161326
0.0161809
0.0158499
0.0185076
0.0189155
0.0194028
0.0199581
0.0205696
0.0212249
0.0219124
0.0219287
0.0218774
0.0218278
0.0217803
0.0217355
0.0216936
0.0216552
0.0216204
0.0215897
0.0215633
0.0215414
0.0215242
0.0215114
0.0215033
0.0215002
0.0215039
0.0215153
0.0215159
0.0214763
0.0214281
0.0213852
0.0213481
0.0213165
0.02129
0.0212683
0.0212505
0.0212361
0.0212238
0.0211877
0.00293898
0.0161328
0.0161815
0.0158502
0.0185081
0.018916
0.0194033
0.0199586
0.0205701
0.0212255
0.021913
0.0219242
0.021873
0.0218234
0.021776
0.0217313
0.0216895
0.0216512
0.0216165
0.0215859
0.0215596
0.0215379
0.0215206
0.021508
0.0215
0.021497
0.0215007
0.0215122
0.0215128
0.0214733
0.021425
0.0213821
0.0213451
0.0213135
0.0212871
0.0212653
0.0212476
0.0212331
0.0212209
0.0211848
0.00293907
0.0161332
0.0161821
0.0158505
0.0185085
0.0189165
0.0194038
0.0199592
0.0205707
0.0212262
0.0219137
0.0219168
0.0218658
0.0218164
0.0217692
0.0217246
0.021683
0.0216448
0.0216103
0.0215799
0.0215537
0.0215321
0.0215151
0.0215026
0.0214947
0.0214919
0.0214957
0.0215073
0.0215079
0.0214684
0.0214201
0.0213772
0.0213401
0.0213086
0.0212822
0.0212604
0.0212427
0.0212282
0.021216
0.02118
0.00293918
0.0161336
0.016183
0.0158507
0.0185089
0.018917
0.0194044
0.0199598
0.0205714
0.0212269
0.0219144
0.0219052
0.0218544
0.0218052
0.0217582
0.0217139
0.0216726
0.0216347
0.0216005
0.0215704
0.0215445
0.0215232
0.0215064
0.0214942
0.0214865
0.0214839
0.0214879
0.0214996
0.0215002
0.0214607
0.0214125
0.0213696
0.0213325
0.0213009
0.0212745
0.0212528
0.0212351
0.0212206
0.0212084
0.0211724
0.00293931
0.0161342
0.0161842
0.0158507
0.0185093
0.0189175
0.019405
0.0199605
0.020572
0.0212275
0.0219151
0.0218864
0.021836
0.0217873
0.0217408
0.0216969
0.0216561
0.0216187
0.021585
0.0215553
0.0215299
0.021509
0.0214927
0.0214808
0.0214735
0.0214713
0.0214756
0.0214875
0.021488
0.0214485
0.0214003
0.0213573
0.0213202
0.0212886
0.0212622
0.0212404
0.0212227
0.0212082
0.0211959
0.02116
0.00293951
0.0161354
0.0161857
0.0158507
0.0185097
0.0189181
0.0194056
0.019961
0.0205725
0.021228
0.0219068
0.021856
0.0218063
0.0217583
0.0217125
0.0216695
0.0216295
0.0215929
0.02156
0.0215311
0.0215064
0.0214863
0.0214706
0.0214595
0.0214528
0.0214511
0.0214559
0.0214681
0.0214686
0.021429
0.0213807
0.0213378
0.0213007
0.021269
0.0212425
0.0212208
0.0212029
0.0211884
0.0211761
0.0211401
0.00293978
0.0161375
0.0161848
0.015848
0.0185056
0.0189136
0.0194005
0.0199553
0.0205663
0.0212212
0.0218576
0.021808
0.0217595
0.0217129
0.0216685
0.0216268
0.0215882
0.021553
0.0215215
0.021494
0.0214708
0.0214519
0.0214375
0.0214276
0.0214221
0.0214214
0.0214271
0.0214399
0.0214405
0.0214008
0.0213524
0.0213093
0.021272
0.0212402
0.0212136
0.0211916
0.0211737
0.021159
0.0211465
0.0211106
0.00294023
0.0160237
0.0160972
0.0157835
0.0184325
0.0188375
0.019322
0.0198745
0.0204831
0.0211355
0.0217941
0.0217464
0.0217001
0.0216556
0.0216136
0.0215743
0.0215383
0.0215057
0.0214768
0.021452
0.0214315
0.0214153
0.0214036
0.0213963
0.0213932
0.0213949
0.0214029
0.021418
0.0214215
0.0213823
0.0213315
0.0212861
0.0212467
0.0212129
0.0211845
0.0211608
0.0211413
0.0211252
0.0211112
0.0210741
0.0029307
0.0144728
0.0141922
0.0139504
0.0163373
0.016766
0.0172797
0.0178657
0.0185103
0.0192
0.0199219
0.0206644
0.0214174
0.021902
0.0218514
0.0218046
0.0217621
0.0217242
0.021691
0.0216628
0.0216398
0.0216222
0.0216098
0.0216026
0.0216004
0.0216032
0.0216128
0.0216303
0.0216424
0.0216029
0.0215402
0.0214843
0.0214357
0.0213943
0.0213595
0.0213306
0.0213069
0.0212873
0.0212702
0.0212247
0.00272837
0.0145777
0.0142721
0.0140095
0.016401
0.0168326
0.0173488
0.0179372
0.0185844
0.0192767
0.0200014
0.0207466
0.0215023
0.0218975
0.0218463
0.0217988
0.0217555
0.0217166
0.0216823
0.0216528
0.0216284
0.0216091
0.021595
0.0215858
0.0215814
0.0215821
0.0215894
0.0216046
0.0216129
0.0215721
0.0215125
0.0214594
0.0214135
0.0213744
0.0213417
0.0213147
0.0212927
0.0212747
0.0212592
0.0212152
0.00273725
0.0145758
0.0142729
0.014012
0.0164036
0.0168356
0.0173523
0.0179412
0.0185889
0.0192817
0.0200068
0.0207525
0.0215087
0.021901
0.0218496
0.021802
0.0217585
0.0217195
0.021685
0.0216554
0.0216309
0.0216114
0.0215971
0.0215878
0.0215833
0.0215837
0.0215909
0.021606
0.0216141
0.0215733
0.021514
0.0214611
0.0214153
0.0213764
0.0213438
0.021317
0.0212952
0.0212773
0.0212619
0.021218
0.00273706
0.0145746
0.0142716
0.0140123
0.016403
0.0168348
0.0173514
0.0179403
0.018588
0.0192808
0.0200059
0.0207516
0.0215076
0.0219047
0.0218532
0.0218055
0.0217619
0.0217227
0.0216882
0.0216585
0.0216338
0.0216143
0.0215999
0.0215905
0.0215859
0.0215863
0.0215934
0.0216084
0.0216165
0.0215758
0.0215164
0.0214635
0.0214177
0.0213788
0.0213462
0.0213194
0.0212976
0.0212797
0.0212643
0.0212204
0.00273697
0.014574
0.0142707
0.0140123
0.0164024
0.0168341
0.0173506
0.0179395
0.0185871
0.0192799
0.0200049
0.0207505
0.0215066
0.0219078
0.0218562
0.0218084
0.0217647
0.0217255
0.0216909
0.0216611
0.0216364
0.0216168
0.0216023
0.0215928
0.0215882
0.0215886
0.0215956
0.0216106
0.0216186
0.0215779
0.0215185
0.0214656
0.0214198
0.0213809
0.0213483
0.0213215
0.0212996
0.0212818
0.0212663
0.0212224
0.00273689
0.0145735
0.01427
0.0140121
0.0164019
0.0168335
0.0173499
0.0179387
0.0185863
0.019279
0.020004
0.0207496
0.0215055
0.0219102
0.0218586
0.0218107
0.021767
0.0217277
0.021693
0.0216632
0.0216384
0.0216188
0.0216042
0.0215947
0.02159
0.0215904
0.0215974
0.0216124
0.0216204
0.0215797
0.0215202
0.0214673
0.0214215
0.0213826
0.02135
0.0213231
0.0213013
0.0212834
0.021268
0.0212241
0.00273681
0.0145732
0.0142694
0.0140118
0.0164015
0.0168329
0.0173493
0.0179381
0.0185856
0.0192783
0.0200032
0.0207487
0.0215046
0.021912
0.0218603
0.0218124
0.0217687
0.0217293
0.0216946
0.0216647
0.0216399
0.0216203
0.0216057
0.0215962
0.0215915
0.0215918
0.0215988
0.0216137
0.0216218
0.021581
0.0215216
0.0214686
0.0214228
0.0213838
0.0213512
0.0213244
0.0213025
0.0212847
0.0212692
0.0212253
0.00273673
0.0145729
0.0142689
0.0140116
0.016401
0.0168324
0.0173488
0.0179375
0.018585
0.0192776
0.0200025
0.0207479
0.0215038
0.0219132
0.0218615
0.0218136
0.0217698
0.0217305
0.0216957
0.0216659
0.0216411
0.0216214
0.0216068
0.0215973
0.0215925
0.0215928
0.0215998
0.0216147
0.0216228
0.0215821
0.0215226
0.0214696
0.0214238
0.0213848
0.0213522
0.0213253
0.0213035
0.0212856
0.0212701
0.0212262
0.00273667
0.0145726
0.0142685
0.0140113
0.0164006
0.016832
0.0173483
0.017937
0.0185844
0.019277
0.0200019
0.0207473
0.0215031
0.021914
0.0218623
0.0218144
0.0217706
0.0217312
0.0216965
0.0216666
0.0216418
0.0216221
0.0216075
0.021598
0.0215932
0.0215935
0.0216005
0.0216155
0.0216235
0.0215828
0.0215233
0.0214703
0.0214245
0.0213855
0.0213528
0.021326
0.0213041
0.0212862
0.0212707
0.0212267
0.00273662
0.0145724
0.0142682
0.0140111
0.0164002
0.0168316
0.017348
0.0179366
0.018584
0.0192766
0.0200013
0.0207467
0.0215025
0.0219144
0.0218627
0.0218148
0.021771
0.0217316
0.0216969
0.021667
0.0216422
0.0216225
0.0216079
0.0215984
0.0215936
0.0215939
0.0216009
0.0216159
0.0216239
0.0215832
0.0215237
0.0214706
0.0214248
0.0213858
0.0213532
0.0213263
0.0213044
0.0212865
0.021271
0.021227
0.00273657
0.0145722
0.0142679
0.0140108
0.0163999
0.0168313
0.0173477
0.0179363
0.0185837
0.0192762
0.0200009
0.0207463
0.021502
0.0219145
0.0218628
0.0218149
0.0217712
0.0217318
0.0216971
0.0216672
0.0216424
0.0216227
0.0216081
0.0215985
0.0215938
0.0215941
0.0216011
0.021616
0.0216241
0.0215833
0.0215238
0.0214708
0.021425
0.0213859
0.0213533
0.0213264
0.0213045
0.0212865
0.021271
0.0212271
0.00273654
0.0145721
0.0142676
0.0140107
0.0163997
0.0168311
0.0173474
0.017936
0.0185834
0.0192759
0.0200006
0.0207459
0.0215017
0.0219145
0.0218628
0.0218149
0.0217711
0.0217318
0.021697
0.0216672
0.0216423
0.0216226
0.0216081
0.0215985
0.0215938
0.0215941
0.0216011
0.021616
0.0216241
0.0215833
0.0215237
0.0214707
0.0214249
0.0213859
0.0213532
0.0213263
0.0213044
0.0212864
0.0212709
0.021227
0.00273651
0.014572
0.0142675
0.0140105
0.0163995
0.0168309
0.0173472
0.0179358
0.0185831
0.0192756
0.0200004
0.0207457
0.0215014
0.0219145
0.0218628
0.0218149
0.0217711
0.0217318
0.021697
0.0216672
0.0216423
0.0216226
0.0216081
0.0215985
0.0215938
0.0215941
0.0216011
0.021616
0.0216241
0.0215833
0.0215238
0.0214707
0.0214249
0.0213858
0.0213532
0.0213262
0.0213043
0.0212864
0.0212708
0.0212269
0.00273648
0.0145718
0.0142673
0.0140104
0.0163993
0.0168307
0.017347
0.0179356
0.0185829
0.0192754
0.0200002
0.0207455
0.0215012
0.0219145
0.0218628
0.0218149
0.0217711
0.0217318
0.021697
0.0216672
0.0216423
0.0216226
0.0216081
0.0215985
0.0215938
0.0215941
0.0216011
0.0216161
0.0216241
0.0215833
0.0215237
0.0214707
0.0214248
0.0213858
0.0213531
0.0213262
0.0213043
0.0212863
0.0212708
0.0212268
0.00273645
0.0145718
0.0142671
0.0140103
0.0163992
0.0168305
0.0173468
0.0179354
0.0185828
0.0192753
0.0200001
0.0207454
0.0215011
0.0219146
0.0218628
0.0218149
0.0217711
0.0217317
0.021697
0.0216671
0.0216423
0.0216226
0.0216081
0.0215985
0.0215938
0.0215941
0.0216011
0.021616
0.0216241
0.0215833
0.0215237
0.0214706
0.0214247
0.0213857
0.021353
0.0213261
0.0213042
0.0212862
0.0212707
0.0212267
0.00273643
0.0145717
0.014267
0.0140102
0.0163991
0.0168304
0.0173467
0.0179353
0.0185827
0.0192752
0.02
0.0207453
0.021501
0.0219146
0.0218629
0.0218149
0.0217711
0.0217317
0.021697
0.0216671
0.0216423
0.0216226
0.0216081
0.0215985
0.0215938
0.0215941
0.021601
0.0216159
0.021624
0.0215831
0.0215236
0.0214705
0.0214246
0.0213856
0.0213529
0.021326
0.0213041
0.0212861
0.0212706
0.0212267
0.00273641
0.0145716
0.014267
0.0140101
0.016399
0.0168303
0.0173466
0.0179352
0.0185826
0.0192752
0.0199999
0.0207452
0.021501
0.0219145
0.0218628
0.0218149
0.021771
0.0217316
0.0216969
0.021667
0.0216422
0.0216225
0.021608
0.0215984
0.0215936
0.0215939
0.0216009
0.0216158
0.0216238
0.021583
0.0215235
0.0214704
0.0214245
0.0213855
0.0213529
0.0213259
0.021304
0.0212861
0.0212706
0.0212266
0.0027364
0.0145716
0.0142669
0.01401
0.0163989
0.0168303
0.0173465
0.0179352
0.0185826
0.0192751
0.0199999
0.0207452
0.0215009
0.0219145
0.0218628
0.0218148
0.021771
0.0217316
0.0216969
0.021667
0.0216422
0.0216225
0.0216079
0.0215984
0.0215936
0.0215939
0.0216009
0.0216158
0.0216238
0.021583
0.0215235
0.0214704
0.0214246
0.0213855
0.0213529
0.0213259
0.021304
0.0212861
0.0212705
0.0212266
0.00273639
0.0145715
0.0142668
0.01401
0.0163988
0.0168302
0.0173465
0.0179351
0.0185826
0.0192751
0.0199998
0.0207451
0.0215009
0.0219144
0.0218627
0.0218148
0.0217709
0.0217315
0.0216968
0.0216669
0.0216421
0.0216224
0.0216078
0.0215983
0.0215935
0.0215938
0.0216008
0.0216157
0.0216238
0.021583
0.0215234
0.0214704
0.0214245
0.0213855
0.0213528
0.0213259
0.021304
0.021286
0.0212705
0.0212265
0.00273639
0.0145715
0.0142668
0.01401
0.0163988
0.0168302
0.0173465
0.0179351
0.0185826
0.0192751
0.0199998
0.0207451
0.0215009
0.0219144
0.0218627
0.0218148
0.021771
0.0217316
0.0216968
0.0216669
0.0216421
0.0216224
0.0216078
0.0215983
0.0215936
0.0215939
0.0216009
0.0216158
0.0216239
0.0215831
0.0215235
0.0214704
0.0214246
0.0213855
0.0213529
0.0213259
0.021304
0.0212861
0.0212705
0.0212266
0.00273639
0.0145715
0.0142668
0.01401
0.0163988
0.0168302
0.0173465
0.0179351
0.0185826
0.0192751
0.0199998
0.0207451
0.0215008
0.0219145
0.0218627
0.0218148
0.021771
0.0217316
0.0216969
0.021667
0.0216422
0.0216225
0.021608
0.0215984
0.0215937
0.021594
0.021601
0.021616
0.021624
0.0215832
0.0215236
0.0214705
0.0214247
0.0213856
0.021353
0.0213261
0.0213042
0.0212862
0.0212707
0.0212267
0.00273639
0.0145715
0.0142668
0.01401
0.0163988
0.0168302
0.0173465
0.0179352
0.0185826
0.0192751
0.0199998
0.0207451
0.0215009
0.0219145
0.0218628
0.0218149
0.0217711
0.0217317
0.021697
0.0216671
0.0216423
0.0216226
0.0216081
0.0215985
0.0215938
0.0215941
0.0216011
0.021616
0.021624
0.0215833
0.0215237
0.0214706
0.0214248
0.0213858
0.0213531
0.0213262
0.0213043
0.0212864
0.0212709
0.0212269
0.00273639
0.0145716
0.0142669
0.01401
0.0163989
0.0168303
0.0173466
0.0179352
0.0185826
0.0192751
0.0199999
0.0207452
0.0215009
0.0219145
0.0218628
0.0218149
0.0217711
0.0217317
0.021697
0.0216671
0.0216423
0.0216226
0.0216081
0.0215986
0.0215938
0.0215941
0.0216011
0.0216161
0.0216241
0.0215834
0.0215238
0.0214708
0.0214249
0.0213859
0.0213533
0.0213264
0.0213045
0.0212865
0.021271
0.0212271
0.00273639
0.0145716
0.0142669
0.0140101
0.0163989
0.0168303
0.0173466
0.0179353
0.0185827
0.0192752
0.0199999
0.0207452
0.021501
0.0219147
0.021863
0.0218151
0.0217713
0.0217319
0.0216971
0.0216673
0.0216425
0.0216228
0.0216082
0.0215987
0.021594
0.0215943
0.0216013
0.0216162
0.0216243
0.0215836
0.021524
0.0214709
0.0214251
0.0213861
0.0213535
0.0213266
0.0213047
0.0212867
0.0212712
0.0212273
0.0027364
0.0145716
0.014267
0.0140101
0.016399
0.0168304
0.0173467
0.0179354
0.0185828
0.0192753
0.02
0.0207453
0.0215011
0.021915
0.0218633
0.0218154
0.0217716
0.0217322
0.0216975
0.0216676
0.0216428
0.0216231
0.0216086
0.021599
0.0215943
0.0215947
0.0216017
0.0216166
0.0216247
0.0215839
0.0215243
0.0214712
0.0214254
0.0213864
0.0213538
0.0213269
0.021305
0.0212871
0.0212716
0.0212277
0.00273641
0.0145717
0.0142671
0.0140102
0.0163992
0.0168305
0.0173468
0.0179355
0.0185829
0.0192754
0.0200001
0.0207455
0.0215012
0.0219153
0.0218636
0.0218157
0.0217719
0.0217325
0.0216978
0.0216679
0.0216431
0.0216235
0.0216089
0.0215994
0.0215947
0.021595
0.021602
0.0216169
0.021625
0.0215842
0.0215246
0.0214716
0.0214258
0.0213868
0.0213542
0.0213273
0.0213054
0.0212875
0.021272
0.0212281
0.00273642
0.0145718
0.0142672
0.0140103
0.0163993
0.0168307
0.017347
0.0179356
0.018583
0.0192755
0.0200003
0.0207456
0.0215014
0.0219155
0.0218638
0.0218159
0.0217721
0.0217328
0.021698
0.0216682
0.0216434
0.0216237
0.0216092
0.0215996
0.0215949
0.0215952
0.0216022
0.0216171
0.0216252
0.0215845
0.0215249
0.0214719
0.0214261
0.0213871
0.0213545
0.0213276
0.0213058
0.0212879
0.0212724
0.0212284
0.00273644
0.0145719
0.0142674
0.0140105
0.0163995
0.0168309
0.0173472
0.0179358
0.0185832
0.0192757
0.0200005
0.0207458
0.0215016
0.0219156
0.0218639
0.021816
0.0217723
0.0217329
0.0216982
0.0216684
0.0216436
0.0216239
0.0216094
0.0215999
0.0215951
0.0215955
0.0216025
0.0216174
0.0216255
0.0215848
0.0215253
0.0214723
0.0214265
0.0213875
0.0213549
0.021328
0.0213061
0.0212882
0.0212728
0.0212288
0.00273646
0.014572
0.0142676
0.0140106
0.0163997
0.0168311
0.0173474
0.017936
0.0185834
0.019276
0.0200008
0.0207461
0.0215018
0.0219157
0.021864
0.0218161
0.0217724
0.021733
0.0216984
0.0216685
0.0216438
0.0216241
0.0216096
0.0216001
0.0215954
0.0215957
0.0216028
0.0216177
0.0216259
0.0215852
0.0215256
0.0214726
0.0214268
0.0213878
0.0213552
0.0213284
0.0213065
0.0212886
0.0212732
0.0212293
0.00273648
0.0145722
0.0142679
0.0140108
0.0163999
0.0168313
0.0173476
0.0179363
0.0185837
0.0192763
0.0200011
0.0207464
0.0215021
0.0219155
0.0218639
0.021816
0.0217723
0.0217329
0.0216983
0.0216685
0.0216437
0.0216241
0.0216095
0.0216
0.0215953
0.0215957
0.0216027
0.0216177
0.0216258
0.0215851
0.0215255
0.0214725
0.0214267
0.0213877
0.0213551
0.0213283
0.0213064
0.0212886
0.0212731
0.0212292
0.00273653
0.0145724
0.0142682
0.014011
0.0164002
0.0168316
0.0173479
0.0179366
0.0185841
0.0192766
0.0200014
0.0207467
0.0215025
0.0219148
0.0218631
0.0218153
0.0217715
0.0217322
0.0216976
0.0216678
0.021643
0.0216233
0.0216088
0.0215993
0.0215946
0.021595
0.021602
0.0216169
0.021625
0.0215842
0.0215247
0.0214716
0.0214258
0.0213869
0.0213543
0.0213274
0.0213056
0.0212877
0.0212723
0.0212284
0.00273656
0.0145726
0.0142686
0.0140113
0.0164006
0.016832
0.0173483
0.017937
0.0185845
0.0192771
0.0200019
0.0207472
0.021503
0.0219131
0.0218615
0.0218136
0.0217699
0.0217306
0.0216959
0.0216661
0.0216413
0.0216217
0.0216072
0.0215977
0.021593
0.0215933
0.0216003
0.0216153
0.0216233
0.0215826
0.0215231
0.0214701
0.0214243
0.0213853
0.0213528
0.0213259
0.0213041
0.0212862
0.0212708
0.0212269
0.00273663
0.0145729
0.0142691
0.0140116
0.016401
0.0168324
0.0173487
0.0179375
0.018585
0.0192776
0.0200024
0.0207478
0.0215036
0.0219102
0.0218586
0.0218108
0.0217671
0.0217279
0.0216932
0.0216635
0.0216388
0.0216192
0.0216047
0.0215952
0.0215905
0.0215909
0.021598
0.0216129
0.021621
0.0215803
0.0215209
0.0214679
0.0214221
0.0213832
0.0213506
0.0213238
0.021302
0.0212842
0.0212688
0.0212249
0.0027367
0.0145732
0.0142697
0.014012
0.0164014
0.0168328
0.0173492
0.017938
0.0185856
0.0192782
0.020003
0.0207485
0.0215043
0.0219058
0.0218543
0.0218065
0.021763
0.0217238
0.0216893
0.0216596
0.021635
0.0216155
0.0216011
0.0215917
0.0215871
0.0215876
0.0215947
0.0216098
0.0216179
0.0215772
0.0215178
0.0214649
0.0214191
0.0213802
0.0213476
0.0213208
0.021299
0.0212812
0.0212657
0.021222
0.00273678
0.0145736
0.0142704
0.0140124
0.0164018
0.0168333
0.0173498
0.0179386
0.0185862
0.0192789
0.0200038
0.0207493
0.0215052
0.0218986
0.0218472
0.0217997
0.0217563
0.0217172
0.0216829
0.0216534
0.0216289
0.0216096
0.0215954
0.0215861
0.0215817
0.0215823
0.0215896
0.0216047
0.0216128
0.0215722
0.0215128
0.0214599
0.0214141
0.0213752
0.0213426
0.0213158
0.0212941
0.0212763
0.0212608
0.0212171
0.0027369
0.0145742
0.0142714
0.0140127
0.0164023
0.0168339
0.0173504
0.0179393
0.0185869
0.0192797
0.0200046
0.0207501
0.0215061
0.0218871
0.021836
0.0217888
0.0217456
0.0217069
0.0216729
0.0216437
0.0216195
0.0216004
0.0215865
0.0215775
0.0215733
0.0215742
0.0215816
0.0215969
0.0216051
0.0215644
0.021505
0.0214521
0.0214064
0.0213675
0.0213349
0.0213082
0.0212864
0.0212686
0.0212532
0.0212094
0.00273702
0.0145749
0.0142727
0.014013
0.0164027
0.0168345
0.0173511
0.01794
0.0185877
0.0192804
0.0200054
0.020751
0.021507
0.0218686
0.021818
0.0217713
0.0217287
0.0216905
0.0216569
0.0216282
0.0216045
0.0215859
0.0215724
0.0215638
0.02156
0.0215612
0.021569
0.0215845
0.0215926
0.021552
0.0214926
0.0214396
0.0213939
0.021355
0.0213224
0.0212956
0.0212739
0.021256
0.0212406
0.0211969
0.00273724
0.0145762
0.0142747
0.0140133
0.0164032
0.0168351
0.0173518
0.0179406
0.0185883
0.019281
0.020006
0.0207516
0.0215077
0.0218388
0.021789
0.0217431
0.0217013
0.021664
0.0216312
0.0216033
0.0215804
0.0215626
0.0215498
0.0215419
0.0215388
0.0215406
0.0215489
0.0215648
0.021573
0.0215322
0.0214728
0.0214199
0.0213741
0.0213352
0.0213027
0.0212758
0.021254
0.0212361
0.0212206
0.021177
0.00273745
0.0145784
0.014275
0.0140117
0.0164002
0.0168317
0.0173478
0.0179362
0.0185833
0.0192755
0.02
0.0207452
0.0215007
0.0217918
0.0217435
0.0216991
0.0216588
0.0216229
0.0215917
0.0215652
0.0215437
0.0215273
0.0215158
0.0215093
0.0215074
0.0215103
0.0215196
0.0215363
0.0215447
0.0215039
0.0214443
0.0213912
0.0213453
0.0213062
0.0212735
0.0212465
0.0212245
0.0212064
0.0211908
0.0211472
0.00273794
0.0144782
0.0141985
0.0139548
0.0163371
0.0167657
0.0172794
0.0178653
0.0185099
0.0191995
0.0199214
0.0206639
0.0214168
0.0217332
0.0216875
0.0216457
0.0216082
0.0215751
0.0215467
0.0215232
0.0215047
0.0214912
0.0214828
0.0214793
0.0214802
0.0214859
0.021498
0.0215175
0.0215298
0.0214902
0.0214276
0.0213716
0.0213231
0.0212816
0.0212467
0.0212178
0.021194
0.0211743
0.021157
0.021112
0.00272952
0.0131339
0.0125951
0.0124163
0.0145742
0.0150731
0.0156627
0.016298
0.016989
0.0177258
0.0184944
0.0192824
0.0200792
0.0208759
0.0216653
0.0218663
0.0218227
0.0217848
0.0217528
0.0217267
0.0217068
0.0216929
0.0216852
0.0216833
0.0216869
0.0216956
0.0217109
0.0217346
0.0217583
0.0217202
0.0216423
0.021573
0.0215131
0.0214622
0.0214197
0.0213849
0.021357
0.0213344
0.0213151
0.0212639
0.00258468
0.01323
0.012665
0.0124703
0.0146354
0.0151371
0.015728
0.0163617
0.0170553
0.0177949
0.0185664
0.0193574
0.020157
0.0209565
0.0217485
0.0218612
0.0218167
0.0217776
0.0217443
0.0217168
0.0216951
0.0216793
0.0216693
0.0216649
0.0216658
0.0216716
0.0216841
0.0217048
0.0217233
0.0216829
0.0216091
0.0215434
0.0214868
0.0214388
0.0213989
0.0213664
0.0213405
0.0213198
0.0213022
0.0212527
0.00259264
0.0132284
0.0126656
0.0124722
0.0146373
0.0151393
0.0157307
0.0163646
0.0170587
0.0177988
0.0185708
0.0193622
0.0201623
0.0209622
0.0217547
0.0218646
0.0218199
0.0217807
0.0217472
0.0217195
0.0216977
0.0216817
0.0216715
0.021667
0.0216677
0.0216733
0.0216856
0.0217061
0.0217244
0.021684
0.0216105
0.021545
0.0214886
0.0214408
0.0214011
0.0213688
0.021343
0.0213225
0.021305
0.0212556
0.00259243
0.013227
0.0126644
0.0124722
0.0146363
0.0151382
0.0157295
0.0163636
0.0170577
0.0177977
0.0185696
0.0193609
0.0201609
0.0209607
0.0217531
0.0218682
0.0218233
0.0217841
0.0217505
0.0217227
0.0217008
0.0216847
0.0216745
0.0216698
0.0216704
0.0216761
0.0216883
0.0217086
0.0217269
0.0216866
0.021613
0.0215476
0.0214912
0.0214434
0.0214036
0.0213713
0.0213455
0.021325
0.0213075
0.0212581
0.00259233
0.0132263
0.0126635
0.0124721
0.0146356
0.0151372
0.0157285
0.0163627
0.0170567
0.0177966
0.0185684
0.0193597
0.0201596
0.0209593
0.0217515
0.0218712
0.0218263
0.0217869
0.0217533
0.0217254
0.0217034
0.0216873
0.021677
0.0216723
0.0216729
0.0216784
0.0216906
0.0217109
0.0217292
0.0216889
0.0216153
0.0215498
0.0214934
0.0214455
0.0214058
0.0213735
0.0213477
0.0213271
0.0213097
0.0212602
0.00259224
0.0132257
0.0126628
0.0124718
0.0146348
0.0151364
0.0157276
0.0163619
0.0170558
0.0177957
0.0185674
0.0193586
0.0201584
0.020958
0.0217502
0.0218735
0.0218286
0.0217892
0.0217555
0.0217276
0.0217055
0.0216894
0.021679
0.0216743
0.0216748
0.0216804
0.0216925
0.0217128
0.0217311
0.0216907
0.0216171
0.0215516
0.0214952
0.0214473
0.0214075
0.0213752
0.0213494
0.0213289
0.0213114
0.0212619
0.00259216
0.0132253
0.0126622
0.0124714
0.0146342
0.0151358
0.0157269
0.0163612
0.017055
0.0177949
0.0185665
0.0193576
0.0201574
0.0209569
0.021749
0.0218752
0.0218302
0.0217908
0.0217571
0.0217292
0.0217071
0.0216909
0.0216805
0.0216758
0.0216763
0.0216818
0.0216939
0.0217142
0.0217325
0.0216921
0.0216185
0.021553
0.0214965
0.0214486
0.0214089
0.0213765
0.0213507
0.0213301
0.0213126
0.0212631
0.00259208
0.0132249
0.0126617
0.0124711
0.0146337
0.0151352
0.0157263
0.0163606
0.0170544
0.0177942
0.0185659
0.0193569
0.0201565
0.020956
0.0217481
0.0218764
0.0218314
0.021792
0.0217582
0.0217303
0.0217082
0.021692
0.0216816
0.0216769
0.0216774
0.0216829
0.021695
0.0217153
0.0217336
0.0216932
0.0216195
0.021554
0.0214975
0.0214496
0.0214098
0.0213774
0.0213516
0.021331
0.0213135
0.021264
0.002592
0.0132246
0.0126613
0.0124708
0.0146333
0.0151347
0.0157258
0.0163601
0.0170539
0.0177937
0.0185653
0.0193562
0.0201559
0.0209553
0.0217473
0.0218772
0.0218322
0.0217927
0.021759
0.021731
0.0217089
0.0216927
0.0216823
0.0216776
0.0216781
0.0216836
0.0216957
0.021716
0.0217344
0.0216939
0.0216203
0.0215547
0.0214982
0.0214503
0.0214105
0.0213781
0.0213522
0.0213316
0.0213141
0.0212646
0.00259194
0.0132244
0.0126609
0.0124705
0.0146329
0.0151344
0.0157255
0.0163598
0.0170535
0.0177933
0.0185648
0.0193558
0.0201554
0.0209548
0.0217468
0.0218776
0.0218326
0.0217931
0.0217594
0.0217314
0.0217093
0.0216931
0.0216828
0.021678
0.0216785
0.021684
0.0216962
0.0217165
0.0217348
0.0216944
0.0216207
0.0215551
0.0214985
0.0214506
0.0214108
0.0213784
0.0213526
0.0213319
0.0213144
0.0212649
0.00259188
0.0132242
0.0126606
0.0124703
0.0146326
0.0151341
0.0157252
0.0163595
0.0170532
0.0177929
0.0185645
0.0193554
0.020155
0.0209544
0.0217463
0.0218777
0.0218327
0.0217933
0.0217596
0.0217316
0.0217095
0.0216933
0.0216829
0.0216782
0.0216787
0.0216842
0.0216964
0.0217167
0.021735
0.0216946
0.0216209
0.0215553
0.0214987
0.0214508
0.021411
0.0213785
0.0213527
0.021332
0.0213145
0.0212649
0.00259184
0.013224
0.0126604
0.0124702
0.0146324
0.0151338
0.0157249
0.0163592
0.017053
0.0177927
0.0185642
0.0193551
0.0201547
0.0209541
0.0217461
0.0218777
0.0218327
0.0217933
0.0217595
0.0217316
0.0217095
0.0216933
0.0216829
0.0216782
0.0216787
0.0216842
0.0216963
0.0217167
0.021735
0.0216946
0.0216208
0.0215552
0.0214986
0.0214507
0.0214109
0.0213784
0.0213526
0.0213319
0.0213144
0.0212648
0.00259181
0.0132239
0.0126603
0.01247
0.0146322
0.0151337
0.0157248
0.0163591
0.0170528
0.0177925
0.018564
0.0193549
0.0201545
0.0209539
0.0217459
0.0218777
0.0218327
0.0217932
0.0217595
0.0217315
0.0217094
0.0216933
0.0216829
0.0216782
0.0216787
0.0216842
0.0216964
0.0217167
0.021735
0.0216946
0.0216209
0.0215552
0.0214986
0.0214507
0.0214108
0.0213784
0.0213525
0.0213318
0.0213143
0.0212647
0.00259178
0.0132238
0.0126601
0.0124699
0.014632
0.0151335
0.0157246
0.0163589
0.0170526
0.0177923
0.0185638
0.0193548
0.0201543
0.0209538
0.0217457
0.0218777
0.0218327
0.0217933
0.0217595
0.0217316
0.0217095
0.0216933
0.0216829
0.0216782
0.0216787
0.0216843
0.0216964
0.0217167
0.0217351
0.0216946
0.0216208
0.0215552
0.0214986
0.0214507
0.0214108
0.0213783
0.0213524
0.0213318
0.0213142
0.0212647
0.00259176
0.0132237
0.01266
0.0124698
0.0146319
0.0151334
0.0157245
0.0163588
0.0170525
0.0177922
0.0185638
0.0193547
0.0201543
0.0209537
0.0217456
0.0218777
0.0218327
0.0217932
0.0217595
0.0217315
0.0217095
0.0216933
0.0216829
0.0216782
0.0216787
0.0216842
0.0216963
0.0217167
0.021735
0.0216946
0.0216208
0.0215551
0.0214985
0.0214506
0.0214107
0.0213782
0.0213524
0.0213317
0.0213142
0.0212646
0.00259173
0.0132236
0.0126599
0.0124697
0.0146318
0.0151333
0.0157244
0.0163587
0.0170524
0.0177921
0.0185637
0.0193546
0.0201542
0.0209536
0.0217456
0.0218777
0.0218327
0.0217932
0.0217595
0.0217315
0.0217094
0.0216933
0.0216829
0.0216782
0.0216787
0.0216842
0.0216963
0.0217166
0.0217349
0.0216944
0.0216207
0.021555
0.0214984
0.0214505
0.0214106
0.0213782
0.0213523
0.0213316
0.0213141
0.0212645
0.00259172
0.0132235
0.0126598
0.0124697
0.0146317
0.0151332
0.0157243
0.0163586
0.0170524
0.0177921
0.0185637
0.0193546
0.0201542
0.0209536
0.0217455
0.0218776
0.0218326
0.0217931
0.0217594
0.0217314
0.0217093
0.0216932
0.0216828
0.021678
0.0216785
0.021684
0.0216961
0.0217164
0.0217348
0.0216943
0.0216206
0.0215549
0.0214983
0.0214504
0.0214105
0.0213781
0.0213522
0.0213316
0.021314
0.0212645
0.00259171
0.0132235
0.0126598
0.0124696
0.0146317
0.0151332
0.0157243
0.0163586
0.0170523
0.0177921
0.0185636
0.0193546
0.0201541
0.0209536
0.0217455
0.0218776
0.0218326
0.0217931
0.0217594
0.0217314
0.0217093
0.0216932
0.0216828
0.0216781
0.0216786
0.021684
0.0216961
0.0217164
0.0217347
0.0216943
0.0216205
0.0215549
0.0214983
0.0214504
0.0214105
0.0213781
0.0213522
0.0213316
0.021314
0.0212644
0.0025917
0.0132235
0.0126597
0.0124696
0.0146317
0.0151331
0.0157242
0.0163586
0.0170523
0.017792
0.0185636
0.0193545
0.0201541
0.0209535
0.0217455
0.0218775
0.0218325
0.021793
0.0217593
0.0217313
0.0217092
0.0216931
0.0216827
0.021678
0.0216785
0.021684
0.0216961
0.0217164
0.0217348
0.0216943
0.0216205
0.0215549
0.0214983
0.0214504
0.0214105
0.0213781
0.0213522
0.0213315
0.021314
0.0212644
0.00259169
0.0132235
0.0126597
0.0124696
0.0146317
0.0151331
0.0157242
0.0163586
0.0170523
0.017792
0.0185636
0.0193545
0.0201541
0.0209535
0.0217455
0.0218775
0.0218325
0.021793
0.0217593
0.0217313
0.0217093
0.0216931
0.0216827
0.021678
0.0216785
0.021684
0.0216962
0.0217165
0.0217348
0.0216944
0.0216206
0.0215549
0.0214984
0.0214504
0.0214105
0.0213781
0.0213522
0.0213316
0.021314
0.0212645
0.0025917
0.0132235
0.0126597
0.0124696
0.0146317
0.0151331
0.0157242
0.0163586
0.0170523
0.017792
0.0185636
0.0193545
0.0201541
0.0209535
0.0217455
0.0218776
0.0218326
0.0217931
0.0217594
0.0217314
0.0217094
0.0216932
0.0216828
0.0216781
0.0216786
0.0216842
0.0216963
0.0217166
0.0217349
0.0216945
0.0216207
0.021555
0.0214985
0.0214505
0.0214106
0.0213782
0.0213523
0.0213317
0.0213141
0.0212646
0.0025917
0.0132235
0.0126597
0.0124696
0.0146317
0.0151331
0.0157243
0.0163586
0.0170523
0.017792
0.0185636
0.0193545
0.0201541
0.0209535
0.0217455
0.0218776
0.0218326
0.0217932
0.0217594
0.0217315
0.0217094
0.0216933
0.0216829
0.0216782
0.0216787
0.0216842
0.0216963
0.0217166
0.021735
0.0216945
0.0216208
0.0215551
0.0214986
0.0214506
0.0214108
0.0213784
0.0213525
0.0213318
0.0213143
0.0212648
0.0025917
0.0132235
0.0126598
0.0124696
0.0146317
0.0151332
0.0157243
0.0163586
0.0170524
0.0177921
0.0185636
0.0193545
0.0201541
0.0209536
0.0217455
0.0218777
0.0218327
0.0217932
0.0217595
0.0217315
0.0217095
0.0216933
0.0216829
0.0216782
0.0216787
0.0216842
0.0216964
0.0217167
0.021735
0.0216946
0.0216208
0.0215552
0.0214987
0.0214507
0.0214109
0.0213785
0.0213526
0.021332
0.0213145
0.0212649
0.0025917
0.0132235
0.0126598
0.0124697
0.0146318
0.0151332
0.0157243
0.0163587
0.0170524
0.0177921
0.0185637
0.0193546
0.0201542
0.0209536
0.0217456
0.0218778
0.0218328
0.0217934
0.0217596
0.0217317
0.0217096
0.0216935
0.0216831
0.0216784
0.0216789
0.0216844
0.0216965
0.0217169
0.0217352
0.0216948
0.021621
0.0215554
0.0214989
0.0214509
0.0214111
0.0213787
0.0213528
0.0213322
0.0213147
0.0212651
0.00259171
0.0132236
0.0126599
0.0124697
0.0146318
0.0151333
0.0157244
0.0163587
0.0170524
0.0177921
0.0185637
0.0193546
0.0201542
0.0209537
0.0217456
0.0218782
0.0218332
0.0217937
0.02176
0.021732
0.02171
0.0216938
0.0216834
0.0216787
0.0216793
0.0216848
0.0216969
0.0217172
0.0217356
0.0216951
0.0216214
0.0215557
0.0214992
0.0214513
0.0214114
0.021379
0.0213532
0.0213326
0.021315
0.0212655
0.00259171
0.0132236
0.01266
0.0124698
0.0146319
0.0151334
0.0157245
0.0163588
0.0170525
0.0177922
0.0185638
0.0193547
0.0201543
0.0209537
0.0217457
0.0218785
0.0218335
0.021794
0.0217603
0.0217323
0.0217103
0.0216941
0.0216838
0.0216791
0.0216796
0.0216851
0.0216972
0.0217175
0.0217359
0.0216955
0.0216217
0.0215561
0.0214995
0.0214516
0.0214118
0.0213794
0.0213536
0.021333
0.0213154
0.0212659
0.00259173
0.0132237
0.0126601
0.0124699
0.014632
0.0151335
0.0157246
0.0163589
0.0170526
0.0177923
0.0185639
0.0193549
0.0201544
0.0209538
0.0217458
0.0218787
0.0218337
0.0217943
0.0217605
0.0217326
0.0217106
0.0216944
0.021684
0.0216793
0.0216799
0.0216853
0.0216975
0.0217178
0.0217361
0.0216957
0.021622
0.0215564
0.0214999
0.021452
0.0214121
0.0213798
0.0213539
0.0213333
0.0213158
0.0212662
0.00259175
0.0132238
0.0126602
0.01247
0.0146322
0.0151337
0.0157247
0.016359
0.0170528
0.0177925
0.0185641
0.019355
0.0201546
0.020954
0.0217459
0.0218789
0.0218339
0.0217945
0.0217607
0.0217328
0.0217108
0.0216946
0.0216843
0.0216796
0.0216801
0.0216856
0.0216977
0.021718
0.0217365
0.0216961
0.0216223
0.0215568
0.0215002
0.0214523
0.0214125
0.0213801
0.0213543
0.0213337
0.0213162
0.0212666
0.00259176
0.013224
0.0126604
0.0124701
0.0146324
0.0151338
0.0157249
0.0163592
0.017053
0.0177927
0.0185643
0.0193552
0.0201548
0.0209542
0.0217461
0.021879
0.021834
0.0217946
0.0217609
0.021733
0.021711
0.0216948
0.0216845
0.0216798
0.0216803
0.0216858
0.021698
0.0217184
0.0217368
0.0216964
0.0216227
0.0215571
0.0215005
0.0214527
0.0214128
0.0213805
0.0213546
0.021334
0.0213165
0.021267
0.0025918
0.0132242
0.0126607
0.0124703
0.0146326
0.0151341
0.0157252
0.0163595
0.0170532
0.0177929
0.0185645
0.0193555
0.0201551
0.0209545
0.0217464
0.0218789
0.0218339
0.0217945
0.0217608
0.0217329
0.0217109
0.0216947
0.0216844
0.0216797
0.0216803
0.0216858
0.021698
0.0217183
0.0217367
0.0216963
0.0216226
0.021557
0.0215004
0.0214525
0.0214127
0.0213804
0.0213545
0.021334
0.0213165
0.021267
0.00259182
0.0132244
0.0126609
0.0124706
0.0146329
0.0151344
0.0157255
0.0163597
0.0170535
0.0177933
0.0185649
0.0193558
0.0201554
0.0209549
0.0217468
0.0218782
0.0218332
0.0217938
0.0217601
0.0217322
0.0217102
0.021694
0.0216837
0.021679
0.0216795
0.0216851
0.0216972
0.0217175
0.0217359
0.0216954
0.0216217
0.0215561
0.0214996
0.0214517
0.0214119
0.0213795
0.0213537
0.0213332
0.0213157
0.0212662
0.00259187
0.0132247
0.0126613
0.0124708
0.0146333
0.0151348
0.0157259
0.0163601
0.0170539
0.0177937
0.0185653
0.0193563
0.0201559
0.0209553
0.0217473
0.0218765
0.0218316
0.0217922
0.0217585
0.0217306
0.0217085
0.0216924
0.021682
0.0216773
0.0216779
0.0216834
0.0216955
0.0217158
0.0217341
0.0216937
0.0216201
0.0215545
0.021498
0.0214501
0.0214104
0.021378
0.0213522
0.0213316
0.0213142
0.0212647
0.00259192
0.013225
0.0126618
0.0124712
0.0146338
0.0151353
0.0157264
0.0163605
0.0170544
0.0177942
0.0185659
0.0193569
0.0201565
0.0209559
0.021748
0.0218737
0.0218288
0.0217894
0.0217558
0.0217279
0.0217059
0.0216898
0.0216795
0.0216748
0.0216754
0.021681
0.0216931
0.0217135
0.0217318
0.0216915
0.0216178
0.0215523
0.0214958
0.021448
0.0214082
0.0213759
0.0213501
0.0213296
0.0213122
0.0212627
0.00259201
0.0132255
0.0126624
0.0124716
0.0146344
0.0151359
0.015727
0.0163611
0.0170549
0.0177948
0.0185665
0.0193576
0.0201572
0.0209567
0.0217488
0.0218694
0.0218245
0.0217853
0.0217517
0.021724
0.021702
0.021686
0.0216758
0.0216712
0.0216719
0.0216775
0.0216898
0.0217102
0.0217286
0.0216883
0.0216147
0.0215492
0.0214927
0.0214449
0.0214051
0.0213728
0.021347
0.0213265
0.0213091
0.0212597
0.0025921
0.0132261
0.0126632
0.0124721
0.0146352
0.0151367
0.0157278
0.0163617
0.0170556
0.0177955
0.0185673
0.0193584
0.0201581
0.0209577
0.0217498
0.0218624
0.0218177
0.0217786
0.0217452
0.0217176
0.0216959
0.02168
0.02167
0.0216655
0.0216664
0.0216721
0.0216845
0.021705
0.0217235
0.0216831
0.0216096
0.0215441
0.0214876
0.0214398
0.0214001
0.0213678
0.0213421
0.0213216
0.0213041
0.0212548
0.00259219
0.0132269
0.0126643
0.0124727
0.0146361
0.0151378
0.0157288
0.0163625
0.0170564
0.0177964
0.0185682
0.0193594
0.0201592
0.0209589
0.0217511
0.0218512
0.0218069
0.0217681
0.021735
0.0217077
0.0216862
0.0216706
0.0216609
0.0216567
0.0216577
0.0216637
0.0216763
0.021697
0.0217155
0.0216752
0.0216016
0.0215362
0.0214798
0.021432
0.0213923
0.02136
0.0213343
0.0213138
0.0212963
0.021247
0.00259236
0.0132281
0.0126657
0.0124733
0.0146373
0.0151391
0.0157301
0.0163633
0.0170573
0.0177973
0.0185692
0.0193604
0.0201603
0.0209601
0.0217523
0.0218333
0.0217895
0.0217512
0.0217186
0.0216918
0.0216708
0.0216557
0.0216464
0.0216426
0.0216441
0.0216505
0.0216634
0.0216843
0.0217028
0.0216625
0.021589
0.0215235
0.0214671
0.0214194
0.0213797
0.0213474
0.0213216
0.0213011
0.0212837
0.0212344
0.00259251
0.0132302
0.0126678
0.0124741
0.0146389
0.0151409
0.0157316
0.016364
0.0170581
0.0177981
0.01857
0.0193613
0.0201613
0.0209611
0.0217535
0.0218043
0.0217614
0.021724
0.0216923
0.0216663
0.0216461
0.0216318
0.0216232
0.0216202
0.0216223
0.0216294
0.0216429
0.0216643
0.0216829
0.0216425
0.021569
0.0215036
0.0214472
0.0213995
0.0213597
0.0213274
0.0213016
0.0212811
0.0212636
0.0212144
0.0025928
0.0132332
0.0126688
0.0124735
0.0146381
0.0151394
0.0157287
0.0163606
0.0170541
0.0177937
0.0185651
0.0193559
0.0201554
0.0209547
0.0217466
0.021759
0.0217176
0.0216818
0.0216516
0.0216271
0.0216084
0.0215954
0.0215883
0.0215866
0.0215901
0.0215984
0.021613
0.0216353
0.0216543
0.0216139
0.0215402
0.0214746
0.021418
0.02137
0.0213302
0.0212978
0.0212718
0.0212511
0.0212334
0.0211843
0.00259331
0.0131411
0.0126023
0.0124226
0.0145801
0.0150788
0.0156671
0.0162978
0.0169887
0.0177253
0.0184939
0.0192819
0.0200786
0.0208753
0.0216647
0.0217047
0.0216662
0.0216334
0.0216063
0.021585
0.0215696
0.02156
0.0215563
0.0215581
0.021565
0.0215764
0.0215943
0.0216201
0.0216445
0.0216063
0.0215286
0.0214593
0.0213995
0.0213486
0.0213061
0.0212714
0.0212434
0.0212208
0.0212015
0.0211508
0.00258569
0.0119512
0.0112065
0.0110728
0.0130151
0.0135751
0.0142466
0.0149961
0.0157905
0.0165851
0.0174098
0.0182516
0.0190998
0.0199452
0.0207809
0.0216011
0.0218621
0.0218254
0.0217957
0.0217731
0.0217576
0.0217492
0.021748
0.0217536
0.0217656
0.0217828
0.0218065
0.0218393
0.0218789
0.0218446
0.0217469
0.0216603
0.0215859
0.021523
0.0214711
0.0214295
0.0213973
0.0213729
0.0213535
0.021301
0.00248272
0.0120375
0.0112677
0.0111221
0.0130717
0.0136345
0.0143076
0.0150574
0.0158504
0.0166479
0.0174757
0.0183207
0.0191718
0.0200202
0.0208585
0.0216811
0.0218573
0.0218193
0.0217881
0.0217637
0.0217462
0.0217354
0.0217314
0.021734
0.0217424
0.021756
0.021776
0.0218047
0.0218373
0.0217993
0.021707
0.0216253
0.0215551
0.0214959
0.0214471
0.0214083
0.0213785
0.0213562
0.0213387
0.021288
0.00248987
0.012036
0.011268
0.0111234
0.0130729
0.013636
0.0143094
0.0150595
0.0158528
0.0166508
0.017479
0.0183244
0.0191759
0.0200247
0.0208634
0.0216865
0.0218608
0.0218226
0.0217913
0.0217668
0.021749
0.0217381
0.0217339
0.0217362
0.0217445
0.0217578
0.0217776
0.021806
0.0218382
0.0218003
0.0217083
0.0216269
0.0215569
0.0214979
0.0214494
0.0214108
0.0213811
0.0213591
0.0213417
0.0212911
0.00248962
0.0120347
0.0112668
0.0111232
0.0130717
0.0136346
0.014308
0.0150582
0.0158516
0.0166494
0.0174774
0.0183227
0.0191741
0.0200227
0.0208612
0.0216841
0.0218643
0.0218261
0.0217947
0.0217701
0.0217523
0.0217413
0.021737
0.0217393
0.0217474
0.0217607
0.0217804
0.0218088
0.021841
0.0218031
0.0217111
0.0216296
0.0215596
0.0215006
0.0214521
0.0214135
0.0213838
0.0213617
0.0213443
0.0212938
0.00248952
0.0120339
0.0112659
0.0111229
0.0130707
0.0136335
0.0143068
0.0150569
0.0158504
0.0166481
0.0174761
0.0183212
0.0191725
0.0200209
0.0208592
0.021682
0.0218673
0.021829
0.0217975
0.0217729
0.021755
0.021744
0.0217397
0.0217418
0.02175
0.0217632
0.0217829
0.0218112
0.0218435
0.0218055
0.0217135
0.021632
0.021562
0.021503
0.0214544
0.0214157
0.0213861
0.021364
0.0213466
0.021296
0.0024894
0.0120333
0.0112652
0.0111225
0.0130699
0.0136325
0.0143058
0.0150559
0.0158494
0.0166471
0.0174749
0.01832
0.0191711
0.0200194
0.0208577
0.0216803
0.0218697
0.0218313
0.0217998
0.0217751
0.0217572
0.0217461
0.0217418
0.0217439
0.0217521
0.0217653
0.021785
0.0218133
0.0218455
0.0218076
0.0217155
0.0216339
0.0215639
0.0215048
0.0214563
0.0214176
0.0213879
0.0213657
0.0213483
0.0212976
0.00248933
0.0120328
0.0112646
0.0111221
0.0130693
0.0136318
0.014305
0.0150551
0.0158487
0.0166462
0.017474
0.018319
0.0191701
0.0200183
0.0208565
0.021679
0.0218714
0.021833
0.0218014
0.0217767
0.0217588
0.0217477
0.0217434
0.0217455
0.0217537
0.0217668
0.0217865
0.0218148
0.0218471
0.0218091
0.021717
0.0216354
0.0215653
0.0215062
0.0214576
0.0214189
0.0213892
0.0213671
0.0213497
0.021299
0.00248925
0.0120324
0.0112641
0.0111217
0.0130687
0.0136313
0.0143044
0.0150545
0.0158481
0.0166456
0.0174733
0.0183183
0.0191693
0.0200175
0.0208556
0.0216781
0.0218725
0.0218341
0.0218026
0.0217778
0.0217599
0.0217488
0.0217445
0.0217466
0.0217547
0.0217679
0.0217876
0.0218159
0.0218482
0.0218102
0.021718
0.0216364
0.0215663
0.0215072
0.0214586
0.0214198
0.0213901
0.021368
0.0213505
0.0212998
0.00248919
0.0120321
0.0112637
0.0111214
0.0130683
0.0136308
0.014304
0.015054
0.0158476
0.0166451
0.0174728
0.0183177
0.0191688
0.0200169
0.020855
0.0216774
0.0218733
0.0218349
0.0218033
0.0217785
0.0217606
0.0217495
0.0217452
0.0217473
0.0217555
0.0217686
0.0217883
0.0218166
0.0218489
0.0218109
0.0217187
0.0216371
0.021567
0.0215078
0.0214592
0.0214205
0.0213907
0.0213686
0.0213511
0.0213004
0.00248914
0.0120318
0.0112634
0.0111212
0.0130679
0.0136305
0.0143036
0.0150537
0.0158473
0.0166448
0.0174725
0.0183174
0.0191684
0.0200165
0.0208546
0.021677
0.0218736
0.0218352
0.0218036
0.0217789
0.021761
0.0217499
0.0217455
0.0217477
0.0217558
0.021769
0.0217887
0.021817
0.0218494
0.0218113
0.0217191
0.0216374
0.0215673
0.0215081
0.0214595
0.0214207
0.021391
0.0213688
0.0213514
0.0213006
0.00248909
0.0120316
0.0112631
0.011121
0.0130677
0.0136302
0.0143033
0.0150534
0.015847
0.0166445
0.0174722
0.0183171
0.019168
0.0200162
0.0208542
0.0216767
0.0218738
0.0218353
0.0218038
0.021779
0.0217611
0.02175
0.0217457
0.0217479
0.021756
0.0217692
0.0217889
0.0218172
0.0218496
0.0218115
0.0217193
0.0216376
0.0215675
0.0215083
0.0214596
0.0214209
0.0213911
0.0213689
0.0213514
0.0213007
0.00248905
0.0120315
0.0112629
0.0111208
0.0130675
0.01363
0.0143031
0.0150532
0.0158468
0.0166443
0.017472
0.0183168
0.0191678
0.0200159
0.020854
0.0216764
0.0218737
0.0218353
0.0218037
0.021779
0.0217611
0.02175
0.0217456
0.0217478
0.0217559
0.0217692
0.0217889
0.0218172
0.0218496
0.0218115
0.0217193
0.0216375
0.0215674
0.0215082
0.0214596
0.0214208
0.021391
0.0213688
0.0213513
0.0213006
0.00248902
0.0120313
0.0112628
0.0111207
0.0130673
0.0136298
0.014303
0.0150531
0.0158467
0.0166441
0.0174718
0.0183167
0.0191677
0.0200158
0.0208539
0.0216763
0.0218736
0.0218352
0.0218037
0.0217789
0.021761
0.0217499
0.0217456
0.0217477
0.0217559
0.0217691
0.0217888
0.0218172
0.0218496
0.0218115
0.0217193
0.0216376
0.0215674
0.0215082
0.0214595
0.0214207
0.0213909
0.0213687
0.0213512
0.0213005
0.002489
0.0120312
0.0112626
0.0111206
0.0130672
0.0136297
0.0143028
0.0150529
0.0158466
0.016644
0.0174717
0.0183166
0.0191675
0.0200157
0.0208537
0.0216762
0.0218737
0.0218353
0.0218037
0.021779
0.0217611
0.02175
0.0217457
0.0217478
0.021756
0.0217692
0.0217889
0.0218173
0.0218497
0.0218116
0.0217193
0.0216376
0.0215674
0.0215082
0.0214595
0.0214207
0.0213909
0.0213687
0.0213512
0.0213004
0.00248897
0.0120312
0.0112625
0.0111205
0.0130671
0.0136296
0.0143027
0.0150529
0.0158465
0.0166439
0.0174716
0.0183165
0.0191675
0.0200156
0.0208537
0.0216761
0.0218737
0.0218353
0.0218037
0.021779
0.0217611
0.02175
0.0217457
0.0217478
0.021756
0.0217692
0.0217889
0.0218172
0.0218496
0.0218116
0.0217193
0.0216376
0.0215673
0.0215081
0.0214594
0.0214206
0.0213908
0.0213686
0.0213512
0.0213004
0.00248896
0.0120311
0.0112625
0.0111205
0.013067
0.0136295
0.0143027
0.0150528
0.0158464
0.0166439
0.0174715
0.0183164
0.0191674
0.0200155
0.0208536
0.0216761
0.0218738
0.0218353
0.0218038
0.021779
0.0217611
0.02175
0.0217457
0.0217479
0.021756
0.0217692
0.0217889
0.0218172
0.0218496
0.0218115
0.0217192
0.0216375
0.0215672
0.0215081
0.0214594
0.0214206
0.0213908
0.0213686
0.0213511
0.0213004
0.00248894
0.012031
0.0112624
0.0111204
0.013067
0.0136295
0.0143026
0.0150527
0.0158464
0.0166438
0.0174715
0.0183164
0.0191674
0.0200155
0.0208536
0.0216761
0.0218737
0.0218353
0.0218037
0.0217789
0.021761
0.0217499
0.0217456
0.0217478
0.0217559
0.0217691
0.0217887
0.0218171
0.0218494
0.0218114
0.0217191
0.0216374
0.0215672
0.021508
0.0214593
0.0214205
0.0213907
0.0213686
0.0213511
0.0213003
0.00248893
0.012031
0.0112624
0.0111204
0.0130669
0.0136294
0.0143026
0.0150527
0.0158463
0.0166438
0.0174715
0.0183164
0.0191674
0.0200155
0.0208536
0.021676
0.0218737
0.0218353
0.0218037
0.021779
0.0217611
0.02175
0.0217457
0.0217478
0.021756
0.0217691
0.0217888
0.0218171
0.0218495
0.0218114
0.0217191
0.0216374
0.0215672
0.021508
0.0214593
0.0214205
0.0213908
0.0213686
0.0213511
0.0213003
0.00248892
0.012031
0.0112624
0.0111204
0.0130669
0.0136294
0.0143026
0.0150527
0.0158463
0.0166438
0.0174715
0.0183164
0.0191674
0.0200155
0.0208536
0.0216761
0.0218736
0.0218352
0.0218036
0.0217789
0.021761
0.0217499
0.0217456
0.0217478
0.0217559
0.0217691
0.0217888
0.0218171
0.0218495
0.0218114
0.0217191
0.0216374
0.0215672
0.021508
0.0214593
0.0214205
0.0213907
0.0213685
0.021351
0.0213003
0.00248892
0.012031
0.0112623
0.0111204
0.0130669
0.0136294
0.0143025
0.0150527
0.0158463
0.0166438
0.0174715
0.0183164
0.0191674
0.0200155
0.0208536
0.0216761
0.0218736
0.0218352
0.0218036
0.0217789
0.021761
0.02175
0.0217456
0.0217478
0.021756
0.0217692
0.0217889
0.0218172
0.0218495
0.0218115
0.0217192
0.0216374
0.0215672
0.0215081
0.0214594
0.0214206
0.0213908
0.0213686
0.0213511
0.0213003
0.00248892
0.012031
0.0112624
0.0111204
0.0130669
0.0136294
0.0143025
0.0150527
0.0158463
0.0166438
0.0174715
0.0183164
0.0191674
0.0200155
0.0208536
0.0216761
0.0218737
0.0218353
0.0218037
0.021779
0.0217611
0.0217501
0.0217457
0.0217479
0.0217561
0.0217693
0.021789
0.0218173
0.0218497
0.0218116
0.0217193
0.0216376
0.0215673
0.0215082
0.0214595
0.0214207
0.0213909
0.0213687
0.0213512
0.0213005
0.00248892
0.012031
0.0112624
0.0111204
0.0130669
0.0136294
0.0143025
0.0150527
0.0158463
0.0166438
0.0174715
0.0183164
0.0191674
0.0200155
0.0208536
0.0216761
0.0218737
0.0218353
0.0218038
0.0217791
0.0217612
0.0217501
0.0217458
0.021748
0.0217561
0.0217693
0.021789
0.0218173
0.0218497
0.0218116
0.0217194
0.0216376
0.0215674
0.0215083
0.0214596
0.0214208
0.021391
0.0213688
0.0213513
0.0213006
0.00248892
0.012031
0.0112624
0.0111204
0.013067
0.0136294
0.0143026
0.0150527
0.0158463
0.0166438
0.0174715
0.0183164
0.0191674
0.0200155
0.0208537
0.0216761
0.0218738
0.0218354
0.0218038
0.0217791
0.0217612
0.0217502
0.0217459
0.021748
0.0217562
0.0217694
0.021789
0.0218174
0.0218498
0.0218117
0.0217195
0.0216377
0.0215675
0.0215084
0.0214597
0.0214209
0.0213911
0.021369
0.0213515
0.0213007
0.00248893
0.012031
0.0112624
0.0111204
0.013067
0.0136295
0.0143026
0.0150527
0.0158464
0.0166438
0.0174715
0.0183164
0.0191674
0.0200156
0.0208537
0.0216761
0.0218739
0.0218356
0.021804
0.0217793
0.0217614
0.0217503
0.021746
0.0217482
0.0217563
0.0217695
0.0217892
0.0218176
0.02185
0.0218119
0.0217197
0.0216379
0.0215677
0.0215086
0.0214599
0.0214211
0.0213914
0.0213692
0.0213517
0.0213009
0.00248893
0.0120311
0.0112625
0.0111205
0.013067
0.0136295
0.0143026
0.0150527
0.0158464
0.0166438
0.0174715
0.0183164
0.0191675
0.0200156
0.0208537
0.0216762
0.0218743
0.0218359
0.0218043
0.0217796
0.0217617
0.0217507
0.0217464
0.0217485
0.0217567
0.0217699
0.0217896
0.0218179
0.0218503
0.0218122
0.02172
0.0216382
0.021568
0.0215089
0.0214602
0.0214214
0.0213917
0.0213695
0.021352
0.0213013
0.00248894
0.0120311
0.0112626
0.0111205
0.0130671
0.0136296
0.0143027
0.0150528
0.0158465
0.0166439
0.0174716
0.0183165
0.0191675
0.0200157
0.0208538
0.0216762
0.0218746
0.0218362
0.0218046
0.0217799
0.021762
0.021751
0.0217467
0.0217489
0.021757
0.0217702
0.0217899
0.0218182
0.0218506
0.0218125
0.0217203
0.0216385
0.0215684
0.0215092
0.0214606
0.0214218
0.0213921
0.0213699
0.0213524
0.0213017
0.00248895
0.0120312
0.0112626
0.0111206
0.0130672
0.0136297
0.0143028
0.0150529
0.0158465
0.016644
0.0174717
0.0183166
0.0191676
0.0200158
0.0208538
0.0216762
0.0218748
0.0218365
0.0218049
0.0217802
0.0217623
0.0217513
0.0217469
0.0217491
0.0217573
0.0217705
0.0217901
0.0218184
0.0218508
0.0218128
0.0217206
0.0216389
0.0215687
0.0215096
0.0214609
0.0214221
0.0213924
0.0213702
0.0213528
0.021302
0.00248896
0.0120313
0.0112628
0.0111207
0.0130673
0.0136298
0.0143029
0.015053
0.0158467
0.0166441
0.0174718
0.0183167
0.0191677
0.0200159
0.0208539
0.0216763
0.021875
0.0218366
0.0218051
0.0217804
0.0217625
0.0217515
0.0217471
0.0217493
0.0217575
0.0217707
0.0217903
0.0218187
0.0218511
0.0218131
0.0217209
0.0216392
0.021569
0.0215099
0.0214613
0.0214225
0.0213928
0.0213706
0.0213531
0.0213024
0.00248899
0.0120315
0.0112629
0.0111208
0.0130675
0.01363
0.0143031
0.0150532
0.0158468
0.0166442
0.017472
0.0183169
0.0191679
0.020016
0.0208541
0.0216765
0.0218752
0.0218368
0.0218053
0.0217806
0.0217627
0.0217517
0.0217474
0.0217495
0.0217577
0.0217709
0.0217906
0.021819
0.0218514
0.0218135
0.0217212
0.0216395
0.0215694
0.0215102
0.0214616
0.0214228
0.0213931
0.0213709
0.0213535
0.0213027
0.002489
0.0120316
0.0112631
0.011121
0.0130677
0.0136302
0.0143033
0.0150534
0.015847
0.0166445
0.0174722
0.0183171
0.0191681
0.0200162
0.0208543
0.0216767
0.0218751
0.0218368
0.0218052
0.0217805
0.0217627
0.0217516
0.0217473
0.0217495
0.0217577
0.0217709
0.0217906
0.0218189
0.0218513
0.0218133
0.0217211
0.0216394
0.0215692
0.0215101
0.0214615
0.0214227
0.021393
0.0213708
0.0213534
0.0213027
0.00248903
0.0120318
0.0112634
0.0111212
0.013068
0.0136304
0.0143036
0.0150536
0.0158473
0.0166447
0.0174725
0.0183174
0.0191684
0.0200165
0.0208546
0.021677
0.0218744
0.0218361
0.0218045
0.0217798
0.021762
0.0217509
0.0217466
0.0217488
0.0217569
0.0217701
0.0217898
0.0218181
0.0218505
0.0218124
0.0217202
0.0216385
0.0215684
0.0215093
0.0214606
0.0214219
0.0213922
0.02137
0.0213526
0.0213019
0.00248908
0.0120321
0.0112637
0.0111215
0.0130684
0.0136308
0.014304
0.015054
0.0158476
0.0166451
0.0174729
0.0183178
0.0191688
0.0200169
0.020855
0.0216774
0.0218728
0.0218344
0.0218029
0.0217782
0.0217603
0.0217492
0.0217449
0.0217471
0.0217552
0.0217684
0.0217881
0.0218164
0.0218487
0.0218107
0.0217186
0.0216369
0.0215668
0.0215077
0.0214591
0.0214204
0.0213907
0.0213686
0.0213511
0.0213004
0.00248914
0.0120325
0.0112642
0.0111218
0.0130689
0.0136314
0.0143045
0.0150545
0.015848
0.0166455
0.0174733
0.0183183
0.0191693
0.0200175
0.0208556
0.021678
0.02187
0.0218316
0.0218001
0.0217755
0.0217576
0.0217466
0.0217423
0.0217445
0.0217527
0.0217659
0.0217856
0.021814
0.0218464
0.0218084
0.0217163
0.0216347
0.0215646
0.0215055
0.021457
0.0214182
0.0213886
0.0213665
0.0213491
0.0212984
0.0024892
0.012033
0.0112648
0.0111223
0.0130695
0.013632
0.0143052
0.0150552
0.0158486
0.0166462
0.017474
0.018319
0.0191701
0.0200182
0.0208563
0.0216788
0.0218657
0.0218275
0.0217961
0.0217715
0.0217537
0.0217428
0.0217386
0.0217409
0.0217491
0.0217624
0.0217822
0.0218106
0.021843
0.0218051
0.021713
0.0216315
0.0215614
0.0215024
0.0214538
0.0214151
0.0213855
0.0213634
0.021346
0.0212954
0.0024893
0.0120337
0.0112656
0.0111229
0.0130704
0.013633
0.0143061
0.0150561
0.0158493
0.0166469
0.0174748
0.0183199
0.019171
0.0200193
0.0208575
0.02168
0.0218588
0.0218207
0.0217894
0.021765
0.0217474
0.0217367
0.0217326
0.021735
0.0217434
0.0217569
0.0217768
0.0218053
0.0218378
0.0217998
0.0217078
0.0216263
0.0215562
0.0214972
0.0214487
0.0214101
0.0213804
0.0213583
0.021341
0.0212904
0.00248942
0.0120346
0.0112667
0.0111236
0.0130715
0.0136342
0.0143074
0.0150572
0.0158502
0.0166478
0.0174758
0.0183209
0.0191722
0.0200205
0.0208588
0.0216814
0.0218477
0.02181
0.021779
0.0217549
0.0217376
0.0217271
0.0217233
0.021726
0.0217346
0.0217483
0.0217684
0.0217971
0.0218296
0.0217917
0.0216997
0.0216182
0.0215482
0.0214893
0.0214408
0.0214022
0.0213725
0.0213505
0.0213331
0.0212826
0.00248955
0.012036
0.0112682
0.0111245
0.0130731
0.0136359
0.0143091
0.0150587
0.0158511
0.0166489
0.017477
0.0183222
0.0191735
0.020022
0.0208604
0.0216832
0.0218299
0.0217927
0.0217623
0.0217386
0.0217218
0.0217117
0.0217084
0.0217115
0.0217205
0.0217346
0.0217551
0.0217841
0.0218166
0.0217787
0.0216868
0.0216053
0.0215354
0.0214765
0.021428
0.0213893
0.0213598
0.0213377
0.0213203
0.0212698
0.00248974
0.0120383
0.0112703
0.0111256
0.0130753
0.0136383
0.0143114
0.0150606
0.0158522
0.01665
0.0174782
0.0183235
0.019175
0.0200236
0.0208622
0.0216852
0.0218011
0.0217648
0.0217352
0.0217124
0.0216964
0.0216871
0.0216845
0.0216884
0.0216982
0.0217129
0.021734
0.0217634
0.0217962
0.0217582
0.0216664
0.021585
0.0215151
0.0214562
0.0214077
0.0213691
0.0213395
0.0213174
0.0213
0.0212496
0.00249002
0.0120415
0.0112717
0.0111259
0.0130759
0.0136385
0.0143108
0.0150593
0.0158493
0.0166467
0.0174744
0.0183193
0.0191703
0.0200185
0.0208566
0.0216791
0.0217562
0.0217214
0.0216934
0.0216721
0.0216575
0.0216497
0.0216486
0.0216539
0.0216651
0.0216812
0.0217035
0.0217339
0.0217674
0.0217294
0.0216373
0.0215557
0.0214856
0.0214265
0.0213779
0.0213391
0.0213093
0.021287
0.0212695
0.0212192
0.00249052
0.011959
0.011214
0.0110801
0.0130233
0.0135833
0.0142537
0.0150008
0.0157906
0.016585
0.0174097
0.0182516
0.0190997
0.0199451
0.0207807
0.0216009
0.0217036
0.0216721
0.0216474
0.0216296
0.0216187
0.0216147
0.0216176
0.021627
0.0216422
0.021662
0.0216882
0.0217231
0.0217639
0.0217294
0.021632
0.0215457
0.0214714
0.0214087
0.0213568
0.0213153
0.0212831
0.0212587
0.0212393
0.0211873
0.00248369
0.0108458
0.00993256
0.00982903
0.0115725
0.0121941
0.0129518
0.0138073
0.0147224
0.0156527
0.016542
0.0174432
0.018347
0.0192447
0.0201294
0.0209959
0.0218406
0.0218354
0.0218097
0.0217923
0.0217833
0.0217826
0.0217903
0.0218064
0.0218301
0.0218598
0.0218955
0.0219407
0.0219953
0.021969
0.021851
0.0217424
0.021649
0.0215705
0.0215063
0.021456
0.0214192
0.0213946
0.0213789
0.0213329
0.00240559
0.0109221
0.00998556
0.00987325
0.0116236
0.0122483
0.0130082
0.0138656
0.0147815
0.0157112
0.0166025
0.017507
0.0184139
0.0193145
0.0202018
0.0210707
0.0218669
0.0218314
0.0218039
0.0217845
0.021773
0.0217694
0.0217738
0.021786
0.0218053
0.0218301
0.0218611
0.0219011
0.0219497
0.0219174
0.0218036
0.0217011
0.0216131
0.0215393
0.0214792
0.0214323
0.0213984
0.0213762
0.0213625
0.0213183
0.00241193
0.0109207
0.00998558
0.00987399
0.0116239
0.0122489
0.0130092
0.0138667
0.0147829
0.015713
0.0166046
0.0175093
0.0184166
0.0193175
0.0202051
0.0210744
0.0218707
0.0218351
0.0218075
0.0217879
0.0217762
0.0217724
0.0217766
0.0217885
0.0218076
0.0218321
0.0218628
0.0219025
0.0219507
0.0219183
0.0218049
0.0217027
0.021615
0.0215415
0.0214816
0.0214349
0.0214012
0.0213792
0.0213657
0.0213217
0.00241161
0.0109194
0.0099844
0.00987357
0.0116225
0.0122472
0.0130074
0.0138649
0.0147811
0.0157112
0.0166026
0.0175071
0.0184141
0.0193147
0.0202021
0.021071
0.0218744
0.0218387
0.021811
0.0217913
0.0217796
0.0217758
0.0217799
0.0217918
0.0218108
0.0218353
0.0218659
0.0219056
0.0219538
0.0219215
0.021808
0.0217057
0.021618
0.0215445
0.0214845
0.0214378
0.0214041
0.0213821
0.0213685
0.0213244
0.00241155
0.0109185
0.00998343
0.00987306
0.0116215
0.012246
0.0130061
0.0138635
0.0147797
0.0157098
0.016601
0.0175053
0.0184122
0.0193126
0.0201998
0.0210685
0.0218775
0.0218417
0.021814
0.0217942
0.0217824
0.0217786
0.0217827
0.0217946
0.0218136
0.021838
0.0218686
0.0219083
0.0219565
0.0219242
0.0218106
0.0217083
0.0216206
0.0215469
0.0214869
0.0214402
0.0214065
0.0213844
0.0213709
0.0213268
0.0024114
0.0109178
0.00998267
0.00987261
0.0116206
0.012245
0.013005
0.0138624
0.0147785
0.0157087
0.0165998
0.017504
0.0184108
0.0193111
0.0201981
0.0210667
0.0218798
0.021844
0.0218162
0.0217965
0.0217846
0.0217808
0.0217849
0.0217968
0.0218157
0.0218402
0.0218708
0.0219105
0.0219587
0.0219264
0.0218128
0.0217104
0.0216226
0.0215489
0.0214888
0.0214421
0.0214083
0.0213862
0.0213726
0.0213284
0.00241132
0.0109173
0.00998207
0.00987219
0.01162
0.0122443
0.0130042
0.0138615
0.0147777
0.0157079
0.0165989
0.0175031
0.0184098
0.01931
0.020197
0.0210655
0.0218815
0.0218457
0.0218179
0.0217981
0.0217863
0.0217824
0.0217865
0.0217984
0.0218174
0.0218418
0.0218724
0.0219121
0.0219604
0.021928
0.0218143
0.0217119
0.0216241
0.0215504
0.0214903
0.0214435
0.0214097
0.0213876
0.021374
0.0213299
0.00241122
0.010917
0.00998161
0.00987186
0.0116194
0.0122438
0.0130036
0.0138609
0.0147771
0.0157074
0.0165983
0.0175025
0.0184091
0.0193093
0.0201962
0.0210647
0.0218826
0.0218468
0.021819
0.0217992
0.0217874
0.0217835
0.0217876
0.0217995
0.0218185
0.0218429
0.0218735
0.0219133
0.0219616
0.0219292
0.0218154
0.0217129
0.0216251
0.0215513
0.0214912
0.0214444
0.0214106
0.0213884
0.0213748
0.0213307
0.00241114
0.0109166
0.00998125
0.00987158
0.011619
0.0122434
0.0130032
0.0138605
0.0147766
0.0157069
0.0165979
0.017502
0.0184086
0.0193088
0.0201957
0.0210642
0.0218834
0.0218475
0.0218197
0.0217999
0.0217881
0.0217842
0.0217883
0.0218002
0.0218192
0.0218437
0.0218743
0.021914
0.0219623
0.0219299
0.0218162
0.0217137
0.0216258
0.021552
0.0214919
0.0214451
0.0214112
0.0213891
0.0213755
0.0213313
0.00241109
0.0109164
0.00998097
0.00987135
0.0116188
0.0122431
0.0130029
0.0138602
0.0147763
0.0157067
0.0165976
0.0175018
0.0184084
0.0193085
0.0201954
0.0210639
0.0218836
0.0218478
0.02182
0.0218002
0.0217884
0.0217845
0.0217886
0.0218005
0.0218195
0.021844
0.0218746
0.0219144
0.0219627
0.0219303
0.0218164
0.0217139
0.021626
0.0215522
0.0214921
0.0214453
0.0214114
0.0213893
0.0213756
0.0213315
0.00241104
0.0109162
0.00998076
0.00987118
0.0116185
0.0122428
0.0130026
0.0138599
0.0147761
0.0157065
0.0165974
0.0175016
0.0184082
0.0193083
0.0201952
0.0210637
0.0218837
0.0218479
0.0218201
0.0218003
0.0217885
0.0217846
0.0217887
0.0218006
0.0218196
0.0218441
0.0218747
0.0219145
0.0219628
0.0219305
0.0218167
0.0217141
0.0216262
0.0215524
0.0214922
0.0214454
0.0214115
0.0213893
0.0213757
0.0213315
0.00241101
0.0109161
0.00998059
0.00987104
0.0116183
0.0122427
0.0130025
0.0138598
0.014776
0.0157063
0.0165972
0.0175014
0.018408
0.0193081
0.0201951
0.0210635
0.0218837
0.0218478
0.02182
0.0218002
0.0217884
0.0217846
0.0217887
0.0218006
0.0218196
0.0218441
0.0218747
0.0219145
0.0219629
0.0219304
0.0218166
0.021714
0.0216261
0.0215523
0.0214921
0.0214453
0.0214114
0.0213892
0.0213756
0.0213314
0.00241098
0.010916
0.00998047
0.00987095
0.0116182
0.0122425
0.0130024
0.0138597
0.0147759
0.0157062
0.0165972
0.0175013
0.0184079
0.0193081
0.020195
0.0210635
0.0218836
0.0218477
0.0218199
0.0218001
0.0217883
0.0217845
0.0217886
0.0218005
0.0218195
0.021844
0.0218746
0.0219144
0.0219628
0.0219305
0.0218166
0.021714
0.021626
0.0215522
0.021492
0.0214452
0.0214113
0.0213891
0.0213755
0.0213313
0.00241096
0.0109159
0.00998036
0.00987085
0.0116181
0.0122424
0.0130023
0.0138596
0.0147758
0.0157061
0.0165971
0.0175012
0.0184078
0.019308
0.0201949
0.0210634
0.0218837
0.0218478
0.02182
0.0218002
0.0217884
0.0217846
0.0217887
0.0218006
0.0218196
0.0218441
0.0218748
0.0219146
0.0219629
0.0219305
0.0218166
0.021714
0.0216261
0.0215522
0.021492
0.0214452
0.0214113
0.0213891
0.0213754
0.0213312
0.00241094
0.0109158
0.00998029
0.0098708
0.0116181
0.0122424
0.0130022
0.0138595
0.0147757
0.0157061
0.016597
0.0175011
0.0184077
0.0193079
0.0201949
0.0210633
0.0218837
0.0218478
0.02182
0.0218003
0.0217884
0.0217846
0.0217887
0.0218006
0.0218196
0.0218441
0.0218748
0.0219146
0.021963
0.0219306
0.0218167
0.0217141
0.0216261
0.0215522
0.021492
0.0214452
0.0214113
0.0213891
0.0213754
0.0213312
0.00241093
0.0109157
0.00998023
0.00987074
0.011618
0.0122423
0.0130021
0.0138594
0.0147756
0.015706
0.0165969
0.0175011
0.0184077
0.0193079
0.0201948
0.0210633
0.0218838
0.0218479
0.0218201
0.0218003
0.0217885
0.0217847
0.0217888
0.0218007
0.0218197
0.0218442
0.0218748
0.0219146
0.021963
0.0219305
0.0218167
0.021714
0.021626
0.0215522
0.021492
0.0214451
0.0214112
0.0213891
0.0213754
0.0213312
0.00241092
0.0109157
0.0099802
0.00987072
0.011618
0.0122423
0.0130021
0.0138594
0.0147756
0.015706
0.0165969
0.0175011
0.0184077
0.0193079
0.0201948
0.0210633
0.0218837
0.0218478
0.02182
0.0218002
0.0217884
0.0217846
0.0217887
0.0218006
0.0218196
0.0218441
0.0218747
0.0219145
0.0219629
0.0219305
0.0218166
0.021714
0.021626
0.0215521
0.021492
0.0214451
0.0214112
0.021389
0.0213754
0.0213312
0.00241091
0.0109157
0.00998018
0.0098707
0.0116179
0.0122422
0.013002
0.0138593
0.0147755
0.0157059
0.0165969
0.017501
0.0184076
0.0193078
0.0201948
0.0210633
0.0218837
0.0218479
0.0218201
0.0218003
0.0217885
0.0217847
0.0217888
0.0218007
0.0218197
0.0218442
0.0218749
0.0219146
0.021963
0.0219306
0.0218167
0.0217141
0.0216261
0.0215522
0.021492
0.0214452
0.0214113
0.0213891
0.0213754
0.0213312
0.0024109
0.0109157
0.00998017
0.00987069
0.0116179
0.0122422
0.013002
0.0138593
0.0147755
0.0157059
0.0165969
0.017501
0.0184076
0.0193079
0.0201948
0.0210633
0.0218836
0.0218478
0.02182
0.0218003
0.0217884
0.0217846
0.0217888
0.0218007
0.0218197
0.0218442
0.0218749
0.0219147
0.021963
0.0219306
0.0218167
0.0217141
0.0216261
0.0215522
0.021492
0.0214451
0.0214112
0.0213891
0.0213754
0.0213312
0.0024109
0.0109157
0.00998017
0.00987069
0.0116179
0.0122422
0.013002
0.0138593
0.0147755
0.0157059
0.0165969
0.017501
0.0184077
0.0193079
0.0201948
0.0210634
0.0218837
0.0218478
0.0218201
0.0218003
0.0217885
0.0217847
0.0217889
0.0218008
0.0218198
0.0218443
0.021875
0.0219147
0.0219631
0.0219307
0.0218168
0.0217141
0.0216261
0.0215523
0.0214921
0.0214452
0.0214113
0.0213891
0.0213754
0.0213312
0.0024109
0.0109157
0.00998017
0.00987069
0.0116179
0.0122422
0.013002
0.0138593
0.0147755
0.0157059
0.0165969
0.017501
0.0184077
0.0193079
0.0201948
0.0210634
0.0218838
0.0218479
0.0218202
0.0218004
0.0217886
0.0217848
0.021789
0.0218009
0.0218199
0.0218445
0.0218751
0.0219149
0.0219632
0.0219308
0.0218169
0.0217143
0.0216262
0.0215524
0.0214922
0.0214453
0.0214114
0.0213892
0.0213756
0.0213314
0.0024109
0.0109157
0.00998018
0.00987069
0.0116179
0.0122422
0.013002
0.0138593
0.0147755
0.0157059
0.0165969
0.017501
0.0184077
0.0193079
0.0201949
0.0210634
0.0218838
0.021848
0.0218203
0.0218005
0.0217887
0.0217849
0.0217891
0.021801
0.02182
0.0218445
0.0218751
0.0219149
0.0219632
0.0219308
0.0218169
0.0217143
0.0216263
0.0215525
0.0214923
0.0214454
0.0214115
0.0213893
0.0213757
0.0213315
0.0024109
0.0109157
0.0099802
0.00987071
0.0116179
0.0122422
0.013002
0.0138593
0.0147755
0.0157059
0.0165969
0.017501
0.0184077
0.0193079
0.0201949
0.0210634
0.0218839
0.021848
0.0218203
0.0218006
0.0217888
0.021785
0.0217891
0.021801
0.02182
0.0218445
0.0218752
0.0219149
0.0219633
0.0219309
0.021817
0.0217144
0.0216264
0.0215526
0.0214924
0.0214455
0.0214116
0.0213895
0.0213758
0.0213316
0.0024109
0.0109157
0.00998023
0.00987073
0.011618
0.0122423
0.0130021
0.0138593
0.0147755
0.0157059
0.0165969
0.0175011
0.0184077
0.0193079
0.0201949
0.0210634
0.0218841
0.0218482
0.0218205
0.0218007
0.0217889
0.0217851
0.0217893
0.0218012
0.0218202
0.0218447
0.0218754
0.0219151
0.0219635
0.0219311
0.0218172
0.0217146
0.0216266
0.0215528
0.0214926
0.0214457
0.0214118
0.0213897
0.021376
0.0213318
0.0024109
0.0109158
0.00998027
0.00987076
0.011618
0.0122423
0.0130021
0.0138594
0.0147756
0.015706
0.0165969
0.0175011
0.0184077
0.019308
0.0201949
0.0210635
0.0218844
0.0218485
0.0218208
0.0218011
0.0217893
0.0217854
0.0217896
0.0218015
0.0218205
0.021845
0.0218757
0.0219154
0.0219638
0.0219314
0.0218175
0.0217149
0.0216269
0.021553
0.0214929
0.021446
0.0214121
0.02139
0.0213763
0.0213321
0.00241091
0.0109158
0.00998031
0.0098708
0.0116181
0.0122423
0.0130021
0.0138594
0.0147756
0.015706
0.016597
0.0175011
0.0184078
0.019308
0.020195
0.0210635
0.0218847
0.0218488
0.0218211
0.0218014
0.0217896
0.0217858
0.0217899
0.0218018
0.0218208
0.0218453
0.021876
0.0219157
0.0219641
0.0219317
0.0218178
0.0217152
0.0216272
0.0215534
0.0214932
0.0214464
0.0214125
0.0213903
0.0213767
0.0213325
0.00241091
0.0109159
0.00998038
0.00987085
0.0116181
0.0122424
0.0130022
0.0138595
0.0147757
0.0157061
0.016597
0.0175012
0.0184078
0.0193081
0.020195
0.0210635
0.0218849
0.0218491
0.0218214
0.0218016
0.0217898
0.021786
0.0217902
0.021802
0.0218211
0.0218456
0.0218762
0.0219159
0.0219643
0.0219319
0.0218181
0.0217155
0.0216275
0.0215537
0.0214936
0.0214467
0.0214128
0.0213907
0.021377
0.0213328
0.00241093
0.0109159
0.00998047
0.00987093
0.0116182
0.0122425
0.0130023
0.0138596
0.0147758
0.0157062
0.0165971
0.0175013
0.0184079
0.0193081
0.0201951
0.0210636
0.0218851
0.0218493
0.0218216
0.0218018
0.02179
0.0217862
0.0217903
0.0218022
0.0218213
0.0218458
0.0218764
0.0219162
0.0219645
0.0219322
0.0218184
0.0217158
0.0216278
0.021554
0.0214939
0.0214471
0.0214132
0.021391
0.0213773
0.0213331
0.00241094
0.0109161
0.0099806
0.00987103
0.0116184
0.0122426
0.0130024
0.0138597
0.0147759
0.0157063
0.0165972
0.0175014
0.018408
0.0193082
0.0201952
0.0210636
0.0218853
0.0218495
0.0218218
0.021802
0.0217902
0.0217864
0.0217906
0.0218025
0.0218215
0.021846
0.0218767
0.0219165
0.0219649
0.0219326
0.0218187
0.0217161
0.0216282
0.0215544
0.0214942
0.0214474
0.0214135
0.0213913
0.0213777
0.0213335
0.00241095
0.0109162
0.00998076
0.00987117
0.0116185
0.0122428
0.0130026
0.0138599
0.0147761
0.0157064
0.0165974
0.0175016
0.0184082
0.0193084
0.0201953
0.0210637
0.0218853
0.0218495
0.0218217
0.021802
0.0217902
0.0217863
0.0217905
0.0218024
0.0218214
0.0218459
0.0218766
0.0219164
0.0219647
0.0219324
0.0218185
0.021716
0.021628
0.0215542
0.0214941
0.0214472
0.0214134
0.0213912
0.0213776
0.0213334
0.00241099
0.0109164
0.00998098
0.00987136
0.0116188
0.0122431
0.0130029
0.0138601
0.0147763
0.0157067
0.0165976
0.0175018
0.0184084
0.0193086
0.0201955
0.0210639
0.0218846
0.0218488
0.0218211
0.0218013
0.0217895
0.0217857
0.0217898
0.0218017
0.0218207
0.0218452
0.0218758
0.0219156
0.0219638
0.0219315
0.0218176
0.0217151
0.0216272
0.0215534
0.0214933
0.0214465
0.0214126
0.0213905
0.0213769
0.0213327
0.00241102
0.0109167
0.00998129
0.00987161
0.0116191
0.0122434
0.0130032
0.0138605
0.0147767
0.0157069
0.0165979
0.0175021
0.0184087
0.0193089
0.0201958
0.0210642
0.0218829
0.0218471
0.0218194
0.0217996
0.0217878
0.021784
0.0217881
0.0218
0.021819
0.0218435
0.0218741
0.0219138
0.0219621
0.0219298
0.021816
0.0217135
0.0216256
0.0215518
0.0214917
0.0214449
0.0214111
0.021389
0.0213754
0.0213312
0.00241109
0.010917
0.00998171
0.00987195
0.0116196
0.0122439
0.0130037
0.013861
0.0147771
0.0157073
0.0165983
0.0175025
0.0184091
0.0193093
0.0201962
0.0210646
0.0218802
0.0218444
0.0218167
0.0217969
0.0217852
0.0217814
0.0217855
0.0217974
0.0218165
0.021841
0.0218716
0.0219113
0.0219597
0.0219274
0.0218137
0.0217112
0.0216234
0.0215496
0.0214896
0.0214428
0.021409
0.0213869
0.0213733
0.0213292
0.00241115
0.0109175
0.00998228
0.0098724
0.0116202
0.0122446
0.0130044
0.0138617
0.0147778
0.0157079
0.0165989
0.0175031
0.0184098
0.01931
0.0201969
0.0210654
0.0218759
0.0218402
0.0218126
0.0217929
0.0217812
0.0217775
0.0217817
0.0217937
0.0218128
0.0218374
0.0218681
0.0219079
0.0219562
0.021924
0.0218103
0.0217079
0.0216201
0.0215464
0.0214864
0.0214397
0.0214059
0.0213837
0.0213702
0.0213261
0.00241123
0.0109182
0.00998307
0.009873
0.0116211
0.0122455
0.0130054
0.0138627
0.0147787
0.0157086
0.0165997
0.017504
0.0184107
0.0193109
0.0201979
0.0210665
0.0218689
0.0218334
0.0218059
0.0217864
0.0217748
0.0217713
0.0217756
0.0217878
0.021807
0.0218317
0.0218625
0.0219024
0.0219508
0.0219185
0.0218049
0.0217026
0.0216148
0.0215412
0.0214812
0.0214345
0.0214007
0.0213787
0.0213652
0.0213211
0.00241136
0.0109192
0.00998415
0.0098738
0.0116223
0.0122469
0.0130069
0.0138642
0.0147801
0.0157096
0.0166008
0.0175052
0.018412
0.0193124
0.0201995
0.0210681
0.0218578
0.0218225
0.0217953
0.0217761
0.0217648
0.0217615
0.0217661
0.0217785
0.0217979
0.0218228
0.0218538
0.0218939
0.0219424
0.0219102
0.0217966
0.0216944
0.0216067
0.0215331
0.0214732
0.0214265
0.0213928
0.0213708
0.0213572
0.0213132
0.0024115
0.0109207
0.00998566
0.00987485
0.0116241
0.0122489
0.0130089
0.0138662
0.0147819
0.0157109
0.0166022
0.0175068
0.0184137
0.0193143
0.0202016
0.0210705
0.0218396
0.0218049
0.0217782
0.0217594
0.0217486
0.0217457
0.0217508
0.0217636
0.0217834
0.0218087
0.0218401
0.0218805
0.0219291
0.0218968
0.0217834
0.0216812
0.0215936
0.0215201
0.0214601
0.0214135
0.0213798
0.0213578
0.0213442
0.0213003
0.00241173
0.010923
0.00998781
0.00987628
0.0116266
0.0122516
0.0130118
0.0138689
0.0147842
0.0157123
0.0166038
0.0175086
0.0184158
0.0193165
0.0202041
0.0210732
0.0218102
0.0217764
0.0217505
0.0217326
0.0217226
0.0217205
0.0217263
0.0217398
0.0217604
0.0217863
0.0218183
0.0218592
0.0219081
0.0218758
0.0217625
0.0216605
0.0215729
0.0214995
0.0214396
0.021393
0.0213593
0.0213373
0.0213238
0.02128
0.00241197
0.0109262
0.00998944
0.00987716
0.0116282
0.012253
0.0130128
0.0138693
0.0147835
0.0157101
0.0166012
0.0175056
0.0184124
0.0193128
0.0202
0.0210687
0.0217643
0.021732
0.0217077
0.0216912
0.0216827
0.0216821
0.0216894
0.0217043
0.0217264
0.0217538
0.0217871
0.0218291
0.021879
0.0218467
0.0217332
0.0216309
0.0215432
0.0214695
0.0214095
0.0213627
0.0213288
0.0213067
0.021293
0.0212492
0.00241254
0.0108534
0.00993977
0.00983635
0.0115812
0.0122033
0.0129606
0.0138151
0.0147279
0.0156541
0.016542
0.0174433
0.0183471
0.0192447
0.0201294
0.0209959
0.0217099
0.0216809
0.0216602
0.0216476
0.0216431
0.0216469
0.0216588
0.0216786
0.0217056
0.0217377
0.0217755
0.0218229
0.021879
0.0218525
0.021735
0.0216268
0.0215337
0.0214554
0.0213914
0.0213413
0.0213046
0.0212801
0.0212643
0.0212189
0.00240661
0.00976557
0.00871224
0.00862409
0.0101828
0.0108753
0.0117273
0.0126917
0.0137236
0.0147791
0.0158082
0.0167709
0.0177309
0.0186804
0.0196131
0.0205246
0.0214119
0.0218111
0.0217913
0.0217811
0.0217807
0.0217902
0.0218101
0.0218403
0.0218804
0.0219278
0.0219808
0.0220431
0.0221153
0.0221007
0.0219603
0.0218229
0.0217042
0.0216046
0.0215235
0.0214613
0.0214186
0.0213959
0.0213909
0.0213637
0.00234026
0.00983201
0.00875739
0.00866294
0.0102277
0.0109236
0.0117786
0.0127458
0.0137796
0.0148358
0.0158631
0.0168291
0.0177921
0.0187444
0.0196797
0.0205934
0.0214826
0.0218104
0.0217885
0.0217759
0.0217726
0.0217788
0.0217946
0.02182
0.0218544
0.0218955
0.021942
0.0219978
0.0220631
0.0220403
0.0219035
0.021774
0.0216625
0.0215691
0.0214932
0.0214353
0.0213962
0.0213762
0.0213733
0.0213478
0.00234571
0.00983058
0.00875704
0.00866308
0.0102272
0.0109233
0.0117785
0.0127457
0.0137797
0.014836
0.0158636
0.0168296
0.0177928
0.0187452
0.0196806
0.0205944
0.0214835
0.0218147
0.0217926
0.0217799
0.0217764
0.0217824
0.021798
0.0218231
0.0218572
0.0218979
0.0219441
0.0219995
0.0220644
0.0220414
0.0219049
0.0217758
0.0216647
0.0215716
0.021496
0.0214384
0.0213995
0.0213797
0.021377
0.0213518
0.00234528
0.00982921
0.0087558
0.00866244
0.0102256
0.0109214
0.0117764
0.0127434
0.0137772
0.0148335
0.0158611
0.0168268
0.0177895
0.0187415
0.0196765
0.0205898
0.0214786
0.0218184
0.0217963
0.0217835
0.0217801
0.021786
0.0218016
0.0218267
0.0218608
0.0219015
0.0219477
0.0220031
0.022068
0.0220451
0.0219085
0.0217793
0.0216681
0.0215749
0.0214993
0.0214416
0.0214026
0.0213828
0.02138
0.0213547
0.00234525
0.00982829
0.00875482
0.00866182
0.0102245
0.01092
0.0117749
0.0127418
0.0137755
0.0148317
0.0158593
0.0168248
0.0177873
0.018739
0.0196737
0.0205868
0.0214753
0.0218214
0.0217993
0.0217865
0.021783
0.0217889
0.0218045
0.0218296
0.0218637
0.0219044
0.0219507
0.0220061
0.0220711
0.0220482
0.0219115
0.0217821
0.0216709
0.0215776
0.0215019
0.0214441
0.0214051
0.0213853
0.0213827
0.0213574
0.00234508
0.0098276
0.00875407
0.00866132
0.0102237
0.0109191
0.0117738
0.0127406
0.0137742
0.0148304
0.0158581
0.0168235
0.0177859
0.0187375
0.0196721
0.020585
0.0214734
0.0218237
0.0218016
0.0217888
0.0217852
0.0217912
0.0218067
0.0218319
0.021866
0.0219067
0.021953
0.0220084
0.0220735
0.0220506
0.0219138
0.0217844
0.021673
0.0215796
0.0215039
0.0214461
0.021407
0.0213871
0.0213843
0.0213589
0.002345
0.0098271
0.00875351
0.00866091
0.0102231
0.0109184
0.0117731
0.0127398
0.0137734
0.0148296
0.0158574
0.0168227
0.017785
0.0187366
0.0196711
0.020584
0.0214722
0.0218254
0.0218032
0.0217904
0.0217869
0.0217928
0.0218084
0.0218335
0.0218677
0.0219084
0.0219547
0.0220101
0.0220752
0.0220523
0.0219155
0.021786
0.0216746
0.0215811
0.0215053
0.0214475
0.0214085
0.0213886
0.0213858
0.0213604
0.00234493
0.00982674
0.0087531
0.00866061
0.0102226
0.010918
0.0117726
0.0127393
0.0137729
0.0148291
0.0158569
0.0168222
0.0177846
0.0187361
0.0196705
0.0205834
0.0214717
0.0218264
0.0218043
0.0217915
0.0217879
0.0217939
0.0218095
0.0218346
0.0218688
0.0219095
0.0219558
0.0220113
0.0220765
0.0220535
0.0219166
0.021787
0.0216755
0.0215821
0.0215063
0.0214484
0.0214093
0.0213894
0.0213865
0.0213611
0.00234486
0.00982646
0.0087528
0.00866037
0.0102223
0.0109176
0.0117722
0.0127389
0.0137725
0.0148288
0.0158566
0.0168219
0.0177842
0.0187358
0.0196702
0.0205831
0.0214714
0.0218271
0.021805
0.0217922
0.0217887
0.0217946
0.0218102
0.0218354
0.0218695
0.0219103
0.0219566
0.0220121
0.0220773
0.0220543
0.0219174
0.0217878
0.0216763
0.0215828
0.0215069
0.0214491
0.0214099
0.02139
0.0213872
0.0213617
0.00234481
0.00982625
0.00875257
0.00866019
0.010222
0.0109174
0.011772
0.0127386
0.0137722
0.0148285
0.0158564
0.0168217
0.0177841
0.0187356
0.0196701
0.020583
0.0214712
0.0218274
0.0218053
0.0217925
0.021789
0.0217949
0.0218105
0.0218357
0.0218699
0.0219107
0.021957
0.0220126
0.0220777
0.0220547
0.0219177
0.0217881
0.0216766
0.021583
0.0215072
0.0214493
0.0214101
0.0213902
0.0213874
0.0213619
0.00234476
0.00982609
0.00875241
0.00866006
0.0102219
0.0109172
0.0117718
0.0127385
0.0137721
0.0148284
0.0158563
0.0168216
0.017784
0.0187355
0.01967
0.020583
0.0214712
0.0218274
0.0218053
0.0217925
0.021789
0.021795
0.0218106
0.0218358
0.0218699
0.0219108
0.0219571
0.0220126
0.0220778
0.0220549
0.0219179
0.0217883
0.0216767
0.0215831
0.0215072
0.0214493
0.0214102
0.0213902
0.0213874
0.0213619
0.00234473
0.00982596
0.00875228
0.00865994
0.0102217
0.0109171
0.0117717
0.0127383
0.013772
0.0148283
0.0158562
0.0168215
0.0177839
0.0187354
0.01967
0.0205829
0.0214712
0.0218274
0.0218052
0.0217924
0.0217889
0.0217949
0.0218105
0.0218358
0.0218699
0.0219108
0.0219571
0.0220127
0.0220778
0.0220549
0.0219178
0.0217881
0.0216766
0.021583
0.0215071
0.0214492
0.02141
0.0213901
0.0213872
0.0213618
0.00234471
0.00982587
0.00875219
0.00865987
0.0102217
0.010917
0.0117716
0.0127383
0.0137719
0.0148282
0.0158562
0.0168215
0.0177839
0.0187354
0.01967
0.020583
0.0214713
0.0218272
0.0218051
0.0217923
0.0217888
0.0217948
0.0218104
0.0218356
0.0218698
0.0219106
0.021957
0.0220125
0.0220777
0.0220549
0.0219178
0.0217881
0.0216765
0.0215829
0.021507
0.0214491
0.0214099
0.02139
0.0213871
0.0213616
0.00234469
0.00982579
0.00875211
0.0086598
0.0102216
0.0109169
0.0117715
0.0127382
0.0137719
0.0148282
0.0158561
0.0168214
0.0177838
0.0187354
0.01967
0.020583
0.0214713
0.0218273
0.0218051
0.0217923
0.0217889
0.0217948
0.0218105
0.0218357
0.0218699
0.0219107
0.0219571
0.0220127
0.0220779
0.0220549
0.0219178
0.0217881
0.0216765
0.0215829
0.021507
0.021449
0.0214099
0.0213899
0.0213871
0.0213616
0.00234468
0.00982573
0.00875206
0.00865975
0.0102215
0.0109169
0.0117715
0.0127382
0.0137718
0.0148281
0.0158561
0.0168214
0.0177838
0.0187354
0.0196699
0.020583
0.0214713
0.0218273
0.0218052
0.0217924
0.0217889
0.0217948
0.0218105
0.0218357
0.0218699
0.0219107
0.0219571
0.0220127
0.0220779
0.022055
0.0219179
0.0217882
0.0216766
0.0215829
0.021507
0.021449
0.0214098
0.0213899
0.021387
0.0213615
0.00234467
0.00982569
0.00875201
0.00865971
0.0102215
0.0109168
0.0117714
0.0127381
0.0137718
0.0148281
0.015856
0.0168213
0.0177838
0.0187354
0.0196699
0.020583
0.0214713
0.0218274
0.0218052
0.0217924
0.0217889
0.0217949
0.0218105
0.0218358
0.02187
0.0219108
0.0219572
0.0220127
0.0220779
0.022055
0.0219179
0.0217882
0.0216765
0.0215829
0.021507
0.021449
0.0214098
0.0213899
0.021387
0.0213615
0.00234467
0.00982566
0.00875199
0.00865969
0.0102215
0.0109168
0.0117714
0.0127381
0.0137717
0.014828
0.015856
0.0168213
0.0177837
0.0187354
0.0196699
0.020583
0.0214714
0.0218273
0.0218052
0.0217923
0.0217888
0.0217948
0.0218104
0.0218357
0.0218699
0.0219107
0.0219571
0.0220126
0.0220779
0.022055
0.0219179
0.0217881
0.0216765
0.0215829
0.0215069
0.021449
0.0214098
0.0213898
0.021387
0.0213615
0.00234466
0.00982564
0.00875197
0.00865968
0.0102214
0.0109168
0.0117714
0.012738
0.0137717
0.014828
0.015856
0.0168213
0.0177837
0.0187354
0.0196699
0.020583
0.0214714
0.0218274
0.0218052
0.0217924
0.021789
0.021795
0.0218106
0.0218358
0.02187
0.0219109
0.0219572
0.0220128
0.022078
0.0220551
0.021918
0.0217882
0.0216766
0.021583
0.021507
0.021449
0.0214098
0.0213899
0.021387
0.0213616
0.00234466
0.00982563
0.00875197
0.00865967
0.0102214
0.0109168
0.0117713
0.012738
0.0137717
0.014828
0.015856
0.0168213
0.0177837
0.0187354
0.01967
0.020583
0.0214714
0.0218273
0.0218052
0.0217924
0.0217889
0.0217949
0.0218106
0.0218358
0.02187
0.0219109
0.0219573
0.0220129
0.0220781
0.0220552
0.0219181
0.0217883
0.0216766
0.021583
0.021507
0.021449
0.0214099
0.0213899
0.021387
0.0213616
0.00234466
0.00982563
0.00875197
0.00865967
0.0102214
0.0109167
0.0117713
0.012738
0.0137717
0.014828
0.015856
0.0168213
0.0177838
0.0187354
0.01967
0.020583
0.0214714
0.0218273
0.0218052
0.0217924
0.021789
0.021795
0.0218107
0.021836
0.0218702
0.021911
0.0219574
0.022013
0.0220782
0.0220553
0.0219182
0.0217884
0.0216767
0.0215831
0.0215071
0.0214491
0.0214099
0.02139
0.0213871
0.0213616
0.00234466
0.00982563
0.00875197
0.00865967
0.0102214
0.0109167
0.0117713
0.012738
0.0137717
0.014828
0.015856
0.0168213
0.0177838
0.0187354
0.01967
0.020583
0.0214714
0.0218275
0.0218054
0.0217926
0.0217892
0.0217952
0.0218108
0.0218361
0.0218703
0.0219112
0.0219576
0.0220132
0.0220784
0.0220554
0.0219183
0.0217885
0.0216769
0.0215832
0.0215072
0.0214493
0.0214101
0.0213901
0.0213872
0.0213617
0.00234466
0.00982564
0.00875198
0.00865968
0.0102214
0.0109167
0.0117713
0.012738
0.0137717
0.014828
0.015856
0.0168213
0.0177838
0.0187354
0.01967
0.020583
0.0214714
0.0218276
0.0218055
0.0217927
0.0217893
0.0217953
0.0218109
0.0218362
0.0218704
0.0219113
0.0219576
0.0220132
0.0220784
0.0220555
0.0219184
0.0217886
0.021677
0.0215833
0.0215074
0.0214494
0.0214102
0.0213903
0.0213874
0.0213619
0.00234465
0.00982566
0.00875199
0.00865969
0.0102214
0.0109168
0.0117713
0.012738
0.0137717
0.014828
0.015856
0.0168213
0.0177838
0.0187354
0.01967
0.020583
0.0214714
0.0218277
0.0218056
0.0217928
0.0217894
0.0217954
0.021811
0.0218363
0.0218705
0.0219113
0.0219577
0.0220133
0.0220785
0.0220556
0.0219185
0.0217887
0.0216771
0.0215834
0.0215075
0.0214495
0.0214103
0.0213904
0.0213875
0.021362
0.00234465
0.00982568
0.00875201
0.0086597
0.0102214
0.0109168
0.0117714
0.0127381
0.0137717
0.014828
0.015856
0.0168214
0.0177838
0.0187354
0.01967
0.0205831
0.0214714
0.0218279
0.0218058
0.021793
0.0217895
0.0217956
0.0218112
0.0218365
0.0218707
0.0219115
0.0219579
0.0220134
0.0220787
0.0220557
0.0219186
0.0217889
0.0216772
0.0215836
0.0215077
0.0214497
0.0214105
0.0213906
0.0213877
0.0213622
0.00234465
0.0098257
0.00875203
0.00865972
0.0102215
0.0109168
0.0117714
0.0127381
0.0137717
0.0148281
0.015856
0.0168214
0.0177838
0.0187354
0.01967
0.0205831
0.0214714
0.0218282
0.0218061
0.0217933
0.0217899
0.0217959
0.0218115
0.0218368
0.021871
0.0219118
0.0219582
0.0220137
0.0220789
0.022056
0.0219189
0.0217891
0.0216775
0.0215839
0.0215079
0.02145
0.0214108
0.0213909
0.021388
0.0213625
0.00234465
0.00982574
0.00875206
0.00865975
0.0102215
0.0109168
0.0117714
0.0127381
0.0137718
0.0148281
0.0158561
0.0168214
0.0177838
0.0187354
0.01967
0.0205831
0.0214714
0.0218285
0.0218064
0.0217936
0.0217902
0.0217962
0.0218118
0.0218371
0.0218713
0.0219121
0.0219585
0.022014
0.0220792
0.0220563
0.0219192
0.0217894
0.0216778
0.0215842
0.0215083
0.0214503
0.0214111
0.0213912
0.0213883
0.0213628
0.00234465
0.00982579
0.00875211
0.00865979
0.0102215
0.0109169
0.0117715
0.0127382
0.0137718
0.0148281
0.0158561
0.0168214
0.0177839
0.0187355
0.0196701
0.0205831
0.0214714
0.0218287
0.0218067
0.0217939
0.0217904
0.0217964
0.0218121
0.0218373
0.0218715
0.0219123
0.0219586
0.0220142
0.0220794
0.0220565
0.0219194
0.0217897
0.0216781
0.0215845
0.0215086
0.0214506
0.0214115
0.0213915
0.0213887
0.0213631
0.00234466
0.00982586
0.00875218
0.00865984
0.0102216
0.0109169
0.0117715
0.0127382
0.0137719
0.0148282
0.0158561
0.0168215
0.0177839
0.0187355
0.0196701
0.020583
0.0214713
0.021829
0.0218069
0.0217941
0.0217906
0.0217966
0.0218123
0.0218375
0.0218717
0.0219125
0.0219588
0.0220144
0.0220796
0.0220568
0.0219197
0.02179
0.0216784
0.0215848
0.0215089
0.021451
0.0214118
0.0213919
0.021389
0.0213635
0.00234467
0.00982595
0.00875227
0.00865992
0.0102217
0.010917
0.0117716
0.0127383
0.013772
0.0148283
0.0158562
0.0168215
0.0177839
0.0187355
0.0196701
0.0205831
0.0214713
0.0218292
0.0218071
0.0217943
0.0217908
0.0217969
0.0218125
0.0218377
0.0218719
0.0219128
0.0219591
0.0220147
0.0220799
0.0220571
0.02192
0.0217903
0.0216787
0.0215851
0.0215092
0.0214513
0.0214121
0.0213922
0.0213893
0.0213638
0.00234469
0.00982607
0.0087524
0.00866003
0.0102218
0.0109172
0.0117718
0.0127385
0.0137721
0.0148284
0.0158563
0.0168216
0.017784
0.0187356
0.0196701
0.020583
0.0214713
0.0218292
0.0218071
0.0217943
0.0217908
0.0217968
0.0218125
0.0218377
0.0218719
0.0219127
0.0219591
0.0220146
0.0220798
0.0220569
0.0219198
0.0217902
0.0216786
0.021585
0.0215091
0.0214512
0.0214121
0.0213921
0.0213893
0.0213638
0.0023447
0.00982624
0.00875257
0.00866018
0.010222
0.0109174
0.011772
0.0127387
0.0137723
0.0148285
0.0158565
0.0168217
0.0177841
0.0187357
0.0196702
0.0205831
0.0214713
0.0218285
0.0218064
0.0217936
0.0217901
0.0217961
0.0218117
0.021837
0.0218711
0.0219119
0.0219582
0.0220137
0.0220788
0.022056
0.0219189
0.0217893
0.0216777
0.0215842
0.0215083
0.0214504
0.0214113
0.0213914
0.0213885
0.021363
0.00234475
0.00982648
0.00875283
0.00866039
0.0102223
0.0109177
0.0117723
0.0127389
0.0137725
0.0148288
0.0158566
0.0168219
0.0177843
0.0187358
0.0196703
0.0205832
0.0214714
0.0218269
0.0218048
0.021792
0.0217885
0.0217945
0.0218101
0.0218353
0.0218695
0.0219102
0.0219565
0.022012
0.0220771
0.0220542
0.0219173
0.0217877
0.0216762
0.0215827
0.0215068
0.0214489
0.0214098
0.0213899
0.0213871
0.0213617
0.00234478
0.00982682
0.00875319
0.00866069
0.0102227
0.0109181
0.0117727
0.0127394
0.013773
0.0148292
0.0158569
0.0168222
0.0177846
0.0187361
0.0196706
0.0205834
0.0214717
0.0218242
0.0218021
0.0217894
0.0217859
0.0217919
0.0218075
0.0218327
0.0218669
0.0219077
0.021954
0.0220095
0.0220746
0.0220518
0.0219149
0.0217853
0.0216739
0.0215804
0.0215046
0.0214468
0.0214077
0.0213879
0.021385
0.0213596
0.00234487
0.00982729
0.00875369
0.00866111
0.0102233
0.0109187
0.0117734
0.0127401
0.0137737
0.0148298
0.0158574
0.0168227
0.0177851
0.0187366
0.0196711
0.020584
0.0214722
0.0218201
0.0217981
0.0217854
0.021782
0.021788
0.0218037
0.021829
0.0218632
0.021904
0.0219504
0.0220059
0.0220711
0.0220482
0.0219115
0.021782
0.0216706
0.0215772
0.0215015
0.0214436
0.0214046
0.0213847
0.0213819
0.0213565
0.00234494
0.00982797
0.00875442
0.00866168
0.0102241
0.0109196
0.0117743
0.0127411
0.0137747
0.0148307
0.0158581
0.0168234
0.0177859
0.0187374
0.019672
0.0205849
0.0214732
0.0218133
0.0217914
0.0217788
0.0217756
0.0217818
0.0217976
0.021823
0.0218573
0.0218982
0.0219446
0.0220003
0.0220655
0.0220426
0.021906
0.0217766
0.0216653
0.0215719
0.0214962
0.0214385
0.0213995
0.0213797
0.0213769
0.0213515
0.00234505
0.00982896
0.00875546
0.00866249
0.0102253
0.010921
0.0117758
0.0127427
0.0137762
0.0148321
0.0158591
0.0168246
0.0177872
0.0187389
0.0196735
0.0205866
0.021475
0.0218023
0.0217807
0.0217684
0.0217654
0.0217718
0.0217878
0.0218134
0.021848
0.0218891
0.0219357
0.0219915
0.0220568
0.0220339
0.0218974
0.0217681
0.0216569
0.0215637
0.021488
0.0214303
0.0213913
0.0213716
0.0213688
0.0213435
0.00234523
0.00983043
0.00875694
0.00866362
0.0102271
0.010923
0.0117781
0.012745
0.0137786
0.0148343
0.0158607
0.0168264
0.0177891
0.0187411
0.0196759
0.0205893
0.0214779
0.0217845
0.0217634
0.0217515
0.0217489
0.0217558
0.0217722
0.0217982
0.0218331
0.0218746
0.0219215
0.0219775
0.022043
0.0220201
0.0218837
0.0217546
0.0216435
0.0215504
0.0214749
0.0214172
0.0213783
0.0213586
0.0213558
0.0213306
0.00234536
0.00983276
0.00875908
0.00866521
0.0102298
0.0109261
0.0117814
0.0127485
0.0137821
0.0148374
0.015863
0.016829
0.0177921
0.0187444
0.0196797
0.0205934
0.0214825
0.0217555
0.0217351
0.0217241
0.0217223
0.0217298
0.021747
0.0217737
0.0218092
0.0218513
0.0218988
0.0219554
0.0220213
0.0219983
0.0218621
0.0217332
0.0216223
0.0215293
0.0214539
0.0213963
0.0213574
0.0213377
0.0213351
0.02131
0.00234565
0.00983585
0.00876098
0.00866662
0.0102322
0.0109285
0.0117838
0.0127507
0.0137837
0.0148381
0.0158621
0.0168279
0.0177908
0.0187429
0.0196781
0.0205917
0.0214807
0.02171
0.0216912
0.0216816
0.0216812
0.0216902
0.0217088
0.021737
0.021774
0.0218177
0.0218667
0.0219245
0.0219915
0.0219687
0.0218323
0.0217031
0.021592
0.0214988
0.0214232
0.0213655
0.0213264
0.0213065
0.0213036
0.0212786
0.00234622
0.00977264
0.00871883
0.00863091
0.0101912
0.0108845
0.0117371
0.0127015
0.0137323
0.0147852
0.0158087
0.0167715
0.0177315
0.018681
0.0196138
0.0205254
0.0214128
0.0216566
0.0216416
0.0216361
0.0216403
0.0216542
0.0216783
0.0217123
0.0217556
0.0218053
0.0218596
0.0219238
0.0219978
0.0219831
0.0218432
0.0217064
0.0215882
0.021489
0.0214083
0.0213463
0.0213039
0.0212813
0.0212764
0.02125
0.00234122
0.00870482
0.00751719
0.00742444
0.00881855
0.00960644
0.0105709
0.0116536
0.0128053
0.0139812
0.015135
0.0162094
0.0172235
0.0182219
0.0191995
0.0201528
0.0210796
0.0217502
0.0217381
0.0217373
0.021748
0.0217709
0.0218066
0.0218558
0.0219184
0.0219916
0.0220699
0.0221576
0.0222549
0.0222576
0.0220894
0.0219128
0.0217594
0.02163
0.0215243
0.0214435
0.0213906
0.0213707
0.0213877
0.0214042
0.00228172
0.00876166
0.00755468
0.0074574
0.00885656
0.00964798
0.0106158
0.0117017
0.012856
0.0140334
0.0151876
0.01626
0.0172767
0.0182774
0.0192569
0.0202117
0.0211395
0.0217548
0.0217404
0.0217368
0.0217442
0.0217631
0.0217939
0.0218371
0.0218924
0.021957
0.0220267
0.0221054
0.0221935
0.0221848
0.0220202
0.0218544
0.0217108
0.0215898
0.0214911
0.021416
0.0213676
0.021351
0.02137
0.0213874
0.00228616
0.00876007
0.00755386
0.00745691
0.00885512
0.00964647
0.0106143
0.0117001
0.0128542
0.0140315
0.0151855
0.016258
0.0172744
0.0182748
0.019254
0.0202084
0.0211358
0.0217601
0.0217456
0.0217419
0.0217491
0.0217678
0.0217984
0.0218414
0.0218964
0.0219606
0.0220298
0.0221082
0.0221958
0.0221867
0.0220225
0.0218571
0.0217139
0.0215932
0.0214949
0.02142
0.0213719
0.0213555
0.0213748
0.0213927
0.00228558
0.00875863
0.00755254
0.00745607
0.0088535
0.00964449
0.010612
0.0116975
0.0128512
0.0140282
0.015182
0.0162545
0.0172704
0.0182702
0.0192488
0.0202027
0.0211295
0.0217639
0.0217494
0.0217457
0.021753
0.0217717
0.0218024
0.0218454
0.0219004
0.0219647
0.0220341
0.0221125
0.0222002
0.0221912
0.0220268
0.0218613
0.0217179
0.021597
0.0214985
0.0214236
0.0213754
0.0213589
0.0213781
0.0213957
0.00228562
0.00875768
0.00755159
0.00745543
0.00885239
0.00964317
0.0106105
0.0116958
0.0128494
0.0140262
0.01518
0.0162525
0.0172682
0.0182678
0.0192461
0.0201997
0.0211262
0.0217669
0.0217523
0.0217486
0.0217559
0.0217747
0.0218054
0.0218484
0.0219035
0.0219679
0.0220373
0.0221158
0.0222037
0.0221947
0.0220301
0.0218644
0.0217209
0.0215999
0.0215013
0.0214262
0.0213779
0.0213615
0.0213808
0.0213986
0.00228543
0.00875702
0.00755091
0.00745496
0.00885166
0.00964234
0.0106096
0.0116948
0.0128483
0.0140251
0.0151789
0.0162515
0.0172671
0.0182665
0.0192448
0.0201983
0.0211247
0.0217691
0.0217545
0.0217508
0.0217581
0.0217769
0.0218076
0.0218507
0.0219058
0.0219703
0.0220397
0.0221183
0.0222063
0.0221974
0.0220326
0.0218668
0.021723
0.021602
0.0215033
0.0214282
0.0213798
0.0213632
0.0213824
0.0214001
0.00228532
0.00875655
0.00755044
0.0074546
0.00885115
0.00964178
0.010609
0.0116941
0.0128476
0.0140244
0.0151782
0.016251
0.0172665
0.018266
0.0192442
0.0201976
0.0211241
0.0217707
0.0217561
0.0217524
0.0217598
0.0217785
0.0218092
0.0218524
0.0219075
0.021972
0.0220415
0.0221202
0.0222082
0.0221993
0.0220344
0.0218685
0.0217247
0.0216035
0.0215048
0.0214296
0.0213812
0.0213646
0.0213838
0.0214015
0.00228524
0.00875623
0.00755011
0.00745435
0.00885081
0.00964142
0.0106086
0.0116938
0.0128472
0.014024
0.0151779
0.0162507
0.0172663
0.0182658
0.019244
0.0201975
0.0211239
0.0217716
0.0217571
0.0217534
0.0217607
0.0217795
0.0218102
0.0218534
0.0219086
0.0219731
0.0220427
0.0221214
0.0222094
0.0222005
0.0220356
0.0218695
0.0217256
0.0216044
0.0215056
0.0214304
0.021382
0.0213654
0.0213845
0.0214022
0.00228519
0.00875599
0.00754987
0.00745417
0.00885058
0.00964117
0.0106083
0.0116935
0.0128469
0.0140238
0.0151777
0.0162506
0.0172662
0.0182657
0.019244
0.0201975
0.021124
0.0217723
0.0217578
0.0217541
0.0217614
0.0217802
0.021811
0.0218542
0.0219094
0.0219739
0.0220435
0.0221222
0.0222103
0.0222014
0.0220364
0.0218704
0.0217265
0.0216052
0.0215063
0.0214311
0.0213826
0.021366
0.0213851
0.0214028
0.00228514
0.00875582
0.00754971
0.00745403
0.0088504
0.00964099
0.0106081
0.0116933
0.0128467
0.0140237
0.0151776
0.0162505
0.0172662
0.0182657
0.019244
0.0201976
0.0211241
0.0217726
0.0217581
0.0217544
0.0217617
0.0217805
0.0218113
0.0218545
0.0219098
0.0219744
0.022044
0.0221227
0.0222108
0.0222019
0.0220368
0.0218706
0.0217267
0.0216054
0.0215065
0.0214313
0.0213828
0.0213662
0.0213853
0.0214029
0.0022851
0.0087557
0.00754959
0.00745394
0.00885029
0.00964088
0.010608
0.0116932
0.0128467
0.0140236
0.0151776
0.0162505
0.0172662
0.0182658
0.0192441
0.0201977
0.0211243
0.0217725
0.021758
0.0217543
0.0217617
0.0217805
0.0218113
0.0218546
0.0219098
0.0219744
0.022044
0.0221227
0.0222109
0.022202
0.022037
0.0218708
0.0217268
0.0216055
0.0215066
0.0214313
0.0213828
0.0213662
0.0213853
0.0214029
0.00228507
0.0087556
0.0075495
0.00745385
0.0088502
0.00964079
0.0106079
0.0116931
0.0128466
0.0140236
0.0151776
0.0162505
0.0172662
0.0182658
0.0192442
0.0201978
0.0211244
0.0217725
0.021758
0.0217543
0.0217617
0.0217805
0.0218114
0.0218546
0.0219099
0.0219745
0.0220441
0.0221229
0.022211
0.0222021
0.0220369
0.0218707
0.0217267
0.0216054
0.0215065
0.0214312
0.0213827
0.021366
0.0213851
0.0214028
0.00228505
0.00875553
0.00754944
0.0074538
0.00885014
0.00964074
0.0106079
0.0116931
0.0128466
0.0140236
0.0151776
0.0162506
0.0172663
0.0182659
0.0192443
0.020198
0.0211246
0.0217723
0.0217578
0.0217541
0.0217615
0.0217803
0.0218112
0.0218544
0.0219097
0.0219743
0.0220439
0.0221227
0.0222109
0.022202
0.0220369
0.0218707
0.0217266
0.0216053
0.0215064
0.021431
0.0213825
0.0213658
0.0213849
0.0214026
0.00228504
0.00875547
0.00754939
0.00745376
0.00885009
0.00964069
0.0106079
0.0116931
0.0128466
0.0140235
0.0151776
0.0162506
0.0172663
0.0182659
0.0192444
0.0201981
0.0211248
0.0217723
0.0217578
0.0217542
0.0217616
0.0217804
0.0218112
0.0218545
0.0219098
0.0219744
0.022044
0.0221228
0.022211
0.0222021
0.0220369
0.0218707
0.0217266
0.0216052
0.0215063
0.0214309
0.0213824
0.0213658
0.0213849
0.0214025
0.00228503
0.00875543
0.00754935
0.00745372
0.00885005
0.00964065
0.0106078
0.011693
0.0128465
0.0140235
0.0151776
0.0162506
0.0172663
0.018266
0.0192445
0.0201982
0.0211249
0.0217723
0.0217578
0.0217541
0.0217615
0.0217804
0.0218112
0.0218544
0.0219098
0.0219744
0.022044
0.0221228
0.022211
0.0222021
0.022037
0.0218707
0.0217266
0.0216052
0.0215063
0.0214309
0.0213824
0.0213657
0.0213848
0.0214025
0.00228503
0.00875539
0.00754932
0.0074537
0.00885002
0.00964063
0.0106078
0.011693
0.0128465
0.0140235
0.0151776
0.0162506
0.0172663
0.018266
0.0192445
0.0201982
0.021125
0.0217723
0.0217578
0.0217542
0.0217616
0.0217804
0.0218112
0.0218545
0.0219098
0.0219744
0.022044
0.0221228
0.022211
0.0222021
0.022037
0.0218707
0.0217266
0.0216052
0.0215062
0.0214308
0.0213823
0.0213656
0.0213847
0.0214024
0.00228503
0.00875537
0.0075493
0.00745368
0.00885001
0.00964062
0.0106078
0.011693
0.0128465
0.0140235
0.0151776
0.0162506
0.0172664
0.018266
0.0192445
0.0201983
0.021125
0.0217722
0.0217577
0.021754
0.0217614
0.0217802
0.0218111
0.0218543
0.0219096
0.0219743
0.0220439
0.0221227
0.0222109
0.0222021
0.0220369
0.0218706
0.0217266
0.0216051
0.0215062
0.0214308
0.0213823
0.0213656
0.0213847
0.0214024
0.00228503
0.00875535
0.00754929
0.00745367
0.00884999
0.0096406
0.0106078
0.011693
0.0128465
0.0140235
0.0151776
0.0162506
0.0172664
0.018266
0.0192446
0.0201983
0.0211251
0.0217723
0.0217577
0.0217541
0.0217615
0.0217803
0.0218112
0.0218544
0.0219098
0.0219744
0.0220441
0.0221229
0.0222111
0.0222022
0.022037
0.0218707
0.0217266
0.0216052
0.0215062
0.0214309
0.0213823
0.0213656
0.0213847
0.0214024
0.00228503
0.00875534
0.00754928
0.00745367
0.00884999
0.0096406
0.0106078
0.011693
0.0128465
0.0140235
0.0151776
0.0162506
0.0172664
0.0182661
0.0192446
0.0201984
0.0211251
0.0217722
0.0217577
0.021754
0.0217614
0.0217803
0.0218112
0.0218544
0.0219098
0.0219745
0.0220441
0.022123
0.0222112
0.0222023
0.0220372
0.0218708
0.0217267
0.0216053
0.0215063
0.0214309
0.0213823
0.0213657
0.0213847
0.0214024
0.00228503
0.00875534
0.00754928
0.00745367
0.00884999
0.0096406
0.0106078
0.011693
0.0128465
0.0140235
0.0151776
0.0162506
0.0172664
0.0182661
0.0192446
0.0201984
0.0211251
0.0217723
0.0217578
0.0217541
0.0217615
0.0217804
0.0218113
0.0218546
0.02191
0.0219747
0.0220443
0.0221231
0.0222114
0.0222025
0.0220373
0.0218709
0.0217268
0.0216054
0.0215064
0.021431
0.0213824
0.0213658
0.0213848
0.0214025
0.00228504
0.00875534
0.00754928
0.00745367
0.00884999
0.00964059
0.0106078
0.011693
0.0128465
0.0140235
0.0151776
0.0162506
0.0172664
0.0182661
0.0192446
0.0201984
0.0211251
0.0217724
0.0217579
0.0217543
0.0217617
0.0217806
0.0218115
0.0218548
0.0219102
0.0219749
0.0220445
0.0221234
0.0222116
0.0222027
0.0220375
0.0218711
0.021727
0.0216055
0.0215065
0.0214312
0.0213826
0.0213659
0.021385
0.0214027
0.00228504
0.00875534
0.00754929
0.00745367
0.00884999
0.00964059
0.0106078
0.011693
0.0128465
0.0140235
0.0151776
0.0162506
0.0172664
0.0182661
0.0192446
0.0201983
0.0211251
0.0217726
0.0217581
0.0217545
0.0217619
0.0217808
0.0218116
0.0218549
0.0219103
0.021975
0.0220446
0.0221234
0.0222116
0.0222028
0.0220376
0.0218712
0.0217271
0.0216057
0.0215067
0.0214313
0.0213828
0.0213661
0.0213852
0.0214028
0.00228503
0.00875536
0.00754929
0.00745368
0.00885
0.0096406
0.0106078
0.011693
0.0128465
0.0140235
0.0151776
0.0162506
0.0172664
0.018266
0.0192446
0.0201983
0.021125
0.0217727
0.0217582
0.0217546
0.021762
0.0217809
0.0218118
0.0218551
0.0219104
0.0219751
0.0220447
0.0221235
0.0222117
0.0222029
0.0220377
0.0218713
0.0217272
0.0216058
0.0215068
0.0214314
0.0213829
0.0213662
0.0213853
0.021403
0.00228503
0.00875537
0.00754931
0.00745369
0.00885
0.00964061
0.0106078
0.011693
0.0128465
0.0140235
0.0151775
0.0162506
0.0172664
0.018266
0.0192445
0.0201983
0.021125
0.0217729
0.0217584
0.0217548
0.0217622
0.0217811
0.021812
0.0218553
0.0219106
0.0219753
0.0220449
0.0221237
0.0222119
0.022203
0.0220378
0.0218715
0.0217274
0.0216059
0.021507
0.0214316
0.0213831
0.0213664
0.0213855
0.0214032
0.00228502
0.00875539
0.00754932
0.0074537
0.00885002
0.00964062
0.0106078
0.011693
0.0128465
0.0140235
0.0151775
0.0162506
0.0172663
0.018266
0.0192445
0.0201982
0.021125
0.0217733
0.0217588
0.0217552
0.0217626
0.0217815
0.0218123
0.0218556
0.021911
0.0219756
0.0220452
0.022124
0.0222121
0.0222032
0.022038
0.0218717
0.0217276
0.0216062
0.0215072
0.0214319
0.0213834
0.0213667
0.0213858
0.0214034
0.00228501
0.00875542
0.00754934
0.00745372
0.00885003
0.00964064
0.0106078
0.011693
0.0128465
0.0140235
0.0151775
0.0162506
0.0172663
0.018266
0.0192445
0.0201982
0.0211249
0.0217736
0.0217591
0.0217555
0.0217629
0.0217818
0.0218126
0.0218559
0.0219112
0.0219758
0.0220454
0.0221242
0.0222123
0.0222035
0.0220383
0.021872
0.0217279
0.0216065
0.0215075
0.0214322
0.0213837
0.021367
0.0213861
0.0214038
0.00228502
0.00875545
0.00754937
0.00745374
0.00885006
0.00964066
0.0106078
0.011693
0.0128465
0.0140235
0.0151775
0.0162506
0.0172663
0.018266
0.0192444
0.0201982
0.0211248
0.0217739
0.0217594
0.0217558
0.0217632
0.021782
0.0218129
0.0218561
0.0219114
0.021976
0.0220456
0.0221243
0.0222125
0.0222037
0.0220385
0.0218722
0.0217282
0.0216068
0.0215079
0.0214325
0.021384
0.0213673
0.0213864
0.0214041
0.00228501
0.00875551
0.00754942
0.00745378
0.00885011
0.00964071
0.0106079
0.0116931
0.0128466
0.0140235
0.0151775
0.0162506
0.0172663
0.0182659
0.0192444
0.020198
0.0211247
0.0217741
0.0217596
0.021756
0.0217634
0.0217822
0.0218131
0.0218563
0.0219116
0.0219762
0.0220458
0.0221246
0.0222128
0.0222039
0.0220388
0.0218725
0.0217285
0.0216071
0.0215082
0.0214328
0.0213843
0.0213677
0.0213868
0.0214044
0.00228502
0.00875558
0.00754948
0.00745383
0.00885017
0.00964077
0.0106079
0.0116931
0.0128466
0.0140235
0.0151775
0.0162506
0.0172663
0.0182659
0.0192443
0.0201979
0.0211245
0.0217744
0.0217599
0.0217563
0.0217637
0.0217825
0.0218133
0.0218566
0.0219119
0.0219765
0.0220461
0.0221248
0.022213
0.0222042
0.0220391
0.0218728
0.0217288
0.0216074
0.0215085
0.0214332
0.0213847
0.021368
0.0213872
0.0214048
0.00228503
0.00875567
0.00754957
0.00745391
0.00885026
0.00964086
0.010608
0.0116932
0.0128467
0.0140236
0.0151776
0.0162506
0.0172663
0.0182658
0.0192442
0.0201978
0.0211244
0.0217744
0.0217599
0.0217563
0.0217637
0.0217825
0.0218133
0.0218566
0.0219119
0.0219765
0.022046
0.0221247
0.0222128
0.022204
0.0220389
0.0218727
0.0217287
0.0216073
0.0215084
0.0214331
0.0213846
0.0213679
0.0213871
0.0214047
0.00228505
0.00875581
0.0075497
0.00745402
0.00885039
0.009641
0.0106082
0.0116933
0.0128468
0.0140237
0.0151776
0.0162506
0.0172663
0.0182658
0.0192441
0.0201977
0.0211242
0.0217738
0.0217593
0.0217557
0.021763
0.0217819
0.0218127
0.0218559
0.0219111
0.0219757
0.0220452
0.0221238
0.0222119
0.0222031
0.022038
0.0218718
0.0217278
0.0216065
0.0215076
0.0214323
0.0213839
0.0213673
0.0213864
0.0214041
0.00228507
0.00875601
0.00754989
0.00745418
0.0088506
0.00964121
0.0106084
0.0116936
0.012847
0.0140239
0.0151778
0.0162506
0.0172663
0.0182658
0.0192441
0.0201976
0.0211241
0.0217723
0.0217578
0.0217541
0.0217615
0.0217803
0.0218111
0.0218543
0.0219095
0.021974
0.0220435
0.0221221
0.0222102
0.0222013
0.0220363
0.0218702
0.0217263
0.021605
0.0215062
0.0214309
0.0213825
0.0213659
0.021385
0.0214027
0.00228513
0.0087563
0.00755017
0.00745442
0.0088509
0.00964153
0.0106087
0.0116939
0.0128473
0.0140242
0.015178
0.0162508
0.0172664
0.0182658
0.0192441
0.0201975
0.021124
0.0217697
0.0217552
0.0217515
0.0217589
0.0217778
0.0218086
0.0218518
0.021907
0.0219715
0.0220409
0.0221196
0.0222076
0.0221988
0.0220339
0.0218679
0.021724
0.0216028
0.021504
0.0214288
0.0213804
0.0213638
0.0213831
0.0214008
0.00228517
0.00875672
0.00755059
0.00745476
0.00885136
0.00964202
0.0106093
0.0116945
0.0128479
0.0140247
0.0151784
0.016251
0.0172666
0.018266
0.0192442
0.0201977
0.0211241
0.0217657
0.0217512
0.0217477
0.0217551
0.021774
0.0218048
0.0218481
0.0219033
0.0219678
0.0220373
0.022116
0.022204
0.0221952
0.0220304
0.0218645
0.0217207
0.0215996
0.0215009
0.0214257
0.0213774
0.0213608
0.02138
0.0213977
0.00228525
0.00875734
0.00755122
0.00745527
0.00885206
0.00964281
0.0106101
0.0116954
0.0128488
0.0140256
0.0151792
0.0162515
0.0172671
0.0182665
0.0192448
0.0201982
0.0211246
0.0217589
0.0217446
0.0217412
0.0217488
0.0217677
0.0217987
0.021842
0.0218973
0.0219619
0.0220315
0.0221102
0.0221982
0.0221894
0.0220248
0.021859
0.0217154
0.0215943
0.0214956
0.0214206
0.0213723
0.0213558
0.021375
0.0213927
0.00228537
0.00875829
0.00755215
0.00745602
0.00885314
0.00964405
0.0106115
0.0116969
0.0128504
0.0140271
0.0151806
0.0162524
0.0172681
0.0182677
0.019246
0.0201995
0.0211261
0.0217481
0.021734
0.0217308
0.0217386
0.0217577
0.0217889
0.0218324
0.0218879
0.0219526
0.0220223
0.0221011
0.0221892
0.0221804
0.0220159
0.0218503
0.0217068
0.0215859
0.0214874
0.0214125
0.0213642
0.0213477
0.021367
0.0213848
0.00228553
0.00875975
0.00755356
0.00745714
0.00885483
0.009646
0.0106138
0.0116994
0.012853
0.0140297
0.015183
0.0162542
0.0172701
0.0182699
0.0192485
0.0202023
0.021129
0.0217303
0.0217167
0.0217139
0.0217221
0.0217416
0.0217731
0.0218169
0.0218727
0.0219377
0.0220076
0.0220866
0.0221749
0.022166
0.0220018
0.0218364
0.0216932
0.0215725
0.0214742
0.0213993
0.0213511
0.0213348
0.021354
0.0213719
0.00228571
0.00876206
0.00755566
0.00745881
0.00885754
0.00964916
0.0106173
0.0117034
0.0128573
0.0140341
0.015187
0.0162573
0.0172737
0.018274
0.0192531
0.0202074
0.0211347
0.0217011
0.0216882
0.0216861
0.021695
0.0217152
0.0217473
0.0217916
0.021848
0.0219135
0.021984
0.0220635
0.0221521
0.0221432
0.0219792
0.0218142
0.0216713
0.0215509
0.0214527
0.021378
0.02133
0.0213137
0.0213329
0.0213509
0.00228602
0.00876516
0.00755786
0.0074607
0.00886062
0.00965256
0.010621
0.0117073
0.0128613
0.0140379
0.0151901
0.0162588
0.0172754
0.0182759
0.0192553
0.0202099
0.0211375
0.0216545
0.021643
0.0216423
0.0216525
0.021674
0.0217075
0.0217533
0.0218111
0.0218781
0.0219503
0.022031
0.0221208
0.0221123
0.0219482
0.021783
0.0216399
0.0215192
0.0214209
0.0213462
0.021298
0.0212814
0.0213004
0.0213183
0.00228657
0.00871117
0.00752297
0.00743044
0.00882611
0.00961503
0.0105806
0.0116643
0.0128159
0.0139906
0.0151415
0.0162102
0.0172244
0.0182229
0.0192006
0.020154
0.0210808
0.0215977
0.0215902
0.0215939
0.0216091
0.0216363
0.0216761
0.0217292
0.021795
0.0218702
0.0219489
0.0220377
0.0221365
0.0221392
0.0219716
0.0217958
0.0216431
0.0215143
0.0214092
0.0213288
0.0212762
0.0212565
0.0212736
0.0212909
0.00228262
0.00768525
0.00630846
0.0061907
0.00747247
0.00840465
0.0095131
0.0107314
0.0120126
0.0133108
0.0145841
0.015782
0.0168516
0.0179003
0.0189248
0.0199229
0.0208934
0.0215916
0.0215914
0.0216056
0.0216351
0.0216813
0.0217462
0.0218322
0.0219413
0.022072
0.0222143
0.0223688
0.0225332
0.0225813
0.0223655
0.0221162
0.0218962
0.0217079
0.0215503
0.0214243
0.0213359
0.0212983
0.021333
0.0214264
0.00224366
0.00773311
0.00633814
0.00621691
0.00750226
0.00843771
0.00954893
0.0107697
0.0120525
0.013351
0.0146234
0.0158182
0.0168884
0.0179372
0.0189614
0.0199585
0.0209275
0.0216102
0.0216077
0.021619
0.0216447
0.0216861
0.0217449
0.0218229
0.0219215
0.0220389
0.0221664
0.0223053
0.0224534
0.0224817
0.0222703
0.0220383
0.0218341
0.0216593
0.021513
0.0213965
0.0213157
0.0212839
0.0213223
0.0214169
0.00224574
0.00773121
0.00633681
0.00621582
0.00750004
0.00843511
0.00954601
0.0107663
0.0120485
0.0133466
0.0146185
0.0158132
0.0168825
0.0179305
0.0189537
0.0199498
0.0209178
0.0216168
0.0216143
0.0216255
0.0216512
0.0216926
0.0217513
0.0218292
0.0219276
0.0220446
0.0221716
0.02231
0.0224576
0.0224852
0.022274
0.0220425
0.0218387
0.0216643
0.0215183
0.0214021
0.0213215
0.0212898
0.0213286
0.021424
0.002245
0.00772969
0.00633549
0.00621489
0.00749845
0.00843318
0.00954375
0.0107637
0.0120456
0.0133433
0.014615
0.0158098
0.0168785
0.0179259
0.0189485
0.0199441
0.0209115
0.0216204
0.0216179
0.0216292
0.021655
0.0216965
0.0217553
0.0218334
0.021932
0.0220493
0.0221766
0.0223153
0.0224633
0.0224911
0.0222796
0.0220476
0.0218434
0.0216687
0.0215224
0.021406
0.0213252
0.0212935
0.021332
0.0214269
0.00224507
0.00772876
0.00633466
0.00621431
0.00749753
0.00843208
0.00954248
0.0107623
0.0120441
0.0133418
0.0146135
0.0158085
0.016877
0.0179242
0.0189467
0.0199421
0.0209093
0.021623
0.0216206
0.0216319
0.0216577
0.0216992
0.0217581
0.0218363
0.0219351
0.0220526
0.0221801
0.0223191
0.0224673
0.0224952
0.0222834
0.0220511
0.0218467
0.0216717
0.0215251
0.0214084
0.0213274
0.0212955
0.0213341
0.0214291
0.00224502
0.00772816
0.00633412
0.00621393
0.00749701
0.00843148
0.00954183
0.0107617
0.0120434
0.0133411
0.014613
0.0158081
0.0168767
0.0179239
0.0189464
0.0199418
0.020909
0.0216247
0.0216222
0.0216336
0.0216594
0.021701
0.02176
0.0218383
0.0219371
0.0220548
0.0221825
0.0223217
0.0224701
0.0224981
0.0222861
0.0220535
0.0218488
0.0216736
0.021527
0.0214102
0.0213292
0.0212971
0.0213356
0.0214305
0.00224495
0.00772776
0.00633376
0.00621367
0.00749667
0.00843111
0.00954142
0.0107612
0.0120431
0.0133408
0.0146127
0.015808
0.0168767
0.0179239
0.0189465
0.019942
0.0209093
0.0216261
0.0216237
0.021635
0.0216609
0.0217025
0.0217615
0.0218398
0.0219388
0.0220565
0.0221843
0.0223236
0.0224721
0.0225002
0.022288
0.0220553
0.0218505
0.0216751
0.0215283
0.0214113
0.0213301
0.0212981
0.0213365
0.0214314
0.0022449
0.0077275
0.00633353
0.0062135
0.00749646
0.00843088
0.0095412
0.010761
0.0120429
0.0133407
0.0146127
0.0158081
0.0168768
0.0179242
0.0189468
0.0199424
0.0209098
0.0216268
0.0216244
0.0216358
0.0216616
0.0217032
0.0217623
0.0218407
0.0219397
0.0220576
0.0221855
0.0223249
0.0224735
0.0225016
0.0222892
0.0220563
0.0218513
0.0216759
0.0215291
0.021412
0.0213308
0.0212987
0.0213371
0.021432
0.00224486
0.00772732
0.00633337
0.00621338
0.00749632
0.00843074
0.00954106
0.0107609
0.0120428
0.0133407
0.0146127
0.0158082
0.016877
0.0179244
0.0189472
0.0199429
0.0209103
0.0216274
0.0216249
0.0216363
0.0216622
0.0217038
0.0217629
0.0218414
0.0219405
0.0220583
0.0221863
0.0223257
0.0224744
0.0225026
0.0222902
0.0220572
0.0218521
0.0216766
0.0215297
0.0214126
0.0213314
0.0212992
0.0213376
0.0214325
0.00224483
0.00772719
0.00633327
0.00621329
0.00749621
0.00843064
0.00954096
0.0107608
0.0120427
0.0133406
0.0146128
0.0158083
0.0168772
0.0179247
0.0189475
0.0199432
0.0209108
0.0216277
0.0216253
0.0216366
0.0216625
0.0217042
0.0217633
0.0218418
0.0219409
0.0220589
0.0221869
0.0223263
0.0224751
0.0225032
0.0222907
0.0220576
0.0218525
0.0216769
0.02153
0.0214128
0.0213316
0.0212994
0.0213378
0.0214326
0.0022448
0.00772711
0.0063332
0.00621324
0.00749616
0.00843059
0.00954092
0.0107608
0.0120427
0.0133407
0.0146128
0.0158084
0.0168773
0.0179249
0.0189478
0.0199436
0.0209112
0.0216276
0.0216252
0.0216366
0.0216625
0.0217042
0.0217633
0.0218418
0.021941
0.0220589
0.0221869
0.0223264
0.0224752
0.0225034
0.0222909
0.0220578
0.0218527
0.0216771
0.02153
0.0214129
0.0213316
0.0212995
0.0213378
0.0214326
0.00224478
0.00772704
0.00633314
0.00621319
0.0074961
0.00843053
0.00954087
0.0107608
0.0120427
0.0133407
0.0146129
0.0158085
0.0168774
0.017925
0.018948
0.0199438
0.0209115
0.0216277
0.0216253
0.0216367
0.0216626
0.0217043
0.0217634
0.021842
0.0219411
0.0220591
0.0221872
0.0223267
0.0224755
0.0225037
0.0222911
0.0220579
0.0218527
0.0216771
0.02153
0.0214129
0.0213316
0.0212994
0.0213377
0.0214325
0.00224477
0.007727
0.00633311
0.00621316
0.00749607
0.00843051
0.00954085
0.0107608
0.0120427
0.0133407
0.014613
0.0158086
0.0168776
0.0179252
0.0189482
0.0199441
0.0209118
0.0216275
0.0216251
0.0216365
0.0216624
0.0217041
0.0217633
0.0218418
0.021941
0.022059
0.0221871
0.0223266
0.0224754
0.0225037
0.0222911
0.0220579
0.0218527
0.021677
0.0215299
0.0214128
0.0213314
0.0212992
0.0213376
0.0214324
0.00224477
0.00772696
0.00633308
0.00621313
0.00749604
0.00843048
0.00954083
0.0107608
0.0120428
0.0133407
0.014613
0.0158086
0.0168776
0.0179253
0.0189483
0.0199443
0.020912
0.0216275
0.0216251
0.0216365
0.0216625
0.0217042
0.0217634
0.0218419
0.0219411
0.0220592
0.0221873
0.0223268
0.0224756
0.0225038
0.0222911
0.0220579
0.0218527
0.021677
0.0215299
0.0214127
0.0213313
0.0212991
0.0213374
0.0214322
0.00224477
0.00772693
0.00633306
0.00621311
0.00749602
0.00843047
0.00954082
0.0107608
0.0120428
0.0133408
0.014613
0.0158087
0.0168777
0.0179254
0.0189484
0.0199444
0.0209122
0.0216275
0.0216251
0.0216365
0.0216624
0.0217041
0.0217633
0.0218419
0.0219411
0.0220591
0.0221872
0.0223268
0.0224757
0.0225039
0.0222912
0.022058
0.0218527
0.021677
0.0215298
0.0214126
0.0213313
0.021299
0.0213373
0.0214321
0.00224477
0.0077269
0.00633304
0.00621309
0.00749601
0.00843045
0.00954082
0.0107608
0.0120428
0.0133408
0.0146131
0.0158087
0.0168778
0.0179255
0.0189485
0.0199446
0.0209124
0.0216274
0.021625
0.0216364
0.0216624
0.0217041
0.0217633
0.0218419
0.0219411
0.0220591
0.0221872
0.0223268
0.0224757
0.0225039
0.0222912
0.0220579
0.0218526
0.0216769
0.0215297
0.0214125
0.0213312
0.0212989
0.0213372
0.021432
0.00224477
0.00772689
0.00633303
0.00621309
0.007496
0.00843045
0.00954082
0.0107608
0.0120428
0.0133408
0.0146131
0.0158087
0.0168778
0.0179255
0.0189486
0.0199447
0.0209125
0.0216272
0.0216248
0.0216362
0.0216621
0.0217039
0.0217631
0.0218416
0.0219409
0.022059
0.0221871
0.0223267
0.0224756
0.0225039
0.0222912
0.0220579
0.0218526
0.0216768
0.0215296
0.0214124
0.0213311
0.0212988
0.0213371
0.0214319
0.00224478
0.00772687
0.00633302
0.00621308
0.007496
0.00843045
0.00954082
0.0107608
0.0120428
0.0133408
0.0146131
0.0158088
0.0168778
0.0179256
0.0189487
0.0199447
0.0209126
0.0216272
0.0216248
0.0216362
0.0216622
0.0217039
0.0217631
0.0218417
0.021941
0.0220591
0.0221872
0.0223268
0.0224757
0.022504
0.0222913
0.022058
0.0218526
0.0216768
0.0215297
0.0214124
0.0213311
0.0212988
0.0213371
0.0214319
0.00224479
0.00772686
0.00633301
0.00621308
0.007496
0.00843045
0.00954083
0.0107608
0.0120428
0.0133408
0.0146131
0.0158088
0.0168779
0.0179256
0.0189487
0.0199448
0.0209127
0.0216271
0.0216247
0.0216361
0.0216621
0.0217038
0.021763
0.0218417
0.021941
0.0220591
0.0221873
0.0223269
0.0224759
0.0225042
0.0222914
0.0220581
0.0218527
0.0216769
0.0215297
0.0214124
0.0213311
0.0212988
0.0213371
0.0214319
0.0022448
0.00772686
0.00633301
0.00621308
0.007496
0.00843045
0.00954083
0.0107608
0.0120428
0.0133409
0.0146131
0.0158088
0.0168779
0.0179256
0.0189487
0.0199448
0.0209127
0.0216272
0.0216248
0.0216362
0.0216622
0.0217039
0.0217632
0.0218418
0.0219411
0.0220593
0.0221875
0.0223271
0.0224761
0.0225044
0.0222916
0.0220582
0.0218528
0.021677
0.0215298
0.0214125
0.0213312
0.0212989
0.0213372
0.021432
0.00224481
0.00772686
0.00633301
0.00621308
0.00749599
0.00843045
0.00954082
0.0107608
0.0120428
0.0133408
0.0146131
0.0158088
0.0168779
0.0179256
0.0189487
0.0199448
0.0209127
0.0216274
0.021625
0.0216364
0.0216624
0.0217041
0.0217634
0.0218421
0.0219414
0.0220596
0.0221877
0.0223274
0.0224763
0.0225046
0.0222918
0.0220584
0.021853
0.0216772
0.02153
0.0214127
0.0213313
0.0212991
0.0213374
0.0214322
0.0022448
0.00772686
0.00633301
0.00621308
0.00749599
0.00843045
0.00954082
0.0107608
0.0120428
0.0133408
0.0146131
0.0158088
0.0168778
0.0179256
0.0189487
0.0199447
0.0209126
0.0216276
0.0216252
0.0216366
0.0216625
0.0217043
0.0217635
0.0218422
0.0219415
0.0220597
0.0221878
0.0223274
0.0224764
0.0225047
0.0222919
0.0220585
0.0218531
0.0216773
0.0215301
0.0214129
0.0213315
0.0212992
0.0213375
0.0214324
0.0022448
0.00772687
0.00633302
0.00621308
0.007496
0.00843045
0.00954082
0.0107608
0.0120428
0.0133408
0.0146131
0.0158088
0.0168778
0.0179255
0.0189486
0.0199447
0.0209125
0.0216277
0.0216253
0.0216367
0.0216627
0.0217044
0.0217636
0.0218423
0.0219416
0.0220597
0.0221879
0.0223275
0.0224764
0.0225047
0.0222919
0.0220585
0.0218532
0.0216774
0.0215302
0.021413
0.0213316
0.0212993
0.0213377
0.0214325
0.00224479
0.00772688
0.00633302
0.00621308
0.007496
0.00843045
0.00954082
0.0107608
0.0120428
0.0133408
0.0146131
0.0158087
0.0168778
0.0179255
0.0189486
0.0199446
0.0209124
0.0216279
0.0216255
0.0216369
0.0216629
0.0217046
0.0217639
0.0218425
0.0219418
0.0220599
0.022188
0.0223276
0.0224765
0.0225048
0.022292
0.0220587
0.0218533
0.0216775
0.0215304
0.0214131
0.0213318
0.0212995
0.0213378
0.0214327
0.00224478
0.00772689
0.00633303
0.00621309
0.007496
0.00843045
0.00954081
0.0107608
0.0120428
0.0133408
0.014613
0.0158087
0.0168777
0.0179254
0.0189485
0.0199445
0.0209123
0.0216283
0.0216259
0.0216373
0.0216632
0.021705
0.0217642
0.0218428
0.0219421
0.0220602
0.0221883
0.0223278
0.0224767
0.0225049
0.0222922
0.0220589
0.0218535
0.0216777
0.0215306
0.0214134
0.021332
0.0212998
0.0213381
0.0214329
0.00224478
0.00772691
0.00633304
0.0062131
0.00749601
0.00843045
0.00954081
0.0107608
0.0120427
0.0133407
0.014613
0.0158087
0.0168777
0.0179254
0.0189484
0.0199444
0.0209123
0.0216286
0.0216262
0.0216376
0.0216635
0.0217053
0.0217645
0.0218431
0.0219424
0.0220604
0.0221885
0.022328
0.0224769
0.0225051
0.0222924
0.0220591
0.0218537
0.021678
0.0215309
0.0214137
0.0213323
0.0213001
0.0213384
0.0214333
0.00224477
0.00772693
0.00633306
0.00621311
0.00749602
0.00843046
0.00954082
0.0107607
0.0120427
0.0133407
0.014613
0.0158086
0.0168776
0.0179253
0.0189483
0.0199443
0.0209121
0.0216288
0.0216264
0.0216379
0.0216638
0.0217055
0.0217647
0.0218433
0.0219426
0.0220606
0.0221886
0.0223282
0.022477
0.0225053
0.0222926
0.0220593
0.021854
0.0216783
0.0215312
0.021414
0.0213326
0.0213004
0.0213387
0.0214336
0.00224476
0.00772697
0.00633308
0.00621313
0.00749604
0.00843048
0.00954083
0.0107608
0.0120427
0.0133407
0.0146129
0.0158086
0.0168776
0.0179252
0.0189482
0.0199441
0.0209119
0.0216291
0.0216267
0.0216381
0.0216641
0.0217058
0.021765
0.0218436
0.0219428
0.0220608
0.0221888
0.0223283
0.0224772
0.0225054
0.0222928
0.0220595
0.0218543
0.0216786
0.0215315
0.0214143
0.021333
0.0213008
0.0213391
0.021434
0.00224476
0.00772702
0.00633312
0.00621317
0.00749607
0.00843051
0.00954085
0.0107608
0.0120427
0.0133407
0.0146129
0.0158085
0.0168775
0.0179251
0.018948
0.0199439
0.0209116
0.0216294
0.021627
0.0216384
0.0216644
0.0217061
0.0217653
0.0218439
0.0219431
0.0220611
0.0221891
0.0223286
0.0224773
0.0225056
0.022293
0.0220598
0.0218545
0.0216788
0.0215318
0.0214146
0.0213333
0.0213011
0.0213395
0.0214343
0.00224476
0.00772709
0.00633318
0.00621321
0.00749612
0.00843055
0.00954089
0.0107608
0.0120427
0.0133407
0.0146128
0.0158084
0.0168774
0.0179249
0.0189478
0.0199437
0.0209113
0.0216295
0.0216271
0.0216385
0.0216645
0.0217062
0.0217654
0.0218439
0.0219431
0.0220611
0.022189
0.0223284
0.0224772
0.0225053
0.0222928
0.0220596
0.0218544
0.0216787
0.0215317
0.0214146
0.0213333
0.0213011
0.0213395
0.0214343
0.00224477
0.00772719
0.00633326
0.00621328
0.0074962
0.00843063
0.00954096
0.0107609
0.0120428
0.0133407
0.0146128
0.0158084
0.0168772
0.0179247
0.0189476
0.0199434
0.020911
0.021629
0.0216266
0.021638
0.0216639
0.0217056
0.0217648
0.0218433
0.0219424
0.0220603
0.0221882
0.0223275
0.0224762
0.0225044
0.0222918
0.0220587
0.0218536
0.021678
0.021531
0.0214139
0.0213326
0.0213004
0.0213388
0.0214337
0.00224478
0.00772734
0.00633339
0.00621339
0.00749633
0.00843077
0.00954109
0.010761
0.0120429
0.0133407
0.0146128
0.0158083
0.0168771
0.0179245
0.0189473
0.019943
0.0209105
0.0216276
0.0216252
0.0216366
0.0216625
0.0217042
0.0217633
0.0218418
0.0219409
0.0220587
0.0221865
0.0223258
0.0224744
0.0225025
0.0222901
0.0220571
0.021852
0.0216765
0.0215296
0.0214125
0.0213313
0.0212992
0.0213376
0.0214324
0.00224482
0.00772757
0.00633359
0.00621356
0.00749654
0.00843098
0.00954133
0.0107612
0.0120431
0.0133409
0.0146128
0.0158081
0.0168769
0.0179242
0.0189469
0.0199425
0.0209099
0.0216252
0.0216228
0.0216342
0.0216602
0.0217018
0.021761
0.0218394
0.0219385
0.0220563
0.022184
0.0223232
0.0224718
0.0224999
0.0222876
0.0220547
0.0218498
0.0216744
0.0215275
0.0214105
0.0213294
0.0212973
0.0213357
0.0214306
0.00224485
0.00772791
0.00633389
0.00621381
0.00749686
0.00843133
0.0095417
0.0107616
0.0120434
0.0133411
0.014613
0.0158081
0.0168767
0.017924
0.0189466
0.0199421
0.0209094
0.0216214
0.0216191
0.0216306
0.0216565
0.0216983
0.0217574
0.0218359
0.0219349
0.0220527
0.0221804
0.0223196
0.022468
0.0224962
0.022284
0.0220513
0.0218465
0.0216712
0.0215244
0.0214075
0.0213264
0.0212943
0.0213328
0.0214277
0.00224491
0.00772845
0.00633437
0.00621419
0.00749736
0.00843189
0.00954231
0.0107622
0.012044
0.0133417
0.0146133
0.0158081
0.0168767
0.0179239
0.0189464
0.0199418
0.020909
0.0216152
0.021613
0.0216245
0.0216506
0.0216924
0.0217516
0.0218301
0.0219291
0.0220469
0.0221746
0.0223137
0.0224622
0.0224902
0.0222783
0.0220458
0.0218411
0.021666
0.0215194
0.0214026
0.0213216
0.0212896
0.0213281
0.0214231
0.00224499
0.0077293
0.00633513
0.0062148
0.00749818
0.00843284
0.00954339
0.0107634
0.0120452
0.0133428
0.0146142
0.0158083
0.0168769
0.0179241
0.0189466
0.019942
0.0209091
0.021605
0.021603
0.0216147
0.021641
0.0216829
0.0217423
0.0218209
0.02192
0.0220378
0.0221655
0.0223046
0.022453
0.0224809
0.0222692
0.0220371
0.0218327
0.0216578
0.0215114
0.0213948
0.021314
0.0212821
0.0213207
0.0214158
0.00224509
0.00773068
0.00633636
0.00621578
0.00749961
0.00843452
0.00954535
0.0107656
0.0120476
0.0133451
0.0146162
0.0158096
0.0168783
0.0179256
0.0189482
0.0199438
0.0209111
0.0215877
0.021586
0.0215982
0.0216247
0.021667
0.0217266
0.0218054
0.0219047
0.0220226
0.0221504
0.0222895
0.0224378
0.0224657
0.0222544
0.0220227
0.0218187
0.0216442
0.0214981
0.0213817
0.021301
0.0212693
0.021308
0.0214032
0.00224524
0.00773296
0.00633832
0.00621739
0.00750211
0.00843751
0.00954884
0.0107697
0.012052
0.0133497
0.0146205
0.0158127
0.0168819
0.0179298
0.0189529
0.019949
0.0209169
0.0215592
0.0215582
0.021571
0.0215981
0.0216409
0.0217009
0.0217802
0.0218798
0.0219979
0.022126
0.0222654
0.0224138
0.0224416
0.0222308
0.0219998
0.0217964
0.0216223
0.0214767
0.0213606
0.0212803
0.0212488
0.0212876
0.0213829
0.00224551
0.00773621
0.00634083
0.00621969
0.00750577
0.00844181
0.00955383
0.0107754
0.0120583
0.0133563
0.0146267
0.0158171
0.0168871
0.0179358
0.0189598
0.0199568
0.0209257
0.0215119
0.0215122
0.0215261
0.0215543
0.0215982
0.0216594
0.0217398
0.0218407
0.0219603
0.0220901
0.0222308
0.0223806
0.0224093
0.0221984
0.0219672
0.0217637
0.0215894
0.0214437
0.0213276
0.0212472
0.0212155
0.021254
0.0213489
0.00224621
0.0076908
0.00631328
0.00619569
0.00747895
0.00841245
0.00952226
0.0107422
0.0120241
0.0133215
0.0145921
0.0157835
0.0168532
0.0179021
0.0189268
0.0199252
0.020896
0.0214446
0.0214489
0.0214675
0.0215013
0.0215519
0.0216211
0.0217113
0.021824
0.0219571
0.0220984
0.0222522
0.0224165
0.0224637
0.0222486
0.0220002
0.0217811
0.0215936
0.0214367
0.0213114
0.0212233
0.0211861
0.021221
0.0213148
0.00224468
0.00658432
0.00462672
0.00428307
0.00505217
0.00569751
0.00638079
0.00705609
0.00770171
0.00830522
0.00886324
0.00937673
0.00985179
0.0103027
0.0107341
0.0111507
0.0115579
0.0119607
0.0123643
0.0127744
0.0131974
0.0136405
0.0141111
0.0146178
0.0151693
0.0157711
0.0164111
0.0170824
0.0177792
0.0182605
0.0181195
0.0178032
0.0175195
0.0172851
0.0171011
0.0169612
0.0168401
0.0166558
0.0161861
0.0149914
0.00264055
0.00662185
0.00464556
0.0042996
0.0050708
0.00571818
0.00640277
0.00707881
0.0077245
0.00832732
0.00888395
0.00939539
0.00986796
0.0103157
0.0107431
0.0111551
0.0115566
0.0119526
0.012348
0.0127481
0.0131588
0.0135868
0.0140385
0.0145216
0.0150431
0.0156073
0.0162032
0.0168263
0.0174721
0.0178885
0.01774
0.0174576
0.017206
0.0169991
0.0168378
0.0167161
0.016609
0.0164352
0.0159754
0.0147993
0.00259859
0.00661946
0.00464409
0.0042986
0.00506939
0.00571667
0.00640116
0.00707705
0.00772258
0.00832528
0.00888178
0.00939309
0.00986545
0.010313
0.0107403
0.011152
0.0115534
0.0119492
0.0123445
0.0127445
0.0131551
0.013583
0.0140347
0.0145175
0.0150387
0.0156022
0.0161974
0.0168195
0.0174641
0.0178786
0.0177298
0.017448
0.0171969
0.0169905
0.0168296
0.0167083
0.0166016
0.0164286
0.0159692
0.0147926
0.0025986
0.00661804
0.00464321
0.00429809
0.00506877
0.00571605
0.00640059
0.00707656
0.00772218
0.00832497
0.00888161
0.00939306
0.00986555
0.0103132
0.0107407
0.0111526
0.0115542
0.0119503
0.0123459
0.0127463
0.0131574
0.0135859
0.0140382
0.0145219
0.0150441
0.015609
0.0162055
0.016829
0.0174752
0.0178906
0.0177412
0.0174585
0.0172066
0.0169994
0.0168378
0.0167156
0.0166082
0.0164347
0.0159755
0.014799
0.00259997
0.00661729
0.00464275
0.00429783
0.0050685
0.0057158
0.00640039
0.00707645
0.0077222
0.00832513
0.00888192
0.00939354
0.00986616
0.010314
0.0107416
0.0111537
0.0115555
0.0119519
0.0123477
0.0127484
0.0131599
0.0135888
0.0140417
0.014526
0.015049
0.0156147
0.0162124
0.016837
0.0174844
0.0179008
0.017751
0.0174675
0.0172149
0.0170073
0.0168455
0.0167235
0.0166161
0.0164423
0.0159827
0.0148056
0.00260106
0.00661685
0.00464249
0.00429769
0.00506838
0.00571573
0.00640039
0.00707654
0.00772241
0.00832548
0.00888241
0.00939417
0.00986693
0.0103149
0.0107427
0.011155
0.011557
0.0119535
0.0123496
0.0127506
0.0131623
0.0135916
0.0140449
0.0145297
0.0150533
0.0156198
0.0162182
0.0168436
0.0174918
0.0179089
0.0177588
0.017475
0.0172219
0.0170137
0.0168512
0.0167287
0.0166211
0.0164473
0.0159876
0.0148101
0.00260172
0.00661659
0.00464233
0.00429759
0.00506831
0.00571571
0.00640041
0.00707663
0.00772259
0.00832575
0.00888279
0.00939466
0.00986754
0.0103156
0.0107435
0.0111559
0.0115581
0.0119548
0.012351
0.0127522
0.0131642
0.0135936
0.0140473
0.0145325
0.0150565
0.0156235
0.0162225
0.0168485
0.0174975
0.017915
0.0177647
0.0174803
0.017227
0.0170187
0.0168562
0.0167334
0.0166256
0.0164515
0.0159916
0.0148137
0.00260219
0.00661643
0.00464224
0.00429754
0.00506828
0.0057157
0.00640045
0.00707672
0.00772275
0.00832599
0.00888311
0.00939507
0.00986803
0.0103162
0.0107442
0.0111567
0.011559
0.0119558
0.0123521
0.0127534
0.0131656
0.0135953
0.0140491
0.0145346
0.015059
0.0156264
0.0162258
0.0168522
0.0175016
0.0179195
0.0177691
0.0174844
0.0172307
0.0170221
0.0168595
0.0167367
0.0166288
0.0164546
0.0159946
0.0148164
0.00260253
0.00661633
0.00464218
0.00429751
0.00506826
0.00571571
0.00640049
0.0070768
0.00772288
0.00832618
0.00888337
0.0093954
0.00986843
0.0103167
0.0107447
0.0111573
0.0115597
0.0119566
0.0123531
0.0127545
0.0131668
0.0135966
0.0140506
0.0145364
0.015061
0.0156287
0.0162284
0.0168552
0.017505
0.0179232
0.0177726
0.0174877
0.0172339
0.0170251
0.0168622
0.0167393
0.0166313
0.016457
0.0159968
0.0148184
0.00260279
0.00661626
0.00464214
0.00429748
0.00506825
0.00571571
0.00640051
0.00707685
0.00772297
0.00832631
0.00888354
0.00939562
0.00986871
0.010317
0.0107451
0.0111578
0.0115602
0.0119571
0.0123537
0.0127552
0.0131676
0.0135976
0.0140517
0.0145376
0.0150624
0.0156304
0.0162303
0.0168573
0.0175073
0.0179257
0.017775
0.01749
0.017236
0.0170271
0.0168642
0.0167412
0.0166332
0.0164589
0.0159986
0.0148199
0.00260297
0.00661622
0.00464212
0.00429747
0.00506825
0.00571573
0.00640055
0.00707691
0.00772306
0.00832644
0.00888371
0.00939583
0.00986896
0.0103173
0.0107455
0.0111582
0.0115606
0.0119577
0.0123543
0.0127559
0.0131683
0.0135984
0.0140527
0.0145387
0.0150637
0.0156318
0.016232
0.0168592
0.0175094
0.017928
0.0177772
0.017492
0.0172379
0.0170289
0.0168658
0.0167428
0.0166347
0.0164603
0.016
0.0148212
0.00260312
0.00661618
0.00464211
0.00429746
0.00506824
0.00571573
0.00640056
0.00707694
0.00772311
0.00832651
0.00888381
0.00939596
0.00986912
0.0103175
0.0107457
0.0111584
0.0115609
0.011958
0.0123546
0.0127563
0.0131688
0.013599
0.0140533
0.0145394
0.0150645
0.0156328
0.016233
0.0168604
0.0175106
0.0179293
0.0177786
0.0174933
0.0172392
0.0170301
0.016867
0.016744
0.0166358
0.0164614
0.016001
0.0148221
0.00260323
0.00661617
0.0046421
0.00429745
0.00506825
0.00571574
0.00640059
0.00707698
0.00772317
0.0083266
0.00888392
0.00939609
0.00986928
0.0103177
0.0107459
0.0111587
0.0115612
0.0119583
0.012355
0.0127567
0.0131693
0.0135995
0.0140539
0.0145401
0.0150653
0.0156337
0.016234
0.0168615
0.017512
0.0179307
0.0177799
0.0174946
0.0172403
0.0170312
0.0168681
0.016745
0.0166368
0.0164623
0.0160019
0.0148229
0.00260333
0.00661615
0.00464209
0.00429745
0.00506824
0.00571574
0.00640059
0.00707701
0.00772321
0.00832665
0.00888399
0.00939618
0.00986938
0.0103178
0.010746
0.0111588
0.0115614
0.0119585
0.0123553
0.012757
0.0131696
0.0135999
0.0140544
0.0145406
0.0150659
0.0156343
0.0162348
0.0168623
0.0175129
0.0179318
0.0177809
0.0174956
0.0172412
0.0170321
0.0168689
0.0167458
0.0166376
0.0164631
0.0160027
0.0148236
0.00260341
0.00661613
0.00464209
0.00429744
0.00506824
0.00571574
0.00640061
0.00707703
0.00772324
0.0083267
0.00888405
0.00939625
0.00986947
0.0103179
0.0107462
0.011159
0.0115616
0.0119588
0.0123555
0.0127573
0.0131699
0.0136002
0.0140547
0.0145411
0.0150664
0.0156349
0.0162355
0.0168631
0.0175137
0.0179327
0.0177818
0.0174964
0.0172421
0.0170329
0.0168697
0.0167465
0.0166383
0.0164638
0.0160033
0.0148242
0.00260348
0.00661612
0.00464208
0.00429744
0.00506824
0.00571575
0.00640062
0.00707705
0.00772327
0.00832674
0.0088841
0.00939632
0.00986955
0.010318
0.0107463
0.0111591
0.0115617
0.0119589
0.0123557
0.0127575
0.0131702
0.0136005
0.0140551
0.0145415
0.0150669
0.0156355
0.0162361
0.0168639
0.0175146
0.0179336
0.0177827
0.0174973
0.0172428
0.0170336
0.0168703
0.0167472
0.0166389
0.0164644
0.0160039
0.0148247
0.00260355
0.00661611
0.00464208
0.00429744
0.00506824
0.00571576
0.00640063
0.00707707
0.0077233
0.00832677
0.00888415
0.00939637
0.00986962
0.0103181
0.0107464
0.0111593
0.0115619
0.0119591
0.0123559
0.0127577
0.0131705
0.0136008
0.0140554
0.0145419
0.0150674
0.0156361
0.0162368
0.0168646
0.0175154
0.0179345
0.0177835
0.017498
0.0172435
0.0170343
0.016871
0.0167477
0.0166395
0.0164649
0.0160044
0.0148251
0.00260361
0.0066161
0.00464208
0.00429743
0.00506824
0.00571576
0.00640064
0.00707708
0.00772332
0.0083268
0.00888418
0.00939642
0.00986968
0.0103182
0.0107465
0.0111594
0.011562
0.0119592
0.0123561
0.0127579
0.0131707
0.0136011
0.0140557
0.0145422
0.0150678
0.0156366
0.0162373
0.0168652
0.0175161
0.0179353
0.0177843
0.0174987
0.0172441
0.0170348
0.0168715
0.0167482
0.0166399
0.0164653
0.0160048
0.0148255
0.00260366
0.0066161
0.00464207
0.00429744
0.00506825
0.00571577
0.00640065
0.0070771
0.00772334
0.00832683
0.00888422
0.00939646
0.00986973
0.0103182
0.0107466
0.0111594
0.0115621
0.0119593
0.0123562
0.0127581
0.0131708
0.0136013
0.014056
0.0145425
0.0150682
0.015637
0.0162378
0.0168657
0.0175167
0.0179359
0.0177849
0.0174993
0.0172447
0.0170353
0.0168719
0.0167486
0.0166403
0.0164657
0.0160051
0.0148258
0.00260371
0.0066161
0.00464207
0.00429744
0.00506825
0.00571577
0.00640066
0.00707711
0.00772336
0.00832684
0.00888423
0.00939648
0.00986976
0.0103183
0.0107466
0.0111595
0.0115622
0.0119594
0.0123563
0.0127582
0.013171
0.0136014
0.0140562
0.0145428
0.0150684
0.0156373
0.0162382
0.0168662
0.0175172
0.0179364
0.0177854
0.0174997
0.0172451
0.0170356
0.0168722
0.0167489
0.0166406
0.016466
0.0160053
0.014826
0.00260374
0.00661609
0.00464207
0.00429743
0.00506825
0.00571577
0.00640065
0.0070771
0.00772335
0.00832684
0.00888423
0.00939648
0.00986975
0.0103183
0.0107466
0.0111595
0.0115621
0.0119594
0.0123563
0.0127582
0.013171
0.0136015
0.0140562
0.0145428
0.0150685
0.0156374
0.0162383
0.0168663
0.0175173
0.0179365
0.0177855
0.0174998
0.0172451
0.0170357
0.0168723
0.0167489
0.0166406
0.016466
0.0160053
0.014826
0.00260374
0.00661609
0.00464207
0.00429743
0.00506825
0.00571577
0.00640065
0.0070771
0.00772334
0.00832682
0.00888421
0.00939645
0.00986972
0.0103182
0.0107465
0.0111594
0.0115621
0.0119593
0.0123562
0.0127581
0.0131709
0.0136014
0.0140561
0.0145427
0.0150684
0.0156373
0.0162381
0.016866
0.017517
0.0179362
0.0177852
0.0174995
0.0172449
0.0170355
0.0168721
0.0167487
0.0166404
0.0164658
0.0160051
0.0148258
0.00260372
0.00661609
0.00464207
0.00429743
0.00506824
0.00571576
0.00640064
0.00707709
0.00772333
0.0083268
0.00888418
0.00939642
0.00986969
0.0103182
0.0107465
0.0111594
0.011562
0.0119593
0.0123561
0.012758
0.0131708
0.0136012
0.014056
0.0145425
0.0150681
0.015637
0.0162378
0.0168656
0.0175165
0.0179357
0.0177847
0.017499
0.0172444
0.017035
0.0168717
0.0167483
0.01664
0.0164654
0.0160048
0.0148255
0.00260367
0.0066161
0.00464207
0.00429743
0.00506824
0.00571576
0.00640063
0.00707707
0.00772331
0.00832678
0.00888415
0.00939638
0.00986963
0.0103181
0.0107464
0.0111593
0.0115619
0.0119592
0.012356
0.0127579
0.0131707
0.0136011
0.0140558
0.0145423
0.0150679
0.0156367
0.0162374
0.0168652
0.017516
0.0179351
0.0177841
0.0174985
0.0172439
0.0170346
0.0168712
0.0167479
0.0166396
0.0164651
0.0160045
0.0148252
0.00260363
0.0066161
0.00464207
0.00429743
0.00506824
0.00571575
0.00640062
0.00707705
0.00772328
0.00832674
0.00888411
0.00939633
0.00986957
0.010318
0.0107463
0.0111592
0.0115618
0.0119591
0.0123559
0.0127577
0.0131705
0.0136009
0.0140555
0.014542
0.0150675
0.0156362
0.0162369
0.0168646
0.0175153
0.0179343
0.0177834
0.0174978
0.0172433
0.017034
0.0168706
0.0167474
0.0166391
0.0164645
0.016004
0.0148247
0.00260356
0.00661611
0.00464207
0.00429743
0.00506823
0.00571574
0.0064006
0.00707703
0.00772325
0.0083267
0.00888405
0.00939626
0.00986949
0.0103179
0.0107462
0.0111591
0.0115617
0.0119589
0.0123557
0.0127575
0.0131702
0.0136006
0.0140552
0.0145416
0.0150671
0.0156357
0.0162363
0.0168639
0.0175145
0.0179335
0.0177826
0.017497
0.0172425
0.0170333
0.01687
0.0167468
0.0166385
0.0164639
0.0160034
0.0148243
0.0026035
0.00661612
0.00464208
0.00429743
0.00506823
0.00571573
0.00640059
0.007077
0.00772321
0.00832665
0.00888398
0.00939618
0.00986939
0.0103178
0.0107461
0.0111589
0.0115615
0.0119587
0.0123555
0.0127572
0.0131699
0.0136002
0.0140548
0.0145411
0.0150665
0.0156351
0.0162355
0.016863
0.0175135
0.0179324
0.0177814
0.017496
0.0172416
0.0170324
0.0168691
0.016746
0.0166377
0.0164632
0.0160027
0.0148236
0.00260341
0.00661614
0.00464208
0.00429744
0.00506823
0.00571572
0.00640057
0.00707697
0.00772316
0.00832659
0.00888391
0.00939608
0.00986927
0.0103177
0.0107459
0.0111587
0.0115613
0.0119584
0.0123552
0.0127569
0.0131696
0.0135998
0.0140543
0.0145406
0.0150659
0.0156343
0.0162347
0.016862
0.0175124
0.0179311
0.0177802
0.0174948
0.0172405
0.0170314
0.0168682
0.0167451
0.0166368
0.0164623
0.0160019
0.0148229
0.00260332
0.00661616
0.00464209
0.00429744
0.00506822
0.00571571
0.00640054
0.00707693
0.00772311
0.00832651
0.00888381
0.00939596
0.00986912
0.0103175
0.0107457
0.0111585
0.011561
0.0119581
0.0123548
0.0127565
0.0131691
0.0135993
0.0140537
0.0145399
0.0150651
0.0156334
0.0162336
0.0168608
0.017511
0.0179295
0.0177788
0.0174935
0.0172392
0.0170301
0.0168671
0.0167439
0.0166358
0.0164612
0.0160009
0.014822
0.00260321
0.0066162
0.00464211
0.00429745
0.00506823
0.0057157
0.00640052
0.00707689
0.00772304
0.00832642
0.00888369
0.00939582
0.00986895
0.0103173
0.0107455
0.0111582
0.0115607
0.0119577
0.0123544
0.012756
0.0131686
0.0135987
0.014053
0.0145391
0.0150642
0.0156323
0.0162323
0.0168593
0.0175093
0.0179278
0.017777
0.0174918
0.0172376
0.0170287
0.0168657
0.0167426
0.0166344
0.0164601
0.0159998
0.0148209
0.00260308
0.00661625
0.00464214
0.00429748
0.00506824
0.00571571
0.00640051
0.00707686
0.00772298
0.00832633
0.00888357
0.00939565
0.00986875
0.0103171
0.0107452
0.0111579
0.0115603
0.0119573
0.0123539
0.0127555
0.0131679
0.013598
0.0140522
0.0145382
0.0150631
0.0156311
0.0162309
0.0168576
0.0175074
0.0179257
0.0177749
0.0174899
0.0172359
0.0170271
0.0168641
0.0167411
0.016633
0.0164586
0.0159984
0.0148198
0.00260296
0.00661634
0.00464219
0.00429752
0.00506827
0.00571573
0.00640052
0.00707683
0.00772293
0.00832624
0.00888344
0.00939547
0.00986852
0.0103168
0.0107449
0.0111575
0.0115599
0.0119568
0.0123534
0.0127549
0.0131672
0.0135971
0.0140513
0.0145371
0.0150618
0.0156296
0.0162291
0.0168556
0.0175051
0.0179231
0.0177725
0.0174877
0.0172338
0.017025
0.0168622
0.0167392
0.0166313
0.0164569
0.0159966
0.0148184
0.00260276
0.00661648
0.00464228
0.00429758
0.00506833
0.00571576
0.00640054
0.00707682
0.00772287
0.00832612
0.00888326
0.00939524
0.00986824
0.0103164
0.0107445
0.011157
0.0115594
0.0119562
0.0123527
0.0127541
0.0131663
0.0135961
0.0140501
0.0145357
0.0150602
0.0156277
0.0162269
0.016853
0.0175021
0.0179199
0.0177695
0.0174848
0.0172311
0.0170225
0.0168598
0.016737
0.0166289
0.0164547
0.0159947
0.0148166
0.00260259
0.00661671
0.00464243
0.00429769
0.00506843
0.00571585
0.00640059
0.00707685
0.00772284
0.00832603
0.00888308
0.00939497
0.0098679
0.010316
0.010744
0.0111565
0.0115587
0.0119555
0.0123518
0.0127531
0.0131652
0.0135948
0.0140485
0.0145339
0.0150581
0.0156252
0.0162241
0.0168497
0.0174983
0.0179158
0.0177654
0.0174809
0.0172275
0.0170192
0.0168566
0.0167339
0.016626
0.0164519
0.015992
0.014814
0.00260226
0.00661709
0.00464267
0.00429786
0.00506861
0.00571602
0.00640073
0.00707695
0.00772287
0.00832597
0.00888293
0.00939473
0.00986757
0.0103156
0.0107435
0.0111559
0.011558
0.0119546
0.0123508
0.012752
0.0131639
0.0135933
0.0140468
0.0145319
0.0150557
0.0156223
0.0162206
0.0168456
0.0174935
0.0179104
0.0177602
0.0174762
0.017223
0.017015
0.0168527
0.0167299
0.0166224
0.0164483
0.0159887
0.014811
0.0026019
0.00661774
0.00464309
0.00429816
0.00506893
0.00571634
0.00640103
0.0070772
0.00772304
0.00832603
0.00888286
0.00939451
0.00986726
0.0103152
0.0107429
0.0111552
0.0115572
0.0119537
0.0123497
0.0127506
0.0131623
0.0135915
0.0140446
0.0145292
0.0150525
0.0156184
0.0162159
0.0168401
0.017487
0.0179033
0.0177533
0.0174698
0.0172173
0.0170094
0.0168474
0.0167252
0.0166177
0.0164439
0.0159843
0.0148075
0.00260141
0.00661887
0.00464383
0.00429868
0.00506954
0.00571698
0.00640168
0.00707781
0.00772355
0.00832641
0.00888309
0.00939458
0.00986723
0.0103151
0.0107427
0.0111548
0.0115567
0.011953
0.0123488
0.0127494
0.0131608
0.0135895
0.0140422
0.0145262
0.0150487
0.0156137
0.01621
0.016833
0.0174786
0.0178939
0.0177448
0.0174618
0.0172098
0.0170026
0.0168411
0.0167191
0.0166119
0.0164383
0.0159791
0.0148024
0.0026005
0.00662093
0.00464517
0.00429965
0.00507077
0.00571833
0.00640312
0.00707933
0.00772505
0.00832784
0.00888439
0.00939575
0.0098684
0.0103162
0.0107438
0.0111559
0.0115576
0.0119537
0.0123493
0.0127497
0.0131607
0.013589
0.0140411
0.0145244
0.0150459
0.0156098
0.0162048
0.0168263
0.0174707
0.0178851
0.0177362
0.0174542
0.0172027
0.0169965
0.0168355
0.016714
0.0166069
0.0164337
0.0159746
0.0147979
0.00259941
0.00662444
0.00464749
0.00430151
0.00507319
0.005721
0.00640608
0.00708264
0.00772863
0.00833164
0.00888835
0.00939986
0.00987286
0.010321
0.0107489
0.0111613
0.0115633
0.0119598
0.0123557
0.0127563
0.0131675
0.0135961
0.0140484
0.0145321
0.0150542
0.0156188
0.0162154
0.0168385
0.017484
0.0179002
0.0177514
0.0174688
0.017217
0.0170098
0.016848
0.0167259
0.0166192
0.0164452
0.0159852
0.014807
0.00259968
0.0065889
0.00463015
0.00428645
0.00505647
0.00570281
0.00638703
0.00706339
0.00770986
0.00831393
0.00887239
0.0093864
0.0098626
0.0103147
0.0107474
0.0111654
0.0115742
0.0119788
0.0123844
0.0127967
0.0132222
0.0136682
0.0141419
0.0146519
0.0152064
0.0158098
0.0164458
0.01711
0.0178009
0.0182799
0.0181385
0.0178216
0.017537
0.0173024
0.0171178
0.0169776
0.0168535
0.0166699
0.0162003
0.0150049
0.00264327
0.0010584
0.0012688
0.0013082
0.00130719
0.00130088
0.00130595
0.0013194
0.00133883
0.00136272
0.00139034
0.0014214
0.00145592
0.00149412
0.00153626
0.00158271
0.00163403
0.00169093
0.00175438
0.00182567
0.00190688
0.00199742
0.00209894
0.00221186
0.00233735
0.00247734
0.00262541
0.00278175
0.00294754
0.00306437
0.00300505
0.00288628
0.00277747
0.00268334
0.00260442
0.00254163
0.00249777
0.00247953
0.00250035
0.00250919
0.00173739
0.00105726
0.001268
0.00130749
0.00130628
0.00129938
0.00130359
0.00131603
0.00133433
0.00135694
0.00138315
0.00141267
0.00144549
0.00148182
0.00152186
0.00156596
0.00161464
0.00166854
0.00172853
0.00179581
0.0018722
0.00195711
0.002052
0.0021571
0.00227327
0.0024021
0.00253789
0.00268157
0.00283375
0.00293303
0.00287118
0.00276289
0.00266384
0.00257803
0.00250593
0.00244846
0.0024083
0.00239165
0.00241122
0.00243136
0.00170467
0.00105722
0.00126802
0.00130754
0.00130635
0.00129949
0.00130375
0.00131623
0.00133457
0.00135724
0.00138352
0.00141311
0.00144601
0.00148242
0.00152255
0.00156676
0.00161555
0.00166957
0.0017297
0.00179713
0.00187372
0.00195882
0.00205391
0.00215919
0.00227552
0.00240444
0.00254023
0.00268392
0.00283613
0.00293518
0.00287311
0.00276481
0.00266576
0.00257996
0.0025079
0.00245048
0.00241042
0.00239403
0.00241392
0.00243305
0.0017047
0.00105722
0.00126804
0.00130759
0.00130645
0.00129964
0.00130396
0.00131651
0.00133493
0.00135768
0.00138403
0.00141371
0.00144671
0.00148322
0.00152347
0.00156781
0.00161675
0.00167094
0.00173126
0.00179891
0.00187578
0.00196118
0.00205661
0.00216228
0.00227904
0.00240846
0.00254472
0.00268891
0.00284168
0.0029411
0.00287876
0.00277006
0.00267065
0.00258452
0.00251216
0.00245446
0.00241412
0.00239757
0.00241759
0.00243627
0.00170607
0.00105721
0.00126806
0.00130762
0.0013065
0.00129972
0.00130407
0.00131665
0.00133511
0.0013579
0.00138431
0.00141403
0.00144709
0.00148367
0.00152398
0.0015684
0.00161742
0.00167171
0.00173214
0.00179994
0.00187697
0.00196255
0.0020582
0.0021641
0.00228114
0.00241086
0.00254742
0.00269194
0.00284509
0.0029448
0.00288233
0.00277335
0.0026737
0.00258739
0.00251492
0.00245721
0.0024169
0.00240029
0.00242027
0.00243864
0.00170716
0.0010572
0.00126806
0.00130764
0.00130653
0.00129977
0.00130414
0.00131674
0.00133522
0.00135804
0.00138448
0.00141424
0.00144733
0.00148395
0.00152431
0.00156878
0.00161786
0.00167221
0.00173272
0.00180061
0.00187775
0.00196345
0.00205923
0.0021653
0.00228252
0.00241244
0.00254919
0.00269392
0.00284729
0.00294717
0.00288461
0.00277548
0.00267567
0.0025892
0.00251656
0.00245871
0.00241839
0.00240183
0.00242184
0.00244005
0.00170782
0.0010572
0.00126806
0.00130765
0.00130655
0.0012998
0.00130418
0.0013168
0.0013353
0.00135814
0.0013846
0.00141438
0.0014475
0.00148414
0.00152453
0.00156904
0.00161815
0.00167255
0.00173312
0.00180106
0.00187828
0.00196406
0.00205994
0.00216612
0.00228346
0.00241353
0.00255042
0.00269528
0.00284883
0.00294884
0.00288621
0.00277694
0.00267703
0.0025905
0.00251781
0.00245989
0.00241949
0.00240292
0.00242295
0.00244104
0.00170829
0.0010572
0.00126806
0.00130766
0.00130656
0.00129982
0.00130421
0.00131683
0.00133535
0.0013582
0.00138467
0.00141447
0.0014476
0.00148426
0.00152468
0.0015692
0.00161835
0.00167278
0.00173337
0.00180136
0.00187864
0.00196447
0.00206042
0.00216667
0.0022841
0.00241426
0.00255124
0.0026962
0.00284985
0.00294994
0.00288728
0.00277793
0.00267792
0.00259132
0.00251859
0.00246065
0.00242022
0.00240365
0.00242371
0.00244174
0.00170862
0.00105719
0.00126806
0.00130766
0.00130657
0.00129984
0.00130423
0.00131687
0.00133539
0.00135825
0.00138473
0.00141454
0.00144769
0.00148437
0.00152479
0.00156934
0.0016185
0.00167296
0.00173359
0.00180161
0.00187892
0.0019648
0.00206081
0.00216712
0.00228462
0.00241486
0.00255191
0.00269694
0.00285069
0.00295085
0.00288813
0.00277873
0.00267867
0.002592
0.00251922
0.00246124
0.00242078
0.00240419
0.00242426
0.00244225
0.00170888
0.00105719
0.00126807
0.00130766
0.00130658
0.00129984
0.00130424
0.00131688
0.00133541
0.00135827
0.00138476
0.00141458
0.00144774
0.00148443
0.00152487
0.00156942
0.0016186
0.00167308
0.00173372
0.00180177
0.00187912
0.00196503
0.00206107
0.00216743
0.00228497
0.00241527
0.00255237
0.00269745
0.00285125
0.00295147
0.00288872
0.00277926
0.00267917
0.00259248
0.00251967
0.00246167
0.00242119
0.00240459
0.00242466
0.00244262
0.00170907
0.00105719
0.00126807
0.00130767
0.00130658
0.00129985
0.00130426
0.0013169
0.00133543
0.0013583
0.0013848
0.00141462
0.00144779
0.00148449
0.00152494
0.0015695
0.0016187
0.00167319
0.00173385
0.00180191
0.00187929
0.00196523
0.0020613
0.0021677
0.00228529
0.00241563
0.00255277
0.0026979
0.00285176
0.002952
0.00288924
0.00277973
0.00267959
0.00259286
0.00252002
0.00246201
0.00242152
0.00240491
0.00242498
0.00244291
0.00170921
0.00105719
0.00126807
0.00130767
0.00130659
0.00129986
0.00130427
0.00131691
0.00133544
0.00135832
0.00138482
0.00141465
0.00144782
0.00148452
0.00152498
0.00156955
0.00161876
0.00167325
0.00173393
0.00180201
0.0018794
0.00196536
0.00206146
0.00216789
0.0022855
0.00241588
0.00255304
0.0026982
0.0028521
0.00295238
0.00288961
0.00278007
0.00267991
0.00259315
0.0025203
0.00246227
0.00242177
0.00240516
0.00242523
0.00244314
0.00170933
0.00105719
0.00126807
0.00130767
0.00130659
0.00129987
0.00130427
0.00131692
0.00133546
0.00135833
0.00138484
0.00141467
0.00144784
0.00148455
0.00152502
0.0015696
0.00161881
0.00167332
0.00173401
0.0018021
0.00187951
0.00196549
0.0020616
0.00216805
0.0022857
0.0024161
0.00255329
0.00269848
0.0028524
0.00295271
0.00288993
0.00278036
0.00268017
0.0025934
0.00252052
0.00246247
0.00242197
0.00240535
0.00242543
0.00244333
0.00170943
0.00105719
0.00126807
0.00130768
0.00130659
0.00129987
0.00130428
0.00131692
0.00133546
0.00135834
0.00138485
0.00141469
0.00144786
0.00148458
0.00152504
0.00156963
0.00161885
0.00167336
0.00173406
0.00180216
0.00187959
0.00196558
0.00206171
0.00216818
0.00228584
0.00241627
0.00255348
0.00269869
0.00285264
0.00295297
0.00289018
0.00278059
0.00268038
0.0025936
0.00252071
0.00246265
0.00242213
0.00240551
0.00242559
0.00244348
0.00170951
0.00105719
0.00126807
0.00130768
0.0013066
0.00129987
0.00130428
0.00131693
0.00133547
0.00135835
0.00138486
0.0014147
0.00144788
0.0014846
0.00152507
0.00156966
0.00161888
0.0016734
0.00173411
0.00180222
0.00187965
0.00196566
0.0020618
0.00216829
0.00228597
0.00241642
0.00255364
0.00269887
0.00285285
0.00295319
0.0028904
0.00278079
0.00268056
0.00259377
0.00252086
0.0024628
0.00242227
0.00240565
0.00242573
0.00244361
0.00170958
0.00105719
0.00126807
0.00130768
0.0013066
0.00129987
0.00130428
0.00131693
0.00133548
0.00135836
0.00138487
0.00141471
0.00144789
0.00148461
0.00152509
0.00156969
0.00161891
0.00167344
0.00173415
0.00180227
0.00187971
0.00196573
0.00206189
0.00216839
0.00228609
0.00241656
0.0025538
0.00269904
0.00285304
0.0029534
0.0028906
0.00278098
0.00268073
0.00259392
0.00252101
0.00246293
0.0024224
0.00240577
0.00242585
0.00244372
0.00170964
0.00105719
0.00126807
0.00130768
0.0013066
0.00129987
0.00130429
0.00131694
0.00133548
0.00135837
0.00138488
0.00141472
0.00144791
0.00148463
0.00152511
0.00156971
0.00161894
0.00167347
0.00173418
0.00180231
0.00187977
0.00196579
0.00206196
0.00216848
0.0022862
0.00241668
0.00255394
0.00269919
0.00285321
0.00295359
0.00289078
0.00278114
0.00268088
0.00259406
0.00252113
0.00246304
0.00242251
0.00240588
0.00242595
0.00244382
0.0017097
0.00105719
0.00126807
0.00130768
0.0013066
0.00129988
0.00130429
0.00131694
0.00133549
0.00135837
0.00138489
0.00141473
0.00144792
0.00148464
0.00152513
0.00156973
0.00161896
0.0016735
0.00173422
0.00180235
0.00187981
0.00196584
0.00206203
0.00216856
0.00228629
0.00241679
0.00255406
0.00269933
0.00285337
0.00295377
0.00289095
0.00278129
0.00268102
0.00259418
0.00252124
0.00246314
0.0024226
0.00240597
0.00242604
0.00244391
0.00170975
0.00105719
0.00126807
0.00130768
0.0013066
0.00129988
0.00130429
0.00131695
0.00133549
0.00135838
0.00138489
0.00141474
0.00144793
0.00148466
0.00152514
0.00156975
0.00161898
0.00167352
0.00173425
0.00180238
0.00187986
0.0019659
0.00206209
0.00216863
0.00228638
0.0024169
0.00255418
0.00269945
0.00285351
0.00295392
0.00289109
0.00278142
0.00268113
0.00259428
0.00252134
0.00246323
0.00242268
0.00240605
0.00242612
0.00244398
0.00170979
0.00105719
0.00126807
0.00130768
0.0013066
0.00129988
0.00130429
0.00131695
0.00133549
0.00135838
0.0013849
0.00141475
0.00144794
0.00148467
0.00152515
0.00156976
0.001619
0.00167354
0.00173427
0.00180241
0.00187989
0.00196594
0.00206214
0.0021687
0.00228646
0.00241699
0.00255427
0.00269956
0.00285362
0.00295404
0.00289121
0.00278153
0.00268122
0.00259437
0.00252141
0.0024633
0.00242275
0.00240611
0.00242618
0.00244404
0.00170982
0.00105719
0.00126807
0.00130768
0.0013066
0.00129988
0.00130429
0.00131695
0.00133549
0.00135838
0.0013849
0.00141475
0.00144794
0.00148467
0.00152515
0.00156976
0.00161901
0.00167355
0.00173428
0.00180242
0.0018799
0.00196595
0.00206216
0.00216871
0.00228648
0.00241701
0.0025543
0.00269959
0.00285366
0.00295408
0.00289125
0.00278155
0.00268125
0.00259439
0.00252143
0.00246332
0.00242277
0.00240613
0.00242619
0.00244405
0.00170984
0.00105719
0.00126807
0.00130768
0.0013066
0.00129988
0.00130429
0.00131695
0.00133549
0.00135838
0.0013849
0.00141475
0.00144793
0.00148466
0.00152515
0.00156976
0.001619
0.00167354
0.00173427
0.00180241
0.00187989
0.00196593
0.00206213
0.00216868
0.00228643
0.00241696
0.00255423
0.00269951
0.00285357
0.00295398
0.00289115
0.00278147
0.00268117
0.00259432
0.00252137
0.00246326
0.00242271
0.00240607
0.00242614
0.002444
0.0017098
0.00105719
0.00126807
0.00130768
0.0013066
0.00129988
0.00130429
0.00131695
0.00133549
0.00135838
0.00138489
0.00141474
0.00144793
0.00148466
0.00152514
0.00156975
0.00161899
0.00167352
0.00173425
0.00180239
0.00187986
0.0019659
0.00206209
0.00216863
0.00228638
0.00241689
0.00255415
0.00269941
0.00285346
0.00295385
0.00289102
0.00278136
0.00268107
0.00259423
0.00252129
0.00246318
0.00242263
0.002406
0.00242607
0.00244393
0.00170976
0.00105719
0.00126807
0.00130768
0.0013066
0.00129988
0.00130429
0.00131694
0.00133549
0.00135838
0.00138489
0.00141474
0.00144792
0.00148465
0.00152513
0.00156974
0.00161897
0.00167351
0.00173423
0.00180236
0.00187983
0.00196586
0.00206205
0.00216858
0.00228631
0.0024168
0.00255405
0.00269929
0.00285331
0.00295368
0.00289087
0.00278122
0.00268095
0.00259411
0.00252118
0.00246308
0.00242254
0.00240591
0.00242598
0.00244384
0.00170971
0.00105719
0.00126807
0.00130768
0.0013066
0.00129987
0.00130429
0.00131694
0.00133548
0.00135837
0.00138488
0.00141473
0.00144791
0.00148464
0.00152512
0.00156972
0.00161895
0.00167348
0.0017342
0.00180233
0.00187979
0.00196581
0.00206199
0.0021685
0.00228622
0.0024167
0.00255393
0.00269914
0.00285314
0.00295351
0.00289071
0.00278106
0.0026808
0.00259398
0.00252105
0.00246297
0.00242243
0.0024058
0.00242588
0.00244375
0.00170966
0.00105719
0.00126807
0.00130767
0.00130659
0.00129987
0.00130428
0.00131693
0.00133548
0.00135836
0.00138487
0.00141471
0.0014479
0.00148462
0.0015251
0.0015697
0.00161893
0.00167345
0.00173416
0.00180229
0.00187974
0.00196575
0.00206191
0.00216841
0.00228612
0.00241658
0.00255377
0.00269897
0.00285294
0.0029533
0.00289049
0.00278086
0.00268063
0.00259382
0.00252091
0.00246283
0.0024223
0.00240568
0.00242575
0.00244363
0.00170959
0.00105719
0.00126807
0.00130767
0.00130659
0.00129987
0.00130428
0.00131693
0.00133547
0.00135835
0.00138486
0.0014147
0.00144788
0.0014846
0.00152507
0.00156966
0.00161889
0.00167341
0.00173411
0.00180223
0.00187967
0.00196567
0.00206182
0.0021683
0.00228598
0.00241642
0.00255359
0.00269876
0.00285271
0.00295302
0.00289022
0.00278063
0.00268042
0.00259363
0.00252072
0.00246266
0.00242214
0.00240553
0.00242559
0.00244348
0.00170951
0.00105719
0.00126807
0.00130767
0.00130659
0.00129986
0.00130427
0.00131692
0.00133546
0.00135834
0.00138484
0.00141468
0.00144786
0.00148457
0.00152504
0.00156963
0.00161885
0.00167337
0.00173406
0.00180217
0.0018796
0.00196559
0.00206172
0.00216818
0.00228584
0.00241625
0.0025534
0.00269854
0.00285244
0.00295272
0.00288996
0.00278039
0.00268019
0.00259342
0.00252053
0.00246248
0.00242197
0.00240536
0.00242542
0.00244333
0.00170943
0.00105719
0.00126806
0.00130767
0.00130658
0.00129986
0.00130426
0.00131691
0.00133544
0.00135832
0.00138482
0.00141466
0.00144783
0.00148454
0.001525
0.00156958
0.0016188
0.0016733
0.00173399
0.00180208
0.0018795
0.00196547
0.00206158
0.00216802
0.00228565
0.00241603
0.00255314
0.00269823
0.00285209
0.00295237
0.00288962
0.00278006
0.00267989
0.00259314
0.00252027
0.00246223
0.00242174
0.00240514
0.0024252
0.00244311
0.00170932
0.00105719
0.00126806
0.00130766
0.00130658
0.00129985
0.00130426
0.0013169
0.00133543
0.00135831
0.00138481
0.00141464
0.0014478
0.00148451
0.00152496
0.00156954
0.00161874
0.00167324
0.00173392
0.001802
0.0018794
0.00196535
0.00206143
0.00216785
0.00228545
0.00241579
0.00255286
0.00269791
0.00285175
0.00295199
0.00288922
0.00277971
0.00267958
0.00259284
0.00251998
0.00246199
0.00242151
0.00240489
0.00242496
0.00244292
0.00170921
0.00105719
0.00126806
0.00130766
0.00130658
0.00129984
0.00130425
0.00131689
0.00133542
0.00135829
0.00138478
0.0014146
0.00144776
0.00148446
0.00152491
0.00156948
0.00161867
0.00167316
0.00173382
0.00180188
0.00187926
0.00196519
0.00206125
0.00216763
0.00228519
0.00241548
0.0025525
0.00269751
0.00285128
0.00295145
0.00288873
0.00277928
0.00267914
0.00259244
0.00251964
0.00246166
0.00242118
0.00240457
0.00242466
0.0024426
0.00170905
0.0010572
0.00126807
0.00130767
0.00130657
0.00129984
0.00130424
0.00131688
0.0013354
0.00135826
0.00138475
0.00141457
0.00144772
0.00148441
0.00152485
0.0015694
0.00161858
0.00167305
0.0017337
0.00180174
0.00187909
0.00196499
0.00206102
0.00216736
0.00228487
0.00241511
0.00255207
0.002697
0.00285069
0.00295082
0.00288813
0.00277868
0.00267861
0.00259198
0.00251921
0.00246122
0.00242076
0.0024042
0.00242424
0.00244223
0.00170888
0.0010572
0.00126807
0.00130767
0.00130658
0.00129984
0.00130424
0.00131687
0.00133538
0.00135824
0.00138472
0.00141453
0.00144767
0.00148435
0.00152478
0.00156932
0.00161848
0.00167294
0.00173356
0.00180158
0.0018789
0.00196476
0.00206074
0.00216703
0.00228449
0.00241465
0.00255153
0.00269638
0.00284998
0.00295004
0.00288736
0.00277798
0.002678
0.0025914
0.00251863
0.00246068
0.0024203
0.00240368
0.00242367
0.00244178
0.00170865
0.00105722
0.00126808
0.00130768
0.00130658
0.00129984
0.00130422
0.00131684
0.00133535
0.0013582
0.00138466
0.00141446
0.00144759
0.00148424
0.00152465
0.00156917
0.00161831
0.00167274
0.00173333
0.00180131
0.00187858
0.00196439
0.00206031
0.00216653
0.00228389
0.00241396
0.00255073
0.00269545
0.00284891
0.00294888
0.00288624
0.00277701
0.00267709
0.00259051
0.0025178
0.00245996
0.00241952
0.00240293
0.002423
0.00244108
0.0017083
0.00105724
0.0012681
0.00130769
0.00130659
0.00129983
0.00130421
0.00131682
0.00133531
0.00135814
0.00138459
0.00141436
0.00144747
0.0014841
0.00152448
0.00156897
0.00161808
0.00167246
0.00173301
0.00180093
0.00187814
0.00196388
0.0020597
0.00216582
0.00228307
0.00241299
0.0025496
0.00269417
0.00284747
0.0029473
0.00288479
0.00277564
0.00267577
0.00258931
0.00251675
0.00245889
0.00241847
0.00240193
0.00242195
0.00244014
0.00170786
0.00105727
0.00126814
0.00130772
0.0013066
0.00129984
0.0013042
0.00131679
0.00133526
0.00135806
0.00138448
0.00141423
0.0014473
0.0014839
0.00152424
0.00156869
0.00161775
0.00167207
0.00173256
0.0018004
0.00187752
0.00196314
0.00205885
0.00216482
0.0022819
0.00241162
0.00254802
0.00269235
0.00284542
0.00294508
0.00288261
0.00277359
0.00267391
0.00258765
0.00251507
0.00245727
0.00241699
0.00240043
0.00242041
0.00243877
0.00170722
0.00105734
0.0012682
0.00130777
0.00130663
0.00129985
0.00130418
0.00131674
0.00133518
0.00135795
0.00138432
0.00141402
0.00144705
0.00148359
0.00152387
0.00156825
0.00161723
0.00167147
0.00173185
0.00179958
0.00187655
0.00196201
0.00205752
0.00216327
0.00228009
0.0024095
0.00254557
0.00268955
0.00284221
0.00294161
0.00287924
0.0027705
0.00267112
0.00258493
0.00251255
0.00245493
0.00241467
0.00239808
0.00241802
0.00243663
0.00170631
0.00105744
0.0012683
0.00130785
0.00130668
0.00129985
0.00130414
0.00131664
0.00133502
0.00135772
0.00138403
0.00141365
0.00144659
0.00148304
0.00152322
0.00156748
0.00161633
0.00167042
0.00173064
0.00179817
0.0018749
0.00196009
0.00205529
0.00216068
0.00227708
0.00240602
0.00254158
0.00268504
0.00283716
0.00293612
0.00287402
0.00276572
0.00266656
0.0025806
0.00250854
0.00245108
0.00241092
0.0023944
0.00241423
0.00243338
0.00170486
0.00105763
0.00126848
0.00130803
0.00130684
0.00129998
0.00130423
0.0013167
0.00133502
0.00135766
0.00138391
0.00141346
0.00144634
0.00148271
0.00152281
0.00156698
0.00161574
0.00166972
0.00172981
0.0017972
0.00187376
0.00195877
0.00205379
0.00215902
0.00227531
0.00240422
0.00253993
0.00268343
0.00283538
0.0029345
0.00287269
0.00276421
0.00266509
0.00257929
0.00250707
0.00244954
0.00240936
0.00239275
0.00241245
0.00243238
0.00170534
0.00105909
0.00126968
0.0013092
0.0013083
0.00130213
0.00130733
0.0013209
0.00134046
0.00136448
0.00139226
0.00142351
0.00145827
0.00149674
0.00153917
0.00158596
0.00163767
0.00169502
0.00175899
0.00183091
0.00191291
0.00200414
0.00210644
0.00222012
0.00234616
0.00248604
0.00263176
0.00278568
0.00295032
0.00306676
0.00300727
0.00288837
0.00277945
0.00268521
0.00260617
0.0025433
0.00249935
0.00248113
0.00250177
0.00251041
0.00173829
0.000291263
0.000319618
0.000352123
0.000369154
0.000381728
0.000391953
0.000401255
0.00041039
0.000419856
0.000430071
0.000441441
0.000454433
0.000469631
0.000487819
0.000510104
0.000538116
0.000574339
0.000622612
0.000688205
0.000755449
0.00083491
0.000930935
0.000964325
0.000899764
0.000845762
0.000801097
0.000764069
0.00073327
0.000705702
0.00067658
0.000647181
0.00061958
0.000594618
0.000572477
0.000553026
0.000535958
0.000520739
0.000505983
0.000493228
0.000432521
0.000291218
0.000319478
0.000351871
0.000368824
0.000381338
0.000391507
0.000400754
0.000409832
0.000419227
0.000429347
0.000440596
0.00045343
0.000468416
0.000486305
0.000508152
0.000535494
0.000570635
0.000617041
0.000679142
0.000742529
0.000817468
0.000907672
0.000938893
0.000878838
0.0008284
0.00078654
0.000751757
0.000722757
0.000696426
0.000668336
0.000640043
0.000613508
0.000589517
0.000568234
0.000549541
0.000533175
0.000518662
0.000504824
0.000492239
0.000431887
0.000291221
0.000319491
0.0003519
0.00036886
0.000381381
0.000391557
0.000400807
0.000409893
0.000419301
0.000429439
0.000440711
0.000453574
0.000468598
0.000486543
0.000508471
0.000535939
0.000571286
0.000618048
0.000680808
0.000744469
0.000819958
0.000910896
0.00094234
0.000881553
0.000830517
0.000788167
0.000752987
0.000723666
0.000697078
0.000668809
0.000640398
0.000613779
0.000589727
0.000568403
0.000549681
0.000533302
0.000518804
0.000504951
0.000492374
0.000432012
0.000291223
0.000319497
0.000351913
0.000368881
0.00038141
0.000391596
0.000400855
0.000409949
0.000419367
0.000429518
0.000440807
0.000453691
0.000468744
0.000486729
0.000508715
0.00053627
0.000571753
0.000618746
0.000681924
0.000745775
0.000821639
0.000913073
0.000944707
0.000883501
0.000832127
0.000789504
0.000754102
0.000724603
0.000697867
0.000669472
0.000640956
0.000614249
0.000590118
0.000568725
0.000549934
0.000533482
0.000518933
0.000505053
0.000492474
0.000432098
0.000291224
0.0003195
0.00035192
0.000368891
0.000381424
0.000391615
0.00040088
0.00040998
0.000419405
0.000429564
0.000440863
0.000453761
0.000468832
0.000486841
0.000508862
0.00053647
0.000572036
0.000619169
0.000682599
0.000746553
0.000822637
0.000914364
0.000946115
0.000884668
0.000833097
0.000790316
0.000754789
0.00072519
0.000698375
0.000669909
0.000641329
0.000614566
0.00059039
0.000568964
0.000550153
0.000533674
0.000519082
0.000505165
0.000492574
0.000432172
0.000291224
0.000319502
0.000351924
0.000368897
0.000381432
0.000391625
0.000400893
0.000409997
0.000419426
0.00042959
0.000440895
0.000453801
0.000468883
0.000486907
0.000508951
0.000536591
0.000572211
0.000619433
0.000683025
0.000747032
0.000823252
0.000915161
0.000946989
0.000885394
0.000833703
0.000790823
0.000755217
0.000725554
0.000698687
0.000670176
0.000641557
0.00061476
0.00059055
0.00056909
0.000550259
0.000533769
0.000519161
0.000505226
0.000492633
0.000432221
0.000291224
0.000319502
0.000351926
0.000368902
0.000381438
0.000391634
0.000400905
0.000410011
0.000419444
0.000429612
0.000440923
0.000453835
0.000468926
0.000486962
0.000509023
0.000536689
0.000572349
0.000619638
0.000683352
0.000747398
0.000823718
0.000915758
0.000947644
0.000885942
0.000834163
0.000791212
0.000755548
0.000725841
0.000698938
0.000670394
0.000641743
0.000614921
0.000590694
0.000569216
0.000550363
0.000533856
0.000519232
0.000505279
0.000492679
0.000432259
0.000291224
0.000319503
0.000351926
0.000368903
0.00038144
0.000391637
0.000400909
0.000410017
0.000419452
0.000429623
0.000440936
0.000453853
0.000468949
0.000486993
0.000509065
0.000536749
0.000572435
0.000619769
0.000683564
0.000747628
0.00082401
0.000916134
0.000948062
0.000886291
0.000834454
0.000791456
0.000755754
0.000726017
0.000699091
0.000670526
0.000641856
0.000615014
0.000590772
0.000569286
0.000550426
0.000533911
0.00051928
0.000505318
0.000492711
0.000432285
0.000291224
0.000319503
0.000351928
0.000368905
0.000381444
0.000391642
0.000400916
0.000410025
0.000419461
0.000429635
0.000440951
0.000453872
0.000468974
0.000487026
0.000509109
0.000536808
0.000572518
0.000619892
0.000683758
0.000747841
0.00082428
0.000916478
0.000948443
0.000886611
0.000834725
0.000791686
0.000755952
0.00072619
0.000699242
0.000670658
0.000641972
0.000615115
0.000590856
0.000569356
0.000550485
0.000533962
0.000519323
0.000505354
0.000492741
0.000432309
0.000291223
0.000319503
0.000351928
0.000368906
0.000381445
0.000391643
0.000400918
0.000410028
0.000419466
0.000429641
0.000440959
0.000453883
0.000468989
0.000487046
0.000509136
0.000536846
0.000572573
0.000619976
0.000683893
0.000747984
0.000824461
0.000916711
0.000948703
0.000886831
0.00083491
0.000791844
0.000756086
0.000726306
0.000699344
0.000670746
0.000642048
0.000615182
0.000590916
0.000569408
0.000550529
0.000534
0.000519356
0.000505381
0.000492766
0.000432327
0.000291223
0.000319503
0.000351929
0.000368907
0.000381447
0.000391646
0.000400921
0.000410032
0.000419471
0.000429648
0.000440969
0.000453895
0.000469005
0.000487067
0.000509164
0.000536884
0.000572627
0.000620055
0.000684018
0.000748119
0.000824632
0.000916929
0.000948946
0.000887037
0.000835086
0.000791995
0.000756217
0.00072642
0.000699445
0.000670834
0.000642122
0.000615245
0.00059097
0.000569454
0.000550568
0.000534034
0.000519384
0.000505404
0.000492786
0.000432343
0.000291223
0.000319503
0.000351929
0.000368908
0.000381448
0.000391647
0.000400923
0.000410034
0.000419474
0.000429652
0.000440975
0.000453903
0.000469016
0.000487082
0.000509184
0.000536912
0.000572667
0.000620115
0.000684114
0.00074822
0.00082476
0.000917093
0.000949132
0.000887197
0.000835222
0.000792111
0.000756317
0.000726507
0.000699522
0.000670902
0.000642182
0.000615296
0.000591013
0.000569492
0.000550601
0.000534061
0.000519408
0.000505423
0.000492803
0.000432357
0.000291223
0.000319503
0.00035193
0.000368908
0.000381449
0.000391648
0.000400924
0.000410037
0.000419477
0.000429657
0.000440981
0.000453911
0.000469026
0.000487095
0.000509203
0.000536937
0.000572702
0.000620168
0.0006842
0.000748311
0.000824875
0.000917239
0.000949299
0.000887339
0.000835344
0.000792215
0.000756407
0.000726585
0.00069959
0.000670961
0.000642233
0.00061534
0.00059105
0.000569524
0.000550628
0.000534085
0.000519428
0.00050544
0.000492817
0.000432368
0.000291223
0.000319503
0.00035193
0.000368909
0.000381449
0.000391649
0.000400925
0.000410039
0.00041948
0.00042966
0.000440985
0.000453917
0.000469034
0.000487106
0.000509217
0.000536957
0.000572732
0.000620213
0.000684272
0.000748386
0.00082497
0.000917361
0.000949439
0.00088746
0.000835446
0.000792303
0.000756483
0.000726651
0.000699648
0.000671011
0.000642276
0.000615378
0.000591082
0.000569551
0.000550651
0.000534105
0.000519445
0.000505454
0.000492829
0.000432378
0.000291223
0.000319503
0.00035193
0.000368909
0.000381449
0.000391649
0.000400926
0.00041004
0.000419482
0.000429663
0.000440989
0.000453922
0.000469041
0.000487115
0.000509229
0.000536974
0.000572757
0.000620251
0.000684336
0.000748452
0.000825053
0.000917468
0.00094956
0.000887563
0.000835534
0.000792378
0.000756547
0.000726707
0.000699697
0.000671055
0.000642313
0.000615409
0.00059111
0.000569574
0.000550672
0.000534122
0.00051946
0.000505466
0.00049284
0.000432386
0.000291223
0.000319503
0.00035193
0.000368909
0.00038145
0.00039165
0.000400927
0.000410041
0.000419484
0.000429665
0.000440992
0.000453927
0.000469047
0.000487123
0.00050924
0.00053699
0.000572779
0.000620286
0.000684394
0.000748511
0.000825128
0.000917564
0.000949668
0.000887657
0.000835614
0.000792445
0.000756605
0.000726757
0.000699741
0.000671093
0.000642346
0.000615438
0.000591134
0.000569595
0.000550689
0.000534137
0.000519473
0.000505478
0.00049285
0.000432394
0.000291223
0.000319503
0.00035193
0.000368909
0.00038145
0.00039165
0.000400928
0.000410042
0.000419485
0.000429667
0.000440995
0.00045393
0.000469051
0.000487129
0.00050925
0.000537004
0.0005728
0.000620318
0.000684446
0.000748564
0.000825195
0.000917649
0.000949765
0.000887739
0.000835684
0.000792505
0.000756656
0.000726802
0.000699781
0.000671128
0.000642376
0.000615463
0.000591156
0.000569614
0.000550706
0.000534151
0.000519485
0.000505488
0.000492859
0.000432401
0.000291223
0.000319503
0.00035193
0.000368909
0.00038145
0.000391651
0.000400929
0.000410043
0.000419487
0.000429669
0.000440997
0.000453934
0.000469056
0.000487136
0.000509259
0.000537017
0.000572819
0.000620349
0.000684496
0.000748614
0.000825257
0.000917727
0.000949855
0.000887814
0.000835748
0.000792559
0.000756703
0.000726843
0.000699817
0.000671159
0.000642404
0.000615487
0.000591176
0.000569631
0.000550721
0.000534164
0.000519496
0.000505498
0.000492868
0.000432409
0.000291223
0.000319503
0.00035193
0.000368909
0.00038145
0.000391651
0.000400929
0.000410044
0.000419488
0.000429671
0.000441
0.000453937
0.00046906
0.000487142
0.000509268
0.00053703
0.000572839
0.000620378
0.000684544
0.000748661
0.000825316
0.000917802
0.000949938
0.000887884
0.000835807
0.000792609
0.000756746
0.000726881
0.00069985
0.000671188
0.000642429
0.000615509
0.000591194
0.000569647
0.000550735
0.000534176
0.000519507
0.000505507
0.000492876
0.000432415
0.000291222
0.000319503
0.00035193
0.000368909
0.00038145
0.000391652
0.00040093
0.000410045
0.000419489
0.000429673
0.000441002
0.00045394
0.000469065
0.000487148
0.000509277
0.000537043
0.000572858
0.000620407
0.000684591
0.000748706
0.000825372
0.000917872
0.000950017
0.00088795
0.000835863
0.000792657
0.000756787
0.000726916
0.000699882
0.000671216
0.000642453
0.00061553
0.000591213
0.000569663
0.000550748
0.000534188
0.000519517
0.000505516
0.000492884
0.000432422
0.000291222
0.000319503
0.00035193
0.000368909
0.00038145
0.000391652
0.00040093
0.000410045
0.000419489
0.000429673
0.000441002
0.00045394
0.000469065
0.000487149
0.000509278
0.000537045
0.000572861
0.000620412
0.000684599
0.000748714
0.000825381
0.000917884
0.000950031
0.000887963
0.000835873
0.000792665
0.000756794
0.000726922
0.000699887
0.000671221
0.000642457
0.000615533
0.000591216
0.000569666
0.000550751
0.00053419
0.000519519
0.000505518
0.000492886
0.000432423
0.000291222
0.000319503
0.000351929
0.000368909
0.00038145
0.000391651
0.00040093
0.000410045
0.000419488
0.000429671
0.000441
0.000453938
0.000469063
0.000487146
0.000509274
0.000537038
0.000572851
0.000620397
0.000684575
0.00074868
0.000825337
0.000917824
0.000949965
0.000887907
0.000835825
0.000792623
0.000756757
0.00072689
0.000699858
0.000671195
0.000642435
0.000615515
0.000591199
0.000569652
0.000550739
0.00053418
0.00051951
0.00050551
0.000492879
0.000432418
0.000291222
0.000319503
0.000351929
0.000368909
0.00038145
0.000391651
0.000400929
0.000410044
0.000419487
0.00042967
0.000440999
0.000453936
0.00046906
0.000487142
0.000509268
0.000537031
0.00057284
0.00062038
0.000684546
0.000748639
0.000825281
0.00091775
0.00094988
0.000887835
0.000835763
0.000792569
0.00075671
0.000726848
0.000699821
0.000671162
0.000642407
0.00061549
0.000591178
0.000569634
0.000550723
0.000534166
0.000519498
0.0005055
0.00049287
0.000432411
0.000291222
0.000319503
0.000351929
0.000368909
0.00038145
0.000391651
0.000400929
0.000410043
0.000419486
0.000429669
0.000440997
0.000453934
0.000469057
0.000487138
0.000509263
0.000537022
0.000572827
0.000620359
0.000684512
0.000748593
0.000825219
0.000917669
0.000949787
0.000887755
0.000835696
0.000792512
0.00075666
0.000726803
0.000699781
0.000671127
0.000642376
0.000615463
0.000591156
0.000569614
0.000550706
0.000534152
0.000519485
0.000505489
0.00049286
0.000432403
0.000291222
0.000319503
0.000351929
0.000368909
0.00038145
0.00039165
0.000400928
0.000410042
0.000419485
0.000429667
0.000440995
0.000453931
0.000469053
0.000487133
0.000509255
0.000537012
0.000572813
0.000620337
0.000684477
0.000748544
0.000825151
0.000917579
0.000949686
0.00088767
0.000835624
0.000792449
0.000756605
0.000726754
0.000699738
0.00067109
0.000642343
0.000615435
0.000591131
0.000569593
0.000550688
0.000534137
0.000519472
0.000505477
0.000492851
0.000432395
0.000291223
0.000319503
0.000351929
0.000368908
0.000381449
0.00039165
0.000400927
0.000410041
0.000419483
0.000429665
0.000440993
0.000453928
0.000469049
0.000487127
0.000509247
0.000537
0.000572795
0.000620311
0.000684434
0.000748485
0.000825074
0.000917477
0.000949572
0.000887573
0.00083554
0.000792377
0.000756542
0.0007267
0.00069969
0.000671046
0.000642306
0.000615403
0.000591104
0.000569569
0.000550668
0.000534118
0.000519457
0.000505465
0.000492838
0.000432386
0.000291223
0.000319503
0.000351929
0.000368908
0.000381449
0.000391649
0.000400926
0.00041004
0.000419482
0.000429663
0.00044099
0.000453924
0.000469044
0.00048712
0.000509238
0.000536988
0.000572777
0.000620284
0.00068439
0.000748425
0.000824993
0.000917373
0.000949454
0.000887471
0.000835452
0.000792302
0.000756478
0.000726643
0.000699637
0.000671001
0.000642267
0.000615369
0.000591075
0.000569545
0.000550647
0.0005341
0.00051944
0.000505451
0.000492828
0.000432377
0.000291223
0.000319503
0.000351929
0.000368908
0.000381449
0.000391649
0.000400926
0.000410039
0.00041948
0.000429661
0.000440987
0.00045392
0.000469039
0.000487113
0.000509227
0.000536973
0.000572756
0.000620252
0.000684338
0.000748354
0.0008249
0.000917251
0.000949313
0.00088735
0.000835351
0.000792216
0.000756402
0.000726575
0.000699578
0.00067095
0.000642222
0.00061533
0.000591042
0.000569517
0.000550621
0.000534078
0.000519423
0.000505436
0.000492813
0.000432365
0.000291223
0.000319503
0.000351929
0.000368908
0.000381448
0.000391648
0.000400925
0.000410038
0.000419479
0.000429659
0.000440984
0.000453916
0.000469033
0.000487105
0.000509216
0.000536957
0.000572733
0.000620218
0.000684284
0.00074828
0.0008248
0.000917116
0.00094916
0.000887223
0.000835244
0.000792123
0.00075632
0.000726503
0.000699516
0.000670894
0.000642173
0.000615289
0.000591007
0.000569486
0.000550595
0.000534055
0.000519404
0.00050542
0.0004928
0.000432355
0.000291223
0.000319503
0.000351929
0.000368907
0.000381447
0.000391647
0.000400923
0.000410036
0.000419477
0.000429656
0.00044098
0.000453911
0.000469026
0.000487095
0.000509203
0.000536939
0.000572707
0.000620178
0.000684219
0.00074819
0.000824679
0.000916958
0.000948987
0.000887076
0.000835116
0.000792012
0.000756226
0.000726422
0.000699442
0.000670829
0.000642119
0.000615242
0.000590965
0.00056945
0.000550564
0.00053403
0.000519381
0.000505401
0.000492782
0.000432343
0.000291223
0.000319503
0.000351929
0.000368907
0.000381447
0.000391646
0.000400922
0.000410034
0.000419475
0.000429653
0.000440976
0.000453905
0.000469017
0.000487084
0.000509187
0.000536917
0.000572676
0.000620131
0.000684142
0.000748084
0.00082454
0.000916777
0.000948779
0.000886896
0.000834965
0.000791885
0.000756116
0.000726324
0.000699355
0.000670755
0.000642053
0.000615185
0.000590916
0.000569408
0.000550528
0.000533998
0.000519354
0.000505378
0.000492768
0.000432325
0.000291224
0.000319504
0.000351929
0.000368907
0.000381447
0.000391645
0.000400921
0.000410032
0.000419472
0.000429649
0.000440971
0.000453898
0.000469008
0.000487071
0.000509171
0.000536894
0.000572641
0.000620078
0.000684056
0.000747967
0.000824383
0.000916566
0.000948537
0.000886697
0.000834799
0.000791741
0.00075599
0.000726215
0.00069926
0.000670671
0.00064198
0.000615122
0.000590862
0.000569362
0.00055049
0.000533964
0.000519325
0.000505357
0.000492741
0.000432312
0.000291225
0.000319504
0.000351929
0.000368907
0.000381445
0.000391643
0.000400917
0.000410028
0.000419466
0.000429641
0.000440961
0.000453885
0.000468992
0.00048705
0.000509142
0.000536855
0.000572586
0.000619996
0.000683924
0.000747788
0.000824142
0.000916249
0.000948194
0.000886406
0.00083455
0.000791531
0.00075581
0.000726058
0.000699123
0.00067055
0.000641875
0.000615032
0.000590787
0.000569297
0.00055043
0.000533914
0.000519287
0.000505323
0.000492712
0.000432288
0.000291226
0.000319505
0.000351929
0.000368906
0.000381444
0.000391641
0.000400915
0.000410024
0.00041946
0.000429634
0.000440951
0.000453873
0.000468976
0.000487028
0.000509113
0.000536813
0.000572526
0.000619905
0.000683776
0.000747584
0.000823871
0.000915894
0.000947789
0.000886066
0.000834268
0.000791291
0.000755603
0.000725878
0.000698962
0.000670409
0.000641755
0.000614929
0.000590698
0.000569221
0.000550364
0.000533866
0.000519235
0.000505284
0.000492685
0.000432259
0.000291228
0.000319507
0.000351929
0.000368905
0.000381441
0.000391637
0.000400909
0.000410017
0.000419451
0.000429622
0.000440936
0.000453853
0.00046895
0.000486994
0.000509067
0.000536751
0.000572437
0.000619769
0.000683556
0.000747286
0.000823474
0.000915364
0.000947207
0.000885582
0.00083386
0.000790945
0.000755306
0.000725617
0.000698735
0.000670213
0.000641586
0.000614786
0.000590572
0.00056911
0.000550278
0.00053378
0.000519173
0.000505234
0.000492638
0.000432228
0.000291231
0.000319508
0.000351929
0.000368902
0.000381436
0.000391629
0.000400898
0.000410003
0.000419434
0.000429601
0.000440909
0.000453819
0.000468907
0.000486939
0.000508994
0.000536652
0.000572296
0.000619559
0.000683217
0.000746826
0.000822862
0.000914561
0.000946322
0.00088485
0.000833249
0.000790425
0.000754864
0.000725236
0.000698403
0.00066993
0.000641342
0.000614572
0.000590392
0.000568968
0.000550145
0.000533674
0.000519085
0.000505164
0.000492581
0.000432174
0.000291236
0.00031951
0.000351928
0.000368898
0.000381428
0.000391618
0.000400883
0.000409984
0.00041941
0.000429571
0.000440872
0.000453773
0.000468847
0.000486862
0.000508891
0.00053651
0.000572093
0.000619251
0.000682716
0.000746148
0.000821957
0.000913366
0.000945026
0.000883768
0.000832349
0.000789676
0.000754225
0.000724695
0.00069794
0.000669528
0.000641
0.000614285
0.000590154
0.00056875
0.000549971
0.00053353
0.000518953
0.000505071
0.000492485
0.000432108
0.000291242
0.000319513
0.000351924
0.000368888
0.000381414
0.000391598
0.000400857
0.000409951
0.000419369
0.000429521
0.00044081
0.000453696
0.00046875
0.000486735
0.000508722
0.000536277
0.000571758
0.000618742
0.000681884
0.000745021
0.000820462
0.000911392
0.000942857
0.000882001
0.000830891
0.000788467
0.000753221
0.000723848
0.000697221
0.000668921
0.000640488
0.000613857
0.000589787
0.00056845
0.000549715
0.000533311
0.000518791
0.000504947
0.000492383
0.000432015
0.000291254
0.000319516
0.000351917
0.000368871
0.000381387
0.000391564
0.000400815
0.0004099
0.000419307
0.000429446
0.000440718
0.000453581
0.000468604
0.000486545
0.000508466
0.000535918
0.00057123
0.000617918
0.000680504
0.000743163
0.000818
0.000908168
0.000939404
0.000879275
0.000828776
0.000786841
0.000751994
0.000722934
0.000696563
0.000668445
0.000640142
0.000613583
0.000589577
0.000568297
0.000549602
0.000533243
0.000518744
0.000504958
0.000492332
0.000431943
0.000291331
0.000319695
0.000352205
0.000369238
0.000381824
0.000392068
0.000401391
0.000410555
0.000420055
0.000430309
0.000441728
0.000454782
0.000470064
0.000488367
0.000510812
0.000539057
0.000575634
0.00062448
0.000691042
0.000757335
0.000836787
0.000932876
0.000966409
0.000901593
0.000847325
0.000802305
0.000764943
0.000733898
0.00070617
0.000676941
0.000647454
0.000619804
0.000594802
0.000572619
0.000553141
0.000536041
0.000520803
0.000506008
0.000493194
0.00043249
)
;

boundaryField
{
    front
    {
        type            calculated;
        value           nonuniform List<scalar> 
1600
(
0.0208687
0.0208759
0.0208787
0.0208808
0.0208826
0.0208842
0.0208852
0.0208859
0.0208862
0.0208863
0.0208862
0.020886
0.0208857
0.0208856
0.0208855
0.0208854
0.0208853
0.0208853
0.0208852
0.0208853
0.0208856
0.020886
0.0208863
0.0208865
0.0208867
0.0208869
0.0208874
0.0208884
0.0208894
0.0208893
0.0208879
0.020886
0.0208846
0.0208823
0.0208773
0.0208707
0.020859
0.0208384
0.0208115
0.0207635
0.0209173
0.0209233
0.0209261
0.0209282
0.0209301
0.0209316
0.0209327
0.0209333
0.0209336
0.0209338
0.0209337
0.0209334
0.0209332
0.0209331
0.020933
0.0209329
0.0209328
0.0209327
0.0209327
0.0209328
0.020933
0.0209334
0.0209337
0.0209339
0.0209342
0.0209344
0.0209349
0.0209359
0.0209368
0.0209367
0.0209353
0.0209335
0.0209321
0.0209296
0.0209247
0.020918
0.0209061
0.0208854
0.0208583
0.0208103
0.0210208
0.0210249
0.0210277
0.0210298
0.0210317
0.0210332
0.0210343
0.021035
0.0210353
0.0210354
0.0210354
0.0210351
0.0210348
0.0210347
0.0210346
0.0210345
0.0210344
0.0210344
0.0210344
0.0210344
0.0210347
0.0210351
0.0210353
0.0210355
0.0210358
0.021036
0.0210365
0.0210375
0.0210385
0.0210383
0.0210369
0.0210351
0.0210337
0.0210312
0.0210262
0.0210196
0.0210075
0.0209867
0.0209595
0.020913
0.0212123
0.0212137
0.0212165
0.0212186
0.0212205
0.0212221
0.0212232
0.0212239
0.0212242
0.0212244
0.0212243
0.021224
0.0212238
0.0212236
0.0212236
0.0212235
0.0212234
0.0212233
0.0212233
0.0212234
0.0212236
0.021224
0.0212242
0.0212244
0.0212247
0.021225
0.0212255
0.0212264
0.0212274
0.0212273
0.0212259
0.0212241
0.0212226
0.02122
0.021215
0.0212084
0.0211961
0.0211752
0.0211477
0.0211034
0.0215028
0.0215004
0.0215033
0.0215055
0.0215074
0.021509
0.0215101
0.0215108
0.0215111
0.0215113
0.0215112
0.0215109
0.0215107
0.0215106
0.0215105
0.0215104
0.0215103
0.0215102
0.0215102
0.0215103
0.0215105
0.0215109
0.0215111
0.0215113
0.0215116
0.0215119
0.0215124
0.0215133
0.0215143
0.0215142
0.0215128
0.021511
0.0215095
0.0215068
0.0215018
0.021495
0.0214826
0.0214614
0.0214334
0.0213924
0.0219035
0.021896
0.0218989
0.0219011
0.0219031
0.0219047
0.0219058
0.0219065
0.0219069
0.0219071
0.021907
0.0219067
0.0219064
0.0219063
0.0219063
0.0219062
0.021906
0.021906
0.021906
0.0219061
0.0219063
0.0219066
0.0219069
0.0219071
0.0219074
0.0219077
0.0219082
0.0219091
0.0219101
0.02191
0.0219086
0.0219067
0.0219052
0.0219025
0.0218973
0.0218905
0.0218778
0.0218563
0.0218278
0.0217909
0.0221092
0.0221064
0.0221092
0.0221114
0.0221133
0.0221148
0.0221159
0.0221166
0.022117
0.0221171
0.022117
0.0221168
0.0221165
0.0221164
0.0221164
0.0221163
0.0221162
0.0221161
0.0221161
0.0221162
0.0221164
0.0221167
0.0221169
0.0221171
0.0221174
0.0221178
0.0221182
0.0221191
0.02212
0.0221199
0.0221186
0.0221168
0.0221153
0.0221126
0.0221076
0.022101
0.0220886
0.0220678
0.0220401
0.0219998
0.0222072
0.0222065
0.0222093
0.0222114
0.0222133
0.0222148
0.0222159
0.0222166
0.022217
0.0222171
0.022217
0.0222168
0.0222165
0.0222164
0.0222164
0.0222163
0.0222162
0.0222161
0.0222161
0.0222162
0.0222164
0.0222167
0.0222169
0.0222171
0.0222174
0.0222177
0.0222182
0.022219
0.0222199
0.0222198
0.0222185
0.0222168
0.0222153
0.0222126
0.0222078
0.0222012
0.0221891
0.0221686
0.0221412
0.0220995
0.0222492
0.0222494
0.0222522
0.0222543
0.0222562
0.0222577
0.0222588
0.0222594
0.0222598
0.02226
0.0222599
0.0222596
0.0222594
0.0222593
0.0222592
0.0222591
0.022259
0.022259
0.022259
0.0222591
0.0222593
0.0222596
0.0222597
0.0222599
0.0222602
0.0222605
0.022261
0.0222618
0.0222626
0.0222626
0.0222613
0.0222596
0.0222581
0.0222555
0.0222507
0.0222441
0.0222321
0.0222119
0.0221847
0.0221425
0.0222616
0.0222621
0.0222649
0.022267
0.0222688
0.0222703
0.0222714
0.022272
0.0222724
0.0222726
0.0222725
0.0222723
0.022272
0.0222719
0.0222719
0.0222718
0.0222717
0.0222716
0.0222716
0.0222717
0.0222719
0.0222722
0.0222724
0.0222725
0.0222728
0.0222731
0.0222736
0.0222744
0.0222752
0.0222752
0.0222739
0.0222722
0.0222707
0.0222681
0.0222633
0.0222568
0.0222449
0.0222248
0.0221977
0.0221554
0.0197758
0.0198628
0.0198626
0.0198624
0.0198623
0.0198621
0.019862
0.0198619
0.0198618
0.0198618
0.0198617
0.0198617
0.0198617
0.0198616
0.0198616
0.0198615
0.0198615
0.0198615
0.0198614
0.0198614
0.0198614
0.0198614
0.0198614
0.0198614
0.0198613
0.0198613
0.0198614
0.0198614
0.0198614
0.0198614
0.0198615
0.0198617
0.0198619
0.0198621
0.0198623
0.0198627
0.0198635
0.0198646
0.0198665
0.019782
0.0168075
0.0168812
0.016881
0.0168808
0.0168807
0.0168805
0.0168804
0.0168804
0.0168803
0.0168802
0.0168802
0.0168801
0.0168801
0.01688
0.01688
0.01688
0.0168799
0.0168799
0.0168799
0.0168799
0.0168798
0.0168799
0.0168799
0.0168798
0.0168798
0.0168799
0.0168799
0.0168799
0.0168799
0.0168799
0.01688
0.0168802
0.0168803
0.0168804
0.0168807
0.0168811
0.0168818
0.0168829
0.0168844
0.0168128
0.0143642
0.014427
0.0144267
0.0144266
0.0144265
0.0144264
0.0144263
0.0144262
0.0144261
0.014426
0.014426
0.0144259
0.0144259
0.0144258
0.0144258
0.0144258
0.0144257
0.0144257
0.0144257
0.0144257
0.0144257
0.0144257
0.0144257
0.0144257
0.0144257
0.0144258
0.0144258
0.0144258
0.0144258
0.0144258
0.0144259
0.014426
0.0144261
0.0144262
0.0144266
0.0144269
0.0144274
0.0144284
0.0144297
0.0143687
0.0123292
0.0123828
0.0123826
0.0123825
0.0123824
0.0123823
0.0123822
0.0123821
0.012382
0.012382
0.0123819
0.0123819
0.0123818
0.0123818
0.0123817
0.0123817
0.0123817
0.0123817
0.0123817
0.0123816
0.0123816
0.0123816
0.0123816
0.0123817
0.0123817
0.0123817
0.0123817
0.0123817
0.0123817
0.0123818
0.0123819
0.0123819
0.012382
0.0123823
0.0123824
0.0123827
0.0123833
0.012384
0.0123851
0.0123332
0.0106177
0.0106636
0.0106634
0.0106633
0.0106632
0.0106631
0.010663
0.010663
0.0106629
0.0106628
0.0106628
0.0106628
0.0106627
0.0106627
0.0106627
0.0106626
0.0106626
0.0106626
0.0106626
0.0106626
0.0106625
0.0106625
0.0106626
0.0106626
0.0106626
0.0106626
0.0106626
0.0106626
0.0106626
0.0106627
0.0106628
0.0106628
0.010663
0.0106631
0.0106633
0.0106635
0.010664
0.0106646
0.0106657
0.0106212
0.00916665
0.00920607
0.00920591
0.00920582
0.00920574
0.00920566
0.0092056
0.00920554
0.00920549
0.00920544
0.0092054
0.00920537
0.00920534
0.00920531
0.00920528
0.00920525
0.00920523
0.00920522
0.00920521
0.0092052
0.00920519
0.0092052
0.0092052
0.0092052
0.00920522
0.00920524
0.00920525
0.00920526
0.00920528
0.00920531
0.00920537
0.0092055
0.0092056
0.00920563
0.00920588
0.00920611
0.00920642
0.0092071
0.00920801
0.00916985
0.00792863
0.00796252
0.00796237
0.0079623
0.00796222
0.00796215
0.0079621
0.00796204
0.00796199
0.00796195
0.00796191
0.00796188
0.00796184
0.0079618
0.00796178
0.00796175
0.00796173
0.00796171
0.0079617
0.00796169
0.00796169
0.00796169
0.00796169
0.0079617
0.00796171
0.00796172
0.00796173
0.00796175
0.00796176
0.00796179
0.00796188
0.00796197
0.00796199
0.00796215
0.00796229
0.00796248
0.00796286
0.00796338
0.00796419
0.0079313
0.006867
0.00689615
0.00689601
0.00689594
0.00689587
0.00689581
0.00689575
0.0068957
0.00689566
0.00689562
0.00689558
0.00689555
0.00689552
0.00689549
0.00689547
0.00689544
0.00689542
0.0068954
0.00689539
0.00689539
0.00689539
0.00689538
0.00689539
0.0068954
0.0068954
0.00689542
0.00689543
0.00689544
0.00689546
0.0068955
0.00689557
0.0068956
0.0068957
0.00689582
0.00689592
0.00689612
0.00689646
0.00689688
0.00689755
0.00686935
0.00595319
0.00597826
0.00597813
0.00597807
0.00597801
0.00597795
0.0059779
0.00597786
0.00597782
0.00597778
0.00597775
0.00597772
0.00597769
0.00597766
0.00597764
0.00597762
0.0059776
0.00597758
0.00597758
0.00597757
0.00597756
0.00597757
0.00597757
0.00597758
0.00597759
0.0059776
0.00597762
0.00597763
0.00597765
0.00597769
0.00597772
0.00597779
0.00597789
0.00597793
0.00597809
0.00597827
0.00597847
0.00597889
0.00597948
0.00595531
0.00516461
0.00518617
0.00518606
0.005186
0.00518595
0.0051859
0.00518585
0.0051858
0.00518576
0.00518573
0.00518569
0.00518566
0.00518564
0.00518561
0.00518559
0.00518557
0.00518555
0.00518554
0.00518553
0.00518552
0.00518552
0.00518552
0.00518552
0.00518553
0.00518554
0.00518556
0.00518557
0.00518559
0.00518561
0.00518563
0.00518568
0.00518576
0.0051858
0.0051859
0.005186
0.00518613
0.00518635
0.00518671
0.0051873
0.00516644
0.00448321
0.00450175
0.00450163
0.00450158
0.00450153
0.00450148
0.00450144
0.00450139
0.00450135
0.00450132
0.00450129
0.00450126
0.00450124
0.00450121
0.00450119
0.00450117
0.00450115
0.00450114
0.00450113
0.00450112
0.00450112
0.00450112
0.00450112
0.00450114
0.00450115
0.00450116
0.00450118
0.00450119
0.0045012
0.00450124
0.00450129
0.00450134
0.00450139
0.00450148
0.00450155
0.00450167
0.00450191
0.00450222
0.00450272
0.00448478
0.0038944
0.00391033
0.00391022
0.00391018
0.00391013
0.00391008
0.00391004
0.00391
0.00390996
0.00390993
0.0039099
0.00390988
0.00390985
0.00390983
0.00390981
0.00390979
0.00390978
0.00390977
0.00390976
0.00390976
0.00390975
0.00390975
0.00390976
0.00390976
0.00390977
0.00390979
0.0039098
0.00390982
0.00390984
0.00390987
0.00390991
0.00390996
0.00391002
0.00391005
0.00391017
0.00391029
0.00391047
0.00391075
0.00391116
0.00389584
0.00338636
0.00340003
0.00339993
0.00339989
0.00339984
0.0033998
0.00339976
0.00339972
0.00339969
0.00339965
0.00339962
0.0033996
0.00339957
0.00339955
0.00339953
0.00339952
0.0033995
0.0033995
0.00339949
0.00339948
0.00339948
0.00339948
0.00339948
0.00339949
0.0033995
0.00339951
0.00339953
0.00339955
0.00339957
0.00339959
0.00339963
0.00339968
0.00339971
0.00339979
0.00339986
0.00339999
0.00340013
0.00340037
0.00340078
0.00338761
0.00294941
0.00296116
0.00296106
0.00296102
0.00296098
0.00296093
0.0029609
0.00296086
0.00296083
0.0029608
0.00296077
0.00296075
0.00296073
0.0029607
0.00296069
0.00296067
0.00296066
0.00296065
0.00296064
0.00296064
0.00296064
0.00296064
0.00296064
0.00296065
0.00296066
0.00296067
0.00296068
0.0029607
0.00296072
0.00296074
0.00296078
0.00296082
0.00296087
0.00296094
0.00296101
0.00296109
0.00296125
0.00296146
0.00296184
0.00295051
0.00257569
0.00258578
0.00258568
0.00258564
0.00258561
0.00258557
0.00258553
0.0025855
0.00258547
0.00258544
0.00258541
0.00258539
0.00258537
0.00258535
0.00258533
0.00258532
0.00258531
0.0025853
0.0025853
0.00258529
0.00258529
0.00258529
0.00258529
0.0025853
0.00258531
0.00258532
0.00258534
0.00258535
0.00258537
0.00258539
0.00258542
0.00258547
0.00258552
0.00258555
0.00258564
0.00258572
0.00258586
0.00258605
0.00258637
0.00257668
0.00225875
0.00226743
0.00226733
0.0022673
0.00226726
0.00226722
0.00226718
0.00226715
0.00226712
0.00226709
0.00226706
0.00226704
0.00226702
0.002267
0.00226698
0.00226697
0.00226696
0.00226695
0.00226695
0.00226695
0.00226695
0.00226695
0.00226695
0.00226695
0.00226696
0.00226697
0.00226698
0.002267
0.00226702
0.00226703
0.00226708
0.00226711
0.00226715
0.00226721
0.00226726
0.00226736
0.00226747
0.00226765
0.00226794
0.00225959
0.00199331
0.0020008
0.00200071
0.00200067
0.00200064
0.0020006
0.00200056
0.00200053
0.0020005
0.00200047
0.00200045
0.00200043
0.00200041
0.00200039
0.00200038
0.00200037
0.00200036
0.00200035
0.00200035
0.00200035
0.00200035
0.00200035
0.00200035
0.00200036
0.00200036
0.00200037
0.00200038
0.0020004
0.00200041
0.00200044
0.00200047
0.0020005
0.00200054
0.00200059
0.00200065
0.00200072
0.00200083
0.00200099
0.00200126
0.00199409
0.00177499
0.00178149
0.0017814
0.00178136
0.00178133
0.0017813
0.00178126
0.00178123
0.0017812
0.00178117
0.00178114
0.00178112
0.00178111
0.00178109
0.00178108
0.00178107
0.00178106
0.00178105
0.00178105
0.00178105
0.00178105
0.00178105
0.00178105
0.00178106
0.00178106
0.00178107
0.00178108
0.00178109
0.00178111
0.00178114
0.00178115
0.0017812
0.00178124
0.00178127
0.00178134
0.0017814
0.00178151
0.00178164
0.00178191
0.0017757
0.00159994
0.00160561
0.00160552
0.00160548
0.00160545
0.00160541
0.00160537
0.00160534
0.00160531
0.00160528
0.00160526
0.00160524
0.00160523
0.00160521
0.0016052
0.00160519
0.00160519
0.00160518
0.00160518
0.00160518
0.00160518
0.00160518
0.00160518
0.00160518
0.00160519
0.0016052
0.0016052
0.00160522
0.00160524
0.00160525
0.00160528
0.00160531
0.00160535
0.0016054
0.00160543
0.00160552
0.0016056
0.00160575
0.001606
0.00160056
0.00146429
0.0014693
0.0014692
0.00146916
0.00146912
0.00146908
0.00146905
0.00146901
0.00146898
0.00146895
0.00146893
0.00146891
0.00146889
0.00146888
0.00146887
0.00146886
0.00146885
0.00146885
0.00146885
0.00146885
0.00146885
0.00146885
0.00146885
0.00146885
0.00146886
0.00146886
0.00146887
0.00146889
0.00146889
0.00146892
0.00146895
0.00146897
0.001469
0.00146905
0.00146911
0.00146917
0.00146927
0.0014694
0.00146963
0.00146485
0.0013635
0.00136795
0.00136785
0.00136781
0.00136777
0.00136773
0.00136769
0.00136766
0.00136763
0.00136761
0.00136759
0.00136758
0.00136756
0.00136755
0.00136754
0.00136753
0.00136752
0.00136752
0.00136752
0.00136752
0.00136752
0.00136752
0.00136752
0.00136752
0.00136753
0.00136753
0.00136755
0.00136755
0.00136756
0.00136759
0.0013676
0.00136764
0.00136767
0.00136771
0.00136777
0.00136784
0.00136794
0.00136805
0.00136829
0.00136407
0.00129145
0.00129544
0.00129534
0.00129529
0.00129524
0.0012952
0.00129516
0.00129512
0.00129509
0.00129506
0.00129504
0.00129503
0.00129501
0.001295
0.00129499
0.00129498
0.00129498
0.00129497
0.00129497
0.00129497
0.00129497
0.00129497
0.00129498
0.00129498
0.00129498
0.00129499
0.001295
0.001295
0.00129502
0.00129503
0.00129506
0.00129508
0.00129513
0.00129517
0.00129522
0.0012953
0.00129538
0.00129552
0.00129578
0.00129195
0.00124023
0.00124381
0.00124368
0.00124363
0.00124358
0.00124354
0.0012435
0.00124347
0.00124345
0.00124342
0.0012434
0.00124339
0.00124338
0.00124336
0.00124335
0.00124335
0.00124334
0.00124334
0.00124334
0.00124334
0.00124334
0.00124334
0.00124334
0.00124334
0.00124335
0.00124335
0.00124336
0.00124337
0.00124338
0.00124339
0.00124341
0.00124345
0.00124348
0.00124352
0.00124359
0.00124365
0.00124374
0.00124389
0.00124413
0.00124071
0.00120131
0.00120449
0.00120433
0.0012043
0.00120422
0.00120418
0.00120413
0.00120409
0.00120407
0.00120404
0.00120403
0.00120401
0.001204
0.00120399
0.00120399
0.00120398
0.00120398
0.00120397
0.00120397
0.00120397
0.00120397
0.00120397
0.00120397
0.00120397
0.00120398
0.00120398
0.00120399
0.00120399
0.001204
0.00120402
0.00120403
0.00120407
0.0012041
0.00120414
0.0012042
0.00120427
0.00120439
0.00120451
0.00120479
0.00120182
0.00116806
0.00117079
0.00117058
0.00117057
0.00117048
0.00117045
0.00117041
0.00117037
0.00117035
0.00117033
0.00117031
0.0011703
0.00117029
0.00117028
0.00117028
0.00117028
0.00117027
0.00117027
0.00117027
0.00117027
0.00117027
0.00117027
0.00117027
0.00117027
0.00117027
0.00117027
0.00117027
0.00117028
0.00117029
0.0011703
0.00117032
0.00117033
0.00117038
0.00117042
0.00117047
0.00117056
0.00117062
0.00117076
0.00117105
0.00116854
0.00113767
0.00113991
0.00113962
0.00113964
0.00113955
0.0011395
0.00113946
0.00113943
0.0011394
0.00113938
0.00113937
0.00113936
0.00113935
0.00113935
0.00113935
0.00113935
0.00113935
0.00113935
0.00113935
0.00113935
0.00113935
0.00113935
0.00113935
0.00113934
0.00113934
0.00113934
0.00113934
0.00113934
0.00113935
0.00113936
0.00113937
0.0011394
0.00113942
0.00113946
0.00113952
0.0011396
0.00113968
0.00113984
0.00114011
0.00113812
0.00111612
0.00111719
0.00111682
0.00111686
0.00111684
0.0011168
0.00111677
0.00111675
0.00111674
0.00111673
0.00111672
0.00111671
0.00111671
0.00111671
0.00111671
0.00111671
0.00111671
0.00111672
0.00111672
0.00111673
0.00111672
0.00111672
0.00111672
0.00111671
0.00111671
0.00111671
0.00111671
0.0011167
0.0011167
0.00111671
0.00111671
0.00111674
0.00111675
0.00111678
0.00111682
0.00111687
0.00111695
0.00111708
0.00111742
0.00111664
0.00132019
0.00129925
0.00129926
0.00129995
0.00130049
0.00130082
0.00130105
0.00130122
0.00130134
0.00130143
0.0013015
0.00130156
0.00130161
0.00130165
0.00130168
0.00130172
0.00130175
0.00130177
0.0013018
0.00130181
0.00130181
0.0013018
0.00130178
0.00130176
0.00130172
0.00130169
0.00130165
0.0013016
0.00130155
0.00130149
0.00130143
0.00130132
0.00130124
0.00130108
0.0013009
0.00130066
0.00130021
0.00129967
0.0012998
0.00132156
0.00122406
0.00120183
0.00120178
0.00120272
0.00120347
0.00120393
0.00120425
0.00120448
0.00120466
0.00120479
0.00120489
0.00120498
0.00120505
0.0012051
0.00120515
0.00120519
0.00120523
0.00120527
0.0012053
0.00120532
0.00120533
0.00120531
0.00120528
0.00120524
0.0012052
0.00120516
0.0012051
0.00120505
0.00120497
0.00120489
0.00120478
0.00120466
0.0012045
0.00120426
0.00120395
0.00120351
0.00120288
0.00120189
0.0012023
0.0012247
0.000366687
0.000366212
0.000366318
0.000366391
0.000366454
0.000366495
0.000366528
0.00036655
0.00036657
0.000366586
0.000366599
0.00036661
0.00036662
0.000366628
0.000366636
0.000366642
0.000366648
0.000366654
0.00036666
0.000366666
0.000366667
0.000366662
0.000366656
0.00036665
0.000366643
0.000366635
0.000366628
0.000366618
0.000366609
0.000366598
0.000366583
0.000366572
0.000366553
0.000366528
0.000366502
0.000366456
0.000366399
0.000366321
0.000366259
0.000366661
)
;
    }
    back
    {
        type            calculated;
        value           nonuniform List<scalar> 
1600
(
0.020338
0.0203504
0.0203531
0.0203554
0.0203571
0.0203585
0.0203594
0.0203601
0.0203605
0.0203607
0.0203608
0.0203609
0.0203609
0.0203609
0.020361
0.0203611
0.0203612
0.0203614
0.0203614
0.0203614
0.0203614
0.0203612
0.0203611
0.0203609
0.0203607
0.0203606
0.0203605
0.0203603
0.02036
0.0203595
0.0203588
0.0203578
0.0203564
0.0203544
0.0203515
0.0203476
0.0203424
0.0203357
0.0203278
0.0203245
0.0210458
0.0210353
0.0210383
0.0210408
0.0210428
0.0210442
0.0210453
0.021046
0.0210464
0.0210467
0.0210468
0.0210468
0.0210468
0.0210468
0.0210469
0.021047
0.0210472
0.0210473
0.0210474
0.0210474
0.0210473
0.0210472
0.021047
0.0210468
0.0210467
0.0210466
0.0210464
0.0210462
0.0210459
0.0210454
0.0210446
0.0210436
0.021042
0.0210398
0.0210366
0.0210322
0.0210263
0.0210186
0.0210096
0.0210091
0.0207527
0.0207453
0.0207483
0.020751
0.020753
0.0207545
0.0207555
0.0207562
0.0207567
0.0207569
0.020757
0.020757
0.0207571
0.0207571
0.0207572
0.0207573
0.0207575
0.0207576
0.0207577
0.0207577
0.0207576
0.0207575
0.0207573
0.0207571
0.0207569
0.0207568
0.0207567
0.0207565
0.0207562
0.0207557
0.0207549
0.0207538
0.0207523
0.02075
0.0207468
0.0207423
0.0207363
0.0207284
0.0207189
0.0207142
0.0205577
0.0205526
0.0205557
0.0205584
0.0205604
0.0205619
0.020563
0.0205637
0.0205642
0.0205644
0.0205645
0.0205645
0.0205645
0.0205646
0.0205647
0.0205648
0.020565
0.0205651
0.0205652
0.0205652
0.0205651
0.0205649
0.0205648
0.0205646
0.0205644
0.0205643
0.0205642
0.020564
0.0205637
0.0205632
0.0205624
0.0205613
0.0205598
0.0205575
0.0205542
0.0205496
0.0205434
0.0205353
0.0205254
0.0205172
0.0204382
0.0204347
0.0204378
0.0204405
0.0204426
0.0204442
0.0204453
0.020446
0.0204465
0.0204467
0.0204468
0.0204468
0.0204468
0.0204469
0.020447
0.0204471
0.0204473
0.0204474
0.0204475
0.0204475
0.0204474
0.0204472
0.0204471
0.0204469
0.0204467
0.0204466
0.0204465
0.0204463
0.020446
0.0204455
0.0204447
0.0204436
0.020442
0.0204397
0.0204364
0.0204317
0.0204253
0.0204169
0.0204064
0.0203954
0.0203732
0.0203707
0.0203739
0.0203767
0.0203789
0.0203804
0.0203816
0.0203823
0.0203828
0.020383
0.0203831
0.0203831
0.0203831
0.0203831
0.0203832
0.0203834
0.0203836
0.0203837
0.0203838
0.0203838
0.0203837
0.0203836
0.0203834
0.0203832
0.0203831
0.020383
0.0203829
0.0203827
0.0203823
0.0203818
0.020381
0.0203799
0.0203783
0.020376
0.0203726
0.0203677
0.0203612
0.0203525
0.0203414
0.0203281
0.0203468
0.0203451
0.0203483
0.0203512
0.0203534
0.020355
0.0203561
0.0203569
0.0203573
0.0203576
0.0203577
0.0203577
0.0203577
0.0203577
0.0203578
0.020358
0.0203582
0.0203583
0.0203584
0.0203584
0.0203583
0.0203582
0.020358
0.0203578
0.0203577
0.0203576
0.0203575
0.0203573
0.020357
0.0203564
0.0203557
0.0203545
0.0203529
0.0203505
0.020347
0.0203421
0.0203353
0.0203263
0.0203146
0.0202992
0.0203478
0.0203464
0.0203498
0.0203527
0.0203549
0.0203566
0.0203578
0.0203585
0.020359
0.0203592
0.0203593
0.0203594
0.0203594
0.0203594
0.0203595
0.0203597
0.0203599
0.02036
0.0203601
0.0203601
0.02036
0.0203598
0.0203596
0.0203595
0.0203594
0.0203593
0.0203592
0.020359
0.0203586
0.0203581
0.0203573
0.0203562
0.0203545
0.0203521
0.0203485
0.0203434
0.0203364
0.020327
0.0203147
0.0202975
0.0203682
0.0203671
0.0203705
0.0203735
0.0203758
0.0203775
0.0203786
0.0203794
0.0203799
0.0203802
0.0203803
0.0203803
0.0203803
0.0203803
0.0203804
0.0203806
0.0203808
0.0203809
0.020381
0.020381
0.0203809
0.0203807
0.0203806
0.0203804
0.0203803
0.0203802
0.0203801
0.0203799
0.0203796
0.0203791
0.0203783
0.0203771
0.0203754
0.0203729
0.0203692
0.020364
0.0203568
0.020347
0.0203339
0.0203151
0.0204027
0.0204016
0.0204051
0.0204081
0.0204105
0.0204122
0.0204134
0.0204142
0.0204147
0.020415
0.0204151
0.0204151
0.0204151
0.0204151
0.0204152
0.0204154
0.0204156
0.0204158
0.0204158
0.0204158
0.0204157
0.0204156
0.0204154
0.0204152
0.0204151
0.020415
0.020415
0.0204148
0.0204144
0.0204139
0.0204131
0.0204119
0.0204102
0.0204077
0.0204039
0.0203985
0.020391
0.0203808
0.020367
0.0203466
0.0204476
0.0204464
0.0204499
0.0204531
0.0204555
0.0204573
0.0204585
0.0204593
0.0204598
0.0204601
0.0204602
0.0204602
0.0204602
0.0204602
0.0204604
0.0204605
0.0204607
0.0204609
0.020461
0.020461
0.0204609
0.0204607
0.0204605
0.0204604
0.0204603
0.0204602
0.0204601
0.0204599
0.0204596
0.0204591
0.0204583
0.0204571
0.0204553
0.0204527
0.0204488
0.0204432
0.0204355
0.0204248
0.0204102
0.0203884
0.0205005
0.0204991
0.0205027
0.020506
0.0205084
0.0205102
0.0205115
0.0205123
0.0205129
0.0205131
0.0205132
0.0205132
0.0205132
0.0205133
0.0205134
0.0205136
0.0205138
0.020514
0.020514
0.020514
0.0205139
0.0205137
0.0205136
0.0205134
0.0205133
0.0205133
0.0205132
0.020513
0.0205127
0.0205121
0.0205113
0.0205101
0.0205083
0.0205057
0.0205017
0.0204959
0.0204879
0.0204767
0.0204612
0.020438
0.0205599
0.0205582
0.0205619
0.0205652
0.0205678
0.0205696
0.0205709
0.0205718
0.0205723
0.0205726
0.0205727
0.0205727
0.0205727
0.0205727
0.0205729
0.0205731
0.0205733
0.0205734
0.0205735
0.0205735
0.0205734
0.0205732
0.020573
0.0205729
0.0205728
0.0205728
0.0205727
0.0205725
0.0205722
0.0205716
0.0205708
0.0205696
0.0205678
0.020565
0.0205609
0.020555
0.0205466
0.0205349
0.0205185
0.0204938
0.0206248
0.0206228
0.0206265
0.0206299
0.0206325
0.0206344
0.0206357
0.0206366
0.0206372
0.0206374
0.0206375
0.0206376
0.0206376
0.0206376
0.0206378
0.020638
0.0206382
0.0206383
0.0206384
0.0206384
0.0206382
0.0206381
0.0206379
0.0206378
0.0206377
0.0206377
0.0206376
0.0206374
0.0206371
0.0206366
0.0206357
0.0206345
0.0206327
0.0206298
0.0206256
0.0206194
0.0206107
0.0205985
0.020581
0.020555
0.0206945
0.0206921
0.020696
0.0206995
0.0207021
0.0207041
0.0207055
0.0207064
0.0207069
0.0207072
0.0207073
0.0207073
0.0207073
0.0207074
0.0207075
0.0207077
0.0207079
0.0207081
0.0207082
0.0207081
0.020708
0.0207079
0.0207077
0.0207076
0.0207075
0.0207075
0.0207074
0.0207072
0.0207069
0.0207064
0.0207056
0.0207043
0.0207024
0.0206995
0.0206951
0.0206887
0.0206797
0.0206668
0.0206482
0.0206208
0.0207689
0.0207661
0.02077
0.0207736
0.0207763
0.0207784
0.0207798
0.0207807
0.0207812
0.0207815
0.0207817
0.0207817
0.0207817
0.0207817
0.0207819
0.0207821
0.0207823
0.0207824
0.0207825
0.0207825
0.0207824
0.0207822
0.020782
0.0207819
0.0207819
0.0207819
0.0207818
0.0207816
0.0207813
0.0207808
0.0207799
0.0207787
0.0207767
0.0207737
0.0207692
0.0207626
0.0207532
0.0207396
0.0207198
0.0206909
0.0208478
0.0208445
0.0208485
0.0208522
0.020855
0.0208571
0.0208585
0.0208594
0.02086
0.0208603
0.0208605
0.0208605
0.0208605
0.0208606
0.0208607
0.0208609
0.0208611
0.0208613
0.0208613
0.0208613
0.0208612
0.020861
0.0208608
0.0208607
0.0208607
0.0208607
0.0208606
0.0208605
0.0208601
0.0208596
0.0208588
0.0208575
0.0208555
0.0208524
0.0208478
0.0208409
0.020831
0.0208168
0.0207957
0.0207652
0.0209312
0.0209274
0.0209315
0.0209353
0.0209381
0.0209403
0.0209417
0.0209427
0.0209433
0.0209436
0.0209437
0.0209438
0.0209438
0.0209438
0.020944
0.0209442
0.0209444
0.0209445
0.0209446
0.0209446
0.0209444
0.0209443
0.0209441
0.020944
0.020944
0.020944
0.020944
0.0209438
0.0209435
0.0209429
0.0209421
0.0209408
0.0209388
0.0209356
0.0209308
0.0209236
0.0209133
0.0208983
0.0208758
0.0208436
0.0210191
0.0210148
0.021019
0.0210229
0.0210258
0.021028
0.0210295
0.0210305
0.0210311
0.0210314
0.0210316
0.0210316
0.0210316
0.0210317
0.0210318
0.0210321
0.0210323
0.0210324
0.0210324
0.0210324
0.0210323
0.0210321
0.021032
0.0210319
0.0210319
0.0210319
0.0210319
0.0210317
0.0210314
0.0210308
0.02103
0.0210287
0.0210266
0.0210233
0.0210183
0.0210109
0.0210001
0.0209842
0.0209601
0.0209262
0.0211118
0.0211069
0.0211112
0.0211152
0.0211183
0.0211205
0.021122
0.0211231
0.0211237
0.021124
0.0211242
0.0211242
0.0211242
0.0211243
0.0211244
0.0211246
0.0211248
0.021125
0.021125
0.021125
0.0211249
0.0211247
0.0211246
0.0211245
0.0211245
0.0211245
0.0211245
0.0211243
0.021124
0.0211235
0.0211226
0.0211213
0.0211192
0.0211158
0.0211106
0.0211029
0.0210915
0.0210746
0.021049
0.0210131
0.0212094
0.021204
0.0212084
0.0212125
0.0212156
0.0212179
0.0212195
0.0212205
0.0212212
0.0212215
0.0212217
0.0212217
0.0212217
0.0212218
0.0212219
0.0212222
0.0212224
0.0212225
0.0212225
0.0212225
0.0212224
0.0212222
0.0212221
0.021222
0.021222
0.0212221
0.021222
0.0212219
0.0212216
0.0212211
0.0212202
0.0212188
0.0212166
0.0212132
0.0212078
0.0211997
0.0211877
0.0211698
0.0211424
0.0211045
0.0213122
0.0213062
0.0213107
0.0213149
0.0213181
0.0213205
0.0213221
0.0213232
0.0213239
0.0213242
0.0213244
0.0213244
0.0213244
0.0213245
0.0213246
0.0213249
0.021325
0.0213252
0.0213252
0.0213252
0.021325
0.0213249
0.0213248
0.0213247
0.0213248
0.0213248
0.0213248
0.0213246
0.0213243
0.0213238
0.021323
0.0213216
0.0213193
0.0213157
0.0213101
0.0213017
0.0212891
0.02127
0.0212406
0.0212006
0.0214204
0.0214138
0.0214184
0.0214228
0.0214261
0.0214285
0.0214302
0.0214313
0.021432
0.0214323
0.0214325
0.0214325
0.0214326
0.0214326
0.0214328
0.021433
0.0214332
0.0214333
0.0214333
0.0214333
0.0214332
0.021433
0.0214329
0.0214329
0.0214329
0.021433
0.021433
0.0214328
0.0214325
0.021432
0.0214312
0.0214297
0.0214274
0.0214237
0.0214179
0.021409
0.0213957
0.0213755
0.0213439
0.0213015
0.0215343
0.0215272
0.0215319
0.0215364
0.0215398
0.0215423
0.021544
0.0215451
0.0215458
0.0215462
0.0215464
0.0215464
0.0215464
0.0215465
0.0215466
0.0215469
0.021547
0.0215471
0.0215472
0.0215471
0.021547
0.0215469
0.0215468
0.0215468
0.0215468
0.0215469
0.0215469
0.0215467
0.0215465
0.021546
0.0215451
0.0215436
0.0215412
0.0215374
0.0215313
0.0215221
0.021508
0.0214864
0.0214526
0.0214076
0.0216543
0.0216466
0.0216514
0.021656
0.0216595
0.0216621
0.0216638
0.021665
0.0216657
0.0216661
0.0216663
0.0216663
0.0216663
0.0216664
0.0216666
0.0216668
0.0216669
0.021667
0.0216671
0.021667
0.0216669
0.0216668
0.0216667
0.0216667
0.0216667
0.0216668
0.0216668
0.0216667
0.0216664
0.0216659
0.0216651
0.0216636
0.0216611
0.0216571
0.0216508
0.0216411
0.0216262
0.0216031
0.0215668
0.021519
0.0217805
0.0217723
0.0217772
0.0217819
0.0217856
0.0217882
0.02179
0.0217912
0.0217919
0.0217924
0.0217925
0.0217926
0.0217926
0.0217926
0.0217928
0.021793
0.0217932
0.0217932
0.0217933
0.0217932
0.0217931
0.021793
0.0217929
0.0217929
0.021793
0.0217931
0.0217931
0.021793
0.0217927
0.0217923
0.0217914
0.0217899
0.0217873
0.0217832
0.0217766
0.0217664
0.0217507
0.021726
0.0216869
0.0216361
0.0219133
0.0219046
0.0219097
0.0219145
0.0219183
0.021921
0.0219228
0.0219241
0.0219248
0.0219252
0.0219254
0.0219254
0.0219254
0.0219255
0.0219257
0.0219259
0.021926
0.0219261
0.0219261
0.0219261
0.021926
0.0219259
0.0219258
0.0219258
0.0219259
0.021926
0.021926
0.0219259
0.0219257
0.0219252
0.0219243
0.0219228
0.0219202
0.0219159
0.021909
0.0218983
0.0218816
0.0218551
0.0218131
0.0217591
0.0220529
0.0220438
0.022049
0.022054
0.0220578
0.0220606
0.0220625
0.0220638
0.0220645
0.022065
0.0220651
0.0220652
0.0220652
0.0220652
0.0220654
0.0220656
0.0220657
0.0220658
0.0220658
0.0220657
0.0220657
0.0220656
0.0220655
0.0220655
0.0220656
0.0220657
0.0220658
0.0220657
0.0220655
0.022065
0.0220642
0.0220626
0.0220599
0.0220555
0.0220483
0.022037
0.0220193
0.0219909
0.0219457
0.0218882
0.0221992
0.0221898
0.0221952
0.0222003
0.0222043
0.0222071
0.0222091
0.0222104
0.0222112
0.0222116
0.0222118
0.0222118
0.0222118
0.0222118
0.022212
0.0222122
0.0222123
0.0222124
0.0222124
0.0222123
0.0222123
0.0222122
0.0222121
0.0222121
0.0222122
0.0222124
0.0222124
0.0222124
0.0222122
0.0222118
0.0222109
0.0222093
0.0222065
0.0222019
0.0221944
0.0221826
0.0221637
0.0221334
0.0220848
0.0220234
0.022346
0.0223391
0.0223446
0.0223498
0.0223538
0.0223567
0.0223586
0.0223599
0.0223607
0.0223611
0.0223613
0.0223613
0.0223613
0.0223613
0.0223615
0.0223616
0.0223618
0.0223618
0.0223618
0.0223618
0.0223617
0.0223616
0.0223616
0.0223616
0.0223617
0.0223619
0.0223619
0.0223619
0.0223618
0.0223614
0.0223605
0.022359
0.0223562
0.0223515
0.0223438
0.0223314
0.0223117
0.0222794
0.0222273
0.0221608
0.0224383
0.022439
0.0224448
0.02245
0.022454
0.0224569
0.0224589
0.0224602
0.0224609
0.0224613
0.0224615
0.0224615
0.0224615
0.0224615
0.0224616
0.0224618
0.0224619
0.0224619
0.0224619
0.0224618
0.0224618
0.0224617
0.0224617
0.0224617
0.0224619
0.022462
0.0224621
0.0224621
0.022462
0.0224617
0.0224609
0.0224593
0.0224565
0.0224518
0.0224438
0.022431
0.0224104
0.0223764
0.0223212
0.0222483
0.0223714
0.022381
0.0223869
0.0223917
0.0223955
0.0223983
0.0224002
0.0224013
0.022402
0.0224024
0.0224025
0.0224024
0.0224024
0.0224024
0.0224025
0.0224026
0.0224027
0.0224027
0.0224027
0.0224026
0.0224026
0.0224026
0.0224025
0.0224026
0.0224027
0.0224029
0.0224031
0.0224031
0.022403
0.0224028
0.0224021
0.0224006
0.0223979
0.0223933
0.0223855
0.0223727
0.0223518
0.0223175
0.0222608
0.0221754
0.0221783
0.0221941
0.0222001
0.0222047
0.0222084
0.022211
0.0222128
0.0222139
0.0222146
0.0222149
0.0222149
0.0222149
0.0222148
0.0222148
0.0222149
0.022215
0.022215
0.022215
0.022215
0.0222149
0.0222149
0.0222149
0.0222149
0.0222149
0.0222151
0.0222153
0.0222155
0.0222155
0.0222155
0.0222153
0.0222147
0.0222133
0.0222107
0.0222061
0.0221983
0.0221855
0.0221642
0.0221289
0.0220704
0.0219762
0.0218654
0.0218862
0.0218921
0.0218966
0.0219001
0.0219026
0.0219043
0.0219054
0.0219059
0.0219062
0.0219062
0.0219061
0.021906
0.021906
0.0219061
0.0219062
0.0219062
0.0219062
0.0219061
0.0219061
0.0219061
0.0219061
0.0219061
0.0219062
0.0219063
0.0219066
0.0219067
0.0219068
0.0219069
0.0219067
0.0219062
0.0219049
0.0219023
0.0218978
0.0218901
0.0218771
0.0218555
0.0218195
0.0217593
0.0216589
0.0198583
0.0199346
0.0199427
0.0199408
0.0199389
0.0199373
0.0199361
0.0199352
0.0199345
0.019934
0.0199336
0.0199333
0.0199331
0.0199329
0.0199328
0.0199327
0.0199326
0.0199326
0.0199326
0.0199326
0.0199326
0.0199326
0.0199327
0.0199327
0.0199328
0.0199328
0.0199329
0.0199331
0.0199333
0.0199336
0.019934
0.0199346
0.0199354
0.0199365
0.0199381
0.0199403
0.0199433
0.0199472
0.0199424
0.0198727
0.01729
0.0173557
0.0173607
0.0173583
0.0173563
0.0173548
0.0173537
0.017353
0.0173524
0.0173521
0.0173518
0.0173516
0.0173515
0.0173513
0.0173512
0.0173512
0.0173511
0.0173511
0.0173511
0.0173511
0.0173511
0.0173511
0.0173511
0.0173511
0.0173512
0.0173512
0.0173513
0.0173514
0.0173516
0.0173518
0.0173521
0.0173525
0.0173531
0.0173541
0.0173555
0.0173575
0.0173605
0.0173646
0.0173627
0.0173026
0.0151731
0.0152293
0.0152315
0.0152287
0.0152268
0.0152254
0.0152245
0.015224
0.0152236
0.0152233
0.0152232
0.015223
0.015223
0.0152229
0.0152228
0.0152228
0.0152228
0.0152228
0.0152227
0.0152227
0.0152227
0.0152227
0.0152227
0.0152228
0.0152228
0.0152228
0.0152228
0.0152229
0.015223
0.0152231
0.0152233
0.0152236
0.0152241
0.0152249
0.015226
0.0152278
0.0152307
0.015235
0.0152354
0.0151841
0.012852
0.0128933
0.012892
0.0128893
0.0128879
0.0128871
0.0128866
0.0128864
0.0128862
0.0128861
0.0128861
0.0128861
0.0128861
0.0128861
0.0128861
0.0128861
0.0128861
0.0128861
0.0128861
0.0128861
0.0128861
0.0128861
0.0128861
0.0128861
0.012886
0.012886
0.012886
0.012886
0.0128861
0.0128861
0.0128861
0.0128863
0.0128865
0.0128869
0.0128876
0.0128888
0.012891
0.0128949
0.0128983
0.012861
0.00110582
0.00110444
0.00110443
0.00110443
0.00110443
0.00110442
0.00110442
0.00110442
0.00110442
0.00110442
0.00110442
0.00110441
0.00110442
0.00110441
0.00110441
0.00110441
0.00110441
0.00110441
0.00110441
0.00110441
0.00110441
0.00110441
0.00110441
0.00110441
0.00110441
0.00110441
0.00110441
0.00110441
0.00110441
0.00110441
0.00110441
0.00110442
0.00110443
0.00110444
0.00110446
0.0011045
0.00110456
0.00110466
0.00110483
0.00110654
0.000293095
0.000293054
0.000293057
0.000293059
0.00029306
0.00029306
0.00029306
0.000293059
0.000293059
0.000293059
0.000293059
0.000293059
0.000293059
0.000293059
0.000293059
0.000293058
0.000293058
0.000293058
0.000293058
0.000293058
0.000293058
0.000293058
0.000293058
0.000293058
0.000293058
0.000293058
0.000293058
0.000293058
0.000293058
0.000293059
0.000293059
0.00029306
0.00029306
0.000293062
0.000293064
0.000293066
0.000293071
0.000293078
0.00029309
0.000293164
)
;
    }
    top
    {
        type            calculated;
        value           nonuniform List<scalar> 
1600
(
0.020338
0.0203504
0.0203531
0.0203554
0.0203571
0.0203585
0.0203594
0.0203601
0.0203605
0.0203607
0.0203608
0.0203609
0.0203609
0.0203609
0.020361
0.0203611
0.0203612
0.0203614
0.0203614
0.0203614
0.0203614
0.0203612
0.0203611
0.0203609
0.0203607
0.0203606
0.0203605
0.0203603
0.02036
0.0203595
0.0203588
0.0203578
0.0203564
0.0203544
0.0203515
0.0203476
0.0203424
0.0203357
0.0203278
0.0203245
0.0205287
0.020536
0.0205389
0.0205412
0.020543
0.0205444
0.0205454
0.0205461
0.0205465
0.0205467
0.0205468
0.0205468
0.0205468
0.0205468
0.0205469
0.0205471
0.0205472
0.0205474
0.0205475
0.0205475
0.0205474
0.0205472
0.020547
0.0205468
0.0205467
0.0205466
0.0205465
0.0205463
0.020546
0.0205455
0.0205448
0.0205437
0.0205423
0.0205403
0.0205373
0.0205332
0.0205277
0.0205205
0.0205114
0.0205
0.0205257
0.0205244
0.0205273
0.0205298
0.0205317
0.0205331
0.0205341
0.0205348
0.0205352
0.0205354
0.0205355
0.0205355
0.0205355
0.0205355
0.0205357
0.0205358
0.020536
0.0205362
0.0205363
0.0205363
0.0205362
0.020536
0.0205358
0.0205356
0.0205355
0.0205354
0.0205353
0.0205351
0.0205348
0.0205343
0.0205335
0.0205325
0.020531
0.0205289
0.0205258
0.0205215
0.0205155
0.0205077
0.0204972
0.0204898
0.0205367
0.0205346
0.0205375
0.02054
0.0205419
0.0205434
0.0205444
0.0205451
0.0205455
0.0205457
0.0205458
0.0205458
0.0205458
0.0205458
0.020546
0.0205462
0.0205464
0.0205466
0.0205467
0.0205467
0.0205465
0.0205464
0.0205462
0.020546
0.0205459
0.0205459
0.0205458
0.0205456
0.0205453
0.0205448
0.020544
0.020543
0.0205416
0.0205394
0.0205363
0.0205318
0.0205255
0.0205171
0.0205057
0.0204964
0.020541
0.0205386
0.0205414
0.0205438
0.0205458
0.0205473
0.0205483
0.020549
0.0205495
0.0205497
0.0205497
0.0205497
0.0205497
0.0205498
0.02055
0.0205502
0.0205504
0.0205506
0.0205507
0.0205506
0.0205505
0.0205503
0.0205502
0.02055
0.02055
0.02055
0.02055
0.0205498
0.0205494
0.0205489
0.0205483
0.0205473
0.0205459
0.0205437
0.0205404
0.0205358
0.0205293
0.0205204
0.020508
0.0204969
0.0205408
0.0205382
0.0205409
0.0205433
0.0205453
0.0205468
0.0205479
0.0205486
0.020549
0.0205493
0.0205493
0.0205494
0.0205494
0.0205495
0.0205496
0.0205499
0.0205501
0.0205502
0.0205503
0.0205502
0.0205501
0.0205499
0.0205498
0.0205497
0.0205497
0.0205497
0.0205497
0.0205495
0.0205492
0.0205487
0.0205481
0.0205471
0.0205457
0.0205435
0.0205401
0.0205354
0.0205287
0.0205193
0.0205062
0.0204934
0.0205382
0.0205354
0.0205381
0.0205405
0.0205424
0.0205439
0.020545
0.0205458
0.0205462
0.0205465
0.0205466
0.0205466
0.0205467
0.0205467
0.0205469
0.0205471
0.0205473
0.0205475
0.0205475
0.0205474
0.0205473
0.0205471
0.020547
0.0205469
0.0205469
0.020547
0.020547
0.0205468
0.0205465
0.0205461
0.0205455
0.0205445
0.020543
0.0205407
0.0205374
0.0205325
0.0205257
0.0205159
0.020502
0.0204877
0.0205338
0.0205309
0.0205335
0.0205359
0.0205378
0.0205393
0.0205404
0.0205412
0.0205417
0.020542
0.0205421
0.0205421
0.0205421
0.0205422
0.0205424
0.0205426
0.0205428
0.0205429
0.0205429
0.0205428
0.0205427
0.0205425
0.0205424
0.0205424
0.0205424
0.0205424
0.0205424
0.0205423
0.020542
0.0205416
0.020541
0.02054
0.0205384
0.0205361
0.0205327
0.0205278
0.0205208
0.0205107
0.020496
0.0204802
0.0205278
0.0205249
0.0205274
0.0205298
0.0205317
0.0205332
0.0205342
0.020535
0.0205355
0.0205358
0.020536
0.020536
0.020536
0.0205361
0.0205362
0.0205364
0.0205366
0.0205367
0.0205367
0.0205366
0.0205365
0.0205364
0.0205363
0.0205362
0.0205363
0.0205363
0.0205363
0.0205362
0.0205359
0.0205356
0.0205349
0.0205338
0.0205322
0.0205299
0.0205264
0.0205215
0.0205143
0.0205038
0.0204883
0.020471
0.0205204
0.0205174
0.0205199
0.0205222
0.0205241
0.0205255
0.0205266
0.0205274
0.0205279
0.0205282
0.0205283
0.0205283
0.0205283
0.0205284
0.0205285
0.0205287
0.0205289
0.020529
0.020529
0.0205289
0.0205288
0.0205287
0.0205286
0.0205286
0.0205286
0.0205287
0.0205287
0.0205286
0.0205284
0.020528
0.0205273
0.0205261
0.0205245
0.0205222
0.0205186
0.0205136
0.0205063
0.0204953
0.020479
0.0204604
0.0205115
0.0205085
0.0205109
0.0205132
0.020515
0.0205165
0.0205176
0.0205184
0.0205189
0.0205192
0.0205193
0.0205193
0.0205192
0.0205193
0.0205194
0.0205196
0.0205197
0.0205198
0.0205198
0.0205197
0.0205196
0.0205195
0.0205194
0.0205195
0.0205195
0.0205196
0.0205197
0.0205196
0.0205194
0.020519
0.0205182
0.020517
0.0205154
0.0205131
0.0205094
0.0205042
0.0204967
0.0204852
0.0204683
0.0204485
0.0205013
0.0204983
0.0205007
0.0205029
0.0205047
0.0205062
0.0205072
0.020508
0.0205085
0.0205088
0.0205089
0.0205089
0.0205088
0.0205089
0.020509
0.0205092
0.0205093
0.0205093
0.0205093
0.0205092
0.0205091
0.0205091
0.020509
0.020509
0.0205091
0.0205092
0.0205093
0.0205092
0.020509
0.0205086
0.0205078
0.0205067
0.0205052
0.0205027
0.0204989
0.0204936
0.0204858
0.020474
0.0204565
0.0204354
0.0204898
0.0204869
0.0204892
0.0204914
0.0204932
0.0204946
0.0204957
0.0204965
0.020497
0.0204973
0.0204974
0.0204973
0.0204973
0.0204973
0.0204975
0.0204976
0.0204977
0.0204978
0.0204977
0.0204976
0.0204976
0.0204975
0.0204975
0.0204975
0.0204976
0.0204977
0.0204977
0.0204977
0.0204975
0.0204971
0.0204964
0.0204954
0.0204938
0.0204913
0.0204873
0.0204819
0.0204739
0.0204618
0.0204437
0.0204214
0.0204772
0.0204744
0.0204767
0.0204788
0.0204807
0.0204821
0.0204832
0.020484
0.0204845
0.0204848
0.0204849
0.0204848
0.0204848
0.0204848
0.020485
0.0204851
0.0204852
0.0204852
0.0204851
0.0204851
0.020485
0.020485
0.0204849
0.0204849
0.020485
0.0204851
0.0204852
0.0204852
0.020485
0.0204847
0.0204841
0.0204831
0.0204815
0.0204788
0.0204748
0.0204693
0.0204611
0.0204487
0.02043
0.0204066
0.0204637
0.0204609
0.0204632
0.0204654
0.0204672
0.0204687
0.0204698
0.0204706
0.0204712
0.0204714
0.0204715
0.0204714
0.0204714
0.0204714
0.0204716
0.0204717
0.0204717
0.0204717
0.0204717
0.0204716
0.0204716
0.0204715
0.0204715
0.0204715
0.0204716
0.0204717
0.0204718
0.0204718
0.0204716
0.0204714
0.0204709
0.02047
0.0204682
0.0204654
0.0204614
0.0204558
0.0204476
0.0204349
0.0204155
0.020391
0.0204494
0.0204468
0.020449
0.0204512
0.0204531
0.0204545
0.0204557
0.0204565
0.020457
0.0204573
0.0204573
0.0204573
0.0204572
0.0204572
0.0204574
0.0204575
0.0204575
0.0204574
0.0204574
0.0204573
0.0204573
0.0204573
0.0204572
0.0204572
0.0204573
0.0204575
0.0204576
0.0204576
0.0204575
0.0204574
0.0204569
0.0204559
0.0204541
0.0204512
0.0204472
0.0204417
0.0204333
0.0204202
0.0204002
0.0203746
0.0204344
0.020432
0.0204342
0.0204364
0.0204382
0.0204397
0.0204408
0.0204416
0.0204422
0.0204424
0.0204425
0.0204424
0.0204423
0.0204424
0.0204425
0.0204425
0.0204425
0.0204425
0.0204424
0.0204424
0.0204424
0.0204423
0.0204423
0.0204423
0.0204425
0.0204427
0.0204428
0.0204428
0.0204428
0.0204427
0.0204422
0.0204411
0.0204392
0.0204364
0.0204325
0.0204269
0.0204183
0.0204048
0.0203843
0.0203578
0.020419
0.0204167
0.0204189
0.0204211
0.0204229
0.0204244
0.0204255
0.0204263
0.0204268
0.0204271
0.0204271
0.020427
0.0204269
0.020427
0.0204271
0.0204271
0.0204271
0.020427
0.020427
0.020427
0.0204269
0.0204269
0.0204268
0.0204269
0.0204271
0.0204273
0.0204274
0.0204274
0.0204275
0.0204274
0.0204269
0.0204258
0.0204238
0.0204211
0.0204172
0.0204115
0.0204027
0.0203889
0.020368
0.0203406
0.0204032
0.0204011
0.0204033
0.0204054
0.0204072
0.0204087
0.0204098
0.0204106
0.0204111
0.0204113
0.0204114
0.0204113
0.0204112
0.0204112
0.0204113
0.0204113
0.0204113
0.0204112
0.0204112
0.0204111
0.0204111
0.0204111
0.020411
0.0204111
0.0204113
0.0204116
0.0204117
0.0204117
0.0204118
0.0204117
0.0204113
0.0204101
0.0204081
0.0204055
0.0204016
0.0203957
0.0203867
0.0203726
0.0203514
0.0203231
0.0203871
0.0203852
0.0203874
0.0203895
0.0203913
0.0203928
0.0203939
0.0203947
0.0203951
0.0203954
0.0203954
0.0203953
0.0203952
0.0203952
0.0203953
0.0203953
0.0203953
0.0203952
0.0203951
0.0203951
0.0203951
0.020395
0.020395
0.0203951
0.0203954
0.0203956
0.0203957
0.0203958
0.0203959
0.0203959
0.0203954
0.0203942
0.0203922
0.0203896
0.0203857
0.0203797
0.0203706
0.0203562
0.0203346
0.0203055
0.020371
0.0203693
0.0203715
0.0203735
0.0203753
0.0203768
0.0203779
0.0203786
0.0203791
0.0203794
0.0203794
0.0203793
0.0203792
0.0203792
0.0203792
0.0203792
0.0203791
0.0203791
0.020379
0.020379
0.0203789
0.0203789
0.0203789
0.020379
0.0203793
0.0203796
0.0203797
0.0203798
0.0203799
0.0203799
0.0203794
0.0203782
0.0203763
0.0203737
0.0203697
0.0203636
0.0203544
0.0203398
0.0203179
0.0202879
0.020355
0.0203534
0.0203555
0.0203576
0.0203594
0.0203608
0.0203619
0.0203627
0.0203632
0.0203634
0.0203634
0.0203633
0.0203632
0.0203632
0.0203632
0.0203632
0.0203631
0.020363
0.0203629
0.0203629
0.0203629
0.0203629
0.0203629
0.020363
0.0203634
0.0203637
0.0203638
0.0203639
0.0203641
0.0203641
0.0203636
0.0203624
0.0203604
0.0203579
0.0203538
0.0203477
0.0203385
0.0203235
0.0203014
0.0202706
0.0203391
0.0203377
0.0203398
0.0203419
0.0203436
0.020345
0.0203461
0.0203469
0.0203474
0.0203476
0.0203476
0.0203475
0.0203474
0.0203474
0.0203474
0.0203473
0.0203472
0.0203471
0.020347
0.020347
0.020347
0.0203471
0.0203471
0.0203473
0.0203476
0.0203479
0.020348
0.0203481
0.0203484
0.0203485
0.020348
0.0203468
0.0203448
0.0203422
0.0203382
0.0203321
0.0203227
0.0203075
0.0202851
0.0202537
0.0203235
0.0203223
0.0203244
0.0203264
0.0203282
0.0203296
0.0203307
0.0203315
0.020332
0.0203322
0.0203322
0.020332
0.0203319
0.0203319
0.0203318
0.0203318
0.0203316
0.0203315
0.0203315
0.0203315
0.0203315
0.0203316
0.0203317
0.0203318
0.0203321
0.0203324
0.0203326
0.0203328
0.0203331
0.0203332
0.0203327
0.0203314
0.0203294
0.0203269
0.0203229
0.0203167
0.0203073
0.0202918
0.0202693
0.020237
0.0203083
0.0203074
0.0203094
0.0203115
0.0203132
0.0203146
0.0203157
0.0203165
0.0203169
0.0203172
0.0203171
0.020317
0.0203168
0.0203168
0.0203168
0.0203167
0.0203166
0.0203165
0.0203164
0.0203164
0.0203165
0.0203166
0.0203166
0.0203168
0.0203171
0.0203174
0.0203176
0.0203178
0.0203182
0.0203184
0.0203178
0.0203164
0.0203144
0.0203119
0.0203079
0.0203018
0.0202922
0.0202765
0.020254
0.0202208
0.0202937
0.020293
0.020295
0.020297
0.0202988
0.0203002
0.0203013
0.020302
0.0203025
0.0203027
0.0203026
0.0203025
0.0203023
0.0203023
0.0203022
0.0203022
0.020302
0.0203019
0.0203019
0.0203019
0.020302
0.0203021
0.0203021
0.0203022
0.0203026
0.0203029
0.0203031
0.0203034
0.0203038
0.0203039
0.0203033
0.0203018
0.0202999
0.0202975
0.0202935
0.0202874
0.0202776
0.0202617
0.020239
0.0202051
0.0202797
0.0202792
0.0202812
0.0202832
0.020285
0.0202864
0.0202874
0.0202882
0.0202886
0.0202888
0.0202888
0.0202886
0.0202884
0.0202884
0.0202883
0.0202882
0.0202881
0.020288
0.020288
0.020288
0.0202881
0.0202882
0.0202882
0.0202884
0.0202887
0.020289
0.0202893
0.0202896
0.0202901
0.0202901
0.0202894
0.0202879
0.0202861
0.0202837
0.0202797
0.0202736
0.0202637
0.0202475
0.0202246
0.0201901
0.0202667
0.0202665
0.0202684
0.0202704
0.0202721
0.0202735
0.0202746
0.0202753
0.0202757
0.0202759
0.0202759
0.0202757
0.0202755
0.0202755
0.0202754
0.0202753
0.0202752
0.0202751
0.0202751
0.0202751
0.0202752
0.0202753
0.0202753
0.0202755
0.0202758
0.0202762
0.0202764
0.0202768
0.0202773
0.0202773
0.0202766
0.0202751
0.0202733
0.020271
0.020267
0.0202608
0.0202508
0.0202343
0.0202113
0.0201762
0.020262
0.0202636
0.0202656
0.0202676
0.0202693
0.0202707
0.0202717
0.0202724
0.0202728
0.020273
0.020273
0.0202728
0.0202726
0.0202725
0.0202725
0.0202724
0.0202722
0.0202722
0.0202721
0.0202722
0.0202723
0.0202724
0.0202724
0.0202726
0.020273
0.0202734
0.0202736
0.020274
0.0202745
0.0202745
0.0202738
0.0202724
0.0202707
0.0202684
0.0202642
0.020258
0.0202479
0.020231
0.0202079
0.0201707
0.0202742
0.0202774
0.0202794
0.0202814
0.0202831
0.0202845
0.0202855
0.0202862
0.0202866
0.0202868
0.0202867
0.0202865
0.0202863
0.0202863
0.0202862
0.0202861
0.020286
0.0202859
0.0202859
0.0202859
0.020286
0.0202862
0.0202863
0.0202865
0.0202869
0.0202872
0.0202875
0.0202879
0.0202884
0.0202885
0.0202877
0.0202863
0.0202846
0.0202823
0.0202781
0.0202719
0.0202615
0.0202444
0.0202213
0.0201821
0.0203009
0.0203051
0.0203073
0.0203092
0.0203109
0.0203124
0.0203134
0.0203141
0.0203145
0.0203146
0.0203145
0.0203143
0.0203141
0.0203141
0.0203141
0.020314
0.0203138
0.0203138
0.0203137
0.0203138
0.0203139
0.020314
0.0203142
0.0203144
0.0203147
0.020315
0.0203153
0.0203158
0.0203164
0.0203164
0.0203157
0.0203142
0.0203125
0.0203101
0.0203059
0.0202997
0.0202891
0.0202717
0.0202485
0.0202076
0.0203395
0.0203446
0.0203468
0.0203488
0.0203505
0.0203519
0.020353
0.0203537
0.020354
0.0203542
0.0203541
0.0203539
0.0203537
0.0203536
0.0203536
0.0203535
0.0203534
0.0203533
0.0203532
0.0203533
0.0203534
0.0203536
0.0203537
0.0203539
0.0203542
0.0203545
0.0203548
0.0203554
0.0203561
0.0203561
0.0203553
0.0203537
0.020352
0.0203496
0.0203454
0.0203392
0.0203284
0.0203108
0.0202872
0.0202448
0.020388
0.0203938
0.0203961
0.0203981
0.0203998
0.0204013
0.0204023
0.020403
0.0204033
0.0204034
0.0204034
0.0204032
0.020403
0.0204029
0.0204028
0.0204027
0.0204026
0.0204025
0.0204025
0.0204025
0.0204027
0.0204029
0.020403
0.0204032
0.0204034
0.0204037
0.0204041
0.0204047
0.0204055
0.0204056
0.0204046
0.020403
0.0204013
0.020399
0.0203947
0.0203884
0.0203775
0.0203595
0.0203355
0.0202921
0.0204445
0.0204508
0.0204532
0.0204552
0.020457
0.0204585
0.0204595
0.0204602
0.0204605
0.0204606
0.0204606
0.0204603
0.0204601
0.02046
0.02046
0.0204598
0.0204597
0.0204596
0.0204596
0.0204597
0.0204599
0.0204601
0.0204602
0.0204603
0.0204606
0.0204609
0.0204613
0.0204621
0.0204629
0.0204629
0.0204618
0.0204601
0.0204585
0.0204563
0.0204518
0.0204455
0.0204345
0.0204162
0.0203917
0.0203475
0.0205075
0.0205141
0.0205166
0.0205186
0.0205204
0.0205219
0.0205229
0.0205236
0.0205239
0.020524
0.020524
0.0205237
0.0205235
0.0205234
0.0205233
0.0205232
0.0205231
0.020523
0.0205231
0.0205231
0.0205233
0.0205235
0.0205237
0.0205238
0.0205241
0.0205244
0.0205249
0.0205256
0.0205264
0.0205264
0.0205252
0.0205236
0.0205221
0.0205197
0.020515
0.0205088
0.0204979
0.0204791
0.0204541
0.0204091
0.0205753
0.0205822
0.0205848
0.0205868
0.0205886
0.0205901
0.0205911
0.0205918
0.0205921
0.0205922
0.0205922
0.0205919
0.0205917
0.0205916
0.0205915
0.0205914
0.0205913
0.0205912
0.0205912
0.0205913
0.0205915
0.0205917
0.0205919
0.0205921
0.0205923
0.0205927
0.0205931
0.020594
0.0205948
0.0205947
0.0205935
0.0205918
0.0205904
0.0205879
0.0205832
0.0205772
0.0205661
0.0205466
0.0205213
0.0204755
0.0206467
0.0206537
0.0206564
0.0206584
0.0206602
0.0206617
0.0206627
0.0206634
0.0206637
0.0206639
0.0206638
0.0206635
0.0206633
0.0206632
0.0206631
0.020663
0.0206629
0.0206629
0.0206628
0.0206629
0.0206631
0.0206634
0.0206636
0.0206638
0.020664
0.0206644
0.0206648
0.0206657
0.0206666
0.0206665
0.0206652
0.0206635
0.0206621
0.0206596
0.020655
0.020649
0.0206374
0.0206175
0.020592
0.0205457
0.0207203
0.0207275
0.0207302
0.0207322
0.020734
0.0207355
0.0207366
0.0207372
0.0207376
0.0207377
0.0207376
0.0207374
0.0207371
0.020737
0.0207369
0.0207368
0.0207367
0.0207367
0.0207366
0.0207367
0.0207369
0.0207372
0.0207374
0.0207376
0.0207379
0.0207382
0.0207387
0.0207396
0.0207404
0.0207402
0.020739
0.0207373
0.0207359
0.0207334
0.0207287
0.0207225
0.0207106
0.0206907
0.0206649
0.0206178
0.0207949
0.0208021
0.0208048
0.0208069
0.0208087
0.0208102
0.0208113
0.0208119
0.0208123
0.0208124
0.0208123
0.0208121
0.0208118
0.0208117
0.0208116
0.0208115
0.0208114
0.0208113
0.0208113
0.0208114
0.0208116
0.020812
0.0208122
0.0208124
0.0208127
0.020813
0.0208134
0.0208144
0.0208152
0.0208151
0.0208139
0.0208121
0.0208106
0.0208081
0.0208034
0.020797
0.0207851
0.020765
0.0207387
0.0206909
0.0208687
0.0208759
0.0208787
0.0208808
0.0208826
0.0208842
0.0208852
0.0208859
0.0208862
0.0208863
0.0208862
0.020886
0.0208857
0.0208856
0.0208855
0.0208854
0.0208853
0.0208853
0.0208852
0.0208853
0.0208856
0.020886
0.0208863
0.0208865
0.0208867
0.0208869
0.0208874
0.0208884
0.0208894
0.0208893
0.0208879
0.020886
0.0208846
0.0208823
0.0208773
0.0208707
0.020859
0.0208384
0.0208115
0.0207635
)
;
    }
    bottom
    {
        type            nutkWallFunction;
        Cmu             0.09;
        kappa           0.41;
        E               9.8;
        value           nonuniform List<scalar> 
1600
(
0.00171753
0.00171734
0.00171734
0.00171734
0.00171735
0.00171735
0.00171735
0.00171735
0.00171735
0.00171735
0.00171735
0.00171735
0.00171735
0.00171735
0.00171735
0.00171735
0.00171735
0.00171735
0.00171735
0.00171735
0.00171735
0.00171735
0.00171735
0.00171735
0.00171735
0.00171735
0.00171735
0.00171735
0.00171735
0.00171735
0.00171735
0.00171735
0.00171735
0.00171736
0.00171736
0.00171737
0.00171738
0.0017174
0.00171743
0.00171771
0.00173059
0.00173032
0.00173034
0.00173034
0.00173035
0.00173035
0.00173036
0.00173036
0.00173036
0.00173036
0.00173036
0.00173036
0.00173036
0.00173036
0.00173036
0.00173036
0.00173036
0.00173036
0.00173036
0.00173036
0.00173036
0.00173036
0.00173036
0.00173036
0.00173036
0.00173036
0.00173036
0.00173036
0.00173036
0.00173036
0.00173036
0.00173036
0.00173036
0.00173036
0.00173037
0.00173037
0.00173038
0.00173039
0.00173042
0.00173078
0.00174491
0.00174457
0.00174461
0.00174463
0.00174464
0.00174464
0.00174465
0.00174465
0.00174465
0.00174465
0.00174465
0.00174465
0.00174466
0.00174466
0.00174466
0.00174466
0.00174466
0.00174466
0.00174466
0.00174466
0.00174466
0.00174466
0.00174466
0.00174466
0.00174465
0.00174465
0.00174465
0.00174465
0.00174465
0.00174465
0.00174465
0.00174465
0.00174465
0.00174465
0.00174466
0.00174466
0.00174466
0.00174466
0.00174468
0.0017451
0.00175855
0.00175815
0.00175819
0.00175822
0.00175824
0.00175825
0.00175825
0.00175826
0.00175826
0.00175826
0.00175826
0.00175826
0.00175827
0.00175827
0.00175827
0.00175827
0.00175827
0.00175827
0.00175827
0.00175827
0.00175827
0.00175827
0.00175827
0.00175827
0.00175827
0.00175827
0.00175827
0.00175827
0.00175826
0.00175826
0.00175826
0.00175826
0.00175826
0.00175826
0.00175826
0.00175826
0.00175826
0.00175826
0.00175825
0.00175873
0.00177197
0.00177153
0.00177158
0.00177162
0.00177164
0.00177165
0.00177166
0.00177166
0.00177167
0.00177167
0.00177168
0.00177168
0.00177168
0.00177168
0.00177168
0.00177168
0.00177168
0.00177168
0.00177168
0.00177168
0.00177168
0.00177168
0.00177168
0.00177168
0.00177168
0.00177168
0.00177168
0.00177168
0.00177168
0.00177168
0.00177168
0.00177168
0.00177167
0.00177167
0.00177167
0.00177166
0.00177166
0.00177165
0.00177163
0.00177217
0.00178572
0.00178522
0.00178528
0.00178534
0.00178537
0.00178538
0.0017854
0.0017854
0.00178541
0.00178541
0.00178542
0.00178542
0.00178542
0.00178542
0.00178542
0.00178542
0.00178542
0.00178542
0.00178542
0.00178543
0.00178543
0.00178543
0.00178542
0.00178542
0.00178542
0.00178542
0.00178542
0.00178542
0.00178542
0.00178542
0.00178542
0.00178542
0.00178541
0.00178541
0.00178541
0.0017854
0.00178538
0.00178536
0.00178534
0.00178596
0.00180024
0.00179967
0.00179973
0.0017998
0.00179984
0.00179986
0.00179988
0.00179989
0.0017999
0.0017999
0.00179991
0.00179991
0.00179991
0.00179992
0.00179992
0.00179992
0.00179992
0.00179992
0.00179992
0.00179993
0.00179993
0.00179992
0.00179992
0.00179992
0.00179992
0.00179992
0.00179992
0.00179992
0.00179992
0.00179991
0.00179991
0.00179991
0.00179991
0.0017999
0.0017999
0.00179988
0.00179986
0.00179983
0.00179979
0.00180051
0.00181587
0.00181522
0.0018153
0.00181539
0.00181544
0.00181546
0.00181549
0.0018155
0.00181551
0.00181552
0.00181552
0.00181553
0.00181553
0.00181554
0.00181554
0.00181554
0.00181554
0.00181554
0.00181555
0.00181555
0.00181555
0.00181555
0.00181555
0.00181554
0.00181554
0.00181554
0.00181554
0.00181554
0.00181553
0.00181553
0.00181553
0.00181553
0.00181552
0.00181552
0.00181551
0.00181548
0.00181546
0.00181542
0.00181536
0.0018162
0.001833
0.00183224
0.00183234
0.00183245
0.00183251
0.00183255
0.00183258
0.00183259
0.00183261
0.00183261
0.00183262
0.00183263
0.00183263
0.00183264
0.00183264
0.00183265
0.00183265
0.00183265
0.00183265
0.00183266
0.00183266
0.00183265
0.00183265
0.00183265
0.00183265
0.00183264
0.00183264
0.00183264
0.00183264
0.00183263
0.00183263
0.00183263
0.00183262
0.00183261
0.0018326
0.00183257
0.00183253
0.00183248
0.0018324
0.00183339
0.00185206
0.00185116
0.00185129
0.00185142
0.0018515
0.00185154
0.00185158
0.00185159
0.00185162
0.00185162
0.00185164
0.00185165
0.00185165
0.00185166
0.00185166
0.00185167
0.00185167
0.00185168
0.00185168
0.00185168
0.00185168
0.00185168
0.00185168
0.00185168
0.00185167
0.00185167
0.00185167
0.00185166
0.00185166
0.00185165
0.00185165
0.00185164
0.00185163
0.00185162
0.0018516
0.00185157
0.00185152
0.00185145
0.00185135
0.00185253
0.00187359
0.00187249
0.00187266
0.00187282
0.00187292
0.00187297
0.00187302
0.00187304
0.00187307
0.00187308
0.0018731
0.00187311
0.00187312
0.00187313
0.00187313
0.00187314
0.00187315
0.00187315
0.00187315
0.00187316
0.00187316
0.00187316
0.00187315
0.00187315
0.00187315
0.00187314
0.00187314
0.00187313
0.00187313
0.00187312
0.00187311
0.0018731
0.00187309
0.00187307
0.00187305
0.001873
0.00187295
0.00187285
0.00187273
0.00187415
0.00189826
0.0018969
0.00189712
0.00189732
0.00189744
0.0018975
0.00189756
0.00189759
0.00189763
0.00189765
0.00189767
0.00189768
0.0018977
0.00189771
0.00189772
0.00189773
0.00189773
0.00189774
0.00189774
0.00189775
0.00189775
0.00189775
0.00189774
0.00189774
0.00189773
0.00189773
0.00189772
0.00189771
0.00189771
0.0018977
0.00189769
0.00189768
0.00189766
0.00189764
0.0018976
0.00189755
0.00189747
0.00189735
0.00189719
0.00189893
0.00192695
0.00192523
0.00192552
0.00192577
0.00192592
0.001926
0.00192608
0.00192612
0.00192616
0.00192619
0.00192622
0.00192624
0.00192626
0.00192627
0.00192628
0.00192629
0.0019263
0.00192631
0.00192632
0.00192633
0.00192633
0.00192632
0.00192632
0.00192631
0.00192631
0.0019263
0.00192629
0.00192628
0.00192627
0.00192626
0.00192624
0.00192623
0.0019262
0.00192617
0.00192613
0.00192606
0.00192596
0.00192581
0.00192558
0.00192776
0.00196083
0.00195863
0.00195901
0.00195933
0.00195952
0.00195963
0.00195972
0.00195978
0.00195983
0.00195987
0.00195991
0.00195993
0.00195996
0.00195998
0.00195999
0.00196001
0.00196002
0.00196003
0.00196004
0.00196005
0.00196005
0.00196005
0.00196004
0.00196003
0.00196002
0.00196001
0.00196
0.00195999
0.00195997
0.00195996
0.00195994
0.00195992
0.00195988
0.00195984
0.00195979
0.0019597
0.00195957
0.00195936
0.00195907
0.00196184
0.00200156
0.00199865
0.00199917
0.00199958
0.00199983
0.00199998
0.0020001
0.00200017
0.00200025
0.00200029
0.00200034
0.00200038
0.00200041
0.00200043
0.00200046
0.00200047
0.00200049
0.00200051
0.00200052
0.00200054
0.00200054
0.00200053
0.00200052
0.00200051
0.0020005
0.00200049
0.00200047
0.00200045
0.00200043
0.00200041
0.00200038
0.00200036
0.00200031
0.00200026
0.00200018
0.00200006
0.00199989
0.00199962
0.00199921
0.00200283
0.00205147
0.00204751
0.00204823
0.00204878
0.00204911
0.00204931
0.00204948
0.00204957
0.00204967
0.00204974
0.0020498
0.00204985
0.00204989
0.00204993
0.00204996
0.00204998
0.00205001
0.00205003
0.00205005
0.00205008
0.00205008
0.00205007
0.00205005
0.00205004
0.00205002
0.00205
0.00204998
0.00204996
0.00204993
0.0020499
0.00204986
0.00204982
0.00204976
0.00204969
0.00204959
0.00204942
0.00204919
0.00204882
0.00204825
0.0020531
0.00211396
0.00210836
0.0021094
0.00211016
0.00211062
0.0021109
0.00211113
0.00211127
0.0021114
0.00211149
0.00211158
0.00211165
0.00211171
0.00211176
0.0021118
0.00211184
0.00211187
0.0021119
0.00211193
0.00211197
0.00211197
0.00211196
0.00211194
0.00211191
0.00211189
0.00211186
0.00211183
0.0021118
0.00211176
0.00211172
0.00211167
0.00211161
0.00211152
0.00211142
0.00211128
0.00211105
0.00211073
0.00211019
0.00210936
0.00211614
0.00219397
0.00218564
0.00218721
0.0021883
0.00218896
0.00218938
0.0021897
0.00218991
0.00219011
0.00219024
0.00219036
0.00219046
0.00219054
0.00219062
0.00219068
0.00219073
0.00219078
0.00219083
0.00219088
0.00219093
0.00219093
0.00219091
0.00219088
0.00219085
0.00219082
0.00219077
0.00219073
0.00219068
0.00219062
0.00219056
0.00219049
0.0021904
0.00219027
0.00219013
0.00218992
0.00218959
0.00218911
0.00218832
0.00218706
0.00219696
0.00229737
0.0022842
0.00228669
0.00228837
0.00228938
0.00229002
0.00229052
0.00229084
0.00229113
0.00229133
0.00229152
0.00229167
0.0022918
0.00229191
0.002292
0.00229209
0.00229217
0.00229225
0.00229232
0.00229239
0.00229241
0.00229237
0.00229232
0.00229227
0.00229222
0.00229215
0.00229209
0.00229201
0.00229193
0.00229183
0.00229171
0.00229158
0.00229139
0.00229116
0.00229083
0.00229033
0.00228958
0.00228834
0.00228629
0.00230168
0.00239815
0.00238007
0.00238284
0.00238471
0.00238582
0.00238651
0.00238704
0.00238736
0.00238767
0.00238788
0.00238807
0.00238822
0.00238835
0.00238846
0.00238855
0.00238864
0.00238872
0.00238879
0.00238886
0.00238892
0.00238893
0.00238888
0.00238882
0.00238876
0.00238869
0.0023886
0.00238851
0.00238841
0.0023883
0.00238818
0.00238802
0.00238786
0.0023876
0.00238731
0.00238688
0.00238622
0.00238525
0.00238364
0.00238099
0.00240088
0.0025112
0.00248787
0.00249126
0.00249355
0.00249491
0.00249575
0.00249639
0.00249678
0.00249715
0.0024974
0.00249764
0.00249781
0.00249797
0.0024981
0.00249821
0.00249832
0.00249841
0.00249849
0.00249858
0.00249865
0.00249867
0.0024986
0.00249853
0.00249844
0.00249835
0.00249824
0.00249813
0.002498
0.00249787
0.0024977
0.00249751
0.0024973
0.00249697
0.0024966
0.00249606
0.00249522
0.00249399
0.00249195
0.00248861
0.00251377
0.0026403
0.00261077
0.00261492
0.00261773
0.0026194
0.00262043
0.0026212
0.00262168
0.00262213
0.00262243
0.00262271
0.00262293
0.00262312
0.00262328
0.00262341
0.00262354
0.00262365
0.00262375
0.00262385
0.00262394
0.00262395
0.00262388
0.00262378
0.00262367
0.00262356
0.00262343
0.00262329
0.00262313
0.00262296
0.00262275
0.00262252
0.00262224
0.00262183
0.00262138
0.00262069
0.00261966
0.00261812
0.00261557
0.00261142
0.0026428
0.00268446
0.00265271
0.00265708
0.00266008
0.00266187
0.00266298
0.00266381
0.00266434
0.00266482
0.00266516
0.00266546
0.0026657
0.00266591
0.00266609
0.00266625
0.00266639
0.00266651
0.00266662
0.00266673
0.00266683
0.00266685
0.00266677
0.00266666
0.00266654
0.00266641
0.00266626
0.00266611
0.00266593
0.00266574
0.00266552
0.00266525
0.00266495
0.00266451
0.002664
0.00266326
0.00266213
0.00266049
0.00265774
0.00265337
0.0026871
0.00260237
0.00257534
0.0025789
0.00258146
0.00258299
0.00258395
0.00258467
0.00258513
0.00258555
0.00258584
0.00258611
0.00258632
0.00258651
0.00258667
0.00258681
0.00258693
0.00258704
0.00258714
0.00258723
0.00258732
0.00258734
0.00258726
0.00258717
0.00258706
0.00258695
0.00258682
0.00258669
0.00258653
0.00258636
0.00258616
0.00258593
0.00258566
0.00258528
0.00258483
0.0025842
0.00258324
0.00258181
0.00257949
0.00257593
0.00260478
0.00253136
0.00250826
0.00251112
0.0025133
0.00251462
0.00251544
0.00251606
0.00251646
0.00251683
0.00251708
0.00251732
0.00251751
0.00251767
0.00251781
0.00251793
0.00251804
0.00251814
0.00251823
0.00251831
0.00251838
0.0025184
0.00251833
0.00251824
0.00251815
0.00251805
0.00251794
0.00251782
0.00251768
0.00251754
0.00251736
0.00251716
0.00251693
0.00251659
0.00251621
0.00251565
0.00251482
0.0025136
0.00251163
0.00250878
0.00253349
0.00247092
0.00245106
0.0024533
0.00245517
0.0024563
0.00245701
0.00245755
0.00245789
0.00245821
0.00245843
0.00245865
0.00245881
0.00245895
0.00245908
0.00245918
0.00245928
0.00245936
0.00245944
0.00245951
0.00245958
0.00245959
0.00245953
0.00245945
0.00245937
0.00245928
0.00245918
0.00245908
0.00245896
0.00245882
0.00245867
0.00245849
0.00245829
0.002458
0.00245766
0.00245718
0.00245645
0.00245541
0.00245373
0.00245149
0.00247262
0.00241959
0.00240243
0.00240416
0.00240575
0.00240673
0.00240734
0.00240781
0.00240811
0.00240839
0.00240858
0.00240877
0.00240892
0.00240905
0.00240916
0.00240925
0.00240933
0.00240941
0.00240947
0.00240954
0.0024096
0.00240961
0.00240955
0.00240948
0.00240941
0.00240933
0.00240924
0.00240915
0.00240904
0.00240892
0.00240879
0.00240863
0.00240845
0.00240819
0.00240789
0.00240747
0.00240684
0.00240593
0.0024045
0.00240278
0.00242086
0.00237604
0.00236112
0.00236241
0.00236377
0.00236463
0.00236516
0.00236558
0.00236584
0.00236609
0.00236626
0.00236643
0.00236656
0.00236667
0.00236677
0.00236685
0.00236692
0.00236699
0.00236705
0.00236711
0.00236716
0.00236717
0.00236712
0.00236706
0.00236699
0.00236692
0.00236684
0.00236675
0.00236666
0.00236655
0.00236643
0.00236629
0.00236613
0.0023659
0.00236563
0.00236525
0.0023647
0.00236391
0.00236268
0.00236139
0.00237697
0.00233629
0.0023229
0.00232383
0.002325
0.00232575
0.00232621
0.00232659
0.00232682
0.00232704
0.00232719
0.00232735
0.00232746
0.00232756
0.00232765
0.00232772
0.00232779
0.00232785
0.00232791
0.00232796
0.002328
0.00232801
0.00232797
0.00232791
0.00232785
0.00232779
0.00232771
0.00232763
0.00232754
0.00232745
0.00232734
0.00232721
0.00232707
0.00232686
0.00232662
0.00232629
0.00232579
0.00232511
0.00232405
0.00232311
0.002337
0.00229322
0.00228109
0.00228176
0.00228276
0.00228342
0.00228383
0.00228416
0.00228436
0.00228456
0.00228469
0.00228483
0.00228493
0.00228503
0.0022851
0.00228517
0.00228523
0.00228528
0.00228533
0.00228538
0.00228542
0.00228543
0.00228539
0.00228533
0.00228528
0.00228522
0.00228516
0.00228509
0.00228501
0.00228492
0.00228482
0.00228471
0.00228458
0.0022844
0.00228418
0.00228388
0.00228345
0.00228285
0.00228193
0.00228125
0.00229378
0.00224861
0.0022379
0.0022384
0.00223926
0.00223984
0.00224019
0.00224048
0.00224065
0.00224084
0.00224096
0.00224107
0.00224117
0.00224125
0.00224131
0.00224137
0.00224143
0.00224147
0.00224152
0.00224156
0.00224159
0.0022416
0.00224157
0.00224152
0.00224147
0.00224142
0.00224136
0.0022413
0.00224123
0.00224115
0.00224107
0.00224096
0.00224085
0.00224069
0.0022405
0.00224024
0.00223986
0.00223933
0.00223855
0.00223805
0.00224904
0.00220569
0.00219643
0.00219681
0.00219755
0.00219805
0.00219835
0.00219861
0.00219876
0.00219892
0.00219903
0.00219913
0.00219921
0.00219928
0.00219934
0.00219939
0.00219944
0.00219948
0.00219952
0.00219955
0.00219959
0.00219959
0.00219956
0.00219952
0.00219948
0.00219943
0.00219938
0.00219933
0.00219927
0.0021992
0.00219912
0.00219903
0.00219893
0.00219879
0.00219862
0.0021984
0.00219806
0.00219761
0.00219694
0.00219655
0.00220606
0.002166
0.00215811
0.0021584
0.00215902
0.00215946
0.00215972
0.00215995
0.00216008
0.00216021
0.00216031
0.0021604
0.00216047
0.00216053
0.00216058
0.00216063
0.00216067
0.0021607
0.00216074
0.00216077
0.0021608
0.0021608
0.00216078
0.00216074
0.0021607
0.00216066
0.00216062
0.00216057
0.00216052
0.00216046
0.00216039
0.00216031
0.00216022
0.0021601
0.00215996
0.00215975
0.00215946
0.00215908
0.0021585
0.00215821
0.0021663
0.00213003
0.0021234
0.00212363
0.00212415
0.00212454
0.00212475
0.00212496
0.00212507
0.00212519
0.00212527
0.00212535
0.00212542
0.00212547
0.00212551
0.00212555
0.00212559
0.00212562
0.00212565
0.00212568
0.0021257
0.00212571
0.00212568
0.00212565
0.00212562
0.00212559
0.00212555
0.0021255
0.00212546
0.0021254
0.00212535
0.00212528
0.0021252
0.00212509
0.00212497
0.00212478
0.00212455
0.0021242
0.00212371
0.00212351
0.00213027
0.00209776
0.0020923
0.00209249
0.0020929
0.00209326
0.00209343
0.00209361
0.00209371
0.00209381
0.00209389
0.00209395
0.00209401
0.00209406
0.0020941
0.00209413
0.00209416
0.00209419
0.00209422
0.00209424
0.00209426
0.00209427
0.00209425
0.00209422
0.00209419
0.00209416
0.00209412
0.00209409
0.00209404
0.002094
0.00209395
0.00209389
0.00209382
0.00209372
0.00209361
0.00209347
0.00209325
0.00209296
0.00209254
0.0020924
0.00209796
0.00206879
0.00206445
0.00206462
0.0020649
0.00206523
0.00206539
0.00206553
0.00206563
0.00206571
0.00206578
0.00206584
0.00206588
0.00206592
0.00206596
0.00206599
0.00206602
0.00206604
0.00206606
0.00206608
0.0020661
0.00206611
0.00206609
0.00206607
0.00206604
0.00206601
0.00206598
0.00206595
0.00206591
0.00206587
0.00206583
0.00206578
0.00206572
0.00206563
0.00206555
0.0020654
0.00206523
0.00206499
0.00206463
0.00206457
0.00206893
0.00204214
0.00203898
0.00203918
0.00203938
0.00203963
0.00203976
0.00203988
0.00203997
0.00204004
0.0020401
0.00204015
0.00204019
0.00204022
0.00204025
0.00204028
0.0020403
0.00204032
0.00204034
0.00204036
0.00204038
0.00204038
0.00204037
0.00204035
0.00204032
0.0020403
0.00204027
0.00204024
0.00204021
0.00204018
0.00204014
0.00204009
0.00204004
0.00203998
0.00203989
0.00203978
0.00203964
0.00203941
0.00203915
0.00203912
0.00204225
0.00201501
0.00201345
0.00201363
0.00201379
0.00201398
0.00201408
0.00201417
0.00201424
0.0020143
0.00201434
0.00201439
0.00201442
0.00201445
0.00201447
0.0020145
0.00201452
0.00201453
0.00201455
0.00201457
0.00201459
0.00201459
0.00201457
0.00201456
0.00201454
0.00201452
0.00201449
0.00201447
0.00201444
0.00201441
0.00201438
0.00201434
0.0020143
0.00201425
0.00201418
0.00201409
0.00201397
0.00201382
0.00201362
0.0020137
0.00201506
0.00198933
0.00198806
0.00198825
0.00198841
0.00198858
0.00198868
0.00198875
0.00198881
0.00198886
0.00198891
0.00198894
0.00198897
0.001989
0.00198902
0.00198904
0.00198906
0.00198907
0.00198909
0.0019891
0.00198912
0.00198912
0.00198911
0.00198909
0.00198907
0.00198906
0.00198904
0.00198902
0.00198899
0.00198897
0.00198893
0.00198891
0.00198886
0.00198881
0.00198877
0.00198868
0.00198859
0.00198843
0.00198827
0.00198823
0.00198927
0.00197306
0.00197216
0.00197236
0.00197252
0.00197266
0.00197275
0.00197282
0.00197287
0.00197292
0.00197296
0.00197299
0.00197301
0.00197304
0.00197306
0.00197307
0.00197309
0.00197311
0.00197312
0.00197313
0.00197315
0.00197315
0.00197314
0.00197312
0.00197311
0.00197309
0.00197307
0.00197305
0.00197303
0.00197301
0.00197299
0.00197295
0.00197292
0.00197288
0.00197282
0.00197276
0.00197266
0.00197254
0.00197237
0.00197228
0.001973
)
;
    }
    right
    {
        type            calculated;
        value           nonuniform List<scalar> 
1600
(
0.020338
0.0210458
0.0207527
0.0205577
0.0204382
0.0203732
0.0203468
0.0203478
0.0203682
0.0204027
0.0204476
0.0205005
0.0205599
0.0206248
0.0206945
0.0207689
0.0208478
0.0209312
0.0210191
0.0211118
0.0212094
0.0213122
0.0214204
0.0215343
0.0216543
0.0217805
0.0219133
0.0202386
0.0179154
0.0160251
0.0144749
0.0131357
0.0119528
0.0108471
0.00976666
0.00870569
0.00768594
0.00658482
0.00105841
0.000291263
0.0205287
0.0212636
0.0208191
0.0205451
0.0203845
0.020299
0.0202632
0.0202608
0.0202811
0.0203174
0.020365
0.0204212
0.0204842
0.0205531
0.0206271
0.0207059
0.0207896
0.0208781
0.0209717
0.0210706
0.0211751
0.0212857
0.0214028
0.021527
0.021659
0.0217995
0.0219495
0.0211247
0.0183494
0.016097
0.0141956
0.0125978
0.0112087
0.00993427
0.00871355
0.00751815
0.00630911
0.00462701
0.00126881
0.000319618
0.0205257
0.0212498
0.0208182
0.0205538
0.0203993
0.0203175
0.020284
0.0202829
0.020304
0.0203405
0.0203882
0.0204442
0.0205068
0.020575
0.0206481
0.0207259
0.0208081
0.020895
0.0209867
0.0210834
0.0211855
0.0212934
0.0214075
0.0215283
0.0216566
0.0217931
0.0219386
0.0206813
0.017986
0.0157835
0.0139531
0.0124185
0.0110746
0.00983043
0.00862516
0.00742521
0.00619121
0.00428326
0.00130821
0.000352123
0.0205367
0.0212599
0.0208053
0.0205267
0.0203635
0.0202764
0.0202396
0.0202363
0.0202557
0.0202907
0.0203367
0.020391
0.0204516
0.0205175
0.020588
0.0206627
0.0207416
0.0208246
0.0209119
0.0210037
0.0211002
0.0212016
0.0213085
0.0214209
0.0215395
0.0216647
0.0217969
0.0219366
0.0210756
0.0184388
0.016342
0.0145779
0.0130181
0.0115748
0.0101845
0.00881985
0.00747335
0.00505247
0.0013072
0.000369154
0.020541
0.0212674
0.0208141
0.0205361
0.020373
0.0202856
0.0202483
0.0202445
0.0202633
0.0202978
0.0203433
0.020397
0.020457
0.0205223
0.0205921
0.0206661
0.0207442
0.0208265
0.0209128
0.0210036
0.0210989
0.021199
0.0213041
0.0214146
0.0215308
0.021653
0.0217816
0.0219168
0.0214621
0.0188441
0.016771
0.0150772
0.0135784
0.0121968
0.0108774
0.00960803
0.00840582
0.0056979
0.00130089
0.000381728
0.0205408
0.021261
0.0208149
0.0205411
0.0203802
0.0202937
0.0202567
0.0202527
0.0202711
0.0203049
0.0203498
0.0204027
0.020462
0.0205264
0.0205954
0.0206685
0.0207457
0.0208268
0.0209121
0.0210015
0.0210954
0.0211938
0.021297
0.0214052
0.0215186
0.0216374
0.0217619
0.0218919
0.0219241
0.019329
0.0172851
0.0156672
0.0142503
0.0129548
0.0117298
0.0105729
0.00951468
0.00638128
0.00130596
0.000391953
0.0205382
0.0212475
0.0208115
0.0205436
0.020386
0.0203012
0.0202647
0.0202607
0.0202786
0.0203118
0.0203559
0.0204079
0.0204662
0.0205297
0.0205976
0.0206696
0.0207456
0.0208255
0.0209094
0.0209974
0.0210895
0.021186
0.0212869
0.0213925
0.0215029
0.0216181
0.021738
0.0218626
0.0219912
0.0198819
0.0178714
0.0163029
0.0150002
0.0138108
0.0126947
0.0116561
0.0107335
0.00705668
0.00131941
0.000401255
0.0205338
0.0212293
0.0208053
0.0205446
0.020391
0.0203082
0.0202725
0.0202684
0.020286
0.0203184
0.0203615
0.0204126
0.0204698
0.0205321
0.0205988
0.0206696
0.0207442
0.0208227
0.020905
0.0209912
0.0210814
0.0211758
0.0212743
0.0213771
0.0214842
0.0215955
0.0217108
0.0218296
0.0219513
0.020491
0.0185166
0.0169943
0.0157952
0.0147264
0.0137272
0.0128084
0.0120153
0.00770241
0.00133883
0.00041039
0.0205278
0.0212074
0.0207969
0.0205443
0.0203953
0.0203148
0.02028
0.020276
0.020293
0.0203247
0.0203668
0.0204167
0.0204727
0.0205337
0.020599
0.0206684
0.0207415
0.0208183
0.0208989
0.0209833
0.0210714
0.0211634
0.0212594
0.0213592
0.0214629
0.0215702
0.0216807
0.0217939
0.0219087
0.0211441
0.0192068
0.0177317
0.0165903
0.0156574
0.0147833
0.013985
0.0133142
0.00830601
0.00136272
0.000419856
0.0205204
0.0211821
0.0207866
0.0205429
0.0203989
0.0203209
0.0202872
0.0202833
0.0202998
0.0203306
0.0203716
0.0204203
0.0204749
0.0205345
0.0205983
0.0206661
0.0207375
0.0208126
0.0208914
0.0209737
0.0210596
0.0211492
0.0212424
0.0213392
0.0214394
0.0215427
0.0216486
0.0217564
0.0218647
0.0218292
0.0199292
0.0185009
0.0174156
0.0165473
0.0158131
0.0151396
0.0145883
0.00886412
0.00139034
0.000430071
0.0205115
0.0211539
0.0207745
0.0205404
0.0204018
0.0203266
0.020294
0.0202902
0.0203062
0.0203361
0.0203759
0.0204233
0.0204764
0.0205345
0.0205967
0.0206628
0.0207325
0.0208057
0.0208824
0.0209626
0.0210462
0.0211333
0.0212238
0.0213175
0.0214142
0.0215136
0.0216151
0.0217176
0.02182
0.0219198
0.0206723
0.0192895
0.0182581
0.0174493
0.0167766
0.0162147
0.015787
0.00937768
0.0014214
0.000441441
0.0205013
0.0211229
0.0207607
0.0205369
0.020404
0.0203318
0.0203004
0.0202968
0.0203123
0.0203412
0.0203798
0.0204257
0.0204773
0.0205337
0.0205942
0.0206585
0.0207263
0.0207975
0.0208722
0.0209502
0.0210314
0.021116
0.0212036
0.0212943
0.0213877
0.0214833
0.0215805
0.0216784
0.0217754
0.0218693
0.0214259
0.0200869
0.019107
0.0183538
0.0177373
0.0172297
0.0168574
0.0098528
0.00145592
0.000454433
0.0204898
0.0210894
0.0207452
0.0205322
0.0204054
0.0203364
0.0203064
0.020303
0.0203179
0.0203458
0.0203831
0.0204275
0.0204775
0.0205322
0.0205909
0.0206533
0.0207191
0.0207884
0.0208608
0.0209365
0.0210154
0.0210974
0.0211823
0.02127
0.0213601
0.0214522
0.0215455
0.0216392
0.0217316
0.0218204
0.021902
0.0208843
0.0199531
0.0192522
0.0186876
0.0182289
0.0179069
0.0103038
0.00149413
0.000469631
0.0204772
0.0210537
0.0207283
0.0205266
0.0204062
0.0203405
0.0203119
0.0203087
0.020323
0.0203499
0.0203859
0.0204287
0.0204771
0.02053
0.0205868
0.0206473
0.0207111
0.0207782
0.0208485
0.0209219
0.0209983
0.0210777
0.02116
0.0212448
0.0213318
0.0214207
0.0215105
0.0216005
0.021689
0.0217739
0.0218514
0.0216744
0.0207895
0.0201376
0.0196211
0.0192073
0.0189324
0.0107352
0.00153626
0.000487819
0.0204637
0.0210161
0.02071
0.0205199
0.0204062
0.020344
0.0203169
0.0203139
0.0203277
0.0203535
0.0203881
0.0204294
0.020476
0.0205271
0.020582
0.0206404
0.0207022
0.0207672
0.0208352
0.0209063
0.0209804
0.0210573
0.0211369
0.021219
0.0213032
0.0213891
0.0214759
0.0215628
0.0216482
0.02173
0.0218046
0.0218663
0.0216104
0.0210049
0.0205335
0.0201615
0.0199313
0.0111518
0.00158271
0.000510104
0.0204494
0.0209767
0.0206905
0.0205124
0.0204055
0.0203469
0.0203214
0.0203186
0.0203319
0.0203566
0.0203898
0.0204295
0.0204743
0.0205235
0.0205764
0.0206329
0.0206925
0.0207553
0.0208212
0.02089
0.0209617
0.0210362
0.0211133
0.0211929
0.0212745
0.0213578
0.0214421
0.0215265
0.0216096
0.0216892
0.0217621
0.0218227
0.0218621
0.0218504
0.0214216
0.0210891
0.0209026
0.011559
0.00163403
0.000538116
0.0204344
0.020936
0.0206698
0.0205039
0.020404
0.0203492
0.0203252
0.0203228
0.0203355
0.0203592
0.0203909
0.020429
0.020472
0.0205193
0.0205702
0.0206246
0.0206822
0.0207428
0.0208065
0.020873
0.0209425
0.0210147
0.0210895
0.0211667
0.0212461
0.0213273
0.0214095
0.021492
0.0215735
0.021652
0.0217242
0.0217848
0.0218254
0.0218354
0.0218111
0.0217502
0.0215916
0.0119618
0.00169094
0.000574339
0.020419
0.0208942
0.0206482
0.0204946
0.0204019
0.0203508
0.0203285
0.0203264
0.0203386
0.0203611
0.0203915
0.0204278
0.0204691
0.0205144
0.0205634
0.0206157
0.0206712
0.0207297
0.0207912
0.0208556
0.0209229
0.0209929
0.0210657
0.0211409
0.0212184
0.0212977
0.0213785
0.0214598
0.0215404
0.0216185
0.021691
0.0217528
0.0217957
0.0218097
0.0217913
0.0217381
0.0215914
0.0123655
0.00175438
0.000622612
0.0204032
0.0208516
0.0206258
0.0204846
0.020399
0.0203517
0.0203311
0.0203294
0.020341
0.0203625
0.0203914
0.0204261
0.0204655
0.0205089
0.020556
0.0206063
0.0206597
0.0207161
0.0207756
0.020838
0.0209032
0.0209713
0.0210422
0.0211158
0.0211917
0.0212698
0.0213495
0.0214302
0.0215107
0.0215892
0.0216628
0.0217267
0.0217731
0.0217923
0.0217811
0.0217373
0.0216056
0.0127756
0.00182567
0.000688205
0.0203871
0.0208084
0.0206026
0.0204737
0.0203953
0.0203519
0.0203331
0.0203317
0.0203429
0.0203633
0.0203908
0.0204238
0.0204614
0.020503
0.0205481
0.0205964
0.0206479
0.0207024
0.0207599
0.0208204
0.0208839
0.0209503
0.0210197
0.0210919
0.0211667
0.021244
0.0213232
0.0214038
0.0214847
0.0215643
0.0216398
0.0217068
0.0217576
0.0217833
0.0217807
0.021748
0.0216351
0.0131986
0.00190688
0.000755449
0.020371
0.020765
0.0205789
0.0204622
0.020391
0.0203515
0.0203344
0.0203334
0.0203441
0.0203635
0.0203896
0.020421
0.0204569
0.0204967
0.02054
0.0205865
0.0206362
0.020689
0.0207448
0.0208037
0.0208657
0.0209308
0.0209989
0.0210701
0.0211441
0.0212209
0.0213
0.0213809
0.0214627
0.021544
0.0216222
0.0216929
0.0217492
0.0217826
0.0217902
0.0217709
0.0216813
0.0136417
0.00199742
0.00083491
0.020355
0.0207215
0.0205547
0.0204501
0.0203859
0.0203504
0.0203352
0.0203348
0.0203451
0.0203637
0.0203886
0.0204186
0.020453
0.0204913
0.0205329
0.0205779
0.020626
0.0206773
0.0207316
0.0207892
0.0208499
0.0209138
0.0209809
0.0210513
0.0211248
0.0212012
0.0212804
0.021362
0.0214451
0.0215285
0.0216098
0.0216852
0.021748
0.0217903
0.0218101
0.0218066
0.0217462
0.0141124
0.00209894
0.000930935
0.0203391
0.0206754
0.0205278
0.0204363
0.020381
0.020351
0.0203392
0.0203404
0.0203511
0.020369
0.0203927
0.0204212
0.0204539
0.0204904
0.0205304
0.0205737
0.0206202
0.0206698
0.0207227
0.0207788
0.0208381
0.0209008
0.0209669
0.0210364
0.0211093
0.0211856
0.021265
0.0213473
0.0214318
0.0215176
0.0216026
0.0216833
0.0217536
0.0218064
0.0218403
0.0218558
0.0218322
0.0146191
0.00221186
0.000964325
0.0203235
0.0206286
0.020499
0.0204203
0.0203739
0.0203501
0.0203424
0.0203463
0.0203588
0.0203778
0.0204018
0.02043
0.0204618
0.0204969
0.0205349
0.0205761
0.0206205
0.0206683
0.0207193
0.0207737
0.0208315
0.0208928
0.0209577
0.0210263
0.0210985
0.0211744
0.0212539
0.0213369
0.0214231
0.0215114
0.0216004
0.0216869
0.0217656
0.0218301
0.0218804
0.0219184
0.0219413
0.0151706
0.00233735
0.000899764
0.0203083
0.0205833
0.0204712
0.0204048
0.0203669
0.0203489
0.0203451
0.0203515
0.0203655
0.0203854
0.0204099
0.0204382
0.0204699
0.0205048
0.0205426
0.0205832
0.0206267
0.0206732
0.0207224
0.0207748
0.0208308
0.0208905
0.0209541
0.0210215
0.0210929
0.0211684
0.021248
0.0213318
0.0214194
0.0215103
0.0216032
0.0216956
0.0217828
0.0218598
0.0219278
0.0219916
0.022072
0.0157725
0.00247734
0.000845762
0.0202937
0.02054
0.0204448
0.0203902
0.0203603
0.0203478
0.0203475
0.0203563
0.0203718
0.0203924
0.0204171
0.0204453
0.0204767
0.020511
0.0205481
0.0205881
0.0206311
0.0206773
0.0207266
0.0207789
0.0208347
0.0208942
0.020957
0.0210233
0.0210938
0.0211689
0.0212487
0.0213332
0.0214225
0.0215159
0.0216128
0.0217109
0.0218065
0.0218955
0.0219808
0.0220699
0.0222143
0.0164125
0.00262541
0.000801097
0.0202797
0.0204989
0.0204199
0.0203766
0.0203542
0.0203468
0.0203499
0.0203608
0.0203775
0.0203987
0.0204236
0.0204517
0.0204827
0.0205163
0.0205526
0.0205915
0.0206333
0.020678
0.0207259
0.0207774
0.0208327
0.0208923
0.0209559
0.0210235
0.0210957
0.021173
0.0212559
0.0213421
0.0214332
0.0215293
0.0216303
0.0217346
0.0218393
0.0219407
0.0220431
0.0221576
0.0223688
0.0170837
0.00278176
0.000764069
0.0202667
0.0204604
0.0203969
0.0203641
0.0203489
0.0203461
0.0203523
0.0203651
0.0203829
0.0204047
0.0204297
0.0204576
0.0204881
0.020521
0.0205565
0.0205944
0.0206349
0.0206782
0.0207244
0.0207739
0.0208269
0.0208838
0.020945
0.0210111
0.0210826
0.0211603
0.0212449
0.0213346
0.0214304
0.0215329
0.0216424
0.0217583
0.0218789
0.0219953
0.0221153
0.0222549
0.0225332
0.0177806
0.00294755
0.00073327
0.020262
0.0204312
0.0203816
0.0203582
0.020349
0.0203501
0.0203586
0.0203727
0.0203911
0.0204129
0.0204377
0.0204651
0.0204949
0.020527
0.0205614
0.0205981
0.0206372
0.020679
0.0207235
0.020771
0.0208218
0.020876
0.0209342
0.0209967
0.021064
0.0211367
0.0212153
0.0213006
0.0213933
0.0214939
0.0216029
0.0217202
0.0218446
0.021969
0.0221007
0.0222576
0.0225813
0.0182619
0.00306437
0.000705702
0.0202742
0.0204195
0.0203817
0.0203656
0.0203609
0.0203644
0.020374
0.0203883
0.0204063
0.0204274
0.0204512
0.0204775
0.020506
0.0205367
0.0205696
0.0206048
0.0206423
0.0206822
0.0207248
0.0207702
0.0208185
0.0208701
0.0209253
0.0209843
0.0210475
0.0211154
0.0211885
0.0212672
0.021352
0.0214431
0.0215402
0.0216423
0.0217469
0.021851
0.0219603
0.0220894
0.0223655
0.0181208
0.00300505
0.00067658
0.0203009
0.0204238
0.0203963
0.0203864
0.0203849
0.0203898
0.0203996
0.0204133
0.0204302
0.0204498
0.020472
0.0204964
0.020523
0.0205518
0.0205827
0.0206159
0.0206513
0.0206891
0.0207294
0.0207723
0.0208181
0.0208669
0.0209189
0.0209745
0.0210338
0.0210973
0.0211651
0.0212378
0.0213154
0.0213978
0.0214843
0.021573
0.0216603
0.0217424
0.0218229
0.0219128
0.0221162
0.0178045
0.00288628
0.000647181
0.0203395
0.0204427
0.0204241
0.0204192
0.0204202
0.0204257
0.020435
0.0204474
0.0204626
0.0204802
0.0205001
0.0205222
0.0205465
0.0205728
0.0206013
0.020632
0.0206649
0.0207002
0.0207378
0.0207781
0.020821
0.0208668
0.0209156
0.0209677
0.0210232
0.0210823
0.0211454
0.0212125
0.0212836
0.0213584
0.0214357
0.0215131
0.0215859
0.021649
0.0217042
0.0217594
0.0218962
0.0175207
0.00277747
0.00061958
0.020388
0.020475
0.020464
0.0204631
0.0204656
0.0204711
0.0204793
0.02049
0.020503
0.0205182
0.0205355
0.0205548
0.0205763
0.0205998
0.0206255
0.0206533
0.0206833
0.0207157
0.0207504
0.0207877
0.0208275
0.0208701
0.0209155
0.020964
0.0210157
0.0210707
0.0211292
0.0211912
0.0212566
0.0213248
0.0213943
0.0214622
0.021523
0.0215705
0.0216046
0.02163
0.0217079
0.0172864
0.00268335
0.000594618
0.0204445
0.0205173
0.020513
0.0205154
0.020519
0.0205241
0.0205309
0.0205396
0.0205501
0.0205626
0.020577
0.0205934
0.0206118
0.0206323
0.0206548
0.0206795
0.0207064
0.0207355
0.0207671
0.0208011
0.0208376
0.0208768
0.0209187
0.0209635
0.0210113
0.0210623
0.0211164
0.0211737
0.021234
0.0212964
0.0213595
0.0214197
0.0214711
0.0215063
0.0215235
0.0215243
0.0215503
0.0171023
0.00260443
0.000572477
0.0205075
0.0205677
0.0205691
0.0205742
0.0205785
0.0205829
0.0205881
0.0205946
0.0206026
0.0206123
0.0206237
0.020637
0.0206523
0.0206695
0.0206887
0.0207101
0.0207336
0.0207594
0.0207876
0.0208181
0.0208512
0.0208868
0.0209251
0.0209661
0.0210101
0.021057
0.0211069
0.0211598
0.0212154
0.0212729
0.0213306
0.0213849
0.0214295
0.021456
0.0214613
0.0214435
0.0214243
0.0169624
0.00254163
0.000553026
0.0205753
0.0206249
0.0206308
0.0206379
0.0206424
0.0206459
0.0206495
0.0206537
0.0206592
0.0206661
0.0206745
0.0206847
0.0206967
0.0207107
0.0207266
0.0207446
0.0207646
0.020787
0.0208116
0.0208385
0.0208679
0.0208999
0.0209344
0.0209717
0.0210117
0.0210546
0.0211004
0.021149
0.0212003
0.0212535
0.0213069
0.021357
0.0213973
0.0214192
0.0214186
0.0213906
0.0213359
0.0168413
0.00249777
0.000535958
0.0206467
0.0206874
0.0206969
0.0207053
0.0207096
0.020712
0.0207138
0.0207158
0.0207188
0.0207229
0.0207284
0.0207356
0.0207444
0.0207551
0.0207677
0.0207822
0.0207988
0.0208176
0.0208387
0.020862
0.0208877
0.0209158
0.0209465
0.0209799
0.021016
0.0210548
0.0210965
0.0211411
0.0211883
0.0212375
0.0212873
0.0213344
0.0213729
0.0213946
0.0213959
0.0213707
0.0212983
0.016657
0.00247953
0.000520739
0.0207203
0.0207545
0.0207663
0.0207753
0.020779
0.0207801
0.0207801
0.02078
0.0207805
0.020782
0.0207847
0.0207889
0.0207947
0.0208022
0.0208115
0.0208227
0.0208359
0.0208512
0.0208686
0.0208883
0.0209102
0.0209345
0.0209614
0.0209907
0.0210227
0.0210575
0.021095
0.0211353
0.0211784
0.0212238
0.0212702
0.0213151
0.0213535
0.0213789
0.0213909
0.0213877
0.021333
0.0161872
0.00250036
0.000505983
0.0207949
0.0208247
0.0208383
0.0208478
0.0208521
0.0208539
0.0208541
0.0208534
0.0208525
0.020852
0.0208524
0.0208539
0.0208566
0.0208609
0.0208667
0.0208742
0.0208835
0.0208946
0.0209075
0.0209224
0.0209393
0.0209582
0.0209791
0.0210021
0.0210272
0.0210544
0.0210839
0.0211156
0.0211498
0.0211863
0.0212247
0.0212639
0.021301
0.0213329
0.0213637
0.0214042
0.0214264
0.0149923
0.00250919
0.000493228
0.0208687
0.0209173
0.0210208
0.0212123
0.0215028
0.0219035
0.0221092
0.0222072
0.0222492
0.0222616
0.0222574
0.0222433
0.0222222
0.0221954
0.0211207
0.0182516
0.0157988
0.0136922
0.0118766
0.0103081
0.00895157
0.00777854
0.00676578
0.00589431
0.00514861
0.00451599
0.00398603
0.00355006
0.00320046
0.00292959
0.00272838
0.00258468
0.00248273
0.0024056
0.00234026
0.00228173
0.00224366
0.00264056
0.00173739
0.000432521
)
;
    }
    left
    {
        type            calculated;
        value           nonuniform List<scalar> 
1600
(
0.0203245
0.0210091
0.0207142
0.0205172
0.0203954
0.0203281
0.0202992
0.0202975
0.0203151
0.0203466
0.0203884
0.020438
0.0204938
0.020555
0.0206208
0.0206909
0.0207652
0.0208436
0.0209262
0.0210131
0.0211045
0.0212006
0.0213015
0.0214076
0.021519
0.0216361
0.0217591
0.0202378
0.0179148
0.0160261
0.0144803
0.013143
0.0119605
0.0108547
0.00977373
0.00871205
0.00769149
0.0065894
0.00105909
0.000291331
0.0205
0.0212224
0.0207756
0.0204995
0.0203368
0.0202489
0.0202107
0.0202058
0.0202234
0.0202567
0.0203012
0.0203542
0.0204138
0.0204789
0.0205489
0.0206235
0.0207025
0.0207861
0.0208744
0.0209675
0.0210658
0.0211696
0.0212795
0.0213959
0.0215194
0.0216509
0.0217912
0.0211238
0.0183488
0.0161015
0.0142019
0.012605
0.0112162
0.00994148
0.00872013
0.00752393
0.00631393
0.00463044
0.00126969
0.000319695
0.0204898
0.0212018
0.0207691
0.0205032
0.0203469
0.020263
0.0202272
0.0202236
0.0202421
0.0202757
0.0203204
0.0203731
0.0204323
0.0204967
0.0205658
0.0206393
0.020717
0.020799
0.0208853
0.0209763
0.0210722
0.0211734
0.0212804
0.0213935
0.0215136
0.0216412
0.0217773
0.0206804
0.0179853
0.0157869
0.0139576
0.0124248
0.0110819
0.00983776
0.00863198
0.00743122
0.0061962
0.00428664
0.00130921
0.000352205
0.0204964
0.021208
0.0207524
0.0204724
0.0203075
0.0202184
0.0201793
0.0201736
0.0201903
0.0202224
0.0202655
0.0203165
0.0203737
0.0204358
0.0205023
0.0205728
0.0206471
0.0207253
0.0208073
0.0208935
0.0209839
0.0210789
0.0211787
0.0212838
0.0213944
0.0215111
0.0216344
0.0217648
0.0210747
0.0184383
0.0163417
0.0145838
0.0130263
0.0115836
0.0101929
0.0088274
0.00747983
0.00505677
0.00130831
0.000369238
0.0204969
0.0212121
0.0207579
0.0204785
0.0203137
0.0202243
0.0201848
0.0201785
0.0201948
0.0202264
0.0202688
0.0203193
0.0203758
0.0204374
0.0205032
0.0205731
0.0206467
0.0207241
0.0208053
0.0208905
0.0209798
0.0210736
0.0211719
0.0212752
0.0213838
0.0214979
0.021618
0.0217443
0.0214613
0.0188436
0.0167706
0.0150829
0.0135866
0.0122059
0.0108866
0.00961662
0.00841363
0.0057032
0.00130214
0.000381824
0.0204934
0.0212026
0.0207556
0.0204805
0.0203179
0.0202294
0.0201902
0.0201838
0.0201995
0.0202305
0.0202723
0.0203221
0.0203779
0.0204386
0.0205037
0.0205726
0.0206454
0.0207218
0.020802
0.020886
0.0209741
0.0210663
0.021163
0.0212643
0.0213704
0.0214815
0.0215979
0.0217197
0.0218468
0.0193285
0.0172847
0.0156716
0.0142574
0.0129637
0.0117396
0.0105826
0.00952385
0.00638753
0.00130733
0.000392068
0.0204877
0.0211863
0.0207493
0.0204802
0.0203209
0.0202341
0.0201954
0.0201889
0.0202042
0.0202346
0.0202757
0.0203245
0.0203794
0.0204393
0.0205034
0.0205713
0.020643
0.0207183
0.0207972
0.0208799
0.0209665
0.021057
0.0211517
0.0212507
0.0213541
0.021462
0.0215744
0.0216912
0.021812
0.0198814
0.0178711
0.0163027
0.0150049
0.0138186
0.0127044
0.0116668
0.0107443
0.00706399
0.0013209
0.000401391
0.0204802
0.0211652
0.0207403
0.0204783
0.0203231
0.0202383
0.0202004
0.020194
0.0202089
0.0202386
0.0202788
0.0203267
0.0203806
0.0204394
0.0205023
0.0205691
0.0206396
0.0207136
0.0207911
0.0208723
0.0209572
0.0210458
0.0211384
0.0212349
0.0213354
0.0214398
0.021548
0.0216597
0.0217741
0.0204904
0.0185161
0.016994
0.0157953
0.014732
0.0137358
0.012819
0.0120268
0.00771057
0.00134047
0.000410555
0.020471
0.0211405
0.0207292
0.0204753
0.0203246
0.0202422
0.0202053
0.020199
0.0202135
0.0202425
0.0202817
0.0203286
0.0203814
0.0204389
0.0205007
0.0205662
0.0206353
0.0207078
0.0207838
0.0208633
0.0209464
0.021033
0.0211233
0.0212172
0.0213146
0.0214155
0.0215194
0.021626
0.0217341
0.0211434
0.0192063
0.0177313
0.0165903
0.0156588
0.0147894
0.0139943
0.0133249
0.00831472
0.00136449
0.000420055
0.0204604
0.0211125
0.0207161
0.0204712
0.0203256
0.0202458
0.02021
0.0202039
0.020218
0.0202462
0.0202845
0.0203302
0.0203817
0.020438
0.0204984
0.0205625
0.0206301
0.0207011
0.0207755
0.0208532
0.0209343
0.0210187
0.0211066
0.0211978
0.0212922
0.0213895
0.0214893
0.0215909
0.0216931
0.0217941
0.0199287
0.0185004
0.0174155
0.0165474
0.0158137
0.0151461
0.0145963
0.00887327
0.00139226
0.000430309
0.0204485
0.0210816
0.0207015
0.0204662
0.0203261
0.0202492
0.0202146
0.0202087
0.0202224
0.0202498
0.020287
0.0203316
0.0203818
0.0204367
0.0204956
0.0205582
0.0206242
0.0206935
0.0207661
0.0208419
0.020921
0.0210033
0.0210887
0.0211772
0.0212685
0.0213623
0.0214581
0.021555
0.0216518
0.0217464
0.0206718
0.019289
0.0182581
0.0174493
0.0167771
0.0162155
0.0157885
0.00938735
0.00142352
0.000441728
0.0204354
0.0210482
0.0206853
0.0204604
0.0203261
0.0202523
0.0202191
0.0202135
0.0202268
0.0202533
0.0202894
0.0203327
0.0203815
0.0204349
0.0204923
0.0205533
0.0206176
0.0206851
0.0207559
0.0208297
0.0209067
0.0209867
0.0210697
0.0211555
0.0212438
0.0213342
0.0214263
0.021519
0.0216109
0.0217001
0.0214253
0.0200864
0.0191069
0.0183539
0.0177379
0.0172305
0.016859
0.00986362
0.00145827
0.000454782
0.0204214
0.0210127
0.0206679
0.0204539
0.0203258
0.0202552
0.0202234
0.0202181
0.0202309
0.0202566
0.0202915
0.0203335
0.0203808
0.0204327
0.0204884
0.0205477
0.0206103
0.020676
0.0207448
0.0208167
0.0208915
0.0209692
0.0210498
0.021133
0.0212184
0.0213057
0.0213944
0.0214833
0.0215711
0.0216556
0.0217332
0.0208837
0.019953
0.0192523
0.0186882
0.0182298
0.0179087
0.0103158
0.00149674
0.000470064
0.0204066
0.0209751
0.0206492
0.0204465
0.0203248
0.0202577
0.0202275
0.0202224
0.0202349
0.0202596
0.0202934
0.0203339
0.0203798
0.02043
0.0204841
0.0205416
0.0206024
0.0206662
0.0207331
0.0208029
0.0208756
0.0209511
0.0210293
0.0211099
0.0211927
0.0212771
0.0213627
0.0214483
0.0215327
0.0216136
0.0216875
0.0216737
0.0207893
0.0201377
0.0196218
0.0192084
0.0189344
0.0107485
0.00153917
0.000488367
0.020391
0.0209357
0.0206292
0.0204382
0.0203233
0.0202598
0.0202312
0.0202265
0.0202385
0.0202624
0.0202949
0.020334
0.0203783
0.0204269
0.0204792
0.020535
0.0205939
0.0206558
0.0207207
0.0207885
0.0208591
0.0209324
0.0210083
0.0210866
0.0211668
0.0212487
0.0213316
0.0214145
0.0214961
0.0215743
0.0216457
0.0217047
0.0216103
0.0210049
0.0205343
0.0201626
0.0199336
0.0111666
0.00158596
0.000510812
0.0203746
0.0208948
0.0206081
0.0204292
0.0203212
0.0202614
0.0202345
0.0202302
0.0202418
0.0202648
0.0202961
0.0203337
0.0203764
0.0204233
0.0204739
0.0205279
0.0205849
0.020645
0.0207079
0.0207736
0.0208422
0.0209134
0.0209871
0.0210631
0.0211412
0.0212208
0.0213015
0.0213823
0.0214619
0.0215383
0.0216082
0.0216662
0.0217036
0.0217099
0.0214225
0.0210904
0.0209053
0.0115754
0.00163767
0.000539057
0.0203578
0.0208525
0.020586
0.0204194
0.0203185
0.0202626
0.0202374
0.0202336
0.0202448
0.0202668
0.0202969
0.0203331
0.0203741
0.0204194
0.0204682
0.0205203
0.0205755
0.0206336
0.0206946
0.0207584
0.0208249
0.0208941
0.0209658
0.0210399
0.021116
0.0211938
0.0212728
0.021352
0.0214302
0.0215057
0.0215751
0.0216334
0.0216721
0.0216809
0.0216566
0.0215977
0.0214446
0.01198
0.00169502
0.000575634
0.0203406
0.0208094
0.0205631
0.0204089
0.0203153
0.0202632
0.0202398
0.0202365
0.0202473
0.0202684
0.0202972
0.020332
0.0203715
0.020415
0.020462
0.0205123
0.0205656
0.0206219
0.020681
0.0207429
0.0208075
0.0208749
0.0209448
0.0210171
0.0210916
0.021168
0.0212457
0.0213239
0.0214016
0.0214768
0.0215467
0.0216063
0.0216474
0.0216602
0.0216416
0.0215902
0.0214489
0.0123856
0.00175899
0.00062448
0.0203231
0.0207654
0.0205394
0.0203976
0.0203113
0.0202633
0.0202417
0.0202389
0.0202494
0.0202697
0.0202972
0.0203305
0.0203684
0.0204102
0.0204555
0.020504
0.0205555
0.02061
0.0206673
0.0207274
0.0207903
0.0208559
0.0209242
0.0209952
0.0210684
0.0211437
0.0212207
0.0212985
0.0213762
0.021452
0.0215232
0.021585
0.0216296
0.0216476
0.0216361
0.0215939
0.0214675
0.012798
0.00183091
0.000691042
0.0203055
0.0207209
0.020515
0.0203858
0.0203068
0.0202628
0.0202432
0.0202409
0.0202511
0.0202705
0.0202968
0.0203286
0.0203649
0.0204051
0.0204487
0.0204955
0.0205452
0.020598
0.0206536
0.0207121
0.0207735
0.0208377
0.0209047
0.0209745
0.0210469
0.0211216
0.0211982
0.0212762
0.0213544
0.0214315
0.0215047
0.0215696
0.0216187
0.0216431
0.0216403
0.0216091
0.0215013
0.0132234
0.00191291
0.000757335
0.0202879
0.0206764
0.0204903
0.0203734
0.0203017
0.0202617
0.0202441
0.0202424
0.0202523
0.0202709
0.020296
0.0203265
0.0203613
0.0203998
0.0204419
0.0204871
0.0205353
0.0205865
0.0206406
0.0206977
0.0207578
0.0208209
0.0208869
0.0209559
0.0210277
0.021102
0.0211787
0.0212572
0.0213365
0.0214153
0.0214912
0.02156
0.0216147
0.0216469
0.0216542
0.0216363
0.0215519
0.0136694
0.00200414
0.000836787
0.0202706
0.020632
0.0204653
0.0203606
0.0202962
0.0202603
0.0202447
0.0202437
0.0202535
0.0202714
0.0202956
0.0203248
0.0203583
0.0203955
0.0204361
0.0204799
0.0205267
0.0205766
0.0206295
0.0206854
0.0207444
0.0208065
0.0208718
0.0209401
0.0210114
0.0210857
0.0211627
0.0212419
0.0213226
0.0214036
0.0214828
0.0215563
0.0216176
0.0216588
0.0216783
0.0216761
0.0216211
0.0141432
0.00210644
0.000932876
0.0202537
0.0205851
0.0204376
0.020346
0.0202904
0.0202601
0.0202479
0.0202487
0.020259
0.0202764
0.0202995
0.0203275
0.0203595
0.0203952
0.0204343
0.0204767
0.0205221
0.0205706
0.0206222
0.0206769
0.0207347
0.0207958
0.0208602
0.0209278
0.0209988
0.021073
0.0211503
0.0212304
0.0213127
0.0213963
0.0214793
0.0215581
0.021627
0.0216786
0.0217123
0.0217292
0.0217113
0.0146532
0.00222012
0.000966409
0.020237
0.0205376
0.020408
0.0203291
0.0202825
0.0202583
0.0202503
0.0202538
0.0202658
0.0202843
0.0203078
0.0203355
0.0203668
0.0204012
0.0204387
0.0204792
0.0205228
0.0205697
0.0206197
0.020673
0.0207296
0.0207895
0.0208529
0.0209198
0.0209903
0.0210643
0.021142
0.0212229
0.0213069
0.0213932
0.0214802
0.021565
0.0216422
0.0217056
0.0217556
0.021795
0.021824
0.0152077
0.00234616
0.000901593
0.0202208
0.0204916
0.0203794
0.0203128
0.0202746
0.0202563
0.0202521
0.0202581
0.0202717
0.0202911
0.020315
0.0203429
0.0203741
0.0204084
0.0204456
0.0204856
0.0205284
0.0205742
0.0206228
0.0206744
0.0207294
0.0207881
0.0208504
0.0209166
0.0209865
0.0210605
0.0211384
0.0212203
0.021306
0.0213949
0.0214859
0.0215764
0.021662
0.0217377
0.0218053
0.0218702
0.0219571
0.0158112
0.00248604
0.000847325
0.0202051
0.0204474
0.0203521
0.0202973
0.0202671
0.0202542
0.0202536
0.020262
0.020277
0.0202972
0.0203215
0.0203492
0.0203801
0.0204138
0.0204503
0.0204897
0.0205321
0.0205777
0.0206262
0.0206778
0.0207329
0.0207916
0.0208535
0.020919
0.0209884
0.0210623
0.0211407
0.0212238
0.0213112
0.0214029
0.021498
0.0215943
0.0216882
0.0217755
0.0218596
0.0219489
0.0220984
0.0164471
0.00263176
0.000802305
0.0201901
0.0204055
0.0203263
0.0202827
0.0202601
0.0202523
0.0202551
0.0202656
0.0202819
0.0203027
0.0203272
0.0203548
0.0203852
0.0204183
0.0204541
0.0204925
0.0205336
0.0205777
0.020625
0.0206757
0.0207303
0.0207891
0.0208519
0.0209187
0.02099
0.0210664
0.0211483
0.0212335
0.0213233
0.021418
0.0215175
0.0216201
0.0217231
0.0218229
0.0219238
0.0220377
0.0222522
0.0171113
0.00278568
0.000764943
0.0201762
0.0203663
0.0203026
0.0202695
0.020254
0.0202509
0.0202567
0.0202691
0.0202865
0.0203078
0.0203324
0.0203599
0.0203899
0.0204223
0.0204572
0.0204946
0.0205346
0.0205772
0.0206228
0.0206716
0.0207239
0.0207801
0.0208405
0.0209058
0.0209764
0.0210532
0.0211369
0.0212255
0.0213202
0.0214215
0.0215298
0.0216445
0.0217639
0.021879
0.0219978
0.0221365
0.0224165
0.0178023
0.00295032
0.000733898
0.0201707
0.0203366
0.0202868
0.020263
0.0202535
0.0202542
0.0202623
0.020276
0.020294
0.0203155
0.0203398
0.0203667
0.0203961
0.0204276
0.0204615
0.0204977
0.0205364
0.0205775
0.0206214
0.0206683
0.0207183
0.0207719
0.0208293
0.020891
0.0209575
0.0210293
0.0211071
0.0211914
0.0212829
0.0213823
0.0214902
0.0216063
0.0217294
0.0218525
0.0219831
0.0221392
0.0224637
0.0182813
0.00306676
0.00070617
0.0201821
0.0203243
0.0202862
0.0202698
0.0202647
0.0202678
0.0202771
0.020291
0.0203086
0.0203293
0.0203527
0.0203785
0.0204066
0.0204368
0.0204692
0.0205039
0.0205409
0.0205803
0.0206222
0.0206669
0.0207146
0.0207656
0.02082
0.0208782
0.0209407
0.0210078
0.02108
0.0211578
0.0212415
0.0213315
0.0214276
0.0215286
0.021632
0.021735
0.0218432
0.0219716
0.0222486
0.0181399
0.00300728
0.000676941
0.0202076
0.0203277
0.0202998
0.0202895
0.0202878
0.0202923
0.0203018
0.0203151
0.0203317
0.020351
0.0203727
0.0203967
0.0204229
0.0204512
0.0204817
0.0205144
0.0205493
0.0205866
0.0206263
0.0206686
0.0207138
0.0207619
0.0208132
0.020868
0.0209266
0.0209893
0.0210564
0.0211281
0.0212047
0.0212861
0.0213716
0.0214593
0.0215457
0.0216268
0.0217064
0.0217958
0.0220002
0.017823
0.00288837
0.000647454
0.0202448
0.0203453
0.0203264
0.0203213
0.0203219
0.0203272
0.0203362
0.0203483
0.0203632
0.0203805
0.0204001
0.0204218
0.0204457
0.0204716
0.0204997
0.0205299
0.0205624
0.0205971
0.0206342
0.0206739
0.0207162
0.0207613
0.0208095
0.0208609
0.0209157
0.0209741
0.0210364
0.0211026
0.0211728
0.0212467
0.0213231
0.0213995
0.0214714
0.0215337
0.0215882
0.0216431
0.0217811
0.0175382
0.00277945
0.000619804
0.0202921
0.0203765
0.0203652
0.0203641
0.0203663
0.0203715
0.0203795
0.0203899
0.0204026
0.0204175
0.0204345
0.0204536
0.0204746
0.0204978
0.0205231
0.0205505
0.0205801
0.020612
0.0206463
0.020683
0.0207222
0.0207642
0.020809
0.0208569
0.0209079
0.0209622
0.0210199
0.0210811
0.0211456
0.0212129
0.0212816
0.0213486
0.0214087
0.0214554
0.021489
0.0215143
0.0215936
0.0173037
0.00268522
0.000594802
0.0203475
0.0204178
0.0204131
0.0204153
0.0204186
0.0204234
0.02043
0.0204384
0.0204487
0.020461
0.0204751
0.0204912
0.0205093
0.0205294
0.0205516
0.0205759
0.0206025
0.0206312
0.0206623
0.0206958
0.0207318
0.0207704
0.0208118
0.020856
0.0209032
0.0209535
0.0210069
0.0210634
0.0211229
0.0211845
0.0212467
0.0213061
0.0213568
0.0213914
0.0214083
0.0214092
0.0214367
0.0171191
0.00260617
0.000572619
0.0204091
0.0204671
0.020468
0.0204729
0.0204769
0.020481
0.0204861
0.0204924
0.0205002
0.0205096
0.0205208
0.0205339
0.0205489
0.0205658
0.0205847
0.0206058
0.020629
0.0206544
0.0206822
0.0207123
0.0207448
0.0207799
0.0208177
0.0208582
0.0209016
0.0209478
0.0209971
0.0210493
0.0211041
0.0211608
0.0212178
0.0212714
0.0213153
0.0213413
0.0213463
0.0213288
0.0213114
0.0169788
0.0025433
0.000553141
0.0204755
0.020523
0.0205285
0.0205354
0.0205396
0.0205429
0.0205463
0.0205504
0.0205557
0.0205624
0.0205706
0.0205806
0.0205924
0.0206061
0.0206217
0.0206395
0.0206593
0.0206813
0.0207055
0.020732
0.020761
0.0207925
0.0208266
0.0208633
0.0209028
0.0209451
0.0209903
0.0210383
0.0210889
0.0211413
0.021194
0.0212434
0.0212831
0.0213046
0.0213039
0.0212762
0.0212233
0.0168547
0.00249935
0.000536041
0.0205457
0.0205844
0.0205934
0.0206016
0.0206056
0.0206078
0.0206094
0.0206114
0.0206142
0.0206182
0.0206235
0.0206305
0.0206391
0.0206496
0.0206619
0.0206763
0.0206927
0.0207112
0.0207319
0.0207548
0.0207802
0.0208079
0.0208382
0.0208711
0.0209067
0.020945
0.0209861
0.0210301
0.0210766
0.0211252
0.0211743
0.0212208
0.0212587
0.0212801
0.0212813
0.0212565
0.0211861
0.0166711
0.00248113
0.000520803
0.0206178
0.0206501
0.0206615
0.0206703
0.0206738
0.0206747
0.0206746
0.0206744
0.0206748
0.0206762
0.0206788
0.0206829
0.0206885
0.0206958
0.020705
0.020716
0.020729
0.020744
0.0207611
0.0207805
0.0208021
0.0208261
0.0208525
0.0208815
0.020913
0.0209473
0.0209843
0.0210241
0.0210665
0.0211112
0.021157
0.0212015
0.0212393
0.0212643
0.0212764
0.0212736
0.021221
0.0162014
0.00250177
0.000506008
0.0206909
0.0207188
0.0207321
0.0207414
0.0207455
0.0207472
0.0207474
0.0207466
0.0207457
0.0207451
0.0207454
0.0207468
0.0207495
0.0207536
0.0207593
0.0207667
0.0207758
0.0207867
0.0207994
0.0208141
0.0208307
0.0208493
0.0208699
0.0208926
0.0209173
0.0209441
0.0209732
0.0210045
0.0210381
0.0210741
0.021112
0.0211508
0.0211873
0.0212189
0.02125
0.0212909
0.0213148
0.0150058
0.00251041
0.000493194
0.0207635
0.0208103
0.020913
0.0211034
0.0213924
0.0217909
0.0219998
0.0220995
0.0221425
0.0221554
0.0221517
0.022138
0.0221173
0.0220908
0.0211278
0.018258
0.0158042
0.0136968
0.0118808
0.0103118
0.0089547
0.0077814
0.00676829
0.0058965
0.00515058
0.00451767
0.00398758
0.00355148
0.0032017
0.0029307
0.00272953
0.0025857
0.00248369
0.00240662
0.00234123
0.00228263
0.00224469
0.00264328
0.0017383
0.00043249
)
;
    }
}


// ************************************************************************* //
