solid human
  facet normal 4.761933e-01 -8.771629e-01 6.184729e-02
    outer loop
      vertex   1.496070e-02 -1.078803e-01 7.949773e-01
      vertex   4.163674e-02 -9.352858e-02 7.931319e-01
      vertex   3.469419e-02 -9.537575e-02 8.203882e-01
    endloop
  endfacet
  facet normal 2.436445e-01 6.538479e-02 -9.676581e-01
    outer loop
      vertex   -9.662452e-04 -1.315419e-01 7.957525e-01
      vertex   -1.307704e-02 -1.087812e-01 7.942411e-01
      vertex   6.010710e-03 -1.195160e-01 7.983218e-01
    endloop
  endfacet
  facet normal 6.068482e-01 7.909622e-01 7.819266e-02
    outer loop
      vertex   7.921275e-02 -7.539401e-04 8.171624e-01
      vertex   7.323495e-02 3.426781e-03 8.212654e-01
      vertex   7.698888e-02 -7.144256e-04 8.340220e-01
    endloop
  endfacet
  facet normal 3.364647e-01 -3.783219e-01 8.623596e-01
    outer loop
      vertex   3.137884e-02 -9.329398e-02 7.655066e-01
      vertex   2.229816e-02 -9.758072e-02 7.671690e-01
      vertex   9.080482e-03 -1.056956e-01 7.687661e-01
    endloop
  endfacet
  facet normal -4.584599e-02 -3.170797e-01 -9.472901e-01
    outer loop
      vertex   1.407028e-02 -1.088107e-01 7.726344e-01
      vertex   2.465520e-02 -9.495775e-02 7.674853e-01
      vertex   2.846662e-02 -9.407032e-02 7.670038e-01
    endloop
  endfacet
  facet normal 4.066839e-01 -5.810378e-01 -7.049846e-01
    outer loop
      vertex   2.100481e-02 -9.852704e-02 7.681591e-01
      vertex   2.384185e-02 -9.607318e-02 7.677733e-01
      vertex   1.407028e-02 -1.088107e-01 7.726344e-01
    endloop
  endfacet
  facet normal 5.615028e-01 -5.654321e-01 -6.041533e-01
    outer loop
      vertex   2.465520e-02 -9.495775e-02 7.674853e-01
      vertex   2.384185e-02 -9.607318e-02 7.677733e-01
      vertex   2.370423e-02 -9.578914e-02 7.673795e-01
    endloop
  endfacet
  facet normal 6.812574e-01 -4.596816e-01 -5.697203e-01
    outer loop
      vertex   2.384185e-02 -9.607318e-02 7.677733e-01
      vertex   2.321655e-02 -9.648836e-02 7.673605e-01
      vertex   2.370423e-02 -9.578914e-02 7.673795e-01
    endloop
  endfacet
  facet normal 2.480989e-01 -9.412611e-01 2.290732e-01
    outer loop
      vertex   2.465520e-02 -9.495775e-02 7.674853e-01
      vertex   2.418687e-02 -9.519800e-02 7.670053e-01
      vertex   2.846662e-02 -9.407032e-02 7.670038e-01
    endloop
  endfacet
  facet normal 8.095673e-01 -5.686000e-01 1.459273e-01
    outer loop
      vertex   2.321655e-02 -9.648836e-02 7.673605e-01
      vertex   2.418687e-02 -9.519800e-02 7.670053e-01
      vertex   2.370423e-02 -9.578914e-02 7.673795e-01
    endloop
  endfacet
  facet normal 7.695146e-01 -6.203826e-01 -1.515676e-01
    outer loop
      vertex   2.321655e-02 -9.648836e-02 7.673605e-01
      vertex   2.229816e-02 -9.758072e-02 7.671690e-01
      vertex   2.418687e-02 -9.519800e-02 7.670053e-01
    endloop
  endfacet
  facet normal 6.386746e-01 -7.586387e-01 -1.286935e-01
    outer loop
      vertex   2.100481e-02 -9.852704e-02 7.681591e-01
      vertex   2.235988e-02 -9.731756e-02 7.677542e-01
      vertex   2.384185e-02 -9.607318e-02 7.677733e-01
    endloop
  endfacet
  facet normal 6.823205e-01 -4.764167e-01 -5.544960e-01
    outer loop
      vertex   2.384185e-02 -9.607318e-02 7.677733e-01
      vertex   2.229816e-02 -9.758072e-02 7.671690e-01
      vertex   2.321655e-02 -9.648836e-02 7.673605e-01
    endloop
  endfacet
  facet normal 6.176012e-01 -7.396164e-01 2.674628e-01
    outer loop
      vertex   2.384185e-02 -9.607318e-02 7.677733e-01
      vertex   2.235988e-02 -9.731756e-02 7.677542e-01
      vertex   2.229816e-02 -9.758072e-02 7.671690e-01
    endloop
  endfacet
  facet normal 4.842894e-01 -8.381868e-01 -2.508121e-01
    outer loop
      vertex   2.229816e-02 -9.758072e-02 7.671690e-01
      vertex   1.973544e-02 -9.930673e-02 7.679888e-01
      vertex   9.080482e-03 -1.056956e-01 7.687661e-01
    endloop
  endfacet
  facet normal 5.076617e-01 -7.247385e-01 -4.658688e-01
    outer loop
      vertex   2.100481e-02 -9.852704e-02 7.681591e-01
      vertex   1.973544e-02 -9.930673e-02 7.679888e-01
      vertex   2.235988e-02 -9.731756e-02 7.677542e-01
    endloop
  endfacet
  facet normal 2.680756e-01 -5.515129e-01 -7.899171e-01
    outer loop
      vertex   9.080482e-03 -1.056956e-01 7.687661e-01
      vertex   1.407028e-02 -1.088107e-01 7.726344e-01
      vertex   4.128129e-03 -1.072827e-01 7.681935e-01
    endloop
  endfacet
  facet normal 2.710447e-01 -5.482866e-01 -7.911489e-01
    outer loop
      vertex   9.080482e-03 -1.056956e-01 7.687661e-01
      vertex   1.973544e-02 -9.930673e-02 7.679888e-01
      vertex   1.407028e-02 -1.088107e-01 7.726344e-01
    endloop
  endfacet
  facet normal -6.469109e-02 -7.372245e-01 6.725437e-01
    outer loop
      vertex   7.070549e-02 -1.177304e-01 5.485821e-01
      vertex   6.933423e-02 -7.983185e-02 5.899936e-01
      vertex   4.490477e-02 -1.033871e-01 5.618231e-01
    endloop
  endfacet
  facet normal 5.783363e-01 8.132920e-01 -6.389967e-02
    outer loop
      vertex   2.458424e-01 6.032104e-02 -7.908912e-01
      vertex   2.620489e-01 4.638977e-02 -8.215233e-01
      vertex   2.257661e-01 6.917919e-02 -8.598522e-01
    endloop
  endfacet
  facet normal -8.962540e-01 4.430922e-01 -1.994845e-02
    outer loop
      vertex   1.940011e-01 3.968023e-02 -9.083263e-01
      vertex   1.939634e-01 4.194067e-02 -8.564231e-01
      vertex   2.044335e-01 6.024667e-02 -9.202176e-01
    endloop
  endfacet
  facet normal -8.985109e-01 -1.328418e-01 -4.183674e-01
    outer loop
      vertex   1.940011e-01 3.968023e-02 -9.083263e-01
      vertex   2.012292e-01 3.881809e-02 -9.235760e-01
      vertex   2.001286e-01 2.921086e-03 -9.098139e-01
    endloop
  endfacet
  facet normal -1.309924e-01 1.725897e-01 -9.762447e-01
    outer loop
      vertex   2.012292e-01 3.881809e-02 -9.235760e-01
      vertex   2.044335e-01 6.024667e-02 -9.202176e-01
      vertex   2.326746e-01 2.624769e-02 -9.300177e-01
    endloop
  endfacet
  facet normal -8.811625e-01 1.989819e-01 -4.289042e-01
    outer loop
      vertex   2.044335e-01 6.024667e-02 -9.202176e-01
      vertex   2.012292e-01 3.881809e-02 -9.235760e-01
      vertex   1.940011e-01 3.968023e-02 -9.083263e-01
    endloop
  endfacet
  facet normal -6.337106e-01 7.733762e-01 -1.732088e-02
    outer loop
      vertex   2.077059e-01 6.421333e-02 -8.628334e-01
      vertex   2.199454e-01 7.313690e-02 -9.121962e-01
      vertex   2.044335e-01 6.024667e-02 -9.202176e-01
    endloop
  endfacet
  facet normal -7.715027e-02 2.164477e-01 -9.732411e-01
    outer loop
      vertex   2.336221e-01 7.037892e-02 -9.202781e-01
      vertex   2.326746e-01 2.624769e-02 -9.300177e-01
      vertex   2.044335e-01 6.024667e-02 -9.202176e-01
    endloop
  endfacet
  facet normal -2.474180e-01 7.088135e-01 -6.605814e-01
    outer loop
      vertex   2.336221e-01 7.037892e-02 -9.202781e-01
      vertex   2.044335e-01 6.024667e-02 -9.202176e-01
      vertex   2.199454e-01 7.313690e-02 -9.121962e-01
    endloop
  endfacet
  facet normal -8.529235e-01 1.873716e-01 -4.872508e-01
    outer loop
      vertex   1.939634e-01 4.194067e-02 -8.564231e-01
      vertex   1.984367e-01 -1.467785e-02 -8.860261e-01
      vertex   1.873514e-01 3.720397e-03 -8.595464e-01
    endloop
  endfacet
  facet normal -7.439926e-01 -2.191813e-01 -6.312168e-01
    outer loop
      vertex   2.113818e-01 -5.030806e-03 -9.203165e-01
      vertex   2.001286e-01 2.921086e-03 -9.098139e-01
      vertex   2.012292e-01 3.881809e-02 -9.235760e-01
    endloop
  endfacet
  facet normal 3.371171e-01 1.959881e-01 -9.208370e-01
    outer loop
      vertex   2.326746e-01 2.624769e-02 -9.300177e-01
      vertex   2.336221e-01 7.037892e-02 -9.202781e-01
      vertex   2.560156e-01 5.451378e-02 -9.154565e-01
    endloop
  endfacet
  facet normal 1.358456e-01 9.850158e-01 -1.062537e-01
    outer loop
      vertex   2.199454e-01 7.313690e-02 -9.121962e-01
      vertex   2.464483e-01 7.060411e-02 -9.017921e-01
      vertex   2.336221e-01 7.037892e-02 -9.202781e-01
    endloop
  endfacet
  facet normal 6.857190e-02 9.953510e-01 6.763284e-02
    outer loop
      vertex   2.257661e-01 6.917919e-02 -8.598522e-01
      vertex   2.464483e-01 7.060411e-02 -9.017921e-01
      vertex   2.199454e-01 7.313690e-02 -9.121962e-01
    endloop
  endfacet
  facet normal 6.439155e-01 -6.512050e-01 -4.016278e-01
    outer loop
      vertex   3.263544e-01 -1.490952e-01 -9.079855e-01
      vertex   3.365334e-01 -1.423664e-01 -9.025760e-01
      vertex   3.128826e-01 -1.635665e-01 -9.061203e-01
    endloop
  endfacet
  facet normal 9.769838e-01 1.551747e-01 -1.463672e-01
    outer loop
      vertex   3.278439e-01 -1.539491e-01 -9.179906e-01
      vertex   3.270919e-01 -1.488716e-01 -9.176268e-01
      vertex   3.285778e-01 -1.545886e-01 -9.137700e-01
    endloop
  endfacet
  facet normal 2.990446e-01 -6.318976e-01 7.150369e-01
    outer loop
      vertex   3.285778e-01 -1.545886e-01 -9.137700e-01
      vertex   3.263544e-01 -1.490952e-01 -9.079855e-01
      vertex   3.280844e-01 -1.534872e-01 -9.125903e-01
    endloop
  endfacet
  facet normal 3.903760e-01 -5.879830e-01 7.084368e-01
    outer loop
      vertex   3.263544e-01 -1.490952e-01 -9.079855e-01
      vertex   3.285778e-01 -1.545886e-01 -9.137700e-01
      vertex   3.432520e-01 -1.460086e-01 -9.147348e-01
    endloop
  endfacet
  facet normal 1.492307e-01 -3.607695e-01 9.206387e-01
    outer loop
      vertex   3.205546e-01 -1.750444e-01 -9.198174e-01
      vertex   3.280844e-01 -1.534872e-01 -9.125903e-01
      vertex   3.187908e-01 -1.738492e-01 -9.190631e-01
    endloop
  endfacet
  facet normal 2.445535e-01 -9.514913e-01 -1.867025e-01
    outer loop
      vertex   3.285778e-01 -1.545886e-01 -9.137700e-01
      vertex   3.275143e-01 -1.540116e-01 -9.181037e-01
      vertex   3.278439e-01 -1.539491e-01 -9.179906e-01
    endloop
  endfacet
  facet normal -8.411348e-01 -5.232520e-01 1.367462e-01
    outer loop
      vertex   3.285778e-01 -1.545886e-01 -9.137700e-01
      vertex   3.280844e-01 -1.534872e-01 -9.125903e-01
      vertex   3.275143e-01 -1.540116e-01 -9.181037e-01
    endloop
  endfacet
  facet normal -8.320581e-01 -5.516045e-01 5.841094e-02
    outer loop
      vertex   3.128826e-01 -1.635665e-01 -9.061203e-01
      vertex   3.150293e-01 -1.675781e-01 -9.134253e-01
      vertex   3.187908e-01 -1.738492e-01 -9.190631e-01
    endloop
  endfacet
  facet normal 5.924962e-01 -4.768281e-01 6.492944e-01
    outer loop
      vertex   3.128826e-01 -1.635665e-01 -9.061203e-01
      vertex   3.187908e-01 -1.738492e-01 -9.190631e-01
      vertex   3.280844e-01 -1.534872e-01 -9.125903e-01
    endloop
  endfacet
  facet normal -6.433646e-01 -7.267265e-01 -2.407291e-01
    outer loop
      vertex   2.982855e-01 -1.750880e-01 -9.173839e-01
      vertex   2.990677e-01 -1.766650e-01 -9.147136e-01
      vertex   2.988170e-01 -1.770907e-01 -9.127585e-01
    endloop
  endfacet
  facet normal 9.892976e-01 4.886979e-02 1.374844e-01
    outer loop
      vertex   2.988170e-01 -1.770907e-01 -9.127585e-01
      vertex   2.990677e-01 -1.766650e-01 -9.147136e-01
      vertex   2.980746e-01 -1.730614e-01 -9.088489e-01
    endloop
  endfacet
  facet normal -1.641064e-01 -7.023454e-01 6.926616e-01
    outer loop
      vertex   2.988170e-01 -1.770907e-01 -9.127585e-01
      vertex   2.980746e-01 -1.730614e-01 -9.088489e-01
      vertex   2.955641e-01 -1.691174e-01 -9.054444e-01
    endloop
  endfacet
  facet normal -2.400591e-01 -7.173565e-01 6.540422e-01
    outer loop
      vertex   2.955641e-01 -1.691174e-01 -9.054444e-01
      vertex   2.980746e-01 -1.730614e-01 -9.088489e-01
      vertex   3.108272e-01 -1.832776e-01 -9.153733e-01
    endloop
  endfacet
  facet normal 1.733835e-01 -4.332578e-01 8.844353e-01
    outer loop
      vertex   3.108272e-01 -1.832776e-01 -9.153733e-01
      vertex   3.128826e-01 -1.635665e-01 -9.061203e-01
      vertex   2.955641e-01 -1.691174e-01 -9.054444e-01
    endloop
  endfacet
  facet normal -4.268387e-01 -8.009529e-01 4.198609e-01
    outer loop
      vertex   2.990677e-01 -1.766650e-01 -9.147136e-01
      vertex   3.108272e-01 -1.832776e-01 -9.153733e-01
      vertex   2.980746e-01 -1.730614e-01 -9.088489e-01
    endloop
  endfacet
  facet normal -7.075800e-01 -6.922263e-01 -1.419623e-01
    outer loop
      vertex   3.141811e-01 -1.666688e-01 -9.136315e-01
      vertex   3.127311e-01 -1.642049e-01 -9.184193e-01
      vertex   3.150293e-01 -1.675781e-01 -9.134253e-01
    endloop
  endfacet
  facet normal 9.429469e-01 -2.169009e-01 2.525967e-01
    outer loop
      vertex   3.141811e-01 -1.666688e-01 -9.136315e-01
      vertex   3.128826e-01 -1.635665e-01 -9.061203e-01
      vertex   3.108272e-01 -1.832776e-01 -9.153733e-01
    endloop
  endfacet
  facet normal 9.225286e-01 -1.489492e-01 -3.560269e-01
    outer loop
      vertex   3.127311e-01 -1.642049e-01 -9.184193e-01
      vertex   3.141811e-01 -1.666688e-01 -9.136315e-01
      vertex   3.108272e-01 -1.832776e-01 -9.153733e-01
    endloop
  endfacet
  facet normal -8.450242e-01 -5.339855e-01 2.817210e-02
    outer loop
      vertex   3.184179e-01 -1.732450e-01 -9.191943e-01
      vertex   3.150293e-01 -1.675781e-01 -9.134253e-01
      vertex   3.127311e-01 -1.642049e-01 -9.184193e-01
    endloop
  endfacet
  facet normal -7.218575e-01 -3.845529e-01 -5.753615e-01
    outer loop
      vertex   3.193630e-01 -1.734472e-01 -9.202449e-01
      vertex   3.184179e-01 -1.732450e-01 -9.191943e-01
      vertex   3.132216e-01 -1.641605e-01 -9.187468e-01
    endloop
  endfacet
  facet normal -6.604264e-01 -6.605728e-01 -3.570440e-01
    outer loop
      vertex   3.184179e-01 -1.732450e-01 -9.191943e-01
      vertex   3.201290e-01 -1.745183e-01 -9.200035e-01
      vertex   3.205546e-01 -1.750444e-01 -9.198174e-01
    endloop
  endfacet
  facet normal -6.685034e-01 -5.555381e-01 -4.944498e-01
    outer loop
      vertex   3.193630e-01 -1.734472e-01 -9.202449e-01
      vertex   3.197278e-01 -1.739625e-01 -9.201592e-01
      vertex   3.184179e-01 -1.732450e-01 -9.191943e-01
    endloop
  endfacet
  facet normal -6.603312e-01 -6.022477e-01 -4.486206e-01
    outer loop
      vertex   3.184179e-01 -1.732450e-01 -9.191943e-01
      vertex   3.197278e-01 -1.739625e-01 -9.201592e-01
      vertex   3.201290e-01 -1.745183e-01 -9.200035e-01
    endloop
  endfacet
  facet normal 3.408967e-01 -3.626544e-02 -9.394010e-01
    outer loop
      vertex   3.205546e-01 -1.750444e-01 -9.198174e-01
      vertex   3.197278e-01 -1.739625e-01 -9.201592e-01
      vertex   3.275143e-01 -1.540116e-01 -9.181037e-01
    endloop
  endfacet
  facet normal 2.381681e-01 7.103633e-03 -9.711980e-01
    outer loop
      vertex   3.275143e-01 -1.540116e-01 -9.181037e-01
      vertex   3.197278e-01 -1.739625e-01 -9.201592e-01
      vertex   3.193630e-01 -1.734472e-01 -9.202449e-01
    endloop
  endfacet
  facet normal 3.109173e-01 7.558686e-02 -9.474265e-01
    outer loop
      vertex   3.278439e-01 -1.539491e-01 -9.179906e-01
      vertex   3.275143e-01 -1.540116e-01 -9.181037e-01
      vertex   3.272913e-01 -1.526630e-01 -9.180693e-01
    endloop
  endfacet
  facet normal -2.565282e-01 9.872884e-02 -9.614811e-01
    outer loop
      vertex   3.263885e-01 -1.494880e-01 -9.175024e-01
      vertex   3.270919e-01 -1.488716e-01 -9.176268e-01
      vertex   3.272913e-01 -1.526630e-01 -9.180693e-01
    endloop
  endfacet
  facet normal -5.775877e-01 5.347059e-01 -6.168323e-01
    outer loop
      vertex   3.263885e-01 -1.494880e-01 -9.175024e-01
      vertex   3.267001e-01 -1.491302e-01 -9.174840e-01
      vertex   3.270919e-01 -1.488716e-01 -9.176268e-01
    endloop
  endfacet
  facet normal 4.233015e-01 1.269581e-01 -8.970493e-01
    outer loop
      vertex   3.270919e-01 -1.488716e-01 -9.176268e-01
      vertex   3.278439e-01 -1.539491e-01 -9.179906e-01
      vertex   3.272913e-01 -1.526630e-01 -9.180693e-01
    endloop
  endfacet
  facet normal -7.561297e-02 -3.918950e-01 -9.168975e-01
    outer loop
      vertex   3.267001e-01 -1.491302e-01 -9.174840e-01
      vertex   3.260629e-01 -1.489987e-01 -9.174877e-01
      vertex   3.270919e-01 -1.488716e-01 -9.176268e-01
    endloop
  endfacet
  facet normal 3.502998e-01 2.602569e-01 -8.997535e-01
    outer loop
      vertex   3.272913e-01 -1.526630e-01 -9.180693e-01
      vertex   3.260629e-01 -1.489987e-01 -9.174877e-01
      vertex   3.263885e-01 -1.494880e-01 -9.175024e-01
    endloop
  endfacet
  facet normal 1.387268e-02 3.939161e-02 -9.991275e-01
    outer loop
      vertex   3.267001e-01 -1.491302e-01 -9.174840e-01
      vertex   3.263885e-01 -1.494880e-01 -9.175024e-01
      vertex   3.260629e-01 -1.489987e-01 -9.174877e-01
    endloop
  endfacet
  facet normal 1.430847e-01 4.888794e-02 -9.885023e-01
    outer loop
      vertex   3.275143e-01 -1.540116e-01 -9.181037e-01
      vertex   3.193630e-01 -1.734472e-01 -9.202449e-01
      vertex   3.272913e-01 -1.526630e-01 -9.180693e-01
    endloop
  endfacet
  facet normal -7.133926e-01 -5.431856e-01 4.427418e-01
    outer loop
      vertex   3.123961e-01 -1.633517e-01 -9.190847e-01
      vertex   3.193630e-01 -1.734472e-01 -9.202449e-01
      vertex   3.132216e-01 -1.641605e-01 -9.187468e-01
    endloop
  endfacet
  facet normal -1.354400e-01 -1.430559e-01 -9.804035e-01
    outer loop
      vertex   2.990677e-01 -1.766650e-01 -9.147136e-01
      vertex   3.127311e-01 -1.642049e-01 -9.184193e-01
      vertex   3.108272e-01 -1.832776e-01 -9.153733e-01
    endloop
  endfacet
  facet normal 9.427778e-01 -2.525545e-01 -2.176840e-01
    outer loop
      vertex   2.988170e-01 -1.770907e-01 -9.127585e-01
      vertex   2.939708e-01 -1.896470e-01 -9.191794e-01
      vertex   2.982855e-01 -1.750880e-01 -9.173839e-01
    endloop
  endfacet
  facet normal 9.350327e-01 -1.080516e-01 -3.376960e-01
    outer loop
      vertex   2.990677e-01 -1.766650e-01 -9.147136e-01
      vertex   2.982855e-01 -1.750880e-01 -9.173839e-01
      vertex   2.976074e-01 -1.717750e-01 -9.203215e-01
    endloop
  endfacet
  facet normal -7.513023e-01 -6.042292e-01 -2.654277e-01
    outer loop
      vertex   2.793876e-01 -1.793000e-01 -9.133577e-01
      vertex   2.798050e-01 -1.772864e-01 -9.191227e-01
      vertex   2.853635e-01 -1.884837e-01 -9.093663e-01
    endloop
  endfacet
  facet normal 8.663955e-01 1.592882e-02 4.991043e-01
    outer loop
      vertex   2.759944e-01 -1.927078e-01 -9.071572e-01
      vertex   2.786192e-01 -1.787499e-01 -9.121590e-01
      vertex   2.746119e-01 -1.681561e-01 -9.055409e-01
    endloop
  endfacet
  facet normal -8.580387e-01 -4.854044e-01 1.677857e-01
    outer loop
      vertex   2.793876e-01 -1.793000e-01 -9.133577e-01
      vertex   2.853635e-01 -1.884837e-01 -9.093663e-01
      vertex   2.746119e-01 -1.681561e-01 -9.055409e-01
    endloop
  endfacet
  facet normal 5.275760e-01 -4.266463e-01 7.345996e-01
    outer loop
      vertex   2.955641e-01 -1.691174e-01 -9.054444e-01
      vertex   2.853635e-01 -1.884837e-01 -9.093663e-01
      vertex   2.860937e-01 -1.900836e-01 -9.108199e-01
    endloop
  endfacet
  facet normal 9.880634e-01 -1.526716e-01 2.054318e-02
    outer loop
      vertex   2.793994e-01 -1.793250e-01 -9.147644e-01
      vertex   2.768467e-01 -1.950461e-01 -9.088269e-01
      vertex   2.798050e-01 -1.772864e-01 -9.191227e-01
    endloop
  endfacet
  facet normal 1.864159e-01 -8.788262e-02 -9.785324e-01
    outer loop
      vertex   2.798050e-01 -1.772864e-01 -9.191227e-01
      vertex   2.471995e-01 -1.663093e-01 -9.263201e-01
      vertex   2.796936e-01 -1.756756e-01 -9.192886e-01
    endloop
  endfacet
  facet normal 9.339480e-03 -5.045489e-01 8.633326e-01
    outer loop
      vertex   2.551904e-01 -1.903782e-01 -9.049386e-01
      vertex   2.644879e-01 -2.031843e-01 -9.125233e-01
      vertex   2.657769e-01 -2.031579e-01 -9.125218e-01
    endloop
  endfacet
  facet normal -8.050116e-01 -5.930802e-01 1.456449e-02
    outer loop
      vertex   2.644879e-01 -2.031843e-01 -9.125233e-01
      vertex   2.551904e-01 -1.903782e-01 -9.049386e-01
      vertex   2.439778e-01 -1.752783e-01 -9.098024e-01
    endloop
  endfacet
  facet normal -7.625127e-03 4.231110e-01 -9.060458e-01
    outer loop
      vertex   2.644879e-01 -2.031843e-01 -9.125233e-01
      vertex   2.768467e-01 -1.950461e-01 -9.088269e-01
      vertex   2.657769e-01 -2.031579e-01 -9.125218e-01
    endloop
  endfacet
  facet normal 6.062289e-01 -4.720355e-01 -6.400539e-01
    outer loop
      vertex   2.602105e-01 -1.933068e-01 -9.258667e-01
      vertex   2.798050e-01 -1.772864e-01 -9.191227e-01
      vertex   2.768467e-01 -1.950461e-01 -9.088269e-01
    endloop
  endfacet
  facet normal 9.217341e-02 -9.569708e-02 -9.911338e-01
    outer loop
      vertex   2.800471e-01 -1.767497e-01 -9.191520e-01
      vertex   2.798050e-01 -1.772864e-01 -9.191227e-01
      vertex   2.796936e-01 -1.756756e-01 -9.192886e-01
    endloop
  endfacet
  facet normal -5.132439e-02 -5.328517e-02 -9.972595e-01
    outer loop
      vertex   2.976074e-01 -1.717750e-01 -9.203215e-01
      vertex   2.939708e-01 -1.896470e-01 -9.191794e-01
      vertex   2.800471e-01 -1.767497e-01 -9.191520e-01
    endloop
  endfacet
  facet normal -2.770180e-02 -1.350683e-01 -9.904490e-01
    outer loop
      vertex   2.796936e-01 -1.756756e-01 -9.192886e-01
      vertex   2.976074e-01 -1.717750e-01 -9.203215e-01
      vertex   2.800471e-01 -1.767497e-01 -9.191520e-01
    endloop
  endfacet
  facet normal 2.377034e-01 -5.047543e-02 9.700254e-01
    outer loop
      vertex   2.746119e-01 -1.681561e-01 -9.055409e-01
      vertex   2.596040e-01 -1.892399e-01 -9.029603e-01
      vertex   2.759944e-01 -1.927078e-01 -9.071572e-01
    endloop
  endfacet
  facet normal 8.889352e-01 -3.031412e-03 4.580229e-01
    outer loop
      vertex   2.759944e-01 -1.927078e-01 -9.071572e-01
      vertex   2.768467e-01 -1.950461e-01 -9.088269e-01
      vertex   2.786192e-01 -1.787499e-01 -9.121590e-01
    endloop
  endfacet
  facet normal 9.543966e-01 -4.340988e-02 2.953689e-01
    outer loop
      vertex   2.786192e-01 -1.787499e-01 -9.121590e-01
      vertex   2.768467e-01 -1.950461e-01 -9.088269e-01
      vertex   2.793994e-01 -1.793250e-01 -9.147644e-01
    endloop
  endfacet
  facet normal -5.718575e-01 -8.202941e-01 9.828355e-03
    outer loop
      vertex   2.793876e-01 -1.793000e-01 -9.133577e-01
      vertex   2.786192e-01 -1.787499e-01 -9.121590e-01
      vertex   2.793994e-01 -1.793250e-01 -9.147644e-01
    endloop
  endfacet
  facet normal -5.627193e-01 -6.063054e-01 -5.619081e-01
    outer loop
      vertex   2.860937e-01 -1.900836e-01 -9.108199e-01
      vertex   2.800471e-01 -1.767497e-01 -9.191520e-01
      vertex   2.939708e-01 -1.896470e-01 -9.191794e-01
    endloop
  endfacet
  facet normal 5.125794e-01 -2.756932e-01 -8.131763e-01
    outer loop
      vertex   2.800471e-01 -1.767497e-01 -9.191520e-01
      vertex   2.860937e-01 -1.900836e-01 -9.108199e-01
      vertex   2.798050e-01 -1.772864e-01 -9.191227e-01
    endloop
  endfacet
  facet normal 4.012699e-01 -6.360472e-01 -6.591103e-01
    outer loop
      vertex   2.990677e-01 -1.766650e-01 -9.147136e-01
      vertex   2.976074e-01 -1.717750e-01 -9.203215e-01
      vertex   3.127311e-01 -1.642049e-01 -9.184193e-01
    endloop
  endfacet
  facet normal 3.455083e-01 -4.890072e-01 -8.009344e-01
    outer loop
      vertex   3.123961e-01 -1.633517e-01 -9.190847e-01
      vertex   3.127311e-01 -1.642049e-01 -9.184193e-01
      vertex   2.976074e-01 -1.717750e-01 -9.203215e-01
    endloop
  endfacet
  facet normal -2.207941e-03 1.126625e-01 -9.936309e-01
    outer loop
      vertex   3.260629e-01 -1.489987e-01 -9.174877e-01
      vertex   3.193630e-01 -1.734472e-01 -9.202449e-01
      vertex   3.123961e-01 -1.633517e-01 -9.190847e-01
    endloop
  endfacet
  facet normal -1.334510e-01 3.693384e-01 -9.196630e-01
    outer loop
      vertex   3.123961e-01 -1.633517e-01 -9.190847e-01
      vertex   2.976074e-01 -1.717750e-01 -9.203215e-01
      vertex   2.796936e-01 -1.756756e-01 -9.192886e-01
    endloop
  endfacet
  facet normal -6.522802e-01 -4.212368e-01 6.301508e-01
    outer loop
      vertex   2.439778e-01 -1.752783e-01 -9.098024e-01
      vertex   2.596040e-01 -1.892399e-01 -9.029603e-01
      vertex   2.447049e-01 -9.048414e-02 -8.523674e-01
    endloop
  endfacet
  facet normal 4.507272e-01 -2.755957e-01 8.490536e-01
    outer loop
      vertex   3.128826e-01 -1.635665e-01 -9.061203e-01
      vertex   3.049115e-01 -1.066502e-01 -8.834143e-01
      vertex   2.743882e-01 -1.180221e-01 -8.709020e-01
    endloop
  endfacet
  facet normal 5.888604e-01 -4.627882e-01 6.626239e-01
    outer loop
      vertex   3.263544e-01 -1.490952e-01 -9.079855e-01
      vertex   3.128826e-01 -1.635665e-01 -9.061203e-01
      vertex   3.280844e-01 -1.534872e-01 -9.125903e-01
    endloop
  endfacet
  facet normal 3.261711e-01 -8.407819e-01 4.320859e-01
    outer loop
      vertex   3.263544e-01 -1.490952e-01 -9.079855e-01
      vertex   3.432520e-01 -1.460086e-01 -9.147348e-01
      vertex   3.365334e-01 -1.423664e-01 -9.025760e-01
    endloop
  endfacet
  facet normal 2.012899e-01 -1.600137e-01 -9.663736e-01
    outer loop
      vertex   3.270919e-01 -1.488716e-01 -9.176268e-01
      vertex   3.305248e-01 -1.305121e-01 -9.199518e-01
      vertex   3.432520e-01 -1.460086e-01 -9.147348e-01
    endloop
  endfacet
  facet normal -1.208806e-01 -1.024324e-01 -9.873680e-01
    outer loop
      vertex   3.270919e-01 -1.488716e-01 -9.176268e-01
      vertex   3.260629e-01 -1.489987e-01 -9.174877e-01
      vertex   3.305248e-01 -1.305121e-01 -9.199518e-01
    endloop
  endfacet
  facet normal 1.906334e-01 -1.747683e-01 -9.659787e-01
    outer loop
      vertex   2.798834e-01 -1.457122e-01 -9.271957e-01
      vertex   3.305248e-01 -1.305121e-01 -9.199518e-01
      vertex   3.260629e-01 -1.489987e-01 -9.174877e-01
    endloop
  endfacet
  facet normal -9.207336e-01 -2.186462e-01 -3.231771e-01
    outer loop
      vertex   2.292160e-01 -1.447088e-01 -9.189299e-01
      vertex   2.201530e-01 -1.268417e-01 -9.051974e-01
      vertex   2.228103e-01 -1.176947e-01 -9.189564e-01
    endloop
  endfacet
  facet normal -8.979057e-01 -4.397106e-01 -2.049009e-02
    outer loop
      vertex   2.201530e-01 -1.268417e-01 -9.051974e-01
      vertex   2.292160e-01 -1.447088e-01 -9.189299e-01
      vertex   2.439778e-01 -1.752783e-01 -9.098024e-01
    endloop
  endfacet
  facet normal 1.540880e-01 -4.319938e-01 8.886159e-01
    outer loop
      vertex   2.743882e-01 -1.180221e-01 -8.709020e-01
      vertex   2.447049e-01 -9.048414e-02 -8.523674e-01
      vertex   2.596040e-01 -1.892399e-01 -9.029603e-01
    endloop
  endfacet
  facet normal 1.703971e-01 -3.444412e-01 9.232145e-01
    outer loop
      vertex   3.128826e-01 -1.635665e-01 -9.061203e-01
      vertex   3.365334e-01 -1.423664e-01 -9.025760e-01
      vertex   3.049115e-01 -1.066502e-01 -8.834143e-01
    endloop
  endfacet
  facet normal 6.247498e-01 1.411162e-01 7.679674e-01
    outer loop
      vertex   3.336344e-01 -1.070648e-01 -9.067045e-01
      vertex   3.049115e-01 -1.066502e-01 -8.834143e-01
      vertex   3.365334e-01 -1.423664e-01 -9.025760e-01
    endloop
  endfacet
  facet normal 9.718389e-01 2.268677e-01 6.371951e-02
    outer loop
      vertex   3.432520e-01 -1.460086e-01 -9.147348e-01
      vertex   3.276229e-01 -7.891333e-02 -9.152497e-01
      vertex   3.336344e-01 -1.070648e-01 -9.067045e-01
    endloop
  endfacet
  facet normal 4.852689e-01 1.063777e-01 -8.678698e-01
    outer loop
      vertex   3.305248e-01 -1.305121e-01 -9.199518e-01
      vertex   3.276229e-01 -7.891333e-02 -9.152497e-01
      vertex   3.432520e-01 -1.460086e-01 -9.147348e-01
    endloop
  endfacet
  facet normal -9.770456e-01 -3.278568e-02 -2.104921e-01
    outer loop
      vertex   2.228103e-01 -1.176947e-01 -9.189564e-01
      vertex   2.201530e-01 -1.268417e-01 -9.051974e-01
      vertex   2.173604e-01 -7.072083e-02 -9.009761e-01
    endloop
  endfacet
  facet normal 5.798266e-01 1.062204e-01 -8.077861e-01
    outer loop
      vertex   3.300240e-01 -1.296582e-01 -9.201990e-01
      vertex   3.276229e-01 -7.891333e-02 -9.152497e-01
      vertex   3.305248e-01 -1.305121e-01 -9.199518e-01
    endloop
  endfacet
  facet normal -2.076052e-01 1.563106e-02 -9.780878e-01
    outer loop
      vertex   2.452042e-01 -6.030836e-02 -9.234217e-01
      vertex   2.724992e-01 -1.135272e-01 -9.300658e-01
      vertex   2.284322e-01 -9.113851e-02 -9.203545e-01
    endloop
  endfacet
  facet normal -7.915364e-01 1.362037e-01 -5.957505e-01
    outer loop
      vertex   2.228103e-01 -1.176947e-01 -9.189564e-01
      vertex   2.173604e-01 -7.072083e-02 -9.009761e-01
      vertex   2.284322e-01 -9.113851e-02 -9.203545e-01
    endloop
  endfacet
  facet normal -9.908390e-01 -5.846186e-02 1.217387e-01
    outer loop
      vertex   2.201530e-01 -1.268417e-01 -9.051974e-01
      vertex   2.211586e-01 -8.181158e-02 -8.753884e-01
      vertex   2.173604e-01 -7.072083e-02 -9.009761e-01
    endloop
  endfacet
  facet normal 2.891480e-01 1.064678e-01 -9.513454e-01
    outer loop
      vertex   2.703911e-01 -6.250844e-03 -9.245127e-01
      vertex   3.276229e-01 -7.891333e-02 -9.152497e-01
      vertex   3.300240e-01 -1.296582e-01 -9.201990e-01
    endloop
  endfacet
  facet normal 1.836073e-01 5.441453e-02 -9.814925e-01
    outer loop
      vertex   3.300240e-01 -1.296582e-01 -9.201990e-01
      vertex   2.724992e-01 -1.135272e-01 -9.300658e-01
      vertex   2.703911e-01 -6.250844e-03 -9.245127e-01
    endloop
  endfacet
  facet normal -1.463936e-01 4.826892e-02 -9.880481e-01
    outer loop
      vertex   2.452042e-01 -6.030836e-02 -9.234217e-01
      vertex   2.703911e-01 -6.250844e-03 -9.245127e-01
      vertex   2.724992e-01 -1.135272e-01 -9.300658e-01
    endloop
  endfacet
  facet normal 7.481444e-01 5.436829e-01 -3.803799e-01
    outer loop
      vertex   3.057194e-01 -5.110025e-02 -9.185766e-01
      vertex   3.061212e-01 -4.042597e-02 -9.025295e-01
      vertex   3.276229e-01 -7.891333e-02 -9.152497e-01
    endloop
  endfacet
  facet normal -6.640722e-01 2.928217e-01 -6.879415e-01
    outer loop
      vertex   2.452042e-01 -6.030836e-02 -9.234217e-01
      vertex   2.284322e-01 -9.113851e-02 -9.203545e-01
      vertex   2.173604e-01 -7.072083e-02 -9.009761e-01
    endloop
  endfacet
  facet normal 7.635249e-01 -6.982281e-02 6.419926e-01
    outer loop
      vertex   2.712068e-01 -6.093400e-02 -8.383570e-01
      vertex   3.049115e-01 -1.066502e-01 -8.834143e-01
      vertex   2.952615e-01 -4.634482e-02 -8.653786e-01
    endloop
  endfacet
  facet normal 8.164868e-01 4.710891e-01 -3.338028e-01
    outer loop
      vertex   3.057194e-01 -5.110025e-02 -9.185766e-01
      vertex   2.801423e-01 -9.221549e-04 -9.103233e-01
      vertex   3.061212e-01 -4.042597e-02 -9.025295e-01
    endloop
  endfacet
  facet normal 1.071605e-01 -4.388676e-02 -9.932727e-01
    outer loop
      vertex   2.340527e-01 -8.383922e-03 -9.283389e-01
      vertex   2.326746e-01 2.624769e-02 -9.300177e-01
      vertex   2.703911e-01 -6.250844e-03 -9.245127e-01
    endloop
  endfacet
  facet normal -5.585610e-01 -2.264637e-01 -7.979497e-01
    outer loop
      vertex   2.173604e-01 -7.072083e-02 -9.009761e-01
      vertex   2.001286e-01 2.921086e-03 -9.098139e-01
      vertex   2.452042e-01 -6.030836e-02 -9.234217e-01
    endloop
  endfacet
  facet normal -9.473010e-01 -3.203399e-01 1.767143e-03
    outer loop
      vertex   2.173604e-01 -7.072083e-02 -9.009761e-01
      vertex   2.211586e-01 -8.181158e-02 -8.753884e-01
      vertex   1.984367e-01 -1.467785e-02 -8.860261e-01
    endloop
  endfacet
  facet normal -9.354846e-01 -2.489907e-01 -2.507432e-01
    outer loop
      vertex   1.984367e-01 -1.467785e-02 -8.860261e-01
      vertex   2.001286e-01 2.921086e-03 -9.098139e-01
      vertex   2.173604e-01 -7.072083e-02 -9.009761e-01
    endloop
  endfacet
  facet normal 3.183453e-01 2.129841e-01 -9.237392e-01
    outer loop
      vertex   2.326746e-01 2.624769e-02 -9.300177e-01
      vertex   2.560156e-01 5.451378e-02 -9.154565e-01
      vertex   2.703911e-01 -6.250844e-03 -9.245127e-01
    endloop
  endfacet
  facet normal -3.504380e-01 -1.626072e-01 -9.223623e-01
    outer loop
      vertex   2.340527e-01 -8.383922e-03 -9.283389e-01
      vertex   2.452042e-01 -6.030836e-02 -9.234217e-01
      vertex   2.113818e-01 -5.030806e-03 -9.203165e-01
    endloop
  endfacet
  facet normal -7.721543e-01 -4.635654e-01 4.346089e-01
    outer loop
      vertex   2.307343e-01 -4.329173e-02 -8.172893e-01
      vertex   2.036685e-01 -1.830800e-02 -8.387278e-01
      vertex   2.211586e-01 -8.181158e-02 -8.753884e-01
    endloop
  endfacet
  facet normal 7.855442e-01 -2.347440e-01 5.725519e-01
    outer loop
      vertex   2.952615e-01 -4.634482e-02 -8.653786e-01
      vertex   2.735023e-01 -9.059411e-03 -8.202380e-01
      vertex   2.712068e-01 -6.093400e-02 -8.383570e-01
    endloop
  endfacet
  facet normal 7.443727e-01 2.673016e-01 -6.119307e-01
    outer loop
      vertex   2.801423e-01 -9.221549e-04 -9.103233e-01
      vertex   2.703911e-01 -6.250844e-03 -9.245127e-01
      vertex   2.560156e-01 5.451378e-02 -9.154565e-01
    endloop
  endfacet
  facet normal 8.442828e-01 5.345281e-01 -3.829083e-02
    outer loop
      vertex   2.734387e-01 2.976227e-02 -8.768143e-01
      vertex   2.560156e-01 5.451378e-02 -9.154565e-01
      vertex   2.464483e-01 7.060411e-02 -9.017921e-01
    endloop
  endfacet
  facet normal 4.252227e-01 8.728675e-01 2.393493e-01
    outer loop
      vertex   2.464483e-01 7.060411e-02 -9.017921e-01
      vertex   2.257661e-01 6.917919e-02 -8.598522e-01
      vertex   2.628090e-01 5.221256e-02 -8.637872e-01
    endloop
  endfacet
  facet normal 5.839340e-01 6.985020e-01 -4.136619e-01
    outer loop
      vertex   2.464483e-01 7.060411e-02 -9.017921e-01
      vertex   2.560156e-01 5.451378e-02 -9.154565e-01
      vertex   2.336221e-01 7.037892e-02 -9.202781e-01
    endloop
  endfacet
  facet normal -2.481813e-01 -1.288324e-01 -9.601085e-01
    outer loop
      vertex   2.113818e-01 -5.030806e-03 -9.203165e-01
      vertex   2.012292e-01 3.881809e-02 -9.235760e-01
      vertex   2.326746e-01 2.624769e-02 -9.300177e-01
    endloop
  endfacet
  facet normal 3.209197e-01 -6.251445e-01 7.114808e-01
    outer loop
      vertex   2.712068e-01 -6.093400e-02 -8.383570e-01
      vertex   2.516846e-01 -3.008358e-02 -8.024446e-01
      vertex   2.447049e-01 -9.048414e-02 -8.523674e-01
    endloop
  endfacet
  facet normal -6.946151e-01 -7.182750e-01 3.988615e-02
    outer loop
      vertex   2.307343e-01 -4.329173e-02 -8.172893e-01
      vertex   2.125933e-01 -2.474742e-02 -7.992657e-01
      vertex   2.036685e-01 -1.830800e-02 -8.387278e-01
    endloop
  endfacet
  facet normal 7.448702e-01 -2.491487e-01 6.189453e-01
    outer loop
      vertex   2.516846e-01 -3.008358e-02 -8.024446e-01
      vertex   2.712068e-01 -6.093400e-02 -8.383570e-01
      vertex   2.735023e-01 -9.059411e-03 -8.202380e-01
    endloop
  endfacet
  facet normal 9.326409e-01 2.979900e-01 2.034278e-01
    outer loop
      vertex   2.952615e-01 -4.634482e-02 -8.653786e-01
      vertex   2.734387e-01 2.976227e-02 -8.768143e-01
      vertex   2.735023e-01 -9.059411e-03 -8.202380e-01
    endloop
  endfacet
  facet normal 9.989431e-01 -3.736752e-02 -2.676334e-02
    outer loop
      vertex   2.746376e-01 3.487224e-02 -8.391994e-01
      vertex   2.735023e-01 -9.059411e-03 -8.202380e-01
      vertex   2.734387e-01 2.976227e-02 -8.768143e-01
    endloop
  endfacet
  facet normal 7.468524e-01 6.568193e-01 1.039229e-01
    outer loop
      vertex   2.746376e-01 3.487224e-02 -8.391994e-01
      vertex   2.628090e-01 5.221256e-02 -8.637872e-01
      vertex   2.620489e-01 4.638977e-02 -8.215233e-01
    endloop
  endfacet
  facet normal -8.570396e-01 5.118867e-01 -5.878010e-02
    outer loop
      vertex   2.077059e-01 6.421333e-02 -8.628334e-01
      vertex   1.939634e-01 4.194067e-02 -8.564231e-01
      vertex   2.006815e-01 6.294154e-02 -7.714895e-01
    endloop
  endfacet
  facet normal -9.904415e-01 -2.342756e-02 -1.359294e-01
    outer loop
      vertex   1.939634e-01 4.194067e-02 -8.564231e-01
      vertex   1.879648e-01 1.507767e-02 -8.080845e-01
      vertex   1.774844e-01 2.728487e-02 -7.338237e-01
    endloop
  endfacet
  facet normal -4.407238e-01 -8.964321e-01 -4.660565e-02
    outer loop
      vertex   2.125933e-01 -2.474742e-02 -7.992657e-01
      vertex   1.980163e-01 -2.042825e-02 -7.444957e-01
      vertex   2.036685e-01 -1.830800e-02 -8.387278e-01
    endloop
  endfacet
  facet normal 6.793538e-01 7.337888e-01 5.699156e-03
    outer loop
      vertex   2.620489e-01 4.638977e-02 -8.215233e-01
      vertex   2.716564e-01 3.669531e-02 -7.185608e-01
      vertex   2.746376e-01 3.487224e-02 -8.391994e-01
    endloop
  endfacet
  facet normal -9.243583e-01 -3.761350e-01 -6.390827e-02
    outer loop
      vertex   2.036685e-01 -1.830800e-02 -8.387278e-01
      vertex   1.980163e-01 -2.042825e-02 -7.444957e-01
      vertex   1.879648e-01 1.507767e-02 -8.080845e-01
    endloop
  endfacet
  facet normal -4.861597e-01 -8.053248e-01 3.392650e-01
    outer loop
      vertex   2.307343e-01 -4.329173e-02 -8.172893e-01
      vertex   2.373190e-01 -2.641045e-02 -7.677818e-01
      vertex   2.125933e-01 -2.474742e-02 -7.992657e-01
    endloop
  endfacet
  facet normal 3.817098e-01 -8.891477e-01 2.524164e-01
    outer loop
      vertex   2.307343e-01 -4.329173e-02 -8.172893e-01
      vertex   2.516846e-01 -3.008358e-02 -8.024446e-01
      vertex   2.373190e-01 -2.641045e-02 -7.677818e-01
    endloop
  endfacet
  facet normal 2.718272e-01 -9.593857e-01 7.542588e-02
    outer loop
      vertex   2.686291e-01 -9.046569e-04 -6.989507e-01
      vertex   2.637644e-01 -8.205122e-03 -7.742777e-01
      vertex   2.735023e-01 -9.059411e-03 -8.202380e-01
    endloop
  endfacet
  facet normal -2.337034e-01 9.723052e-01 2.292101e-03
    outer loop
      vertex   2.006815e-01 6.294154e-02 -7.714895e-01
      vertex   2.315651e-01 7.031629e-02 -7.509452e-01
      vertex   2.257661e-01 6.917919e-02 -8.598522e-01
    endloop
  endfacet
  facet normal -7.674978e-01 -6.219758e-01 -1.552199e-01
    outer loop
      vertex   2.125933e-01 -2.474742e-02 -7.992657e-01
      vertex   2.069221e-01 -4.624690e-02 -6.850747e-01
      vertex   1.980163e-01 -2.042825e-02 -7.444957e-01
    endloop
  endfacet
  facet normal 1.576508e-01 -9.718387e-01 -1.751449e-01
    outer loop
      vertex   2.125933e-01 -2.474742e-02 -7.992657e-01
      vertex   2.373190e-01 -2.641045e-02 -7.677818e-01
      vertex   2.069221e-01 -4.624690e-02 -6.850747e-01
    endloop
  endfacet
  facet normal 5.751800e-01 8.153200e-01 -6.649190e-02
    outer loop
      vertex   2.458424e-01 6.032104e-02 -7.908912e-01
      vertex   2.683631e-01 5.420752e-02 -6.710421e-01
      vertex   2.620489e-01 4.638977e-02 -8.215233e-01
    endloop
  endfacet
  facet normal -9.118378e-01 3.147056e-01 -2.636516e-01
    outer loop
      vertex   1.774844e-01 2.728487e-02 -7.338237e-01
      vertex   1.728832e-01 5.719111e-02 -6.822130e-01
      vertex   2.006815e-01 6.294154e-02 -7.714895e-01
    endloop
  endfacet
  facet normal -1.337281e-01 9.795107e-01 -1.505839e-01
    outer loop
      vertex   2.017081e-01 8.273316e-02 -6.436616e-01
      vertex   2.315651e-01 7.031629e-02 -7.509452e-01
      vertex   2.006815e-01 6.294154e-02 -7.714895e-01
    endloop
  endfacet
  facet normal 4.870775e-01 -8.542488e-01 -1.816989e-01
    outer loop
      vertex   2.637644e-01 -8.205122e-03 -7.742777e-01
      vertex   2.506949e-01 -4.386190e-02 -6.416743e-01
      vertex   2.246671e-01 -6.057744e-02 -6.328594e-01
    endloop
  endfacet
  facet normal 6.608130e-01 7.455911e-01 -8.613998e-02
    outer loop
      vertex   2.683631e-01 5.420752e-02 -6.710421e-01
      vertex   2.458424e-01 6.032104e-02 -7.908912e-01
      vertex   2.491019e-01 7.139315e-02 -6.700510e-01
    endloop
  endfacet
  facet normal 9.904431e-01 -1.174518e-01 -7.230119e-02
    outer loop
      vertex   2.716564e-01 3.669531e-02 -7.185608e-01
      vertex   2.771427e-01 2.499665e-02 -6.244010e-01
      vertex   2.686291e-01 -9.046569e-04 -6.989507e-01
    endloop
  endfacet
  facet normal 9.677769e-01 2.505391e-01 -2.526035e-02
    outer loop
      vertex   2.683631e-01 5.420752e-02 -6.710421e-01
      vertex   2.771427e-01 2.499665e-02 -6.244010e-01
      vertex   2.716564e-01 3.669531e-02 -7.185608e-01
    endloop
  endfacet
  facet normal 9.738224e-01 2.230920e-01 -4.358821e-02
    outer loop
      vertex   2.728591e-01 4.963951e-02 -5.939756e-01
      vertex   2.771427e-01 2.499665e-02 -6.244010e-01
      vertex   2.683631e-01 5.420752e-02 -6.710421e-01
    endloop
  endfacet
  facet normal 6.659033e-01 7.460188e-01 5.371175e-03
    outer loop
      vertex   2.491019e-01 7.139315e-02 -6.700510e-01
      vertex   2.728591e-01 4.963951e-02 -5.939756e-01
      vertex   2.683631e-01 5.420752e-02 -6.710421e-01
    endloop
  endfacet
  facet normal -6.729438e-01 -6.504468e-01 -3.522295e-01
    outer loop
      vertex   1.768830e-01 -1.567517e-02 -6.841395e-01
      vertex   2.069221e-01 -4.624690e-02 -6.850747e-01
      vertex   1.720936e-01 -5.752354e-02 -5.977098e-01
    endloop
  endfacet
  facet normal -9.059317e-01 2.704134e-01 -3.258288e-01
    outer loop
      vertex   1.430798e-01 4.810882e-02 -6.068855e-01
      vertex   1.728832e-01 5.719111e-02 -6.822130e-01
      vertex   1.548270e-01 2.360965e-02 -6.598799e-01
    endloop
  endfacet
  facet normal -3.514076e-03 -9.646389e-01 -2.635516e-01
    outer loop
      vertex   2.246671e-01 -6.057744e-02 -6.328594e-01
      vertex   1.949255e-01 -6.915000e-02 -6.010859e-01
      vertex   2.069221e-01 -4.624690e-02 -6.850747e-01
    endloop
  endfacet
  facet normal 1.536237e-01 9.797647e-01 -1.282996e-01
    outer loop
      vertex   2.491019e-01 7.139315e-02 -6.700510e-01
      vertex   2.291241e-01 7.849620e-02 -6.397295e-01
      vertex   2.376717e-01 8.417694e-02 -5.861135e-01
    endloop
  endfacet
  facet normal -2.012429e-01 9.699082e-01 -1.370378e-01
    outer loop
      vertex   1.722509e-01 8.116191e-02 -6.115238e-01
      vertex   1.974303e-01 9.042859e-02 -5.829138e-01
      vertex   2.017081e-01 8.273316e-02 -6.436616e-01
    endloop
  endfacet
  facet normal -7.750654e-01 5.962707e-01 -2.091287e-01
    outer loop
      vertex   1.728832e-01 5.719111e-02 -6.822130e-01
      vertex   1.481396e-01 6.302011e-02 -5.738898e-01
      vertex   1.722509e-01 8.116191e-02 -6.115238e-01
    endloop
  endfacet
  facet normal -7.074517e-01 6.784294e-01 -1.981052e-01
    outer loop
      vertex   1.481396e-01 6.302011e-02 -5.738898e-01
      vertex   1.728832e-01 5.719111e-02 -6.822130e-01
      vertex   1.430798e-01 4.810882e-02 -6.068855e-01
    endloop
  endfacet
  facet normal -4.678828e-01 -8.334218e-01 -2.940983e-01
    outer loop
      vertex   1.949255e-01 -6.915000e-02 -6.010859e-01
      vertex   1.720936e-01 -5.752354e-02 -5.977098e-01
      vertex   2.069221e-01 -4.624690e-02 -6.850747e-01
    endloop
  endfacet
  facet normal 1.436153e-01 9.829978e-01 -1.144113e-01
    outer loop
      vertex   2.017081e-01 8.273316e-02 -6.436616e-01
      vertex   1.974303e-01 9.042859e-02 -5.829138e-01
      vertex   2.376717e-01 8.417694e-02 -5.861135e-01
    endloop
  endfacet
  facet normal -3.904188e-01 9.194983e-01 4.578193e-02
    outer loop
      vertex   1.722509e-01 8.116191e-02 -6.115238e-01
      vertex   1.634182e-01 7.427294e-02 -5.484868e-01
      vertex   1.974303e-01 9.042859e-02 -5.829138e-01
    endloop
  endfacet
  facet normal -9.370848e-01 -2.371159e-01 -2.562189e-01
    outer loop
      vertex   1.469006e-01 -2.464375e-02 -6.062785e-01
      vertex   1.333029e-01 -1.831739e-02 -5.624016e-01
      vertex   1.341118e-01 1.825680e-02 -5.992070e-01
    endloop
  endfacet
  facet normal 9.016700e-01 -4.305183e-01 -4.056026e-02
    outer loop
      vertex   2.686291e-01 -9.046569e-04 -6.989507e-01
      vertex   2.671131e-01 -1.609206e-02 -5.714482e-01
      vertex   2.506949e-01 -4.386190e-02 -6.416743e-01
    endloop
  endfacet
  facet normal 9.899052e-01 1.392098e-01 2.661590e-02
    outer loop
      vertex   2.749727e-01 2.665783e-02 -5.523818e-01
      vertex   2.771427e-01 2.499665e-02 -6.244010e-01
      vertex   2.728591e-01 4.963951e-02 -5.939756e-01
    endloop
  endfacet
  facet normal 5.681947e-01 8.138025e-01 1.219847e-01
    outer loop
      vertex   2.498153e-01 6.859129e-02 -5.387001e-01
      vertex   2.605501e-01 6.769655e-02 -5.827328e-01
      vertex   2.376717e-01 8.417694e-02 -5.861135e-01
    endloop
  endfacet
  facet normal 1.555736e-01 9.874473e-01 2.729005e-02
    outer loop
      vertex   1.974303e-01 9.042859e-02 -5.829138e-01
      vertex   2.206188e-01 8.584402e-02 -5.492202e-01
      vertex   2.376717e-01 8.417694e-02 -5.861135e-01
    endloop
  endfacet
  facet normal -5.972804e-01 8.020227e-01 3.958433e-03
    outer loop
      vertex   1.634182e-01 7.427294e-02 -5.484868e-01
      vertex   1.722509e-01 8.116191e-02 -6.115238e-01
      vertex   1.481396e-01 6.302011e-02 -5.738898e-01
    endloop
  endfacet
  facet normal -9.400133e-01 3.409927e-01 -9.949018e-03
    outer loop
      vertex   1.430798e-01 4.810882e-02 -6.068855e-01
      vertex   1.306356e-01 1.500700e-02 -5.656577e-01
      vertex   1.481396e-01 6.302011e-02 -5.738898e-01
    endloop
  endfacet
  facet normal -3.643468e-01 9.281882e-01 7.561755e-02
    outer loop
      vertex   1.845362e-01 8.126277e-02 -5.325327e-01
      vertex   1.974303e-01 9.042859e-02 -5.829138e-01
      vertex   1.634182e-01 7.427294e-02 -5.484868e-01
    endloop
  endfacet
  facet normal -9.896982e-01 -9.008904e-02 -1.112719e-01
    outer loop
      vertex   1.306356e-01 1.500700e-02 -5.656577e-01
      vertex   1.341118e-01 1.825680e-02 -5.992070e-01
      vertex   1.333029e-01 -1.831739e-02 -5.624016e-01
    endloop
  endfacet
  facet normal 9.541696e-01 -2.492776e-01 1.655932e-01
    outer loop
      vertex   2.592788e-01 -5.796816e-03 -5.108080e-01
      vertex   2.671131e-01 -1.609206e-02 -5.714482e-01
      vertex   2.749727e-01 2.665783e-02 -5.523818e-01
    endloop
  endfacet
  facet normal 1.846367e-02 9.532492e-01 3.016206e-01
    outer loop
      vertex   1.845362e-01 8.126277e-02 -5.325327e-01
      vertex   2.025429e-01 6.791734e-02 -4.914577e-01
      vertex   2.206188e-01 8.584402e-02 -5.492202e-01
    endloop
  endfacet
  facet normal -7.915401e-01 5.684876e-01 2.242455e-01
    outer loop
      vertex   1.634182e-01 7.427294e-02 -5.484868e-01
      vertex   1.481396e-01 6.302011e-02 -5.738898e-01
      vertex   1.447290e-01 3.537090e-02 -5.158347e-01
    endloop
  endfacet
  facet normal 4.550003e-01 -8.664235e-01 -2.056335e-01
    outer loop
      vertex   2.220753e-01 -8.602291e-02 -5.273574e-01
      vertex   2.506949e-01 -4.386190e-02 -6.416743e-01
      vertex   2.419756e-01 -7.455044e-02 -5.316632e-01
    endloop
  endfacet
  facet normal 9.041444e-01 -4.240702e-01 -5.184006e-02
    outer loop
      vertex   2.465449e-01 -6.915139e-02 -4.961349e-01
      vertex   2.419756e-01 -7.455044e-02 -5.316632e-01
      vertex   2.671131e-01 -1.609206e-02 -5.714482e-01
    endloop
  endfacet
  facet normal 9.364052e-01 -3.305903e-03 3.509052e-01
    outer loop
      vertex   2.655374e-01 3.855745e-02 -5.270913e-01
      vertex   2.592788e-01 -5.796816e-03 -5.108080e-01
      vertex   2.749727e-01 2.665783e-02 -5.523818e-01
    endloop
  endfacet
  facet normal 7.298496e-01 5.427228e-01 4.156579e-01
    outer loop
      vertex   2.498153e-01 6.859129e-02 -5.387001e-01
      vertex   2.447650e-01 4.527856e-02 -4.993931e-01
      vertex   2.655374e-01 3.855745e-02 -5.270913e-01
    endloop
  endfacet
  facet normal 6.769138e-01 5.916520e-01 4.378762e-01
    outer loop
      vertex   2.254158e-01 6.047218e-02 -4.900105e-01
      vertex   2.447650e-01 4.527856e-02 -4.993931e-01
      vertex   2.498153e-01 6.859129e-02 -5.387001e-01
    endloop
  endfacet
  facet normal -9.377377e-01 3.203149e-01 1.343366e-01
    outer loop
      vertex   1.447290e-01 3.537090e-02 -5.158347e-01
      vertex   1.306356e-01 1.500700e-02 -5.656577e-01
      vertex   1.314231e-01 -1.138224e-02 -4.972377e-01
    endloop
  endfacet
  facet normal 9.750712e-01 -1.604975e-01 1.532208e-01
    outer loop
      vertex   2.592788e-01 -5.796816e-03 -5.108080e-01
      vertex   2.465449e-01 -6.915139e-02 -4.961349e-01
      vertex   2.671131e-01 -1.609206e-02 -5.714482e-01
    endloop
  endfacet
  facet normal 8.935066e-01 3.818121e-02 4.474240e-01
    outer loop
      vertex   2.592788e-01 -5.796816e-03 -5.108080e-01
      vertex   2.655374e-01 3.855745e-02 -5.270913e-01
      vertex   2.405688e-01 1.370693e-02 -4.751084e-01
    endloop
  endfacet
  facet normal -5.027623e-01 8.060154e-01 3.123608e-01
    outer loop
      vertex   1.845362e-01 8.126277e-02 -5.325327e-01
      vertex   1.634182e-01 7.427294e-02 -5.484868e-01
      vertex   1.765658e-01 5.432385e-02 -4.758485e-01
    endloop
  endfacet
  facet normal -2.277322e-01 -9.640707e-01 -1.367692e-01
    outer loop
      vertex   2.220753e-01 -8.602291e-02 -5.273574e-01
      vertex   1.785752e-01 -7.481310e-02 -5.339427e-01
      vertex   1.949255e-01 -6.915000e-02 -6.010859e-01
    endloop
  endfacet
  facet normal -9.501739e-01 -3.116672e-01 5.758871e-03
    outer loop
      vertex   1.314231e-01 -1.138224e-02 -4.972377e-01
      vertex   1.333029e-01 -1.831739e-02 -5.624016e-01
      vertex   1.432601e-01 -4.783087e-02 -5.167900e-01
    endloop
  endfacet
  facet normal -1.612753e-01 -8.838194e-01 -4.391508e-01
    outer loop
      vertex   2.220753e-01 -8.602291e-02 -5.273574e-01
      vertex   1.928580e-01 -1.019543e-01 -4.845646e-01
      vertex   1.785752e-01 -7.481310e-02 -5.339427e-01
    endloop
  endfacet
  facet normal 4.367929e-01 -8.585017e-01 -2.686762e-01
    outer loop
      vertex   2.419756e-01 -7.455044e-02 -5.316632e-01
      vertex   2.111787e-01 -1.092163e-01 -4.709624e-01
      vertex   2.220753e-01 -8.602291e-02 -5.273574e-01
    endloop
  endfacet
  facet normal -7.215081e-01 6.363936e-01 2.728171e-01
    outer loop
      vertex   1.750648e-01 3.965679e-02 -4.456044e-01
      vertex   1.765658e-01 5.432385e-02 -4.758485e-01
      vertex   1.447290e-01 3.537090e-02 -5.158347e-01
    endloop
  endfacet
  facet normal -6.640278e-01 -6.969419e-01 -2.708117e-01
    outer loop
      vertex   1.432601e-01 -4.783087e-02 -5.167900e-01
      vertex   1.785752e-01 -7.481310e-02 -5.339427e-01
      vertex   1.372500e-01 -6.237445e-02 -4.646250e-01
    endloop
  endfacet
  facet normal -7.303495e-02 -9.173271e-01 -3.913782e-01
    outer loop
      vertex   2.111787e-01 -1.092163e-01 -4.709624e-01
      vertex   1.928580e-01 -1.019543e-01 -4.845646e-01
      vertex   2.220753e-01 -8.602291e-02 -5.273574e-01
    endloop
  endfacet
  facet normal 4.471475e-01 -8.553445e-01 -2.616197e-01
    outer loop
      vertex   2.111787e-01 -1.092163e-01 -4.709624e-01
      vertex   2.419756e-01 -7.455044e-02 -5.316632e-01
      vertex   2.310944e-01 -1.027043e-01 -4.582140e-01
    endloop
  endfacet
  facet normal 8.874155e-01 -4.588266e-01 -4.440677e-02
    outer loop
      vertex   2.310944e-01 -1.027043e-01 -4.582140e-01
      vertex   2.419756e-01 -7.455044e-02 -5.316632e-01
      vertex   2.465449e-01 -6.915139e-02 -4.961349e-01
    endloop
  endfacet
  facet normal -7.072186e-01 6.552517e-01 2.654939e-01
    outer loop
      vertex   1.750648e-01 3.965679e-02 -4.456044e-01
      vertex   1.447290e-01 3.537090e-02 -5.158347e-01
      vertex   1.473811e-01 1.587563e-02 -4.606548e-01
    endloop
  endfacet
  facet normal 3.906530e-01 -9.088839e-01 -1.460148e-01
    outer loop
      vertex   2.310944e-01 -1.027043e-01 -4.582140e-01
      vertex   2.106071e-01 -1.146055e-01 -4.389462e-01
      vertex   2.111787e-01 -1.092163e-01 -4.709624e-01
    endloop
  endfacet
  facet normal 7.358971e-01 5.877039e-01 3.362432e-01
    outer loop
      vertex   2.439843e-01 -1.136072e-02 -4.387688e-01
      vertex   2.405688e-01 1.370693e-02 -4.751084e-01
      vertex   2.086325e-01 3.440077e-02 -4.413828e-01
    endloop
  endfacet
  facet normal 6.124106e-02 8.328949e-01 5.500324e-01
    outer loop
      vertex   2.025429e-01 6.791734e-02 -4.914577e-01
      vertex   1.750648e-01 3.965679e-02 -4.456044e-01
      vertex   2.086325e-01 3.440077e-02 -4.413828e-01
    endloop
  endfacet
  facet normal -2.111801e-01 8.835575e-01 4.180062e-01
    outer loop
      vertex   2.025429e-01 6.791734e-02 -4.914577e-01
      vertex   1.765658e-01 5.432385e-02 -4.758485e-01
      vertex   1.750648e-01 3.965679e-02 -4.456044e-01
    endloop
  endfacet
  facet normal -9.210483e-01 -3.345376e-01 -1.993858e-01
    outer loop
      vertex   1.432601e-01 -4.783087e-02 -5.167900e-01
      vertex   1.372500e-01 -6.237445e-02 -4.646250e-01
      vertex   1.112322e-01 -1.784469e-02 -4.191512e-01
    endloop
  endfacet
  facet normal -2.243091e-01 -9.524179e-01 -2.063626e-01
    outer loop
      vertex   2.111787e-01 -1.092163e-01 -4.709624e-01
      vertex   1.548079e-01 -1.108606e-01 -4.021006e-01
      vertex   1.928580e-01 -1.019543e-01 -4.845646e-01
    endloop
  endfacet
  facet normal 9.099264e-01 -4.147526e-01 3.762298e-03
    outer loop
      vertex   2.465449e-01 -6.915139e-02 -4.961349e-01
      vertex   2.350017e-01 -9.385445e-02 -4.276124e-01
      vertex   2.310944e-01 -1.027043e-01 -4.582140e-01
    endloop
  endfacet
  facet normal 9.334507e-01 -3.575849e-01 2.833472e-02
    outer loop
      vertex   2.456901e-01 -6.743585e-02 -4.463225e-01
      vertex   2.350017e-01 -9.385445e-02 -4.276124e-01
      vertex   2.465449e-01 -6.915139e-02 -4.961349e-01
    endloop
  endfacet
  facet normal 9.472243e-01 -2.959246e-01 1.232672e-01
    outer loop
      vertex   2.379429e-01 -7.342865e-02 -4.011777e-01
      vertex   2.350017e-01 -9.385445e-02 -4.276124e-01
      vertex   2.456901e-01 -6.743585e-02 -4.463225e-01
    endloop
  endfacet
  facet normal 7.845680e-01 5.964112e-01 -1.695486e-01
    outer loop
      vertex   2.086325e-01 3.440077e-02 -4.413828e-01
      vertex   2.061783e-01 6.097042e-02 -3.592766e-01
      vertex   2.439843e-01 -1.136072e-02 -4.387688e-01
    endloop
  endfacet
  facet normal -4.737399e-01 7.933887e-01 -3.822367e-01
    outer loop
      vertex   1.473811e-01 1.587563e-02 -4.606548e-01
      vertex   1.604416e-01 6.156305e-02 -3.820107e-01
      vertex   1.750648e-01 3.965679e-02 -4.456044e-01
    endloop
  endfacet
  facet normal -8.211919e-01 4.526739e-01 -3.474624e-01
    outer loop
      vertex   1.112322e-01 -1.784469e-02 -4.191512e-01
      vertex   1.261488e-01 1.632700e-02 -4.098863e-01
      vertex   1.473811e-01 1.587563e-02 -4.606548e-01
    endloop
  endfacet
  facet normal 6.375896e-01 -7.579539e-01 1.377873e-01
    outer loop
      vertex   2.350017e-01 -9.385445e-02 -4.276124e-01
      vertex   2.110599e-01 -1.096393e-01 -4.036561e-01
      vertex   2.310944e-01 -1.027043e-01 -4.582140e-01
    endloop
  endfacet
  facet normal -8.032307e-01 4.889119e-01 -3.402729e-01
    outer loop
      vertex   1.261488e-01 1.632700e-02 -4.098863e-01
      vertex   1.288013e-01 6.054689e-02 -3.526116e-01
      vertex   1.473811e-01 1.587563e-02 -4.606548e-01
    endloop
  endfacet
  facet normal -4.053307e-01 8.180970e-01 -4.079514e-01
    outer loop
      vertex   1.604416e-01 6.156305e-02 -3.820107e-01
      vertex   1.473811e-01 1.587563e-02 -4.606548e-01
      vertex   1.288013e-01 6.054689e-02 -3.526116e-01
    endloop
  endfacet
  facet normal -7.304057e-01 -5.867574e-01 -3.496044e-01
    outer loop
      vertex   1.496216e-01 -9.548269e-02 -4.349050e-01
      vertex   1.144319e-01 -8.102795e-02 -3.856455e-01
      vertex   1.372500e-01 -6.237445e-02 -4.646250e-01
    endloop
  endfacet
  facet normal 1.613808e-01 -9.775466e-01 1.354946e-01
    outer loop
      vertex   2.110599e-01 -1.096393e-01 -4.036561e-01
      vertex   1.752779e-01 -1.130205e-01 -3.854319e-01
      vertex   2.106071e-01 -1.146055e-01 -4.389462e-01
    endloop
  endfacet
  facet normal 6.648690e-01 -7.228712e-01 1.881663e-01
    outer loop
      vertex   2.350017e-01 -9.385445e-02 -4.276124e-01
      vertex   2.138136e-01 -9.708254e-02 -3.651473e-01
      vertex   2.110599e-01 -1.096393e-01 -4.036561e-01
    endloop
  endfacet
  facet normal -8.612502e-01 -2.962197e-01 -4.129188e-01
    outer loop
      vertex   1.230862e-01 -4.432173e-02 -4.300285e-01
      vertex   1.144319e-01 -8.102795e-02 -3.856455e-01
      vertex   9.724140e-02 -4.908556e-02 -3.727051e-01
    endloop
  endfacet
  facet normal 8.465808e-01 -4.625999e-01 2.632532e-01
    outer loop
      vertex   2.379429e-01 -7.342865e-02 -4.011777e-01
      vertex   2.138136e-01 -9.708254e-02 -3.651473e-01
      vertex   2.350017e-01 -9.385445e-02 -4.276124e-01
    endloop
  endfacet
  facet normal 9.398337e-01 3.403302e-01 2.979810e-02
    outer loop
      vertex   2.487302e-01 -3.112586e-02 -3.627134e-01
      vertex   2.444260e-01 -1.207269e-02 -4.445688e-01
      vertex   2.439843e-01 -1.136072e-02 -4.387688e-01
    endloop
  endfacet
  facet normal -8.055953e-01 4.546540e-01 -3.798762e-01
    outer loop
      vertex   1.112322e-01 -1.784469e-02 -4.191512e-01
      vertex   8.550537e-02 3.004880e-02 -3.072717e-01
      vertex   1.261488e-01 1.632700e-02 -4.098863e-01
    endloop
  endfacet
  facet normal 2.453080e-02 -9.871287e-01 -1.580352e-01
    outer loop
      vertex   1.436057e-01 -1.307269e-01 -2.797493e-01
      vertex   1.548079e-01 -1.108606e-01 -4.021006e-01
      vertex   1.752779e-01 -1.130205e-01 -3.854319e-01
    endloop
  endfacet
  facet normal 9.910435e-01 -1.290356e-01 -3.438768e-02
    outer loop
      vertex   2.395251e-01 -7.809390e-02 -3.380725e-01
      vertex   2.379429e-01 -7.342865e-02 -4.011777e-01
      vertex   2.444260e-01 -1.207269e-02 -4.445688e-01
    endloop
  endfacet
  facet normal 9.726271e-01 2.323713e-01 -3.043856e-04
    outer loop
      vertex   2.439843e-01 -1.136072e-02 -4.387688e-01
      vertex   2.385091e-01 1.175046e-02 -2.907461e-01
      vertex   2.487302e-01 -3.112586e-02 -3.627134e-01
    endloop
  endfacet
  facet normal 6.661375e-01 6.814110e-01 -3.032159e-01
    outer loop
      vertex   2.439843e-01 -1.136072e-02 -4.387688e-01
      vertex   2.061783e-01 6.097042e-02 -3.592766e-01
      vertex   2.187383e-01 6.150127e-02 -3.304905e-01
    endloop
  endfacet
  facet normal 4.128723e-01 8.700899e-01 -2.692212e-01
    outer loop
      vertex   2.061783e-01 6.097042e-02 -3.592766e-01
      vertex   2.086325e-01 3.440077e-02 -4.413828e-01
      vertex   1.868196e-01 5.945565e-02 -3.938603e-01
    endloop
  endfacet
  facet normal 6.408298e-01 -7.642456e-01 -7.256671e-02
    outer loop
      vertex   2.379429e-01 -7.342865e-02 -4.011777e-01
      vertex   2.395251e-01 -7.809390e-02 -3.380725e-01
      vertex   2.138136e-01 -9.708254e-02 -3.651473e-01
    endloop
  endfacet
  facet normal 9.937805e-01 -8.492783e-02 -7.202419e-02
    outer loop
      vertex   2.487302e-01 -3.112586e-02 -3.627134e-01
      vertex   2.489345e-01 -6.539607e-02 -3.194839e-01
      vertex   2.444260e-01 -1.207269e-02 -4.445688e-01
    endloop
  endfacet
  facet normal 9.029352e-01 -3.826511e-01 -1.956684e-01
    outer loop
      vertex   2.489345e-01 -6.539607e-02 -3.194839e-01
      vertex   2.395251e-01 -7.809390e-02 -3.380725e-01
      vertex   2.444260e-01 -1.207269e-02 -4.445688e-01
    endloop
  endfacet
  facet normal -8.822907e-01 -2.219783e-01 -4.150768e-01
    outer loop
      vertex   1.112322e-01 -1.784469e-02 -4.191512e-01
      vertex   9.724140e-02 -4.908556e-02 -3.727051e-01
      vertex   7.393629e-02 -2.057563e-02 -3.384143e-01
    endloop
  endfacet
  facet normal -5.478014e-01 -8.007196e-01 -2.424081e-01
    outer loop
      vertex   1.548079e-01 -1.108606e-01 -4.021006e-01
      vertex   1.072678e-01 -1.206856e-01 -2.622141e-01
      vertex   1.071973e-01 -9.854961e-02 -3.351741e-01
    endloop
  endfacet
  facet normal 9.999883e-01 -1.271112e-04 -4.827710e-03
    outer loop
      vertex   2.487302e-01 -3.112586e-02 -3.627134e-01
      vertex   2.490470e-01 -3.044474e-02 -2.970945e-01
      vertex   2.489345e-01 -6.539607e-02 -3.194839e-01
    endloop
  endfacet
  facet normal 9.636144e-01 2.672272e-01 -6.079893e-03
    outer loop
      vertex   2.385091e-01 1.175046e-02 -2.907461e-01
      vertex   2.439843e-01 -1.136072e-02 -4.387688e-01
      vertex   2.271948e-01 5.238183e-02 -2.981052e-01
    endloop
  endfacet
  facet normal 4.637638e-01 8.349885e-01 -2.961711e-01
    outer loop
      vertex   1.868196e-01 5.945565e-02 -3.938603e-01
      vertex   1.850151e-01 9.279013e-02 -3.027068e-01
      vertex   2.061783e-01 6.097042e-02 -3.592766e-01
    endloop
  endfacet
  facet normal 7.604921e-02 9.195115e-01 -3.856359e-01
    outer loop
      vertex   1.604416e-01 6.156305e-02 -3.820107e-01
      vertex   1.589637e-01 9.777226e-02 -2.959648e-01
      vertex   1.850151e-01 9.279013e-02 -3.027068e-01
    endloop
  endfacet
  facet normal -4.354579e-01 7.844881e-01 -4.415368e-01
    outer loop
      vertex   1.604416e-01 6.156305e-02 -3.820107e-01
      vertex   1.288013e-01 6.054689e-02 -3.526116e-01
      vertex   1.421601e-01 8.750252e-02 -3.178938e-01
    endloop
  endfacet
  facet normal -8.470311e-01 -4.526980e-01 -2.785729e-01
    outer loop
      vertex   7.955412e-02 -8.701581e-02 -2.698652e-01
      vertex   1.144319e-01 -8.102795e-02 -3.856455e-01
      vertex   1.071973e-01 -9.854961e-02 -3.351741e-01
    endloop
  endfacet
  facet normal 5.848249e-01 -8.110482e-01 1.344260e-02
    outer loop
      vertex   2.395251e-01 -7.809390e-02 -3.380725e-01
      vertex   1.862299e-01 -1.158529e-01 -2.976040e-01
      vertex   2.138136e-01 -9.708254e-02 -3.651473e-01
    endloop
  endfacet
  facet normal 9.951025e-01 -5.557144e-02 8.174909e-02
    outer loop
      vertex   2.489345e-01 -6.539607e-02 -3.194839e-01
      vertex   2.490470e-01 -3.044474e-02 -2.970945e-01
      vertex   2.385925e-01 -6.071884e-02 -1.904148e-01
    endloop
  endfacet
  facet normal 6.851412e-01 -7.283186e-01 -1.155512e-02
    outer loop
      vertex   2.317543e-01 -8.694747e-02 -2.407942e-01
      vertex   1.951436e-01 -1.219860e-01 -2.030881e-01
      vertex   2.395251e-01 -7.809390e-02 -3.380725e-01
    endloop
  endfacet
  facet normal 6.174055e-01 7.614878e-01 -1.973494e-01
    outer loop
      vertex   1.981462e-01 8.788233e-02 -2.805635e-01
      vertex   2.061783e-01 6.097042e-02 -3.592766e-01
      vertex   1.850151e-01 9.279013e-02 -3.027068e-01
    endloop
  endfacet
  facet normal -9.520188e-01 3.299533e-02 -3.042558e-01
    outer loop
      vertex   5.861560e-02 -4.507342e-02 -2.931324e-01
      vertex   5.113459e-02 -1.299110e-02 -2.662451e-01
      vertex   7.393629e-02 -2.057563e-02 -3.384143e-01
    endloop
  endfacet
  facet normal -8.820065e-01 -2.193358e-01 -4.170806e-01
    outer loop
      vertex   9.724140e-02 -4.908556e-02 -3.727051e-01
      vertex   5.861560e-02 -4.507342e-02 -2.931324e-01
      vertex   7.393629e-02 -2.057563e-02 -3.384143e-01
    endloop
  endfacet
  facet normal -7.956873e-01 -4.858224e-01 -3.617434e-01
    outer loop
      vertex   5.882261e-02 -7.167806e-02 -2.578577e-01
      vertex   5.861560e-02 -4.507342e-02 -2.931324e-01
      vertex   9.724140e-02 -4.908556e-02 -3.727051e-01
    endloop
  endfacet
  facet normal -3.421494e-01 -9.220405e-01 -1.810389e-01
    outer loop
      vertex   1.436057e-01 -1.307269e-01 -2.797493e-01
      vertex   1.072678e-01 -1.206856e-01 -2.622141e-01
      vertex   1.548079e-01 -1.108606e-01 -4.021006e-01
    endloop
  endfacet
  facet normal 5.211130e-01 -8.471136e-01 -1.041139e-01
    outer loop
      vertex   1.862299e-01 -1.158529e-01 -2.976040e-01
      vertex   2.395251e-01 -7.809390e-02 -3.380725e-01
      vertex   1.951436e-01 -1.219860e-01 -2.030881e-01
    endloop
  endfacet
  facet normal 9.098931e-01 -4.054880e-01 8.760179e-02
    outer loop
      vertex   2.317543e-01 -8.694747e-02 -2.407942e-01
      vertex   2.489345e-01 -6.539607e-02 -3.194839e-01
      vertex   2.385925e-01 -6.071884e-02 -1.904148e-01
    endloop
  endfacet
  facet normal 7.687188e-01 6.392512e-01 -2.072105e-02
    outer loop
      vertex   2.271948e-01 5.238183e-02 -2.981052e-01
      vertex   2.187383e-01 6.150127e-02 -3.304905e-01
      vertex   1.981462e-01 8.788233e-02 -2.805635e-01
    endloop
  endfacet
  facet normal 1.497497e-01 9.781540e-01 -1.441864e-01
    outer loop
      vertex   1.632898e-01 1.018692e-01 -2.636783e-01
      vertex   1.850151e-01 9.279013e-02 -3.027068e-01
      vertex   1.589637e-01 9.777226e-02 -2.959648e-01
    endloop
  endfacet
  facet normal 9.574872e-01 2.795316e-01 7.127601e-02
    outer loop
      vertex   2.200500e-01 4.156232e-02 -1.596928e-01
      vertex   2.385091e-01 1.175046e-02 -2.907461e-01
      vertex   2.271948e-01 5.238183e-02 -2.981052e-01
    endloop
  endfacet
  facet normal 7.887235e-01 6.107367e-01 7.011312e-02
    outer loop
      vertex   2.048238e-01 6.607880e-02 -1.657576e-01
      vertex   2.271948e-01 5.238183e-02 -2.981052e-01
      vertex   1.981462e-01 8.788233e-02 -2.805635e-01
    endloop
  endfacet
  facet normal 3.674579e-01 9.299655e-01 -1.178833e-02
    outer loop
      vertex   1.981462e-01 8.788233e-02 -2.805635e-01
      vertex   1.850151e-01 9.279013e-02 -3.027068e-01
      vertex   1.632898e-01 1.018692e-01 -2.636783e-01
    endloop
  endfacet
  facet normal -8.583774e-01 4.491059e-01 -2.479762e-01
    outer loop
      vertex   5.113459e-02 -1.299110e-02 -2.662451e-01
      vertex   5.038162e-02 2.711984e-02 -1.909944e-01
      vertex   8.550537e-02 3.004880e-02 -3.072717e-01
    endloop
  endfacet
  facet normal 9.704889e-01 2.330531e-01 6.194809e-02
    outer loop
      vertex   2.385091e-01 1.175046e-02 -2.907461e-01
      vertex   2.347855e-01 -4.125591e-03 -1.726857e-01
      vertex   2.490470e-01 -3.044474e-02 -2.970945e-01
    endloop
  endfacet
  facet normal 3.917697e-01 9.188300e-01 4.762333e-02
    outer loop
      vertex   1.796374e-01 9.216046e-02 -2.108434e-01
      vertex   1.981462e-01 8.788233e-02 -2.805635e-01
      vertex   1.632898e-01 1.018692e-01 -2.636783e-01
    endloop
  endfacet
  facet normal -5.801479e-01 8.038841e-01 -1.311444e-01
    outer loop
      vertex   7.610966e-02 6.939681e-02 -1.933839e-01
      vertex   1.280073e-01 9.721452e-02 -2.524493e-01
      vertex   1.096295e-01 7.904212e-02 -2.825434e-01
    endloop
  endfacet
  facet normal -7.347145e-01 -6.493533e-01 -1.963028e-01
    outer loop
      vertex   1.071973e-01 -9.854961e-02 -3.351741e-01
      vertex   1.072678e-01 -1.206856e-01 -2.622141e-01
      vertex   7.955412e-02 -8.701581e-02 -2.698652e-01
    endloop
  endfacet
  facet normal -5.444915e-01 8.344032e-01 -8.544169e-02
    outer loop
      vertex   7.610966e-02 6.939681e-02 -1.933839e-01
      vertex   1.013927e-01 8.844129e-02 -1.685205e-01
      vertex   1.280073e-01 9.721452e-02 -2.524493e-01
    endloop
  endfacet
  facet normal 8.437829e-01 -5.276728e-01 9.793836e-02
    outer loop
      vertex   2.317543e-01 -8.694747e-02 -2.407942e-01
      vertex   2.100033e-01 -9.045662e-02 -7.230681e-02
      vertex   2.015421e-01 -1.094059e-01 -1.015044e-01
    endloop
  endfacet
  facet normal 8.932236e-01 -4.368876e-01 1.062117e-01
    outer loop
      vertex   2.100033e-01 -9.045662e-02 -7.230681e-02
      vertex   2.317543e-01 -8.694747e-02 -2.407942e-01
      vertex   2.385925e-01 -6.071884e-02 -1.904148e-01
    endloop
  endfacet
  facet normal 9.382141e-01 -3.126258e-01 1.483894e-01
    outer loop
      vertex   2.251609e-01 -4.696170e-02 -7.650786e-02
      vertex   2.100033e-01 -9.045662e-02 -7.230681e-02
      vertex   2.385925e-01 -6.071884e-02 -1.904148e-01
    endloop
  endfacet
  facet normal 2.401719e-01 9.637949e-01 1.158309e-01
    outer loop
      vertex   1.440550e-01 1.001353e-01 -2.034210e-01
      vertex   1.641344e-01 8.728335e-02 -1.381173e-01
      vertex   1.796374e-01 9.216046e-02 -2.108434e-01
    endloop
  endfacet
  facet normal -3.302153e-01 -9.317943e-01 -1.507225e-01
    outer loop
      vertex   1.012814e-01 -1.342878e-01 -1.650077e-01
      vertex   1.072678e-01 -1.206856e-01 -2.622141e-01
      vertex   1.436057e-01 -1.307269e-01 -2.797493e-01
    endloop
  endfacet
  facet normal -3.563292e-01 -9.205582e-01 -1.600063e-01
    outer loop
      vertex   1.012814e-01 -1.342878e-01 -1.650077e-01
      vertex   1.436057e-01 -1.307269e-01 -2.797493e-01
      vertex   1.434314e-01 -1.464361e-01 -1.889819e-01
    endloop
  endfacet
  facet normal 2.630511e-01 -9.507341e-01 -1.640391e-01
    outer loop
      vertex   1.434314e-01 -1.464361e-01 -1.889819e-01
      vertex   1.436057e-01 -1.307269e-01 -2.797493e-01
      vertex   1.862299e-01 -1.158529e-01 -2.976040e-01
    endloop
  endfacet
  facet normal 4.036509e-01 -9.097458e-01 -9.710038e-02
    outer loop
      vertex   1.862299e-01 -1.158529e-01 -2.976040e-01
      vertex   1.951436e-01 -1.219860e-01 -2.030881e-01
      vertex   1.434314e-01 -1.464361e-01 -1.889819e-01
    endloop
  endfacet
  facet normal -2.040010e-01 9.758888e-01 7.761903e-02
    outer loop
      vertex   1.013927e-01 8.844129e-02 -1.685205e-01
      vertex   1.111260e-01 8.726055e-02 -1.280940e-01
      vertex   1.440550e-01 1.001353e-01 -2.034210e-01
    endloop
  endfacet
  facet normal -8.041509e-01 -5.393864e-01 -2.498071e-01
    outer loop
      vertex   4.205006e-02 -8.388724e-02 -1.775032e-01
      vertex   5.882261e-02 -7.167806e-02 -2.578577e-01
      vertex   5.050358e-02 -1.190243e-01 -1.288475e-01
    endloop
  endfacet
  facet normal 2.071984e-02 -9.995937e-01 1.957202e-02
    outer loop
      vertex   1.294043e-01 -1.451249e-01 -1.071653e-01
      vertex   1.434314e-01 -1.464361e-01 -1.889819e-01
      vertex   1.522032e-01 -1.442764e-01 -8.796678e-02
    endloop
  endfacet
  facet normal 3.415525e-02 9.825444e-01 1.828661e-01
    outer loop
      vertex   1.111260e-01 8.726055e-02 -1.280940e-01
      vertex   1.641344e-01 8.728335e-02 -1.381173e-01
      vertex   1.440550e-01 1.001353e-01 -2.034210e-01
    endloop
  endfacet
  facet normal -2.952682e-01 -9.547613e-01 -3.532126e-02
    outer loop
      vertex   1.294043e-01 -1.451249e-01 -1.071653e-01
      vertex   1.012814e-01 -1.342878e-01 -1.650077e-01
      vertex   1.434314e-01 -1.464361e-01 -1.889819e-01
    endloop
  endfacet
  facet normal -3.643173e-01 -9.232657e-01 -1.218740e-01
    outer loop
      vertex   8.157152e-02 -1.334235e-01 -1.126360e-01
      vertex   5.050358e-02 -1.190243e-01 -1.288475e-01
      vertex   1.012814e-01 -1.342878e-01 -1.650077e-01
    endloop
  endfacet
  facet normal 6.700280e-01 -7.346794e-01 1.063422e-01
    outer loop
      vertex   1.585572e-01 -1.313002e-01 1.806984e-02
      vertex   1.798837e-01 -1.312202e-01 -1.157489e-01
      vertex   2.015421e-01 -1.094059e-01 -1.015044e-01
    endloop
  endfacet
  facet normal 4.876556e-01 -8.696164e-01 7.719715e-02
    outer loop
      vertex   1.585572e-01 -1.313002e-01 1.806984e-02
      vertex   1.522032e-01 -1.442764e-01 -8.796678e-02
      vertex   1.798837e-01 -1.312202e-01 -1.157489e-01
    endloop
  endfacet
  facet normal 8.055771e-01 -5.756735e-01 1.401628e-01
    outer loop
      vertex   2.100033e-01 -9.045662e-02 -7.230681e-02
      vertex   1.787300e-01 -1.121300e-01 1.841859e-02
      vertex   2.015421e-01 -1.094059e-01 -1.015044e-01
    endloop
  endfacet
  facet normal 9.574925e-01 -1.934952e-01 2.139339e-01
    outer loop
      vertex   2.028751e-01 -7.374169e-02 -9.860687e-04
      vertex   2.251609e-01 -4.696170e-02 -7.650786e-02
      vertex   2.073485e-01 -4.225292e-02 7.473038e-03
    endloop
  endfacet
  facet normal 9.782394e-01 1.076202e-04 2.074791e-01
    outer loop
      vertex   2.222770e-01 1.283930e-03 -6.293565e-02
      vertex   2.073485e-01 -4.225292e-02 7.473038e-03
      vertex   2.251609e-01 -4.696170e-02 -7.650786e-02
    endloop
  endfacet
  facet normal 8.787931e-01 4.473940e-01 1.660163e-01
    outer loop
      vertex   2.222770e-01 1.283930e-03 -6.293565e-02
      vertex   2.200500e-01 4.156232e-02 -1.596928e-01
      vertex   2.006734e-01 2.476608e-02 -1.186070e-02
    endloop
  endfacet
  facet normal -9.416903e-01 2.258836e-01 -2.493911e-01
    outer loop
      vertex   2.605407e-02 -1.910334e-02 -1.410007e-01
      vertex   3.176624e-02 4.386354e-02 -1.055380e-01
      vertex   5.038162e-02 2.711984e-02 -1.909944e-01
    endloop
  endfacet
  facet normal -9.311646e-01 -3.068404e-01 -1.969298e-01
    outer loop
      vertex   2.101302e-02 -6.708346e-02 -1.042137e-01
      vertex   4.023164e-02 -5.108267e-02 -2.200184e-01
      vertex   4.205006e-02 -8.388724e-02 -1.775032e-01
    endloop
  endfacet
  facet normal -8.889243e-01 -4.305075e-01 -1.564507e-01
    outer loop
      vertex   4.205006e-02 -8.388724e-02 -1.775032e-01
      vertex   5.050358e-02 -1.190243e-01 -1.288475e-01
      vertex   2.101302e-02 -6.708346e-02 -1.042137e-01
    endloop
  endfacet
  facet normal 6.833717e-01 -7.211765e-01 1.136115e-01
    outer loop
      vertex   2.015421e-01 -1.094059e-01 -1.015044e-01
      vertex   1.787300e-01 -1.121300e-01 1.841859e-02
      vertex   1.585572e-01 -1.313002e-01 1.806984e-02
    endloop
  endfacet
  facet normal 8.693205e-01 -4.000943e-01 2.901834e-01
    outer loop
      vertex   2.028751e-01 -7.374169e-02 -9.860687e-04
      vertex   1.671514e-01 -9.555234e-02 7.596199e-02
      vertex   1.787300e-01 -1.121300e-01 1.841859e-02
    endloop
  endfacet
  facet normal 9.627980e-01 8.479731e-02 2.565725e-01
    outer loop
      vertex   2.222770e-01 1.283930e-03 -6.293565e-02
      vertex   2.015381e-01 -1.324545e-02 1.968990e-02
      vertex   2.073485e-01 -4.225292e-02 7.473038e-03
    endloop
  endfacet
  facet normal 9.055215e-01 3.916639e-01 1.631877e-01
    outer loop
      vertex   2.200500e-01 4.156232e-02 -1.596928e-01
      vertex   1.988254e-01 4.917106e-02 -6.018022e-02
      vertex   2.006734e-01 2.476608e-02 -1.186070e-02
    endloop
  endfacet
  facet normal 8.265275e-01 5.465928e-01 1.344936e-01
    outer loop
      vertex   1.988254e-01 4.917106e-02 -6.018022e-02
      vertex   2.200500e-01 4.156232e-02 -1.596928e-01
      vertex   2.048238e-01 6.607880e-02 -1.657576e-01
    endloop
  endfacet
  facet normal -1.661536e-01 9.856226e-01 3.067813e-02
    outer loop
      vertex   1.641344e-01 8.728335e-02 -1.381173e-01
      vertex   1.607820e-01 8.384756e-02 -4.588914e-02
      vertex   1.796374e-01 9.216046e-02 -2.108434e-01
    endloop
  endfacet
  facet normal -4.526355e-01 8.679235e-01 -2.045234e-01
    outer loop
      vertex   1.013927e-01 8.844129e-02 -1.685205e-01
      vertex   7.610966e-02 6.939681e-02 -1.933839e-01
      vertex   6.155146e-02 8.426297e-02 -9.807817e-02
    endloop
  endfacet
  facet normal -6.097645e-02 -9.860168e-01 -1.550893e-01
    outer loop
      vertex   9.438901e-02 -1.492283e-01 -6.730968e-02
      vertex   1.012814e-01 -1.342878e-01 -1.650077e-01
      vertex   1.294043e-01 -1.451249e-01 -1.071653e-01
    endloop
  endfacet
  facet normal -4.779421e-01 -8.626331e-01 -1.656368e-01
    outer loop
      vertex   9.438901e-02 -1.492283e-01 -6.730968e-02
      vertex   8.157152e-02 -1.334235e-01 -1.126360e-01
      vertex   1.012814e-01 -1.342878e-01 -1.650077e-01
    endloop
  endfacet
  facet normal 4.170915e-01 -8.947527e-01 1.595380e-01
    outer loop
      vertex   1.585572e-01 -1.313002e-01 1.806984e-02
      vertex   1.207365e-01 -1.386412e-01 7.577559e-02
      vertex   1.131717e-01 -1.522850e-01 1.903304e-02
    endloop
  endfacet
  facet normal 5.683729e-01 -7.758731e-01 2.738121e-01
    outer loop
      vertex   1.332223e-01 -1.209340e-01 1.000331e-01
      vertex   1.207365e-01 -1.386412e-01 7.577559e-02
      vertex   1.585572e-01 -1.313002e-01 1.806984e-02
    endloop
  endfacet
  facet normal 7.032291e-01 -6.329270e-01 3.238398e-01
    outer loop
      vertex   1.787300e-01 -1.121300e-01 1.841859e-02
      vertex   1.671514e-01 -9.555234e-02 7.596199e-02
      vertex   1.332223e-01 -1.209340e-01 1.000331e-01
    endloop
  endfacet
  facet normal 9.275338e-01 2.509670e-01 2.769415e-01
    outer loop
      vertex   2.015381e-01 -1.324545e-02 1.968990e-02
      vertex   2.222770e-01 1.283930e-03 -6.293565e-02
      vertex   2.006734e-01 2.476608e-02 -1.186070e-02
    endloop
  endfacet
  facet normal 3.290200e-01 9.431479e-01 4.709464e-02
    outer loop
      vertex   1.607820e-01 8.384756e-02 -4.588914e-02
      vertex   1.641344e-01 8.728335e-02 -1.381173e-01
      vertex   1.280611e-01 9.700984e-02 -8.088536e-02
    endloop
  endfacet
  facet normal 4.196380e-01 -9.036615e-01 8.543923e-02
    outer loop
      vertex   1.131717e-01 -1.522850e-01 1.903304e-02
      vertex   1.522032e-01 -1.442764e-01 -8.796678e-02
      vertex   1.585572e-01 -1.313002e-01 1.806984e-02
    endloop
  endfacet
  facet normal 9.110637e-01 8.902890e-03 4.121695e-01
    outer loop
      vertex   2.015381e-01 -1.324545e-02 1.968990e-02
      vertex   1.781529e-01 -6.474365e-02 7.249306e-02
      vertex   2.073485e-01 -4.225292e-02 7.473038e-03
    endloop
  endfacet
  facet normal 5.892719e-02 6.792377e-01 -7.315488e-01
    outer loop
      vertex   6.155146e-02 8.426297e-02 -9.807817e-02
      vertex   5.308797e-02 1.134076e-01 -7.169933e-02
      vertex   1.280611e-01 9.700984e-02 -8.088536e-02
    endloop
  endfacet
  facet normal -7.675907e-01 6.049966e-01 -2.116213e-01
    outer loop
      vertex   7.610966e-02 6.939681e-02 -1.933839e-01
      vertex   3.176624e-02 4.386354e-02 -1.055380e-01
      vertex   6.155146e-02 8.426297e-02 -9.807817e-02
    endloop
  endfacet
  facet normal -7.427988e-03 -9.675106e-01 -2.527214e-01
    outer loop
      vertex   8.033654e-02 -1.588624e-01 -3.001396e-02
      vertex   9.438901e-02 -1.492283e-01 -6.730968e-02
      vertex   1.522032e-01 -1.442764e-01 -8.796678e-02
    endloop
  endfacet
  facet normal 1.980303e-01 -9.801953e-01 -1.127441e-03
    outer loop
      vertex   1.131717e-01 -1.522850e-01 1.903304e-02
      vertex   8.033654e-02 -1.588624e-01 -3.001396e-02
      vertex   1.522032e-01 -1.442764e-01 -8.796678e-02
    endloop
  endfacet
  facet normal 6.362907e-01 -7.560147e-01 1.535448e-01
    outer loop
      vertex   1.491943e-01 -9.457973e-02 1.636067e-01
      vertex   1.082755e-01 -1.310611e-01 1.535496e-01
      vertex   1.332223e-01 -1.209340e-01 1.000331e-01
    endloop
  endfacet
  facet normal 7.026351e-01 -6.352619e-01 3.205406e-01
    outer loop
      vertex   1.332223e-01 -1.209340e-01 1.000331e-01
      vertex   1.671514e-01 -9.555234e-02 7.596199e-02
      vertex   1.539401e-01 -7.943678e-02 1.368600e-01
    endloop
  endfacet
  facet normal 8.959288e-01 2.955903e-01 3.315689e-01
    outer loop
      vertex   2.006734e-01 2.476608e-02 -1.186070e-02
      vertex   1.663831e-01 -2.285062e-02 1.232445e-01
      vertex   2.015381e-01 -1.324545e-02 1.968990e-02
    endloop
  endfacet
  facet normal 7.970291e-01 5.508018e-01 2.477136e-01
    outer loop
      vertex   1.988254e-01 4.917106e-02 -6.018022e-02
      vertex   1.578609e-01 5.745875e-02 5.319679e-02
      vertex   2.006734e-01 2.476608e-02 -1.186070e-02
    endloop
  endfacet
  facet normal 7.001752e-01 6.845204e-01 2.029445e-01
    outer loop
      vertex   1.988254e-01 4.917106e-02 -6.018022e-02
      vertex   1.607820e-01 8.384756e-02 -4.588914e-02
      vertex   1.578609e-01 5.745875e-02 5.319679e-02
    endloop
  endfacet
  facet normal 5.188937e-01 8.377492e-01 -1.700755e-01
    outer loop
      vertex   1.280611e-01 9.700984e-02 -8.088536e-02
      vertex   1.149247e-01 1.191325e-01 -1.199327e-02
      vertex   1.607820e-01 8.384756e-02 -4.588914e-02
    endloop
  endfacet
  facet normal 1.299116e-01 8.652417e-01 -4.842312e-01
    outer loop
      vertex   5.308797e-02 1.134076e-01 -7.169933e-02
      vertex   7.559369e-02 1.296881e-01 -3.657079e-02
      vertex   1.280611e-01 9.700984e-02 -8.088536e-02
    endloop
  endfacet
  facet normal 6.582848e-02 -9.362622e-01 -3.450792e-01
    outer loop
      vertex   5.871681e-02 -1.491211e-01 -7.440550e-02
      vertex   8.157152e-02 -1.334235e-01 -1.126360e-01
      vertex   9.438901e-02 -1.492283e-01 -6.730968e-02
    endloop
  endfacet
  facet normal 2.792577e-01 -9.414056e-01 1.891315e-01
    outer loop
      vertex   6.425190e-02 -1.598808e-01 5.345631e-02
      vertex   1.131717e-01 -1.522850e-01 1.903304e-02
      vertex   1.207365e-01 -1.386412e-01 7.577559e-02
    endloop
  endfacet
  facet normal 9.082042e-02 -8.260443e-01 5.562395e-01
    outer loop
      vertex   6.425190e-02 -1.598808e-01 5.345631e-02
      vertex   1.207365e-01 -1.386412e-01 7.577559e-02
      vertex   1.332223e-01 -1.209340e-01 1.000331e-01
    endloop
  endfacet
  facet normal 5.609780e-01 -8.236997e-01 -8.259763e-02
    outer loop
      vertex   5.940672e-02 -1.649327e-01 1.594301e-01
      vertex   1.082755e-01 -1.310611e-01 1.535496e-01
      vertex   1.049807e-01 -1.425783e-01 2.460275e-01
    endloop
  endfacet
  facet normal 9.144090e-01 -3.996935e-01 -6.404073e-02
    outer loop
      vertex   1.539401e-01 -7.943678e-02 1.368600e-01
      vertex   1.491943e-01 -9.457973e-02 1.636067e-01
      vertex   1.332223e-01 -1.209340e-01 1.000331e-01
    endloop
  endfacet
  facet normal 9.144663e-01 -2.954088e-01 2.765594e-01
    outer loop
      vertex   1.539401e-01 -7.943678e-02 1.368600e-01
      vertex   1.671514e-01 -9.555234e-02 7.596199e-02
      vertex   1.781529e-01 -6.474365e-02 7.249306e-02
    endloop
  endfacet
  facet normal -3.003536e-01 2.105833e-01 -9.302916e-01
    outer loop
      vertex   2.365335e-02 9.656427e-02 -8.305785e-02
      vertex   6.155146e-02 8.426297e-02 -9.807817e-02
      vertex   2.832104e-02 6.858885e-02 -9.089745e-02
    endloop
  endfacet
  facet normal -2.358318e-01 -7.007604e-02 -9.692640e-01
    outer loop
      vertex   2.832104e-02 6.858885e-02 -9.089745e-02
      vertex   2.831612e-04 3.923474e-02 -8.195329e-02
      vertex   -5.706389e-03 8.658055e-02 -8.391899e-02
    endloop
  endfacet
  facet normal -1.171336e-01 -1.853998e-01 -9.756570e-01
    outer loop
      vertex   8.099189e-03 -3.439464e-02 -6.890019e-02
      vertex   2.831612e-04 3.923474e-02 -8.195329e-02
      vertex   2.832104e-02 6.858885e-02 -9.089745e-02
    endloop
  endfacet
  facet normal -9.185852e-01 9.862471e-02 -3.827197e-01
    outer loop
      vertex   2.832104e-02 6.858885e-02 -9.089745e-02
      vertex   3.176624e-02 4.386354e-02 -1.055380e-01
      vertex   8.099189e-03 -3.439464e-02 -6.890019e-02
    endloop
  endfacet
  facet normal -8.349731e-01 -2.389873e-01 -4.956864e-01
    outer loop
      vertex   2.341803e-02 -1.211206e-01 -8.221178e-02
      vertex   2.101302e-02 -6.708346e-02 -1.042137e-01
      vertex   5.050358e-02 -1.190243e-01 -1.288475e-01
    endloop
  endfacet
  facet normal 4.370693e-02 -9.711580e-01 -2.343967e-01
    outer loop
      vertex   9.438901e-02 -1.492283e-01 -6.730968e-02
      vertex   8.033654e-02 -1.588624e-01 -3.001396e-02
      vertex   5.871681e-02 -1.491211e-01 -7.440550e-02
    endloop
  endfacet
  facet normal 6.279960e-02 -9.980262e-01 -7.581817e-05
    outer loop
      vertex   4.629480e-02 -1.610042e-01 -3.231627e-02
      vertex   8.033654e-02 -1.588624e-01 -3.001396e-02
      vertex   6.425190e-02 -1.598808e-01 5.345631e-02
    endloop
  endfacet
  facet normal 6.187185e-01 7.853707e-01 1.950133e-02
    outer loop
      vertex   1.607820e-01 8.384756e-02 -4.588914e-02
      vertex   1.149247e-01 1.191325e-01 -1.199327e-02
      vertex   1.338346e-01 1.032678e-01 2.696559e-02
    endloop
  endfacet
  facet normal 3.067159e-01 9.481198e-01 -8.363121e-02
    outer loop
      vertex   7.559369e-02 1.296881e-01 -3.657079e-02
      vertex   7.423781e-02 1.341266e-01 8.775345e-03
      vertex   1.149247e-01 1.191325e-01 -1.199327e-02
    endloop
  endfacet
  facet normal -2.529912e-03 9.079109e-01 -4.191555e-01
    outer loop
      vertex   7.559369e-02 1.296881e-01 -3.657079e-02
      vertex   5.308797e-02 1.134076e-01 -7.169933e-02
      vertex   2.959837e-02 1.272798e-01 -4.150975e-02
    endloop
  endfacet
  facet normal -1.929273e-01 7.576291e-01 -6.235200e-01
    outer loop
      vertex   3.735398e-03 1.109417e-01 -5.942516e-02
      vertex   5.308797e-02 1.134076e-01 -7.169933e-02
      vertex   2.365335e-02 9.656427e-02 -8.305785e-02
    endloop
  endfacet
  facet normal -1.707021e-01 8.381933e-01 -5.179699e-01
    outer loop
      vertex   5.308797e-02 1.134076e-01 -7.169933e-02
      vertex   3.735398e-03 1.109417e-01 -5.942516e-02
      vertex   2.959837e-02 1.272798e-01 -4.150975e-02
    endloop
  endfacet
  facet normal -9.601616e-01 1.981037e-01 -1.970904e-01
    outer loop
      vertex   8.099189e-03 -3.439464e-02 -6.890019e-02
      vertex   3.176624e-02 4.386354e-02 -1.055380e-01
      vertex   2.605407e-02 -1.910334e-02 -1.410007e-01
    endloop
  endfacet
  facet normal -9.605478e-01 -9.849410e-02 -2.600899e-01
    outer loop
      vertex   2.101302e-02 -6.708346e-02 -1.042137e-01
      vertex   8.099189e-03 -3.439464e-02 -6.890019e-02
      vertex   2.605407e-02 -1.910334e-02 -1.410007e-01
    endloop
  endfacet
  facet normal 1.111412e-01 -9.937776e-01 -7.330932e-03
    outer loop
      vertex   5.442881e-02 -1.713911e-01 3.278297e-01
      vertex   -3.924546e-03 -1.773338e-01 2.487471e-01
      vertex   6.121416e-02 -1.699232e-01 2.317146e-01
    endloop
  endfacet
  facet normal 4.904614e-01 -8.618957e-01 -1.287768e-01
    outer loop
      vertex   8.708261e-02 -1.390288e-01 4.695605e-01
      vertex   1.244089e-01 -1.170679e-01 4.647394e-01
      vertex   1.275788e-01 -1.187694e-01 4.882006e-01
    endloop
  endfacet
  facet normal 7.385112e-01 -6.732648e-01 3.627136e-02
    outer loop
      vertex   1.470797e-01 -8.050423e-02 4.390809e-01
      vertex   1.152513e-01 -1.167814e-01 4.137583e-01
      vertex   8.637204e-02 -1.532145e-01 3.254944e-01
    endloop
  endfacet
  facet normal 5.046703e-01 7.534319e-01 4.214835e-01
    outer loop
      vertex   1.372051e-01 4.652011e-02 1.380263e-01
      vertex   9.738753e-02 8.809676e-02 1.113812e-01
      vertex   9.420665e-02 6.135266e-02 1.629969e-01
    endloop
  endfacet
  facet normal 4.666561e-01 8.275889e-01 3.119754e-01
    outer loop
      vertex   1.263977e-01 3.739860e-02 1.783890e-01
      vertex   1.372051e-01 4.652011e-02 1.380263e-01
      vertex   9.420665e-02 6.135266e-02 1.629969e-01
    endloop
  endfacet
  facet normal 9.695358e-01 1.281679e-01 2.087424e-01
    outer loop
      vertex   1.479242e-01 -2.936797e-02 2.545873e-01
      vertex   1.626178e-01 -2.666782e-02 1.846830e-01
      vertex   1.423159e-01 7.886252e-03 2.577621e-01
    endloop
  endfacet
  facet normal 9.782470e-01 2.059863e-02 2.064184e-01
    outer loop
      vertex   1.479242e-01 -2.936797e-02 2.545873e-01
      vertex   1.530327e-01 -6.451060e-02 2.338845e-01
      vertex   1.626178e-01 -2.666782e-02 1.846830e-01
    endloop
  endfacet
  facet normal 8.357959e-01 5.490051e-01 6.211270e-03
    outer loop
      vertex   1.263977e-01 3.739860e-02 1.783890e-01
      vertex   1.375062e-01 2.000497e-02 2.210186e-01
      vertex   1.663831e-01 -2.285062e-02 1.232445e-01
    endloop
  endfacet
  facet normal 8.979827e-01 3.114688e-01 3.108283e-01
    outer loop
      vertex   1.372051e-01 4.652011e-02 1.380263e-01
      vertex   1.263977e-01 3.739860e-02 1.783890e-01
      vertex   1.663831e-01 -2.285062e-02 1.232445e-01
    endloop
  endfacet
  facet normal 8.323465e-01 -5.459921e-01 -9.535134e-02
    outer loop
      vertex   1.322122e-01 -8.564933e-02 3.387595e-01
      vertex   1.470797e-01 -8.050423e-02 4.390809e-01
      vertex   8.637204e-02 -1.532145e-01 3.254944e-01
    endloop
  endfacet
  facet normal 7.903379e-01 -6.126446e-01 -5.708415e-03
    outer loop
      vertex   9.164461e-02 -1.470039e-01 3.889494e-01
      vertex   8.637204e-02 -1.532145e-01 3.254944e-01
      vertex   1.152513e-01 -1.167814e-01 4.137583e-01
    endloop
  endfacet
  facet normal 9.251393e-01 -3.197930e-01 2.045722e-01
    outer loop
      vertex   1.455724e-01 -1.035656e-01 2.065703e-01
      vertex   1.623943e-01 -6.483474e-02 1.910418e-01
      vertex   1.530327e-01 -6.451060e-02 2.338845e-01
    endloop
  endfacet
  facet normal 8.857976e-01 2.965059e-01 3.569970e-01
    outer loop
      vertex   1.663831e-01 -2.285062e-02 1.232445e-01
      vertex   1.452170e-01 5.882736e-02 1.079249e-01
      vertex   1.372051e-01 4.652011e-02 1.380263e-01
    endloop
  endfacet
  facet normal 6.341642e-01 6.417979e-01 4.311975e-01
    outer loop
      vertex   1.331674e-01 9.095810e-02 7.782265e-02
      vertex   1.372051e-01 4.652011e-02 1.380263e-01
      vertex   1.452170e-01 5.882736e-02 1.079249e-01
    endloop
  endfacet
  facet normal 8.509782e-01 4.918007e-01 1.843048e-01
    outer loop
      vertex   1.452170e-01 5.882736e-02 1.079249e-01
      vertex   1.578609e-01 5.745875e-02 5.319679e-02
      vertex   1.331674e-01 9.095810e-02 7.782265e-02
    endloop
  endfacet
  facet normal 9.363426e-01 2.818975e-01 2.092758e-01
    outer loop
      vertex   1.663831e-01 -2.285062e-02 1.232445e-01
      vertex   1.578609e-01 5.745875e-02 5.319679e-02
      vertex   1.452170e-01 5.882736e-02 1.079249e-01
    endloop
  endfacet
  facet normal 9.451747e-01 -2.996070e-01 -1.299246e-01
    outer loop
      vertex   1.623943e-01 -6.483474e-02 1.910418e-01
      vertex   1.491943e-01 -9.457973e-02 1.636067e-01
      vertex   1.663831e-01 -2.285062e-02 1.232445e-01
    endloop
  endfacet
  facet normal 5.530668e-01 -8.261398e-01 1.077505e-01
    outer loop
      vertex   5.884199e-02 -1.540297e-01 4.177102e-01
      vertex   1.152513e-01 -1.167814e-01 4.137583e-01
      vertex   8.639279e-02 -1.321103e-01 4.443558e-01
    endloop
  endfacet
  facet normal 4.674821e-01 -8.821750e-01 -5.681260e-02
    outer loop
      vertex   8.708261e-02 -1.390288e-01 4.695605e-01
      vertex   1.275788e-01 -1.187694e-01 4.882006e-01
      vertex   9.766739e-02 -1.350381e-01 4.946912e-01
    endloop
  endfacet
  facet normal 4.677456e-01 -8.489855e-01 -2.458406e-01
    outer loop
      vertex   1.244089e-01 -1.170679e-01 4.647394e-01
      vertex   8.708261e-02 -1.390288e-01 4.695605e-01
      vertex   8.639279e-02 -1.321103e-01 4.443558e-01
    endloop
  endfacet
  facet normal 6.409891e-01 -7.293344e-01 2.391742e-01
    outer loop
      vertex   1.152513e-01 -1.167814e-01 4.137583e-01
      vertex   1.470797e-01 -8.050423e-02 4.390809e-01
      vertex   8.639279e-02 -1.321103e-01 4.443558e-01
    endloop
  endfacet
  facet normal 9.778380e-01 -2.006013e-01 5.993232e-02
    outer loop
      vertex   1.663831e-01 -2.285062e-02 1.232445e-01
      vertex   1.491943e-01 -9.457973e-02 1.636067e-01
      vertex   1.539401e-01 -7.943678e-02 1.368600e-01
    endloop
  endfacet
  facet normal 4.965014e-01 -8.669405e-01 4.359577e-02
    outer loop
      vertex   5.442881e-02 -1.713911e-01 3.278297e-01
      vertex   8.637204e-02 -1.532145e-01 3.254944e-01
      vertex   9.164461e-02 -1.470039e-01 3.889494e-01
    endloop
  endfacet
  facet normal 3.943212e-01 -8.258975e-01 4.029940e-01
    outer loop
      vertex   7.371422e-02 -1.367790e-01 5.145611e-01
      vertex   9.766739e-02 -1.350381e-01 4.946912e-01
      vertex   1.047663e-01 -1.036024e-01 5.521694e-01
    endloop
  endfacet
  facet normal -9.487453e-02 -8.721584e-01 4.799360e-01
    outer loop
      vertex   1.036804e-02 -1.346614e-01 5.058869e-01
      vertex   7.371422e-02 -1.367790e-01 5.145611e-01
      vertex   7.070549e-02 -1.177304e-01 5.485821e-01
    endloop
  endfacet
  facet normal 1.788129e-01 -9.752417e-01 1.301136e-01
    outer loop
      vertex   9.766739e-02 -1.350381e-01 4.946912e-01
      vertex   7.371422e-02 -1.367790e-01 5.145611e-01
      vertex   4.448502e-02 -1.447725e-01 4.948167e-01
    endloop
  endfacet
  facet normal 1.196255e-01 -9.925300e-01 -2.395648e-02
    outer loop
      vertex   8.708261e-02 -1.390288e-01 4.695605e-01
      vertex   4.448502e-02 -1.447725e-01 4.948167e-01
      vertex   3.527799e-02 -1.451950e-01 4.663495e-01
    endloop
  endfacet
  facet normal 1.796516e-01 -9.804697e-01 8.002741e-02
    outer loop
      vertex   4.448502e-02 -1.447725e-01 4.948167e-01
      vertex   8.708261e-02 -1.390288e-01 4.695605e-01
      vertex   9.766739e-02 -1.350381e-01 4.946912e-01
    endloop
  endfacet
  facet normal 1.301710e-01 -9.552107e-01 -2.657595e-01
    outer loop
      vertex   3.527799e-02 -1.451950e-01 4.663495e-01
      vertex   8.639279e-02 -1.321103e-01 4.443558e-01
      vertex   8.708261e-02 -1.390288e-01 4.695605e-01
    endloop
  endfacet
  facet normal 1.296575e-01 -9.747289e-01 1.819135e-01
    outer loop
      vertex   2.092602e-02 -1.711843e-01 3.528168e-01
      vertex   5.442881e-02 -1.713911e-01 3.278297e-01
      vertex   5.884199e-02 -1.540297e-01 4.177102e-01
    endloop
  endfacet
  facet normal 4.956487e-01 -8.682512e-01 2.173086e-02
    outer loop
      vertex   8.637204e-02 -1.532145e-01 3.254944e-01
      vertex   5.442881e-02 -1.713911e-01 3.278297e-01
      vertex   6.121416e-02 -1.699232e-01 2.317146e-01
    endloop
  endfacet
  facet normal 6.548141e-01 -7.525052e-01 -7.038780e-02
    outer loop
      vertex   1.082755e-01 -1.310611e-01 1.535496e-01
      vertex   1.455724e-01 -1.035656e-01 2.065703e-01
      vertex   1.049807e-01 -1.425783e-01 2.460275e-01
    endloop
  endfacet
  facet normal 6.754422e-01 -7.311403e-01 -9.597780e-02
    outer loop
      vertex   1.491943e-01 -9.457973e-02 1.636067e-01
      vertex   1.455724e-01 -1.035656e-01 2.065703e-01
      vertex   1.082755e-01 -1.310611e-01 1.535496e-01
    endloop
  endfacet
  facet normal 9.375279e-01 -1.283504e-01 3.233690e-01
    outer loop
      vertex   1.663831e-01 -2.285062e-02 1.232445e-01
      vertex   1.539401e-01 -7.943678e-02 1.368600e-01
      vertex   1.781529e-01 -6.474365e-02 7.249306e-02
    endloop
  endfacet
  facet normal 4.716384e-01 8.726792e-01 1.264448e-01
    outer loop
      vertex   1.149247e-01 1.191325e-01 -1.199327e-02
      vertex   1.077458e-01 1.121092e-01 6.325667e-02
      vertex   1.338346e-01 1.032678e-01 2.696559e-02
    endloop
  endfacet
  facet normal 3.977622e-01 9.092323e-01 1.228086e-01
    outer loop
      vertex   1.077458e-01 1.121092e-01 6.325667e-02
      vertex   1.149247e-01 1.191325e-01 -1.199327e-02
      vertex   7.423781e-02 1.341266e-01 8.775345e-03
    endloop
  endfacet
  facet normal -3.200093e-02 9.829123e-01 -1.812717e-01
    outer loop
      vertex   7.559369e-02 1.296881e-01 -3.657079e-02
      vertex   2.959837e-02 1.272798e-01 -4.150975e-02
      vertex   1.491375e-03 1.335575e-01 -2.508224e-03
    endloop
  endfacet
  facet normal -1.392825e-01 -8.753874e-01 -4.629225e-01
    outer loop
      vertex   2.617179e-02 -1.459923e-01 -7.052995e-02
      vertex   5.050358e-02 -1.190243e-01 -1.288475e-01
      vertex   5.871681e-02 -1.491211e-01 -7.440550e-02
    endloop
  endfacet
  facet normal 2.760819e-01 -9.588044e-01 6.687913e-02
    outer loop
      vertex   6.425190e-02 -1.598808e-01 5.345631e-02
      vertex   -5.020854e-03 -1.748317e-01 1.250772e-01
      vertex   1.917852e-02 -1.762939e-01 4.217667e-03
    endloop
  endfacet
  facet normal 3.210936e-02 -9.981662e-01 5.131470e-02
    outer loop
      vertex   5.442881e-02 -1.713911e-01 3.278297e-01
      vertex   2.092602e-02 -1.711843e-01 3.528168e-01
      vertex   -3.924546e-03 -1.773338e-01 2.487471e-01
    endloop
  endfacet
  facet normal -1.177773e-01 -7.091747e-01 6.951257e-01
    outer loop
      vertex   6.933423e-02 -7.983185e-02 5.899936e-01
      vertex   3.044722e-02 -6.179636e-02 6.018049e-01
      vertex   4.490477e-02 -1.033871e-01 5.618231e-01
    endloop
  endfacet
  facet normal 3.599843e-01 -6.000976e-01 7.143488e-01
    outer loop
      vertex   1.047663e-01 -1.036024e-01 5.521694e-01
      vertex   7.902477e-02 -4.405225e-02 6.151673e-01
      vertex   6.933423e-02 -7.983185e-02 5.899936e-01
    endloop
  endfacet
  facet normal 2.267804e-01 -7.147320e-01 6.616108e-01
    outer loop
      vertex   6.933423e-02 -7.983185e-02 5.899936e-01
      vertex   7.070549e-02 -1.177304e-01 5.485821e-01
      vertex   1.047663e-01 -1.036024e-01 5.521694e-01
    endloop
  endfacet
  facet normal 2.881690e-01 9.357723e-01 2.031966e-01
    outer loop
      vertex   1.612246e-02 9.801226e-02 1.049074e-01
      vertex   5.774769e-02 7.086521e-02 1.708945e-01
      vertex   9.420665e-02 6.135266e-02 1.629969e-01
    endloop
  endfacet
  facet normal -3.403035e-02 9.849047e-01 1.697194e-01
    outer loop
      vertex   1.491375e-03 1.335575e-01 -2.508224e-03
      vertex   2.601769e-02 1.253238e-01 5.019057e-02
      vertex   7.423781e-02 1.341266e-01 8.775345e-03
    endloop
  endfacet
  facet normal -3.055907e-01 8.806723e-01 -3.619815e-01
    outer loop
      vertex   3.735398e-03 1.109417e-01 -5.942516e-02
      vertex   1.491375e-03 1.335575e-01 -2.508224e-03
      vertex   2.959837e-02 1.272798e-01 -4.150975e-02
    endloop
  endfacet
  facet normal -1.782500e-01 -1.900783e-01 -9.654518e-01
    outer loop
      vertex   8.099189e-03 -3.439464e-02 -6.890019e-02
      vertex   -1.901752e-03 4.273392e-02 -8.223882e-02
      vertex   2.831612e-04 3.923474e-02 -8.195329e-02
    endloop
  endfacet
  facet normal -3.955267e-01 -9.783370e-02 -9.132290e-01
    outer loop
      vertex   2.341803e-02 -1.211206e-01 -8.221178e-02
      vertex   1.964469e-04 -7.725955e-02 -7.685313e-02
      vertex   4.192943e-04 -7.751555e-02 -7.692223e-02
    endloop
  endfacet
  facet normal 3.613604e-01 -5.089228e-01 -7.812914e-01
    outer loop
      vertex   4.166384e-03 -1.434502e-01 -8.236375e-02
      vertex   2.617179e-02 -1.459923e-01 -7.052995e-02
      vertex   6.970217e-03 -1.591002e-01 -7.087273e-02
    endloop
  endfacet
  facet normal 3.593227e-01 -8.393334e-01 -4.079297e-01
    outer loop
      vertex   1.402972e-02 -1.711010e-01 -3.996220e-02
      vertex   6.970217e-03 -1.591002e-01 -7.087273e-02
      vertex   4.629480e-02 -1.610042e-01 -3.231627e-02
    endloop
  endfacet
  facet normal 1.075727e-01 -9.939741e-01 -2.106345e-02
    outer loop
      vertex   -3.924546e-03 -1.773338e-01 2.487471e-01
      vertex   -5.020854e-03 -1.748317e-01 1.250772e-01
      vertex   6.121416e-02 -1.699232e-01 2.317146e-01
    endloop
  endfacet
  facet normal 4.739151e-02 -9.785075e-01 2.006917e-01
    outer loop
      vertex   5.884199e-02 -1.540297e-01 4.177102e-01
      vertex   3.527799e-02 -1.451950e-01 4.663495e-01
      vertex   -5.562786e-03 -1.543240e-01 4.314837e-01
    endloop
  endfacet
  facet normal -2.539379e-01 -9.624030e-01 9.641620e-02
    outer loop
      vertex   3.527799e-02 -1.451950e-01 4.663495e-01
      vertex   4.448502e-02 -1.447725e-01 4.948167e-01
      vertex   1.036804e-02 -1.346614e-01 5.058869e-01
    endloop
  endfacet
  facet normal -2.995372e-01 -7.419785e-01 5.997878e-01
    outer loop
      vertex   1.036804e-02 -1.346614e-01 5.058869e-01
      vertex   4.490477e-02 -1.033871e-01 5.618231e-01
      vertex   1.790369e-03 -9.233565e-02 5.539630e-01
    endloop
  endfacet
  facet normal 9.225181e-01 -3.850767e-01 2.600508e-02
    outer loop
      vertex   9.157159e-02 2.169971e-02 8.570832e-01
      vertex   9.104895e-02 2.049697e-02 8.578139e-01
      vertex   9.241292e-02 2.351247e-02 8.540805e-01
    endloop
  endfacet
  facet normal 5.919611e-01 -7.188924e-01 -3.643840e-01
    outer loop
      vertex   9.323168e-02 2.640897e-02 8.496961e-01
      vertex   9.241292e-02 2.351247e-02 8.540805e-01
      vertex   9.104895e-02 2.049697e-02 8.578139e-01
    endloop
  endfacet
  facet normal -2.386198e-02 -9.942143e-01 -1.047312e-01
    outer loop
      vertex   2.059604e-02 -9.020671e-02 8.459256e-01
      vertex   1.959210e-02 -9.032952e-02 8.473202e-01
      vertex   1.871983e-02 -9.021460e-02 8.464281e-01
    endloop
  endfacet
  facet normal 2.714031e-01 -9.382819e-01 -2.144000e-01
    outer loop
      vertex   2.102131e-02 -9.010538e-02 8.481485e-01
      vertex   1.973736e-02 -9.038265e-02 8.477366e-01
      vertex   1.959210e-02 -9.032952e-02 8.473202e-01
    endloop
  endfacet
  facet normal 2.128847e-01 1.905072e-01 -9.583252e-01
    outer loop
      vertex   1.766393e-02 -9.440474e-02 8.465480e-01
      vertex   2.102131e-02 -9.010538e-02 8.481485e-01
      vertex   3.933670e-02 -9.578421e-02 8.510883e-01
    endloop
  endfacet
  facet normal 2.750931e-01 1.393031e-01 -9.512720e-01
    outer loop
      vertex   1.766393e-02 -9.440474e-02 8.465480e-01
      vertex   1.973736e-02 -9.038265e-02 8.477366e-01
      vertex   2.102131e-02 -9.010538e-02 8.481485e-01
    endloop
  endfacet
  facet normal -2.777113e-02 -3.453486e-01 -9.380635e-01
    outer loop
      vertex   3.933670e-02 -9.578421e-02 8.510883e-01
      vertex   4.719513e-02 -8.930583e-02 8.484706e-01
      vertex   4.131945e-02 -9.492908e-02 8.507147e-01
    endloop
  endfacet
  facet normal 3.290639e-02 -9.353844e-01 -3.520983e-01
    outer loop
      vertex   4.719513e-02 -8.930583e-02 8.484706e-01
      vertex   2.102131e-02 -9.010538e-02 8.481485e-01
      vertex   4.844672e-02 -8.759881e-02 8.440527e-01
    endloop
  endfacet
  facet normal 1.320541e-01 7.878207e-02 -9.881068e-01
    outer loop
      vertex   4.844672e-02 -8.759881e-02 8.440527e-01
      vertex   3.985641e-02 -9.482245e-02 8.423287e-01
      vertex   3.858716e-02 -9.528745e-02 8.421220e-01
    endloop
  endfacet
  facet normal 1.979844e-02 -3.220829e-01 9.465044e-01
    outer loop
      vertex   3.120026e-02 -9.623504e-02 8.420957e-01
      vertex   3.686867e-02 -9.562328e-02 8.421853e-01
      vertex   3.932294e-02 -9.498709e-02 8.423504e-01
    endloop
  endfacet
  facet normal 3.271296e-02 -4.943367e-01 8.686548e-01
    outer loop
      vertex   2.059604e-02 -9.020671e-02 8.459256e-01
      vertex   3.120026e-02 -9.623504e-02 8.420957e-01
      vertex   2.142455e-02 -9.015655e-02 8.459230e-01
    endloop
  endfacet
  facet normal 4.597430e-02 -4.782694e-01 8.770090e-01
    outer loop
      vertex   3.932294e-02 -9.498709e-02 8.423504e-01
      vertex   2.142455e-02 -9.015655e-02 8.459230e-01
      vertex   3.120026e-02 -9.623504e-02 8.420957e-01
    endloop
  endfacet
  facet normal 7.588245e-01 -2.088802e-01 -6.168910e-01
    outer loop
      vertex   1.871983e-02 -9.021460e-02 8.464281e-01
      vertex   1.973736e-02 -9.038265e-02 8.477366e-01
      vertex   1.766393e-02 -9.440474e-02 8.465480e-01
    endloop
  endfacet
  facet normal 2.586437e-01 -3.754505e-02 9.652429e-01
    outer loop
      vertex   1.871983e-02 -9.021460e-02 8.464281e-01
      vertex   1.766393e-02 -9.440474e-02 8.465480e-01
      vertex   2.059604e-02 -9.020671e-02 8.459256e-01
    endloop
  endfacet
  facet normal 8.181446e-01 -5.436706e-01 1.872477e-01
    outer loop
      vertex   1.766393e-02 -9.440474e-02 8.465480e-01
      vertex   1.722710e-02 -1.053382e-01 8.167117e-01
      vertex   2.059604e-02 -9.020671e-02 8.459256e-01
    endloop
  endfacet
  facet normal 6.611839e-01 -7.074933e-01 2.495779e-01
    outer loop
      vertex   1.722710e-02 -1.053382e-01 8.167117e-01
      vertex   1.766393e-02 -9.440474e-02 8.465480e-01
      vertex   -2.462843e-03 -1.110424e-01 8.527043e-01
    endloop
  endfacet
  facet normal 9.578823e-01 -2.791799e-01 -6.723070e-02
    outer loop
      vertex   1.085948e-02 -1.266850e-01 8.146322e-01
      vertex   1.496070e-02 -1.078803e-01 7.949773e-01
      vertex   1.722710e-02 -1.053382e-01 8.167117e-01
    endloop
  endfacet
  facet normal 4.409762e-01 -6.888391e-01 -5.753614e-01
    outer loop
      vertex   1.399767e-02 -1.083802e-01 7.948377e-01
      vertex   1.450373e-02 -1.079352e-01 7.946927e-01
      vertex   1.496070e-02 -1.078803e-01 7.949773e-01
    endloop
  endfacet
  facet normal 3.891937e-01 -6.538841e-01 -6.488173e-01
    outer loop
      vertex   1.399767e-02 -1.083802e-01 7.948377e-01
      vertex   1.345169e-02 -1.084613e-01 7.945919e-01
      vertex   1.450373e-02 -1.079352e-01 7.946927e-01
    endloop
  endfacet
  facet normal 3.942391e-01 -8.338211e-01 3.864167e-01
    outer loop
      vertex   3.469419e-02 -9.537575e-02 8.203882e-01
      vertex   2.059604e-02 -9.020671e-02 8.459256e-01
      vertex   1.722710e-02 -1.053382e-01 8.167117e-01
    endloop
  endfacet
  facet normal -4.181537e-03 -9.991819e-01 -4.022604e-02
    outer loop
      vertex   3.263744e-02 -9.623443e-02 8.419311e-01
      vertex   3.120026e-02 -9.623504e-02 8.420957e-01
      vertex   3.469419e-02 -9.537575e-02 8.203882e-01
    endloop
  endfacet
  facet normal 1.539372e-01 -8.744021e-01 -4.601352e-01
    outer loop
      vertex   3.686867e-02 -9.562328e-02 8.421853e-01
      vertex   3.263744e-02 -9.623443e-02 8.419311e-01
      vertex   3.858716e-02 -9.528745e-02 8.421220e-01
    endloop
  endfacet
  facet normal 7.299659e-02 -7.693260e-01 6.346723e-01
    outer loop
      vertex   3.686867e-02 -9.562328e-02 8.421853e-01
      vertex   3.120026e-02 -9.623504e-02 8.420957e-01
      vertex   3.263744e-02 -9.623443e-02 8.419311e-01
    endloop
  endfacet
  facet normal 1.578990e-01 -9.871569e-01 -2.427256e-02
    outer loop
      vertex   3.858716e-02 -9.528745e-02 8.421220e-01
      vertex   3.263744e-02 -9.623443e-02 8.419311e-01
      vertex   3.469419e-02 -9.537575e-02 8.203882e-01
    endloop
  endfacet
  facet normal 6.817397e-01 -7.218218e-01 -1.191811e-01
    outer loop
      vertex   5.220268e-02 -8.289031e-02 8.449221e-01
      vertex   3.858716e-02 -9.528745e-02 8.421220e-01
      vertex   3.469419e-02 -9.537575e-02 8.203882e-01
    endloop
  endfacet
  facet normal 4.174398e-01 -8.704283e-01 -2.609570e-01
    outer loop
      vertex   -4.517736e-03 -9.744364e-02 7.219259e-01
      vertex   1.765640e-02 -8.637938e-02 7.204917e-01
      vertex   3.137884e-02 -9.329398e-02 7.655066e-01
    endloop
  endfacet
  facet normal 4.298632e-02 -9.854441e-01 -1.644750e-01
    outer loop
      vertex   3.206314e-02 -9.324354e-02 7.653833e-01
      vertex   3.137884e-02 -9.329398e-02 7.655066e-01
      vertex   1.765640e-02 -8.637938e-02 7.204917e-01
    endloop
  endfacet
  facet normal 7.742664e-01 -5.394225e-01 -3.309606e-01
    outer loop
      vertex   3.838457e-02 -6.498655e-02 7.341167e-01
      vertex   3.206314e-02 -9.324354e-02 7.653833e-01
      vertex   1.765640e-02 -8.637938e-02 7.204917e-01
    endloop
  endfacet
  facet normal 7.860769e-01 -5.292343e-01 -3.193653e-01
    outer loop
      vertex   5.649775e-02 -6.135139e-02 7.726760e-01
      vertex   3.206314e-02 -9.324354e-02 7.653833e-01
      vertex   3.838457e-02 -6.498655e-02 7.341167e-01
    endloop
  endfacet
  facet normal 9.704211e-01 -2.013376e-01 -1.332142e-01
    outer loop
      vertex   6.880516e-02 -2.602626e-02 7.841426e-01
      vertex   7.858722e-02 -1.879564e-03 8.189068e-01
      vertex   7.665534e-02 -4.089534e-02 8.638014e-01
    endloop
  endfacet
  facet normal -9.962902e-01 1.332701e-02 8.501946e-02
    outer loop
      vertex   8.201518e-02 -2.568919e-03 8.591850e-01
      vertex   8.248798e-02 1.459975e-02 8.620342e-01
      vertex   7.858722e-02 -1.879564e-03 8.189068e-01
    endloop
  endfacet
  facet normal -5.666649e-01 -8.238320e-01 1.384439e-02
    outer loop
      vertex   7.323495e-02 3.426781e-03 8.212654e-01
      vertex   7.921275e-02 -7.539401e-04 8.171624e-01
      vertex   7.752548e-02 7.896008e-04 8.399515e-01
    endloop
  endfacet
  facet normal 1.823386e-01 -3.774547e-02 9.825110e-01
    outer loop
      vertex   7.752548e-02 7.896008e-04 8.399515e-01
      vertex   7.763755e-02 1.472135e-04 8.399060e-01
      vertex   7.791984e-02 -2.201095e-04 8.398395e-01
    endloop
  endfacet
  facet normal 6.690492e-01 -7.365381e-01 9.942226e-02
    outer loop
      vertex   9.129628e-02 1.272866e-02 8.357294e-01
      vertex   7.752548e-02 7.896008e-04 8.399515e-01
      vertex   7.921275e-02 -7.539401e-04 8.171624e-01
    endloop
  endfacet
  facet normal 8.185475e-01 -5.389609e-01 1.987488e-01
    outer loop
      vertex   9.129628e-02 1.272866e-02 8.357294e-01
      vertex   9.104895e-02 2.049697e-02 8.578139e-01
      vertex   7.796156e-02 -3.194929e-03 8.474674e-01
    endloop
  endfacet
  facet normal 6.163031e-01 -7.313647e-01 -2.920209e-01
    outer loop
      vertex   7.796156e-02 -3.194929e-03 8.474674e-01
      vertex   7.776516e-02 -5.358596e-04 8.403932e-01
      vertex   9.129628e-02 1.272866e-02 8.357294e-01
    endloop
  endfacet
  facet normal 8.919008e-01 -4.240048e-01 -1.572672e-01
    outer loop
      vertex   7.984209e-02 -1.501781e-03 8.535674e-01
      vertex   7.796156e-02 -3.194929e-03 8.474674e-01
      vertex   9.104895e-02 2.049697e-02 8.578139e-01
    endloop
  endfacet
  facet normal 8.917080e-01 -4.525209e-01 -9.031761e-03
    outer loop
      vertex   7.984209e-02 -1.501781e-03 8.535674e-01
      vertex   9.104895e-02 2.049697e-02 8.578139e-01
      vertex   8.647449e-02 1.143392e-02 8.602655e-01
    endloop
  endfacet
  facet normal 8.632664e-01 -4.946453e-01 1.004844e-01
    outer loop
      vertex   7.984209e-02 -1.501781e-03 8.535674e-01
      vertex   8.647449e-02 1.143392e-02 8.602655e-01
      vertex   8.082553e-02 7.212930e-04 8.560619e-01
    endloop
  endfacet
  facet normal 4.798049e-01 -5.279728e-01 7.007368e-01
    outer loop
      vertex   8.082553e-02 7.212930e-04 8.560619e-01
      vertex   8.647449e-02 1.143392e-02 8.602655e-01
      vertex   8.550481e-02 1.040698e-02 8.601557e-01
    endloop
  endfacet
  facet normal -8.905905e-01 4.519110e-01 -5.123561e-02
    outer loop
      vertex   8.550481e-02 1.040698e-02 8.601557e-01
      vertex   8.003960e-02 -1.022468e-03 8.543428e-01
      vertex   8.082553e-02 7.212930e-04 8.560619e-01
    endloop
  endfacet
  facet normal 9.248364e-01 -2.258213e-01 -3.060758e-01
    outer loop
      vertex   8.550481e-02 1.040698e-02 8.601557e-01
      vertex   8.201518e-02 -2.568919e-03 8.591850e-01
      vertex   7.795799e-02 -3.240802e-03 8.474215e-01
    endloop
  endfacet
  facet normal -9.197869e-01 3.573799e-01 1.620857e-01
    outer loop
      vertex   7.795799e-02 -3.240802e-03 8.474215e-01
      vertex   8.003960e-02 -1.022468e-03 8.543428e-01
      vertex   8.550481e-02 1.040698e-02 8.601557e-01
    endloop
  endfacet
  facet normal -9.917086e-01 1.175880e-01 5.183777e-02
    outer loop
      vertex   7.795799e-02 -3.240802e-03 8.474215e-01
      vertex   7.791984e-02 -2.201095e-04 8.398395e-01
      vertex   7.785075e-02 -1.948219e-03 8.424379e-01
    endloop
  endfacet
  facet normal -9.338661e-01 -1.444383e-01 3.271570e-01
    outer loop
      vertex   8.003960e-02 -1.022468e-03 8.543428e-01
      vertex   7.795799e-02 -3.240802e-03 8.474215e-01
      vertex   7.984209e-02 -1.501781e-03 8.535674e-01
    endloop
  endfacet
  facet normal 9.741316e-01 -1.122983e-01 -1.961038e-01
    outer loop
      vertex   7.858722e-02 -1.879564e-03 8.189068e-01
      vertex   6.880516e-02 -2.602626e-02 7.841426e-01
      vertex   7.419798e-02 -5.606424e-03 7.992377e-01
    endloop
  endfacet
  facet normal 8.905506e-01 -2.211965e-01 -3.974818e-01
    outer loop
      vertex   5.649775e-02 -6.135139e-02 7.726760e-01
      vertex   3.838457e-02 -6.498655e-02 7.341167e-01
      vertex   5.488491e-02 -1.962751e-02 7.458434e-01
    endloop
  endfacet
  facet normal 6.261438e-01 -5.598091e-01 -5.427316e-01
    outer loop
      vertex   1.628269e-02 -5.218511e-02 7.187849e-01
      vertex   5.070471e-03 -3.742988e-02 6.906300e-01
      vertex   2.803088e-02 -3.482160e-02 7.144288e-01
    endloop
  endfacet
  facet normal 2.525275e-01 9.628094e-01 -9.606235e-02
    outer loop
      vertex   6.593532e-01 8.511424e-03 8.371779e-02
      vertex   6.766034e-01 2.529503e-03 6.910970e-02
      vertex   6.645941e-01 6.335931e-04 1.853761e-02
    endloop
  endfacet
  facet normal -1.766991e-01 9.753610e-01 -1.320924e-01
    outer loop
      vertex   6.528039e-01 4.862070e-05 2.999001e-02
      vertex   6.593532e-01 8.511424e-03 8.371779e-02
      vertex   6.645941e-01 6.335931e-04 1.853761e-02
    endloop
  endfacet
  facet normal -9.892682e-01 -1.345943e-01 5.685686e-02
    outer loop
      vertex   6.549827e-01 -1.610299e-02 2.966524e-02
      vertex   6.555172e-01 -1.011212e-02 5.314784e-02
      vertex   6.528039e-01 4.862070e-05 2.999001e-02
    endloop
  endfacet
  facet normal 1.410080e-01 -9.895343e-01 -3.063821e-02
    outer loop
      vertex   6.549827e-01 -1.610299e-02 2.966524e-02
      vertex   6.526148e-01 -1.540636e-02 -3.732040e-03
      vertex   6.719412e-01 -1.414609e-02 4.451131e-02
    endloop
  endfacet
  facet normal 8.907947e-01 4.351891e-01 -1.307487e-01
    outer loop
      vertex   6.574174e-01 2.326638e-02 5.796675e-02
      vertex   6.653504e-01 2.228804e-02 1.087581e-01
      vertex   6.661564e-01 1.465905e-02 8.885695e-02
    endloop
  endfacet
  facet normal 7.325518e-01 6.731090e-01 -1.014503e-01
    outer loop
      vertex   6.524848e-01 2.982455e-02 6.586195e-02
      vertex   6.653504e-01 2.228804e-02 1.087581e-01
      vertex   6.574174e-01 2.326638e-02 5.796675e-02
    endloop
  endfacet
  facet normal -1.603907e-01 -9.865105e-01 -3.273911e-02
    outer loop
      vertex   6.388330e-01 1.293666e-02 5.090419e-02
      vertex   6.459566e-01 1.230407e-02 3.506673e-02
      vertex   6.593532e-01 8.511424e-03 8.371779e-02
    endloop
  endfacet
  facet normal 7.791894e-01 5.787870e-01 -2.405606e-01
    outer loop
      vertex   6.491950e-01 2.023958e-02 2.405165e-02
      vertex   6.420241e-01 2.795996e-02 1.939967e-02
      vertex   6.574174e-01 2.326638e-02 5.796675e-02
    endloop
  endfacet
  facet normal 6.699711e-01 7.202985e-01 -1.797464e-01
    outer loop
      vertex   6.574174e-01 2.326638e-02 5.796675e-02
      vertex   6.420241e-01 2.795996e-02 1.939967e-02
      vertex   6.524848e-01 2.982455e-02 6.586195e-02
    endloop
  endfacet
  facet normal -4.049776e-01 9.082964e-01 -1.048367e-01
    outer loop
      vertex   6.346746e-01 2.310202e-02 5.701492e-03
      vertex   6.361310e-01 2.738445e-02 3.717805e-02
      vertex   6.420241e-01 2.795996e-02 1.939967e-02
    endloop
  endfacet
  facet normal 8.240666e-01 -5.459811e-01 -1.510593e-01
    outer loop
      vertex   6.574174e-01 2.326638e-02 5.796675e-02
      vertex   6.459566e-01 1.230407e-02 3.506673e-02
      vertex   6.491950e-01 2.023958e-02 2.405165e-02
    endloop
  endfacet
  facet normal -9.232921e-01 -3.617050e-01 1.292334e-01
    outer loop
      vertex   6.385413e-01 2.364352e-02 7.878719e-02
      vertex   6.388330e-01 1.293666e-02 5.090419e-02
      vertex   6.476020e-01 2.434672e-03 8.416005e-02
    endloop
  endfacet
  facet normal 1.503654e-01 9.867169e-01 -6.148156e-02
    outer loop
      vertex   6.253874e-01 3.031860e-02 1.399030e-01
      vertex   6.383957e-01 2.876688e-02 1.468137e-01
      vertex   6.653504e-01 2.228804e-02 1.087581e-01
    endloop
  endfacet
  facet normal -1.787942e-03 -9.999925e-01 3.437955e-03
    outer loop
      vertex   2.704432e-01 -1.433424e-02 4.347441e-01
      vertex   2.573919e-01 -1.411704e-02 4.911353e-01
      vertex   2.284879e-01 -1.405231e-02 4.949296e-01
    endloop
  endfacet
  facet normal -1.129701e-01 8.839661e-01 -4.536977e-01
    outer loop
      vertex   4.592020e-01 9.317355e-02 2.905798e-01
      vertex   4.078128e-01 9.276351e-02 3.025768e-01
      vertex   4.061145e-01 1.113892e-01 3.392892e-01
    endloop
  endfacet
  facet normal -1.782065e-01 7.637129e-01 -6.204716e-01
    outer loop
      vertex   4.306176e-01 7.186003e-02 2.702977e-01
      vertex   4.078128e-01 9.276351e-02 3.025768e-01
      vertex   4.752570e-01 7.694563e-02 2.637365e-01
    endloop
  endfacet
  facet normal -3.969051e-01 -8.591907e-01 -3.228895e-01
    outer loop
      vertex   5.247240e-01 -9.361672e-03 2.262752e-01
      vertex   4.478122e-01 4.649861e-03 2.835335e-01
      vertex   4.437910e-01 1.318998e-02 2.657517e-01
    endloop
  endfacet
  facet normal 6.333964e-01 7.729513e-01 3.681412e-02
    outer loop
      vertex   3.013561e-01 7.518581e-02 5.191160e-01
      vertex   2.640197e-01 1.050816e-01 5.338057e-01
      vertex   2.648875e-01 1.028617e-01 5.654829e-01
    endloop
  endfacet
  facet normal 6.347639e-01 3.160157e-01 7.051305e-01
    outer loop
      vertex   3.013561e-01 7.518581e-02 5.191160e-01
      vertex   3.284761e-01 8.939228e-02 4.883355e-01
      vertex   3.026252e-01 1.008034e-01 5.064927e-01
    endloop
  endfacet
  facet normal -5.079351e-01 5.662738e-01 -6.491040e-01
    outer loop
      vertex   3.537949e-01 1.045493e-01 3.551867e-01
      vertex   3.613038e-01 7.261035e-02 3.214475e-01
      vertex   3.132105e-01 9.611560e-02 3.795872e-01
    endloop
  endfacet
  facet normal 1.075750e-01 9.940540e-01 -1.685775e-02
    outer loop
      vertex   2.835015e-01 1.244350e-01 4.625470e-01
      vertex   3.466019e-01 1.168131e-01 4.157701e-01
      vertex   2.850753e-01 1.234611e-01 4.151642e-01
    endloop
  endfacet
  facet normal -1.941959e-01 6.975422e-01 -6.897266e-01
    outer loop
      vertex   3.398398e-01 1.142371e-01 3.904165e-01
      vertex   3.132105e-01 9.611560e-02 3.795872e-01
      vertex   2.850753e-01 1.234611e-01 4.151642e-01
    endloop
  endfacet
  facet normal 1.077846e-01 9.857819e-01 -1.289048e-01
    outer loop
      vertex   3.466019e-01 1.168131e-01 4.157701e-01
      vertex   3.398398e-01 1.142371e-01 3.904165e-01
      vertex   2.850753e-01 1.234611e-01 4.151642e-01
    endloop
  endfacet
  facet normal -4.053685e-01 8.276479e-01 -3.881692e-01
    outer loop
      vertex   3.537949e-01 1.045493e-01 3.551867e-01
      vertex   3.132105e-01 9.611560e-02 3.795872e-01
      vertex   3.398398e-01 1.142371e-01 3.904165e-01
    endloop
  endfacet
  facet normal -1.614592e-01 -9.840069e-01 7.524175e-02
    outer loop
      vertex   4.803549e-01 -7.722004e-03 2.868869e-01
      vertex   4.685449e-01 -1.164857e-03 3.472981e-01
      vertex   4.128864e-01 8.797270e-03 3.581462e-01
    endloop
  endfacet
  facet normal -3.799617e-01 -9.246345e-01 2.608170e-02
    outer loop
      vertex   5.100887e-01 -1.993031e-02 2.872504e-01
      vertex   4.685449e-01 -1.164857e-03 3.472981e-01
      vertex   4.803549e-01 -7.722004e-03 2.868869e-01
    endloop
  endfacet
  facet normal -5.391760e-01 8.138653e-01 -2.165929e-01
    outer loop
      vertex   5.927555e-01 1.650653e-02 1.692354e-01
      vertex   6.016534e-01 2.680155e-02 1.857699e-01
      vertex   6.253874e-01 3.031860e-02 1.399030e-01
    endloop
  endfacet
  facet normal -7.281874e-01 -1.619389e-01 -6.659721e-01
    outer loop
      vertex   5.883351e-01 -5.095970e-03 1.612609e-01
      vertex   6.019318e-01 8.339644e-03 1.431270e-01
      vertex   6.115666e-01 -7.904724e-03 1.365421e-01
    endloop
  endfacet
  facet normal 4.878629e-01 -7.329778e-01 4.740605e-01
    outer loop
      vertex   1.719804e-02 -9.560064e-02 9.110553e-01
      vertex   5.080751e-02 -8.624216e-02 8.909371e-01
      vertex   3.160717e-02 -7.760198e-02 9.240556e-01
    endloop
  endfacet
  facet normal 4.894285e-01 -8.686828e-01 7.648498e-02
    outer loop
      vertex   5.080751e-02 -8.624216e-02 8.909371e-01
      vertex   4.022355e-02 -9.567952e-02 8.514785e-01
      vertex   5.189021e-02 -8.893792e-02 8.533916e-01
    endloop
  endfacet
  facet normal 5.088589e-01 -8.581009e-01 6.874228e-02
    outer loop
      vertex   1.814022e-02 -1.063902e-01 8.812487e-01
      vertex   4.022355e-02 -9.567952e-02 8.514785e-01
      vertex   5.080751e-02 -8.624216e-02 8.909371e-01
    endloop
  endfacet
  facet normal 9.815742e-01 -1.903810e-01 -1.634335e-02
    outer loop
      vertex   6.051669e-02 1.172798e-02 7.188307e-01
      vertex   6.413493e-02 2.362413e-02 7.975645e-01
      vertex   5.488491e-02 -1.962751e-02 7.458434e-01
    endloop
  endfacet
  facet normal 5.700062e-01 -8.164307e-01 -9.237878e-02
    outer loop
      vertex   2.803088e-02 -3.482160e-02 7.144288e-01
      vertex   4.907475e-02 -1.629027e-02 6.804988e-01
      vertex   5.488491e-02 -1.962751e-02 7.458434e-01
    endloop
  endfacet
  facet normal -3.186396e-01 -9.468103e-01 -4.493410e-02
    outer loop
      vertex   1.082650e-02 -2.607208e-02 6.520677e-01
      vertex   2.446117e-02 -3.064768e-02 6.517935e-01
      vertex   2.803088e-02 -3.482160e-02 7.144288e-01
    endloop
  endfacet
  facet normal 5.486591e-01 -4.801290e-02 8.346664e-01
    outer loop
      vertex   6.551386e-02 -2.501693e-02 9.252526e-01
      vertex   3.038233e-02 -1.080779e-02 9.491633e-01
      vertex   3.808181e-02 -4.056919e-02 9.423902e-01
    endloop
  endfacet
  facet normal 9.619756e-01 1.946883e-01 1.915712e-01
    outer loop
      vertex   6.051669e-02 1.172798e-02 7.188307e-01
      vertex   5.314621e-02 5.249320e-02 7.144131e-01
      vertex   4.645445e-02 4.603872e-02 7.545753e-01
    endloop
  endfacet
  facet normal 7.326879e-01 5.928963e-01 3.341294e-01
    outer loop
      vertex   4.523706e-02 6.993569e-02 8.943551e-01
      vertex   4.850521e-02 5.282502e-02 9.175507e-01
      vertex   7.391412e-02 3.624197e-02 8.912591e-01
    endloop
  endfacet
  facet normal 7.578105e-01 6.290646e-01 1.732079e-01
    outer loop
      vertex   7.391412e-02 3.624197e-02 8.912591e-01
      vertex   6.074415e-02 6.045087e-02 8.609567e-01
      vertex   4.523706e-02 6.993569e-02 8.943551e-01
    endloop
  endfacet
  facet normal 7.125527e-01 6.225607e-01 -3.235535e-01
    outer loop
      vertex   6.074415e-02 6.045087e-02 8.609567e-01
      vertex   6.413493e-02 2.362413e-02 7.975645e-01
      vertex   4.017595e-02 5.348326e-02 8.022533e-01
    endloop
  endfacet
  facet normal 8.552784e-01 5.165477e-01 4.095595e-02
    outer loop
      vertex   7.391412e-02 3.624197e-02 8.912591e-01
      vertex   7.766605e-02 3.315501e-02 8.518416e-01
      vertex   6.074415e-02 6.045087e-02 8.609567e-01
    endloop
  endfacet
  facet normal 7.007819e-01 8.249487e-02 7.085897e-01
    outer loop
      vertex   5.005710e-02 2.151554e-02 9.351217e-01
      vertex   6.551386e-02 -2.501693e-02 9.252526e-01
      vertex   6.780400e-02 2.030139e-02 9.177117e-01
    endloop
  endfacet
  facet normal 5.662773e-01 1.331614e-02 8.241072e-01
    outer loop
      vertex   3.038233e-02 -1.080779e-02 9.491633e-01
      vertex   6.551386e-02 -2.501693e-02 9.252526e-01
      vertex   5.005710e-02 2.151554e-02 9.351217e-01
    endloop
  endfacet
  facet normal 6.574354e-01 3.932899e-01 6.427299e-01
    outer loop
      vertex   5.005710e-02 2.151554e-02 9.351217e-01
      vertex   6.780400e-02 2.030139e-02 9.177117e-01
      vertex   4.850521e-02 5.282502e-02 9.175507e-01
    endloop
  endfacet
  facet normal 5.458538e-01 8.377364e-01 1.553433e-02
    outer loop
      vertex   3.844946e-02 7.513720e-02 8.523544e-01
      vertex   4.523706e-02 6.993569e-02 8.943551e-01
      vertex   6.074415e-02 6.045087e-02 8.609567e-01
    endloop
  endfacet
  facet normal 4.941174e-01 7.689322e-01 4.056985e-01
    outer loop
      vertex   4.645445e-02 4.603872e-02 7.545753e-01
      vertex   2.928239e-02 7.174118e-02 7.267753e-01
      vertex   1.457365e-02 5.889385e-02 7.690396e-01
    endloop
  endfacet
  facet normal 4.786138e-01 2.979502e-02 8.775198e-01
    outer loop
      vertex   2.928239e-02 7.174118e-02 7.267753e-01
      vertex   5.314621e-02 5.249320e-02 7.144131e-01
      vertex   7.880298e-02 7.668115e-02 6.995982e-01
    endloop
  endfacet
  facet normal 9.396209e-01 -3.407745e-01 -3.138860e-02
    outer loop
      vertex   6.323696e-02 2.240645e-02 6.843299e-01
      vertex   6.051669e-02 1.172798e-02 7.188307e-01
      vertex   4.907475e-02 -1.629027e-02 6.804988e-01
    endloop
  endfacet
  facet normal 7.803366e-01 6.253388e-01 5.117292e-03
    outer loop
      vertex   4.645445e-02 4.603872e-02 7.545753e-01
      vertex   4.017595e-02 5.348326e-02 8.022533e-01
      vertex   6.413493e-02 2.362413e-02 7.975645e-01
    endloop
  endfacet
  facet normal 9.557609e-01 2.860402e-01 6.857236e-02
    outer loop
      vertex   7.391412e-02 3.624197e-02 8.912591e-01
      vertex   8.248798e-02 1.459975e-02 8.620342e-01
      vertex   7.766605e-02 3.315501e-02 8.518416e-01
    endloop
  endfacet
  facet normal 9.696677e-01 2.055569e-01 1.322534e-01
    outer loop
      vertex   8.026021e-02 6.336119e-03 8.912119e-01
      vertex   8.248798e-02 1.459975e-02 8.620342e-01
      vertex   7.391412e-02 3.624197e-02 8.912591e-01
    endloop
  endfacet
  facet normal 9.175824e-01 7.918209e-02 3.895803e-01
    outer loop
      vertex   6.780400e-02 2.030139e-02 9.177117e-01
      vertex   7.671479e-02 -2.104205e-02 9.051271e-01
      vertex   8.026021e-02 6.336119e-03 8.912119e-01
    endloop
  endfacet
  facet normal 9.231895e-01 1.953802e-01 3.309801e-01
    outer loop
      vertex   8.026021e-02 6.336119e-03 8.912119e-01
      vertex   7.391412e-02 3.624197e-02 8.912591e-01
      vertex   6.780400e-02 2.030139e-02 9.177117e-01
    endloop
  endfacet
  facet normal 3.033977e-01 2.182559e-01 9.275312e-01
    outer loop
      vertex   5.005710e-02 2.151554e-02 9.351217e-01
      vertex   1.729899e-02 3.950432e-02 9.416040e-01
      vertex   3.038233e-02 -1.080779e-02 9.491633e-01
    endloop
  endfacet
  facet normal 3.167266e-01 5.937227e-01 7.397145e-01
    outer loop
      vertex   4.850521e-02 5.282502e-02 9.175507e-01
      vertex   1.807126e-02 7.203161e-02 9.151657e-01
      vertex   1.729899e-02 3.950432e-02 9.416040e-01
    endloop
  endfacet
  facet normal 1.688978e-01 7.256334e-01 6.670305e-01
    outer loop
      vertex   3.082212e-02 9.611202e-02 6.998735e-01
      vertex   2.928239e-02 7.174118e-02 7.267753e-01
      vertex   9.319298e-02 1.100586e-01 6.689088e-01
    endloop
  endfacet
  facet normal -3.261357e-01 7.121818e-01 6.216370e-01
    outer loop
      vertex   9.319298e-02 1.100586e-01 6.689088e-01
      vertex   7.880298e-02 7.668115e-02 6.995982e-01
      vertex   9.282463e-02 1.074234e-01 6.717345e-01
    endloop
  endfacet
  facet normal 3.245437e-01 5.496641e-01 7.697667e-01
    outer loop
      vertex   7.880298e-02 7.668115e-02 6.995982e-01
      vertex   1.812477e-01 8.058093e-02 6.536215e-01
      vertex   9.282463e-02 1.074234e-01 6.717345e-01
    endloop
  endfacet
  facet normal 3.831543e-01 -8.058026e-01 4.515250e-01
    outer loop
      vertex   8.944485e-02 2.322576e-02 6.635526e-01
      vertex   1.113079e-01 4.411066e-02 6.822719e-01
      vertex   6.323696e-02 2.240645e-02 6.843299e-01
    endloop
  endfacet
  facet normal 9.612040e-01 -2.576054e-01 -9.862245e-02
    outer loop
      vertex   6.051669e-02 1.172798e-02 7.188307e-01
      vertex   5.488491e-02 -1.962751e-02 7.458434e-01
      vertex   4.907475e-02 -1.629027e-02 6.804988e-01
    endloop
  endfacet
  facet normal 8.732053e-01 4.743556e-01 -1.118005e-01
    outer loop
      vertex   4.645445e-02 4.603872e-02 7.545753e-01
      vertex   6.413493e-02 2.362413e-02 7.975645e-01
      vertex   6.051669e-02 1.172798e-02 7.188307e-01
    endloop
  endfacet
  facet normal 6.708526e-01 6.745250e-01 -3.081766e-01
    outer loop
      vertex   8.029187e-02 9.540528e-03 8.019100e-01
      vertex   6.413493e-02 2.362413e-02 7.975645e-01
      vertex   7.739084e-02 2.069461e-02 8.200085e-01
    endloop
  endfacet
  facet normal 1.633023e-02 8.523646e-01 -5.226929e-01
    outer loop
      vertex   9.241005e-02 2.326035e-02 8.246617e-01
      vertex   8.029187e-02 9.540528e-03 8.019100e-01
      vertex   7.739084e-02 2.069461e-02 8.200085e-01
    endloop
  endfacet
  facet normal 9.710369e-01 1.665545e-01 -1.713093e-01
    outer loop
      vertex   9.241005e-02 2.326035e-02 8.246617e-01
      vertex   9.262559e-02 2.692158e-02 8.294431e-01
      vertex   9.319803e-02 2.823736e-02 8.339671e-01
    endloop
  endfacet
  facet normal 8.041093e-01 4.539467e-01 -3.838497e-01
    outer loop
      vertex   9.241005e-02 2.326035e-02 8.246617e-01
      vertex   9.254210e-02 2.642424e-02 8.286800e-01
      vertex   9.262559e-02 2.692158e-02 8.294431e-01
    endloop
  endfacet
  facet normal -9.845149e-01 -7.663098e-02 1.576645e-01
    outer loop
      vertex   9.350568e-02 2.828846e-02 8.356031e-01
      vertex   9.262559e-02 2.692158e-02 8.294431e-01
      vertex   9.254210e-02 2.642424e-02 8.286800e-01
    endloop
  endfacet
  facet normal -9.622845e-01 -1.974784e-01 1.871117e-01
    outer loop
      vertex   9.241005e-02 2.326035e-02 8.246617e-01
      vertex   9.350568e-02 2.828846e-02 8.356031e-01
      vertex   9.254210e-02 2.642424e-02 8.286800e-01
    endloop
  endfacet
  facet normal -6.791590e-01 -7.184667e-01 1.501620e-01
    outer loop
      vertex   9.306404e-02 2.795873e-02 8.320280e-01
      vertex   9.350568e-02 2.828846e-02 8.356031e-01
      vertex   9.319803e-02 2.823736e-02 8.339671e-01
    endloop
  endfacet
  facet normal 5.801469e-01 7.917999e-01 1.910039e-01
    outer loop
      vertex   9.350568e-02 2.828846e-02 8.356031e-01
      vertex   8.975389e-02 2.815538e-02 8.475503e-01
      vertex   9.372446e-02 2.282169e-02 8.576009e-01
    endloop
  endfacet
  facet normal -3.458619e-01 7.653466e-01 5.427929e-01
    outer loop
      vertex   8.248798e-02 1.459975e-02 8.620342e-01
      vertex   9.372446e-02 2.282169e-02 8.576009e-01
      vertex   8.975389e-02 2.815538e-02 8.475503e-01
    endloop
  endfacet
  facet normal 8.420883e-01 -3.656769e-01 3.964440e-01
    outer loop
      vertex   6.551386e-02 -2.501693e-02 9.252526e-01
      vertex   6.480544e-02 -6.407182e-02 8.907334e-01
      vertex   7.671479e-02 -2.104205e-02 9.051271e-01
    endloop
  endfacet
  facet normal 8.596457e-01 -3.470069e-01 3.749605e-01
    outer loop
      vertex   5.359947e-02 -5.434732e-02 9.254241e-01
      vertex   6.480544e-02 -6.407182e-02 8.907334e-01
      vertex   6.551386e-02 -2.501693e-02 9.252526e-01
    endloop
  endfacet
  facet normal 6.091715e-01 -6.061931e-01 5.113121e-01
    outer loop
      vertex   5.080751e-02 -8.624216e-02 8.909371e-01
      vertex   5.359947e-02 -5.434732e-02 9.254241e-01
      vertex   3.160717e-02 -7.760198e-02 9.240556e-01
    endloop
  endfacet
  facet normal 1.394223e-01 -6.507340e-01 7.463958e-01
    outer loop
      vertex   -8.056684e-03 -8.416608e-02 9.257418e-01
      vertex   1.719804e-02 -9.560064e-02 9.110553e-01
      vertex   3.160717e-02 -7.760198e-02 9.240556e-01
    endloop
  endfacet
  facet normal 1.327444e-01 -5.993309e-01 7.894184e-01
    outer loop
      vertex   -7.318578e-04 -6.259437e-02 9.408874e-01
      vertex   -8.056684e-03 -8.416608e-02 9.257418e-01
      vertex   3.160717e-02 -7.760198e-02 9.240556e-01
    endloop
  endfacet
  facet normal 3.026628e-01 9.032761e-01 3.041176e-01
    outer loop
      vertex   4.289844e-03 8.416285e-02 8.928496e-01
      vertex   1.807126e-02 7.203161e-02 9.151657e-01
      vertex   4.523706e-02 6.993569e-02 8.943551e-01
    endloop
  endfacet
  facet normal 2.086897e-01 9.211680e-01 -3.284785e-01
    outer loop
      vertex   -1.646862e-04 7.361611e-02 8.235564e-01
      vertex   2.773731e-03 8.500716e-02 8.573676e-01
      vertex   3.844946e-02 7.513720e-02 8.523544e-01
    endloop
  endfacet
  facet normal 1.220810e-02 7.407067e-01 6.717176e-01
    outer loop
      vertex   3.082212e-02 9.611202e-02 6.998735e-01
      vertex   -3.920386e-03 7.355433e-02 7.253794e-01
      vertex   2.928239e-02 7.174118e-02 7.267753e-01
    endloop
  endfacet
  facet normal 8.814594e-02 8.296791e-01 5.512376e-01
    outer loop
      vertex   3.082212e-02 9.611202e-02 6.998735e-01
      vertex   9.319298e-02 1.100586e-01 6.689088e-01
      vertex   5.570594e-02 1.385264e-01 6.320557e-01
    endloop
  endfacet
  facet normal 3.900748e-01 2.384154e-01 8.893817e-01
    outer loop
      vertex   1.826381e-01 5.890112e-02 6.588233e-01
      vertex   1.812477e-01 8.058093e-02 6.536215e-01
      vertex   7.880298e-02 7.668115e-02 6.995982e-01
    endloop
  endfacet
  facet normal 3.333547e-01 6.171951e-01 7.127025e-01
    outer loop
      vertex   9.282463e-02 1.074234e-01 6.717345e-01
      vertex   1.812477e-01 8.058093e-02 6.536215e-01
      vertex   1.712916e-01 1.000246e-01 6.414402e-01
    endloop
  endfacet
  facet normal 4.449964e-02 9.343781e-01 3.534931e-01
    outer loop
      vertex   -7.837021e-03 1.400245e-01 6.069747e-01
      vertex   -1.828381e-03 1.244862e-01 6.472902e-01
      vertex   2.412148e-02 1.204709e-01 6.546370e-01
    endloop
  endfacet
  facet normal -2.254318e-01 8.900071e-01 3.963178e-01
    outer loop
      vertex   5.570594e-02 1.385264e-01 6.320557e-01
      vertex   3.049933e-02 1.499542e-01 5.920544e-01
      vertex   2.412148e-02 1.204709e-01 6.546370e-01
    endloop
  endfacet
  facet normal 3.722067e-01 -1.842586e-01 9.096763e-01
    outer loop
      vertex   1.113079e-01 4.411066e-02 6.822719e-01
      vertex   1.686292e-01 2.108680e-02 6.541545e-01
      vertex   2.327530e-01 2.600761e-02 6.289140e-01
    endloop
  endfacet
  facet normal 9.517591e-02 -9.349034e-01 3.419022e-01
    outer loop
      vertex   2.129607e-01 -2.978860e-02 5.773610e-01
      vertex   2.441636e-01 -3.161140e-02 5.636908e-01
      vertex   2.456467e-01 -2.403303e-02 5.840003e-01
    endloop
  endfacet
  facet normal 4.898254e-01 -8.680874e-01 -8.059437e-02
    outer loop
      vertex   2.441636e-01 -3.161140e-02 5.636908e-01
      vertex   2.641613e-01 -1.765460e-02 5.349008e-01
      vertex   2.662314e-01 -1.870801e-02 5.588282e-01
    endloop
  endfacet
  facet normal 1.613434e-01 -5.264864e-01 8.347337e-01
    outer loop
      vertex   2.327530e-01 2.600761e-02 6.289140e-01
      vertex   1.760685e-01 -1.362199e-03 6.226077e-01
      vertex   2.271103e-01 -1.094887e-02 6.066954e-01
    endloop
  endfacet
  facet normal 1.716062e-01 9.209719e-01 3.498030e-01
    outer loop
      vertex   1.330631e-01 1.403565e-01 5.831261e-01
      vertex   1.044652e-01 1.332348e-01 6.159058e-01
      vertex   1.971724e-01 1.216407e-01 6.009508e-01
    endloop
  endfacet
  facet normal 1.855542e-01 9.506301e-01 2.487410e-01
    outer loop
      vertex   1.044652e-01 1.332348e-01 6.159058e-01
      vertex   6.021722e-02 1.563445e-01 5.605935e-01
      vertex   5.570594e-02 1.385264e-01 6.320557e-01
    endloop
  endfacet
  facet normal 5.076883e-02 9.682854e-01 2.446343e-01
    outer loop
      vertex   5.570594e-02 1.385264e-01 6.320557e-01
      vertex   6.021722e-02 1.563445e-01 5.605935e-01
      vertex   3.049933e-02 1.499542e-01 5.920544e-01
    endloop
  endfacet
  facet normal 1.134120e-01 9.457627e-01 3.044186e-01
    outer loop
      vertex   1.330631e-01 1.403565e-01 5.831261e-01
      vertex   6.021722e-02 1.563445e-01 5.605935e-01
      vertex   1.044652e-01 1.332348e-01 6.159058e-01
    endloop
  endfacet
  facet normal 3.602159e-01 6.207239e-01 6.963808e-01
    outer loop
      vertex   2.379476e-01 1.077813e-01 6.000471e-01
      vertex   1.712916e-01 1.000246e-01 6.414402e-01
      vertex   1.812477e-01 8.058093e-02 6.536215e-01
    endloop
  endfacet
  facet normal 5.287971e-01 -4.951736e-01 6.893307e-01
    outer loop
      vertex   2.327530e-01 2.600761e-02 6.289140e-01
      vertex   2.271103e-01 -1.094887e-02 6.066954e-01
      vertex   2.715289e-01 1.193684e-03 5.813436e-01
    endloop
  endfacet
  facet normal 6.912208e-01 -7.168453e-01 -9.135928e-02
    outer loop
      vertex   2.662314e-01 -1.870801e-02 5.588282e-01
      vertex   2.641613e-01 -1.765460e-02 5.349008e-01
      vertex   2.982215e-01 1.601669e-02 5.283986e-01
    endloop
  endfacet
  facet normal 6.048772e-01 -1.906209e-01 7.731670e-01
    outer loop
      vertex   2.639922e-01 5.220719e-02 6.109338e-01
      vertex   2.327530e-01 2.600761e-02 6.289140e-01
      vertex   2.764365e-01 2.803109e-02 5.952377e-01
    endloop
  endfacet
  facet normal 5.065018e-01 -1.225403e-02 8.621518e-01
    outer loop
      vertex   1.826381e-01 5.890112e-02 6.588233e-01
      vertex   2.327530e-01 2.600761e-02 6.289140e-01
      vertex   2.639922e-01 5.220719e-02 6.109338e-01
    endloop
  endfacet
  facet normal 5.098672e-01 5.467250e-02 8.585140e-01
    outer loop
      vertex   1.826381e-01 5.890112e-02 6.588233e-01
      vertex   2.639922e-01 5.220719e-02 6.109338e-01
      vertex   2.493183e-01 7.504324e-02 6.181943e-01
    endloop
  endfacet
  facet normal 4.637242e-01 2.347264e-01 8.543205e-01
    outer loop
      vertex   2.493183e-01 7.504324e-02 6.181943e-01
      vertex   1.812477e-01 8.058093e-02 6.536215e-01
      vertex   1.826381e-01 5.890112e-02 6.588233e-01
    endloop
  endfacet
  facet normal -4.023105e-02 9.981659e-01 -4.523571e-02
    outer loop
      vertex   6.021722e-02 1.563445e-01 5.605935e-01
      vertex   5.390607e-02 1.533917e-01 5.010488e-01
      vertex   -9.283819e-03 1.526504e-01 5.408899e-01
    endloop
  endfacet
  facet normal 2.003698e-01 9.421770e-01 2.686157e-01
    outer loop
      vertex   2.275363e-01 1.237747e-01 5.708164e-01
      vertex   1.330631e-01 1.403565e-01 5.831261e-01
      vertex   1.971724e-01 1.216407e-01 6.009508e-01
    endloop
  endfacet
  facet normal 3.062442e-01 8.768236e-01 3.706681e-01
    outer loop
      vertex   1.971724e-01 1.216407e-01 6.009508e-01
      vertex   2.379476e-01 1.077813e-01 6.000471e-01
      vertex   2.275363e-01 1.237747e-01 5.708164e-01
    endloop
  endfacet
  facet normal 8.344330e-01 -3.659314e-01 4.120871e-01
    outer loop
      vertex   2.715289e-01 1.193684e-03 5.813436e-01
      vertex   2.927240e-01 2.930498e-02 5.633885e-01
      vertex   2.764365e-01 2.803109e-02 5.952377e-01
    endloop
  endfacet
  facet normal 6.382150e-01 -4.400171e-01 6.317172e-01
    outer loop
      vertex   2.981253e-01 1.492439e-02 5.056330e-01
      vertex   3.321418e-01 1.503073e-02 4.713407e-01
      vertex   3.067389e-01 4.273489e-02 5.163020e-01
    endloop
  endfacet
  facet normal 7.492859e-01 2.026065e-02 6.619366e-01
    outer loop
      vertex   3.590029e-01 3.963961e-02 4.572360e-01
      vertex   3.315117e-01 6.325836e-02 4.876320e-01
      vertex   3.067389e-01 4.273489e-02 5.163020e-01
    endloop
  endfacet
  facet normal 5.851754e-01 6.827323e-01 4.375458e-01
    outer loop
      vertex   3.466019e-01 1.168131e-01 4.157701e-01
      vertex   3.305020e-01 1.011699e-01 4.617114e-01
      vertex   3.733094e-01 8.959193e-02 4.225264e-01
    endloop
  endfacet
  facet normal -5.085307e-01 5.659445e-01 -6.489248e-01
    outer loop
      vertex   3.613038e-01 7.261035e-02 3.214475e-01
      vertex   3.537949e-01 1.045493e-01 3.551867e-01
      vertex   4.078128e-01 9.276351e-02 3.025768e-01
    endloop
  endfacet
  facet normal -7.156727e-01 2.431794e-02 -6.980123e-01
    outer loop
      vertex   3.954884e-01 6.404267e-02 2.860995e-01
      vertex   3.939592e-01 3.550391e-02 2.866732e-01
      vertex   3.613038e-01 7.261035e-02 3.214475e-01
    endloop
  endfacet
  facet normal -5.216077e-01 -5.677390e-01 -6.368656e-01
    outer loop
      vertex   4.022022e-01 1.412240e-02 2.989827e-01
      vertex   3.939592e-01 3.550391e-02 2.866732e-01
      vertex   4.437910e-01 1.318998e-02 2.657517e-01
    endloop
  endfacet
  facet normal -4.985389e-01 -3.852447e-01 -7.765600e-01
    outer loop
      vertex   4.437910e-01 1.318998e-02 2.657517e-01
      vertex   3.939592e-01 3.550391e-02 2.866732e-01
      vertex   4.777710e-01 2.009868e-02 2.405098e-01
    endloop
  endfacet
  facet normal -3.040289e-01 -8.837682e-01 -3.556969e-01
    outer loop
      vertex   4.022022e-01 1.412240e-02 2.989827e-01
      vertex   4.437910e-01 1.318998e-02 2.657517e-01
      vertex   4.478122e-01 4.649861e-03 2.835335e-01
    endloop
  endfacet
  facet normal 9.369884e-02 -8.788218e-01 4.678598e-01
    outer loop
      vertex   5.817421e-01 -3.093676e-02 2.526796e-01
      vertex   5.068674e-01 5.127072e-03 3.354166e-01
      vertex   5.537755e-01 -3.318108e-02 2.540648e-01
    endloop
  endfacet
  facet normal -6.698208e-01 -9.897616e-02 -7.358967e-01
    outer loop
      vertex   6.019318e-01 8.339644e-03 1.431270e-01
      vertex   6.263139e-01 2.492197e-02 1.187038e-01
      vertex   6.115666e-01 -7.904724e-03 1.365421e-01
    endloop
  endfacet
  facet normal -7.594170e-01 4.953090e-01 -4.218470e-01
    outer loop
      vertex   5.927555e-01 1.650653e-02 1.692354e-01
      vertex   6.263139e-01 2.492197e-02 1.187038e-01
      vertex   6.019318e-01 8.339644e-03 1.431270e-01
    endloop
  endfacet
  facet normal -5.466944e-01 8.054295e-01 -2.289292e-01
    outer loop
      vertex   5.927555e-01 1.650653e-02 1.692354e-01
      vertex   6.253874e-01 3.031860e-02 1.399030e-01
      vertex   6.263139e-01 2.492197e-02 1.187038e-01
    endloop
  endfacet
  facet normal 6.113896e-02 9.922990e-01 1.077256e-01
    outer loop
      vertex   6.383957e-01 2.876688e-02 1.468137e-01
      vertex   6.253874e-01 3.031860e-02 1.399030e-01
      vertex   6.016534e-01 2.680155e-02 1.857699e-01
    endloop
  endfacet
  facet normal 2.471290e-01 9.438862e-01 -2.191029e-01
    outer loop
      vertex   5.986568e-01 3.561326e-02 2.203505e-01
      vertex   6.300541e-01 1.936094e-02 1.857496e-01
      vertex   6.016534e-01 2.680155e-02 1.857699e-01
    endloop
  endfacet
  facet normal 7.899622e-01 4.353265e-01 4.317992e-01
    outer loop
      vertex   6.352932e-01 -1.707065e-03 1.974050e-01
      vertex   6.300541e-01 1.936094e-02 1.857496e-01
      vertex   5.811706e-01 3.459341e-02 2.598236e-01
    endloop
  endfacet
  facet normal 6.190834e-01 -3.394057e-01 7.081945e-01
    outer loop
      vertex   5.068674e-01 5.127072e-03 3.354166e-01
      vertex   5.817421e-01 -3.093676e-02 2.526796e-01
      vertex   5.230772e-01 2.162007e-02 3.291509e-01
    endloop
  endfacet
  facet normal -6.742718e-01 9.315218e-02 -7.325846e-01
    outer loop
      vertex   3.939592e-01 3.550391e-02 2.866732e-01
      vertex   3.461033e-01 4.186114e-02 3.315282e-01
      vertex   3.613038e-01 7.261035e-02 3.214475e-01
    endloop
  endfacet
  facet normal 7.547863e-01 5.767216e-01 3.125538e-01
    outer loop
      vertex   3.526085e-01 7.746716e-02 4.520624e-01
      vertex   3.305020e-01 1.011699e-01 4.617114e-01
      vertex   3.284761e-01 8.939228e-02 4.883355e-01
    endloop
  endfacet
  facet normal 7.325205e-01 6.272587e-02 6.778489e-01
    outer loop
      vertex   3.315117e-01 6.325836e-02 4.876320e-01
      vertex   3.013561e-01 7.518581e-02 5.191160e-01
      vertex   3.067389e-01 4.273489e-02 5.163020e-01
    endloop
  endfacet
  facet normal 9.540535e-01 -2.994580e-01 1.033950e-02
    outer loop
      vertex   3.067389e-01 4.273489e-02 5.163020e-01
      vertex   2.982215e-01 1.601669e-02 5.283986e-01
      vertex   2.981253e-01 1.492439e-02 5.056330e-01
    endloop
  endfacet
  facet normal 7.950002e-01 3.542979e-01 4.923898e-01
    outer loop
      vertex   2.493183e-01 7.504324e-02 6.181943e-01
      vertex   2.639922e-01 5.220719e-02 6.109338e-01
      vertex   2.888864e-01 6.954029e-02 5.582684e-01
    endloop
  endfacet
  facet normal 7.637448e-01 4.498259e-01 4.629801e-01
    outer loop
      vertex   2.493183e-01 7.504324e-02 6.181943e-01
      vertex   2.888864e-01 6.954029e-02 5.582684e-01
      vertex   2.648875e-01 1.028617e-01 5.654829e-01
    endloop
  endfacet
  facet normal 7.107400e-01 5.134180e-01 4.808851e-01
    outer loop
      vertex   2.648875e-01 1.028617e-01 5.654829e-01
      vertex   2.379476e-01 1.077813e-01 6.000471e-01
      vertex   2.493183e-01 7.504324e-02 6.181943e-01
    endloop
  endfacet
  facet normal 4.716758e-01 8.733804e-01 -1.213616e-01
    outer loop
      vertex   2.275363e-01 1.237747e-01 5.708164e-01
      vertex   2.648875e-01 1.028617e-01 5.654829e-01
      vertex   2.194073e-01 1.237734e-01 5.392137e-01
    endloop
  endfacet
  facet normal 4.993903e-01 8.225190e-01 2.721613e-01
    outer loop
      vertex   2.379476e-01 1.077813e-01 6.000471e-01
      vertex   2.648875e-01 1.028617e-01 5.654829e-01
      vertex   2.275363e-01 1.237747e-01 5.708164e-01
    endloop
  endfacet
  facet normal 1.128497e-01 9.807865e-01 1.591316e-01
    outer loop
      vertex   1.449061e-01 1.512473e-01 5.319519e-01
      vertex   1.180988e-01 1.591546e-01 5.022270e-01
      vertex   6.021722e-02 1.563445e-01 5.605935e-01
    endloop
  endfacet
  facet normal -1.058644e-01 9.927346e-01 -5.719013e-02
    outer loop
      vertex   8.488026e-02 1.532988e-01 4.620703e-01
      vertex   6.021722e-02 1.563445e-01 5.605935e-01
      vertex   1.180988e-01 1.591546e-01 5.022270e-01
    endloop
  endfacet
  facet normal -5.229369e-02 9.976649e-01 -4.393235e-02
    outer loop
      vertex   5.390607e-02 1.533917e-01 5.010488e-01
      vertex   6.021722e-02 1.563445e-01 5.605935e-01
      vertex   8.488026e-02 1.532988e-01 4.620703e-01
    endloop
  endfacet
  facet normal -2.284358e-02 9.594172e-01 -2.810638e-01
    outer loop
      vertex   5.390607e-02 1.533917e-01 5.010488e-01
      vertex   2.872280e-02 1.245803e-01 4.047475e-01
      vertex   -2.401202e-03 1.372545e-01 4.505405e-01
    endloop
  endfacet
  facet normal -2.643689e-01 9.407596e-01 -2.123218e-01
    outer loop
      vertex   8.488026e-02 1.532988e-01 4.620703e-01
      vertex   2.872280e-02 1.245803e-01 4.047475e-01
      vertex   5.390607e-02 1.533917e-01 5.010488e-01
    endloop
  endfacet
  facet normal 3.393866e-01 9.196342e-01 1.977111e-01
    outer loop
      vertex   2.094750e-01 1.382092e-01 4.817595e-01
      vertex   1.449061e-01 1.512473e-01 5.319519e-01
      vertex   1.865829e-01 1.328091e-01 5.461738e-01
    endloop
  endfacet
  facet normal 7.989545e-01 5.045791e-01 3.272180e-01
    outer loop
      vertex   2.648875e-01 1.028617e-01 5.654829e-01
      vertex   2.888864e-01 6.954029e-02 5.582684e-01
      vertex   3.013561e-01 7.518581e-02 5.191160e-01
    endloop
  endfacet
  facet normal 3.789061e-01 7.458374e-01 5.478656e-01
    outer loop
      vertex   2.194073e-01 1.237734e-01 5.392137e-01
      vertex   2.640197e-01 1.050816e-01 5.338057e-01
      vertex   2.530086e-01 1.204636e-01 5.204806e-01
    endloop
  endfacet
  facet normal 5.814398e-02 9.818987e-01 -1.802615e-01
    outer loop
      vertex   1.449061e-01 1.512473e-01 5.319519e-01
      vertex   2.094750e-01 1.382092e-01 4.817595e-01
      vertex   2.001142e-01 1.319295e-01 4.445338e-01
    endloop
  endfacet
  facet normal 2.236823e-01 9.729879e-01 5.710315e-02
    outer loop
      vertex   1.449061e-01 1.512473e-01 5.319519e-01
      vertex   1.552555e-01 1.527575e-01 4.656789e-01
      vertex   1.180988e-01 1.591546e-01 5.022270e-01
    endloop
  endfacet
  facet normal 1.564257e-02 9.874846e-01 -1.569380e-01
    outer loop
      vertex   8.488026e-02 1.532988e-01 4.620703e-01
      vertex   1.180988e-01 1.591546e-01 5.022270e-01
      vertex   1.552555e-01 1.527575e-01 4.656789e-01
    endloop
  endfacet
  facet normal -3.922538e-01 7.686549e-01 -5.052787e-01
    outer loop
      vertex   4.289038e-02 9.304508e-02 3.457760e-01
      vertex   2.872280e-02 1.245803e-01 4.047475e-01
      vertex   6.377571e-02 1.283542e-01 3.832765e-01
    endloop
  endfacet
  facet normal 4.293222e-01 8.570966e-01 2.847242e-01
    outer loop
      vertex   2.835015e-01 1.244350e-01 4.625470e-01
      vertex   2.530086e-01 1.204636e-01 5.204806e-01
      vertex   3.305020e-01 1.011699e-01 4.617114e-01
    endloop
  endfacet
  facet normal -3.794729e-02 5.168923e-01 -8.552090e-01
    outer loop
      vertex   3.108823e-01 5.845267e-02 3.569268e-01
      vertex   2.722248e-01 9.883148e-02 3.830473e-01
      vertex   3.132105e-01 9.611560e-02 3.795872e-01
    endloop
  endfacet
  facet normal 1.601598e-01 -9.785773e-01 1.293649e-01
    outer loop
      vertex   4.128864e-01 8.797270e-03 3.581462e-01
      vertex   3.742582e-01 1.567090e-03 3.512772e-01
      vertex   4.478122e-01 4.649861e-03 2.835335e-01
    endloop
  endfacet
  facet normal -3.085172e-01 -8.742822e-01 -3.747636e-01
    outer loop
      vertex   4.478122e-01 4.649861e-03 2.835335e-01
      vertex   3.742582e-01 1.567090e-03 3.512772e-01
      vertex   4.022022e-01 1.412240e-02 2.989827e-01
    endloop
  endfacet
  facet normal 7.483214e-01 1.481704e-01 6.465761e-01
    outer loop
      vertex   5.811706e-01 3.459341e-02 2.598236e-01
      vertex   5.194511e-01 5.620873e-02 3.263018e-01
      vertex   5.977171e-01 -9.589668e-03 2.507984e-01
    endloop
  endfacet
  facet normal -3.499726e-01 6.371429e-01 -6.867081e-01
    outer loop
      vertex   5.647846e-01 4.025299e-02 2.170402e-01
      vertex   6.016534e-01 2.680155e-02 1.857699e-01
      vertex   5.688851e-01 2.015712e-02 1.963050e-01
    endloop
  endfacet
  facet normal -3.455544e-01 2.881857e-01 -8.930516e-01
    outer loop
      vertex   6.016534e-01 2.680155e-02 1.857699e-01
      vertex   5.764291e-01 5.086562e-03 1.885227e-01
      vertex   5.688851e-01 2.015712e-02 1.963050e-01
    endloop
  endfacet
  facet normal -6.553037e-01 7.469505e-01 -1.124368e-01
    outer loop
      vertex   6.016534e-01 2.680155e-02 1.857699e-01
      vertex   5.927555e-01 1.650653e-02 1.692354e-01
      vertex   5.764291e-01 5.086562e-03 1.885227e-01
    endloop
  endfacet
  facet normal -8.073005e-01 3.425785e-01 -4.805266e-01
    outer loop
      vertex   5.883351e-01 -5.095970e-03 1.612609e-01
      vertex   5.764291e-01 5.086562e-03 1.885227e-01
      vertex   5.927555e-01 1.650653e-02 1.692354e-01
    endloop
  endfacet
  facet normal -7.275900e-01 -1.708410e-01 -6.643991e-01
    outer loop
      vertex   5.883351e-01 -5.095970e-03 1.612609e-01
      vertex   6.115666e-01 -7.904724e-03 1.365421e-01
      vertex   5.929433e-01 -2.246084e-02 1.606796e-01
    endloop
  endfacet
  facet normal -7.544885e-01 -1.081428e-01 -6.473425e-01
    outer loop
      vertex   5.929433e-01 -2.246084e-02 1.606796e-01
      vertex   6.115666e-01 -7.904724e-03 1.365421e-01
      vertex   6.298242e-01 -3.493068e-02 1.197774e-01
    endloop
  endfacet
  facet normal -5.936630e-02 8.574141e-01 -5.111915e-01
    outer loop
      vertex   6.069517e-01 -4.124340e-02 1.275490e-01
      vertex   5.882711e-01 -3.242887e-02 1.445029e-01
      vertex   5.929433e-01 -2.246084e-02 1.606796e-01
    endloop
  endfacet
  facet normal -3.932266e-01 7.185533e-01 -5.736323e-01
    outer loop
      vertex   6.069517e-01 -4.124340e-02 1.275490e-01
      vertex   5.929433e-01 -2.246084e-02 1.606796e-01
      vertex   6.298242e-01 -3.493068e-02 1.197774e-01
    endloop
  endfacet
  facet normal -8.113835e-01 -1.147294e-01 -5.731439e-01
    outer loop
      vertex   6.343046e-01 -7.098155e-02 1.206511e-01
      vertex   6.298242e-01 -3.493068e-02 1.197774e-01
      vertex   6.533926e-01 -4.674814e-02 8.877785e-02
    endloop
  endfacet
  facet normal -7.022463e-01 6.539571e-01 -2.814077e-01
    outer loop
      vertex   6.683324e-01 -3.659322e-02 3.004817e-02
      vertex   6.639099e-01 -2.055957e-02 7.834462e-02
      vertex   6.750181e-01 -2.837555e-02 3.246095e-02
    endloop
  endfacet
  facet normal 3.469021e-01 -9.370130e-01 4.081076e-02
    outer loop
      vertex   6.902880e-01 -4.355286e-02 9.569044e-02
      vertex   6.753363e-01 -4.964710e-02 8.285994e-02
      vertex   6.836510e-01 -4.840112e-02 4.079048e-02
    endloop
  endfacet
  facet normal 9.581983e-01 -2.709397e-01 -9.191153e-02
    outer loop
      vertex   6.836510e-01 -4.840112e-02 4.079048e-02
      vertex   6.915793e-01 -3.247409e-02 7.649440e-02
      vertex   6.902880e-01 -4.355286e-02 9.569044e-02
    endloop
  endfacet
  facet normal 3.158481e-01 9.342055e-01 -1.658312e-01
    outer loop
      vertex   6.889195e-01 -2.974978e-02 5.119630e-02
      vertex   6.750181e-01 -2.837555e-02 3.246095e-02
      vertex   6.831776e-01 -2.257256e-02 8.069276e-02
    endloop
  endfacet
  facet normal -9.711384e-01 -1.912651e-01 -1.425056e-01
    outer loop
      vertex   6.889195e-01 -2.974978e-02 5.119630e-02
      vertex   6.831776e-01 -2.257256e-02 8.069276e-02
      vertex   6.810297e-01 -9.872910e-03 7.828511e-02
    endloop
  endfacet
  facet normal -6.935765e-01 6.853298e-01 -2.219790e-01
    outer loop
      vertex   5.772692e-01 -3.434757e-02 1.729548e-01
      vertex   5.929433e-01 -2.246084e-02 1.606796e-01
      vertex   5.882711e-01 -3.242887e-02 1.445029e-01
    endloop
  endfacet
  facet normal 2.235222e-01 -9.360622e-01 -2.717083e-01
    outer loop
      vertex   3.742582e-01 1.567090e-03 3.512772e-01
      vertex   4.128864e-01 8.797270e-03 3.581462e-01
      vertex   3.658683e-01 -8.546921e-03 3.792189e-01
    endloop
  endfacet
  facet normal -5.955005e-01 -3.555837e-02 -8.025676e-01
    outer loop
      vertex   3.107086e-01 1.749379e-02 3.588704e-01
      vertex   3.108823e-01 5.845267e-02 3.569268e-01
      vertex   3.461033e-01 4.186114e-02 3.315282e-01
    endloop
  endfacet
  facet normal -4.661412e-01 1.206857e-01 -8.764401e-01
    outer loop
      vertex   2.717083e-01 5.289503e-02 3.769965e-01
      vertex   2.722248e-01 9.883148e-02 3.830473e-01
      vertex   3.108823e-01 5.845267e-02 3.569268e-01
    endloop
  endfacet
  facet normal 2.120648e-01 8.486472e-01 -4.845889e-01
    outer loop
      vertex   2.658414e-01 1.186870e-01 3.983862e-01
      vertex   2.850753e-01 1.234611e-01 4.151642e-01
      vertex   3.132105e-01 9.611560e-02 3.795872e-01
    endloop
  endfacet
  facet normal 3.683976e-01 8.939599e-01 2.551840e-01
    outer loop
      vertex   2.835015e-01 1.244350e-01 4.625470e-01
      vertex   2.357997e-01 1.351364e-01 4.939227e-01
      vertex   2.530086e-01 1.204636e-01 5.204806e-01
    endloop
  endfacet
  facet normal 1.096511e-01 9.158317e-01 -3.863015e-01
    outer loop
      vertex   2.850753e-01 1.234611e-01 4.151642e-01
      vertex   2.658414e-01 1.186870e-01 3.983862e-01
      vertex   2.496597e-01 1.335008e-01 4.289133e-01
    endloop
  endfacet
  facet normal -3.336569e-01 1.267950e-01 -9.341285e-01
    outer loop
      vertex   2.717083e-01 5.289503e-02 3.769965e-01
      vertex   2.439113e-01 9.368215e-02 3.924615e-01
      vertex   2.722248e-01 9.883148e-02 3.830473e-01
    endloop
  endfacet
  facet normal -4.510477e-01 -4.039511e-02 -8.915852e-01
    outer loop
      vertex   3.107086e-01 1.749379e-02 3.588704e-01
      vertex   2.717083e-01 5.289503e-02 3.769965e-01
      vertex   3.108823e-01 5.845267e-02 3.569268e-01
    endloop
  endfacet
  facet normal 3.569218e-01 -9.337185e-01 2.786595e-02
    outer loop
      vertex   4.128864e-01 8.797270e-03 3.581462e-01
      vertex   3.788966e-01 -3.188770e-03 3.918833e-01
      vertex   3.658683e-01 -8.546921e-03 3.792189e-01
    endloop
  endfacet
  facet normal -6.298490e-01 8.347688e-02 -7.722188e-01
    outer loop
      vertex   5.565193e-01 -1.324077e-02 2.027807e-01
      vertex   5.688851e-01 2.015712e-02 1.963050e-01
      vertex   5.764291e-01 5.086562e-03 1.885227e-01
    endloop
  endfacet
  facet normal -9.412567e-01 1.064642e-01 -3.204703e-01
    outer loop
      vertex   5.772692e-01 -3.434757e-02 1.729548e-01
      vertex   5.684207e-01 -3.633558e-02 1.982834e-01
      vertex   5.764291e-01 5.086562e-03 1.885227e-01
    endloop
  endfacet
  facet normal -9.858062e-01 -1.212872e-01 1.160839e-01
    outer loop
      vertex   5.773103e-01 -6.173142e-02 1.446923e-01
      vertex   5.813977e-01 -6.182239e-02 1.793088e-01
      vertex   5.772692e-01 -3.434757e-02 1.729548e-01
    endloop
  endfacet
  facet normal -9.164400e-01 -2.156663e-01 -3.370843e-01
    outer loop
      vertex   5.684207e-01 -3.633558e-02 1.982834e-01
      vertex   5.772692e-01 -3.434757e-02 1.729548e-01
      vertex   5.813977e-01 -6.182239e-02 1.793088e-01
    endloop
  endfacet
  facet normal -5.635774e-01 -4.668046e-01 -6.815232e-01
    outer loop
      vertex   2.378326e-01 1.516769e-02 4.207276e-01
      vertex   3.107086e-01 1.749379e-02 3.588704e-01
      vertex   3.030554e-01 -4.779377e-03 3.804550e-01
    endloop
  endfacet
  facet normal -1.595385e-01 8.522842e-01 -4.981556e-01
    outer loop
      vertex   2.266314e-01 1.201507e-01 4.134478e-01
      vertex   2.496597e-01 1.335008e-01 4.289133e-01
      vertex   2.658414e-01 1.186870e-01 3.983862e-01
    endloop
  endfacet
  facet normal -1.779030e-01 8.603034e-01 -4.777328e-01
    outer loop
      vertex   2.496597e-01 1.335008e-01 4.289133e-01
      vertex   2.266314e-01 1.201507e-01 4.134478e-01
      vertex   2.001142e-01 1.319295e-01 4.445338e-01
    endloop
  endfacet
  facet normal -7.757186e-02 9.861131e-01 -1.468453e-01
    outer loop
      vertex   2.001142e-01 1.319295e-01 4.445338e-01
      vertex   2.094750e-01 1.382092e-01 4.817595e-01
      vertex   2.496597e-01 1.335008e-01 4.289133e-01
    endloop
  endfacet
  facet normal -4.406614e-01 3.632019e-01 -8.209153e-01
    outer loop
      vertex   2.054460e-01 1.036270e-01 4.175093e-01
      vertex   2.266314e-01 1.201507e-01 4.134478e-01
      vertex   2.439113e-01 9.368215e-02 3.924615e-01
    endloop
  endfacet
  facet normal -5.633673e-01 -4.694768e-01 -6.798594e-01
    outer loop
      vertex   2.626707e-01 -1.957704e-03 4.119714e-01
      vertex   2.378326e-01 1.516769e-02 4.207276e-01
      vertex   3.030554e-01 -4.779377e-03 3.804550e-01
    endloop
  endfacet
  facet normal 2.839847e-01 -9.524048e-01 1.108057e-01
    outer loop
      vertex   3.658683e-01 -8.546921e-03 3.792189e-01
      vertex   3.788966e-01 -3.188770e-03 3.918833e-01
      vertex   3.302904e-01 -1.297701e-02 4.323239e-01
    endloop
  endfacet
  facet normal 6.155480e-01 7.597031e-01 2.096472e-01
    outer loop
      vertex   4.626723e-01 1.014811e-01 3.289562e-01
      vertex   4.668181e-01 9.245622e-02 3.494875e-01
      vertex   5.194511e-01 5.620873e-02 3.263018e-01
    endloop
  endfacet
  facet normal 4.934501e-01 8.569825e-01 1.486204e-01
    outer loop
      vertex   4.626723e-01 1.014811e-01 3.289562e-01
      vertex   5.430202e-01 6.299255e-02 2.841196e-01
      vertex   5.203760e-01 7.630346e-02 2.825488e-01
    endloop
  endfacet
  facet normal 1.208807e-01 8.798559e-01 -4.596101e-01
    outer loop
      vertex   4.752570e-01 7.694563e-02 2.637365e-01
      vertex   4.592020e-01 9.317355e-02 2.905798e-01
      vertex   5.647846e-01 4.025299e-02 2.170402e-01
    endloop
  endfacet
  facet normal -5.386448e-01 -5.501512e-01 -6.381186e-01
    outer loop
      vertex   5.565193e-01 -1.324077e-02 2.027807e-01
      vertex   5.247240e-01 -9.361672e-03 2.262752e-01
      vertex   4.777710e-01 2.009868e-02 2.405098e-01
    endloop
  endfacet
  facet normal -7.922592e-01 -3.054058e-01 -5.282544e-01
    outer loop
      vertex   5.684207e-01 -3.633558e-02 1.982834e-01
      vertex   5.573502e-01 -4.014867e-02 2.170911e-01
      vertex   5.565193e-01 -1.324077e-02 2.027807e-01
    endloop
  endfacet
  facet normal -5.904995e-01 -8.025949e-01 8.456751e-02
    outer loop
      vertex   5.813977e-01 -6.182239e-02 1.793088e-01
      vertex   6.035204e-01 -7.798891e-02 1.803525e-01
      vertex   5.573502e-01 -4.014867e-02 2.170911e-01
    endloop
  endfacet
  facet normal 5.946001e-01 8.307222e-02 -7.997185e-01
    outer loop
      vertex   5.990987e-01 -1.134770e-01 5.589772e-02
      vertex   6.054651e-01 -9.787963e-02 6.225142e-02
      vertex   6.087233e-01 -1.115030e-01 6.325880e-02
    endloop
  endfacet
  facet normal 1.746023e-01 3.095011e-01 -9.347316e-01
    outer loop
      vertex   5.990987e-01 -1.134770e-01 5.589772e-02
      vertex   5.906703e-01 -1.042407e-01 5.738161e-02
      vertex   6.054651e-01 -9.787963e-02 6.225142e-02
    endloop
  endfacet
  facet normal 1.305987e-01 3.930583e-01 -9.101918e-01
    outer loop
      vertex   5.951574e-01 -8.971348e-02 6.429890e-02
      vertex   6.054651e-01 -9.787963e-02 6.225142e-02
      vertex   5.906703e-01 -1.042407e-01 5.738161e-02
    endloop
  endfacet
  facet normal -7.357530e-01 -6.765026e-01 3.180835e-02
    outer loop
      vertex   5.990987e-01 -1.134770e-01 5.589772e-02
      vertex   5.992227e-01 -1.122284e-01 8.532509e-02
      vertex   5.906703e-01 -1.042407e-01 5.738161e-02
    endloop
  endfacet
  facet normal -5.856296e-01 -8.089099e-01 -5.198711e-02
    outer loop
      vertex   5.992227e-01 -1.122284e-01 8.532509e-02
      vertex   5.857891e-01 -1.020199e-01 7.781178e-02
      vertex   5.906703e-01 -1.042407e-01 5.738161e-02
    endloop
  endfacet
  facet normal 1.705212e-01 -9.844983e-01 4.105606e-02
    outer loop
      vertex   5.990987e-01 -1.134770e-01 5.589772e-02
      vertex   6.087233e-01 -1.115030e-01 6.325880e-02
      vertex   5.992227e-01 -1.122284e-01 8.532509e-02
    endloop
  endfacet
  facet normal 6.406369e-01 -7.253203e-01 2.519818e-01
    outer loop
      vertex   6.142473e-01 -9.905661e-02 8.504103e-02
      vertex   5.992227e-01 -1.122284e-01 8.532509e-02
      vertex   6.087233e-01 -1.115030e-01 6.325880e-02
    endloop
  endfacet
  facet normal 9.186579e-01 1.942749e-01 -3.439839e-01
    outer loop
      vertex   6.142473e-01 -9.905661e-02 8.504103e-02
      vertex   6.087233e-01 -1.115030e-01 6.325880e-02
      vertex   6.054651e-01 -9.787963e-02 6.225142e-02
    endloop
  endfacet
  facet normal 4.977183e-01 7.411864e-01 -4.504655e-01
    outer loop
      vertex   6.011295e-01 -8.150011e-02 8.441164e-02
      vertex   6.054651e-01 -9.787963e-02 6.225142e-02
      vertex   5.951574e-01 -8.971348e-02 6.429890e-02
    endloop
  endfacet
  facet normal -7.698423e-01 4.522295e-01 -4.503680e-01
    outer loop
      vertex   5.906703e-01 -1.042407e-01 5.738161e-02
      vertex   5.863116e-01 -8.493610e-02 8.421675e-02
      vertex   5.951574e-01 -8.971348e-02 6.429890e-02
    endloop
  endfacet
  facet normal -6.002251e-01 -7.997188e-01 -1.340251e-02
    outer loop
      vertex   5.849247e-01 -1.019042e-01 1.096230e-01
      vertex   5.857891e-01 -1.020199e-01 7.781178e-02
      vertex   5.992227e-01 -1.122284e-01 8.532509e-02
    endloop
  endfacet
  facet normal -1.823164e-01 8.172610e-01 -5.466674e-01
    outer loop
      vertex   5.863116e-01 -8.493610e-02 8.421675e-02
      vertex   5.871527e-01 -6.331727e-02 1.162561e-01
      vertex   6.011295e-01 -8.150011e-02 8.441164e-02
    endloop
  endfacet
  facet normal -9.861060e-01 -1.640384e-01 -2.619838e-02
    outer loop
      vertex   5.857891e-01 -1.020199e-01 7.781178e-02
      vertex   5.849247e-01 -1.019042e-01 1.096230e-01
      vertex   5.773103e-01 -6.173142e-02 1.446923e-01
    endloop
  endfacet
  facet normal 3.067120e-01 -9.072011e-01 2.879478e-01
    outer loop
      vertex   6.099343e-01 -9.830115e-02 1.177942e-01
      vertex   5.958487e-01 -9.363109e-02 1.475111e-01
      vertex   5.992227e-01 -1.122284e-01 8.532509e-02
    endloop
  endfacet
  facet normal 9.981970e-01 -5.944081e-02 -8.336957e-03
    outer loop
      vertex   6.115034e-01 -7.234389e-02 1.205940e-01
      vertex   6.099343e-01 -9.830115e-02 1.177942e-01
      vertex   6.107328e-01 -8.345611e-02 1.075604e-01
    endloop
  endfacet
  facet normal 3.791599e-01 8.653632e-01 -3.276955e-01
    outer loop
      vertex   5.871527e-01 -6.331727e-02 1.162561e-01
      vertex   6.115034e-01 -7.234389e-02 1.205940e-01
      vertex   6.011295e-01 -8.150011e-02 8.441164e-02
    endloop
  endfacet
  facet normal 8.802389e-01 3.341498e-01 -3.369322e-01
    outer loop
      vertex   6.011295e-01 -8.150011e-02 8.441164e-02
      vertex   6.115034e-01 -7.234389e-02 1.205940e-01
      vertex   6.107328e-01 -8.345611e-02 1.075604e-01
    endloop
  endfacet
  facet normal -8.148534e-01 4.902039e-01 -3.093769e-01
    outer loop
      vertex   5.773103e-01 -6.173142e-02 1.446923e-01
      vertex   5.871527e-01 -6.331727e-02 1.162561e-01
      vertex   5.863116e-01 -8.493610e-02 8.421675e-02
    endloop
  endfacet
  facet normal 9.096189e-01 -1.018844e-02 -4.153188e-01
    outer loop
      vertex   6.115034e-01 -7.234389e-02 1.205940e-01
      vertex   6.244085e-01 -9.083715e-02 1.493120e-01
      vertex   6.099343e-01 -9.830115e-02 1.177942e-01
    endloop
  endfacet
  facet normal -5.091607e-01 -5.276021e-01 -6.799936e-01
    outer loop
      vertex   6.341099e-01 -7.198424e-02 1.215749e-01
      vertex   6.343046e-01 -7.098155e-02 1.206511e-01
      vertex   6.676053e-01 -7.719320e-02 1.005361e-01
    endloop
  endfacet
  facet normal -2.099948e-01 1.840034e-01 -9.602317e-01
    outer loop
      vertex   6.115034e-01 -7.234389e-02 1.205940e-01
      vertex   6.069517e-01 -4.124340e-02 1.275490e-01
      vertex   6.168148e-01 -5.996026e-02 1.218054e-01
    endloop
  endfacet
  facet normal 2.578459e-01 2.466467e-01 -9.341739e-01
    outer loop
      vertex   5.871527e-01 -6.331727e-02 1.162561e-01
      vertex   6.069517e-01 -4.124340e-02 1.275490e-01
      vertex   6.115034e-01 -7.234389e-02 1.205940e-01
    endloop
  endfacet
  facet normal -6.823120e-01 -6.481060e-01 3.382438e-01
    outer loop
      vertex   5.813977e-01 -6.182239e-02 1.793088e-01
      vertex   5.849247e-01 -1.019042e-01 1.096230e-01
      vertex   5.958487e-01 -9.363109e-02 1.475111e-01
    endloop
  endfacet
  facet normal -3.299809e-01 3.840305e-01 -8.623417e-01
    outer loop
      vertex   4.993235e-01 4.139680e-02 2.323820e-01
      vertex   4.992747e-01 4.331813e-02 2.332563e-01
      vertex   5.688851e-01 2.015712e-02 1.963050e-01
    endloop
  endfacet
  facet normal 6.482476e-01 8.093819e-02 7.571156e-01
    outer loop
      vertex   4.628656e-01 2.485255e-02 3.803589e-01
      vertex   5.230772e-01 2.162007e-02 3.291509e-01
      vertex   4.723602e-01 6.160317e-02 3.683008e-01
    endloop
  endfacet
  facet normal 2.599993e-01 -5.115552e-01 8.189699e-01
    outer loop
      vertex   4.426677e-01 1.374947e-02 3.798358e-01
      vertex   4.628656e-01 2.485255e-02 3.803589e-01
      vertex   4.163719e-01 4.920629e-02 4.103314e-01
    endloop
  endfacet
  facet normal 2.802951e-01 -7.685066e-01 5.751801e-01
    outer loop
      vertex   4.426677e-01 1.374947e-02 3.798358e-01
      vertex   3.887212e-01 1.666080e-02 4.100147e-01
      vertex   4.685449e-01 -1.164857e-03 3.472981e-01
    endloop
  endfacet
  facet normal -1.617443e-01 -9.840667e-01 7.383391e-02
    outer loop
      vertex   3.887212e-01 1.666080e-02 4.100147e-01
      vertex   4.128864e-01 8.797270e-03 3.581462e-01
      vertex   4.685449e-01 -1.164857e-03 3.472981e-01
    endloop
  endfacet
  facet normal 6.279627e-01 -6.709705e-01 3.942860e-01
    outer loop
      vertex   3.887212e-01 1.666080e-02 4.100147e-01
      vertex   3.788966e-01 -3.188770e-03 3.918833e-01
      vertex   4.128864e-01 8.797270e-03 3.581462e-01
    endloop
  endfacet
  facet normal 1.154987e-01 -9.445990e-01 -3.072341e-01
    outer loop
      vertex   3.658683e-01 -8.546921e-03 3.792189e-01
      vertex   3.366373e-01 -9.479793e-03 3.710983e-01
      vertex   3.742582e-01 1.567090e-03 3.512772e-01
    endloop
  endfacet
  facet normal -6.118973e-01 -2.992314e-01 -7.321491e-01
    outer loop
      vertex   3.107086e-01 1.749379e-02 3.588704e-01
      vertex   2.378326e-01 1.516769e-02 4.207276e-01
      vertex   2.717083e-01 5.289503e-02 3.769965e-01
    endloop
  endfacet
  facet normal -2.878332e-01 5.258131e-01 -8.004202e-01
    outer loop
      vertex   2.658414e-01 1.186870e-01 3.983862e-01
      vertex   2.722248e-01 9.883148e-02 3.830473e-01
      vertex   2.266314e-01 1.201507e-01 4.134478e-01
    endloop
  endfacet
  facet normal 2.348422e-01 9.716958e-01 2.562106e-02
    outer loop
      vertex   2.496597e-01 1.335008e-01 4.289133e-01
      vertex   2.357997e-01 1.351364e-01 4.939227e-01
      vertex   2.835015e-01 1.244350e-01 4.625470e-01
    endloop
  endfacet
  facet normal -1.861886e-01 1.766014e-01 -9.665122e-01
    outer loop
      vertex   2.002233e-01 6.124967e-02 4.107722e-01
      vertex   2.054460e-01 1.036270e-01 4.175093e-01
      vertex   2.264936e-01 6.999465e-02 4.073094e-01
    endloop
  endfacet
  facet normal 1.978997e-02 -9.973547e-01 -6.994227e-02
    outer loop
      vertex   3.302904e-01 -1.297701e-02 4.323239e-01
      vertex   2.704432e-01 -1.433424e-02 4.347441e-01
      vertex   3.658683e-01 -8.546921e-03 3.792189e-01
    endloop
  endfacet
  facet normal 2.313277e-01 9.463159e-01 -2.257736e-01
    outer loop
      vertex   5.203760e-01 7.630346e-02 2.825488e-01
      vertex   4.592020e-01 9.317355e-02 2.905798e-01
      vertex   4.626723e-01 1.014811e-01 3.289562e-01
    endloop
  endfacet
  facet normal -5.761808e-01 -3.975751e-01 -7.141077e-01
    outer loop
      vertex   5.247240e-01 -9.361672e-03 2.262752e-01
      vertex   5.565193e-01 -1.324077e-02 2.027807e-01
      vertex   5.573502e-01 -4.014867e-02 2.170911e-01
    endloop
  endfacet
  facet normal -5.845265e-01 -8.057550e-01 9.532875e-02
    outer loop
      vertex   5.573502e-01 -4.014867e-02 2.170911e-01
      vertex   6.035204e-01 -7.798891e-02 1.803525e-01
      vertex   5.537755e-01 -3.318108e-02 2.540648e-01
    endloop
  endfacet
  facet normal -5.374706e-01 -7.056835e-01 4.616667e-01
    outer loop
      vertex   5.813977e-01 -6.182239e-02 1.793088e-01
      vertex   5.958487e-01 -9.363109e-02 1.475111e-01
      vertex   6.035204e-01 -7.798891e-02 1.803525e-01
    endloop
  endfacet
  facet normal 8.345481e-02 -9.776058e-01 1.931896e-01
    outer loop
      vertex   6.099343e-01 -9.830115e-02 1.177942e-01
      vertex   6.244085e-01 -9.083715e-02 1.493120e-01
      vertex   5.958487e-01 -9.363109e-02 1.475111e-01
    endloop
  endfacet
  facet normal 3.876377e-01 -7.690808e-01 5.081848e-01
    outer loop
      vertex   6.121762e-01 -6.624275e-02 2.021824e-01
      vertex   6.518144e-01 -7.982297e-02 1.513947e-01
      vertex   6.339709e-01 -5.792184e-02 1.981504e-01
    endloop
  endfacet
  facet normal 8.451857e-01 -7.965161e-02 5.285042e-01
    outer loop
      vertex   6.521654e-01 -3.731124e-02 1.817529e-01
      vertex   6.712797e-01 -6.579542e-02 1.468924e-01
      vertex   6.864849e-01 -5.358294e-02 1.244168e-01
    endloop
  endfacet
  facet normal 8.575004e-01 -3.046848e-01 4.145602e-01
    outer loop
      vertex   6.864849e-01 -5.358294e-02 1.244168e-01
      vertex   6.712797e-01 -6.579542e-02 1.468924e-01
      vertex   6.926169e-01 -7.033959e-02 9.941762e-02
    endloop
  endfacet
  facet normal 9.790918e-01 1.441226e-01 1.435544e-01
    outer loop
      vertex   6.926169e-01 -7.033959e-02 9.941762e-02
      vertex   6.941774e-01 -5.919587e-02 7.758632e-02
      vertex   6.864849e-01 -5.358294e-02 1.244168e-01
    endloop
  endfacet
  facet normal 5.753436e-01 -8.109421e-01 1.065485e-01
    outer loop
      vertex   6.977770e-01 -7.842022e-02 1.166908e-02
      vertex   6.967646e-01 -7.328853e-02 5.619325e-02
      vertex   6.899814e-01 -8.046343e-02 3.821309e-02
    endloop
  endfacet
  facet normal 4.175777e-01 -8.871449e-01 1.964757e-01
    outer loop
      vertex   6.899814e-01 -8.046343e-02 3.821309e-02
      vertex   6.967646e-01 -7.328853e-02 5.619325e-02
      vertex   6.676053e-01 -7.719320e-02 1.005361e-01
    endloop
  endfacet
  facet normal -8.370499e-01 -4.725657e-01 -2.757339e-01
    outer loop
      vertex   6.899814e-01 -8.046343e-02 3.821309e-02
      vertex   6.676053e-01 -7.719320e-02 1.005361e-01
      vertex   6.751033e-01 -6.855003e-02 6.296107e-02
    endloop
  endfacet
  facet normal -8.248438e-01 -4.923717e-01 -2.778540e-01
    outer loop
      vertex   6.676053e-01 -7.719320e-02 1.005361e-01
      vertex   6.533926e-01 -4.674814e-02 8.877785e-02
      vertex   6.751033e-01 -6.855003e-02 6.296107e-02
    endloop
  endfacet
  facet normal -8.938186e-02 7.226380e-01 -6.854234e-01
    outer loop
      vertex   6.533926e-01 -4.674814e-02 8.877785e-02
      vertex   6.753363e-01 -4.964710e-02 8.285994e-02
      vertex   6.751033e-01 -6.855003e-02 6.296107e-02
    endloop
  endfacet
  facet normal -8.739343e-01 -4.073421e-01 -2.651628e-01
    outer loop
      vertex   6.845192e-01 -7.213180e-02 1.307327e-03
      vertex   6.883407e-01 -8.265911e-02 4.884171e-03
      vertex   6.808332e-01 -7.806968e-02 2.257765e-02
    endloop
  endfacet
  facet normal -9.844106e-01 -1.626082e-02 -1.751326e-01
    outer loop
      vertex   6.845192e-01 -7.213180e-02 1.307327e-03
      vertex   6.808332e-01 -7.806968e-02 2.257765e-02
      vertex   6.800835e-01 -6.729916e-02 2.579128e-02
    endloop
  endfacet
  facet normal -5.179004e-01 8.165511e-01 -2.549970e-01
    outer loop
      vertex   6.800835e-01 -6.729916e-02 2.579128e-02
      vertex   6.879935e-01 -6.119682e-02 2.926698e-02
      vertex   6.845192e-01 -7.213180e-02 1.307327e-03
    endloop
  endfacet
  facet normal -3.770808e-01 -9.227746e-01 7.935414e-02
    outer loop
      vertex   6.883407e-01 -8.265911e-02 4.884171e-03
      vertex   6.899814e-01 -8.046343e-02 3.821309e-02
      vertex   6.808332e-01 -7.806968e-02 2.257765e-02
    endloop
  endfacet
  facet normal 9.948147e-01 4.207916e-02 9.259060e-02
    outer loop
      vertex   6.926169e-01 -7.033959e-02 9.941762e-02
      vertex   6.967646e-01 -7.328853e-02 5.619325e-02
      vertex   6.941774e-01 -5.919587e-02 7.758632e-02
    endloop
  endfacet
  facet normal 2.669631e-01 -9.593940e-01 9.107114e-02
    outer loop
      vertex   6.676053e-01 -7.719320e-02 1.005361e-01
      vertex   6.967646e-01 -7.328853e-02 5.619325e-02
      vertex   6.926169e-01 -7.033959e-02 9.941762e-02
    endloop
  endfacet
  facet normal 1.739199e-01 3.715108e-01 -9.119932e-01
    outer loop
      vertex   6.343046e-01 -7.098155e-02 1.206511e-01
      vertex   6.168148e-01 -5.996026e-02 1.218054e-01
      vertex   6.069517e-01 -4.124340e-02 1.275490e-01
    endloop
  endfacet
  facet normal 1.622359e-01 9.068162e-01 -3.890552e-01
    outer loop
      vertex   5.986568e-01 3.561326e-02 2.203505e-01
      vertex   5.647846e-01 4.025299e-02 2.170402e-01
      vertex   5.203760e-01 7.630346e-02 2.825488e-01
    endloop
  endfacet
  facet normal 5.020867e-01 8.621482e-01 6.789214e-02
    outer loop
      vertex   5.203760e-01 7.630346e-02 2.825488e-01
      vertex   5.430202e-01 6.299255e-02 2.841196e-01
      vertex   5.986568e-01 3.561326e-02 2.203505e-01
    endloop
  endfacet
  facet normal 3.552901e-01 -6.766981e-01 6.448632e-01
    outer loop
      vertex   4.426677e-01 1.374947e-02 3.798358e-01
      vertex   5.068674e-01 5.127072e-03 3.354166e-01
      vertex   4.628656e-01 2.485255e-02 3.803589e-01
    endloop
  endfacet
  facet normal 3.050298e-01 -7.503085e-01 5.865100e-01
    outer loop
      vertex   4.426677e-01 1.374947e-02 3.798358e-01
      vertex   4.685449e-01 -1.164857e-03 3.472981e-01
      vertex   5.068674e-01 5.127072e-03 3.354166e-01
    endloop
  endfacet
  facet normal -1.922437e-01 -9.259550e-01 -3.250380e-01
    outer loop
      vertex   4.022022e-01 1.412240e-02 2.989827e-01
      vertex   3.742582e-01 1.567090e-03 3.512772e-01
      vertex   3.432662e-01 8.719010e-03 3.492333e-01
    endloop
  endfacet
  facet normal -2.700251e-02 6.056758e-01 -7.952532e-01
    outer loop
      vertex   2.658414e-01 1.186870e-01 3.983862e-01
      vertex   3.132105e-01 9.611560e-02 3.795872e-01
      vertex   2.722248e-01 9.883148e-02 3.830473e-01
    endloop
  endfacet
  facet normal 2.688114e-01 9.631315e-01 -1.086672e-02
    outer loop
      vertex   2.835015e-01 1.244350e-01 4.625470e-01
      vertex   2.850753e-01 1.234611e-01 4.151642e-01
      vertex   2.496597e-01 1.335008e-01 4.289133e-01
    endloop
  endfacet
  facet normal 2.479376e-01 8.994252e-01 -3.599462e-01
    outer loop
      vertex   2.001142e-01 1.319295e-01 4.445338e-01
      vertex   1.780943e-01 1.279934e-01 4.195306e-01
      vertex   1.552555e-01 1.527575e-01 4.656789e-01
    endloop
  endfacet
  facet normal 2.468641e-01 8.994931e-01 -3.605139e-01
    outer loop
      vertex   1.199342e-01 1.386147e-01 4.062058e-01
      vertex   1.552555e-01 1.527575e-01 4.656789e-01
      vertex   1.780943e-01 1.279934e-01 4.195306e-01
    endloop
  endfacet
  facet normal -1.180520e-01 7.549415e-01 -6.450792e-01
    outer loop
      vertex   4.289038e-02 9.304508e-02 3.457760e-01
      vertex   6.377571e-02 1.283542e-01 3.832765e-01
      vertex   8.473543e-02 9.857557e-02 3.445906e-01
    endloop
  endfacet
  facet normal -2.625019e-02 7.852257e-01 -6.186530e-01
    outer loop
      vertex   8.473543e-02 9.857557e-02 3.445906e-01
      vertex   6.377571e-02 1.283542e-01 3.832765e-01
      vertex   1.211885e-01 1.194537e-01 3.695434e-01
    endloop
  endfacet
  facet normal 2.682048e-02 8.863165e-01 -4.623027e-01
    outer loop
      vertex   1.199342e-01 1.386147e-01 4.062058e-01
      vertex   1.211885e-01 1.194537e-01 3.695434e-01
      vertex   6.377571e-02 1.283542e-01 3.832765e-01
    endloop
  endfacet
  facet normal 1.552484e-01 -7.299514e-01 -6.656342e-01
    outer loop
      vertex   2.002233e-01 6.124967e-02 4.107722e-01
      vertex   2.264936e-01 6.999465e-02 4.073094e-01
      vertex   2.069101e-01 3.990788e-02 4.357358e-01
    endloop
  endfacet
  facet normal -3.394661e-01 -8.702058e-01 -3.570779e-01
    outer loop
      vertex   2.704432e-01 -1.433424e-02 4.347441e-01
      vertex   2.626707e-01 -1.957704e-03 4.119714e-01
      vertex   3.030554e-01 -4.779377e-03 3.804550e-01
    endloop
  endfacet
  facet normal 4.672734e-01 -8.043731e-01 3.669326e-01
    outer loop
      vertex   3.788966e-01 -3.188770e-03 3.918833e-01
      vertex   3.228562e-01 -4.001028e-03 4.614678e-01
      vertex   3.302904e-01 -1.297701e-02 4.323239e-01
    endloop
  endfacet
  facet normal 5.037689e-01 3.705129e-01 7.803442e-01
    outer loop
      vertex   4.163719e-01 4.920629e-02 4.103314e-01
      vertex   4.723602e-01 6.160317e-02 3.683008e-01
      vertex   3.988034e-01 1.079258e-01 3.937927e-01
    endloop
  endfacet
  facet normal 5.488337e-01 5.048537e-01 6.662614e-01
    outer loop
      vertex   4.723602e-01 6.160317e-02 3.683008e-01
      vertex   4.668181e-01 9.245622e-02 3.494875e-01
      vertex   3.988034e-01 1.079258e-01 3.937927e-01
    endloop
  endfacet
  facet normal -5.665646e-02 -8.696514e-01 4.904043e-01
    outer loop
      vertex   6.121762e-01 -6.624275e-02 2.021824e-01
      vertex   5.537755e-01 -3.318108e-02 2.540648e-01
      vertex   6.035204e-01 -7.798891e-02 1.803525e-01
    endloop
  endfacet
  facet normal 8.617115e-01 2.041404e-01 4.645213e-01
    outer loop
      vertex   6.822774e-01 -1.831238e-02 1.175443e-01
      vertex   6.352932e-01 -1.707065e-03 1.974050e-01
      vertex   6.521654e-01 -3.731124e-02 1.817529e-01
    endloop
  endfacet
  facet normal 6.604221e-01 6.616031e-01 3.551395e-01
    outer loop
      vertex   6.659940e-01 3.263592e-03 1.430026e-01
      vertex   6.653504e-01 2.228804e-02 1.087581e-01
      vertex   6.383957e-01 2.876688e-02 1.468137e-01
    endloop
  endfacet
  facet normal 8.660629e-01 6.944561e-02 4.950882e-01
    outer loop
      vertex   6.822774e-01 -1.831238e-02 1.175443e-01
      vertex   6.659940e-01 3.263592e-03 1.430026e-01
      vertex   6.352932e-01 -1.707065e-03 1.974050e-01
    endloop
  endfacet
  facet normal 3.694327e-01 -6.421882e-01 6.716500e-01
    outer loop
      vertex   5.817421e-01 -3.093676e-02 2.526796e-01
      vertex   6.121762e-01 -6.624275e-02 2.021824e-01
      vertex   6.339709e-01 -5.792184e-02 1.981504e-01
    endloop
  endfacet
  facet normal 9.338947e-02 -7.886627e-01 6.076920e-01
    outer loop
      vertex   5.537755e-01 -3.318108e-02 2.540648e-01
      vertex   6.121762e-01 -6.624275e-02 2.021824e-01
      vertex   5.817421e-01 -3.093676e-02 2.526796e-01
    endloop
  endfacet
  facet normal -1.679449e-01 -9.715733e-01 1.668529e-01
    outer loop
      vertex   5.573502e-01 -4.014867e-02 2.170911e-01
      vertex   5.537755e-01 -3.318108e-02 2.540648e-01
      vertex   5.100887e-01 -1.993031e-02 2.872504e-01
    endloop
  endfacet
  facet normal -6.708153e-01 -5.689945e-01 -4.756597e-01
    outer loop
      vertex   5.573502e-01 -4.014867e-02 2.170911e-01
      vertex   4.803549e-01 -7.722004e-03 2.868869e-01
      vertex   5.247240e-01 -9.361672e-03 2.262752e-01
    endloop
  endfacet
  facet normal -1.827908e-01 5.853932e-01 -7.898749e-01
    outer loop
      vertex   4.306176e-01 7.186003e-02 2.702977e-01
      vertex   4.752570e-01 7.694563e-02 2.637365e-01
      vertex   4.992747e-01 4.331813e-02 2.332563e-01
    endloop
  endfacet
  facet normal -1.400402e-01 8.080351e-01 -5.722482e-01
    outer loop
      vertex   4.752570e-01 7.694563e-02 2.637365e-01
      vertex   4.078128e-01 9.276351e-02 3.025768e-01
      vertex   4.592020e-01 9.317355e-02 2.905798e-01
    endloop
  endfacet
  facet normal 1.289904e-01 9.667205e-01 -2.209364e-01
    outer loop
      vertex   4.592020e-01 9.317355e-02 2.905798e-01
      vertex   4.061145e-01 1.113892e-01 3.392892e-01
      vertex   4.626723e-01 1.014811e-01 3.289562e-01
    endloop
  endfacet
  facet normal 1.343211e-01 9.713256e-01 -1.961745e-01
    outer loop
      vertex   4.626723e-01 1.014811e-01 3.289562e-01
      vertex   4.061145e-01 1.113892e-01 3.392892e-01
      vertex   4.028401e-01 1.180508e-01 3.700310e-01
    endloop
  endfacet
  facet normal 4.339317e-01 8.537837e-01 2.876745e-01
    outer loop
      vertex   4.668181e-01 9.245622e-02 3.494875e-01
      vertex   4.626723e-01 1.014811e-01 3.289562e-01
      vertex   4.028401e-01 1.180508e-01 3.700310e-01
    endloop
  endfacet
  facet normal 4.495539e-01 7.916738e-01 4.137075e-01
    outer loop
      vertex   4.028401e-01 1.180508e-01 3.700310e-01
      vertex   3.988034e-01 1.079258e-01 3.937927e-01
      vertex   4.668181e-01 9.245622e-02 3.494875e-01
    endloop
  endfacet
  facet normal 2.304280e-02 -9.996923e-01 9.183664e-03
    outer loop
      vertex   2.704432e-01 -1.433424e-02 4.347441e-01
      vertex   3.302904e-01 -1.297701e-02 4.323239e-01
      vertex   2.573919e-01 -1.411704e-02 4.911353e-01
    endloop
  endfacet
  facet normal 4.101617e-01 6.986022e-01 -5.862783e-01
    outer loop
      vertex   1.326557e-01 8.872309e-02 3.409476e-01
      vertex   1.211885e-01 1.194537e-01 3.695434e-01
      vertex   1.780943e-01 1.279934e-01 4.195306e-01
    endloop
  endfacet
  facet normal 8.896372e-02 6.961091e-01 -7.124027e-01
    outer loop
      vertex   1.211885e-01 1.194537e-01 3.695434e-01
      vertex   1.326557e-01 8.872309e-02 3.409476e-01
      vertex   8.473543e-02 9.857557e-02 3.445906e-01
    endloop
  endfacet
  facet normal 7.857149e-01 -3.502362e-01 -5.098890e-01
    outer loop
      vertex   2.002233e-01 6.124967e-02 4.107722e-01
      vertex   2.069101e-01 3.990788e-02 4.357358e-01
      vertex   1.795289e-01 2.961382e-02 4.006134e-01
    endloop
  endfacet
  facet normal -6.745149e-01 -5.335070e-01 -5.102940e-01
    outer loop
      vertex   2.069101e-01 3.990788e-02 4.357358e-01
      vertex   2.378326e-01 1.516769e-02 4.207276e-01
      vertex   2.080329e-01 -5.609110e-03 4.818392e-01
    endloop
  endfacet
  facet normal 2.956822e-01 -8.891466e-01 3.492712e-01
    outer loop
      vertex   2.573919e-01 -1.411704e-02 4.911353e-01
      vertex   3.302904e-01 -1.297701e-02 4.323239e-01
      vertex   3.228562e-01 -4.001028e-03 4.614678e-01
    endloop
  endfacet
  facet normal 7.570638e-01 2.124731e-01 6.178265e-01
    outer loop
      vertex   3.526085e-01 7.746716e-02 4.520624e-01
      vertex   3.590029e-01 3.963961e-02 4.572360e-01
      vertex   3.733094e-01 8.959193e-02 4.225264e-01
    endloop
  endfacet
  facet normal -2.482651e-01 8.591911e-01 -4.473870e-01
    outer loop
      vertex   4.078128e-01 9.276351e-02 3.025768e-01
      vertex   3.537949e-01 1.045493e-01 3.551867e-01
      vertex   4.061145e-01 1.113892e-01 3.392892e-01
    endloop
  endfacet
  facet normal -4.378540e-01 5.813377e-01 -6.858063e-01
    outer loop
      vertex   4.306176e-01 7.186003e-02 2.702977e-01
      vertex   3.954884e-01 6.404267e-02 2.860995e-01
      vertex   4.078128e-01 9.276351e-02 3.025768e-01
    endloop
  endfacet
  facet normal -4.390681e-01 1.037383e-01 -8.924447e-01
    outer loop
      vertex   4.777710e-01 2.009868e-02 2.405098e-01
      vertex   3.954884e-01 6.404267e-02 2.860995e-01
      vertex   4.993235e-01 4.139680e-02 2.323820e-01
    endloop
  endfacet
  facet normal -3.799078e-01 -9.249632e-01 1.063612e-02
    outer loop
      vertex   5.573502e-01 -4.014867e-02 2.170911e-01
      vertex   5.100887e-01 -1.993031e-02 2.872504e-01
      vertex   4.803549e-01 -7.722004e-03 2.868869e-01
    endloop
  endfacet
  facet normal 4.153495e-01 -8.302513e-01 -3.717090e-01
    outer loop
      vertex   6.388330e-01 1.293666e-02 5.090419e-02
      vertex   6.593532e-01 8.511424e-03 8.371779e-02
      vertex   6.476020e-01 2.434672e-03 8.416005e-02
    endloop
  endfacet
  facet normal -1.291572e-01 9.915662e-01 -1.071401e-02
    outer loop
      vertex   6.361310e-01 2.738445e-02 3.717805e-02
      vertex   6.524848e-01 2.982455e-02 6.586195e-02
      vertex   6.420241e-01 2.795996e-02 1.939967e-02
    endloop
  endfacet
  facet normal 9.074944e-01 -2.607000e-01 -3.293775e-01
    outer loop
      vertex   6.661564e-01 1.465905e-02 8.885695e-02
      vertex   6.459566e-01 1.230407e-02 3.506673e-02
      vertex   6.574174e-01 2.326638e-02 5.796675e-02
    endloop
  endfacet
  facet normal -9.675259e-01 5.371796e-02 2.469980e-01
    outer loop
      vertex   6.301781e-01 1.703697e-02 1.611018e-02
      vertex   6.388330e-01 1.293666e-02 5.090419e-02
      vertex   6.361310e-01 2.738445e-02 3.717805e-02
    endloop
  endfacet
  facet normal -5.169275e-01 -6.234565e-01 -5.865901e-01
    outer loop
      vertex   6.346746e-01 2.310202e-02 5.701492e-03
      vertex   6.397045e-01 1.625947e-02 8.541519e-03
      vertex   6.301781e-01 1.703697e-02 1.611018e-02
    endloop
  endfacet
  facet normal 7.542136e-01 3.762982e-01 -5.381092e-01
    outer loop
      vertex   6.491950e-01 2.023958e-02 2.405165e-02
      vertex   6.346746e-01 2.310202e-02 5.701492e-03
      vertex   6.420241e-01 2.795996e-02 1.939967e-02
    endloop
  endfacet
  facet normal 7.641665e-01 3.322696e-01 -5.528530e-01
    outer loop
      vertex   6.346746e-01 2.310202e-02 5.701492e-03
      vertex   6.491950e-01 2.023958e-02 2.405165e-02
      vertex   6.397045e-01 1.625947e-02 8.541519e-03
    endloop
  endfacet
  facet normal -9.887692e-01 -1.426880e-01 4.444755e-02
    outer loop
      vertex   6.388330e-01 1.293666e-02 5.090419e-02
      vertex   6.385413e-01 2.364352e-02 7.878719e-02
      vertex   6.361310e-01 2.738445e-02 3.717805e-02
    endloop
  endfacet
  facet normal -3.215385e-01 9.412504e-01 1.032500e-01
    outer loop
      vertex   6.524848e-01 2.982455e-02 6.586195e-02
      vertex   6.361310e-01 2.738445e-02 3.717805e-02
      vertex   6.385413e-01 2.364352e-02 7.878719e-02
    endloop
  endfacet
  facet normal 2.630665e-01 9.605831e-01 8.986679e-02
    outer loop
      vertex   6.653504e-01 2.228804e-02 1.087581e-01
      vertex   6.524848e-01 2.982455e-02 6.586195e-02
      vertex   6.253874e-01 3.031860e-02 1.399030e-01
    endloop
  endfacet
  facet normal 4.058691e-01 8.587503e-01 -3.127590e-01
    outer loop
      vertex   6.766034e-01 2.529503e-03 6.910970e-02
      vertex   6.661564e-01 1.465905e-02 8.885695e-02
      vertex   6.653504e-01 2.228804e-02 1.087581e-01
    endloop
  endfacet
  facet normal 9.215403e-01 3.816711e-01 7.134910e-02
    outer loop
      vertex   6.653504e-01 2.228804e-02 1.087581e-01
      vertex   6.810297e-01 -9.872910e-03 7.828511e-02
      vertex   6.766034e-01 2.529503e-03 6.910970e-02
    endloop
  endfacet
  facet normal -9.125460e-01 -4.029597e-01 -6.988066e-02
    outer loop
      vertex   6.528039e-01 4.862070e-05 2.999001e-02
      vertex   6.555172e-01 -1.011212e-02 5.314784e-02
      vertex   6.476020e-01 2.434672e-03 8.416005e-02
    endloop
  endfacet
  facet normal -4.602142e-01 8.839076e-01 -8.312733e-02
    outer loop
      vertex   6.528039e-01 4.862070e-05 2.999001e-02
      vertex   6.476020e-01 2.434672e-03 8.416005e-02
      vertex   6.593532e-01 8.511424e-03 8.371779e-02
    endloop
  endfacet
  facet normal 8.902159e-01 -4.153873e-01 -1.870001e-01
    outer loop
      vertex   6.810297e-01 -9.872910e-03 7.828511e-02
      vertex   6.719412e-01 -1.414609e-02 4.451131e-02
      vertex   6.672137e-01 -9.602285e-03 1.191286e-02
    endloop
  endfacet
  facet normal -9.000060e-01 -4.170040e-01 1.268732e-01
    outer loop
      vertex   6.549827e-01 -1.610299e-02 2.966524e-02
      vertex   6.639099e-01 -2.055957e-02 7.834462e-02
      vertex   6.555172e-01 -1.011212e-02 5.314784e-02
    endloop
  endfacet
  facet normal -7.524394e-01 -1.488318e-01 -6.416261e-01
    outer loop
      vertex   6.632986e-01 -3.477645e-02 7.438405e-02
      vertex   6.533926e-01 -4.674814e-02 8.877785e-02
      vertex   6.476020e-01 2.434672e-03 8.416005e-02
    endloop
  endfacet
  facet normal 3.287426e-02 2.669063e-01 -9.631616e-01
    outer loop
      vertex   6.639099e-01 -2.055957e-02 7.834462e-02
      vertex   6.632986e-01 -3.477645e-02 7.438405e-02
      vertex   6.476020e-01 2.434672e-03 8.416005e-02
    endloop
  endfacet
  facet normal -8.119136e-01 -5.830730e-01 2.867314e-02
    outer loop
      vertex   6.639099e-01 -2.055957e-02 7.834462e-02
      vertex   6.476020e-01 2.434672e-03 8.416005e-02
      vertex   6.555172e-01 -1.011212e-02 5.314784e-02
    endloop
  endfacet
  facet normal 9.575357e-01 1.688292e-01 -2.337139e-01
    outer loop
      vertex   6.810297e-01 -9.872910e-03 7.828511e-02
      vertex   6.645941e-01 6.335931e-04 1.853761e-02
      vertex   6.766034e-01 2.529503e-03 6.910970e-02
    endloop
  endfacet
  facet normal 1.737102e-01 9.273921e-01 -3.313136e-01
    outer loop
      vertex   6.645941e-01 6.335931e-04 1.853761e-02
      vertex   6.543340e-01 -7.657547e-03 -1.004991e-02
      vertex   6.475877e-01 -2.798005e-03 1.551819e-05
    endloop
  endfacet
  facet normal 7.795509e-01 4.685283e-01 -4.156700e-01
    outer loop
      vertex   6.543340e-01 -7.657547e-03 -1.004991e-02
      vertex   6.645941e-01 6.335931e-04 1.853761e-02
      vertex   6.672137e-01 -9.602285e-03 1.191286e-02
    endloop
  endfacet
  facet normal -9.213858e-01 -3.844009e-01 5.730778e-02
    outer loop
      vertex   6.526148e-01 -1.540636e-02 -3.732040e-03
      vertex   6.549827e-01 -1.610299e-02 2.966524e-02
      vertex   6.475877e-01 -2.798005e-03 1.551819e-05
    endloop
  endfacet
  facet normal 2.249476e-01 -9.657050e-01 -1.296624e-01
    outer loop
      vertex   6.639099e-01 -2.055957e-02 7.834462e-02
      vertex   6.549827e-01 -1.610299e-02 2.966524e-02
      vertex   6.719412e-01 -1.414609e-02 4.451131e-02
    endloop
  endfacet
  facet normal -9.904871e-01 7.476882e-02 -1.155205e-01
    outer loop
      vertex   6.639099e-01 -2.055957e-02 7.834462e-02
      vertex   6.683324e-01 -3.659322e-02 3.004817e-02
      vertex   6.632986e-01 -3.477645e-02 7.438405e-02
    endloop
  endfacet
  facet normal 9.711632e-01 1.975221e-01 -1.335183e-01
    outer loop
      vertex   6.889195e-01 -2.974978e-02 5.119630e-02
      vertex   6.869137e-01 -4.621762e-02 1.224538e-02
      vertex   6.833654e-01 -3.271031e-02 6.418716e-03
    endloop
  endfacet
  facet normal 2.259674e-01 -9.729221e-01 -4.859379e-02
    outer loop
      vertex   6.795913e-01 -4.649108e-02 -1.632957e-02
      vertex   6.869137e-01 -4.621762e-02 1.224538e-02
      vertex   6.836510e-01 -4.840112e-02 4.079048e-02
    endloop
  endfacet
  facet normal 1.780620e-01 -9.829656e-01 -4.552486e-02
    outer loop
      vertex   6.836510e-01 -4.840112e-02 4.079048e-02
      vertex   6.712460e-01 -4.950609e-02 1.612892e-02
      vertex   6.795913e-01 -4.649108e-02 -1.632957e-02
    endloop
  endfacet
  facet normal -3.143440e-01 -9.343946e-01 -1.676147e-01
    outer loop
      vertex   6.683789e-01 -4.431764e-02 -7.418076e-03
      vertex   6.795913e-01 -4.649108e-02 -1.632957e-02
      vertex   6.712460e-01 -4.950609e-02 1.612892e-02
    endloop
  endfacet
  facet normal -1.961279e-01 9.213382e-01 -3.356633e-01
    outer loop
      vertex   6.683789e-01 -4.431764e-02 -7.418076e-03
      vertex   6.750181e-01 -2.837555e-02 3.246095e-02
      vertex   6.790382e-01 -4.561737e-02 -1.721385e-02
    endloop
  endfacet
  facet normal 2.192320e-01 9.713806e-01 -9.141663e-02
    outer loop
      vertex   6.750181e-01 -2.837555e-02 3.246095e-02
      vertex   6.889195e-01 -2.974978e-02 5.119630e-02
      vertex   6.833654e-01 -3.271031e-02 6.418716e-03
    endloop
  endfacet
  facet normal 9.905797e-01 1.001769e-01 -9.336206e-02
    outer loop
      vertex   6.915793e-01 -3.247409e-02 7.649440e-02
      vertex   6.869137e-01 -4.621762e-02 1.224538e-02
      vertex   6.889195e-01 -2.974978e-02 5.119630e-02
    endloop
  endfacet
  facet normal 8.396210e-01 -5.404185e-01 5.463012e-02
    outer loop
      vertex   6.836510e-01 -4.840112e-02 4.079048e-02
      vertex   6.869137e-01 -4.621762e-02 1.224538e-02
      vertex   6.915793e-01 -3.247409e-02 7.649440e-02
    endloop
  endfacet
  facet normal -7.736804e-01 -6.334514e-01 -1.256324e-02
    outer loop
      vertex   6.632986e-01 -3.477645e-02 7.438405e-02
      vertex   6.728285e-01 -4.605413e-02 5.613692e-02
      vertex   6.753363e-01 -4.964710e-02 8.285994e-02
    endloop
  endfacet
  facet normal -2.781808e-01 -6.356386e-01 -7.201243e-01
    outer loop
      vertex   6.753363e-01 -4.964710e-02 8.285994e-02
      vertex   6.533926e-01 -4.674814e-02 8.877785e-02
      vertex   6.632986e-01 -3.477645e-02 7.438405e-02
    endloop
  endfacet
  facet normal -8.073849e-01 -7.504090e-02 -5.852337e-01
    outer loop
      vertex   6.298242e-01 -3.493068e-02 1.197774e-01
      vertex   6.336805e-01 -9.465575e-04 1.100997e-01
      vertex   6.533926e-01 -4.674814e-02 8.877785e-02
    endloop
  endfacet
  facet normal -8.634455e-01 -1.469663e-01 -4.825585e-01
    outer loop
      vertex   6.476020e-01 2.434672e-03 8.416005e-02
      vertex   6.533926e-01 -4.674814e-02 8.877785e-02
      vertex   6.336805e-01 -9.465575e-04 1.100997e-01
    endloop
  endfacet
  facet normal -7.637187e-01 -4.447948e-01 -4.678582e-01
    outer loop
      vertex   6.385413e-01 2.364352e-02 7.878719e-02
      vertex   6.476020e-01 2.434672e-03 8.416005e-02
      vertex   6.336805e-01 -9.465575e-04 1.100997e-01
    endloop
  endfacet
  facet normal -9.430555e-01 -1.743269e-01 -2.832957e-01
    outer loop
      vertex   6.263139e-01 2.492197e-02 1.187038e-01
      vertex   6.385413e-01 2.364352e-02 7.878719e-02
      vertex   6.336805e-01 -9.465575e-04 1.100997e-01
    endloop
  endfacet
  facet normal -4.315089e-01 1.366346e-01 -8.917012e-01
    outer loop
      vertex   3.954884e-01 6.404267e-02 2.860995e-01
      vertex   4.306176e-01 7.186003e-02 2.702977e-01
      vertex   4.993235e-01 4.139680e-02 2.323820e-01
    endloop
  endfacet
  facet normal -5.093909e-01 5.821580e-01 -6.337294e-01
    outer loop
      vertex   4.078128e-01 9.276351e-02 3.025768e-01
      vertex   3.954884e-01 6.404267e-02 2.860995e-01
      vertex   3.613038e-01 7.261035e-02 3.214475e-01
    endloop
  endfacet
  facet normal -1.307093e-01 9.659598e-01 -2.232413e-01
    outer loop
      vertex   3.398398e-01 1.142371e-01 3.904165e-01
      vertex   4.028401e-01 1.180508e-01 3.700310e-01
      vertex   4.061145e-01 1.113892e-01 3.392892e-01
    endloop
  endfacet
  facet normal -8.541102e-02 9.932771e-01 -7.813834e-02
    outer loop
      vertex   4.028401e-01 1.180508e-01 3.700310e-01
      vertex   3.398398e-01 1.142371e-01 3.904165e-01
      vertex   3.466019e-01 1.168131e-01 4.157701e-01
    endloop
  endfacet
  facet normal 3.203344e-01 8.506435e-01 4.168831e-01
    outer loop
      vertex   4.028401e-01 1.180508e-01 3.700310e-01
      vertex   3.466019e-01 1.168131e-01 4.157701e-01
      vertex   3.988034e-01 1.079258e-01 3.937927e-01
    endloop
  endfacet
  facet normal 5.338095e-01 -6.268611e-01 5.675320e-01
    outer loop
      vertex   2.541490e-01 -1.204197e-02 5.172110e-01
      vertex   3.228562e-01 -4.001028e-03 4.614678e-01
      vertex   2.981253e-01 1.492439e-02 5.056330e-01
    endloop
  endfacet
  facet normal 5.625275e-01 -5.814602e-01 -5.877642e-01
    outer loop
      vertex   2.080329e-01 -5.609110e-03 4.818392e-01
      vertex   1.885981e-01 -5.662342e-03 4.632915e-01
      vertex   2.069101e-01 3.990788e-02 4.357358e-01
    endloop
  endfacet
  facet normal 8.156290e-01 -2.353340e-01 -5.285521e-01
    outer loop
      vertex   1.608630e-01 5.600553e-02 3.523688e-01
      vertex   1.932469e-01 7.143185e-02 3.954732e-01
      vertex   2.002233e-01 6.124967e-02 4.107722e-01
    endloop
  endfacet
  facet normal 3.044943e-02 9.898459e-01 -1.388452e-01
    outer loop
      vertex   -4.612756e-03 6.832229e-02 2.174662e-01
      vertex   9.145743e-03 8.098805e-02 3.107794e-01
      vertex   4.436946e-02 7.565399e-02 2.804769e-01
    endloop
  endfacet
  facet normal 4.128663e-01 8.420144e-01 -3.472076e-01
    outer loop
      vertex   4.436946e-02 7.565399e-02 2.804769e-01
      vertex   9.669929e-02 6.225607e-02 3.102112e-01
      vertex   1.006056e-01 4.867006e-02 2.819088e-01
    endloop
  endfacet
  facet normal 9.018643e-01 -1.205282e-01 -4.148658e-01
    outer loop
      vertex   1.795289e-01 2.961382e-02 4.006134e-01
      vertex   1.628500e-01 1.399703e-02 3.688928e-01
      vertex   1.608630e-01 5.600553e-02 3.523688e-01
    endloop
  endfacet
  facet normal 5.130303e-01 -6.707355e-01 -5.356434e-01
    outer loop
      vertex   1.885981e-01 -5.662342e-03 4.632915e-01
      vertex   2.080329e-01 -5.609110e-03 4.818392e-01
      vertex   1.877017e-01 -3.464353e-02 4.987233e-01
    endloop
  endfacet
  facet normal 9.990858e-02 -9.478551e-01 -3.026369e-01
    outer loop
      vertex   2.541490e-01 -1.204197e-02 5.172110e-01
      vertex   2.017757e-01 -2.386058e-02 5.369369e-01
      vertex   2.080329e-01 -5.609110e-03 4.818392e-01
    endloop
  endfacet
  facet normal -6.022103e-01 -3.365677e-01 7.239233e-01
    outer loop
      vertex   2.080329e-01 -5.609110e-03 4.818392e-01
      vertex   2.284879e-01 -1.405231e-02 4.949296e-01
      vertex   2.541490e-01 -1.204197e-02 5.172110e-01
    endloop
  endfacet
  facet normal 8.342660e-03 -8.673988e-01 -4.975437e-01
    outer loop
      vertex   2.247637e-01 -2.995900e-02 5.479541e-01
      vertex   2.017757e-01 -2.386058e-02 5.369369e-01
      vertex   2.541490e-01 -1.204197e-02 5.172110e-01
    endloop
  endfacet
  facet normal 7.681485e-01 -6.316582e-01 -1.046695e-01
    outer loop
      vertex   1.882686e-01 -4.025616e-02 5.367544e-01
      vertex   1.877017e-01 -3.464353e-02 4.987233e-01
      vertex   2.017757e-01 -2.386058e-02 5.369369e-01
    endloop
  endfacet
  facet normal 8.991285e-01 -2.842433e-01 -3.328268e-01
    outer loop
      vertex   1.795289e-01 2.961382e-02 4.006134e-01
      vertex   1.715789e-01 -2.357286e-02 4.245596e-01
      vertex   1.628500e-01 1.399703e-02 3.688928e-01
    endloop
  endfacet
  facet normal 8.464765e-01 4.933530e-01 -2.002008e-01
    outer loop
      vertex   1.628500e-01 1.399703e-02 3.688928e-01
      vertex   1.517317e-01 1.116800e-02 3.149115e-01
      vertex   1.369820e-01 3.758338e-02 3.176427e-01
    endloop
  endfacet
  facet normal 8.506758e-01 -1.570934e-01 -5.016695e-01
    outer loop
      vertex   1.369820e-01 3.758338e-02 3.176427e-01
      vertex   1.608630e-01 5.600553e-02 3.523688e-01
      vertex   1.628500e-01 1.399703e-02 3.688928e-01
    endloop
  endfacet
  facet normal 7.724949e-01 1.579868e-01 -6.150543e-01
    outer loop
      vertex   1.369820e-01 3.758338e-02 3.176427e-01
      vertex   1.478757e-01 7.413391e-02 3.407136e-01
      vertex   1.608630e-01 5.600553e-02 3.523688e-01
    endloop
  endfacet
  facet normal 4.713151e-01 8.723732e-01 -1.297191e-01
    outer loop
      vertex   3.567747e-02 6.765564e-02 1.951062e-01
      vertex   4.436946e-02 7.565399e-02 2.804769e-01
      vertex   6.258430e-02 6.120111e-02 2.494608e-01
    endloop
  endfacet
  facet normal 5.377644e-01 7.866201e-01 -3.033781e-01
    outer loop
      vertex   1.006056e-01 4.867006e-02 2.819088e-01
      vertex   9.669929e-02 6.225607e-02 3.102112e-01
      vertex   1.369820e-01 3.758338e-02 3.176427e-01
    endloop
  endfacet
  facet normal 3.982266e-01 4.018041e-01 -8.246023e-01
    outer loop
      vertex   1.478757e-01 7.413391e-02 3.407136e-01
      vertex   1.369820e-01 3.758338e-02 3.176427e-01
      vertex   9.669929e-02 6.225607e-02 3.102112e-01
    endloop
  endfacet
  facet normal 7.005955e-01 -5.817700e-01 4.131702e-01
    outer loop
      vertex   1.882686e-01 -4.025616e-02 5.367544e-01
      vertex   2.017757e-01 -2.386058e-02 5.369369e-01
      vertex   1.707198e-01 -3.193217e-02 5.782319e-01
    endloop
  endfacet
  facet normal 5.406167e-02 -8.574246e-01 5.117620e-01
    outer loop
      vertex   1.865916e-01 -1.923555e-02 5.978276e-01
      vertex   1.707198e-01 -3.193217e-02 5.782319e-01
      vertex   2.129607e-01 -2.978860e-02 5.773610e-01
    endloop
  endfacet
  facet normal 4.680659e-02 -9.863930e-01 -1.576010e-01
    outer loop
      vertex   1.707198e-01 -3.193217e-02 5.782319e-01
      vertex   2.017757e-01 -2.386058e-02 5.369369e-01
      vertex   2.129607e-01 -2.978860e-02 5.773610e-01
    endloop
  endfacet
  facet normal 6.681881e-01 -5.984675e-01 4.419971e-01
    outer loop
      vertex   1.427281e-01 -6.484004e-02 5.723134e-01
      vertex   1.516819e-01 -8.214638e-02 5.353445e-01
      vertex   1.882686e-01 -4.025616e-02 5.367544e-01
    endloop
  endfacet
  facet normal 6.588378e-01 -6.334079e-01 4.058659e-01
    outer loop
      vertex   1.707198e-01 -3.193217e-02 5.782319e-01
      vertex   1.427281e-01 -6.484004e-02 5.723134e-01
      vertex   1.882686e-01 -4.025616e-02 5.367544e-01
    endloop
  endfacet
  facet normal 7.306060e-01 -6.455895e-01 2.223265e-01
    outer loop
      vertex   1.516819e-01 -8.214638e-02 5.353445e-01
      vertex   1.708726e-01 -7.036376e-02 5.064946e-01
      vertex   1.882686e-01 -4.025616e-02 5.367544e-01
    endloop
  endfacet
  facet normal 9.020281e-01 -4.168132e-01 -1.123032e-01
    outer loop
      vertex   1.715789e-01 -2.357286e-02 4.245596e-01
      vertex   1.470797e-01 -8.050423e-02 4.390809e-01
      vertex   1.322122e-01 -8.564933e-02 3.387595e-01
    endloop
  endfacet
  facet normal 4.792960e-01 -5.330859e-01 6.972049e-01
    outer loop
      vertex   1.707198e-01 -3.193217e-02 5.782319e-01
      vertex   1.308106e-01 -1.694758e-02 6.171249e-01
      vertex   1.427281e-01 -6.484004e-02 5.723134e-01
    endloop
  endfacet
  facet normal 1.252912e-01 -8.758612e-01 4.660143e-01
    outer loop
      vertex   1.865916e-01 -1.923555e-02 5.978276e-01
      vertex   1.308106e-01 -1.694758e-02 6.171249e-01
      vertex   1.707198e-01 -3.193217e-02 5.782319e-01
    endloop
  endfacet
  facet normal 2.339762e-01 -7.652357e-01 5.997245e-01
    outer loop
      vertex   1.166372e-01 -1.981000e-03 6.450046e-01
      vertex   1.760685e-01 -1.362199e-03 6.226077e-01
      vertex   1.686292e-01 2.108680e-02 6.541545e-01
    endloop
  endfacet
  facet normal -6.763064e-02 -9.974817e-01 -2.136456e-02
    outer loop
      vertex   2.441636e-01 -3.161140e-02 5.636908e-01
      vertex   2.129607e-01 -2.978860e-02 5.773610e-01
      vertex   2.247637e-01 -2.995900e-02 5.479541e-01
    endloop
  endfacet
  facet normal 6.099097e-02 -8.529661e-01 5.183908e-01
    outer loop
      vertex   2.271103e-01 -1.094887e-02 6.066954e-01
      vertex   1.865916e-01 -1.923555e-02 5.978276e-01
      vertex   2.129607e-01 -2.978860e-02 5.773610e-01
    endloop
  endfacet
  facet normal 3.430583e-02 -8.035960e-01 5.941856e-01
    outer loop
      vertex   1.865916e-01 -1.923555e-02 5.978276e-01
      vertex   2.271103e-01 -1.094887e-02 6.066954e-01
      vertex   1.760685e-01 -1.362199e-03 6.226077e-01
    endloop
  endfacet
  facet normal 2.930481e-01 -7.449963e-01 5.992523e-01
    outer loop
      vertex   1.686292e-01 2.108680e-02 6.541545e-01
      vertex   1.760685e-01 -1.362199e-03 6.226077e-01
      vertex   2.327530e-01 2.600761e-02 6.289140e-01
    endloop
  endfacet
  facet normal 6.786447e-02 -6.830163e-01 7.272435e-01
    outer loop
      vertex   8.944485e-02 2.322576e-02 6.635526e-01
      vertex   1.043457e-01 1.204125e-02 6.516578e-01
      vertex   1.686292e-01 2.108680e-02 6.541545e-01
    endloop
  endfacet
  facet normal 4.467787e-01 -7.168379e-01 5.352871e-01
    outer loop
      vertex   5.084229e-02 -1.599274e-02 6.432523e-01
      vertex   8.944485e-02 2.322576e-02 6.635526e-01
      vertex   6.323696e-02 2.240645e-02 6.843299e-01
    endloop
  endfacet
  facet normal 9.369290e-01 -3.470244e-01 4.169020e-02
    outer loop
      vertex   4.907475e-02 -1.629027e-02 6.804988e-01
      vertex   5.084229e-02 -1.599274e-02 6.432523e-01
      vertex   6.323696e-02 2.240645e-02 6.843299e-01
    endloop
  endfacet
  facet normal 3.326285e-01 -9.169377e-01 -2.204167e-01
    outer loop
      vertex   5.070471e-03 -3.742988e-02 6.906300e-01
      vertex   1.082650e-02 -2.607208e-02 6.520677e-01
      vertex   2.803088e-02 -3.482160e-02 7.144288e-01
    endloop
  endfacet
  facet normal 7.346570e-01 -5.837860e-01 -3.456487e-01
    outer loop
      vertex   5.488491e-02 -1.962751e-02 7.458434e-01
      vertex   1.628269e-02 -5.218511e-02 7.187849e-01
      vertex   2.803088e-02 -3.482160e-02 7.144288e-01
    endloop
  endfacet
  facet normal 8.861205e-01 -1.449815e-02 -4.632280e-01
    outer loop
      vertex   8.671889e-02 5.489356e-03 8.143312e-01
      vertex   8.029187e-02 9.540528e-03 8.019100e-01
      vertex   9.241005e-02 2.326035e-02 8.246617e-01
    endloop
  endfacet
  facet normal 6.598314e-01 -7.432724e-01 1.103115e-01
    outer loop
      vertex   9.129628e-02 1.272866e-02 8.357294e-01
      vertex   7.921275e-02 -7.539401e-04 8.171624e-01
      vertex   8.671889e-02 5.489356e-03 8.143312e-01
    endloop
  endfacet
  facet normal 9.637079e-01 -2.350066e-01 -1.266452e-01
    outer loop
      vertex   9.129628e-02 1.272866e-02 8.357294e-01
      vertex   8.671889e-02 5.489356e-03 8.143312e-01
      vertex   9.241005e-02 2.326035e-02 8.246617e-01
    endloop
  endfacet
  facet normal 9.921599e-01 -1.236926e-01 -1.785866e-02
    outer loop
      vertex   9.319803e-02 2.823736e-02 8.339671e-01
      vertex   9.129628e-02 1.272866e-02 8.357294e-01
      vertex   9.241005e-02 2.326035e-02 8.246617e-01
    endloop
  endfacet
  facet normal 9.314866e-01 -3.635735e-01 -1.212151e-02
    outer loop
      vertex   9.319803e-02 2.823736e-02 8.339671e-01
      vertex   9.262559e-02 2.692158e-02 8.294431e-01
      vertex   9.306404e-02 2.795873e-02 8.320280e-01
    endloop
  endfacet
  facet normal 9.935340e-01 1.089293e-01 3.201086e-02
    outer loop
      vertex   9.342249e-02 2.875770e-02 8.390408e-01
      vertex   9.331113e-02 2.852334e-02 8.432948e-01
      vertex   9.329447e-02 2.731594e-02 8.479204e-01
    endloop
  endfacet
  facet normal -9.996189e-01 1.032815e-02 -2.560010e-02
    outer loop
      vertex   9.331113e-02 2.852334e-02 8.432948e-01
      vertex   9.342249e-02 2.875770e-02 8.390408e-01
      vertex   9.350568e-02 2.828846e-02 8.356031e-01
    endloop
  endfacet
  facet normal -9.990165e-01 4.213757e-02 -1.380369e-02
    outer loop
      vertex   9.329447e-02 2.731594e-02 8.479204e-01
      vertex   9.350568e-02 2.828846e-02 8.356031e-01
      vertex   9.323168e-02 2.640897e-02 8.496961e-01
    endloop
  endfacet
  facet normal 4.792195e-01 -8.102061e-01 -3.375126e-01
    outer loop
      vertex   9.372446e-02 2.282169e-02 8.576009e-01
      vertex   9.204384e-02 2.260169e-02 8.557428e-01
      vertex   9.241292e-02 2.351247e-02 8.540805e-01
    endloop
  endfacet
  facet normal 5.953841e-01 -7.170138e-01 -3.625037e-01
    outer loop
      vertex   9.372446e-02 2.282169e-02 8.576009e-01
      vertex   9.241292e-02 2.351247e-02 8.540805e-01
      vertex   9.323168e-02 2.640897e-02 8.496961e-01
    endloop
  endfacet
  facet normal 9.395066e-01 -3.092755e-01 1.472278e-01
    outer loop
      vertex   7.671479e-02 -2.104205e-02 9.051271e-01
      vertex   6.480544e-02 -6.407182e-02 8.907334e-01
      vertex   7.665534e-02 -4.089534e-02 8.638014e-01
    endloop
  endfacet
  facet normal 9.522046e-01 -2.641150e-01 -1.534589e-01
    outer loop
      vertex   5.189021e-02 -8.893792e-02 8.533916e-01
      vertex   5.220268e-02 -8.289031e-02 8.449221e-01
      vertex   6.480544e-02 -6.407182e-02 8.907334e-01
    endloop
  endfacet
  facet normal 5.041535e-01 -7.519185e-01 -4.247916e-01
    outer loop
      vertex   4.022355e-02 -9.567952e-02 8.514785e-01
      vertex   4.719513e-02 -8.930583e-02 8.484706e-01
      vertex   5.189021e-02 -8.893792e-02 8.533916e-01
    endloop
  endfacet
  facet normal 6.976724e-01 -5.420399e-01 4.684506e-01
    outer loop
      vertex   4.719513e-02 -8.930583e-02 8.484706e-01
      vertex   4.022355e-02 -9.567952e-02 8.514785e-01
      vertex   4.131945e-02 -9.492908e-02 8.507147e-01
    endloop
  endfacet
  facet normal 2.890696e-01 -8.567818e-01 -4.270406e-01
    outer loop
      vertex   4.131945e-02 -9.492908e-02 8.507147e-01
      vertex   4.022355e-02 -9.567952e-02 8.514785e-01
      vertex   3.933670e-02 -9.578421e-02 8.510883e-01
    endloop
  endfacet
  facet normal 1.012820e-01 -7.473654e-01 -6.566483e-01
    outer loop
      vertex   1.456906e-02 -1.056975e-01 8.589235e-01
      vertex   1.766393e-02 -9.440474e-02 8.465480e-01
      vertex   4.022355e-02 -9.567952e-02 8.514785e-01
    endloop
  endfacet
  facet normal 3.413145e-01 -9.362199e-01 -8.364670e-02
    outer loop
      vertex   1.814022e-02 -1.063902e-01 8.812487e-01
      vertex   1.456906e-02 -1.056975e-01 8.589235e-01
      vertex   4.022355e-02 -9.567952e-02 8.514785e-01
    endloop
  endfacet
  facet normal 3.253256e-01 -9.421031e-01 -8.127163e-02
    outer loop
      vertex   1.814022e-02 -1.063902e-01 8.812487e-01
      vertex   -2.462843e-03 -1.110424e-01 8.527043e-01
      vertex   1.456906e-02 -1.056975e-01 8.589235e-01
    endloop
  endfacet
  facet normal -4.516148e-03 -9.403272e-01 3.402416e-01
    outer loop
      vertex   1.814022e-02 -1.063902e-01 8.812487e-01
      vertex   1.719804e-02 -9.560064e-02 9.110553e-01
      vertex   -1.911271e-02 -1.023060e-01 8.920418e-01
    endloop
  endfacet
  facet normal 9.786068e-02 1.727057e-01 9.801000e-01
    outer loop
      vertex   -1.755504e-02 -2.593194e-03 9.525022e-01
      vertex   3.038233e-02 -1.080779e-02 9.491633e-01
      vertex   1.729899e-02 3.950432e-02 9.416040e-01
    endloop
  endfacet
  facet normal 1.097033e-01 6.253579e-01 7.725883e-01
    outer loop
      vertex   -1.105576e-02 4.935568e-02 9.376563e-01
      vertex   1.729899e-02 3.950432e-02 9.416040e-01
      vertex   1.807126e-02 7.203161e-02 9.151657e-01
    endloop
  endfacet
  facet normal -1.303053e-02 8.751036e-01 4.837602e-01
    outer loop
      vertex   1.807126e-02 7.203161e-02 9.151657e-01
      vertex   4.289844e-03 8.416285e-02 8.928496e-01
      vertex   -1.904234e-02 6.976475e-02 9.182667e-01
    endloop
  endfacet
  facet normal 1.255968e-02 9.658539e-01 -2.587829e-01
    outer loop
      vertex   2.872280e-02 1.245803e-01 4.047475e-01
      vertex   -3.282544e-02 1.295100e-01 4.201592e-01
      vertex   -2.401202e-03 1.372545e-01 4.505405e-01
    endloop
  endfacet
  facet normal -8.951421e-02 9.886095e-01 -1.209894e-01
    outer loop
      vertex   -4.612756e-03 6.832229e-02 2.174662e-01
      vertex   -2.541003e-02 7.254129e-02 2.673267e-01
      vertex   9.145743e-03 8.098805e-02 3.107794e-01
    endloop
  endfacet
  facet normal 1.691053e-02 9.890620e-01 1.465275e-01
    outer loop
      vertex   5.774769e-02 7.086521e-02 1.708945e-01
      vertex   5.199391e-03 7.679855e-02 1.369090e-01
      vertex   3.567747e-02 6.765564e-02 1.951062e-01
    endloop
  endfacet
  facet normal 7.073849e-01 6.998283e-01 9.923208e-02
    outer loop
      vertex   1.122417e-01 4.479080e-02 2.263184e-01
      vertex   1.006056e-01 4.867006e-02 2.819088e-01
      vertex   1.375062e-01 2.000497e-02 2.210186e-01
    endloop
  endfacet
  facet normal 7.298901e-01 6.718430e-01 1.260453e-01
    outer loop
      vertex   1.375062e-01 2.000497e-02 2.210186e-01
      vertex   1.006056e-01 4.867006e-02 2.819088e-01
      vertex   1.423159e-01 7.886252e-03 2.577621e-01
    endloop
  endfacet
  facet normal 6.979669e-01 -6.927906e-01 1.813378e-01
    outer loop
      vertex   1.708726e-01 -7.036376e-02 5.064946e-01
      vertex   1.516819e-01 -8.214638e-02 5.353445e-01
      vertex   1.275788e-01 -1.187694e-01 4.882006e-01
    endloop
  endfacet
  facet normal 2.932584e-01 -6.132651e-01 7.334204e-01
    outer loop
      vertex   1.427281e-01 -6.484004e-02 5.723134e-01
      vertex   1.308106e-01 -1.694758e-02 6.171249e-01
      vertex   7.902477e-02 -4.405225e-02 6.151673e-01
    endloop
  endfacet
  facet normal 4.895671e-01 -8.718139e-01 1.626840e-02
    outer loop
      vertex   2.446117e-02 -3.064768e-02 6.517935e-01
      vertex   5.084229e-02 -1.599274e-02 6.432523e-01
      vertex   4.907475e-02 -1.629027e-02 6.804988e-01
    endloop
  endfacet
  facet normal 5.391097e-01 -6.843292e-01 4.909728e-01
    outer loop
      vertex   5.084229e-02 -1.599274e-02 6.432523e-01
      vertex   2.446117e-02 -3.064768e-02 6.517935e-01
      vertex   3.044722e-02 -6.179636e-02 6.018049e-01
    endloop
  endfacet
  facet normal -2.817479e-01 -8.291146e-01 4.828945e-01
    outer loop
      vertex   3.044722e-02 -6.179636e-02 6.018049e-01
      vertex   2.446117e-02 -3.064768e-02 6.517935e-01
      vertex   -3.837583e-03 -3.935423e-02 6.203336e-01
    endloop
  endfacet
  facet normal 4.833729e-02 -6.819311e-01 7.298174e-01
    outer loop
      vertex   7.902477e-02 -4.405225e-02 6.151673e-01
      vertex   5.084229e-02 -1.599274e-02 6.432523e-01
      vertex   3.044722e-02 -6.179636e-02 6.018049e-01
    endloop
  endfacet
  facet normal -1.644677e-02 -5.723630e-01 8.198354e-01
    outer loop
      vertex   6.933423e-02 -7.983185e-02 5.899936e-01
      vertex   7.902477e-02 -4.405225e-02 6.151673e-01
      vertex   3.044722e-02 -6.179636e-02 6.018049e-01
    endloop
  endfacet
  facet normal 7.643500e-01 -6.274031e-01 -1.487763e-01
    outer loop
      vertex   1.275788e-01 -1.187694e-01 4.882006e-01
      vertex   1.244089e-01 -1.170679e-01 4.647394e-01
      vertex   1.708726e-01 -7.036376e-02 5.064946e-01
    endloop
  endfacet
  facet normal 9.983296e-01 -8.795415e-03 -5.710152e-02
    outer loop
      vertex   1.505475e-01 -3.334848e-02 3.010648e-01
      vertex   1.479242e-01 -2.936797e-02 2.545873e-01
      vertex   1.517317e-01 1.116800e-02 3.149115e-01
    endloop
  endfacet
  facet normal -1.378490e-01 2.097439e-01 -9.679903e-01
    outer loop
      vertex   -9.548485e-04 -7.025074e-02 -7.465605e-02
      vertex   8.546947e-03 -3.855101e-02 -6.914049e-02
      vertex   1.321348e-03 -7.256510e-02 -7.548167e-02
    endloop
  endfacet
  facet normal 2.975307e-01 -5.375696e-02 -9.531976e-01
    outer loop
      vertex   -1.006391e-03 -7.502103e-02 -7.606975e-02
      vertex   -9.643926e-04 -7.469983e-02 -7.607475e-02
      vertex   1.321348e-03 -7.256510e-02 -7.548167e-02
    endloop
  endfacet
  facet normal -6.429451e-02 2.896099e-01 -9.549829e-01
    outer loop
      vertex   4.192943e-04 -7.751555e-02 -7.692223e-02
      vertex   -1.006391e-03 -7.502103e-02 -7.606975e-02
      vertex   1.321348e-03 -7.256510e-02 -7.548167e-02
    endloop
  endfacet
  facet normal 1.844562e-02 -9.927424e-01 -1.188373e-01
    outer loop
      vertex   -1.832723e-02 -1.731242e-01 -2.808348e-02
      vertex   1.402972e-02 -1.711010e-01 -3.996220e-02
      vertex   1.917852e-02 -1.762939e-01 4.217667e-03
    endloop
  endfacet
  facet normal 4.814243e-02 -9.986043e-01 2.172092e-02
    outer loop
      vertex   -5.020854e-03 -1.748317e-01 1.250772e-01
      vertex   -1.650018e-02 -1.776365e-01 2.157088e-02
      vertex   1.917852e-02 -1.762939e-01 4.217667e-03
    endloop
  endfacet
  facet normal -1.814947e-01 -7.759959e-01 6.040613e-01
    outer loop
      vertex   -3.837583e-03 -3.935423e-02 6.203336e-01
      vertex   1.790369e-03 -9.233565e-02 5.539630e-01
      vertex   3.044722e-02 -6.179636e-02 6.018049e-01
    endloop
  endfacet
  facet normal 2.079955e-01 -1.813382e-01 -9.611734e-01
    outer loop
      vertex   -1.224682e-02 -7.660889e-02 7.172191e-01
      vertex   -1.007480e-02 -4.725276e-02 7.121507e-01
      vertex   1.628269e-02 -5.218511e-02 7.187849e-01
    endloop
  endfacet
  facet normal 3.462705e-01 -3.151041e-01 -8.836323e-01
    outer loop
      vertex   1.324916e-02 -1.093442e-01 7.725029e-01
      vertex   4.128129e-03 -1.072827e-01 7.681935e-01
      vertex   1.407028e-02 -1.088107e-01 7.726344e-01
    endloop
  endfacet
  facet normal 2.959271e-02 -9.976572e-01 6.167947e-02
    outer loop
      vertex   -1.307704e-02 -1.087812e-01 7.942411e-01
      vertex   1.324916e-02 -1.093442e-01 7.725029e-01
      vertex   1.450373e-02 -1.079352e-01 7.946927e-01
    endloop
  endfacet
  facet normal 1.991151e-02 -6.246598e-01 -7.806431e-01
    outer loop
      vertex   4.693666e-03 -1.067375e-01 7.677717e-01
      vertex   4.128129e-03 -1.072827e-01 7.681935e-01
      vertex   -3.584537e-03 -1.074933e-01 7.681653e-01
    endloop
  endfacet
  facet normal 3.115181e-01 -7.223749e-01 -6.173581e-01
    outer loop
      vertex   3.137884e-02 -9.329398e-02 7.655066e-01
      vertex   9.080482e-03 -1.056956e-01 7.687661e-01
      vertex   4.693666e-03 -1.067375e-01 7.677717e-01
    endloop
  endfacet
  facet normal 6.838091e-01 -5.084740e-01 -5.233156e-01
    outer loop
      vertex   9.019220e-02 1.416693e-02 8.613947e-01
      vertex   8.979275e-02 1.410938e-02 8.609286e-01
      vertex   9.372446e-02 2.282169e-02 8.576009e-01
    endloop
  endfacet
  facet normal 2.141372e-01 -3.497342e-01 -9.120478e-01
    outer loop
      vertex   9.372446e-02 2.282169e-02 8.576009e-01
      vertex   8.647449e-02 1.143392e-02 8.602655e-01
      vertex   9.083213e-02 1.961595e-02 8.581511e-01
    endloop
  endfacet
  facet normal 6.265238e-01 -6.297327e-01 -4.592435e-01
    outer loop
      vertex   9.019220e-02 1.416693e-02 8.613947e-01
      vertex   8.550481e-02 1.040698e-02 8.601557e-01
      vertex   8.979275e-02 1.410938e-02 8.609286e-01
    endloop
  endfacet
  facet normal 4.107062e-01 -2.955906e-01 -8.625234e-01
    outer loop
      vertex   8.550481e-02 1.040698e-02 8.601557e-01
      vertex   8.647449e-02 1.143392e-02 8.602655e-01
      vertex   8.979275e-02 1.410938e-02 8.609286e-01
    endloop
  endfacet
  facet normal 2.521021e-01 4.591477e-03 -9.676898e-01
    outer loop
      vertex   8.201518e-02 -2.568919e-03 8.591850e-01
      vertex   8.550481e-02 1.040698e-02 8.601557e-01
      vertex   9.019220e-02 1.416693e-02 8.613947e-01
    endloop
  endfacet
  facet normal 2.983463e-01 4.814352e-02 -9.532427e-01
    outer loop
      vertex   6.413493e-02 2.362413e-02 7.975645e-01
      vertex   8.029187e-02 9.540528e-03 8.019100e-01
      vertex   7.419798e-02 -5.606424e-03 7.992377e-01
    endloop
  endfacet
  facet normal 7.729592e-01 2.323065e-01 -5.903963e-01
    outer loop
      vertex   6.880516e-02 -2.602626e-02 7.841426e-01
      vertex   6.413493e-02 2.362413e-02 7.975645e-01
      vertex   7.419798e-02 -5.606424e-03 7.992377e-01
    endloop
  endfacet
  facet normal 9.347186e-01 1.719929e-01 -3.109978e-01
    outer loop
      vertex   6.880516e-02 -2.602626e-02 7.841426e-01
      vertex   5.488491e-02 -1.962751e-02 7.458434e-01
      vertex   6.413493e-02 2.362413e-02 7.975645e-01
    endloop
  endfacet
  facet normal 1.852902e-01 -5.893915e-01 7.863112e-01
    outer loop
      vertex   5.084229e-02 -1.599274e-02 6.432523e-01
      vertex   1.043457e-01 1.204125e-02 6.516578e-01
      vertex   8.944485e-02 2.322576e-02 6.635526e-01
    endloop
  endfacet
  facet normal 9.984546e-01 -4.466358e-02 -3.306895e-02
    outer loop
      vertex   7.796156e-02 -3.194929e-03 8.474674e-01
      vertex   7.795799e-02 -3.240802e-03 8.474215e-01
      vertex   7.785075e-02 -1.948219e-03 8.424379e-01
    endloop
  endfacet
  facet normal 8.912403e-01 2.840213e-01 -3.535854e-01
    outer loop
      vertex   7.796156e-02 -3.194929e-03 8.474674e-01
      vertex   7.984209e-02 -1.501781e-03 8.535674e-01
      vertex   7.795799e-02 -3.240802e-03 8.474215e-01
    endloop
  endfacet
  facet normal 9.910387e-01 1.331083e-01 1.116035e-02
    outer loop
      vertex   7.785075e-02 -1.948219e-03 8.424379e-01
      vertex   7.780637e-02 -1.531532e-03 8.414090e-01
      vertex   7.796156e-02 -3.194929e-03 8.474674e-01
    endloop
  endfacet
  facet normal 9.995797e-01 2.118811e-02 -1.978764e-02
    outer loop
      vertex   7.780637e-02 -1.531532e-03 8.414090e-01
      vertex   7.776516e-02 -5.358596e-04 8.403932e-01
      vertex   7.796156e-02 -3.194929e-03 8.474674e-01
    endloop
  endfacet
  facet normal -5.717516e-01 7.515487e-01 3.290511e-01
    outer loop
      vertex   7.784534e-02 -1.301013e-03 8.409503e-01
      vertex   7.780637e-02 -1.531532e-03 8.414090e-01
      vertex   7.785075e-02 -1.948219e-03 8.424379e-01
    endloop
  endfacet
  facet normal -8.801230e-01 4.341511e-01 1.920840e-01
    outer loop
      vertex   7.790802e-02 -9.979510e-04 8.405524e-01
      vertex   7.784534e-02 -1.301013e-03 8.409503e-01
      vertex   7.785075e-02 -1.948219e-03 8.424379e-01
    endloop
  endfacet
  facet normal 9.465614e-01 2.486933e-01 2.053610e-01
    outer loop
      vertex   7.784534e-02 -1.301013e-03 8.409503e-01
      vertex   7.776516e-02 -5.358596e-04 8.403932e-01
      vertex   7.780637e-02 -1.531532e-03 8.414090e-01
    endloop
  endfacet
  facet normal 8.092750e-01 3.987970e-01 4.313177e-01
    outer loop
      vertex   7.784534e-02 -1.301013e-03 8.409503e-01
      vertex   7.790802e-02 -9.979510e-04 8.405524e-01
      vertex   7.776516e-02 -5.358596e-04 8.403932e-01
    endloop
  endfacet
  facet normal 7.965592e-01 4.018724e-01 4.516548e-01
    outer loop
      vertex   7.790802e-02 -9.979510e-04 8.405524e-01
      vertex   7.791984e-02 -2.201095e-04 8.398395e-01
      vertex   7.776516e-02 -5.358596e-04 8.403932e-01
    endloop
  endfacet
  facet normal -9.988346e-01 -2.347663e-02 -4.217029e-02
    outer loop
      vertex   7.785075e-02 -1.948219e-03 8.424379e-01
      vertex   7.791984e-02 -2.201095e-04 8.398395e-01
      vertex   7.790802e-02 -9.979510e-04 8.405524e-01
    endloop
  endfacet
  facet normal 2.673650e-01 8.030389e-01 5.325828e-01
    outer loop
      vertex   7.782100e-02 -2.846332e-04 8.399864e-01
      vertex   7.776516e-02 -5.358596e-04 8.403932e-01
      vertex   7.791984e-02 -2.201095e-04 8.398395e-01
    endloop
  endfacet
  facet normal 9.848160e-01 1.729059e-01 -1.552462e-02
    outer loop
      vertex   7.776516e-02 -5.358596e-04 8.403932e-01
      vertex   7.763755e-02 1.472135e-04 8.399060e-01
      vertex   7.752548e-02 7.896008e-04 8.399515e-01
    endloop
  endfacet
  facet normal 8.268183e-01 4.207400e-01 3.732953e-01
    outer loop
      vertex   7.776516e-02 -5.358596e-04 8.403932e-01
      vertex   7.782100e-02 -2.846332e-04 8.399864e-01
      vertex   7.763755e-02 1.472135e-04 8.399060e-01
    endloop
  endfacet
  facet normal 6.689304e-01 4.007326e-01 6.260555e-01
    outer loop
      vertex   7.782100e-02 -2.846332e-04 8.399864e-01
      vertex   7.791984e-02 -2.201095e-04 8.398395e-01
      vertex   7.763755e-02 1.472135e-04 8.399060e-01
    endloop
  endfacet
  facet normal 9.957104e-01 -8.412253e-02 -3.852522e-02
    outer loop
      vertex   7.791984e-02 -2.201095e-04 8.398395e-01
      vertex   7.795799e-02 -3.240802e-03 8.474215e-01
      vertex   7.762052e-02 -1.519935e-03 8.349417e-01
    endloop
  endfacet
  facet normal -3.017859e-01 -2.750913e-01 -9.128253e-01
    outer loop
      vertex   9.155717e-02 2.141596e-02 8.573689e-01
      vertex   9.083213e-02 1.961595e-02 8.581511e-01
      vertex   9.104895e-02 2.049697e-02 8.578139e-01
    endloop
  endfacet
  facet normal 5.812876e-01 -5.918422e-01 -5.584152e-01
    outer loop
      vertex   9.104895e-02 2.049697e-02 8.578139e-01
      vertex   9.157159e-02 2.169971e-02 8.570832e-01
      vertex   9.155717e-02 2.141596e-02 8.573689e-01
    endloop
  endfacet
  facet normal 4.977772e-01 -7.905951e-01 -3.566193e-01
    outer loop
      vertex   9.372446e-02 2.282169e-02 8.576009e-01
      vertex   9.157159e-02 2.169971e-02 8.570832e-01
      vertex   9.204384e-02 2.260169e-02 8.557428e-01
    endloop
  endfacet
  facet normal 2.264191e-02 -4.122920e-01 9.107704e-01
    outer loop
      vertex   1.166372e-01 -1.981000e-03 6.450046e-01
      vertex   1.686292e-01 2.108680e-02 6.541545e-01
      vertex   1.043457e-01 1.204125e-02 6.516578e-01
    endloop
  endfacet
  facet normal 5.453299e-01 6.088589e-01 -5.761129e-01
    outer loop
      vertex   2.001142e-01 1.319295e-01 4.445338e-01
      vertex   1.810967e-01 9.515336e-02 3.876660e-01
      vertex   1.780943e-01 1.279934e-01 4.195306e-01
    endloop
  endfacet
  facet normal 2.240755e-01 9.436512e-01 2.435417e-01
    outer loop
      vertex   7.423781e-02 1.341266e-01 8.775345e-03
      vertex   6.838616e-02 1.198038e-01 6.965578e-02
      vertex   1.077458e-01 1.121092e-01 6.325667e-02
    endloop
  endfacet
  facet normal 4.371955e-01 7.469281e-01 5.009576e-01
    outer loop
      vertex   3.026252e-01 1.008034e-01 5.064927e-01
      vertex   2.530086e-01 1.204636e-01 5.204806e-01
      vertex   2.640197e-01 1.050816e-01 5.338057e-01
    endloop
  endfacet
  facet normal -7.499208e-01 -1.010761e-01 -6.537602e-01
    outer loop
      vertex   6.336805e-01 -9.465575e-04 1.100997e-01
      vertex   6.298242e-01 -3.493068e-02 1.197774e-01
      vertex   6.115666e-01 -7.904724e-03 1.365421e-01
    endloop
  endfacet
  facet normal 7.078249e-01 -5.340298e-01 -4.623809e-01
    outer loop
      vertex   6.526148e-01 -1.540636e-02 -3.732040e-03
      vertex   6.543340e-01 -7.657547e-03 -1.004991e-02
      vertex   6.672137e-01 -9.602285e-03 1.191286e-02
    endloop
  endfacet
  facet normal 9.063000e-01 4.181958e-01 6.109589e-02
    outer loop
      vertex   6.915793e-01 -3.247409e-02 7.649440e-02
      vertex   6.810297e-01 -9.872910e-03 7.828511e-02
      vertex   6.822774e-01 -1.831238e-02 1.175443e-01
    endloop
  endfacet
  facet normal 1.102087e-02 1.669329e-01 -9.859067e-01
    outer loop
      vertex   -1.307704e-02 -1.087812e-01 7.942411e-01
      vertex   1.450373e-02 -1.079352e-01 7.946927e-01
      vertex   1.345169e-02 -1.084613e-01 7.945919e-01
    endloop
  endfacet
  facet normal 1.645412e-02 -3.295873e-01 -9.439817e-01
    outer loop
      vertex   6.010710e-03 -1.195160e-01 7.983218e-01
      vertex   -1.307704e-02 -1.087812e-01 7.942411e-01
      vertex   1.345169e-02 -1.084613e-01 7.945919e-01
    endloop
  endfacet
  facet normal 2.537042e-01 -7.805126e-01 5.713442e-01
    outer loop
      vertex   1.085948e-02 -1.266850e-01 8.146322e-01
      vertex   -4.690909e-03 -1.176156e-01 8.339271e-01
      vertex   2.482306e-03 -1.369790e-01 8.042896e-01
    endloop
  endfacet
  facet normal -8.242275e-01 5.240276e-01 -2.145789e-01
    outer loop
      vertex   6.010710e-03 -1.195160e-01 7.983218e-01
      vertex   1.399767e-02 -1.083802e-01 7.948377e-01
      vertex   -9.662452e-04 -1.315419e-01 7.957525e-01
    endloop
  endfacet
  facet normal 6.719825e-01 -4.710448e-01 -5.714511e-01
    outer loop
      vertex   -9.662452e-04 -1.315419e-01 7.957525e-01
      vertex   1.496070e-02 -1.078803e-01 7.949773e-01
      vertex   2.482306e-03 -1.369790e-01 8.042896e-01
    endloop
  endfacet
  facet normal 8.585198e-01 -4.479992e-01 -2.494802e-01
    outer loop
      vertex   2.482306e-03 -1.369790e-01 8.042896e-01
      vertex   1.496070e-02 -1.078803e-01 7.949773e-01
      vertex   1.085948e-02 -1.266850e-01 8.146322e-01
    endloop
  endfacet
  facet normal 5.625598e-01 -1.865685e-02 -8.265461e-01
    outer loop
      vertex   3.838457e-02 -6.498655e-02 7.341167e-01
      vertex   1.765640e-02 -8.637938e-02 7.204917e-01
      vertex   1.628269e-02 -5.218511e-02 7.187849e-01
    endloop
  endfacet
  facet normal 4.866199e-01 -8.721085e-01 5.126297e-02
    outer loop
      vertex   1.722710e-02 -1.053382e-01 8.167117e-01
      vertex   1.496070e-02 -1.078803e-01 7.949773e-01
      vertex   3.469419e-02 -9.537575e-02 8.203882e-01
    endloop
  endfacet
  facet normal 4.549888e-01 -8.748951e-01 -1.659632e-01
    outer loop
      vertex   3.206314e-02 -9.324354e-02 7.653833e-01
      vertex   4.163674e-02 -9.352858e-02 7.931319e-01
      vertex   1.450373e-02 -1.079352e-01 7.946927e-01
    endloop
  endfacet
  facet normal 4.455140e-01 -7.606287e-01 4.721878e-01
    outer loop
      vertex   2.229816e-02 -9.758072e-02 7.671690e-01
      vertex   3.137884e-02 -9.329398e-02 7.655066e-01
      vertex   2.846662e-02 -9.407032e-02 7.670038e-01
    endloop
  endfacet
  facet normal 9.523921e-01 -2.512115e-01 1.727484e-01
    outer loop
      vertex   4.719513e-02 -8.930583e-02 8.484706e-01
      vertex   4.844672e-02 -8.759881e-02 8.440527e-01
      vertex   4.888088e-02 -8.431009e-02 8.464416e-01
    endloop
  endfacet
  facet normal -2.889445e-01 -2.749413e-01 -9.170160e-01
    outer loop
      vertex   4.888088e-02 -8.431009e-02 8.464416e-01
      vertex   4.999311e-02 -8.696654e-02 8.468876e-01
      vertex   4.719513e-02 -8.930583e-02 8.484706e-01
    endloop
  endfacet
  facet normal 4.520509e-01 -8.113428e-01 -3.706385e-01
    outer loop
      vertex   5.189021e-02 -8.893792e-02 8.533916e-01
      vertex   4.719513e-02 -8.930583e-02 8.484706e-01
      vertex   4.894552e-02 -8.794243e-02 8.476209e-01
    endloop
  endfacet
  facet normal 4.745546e-01 -7.943620e-01 -3.791924e-01
    outer loop
      vertex   4.999311e-02 -8.696654e-02 8.468876e-01
      vertex   5.189021e-02 -8.893792e-02 8.533916e-01
      vertex   4.894552e-02 -8.794243e-02 8.476209e-01
    endloop
  endfacet
  facet normal 6.367487e-01 -5.064209e-01 5.814542e-01
    outer loop
      vertex   4.888088e-02 -8.431009e-02 8.464416e-01
      vertex   4.844672e-02 -8.759881e-02 8.440527e-01
      vertex   5.078523e-02 -8.337930e-02 8.451668e-01
    endloop
  endfacet
  facet normal 7.767629e-01 -5.230973e-01 3.507258e-01
    outer loop
      vertex   5.078523e-02 -8.337930e-02 8.451668e-01
      vertex   4.844672e-02 -8.759881e-02 8.440527e-01
      vertex   4.920967e-02 -8.631558e-02 8.442769e-01
    endloop
  endfacet
  facet normal -2.387262e-01 -2.571724e-01 -9.364145e-01
    outer loop
      vertex   4.888088e-02 -8.431009e-02 8.464416e-01
      vertex   4.996498e-02 -8.412499e-02 8.461144e-01
      vertex   4.999311e-02 -8.696654e-02 8.468876e-01
    endloop
  endfacet
  facet normal -4.310071e-01 -7.315410e-02 -8.993783e-01
    outer loop
      vertex   4.996498e-02 -8.412499e-02 8.461144e-01
      vertex   5.143265e-02 -8.432589e-02 8.454274e-01
      vertex   5.081734e-02 -8.468548e-02 8.457515e-01
    endloop
  endfacet
  facet normal -4.318886e-01 -8.441809e-02 -8.979676e-01
    outer loop
      vertex   4.996498e-02 -8.412499e-02 8.461144e-01
      vertex   5.220268e-02 -8.289031e-02 8.449221e-01
      vertex   5.143265e-02 -8.432589e-02 8.454274e-01
    endloop
  endfacet
  facet normal -6.820968e-02 -7.544711e-01 -6.527793e-01
    outer loop
      vertex   5.078523e-02 -8.337930e-02 8.451668e-01
      vertex   4.996498e-02 -8.412499e-02 8.461144e-01
      vertex   4.888088e-02 -8.431009e-02 8.464416e-01
    endloop
  endfacet
  facet normal 7.586080e-01 -5.439843e-01 -3.586013e-01
    outer loop
      vertex   5.143265e-02 -8.432589e-02 8.454274e-01
      vertex   5.189021e-02 -8.893792e-02 8.533916e-01
      vertex   5.058381e-02 -8.636213e-02 8.467206e-01
    endloop
  endfacet
  facet normal 1.646387e-01 4.176079e-02 -9.854695e-01
    outer loop
      vertex   3.858716e-02 -9.528745e-02 8.421220e-01
      vertex   5.220268e-02 -8.289031e-02 8.449221e-01
      vertex   4.920967e-02 -8.631558e-02 8.442769e-01
    endloop
  endfacet
  facet normal -8.047027e-01 5.191011e-01 -2.880759e-01
    outer loop
      vertex   4.920967e-02 -8.631558e-02 8.442769e-01
      vertex   4.996498e-02 -8.412499e-02 8.461144e-01
      vertex   5.078523e-02 -8.337930e-02 8.451668e-01
    endloop
  endfacet
  facet normal 6.067697e-01 -6.231473e-01 4.934754e-01
    outer loop
      vertex   4.920967e-02 -8.631558e-02 8.442769e-01
      vertex   5.220268e-02 -8.289031e-02 8.449221e-01
      vertex   4.996498e-02 -8.412499e-02 8.461144e-01
    endloop
  endfacet
  facet normal 1.164761e-01 -6.417334e-01 7.580314e-01
    outer loop
      vertex   5.084229e-02 -1.599274e-02 6.432523e-01
      vertex   7.902477e-02 -4.405225e-02 6.151673e-01
      vertex   1.166372e-01 -1.981000e-03 6.450046e-01
    endloop
  endfacet
  facet normal 8.709436e-01 -4.898832e-01 -3.836240e-02
    outer loop
      vertex   5.220268e-02 -8.289031e-02 8.449221e-01
      vertex   7.665534e-02 -4.089534e-02 8.638014e-01
      vertex   6.480544e-02 -6.407182e-02 8.907334e-01
    endloop
  endfacet
  facet normal 1.590381e-01 -9.115340e-01 -3.792262e-01
    outer loop
      vertex   2.641613e-01 -1.765460e-02 5.349008e-01
      vertex   2.247637e-01 -2.995900e-02 5.479541e-01
      vertex   2.541490e-01 -1.204197e-02 5.172110e-01
    endloop
  endfacet
  facet normal -4.099559e-01 7.863624e-01 4.621368e-01
    outer loop
      vertex   2.557725e-01 -1.903237e-01 -9.045150e-01
      vertex   2.596040e-01 -1.892399e-01 -9.029603e-01
      vertex   2.551904e-01 -1.903782e-01 -9.049386e-01
    endloop
  endfacet
  facet normal 3.509977e-01 -8.594361e-01 -3.717126e-01
    outer loop
      vertex   2.605058e-01 -1.891288e-01 -9.028083e-01
      vertex   2.557725e-01 -1.903237e-01 -9.045150e-01
      vertex   2.551904e-01 -1.903782e-01 -9.049386e-01
    endloop
  endfacet
  facet normal -4.072370e-01 -8.224441e-03 9.132855e-01
    outer loop
      vertex   2.551904e-01 -1.903782e-01 -9.049386e-01
      vertex   2.596040e-01 -1.892399e-01 -9.029603e-01
      vertex   2.439778e-01 -1.752783e-01 -9.098024e-01
    endloop
  endfacet
  facet normal -7.456677e-02 1.319080e-01 -9.884534e-01
    outer loop
      vertex   3.193630e-01 -1.734472e-01 -9.202449e-01
      vertex   3.260629e-01 -1.489987e-01 -9.174877e-01
      vertex   3.272913e-01 -1.526630e-01 -9.180693e-01
    endloop
  endfacet
  facet normal 3.011546e-01 -8.360591e-01 4.585969e-01
    outer loop
      vertex   6.244085e-01 -9.083715e-02 1.493120e-01
      vertex   6.518144e-01 -7.982297e-02 1.513947e-01
      vertex   6.121762e-01 -6.624275e-02 2.021824e-01
    endloop
  endfacet
  facet normal 6.238376e-02 -9.066447e-01 4.172573e-01
    outer loop
      vertex   6.035204e-01 -7.798891e-02 1.803525e-01
      vertex   5.958487e-01 -9.363109e-02 1.475111e-01
      vertex   6.244085e-01 -9.083715e-02 1.493120e-01
    endloop
  endfacet
  facet normal 3.642674e-01 -8.245070e-01 -4.330098e-01
    outer loop
      vertex   6.244085e-01 -9.083715e-02 1.493120e-01
      vertex   6.341099e-01 -7.198424e-02 1.215749e-01
      vertex   6.518144e-01 -7.982297e-02 1.513947e-01
    endloop
  endfacet
  facet normal -8.864044e-01 3.294638e-01 -3.251781e-01
    outer loop
      vertex   5.882711e-01 -3.242887e-02 1.445029e-01
      vertex   5.871527e-01 -6.331727e-02 1.162561e-01
      vertex   5.773103e-01 -6.173142e-02 1.446923e-01
    endloop
  endfacet
  facet normal 9.858124e-01 6.699103e-02 1.539031e-01
    outer loop
      vertex   6.902880e-01 -4.355286e-02 9.569044e-02
      vertex   6.864849e-01 -5.358294e-02 1.244168e-01
      vertex   6.941774e-01 -5.919587e-02 7.758632e-02
    endloop
  endfacet
  facet normal 3.842167e-01 -9.222941e-01 4.184602e-02
    outer loop
      vertex   6.883407e-01 -8.265911e-02 4.884171e-03
      vertex   6.977770e-01 -7.842022e-02 1.166908e-02
      vertex   6.899814e-01 -8.046343e-02 3.821309e-02
    endloop
  endfacet
  facet normal -7.445149e-01 -6.663575e-01 4.080656e-02
    outer loop
      vertex   -4.964104e-02 -8.770623e-02 8.068307e-01
      vertex   -5.189741e-02 -8.286970e-02 8.446422e-01
      vertex   -6.713261e-02 -6.465616e-02 8.640972e-01
    endloop
  endfacet
  facet normal -5.663806e-01 -7.281127e-01 -3.860893e-01
    outer loop
      vertex   -2.790905e-02 -1.007643e-01 7.790677e-01
      vertex   -4.611815e-02 -7.522891e-02 7.576234e-01
      vertex   -2.837299e-02 -9.402443e-02 7.670377e-01
    endloop
  endfacet
  facet normal -8.801074e-01 -4.606712e-01 1.148607e-01
    outer loop
      vertex   -1.307704e-02 -1.087812e-01 7.942411e-01
      vertex   -9.662452e-04 -1.315419e-01 7.957525e-01
      vertex   -6.626831e-03 -1.197756e-01 7.995700e-01
    endloop
  endfacet
  facet normal -9.572373e-01 2.816438e-01 -6.613224e-02
    outer loop
      vertex   -6.192657e-02 3.016324e-02 8.054697e-01
      vertex   -6.060075e-02 2.002785e-02 7.431145e-01
      vertex   -7.155278e-02 -5.244038e-03 7.940129e-01
    endloop
  endfacet
  facet normal -6.882759e-01 -7.140298e-01 -1.282095e-01
    outer loop
      vertex   -2.462660e-02 -9.358968e-02 7.445044e-01
      vertex   -2.837299e-02 -9.402443e-02 7.670377e-01
      vertex   -4.611815e-02 -7.522891e-02 7.576234e-01
    endloop
  endfacet
  facet normal -4.330192e-01 -7.933948e-01 -4.278072e-01
    outer loop
      vertex   -2.837299e-02 -9.402443e-02 7.670377e-01
      vertex   -2.063048e-02 -9.881778e-02 7.680904e-01
      vertex   -2.790905e-02 -1.007643e-01 7.790677e-01
    endloop
  endfacet
  facet normal -2.236196e-01 -4.829712e-01 -8.466009e-01
    outer loop
      vertex   -1.918747e-02 -9.978002e-02 7.678949e-01
      vertex   -2.837299e-02 -9.402443e-02 7.670377e-01
      vertex   -5.239543e-03 -1.064018e-01 7.679883e-01
    endloop
  endfacet
  facet normal -4.666232e-01 -8.793882e-01 -9.454780e-02
    outer loop
      vertex   -2.837299e-02 -9.402443e-02 7.670377e-01
      vertex   -2.462660e-02 -9.358968e-02 7.445044e-01
      vertex   -5.239543e-03 -1.064018e-01 7.679883e-01
    endloop
  endfacet
  facet normal 2.062119e-01 4.578942e-01 8.647598e-01
    outer loop
      vertex   -2.837299e-02 -9.402443e-02 7.670377e-01
      vertex   -1.918747e-02 -9.978002e-02 7.678949e-01
      vertex   -2.387642e-02 -9.600780e-02 7.670156e-01
    endloop
  endfacet
  facet normal -5.871030e-01 -7.689509e-01 -2.530307e-01
    outer loop
      vertex   -2.356702e-02 -9.653228e-02 7.678916e-01
      vertex   -2.387642e-02 -9.600780e-02 7.670156e-01
      vertex   -2.162021e-02 -9.794289e-02 7.676612e-01
    endloop
  endfacet
  facet normal -3.756936e-01 -8.475817e-01 -3.747793e-01
    outer loop
      vertex   -2.387642e-02 -9.600780e-02 7.670156e-01
      vertex   -2.356702e-02 -9.653228e-02 7.678916e-01
      vertex   -2.837299e-02 -9.402443e-02 7.670377e-01
    endloop
  endfacet
  facet normal -5.573699e-01 -7.757167e-01 -2.959770e-01
    outer loop
      vertex   -2.063048e-02 -9.881778e-02 7.680904e-01
      vertex   -2.162021e-02 -9.794289e-02 7.676612e-01
      vertex   -1.918747e-02 -9.978002e-02 7.678949e-01
    endloop
  endfacet
  facet normal -4.855600e-01 -7.468350e-01 -4.543885e-01
    outer loop
      vertex   -2.063048e-02 -9.881778e-02 7.680904e-01
      vertex   -1.135542e-02 -1.052181e-01 7.686987e-01
      vertex   -2.790905e-02 -1.007643e-01 7.790677e-01
    endloop
  endfacet
  facet normal -5.839449e-01 -9.596986e-02 -8.061006e-01
    outer loop
      vertex   -1.007480e-02 -4.725276e-02 7.121507e-01
      vertex   -1.224682e-02 -7.660889e-02 7.172191e-01
      vertex   -3.095792e-02 -4.364645e-02 7.268492e-01
    endloop
  endfacet
  facet normal 5.676350e-01 1.083333e-01 -8.161216e-01
    outer loop
      vertex   8.099189e-03 -3.439464e-02 -6.890019e-02
      vertex   8.546947e-03 -3.855101e-02 -6.914049e-02
      vertex   -1.168132e-02 3.138369e-03 -7.767589e-02
    endloop
  endfacet
  facet normal -6.426627e-01 -4.753480e-01 -6.008568e-01
    outer loop
      vertex   -1.684386e-02 -1.616488e-01 -5.990672e-02
      vertex   -2.550125e-02 -1.260524e-01 -7.880791e-02
      vertex   -1.188077e-02 -1.443078e-01 -7.893394e-02
    endloop
  endfacet
  facet normal -9.967861e-01 6.165669e-02 5.114552e-02
    outer loop
      vertex   -2.695848e-01 4.289383e-03 -7.526907e-01
      vertex   -2.719281e-01 4.032170e-02 -8.417965e-01
      vertex   -2.745482e-01 -1.835220e-02 -8.221277e-01
    endloop
  endfacet
  facet normal 9.247598e-01 3.805221e-01 -4.715972e-03
    outer loop
      vertex   -2.022435e-01 5.771535e-02 -9.180110e-01
      vertex   -2.036241e-01 6.171617e-02 -8.659106e-01
      vertex   -1.913932e-01 3.211401e-02 -8.560847e-01
    endloop
  endfacet
  facet normal 9.653384e-01 2.528820e-01 -6.459438e-02
    outer loop
      vertex   -1.947702e-01 3.056092e-02 -9.126327e-01
      vertex   -2.022435e-01 5.771535e-02 -9.180110e-01
      vertex   -1.913932e-01 3.211401e-02 -8.560847e-01
    endloop
  endfacet
  facet normal 6.940629e-01 4.875542e-02 -7.182615e-01
    outer loop
      vertex   -1.947702e-01 3.056092e-02 -9.126327e-01
      vertex   -2.107019e-01 4.601301e-02 -9.269787e-01
      vertex   -2.022435e-01 5.771535e-02 -9.180110e-01
    endloop
  endfacet
  facet normal 5.481716e-01 8.348946e-01 -4.958645e-02
    outer loop
      vertex   -2.229155e-01 7.116295e-02 -9.201177e-01
      vertex   -2.036241e-01 6.171617e-02 -8.659106e-01
      vertex   -2.022435e-01 5.771535e-02 -9.180110e-01
    endloop
  endfacet
  facet normal 3.465517e-01 3.997918e-01 -8.485684e-01
    outer loop
      vertex   -2.022435e-01 5.771535e-02 -9.180110e-01
      vertex   -2.107019e-01 4.601301e-02 -9.269787e-01
      vertex   -2.229155e-01 7.116295e-02 -9.201177e-01
    endloop
  endfacet
  facet normal 9.605798e-01 6.653841e-02 -2.699243e-01
    outer loop
      vertex   -1.976453e-01 -1.119503e-02 -8.890099e-01
      vertex   -1.913932e-01 3.211401e-02 -8.560847e-01
      vertex   -1.867397e-01 1.263304e-02 -8.443262e-01
    endloop
  endfacet
  facet normal 9.933385e-01 -1.003953e-01 -5.656373e-02
    outer loop
      vertex   -1.913932e-01 3.211401e-02 -8.560847e-01
      vertex   -1.976453e-01 -1.119503e-02 -8.890099e-01
      vertex   -1.947702e-01 3.056092e-02 -9.126327e-01
    endloop
  endfacet
  facet normal 4.041356e-01 -1.226059e-01 -9.064448e-01
    outer loop
      vertex   -2.080643e-01 1.187953e-03 -9.197397e-01
      vertex   -2.272477e-01 -4.008316e-03 -9.275897e-01
      vertex   -2.107019e-01 4.601301e-02 -9.269787e-01
    endloop
  endfacet
  facet normal 2.003607e-02 9.915280e-01 -1.283389e-01
    outer loop
      vertex   -2.229155e-01 7.116295e-02 -9.201177e-01
      vertex   -2.402427e-01 7.205099e-02 -9.159619e-01
      vertex   -2.268209e-01 7.429498e-02 -8.965298e-01
    endloop
  endfacet
  facet normal -3.871271e-01 9.075786e-01 1.625846e-01
    outer loop
      vertex   -2.268209e-01 7.429498e-02 -8.965298e-01
      vertex   -2.402427e-01 7.205099e-02 -9.159619e-01
      vertex   -2.569665e-01 5.855630e-02 -8.804526e-01
    endloop
  endfacet
  facet normal -4.053904e-01 9.053909e-01 1.261981e-01
    outer loop
      vertex   -2.569665e-01 5.855630e-02 -8.804526e-01
      vertex   -2.400364e-01 6.175338e-02 -8.490044e-01
      vertex   -2.268209e-01 7.429498e-02 -8.965298e-01
    endloop
  endfacet
  facet normal -5.300043e-02 -7.224787e-01 6.893588e-01
    outer loop
      vertex   -3.411372e-01 -1.485662e-01 -9.084720e-01
      vertex   -3.286045e-01 -1.547171e-01 -9.139548e-01
      vertex   -3.261682e-01 -1.487348e-01 -9.074978e-01
    endloop
  endfacet
  facet normal -6.389783e-02 -4.063464e-01 9.114821e-01
    outer loop
      vertex   -3.261682e-01 -1.487348e-01 -9.074978e-01
      vertex   -3.182693e-01 -1.173405e-01 -8.929482e-01
      vertex   -3.411372e-01 -1.485662e-01 -9.084720e-01
    endloop
  endfacet
  facet normal -3.938641e-01 -3.746776e-01 -8.393377e-01
    outer loop
      vertex   -2.746198e-01 -1.681493e-01 -9.055666e-01
      vertex   -2.605892e-01 -1.891073e-01 -9.027950e-01
      vertex   -2.827014e-01 -1.723958e-01 -8.998786e-01
    endloop
  endfacet
  facet normal -4.696024e-01 -3.403663e-01 8.146314e-01
    outer loop
      vertex   -3.125370e-01 -1.628554e-01 -9.055398e-01
      vertex   -2.957811e-01 -1.515304e-01 -8.911489e-01
      vertex   -3.261682e-01 -1.487348e-01 -9.074978e-01
    endloop
  endfacet
  facet normal 8.040309e-01 -5.552442e-01 2.126928e-01
    outer loop
      vertex   -3.279571e-01 -1.551279e-01 -9.174245e-01
      vertex   -3.261682e-01 -1.487348e-01 -9.074978e-01
      vertex   -3.280695e-01 -1.533847e-01 -9.124492e-01
    endloop
  endfacet
  facet normal -8.797439e-01 4.650450e-01 -9.891282e-02
    outer loop
      vertex   -3.280695e-01 -1.533847e-01 -9.124492e-01
      vertex   -3.261682e-01 -1.487348e-01 -9.074978e-01
      vertex   -3.286045e-01 -1.547171e-01 -9.139548e-01
    endloop
  endfacet
  facet normal -9.832591e-01 -2.481997e-02 -1.805144e-01
    outer loop
      vertex   -3.286045e-01 -1.547171e-01 -9.139548e-01
      vertex   -3.278771e-01 -1.539387e-01 -9.180239e-01
      vertex   -3.279571e-01 -1.551279e-01 -9.174245e-01
    endloop
  endfacet
  facet normal 7.030021e-01 -6.854672e-01 1.895328e-01
    outer loop
      vertex   -3.125370e-01 -1.628554e-01 -9.055398e-01
      vertex   -3.205484e-01 -1.750180e-01 -9.198120e-01
      vertex   -3.150511e-01 -1.676029e-01 -9.133848e-01
    endloop
  endfacet
  facet normal -6.744610e-01 -3.304739e-01 6.602192e-01
    outer loop
      vertex   -3.279571e-01 -1.551279e-01 -9.174245e-01
      vertex   -3.205484e-01 -1.750180e-01 -9.198120e-01
      vertex   -3.125370e-01 -1.628554e-01 -9.055398e-01
    endloop
  endfacet
  facet normal -6.612264e-01 -5.708093e-01 4.867816e-01
    outer loop
      vertex   -3.279571e-01 -1.551279e-01 -9.174245e-01
      vertex   -3.125370e-01 -1.628554e-01 -9.055398e-01
      vertex   -3.261682e-01 -1.487348e-01 -9.074978e-01
    endloop
  endfacet
  facet normal -4.333610e-01 -5.653069e-01 7.018734e-01
    outer loop
      vertex   -2.964292e-01 -1.706167e-01 -9.069217e-01
      vertex   -2.827014e-01 -1.723958e-01 -8.998786e-01
      vertex   -2.957811e-01 -1.515304e-01 -8.911489e-01
    endloop
  endfacet
  facet normal -4.511844e-01 -4.643363e-01 7.621184e-01
    outer loop
      vertex   -2.827014e-01 -1.723958e-01 -8.998786e-01
      vertex   -2.964292e-01 -1.706167e-01 -9.069217e-01
      vertex   -2.987428e-01 -1.766536e-01 -9.119695e-01
    endloop
  endfacet
  facet normal 4.625863e-02 -6.372724e-01 7.692490e-01
    outer loop
      vertex   -2.957811e-01 -1.515304e-01 -8.911489e-01
      vertex   -2.985302e-01 -1.743532e-01 -9.098909e-01
      vertex   -2.964292e-01 -1.706167e-01 -9.069217e-01
    endloop
  endfacet
  facet normal 7.239841e-01 -6.753620e-01 -1.404750e-01
    outer loop
      vertex   -2.982891e-01 -1.750255e-01 -9.174591e-01
      vertex   -2.987428e-01 -1.766536e-01 -9.119695e-01
      vertex   -2.989028e-01 -1.760904e-01 -9.155022e-01
    endloop
  endfacet
  facet normal -9.976187e-01 4.490200e-02 5.235182e-02
    outer loop
      vertex   -2.987428e-01 -1.766536e-01 -9.119695e-01
      vertex   -2.985302e-01 -1.743532e-01 -9.098909e-01
      vertex   -2.989028e-01 -1.760904e-01 -9.155022e-01
    endloop
  endfacet
  facet normal 1.678602e-01 -6.694245e-01 7.236669e-01
    outer loop
      vertex   -2.987428e-01 -1.766536e-01 -9.119695e-01
      vertex   -2.964292e-01 -1.706167e-01 -9.069217e-01
      vertex   -2.985302e-01 -1.743532e-01 -9.098909e-01
    endloop
  endfacet
  facet normal -2.522039e-01 -5.957908e-01 7.625133e-01
    outer loop
      vertex   -3.125370e-01 -1.628554e-01 -9.055398e-01
      vertex   -2.985302e-01 -1.743532e-01 -9.098909e-01
      vertex   -2.957811e-01 -1.515304e-01 -8.911489e-01
    endloop
  endfacet
  facet normal 4.649706e-01 -8.539819e-01 2.334894e-01
    outer loop
      vertex   -2.985302e-01 -1.743532e-01 -9.098909e-01
      vertex   -3.102856e-01 -1.833223e-01 -9.192850e-01
      vertex   -2.989028e-01 -1.760904e-01 -9.155022e-01
    endloop
  endfacet
  facet normal 7.298817e-01 -6.007400e-01 -3.261659e-01
    outer loop
      vertex   -3.150511e-01 -1.676029e-01 -9.133848e-01
      vertex   -3.129176e-01 -1.639315e-01 -9.153728e-01
      vertex   -3.136609e-01 -1.656362e-01 -9.138963e-01
    endloop
  endfacet
  facet normal 8.234755e-01 -5.621946e-01 7.632418e-02
    outer loop
      vertex   -3.150511e-01 -1.676029e-01 -9.133848e-01
      vertex   -3.136609e-01 -1.656362e-01 -9.138963e-01
      vertex   -3.125370e-01 -1.628554e-01 -9.055398e-01
    endloop
  endfacet
  facet normal -9.469813e-01 -2.443042e-01 2.086668e-01
    outer loop
      vertex   -3.136609e-01 -1.656362e-01 -9.138963e-01
      vertex   -3.102856e-01 -1.833223e-01 -9.192850e-01
      vertex   -3.125370e-01 -1.628554e-01 -9.055398e-01
    endloop
  endfacet
  facet normal 7.969301e-01 -5.394094e-01 2.719189e-01
    outer loop
      vertex   -3.201334e-01 -1.744982e-01 -9.199969e-01
      vertex   -3.130731e-01 -1.635546e-01 -9.189803e-01
      vertex   -3.205484e-01 -1.750180e-01 -9.198120e-01
    endloop
  endfacet
  facet normal 8.297668e-01 -5.535676e-01 -7.106290e-02
    outer loop
      vertex   -3.150511e-01 -1.676029e-01 -9.133848e-01
      vertex   -3.205484e-01 -1.750180e-01 -9.198120e-01
      vertex   -3.132744e-01 -1.642522e-01 -9.187413e-01
    endloop
  endfacet
  facet normal 7.516296e-01 -6.546056e-01 8.089745e-02
    outer loop
      vertex   -3.124257e-01 -1.633227e-01 -9.191056e-01
      vertex   -3.128435e-01 -1.635806e-01 -9.173107e-01
      vertex   -3.132744e-01 -1.642522e-01 -9.187413e-01
    endloop
  endfacet
  facet normal -1.856926e-01 -9.656135e-01 -1.819581e-01
    outer loop
      vertex   -3.124257e-01 -1.633227e-01 -9.191056e-01
      vertex   -3.129176e-01 -1.639315e-01 -9.153728e-01
      vertex   -3.128435e-01 -1.635806e-01 -9.173107e-01
    endloop
  endfacet
  facet normal -2.536965e-01 1.448738e-01 -9.563732e-01
    outer loop
      vertex   -3.277516e-01 -1.536805e-01 -9.180792e-01
      vertex   -3.272288e-01 -1.515708e-01 -9.178983e-01
      vertex   -3.270249e-01 -1.520172e-01 -9.180200e-01
    endloop
  endfacet
  facet normal 9.229102e-02 2.753254e-02 -9.953514e-01
    outer loop
      vertex   -3.428555e-01 -1.527328e-01 -9.193794e-01
      vertex   -3.272288e-01 -1.515708e-01 -9.178983e-01
      vertex   -3.278771e-01 -1.539387e-01 -9.180239e-01
    endloop
  endfacet
  facet normal -5.375471e-02 2.397366e-01 -9.693486e-01
    outer loop
      vertex   -3.272288e-01 -1.515708e-01 -9.178983e-01
      vertex   -3.269337e-01 -1.510249e-01 -9.177796e-01
      vertex   -3.270249e-01 -1.520172e-01 -9.180200e-01
    endloop
  endfacet
  facet normal -9.480442e-02 1.246717e-01 -9.876584e-01
    outer loop
      vertex   -3.261834e-01 -1.491139e-01 -9.174743e-01
      vertex   -3.264514e-01 -1.494878e-01 -9.174958e-01
      vertex   -3.256333e-01 -1.470922e-01 -9.172720e-01
    endloop
  endfacet
  facet normal -4.741122e-01 2.144913e-01 -8.539386e-01
    outer loop
      vertex   -3.261834e-01 -1.491139e-01 -9.174743e-01
      vertex   -3.256333e-01 -1.470922e-01 -9.172720e-01
      vertex   -3.253554e-01 -1.467808e-01 -9.173480e-01
    endloop
  endfacet
  facet normal 5.545374e-01 -3.057872e-01 7.739396e-01
    outer loop
      vertex   -3.256333e-01 -1.470922e-01 -9.172720e-01
      vertex   -3.272288e-01 -1.515708e-01 -9.178983e-01
      vertex   -3.253554e-01 -1.467808e-01 -9.173480e-01
    endloop
  endfacet
  facet normal 6.408765e-02 1.068981e-01 -9.922024e-01
    outer loop
      vertex   -3.270249e-01 -1.520172e-01 -9.180200e-01
      vertex   -3.253554e-01 -1.467808e-01 -9.173480e-01
      vertex   -3.201334e-01 -1.744982e-01 -9.199969e-01
    endloop
  endfacet
  facet normal -8.507834e-01 3.243103e-01 -4.135099e-01
    outer loop
      vertex   -3.253554e-01 -1.467808e-01 -9.173480e-01
      vertex   -3.270249e-01 -1.520172e-01 -9.180200e-01
      vertex   -3.261834e-01 -1.491139e-01 -9.174743e-01
    endloop
  endfacet
  facet normal -2.827190e-01 2.556938e-01 -9.244948e-01
    outer loop
      vertex   -3.270249e-01 -1.520172e-01 -9.180200e-01
      vertex   -3.264514e-01 -1.494878e-01 -9.174958e-01
      vertex   -3.261834e-01 -1.491139e-01 -9.174743e-01
    endloop
  endfacet
  facet normal -7.883972e-01 -6.150676e-01 -1.103290e-02
    outer loop
      vertex   -3.119663e-01 -1.639002e-01 -9.197368e-01
      vertex   -3.124257e-01 -1.633227e-01 -9.191056e-01
      vertex   -3.253554e-01 -1.467808e-01 -9.173480e-01
    endloop
  endfacet
  facet normal -6.226815e-01 2.962660e-01 -7.242198e-01
    outer loop
      vertex   -3.118993e-01 -1.662354e-01 -9.207497e-01
      vertex   -3.124257e-01 -1.633227e-01 -9.191056e-01
      vertex   -3.119663e-01 -1.639002e-01 -9.197368e-01
    endloop
  endfacet
  facet normal -1.373968e-01 -2.152765e-03 -9.905137e-01
    outer loop
      vertex   -3.129379e-01 -1.632062e-01 -9.190348e-01
      vertex   -3.253554e-01 -1.467808e-01 -9.173480e-01
      vertex   -3.124257e-01 -1.633227e-01 -9.191056e-01
    endloop
  endfacet
  facet normal -1.569873e-01 -9.276026e-02 -9.832347e-01
    outer loop
      vertex   -3.130731e-01 -1.635546e-01 -9.189803e-01
      vertex   -3.129379e-01 -1.632062e-01 -9.190348e-01
      vertex   -3.124257e-01 -1.633227e-01 -9.191056e-01
    endloop
  endfacet
  facet normal -9.686361e-01 -3.630763e-02 -2.458168e-01
    outer loop
      vertex   -3.124257e-01 -1.633227e-01 -9.191056e-01
      vertex   -3.118993e-01 -1.662354e-01 -9.207497e-01
      vertex   -3.136609e-01 -1.656362e-01 -9.138963e-01
    endloop
  endfacet
  facet normal 8.849345e-01 -4.650743e-01 2.443100e-02
    outer loop
      vertex   -2.989028e-01 -1.760904e-01 -9.155022e-01
      vertex   -2.980547e-01 -1.746572e-01 -9.189403e-01
      vertex   -2.982891e-01 -1.750255e-01 -9.174591e-01
    endloop
  endfacet
  facet normal -5.136211e-01 -8.101042e-01 -2.827091e-01
    outer loop
      vertex   -2.982891e-01 -1.750255e-01 -9.174591e-01
      vertex   -2.980547e-01 -1.746572e-01 -9.189403e-01
      vertex   -2.987428e-01 -1.766536e-01 -9.119695e-01
    endloop
  endfacet
  facet normal 6.566419e-01 -6.982622e-01 2.850463e-01
    outer loop
      vertex   -2.798999e-01 -1.775912e-01 -9.190592e-01
      vertex   -2.827014e-01 -1.723958e-01 -8.998786e-01
      vertex   -2.805295e-01 -1.780879e-01 -9.188257e-01
    endloop
  endfacet
  facet normal -4.426254e-01 -4.811548e-01 7.566854e-01
    outer loop
      vertex   -2.827014e-01 -1.723958e-01 -8.998786e-01
      vertex   -2.987428e-01 -1.766536e-01 -9.119695e-01
      vertex   -2.942102e-01 -1.902446e-01 -9.179603e-01
    endloop
  endfacet
  facet normal -2.507514e-01 3.718422e-01 8.937881e-01
    outer loop
      vertex   -2.786489e-01 -1.787646e-01 -9.121645e-01
      vertex   -2.754725e-01 -1.910575e-01 -9.061592e-01
      vertex   -2.605892e-01 -1.891073e-01 -9.027950e-01
    endloop
  endfacet
  facet normal -8.782460e-01 6.661666e-03 4.781628e-01
    outer loop
      vertex   -2.786489e-01 -1.787646e-01 -9.121645e-01
      vertex   -2.765343e-01 -1.940913e-01 -9.080670e-01
      vertex   -2.754725e-01 -1.910575e-01 -9.061592e-01
    endloop
  endfacet
  facet normal -2.545485e-01 -7.427080e-01 6.193464e-01
    outer loop
      vertex   -2.798999e-01 -1.775912e-01 -9.190592e-01
      vertex   -2.746198e-01 -1.681493e-01 -9.055666e-01
      vertex   -2.752383e-01 -1.685684e-01 -9.063233e-01
    endloop
  endfacet
  facet normal 2.604892e-01 -9.189901e-01 2.959775e-01
    outer loop
      vertex   -2.746198e-01 -1.681493e-01 -9.055666e-01
      vertex   -2.750599e-01 -1.682564e-01 -9.055117e-01
      vertex   -2.752383e-01 -1.685684e-01 -9.063233e-01
    endloop
  endfacet
  facet normal -9.501360e-01 2.292372e-01 2.114043e-01
    outer loop
      vertex   -2.746198e-01 -1.681493e-01 -9.055666e-01
      vertex   -2.798999e-01 -1.775912e-01 -9.190592e-01
      vertex   -2.786489e-01 -1.787646e-01 -9.121645e-01
    endloop
  endfacet
  facet normal -2.760523e-01 -1.166418e-01 -9.540387e-01
    outer loop
      vertex   -2.798999e-01 -1.775912e-01 -9.190592e-01
      vertex   -2.798635e-01 -1.760627e-01 -9.192566e-01
      vertex   -2.581015e-01 -1.715657e-01 -9.261033e-01
    endloop
  endfacet
  facet normal -2.806028e-01 -1.007446e-01 -9.545222e-01
    outer loop
      vertex   -2.596427e-01 -1.990186e-01 -9.227527e-01
      vertex   -2.798999e-01 -1.775912e-01 -9.190592e-01
      vertex   -2.581015e-01 -1.715657e-01 -9.261033e-01
    endloop
  endfacet
  facet normal -4.359679e-01 -2.638453e-01 -8.604171e-01
    outer loop
      vertex   -2.596427e-01 -1.990186e-01 -9.227527e-01
      vertex   -2.728506e-01 -1.997631e-01 -9.158320e-01
      vertex   -2.798999e-01 -1.775912e-01 -9.190592e-01
    endloop
  endfacet
  facet normal 4.170857e-01 -1.331446e-01 -8.990617e-01
    outer loop
      vertex   -2.596427e-01 -1.990186e-01 -9.227527e-01
      vertex   -2.581015e-01 -1.715657e-01 -9.261033e-01
      vertex   -2.477786e-01 -1.849001e-01 -9.193396e-01
    endloop
  endfacet
  facet normal -1.166272e-01 -9.389811e-01 -3.235931e-01
    outer loop
      vertex   -2.624748e-01 -2.024931e-01 -9.116500e-01
      vertex   -2.728506e-01 -1.997631e-01 -9.158320e-01
      vertex   -2.596427e-01 -1.990186e-01 -9.227527e-01
    endloop
  endfacet
  facet normal -8.594938e-01 -3.300708e-01 -3.902867e-01
    outer loop
      vertex   -2.771161e-01 -1.958648e-01 -9.097355e-01
      vertex   -2.798999e-01 -1.775912e-01 -9.190592e-01
      vertex   -2.728506e-01 -1.997631e-01 -9.158320e-01
    endloop
  endfacet
  facet normal -5.764070e-02 -1.265169e-01 -9.902884e-01
    outer loop
      vertex   -2.801914e-01 -1.771411e-01 -9.190997e-01
      vertex   -2.798635e-01 -1.760627e-01 -9.192566e-01
      vertex   -2.798999e-01 -1.775912e-01 -9.190592e-01
    endloop
  endfacet
  facet normal -8.522667e-01 1.754042e-01 -4.928234e-01
    outer loop
      vertex   -2.798635e-01 -1.760627e-01 -9.192566e-01
      vertex   -2.803835e-01 -1.777291e-01 -9.189505e-01
      vertex   -2.805295e-01 -1.780879e-01 -9.188257e-01
    endloop
  endfacet
  facet normal -9.455933e-01 2.588230e-01 -1.971392e-01
    outer loop
      vertex   -2.798635e-01 -1.760627e-01 -9.192566e-01
      vertex   -2.801914e-01 -1.771411e-01 -9.190997e-01
      vertex   -2.803835e-01 -1.777291e-01 -9.189505e-01
    endloop
  endfacet
  facet normal -1.670326e-02 -2.028238e-01 -9.790728e-01
    outer loop
      vertex   -2.977924e-01 -1.737088e-01 -9.194383e-01
      vertex   -2.798635e-01 -1.760627e-01 -9.192566e-01
      vertex   -2.805295e-01 -1.780879e-01 -9.188257e-01
    endloop
  endfacet
  facet normal -1.132859e-01 -6.262081e-01 -7.713817e-01
    outer loop
      vertex   -2.798635e-01 -1.760627e-01 -9.192566e-01
      vertex   -2.975619e-01 -1.715258e-01 -9.203404e-01
      vertex   -2.581015e-01 -1.715657e-01 -9.261033e-01
    endloop
  endfacet
  facet normal 8.209536e-02 -5.916093e-02 9.948670e-01
    outer loop
      vertex   -2.425931e-01 -1.642847e-01 -9.028039e-01
      vertex   -2.605892e-01 -1.891073e-01 -9.027950e-01
      vertex   -2.587697e-01 -1.892963e-01 -9.029564e-01
    endloop
  endfacet
  facet normal -4.316394e-01 -4.085954e-01 8.041997e-01
    outer loop
      vertex   -2.624748e-01 -2.024931e-01 -9.116500e-01
      vertex   -2.587697e-01 -1.892963e-01 -9.029564e-01
      vertex   -2.728506e-01 -1.997631e-01 -9.158320e-01
    endloop
  endfacet
  facet normal 4.844359e-01 -5.809012e-01 6.541220e-01
    outer loop
      vertex   -2.765343e-01 -1.940913e-01 -9.080670e-01
      vertex   -2.728506e-01 -1.997631e-01 -9.158320e-01
      vertex   -2.754725e-01 -1.910575e-01 -9.061592e-01
    endloop
  endfacet
  facet normal 3.828523e-01 -6.500258e-01 6.564226e-01
    outer loop
      vertex   -2.728506e-01 -1.997631e-01 -9.158320e-01
      vertex   -2.765343e-01 -1.940913e-01 -9.080670e-01
      vertex   -2.768441e-01 -1.950162e-01 -9.088022e-01
    endloop
  endfacet
  facet normal 2.050812e-01 -7.531483e-01 6.250675e-01
    outer loop
      vertex   -2.728506e-01 -1.997631e-01 -9.158320e-01
      vertex   -2.768441e-01 -1.950162e-01 -9.088022e-01
      vertex   -2.771161e-01 -1.958648e-01 -9.097355e-01
    endloop
  endfacet
  facet normal -9.366910e-01 2.750048e-01 2.167542e-01
    outer loop
      vertex   -2.798999e-01 -1.775912e-01 -9.190592e-01
      vertex   -2.794325e-01 -1.794213e-01 -9.147175e-01
      vertex   -2.786489e-01 -1.787646e-01 -9.121645e-01
    endloop
  endfacet
  facet normal -9.354160e-01 -2.492247e-02 3.526694e-01
    outer loop
      vertex   -2.794325e-01 -1.794213e-01 -9.147175e-01
      vertex   -2.771161e-01 -1.958648e-01 -9.097355e-01
      vertex   -2.765343e-01 -1.940913e-01 -9.080670e-01
    endloop
  endfacet
  facet normal 6.464558e-01 -7.071018e-01 2.865343e-01
    outer loop
      vertex   -2.942102e-01 -1.902446e-01 -9.179603e-01
      vertex   -2.805295e-01 -1.780879e-01 -9.188257e-01
      vertex   -2.827014e-01 -1.723958e-01 -8.998786e-01
    endloop
  endfacet
  facet normal -6.479345e-01 -2.059096e-01 -7.333363e-01
    outer loop
      vertex   -2.977924e-01 -1.737088e-01 -9.194383e-01
      vertex   -2.942102e-01 -1.902446e-01 -9.179603e-01
      vertex   -2.980547e-01 -1.746572e-01 -9.189403e-01
    endloop
  endfacet
  facet normal -9.695822e-01 1.825074e-01 -1.630991e-01
    outer loop
      vertex   -2.977924e-01 -1.737088e-01 -9.194383e-01
      vertex   -2.980547e-01 -1.746572e-01 -9.189403e-01
      vertex   -2.989028e-01 -1.760904e-01 -9.155022e-01
    endloop
  endfacet
  facet normal -9.600812e-01 -1.408511e-02 -2.793666e-01
    outer loop
      vertex   -2.989028e-01 -1.760904e-01 -9.155022e-01
      vertex   -2.975619e-01 -1.715258e-01 -9.203404e-01
      vertex   -2.977924e-01 -1.737088e-01 -9.194383e-01
    endloop
  endfacet
  facet normal 1.719326e-01 3.961685e-01 -9.019366e-01
    outer loop
      vertex   -3.118993e-01 -1.662354e-01 -9.207497e-01
      vertex   -3.119663e-01 -1.639002e-01 -9.197368e-01
      vertex   -2.975619e-01 -1.715258e-01 -9.203404e-01
    endloop
  endfacet
  facet normal 5.358881e-02 1.789918e-01 -9.823900e-01
    outer loop
      vertex   -2.975619e-01 -1.715258e-01 -9.203404e-01
      vertex   -3.119663e-01 -1.639002e-01 -9.197368e-01
      vertex   -3.253554e-01 -1.467808e-01 -9.173480e-01
    endloop
  endfacet
  facet normal 1.031248e-01 -2.644928e-02 -9.943167e-01
    outer loop
      vertex   -2.581015e-01 -1.715657e-01 -9.261033e-01
      vertex   -2.779448e-01 -1.047421e-01 -9.299388e-01
      vertex   -2.317891e-01 -1.320325e-01 -9.244259e-01
    endloop
  endfacet
  facet normal 5.961338e-01 -4.390862e-01 6.721814e-01
    outer loop
      vertex   -2.425931e-01 -1.642847e-01 -9.028039e-01
      vertex   -2.282428e-01 -1.225120e-01 -8.882438e-01
      vertex   -2.414797e-01 -1.061780e-01 -8.658346e-01
    endloop
  endfacet
  facet normal -4.754336e-01 -2.686261e-01 8.377368e-01
    outer loop
      vertex   -3.182693e-01 -1.173405e-01 -8.929482e-01
      vertex   -3.261682e-01 -1.487348e-01 -9.074978e-01
      vertex   -2.957811e-01 -1.515304e-01 -8.911489e-01
    endloop
  endfacet
  facet normal -9.881608e-01 9.756951e-02 1.183992e-01
    outer loop
      vertex   -3.428555e-01 -1.527328e-01 -9.193794e-01
      vertex   -3.411372e-01 -1.485662e-01 -9.084720e-01
      vertex   -3.385381e-01 -1.183440e-01 -9.116855e-01
    endloop
  endfacet
  facet normal 8.819052e-02 7.957841e-02 -9.929198e-01
    outer loop
      vertex   -3.428555e-01 -1.527328e-01 -9.193794e-01
      vertex   -3.253554e-01 -1.467808e-01 -9.173480e-01
      vertex   -3.272288e-01 -1.515708e-01 -9.178983e-01
    endloop
  endfacet
  facet normal -1.438924e-01 -9.924362e-02 -9.846043e-01
    outer loop
      vertex   -2.975619e-01 -1.715258e-01 -9.203404e-01
      vertex   -2.779448e-01 -1.047421e-01 -9.299388e-01
      vertex   -2.581015e-01 -1.715657e-01 -9.261033e-01
    endloop
  endfacet
  facet normal 8.512708e-01 -2.989497e-01 -4.312391e-01
    outer loop
      vertex   -2.317891e-01 -1.320325e-01 -9.244259e-01
      vertex   -2.202482e-01 -1.238560e-01 -9.073121e-01
      vertex   -2.477786e-01 -1.849001e-01 -9.193396e-01
    endloop
  endfacet
  facet normal -1.871661e-01 -4.766830e-01 8.589192e-01
    outer loop
      vertex   -2.575963e-01 -8.171024e-02 -8.440793e-01
      vertex   -2.957811e-01 -1.515304e-01 -8.911489e-01
      vertex   -2.827014e-01 -1.723958e-01 -8.998786e-01
    endloop
  endfacet
  facet normal -6.792676e-01 2.424627e-02 7.334901e-01
    outer loop
      vertex   -3.182693e-01 -1.173405e-01 -8.929482e-01
      vertex   -3.117234e-01 -7.046496e-02 -8.884358e-01
      vertex   -3.385381e-01 -1.183440e-01 -9.116855e-01
    endloop
  endfacet
  facet normal -6.761913e-01 1.351573e-01 7.242222e-01
    outer loop
      vertex   -3.182693e-01 -1.173405e-01 -8.929482e-01
      vertex   -3.385381e-01 -1.183440e-01 -9.116855e-01
      vertex   -3.411372e-01 -1.485662e-01 -9.084720e-01
    endloop
  endfacet
  facet normal -4.760485e-01 -4.580929e-02 -8.782251e-01
    outer loop
      vertex   -3.197730e-01 -8.669677e-02 -9.235080e-01
      vertex   -3.253554e-01 -1.467808e-01 -9.173480e-01
      vertex   -3.385381e-01 -1.183440e-01 -9.116855e-01
    endloop
  endfacet
  facet normal 1.822178e-01 1.108179e-01 -9.769934e-01
    outer loop
      vertex   -2.779448e-01 -1.047421e-01 -9.299388e-01
      vertex   -2.271707e-01 -9.383129e-02 -9.192314e-01
      vertex   -2.317891e-01 -1.320325e-01 -9.244259e-01
    endloop
  endfacet
  facet normal 8.345377e-01 -2.606196e-02 -5.503341e-01
    outer loop
      vertex   -2.202482e-01 -1.238560e-01 -9.073121e-01
      vertex   -2.317891e-01 -1.320325e-01 -9.244259e-01
      vertex   -2.271707e-01 -9.383129e-02 -9.192314e-01
    endloop
  endfacet
  facet normal 2.335642e-01 -5.556381e-01 7.979436e-01
    outer loop
      vertex   -2.414797e-01 -1.061780e-01 -8.658346e-01
      vertex   -2.575963e-01 -8.171024e-02 -8.440793e-01
      vertex   -2.827014e-01 -1.723958e-01 -8.998786e-01
    endloop
  endfacet
  facet normal -4.955102e-01 -2.826958e-01 8.213116e-01
    outer loop
      vertex   -3.182693e-01 -1.173405e-01 -8.929482e-01
      vertex   -2.957811e-01 -1.515304e-01 -8.911489e-01
      vertex   -2.575963e-01 -8.171024e-02 -8.440793e-01
    endloop
  endfacet
  facet normal -7.361357e-01 3.774289e-02 6.757808e-01
    outer loop
      vertex   -3.182693e-01 -1.173405e-01 -8.929482e-01
      vertex   -2.801066e-01 -7.661951e-02 -8.536515e-01
      vertex   -3.117234e-01 -7.046496e-02 -8.884358e-01
    endloop
  endfacet
  facet normal -8.554418e-01 2.622199e-01 4.466095e-01
    outer loop
      vertex   -3.385381e-01 -1.183440e-01 -9.116855e-01
      vertex   -3.117234e-01 -7.046496e-02 -8.884358e-01
      vertex   -3.261985e-01 -7.460021e-02 -9.137335e-01
    endloop
  endfacet
  facet normal 2.007819e-01 2.666542e-02 -9.792730e-01
    outer loop
      vertex   -2.271707e-01 -9.383129e-02 -9.192314e-01
      vertex   -2.779448e-01 -1.047421e-01 -9.299388e-01
      vertex   -2.395726e-01 -5.890655e-02 -9.208232e-01
    endloop
  endfacet
  facet normal -4.334580e-01 -3.816083e-01 8.163880e-01
    outer loop
      vertex   -3.182693e-01 -1.173405e-01 -8.929482e-01
      vertex   -2.575963e-01 -8.171024e-02 -8.440793e-01
      vertex   -2.801066e-01 -7.661951e-02 -8.536515e-01
    endloop
  endfacet
  facet normal -1.305203e-01 5.032461e-02 -9.901676e-01
    outer loop
      vertex   -2.576443e-01 -1.671988e-02 -9.281411e-01
      vertex   -2.779448e-01 -1.047421e-01 -9.299388e-01
      vertex   -3.197730e-01 -8.669677e-02 -9.235080e-01
    endloop
  endfacet
  facet normal -6.598163e-01 5.056546e-01 -5.558379e-01
    outer loop
      vertex   -2.923619e-01 -1.781675e-02 -9.022429e-01
      vertex   -2.990237e-01 -4.271273e-02 -9.169831e-01
      vertex   -3.261985e-01 -7.460021e-02 -9.137335e-01
    endloop
  endfacet
  facet normal -5.131613e-01 3.578148e-01 -7.801500e-01
    outer loop
      vertex   -2.990237e-01 -4.271273e-02 -9.169831e-01
      vertex   -3.197730e-01 -8.669677e-02 -9.235080e-01
      vertex   -3.261985e-01 -7.460021e-02 -9.137335e-01
    endloop
  endfacet
  facet normal 7.593597e-02 -1.387514e-01 -9.874117e-01
    outer loop
      vertex   -2.576443e-01 -1.671988e-02 -9.281411e-01
      vertex   -2.272477e-01 -4.008316e-03 -9.275897e-01
      vertex   -2.395726e-01 -5.890655e-02 -9.208232e-01
    endloop
  endfacet
  facet normal 6.701933e-01 2.054840e-01 -7.131741e-01
    outer loop
      vertex   -2.271707e-01 -9.383129e-02 -9.192314e-01
      vertex   -2.395726e-01 -5.890655e-02 -9.208232e-01
      vertex   -2.141747e-01 -6.457552e-02 -8.985893e-01
    endloop
  endfacet
  facet normal -3.202207e-01 1.056476e-01 -9.414336e-01
    outer loop
      vertex   -2.576443e-01 -1.671988e-02 -9.281411e-01
      vertex   -2.990237e-01 -4.271273e-02 -9.169831e-01
      vertex   -2.693523e-01 6.984345e-03 -9.214986e-01
    endloop
  endfacet
  facet normal 4.174233e-01 -2.028898e-01 -8.857728e-01
    outer loop
      vertex   -2.080643e-01 1.187953e-03 -9.197397e-01
      vertex   -2.395726e-01 -5.890655e-02 -9.208232e-01
      vertex   -2.272477e-01 -4.008316e-03 -9.275897e-01
    endloop
  endfacet
  facet normal 5.908273e-01 -2.962476e-01 -7.504402e-01
    outer loop
      vertex   -2.141747e-01 -6.457552e-02 -8.985893e-01
      vertex   -2.395726e-01 -5.890655e-02 -9.208232e-01
      vertex   -2.080643e-01 1.187953e-03 -9.197397e-01
    endloop
  endfacet
  facet normal 4.515701e-02 -6.470152e-01 7.611387e-01
    outer loop
      vertex   -2.414797e-01 -1.061780e-01 -8.658346e-01
      vertex   -2.338329e-01 -3.992383e-02 -8.099681e-01
      vertex   -2.575963e-01 -8.171024e-02 -8.440793e-01
    endloop
  endfacet
  facet normal -7.362565e-01 -2.663277e-01 6.220899e-01
    outer loop
      vertex   -3.117234e-01 -7.046496e-02 -8.884358e-01
      vertex   -2.801066e-01 -7.661951e-02 -8.536515e-01
      vertex   -2.745482e-01 -1.835220e-02 -8.221277e-01
    endloop
  endfacet
  facet normal -8.061440e-01 4.459701e-01 -3.888991e-01
    outer loop
      vertex   -2.693523e-01 6.984345e-03 -9.214986e-01
      vertex   -2.990237e-01 -4.271273e-02 -9.169831e-01
      vertex   -2.923619e-01 -1.781675e-02 -9.022429e-01
    endloop
  endfacet
  facet normal -3.364991e-01 9.629422e-02 -9.367474e-01
    outer loop
      vertex   -2.693523e-01 6.984345e-03 -9.214986e-01
      vertex   -2.433109e-01 4.430722e-02 -9.270166e-01
      vertex   -2.576443e-01 -1.671988e-02 -9.281411e-01
    endloop
  endfacet
  facet normal -7.644182e-01 2.922765e-01 -5.746645e-01
    outer loop
      vertex   -2.693523e-01 6.984345e-03 -9.214986e-01
      vertex   -2.703650e-01 3.074468e-02 -9.080669e-01
      vertex   -2.574044e-01 5.611891e-02 -9.124016e-01
    endloop
  endfacet
  facet normal -5.670978e-01 2.812291e-01 -7.741513e-01
    outer loop
      vertex   -2.574044e-01 5.611891e-02 -9.124016e-01
      vertex   -2.433109e-01 4.430722e-02 -9.270166e-01
      vertex   -2.693523e-01 6.984345e-03 -9.214986e-01
    endloop
  endfacet
  facet normal 8.146852e-01 -4.258956e-01 3.935747e-01
    outer loop
      vertex   -2.414797e-01 -1.061780e-01 -8.658346e-01
      vertex   -2.039100e-01 -2.887266e-02 -8.599488e-01
      vertex   -2.338329e-01 -3.992383e-02 -8.099681e-01
    endloop
  endfacet
  facet normal -9.150339e-01 2.530265e-01 3.141504e-01
    outer loop
      vertex   -3.117234e-01 -7.046496e-02 -8.884358e-01
      vertex   -2.745482e-01 -1.835220e-02 -8.221277e-01
      vertex   -2.827709e-01 -1.798778e-04 -8.607148e-01
    endloop
  endfacet
  facet normal -7.768022e-01 2.844889e-01 -5.618224e-01
    outer loop
      vertex   -2.703650e-01 3.074468e-02 -9.080669e-01
      vertex   -2.693523e-01 6.984345e-03 -9.214986e-01
      vertex   -2.923619e-01 -1.781675e-02 -9.022429e-01
    endloop
  endfacet
  facet normal -6.847608e-01 7.273083e-01 -4.610041e-02
    outer loop
      vertex   -2.574044e-01 5.611891e-02 -9.124016e-01
      vertex   -2.569665e-01 5.855630e-02 -8.804526e-01
      vertex   -2.402427e-01 7.205099e-02 -9.159619e-01
    endloop
  endfacet
  facet normal 5.306935e-04 1.203760e-02 -9.999274e-01
    outer loop
      vertex   -2.272477e-01 -4.008316e-03 -9.275897e-01
      vertex   -2.433109e-01 4.430722e-02 -9.270166e-01
      vertex   -2.107019e-01 4.601301e-02 -9.269787e-01
    endloop
  endfacet
  facet normal 9.272869e-01 -3.733607e-01 -2.721780e-02
    outer loop
      vertex   -1.867397e-01 1.263304e-02 -8.443262e-01
      vertex   -2.039100e-01 -2.887266e-02 -8.599488e-01
      vertex   -1.976453e-01 -1.119503e-02 -8.890099e-01
    endloop
  endfacet
  facet normal -9.115160e-01 4.102336e-01 2.910401e-02
    outer loop
      vertex   -2.703650e-01 3.074468e-02 -9.080669e-01
      vertex   -2.827709e-01 -1.798778e-04 -8.607148e-01
      vertex   -2.569665e-01 5.855630e-02 -8.804526e-01
    endloop
  endfacet
  facet normal -5.167508e-01 8.340040e-01 1.934063e-01
    outer loop
      vertex   -2.569665e-01 5.855630e-02 -8.804526e-01
      vertex   -2.719281e-01 4.032170e-02 -8.417965e-01
      vertex   -2.400364e-01 6.175338e-02 -8.490044e-01
    endloop
  endfacet
  facet normal -4.264679e-01 8.967646e-01 1.180606e-01
    outer loop
      vertex   -2.208205e-01 6.605563e-02 -8.122702e-01
      vertex   -2.268209e-01 7.429498e-02 -8.965298e-01
      vertex   -2.400364e-01 6.175338e-02 -8.490044e-01
    endloop
  endfacet
  facet normal 4.142147e-01 9.082444e-01 5.931543e-02
    outer loop
      vertex   -2.036241e-01 6.171617e-02 -8.659106e-01
      vertex   -2.268209e-01 7.429498e-02 -8.965298e-01
      vertex   -2.208205e-01 6.605563e-02 -8.122702e-01
    endloop
  endfacet
  facet normal 8.909580e-01 -4.268645e-01 1.548566e-01
    outer loop
      vertex   -2.012592e-01 -1.133613e-02 -8.268605e-01
      vertex   -2.039100e-01 -2.887266e-02 -8.599488e-01
      vertex   -1.867397e-01 1.263304e-02 -8.443262e-01
    endloop
  endfacet
  facet normal 7.114150e-01 -6.429388e-01 2.837577e-01
    outer loop
      vertex   -2.012592e-01 -1.133613e-02 -8.268605e-01
      vertex   -2.338329e-01 -3.992383e-02 -8.099681e-01
      vertex   -2.039100e-01 -2.887266e-02 -8.599488e-01
    endloop
  endfacet
  facet normal 8.634814e-01 -5.036789e-01 2.659799e-02
    outer loop
      vertex   -2.012592e-01 -1.133613e-02 -8.268605e-01
      vertex   -1.867397e-01 1.263304e-02 -8.443262e-01
      vertex   -1.850574e-01 1.932681e-02 -7.721819e-01
    endloop
  endfacet
  facet normal -5.607867e-01 8.277156e-01 -2.013060e-02
    outer loop
      vertex   -2.623200e-01 4.851466e-02 -7.725793e-01
      vertex   -2.400364e-01 6.175338e-02 -8.490044e-01
      vertex   -2.719281e-01 4.032170e-02 -8.417965e-01
    endloop
  endfacet
  facet normal -6.767832e-01 7.328093e-01 -7.039245e-02
    outer loop
      vertex   -2.400364e-01 6.175338e-02 -8.490044e-01
      vertex   -2.623200e-01 4.851466e-02 -7.725793e-01
      vertex   -2.443034e-01 6.894523e-02 -7.331096e-01
    endloop
  endfacet
  facet normal -9.766033e-02 9.930804e-01 -6.522127e-02
    outer loop
      vertex   -2.443034e-01 6.894523e-02 -7.331096e-01
      vertex   -2.208205e-01 6.605563e-02 -8.122702e-01
      vertex   -2.400364e-01 6.175338e-02 -8.490044e-01
    endloop
  endfacet
  facet normal 9.105153e-01 -4.116363e-01 -3.895474e-02
    outer loop
      vertex   -2.012592e-01 -1.133613e-02 -8.268605e-01
      vertex   -1.850574e-01 1.932681e-02 -7.721819e-01
      vertex   -2.013899e-01 -1.707519e-02 -7.692711e-01
    endloop
  endfacet
  facet normal -9.716661e-01 2.091365e-01 1.101223e-01
    outer loop
      vertex   -2.719281e-01 4.032170e-02 -8.417965e-01
      vertex   -2.695848e-01 4.289383e-03 -7.526907e-01
      vertex   -2.623200e-01 4.851466e-02 -7.725793e-01
    endloop
  endfacet
  facet normal 9.305461e-01 3.559337e-01 -8.599483e-02
    outer loop
      vertex   -1.898853e-01 5.762976e-02 -7.341577e-01
      vertex   -1.913932e-01 3.211401e-02 -8.560847e-01
      vertex   -2.036241e-01 6.171617e-02 -8.659106e-01
    endloop
  endfacet
  facet normal -1.755051e-01 9.805505e-01 -8.785645e-02
    outer loop
      vertex   -2.207187e-01 7.584012e-02 -7.032706e-01
      vertex   -2.208205e-01 6.605563e-02 -8.122702e-01
      vertex   -2.443034e-01 6.894523e-02 -7.331096e-01
    endloop
  endfacet
  facet normal -1.210286e-01 -9.702712e-01 -2.095853e-01
    outer loop
      vertex   -2.532824e-01 -2.103718e-02 -7.876085e-01
      vertex   -2.239693e-01 -2.698506e-02 -7.770002e-01
      vertex   -2.338284e-01 -5.333825e-02 -6.493053e-01
    endloop
  endfacet
  facet normal -6.600636e-01 -7.297051e-01 -1.784556e-01
    outer loop
      vertex   -2.571641e-01 -4.073241e-02 -6.145377e-01
      vertex   -2.695848e-01 4.289383e-03 -7.526907e-01
      vertex   -2.338284e-01 -5.333825e-02 -6.493053e-01
    endloop
  endfacet
  facet normal -2.745796e-02 9.956219e-01 -8.934764e-02
    outer loop
      vertex   -2.036241e-01 6.171617e-02 -8.659106e-01
      vertex   -2.208205e-01 6.605563e-02 -8.122702e-01
      vertex   -2.207187e-01 7.584012e-02 -7.032706e-01
    endloop
  endfacet
  facet normal 4.595130e-01 -8.524159e-01 -2.494692e-01
    outer loop
      vertex   -2.239693e-01 -2.698506e-02 -7.770002e-01
      vertex   -2.013899e-01 -1.707519e-02 -7.692711e-01
      vertex   -2.128094e-01 -4.389924e-02 -6.986499e-01
    endloop
  endfacet
  facet normal -9.880438e-01 1.173195e-01 -1.000281e-01
    outer loop
      vertex   -2.732688e-01 2.585011e-02 -6.910139e-01
      vertex   -2.623200e-01 4.851466e-02 -7.725793e-01
      vertex   -2.695848e-01 4.289383e-03 -7.526907e-01
    endloop
  endfacet
  facet normal -6.425837e-01 7.596738e-01 -9.990915e-02
    outer loop
      vertex   -2.443034e-01 6.894523e-02 -7.331096e-01
      vertex   -2.623200e-01 4.851466e-02 -7.725793e-01
      vertex   -2.604545e-01 6.564447e-02 -6.543288e-01
    endloop
  endfacet
  facet normal 8.769420e-01 -4.130973e-01 -2.456080e-01
    outer loop
      vertex   -2.013899e-01 -1.707519e-02 -7.692711e-01
      vertex   -1.850574e-01 1.932681e-02 -7.721819e-01
      vertex   -1.756551e-01 -1.276083e-02 -6.846418e-01
    endloop
  endfacet
  facet normal 8.992443e-01 3.206741e-01 -2.975364e-01
    outer loop
      vertex   -1.898853e-01 5.762976e-02 -7.341577e-01
      vertex   -1.608786e-01 5.962571e-02 -6.443396e-01
      vertex   -1.667657e-01 3.135763e-02 -6.925985e-01
    endloop
  endfacet
  facet normal 8.910661e-01 3.713613e-01 -2.609443e-01
    outer loop
      vertex   -1.850574e-01 1.932681e-02 -7.721819e-01
      vertex   -1.898853e-01 5.762976e-02 -7.341577e-01
      vertex   -1.667657e-01 3.135763e-02 -6.925985e-01
    endloop
  endfacet
  facet normal -9.828426e-01 1.628038e-01 -8.669119e-02
    outer loop
      vertex   -2.709668e-01 4.939177e-02 -6.729017e-01
      vertex   -2.623200e-01 4.851466e-02 -7.725793e-01
      vertex   -2.732688e-01 2.585011e-02 -6.910139e-01
    endloop
  endfacet
  facet normal -3.737477e-01 9.267601e-01 -3.779371e-02
    outer loop
      vertex   -2.604545e-01 6.564447e-02 -6.543288e-01
      vertex   -2.251063e-01 8.078223e-02 -6.326911e-01
      vertex   -2.443034e-01 6.894523e-02 -7.331096e-01
    endloop
  endfacet
  facet normal 8.893126e-01 -7.118048e-02 -4.517261e-01
    outer loop
      vertex   -1.417355e-01 5.572474e-03 -6.207532e-01
      vertex   -1.545160e-01 -1.008548e-02 -6.434468e-01
      vertex   -1.756551e-01 -1.276083e-02 -6.846418e-01
    endloop
  endfacet
  facet normal 8.831220e-01 -2.495819e-01 -3.972459e-01
    outer loop
      vertex   -1.667657e-01 3.135763e-02 -6.925985e-01
      vertex   -1.417355e-01 5.572474e-03 -6.207532e-01
      vertex   -1.756551e-01 -1.276083e-02 -6.846418e-01
    endloop
  endfacet
  facet normal -9.894701e-01 1.356308e-01 -5.053023e-02
    outer loop
      vertex   -2.732688e-01 2.585011e-02 -6.910139e-01
      vertex   -2.774357e-01 2.946155e-02 -5.997239e-01
      vertex   -2.709668e-01 4.939177e-02 -6.729017e-01
    endloop
  endfacet
  facet normal -1.850192e-01 9.794663e-01 -8.008596e-02
    outer loop
      vertex   -2.251063e-01 8.078223e-02 -6.326911e-01
      vertex   -2.207187e-01 7.584012e-02 -7.032706e-01
      vertex   -2.443034e-01 6.894523e-02 -7.331096e-01
    endloop
  endfacet
  facet normal 7.532434e-02 9.950388e-01 -6.499190e-02
    outer loop
      vertex   -1.899523e-01 7.667002e-02 -6.549070e-01
      vertex   -2.207187e-01 7.584012e-02 -7.032706e-01
      vertex   -2.251063e-01 8.078223e-02 -6.326911e-01
    endloop
  endfacet
  facet normal -9.866901e-01 -1.579177e-01 -3.879053e-02
    outer loop
      vertex   -2.774357e-01 2.946155e-02 -5.997239e-01
      vertex   -2.732688e-01 2.585011e-02 -6.910139e-01
      vertex   -2.725608e-01 -8.616977e-04 -6.002783e-01
    endloop
  endfacet
  facet normal -3.499837e-01 9.332346e-01 -8.114512e-02
    outer loop
      vertex   -2.251063e-01 8.078223e-02 -6.326911e-01
      vertex   -2.604545e-01 6.564447e-02 -6.543288e-01
      vertex   -2.501066e-01 7.572977e-02 -5.829709e-01
    endloop
  endfacet
  facet normal -3.163671e-02 9.726521e-01 -2.301020e-01
    outer loop
      vertex   -1.954160e-01 8.974038e-02 -5.989067e-01
      vertex   -1.899523e-01 7.667002e-02 -6.549070e-01
      vertex   -2.251063e-01 8.078223e-02 -6.326911e-01
    endloop
  endfacet
  facet normal 2.756958e-01 9.416926e-01 -1.928907e-01
    outer loop
      vertex   -1.705341e-01 8.028300e-02 -6.095144e-01
      vertex   -1.899523e-01 7.667002e-02 -6.549070e-01
      vertex   -1.954160e-01 8.974038e-02 -5.989067e-01
    endloop
  endfacet
  facet normal 5.613904e-01 7.706766e-01 -3.014938e-01
    outer loop
      vertex   -1.705341e-01 8.028300e-02 -6.095144e-01
      vertex   -1.608786e-01 5.962571e-02 -6.443396e-01
      vertex   -1.899523e-01 7.667002e-02 -6.549070e-01
    endloop
  endfacet
  facet normal 9.481162e-01 4.246059e-02 -3.150758e-01
    outer loop
      vertex   -1.667657e-01 3.135763e-02 -6.925985e-01
      vertex   -1.370393e-01 3.295808e-02 -6.029309e-01
      vertex   -1.417355e-01 5.572474e-03 -6.207532e-01
    endloop
  endfacet
  facet normal -1.439468e-01 9.805400e-01 -1.334935e-01
    outer loop
      vertex   -1.954160e-01 8.974038e-02 -5.989067e-01
      vertex   -2.251063e-01 8.078223e-02 -6.326911e-01
      vertex   -2.177565e-01 8.990109e-02 -5.736365e-01
    endloop
  endfacet
  facet normal 8.696101e-01 4.448903e-01 -2.141283e-01
    outer loop
      vertex   -1.370393e-01 3.295808e-02 -6.029309e-01
      vertex   -1.608786e-01 5.962571e-02 -6.443396e-01
      vertex   -1.458059e-01 6.027635e-02 -5.817748e-01
    endloop
  endfacet
  facet normal 7.596509e-01 -5.452802e-01 -3.544009e-01
    outer loop
      vertex   -1.545160e-01 -1.008548e-02 -6.434468e-01
      vertex   -1.601174e-01 -4.579848e-02 -6.005055e-01
      vertex   -1.756551e-01 -1.276083e-02 -6.846418e-01
    endloop
  endfacet
  facet normal 2.183849e-01 -9.405082e-01 -2.602930e-01
    outer loop
      vertex   -2.128094e-01 -4.389924e-02 -6.986499e-01
      vertex   -1.894241e-01 -5.686431e-02 -6.321835e-01
      vertex   -2.029104e-01 -7.571721e-02 -5.753778e-01
    endloop
  endfacet
  facet normal -1.270889e-01 -9.628369e-01 -2.383139e-01
    outer loop
      vertex   -2.128094e-01 -4.389924e-02 -6.986499e-01
      vertex   -2.029104e-01 -7.571721e-02 -5.753778e-01
      vertex   -2.338284e-01 -5.333825e-02 -6.493053e-01
    endloop
  endfacet
  facet normal 8.975496e-01 -3.564178e-01 -2.595592e-01
    outer loop
      vertex   -1.416391e-01 -3.363006e-02 -5.665881e-01
      vertex   -1.545160e-01 -1.008548e-02 -6.434468e-01
      vertex   -1.417355e-01 5.572474e-03 -6.207532e-01
    endloop
  endfacet
  facet normal 8.338440e-01 -4.729807e-01 -2.845934e-01
    outer loop
      vertex   -1.545160e-01 -1.008548e-02 -6.434468e-01
      vertex   -1.416391e-01 -3.363006e-02 -5.665881e-01
      vertex   -1.601174e-01 -4.579848e-02 -6.005055e-01
    endloop
  endfacet
  facet normal -9.803979e-01 -1.597247e-01 1.153604e-01
    outer loop
      vertex   -2.774357e-01 2.946155e-02 -5.997239e-01
      vertex   -2.725608e-01 -8.616977e-04 -6.002783e-01
      vertex   -2.574475e-01 -3.330485e-02 -5.167569e-01
    endloop
  endfacet
  facet normal -4.089812e-01 9.119497e-01 3.289505e-02
    outer loop
      vertex   -2.501066e-01 7.572977e-02 -5.829709e-01
      vertex   -2.370419e-01 8.028138e-02 -5.467231e-01
      vertex   -2.177565e-01 8.990109e-02 -5.736365e-01
    endloop
  endfacet
  facet normal 9.848112e-01 -6.378559e-02 -1.614877e-01
    outer loop
      vertex   -1.370393e-01 3.295808e-02 -6.029309e-01
      vertex   -1.313004e-01 2.357315e-02 -5.642258e-01
      vertex   -1.417355e-01 5.572474e-03 -6.207532e-01
    endloop
  endfacet
  facet normal 5.811456e-01 -7.679178e-01 -2.693920e-01
    outer loop
      vertex   -1.601174e-01 -4.579848e-02 -6.005055e-01
      vertex   -1.775719e-01 -6.809849e-02 -5.745915e-01
      vertex   -1.894241e-01 -5.686431e-02 -6.321835e-01
    endloop
  endfacet
  facet normal -6.602055e-01 -7.295387e-01 -1.786112e-01
    outer loop
      vertex   -2.571641e-01 -4.073241e-02 -6.145377e-01
      vertex   -2.338284e-01 -5.333825e-02 -6.493053e-01
      vertex   -2.298563e-01 -9.228544e-02 -5.049077e-01
    endloop
  endfacet
  facet normal -9.448294e-01 -3.244664e-01 4.493171e-02
    outer loop
      vertex   -2.574475e-01 -3.330485e-02 -5.167569e-01
      vertex   -2.725608e-01 -8.616977e-04 -6.002783e-01
      vertex   -2.464161e-01 -6.704122e-02 -5.284082e-01
    endloop
  endfacet
  facet normal -9.802775e-01 -1.613705e-01 1.140863e-01
    outer loop
      vertex   -2.664070e-01 1.585074e-02 -5.242119e-01
      vertex   -2.774357e-01 2.946155e-02 -5.997239e-01
      vertex   -2.574475e-01 -3.330485e-02 -5.167569e-01
    endloop
  endfacet
  facet normal -9.872856e-01 4.530697e-02 1.523629e-01
    outer loop
      vertex   -2.774357e-01 2.946155e-02 -5.997239e-01
      vertex   -2.664070e-01 1.585074e-02 -5.242119e-01
      vertex   -2.717349e-01 4.763658e-02 -5.681880e-01
    endloop
  endfacet
  facet normal -6.562530e-01 7.407670e-01 1.435138e-01
    outer loop
      vertex   -2.501066e-01 7.572977e-02 -5.829709e-01
      vertex   -2.579839e-01 5.947596e-02 -5.350957e-01
      vertex   -2.370419e-01 8.028138e-02 -5.467231e-01
    endloop
  endfacet
  facet normal -1.899778e-01 9.597381e-01 2.069085e-01
    outer loop
      vertex   -2.177565e-01 8.990109e-02 -5.736365e-01
      vertex   -2.370419e-01 8.028138e-02 -5.467231e-01
      vertex   -2.011683e-01 8.530107e-02 -5.370686e-01
    endloop
  endfacet
  facet normal 6.542836e-01 -7.321589e-01 -1.893576e-01
    outer loop
      vertex   -1.775719e-01 -6.809849e-02 -5.745915e-01
      vertex   -1.601174e-01 -4.579848e-02 -6.005055e-01
      vertex   -1.497225e-01 -5.920963e-02 -5.127334e-01
    endloop
  endfacet
  facet normal -7.955235e-01 -6.000689e-01 -8.402212e-02
    outer loop
      vertex   -2.464161e-01 -6.704122e-02 -5.284082e-01
      vertex   -2.571641e-01 -4.073241e-02 -6.145377e-01
      vertex   -2.298563e-01 -9.228544e-02 -5.049077e-01
    endloop
  endfacet
  facet normal -9.281395e-01 2.391103e-01 2.852777e-01
    outer loop
      vertex   -2.570384e-01 3.403135e-02 -5.089700e-01
      vertex   -2.717349e-01 4.763658e-02 -5.681880e-01
      vertex   -2.664070e-01 1.585074e-02 -5.242119e-01
    endloop
  endfacet
  facet normal -9.207692e-01 2.622863e-01 2.887732e-01
    outer loop
      vertex   -2.717349e-01 4.763658e-02 -5.681880e-01
      vertex   -2.570384e-01 3.403135e-02 -5.089700e-01
      vertex   -2.579839e-01 5.947596e-02 -5.350957e-01
    endloop
  endfacet
  facet normal 2.822403e-01 9.360932e-01 2.099285e-01
    outer loop
      vertex   -1.695773e-01 8.089351e-02 -5.598877e-01
      vertex   -2.011683e-01 8.530107e-02 -5.370686e-01
      vertex   -1.765520e-01 7.347386e-02 -5.174254e-01
    endloop
  endfacet
  facet normal 8.935191e-01 -3.629925e-01 -2.643105e-01
    outer loop
      vertex   -1.416391e-01 -3.363006e-02 -5.665881e-01
      vertex   -1.417355e-01 5.572474e-03 -6.207532e-01
      vertex   -1.310363e-01 -1.322609e-02 -5.587668e-01
    endloop
  endfacet
  facet normal -7.199864e-01 4.839573e-01 4.973982e-01
    outer loop
      vertex   -2.304188e-01 5.222244e-02 -4.881376e-01
      vertex   -2.579839e-01 5.947596e-02 -5.350957e-01
      vertex   -2.570384e-01 3.403135e-02 -5.089700e-01
    endloop
  endfacet
  facet normal -5.133860e-01 7.499176e-01 4.172031e-01
    outer loop
      vertex   -2.304188e-01 5.222244e-02 -4.881376e-01
      vertex   -2.370419e-01 8.028138e-02 -5.467231e-01
      vertex   -2.579839e-01 5.947596e-02 -5.350957e-01
    endloop
  endfacet
  facet normal 6.741044e-01 6.695971e-01 3.118062e-01
    outer loop
      vertex   -1.459178e-01 5.592013e-02 -5.459582e-01
      vertex   -1.765520e-01 7.347386e-02 -5.174254e-01
      vertex   -1.567900e-01 4.367930e-02 -4.961664e-01
    endloop
  endfacet
  facet normal 9.303130e-01 3.299082e-01 1.602446e-01
    outer loop
      vertex   -1.459178e-01 5.592013e-02 -5.459582e-01
      vertex   -1.355559e-01 5.713622e-03 -5.027512e-01
      vertex   -1.313004e-01 2.357315e-02 -5.642258e-01
    endloop
  endfacet
  facet normal 1.543088e-01 9.199059e-01 3.605022e-01
    outer loop
      vertex   -1.765520e-01 7.347386e-02 -5.174254e-01
      vertex   -2.011683e-01 8.530107e-02 -5.370686e-01
      vertex   -1.956403e-01 6.119872e-02 -4.779320e-01
    endloop
  endfacet
  facet normal 5.508291e-01 -8.245085e-01 -1.295107e-01
    outer loop
      vertex   -1.775719e-01 -6.809849e-02 -5.745915e-01
      vertex   -1.497225e-01 -5.920963e-02 -5.127334e-01
      vertex   -1.778436e-01 -7.738325e-02 -5.166371e-01
    endloop
  endfacet
  facet normal -5.609054e-02 -9.669337e-01 -2.487833e-01
    outer loop
      vertex   -2.029104e-01 -7.571721e-02 -5.753778e-01
      vertex   -1.951422e-01 -9.685799e-02 -4.949624e-01
      vertex   -2.298563e-01 -9.228544e-02 -5.049077e-01
    endloop
  endfacet
  facet normal -8.130718e-02 -9.628601e-01 -2.574678e-01
    outer loop
      vertex   -2.298563e-01 -9.228544e-02 -5.049077e-01
      vertex   -2.338284e-01 -5.333825e-02 -6.493053e-01
      vertex   -2.029104e-01 -7.571721e-02 -5.753778e-01
    endloop
  endfacet
  facet normal -9.390109e-01 -1.224134e-01 3.213619e-01
    outer loop
      vertex   -2.664070e-01 1.585074e-02 -5.242119e-01
      vertex   -2.574475e-01 -3.330485e-02 -5.167569e-01
      vertex   -2.451085e-01 -2.790096e-03 -4.690791e-01
    endloop
  endfacet
  facet normal -3.584322e-01 7.364699e-01 5.737059e-01
    outer loop
      vertex   -2.304188e-01 5.222244e-02 -4.881376e-01
      vertex   -1.956403e-01 6.119872e-02 -4.779320e-01
      vertex   -2.203850e-01 7.465703e-02 -5.106682e-01
    endloop
  endfacet
  facet normal -9.709260e-01 2.082985e-01 1.179594e-01
    outer loop
      vertex   -2.574475e-01 -3.330485e-02 -5.167569e-01
      vertex   -2.455887e-01 -4.264875e-02 -4.026474e-01
      vertex   -2.451085e-01 -2.790096e-03 -4.690791e-01
    endloop
  endfacet
  facet normal 2.663674e-01 8.764287e-01 4.011499e-01
    outer loop
      vertex   -1.765520e-01 7.347386e-02 -5.174254e-01
      vertex   -1.956403e-01 6.119872e-02 -4.779320e-01
      vertex   -1.737039e-01 4.018712e-02 -4.465920e-01
    endloop
  endfacet
  facet normal 8.718489e-01 -4.800440e-01 -9.714577e-02
    outer loop
      vertex   -1.497225e-01 -5.920963e-02 -5.127334e-01
      vertex   -1.416391e-01 -3.363006e-02 -5.665881e-01
      vertex   -1.305687e-01 -2.908651e-02 -4.896871e-01
    endloop
  endfacet
  facet normal 1.980732e-01 8.726325e-01 4.464073e-01
    outer loop
      vertex   -1.951429e-01 4.290657e-02 -4.423954e-01
      vertex   -1.737039e-01 4.018712e-02 -4.465920e-01
      vertex   -1.956403e-01 6.119872e-02 -4.779320e-01
    endloop
  endfacet
  facet normal 5.154413e-01 -7.999117e-01 -3.073461e-01
    outer loop
      vertex   -1.951422e-01 -9.685799e-02 -4.949624e-01
      vertex   -1.778436e-01 -7.738325e-02 -5.166371e-01
      vertex   -1.433062e-01 -8.330708e-02 -4.432978e-01
    endloop
  endfacet
  facet normal -2.123948e-02 -9.344386e-01 -3.554905e-01
    outer loop
      vertex   -2.172905e-01 -1.111918e-01 -4.559614e-01
      vertex   -2.298563e-01 -9.228544e-02 -5.049077e-01
      vertex   -1.951422e-01 -9.685799e-02 -4.949624e-01
    endloop
  endfacet
  facet normal -6.410973e-01 -7.567567e-01 -1.277248e-01
    outer loop
      vertex   -2.172905e-01 -1.111918e-01 -4.559614e-01
      vertex   -2.337645e-01 -9.942118e-02 -4.430124e-01
      vertex   -2.298563e-01 -9.228544e-02 -5.049077e-01
    endloop
  endfacet
  facet normal -9.481936e-01 -3.170462e-01 2.026118e-02
    outer loop
      vertex   -2.337645e-01 -9.942118e-02 -4.430124e-01
      vertex   -2.574475e-01 -3.330485e-02 -5.167569e-01
      vertex   -2.464161e-01 -6.704122e-02 -5.284082e-01
    endloop
  endfacet
  facet normal -9.665136e-01 -2.436649e-01 8.049165e-02
    outer loop
      vertex   -2.574475e-01 -3.330485e-02 -5.167569e-01
      vertex   -2.373080e-01 -8.005144e-02 -4.164414e-01
      vertex   -2.455887e-01 -4.264875e-02 -4.026474e-01
    endloop
  endfacet
  facet normal -6.937966e-01 7.131155e-01 -1.005611e-01
    outer loop
      vertex   -2.244525e-01 1.983671e-02 -4.524731e-01
      vertex   -2.353619e-01 1.845641e-02 -3.869949e-01
      vertex   -2.124587e-01 3.687905e-02 -4.143684e-01
    endloop
  endfacet
  facet normal -6.966919e-01 7.102100e-01 -1.011048e-01
    outer loop
      vertex   -2.451085e-01 -2.790096e-03 -4.690791e-01
      vertex   -2.353619e-01 1.845641e-02 -3.869949e-01
      vertex   -2.244525e-01 1.983671e-02 -4.524731e-01
    endloop
  endfacet
  facet normal 9.839132e-01 1.658914e-01 6.629428e-02
    outer loop
      vertex   -1.305687e-01 -2.908651e-02 -4.896871e-01
      vertex   -1.355559e-01 5.713622e-03 -5.027512e-01
      vertex   -1.382675e-01 4.186827e-03 -4.586860e-01
    endloop
  endfacet
  facet normal -5.696260e-01 8.020784e-01 -1.794338e-01
    outer loop
      vertex   -1.951429e-01 4.290657e-02 -4.423954e-01
      vertex   -2.244525e-01 1.983671e-02 -4.524731e-01
      vertex   -2.124587e-01 3.687905e-02 -4.143684e-01
    endloop
  endfacet
  facet normal 6.108474e-01 7.153041e-01 -3.394193e-01
    outer loop
      vertex   -1.737039e-01 4.018712e-02 -4.465920e-01
      vertex   -1.304928e-01 1.811927e-02 -4.153324e-01
      vertex   -1.382675e-01 4.186827e-03 -4.586860e-01
    endloop
  endfacet
  facet normal 8.591051e-01 4.409106e-01 -2.598774e-01
    outer loop
      vertex   -1.305687e-01 -2.908651e-02 -4.896871e-01
      vertex   -1.382675e-01 4.186827e-03 -4.586860e-01
      vertex   -1.073619e-01 -2.517255e-02 -4.063296e-01
    endloop
  endfacet
  facet normal 9.037552e-01 -3.579039e-01 -2.348005e-01
    outer loop
      vertex   -1.265302e-01 -5.188689e-02 -4.393887e-01
      vertex   -1.305687e-01 -2.908651e-02 -4.896871e-01
      vertex   -1.073619e-01 -2.517255e-02 -4.063296e-01
    endloop
  endfacet
  facet normal 8.920108e-01 -3.804506e-01 -2.440780e-01
    outer loop
      vertex   -1.265302e-01 -5.188689e-02 -4.393887e-01
      vertex   -1.497225e-01 -5.920963e-02 -5.127334e-01
      vertex   -1.305687e-01 -2.908651e-02 -4.896871e-01
    endloop
  endfacet
  facet normal 5.421405e-01 -7.708480e-01 -3.344802e-01
    outer loop
      vertex   -1.909193e-01 -1.133697e-01 -4.500646e-01
      vertex   -1.951422e-01 -9.685799e-02 -4.949624e-01
      vertex   -1.560558e-01 -1.100510e-01 -4.012046e-01
    endloop
  endfacet
  facet normal -9.044551e-02 -9.952171e-01 3.691385e-02
    outer loop
      vertex   -2.080767e-01 -1.100696e-01 -4.031315e-01
      vertex   -2.172905e-01 -1.111918e-01 -4.559614e-01
      vertex   -1.909193e-01 -1.133697e-01 -4.500646e-01
    endloop
  endfacet
  facet normal -5.199427e-01 -8.472596e-01 1.086775e-01
    outer loop
      vertex   -2.172905e-01 -1.111918e-01 -4.559614e-01
      vertex   -2.080767e-01 -1.100696e-01 -4.031315e-01
      vertex   -2.337645e-01 -9.942118e-02 -4.430124e-01
    endloop
  endfacet
  facet normal 6.397272e-01 6.309906e-01 -4.388621e-01
    outer loop
      vertex   -1.282555e-01 5.714911e-02 -3.559545e-01
      vertex   -1.304928e-01 1.811927e-02 -4.153324e-01
      vertex   -1.737039e-01 4.018712e-02 -4.465920e-01
    endloop
  endfacet
  facet normal 3.841719e-01 -8.275256e-01 -4.094060e-01
    outer loop
      vertex   -1.433062e-01 -8.330708e-02 -4.432978e-01
      vertex   -1.362161e-01 -1.062532e-01 -3.902641e-01
      vertex   -1.560558e-01 -1.100510e-01 -4.012046e-01
    endloop
  endfacet
  facet normal 1.395403e-01 -9.896880e-01 -3.234516e-02
    outer loop
      vertex   -1.909193e-01 -1.133697e-01 -4.500646e-01
      vertex   -1.560558e-01 -1.100510e-01 -4.012046e-01
      vertex   -1.743534e-01 -1.134509e-01 -3.761119e-01
    endloop
  endfacet
  facet normal -1.202065e-01 -9.924126e-01 2.583688e-02
    outer loop
      vertex   -1.909193e-01 -1.133697e-01 -4.500646e-01
      vertex   -1.743534e-01 -1.134509e-01 -3.761119e-01
      vertex   -2.080767e-01 -1.100696e-01 -4.031315e-01
    endloop
  endfacet
  facet normal 3.477290e-01 8.745423e-01 -3.380241e-01
    outer loop
      vertex   -1.282555e-01 5.714911e-02 -3.559545e-01
      vertex   -1.737039e-01 4.018712e-02 -4.465920e-01
      vertex   -1.678851e-01 6.132469e-02 -3.859187e-01
    endloop
  endfacet
  facet normal 8.857443e-01 1.475907e-01 -4.400842e-01
    outer loop
      vertex   -8.983552e-02 -5.174727e-04 -3.627861e-01
      vertex   -1.073619e-01 -2.517255e-02 -4.063296e-01
      vertex   -1.382675e-01 4.186827e-03 -4.586860e-01
    endloop
  endfacet
  facet normal 7.095167e-01 6.238464e-01 -3.277222e-01
    outer loop
      vertex   -8.983552e-02 -5.174727e-04 -3.627861e-01
      vertex   -1.382675e-01 4.186827e-03 -4.586860e-01
      vertex   -1.304928e-01 1.811927e-02 -4.153324e-01
    endloop
  endfacet
  facet normal 8.398245e-01 -4.031734e-01 -3.635190e-01
    outer loop
      vertex   -1.265302e-01 -5.188689e-02 -4.393887e-01
      vertex   -9.859433e-02 -6.588505e-02 -3.593242e-01
      vertex   -1.433062e-01 -8.330708e-02 -4.432978e-01
    endloop
  endfacet
  facet normal -2.560579e-01 -9.454763e-01 2.012681e-01
    outer loop
      vertex   -2.080767e-01 -1.100696e-01 -4.031315e-01
      vertex   -1.743534e-01 -1.134509e-01 -3.761119e-01
      vertex   -2.201957e-01 -9.403261e-02 -3.432141e-01
    endloop
  endfacet
  facet normal -6.524758e-01 -7.577695e-01 7.796007e-03
    outer loop
      vertex   -2.427047e-01 -7.460562e-02 -3.387733e-01
      vertex   -2.373080e-01 -8.005144e-02 -4.164414e-01
      vertex   -2.201957e-01 -9.403261e-02 -3.432141e-01
    endloop
  endfacet
  facet normal -9.849574e-01 1.710772e-01 -2.432295e-02
    outer loop
      vertex   -2.386876e-01 1.101228e-02 -3.046789e-01
      vertex   -2.353619e-01 1.845641e-02 -3.869949e-01
      vertex   -2.455887e-01 -4.264875e-02 -4.026474e-01
    endloop
  endfacet
  facet normal 7.652231e-01 5.243451e-01 -3.734912e-01
    outer loop
      vertex   -8.608632e-02 3.533720e-02 -3.001783e-01
      vertex   -1.304928e-01 1.811927e-02 -4.153324e-01
      vertex   -1.282555e-01 5.714911e-02 -3.559545e-01
    endloop
  endfacet
  facet normal 2.759393e-01 -9.456359e-01 -1.721345e-01
    outer loop
      vertex   -1.123999e-01 -1.178699e-01 -2.882685e-01
      vertex   -1.560558e-01 -1.100510e-01 -4.012046e-01
      vertex   -1.362161e-01 -1.062532e-01 -3.902641e-01
    endloop
  endfacet
  facet normal -7.443594e-01 6.394480e-01 -1.924455e-01
    outer loop
      vertex   -2.124587e-01 3.687905e-02 -4.143684e-01
      vertex   -2.353619e-01 1.845641e-02 -3.869949e-01
      vertex   -2.192474e-01 6.473570e-02 -2.955495e-01
    endloop
  endfacet
  facet normal 4.257436e-01 7.827039e-01 -4.540011e-01
    outer loop
      vertex   -1.678851e-01 6.132469e-02 -3.859187e-01
      vertex   -1.486949e-01 8.795407e-02 -3.220135e-01
      vertex   -1.282555e-01 5.714911e-02 -3.559545e-01
    endloop
  endfacet
  facet normal 6.676320e-01 -7.059949e-01 -2.363021e-01
    outer loop
      vertex   -1.123999e-01 -1.178699e-01 -2.882685e-01
      vertex   -1.362161e-01 -1.062532e-01 -3.902641e-01
      vertex   -1.103423e-01 -9.314406e-02 -3.563279e-01
    endloop
  endfacet
  facet normal -9.399189e-01 3.413238e-01 -7.107293e-03
    outer loop
      vertex   -2.192474e-01 6.473570e-02 -2.955495e-01
      vertex   -2.353619e-01 1.845641e-02 -3.869949e-01
      vertex   -2.386876e-01 1.101228e-02 -3.046789e-01
    endloop
  endfacet
  facet normal -9.982823e-01 2.248852e-02 5.409941e-02
    outer loop
      vertex   -2.462149e-01 -1.828129e-02 -2.689001e-01
      vertex   -2.509734e-01 -4.567124e-02 -3.453226e-01
      vertex   -2.440250e-01 -4.984555e-02 -2.153694e-01
    endloop
  endfacet
  facet normal -4.530184e-02 9.268749e-01 -3.726266e-01
    outer loop
      vertex   -1.486949e-01 8.795407e-02 -3.220135e-01
      vertex   -1.678851e-01 6.132469e-02 -3.859187e-01
      vertex   -1.774791e-01 9.377724e-02 -3.040295e-01
    endloop
  endfacet
  facet normal 3.546087e-01 -9.133072e-01 -2.003063e-01
    outer loop
      vertex   -1.123999e-01 -1.178699e-01 -2.882685e-01
      vertex   -1.297893e-01 -1.377606e-01 -2.283608e-01
      vertex   -1.560558e-01 -1.100510e-01 -4.012046e-01
    endloop
  endfacet
  facet normal -4.517817e-01 -8.857200e-01 -1.067400e-01
    outer loop
      vertex   -1.797827e-01 -1.288510e-01 -2.253434e-01
      vertex   -2.201957e-01 -9.403261e-02 -3.432141e-01
      vertex   -1.743534e-01 -1.134509e-01 -3.761119e-01
    endloop
  endfacet
  facet normal -9.324148e-01 -3.593534e-01 3.831217e-02
    outer loop
      vertex   -2.440250e-01 -4.984555e-02 -2.153694e-01
      vertex   -2.509734e-01 -4.567124e-02 -3.453226e-01
      vertex   -2.315718e-01 -8.159571e-02 -2.100959e-01
    endloop
  endfacet
  facet normal -9.632316e-01 -2.595988e-01 6.923453e-02
    outer loop
      vertex   -2.427047e-01 -7.460562e-02 -3.387733e-01
      vertex   -2.315718e-01 -8.159571e-02 -2.100959e-01
      vertex   -2.509734e-01 -4.567124e-02 -3.453226e-01
    endloop
  endfacet
  facet normal -5.712443e-01 8.120638e-01 -1.192992e-01
    outer loop
      vertex   -1.774791e-01 9.377724e-02 -3.040295e-01
      vertex   -1.999452e-01 7.244602e-02 -3.416549e-01
      vertex   -1.843268e-01 9.481462e-02 -2.641789e-01
    endloop
  endfacet
  facet normal 5.571715e-01 7.537106e-01 -3.485401e-01
    outer loop
      vertex   -1.128899e-01 8.227270e-02 -2.770620e-01
      vertex   -1.282555e-01 5.714911e-02 -3.559545e-01
      vertex   -1.486949e-01 8.795407e-02 -3.220135e-01
    endloop
  endfacet
  facet normal 7.401675e-01 5.855260e-01 -3.306226e-01
    outer loop
      vertex   -1.128899e-01 8.227270e-02 -2.770620e-01
      vertex   -8.608632e-02 3.533720e-02 -3.001783e-01
      vertex   -1.282555e-01 5.714911e-02 -3.559545e-01
    endloop
  endfacet
  facet normal 8.686071e-01 -2.937282e-01 -3.990558e-01
    outer loop
      vertex   -7.171046e-02 -2.117324e-02 -3.337178e-01
      vertex   -5.875042e-02 -5.976936e-02 -2.770992e-01
      vertex   -9.859433e-02 -6.588505e-02 -3.593242e-01
    endloop
  endfacet
  facet normal -5.500830e-01 -8.331280e-01 -5.750119e-02
    outer loop
      vertex   -2.201957e-01 -9.403261e-02 -3.432141e-01
      vertex   -1.797827e-01 -1.288510e-01 -2.253434e-01
      vertex   -2.055114e-01 -1.138084e-01 -1.971622e-01
    endloop
  endfacet
  facet normal 6.492467e-02 9.751465e-01 -2.118348e-01
    outer loop
      vertex   -1.774791e-01 9.377724e-02 -3.040295e-01
      vertex   -1.421012e-01 1.009635e-01 -2.601059e-01
      vertex   -1.486949e-01 8.795407e-02 -3.220135e-01
    endloop
  endfacet
  facet normal 4.266807e-01 8.748541e-01 -2.292898e-01
    outer loop
      vertex   -1.421012e-01 1.009635e-01 -2.601059e-01
      vertex   -1.128899e-01 8.227270e-02 -2.770620e-01
      vertex   -1.486949e-01 8.795407e-02 -3.220135e-01
    endloop
  endfacet
  facet normal 8.891861e-01 3.199351e-01 -3.270926e-01
    outer loop
      vertex   -7.171046e-02 -2.117324e-02 -3.337178e-01
      vertex   -8.983552e-02 -5.174727e-04 -3.627861e-01
      vertex   -5.207373e-02 -4.712885e-03 -2.642361e-01
    endloop
  endfacet
  facet normal 9.420319e-01 -1.345591e-01 -3.073593e-01
    outer loop
      vertex   -4.486015e-02 -3.137767e-02 -2.469563e-01
      vertex   -5.875042e-02 -5.976936e-02 -2.770992e-01
      vertex   -7.171046e-02 -2.117324e-02 -3.337178e-01
    endloop
  endfacet
  facet normal -9.418208e-01 3.296867e-01 6.542300e-02
    outer loop
      vertex   -2.192474e-01 6.473570e-02 -2.955495e-01
      vertex   -2.386876e-01 1.101228e-02 -3.046789e-01
      vertex   -2.146171e-01 5.163322e-02 -1.628647e-01
    endloop
  endfacet
  facet normal -6.882707e-01 7.216467e-01 7.422537e-02
    outer loop
      vertex   -1.843268e-01 9.481462e-02 -2.641789e-01
      vertex   -2.192474e-01 6.473570e-02 -2.955495e-01
      vertex   -1.859227e-01 8.589016e-02 -1.922106e-01
    endloop
  endfacet
  facet normal -1.471571e-01 9.885551e-01 3.321974e-02
    outer loop
      vertex   -1.843268e-01 9.481462e-02 -2.641789e-01
      vertex   -1.409160e-01 9.893011e-02 -1.943465e-01
      vertex   -1.421012e-01 1.009635e-01 -2.601059e-01
    endloop
  endfacet
  facet normal 8.299538e-01 5.171374e-01 -2.091544e-01
    outer loop
      vertex   -5.207373e-02 -4.712885e-03 -2.642361e-01
      vertex   -8.608632e-02 3.533720e-02 -3.001783e-01
      vertex   -4.129063e-02 1.641549e-02 -1.692070e-01
    endloop
  endfacet
  facet normal 9.480515e-01 -2.238531e-01 -2.260270e-01
    outer loop
      vertex   -4.075883e-02 -7.464241e-02 -1.869050e-01
      vertex   -5.875042e-02 -5.976936e-02 -2.770992e-01
      vertex   -4.486015e-02 -3.137767e-02 -2.469563e-01
    endloop
  endfacet
  facet normal -9.312209e-01 -3.464646e-01 1.130929e-01
    outer loop
      vertex   -2.440250e-01 -4.984555e-02 -2.153694e-01
      vertex   -2.315718e-01 -8.159571e-02 -2.100959e-01
      vertex   -2.183771e-01 -8.062811e-02 -9.848521e-02
    endloop
  endfacet
  facet normal -9.687535e-01 -1.865565e-01 1.634420e-01
    outer loop
      vertex   -2.183771e-01 -8.062811e-02 -9.848521e-02
      vertex   -2.277937e-01 -2.413901e-02 -8.982103e-02
      vertex   -2.440250e-01 -4.984555e-02 -2.153694e-01
    endloop
  endfacet
  facet normal -9.845351e-01 1.395995e-01 1.058420e-01
    outer loop
      vertex   -2.315758e-01 7.362420e-03 -1.665511e-01
      vertex   -2.462149e-01 -1.828129e-02 -2.689001e-01
      vertex   -2.277937e-01 -2.413901e-02 -8.982103e-02
    endloop
  endfacet
  facet normal -2.958242e-01 9.487606e-01 1.110913e-01
    outer loop
      vertex   -1.843268e-01 9.481462e-02 -2.641789e-01
      vertex   -1.859227e-01 8.589016e-02 -1.922106e-01
      vertex   -1.574762e-01 8.833728e-02 -1.373597e-01
    endloop
  endfacet
  facet normal 9.746583e-01 1.678221e-01 -1.479089e-01
    outer loop
      vertex   -4.486015e-02 -3.137767e-02 -2.469563e-01
      vertex   -5.207373e-02 -4.712885e-03 -2.642361e-01
      vertex   -4.129063e-02 1.641549e-02 -1.692070e-01
    endloop
  endfacet
  facet normal 4.163004e-02 -9.930985e-01 -1.096466e-01
    outer loop
      vertex   -1.297893e-01 -1.377606e-01 -2.283608e-01
      vertex   -1.475089e-01 -1.475070e-01 -1.468126e-01
      vertex   -1.528803e-01 -1.369268e-01 -2.446800e-01
    endloop
  endfacet
  facet normal -3.405045e-01 -9.366106e-01 -8.256680e-02
    outer loop
      vertex   -1.797827e-01 -1.288510e-01 -2.253434e-01
      vertex   -1.528803e-01 -1.369268e-01 -2.446800e-01
      vertex   -1.475089e-01 -1.475070e-01 -1.468126e-01
    endloop
  endfacet
  facet normal 4.173580e-01 -8.683730e-01 -2.678444e-01
    outer loop
      vertex   -5.128304e-02 -1.219699e-01 -1.173744e-01
      vertex   -9.353490e-02 -1.316740e-01 -1.517501e-01
      vertex   -7.064262e-02 -9.924437e-02 -2.212187e-01
    endloop
  endfacet
  facet normal 1.996844e-01 -9.771079e-01 -7.339187e-02
    outer loop
      vertex   -1.015956e-01 -1.421679e-01 -9.297386e-02
      vertex   -1.475089e-01 -1.475070e-01 -1.468126e-01
      vertex   -1.297893e-01 -1.377606e-01 -2.283608e-01
    endloop
  endfacet
  facet normal -9.683426e-01 -1.868142e-01 1.655688e-01
    outer loop
      vertex   -2.045000e-01 -7.776156e-02 -1.408952e-02
      vertex   -2.277937e-01 -2.413901e-02 -8.982103e-02
      vertex   -2.183771e-01 -8.062811e-02 -9.848521e-02
    endloop
  endfacet
  facet normal -6.339525e-01 -7.708654e-01 6.221547e-02
    outer loop
      vertex   -2.055114e-01 -1.138084e-01 -1.971622e-01
      vertex   -1.649624e-01 -1.382573e-01 -8.691161e-02
      vertex   -1.867009e-01 -1.163261e-01 -3.668480e-02
    endloop
  endfacet
  facet normal -8.581969e-01 -4.884950e-01 1.577044e-01
    outer loop
      vertex   -2.045000e-01 -7.776156e-02 -1.408952e-02
      vertex   -2.183771e-01 -8.062811e-02 -9.848521e-02
      vertex   -1.867009e-01 -1.163261e-01 -3.668480e-02
    endloop
  endfacet
  facet normal -7.288377e-01 -6.542166e-01 2.019809e-01
    outer loop
      vertex   -1.867009e-01 -1.163261e-01 -3.668480e-02
      vertex   -1.540203e-01 -1.315813e-01 3.182948e-02
      vertex   -1.675971e-01 -1.094222e-01 5.461159e-02
    endloop
  endfacet
  facet normal -9.417390e-01 -1.684719e-01 2.911097e-01
    outer loop
      vertex   -2.045000e-01 -7.776156e-02 -1.408952e-02
      vertex   -1.848688e-01 -7.347962e-02 5.189540e-02
      vertex   -2.134830e-01 -2.431078e-02 -1.221635e-02
    endloop
  endfacet
  facet normal -7.021951e-01 6.999305e-01 1.304586e-01
    outer loop
      vertex   -2.146171e-01 5.163322e-02 -1.628647e-01
      vertex   -1.926443e-01 5.144235e-02 -4.357140e-02
      vertex   -1.859227e-01 8.589016e-02 -1.922106e-01
    endloop
  endfacet
  facet normal 7.773153e-01 -5.685416e-01 -2.693349e-01
    outer loop
      vertex   -7.064262e-02 -9.924437e-02 -2.212187e-01
      vertex   -4.075883e-02 -7.464241e-02 -1.869050e-01
      vertex   -5.128304e-02 -1.219699e-01 -1.173744e-01
    endloop
  endfacet
  facet normal -8.721220e-01 -3.975284e-01 2.852620e-01
    outer loop
      vertex   -1.848688e-01 -7.347962e-02 5.189540e-02
      vertex   -2.045000e-01 -7.776156e-02 -1.408952e-02
      vertex   -1.675971e-01 -1.094222e-01 5.461159e-02
    endloop
  endfacet
  facet normal -8.055502e-01 5.734112e-01 1.492933e-01
    outer loop
      vertex   -2.146171e-01 5.163322e-02 -1.628647e-01
      vertex   -2.121969e-01 2.764741e-02 -5.768028e-02
      vertex   -1.926443e-01 5.144235e-02 -4.357140e-02
    endloop
  endfacet
  facet normal 1.020432e-01 9.750543e-01 -1.971200e-01
    outer loop
      vertex   -1.574762e-01 8.833728e-02 -1.373597e-01
      vertex   -9.716035e-02 9.005232e-02 -9.765251e-02
      vertex   -1.036141e-01 8.610266e-02 -1.205304e-01
    endloop
  endfacet
  facet normal -5.839041e-01 -8.057502e-01 9.910892e-02
    outer loop
      vertex   -1.649624e-01 -1.382573e-01 -8.691161e-02
      vertex   -1.540203e-01 -1.315813e-01 3.182948e-02
      vertex   -1.867009e-01 -1.163261e-01 -3.668480e-02
    endloop
  endfacet
  facet normal -5.384689e-01 -7.918688e-01 2.880886e-01
    outer loop
      vertex   -1.540203e-01 -1.315813e-01 3.182948e-02
      vertex   -1.221476e-01 -1.413338e-01 6.459639e-02
      vertex   -1.280508e-01 -1.235635e-01 1.024079e-01
    endloop
  endfacet
  facet normal -6.318966e-01 -7.090164e-01 3.130535e-01
    outer loop
      vertex   -1.280508e-01 -1.235635e-01 1.024079e-01
      vertex   -1.675971e-01 -1.094222e-01 5.461159e-02
      vertex   -1.540203e-01 -1.315813e-01 3.182948e-02
    endloop
  endfacet
  facet normal -9.275162e-01 1.200685e-01 3.539736e-01
    outer loop
      vertex   -2.134830e-01 -2.431078e-02 -1.221635e-02
      vertex   -1.791461e-01 -1.756503e-02 7.546840e-02
      vertex   -1.941666e-01 7.591504e-03 2.757710e-02
    endloop
  endfacet
  facet normal -9.346768e-01 2.469216e-01 2.557518e-01
    outer loop
      vertex   -2.134830e-01 -2.431078e-02 -1.221635e-02
      vertex   -1.941666e-01 7.591504e-03 2.757710e-02
      vertex   -2.121969e-01 2.764741e-02 -5.768028e-02
    endloop
  endfacet
  facet normal -2.233299e-01 9.745457e-01 1.960429e-02
    outer loop
      vertex   -1.338229e-01 9.272405e-02 -8.597453e-02
      vertex   -1.574762e-01 8.833728e-02 -1.373597e-01
      vertex   -1.587364e-01 8.643244e-02 -5.702513e-02
    endloop
  endfacet
  facet normal 3.022016e-01 9.521799e-01 4.502946e-02
    outer loop
      vertex   -1.076555e-01 9.114426e-02 -2.000161e-01
      vertex   -1.036141e-01 8.610266e-02 -1.205304e-01
      vertex   -4.072023e-02 6.511788e-02 -9.888573e-02
    endloop
  endfacet
  facet normal 8.292514e-01 4.750436e-01 -2.944073e-01
    outer loop
      vertex   -7.969566e-02 7.033634e-02 -2.002468e-01
      vertex   -4.072023e-02 6.511788e-02 -9.888573e-02
      vertex   -3.595927e-02 4.766731e-02 -1.136332e-01
    endloop
  endfacet
  facet normal 8.842978e-01 -4.372567e-01 -1.637802e-01
    outer loop
      vertex   -5.128304e-02 -1.219699e-01 -1.173744e-01
      vertex   -4.075883e-02 -7.464241e-02 -1.869050e-01
      vertex   -2.325164e-02 -6.804490e-02 -1.099924e-01
    endloop
  endfacet
  facet normal -4.211021e-01 -9.025817e-01 8.955064e-02
    outer loop
      vertex   -1.290978e-01 -1.486529e-01 -2.303954e-02
      vertex   -1.540203e-01 -1.315813e-01 3.182948e-02
      vertex   -1.649624e-01 -1.382573e-01 -8.691161e-02
    endloop
  endfacet
  facet normal -6.182680e-01 -7.280386e-01 2.961493e-01
    outer loop
      vertex   -1.675971e-01 -1.094222e-01 5.461159e-02
      vertex   -1.280508e-01 -1.235635e-01 1.024079e-01
      vertex   -1.458021e-01 -9.509670e-02 1.353300e-01
    endloop
  endfacet
  facet normal -8.464826e-01 4.498210e-01 2.848304e-01
    outer loop
      vertex   -1.655857e-01 4.940036e-02 4.648927e-02
      vertex   -2.121969e-01 2.764741e-02 -5.768028e-02
      vertex   -1.941666e-01 7.591504e-03 2.757710e-02
    endloop
  endfacet
  facet normal -1.261483e-01 8.046905e-01 -5.801377e-01
    outer loop
      vertex   -7.117531e-02 1.208495e-01 -6.058507e-02
      vertex   -9.716035e-02 9.005232e-02 -9.765251e-02
      vertex   -1.338229e-01 9.272405e-02 -8.597453e-02
    endloop
  endfacet
  facet normal 1.900558e-01 9.570717e-01 -2.188436e-01
    outer loop
      vertex   -9.716035e-02 9.005232e-02 -9.765251e-02
      vertex   -3.213316e-02 7.867584e-02 -9.093230e-02
      vertex   -1.036141e-01 8.610266e-02 -1.205304e-01
    endloop
  endfacet
  facet normal 3.922170e-01 2.678266e-01 -8.800197e-01
    outer loop
      vertex   -1.036141e-01 8.610266e-02 -1.205304e-01
      vertex   -3.213316e-02 7.867584e-02 -9.093230e-02
      vertex   -4.072023e-02 6.511788e-02 -9.888573e-02
    endloop
  endfacet
  facet normal -2.994888e-01 -8.806418e-01 3.671191e-01
    outer loop
      vertex   -1.280508e-01 -1.235635e-01 1.024079e-01
      vertex   -1.221476e-01 -1.413338e-01 6.459639e-02
      vertex   -8.244955e-02 -1.517801e-01 7.192287e-02
    endloop
  endfacet
  facet normal -8.674134e-01 -3.938414e-01 3.041100e-01
    outer loop
      vertex   -1.458021e-01 -9.509670e-02 1.353300e-01
      vertex   -1.848688e-01 -7.347962e-02 5.189540e-02
      vertex   -1.675971e-01 -1.094222e-01 5.461159e-02
    endloop
  endfacet
  facet normal 7.555075e-03 7.665314e-01 -6.421624e-01
    outer loop
      vertex   -7.117531e-02 1.208495e-01 -6.058507e-02
      vertex   -3.336499e-02 1.123263e-01 -7.031407e-02
      vertex   -9.716035e-02 9.005232e-02 -9.765251e-02
    endloop
  endfacet
  facet normal 1.045175e-01 -8.612148e-01 -4.973783e-01
    outer loop
      vertex   -5.128304e-02 -1.219699e-01 -1.173744e-01
      vertex   -6.224236e-02 -1.516285e-01 -6.832329e-02
      vertex   -1.015956e-01 -1.421679e-01 -9.297386e-02
    endloop
  endfacet
  facet normal -7.764402e-01 6.079067e-01 1.661024e-01
    outer loop
      vertex   -1.266346e-01 1.127642e-01 -3.336044e-03
      vertex   -1.587364e-01 8.643244e-02 -5.702513e-02
      vertex   -1.655857e-01 4.940036e-02 4.648927e-02
    endloop
  endfacet
  facet normal -2.476701e-01 8.923293e-01 -3.773698e-01
    outer loop
      vertex   -1.338229e-01 9.272405e-02 -8.597453e-02
      vertex   -9.455397e-02 1.260262e-01 -3.300072e-02
      vertex   -7.117531e-02 1.208495e-01 -6.058507e-02
    endloop
  endfacet
  facet normal 1.525681e-01 3.196524e-01 -9.351713e-01
    outer loop
      vertex   -5.706389e-03 8.658055e-02 -8.391899e-02
      vertex   -3.213316e-02 7.867584e-02 -9.093230e-02
      vertex   -9.716035e-02 9.005232e-02 -9.765251e-02
    endloop
  endfacet
  facet normal 6.439895e-01 4.028782e-02 -7.639728e-01
    outer loop
      vertex   -4.072023e-02 6.511788e-02 -9.888573e-02
      vertex   -3.213316e-02 7.867584e-02 -9.093230e-02
      vertex   -1.168132e-02 3.138369e-03 -7.767589e-02
    endloop
  endfacet
  facet normal 9.140102e-01 3.766816e-01 -1.506530e-01
    outer loop
      vertex   -4.072023e-02 6.511788e-02 -9.888573e-02
      vertex   -1.168132e-02 3.138369e-03 -7.767589e-02
      vertex   -3.595927e-02 4.766731e-02 -1.136332e-01
    endloop
  endfacet
  facet normal 9.205315e-01 2.961148e-01 -2.548287e-01
    outer loop
      vertex   -1.168132e-02 3.138369e-03 -7.767589e-02
      vertex   -4.129063e-02 1.641549e-02 -1.692070e-01
      vertex   -3.595927e-02 4.766731e-02 -1.136332e-01
    endloop
  endfacet
  facet normal 9.507667e-01 -1.398881e-02 -3.095918e-01
    outer loop
      vertex   -1.168132e-02 3.138369e-03 -7.767589e-02
      vertex   -2.325164e-02 -6.804490e-02 -1.099924e-01
      vertex   -4.129063e-02 1.641549e-02 -1.692070e-01
    endloop
  endfacet
  facet normal 1.401944e-01 -8.608411e-01 -4.891811e-01
    outer loop
      vertex   -6.224236e-02 -1.516285e-01 -6.832329e-02
      vertex   -5.128304e-02 -1.219699e-01 -1.173744e-01
      vertex   -4.502037e-02 -1.482870e-01 -6.926781e-02
    endloop
  endfacet
  facet normal -1.785834e-01 -9.633097e-01 -2.003555e-01
    outer loop
      vertex   -1.290978e-01 -1.486529e-01 -2.303954e-02
      vertex   -6.224236e-02 -1.516285e-01 -6.832329e-02
      vertex   -6.602628e-02 -1.611168e-01 -1.933067e-02
    endloop
  endfacet
  facet normal -3.104533e-01 -8.895175e-01 -3.352273e-01
    outer loop
      vertex   -1.684386e-02 -1.616488e-01 -5.990672e-02
      vertex   -1.832723e-02 -1.731242e-01 -2.808348e-02
      vertex   -4.502037e-02 -1.482870e-01 -6.926781e-02
    endloop
  endfacet
  facet normal -3.418060e-01 -9.391344e-01 3.457225e-02
    outer loop
      vertex   -8.244955e-02 -1.517801e-01 7.192287e-02
      vertex   -6.602628e-02 -1.611168e-01 -1.933067e-02
      vertex   -1.650018e-02 -1.776365e-01 2.157088e-02
    endloop
  endfacet
  facet normal -5.340719e-01 -8.409337e-01 -8.716514e-02
    outer loop
      vertex   -5.142677e-02 -1.634052e-01 1.076304e-01
      vertex   -5.661401e-02 -1.696410e-01 1.995738e-01
      vertex   -1.027226e-01 -1.371890e-01 1.690034e-01
    endloop
  endfacet
  facet normal -5.307649e-01 -8.423307e-01 -9.363602e-02
    outer loop
      vertex   -6.964637e-02 -1.686908e-01 2.648985e-01
      vertex   -1.027226e-01 -1.371890e-01 1.690034e-01
      vertex   -5.661401e-02 -1.696410e-01 1.995738e-01
    endloop
  endfacet
  facet normal -8.753622e-01 -3.669329e-01 3.148036e-01
    outer loop
      vertex   -1.848688e-01 -7.347962e-02 5.189540e-02
      vertex   -1.458021e-01 -9.509670e-02 1.353300e-01
      vertex   -1.636594e-01 -5.287890e-02 1.348838e-01
    endloop
  endfacet
  facet normal -9.684938e-01 -5.840126e-03 2.489692e-01
    outer loop
      vertex   -1.636594e-01 -5.287890e-02 1.348838e-01
      vertex   -1.791461e-01 -1.756503e-02 7.546840e-02
      vertex   -1.848688e-01 -7.347962e-02 5.189540e-02
    endloop
  endfacet
  facet normal -8.376956e-01 5.448151e-01 3.798093e-02
    outer loop
      vertex   -1.655857e-01 4.940036e-02 4.648927e-02
      vertex   -1.319029e-01 1.003749e-01 5.818446e-02
      vertex   -1.266346e-01 1.127642e-01 -3.336044e-03
    endloop
  endfacet
  facet normal -1.277642e-01 9.714151e-01 -2.000725e-01
    outer loop
      vertex   -9.455397e-02 1.260262e-01 -3.300072e-02
      vertex   -7.406679e-02 1.356115e-01 4.559479e-04
      vertex   -4.306257e-02 1.323468e-01 -3.519408e-02
    endloop
  endfacet
  facet normal -1.287463e-01 9.491655e-01 -2.872442e-01
    outer loop
      vertex   -7.117531e-02 1.208495e-01 -6.058507e-02
      vertex   -9.455397e-02 1.260262e-01 -3.300072e-02
      vertex   -4.306257e-02 1.323468e-01 -3.519408e-02
    endloop
  endfacet
  facet normal 7.416688e-02 8.750362e-01 -4.783419e-01
    outer loop
      vertex   -4.306257e-02 1.323468e-01 -3.519408e-02
      vertex   -3.336499e-02 1.123263e-01 -7.031407e-02
      vertex   -7.117531e-02 1.208495e-01 -6.058507e-02
    endloop
  endfacet
  facet normal -1.333183e-01 -9.909984e-01 -1.218238e-02
    outer loop
      vertex   -6.964637e-02 -1.686908e-01 2.648985e-01
      vertex   -5.661401e-02 -1.696410e-01 1.995738e-01
      vertex   -3.924546e-03 -1.773338e-01 2.487471e-01
    endloop
  endfacet
  facet normal -4.767295e-01 -8.750528e-01 8.373517e-02
    outer loop
      vertex   -1.288873e-01 -1.165024e-01 4.724255e-01
      vertex   -8.515524e-02 -1.400506e-01 4.753212e-01
      vertex   -1.069737e-01 -1.247094e-01 5.114216e-01
    endloop
  endfacet
  facet normal -8.966458e-01 3.989932e-01 1.919134e-01
    outer loop
      vertex   -1.432963e-01 1.928694e-02 1.663474e-01
      vertex   -1.791461e-01 -1.756503e-02 7.546840e-02
      vertex   -1.628351e-01 -2.180493e-02 1.604909e-01
    endloop
  endfacet
  facet normal -2.166986e-01 6.952929e-01 6.852806e-01
    outer loop
      vertex   -9.600040e-02 9.843983e-02 1.000431e-01
      vertex   -1.316388e-01 6.609010e-02 1.215960e-01
      vertex   -4.624750e-02 8.063456e-02 1.338413e-01
    endloop
  endfacet
  facet normal -2.109135e-01 8.800277e-01 4.255194e-01
    outer loop
      vertex   -4.624750e-02 8.063456e-02 1.338413e-01
      vertex   -1.316388e-01 6.609010e-02 1.215960e-01
      vertex   -1.146688e-01 4.996475e-02 1.633566e-01
    endloop
  endfacet
  facet normal -9.703140e-01 1.045405e-01 2.180872e-01
    outer loop
      vertex   -1.641714e-01 -5.540933e-02 1.845494e-01
      vertex   -1.497352e-01 -5.699581e-02 2.495393e-01
      vertex   -1.533837e-01 -1.133019e-02 2.114165e-01
    endloop
  endfacet
  facet normal -7.397680e-01 5.520636e-01 3.846676e-01
    outer loop
      vertex   -1.432963e-01 1.928694e-02 1.663474e-01
      vertex   -1.316388e-01 6.609010e-02 1.215960e-01
      vertex   -1.470006e-01 5.335801e-02 1.103258e-01
    endloop
  endfacet
  facet normal -6.135429e-01 6.201925e-01 4.888010e-01
    outer loop
      vertex   -1.316388e-01 6.609010e-02 1.215960e-01
      vertex   -1.432963e-01 1.928694e-02 1.663474e-01
      vertex   -1.146688e-01 4.996475e-02 1.633566e-01
    endloop
  endfacet
  facet normal -9.045505e-01 4.184445e-01 8.180772e-02
    outer loop
      vertex   -1.628351e-01 -2.180493e-02 1.604909e-01
      vertex   -1.533837e-01 -1.133019e-02 2.114165e-01
      vertex   -1.432963e-01 1.928694e-02 1.663474e-01
    endloop
  endfacet
  facet normal -7.085143e-01 -7.020977e-01 7.117743e-02
    outer loop
      vertex   -8.334422e-02 -1.564056e-01 3.349185e-01
      vertex   -9.886160e-02 -1.328978e-01 4.123370e-01
      vertex   -1.265233e-01 -1.066750e-01 3.956497e-01
    endloop
  endfacet
  facet normal -9.451630e-01 -2.832585e-01 1.625778e-01
    outer loop
      vertex   -1.641714e-01 -5.540933e-02 1.845494e-01
      vertex   -1.514865e-01 -9.533362e-02 1.887343e-01
      vertex   -1.371908e-01 -9.337153e-02 2.752623e-01
    endloop
  endfacet
  facet normal -9.775040e-01 1.470931e-01 1.511607e-01
    outer loop
      vertex   -1.628351e-01 -2.180493e-02 1.604909e-01
      vertex   -1.641714e-01 -5.540933e-02 1.845494e-01
      vertex   -1.533837e-01 -1.133019e-02 2.114165e-01
    endloop
  endfacet
  facet normal -8.369823e-01 5.043244e-01 2.124090e-01
    outer loop
      vertex   -1.470006e-01 5.335801e-02 1.103258e-01
      vertex   -1.319029e-01 1.003749e-01 5.818446e-02
      vertex   -1.655857e-01 4.940036e-02 4.648927e-02
    endloop
  endfacet
  facet normal -7.334419e-01 5.966665e-01 3.256563e-01
    outer loop
      vertex   -1.316388e-01 6.609010e-02 1.215960e-01
      vertex   -1.319029e-01 1.003749e-01 5.818446e-02
      vertex   -1.470006e-01 5.335801e-02 1.103258e-01
    endloop
  endfacet
  facet normal -9.993987e-01 3.359159e-02 -8.591766e-03
    outer loop
      vertex   -1.641714e-01 -5.540933e-02 1.845494e-01
      vertex   -1.628351e-01 -2.180493e-02 1.604909e-01
      vertex   -1.636594e-01 -5.287890e-02 1.348838e-01
    endloop
  endfacet
  facet normal -8.151465e-01 -5.601930e-01 1.473769e-01
    outer loop
      vertex   -1.371908e-01 -9.337153e-02 2.752623e-01
      vertex   -1.514865e-01 -9.533362e-02 1.887343e-01
      vertex   -1.169187e-01 -1.305954e-01 2.458967e-01
    endloop
  endfacet
  facet normal -6.305434e-01 -7.760483e-01 1.280855e-02
    outer loop
      vertex   -8.334422e-02 -1.564056e-01 3.349185e-01
      vertex   -1.169187e-01 -1.305954e-01 2.458967e-01
      vertex   -6.964637e-02 -1.686908e-01 2.648985e-01
    endloop
  endfacet
  facet normal -6.024842e-01 -7.892268e-01 1.188859e-01
    outer loop
      vertex   -9.886160e-02 -1.328978e-01 4.123370e-01
      vertex   -8.334422e-02 -1.564056e-01 3.349185e-01
      vertex   -6.709819e-02 -1.623194e-01 3.779905e-01
    endloop
  endfacet
  facet normal -4.575146e-01 -8.357800e-01 -3.035658e-01
    outer loop
      vertex   -1.247859e-01 -1.077524e-01 4.461264e-01
      vertex   -7.669614e-02 -1.376355e-01 4.559230e-01
      vertex   -8.515524e-02 -1.400506e-01 4.753212e-01
    endloop
  endfacet
  facet normal -5.457684e-01 -8.163872e-01 1.888087e-01
    outer loop
      vertex   -1.247859e-01 -1.077524e-01 4.461264e-01
      vertex   -9.886160e-02 -1.328978e-01 4.123370e-01
      vertex   -7.669614e-02 -1.376355e-01 4.559230e-01
    endloop
  endfacet
  facet normal -8.523016e-01 -5.108394e-01 1.123611e-01
    outer loop
      vertex   -1.097880e-01 -1.277420e-01 3.268610e-01
      vertex   -1.430618e-01 -6.388720e-02 3.647766e-01
      vertex   -1.371908e-01 -9.337153e-02 2.752623e-01
    endloop
  endfacet
  facet normal -4.279487e-01 9.021513e-01 -5.461547e-02
    outer loop
      vertex   -4.624750e-02 8.063456e-02 1.338413e-01
      vertex   -1.146688e-01 4.996475e-02 1.633566e-01
      vertex   -7.308661e-02 6.958728e-02 1.616620e-01
    endloop
  endfacet
  facet normal -1.823255e-01 8.983411e-01 3.996756e-01
    outer loop
      vertex   -5.241912e-02 1.210186e-01 6.917433e-02
      vertex   -1.082298e-01 1.147209e-01 5.786964e-02
      vertex   -9.600040e-02 9.843983e-02 1.000431e-01
    endloop
  endfacet
  facet normal -1.838692e-01 8.933158e-01 4.100962e-01
    outer loop
      vertex   -5.241912e-02 1.210186e-01 6.917433e-02
      vertex   -7.751089e-02 1.310995e-01 3.596510e-02
      vertex   -1.082298e-01 1.147209e-01 5.786964e-02
    endloop
  endfacet
  facet normal -4.477841e-01 -8.402692e-01 3.056749e-01
    outer loop
      vertex   -9.886160e-02 -1.328978e-01 4.123370e-01
      vertex   -6.709819e-02 -1.623194e-01 3.779905e-01
      vertex   -4.998984e-02 -1.545976e-01 4.242790e-01
    endloop
  endfacet
  facet normal -3.314306e-01 -8.331105e-01 4.428099e-01
    outer loop
      vertex   -9.373567e-02 -1.043135e-01 5.597031e-01
      vertex   -1.069737e-01 -1.247094e-01 5.114216e-01
      vertex   -7.410759e-02 -1.357633e-01 5.152240e-01
    endloop
  endfacet
  facet normal -1.069931e-01 -9.849897e-01 1.354539e-01
    outer loop
      vertex   -8.515524e-02 -1.400506e-01 4.753212e-01
      vertex   -3.651498e-02 -1.433930e-01 4.894359e-01
      vertex   -7.410759e-02 -1.357633e-01 5.152240e-01
    endloop
  endfacet
  facet normal -3.190384e-01 -9.208112e-01 2.243240e-01
    outer loop
      vertex   -4.998984e-02 -1.545976e-01 4.242790e-01
      vertex   -3.651498e-02 -1.433930e-01 4.894359e-01
      vertex   -7.669614e-02 -1.376355e-01 4.559230e-01
    endloop
  endfacet
  facet normal -2.864915e-02 -9.903236e-01 -1.357882e-01
    outer loop
      vertex   -7.669614e-02 -1.376355e-01 4.559230e-01
      vertex   -3.651498e-02 -1.433930e-01 4.894359e-01
      vertex   -8.515524e-02 -1.400506e-01 4.753212e-01
    endloop
  endfacet
  facet normal -4.271994e-01 -8.961806e-01 1.198377e-01
    outer loop
      vertex   -7.669614e-02 -1.376355e-01 4.559230e-01
      vertex   -9.886160e-02 -1.328978e-01 4.123370e-01
      vertex   -4.998984e-02 -1.545976e-01 4.242790e-01
    endloop
  endfacet
  facet normal -3.869015e-01 -9.181575e-01 8.540519e-02
    outer loop
      vertex   -8.334422e-02 -1.564056e-01 3.349185e-01
      vertex   -6.964637e-02 -1.686908e-01 2.648985e-01
      vertex   -4.474537e-02 -1.734183e-01 3.268817e-01
    endloop
  endfacet
  facet normal -6.154933e-01 -7.867888e-01 -4.616569e-02
    outer loop
      vertex   -6.964637e-02 -1.686908e-01 2.648985e-01
      vertex   -1.169187e-01 -1.305954e-01 2.458967e-01
      vertex   -1.027226e-01 -1.371890e-01 1.690034e-01
    endloop
  endfacet
  facet normal -9.160772e-01 -3.885301e-01 -9.923141e-02
    outer loop
      vertex   -1.458021e-01 -9.509670e-02 1.353300e-01
      vertex   -1.514865e-01 -9.533362e-02 1.887343e-01
      vertex   -1.636594e-01 -5.287890e-02 1.348838e-01
    endloop
  endfacet
  facet normal -4.143508e-01 9.050758e-01 9.566212e-02
    outer loop
      vertex   -1.082298e-01 1.147209e-01 5.786964e-02
      vertex   -7.751089e-02 1.310995e-01 3.596510e-02
      vertex   -1.266346e-01 1.127642e-01 -3.336044e-03
    endloop
  endfacet
  facet normal -5.246411e-02 9.912811e-01 1.208687e-01
    outer loop
      vertex   -7.406679e-02 1.356115e-01 4.559479e-04
      vertex   -7.751089e-02 1.310995e-01 3.596510e-02
      vertex   -3.791540e-02 1.340917e-01 2.861140e-02
    endloop
  endfacet
  facet normal 1.657699e-01 8.757329e-01 -4.534449e-01
    outer loop
      vertex   3.735398e-03 1.109417e-01 -5.942516e-02
      vertex   -3.336499e-02 1.123263e-01 -7.031407e-02
      vertex   -4.306257e-02 1.323468e-01 -3.519408e-02
    endloop
  endfacet
  facet normal 8.075987e-02 -4.520487e-01 -8.883298e-01
    outer loop
      vertex   -2.550125e-02 -1.260524e-01 -7.880791e-02
      vertex   -1.684386e-02 -1.616488e-01 -5.990672e-02
      vertex   -4.502037e-02 -1.482870e-01 -6.926781e-02
    endloop
  endfacet
  facet normal 2.603423e-02 2.632379e-02 -9.993144e-01
    outer loop
      vertex   -1.188077e-02 -1.443078e-01 -7.893394e-02
      vertex   -2.550125e-02 -1.260524e-01 -7.880791e-02
      vertex   1.964469e-04 -7.725955e-02 -7.685313e-02
    endloop
  endfacet
  facet normal -1.354593e-01 -9.905576e-01 -2.113046e-02
    outer loop
      vertex   -3.924546e-03 -1.773338e-01 2.487471e-01
      vertex   -4.474537e-02 -1.734183e-01 3.268817e-01
      vertex   -6.964637e-02 -1.686908e-01 2.648985e-01
    endloop
  endfacet
  facet normal 1.177463e-02 -9.983512e-01 5.618130e-02
    outer loop
      vertex   2.092602e-02 -1.711843e-01 3.528168e-01
      vertex   -4.474537e-02 -1.734183e-01 3.268817e-01
      vertex   -3.924546e-03 -1.773338e-01 2.487471e-01
    endloop
  endfacet
  facet normal -2.450716e-02 -9.817871e-01 1.883974e-01
    outer loop
      vertex   -4.998984e-02 -1.545976e-01 4.242790e-01
      vertex   -4.474537e-02 -1.734183e-01 3.268817e-01
      vertex   -5.562786e-03 -1.543240e-01 4.314837e-01
    endloop
  endfacet
  facet normal -2.213573e-02 -9.845184e-01 1.738779e-01
    outer loop
      vertex   -3.651498e-02 -1.433930e-01 4.894359e-01
      vertex   -4.998984e-02 -1.545976e-01 4.242790e-01
      vertex   -5.562786e-03 -1.543240e-01 4.314837e-01
    endloop
  endfacet
  facet normal 1.172984e-01 -8.927032e-01 4.351115e-01
    outer loop
      vertex   -5.136264e-02 -1.188342e-01 5.438251e-01
      vertex   -7.410759e-02 -1.357633e-01 5.152240e-01
      vertex   -3.651498e-02 -1.433930e-01 4.894359e-01
    endloop
  endfacet
  facet normal 1.910119e-01 -7.322753e-01 6.536722e-01
    outer loop
      vertex   -3.201134e-02 -8.631412e-02 5.746010e-01
      vertex   -6.398985e-02 -8.455349e-02 5.859179e-01
      vertex   -5.136264e-02 -1.188342e-01 5.438251e-01
    endloop
  endfacet
  facet normal -1.839407e-01 -6.732357e-01 7.161840e-01
    outer loop
      vertex   -9.373567e-02 -1.043135e-01 5.597031e-01
      vertex   -6.398985e-02 -8.455349e-02 5.859179e-01
      vertex   -1.009453e-01 -6.608127e-02 5.937909e-01
    endloop
  endfacet
  facet normal -4.272444e-01 -8.358400e-01 -3.447226e-01
    outer loop
      vertex   -8.515524e-02 -1.400506e-01 4.753212e-01
      vertex   -1.288873e-01 -1.165024e-01 4.724255e-01
      vertex   -1.247859e-01 -1.077524e-01 4.461264e-01
    endloop
  endfacet
  facet normal -9.602818e-01 -2.605605e-01 9.983557e-02
    outer loop
      vertex   -1.518820e-01 -2.584777e-02 3.101837e-01
      vertex   -1.497352e-01 -5.699581e-02 2.495393e-01
      vertex   -1.371908e-01 -9.337153e-02 2.752623e-01
    endloop
  endfacet
  facet normal -9.845238e-01 1.392686e-01 -1.063818e-01
    outer loop
      vertex   -1.518820e-01 -2.584777e-02 3.101837e-01
      vertex   -1.435344e-01 1.260825e-03 2.684191e-01
      vertex   -1.497352e-01 -5.699581e-02 2.495393e-01
    endloop
  endfacet
  facet normal -9.859017e-01 5.356629e-02 1.585194e-01
    outer loop
      vertex   -1.435344e-01 1.260825e-03 2.684191e-01
      vertex   -1.533837e-01 -1.133019e-02 2.114165e-01
      vertex   -1.497352e-01 -5.699581e-02 2.495393e-01
    endloop
  endfacet
  facet normal -8.694183e-01 4.768455e-01 1.293451e-01
    outer loop
      vertex   -1.432963e-01 1.928694e-02 1.663474e-01
      vertex   -1.533837e-01 -1.133019e-02 2.114165e-01
      vertex   -1.283704e-01 3.309589e-02 2.157669e-01
    endloop
  endfacet
  facet normal -5.850134e-01 8.040846e-01 1.058644e-01
    outer loop
      vertex   -1.057853e-01 4.987812e-02 2.131050e-01
      vertex   -1.146688e-01 4.996475e-02 1.633566e-01
      vertex   -1.283704e-01 3.309589e-02 2.157669e-01
    endloop
  endfacet
  facet normal -1.604673e-02 9.533273e-01 3.015120e-01
    outer loop
      vertex   -3.791540e-02 1.340917e-01 2.861140e-02
      vertex   -7.751089e-02 1.310995e-01 3.596510e-02
      vertex   -5.241912e-02 1.210186e-01 6.917433e-02
    endloop
  endfacet
  facet normal 2.604990e-01 -1.438838e-02 -9.653669e-01
    outer loop
      vertex   -3.213316e-02 7.867584e-02 -9.093230e-02
      vertex   -5.706389e-03 8.658055e-02 -8.391899e-02
      vertex   -1.901752e-03 4.273392e-02 -8.223882e-02
    endloop
  endfacet
  facet normal 7.699395e-01 -3.250605e-01 -5.491164e-01
    outer loop
      vertex   -2.325164e-02 -6.804490e-02 -1.099924e-01
      vertex   -2.550125e-02 -1.260524e-01 -7.880791e-02
      vertex   -5.128304e-02 -1.219699e-01 -1.173744e-01
    endloop
  endfacet
  facet normal -6.658673e-02 7.493006e-02 -9.949632e-01
    outer loop
      vertex   -1.105195e-02 -7.763531e-02 -7.612865e-02
      vertex   1.964469e-04 -7.725955e-02 -7.685313e-02
      vertex   -2.550125e-02 -1.260524e-01 -7.880791e-02
    endloop
  endfacet
  facet normal -6.663676e-02 -9.376226e-01 -3.412089e-01
    outer loop
      vertex   -1.832723e-02 -1.731242e-01 -2.808348e-02
      vertex   -1.684386e-02 -1.616488e-01 -5.990672e-02
      vertex   1.402972e-02 -1.711010e-01 -3.996220e-02
    endloop
  endfacet
  facet normal -6.427200e-03 -9.958969e-01 -9.026635e-02
    outer loop
      vertex   -1.650018e-02 -1.776365e-01 2.157088e-02
      vertex   -1.832723e-02 -1.731242e-01 -2.808348e-02
      vertex   1.917852e-02 -1.762939e-01 4.217667e-03
    endloop
  endfacet
  facet normal 2.305664e-02 -9.087779e-01 4.166428e-01
    outer loop
      vertex   1.036804e-02 -1.346614e-01 5.058869e-01
      vertex   -5.136264e-02 -1.188342e-01 5.438251e-01
      vertex   -3.651498e-02 -1.433930e-01 4.894359e-01
    endloop
  endfacet
  facet normal -3.662945e-01 -8.895988e-01 2.728413e-01
    outer loop
      vertex   -3.934423e-02 -9.496837e-02 8.423656e-01
      vertex   -4.655427e-02 -9.005401e-02 8.487093e-01
      vertex   -4.139711e-02 -9.404127e-02 8.426324e-01
    endloop
  endfacet
  facet normal 7.373198e-02 -9.805432e-01 -1.819301e-01
    outer loop
      vertex   -1.904055e-02 -9.044706e-02 8.467939e-01
      vertex   -2.066601e-02 -9.059324e-02 8.469229e-01
      vertex   -1.901805e-02 -9.013339e-02 8.451124e-01
    endloop
  endfacet
  facet normal -6.816349e-01 -1.470890e-01 -7.167557e-01
    outer loop
      vertex   -1.936938e-02 -9.074050e-02 8.473048e-01
      vertex   -1.782658e-02 -9.031390e-02 8.457500e-01
      vertex   -1.757334e-02 -9.439197e-02 8.463461e-01
    endloop
  endfacet
  facet normal -5.891542e-01 -4.762610e-01 -6.527425e-01
    outer loop
      vertex   -1.990826e-02 -9.039934e-02 8.475423e-01
      vertex   -1.904055e-02 -9.044706e-02 8.467939e-01
      vertex   -1.936938e-02 -9.074050e-02 8.473048e-01
    endloop
  endfacet
  facet normal 6.715462e-02 -9.726513e-01 2.223504e-01
    outer loop
      vertex   -1.990826e-02 -9.039934e-02 8.475423e-01
      vertex   -2.066601e-02 -9.059324e-02 8.469229e-01
      vertex   -1.964839e-02 -9.046134e-02 8.471926e-01
    endloop
  endfacet
  facet normal 9.795169e-02 -9.886468e-01 1.139428e-01
    outer loop
      vertex   -1.904055e-02 -9.044706e-02 8.467939e-01
      vertex   -1.964839e-02 -9.046134e-02 8.471926e-01
      vertex   -2.066601e-02 -9.059324e-02 8.469229e-01
    endloop
  endfacet
  facet normal 2.470075e-01 -9.058359e-01 3.441636e-01
    outer loop
      vertex   -1.904055e-02 -9.044706e-02 8.467939e-01
      vertex   -1.990826e-02 -9.039934e-02 8.475423e-01
      vertex   -1.964839e-02 -9.046134e-02 8.471926e-01
    endloop
  endfacet
  facet normal -3.874110e-02 2.659179e-01 -9.632169e-01
    outer loop
      vertex   -4.655427e-02 -9.005401e-02 8.487093e-01
      vertex   -1.990826e-02 -9.039934e-02 8.475423e-01
      vertex   -1.757334e-02 -9.439197e-02 8.463461e-01
    endloop
  endfacet
  facet normal -1.603096e-02 -9.973545e-01 -7.090112e-02
    outer loop
      vertex   -4.655427e-02 -9.005401e-02 8.487093e-01
      vertex   -2.135468e-02 -9.028969e-02 8.463269e-01
      vertex   -1.990826e-02 -9.039934e-02 8.475423e-01
    endloop
  endfacet
  facet normal -1.152592e-01 -9.326804e-01 -3.417933e-01
    outer loop
      vertex   -2.066601e-02 -9.059324e-02 8.469229e-01
      vertex   -2.135468e-02 -9.028969e-02 8.463269e-01
      vertex   -1.901805e-02 -9.013339e-02 8.451124e-01
    endloop
  endfacet
  facet normal -6.400479e-01 5.307061e-02 7.664999e-01
    outer loop
      vertex   -1.990826e-02 -9.039934e-02 8.475423e-01
      vertex   -2.135468e-02 -9.028969e-02 8.463269e-01
      vertex   -2.066601e-02 -9.059324e-02 8.469229e-01
    endloop
  endfacet
  facet normal 1.291854e-01 -9.273033e-01 3.513113e-01
    outer loop
      vertex   -1.406205e-02 -1.085401e-01 7.947046e-01
      vertex   -1.848981e-02 -8.998886e-02 8.452996e-01
      vertex   -1.901805e-02 -9.013339e-02 8.451124e-01
    endloop
  endfacet
  facet normal 3.156534e-01 -9.335354e-01 -1.699250e-01
    outer loop
      vertex   -1.904055e-02 -9.044706e-02 8.467939e-01
      vertex   -1.901805e-02 -9.013339e-02 8.451124e-01
      vertex   -1.848981e-02 -8.998886e-02 8.452996e-01
    endloop
  endfacet
  facet normal -8.047650e-01 -1.344779e-01 -5.781600e-01
    outer loop
      vertex   -1.782658e-02 -9.031390e-02 8.457500e-01
      vertex   -1.745419e-02 -9.024739e-02 8.452162e-01
      vertex   -1.757334e-02 -9.439197e-02 8.463461e-01
    endloop
  endfacet
  facet normal -2.537253e-01 -9.221802e-01 -2.919027e-01
    outer loop
      vertex   -1.782658e-02 -9.031390e-02 8.457500e-01
      vertex   -1.848981e-02 -8.998886e-02 8.452996e-01
      vertex   -1.745419e-02 -9.024739e-02 8.452162e-01
    endloop
  endfacet
  facet normal -2.049539e-01 -9.246084e-01 3.210814e-01
    outer loop
      vertex   -1.406205e-02 -1.085401e-01 7.947046e-01
      vertex   -1.745419e-02 -9.024739e-02 8.452162e-01
      vertex   -1.848981e-02 -8.998886e-02 8.452996e-01
    endloop
  endfacet
  facet normal -8.030741e-01 -1.351252e-01 -5.803560e-01
    outer loop
      vertex   -1.757334e-02 -9.439197e-02 8.463461e-01
      vertex   -1.745419e-02 -9.024739e-02 8.452162e-01
      vertex   -4.690909e-03 -1.176156e-01 8.339271e-01
    endloop
  endfacet
  facet normal -8.108116e-01 -5.021603e-01 3.006986e-01
    outer loop
      vertex   -1.701722e-02 -1.117223e-01 8.105318e-01
      vertex   -4.690909e-03 -1.176156e-01 8.339271e-01
      vertex   -1.745419e-02 -9.024739e-02 8.452162e-01
    endloop
  endfacet
  facet normal -4.683739e-01 -3.832280e-01 -7.960918e-01
    outer loop
      vertex   -1.406205e-02 -1.085401e-01 7.947046e-01
      vertex   -1.307704e-02 -1.087812e-01 7.942411e-01
      vertex   -1.300738e-02 -1.227440e-01 8.009217e-01
    endloop
  endfacet
  facet normal -7.948247e-01 -5.364765e-01 2.836313e-01
    outer loop
      vertex   -1.701722e-02 -1.117223e-01 8.105318e-01
      vertex   -1.300738e-02 -1.227440e-01 8.009217e-01
      vertex   -4.690909e-03 -1.176156e-01 8.339271e-01
    endloop
  endfacet
  facet normal 6.611818e-02 2.365328e-01 -9.693712e-01
    outer loop
      vertex   -4.139711e-02 -9.404127e-02 8.426324e-01
      vertex   -5.189741e-02 -8.286970e-02 8.446422e-01
      vertex   -1.901805e-02 -9.013339e-02 8.451124e-01
    endloop
  endfacet
  facet normal -8.521482e-01 -4.894633e-01 -1.851193e-01
    outer loop
      vertex   -6.427132e-02 -5.986636e-02 8.005675e-01
      vertex   -4.611815e-02 -7.522891e-02 7.576234e-01
      vertex   -4.964104e-02 -8.770623e-02 8.068307e-01
    endloop
  endfacet
  facet normal -5.342567e-01 8.046043e-03 -8.452840e-01
    outer loop
      vertex   -2.714069e-02 -8.727474e-02 7.265311e-01
      vertex   -4.044518e-02 -6.014605e-02 7.351984e-01
      vertex   -1.224682e-02 -7.660889e-02 7.172191e-01
    endloop
  endfacet
  facet normal -8.626395e-01 -2.908396e-01 -4.138423e-01
    outer loop
      vertex   -2.714069e-02 -8.727474e-02 7.265311e-01
      vertex   -4.611815e-02 -7.522891e-02 7.576234e-01
      vertex   -4.044518e-02 -6.014605e-02 7.351984e-01
    endloop
  endfacet
  facet normal -6.936528e-01 -7.044178e-01 -1.504705e-01
    outer loop
      vertex   -4.611815e-02 -7.522891e-02 7.576234e-01
      vertex   -2.714069e-02 -8.727474e-02 7.265311e-01
      vertex   -2.462660e-02 -9.358968e-02 7.445044e-01
    endloop
  endfacet
  facet normal -9.667338e-01 -2.395487e-01 -8.967769e-02
    outer loop
      vertex   -8.034128e-02 -1.035824e-02 8.415562e-01
      vertex   -6.427132e-02 -5.986636e-02 8.005675e-01
      vertex   -7.868340e-02 -2.719089e-02 8.686478e-01
    endloop
  endfacet
  facet normal -7.958734e-02 9.784716e-01 1.904185e-01
    outer loop
      vertex   -7.618460e-02 3.399339e-04 8.336540e-01
      vertex   -7.782256e-02 -1.229442e-03 8.410337e-01
      vertex   -7.555179e-02 5.072751e-04 8.330586e-01
    endloop
  endfacet
  facet normal -6.654895e-01 -6.671249e-01 -3.347656e-01
    outer loop
      vertex   -7.782256e-02 -1.229442e-03 8.410337e-01
      vertex   -7.898453e-02 8.598631e-03 8.237581e-01
      vertex   -7.555179e-02 5.072751e-04 8.330586e-01
    endloop
  endfacet
  facet normal -8.261436e-01 -5.200039e-01 2.169855e-01
    outer loop
      vertex   -7.981607e-02 -1.569049e-03 8.535481e-01
      vertex   -8.041688e-02 2.567372e-04 8.556361e-01
      vertex   -8.757077e-02 7.113169e-03 8.448300e-01
    endloop
  endfacet
  facet normal -5.403219e-01 -8.249748e-01 -1.657374e-01
    outer loop
      vertex   -8.757077e-02 7.113169e-03 8.448300e-01
      vertex   -8.041688e-02 2.567372e-04 8.556361e-01
      vertex   -8.068114e-02 3.790708e-04 8.558887e-01
    endloop
  endfacet
  facet normal 9.073607e-01 -2.718807e-01 3.205891e-01
    outer loop
      vertex   -7.981607e-02 -1.569049e-03 8.535481e-01
      vertex   -7.950930e-02 -2.382833e-03 8.519897e-01
      vertex   -7.890299e-02 -2.936100e-03 8.498045e-01
    endloop
  endfacet
  facet normal 8.938415e-01 4.259110e-01 1.401684e-01
    outer loop
      vertex   -7.950930e-02 -2.382833e-03 8.519897e-01
      vertex   -7.925176e-02 -2.660618e-03 8.511915e-01
      vertex   -7.890299e-02 -2.936100e-03 8.498045e-01
    endloop
  endfacet
  facet normal -9.394079e-01 1.641140e-01 -3.009640e-01
    outer loop
      vertex   -7.981607e-02 -1.569049e-03 8.535481e-01
      vertex   -7.866566e-02 -2.944806e-03 8.492071e-01
      vertex   -7.925176e-02 -2.660618e-03 8.511915e-01
    endloop
  endfacet
  facet normal 5.834115e-01 7.171307e-01 -3.812539e-01
    outer loop
      vertex   -8.068114e-02 3.790708e-04 8.558887e-01
      vertex   -7.981607e-02 -1.569049e-03 8.535481e-01
      vertex   -8.250667e-02 2.496727e-03 8.570785e-01
    endloop
  endfacet
  facet normal -3.384721e-01 6.579440e-01 -6.727156e-01
    outer loop
      vertex   -8.068114e-02 3.790708e-04 8.558887e-01
      vertex   -8.041688e-02 2.567372e-04 8.556361e-01
      vertex   -7.981607e-02 -1.569049e-03 8.535481e-01
    endloop
  endfacet
  facet normal -1.706055e-01 7.470619e-01 -6.424892e-01
    outer loop
      vertex   -8.250667e-02 2.496727e-03 8.570785e-01
      vertex   -7.890299e-02 -2.936100e-03 8.498045e-01
      vertex   -8.034128e-02 -1.035824e-02 8.415562e-01
    endloop
  endfacet
  facet normal 6.222112e-01 7.472444e-01 2.334074e-01
    outer loop
      vertex   -7.825916e-02 -3.227794e-03 8.482294e-01
      vertex   -7.787415e-02 -3.210669e-03 8.471482e-01
      vertex   -7.787359e-02 -1.454750e-03 8.415252e-01
    endloop
  endfacet
  facet normal 3.453469e-01 8.958035e-01 2.797707e-01
    outer loop
      vertex   -7.751466e-02 -2.555588e-03 8.446069e-01
      vertex   -7.787359e-02 -1.454750e-03 8.415252e-01
      vertex   -7.787415e-02 -3.210669e-03 8.471482e-01
    endloop
  endfacet
  facet normal -7.107993e-01 5.799942e-01 -3.979585e-01
    outer loop
      vertex   -7.825916e-02 -3.227794e-03 8.482294e-01
      vertex   -8.034128e-02 -1.035824e-02 8.415562e-01
      vertex   -7.890299e-02 -2.936100e-03 8.498045e-01
    endloop
  endfacet
  facet normal 1.409495e-01 5.521918e-01 8.217162e-01
    outer loop
      vertex   -8.034128e-02 -1.035824e-02 8.415562e-01
      vertex   -7.618460e-02 3.399339e-04 8.336540e-01
      vertex   -7.757073e-02 -1.169950e-03 8.349064e-01
    endloop
  endfacet
  facet normal -9.437474e-01 3.257375e-01 5.688574e-02
    outer loop
      vertex   -8.034128e-02 -1.035824e-02 8.415562e-01
      vertex   -7.757073e-02 -1.169950e-03 8.349064e-01
      vertex   -7.929455e-02 -3.154355e-03 8.176710e-01
    endloop
  endfacet
  facet normal -7.911982e-01 -5.750601e-01 -2.081137e-01
    outer loop
      vertex   -8.034128e-02 -1.035824e-02 8.415562e-01
      vertex   -7.929455e-02 -3.154355e-03 8.176710e-01
      vertex   -7.155278e-02 -5.244038e-03 7.940129e-01
    endloop
  endfacet
  facet normal 6.225665e-01 7.725376e-01 -1.248867e-01
    outer loop
      vertex   -6.713735e-01 -3.048115e-02 4.729079e-02
      vertex   -6.713401e-01 -4.024197e-02 -1.292198e-02
      vertex   -6.796192e-01 -3.048633e-02 6.153397e-03
    endloop
  endfacet
  facet normal 4.513335e-01 -5.443194e-02 -8.906937e-01
    outer loop
      vertex   -6.713401e-01 -4.024197e-02 -1.292198e-02
      vertex   -6.769776e-01 -4.959204e-02 -1.520726e-02
      vertex   -6.777664e-01 -3.929185e-02 -1.623643e-02
    endloop
  endfacet
  facet normal -2.379930e-01 9.627196e-01 -1.285702e-01
    outer loop
      vertex   -6.689757e-01 3.033324e-03 4.654262e-02
      vertex   -6.755904e-01 8.198067e-03 9.745992e-02
      vertex   -6.618092e-01 9.663672e-03 8.292409e-02
    endloop
  endfacet
  facet normal 1.398284e-01 -9.885940e-01 -5.594656e-02
    outer loop
      vertex   -6.547387e-01 -1.405253e-02 -7.532333e-03
      vertex   -6.475183e-01 -1.349757e-02 7.075348e-04
      vertex   -6.622044e-01 -1.783594e-02 4.066273e-02
    endloop
  endfacet
  facet normal -2.524326e-01 -9.608126e-01 -1.145292e-01
    outer loop
      vertex   -6.622044e-01 -1.783594e-02 4.066273e-02
      vertex   -6.650987e-01 -1.348148e-02 1.051137e-02
      vertex   -6.547387e-01 -1.405253e-02 -7.532333e-03
    endloop
  endfacet
  facet normal 6.330399e-01 -7.594028e-01 1.502260e-01
    outer loop
      vertex   -6.622044e-01 -1.783594e-02 4.066273e-02
      vertex   -6.475183e-01 -1.349757e-02 7.075348e-04
      vertex   -6.518412e-01 -1.139788e-02 2.953761e-02
    endloop
  endfacet
  facet normal 5.881705e-02 9.799851e-01 -1.901836e-01
    outer loop
      vertex   -6.689757e-01 3.033324e-03 4.654262e-02
      vertex   -6.618092e-01 9.663672e-03 8.292409e-02
      vertex   -6.551270e-01 1.392569e-03 4.237099e-02
    endloop
  endfacet
  facet normal -9.747436e-01 -6.891750e-03 -2.232207e-01
    outer loop
      vertex   -6.802746e-01 -3.293127e-03 7.271718e-02
      vertex   -6.756413e-01 -1.197343e-02 5.275282e-02
      vertex   -6.816537e-01 -2.259132e-02 7.933510e-02
    endloop
  endfacet
  facet normal -9.763947e-01 3.224504e-02 -2.135734e-01
    outer loop
      vertex   -6.553070e-01 2.837693e-02 6.878365e-02
      vertex   -6.455288e-01 2.704113e-02 2.387892e-02
      vertex   -6.444337e-01 1.697699e-02 1.735329e-02
    endloop
  endfacet
  facet normal 7.399266e-02 9.913151e-01 -1.087177e-01
    outer loop
      vertex   -6.320256e-01 2.470270e-02 1.174666e-02
      vertex   -6.384525e-01 2.448764e-02 5.411575e-03
      vertex   -6.455288e-01 2.704113e-02 2.387892e-02
    endloop
  endfacet
  facet normal -6.354732e-01 -4.332281e-01 6.391301e-01
    outer loop
      vertex   -3.168575e-01 3.061476e-03 4.761788e-01
      vertex   -3.478802e-01 3.367272e-02 4.660831e-01
      vertex   -3.724721e-01 1.026348e-02 4.257641e-01
    endloop
  endfacet
  facet normal 2.963708e-01 4.033246e-01 -8.657330e-01
    outer loop
      vertex   -4.522043e-01 4.096919e-02 2.513733e-01
      vertex   -4.776298e-01 6.792172e-02 2.552258e-01
      vertex   -4.109779e-01 6.376997e-02 2.761089e-01
    endloop
  endfacet
  facet normal 5.745961e-01 -6.700644e-01 -4.699501e-01
    outer loop
      vertex   -4.663130e-01 1.253138e-03 2.776469e-01
      vertex   -5.298254e-01 -1.672790e-02 2.256295e-01
      vertex   -4.735003e-01 1.909006e-02 2.434268e-01
    endloop
  endfacet
  facet normal 4.314784e-01 -8.736582e-01 -2.248283e-01
    outer loop
      vertex   -4.663130e-01 1.253138e-03 2.776469e-01
      vertex   -4.547057e-01 -3.095027e-03 3.168195e-01
      vertex   -5.298254e-01 -1.672790e-02 2.256295e-01
    endloop
  endfacet
  facet normal 1.031371e-01 -9.555138e-01 2.763261e-01
    outer loop
      vertex   -5.614446e-01 -4.274088e-02 2.277887e-01
      vertex   -5.160868e-01 -1.712402e-02 2.994402e-01
      vertex   -5.862628e-01 -4.180451e-02 2.402898e-01
    endloop
  endfacet
  facet normal -6.672611e-01 -2.911267e-01 6.855712e-01
    outer loop
      vertex   -6.056543e-01 -1.031442e-02 2.419819e-01
      vertex   -6.211881e-01 -5.959264e-02 2.059370e-01
      vertex   -5.889094e-01 -2.721457e-02 2.511030e-01
    endloop
  endfacet
  facet normal -4.135648e-01 7.042999e-01 -5.769972e-01
    outer loop
      vertex   -2.024297e-01 1.230088e-01 4.291652e-01
      vertex   -1.481528e-01 1.277753e-01 3.960802e-01
      vertex   -1.652146e-01 1.006646e-01 3.752172e-01
    endloop
  endfacet
  facet normal 1.670005e-01 7.822962e-01 -6.001029e-01
    outer loop
      vertex   -4.101856e-02 9.273611e-02 3.438272e-01
      vertex   -4.050236e-02 1.222852e-01 3.824910e-01
      vertex   2.872280e-02 1.245803e-01 4.047475e-01
    endloop
  endfacet
  facet normal -9.838997e-01 1.143410e-01 1.373589e-01
    outer loop
      vertex   -2.966281e-01 7.289923e-02 5.292267e-01
      vertex   -3.047140e-01 2.673414e-02 5.097369e-01
      vertex   -2.989580e-01 3.537720e-02 5.437720e-01
    endloop
  endfacet
  facet normal 7.106737e-01 4.678504e-01 -5.254131e-01
    outer loop
      vertex   -6.019225e-01 1.324019e-03 1.430651e-01
      vertex   -6.048217e-01 2.363156e-02 1.590071e-01
      vertex   -5.877790e-01 6.841143e-03 1.671082e-01
    endloop
  endfacet
  facet normal 6.621611e-01 -1.848607e-01 -7.262019e-01
    outer loop
      vertex   -3.357882e-01 4.297031e-02 3.377019e-01
      vertex   -3.336213e-01 2.100283e-02 3.452697e-01
      vertex   -3.884762e-01 4.505932e-02 2.891284e-01
    endloop
  endfacet
  facet normal 4.777417e-01 6.139273e-01 -6.283758e-01
    outer loop
      vertex   -3.510319e-01 1.081010e-01 3.657110e-01
      vertex   -3.160785e-01 9.747566e-02 3.819044e-01
      vertex   -3.443391e-01 7.212712e-02 3.356527e-01
    endloop
  endfacet
  facet normal -6.211457e-01 4.469100e-01 6.437775e-01
    outer loop
      vertex   -3.155259e-01 8.288465e-02 5.020874e-01
      vertex   -2.876091e-01 1.096326e-01 5.104544e-01
      vertex   -3.321088e-01 8.969659e-02 4.813586e-01
    endloop
  endfacet
  facet normal -3.320030e-01 8.492453e-01 4.105562e-01
    outer loop
      vertex   -2.779065e-01 1.276766e-01 4.510771e-01
      vertex   -3.614658e-01 1.181495e-01 4.032125e-01
      vertex   -3.256837e-01 1.041685e-01 4.610683e-01
    endloop
  endfacet
  facet normal 1.724890e-01 7.498718e-01 -6.387017e-01
    outer loop
      vertex   -3.160785e-01 9.747566e-02 3.819044e-01
      vertex   -3.410659e-01 1.156343e-01 3.964755e-01
      vertex   -2.974918e-01 1.191538e-01 4.123753e-01
    endloop
  endfacet
  facet normal 4.144358e-01 8.438261e-01 -3.408820e-01
    outer loop
      vertex   -3.510319e-01 1.081010e-01 3.657110e-01
      vertex   -3.410659e-01 1.156343e-01 3.964755e-01
      vertex   -3.160785e-01 9.747566e-02 3.819044e-01
    endloop
  endfacet
  facet normal 4.596903e-01 -5.601183e-01 -6.891678e-01
    outer loop
      vertex   -3.703720e-01 2.183251e-02 3.200819e-01
      vertex   -3.884762e-01 4.505932e-02 2.891284e-01
      vertex   -3.336213e-01 2.100283e-02 3.452697e-01
    endloop
  endfacet
  facet normal -6.327435e-01 7.438417e-01 2.152561e-01
    outer loop
      vertex   -5.770774e-01 4.613594e-02 2.395089e-01
      vertex   -6.270370e-01 1.597790e-02 1.968676e-01
      vertex   -5.948168e-01 3.018509e-02 2.424841e-01
    endloop
  endfacet
  facet normal -5.899416e-01 7.973540e-01 1.272618e-01
    outer loop
      vertex   -6.270370e-01 1.597790e-02 1.968676e-01
      vertex   -5.770774e-01 4.613594e-02 2.395089e-01
      vertex   -6.162108e-01 2.736146e-02 1.757310e-01
    endloop
  endfacet
  facet normal -3.941390e-02 9.648468e-01 -2.598408e-01
    outer loop
      vertex   -5.663889e-01 4.012325e-02 2.155612e-01
      vertex   -6.162108e-01 2.736146e-02 1.757310e-01
      vertex   -5.770774e-01 4.613594e-02 2.395089e-01
    endloop
  endfacet
  facet normal -4.875743e-02 9.672917e-01 -2.489367e-01
    outer loop
      vertex   -5.663889e-01 4.012325e-02 2.155612e-01
      vertex   -6.048217e-01 2.363156e-02 1.590071e-01
      vertex   -6.162108e-01 2.736146e-02 1.757310e-01
    endloop
  endfacet
  facet normal 6.918115e-01 4.181931e-01 -5.886522e-01
    outer loop
      vertex   -5.877790e-01 6.841143e-03 1.671082e-01
      vertex   -6.048217e-01 2.363156e-02 1.590071e-01
      vertex   -5.729612e-01 2.080205e-02 1.944410e-01
    endloop
  endfacet
  facet normal 6.094103e-01 -2.005952e-01 -7.670597e-01
    outer loop
      vertex   -6.202348e-01 -8.097738e-03 1.309802e-01
      vertex   -6.263181e-01 1.888422e-02 1.190911e-01
      vertex   -6.019225e-01 1.324019e-03 1.430651e-01
    endloop
  endfacet
  facet normal -4.361940e-01 -8.307873e-01 3.457272e-01
    outer loop
      vertex   -1.911271e-02 -1.023060e-01 8.920418e-01
      vertex   -5.125645e-02 -8.227322e-02 8.996260e-01
      vertex   -4.266874e-02 -9.935975e-02 8.694016e-01
    endloop
  endfacet
  facet normal -5.813334e-01 -7.568245e-02 -8.101380e-01
    outer loop
      vertex   -5.813000e-02 -1.201415e-02 7.433921e-01
      vertex   -3.095792e-02 -4.364645e-02 7.268492e-01
      vertex   -4.044518e-02 -6.014605e-02 7.351984e-01
    endloop
  endfacet
  facet normal -8.800341e-01 -2.551598e-01 -4.005414e-01
    outer loop
      vertex   -6.683552e-02 -3.388977e-02 7.764547e-01
      vertex   -5.813000e-02 -1.201415e-02 7.433921e-01
      vertex   -4.044518e-02 -6.014605e-02 7.351984e-01
    endloop
  endfacet
  facet normal -9.662447e-01 -7.663803e-02 -2.459631e-01
    outer loop
      vertex   -6.060075e-02 2.002785e-02 7.431145e-01
      vertex   -5.813000e-02 -1.201415e-02 7.433921e-01
      vertex   -7.155278e-02 -5.244038e-03 7.940129e-01
    endloop
  endfacet
  facet normal -3.676074e-01 -9.267305e-01 7.768728e-02
    outer loop
      vertex   -5.813000e-02 -1.201415e-02 7.433921e-01
      vertex   -4.522729e-02 -2.193972e-02 6.860442e-01
      vertex   -2.388632e-02 -2.956973e-02 6.960090e-01
    endloop
  endfacet
  facet normal -3.274527e-01 -9.446114e-01 -2.200085e-02
    outer loop
      vertex   -2.409336e-02 -2.839304e-02 6.485695e-01
      vertex   -2.388632e-02 -2.956973e-02 6.960090e-01
      vertex   -4.522729e-02 -2.193972e-02 6.860442e-01
    endloop
  endfacet
  facet normal -3.348601e-01 -4.035641e-01 8.514721e-01
    outer loop
      vertex   -6.277769e-02 3.265918e-02 6.961185e-01
      vertex   -5.173831e-02 6.532170e-02 7.159407e-01
      vertex   -9.925694e-02 4.657083e-02 6.883658e-01
    endloop
  endfacet
  facet normal -8.746910e-01 4.563850e-01 1.631820e-01
    outer loop
      vertex   -4.099851e-02 5.234397e-02 7.578055e-01
      vertex   -6.277769e-02 3.265918e-02 6.961185e-01
      vertex   -6.060075e-02 2.002785e-02 7.431145e-01
    endloop
  endfacet
  facet normal -4.972908e-01 7.843876e-01 3.707263e-01
    outer loop
      vertex   -2.986309e-02 7.607733e-02 7.225271e-01
      vertex   -5.173831e-02 6.532170e-02 7.159407e-01
      vertex   -4.099851e-02 5.234397e-02 7.578055e-01
    endloop
  endfacet
  facet normal -7.519246e-01 4.160109e-01 5.114141e-01
    outer loop
      vertex   -6.289699e-02 5.346111e-02 8.964298e-01
      vertex   -7.114837e-02 1.998372e-02 9.115302e-01
      vertex   -4.960423e-02 4.501649e-02 9.228432e-01
    endloop
  endfacet
  facet normal -5.059955e-01 8.138329e-01 -2.857352e-01
    outer loop
      vertex   -5.722488e-02 6.163678e-02 8.527648e-01
      vertex   -3.164867e-02 7.899209e-02 8.569046e-01
      vertex   -4.266802e-02 5.457559e-02 8.068750e-01
    endloop
  endfacet
  facet normal -8.043114e-01 5.849353e-01 -1.045651e-01
    outer loop
      vertex   -8.134943e-02 2.798381e-02 8.500760e-01
      vertex   -7.206332e-02 4.486205e-02 8.730641e-01
      vertex   -5.722488e-02 6.163678e-02 8.527648e-01
    endloop
  endfacet
  facet normal -5.475428e-01 6.768836e-01 4.919608e-01
    outer loop
      vertex   -3.711131e-02 7.439102e-02 8.963315e-01
      vertex   -6.289699e-02 5.346111e-02 8.964298e-01
      vertex   -4.960423e-02 4.501649e-02 9.228432e-01
    endloop
  endfacet
  facet normal -1.856327e-01 9.812977e-01 -5.094406e-02
    outer loop
      vertex   -4.266802e-02 5.457559e-02 8.068750e-01
      vertex   -1.862342e-02 5.805114e-02 7.862070e-01
      vertex   -4.099851e-02 5.234397e-02 7.578055e-01
    endloop
  endfacet
  facet normal -4.011892e-01 9.061444e-01 1.339758e-01
    outer loop
      vertex   -1.862342e-02 5.805114e-02 7.862070e-01
      vertex   -3.920386e-03 7.355433e-02 7.253794e-01
      vertex   -4.099851e-02 5.234397e-02 7.578055e-01
    endloop
  endfacet
  facet normal 1.860942e-02 8.268410e-01 5.621277e-01
    outer loop
      vertex   -2.986309e-02 7.607733e-02 7.225271e-01
      vertex   -4.099851e-02 5.234397e-02 7.578055e-01
      vertex   -3.920386e-03 7.355433e-02 7.253794e-01
    endloop
  endfacet
  facet normal -2.846552e-01 5.082913e-01 8.127800e-01
    outer loop
      vertex   -9.327759e-02 9.827646e-02 6.807836e-01
      vertex   -1.123654e-01 7.956187e-02 6.858022e-01
      vertex   -5.173831e-02 6.532170e-02 7.159407e-01
    endloop
  endfacet
  facet normal -4.638612e-01 -1.160610e-01 8.782725e-01
    outer loop
      vertex   -5.173831e-02 6.532170e-02 7.159407e-01
      vertex   -1.123654e-01 7.956187e-02 6.858022e-01
      vertex   -9.925694e-02 4.657083e-02 6.883658e-01
    endloop
  endfacet
  facet normal -9.956728e-01 -7.722393e-02 -5.169217e-02
    outer loop
      vertex   -6.060075e-02 2.002785e-02 7.431145e-01
      vertex   -5.524857e-02 -1.585805e-03 6.723121e-01
      vertex   -5.813000e-02 -1.201415e-02 7.433921e-01
    endloop
  endfacet
  facet normal -8.429272e-01 5.354079e-01 -5.302891e-02
    outer loop
      vertex   -4.099851e-02 5.234397e-02 7.578055e-01
      vertex   -6.060075e-02 2.002785e-02 7.431145e-01
      vertex   -4.266802e-02 5.457559e-02 8.068750e-01
    endloop
  endfacet
  facet normal -7.334321e-01 5.972763e-01 -3.245589e-01
    outer loop
      vertex   -6.192657e-02 3.016324e-02 8.054697e-01
      vertex   -5.722488e-02 6.163678e-02 8.527648e-01
      vertex   -4.266802e-02 5.457559e-02 8.068750e-01
    endloop
  endfacet
  facet normal -6.810285e-01 6.390275e-01 -3.575527e-01
    outer loop
      vertex   -7.816158e-02 2.125278e-02 8.204675e-01
      vertex   -5.722488e-02 6.163678e-02 8.527648e-01
      vertex   -6.192657e-02 3.016324e-02 8.054697e-01
    endloop
  endfacet
  facet normal 4.735207e-02 9.751160e-01 -2.165793e-01
    outer loop
      vertex   -8.134943e-02 2.798381e-02 8.500760e-01
      vertex   -7.816158e-02 2.125278e-02 8.204675e-01
      vertex   -9.229939e-02 2.335671e-02 8.268491e-01
    endloop
  endfacet
  facet normal -2.166232e-01 9.719576e-01 -9.150315e-02
    outer loop
      vertex   -9.303687e-02 2.550430e-02 8.514069e-01
      vertex   -8.134943e-02 2.798381e-02 8.500760e-01
      vertex   -9.229939e-02 2.335671e-02 8.268491e-01
    endloop
  endfacet
  facet normal -9.505922e-01 2.024129e-01 2.353795e-01
    outer loop
      vertex   -8.212177e-02 1.018634e-02 8.622616e-01
      vertex   -7.206332e-02 4.486205e-02 8.730641e-01
      vertex   -8.134943e-02 2.798381e-02 8.500760e-01
    endloop
  endfacet
  facet normal -9.945811e-01 -8.018735e-02 6.616909e-02
    outer loop
      vertex   -7.978696e-02 9.252123e-03 8.962239e-01
      vertex   -8.212177e-02 1.018634e-02 8.622616e-01
      vertex   -7.868340e-02 -2.719089e-02 8.686478e-01
    endloop
  endfacet
  facet normal -7.253569e-01 1.264828e-01 6.766531e-01
    outer loop
      vertex   -6.387062e-02 -2.526957e-02 9.277907e-01
      vertex   -4.549927e-02 6.559628e-03 9.415347e-01
      vertex   -7.114837e-02 1.998372e-02 9.115302e-01
    endloop
  endfacet
  facet normal -6.088127e-01 -3.668928e-01 7.033752e-01
    outer loop
      vertex   -4.316722e-02 -6.951817e-02 9.226298e-01
      vertex   -4.047453e-02 -3.707511e-02 9.418834e-01
      vertex   -6.387062e-02 -2.526957e-02 9.277907e-01
    endloop
  endfacet
  facet normal -2.822571e-01 -4.721678e-01 8.350979e-01
    outer loop
      vertex   -7.318578e-04 -6.259437e-02 9.408874e-01
      vertex   -4.047453e-02 -3.707511e-02 9.418834e-01
      vertex   -4.316722e-02 -6.951817e-02 9.226298e-01
    endloop
  endfacet
  facet normal -3.752551e-01 -3.581093e-02 9.262296e-01
    outer loop
      vertex   -1.755504e-02 -2.593194e-03 9.525022e-01
      vertex   -4.549927e-02 6.559628e-03 9.415347e-01
      vertex   -4.047453e-02 -3.707511e-02 9.418834e-01
    endloop
  endfacet
  facet normal -2.500222e-01 8.907111e-01 -3.796348e-01
    outer loop
      vertex   -4.266802e-02 5.457559e-02 8.068750e-01
      vertex   -3.164867e-02 7.899209e-02 8.569046e-01
      vertex   -1.646862e-04 7.361611e-02 8.235564e-01
    endloop
  endfacet
  facet normal -3.243900e-01 9.193115e-01 -2.227946e-01
    outer loop
      vertex   -4.266802e-02 5.457559e-02 8.068750e-01
      vertex   -1.646862e-04 7.361611e-02 8.235564e-01
      vertex   -1.862342e-02 5.805114e-02 7.862070e-01
    endloop
  endfacet
  facet normal 1.532976e-03 7.558954e-01 6.546906e-01
    outer loop
      vertex   -4.322434e-02 1.051477e-01 6.889942e-01
      vertex   -2.986309e-02 7.607733e-02 7.225271e-01
      vertex   -3.920386e-03 7.355433e-02 7.253794e-01
    endloop
  endfacet
  facet normal -7.764097e-01 6.192424e-01 -1.171616e-01
    outer loop
      vertex   -4.266802e-02 5.457559e-02 8.068750e-01
      vertex   -6.060075e-02 2.002785e-02 7.431145e-01
      vertex   -6.192657e-02 3.016324e-02 8.054697e-01
    endloop
  endfacet
  facet normal -2.086074e-01 6.644519e-01 -7.176257e-01
    outer loop
      vertex   -7.155278e-02 -5.244038e-03 7.940129e-01
      vertex   -9.216235e-02 2.209614e-02 8.253182e-01
      vertex   -7.816158e-02 2.125278e-02 8.204675e-01
    endloop
  endfacet
  facet normal -5.772516e-02 7.328031e-01 -6.779877e-01
    outer loop
      vertex   -9.216235e-02 2.209614e-02 8.253182e-01
      vertex   -7.155278e-02 -5.244038e-03 7.940129e-01
      vertex   -8.698059e-02 7.757304e-03 8.093789e-01
    endloop
  endfacet
  facet normal -5.671978e-01 -6.599675e-01 4.926759e-01
    outer loop
      vertex   -8.906960e-02 9.554194e-03 8.120781e-01
      vertex   -9.229939e-02 2.335671e-02 8.268491e-01
      vertex   -9.216235e-02 2.209614e-02 8.253182e-01
    endloop
  endfacet
  facet normal -8.694085e-01 -4.837529e-03 4.940702e-01
    outer loop
      vertex   -7.978696e-02 9.252123e-03 8.962239e-01
      vertex   -7.328516e-02 -3.168261e-02 9.072642e-01
      vertex   -7.114837e-02 1.998372e-02 9.115302e-01
    endloop
  endfacet
  facet normal -3.658671e-01 -7.640921e-01 5.313233e-01
    outer loop
      vertex   -4.316722e-02 -6.951817e-02 9.226298e-01
      vertex   -1.911271e-02 -1.023060e-01 8.920418e-01
      vertex   -8.056684e-03 -8.416608e-02 9.257418e-01
    endloop
  endfacet
  facet normal -2.636448e-01 2.954089e-01 9.182728e-01
    outer loop
      vertex   -1.755504e-02 -2.593194e-03 9.525022e-01
      vertex   -1.105576e-02 4.935568e-02 9.376563e-01
      vertex   -4.549927e-02 6.559628e-03 9.415347e-01
    endloop
  endfacet
  facet normal -3.499025e-01 5.696258e-01 7.437033e-01
    outer loop
      vertex   -1.904234e-02 6.976475e-02 9.182667e-01
      vertex   -4.960423e-02 4.501649e-02 9.228432e-01
      vertex   -1.105576e-02 4.935568e-02 9.376563e-01
    endloop
  endfacet
  facet normal -1.875067e-01 9.184867e-01 3.481715e-01
    outer loop
      vertex   4.289844e-03 8.416285e-02 8.928496e-01
      vertex   -3.711131e-02 7.439102e-02 8.963315e-01
      vertex   -1.904234e-02 6.976475e-02 9.182667e-01
    endloop
  endfacet
  facet normal -1.724549e-01 9.845359e-01 3.079628e-02
    outer loop
      vertex   -3.164867e-02 7.899209e-02 8.569046e-01
      vertex   4.289844e-03 8.416285e-02 8.928496e-01
      vertex   2.773731e-03 8.500716e-02 8.573676e-01
    endloop
  endfacet
  facet normal -1.601109e-01 9.395650e-01 -3.026254e-01
    outer loop
      vertex   -3.164867e-02 7.899209e-02 8.569046e-01
      vertex   2.773731e-03 8.500716e-02 8.573676e-01
      vertex   -1.646862e-04 7.361611e-02 8.235564e-01
    endloop
  endfacet
  facet normal 2.324047e-01 8.446019e-01 4.823232e-01
    outer loop
      vertex   -4.322434e-02 1.051477e-01 6.889942e-01
      vertex   -3.920386e-03 7.355433e-02 7.253794e-01
      vertex   -3.281356e-02 1.238597e-01 6.512110e-01
    endloop
  endfacet
  facet normal -2.599670e-02 8.986520e-01 4.378913e-01
    outer loop
      vertex   -4.322434e-02 1.051477e-01 6.889942e-01
      vertex   -3.281356e-02 1.238597e-01 6.512110e-01
      vertex   -9.251060e-02 1.200190e-01 6.555489e-01
    endloop
  endfacet
  facet normal -2.063635e-01 7.443667e-01 6.350845e-01
    outer loop
      vertex   -9.327759e-02 9.827646e-02 6.807836e-01
      vertex   -4.322434e-02 1.051477e-01 6.889942e-01
      vertex   -9.251060e-02 1.200190e-01 6.555489e-01
    endloop
  endfacet
  facet normal -3.358754e-01 5.480087e-01 7.660771e-01
    outer loop
      vertex   -9.327759e-02 9.827646e-02 6.807836e-01
      vertex   -1.771813e-01 8.523506e-02 6.533263e-01
      vertex   -1.123654e-01 7.956187e-02 6.858022e-01
    endloop
  endfacet
  facet normal -4.180279e-01 2.398337e-01 8.762035e-01
    outer loop
      vertex   -1.771813e-01 8.523506e-02 6.533263e-01
      vertex   -1.822522e-01 5.410645e-02 6.594275e-01
      vertex   -1.123654e-01 7.956187e-02 6.858022e-01
    endloop
  endfacet
  facet normal -2.937514e-01 7.285543e-01 6.188043e-01
    outer loop
      vertex   -1.700023e-01 1.023596e-01 6.395544e-01
      vertex   -9.327759e-02 9.827646e-02 6.807836e-01
      vertex   -9.251060e-02 1.200190e-01 6.555489e-01
    endloop
  endfacet
  facet normal -2.788913e-01 8.840028e-01 3.751784e-01
    outer loop
      vertex   -1.054955e-01 1.327676e-01 6.158580e-01
      vertex   -1.700023e-01 1.023596e-01 6.395544e-01
      vertex   -9.251060e-02 1.200190e-01 6.555489e-01
    endloop
  endfacet
  facet normal -2.202129e-02 8.794070e-01 4.755611e-01
    outer loop
      vertex   -9.251060e-02 1.200190e-01 6.555489e-01
      vertex   -3.281356e-02 1.238597e-01 6.512110e-01
      vertex   -5.123936e-02 1.496064e-01 6.027471e-01
    endloop
  endfacet
  facet normal 2.617626e-02 9.340779e-01 3.561084e-01
    outer loop
      vertex   -3.281356e-02 1.238597e-01 6.512110e-01
      vertex   -1.828381e-03 1.244862e-01 6.472902e-01
      vertex   -7.837021e-03 1.400245e-01 6.069747e-01
    endloop
  endfacet
  facet normal -1.448038e-01 -6.602540e-01 7.369508e-01
    outer loop
      vertex   -2.539101e-01 -1.030925e-02 5.913415e-01
      vertex   -2.385743e-01 -3.113634e-02 5.756953e-01
      vertex   -2.033670e-01 -2.550537e-02 5.876582e-01
    endloop
  endfacet
  facet normal -5.803914e-01 -7.171686e-01 3.857656e-01
    outer loop
      vertex   -2.385743e-01 -3.113634e-02 5.756953e-01
      vertex   -2.539101e-01 -1.030925e-02 5.913415e-01
      vertex   -2.669012e-01 -1.743634e-02 5.585464e-01
    endloop
  endfacet
  facet normal 1.572072e-01 8.956504e-01 4.160484e-01
    outer loop
      vertex   -5.123936e-02 1.496064e-01 6.027471e-01
      vertex   -3.281356e-02 1.238597e-01 6.512110e-01
      vertex   -7.837021e-03 1.400245e-01 6.069747e-01
    endloop
  endfacet
  facet normal -2.202451e-01 9.325072e-01 2.862210e-01
    outer loop
      vertex   -1.054955e-01 1.327676e-01 6.158580e-01
      vertex   -5.123936e-02 1.496064e-01 6.027471e-01
      vertex   -1.077588e-01 1.554588e-01 5.401886e-01
    endloop
  endfacet
  facet normal -1.190465e-01 9.500629e-01 2.884586e-01
    outer loop
      vertex   -1.077588e-01 1.554588e-01 5.401886e-01
      vertex   -1.398158e-01 1.354355e-01 5.929071e-01
      vertex   -1.054955e-01 1.327676e-01 6.158580e-01
    endloop
  endfacet
  facet normal -4.140071e-01 -5.073878e-01 7.557485e-01
    outer loop
      vertex   -2.198540e-01 -4.303871e-03 6.140297e-01
      vertex   -2.516465e-01 3.293968e-02 6.216176e-01
      vertex   -2.539101e-01 -1.030925e-02 5.913415e-01
    endloop
  endfacet
  facet normal -7.224406e-01 -5.585447e-01 4.075628e-01
    outer loop
      vertex   -2.539101e-01 -1.030925e-02 5.913415e-01
      vertex   -2.889044e-01 8.092505e-03 5.545298e-01
      vertex   -2.669012e-01 -1.743634e-02 5.585464e-01
    endloop
  endfacet
  facet normal -3.910766e-01 -8.481906e-01 -3.572559e-01
    outer loop
      vertex   -2.869489e-01 2.996008e-03 5.139801e-01
      vertex   -2.495529e-01 -1.459377e-02 5.148053e-01
      vertex   -2.527716e-01 -2.814693e-02 5.505064e-01
    endloop
  endfacet
  facet normal -6.283534e-01 -7.745471e-01 -7.244832e-02
    outer loop
      vertex   -2.869489e-01 2.996008e-03 5.139801e-01
      vertex   -2.527716e-01 -2.814693e-02 5.505064e-01
      vertex   -2.669012e-01 -1.743634e-02 5.585464e-01
    endloop
  endfacet
  facet normal -7.334966e-01 -5.205228e-01 4.370798e-01
    outer loop
      vertex   -2.757271e-01 2.297185e-02 5.943636e-01
      vertex   -2.889044e-01 8.092505e-03 5.545298e-01
      vertex   -2.539101e-01 -1.030925e-02 5.913415e-01
    endloop
  endfacet
  facet normal -5.842860e-01 -4.446664e-01 6.788827e-01
    outer loop
      vertex   -2.539101e-01 -1.030925e-02 5.913415e-01
      vertex   -2.516465e-01 3.293968e-02 6.216176e-01
      vertex   -2.757271e-01 2.297185e-02 5.943636e-01
    endloop
  endfacet
  facet normal -4.703093e-01 -3.338363e-02 8.818700e-01
    outer loop
      vertex   -2.450894e-01 6.598221e-02 6.263654e-01
      vertex   -2.516465e-01 3.293968e-02 6.216176e-01
      vertex   -1.822522e-01 5.410645e-02 6.594275e-01
    endloop
  endfacet
  facet normal -4.161918e-01 2.397123e-01 8.771103e-01
    outer loop
      vertex   -1.822522e-01 5.410645e-02 6.594275e-01
      vertex   -1.771813e-01 8.523506e-02 6.533263e-01
      vertex   -2.450894e-01 6.598221e-02 6.263654e-01
    endloop
  endfacet
  facet normal -3.248437e-01 6.716637e-01 6.658412e-01
    outer loop
      vertex   -2.395064e-01 1.000765e-01 6.079486e-01
      vertex   -1.771813e-01 8.523506e-02 6.533263e-01
      vertex   -1.700023e-01 1.023596e-01 6.395544e-01
    endloop
  endfacet
  facet normal -1.778829e-01 8.533848e-01 4.899920e-01
    outer loop
      vertex   -2.246727e-01 1.220799e-01 5.853619e-01
      vertex   -1.700023e-01 1.023596e-01 6.395544e-01
      vertex   -1.398158e-01 1.354355e-01 5.929071e-01
    endloop
  endfacet
  facet normal 2.795758e-02 9.972909e-01 6.803880e-02
    outer loop
      vertex   -1.077588e-01 1.554588e-01 5.401886e-01
      vertex   -5.123936e-02 1.496064e-01 6.027471e-01
      vertex   -9.283819e-03 1.526504e-01 5.408899e-01
    endloop
  endfacet
  facet normal -7.712239e-01 7.943464e-02 6.315884e-01
    outer loop
      vertex   -2.757271e-01 2.297185e-02 5.943636e-01
      vertex   -2.450894e-01 6.598221e-02 6.263654e-01
      vertex   -2.816322e-01 6.088467e-02 5.823847e-01
    endloop
  endfacet
  facet normal -7.520351e-01 2.917518e-01 5.910365e-01
    outer loop
      vertex   -2.450894e-01 6.598221e-02 6.263654e-01
      vertex   -2.639211e-01 8.917085e-02 5.909575e-01
      vertex   -2.816322e-01 6.088467e-02 5.823847e-01
    endloop
  endfacet
  facet normal -7.584542e-01 5.722796e-02 6.492088e-01
    outer loop
      vertex   -2.516465e-01 3.293968e-02 6.216176e-01
      vertex   -2.450894e-01 6.598221e-02 6.263654e-01
      vertex   -2.757271e-01 2.297185e-02 5.943636e-01
    endloop
  endfacet
  facet normal -9.091787e-01 -1.886398e-01 3.712265e-01
    outer loop
      vertex   -2.989580e-01 3.537720e-02 5.437720e-01
      vertex   -2.889044e-01 8.092505e-03 5.545298e-01
      vertex   -2.757271e-01 2.297185e-02 5.943636e-01
    endloop
  endfacet
  facet normal -7.836388e-01 -1.811823e-02 6.209524e-01
    outer loop
      vertex   -3.321088e-01 8.969659e-02 4.813586e-01
      vertex   -3.589177e-01 7.180618e-02 4.470039e-01
      vertex   -3.155259e-01 8.288465e-02 5.020874e-01
    endloop
  endfacet
  facet normal -4.479237e-01 7.654536e-01 4.620012e-01
    outer loop
      vertex   -3.772747e-01 1.044077e-01 4.106531e-01
      vertex   -3.256837e-01 1.041685e-01 4.610683e-01
      vertex   -3.614658e-01 1.181495e-01 4.032125e-01
    endloop
  endfacet
  facet normal 2.978137e-01 8.401578e-01 -4.532570e-01
    outer loop
      vertex   -3.783293e-01 9.662163e-02 3.264971e-01
      vertex   -4.059416e-01 1.082548e-01 3.299176e-01
      vertex   -3.510319e-01 1.081010e-01 3.657110e-01
    endloop
  endfacet
  facet normal 5.417805e-01 4.989938e-01 -6.763721e-01
    outer loop
      vertex   -4.109779e-01 6.376997e-02 2.761089e-01
      vertex   -3.783293e-01 9.662163e-02 3.264971e-01
      vertex   -3.443391e-01 7.212712e-02 3.356527e-01
    endloop
  endfacet
  facet normal 5.004007e-01 -1.326648e-01 -8.555695e-01
    outer loop
      vertex   -4.735003e-01 1.909006e-02 2.434268e-01
      vertex   -3.884762e-01 4.505932e-02 2.891284e-01
      vertex   -4.116353e-01 2.104709e-02 2.793067e-01
    endloop
  endfacet
  facet normal -2.424163e-01 -7.589904e-01 6.042913e-01
    outer loop
      vertex   -5.862628e-01 -4.180451e-02 2.402898e-01
      vertex   -5.160868e-01 -1.712402e-02 2.994402e-01
      vertex   -5.173560e-01 2.000647e-03 3.229516e-01
    endloop
  endfacet
  facet normal -5.430918e-01 -4.650186e-01 6.991487e-01
    outer loop
      vertex   -5.173560e-01 2.000647e-03 3.229516e-01
      vertex   -5.566320e-01 5.017331e-03 2.944489e-01
      vertex   -5.862628e-01 -4.180451e-02 2.402898e-01
    endloop
  endfacet
  facet normal -3.649649e-01 -5.961887e-01 7.150942e-01
    outer loop
      vertex   -5.566320e-01 5.017331e-03 2.944489e-01
      vertex   -5.889094e-01 -2.721457e-02 2.511030e-01
      vertex   -5.862628e-01 -4.180451e-02 2.402898e-01
    endloop
  endfacet
  facet normal -6.602139e-01 -2.774646e-01 6.979477e-01
    outer loop
      vertex   -5.566320e-01 5.017331e-03 2.944489e-01
      vertex   -6.056543e-01 -1.031442e-02 2.419819e-01
      vertex   -5.889094e-01 -2.721457e-02 2.511030e-01
    endloop
  endfacet
  facet normal -7.196274e-01 -6.483607e-02 6.913267e-01
    outer loop
      vertex   -6.056543e-01 -1.031442e-02 2.419819e-01
      vertex   -5.566320e-01 5.017331e-03 2.944489e-01
      vertex   -5.630446e-01 2.660822e-02 2.897987e-01
    endloop
  endfacet
  facet normal 2.677683e-01 9.629380e-01 -3.241100e-02
    outer loop
      vertex   -6.162108e-01 2.736146e-02 1.757310e-01
      vertex   -6.048217e-01 2.363156e-02 1.590071e-01
      vertex   -6.383066e-01 3.155135e-02 1.176655e-01
    endloop
  endfacet
  facet normal 7.972632e-01 3.847101e-01 4.651554e-01
    outer loop
      vertex   -6.263181e-01 1.888422e-02 1.190911e-01
      vertex   -6.202348e-01 -8.097738e-03 1.309802e-01
      vertex   -6.133402e-01 -2.807476e-02 1.356851e-01
    endloop
  endfacet
  facet normal 7.133358e-01 -4.988065e-02 -6.990450e-01
    outer loop
      vertex   -6.481618e-01 -5.961496e-02 1.024022e-01
      vertex   -6.263181e-01 1.888422e-02 1.190911e-01
      vertex   -6.133402e-01 -2.807476e-02 1.356851e-01
    endloop
  endfacet
  facet normal 9.179545e-01 -1.803171e-01 -3.533344e-01
    outer loop
      vertex   -6.481618e-01 -5.961496e-02 1.024022e-01
      vertex   -6.372855e-01 -9.881275e-03 1.052780e-01
      vertex   -6.263181e-01 1.888422e-02 1.190911e-01
    endloop
  endfacet
  facet normal 7.707910e-01 4.336921e-01 -4.666823e-01
    outer loop
      vertex   -6.048217e-01 2.363156e-02 1.590071e-01
      vertex   -6.019225e-01 1.324019e-03 1.430651e-01
      vertex   -6.263181e-01 1.888422e-02 1.190911e-01
    endloop
  endfacet
  facet normal 3.443122e-01 -8.539248e-01 -3.902071e-01
    outer loop
      vertex   -3.837620e-01 6.668581e-03 3.353673e-01
      vertex   -4.213663e-01 7.007668e-03 3.014439e-01
      vertex   -4.116353e-01 2.104709e-02 2.793067e-01
    endloop
  endfacet
  facet normal 4.288362e-01 -8.005727e-01 -4.185485e-01
    outer loop
      vertex   -3.703720e-01 2.183251e-02 3.200819e-01
      vertex   -3.837620e-01 6.668581e-03 3.353673e-01
      vertex   -4.116353e-01 2.104709e-02 2.793067e-01
    endloop
  endfacet
  facet normal 6.736245e-01 1.466460e-01 -7.243791e-01
    outer loop
      vertex   -3.884762e-01 4.505932e-02 2.891284e-01
      vertex   -3.443391e-01 7.212712e-02 3.356527e-01
      vertex   -3.357882e-01 4.297031e-02 3.377019e-01
    endloop
  endfacet
  facet normal 5.754284e-01 5.847904e-01 -5.717538e-01
    outer loop
      vertex   -3.510319e-01 1.081010e-01 3.657110e-01
      vertex   -3.443391e-01 7.212712e-02 3.356527e-01
      vertex   -3.783293e-01 9.662163e-02 3.264971e-01
    endloop
  endfacet
  facet normal -8.321271e-01 -8.558052e-02 5.479420e-01
    outer loop
      vertex   -3.155259e-01 8.288465e-02 5.020874e-01
      vertex   -3.047140e-01 2.673414e-02 5.097369e-01
      vertex   -2.966281e-01 7.289923e-02 5.292267e-01
    endloop
  endfacet
  facet normal -7.137792e-01 -4.219989e-02 6.990983e-01
    outer loop
      vertex   -3.047140e-01 2.673414e-02 5.097369e-01
      vertex   -3.155259e-01 8.288465e-02 5.020874e-01
      vertex   -3.478802e-01 3.367272e-02 4.660831e-01
    endloop
  endfacet
  facet normal -8.031804e-01 -5.946469e-01 3.600503e-02
    outer loop
      vertex   -2.869489e-01 2.996008e-03 5.139801e-01
      vertex   -2.889044e-01 8.092505e-03 5.545298e-01
      vertex   -3.047140e-01 2.673414e-02 5.097369e-01
    endloop
  endfacet
  facet normal -7.601889e-01 -6.481554e-01 4.480351e-02
    outer loop
      vertex   -2.889044e-01 8.092505e-03 5.545298e-01
      vertex   -2.869489e-01 2.996008e-03 5.139801e-01
      vertex   -2.669012e-01 -1.743634e-02 5.585464e-01
    endloop
  endfacet
  facet normal -5.961404e-01 7.358084e-01 3.212517e-01
    outer loop
      vertex   -2.639211e-01 8.917085e-02 5.909575e-01
      vertex   -2.449148e-01 1.169137e-01 5.626836e-01
      vertex   -2.719391e-01 9.864001e-02 5.543900e-01
    endloop
  endfacet
  facet normal -5.724050e-01 7.438256e-01 3.450738e-01
    outer loop
      vertex   -2.449148e-01 1.169137e-01 5.626836e-01
      vertex   -2.639211e-01 8.917085e-02 5.909575e-01
      vertex   -2.395064e-01 1.000765e-01 6.079486e-01
    endloop
  endfacet
  facet normal -5.754162e-01 7.416992e-01 3.446426e-01
    outer loop
      vertex   -2.395064e-01 1.000765e-01 6.079486e-01
      vertex   -2.246727e-01 1.220799e-01 5.853619e-01
      vertex   -2.449148e-01 1.169137e-01 5.626836e-01
    endloop
  endfacet
  facet normal -2.609639e-01 9.652605e-01 1.304195e-02
    outer loop
      vertex   -2.449148e-01 1.169137e-01 5.626836e-01
      vertex   -2.246727e-01 1.220799e-01 5.853619e-01
      vertex   -1.822705e-01 1.339680e-01 5.539462e-01
    endloop
  endfacet
  facet normal 2.344658e-03 9.999503e-01 9.685483e-03
    outer loop
      vertex   -6.152227e-02 1.556412e-01 5.101593e-01
      vertex   -1.154426e-01 1.560944e-01 4.764291e-01
      vertex   -1.077588e-01 1.554588e-01 5.401886e-01
    endloop
  endfacet
  facet normal 2.582661e-02 9.621946e-01 -2.711357e-01
    outer loop
      vertex   -2.401202e-03 1.372545e-01 4.505405e-01
      vertex   -3.282544e-02 1.295100e-01 4.201592e-01
      vertex   -6.152227e-02 1.556412e-01 5.101593e-01
    endloop
  endfacet
  facet normal -2.446603e-01 9.551321e-01 1.669252e-01
    outer loop
      vertex   -1.822705e-01 1.339680e-01 5.539462e-01
      vertex   -1.077588e-01 1.554588e-01 5.401886e-01
      vertex   -1.705341e-01 1.496154e-01 4.816148e-01
    endloop
  endfacet
  facet normal -2.859652e-01 9.464522e-01 1.498402e-01
    outer loop
      vertex   -2.270959e-01 1.249222e-01 5.255353e-01
      vertex   -1.822705e-01 1.339680e-01 5.539462e-01
      vertex   -1.957237e-01 1.395860e-01 4.927855e-01
    endloop
  endfacet
  facet normal -2.846800e-01 9.330835e-01 -2.198012e-01
    outer loop
      vertex   -2.449148e-01 1.169137e-01 5.626836e-01
      vertex   -1.822705e-01 1.339680e-01 5.539462e-01
      vertex   -2.653822e-01 1.038181e-01 5.336002e-01
    endloop
  endfacet
  facet normal -8.468535e-01 4.394818e-01 2.994911e-01
    outer loop
      vertex   -2.816322e-01 6.088467e-02 5.823847e-01
      vertex   -2.639211e-01 8.917085e-02 5.909575e-01
      vertex   -2.719391e-01 9.864001e-02 5.543900e-01
    endloop
  endfacet
  facet normal -8.219323e-01 4.600389e-01 3.358446e-01
    outer loop
      vertex   -2.719391e-01 9.864001e-02 5.543900e-01
      vertex   -2.966281e-01 7.289923e-02 5.292267e-01
      vertex   -2.816322e-01 6.088467e-02 5.823847e-01
    endloop
  endfacet
  facet normal -6.996754e-01 7.131632e-01 -4.304193e-02
    outer loop
      vertex   -2.966281e-01 7.289923e-02 5.292267e-01
      vertex   -2.719391e-01 9.864001e-02 5.543900e-01
      vertex   -2.653822e-01 1.038181e-01 5.336002e-01
    endloop
  endfacet
  facet normal -5.656035e-01 8.242382e-01 2.690851e-02
    outer loop
      vertex   -2.449148e-01 1.169137e-01 5.626836e-01
      vertex   -2.653822e-01 1.038181e-01 5.336002e-01
      vertex   -2.719391e-01 9.864001e-02 5.543900e-01
    endloop
  endfacet
  facet normal -3.940960e-01 8.492409e-01 3.513948e-01
    outer loop
      vertex   -2.270959e-01 1.249222e-01 5.255353e-01
      vertex   -2.653822e-01 1.038181e-01 5.336002e-01
      vertex   -1.822705e-01 1.339680e-01 5.539462e-01
    endloop
  endfacet
  facet normal -1.092266e-01 9.420557e-01 3.171759e-01
    outer loop
      vertex   -2.270959e-01 1.249222e-01 5.255353e-01
      vertex   -1.957237e-01 1.395860e-01 4.927855e-01
      vertex   -2.295309e-01 1.369035e-01 4.891108e-01
    endloop
  endfacet
  facet normal -1.145643e-01 9.931329e-01 2.370656e-02
    outer loop
      vertex   -1.705341e-01 1.496154e-01 4.816148e-01
      vertex   -1.077588e-01 1.554588e-01 5.401886e-01
      vertex   -1.154426e-01 1.560944e-01 4.764291e-01
    endloop
  endfacet
  facet normal 3.055679e-01 9.216731e-01 -2.390545e-01
    outer loop
      vertex   -3.282544e-02 1.295100e-01 4.201592e-01
      vertex   -4.050236e-02 1.222852e-01 3.824910e-01
      vertex   -7.096456e-02 1.421639e-01 4.201954e-01
    endloop
  endfacet
  facet normal 1.843137e-01 9.230209e-01 -3.377290e-01
    outer loop
      vertex   -4.050236e-02 1.222852e-01 3.824910e-01
      vertex   -8.517378e-02 1.305685e-01 3.807504e-01
      vertex   -7.096456e-02 1.421639e-01 4.201954e-01
    endloop
  endfacet
  facet normal 4.802388e-03 9.715285e-01 -2.368741e-01
    outer loop
      vertex   -1.236057e-01 1.406137e-01 4.127703e-01
      vertex   -1.154426e-01 1.560944e-01 4.764291e-01
      vertex   -7.096456e-02 1.421639e-01 4.201954e-01
    endloop
  endfacet
  facet normal -5.994941e-01 5.197380e-01 6.086701e-01
    outer loop
      vertex   -3.155259e-01 8.288465e-02 5.020874e-01
      vertex   -2.966281e-01 7.289923e-02 5.292267e-01
      vertex   -2.653822e-01 1.038181e-01 5.336002e-01
    endloop
  endfacet
  facet normal -4.794073e-01 8.325677e-01 2.774882e-01
    outer loop
      vertex   -2.666430e-01 1.250050e-01 5.005539e-01
      vertex   -3.256837e-01 1.041685e-01 4.610683e-01
      vertex   -2.876091e-01 1.096326e-01 5.104544e-01
    endloop
  endfacet
  facet normal -4.128179e-01 8.995886e-01 1.425540e-01
    outer loop
      vertex   -3.256837e-01 1.041685e-01 4.610683e-01
      vertex   -2.666430e-01 1.250050e-01 5.005539e-01
      vertex   -2.779065e-01 1.276766e-01 4.510771e-01
    endloop
  endfacet
  facet normal -1.760355e-01 8.496515e-01 -4.970955e-01
    outer loop
      vertex   -2.974918e-01 1.191538e-01 4.123753e-01
      vertex   -2.783562e-01 1.104185e-01 3.906681e-01
      vertex   -3.160785e-01 9.747566e-02 3.819044e-01
    endloop
  endfacet
  facet normal 1.960219e-01 8.044946e-01 -5.606816e-01
    outer loop
      vertex   -2.919211e-01 8.512168e-02 3.726240e-01
      vertex   -3.443391e-01 7.212712e-02 3.356527e-01
      vertex   -3.160785e-01 9.747566e-02 3.819044e-01
    endloop
  endfacet
  facet normal -3.245199e-01 -7.422796e-01 5.862660e-01
    outer loop
      vertex   -5.173560e-01 2.000647e-03 3.229516e-01
      vertex   -5.160868e-01 -1.712402e-02 2.994402e-01
      vertex   -4.558363e-01 2.103155e-02 3.811004e-01
    endloop
  endfacet
  facet normal -5.655736e-01 -3.619208e-01 7.410397e-01
    outer loop
      vertex   -5.173560e-01 2.000647e-03 3.229516e-01
      vertex   -4.969020e-01 3.418274e-02 3.542801e-01
      vertex   -5.566320e-01 5.017331e-03 2.944489e-01
    endloop
  endfacet
  facet normal 7.947161e-01 2.443292e-01 -5.556344e-01
    outer loop
      vertex   -5.877790e-01 6.841143e-03 1.671082e-01
      vertex   -5.729612e-01 2.080205e-02 1.944410e-01
      vertex   -5.594331e-01 -8.580385e-03 2.008696e-01
    endloop
  endfacet
  facet normal -2.372934e-01 9.620017e-01 -1.350721e-01
    outer loop
      vertex   -6.956980e-01 -6.703381e-02 8.871964e-03
      vertex   -6.920570e-01 -5.440672e-02 9.240736e-02
      vertex   -6.846245e-01 -5.841992e-02 5.076747e-02
    endloop
  endfacet
  facet normal 8.454088e-01 5.291128e-01 -7.296320e-02
    outer loop
      vertex   -6.776685e-01 -7.056177e-02 4.331508e-02
      vertex   -6.837509e-01 -6.445197e-02 1.714723e-02
      vertex   -6.846245e-01 -5.841992e-02 5.076747e-02
    endloop
  endfacet
  facet normal 9.312380e-01 3.013034e-01 2.049684e-01
    outer loop
      vertex   -6.713735e-01 -3.048115e-02 4.729079e-02
      vertex   -6.807804e-01 -2.268254e-02 7.856526e-02
      vertex   -6.697650e-01 -4.322097e-02 5.871028e-02
    endloop
  endfacet
  facet normal -2.527918e-01 -9.657039e-01 5.926425e-02
    outer loop
      vertex   -6.741535e-01 -5.004088e-02 2.875996e-02
      vertex   -6.886927e-01 -4.528869e-02 4.417903e-02
      vertex   -6.839879e-01 -4.929399e-02 -1.018295e-03
    endloop
  endfacet
  facet normal -9.864958e-01 -1.492987e-01 -6.734890e-02
    outer loop
      vertex   -6.908924e-01 -5.271748e-02 9.286745e-02
      vertex   -6.909464e-01 -3.469570e-02 5.370802e-02
      vertex   -6.886927e-01 -4.528869e-02 4.417903e-02
    endloop
  endfacet
  facet normal -7.710276e-01 6.237133e-01 -1.284450e-01
    outer loop
      vertex   -6.796192e-01 -3.048633e-02 6.153397e-03
      vertex   -6.909464e-01 -3.469570e-02 5.370802e-02
      vertex   -6.861347e-01 -1.913125e-02 1.004031e-01
    endloop
  endfacet
  facet normal 9.538370e-03 9.942140e-01 -1.069930e-01
    outer loop
      vertex   -6.796192e-01 -3.048633e-02 6.153397e-03
      vertex   -6.816537e-01 -2.259132e-02 7.933510e-02
      vertex   -6.807804e-01 -2.268254e-02 7.856526e-02
    endloop
  endfacet
  facet normal 4.434740e-01 8.918571e-01 -8.900380e-02
    outer loop
      vertex   -6.713735e-01 -3.048115e-02 4.729079e-02
      vertex   -6.796192e-01 -3.048633e-02 6.153397e-03
      vertex   -6.807804e-01 -2.268254e-02 7.856526e-02
    endloop
  endfacet
  facet normal -8.786697e-01 3.116657e-03 4.774200e-01
    outer loop
      vertex   -6.881708e-01 -3.958584e-02 1.147296e-01
      vertex   -6.550370e-01 -5.282367e-02 1.757973e-01
      vertex   -6.689267e-01 -1.884080e-02 1.500121e-01
    endloop
  endfacet
  facet normal 4.987949e-01 4.022548e-02 -8.657861e-01
    outer loop
      vertex   -5.584059e-01 -8.624579e-03 2.014594e-01
      vertex   -5.594331e-01 -8.580385e-03 2.008696e-01
      vertex   -5.729612e-01 2.080205e-02 1.944410e-01
    endloop
  endfacet
  facet normal 3.222212e-01 -9.434193e-01 -7.831663e-02
    outer loop
      vertex   -4.839234e-01 -1.252127e-02 3.101582e-01
      vertex   -4.547057e-01 -3.095027e-03 3.168195e-01
      vertex   -4.032527e-01 9.522053e-03 3.765261e-01
    endloop
  endfacet
  facet normal -1.201127e-02 -9.444960e-01 3.283033e-01
    outer loop
      vertex   -4.032527e-01 9.522053e-03 3.765261e-01
      vertex   -4.523946e-01 7.629172e-03 3.692825e-01
      vertex   -4.839234e-01 -1.252127e-02 3.101582e-01
    endloop
  endfacet
  facet normal -1.697531e-01 9.769753e-01 -1.292410e-01
    outer loop
      vertex   -2.530893e-01 1.268397e-01 4.121549e-01
      vertex   -2.974918e-01 1.191538e-01 4.123753e-01
      vertex   -2.779065e-01 1.276766e-01 4.510771e-01
    endloop
  endfacet
  facet normal 5.304659e-01 -1.289647e-01 -8.378389e-01
    outer loop
      vertex   -2.818215e-01 6.346577e-02 3.715299e-01
      vertex   -2.513695e-01 4.189670e-02 3.941302e-01
      vertex   -3.336213e-01 2.100283e-02 3.452697e-01
    endloop
  endfacet
  facet normal 5.759948e-01 -2.148919e-01 -7.887024e-01
    outer loop
      vertex   -3.336213e-01 2.100283e-02 3.452697e-01
      vertex   -3.357882e-01 4.297031e-02 3.377019e-01
      vertex   -2.818215e-01 6.346577e-02 3.715299e-01
    endloop
  endfacet
  facet normal 7.693756e-01 -1.877094e-01 -6.105951e-01
    outer loop
      vertex   -5.594331e-01 -8.580385e-03 2.008696e-01
      vertex   -5.703651e-01 -3.140767e-02 1.941124e-01
      vertex   -5.850583e-01 -1.650602e-02 1.710173e-01
    endloop
  endfacet
  facet normal 8.656402e-01 4.114767e-01 -2.852261e-01
    outer loop
      vertex   -5.838905e-01 -3.271653e-02 1.511757e-01
      vertex   -5.850583e-01 -1.650602e-02 1.710173e-01
      vertex   -5.703651e-01 -3.140767e-02 1.941124e-01
    endloop
  endfacet
  facet normal 8.744915e-01 -4.760167e-01 9.312756e-02
    outer loop
      vertex   -5.757732e-01 -5.001706e-02 1.982561e-01
      vertex   -5.831162e-01 -6.933299e-02 1.684766e-01
      vertex   -5.770226e-01 -6.370897e-02 1.400028e-01
    endloop
  endfacet
  facet normal -4.551657e-01 -8.837382e-01 1.087704e-01
    outer loop
      vertex   -3.603868e-01 -7.738693e-03 4.156647e-01
      vertex   -4.032527e-01 9.522053e-03 3.765261e-01
      vertex   -3.579955e-01 -1.173673e-02 3.931880e-01
    endloop
  endfacet
  facet normal 3.026431e-01 5.519554e-01 -7.770151e-01
    outer loop
      vertex   -2.530893e-01 1.268397e-01 4.121549e-01
      vertex   -2.024297e-01 1.230088e-01 4.291652e-01
      vertex   -2.339433e-01 1.000643e-01 4.005921e-01
    endloop
  endfacet
  facet normal 2.113404e-01 8.767892e-01 -4.319443e-01
    outer loop
      vertex   -2.024297e-01 1.230088e-01 4.291652e-01
      vertex   -2.530893e-01 1.268397e-01 4.121549e-01
      vertex   -2.386848e-01 1.362845e-01 4.383743e-01
    endloop
  endfacet
  facet normal -7.933191e-02 9.968459e-01 2.152218e-03
    outer loop
      vertex   -2.295309e-01 1.369035e-01 4.891108e-01
      vertex   -1.957237e-01 1.395860e-01 4.927855e-01
      vertex   -2.386848e-01 1.362845e-01 4.383743e-01
    endloop
  endfacet
  facet normal 5.937405e-01 -4.075959e-01 -6.937851e-01
    outer loop
      vertex   -2.995617e-01 4.828324e-04 3.772178e-01
      vertex   -2.513695e-01 4.189670e-02 3.941302e-01
      vertex   -2.358906e-01 1.334541e-02 4.241508e-01
    endloop
  endfacet
  facet normal 1.723802e-01 -9.687900e-01 -1.781318e-01
    outer loop
      vertex   -3.237759e-01 -1.392925e-02 3.890276e-01
      vertex   -2.631866e-01 -9.660310e-03 4.244435e-01
      vertex   -2.749966e-01 -1.636945e-02 4.495033e-01
    endloop
  endfacet
  facet normal 3.049671e-01 -8.554225e-01 -4.186257e-01
    outer loop
      vertex   -2.631866e-01 -9.660310e-03 4.244435e-01
      vertex   -3.237759e-01 -1.392925e-02 3.890276e-01
      vertex   -2.995617e-01 4.828324e-04 3.772178e-01
    endloop
  endfacet
  facet normal -4.945099e-01 -1.647963e-01 8.534062e-01
    outer loop
      vertex   -4.558363e-01 2.103155e-02 3.811004e-01
      vertex   -4.160868e-01 5.233641e-02 4.101785e-01
      vertex   -4.599252e-01 4.784030e-02 3.839079e-01
    endloop
  endfacet
  facet normal 5.089394e-01 -4.297163e-01 -7.458717e-01
    outer loop
      vertex   -5.584059e-01 -8.624579e-03 2.014594e-01
      vertex   -4.735003e-01 1.909006e-02 2.434268e-01
      vertex   -5.298254e-01 -1.672790e-02 2.256295e-01
    endloop
  endfacet
  facet normal 4.983960e-01 1.789148e-02 -8.667648e-01
    outer loop
      vertex   -5.594331e-01 -8.580385e-03 2.008696e-01
      vertex   -5.584059e-01 -8.624579e-03 2.014594e-01
      vertex   -5.703651e-01 -3.140767e-02 1.941124e-01
    endloop
  endfacet
  facet normal 4.988130e-01 -7.781239e-01 3.817181e-01
    outer loop
      vertex   -5.757732e-01 -5.001706e-02 1.982561e-01
      vertex   -6.045920e-01 -7.404841e-02 1.869280e-01
      vertex   -5.831162e-01 -6.933299e-02 1.684766e-01
    endloop
  endfacet
  facet normal -9.824809e-01 1.732353e-01 -6.870870e-02
    outer loop
      vertex   -6.127299e-01 -1.056008e-01 7.221559e-02
      vertex   -6.114365e-01 -8.501009e-02 1.056356e-01
      vertex   -6.103203e-01 -9.189917e-02 7.230519e-02
    endloop
  endfacet
  facet normal 3.544101e-01 -5.756976e-01 -7.368621e-01
    outer loop
      vertex   -6.021272e-01 -1.092993e-01 5.680458e-02
      vertex   -5.915677e-01 -1.022083e-01 5.634334e-02
      vertex   -5.894511e-01 -1.059820e-01 6.030965e-02
    endloop
  endfacet
  facet normal 8.769064e-02 -9.676461e-01 2.365827e-01
    outer loop
      vertex   -5.947304e-01 -1.112404e-01 7.579073e-02
      vertex   -5.942740e-01 -1.110332e-01 7.646913e-02
      vertex   -6.064610e-01 -1.077154e-01 9.455629e-02
    endloop
  endfacet
  facet normal -2.748526e-01 -9.614462e-01 8.786570e-03
    outer loop
      vertex   -6.064610e-01 -1.077154e-01 9.455629e-02
      vertex   -6.021272e-01 -1.092993e-01 5.680458e-02
      vertex   -5.947304e-01 -1.112404e-01 7.579073e-02
    endloop
  endfacet
  facet normal -3.265505e-01 -9.451773e-01 2.169183e-03
    outer loop
      vertex   -6.021272e-01 -1.092993e-01 5.680458e-02
      vertex   -6.064610e-01 -1.077154e-01 9.455629e-02
      vertex   -6.127299e-01 -1.056008e-01 7.221559e-02
    endloop
  endfacet
  facet normal -7.987209e-01 1.442886e-01 -5.841453e-01
    outer loop
      vertex   -6.021272e-01 -1.092993e-01 5.680458e-02
      vertex   -6.127299e-01 -1.056008e-01 7.221559e-02
      vertex   -6.103203e-01 -9.189917e-02 7.230519e-02
    endloop
  endfacet
  facet normal -4.706087e-01 4.529522e-01 -7.572066e-01
    outer loop
      vertex   -6.103203e-01 -9.189917e-02 7.230519e-02
      vertex   -5.964242e-01 -8.920601e-02 6.527968e-02
      vertex   -6.021272e-01 -1.092993e-01 5.680458e-02
    endloop
  endfacet
  facet normal -3.798117e-01 8.141864e-01 -4.391395e-01
    outer loop
      vertex   -5.964242e-01 -8.920601e-02 6.527968e-02
      vertex   -6.103203e-01 -9.189917e-02 7.230519e-02
      vertex   -6.015372e-01 -8.109512e-02 8.473994e-02
    endloop
  endfacet
  facet normal 7.824226e-01 -6.202112e-01 5.615108e-02
    outer loop
      vertex   -5.841460e-01 -9.728329e-02 8.246754e-02
      vertex   -5.947304e-01 -1.112404e-01 7.579073e-02
      vertex   -5.894511e-01 -1.059820e-01 6.030965e-02
    endloop
  endfacet
  facet normal -6.567848e-01 7.338077e-01 -1.736664e-01
    outer loop
      vertex   -6.114365e-01 -8.501009e-02 1.056356e-01
      vertex   -6.015372e-01 -8.109512e-02 8.473994e-02
      vertex   -6.103203e-01 -9.189917e-02 7.230519e-02
    endloop
  endfacet
  facet normal 8.087525e-01 4.661168e-01 -3.586844e-01
    outer loop
      vertex   -5.841460e-01 -9.728329e-02 8.246754e-02
      vertex   -5.964242e-01 -8.920601e-02 6.527968e-02
      vertex   -5.881411e-01 -7.729205e-02 9.943843e-02
    endloop
  endfacet
  facet normal 7.978662e-02 -9.695329e-01 2.316031e-01
    outer loop
      vertex   -5.942740e-01 -1.110332e-01 7.646913e-02
      vertex   -5.983246e-01 -9.460793e-02 1.466236e-01
      vertex   -6.064610e-01 -1.077154e-01 9.455629e-02
    endloop
  endfacet
  facet normal -9.215403e-01 -3.136348e-01 2.289031e-01
    outer loop
      vertex   -6.064610e-01 -1.077154e-01 9.455629e-02
      vertex   -6.114365e-01 -8.501009e-02 1.056356e-01
      vertex   -6.127299e-01 -1.056008e-01 7.221559e-02
    endloop
  endfacet
  facet normal -8.006394e-01 5.296597e-01 -2.800663e-01
    outer loop
      vertex   -6.015372e-01 -8.109512e-02 8.473994e-02
      vertex   -6.114365e-01 -8.501009e-02 1.056356e-01
      vertex   -6.002683e-01 -6.199597e-02 1.172326e-01
    endloop
  endfacet
  facet normal 9.927060e-01 -1.028619e-01 -6.288316e-02
    outer loop
      vertex   -5.820556e-01 -9.713657e-02 1.152285e-01
      vertex   -5.841460e-01 -9.728329e-02 8.246754e-02
      vertex   -5.770226e-01 -6.370897e-02 1.400028e-01
    endloop
  endfacet
  facet normal 3.076477e-01 -9.223510e-01 2.337125e-01
    outer loop
      vertex   -5.983246e-01 -9.460793e-02 1.466236e-01
      vertex   -5.942740e-01 -1.110332e-01 7.646913e-02
      vertex   -5.820556e-01 -9.713657e-02 1.152285e-01
    endloop
  endfacet
  facet normal -1.332432e-01 -9.559683e-01 2.614782e-01
    outer loop
      vertex   -6.175261e-01 -9.413077e-02 1.385834e-01
      vertex   -6.064610e-01 -1.077154e-01 9.455629e-02
      vertex   -5.983246e-01 -9.460793e-02 1.466236e-01
    endloop
  endfacet
  facet normal -9.714331e-01 -1.103546e-01 -2.100943e-01
    outer loop
      vertex   -6.175261e-01 -9.413077e-02 1.385834e-01
      vertex   -6.114365e-01 -8.501009e-02 1.056356e-01
      vertex   -6.064610e-01 -1.077154e-01 9.455629e-02
    endloop
  endfacet
  facet normal -4.071890e-01 5.608498e-01 -7.208638e-01
    outer loop
      vertex   -6.114365e-01 -8.501009e-02 1.056356e-01
      vertex   -6.257411e-01 -7.270402e-02 1.232901e-01
      vertex   -6.002683e-01 -6.199597e-02 1.172326e-01
    endloop
  endfacet
  facet normal 3.074494e-01 8.150486e-01 -4.910912e-01
    outer loop
      vertex   -6.002683e-01 -6.199597e-02 1.172326e-01
      vertex   -5.881411e-01 -7.729205e-02 9.943843e-02
      vertex   -6.015372e-01 -8.109512e-02 8.473994e-02
    endloop
  endfacet
  facet normal -4.609067e-01 -6.258154e-01 -6.292218e-01
    outer loop
      vertex   -6.175261e-01 -9.413077e-02 1.385834e-01
      vertex   -6.319288e-01 -8.295617e-02 1.380193e-01
      vertex   -6.257411e-01 -7.270402e-02 1.232901e-01
    endloop
  endfacet
  facet normal -8.048032e-01 -5.168473e-01 -2.918230e-01
    outer loop
      vertex   -6.257411e-01 -7.270402e-02 1.232901e-01
      vertex   -6.114365e-01 -8.501009e-02 1.056356e-01
      vertex   -6.175261e-01 -9.413077e-02 1.385834e-01
    endloop
  endfacet
  facet normal 2.839672e-01 -8.387889e-01 -4.645383e-01
    outer loop
      vertex   -6.257411e-01 -7.270402e-02 1.232901e-01
      vertex   -6.319288e-01 -8.295617e-02 1.380193e-01
      vertex   -6.600346e-01 -7.816700e-02 1.121910e-01
    endloop
  endfacet
  facet normal -1.722012e-01 -1.418013e-01 -9.748021e-01
    outer loop
      vertex   -6.002683e-01 -6.199597e-02 1.172326e-01
      vertex   -6.257411e-01 -7.270402e-02 1.232901e-01
      vertex   -6.266335e-01 -5.792048e-02 1.212973e-01
    endloop
  endfacet
  facet normal -5.643809e-02 4.979513e-01 -8.653666e-01
    outer loop
      vertex   -6.266335e-01 -5.792048e-02 1.212973e-01
      vertex   -6.040959e-01 -3.552987e-02 1.327114e-01
      vertex   -6.002683e-01 -6.199597e-02 1.172326e-01
    endloop
  endfacet
  facet normal 9.540821e-01 -2.573100e-01 1.533586e-01
    outer loop
      vertex   -5.831162e-01 -6.933299e-02 1.684766e-01
      vertex   -5.820556e-01 -9.713657e-02 1.152285e-01
      vertex   -5.770226e-01 -6.370897e-02 1.400028e-01
    endloop
  endfacet
  facet normal 6.149771e-01 -6.939016e-01 3.745715e-01
    outer loop
      vertex   -5.983246e-01 -9.460793e-02 1.466236e-01
      vertex   -5.820556e-01 -9.713657e-02 1.152285e-01
      vertex   -5.831162e-01 -6.933299e-02 1.684766e-01
    endloop
  endfacet
  facet normal 4.418922e-01 4.621583e-03 -8.970563e-01
    outer loop
      vertex   -5.584059e-01 -8.624579e-03 2.014594e-01
      vertex   -5.729612e-01 2.080205e-02 1.944410e-01
      vertex   -4.735003e-01 1.909006e-02 2.434268e-01
    endloop
  endfacet
  facet normal -2.487144e-01 9.073789e-01 -3.388285e-01
    outer loop
      vertex   -5.663889e-01 4.012325e-02 2.155612e-01
      vertex   -5.770774e-01 4.613594e-02 2.395089e-01
      vertex   -5.044024e-01 7.941232e-02 2.752761e-01
    endloop
  endfacet
  facet normal -5.766397e-01 -1.716012e-01 7.987739e-01
    outer loop
      vertex   -4.599252e-01 4.784030e-02 3.839079e-01
      vertex   -4.969020e-01 3.418274e-02 3.542801e-01
      vertex   -4.558363e-01 2.103155e-02 3.811004e-01
    endloop
  endfacet
  facet normal -2.506561e-01 -6.756778e-01 6.932756e-01
    outer loop
      vertex   -4.523946e-01 7.629172e-03 3.692825e-01
      vertex   -4.017550e-01 3.054124e-02 4.099220e-01
      vertex   -4.558363e-01 2.103155e-02 3.811004e-01
    endloop
  endfacet
  facet normal -4.612205e-02 -8.444880e-01 5.335849e-01
    outer loop
      vertex   -4.523946e-01 7.629172e-03 3.692825e-01
      vertex   -4.032527e-01 9.522053e-03 3.765261e-01
      vertex   -4.017550e-01 3.054124e-02 4.099220e-01
    endloop
  endfacet
  facet normal -3.858137e-01 -9.148336e-01 -1.192784e-01
    outer loop
      vertex   -3.579955e-01 -1.173673e-02 3.931880e-01
      vertex   -4.032527e-01 9.522053e-03 3.765261e-01
      vertex   -3.837620e-01 6.668581e-03 3.353673e-01
    endloop
  endfacet
  facet normal -9.544851e-02 -9.546639e-01 -2.819687e-01
    outer loop
      vertex   -3.505426e-01 -3.147846e-03 3.615856e-01
      vertex   -3.237759e-01 -1.392925e-02 3.890276e-01
      vertex   -3.579955e-01 -1.173673e-02 3.931880e-01
    endloop
  endfacet
  facet normal 2.225602e-01 -8.138160e-01 -5.368151e-01
    outer loop
      vertex   -3.505426e-01 -3.147846e-03 3.615856e-01
      vertex   -2.995617e-01 4.828324e-04 3.772178e-01
      vertex   -3.237759e-01 -1.392925e-02 3.890276e-01
    endloop
  endfacet
  facet normal 3.768805e-01 2.212092e-01 -8.994596e-01
    outer loop
      vertex   -2.919211e-01 8.512168e-02 3.726240e-01
      vertex   -2.339433e-01 1.000643e-01 4.005921e-01
      vertex   -2.818215e-01 6.346577e-02 3.715299e-01
    endloop
  endfacet
  facet normal 2.929675e-01 4.461122e-01 -8.456677e-01
    outer loop
      vertex   -2.339433e-01 1.000643e-01 4.005921e-01
      vertex   -2.919211e-01 8.512168e-02 3.726240e-01
      vertex   -2.783562e-01 1.104185e-01 3.906681e-01
    endloop
  endfacet
  facet normal 6.155828e-01 1.237391e-01 -7.782971e-01
    outer loop
      vertex   -2.024297e-01 1.230088e-01 4.291652e-01
      vertex   -2.081092e-01 7.681131e-02 4.173283e-01
      vertex   -2.339433e-01 1.000643e-01 4.005921e-01
    endloop
  endfacet
  facet normal 5.348661e-01 -6.416077e-01 -5.497798e-01
    outer loop
      vertex   -2.631866e-01 -9.660310e-03 4.244435e-01
      vertex   -2.995617e-01 4.828324e-04 3.772178e-01
      vertex   -2.358906e-01 1.334541e-02 4.241508e-01
    endloop
  endfacet
  facet normal -5.100766e-01 3.283781e-01 7.949778e-01
    outer loop
      vertex   -4.047815e-01 8.999399e-02 4.018772e-01
      vertex   -4.599252e-01 4.784030e-02 3.839079e-01
      vertex   -4.160868e-01 5.233641e-02 4.101785e-01
    endloop
  endfacet
  facet normal -3.748657e-01 9.189558e-01 1.224580e-01
    outer loop
      vertex   -4.627921e-01 1.009251e-01 3.180893e-01
      vertex   -5.048203e-01 8.477449e-02 3.106321e-01
      vertex   -4.325254e-01 1.074353e-01 3.618870e-01
    endloop
  endfacet
  facet normal 6.265260e-01 -7.710160e-01 -1.140153e-01
    outer loop
      vertex   -5.614446e-01 -4.274088e-02 2.277887e-01
      vertex   -5.757732e-01 -5.001706e-02 1.982561e-01
      vertex   -5.298254e-01 -1.672790e-02 2.256295e-01
    endloop
  endfacet
  facet normal 6.664063e-01 -7.317389e-01 -1.430414e-01
    outer loop
      vertex   -6.045920e-01 -7.404841e-02 1.869280e-01
      vertex   -5.757732e-01 -5.001706e-02 1.982561e-01
      vertex   -5.614446e-01 -4.274088e-02 2.277887e-01
    endloop
  endfacet
  facet normal -1.636817e-01 -9.275823e-01 3.358561e-01
    outer loop
      vertex   -5.983246e-01 -9.460793e-02 1.466236e-01
      vertex   -6.434526e-01 -8.036415e-02 1.639692e-01
      vertex   -6.175261e-01 -9.413077e-02 1.385834e-01
    endloop
  endfacet
  facet normal -6.245249e-01 -6.728938e-01 3.964625e-01
    outer loop
      vertex   -6.434526e-01 -8.036415e-02 1.639692e-01
      vertex   -6.900084e-01 -6.756310e-02 1.123590e-01
      vertex   -6.794444e-01 -7.706203e-02 1.128778e-01
    endloop
  endfacet
  facet normal -8.772833e-01 1.697800e-02 4.796726e-01
    outer loop
      vertex   -6.550370e-01 -5.282367e-02 1.757973e-01
      vertex   -6.881708e-01 -3.958584e-02 1.147296e-01
      vertex   -6.900084e-01 -6.756310e-02 1.123590e-01
    endloop
  endfacet
  facet normal -6.979149e-01 -5.096586e-01 5.031529e-01
    outer loop
      vertex   -6.434526e-01 -8.036415e-02 1.639692e-01
      vertex   -6.550370e-01 -5.282367e-02 1.757973e-01
      vertex   -6.900084e-01 -6.756310e-02 1.123590e-01
    endloop
  endfacet
  facet normal -8.997384e-01 3.068975e-01 3.102979e-01
    outer loop
      vertex   -6.689267e-01 -1.884080e-02 1.500121e-01
      vertex   -6.861347e-01 -1.913125e-02 1.004031e-01
      vertex   -6.881708e-01 -3.958584e-02 1.147296e-01
    endloop
  endfacet
  facet normal -9.891638e-01 5.338115e-02 1.367680e-01
    outer loop
      vertex   -6.920570e-01 -5.440672e-02 9.240736e-02
      vertex   -6.900084e-01 -6.756310e-02 1.123590e-01
      vertex   -6.881708e-01 -3.958584e-02 1.147296e-01
    endloop
  endfacet
  facet normal -6.186362e-01 5.729342e-01 -5.376204e-01
    outer loop
      vertex   -6.908924e-01 -5.271748e-02 9.286745e-02
      vertex   -6.770995e-01 -4.858665e-02 8.139821e-02
      vertex   -6.920570e-01 -5.440672e-02 9.240736e-02
    endloop
  endfacet
  facet normal 6.157939e-01 6.935274e-01 -3.739219e-01
    outer loop
      vertex   -6.670631e-01 -5.783517e-02 8.077315e-02
      vertex   -6.846245e-01 -5.841992e-02 5.076747e-02
      vertex   -6.770995e-01 -4.858665e-02 8.139821e-02
    endloop
  endfacet
  facet normal 8.909700e-01 -4.424743e-01 -1.019263e-01
    outer loop
      vertex   -6.810038e-01 -7.885722e-02 5.017201e-02
      vertex   -6.776685e-01 -7.056177e-02 4.331508e-02
      vertex   -6.670631e-01 -5.783517e-02 8.077315e-02
    endloop
  endfacet
  facet normal -8.689889e-01 -4.837418e-01 1.041741e-01
    outer loop
      vertex   -6.939305e-01 -7.774455e-02 5.106282e-02
      vertex   -6.994624e-01 -6.870638e-02 4.688673e-02
      vertex   -6.978363e-01 -7.832231e-02 1.579872e-02
    endloop
  endfacet
  facet normal -9.871659e-01 1.305290e-01 -9.200930e-02
    outer loop
      vertex   -6.994624e-01 -6.870638e-02 4.688673e-02
      vertex   -6.956980e-01 -6.703381e-02 8.871964e-03
      vertex   -6.978363e-01 -7.832231e-02 1.579872e-02
    endloop
  endfacet
  facet normal -8.062266e-01 5.891452e-01 -5.391398e-02
    outer loop
      vertex   -6.920570e-01 -5.440672e-02 9.240736e-02
      vertex   -6.956980e-01 -6.703381e-02 8.871964e-03
      vertex   -6.994624e-01 -6.870638e-02 4.688673e-02
    endloop
  endfacet
  facet normal -8.716021e-01 -4.715185e-01 1.340901e-01
    outer loop
      vertex   -6.994624e-01 -6.870638e-02 4.688673e-02
      vertex   -6.939305e-01 -7.774455e-02 5.106282e-02
      vertex   -6.900084e-01 -6.756310e-02 1.123590e-01
    endloop
  endfacet
  facet normal -8.840498e-02 9.800275e-01 -1.781312e-01
    outer loop
      vertex   -6.846245e-01 -5.841992e-02 5.076747e-02
      vertex   -6.837509e-01 -6.445197e-02 1.714723e-02
      vertex   -6.956980e-01 -6.703381e-02 8.871964e-03
    endloop
  endfacet
  facet normal -7.708137e-01 -5.989619e-01 -2.170045e-01
    outer loop
      vertex   -6.953719e-01 -7.472460e-02 -2.884995e-03
      vertex   -6.909829e-01 -8.228425e-02 2.390518e-03
      vertex   -6.978363e-01 -7.832231e-02 1.579872e-02
    endloop
  endfacet
  facet normal 9.598488e-01 2.222008e-01 -1.712224e-01
    outer loop
      vertex   -6.837052e-01 -7.500641e-02 3.706680e-03
      vertex   -6.837509e-01 -6.445197e-02 1.714723e-02
      vertex   -6.776685e-01 -7.056177e-02 4.331508e-02
    endloop
  endfacet
  facet normal -9.868427e-01 1.214003e-01 -1.067865e-01
    outer loop
      vertex   -6.956980e-01 -6.703381e-02 8.871964e-03
      vertex   -6.953719e-01 -7.472460e-02 -2.884995e-03
      vertex   -6.978363e-01 -7.832231e-02 1.579872e-02
    endloop
  endfacet
  facet normal -7.941985e-02 -9.929666e-01 8.780506e-02
    outer loop
      vertex   -6.810038e-01 -7.885722e-02 5.017201e-02
      vertex   -6.939305e-01 -7.774455e-02 5.106282e-02
      vertex   -6.909829e-01 -8.228425e-02 2.390518e-03
    endloop
  endfacet
  facet normal 8.968921e-01 -4.333936e-01 -8.806011e-02
    outer loop
      vertex   -6.837052e-01 -7.500641e-02 3.706680e-03
      vertex   -6.776685e-01 -7.056177e-02 4.331508e-02
      vertex   -6.810038e-01 -7.885722e-02 5.017201e-02
    endloop
  endfacet
  facet normal -9.880482e-01 6.089405e-02 1.416075e-01
    outer loop
      vertex   -6.920570e-01 -5.440672e-02 9.240736e-02
      vertex   -6.994624e-01 -6.870638e-02 4.688673e-02
      vertex   -6.900084e-01 -6.756310e-02 1.123590e-01
    endloop
  endfacet
  facet normal -6.640448e-01 -7.295590e-01 1.636707e-01
    outer loop
      vertex   -6.794444e-01 -7.706203e-02 1.128778e-01
      vertex   -6.900084e-01 -6.756310e-02 1.123590e-01
      vertex   -6.939305e-01 -7.774455e-02 5.106282e-02
    endloop
  endfacet
  facet normal 3.314987e-01 -5.974303e-01 -7.301956e-01
    outer loop
      vertex   -6.257411e-01 -7.270402e-02 1.232901e-01
      vertex   -6.600346e-01 -7.816700e-02 1.121910e-01
      vertex   -6.481618e-01 -5.961496e-02 1.024022e-01
    endloop
  endfacet
  facet normal 6.548120e-01 7.107914e-02 -7.524420e-01
    outer loop
      vertex   -6.266335e-01 -5.792048e-02 1.212973e-01
      vertex   -6.481618e-01 -5.961496e-02 1.024022e-01
      vertex   -6.133402e-01 -2.807476e-02 1.356851e-01
    endloop
  endfacet
  facet normal 4.479879e-02 4.175527e-01 -9.075477e-01
    outer loop
      vertex   -6.133402e-01 -2.807476e-02 1.356851e-01
      vertex   -6.040959e-01 -3.552987e-02 1.327114e-01
      vertex   -6.266335e-01 -5.792048e-02 1.212973e-01
    endloop
  endfacet
  facet normal 5.263233e-02 5.098116e-01 -8.586745e-01
    outer loop
      vertex   -5.880124e-01 -4.651604e-02 1.271746e-01
      vertex   -6.002683e-01 -6.199597e-02 1.172326e-01
      vertex   -6.040959e-01 -3.552987e-02 1.327114e-01
    endloop
  endfacet
  facet normal 4.064633e-01 7.255244e-01 -5.553394e-01
    outer loop
      vertex   -6.040959e-01 -3.552987e-02 1.327114e-01
      vertex   -6.133402e-01 -2.807476e-02 1.356851e-01
      vertex   -5.838905e-01 -3.271653e-02 1.511757e-01
    endloop
  endfacet
  facet normal -7.446987e-01 4.047389e-01 5.306697e-01
    outer loop
      vertex   -5.630446e-01 2.660822e-02 2.897987e-01
      vertex   -5.256804e-01 6.225702e-02 3.150435e-01
      vertex   -5.948168e-01 3.018509e-02 2.424841e-01
    endloop
  endfacet
  facet normal -6.913072e-01 2.425900e-01 6.806206e-01
    outer loop
      vertex   -5.256804e-01 6.225702e-02 3.150435e-01
      vertex   -5.630446e-01 2.660822e-02 2.897987e-01
      vertex   -4.969020e-01 3.418274e-02 3.542801e-01
    endloop
  endfacet
  facet normal -5.881489e-01 -3.403701e-01 7.336410e-01
    outer loop
      vertex   -4.558363e-01 2.103155e-02 3.811004e-01
      vertex   -4.969020e-01 3.418274e-02 3.542801e-01
      vertex   -5.173560e-01 2.000647e-03 3.229516e-01
    endloop
  endfacet
  facet normal 2.753331e-01 -9.607386e-01 -3.425039e-02
    outer loop
      vertex   -4.032527e-01 9.522053e-03 3.765261e-01
      vertex   -4.547057e-01 -3.095027e-03 3.168195e-01
      vertex   -4.213663e-01 7.007668e-03 3.014439e-01
    endloop
  endfacet
  facet normal 3.992757e-01 -6.886564e-01 -6.052530e-01
    outer loop
      vertex   -3.505426e-01 -3.147846e-03 3.615856e-01
      vertex   -3.703720e-01 2.183251e-02 3.200819e-01
      vertex   -3.336213e-01 2.100283e-02 3.452697e-01
    endloop
  endfacet
  facet normal 5.049329e-01 8.773424e-02 -8.586882e-01
    outer loop
      vertex   -2.818215e-01 6.346577e-02 3.715299e-01
      vertex   -3.357882e-01 4.297031e-02 3.377019e-01
      vertex   -3.443391e-01 7.212712e-02 3.356527e-01
    endloop
  endfacet
  facet normal -4.330274e-01 8.823457e-01 -1.842643e-01
    outer loop
      vertex   -1.705341e-01 1.496154e-01 4.816148e-01
      vertex   -2.024297e-01 1.230088e-01 4.291652e-01
      vertex   -1.957237e-01 1.395860e-01 4.927855e-01
    endloop
  endfacet
  facet normal -3.198695e-01 8.583765e-01 -4.010901e-01
    outer loop
      vertex   -2.024297e-01 1.230088e-01 4.291652e-01
      vertex   -1.664039e-01 1.480779e-01 4.540853e-01
      vertex   -1.481528e-01 1.277753e-01 3.960802e-01
    endloop
  endfacet
  facet normal -5.219156e-02 9.718730e-01 -2.296495e-01
    outer loop
      vertex   -1.664039e-01 1.480779e-01 4.540853e-01
      vertex   -1.154426e-01 1.560944e-01 4.764291e-01
      vertex   -1.236057e-01 1.406137e-01 4.127703e-01
    endloop
  endfacet
  facet normal -2.112968e-01 8.999099e-01 -3.814654e-01
    outer loop
      vertex   -1.664039e-01 1.480779e-01 4.540853e-01
      vertex   -1.236057e-01 1.406137e-01 4.127703e-01
      vertex   -1.481528e-01 1.277753e-01 3.960802e-01
    endloop
  endfacet
  facet normal 1.212984e-02 9.581443e-01 -2.860285e-01
    outer loop
      vertex   -8.517378e-02 1.305685e-01 3.807504e-01
      vertex   -1.236057e-01 1.406137e-01 4.127703e-01
      vertex   -7.096456e-02 1.421639e-01 4.201954e-01
    endloop
  endfacet
  facet normal 3.102811e-02 7.455241e-01 -6.657560e-01
    outer loop
      vertex   -8.033275e-02 9.939305e-02 3.460653e-01
      vertex   -1.132569e-01 1.113579e-01 3.579292e-01
      vertex   -8.517378e-02 1.305685e-01 3.807504e-01
    endloop
  endfacet
  facet normal 1.633410e-01 7.449703e-01 -6.467912e-01
    outer loop
      vertex   -4.050236e-02 1.222852e-01 3.824910e-01
      vertex   -8.033275e-02 9.939305e-02 3.460653e-01
      vertex   -8.517378e-02 1.305685e-01 3.807504e-01
    endloop
  endfacet
  facet normal 4.172013e-03 9.442086e-01 -3.293215e-01
    outer loop
      vertex   9.145743e-03 8.098805e-02 3.107794e-01
      vertex   -4.101856e-02 9.273611e-02 3.438272e-01
      vertex   4.289038e-02 9.304508e-02 3.457760e-01
    endloop
  endfacet
  facet normal -1.618854e-01 8.440285e-01 -5.112817e-01
    outer loop
      vertex   -8.517378e-02 1.305685e-01 3.807504e-01
      vertex   -1.132569e-01 1.113579e-01 3.579292e-01
      vertex   -1.481528e-01 1.277753e-01 3.960802e-01
    endloop
  endfacet
  facet normal 6.506652e-01 -3.630554e-01 -6.669525e-01
    outer loop
      vertex   -2.042943e-01 2.341672e-02 4.501154e-01
      vertex   -2.513695e-01 4.189670e-02 3.941302e-01
      vertex   -2.081092e-01 7.681131e-02 4.173283e-01
    endloop
  endfacet
  facet normal 6.590946e-01 -3.452101e-01 -6.681499e-01
    outer loop
      vertex   -2.513695e-01 4.189670e-02 3.941302e-01
      vertex   -2.042943e-01 2.341672e-02 4.501154e-01
      vertex   -2.358906e-01 1.334541e-02 4.241508e-01
    endloop
  endfacet
  facet normal -1.826014e-01 -9.711593e-01 1.533181e-01
    outer loop
      vertex   -3.579955e-01 -1.173673e-02 3.931880e-01
      vertex   -2.948417e-01 -1.117671e-02 4.719514e-01
      vertex   -3.603868e-01 -7.738693e-03 4.156647e-01
    endloop
  endfacet
  facet normal -5.116294e-01 -6.552584e-01 5.557623e-01
    outer loop
      vertex   -3.603868e-01 -7.738693e-03 4.156647e-01
      vertex   -2.948417e-01 -1.117671e-02 4.719514e-01
      vertex   -3.724721e-01 1.026348e-02 4.257641e-01
    endloop
  endfacet
  facet normal -6.400280e-01 -4.283708e-01 6.378579e-01
    outer loop
      vertex   -3.478802e-01 3.367272e-02 4.660831e-01
      vertex   -4.160868e-01 5.233641e-02 4.101785e-01
      vertex   -4.017550e-01 3.054124e-02 4.099220e-01
    endloop
  endfacet
  facet normal -5.160379e-01 5.940482e-01 6.170994e-01
    outer loop
      vertex   -4.777217e-01 7.757952e-02 3.528330e-01
      vertex   -4.047815e-01 8.999399e-02 4.018772e-01
      vertex   -4.325254e-01 1.074353e-01 3.618870e-01
    endloop
  endfacet
  facet normal -9.109578e-02 9.225308e-01 -3.750181e-01
    outer loop
      vertex   -4.627921e-01 1.009251e-01 3.180893e-01
      vertex   -4.338135e-01 9.247301e-02 2.902582e-01
      vertex   -5.044024e-01 7.941232e-02 2.752761e-01
    endloop
  endfacet
  facet normal -4.158385e-02 8.419093e-01 -5.380144e-01
    outer loop
      vertex   -4.776298e-01 6.792172e-02 2.552258e-01
      vertex   -5.044024e-01 7.941232e-02 2.752761e-01
      vertex   -4.338135e-01 9.247301e-02 2.902582e-01
    endloop
  endfacet
  facet normal 3.071508e-01 4.123440e-01 -8.576892e-01
    outer loop
      vertex   -5.289984e-01 3.447151e-02 2.207484e-01
      vertex   -4.776298e-01 6.792172e-02 2.552258e-01
      vertex   -4.522043e-01 4.096919e-02 2.513733e-01
    endloop
  endfacet
  facet normal 1.371614e-01 -9.296590e-01 3.419370e-01
    outer loop
      vertex   -5.862628e-01 -4.180451e-02 2.402898e-01
      vertex   -6.211881e-01 -5.959264e-02 2.059370e-01
      vertex   -5.614446e-01 -4.274088e-02 2.277887e-01
    endloop
  endfacet
  facet normal -6.252134e-01 -5.148823e-01 5.865189e-01
    outer loop
      vertex   -6.550370e-01 -5.282367e-02 1.757973e-01
      vertex   -6.434526e-01 -8.036415e-02 1.639692e-01
      vertex   -6.211881e-01 -5.959264e-02 2.059370e-01
    endloop
  endfacet
  facet normal -8.549292e-01 4.283197e-02 5.169734e-01
    outer loop
      vertex   -6.689267e-01 -1.884080e-02 1.500121e-01
      vertex   -6.550370e-01 -5.282367e-02 1.757973e-01
      vertex   -6.419716e-01 -2.091335e-02 1.947600e-01
    endloop
  endfacet
  facet normal -9.288948e-01 1.844756e-01 3.211281e-01
    outer loop
      vertex   -6.689267e-01 -1.884080e-02 1.500121e-01
      vertex   -6.715544e-01 4.857106e-03 1.287976e-01
      vertex   -6.861347e-01 -1.913125e-02 1.004031e-01
    endloop
  endfacet
  facet normal -8.123840e-01 3.363455e-01 4.763443e-01
    outer loop
      vertex   -6.689267e-01 -1.884080e-02 1.500121e-01
      vertex   -6.270370e-01 1.597790e-02 1.968676e-01
      vertex   -6.715544e-01 4.857106e-03 1.287976e-01
    endloop
  endfacet
  facet normal -7.197680e-01 6.222440e-01 3.078091e-01
    outer loop
      vertex   -6.715544e-01 4.857106e-03 1.287976e-01
      vertex   -6.452384e-01 2.515368e-02 1.493038e-01
      vertex   -6.620081e-01 2.821231e-02 1.039070e-01
    endloop
  endfacet
  facet normal -8.399926e-01 5.174263e-01 1.633473e-01
    outer loop
      vertex   -6.715544e-01 4.857106e-03 1.287976e-01
      vertex   -6.620081e-01 2.821231e-02 1.039070e-01
      vertex   -6.755904e-01 8.198067e-03 9.745992e-02
    endloop
  endfacet
  facet normal -6.680740e-01 -2.904891e-01 6.850498e-01
    outer loop
      vertex   -6.211881e-01 -5.959264e-02 2.059370e-01
      vertex   -6.056543e-01 -1.031442e-02 2.419819e-01
      vertex   -6.550370e-01 -5.282367e-02 1.757973e-01
    endloop
  endfacet
  facet normal -3.907419e-01 -5.927978e-01 7.042098e-01
    outer loop
      vertex   -5.862628e-01 -4.180451e-02 2.402898e-01
      vertex   -5.889094e-01 -2.721457e-02 2.511030e-01
      vertex   -6.211881e-01 -5.959264e-02 2.059370e-01
    endloop
  endfacet
  facet normal 5.763517e-01 -7.309029e-01 -3.655128e-01
    outer loop
      vertex   -4.547057e-01 -3.095027e-03 3.168195e-01
      vertex   -5.614446e-01 -4.274088e-02 2.277887e-01
      vertex   -5.298254e-01 -1.672790e-02 2.256295e-01
    endloop
  endfacet
  facet normal -6.509367e-02 9.576284e-01 -2.805542e-01
    outer loop
      vertex   -4.029305e-01 1.176549e-01 3.613047e-01
      vertex   -4.059416e-01 1.082548e-01 3.299176e-01
      vertex   -4.627921e-01 1.009251e-01 3.180893e-01
    endloop
  endfacet
  facet normal -3.237867e-01 9.424231e-01 8.367135e-02
    outer loop
      vertex   -4.627921e-01 1.009251e-01 3.180893e-01
      vertex   -4.325254e-01 1.074353e-01 3.618870e-01
      vertex   -4.029305e-01 1.176549e-01 3.613047e-01
    endloop
  endfacet
  facet normal -5.883225e-01 3.385068e-01 7.343635e-01
    outer loop
      vertex   -3.589177e-01 7.180618e-02 4.470039e-01
      vertex   -4.047815e-01 8.999399e-02 4.018772e-01
      vertex   -4.160868e-01 5.233641e-02 4.101785e-01
    endloop
  endfacet
  facet normal -5.805042e-01 2.236956e-01 7.829273e-01
    outer loop
      vertex   -3.589177e-01 7.180618e-02 4.470039e-01
      vertex   -4.160868e-01 5.233641e-02 4.101785e-01
      vertex   -3.478802e-01 3.367272e-02 4.660831e-01
    endloop
  endfacet
  facet normal -4.495823e-01 -8.081398e-01 3.805073e-01
    outer loop
      vertex   -3.168575e-01 3.061476e-03 4.761788e-01
      vertex   -3.724721e-01 1.026348e-02 4.257641e-01
      vertex   -2.948417e-01 -1.117671e-02 4.719514e-01
    endloop
  endfacet
  facet normal -2.904375e-02 9.852852e-01 -1.684323e-01
    outer loop
      vertex   -2.541003e-02 7.254129e-02 2.673267e-01
      vertex   -5.556684e-02 7.764521e-02 3.023834e-01
      vertex   9.145743e-03 8.098805e-02 3.107794e-01
    endloop
  endfacet
  facet normal 7.668944e-02 6.936914e-01 -7.161780e-01
    outer loop
      vertex   -4.101856e-02 9.273611e-02 3.438272e-01
      vertex   -8.761610e-02 6.768306e-02 3.145710e-01
      vertex   -8.033275e-02 9.939305e-02 3.460653e-01
    endloop
  endfacet
  facet normal -7.875425e-01 -4.255203e-01 -4.457681e-01
    outer loop
      vertex   -2.042943e-01 2.341672e-02 4.501154e-01
      vertex   -1.873983e-01 5.002123e-02 3.948690e-01
      vertex   -1.803349e-01 1.331836e-02 4.174257e-01
    endloop
  endfacet
  facet normal 6.950866e-01 -5.607275e-01 -4.499326e-01
    outer loop
      vertex   -2.085741e-01 -1.183938e-02 4.977377e-01
      vertex   -2.204068e-01 -1.114023e-02 4.785864e-01
      vertex   -2.358906e-01 1.334541e-02 4.241508e-01
    endloop
  endfacet
  facet normal -1.576327e-01 -9.835544e-01 8.816313e-02
    outer loop
      vertex   -2.495529e-01 -1.459377e-02 5.148053e-01
      vertex   -2.948417e-01 -1.117671e-02 4.719514e-01
      vertex   -2.749966e-01 -1.636945e-02 4.495033e-01
    endloop
  endfacet
  facet normal -4.122273e-01 7.524112e-01 5.137567e-01
    outer loop
      vertex   -3.614658e-01 1.181495e-01 4.032125e-01
      vertex   -4.325254e-01 1.074353e-01 3.618870e-01
      vertex   -3.772747e-01 1.044077e-01 4.106531e-01
    endloop
  endfacet
  facet normal -5.107881e-01 5.997549e-01 6.159461e-01
    outer loop
      vertex   -3.772747e-01 1.044077e-01 4.106531e-01
      vertex   -4.325254e-01 1.074353e-01 3.618870e-01
      vertex   -4.047815e-01 8.999399e-02 4.018772e-01
    endloop
  endfacet
  facet normal 2.876028e-02 -9.468728e-01 3.203198e-01
    outer loop
      vertex   -5.160868e-01 -1.712402e-02 2.994402e-01
      vertex   -5.614446e-01 -4.274088e-02 2.277887e-01
      vertex   -4.839234e-01 -1.252127e-02 3.101582e-01
    endloop
  endfacet
  facet normal -7.891780e-01 2.885045e-01 5.421837e-01
    outer loop
      vertex   -6.419716e-01 -2.091335e-02 1.947600e-01
      vertex   -6.056543e-01 -1.031442e-02 2.419819e-01
      vertex   -6.270370e-01 1.597790e-02 1.968676e-01
    endloop
  endfacet
  facet normal -7.331622e-01 5.583190e-01 3.882693e-01
    outer loop
      vertex   -6.452384e-01 2.515368e-02 1.493038e-01
      vertex   -6.715544e-01 4.857106e-03 1.287976e-01
      vertex   -6.270370e-01 1.597790e-02 1.968676e-01
    endloop
  endfacet
  facet normal 7.272655e-01 6.733211e-01 -1.331303e-01
    outer loop
      vertex   -6.383066e-01 3.155135e-02 1.176655e-01
      vertex   -6.263181e-01 1.888422e-02 1.190911e-01
      vertex   -6.395189e-01 2.501924e-02 7.800618e-02
    endloop
  endfacet
  facet normal 8.531644e-01 -4.924833e-01 1.719615e-01
    outer loop
      vertex   -6.360938e-01 2.225417e-02 5.309401e-02
      vertex   -6.395189e-01 2.501924e-02 7.800618e-02
      vertex   -6.418868e-01 1.163173e-02 5.141359e-02
    endloop
  endfacet
  facet normal 9.018921e-01 -4.127252e-01 1.274699e-01
    outer loop
      vertex   -6.472256e-01 1.006273e-02 8.410683e-02
      vertex   -6.418868e-01 1.163173e-02 5.141359e-02
      vertex   -6.395189e-01 2.501924e-02 7.800618e-02
    endloop
  endfacet
  facet normal 3.080386e-02 -9.986046e-01 -4.289452e-02
    outer loop
      vertex   -6.618092e-01 9.663672e-03 8.292409e-02
      vertex   -6.418868e-01 1.163173e-02 5.141359e-02
      vertex   -6.472256e-01 1.006273e-02 8.410683e-02
    endloop
  endfacet
  facet normal 9.688651e-01 2.225463e-01 1.085057e-01
    outer loop
      vertex   -6.360938e-01 2.225417e-02 5.309401e-02
      vertex   -6.320256e-01 2.470270e-02 1.174666e-02
      vertex   -6.395189e-01 2.501924e-02 7.800618e-02
    endloop
  endfacet
  facet normal 9.387355e-01 3.260451e-01 1.116703e-01
    outer loop
      vertex   -6.320256e-01 2.470270e-02 1.174666e-02
      vertex   -6.360938e-01 2.225417e-02 5.309401e-02
      vertex   -6.312024e-01 1.738468e-02 2.619325e-02
    endloop
  endfacet
  facet normal 6.916028e-01 1.492441e-01 -7.066907e-01
    outer loop
      vertex   -6.384525e-01 2.448764e-02 5.411575e-03
      vertex   -6.320256e-01 2.470270e-02 1.174666e-02
      vertex   -6.356411e-01 1.694720e-02 6.570450e-03
    endloop
  endfacet
  facet normal -7.234558e-01 -3.602414e-01 -5.889294e-01
    outer loop
      vertex   -6.356411e-01 1.694720e-02 6.570450e-03
      vertex   -6.444337e-01 1.697699e-02 1.735329e-02
      vertex   -6.384525e-01 2.448764e-02 5.411575e-03
    endloop
  endfacet
  facet normal 8.354380e-01 -4.937836e-01 2.412907e-01
    outer loop
      vertex   -6.418868e-01 1.163173e-02 5.141359e-02
      vertex   -6.312024e-01 1.738468e-02 2.619325e-02
      vertex   -6.360938e-01 2.225417e-02 5.309401e-02
    endloop
  endfacet
  facet normal 2.959486e-01 9.410135e-01 -1.640365e-01
    outer loop
      vertex   -6.383066e-01 3.155135e-02 1.176655e-01
      vertex   -6.395189e-01 2.501924e-02 7.800618e-02
      vertex   -6.553070e-01 2.837693e-02 6.878365e-02
    endloop
  endfacet
  facet normal -1.281889e-01 9.915519e-01 -1.980981e-02
    outer loop
      vertex   -6.620081e-01 2.821231e-02 1.039070e-01
      vertex   -6.383066e-01 3.155135e-02 1.176655e-01
      vertex   -6.553070e-01 2.837693e-02 6.878365e-02
    endloop
  endfacet
  facet normal -9.155317e-01 3.701808e-01 1.573780e-01
    outer loop
      vertex   -6.715544e-01 4.857106e-03 1.287976e-01
      vertex   -6.755904e-01 8.198067e-03 9.745992e-02
      vertex   -6.861347e-01 -1.913125e-02 1.004031e-01
    endloop
  endfacet
  facet normal -9.392481e-01 2.423452e-01 -2.430677e-01
    outer loop
      vertex   -6.756413e-01 -1.197343e-02 5.275282e-02
      vertex   -6.605472e-01 -9.070067e-04 5.460770e-03
      vertex   -6.650987e-01 -1.348148e-02 1.051137e-02
    endloop
  endfacet
  facet normal -9.533318e-01 1.241402e-01 -2.752229e-01
    outer loop
      vertex   -6.756413e-01 -1.197343e-02 5.275282e-02
      vertex   -6.802746e-01 -3.293127e-03 7.271718e-02
      vertex   -6.605472e-01 -9.070067e-04 5.460770e-03
    endloop
  endfacet
  facet normal 9.221978e-01 3.844090e-01 -4.220082e-02
    outer loop
      vertex   -6.556266e-01 -6.632575e-03 6.958717e-02
      vertex   -6.618092e-01 9.663672e-03 8.292409e-02
      vertex   -6.506610e-01 -1.694874e-02 8.412752e-02
    endloop
  endfacet
  facet normal 1.833273e-01 -9.826349e-01 -2.863092e-02
    outer loop
      vertex   -6.506610e-01 -1.694874e-02 8.412752e-02
      vertex   -6.816537e-01 -2.259132e-02 7.933510e-02
      vertex   -6.622044e-01 -1.783594e-02 4.066273e-02
    endloop
  endfacet
  facet normal 9.611451e-01 9.997506e-02 -2.573034e-01
    outer loop
      vertex   -6.506610e-01 -1.694874e-02 8.412752e-02
      vertex   -6.622044e-01 -1.783594e-02 4.066273e-02
      vertex   -6.556266e-01 -6.632575e-03 6.958717e-02
    endloop
  endfacet
  facet normal -6.463237e-01 -6.469624e-01 -4.046052e-01
    outer loop
      vertex   -6.622044e-01 -1.783594e-02 4.066273e-02
      vertex   -6.816537e-01 -2.259132e-02 7.933510e-02
      vertex   -6.756413e-01 -1.197343e-02 5.275282e-02
    endloop
  endfacet
  facet normal 8.996592e-01 5.584865e-04 -4.365924e-01
    outer loop
      vertex   -6.465609e-01 -3.915653e-03 2.692642e-03
      vertex   -6.475183e-01 -1.349757e-02 7.075348e-04
      vertex   -6.529561e-01 -3.836200e-03 -1.048546e-02
    endloop
  endfacet
  facet normal 1.928717e-01 9.772963e-01 -8.770651e-02
    outer loop
      vertex   -6.605472e-01 -9.070067e-04 5.460770e-03
      vertex   -6.465609e-01 -3.915653e-03 2.692642e-03
      vertex   -6.529561e-01 -3.836200e-03 -1.048546e-02
    endloop
  endfacet
  facet normal -9.002041e-01 3.152600e-02 -4.343255e-01
    outer loop
      vertex   -6.529561e-01 -3.836200e-03 -1.048546e-02
      vertex   -6.547387e-01 -1.405253e-02 -7.532333e-03
      vertex   -6.605472e-01 -9.070067e-04 5.460770e-03
    endloop
  endfacet
  facet normal 9.777063e-01 4.549764e-02 2.049889e-01
    outer loop
      vertex   -6.518412e-01 -1.139788e-02 2.953761e-02
      vertex   -6.465609e-01 -3.915653e-03 2.692642e-03
      vertex   -6.551270e-01 1.392569e-03 4.237099e-02
    endloop
  endfacet
  facet normal 4.077116e-01 -9.118477e-01 4.801010e-02
    outer loop
      vertex   -6.770995e-01 -4.858665e-02 8.139821e-02
      vertex   -6.741535e-01 -5.004088e-02 2.875996e-02
      vertex   -6.647364e-01 -4.334568e-02 7.594923e-02
    endloop
  endfacet
  facet normal -9.604081e-01 2.503848e-01 -1.221627e-01
    outer loop
      vertex   -6.839879e-01 -4.929399e-02 -1.018295e-03
      vertex   -6.886927e-01 -4.528869e-02 4.417903e-02
      vertex   -6.796588e-01 -3.139635e-02 1.630569e-03
    endloop
  endfacet
  facet normal -9.769588e-01 -1.643326e-02 -2.127945e-01
    outer loop
      vertex   -6.796588e-01 -3.139635e-02 1.630569e-03
      vertex   -6.886927e-01 -4.528869e-02 4.417903e-02
      vertex   -6.909464e-01 -3.469570e-02 5.370802e-02
    endloop
  endfacet
  facet normal 3.012237e-01 8.956203e-01 -3.273050e-01
    outer loop
      vertex   -6.777664e-01 -3.929185e-02 -1.623643e-02
      vertex   -6.796192e-01 -3.048633e-02 6.153397e-03
      vertex   -6.713401e-01 -4.024197e-02 -1.292198e-02
    endloop
  endfacet
  facet normal 8.988072e-01 4.281458e-01 -9.400484e-02
    outer loop
      vertex   -6.777664e-01 -3.929185e-02 -1.623643e-02
      vertex   -6.796588e-01 -3.139635e-02 1.630569e-03
      vertex   -6.796192e-01 -3.048633e-02 6.153397e-03
    endloop
  endfacet
  facet normal -9.553126e-01 2.193751e-01 -1.981221e-01
    outer loop
      vertex   -6.830654e-01 -5.024612e-02 -2.815109e-03
      vertex   -6.796588e-01 -3.139635e-02 1.630569e-03
      vertex   -6.777664e-01 -3.929185e-02 -1.623643e-02
    endloop
  endfacet
  facet normal -7.896767e-01 2.723712e-01 -5.497496e-01
    outer loop
      vertex   -6.839879e-01 -4.929399e-02 -1.018295e-03
      vertex   -6.796588e-01 -3.139635e-02 1.630569e-03
      vertex   -6.830654e-01 -5.024612e-02 -2.815109e-03
    endloop
  endfacet
  facet normal -5.426291e-01 -8.248795e-01 1.585165e-01
    outer loop
      vertex   -6.839879e-01 -4.929399e-02 -1.018295e-03
      vertex   -6.830654e-01 -5.024612e-02 -2.815109e-03
      vertex   -6.741535e-01 -5.004088e-02 2.875996e-02
    endloop
  endfacet
  facet normal 3.380027e-01 -9.338748e-01 1.167561e-01
    outer loop
      vertex   -6.674574e-01 -4.351492e-02 5.839981e-03
      vertex   -6.830654e-01 -5.024612e-02 -2.815109e-03
      vertex   -6.769776e-01 -4.959204e-02 -1.520726e-02
    endloop
  endfacet
  facet normal 8.481859e-01 5.229474e-01 -8.430147e-02
    outer loop
      vertex   -6.713735e-01 -3.048115e-02 4.729079e-02
      vertex   -6.674574e-01 -4.351492e-02 5.839981e-03
      vertex   -6.713401e-01 -4.024197e-02 -1.292198e-02
    endloop
  endfacet
  facet normal -7.552916e-01 6.437582e-01 -1.229225e-01
    outer loop
      vertex   -6.909464e-01 -3.469570e-02 5.370802e-02
      vertex   -6.796192e-01 -3.048633e-02 6.153397e-03
      vertex   -6.796588e-01 -3.139635e-02 1.630569e-03
    endloop
  endfacet
  facet normal 8.575629e-01 -1.592595e-01 -4.891035e-01
    outer loop
      vertex   -6.506610e-01 -1.694874e-02 8.412752e-02
      vertex   -6.372855e-01 -9.881275e-03 1.052780e-01
      vertex   -6.481618e-01 -5.961496e-02 1.024022e-01
    endloop
  endfacet
  facet normal 9.247310e-01 -1.958509e-01 -3.263662e-01
    outer loop
      vertex   -6.263181e-01 1.888422e-02 1.190911e-01
      vertex   -6.372855e-01 -9.881275e-03 1.052780e-01
      vertex   -6.395189e-01 2.501924e-02 7.800618e-02
    endloop
  endfacet
  facet normal -2.095828e-01 9.662976e-01 1.494790e-01
    outer loop
      vertex   -6.452384e-01 2.515368e-02 1.493038e-01
      vertex   -6.162108e-01 2.736146e-02 1.757310e-01
      vertex   -6.383066e-01 3.155135e-02 1.176655e-01
    endloop
  endfacet
  facet normal 5.093650e-01 -1.910361e-01 -8.390784e-01
    outer loop
      vertex   -4.522043e-01 4.096919e-02 2.513733e-01
      vertex   -3.884762e-01 4.505932e-02 2.891284e-01
      vertex   -4.735003e-01 1.909006e-02 2.434268e-01
    endloop
  endfacet
  facet normal 5.090287e-01 1.329714e-02 -8.606468e-01
    outer loop
      vertex   -3.884762e-01 4.505932e-02 2.891284e-01
      vertex   -4.522043e-01 4.096919e-02 2.513733e-01
      vertex   -4.109779e-01 6.376997e-02 2.761089e-01
    endloop
  endfacet
  facet normal -3.069226e-01 9.055139e-01 2.929899e-01
    outer loop
      vertex   -3.614658e-01 1.181495e-01 4.032125e-01
      vertex   -4.029305e-01 1.176549e-01 3.613047e-01
      vertex   -4.325254e-01 1.074353e-01 3.618870e-01
    endloop
  endfacet
  facet normal -6.609345e-01 -4.794062e-01 5.773520e-01
    outer loop
      vertex   -3.047140e-01 2.673414e-02 5.097369e-01
      vertex   -3.478802e-01 3.367272e-02 4.660831e-01
      vertex   -3.168575e-01 3.061476e-03 4.761788e-01
    endloop
  endfacet
  facet normal -4.568925e-01 -8.133800e-01 3.600863e-01
    outer loop
      vertex   -2.948417e-01 -1.117671e-02 4.719514e-01
      vertex   -2.869489e-01 2.996008e-03 5.139801e-01
      vertex   -3.168575e-01 3.061476e-03 4.761788e-01
    endloop
  endfacet
  facet normal -4.036583e-01 -8.413161e-01 3.595096e-01
    outer loop
      vertex   -2.495529e-01 -1.459377e-02 5.148053e-01
      vertex   -2.869489e-01 2.996008e-03 5.139801e-01
      vertex   -2.948417e-01 -1.117671e-02 4.719514e-01
    endloop
  endfacet
  facet normal -6.745367e-02 -9.467757e-01 -3.147471e-01
    outer loop
      vertex   -2.495529e-01 -1.459377e-02 5.148053e-01
      vertex   -2.085741e-01 -1.183938e-02 4.977377e-01
      vertex   -1.898448e-01 -3.218483e-02 5.549240e-01
    endloop
  endfacet
  facet normal 5.841241e-01 -6.765700e-01 -4.483883e-01
    outer loop
      vertex   -2.042943e-01 2.341672e-02 4.501154e-01
      vertex   -2.085741e-01 -1.183938e-02 4.977377e-01
      vertex   -2.358906e-01 1.334541e-02 4.241508e-01
    endloop
  endfacet
  facet normal -7.652412e-01 -4.989742e-01 -4.067316e-01
    outer loop
      vertex   -2.042943e-01 2.341672e-02 4.501154e-01
      vertex   -1.803349e-01 1.331836e-02 4.174257e-01
      vertex   -1.757193e-01 -4.655020e-02 4.821879e-01
    endloop
  endfacet
  facet normal -9.869684e-01 -1.469699e-01 -6.552321e-02
    outer loop
      vertex   -1.803349e-01 1.331836e-02 4.174257e-01
      vertex   -1.765266e-01 -2.608402e-02 4.484427e-01
      vertex   -1.757193e-01 -4.655020e-02 4.821879e-01
    endloop
  endfacet
  facet normal -6.516004e-01 3.322718e-01 -6.819182e-01
    outer loop
      vertex   -1.789419e-01 7.511621e-02 3.758855e-01
      vertex   -1.652146e-01 1.006646e-01 3.752172e-01
      vertex   -1.287999e-01 6.693730e-02 3.239875e-01
    endloop
  endfacet
  facet normal -3.576872e-01 6.427747e-01 -6.774220e-01
    outer loop
      vertex   -1.652146e-01 1.006646e-01 3.752172e-01
      vertex   -1.132569e-01 1.113579e-01 3.579292e-01
      vertex   -1.287999e-01 6.693730e-02 3.239875e-01
    endloop
  endfacet
  facet normal -3.796951e-01 8.826775e-01 -2.769694e-01
    outer loop
      vertex   -7.702377e-02 5.866654e-02 2.713152e-01
      vertex   -8.761610e-02 6.768306e-02 3.145710e-01
      vertex   -5.556684e-02 7.764521e-02 3.023834e-01
    endloop
  endfacet
  facet normal -1.683557e-01 7.138281e-01 -6.797836e-01
    outer loop
      vertex   -8.761610e-02 6.768306e-02 3.145710e-01
      vertex   -1.287999e-01 6.693730e-02 3.239875e-01
      vertex   -8.033275e-02 9.939305e-02 3.460653e-01
    endloop
  endfacet
  facet normal -8.665079e-01 -8.064890e-02 -4.926052e-01
    outer loop
      vertex   -1.873983e-01 5.002123e-02 3.948690e-01
      vertex   -1.789419e-01 7.511621e-02 3.758855e-01
      vertex   -1.512062e-01 2.728590e-02 3.349281e-01
    endloop
  endfacet
  facet normal -7.421369e-01 -5.050687e-01 -4.406114e-01
    outer loop
      vertex   -1.757193e-01 -4.655020e-02 4.821879e-01
      vertex   -2.085741e-01 -1.183938e-02 4.977377e-01
      vertex   -2.042943e-01 2.341672e-02 4.501154e-01
    endloop
  endfacet
  facet normal -9.389453e-01 -2.642269e-01 -2.203766e-01
    outer loop
      vertex   -1.803349e-01 1.331836e-02 4.174257e-01
      vertex   -1.640781e-01 -1.664472e-02 3.840867e-01
      vertex   -1.765266e-01 -2.608402e-02 4.484427e-01
    endloop
  endfacet
  facet normal -8.469276e-01 -3.870452e-01 -3.645678e-01
    outer loop
      vertex   -1.803349e-01 1.331836e-02 4.174257e-01
      vertex   -1.873983e-01 5.002123e-02 3.948690e-01
      vertex   -1.512062e-01 2.728590e-02 3.349281e-01
    endloop
  endfacet
  facet normal -6.893359e-01 1.971894e-01 -6.970885e-01
    outer loop
      vertex   -1.512062e-01 2.728590e-02 3.349281e-01
      vertex   -1.789419e-01 7.511621e-02 3.758855e-01
      vertex   -1.287999e-01 6.693730e-02 3.239875e-01
    endloop
  endfacet
  facet normal -1.525565e-01 7.812041e-01 -6.053484e-01
    outer loop
      vertex   -1.287999e-01 6.693730e-02 3.239875e-01
      vertex   -8.761610e-02 6.768306e-02 3.145710e-01
      vertex   -1.171996e-01 3.986301e-02 2.861246e-01
    endloop
  endfacet
  facet normal -8.129333e-01 3.262763e-01 -4.823725e-01
    outer loop
      vertex   -1.171996e-01 3.986301e-02 2.861246e-01
      vertex   -1.512062e-01 2.728590e-02 3.349281e-01
      vertex   -1.287999e-01 6.693730e-02 3.239875e-01
    endloop
  endfacet
  facet normal -1.105035e-01 -8.946632e-01 4.328588e-01
    outer loop
      vertex   -2.206803e-01 -3.011836e-02 5.513232e-01
      vertex   -1.898448e-01 -3.218483e-02 5.549240e-01
      vertex   -1.895079e-01 -3.116787e-02 5.571119e-01
    endloop
  endfacet
  facet normal 1.162747e-01 -9.657921e-01 2.317884e-01
    outer loop
      vertex   -1.895079e-01 -3.116787e-02 5.571119e-01
      vertex   -1.589639e-01 -1.697651e-02 6.009209e-01
      vertex   -2.033670e-01 -2.550537e-02 5.876582e-01
    endloop
  endfacet
  facet normal -6.293346e-01 -5.487481e-01 5.502849e-01
    outer loop
      vertex   -1.465773e-01 -4.064710e-02 5.914824e-01
      vertex   -1.589639e-01 -1.697651e-02 6.009209e-01
      vertex   -1.437604e-01 -6.939506e-02 5.660363e-01
    endloop
  endfacet
  facet normal -6.315707e-01 -6.613522e-01 4.046377e-01
    outer loop
      vertex   -1.895079e-01 -3.116787e-02 5.571119e-01
      vertex   -1.898448e-01 -3.218483e-02 5.549240e-01
      vertex   -1.437604e-01 -6.939506e-02 5.660363e-01
    endloop
  endfacet
  facet normal -6.356860e-01 -6.759518e-01 3.728169e-01
    outer loop
      vertex   -1.898448e-01 -3.218483e-02 5.549240e-01
      vertex   -1.486584e-01 -9.173191e-02 5.171859e-01
      vertex   -1.437604e-01 -6.939506e-02 5.660363e-01
    endloop
  endfacet
  facet normal -7.618426e-01 -6.278757e-01 1.592735e-01
    outer loop
      vertex   -1.486584e-01 -9.173191e-02 5.171859e-01
      vertex   -1.898448e-01 -3.218483e-02 5.549240e-01
      vertex   -1.661108e-01 -7.546820e-02 4.978208e-01
    endloop
  endfacet
  facet normal -1.484896e-01 9.724653e-01 1.796162e-01
    outer loop
      vertex   -7.308661e-02 6.958728e-02 1.616620e-01
      vertex   -1.171996e-01 3.986301e-02 2.861246e-01
      vertex   -5.459636e-02 6.298789e-02 2.126779e-01
    endloop
  endfacet
  facet normal -4.539084e-01 8.844263e-01 -1.084305e-01
    outer loop
      vertex   -1.171996e-01 3.986301e-02 2.861246e-01
      vertex   -7.702377e-02 5.866654e-02 2.713152e-01
      vertex   -5.459636e-02 6.298789e-02 2.126779e-01
    endloop
  endfacet
  facet normal -2.615794e-01 9.647477e-01 -2.894978e-02
    outer loop
      vertex   -7.702377e-02 5.866654e-02 2.713152e-01
      vertex   -2.541003e-02 7.254129e-02 2.673267e-01
      vertex   -5.459636e-02 6.298789e-02 2.126779e-01
    endloop
  endfacet
  facet normal -9.369111e-02 9.880138e-01 -1.226812e-01
    outer loop
      vertex   -5.459636e-02 6.298789e-02 2.126779e-01
      vertex   -2.541003e-02 7.254129e-02 2.673267e-01
      vertex   -4.612756e-03 6.832229e-02 2.174662e-01
    endloop
  endfacet
  facet normal -1.232145e-01 9.711176e-01 2.043252e-01
    outer loop
      vertex   -5.459636e-02 6.298789e-02 2.126779e-01
      vertex   -4.612756e-03 6.832229e-02 2.174662e-01
      vertex   -4.624750e-02 8.063456e-02 1.338413e-01
    endloop
  endfacet
  facet normal -4.559788e-01 8.885514e-01 5.059322e-02
    outer loop
      vertex   -7.308661e-02 6.958728e-02 1.616620e-01
      vertex   -1.057853e-01 4.987812e-02 2.131050e-01
      vertex   -1.171996e-01 3.986301e-02 2.861246e-01
    endloop
  endfacet
  facet normal -9.239219e-01 -3.673941e-01 -1.067232e-01
    outer loop
      vertex   -1.640781e-01 -1.664472e-02 3.840867e-01
      vertex   -1.518820e-01 -2.584777e-02 3.101837e-01
      vertex   -1.430618e-01 -6.388720e-02 3.647766e-01
    endloop
  endfacet
  facet normal -3.363834e-01 -4.953807e-01 8.009021e-01
    outer loop
      vertex   -1.465773e-01 -4.064710e-02 5.914824e-01
      vertex   -9.175287e-02 -3.200536e-02 6.198542e-01
      vertex   -1.589639e-01 -1.697651e-02 6.009209e-01
    endloop
  endfacet
  facet normal -1.186991e-01 -8.087773e-01 5.760119e-01
    outer loop
      vertex   -1.624032e-01 1.538880e-03 6.340724e-01
      vertex   -2.198540e-01 -4.303871e-03 6.140297e-01
      vertex   -2.033670e-01 -2.550537e-02 5.876582e-01
    endloop
  endfacet
  facet normal -1.770637e-02 -9.251103e-01 -3.792855e-01
    outer loop
      vertex   -2.206803e-01 -3.011836e-02 5.513232e-01
      vertex   -2.495529e-01 -1.459377e-02 5.148053e-01
      vertex   -1.898448e-01 -3.218483e-02 5.549240e-01
    endloop
  endfacet
  facet normal -4.815716e-02 -9.323658e-01 -3.582943e-01
    outer loop
      vertex   -2.495529e-01 -1.459377e-02 5.148053e-01
      vertex   -2.206803e-01 -3.011836e-02 5.513232e-01
      vertex   -2.527716e-01 -2.814693e-02 5.505064e-01
    endloop
  endfacet
  facet normal 1.377815e-01 -9.886518e-01 5.986494e-02
    outer loop
      vertex   -2.206803e-01 -3.011836e-02 5.513232e-01
      vertex   -2.033670e-01 -2.550537e-02 5.876582e-01
      vertex   -2.385743e-01 -3.113634e-02 5.756953e-01
    endloop
  endfacet
  facet normal -2.084164e-01 -8.217566e-01 5.303571e-01
    outer loop
      vertex   -2.539101e-01 -1.030925e-02 5.913415e-01
      vertex   -2.033670e-01 -2.550537e-02 5.876582e-01
      vertex   -2.198540e-01 -4.303871e-03 6.140297e-01
    endloop
  endfacet
  facet normal -1.624603e-01 -7.193519e-01 6.753810e-01
    outer loop
      vertex   -1.624032e-01 1.538880e-03 6.340724e-01
      vertex   -1.817087e-01 2.167337e-02 6.508739e-01
      vertex   -2.198540e-01 -4.303871e-03 6.140297e-01
    endloop
  endfacet
  facet normal -9.140231e-02 -7.251108e-01 6.825393e-01
    outer loop
      vertex   -9.925694e-02 4.657083e-02 6.883658e-01
      vertex   -1.817087e-01 2.167337e-02 6.508739e-01
      vertex   -1.239833e-01 2.500683e-02 6.621456e-01
    endloop
  endfacet
  facet normal -3.119745e-01 -8.428980e-01 4.384004e-01
    outer loop
      vertex   -9.175287e-02 -3.200536e-02 6.198542e-01
      vertex   -1.624032e-01 1.538880e-03 6.340724e-01
      vertex   -1.589639e-01 -1.697651e-02 6.009209e-01
    endloop
  endfacet
  facet normal -9.449587e-02 -7.233374e-01 6.839982e-01
    outer loop
      vertex   -9.925694e-02 4.657083e-02 6.883658e-01
      vertex   -1.239833e-01 2.500683e-02 6.621456e-01
      vertex   -7.609943e-02 1.866079e-02 6.620498e-01
    endloop
  endfacet
  facet normal -9.350214e-01 -3.165933e-01 1.596983e-01
    outer loop
      vertex   -5.769973e-02 -7.858198e-03 6.455260e-01
      vertex   -5.524857e-02 -1.585805e-03 6.723121e-01
      vertex   -6.277769e-02 3.265918e-02 6.961185e-01
    endloop
  endfacet
  facet normal -9.244308e-01 -3.437624e-01 1.650913e-01
    outer loop
      vertex   -5.769973e-02 -7.858198e-03 6.455260e-01
      vertex   -4.522729e-02 -2.193972e-02 6.860442e-01
      vertex   -5.524857e-02 -1.585805e-03 6.723121e-01
    endloop
  endfacet
  facet normal -3.122269e-01 -7.618881e-01 -5.674865e-01
    outer loop
      vertex   -2.388632e-02 -2.956973e-02 6.960090e-01
      vertex   5.070471e-03 -3.742988e-02 6.906300e-01
      vertex   -1.007480e-02 -4.725276e-02 7.121507e-01
    endloop
  endfacet
  facet normal -4.521794e-01 -7.676843e-01 -4.540865e-01
    outer loop
      vertex   -3.095792e-02 -4.364645e-02 7.268492e-01
      vertex   -2.388632e-02 -2.956973e-02 6.960090e-01
      vertex   -1.007480e-02 -4.725276e-02 7.121507e-01
    endloop
  endfacet
  facet normal -6.982170e-01 1.490944e-01 -7.001885e-01
    outer loop
      vertex   -7.722475e-02 -7.358947e-04 8.344622e-01
      vertex   -7.618460e-02 3.399339e-04 8.336540e-01
      vertex   -7.555179e-02 5.072751e-04 8.330586e-01
    endloop
  endfacet
  facet normal -5.385738e-01 7.728392e-01 3.356455e-01
    outer loop
      vertex   -7.618460e-02 3.399339e-04 8.336540e-01
      vertex   -7.722475e-02 -7.358947e-04 8.344622e-01
      vertex   -7.757073e-02 -1.169950e-03 8.349064e-01
    endloop
  endfacet
  facet normal -7.790871e-01 6.268893e-01 5.744015e-03
    outer loop
      vertex   -7.722475e-02 -7.358947e-04 8.344622e-01
      vertex   -7.929455e-02 -3.154355e-03 8.176710e-01
      vertex   -7.757073e-02 -1.169950e-03 8.349064e-01
    endloop
  endfacet
  facet normal -7.500115e-01 -6.437428e-01 -1.519140e-01
    outer loop
      vertex   -8.698059e-02 7.757304e-03 8.093789e-01
      vertex   -7.929455e-02 -3.154355e-03 8.176710e-01
      vertex   -8.906960e-02 9.554194e-03 8.120781e-01
    endloop
  endfacet
  facet normal -7.347019e-01 -2.966104e-01 6.101110e-01
    outer loop
      vertex   -7.929455e-02 -3.154355e-03 8.176710e-01
      vertex   -7.898453e-02 8.598631e-03 8.237581e-01
      vertex   -8.906960e-02 9.554194e-03 8.120781e-01
    endloop
  endfacet
  facet normal -2.784370e-02 5.714861e-01 8.201393e-01
    outer loop
      vertex   -8.269912e-02 1.056375e-02 8.621687e-01
      vertex   -8.134943e-02 2.798381e-02 8.500760e-01
      vertex   -9.303687e-02 2.550430e-02 8.514069e-01
    endloop
  endfacet
  facet normal 2.253330e-01 5.437450e-01 8.084345e-01
    outer loop
      vertex   -8.134943e-02 2.798381e-02 8.500760e-01
      vertex   -8.269912e-02 1.056375e-02 8.621687e-01
      vertex   -8.212177e-02 1.018634e-02 8.622616e-01
    endloop
  endfacet
  facet normal -9.846962e-01 -1.231402e-01 1.233286e-01
    outer loop
      vertex   -7.328516e-02 -3.168261e-02 9.072642e-01
      vertex   -7.978696e-02 9.252123e-03 8.962239e-01
      vertex   -7.868340e-02 -2.719089e-02 8.686478e-01
    endloop
  endfacet
  facet normal -9.477138e-01 -3.039829e-01 9.712390e-02
    outer loop
      vertex   -7.328516e-02 -3.168261e-02 9.072642e-01
      vertex   -7.868340e-02 -2.719089e-02 8.686478e-01
      vertex   -6.713261e-02 -6.465616e-02 8.640972e-01
    endloop
  endfacet
  facet normal -7.662418e-01 -4.085267e-01 4.959631e-01
    outer loop
      vertex   -5.125645e-02 -8.227322e-02 8.996260e-01
      vertex   -4.316722e-02 -6.951817e-02 9.226298e-01
      vertex   -7.328516e-02 -3.168261e-02 9.072642e-01
    endloop
  endfacet
  facet normal -8.890848e-01 -4.159766e-01 1.910278e-01
    outer loop
      vertex   -6.713261e-02 -6.465616e-02 8.640972e-01
      vertex   -5.125645e-02 -8.227322e-02 8.996260e-01
      vertex   -7.328516e-02 -3.168261e-02 9.072642e-01
    endloop
  endfacet
  facet normal -8.204463e-01 -5.651600e-01 8.638323e-02
    outer loop
      vertex   -5.125645e-02 -8.227322e-02 8.996260e-01
      vertex   -6.713261e-02 -6.465616e-02 8.640972e-01
      vertex   -4.266874e-02 -9.935975e-02 8.694016e-01
    endloop
  endfacet
  facet normal -8.138934e-01 -5.415876e-01 2.103814e-01
    outer loop
      vertex   -6.713261e-02 -6.465616e-02 8.640972e-01
      vertex   -5.273872e-02 -8.930149e-02 8.563375e-01
      vertex   -4.266874e-02 -9.935975e-02 8.694016e-01
    endloop
  endfacet
  facet normal 2.899425e-01 -2.545811e-01 -9.225626e-01
    outer loop
      vertex   -4.655427e-02 -9.005401e-02 8.487093e-01
      vertex   -4.956754e-02 -8.739578e-02 8.470288e-01
      vertex   -4.842326e-02 -8.437626e-02 8.465551e-01
    endloop
  endfacet
  facet normal -5.179858e-01 -7.917900e-01 -3.236656e-01
    outer loop
      vertex   -4.655427e-02 -9.005401e-02 8.487093e-01
      vertex   -4.861702e-02 -8.832499e-02 8.477807e-01
      vertex   -4.956754e-02 -8.739578e-02 8.470288e-01
    endloop
  endfacet
  facet normal -5.479888e-01 -7.500674e-01 -3.702799e-01
    outer loop
      vertex   -4.655427e-02 -9.005401e-02 8.487093e-01
      vertex   -4.133231e-02 -9.465391e-02 8.502990e-01
      vertex   -5.273872e-02 -8.930149e-02 8.563375e-01
    endloop
  endfacet
  facet normal -4.052137e-01 -7.650457e-01 -5.005067e-01
    outer loop
      vertex   -4.013636e-02 -9.571726e-02 8.509562e-01
      vertex   -4.075442e-02 -9.539395e-02 8.509624e-01
      vertex   -4.133231e-02 -9.465391e-02 8.502990e-01
    endloop
  endfacet
  facet normal -6.742194e-01 -7.096854e-01 -2.043890e-01
    outer loop
      vertex   -4.133231e-02 -9.465391e-02 8.502990e-01
      vertex   -4.075442e-02 -9.539395e-02 8.509624e-01
      vertex   -4.133586e-02 -9.487314e-02 8.510720e-01
    endloop
  endfacet
  facet normal -1.224307e-01 -6.177408e-01 -7.767928e-01
    outer loop
      vertex   -1.757334e-02 -9.439197e-02 8.463461e-01
      vertex   -4.013636e-02 -9.571726e-02 8.509562e-01
      vertex   -4.133231e-02 -9.465391e-02 8.502990e-01
    endloop
  endfacet
  facet normal -6.257042e-02 -8.352222e-01 -5.463412e-01
    outer loop
      vertex   -1.757334e-02 -9.439197e-02 8.463461e-01
      vertex   -3.957420e-02 -9.615404e-02 8.515595e-01
      vertex   -4.013636e-02 -9.571726e-02 8.509562e-01
    endloop
  endfacet
  facet normal 1.550140e-01 5.304257e-01 8.334382e-01
    outer loop
      vertex   -4.133586e-02 -9.487314e-02 8.510720e-01
      vertex   -3.957420e-02 -9.615404e-02 8.515595e-01
      vertex   -1.757334e-02 -9.439197e-02 8.463461e-01
    endloop
  endfacet
  facet normal -5.780462e-01 -8.144093e-01 -5.099054e-02
    outer loop
      vertex   -3.957420e-02 -9.615404e-02 8.515595e-01
      vertex   -4.133586e-02 -9.487314e-02 8.510720e-01
      vertex   -4.013636e-02 -9.571726e-02 8.509562e-01
    endloop
  endfacet
  facet normal -2.120010e-01 -4.221658e-01 8.813805e-01
    outer loop
      vertex   -4.133586e-02 -9.487314e-02 8.510720e-01
      vertex   -4.075442e-02 -9.539395e-02 8.509624e-01
      vertex   -4.013636e-02 -9.571726e-02 8.509562e-01
    endloop
  endfacet
  facet normal -4.455957e-01 -6.424595e-01 -6.234503e-01
    outer loop
      vertex   -4.266874e-02 -9.935975e-02 8.694016e-01
      vertex   -1.757334e-02 -9.439197e-02 8.463461e-01
      vertex   -2.462843e-03 -1.110424e-01 8.527043e-01
    endloop
  endfacet
  facet normal -2.323752e-01 -9.656708e-01 1.161107e-01
    outer loop
      vertex   -4.266874e-02 -9.935975e-02 8.694016e-01
      vertex   -2.462843e-03 -1.110424e-01 8.527043e-01
      vertex   -1.911271e-02 -1.023060e-01 8.920418e-01
    endloop
  endfacet
  facet normal -3.673023e-02 2.788403e-01 9.596348e-01
    outer loop
      vertex   1.729899e-02 3.950432e-02 9.416040e-01
      vertex   -1.105576e-02 4.935568e-02 9.376563e-01
      vertex   -1.755504e-02 -2.593194e-03 9.525022e-01
    endloop
  endfacet
  facet normal 1.590726e-02 8.303589e-01 5.570018e-01
    outer loop
      vertex   -3.281356e-02 1.238597e-01 6.512110e-01
      vertex   -3.920386e-03 7.355433e-02 7.253794e-01
      vertex   2.412148e-02 1.204709e-01 6.546370e-01
    endloop
  endfacet
  facet normal 3.108995e-02 9.191997e-01 3.925625e-01
    outer loop
      vertex   2.412148e-02 1.204709e-01 6.546370e-01
      vertex   -1.828381e-03 1.244862e-01 6.472902e-01
      vertex   -3.281356e-02 1.238597e-01 6.512110e-01
    endloop
  endfacet
  facet normal 7.669048e-03 8.825711e-01 -4.701164e-01
    outer loop
      vertex   2.872280e-02 1.245803e-01 4.047475e-01
      vertex   4.289038e-02 9.304508e-02 3.457760e-01
      vertex   -4.101856e-02 9.273611e-02 3.438272e-01
    endloop
  endfacet
  facet normal -8.811004e-01 -4.486012e-01 -1.497297e-01
    outer loop
      vertex   -1.765266e-01 -2.608402e-02 4.484427e-01
      vertex   -1.430618e-01 -6.388720e-02 3.647766e-01
      vertex   -1.265233e-01 -1.066750e-01 3.956497e-01
    endloop
  endfacet
  facet normal -7.649254e-01 -6.439960e-01 1.258315e-02
    outer loop
      vertex   -1.247859e-01 -1.077524e-01 4.461264e-01
      vertex   -1.757193e-01 -4.655020e-02 4.821879e-01
      vertex   -1.265233e-01 -1.066750e-01 3.956497e-01
    endloop
  endfacet
  facet normal -8.104671e-01 -4.631676e-01 -3.586348e-01
    outer loop
      vertex   -1.247859e-01 -1.077524e-01 4.461264e-01
      vertex   -1.661108e-01 -7.546820e-02 4.978208e-01
      vertex   -1.757193e-01 -4.655020e-02 4.821879e-01
    endloop
  endfacet
  facet normal -5.070782e-01 -8.505358e-01 -1.395011e-01
    outer loop
      vertex   -4.522729e-02 -2.193972e-02 6.860442e-01
      vertex   -5.769973e-02 -7.858198e-03 6.455260e-01
      vertex   -2.409336e-02 -2.839304e-02 6.485695e-01
    endloop
  endfacet
  facet normal -4.358170e-02 7.631293e-02 9.961310e-01
    outer loop
      vertex   -5.769973e-02 -7.858198e-03 6.455260e-01
      vertex   -8.514219e-02 -5.814800e-03 6.441688e-01
      vertex   -2.409336e-02 -2.839304e-02 6.485695e-01
    endloop
  endfacet
  facet normal -2.803128e-01 -6.141422e-01 7.377358e-01
    outer loop
      vertex   -2.409336e-02 -2.839304e-02 6.485695e-01
      vertex   -8.514219e-02 -5.814800e-03 6.441688e-01
      vertex   -9.175287e-02 -3.200536e-02 6.198542e-01
    endloop
  endfacet
  facet normal 1.400012e-01 -7.326443e-01 6.660571e-01
    outer loop
      vertex   -3.201134e-02 -8.631412e-02 5.746010e-01
      vertex   -3.837583e-03 -3.935423e-02 6.203336e-01
      vertex   -3.412992e-02 -4.841488e-02 6.167344e-01
    endloop
  endfacet
  facet normal 1.941814e-01 -7.244507e-01 6.614112e-01
    outer loop
      vertex   -3.412992e-02 -4.841488e-02 6.167344e-01
      vertex   -6.398985e-02 -8.455349e-02 5.859179e-01
      vertex   -3.201134e-02 -8.631412e-02 5.746010e-01
    endloop
  endfacet
  facet normal -1.226476e-01 -5.833349e-01 8.029184e-01
    outer loop
      vertex   -3.412992e-02 -4.841488e-02 6.167344e-01
      vertex   -9.175287e-02 -3.200536e-02 6.198542e-01
      vertex   -6.398985e-02 -8.455349e-02 5.859179e-01
    endloop
  endfacet
  facet normal -1.199126e-01 -5.825325e-01 8.039135e-01
    outer loop
      vertex   -9.175287e-02 -3.200536e-02 6.198542e-01
      vertex   -1.009453e-01 -6.608127e-02 5.937909e-01
      vertex   -6.398985e-02 -8.455349e-02 5.859179e-01
    endloop
  endfacet
  facet normal -3.744574e-01 -6.554170e-01 6.559042e-01
    outer loop
      vertex   -1.009453e-01 -6.608127e-02 5.937909e-01
      vertex   -1.437604e-01 -6.939506e-02 5.660363e-01
      vertex   -9.373567e-02 -1.043135e-01 5.597031e-01
    endloop
  endfacet
  facet normal -4.722402e-01 -7.581085e-01 4.497340e-01
    outer loop
      vertex   -9.373567e-02 -1.043135e-01 5.597031e-01
      vertex   -1.437604e-01 -6.939506e-02 5.660363e-01
      vertex   -1.069737e-01 -1.247094e-01 5.114216e-01
    endloop
  endfacet
  facet normal -5.967761e-01 -7.841207e-01 1.703321e-01
    outer loop
      vertex   -1.486584e-01 -9.173191e-02 5.171859e-01
      vertex   -1.288873e-01 -1.165024e-01 4.724255e-01
      vertex   -1.069737e-01 -1.247094e-01 5.114216e-01
    endloop
  endfacet
  facet normal 1.497254e-01 -1.496076e-01 -9.773433e-01
    outer loop
      vertex   -1.901752e-03 4.273392e-02 -8.223882e-02
      vertex   8.099189e-03 -3.439464e-02 -6.890019e-02
      vertex   -1.168132e-02 3.138369e-03 -7.767589e-02
    endloop
  endfacet
  facet normal 4.143861e-02 1.556821e-01 -9.869376e-01
    outer loop
      vertex   8.546947e-03 -3.855101e-02 -6.914049e-02
      vertex   -1.397599e-03 -7.009383e-02 -7.453368e-02
      vertex   -1.105195e-02 -7.763531e-02 -7.612865e-02
    endloop
  endfacet
  facet normal -1.359871e-01 -6.020606e-01 -7.867850e-01
    outer loop
      vertex   6.970217e-03 -1.591002e-01 -7.087273e-02
      vertex   -1.188077e-02 -1.443078e-01 -7.893394e-02
      vertex   4.166384e-03 -1.434502e-01 -8.236375e-02
    endloop
  endfacet
  facet normal 2.496640e-01 -7.398210e-01 6.247661e-01
    outer loop
      vertex   1.790369e-03 -9.233565e-02 5.539630e-01
      vertex   -3.201134e-02 -8.631412e-02 5.746010e-01
      vertex   -5.136264e-02 -1.188342e-01 5.438251e-01
    endloop
  endfacet
  facet normal 2.382572e-02 -9.260721e-01 3.765937e-01
    outer loop
      vertex   -3.837583e-03 -3.935423e-02 6.203336e-01
      vertex   1.082650e-02 -2.607208e-02 6.520677e-01
      vertex   -2.409336e-02 -2.839304e-02 6.485695e-01
    endloop
  endfacet
  facet normal 6.879543e-02 -9.973166e-01 -2.503750e-02
    outer loop
      vertex   -2.388632e-02 -2.956973e-02 6.960090e-01
      vertex   -2.409336e-02 -2.839304e-02 6.485695e-01
      vertex   1.082650e-02 -2.607208e-02 6.520677e-01
    endloop
  endfacet
  facet normal -5.482010e-02 -8.932138e-01 -4.462777e-01
    outer loop
      vertex   -1.007480e-02 -4.725276e-02 7.121507e-01
      vertex   5.070471e-03 -3.742988e-02 6.906300e-01
      vertex   1.628269e-02 -5.218511e-02 7.187849e-01
    endloop
  endfacet
  facet normal -8.824816e-02 -9.927868e-01 -8.115862e-02
    outer loop
      vertex   -3.584537e-03 -1.074933e-01 7.681653e-01
      vertex   1.324916e-02 -1.093442e-01 7.725029e-01
      vertex   -1.307704e-02 -1.087812e-01 7.942411e-01
    endloop
  endfacet
  facet normal -1.850872e-01 -4.243763e-01 -8.863676e-01
    outer loop
      vertex   -3.584537e-03 -1.074933e-01 7.681653e-01
      vertex   -1.135542e-02 -1.052181e-01 7.686987e-01
      vertex   -5.239543e-03 -1.064018e-01 7.679883e-01
    endloop
  endfacet
  facet normal -2.833302e-01 -9.581555e-01 -4.076935e-02
    outer loop
      vertex   -3.584537e-03 -1.074933e-01 7.681653e-01
      vertex   -2.790905e-02 -1.007643e-01 7.790677e-01
      vertex   -1.135542e-02 -1.052181e-01 7.686987e-01
    endloop
  endfacet
  facet normal -8.728392e-01 -3.695050e-01 3.187754e-01
    outer loop
      vertex   -8.757077e-02 7.113169e-03 8.448300e-01
      vertex   -8.068114e-02 3.790708e-04 8.558887e-01
      vertex   -8.269912e-02 1.056375e-02 8.621687e-01
    endloop
  endfacet
  facet normal -9.596123e-01 -1.090093e-01 2.593475e-01
    outer loop
      vertex   -7.929455e-02 -3.154355e-03 8.176710e-01
      vertex   -7.555179e-02 5.072751e-04 8.330586e-01
      vertex   -7.898453e-02 8.598631e-03 8.237581e-01
    endloop
  endfacet
  facet normal -8.278117e-02 -5.677616e-01 8.190202e-01
    outer loop
      vertex   -5.769973e-02 -7.858198e-03 6.455260e-01
      vertex   -7.609943e-02 1.866079e-02 6.620498e-01
      vertex   -8.514219e-02 -5.814800e-03 6.441688e-01
    endloop
  endfacet
  facet normal -7.682390e-01 5.228963e-01 -3.693079e-01
    outer loop
      vertex   -7.797507e-02 -3.152661e-03 8.474762e-01
      vertex   -7.866566e-02 -2.944806e-03 8.492071e-01
      vertex   -7.981607e-02 -1.569049e-03 8.535481e-01
    endloop
  endfacet
  facet normal -7.996073e-01 4.402826e-01 -4.083863e-01
    outer loop
      vertex   -7.890299e-02 -2.936100e-03 8.498045e-01
      vertex   -7.825390e-02 -3.142091e-03 8.483115e-01
      vertex   -7.825916e-02 -3.227794e-03 8.482294e-01
    endloop
  endfacet
  facet normal -8.840339e-01 3.504926e-01 -3.092554e-01
    outer loop
      vertex   -7.825390e-02 -3.142091e-03 8.483115e-01
      vertex   -7.787415e-02 -3.210669e-03 8.471482e-01
      vertex   -7.825916e-02 -3.227794e-03 8.482294e-01
    endloop
  endfacet
  facet normal -9.373551e-01 1.492258e-01 -3.147968e-01
    outer loop
      vertex   -7.825390e-02 -3.142091e-03 8.483115e-01
      vertex   -7.797507e-02 -3.152661e-03 8.474762e-01
      vertex   -7.787415e-02 -3.210669e-03 8.471482e-01
    endloop
  endfacet
  facet normal -8.956612e-01 -2.719859e-01 -3.518731e-01
    outer loop
      vertex   -7.825390e-02 -3.142091e-03 8.483115e-01
      vertex   -7.890299e-02 -2.936100e-03 8.498045e-01
      vertex   -7.866566e-02 -2.944806e-03 8.492071e-01
    endloop
  endfacet
  facet normal -8.235909e-01 -4.995463e-01 -2.686104e-01
    outer loop
      vertex   -7.825390e-02 -3.142091e-03 8.483115e-01
      vertex   -7.866566e-02 -2.944806e-03 8.492071e-01
      vertex   -7.797507e-02 -3.152661e-03 8.474762e-01
    endloop
  endfacet
  facet normal -7.273391e-01 -6.858807e-01 -2.335543e-02
    outer loop
      vertex   -8.692535e-02 6.447608e-03 8.442759e-01
      vertex   -7.797507e-02 -3.152661e-03 8.474762e-01
      vertex   -8.757077e-02 7.113169e-03 8.448300e-01
    endloop
  endfacet
  facet normal -7.247442e-01 -6.878356e-01 -4.034864e-02
    outer loop
      vertex   -7.797507e-02 -3.152661e-03 8.474762e-01
      vertex   -7.981607e-02 -1.569049e-03 8.535481e-01
      vertex   -8.757077e-02 7.113169e-03 8.448300e-01
    endloop
  endfacet
  facet normal -9.541931e-01 2.542434e-01 -1.577206e-01
    outer loop
      vertex   -7.782256e-02 -1.229442e-03 8.410337e-01
      vertex   -7.618460e-02 3.399339e-04 8.336540e-01
      vertex   -8.034128e-02 -1.035824e-02 8.415562e-01
    endloop
  endfacet
  facet normal -9.634089e-01 2.670962e-01 2.242323e-02
    outer loop
      vertex   -7.782256e-02 -1.229442e-03 8.410337e-01
      vertex   -8.034128e-02 -1.035824e-02 8.415562e-01
      vertex   -7.787359e-02 -1.454750e-03 8.415252e-01
    endloop
  endfacet
  facet normal -8.300460e-01 -5.571868e-01 2.379957e-02
    outer loop
      vertex   -9.229939e-02 2.335671e-02 8.268491e-01
      vertex   -8.269912e-02 1.056375e-02 8.621687e-01
      vertex   -9.303687e-02 2.550430e-02 8.514069e-01
    endloop
  endfacet
  facet normal -1.569909e-01 -7.171409e-01 6.790160e-01
    outer loop
      vertex   -1.624032e-01 1.538880e-03 6.340724e-01
      vertex   -8.514219e-02 -5.814800e-03 6.441688e-01
      vertex   -1.817087e-01 2.167337e-02 6.508739e-01
    endloop
  endfacet
  facet normal 4.125088e-02 -9.972300e-01 -6.189253e-02
    outer loop
      vertex   -2.085741e-01 -1.183938e-02 4.977377e-01
      vertex   -2.495529e-01 -1.459377e-02 5.148053e-01
      vertex   -2.204068e-01 -1.114023e-02 4.785864e-01
    endloop
  endfacet
  facet normal 1.020586e-01 -9.946971e-01 -1.271771e-02
    outer loop
      vertex   -2.204068e-01 -1.114023e-02 4.785864e-01
      vertex   -2.495529e-01 -1.459377e-02 5.148053e-01
      vertex   -2.749966e-01 -1.636945e-02 4.495033e-01
    endloop
  endfacet
  facet normal -1.514224e-02 9.868015e-01 1.612251e-01
    outer loop
      vertex   2.601769e-02 1.253238e-01 5.019057e-02
      vertex   1.491375e-03 1.335575e-01 -2.508224e-03
      vertex   -5.241912e-02 1.210186e-01 6.917433e-02
    endloop
  endfacet
  facet normal 3.218174e-01 8.615098e-01 3.927270e-01
    outer loop
      vertex   1.491375e-03 1.335575e-01 -2.508224e-03
      vertex   -3.791540e-02 1.340917e-01 2.861140e-02
      vertex   -5.241912e-02 1.210186e-01 6.917433e-02
    endloop
  endfacet
  facet normal 9.323518e-01 -2.983330e-01 -2.042489e-01
    outer loop
      vertex   -6.356411e-01 1.694720e-02 6.570450e-03
      vertex   -6.320256e-01 2.470270e-02 1.174666e-02
      vertex   -6.312024e-01 1.738468e-02 2.619325e-02
    endloop
  endfacet
  facet normal -9.178316e-01 1.407980e-01 -3.711618e-01
    outer loop
      vertex   -6.455288e-01 2.704113e-02 2.387892e-02
      vertex   -6.384525e-01 2.448764e-02 5.411575e-03
      vertex   -6.444337e-01 1.697699e-02 1.735329e-02
    endloop
  endfacet
  facet normal 8.562055e-01 -1.092824e-01 -5.049451e-01
    outer loop
      vertex   -6.472256e-01 1.006273e-02 8.410683e-02
      vertex   -6.372855e-01 -9.881275e-03 1.052780e-01
      vertex   -6.506610e-01 -1.694874e-02 8.412752e-02
    endloop
  endfacet
  facet normal 9.546927e-01 2.802339e-01 1.001535e-01
    outer loop
      vertex   -6.618092e-01 9.663672e-03 8.292409e-02
      vertex   -6.556266e-01 -6.632575e-03 6.958717e-02
      vertex   -6.551270e-01 1.392569e-03 4.237099e-02
    endloop
  endfacet
  facet normal -9.781652e-01 -1.367408e-03 -2.078245e-01
    outer loop
      vertex   -6.802746e-01 -3.293127e-03 7.271718e-02
      vertex   -6.816537e-01 -2.259132e-02 7.933510e-02
      vertex   -6.861347e-01 -1.913125e-02 1.004031e-01
    endloop
  endfacet
  facet normal -9.326045e-01 3.607880e-01 8.995258e-03
    outer loop
      vertex   -6.861347e-01 -1.913125e-02 1.004031e-01
      vertex   -6.755904e-01 8.198067e-03 9.745992e-02
      vertex   -6.802746e-01 -3.293127e-03 7.271718e-02
    endloop
  endfacet
  facet normal -7.610432e-01 -5.788008e-01 2.929211e-01
    outer loop
      vertex   -2.462843e-03 -1.110424e-01 8.527043e-01
      vertex   -1.757334e-02 -9.439197e-02 8.463461e-01
      vertex   -4.690909e-03 -1.176156e-01 8.339271e-01
    endloop
  endfacet
  facet normal 9.679523e-03 -4.315360e-01 -9.020438e-01
    outer loop
      vertex   -6.626831e-03 -1.197756e-01 7.995700e-01
      vertex   -1.300738e-02 -1.227440e-01 8.009217e-01
      vertex   -1.307704e-02 -1.087812e-01 7.942411e-01
    endloop
  endfacet
  facet normal -6.821365e-01 -6.767169e-01 2.770273e-01
    outer loop
      vertex   -1.300738e-02 -1.227440e-01 8.009217e-01
      vertex   2.482306e-03 -1.369790e-01 8.042896e-01
      vertex   -4.690909e-03 -1.176156e-01 8.339271e-01
    endloop
  endfacet
  facet normal -2.799829e-01 1.717465e-01 -9.445172e-01
    outer loop
      vertex   -1.300738e-02 -1.227440e-01 8.009217e-01
      vertex   -6.626831e-03 -1.197756e-01 7.995700e-01
      vertex   -9.662452e-04 -1.315419e-01 7.957525e-01
    endloop
  endfacet
  facet normal -5.705704e-01 -8.524842e-02 -8.168121e-01
    outer loop
      vertex   -4.044518e-02 -6.014605e-02 7.351984e-01
      vertex   -3.095792e-02 -4.364645e-02 7.268492e-01
      vertex   -1.224682e-02 -7.660889e-02 7.172191e-01
    endloop
  endfacet
  facet normal -4.824219e-01 -8.720212e-01 8.275349e-02
    outer loop
      vertex   -5.189741e-02 -8.286970e-02 8.446422e-01
      vertex   -4.964104e-02 -8.770623e-02 8.068307e-01
      vertex   -1.406205e-02 -1.085401e-01 7.947046e-01
    endloop
  endfacet
  facet normal -3.146592e-01 -9.311255e-01 -1.843773e-01
    outer loop
      vertex   -2.790905e-02 -1.007643e-01 7.790677e-01
      vertex   -1.307704e-02 -1.087812e-01 7.942411e-01
      vertex   -1.406205e-02 -1.085401e-01 7.947046e-01
    endloop
  endfacet
  facet normal 1.912032e-01 -1.294467e-01 -9.729773e-01
    outer loop
      vertex   -4.921904e-02 -8.423630e-02 8.463801e-01
      vertex   -4.842326e-02 -8.437626e-02 8.465551e-01
      vertex   -5.072438e-02 -8.602826e-02 8.463227e-01
    endloop
  endfacet
  facet normal -8.137476e-02 -9.254250e-01 -3.700901e-01
    outer loop
      vertex   -4.921904e-02 -8.423630e-02 8.463801e-01
      vertex   -4.870600e-02 -8.423396e-02 8.462615e-01
      vertex   -4.842326e-02 -8.437626e-02 8.465551e-01
    endloop
  endfacet
  facet normal -1.121150e-01 -8.577542e-01 -5.016851e-01
    outer loop
      vertex   -5.189741e-02 -8.286970e-02 8.446422e-01
      vertex   -4.870600e-02 -8.423396e-02 8.462615e-01
      vertex   -4.921904e-02 -8.423630e-02 8.463801e-01
    endloop
  endfacet
  facet normal -3.544254e-01 -5.972206e-01 -7.195208e-01
    outer loop
      vertex   -5.101471e-02 -8.570355e-02 8.461962e-01
      vertex   -5.072438e-02 -8.602826e-02 8.463227e-01
      vertex   -5.083267e-02 -8.624930e-02 8.465595e-01
    endloop
  endfacet
  facet normal -8.010382e-01 -5.090090e-01 -3.150360e-01
    outer loop
      vertex   -5.171595e-02 -8.422793e-02 8.455395e-01
      vertex   -5.083267e-02 -8.624930e-02 8.465595e-01
      vertex   -5.273872e-02 -8.930149e-02 8.563375e-01
    endloop
  endfacet
  facet normal -6.783686e-02 -4.142660e-01 -9.076243e-01
    outer loop
      vertex   -5.101471e-02 -8.570355e-02 8.461962e-01
      vertex   -5.083062e-02 -8.508986e-02 8.459024e-01
      vertex   -5.072438e-02 -8.602826e-02 8.463227e-01
    endloop
  endfacet
  facet normal -7.086517e-01 -5.392616e-01 -4.549832e-01
    outer loop
      vertex   -5.083267e-02 -8.624930e-02 8.465595e-01
      vertex   -5.171595e-02 -8.422793e-02 8.455395e-01
      vertex   -5.101471e-02 -8.570355e-02 8.461962e-01
    endloop
  endfacet
  facet normal -8.634539e-01 -4.131910e-01 -2.893452e-01
    outer loop
      vertex   -5.189741e-02 -8.286970e-02 8.446422e-01
      vertex   -5.273872e-02 -8.930149e-02 8.563375e-01
      vertex   -6.713261e-02 -6.465616e-02 8.640972e-01
    endloop
  endfacet
  facet normal -8.756038e-01 -4.771076e-01 -7.540748e-02
    outer loop
      vertex   -6.427132e-02 -5.986636e-02 8.005675e-01
      vertex   -4.964104e-02 -8.770623e-02 8.068307e-01
      vertex   -6.713261e-02 -6.465616e-02 8.640972e-01
    endloop
  endfacet
  facet normal -1.604509e-01 -8.481361e-01 5.048967e-01
    outer loop
      vertex   -6.045920e-01 -7.404841e-02 1.869280e-01
      vertex   -6.211881e-01 -5.959264e-02 2.059370e-01
      vertex   -6.434526e-01 -8.036415e-02 1.639692e-01
    endloop
  endfacet
  facet normal -1.134402e-01 -8.920769e-01 4.374130e-01
    outer loop
      vertex   -6.045920e-01 -7.404841e-02 1.869280e-01
      vertex   -6.434526e-01 -8.036415e-02 1.639692e-01
      vertex   -5.983246e-01 -9.460793e-02 1.466236e-01
    endloop
  endfacet
  facet normal -5.975365e-01 -7.796159e-01 -1.874812e-01
    outer loop
      vertex   -6.319288e-01 -8.295617e-02 1.380193e-01
      vertex   -6.175261e-01 -9.413077e-02 1.385834e-01
      vertex   -6.434526e-01 -8.036415e-02 1.639692e-01
    endloop
  endfacet
  facet normal -1.417017e-01 -9.892587e-01 3.588572e-02
    outer loop
      vertex   -6.794444e-01 -7.706203e-02 1.128778e-01
      vertex   -6.319288e-01 -8.295617e-02 1.380193e-01
      vertex   -6.434526e-01 -8.036415e-02 1.639692e-01
    endloop
  endfacet
  facet normal 8.872466e-01 3.173172e-01 -3.348182e-01
    outer loop
      vertex   -5.838905e-01 -3.271653e-02 1.511757e-01
      vertex   -5.770226e-01 -6.370897e-02 1.400028e-01
      vertex   -5.880124e-01 -4.651604e-02 1.271746e-01
    endloop
  endfacet
  facet normal 1.349321e-01 2.268814e-01 -9.645300e-01
    outer loop
      vertex   -6.647364e-01 -4.334568e-02 7.594923e-02
      vertex   -6.807804e-01 -2.268254e-02 7.856526e-02
      vertex   -6.506610e-01 -1.694874e-02 8.412752e-02
    endloop
  endfacet
  facet normal 6.988724e-01 -3.244382e-01 -6.374302e-01
    outer loop
      vertex   -6.670631e-01 -5.783517e-02 8.077315e-02
      vertex   -6.647364e-01 -4.334568e-02 7.594923e-02
      vertex   -6.481618e-01 -5.961496e-02 1.024022e-01
    endloop
  endfacet
  facet normal 2.492353e-01 7.620813e-01 -5.975901e-01
    outer loop
      vertex   -6.837052e-01 -7.500641e-02 3.706680e-03
      vertex   -6.956980e-01 -6.703381e-02 8.871964e-03
      vertex   -6.837509e-01 -6.445197e-02 1.714723e-02
    endloop
  endfacet
  facet normal -5.339154e-01 7.847114e-01 3.149004e-01
    outer loop
      vertex   7.858722e-02 -1.879564e-03 8.189068e-01
      vertex   8.671889e-02 5.489356e-03 8.143312e-01
      vertex   7.921275e-02 -7.539401e-04 8.171624e-01
    endloop
  endfacet
  facet normal 9.354741e-01 3.065921e-01 -1.757540e-01
    outer loop
      vertex   7.698888e-02 -7.144256e-04 8.340220e-01
      vertex   7.323495e-02 3.426781e-03 8.212654e-01
      vertex   7.791984e-02 -2.201095e-04 8.398395e-01
    endloop
  endfacet
  facet normal -2.233297e-02 8.612522e-02 9.960340e-01
    outer loop
      vertex   2.229816e-02 -9.758072e-02 7.671690e-01
      vertex   2.846662e-02 -9.407032e-02 7.670038e-01
      vertex   2.418687e-02 -9.519800e-02 7.670053e-01
    endloop
  endfacet
  facet normal -4.227458e-01 6.766642e-02 -9.037186e-01
    outer loop
      vertex   3.206314e-02 -9.324354e-02 7.653833e-01
      vertex   1.407028e-02 -1.088107e-01 7.726344e-01
      vertex   2.846662e-02 -9.407032e-02 7.670038e-01
    endloop
  endfacet
  facet normal 8.119658e-01 -5.276045e-01 2.496899e-01
    outer loop
      vertex   2.465520e-02 -9.495775e-02 7.674853e-01
      vertex   1.407028e-02 -1.088107e-01 7.726344e-01
      vertex   2.384185e-02 -9.607318e-02 7.677733e-01
    endloop
  endfacet
  facet normal 6.493624e-01 -7.072022e-01 -2.796311e-01
    outer loop
      vertex   2.418687e-02 -9.519800e-02 7.670053e-01
      vertex   2.465520e-02 -9.495775e-02 7.674853e-01
      vertex   2.370423e-02 -9.578914e-02 7.673795e-01
    endloop
  endfacet
  facet normal 5.961098e-01 -7.539157e-01 2.761598e-01
    outer loop
      vertex   1.973544e-02 -9.930673e-02 7.679888e-01
      vertex   2.229816e-02 -9.758072e-02 7.671690e-01
      vertex   2.235988e-02 -9.731756e-02 7.677542e-01
    endloop
  endfacet
  facet normal 6.580946e-01 -7.527445e-01 1.694751e-02
    outer loop
      vertex   3.206314e-02 -9.324354e-02 7.653833e-01
      vertex   1.450373e-02 -1.079352e-01 7.946927e-01
      vertex   1.407028e-02 -1.088107e-01 7.726344e-01
    endloop
  endfacet
  facet normal 4.543844e-01 -5.949372e-01 -6.630117e-01
    outer loop
      vertex   2.100481e-02 -9.852704e-02 7.681591e-01
      vertex   1.407028e-02 -1.088107e-01 7.726344e-01
      vertex   1.973544e-02 -9.930673e-02 7.679888e-01
    endloop
  endfacet
  facet normal 5.421336e-01 -8.399859e-01 2.268910e-02
    outer loop
      vertex   1.450373e-02 -1.079352e-01 7.946927e-01
      vertex   1.324916e-02 -1.093442e-01 7.725029e-01
      vertex   1.407028e-02 -1.088107e-01 7.726344e-01
    endloop
  endfacet
  facet normal -8.207135e-02 8.975666e-01 4.331726e-01
    outer loop
      vertex   6.838616e-02 1.198038e-01 6.965578e-02
      vertex   2.601769e-02 1.253238e-01 5.019057e-02
      vertex   1.612246e-02 9.801226e-02 1.049074e-01
    endloop
  endfacet
  facet normal -8.494348e-01 5.275578e-01 1.197321e-02
    outer loop
      vertex   2.044335e-01 6.024667e-02 -9.202176e-01
      vertex   1.939634e-01 4.194067e-02 -8.564231e-01
      vertex   2.077059e-01 6.421333e-02 -8.628334e-01
    endloop
  endfacet
  facet normal -2.795155e-01 9.545727e-01 1.032574e-01
    outer loop
      vertex   2.199454e-01 7.313690e-02 -9.121962e-01
      vertex   2.077059e-01 6.421333e-02 -8.628334e-01
      vertex   2.257661e-01 6.917919e-02 -8.598522e-01
    endloop
  endfacet
  facet normal -9.967749e-01 -8.020061e-02 2.768430e-03
    outer loop
      vertex   1.984367e-01 -1.467785e-02 -8.860261e-01
      vertex   1.939634e-01 4.194067e-02 -8.564231e-01
      vertex   1.940011e-01 3.968023e-02 -9.083263e-01
    endloop
  endfacet
  facet normal -9.708559e-01 -1.544149e-01 -1.832890e-01
    outer loop
      vertex   2.001286e-01 2.921086e-03 -9.098139e-01
      vertex   1.984367e-01 -1.467785e-02 -8.860261e-01
      vertex   1.940011e-01 3.968023e-02 -9.083263e-01
    endloop
  endfacet
  facet normal 4.243074e-01 8.959818e-01 1.310722e-01
    outer loop
      vertex   2.620489e-01 4.638977e-02 -8.215233e-01
      vertex   2.628090e-01 5.221256e-02 -8.637872e-01
      vertex   2.257661e-01 6.917919e-02 -8.598522e-01
    endloop
  endfacet
  facet normal 2.376219e-01 -5.000433e-01 -8.327620e-01
    outer loop
      vertex   3.270919e-01 -1.488716e-01 -9.176268e-01
      vertex   3.432520e-01 -1.460086e-01 -9.147348e-01
      vertex   3.285778e-01 -1.545886e-01 -9.137700e-01
    endloop
  endfacet
  facet normal 9.487841e-01 -3.083463e-01 -6.878443e-02
    outer loop
      vertex   3.280844e-01 -1.534872e-01 -9.125903e-01
      vertex   3.205546e-01 -1.750444e-01 -9.198174e-01
      vertex   3.275143e-01 -1.540116e-01 -9.181037e-01
    endloop
  endfacet
  facet normal -8.521833e-01 -5.230756e-01 1.325039e-02
    outer loop
      vertex   3.150293e-01 -1.675781e-01 -9.134253e-01
      vertex   3.184179e-01 -1.732450e-01 -9.191943e-01
      vertex   3.187908e-01 -1.738492e-01 -9.190631e-01
    endloop
  endfacet
  facet normal 1.914409e-01 -4.940189e-01 8.481130e-01
    outer loop
      vertex   2.955641e-01 -1.691174e-01 -9.054444e-01
      vertex   3.128826e-01 -1.635665e-01 -9.061203e-01
      vertex   2.743882e-01 -1.180221e-01 -8.709020e-01
    endloop
  endfacet
  facet normal -7.396990e-01 -6.574236e-01 1.436647e-01
    outer loop
      vertex   3.150293e-01 -1.675781e-01 -9.134253e-01
      vertex   3.128826e-01 -1.635665e-01 -9.061203e-01
      vertex   3.141811e-01 -1.666688e-01 -9.136315e-01
    endloop
  endfacet
  facet normal -6.058053e-01 -5.070551e-01 -6.131028e-01
    outer loop
      vertex   3.205546e-01 -1.750444e-01 -9.198174e-01
      vertex   3.187908e-01 -1.738492e-01 -9.190631e-01
      vertex   3.184179e-01 -1.732450e-01 -9.191943e-01
    endloop
  endfacet
  facet normal -5.203371e-01 -2.575195e-01 -8.142070e-01
    outer loop
      vertex   3.184179e-01 -1.732450e-01 -9.191943e-01
      vertex   3.127311e-01 -1.642049e-01 -9.184193e-01
      vertex   3.132216e-01 -1.641605e-01 -9.187468e-01
    endloop
  endfacet
  facet normal 6.268451e-01 2.454013e-01 -7.394887e-01
    outer loop
      vertex   3.197278e-01 -1.739625e-01 -9.201592e-01
      vertex   3.205546e-01 -1.750444e-01 -9.198174e-01
      vertex   3.201290e-01 -1.745183e-01 -9.200035e-01
    endloop
  endfacet
  facet normal -3.765235e-01 -6.571315e-01 -6.529994e-01
    outer loop
      vertex   3.123961e-01 -1.633517e-01 -9.190847e-01
      vertex   3.132216e-01 -1.641605e-01 -9.187468e-01
      vertex   3.127311e-01 -1.642049e-01 -9.184193e-01
    endloop
  endfacet
  facet normal 8.765887e-01 -2.061565e-01 -4.348468e-01
    outer loop
      vertex   2.982855e-01 -1.750880e-01 -9.173839e-01
      vertex   2.939708e-01 -1.896470e-01 -9.191794e-01
      vertex   2.976074e-01 -1.717750e-01 -9.203215e-01
    endloop
  endfacet
  facet normal 6.298047e-01 -5.323349e-01 5.656550e-01
    outer loop
      vertex   2.988170e-01 -1.770907e-01 -9.127585e-01
      vertex   2.860937e-01 -1.900836e-01 -9.108199e-01
      vertex   2.939708e-01 -1.896470e-01 -9.191794e-01
    endloop
  endfacet
  facet normal -9.024416e-01 -4.303356e-01 2.025858e-02
    outer loop
      vertex   2.853635e-01 -1.884837e-01 -9.093663e-01
      vertex   2.798050e-01 -1.772864e-01 -9.191227e-01
      vertex   2.860937e-01 -1.900836e-01 -9.108199e-01
    endloop
  endfacet
  facet normal 5.497916e-01 -4.316835e-01 7.151074e-01
    outer loop
      vertex   2.860937e-01 -1.900836e-01 -9.108199e-01
      vertex   2.988170e-01 -1.770907e-01 -9.127585e-01
      vertex   2.955641e-01 -1.691174e-01 -9.054444e-01
    endloop
  endfacet
  facet normal 8.360841e-01 -2.607149e-02 5.479815e-01
    outer loop
      vertex   2.786192e-01 -1.787499e-01 -9.121590e-01
      vertex   2.793876e-01 -1.793000e-01 -9.133577e-01
      vertex   2.746119e-01 -1.681561e-01 -9.055409e-01
    endloop
  endfacet
  facet normal 1.341809e-01 -2.536449e-01 -9.579456e-01
    outer loop
      vertex   2.796936e-01 -1.756756e-01 -9.192886e-01
      vertex   2.471995e-01 -1.663093e-01 -9.263201e-01
      vertex   2.798834e-01 -1.457122e-01 -9.271957e-01
    endloop
  endfacet
  facet normal 2.473564e-01 1.030310e-01 -9.634311e-01
    outer loop
      vertex   2.798050e-01 -1.772864e-01 -9.191227e-01
      vertex   2.602105e-01 -1.933068e-01 -9.258667e-01
      vertex   2.471995e-01 -1.663093e-01 -9.263201e-01
    endloop
  endfacet
  facet normal -1.703746e-01 -6.033964e-01 7.790284e-01
    outer loop
      vertex   2.657769e-01 -2.031579e-01 -9.125218e-01
      vertex   2.605058e-01 -1.891288e-01 -9.028083e-01
      vertex   2.551904e-01 -1.903782e-01 -9.049386e-01
    endloop
  endfacet
  facet normal -6.738036e-01 -3.357834e-01 -6.582083e-01
    outer loop
      vertex   2.292160e-01 -1.447088e-01 -9.189299e-01
      vertex   2.471995e-01 -1.663093e-01 -9.263201e-01
      vertex   2.602105e-01 -1.933068e-01 -9.258667e-01
    endloop
  endfacet
  facet normal -8.021402e-01 -5.732456e-01 -1.672145e-01
    outer loop
      vertex   2.439778e-01 -1.752783e-01 -9.098024e-01
      vertex   2.602105e-01 -1.933068e-01 -9.258667e-01
      vertex   2.644879e-01 -2.031843e-01 -9.125233e-01
    endloop
  endfacet
  facet normal -8.251979e-01 -4.849529e-01 -2.896018e-01
    outer loop
      vertex   2.292160e-01 -1.447088e-01 -9.189299e-01
      vertex   2.602105e-01 -1.933068e-01 -9.258667e-01
      vertex   2.439778e-01 -1.752783e-01 -9.098024e-01
    endloop
  endfacet
  facet normal 5.568613e-01 -5.721939e-01 -6.020794e-01
    outer loop
      vertex   2.644879e-01 -2.031843e-01 -9.125233e-01
      vertex   2.602105e-01 -1.933068e-01 -9.258667e-01
      vertex   2.768467e-01 -1.950461e-01 -9.088269e-01
    endloop
  endfacet
  facet normal 8.180428e-03 -8.296592e-01 5.582103e-01
    outer loop
      vertex   2.596040e-01 -1.892399e-01 -9.029603e-01
      vertex   2.557725e-01 -1.903237e-01 -9.045150e-01
      vertex   2.605058e-01 -1.891288e-01 -9.028083e-01
    endloop
  endfacet
  facet normal 7.578971e-03 7.851938e-01 -6.192037e-01
    outer loop
      vertex   2.759944e-01 -1.927078e-01 -9.071572e-01
      vertex   2.596040e-01 -1.892399e-01 -9.029603e-01
      vertex   2.605058e-01 -1.891288e-01 -9.028083e-01
    endloop
  endfacet
  facet normal 1.105908e-01 -5.373356e-01 8.360862e-01
    outer loop
      vertex   2.605058e-01 -1.891288e-01 -9.028083e-01
      vertex   2.657769e-01 -2.031579e-01 -9.125218e-01
      vertex   2.759944e-01 -1.927078e-01 -9.071572e-01
    endloop
  endfacet
  facet normal 1.238547e-01 -5.463367e-01 8.283575e-01
    outer loop
      vertex   2.768467e-01 -1.950461e-01 -9.088269e-01
      vertex   2.759944e-01 -1.927078e-01 -9.071572e-01
      vertex   2.657769e-01 -2.031579e-01 -9.125218e-01
    endloop
  endfacet
  facet normal 9.850483e-01 -1.719096e-01 1.126398e-02
    outer loop
      vertex   2.793876e-01 -1.793000e-01 -9.133577e-01
      vertex   2.793994e-01 -1.793250e-01 -9.147644e-01
      vertex   2.798050e-01 -1.772864e-01 -9.191227e-01
    endloop
  endfacet
  facet normal 1.818819e-01 -2.519788e-01 -9.504871e-01
    outer loop
      vertex   2.796936e-01 -1.756756e-01 -9.192886e-01
      vertex   2.798834e-01 -1.457122e-01 -9.271957e-01
      vertex   3.260629e-01 -1.489987e-01 -9.174877e-01
    endloop
  endfacet
  facet normal -5.485639e-02 1.618652e-01 -9.852870e-01
    outer loop
      vertex   2.796936e-01 -1.756756e-01 -9.192886e-01
      vertex   3.260629e-01 -1.489987e-01 -9.174877e-01
      vertex   3.123961e-01 -1.633517e-01 -9.190847e-01
    endloop
  endfacet
  facet normal 2.559558e-02 -8.296648e-02 -9.962236e-01
    outer loop
      vertex   2.724992e-01 -1.135272e-01 -9.300658e-01
      vertex   2.798834e-01 -1.457122e-01 -9.271957e-01
      vertex   2.471995e-01 -1.663093e-01 -9.263201e-01
    endloop
  endfacet
  facet normal 6.835124e-01 -4.128612e-01 6.019604e-01
    outer loop
      vertex   2.743882e-01 -1.180221e-01 -8.709020e-01
      vertex   2.596040e-01 -1.892399e-01 -9.029603e-01
      vertex   2.746119e-01 -1.681561e-01 -9.055409e-01
    endloop
  endfacet
  facet normal -6.184860e-01 -4.485455e-01 6.451992e-01
    outer loop
      vertex   2.743882e-01 -1.180221e-01 -8.709020e-01
      vertex   2.746119e-01 -1.681561e-01 -9.055409e-01
      vertex   2.853635e-01 -1.884837e-01 -9.093663e-01
    endloop
  endfacet
  facet normal 4.147386e-01 -3.853788e-01 8.243028e-01
    outer loop
      vertex   2.743882e-01 -1.180221e-01 -8.709020e-01
      vertex   2.853635e-01 -1.884837e-01 -9.093663e-01
      vertex   2.955641e-01 -1.691174e-01 -9.054444e-01
    endloop
  endfacet
  facet normal 8.837776e-01 1.252981e-01 4.508188e-01
    outer loop
      vertex   3.336344e-01 -1.070648e-01 -9.067045e-01
      vertex   3.365334e-01 -1.423664e-01 -9.025760e-01
      vertex   3.432520e-01 -1.460086e-01 -9.147348e-01
    endloop
  endfacet
  facet normal 1.891220e-01 -1.691117e-01 -9.672818e-01
    outer loop
      vertex   2.798834e-01 -1.457122e-01 -9.271957e-01
      vertex   3.300240e-01 -1.296582e-01 -9.201990e-01
      vertex   3.305248e-01 -1.305121e-01 -9.199518e-01
    endloop
  endfacet
  facet normal -2.209792e-01 3.675839e-02 -9.745856e-01
    outer loop
      vertex   2.724992e-01 -1.135272e-01 -9.300658e-01
      vertex   2.471995e-01 -1.663093e-01 -9.263201e-01
      vertex   2.228103e-01 -1.176947e-01 -9.189564e-01
    endloop
  endfacet
  facet normal -4.957677e-01 -1.184027e-01 -8.603460e-01
    outer loop
      vertex   2.228103e-01 -1.176947e-01 -9.189564e-01
      vertex   2.471995e-01 -1.663093e-01 -9.263201e-01
      vertex   2.292160e-01 -1.447088e-01 -9.189299e-01
    endloop
  endfacet
  facet normal -6.954333e-01 -3.988929e-01 5.977097e-01
    outer loop
      vertex   2.447049e-01 -9.048414e-02 -8.523674e-01
      vertex   2.201530e-01 -1.268417e-01 -9.051974e-01
      vertex   2.439778e-01 -1.752783e-01 -9.098024e-01
    endloop
  endfacet
  facet normal -2.177665e-01 -5.280625e-03 -9.759866e-01
    outer loop
      vertex   2.228103e-01 -1.176947e-01 -9.189564e-01
      vertex   2.284322e-01 -9.113851e-02 -9.203545e-01
      vertex   2.724992e-01 -1.135272e-01 -9.300658e-01
    endloop
  endfacet
  facet normal -7.150317e-01 -3.747199e-01 5.901819e-01
    outer loop
      vertex   2.201530e-01 -1.268417e-01 -9.051974e-01
      vertex   2.447049e-01 -9.048414e-02 -8.523674e-01
      vertex   2.211586e-01 -8.181158e-02 -8.753884e-01
    endloop
  endfacet
  facet normal 1.544919e-01 -5.253548e-02 -9.865963e-01
    outer loop
      vertex   2.724992e-01 -1.135272e-01 -9.300658e-01
      vertex   3.300240e-01 -1.296582e-01 -9.201990e-01
      vertex   2.798834e-01 -1.457122e-01 -9.271957e-01
    endloop
  endfacet
  facet normal 8.334036e-01 3.156667e-01 4.536440e-01
    outer loop
      vertex   3.061212e-01 -4.042597e-02 -9.025295e-01
      vertex   3.336344e-01 -1.070648e-01 -9.067045e-01
      vertex   3.276229e-01 -7.891333e-02 -9.152497e-01
    endloop
  endfacet
  facet normal 7.862373e-01 6.178197e-01 -1.138588e-02
    outer loop
      vertex   3.057194e-01 -5.110025e-02 -9.185766e-01
      vertex   3.276229e-01 -7.891333e-02 -9.152497e-01
      vertex   2.703911e-01 -6.250844e-03 -9.245127e-01
    endloop
  endfacet
  facet normal 4.733178e-01 -4.162128e-01 7.763615e-01
    outer loop
      vertex   2.712068e-01 -6.093400e-02 -8.383570e-01
      vertex   2.743882e-01 -1.180221e-01 -8.709020e-01
      vertex   3.049115e-01 -1.066502e-01 -8.834143e-01
    endloop
  endfacet
  facet normal 6.232697e-01 -1.308438e-01 7.709830e-01
    outer loop
      vertex   2.952615e-01 -4.634482e-02 -8.653786e-01
      vertex   3.049115e-01 -1.066502e-01 -8.834143e-01
      vertex   3.336344e-01 -1.070648e-01 -9.067045e-01
    endloop
  endfacet
  facet normal 8.844638e-01 3.455223e-01 3.135892e-01
    outer loop
      vertex   3.061212e-01 -4.042597e-02 -9.025295e-01
      vertex   2.952615e-01 -4.634482e-02 -8.653786e-01
      vertex   3.336344e-01 -1.070648e-01 -9.067045e-01
    endloop
  endfacet
  facet normal 1.085498e-01 -7.058762e-02 -9.915817e-01
    outer loop
      vertex   2.340527e-01 -8.383922e-03 -9.283389e-01
      vertex   2.703911e-01 -6.250844e-03 -9.245127e-01
      vertex   2.452042e-01 -6.030836e-02 -9.234217e-01
    endloop
  endfacet
  facet normal -6.760703e-01 -5.579061e-01 4.813208e-01
    outer loop
      vertex   2.307343e-01 -4.329173e-02 -8.172893e-01
      vertex   2.211586e-01 -8.181158e-02 -8.753884e-01
      vertex   2.447049e-01 -9.048414e-02 -8.523674e-01
    endloop
  endfacet
  facet normal 6.568732e-01 4.360066e-01 -6.151551e-01
    outer loop
      vertex   2.801423e-01 -9.221549e-04 -9.103233e-01
      vertex   3.057194e-01 -5.110025e-02 -9.185766e-01
      vertex   2.703911e-01 -6.250844e-03 -9.245127e-01
    endloop
  endfacet
  facet normal -7.590816e-01 -4.373693e-01 -4.821858e-01
    outer loop
      vertex   2.001286e-01 2.921086e-03 -9.098139e-01
      vertex   2.113818e-01 -5.030806e-03 -9.203165e-01
      vertex   2.452042e-01 -6.030836e-02 -9.234217e-01
    endloop
  endfacet
  facet normal -9.479257e-01 -3.079623e-01 8.121616e-02
    outer loop
      vertex   2.036685e-01 -1.830800e-02 -8.387278e-01
      vertex   1.984367e-01 -1.467785e-02 -8.860261e-01
      vertex   2.211586e-01 -8.181158e-02 -8.753884e-01
    endloop
  endfacet
  facet normal 8.739074e-02 -4.896820e-01 8.675105e-01
    outer loop
      vertex   2.447049e-01 -9.048414e-02 -8.523674e-01
      vertex   2.743882e-01 -1.180221e-01 -8.709020e-01
      vertex   2.712068e-01 -6.093400e-02 -8.383570e-01
    endloop
  endfacet
  facet normal 9.096810e-01 3.804978e-01 -1.664389e-01
    outer loop
      vertex   2.801423e-01 -9.221549e-04 -9.103233e-01
      vertex   2.560156e-01 5.451378e-02 -9.154565e-01
      vertex   2.734387e-01 2.976227e-02 -8.768143e-01
    endloop
  endfacet
  facet normal 8.627083e-01 4.871742e-01 -1.356306e-01
    outer loop
      vertex   2.734387e-01 2.976227e-02 -8.768143e-01
      vertex   2.464483e-01 7.060411e-02 -9.017921e-01
      vertex   2.628090e-01 5.221256e-02 -8.637872e-01
    endloop
  endfacet
  facet normal -3.407586e-01 -5.904469e-02 -9.382949e-01
    outer loop
      vertex   2.113818e-01 -5.030806e-03 -9.203165e-01
      vertex   2.326746e-01 2.624769e-02 -9.300177e-01
      vertex   2.340527e-01 -8.383922e-03 -9.283389e-01
    endloop
  endfacet
  facet normal -8.236977e-01 -5.650154e-01 4.774616e-02
    outer loop
      vertex   1.873514e-01 3.720397e-03 -8.595464e-01
      vertex   1.984367e-01 -1.467785e-02 -8.860261e-01
      vertex   2.036685e-01 -1.830800e-02 -8.387278e-01
    endloop
  endfacet
  facet normal 8.999594e-01 3.048793e-01 3.116436e-01
    outer loop
      vertex   2.734387e-01 2.976227e-02 -8.768143e-01
      vertex   2.952615e-01 -4.634482e-02 -8.653786e-01
      vertex   3.061212e-01 -4.042597e-02 -9.025295e-01
    endloop
  endfacet
  facet normal 8.262992e-01 4.878722e-01 -2.814432e-01
    outer loop
      vertex   3.061212e-01 -4.042597e-02 -9.025295e-01
      vertex   2.801423e-01 -9.221549e-04 -9.103233e-01
      vertex   2.734387e-01 2.976227e-02 -8.768143e-01
    endloop
  endfacet
  facet normal 8.783636e-01 4.691097e-01 -9.172486e-02
    outer loop
      vertex   2.746376e-01 3.487224e-02 -8.391994e-01
      vertex   2.734387e-01 2.976227e-02 -8.768143e-01
      vertex   2.628090e-01 5.221256e-02 -8.637872e-01
    endloop
  endfacet
  facet normal -9.846582e-01 1.724961e-01 -2.633195e-02
    outer loop
      vertex   1.879648e-01 1.507767e-02 -8.080845e-01
      vertex   1.939634e-01 4.194067e-02 -8.564231e-01
      vertex   1.873514e-01 3.720397e-03 -8.595464e-01
    endloop
  endfacet
  facet normal -8.496060e-01 -5.128031e-01 1.232989e-01
    outer loop
      vertex   1.879648e-01 1.507767e-02 -8.080845e-01
      vertex   1.873514e-01 3.720397e-03 -8.595464e-01
      vertex   2.036685e-01 -1.830800e-02 -8.387278e-01
    endloop
  endfacet
  facet normal -1.557352e-01 -6.185570e-01 7.701518e-01
    outer loop
      vertex   2.516846e-01 -3.008358e-02 -8.024446e-01
      vertex   2.307343e-01 -4.329173e-02 -8.172893e-01
      vertex   2.447049e-01 -9.048414e-02 -8.523674e-01
    endloop
  endfacet
  facet normal 5.038996e-01 8.630183e-01 -3.584184e-02
    outer loop
      vertex   2.315651e-01 7.031629e-02 -7.509452e-01
      vertex   2.458424e-01 6.032104e-02 -7.908912e-01
      vertex   2.257661e-01 6.917919e-02 -8.598522e-01
    endloop
  endfacet
  facet normal -2.640600e-01 9.644817e-01 -6.877889e-03
    outer loop
      vertex   2.006815e-01 6.294154e-02 -7.714895e-01
      vertex   2.257661e-01 6.917919e-02 -8.598522e-01
      vertex   2.077059e-01 6.421333e-02 -8.628334e-01
    endloop
  endfacet
  facet normal 7.524885e-01 -6.359507e-01 1.712539e-01
    outer loop
      vertex   2.516846e-01 -3.008358e-02 -8.024446e-01
      vertex   2.735023e-01 -9.059411e-03 -8.202380e-01
      vertex   2.637644e-01 -8.205122e-03 -7.742777e-01
    endloop
  endfacet
  facet normal 9.991374e-01 -8.255058e-03 4.069882e-02
    outer loop
      vertex   2.686291e-01 -9.046569e-04 -6.989507e-01
      vertex   2.735023e-01 -9.059411e-03 -8.202380e-01
      vertex   2.746376e-01 3.487224e-02 -8.391994e-01
    endloop
  endfacet
  facet normal 9.974281e-01 -6.692317e-02 2.565960e-02
    outer loop
      vertex   2.716564e-01 3.669531e-02 -7.185608e-01
      vertex   2.686291e-01 -9.046569e-04 -6.989507e-01
      vertex   2.746376e-01 3.487224e-02 -8.391994e-01
    endloop
  endfacet
  facet normal 5.892039e-01 -7.407518e-01 3.226849e-01
    outer loop
      vertex   2.516846e-01 -3.008358e-02 -8.024446e-01
      vertex   2.637644e-01 -8.205122e-03 -7.742777e-01
      vertex   2.373190e-01 -2.641045e-02 -7.677818e-01
    endloop
  endfacet
  facet normal -8.628945e-01 5.022785e-01 -5.594126e-02
    outer loop
      vertex   1.774844e-01 2.728487e-02 -7.338237e-01
      vertex   2.006815e-01 6.294154e-02 -7.714895e-01
      vertex   1.939634e-01 4.194067e-02 -8.564231e-01
    endloop
  endfacet
  facet normal -9.852119e-01 -1.235283e-01 -1.187365e-01
    outer loop
      vertex   1.774844e-01 2.728487e-02 -7.338237e-01
      vertex   1.879648e-01 1.507767e-02 -8.080845e-01
      vertex   1.768830e-01 -1.567517e-02 -6.841395e-01
    endloop
  endfacet
  facet normal -7.627500e-01 -6.084261e-01 -2.191577e-01
    outer loop
      vertex   1.879648e-01 1.507767e-02 -8.080845e-01
      vertex   1.980163e-01 -2.042825e-02 -7.444957e-01
      vertex   1.768830e-01 -1.567517e-02 -6.841395e-01
    endloop
  endfacet
  facet normal 9.419099e-01 3.310414e-01 -5.672082e-02
    outer loop
      vertex   2.620489e-01 4.638977e-02 -8.215233e-01
      vertex   2.683631e-01 5.420752e-02 -6.710421e-01
      vertex   2.716564e-01 3.669531e-02 -7.185608e-01
    endloop
  endfacet
  facet normal 5.326398e-01 -8.309865e-01 -1.604876e-01
    outer loop
      vertex   2.373190e-01 -2.641045e-02 -7.677818e-01
      vertex   2.637644e-01 -8.205122e-03 -7.742777e-01
      vertex   2.246671e-01 -6.057744e-02 -6.328594e-01
    endloop
  endfacet
  facet normal 9.131206e-01 -4.072229e-01 -1.950333e-02
    outer loop
      vertex   2.506949e-01 -4.386190e-02 -6.416743e-01
      vertex   2.637644e-01 -8.205122e-03 -7.742777e-01
      vertex   2.686291e-01 -9.046569e-04 -6.989507e-01
    endloop
  endfacet
  facet normal 3.796882e-01 9.202689e-01 -9.456212e-02
    outer loop
      vertex   2.458424e-01 6.032104e-02 -7.908912e-01
      vertex   2.315651e-01 7.031629e-02 -7.509452e-01
      vertex   2.491019e-01 7.139315e-02 -6.700510e-01
    endloop
  endfacet
  facet normal 2.022684e-01 9.776779e-01 -5.686404e-02
    outer loop
      vertex   2.491019e-01 7.139315e-02 -6.700510e-01
      vertex   2.315651e-01 7.031629e-02 -7.509452e-01
      vertex   2.017081e-01 8.273316e-02 -6.436616e-01
    endloop
  endfacet
  facet normal -4.165174e-01 8.989227e-01 -1.358353e-01
    outer loop
      vertex   2.017081e-01 8.273316e-02 -6.436616e-01
      vertex   2.006815e-01 6.294154e-02 -7.714895e-01
      vertex   1.827765e-01 6.901358e-02 -6.764035e-01
    endloop
  endfacet
  facet normal -7.101565e-01 6.813701e-01 -1.772359e-01
    outer loop
      vertex   1.827765e-01 6.901358e-02 -6.764035e-01
      vertex   2.006815e-01 6.294154e-02 -7.714895e-01
      vertex   1.728832e-01 5.719111e-02 -6.822130e-01
    endloop
  endfacet
  facet normal -9.117658e-01 3.148497e-01 -2.637286e-01
    outer loop
      vertex   1.548270e-01 2.360965e-02 -6.598799e-01
      vertex   1.728832e-01 5.719111e-02 -6.822130e-01
      vertex   1.774844e-01 2.728487e-02 -7.338237e-01
    endloop
  endfacet
  facet normal 1.682213e-01 9.786114e-01 -1.184116e-01
    outer loop
      vertex   2.291241e-01 7.849620e-02 -6.397295e-01
      vertex   2.491019e-01 7.139315e-02 -6.700510e-01
      vertex   2.017081e-01 8.273316e-02 -6.436616e-01
    endloop
  endfacet
  facet normal -7.029266e-01 -6.848027e-01 -1.921962e-01
    outer loop
      vertex   1.768830e-01 -1.567517e-02 -6.841395e-01
      vertex   1.980163e-01 -2.042825e-02 -7.444957e-01
      vertex   2.069221e-01 -4.624690e-02 -6.850747e-01
    endloop
  endfacet
  facet normal -4.732727e-02 -9.672489e-01 -2.493784e-01
    outer loop
      vertex   2.069221e-01 -4.624690e-02 -6.850747e-01
      vertex   2.373190e-01 -2.641045e-02 -7.677818e-01
      vertex   2.246671e-01 -6.057744e-02 -6.328594e-01
    endloop
  endfacet
  facet normal 9.651809e-01 -2.608485e-01 -1.959497e-02
    outer loop
      vertex   2.671131e-01 -1.609206e-02 -5.714482e-01
      vertex   2.686291e-01 -9.046569e-04 -6.989507e-01
      vertex   2.771427e-01 2.499665e-02 -6.244010e-01
    endloop
  endfacet
  facet normal 7.998670e-01 5.948637e-01 -7.968622e-02
    outer loop
      vertex   2.605501e-01 6.769655e-02 -5.827328e-01
      vertex   2.728591e-01 4.963951e-02 -5.939756e-01
      vertex   2.491019e-01 7.139315e-02 -6.700510e-01
    endloop
  endfacet
  facet normal -6.832178e-01 6.896562e-01 -2.399744e-01
    outer loop
      vertex   1.728832e-01 5.719111e-02 -6.822130e-01
      vertex   1.722509e-01 8.116191e-02 -6.115238e-01
      vertex   1.827765e-01 6.901358e-02 -6.764035e-01
    endloop
  endfacet
  facet normal -2.913122e-01 9.306280e-01 -2.215148e-01
    outer loop
      vertex   2.017081e-01 8.273316e-02 -6.436616e-01
      vertex   1.827765e-01 6.901358e-02 -6.764035e-01
      vertex   1.722509e-01 8.116191e-02 -6.115238e-01
    endloop
  endfacet
  facet normal -9.388957e-01 -1.750098e-01 -2.963890e-01
    outer loop
      vertex   1.469006e-01 -2.464375e-02 -6.062785e-01
      vertex   1.548270e-01 2.360965e-02 -6.598799e-01
      vertex   1.774844e-01 2.728487e-02 -7.338237e-01
    endloop
  endfacet
  facet normal -8.323620e-01 -4.142182e-01 -3.682346e-01
    outer loop
      vertex   1.469006e-01 -2.464375e-02 -6.062785e-01
      vertex   1.774844e-01 2.728487e-02 -7.338237e-01
      vertex   1.768830e-01 -1.567517e-02 -6.841395e-01
    endloop
  endfacet
  facet normal 5.881193e-01 8.076347e-01 -4.291659e-02
    outer loop
      vertex   2.605501e-01 6.769655e-02 -5.827328e-01
      vertex   2.491019e-01 7.139315e-02 -6.700510e-01
      vertex   2.376717e-01 8.417694e-02 -5.861135e-01
    endloop
  endfacet
  facet normal 1.696841e-01 9.768136e-01 -1.305473e-01
    outer loop
      vertex   2.376717e-01 8.417694e-02 -5.861135e-01
      vertex   2.291241e-01 7.849620e-02 -6.397295e-01
      vertex   2.017081e-01 8.273316e-02 -6.436616e-01
    endloop
  endfacet
  facet normal -9.320372e-01 2.027471e-01 -3.003337e-01
    outer loop
      vertex   1.341118e-01 1.825680e-02 -5.992070e-01
      vertex   1.430798e-01 4.810882e-02 -6.068855e-01
      vertex   1.548270e-01 2.360965e-02 -6.598799e-01
    endloop
  endfacet
  facet normal 9.801370e-01 -1.953787e-01 3.403913e-02
    outer loop
      vertex   2.749727e-01 2.665783e-02 -5.523818e-01
      vertex   2.671131e-01 -1.609206e-02 -5.714482e-01
      vertex   2.771427e-01 2.499665e-02 -6.244010e-01
    endloop
  endfacet
  facet normal -9.173970e-01 -2.186707e-01 -3.325146e-01
    outer loop
      vertex   1.341118e-01 1.825680e-02 -5.992070e-01
      vertex   1.548270e-01 2.360965e-02 -6.598799e-01
      vertex   1.469006e-01 -2.464375e-02 -6.062785e-01
    endloop
  endfacet
  facet normal -7.007814e-01 -6.260693e-01 -3.419687e-01
    outer loop
      vertex   1.720936e-01 -5.752354e-02 -5.977098e-01
      vertex   1.469006e-01 -2.464375e-02 -6.062785e-01
      vertex   1.768830e-01 -1.567517e-02 -6.841395e-01
    endloop
  endfacet
  facet normal 8.631428e-01 4.632255e-01 2.010142e-01
    outer loop
      vertex   2.498153e-01 6.859129e-02 -5.387001e-01
      vertex   2.728591e-01 4.963951e-02 -5.939756e-01
      vertex   2.605501e-01 6.769655e-02 -5.827328e-01
    endloop
  endfacet
  facet normal 4.549257e-01 8.739998e-01 1.707832e-01
    outer loop
      vertex   2.206188e-01 8.584402e-02 -5.492202e-01
      vertex   2.498153e-01 6.859129e-02 -5.387001e-01
      vertex   2.376717e-01 8.417694e-02 -5.861135e-01
    endloop
  endfacet
  facet normal -9.601788e-01 2.695794e-01 -7.337356e-02
    outer loop
      vertex   1.430798e-01 4.810882e-02 -6.068855e-01
      vertex   1.341118e-01 1.825680e-02 -5.992070e-01
      vertex   1.306356e-01 1.500700e-02 -5.656577e-01
    endloop
  endfacet
  facet normal 9.061005e-01 -4.206069e-01 -4.551538e-02
    outer loop
      vertex   2.419756e-01 -7.455044e-02 -5.316632e-01
      vertex   2.506949e-01 -4.386190e-02 -6.416743e-01
      vertex   2.671131e-01 -1.609206e-02 -5.714482e-01
    endloop
  endfacet
  facet normal 9.115782e-01 3.777047e-01 1.623710e-01
    outer loop
      vertex   2.655374e-01 3.855745e-02 -5.270913e-01
      vertex   2.749727e-01 2.665783e-02 -5.523818e-01
      vertex   2.728591e-01 4.963951e-02 -5.939756e-01
    endloop
  endfacet
  facet normal 8.423395e-01 5.091994e-01 1.765789e-01
    outer loop
      vertex   2.655374e-01 3.855745e-02 -5.270913e-01
      vertex   2.728591e-01 4.963951e-02 -5.939756e-01
      vertex   2.498153e-01 6.859129e-02 -5.387001e-01
    endloop
  endfacet
  facet normal -4.783843e-02 9.848088e-01 1.669228e-01
    outer loop
      vertex   2.206188e-01 8.584402e-02 -5.492202e-01
      vertex   1.974303e-01 9.042859e-02 -5.829138e-01
      vertex   1.845362e-01 8.126277e-02 -5.325327e-01
    endloop
  endfacet
  facet normal -9.266185e-01 3.576894e-01 1.159154e-01
    outer loop
      vertex   1.306356e-01 1.500700e-02 -5.656577e-01
      vertex   1.447290e-01 3.537090e-02 -5.158347e-01
      vertex   1.481396e-01 6.302011e-02 -5.738898e-01
    endloop
  endfacet
  facet normal -7.538174e-01 -6.279833e-01 -1.933813e-01
    outer loop
      vertex   1.720936e-01 -5.752354e-02 -5.977098e-01
      vertex   1.432601e-01 -4.783087e-02 -5.167900e-01
      vertex   1.469006e-01 -2.464375e-02 -6.062785e-01
    endloop
  endfacet
  facet normal -4.675794e-01 -8.640020e-01 -1.867353e-01
    outer loop
      vertex   1.720936e-01 -5.752354e-02 -5.977098e-01
      vertex   1.949255e-01 -6.915000e-02 -6.010859e-01
      vertex   1.785752e-01 -7.481310e-02 -5.339427e-01
    endloop
  endfacet
  facet normal -8.188769e-01 -5.466547e-01 -1.749551e-01
    outer loop
      vertex   1.469006e-01 -2.464375e-02 -6.062785e-01
      vertex   1.432601e-01 -4.783087e-02 -5.167900e-01
      vertex   1.333029e-01 -1.831739e-02 -5.624016e-01
    endloop
  endfacet
  facet normal 4.827112e-01 -8.539966e-01 -1.941128e-01
    outer loop
      vertex   2.246671e-01 -6.057744e-02 -6.328594e-01
      vertex   2.506949e-01 -4.386190e-02 -6.416743e-01
      vertex   2.220753e-01 -8.602291e-02 -5.273574e-01
    endloop
  endfacet
  facet normal 7.969531e-01 2.981547e-01 5.253280e-01
    outer loop
      vertex   2.405688e-01 1.370693e-02 -4.751084e-01
      vertex   2.655374e-01 3.855745e-02 -5.270913e-01
      vertex   2.447650e-01 4.527856e-02 -4.993931e-01
    endloop
  endfacet
  facet normal 3.660442e-01 8.501886e-01 3.784058e-01
    outer loop
      vertex   2.498153e-01 6.859129e-02 -5.387001e-01
      vertex   2.206188e-01 8.584402e-02 -5.492202e-01
      vertex   2.025429e-01 6.791734e-02 -4.914577e-01
    endloop
  endfacet
  facet normal 2.792060e-01 9.146190e-01 2.924315e-01
    outer loop
      vertex   2.254158e-01 6.047218e-02 -4.900105e-01
      vertex   2.498153e-01 6.859129e-02 -5.387001e-01
      vertex   2.025429e-01 6.791734e-02 -4.914577e-01
    endloop
  endfacet
  facet normal 3.051304e-02 -9.718432e-01 -2.336443e-01
    outer loop
      vertex   2.220753e-01 -8.602291e-02 -5.273574e-01
      vertex   1.949255e-01 -6.915000e-02 -6.010859e-01
      vertex   2.246671e-01 -6.057744e-02 -6.328594e-01
    endloop
  endfacet
  facet normal -2.313296e-01 8.909026e-01 3.908697e-01
    outer loop
      vertex   2.025429e-01 6.791734e-02 -4.914577e-01
      vertex   1.845362e-01 8.126277e-02 -5.325327e-01
      vertex   1.765658e-01 5.432385e-02 -4.758485e-01
    endloop
  endfacet
  facet normal -7.370711e-01 6.056996e-01 2.997568e-01
    outer loop
      vertex   1.765658e-01 5.432385e-02 -4.758485e-01
      vertex   1.634182e-01 7.427294e-02 -5.484868e-01
      vertex   1.447290e-01 3.537090e-02 -5.158347e-01
    endloop
  endfacet
  facet normal -9.964539e-01 -8.171645e-02 -2.004898e-02
    outer loop
      vertex   1.314231e-01 -1.138224e-02 -4.972377e-01
      vertex   1.306356e-01 1.500700e-02 -5.656577e-01
      vertex   1.333029e-01 -1.831739e-02 -5.624016e-01
    endloop
  endfacet
  facet normal -6.429428e-01 -7.532190e-01 -1.388733e-01
    outer loop
      vertex   1.432601e-01 -4.783087e-02 -5.167900e-01
      vertex   1.720936e-01 -5.752354e-02 -5.977098e-01
      vertex   1.785752e-01 -7.481310e-02 -5.339427e-01
    endloop
  endfacet
  facet normal 9.679857e-01 -1.475270e-01 2.030750e-01
    outer loop
      vertex   2.444260e-01 -1.207269e-02 -4.445688e-01
      vertex   2.465449e-01 -6.915139e-02 -4.961349e-01
      vertex   2.592788e-01 -5.796816e-03 -5.108080e-01
    endloop
  endfacet
  facet normal 9.996169e-01 2.230505e-02 1.638680e-02
    outer loop
      vertex   2.444260e-01 -1.207269e-02 -4.445688e-01
      vertex   2.456901e-01 -6.743585e-02 -4.463225e-01
      vertex   2.465449e-01 -6.915139e-02 -4.961349e-01
    endloop
  endfacet
  facet normal 8.801399e-01 4.116885e-01 2.363605e-01
    outer loop
      vertex   2.405688e-01 1.370693e-02 -4.751084e-01
      vertex   2.444260e-01 -1.207269e-02 -4.445688e-01
      vertex   2.592788e-01 -5.796816e-03 -5.108080e-01
    endloop
  endfacet
  facet normal -9.305744e-01 3.288459e-01 1.609087e-01
    outer loop
      vertex   1.314231e-01 -1.138224e-02 -4.972377e-01
      vertex   1.473811e-01 1.587563e-02 -4.606548e-01
      vertex   1.447290e-01 3.537090e-02 -5.158347e-01
    endloop
  endfacet
  facet normal 9.775823e-01 2.046952e-01 4.932242e-02
    outer loop
      vertex   2.439843e-01 -1.136072e-02 -4.387688e-01
      vertex   2.444260e-01 -1.207269e-02 -4.445688e-01
      vertex   2.405688e-01 1.370693e-02 -4.751084e-01
    endloop
  endfacet
  facet normal 7.780591e-01 3.147569e-01 5.436471e-01
    outer loop
      vertex   2.086325e-01 3.440077e-02 -4.413828e-01
      vertex   2.405688e-01 1.370693e-02 -4.751084e-01
      vertex   2.447650e-01 4.527856e-02 -4.993931e-01
    endloop
  endfacet
  facet normal 6.695045e-01 5.333421e-01 5.170203e-01
    outer loop
      vertex   2.086325e-01 3.440077e-02 -4.413828e-01
      vertex   2.447650e-01 4.527856e-02 -4.993931e-01
      vertex   2.254158e-01 6.047218e-02 -4.900105e-01
    endloop
  endfacet
  facet normal 2.342225e-01 8.208383e-01 5.209265e-01
    outer loop
      vertex   2.086325e-01 3.440077e-02 -4.413828e-01
      vertex   2.254158e-01 6.047218e-02 -4.900105e-01
      vertex   2.025429e-01 6.791734e-02 -4.914577e-01
    endloop
  endfacet
  facet normal -9.506855e-01 -1.693585e-01 -2.598362e-01
    outer loop
      vertex   1.432601e-01 -4.783087e-02 -5.167900e-01
      vertex   1.112322e-01 -1.784469e-02 -4.191512e-01
      vertex   1.314231e-01 -1.138224e-02 -4.972377e-01
    endloop
  endfacet
  facet normal -7.411755e-01 -5.801514e-01 -3.377621e-01
    outer loop
      vertex   1.496216e-01 -9.548269e-02 -4.349050e-01
      vertex   1.372500e-01 -6.237445e-02 -4.646250e-01
      vertex   1.785752e-01 -7.481310e-02 -5.339427e-01
    endloop
  endfacet
  facet normal -4.805626e-01 -8.197438e-01 -3.115761e-01
    outer loop
      vertex   1.928580e-01 -1.019543e-01 -4.845646e-01
      vertex   1.496216e-01 -9.548269e-02 -4.349050e-01
      vertex   1.785752e-01 -7.481310e-02 -5.339427e-01
    endloop
  endfacet
  facet normal -4.785207e-01 -8.217064e-01 -3.095426e-01
    outer loop
      vertex   1.496216e-01 -9.548269e-02 -4.349050e-01
      vertex   1.928580e-01 -1.019543e-01 -4.845646e-01
      vertex   1.548079e-01 -1.108606e-01 -4.021006e-01
    endloop
  endfacet
  facet normal 1.900212e-01 9.017671e-01 -3.882113e-01
    outer loop
      vertex   1.750648e-01 3.965679e-02 -4.456044e-01
      vertex   1.868196e-01 5.945565e-02 -3.938603e-01
      vertex   2.086325e-01 3.440077e-02 -4.413828e-01
    endloop
  endfacet
  facet normal -7.580723e-01 6.362182e-01 -1.433623e-01
    outer loop
      vertex   1.112322e-01 -1.784469e-02 -4.191512e-01
      vertex   1.473811e-01 1.587563e-02 -4.606548e-01
      vertex   1.314231e-01 -1.138224e-02 -4.972377e-01
    endloop
  endfacet
  facet normal -9.218848e-01 -3.279946e-01 -2.062716e-01
    outer loop
      vertex   1.230862e-01 -4.432173e-02 -4.300285e-01
      vertex   1.112322e-01 -1.784469e-02 -4.191512e-01
      vertex   1.372500e-01 -6.237445e-02 -4.646250e-01
    endloop
  endfacet
  facet normal -1.750481e-01 -9.703851e-01 -1.664661e-01
    outer loop
      vertex   2.106071e-01 -1.146055e-01 -4.389462e-01
      vertex   1.548079e-01 -1.108606e-01 -4.021006e-01
      vertex   2.111787e-01 -1.092163e-01 -4.709624e-01
    endloop
  endfacet
  facet normal 5.727574e-01 -8.127089e-01 1.070198e-01
    outer loop
      vertex   2.110599e-01 -1.096393e-01 -4.036561e-01
      vertex   2.106071e-01 -1.146055e-01 -4.389462e-01
      vertex   2.310944e-01 -1.027043e-01 -4.582140e-01
    endloop
  endfacet
  facet normal -9.399552e-01 -1.494156e-01 -3.068537e-01
    outer loop
      vertex   1.144319e-01 -8.102795e-02 -3.856455e-01
      vertex   1.230862e-01 -4.432173e-02 -4.300285e-01
      vertex   1.372500e-01 -6.237445e-02 -4.646250e-01
    endloop
  endfacet
  facet normal -8.398350e-02 -9.961294e-01 -2.594050e-02
    outer loop
      vertex   1.548079e-01 -1.108606e-01 -4.021006e-01
      vertex   2.106071e-01 -1.146055e-01 -4.389462e-01
      vertex   1.752779e-01 -1.130205e-01 -3.854319e-01
    endloop
  endfacet
  facet normal 9.850694e-01 1.706560e-02 1.713099e-01
    outer loop
      vertex   2.456901e-01 -6.743585e-02 -4.463225e-01
      vertex   2.444260e-01 -1.207269e-02 -4.445688e-01
      vertex   2.379429e-01 -7.342865e-02 -4.011777e-01
    endloop
  endfacet
  facet normal -7.820878e-02 9.369054e-01 -3.407223e-01
    outer loop
      vertex   1.604416e-01 6.156305e-02 -3.820107e-01
      vertex   1.868196e-01 5.945565e-02 -3.938603e-01
      vertex   1.750648e-01 3.965679e-02 -4.456044e-01
    endloop
  endfacet
  facet normal -8.814206e-01 -2.237226e-01 -4.159879e-01
    outer loop
      vertex   9.724140e-02 -4.908556e-02 -3.727051e-01
      vertex   1.112322e-01 -1.784469e-02 -4.191512e-01
      vertex   1.230862e-01 -4.432173e-02 -4.300285e-01
    endloop
  endfacet
  facet normal -7.071728e-01 -6.303757e-01 -3.202080e-01
    outer loop
      vertex   1.071973e-01 -9.854961e-02 -3.351741e-01
      vertex   1.144319e-01 -8.102795e-02 -3.856455e-01
      vertex   1.496216e-01 -9.548269e-02 -4.349050e-01
    endloop
  endfacet
  facet normal -5.781273e-01 -7.701160e-01 -2.696109e-01
    outer loop
      vertex   1.548079e-01 -1.108606e-01 -4.021006e-01
      vertex   1.071973e-01 -9.854961e-02 -3.351741e-01
      vertex   1.496216e-01 -9.548269e-02 -4.349050e-01
    endloop
  endfacet
  facet normal 2.336176e-01 -9.292254e-01 2.862917e-01
    outer loop
      vertex   2.138136e-01 -9.708254e-02 -3.651473e-01
      vertex   1.752779e-01 -1.130205e-01 -3.854319e-01
      vertex   2.110599e-01 -1.096393e-01 -4.036561e-01
    endloop
  endfacet
  facet normal 4.171313e-01 -9.052108e-01 -8.120879e-02
    outer loop
      vertex   1.862299e-01 -1.158529e-01 -2.976040e-01
      vertex   1.752779e-01 -1.130205e-01 -3.854319e-01
      vertex   2.138136e-01 -9.708254e-02 -3.651473e-01
    endloop
  endfacet
  facet normal 3.030223e-01 -9.505227e-01 -6.844075e-02
    outer loop
      vertex   1.436057e-01 -1.307269e-01 -2.797493e-01
      vertex   1.752779e-01 -1.130205e-01 -3.854319e-01
      vertex   1.862299e-01 -1.158529e-01 -2.976040e-01
    endloop
  endfacet
  facet normal 9.699203e-01 2.433161e-01 -7.209444e-03
    outer loop
      vertex   2.385091e-01 1.175046e-02 -2.907461e-01
      vertex   2.490470e-01 -3.044474e-02 -2.970945e-01
      vertex   2.487302e-01 -3.112586e-02 -3.627134e-01
    endloop
  endfacet
  facet normal 8.833830e-01 4.574491e-01 -1.018564e-01
    outer loop
      vertex   2.187383e-01 6.150127e-02 -3.304905e-01
      vertex   2.271948e-01 5.238183e-02 -2.981052e-01
      vertex   2.439843e-01 -1.136072e-02 -4.387688e-01
    endloop
  endfacet
  facet normal -7.966702e-02 9.356758e-01 -3.437498e-01
    outer loop
      vertex   1.604416e-01 6.156305e-02 -3.820107e-01
      vertex   1.850151e-01 9.279013e-02 -3.027068e-01
      vertex   1.868196e-01 5.945565e-02 -3.938603e-01
    endloop
  endfacet
  facet normal -7.626776e-01 5.285574e-01 -3.727599e-01
    outer loop
      vertex   8.550537e-02 3.004880e-02 -3.072717e-01
      vertex   1.288013e-01 6.054689e-02 -3.526116e-01
      vertex   1.261488e-01 1.632700e-02 -4.098863e-01
    endloop
  endfacet
  facet normal -8.303862e-01 4.170614e-01 -3.694842e-01
    outer loop
      vertex   7.393629e-02 -2.057563e-02 -3.384143e-01
      vertex   8.550537e-02 3.004880e-02 -3.072717e-01
      vertex   1.112322e-01 -1.784469e-02 -4.191512e-01
    endloop
  endfacet
  facet normal -8.873483e-01 -3.616777e-01 -2.860108e-01
    outer loop
      vertex   1.144319e-01 -8.102795e-02 -3.856455e-01
      vertex   7.955412e-02 -8.701581e-02 -2.698652e-01
      vertex   9.724140e-02 -4.908556e-02 -3.727051e-01
    endloop
  endfacet
  facet normal 7.972472e-01 -6.035895e-01 8.752191e-03
    outer loop
      vertex   2.395251e-01 -7.809390e-02 -3.380725e-01
      vertex   2.489345e-01 -6.539607e-02 -3.194839e-01
      vertex   2.317543e-01 -8.694747e-02 -2.407942e-01
    endloop
  endfacet
  facet normal -5.578226e-02 9.199364e-01 -3.880790e-01
    outer loop
      vertex   1.589637e-01 9.777226e-02 -2.959648e-01
      vertex   1.604416e-01 6.156305e-02 -3.820107e-01
      vertex   1.421601e-01 8.750252e-02 -3.178938e-01
    endloop
  endfacet
  facet normal 5.007295e-01 8.334177e-01 -2.338481e-01
    outer loop
      vertex   2.187383e-01 6.150127e-02 -3.304905e-01
      vertex   2.061783e-01 6.097042e-02 -3.592766e-01
      vertex   1.981462e-01 8.788233e-02 -2.805635e-01
    endloop
  endfacet
  facet normal -5.748533e-01 7.385598e-01 -3.522401e-01
    outer loop
      vertex   1.096295e-01 7.904212e-02 -2.825434e-01
      vertex   1.421601e-01 8.750252e-02 -3.178938e-01
      vertex   1.288013e-01 6.054689e-02 -3.526116e-01
    endloop
  endfacet
  facet normal -8.649936e-01 3.910796e-01 -3.143928e-01
    outer loop
      vertex   7.393629e-02 -2.057563e-02 -3.384143e-01
      vertex   5.113459e-02 -1.299110e-02 -2.662451e-01
      vertex   8.550537e-02 3.004880e-02 -3.072717e-01
    endloop
  endfacet
  facet normal -4.697150e-01 8.528306e-01 -2.281397e-01
    outer loop
      vertex   1.096295e-01 7.904212e-02 -2.825434e-01
      vertex   1.280073e-01 9.721452e-02 -2.524493e-01
      vertex   1.421601e-01 8.750252e-02 -3.178938e-01
    endloop
  endfacet
  facet normal -7.568090e-01 5.505110e-01 -3.523886e-01
    outer loop
      vertex   8.550537e-02 3.004880e-02 -3.072717e-01
      vertex   1.096295e-01 7.904212e-02 -2.825434e-01
      vertex   1.288013e-01 6.054689e-02 -3.526116e-01
    endloop
  endfacet
  facet normal -6.800226e-01 -6.421750e-01 -3.538085e-01
    outer loop
      vertex   5.882261e-02 -7.167806e-02 -2.578577e-01
      vertex   9.724140e-02 -4.908556e-02 -3.727051e-01
      vertex   7.955412e-02 -8.701581e-02 -2.698652e-01
    endloop
  endfacet
  facet normal 8.367773e-01 5.408314e-01 8.547041e-02
    outer loop
      vertex   2.048238e-01 6.607880e-02 -1.657576e-01
      vertex   2.200500e-01 4.156232e-02 -1.596928e-01
      vertex   2.271948e-01 5.238183e-02 -2.981052e-01
    endloop
  endfacet
  facet normal -3.031167e-01 9.309275e-01 -2.037013e-01
    outer loop
      vertex   1.280073e-01 9.721452e-02 -2.524493e-01
      vertex   1.589637e-01 9.777226e-02 -2.959648e-01
      vertex   1.421601e-01 8.750252e-02 -3.178938e-01
    endloop
  endfacet
  facet normal 6.093015e-01 7.847592e-01 1.135989e-01
    outer loop
      vertex   1.981462e-01 8.788233e-02 -2.805635e-01
      vertex   1.796374e-01 9.216046e-02 -2.108434e-01
      vertex   2.048238e-01 6.607880e-02 -1.657576e-01
    endloop
  endfacet
  facet normal -1.621882e-01 9.813904e-01 -1.027999e-01
    outer loop
      vertex   1.280073e-01 9.721452e-02 -2.524493e-01
      vertex   1.632898e-01 1.018692e-01 -2.636783e-01
      vertex   1.589637e-01 9.777226e-02 -2.959648e-01
    endloop
  endfacet
  facet normal -9.692144e-01 -2.036080e-02 -2.453750e-01
    outer loop
      vertex   5.113459e-02 -1.299110e-02 -2.662451e-01
      vertex   5.861560e-02 -4.507342e-02 -2.931324e-01
      vertex   4.023164e-02 -5.108267e-02 -2.200184e-01
    endloop
  endfacet
  facet normal 9.937145e-01 3.337187e-02 1.068539e-01
    outer loop
      vertex   2.347855e-01 -4.125591e-03 -1.726857e-01
      vertex   2.385925e-01 -6.071884e-02 -1.904148e-01
      vertex   2.490470e-01 -3.044474e-02 -2.970945e-01
    endloop
  endfacet
  facet normal 9.550205e-01 2.884228e-01 6.890601e-02
    outer loop
      vertex   2.347855e-01 -4.125591e-03 -1.726857e-01
      vertex   2.385091e-01 1.175046e-02 -2.907461e-01
      vertex   2.200500e-01 4.156232e-02 -1.596928e-01
    endloop
  endfacet
  facet normal -1.353782e-01 9.906848e-01 -1.470798e-02
    outer loop
      vertex   1.440550e-01 1.001353e-01 -2.034210e-01
      vertex   1.632898e-01 1.018692e-01 -2.636783e-01
      vertex   1.280073e-01 9.721452e-02 -2.524493e-01
    endloop
  endfacet
  facet normal -8.132455e-01 5.260344e-01 -2.488363e-01
    outer loop
      vertex   7.610966e-02 6.939681e-02 -1.933839e-01
      vertex   1.096295e-01 7.904212e-02 -2.825434e-01
      vertex   8.550537e-02 3.004880e-02 -3.072717e-01
    endloop
  endfacet
  facet normal -9.029020e-01 -3.457128e-01 -2.554419e-01
    outer loop
      vertex   5.882261e-02 -7.167806e-02 -2.578577e-01
      vertex   4.023164e-02 -5.108267e-02 -2.200184e-01
      vertex   5.861560e-02 -4.507342e-02 -2.931324e-01
    endloop
  endfacet
  facet normal 7.129439e-01 -6.999754e-01 4.177784e-02
    outer loop
      vertex   1.951436e-01 -1.219860e-01 -2.030881e-01
      vertex   2.317543e-01 -8.694747e-02 -2.407942e-01
      vertex   2.015421e-01 -1.094059e-01 -1.015044e-01
    endloop
  endfacet
  facet normal 2.380826e-01 9.656839e-01 1.037852e-01
    outer loop
      vertex   1.440550e-01 1.001353e-01 -2.034210e-01
      vertex   1.796374e-01 9.216046e-02 -2.108434e-01
      vertex   1.632898e-01 1.018692e-01 -2.636783e-01
    endloop
  endfacet
  facet normal 6.939721e-01 -7.185769e-01 4.527640e-02
    outer loop
      vertex   1.798837e-01 -1.312202e-01 -1.157489e-01
      vertex   1.951436e-01 -1.219860e-01 -2.030881e-01
      vertex   2.015421e-01 -1.094059e-01 -1.015044e-01
    endloop
  endfacet
  facet normal 9.930654e-01 3.130277e-02 1.133192e-01
    outer loop
      vertex   2.347855e-01 -4.125591e-03 -1.726857e-01
      vertex   2.251609e-01 -4.696170e-02 -7.650786e-02
      vertex   2.385925e-01 -6.071884e-02 -1.904148e-01
    endloop
  endfacet
  facet normal -2.467138e-01 9.688145e-01 2.303668e-02
    outer loop
      vertex   1.013927e-01 8.844129e-02 -1.685205e-01
      vertex   1.440550e-01 1.001353e-01 -2.034210e-01
      vertex   1.280073e-01 9.721452e-02 -2.524493e-01
    endloop
  endfacet
  facet normal -8.988051e-01 -3.648038e-01 -2.430381e-01
    outer loop
      vertex   5.882261e-02 -7.167806e-02 -2.578577e-01
      vertex   4.205006e-02 -8.388724e-02 -1.775032e-01
      vertex   4.023164e-02 -5.108267e-02 -2.200184e-01
    endloop
  endfacet
  facet normal -6.724798e-01 -6.797257e-01 -2.928205e-01
    outer loop
      vertex   5.882261e-02 -7.167806e-02 -2.578577e-01
      vertex   7.955412e-02 -8.701581e-02 -2.698652e-01
      vertex   5.050358e-02 -1.190243e-01 -1.288475e-01
    endloop
  endfacet
  facet normal -7.493538e-01 -6.478832e-01 -1.368072e-01
    outer loop
      vertex   7.955412e-02 -8.701581e-02 -2.698652e-01
      vertex   1.072678e-01 -1.206856e-01 -2.622141e-01
      vertex   1.012814e-01 -1.342878e-01 -1.650077e-01
    endloop
  endfacet
  facet normal -9.799599e-01 4.500962e-02 -1.940431e-01
    outer loop
      vertex   4.023164e-02 -5.108267e-02 -2.200184e-01
      vertex   2.605407e-02 -1.910334e-02 -1.410007e-01
      vertex   5.113459e-02 -1.299110e-02 -2.662451e-01
    endloop
  endfacet
  facet normal -4.565071e-01 -8.427275e-01 -2.853271e-01
    outer loop
      vertex   5.050358e-02 -1.190243e-01 -1.288475e-01
      vertex   7.955412e-02 -8.701581e-02 -2.698652e-01
      vertex   1.012814e-01 -1.342878e-01 -1.650077e-01
    endloop
  endfacet
  facet normal 4.234916e-01 -9.057327e-01 -1.741002e-02
    outer loop
      vertex   1.951436e-01 -1.219860e-01 -2.030881e-01
      vertex   1.522032e-01 -1.442764e-01 -8.796678e-02
      vertex   1.434314e-01 -1.464361e-01 -1.889819e-01
    endloop
  endfacet
  facet normal -8.352764e-01 4.947588e-01 -2.398481e-01
    outer loop
      vertex   5.038162e-02 2.711984e-02 -1.909944e-01
      vertex   7.610966e-02 6.939681e-02 -1.933839e-01
      vertex   8.550537e-02 3.004880e-02 -3.072717e-01
    endloop
  endfacet
  facet normal -9.362248e-01 3.061248e-01 -1.725419e-01
    outer loop
      vertex   5.038162e-02 2.711984e-02 -1.909944e-01
      vertex   5.113459e-02 -1.299110e-02 -2.662451e-01
      vertex   2.605407e-02 -1.910334e-02 -1.410007e-01
    endloop
  endfacet
  facet normal 4.051243e-01 -9.138963e-01 -2.584173e-02
    outer loop
      vertex   1.951436e-01 -1.219860e-01 -2.030881e-01
      vertex   1.798837e-01 -1.312202e-01 -1.157489e-01
      vertex   1.522032e-01 -1.442764e-01 -8.796678e-02
    endloop
  endfacet
  facet normal 9.360419e-01 -3.101446e-01 1.662402e-01
    outer loop
      vertex   2.251609e-01 -4.696170e-02 -7.650786e-02
      vertex   2.028751e-01 -7.374169e-02 -9.860687e-04
      vertex   2.100033e-01 -9.045662e-02 -7.230681e-02
    endloop
  endfacet
  facet normal 9.933343e-01 2.791532e-02 1.118374e-01
    outer loop
      vertex   2.222770e-01 1.283930e-03 -6.293565e-02
      vertex   2.251609e-01 -4.696170e-02 -7.650786e-02
      vertex   2.347855e-01 -4.125591e-03 -1.726857e-01
    endloop
  endfacet
  facet normal 9.549960e-01 2.809960e-01 9.499368e-02
    outer loop
      vertex   2.200500e-01 4.156232e-02 -1.596928e-01
      vertex   2.222770e-01 1.283930e-03 -6.293565e-02
      vertex   2.347855e-01 -4.125591e-03 -1.726857e-01
    endloop
  endfacet
  facet normal 8.715824e-01 -4.507659e-01 1.927541e-01
    outer loop
      vertex   2.100033e-01 -9.045662e-02 -7.230681e-02
      vertex   2.028751e-01 -7.374169e-02 -9.860687e-04
      vertex   1.787300e-01 -1.121300e-01 1.841859e-02
    endloop
  endfacet
  facet normal 6.136401e-01 7.819493e-01 1.095497e-01
    outer loop
      vertex   1.607820e-01 8.384756e-02 -4.588914e-02
      vertex   2.048238e-01 6.607880e-02 -1.657576e-01
      vertex   1.796374e-01 9.216046e-02 -2.108434e-01
    endloop
  endfacet
  facet normal -3.627619e-02 9.811879e-01 -1.896165e-01
    outer loop
      vertex   1.280611e-01 9.700984e-02 -8.088536e-02
      vertex   1.641344e-01 8.728335e-02 -1.381173e-01
      vertex   1.111260e-01 8.726055e-02 -1.280940e-01
    endloop
  endfacet
  facet normal -9.856612e-01 -2.444827e-02 -1.669556e-01
    outer loop
      vertex   2.101302e-02 -6.708346e-02 -1.042137e-01
      vertex   2.605407e-02 -1.910334e-02 -1.410007e-01
      vertex   4.023164e-02 -5.108267e-02 -2.200184e-01
    endloop
  endfacet
  facet normal 6.564195e-01 -6.960407e-01 2.909308e-01
    outer loop
      vertex   1.332223e-01 -1.209340e-01 1.000331e-01
      vertex   1.585572e-01 -1.313002e-01 1.806984e-02
      vertex   1.787300e-01 -1.121300e-01 1.841859e-02
    endloop
  endfacet
  facet normal 6.963891e-01 7.014064e-01 1.518925e-01
    outer loop
      vertex   1.607820e-01 8.384756e-02 -4.588914e-02
      vertex   1.988254e-01 4.917106e-02 -6.018022e-02
      vertex   2.048238e-01 6.607880e-02 -1.657576e-01
    endloop
  endfacet
  facet normal -8.279157e-01 4.882355e-01 -2.760103e-01
    outer loop
      vertex   3.176624e-02 4.386354e-02 -1.055380e-01
      vertex   7.610966e-02 6.939681e-02 -1.933839e-01
      vertex   5.038162e-02 2.711984e-02 -1.909944e-01
    endloop
  endfacet
  facet normal 7.098559e-02 -9.966649e-01 -4.024988e-02
    outer loop
      vertex   9.438901e-02 -1.492283e-01 -6.730968e-02
      vertex   1.294043e-01 -1.451249e-01 -1.071653e-01
      vertex   1.522032e-01 -1.442764e-01 -8.796678e-02
    endloop
  endfacet
  facet normal 8.981085e-01 -2.827848e-01 3.367994e-01
    outer loop
      vertex   1.781529e-01 -6.474365e-02 7.249306e-02
      vertex   1.671514e-01 -9.555234e-02 7.596199e-02
      vertex   2.028751e-01 -7.374169e-02 -9.860687e-04
    endloop
  endfacet
  facet normal 9.160668e-01 -2.201802e-01 3.351751e-01
    outer loop
      vertex   2.028751e-01 -7.374169e-02 -9.860687e-04
      vertex   2.073485e-01 -4.225292e-02 7.473038e-03
      vertex   1.781529e-01 -6.474365e-02 7.249306e-02
    endloop
  endfacet
  facet normal -1.489939e-01 9.776320e-01 -1.484472e-01
    outer loop
      vertex   6.155146e-02 8.426297e-02 -9.807817e-02
      vertex   1.280611e-01 9.700984e-02 -8.088536e-02
      vertex   1.111260e-01 8.726055e-02 -1.280940e-01
    endloop
  endfacet
  facet normal -3.728596e-02 9.985764e-01 3.814251e-02
    outer loop
      vertex   1.013927e-01 8.844129e-02 -1.685205e-01
      vertex   6.155146e-02 8.426297e-02 -9.807817e-02
      vertex   1.111260e-01 8.726055e-02 -1.280940e-01
    endloop
  endfacet
  facet normal -3.802738e-01 4.314250e-01 -8.180858e-01
    outer loop
      vertex   6.155146e-02 8.426297e-02 -9.807817e-02
      vertex   3.176624e-02 4.386354e-02 -1.055380e-01
      vertex   2.832104e-02 6.858885e-02 -9.089745e-02
    endloop
  endfacet
  facet normal -1.659185e-01 -8.734256e-01 -4.578196e-01
    outer loop
      vertex   5.050358e-02 -1.190243e-01 -1.288475e-01
      vertex   8.157152e-02 -1.334235e-01 -1.126360e-01
      vertex   5.871681e-02 -1.491211e-01 -7.440550e-02
    endloop
  endfacet
  facet normal 1.672681e-01 -9.857044e-01 2.020550e-02
    outer loop
      vertex   8.033654e-02 -1.588624e-01 -3.001396e-02
      vertex   1.131717e-01 -1.522850e-01 1.903304e-02
      vertex   6.425190e-02 -1.598808e-01 5.345631e-02
    endloop
  endfacet
  facet normal 4.119213e-01 -9.081816e-01 -7.434368e-02
    outer loop
      vertex   6.425190e-02 -1.598808e-01 5.345631e-02
      vertex   1.917852e-02 -1.762939e-01 4.217667e-03
      vertex   4.629480e-02 -1.610042e-01 -3.231627e-02
    endloop
  endfacet
  facet normal 5.451886e-01 -8.352758e-01 -7.129980e-02
    outer loop
      vertex   1.049807e-01 -1.425783e-01 2.460275e-01
      vertex   6.121416e-02 -1.699232e-01 2.317146e-01
      vertex   5.940672e-02 -1.649327e-01 1.594301e-01
    endloop
  endfacet
  facet normal 8.310602e-01 5.308692e-01 1.658823e-01
    outer loop
      vertex   1.338346e-01 1.032678e-01 2.696559e-02
      vertex   1.578609e-01 5.745875e-02 5.319679e-02
      vertex   1.607820e-01 8.384756e-02 -4.588914e-02
    endloop
  endfacet
  facet normal 3.773081e-01 9.002692e-01 -2.171496e-01
    outer loop
      vertex   7.559369e-02 1.296881e-01 -3.657079e-02
      vertex   1.149247e-01 1.191325e-01 -1.199327e-02
      vertex   1.280611e-01 9.700984e-02 -8.088536e-02
    endloop
  endfacet
  facet normal -8.501591e-02 6.549383e-01 -7.508849e-01
    outer loop
      vertex   2.365335e-02 9.656427e-02 -8.305785e-02
      vertex   5.308797e-02 1.134076e-01 -7.169933e-02
      vertex   6.155146e-02 8.426297e-02 -9.807817e-02
    endloop
  endfacet
  facet normal -6.015568e-02 2.600294e-01 -9.637251e-01
    outer loop
      vertex   -5.706389e-03 8.658055e-02 -8.391899e-02
      vertex   2.365335e-02 9.656427e-02 -8.305785e-02
      vertex   2.832104e-02 6.858885e-02 -9.089745e-02
    endloop
  endfacet
  facet normal 4.654231e-01 -8.836899e-01 4.973455e-02
    outer loop
      vertex   6.425190e-02 -1.598808e-01 5.345631e-02
      vertex   1.332223e-01 -1.209340e-01 1.000331e-01
      vertex   1.082755e-01 -1.310611e-01 1.535496e-01
    endloop
  endfacet
  facet normal 9.441894e-01 -1.106160e-01 3.102749e-01
    outer loop
      vertex   1.663831e-01 -2.285062e-02 1.232445e-01
      vertex   1.781529e-01 -6.474365e-02 7.249306e-02
      vertex   2.015381e-01 -1.324545e-02 1.968990e-02
    endloop
  endfacet
  facet normal 8.450428e-01 3.995776e-01 3.553032e-01
    outer loop
      vertex   1.578609e-01 5.745875e-02 5.319679e-02
      vertex   1.663831e-01 -2.285062e-02 1.232445e-01
      vertex   2.006734e-01 2.476608e-02 -1.186070e-02
    endloop
  endfacet
  facet normal 7.761260e-02 -9.652314e-01 -2.496090e-01
    outer loop
      vertex   4.629480e-02 -1.610042e-01 -3.231627e-02
      vertex   5.871681e-02 -1.491211e-01 -7.440550e-02
      vertex   8.033654e-02 -1.588624e-01 -3.001396e-02
    endloop
  endfacet
  facet normal -1.269738e-01 -9.441594e-01 -3.040404e-01
    outer loop
      vertex   2.617179e-02 -1.459923e-01 -7.052995e-02
      vertex   5.871681e-02 -1.491211e-01 -7.440550e-02
      vertex   4.629480e-02 -1.610042e-01 -3.231627e-02
    endloop
  endfacet
  facet normal 4.848940e-01 -6.964850e-01 -5.289484e-01
    outer loop
      vertex   4.629480e-02 -1.610042e-01 -3.231627e-02
      vertex   6.970217e-03 -1.591002e-01 -7.087273e-02
      vertex   2.617179e-02 -1.459923e-01 -7.052995e-02
    endloop
  endfacet
  facet normal 3.271076e-01 -9.333527e-01 -1.478286e-01
    outer loop
      vertex   1.402972e-02 -1.711010e-01 -3.996220e-02
      vertex   4.629480e-02 -1.610042e-01 -3.231627e-02
      vertex   1.917852e-02 -1.762939e-01 4.217667e-03
    endloop
  endfacet
  facet normal 5.685328e-01 -8.225544e-01 -1.321847e-02
    outer loop
      vertex   5.940672e-02 -1.649327e-01 1.594301e-01
      vertex   6.425190e-02 -1.598808e-01 5.345631e-02
      vertex   1.082755e-01 -1.310611e-01 1.535496e-01
    endloop
  endfacet
  facet normal 5.364709e-01 -6.817182e-01 -4.974528e-01
    outer loop
      vertex   8.639279e-02 -1.321103e-01 4.443558e-01
      vertex   1.470797e-01 -8.050423e-02 4.390809e-01
      vertex   1.244089e-01 -1.170679e-01 4.647394e-01
    endloop
  endfacet
  facet normal 3.842609e-01 7.903989e-01 4.770881e-01
    outer loop
      vertex   9.738753e-02 8.809676e-02 1.113812e-01
      vertex   1.331674e-01 9.095810e-02 7.782265e-02
      vertex   1.077458e-01 1.121092e-01 6.325667e-02
    endloop
  endfacet
  facet normal 8.906404e-01 4.535098e-01 3.299290e-02
    outer loop
      vertex   1.626178e-01 -2.666782e-02 1.846830e-01
      vertex   1.375062e-01 2.000497e-02 2.210186e-01
      vertex   1.423159e-01 7.886252e-03 2.577621e-01
    endloop
  endfacet
  facet normal 9.850109e-01 1.674864e-01 -4.125236e-02
    outer loop
      vertex   1.530327e-01 -6.451060e-02 2.338845e-01
      vertex   1.479242e-01 -2.936797e-02 2.545873e-01
      vertex   1.505475e-01 -3.334848e-02 3.010648e-01
    endloop
  endfacet
  facet normal 9.616676e-01 -2.334505e-01 1.438621e-01
    outer loop
      vertex   1.530327e-01 -6.451060e-02 2.338845e-01
      vertex   1.505475e-01 -3.334848e-02 3.010648e-01
      vertex   1.322122e-01 -8.564933e-02 3.387595e-01
    endloop
  endfacet
  facet normal 8.928198e-01 -4.416898e-01 8.822099e-02
    outer loop
      vertex   1.322122e-01 -8.564933e-02 3.387595e-01
      vertex   1.188718e-01 -1.242425e-01 2.805462e-01
      vertex   1.530327e-01 -6.451060e-02 2.338845e-01
    endloop
  endfacet
  facet normal 4.268924e-01 7.410105e-01 5.183303e-01
    outer loop
      vertex   1.372051e-01 4.652011e-02 1.380263e-01
      vertex   1.331674e-01 9.095810e-02 7.782265e-02
      vertex   9.738753e-02 8.809676e-02 1.113812e-01
    endloop
  endfacet
  facet normal 9.028063e-01 4.222417e-01 8.156438e-02
    outer loop
      vertex   1.663831e-01 -2.285062e-02 1.232445e-01
      vertex   1.375062e-01 2.000497e-02 2.210186e-01
      vertex   1.626178e-01 -2.666782e-02 1.846830e-01
    endloop
  endfacet
  facet normal 9.765621e-01 2.979541e-02 2.131638e-01
    outer loop
      vertex   1.530327e-01 -6.451060e-02 2.338845e-01
      vertex   1.623943e-01 -6.483474e-02 1.910418e-01
      vertex   1.626178e-01 -2.666782e-02 1.846830e-01
    endloop
  endfacet
  facet normal -5.037706e-01 -6.623363e-01 5.545501e-01
    outer loop
      vertex   1.322122e-01 -8.564933e-02 3.387595e-01
      vertex   1.049807e-01 -1.425783e-01 2.460275e-01
      vertex   1.188718e-01 -1.242425e-01 2.805462e-01
    endloop
  endfacet
  facet normal 8.116985e-01 -5.729650e-01 1.133868e-01
    outer loop
      vertex   1.049807e-01 -1.425783e-01 2.460275e-01
      vertex   1.322122e-01 -8.564933e-02 3.387595e-01
      vertex   8.637204e-02 -1.532145e-01 3.254944e-01
    endloop
  endfacet
  facet normal 9.114379e-01 -3.380877e-01 2.344730e-01
    outer loop
      vertex   1.530327e-01 -6.451060e-02 2.338845e-01
      vertex   1.188718e-01 -1.242425e-01 2.805462e-01
      vertex   1.455724e-01 -1.035656e-01 2.065703e-01
    endloop
  endfacet
  facet normal 9.981009e-01 4.391819e-03 6.144349e-02
    outer loop
      vertex   1.626178e-01 -2.666782e-02 1.846830e-01
      vertex   1.623943e-01 -6.483474e-02 1.910418e-01
      vertex   1.663831e-01 -2.285062e-02 1.232445e-01
    endloop
  endfacet
  facet normal 9.162424e-01 -4.005709e-01 -6.539825e-03
    outer loop
      vertex   1.491943e-01 -9.457973e-02 1.636067e-01
      vertex   1.623943e-01 -6.483474e-02 1.910418e-01
      vertex   1.455724e-01 -1.035656e-01 2.065703e-01
    endloop
  endfacet
  facet normal 7.262057e-01 -6.838030e-01 7.098503e-02
    outer loop
      vertex   1.188718e-01 -1.242425e-01 2.805462e-01
      vertex   1.049807e-01 -1.425783e-01 2.460275e-01
      vertex   1.455724e-01 -1.035656e-01 2.065703e-01
    endloop
  endfacet
  facet normal 5.218461e-01 -7.464918e-01 4.128275e-01
    outer loop
      vertex   9.164461e-02 -1.470039e-01 3.889494e-01
      vertex   1.152513e-01 -1.167814e-01 4.137583e-01
      vertex   5.884199e-02 -1.540297e-01 4.177102e-01
    endloop
  endfacet
  facet normal 5.287601e-02 8.124504e-01 5.806276e-01
    outer loop
      vertex   6.838616e-02 1.198038e-01 6.965578e-02
      vertex   1.612246e-02 9.801226e-02 1.049074e-01
      vertex   9.738753e-02 8.809676e-02 1.113812e-01
    endloop
  endfacet
  facet normal 2.425653e-01 8.462099e-01 4.744375e-01
    outer loop
      vertex   9.738753e-02 8.809676e-02 1.113812e-01
      vertex   1.077458e-01 1.121092e-01 6.325667e-02
      vertex   6.838616e-02 1.198038e-01 6.965578e-02
    endloop
  endfacet
  facet normal 5.551437e-01 8.067162e-01 2.025450e-01
    outer loop
      vertex   1.338346e-01 1.032678e-01 2.696559e-02
      vertex   1.077458e-01 1.121092e-01 6.325667e-02
      vertex   1.331674e-01 9.095810e-02 7.782265e-02
    endloop
  endfacet
  facet normal 5.275300e-01 -8.494795e-01 9.833661e-03
    outer loop
      vertex   8.637204e-02 -1.532145e-01 3.254944e-01
      vertex   6.121416e-02 -1.699232e-01 2.317146e-01
      vertex   1.049807e-01 -1.425783e-01 2.460275e-01
    endloop
  endfacet
  facet normal 3.405524e-01 -9.261341e-01 1.621718e-01
    outer loop
      vertex   5.442881e-02 -1.713911e-01 3.278297e-01
      vertex   9.164461e-02 -1.470039e-01 3.889494e-01
      vertex   5.884199e-02 -1.540297e-01 4.177102e-01
    endloop
  endfacet
  facet normal 2.904039e-01 -8.237615e-01 4.869113e-01
    outer loop
      vertex   7.070549e-02 -1.177304e-01 5.485821e-01
      vertex   7.371422e-02 -1.367790e-01 5.145611e-01
      vertex   1.047663e-01 -1.036024e-01 5.521694e-01
    endloop
  endfacet
  facet normal 3.664122e-01 -8.679875e-01 3.351712e-01
    outer loop
      vertex   5.884199e-02 -1.540297e-01 4.177102e-01
      vertex   8.639279e-02 -1.321103e-01 4.443558e-01
      vertex   3.527799e-02 -1.451950e-01 4.663495e-01
    endloop
  endfacet
  facet normal 8.427884e-01 5.205065e-01 1.370429e-01
    outer loop
      vertex   1.331674e-01 9.095810e-02 7.782265e-02
      vertex   1.578609e-01 5.745875e-02 5.319679e-02
      vertex   1.338346e-01 1.032678e-01 2.696559e-02
    endloop
  endfacet
  facet normal 7.289610e-03 9.952385e-01 -9.719626e-02
    outer loop
      vertex   1.491375e-03 1.335575e-01 -2.508224e-03
      vertex   7.423781e-02 1.341266e-01 8.775345e-03
      vertex   7.559369e-02 1.296881e-01 -3.657079e-02
    endloop
  endfacet
  facet normal -9.589996e-01 -8.773123e-02 -2.694867e-01
    outer loop
      vertex   8.546947e-03 -3.855101e-02 -6.914049e-02
      vertex   8.099189e-03 -3.439464e-02 -6.890019e-02
      vertex   2.101302e-02 -6.708346e-02 -1.042137e-01
    endloop
  endfacet
  facet normal -8.133652e-01 -3.186575e-01 -4.867181e-01
    outer loop
      vertex   2.341803e-02 -1.211206e-01 -8.221178e-02
      vertex   5.050358e-02 -1.190243e-01 -1.288475e-01
      vertex   2.617179e-02 -1.459923e-01 -7.052995e-02
    endloop
  endfacet
  facet normal 1.720606e-01 -9.843118e-01 -3.905658e-02
    outer loop
      vertex   -5.020854e-03 -1.748317e-01 1.250772e-01
      vertex   6.425190e-02 -1.598808e-01 5.345631e-02
      vertex   5.940672e-02 -1.649327e-01 1.594301e-01
    endloop
  endfacet
  facet normal 1.890365e-01 -9.793020e-01 -7.233791e-02
    outer loop
      vertex   -5.020854e-03 -1.748317e-01 1.250772e-01
      vertex   5.940672e-02 -1.649327e-01 1.594301e-01
      vertex   6.121416e-02 -1.699232e-01 2.317146e-01
    endloop
  endfacet
  facet normal 5.283032e-02 -9.726358e-01 2.262489e-01
    outer loop
      vertex   5.884199e-02 -1.540297e-01 4.177102e-01
      vertex   -5.562786e-03 -1.543240e-01 4.314837e-01
      vertex   2.092602e-02 -1.711843e-01 3.528168e-01
    endloop
  endfacet
  facet normal -9.638985e-02 -8.647863e-01 4.928019e-01
    outer loop
      vertex   4.448502e-02 -1.447725e-01 4.948167e-01
      vertex   7.371422e-02 -1.367790e-01 5.145611e-01
      vertex   1.036804e-02 -1.346614e-01 5.058869e-01
    endloop
  endfacet
  facet normal -1.661603e-01 -8.134493e-01 5.573966e-01
    outer loop
      vertex   4.490477e-02 -1.033871e-01 5.618231e-01
      vertex   1.036804e-02 -1.346614e-01 5.058869e-01
      vertex   7.070549e-02 -1.177304e-01 5.485821e-01
    endloop
  endfacet
  facet normal 4.928377e-01 -7.875925e-01 3.698770e-01
    outer loop
      vertex   9.766739e-02 -1.350381e-01 4.946912e-01
      vertex   1.516819e-01 -8.214638e-02 5.353445e-01
      vertex   1.047663e-01 -1.036024e-01 5.521694e-01
    endloop
  endfacet
  facet normal 5.818808e-01 8.119360e-01 4.663410e-02
    outer loop
      vertex   1.122417e-01 4.479080e-02 2.263184e-01
      vertex   1.263977e-01 3.739860e-02 1.783890e-01
      vertex   9.420665e-02 6.135266e-02 1.629969e-01
    endloop
  endfacet
  facet normal 7.101195e-02 8.838563e-01 4.623368e-01
    outer loop
      vertex   9.420665e-02 6.135266e-02 1.629969e-01
      vertex   9.738753e-02 8.809676e-02 1.113812e-01
      vertex   1.612246e-02 9.801226e-02 1.049074e-01
    endloop
  endfacet
  facet normal 2.068236e-02 9.727712e-01 2.308429e-01
    outer loop
      vertex   2.601769e-02 1.253238e-01 5.019057e-02
      vertex   6.838616e-02 1.198038e-01 6.965578e-02
      vertex   7.423781e-02 1.341266e-01 8.775345e-03
    endloop
  endfacet
  facet normal -2.304498e-01 7.329099e-01 -6.401062e-01
    outer loop
      vertex   -5.706389e-03 8.658055e-02 -8.391899e-02
      vertex   3.735398e-03 1.109417e-01 -5.942516e-02
      vertex   2.365335e-02 9.656427e-02 -8.305785e-02
    endloop
  endfacet
  facet normal 8.019739e-02 -3.121838e-02 -9.962900e-01
    outer loop
      vertex   -1.901752e-03 4.273392e-02 -8.223882e-02
      vertex   -5.706389e-03 8.658055e-02 -8.391899e-02
      vertex   2.831612e-04 3.923474e-02 -8.195329e-02
    endloop
  endfacet
  facet normal -9.632739e-01 -1.369222e-01 -2.309885e-01
    outer loop
      vertex   8.546947e-03 -3.855101e-02 -6.914049e-02
      vertex   2.101302e-02 -6.708346e-02 -1.042137e-01
      vertex   2.341803e-02 -1.211206e-01 -8.221178e-02
    endloop
  endfacet
  facet normal 1.043167e-01 1.738076e-01 -9.792390e-01
    outer loop
      vertex   4.192943e-04 -7.751555e-02 -7.692223e-02
      vertex   8.546947e-03 -3.855101e-02 -6.914049e-02
      vertex   2.341803e-02 -1.211206e-01 -8.221178e-02
    endloop
  endfacet
  facet normal -9.307264e-01 2.478486e-01 -2.689228e-01
    outer loop
      vertex   1.321348e-03 -7.256510e-02 -7.548167e-02
      vertex   8.546947e-03 -3.855101e-02 -6.914049e-02
      vertex   4.192943e-04 -7.751555e-02 -7.692223e-02
    endloop
  endfacet
  facet normal -8.236912e-02 7.777753e-02 -9.935623e-01
    outer loop
      vertex   4.166384e-03 -1.434502e-01 -8.236375e-02
      vertex   1.964469e-04 -7.725955e-02 -7.685313e-02
      vertex   2.341803e-02 -1.211206e-01 -8.221178e-02
    endloop
  endfacet
  facet normal 4.121006e-01 -3.495693e-01 -8.414121e-01
    outer loop
      vertex   2.341803e-02 -1.211206e-01 -8.221178e-02
      vertex   2.617179e-02 -1.459923e-01 -7.052995e-02
      vertex   4.166384e-03 -1.434502e-01 -8.236375e-02
    endloop
  endfacet
  facet normal -2.984496e-01 -7.133243e-01 6.341106e-01
    outer loop
      vertex   3.044722e-02 -6.179636e-02 6.018049e-01
      vertex   1.790369e-03 -9.233565e-02 5.539630e-01
      vertex   4.490477e-02 -1.033871e-01 5.618231e-01
    endloop
  endfacet
  facet normal 6.729654e-01 -7.013921e-01 -2.348757e-01
    outer loop
      vertex   9.241292e-02 2.351247e-02 8.540805e-01
      vertex   9.204384e-02 2.260169e-02 8.557428e-01
      vertex   9.157159e-02 2.169971e-02 8.570832e-01
    endloop
  endfacet
  facet normal 9.132643e-01 -4.044141e-01 -4.896455e-02
    outer loop
      vertex   9.323168e-02 2.640897e-02 8.496961e-01
      vertex   9.104895e-02 2.049697e-02 8.578139e-01
      vertex   9.319803e-02 2.823736e-02 8.339671e-01
    endloop
  endfacet
  facet normal 6.688709e-01 -7.433310e-01 -8.416376e-03
    outer loop
      vertex   7.419798e-02 -5.606424e-03 7.992377e-01
      vertex   8.671889e-02 5.489356e-03 8.143312e-01
      vertex   7.858722e-02 -1.879564e-03 8.189068e-01
    endloop
  endfacet
  facet normal -1.911481e-03 -9.920395e-01 -1.259126e-01
    outer loop
      vertex   1.871983e-02 -9.021460e-02 8.464281e-01
      vertex   1.959210e-02 -9.032952e-02 8.473202e-01
      vertex   1.973736e-02 -9.038265e-02 8.477366e-01
    endloop
  endfacet
  facet normal -1.768146e-01 -7.731080e-01 6.091310e-01
    outer loop
      vertex   3.933670e-02 -9.578421e-02 8.510883e-01
      vertex   4.022355e-02 -9.567952e-02 8.514785e-01
      vertex   1.766393e-02 -9.440474e-02 8.465480e-01
    endloop
  endfacet
  facet normal 2.346434e-02 -3.988693e-01 -9.167075e-01
    outer loop
      vertex   4.719513e-02 -8.930583e-02 8.484706e-01
      vertex   3.933670e-02 -9.578421e-02 8.510883e-01
      vertex   2.102131e-02 -9.010538e-02 8.481485e-01
    endloop
  endfacet
  facet normal 1.623505e-01 -4.075348e-01 8.986422e-01
    outer loop
      vertex   3.985641e-02 -9.482245e-02 8.423287e-01
      vertex   4.844672e-02 -8.759881e-02 8.440527e-01
      vertex   3.932294e-02 -9.498709e-02 8.423504e-01
    endloop
  endfacet
  facet normal 2.943611e-01 -9.194192e-01 2.608063e-01
    outer loop
      vertex   3.858716e-02 -9.528745e-02 8.421220e-01
      vertex   3.985641e-02 -9.482245e-02 8.423287e-01
      vertex   3.932294e-02 -9.498709e-02 8.423504e-01
    endloop
  endfacet
  facet normal 1.827303e-01 -8.382831e-01 5.137033e-01
    outer loop
      vertex   3.858716e-02 -9.528745e-02 8.421220e-01
      vertex   3.932294e-02 -9.498709e-02 8.423504e-01
      vertex   3.686867e-02 -9.562328e-02 8.421853e-01
    endloop
  endfacet
  facet normal 1.714227e-01 -4.173111e-01 8.924493e-01
    outer loop
      vertex   3.932294e-02 -9.498709e-02 8.423504e-01
      vertex   4.844672e-02 -8.759881e-02 8.440527e-01
      vertex   2.102131e-02 -9.010538e-02 8.481485e-01
    endloop
  endfacet
  facet normal -2.652944e-01 -9.638192e-01 -2.591185e-02
    outer loop
      vertex   3.932294e-02 -9.498709e-02 8.423504e-01
      vertex   2.102131e-02 -9.010538e-02 8.481485e-01
      vertex   2.142455e-02 -9.015655e-02 8.459230e-01
    endloop
  endfacet
  facet normal 6.023404e-02 -9.971939e-01 -4.445365e-02
    outer loop
      vertex   2.142455e-02 -9.015655e-02 8.459230e-01
      vertex   1.959210e-02 -9.032952e-02 8.473202e-01
      vertex   2.059604e-02 -9.020671e-02 8.459256e-01
    endloop
  endfacet
  facet normal 1.286469e-01 -9.906192e-01 4.608300e-02
    outer loop
      vertex   2.142455e-02 -9.015655e-02 8.459230e-01
      vertex   2.102131e-02 -9.010538e-02 8.481485e-01
      vertex   1.959210e-02 -9.032952e-02 8.473202e-01
    endloop
  endfacet
  facet normal -5.225259e-01 -8.444837e-01 -1.175325e-01
    outer loop
      vertex   3.120026e-02 -9.623504e-02 8.420957e-01
      vertex   2.059604e-02 -9.020671e-02 8.459256e-01
      vertex   3.469419e-02 -9.537575e-02 8.203882e-01
    endloop
  endfacet
  facet normal -1.209849e-01 -9.323422e-01 3.407354e-01
    outer loop
      vertex   -2.462843e-03 -1.110424e-01 8.527043e-01
      vertex   -4.690909e-03 -1.176156e-01 8.339271e-01
      vertex   1.085948e-02 -1.266850e-01 8.146322e-01
    endloop
  endfacet
  facet normal 8.568242e-01 -2.966647e-01 4.217136e-01
    outer loop
      vertex   -2.462843e-03 -1.110424e-01 8.527043e-01
      vertex   1.085948e-02 -1.266850e-01 8.146322e-01
      vertex   1.722710e-02 -1.053382e-01 8.167117e-01
    endloop
  endfacet
  facet normal 1.097801e-01 1.073540e-01 -9.881414e-01
    outer loop
      vertex   3.858716e-02 -9.528745e-02 8.421220e-01
      vertex   4.920967e-02 -8.631558e-02 8.442769e-01
      vertex   4.844672e-02 -8.759881e-02 8.440527e-01
    endloop
  endfacet
  facet normal 5.103374e-01 -8.569622e-01 7.191327e-02
    outer loop
      vertex   4.163674e-02 -9.352858e-02 7.931319e-01
      vertex   5.220268e-02 -8.289031e-02 8.449221e-01
      vertex   3.469419e-02 -9.537575e-02 8.203882e-01
    endloop
  endfacet
  facet normal 9.479654e-01 -2.828149e-01 -1.462098e-01
    outer loop
      vertex   6.880516e-02 -2.602626e-02 7.841426e-01
      vertex   7.665534e-02 -4.089534e-02 8.638014e-01
      vertex   5.649775e-02 -6.135139e-02 7.726760e-01
    endloop
  endfacet
  facet normal -2.745208e-01 9.607568e-01 3.980686e-02
    outer loop
      vertex   8.201518e-02 -2.568919e-03 8.591850e-01
      vertex   7.858722e-02 -1.879564e-03 8.189068e-01
      vertex   7.795799e-02 -3.240802e-03 8.474215e-01
    endloop
  endfacet
  facet normal 9.138993e-01 3.743478e-01 -1.570090e-01
    outer loop
      vertex   7.791984e-02 -2.201095e-04 8.398395e-01
      vertex   7.323495e-02 3.426781e-03 8.212654e-01
      vertex   7.752548e-02 7.896008e-04 8.399515e-01
    endloop
  endfacet
  facet normal -1.444834e-02 -3.185120e-01 -9.478087e-01
    outer loop
      vertex   7.776516e-02 -5.358596e-04 8.403932e-01
      vertex   7.752548e-02 7.896008e-04 8.399515e-01
      vertex   9.129628e-02 1.272866e-02 8.357294e-01
    endloop
  endfacet
  facet normal 9.919260e-01 -1.157458e-01 5.182290e-02
    outer loop
      vertex   9.104895e-02 2.049697e-02 8.578139e-01
      vertex   9.129628e-02 1.272866e-02 8.357294e-01
      vertex   9.319803e-02 2.823736e-02 8.339671e-01
    endloop
  endfacet
  facet normal 8.891560e-01 -4.543619e-01 5.437749e-02
    outer loop
      vertex   8.003960e-02 -1.022468e-03 8.543428e-01
      vertex   7.984209e-02 -1.501781e-03 8.535674e-01
      vertex   8.082553e-02 7.212930e-04 8.560619e-01
    endloop
  endfacet
  facet normal 8.773881e-01 4.779239e-01 4.217620e-02
    outer loop
      vertex   7.795799e-02 -3.240802e-03 8.474215e-01
      vertex   7.858722e-02 -1.879564e-03 8.189068e-01
      vertex   7.762052e-02 -1.519935e-03 8.349417e-01
    endloop
  endfacet
  facet normal 5.334321e-01 -8.237225e-01 -1.921754e-01
    outer loop
      vertex   6.672137e-01 -9.602285e-03 1.191286e-02
      vertex   6.719412e-01 -1.414609e-02 4.451131e-02
      vertex   6.526148e-01 -1.540636e-02 -3.732040e-03
    endloop
  endfacet
  facet normal -1.652279e-01 -9.804064e-01 -1.072521e-01
    outer loop
      vertex   6.397045e-01 1.625947e-02 8.541519e-03
      vertex   6.459566e-01 1.230407e-02 3.506673e-02
      vertex   6.301781e-01 1.703697e-02 1.611018e-02
    endloop
  endfacet
  facet normal -8.319667e-01 5.536023e-01 -3.682330e-02
    outer loop
      vertex   6.346746e-01 2.310202e-02 5.701492e-03
      vertex   6.301781e-01 1.703697e-02 1.611018e-02
      vertex   6.361310e-01 2.738445e-02 3.717805e-02
    endloop
  endfacet
  facet normal 7.071907e-01 -6.556982e-01 -2.644639e-01
    outer loop
      vertex   6.397045e-01 1.625947e-02 8.541519e-03
      vertex   6.491950e-01 2.023958e-02 2.405165e-02
      vertex   6.459566e-01 1.230407e-02 3.506673e-02
    endloop
  endfacet
  facet normal -3.276242e-01 -9.200344e-01 -2.149396e-01
    outer loop
      vertex   4.803549e-01 -7.722004e-03 2.868869e-01
      vertex   4.478122e-01 4.649861e-03 2.835335e-01
      vertex   5.247240e-01 -9.361672e-03 2.262752e-01
    endloop
  endfacet
  facet normal 7.478649e-01 -1.447569e-01 6.478761e-01
    outer loop
      vertex   6.521654e-01 -3.731124e-02 1.817529e-01
      vertex   5.977171e-01 -9.589668e-03 2.507984e-01
      vertex   6.339709e-01 -5.792184e-02 1.981504e-01
    endloop
  endfacet
  facet normal 4.888555e-01 6.488603e-01 -5.830957e-01
    outer loop
      vertex   1.810967e-01 9.515336e-02 3.876660e-01
      vertex   2.001142e-01 1.319295e-01 4.445338e-01
      vertex   2.054460e-01 1.036270e-01 4.175093e-01
    endloop
  endfacet
  facet normal 9.530295e-01 -2.013925e-01 2.262206e-01
    outer loop
      vertex   2.982215e-01 1.601669e-02 5.283986e-01
      vertex   3.067389e-01 4.273489e-02 5.163020e-01
      vertex   2.927240e-01 2.930498e-02 5.633885e-01
    endloop
  endfacet
  facet normal 9.394695e-01 1.282827e-01 3.177115e-01
    outer loop
      vertex   2.888864e-01 6.954029e-02 5.582684e-01
      vertex   3.067389e-01 4.273489e-02 5.163020e-01
      vertex   3.013561e-01 7.518581e-02 5.191160e-01
    endloop
  endfacet
  facet normal -3.434218e-01 -9.328462e-01 -1.089009e-01
    outer loop
      vertex   4.478122e-01 4.649861e-03 2.835335e-01
      vertex   4.803549e-01 -7.722004e-03 2.868869e-01
      vertex   4.128864e-01 8.797270e-03 3.581462e-01
    endloop
  endfacet
  facet normal -5.789146e-01 1.893984e-02 -8.151682e-01
    outer loop
      vertex   3.613038e-01 7.261035e-02 3.214475e-01
      vertex   3.461033e-01 4.186114e-02 3.315282e-01
      vertex   3.108823e-01 5.845267e-02 3.569268e-01
    endloop
  endfacet
  facet normal 5.788691e-01 7.285086e-01 3.663138e-01
    outer loop
      vertex   3.284761e-01 8.939228e-02 4.883355e-01
      vertex   3.305020e-01 1.011699e-01 4.617114e-01
      vertex   3.026252e-01 1.008034e-01 5.064927e-01
    endloop
  endfacet
  facet normal 4.087249e-01 8.106535e-01 4.192670e-01
    outer loop
      vertex   2.835015e-01 1.244350e-01 4.625470e-01
      vertex   3.305020e-01 1.011699e-01 4.617114e-01
      vertex   3.466019e-01 1.168131e-01 4.157701e-01
    endloop
  endfacet
  facet normal 6.886466e-01 6.497512e-01 3.218529e-01
    outer loop
      vertex   5.430202e-01 6.299255e-02 2.841196e-01
      vertex   5.811706e-01 3.459341e-02 2.598236e-01
      vertex   5.986568e-01 3.561326e-02 2.203505e-01
    endloop
  endfacet
  facet normal 1.541904e-01 9.605607e-01 -2.314053e-01
    outer loop
      vertex   6.016534e-01 2.680155e-02 1.857699e-01
      vertex   5.647846e-01 4.025299e-02 2.170402e-01
      vertex   5.986568e-01 3.561326e-02 2.203505e-01
    endloop
  endfacet
  facet normal -8.563822e-01 3.237283e-01 -4.022555e-01
    outer loop
      vertex   5.927555e-01 1.650653e-02 1.692354e-01
      vertex   6.019318e-01 8.339644e-03 1.431270e-01
      vertex   5.883351e-01 -5.095970e-03 1.612609e-01
    endloop
  endfacet
  facet normal 4.269056e-01 -8.458991e-01 3.196972e-01
    outer loop
      vertex   5.080751e-02 -8.624216e-02 8.909371e-01
      vertex   1.719804e-02 -9.560064e-02 9.110553e-01
      vertex   1.814022e-02 -1.063902e-01 8.812487e-01
    endloop
  endfacet
  facet normal 8.441669e-01 -5.324163e-01 6.257062e-02
    outer loop
      vertex   6.480544e-02 -6.407182e-02 8.907334e-01
      vertex   5.080751e-02 -8.624216e-02 8.909371e-01
      vertex   5.189021e-02 -8.893792e-02 8.533916e-01
    endloop
  endfacet
  facet normal 9.099354e-01 -1.988852e-01 -3.639536e-01
    outer loop
      vertex   5.649775e-02 -6.135139e-02 7.726760e-01
      vertex   5.488491e-02 -1.962751e-02 7.458434e-01
      vertex   6.880516e-02 -2.602626e-02 7.841426e-01
    endloop
  endfacet
  facet normal 2.468789e-01 9.016529e-01 -3.550675e-01
    outer loop
      vertex   7.766605e-02 3.315501e-02 8.518416e-01
      vertex   8.975389e-02 2.815538e-02 8.475503e-01
      vertex   7.739084e-02 2.069461e-02 8.200085e-01
    endloop
  endfacet
  facet normal 6.797333e-01 6.979585e-01 2.254252e-01
    outer loop
      vertex   5.314621e-02 5.249320e-02 7.144131e-01
      vertex   2.928239e-02 7.174118e-02 7.267753e-01
      vertex   4.645445e-02 4.603872e-02 7.545753e-01
    endloop
  endfacet
  facet normal 4.857824e-01 1.994480e-02 8.738522e-01
    outer loop
      vertex   5.314621e-02 5.249320e-02 7.144131e-01
      vertex   1.113079e-01 4.411066e-02 6.822719e-01
      vertex   7.880298e-02 7.668115e-02 6.995982e-01
    endloop
  endfacet
  facet normal 9.722767e-01 1.904874e-01 1.356189e-01
    outer loop
      vertex   6.323696e-02 2.240645e-02 6.843299e-01
      vertex   5.314621e-02 5.249320e-02 7.144131e-01
      vertex   6.051669e-02 1.172798e-02 7.188307e-01
    endloop
  endfacet
  facet normal 7.660524e-01 4.567974e-01 4.522166e-01
    outer loop
      vertex   6.780400e-02 2.030139e-02 9.177117e-01
      vertex   7.391412e-02 3.624197e-02 8.912591e-01
      vertex   4.850521e-02 5.282502e-02 9.175507e-01
    endloop
  endfacet
  facet normal 6.027131e-01 7.398269e-01 -2.989869e-01
    outer loop
      vertex   3.844946e-02 7.513720e-02 8.523544e-01
      vertex   6.074415e-02 6.045087e-02 8.609567e-01
      vertex   4.017595e-02 5.348326e-02 8.022533e-01
    endloop
  endfacet
  facet normal 7.663439e-01 5.724553e-01 -2.915682e-01
    outer loop
      vertex   7.766605e-02 3.315501e-02 8.518416e-01
      vertex   6.413493e-02 2.362413e-02 7.975645e-01
      vertex   6.074415e-02 6.045087e-02 8.609567e-01
    endloop
  endfacet
  facet normal 6.400128e-01 7.136092e-01 -2.848605e-01
    outer loop
      vertex   7.739084e-02 2.069461e-02 8.200085e-01
      vertex   6.413493e-02 2.362413e-02 7.975645e-01
      vertex   7.766605e-02 3.315501e-02 8.518416e-01
    endloop
  endfacet
  facet normal 3.315267e-01 9.378309e-01 -1.027777e-01
    outer loop
      vertex   4.645445e-02 4.603872e-02 7.545753e-01
      vertex   1.457365e-02 5.889385e-02 7.690396e-01
      vertex   4.017595e-02 5.348326e-02 8.022533e-01
    endloop
  endfacet
  facet normal 3.623686e-01 5.413645e-01 7.586920e-01
    outer loop
      vertex   2.928239e-02 7.174118e-02 7.267753e-01
      vertex   7.880298e-02 7.668115e-02 6.995982e-01
      vertex   9.319298e-02 1.100586e-01 6.689088e-01
    endloop
  endfacet
  facet normal 3.100468e-01 -6.182089e-01 7.222802e-01
    outer loop
      vertex   1.113079e-01 4.411066e-02 6.822719e-01
      vertex   5.314621e-02 5.249320e-02 7.144131e-01
      vertex   6.323696e-02 2.240645e-02 6.843299e-01
    endloop
  endfacet
  facet normal -9.799451e-02 9.707939e-01 -2.189892e-01
    outer loop
      vertex   8.975389e-02 2.815538e-02 8.475503e-01
      vertex   9.241005e-02 2.326035e-02 8.246617e-01
      vertex   7.739084e-02 2.069461e-02 8.200085e-01
    endloop
  endfacet
  facet normal 8.699660e-01 3.784789e-02 4.916571e-01
    outer loop
      vertex   6.780400e-02 2.030139e-02 9.177117e-01
      vertex   6.551386e-02 -2.501693e-02 9.252526e-01
      vertex   7.671479e-02 -2.104205e-02 9.051271e-01
    endloop
  endfacet
  facet normal 6.093266e-01 -2.431033e-01 7.547330e-01
    outer loop
      vertex   6.551386e-02 -2.501693e-02 9.252526e-01
      vertex   3.808181e-02 -4.056919e-02 9.423902e-01
      vertex   5.359947e-02 -5.434732e-02 9.254241e-01
    endloop
  endfacet
  facet normal 4.374987e-01 -4.592455e-01 7.731031e-01
    outer loop
      vertex   3.160717e-02 -7.760198e-02 9.240556e-01
      vertex   5.359947e-02 -5.434732e-02 9.254241e-01
      vertex   3.808181e-02 -4.056919e-02 9.423902e-01
    endloop
  endfacet
  facet normal 2.300618e-01 -4.637964e-01 8.555492e-01
    outer loop
      vertex   -7.318578e-04 -6.259437e-02 9.408874e-01
      vertex   3.160717e-02 -7.760198e-02 9.240556e-01
      vertex   3.808181e-02 -4.056919e-02 9.423902e-01
    endloop
  endfacet
  facet normal 4.093354e-01 4.618693e-01 7.868426e-01
    outer loop
      vertex   4.850521e-02 5.282502e-02 9.175507e-01
      vertex   1.729899e-02 3.950432e-02 9.416040e-01
      vertex   5.005710e-02 2.151554e-02 9.351217e-01
    endloop
  endfacet
  facet normal 4.361661e-01 7.524192e-01 4.935834e-01
    outer loop
      vertex   1.807126e-02 7.203161e-02 9.151657e-01
      vertex   4.850521e-02 5.282502e-02 9.175507e-01
      vertex   4.523706e-02 6.993569e-02 8.943551e-01
    endloop
  endfacet
  facet normal 3.254183e-01 9.433853e-01 6.424220e-02
    outer loop
      vertex   4.289844e-03 8.416285e-02 8.928496e-01
      vertex   4.523706e-02 6.993569e-02 8.943551e-01
      vertex   3.844946e-02 7.513720e-02 8.523544e-01
    endloop
  endfacet
  facet normal 2.462610e-01 8.927259e-01 -3.773540e-01
    outer loop
      vertex   -1.646862e-04 7.361611e-02 8.235564e-01
      vertex   3.844946e-02 7.513720e-02 8.523544e-01
      vertex   4.017595e-02 5.348326e-02 8.022533e-01
    endloop
  endfacet
  facet normal 3.925288e-02 9.521525e-01 3.030920e-01
    outer loop
      vertex   -3.920386e-03 7.355433e-02 7.253794e-01
      vertex   1.457365e-02 5.889385e-02 7.690396e-01
      vertex   2.928239e-02 7.174118e-02 7.267753e-01
    endloop
  endfacet
  facet normal 3.376183e-01 -1.567958e-01 9.281320e-01
    outer loop
      vertex   7.880298e-02 7.668115e-02 6.995982e-01
      vertex   1.113079e-01 4.411066e-02 6.822719e-01
      vertex   1.826381e-01 5.890112e-02 6.588233e-01
    endloop
  endfacet
  facet normal 6.507364e-02 -7.029418e-01 7.082642e-01
    outer loop
      vertex   1.113079e-01 4.411066e-02 6.822719e-01
      vertex   8.944485e-02 2.322576e-02 6.635526e-01
      vertex   1.686292e-01 2.108680e-02 6.541545e-01
    endloop
  endfacet
  facet normal 5.756961e-01 -8.130233e-01 -8.698883e-02
    outer loop
      vertex   2.803088e-02 -3.482160e-02 7.144288e-01
      vertex   2.446117e-02 -3.064768e-02 6.517935e-01
      vertex   4.907475e-02 -1.629027e-02 6.804988e-01
    endloop
  endfacet
  facet normal 8.268431e-01 -2.431824e-01 -5.071419e-01
    outer loop
      vertex   8.671889e-02 5.489356e-03 8.143312e-01
      vertex   7.419798e-02 -5.606424e-03 7.992377e-01
      vertex   8.029187e-02 9.540528e-03 8.019100e-01
    endloop
  endfacet
  facet normal -9.832807e-01 1.466550e-01 1.079419e-01
    outer loop
      vertex   9.306404e-02 2.795873e-02 8.320280e-01
      vertex   9.262559e-02 2.692158e-02 8.294431e-01
      vertex   9.350568e-02 2.828846e-02 8.356031e-01
    endloop
  endfacet
  facet normal -7.318978e-01 6.440079e-01 -2.226645e-01
    outer loop
      vertex   9.241005e-02 2.326035e-02 8.246617e-01
      vertex   8.975389e-02 2.815538e-02 8.475503e-01
      vertex   9.350568e-02 2.828846e-02 8.356031e-01
    endloop
  endfacet
  facet normal 4.680699e-01 5.157916e-01 7.175441e-01
    outer loop
      vertex   8.975389e-02 2.815538e-02 8.475503e-01
      vertex   7.766605e-02 3.315501e-02 8.518416e-01
      vertex   8.248798e-02 1.459975e-02 8.620342e-01
    endloop
  endfacet
  facet normal 1.414306e-01 -3.133049e-01 9.390620e-01
    outer loop
      vertex   -1.097357e-03 -2.663437e-02 9.529400e-01
      vertex   -7.318578e-04 -6.259437e-02 9.408874e-01
      vertex   3.808181e-02 -4.056919e-02 9.423902e-01
    endloop
  endfacet
  facet normal 2.002086e-01 -1.678808e-01 9.652629e-01
    outer loop
      vertex   -1.097357e-03 -2.663437e-02 9.529400e-01
      vertex   3.808181e-02 -4.056919e-02 9.423902e-01
      vertex   3.038233e-02 -1.080779e-02 9.491633e-01
    endloop
  endfacet
  facet normal 2.681202e-01 9.633172e-01 1.146597e-02
    outer loop
      vertex   2.773731e-03 8.500716e-02 8.573676e-01
      vertex   4.289844e-03 8.416285e-02 8.928496e-01
      vertex   3.844946e-02 7.513720e-02 8.523544e-01
    endloop
  endfacet
  facet normal 4.169247e-02 9.907345e-01 1.292550e-01
    outer loop
      vertex   -1.862342e-02 5.805114e-02 7.862070e-01
      vertex   4.017595e-02 5.348326e-02 8.022533e-01
      vertex   1.457365e-02 5.889385e-02 7.690396e-01
    endloop
  endfacet
  facet normal -1.949760e-01 8.512209e-01 4.872447e-01
    outer loop
      vertex   2.412148e-02 1.204709e-01 6.546370e-01
      vertex   -3.920386e-03 7.355433e-02 7.253794e-01
      vertex   3.082212e-02 9.611202e-02 6.998735e-01
    endloop
  endfacet
  facet normal -1.454926e-01 8.619398e-01 4.856869e-01
    outer loop
      vertex   2.412148e-02 1.204709e-01 6.546370e-01
      vertex   3.082212e-02 9.611202e-02 6.998735e-01
      vertex   5.570594e-02 1.385264e-01 6.320557e-01
    endloop
  endfacet
  facet normal 2.630457e-01 8.621869e-01 4.329442e-01
    outer loop
      vertex   1.712916e-01 1.000246e-01 6.414402e-01
      vertex   1.044652e-01 1.332348e-01 6.159058e-01
      vertex   9.319298e-02 1.100586e-01 6.689088e-01
    endloop
  endfacet
  facet normal 3.211775e-01 6.713466e-01 6.679362e-01
    outer loop
      vertex   9.319298e-02 1.100586e-01 6.689088e-01
      vertex   9.282463e-02 1.074234e-01 6.717345e-01
      vertex   1.712916e-01 1.000246e-01 6.414402e-01
    endloop
  endfacet
  facet normal 2.372683e-01 8.705420e-01 4.311154e-01
    outer loop
      vertex   9.319298e-02 1.100586e-01 6.689088e-01
      vertex   1.044652e-01 1.332348e-01 6.159058e-01
      vertex   5.570594e-02 1.385264e-01 6.320557e-01
    endloop
  endfacet
  facet normal 5.295084e-01 -8.067165e-01 2.623533e-01
    outer loop
      vertex   2.441636e-01 -3.161140e-02 5.636908e-01
      vertex   2.662314e-01 -1.870801e-02 5.588282e-01
      vertex   2.456467e-01 -2.403303e-02 5.840003e-01
    endloop
  endfacet
  facet normal 5.308987e-01 -4.704634e-01 7.048481e-01
    outer loop
      vertex   2.456467e-01 -2.403303e-02 5.840003e-01
      vertex   2.715289e-01 1.193684e-03 5.813436e-01
      vertex   2.271103e-01 -1.094887e-02 6.066954e-01
    endloop
  endfacet
  facet normal 3.514701e-01 -2.775207e-01 8.941203e-01
    outer loop
      vertex   1.113079e-01 4.411066e-02 6.822719e-01
      vertex   2.327530e-01 2.600761e-02 6.289140e-01
      vertex   1.826381e-01 5.890112e-02 6.588233e-01
    endloop
  endfacet
  facet normal 1.907450e-01 8.100917e-01 5.544076e-01
    outer loop
      vertex   1.044652e-01 1.332348e-01 6.159058e-01
      vertex   1.712916e-01 1.000246e-01 6.414402e-01
      vertex   1.971724e-01 1.216407e-01 6.009508e-01
    endloop
  endfacet
  facet normal -8.639402e-02 9.890927e-01 1.192969e-01
    outer loop
      vertex   6.021722e-02 1.563445e-01 5.605935e-01
      vertex   -9.283819e-03 1.526504e-01 5.408899e-01
      vertex   3.049933e-02 1.499542e-01 5.920544e-01
    endloop
  endfacet
  facet normal 1.379040e-01 9.617714e-01 2.365973e-01
    outer loop
      vertex   1.449061e-01 1.512473e-01 5.319519e-01
      vertex   6.021722e-02 1.563445e-01 5.605935e-01
      vertex   1.330631e-01 1.403565e-01 5.831261e-01
    endloop
  endfacet
  facet normal 6.591583e-01 -6.336352e-01 4.049898e-01
    outer loop
      vertex   2.715289e-01 1.193684e-03 5.813436e-01
      vertex   2.456467e-01 -2.403303e-02 5.840003e-01
      vertex   2.662314e-01 -1.870801e-02 5.588282e-01
    endloop
  endfacet
  facet normal 5.553348e-01 -4.601753e-01 6.927063e-01
    outer loop
      vertex   2.715289e-01 1.193684e-03 5.813436e-01
      vertex   2.764365e-01 2.803109e-02 5.952377e-01
      vertex   2.327530e-01 2.600761e-02 6.289140e-01
    endloop
  endfacet
  facet normal 4.210082e-01 5.472164e-01 7.233991e-01
    outer loop
      vertex   1.812477e-01 8.058093e-02 6.536215e-01
      vertex   2.493183e-01 7.504324e-02 6.181943e-01
      vertex   2.379476e-01 1.077813e-01 6.000471e-01
    endloop
  endfacet
  facet normal 2.730121e-01 7.652063e-01 5.830297e-01
    outer loop
      vertex   1.971724e-01 1.216407e-01 6.009508e-01
      vertex   1.712916e-01 1.000246e-01 6.414402e-01
      vertex   2.379476e-01 1.077813e-01 6.000471e-01
    endloop
  endfacet
  facet normal -1.222801e-01 9.768078e-01 -1.757670e-01
    outer loop
      vertex   5.390607e-02 1.533917e-01 5.010488e-01
      vertex   -2.401202e-03 1.372545e-01 4.505405e-01
      vertex   -9.283819e-03 1.526504e-01 5.408899e-01
    endloop
  endfacet
  facet normal 3.124952e-01 9.118082e-01 2.663690e-01
    outer loop
      vertex   1.449061e-01 1.512473e-01 5.319519e-01
      vertex   1.330631e-01 1.403565e-01 5.831261e-01
      vertex   1.865829e-01 1.328091e-01 5.461738e-01
    endloop
  endfacet
  facet normal 8.137627e-01 -5.170008e-01 2.655191e-01
    outer loop
      vertex   2.715289e-01 1.193684e-03 5.813436e-01
      vertex   2.662314e-01 -1.870801e-02 5.588282e-01
      vertex   2.982215e-01 1.601669e-02 5.283986e-01
    endloop
  endfacet
  facet normal 7.056834e-01 -7.078495e-01 3.098306e-02
    outer loop
      vertex   2.982215e-01 1.601669e-02 5.283986e-01
      vertex   2.641613e-01 -1.765460e-02 5.349008e-01
      vertex   2.981253e-01 1.492439e-02 5.056330e-01
    endloop
  endfacet
  facet normal 3.706478e-01 -8.040486e-01 -4.648936e-01
    outer loop
      vertex   2.981253e-01 1.492439e-02 5.056330e-01
      vertex   2.641613e-01 -1.765460e-02 5.349008e-01
      vertex   2.541490e-01 -1.204197e-02 5.172110e-01
    endloop
  endfacet
  facet normal 6.806817e-01 -3.861699e-01 6.225313e-01
    outer loop
      vertex   3.321418e-01 1.503073e-02 4.713407e-01
      vertex   3.590029e-01 3.963961e-02 4.572360e-01
      vertex   3.067389e-01 4.273489e-02 5.163020e-01
    endloop
  endfacet
  facet normal 6.788647e-01 3.765354e-01 6.303680e-01
    outer loop
      vertex   3.305020e-01 1.011699e-01 4.617114e-01
      vertex   3.526085e-01 7.746716e-02 4.520624e-01
      vertex   3.733094e-01 8.959193e-02 4.225264e-01
    endloop
  endfacet
  facet normal -2.226322e-01 9.138800e-01 -3.394972e-01
    outer loop
      vertex   4.061145e-01 1.113892e-01 3.392892e-01
      vertex   3.537949e-01 1.045493e-01 3.551867e-01
      vertex   3.398398e-01 1.142371e-01 3.904165e-01
    endloop
  endfacet
  facet normal 5.900815e-01 -3.787518e-01 7.129873e-01
    outer loop
      vertex   5.230772e-01 2.162007e-02 3.291509e-01
      vertex   5.817421e-01 -3.093676e-02 2.526796e-01
      vertex   5.977171e-01 -9.589668e-03 2.507984e-01
    endloop
  endfacet
  facet normal -7.664873e-01 -4.656307e-03 -6.422426e-01
    outer loop
      vertex   6.336805e-01 -9.465575e-04 1.100997e-01
      vertex   6.115666e-01 -7.904724e-03 1.365421e-01
      vertex   6.263139e-01 2.492197e-02 1.187038e-01
    endloop
  endfacet
  facet normal 2.437186e-01 9.295182e-01 2.767620e-01
    outer loop
      vertex   6.300541e-01 1.936094e-02 1.857496e-01
      vertex   6.383957e-01 2.876688e-02 1.468137e-01
      vertex   6.016534e-01 2.680155e-02 1.857699e-01
    endloop
  endfacet
  facet normal 6.906236e-01 6.472457e-01 3.226639e-01
    outer loop
      vertex   5.986568e-01 3.561326e-02 2.203505e-01
      vertex   5.811706e-01 3.459341e-02 2.598236e-01
      vertex   6.300541e-01 1.936094e-02 1.857496e-01
    endloop
  endfacet
  facet normal 7.922828e-01 1.774618e-01 5.837767e-01
    outer loop
      vertex   6.352932e-01 -1.707065e-03 1.974050e-01
      vertex   5.811706e-01 3.459341e-02 2.598236e-01
      vertex   5.977171e-01 -9.589668e-03 2.507984e-01
    endloop
  endfacet
  facet normal 2.970313e-01 -7.864175e-01 5.415901e-01
    outer loop
      vertex   5.068674e-01 5.127072e-03 3.354166e-01
      vertex   4.685449e-01 -1.164857e-03 3.472981e-01
      vertex   5.537755e-01 -3.318108e-02 2.540648e-01
    endloop
  endfacet
  facet normal -1.345659e-01 -9.684912e-01 2.095634e-01
    outer loop
      vertex   4.685449e-01 -1.164857e-03 3.472981e-01
      vertex   5.100887e-01 -1.993031e-02 2.872504e-01
      vertex   5.537755e-01 -3.318108e-02 2.540648e-01
    endloop
  endfacet
  facet normal 8.421084e-01 8.347126e-02 5.328095e-01
    outer loop
      vertex   3.315117e-01 6.325836e-02 4.876320e-01
      vertex   3.526085e-01 7.746716e-02 4.520624e-01
      vertex   3.284761e-01 8.939228e-02 4.883355e-01
    endloop
  endfacet
  facet normal 7.331045e-01 6.693316e-02 6.768144e-01
    outer loop
      vertex   3.315117e-01 6.325836e-02 4.876320e-01
      vertex   3.284761e-01 8.939228e-02 4.883355e-01
      vertex   3.013561e-01 7.518581e-02 5.191160e-01
    endloop
  endfacet
  facet normal 8.439295e-01 -4.439250e-01 3.011869e-01
    outer loop
      vertex   2.927240e-01 2.930498e-02 5.633885e-01
      vertex   2.715289e-01 1.193684e-03 5.813436e-01
      vertex   2.982215e-01 1.601669e-02 5.283986e-01
    endloop
  endfacet
  facet normal 8.790304e-01 1.417669e-01 4.552007e-01
    outer loop
      vertex   2.927240e-01 2.930498e-02 5.633885e-01
      vertex   2.888864e-01 6.954029e-02 5.582684e-01
      vertex   2.764365e-01 2.803109e-02 5.952377e-01
    endloop
  endfacet
  facet normal 8.739646e-01 1.496703e-01 4.623686e-01
    outer loop
      vertex   2.764365e-01 2.803109e-02 5.952377e-01
      vertex   2.888864e-01 6.954029e-02 5.582684e-01
      vertex   2.639922e-01 5.220719e-02 6.109338e-01
    endloop
  endfacet
  facet normal 2.520339e-01 9.655418e-01 -6.486846e-02
    outer loop
      vertex   2.275363e-01 1.237747e-01 5.708164e-01
      vertex   2.194073e-01 1.237734e-01 5.392137e-01
      vertex   1.865829e-01 1.328091e-01 5.461738e-01
    endloop
  endfacet
  facet normal 1.801975e-01 9.817702e-01 6.046584e-02
    outer loop
      vertex   1.865829e-01 1.328091e-01 5.461738e-01
      vertex   1.330631e-01 1.403565e-01 5.831261e-01
      vertex   2.275363e-01 1.237747e-01 5.708164e-01
    endloop
  endfacet
  facet normal 2.969599e-01 9.369775e-01 1.840871e-01
    outer loop
      vertex   2.094750e-01 1.382092e-01 4.817595e-01
      vertex   1.865829e-01 1.328091e-01 5.461738e-01
      vertex   2.194073e-01 1.237734e-01 5.392137e-01
    endloop
  endfacet
  facet normal 9.395815e-01 1.299191e-01 3.167139e-01
    outer loop
      vertex   2.888864e-01 6.954029e-02 5.582684e-01
      vertex   2.927240e-01 2.930498e-02 5.633885e-01
      vertex   3.067389e-01 4.273489e-02 5.163020e-01
    endloop
  endfacet
  facet normal 3.914038e-01 9.186535e-01 5.365388e-02
    outer loop
      vertex   2.640197e-01 1.050816e-01 5.338057e-01
      vertex   2.194073e-01 1.237734e-01 5.392137e-01
      vertex   2.648875e-01 1.028617e-01 5.654829e-01
    endloop
  endfacet
  facet normal 2.705862e-01 9.060839e-01 3.252616e-01
    outer loop
      vertex   2.357997e-01 1.351364e-01 4.939227e-01
      vertex   2.194073e-01 1.237734e-01 5.392137e-01
      vertex   2.530086e-01 1.204636e-01 5.204806e-01
    endloop
  endfacet
  facet normal 4.543962e-01 8.861237e-01 9.115281e-02
    outer loop
      vertex   2.001142e-01 1.319295e-01 4.445338e-01
      vertex   1.552555e-01 1.527575e-01 4.656789e-01
      vertex   1.449061e-01 1.512473e-01 5.319519e-01
    endloop
  endfacet
  facet normal -2.439076e-01 9.414621e-01 -2.327191e-01
    outer loop
      vertex   2.872280e-02 1.245803e-01 4.047475e-01
      vertex   8.488026e-02 1.532988e-01 4.620703e-01
      vertex   6.377571e-02 1.283542e-01 3.832765e-01
    endloop
  endfacet
  facet normal -5.737728e-02 9.561148e-01 -2.873191e-01
    outer loop
      vertex   6.377571e-02 1.283542e-01 3.832765e-01
      vertex   8.488026e-02 1.532988e-01 4.620703e-01
      vertex   1.199342e-01 1.386147e-01 4.062058e-01
    endloop
  endfacet
  facet normal 1.989350e-02 9.699547e-01 -2.424709e-01
    outer loop
      vertex   8.488026e-02 1.532988e-01 4.620703e-01
      vertex   1.552555e-01 1.527575e-01 4.656789e-01
      vertex   1.199342e-01 1.386147e-01 4.062058e-01
    endloop
  endfacet
  facet normal 6.689328e-04 9.698817e-01 2.435754e-01
    outer loop
      vertex   2.094750e-01 1.382092e-01 4.817595e-01
      vertex   2.194073e-01 1.237734e-01 5.392137e-01
      vertex   2.357997e-01 1.351364e-01 4.939227e-01
    endloop
  endfacet
  facet normal 5.678283e-01 3.410357e-01 7.491766e-01
    outer loop
      vertex   3.026252e-01 1.008034e-01 5.064927e-01
      vertex   2.640197e-01 1.050816e-01 5.338057e-01
      vertex   3.013561e-01 7.518581e-02 5.191160e-01
    endloop
  endfacet
  facet normal 4.192727e-01 8.673713e-01 2.680998e-01
    outer loop
      vertex   2.530086e-01 1.204636e-01 5.204806e-01
      vertex   3.026252e-01 1.008034e-01 5.064927e-01
      vertex   3.305020e-01 1.011699e-01 4.617114e-01
    endloop
  endfacet
  facet normal -5.960417e-01 4.406890e-01 -6.712134e-01
    outer loop
      vertex   3.108823e-01 5.845267e-02 3.569268e-01
      vertex   3.132105e-01 9.611560e-02 3.795872e-01
      vertex   3.613038e-01 7.261035e-02 3.214475e-01
    endloop
  endfacet
  facet normal -3.593375e-01 -4.156074e-01 -8.355519e-01
    outer loop
      vertex   3.432662e-01 8.719010e-03 3.492333e-01
      vertex   3.107086e-01 1.749379e-02 3.588704e-01
      vertex   3.461033e-01 4.186114e-02 3.315282e-01
    endloop
  endfacet
  facet normal -5.919850e-01 -3.397512e-01 -7.308372e-01
    outer loop
      vertex   3.432662e-01 8.719010e-03 3.492333e-01
      vertex   3.461033e-01 4.186114e-02 3.315282e-01
      vertex   4.022022e-01 1.412240e-02 2.989827e-01
    endloop
  endfacet
  facet normal -6.051960e-01 -5.593979e-01 -5.664026e-01
    outer loop
      vertex   4.022022e-01 1.412240e-02 2.989827e-01
      vertex   3.461033e-01 4.186114e-02 3.315282e-01
      vertex   3.939592e-01 3.550391e-02 2.866732e-01
    endloop
  endfacet
  facet normal 7.434410e-01 1.319449e-01 6.556570e-01
    outer loop
      vertex   5.230772e-01 2.162007e-02 3.291509e-01
      vertex   5.977171e-01 -9.589668e-03 2.507984e-01
      vertex   5.194511e-01 5.620873e-02 3.263018e-01
    endloop
  endfacet
  facet normal -3.059684e-01 -6.105170e-02 -9.500821e-01
    outer loop
      vertex   6.298242e-01 -3.493068e-02 1.197774e-01
      vertex   6.343046e-01 -7.098155e-02 1.206511e-01
      vertex   6.069517e-01 -4.124340e-02 1.275490e-01
    endloop
  endfacet
  facet normal -5.129804e-01 -5.069956e-01 -6.926807e-01
    outer loop
      vertex   6.676053e-01 -7.719320e-02 1.005361e-01
      vertex   6.343046e-01 -7.098155e-02 1.206511e-01
      vertex   6.533926e-01 -4.674814e-02 8.877785e-02
    endloop
  endfacet
  facet normal -9.093393e-01 3.069129e-01 -2.809029e-01
    outer loop
      vertex   6.879935e-01 -6.119682e-02 2.926698e-02
      vertex   6.751033e-01 -6.855003e-02 6.296107e-02
      vertex   6.753363e-01 -4.964710e-02 8.285994e-02
    endloop
  endfacet
  facet normal -4.670150e-01 -8.731652e-01 1.395695e-01
    outer loop
      vertex   6.899814e-01 -8.046343e-02 3.821309e-02
      vertex   6.751033e-01 -6.855003e-02 6.296107e-02
      vertex   6.808332e-01 -7.806968e-02 2.257765e-02
    endloop
  endfacet
  facet normal -9.905954e-01 -2.905260e-02 -1.337034e-01
    outer loop
      vertex   6.800835e-01 -6.729916e-02 2.579128e-02
      vertex   6.808332e-01 -7.806968e-02 2.257765e-02
      vertex   6.751033e-01 -6.855003e-02 6.296107e-02
    endloop
  endfacet
  facet normal -5.953312e-01 8.017446e-01 -5.278493e-02
    outer loop
      vertex   6.751033e-01 -6.855003e-02 6.296107e-02
      vertex   6.879935e-01 -6.119682e-02 2.926698e-02
      vertex   6.800835e-01 -6.729916e-02 2.579128e-02
    endloop
  endfacet
  facet normal 1.195915e-01 9.831132e-01 -1.385144e-01
    outer loop
      vertex   6.750181e-01 -2.837555e-02 3.246095e-02
      vertex   6.639099e-01 -2.055957e-02 7.834462e-02
      vertex   6.831776e-01 -2.257256e-02 8.069276e-02
    endloop
  endfacet
  facet normal -9.593425e-01 -2.766641e-01 5.584737e-02
    outer loop
      vertex   6.683324e-01 -3.659322e-02 3.004817e-02
      vertex   6.683789e-01 -4.431764e-02 -7.418076e-03
      vertex   6.712460e-01 -4.950609e-02 1.612892e-02
    endloop
  endfacet
  facet normal -9.570696e-01 -2.830877e-01 6.228231e-02
    outer loop
      vertex   6.683324e-01 -3.659322e-02 3.004817e-02
      vertex   6.712460e-01 -4.950609e-02 1.612892e-02
      vertex   6.728285e-01 -4.605413e-02 5.613692e-02
    endloop
  endfacet
  facet normal -8.878298e-02 -9.920571e-01 8.910838e-02
    outer loop
      vertex   6.712460e-01 -4.950609e-02 1.612892e-02
      vertex   6.836510e-01 -4.840112e-02 4.079048e-02
      vertex   6.728285e-01 -4.605413e-02 5.613692e-02
    endloop
  endfacet
  facet normal -8.141101e-01 -5.766202e-01 -6.880302e-02
    outer loop
      vertex   6.728285e-01 -4.605413e-02 5.613692e-02
      vertex   6.632986e-01 -3.477645e-02 7.438405e-02
      vertex   6.683324e-01 -3.659322e-02 3.004817e-02
    endloop
  endfacet
  facet normal 9.035519e-01 4.256489e-01 -4.916245e-02
    outer loop
      vertex   6.889195e-01 -2.974978e-02 5.119630e-02
      vertex   6.810297e-01 -9.872910e-03 7.828511e-02
      vertex   6.915793e-01 -3.247409e-02 7.649440e-02
    endloop
  endfacet
  facet normal 2.654908e-01 -9.635618e-01 3.260785e-02
    outer loop
      vertex   6.518144e-01 -7.982297e-02 1.513947e-01
      vertex   6.676053e-01 -7.719320e-02 1.005361e-01
      vertex   6.926169e-01 -7.033959e-02 9.941762e-02
    endloop
  endfacet
  facet normal 6.046186e-01 -3.165606e-01 7.309075e-01
    outer loop
      vertex   4.628656e-01 2.485255e-02 3.803589e-01
      vertex   5.068674e-01 5.127072e-03 3.354166e-01
      vertex   5.230772e-01 2.162007e-02 3.291509e-01
    endloop
  endfacet
  facet normal -1.280851e-01 -7.428318e-01 -6.571112e-01
    outer loop
      vertex   3.742582e-01 1.567090e-03 3.512772e-01
      vertex   3.366373e-01 -9.479793e-03 3.710983e-01
      vertex   3.432662e-01 8.719010e-03 3.492333e-01
    endloop
  endfacet
  facet normal 6.682012e-01 1.303839e-01 7.324665e-01
    outer loop
      vertex   5.230772e-01 2.162007e-02 3.291509e-01
      vertex   5.194511e-01 5.620873e-02 3.263018e-01
      vertex   4.723602e-01 6.160317e-02 3.683008e-01
    endloop
  endfacet
  facet normal 6.997093e-01 5.322588e-01 4.765579e-01
    outer loop
      vertex   5.194511e-01 5.620873e-02 3.263018e-01
      vertex   5.811706e-01 3.459341e-02 2.598236e-01
      vertex   5.430202e-01 6.299255e-02 2.841196e-01
    endloop
  endfacet
  facet normal -1.414770e-01 6.967387e-01 -7.032350e-01
    outer loop
      vertex   4.992747e-01 4.331813e-02 2.332563e-01
      vertex   5.647846e-01 4.025299e-02 2.170402e-01
      vertex   5.688851e-01 2.015712e-02 1.963050e-01
    endloop
  endfacet
  facet normal -5.164454e-01 -1.005391e-01 -8.503976e-01
    outer loop
      vertex   5.684207e-01 -3.633558e-02 1.982834e-01
      vertex   5.565193e-01 -1.324077e-02 2.027807e-01
      vertex   5.764291e-01 5.086562e-03 1.885227e-01
    endloop
  endfacet
  facet normal -7.065601e-01 2.467794e-01 -6.632290e-01
    outer loop
      vertex   5.772692e-01 -3.434757e-02 1.729548e-01
      vertex   5.764291e-01 5.086562e-03 1.885227e-01
      vertex   5.929433e-01 -2.246084e-02 1.606796e-01
    endloop
  endfacet
  facet normal -8.877262e-01 3.299852e-01 -3.210170e-01
    outer loop
      vertex   5.882711e-01 -3.242887e-02 1.445029e-01
      vertex   5.773103e-01 -6.173142e-02 1.446923e-01
      vertex   5.772692e-01 -3.434757e-02 1.729548e-01
    endloop
  endfacet
  facet normal -1.670028e-01 5.940052e-01 -7.869357e-01
    outer loop
      vertex   4.752570e-01 7.694563e-02 2.637365e-01
      vertex   5.647846e-01 4.025299e-02 2.170402e-01
      vertex   4.992747e-01 4.331813e-02 2.332563e-01
    endloop
  endfacet
  facet normal 2.031820e-01 9.094645e-01 -3.627552e-01
    outer loop
      vertex   5.203760e-01 7.630346e-02 2.825488e-01
      vertex   5.647846e-01 4.025299e-02 2.170402e-01
      vertex   4.592020e-01 9.317355e-02 2.905798e-01
    endloop
  endfacet
  facet normal 6.110585e-01 4.892278e-01 6.223052e-01
    outer loop
      vertex   4.668181e-01 9.245622e-02 3.494875e-01
      vertex   4.723602e-01 6.160317e-02 3.683008e-01
      vertex   5.194511e-01 5.620873e-02 3.263018e-01
    endloop
  endfacet
  facet normal -5.768387e-01 -8.508687e-02 -8.124145e-01
    outer loop
      vertex   2.264936e-01 6.999465e-02 4.073094e-01
      vertex   2.439113e-01 9.368215e-02 3.924615e-01
      vertex   2.717083e-01 5.289503e-02 3.769965e-01
    endloop
  endfacet
  facet normal -5.374046e-01 5.272352e-01 -6.581940e-01
    outer loop
      vertex   2.266314e-01 1.201507e-01 4.134478e-01
      vertex   2.054460e-01 1.036270e-01 4.175093e-01
      vertex   2.001142e-01 1.319295e-01 4.445338e-01
    endloop
  endfacet
  facet normal -6.072209e-01 -3.051231e-01 -7.336094e-01
    outer loop
      vertex   2.264936e-01 6.999465e-02 4.073094e-01
      vertex   2.717083e-01 5.289503e-02 3.769965e-01
      vertex   2.378326e-01 1.516769e-02 4.207276e-01
    endloop
  endfacet
  facet normal -2.117616e-01 -9.328704e-01 -2.913930e-01
    outer loop
      vertex   3.030554e-01 -4.779377e-03 3.804550e-01
      vertex   3.366373e-01 -9.479793e-03 3.710983e-01
      vertex   2.704432e-01 -1.433424e-02 4.347441e-01
    endloop
  endfacet
  facet normal 4.114153e-02 -9.985957e-01 -3.337699e-02
    outer loop
      vertex   3.366373e-01 -9.479793e-03 3.710983e-01
      vertex   3.658683e-01 -8.546921e-03 3.792189e-01
      vertex   2.704432e-01 -1.433424e-02 4.347441e-01
    endloop
  endfacet
  facet normal 4.362382e-01 -3.785725e-01 8.163204e-01
    outer loop
      vertex   4.426677e-01 1.374947e-02 3.798358e-01
      vertex   4.163719e-01 4.920629e-02 4.103314e-01
      vertex   3.887212e-01 1.666080e-02 4.100147e-01
    endloop
  endfacet
  facet normal 5.743340e-01 6.949383e-01 4.326675e-01
    outer loop
      vertex   4.626723e-01 1.014811e-01 3.289562e-01
      vertex   5.194511e-01 5.620873e-02 3.263018e-01
      vertex   5.430202e-01 6.299255e-02 2.841196e-01
    endloop
  endfacet
  facet normal -8.558777e-01 -5.276113e-02 -5.144799e-01
    outer loop
      vertex   5.573502e-01 -4.014867e-02 2.170911e-01
      vertex   5.684207e-01 -3.633558e-02 1.982834e-01
      vertex   5.813977e-01 -6.182239e-02 1.793088e-01
    endloop
  endfacet
  facet normal 6.567722e-01 -7.469228e-01 1.037138e-01
    outer loop
      vertex   6.099343e-01 -9.830115e-02 1.177942e-01
      vertex   5.992227e-01 -1.122284e-01 8.532509e-02
      vertex   6.142473e-01 -9.905661e-02 8.504103e-02
    endloop
  endfacet
  facet normal -9.624880e-01 1.205642e-01 -2.430659e-01
    outer loop
      vertex   5.863116e-01 -8.493610e-02 8.421675e-02
      vertex   5.906703e-01 -1.042407e-01 5.738161e-02
      vertex   5.857891e-01 -1.020199e-01 7.781178e-02
    endloop
  endfacet
  facet normal 7.752195e-01 5.694213e-01 -2.734853e-01
    outer loop
      vertex   6.142473e-01 -9.905661e-02 8.504103e-02
      vertex   6.011295e-01 -8.150011e-02 8.441164e-02
      vertex   6.107328e-01 -8.345611e-02 1.075604e-01
    endloop
  endfacet
  facet normal 7.760301e-01 5.701660e-01 -2.696073e-01
    outer loop
      vertex   6.142473e-01 -9.905661e-02 8.504103e-02
      vertex   6.054651e-01 -9.787963e-02 6.225142e-02
      vertex   6.011295e-01 -8.150011e-02 8.441164e-02
    endloop
  endfacet
  facet normal -2.104187e-01 9.253374e-01 -3.153961e-01
    outer loop
      vertex   5.863116e-01 -8.493610e-02 8.421675e-02
      vertex   6.011295e-01 -8.150011e-02 8.441164e-02
      vertex   5.951574e-01 -8.971348e-02 6.429890e-02
    endloop
  endfacet
  facet normal -2.208782e-01 -9.376361e-01 2.684237e-01
    outer loop
      vertex   5.958487e-01 -9.363109e-02 1.475111e-01
      vertex   5.849247e-01 -1.019042e-01 1.096230e-01
      vertex   5.992227e-01 -1.122284e-01 8.532509e-02
    endloop
  endfacet
  facet normal 9.909028e-01 3.607821e-02 1.296533e-01
    outer loop
      vertex   6.099343e-01 -9.830115e-02 1.177942e-01
      vertex   6.142473e-01 -9.905661e-02 8.504103e-02
      vertex   6.107328e-01 -8.345611e-02 1.075604e-01
    endloop
  endfacet
  facet normal -9.780641e-01 9.868712e-02 -1.834432e-01
    outer loop
      vertex   5.773103e-01 -6.173142e-02 1.446923e-01
      vertex   5.863116e-01 -8.493610e-02 8.421675e-02
      vertex   5.857891e-01 -1.020199e-01 7.781178e-02
    endloop
  endfacet
  facet normal -3.410406e-03 9.880829e-02 -9.951006e-01
    outer loop
      vertex   6.168148e-01 -5.996026e-02 1.218054e-01
      vertex   6.343046e-01 -7.098155e-02 1.206511e-01
      vertex   6.115034e-01 -7.234389e-02 1.205940e-01
    endloop
  endfacet
  facet normal 4.254409e-02 -6.814124e-01 -7.306621e-01
    outer loop
      vertex   6.341099e-01 -7.198424e-02 1.215749e-01
      vertex   6.115034e-01 -7.234389e-02 1.205940e-01
      vertex   6.343046e-01 -7.098155e-02 1.206511e-01
    endloop
  endfacet
  facet normal -2.257701e-01 -9.667507e-01 -1.200868e-01
    outer loop
      vertex   6.518144e-01 -7.982297e-02 1.513947e-01
      vertex   6.341099e-01 -7.198424e-02 1.215749e-01
      vertex   6.676053e-01 -7.719320e-02 1.005361e-01
    endloop
  endfacet
  facet normal -9.538976e-01 -2.784908e-01 1.119030e-01
    outer loop
      vertex   5.773103e-01 -6.173142e-02 1.446923e-01
      vertex   5.849247e-01 -1.019042e-01 1.096230e-01
      vertex   5.813977e-01 -6.182239e-02 1.793088e-01
    endloop
  endfacet
  facet normal -4.364565e-01 -1.283351e-02 -8.996338e-01
    outer loop
      vertex   5.565193e-01 -1.324077e-02 2.027807e-01
      vertex   4.777710e-01 2.009868e-02 2.405098e-01
      vertex   5.688851e-01 2.015712e-02 1.963050e-01
    endloop
  endfacet
  facet normal -4.344508e-01 9.795594e-02 -8.953531e-01
    outer loop
      vertex   5.688851e-01 2.015712e-02 1.963050e-01
      vertex   4.777710e-01 2.009868e-02 2.405098e-01
      vertex   4.993235e-01 4.139680e-02 2.323820e-01
    endloop
  endfacet
  facet normal 5.800172e-01 1.147624e-01 8.064798e-01
    outer loop
      vertex   4.628656e-01 2.485255e-02 3.803589e-01
      vertex   4.723602e-01 6.160317e-02 3.683008e-01
      vertex   4.163719e-01 4.920629e-02 4.103314e-01
    endloop
  endfacet
  facet normal -2.817807e-01 -6.937232e-01 -6.628332e-01
    outer loop
      vertex   3.432662e-01 8.719010e-03 3.492333e-01
      vertex   3.366373e-01 -9.479793e-03 3.710983e-01
      vertex   3.030554e-01 -4.779377e-03 3.804550e-01
    endloop
  endfacet
  facet normal -3.709141e-01 -5.774063e-01 -7.273408e-01
    outer loop
      vertex   3.107086e-01 1.749379e-02 3.588704e-01
      vertex   3.432662e-01 8.719010e-03 3.492333e-01
      vertex   3.030554e-01 -4.779377e-03 3.804550e-01
    endloop
  endfacet
  facet normal -3.542924e-01 4.279521e-01 -8.314649e-01
    outer loop
      vertex   2.722248e-01 9.883148e-02 3.830473e-01
      vertex   2.439113e-01 9.368215e-02 3.924615e-01
      vertex   2.266314e-01 1.201507e-01 4.134478e-01
    endloop
  endfacet
  facet normal 1.160529e-01 9.932430e-01 -2.468633e-04
    outer loop
      vertex   2.496597e-01 1.335008e-01 4.289133e-01
      vertex   2.094750e-01 1.382092e-01 4.817595e-01
      vertex   2.357997e-01 1.351364e-01 4.939227e-01
    endloop
  endfacet
  facet normal -5.612399e-01 -1.021428e-01 -8.213261e-01
    outer loop
      vertex   2.054460e-01 1.036270e-01 4.175093e-01
      vertex   2.439113e-01 9.368215e-02 3.924615e-01
      vertex   2.264936e-01 6.999465e-02 4.073094e-01
    endloop
  endfacet
  facet normal 5.671842e-01 -6.906145e-01 4.487244e-01
    outer loop
      vertex   3.228562e-01 -4.001028e-03 4.614678e-01
      vertex   3.788966e-01 -3.188770e-03 3.918833e-01
      vertex   3.887212e-01 1.666080e-02 4.100147e-01
    endloop
  endfacet
  facet normal 3.723040e-02 -8.324747e-01 -5.528108e-01
    outer loop
      vertex   6.244085e-01 -9.083715e-02 1.493120e-01
      vertex   6.115034e-01 -7.234389e-02 1.205940e-01
      vertex   6.341099e-01 -7.198424e-02 1.215749e-01
    endloop
  endfacet
  facet normal 6.003681e-01 -7.242465e-01 3.391536e-01
    outer loop
      vertex   6.518144e-01 -7.982297e-02 1.513947e-01
      vertex   6.926169e-01 -7.033959e-02 9.941762e-02
      vertex   6.712797e-01 -6.579542e-02 1.468924e-01
    endloop
  endfacet
  facet normal 5.760226e-01 -6.335175e-01 5.165786e-01
    outer loop
      vertex   6.339709e-01 -5.792184e-02 1.981504e-01
      vertex   6.518144e-01 -7.982297e-02 1.513947e-01
      vertex   6.712797e-01 -6.579542e-02 1.468924e-01
    endloop
  endfacet
  facet normal 7.749221e-01 -2.097144e-01 5.962513e-01
    outer loop
      vertex   6.712797e-01 -6.579542e-02 1.468924e-01
      vertex   6.521654e-01 -3.731124e-02 1.817529e-01
      vertex   6.339709e-01 -5.792184e-02 1.981504e-01
    endloop
  endfacet
  facet normal 9.723224e-01 1.680038e-01 1.623697e-01
    outer loop
      vertex   6.902880e-01 -4.355286e-02 9.569044e-02
      vertex   6.915793e-01 -3.247409e-02 7.649440e-02
      vertex   6.822774e-01 -1.831238e-02 1.175443e-01
    endloop
  endfacet
  facet normal 9.716933e-01 1.512736e-01 1.814620e-01
    outer loop
      vertex   6.902880e-01 -4.355286e-02 9.569044e-02
      vertex   6.822774e-01 -1.831238e-02 1.175443e-01
      vertex   6.864849e-01 -5.358294e-02 1.244168e-01
    endloop
  endfacet
  facet normal 2.146366e-01 7.613704e-01 -6.117567e-01
    outer loop
      vertex   6.753363e-01 -4.964710e-02 8.285994e-02
      vertex   6.902880e-01 -4.355286e-02 9.569044e-02
      vertex   6.941774e-01 -5.919587e-02 7.758632e-02
    endloop
  endfacet
  facet normal 4.294938e-01 8.983541e-01 -9.216816e-02
    outer loop
      vertex   6.753363e-01 -4.964710e-02 8.285994e-02
      vertex   6.941774e-01 -5.919587e-02 7.758632e-02
      vertex   6.879935e-01 -6.119682e-02 2.926698e-02
    endloop
  endfacet
  facet normal 9.995995e-01 -1.436377e-02 2.438440e-02
    outer loop
      vertex   6.977337e-01 -6.758490e-02 1.982814e-02
      vertex   6.967646e-01 -7.328853e-02 5.619325e-02
      vertex   6.977770e-01 -7.842022e-02 1.166908e-02
    endloop
  endfacet
  facet normal 4.781434e-01 8.728711e-01 -9.733906e-02
    outer loop
      vertex   6.977337e-01 -6.758490e-02 1.982814e-02
      vertex   6.879935e-01 -6.119682e-02 2.926698e-02
      vertex   6.941774e-01 -5.919587e-02 7.758632e-02
    endloop
  endfacet
  facet normal 9.924022e-01 1.147301e-01 4.444013e-02
    outer loop
      vertex   6.941774e-01 -5.919587e-02 7.758632e-02
      vertex   6.967646e-01 -7.328853e-02 5.619325e-02
      vertex   6.977337e-01 -6.758490e-02 1.982814e-02
    endloop
  endfacet
  facet normal -5.445075e-01 -4.402352e-01 -7.139359e-01
    outer loop
      vertex   6.933591e-01 -7.538076e-02 -3.431320e-03
      vertex   6.883407e-01 -8.265911e-02 4.884171e-03
      vertex   6.845192e-01 -7.213180e-02 1.307327e-03
    endloop
  endfacet
  facet normal 1.357162e-01 9.168546e-01 -3.754448e-01
    outer loop
      vertex   6.933591e-01 -7.538076e-02 -3.431320e-03
      vertex   6.845192e-01 -7.213180e-02 1.307327e-03
      vertex   6.879935e-01 -6.119682e-02 2.926698e-02
    endloop
  endfacet
  facet normal 2.526004e-01 9.021016e-01 -3.498653e-01
    outer loop
      vertex   6.933591e-01 -7.538076e-02 -3.431320e-03
      vertex   6.879935e-01 -6.119682e-02 2.926698e-02
      vertex   6.977337e-01 -6.758490e-02 1.982814e-02
    endloop
  endfacet
  facet normal -3.240304e-01 6.447996e-01 -6.922700e-01
    outer loop
      vertex   5.871527e-01 -6.331727e-02 1.162561e-01
      vertex   5.882711e-01 -3.242887e-02 1.445029e-01
      vertex   6.069517e-01 -4.124340e-02 1.275490e-01
    endloop
  endfacet
  facet normal -9.200431e-01 -2.336242e-01 -3.145478e-01
    outer loop
      vertex   5.929433e-01 -2.246084e-02 1.606796e-01
      vertex   5.764291e-01 5.086562e-03 1.885227e-01
      vertex   5.883351e-01 -5.095970e-03 1.612609e-01
    endloop
  endfacet
  facet normal 2.579662e-01 8.598574e-01 -4.405663e-01
    outer loop
      vertex   1.211885e-01 1.194537e-01 3.695434e-01
      vertex   1.199342e-01 1.386147e-01 4.062058e-01
      vertex   1.780943e-01 1.279934e-01 4.195306e-01
    endloop
  endfacet
  facet normal 7.407171e-01 1.650663e-01 -6.512230e-01
    outer loop
      vertex   1.932469e-01 7.143185e-02 3.954732e-01
      vertex   1.810967e-01 9.515336e-02 3.876660e-01
      vertex   2.054460e-01 1.036270e-01 4.175093e-01
    endloop
  endfacet
  facet normal 8.984499e-01 -4.123322e-02 -4.371357e-01
    outer loop
      vertex   2.054460e-01 1.036270e-01 4.175093e-01
      vertex   2.002233e-01 6.124967e-02 4.107722e-01
      vertex   1.932469e-01 7.143185e-02 3.954732e-01
    endloop
  endfacet
  facet normal 6.070113e-01 -5.787028e-01 5.446470e-01
    outer loop
      vertex   3.887212e-01 1.666080e-02 4.100147e-01
      vertex   3.321418e-01 1.503073e-02 4.713407e-01
      vertex   3.228562e-01 -4.001028e-03 4.614678e-01
    endloop
  endfacet
  facet normal 5.937040e-01 -5.104652e-01 6.220456e-01
    outer loop
      vertex   3.590029e-01 3.963961e-02 4.572360e-01
      vertex   3.887212e-01 1.666080e-02 4.100147e-01
      vertex   4.163719e-01 4.920629e-02 4.103314e-01
    endloop
  endfacet
  facet normal 8.650527e-01 1.933916e-01 4.629077e-01
    outer loop
      vertex   6.822774e-01 -1.831238e-02 1.175443e-01
      vertex   6.521654e-01 -3.731124e-02 1.817529e-01
      vertex   6.864849e-01 -5.358294e-02 1.244168e-01
    endloop
  endfacet
  facet normal 8.843223e-01 4.149834e-01 2.139224e-01
    outer loop
      vertex   6.822774e-01 -1.831238e-02 1.175443e-01
      vertex   6.653504e-01 2.228804e-02 1.087581e-01
      vertex   6.659940e-01 3.263592e-03 1.430026e-01
    endloop
  endfacet
  facet normal 6.684473e-01 6.775003e-01 3.068739e-01
    outer loop
      vertex   6.383957e-01 2.876688e-02 1.468137e-01
      vertex   6.300541e-01 1.936094e-02 1.857496e-01
      vertex   6.659940e-01 3.263592e-03 1.430026e-01
    endloop
  endfacet
  facet normal 5.750192e-01 -3.658224e-01 7.317970e-01
    outer loop
      vertex   5.977171e-01 -9.589668e-03 2.507984e-01
      vertex   5.817421e-01 -3.093676e-02 2.526796e-01
      vertex   6.339709e-01 -5.792184e-02 1.981504e-01
    endloop
  endfacet
  facet normal -4.895697e-01 -4.078847e-01 -7.706825e-01
    outer loop
      vertex   4.777710e-01 2.009868e-02 2.405098e-01
      vertex   5.247240e-01 -9.361672e-03 2.262752e-01
      vertex   4.437910e-01 1.318998e-02 2.657517e-01
    endloop
  endfacet
  facet normal -3.076805e-01 3.876094e-01 -8.689601e-01
    outer loop
      vertex   4.992747e-01 4.331813e-02 2.332563e-01
      vertex   4.993235e-01 4.139680e-02 2.323820e-01
      vertex   4.306176e-01 7.186003e-02 2.702977e-01
    endloop
  endfacet
  facet normal 5.611571e-01 3.756340e-01 7.375647e-01
    outer loop
      vertex   3.988034e-01 1.079258e-01 3.937927e-01
      vertex   3.733094e-01 8.959193e-02 4.225264e-01
      vertex   4.163719e-01 4.920629e-02 4.103314e-01
    endloop
  endfacet
  facet normal 6.820055e-01 -3.897191e-01 6.188599e-01
    outer loop
      vertex   3.321418e-01 1.503073e-02 4.713407e-01
      vertex   3.887212e-01 1.666080e-02 4.100147e-01
      vertex   3.590029e-01 3.963961e-02 4.572360e-01
    endloop
  endfacet
  facet normal -3.768292e-01 -8.617358e-01 -3.397222e-01
    outer loop
      vertex   2.704432e-01 -1.433424e-02 4.347441e-01
      vertex   2.080329e-01 -5.609110e-03 4.818392e-01
      vertex   2.626707e-01 -1.957704e-03 4.119714e-01
    endloop
  endfacet
  facet normal -6.035782e-01 -6.175694e-01 -5.042830e-01
    outer loop
      vertex   2.080329e-01 -5.609110e-03 4.818392e-01
      vertex   2.378326e-01 1.516769e-02 4.207276e-01
      vertex   2.626707e-01 -1.957704e-03 4.119714e-01
    endloop
  endfacet
  facet normal -6.021747e-01 -3.050972e-01 -7.377678e-01
    outer loop
      vertex   2.069101e-01 3.990788e-02 4.357358e-01
      vertex   2.264936e-01 6.999465e-02 4.073094e-01
      vertex   2.378326e-01 1.516769e-02 4.207276e-01
    endloop
  endfacet
  facet normal -7.630396e-02 9.630676e-01 -2.582217e-01
    outer loop
      vertex   9.145743e-03 8.098805e-02 3.107794e-01
      vertex   4.289038e-02 9.304508e-02 3.457760e-01
      vertex   4.436946e-02 7.565399e-02 2.804769e-01
    endloop
  endfacet
  facet normal 3.629443e-01 9.024355e-01 -2.321243e-01
    outer loop
      vertex   4.289038e-02 9.304508e-02 3.457760e-01
      vertex   9.669929e-02 6.225607e-02 3.102112e-01
      vertex   4.436946e-02 7.565399e-02 2.804769e-01
    endloop
  endfacet
  facet normal 5.323984e-01 5.655243e-01 -6.298684e-01
    outer loop
      vertex   1.810967e-01 9.515336e-02 3.876660e-01
      vertex   1.478757e-01 7.413391e-02 3.407136e-01
      vertex   1.326557e-01 8.872309e-02 3.409476e-01
    endloop
  endfacet
  facet normal 4.955906e-01 6.277488e-01 -6.002678e-01
    outer loop
      vertex   1.810967e-01 9.515336e-02 3.876660e-01
      vertex   1.326557e-01 8.872309e-02 3.409476e-01
      vertex   1.780943e-01 1.279934e-01 4.195306e-01
    endloop
  endfacet
  facet normal 7.611641e-01 1.853150e-01 -6.215204e-01
    outer loop
      vertex   1.932469e-01 7.143185e-02 3.954732e-01
      vertex   1.478757e-01 7.413391e-02 3.407136e-01
      vertex   1.810967e-01 9.515336e-02 3.876660e-01
    endloop
  endfacet
  facet normal 7.319969e-01 -5.429862e-01 -4.115173e-01
    outer loop
      vertex   2.069101e-01 3.990788e-02 4.357358e-01
      vertex   1.885981e-01 -5.662342e-03 4.632915e-01
      vertex   1.795289e-01 2.961382e-02 4.006134e-01
    endloop
  endfacet
  facet normal -2.715499e-01 -9.445013e-01 -1.848728e-01
    outer loop
      vertex   2.284879e-01 -1.405231e-02 4.949296e-01
      vertex   2.080329e-01 -5.609110e-03 4.818392e-01
      vertex   2.704432e-01 -1.433424e-02 4.347441e-01
    endloop
  endfacet
  facet normal 5.527921e-01 3.629168e-01 7.501415e-01
    outer loop
      vertex   4.163719e-01 4.920629e-02 4.103314e-01
      vertex   3.733094e-01 8.959193e-02 4.225264e-01
      vertex   3.590029e-01 3.963961e-02 4.572360e-01
    endloop
  endfacet
  facet normal 7.600078e-01 4.489639e-01 4.699143e-01
    outer loop
      vertex   6.352932e-01 -1.707065e-03 1.974050e-01
      vertex   6.659940e-01 3.263592e-03 1.430026e-01
      vertex   6.300541e-01 1.936094e-02 1.857496e-01
    endloop
  endfacet
  facet normal -6.310636e-01 7.447147e-01 -2.171606e-01
    outer loop
      vertex   6.263139e-01 2.492197e-02 1.187038e-01
      vertex   6.253874e-01 3.031860e-02 1.399030e-01
      vertex   6.385413e-01 2.364352e-02 7.878719e-02
    endloop
  endfacet
  facet normal 7.469528e-01 -6.146147e-01 -2.535946e-01
    outer loop
      vertex   6.593532e-01 8.511424e-03 8.371779e-02
      vertex   6.459566e-01 1.230407e-02 3.506673e-02
      vertex   6.661564e-01 1.465905e-02 8.885695e-02
    endloop
  endfacet
  facet normal -2.199342e-01 -9.736657e-01 -6.003446e-02
    outer loop
      vertex   6.459566e-01 1.230407e-02 3.506673e-02
      vertex   6.388330e-01 1.293666e-02 5.090419e-02
      vertex   6.301781e-01 1.703697e-02 1.611018e-02
    endloop
  endfacet
  facet normal -5.502959e-01 8.089566e-01 -2.067936e-01
    outer loop
      vertex   6.385413e-01 2.364352e-02 7.878719e-02
      vertex   6.253874e-01 3.031860e-02 1.399030e-01
      vertex   6.524848e-01 2.982455e-02 6.586195e-02
    endloop
  endfacet
  facet normal 9.172308e-01 3.944508e-01 5.564411e-02
    outer loop
      vertex   6.653504e-01 2.228804e-02 1.087581e-01
      vertex   6.822774e-01 -1.831238e-02 1.175443e-01
      vertex   6.810297e-01 -9.872910e-03 7.828511e-02
    endloop
  endfacet
  facet normal -2.403659e-01 7.652313e-01 -5.971979e-01
    outer loop
      vertex   6.766034e-01 2.529503e-03 6.910970e-02
      vertex   6.593532e-01 8.511424e-03 8.371779e-02
      vertex   6.661564e-01 1.465905e-02 8.885695e-02
    endloop
  endfacet
  facet normal 9.149814e-01 3.564900e-01 -1.890080e-01
    outer loop
      vertex   6.810297e-01 -9.872910e-03 7.828511e-02
      vertex   6.672137e-01 -9.602285e-03 1.191286e-02
      vertex   6.645941e-01 6.335931e-04 1.853761e-02
    endloop
  endfacet
  facet normal -1.201433e-01 9.900603e-01 -7.311712e-02
    outer loop
      vertex   6.528039e-01 4.862070e-05 2.999001e-02
      vertex   6.645941e-01 6.335931e-04 1.853761e-02
      vertex   6.475877e-01 -2.798005e-03 1.551819e-05
    endloop
  endfacet
  facet normal -8.558038e-01 -1.993366e-01 -4.773519e-01
    outer loop
      vertex   6.526148e-01 -1.540636e-02 -3.732040e-03
      vertex   6.475877e-01 -2.798005e-03 1.551819e-05
      vertex   6.543340e-01 -7.657547e-03 -1.004991e-02
    endloop
  endfacet
  facet normal -9.739234e-01 -1.350468e-01 1.823062e-01
    outer loop
      vertex   6.528039e-01 4.862070e-05 2.999001e-02
      vertex   6.475877e-01 -2.798005e-03 1.551819e-05
      vertex   6.549827e-01 -1.610299e-02 2.966524e-02
    endloop
  endfacet
  facet normal 5.291133e-01 -8.478243e-01 -3.511432e-02
    outer loop
      vertex   6.639099e-01 -2.055957e-02 7.834462e-02
      vertex   6.719412e-01 -1.414609e-02 4.451131e-02
      vertex   6.810297e-01 -9.872910e-03 7.828511e-02
    endloop
  endfacet
  facet normal -5.723811e-01 7.591982e-01 -3.098354e-01
    outer loop
      vertex   6.790382e-01 -4.561737e-02 -1.721385e-02
      vertex   6.750181e-01 -2.837555e-02 3.246095e-02
      vertex   6.833654e-01 -3.271031e-02 6.418716e-03
    endloop
  endfacet
  facet normal 9.569649e-01 1.422810e-01 -2.529313e-01
    outer loop
      vertex   6.790382e-01 -4.561737e-02 -1.721385e-02
      vertex   6.833654e-01 -3.271031e-02 6.418716e-03
      vertex   6.869137e-01 -4.621762e-02 1.224538e-02
    endloop
  endfacet
  facet normal 9.111728e-01 3.372374e-01 -2.367172e-01
    outer loop
      vertex   6.869137e-01 -4.621762e-02 1.224538e-02
      vertex   6.795913e-01 -4.649108e-02 -1.632957e-02
      vertex   6.790382e-01 -4.561737e-02 -1.721385e-02
    endloop
  endfacet
  facet normal -7.489043e-01 6.488432e-01 -1.347028e-01
    outer loop
      vertex   6.683324e-01 -3.659322e-02 3.004817e-02
      vertex   6.750181e-01 -2.837555e-02 3.246095e-02
      vertex   6.683789e-01 -4.431764e-02 -7.418076e-03
    endloop
  endfacet
  facet normal -3.369240e-01 -9.367940e-01 -9.433559e-02
    outer loop
      vertex   6.728285e-01 -4.605413e-02 5.613692e-02
      vertex   6.836510e-01 -4.840112e-02 4.079048e-02
      vertex   6.753363e-01 -4.964710e-02 8.285994e-02
    endloop
  endfacet
  facet normal 8.027636e-01 1.240062e-01 5.832608e-01
    outer loop
      vertex   5.977171e-01 -9.589668e-03 2.507984e-01
      vertex   6.521654e-01 -3.731124e-02 1.817529e-01
      vertex   6.352932e-01 -1.707065e-03 1.974050e-01
    endloop
  endfacet
  facet normal -4.812869e-01 8.170136e-03 -8.765251e-01
    outer loop
      vertex   4.777710e-01 2.009868e-02 2.405098e-01
      vertex   3.939592e-01 3.550391e-02 2.866732e-01
      vertex   3.954884e-01 6.404267e-02 2.860995e-01
    endloop
  endfacet
  facet normal 3.993504e-01 5.700332e-01 7.180400e-01
    outer loop
      vertex   3.988034e-01 1.079258e-01 3.937927e-01
      vertex   3.466019e-01 1.168131e-01 4.157701e-01
      vertex   3.733094e-01 8.959193e-02 4.225264e-01
    endloop
  endfacet
  facet normal 8.010597e-01 2.119734e-01 5.597951e-01
    outer loop
      vertex   3.526085e-01 7.746716e-02 4.520624e-01
      vertex   3.315117e-01 6.325836e-02 4.876320e-01
      vertex   3.590029e-01 3.963961e-02 4.572360e-01
    endloop
  endfacet
  facet normal 5.793245e-01 -5.798335e-01 5.728667e-01
    outer loop
      vertex   2.981253e-01 1.492439e-02 5.056330e-01
      vertex   3.228562e-01 -4.001028e-03 4.614678e-01
      vertex   3.321418e-01 1.503073e-02 4.713407e-01
    endloop
  endfacet
  facet normal 1.969428e-01 -9.750852e-01 1.020896e-01
    outer loop
      vertex   2.573919e-01 -1.411704e-02 4.911353e-01
      vertex   3.228562e-01 -4.001028e-03 4.614678e-01
      vertex   2.541490e-01 -1.204197e-02 5.172110e-01
    endloop
  endfacet
  facet normal 8.316300e-03 -9.967318e-01 8.035305e-02
    outer loop
      vertex   2.541490e-01 -1.204197e-02 5.172110e-01
      vertex   2.284879e-01 -1.405231e-02 4.949296e-01
      vertex   2.573919e-01 -1.411704e-02 4.911353e-01
    endloop
  endfacet
  facet normal 7.894763e-01 -3.558380e-01 -5.001065e-01
    outer loop
      vertex   1.608630e-01 5.600553e-02 3.523688e-01
      vertex   2.002233e-01 6.124967e-02 4.107722e-01
      vertex   1.795289e-01 2.961382e-02 4.006134e-01
    endloop
  endfacet
  facet normal 7.653750e-01 1.452136e-01 -6.269881e-01
    outer loop
      vertex   1.478757e-01 7.413391e-02 3.407136e-01
      vertex   1.932469e-01 7.143185e-02 3.954732e-01
      vertex   1.608630e-01 5.600553e-02 3.523688e-01
    endloop
  endfacet
  facet normal 9.010497e-02 7.001414e-01 -7.082959e-01
    outer loop
      vertex   8.473543e-02 9.857557e-02 3.445906e-01
      vertex   1.326557e-01 8.872309e-02 3.409476e-01
      vertex   9.669929e-02 6.225607e-02 3.102112e-01
    endloop
  endfacet
  facet normal -1.087412e-01 6.642409e-01 -7.395670e-01
    outer loop
      vertex   8.473543e-02 9.857557e-02 3.445906e-01
      vertex   9.669929e-02 6.225607e-02 3.102112e-01
      vertex   4.289038e-02 9.304508e-02 3.457760e-01
    endloop
  endfacet
  facet normal 7.812142e-01 -6.136615e-01 -1.145599e-01
    outer loop
      vertex   1.877017e-01 -3.464353e-02 4.987233e-01
      vertex   2.080329e-01 -5.609110e-03 4.818392e-01
      vertex   2.017757e-01 -2.386058e-02 5.369369e-01
    endloop
  endfacet
  facet normal 9.219179e-01 -2.650140e-01 -2.825508e-01
    outer loop
      vertex   1.795289e-01 2.961382e-02 4.006134e-01
      vertex   1.885981e-01 -5.662342e-03 4.632915e-01
      vertex   1.715789e-01 -2.357286e-02 4.245596e-01
    endloop
  endfacet
  facet normal 3.905055e-01 4.205281e-01 -8.189393e-01
    outer loop
      vertex   9.669929e-02 6.225607e-02 3.102112e-01
      vertex   1.326557e-01 8.872309e-02 3.409476e-01
      vertex   1.478757e-01 7.413391e-02 3.407136e-01
    endloop
  endfacet
  facet normal 4.302845e-01 8.881863e-01 -1.611838e-01
    outer loop
      vertex   4.436946e-02 7.565399e-02 2.804769e-01
      vertex   1.006056e-01 4.867006e-02 2.819088e-01
      vertex   6.258430e-02 6.120111e-02 2.494608e-01
    endloop
  endfacet
  facet normal -3.339860e-02 9.953945e-01 -8.985765e-02
    outer loop
      vertex   -4.612756e-03 6.832229e-02 2.174662e-01
      vertex   4.436946e-02 7.565399e-02 2.804769e-01
      vertex   3.567747e-02 6.765564e-02 1.951062e-01
    endloop
  endfacet
  facet normal 9.107919e-01 -3.305720e-01 -2.473464e-01
    outer loop
      vertex   1.715789e-01 -2.357286e-02 4.245596e-01
      vertex   1.885981e-01 -5.662342e-03 4.632915e-01
      vertex   1.877017e-01 -3.464353e-02 4.987233e-01
    endloop
  endfacet
  facet normal 8.952069e-01 -4.387549e-01 -7.809473e-02
    outer loop
      vertex   1.708726e-01 -7.036376e-02 5.064946e-01
      vertex   1.877017e-01 -3.464353e-02 4.987233e-01
      vertex   1.882686e-01 -4.025616e-02 5.367544e-01
    endloop
  endfacet
  facet normal 8.587274e-01 -4.556053e-01 -2.345444e-01
    outer loop
      vertex   1.877017e-01 -3.464353e-02 4.987233e-01
      vertex   1.708726e-01 -7.036376e-02 5.064946e-01
      vertex   1.470797e-01 -8.050423e-02 4.390809e-01
    endloop
  endfacet
  facet normal 8.636266e-01 -4.361370e-01 -2.528510e-01
    outer loop
      vertex   1.470797e-01 -8.050423e-02 4.390809e-01
      vertex   1.715789e-01 -2.357286e-02 4.245596e-01
      vertex   1.877017e-01 -3.464353e-02 4.987233e-01
    endloop
  endfacet
  facet normal 9.858834e-01 -1.764437e-02 -1.665011e-01
    outer loop
      vertex   1.505475e-01 -3.334848e-02 3.010648e-01
      vertex   1.628500e-01 1.399703e-02 3.688928e-01
      vertex   1.715789e-01 -2.357286e-02 4.245596e-01
    endloop
  endfacet
  facet normal 9.783731e-01 3.726124e-02 -2.034643e-01
    outer loop
      vertex   1.517317e-01 1.116800e-02 3.149115e-01
      vertex   1.628500e-01 1.399703e-02 3.688928e-01
      vertex   1.505475e-01 -3.334848e-02 3.010648e-01
    endloop
  endfacet
  facet normal 8.530293e-01 4.937755e-01 -1.688986e-01
    outer loop
      vertex   1.423159e-01 7.886252e-03 2.577621e-01
      vertex   1.369820e-01 3.758338e-02 3.176427e-01
      vertex   1.517317e-01 1.116800e-02 3.149115e-01
    endloop
  endfacet
  facet normal 5.558971e-01 7.633478e-01 -3.290572e-01
    outer loop
      vertex   1.423159e-01 7.886252e-03 2.577621e-01
      vertex   1.006056e-01 4.867006e-02 2.819088e-01
      vertex   1.369820e-01 3.758338e-02 3.176427e-01
    endloop
  endfacet
  facet normal 3.135109e-01 9.495844e-01 -6.414236e-04
    outer loop
      vertex   1.006056e-01 4.867006e-02 2.819088e-01
      vertex   1.122417e-01 4.479080e-02 2.263184e-01
      vertex   6.258430e-02 6.120111e-02 2.494608e-01
    endloop
  endfacet
  facet normal -9.746403e-03 9.923996e-01 1.226708e-01
    outer loop
      vertex   6.258430e-02 6.120111e-02 2.494608e-01
      vertex   5.774769e-02 7.086521e-02 1.708945e-01
      vertex   3.567747e-02 6.765564e-02 1.951062e-01
    endloop
  endfacet
  facet normal 7.959398e-02 9.902994e-01 1.138944e-01
    outer loop
      vertex   5.199391e-03 7.679855e-02 1.369090e-01
      vertex   -4.612756e-03 6.832229e-02 2.174662e-01
      vertex   3.567747e-02 6.765564e-02 1.951062e-01
    endloop
  endfacet
  facet normal 3.512199e-01 9.316649e-01 9.297868e-02
    outer loop
      vertex   5.774769e-02 7.086521e-02 1.708945e-01
      vertex   6.258430e-02 6.120111e-02 2.494608e-01
      vertex   1.122417e-01 4.479080e-02 2.263184e-01
    endloop
  endfacet
  facet normal 9.058460e-01 -4.056107e-01 -1.221599e-01
    outer loop
      vertex   1.715789e-01 -2.357286e-02 4.245596e-01
      vertex   1.322122e-01 -8.564933e-02 3.387595e-01
      vertex   1.505475e-01 -3.334848e-02 3.010648e-01
    endloop
  endfacet
  facet normal 1.852646e-01 -7.579929e-01 6.253989e-01
    outer loop
      vertex   1.865916e-01 -1.923555e-02 5.978276e-01
      vertex   1.760685e-01 -1.362199e-03 6.226077e-01
      vertex   1.308106e-01 -1.694758e-02 6.171249e-01
    endloop
  endfacet
  facet normal -2.186031e-01 -9.723535e-01 -8.210559e-02
    outer loop
      vertex   2.129607e-01 -2.978860e-02 5.773610e-01
      vertex   2.017757e-01 -2.386058e-02 5.369369e-01
      vertex   2.247637e-01 -2.995900e-02 5.479541e-01
    endloop
  endfacet
  facet normal 4.299772e-02 -8.499381e-01 5.251252e-01
    outer loop
      vertex   2.129607e-01 -2.978860e-02 5.773610e-01
      vertex   2.456467e-01 -2.403303e-02 5.840003e-01
      vertex   2.271103e-01 -1.094887e-02 6.066954e-01
    endloop
  endfacet
  facet normal -3.023145e-01 -9.011995e-01 -3.105564e-01
    outer loop
      vertex   -2.388632e-02 -2.956973e-02 6.960090e-01
      vertex   1.082650e-02 -2.607208e-02 6.520677e-01
      vertex   5.070471e-03 -3.742988e-02 6.906300e-01
    endloop
  endfacet
  facet normal 7.684480e-01 6.391119e-01 3.199345e-02
    outer loop
      vertex   7.698888e-02 -7.144256e-04 8.340220e-01
      vertex   7.762052e-02 -1.519935e-03 8.349417e-01
      vertex   7.858722e-02 -1.879564e-03 8.189068e-01
    endloop
  endfacet
  facet normal 8.628162e-01 4.730413e-01 -1.782700e-01
    outer loop
      vertex   7.762052e-02 -1.519935e-03 8.349417e-01
      vertex   7.698888e-02 -7.144256e-04 8.340220e-01
      vertex   7.791984e-02 -2.201095e-04 8.398395e-01
    endloop
  endfacet
  facet normal -4.415546e-01 -8.903608e-01 1.108476e-01
    outer loop
      vertex   9.319803e-02 2.823736e-02 8.339671e-01
      vertex   9.350568e-02 2.828846e-02 8.356031e-01
      vertex   9.342249e-02 2.875770e-02 8.390408e-01
    endloop
  endfacet
  facet normal 9.761379e-01 -2.161318e-01 -2.101956e-02
    outer loop
      vertex   9.329447e-02 2.731594e-02 8.479204e-01
      vertex   9.319803e-02 2.823736e-02 8.339671e-01
      vertex   9.342249e-02 2.875770e-02 8.390408e-01
    endloop
  endfacet
  facet normal -9.969807e-01 -7.417997e-02 -2.295274e-02
    outer loop
      vertex   9.331113e-02 2.852334e-02 8.432948e-01
      vertex   9.350568e-02 2.828846e-02 8.356031e-01
      vertex   9.329447e-02 2.731594e-02 8.479204e-01
    endloop
  endfacet
  facet normal 9.954271e-01 -9.461770e-02 -1.312849e-02
    outer loop
      vertex   9.323168e-02 2.640897e-02 8.496961e-01
      vertex   9.319803e-02 2.823736e-02 8.339671e-01
      vertex   9.329447e-02 2.731594e-02 8.479204e-01
    endloop
  endfacet
  facet normal -9.676450e-01 -2.469521e-01 -5.174771e-02
    outer loop
      vertex   9.350568e-02 2.828846e-02 8.356031e-01
      vertex   9.372446e-02 2.282169e-02 8.576009e-01
      vertex   9.323168e-02 2.640897e-02 8.496961e-01
    endloop
  endfacet
  facet normal 9.738967e-02 3.659502e-01 9.255246e-01
    outer loop
      vertex   8.248798e-02 1.459975e-02 8.620342e-01
      vertex   9.019220e-02 1.416693e-02 8.613947e-01
      vertex   9.372446e-02 2.282169e-02 8.576009e-01
    endloop
  endfacet
  facet normal 9.699686e-01 -2.431748e-01 5.187745e-03
    outer loop
      vertex   7.858722e-02 -1.879564e-03 8.189068e-01
      vertex   8.248798e-02 1.459975e-02 8.620342e-01
      vertex   8.026021e-02 6.336119e-03 8.912119e-01
    endloop
  endfacet
  facet normal 9.933950e-01 -1.039799e-01 4.852404e-02
    outer loop
      vertex   8.026021e-02 6.336119e-03 8.912119e-01
      vertex   7.671479e-02 -2.104205e-02 9.051271e-01
      vertex   7.665534e-02 -4.089534e-02 8.638014e-01
    endloop
  endfacet
  facet normal 7.804856e-01 -4.892087e-01 3.892519e-01
    outer loop
      vertex   6.480544e-02 -6.407182e-02 8.907334e-01
      vertex   5.359947e-02 -5.434732e-02 9.254241e-01
      vertex   5.080751e-02 -8.624216e-02 8.909371e-01
    endloop
  endfacet
  facet normal -5.055075e-02 -9.792817e-01 1.960920e-01
    outer loop
      vertex   -1.911271e-02 -1.023060e-01 8.920418e-01
      vertex   -2.462843e-03 -1.110424e-01 8.527043e-01
      vertex   1.814022e-02 -1.063902e-01 8.812487e-01
    endloop
  endfacet
  facet normal 1.921616e-01 8.685077e-01 -4.569118e-01
    outer loop
      vertex   -1.646862e-04 7.361611e-02 8.235564e-01
      vertex   4.017595e-02 5.348326e-02 8.022533e-01
      vertex   -1.862342e-02 5.805114e-02 7.862070e-01
    endloop
  endfacet
  facet normal -7.131187e-02 9.051157e-01 4.191421e-01
    outer loop
      vertex   -7.837021e-03 1.400245e-01 6.069747e-01
      vertex   2.412148e-02 1.204709e-01 6.546370e-01
      vertex   3.049933e-02 1.499542e-01 5.920544e-01
    endloop
  endfacet
  facet normal -1.768776e-01 9.660257e-01 1.884372e-01
    outer loop
      vertex   -9.283819e-03 1.526504e-01 5.408899e-01
      vertex   -7.837021e-03 1.400245e-01 6.069747e-01
      vertex   3.049933e-02 1.499542e-01 5.920544e-01
    endloop
  endfacet
  facet normal 6.721156e-02 9.913761e-01 1.124995e-01
    outer loop
      vertex   -4.612756e-03 6.832229e-02 2.174662e-01
      vertex   5.199391e-03 7.679855e-02 1.369090e-01
      vertex   -4.624750e-02 8.063456e-02 1.338413e-01
    endloop
  endfacet
  facet normal -2.188737e-01 8.460353e-01 4.861260e-01
    outer loop
      vertex   5.199391e-03 7.679855e-02 1.369090e-01
      vertex   5.774769e-02 7.086521e-02 1.708945e-01
      vertex   1.612246e-02 9.801226e-02 1.049074e-01
    endloop
  endfacet
  facet normal 2.825635e-01 9.446702e-01 1.666014e-01
    outer loop
      vertex   9.420665e-02 6.135266e-02 1.629969e-01
      vertex   5.774769e-02 7.086521e-02 1.708945e-01
      vertex   1.122417e-01 4.479080e-02 2.263184e-01
    endloop
  endfacet
  facet normal 7.735509e-01 -6.071308e-01 -1.816898e-01
    outer loop
      vertex   1.244089e-01 -1.170679e-01 4.647394e-01
      vertex   1.470797e-01 -8.050423e-02 4.390809e-01
      vertex   1.708726e-01 -7.036376e-02 5.064946e-01
    endloop
  endfacet
  facet normal 5.005974e-01 -7.311349e-01 4.635127e-01
    outer loop
      vertex   1.427281e-01 -6.484004e-02 5.723134e-01
      vertex   1.047663e-01 -1.036024e-01 5.521694e-01
      vertex   1.516819e-01 -8.214638e-02 5.353445e-01
    endloop
  endfacet
  facet normal 3.615279e-01 -7.324000e-01 5.769644e-01
    outer loop
      vertex   1.308106e-01 -1.694758e-02 6.171249e-01
      vertex   1.166372e-01 -1.981000e-03 6.450046e-01
      vertex   7.902477e-02 -4.405225e-02 6.151673e-01
    endloop
  endfacet
  facet normal 2.735333e-01 -6.407053e-01 7.174094e-01
    outer loop
      vertex   1.427281e-01 -6.484004e-02 5.723134e-01
      vertex   7.902477e-02 -4.405225e-02 6.151673e-01
      vertex   1.047663e-01 -1.036024e-01 5.521694e-01
    endloop
  endfacet
  facet normal 5.049803e-01 -7.874155e-01 3.535133e-01
    outer loop
      vertex   1.516819e-01 -8.214638e-02 5.353445e-01
      vertex   9.766739e-02 -1.350381e-01 4.946912e-01
      vertex   1.275788e-01 -1.187694e-01 4.882006e-01
    endloop
  endfacet
  facet normal 9.723321e-01 1.608172e-01 -1.694349e-01
    outer loop
      vertex   1.517317e-01 1.116800e-02 3.149115e-01
      vertex   1.479242e-01 -2.936797e-02 2.545873e-01
      vertex   1.423159e-01 7.886252e-03 2.577621e-01
    endloop
  endfacet
  facet normal 7.074485e-01 6.995020e-01 1.010616e-01
    outer loop
      vertex   1.122417e-01 4.479080e-02 2.263184e-01
      vertex   1.375062e-01 2.000497e-02 2.210186e-01
      vertex   1.263977e-01 3.739860e-02 1.783890e-01
    endloop
  endfacet
  facet normal -1.857930e-01 2.222251e-01 -9.571295e-01
    outer loop
      vertex   8.546947e-03 -3.855101e-02 -6.914049e-02
      vertex   -9.548485e-04 -7.025074e-02 -7.465605e-02
      vertex   -1.397599e-03 -7.009383e-02 -7.453368e-02
    endloop
  endfacet
  facet normal 2.118196e-01 4.222626e-01 -8.813778e-01
    outer loop
      vertex   4.192943e-04 -7.751555e-02 -7.692223e-02
      vertex   1.964469e-04 -7.725955e-02 -7.685313e-02
      vertex   -1.006391e-03 -7.502103e-02 -7.606975e-02
    endloop
  endfacet
  facet normal -6.071425e-02 -9.350883e-01 -3.491757e-01
    outer loop
      vertex   6.970217e-03 -1.591002e-01 -7.087273e-02
      vertex   1.402972e-02 -1.711010e-01 -3.996220e-02
      vertex   -1.684386e-02 -1.616488e-01 -5.990672e-02
    endloop
  endfacet
  facet normal -2.712579e-01 -8.368017e-01 4.755860e-01
    outer loop
      vertex   -3.837583e-03 -3.935423e-02 6.203336e-01
      vertex   2.446117e-02 -3.064768e-02 6.517935e-01
      vertex   1.082650e-02 -2.607208e-02 6.520677e-01
    endloop
  endfacet
  facet normal 9.385454e-02 -4.587127e-02 -9.945286e-01
    outer loop
      vertex   1.628269e-02 -5.218511e-02 7.187849e-01
      vertex   1.765640e-02 -8.637938e-02 7.204917e-01
      vertex   -1.224682e-02 -7.660889e-02 7.172191e-01
    endloop
  endfacet
  facet normal 3.963674e-02 -2.061756e-01 -9.777119e-01
    outer loop
      vertex   -1.224682e-02 -7.660889e-02 7.172191e-01
      vertex   1.765640e-02 -8.637938e-02 7.204917e-01
      vertex   -4.517736e-03 -9.744364e-02 7.219259e-01
    endloop
  endfacet
  facet normal 3.211680e-01 -9.305361e-01 -1.759364e-01
    outer loop
      vertex   -4.517736e-03 -9.744364e-02 7.219259e-01
      vertex   3.137884e-02 -9.329398e-02 7.655066e-01
      vertex   -5.239543e-03 -1.064018e-01 7.679883e-01
    endloop
  endfacet
  facet normal 3.098987e-01 -7.617151e-01 -5.689928e-01
    outer loop
      vertex   4.128129e-03 -1.072827e-01 7.681935e-01
      vertex   4.693666e-03 -1.067375e-01 7.677717e-01
      vertex   9.080482e-03 -1.056956e-01 7.687661e-01
    endloop
  endfacet
  facet normal -2.558873e-02 -1.164912e-01 -9.928620e-01
    outer loop
      vertex   4.693666e-03 -1.067375e-01 7.677717e-01
      vertex   -5.239543e-03 -1.064018e-01 7.679883e-01
      vertex   3.137884e-02 -9.329398e-02 7.655066e-01
    endloop
  endfacet
  facet normal 5.396592e-01 -5.017511e-01 -6.760280e-01
    outer loop
      vertex   8.979275e-02 1.410938e-02 8.609286e-01
      vertex   8.647449e-02 1.143392e-02 8.602655e-01
      vertex   9.372446e-02 2.282169e-02 8.576009e-01
    endloop
  endfacet
  facet normal 7.236920e-02 -1.652262e-01 9.835970e-01
    outer loop
      vertex   9.019220e-02 1.416693e-02 8.613947e-01
      vertex   8.248798e-02 1.459975e-02 8.620342e-01
      vertex   8.201518e-02 -2.568919e-03 8.591850e-01
    endloop
  endfacet
  facet normal 5.772840e-02 -3.862029e-01 9.206057e-01
    outer loop
      vertex   5.084229e-02 -1.599274e-02 6.432523e-01
      vertex   1.166372e-01 -1.981000e-03 6.450046e-01
      vertex   1.043457e-01 1.204125e-02 6.516578e-01
    endloop
  endfacet
  facet normal 9.365276e-01 -3.278189e-01 1.243012e-01
    outer loop
      vertex   7.921275e-02 -7.539401e-04 8.171624e-01
      vertex   7.698888e-02 -7.144256e-04 8.340220e-01
      vertex   7.858722e-02 -1.879564e-03 8.189068e-01
    endloop
  endfacet
  facet normal 3.631214e-01 -4.096506e-01 -8.368568e-01
    outer loop
      vertex   8.647449e-02 1.143392e-02 8.602655e-01
      vertex   9.104895e-02 2.049697e-02 8.578139e-01
      vertex   9.083213e-02 1.961595e-02 8.581511e-01
    endloop
  endfacet
  facet normal 4.771554e-01 -6.354904e-01 -6.070211e-01
    outer loop
      vertex   9.157159e-02 2.169971e-02 8.570832e-01
      vertex   9.372446e-02 2.282169e-02 8.576009e-01
      vertex   9.155717e-02 2.141596e-02 8.573689e-01
    endloop
  endfacet
  facet normal 4.043061e-01 -4.965999e-01 -7.680658e-01
    outer loop
      vertex   9.372446e-02 2.282169e-02 8.576009e-01
      vertex   9.083213e-02 1.961595e-02 8.581511e-01
      vertex   9.155717e-02 2.141596e-02 8.573689e-01
    endloop
  endfacet
  facet normal 2.135003e-01 -8.113913e-01 5.441156e-01
    outer loop
      vertex   1.760685e-01 -1.362199e-03 6.226077e-01
      vertex   1.166372e-01 -1.981000e-03 6.450046e-01
      vertex   1.308106e-01 -1.694758e-02 6.171249e-01
    endloop
  endfacet
  facet normal 1.018621e-01 -1.686405e-01 -9.804002e-01
    outer loop
      vertex   6.831776e-01 -2.257256e-02 8.069276e-02
      vertex   6.639099e-01 -2.055957e-02 7.834462e-02
      vertex   6.810297e-01 -9.872910e-03 7.828511e-02
    endloop
  endfacet
  facet normal 9.976215e-01 -6.717555e-02 -1.545003e-02
    outer loop
      vertex   7.858722e-02 -1.879564e-03 8.189068e-01
      vertex   8.026021e-02 6.336119e-03 8.912119e-01
      vertex   7.665534e-02 -4.089534e-02 8.638014e-01
    endloop
  endfacet
  facet normal 4.261500e-01 -7.187794e-01 -5.493200e-01
    outer loop
      vertex   1.766393e-02 -9.440474e-02 8.465480e-01
      vertex   1.456906e-02 -1.056975e-01 8.589235e-01
      vertex   -2.462843e-03 -1.110424e-01 8.527043e-01
    endloop
  endfacet
  facet normal 4.125649e-01 -5.281303e-01 -7.422052e-01
    outer loop
      vertex   6.010710e-03 -1.195160e-01 7.983218e-01
      vertex   1.345169e-02 -1.084613e-01 7.945919e-01
      vertex   1.399767e-02 -1.083802e-01 7.948377e-01
    endloop
  endfacet
  facet normal 2.371747e-01 -1.908551e-01 -9.525348e-01
    outer loop
      vertex   1.399767e-02 -1.083802e-01 7.948377e-01
      vertex   1.496070e-02 -1.078803e-01 7.949773e-01
      vertex   -9.662452e-04 -1.315419e-01 7.957525e-01
    endloop
  endfacet
  facet normal 5.716098e-01 4.191644e-03 -8.205149e-01
    outer loop
      vertex   1.628269e-02 -5.218511e-02 7.187849e-01
      vertex   5.488491e-02 -1.962751e-02 7.458434e-01
      vertex   3.838457e-02 -6.498655e-02 7.341167e-01
    endloop
  endfacet
  facet normal 7.920382e-01 -5.430685e-01 -2.788405e-01
    outer loop
      vertex   5.649775e-02 -6.135139e-02 7.726760e-01
      vertex   4.163674e-02 -9.352858e-02 7.931319e-01
      vertex   3.206314e-02 -9.324354e-02 7.653833e-01
    endloop
  endfacet
  facet normal 3.909281e-01 -7.878254e-01 -4.759269e-01
    outer loop
      vertex   1.496070e-02 -1.078803e-01 7.949773e-01
      vertex   1.450373e-02 -1.079352e-01 7.946927e-01
      vertex   4.163674e-02 -9.352858e-02 7.931319e-01
    endloop
  endfacet
  facet normal -2.634751e-02 -8.655722e-01 -5.000906e-01
    outer loop
      vertex   3.137884e-02 -9.329398e-02 7.655066e-01
      vertex   3.206314e-02 -9.324354e-02 7.653833e-01
      vertex   2.846662e-02 -9.407032e-02 7.670038e-01
    endloop
  endfacet
  facet normal 3.331638e-01 -7.683205e-01 -5.465213e-01
    outer loop
      vertex   4.999311e-02 -8.696654e-02 8.468876e-01
      vertex   4.894552e-02 -8.794243e-02 8.476209e-01
      vertex   4.719513e-02 -8.930583e-02 8.484706e-01
    endloop
  endfacet
  facet normal 6.035875e-01 -6.969127e-01 -3.872917e-01
    outer loop
      vertex   5.058381e-02 -8.636213e-02 8.467206e-01
      vertex   5.189021e-02 -8.893792e-02 8.533916e-01
      vertex   4.999311e-02 -8.696654e-02 8.468876e-01
    endloop
  endfacet
  facet normal -4.094393e-03 -2.625998e-01 -9.648961e-01
    outer loop
      vertex   4.999311e-02 -8.696654e-02 8.468876e-01
      vertex   4.996498e-02 -8.412499e-02 8.461144e-01
      vertex   5.058381e-02 -8.636213e-02 8.467206e-01
    endloop
  endfacet
  facet normal -5.547533e-01 -3.570929e-01 -7.514875e-01
    outer loop
      vertex   5.058381e-02 -8.636213e-02 8.467206e-01
      vertex   4.996498e-02 -8.412499e-02 8.461144e-01
      vertex   5.081734e-02 -8.468548e-02 8.457515e-01
    endloop
  endfacet
  facet normal -1.774469e-01 -4.738373e-01 -8.625490e-01
    outer loop
      vertex   5.081734e-02 -8.468548e-02 8.457515e-01
      vertex   5.143265e-02 -8.432589e-02 8.454274e-01
      vertex   5.058381e-02 -8.636213e-02 8.467206e-01
    endloop
  endfacet
  facet normal 7.664018e-01 -5.358076e-01 -3.543140e-01
    outer loop
      vertex   5.220268e-02 -8.289031e-02 8.449221e-01
      vertex   5.189021e-02 -8.893792e-02 8.533916e-01
      vertex   5.143265e-02 -8.432589e-02 8.454274e-01
    endloop
  endfacet
  facet normal 8.775551e-01 -4.712695e-01 -8.832979e-02
    outer loop
      vertex   5.649775e-02 -6.135139e-02 7.726760e-01
      vertex   7.665534e-02 -4.089534e-02 8.638014e-01
      vertex   5.220268e-02 -8.289031e-02 8.449221e-01
    endloop
  endfacet
  facet normal 8.828217e-01 -4.619114e-01 -8.522675e-02
    outer loop
      vertex   5.220268e-02 -8.289031e-02 8.449221e-01
      vertex   4.163674e-02 -9.352858e-02 7.931319e-01
      vertex   5.649775e-02 -6.135139e-02 7.726760e-01
    endloop
  endfacet
  facet normal 1.829592e-01 -9.285291e-01 -3.230475e-01
    outer loop
      vertex   2.441636e-01 -3.161140e-02 5.636908e-01
      vertex   2.247637e-01 -2.995900e-02 5.479541e-01
      vertex   2.641613e-01 -1.765460e-02 5.349008e-01
    endloop
  endfacet
  facet normal 1.036086e-01 -8.924356e-01 4.391173e-01
    outer loop
      vertex   6.035204e-01 -7.798891e-02 1.803525e-01
      vertex   6.244085e-01 -9.083715e-02 1.493120e-01
      vertex   6.121762e-01 -6.624275e-02 2.021824e-01
    endloop
  endfacet
  facet normal -4.925652e-01 -7.531500e-01 -4.360557e-01
    outer loop
      vertex   6.683789e-01 -4.431764e-02 -7.418076e-03
      vertex   6.790382e-01 -4.561737e-02 -1.721385e-02
      vertex   6.795913e-01 -4.649108e-02 -1.632957e-02
    endloop
  endfacet
  facet normal 9.525396e-01 1.855381e-01 -2.413376e-01
    outer loop
      vertex   6.977770e-01 -7.842022e-02 1.166908e-02
      vertex   6.933591e-01 -7.538076e-02 -3.431320e-03
      vertex   6.977337e-01 -6.758490e-02 1.982814e-02
    endloop
  endfacet
  facet normal 5.696793e-01 -7.573826e-01 -3.191193e-01
    outer loop
      vertex   6.933591e-01 -7.538076e-02 -3.431320e-03
      vertex   6.977770e-01 -7.842022e-02 1.166908e-02
      vertex   6.883407e-01 -8.265911e-02 4.884171e-03
    endloop
  endfacet
  facet normal -5.890624e-01 -7.763629e-01 -2.242011e-01
    outer loop
      vertex   -2.063048e-02 -9.881778e-02 7.680904e-01
      vertex   -2.356702e-02 -9.653228e-02 7.678916e-01
      vertex   -2.162021e-02 -9.794289e-02 7.676612e-01
    endloop
  endfacet
  facet normal -5.264010e-01 -7.483837e-01 -4.035143e-01
    outer loop
      vertex   -2.162021e-02 -9.794289e-02 7.676612e-01
      vertex   -2.387642e-02 -9.600780e-02 7.670156e-01
      vertex   -1.918747e-02 -9.978002e-02 7.678949e-01
    endloop
  endfacet
  facet normal 3.461463e-01 3.697515e-01 -8.622451e-01
    outer loop
      vertex   -2.063048e-02 -9.881778e-02 7.680904e-01
      vertex   -2.837299e-02 -9.402443e-02 7.670377e-01
      vertex   -2.356702e-02 -9.653228e-02 7.678916e-01
    endloop
  endfacet
  facet normal -5.611622e-01 -8.222366e-01 -9.499495e-02
    outer loop
      vertex   -1.135542e-02 -1.052181e-01 7.686987e-01
      vertex   -2.063048e-02 -9.881778e-02 7.680904e-01
      vertex   -1.918747e-02 -9.978002e-02 7.678949e-01
    endloop
  endfacet
  facet normal 5.071759e-01 8.613065e-01 -3.039389e-02
    outer loop
      vertex   -2.036241e-01 6.171617e-02 -8.659106e-01
      vertex   -2.229155e-01 7.116295e-02 -9.201177e-01
      vertex   -2.268209e-01 7.429498e-02 -8.965298e-01
    endloop
  endfacet
  facet normal 8.639559e-01 -2.917057e-01 -4.104729e-01
    outer loop
      vertex   -1.947702e-01 3.056092e-02 -9.126327e-01
      vertex   -1.976453e-01 -1.119503e-02 -8.890099e-01
      vertex   -2.080643e-01 1.187953e-03 -9.197397e-01
    endloop
  endfacet
  facet normal 6.168354e-01 -8.998198e-02 -7.819318e-01
    outer loop
      vertex   -2.107019e-01 4.601301e-02 -9.269787e-01
      vertex   -1.947702e-01 3.056092e-02 -9.126327e-01
      vertex   -2.080643e-01 1.187953e-03 -9.197397e-01
    endloop
  endfacet
  facet normal -1.235301e-02 2.575812e-01 -9.661777e-01
    outer loop
      vertex   -2.229155e-01 7.116295e-02 -9.201177e-01
      vertex   -2.107019e-01 4.601301e-02 -9.269787e-01
      vertex   -2.433109e-01 4.430722e-02 -9.270166e-01
    endloop
  endfacet
  facet normal -1.970344e-01 3.816250e-01 -9.030724e-01
    outer loop
      vertex   -2.402427e-01 7.205099e-02 -9.159619e-01
      vertex   -2.229155e-01 7.116295e-02 -9.201177e-01
      vertex   -2.433109e-01 4.430722e-02 -9.270166e-01
    endloop
  endfacet
  facet normal -5.122718e-01 -8.219896e-01 -2.488187e-01
    outer loop
      vertex   -3.278771e-01 -1.539387e-01 -9.180239e-01
      vertex   -3.286045e-01 -1.547171e-01 -9.139548e-01
      vertex   -3.411372e-01 -1.485662e-01 -9.084720e-01
    endloop
  endfacet
  facet normal -1.077455e-01 -9.229488e-01 3.695353e-01
    outer loop
      vertex   -3.278771e-01 -1.539387e-01 -9.180239e-01
      vertex   -3.411372e-01 -1.485662e-01 -9.084720e-01
      vertex   -3.428555e-01 -1.527328e-01 -9.193794e-01
    endloop
  endfacet
  facet normal 7.973551e-01 -5.637194e-01 2.155116e-01
    outer loop
      vertex   -3.286045e-01 -1.547171e-01 -9.139548e-01
      vertex   -3.279571e-01 -1.551279e-01 -9.174245e-01
      vertex   -3.280695e-01 -1.533847e-01 -9.124492e-01
    endloop
  endfacet
  facet normal -2.117331e-01 -5.608267e-01 8.004015e-01
    outer loop
      vertex   -3.125370e-01 -1.628554e-01 -9.055398e-01
      vertex   -3.102856e-01 -1.833223e-01 -9.192850e-01
      vertex   -2.985302e-01 -1.743532e-01 -9.098909e-01
    endloop
  endfacet
  facet normal -9.343362e-01 3.502252e-01 -6.601636e-02
    outer loop
      vertex   -3.136609e-01 -1.656362e-01 -9.138963e-01
      vertex   -3.129176e-01 -1.639315e-01 -9.153728e-01
      vertex   -3.124257e-01 -1.633227e-01 -9.191056e-01
    endloop
  endfacet
  facet normal 6.879868e-01 -4.049469e-01 -6.022393e-01
    outer loop
      vertex   -3.130731e-01 -1.635546e-01 -9.189803e-01
      vertex   -3.132744e-01 -1.642522e-01 -9.187413e-01
      vertex   -3.205484e-01 -1.750180e-01 -9.198120e-01
    endloop
  endfacet
  facet normal 8.540669e-01 -5.185376e-01 -4.109065e-02
    outer loop
      vertex   -3.132744e-01 -1.642522e-01 -9.187413e-01
      vertex   -3.129176e-01 -1.639315e-01 -9.153728e-01
      vertex   -3.150511e-01 -1.676029e-01 -9.133848e-01
    endloop
  endfacet
  facet normal 8.854402e-01 -4.620788e-01 -4.978887e-02
    outer loop
      vertex   -3.132744e-01 -1.642522e-01 -9.187413e-01
      vertex   -3.128435e-01 -1.635806e-01 -9.173107e-01
      vertex   -3.129176e-01 -1.639315e-01 -9.153728e-01
    endloop
  endfacet
  facet normal -4.199431e-01 -4.763724e-02 -9.062993e-01
    outer loop
      vertex   -3.205484e-01 -1.750180e-01 -9.198120e-01
      vertex   -3.279571e-01 -1.551279e-01 -9.174245e-01
      vertex   -3.270249e-01 -1.520172e-01 -9.180200e-01
    endloop
  endfacet
  facet normal -3.724868e-01 -3.262561e-02 -9.274638e-01
    outer loop
      vertex   -3.270249e-01 -1.520172e-01 -9.180200e-01
      vertex   -3.201334e-01 -1.744982e-01 -9.199969e-01
      vertex   -3.205484e-01 -1.750180e-01 -9.198120e-01
    endloop
  endfacet
  facet normal -7.597757e-01 2.400803e-01 -6.042370e-01
    outer loop
      vertex   -3.278771e-01 -1.539387e-01 -9.180239e-01
      vertex   -3.272288e-01 -1.515708e-01 -9.178983e-01
      vertex   -3.277516e-01 -1.536805e-01 -9.180792e-01
    endloop
  endfacet
  facet normal 5.181278e-01 -4.124889e-01 -7.492640e-01
    outer loop
      vertex   -3.279571e-01 -1.551279e-01 -9.174245e-01
      vertex   -3.278771e-01 -1.539387e-01 -9.180239e-01
      vertex   -3.277516e-01 -1.536805e-01 -9.180792e-01
    endloop
  endfacet
  facet normal 8.064229e-01 -3.349569e-01 -4.873254e-01
    outer loop
      vertex   -3.279571e-01 -1.551279e-01 -9.174245e-01
      vertex   -3.277516e-01 -1.536805e-01 -9.180792e-01
      vertex   -3.270249e-01 -1.520172e-01 -9.180200e-01
    endloop
  endfacet
  facet normal 1.414813e-01 1.366359e-01 -9.804661e-01
    outer loop
      vertex   -3.269337e-01 -1.510249e-01 -9.177796e-01
      vertex   -3.272288e-01 -1.515708e-01 -9.178983e-01
      vertex   -3.264514e-01 -1.494878e-01 -9.174958e-01
    endloop
  endfacet
  facet normal -2.431503e-01 2.493917e-01 -9.373802e-01
    outer loop
      vertex   -3.270249e-01 -1.520172e-01 -9.180200e-01
      vertex   -3.269337e-01 -1.510249e-01 -9.177796e-01
      vertex   -3.264514e-01 -1.494878e-01 -9.174958e-01
    endloop
  endfacet
  facet normal 9.134463e-01 -2.847487e-01 -2.907474e-01
    outer loop
      vertex   -3.264514e-01 -1.494878e-01 -9.174958e-01
      vertex   -3.272288e-01 -1.515708e-01 -9.178983e-01
      vertex   -3.256333e-01 -1.470922e-01 -9.172720e-01
    endloop
  endfacet
  facet normal -3.193497e-03 9.453890e-02 -9.955160e-01
    outer loop
      vertex   -3.130731e-01 -1.635546e-01 -9.189803e-01
      vertex   -3.201334e-01 -1.744982e-01 -9.199969e-01
      vertex   -3.253554e-01 -1.467808e-01 -9.173480e-01
    endloop
  endfacet
  facet normal -3.182532e-03 -8.570660e-02 -9.963153e-01
    outer loop
      vertex   -3.118993e-01 -1.662354e-01 -9.207497e-01
      vertex   -2.975619e-01 -1.715258e-01 -9.203404e-01
      vertex   -3.102856e-01 -1.833223e-01 -9.192850e-01
    endloop
  endfacet
  facet normal -2.203149e-01 -6.662115e-02 -9.731510e-01
    outer loop
      vertex   -3.129379e-01 -1.632062e-01 -9.190348e-01
      vertex   -3.130731e-01 -1.635546e-01 -9.189803e-01
      vertex   -3.253554e-01 -1.467808e-01 -9.173480e-01
    endloop
  endfacet
  facet normal -7.489412e-02 -3.038188e-01 -9.497816e-01
    outer loop
      vertex   -3.124257e-01 -1.633227e-01 -9.191056e-01
      vertex   -3.132744e-01 -1.642522e-01 -9.187413e-01
      vertex   -3.130731e-01 -1.635546e-01 -9.189803e-01
    endloop
  endfacet
  facet normal 5.794103e-01 -6.668759e-01 -4.685726e-01
    outer loop
      vertex   -2.975619e-01 -1.715258e-01 -9.203404e-01
      vertex   -2.989028e-01 -1.760904e-01 -9.155022e-01
      vertex   -3.102856e-01 -1.833223e-01 -9.192850e-01
    endloop
  endfacet
  facet normal -9.647788e-01 -1.115329e-01 -2.382483e-01
    outer loop
      vertex   -3.102856e-01 -1.833223e-01 -9.192850e-01
      vertex   -3.136609e-01 -1.656362e-01 -9.138963e-01
      vertex   -3.118993e-01 -1.662354e-01 -9.207497e-01
    endloop
  endfacet
  facet normal -9.551859e-01 -2.459406e-01 -1.647213e-01
    outer loop
      vertex   -2.980547e-01 -1.746572e-01 -9.189403e-01
      vertex   -2.942102e-01 -1.902446e-01 -9.179603e-01
      vertex   -2.987428e-01 -1.766536e-01 -9.119695e-01
    endloop
  endfacet
  facet normal 6.118134e-01 -7.363861e-01 2.888250e-01
    outer loop
      vertex   -2.827014e-01 -1.723958e-01 -8.998786e-01
      vertex   -2.798999e-01 -1.775912e-01 -9.190592e-01
      vertex   -2.750599e-01 -1.682564e-01 -9.055117e-01
    endloop
  endfacet
  facet normal 9.106817e-01 -4.109490e-01 -4.218712e-02
    outer loop
      vertex   -2.750599e-01 -1.682564e-01 -9.055117e-01
      vertex   -2.798999e-01 -1.775912e-01 -9.190592e-01
      vertex   -2.752383e-01 -1.685684e-01 -9.063233e-01
    endloop
  endfacet
  facet normal 1.618326e-01 -8.870751e-01 -4.323284e-01
    outer loop
      vertex   -2.827014e-01 -1.723958e-01 -8.998786e-01
      vertex   -2.750599e-01 -1.682564e-01 -9.055117e-01
      vertex   -2.746198e-01 -1.681493e-01 -9.055666e-01
    endloop
  endfacet
  facet normal 7.741100e-01 -5.030103e-01 3.843622e-01
    outer loop
      vertex   -2.477786e-01 -1.849001e-01 -9.193396e-01
      vertex   -2.425931e-01 -1.642847e-01 -9.028039e-01
      vertex   -2.587697e-01 -1.892963e-01 -9.029564e-01
    endloop
  endfacet
  facet normal 7.824690e-01 -4.805504e-01 3.959968e-01
    outer loop
      vertex   -2.477786e-01 -1.849001e-01 -9.193396e-01
      vertex   -2.587697e-01 -1.892963e-01 -9.029564e-01
      vertex   -2.624748e-01 -2.024931e-01 -9.116500e-01
    endloop
  endfacet
  facet normal 7.662378e-01 -6.425325e-01 -5.621938e-03
    outer loop
      vertex   -2.596427e-01 -1.990186e-01 -9.227527e-01
      vertex   -2.477786e-01 -1.849001e-01 -9.193396e-01
      vertex   -2.624748e-01 -2.024931e-01 -9.116500e-01
    endloop
  endfacet
  facet normal -1.625182e-01 -1.924271e-01 -9.677601e-01
    outer loop
      vertex   -2.801914e-01 -1.771411e-01 -9.190997e-01
      vertex   -2.798999e-01 -1.775912e-01 -9.190592e-01
      vertex   -2.803835e-01 -1.777291e-01 -9.189505e-01
    endloop
  endfacet
  facet normal -1.349684e-01 -2.762362e-01 -9.515656e-01
    outer loop
      vertex   -2.803835e-01 -1.777291e-01 -9.189505e-01
      vertex   -2.798999e-01 -1.775912e-01 -9.190592e-01
      vertex   -2.805295e-01 -1.780879e-01 -9.188257e-01
    endloop
  endfacet
  facet normal -4.024764e-02 -3.779726e-01 -9.249416e-01
    outer loop
      vertex   -2.975619e-01 -1.715258e-01 -9.203404e-01
      vertex   -2.798635e-01 -1.760627e-01 -9.192566e-01
      vertex   -2.977924e-01 -1.737088e-01 -9.194383e-01
    endloop
  endfacet
  facet normal 3.498952e-01 -1.939965e-01 -9.164817e-01
    outer loop
      vertex   -2.581015e-01 -1.715657e-01 -9.261033e-01
      vertex   -2.317891e-01 -1.320325e-01 -9.244259e-01
      vertex   -2.477786e-01 -1.849001e-01 -9.193396e-01
    endloop
  endfacet
  facet normal -5.614475e-01 -2.725398e-01 7.813442e-01
    outer loop
      vertex   -2.746198e-01 -1.681493e-01 -9.055666e-01
      vertex   -2.786489e-01 -1.787646e-01 -9.121645e-01
      vertex   -2.605892e-01 -1.891073e-01 -9.027950e-01
    endloop
  endfacet
  facet normal -3.018132e-02 -8.010074e-01 5.978932e-01
    outer loop
      vertex   -2.587697e-01 -1.892963e-01 -9.029564e-01
      vertex   -2.605892e-01 -1.891073e-01 -9.027950e-01
      vertex   -2.754725e-01 -1.910575e-01 -9.061592e-01
    endloop
  endfacet
  facet normal -4.778443e-02 -7.488510e-01 6.610135e-01
    outer loop
      vertex   -2.754725e-01 -1.910575e-01 -9.061592e-01
      vertex   -2.728506e-01 -1.997631e-01 -9.158320e-01
      vertex   -2.587697e-01 -1.892963e-01 -9.029564e-01
    endloop
  endfacet
  facet normal -9.360685e-01 3.489848e-01 -4.455737e-02
    outer loop
      vertex   -2.771161e-01 -1.958648e-01 -9.097355e-01
      vertex   -2.768441e-01 -1.950162e-01 -9.088022e-01
      vertex   -2.765343e-01 -1.940913e-01 -9.080670e-01
    endloop
  endfacet
  facet normal -9.511388e-01 -4.976280e-02 3.047272e-01
    outer loop
      vertex   -2.765343e-01 -1.940913e-01 -9.080670e-01
      vertex   -2.786489e-01 -1.787646e-01 -9.121645e-01
      vertex   -2.794325e-01 -1.794213e-01 -9.147175e-01
    endloop
  endfacet
  facet normal -9.908937e-01 -1.229765e-01 5.483144e-02
    outer loop
      vertex   -2.794325e-01 -1.794213e-01 -9.147175e-01
      vertex   -2.798999e-01 -1.775912e-01 -9.190592e-01
      vertex   -2.771161e-01 -1.958648e-01 -9.097355e-01
    endloop
  endfacet
  facet normal 1.351007e-02 -8.611625e-02 -9.961935e-01
    outer loop
      vertex   -2.977924e-01 -1.737088e-01 -9.194383e-01
      vertex   -2.805295e-01 -1.780879e-01 -9.188257e-01
      vertex   -2.942102e-01 -1.902446e-01 -9.179603e-01
    endloop
  endfacet
  facet normal 8.528451e-01 -4.400187e-01 2.811384e-01
    outer loop
      vertex   -2.202482e-01 -1.238560e-01 -9.073121e-01
      vertex   -2.425931e-01 -1.642847e-01 -9.028039e-01
      vertex   -2.477786e-01 -1.849001e-01 -9.193396e-01
    endloop
  endfacet
  facet normal 6.025437e-01 -4.365966e-01 6.680753e-01
    outer loop
      vertex   -2.425931e-01 -1.642847e-01 -9.028039e-01
      vertex   -2.414797e-01 -1.061780e-01 -8.658346e-01
      vertex   -2.605892e-01 -1.891073e-01 -9.027950e-01
    endloop
  endfacet
  facet normal 8.279721e-01 -4.156452e-01 3.764322e-01
    outer loop
      vertex   -2.425931e-01 -1.642847e-01 -9.028039e-01
      vertex   -2.202482e-01 -1.238560e-01 -9.073121e-01
      vertex   -2.282428e-01 -1.225120e-01 -8.882438e-01
    endloop
  endfacet
  facet normal -1.596770e-01 -3.709323e-01 9.148292e-01
    outer loop
      vertex   -2.827014e-01 -1.723958e-01 -8.998786e-01
      vertex   -2.605892e-01 -1.891073e-01 -9.027950e-01
      vertex   -2.414797e-01 -1.061780e-01 -8.658346e-01
    endloop
  endfacet
  facet normal 4.077064e-02 2.132750e-01 -9.761411e-01
    outer loop
      vertex   -3.428555e-01 -1.527328e-01 -9.193794e-01
      vertex   -3.385381e-01 -1.183440e-01 -9.116855e-01
      vertex   -3.253554e-01 -1.467808e-01 -9.173480e-01
    endloop
  endfacet
  facet normal -1.829073e-01 -8.701689e-02 -9.792716e-01
    outer loop
      vertex   -2.779448e-01 -1.047421e-01 -9.299388e-01
      vertex   -2.975619e-01 -1.715258e-01 -9.203404e-01
      vertex   -3.253554e-01 -1.467808e-01 -9.173480e-01
    endloop
  endfacet
  facet normal -1.863401e-01 -8.305464e-02 -9.789685e-01
    outer loop
      vertex   -3.253554e-01 -1.467808e-01 -9.173480e-01
      vertex   -3.197730e-01 -8.669677e-02 -9.235080e-01
      vertex   -2.779448e-01 -1.047421e-01 -9.299388e-01
    endloop
  endfacet
  facet normal 8.528914e-01 -1.057469e-02 -5.219812e-01
    outer loop
      vertex   -2.202482e-01 -1.238560e-01 -9.073121e-01
      vertex   -2.271707e-01 -9.383129e-02 -9.192314e-01
      vertex   -2.141747e-01 -6.457552e-02 -8.985893e-01
    endloop
  endfacet
  facet normal 9.078800e-01 -1.505854e-01 3.912517e-01
    outer loop
      vertex   -2.282428e-01 -1.225120e-01 -8.882438e-01
      vertex   -2.202482e-01 -1.238560e-01 -9.073121e-01
      vertex   -2.141747e-01 -6.457552e-02 -8.985893e-01
    endloop
  endfacet
  facet normal -7.140151e-01 1.696140e-01 -6.792742e-01
    outer loop
      vertex   -3.197730e-01 -8.669677e-02 -9.235080e-01
      vertex   -3.385381e-01 -1.183440e-01 -9.116855e-01
      vertex   -3.261985e-01 -7.460021e-02 -9.137335e-01
    endloop
  endfacet
  facet normal 2.819592e-01 -4.545515e-02 -9.583490e-01
    outer loop
      vertex   -2.779448e-01 -1.047421e-01 -9.299388e-01
      vertex   -2.576443e-01 -1.671988e-02 -9.281411e-01
      vertex   -2.395726e-01 -5.890655e-02 -9.208232e-01
    endloop
  endfacet
  facet normal 9.697636e-01 -2.416140e-01 -3.436919e-02
    outer loop
      vertex   -2.141747e-01 -6.457552e-02 -8.985893e-01
      vertex   -2.039100e-01 -2.887266e-02 -8.599488e-01
      vertex   -2.282428e-01 -1.225120e-01 -8.882438e-01
    endloop
  endfacet
  facet normal 6.569667e-01 -3.693221e-01 6.572640e-01
    outer loop
      vertex   -2.282428e-01 -1.225120e-01 -8.882438e-01
      vertex   -2.039100e-01 -2.887266e-02 -8.599488e-01
      vertex   -2.414797e-01 -1.061780e-01 -8.658346e-01
    endloop
  endfacet
  facet normal -8.198812e-01 4.070913e-01 4.025810e-01
    outer loop
      vertex   -2.923619e-01 -1.781675e-02 -9.022429e-01
      vertex   -3.261985e-01 -7.460021e-02 -9.137335e-01
      vertex   -3.117234e-01 -7.046496e-02 -8.884358e-01
    endloop
  endfacet
  facet normal -4.328282e-01 3.287091e-01 -8.394106e-01
    outer loop
      vertex   -2.576443e-01 -1.671988e-02 -9.281411e-01
      vertex   -3.197730e-01 -8.669677e-02 -9.235080e-01
      vertex   -2.990237e-01 -4.271273e-02 -9.169831e-01
    endloop
  endfacet
  facet normal -9.312683e-01 3.589069e-01 6.265164e-02
    outer loop
      vertex   -2.827709e-01 -1.798778e-04 -8.607148e-01
      vertex   -2.923619e-01 -1.781675e-02 -9.022429e-01
      vertex   -3.117234e-01 -7.046496e-02 -8.884358e-01
    endloop
  endfacet
  facet normal 1.156840e-02 1.570587e-02 -9.998097e-01
    outer loop
      vertex   -2.272477e-01 -4.008316e-03 -9.275897e-01
      vertex   -2.576443e-01 -1.671988e-02 -9.281411e-01
      vertex   -2.433109e-01 4.430722e-02 -9.270166e-01
    endloop
  endfacet
  facet normal 9.537955e-01 -2.995442e-01 2.339872e-02
    outer loop
      vertex   -1.976453e-01 -1.119503e-02 -8.890099e-01
      vertex   -2.039100e-01 -2.887266e-02 -8.599488e-01
      vertex   -2.141747e-01 -6.457552e-02 -8.985893e-01
    endloop
  endfacet
  facet normal -8.918688e-01 4.517471e-01 -2.223895e-02
    outer loop
      vertex   -2.574044e-01 5.611891e-02 -9.124016e-01
      vertex   -2.703650e-01 3.074468e-02 -9.080669e-01
      vertex   -2.569665e-01 5.855630e-02 -8.804526e-01
    endloop
  endfacet
  facet normal -5.032677e-01 3.673189e-01 -7.821755e-01
    outer loop
      vertex   -2.402427e-01 7.205099e-02 -9.159619e-01
      vertex   -2.433109e-01 4.430722e-02 -9.270166e-01
      vertex   -2.574044e-01 5.611891e-02 -9.124016e-01
    endloop
  endfacet
  facet normal 8.976871e-01 -2.082889e-01 -3.882957e-01
    outer loop
      vertex   -2.141747e-01 -6.457552e-02 -8.985893e-01
      vertex   -2.080643e-01 1.187953e-03 -9.197397e-01
      vertex   -1.976453e-01 -1.119503e-02 -8.890099e-01
    endloop
  endfacet
  facet normal -9.088892e-01 4.157010e-01 3.336281e-02
    outer loop
      vertex   -2.703650e-01 3.074468e-02 -9.080669e-01
      vertex   -2.923619e-01 -1.781675e-02 -9.022429e-01
      vertex   -2.827709e-01 -1.798778e-04 -8.607148e-01
    endloop
  endfacet
  facet normal -9.202897e-01 3.382273e-01 -1.966446e-01
    outer loop
      vertex   -2.719281e-01 4.032170e-02 -8.417965e-01
      vertex   -2.569665e-01 5.855630e-02 -8.804526e-01
      vertex   -2.827709e-01 -1.798778e-04 -8.607148e-01
    endloop
  endfacet
  facet normal 1.646722e-01 -6.782503e-01 7.161421e-01
    outer loop
      vertex   -2.575963e-01 -8.171024e-02 -8.440793e-01
      vertex   -2.338329e-01 -3.992383e-02 -8.099681e-01
      vertex   -2.532824e-01 -2.103718e-02 -7.876085e-01
    endloop
  endfacet
  facet normal -4.240539e-01 -6.006741e-01 6.777676e-01
    outer loop
      vertex   -2.532824e-01 -2.103718e-02 -7.876085e-01
      vertex   -2.801066e-01 -7.661951e-02 -8.536515e-01
      vertex   -2.575963e-01 -8.171024e-02 -8.440793e-01
    endloop
  endfacet
  facet normal -8.421274e-01 -1.922550e-01 5.038446e-01
    outer loop
      vertex   -2.745482e-01 -1.835220e-02 -8.221277e-01
      vertex   -2.801066e-01 -7.661951e-02 -8.536515e-01
      vertex   -2.532824e-01 -2.103718e-02 -7.876085e-01
    endloop
  endfacet
  facet normal 4.256251e-01 -9.005343e-01 -8.877642e-02
    outer loop
      vertex   -2.012592e-01 -1.133613e-02 -8.268605e-01
      vertex   -2.013899e-01 -1.707519e-02 -7.692711e-01
      vertex   -2.239693e-01 -2.698506e-02 -7.770002e-01
    endloop
  endfacet
  facet normal 6.810436e-01 -7.276574e-01 8.181885e-02
    outer loop
      vertex   -2.012592e-01 -1.133613e-02 -8.268605e-01
      vertex   -2.239693e-01 -2.698506e-02 -7.770002e-01
      vertex   -2.338329e-01 -3.992383e-02 -8.099681e-01
    endloop
  endfacet
  facet normal 9.772161e-01 2.080320e-01 -4.208886e-02
    outer loop
      vertex   -1.867397e-01 1.263304e-02 -8.443262e-01
      vertex   -1.913932e-01 3.211401e-02 -8.560847e-01
      vertex   -1.850574e-01 1.932681e-02 -7.721819e-01
    endloop
  endfacet
  facet normal -3.260072e-01 -8.427799e-01 4.283005e-01
    outer loop
      vertex   -2.532824e-01 -2.103718e-02 -7.876085e-01
      vertex   -2.338329e-01 -3.992383e-02 -8.099681e-01
      vertex   -2.239693e-01 -2.698506e-02 -7.770002e-01
    endloop
  endfacet
  facet normal -5.698399e-01 -7.683975e-01 2.912863e-01
    outer loop
      vertex   -2.745482e-01 -1.835220e-02 -8.221277e-01
      vertex   -2.532824e-01 -2.103718e-02 -7.876085e-01
      vertex   -2.695848e-01 4.289383e-03 -7.526907e-01
    endloop
  endfacet
  facet normal 9.839567e-01 1.717951e-01 -4.812055e-02
    outer loop
      vertex   -1.850574e-01 1.932681e-02 -7.721819e-01
      vertex   -1.913932e-01 3.211401e-02 -8.560847e-01
      vertex   -1.898853e-01 5.762976e-02 -7.341577e-01
    endloop
  endfacet
  facet normal -8.447010e-01 -5.352028e-01 -6.181121e-03
    outer loop
      vertex   -2.532824e-01 -2.103718e-02 -7.876085e-01
      vertex   -2.338284e-01 -5.333825e-02 -6.493053e-01
      vertex   -2.695848e-01 4.289383e-03 -7.526907e-01
    endloop
  endfacet
  facet normal 4.903690e-01 8.711812e-01 -2.411384e-02
    outer loop
      vertex   -2.036241e-01 6.171617e-02 -8.659106e-01
      vertex   -2.207187e-01 7.584012e-02 -7.032706e-01
      vertex   -1.898853e-01 5.762976e-02 -7.341577e-01
    endloop
  endfacet
  facet normal -4.230532e-02 -9.778331e-01 -2.050677e-01
    outer loop
      vertex   -2.239693e-01 -2.698506e-02 -7.770002e-01
      vertex   -2.128094e-01 -4.389924e-02 -6.986499e-01
      vertex   -2.338284e-01 -5.333825e-02 -6.493053e-01
    endloop
  endfacet
  facet normal 3.223800e-01 9.204807e-01 -2.208764e-01
    outer loop
      vertex   -1.898853e-01 5.762976e-02 -7.341577e-01
      vertex   -2.207187e-01 7.584012e-02 -7.032706e-01
      vertex   -1.899523e-01 7.667002e-02 -6.549070e-01
    endloop
  endfacet
  facet normal -7.964411e-01 6.001255e-01 -7.436964e-02
    outer loop
      vertex   -2.604545e-01 6.564447e-02 -6.543288e-01
      vertex   -2.623200e-01 4.851466e-02 -7.725793e-01
      vertex   -2.709668e-01 4.939177e-02 -6.729017e-01
    endloop
  endfacet
  facet normal 9.562483e-01 -2.261460e-01 -1.855993e-01
    outer loop
      vertex   -1.756551e-01 -1.276083e-02 -6.846418e-01
      vertex   -1.850574e-01 1.932681e-02 -7.721819e-01
      vertex   -1.667657e-01 3.135763e-02 -6.925985e-01
    endloop
  endfacet
  facet normal 6.695039e-01 -7.238648e-01 -1.666858e-01
    outer loop
      vertex   -2.013899e-01 -1.707519e-02 -7.692711e-01
      vertex   -1.756551e-01 -1.276083e-02 -6.846418e-01
      vertex   -2.128094e-01 -4.389924e-02 -6.986499e-01
    endloop
  endfacet
  facet normal 5.478189e-01 8.135544e-01 -1.949966e-01
    outer loop
      vertex   -1.898853e-01 5.762976e-02 -7.341577e-01
      vertex   -1.899523e-01 7.667002e-02 -6.549070e-01
      vertex   -1.608786e-01 5.962571e-02 -6.443396e-01
    endloop
  endfacet
  facet normal 6.751143e-01 -6.423241e-01 -3.628228e-01
    outer loop
      vertex   -1.756551e-01 -1.276083e-02 -6.846418e-01
      vertex   -1.894241e-01 -5.686431e-02 -6.321835e-01
      vertex   -2.128094e-01 -4.389924e-02 -6.986499e-01
    endloop
  endfacet
  facet normal -9.942844e-01 -1.042709e-01 -2.293810e-02
    outer loop
      vertex   -2.695848e-01 4.289383e-03 -7.526907e-01
      vertex   -2.725608e-01 -8.616977e-04 -6.002783e-01
      vertex   -2.732688e-01 2.585011e-02 -6.910139e-01
    endloop
  endfacet
  facet normal -8.671936e-01 4.945772e-01 5.803927e-02
    outer loop
      vertex   -2.774357e-01 2.946155e-02 -5.997239e-01
      vertex   -2.604545e-01 6.564447e-02 -6.543288e-01
      vertex   -2.709668e-01 4.939177e-02 -6.729017e-01
    endloop
  endfacet
  facet normal -9.285407e-01 3.685479e-01 -4.454952e-02
    outer loop
      vertex   -2.774357e-01 2.946155e-02 -5.997239e-01
      vertex   -2.717349e-01 4.763658e-02 -5.681880e-01
      vertex   -2.604545e-01 6.564447e-02 -6.543288e-01
    endloop
  endfacet
  facet normal -7.853193e-01 6.185251e-01 2.646390e-02
    outer loop
      vertex   -2.501066e-01 7.572977e-02 -5.829709e-01
      vertex   -2.604545e-01 6.564447e-02 -6.543288e-01
      vertex   -2.717349e-01 4.763658e-02 -5.681880e-01
    endloop
  endfacet
  facet normal 8.942714e-01 3.299383e-01 -3.023563e-01
    outer loop
      vertex   -1.667657e-01 3.135763e-02 -6.925985e-01
      vertex   -1.608786e-01 5.962571e-02 -6.443396e-01
      vertex   -1.370393e-01 3.295808e-02 -6.029309e-01
    endloop
  endfacet
  facet normal -3.761702e-01 9.216166e-01 -9.549277e-02
    outer loop
      vertex   -2.501066e-01 7.572977e-02 -5.829709e-01
      vertex   -2.177565e-01 8.990109e-02 -5.736365e-01
      vertex   -2.251063e-01 8.078223e-02 -6.326911e-01
    endloop
  endfacet
  facet normal 7.345861e-01 6.531567e-01 -1.837649e-01
    outer loop
      vertex   -1.608786e-01 5.962571e-02 -6.443396e-01
      vertex   -1.705341e-01 8.028300e-02 -6.095144e-01
      vertex   -1.458059e-01 6.027635e-02 -5.817748e-01
    endloop
  endfacet
  facet normal 6.553607e-01 -6.540183e-01 -3.778393e-01
    outer loop
      vertex   -1.756551e-01 -1.276083e-02 -6.846418e-01
      vertex   -1.601174e-01 -4.579848e-02 -6.005055e-01
      vertex   -1.894241e-01 -5.686431e-02 -6.321835e-01
    endloop
  endfacet
  facet normal -9.360108e-01 -3.506794e-01 -3.012814e-02
    outer loop
      vertex   -2.725608e-01 -8.616977e-04 -6.002783e-01
      vertex   -2.695848e-01 4.289383e-03 -7.526907e-01
      vertex   -2.571641e-01 -4.073241e-02 -6.145377e-01
    endloop
  endfacet
  facet normal 3.484266e-01 9.371584e-01 -1.824730e-02
    outer loop
      vertex   -1.705341e-01 8.028300e-02 -6.095144e-01
      vertex   -1.954160e-01 8.974038e-02 -5.989067e-01
      vertex   -1.695773e-01 8.089351e-02 -5.598877e-01
    endloop
  endfacet
  facet normal -7.656179e-01 6.369311e-01 9.026640e-02
    outer loop
      vertex   -2.717349e-01 4.763658e-02 -5.681880e-01
      vertex   -2.579839e-01 5.947596e-02 -5.350957e-01
      vertex   -2.501066e-01 7.572977e-02 -5.829709e-01
    endloop
  endfacet
  facet normal 9.799616e-02 9.919397e-01 8.032637e-02
    outer loop
      vertex   -1.954160e-01 8.974038e-02 -5.989067e-01
      vertex   -2.177565e-01 8.990109e-02 -5.736365e-01
      vertex   -2.011683e-01 8.530107e-02 -5.370686e-01
    endloop
  endfacet
  facet normal 2.001822e-01 9.757382e-01 8.866874e-02
    outer loop
      vertex   -1.954160e-01 8.974038e-02 -5.989067e-01
      vertex   -2.011683e-01 8.530107e-02 -5.370686e-01
      vertex   -1.695773e-01 8.089351e-02 -5.598877e-01
    endloop
  endfacet
  facet normal 6.979437e-01 7.106491e-01 8.861477e-02
    outer loop
      vertex   -1.458059e-01 6.027635e-02 -5.817748e-01
      vertex   -1.695773e-01 8.089351e-02 -5.598877e-01
      vertex   -1.459178e-01 5.592013e-02 -5.459582e-01
    endloop
  endfacet
  facet normal 6.435106e-01 7.651261e-01 -2.182071e-02
    outer loop
      vertex   -1.705341e-01 8.028300e-02 -6.095144e-01
      vertex   -1.695773e-01 8.089351e-02 -5.598877e-01
      vertex   -1.458059e-01 6.027635e-02 -5.817748e-01
    endloop
  endfacet
  facet normal 9.373689e-01 3.438711e-01 -5.560759e-02
    outer loop
      vertex   -1.370393e-01 3.295808e-02 -6.029309e-01
      vertex   -1.458059e-01 6.027635e-02 -5.817748e-01
      vertex   -1.313004e-01 2.357315e-02 -5.642258e-01
    endloop
  endfacet
  facet normal 2.863552e-01 -9.276101e-01 -2.398755e-01
    outer loop
      vertex   -1.894241e-01 -5.686431e-02 -6.321835e-01
      vertex   -1.775719e-01 -6.809849e-02 -5.745915e-01
      vertex   -2.029104e-01 -7.571721e-02 -5.753778e-01
    endloop
  endfacet
  facet normal -9.321533e-01 -3.620183e-01 5.741858e-03
    outer loop
      vertex   -2.725608e-01 -8.616977e-04 -6.002783e-01
      vertex   -2.571641e-01 -4.073241e-02 -6.145377e-01
      vertex   -2.464161e-01 -6.704122e-02 -5.284082e-01
    endloop
  endfacet
  facet normal 9.204328e-01 3.876862e-01 5.002941e-02
    outer loop
      vertex   -1.458059e-01 6.027635e-02 -5.817748e-01
      vertex   -1.459178e-01 5.592013e-02 -5.459582e-01
      vertex   -1.313004e-01 2.357315e-02 -5.642258e-01
    endloop
  endfacet
  facet normal 9.842693e-01 -1.899549e-02 -1.756507e-01
    outer loop
      vertex   -1.417355e-01 5.572474e-03 -6.207532e-01
      vertex   -1.313004e-01 2.357315e-02 -5.642258e-01
      vertex   -1.310363e-01 -1.322609e-02 -5.587668e-01
    endloop
  endfacet
  facet normal 7.548314e-01 -6.291347e-01 -1.855240e-01
    outer loop
      vertex   -1.601174e-01 -4.579848e-02 -6.005055e-01
      vertex   -1.416391e-01 -3.363006e-02 -5.665881e-01
      vertex   -1.497225e-01 -5.920963e-02 -5.127334e-01
    endloop
  endfacet
  facet normal -1.974748e-01 9.505971e-01 2.395180e-01
    outer loop
      vertex   -2.370419e-01 8.028138e-02 -5.467231e-01
      vertex   -2.203850e-01 7.465703e-02 -5.106682e-01
      vertex   -2.011683e-01 8.530107e-02 -5.370686e-01
    endloop
  endfacet
  facet normal 6.377328e-01 7.341602e-01 2.330360e-01
    outer loop
      vertex   -1.695773e-01 8.089351e-02 -5.598877e-01
      vertex   -1.765520e-01 7.347386e-02 -5.174254e-01
      vertex   -1.459178e-01 5.592013e-02 -5.459582e-01
    endloop
  endfacet
  facet normal -6.243888e-01 6.746405e-01 3.936988e-01
    outer loop
      vertex   -2.203850e-01 7.465703e-02 -5.106682e-01
      vertex   -2.370419e-01 8.028138e-02 -5.467231e-01
      vertex   -2.304188e-01 5.222244e-02 -4.881376e-01
    endloop
  endfacet
  facet normal 9.879475e-01 1.521890e-01 2.825361e-02
    outer loop
      vertex   -1.310363e-01 -1.322609e-02 -5.587668e-01
      vertex   -1.355559e-01 5.713622e-03 -5.027512e-01
      vertex   -1.305687e-01 -2.908651e-02 -4.896871e-01
    endloop
  endfacet
  facet normal 9.970702e-01 1.817552e-02 7.430160e-02
    outer loop
      vertex   -1.310363e-01 -1.322609e-02 -5.587668e-01
      vertex   -1.313004e-01 2.357315e-02 -5.642258e-01
      vertex   -1.355559e-01 5.713622e-03 -5.027512e-01
    endloop
  endfacet
  facet normal 2.889494e-01 -9.455007e-01 -1.501221e-01
    outer loop
      vertex   -2.029104e-01 -7.571721e-02 -5.753778e-01
      vertex   -1.775719e-01 -6.809849e-02 -5.745915e-01
      vertex   -1.778436e-01 -7.738325e-02 -5.166371e-01
    endloop
  endfacet
  facet normal 4.954245e-03 9.261899e-01 3.770248e-01
    outer loop
      vertex   -2.011683e-01 8.530107e-02 -5.370686e-01
      vertex   -2.203850e-01 7.465703e-02 -5.106682e-01
      vertex   -1.956403e-01 6.119872e-02 -4.779320e-01
    endloop
  endfacet
  facet normal 8.554239e-01 4.277998e-01 2.919544e-01
    outer loop
      vertex   -1.459178e-01 5.592013e-02 -5.459582e-01
      vertex   -1.567900e-01 4.367930e-02 -4.961664e-01
      vertex   -1.355559e-01 5.713622e-03 -5.027512e-01
    endloop
  endfacet
  facet normal 8.982934e-01 -4.268882e-01 -1.040932e-01
    outer loop
      vertex   -1.310363e-01 -1.322609e-02 -5.587668e-01
      vertex   -1.305687e-01 -2.908651e-02 -4.896871e-01
      vertex   -1.416391e-01 -3.363006e-02 -5.665881e-01
    endloop
  endfacet
  facet normal 5.590854e-01 -7.869899e-01 -2.609032e-01
    outer loop
      vertex   -2.029104e-01 -7.571721e-02 -5.753778e-01
      vertex   -1.778436e-01 -7.738325e-02 -5.166371e-01
      vertex   -1.951422e-01 -9.685799e-02 -4.949624e-01
    endloop
  endfacet
  facet normal -9.079688e-01 1.354306e-01 3.965490e-01
    outer loop
      vertex   -2.664070e-01 1.585074e-02 -5.242119e-01
      vertex   -2.451085e-01 -2.790096e-03 -4.690791e-01
      vertex   -2.570384e-01 3.403135e-02 -5.089700e-01
    endloop
  endfacet
  facet normal -7.204593e-01 4.491571e-01 5.283904e-01
    outer loop
      vertex   -2.570384e-01 3.403135e-02 -5.089700e-01
      vertex   -2.244525e-01 1.983671e-02 -4.524731e-01
      vertex   -2.304188e-01 5.222244e-02 -4.881376e-01
    endloop
  endfacet
  facet normal 6.936631e-01 6.622414e-01 2.833158e-01
    outer loop
      vertex   -1.765520e-01 7.347386e-02 -5.174254e-01
      vertex   -1.737039e-01 4.018712e-02 -4.465920e-01
      vertex   -1.567900e-01 4.367930e-02 -4.961664e-01
    endloop
  endfacet
  facet normal 8.757543e-01 4.775906e-01 7.043851e-02
    outer loop
      vertex   -1.355559e-01 5.713622e-03 -5.027512e-01
      vertex   -1.567900e-01 4.367930e-02 -4.961664e-01
      vertex   -1.382675e-01 4.186827e-03 -4.586860e-01
    endloop
  endfacet
  facet normal -7.749182e-01 -6.204760e-01 -1.204631e-01
    outer loop
      vertex   -2.298563e-01 -9.228544e-02 -5.049077e-01
      vertex   -2.337645e-01 -9.942118e-02 -4.430124e-01
      vertex   -2.464161e-01 -6.704122e-02 -5.284082e-01
    endloop
  endfacet
  facet normal -7.822674e-01 3.233717e-01 5.324364e-01
    outer loop
      vertex   -2.244525e-01 1.983671e-02 -4.524731e-01
      vertex   -2.570384e-01 3.403135e-02 -5.089700e-01
      vertex   -2.451085e-01 -2.790096e-03 -4.690791e-01
    endloop
  endfacet
  facet normal -3.423974e-01 8.334216e-01 4.337886e-01
    outer loop
      vertex   -1.951429e-01 4.290657e-02 -4.423954e-01
      vertex   -1.956403e-01 6.119872e-02 -4.779320e-01
      vertex   -2.304188e-01 5.222244e-02 -4.881376e-01
    endloop
  endfacet
  facet normal 5.452314e-01 -7.750656e-01 -3.193681e-01
    outer loop
      vertex   -1.778436e-01 -7.738325e-02 -5.166371e-01
      vertex   -1.497225e-01 -5.920963e-02 -5.127334e-01
      vertex   -1.433062e-01 -8.330708e-02 -4.432978e-01
    endloop
  endfacet
  facet normal -9.608524e-01 -2.686604e-01 6.770731e-02
    outer loop
      vertex   -2.337645e-01 -9.942118e-02 -4.430124e-01
      vertex   -2.373080e-01 -8.005144e-02 -4.164414e-01
      vertex   -2.574475e-01 -3.330485e-02 -5.167569e-01
    endloop
  endfacet
  facet normal -9.862693e-01 1.446593e-01 7.966529e-02
    outer loop
      vertex   -2.353619e-01 1.845641e-02 -3.869949e-01
      vertex   -2.451085e-01 -2.790096e-03 -4.690791e-01
      vertex   -2.455887e-01 -4.264875e-02 -4.026474e-01
    endloop
  endfacet
  facet normal -6.166831e-01 5.286933e-01 5.832541e-01
    outer loop
      vertex   -1.951429e-01 4.290657e-02 -4.423954e-01
      vertex   -2.304188e-01 5.222244e-02 -4.881376e-01
      vertex   -2.244525e-01 1.983671e-02 -4.524731e-01
    endloop
  endfacet
  facet normal 7.288079e-01 6.192046e-01 2.922749e-01
    outer loop
      vertex   -1.567900e-01 4.367930e-02 -4.961664e-01
      vertex   -1.737039e-01 4.018712e-02 -4.465920e-01
      vertex   -1.382675e-01 4.186827e-03 -4.586860e-01
    endloop
  endfacet
  facet normal 8.698383e-01 -4.356164e-01 -2.315591e-01
    outer loop
      vertex   -1.497225e-01 -5.920963e-02 -5.127334e-01
      vertex   -1.265302e-01 -5.188689e-02 -4.393887e-01
      vertex   -1.433062e-01 -8.330708e-02 -4.432978e-01
    endloop
  endfacet
  facet normal -3.368669e-04 -9.385539e-01 -3.451325e-01
    outer loop
      vertex   -2.172905e-01 -1.111918e-01 -4.559614e-01
      vertex   -1.951422e-01 -9.685799e-02 -4.949624e-01
      vertex   -1.909193e-01 -1.133697e-01 -4.500646e-01
    endloop
  endfacet
  facet normal 5.342207e-01 -7.773798e-01 -3.320977e-01
    outer loop
      vertex   -1.951422e-01 -9.685799e-02 -4.949624e-01
      vertex   -1.433062e-01 -8.330708e-02 -4.432978e-01
      vertex   -1.560558e-01 -1.100510e-01 -4.012046e-01
    endloop
  endfacet
  facet normal -6.454856e-01 7.240580e-01 -2.430810e-01
    outer loop
      vertex   -1.951429e-01 4.290657e-02 -4.423954e-01
      vertex   -2.124587e-01 3.687905e-02 -4.143684e-01
      vertex   -1.999452e-01 7.244602e-02 -3.416549e-01
    endloop
  endfacet
  facet normal -5.937259e-02 9.571369e-01 -2.834851e-01
    outer loop
      vertex   -1.678851e-01 6.132469e-02 -3.859187e-01
      vertex   -1.951429e-01 4.290657e-02 -4.423954e-01
      vertex   -1.999452e-01 7.244602e-02 -3.416549e-01
    endloop
  endfacet
  facet normal 5.419119e-02 9.413198e-01 -3.331370e-01
    outer loop
      vertex   -1.737039e-01 4.018712e-02 -4.465920e-01
      vertex   -1.951429e-01 4.290657e-02 -4.423954e-01
      vertex   -1.678851e-01 6.132469e-02 -3.859187e-01
    endloop
  endfacet
  facet normal -7.455287e-01 -5.819641e-01 3.248150e-01
    outer loop
      vertex   -2.373080e-01 -8.005144e-02 -4.164414e-01
      vertex   -2.337645e-01 -9.942118e-02 -4.430124e-01
      vertex   -2.080767e-01 -1.100696e-01 -4.031315e-01
    endloop
  endfacet
  facet normal -9.789558e-01 -1.967360e-01 -5.422665e-02
    outer loop
      vertex   -2.373080e-01 -8.005144e-02 -4.164414e-01
      vertex   -2.427047e-01 -7.460562e-02 -3.387733e-01
      vertex   -2.455887e-01 -4.264875e-02 -4.026474e-01
    endloop
  endfacet
  facet normal 7.440284e-01 -5.712095e-01 -3.466144e-01
    outer loop
      vertex   -1.362161e-01 -1.062532e-01 -3.902641e-01
      vertex   -1.433062e-01 -8.330708e-02 -4.432978e-01
      vertex   -1.103423e-01 -9.314406e-02 -3.563279e-01
    endloop
  endfacet
  facet normal -7.242467e-01 -6.885045e-01 3.779263e-02
    outer loop
      vertex   -2.373080e-01 -8.005144e-02 -4.164414e-01
      vertex   -2.080767e-01 -1.100696e-01 -4.031315e-01
      vertex   -2.201957e-01 -9.403261e-02 -3.432141e-01
    endloop
  endfacet
  facet normal -9.616904e-01 2.632607e-01 -7.645432e-02
    outer loop
      vertex   -2.455887e-01 -4.264875e-02 -4.026474e-01
      vertex   -2.509734e-01 -4.567124e-02 -3.453226e-01
      vertex   -2.386876e-01 1.101228e-02 -3.046789e-01
    endloop
  endfacet
  facet normal 9.101155e-01 -2.138001e-01 -3.549355e-01
    outer loop
      vertex   -1.265302e-01 -5.188689e-02 -4.393887e-01
      vertex   -1.073619e-01 -2.517255e-02 -4.063296e-01
      vertex   -9.859433e-02 -6.588505e-02 -3.593242e-01
    endloop
  endfacet
  facet normal 8.401661e-01 -4.020939e-01 -3.639249e-01
    outer loop
      vertex   -1.433062e-01 -8.330708e-02 -4.432978e-01
      vertex   -9.859433e-02 -6.588505e-02 -3.593242e-01
      vertex   -1.103423e-01 -9.314406e-02 -3.563279e-01
    endloop
  endfacet
  facet normal -4.756702e-02 -9.846220e-01 -1.680978e-01
    outer loop
      vertex   -1.743534e-01 -1.134509e-01 -3.761119e-01
      vertex   -1.560558e-01 -1.100510e-01 -4.012046e-01
      vertex   -1.528803e-01 -1.369268e-01 -2.446800e-01
    endloop
  endfacet
  facet normal -9.496995e-01 -2.951174e-01 -1.047688e-01
    outer loop
      vertex   -2.455887e-01 -4.264875e-02 -4.026474e-01
      vertex   -2.427047e-01 -7.460562e-02 -3.387733e-01
      vertex   -2.509734e-01 -4.567124e-02 -3.453226e-01
    endloop
  endfacet
  facet normal -9.740103e-01 2.256005e-01 -2.020761e-02
    outer loop
      vertex   -2.386876e-01 1.101228e-02 -3.046789e-01
      vertex   -2.509734e-01 -4.567124e-02 -3.453226e-01
      vertex   -2.462149e-01 -1.828129e-02 -2.689001e-01
    endloop
  endfacet
  facet normal 8.837147e-01 1.529795e-01 -4.423185e-01
    outer loop
      vertex   -7.171046e-02 -2.117324e-02 -3.337178e-01
      vertex   -1.073619e-01 -2.517255e-02 -4.063296e-01
      vertex   -8.983552e-02 -5.174727e-04 -3.627861e-01
    endloop
  endfacet
  facet normal 8.662119e-01 -2.862890e-01 -4.095309e-01
    outer loop
      vertex   -1.073619e-01 -2.517255e-02 -4.063296e-01
      vertex   -7.171046e-02 -2.117324e-02 -3.337178e-01
      vertex   -9.859433e-02 -6.588505e-02 -3.593242e-01
    endloop
  endfacet
  facet normal -7.289489e-01 6.560701e-01 -1.954621e-01
    outer loop
      vertex   -2.124587e-01 3.687905e-02 -4.143684e-01
      vertex   -2.192474e-01 6.473570e-02 -2.955495e-01
      vertex   -1.999452e-01 7.244602e-02 -3.416549e-01
    endloop
  endfacet
  facet normal -2.147934e-01 8.990802e-01 -3.814689e-01
    outer loop
      vertex   -1.678851e-01 6.132469e-02 -3.859187e-01
      vertex   -1.999452e-01 7.244602e-02 -3.416549e-01
      vertex   -1.774791e-01 9.377724e-02 -3.040295e-01
    endloop
  endfacet
  facet normal 7.365536e-01 5.669811e-01 -3.688105e-01
    outer loop
      vertex   -1.304928e-01 1.811927e-02 -4.153324e-01
      vertex   -8.608632e-02 3.533720e-02 -3.001783e-01
      vertex   -8.983552e-02 -5.174727e-04 -3.627861e-01
    endloop
  endfacet
  facet normal -3.560171e-01 -9.282598e-01 -1.076366e-01
    outer loop
      vertex   -1.743534e-01 -1.134509e-01 -3.761119e-01
      vertex   -1.528803e-01 -1.369268e-01 -2.446800e-01
      vertex   -1.797827e-01 -1.288510e-01 -2.253434e-01
    endloop
  endfacet
  facet normal 8.489844e-02 -9.817301e-01 -1.702886e-01
    outer loop
      vertex   -1.560558e-01 -1.100510e-01 -4.012046e-01
      vertex   -1.297893e-01 -1.377606e-01 -2.283608e-01
      vertex   -1.528803e-01 -1.369268e-01 -2.446800e-01
    endloop
  endfacet
  facet normal -6.570066e-01 -7.530293e-01 -3.590537e-02
    outer loop
      vertex   -2.427047e-01 -7.460562e-02 -3.387733e-01
      vertex   -2.201957e-01 -9.403261e-02 -3.432141e-01
      vertex   -2.055114e-01 -1.138084e-01 -1.971622e-01
    endloop
  endfacet
  facet normal -7.836390e-01 -6.202797e-01 3.410346e-02
    outer loop
      vertex   -2.427047e-01 -7.460562e-02 -3.387733e-01
      vertex   -2.055114e-01 -1.138084e-01 -1.971622e-01
      vertex   -2.315718e-01 -8.159571e-02 -2.100959e-01
    endloop
  endfacet
  facet normal -5.885343e-01 8.006059e-01 -1.125057e-01
    outer loop
      vertex   -1.999452e-01 7.244602e-02 -3.416549e-01
      vertex   -2.192474e-01 6.473570e-02 -2.955495e-01
      vertex   -1.843268e-01 9.481462e-02 -2.641789e-01
    endloop
  endfacet
  facet normal 8.432646e-01 4.430965e-01 -3.042536e-01
    outer loop
      vertex   -8.983552e-02 -5.174727e-04 -3.627861e-01
      vertex   -8.608632e-02 3.533720e-02 -3.001783e-01
      vertex   -5.207373e-02 -4.712885e-03 -2.642361e-01
    endloop
  endfacet
  facet normal -1.392285e-01 9.890138e-01 -4.967001e-02
    outer loop
      vertex   -1.774791e-01 9.377724e-02 -3.040295e-01
      vertex   -1.843268e-01 9.481462e-02 -2.641789e-01
      vertex   -1.421012e-01 1.009635e-01 -2.601059e-01
    endloop
  endfacet
  facet normal 9.551675e-01 7.235588e-02 -2.870881e-01
    outer loop
      vertex   -7.171046e-02 -2.117324e-02 -3.337178e-01
      vertex   -5.207373e-02 -4.712885e-03 -2.642361e-01
      vertex   -4.486015e-02 -3.137767e-02 -2.469563e-01
    endloop
  endfacet
  facet normal 7.120007e-01 -6.359405e-01 -2.977158e-01
    outer loop
      vertex   -9.859433e-02 -6.588505e-02 -3.593242e-01
      vertex   -5.875042e-02 -5.976936e-02 -2.770992e-01
      vertex   -7.064262e-02 -9.924437e-02 -2.212187e-01
    endloop
  endfacet
  facet normal 8.717421e-01 -4.058698e-01 -2.744730e-01
    outer loop
      vertex   -1.103423e-01 -9.314406e-02 -3.563279e-01
      vertex   -9.859433e-02 -6.588505e-02 -3.593242e-01
      vertex   -7.064262e-02 -9.924437e-02 -2.212187e-01
    endloop
  endfacet
  facet normal 4.785192e-01 8.680286e-01 -1.324606e-01
    outer loop
      vertex   -1.421012e-01 1.009635e-01 -2.601059e-01
      vertex   -1.076555e-01 9.114426e-02 -2.000161e-01
      vertex   -1.128899e-01 8.227270e-02 -2.770620e-01
    endloop
  endfacet
  facet normal 6.815123e-01 -6.941936e-01 -2.315951e-01
    outer loop
      vertex   -1.123999e-01 -1.178699e-01 -2.882685e-01
      vertex   -1.103423e-01 -9.314406e-02 -3.563279e-01
      vertex   -7.064262e-02 -9.924437e-02 -2.212187e-01
    endloop
  endfacet
  facet normal -9.338764e-01 3.529575e-01 5.740895e-02
    outer loop
      vertex   -2.146171e-01 5.163322e-02 -1.628647e-01
      vertex   -2.386876e-01 1.101228e-02 -3.046789e-01
      vertex   -2.315758e-01 7.362420e-03 -1.665511e-01
    endloop
  endfacet
  facet normal -7.227027e-01 6.848935e-01 9.285272e-02
    outer loop
      vertex   -2.192474e-01 6.473570e-02 -2.955495e-01
      vertex   -2.146171e-01 5.163322e-02 -1.628647e-01
      vertex   -1.859227e-01 8.589016e-02 -1.922106e-01
    endloop
  endfacet
  facet normal 7.827833e-01 5.700036e-01 -2.496923e-01
    outer loop
      vertex   -8.608632e-02 3.533720e-02 -3.001783e-01
      vertex   -1.128899e-01 8.227270e-02 -2.770620e-01
      vertex   -7.969566e-02 7.033634e-02 -2.002468e-01
    endloop
  endfacet
  facet normal -9.883473e-01 1.099498e-01 1.052643e-01
    outer loop
      vertex   -2.462149e-01 -1.828129e-02 -2.689001e-01
      vertex   -2.440250e-01 -4.984555e-02 -2.153694e-01
      vertex   -2.277937e-01 -2.413901e-02 -8.982103e-02
    endloop
  endfacet
  facet normal -9.479354e-01 3.133046e-01 5.708503e-02
    outer loop
      vertex   -2.386876e-01 1.101228e-02 -3.046789e-01
      vertex   -2.462149e-01 -1.828129e-02 -2.689001e-01
      vertex   -2.315758e-01 7.362420e-03 -1.665511e-01
    endloop
  endfacet
  facet normal 7.702999e-01 -5.864764e-01 -2.503665e-01
    outer loop
      vertex   -7.064262e-02 -9.924437e-02 -2.212187e-01
      vertex   -5.875042e-02 -5.976936e-02 -2.770992e-01
      vertex   -4.075883e-02 -7.464241e-02 -1.869050e-01
    endloop
  endfacet
  facet normal 2.320301e-01 9.723641e-01 2.588518e-02
    outer loop
      vertex   -1.409160e-01 9.893011e-02 -1.943465e-01
      vertex   -1.076555e-01 9.114426e-02 -2.000161e-01
      vertex   -1.421012e-01 1.009635e-01 -2.601059e-01
    endloop
  endfacet
  facet normal 5.911145e-01 7.957485e-01 -1.317875e-01
    outer loop
      vertex   -7.969566e-02 7.033634e-02 -2.002468e-01
      vertex   -1.128899e-01 8.227270e-02 -2.770620e-01
      vertex   -1.076555e-01 9.114426e-02 -2.000161e-01
    endloop
  endfacet
  facet normal 8.500284e-01 4.778071e-01 -2.217026e-01
    outer loop
      vertex   -7.969566e-02 7.033634e-02 -2.002468e-01
      vertex   -4.129063e-02 1.641549e-02 -1.692070e-01
      vertex   -8.608632e-02 3.533720e-02 -3.001783e-01
    endloop
  endfacet
  facet normal 4.688493e-01 -8.699689e-01 -1.527563e-01
    outer loop
      vertex   -1.123999e-01 -1.178699e-01 -2.882685e-01
      vertex   -9.353490e-02 -1.316740e-01 -1.517501e-01
      vertex   -1.297893e-01 -1.377606e-01 -2.283608e-01
    endloop
  endfacet
  facet normal -2.578007e-01 9.606228e-01 1.036467e-01
    outer loop
      vertex   -1.409160e-01 9.893011e-02 -1.943465e-01
      vertex   -1.843268e-01 9.481462e-02 -2.641789e-01
      vertex   -1.574762e-01 8.833728e-02 -1.373597e-01
    endloop
  endfacet
  facet normal 6.077648e-01 -7.772960e-01 -1.625819e-01
    outer loop
      vertex   -1.123999e-01 -1.178699e-01 -2.882685e-01
      vertex   -7.064262e-02 -9.924437e-02 -2.212187e-01
      vertex   -9.353490e-02 -1.316740e-01 -1.517501e-01
    endloop
  endfacet
  facet normal -4.873299e-01 -8.731886e-01 -7.159267e-03
    outer loop
      vertex   -1.797827e-01 -1.288510e-01 -2.253434e-01
      vertex   -1.475089e-01 -1.475070e-01 -1.468126e-01
      vertex   -1.649624e-01 -1.382573e-01 -8.691161e-02
    endloop
  endfacet
  facet normal -5.080903e-01 -8.612939e-01 -4.128468e-03
    outer loop
      vertex   -1.797827e-01 -1.288510e-01 -2.253434e-01
      vertex   -1.649624e-01 -1.382573e-01 -8.691161e-02
      vertex   -2.055114e-01 -1.138084e-01 -1.971622e-01
    endloop
  endfacet
  facet normal -7.908136e-01 -6.063782e-01 8.318269e-02
    outer loop
      vertex   -2.315718e-01 -8.159571e-02 -2.100959e-01
      vertex   -2.055114e-01 -1.138084e-01 -1.971622e-01
      vertex   -1.867009e-01 -1.163261e-01 -3.668480e-02
    endloop
  endfacet
  facet normal -8.254161e-01 -5.551610e-01 1.023939e-01
    outer loop
      vertex   -1.867009e-01 -1.163261e-01 -3.668480e-02
      vertex   -2.183771e-01 -8.062811e-02 -9.848521e-02
      vertex   -2.315718e-01 -8.159571e-02 -2.100959e-01
    endloop
  endfacet
  facet normal -1.496435e-02 9.838213e-01 1.785263e-01
    outer loop
      vertex   -1.036141e-01 8.610266e-02 -1.205304e-01
      vertex   -1.409160e-01 9.893011e-02 -1.943465e-01
      vertex   -1.574762e-01 8.833728e-02 -1.373597e-01
    endloop
  endfacet
  facet normal 9.607236e-01 -1.898555e-01 -2.023984e-01
    outer loop
      vertex   -4.486015e-02 -3.137767e-02 -2.469563e-01
      vertex   -2.325164e-02 -6.804490e-02 -1.099924e-01
      vertex   -4.075883e-02 -7.464241e-02 -1.869050e-01
    endloop
  endfacet
  facet normal 3.869450e-01 -9.154723e-01 -1.103816e-01
    outer loop
      vertex   -1.297893e-01 -1.377606e-01 -2.283608e-01
      vertex   -9.353490e-02 -1.316740e-01 -1.517501e-01
      vertex   -1.015956e-01 -1.421679e-01 -9.297386e-02
    endloop
  endfacet
  facet normal -1.268149e-01 9.916928e-01 2.152490e-02
    outer loop
      vertex   -1.587364e-01 8.643244e-02 -5.702513e-02
      vertex   -1.574762e-01 8.833728e-02 -1.373597e-01
      vertex   -1.859227e-01 8.589016e-02 -1.922106e-01
    endloop
  endfacet
  facet normal 2.356497e-01 9.705726e-01 4.957983e-02
    outer loop
      vertex   -1.076555e-01 9.114426e-02 -2.000161e-01
      vertex   -1.409160e-01 9.893011e-02 -1.943465e-01
      vertex   -1.036141e-01 8.610266e-02 -1.205304e-01
    endloop
  endfacet
  facet normal 8.490980e-01 4.214476e-01 -3.184564e-01
    outer loop
      vertex   -7.969566e-02 7.033634e-02 -2.002468e-01
      vertex   -3.595927e-02 4.766731e-02 -1.136332e-01
      vertex   -4.129063e-02 1.641549e-02 -1.692070e-01
    endloop
  endfacet
  facet normal -8.336630e-01 -5.095558e-01 2.129763e-01
    outer loop
      vertex   -1.867009e-01 -1.163261e-01 -3.668480e-02
      vertex   -1.675971e-01 -1.094222e-01 5.461159e-02
      vertex   -2.045000e-01 -7.776156e-02 -1.408952e-02
    endloop
  endfacet
  facet normal -9.693143e-01 -1.691553e-01 1.783712e-01
    outer loop
      vertex   -2.045000e-01 -7.776156e-02 -1.408952e-02
      vertex   -2.134830e-01 -2.431078e-02 -1.221635e-02
      vertex   -2.277937e-01 -2.413901e-02 -8.982103e-02
    endloop
  endfacet
  facet normal -9.687785e-01 2.089046e-01 1.335184e-01
    outer loop
      vertex   -2.315758e-01 7.362420e-03 -1.665511e-01
      vertex   -2.277937e-01 -2.413901e-02 -8.982103e-02
      vertex   -2.121969e-01 2.764741e-02 -5.768028e-02
    endloop
  endfacet
  facet normal -9.318394e-01 3.485538e-01 1.009236e-01
    outer loop
      vertex   -2.146171e-01 5.163322e-02 -1.628647e-01
      vertex   -2.315758e-01 7.362420e-03 -1.665511e-01
      vertex   -2.121969e-01 2.764741e-02 -5.768028e-02
    endloop
  endfacet
  facet normal -6.851330e-01 7.158154e-01 1.349115e-01
    outer loop
      vertex   -1.926443e-01 5.144235e-02 -4.357140e-02
      vertex   -1.587364e-01 8.643244e-02 -5.702513e-02
      vertex   -1.859227e-01 8.589016e-02 -1.922106e-01
    endloop
  endfacet
  facet normal 9.846590e-01 1.248168e-01 -1.219323e-01
    outer loop
      vertex   -4.129063e-02 1.641549e-02 -1.692070e-01
      vertex   -2.325164e-02 -6.804490e-02 -1.099924e-01
      vertex   -4.486015e-02 -3.137767e-02 -2.469563e-01
    endloop
  endfacet
  facet normal 3.171244e-01 -9.401936e-01 -1.243707e-01
    outer loop
      vertex   -9.353490e-02 -1.316740e-01 -1.517501e-01
      vertex   -5.128304e-02 -1.219699e-01 -1.173744e-01
      vertex   -1.015956e-01 -1.421679e-01 -9.297386e-02
    endloop
  endfacet
  facet normal 1.521327e-01 -9.878492e-01 -3.177481e-02
    outer loop
      vertex   -1.475089e-01 -1.475070e-01 -1.468126e-01
      vertex   -1.015956e-01 -1.421679e-01 -9.297386e-02
      vertex   -1.290978e-01 -1.486529e-01 -2.303954e-02
    endloop
  endfacet
  facet normal -3.482386e-01 -9.364131e-01 4.313103e-02
    outer loop
      vertex   -1.290978e-01 -1.486529e-01 -2.303954e-02
      vertex   -1.649624e-01 -1.382573e-01 -8.691161e-02
      vertex   -1.475089e-01 -1.475070e-01 -1.468126e-01
    endloop
  endfacet
  facet normal -9.672210e-01 1.803575e-01 1.787588e-01
    outer loop
      vertex   -2.121969e-01 2.764741e-02 -5.768028e-02
      vertex   -2.277937e-01 -2.413901e-02 -8.982103e-02
      vertex   -2.134830e-01 -2.431078e-02 -1.221635e-02
    endloop
  endfacet
  facet normal 3.959586e-02 9.938852e-01 -1.030750e-01
    outer loop
      vertex   -9.716035e-02 9.005232e-02 -9.765251e-02
      vertex   -1.574762e-01 8.833728e-02 -1.373597e-01
      vertex   -1.338229e-01 9.272405e-02 -8.597453e-02
    endloop
  endfacet
  facet normal -9.278833e-01 -6.017173e-02 3.679836e-01
    outer loop
      vertex   -2.134830e-01 -2.431078e-02 -1.221635e-02
      vertex   -1.848688e-01 -7.347962e-02 5.189540e-02
      vertex   -1.791461e-01 -1.756503e-02 7.546840e-02
    endloop
  endfacet
  facet normal 5.857788e-01 7.891645e-01 -1.846149e-01
    outer loop
      vertex   -7.969566e-02 7.033634e-02 -2.002468e-01
      vertex   -1.076555e-01 9.114426e-02 -2.000161e-01
      vertex   -4.072023e-02 6.511788e-02 -9.888573e-02
    endloop
  endfacet
  facet normal -2.706309e-01 -9.573263e-01 1.014158e-01
    outer loop
      vertex   -1.290978e-01 -1.486529e-01 -2.303954e-02
      vertex   -8.244955e-02 -1.517801e-01 7.192287e-02
      vertex   -1.221476e-01 -1.413338e-01 6.459639e-02
    endloop
  endfacet
  facet normal -3.901410e-01 -9.144798e-01 1.073156e-01
    outer loop
      vertex   -1.221476e-01 -1.413338e-01 6.459639e-02
      vertex   -1.540203e-01 -1.315813e-01 3.182948e-02
      vertex   -1.290978e-01 -1.486529e-01 -2.303954e-02
    endloop
  endfacet
  facet normal -8.158461e-01 5.180876e-01 2.568663e-01
    outer loop
      vertex   -2.121969e-01 2.764741e-02 -5.768028e-02
      vertex   -1.655857e-01 4.940036e-02 4.648927e-02
      vertex   -1.926443e-01 5.144235e-02 -4.357140e-02
    endloop
  endfacet
  facet normal -7.492612e-01 -6.443269e-01 1.531353e-01
    outer loop
      vertex   -1.458021e-01 -9.509670e-02 1.353300e-01
      vertex   -1.280508e-01 -1.235635e-01 1.024079e-01
      vertex   -1.027226e-01 -1.371890e-01 1.690034e-01
    endloop
  endfacet
  facet normal -6.589631e-01 7.209921e-01 2.143316e-01
    outer loop
      vertex   -1.655857e-01 4.940036e-02 4.648927e-02
      vertex   -1.587364e-01 8.643244e-02 -5.702513e-02
      vertex   -1.926443e-01 5.144235e-02 -4.357140e-02
    endloop
  endfacet
  facet normal -4.570531e-01 8.654337e-01 -2.052484e-01
    outer loop
      vertex   -1.338229e-01 9.272405e-02 -8.597453e-02
      vertex   -1.587364e-01 8.643244e-02 -5.702513e-02
      vertex   -9.455397e-02 1.260262e-01 -3.300072e-02
    endloop
  endfacet
  facet normal -1.431677e-01 -9.787121e-01 -1.470569e-01
    outer loop
      vertex   -1.015956e-01 -1.421679e-01 -9.297386e-02
      vertex   -6.224236e-02 -1.516285e-01 -6.832329e-02
      vertex   -1.290978e-01 -1.486529e-01 -2.303954e-02
    endloop
  endfacet
  facet normal -1.971168e-01 -9.782484e-01 6.461457e-02
    outer loop
      vertex   -8.244955e-02 -1.517801e-01 7.192287e-02
      vertex   -1.290978e-01 -1.486529e-01 -2.303954e-02
      vertex   -6.602628e-02 -1.611168e-01 -1.933067e-02
    endloop
  endfacet
  facet normal -5.158848e-01 -8.564009e-01 2.098514e-02
    outer loop
      vertex   -1.027226e-01 -1.371890e-01 1.690034e-01
      vertex   -1.280508e-01 -1.235635e-01 1.024079e-01
      vertex   -8.244955e-02 -1.517801e-01 7.192287e-02
    endloop
  endfacet
  facet normal -4.829456e-01 8.650993e-01 -1.355241e-01
    outer loop
      vertex   -1.587364e-01 8.643244e-02 -5.702513e-02
      vertex   -1.266346e-01 1.127642e-01 -3.336044e-03
      vertex   -9.455397e-02 1.260262e-01 -3.300072e-02
    endloop
  endfacet
  facet normal 1.426101e-01 5.778477e-01 -8.035885e-01
    outer loop
      vertex   -3.336499e-02 1.123263e-01 -7.031407e-02
      vertex   -5.706389e-03 8.658055e-02 -8.391899e-02
      vertex   -9.716035e-02 9.005232e-02 -9.765251e-02
    endloop
  endfacet
  facet normal -2.885929e-01 -8.910590e-01 -3.503255e-01
    outer loop
      vertex   -4.502037e-02 -1.482870e-01 -6.926781e-02
      vertex   -1.832723e-02 -1.731242e-01 -2.808348e-02
      vertex   -6.602628e-02 -1.611168e-01 -1.933067e-02
    endloop
  endfacet
  facet normal -4.033830e-01 -9.134916e-01 5.305925e-02
    outer loop
      vertex   -1.027226e-01 -1.371890e-01 1.690034e-01
      vertex   -8.244955e-02 -1.517801e-01 7.192287e-02
      vertex   -5.142677e-02 -1.634052e-01 1.076304e-01
    endloop
  endfacet
  facet normal -6.666403e-01 -7.416724e-01 -7.424789e-02
    outer loop
      vertex   -1.027226e-01 -1.371890e-01 1.690034e-01
      vertex   -1.514865e-01 -9.533362e-02 1.887343e-01
      vertex   -1.458021e-01 -9.509670e-02 1.353300e-01
    endloop
  endfacet
  facet normal -3.973421e-01 9.174625e-01 -1.953919e-02
    outer loop
      vertex   -9.455397e-02 1.260262e-01 -3.300072e-02
      vertex   -1.266346e-01 1.127642e-01 -3.336044e-03
      vertex   -7.406679e-02 1.356115e-01 4.559479e-04
    endloop
  endfacet
  facet normal 2.380401e-01 6.412188e-01 -7.295035e-01
    outer loop
      vertex   -3.336499e-02 1.123263e-01 -7.031407e-02
      vertex   3.735398e-03 1.109417e-01 -5.942516e-02
      vertex   -5.706389e-03 8.658055e-02 -8.391899e-02
    endloop
  endfacet
  facet normal 1.144387e-01 -1.415776e-01 -9.832902e-01
    outer loop
      vertex   -1.901752e-03 4.273392e-02 -8.223882e-02
      vertex   -1.168132e-02 3.138369e-03 -7.767589e-02
      vertex   -3.213316e-02 7.867584e-02 -9.093230e-02
    endloop
  endfacet
  facet normal 1.783785e-01 -9.684928e-01 -1.737896e-01
    outer loop
      vertex   -4.502037e-02 -1.482870e-01 -6.926781e-02
      vertex   -6.602628e-02 -1.611168e-01 -1.933067e-02
      vertex   -6.224236e-02 -1.516285e-01 -6.832329e-02
    endloop
  endfacet
  facet normal -2.568226e-01 -9.632985e-01 -7.809056e-02
    outer loop
      vertex   -6.602628e-02 -1.611168e-01 -1.933067e-02
      vertex   -1.832723e-02 -1.731242e-01 -2.808348e-02
      vertex   -1.650018e-02 -1.776365e-01 2.157088e-02
    endloop
  endfacet
  facet normal -3.594019e-01 -9.331446e-01 8.449970e-03
    outer loop
      vertex   -8.244955e-02 -1.517801e-01 7.192287e-02
      vertex   -1.650018e-02 -1.776365e-01 2.157088e-02
      vertex   -5.142677e-02 -1.634052e-01 1.076304e-01
    endloop
  endfacet
  facet normal -2.106246e-01 -9.744525e-01 -7.797252e-02
    outer loop
      vertex   -5.142677e-02 -1.634052e-01 1.076304e-01
      vertex   -5.020854e-03 -1.748317e-01 1.250772e-01
      vertex   -5.661401e-02 -1.696410e-01 1.995738e-01
    endloop
  endfacet
  facet normal 9.006673e-03 8.485431e-01 5.290496e-01
    outer loop
      vertex   -4.624750e-02 8.063456e-02 1.338413e-01
      vertex   1.612246e-02 9.801226e-02 1.049074e-01
      vertex   -5.241912e-02 1.210186e-01 6.917433e-02
    endloop
  endfacet
  facet normal -6.905987e-01 -7.231902e-01 8.334554e-03
    outer loop
      vertex   -9.886160e-02 -1.328978e-01 4.123370e-01
      vertex   -1.247859e-01 -1.077524e-01 4.461264e-01
      vertex   -1.265233e-01 -1.066750e-01 3.956497e-01
    endloop
  endfacet
  facet normal -7.293749e-01 6.834862e-01 2.930810e-02
    outer loop
      vertex   -1.432963e-01 1.928694e-02 1.663474e-01
      vertex   -1.283704e-01 3.309589e-02 2.157669e-01
      vertex   -1.146688e-01 4.996475e-02 1.633566e-01
    endloop
  endfacet
  facet normal -9.605616e-01 -1.835404e-01 2.088885e-01
    outer loop
      vertex   -1.497352e-01 -5.699581e-02 2.495393e-01
      vertex   -1.641714e-01 -5.540933e-02 1.845494e-01
      vertex   -1.371908e-01 -9.337153e-02 2.752623e-01
    endloop
  endfacet
  facet normal -8.418107e-01 -5.317218e-01 9.287965e-02
    outer loop
      vertex   -1.371908e-01 -9.337153e-02 2.752623e-01
      vertex   -1.169187e-01 -1.305954e-01 2.458967e-01
      vertex   -1.097880e-01 -1.277420e-01 3.268610e-01
    endloop
  endfacet
  facet normal -7.384601e-01 -6.737688e-01 2.668892e-02
    outer loop
      vertex   -8.334422e-02 -1.564056e-01 3.349185e-01
      vertex   -1.265233e-01 -1.066750e-01 3.956497e-01
      vertex   -1.097880e-01 -1.277420e-01 3.268610e-01
    endloop
  endfacet
  facet normal -7.444129e-01 -6.617770e-01 8.888513e-02
    outer loop
      vertex   -8.334422e-02 -1.564056e-01 3.349185e-01
      vertex   -1.097880e-01 -1.277420e-01 3.268610e-01
      vertex   -1.169187e-01 -1.305954e-01 2.458967e-01
    endloop
  endfacet
  facet normal -9.228605e-01 2.989365e-01 2.428281e-01
    outer loop
      vertex   -1.470006e-01 5.335801e-02 1.103258e-01
      vertex   -1.791461e-01 -1.756503e-02 7.546840e-02
      vertex   -1.432963e-01 1.928694e-02 1.663474e-01
    endloop
  endfacet
  facet normal -4.487380e-01 7.822489e-01 4.321122e-01
    outer loop
      vertex   -9.600040e-02 9.843983e-02 1.000431e-01
      vertex   -1.082298e-01 1.147209e-01 5.786964e-02
      vertex   -1.316388e-01 6.609010e-02 1.215960e-01
    endloop
  endfacet
  facet normal -4.656471e-01 7.776585e-01 4.223979e-01
    outer loop
      vertex   -1.319029e-01 1.003749e-01 5.818446e-02
      vertex   -1.316388e-01 6.609010e-02 1.215960e-01
      vertex   -1.082298e-01 1.147209e-01 5.786964e-02
    endloop
  endfacet
  facet normal -9.221607e-01 2.950037e-01 2.501847e-01
    outer loop
      vertex   -1.470006e-01 5.335801e-02 1.103258e-01
      vertex   -1.655857e-01 4.940036e-02 4.648927e-02
      vertex   -1.791461e-01 -1.756503e-02 7.546840e-02
    endloop
  endfacet
  facet normal -9.757161e-01 -1.233034e-01 1.810368e-01
    outer loop
      vertex   -1.791461e-01 -1.756503e-02 7.546840e-02
      vertex   -1.636594e-01 -5.287890e-02 1.348838e-01
      vertex   -1.628351e-01 -2.180493e-02 1.604909e-01
    endloop
  endfacet
  facet normal -9.519752e-01 -3.051229e-01 -2.536009e-02
    outer loop
      vertex   -1.641714e-01 -5.540933e-02 1.845494e-01
      vertex   -1.636594e-01 -5.287890e-02 1.348838e-01
      vertex   -1.514865e-01 -9.533362e-02 1.887343e-01
    endloop
  endfacet
  facet normal -9.044763e-01 -4.163659e-01 -9.253171e-02
    outer loop
      vertex   -1.430618e-01 -6.388720e-02 3.647766e-01
      vertex   -1.097880e-01 -1.277420e-01 3.268610e-01
      vertex   -1.265233e-01 -1.066750e-01 3.956497e-01
    endloop
  endfacet
  facet normal -5.989492e-02 8.440906e-01 5.328448e-01
    outer loop
      vertex   -5.241912e-02 1.210186e-01 6.917433e-02
      vertex   -9.600040e-02 9.843983e-02 1.000431e-01
      vertex   -4.624750e-02 8.063456e-02 1.338413e-01
    endloop
  endfacet
  facet normal -3.989028e-01 -9.166631e-01 2.460151e-02
    outer loop
      vertex   -8.334422e-02 -1.564056e-01 3.349185e-01
      vertex   -4.474537e-02 -1.734183e-01 3.268817e-01
      vertex   -6.709819e-02 -1.623194e-01 3.779905e-01
    endloop
  endfacet
  facet normal -3.327091e-01 -9.234160e-01 1.913310e-01
    outer loop
      vertex   -1.069737e-01 -1.247094e-01 5.114216e-01
      vertex   -8.515524e-02 -1.400506e-01 4.753212e-01
      vertex   -7.410759e-02 -1.357633e-01 5.152240e-01
    endloop
  endfacet
  facet normal -7.728748e-02 -8.298289e-01 5.526397e-01
    outer loop
      vertex   -5.136264e-02 -1.188342e-01 5.438251e-01
      vertex   -9.373567e-02 -1.043135e-01 5.597031e-01
      vertex   -7.410759e-02 -1.357633e-01 5.152240e-01
    endloop
  endfacet
  facet normal -6.117659e-02 -9.806064e-01 1.861948e-01
    outer loop
      vertex   -4.474537e-02 -1.734183e-01 3.268817e-01
      vertex   -4.998984e-02 -1.545976e-01 4.242790e-01
      vertex   -6.709819e-02 -1.623194e-01 3.779905e-01
    endloop
  endfacet
  facet normal -6.637370e-01 -7.456671e-01 -5.859864e-02
    outer loop
      vertex   -1.514865e-01 -9.533362e-02 1.887343e-01
      vertex   -1.027226e-01 -1.371890e-01 1.690034e-01
      vertex   -1.169187e-01 -1.305954e-01 2.458967e-01
    endloop
  endfacet
  facet normal -8.200381e-01 3.589530e-01 4.457468e-01
    outer loop
      vertex   -1.941666e-01 7.591504e-03 2.757710e-02
      vertex   -1.791461e-01 -1.756503e-02 7.546840e-02
      vertex   -1.655857e-01 4.940036e-02 4.648927e-02
    endloop
  endfacet
  facet normal -5.128291e-01 8.490350e-01 1.270665e-01
    outer loop
      vertex   -1.082298e-01 1.147209e-01 5.786964e-02
      vertex   -1.266346e-01 1.127642e-01 -3.336044e-03
      vertex   -1.319029e-01 1.003749e-01 5.818446e-02
    endloop
  endfacet
  facet normal -4.020853e-01 9.123646e-01 7.693070e-02
    outer loop
      vertex   -7.406679e-02 1.356115e-01 4.559479e-04
      vertex   -1.266346e-01 1.127642e-01 -3.336044e-03
      vertex   -7.751089e-02 1.310995e-01 3.596510e-02
    endloop
  endfacet
  facet normal 2.435732e-02 9.972398e-01 -7.013987e-02
    outer loop
      vertex   -7.406679e-02 1.356115e-01 4.559479e-04
      vertex   1.491375e-03 1.335575e-01 -2.508224e-03
      vertex   -4.306257e-02 1.323468e-01 -3.519408e-02
    endloop
  endfacet
  facet normal 5.656894e-01 -6.902093e-01 -4.512279e-01
    outer loop
      vertex   -4.502037e-02 -1.482870e-01 -6.926781e-02
      vertex   -5.128304e-02 -1.219699e-01 -1.173744e-01
      vertex   -2.550125e-02 -1.260524e-01 -7.880791e-02
    endloop
  endfacet
  facet normal -1.271178e-01 -9.917068e-01 -1.893710e-02
    outer loop
      vertex   -5.661401e-02 -1.696410e-01 1.995738e-01
      vertex   -5.020854e-03 -1.748317e-01 1.250772e-01
      vertex   -3.924546e-03 -1.773338e-01 2.487471e-01
    endloop
  endfacet
  facet normal -4.377826e-02 -9.797761e-01 1.952490e-01
    outer loop
      vertex   -4.474537e-02 -1.734183e-01 3.268817e-01
      vertex   2.092602e-02 -1.711843e-01 3.528168e-01
      vertex   -5.562786e-03 -1.543240e-01 4.314837e-01
    endloop
  endfacet
  facet normal -3.295694e-02 -7.797861e-01 6.251780e-01
    outer loop
      vertex   -5.136264e-02 -1.188342e-01 5.438251e-01
      vertex   -6.398985e-02 -8.455349e-02 5.859179e-01
      vertex   -9.373567e-02 -1.043135e-01 5.597031e-01
    endloop
  endfacet
  facet normal -4.229249e-01 9.028794e-01 7.709274e-02
    outer loop
      vertex   -1.057853e-01 4.987812e-02 2.131050e-01
      vertex   -7.308661e-02 6.958728e-02 1.616620e-01
      vertex   -1.146688e-01 4.996475e-02 1.633566e-01
    endloop
  endfacet
  facet normal 2.788084e-02 9.994465e-01 1.814719e-02
    outer loop
      vertex   1.491375e-03 1.335575e-01 -2.508224e-03
      vertex   -7.406679e-02 1.356115e-01 4.559479e-04
      vertex   -3.791540e-02 1.340917e-01 2.861140e-02
    endloop
  endfacet
  facet normal 2.329741e-01 9.068692e-01 -3.511571e-01
    outer loop
      vertex   3.735398e-03 1.109417e-01 -5.942516e-02
      vertex   -4.306257e-02 1.323468e-01 -3.519408e-02
      vertex   1.491375e-03 1.335575e-01 -2.508224e-03
    endloop
  endfacet
  facet normal 3.622673e-01 -1.502911e-02 -9.319531e-01
    outer loop
      vertex   -1.105195e-02 -7.763531e-02 -7.612865e-02
      vertex   -1.168132e-02 3.138369e-03 -7.767589e-02
      vertex   8.546947e-03 -3.855101e-02 -6.914049e-02
    endloop
  endfacet
  facet normal 9.408856e-01 8.428118e-04 -3.387235e-01
    outer loop
      vertex   -2.325164e-02 -6.804490e-02 -1.099924e-01
      vertex   -1.168132e-02 3.138369e-03 -7.767589e-02
      vertex   -1.105195e-02 -7.763531e-02 -7.612865e-02
    endloop
  endfacet
  facet normal 8.884223e-01 -2.436062e-01 -3.890526e-01
    outer loop
      vertex   -2.325164e-02 -6.804490e-02 -1.099924e-01
      vertex   -1.105195e-02 -7.763531e-02 -7.612865e-02
      vertex   -2.550125e-02 -1.260524e-01 -7.880791e-02
    endloop
  endfacet
  facet normal -2.120189e-01 6.844492e-02 -9.748658e-01
    outer loop
      vertex   -1.188077e-02 -1.443078e-01 -7.893394e-02
      vertex   1.964469e-04 -7.725955e-02 -7.685313e-02
      vertex   4.166384e-03 -1.434502e-01 -8.236375e-02
    endloop
  endfacet
  facet normal -2.432194e-01 -6.844795e-01 -6.872642e-01
    outer loop
      vertex   -1.684386e-02 -1.616488e-01 -5.990672e-02
      vertex   -1.188077e-02 -1.443078e-01 -7.893394e-02
      vertex   6.970217e-03 -1.591002e-01 -7.087273e-02
    endloop
  endfacet
  facet normal -2.580931e-01 -9.645668e-01 5.476151e-02
    outer loop
      vertex   -5.142677e-02 -1.634052e-01 1.076304e-01
      vertex   -1.650018e-02 -1.776365e-01 2.157088e-02
      vertex   -5.020854e-03 -1.748317e-01 1.250772e-01
    endloop
  endfacet
  facet normal 2.271681e-01 -7.104860e-01 6.660362e-01
    outer loop
      vertex   1.036804e-02 -1.346614e-01 5.058869e-01
      vertex   1.790369e-03 -9.233565e-02 5.539630e-01
      vertex   -5.136264e-02 -1.188342e-01 5.438251e-01
    endloop
  endfacet
  facet normal -7.320755e-01 -6.534522e-01 -1.925243e-01
    outer loop
      vertex   -4.655427e-02 -9.005401e-02 8.487093e-01
      vertex   -5.189741e-02 -8.286970e-02 8.446422e-01
      vertex   -4.139711e-02 -9.404127e-02 8.426324e-01
    endloop
  endfacet
  facet normal -4.956483e-01 -5.761376e-01 -6.499218e-01
    outer loop
      vertex   -1.904055e-02 -9.044706e-02 8.467939e-01
      vertex   -1.782658e-02 -9.031390e-02 8.457500e-01
      vertex   -1.936938e-02 -9.074050e-02 8.473048e-01
    endloop
  endfacet
  facet normal -3.695288e-01 6.167108e-02 -9.271705e-01
    outer loop
      vertex   -1.990826e-02 -9.039934e-02 8.475423e-01
      vertex   -1.936938e-02 -9.074050e-02 8.473048e-01
      vertex   -1.757334e-02 -9.439197e-02 8.463461e-01
    endloop
  endfacet
  facet normal -1.405794e-01 -4.621908e-01 -8.755667e-01
    outer loop
      vertex   -4.133231e-02 -9.465391e-02 8.502990e-01
      vertex   -4.655427e-02 -9.005401e-02 8.487093e-01
      vertex   -1.757334e-02 -9.439197e-02 8.463461e-01
    endloop
  endfacet
  facet normal 1.923584e-01 -9.494985e-01 2.478929e-01
    outer loop
      vertex   -3.934423e-02 -9.496837e-02 8.423656e-01
      vertex   -1.901805e-02 -9.013339e-02 8.451124e-01
      vertex   -2.135468e-02 -9.028969e-02 8.463269e-01
    endloop
  endfacet
  facet normal 5.429710e-02 -7.585478e-01 6.493512e-01
    outer loop
      vertex   -2.135468e-02 -9.028969e-02 8.463269e-01
      vertex   -4.655427e-02 -9.005401e-02 8.487093e-01
      vertex   -3.934423e-02 -9.496837e-02 8.423656e-01
    endloop
  endfacet
  facet normal -2.055542e-01 -9.118416e-01 -3.553765e-01
    outer loop
      vertex   -1.848981e-02 -8.998886e-02 8.452996e-01
      vertex   -1.782658e-02 -9.031390e-02 8.457500e-01
      vertex   -1.904055e-02 -9.044706e-02 8.467939e-01
    endloop
  endfacet
  facet normal -9.686354e-01 2.056233e-01 -1.395155e-01
    outer loop
      vertex   -1.745419e-02 -9.024739e-02 8.452162e-01
      vertex   -1.406205e-02 -1.085401e-01 7.947046e-01
      vertex   -1.701722e-02 -1.117223e-01 8.105318e-01
    endloop
  endfacet
  facet normal -9.630815e-01 -1.647147e-01 -2.129392e-01
    outer loop
      vertex   -1.701722e-02 -1.117223e-01 8.105318e-01
      vertex   -1.406205e-02 -1.085401e-01 7.947046e-01
      vertex   -1.300738e-02 -1.227440e-01 8.009217e-01
    endloop
  endfacet
  facet normal -2.088983e-01 -9.250487e-01 3.172482e-01
    outer loop
      vertex   -5.189741e-02 -8.286970e-02 8.446422e-01
      vertex   -1.406205e-02 -1.085401e-01 7.947046e-01
      vertex   -1.901805e-02 -9.013339e-02 8.451124e-01
    endloop
  endfacet
  facet normal 4.073467e-02 3.585689e-01 -9.326141e-01
    outer loop
      vertex   -1.901805e-02 -9.013339e-02 8.451124e-01
      vertex   -3.934423e-02 -9.496837e-02 8.423656e-01
      vertex   -4.139711e-02 -9.404127e-02 8.426324e-01
    endloop
  endfacet
  facet normal -3.786998e-01 -9.073684e-01 -1.823979e-01
    outer loop
      vertex   -4.517736e-03 -9.744364e-02 7.219259e-01
      vertex   -5.239543e-03 -1.064018e-01 7.679883e-01
      vertex   -2.462660e-02 -9.358968e-02 7.445044e-01
    endloop
  endfacet
  facet normal -4.383966e-01 -8.653843e-01 -2.427314e-01
    outer loop
      vertex   -2.462660e-02 -9.358968e-02 7.445044e-01
      vertex   -2.714069e-02 -8.727474e-02 7.265311e-01
      vertex   -4.517736e-03 -9.744364e-02 7.219259e-01
    endloop
  endfacet
  facet normal -3.255703e-01 -3.216444e-01 -8.891282e-01
    outer loop
      vertex   -2.714069e-02 -8.727474e-02 7.265311e-01
      vertex   -1.224682e-02 -7.660889e-02 7.172191e-01
      vertex   -4.517736e-03 -9.744364e-02 7.219259e-01
    endloop
  endfacet
  facet normal -9.557980e-01 -2.868234e-01 -6.467291e-02
    outer loop
      vertex   -6.427132e-02 -5.986636e-02 8.005675e-01
      vertex   -6.713261e-02 -6.465616e-02 8.640972e-01
      vertex   -7.868340e-02 -2.719089e-02 8.686478e-01
    endloop
  endfacet
  facet normal -9.842468e-01 -6.227034e-02 1.654711e-01
    outer loop
      vertex   -7.868340e-02 -2.719089e-02 8.686478e-01
      vertex   -8.212177e-02 1.018634e-02 8.622616e-01
      vertex   -8.250667e-02 2.496727e-03 8.570785e-01
    endloop
  endfacet
  facet normal -9.902504e-01 -1.371112e-01 -2.459165e-02
    outer loop
      vertex   -8.250667e-02 2.496727e-03 8.570785e-01
      vertex   -8.034128e-02 -1.035824e-02 8.415562e-01
      vertex   -7.868340e-02 -2.719089e-02 8.686478e-01
    endloop
  endfacet
  facet normal -4.396746e-01 -4.867723e-01 7.548106e-01
    outer loop
      vertex   -8.250667e-02 2.496727e-03 8.570785e-01
      vertex   -8.212177e-02 1.018634e-02 8.622616e-01
      vertex   -8.269912e-02 1.056375e-02 8.621687e-01
    endloop
  endfacet
  facet normal -6.727010e-01 -7.107161e-01 -2.058058e-01
    outer loop
      vertex   -7.782256e-02 -1.229442e-03 8.410337e-01
      vertex   -7.751466e-02 -2.555588e-03 8.446069e-01
      vertex   -8.692535e-02 6.447608e-03 8.442759e-01
    endloop
  endfacet
  facet normal -6.744980e-01 -6.602843e-01 -3.302681e-01
    outer loop
      vertex   -8.692535e-02 6.447608e-03 8.442759e-01
      vertex   -7.898453e-02 8.598631e-03 8.237581e-01
      vertex   -7.782256e-02 -1.229442e-03 8.410337e-01
    endloop
  endfacet
  facet normal -9.634129e-01 1.572073e-02 2.675603e-01
    outer loop
      vertex   -8.757077e-02 7.113169e-03 8.448300e-01
      vertex   -8.269912e-02 1.056375e-02 8.621687e-01
      vertex   -9.229939e-02 2.335671e-02 8.268491e-01
    endloop
  endfacet
  facet normal -7.252606e-01 -6.882364e-01 -1.810457e-02
    outer loop
      vertex   -8.757077e-02 7.113169e-03 8.448300e-01
      vertex   -8.906960e-02 9.554194e-03 8.120781e-01
      vertex   -8.692535e-02 6.447608e-03 8.442759e-01
    endloop
  endfacet
  facet normal 8.350241e-01 5.502066e-01 2.746644e-03
    outer loop
      vertex   -7.981607e-02 -1.569049e-03 8.535481e-01
      vertex   -7.890299e-02 -2.936100e-03 8.498045e-01
      vertex   -8.250667e-02 2.496727e-03 8.570785e-01
    endloop
  endfacet
  facet normal -7.463840e-01 5.914343e-01 -3.051499e-01
    outer loop
      vertex   -7.866566e-02 -2.944806e-03 8.492071e-01
      vertex   -7.890299e-02 -2.936100e-03 8.498045e-01
      vertex   -7.925176e-02 -2.660618e-03 8.511915e-01
    endloop
  endfacet
  facet normal -7.350444e-01 5.307885e-01 -4.218688e-01
    outer loop
      vertex   -7.981607e-02 -1.569049e-03 8.535481e-01
      vertex   -7.925176e-02 -2.660618e-03 8.511915e-01
      vertex   -7.950930e-02 -2.382833e-03 8.519897e-01
    endloop
  endfacet
  facet normal -9.635460e-01 2.671092e-01 1.522713e-02
    outer loop
      vertex   -7.825916e-02 -3.227794e-03 8.482294e-01
      vertex   -7.787359e-02 -1.454750e-03 8.415252e-01
      vertex   -8.034128e-02 -1.035824e-02 8.415562e-01
    endloop
  endfacet
  facet normal -9.694069e-01 -2.114323e-01 -1.246860e-01
    outer loop
      vertex   -6.683552e-02 -3.388977e-02 7.764547e-01
      vertex   -6.427132e-02 -5.986636e-02 8.005675e-01
      vertex   -8.034128e-02 -1.035824e-02 8.415562e-01
    endloop
  endfacet
  facet normal -9.051711e-01 -3.337137e-01 -2.632497e-01
    outer loop
      vertex   -4.611815e-02 -7.522891e-02 7.576234e-01
      vertex   -6.427132e-02 -5.986636e-02 8.005675e-01
      vertex   -6.683552e-02 -3.388977e-02 7.764547e-01
    endloop
  endfacet
  facet normal 9.809846e-01 1.805384e-01 7.123922e-02
    outer loop
      vertex   -6.551270e-01 1.392569e-03 4.237099e-02
      vertex   -6.556266e-01 -6.632575e-03 6.958717e-02
      vertex   -6.518412e-01 -1.139788e-02 2.953761e-02
    endloop
  endfacet
  facet normal 6.330186e-01 -7.594272e-01 1.501921e-01
    outer loop
      vertex   -6.518412e-01 -1.139788e-02 2.953761e-02
      vertex   -6.556266e-01 -6.632575e-03 6.958717e-02
      vertex   -6.622044e-01 -1.783594e-02 4.066273e-02
    endloop
  endfacet
  facet normal -8.602764e-01 1.115790e-01 -4.974682e-01
    outer loop
      vertex   -6.650987e-01 -1.348148e-02 1.051137e-02
      vertex   -6.605472e-01 -9.070067e-04 5.460770e-03
      vertex   -6.547387e-01 -1.405253e-02 -7.532333e-03
    endloop
  endfacet
  facet normal -7.409654e-01 6.516217e-01 -1.623557e-01
    outer loop
      vertex   -6.689757e-01 3.033324e-03 4.654262e-02
      vertex   -6.802746e-01 -3.293127e-03 7.271718e-02
      vertex   -6.755904e-01 8.198067e-03 9.745992e-02
    endloop
  endfacet
  facet normal -7.952624e-01 5.876773e-01 -1.489735e-01
    outer loop
      vertex   -6.553070e-01 2.837693e-02 6.878365e-02
      vertex   -6.755904e-01 8.198067e-03 9.745992e-02
      vertex   -6.620081e-01 2.821231e-02 1.039070e-01
    endloop
  endfacet
  facet normal -8.536878e-01 4.403246e-01 -2.780852e-01
    outer loop
      vertex   -6.444337e-01 1.697699e-02 1.735329e-02
      vertex   -6.573010e-01 1.861908e-02 5.945430e-02
      vertex   -6.553070e-01 2.837693e-02 6.878365e-02
    endloop
  endfacet
  facet normal -4.553891e-01 -8.841151e-01 -1.046959e-01
    outer loop
      vertex   -6.573010e-01 1.861908e-02 5.945430e-02
      vertex   -6.444337e-01 1.697699e-02 1.735329e-02
      vertex   -6.418868e-01 1.163173e-02 5.141359e-02
    endloop
  endfacet
  facet normal -8.110413e-01 2.996265e-01 5.024301e-01
    outer loop
      vertex   -6.270370e-01 1.597790e-02 1.968676e-01
      vertex   -6.689267e-01 -1.884080e-02 1.500121e-01
      vertex   -6.419716e-01 -2.091335e-02 1.947600e-01
    endloop
  endfacet
  facet normal 5.527571e-01 -5.488045e-03 -8.333243e-01
    outer loop
      vertex   -6.019225e-01 1.324019e-03 1.430651e-01
      vertex   -6.133402e-01 -2.807476e-02 1.356851e-01
      vertex   -6.202348e-01 -8.097738e-03 1.309802e-01
    endloop
  endfacet
  facet normal -5.649454e-01 7.457899e-01 3.530355e-01
    outer loop
      vertex   -3.256837e-01 1.041685e-01 4.610683e-01
      vertex   -3.321088e-01 8.969659e-02 4.813586e-01
      vertex   -2.876091e-01 1.096326e-01 5.104544e-01
    endloop
  endfacet
  facet normal 2.131650e-01 -9.621199e-01 -1.699587e-01
    outer loop
      vertex   -4.213663e-01 7.007668e-03 3.014439e-01
      vertex   -4.547057e-01 -3.095027e-03 3.168195e-01
      vertex   -4.663130e-01 1.253138e-03 2.776469e-01
    endloop
  endfacet
  facet normal 6.941690e-01 4.103366e-01 -5.913994e-01
    outer loop
      vertex   -5.663889e-01 4.012325e-02 2.155612e-01
      vertex   -5.729612e-01 2.080205e-02 1.944410e-01
      vertex   -6.048217e-01 2.363156e-02 1.590071e-01
    endloop
  endfacet
  facet normal 8.603285e-01 1.494581e-02 -5.095208e-01
    outer loop
      vertex   -6.019225e-01 1.324019e-03 1.430651e-01
      vertex   -5.877790e-01 6.841143e-03 1.671082e-01
      vertex   -5.850583e-01 -1.650602e-02 1.710173e-01
    endloop
  endfacet
  facet normal -7.886897e-01 -4.705756e-01 -3.956351e-01
    outer loop
      vertex   -3.095792e-02 -4.364645e-02 7.268492e-01
      vertex   -5.813000e-02 -1.201415e-02 7.433921e-01
      vertex   -2.388632e-02 -2.956973e-02 6.960090e-01
    endloop
  endfacet
  facet normal -9.465958e-01 1.452383e-01 2.878579e-01
    outer loop
      vertex   -4.099851e-02 5.234397e-02 7.578055e-01
      vertex   -5.173831e-02 6.532170e-02 7.159407e-01
      vertex   -6.277769e-02 3.265918e-02 6.961185e-01
    endloop
  endfacet
  facet normal -9.781285e-01 -2.077350e-01 -1.052519e-02
    outer loop
      vertex   -5.524857e-02 -1.585805e-03 6.723121e-01
      vertex   -6.060075e-02 2.002785e-02 7.431145e-01
      vertex   -6.277769e-02 3.265918e-02 6.961185e-01
    endloop
  endfacet
  facet normal -7.280468e-01 6.847021e-01 3.362736e-02
    outer loop
      vertex   -5.722488e-02 6.163678e-02 8.527648e-01
      vertex   -7.206332e-02 4.486205e-02 8.730641e-01
      vertex   -6.289699e-02 5.346111e-02 8.964298e-01
    endloop
  endfacet
  facet normal -6.287980e-01 7.749779e-01 6.342274e-02
    outer loop
      vertex   -6.289699e-02 5.346111e-02 8.964298e-01
      vertex   -3.711131e-02 7.439102e-02 8.963315e-01
      vertex   -5.722488e-02 6.163678e-02 8.527648e-01
    endloop
  endfacet
  facet normal -7.852065e-01 5.801780e-01 -2.164351e-01
    outer loop
      vertex   -8.134943e-02 2.798381e-02 8.500760e-01
      vertex   -5.722488e-02 6.163678e-02 8.527648e-01
      vertex   -7.816158e-02 2.125278e-02 8.204675e-01
    endloop
  endfacet
  facet normal -9.133368e-01 3.316738e-01 2.362380e-01
    outer loop
      vertex   -7.206332e-02 4.486205e-02 8.730641e-01
      vertex   -7.114837e-02 1.998372e-02 9.115302e-01
      vertex   -6.289699e-02 5.346111e-02 8.964298e-01
    endloop
  endfacet
  facet normal -5.353864e-01 -5.491728e-02 8.428200e-01
    outer loop
      vertex   -6.387062e-02 -2.526957e-02 9.277907e-01
      vertex   -4.047453e-02 -3.707511e-02 9.418834e-01
      vertex   -4.549927e-02 6.559628e-03 9.415347e-01
    endloop
  endfacet
  facet normal -6.712535e-01 2.648338e-01 6.923018e-01
    outer loop
      vertex   -7.114837e-02 1.998372e-02 9.115302e-01
      vertex   -4.549927e-02 6.559628e-03 9.415347e-01
      vertex   -4.960423e-02 4.501649e-02 9.228432e-01
    endloop
  endfacet
  facet normal -5.634368e-01 8.259560e-01 1.832333e-02
    outer loop
      vertex   -3.711131e-02 7.439102e-02 8.963315e-01
      vertex   -3.164867e-02 7.899209e-02 8.569046e-01
      vertex   -5.722488e-02 6.163678e-02 8.527648e-01
    endloop
  endfacet
  facet normal -4.247888e-01 3.536206e-01 8.333708e-01
    outer loop
      vertex   -9.327759e-02 9.827646e-02 6.807836e-01
      vertex   -5.173831e-02 6.532170e-02 7.159407e-01
      vertex   -2.986309e-02 7.607733e-02 7.225271e-01
    endloop
  endfacet
  facet normal -2.082563e-01 6.964366e-01 6.867353e-01
    outer loop
      vertex   -9.327759e-02 9.827646e-02 6.807836e-01
      vertex   -2.986309e-02 7.607733e-02 7.225271e-01
      vertex   -4.322434e-02 1.051477e-01 6.889942e-01
    endloop
  endfacet
  facet normal -9.637053e-01 2.567046e-01 7.331352e-02
    outer loop
      vertex   -7.206332e-02 4.486205e-02 8.730641e-01
      vertex   -8.212177e-02 1.018634e-02 8.622616e-01
      vertex   -7.978696e-02 9.252123e-03 8.962239e-01
    endloop
  endfacet
  facet normal -8.976467e-01 3.600193e-01 2.541976e-01
    outer loop
      vertex   -7.978696e-02 9.252123e-03 8.962239e-01
      vertex   -7.114837e-02 1.998372e-02 9.115302e-01
      vertex   -7.206332e-02 4.486205e-02 8.730641e-01
    endloop
  endfacet
  facet normal -9.093347e-01 3.255421e-03 4.160526e-01
    outer loop
      vertex   -6.387062e-02 -2.526957e-02 9.277907e-01
      vertex   -7.114837e-02 1.998372e-02 9.115302e-01
      vertex   -7.328516e-02 -3.168261e-02 9.072642e-01
    endloop
  endfacet
  facet normal -2.767622e-01 -4.874557e-01 8.281242e-01
    outer loop
      vertex   -4.316722e-02 -6.951817e-02 9.226298e-01
      vertex   -8.056684e-03 -8.416608e-02 9.257418e-01
      vertex   -7.318578e-04 -6.259437e-02 9.408874e-01
    endloop
  endfacet
  facet normal -3.690448e-01 3.741219e-01 8.507871e-01
    outer loop
      vertex   -4.960423e-02 4.501649e-02 9.228432e-01
      vertex   -4.549927e-02 6.559628e-03 9.415347e-01
      vertex   -1.105576e-02 4.935568e-02 9.376563e-01
    endloop
  endfacet
  facet normal -4.790986e-01 6.915975e-01 5.405160e-01
    outer loop
      vertex   -3.711131e-02 7.439102e-02 8.963315e-01
      vertex   -4.960423e-02 4.501649e-02 9.228432e-01
      vertex   -1.904234e-02 6.976475e-02 9.182667e-01
    endloop
  endfacet
  facet normal 1.161930e-01 9.553752e-01 2.715830e-01
    outer loop
      vertex   -3.920386e-03 7.355433e-02 7.253794e-01
      vertex   -1.862342e-02 5.805114e-02 7.862070e-01
      vertex   1.457365e-02 5.889385e-02 7.690396e-01
    endloop
  endfacet
  facet normal -3.334562e-01 -5.938088e-02 9.408936e-01
    outer loop
      vertex   -1.123654e-01 7.956187e-02 6.858022e-01
      vertex   -1.822522e-01 5.410645e-02 6.594275e-01
      vertex   -9.925694e-02 4.657083e-02 6.883658e-01
    endloop
  endfacet
  facet normal -3.998419e-01 -7.822254e-01 4.777551e-01
    outer loop
      vertex   -7.609943e-02 1.866079e-02 6.620498e-01
      vertex   -6.277769e-02 3.265918e-02 6.961185e-01
      vertex   -9.925694e-02 4.657083e-02 6.883658e-01
    endloop
  endfacet
  facet normal -8.611876e-01 -4.967272e-01 -1.077869e-01
    outer loop
      vertex   -5.524857e-02 -1.585805e-03 6.723121e-01
      vertex   -4.522729e-02 -2.193972e-02 6.860442e-01
      vertex   -5.813000e-02 -1.201415e-02 7.433921e-01
    endloop
  endfacet
  facet normal -7.314654e-01 3.816956e-01 -5.650370e-01
    outer loop
      vertex   -7.816158e-02 2.125278e-02 8.204675e-01
      vertex   -6.192657e-02 3.016324e-02 8.054697e-01
      vertex   -7.155278e-02 -5.244038e-03 7.940129e-01
    endloop
  endfacet
  facet normal -1.747433e-01 7.523491e-01 -6.351659e-01
    outer loop
      vertex   -9.229939e-02 2.335671e-02 8.268491e-01
      vertex   -7.816158e-02 2.125278e-02 8.204675e-01
      vertex   -9.216235e-02 2.209614e-02 8.253182e-01
    endloop
  endfacet
  facet normal -7.699586e-01 -4.166242e-01 4.833094e-01
    outer loop
      vertex   -4.316722e-02 -6.951817e-02 9.226298e-01
      vertex   -6.387062e-02 -2.526957e-02 9.277907e-01
      vertex   -7.328516e-02 -3.168261e-02 9.072642e-01
    endloop
  endfacet
  facet normal -3.469853e-01 -7.631505e-01 5.451628e-01
    outer loop
      vertex   -5.125645e-02 -8.227322e-02 8.996260e-01
      vertex   -1.911271e-02 -1.023060e-01 8.920418e-01
      vertex   -4.316722e-02 -6.951817e-02 9.226298e-01
    endloop
  endfacet
  facet normal -1.784632e-01 -3.143205e-01 9.323913e-01
    outer loop
      vertex   -7.318578e-04 -6.259437e-02 9.408874e-01
      vertex   -1.097357e-03 -2.663437e-02 9.529400e-01
      vertex   -4.047453e-02 -3.707511e-02 9.418834e-01
    endloop
  endfacet
  facet normal -2.325993e-01 -1.417069e-01 9.621937e-01
    outer loop
      vertex   -1.755504e-02 -2.593194e-03 9.525022e-01
      vertex   -4.047453e-02 -3.707511e-02 9.418834e-01
      vertex   -1.097357e-03 -2.663437e-02 9.529400e-01
    endloop
  endfacet
  facet normal -2.223494e-01 9.714650e-01 8.256199e-02
    outer loop
      vertex   -3.164867e-02 7.899209e-02 8.569046e-01
      vertex   -3.711131e-02 7.439102e-02 8.963315e-01
      vertex   4.289844e-03 8.416285e-02 8.928496e-01
    endloop
  endfacet
  facet normal -3.226486e-01 6.716291e-01 6.669424e-01
    outer loop
      vertex   -9.327759e-02 9.827646e-02 6.807836e-01
      vertex   -1.700023e-01 1.023596e-01 6.395544e-01
      vertex   -1.771813e-01 8.523506e-02 6.533263e-01
    endloop
  endfacet
  facet normal -1.968962e-01 9.128720e-01 3.576264e-01
    outer loop
      vertex   -9.251060e-02 1.200190e-01 6.555489e-01
      vertex   -5.123936e-02 1.496064e-01 6.027471e-01
      vertex   -1.054955e-01 1.327676e-01 6.158580e-01
    endloop
  endfacet
  facet normal -2.374853e-01 8.582921e-01 4.549015e-01
    outer loop
      vertex   -1.054955e-01 1.327676e-01 6.158580e-01
      vertex   -1.398158e-01 1.354355e-01 5.929071e-01
      vertex   -1.700023e-01 1.023596e-01 6.395544e-01
    endloop
  endfacet
  facet normal -5.894427e-02 -9.946511e-01 -8.482156e-02
    outer loop
      vertex   -2.527716e-01 -2.814693e-02 5.505064e-01
      vertex   -2.206803e-01 -3.011836e-02 5.513232e-01
      vertex   -2.385743e-01 -3.113634e-02 5.756953e-01
    endloop
  endfacet
  facet normal -5.199435e-01 -8.317998e-01 1.943395e-01
    outer loop
      vertex   -2.669012e-01 -1.743634e-02 5.585464e-01
      vertex   -2.527716e-01 -2.814693e-02 5.505064e-01
      vertex   -2.385743e-01 -3.113634e-02 5.756953e-01
    endloop
  endfacet
  facet normal 1.953179e-01 9.640953e-01 1.799199e-01
    outer loop
      vertex   -9.283819e-03 1.526504e-01 5.408899e-01
      vertex   -5.123936e-02 1.496064e-01 6.027471e-01
      vertex   -7.837021e-03 1.400245e-01 6.069747e-01
    endloop
  endfacet
  facet normal -4.072561e-01 -2.392819e-01 8.814117e-01
    outer loop
      vertex   -1.817087e-01 2.167337e-02 6.508739e-01
      vertex   -1.822522e-01 5.410645e-02 6.594275e-01
      vertex   -2.516465e-01 3.293968e-02 6.216176e-01
    endloop
  endfacet
  facet normal -4.015965e-01 -4.992436e-01 7.677734e-01
    outer loop
      vertex   -2.516465e-01 3.293968e-02 6.216176e-01
      vertex   -2.198540e-01 -4.303871e-03 6.140297e-01
      vertex   -1.817087e-01 2.167337e-02 6.508739e-01
    endloop
  endfacet
  facet normal -4.379331e-01 4.817300e-01 7.590460e-01
    outer loop
      vertex   -2.395064e-01 1.000765e-01 6.079486e-01
      vertex   -2.450894e-01 6.598221e-02 6.263654e-01
      vertex   -1.771813e-01 8.523506e-02 6.533263e-01
    endloop
  endfacet
  facet normal -2.833405e-01 7.732833e-01 5.672311e-01
    outer loop
      vertex   -1.700023e-01 1.023596e-01 6.395544e-01
      vertex   -2.246727e-01 1.220799e-01 5.853619e-01
      vertex   -2.395064e-01 1.000765e-01 6.079486e-01
    endloop
  endfacet
  facet normal -1.663734e-01 9.754099e-01 1.445526e-01
    outer loop
      vertex   -1.398158e-01 1.354355e-01 5.929071e-01
      vertex   -1.822705e-01 1.339680e-01 5.539462e-01
      vertex   -2.246727e-01 1.220799e-01 5.853619e-01
    endloop
  endfacet
  facet normal -2.330329e-01 9.476651e-01 2.182351e-01
    outer loop
      vertex   -1.822705e-01 1.339680e-01 5.539462e-01
      vertex   -1.398158e-01 1.354355e-01 5.929071e-01
      vertex   -1.077588e-01 1.554588e-01 5.401886e-01
    endloop
  endfacet
  facet normal 2.812175e-02 9.983848e-01 4.936520e-02
    outer loop
      vertex   -9.283819e-03 1.526504e-01 5.408899e-01
      vertex   -6.152227e-02 1.556412e-01 5.101593e-01
      vertex   -1.077588e-01 1.554588e-01 5.401886e-01
    endloop
  endfacet
  facet normal 1.472526e-01 9.768404e-01 -1.552401e-01
    outer loop
      vertex   -9.283819e-03 1.526504e-01 5.408899e-01
      vertex   -2.401202e-03 1.372545e-01 4.505405e-01
      vertex   -6.152227e-02 1.556412e-01 5.101593e-01
    endloop
  endfacet
  facet normal -6.369134e-01 4.445336e-01 6.298660e-01
    outer loop
      vertex   -2.395064e-01 1.000765e-01 6.079486e-01
      vertex   -2.639211e-01 8.917085e-02 5.909575e-01
      vertex   -2.450894e-01 6.598221e-02 6.263654e-01
    endloop
  endfacet
  facet normal -7.906144e-01 7.519892e-02 6.076792e-01
    outer loop
      vertex   -3.589177e-01 7.180618e-02 4.470039e-01
      vertex   -3.478802e-01 3.367272e-02 4.660831e-01
      vertex   -3.155259e-01 8.288465e-02 5.020874e-01
    endloop
  endfacet
  facet normal -7.271907e-01 6.464651e-01 2.308171e-01
    outer loop
      vertex   -3.256837e-01 1.041685e-01 4.610683e-01
      vertex   -3.589177e-01 7.180618e-02 4.470039e-01
      vertex   -3.321088e-01 8.969659e-02 4.813586e-01
    endloop
  endfacet
  facet normal -6.467911e-01 3.757917e-01 6.636579e-01
    outer loop
      vertex   -3.772747e-01 1.044077e-01 4.106531e-01
      vertex   -3.589177e-01 7.180618e-02 4.470039e-01
      vertex   -3.256837e-01 1.041685e-01 4.610683e-01
    endloop
  endfacet
  facet normal 6.292079e-01 2.429712e-01 -7.382834e-01
    outer loop
      vertex   -3.443391e-01 7.212712e-02 3.356527e-01
      vertex   -3.884762e-01 4.505932e-02 2.891284e-01
      vertex   -4.109779e-01 6.376997e-02 2.761089e-01
    endloop
  endfacet
  facet normal -8.045957e-01 2.084107e-01 5.560492e-01
    outer loop
      vertex   -6.056543e-01 -1.031442e-02 2.419819e-01
      vertex   -5.630446e-01 2.660822e-02 2.897987e-01
      vertex   -5.948168e-01 3.018509e-02 2.424841e-01
    endloop
  endfacet
  facet normal -8.279907e-01 2.151450e-01 5.178263e-01
    outer loop
      vertex   -6.056543e-01 -1.031442e-02 2.419819e-01
      vertex   -5.948168e-01 3.018509e-02 2.424841e-01
      vertex   -6.270370e-01 1.597790e-02 1.968676e-01
    endloop
  endfacet
  facet normal -3.433885e-01 8.890057e-01 3.029081e-01
    outer loop
      vertex   -6.270370e-01 1.597790e-02 1.968676e-01
      vertex   -6.162108e-01 2.736146e-02 1.757310e-01
      vertex   -6.452384e-01 2.515368e-02 1.493038e-01
    endloop
  endfacet
  facet normal 6.777695e-01 5.924492e-01 -4.354680e-01
    outer loop
      vertex   -6.048217e-01 2.363156e-02 1.590071e-01
      vertex   -6.263181e-01 1.888422e-02 1.190911e-01
      vertex   -6.383066e-01 3.155135e-02 1.176655e-01
    endloop
  endfacet
  facet normal 6.578818e-01 -3.650664e-01 -6.587245e-01
    outer loop
      vertex   -4.116353e-01 2.104709e-02 2.793067e-01
      vertex   -3.884762e-01 4.505932e-02 2.891284e-01
      vertex   -3.703720e-01 2.183251e-02 3.200819e-01
    endloop
  endfacet
  facet normal 2.527325e-02 9.592025e-01 -2.815879e-01
    outer loop
      vertex   -3.614658e-01 1.181495e-01 4.032125e-01
      vertex   -2.974918e-01 1.191538e-01 4.123753e-01
      vertex   -3.410659e-01 1.156343e-01 3.964755e-01
    endloop
  endfacet
  facet normal -9.397770e-01 -2.578046e-01 2.244016e-01
    outer loop
      vertex   -2.889044e-01 8.092505e-03 5.545298e-01
      vertex   -2.989580e-01 3.537720e-02 5.437720e-01
      vertex   -3.047140e-01 2.673414e-02 5.097369e-01
    endloop
  endfacet
  facet normal -9.096968e-01 -1.052239e-02 4.151398e-01
    outer loop
      vertex   -2.989580e-01 3.537720e-02 5.437720e-01
      vertex   -2.757271e-01 2.297185e-02 5.943636e-01
      vertex   -2.816322e-01 6.088467e-02 5.823847e-01
    endloop
  endfacet
  facet normal 3.100290e-01 9.349285e-01 -1.726002e-01
    outer loop
      vertex   -3.282544e-02 1.295100e-01 4.201592e-01
      vertex   -7.096456e-02 1.421639e-01 4.201954e-01
      vertex   -6.152227e-02 1.556412e-01 5.101593e-01
    endloop
  endfacet
  facet normal 1.072764e-01 9.815456e-01 -1.583037e-01
    outer loop
      vertex   -6.152227e-02 1.556412e-01 5.101593e-01
      vertex   -7.096456e-02 1.421639e-01 4.201954e-01
      vertex   -1.154426e-01 1.560944e-01 4.764291e-01
    endloop
  endfacet
  facet normal -3.059743e-01 9.395659e-01 1.536089e-01
    outer loop
      vertex   -1.957237e-01 1.395860e-01 4.927855e-01
      vertex   -1.822705e-01 1.339680e-01 5.539462e-01
      vertex   -1.705341e-01 1.496154e-01 4.816148e-01
    endloop
  endfacet
  facet normal -9.363151e-01 1.759464e-01 3.039027e-01
    outer loop
      vertex   -2.816322e-01 6.088467e-02 5.823847e-01
      vertex   -2.966281e-01 7.289923e-02 5.292267e-01
      vertex   -2.989580e-01 3.537720e-02 5.437720e-01
    endloop
  endfacet
  facet normal -1.233269e-01 9.896201e-01 -7.377313e-02
    outer loop
      vertex   -1.705341e-01 1.496154e-01 4.816148e-01
      vertex   -1.154426e-01 1.560944e-01 4.764291e-01
      vertex   -1.664039e-01 1.480779e-01 4.540853e-01
    endloop
  endfacet
  facet normal -1.990597e-01 9.268917e-01 3.181933e-01
    outer loop
      vertex   -2.270959e-01 1.249222e-01 5.255353e-01
      vertex   -2.295309e-01 1.369035e-01 4.891108e-01
      vertex   -2.666430e-01 1.250050e-01 5.005539e-01
    endloop
  endfacet
  facet normal -3.283535e-01 7.922398e-01 5.143346e-01
    outer loop
      vertex   -2.270959e-01 1.249222e-01 5.255353e-01
      vertex   -2.876091e-01 1.096326e-01 5.104544e-01
      vertex   -2.653822e-01 1.038181e-01 5.336002e-01
    endloop
  endfacet
  facet normal 1.664792e-02 9.746623e-01 -2.230612e-01
    outer loop
      vertex   -2.974918e-01 1.191538e-01 4.123753e-01
      vertex   -3.614658e-01 1.181495e-01 4.032125e-01
      vertex   -2.779065e-01 1.276766e-01 4.510771e-01
    endloop
  endfacet
  facet normal -1.233766e-02 5.850364e-01 -8.109132e-01
    outer loop
      vertex   -2.783562e-01 1.104185e-01 3.906681e-01
      vertex   -2.919211e-01 8.512168e-02 3.726240e-01
      vertex   -3.160785e-01 9.747566e-02 3.819044e-01
    endloop
  endfacet
  facet normal 3.417052e-02 -9.514078e-01 3.060319e-01
    outer loop
      vertex   -4.839234e-01 -1.252127e-02 3.101582e-01
      vertex   -4.523946e-01 7.629172e-03 3.692825e-01
      vertex   -5.160868e-01 -1.712402e-02 2.994402e-01
    endloop
  endfacet
  facet normal -6.941010e-01 -5.150266e-02 7.180329e-01
    outer loop
      vertex   -5.630446e-01 2.660822e-02 2.897987e-01
      vertex   -5.566320e-01 5.017331e-03 2.944489e-01
      vertex   -4.969020e-01 3.418274e-02 3.542801e-01
    endloop
  endfacet
  facet normal 7.612310e-01 -1.981886e-02 -6.481779e-01
    outer loop
      vertex   -5.850583e-01 -1.650602e-02 1.710173e-01
      vertex   -5.877790e-01 6.841143e-03 1.671082e-01
      vertex   -5.594331e-01 -8.580385e-03 2.008696e-01
    endloop
  endfacet
  facet normal 6.660138e-01 6.283205e-01 -4.020434e-01
    outer loop
      vertex   -6.846245e-01 -5.841992e-02 5.076747e-02
      vertex   -6.670631e-01 -5.783517e-02 8.077315e-02
      vertex   -6.776685e-01 -7.056177e-02 4.331508e-02
    endloop
  endfacet
  facet normal 1.747787e-01 -9.744900e-01 -1.407896e-01
    outer loop
      vertex   -6.908924e-01 -5.271748e-02 9.286745e-02
      vertex   -6.886927e-01 -4.528869e-02 4.417903e-02
      vertex   -6.770995e-01 -4.858665e-02 8.139821e-02
    endloop
  endfacet
  facet normal 7.591483e-01 -6.498796e-01 3.674762e-02
    outer loop
      vertex   -6.674574e-01 -4.351492e-02 5.839981e-03
      vertex   -6.697650e-01 -4.322097e-02 5.871028e-02
      vertex   -6.741535e-01 -5.004088e-02 2.875996e-02
    endloop
  endfacet
  facet normal 4.488923e-01 -8.853635e-01 -1.209429e-01
    outer loop
      vertex   -6.830654e-01 -5.024612e-02 -2.815109e-03
      vertex   -6.674574e-01 -4.351492e-02 5.839981e-03
      vertex   -6.741535e-01 -5.004088e-02 2.875996e-02
    endloop
  endfacet
  facet normal 9.858526e-01 1.622343e-01 4.212726e-02
    outer loop
      vertex   -6.697650e-01 -4.322097e-02 5.871028e-02
      vertex   -6.674574e-01 -4.351492e-02 5.839981e-03
      vertex   -6.713735e-01 -3.048115e-02 4.729079e-02
    endloop
  endfacet
  facet normal 2.902283e-01 9.522637e-01 -9.466419e-02
    outer loop
      vertex   -6.816537e-01 -2.259132e-02 7.933510e-02
      vertex   -6.796192e-01 -3.048633e-02 6.153397e-03
      vertex   -6.861347e-01 -1.913125e-02 1.004031e-01
    endloop
  endfacet
  facet normal -9.888930e-01 1.376705e-01 5.601356e-02
    outer loop
      vertex   -6.861347e-01 -1.913125e-02 1.004031e-01
      vertex   -6.909464e-01 -3.469570e-02 5.370802e-02
      vertex   -6.881708e-01 -3.958584e-02 1.147296e-01
    endloop
  endfacet
  facet normal -9.918662e-01 1.151027e-01 5.434026e-02
    outer loop
      vertex   -6.909464e-01 -3.469570e-02 5.370802e-02
      vertex   -6.908924e-01 -5.271748e-02 9.286745e-02
      vertex   -6.881708e-01 -3.958584e-02 1.147296e-01
    endloop
  endfacet
  facet normal -2.714550e-01 9.557466e-01 1.134049e-01
    outer loop
      vertex   -2.779065e-01 1.276766e-01 4.510771e-01
      vertex   -2.666430e-01 1.250050e-01 5.005539e-01
      vertex   -2.295309e-01 1.369035e-01 4.891108e-01
    endloop
  endfacet
  facet normal -5.002516e-02 -9.977119e-01 4.548035e-02
    outer loop
      vertex   -4.032527e-01 9.522053e-03 3.765261e-01
      vertex   -4.213663e-01 7.007668e-03 3.014439e-01
      vertex   -3.837620e-01 6.668581e-03 3.353673e-01
    endloop
  endfacet
  facet normal 2.257391e-01 -7.832502e-01 -5.792762e-01
    outer loop
      vertex   -3.837620e-01 6.668581e-03 3.353673e-01
      vertex   -3.703720e-01 2.183251e-02 3.200819e-01
      vertex   -3.505426e-01 -3.147846e-03 3.615856e-01
    endloop
  endfacet
  facet normal -2.693017e-01 9.437229e-01 -1.919993e-01
    outer loop
      vertex   -2.530893e-01 1.268397e-01 4.121549e-01
      vertex   -2.779065e-01 1.276766e-01 4.510771e-01
      vertex   -2.386848e-01 1.362845e-01 4.383743e-01
    endloop
  endfacet
  facet normal -1.518287e-01 8.633287e-01 -4.812604e-01
    outer loop
      vertex   -2.974918e-01 1.191538e-01 4.123753e-01
      vertex   -2.530893e-01 1.268397e-01 4.121549e-01
      vertex   -2.783562e-01 1.104185e-01 3.906681e-01
    endloop
  endfacet
  facet normal -6.475637e-01 3.094269e-01 6.963593e-01
    outer loop
      vertex   -4.777217e-01 7.757952e-02 3.528330e-01
      vertex   -5.256804e-01 6.225702e-02 3.150435e-01
      vertex   -4.969020e-01 3.418274e-02 3.542801e-01
    endloop
  endfacet
  facet normal -6.199932e-01 7.387897e-01 2.641933e-01
    outer loop
      vertex   -5.770774e-01 4.613594e-02 2.395089e-01
      vertex   -5.948168e-01 3.018509e-02 2.424841e-01
      vertex   -5.256804e-01 6.225702e-02 3.150435e-01
    endloop
  endfacet
  facet normal -5.902733e-01 6.425451e-01 4.885829e-01
    outer loop
      vertex   -5.048203e-01 8.477449e-02 3.106321e-01
      vertex   -5.256804e-01 6.225702e-02 3.150435e-01
      vertex   -4.777217e-01 7.757952e-02 3.528330e-01
    endloop
  endfacet
  facet normal 2.700787e-01 9.244006e-01 -2.693343e-01
    outer loop
      vertex   -2.386848e-01 1.362845e-01 4.383743e-01
      vertex   -1.957237e-01 1.395860e-01 4.927855e-01
      vertex   -2.024297e-01 1.230088e-01 4.291652e-01
    endloop
  endfacet
  facet normal -6.359148e-01 -6.554642e-01 4.074054e-01
    outer loop
      vertex   -4.032527e-01 9.522053e-03 3.765261e-01
      vertex   -3.603868e-01 -7.738693e-03 4.156647e-01
      vertex   -3.724721e-01 1.026348e-02 4.257641e-01
    endloop
  endfacet
  facet normal -6.592348e-01 -6.227002e-01 4.214903e-01
    outer loop
      vertex   -4.032527e-01 9.522053e-03 3.765261e-01
      vertex   -3.724721e-01 1.026348e-02 4.257641e-01
      vertex   -4.017550e-01 3.054124e-02 4.099220e-01
    endloop
  endfacet
  facet normal -4.123218e-01 -2.813294e-01 8.665128e-01
    outer loop
      vertex   -4.017550e-01 3.054124e-02 4.099220e-01
      vertex   -4.160868e-01 5.233641e-02 4.101785e-01
      vertex   -4.558363e-01 2.103155e-02 3.811004e-01
    endloop
  endfacet
  facet normal -5.499983e-01 6.898300e-01 4.707828e-01
    outer loop
      vertex   -4.777217e-01 7.757952e-02 3.528330e-01
      vertex   -4.325254e-01 1.074353e-01 3.618870e-01
      vertex   -5.048203e-01 8.477449e-02 3.106321e-01
    endloop
  endfacet
  facet normal -3.323395e-01 9.319061e-01 -1.452633e-01
    outer loop
      vertex   -5.044024e-01 7.941232e-02 2.752761e-01
      vertex   -5.048203e-01 8.477449e-02 3.106321e-01
      vertex   -4.627921e-01 1.009251e-01 3.180893e-01
    endloop
  endfacet
  facet normal -3.036192e-02 8.491952e-01 -5.272055e-01
    outer loop
      vertex   -5.663889e-01 4.012325e-02 2.155612e-01
      vertex   -5.044024e-01 7.941232e-02 2.752761e-01
      vertex   -4.776298e-01 6.792172e-02 2.552258e-01
    endloop
  endfacet
  facet normal 4.283200e-01 2.775002e-01 -8.599626e-01
    outer loop
      vertex   -5.729612e-01 2.080205e-02 1.944410e-01
      vertex   -5.289984e-01 3.447151e-02 2.207484e-01
      vertex   -4.735003e-01 1.909006e-02 2.434268e-01
    endloop
  endfacet
  facet normal 6.299830e-01 -8.164120e-02 -7.723057e-01
    outer loop
      vertex   -5.298254e-01 -1.672790e-02 2.256295e-01
      vertex   -5.703651e-01 -3.140767e-02 1.941124e-01
      vertex   -5.584059e-01 -8.624579e-03 2.014594e-01
    endloop
  endfacet
  facet normal -3.353220e-01 4.453412e-01 -8.301990e-01
    outer loop
      vertex   -6.021272e-01 -1.092993e-01 5.680458e-02
      vertex   -5.964242e-01 -8.920601e-02 6.527968e-02
      vertex   -5.915677e-01 -1.022083e-01 5.634334e-02
    endloop
  endfacet
  facet normal 7.923446e-01 5.177369e-01 -3.227050e-01
    outer loop
      vertex   -5.915677e-01 -1.022083e-01 5.634334e-02
      vertex   -5.964242e-01 -8.920601e-02 6.527968e-02
      vertex   -5.841460e-01 -9.728329e-02 8.246754e-02
    endloop
  endfacet
  facet normal 9.309752e-01 2.037994e-01 -3.029042e-01
    outer loop
      vertex   -5.894511e-01 -1.059820e-01 6.030965e-02
      vertex   -5.915677e-01 -1.022083e-01 5.634334e-02
      vertex   -5.841460e-01 -9.728329e-02 8.246754e-02
    endloop
  endfacet
  facet normal 1.247914e-01 9.270373e-01 -3.535942e-01
    outer loop
      vertex   -6.015372e-01 -8.109512e-02 8.473994e-02
      vertex   -5.881411e-01 -7.729205e-02 9.943843e-02
      vertex   -5.964242e-01 -8.920601e-02 6.527968e-02
    endloop
  endfacet
  facet normal 8.089331e-01 -4.135672e-01 -4.178390e-01
    outer loop
      vertex   -5.942740e-01 -1.110332e-01 7.646913e-02
      vertex   -5.947304e-01 -1.112404e-01 7.579073e-02
      vertex   -5.841460e-01 -9.728329e-02 8.246754e-02
    endloop
  endfacet
  facet normal 8.143353e-01 -5.782909e-01 -4.937224e-02
    outer loop
      vertex   -5.942740e-01 -1.110332e-01 7.646913e-02
      vertex   -5.841460e-01 -9.728329e-02 8.246754e-02
      vertex   -5.820556e-01 -9.713657e-02 1.152285e-01
    endloop
  endfacet
  facet normal -2.371475e-01 6.509174e-01 -7.211571e-01
    outer loop
      vertex   -5.881411e-01 -7.729205e-02 9.943843e-02
      vertex   -6.002683e-01 -6.199597e-02 1.172326e-01
      vertex   -5.880124e-01 -4.651604e-02 1.271746e-01
    endloop
  endfacet
  facet normal 7.925031e-01 4.789195e-01 -3.775909e-01
    outer loop
      vertex   -5.770226e-01 -6.370897e-02 1.400028e-01
      vertex   -5.841460e-01 -9.728329e-02 8.246754e-02
      vertex   -5.881411e-01 -7.729205e-02 9.943843e-02
    endloop
  endfacet
  facet normal 6.611255e-01 -6.089437e-02 -7.478001e-01
    outer loop
      vertex   -6.481618e-01 -5.961496e-02 1.024022e-01
      vertex   -6.266335e-01 -5.792048e-02 1.212973e-01
      vertex   -6.257411e-01 -7.270402e-02 1.232901e-01
    endloop
  endfacet
  facet normal 8.861358e-01 3.081979e-01 -3.460888e-01
    outer loop
      vertex   -5.770226e-01 -6.370897e-02 1.400028e-01
      vertex   -5.881411e-01 -7.729205e-02 9.943843e-02
      vertex   -5.880124e-01 -4.651604e-02 1.271746e-01
    endloop
  endfacet
  facet normal 9.051023e-01 3.067261e-01 -2.944638e-01
    outer loop
      vertex   -5.770226e-01 -6.370897e-02 1.400028e-01
      vertex   -5.838905e-01 -3.271653e-02 1.511757e-01
      vertex   -5.703651e-01 -3.140767e-02 1.941124e-01
    endloop
  endfacet
  facet normal 9.619064e-01 -2.700029e-01 4.283112e-02
    outer loop
      vertex   -5.703651e-01 -3.140767e-02 1.941124e-01
      vertex   -5.757732e-01 -5.001706e-02 1.982561e-01
      vertex   -5.770226e-01 -6.370897e-02 1.400028e-01
    endloop
  endfacet
  facet normal 1.953370e-01 5.422894e-01 -8.171693e-01
    outer loop
      vertex   -5.663889e-01 4.012325e-02 2.155612e-01
      vertex   -4.776298e-01 6.792172e-02 2.552258e-01
      vertex   -5.289984e-01 3.447151e-02 2.207484e-01
    endloop
  endfacet
  facet normal -3.523199e-01 9.246722e-01 -1.444024e-01
    outer loop
      vertex   -5.770774e-01 4.613594e-02 2.395089e-01
      vertex   -5.048203e-01 8.477449e-02 3.106321e-01
      vertex   -5.044024e-01 7.941232e-02 2.752761e-01
    endloop
  endfacet
  facet normal -6.667653e-01 6.782149e-01 3.089474e-01
    outer loop
      vertex   -5.770774e-01 4.613594e-02 2.395089e-01
      vertex   -5.256804e-01 6.225702e-02 3.150435e-01
      vertex   -5.048203e-01 8.477449e-02 3.106321e-01
    endloop
  endfacet
  facet normal -6.615937e-01 3.150972e-01 6.804466e-01
    outer loop
      vertex   -4.599252e-01 4.784030e-02 3.839079e-01
      vertex   -4.777217e-01 7.757952e-02 3.528330e-01
      vertex   -4.969020e-01 3.418274e-02 3.542801e-01
    endloop
  endfacet
  facet normal -6.548426e-02 -9.589083e-01 -2.760556e-01
    outer loop
      vertex   -3.837620e-01 6.668581e-03 3.353673e-01
      vertex   -3.505426e-01 -3.147846e-03 3.615856e-01
      vertex   -3.579955e-01 -1.173673e-02 3.931880e-01
    endloop
  endfacet
  facet normal 2.628512e-01 -6.597766e-01 -7.039916e-01
    outer loop
      vertex   -3.505426e-01 -3.147846e-03 3.615856e-01
      vertex   -3.336213e-01 2.100283e-02 3.452697e-01
      vertex   -2.995617e-01 4.828324e-04 3.772178e-01
    endloop
  endfacet
  facet normal 5.425710e-01 -3.130485e-01 -7.794981e-01
    outer loop
      vertex   -3.336213e-01 2.100283e-02 3.452697e-01
      vertex   -2.513695e-01 4.189670e-02 3.941302e-01
      vertex   -2.995617e-01 4.828324e-04 3.772178e-01
    endloop
  endfacet
  facet normal 5.590871e-01 -7.577332e-02 -8.256392e-01
    outer loop
      vertex   -2.818215e-01 6.346577e-02 3.715299e-01
      vertex   -2.339433e-01 1.000643e-01 4.005921e-01
      vertex   -2.513695e-01 4.189670e-02 3.941302e-01
    endloop
  endfacet
  facet normal 3.023208e-01 5.518205e-01 -7.772363e-01
    outer loop
      vertex   -2.339433e-01 1.000643e-01 4.005921e-01
      vertex   -2.783562e-01 1.104185e-01 3.906681e-01
      vertex   -2.530893e-01 1.268397e-01 4.121549e-01
    endloop
  endfacet
  facet normal -2.064689e-01 9.781255e-01 2.531888e-02
    outer loop
      vertex   -2.295309e-01 1.369035e-01 4.891108e-01
      vertex   -2.386848e-01 1.362845e-01 4.383743e-01
      vertex   -2.779065e-01 1.276766e-01 4.510771e-01
    endloop
  endfacet
  facet normal -7.455335e-01 2.499576e-01 -6.178195e-01
    outer loop
      vertex   -1.652146e-01 1.006646e-01 3.752172e-01
      vertex   -2.081092e-01 7.681131e-02 4.173283e-01
      vertex   -2.024297e-01 1.230088e-01 4.291652e-01
    endloop
  endfacet
  facet normal 5.067059e-01 -5.623195e-02 -8.602831e-01
    outer loop
      vertex   -2.081092e-01 7.681131e-02 4.173283e-01
      vertex   -2.513695e-01 4.189670e-02 3.941302e-01
      vertex   -2.339433e-01 1.000643e-01 4.005921e-01
    endloop
  endfacet
  facet normal -6.269056e-02 -9.979799e-01 1.029741e-02
    outer loop
      vertex   -3.237759e-01 -1.392925e-02 3.890276e-01
      vertex   -2.749966e-01 -1.636945e-02 4.495033e-01
      vertex   -3.579955e-01 -1.173673e-02 3.931880e-01
    endloop
  endfacet
  facet normal -5.546506e-01 4.191636e-01 7.187938e-01
    outer loop
      vertex   -4.777217e-01 7.757952e-02 3.528330e-01
      vertex   -4.599252e-01 4.784030e-02 3.839079e-01
      vertex   -4.047815e-01 8.999399e-02 4.018772e-01
    endloop
  endfacet
  facet normal 3.721474e-01 -2.524131e-02 -9.278304e-01
    outer loop
      vertex   -5.289984e-01 3.447151e-02 2.207484e-01
      vertex   -4.522043e-01 4.096919e-02 2.513733e-01
      vertex   -4.735003e-01 1.909006e-02 2.434268e-01
    endloop
  endfacet
  facet normal 6.508494e-01 -3.402639e-01 -6.786866e-01
    outer loop
      vertex   -5.757732e-01 -5.001706e-02 1.982561e-01
      vertex   -5.703651e-01 -3.140767e-02 1.941124e-01
      vertex   -5.298254e-01 -1.672790e-02 2.256295e-01
    endloop
  endfacet
  facet normal 2.362966e-03 -7.949852e-01 6.066243e-01
    outer loop
      vertex   -5.614446e-01 -4.274088e-02 2.277887e-01
      vertex   -6.211881e-01 -5.959264e-02 2.059370e-01
      vertex   -6.045920e-01 -7.404841e-02 1.869280e-01
    endloop
  endfacet
  facet normal 5.408118e-01 -7.122700e-01 4.474306e-01
    outer loop
      vertex   -5.831162e-01 -6.933299e-02 1.684766e-01
      vertex   -6.045920e-01 -7.404841e-02 1.869280e-01
      vertex   -5.983246e-01 -9.460793e-02 1.466236e-01
    endloop
  endfacet
  facet normal -6.059634e-02 -9.911810e-01 -1.178483e-01
    outer loop
      vertex   -6.319288e-01 -8.295617e-02 1.380193e-01
      vertex   -6.794444e-01 -7.706203e-02 1.128778e-01
      vertex   -6.600346e-01 -7.816700e-02 1.121910e-01
    endloop
  endfacet
  facet normal -4.615124e-01 8.713955e-01 -1.663614e-01
    outer loop
      vertex   -6.920570e-01 -5.440672e-02 9.240736e-02
      vertex   -6.770995e-01 -4.858665e-02 8.139821e-02
      vertex   -6.846245e-01 -5.841992e-02 5.076747e-02
    endloop
  endfacet
  facet normal 9.352674e-01 -1.625392e-01 -3.144134e-01
    outer loop
      vertex   -6.810038e-01 -7.885722e-02 5.017201e-02
      vertex   -6.670631e-01 -5.783517e-02 8.077315e-02
      vertex   -6.600346e-01 -7.816700e-02 1.121910e-01
    endloop
  endfacet
  facet normal 5.535862e-01 -6.372034e-01 -5.362034e-01
    outer loop
      vertex   -6.600346e-01 -7.816700e-02 1.121910e-01
      vertex   -6.670631e-01 -5.783517e-02 8.077315e-02
      vertex   -6.481618e-01 -5.961496e-02 1.024022e-01
    endloop
  endfacet
  facet normal -8.362583e-02 -9.960275e-01 3.059465e-02
    outer loop
      vertex   -6.794444e-01 -7.706203e-02 1.128778e-01
      vertex   -6.939305e-01 -7.774455e-02 5.106282e-02
      vertex   -6.810038e-01 -7.885722e-02 5.017201e-02
    endloop
  endfacet
  facet normal 3.099634e-01 7.995536e-01 -5.144285e-01
    outer loop
      vertex   -6.953719e-01 -7.472460e-02 -2.884995e-03
      vertex   -6.956980e-01 -6.703381e-02 8.871964e-03
      vertex   -6.837052e-01 -7.500641e-02 3.706680e-03
    endloop
  endfacet
  facet normal -4.087073e-01 -9.106787e-01 6.018853e-02
    outer loop
      vertex   -6.978363e-01 -7.832231e-02 1.579872e-02
      vertex   -6.909829e-01 -8.228425e-02 2.390518e-03
      vertex   -6.939305e-01 -7.774455e-02 5.106282e-02
    endloop
  endfacet
  facet normal 7.125341e-01 -6.946193e-01 -9.899117e-02
    outer loop
      vertex   -6.810038e-01 -7.885722e-02 5.017201e-02
      vertex   -6.909829e-01 -8.228425e-02 2.390518e-03
      vertex   -6.837052e-01 -7.500641e-02 3.706680e-03
    endloop
  endfacet
  facet normal -5.575402e-02 -9.979950e-01 2.995786e-02
    outer loop
      vertex   -6.600346e-01 -7.816700e-02 1.121910e-01
      vertex   -6.794444e-01 -7.706203e-02 1.128778e-01
      vertex   -6.810038e-01 -7.885722e-02 5.017201e-02
    endloop
  endfacet
  facet normal 3.580064e-01 7.815755e-01 -5.108533e-01
    outer loop
      vertex   -5.838905e-01 -3.271653e-02 1.511757e-01
      vertex   -5.880124e-01 -4.651604e-02 1.271746e-01
      vertex   -6.040959e-01 -3.552987e-02 1.327114e-01
    endloop
  endfacet
  facet normal 4.092032e-01 7.182561e-01 -5.627264e-01
    outer loop
      vertex   -6.133402e-01 -2.807476e-02 1.356851e-01
      vertex   -5.850583e-01 -1.650602e-02 1.710173e-01
      vertex   -5.838905e-01 -3.271653e-02 1.511757e-01
    endloop
  endfacet
  facet normal 7.955926e-01 -1.624775e-01 -5.836381e-01
    outer loop
      vertex   -6.133402e-01 -2.807476e-02 1.356851e-01
      vertex   -6.019225e-01 1.324019e-03 1.430651e-01
      vertex   -5.850583e-01 -1.650602e-02 1.710173e-01
    endloop
  endfacet
  facet normal 2.007831e-01 6.908887e-01 -6.945206e-01
    outer loop
      vertex   -5.289984e-01 3.447151e-02 2.207484e-01
      vertex   -5.729612e-01 2.080205e-02 1.944410e-01
      vertex   -5.663889e-01 4.012325e-02 2.155612e-01
    endloop
  endfacet
  facet normal -4.260244e-01 -6.574362e-01 6.215149e-01
    outer loop
      vertex   -4.558363e-01 2.103155e-02 3.811004e-01
      vertex   -5.160868e-01 -1.712402e-02 2.994402e-01
      vertex   -4.523946e-01 7.629172e-03 3.692825e-01
    endloop
  endfacet
  facet normal 5.068169e-01 2.775973e-01 -8.161350e-01
    outer loop
      vertex   -3.443391e-01 7.212712e-02 3.356527e-01
      vertex   -2.919211e-01 8.512168e-02 3.726240e-01
      vertex   -2.818215e-01 6.346577e-02 3.715299e-01
    endloop
  endfacet
  facet normal -3.290421e-01 7.859276e-01 5.234970e-01
    outer loop
      vertex   -2.666430e-01 1.250050e-01 5.005539e-01
      vertex   -2.876091e-01 1.096326e-01 5.104544e-01
      vertex   -2.270959e-01 1.249222e-01 5.255353e-01
    endloop
  endfacet
  facet normal -5.076765e-01 8.526090e-01 -1.237840e-01
    outer loop
      vertex   -1.664039e-01 1.480779e-01 4.540853e-01
      vertex   -2.024297e-01 1.230088e-01 4.291652e-01
      vertex   -1.705341e-01 1.496154e-01 4.816148e-01
    endloop
  endfacet
  facet normal 9.931657e-02 7.899625e-01 -6.050583e-01
    outer loop
      vertex   -8.033275e-02 9.939305e-02 3.460653e-01
      vertex   -4.050236e-02 1.222852e-01 3.824910e-01
      vertex   -4.101856e-02 9.273611e-02 3.438272e-01
    endloop
  endfacet
  facet normal -4.347243e-03 9.401252e-01 -3.408016e-01
    outer loop
      vertex   9.145743e-03 8.098805e-02 3.107794e-01
      vertex   -5.556684e-02 7.764521e-02 3.023834e-01
      vertex   -4.101856e-02 9.273611e-02 3.438272e-01
    endloop
  endfacet
  facet normal -1.496959e-01 8.777919e-01 -4.550522e-01
    outer loop
      vertex   -1.236057e-01 1.406137e-01 4.127703e-01
      vertex   -8.517378e-02 1.305685e-01 3.807504e-01
      vertex   -1.481528e-01 1.277753e-01 3.960802e-01
    endloop
  endfacet
  facet normal -6.407233e-01 -4.264898e-01 6.384200e-01
    outer loop
      vertex   -4.017550e-01 3.054124e-02 4.099220e-01
      vertex   -3.724721e-01 1.026348e-02 4.257641e-01
      vertex   -3.478802e-01 3.367272e-02 4.660831e-01
    endloop
  endfacet
  facet normal 2.743334e-01 5.918703e-01 -7.579121e-01
    outer loop
      vertex   -4.338135e-01 9.247301e-02 2.902582e-01
      vertex   -4.109779e-01 6.376997e-02 2.761089e-01
      vertex   -4.776298e-01 6.792172e-02 2.552258e-01
    endloop
  endfacet
  facet normal -5.077690e-02 9.396865e-01 -3.382470e-01
    outer loop
      vertex   -4.059416e-01 1.082548e-01 3.299176e-01
      vertex   -4.338135e-01 9.247301e-02 2.902582e-01
      vertex   -4.627921e-01 1.009251e-01 3.180893e-01
    endloop
  endfacet
  facet normal -1.310043e-01 -9.850298e-01 1.120453e-01
    outer loop
      vertex   -3.579955e-01 -1.173673e-02 3.931880e-01
      vertex   -2.749966e-01 -1.636945e-02 4.495033e-01
      vertex   -2.948417e-01 -1.117671e-02 4.719514e-01
    endloop
  endfacet
  facet normal -8.547124e-01 -3.146105e-01 -4.129007e-01
    outer loop
      vertex   -2.042943e-01 2.341672e-02 4.501154e-01
      vertex   -2.081092e-01 7.681131e-02 4.173283e-01
      vertex   -1.873983e-01 5.002123e-02 3.948690e-01
    endloop
  endfacet
  facet normal -8.109981e-01 -1.537326e-01 -5.644895e-01
    outer loop
      vertex   -1.873983e-01 5.002123e-02 3.948690e-01
      vertex   -2.081092e-01 7.681131e-02 4.173283e-01
      vertex   -1.789419e-01 7.511621e-02 3.758855e-01
    endloop
  endfacet
  facet normal -7.465389e-01 3.869626e-01 -5.412390e-01
    outer loop
      vertex   -2.081092e-01 7.681131e-02 4.173283e-01
      vertex   -1.652146e-01 1.006646e-01 3.752172e-01
      vertex   -1.789419e-01 7.511621e-02 3.758855e-01
    endloop
  endfacet
  facet normal -3.510382e-01 6.997386e-01 -6.222042e-01
    outer loop
      vertex   -1.481528e-01 1.277753e-01 3.960802e-01
      vertex   -1.132569e-01 1.113579e-01 3.579292e-01
      vertex   -1.652146e-01 1.006646e-01 3.752172e-01
    endloop
  endfacet
  facet normal 5.670677e-01 -6.787564e-01 -4.666091e-01
    outer loop
      vertex   -2.631866e-01 -9.660310e-03 4.244435e-01
      vertex   -2.358906e-01 1.334541e-02 4.241508e-01
      vertex   -2.204068e-01 -1.114023e-02 4.785864e-01
    endloop
  endfacet
  facet normal 1.844111e-01 -9.676540e-01 -1.721578e-01
    outer loop
      vertex   -2.749966e-01 -1.636945e-02 4.495033e-01
      vertex   -2.631866e-01 -9.660310e-03 4.244435e-01
      vertex   -2.204068e-01 -1.114023e-02 4.785864e-01
    endloop
  endfacet
  facet normal -4.922089e-01 5.096720e-01 7.056663e-01
    outer loop
      vertex   -3.772747e-01 1.044077e-01 4.106531e-01
      vertex   -4.047815e-01 8.999399e-02 4.018772e-01
      vertex   -3.589177e-01 7.180618e-02 4.470039e-01
    endloop
  endfacet
  facet normal 3.876337e-01 6.369014e-01 -6.664058e-01
    outer loop
      vertex   -4.338135e-01 9.247301e-02 2.902582e-01
      vertex   -3.783293e-01 9.662163e-02 3.264971e-01
      vertex   -4.109779e-01 6.376997e-02 2.761089e-01
    endloop
  endfacet
  facet normal 3.608268e-01 -7.938137e-01 -4.895548e-01
    outer loop
      vertex   -4.213663e-01 7.007668e-03 3.014439e-01
      vertex   -4.663130e-01 1.253138e-03 2.776469e-01
      vertex   -4.735003e-01 1.909006e-02 2.434268e-01
    endloop
  endfacet
  facet normal 2.902258e-01 -9.538705e-01 7.681182e-02
    outer loop
      vertex   -4.839234e-01 -1.252127e-02 3.101582e-01
      vertex   -5.614446e-01 -4.274088e-02 2.277887e-01
      vertex   -4.547057e-01 -3.095027e-03 3.168195e-01
    endloop
  endfacet
  facet normal -7.872306e-01 -4.322308e-02 6.151420e-01
    outer loop
      vertex   -6.419716e-01 -2.091335e-02 1.947600e-01
      vertex   -6.550370e-01 -5.282367e-02 1.757973e-01
      vertex   -6.056543e-01 -1.031442e-02 2.419819e-01
    endloop
  endfacet
  facet normal -2.209214e-01 9.642147e-01 1.465736e-01
    outer loop
      vertex   -6.620081e-01 2.821231e-02 1.039070e-01
      vertex   -6.452384e-01 2.515368e-02 1.493038e-01
      vertex   -6.383066e-01 3.155135e-02 1.176655e-01
    endloop
  endfacet
  facet normal -5.408479e-01 -7.460020e-01 -3.885417e-01
    outer loop
      vertex   -6.573010e-01 1.861908e-02 5.945430e-02
      vertex   -6.418868e-01 1.163173e-02 5.141359e-02
      vertex   -6.618092e-01 9.663672e-03 8.292409e-02
    endloop
  endfacet
  facet normal 1.999462e-01 9.797011e-01 1.439556e-02
    outer loop
      vertex   -6.455288e-01 2.704113e-02 2.387892e-02
      vertex   -6.553070e-01 2.837693e-02 6.878365e-02
      vertex   -6.395189e-01 2.501924e-02 7.800618e-02
    endloop
  endfacet
  facet normal 1.847250e-01 9.826568e-01 1.619601e-02
    outer loop
      vertex   -6.455288e-01 2.704113e-02 2.387892e-02
      vertex   -6.395189e-01 2.501924e-02 7.800618e-02
      vertex   -6.320256e-01 2.470270e-02 1.174666e-02
    endloop
  endfacet
  facet normal -3.204391e-01 -8.628951e-01 -3.908078e-01
    outer loop
      vertex   -6.618092e-01 9.663672e-03 8.292409e-02
      vertex   -6.755904e-01 8.198067e-03 9.745992e-02
      vertex   -6.573010e-01 1.861908e-02 5.945430e-02
    endloop
  endfacet
  facet normal -8.479977e-01 4.464186e-01 -2.856752e-01
    outer loop
      vertex   -6.755904e-01 8.198067e-03 9.745992e-02
      vertex   -6.553070e-01 2.837693e-02 6.878365e-02
      vertex   -6.573010e-01 1.861908e-02 5.945430e-02
    endloop
  endfacet
  facet normal 1.874493e-02 -9.996614e-01 1.804644e-02
    outer loop
      vertex   -6.356411e-01 1.694720e-02 6.570450e-03
      vertex   -6.312024e-01 1.738468e-02 2.619325e-02
      vertex   -6.444337e-01 1.697699e-02 1.735329e-02
    endloop
  endfacet
  facet normal 1.394554e-01 -9.766050e-01 -1.636917e-01
    outer loop
      vertex   -6.418868e-01 1.163173e-02 5.141359e-02
      vertex   -6.444337e-01 1.697699e-02 1.735329e-02
      vertex   -6.312024e-01 1.738468e-02 2.619325e-02
    endloop
  endfacet
  facet normal -4.605995e-01 -8.836806e-01 -8.340743e-02
    outer loop
      vertex   -6.650987e-01 -1.348148e-02 1.051137e-02
      vertex   -6.622044e-01 -1.783594e-02 4.066273e-02
      vertex   -6.756413e-01 -1.197343e-02 5.275282e-02
    endloop
  endfacet
  facet normal -8.103748e-01 5.436829e-01 -2.184069e-01
    outer loop
      vertex   -6.802746e-01 -3.293127e-03 7.271718e-02
      vertex   -6.689757e-01 3.033324e-03 4.654262e-02
      vertex   -6.605472e-01 -9.070067e-04 5.460770e-03
    endloop
  endfacet
  facet normal 9.478074e-02 9.926112e-01 -7.575984e-02
    outer loop
      vertex   -6.551270e-01 1.392569e-03 4.237099e-02
      vertex   -6.605472e-01 -9.070067e-04 5.460770e-03
      vertex   -6.689757e-01 3.033324e-03 4.654262e-02
    endloop
  endfacet
  facet normal 1.925684e-01 9.772245e-01 -8.916107e-02
    outer loop
      vertex   -6.605472e-01 -9.070067e-04 5.460770e-03
      vertex   -6.551270e-01 1.392569e-03 4.237099e-02
      vertex   -6.465609e-01 -3.915653e-03 2.692642e-03
    endloop
  endfacet
  facet normal 7.263937e-01 -3.048031e-01 -6.159929e-01
    outer loop
      vertex   -6.529561e-01 -3.836200e-03 -1.048546e-02
      vertex   -6.475183e-01 -1.349757e-02 7.075348e-04
      vertex   -6.547387e-01 -1.405253e-02 -7.532333e-03
    endloop
  endfacet
  facet normal 9.790914e-01 -1.302067e-01 1.562890e-01
    outer loop
      vertex   -6.518412e-01 -1.139788e-02 2.953761e-02
      vertex   -6.475183e-01 -1.349757e-02 7.075348e-04
      vertex   -6.465609e-01 -3.915653e-03 2.692642e-03
    endloop
  endfacet
  facet normal -1.330701e-01 9.552577e-01 -2.641496e-01
    outer loop
      vertex   -6.816537e-01 -2.259132e-02 7.933510e-02
      vertex   -6.506610e-01 -1.694874e-02 8.412752e-02
      vertex   -6.807804e-01 -2.268254e-02 7.856526e-02
    endloop
  endfacet
  facet normal 7.576466e-01 6.156928e-01 -2.165500e-01
    outer loop
      vertex   -6.697650e-01 -4.322097e-02 5.871028e-02
      vertex   -6.807804e-01 -2.268254e-02 7.856526e-02
      vertex   -6.647364e-01 -4.334568e-02 7.594923e-02
    endloop
  endfacet
  facet normal 8.263867e-01 5.106316e-01 -2.373613e-01
    outer loop
      vertex   -6.741535e-01 -5.004088e-02 2.875996e-02
      vertex   -6.697650e-01 -4.322097e-02 5.871028e-02
      vertex   -6.647364e-01 -4.334568e-02 7.594923e-02
    endloop
  endfacet
  facet normal -3.015857e-01 -9.533922e-01 9.460052e-03
    outer loop
      vertex   -6.886927e-01 -4.528869e-02 4.417903e-02
      vertex   -6.741535e-01 -5.004088e-02 2.875996e-02
      vertex   -6.770995e-01 -4.858665e-02 8.139821e-02
    endloop
  endfacet
  facet normal -8.894977e-01 -1.123746e-01 -4.429060e-01
    outer loop
      vertex   -6.830654e-01 -5.024612e-02 -2.815109e-03
      vertex   -6.777664e-01 -3.929185e-02 -1.623643e-02
      vertex   -6.769776e-01 -4.959204e-02 -1.520726e-02
    endloop
  endfacet
  facet normal 8.542701e-01 -4.525721e-01 -2.557362e-01
    outer loop
      vertex   -6.769776e-01 -4.959204e-02 -1.520726e-02
      vertex   -6.713401e-01 -4.024197e-02 -1.292198e-02
      vertex   -6.674574e-01 -4.351492e-02 5.839981e-03
    endloop
  endfacet
  facet normal -2.956493e-01 -2.586853e-01 -9.196050e-01
    outer loop
      vertex   -6.670631e-01 -5.783517e-02 8.077315e-02
      vertex   -6.770995e-01 -4.858665e-02 8.139821e-02
      vertex   -6.647364e-01 -4.334568e-02 7.594923e-02
    endloop
  endfacet
  facet normal 7.616252e-01 -2.169309e-01 -6.106293e-01
    outer loop
      vertex   -6.506610e-01 -1.694874e-02 8.412752e-02
      vertex   -6.481618e-01 -5.961496e-02 1.024022e-01
      vertex   -6.647364e-01 -4.334568e-02 7.594923e-02
    endloop
  endfacet
  facet normal 2.743952e-01 -8.620592e-01 -4.261000e-01
    outer loop
      vertex   -4.116353e-01 2.104709e-02 2.793067e-01
      vertex   -4.213663e-01 7.007668e-03 3.014439e-01
      vertex   -4.735003e-01 1.909006e-02 2.434268e-01
    endloop
  endfacet
  facet normal 2.771448e-01 8.098526e-01 -5.170392e-01
    outer loop
      vertex   -4.338135e-01 9.247301e-02 2.902582e-01
      vertex   -4.059416e-01 1.082548e-01 3.299176e-01
      vertex   -3.783293e-01 9.662163e-02 3.264971e-01
    endloop
  endfacet
  facet normal 1.972477e-01 9.337794e-01 -2.985791e-01
    outer loop
      vertex   -4.059416e-01 1.082548e-01 3.299176e-01
      vertex   -4.029305e-01 1.176549e-01 3.613047e-01
      vertex   -3.510319e-01 1.081010e-01 3.657110e-01
    endloop
  endfacet
  facet normal 1.939292e-01 9.597387e-01 -2.032069e-01
    outer loop
      vertex   -3.510319e-01 1.081010e-01 3.657110e-01
      vertex   -4.029305e-01 1.176549e-01 3.613047e-01
      vertex   -3.614658e-01 1.181495e-01 4.032125e-01
    endloop
  endfacet
  facet normal 3.709429e-02 9.677927e-01 -2.490006e-01
    outer loop
      vertex   -3.614658e-01 1.181495e-01 4.032125e-01
      vertex   -3.410659e-01 1.156343e-01 3.964755e-01
      vertex   -3.510319e-01 1.081010e-01 3.657110e-01
    endloop
  endfacet
  facet normal -7.083552e-01 -4.300691e-01 5.597083e-01
    outer loop
      vertex   -2.869489e-01 2.996008e-03 5.139801e-01
      vertex   -3.047140e-01 2.673414e-02 5.097369e-01
      vertex   -3.168575e-01 3.061476e-03 4.761788e-01
    endloop
  endfacet
  facet normal -5.745908e-02 6.187591e-01 -7.834767e-01
    outer loop
      vertex   -1.132569e-01 1.113579e-01 3.579292e-01
      vertex   -8.033275e-02 9.939305e-02 3.460653e-01
      vertex   -1.287999e-01 6.693730e-02 3.239875e-01
    endloop
  endfacet
  facet normal -3.606941e-01 9.099395e-01 -2.047192e-01
    outer loop
      vertex   -5.556684e-02 7.764521e-02 3.023834e-01
      vertex   -8.761610e-02 6.768306e-02 3.145710e-01
      vertex   -4.101856e-02 9.273611e-02 3.438272e-01
    endloop
  endfacet
  facet normal -7.275400e-01 -6.860408e-01 -5.796692e-03
    outer loop
      vertex   -1.898448e-01 -3.218483e-02 5.549240e-01
      vertex   -2.085741e-01 -1.183938e-02 4.977377e-01
      vertex   -1.757193e-01 -4.655020e-02 4.821879e-01
    endloop
  endfacet
  facet normal -4.915178e-01 8.206594e-01 -2.914247e-01
    outer loop
      vertex   -7.702377e-02 5.866654e-02 2.713152e-01
      vertex   -1.171996e-01 3.986301e-02 2.861246e-01
      vertex   -8.761610e-02 6.768306e-02 3.145710e-01
    endloop
  endfacet
  facet normal -2.680229e-01 8.933711e-01 -3.606270e-01
    outer loop
      vertex   -2.541003e-02 7.254129e-02 2.673267e-01
      vertex   -7.702377e-02 5.866654e-02 2.713152e-01
      vertex   -5.556684e-02 7.764521e-02 3.023834e-01
    endloop
  endfacet
  facet normal -9.300612e-01 -1.171526e-01 -3.482260e-01
    outer loop
      vertex   -1.803349e-01 1.331836e-02 4.174257e-01
      vertex   -1.512062e-01 2.728590e-02 3.349281e-01
      vertex   -1.640781e-01 -1.664472e-02 3.840867e-01
    endloop
  endfacet
  facet normal -9.246673e-01 -3.653089e-01 -1.074237e-01
    outer loop
      vertex   -1.661108e-01 -7.546820e-02 4.978208e-01
      vertex   -1.898448e-01 -3.218483e-02 5.549240e-01
      vertex   -1.757193e-01 -4.655020e-02 4.821879e-01
    endloop
  endfacet
  facet normal -6.192296e-02 -9.860208e-01 1.546883e-01
    outer loop
      vertex   -2.206803e-01 -3.011836e-02 5.513232e-01
      vertex   -1.895079e-01 -3.116787e-02 5.571119e-01
      vertex   -2.033670e-01 -2.550537e-02 5.876582e-01
    endloop
  endfacet
  facet normal -5.830836e-01 -5.604967e-01 5.880961e-01
    outer loop
      vertex   -1.589639e-01 -1.697651e-02 6.009209e-01
      vertex   -1.895079e-01 -3.116787e-02 5.571119e-01
      vertex   -1.437604e-01 -6.939506e-02 5.660363e-01
    endloop
  endfacet
  facet normal -9.210982e-01 -3.178773e-01 -2.247935e-01
    outer loop
      vertex   -1.640781e-01 -1.664472e-02 3.840867e-01
      vertex   -1.430618e-01 -6.388720e-02 3.647766e-01
      vertex   -1.765266e-01 -2.608402e-02 4.484427e-01
    endloop
  endfacet
  facet normal -7.036424e-01 6.304023e-01 -3.278419e-01
    outer loop
      vertex   -1.435344e-01 1.260825e-03 2.684191e-01
      vertex   -1.512062e-01 2.728590e-02 3.349281e-01
      vertex   -1.171996e-01 3.986301e-02 2.861246e-01
    endloop
  endfacet
  facet normal -8.403900e-01 5.357584e-01 8.189974e-02
    outer loop
      vertex   -1.283704e-01 3.309589e-02 2.157669e-01
      vertex   -1.435344e-01 1.260825e-03 2.684191e-01
      vertex   -1.171996e-01 3.986301e-02 2.861246e-01
    endloop
  endfacet
  facet normal -9.861673e-01 8.011784e-02 -1.451039e-01
    outer loop
      vertex   -1.512062e-01 2.728590e-02 3.349281e-01
      vertex   -1.435344e-01 1.260825e-03 2.684191e-01
      vertex   -1.518820e-01 -2.584777e-02 3.101837e-01
    endloop
  endfacet
  facet normal -9.804276e-01 9.322644e-02 -1.734088e-01
    outer loop
      vertex   -1.640781e-01 -1.664472e-02 3.840867e-01
      vertex   -1.512062e-01 2.728590e-02 3.349281e-01
      vertex   -1.518820e-01 -2.584777e-02 3.101837e-01
    endloop
  endfacet
  facet normal -8.870574e-01 -4.038394e-01 -2.237029e-01
    outer loop
      vertex   -1.757193e-01 -4.655020e-02 4.821879e-01
      vertex   -1.765266e-01 -2.608402e-02 4.484427e-01
      vertex   -1.265233e-01 -1.066750e-01 3.956497e-01
    endloop
  endfacet
  facet normal 2.136023e-02 -8.719162e-01 4.891890e-01
    outer loop
      vertex   -1.624032e-01 1.538880e-03 6.340724e-01
      vertex   -2.033670e-01 -2.550537e-02 5.876582e-01
      vertex   -1.589639e-01 -1.697651e-02 6.009209e-01
    endloop
  endfacet
  facet normal -3.389584e-01 -2.452233e-01 9.082801e-01
    outer loop
      vertex   -1.822522e-01 5.410645e-02 6.594275e-01
      vertex   -1.817087e-01 2.167337e-02 6.508739e-01
      vertex   -9.925694e-02 4.657083e-02 6.883658e-01
    endloop
  endfacet
  facet normal -5.412375e-01 -6.820049e-01 4.918651e-01
    outer loop
      vertex   -5.769973e-02 -7.858198e-03 6.455260e-01
      vertex   -6.277769e-02 3.265918e-02 6.961185e-01
      vertex   -7.609943e-02 1.866079e-02 6.620498e-01
    endloop
  endfacet
  facet normal -8.800188e-01 -2.599654e-01 -3.974732e-01
    outer loop
      vertex   -6.683552e-02 -3.388977e-02 7.764547e-01
      vertex   -4.044518e-02 -6.014605e-02 7.351984e-01
      vertex   -4.611815e-02 -7.522891e-02 7.576234e-01
    endloop
  endfacet
  facet normal -9.666681e-01 -2.259579e-03 -2.560229e-01
    outer loop
      vertex   -7.155278e-02 -5.244038e-03 7.940129e-01
      vertex   -5.813000e-02 -1.201415e-02 7.433921e-01
      vertex   -6.683552e-02 -3.388977e-02 7.764547e-01
    endloop
  endfacet
  facet normal -9.813185e-01 -4.729401e-02 -1.864865e-01
    outer loop
      vertex   -7.155278e-02 -5.244038e-03 7.940129e-01
      vertex   -6.683552e-02 -3.388977e-02 7.764547e-01
      vertex   -8.034128e-02 -1.035824e-02 8.415562e-01
    endloop
  endfacet
  facet normal -7.333677e-01 -6.549812e-01 -1.821302e-01
    outer loop
      vertex   -7.929455e-02 -3.154355e-03 8.176710e-01
      vertex   -8.698059e-02 7.757304e-03 8.093789e-01
      vertex   -7.155278e-02 -5.244038e-03 7.940129e-01
    endloop
  endfacet
  facet normal -3.353576e-01 6.435894e-01 -6.879883e-01
    outer loop
      vertex   -8.906960e-02 9.554194e-03 8.120781e-01
      vertex   -9.216235e-02 2.209614e-02 8.253182e-01
      vertex   -8.698059e-02 7.757304e-03 8.093789e-01
    endloop
  endfacet
  facet normal -9.670216e-01 -2.534283e-01 2.536589e-02
    outer loop
      vertex   -8.906960e-02 9.554194e-03 8.120781e-01
      vertex   -8.757077e-02 7.113169e-03 8.448300e-01
      vertex   -9.229939e-02 2.335671e-02 8.268491e-01
    endloop
  endfacet
  facet normal -5.113220e-01 -7.907536e-01 -3.365390e-01
    outer loop
      vertex   -5.273872e-02 -8.930149e-02 8.563375e-01
      vertex   -4.861702e-02 -8.832499e-02 8.477807e-01
      vertex   -4.655427e-02 -9.005401e-02 8.487093e-01
    endloop
  endfacet
  facet normal -5.125357e-01 -8.254591e-01 -2.364835e-01
    outer loop
      vertex   -4.133231e-02 -9.465391e-02 8.502990e-01
      vertex   -4.133586e-02 -9.487314e-02 8.510720e-01
      vertex   -5.273872e-02 -8.930149e-02 8.563375e-01
    endloop
  endfacet
  facet normal -5.131762e-01 -8.243106e-01 -2.390860e-01
    outer loop
      vertex   -4.266874e-02 -9.935975e-02 8.694016e-01
      vertex   -5.273872e-02 -8.930149e-02 8.563375e-01
      vertex   -4.133586e-02 -9.487314e-02 8.510720e-01
    endloop
  endfacet
  facet normal -2.799714e-02 -9.704725e-01 -2.395815e-01
    outer loop
      vertex   -4.266874e-02 -9.935975e-02 8.694016e-01
      vertex   -4.133586e-02 -9.487314e-02 8.510720e-01
      vertex   -1.757334e-02 -9.439197e-02 8.463461e-01
    endloop
  endfacet
  facet normal -1.011355e-01 -8.617990e-01 4.970655e-01
    outer loop
      vertex   -8.056684e-03 -8.416608e-02 9.257418e-01
      vertex   -1.911271e-02 -1.023060e-01 8.920418e-01
      vertex   1.719804e-02 -9.560064e-02 9.110553e-01
    endloop
  endfacet
  facet normal 8.193829e-02 7.419059e-02 9.938722e-01
    outer loop
      vertex   -1.755504e-02 -2.593194e-03 9.525022e-01
      vertex   -1.097357e-03 -2.663437e-02 9.529400e-01
      vertex   3.038233e-02 -1.080779e-02 9.491633e-01
    endloop
  endfacet
  facet normal 1.798304e-02 6.923450e-01 7.213425e-01
    outer loop
      vertex   1.807126e-02 7.203161e-02 9.151657e-01
      vertex   -1.904234e-02 6.976475e-02 9.182667e-01
      vertex   -1.105576e-02 4.935568e-02 9.376563e-01
    endloop
  endfacet
  facet normal 2.991520e-02 9.805134e-01 -1.941609e-01
    outer loop
      vertex   2.872280e-02 1.245803e-01 4.047475e-01
      vertex   -4.050236e-02 1.222852e-01 3.824910e-01
      vertex   -3.282544e-02 1.295100e-01 4.201592e-01
    endloop
  endfacet
  facet normal -1.939643e-01 9.614977e-01 1.946794e-01
    outer loop
      vertex   -4.624750e-02 8.063456e-02 1.338413e-01
      vertex   -7.308661e-02 6.958728e-02 1.616620e-01
      vertex   -5.459636e-02 6.298789e-02 2.126779e-01
    endloop
  endfacet
  facet normal -5.950393e-01 8.035127e-01 1.719204e-02
    outer loop
      vertex   -1.171996e-01 3.986301e-02 2.861246e-01
      vertex   -1.057853e-01 4.987812e-02 2.131050e-01
      vertex   -1.283704e-01 3.309589e-02 2.157669e-01
    endloop
  endfacet
  facet normal -9.763405e-01 -2.161204e-01 7.150798e-03
    outer loop
      vertex   -1.430618e-01 -6.388720e-02 3.647766e-01
      vertex   -1.518820e-01 -2.584777e-02 3.101837e-01
      vertex   -1.371908e-01 -9.337153e-02 2.752623e-01
    endloop
  endfacet
  facet normal -7.184228e-01 -6.924795e-01 6.588514e-02
    outer loop
      vertex   -1.661108e-01 -7.546820e-02 4.978208e-01
      vertex   -1.288873e-01 -1.165024e-01 4.724255e-01
      vertex   -1.486584e-01 -9.173191e-02 5.171859e-01
    endloop
  endfacet
  facet normal -5.357825e-01 -7.462864e-01 3.949604e-01
    outer loop
      vertex   -1.486584e-01 -9.173191e-02 5.171859e-01
      vertex   -1.069737e-01 -1.247094e-01 5.114216e-01
      vertex   -1.437604e-01 -6.939506e-02 5.660363e-01
    endloop
  endfacet
  facet normal -3.863799e-01 -6.322626e-01 6.715315e-01
    outer loop
      vertex   -1.009453e-01 -6.608127e-02 5.937909e-01
      vertex   -1.465773e-01 -4.064710e-02 5.914824e-01
      vertex   -1.437604e-01 -6.939506e-02 5.660363e-01
    endloop
  endfacet
  facet normal -3.279186e-01 -5.165338e-01 7.909881e-01
    outer loop
      vertex   -1.009453e-01 -6.608127e-02 5.937909e-01
      vertex   -9.175287e-02 -3.200536e-02 6.198542e-01
      vertex   -1.465773e-01 -4.064710e-02 5.914824e-01
    endloop
  endfacet
  facet normal -1.589798e-01 -6.498702e-01 7.432322e-01
    outer loop
      vertex   -9.175287e-02 -3.200536e-02 6.198542e-01
      vertex   -8.514219e-02 -5.814800e-03 6.441688e-01
      vertex   -1.624032e-01 1.538880e-03 6.340724e-01
    endloop
  endfacet
  facet normal -7.395033e-02 -5.703350e-01 8.180766e-01
    outer loop
      vertex   -7.609943e-02 1.866079e-02 6.620498e-01
      vertex   -1.239833e-01 2.500683e-02 6.621456e-01
      vertex   -8.514219e-02 -5.814800e-03 6.441688e-01
    endloop
  endfacet
  facet normal 1.996843e-01 -8.565974e-01 4.757805e-01
    outer loop
      vertex   -3.412992e-02 -4.841488e-02 6.167344e-01
      vertex   -3.837583e-03 -3.935423e-02 6.203336e-01
      vertex   -2.409336e-02 -2.839304e-02 6.485695e-01
    endloop
  endfacet
  facet normal -1.973633e-01 -8.006118e-01 5.657459e-01
    outer loop
      vertex   -2.409336e-02 -2.839304e-02 6.485695e-01
      vertex   -9.175287e-02 -3.200536e-02 6.198542e-01
      vertex   -3.412992e-02 -4.841488e-02 6.167344e-01
    endloop
  endfacet
  facet normal 2.438643e-01 -7.477469e-01 6.175798e-01
    outer loop
      vertex   -3.201134e-02 -8.631412e-02 5.746010e-01
      vertex   1.790369e-03 -9.233565e-02 5.539630e-01
      vertex   -3.837583e-03 -3.935423e-02 6.203336e-01
    endloop
  endfacet
  facet normal -7.915707e-01 -5.320966e-01 -3.004814e-01
    outer loop
      vertex   -1.288873e-01 -1.165024e-01 4.724255e-01
      vertex   -1.661108e-01 -7.546820e-02 4.978208e-01
      vertex   -1.247859e-01 -1.077524e-01 4.461264e-01
    endloop
  endfacet
  facet normal -8.723659e-01 4.869432e-01 4.317543e-02
    outer loop
      vertex   -1.533837e-01 -1.133019e-02 2.114165e-01
      vertex   -1.435344e-01 1.260825e-03 2.684191e-01
      vertex   -1.283704e-01 3.309589e-02 2.157669e-01
    endloop
  endfacet
  facet normal 6.125511e-02 8.885827e-01 4.546081e-01
    outer loop
      vertex   2.601769e-02 1.253238e-01 5.019057e-02
      vertex   -5.241912e-02 1.210186e-01 6.917433e-02
      vertex   1.612246e-02 9.801226e-02 1.049074e-01
    endloop
  endfacet
  facet normal -6.412623e-02 2.787641e-01 -9.582162e-01
    outer loop
      vertex   1.321348e-03 -7.256510e-02 -7.548167e-02
      vertex   -1.105195e-02 -7.763531e-02 -7.612865e-02
      vertex   -9.548485e-04 -7.025074e-02 -7.465605e-02
    endloop
  endfacet
  facet normal -1.280890e-01 3.594638e-01 -9.243262e-01
    outer loop
      vertex   -9.548485e-04 -7.025074e-02 -7.465605e-02
      vertex   -1.105195e-02 -7.763531e-02 -7.612865e-02
      vertex   -1.397599e-03 -7.009383e-02 -7.453368e-02
    endloop
  endfacet
  facet normal -1.014725e-01 3.656892e-01 -9.251890e-01
    outer loop
      vertex   -9.643926e-04 -7.469983e-02 -7.607475e-02
      vertex   -1.105195e-02 -7.763531e-02 -7.612865e-02
      vertex   1.321348e-03 -7.256510e-02 -7.548167e-02
    endloop
  endfacet
  facet normal 1.026570e-02 -1.692139e-02 -9.998041e-01
    outer loop
      vertex   -1.006391e-03 -7.502103e-02 -7.606975e-02
      vertex   -1.105195e-02 -7.763531e-02 -7.612865e-02
      vertex   -9.643926e-04 -7.469983e-02 -7.607475e-02
    endloop
  endfacet
  facet normal -7.122732e-02 2.951620e-01 -9.527886e-01
    outer loop
      vertex   1.964469e-04 -7.725955e-02 -7.685313e-02
      vertex   -1.105195e-02 -7.763531e-02 -7.612865e-02
      vertex   -1.006391e-03 -7.502103e-02 -7.606975e-02
    endloop
  endfacet
  facet normal 4.196098e-02 -9.774861e-01 2.067854e-01
    outer loop
      vertex   -3.651498e-02 -1.433930e-01 4.894359e-01
      vertex   -5.562786e-03 -1.543240e-01 4.314837e-01
      vertex   3.527799e-02 -1.451950e-01 4.663495e-01
    endloop
  endfacet
  facet normal 7.227942e-02 -9.514993e-01 2.990397e-01
    outer loop
      vertex   -3.651498e-02 -1.433930e-01 4.894359e-01
      vertex   3.527799e-02 -1.451950e-01 4.663495e-01
      vertex   1.036804e-02 -1.346614e-01 5.058869e-01
    endloop
  endfacet
  facet normal -3.315386e-01 -9.286234e-01 -1.665557e-01
    outer loop
      vertex   -1.307704e-02 -1.087812e-01 7.942411e-01
      vertex   -2.790905e-02 -1.007643e-01 7.790677e-01
      vertex   -3.584537e-03 -1.074933e-01 7.681653e-01
    endloop
  endfacet
  facet normal -2.816092e-02 -2.014790e-01 -9.790879e-01
    outer loop
      vertex   -3.584537e-03 -1.074933e-01 7.681653e-01
      vertex   -5.239543e-03 -1.064018e-01 7.679883e-01
      vertex   4.693666e-03 -1.067375e-01 7.677717e-01
    endloop
  endfacet
  facet normal 2.575387e-02 -8.794814e-01 -4.752359e-01
    outer loop
      vertex   4.128129e-03 -1.072827e-01 7.681935e-01
      vertex   1.324916e-02 -1.093442e-01 7.725029e-01
      vertex   -3.584537e-03 -1.074933e-01 7.681653e-01
    endloop
  endfacet
  facet normal -1.808844e-01 -3.937255e-01 -9.012553e-01
    outer loop
      vertex   -1.135542e-02 -1.052181e-01 7.686987e-01
      vertex   -1.918747e-02 -9.978002e-02 7.678949e-01
      vertex   -5.239543e-03 -1.064018e-01 7.679883e-01
    endloop
  endfacet
  facet normal 6.955223e-02 5.335350e-01 -8.429133e-01
    outer loop
      vertex   -8.269912e-02 1.056375e-02 8.621687e-01
      vertex   -8.068114e-02 3.790708e-04 8.558887e-01
      vertex   -8.250667e-02 2.496727e-03 8.570785e-01
    endloop
  endfacet
  facet normal -9.114021e-01 -3.485453e-01 -2.187746e-01
    outer loop
      vertex   -7.787415e-02 -3.210669e-03 8.471482e-01
      vertex   -7.797507e-02 -3.152661e-03 8.474762e-01
      vertex   -7.751466e-02 -2.555588e-03 8.446069e-01
    endloop
  endfacet
  facet normal -3.911600e-01 8.513127e-01 3.496576e-01
    outer loop
      vertex   -7.782256e-02 -1.229442e-03 8.410337e-01
      vertex   -7.787359e-02 -1.454750e-03 8.415252e-01
      vertex   -7.751466e-02 -2.555588e-03 8.446069e-01
    endloop
  endfacet
  facet normal -6.641444e-01 -7.035064e-01 -2.529644e-01
    outer loop
      vertex   -8.692535e-02 6.447608e-03 8.442759e-01
      vertex   -7.751466e-02 -2.555588e-03 8.446069e-01
      vertex   -7.797507e-02 -3.152661e-03 8.474762e-01
    endloop
  endfacet
  facet normal 1.832298e-02 -9.950931e-01 -9.723140e-02
    outer loop
      vertex   -8.906960e-02 9.554194e-03 8.120781e-01
      vertex   -7.898453e-02 8.598631e-03 8.237581e-01
      vertex   -8.692535e-02 6.447608e-03 8.442759e-01
    endloop
  endfacet
  facet normal -6.160498e-01 7.868194e-01 -3.738810e-02
    outer loop
      vertex   -7.929455e-02 -3.154355e-03 8.176710e-01
      vertex   -7.722475e-02 -7.358947e-04 8.344622e-01
      vertex   -7.555179e-02 5.072751e-04 8.330586e-01
    endloop
  endfacet
  facet normal -1.183283e-01 -6.073166e-01 7.855985e-01
    outer loop
      vertex   -1.239833e-01 2.500683e-02 6.621456e-01
      vertex   -1.817087e-01 2.167337e-02 6.508739e-01
      vertex   -8.514219e-02 -5.814800e-03 6.441688e-01
    endloop
  endfacet
  facet normal 2.845384e-02 8.286602e-01 5.590283e-01
    outer loop
      vertex   -4.624750e-02 8.063456e-02 1.338413e-01
      vertex   5.199391e-03 7.679855e-02 1.369090e-01
      vertex   1.612246e-02 9.801226e-02 1.049074e-01
    endloop
  endfacet
  facet normal -6.019756e-01 4.148549e-01 6.822909e-01
    outer loop
      vertex   -3.155259e-01 8.288465e-02 5.020874e-01
      vertex   -2.653822e-01 1.038181e-01 5.336002e-01
      vertex   -2.876091e-01 1.096326e-01 5.104544e-01
    endloop
  endfacet
  facet normal -9.550719e-01 1.316589e-01 2.655252e-01
    outer loop
      vertex   -2.745482e-01 -1.835220e-02 -8.221277e-01
      vertex   -2.719281e-01 4.032170e-02 -8.417965e-01
      vertex   -2.827709e-01 -1.798778e-04 -8.607148e-01
    endloop
  endfacet
  facet normal 4.601627e-01 -5.281917e-01 -7.136272e-01
    outer loop
      vertex   -6.395189e-01 2.501924e-02 7.800618e-02
      vertex   -6.372855e-01 -9.881275e-03 1.052780e-01
      vertex   -6.472256e-01 1.006273e-02 8.410683e-02
    endloop
  endfacet
  facet normal 8.113143e-02 -1.108204e-02 -9.966418e-01
    outer loop
      vertex   -6.472256e-01 1.006273e-02 8.410683e-02
      vertex   -6.506610e-01 -1.694874e-02 8.412752e-02
      vertex   -6.618092e-01 9.663672e-03 8.292409e-02
    endloop
  endfacet
  facet normal -6.347933e-01 -7.418609e-01 -2.160552e-01
    outer loop
      vertex   -9.662452e-04 -1.315419e-01 7.957525e-01
      vertex   2.482306e-03 -1.369790e-01 8.042896e-01
      vertex   -1.300738e-02 -1.227440e-01 8.009217e-01
    endloop
  endfacet
  facet normal -5.016663e-01 -8.649458e-01 1.413241e-02
    outer loop
      vertex   -1.406205e-02 -1.085401e-01 7.947046e-01
      vertex   -4.964104e-02 -8.770623e-02 8.068307e-01
      vertex   -2.790905e-02 -1.007643e-01 7.790677e-01
    endloop
  endfacet
  facet normal -6.953882e-01 -6.831557e-01 -2.230102e-01
    outer loop
      vertex   -2.790905e-02 -1.007643e-01 7.790677e-01
      vertex   -4.964104e-02 -8.770623e-02 8.068307e-01
      vertex   -4.611815e-02 -7.522891e-02 7.576234e-01
    endloop
  endfacet
  facet normal -7.123122e-01 3.154354e-02 7.011535e-01
    outer loop
      vertex   -4.870600e-02 -8.423396e-02 8.462615e-01
      vertex   -4.655427e-02 -9.005401e-02 8.487093e-01
      vertex   -4.842326e-02 -8.437626e-02 8.465551e-01
    endloop
  endfacet
  facet normal 2.726919e-01 -2.490997e-01 -9.292946e-01
    outer loop
      vertex   -4.842326e-02 -8.437626e-02 8.465551e-01
      vertex   -4.956754e-02 -8.739578e-02 8.470288e-01
      vertex   -5.072438e-02 -8.602826e-02 8.463227e-01
    endloop
  endfacet
  facet normal -5.333534e-01 -7.723188e-01 -3.450475e-01
    outer loop
      vertex   -4.861702e-02 -8.832499e-02 8.477807e-01
      vertex   -5.273872e-02 -8.930149e-02 8.563375e-01
      vertex   -5.083267e-02 -8.624930e-02 8.465595e-01
    endloop
  endfacet
  facet normal -6.392626e-01 -7.581295e-01 -1.287749e-01
    outer loop
      vertex   -4.956754e-02 -8.739578e-02 8.470288e-01
      vertex   -4.861702e-02 -8.832499e-02 8.477807e-01
      vertex   -5.083267e-02 -8.624930e-02 8.465595e-01
    endloop
  endfacet
  facet normal -2.994261e-01 -6.253426e-01 -7.206182e-01
    outer loop
      vertex   -5.072438e-02 -8.602826e-02 8.463227e-01
      vertex   -4.956754e-02 -8.739578e-02 8.470288e-01
      vertex   -5.083267e-02 -8.624930e-02 8.465595e-01
    endloop
  endfacet
  facet normal 3.180543e-01 -7.131972e-02 -9.453861e-01
    outer loop
      vertex   -4.921904e-02 -8.423630e-02 8.463801e-01
      vertex   -5.083062e-02 -8.508986e-02 8.459024e-01
      vertex   -5.171595e-02 -8.422793e-02 8.455395e-01
    endloop
  endfacet
  facet normal 4.245994e-01 -3.296672e-01 -8.432289e-01
    outer loop
      vertex   -4.921904e-02 -8.423630e-02 8.463801e-01
      vertex   -5.072438e-02 -8.602826e-02 8.463227e-01
      vertex   -5.083062e-02 -8.508986e-02 8.459024e-01
    endloop
  endfacet
  facet normal -3.511356e-01 2.497189e-01 9.024103e-01
    outer loop
      vertex   -4.655427e-02 -9.005401e-02 8.487093e-01
      vertex   -4.870600e-02 -8.423396e-02 8.462615e-01
      vertex   -5.189741e-02 -8.286970e-02 8.446422e-01
    endloop
  endfacet
  facet normal 2.740052e-01 -5.043702e-01 -8.188601e-01
    outer loop
      vertex   -4.921904e-02 -8.423630e-02 8.463801e-01
      vertex   -5.171595e-02 -8.422793e-02 8.455395e-01
      vertex   -5.189741e-02 -8.286970e-02 8.446422e-01
    endloop
  endfacet
  facet normal -9.394369e-01 -2.672544e-01 -2.145539e-01
    outer loop
      vertex   -5.189741e-02 -8.286970e-02 8.446422e-01
      vertex   -5.171595e-02 -8.422793e-02 8.455395e-01
      vertex   -5.273872e-02 -8.930149e-02 8.563375e-01
    endloop
  endfacet
  facet normal -3.948013e-02 -4.218918e-01 -9.057862e-01
    outer loop
      vertex   -5.083062e-02 -8.508986e-02 8.459024e-01
      vertex   -5.101471e-02 -8.570355e-02 8.461962e-01
      vertex   -5.171595e-02 -8.422793e-02 8.455395e-01
    endloop
  endfacet
  facet normal 3.019976e-01 -9.292860e-01 -2.126618e-01
    outer loop
      vertex   -6.021272e-01 -1.092993e-01 5.680458e-02
      vertex   -5.894511e-01 -1.059820e-01 6.030965e-02
      vertex   -5.947304e-01 -1.112404e-01 7.579073e-02
    endloop
  endfacet
  facet normal -7.593746e-01 5.951538e-01 -2.629490e-01
    outer loop
      vertex   -6.908924e-01 -5.271748e-02 9.286745e-02
      vertex   -6.920570e-01 -5.440672e-02 9.240736e-02
      vertex   -6.881708e-01 -3.958584e-02 1.147296e-01
    endloop
  endfacet
  facet normal 4.617198e-01 -3.115150e-01 -8.305258e-01
    outer loop
      vertex   -6.837052e-01 -7.500641e-02 3.706680e-03
      vertex   -6.909829e-01 -8.228425e-02 2.390518e-03
      vertex   -6.953719e-01 -7.472460e-02 -2.884995e-03
    endloop
  endfacet
endsolid
