/*--------------------------------*- C++ -*----------------------------------*\
  =========                 |
  \\      /  F ield         | OpenFOAM: The Open Source CFD Toolbox
   \\    /   O peration     | Website:  https://openfoam.org
    \\  /    A nd           | Version:  12
     \\/     M anipulation  |
\*---------------------------------------------------------------------------*/
/*   Windows 32 and 64 bit porting by blueCAPE: http://www.bluecape.com.pt   *\
|  Based on Windows porting (2.0.x v4) by Symscape: http://www.symscape.com   |
\*---------------------------------------------------------------------------*/
FoamFile
{
    format      ascii;
    class       volScalarField;
    location    "500";
    object      omega;
}
// * * * * * * * * * * * * * * * * * * * * * * * * * * * * * * * * * * * * * //

dimensions      [0 0 -1 0 0 0 0];

internalField   nonuniform List<scalar> 
64000
(
3.80987
3.78364
3.75708
3.73043
3.70368
3.6768
3.64978
3.62259
3.59523
3.56767
3.53989
3.51188
3.48361
3.45507
3.42622
3.39706
3.36757
3.33771
3.30747
3.27683
3.24576
3.21424
3.18224
3.14974
3.11671
3.08312
3.05086
3.0221
2.99677
2.97475
2.95591
2.9401
2.92712
2.91677
2.90881
2.90298
2.899
2.89655
2.89531
2.8949
3.81155
3.78522
3.75857
3.73183
3.70498
3.678
3.65088
3.6236
3.59613
3.56847
3.54058
3.51246
3.48408
3.45542
3.42647
3.39719
3.36757
3.3376
3.30724
3.27647
3.24527
3.21362
3.18148
3.14884
3.11567
3.08193
3.05004
3.0216
2.99655
2.97478
2.95614
2.94049
2.92764
2.91737
2.90946
2.90365
2.89967
2.8972
2.89591
2.89545
3.81144
3.78509
3.75842
3.73166
3.7048
3.6778
3.65066
3.62336
3.59588
3.5682
3.5403
3.51216
3.48377
3.4551
3.42613
3.39684
3.36721
3.33722
3.30685
3.27608
3.24487
3.21321
3.18107
3.14842
3.11524
3.0815
3.0496
3.02116
2.9961
2.97432
2.95567
2.94001
2.92713
2.91685
2.90892
2.9031
2.89909
2.8966
2.89529
2.8948
3.81135
3.785
3.75833
3.73156
3.70469
3.67769
3.65055
3.62324
3.59576
3.56808
3.54017
3.51203
3.48363
3.45496
3.42599
3.3967
3.36707
3.33707
3.3067
3.27592
3.24471
3.21304
3.1809
3.14825
3.11507
3.08132
3.04943
3.02098
2.99592
2.97414
2.95549
2.93982
2.92694
2.91665
2.90872
2.90289
2.89889
2.89639
2.89509
2.8946
3.81139
3.78504
3.75836
3.7316
3.70473
3.67773
3.65058
3.62328
3.59579
3.56811
3.5402
3.51206
3.48366
3.45498
3.42601
3.39672
3.36709
3.3371
3.30672
3.27594
3.24473
3.21306
3.18092
3.14827
3.11508
3.08133
3.04944
3.02099
2.99593
2.97414
2.95549
2.93982
2.92694
2.91665
2.90872
2.90289
2.89888
2.89639
2.89508
2.89459
3.81152
3.78517
3.7585
3.73173
3.70486
3.67786
3.65071
3.62341
3.59592
3.56824
3.54033
3.51219
3.48379
3.45511
3.42614
3.39685
3.36722
3.33722
3.30685
3.27607
3.24485
3.21319
3.18104
3.14839
3.11521
3.08146
3.04956
3.02112
2.99605
2.97427
2.95562
2.93994
2.92707
2.91678
2.90884
2.90301
2.899
2.89651
2.8952
2.89471
3.81171
3.78536
3.75868
3.73192
3.70504
3.67804
3.6509
3.62359
3.5961
3.56842
3.54051
3.51237
3.48397
3.45529
3.42632
3.39703
3.3674
3.3374
3.30703
3.27625
3.24503
3.21337
3.18122
3.14857
3.11539
3.08164
3.04974
3.0213
2.99624
2.97445
2.9558
2.94012
2.92724
2.91695
2.90902
2.90319
2.89918
2.89668
2.89537
2.89488
3.81193
3.78559
3.75891
3.73214
3.70527
3.67827
3.65112
3.62382
3.59633
3.56865
3.54074
3.5126
3.4842
3.45552
3.42655
3.39726
3.36763
3.33764
3.30726
3.27648
3.24527
3.2136
3.18146
3.14881
3.11562
3.08188
3.04998
3.02153
2.99647
2.97468
2.95603
2.94036
2.92748
2.91719
2.90925
2.90342
2.89941
2.89691
2.8956
2.89511
3.81218
3.78584
3.75916
3.73239
3.70552
3.67852
3.65138
3.62407
3.59659
3.5689
3.541
3.51285
3.48446
3.45578
3.42681
3.39752
3.36789
3.3379
3.30752
3.27674
3.24553
3.21387
3.18172
3.14907
3.11589
3.08214
3.05025
3.0218
2.99674
2.97495
2.9563
2.94063
2.92775
2.91746
2.90952
2.90369
2.89968
2.89718
2.89587
2.89539
3.8124
3.78606
3.75938
3.73262
3.70574
3.67874
3.6516
3.6243
3.59681
3.56913
3.54122
3.51308
3.48468
3.45601
3.42704
3.39775
3.36812
3.33813
3.30776
3.27698
3.24577
3.2141
3.18196
3.14931
3.11613
3.08238
3.05049
3.02204
2.99698
2.97519
2.95654
2.94087
2.92799
2.9177
2.90977
2.90393
2.89992
2.89742
2.89611
2.89563
3.81253
3.78618
3.75951
3.73274
3.70587
3.67887
3.65173
3.62442
3.59694
3.56925
3.54135
3.51321
3.48481
3.45614
3.42717
3.39788
3.36825
3.33826
3.30789
3.27711
3.2459
3.21424
3.1821
3.14945
3.11627
3.08252
3.05062
3.02218
2.99712
2.97533
2.95668
2.941
2.92812
2.91783
2.9099
2.90406
2.90005
2.89755
2.89624
2.89576
3.81253
3.78618
3.75951
3.73274
3.70587
3.67887
3.65173
3.62442
3.59694
3.56925
3.54135
3.51321
3.48481
3.45614
3.42717
3.39788
3.36825
3.33826
3.30789
3.27711
3.2459
3.21424
3.1821
3.14945
3.11627
3.08252
3.05062
3.02218
2.99712
2.97533
2.95668
2.941
2.92812
2.91783
2.90989
2.90406
2.90004
2.89755
2.89624
2.89575
3.81241
3.78606
3.75939
3.73262
3.70575
3.67875
3.65161
3.6243
3.59682
3.56913
3.54123
3.51309
3.48469
3.45602
3.42705
3.39776
3.36813
3.33814
3.30777
3.27699
3.24578
3.21412
3.18197
3.14933
3.11615
3.0824
3.0505
3.02206
2.99699
2.9752
2.95655
2.94088
2.92799
2.9177
2.90977
2.90393
2.89992
2.89742
2.89611
2.89562
3.81218
3.78583
3.75916
3.73239
3.70552
3.67852
3.65138
3.62407
3.59659
3.5689
3.541
3.51286
3.48446
3.45579
3.42681
3.39752
3.36789
3.33791
3.30753
3.27675
3.24554
3.21388
3.18173
3.14909
3.1159
3.08216
3.05026
3.02182
2.99675
2.97496
2.95631
2.94063
2.92775
2.91745
2.90952
2.90369
2.89967
2.89718
2.89586
2.89537
3.81184
3.78549
3.75881
3.73205
3.70517
3.67817
3.65103
3.62372
3.59624
3.56855
3.54065
3.5125
3.48411
3.45543
3.42646
3.39717
3.36754
3.33755
3.30717
3.27639
3.24518
3.21351
3.18137
3.14872
3.11554
3.08179
3.04989
3.02145
2.99638
2.97459
2.95594
2.94026
2.92738
2.91708
2.90915
2.90331
2.8993
2.8968
2.89548
2.89499
3.81141
3.78506
3.75838
3.73161
3.70474
3.67774
3.65059
3.62328
3.5958
3.56811
3.5402
3.51206
3.48366
3.45498
3.42601
3.39672
3.36708
3.33709
3.30672
3.27593
3.24472
3.21305
3.18091
3.14826
3.11507
3.08133
3.04943
3.02098
2.99592
2.97412
2.95547
2.93979
2.92691
2.91661
2.90868
2.90284
2.89882
2.89632
2.895
2.89451
3.81096
3.78462
3.75794
3.73117
3.70429
3.67729
3.65014
3.62283
3.59534
3.56765
3.53975
3.5116
3.4832
3.45452
3.42555
3.39625
3.36662
3.33663
3.30625
3.27547
3.24425
3.21258
3.18044
3.14779
3.1146
3.08085
3.04895
3.02051
2.99544
2.97365
2.95499
2.93932
2.92643
2.91614
2.9082
2.90236
2.89834
2.89584
2.89452
2.89403
3.81057
3.78422
3.75754
3.73077
3.70389
3.67689
3.64974
3.62243
3.59494
3.56725
3.53934
3.5112
3.4828
3.45412
3.42514
3.39585
3.36622
3.33622
3.30585
3.27506
3.24385
3.21218
3.18003
3.14738
3.1142
3.08045
3.04855
3.0201
2.99504
2.97324
2.95459
2.93891
2.92603
2.91573
2.90779
2.90195
2.89793
2.89543
2.89412
2.89362
3.81021
3.78386
3.75718
3.73041
3.70353
3.67653
3.64938
3.62207
3.59458
3.56689
3.53898
3.51084
3.48244
3.45376
3.42478
3.39549
3.36585
3.33586
3.30548
3.2747
3.24348
3.21181
3.17966
3.14701
3.11383
3.08008
3.04818
3.01973
2.99467
2.97288
2.95422
2.93854
2.92566
2.91536
2.90742
2.90158
2.89756
2.89506
2.89374
2.89325
3.80985
3.7835
3.75682
3.73005
3.70317
3.67617
3.64902
3.62171
3.59422
3.56652
3.53861
3.51047
3.48207
3.45339
3.42441
3.39511
3.36548
3.33548
3.3051
3.27432
3.2431
3.21143
3.17928
3.14663
3.11344
3.07969
3.04779
3.01935
2.99428
2.97249
2.95383
2.93815
2.92527
2.91497
2.90703
2.90118
2.89717
2.89467
2.89335
2.89285
3.80949
3.78314
3.75645
3.72968
3.7028
3.6758
3.64865
3.62134
3.59385
3.56615
3.53824
3.5101
3.48169
3.45301
3.42403
3.39473
3.3651
3.3351
3.30472
3.27394
3.24272
3.21105
3.1789
3.14625
3.11306
3.07931
3.04741
3.01896
2.99389
2.9721
2.95344
2.93776
2.92488
2.91458
2.90663
2.90079
2.89677
2.89427
2.89295
2.89246
3.80914
3.78279
3.75611
3.72934
3.70246
3.67545
3.6483
3.62099
3.5935
3.5658
3.53789
3.50975
3.48134
3.45266
3.42368
3.39438
3.36474
3.33475
3.30437
3.27358
3.24237
3.2107
3.17855
3.14589
3.11271
3.07896
3.04705
3.01861
2.99354
2.97175
2.95309
2.93741
2.92452
2.91423
2.90628
2.90044
2.89643
2.89393
2.8926
2.89211
3.80878
3.78242
3.75574
3.72897
3.70209
3.67508
3.64793
3.62062
3.59313
3.56544
3.53753
3.50938
3.48097
3.45229
3.42331
3.39401
3.36438
3.33438
3.304
3.27322
3.242
3.21033
3.17818
3.14553
3.11235
3.0786
3.0467
3.01825
2.99319
2.9714
2.95274
2.93706
2.92417
2.91388
2.90594
2.9001
2.89608
2.89359
2.89226
2.89177
3.80833
3.78198
3.7553
3.72853
3.70165
3.67464
3.64749
3.62018
3.59268
3.56499
3.53708
3.50893
3.48052
3.45184
3.42286
3.39356
3.36392
3.33393
3.30355
3.27277
3.24155
3.20988
3.17773
3.14508
3.1119
3.07815
3.04625
3.01781
2.99274
2.97094
2.95229
2.93661
2.92372
2.91343
2.90549
2.89965
2.89564
2.89314
2.89182
2.89133
3.80783
3.78147
3.75479
3.72801
3.70113
3.67412
3.64697
3.61966
3.59216
3.56447
3.53655
3.5084
3.48
3.45131
3.42233
3.39303
3.36339
3.33339
3.30301
3.27223
3.24101
3.20934
3.17719
3.14454
3.11135
3.0776
3.0457
3.01726
2.99219
2.97039
2.95173
2.93605
2.92317
2.91288
2.90494
2.8991
2.89508
2.89259
2.89126
2.89077
3.80736
3.78101
3.75432
3.72754
3.70066
3.67365
3.64649
3.61918
3.59168
3.56398
3.53607
3.50792
3.47951
3.45082
3.42184
3.39253
3.36289
3.33289
3.30251
3.27172
3.2405
3.20883
3.17668
3.14402
3.11084
3.07709
3.04518
3.01673
2.99166
2.96986
2.9512
2.93552
2.92264
2.91235
2.90441
2.89856
2.89454
2.89204
2.89072
2.89023
3.80713
3.78077
3.75408
3.7273
3.70042
3.67341
3.64625
3.61893
3.59143
3.56374
3.53582
3.50767
3.47926
3.45057
3.42159
3.39228
3.36264
3.33264
3.30226
3.27147
3.24025
3.20857
3.17642
3.14377
3.11058
3.07683
3.04492
3.01647
2.9914
2.9696
2.95094
2.93526
2.92238
2.91208
2.90413
2.89828
2.89427
2.89177
2.89044
2.88995
3.80722
3.78086
3.75418
3.7274
3.70052
3.67351
3.64636
3.61904
3.59154
3.56385
3.53593
3.50778
3.47938
3.45069
3.42171
3.39241
3.36277
3.33277
3.30239
3.2716
3.24039
3.20872
3.17657
3.14392
3.11073
3.07698
3.04508
3.01663
2.99156
2.96976
2.95111
2.93543
2.92255
2.91225
2.90431
2.89846
2.89445
2.89195
2.89062
2.89014
3.80738
3.78103
3.75435
3.72758
3.7007
3.67369
3.64655
3.61923
3.59174
3.56405
3.53614
3.50799
3.47959
3.45091
3.42193
3.39264
3.363
3.33301
3.30263
3.27185
3.24064
3.20897
3.17683
3.14418
3.111
3.07725
3.04535
3.01691
2.99185
2.97006
2.95141
2.93574
2.92286
2.91257
2.90462
2.89878
2.89478
2.89229
2.89096
2.89048
3.8071
3.78075
3.75407
3.7273
3.70042
3.67341
3.64626
3.61895
3.59146
3.56377
3.53586
3.50771
3.47931
3.45063
3.42165
3.39236
3.36272
3.33273
3.30235
3.27157
3.24036
3.20869
3.17655
3.1439
3.11072
3.07697
3.04507
3.01663
2.99157
2.96978
2.95113
2.93546
2.92259
2.9123
2.90436
2.89852
2.89452
2.89203
2.89071
2.89023
3.80628
3.77992
3.75324
3.72646
3.69957
3.67256
3.64541
3.61809
3.59059
3.5629
3.53498
3.50683
3.47842
3.44973
3.42075
3.39144
3.3618
3.3318
3.30142
3.27063
3.23941
3.20774
3.17558
3.14293
3.10974
3.07598
3.04408
3.01564
2.99057
2.96877
2.95012
2.93444
2.92156
2.91126
2.90332
2.89748
2.89348
2.89098
2.88965
2.88916
3.80556
3.77919
3.7525
3.72572
3.69883
3.67181
3.64465
3.61733
3.58983
3.56212
3.5342
3.50604
3.47762
3.44893
3.41993
3.39062
3.36097
3.33097
3.30058
3.26978
3.23855
3.20687
3.17471
3.14204
3.10885
3.07509
3.04318
3.01473
2.98965
2.96784
2.94917
2.93348
2.9206
2.9103
2.90235
2.8965
2.89249
2.88998
2.88864
2.88814
3.80558
3.77922
3.75253
3.72575
3.69886
3.67185
3.64469
3.61737
3.58986
3.56216
3.53424
3.50608
3.47767
3.44897
3.41998
3.39067
3.36103
3.33102
3.30064
3.26984
3.23861
3.20693
3.17477
3.14211
3.10892
3.07516
3.04325
3.0148
2.98972
2.96791
2.94924
2.93355
2.92067
2.91037
2.90241
2.89656
2.89254
2.89003
2.88869
2.8882
3.80611
3.77976
3.75307
3.7263
3.69942
3.67242
3.64527
3.61796
3.59047
3.56278
3.53487
3.50672
3.47832
3.44964
3.42066
3.39136
3.36173
3.33174
3.30137
3.27058
3.23937
3.2077
3.17556
3.14291
3.10973
3.07598
3.04409
3.01564
2.99057
2.96878
2.95012
2.93445
2.92157
2.91128
2.90333
2.89748
2.89347
2.89097
2.88964
2.88916
3.80592
3.77957
3.75289
3.72612
3.69924
3.67223
3.64509
3.61778
3.59029
3.5626
3.5347
3.50655
3.47815
3.44947
3.4205
3.39121
3.36158
3.33159
3.30121
3.27043
3.23922
3.20755
3.17541
3.14276
3.10959
3.07584
3.04395
3.01551
2.99044
2.96865
2.95001
2.93434
2.92147
2.91119
2.90324
2.8974
2.8934
2.89091
2.88958
2.8891
3.80475
3.77839
3.75169
3.72491
3.69802
3.671
3.64384
3.61652
3.58902
3.56132
3.5334
3.50524
3.47682
3.44813
3.41914
3.38983
3.36018
3.33017
3.29978
3.26898
3.23775
3.20607
3.17392
3.14125
3.10806
3.0743
3.04239
3.01394
2.98887
2.96706
2.9484
2.93273
2.91985
2.90955
2.9016
2.89576
2.89175
2.88925
2.88792
2.88743
3.80431
3.77794
3.75125
3.72447
3.69757
3.67056
3.6434
3.61609
3.58859
3.56088
3.53296
3.5048
3.47639
3.4477
3.41871
3.3894
3.35976
3.32976
3.29937
3.26858
3.23736
3.20568
3.17353
3.14087
3.10768
3.07393
3.04202
3.01357
2.9885
2.96669
2.94803
2.93235
2.91947
2.90917
2.90122
2.89538
2.89137
2.88889
2.88757
2.88708
3.80464
3.77828
3.75159
3.72482
3.69794
3.67093
3.64378
3.61647
3.58898
3.56128
3.53337
3.50522
3.47682
3.44814
3.41917
3.38987
3.36024
3.33024
3.29987
3.26909
3.23787
3.20621
3.17406
3.14141
3.10823
3.07448
3.04258
3.01413
2.98907
2.96727
2.94861
2.93293
2.92004
2.90974
2.90179
2.89594
2.89194
2.88947
2.88812
2.88762
3.80495
3.77858
3.75189
3.7251
3.69821
3.6712
3.64404
3.61672
3.58921
3.56151
3.53359
3.50543
3.47701
3.44832
3.41932
3.39001
3.36036
3.33034
3.29995
3.26914
3.23791
3.20622
3.17406
3.14139
3.10818
3.07441
3.0425
3.01404
2.98896
2.96716
2.94849
2.93281
2.91993
2.90964
2.9017
2.89586
2.89186
2.88937
2.88803
2.88759
3.80671
3.78039
3.75376
3.72703
3.7002
3.67324
3.64614
3.61888
3.59144
3.5638
3.53594
3.50785
3.4795
3.45087
3.42195
3.39271
3.36313
3.3332
3.30288
3.27216
3.24101
3.2094
3.17732
3.14474
3.11162
3.07794
3.0456
3.01675
2.99132
2.96921
2.95027
2.93436
2.92129
2.91084
2.90276
2.89681
2.89273
2.89019
2.88883
2.88832
3.81629
3.78998
3.76343
3.73679
3.71006
3.6832
3.65621
3.62907
3.60175
3.57424
3.54652
3.51857
3.49038
3.46191
3.43315
3.40409
3.3747
3.34496
3.31485
3.28435
3.25347
3.2222
3.19058
3.15871
3.12687
3.09563
3.06637
3.03992
3.01558
2.99407
2.97568
2.96024
2.94757
2.93747
2.9297
2.92402
2.92014
2.91776
2.91658
2.91626
3.81851
3.79211
3.76546
3.73872
3.71189
3.68493
3.65784
3.63058
3.60316
3.57554
3.54771
3.51965
3.49133
3.46275
3.43387
3.40469
3.37517
3.3453
3.31506
3.28444
3.25342
3.22202
3.19027
3.15831
3.1264
3.0952
3.06622
3.03996
3.01567
2.99439
2.97619
2.96089
2.94833
2.9383
2.93056
2.92485
2.92089
2.91829
2.91658
2.9149
3.81864
3.79221
3.76554
3.73879
3.71193
3.68496
3.65784
3.63057
3.60313
3.57549
3.54764
3.51956
3.49123
3.46263
3.43374
3.40454
3.37501
3.34513
3.31488
3.28424
3.25321
3.2218
3.19005
3.15807
3.12615
3.09495
3.06596
3.03969
3.01539
2.9941
2.97588
2.96057
2.94799
2.93793
2.93017
2.92445
2.92045
2.91783
2.91607
2.91432
3.81866
3.79223
3.76556
3.7388
3.71194
3.68496
3.65784
3.63057
3.60312
3.57548
3.54763
3.51954
3.49121
3.4626
3.43371
3.4045
3.37497
3.34508
3.31483
3.28419
3.25316
3.22175
3.18999
3.15801
3.12609
3.09488
3.06589
3.03961
3.01532
2.99402
2.9758
2.96048
2.9479
2.93784
2.93008
2.92434
2.92035
2.91772
2.91595
2.91416
3.81877
3.79234
3.76567
3.73891
3.71204
3.68506
3.65794
3.63067
3.60322
3.57558
3.54772
3.51964
3.4913
3.4627
3.4338
3.40459
3.37506
3.34517
3.31492
3.28428
3.25324
3.22183
3.19007
3.15809
3.12617
3.09496
3.06596
3.03969
3.01539
2.99409
2.97587
2.96055
2.94797
2.93791
2.93014
2.92441
2.92041
2.91777
2.91599
2.91418
3.81895
3.79252
3.76584
3.73908
3.71222
3.68523
3.65811
3.63084
3.60339
3.57575
3.54789
3.5198
3.49147
3.46286
3.43397
3.40476
3.37523
3.34534
3.31508
3.28444
3.25341
3.22199
3.19023
3.15825
3.12633
3.09512
3.06613
3.03985
3.01555
2.99426
2.97603
2.96072
2.94813
2.93807
2.9303
2.92457
2.92057
2.91793
2.91614
2.91431
3.81915
3.79272
3.76605
3.73928
3.71242
3.68544
3.65832
3.63104
3.60359
3.57595
3.54809
3.52001
3.49167
3.46307
3.43417
3.40496
3.37543
3.34554
3.31529
3.28465
3.25361
3.2222
3.19044
3.15845
3.12653
3.09533
3.06633
3.04006
3.01576
2.99446
2.97623
2.96091
2.94833
2.93826
2.9305
2.92476
2.92076
2.91812
2.91632
2.91449
3.81939
3.79296
3.76628
3.73952
3.71266
3.68568
3.65856
3.63128
3.60383
3.57619
3.54833
3.52025
3.49191
3.46331
3.43441
3.40521
3.37567
3.34578
3.31553
3.28489
3.25385
3.22244
3.19068
3.1587
3.12678
3.09557
3.06657
3.0403
3.016
2.9947
2.97647
2.96116
2.94857
2.93851
2.93074
2.92501
2.92101
2.91836
2.91656
2.91472
3.81965
3.79322
3.76654
3.73978
3.71292
3.68593
3.65882
3.63154
3.60409
3.57645
3.54859
3.52051
3.49217
3.46357
3.43468
3.40547
3.37594
3.34605
3.3158
3.28516
3.25413
3.22271
3.19095
3.15897
3.12705
3.09585
3.06685
3.04058
3.01628
2.99498
2.97675
2.96143
2.94885
2.93879
2.93102
2.92529
2.92128
2.91864
2.91684
2.915
3.81987
3.79344
3.76676
3.74
3.71314
3.68616
3.65904
3.63177
3.60432
3.57668
3.54882
3.52074
3.4924
3.4638
3.43491
3.4057
3.37617
3.34628
3.31603
3.28539
3.25436
3.22295
3.19119
3.15921
3.12729
3.09609
3.06709
3.04082
3.01652
2.99522
2.97699
2.96168
2.94909
2.93903
2.93126
2.92553
2.92152
2.91887
2.91708
2.91524
3.82
3.79357
3.76689
3.74013
3.71327
3.68629
3.65917
3.6319
3.60445
3.57681
3.54895
3.52087
3.49253
3.46393
3.43504
3.40583
3.3763
3.34642
3.31617
3.28553
3.2545
3.22309
3.19133
3.15935
3.12743
3.09622
3.06723
3.04095
3.01665
2.99536
2.97713
2.96181
2.94922
2.93916
2.93139
2.92566
2.92165
2.919
2.91721
2.91537
3.82
3.79357
3.76689
3.74013
3.71327
3.68629
3.65917
3.6319
3.60445
3.57681
3.54895
3.52087
3.49254
3.46393
3.43504
3.40584
3.3763
3.34642
3.31617
3.28553
3.2545
3.22309
3.19133
3.15935
3.12743
3.09623
3.06723
3.04096
3.01666
2.99536
2.97713
2.96181
2.94922
2.93916
2.93139
2.92565
2.92164
2.919
2.91721
2.91536
3.81988
3.79345
3.76677
3.74001
3.71315
3.68617
3.65905
3.63178
3.60433
3.57669
3.54883
3.52075
3.49242
3.46381
3.43492
3.40572
3.37618
3.3463
3.31605
3.28541
3.25438
3.22296
3.19121
3.15923
3.12731
3.0961
3.0671
3.04083
3.01653
2.99523
2.977
2.96169
2.94909
2.93903
2.93126
2.92552
2.92152
2.91887
2.91708
2.91523
3.81965
3.79322
3.76654
3.73978
3.71292
3.68594
3.65882
3.63155
3.6041
3.57645
3.5486
3.52052
3.49218
3.46358
3.43469
3.40548
3.37595
3.34606
3.31581
3.28517
3.25414
3.22273
3.19097
3.15899
3.12707
3.09586
3.06686
3.04059
3.01629
2.99499
2.97676
2.96144
2.94885
2.93878
2.93102
2.92528
2.92127
2.91863
2.91683
2.91499
3.81931
3.79288
3.7662
3.73944
3.71257
3.68559
3.65847
3.6312
3.60375
3.5761
3.54825
3.52017
3.49183
3.46323
3.43433
3.40512
3.37559
3.34571
3.31545
3.28481
3.25378
3.22236
3.1906
3.15862
3.1267
3.0955
3.0665
3.04023
3.01592
2.99462
2.97639
2.96107
2.94848
2.93841
2.93065
2.92491
2.9209
2.91826
2.91646
2.91461
3.81888
3.79245
3.76577
3.739
3.71214
3.68516
3.65804
3.63076
3.60331
3.57566
3.54781
3.51972
3.49138
3.46278
3.43388
3.40467
3.37514
3.34525
3.315
3.28436
3.25332
3.2219
3.19014
3.15816
3.12624
3.09503
3.06603
3.03976
3.01546
2.99415
2.97592
2.9606
2.94801
2.93795
2.93018
2.92444
2.92043
2.91778
2.91598
2.91413
3.81844
3.792
3.76532
3.73856
3.71169
3.68471
3.65759
3.63031
3.60286
3.57521
3.54735
3.51926
3.49093
3.46232
3.43342
3.40421
3.37467
3.34479
3.31453
3.28389
3.25285
3.22143
3.18967
3.15769
3.12577
3.09456
3.06556
3.03929
3.01499
2.99368
2.97545
2.96013
2.94754
2.93748
2.9297
2.92396
2.91995
2.9173
2.9155
2.91365
3.81805
3.79161
3.76493
3.73816
3.7113
3.68431
3.65719
3.62991
3.60246
3.57481
3.54695
3.51886
3.49053
3.46192
3.43302
3.40381
3.37427
3.34439
3.31413
3.28349
3.25245
3.22103
3.18927
3.15729
3.12537
3.09416
3.06516
3.03889
3.01458
2.99328
2.97505
2.95973
2.94714
2.93707
2.9293
2.92355
2.91954
2.91689
2.91509
2.91325
3.81769
3.79126
3.76457
3.73781
3.71094
3.68396
3.65683
3.62955
3.6021
3.57445
3.54659
3.5185
3.49017
3.46156
3.43266
3.40345
3.37391
3.34402
3.31377
3.28312
3.25209
3.22067
3.18891
3.15692
3.125
3.09379
3.06479
3.03852
3.01422
2.99292
2.97468
2.95936
2.94677
2.93671
2.92893
2.92318
2.91917
2.91653
2.91472
2.91288
3.81733
3.7909
3.76421
3.73745
3.71058
3.6836
3.65647
3.62919
3.60173
3.57409
3.54623
3.51814
3.4898
3.46119
3.43229
3.40308
3.37354
3.34365
3.31339
3.28275
3.25171
3.22029
3.18853
3.15654
3.12462
3.09341
3.06441
3.03814
3.01384
2.99253
2.9743
2.95898
2.94638
2.93632
2.92854
2.92279
2.91878
2.91614
2.91433
2.91248
3.81697
3.79053
3.76385
3.73709
3.71022
3.68323
3.65611
3.62882
3.60137
3.57372
3.54586
3.51777
3.48943
3.46082
3.43191
3.4027
3.37316
3.34327
3.31301
3.28237
3.25133
3.21991
3.18815
3.15616
3.12424
3.09303
3.06403
3.03775
3.01345
2.99215
2.97391
2.95859
2.94599
2.93592
2.92815
2.9224
2.91839
2.91574
2.91393
2.91209
3.81663
3.79019
3.76351
3.73674
3.70987
3.68288
3.65576
3.62848
3.60102
3.57337
3.54551
3.51742
3.48908
3.46047
3.43156
3.40235
3.37281
3.34292
3.31266
3.28202
3.25099
3.21956
3.1878
3.15581
3.12389
3.09268
3.06368
3.03741
3.01311
2.9918
2.97357
2.95824
2.94565
2.93558
2.9278
2.92206
2.91805
2.9154
2.91359
2.91175
3.81626
3.78983
3.76314
3.73638
3.70951
3.68252
3.65539
3.62811
3.60065
3.573
3.54514
3.51705
3.48871
3.4601
3.4312
3.40198
3.37244
3.34256
3.3123
3.28166
3.25062
3.2192
3.18744
3.15545
3.12353
3.09233
3.06333
3.03706
3.01275
2.99145
2.97321
2.95789
2.9453
2.93523
2.92746
2.92171
2.91771
2.91506
2.91325
2.91141
3.81582
3.78939
3.7627
3.73593
3.70906
3.68208
3.65495
3.62767
3.60021
3.57256
3.5447
3.5166
3.48826
3.45965
3.43075
3.40153
3.37199
3.34211
3.31185
3.28121
3.25017
3.21875
3.18699
3.15501
3.12308
3.09188
3.06288
3.03661
3.01231
2.991
2.97277
2.95744
2.94485
2.93479
2.92701
2.92127
2.91727
2.91462
2.91281
2.91097
3.81532
3.78888
3.76219
3.73542
3.70855
3.68156
3.65443
3.62715
3.59969
3.57204
3.54417
3.51608
3.48774
3.45912
3.43022
3.40101
3.37146
3.34157
3.31131
3.28067
3.24963
3.21821
3.18645
3.15446
3.12254
3.09134
3.06234
3.03606
3.01176
2.99045
2.97221
2.95689
2.9443
2.93424
2.92646
2.92072
2.91672
2.91406
2.91225
2.91041
3.81485
3.78841
3.76172
3.73495
3.70808
3.68109
3.65395
3.62667
3.59921
3.57155
3.54369
3.51559
3.48725
3.45863
3.42973
3.40051
3.37097
3.34107
3.31081
3.28017
3.24913
3.2177
3.18594
3.15395
3.12203
3.09082
3.06182
3.03554
3.01123
2.98992
2.97168
2.95637
2.94378
2.93371
2.92593
2.92018
2.91618
2.91352
2.91171
2.90987
3.81462
3.78818
3.76149
3.73471
3.70784
3.68084
3.65371
3.62643
3.59896
3.57131
3.54344
3.51535
3.487
3.45839
3.42948
3.40026
3.37072
3.34082
3.31056
3.27991
3.24887
3.21745
3.18568
3.1537
3.12177
3.09056
3.06156
3.03528
3.01097
2.98966
2.97142
2.95611
2.94351
2.93344
2.92566
2.91991
2.9159
2.91325
2.91143
2.90959
3.81471
3.78827
3.76159
3.73482
3.70794
3.68095
3.65382
3.62654
3.59908
3.57142
3.54356
3.51547
3.48712
3.45851
3.42961
3.40039
3.37085
3.34096
3.3107
3.28005
3.24902
3.2176
3.18584
3.15385
3.12193
3.09072
3.06172
3.03544
3.01113
2.98983
2.9716
2.95628
2.94369
2.93362
2.92583
2.92009
2.91609
2.91343
2.91162
2.90978
3.81488
3.78845
3.76176
3.735
3.70813
3.68114
3.65402
3.62674
3.59928
3.57163
3.54377
3.51568
3.48734
3.45873
3.42983
3.40062
3.37108
3.3412
3.31094
3.2803
3.24927
3.21786
3.1861
3.15412
3.1222
3.09099
3.062
3.03572
3.01143
2.99013
2.9719
2.95659
2.944
2.93393
2.92615
2.92041
2.91642
2.91377
2.91196
2.91013
3.8146
3.78816
3.76148
3.73472
3.70785
3.68086
3.65374
3.62645
3.599
3.57135
3.54349
3.5154
3.48706
3.45845
3.42955
3.40034
3.3708
3.34092
3.31066
3.28002
3.24899
3.21758
3.18582
3.15384
3.12192
3.09071
3.06171
3.03545
3.01115
2.98985
2.97163
2.95631
2.94372
2.93366
2.92588
2.92015
2.91616
2.91351
2.91171
2.90986
3.81378
3.78733
3.76065
3.73388
3.707
3.68001
3.65288
3.62559
3.59813
3.57047
3.54261
3.51451
3.48617
3.45755
3.42864
3.39942
3.36988
3.33999
3.30973
3.27908
3.24804
3.21662
3.18485
3.15286
3.12093
3.08972
3.06072
3.03445
3.01014
2.98884
2.9706
2.95528
2.94269
2.93262
2.92485
2.91911
2.91512
2.91246
2.91064
2.90879
3.81305
3.7866
3.75991
3.73313
3.70625
3.67925
3.65211
3.62482
3.59735
3.56969
3.54182
3.51372
3.48536
3.45674
3.42782
3.3986
3.36905
3.33915
3.30888
3.27822
3.24718
3.21574
3.18397
3.15197
3.12004
3.08882
3.05981
3.03353
3.00922
2.9879
2.96965
2.95432
2.94173
2.93166
2.92387
2.91813
2.91413
2.91146
2.90963
2.90778
3.81307
3.78662
3.75993
3.73316
3.70628
3.67928
3.65214
3.62485
3.59739
3.56973
3.54186
3.51375
3.4854
3.45678
3.42786
3.39864
3.36909
3.3392
3.30893
3.27828
3.24723
3.2158
3.18403
3.15204
3.1201
3.08889
3.05988
3.0336
3.00928
2.98796
2.96971
2.95439
2.9418
2.93172
2.92393
2.91818
2.91417
2.9115
2.90968
2.90785
3.81359
3.78715
3.76047
3.7337
3.70684
3.67985
3.65272
3.62544
3.59799
3.57034
3.54248
3.51439
3.48605
3.45744
3.42854
3.39933
3.36979
3.33991
3.30966
3.27902
3.24798
3.21656
3.18481
3.15283
3.12091
3.08971
3.06071
3.03443
3.01013
2.98882
2.97059
2.95527
2.94269
2.93262
2.92483
2.91908
2.91509
2.91244
2.91063
2.9088
3.81338
3.78694
3.76026
3.73349
3.70663
3.67964
3.65252
3.62524
3.59779
3.57015
3.54229
3.5142
3.48586
3.45725
3.42836
3.39915
3.36962
3.33973
3.30948
3.27884
3.2478
3.21639
3.18463
3.15266
3.12074
3.08954
3.06054
3.03427
3.00997
2.98867
2.97045
2.95514
2.94256
2.9325
2.92471
2.91898
2.91499
2.91234
2.91053
2.90869
3.81216
3.78571
3.75902
3.73224
3.70536
3.67836
3.65123
3.62394
3.59647
3.56881
3.54094
3.51283
3.48448
3.45586
3.42694
3.39772
3.36817
3.33826
3.30799
3.27734
3.24629
3.21486
3.18309
3.1511
3.11917
3.08795
3.05894
3.03266
3.00835
2.98704
2.96881
2.95349
2.9409
2.93082
2.92304
2.91729
2.91329
2.91064
2.90884
2.907
3.81165
3.7852
3.7585
3.73173
3.70485
3.67785
3.65072
3.62343
3.59596
3.5683
3.54043
3.51233
3.48398
3.45536
3.42645
3.39723
3.36768
3.33778
3.30752
3.27687
3.24583
3.21441
3.18264
3.15066
3.11873
3.08752
3.05851
3.03223
3.00792
2.98661
2.96838
2.95306
2.94046
2.93039
2.92261
2.91686
2.91287
2.91025
2.90845
2.90664
3.81187
3.78543
3.75874
3.73197
3.7051
3.67811
3.65099
3.62371
3.59625
3.5686
3.54073
3.51264
3.48431
3.4557
3.4268
3.39759
3.36805
3.33817
3.30791
3.27727
3.24624
3.21482
3.18306
3.15108
3.11916
3.08795
3.05895
3.03267
3.00837
2.98706
2.96882
2.9535
2.9409
2.93083
2.92305
2.91731
2.91333
2.91069
2.90887
2.90709
3.81203
3.78558
3.75889
3.7321
3.70522
3.67823
3.65109
3.6238
3.59634
3.56867
3.5408
3.5127
3.48434
3.45572
3.4268
3.39757
3.36801
3.33811
3.30783
3.27717
3.24612
3.21468
3.1829
3.1509
3.11896
3.08773
3.05871
3.03243
3.00812
2.9868
2.96856
2.95323
2.94064
2.93058
2.92281
2.91707
2.91308
2.91043
2.90869
2.90696
3.81361
3.78721
3.76057
3.73385
3.70703
3.68009
3.65302
3.62578
3.59838
3.57078
3.54297
3.51493
3.48665
3.45809
3.42924
3.40009
3.37061
3.34078
3.31058
3.28
3.24902
3.21766
3.18595
3.15399
3.12204
3.09071
3.06135
3.0348
3.01035
2.98873
2.97022
2.95468
2.94191
2.93168
2.92374
2.91788
2.91377
2.91091
2.90869
2.90579
3.78775
3.76154
3.73511
3.70868
3.6822
3.65565
3.62902
3.60228
3.5754
3.54837
3.52116
3.49375
3.46611
3.43822
3.41006
3.3816
3.35282
3.32371
3.29426
3.26447
3.23436
3.20401
3.17356
3.14327
3.1136
3.08523
3.05904
3.03538
3.01405
2.99549
2.97975
2.96669
2.9561
2.9478
2.94157
2.93721
2.9346
2.93382
2.93562
2.94256
3.79031
3.76399
3.73746
3.71093
3.68434
3.65768
3.63094
3.60408
3.57709
3.54994
3.52261
3.49508
3.46731
3.43929
3.411
3.3824
3.35349
3.32425
3.29466
3.26473
3.2345
3.20403
3.17348
3.14314
3.11347
3.08521
3.05922
3.0357
3.01447
2.99608
2.98048
2.96751
2.95699
2.9487
2.94244
2.93797
2.93513
2.93392
2.93498
2.94095
3.79056
3.76422
3.73767
3.71112
3.6845
3.65783
3.63106
3.60418
3.57717
3.55
3.52266
3.4951
3.46732
3.43928
3.41097
3.38236
3.35344
3.32418
3.29457
3.26463
3.23439
3.20391
3.17335
3.14299
3.11332
3.08505
3.05905
3.03551
3.01428
2.99587
2.98025
2.96727
2.95672
2.94841
2.94211
2.93761
2.93473
2.93348
2.93448
2.94037
3.79065
3.76431
3.73775
3.71119
3.68458
3.65789
3.63112
3.60424
3.57723
3.55005
3.5227
3.49514
3.46736
3.43932
3.411
3.38239
3.35346
3.32419
3.29459
3.26464
3.23439
3.20391
3.17335
3.14299
3.11331
3.08504
3.05903
3.03549
3.01425
2.99584
2.98022
2.96723
2.95667
2.94836
2.94206
2.93756
2.93467
2.9334
2.93437
2.94021
3.7908
3.76446
3.7379
3.71134
3.68472
3.65804
3.63126
3.60438
3.57736
3.55019
3.52283
3.49527
3.46748
3.43944
3.41113
3.38251
3.35358
3.32431
3.29471
3.26476
3.23451
3.20402
3.17346
3.1431
3.11342
3.08514
3.05914
3.0356
3.01435
2.99594
2.98032
2.96732
2.95677
2.94846
2.94215
2.93765
2.93475
2.93347
2.93443
2.94024
3.79099
3.76465
3.73809
3.71153
3.68491
3.65823
3.63146
3.60457
3.57755
3.55038
3.52302
3.49546
3.46767
3.43963
3.41131
3.3827
3.35377
3.3245
3.29489
3.26495
3.23469
3.20421
3.17364
3.14328
3.1136
3.08533
3.05932
3.03578
3.01454
2.99612
2.9805
2.9675
2.95695
2.94863
2.94233
2.93782
2.93492
2.93363
2.93458
2.94036
3.79121
3.76487
3.73831
3.71175
3.68513
3.65844
3.63167
3.60479
3.57777
3.55059
3.52324
3.49568
3.46789
3.43985
3.41153
3.38291
3.35398
3.32471
3.2951
3.26516
3.2349
3.20442
3.17385
3.14349
3.11381
3.08554
3.05953
3.03599
3.01475
2.99633
2.9807
2.96771
2.95715
2.94884
2.94253
2.93802
2.93512
2.93383
2.93476
2.94054
3.79145
3.76511
3.73855
3.71199
3.68537
3.65869
3.63191
3.60503
3.57801
3.55084
3.52348
3.49592
3.46813
3.44009
3.41177
3.38316
3.35423
3.32496
3.29535
3.2654
3.23515
3.20466
3.1741
3.14374
3.11406
3.08579
3.05978
3.03624
3.01499
2.99657
2.98095
2.96796
2.9574
2.94909
2.94278
2.93827
2.93536
2.93407
2.935
2.94077
3.79171
3.76537
3.73881
3.71225
3.68563
3.65895
3.63218
3.60529
3.57828
3.5511
3.52374
3.49618
3.4684
3.44036
3.41204
3.38343
3.35449
3.32523
3.29562
3.26568
3.23542
3.20494
3.17438
3.14401
3.11434
3.08606
3.06006
3.03651
3.01527
2.99685
2.98123
2.96823
2.95768
2.94936
2.94306
2.93854
2.93564
2.93434
2.93528
2.94105
3.79193
3.76559
3.73904
3.71247
3.68586
3.65917
3.6324
3.60552
3.5785
3.55133
3.52397
3.49641
3.46863
3.44059
3.41227
3.38366
3.35473
3.32546
3.29586
3.26591
3.23566
3.20518
3.17462
3.14426
3.11458
3.08631
3.0603
3.03676
3.01551
2.99709
2.98147
2.96848
2.95792
2.94961
2.9433
2.93878
2.93588
2.93458
2.93552
2.94129
3.79206
3.76572
3.73916
3.7126
3.68598
3.6593
3.63253
3.60565
3.57863
3.55146
3.5241
3.49655
3.46876
3.44072
3.4124
3.38379
3.35486
3.3256
3.29599
3.26605
3.2358
3.20531
3.17475
3.14439
3.11471
3.08644
3.06043
3.03689
3.01565
2.99723
2.98161
2.96861
2.95806
2.94974
2.94343
2.93891
2.93601
2.93471
2.93565
2.94142
3.79206
3.76572
3.73916
3.7126
3.68598
3.6593
3.63253
3.60565
3.57863
3.55146
3.5241
3.49655
3.46876
3.44072
3.41241
3.38379
3.35486
3.3256
3.29599
3.26605
3.2358
3.20532
3.17475
3.14439
3.11471
3.08644
3.06043
3.03689
3.01565
2.99723
2.98161
2.96861
2.95805
2.94973
2.94342
2.93891
2.936
2.93471
2.93564
2.94141
3.79195
3.7656
3.73905
3.71248
3.68587
3.65918
3.63241
3.60553
3.57851
3.55134
3.52398
3.49643
3.46864
3.4406
3.41229
3.38367
3.35474
3.32548
3.29587
3.26593
3.23568
3.20519
3.17463
3.14427
3.11459
3.08632
3.06031
3.03677
3.01552
2.9971
2.98148
2.96848
2.95792
2.9496
2.9433
2.93878
2.93588
2.93458
2.93552
2.94129
3.79172
3.76538
3.73882
3.71225
3.68564
3.65895
3.63218
3.6053
3.57828
3.55111
3.52375
3.49619
3.46841
3.44037
3.41205
3.38344
3.35451
3.32524
3.29564
3.26569
3.23544
3.20495
3.17439
3.14403
3.11435
3.08608
3.06007
3.03653
3.01528
2.99686
2.98124
2.96824
2.95768
2.94936
2.94305
2.93854
2.93564
2.93434
2.93527
2.94104
3.79138
3.76503
3.73847
3.71191
3.68529
3.65861
3.63184
3.60495
3.57794
3.55076
3.5234
3.49584
3.46806
3.44001
3.4117
3.38308
3.35415
3.32488
3.29528
3.26533
3.23508
3.20459
3.17403
3.14367
3.11399
3.08571
3.05971
3.03616
3.01491
2.99649
2.98087
2.96787
2.95731
2.94899
2.94268
2.93817
2.93526
2.93396
2.93489
2.94066
3.79095
3.7646
3.73804
3.71148
3.68486
3.65817
3.6314
3.60451
3.57749
3.55032
3.52296
3.4954
3.46761
3.43957
3.41125
3.38263
3.3537
3.32443
3.29482
3.26487
3.23462
3.20413
3.17357
3.14321
3.11353
3.08525
3.05924
3.0357
3.01445
2.99603
2.9804
2.9674
2.95684
2.94852
2.94221
2.93769
2.93479
2.93349
2.93441
2.94018
3.79051
3.76416
3.7376
3.71103
3.68441
3.65773
3.63095
3.60406
3.57704
3.54986
3.5225
3.49494
3.46715
3.43911
3.41079
3.38217
3.35323
3.32397
3.29436
3.26441
3.23415
3.20366
3.1731
3.14274
3.11306
3.08478
3.05877
3.03523
3.01398
2.99556
2.97993
2.96693
2.95637
2.94805
2.94174
2.93722
2.93431
2.93301
2.93394
2.93971
3.79012
3.76377
3.73721
3.71064
3.68402
3.65733
3.63056
3.60367
3.57665
3.54946
3.52211
3.49454
3.46675
3.43871
3.41039
3.38177
3.35283
3.32357
3.29396
3.26401
3.23375
3.20326
3.1727
3.14234
3.11265
3.08438
3.05837
3.03482
3.01358
2.99515
2.97953
2.96653
2.95597
2.94765
2.94133
2.93681
2.9339
2.9326
2.93354
2.9393
3.78976
3.76342
3.73685
3.71029
3.68366
3.65698
3.6302
3.60331
3.57629
3.54911
3.52175
3.49418
3.46639
3.43835
3.41003
3.38141
3.35247
3.32321
3.29359
3.26365
3.23339
3.2029
3.17233
3.14197
3.11229
3.08401
3.058
3.03446
3.01321
2.99479
2.97917
2.96617
2.95561
2.94728
2.94097
2.93644
2.93354
2.93224
2.93317
2.93893
3.7894
3.76306
3.73649
3.70993
3.6833
3.65662
3.62984
3.60295
3.57592
3.54874
3.52138
3.49382
3.46603
3.43798
3.40966
3.38104
3.3521
3.32283
3.29322
3.26327
3.23301
3.20252
3.17196
3.14159
3.11191
3.08363
3.05762
3.03408
3.01283
2.99441
2.97878
2.96578
2.95522
2.94689
2.94058
2.93605
2.93315
2.93185
2.93277
2.93854
3.78904
3.7627
3.73613
3.70957
3.68294
3.65625
3.62947
3.60258
3.57556
3.54838
3.52101
3.49345
3.46566
3.43761
3.40928
3.38066
3.35173
3.32246
3.29285
3.2629
3.23264
3.20215
3.17158
3.14121
3.11153
3.08325
3.05724
3.0337
3.01245
2.99402
2.9784
2.96539
2.95483
2.9465
2.94019
2.93567
2.93276
2.93145
2.93238
2.93814
3.7887
3.76235
3.73579
3.70922
3.6826
3.65591
3.62913
3.60224
3.57521
3.54803
3.52067
3.4931
3.46531
3.43726
3.40893
3.38031
3.35138
3.32211
3.2925
3.26255
3.23229
3.2018
3.17123
3.14086
3.11118
3.08291
3.0569
3.03335
3.0121
2.99368
2.97805
2.96505
2.95448
2.94616
2.93984
2.93532
2.93241
2.93111
2.93204
2.9378
3.78834
3.76199
3.73543
3.70886
3.68223
3.65554
3.62876
3.60187
3.57485
3.54767
3.5203
3.49274
3.46494
3.43689
3.40857
3.37995
3.35101
3.32175
3.29214
3.26219
3.23193
3.20144
3.17087
3.14051
3.11083
3.08255
3.05654
3.033
3.01175
2.99333
2.9777
2.9647
2.95413
2.94581
2.9395
2.93498
2.93207
2.93077
2.9317
2.93746
3.7879
3.76155
3.73499
3.70842
3.68179
3.6551
3.62832
3.60143
3.5744
3.54722
3.51986
3.49229
3.4645
3.43645
3.40812
3.3795
3.35057
3.3213
3.29169
3.26174
3.23148
3.20099
3.17042
3.14006
3.11038
3.08211
3.0561
3.03256
3.01131
2.99288
2.97725
2.96425
2.95369
2.94537
2.93906
2.93454
2.93163
2.93033
2.93126
2.93702
3.78739
3.76104
3.73448
3.70791
3.68128
3.65459
3.6278
3.60091
3.57388
3.5467
3.51933
3.49177
3.46397
3.43592
3.4076
3.37897
3.35004
3.32077
3.29115
3.2612
3.23094
3.20045
3.16989
3.13952
3.10984
3.08157
3.05556
3.03201
3.01076
2.99233
2.97671
2.96371
2.95315
2.94482
2.93851
2.93399
2.93108
2.92978
2.93071
2.93646
3.78693
3.76058
3.73401
3.70744
3.68081
3.65411
3.62733
3.60043
3.5734
3.54622
3.51885
3.49128
3.46348
3.43543
3.4071
3.37848
3.34954
3.32027
3.29065
3.2607
3.23044
3.19995
3.16938
3.13901
3.10933
3.08105
3.05504
3.03148
3.01023
2.99181
2.97618
2.96318
2.95262
2.94429
2.93798
2.93345
2.93054
2.92924
2.93017
2.93592
3.7867
3.76034
3.73377
3.7072
3.68057
3.65387
3.62709
3.60019
3.57316
3.54597
3.5186
3.49103
3.46323
3.43518
3.40686
3.37823
3.34929
3.32001
3.2904
3.26044
3.23018
3.19969
3.16912
3.13876
3.10907
3.08079
3.05477
3.03122
3.00997
2.99154
2.97592
2.96292
2.95235
2.94402
2.9377
2.93318
2.93027
2.92896
2.92989
2.93565
3.7868
3.76045
3.73388
3.7073
3.68068
3.65398
3.6272
3.60031
3.57328
3.54609
3.51873
3.49116
3.46336
3.43531
3.40699
3.37836
3.34942
3.32015
3.29054
3.26059
3.23033
3.19984
3.16927
3.13891
3.10923
3.08095
3.05493
3.03139
3.01014
2.99172
2.97609
2.96309
2.95252
2.94419
2.93788
2.93336
2.93045
2.92915
2.93008
2.93584
3.78697
3.76062
3.73406
3.70749
3.68087
3.65417
3.6274
3.60051
3.57348
3.5463
3.51894
3.49137
3.46358
3.43554
3.40722
3.3786
3.34966
3.32039
3.29079
3.26084
3.23059
3.2001
3.16954
3.13918
3.1095
3.08122
3.05522
3.03167
3.01043
2.99201
2.97639
2.96339
2.95283
2.94451
2.9382
2.93368
2.93078
2.92948
2.93041
2.93617
3.78669
3.76034
3.73378
3.70721
3.68058
3.65389
3.62711
3.60022
3.5732
3.54602
3.51866
3.49109
3.4633
3.43525
3.40693
3.37831
3.34938
3.32011
3.2905
3.26056
3.2303
3.19982
3.16926
3.1389
3.10922
3.08094
3.05494
3.0314
3.01015
2.99174
2.97612
2.96312
2.95256
2.94424
2.93794
2.93343
2.93052
2.92922
2.93015
2.9359
3.78586
3.75951
3.73294
3.70637
3.67974
3.65304
3.62625
3.59936
3.57233
3.54514
3.51777
3.4902
3.4624
3.43435
3.40602
3.37739
3.34845
3.31918
3.28957
3.25961
3.22935
3.19886
3.16829
3.13792
3.10824
3.07996
3.05395
3.0304
3.00915
2.99073
2.9751
2.9621
2.95154
2.94322
2.93691
2.9324
2.92949
2.92818
2.9291
2.93485
3.78513
3.75877
3.7322
3.70562
3.67898
3.65228
3.62549
3.59858
3.57155
3.54435
3.51698
3.4894
3.4616
3.43354
3.4052
3.37657
3.34762
3.31834
3.28872
3.25876
3.22849
3.19799
3.16741
3.13703
3.10734
3.07906
3.05304
3.02948
3.00822
2.98979
2.97415
2.96114
2.95057
2.94225
2.93594
2.93141
2.92849
2.92718
2.9281
2.93385
3.78515
3.75879
3.73222
3.70564
3.67901
3.65231
3.62552
3.59862
3.57158
3.54439
3.51702
3.48944
3.46163
3.43357
3.40524
3.37661
3.34767
3.31839
3.28877
3.25881
3.22854
3.19804
3.16746
3.13709
3.1074
3.07912
3.05309
3.02954
3.00827
2.98984
2.9742
2.96119
2.95062
2.94229
2.93597
2.93144
2.92852
2.92721
2.92814
2.9339
3.78567
3.75932
3.73276
3.70619
3.67956
3.65287
3.6261
3.59921
3.57218
3.545
3.51764
3.49007
3.46228
3.43423
3.40591
3.3773
3.34837
3.3191
3.28949
3.25954
3.22929
3.1988
3.16824
3.13788
3.1082
3.07993
3.05392
3.03037
3.00912
2.99069
2.97507
2.96207
2.95151
2.94318
2.93686
2.93234
2.92944
2.92813
2.92907
2.93483
3.78544
3.7591
3.73253
3.70597
3.67934
3.65266
3.62588
3.599
3.57198
3.5448
3.51744
3.48987
3.46208
3.43404
3.40572
3.37711
3.34817
3.31891
3.2893
3.25935
3.2291
3.19862
3.16806
3.1377
3.10803
3.07975
3.05375
3.0302
3.00896
2.99055
2.97493
2.96194
2.95138
2.94306
2.93675
2.93224
2.92933
2.92803
2.92896
2.93472
3.7842
3.75784
3.73126
3.70468
3.67805
3.65135
3.62456
3.59766
3.57063
3.54343
3.51606
3.48848
3.46067
3.43261
3.40428
3.37565
3.3467
3.31742
3.28779
3.25783
3.22757
3.19707
3.16649
3.13613
3.10644
3.07815
3.05213
3.02858
3.00733
2.9889
2.97328
2.96028
2.94971
2.94138
2.93508
2.93055
2.92764
2.92634
2.92729
2.93308
3.78365
3.75729
3.73071
3.70413
3.6775
3.6508
3.62401
3.59712
3.57008
3.54289
3.51551
3.48794
3.46014
3.43208
3.40375
3.37512
3.34618
3.31691
3.28729
3.25734
3.22708
3.19658
3.16601
3.13564
3.10596
3.07768
3.05166
3.02811
3.00685
2.98843
2.9728
2.9598
2.94923
2.94091
2.9346
2.93008
2.9272
2.92593
2.92688
2.93269
3.78381
3.75746
3.73089
3.70431
3.67769
3.651
3.62422
3.59733
3.57031
3.54312
3.51576
3.4882
3.46041
3.43236
3.40404
3.37543
3.34649
3.31723
3.28762
3.25767
3.22741
3.19693
3.16636
3.136
3.10632
3.07805
3.05203
3.02849
3.00723
2.98881
2.97319
2.96018
2.94961
2.94128
2.93498
2.93048
2.9276
2.92629
2.92727
2.93314
3.78389
3.75753
3.73095
3.70437
3.67774
3.65104
3.62425
3.59735
3.57032
3.54312
3.51575
3.48817
3.46036
3.4323
3.40396
3.37533
3.34638
3.3171
3.28747
3.2575
3.22723
3.19673
3.16615
3.13577
3.10607
3.07778
3.05176
3.02821
3.00695
2.98852
2.97289
2.95988
2.94932
2.94101
2.9347
2.9302
2.92731
2.92606
2.92711
2.93297
3.78534
3.75904
3.73252
3.70599
3.67942
3.65278
3.62606
3.59922
3.57225
3.54512
3.51782
3.49031
3.46258
3.43459
3.40633
3.37778
3.34891
3.3197
3.29015
3.26026
3.23005
3.1996
3.16905
3.13866
3.10888
3.08041
3.05411
3.03033
3.00889
2.9902
2.97435
2.96116
2.95043
2.94195
2.9355
2.93085
2.92775
2.92615
2.92664
2.93205
3.76
3.73394
3.70769
3.6815
3.6553
3.62909
3.60285
3.57653
3.55012
3.52359
3.49691
3.47005
3.44298
3.41568
3.38812
3.36029
3.33217
3.30375
3.27505
3.24611
3.21702
3.18792
3.15905
3.13079
3.10364
3.07819
3.05495
3.03412
3.01567
2.99982
2.98652
2.97562
2.96693
2.96029
2.95555
2.95264
2.95167
2.95318
2.95847
2.96993
3.76289
3.73673
3.71037
3.68407
3.65776
3.63143
3.60506
3.57862
3.55209
3.52543
3.49862
3.47162
3.44442
3.41698
3.38929
3.36131
3.33304
3.30449
3.27565
3.24658
3.21737
3.18817
3.15925
3.13097
3.10387
3.07853
3.05544
3.03472
3.01637
3.00064
2.98743
2.97658
2.9679
2.96121
2.95634
2.9532
2.95187
2.95284
2.95745
2.96834
3.76328
3.73709
3.7107
3.68438
3.65805
3.6317
3.60531
3.57885
3.55229
3.52561
3.49878
3.47177
3.44454
3.41709
3.38937
3.36138
3.3331
3.30452
3.27567
3.24659
3.21736
3.18815
3.15921
3.13093
3.10381
3.07846
3.05536
3.03463
3.01626
3.00051
2.98728
2.9764
2.9677
2.96098
2.95608
2.9529
2.95152
2.95242
2.95696
2.96776
3.76344
3.73725
3.71086
3.68453
3.65819
3.63184
3.60544
3.57898
3.55241
3.52573
3.49889
3.47187
3.44464
3.41718
3.38946
3.36147
3.33318
3.3046
3.27574
3.24665
3.21742
3.18821
3.15926
3.13098
3.10386
3.0785
3.0554
3.03465
3.01628
3.00053
2.98729
2.97641
2.9677
2.96097
2.95607
2.95288
2.95148
2.95236
2.95686
2.96761
3.76363
3.73743
3.71104
3.68471
3.65837
3.63202
3.60562
3.57915
3.55259
3.5259
3.49906
3.47204
3.44481
3.41735
3.38963
3.36163
3.33334
3.30476
3.2759
3.24681
3.21757
3.18836
3.15941
3.13112
3.104
3.07864
3.05554
3.03479
3.01642
3.00066
2.98743
2.97654
2.96782
2.96109
2.95618
2.95299
2.95158
2.95244
2.95691
2.96763
3.76384
3.73765
3.71126
3.68492
3.65858
3.63223
3.60583
3.57936
3.5528
3.52611
3.49927
3.47225
3.44502
3.41755
3.38983
3.36183
3.33354
3.30496
3.2761
3.24701
3.21778
3.18856
3.15961
3.13132
3.1042
3.07884
3.05574
3.03499
3.01662
3.00086
2.98762
2.97673
2.96802
2.96129
2.95637
2.95317
2.95176
2.95261
2.95706
2.96776
3.76407
3.73788
3.71148
3.68515
3.65881
3.63245
3.60606
3.57959
3.55303
3.52634
3.49949
3.47247
3.44524
3.41778
3.39006
3.36206
3.33377
3.30518
3.27633
3.24723
3.218
3.18878
3.15983
3.13154
3.10442
3.07906
3.05596
3.03521
3.01684
3.00108
2.98784
2.97695
2.96823
2.9615
2.95658
2.95338
2.95196
2.9528
2.95725
2.96793
3.76432
3.73812
3.71173
3.6854
3.65906
3.6327
3.6063
3.57984
3.55327
3.52658
3.49974
3.47272
3.44549
3.41803
3.39031
3.36231
3.33402
3.30543
3.27658
3.24748
3.21825
3.18903
3.16008
3.13179
3.10467
3.07932
3.05621
3.03546
3.01709
3.00133
2.98809
2.9772
2.96848
2.96175
2.95683
2.95363
2.95221
2.95305
2.95749
2.96817
3.76458
3.73838
3.71199
3.68566
3.65932
3.63297
3.60657
3.5801
3.55354
3.52685
3.50001
3.47299
3.44576
3.4183
3.39057
3.36258
3.33429
3.30571
3.27685
3.24776
3.21852
3.18931
3.16036
3.13207
3.10495
3.07959
3.05649
3.03574
3.01737
3.00161
2.98837
2.97748
2.96876
2.96203
2.95711
2.95391
2.95249
2.95333
2.95777
2.96845
3.7648
3.73861
3.71221
3.68588
3.65955
3.63319
3.6068
3.58033
3.55377
3.52708
3.50024
3.47322
3.44599
3.41853
3.39081
3.36281
3.33452
3.30594
3.27709
3.248
3.21876
3.18955
3.1606
3.13231
3.10519
3.07984
3.05673
3.03598
3.01761
3.00185
2.98861
2.97772
2.96901
2.96227
2.95735
2.95415
2.95273
2.95357
2.95801
2.96869
3.76493
3.73873
3.71234
3.68601
3.65967
3.63332
3.60692
3.58046
3.5539
3.52721
3.50037
3.47335
3.44612
3.41866
3.39094
3.36294
3.33466
3.30608
3.27722
3.24813
3.2189
3.18968
3.16074
3.13245
3.10533
3.07997
3.05686
3.03612
3.01775
3.00199
2.98875
2.97786
2.96914
2.9624
2.95748
2.95428
2.95286
2.9537
2.95814
2.96882
3.76493
3.73874
3.71234
3.68601
3.65967
3.63332
3.60693
3.58046
3.5539
3.52721
3.50037
3.47335
3.44612
3.41866
3.39094
3.36294
3.33466
3.30608
3.27722
3.24813
3.2189
3.18968
3.16074
3.13245
3.10533
3.07997
3.05686
3.03612
3.01774
3.00198
2.98874
2.97785
2.96913
2.9624
2.95748
2.95427
2.95285
2.95369
2.95813
2.96881
3.76481
3.73862
3.71223
3.68589
3.65956
3.6332
3.60681
3.58034
3.55378
3.52709
3.50025
3.47323
3.446
3.41854
3.39082
3.36282
3.33454
3.30596
3.2771
3.24801
3.21878
3.18956
3.16061
3.13232
3.1052
3.07985
3.05674
3.03599
3.01762
3.00186
2.98862
2.97773
2.969
2.96227
2.95735
2.95414
2.95272
2.95356
2.95801
2.96868
3.76458
3.73839
3.712
3.68567
3.65933
3.63297
3.60658
3.58011
3.55355
3.52686
3.50002
3.473
3.44577
3.41831
3.39059
3.36259
3.3343
3.30572
3.27686
3.24777
3.21854
3.18932
3.16037
3.13209
3.10497
3.07961
3.0565
3.03575
3.01738
3.00161
2.98837
2.97748
2.96876
2.96203
2.95711
2.9539
2.95248
2.95332
2.95776
2.96843
3.76424
3.73805
3.71166
3.68532
3.65898
3.63263
3.60623
3.57976
3.5532
3.52651
3.49967
3.47265
3.44542
3.41795
3.39023
3.36223
3.33394
3.30536
3.2765
3.24741
3.21817
3.18896
3.16001
3.13172
3.1046
3.07924
3.05613
3.03539
3.01701
3.00125
2.98801
2.97711
2.96839
2.96166
2.95674
2.95353
2.95211
2.95295
2.95738
2.96805
3.76382
3.73762
3.71122
3.68489
3.65855
3.63219
3.60579
3.57933
3.55276
3.52607
3.49922
3.4722
3.44497
3.4175
3.38978
3.36178
3.33349
3.30491
3.27605
3.24695
3.21772
3.1885
3.15955
3.13126
3.10414
3.07878
3.05567
3.03492
3.01654
3.00078
2.98754
2.97665
2.96792
2.96119
2.95627
2.95306
2.95163
2.95247
2.9569
2.96757
3.76338
3.73718
3.71078
3.68445
3.6581
3.63175
3.60535
3.57888
3.55231
3.52561
3.49877
3.47175
3.44451
3.41705
3.38932
3.36132
3.33303
3.30444
3.27558
3.24649
3.21725
3.18803
3.15908
3.13079
3.10367
3.07831
3.0552
3.03445
3.01607
3.00031
2.98707
2.97618
2.96745
2.96071
2.95579
2.95258
2.95115
2.95199
2.95643
2.9671
3.76299
3.73679
3.71039
3.68405
3.65771
3.63135
3.60495
3.57848
3.55191
3.52522
3.49837
3.47135
3.44412
3.41665
3.38892
3.36092
3.33263
3.30404
3.27518
3.24609
3.21685
3.18763
3.15868
3.13039
3.10327
3.0779
3.0548
3.03405
3.01567
2.99991
2.98667
2.97577
2.96705
2.96031
2.95538
2.95217
2.95075
2.95159
2.95602
2.96669
3.76263
3.73644
3.71004
3.6837
3.65736
3.631
3.6046
3.57812
3.55156
3.52486
3.49802
3.47099
3.44376
3.41629
3.38856
3.36056
3.33227
3.30368
3.27482
3.24572
3.21649
3.18726
3.15832
3.13002
3.1029
3.07754
3.05443
3.03368
3.01531
2.99954
2.9863
2.97541
2.96668
2.95994
2.95502
2.95181
2.95038
2.95122
2.95566
2.96632
3.76228
3.73608
3.70968
3.68334
3.657
3.63064
3.60424
3.57776
3.55119
3.5245
3.49765
3.47063
3.44339
3.41592
3.38819
3.36019
3.3319
3.30331
3.27445
3.24535
3.21611
3.18689
3.15794
3.12965
3.10252
3.07716
3.05405
3.0333
3.01493
2.99916
2.98592
2.97502
2.96629
2.95955
2.95463
2.95142
2.94999
2.95083
2.95526
2.96593
3.76192
3.73572
3.70932
3.68299
3.65664
3.63028
3.60387
3.5774
3.55083
3.52413
3.49729
3.47026
3.44302
3.41555
3.38782
3.35982
3.33152
3.30294
3.27407
3.24498
3.21574
3.18651
3.15756
3.12927
3.10214
3.07678
3.05367
3.03292
3.01454
2.99878
2.98553
2.97463
2.9659
2.95916
2.95424
2.95103
2.9496
2.95044
2.95487
2.96553
3.76158
3.73538
3.70898
3.68264
3.6563
3.62993
3.60353
3.57706
3.55048
3.52379
3.49694
3.46991
3.44267
3.4152
3.38747
3.35947
3.33117
3.30259
3.27373
3.24463
3.21539
3.18617
3.15722
3.12892
3.1018
3.07644
3.05333
3.03258
3.0142
2.99843
2.98519
2.97429
2.96556
2.95882
2.9539
2.95068
2.94925
2.95009
2.95452
2.96519
3.76122
3.73502
3.70862
3.68228
3.65594
3.62957
3.60317
3.57669
3.55012
3.52343
3.49658
3.46955
3.44231
3.41484
3.38711
3.35911
3.33081
3.30223
3.27337
3.24427
3.21503
3.18581
3.15686
3.12857
3.10145
3.07609
3.05298
3.03223
3.01385
2.99808
2.98484
2.97394
2.96521
2.95848
2.95356
2.95034
2.94891
2.94975
2.95418
2.96485
3.76078
3.73458
3.70818
3.68184
3.65549
3.62913
3.60272
3.57625
3.54968
3.52298
3.49613
3.4691
3.44187
3.4144
3.38667
3.35866
3.33037
3.30178
3.27292
3.24382
3.21459
3.18537
3.15642
3.12813
3.101
3.07564
3.05253
3.03178
3.01341
2.99764
2.9844
2.9735
2.96478
2.95804
2.95312
2.94991
2.94848
2.94932
2.95375
2.96441
3.76027
3.73407
3.70767
3.68133
3.65498
3.62862
3.60221
3.57573
3.54916
3.52246
3.49561
3.46858
3.44134
3.41387
3.38614
3.35813
3.32984
3.30125
3.27239
3.24329
3.21405
3.18483
3.15588
3.12759
3.10047
3.0751
3.05199
3.03124
3.01286
2.9971
2.98386
2.97296
2.96423
2.9575
2.95257
2.94936
2.94793
2.94877
2.9532
2.96386
3.75981
3.73361
3.7072
3.68086
3.65451
3.62814
3.60173
3.57526
3.54868
3.52198
3.49513
3.46809
3.44086
3.41338
3.38565
3.35764
3.32934
3.30075
3.27189
3.24279
3.21355
3.18432
3.15537
3.12708
3.09995
3.07458
3.05147
3.03072
3.01234
2.99657
2.98333
2.97243
2.9637
2.95697
2.95204
2.94882
2.94739
2.94823
2.95266
2.96332
3.75958
3.73337
3.70697
3.68062
3.65427
3.6279
3.60149
3.57502
3.54844
3.52174
3.49488
3.46785
3.44061
3.41314
3.3854
3.35739
3.32909
3.3005
3.27163
3.24254
3.21329
3.18407
3.15512
3.12682
3.09969
3.07432
3.05121
3.03046
3.01208
2.99631
2.98307
2.97216
2.96343
2.95669
2.95177
2.94855
2.94712
2.94796
2.95238
2.96305
3.75968
3.73348
3.70707
3.68073
3.65438
3.62802
3.60161
3.57513
3.54856
3.52186
3.49501
3.46798
3.44074
3.41327
3.38554
3.35753
3.32923
3.30064
3.27178
3.24268
3.21344
3.18422
3.15527
3.12698
3.09985
3.07449
3.05137
3.03062
3.01225
2.99648
2.98324
2.97233
2.9636
2.95687
2.95194
2.94872
2.9473
2.94814
2.95256
2.96323
3.75986
3.73366
3.70726
3.68092
3.65457
3.62821
3.60181
3.57534
3.54877
3.52207
3.49523
3.4682
3.44096
3.4135
3.38577
3.35776
3.32947
3.30089
3.27203
3.24294
3.2137
3.18448
3.15554
3.12725
3.10013
3.07477
3.05166
3.03091
3.01254
2.99678
2.98354
2.97264
2.96391
2.95719
2.95226
2.94905
2.94762
2.94846
2.95289
2.96355
3.75958
3.73338
3.70698
3.68064
3.6543
3.62793
3.60153
3.57506
3.54849
3.52179
3.49494
3.46792
3.44068
3.41321
3.38549
3.35748
3.32919
3.30061
3.27175
3.24265
3.21342
3.1842
3.15526
3.12697
3.09985
3.07449
3.05139
3.03064
3.01227
2.99651
2.98327
2.97238
2.96365
2.95693
2.95201
2.94879
2.94737
2.94821
2.95263
2.9633
3.75875
3.73254
3.70614
3.6798
3.65344
3.62708
3.60067
3.57419
3.54761
3.52091
3.49406
3.46702
3.43978
3.41231
3.38457
3.35656
3.32827
3.29968
3.27081
3.24171
3.21247
3.18324
3.15429
3.126
3.09888
3.07351
3.0504
3.02965
3.01127
2.99551
2.98227
2.97137
2.96264
2.95591
2.95099
2.94777
2.94634
2.94718
2.9516
2.96226
3.75801
3.7318
3.70539
3.67904
3.65269
3.62631
3.5999
3.57341
3.54683
3.52012
3.49326
3.46622
3.43897
3.41149
3.38375
3.35574
3.32743
3.29883
3.26996
3.24085
3.2116
3.18237
3.15341
3.12511
3.09797
3.0726
3.04948
3.02871
3.01033
2.99456
2.98131
2.9704
2.96167
2.95493
2.95
2.94678
2.94534
2.94618
2.9506
2.96125
3.75803
3.73182
3.70541
3.67907
3.65271
3.62634
3.59992
3.57344
3.54686
3.52015
3.49329
3.46625
3.43901
3.41153
3.38379
3.35578
3.32747
3.29888
3.27
3.24089
3.21164
3.18241
3.15346
3.12515
3.09802
3.07265
3.04952
3.02876
3.01037
2.9946
2.98134
2.97043
2.96169
2.95495
2.95002
2.94679
2.94536
2.9462
2.95063
2.96129
3.75855
3.73235
3.70595
3.67961
3.65327
3.62691
3.6005
3.57403
3.54746
3.52077
3.49392
3.46689
3.43966
3.41219
3.38446
3.35646
3.32817
3.29959
3.27072
3.24163
3.2124
3.18318
3.15423
3.12595
3.09882
3.07346
3.05035
3.0296
3.01122
2.99546
2.98222
2.97131
2.96258
2.95584
2.95092
2.9477
2.94628
2.94712
2.95155
2.96222
3.75831
3.73212
3.70572
3.67938
3.65303
3.62668
3.60028
3.57381
3.54724
3.52055
3.4937
3.46668
3.43945
3.41198
3.38426
3.35626
3.32797
3.29938
3.27053
3.24143
3.2122
3.18299
3.15404
3.12576
3.09864
3.07328
3.05018
3.02943
3.01107
2.99531
2.98208
2.97118
2.96245
2.95573
2.95082
2.9476
2.94617
2.94701
2.95145
2.96213
3.75704
3.73083
3.70442
3.67807
3.65171
3.62534
3.59893
3.57244
3.54586
3.51916
3.49229
3.46526
3.43801
3.41053
3.38279
3.35477
3.32647
3.29787
3.269
3.23989
3.21065
3.18141
3.15246
3.12416
3.09703
3.07166
3.04854
3.02779
3.00941
2.99364
2.9804
2.96949
2.96076
2.95404
2.94912
2.9459
2.94447
2.94533
2.94978
2.96048
3.75645
3.73024
3.70383
3.67748
3.65112
3.62475
3.59834
3.57186
3.54528
3.51858
3.49172
3.46468
3.43744
3.40997
3.38223
3.35422
3.32592
3.29733
3.26846
3.23936
3.21011
3.18089
3.15194
3.12364
3.09651
3.07114
3.04803
3.02727
3.00889
2.99312
2.97988
2.96898
2.96025
2.95352
2.94861
2.94541
2.94401
2.94488
2.94934
2.96008
3.75655
3.73035
3.70394
3.6776
3.65125
3.62489
3.59849
3.57202
3.54545
3.51875
3.49191
3.46488
3.43765
3.41018
3.38246
3.35446
3.32617
3.29759
3.26873
3.23964
3.2104
3.18118
3.15224
3.12395
3.09683
3.07147
3.04836
3.0276
3.00923
2.99346
2.98022
2.96932
2.96059
2.95387
2.94896
2.94576
2.94435
2.94523
2.94976
2.96054
3.75655
3.73034
3.70393
3.67758
3.65122
3.62485
3.59844
3.57195
3.54537
3.51867
3.49181
3.46477
3.43752
3.41004
3.3823
3.35428
3.32598
3.29738
3.2685
3.23939
3.21014
3.1809
3.15194
3.12364
3.0965
3.07112
3.048
3.02724
3.00886
2.99309
2.97985
2.96895
2.96023
2.95351
2.94861
2.94542
2.94404
2.94498
2.94951
2.96039
3.75787
3.73171
3.70536
3.67907
3.65278
3.62647
3.60012
3.57371
3.5472
3.52056
3.49378
3.46682
3.43965
3.41224
3.38458
3.35665
3.32842
3.2999
3.2711
3.24205
3.21285
3.18364
3.15467
3.1263
3.09903
3.07346
3.0501
3.02914
3.01056
2.99458
2.98115
2.97007
2.96119
2.95432
2.94925
2.94584
2.94417
2.94471
2.94883
2.95934
3.73315
3.70731
3.68126
3.65533
3.62945
3.6036
3.57774
3.55186
3.52592
3.49989
3.47373
3.44742
3.42092
3.39421
3.36728
3.3401
3.31269
3.28505
3.25725
3.22938
3.20157
3.17405
3.14713
3.1212
3.09673
3.07415
3.05377
3.03569
3.01993
3.00656
2.99548
2.98656
2.97963
2.97458
2.97137
2.97009
2.97111
2.9752
2.98365
2.99786
3.73639
3.71044
3.68428
3.65823
3.63223
3.60625
3.58027
3.55426
3.52818
3.50201
3.47571
3.44925
3.42261
3.39576
3.36867
3.34135
3.31379
3.28602
3.25808
3.23008
3.20217
3.17458
3.14763
3.12172
3.09731
3.07483
3.05456
3.03656
3.02088
3.00758
2.99654
2.9876
2.9806
2.97542
2.97199
2.97038
2.97095
2.97449
2.98239
2.99629
3.73692
3.71094
3.68475
3.65868
3.63265
3.60665
3.58064
3.55461
3.52851
3.50232
3.476
3.44952
3.42286
3.39598
3.36888
3.34154
3.31396
3.28616
3.25821
3.2302
3.20227
3.17467
3.1477
3.12178
3.09736
3.07486
3.05457
3.03656
3.02085
3.00753
2.99646
2.98749
2.98047
2.97525
2.97178
2.97012
2.97062
2.97408
2.9819
2.99571
3.73715
3.71117
3.68497
3.6589
3.63286
3.60685
3.58085
3.5548
3.5287
3.5025
3.47618
3.44969
3.42302
3.39614
3.36903
3.34168
3.3141
3.2863
3.25835
3.23033
3.20239
3.17478
3.14781
3.12188
3.09746
3.07496
3.05466
3.03664
3.02093
3.0076
2.99653
2.98755
2.98052
2.97529
2.97181
2.97013
2.9706
2.97403
2.9818
2.99555
3.73738
3.71139
3.6852
3.65912
3.63308
3.60707
3.58106
3.55502
3.52891
3.50271
3.47638
3.4499
3.42323
3.39634
3.36923
3.34188
3.3143
3.2865
3.25854
3.23051
3.20258
3.17497
3.14799
3.12206
3.09763
3.07513
3.05483
3.03681
3.0211
3.00776
2.99669
2.98771
2.98067
2.97544
2.97195
2.97026
2.97072
2.97412
2.98186
2.99557
3.73761
3.71163
3.68543
3.65936
3.63332
3.60731
3.58129
3.55525
3.52914
3.50294
3.47661
3.45013
3.42345
3.39657
3.36946
3.34211
3.31452
3.28672
3.25876
3.23073
3.2028
3.17519
3.14821
3.12228
3.09785
3.07535
3.05505
3.03702
3.02131
3.00797
2.9969
2.98792
2.98088
2.97564
2.97214
2.97045
2.9709
2.97429
2.98201
2.9957
3.73785
3.71187
3.68567
3.65959
3.63355
3.60754
3.58153
3.55549
3.52938
3.50318
3.47685
3.45036
3.42369
3.3968
3.36969
3.34234
3.31475
3.28695
3.25899
3.23096
3.20303
3.17542
3.14844
3.12251
3.09808
3.07558
3.05528
3.03725
3.02153
3.0082
2.99712
2.98814
2.9811
2.97586
2.97236
2.97066
2.9711
2.97448
2.9822
2.99588
3.7381
3.71212
3.68592
3.65984
3.6338
3.60779
3.58178
3.55574
3.52963
3.50343
3.4771
3.45061
3.42394
3.39706
3.36994
3.34259
3.31501
3.28721
3.25924
3.23122
3.20328
3.17567
3.1487
3.12277
3.09834
3.07583
3.05553
3.03751
3.02179
3.00845
2.99737
2.98839
2.98135
2.97611
2.97261
2.97091
2.97135
2.97473
2.98244
2.99611
3.73836
3.71238
3.68618
3.66011
3.63407
3.60806
3.58205
3.556
3.5299
3.50369
3.47737
3.45088
3.42421
3.39733
3.37022
3.34287
3.31528
3.28748
3.25952
3.2315
3.20356
3.17595
3.14898
3.12305
3.09862
3.07611
3.05581
3.03779
3.02207
3.00873
2.99765
2.98867
2.98163
2.97639
2.97289
2.97119
2.97163
2.97501
2.98272
2.99639
3.73859
3.7126
3.68641
3.66033
3.63429
3.60828
3.58227
3.55623
3.53013
3.50393
3.4776
3.45111
3.42444
3.39756
3.37045
3.3431
3.31552
3.28772
3.25976
3.23174
3.2038
3.17619
3.14922
3.12329
3.09886
3.07635
3.05605
3.03803
3.02231
3.00898
2.9979
2.98891
2.98187
2.97664
2.97313
2.97143
2.97187
2.97525
2.98296
2.99663
3.73871
3.71273
3.68654
3.66046
3.63442
3.60841
3.5824
3.55636
3.53026
3.50406
3.47773
3.45124
3.42457
3.39769
3.37058
3.34323
3.31565
3.28785
3.25989
3.23187
3.20394
3.17632
3.14935
3.12342
3.09899
3.07649
3.05619
3.03816
3.02244
3.00911
2.99803
2.98904
2.982
2.97676
2.97326
2.97156
2.972
2.97538
2.98309
2.99675
3.73872
3.71273
3.68654
3.66046
3.63442
3.60841
3.58241
3.55636
3.53026
3.50406
3.47773
3.45124
3.42457
3.39769
3.37058
3.34323
3.31565
3.28785
3.25989
3.23187
3.20393
3.17632
3.14935
3.12342
3.09899
3.07649
3.05619
3.03816
3.02244
3.0091
2.99802
2.98904
2.982
2.97676
2.97325
2.97155
2.97199
2.97537
2.98308
2.99674
3.7386
3.71262
3.68642
3.66034
3.63431
3.6083
3.58229
3.55625
3.53014
3.50394
3.47761
3.45112
3.42445
3.39757
3.37046
3.34311
3.31553
3.28773
3.25977
3.23175
3.20381
3.1762
3.14923
3.1233
3.09887
3.07636
3.05606
3.03803
3.02232
3.00898
2.9979
2.98891
2.98187
2.97663
2.97313
2.97143
2.97186
2.97524
2.98295
2.99662
3.73837
3.71239
3.68619
3.66012
3.63408
3.60807
3.58206
3.55602
3.52991
3.50371
3.47738
3.45089
3.42422
3.39734
3.37023
3.34288
3.31529
3.28749
3.25953
3.23151
3.20357
3.17596
3.14899
3.12306
3.09863
3.07612
3.05582
3.03779
3.02207
3.00874
2.99766
2.98867
2.98163
2.97639
2.97289
2.97119
2.97162
2.975
2.98271
2.99637
3.73803
3.71205
3.68585
3.65977
3.63373
3.60772
3.58171
3.55567
3.52956
3.50336
3.47703
3.45054
3.42387
3.39699
3.36987
3.34252
3.31494
3.28713
3.25917
3.23115
3.20321
3.1756
3.14863
3.1227
3.09827
3.07576
3.05546
3.03743
3.02171
3.00837
2.99729
2.98831
2.98126
2.97602
2.97252
2.97081
2.97125
2.97462
2.98233
2.99599
3.73761
3.71162
3.68542
3.65934
3.6333
3.60729
3.58127
3.55523
3.52912
3.50291
3.47658
3.4501
3.42342
3.39654
3.36942
3.34207
3.31448
3.28668
3.25872
3.23069
3.20275
3.17514
3.14817
3.12224
3.0978
3.0753
3.05499
3.03696
3.02124
3.00791
2.99683
2.98784
2.98079
2.97555
2.97204
2.97034
2.97077
2.97415
2.98185
2.99551
3.73717
3.71118
3.68498
3.6589
3.63285
3.60684
3.58083
3.55478
3.52867
3.50246
3.47613
3.44964
3.42297
3.39608
3.36896
3.34161
3.31402
3.28622
3.25825
3.23023
3.20229
3.17468
3.1477
3.12177
3.09734
3.07483
3.05453
3.0365
3.02078
3.00744
2.99636
2.98737
2.98032
2.97508
2.97157
2.96986
2.9703
2.97367
2.98138
2.99504
3.73678
3.71079
3.68459
3.65851
3.63246
3.60645
3.58043
3.55438
3.52827
3.50207
3.47573
3.44924
3.42257
3.39568
3.36856
3.34121
3.31362
3.28582
3.25785
3.22983
3.20189
3.17427
3.1473
3.12137
3.09693
3.07443
3.05412
3.0361
3.02038
3.00704
2.99595
2.98696
2.97992
2.97467
2.97116
2.96946
2.96989
2.97327
2.98097
2.99464
3.73643
3.71044
3.68424
3.65816
3.63211
3.6061
3.58008
3.55403
3.52792
3.50171
3.47538
3.44889
3.42221
3.39532
3.36821
3.34085
3.31326
3.28546
3.25749
3.22947
3.20153
3.17391
3.14694
3.121
3.09657
3.07406
3.05376
3.03574
3.02001
3.00667
2.99559
2.9866
2.97955
2.97431
2.9708
2.96909
2.96953
2.9729
2.9806
2.99427
3.73607
3.71008
3.68388
3.6578
3.63176
3.60574
3.57972
3.55367
3.52756
3.50135
3.47502
3.44852
3.42185
3.39496
3.36784
3.34048
3.31289
3.28509
3.25712
3.22909
3.20116
3.17354
3.14656
3.12063
3.0962
3.07369
3.05339
3.03536
3.01963
3.00629
2.9952
2.98621
2.97916
2.97393
2.97042
2.96871
2.96914
2.97251
2.98021
2.99387
3.73572
3.70973
3.68353
3.65744
3.6314
3.60538
3.57936
3.55331
3.5272
3.50099
3.47465
3.44816
3.42148
3.39459
3.36747
3.34011
3.31252
3.28472
3.25675
3.22872
3.20078
3.17316
3.14619
3.12025
3.09582
3.07331
3.05301
3.03498
3.01925
3.00591
2.99482
2.98583
2.97878
2.97354
2.97003
2.96832
2.96875
2.97212
2.97982
2.99348
3.73538
3.70939
3.68319
3.6571
3.63105
3.60504
3.57902
3.55297
3.52685
3.50064
3.47431
3.44781
3.42113
3.39424
3.36712
3.33977
3.31218
3.28437
3.25641
3.22838
3.20044
3.17282
3.14585
3.11991
3.09548
3.07297
3.05267
3.03463
3.01891
3.00557
2.99448
2.98549
2.97844
2.9732
2.96969
2.96798
2.96841
2.97178
2.97948
2.99314
3.73502
3.70903
3.68283
3.65674
3.63069
3.60468
3.57866
3.55261
3.52649
3.50028
3.47394
3.44745
3.42077
3.39388
3.36677
3.33941
3.31182
3.28402
3.25605
3.22802
3.20009
3.17247
3.14549
3.11956
3.09513
3.07262
3.05232
3.03429
3.01856
3.00522
2.99414
2.98515
2.9781
2.97286
2.96935
2.96764
2.96807
2.97144
2.97914
2.9928
3.73458
3.70859
3.68239
3.6563
3.63025
3.60424
3.57822
3.55217
3.52605
3.49984
3.4735
3.44701
3.42033
3.39344
3.36633
3.33897
3.31138
3.28358
3.25561
3.22758
3.19965
3.17203
3.14506
3.11913
3.09469
3.07218
3.05188
3.03385
3.01813
3.00479
2.99371
2.98472
2.97767
2.97243
2.96891
2.9672
2.96764
2.97101
2.9787
2.99237
3.73408
3.70808
3.68188
3.65579
3.62974
3.60372
3.5777
3.55165
3.52553
3.49932
3.47298
3.44649
3.41981
3.39292
3.3658
3.33844
3.31085
3.28305
3.25508
3.22705
3.19912
3.1715
3.14452
3.11859
3.09415
3.07164
3.05134
3.03331
3.01759
3.00425
2.99316
2.98417
2.97712
2.97188
2.96837
2.96666
2.96709
2.97046
2.97816
2.99181
3.73362
3.70762
3.68141
3.65532
3.62927
3.60325
3.57723
3.55117
3.52506
3.49884
3.4725
3.446
3.41932
3.39243
3.36531
3.33795
3.31035
3.28255
3.25458
3.22655
3.19861
3.17099
3.14401
3.11808
3.09364
3.07113
3.05082
3.03279
3.01707
3.00373
2.99264
2.98365
2.97659
2.97135
2.96784
2.96612
2.96656
2.96992
2.97762
2.99127
3.73338
3.70739
3.68118
3.65509
3.62904
3.60301
3.57699
3.55093
3.52482
3.4986
3.47226
3.44576
3.41908
3.39219
3.36506
3.3377
3.31011
3.2823
3.25433
3.2263
3.19836
3.17074
3.14376
3.11782
3.09338
3.07087
3.05056
3.03253
3.01681
3.00347
2.99238
2.98338
2.97633
2.97109
2.96757
2.96586
2.96629
2.96965
2.97735
2.991
3.73349
3.70749
3.68129
3.6552
3.62915
3.60313
3.57711
3.55106
3.52494
3.49873
3.47239
3.44589
3.41921
3.39232
3.3652
3.33784
3.31025
3.28245
3.25448
3.22645
3.19851
3.1709
3.14392
3.11798
3.09355
3.07104
3.05073
3.03271
3.01698
3.00364
2.99255
2.98355
2.97651
2.97127
2.96775
2.96604
2.96648
2.96983
2.97753
2.99119
3.73367
3.70768
3.68148
3.65539
3.62935
3.60333
3.57731
3.55126
3.52515
3.49894
3.47261
3.44612
3.41944
3.39255
3.36544
3.33808
3.31049
3.28269
3.25473
3.22671
3.19877
3.17116
3.14418
3.11825
3.09382
3.07132
3.05102
3.03299
3.01727
3.00393
2.99284
2.98386
2.97681
2.97158
2.96806
2.96635
2.96679
2.97015
2.97785
2.99151
3.73339
3.7074
3.6812
3.65511
3.62907
3.60305
3.57703
3.55098
3.52487
3.49866
3.47232
3.44583
3.41916
3.39227
3.36515
3.3378
3.31021
3.28241
3.25445
3.22642
3.19849
3.17087
3.1439
3.11798
3.09355
3.07105
3.05075
3.03272
3.017
3.00366
2.99258
2.9836
2.97656
2.97132
2.9678
2.96609
2.96653
2.96989
2.97759
2.99125
3.73256
3.70656
3.68036
3.65427
3.62821
3.60219
3.57617
3.55011
3.52399
3.49778
3.47143
3.44494
3.41825
3.39136
3.36424
3.33688
3.30929
3.28148
3.25351
3.22548
3.19754
3.16992
3.14294
3.11701
3.09258
3.07007
3.04976
3.03172
3.016
3.00266
2.99158
2.9826
2.97555
2.97031
2.96679
2.96508
2.96551
2.96887
2.97656
2.99022
3.73182
3.70582
3.67961
3.65351
3.62745
3.60142
3.57539
3.54933
3.5232
3.49698
3.47063
3.44413
3.41744
3.39054
3.36341
3.33605
3.30845
3.28063
3.25265
3.22461
3.19666
3.16904
3.14205
3.11611
3.09167
3.06914
3.04883
3.03079
3.01506
3.00171
2.99062
2.98163
2.97457
2.96933
2.9658
2.96408
2.96452
2.96787
2.97556
2.9892
3.73184
3.70584
3.67963
3.65353
3.62747
3.60145
3.57542
3.54936
3.52323
3.49701
3.47067
3.44416
3.41748
3.39058
3.36345
3.33609
3.30848
3.28067
3.25269
3.22465
3.19671
3.16908
3.1421
3.11616
3.09171
3.06919
3.04887
3.03083
3.0151
3.00175
2.99066
2.98165
2.97459
2.96935
2.96582
2.9641
2.96454
2.9679
2.97559
2.98925
3.73236
3.70637
3.68017
3.65408
3.62804
3.60202
3.576
3.54995
3.52384
3.49763
3.4713
3.4448
3.41813
3.39124
3.36413
3.33678
3.30919
3.28138
3.25342
3.2254
3.19747
3.16985
3.14288
3.11695
3.09252
3.07
3.0497
3.03167
3.01595
3.00261
2.99152
2.98252
2.97547
2.97023
2.96672
2.96501
2.96546
2.96882
2.97652
2.9902
3.73211
3.70612
3.67992
3.65384
3.62779
3.60178
3.57577
3.54972
3.52361
3.4974
3.47107
3.44458
3.41791
3.39102
3.36391
3.33656
3.30897
3.28117
3.25322
3.22519
3.19726
3.16965
3.14268
3.11675
3.09232
3.06982
3.04952
3.0315
3.01578
3.00244
2.99136
2.98238
2.97533
2.9701
2.96659
2.96488
2.96533
2.96869
2.9764
2.99007
3.73081
3.70481
3.67859
3.6525
3.62644
3.60041
3.57439
3.54833
3.5222
3.49598
3.46964
3.44313
3.41645
3.38955
3.36242
3.33505
3.30745
3.27964
3.25167
3.22363
3.19568
3.16806
3.14107
3.11514
3.0907
3.06818
3.04787
3.02984
3.01411
3.00077
2.98968
2.98069
2.97364
2.96841
2.96489
2.96319
2.96364
2.96702
2.97474
2.98842
3.73018
3.70417
3.67796
3.65186
3.62581
3.59979
3.57376
3.5477
3.52158
3.49536
3.46902
3.44252
3.41584
3.38894
3.36182
3.33446
3.30686
3.27906
3.25109
3.22306
3.19512
3.1675
3.14052
3.11459
3.09015
3.06764
3.04733
3.0293
3.01357
3.00023
2.98914
2.98016
2.97312
2.96789
2.96438
2.96269
2.96316
2.96656
2.97432
2.98808
3.73021
3.70422
3.67801
3.65192
3.62588
3.59986
3.57384
3.5478
3.52168
3.49548
3.46914
3.44266
3.41598
3.3891
3.36199
3.33464
3.30705
3.27925
3.25129
3.22327
3.19533
3.16772
3.14075
3.11482
3.09039
3.06788
3.04758
3.02954
3.01382
3.00048
2.9894
2.98042
2.97338
2.96815
2.96465
2.96298
2.96346
2.9669
2.9747
2.98847
3.73013
3.70412
3.67791
3.65181
3.62575
3.59973
3.5737
3.54765
3.52152
3.4953
3.46896
3.44245
3.41577
3.38886
3.36174
3.33437
3.30677
3.27895
3.25097
3.22293
3.19498
3.16736
3.14037
3.11442
3.08998
3.06746
3.04714
3.02911
3.01338
3.00004
2.98897
2.97998
2.97294
2.96773
2.96426
2.96259
2.9631
2.96659
2.97442
2.98832
3.73131
3.70536
3.67921
3.65318
3.62719
3.60123
3.57527
3.54929
3.52324
3.49709
3.47083
3.4444
3.4178
3.39098
3.36394
3.33665
3.30913
3.28138
3.25347
3.22548
3.19755
3.16991
3.14288
3.11683
3.09223
3.06952
3.04901
3.03079
3.01488
3.00135
2.99009
2.98094
2.97376
2.96837
2.96467
2.96274
2.96295
2.96604
2.97356
2.98724
3.70733
3.68176
3.65595
3.63031
3.60475
3.57927
3.55382
3.52838
3.50292
3.47738
3.45175
3.42599
3.40007
3.37398
3.34771
3.32126
3.29466
3.26796
3.24126
3.2147
3.18847
3.16284
3.13813
3.11473
3.09298
3.0732
3.05555
3.04009
3.02681
3.0157
3.00666
2.99955
2.99429
2.99082
2.98923
2.98977
2.99295
2.99957
3.01056
3.0264
3.71093
3.68525
3.65931
3.63354
3.60786
3.58224
3.55666
3.53108
3.50547
3.47978
3.454
3.42809
3.40202
3.37578
3.34935
3.32275
3.29601
3.26917
3.24235
3.21567
3.18936
3.16368
3.13897
3.11559
3.0939
3.07419
3.05661
3.0412
3.02796
3.01687
3.0078
3.00061
2.9952
2.99152
2.98962
2.98976
2.99245
2.99857
3.00916
3.02484
3.71161
3.68589
3.65993
3.63414
3.60842
3.58278
3.55717
3.53157
3.50593
3.48023
3.45442
3.42848
3.40239
3.37613
3.34968
3.32306
3.29629
3.26944
3.24259
3.2159
3.18957
3.16388
3.13915
3.11575
3.09405
3.07432
3.05672
3.04129
3.02802
3.0169
3.0078
3.00058
2.99513
2.9914
2.98945
2.98952
2.99214
2.99817
3.00867
3.02426
3.71191
3.6862
3.66023
3.63443
3.60871
3.58306
3.55745
3.53183
3.50619
3.48048
3.45467
3.42872
3.40263
3.37635
3.3499
3.32327
3.2965
3.26964
3.24279
3.21609
3.18975
3.16405
3.13932
3.11592
3.09421
3.07447
3.05687
3.04142
3.02815
3.01702
3.00791
3.00068
2.99523
2.99148
2.98951
2.98955
2.99214
2.99813
3.00857
3.0241
3.71218
3.68646
3.66049
3.63469
3.60897
3.58331
3.5577
3.53209
3.50644
3.48073
3.45491
3.42897
3.40287
3.37659
3.35014
3.32351
3.29673
3.26987
3.24301
3.21631
3.18997
3.16427
3.13953
3.11613
3.09442
3.07468
3.05707
3.04162
3.02835
3.01721
3.0081
3.00087
2.9954
2.99165
2.98967
2.9897
2.99226
2.99822
3.00863
3.02412
3.71244
3.68672
3.66075
3.63494
3.60922
3.58357
3.55795
3.53234
3.50669
3.48098
3.45516
3.42922
3.40311
3.37684
3.35038
3.32375
3.29697
3.27011
3.24325
3.21655
3.19021
3.16451
3.13977
3.11636
3.09465
3.07491
3.0573
3.04185
3.02857
3.01744
3.00832
3.00109
2.99562
2.99187
2.98987
2.98989
2.99244
2.99838
3.00878
3.02425
3.71269
3.68696
3.66099
3.63519
3.60947
3.58381
3.5582
3.53258
3.50693
3.48122
3.4554
3.42946
3.40336
3.37708
3.35062
3.32399
3.29721
3.27035
3.24349
3.21679
3.19045
3.16474
3.14001
3.1166
3.09489
3.07515
3.05753
3.04209
3.02881
3.01767
3.00855
3.00132
2.99585
2.99208
2.99009
2.9901
2.99265
2.99858
3.00897
3.02443
3.71294
3.68722
3.66125
3.63544
3.60972
3.58407
3.55845
3.53284
3.50719
3.48147
3.45566
3.42971
3.40361
3.37734
3.35088
3.32425
3.29747
3.27061
3.24375
3.21705
3.19071
3.165
3.14026
3.11686
3.09515
3.0754
3.05779
3.04234
3.02906
3.01793
3.00881
3.00157
2.9961
2.99234
2.99034
2.99035
2.9929
2.99883
3.00921
3.02466
3.7132
3.68748
3.66151
3.63571
3.60998
3.58433
3.55872
3.5331
3.50746
3.48174
3.45593
3.42998
3.40388
3.37761
3.35115
3.32452
3.29775
3.27088
3.24403
3.21733
3.19099
3.16528
3.14054
3.11714
3.09542
3.07569
3.05807
3.04262
3.02935
3.01821
3.00909
3.00185
2.99638
2.99262
2.99062
2.99064
2.99318
2.99911
3.00949
3.02494
3.71343
3.6877
3.66174
3.63593
3.61021
3.58456
3.55895
3.53333
3.50769
3.48197
3.45616
3.43021
3.40411
3.37784
3.35139
3.32476
3.29798
3.27112
3.24427
3.21757
3.19123
3.16552
3.14078
3.11738
3.09567
3.07593
3.05831
3.04287
3.02959
3.01845
3.00933
3.00209
2.99662
2.99286
2.99086
2.99088
2.99342
2.99935
3.00972
3.02517
3.71355
3.68783
3.66186
3.63606
3.61034
3.58469
3.55907
3.53346
3.50782
3.4821
3.45629
3.43035
3.40425
3.37797
3.35152
3.32489
3.29812
3.27125
3.2444
3.2177
3.19136
3.16566
3.14092
3.11751
3.0958
3.07606
3.05845
3.043
3.02972
3.01858
3.00946
3.00222
2.99675
2.99299
2.99099
2.991
2.99355
2.99948
3.00985
3.0253
3.71355
3.68783
3.66186
3.63606
3.61034
3.58469
3.55908
3.53346
3.50782
3.4821
3.45629
3.43035
3.40425
3.37797
3.35152
3.32489
3.29812
3.27125
3.2444
3.2177
3.19136
3.16565
3.14092
3.11751
3.0958
3.07605
3.05844
3.04299
3.02971
3.01857
3.00945
3.00221
2.99674
2.99298
2.99098
2.991
2.99354
2.99947
3.00984
3.02529
3.71344
3.68772
3.66175
3.63594
3.61022
3.58457
3.55896
3.53335
3.5077
3.48199
3.45617
3.43023
3.40413
3.37785
3.3514
3.32477
3.298
3.27113
3.24428
3.21758
3.19124
3.16553
3.14079
3.11739
3.09567
3.07593
3.05832
3.04287
3.02959
3.01845
3.00933
3.00209
2.99662
2.99286
2.99086
2.99087
2.99341
2.99934
3.00972
3.02517
3.71321
3.68749
3.66152
3.63572
3.61
3.58435
3.55873
3.53312
3.50747
3.48176
3.45594
3.43
3.4039
3.37762
3.35117
3.32454
3.29776
3.2709
3.24404
3.21734
3.191
3.1653
3.14056
3.11715
3.09544
3.07569
3.05808
3.04263
3.02935
3.01821
3.00909
3.00185
2.99638
2.99262
2.99062
2.99063
2.99317
2.9991
3.00947
3.02492
3.71287
3.68715
3.66118
3.63538
3.60965
3.584
3.55838
3.53277
3.50712
3.48141
3.45559
3.42964
3.40354
3.37727
3.35081
3.32418
3.2974
3.27054
3.24368
3.21698
3.19064
3.16494
3.1402
3.11679
3.09507
3.07533
3.05771
3.04226
3.02898
3.01784
3.00873
3.00148
2.99601
2.99225
2.99025
2.99026
2.9928
2.99872
3.00909
3.02454
3.71245
3.68672
3.66075
3.63494
3.60922
3.58356
3.55795
3.53233
3.50668
3.48096
3.45515
3.4292
3.4031
3.37682
3.35036
3.32373
3.29695
3.27008
3.24323
3.21652
3.19018
3.16448
3.13974
3.11633
3.09461
3.07487
3.05725
3.0418
3.02852
3.01738
3.00826
3.00102
2.99554
2.99178
2.98977
2.98978
2.99232
2.99824
3.00862
3.02406
3.71201
3.68628
3.66031
3.6345
3.60878
3.58312
3.5575
3.53188
3.50623
3.48051
3.45469
3.42875
3.40264
3.37636
3.3499
3.32327
3.29649
3.26962
3.24277
3.21606
3.18972
3.16401
3.13927
3.11586
3.09414
3.0744
3.05679
3.04134
3.02805
3.01691
3.00779
3.00055
2.99507
2.9913
2.9893
2.98931
2.99185
2.99777
3.00814
3.02359
3.71162
3.6859
3.65992
3.63411
3.60839
3.58273
3.55711
3.53149
3.50584
3.48012
3.4543
3.42835
3.40224
3.37597
3.3495
3.32287
3.29609
3.26923
3.24237
3.21566
3.18932
3.16361
3.13887
3.11546
3.09374
3.074
3.05639
3.04094
3.02765
3.01651
3.00739
3.00014
2.99467
2.9909
2.9889
2.98891
2.99145
2.99737
3.00774
3.02318
3.71127
3.68555
3.65957
3.63376
3.60804
3.58238
3.55676
3.53114
3.50548
3.47977
3.45395
3.428
3.40189
3.37561
3.34915
3.32251
3.29574
3.26887
3.24201
3.2153
3.18896
3.16325
3.13851
3.1151
3.09338
3.07364
3.05603
3.04058
3.02729
3.01615
3.00702
2.99978
2.9943
2.99053
2.98853
2.98854
2.99108
2.997
3.00737
3.02281
3.71092
3.6852
3.65922
3.63341
3.60768
3.58202
3.5564
3.53078
3.50513
3.47941
3.45358
3.42763
3.40153
3.37525
3.34878
3.32215
3.29537
3.2685
3.24164
3.21493
3.18859
3.16288
3.13814
3.11473
3.09301
3.07327
3.05565
3.0402
3.02691
3.01577
3.00664
2.9994
2.99392
2.99015
2.98815
2.98816
2.99069
2.99661
3.00698
3.02242
3.71057
3.68484
3.65886
3.63305
3.60732
3.58166
3.55604
3.53042
3.50476
3.47904
3.45322
3.42727
3.40116
3.37488
3.34842
3.32178
3.295
3.26813
3.24127
3.21456
3.18822
3.16251
3.13776
3.11435
3.09264
3.07289
3.05527
3.03982
3.02653
3.01539
3.00626
2.99902
2.99354
2.98977
2.98777
2.98777
2.9903
2.99622
3.00659
3.02203
3.71023
3.6845
3.65853
3.63271
3.60698
3.58132
3.5557
3.53008
3.50442
3.4787
3.45288
3.42692
3.40082
3.37454
3.34807
3.32144
3.29466
3.26779
3.24093
3.21422
3.18788
3.16217
3.13742
3.11401
3.0923
3.07255
3.05493
3.03948
3.02619
3.01505
3.00592
2.99868
2.9932
2.98943
2.98742
2.98743
2.98996
2.99588
3.00625
3.02169
3.70988
3.68415
3.65817
3.63236
3.60663
3.58097
3.55534
3.52972
3.50406
3.47834
3.45252
3.42657
3.40046
3.37418
3.34772
3.32108
3.2943
3.26743
3.24057
3.21387
3.18753
3.16182
3.13707
3.11367
3.09195
3.0722
3.05458
3.03913
3.02584
3.0147
3.00558
2.99834
2.99286
2.98909
2.98708
2.98709
2.98962
2.99554
3.00591
3.02135
3.70944
3.68371
3.65773
3.63192
3.60619
3.58053
3.5549
3.52928
3.50363
3.4779
3.45208
3.42613
3.40002
3.37374
3.34728
3.32064
3.29386
3.267
3.24013
3.21343
3.18709
3.16138
3.13664
3.11323
3.09151
3.07176
3.05415
3.03869
3.02541
3.01427
3.00515
2.99791
2.99242
2.98865
2.98665
2.98666
2.98919
2.99511
3.00548
3.02091
3.70893
3.6832
3.65722
3.63141
3.60568
3.58001
3.55439
3.52877
3.50311
3.47739
3.45156
3.42561
3.3995
3.37322
3.34675
3.32012
3.29334
3.26647
3.23961
3.2129
3.18656
3.16085
3.1361
3.11269
3.09097
3.07122
3.05361
3.03815
3.02487
3.01373
3.00461
2.99736
2.99188
2.98811
2.98611
2.98612
2.98864
2.99456
3.00493
3.02036
3.70847
3.68274
3.65676
3.63094
3.60521
3.57954
3.55392
3.52829
3.50263
3.4769
3.45108
3.42512
3.39901
3.37273
3.34626
3.31962
3.29284
3.26597
3.23911
3.2124
3.18606
3.16034
3.1356
3.11218
3.09046
3.07071
3.05309
3.03764
3.02435
3.01321
3.00409
2.99684
2.99135
2.98758
2.98558
2.98559
2.98811
2.99403
3.00439
3.01982
3.70824
3.68251
3.65652
3.63071
3.60497
3.57931
3.55368
3.52805
3.50239
3.47667
3.45084
3.42488
3.39877
3.37248
3.34602
3.31938
3.29259
3.26572
3.23886
3.21215
3.18581
3.16009
3.13535
3.11193
3.09021
3.07046
3.05284
3.03739
3.0241
3.01296
3.00383
2.99658
2.9911
2.98732
2.98532
2.98533
2.98786
2.99377
3.00413
3.01956
3.70835
3.68262
3.65664
3.63082
3.60509
3.57943
3.5538
3.52818
3.50252
3.4768
3.45097
3.42502
3.39891
3.37263
3.34616
3.31952
3.29274
3.26588
3.23902
3.21231
3.18596
3.16025
3.13551
3.11209
3.09037
3.07063
3.05302
3.03756
3.02427
3.01313
3.004
2.99676
2.99128
2.98751
2.98551
2.98551
2.98804
2.99395
3.00432
3.01974
3.70854
3.68281
3.65683
3.63102
3.60529
3.57963
3.55401
3.52839
3.50274
3.47702
3.45119
3.42524
3.39914
3.37286
3.3464
3.31977
3.29299
3.26613
3.23927
3.21256
3.18622
3.16051
3.13577
3.11237
3.09065
3.07091
3.0533
3.03784
3.02455
3.01341
3.00429
2.99705
2.99158
2.98781
2.98581
2.98582
2.98834
2.99425
3.00462
3.02005
3.70826
3.68253
3.65655
3.63074
3.60501
3.57935
3.55373
3.52811
3.50246
3.47674
3.45092
3.42496
3.39886
3.37258
3.34612
3.31949
3.29271
3.26584
3.23898
3.21228
3.18594
3.16023
3.1355
3.11209
3.09038
3.07064
3.05302
3.03757
3.02428
3.01314
3.00403
2.99679
2.99131
2.98754
2.98554
2.98555
2.98807
2.99399
3.00436
3.01979
3.70743
3.68169
3.65571
3.62989
3.60416
3.57849
3.55286
3.52724
3.50158
3.47585
3.45002
3.42407
3.39796
3.37167
3.34521
3.31857
3.29179
3.26491
3.23805
3.21134
3.18499
3.15928
3.13454
3.11113
3.08941
3.06967
3.05205
3.03659
3.0233
3.01217
3.00305
2.99581
2.99032
2.98654
2.98454
2.98455
2.98707
2.99298
3.00335
3.01877
3.70669
3.68095
3.65496
3.62913
3.60339
3.57772
3.55209
3.52645
3.50079
3.47505
3.44922
3.42326
3.39714
3.37085
3.34438
3.31773
3.29094
3.26406
3.23718
3.21047
3.18412
3.1584
3.13365
3.11023
3.0885
3.06875
3.05112
3.03566
3.02237
3.01122
3.0021
2.99485
2.98936
2.98558
2.98357
2.98357
2.98609
2.99199
3.00235
3.01777
3.7067
3.68097
3.65498
3.62916
3.60342
3.57775
3.55211
3.52648
3.50082
3.47508
3.44925
3.42329
3.39718
3.37089
3.34442
3.31777
3.29098
3.2641
3.23723
3.21051
3.18417
3.15845
3.13369
3.11027
3.08854
3.06878
3.05116
3.03569
3.0224
3.01125
3.00212
2.99486
2.98937
2.98559
2.98358
2.98359
2.98612
2.99202
3.00239
3.01783
3.70722
3.6815
3.65552
3.62971
3.60398
3.57832
3.5527
3.52708
3.50142
3.4757
3.44988
3.42393
3.39783
3.37155
3.34509
3.31846
3.29168
3.26481
3.23796
3.21126
3.18492
3.15921
3.13446
3.11105
3.08933
3.06959
3.05197
3.03652
3.02322
3.01208
3.00296
2.99571
2.99023
2.98645
2.98445
2.98447
2.987
2.99291
3.00329
3.01874
3.70697
3.68124
3.65526
3.62945
3.60373
3.57807
3.55245
3.52683
3.50118
3.47546
3.44964
3.4237
3.3976
3.37132
3.34486
3.31823
3.29145
3.26459
3.23774
3.21104
3.1847
3.15899
3.13426
3.11085
3.08914
3.0694
3.05179
3.03634
3.02305
3.01191
3.0028
2.99556
2.99008
2.98631
2.98431
2.98434
2.98686
2.99278
3.00316
3.01859
3.70563
3.67989
3.65391
3.62809
3.60235
3.57668
3.55104
3.52541
3.49975
3.47402
3.44819
3.42222
3.39611
3.36982
3.34334
3.3167
3.28991
3.26303
3.23617
3.20946
3.18311
3.15739
3.13265
3.10923
3.08751
3.06776
3.05015
3.03469
3.02139
3.01025
3.00113
2.99389
2.98841
2.98464
2.98265
2.98266
2.9852
2.99114
3.00153
3.01701
3.70496
3.67922
3.65323
3.62741
3.60167
3.576
3.55037
3.52475
3.49908
3.47336
3.44753
3.42157
3.39546
3.36917
3.34271
3.31607
3.28929
3.26242
3.23555
3.20885
3.1825
3.15679
3.13205
3.10864
3.08691
3.06717
3.04955
3.03409
3.0208
3.00966
3.00054
2.99331
2.98784
2.98408
2.98209
2.98213
2.98471
2.99068
3.00111
3.01663
3.70493
3.6792
3.65322
3.6274
3.60167
3.57601
3.55039
3.52478
3.49913
3.47341
3.44759
3.42164
3.39554
3.36927
3.34281
3.31618
3.2894
3.26254
3.23568
3.20898
3.18265
3.15694
3.1322
3.1088
3.08708
3.06734
3.04972
3.03427
3.02098
3.00984
3.00073
2.9935
2.98803
2.98428
2.98231
2.98238
2.98497
2.99096
3.00143
3.01702
3.70475
3.67901
3.65302
3.6272
3.60146
3.57579
3.55016
3.52453
3.49887
3.47314
3.44731
3.42134
3.39523
3.36894
3.34247
3.31582
3.28903
3.26215
3.23528
3.20857
3.18222
3.1565
3.13175
3.10833
3.08661
3.06685
3.04924
3.03378
3.02049
3.00936
3.00025
2.99301
2.98756
2.98383
2.98188
2.98195
2.98458
2.99063
3.00123
3.01684
3.7058
3.68012
3.65419
3.62844
3.60277
3.57717
3.55161
3.52606
3.50047
3.47482
3.44908
3.4232
3.39717
3.37096
3.34457
3.318
3.29128
3.26446
3.23764
3.21095
3.18459
3.15883
3.134
3.11046
3.08857
3.06865
3.05085
3.03522
3.02176
3.01045
3.00117
2.99378
2.98816
2.98421
2.98201
2.98182
2.98412
2.98985
3.00015
3.01572
3.68267
3.65743
3.63188
3.60654
3.58133
3.55623
3.5312
3.50621
3.48122
3.45619
3.4311
3.40591
3.38061
3.3552
3.32967
3.30406
3.27843
3.25286
3.2275
3.20251
3.17813
3.15464
3.13233
3.11153
3.09248
3.07538
3.06032
3.0473
3.03629
3.02726
3.02008
3.01469
3.01105
3.00922
3.00938
3.01191
3.0174
3.02662
3.0404
3.05945
3.68665
3.66128
3.6356
3.61012
3.58477
3.55953
3.53435
3.50921
3.48407
3.45889
3.43363
3.40829
3.38283
3.35725
3.33157
3.30581
3.28004
3.25434
3.22886
3.20378
3.17934
3.15581
3.1335
3.11272
3.09371
3.07665
3.06162
3.04861
3.03759
3.02851
3.02124
3.0157
3.01183
3.0097
3.00948
3.01156
3.01658
3.02537
3.03884
3.05772
3.68748
3.66208
3.63637
3.61087
3.58549
3.56021
3.53501
3.50985
3.48467
3.45947
3.43419
3.40882
3.38333
3.35773
3.33202
3.30624
3.28045
3.25473
3.22923
3.20413
3.17967
3.15612
3.1338
3.11299
3.09396
3.07688
3.06182
3.04879
3.03774
3.02862
3.02132
3.01573
3.01182
3.00962
3.00934
3.01134
3.01627
3.02497
3.03835
3.05714
3.68786
3.66246
3.63674
3.61123
3.58585
3.56057
3.53536
3.51018
3.485
3.45979
3.4345
3.40912
3.38363
3.35803
3.33231
3.30652
3.28072
3.255
3.22949
3.20438
3.17991
3.15636
3.13403
3.11322
3.09418
3.07709
3.06202
3.04898
3.03792
3.02879
3.02148
3.01588
3.01195
3.00974
3.00942
3.0114
3.01628
3.02493
3.03825
3.05698
3.68817
3.66277
3.63704
3.61153
3.58614
3.56086
3.53565
3.51047
3.48529
3.46007
3.43479
3.40941
3.38391
3.3583
3.33259
3.30679
3.28099
3.25526
3.22975
3.20464
3.18017
3.15661
3.13428
3.11346
3.09442
3.07733
3.06226
3.04921
3.03815
3.02902
3.02169
3.01609
3.01215
3.00993
3.0096
3.01155
3.01641
3.02502
3.03831
3.057
3.68845
3.66304
3.63732
3.61181
3.58642
3.56114
3.53592
3.51074
3.48556
3.46034
3.43506
3.40967
3.38418
3.35857
3.33285
3.30706
3.28125
3.25552
3.23001
3.2049
3.18042
3.15687
3.13453
3.11371
3.09467
3.07758
3.06251
3.04945
3.03839
3.02926
3.02193
3.01632
3.01238
3.01014
3.00981
3.01175
3.01659
3.02519
3.03845
3.05713
3.6887
3.6633
3.63757
3.61206
3.58667
3.56139
3.53617
3.511
3.48581
3.46059
3.43531
3.40992
3.38443
3.35882
3.3331
3.30731
3.2815
3.25577
3.23025
3.20514
3.18067
3.15711
3.13478
3.11396
3.09492
3.07782
3.06275
3.04969
3.03863
3.0295
3.02217
3.01655
3.01261
3.01037
3.01002
3.01196
3.0168
3.02539
3.03864
3.05731
3.68896
3.66355
3.63783
3.61232
3.58693
3.56164
3.53643
3.51125
3.48607
3.46085
3.43556
3.41018
3.38469
3.35908
3.33336
3.30757
3.28176
3.25603
3.23052
3.20541
3.18093
3.15737
3.13504
3.11422
3.09518
3.07808
3.06301
3.04996
3.0389
3.02976
3.02243
3.01681
3.01286
3.01062
3.01028
3.01221
3.01705
3.02563
3.03889
3.05754
3.68922
3.66382
3.63809
3.61258
3.58719
3.56191
3.5367
3.51152
3.48634
3.46112
3.43583
3.41045
3.38496
3.35935
3.33363
3.30784
3.28203
3.25631
3.23079
3.20568
3.18121
3.15765
3.13532
3.1145
3.09546
3.07836
3.06329
3.05024
3.03918
3.03004
3.02271
3.01709
3.01314
3.01091
3.01056
3.0125
3.01733
3.02592
3.03916
3.05781
3.68944
3.66404
3.63832
3.61281
3.58742
3.56214
3.53693
3.51175
3.48657
3.46135
3.43606
3.41068
3.38519
3.35958
3.33387
3.30808
3.28227
3.25654
3.23103
3.20592
3.18145
3.15789
3.13556
3.11474
3.0957
3.0786
3.06353
3.05048
3.03942
3.03028
3.02295
3.01733
3.01338
3.01115
3.0108
3.01274
3.01757
3.02615
3.0394
3.05805
3.68957
3.66417
3.63845
3.61294
3.58755
3.56227
3.53706
3.51188
3.4867
3.46148
3.43619
3.41081
3.38532
3.35971
3.334
3.30821
3.2824
3.25668
3.23117
3.20606
3.18158
3.15803
3.13569
3.11487
3.09583
3.07873
3.06366
3.05061
3.03955
3.0304
3.02307
3.01746
3.01351
3.01127
3.01093
3.01286
3.0177
3.02628
3.03952
3.05817
3.68957
3.66417
3.63845
3.61294
3.58755
3.56227
3.53706
3.51188
3.4867
3.46148
3.43619
3.41081
3.38532
3.35971
3.334
3.30821
3.2824
3.25668
3.23117
3.20606
3.18158
3.15802
3.13569
3.11487
3.09583
3.07873
3.06366
3.0506
3.03954
3.0304
3.02307
3.01745
3.01351
3.01127
3.01092
3.01285
3.01768
3.02627
3.03952
3.05817
3.68946
3.66405
3.63833
3.61282
3.58743
3.56215
3.53694
3.51176
3.48658
3.46136
3.43608
3.4107
3.3852
3.35959
3.33388
3.30809
3.28228
3.25656
3.23104
3.20593
3.18146
3.1579
3.13556
3.11475
3.0957
3.07861
3.06353
3.05048
3.03941
3.03027
3.02294
3.01733
3.01338
3.01114
3.01079
3.01272
3.01756
3.02614
3.03939
3.05804
3.68923
3.66383
3.63811
3.6126
3.58721
3.56192
3.53671
3.51153
3.48635
3.46113
3.43585
3.41046
3.38497
3.35936
3.33365
3.30786
3.28205
3.25632
3.23081
3.2057
3.18122
3.15767
3.13533
3.11451
3.09547
3.07837
3.06329
3.05024
3.03917
3.03003
3.0227
3.01709
3.01314
3.0109
3.01055
3.01248
3.01732
3.0259
3.03914
3.05779
3.68889
3.66349
3.63777
3.61225
3.58686
3.56158
3.53637
3.51119
3.486
3.46078
3.4355
3.41011
3.38462
3.35901
3.33329
3.3075
3.28169
3.25596
3.23045
3.20534
3.18086
3.1573
3.13497
3.11415
3.0951
3.078
3.06293
3.04987
3.03881
3.02967
3.02234
3.01672
3.01277
3.01053
3.01018
3.01211
3.01694
3.02552
3.03876
3.05741
3.68847
3.66306
3.63734
3.61182
3.58643
3.56114
3.53593
3.51075
3.48556
3.46034
3.43505
3.40967
3.38417
3.35856
3.33284
3.30705
3.28124
3.25551
3.22999
3.20488
3.18041
3.15685
3.13451
3.11369
3.09464
3.07754
3.06247
3.04941
3.03835
3.02921
3.02188
3.01626
3.0123
3.01006
3.00971
3.01164
3.01647
3.02504
3.03829
3.05693
3.68803
3.66262
3.6369
3.61138
3.58599
3.5607
3.53548
3.5103
3.48512
3.45989
3.4346
3.40922
3.38372
3.35811
3.33239
3.30659
3.28078
3.25505
3.22953
3.20442
3.17995
3.15639
3.13405
3.11322
3.09418
3.07708
3.062
3.04895
3.03788
3.02874
3.02141
3.01579
3.01183
3.00959
3.00924
3.01116
3.01599
3.02457
3.03782
3.05646
3.68765
3.66224
3.63651
3.61099
3.5856
3.56031
3.53509
3.50991
3.48472
3.4595
3.43421
3.40882
3.38333
3.35771
3.33199
3.3062
3.28038
3.25465
3.22914
3.20402
3.17955
3.15599
3.13365
3.11282
3.09378
3.07668
3.06161
3.04855
3.03748
3.02834
3.021
3.01538
3.01143
3.00918
3.00883
3.01076
3.01559
3.02417
3.03741
3.05606
3.6873
3.66189
3.63616
3.61065
3.58525
3.55996
3.53474
3.50956
3.48437
3.45915
3.43386
3.40847
3.38297
3.35736
3.33164
3.30584
3.28003
3.2543
3.22878
3.20367
3.17919
3.15563
3.13329
3.11247
3.09342
3.07632
3.06125
3.04819
3.03712
3.02798
3.02064
3.01502
3.01107
3.00882
3.00847
3.0104
3.01522
3.0238
3.03704
3.05569
3.68695
3.66154
3.63581
3.6103
3.5849
3.55961
3.53439
3.5092
3.48402
3.45879
3.4335
3.40811
3.38261
3.357
3.33127
3.30548
3.27966
3.25393
3.22841
3.2033
3.17882
3.15526
3.13291
3.11209
3.09305
3.07595
3.06087
3.04782
3.03674
3.0276
3.02026
3.01464
3.01069
3.00844
3.00809
3.01002
3.01484
3.02342
3.03665
3.0553
3.6866
3.66119
3.63546
3.60994
3.58454
3.55925
3.53403
3.50885
3.48366
3.45843
3.43314
3.40775
3.38225
3.35663
3.33091
3.30511
3.2793
3.25356
3.22804
3.20293
3.17845
3.15488
3.13254
3.11172
3.09268
3.07558
3.0605
3.04744
3.03637
3.02722
3.01989
3.01427
3.01031
3.00806
3.00771
3.00963
3.01445
3.02303
3.03627
3.05491
3.68627
3.66085
3.63512
3.6096
3.58421
3.55891
3.53369
3.50851
3.48332
3.45809
3.4328
3.40741
3.38191
3.35629
3.33057
3.30477
3.27896
3.25322
3.2277
3.20259
3.17811
3.15455
3.13221
3.11138
3.09234
3.07524
3.06016
3.0471
3.03603
3.02688
3.01955
3.01393
3.00997
3.00772
3.00737
3.00929
3.01411
3.02269
3.03592
3.05457
3.68591
3.6605
3.63477
3.60925
3.58385
3.55856
3.53334
3.50815
3.48296
3.45774
3.43244
3.40705
3.38155
3.35593
3.33021
3.30442
3.27861
3.25287
3.22736
3.20224
3.17776
3.1542
3.13186
3.11104
3.09199
3.07489
3.05981
3.04675
3.03568
3.02654
3.01921
3.01359
3.00963
3.00738
3.00703
3.00895
3.01378
3.02235
3.03558
3.05422
3.68548
3.66007
3.63433
3.60881
3.58341
3.55812
3.5329
3.50772
3.48253
3.4573
3.432
3.40661
3.38111
3.3555
3.32978
3.30398
3.27817
3.25244
3.22692
3.20181
3.17733
3.15377
3.13142
3.1106
3.09156
3.07446
3.05938
3.04632
3.03525
3.02611
3.01878
3.01316
3.0092
3.00695
3.0066
3.00852
3.01334
3.02192
3.03515
3.05379
3.68497
3.65956
3.63383
3.60831
3.58291
3.55761
3.53239
3.5072
3.48201
3.45678
3.43149
3.4061
3.3806
3.35498
3.32925
3.30346
3.27764
3.25191
3.22639
3.20128
3.1768
3.15324
3.13089
3.11007
3.09102
3.07392
3.05884
3.04578
3.03471
3.02557
3.01824
3.01261
3.00866
3.00641
3.00606
3.00798
3.0128
3.02137
3.0346
3.05324
3.68451
3.6591
3.63336
3.60784
3.58244
3.55714
3.53192
3.50673
3.48153
3.4563
3.43101
3.40561
3.38011
3.35449
3.32876
3.30296
3.27715
3.25141
3.22589
3.20078
3.1763
3.15273
3.13039
3.10956
3.09051
3.07341
3.05833
3.04527
3.0342
3.02505
3.01772
3.01209
3.00813
3.00588
3.00553
3.00745
3.01227
3.02084
3.03407
3.05271
3.68428
3.65887
3.63313
3.60761
3.5822
3.55691
3.53168
3.50649
3.4813
3.45607
3.43077
3.40538
3.37987
3.35425
3.32852
3.30272
3.27691
3.25117
3.22565
3.20054
3.17605
3.15249
3.13014
3.10931
3.09026
3.07316
3.05809
3.04503
3.03395
3.02481
3.01747
3.01184
3.00788
3.00563
3.00528
3.0072
3.01201
3.02059
3.03382
3.05246
3.6844
3.65898
3.63325
3.60773
3.58232
3.55703
3.53181
3.50662
3.48143
3.4562
3.43091
3.40552
3.38001
3.35439
3.32867
3.30287
3.27706
3.25133
3.22581
3.2007
3.17622
3.15265
3.13031
3.10948
3.09044
3.07334
3.05826
3.0452
3.03413
3.02498
3.01765
3.01202
3.00806
3.00582
3.00547
3.00738
3.0122
3.02077
3.034
3.05263
3.68459
3.65917
3.63344
3.60793
3.58253
3.55724
3.53202
3.50684
3.48165
3.45643
3.43113
3.40575
3.38025
3.35463
3.32891
3.30312
3.27731
3.25158
3.22607
3.20095
3.17647
3.15291
3.13057
3.10976
3.09071
3.07362
3.05854
3.04548
3.03441
3.02526
3.01794
3.01232
3.00836
3.00611
3.00576
3.00768
3.01249
3.02107
3.03429
3.05292
3.68431
3.6589
3.63317
3.60765
3.58225
3.55696
3.53174
3.50656
3.48137
3.45615
3.43086
3.40547
3.37997
3.35435
3.32863
3.30284
3.27703
3.2513
3.22578
3.20067
3.1762
3.15264
3.1303
3.10948
3.09044
3.07334
3.05827
3.04521
3.03414
3.025
3.01767
3.01205
3.00809
3.00584
3.00549
3.00741
3.01223
3.02081
3.03403
3.05267
3.68348
3.65806
3.63232
3.6068
3.58139
3.5561
3.53088
3.50569
3.48049
3.45526
3.42996
3.40457
3.37906
3.35345
3.32772
3.30192
3.2761
3.25037
3.22485
3.19973
3.17525
3.15169
3.12935
3.10853
3.08948
3.07238
3.0573
3.04424
3.03317
3.02403
3.0167
3.01107
3.00711
3.00486
3.00451
3.00642
3.01123
3.01981
3.03303
3.05167
3.68273
3.65731
3.63157
3.60604
3.58063
3.55533
3.53009
3.5049
3.4797
3.45446
3.42915
3.40376
3.37825
3.35262
3.32689
3.30108
3.27526
3.24951
3.22398
3.19886
3.17438
3.15081
3.12846
3.10762
3.08857
3.07146
3.05638
3.04331
3.03223
3.02309
3.01575
3.01012
3.00615
3.0039
3.00354
3.00545
3.01026
3.01883
3.03205
3.05068
3.68275
3.65733
3.63159
3.60606
3.58065
3.55535
3.53012
3.50493
3.47973
3.45449
3.42919
3.40379
3.37828
3.35266
3.32693
3.30112
3.2753
3.24955
3.22403
3.19891
3.17442
3.15085
3.12849
3.10766
3.0886
3.07149
3.0564
3.04333
3.03225
3.0231
3.01576
3.01013
3.00616
3.0039
3.00354
3.00546
3.01027
3.01885
3.03208
3.05071
3.68327
3.65786
3.63213
3.60661
3.58122
3.55593
3.53071
3.50552
3.48034
3.45511
3.42982
3.40444
3.37894
3.35332
3.3276
3.30181
3.27599
3.25026
3.22475
3.19964
3.17516
3.1516
3.12926
3.10843
3.08939
3.07229
3.05721
3.04415
3.03307
3.02392
3.01659
3.01097
3.007
3.00475
3.0044
3.00633
3.01115
3.01972
3.03296
3.0516
3.683
3.6576
3.63187
3.60635
3.58096
3.55567
3.53045
3.50527
3.48008
3.45486
3.42957
3.40419
3.37869
3.35308
3.32736
3.30157
3.27576
3.25003
3.22452
3.19941
3.17494
3.15138
3.12905
3.10823
3.08919
3.0721
3.05702
3.04397
3.0329
3.02376
3.01644
3.01081
3.00685
3.00461
3.00427
3.00619
3.011
3.01959
3.03283
3.05149
3.68165
3.65623
3.63049
3.60496
3.57955
3.55425
3.52902
3.50382
3.47863
3.45339
3.42809
3.40269
3.37718
3.35155
3.32582
3.30002
3.2742
3.24846
3.22293
3.19781
3.17333
3.14976
3.12742
3.10659
3.08754
3.07044
3.05536
3.0423
3.03122
3.02208
3.01475
3.00913
3.00517
3.00293
3.00259
3.00451
3.00935
3.01796
3.03122
3.04992
3.68093
3.65551
3.62977
3.60424
3.57883
3.55353
3.52831
3.50311
3.47792
3.45269
3.42739
3.402
3.37649
3.35087
3.32514
3.29934
3.27353
3.24779
3.22228
3.19716
3.17268
3.14912
3.12677
3.10595
3.0869
3.0698
3.05472
3.04166
3.03059
3.02145
3.01412
3.00851
3.00456
3.00233
3.00201
3.00396
3.00885
3.01748
3.03077
3.04948
3.68083
3.65541
3.62968
3.60416
3.57876
3.55348
3.52826
3.50308
3.47789
3.45267
3.42738
3.402
3.3765
3.35089
3.32517
3.29938
3.27358
3.24785
3.22234
3.19723
3.17276
3.14921
3.12687
3.10606
3.08701
3.06992
3.05484
3.04179
3.03072
3.02159
3.01427
3.00866
3.00472
3.00251
3.00221
3.00419
3.00908
3.01775
3.03112
3.04991
3.68055
3.65513
3.62939
3.60386
3.57845
3.55315
3.52792
3.50273
3.47753
3.4523
3.427
3.4016
3.37609
3.35047
3.32473
3.29893
3.27311
3.24737
3.22184
3.19672
3.17224
3.14867
3.12632
3.10549
3.08643
3.06933
3.05426
3.0412
3.03013
3.021
3.01369
3.00809
3.00417
3.00197
3.00169
3.0037
3.00866
3.01741
3.03084
3.04973
3.68146
3.6561
3.63043
3.60497
3.57963
3.55441
3.52926
3.50415
3.47903
3.45388
3.42866
3.40335
3.37793
3.35238
3.32673
3.30099
3.27523
3.24953
3.22403
3.19891
3.1744
3.15076
3.12831
3.10735
3.08815
3.07089
3.05565
3.04243
3.0312
3.02191
3.01443
3.00866
3.00453
3.0021
3.00158
3.00331
3.00795
3.01648
3.0298
3.04869
3.65932
3.63446
3.60919
3.58417
3.55932
3.53461
3.51001
3.48548
3.46098
3.43649
3.41196
3.3874
3.36278
3.33813
3.31347
3.28886
3.26439
3.24018
3.2164
3.19323
3.17093
3.14975
3.12993
3.11172
3.09528
3.08073
3.06808
3.05732
3.0484
3.04127
3.03585
3.03212
3.03013
3.03003
3.03213
3.03692
3.04512
3.0577
3.07594
3.10193
3.66368
3.63868
3.61327
3.58811
3.56311
3.53825
3.51349
3.4888
3.46414
3.43948
3.41479
3.39006
3.36528
3.34046
3.31565
3.29089
3.26628
3.24195
3.21806
3.19482
3.17247
3.15125
3.13143
3.11322
3.09679
3.08224
3.06957
3.05878
3.04979
3.04254
3.03695
3.03299
3.0307
3.03023
3.0319
3.03624
3.04401
3.05621
3.07419
3.09998
3.66467
3.63965
3.6142
3.58901
3.56398
3.53909
3.5143
3.48958
3.46489
3.4402
3.41548
3.39072
3.36592
3.34108
3.31624
3.29146
3.26682
3.24247
3.21856
3.19529
3.17292
3.15168
3.13184
3.11361
3.09716
3.08257
3.06988
3.05905
3.05002
3.04273
3.03709
3.03308
3.03073
3.03019
3.03178
3.03603
3.0437
3.05581
3.07369
3.09939
3.66513
3.6401
3.61465
3.58945
3.56441
3.53952
3.51472
3.48999
3.4653
3.4406
3.41587
3.3911
3.36629
3.34144
3.31659
3.2918
3.26716
3.2428
3.21888
3.19561
3.17323
3.15198
3.13213
3.11389
3.09743
3.08284
3.07013
3.05929
3.05025
3.04295
3.0373
3.03327
3.03089
3.03033
3.03189
3.0361
3.04372
3.05577
3.07359
3.09923
3.66548
3.64045
3.61499
3.58979
3.56475
3.53985
3.51505
3.49032
3.46562
3.44092
3.41619
3.39142
3.36661
3.34175
3.3169
3.29211
3.26747
3.2431
3.21918
3.1959
3.17351
3.15227
3.13241
3.11417
3.0977
3.08311
3.0704
3.05955
3.05051
3.0432
3.03754
3.0335
3.03111
3.03053
3.03207
3.03625
3.04385
3.05586
3.07365
3.09926
3.66578
3.64074
3.61529
3.59009
3.56504
3.54014
3.51534
3.49061
3.46591
3.44121
3.41648
3.39171
3.36689
3.34204
3.31718
3.29239
3.26775
3.24338
3.21945
3.19618
3.17379
3.15254
3.13268
3.11444
3.09797
3.08337
3.07066
3.05981
3.05077
3.04345
3.03779
3.03375
3.03135
3.03076
3.03229
3.03646
3.04403
3.05603
3.0738
3.09939
3.66604
3.641
3.61555
3.59035
3.5653
3.5404
3.5156
3.49087
3.46617
3.44147
3.41674
3.39197
3.36715
3.34229
3.31744
3.29265
3.268
3.24363
3.21971
3.19643
3.17404
3.15279
3.13293
3.11469
3.09822
3.08362
3.07091
3.06006
3.05101
3.0437
3.03803
3.03398
3.03158
3.03099
3.03251
3.03667
3.04424
3.05623
3.07399
3.09957
3.6663
3.64126
3.61581
3.59061
3.56556
3.54066
3.51586
3.49113
3.46643
3.44173
3.417
3.39223
3.36741
3.34256
3.3177
3.29291
3.26826
3.2439
3.21997
3.1967
3.17431
3.15306
3.1332
3.11495
3.09849
3.08389
3.07117
3.06032
3.05127
3.04396
3.03829
3.03424
3.03184
3.03124
3.03276
3.03693
3.04449
3.05648
3.07423
3.0998
3.66656
3.64153
3.61607
3.59087
3.56583
3.54092
3.51613
3.4914
3.4667
3.442
3.41727
3.3925
3.36768
3.34283
3.31798
3.29318
3.26854
3.24417
3.22025
3.19698
3.17459
3.15334
3.13348
3.11523
3.09877
3.08417
3.07146
3.0606
3.05155
3.04424
3.03857
3.03452
3.03212
3.03153
3.03305
3.03721
3.04477
3.05676
3.07451
3.10007
3.66678
3.64175
3.6163
3.59109
3.56605
3.54115
3.51635
3.49162
3.46693
3.44223
3.4175
3.39273
3.36791
3.34306
3.31821
3.29342
3.26878
3.24441
3.22049
3.19722
3.17483
3.15358
3.13372
3.11547
3.09901
3.08441
3.07169
3.06084
3.05179
3.04447
3.03881
3.03476
3.03236
3.03176
3.03329
3.03745
3.04501
3.05699
3.07474
3.1003
3.66691
3.64188
3.61642
3.59122
3.56618
3.54128
3.51648
3.49175
3.46705
3.44235
3.41763
3.39286
3.36804
3.34319
3.31834
3.29355
3.26891
3.24454
3.22062
3.19735
3.17496
3.15371
3.13385
3.1156
3.09914
3.08454
3.07182
3.06097
3.05192
3.0446
3.03893
3.03489
3.03249
3.03189
3.03341
3.03757
3.04513
3.05711
3.07487
3.10042
3.66691
3.64188
3.61642
3.59122
3.56618
3.54128
3.51648
3.49175
3.46705
3.44235
3.41763
3.39286
3.36804
3.34319
3.31834
3.29355
3.26891
3.24454
3.22062
3.19735
3.17496
3.15371
3.13385
3.1156
3.09913
3.08453
3.07182
3.06096
3.05191
3.04459
3.03893
3.03488
3.03248
3.03188
3.0334
3.03756
3.04512
3.05711
3.07486
3.10042
3.6668
3.64176
3.61631
3.59111
3.56606
3.54116
3.51637
3.49164
3.46694
3.44224
3.41751
3.39274
3.36792
3.34307
3.31822
3.29343
3.26879
3.24442
3.2205
3.19723
3.17484
3.15358
3.13373
3.11548
3.09901
3.08441
3.07169
3.06084
3.05179
3.04447
3.03881
3.03476
3.03236
3.03176
3.03328
3.03743
3.045
3.05698
3.07473
3.10029
3.66657
3.64154
3.61608
3.59088
3.56584
3.54094
3.51614
3.49141
3.46671
3.44201
3.41728
3.39251
3.36769
3.34284
3.31799
3.2932
3.26856
3.24419
3.22027
3.19699
3.1746
3.15335
3.13349
3.11524
3.09877
3.08417
3.07146
3.0606
3.05155
3.04423
3.03857
3.03452
3.03212
3.03152
3.03304
3.03719
3.04475
3.05674
3.07448
3.10004
3.66623
3.6412
3.61574
3.59054
3.5655
3.54059
3.51579
3.49106
3.46636
3.44166
3.41693
3.39216
3.36734
3.34249
3.31764
3.29284
3.2682
3.24383
3.21991
3.19663
3.17424
3.15299
3.13313
3.11488
3.09841
3.08381
3.07109
3.06024
3.05119
3.04387
3.0382
3.03415
3.03175
3.03115
3.03266
3.03682
3.04438
3.05636
3.0741
3.09966
3.66581
3.64077
3.61532
3.59011
3.56506
3.54016
3.51536
3.49063
3.46592
3.44122
3.41649
3.39172
3.3669
3.34204
3.31719
3.2924
3.26775
3.24338
3.21946
3.19618
3.17379
3.15254
3.13268
3.11443
3.09796
3.08335
3.07064
3.05978
3.05073
3.04341
3.03774
3.03369
3.03128
3.03068
3.0322
3.03635
3.0439
3.05588
3.07363
3.09919
3.66537
3.64034
3.61488
3.58967
3.56462
3.53972
3.51491
3.49018
3.46548
3.44077
3.41604
3.39127
3.36645
3.34159
3.31674
3.29194
3.2673
3.24293
3.219
3.19572
3.17333
3.15208
3.13222
3.11397
3.0975
3.08289
3.07018
3.05932
3.05027
3.04295
3.03728
3.03322
3.03082
3.03021
3.03173
3.03588
3.04343
3.05541
3.07316
3.09872
3.66499
3.63995
3.61449
3.58929
3.56424
3.53933
3.51453
3.48979
3.46509
3.44038
3.41565
3.39088
3.36605
3.3412
3.31634
3.29155
3.2669
3.24253
3.21861
3.19533
3.17294
3.15168
3.13182
3.11357
3.0971
3.0825
3.06978
3.05893
3.04987
3.04255
3.03688
3.03282
3.03042
3.02981
3.03133
3.03548
3.04303
3.05501
3.07276
3.09831
3.66465
3.63961
3.61415
3.58894
3.56389
3.53898
3.51418
3.48944
3.46474
3.44003
3.4153
3.39053
3.3657
3.34085
3.31599
3.2912
3.26655
3.24218
3.21825
3.19497
3.17258
3.15133
3.13147
3.11322
3.09675
3.08214
3.06943
3.05857
3.04951
3.04219
3.03652
3.03246
3.03006
3.02945
3.03097
3.03511
3.04267
3.05465
3.07239
3.09794
3.6643
3.63926
3.6138
3.58859
3.56354
3.53863
3.51383
3.48909
3.46438
3.43968
3.41494
3.39017
3.36534
3.34049
3.31563
3.29083
3.26619
3.24182
3.21789
3.19461
3.17221
3.15096
3.1311
3.11285
3.09638
3.08177
3.06905
3.05819
3.04914
3.04181
3.03614
3.03209
3.02968
3.02907
3.03058
3.03473
3.04229
3.05426
3.072
3.09756
3.66395
3.63891
3.61345
3.58824
3.56319
3.53828
3.51347
3.48873
3.46403
3.43932
3.41459
3.38981
3.36498
3.34013
3.31527
3.29047
3.26582
3.24145
3.21752
3.19424
3.17185
3.15059
3.13073
3.11248
3.096
3.0814
3.06868
3.05782
3.04876
3.04144
3.03577
3.03171
3.0293
3.02869
3.0302
3.03435
3.0419
3.05387
3.07161
3.09717
3.66362
3.63858
3.61312
3.58791
3.56285
3.53794
3.51314
3.4884
3.46369
3.43898
3.41425
3.38947
3.36465
3.33979
3.31493
3.29014
3.26549
3.24112
3.21719
3.19391
3.17151
3.15025
3.13039
3.11214
3.09567
3.08106
3.06834
3.05748
3.04843
3.0411
3.03543
3.03137
3.02896
3.02836
3.02986
3.03401
3.04156
3.05353
3.07127
3.09682
3.66327
3.63823
3.61276
3.58755
3.5625
3.53759
3.51278
3.48804
3.46334
3.43863
3.4139
3.38912
3.36429
3.33944
3.31458
3.28979
3.26514
3.24077
3.21684
3.19356
3.17117
3.14991
3.13005
3.1118
3.09533
3.08072
3.068
3.05714
3.04809
3.04077
3.03509
3.03104
3.02863
3.02802
3.02953
3.03368
3.04123
3.0532
3.07093
3.09648
3.66284
3.63779
3.61233
3.58712
3.56207
3.53716
3.51235
3.48761
3.4629
3.4382
3.41346
3.38868
3.36386
3.339
3.31415
3.28935
3.26471
3.24034
3.21641
3.19313
3.17073
3.14948
3.12962
3.11137
3.09489
3.08029
3.06757
3.05671
3.04766
3.04034
3.03467
3.03061
3.0282
3.0276
3.0291
3.03325
3.0408
3.05277
3.0705
3.09605
3.66233
3.63729
3.61183
3.58661
3.56156
3.53665
3.51184
3.4871
3.46239
3.43768
3.41295
3.38817
3.36334
3.33848
3.31363
3.28883
3.26418
3.23981
3.21588
3.1926
3.17021
3.14895
3.12909
3.11083
3.09436
3.07975
3.06704
3.05617
3.04712
3.0398
3.03413
3.03007
3.02766
3.02706
3.02856
3.0327
3.04025
3.05222
3.06996
3.0955
3.66187
3.63682
3.61136
3.58615
3.56109
3.53618
3.51137
3.48662
3.46191
3.4372
3.41247
3.38768
3.36286
3.338
3.31314
3.28834
3.26369
3.23932
3.21539
3.1921
3.1697
3.14845
3.12858
3.11033
3.09385
3.07924
3.06652
3.05566
3.0466
3.03928
3.03361
3.02955
3.02714
3.02652
3.02803
3.03217
3.03972
3.05169
3.06942
3.09497
3.66164
3.6366
3.61113
3.58592
3.56086
3.53594
3.51113
3.48639
3.46168
3.43697
3.41223
3.38745
3.36262
3.33776
3.3129
3.2881
3.26345
3.23908
3.21515
3.19186
3.16947
3.14821
3.12834
3.11009
3.09361
3.079
3.06628
3.05542
3.04636
3.03904
3.03336
3.0293
3.02689
3.02627
3.02777
3.03192
3.03947
3.05143
3.06917
3.09472
3.66176
3.63672
3.61125
3.58604
3.56099
3.53607
3.51127
3.48653
3.46182
3.43711
3.41237
3.38759
3.36277
3.33791
3.31305
3.28825
3.26361
3.23924
3.21531
3.19203
3.16963
3.14838
3.12851
3.11026
3.09378
3.07918
3.06646
3.0556
3.04655
3.03922
3.03355
3.02949
3.02708
3.02647
3.02797
3.03211
3.03966
3.05162
3.06935
3.09489
3.66196
3.63691
3.61145
3.58624
3.56119
3.53628
3.51148
3.48675
3.46204
3.43733
3.4126
3.38783
3.363
3.33815
3.3133
3.2885
3.26386
3.23949
3.21556
3.19229
3.16989
3.14864
3.12878
3.11053
3.09406
3.07946
3.06674
3.05589
3.04683
3.03951
3.03384
3.02978
3.02737
3.02677
3.02827
3.03241
3.03996
3.05192
3.06964
3.09518
3.66168
3.63664
3.61118
3.58597
3.56092
3.53601
3.5112
3.48647
3.46176
3.43706
3.41232
3.38755
3.36273
3.33787
3.31302
3.28822
3.26358
3.23921
3.21528
3.19201
3.16962
3.14836
3.1285
3.11026
3.09379
3.07918
3.06647
3.05561
3.04656
3.03924
3.03357
3.02951
3.02711
3.0265
3.028
3.03215
3.0397
3.05166
3.06938
3.09493
3.66084
3.6358
3.61033
3.58512
3.56006
3.53514
3.51033
3.48559
3.46088
3.43617
3.41143
3.38665
3.36182
3.33696
3.3121
3.2873
3.26265
3.23828
3.21435
3.19107
3.16867
3.14742
3.12755
3.1093
3.09282
3.07822
3.0655
3.05464
3.04558
3.03826
3.03258
3.02852
3.02611
3.02551
3.02701
3.03115
3.0387
3.05065
3.06839
3.09393
3.6601
3.63505
3.60957
3.58435
3.55929
3.53437
3.50955
3.4848
3.46008
3.43537
3.41062
3.38583
3.361
3.33613
3.31127
3.28646
3.2618
3.23742
3.21349
3.1902
3.16779
3.14653
3.12666
3.1084
3.09192
3.0773
3.06458
3.05371
3.04465
3.03732
3.03163
3.02757
3.02516
3.02455
3.02604
3.03017
3.03772
3.04968
3.06741
3.09294
3.66012
3.63507
3.6096
3.58438
3.55932
3.5344
3.50958
3.48483
3.46012
3.4354
3.41066
3.38587
3.36104
3.33618
3.31131
3.2865
3.26184
3.23746
3.21353
3.19024
3.16784
3.14657
3.1267
3.10844
3.09195
3.07734
3.06461
3.05374
3.04468
3.03734
3.03166
3.02759
3.02518
3.02457
3.02606
3.03019
3.03775
3.04971
3.06744
3.09297
3.66065
3.63561
3.61015
3.58494
3.55989
3.53498
3.51017
3.48543
3.46073
3.43602
3.41129
3.38652
3.3617
3.33684
3.31199
3.28719
3.26254
3.23817
3.21425
3.19097
3.16858
3.14732
3.12746
3.10921
3.09274
3.07813
3.06541
3.05455
3.0455
3.03817
3.03249
3.02843
3.02602
3.02541
3.02692
3.03106
3.03862
3.05058
3.06831
3.09387
3.66037
3.63533
3.60987
3.58467
3.55962
3.53471
3.50991
3.48517
3.46047
3.43577
3.41104
3.38626
3.36144
3.33659
3.31174
3.28694
3.2623
3.23793
3.21401
3.19074
3.16835
3.1471
3.12724
3.109
3.09253
3.07792
3.06521
3.05435
3.0453
3.03798
3.03231
3.02825
3.02585
3.02525
3.02676
3.0309
3.03845
3.05043
3.06818
3.09375
3.65898
3.63393
3.60846
3.58324
3.55818
3.53326
3.50844
3.4837
3.45898
3.43426
3.40952
3.38473
3.3599
3.33503
3.31017
3.28536
3.26071
3.23633
3.2124
3.18911
3.16671
3.14545
3.12559
3.10733
3.09085
3.07624
3.06352
3.05266
3.04361
3.03629
3.03061
3.02655
3.02415
3.02356
3.02507
3.02922
3.03681
3.0488
3.06658
3.09214
3.65822
3.63317
3.6077
3.58248
3.55742
3.5325
3.50769
3.48295
3.45823
3.43352
3.40878
3.384
3.35917
3.33431
3.30945
3.28465
3.26
3.23563
3.2117
3.18842
3.16603
3.14477
3.12491
3.10666
3.09018
3.07558
3.06286
3.05201
3.04296
3.03564
3.02998
3.02593
3.02354
3.02296
3.0245
3.02869
3.03631
3.04832
3.06614
3.09179
3.65805
3.633
3.60754
3.58233
3.55728
3.53238
3.50757
3.48284
3.45813
3.43343
3.4087
3.38393
3.35911
3.33426
3.30941
3.28462
3.25998
3.23561
3.21169
3.18841
3.16603
3.14478
3.12492
3.10667
3.0902
3.0756
3.06289
3.05205
3.043
3.03569
3.03003
3.026
3.02363
3.02307
3.02463
3.02885
3.03649
3.04859
3.06648
3.09214
3.65766
3.63261
3.60714
3.58192
3.55686
3.53194
3.50713
3.48238
3.45767
3.43295
3.40821
3.38343
3.35859
3.33373
3.30886
3.28406
3.2594
3.23502
3.21109
3.1878
3.1654
3.14414
3.12427
3.10602
3.08954
3.07494
3.06223
3.05138
3.04233
3.03503
3.02939
3.02537
3.02301
3.02247
3.02407
3.02835
3.03606
3.04823
3.06616
3.09198
3.65844
3.63345
3.60805
3.58291
3.55792
3.53309
3.50835
3.48369
3.45906
3.43443
3.40977
3.38507
3.36032
3.33553
3.31074
3.28599
3.26137
3.23702
3.21309
3.18978
3.16733
3.14598
3.12601
3.10763
3.09101
3.07626
3.06339
3.05238
3.04319
3.03573
3.0299
3.02568
3.02311
3.02235
3.02369
3.02769
3.03521
3.04722
3.06519
3.09112
3.63742
3.613
3.58803
3.56335
3.53887
3.51458
3.49042
3.46637
3.4424
3.41847
3.39458
3.37071
3.34688
3.32313
3.2995
3.27608
3.25298
3.23036
3.20838
3.18725
3.16718
3.14839
3.13108
3.1154
3.10145
3.08927
3.07886
3.07018
3.06319
3.05784
3.05412
3.05206
3.05182
3.05366
3.05803
3.06562
3.07738
3.09468
3.11961
3.15544
3.64217
3.6176
3.59248
3.56765
3.54301
3.51856
3.49424
3.47002
3.44588
3.42178
3.39771
3.37367
3.34967
3.32575
3.30197
3.27841
3.25518
3.23244
3.21037
3.18916
3.16904
3.15022
3.13288
3.11718
3.1032
3.09098
3.0805
3.07172
3.06459
3.05905
3.05508
3.05272
3.05212
3.05355
3.05748
3.06462
3.07598
3.09295
3.11762
3.15323
3.64333
3.61873
3.59358
3.56872
3.54405
3.51956
3.4952
3.47096
3.44678
3.42265
3.39855
3.37448
3.35046
3.32651
3.3027
3.27911
3.25586
3.23309
3.21099
3.18976
3.16962
3.15077
3.1334
3.11767
3.10366
3.0914
3.08089
3.07207
3.06489
3.0593
3.05527
3.05285
3.05217
3.05352
3.05736
3.06441
3.07566
3.09254
3.11711
3.15264
3.64388
3.61927
3.59411
3.56924
3.54456
3.52006
3.4957
3.47144
3.44726
3.42312
3.39901
3.37494
3.3509
3.32695
3.30313
3.27953
3.25627
3.23349
3.21138
3.19014
3.16999
3.15113
3.13376
3.11801
3.10399
3.09173
3.0812
3.07237
3.06517
3.05957
3.05552
3.05308
3.05237
3.05368
3.05748
3.06448
3.07568
3.09251
3.11702
3.15248
3.64426
3.61965
3.59449
3.56962
3.54494
3.52043
3.49607
3.47181
3.44762
3.42348
3.39937
3.37529
3.35125
3.32729
3.30347
3.27987
3.2566
3.23383
3.21171
3.19047
3.17031
3.15145
3.13407
3.11833
3.1043
3.09203
3.0815
3.07266
3.06546
3.05984
3.05579
3.05333
3.05261
3.0539
3.05767
3.06464
3.07582
3.0926
3.11708
3.1525
3.64458
3.61997
3.5948
3.56993
3.54525
3.52074
3.49638
3.47212
3.44793
3.42379
3.39968
3.3756
3.35156
3.3276
3.30377
3.28017
3.2569
3.23412
3.21201
3.19076
3.17061
3.15174
3.13436
3.11861
3.10459
3.09231
3.08178
3.07293
3.06573
3.06011
3.05605
3.05358
3.05285
3.05413
3.05789
3.06485
3.07601
3.09278
3.11723
3.15263
3.64485
3.62023
3.59507
3.57019
3.54551
3.52101
3.49664
3.47238
3.44819
3.42405
3.39994
3.37586
3.35182
3.32786
3.30403
3.28043
3.25716
3.23438
3.21227
3.19103
3.17087
3.152
3.13462
3.11887
3.10484
3.09257
3.08203
3.07318
3.06598
3.06036
3.05629
3.05382
3.05309
3.05436
3.05812
3.06507
3.07622
3.09297
3.11742
3.15281
3.6451
3.62049
3.59533
3.57045
3.54577
3.52127
3.4969
3.47264
3.44846
3.42431
3.4002
3.37612
3.35208
3.32812
3.3043
3.28069
3.25743
3.23465
3.21254
3.19129
3.17113
3.15227
3.13489
3.11914
3.10511
3.09283
3.08229
3.07345
3.06624
3.06062
3.05656
3.05408
3.05334
3.05462
3.05838
3.06532
3.07647
3.09322
3.11766
3.15304
3.64537
3.62075
3.59559
3.57072
3.54604
3.52153
3.49717
3.47291
3.44872
3.42458
3.40047
3.37639
3.35236
3.3284
3.30457
3.28097
3.2577
3.23493
3.21281
3.19157
3.17141
3.15255
3.13517
3.11942
3.10539
3.09311
3.08257
3.07373
3.06652
3.0609
3.05683
3.05436
3.05362
3.0549
3.05866
3.0656
3.07674
3.09349
3.11793
3.15331
3.64559
3.62098
3.59581
3.57094
3.54626
3.52176
3.4974
3.47314
3.44895
3.42481
3.4007
3.37662
3.35259
3.32863
3.30481
3.2812
3.25794
3.23516
3.21305
3.19181
3.17165
3.15278
3.1354
3.11965
3.10562
3.09334
3.08281
3.07396
3.06676
3.06113
3.05707
3.0546
3.05386
3.05514
3.05889
3.06584
3.07698
3.09373
3.11816
3.15354
3.64571
3.6211
3.59594
3.57107
3.54639
3.52189
3.49752
3.47327
3.44908
3.42494
3.40083
3.37675
3.35272
3.32876
3.30494
3.28133
3.25807
3.23529
3.21318
3.19194
3.17178
3.15291
3.13553
3.11978
3.10575
3.09347
3.08293
3.07409
3.06688
3.06126
3.0572
3.05473
3.05399
3.05526
3.05902
3.06596
3.0771
3.09385
3.11828
3.15367
3.64572
3.6211
3.59594
3.57107
3.54639
3.52189
3.49752
3.47327
3.44908
3.42494
3.40083
3.37675
3.35272
3.32876
3.30494
3.28133
3.25807
3.23529
3.21318
3.19194
3.17178
3.15291
3.13553
3.11978
3.10575
3.09347
3.08293
3.07408
3.06688
3.06126
3.05719
3.05472
3.05398
3.05525
3.05901
3.06595
3.07709
3.09384
3.11828
3.15366
3.6456
3.62099
3.59583
3.57095
3.54627
3.52177
3.49741
3.47315
3.44896
3.42482
3.40071
3.37663
3.3526
3.32864
3.30482
3.28122
3.25795
3.23517
3.21306
3.19182
3.17166
3.15279
3.13541
3.11966
3.10563
3.09335
3.08281
3.07396
3.06676
3.06113
3.05707
3.05459
3.05385
3.05513
3.05888
3.06583
3.07697
3.09372
3.11815
3.15353
3.64538
3.62077
3.5956
3.57073
3.54605
3.52154
3.49718
3.47292
3.44873
3.42459
3.40049
3.37641
3.35237
3.32841
3.30459
3.28099
3.25772
3.23494
3.21283
3.19159
3.17143
3.15256
3.13518
3.11942
3.10539
3.09311
3.08257
3.07373
3.06652
3.0609
3.05683
3.05435
3.05361
3.05489
3.05864
3.06558
3.07672
3.09347
3.1179
3.15329
3.64504
3.62043
3.59526
3.57039
3.54571
3.5212
3.49684
3.47258
3.44839
3.42425
3.40014
3.37606
3.35202
3.32806
3.30423
3.28063
3.25737
3.23459
3.21248
3.19123
3.17107
3.1522
3.13482
3.11906
3.10503
3.09275
3.08221
3.07336
3.06616
3.06053
3.05646
3.05399
3.05325
3.05452
3.05827
3.06521
3.07635
3.09309
3.11752
3.15291
3.64462
3.62
3.59484
3.56996
3.54528
3.52077
3.4964
3.47214
3.44795
3.42381
3.3997
3.37561
3.35158
3.32761
3.30379
3.28019
3.25692
3.23414
3.21203
3.19078
3.17062
3.15175
3.13436
3.11861
3.10458
3.0923
3.08175
3.07291
3.0657
3.06007
3.056
3.05353
3.05278
3.05405
3.0578
3.06474
3.07588
3.09262
3.11705
3.15243
3.64418
3.61957
3.5944
3.56952
3.54484
3.52033
3.49596
3.4717
3.44751
3.42336
3.39925
3.37517
3.35113
3.32716
3.30334
3.27973
3.25647
3.23369
3.21157
3.19033
3.17016
3.15129
3.13391
3.11815
3.10412
3.09184
3.0813
3.07245
3.06524
3.05961
3.05554
3.05306
3.05232
3.05358
3.05733
3.06427
3.07541
3.09215
3.11658
3.15196
3.6438
3.61919
3.59402
3.56914
3.54445
3.51994
3.49557
3.47131
3.44712
3.42298
3.39886
3.37478
3.35074
3.32677
3.30295
3.27934
3.25608
3.2333
3.21118
3.18993
3.16977
3.1509
3.13352
3.11776
3.10373
3.09145
3.0809
3.07205
3.06484
3.05922
3.05514
3.05267
3.05192
3.05319
3.05693
3.06387
3.07501
3.09175
3.11618
3.15156
3.64346
3.61885
3.59368
3.5688
3.54411
3.5196
3.49523
3.47096
3.44677
3.42263
3.39852
3.37443
3.35039
3.32643
3.3026
3.27899
3.25573
3.23294
3.21083
3.18958
3.16942
3.15055
3.13316
3.11741
3.10337
3.09109
3.08055
3.0717
3.06449
3.05886
3.05478
3.05231
3.05156
3.05283
3.05657
3.06351
3.07464
3.09138
3.11581
3.15119
3.64312
3.6185
3.59333
3.56845
3.54376
3.51925
3.49488
3.47061
3.44642
3.42228
3.39816
3.37407
3.35003
3.32607
3.30224
3.27863
3.25536
3.23258
3.21046
3.18921
3.16905
3.15018
3.13279
3.11704
3.103
3.09072
3.08018
3.07133
3.06412
3.05848
3.05441
3.05193
3.05118
3.05245
3.05619
3.06313
3.07426
3.09099
3.11542
3.1508
3.64277
3.61815
3.59298
3.5681
3.54341
3.5189
3.49452
3.47026
3.44607
3.42192
3.3978
3.37372
3.34967
3.32571
3.30188
3.27827
3.255
3.23222
3.2101
3.18885
3.16868
3.14981
3.13243
3.11667
3.10263
3.09035
3.0798
3.07095
3.06374
3.05811
3.05403
3.05155
3.0508
3.05207
3.05581
3.06274
3.07387
3.09061
3.11504
3.15041
3.64244
3.61782
3.59265
3.56777
3.54308
3.51856
3.49419
3.46993
3.44573
3.42159
3.39747
3.37338
3.34934
3.32537
3.30155
3.27794
3.25467
3.23189
3.20977
3.18852
3.16835
3.14948
3.13209
3.11633
3.1023
3.09001
3.07947
3.07062
3.06341
3.05777
3.0537
3.05122
3.05047
3.05173
3.05547
3.06241
3.07353
3.09027
3.11469
3.15006
3.64209
3.61747
3.5923
3.56742
3.54273
3.51822
3.49384
3.46958
3.44538
3.42124
3.39712
3.37303
3.34899
3.32503
3.3012
3.27759
3.25432
3.23154
3.20942
3.18817
3.16801
3.14913
3.13175
3.11599
3.10196
3.08968
3.07913
3.07028
3.06307
3.05744
3.05336
3.05088
3.05014
3.0514
3.05514
3.06207
3.0732
3.08993
3.11436
3.14973
3.64166
3.61704
3.59187
3.56699
3.5423
3.51779
3.49341
3.46915
3.44495
3.4208
3.39669
3.3726
3.34856
3.32459
3.30077
3.27716
3.25389
3.23111
3.20899
3.18774
3.16758
3.1487
3.13132
3.11556
3.10153
3.08925
3.07871
3.06986
3.06264
3.05701
3.05294
3.05046
3.04972
3.05098
3.05472
3.06165
3.07277
3.08951
3.11393
3.1493
3.64116
3.61654
3.59137
3.56648
3.54179
3.51728
3.4929
3.46863
3.44444
3.42029
3.39617
3.37208
3.34804
3.32407
3.30025
3.27664
3.25337
3.23059
3.20847
3.18721
3.16705
3.14817
3.13079
3.11503
3.101
3.08871
3.07816
3.06931
3.0621
3.05647
3.0524
3.04992
3.04917
3.05043
3.05417
3.0611
3.07223
3.08896
3.11338
3.14875
3.6407
3.61608
3.5909
3.56602
3.54132
3.51681
3.49243
3.46816
3.44396
3.41981
3.39569
3.3716
3.34755
3.32359
3.29976
3.27615
3.25287
3.23009
3.20797
3.18671
3.16654
3.14767
3.13028
3.11452
3.10048
3.08819
3.07764
3.06879
3.06158
3.05595
3.05187
3.04939
3.04864
3.04989
3.05363
3.06057
3.07169
3.08842
3.11285
3.14822
3.64048
3.61585
3.59068
3.56579
3.54109
3.51658
3.4922
3.46793
3.44373
3.41958
3.39546
3.37137
3.34732
3.32335
3.29952
3.27591
3.25264
3.22985
3.20773
3.18648
3.16631
3.14743
3.13004
3.11428
3.10024
3.08795
3.0774
3.06856
3.06134
3.05571
3.05163
3.04914
3.04839
3.04964
3.05338
3.06032
3.07144
3.08817
3.1126
3.14797
3.6406
3.61598
3.5908
3.56592
3.54123
3.51671
3.49234
3.46807
3.44387
3.41972
3.3956
3.37152
3.34747
3.3235
3.29967
3.27607
3.2528
3.23001
3.2079
3.18665
3.16648
3.14761
3.13022
3.11446
3.10042
3.08814
3.07759
3.06875
3.06154
3.0559
3.05182
3.04934
3.04859
3.04984
3.05358
3.06051
3.07163
3.08836
3.11278
3.14814
3.6408
3.61618
3.59101
3.56613
3.54144
3.51693
3.49256
3.46829
3.4441
3.41996
3.39584
3.37176
3.34771
3.32375
3.29992
3.27632
3.25305
3.23027
3.20816
3.18691
3.16675
3.14788
3.13049
3.11474
3.1007
3.08842
3.07788
3.06904
3.06183
3.05619
3.05211
3.04964
3.04889
3.05015
3.05389
3.06082
3.07194
3.08866
3.11307
3.14843
3.64053
3.61591
3.59074
3.56585
3.54116
3.51665
3.49228
3.46802
3.44383
3.41968
3.39557
3.37148
3.34744
3.32348
3.29965
3.27604
3.25278
3.23
3.20788
3.18663
3.16647
3.1476
3.13022
3.11446
3.10042
3.08814
3.07761
3.06876
3.06155
3.05591
3.05184
3.04936
3.04862
3.04987
3.05361
3.06055
3.07166
3.08839
3.11281
3.14817
3.63969
3.61506
3.58989
3.565
3.5403
3.51579
3.49141
3.46714
3.44294
3.41879
3.39467
3.37058
3.34653
3.32256
3.29873
3.27512
3.25185
3.22906
3.20694
3.18569
3.16552
3.14665
3.12926
3.1135
3.09946
3.08718
3.07663
3.06778
3.06057
3.05493
3.05085
3.04837
3.04762
3.04888
3.05261
3.05955
3.07066
3.08738
3.11181
3.14717
3.63894
3.61431
3.58913
3.56423
3.53953
3.51501
3.49063
3.46635
3.44214
3.41799
3.39386
3.36976
3.34571
3.32173
3.29789
3.27428
3.251
3.2282
3.20608
3.18482
3.16464
3.14576
3.12837
3.1126
3.09856
3.08627
3.07572
3.06686
3.05964
3.054
3.04992
3.04743
3.04668
3.04793
3.05166
3.05858
3.0697
3.08642
3.11084
3.14619
3.63896
3.61434
3.58915
3.56426
3.53956
3.51504
3.49066
3.46638
3.44218
3.41802
3.3939
3.3698
3.34575
3.32177
3.29794
3.27432
3.25104
3.22825
3.20612
3.18486
3.16469
3.14581
3.12841
3.11265
3.0986
3.0863
3.07575
3.06689
3.05967
3.05403
3.04994
3.04746
3.04671
3.04795
3.05169
3.05862
3.06974
3.08646
3.11087
3.14625
3.6395
3.61488
3.58971
3.56483
3.54014
3.51562
3.49125
3.46699
3.44279
3.41865
3.39454
3.37045
3.34641
3.32244
3.29862
3.27501
3.25174
3.22896
3.20684
3.1856
3.16543
3.14656
3.12917
3.11342
3.09937
3.08708
3.07654
3.06769
3.06047
3.05484
3.05076
3.04828
3.04753
3.04878
3.05252
3.05946
3.07058
3.08731
3.11173
3.14712
3.63921
3.61459
3.58943
3.56455
3.53986
3.51535
3.49098
3.46672
3.44253
3.41838
3.39427
3.37019
3.34615
3.32218
3.29836
3.27475
3.25149
3.22871
3.2066
3.18535
3.16519
3.14632
3.12894
3.11319
3.09915
3.08687
3.07633
3.06748
3.06027
3.05464
3.05057
3.04809
3.04734
3.0486
3.05234
3.05928
3.07041
3.08715
3.11159
3.14695
3.63779
3.61317
3.58799
3.56309
3.53839
3.51387
3.48949
3.46521
3.44101
3.41685
3.39273
3.36863
3.34458
3.3206
3.29677
3.27315
3.24987
3.22708
3.20496
3.18371
3.16354
3.14467
3.12728
3.11152
3.09748
3.08519
3.07465
3.06581
3.0586
3.05296
3.04889
3.04641
3.04567
3.04694
3.05069
3.05765
3.0688
3.08555
3.11001
3.14541
3.63699
3.61236
3.58718
3.56229
3.53759
3.51307
3.4887
3.46442
3.44022
3.41607
3.39195
3.36786
3.34381
3.31984
3.29601
3.2724
3.24913
3.22634
3.20423
3.18298
3.16281
3.14394
3.12656
3.1108
3.09676
3.08448
3.07394
3.0651
3.0579
3.05227
3.0482
3.04575
3.04503
3.04632
3.0501
3.05709
3.06826
3.08507
3.10958
3.14505
3.63674
3.61212
3.58695
3.56207
3.53738
3.51288
3.48851
3.46424
3.44005
3.41591
3.3918
3.36772
3.34368
3.31972
3.29589
3.27229
3.24902
3.22625
3.20413
3.18289
3.16273
3.14387
3.12649
3.11074
3.09671
3.08443
3.0739
3.06507
3.05787
3.05225
3.0482
3.04576
3.04506
3.04637
3.05018
3.05721
3.06845
3.08532
3.10986
3.14539
3.63625
3.61162
3.58644
3.56155
3.53685
3.51233
3.48795
3.46368
3.43948
3.41532
3.3912
3.3671
3.34305
3.31908
3.29524
3.27163
3.24835
3.22556
3.20344
3.18218
3.16201
3.14314
3.12575
3.11
3.09596
3.08369
3.07316
3.06432
3.05713
3.05153
3.04749
3.04506
3.04438
3.04574
3.04961
3.05669
3.068
3.08494
3.10963
3.1452
3.63689
3.61233
3.58722
3.56241
3.53779
3.51336
3.48906
3.46487
3.44076
3.41669
3.39265
3.36864
3.34466
3.32075
3.29697
3.2734
3.25015
3.22737
3.20523
3.18393
3.16369
3.14473
3.12723
3.11135
3.09718
3.08476
3.07409
3.0651
3.05775
3.05198
3.04775
3.04513
3.04424
3.04535
3.04897
3.05588
3.06707
3.08398
3.10874
3.14459
3.61714
3.59321
3.56856
3.54425
3.52017
3.49631
3.47263
3.44911
3.42571
3.40243
3.37925
3.35619
3.33329
3.31059
3.28818
3.26616
3.24465
3.22382
3.20384
3.18488
3.16714
3.15077
3.1359
3.12264
3.11102
3.10105
3.0927
3.08595
3.08076
3.07713
3.07511
3.07485
3.07659
3.08076
3.08801
3.09927
3.11586
3.13972
3.17369
3.22191
3.62229
3.5982
3.5734
3.54892
3.52467
3.50064
3.47679
3.45309
3.42952
3.40605
3.38269
3.35946
3.33639
3.31353
3.29097
3.2688
3.24717
3.22623
3.20615
3.18712
3.16931
3.15288
3.13797
3.12464
3.11295
3.10288
3.09441
3.08749
3.08209
3.0782
3.07587
3.07524
3.07657
3.08031
3.08711
3.09794
3.11417
3.13771
3.17141
3.21935
3.62363
3.59951
3.57467
3.55016
3.52588
3.50181
3.47793
3.45419
3.43058
3.40708
3.38369
3.36043
3.33732
3.31443
3.29184
3.26965
3.24799
3.22702
3.20691
3.18785
3.17001
3.15355
3.1386
3.12524
3.11351
3.1034
3.09489
3.08792
3.08246
3.07851
3.07611
3.0754
3.07664
3.08028
3.08699
3.09772
3.11385
3.1373
3.1709
3.21876
3.62426
3.60013
3.57528
3.55076
3.52647
3.50239
3.4785
3.45476
3.43114
3.40763
3.38423
3.36096
3.33784
3.31494
3.29234
3.27014
3.24847
3.22749
3.20737
3.1883
3.17045
3.15398
3.13902
3.12565
3.11391
3.10379
3.09525
3.08827
3.08279
3.07882
3.07639
3.07565
3.07686
3.08046
3.08712
3.0978
3.11387
3.13726
3.1708
3.2186
3.62468
3.60055
3.5757
3.55118
3.52688
3.50281
3.47891
3.45516
3.43154
3.40803
3.38463
3.36135
3.33823
3.31533
3.29272
3.27052
3.24884
3.22786
3.20774
3.18866
3.17081
3.15434
3.13937
3.126
3.11425
3.10412
3.09558
3.08859
3.0831
3.07912
3.07668
3.07592
3.07711
3.08069
3.08733
3.09797
3.11401
3.13736
3.17086
3.21862
3.62501
3.60088
3.57603
3.5515
3.52721
3.50313
3.47923
3.45548
3.43186
3.40835
3.38495
3.36167
3.33855
3.31565
3.29304
3.27083
3.24916
3.22817
3.20805
3.18897
3.17112
3.15464
3.13968
3.1263
3.11455
3.10442
3.09588
3.08888
3.08339
3.0794
3.07695
3.07619
3.07737
3.08094
3.08755
3.09819
3.1142
3.13754
3.17102
3.21875
3.62529
3.60115
3.5763
3.55178
3.52748
3.5034
3.4795
3.45576
3.43213
3.40862
3.38522
3.36194
3.33882
3.31592
3.29331
3.2711
3.24943
3.22844
3.20832
3.18924
3.17138
3.15491
3.13994
3.12656
3.11481
3.10468
3.09614
3.08914
3.08365
3.07965
3.0772
3.07643
3.07761
3.08117
3.08778
3.09841
3.11441
3.13774
3.17121
3.21893
3.62554
3.60141
3.57656
3.55204
3.52774
3.50366
3.47976
3.45602
3.4324
3.40888
3.38548
3.36221
3.33909
3.31619
3.29358
3.27137
3.24969
3.22871
3.20859
3.18951
3.17165
3.15518
3.14021
3.12683
3.11508
3.10495
3.0964
3.0894
3.08391
3.07992
3.07746
3.0767
3.07787
3.08143
3.08804
3.09866
3.11466
3.13798
3.17145
3.21917
3.6258
3.60167
3.57682
3.5523
3.528
3.50393
3.48003
3.45628
3.43266
3.40915
3.38575
3.36248
3.33936
3.31646
3.29385
3.27164
3.24997
3.22898
3.20886
3.18979
3.17193
3.15546
3.14049
3.12711
3.11536
3.10522
3.09668
3.08968
3.08419
3.08019
3.07774
3.07697
3.07815
3.08171
3.08832
3.09894
3.11494
3.13826
3.17172
3.21943
3.62603
3.60189
3.57705
3.55252
3.52823
3.50415
3.48026
3.45651
3.43289
3.40938
3.38598
3.36271
3.33959
3.31669
3.29408
3.27188
3.2502
3.22922
3.2091
3.19002
3.17217
3.15569
3.14072
3.12734
3.11559
3.10546
3.09691
3.08991
3.08442
3.08043
3.07798
3.07721
3.07838
3.08194
3.08855
3.09917
3.11517
3.13849
3.17195
3.21967
3.62615
3.60202
3.57717
3.55265
3.52836
3.50428
3.48038
3.45664
3.43302
3.40951
3.38611
3.36283
3.33972
3.31682
3.29421
3.27201
3.25033
3.22935
3.20923
3.19015
3.17229
3.15582
3.14085
3.12747
3.11572
3.10558
3.09704
3.09004
3.08454
3.08055
3.0781
3.07733
3.0785
3.08206
3.08867
3.09929
3.1153
3.13861
3.17207
3.21979
3.62615
3.60202
3.57717
3.55265
3.52836
3.50428
3.48038
3.45664
3.43302
3.40951
3.38611
3.36284
3.33972
3.31682
3.29421
3.27201
3.25033
3.22935
3.20923
3.19015
3.17229
3.15582
3.14085
3.12747
3.11571
3.10558
3.09703
3.09003
3.08454
3.08055
3.07809
3.07732
3.0785
3.08205
3.08866
3.09928
3.11529
3.13861
3.17207
3.21978
3.62604
3.60191
3.57706
3.55253
3.52824
3.50416
3.48027
3.45652
3.4329
3.40939
3.38599
3.36272
3.3396
3.3167
3.2941
3.27189
3.25022
3.22923
3.20911
3.19003
3.17217
3.1557
3.14073
3.12735
3.11559
3.10546
3.09691
3.08991
3.08442
3.08042
3.07797
3.0772
3.07837
3.08193
3.08854
3.09916
3.11516
3.13848
3.17194
3.21966
3.62582
3.60168
3.57683
3.55231
3.52802
3.50394
3.48004
3.45629
3.43267
3.40917
3.38577
3.36249
3.33937
3.31647
3.29387
3.27166
3.24999
3.229
3.20888
3.1898
3.17194
3.15546
3.14049
3.12711
3.11536
3.10523
3.09668
3.08968
3.08418
3.08018
3.07773
3.07696
3.07813
3.08169
3.0883
3.09892
3.11492
3.13823
3.1717
3.21941
3.62548
3.60135
3.5765
3.55197
3.52768
3.5036
3.4797
3.45595
3.43233
3.40882
3.38542
3.36214
3.33903
3.31612
3.29352
3.27131
3.24963
3.22865
3.20852
3.18944
3.17159
3.15511
3.14014
3.12676
3.115
3.10487
3.09632
3.08931
3.08382
3.07982
3.07737
3.07659
3.07777
3.08132
3.08793
3.09855
3.11454
3.13786
3.17132
3.21903
3.62506
3.60092
3.57607
3.55154
3.52725
3.50317
3.47927
3.45552
3.43189
3.40838
3.38498
3.3617
3.33858
3.31568
3.29307
3.27086
3.24919
3.2282
3.20808
3.189
3.17114
3.15466
3.13969
3.12631
3.11455
3.10441
3.09586
3.08886
3.08336
3.07936
3.07691
3.07613
3.0773
3.08086
3.08746
3.09808
3.11407
3.13739
3.17085
3.21856
3.62463
3.60049
3.57564
3.55111
3.52681
3.50273
3.47883
3.45508
3.43145
3.40794
3.38454
3.36126
3.33814
3.31523
3.29262
3.27041
3.24874
3.22775
3.20762
3.18854
3.17068
3.15421
3.13923
3.12585
3.1141
3.10396
3.0954
3.0884
3.0829
3.0789
3.07645
3.07567
3.07684
3.08039
3.08699
3.09761
3.1136
3.13692
3.17038
3.21809
3.62425
3.60011
3.57526
3.55073
3.52643
3.50234
3.47844
3.45469
3.43107
3.40755
3.38415
3.36087
3.33775
3.31484
3.29224
3.27003
3.24835
3.22736
3.20723
3.18815
3.17029
3.15382
3.13884
3.12546
3.1137
3.10356
3.09501
3.08801
3.08251
3.07851
3.07605
3.07528
3.07644
3.07999
3.08659
3.09721
3.1132
3.13652
3.16998
3.21769
3.62391
3.59977
3.57492
3.55039
3.52609
3.502
3.4781
3.45435
3.43072
3.40721
3.3838
3.36052
3.3374
3.3145
3.29189
3.26968
3.248
3.22701
3.20688
3.1878
3.16994
3.15346
3.13849
3.12511
3.11335
3.10321
3.09466
3.08765
3.08215
3.07815
3.07569
3.07491
3.07608
3.07963
3.08623
3.09685
3.11284
3.13615
3.16961
3.21732
3.62357
3.59943
3.57457
3.55004
3.52574
3.50166
3.47775
3.454
3.43037
3.40686
3.38345
3.36017
3.33705
3.31414
3.29153
3.26932
3.24764
3.22665
3.20652
3.18744
3.16958
3.1531
3.13813
3.12474
3.11298
3.10284
3.09429
3.08728
3.08178
3.07778
3.07532
3.07454
3.0757
3.07925
3.08585
3.09646
3.11245
3.13577
3.16922
3.21693
3.62323
3.59909
3.57423
3.5497
3.52539
3.50131
3.4774
3.45365
3.43002
3.4065
3.3831
3.35981
3.33669
3.31378
3.29117
3.26896
3.24728
3.22629
3.20616
3.18708
3.16921
3.15273
3.13776
3.12437
3.11261
3.10247
3.09392
3.08691
3.08141
3.07741
3.07494
3.07416
3.07533
3.07887
3.08547
3.09608
3.11207
3.13538
3.16883
3.21654
3.6229
3.59876
3.5739
3.54937
3.52506
3.50098
3.47707
3.45332
3.42969
3.40617
3.38277
3.35948
3.33636
3.31345
3.29084
3.26863
3.24695
3.22596
3.20583
3.18675
3.16888
3.1524
3.13743
3.12404
3.11228
3.10214
3.09359
3.08658
3.08108
3.07707
3.07461
3.07383
3.07499
3.07854
3.08513
3.09574
3.11173
3.13504
3.16849
3.2162
3.62255
3.59841
3.57356
3.54902
3.52472
3.50063
3.47672
3.45297
3.42934
3.40583
3.38242
3.35914
3.33602
3.31311
3.2905
3.26829
3.24661
3.22562
3.20549
3.18641
3.16854
3.15206
3.13709
3.1237
3.11195
3.10181
3.09326
3.08625
3.08075
3.07674
3.07428
3.0735
3.07466
3.0782
3.0848
3.09541
3.11139
3.1347
3.16815
3.21586
3.62213
3.59799
3.57313
3.5486
3.52429
3.5002
3.4763
3.45254
3.42892
3.4054
3.38199
3.35871
3.33559
3.31268
3.29007
3.26786
3.24618
3.22519
3.20506
3.18598
3.16812
3.15164
3.13666
3.12328
3.11153
3.10139
3.09283
3.08583
3.08032
3.07632
3.07386
3.07308
3.07424
3.07779
3.08439
3.09499
3.11097
3.13428
3.16773
3.21543
3.62163
3.59749
3.57263
3.54809
3.52379
3.4997
3.47579
3.45204
3.42841
3.40489
3.38148
3.3582
3.33507
3.31217
3.28955
3.26734
3.24566
3.22467
3.20454
3.18545
3.16759
3.15111
3.13614
3.12275
3.11099
3.10085
3.0923
3.08529
3.07978
3.07578
3.07332
3.07255
3.0737
3.07725
3.08384
3.09445
3.11043
3.13374
3.16718
3.21488
3.62117
3.59702
3.57216
3.54763
3.52332
3.49923
3.47532
3.45156
3.42793
3.40441
3.381
3.35771
3.33459
3.31168
3.28906
3.26685
3.24517
3.22417
3.20404
3.18495
3.16709
3.1506
3.13563
3.12224
3.11048
3.10033
3.09177
3.08476
3.07926
3.07526
3.0728
3.07202
3.07317
3.07671
3.08331
3.09391
3.10989
3.1332
3.16665
3.21435
3.62095
3.5968
3.57194
3.5474
3.5231
3.499
3.47509
3.45133
3.4277
3.40418
3.38077
3.35748
3.33435
3.31144
3.28883
3.26661
3.24493
3.22393
3.2038
3.18471
3.16685
3.15037
3.13539
3.122
3.11024
3.10009
3.09153
3.08452
3.07902
3.07502
3.07255
3.07176
3.07292
3.07646
3.08306
3.09366
3.10964
3.13295
3.1664
3.21411
3.62107
3.59693
3.57207
3.54754
3.52323
3.49914
3.47523
3.45148
3.42785
3.40433
3.38092
3.35763
3.33451
3.3116
3.28899
3.26677
3.24509
3.2241
3.20397
3.18489
3.16703
3.15055
3.13557
3.12218
3.11042
3.10027
3.09172
3.08472
3.07922
3.07521
3.07274
3.07195
3.07311
3.07665
3.08325
3.09385
3.10983
3.13314
3.16658
3.21428
3.62128
3.59714
3.57228
3.54775
3.52345
3.49936
3.47546
3.45171
3.42808
3.40456
3.38116
3.35788
3.33475
3.31185
3.28924
3.26703
3.24535
3.22436
3.20424
3.18516
3.1673
3.15082
3.13584
3.12246
3.1107
3.10056
3.09201
3.08501
3.07951
3.0755
3.07304
3.07225
3.07341
3.07695
3.08355
3.09414
3.11012
3.13342
3.16686
3.21455
3.62101
3.59687
3.57201
3.54748
3.52318
3.49909
3.47519
3.45143
3.42781
3.40429
3.38088
3.3576
3.33448
3.31157
3.28896
3.26675
3.24507
3.22409
3.20396
3.18488
3.16702
3.15054
3.13556
3.12218
3.11042
3.10029
3.09174
3.08473
3.07923
3.07522
3.07276
3.07198
3.07314
3.07668
3.08328
3.09387
3.10985
3.13315
3.16659
3.21428
3.62017
3.59602
3.57116
3.54662
3.52231
3.49822
3.47431
3.45055
3.42692
3.4034
3.37999
3.3567
3.33357
3.31066
3.28804
3.26583
3.24414
3.22315
3.20302
3.18393
3.16607
3.14958
3.13461
3.12122
3.10946
3.09932
3.09077
3.08376
3.07825
3.07425
3.07179
3.071
3.07215
3.0757
3.08229
3.09288
3.10886
3.13217
3.1656
3.2133
3.61942
3.59527
3.5704
3.54585
3.52154
3.49744
3.47352
3.44976
3.42612
3.40259
3.37918
3.35588
3.33275
3.30983
3.2872
3.26498
3.24329
3.22229
3.20215
3.18306
3.16519
3.1487
3.13372
3.12033
3.10856
3.09841
3.08985
3.08283
3.07733
3.07332
3.07085
3.07006
3.07121
3.07475
3.08134
3.09193
3.1079
3.13121
3.16464
3.21235
3.61944
3.59529
3.57043
3.54588
3.52157
3.49747
3.47356
3.4498
3.42616
3.40263
3.37921
3.35592
3.33279
3.30987
3.28725
3.26503
3.24334
3.22233
3.2022
3.1831
3.16523
3.14874
3.13375
3.12036
3.10859
3.09843
3.08987
3.08285
3.07734
3.07333
3.07086
3.07008
3.07122
3.07476
3.08135
3.09195
3.10793
3.13123
3.16467
3.21239
3.61998
3.59584
3.57099
3.54645
3.52215
3.49806
3.47416
3.45041
3.42678
3.40326
3.37986
3.35657
3.33345
3.31054
3.28793
3.26572
3.24404
3.22305
3.20292
3.18383
3.16597
3.14949
3.13451
3.12112
3.10936
3.09921
3.09065
3.08364
3.07814
3.07413
3.07167
3.07089
3.07204
3.07557
3.08217
3.09278
3.10876
3.13207
3.16552
3.21321
3.61969
3.59556
3.5707
3.54617
3.52187
3.49779
3.47388
3.45013
3.42651
3.40299
3.37959
3.35631
3.33318
3.31028
3.28767
3.26546
3.24378
3.22279
3.20267
3.18359
3.16573
3.14926
3.13429
3.12091
3.10915
3.09901
3.09046
3.08345
3.07795
3.07395
3.07149
3.07071
3.07186
3.07541
3.08201
3.09262
3.1086
3.13192
3.16537
3.21308
3.61825
3.5941
3.56923
3.54469
3.52038
3.49628
3.47237
3.4486
3.42496
3.40144
3.37802
3.35473
3.3316
3.30868
3.28606
3.26384
3.24215
3.22116
3.20103
3.18194
3.16407
3.14759
3.13261
3.11922
3.10746
3.09732
3.08876
3.08176
3.07626
3.07226
3.0698
3.06902
3.07019
3.07375
3.08037
3.09099
3.10699
3.13034
3.16382
3.21161
3.6174
3.59325
3.56839
3.54385
3.51954
3.49544
3.47153
3.44777
3.42414
3.40062
3.37721
3.35392
3.33079
3.30788
3.28526
3.26305
3.24137
3.22037
3.20024
3.18116
3.1633
3.14682
3.13184
3.11846
3.1067
3.09656
3.08801
3.08101
3.07552
3.07153
3.06909
3.06833
3.06952
3.07311
3.07975
3.0904
3.10646
3.12986
3.16338
3.21114
3.61708
3.59294
3.56808
3.54355
3.51925
3.49517
3.47127
3.44752
3.42389
3.40038
3.37698
3.3537
3.33058
3.30768
3.28507
3.26286
3.24119
3.22021
3.20008
3.18101
3.16316
3.14668
3.13171
3.11834
3.10659
3.09646
3.08792
3.08093
3.07545
3.07147
3.06905
3.06832
3.06952
3.07314
3.07983
3.09054
3.10665
3.13008
3.16367
3.21154
3.61647
3.59232
3.56745
3.54291
3.51861
3.49451
3.4706
3.44684
3.4232
3.39968
3.37626
3.35298
3.32985
3.30693
3.28431
3.26209
3.2404
3.21941
3.19928
3.18019
3.16232
3.14584
3.13087
3.11749
3.10573
3.0956
3.08707
3.08009
3.07462
3.07066
3.06825
3.06754
3.06879
3.07246
3.0792
3.08997
3.10617
3.1297
3.16338
3.21134
3.61697
3.5929
3.56811
3.54365
3.51942
3.49541
3.47158
3.44791
3.42436
3.40092
3.37758
3.35437
3.33131
3.30845
3.28587
3.26368
3.24201
3.221
3.20084
3.18169
3.16375
3.14718
3.1321
3.11859
3.10671
3.09644
3.08777
3.08063
3.07499
3.07085
3.06826
3.06735
3.06839
3.07184
3.07842
3.08911
3.10523
3.12887
3.16275
3.21101
3.59866
3.57529
3.551
3.52707
3.50343
3.48005
3.4569
3.43396
3.41122
3.38868
3.36634
3.34424
3.32243
3.30098
3.27998
3.25956
3.23984
3.22098
3.20312
3.18641
3.17101
3.157
3.14448
3.13349
3.12404
3.11612
3.10969
3.10475
3.10131
3.09943
3.09925
3.10104
3.1052
3.11234
3.12337
3.13954
3.16264
3.19517
3.24059
3.30359
3.60423
3.58068
3.55622
3.53213
3.50831
3.48474
3.46141
3.43829
3.41537
3.39264
3.37012
3.34784
3.32586
3.30424
3.2831
3.26254
3.24269
3.22371
3.20575
3.18896
3.17346
3.15938
3.14677
3.13567
3.12609
3.11801
3.11139
3.10622
3.10249
3.10029
3.09974
3.10111
3.10482
3.11152
3.12211
3.13788
3.16062
3.19283
3.23795
3.3006
3.60575
3.58217
3.55768
3.53354
3.50968
3.48608
3.46272
3.43956
3.4166
3.39383
3.37127
3.34896
3.32695
3.3053
3.28412
3.26353
3.24365
3.22464
3.20664
3.18982
3.17429
3.16017
3.14752
3.13638
3.12675
3.11862
3.11194
3.10671
3.10292
3.10063
3.1
3.10128
3.1049
3.11149
3.12198
3.13765
3.16029
3.1924
3.23743
3.3
3.60646
3.58287
3.55837
3.53423
3.51036
3.48675
3.46337
3.4402
3.41723
3.39445
3.37189
3.34957
3.32754
3.30588
3.2847
3.26409
3.2442
3.22518
3.20717
3.19034
3.1748
3.16066
3.148
3.13685
3.12721
3.11906
3.11236
3.1071
3.10329
3.10098
3.10032
3.10156
3.10514
3.11169
3.12212
3.13773
3.16032
3.19237
3.23733
3.29984
3.60693
3.58333
3.55883
3.53468
3.51081
3.4872
3.46382
3.44065
3.41767
3.39489
3.37232
3.35
3.32797
3.30631
3.28512
3.26451
3.24461
3.22559
3.20758
3.19074
3.17519
3.16105
3.14838
3.13723
3.12758
3.11942
3.11272
3.10745
3.10363
3.10131
3.10063
3.10185
3.10541
3.11193
3.12233
3.13791
3.16046
3.19247
3.2374
3.29987
3.60727
3.58368
3.55917
3.53502
3.51115
3.48754
3.46416
3.44099
3.41801
3.39523
3.37266
3.35033
3.3283
3.30664
3.28545
3.26484
3.24495
3.22592
3.20791
3.19106
3.17552
3.16137
3.14871
3.13755
3.1279
3.11974
3.11303
3.10776
3.10393
3.1016
3.10091
3.10213
3.10567
3.11218
3.12257
3.13813
3.16066
3.19265
3.23755
3.3
3.60754
3.58395
3.55944
3.5353
3.51143
3.48781
3.46443
3.44126
3.41829
3.39551
3.37294
3.35061
3.32858
3.30692
3.28573
3.26511
3.24522
3.22619
3.20818
3.19134
3.17579
3.16165
3.14898
3.13782
3.12817
3.12
3.1133
3.10802
3.10419
3.10186
3.10116
3.10238
3.10592
3.11242
3.1228
3.13835
3.16088
3.19285
3.23775
3.30018
3.6078
3.58421
3.5597
3.53556
3.51169
3.48807
3.46469
3.44152
3.41855
3.39577
3.3732
3.35087
3.32885
3.30719
3.28599
3.26538
3.24549
3.22646
3.20845
3.19161
3.17606
3.16192
3.14925
3.13809
3.12844
3.12027
3.11356
3.10829
3.10445
3.10212
3.10143
3.10264
3.10618
3.11268
3.12306
3.1386
3.16112
3.1931
3.23798
3.30041
3.60806
3.58447
3.55996
3.53582
3.51195
3.48834
3.46496
3.44179
3.41881
3.39604
3.37347
3.35114
3.32912
3.30746
3.28627
3.26566
3.24576
3.22674
3.20873
3.19188
3.17634
3.16219
3.14952
3.13836
3.12871
3.12054
3.11383
3.10856
3.10473
3.10239
3.10171
3.10292
3.10646
3.11296
3.12333
3.13888
3.1614
3.19337
3.23825
3.30068
3.60828
3.58469
3.56019
3.53604
3.51217
3.48856
3.46518
3.44201
3.41904
3.39627
3.3737
3.35137
3.32935
3.30769
3.2865
3.26589
3.246
3.22697
3.20896
3.19212
3.17657
3.16243
3.14976
3.1386
3.12894
3.12078
3.11407
3.10879
3.10496
3.10263
3.10194
3.10315
3.10669
3.11319
3.12357
3.13912
3.16163
3.1936
3.23849
3.30091
3.60841
3.58482
3.56031
3.53617
3.5123
3.48869
3.46531
3.44214
3.41917
3.39639
3.37383
3.3515
3.32948
3.30782
3.28663
3.26602
3.24613
3.2271
3.20909
3.19224
3.1767
3.16255
3.14988
3.13872
3.12907
3.1209
3.11419
3.10892
3.10509
3.10275
3.10206
3.10328
3.10681
3.11331
3.12369
3.13924
3.16176
3.19373
3.23861
3.30103
3.60841
3.58482
3.56031
3.53617
3.5123
3.48869
3.46531
3.44214
3.41917
3.39639
3.37383
3.3515
3.32948
3.30782
3.28663
3.26602
3.24613
3.2271
3.20909
3.19224
3.1767
3.16255
3.14988
3.13872
3.12907
3.1209
3.11419
3.10892
3.10509
3.10275
3.10206
3.10327
3.1068
3.1133
3.12368
3.13923
3.16175
3.19372
3.23861
3.30103
3.60829
3.5847
3.5602
3.53606
3.51219
3.48857
3.4652
3.44203
3.41906
3.39628
3.37371
3.35139
3.32936
3.30771
3.28651
3.2659
3.24601
3.22698
3.20897
3.19213
3.17658
3.16244
3.14976
3.1386
3.12895
3.12079
3.11408
3.1088
3.10497
3.10263
3.10194
3.10315
3.10668
3.11318
3.12356
3.13911
3.16163
3.1936
3.23848
3.3009
3.60807
3.58448
3.55998
3.53583
3.51196
3.48835
3.46497
3.4418
3.41883
3.39605
3.37349
3.35116
3.32914
3.30748
3.28629
3.26568
3.24578
3.22675
3.20874
3.1919
3.17635
3.16221
3.14953
3.13837
3.12872
3.12056
3.11384
3.10857
3.10473
3.10239
3.1017
3.10291
3.10644
3.11294
3.12332
3.13887
3.16138
3.19336
3.23824
3.30066
3.60774
3.58415
3.55964
3.5355
3.51162
3.48801
3.46463
3.44146
3.41849
3.39571
3.37314
3.35082
3.32879
3.30713
3.28594
3.26533
3.24544
3.22641
3.20839
3.19155
3.176
3.16185
3.14918
3.13802
3.12837
3.1202
3.11348
3.10821
3.10437
3.10203
3.10133
3.10254
3.10608
3.11258
3.12295
3.1385
3.16101
3.19298
3.23786
3.30028
3.60732
3.58372
3.55922
3.53507
3.5112
3.48758
3.4642
3.44103
3.41806
3.39528
3.37271
3.35038
3.32835
3.30669
3.2855
3.26489
3.24499
3.22596
3.20795
3.1911
3.17555
3.16141
3.14874
3.13757
3.12792
3.11975
3.11303
3.10775
3.10391
3.10157
3.10088
3.10209
3.10562
3.11211
3.12249
3.13803
3.16054
3.19251
3.23739
3.29981
3.60689
3.58329
3.55878
3.53464
3.51076
3.48715
3.46376
3.44059
3.41762
3.39484
3.37226
3.34994
3.32791
3.30625
3.28506
3.26444
3.24455
3.22552
3.2075
3.19065
3.1751
3.16096
3.14828
3.13712
3.12746
3.11929
3.11257
3.10729
3.10345
3.10112
3.10042
3.10163
3.10515
3.11165
3.12202
3.13756
3.16008
3.19205
3.23692
3.29934
3.60651
3.58292
3.55841
3.53426
3.51038
3.48677
3.46338
3.44021
3.41724
3.39445
3.37188
3.34955
3.32752
3.30586
3.28467
3.26406
3.24416
3.22513
3.20711
3.19027
3.17472
3.16057
3.14789
3.13673
3.12707
3.1189
3.11218
3.1069
3.10306
3.10072
3.10002
3.10123
3.10475
3.11125
3.12162
3.13716
3.15968
3.19164
3.23652
3.29894
3.60618
3.58258
3.55807
3.53392
3.51005
3.48643
3.46304
3.43987
3.41689
3.39411
3.37154
3.34921
3.32718
3.30552
3.28432
3.26371
3.24381
3.22478
3.20676
3.18992
3.17437
3.16022
3.14754
3.13638
3.12672
3.11855
3.11183
3.10655
3.10271
3.10037
3.09967
3.10087
3.10439
3.11089
3.12126
3.1368
3.15931
3.19127
3.23615
3.29857
3.60584
3.58224
3.55773
3.53358
3.5097
3.48608
3.4627
3.43952
3.41655
3.39376
3.37119
3.34886
3.32682
3.30516
3.28397
3.26335
3.24345
3.22442
3.20641
3.18956
3.17401
3.15986
3.14718
3.13601
3.12636
3.11818
3.11146
3.10618
3.10234
3.1
3.0993
3.1005
3.10402
3.11051
3.12088
3.13641
3.15892
3.19089
3.23576
3.29818
3.6055
3.5819
3.55739
3.53324
3.50936
3.48574
3.46235
3.43918
3.4162
3.39341
3.37084
3.34851
3.32647
3.30481
3.28361
3.263
3.2431
3.22406
3.20605
3.1892
3.17365
3.1595
3.14682
3.13565
3.12599
3.11782
3.1111
3.10581
3.10197
3.09963
3.09892
3.10012
3.10364
3.11013
3.1205
3.13603
3.15854
3.1905
3.23538
3.29779
3.60518
3.58158
3.55706
3.53291
3.50903
3.48541
3.46202
3.43885
3.41587
3.39309
3.37051
3.34818
3.32615
3.30448
3.28329
3.26267
3.24277
3.22374
3.20572
3.18887
3.17332
3.15917
3.14649
3.13532
3.12566
3.11749
3.11077
3.10548
3.10164
3.09929
3.09859
3.09978
3.10331
3.10979
3.12016
3.13569
3.1582
3.19016
3.23503
3.29745
3.60484
3.58124
3.55672
3.53257
3.50869
3.48507
3.46168
3.43851
3.41553
3.39275
3.37017
3.34784
3.32581
3.30415
3.28295
3.26234
3.24244
3.2234
3.20539
3.18853
3.17298
3.15883
3.14615
3.13499
3.12533
3.11716
3.11044
3.10515
3.10131
3.09896
3.09825
3.09945
3.10297
3.10946
3.11982
3.13535
3.15786
3.18982
3.23469
3.29711
3.60441
3.58081
3.5563
3.53215
3.50827
3.48465
3.46126
3.43808
3.41511
3.39232
3.36975
3.34742
3.32538
3.30372
3.28253
3.26191
3.24201
3.22298
3.20496
3.18811
3.17256
3.15841
3.14573
3.13457
3.12491
3.11674
3.11002
3.10473
3.10089
3.09854
3.09784
3.09904
3.10256
3.10904
3.1194
3.13493
3.15744
3.18939
3.23427
3.29668
3.60392
3.58031
3.5558
3.53165
3.50776
3.48414
3.46075
3.43758
3.4146
3.39181
3.36924
3.3469
3.32487
3.30321
3.28201
3.2614
3.2415
3.22246
3.20444
3.18759
3.17203
3.15788
3.14521
3.13404
3.12439
3.11621
3.10949
3.1042
3.10036
3.09802
3.09731
3.09851
3.10203
3.10851
3.11887
3.1344
3.15691
3.18886
3.23373
3.29613
3.60346
3.57985
3.55534
3.53118
3.5073
3.48368
3.46029
3.43711
3.41412
3.39133
3.36876
3.34642
3.32439
3.30272
3.28152
3.2609
3.241
3.22196
3.20394
3.18709
3.17153
3.15738
3.1447
3.13353
3.12387
3.11569
3.10897
3.10368
3.09984
3.0975
3.09679
3.09798
3.1015
3.10799
3.11834
3.13387
3.15638
3.18833
3.2332
3.29561
3.60324
3.57963
3.55512
3.53096
3.50708
3.48345
3.46006
3.43688
3.41389
3.3911
3.36852
3.34619
3.32415
3.30249
3.28129
3.26067
3.24076
3.22172
3.2037
3.18685
3.17129
3.15714
3.14446
3.13329
3.12363
3.11544
3.10872
3.10343
3.09959
3.09724
3.09653
3.09772
3.10124
3.10773
3.11808
3.13361
3.15612
3.18807
3.23295
3.29536
3.60337
3.57977
3.55525
3.5311
3.50722
3.48359
3.4602
3.43702
3.41404
3.39125
3.36868
3.34634
3.32431
3.30264
3.28145
3.26083
3.24093
3.22189
3.20387
3.18702
3.17147
3.15731
3.14464
3.13347
3.1238
3.11563
3.1089
3.10362
3.09977
3.09742
3.09671
3.0979
3.10142
3.10791
3.11826
3.13379
3.15629
3.18824
3.23312
3.29552
3.60358
3.57998
3.55547
3.53132
3.50744
3.48382
3.46043
3.43726
3.41428
3.39149
3.36892
3.34659
3.32456
3.30289
3.2817
3.26108
3.24118
3.22215
3.20414
3.18729
3.17174
3.15759
3.14491
3.13374
3.12408
3.11591
3.10919
3.10391
3.10006
3.09772
3.09701
3.0982
3.10172
3.1082
3.11855
3.13408
3.15658
3.18852
3.23339
3.29579
3.60331
3.57971
3.55519
3.53104
3.50716
3.48355
3.46016
3.43698
3.414
3.39122
3.36865
3.34631
3.32428
3.30262
3.28142
3.26081
3.24091
3.22187
3.20386
3.18701
3.17146
3.15731
3.14463
3.13347
3.12381
3.11564
3.10892
3.10364
3.0998
3.09745
3.09675
3.09794
3.10146
3.10794
3.11829
3.13382
3.15632
3.18827
3.23313
3.29553
3.60247
3.57886
3.55434
3.53019
3.5063
3.48268
3.45928
3.4361
3.41312
3.39033
3.36775
3.34541
3.32337
3.3017
3.2805
3.25988
3.23998
3.22094
3.20292
3.18607
3.17051
3.15636
3.14368
3.13251
3.12286
3.11468
3.10796
3.10267
3.09883
3.09648
3.09577
3.09696
3.10048
3.10696
3.11731
3.13284
3.15534
3.18728
3.23215
3.29456
3.60172
3.57811
3.55358
3.52942
3.50553
3.4819
3.4585
3.43531
3.41232
3.38953
3.36694
3.34459
3.32255
3.30087
3.27967
3.25904
3.23913
3.22009
3.20206
3.1852
3.16964
3.15547
3.14279
3.13161
3.12195
3.11377
3.10704
3.10174
3.0979
3.09555
3.09483
3.09601
3.09953
3.10601
3.11636
3.13187
3.15438
3.18632
3.23119
3.2936
3.60175
3.57814
3.55362
3.52945
3.50556
3.48193
3.45854
3.43535
3.41236
3.38957
3.36698
3.34464
3.32259
3.30092
3.27971
3.25908
3.23917
3.22012
3.2021
3.18523
3.16967
3.15551
3.14282
3.13164
3.12197
3.11379
3.10706
3.10176
3.09791
3.09556
3.09484
3.09603
3.09954
3.10602
3.11637
3.13189
3.1544
3.18635
3.23123
3.29362
3.6023
3.5787
3.55418
3.53003
3.50615
3.48253
3.45915
3.43597
3.41299
3.39021
3.36763
3.3453
3.32326
3.3016
3.2804
3.25978
3.23988
3.22084
3.20282
3.18597
3.17042
3.15626
3.14358
3.13241
3.12275
3.11457
3.10785
3.10256
3.09872
3.09637
3.09566
3.09685
3.10036
3.10685
3.1172
3.13273
3.15524
3.18719
3.23206
3.29447
3.602
3.5784
3.55389
3.52974
3.50587
3.48225
3.45886
3.43569
3.41271
3.38993
3.36735
3.34502
3.32299
3.30133
3.28013
3.25952
3.23962
3.22059
3.20257
3.18573
3.17017
3.15602
3.14335
3.13218
3.12252
3.11435
3.10763
3.10235
3.09851
3.09616
3.09546
3.09665
3.10017
3.10666
3.11702
3.13255
3.15506
3.18702
3.2319
3.29435
3.60053
3.57692
3.5524
3.52824
3.50435
3.48072
3.45732
3.43413
3.41114
3.38835
3.36576
3.34342
3.32138
3.29971
3.2785
3.25788
3.23797
3.21893
3.20091
3.18405
3.16849
3.15433
3.14165
3.13048
3.12082
3.11265
3.10592
3.10064
3.0968
3.09446
3.09376
3.09496
3.09849
3.105
3.11537
3.13092
3.15346
3.18546
3.23038
3.29281
3.59964
3.57603
3.55151
3.52735
3.50347
3.47984
3.45645
3.43326
3.41028
3.38749
3.36491
3.34257
3.32054
3.29887
3.27767
3.25705
3.23715
3.21811
3.20009
3.18324
3.16769
3.15354
3.14086
3.1297
3.12004
3.11188
3.10516
3.09989
3.09606
3.09374
3.09306
3.09428
3.09783
3.10437
3.11478
3.13037
3.15297
3.18498
3.22993
3.29243
3.59924
3.57564
3.55113
3.52698
3.50311
3.47949
3.4561
3.43293
3.40995
3.38717
3.3646
3.34228
3.32025
3.29859
3.27739
3.25678
3.23689
3.21786
3.19985
3.183
3.16745
3.15331
3.14064
3.12948
3.11984
3.11168
3.10497
3.09971
3.09591
3.0936
3.09294
3.09418
3.09778
3.10436
3.11482
3.13046
3.1531
3.18519
3.23023
3.29276
3.59851
3.5749
3.55038
3.52622
3.50234
3.47871
3.45531
3.43213
3.40914
3.38635
3.36377
3.34143
3.31939
3.29772
3.27651
3.25589
3.23599
3.21695
3.19893
3.18208
3.16652
3.15237
3.1397
3.12854
3.1189
3.11074
3.10405
3.0988
3.095
3.09271
3.09208
3.09337
3.09702
3.10364
3.11416
3.12991
3.15262
3.18483
3.22992
3.29258
3.59887
3.57535
3.5509
3.52683
3.50302
3.47948
3.45617
3.43307
3.41017
3.38745
3.36494
3.34267
3.32069
3.29906
3.27788
3.25727
3.23736
3.2183
3.20024
3.18332
3.16769
3.15344
3.14065
3.12937
3.1196
3.11131
3.10447
3.09906
3.09509
3.09263
3.09182
3.09291
3.09637
3.10286
3.1133
3.12899
3.1518
3.18417
3.22958
3.29262
3.5822
3.55945
3.53556
3.51208
3.48892
3.46608
3.44353
3.42128
3.3993
3.37763
3.35628
3.33531
3.31477
3.29476
3.27538
3.25673
3.23896
3.22217
3.20651
3.19207
3.17895
3.16722
3.15692
3.14805
3.14061
3.13459
3.12998
3.12682
3.12518
3.12522
3.12718
3.13149
3.13874
3.14979
3.16584
3.18854
3.22014
3.26362
3.32297
3.40318
3.58819
3.56526
3.54119
3.51752
3.49418
3.47115
3.44841
3.42596
3.4038
3.38193
3.3604
3.33925
3.31854
3.29837
3.27883
3.26004
3.24213
3.22522
3.20944
3.19489
3.18166
3.1698
3.15936
3.15033
3.1427
3.13646
3.13159
3.12813
3.12614
3.12579
3.12733
3.13119
3.13797
3.14857
3.1642
3.18651
3.21774
3.26088
3.31986
3.39965
3.58991
3.56694
3.54283
3.51912
3.49574
3.47267
3.44989
3.4274
3.4052
3.3833
3.36172
3.34053
3.31979
3.29958
3.28
3.26118
3.24323
3.22629
3.21047
3.19588
3.1826
3.17071
3.16021
3.15113
3.14345
3.13714
3.13221
3.12867
3.1266
3.12615
3.1276
3.13136
3.13805
3.14854
3.16406
3.18626
3.21739
3.26044
3.31933
3.39903
3.59071
3.56773
3.5436
3.51989
3.49649
3.47341
3.45063
3.42813
3.40591
3.384
3.36242
3.34121
3.32046
3.30024
3.28065
3.26182
3.24386
3.2269
3.21107
3.19646
3.18317
3.17126
3.16075
3.15165
3.14395
3.13762
3.13267
3.1291
3.12701
3.12653
3.12794
3.13166
3.1383
3.14874
3.1642
3.18635
3.21742
3.2604
3.31923
3.39888
3.5912
3.56822
3.5441
3.52038
3.49698
3.47389
3.45111
3.4286
3.40639
3.38447
3.36289
3.34168
3.32092
3.3007
3.28111
3.26227
3.2443
3.22734
3.2115
3.19689
3.1836
3.17168
3.16117
3.15206
3.14435
3.13802
3.13305
3.12948
3.12737
3.12687
3.12827
3.13196
3.13857
3.14899
3.16442
3.18653
3.21756
3.26051
3.31929
3.3989
3.59156
3.56858
3.54445
3.52073
3.49733
3.47425
3.45146
3.42896
3.40674
3.38482
3.36324
3.34203
3.32127
3.30104
3.28145
3.26261
3.24465
3.22769
3.21185
3.19724
3.18394
3.17202
3.1615
3.1524
3.14468
3.13834
3.13338
3.1298
3.12768
3.12718
3.12856
3.13224
3.13884
3.14924
3.16466
3.18675
3.21776
3.26068
3.31945
3.39903
3.59184
3.56886
3.54473
3.52101
3.49761
3.47453
3.45174
3.42924
3.40702
3.3851
3.36351
3.34231
3.32155
3.30132
3.28173
3.26289
3.24493
3.22797
3.21213
3.19751
3.18422
3.1723
3.16178
3.15267
3.14496
3.13862
3.13364
3.13006
3.12794
3.12744
3.12882
3.13249
3.13909
3.14949
3.16489
3.18698
3.21798
3.26089
3.31964
3.39922
3.59209
3.56911
3.54499
3.52127
3.49787
3.47479
3.452
3.4295
3.40728
3.38536
3.36378
3.34257
3.32182
3.30159
3.282
3.26316
3.2452
3.22823
3.21239
3.19778
3.18449
3.17257
3.16205
3.15294
3.14522
3.13888
3.13391
3.13033
3.12821
3.1277
3.12908
3.13276
3.13935
3.14974
3.16515
3.18723
3.21822
3.26113
3.31988
3.39945
3.59235
3.56937
3.54525
3.52153
3.49813
3.47505
3.45226
3.42976
3.40755
3.38563
3.36405
3.34284
3.32209
3.30186
3.28227
3.26343
3.24547
3.22851
3.21267
3.19806
3.18476
3.17284
3.16232
3.15321
3.1455
3.13916
3.13418
3.1306
3.12848
3.12798
3.12936
3.13304
3.13963
3.15002
3.16543
3.1875
3.2185
3.2614
3.32015
3.39972
3.59257
3.56959
3.54547
3.52175
3.49835
3.47527
3.45249
3.42999
3.40777
3.38586
3.36428
3.34307
3.32232
3.30209
3.28251
3.26367
3.2457
3.22874
3.2129
3.19829
3.185
3.17307
3.16255
3.15344
3.14573
3.13939
3.13441
3.13083
3.12871
3.12821
3.12959
3.13327
3.13987
3.15026
3.16566
3.18774
3.21873
3.26164
3.32038
3.39994
3.59269
3.56972
3.54559
3.52188
3.49848
3.4754
3.45261
3.43011
3.4079
3.38599
3.3644
3.3432
3.32244
3.30222
3.28263
3.2638
3.24583
3.22887
3.21303
3.19842
3.18512
3.1732
3.16268
3.15357
3.14585
3.13951
3.13454
3.13096
3.12884
3.12834
3.12972
3.1334
3.13999
3.15038
3.16579
3.18786
3.21886
3.26176
3.3205
3.40007
3.59269
3.56972
3.54559
3.52188
3.49848
3.4754
3.45261
3.43012
3.4079
3.38599
3.36441
3.3432
3.32245
3.30222
3.28264
3.2638
3.24583
3.22887
3.21303
3.19842
3.18512
3.1732
3.16268
3.15357
3.14585
3.13951
3.13454
3.13096
3.12884
3.12833
3.12971
3.13339
3.13998
3.15037
3.16578
3.18786
3.21885
3.26175
3.3205
3.40006
3.59258
3.5696
3.54548
3.52177
3.49837
3.47529
3.4525
3.43
3.40779
3.38587
3.36429
3.34309
3.32233
3.30211
3.28252
3.26368
3.24572
3.22876
3.21291
3.1983
3.18501
3.17308
3.16256
3.15345
3.14574
3.1394
3.13443
3.13084
3.12872
3.12821
3.12959
3.13327
3.13986
3.15025
3.16566
3.18773
3.21873
3.26163
3.32038
3.39994
3.59236
3.56938
3.54526
3.52155
3.49815
3.47506
3.45228
3.42978
3.40757
3.38565
3.36407
3.34286
3.32211
3.30189
3.2823
3.26346
3.2455
3.22853
3.21269
3.19808
3.18478
3.17286
3.16234
3.15323
3.14551
3.13917
3.13419
3.13061
3.12848
3.12798
3.12935
3.13303
3.13963
3.15002
3.16542
3.18749
3.21849
3.26139
3.32013
3.39969
3.59203
3.56905
3.54493
3.52121
3.49781
3.47473
3.45194
3.42944
3.40723
3.38531
3.36373
3.34252
3.32177
3.30154
3.28196
3.26312
3.24515
3.22818
3.21234
3.19773
3.18443
3.17251
3.16199
3.15287
3.14516
3.13881
3.13384
3.13025
3.12812
3.12762
3.12899
3.13267
3.13926
3.14965
3.16505
3.18712
3.21812
3.26102
3.31976
3.39932
3.59161
3.56863
3.54451
3.52079
3.49739
3.4743
3.45151
3.42901
3.4068
3.38488
3.36329
3.34209
3.32133
3.30111
3.28152
3.26268
3.24471
3.22775
3.2119
3.19729
3.18399
3.17206
3.16154
3.15243
3.14471
3.13836
3.13338
3.12979
3.12767
3.12716
3.12854
3.13221
3.1388
3.14919
3.16459
3.18666
3.21765
3.26055
3.31929
3.39885
3.59119
3.5682
3.54408
3.52036
3.49695
3.47387
3.45108
3.42858
3.40636
3.38444
3.36286
3.34165
3.32089
3.30067
3.28108
3.26224
3.24427
3.2273
3.21146
3.19684
3.18354
3.17161
3.16109
3.15198
3.14426
3.13791
3.13293
3.12934
3.12721
3.12671
3.12808
3.13175
3.13834
3.14873
3.16412
3.1862
3.21719
3.26008
3.31883
3.39839
3.59081
3.56783
3.5437
3.51998
3.49658
3.47349
3.4507
3.4282
3.40598
3.38407
3.36248
3.34127
3.32051
3.30029
3.2807
3.26185
3.24389
3.22692
3.21107
3.19646
3.18316
3.17123
3.16071
3.15159
3.14387
3.13752
3.13254
3.12895
3.12682
3.12631
3.12769
3.13135
3.13794
3.14833
3.16372
3.1858
3.21679
3.25968
3.31842
3.39798
3.59048
3.5675
3.54337
3.51965
3.49625
3.47316
3.45037
3.42786
3.40565
3.38373
3.36214
3.34093
3.32017
3.29994
3.28035
3.26151
3.24354
3.22657
3.21073
3.19611
3.18281
3.17088
3.16036
3.15124
3.14352
3.13717
3.13219
3.1286
3.12647
3.12596
3.12733
3.131
3.13758
3.14797
3.16336
3.18543
3.21642
3.25931
3.31805
3.39761
3.59015
3.56716
3.54303
3.51931
3.49591
3.47282
3.45003
3.42752
3.4053
3.38338
3.36179
3.34058
3.31982
3.29959
3.28
3.26116
3.24319
3.22622
3.21037
3.19575
3.18245
3.17053
3.16
3.15088
3.14316
3.13681
3.13183
3.12823
3.1261
3.12559
3.12696
3.13063
3.13722
3.1476
3.16298
3.18505
3.21604
3.25893
3.31767
3.39723
3.58981
3.56683
3.5427
3.51897
3.49556
3.47247
3.44968
3.42718
3.40496
3.38304
3.36145
3.34023
3.31947
3.29924
3.27965
3.26081
3.24283
3.22586
3.21002
3.1954
3.1821
3.17017
3.15964
3.15052
3.1428
3.13645
3.13146
3.12787
3.12574
3.12523
3.12659
3.13026
3.13684
3.14722
3.16261
3.18468
3.21566
3.25855
3.31729
3.39684
3.58949
3.56651
3.54238
3.51865
3.49524
3.47215
3.44936
3.42685
3.40464
3.38271
3.36112
3.33991
3.31915
3.29892
3.27933
3.26048
3.24251
3.22554
3.20969
3.19507
3.18177
3.16984
3.15931
3.15019
3.14247
3.13612
3.13113
3.12754
3.12541
3.12489
3.12626
3.12992
3.1365
3.14687
3.16226
3.18433
3.21531
3.2582
3.31694
3.39649
3.58916
3.56617
3.54204
3.51831
3.4949
3.47181
3.44902
3.42652
3.4043
3.38238
3.36078
3.33957
3.31881
3.29858
3.27899
3.26015
3.24217
3.2252
3.20935
3.19474
3.18143
3.1695
3.15898
3.14986
3.14214
3.13578
3.1308
3.1272
3.12507
3.12455
3.12592
3.12958
3.13616
3.14653
3.16192
3.18399
3.21496
3.25786
3.31659
3.39615
3.58874
3.56575
3.54162
3.51789
3.49448
3.47139
3.4486
3.42609
3.40387
3.38195
3.36036
3.33915
3.31839
3.29816
3.27857
3.25972
3.24175
3.22478
3.20893
3.19431
3.18101
3.16908
3.15856
3.14944
3.14172
3.13537
3.13039
3.12679
3.12466
3.12414
3.1255
3.12916
3.13574
3.14611
3.1615
3.18357
3.21454
3.25743
3.31617
3.39573
3.58824
3.56525
3.54112
3.51739
3.49398
3.47089
3.4481
3.42559
3.40337
3.38144
3.35985
3.33864
3.31788
3.29765
3.27806
3.25921
3.24124
3.22426
3.20841
3.19379
3.18049
3.16856
3.15804
3.14892
3.1412
3.13485
3.12986
3.12627
3.12413
3.12362
3.12498
3.12864
3.13522
3.14559
3.16097
3.18304
3.21401
3.2569
3.31563
3.39519
3.58778
3.56479
3.54066
3.51693
3.49352
3.47042
3.44763
3.42512
3.40289
3.38097
3.35937
3.33816
3.31739
3.29716
3.27757
3.25872
3.24074
3.22377
3.20792
3.19329
3.17999
3.16806
3.15753
3.14841
3.14069
3.13434
3.12935
3.12575
3.12362
3.1231
3.12446
3.12812
3.1347
3.14507
3.16045
3.18252
3.21349
3.25637
3.3151
3.39465
3.58757
3.56458
3.54044
3.51671
3.4933
3.4702
3.4474
3.42489
3.40267
3.38074
3.35914
3.33793
3.31716
3.29693
3.27733
3.25848
3.24051
3.22353
3.20768
3.19306
3.17975
3.16782
3.15729
3.14817
3.14044
3.13409
3.12909
3.12549
3.12336
3.12284
3.1242
3.12786
3.13444
3.14481
3.16019
3.18225
3.21322
3.25611
3.31484
3.3944
3.5877
3.56471
3.54058
3.51685
3.49344
3.47035
3.44755
3.42504
3.40282
3.38089
3.3593
3.33809
3.31732
3.29709
3.2775
3.25865
3.24067
3.2237
3.20785
3.19323
3.17992
3.16799
3.15746
3.14835
3.14062
3.13426
3.12927
3.12567
3.12354
3.12302
3.12438
3.12804
3.13462
3.14498
3.16036
3.18242
3.21339
3.25628
3.31501
3.39456
3.58792
3.56493
3.5408
3.51708
3.49367
3.47058
3.44779
3.42528
3.40306
3.38114
3.35955
3.33833
3.31757
3.29734
3.27775
3.2589
3.24093
3.22396
3.20811
3.1935
3.18019
3.16827
3.15774
3.14862
3.1409
3.13455
3.12956
3.12596
3.12383
3.12331
3.12467
3.12834
3.13491
3.14527
3.16065
3.18271
3.21368
3.25656
3.31528
3.39483
3.58765
3.56466
3.54053
3.51681
3.4934
3.47031
3.44752
3.42501
3.40279
3.38086
3.35927
3.33806
3.3173
3.29707
3.27747
3.25863
3.24066
3.22369
3.20784
3.19322
3.17992
3.16799
3.15747
3.14835
3.14063
3.13428
3.12929
3.1257
3.12356
3.12305
3.12441
3.12807
3.13464
3.145
3.16038
3.18245
3.21342
3.25629
3.31502
3.39457
3.58681
3.56382
3.53968
3.51595
3.49253
3.46944
3.44664
3.42413
3.4019
3.37997
3.35838
3.33716
3.31639
3.29616
3.27656
3.25771
3.23973
3.22276
3.20691
3.19229
3.17898
3.16705
3.15652
3.1474
3.13967
3.13332
3.12833
3.12473
3.1226
3.12207
3.12343
3.12709
3.13366
3.14402
3.1594
3.18147
3.21243
3.25531
3.31404
3.39359
3.58606
3.56306
3.53892
3.51518
3.49176
3.46866
3.44585
3.42334
3.4011
3.37917
3.35756
3.33634
3.31557
3.29533
3.27572
3.25687
3.23888
3.2219
3.20604
3.19142
3.1781
3.16616
3.15563
3.1465
3.13877
3.13241
3.12742
3.12382
3.12168
3.12115
3.1225
3.12615
3.13273
3.14309
3.15846
3.18052
3.21148
3.25437
3.3131
3.39264
3.58609
3.5631
3.53896
3.51522
3.4918
3.4687
3.4459
3.42338
3.40115
3.37921
3.35761
3.33639
3.31561
3.29537
3.27577
3.25691
3.23892
3.22194
3.20608
3.19146
3.17814
3.1662
3.15566
3.14654
3.1388
3.13244
3.12745
3.12385
3.12171
3.12118
3.12253
3.12619
3.13276
3.14312
3.15849
3.18056
3.21153
3.25441
3.31313
3.39269
3.58665
3.56366
3.53953
3.5158
3.4924
3.46931
3.44651
3.42401
3.40178
3.37986
3.35826
3.33705
3.31629
3.29606
3.27646
3.25761
3.23964
3.22266
3.20682
3.19219
3.17889
3.16695
3.15642
3.1473
3.13957
3.13321
3.12822
3.12462
3.12249
3.12196
3.12332
3.12698
3.13356
3.14392
3.1593
3.18136
3.21233
3.25522
3.31394
3.39352
3.58635
3.56336
3.53923
3.51551
3.49211
3.46902
3.44623
3.42372
3.4015
3.37958
3.35799
3.33677
3.31601
3.29579
3.27619
3.25735
3.23937
3.2224
3.20656
3.19194
3.17863
3.1667
3.15617
3.14706
3.13933
3.13298
3.12799
3.12439
3.12226
3.12174
3.1231
3.12676
3.13334
3.14371
3.15909
3.18116
3.21214
3.25504
3.3138
3.39336
3.58486
3.56186
3.53772
3.51398
3.49057
3.46747
3.44466
3.42214
3.39991
3.37798
3.35638
3.33516
3.31438
3.29415
3.27454
3.25569
3.23771
3.22074
3.20488
3.19026
3.17695
3.16502
3.15449
3.14537
3.13765
3.13129
3.12631
3.12271
3.12058
3.12007
3.12144
3.12511
3.13171
3.14209
3.15749
3.17959
3.21061
3.25352
3.31229
3.39185
3.58392
3.56093
3.53679
3.51306
3.48965
3.46655
3.44375
3.42123
3.39901
3.37708
3.35548
3.33427
3.3135
3.29327
3.27367
3.25482
3.23685
3.21987
3.20402
3.18941
3.1761
3.16417
3.15364
3.14453
3.13681
3.13047
3.12549
3.12191
3.1198
3.11931
3.1207
3.12439
3.13102
3.14144
3.15688
3.17902
3.21006
3.25302
3.31184
3.39151
3.58344
3.56046
3.53633
3.51261
3.4892
3.46612
3.44332
3.42082
3.3986
3.37668
3.35509
3.33388
3.31312
3.2929
3.27331
3.25446
3.2365
3.21953
3.20369
3.18908
3.17579
3.16386
3.15335
3.14425
3.13654
3.1302
3.12524
3.12168
3.11959
3.11912
3.12053
3.12427
3.13094
3.1414
3.15689
3.17909
3.2102
3.25324
3.31208
3.39179
3.58259
3.5596
3.53546
3.51173
3.48831
3.46521
3.44241
3.41989
3.39766
3.37573
3.35413
3.33291
3.31215
3.29191
3.27231
3.25346
3.23548
3.21851
3.20266
3.18804
3.17474
3.16281
3.15229
3.14319
3.13549
3.12916
3.12421
3.12067
3.11859
3.11815
3.11961
3.12339
3.13011
3.14064
3.15623
3.17851
3.20969
3.25283
3.31183
3.3916
3.58281
3.5599
3.53584
3.51219
3.48886
3.46585
3.44313
3.4207
3.39854
3.37668
3.35515
3.33398
3.31326
3.29305
3.27346
3.25461
3.23662
3.21961
3.20371
3.18902
3.17563
3.16361
3.15298
3.14376
3.13593
3.12946
3.12436
3.12066
3.11842
3.11781
3.11909
3.12272
3.12932
3.13979
3.15534
3.1777
3.20911
3.2525
3.31186
3.39214
3.56802
3.54598
3.52254
3.49956
3.47696
3.45474
3.43291
3.41145
3.39039
3.36974
3.34956
3.32989
3.31082
3.29243
3.27482
3.2581
3.24237
3.22772
3.21425
3.20204
3.19112
3.18154
3.1733
3.16641
3.16087
3.15668
3.15388
3.15258
3.15294
3.15523
3.15985
3.16741
3.17873
3.19497
3.21764
3.2488
3.29111
3.34801
3.42384
3.5239
3.57444
3.55221
3.52858
3.50541
3.48261
3.4602
3.43817
3.41651
3.39525
3.37441
3.35403
3.33418
3.31493
3.29638
3.27861
3.26173
3.24584
3.23105
3.21744
3.20508
3.19401
3.18425
3.17582
3.16871
3.16291
3.15843
3.1553
3.15363
3.15358
3.15543
3.1596
3.16669
3.17754
3.19332
3.21557
3.24633
3.28825
3.34476
3.42016
3.51971
3.57636
3.55409
3.53041
3.5072
3.48436
3.4619
3.43983
3.41813
3.39682
3.37594
3.35552
3.33563
3.31634
3.29774
3.27993
3.26301
3.24709
3.23226
3.2186
3.20619
3.19506
3.18526
3.17676
3.16959
3.16372
3.15916
3.15596
3.1542
3.15406
3.15581
3.15987
3.16685
3.17759
3.19327
3.2154
3.24606
3.28788
3.34429
3.4196
3.51906
3.57724
3.55496
3.53127
3.50804
3.48519
3.46273
3.44064
3.41893
3.39761
3.37672
3.35629
3.33639
3.31709
3.29848
3.28065
3.26372
3.24778
3.23293
3.21926
3.20683
3.19569
3.18587
3.17736
3.17016
3.16427
3.15969
3.15646
3.15467
3.1545
3.15621
3.16023
3.16716
3.17785
3.19347
3.21555
3.24614
3.2879
3.34425
3.4195
3.51891
3.57777
3.55549
3.5318
3.50857
3.48571
3.46325
3.44115
3.41944
3.39812
3.37722
3.35679
3.33688
3.31758
3.29897
3.28114
3.2642
3.24826
3.23341
3.21973
3.2073
3.19615
3.18632
3.1778
3.1706
3.1647
3.16011
3.15687
3.15507
3.15488
3.15656
3.16056
3.16747
3.17814
3.19372
3.21577
3.24632
3.28805
3.34435
3.41956
3.51893
3.57813
3.55585
3.53216
3.50893
3.48608
3.46361
3.44152
3.4198
3.39848
3.37758
3.35715
3.33724
3.31794
3.29933
3.2815
3.26456
3.24862
3.23376
3.22008
3.20765
3.1965
3.18667
3.17815
3.17094
3.16504
3.16044
3.1572
3.15539
3.15519
3.15687
3.16086
3.16775
3.17841
3.19398
3.21601
3.24654
3.28824
3.34453
3.41972
3.51907
3.57841
3.55613
3.53244
3.50921
3.48636
3.46389
3.4418
3.42008
3.39876
3.37786
3.35743
3.33752
3.31822
3.29961
3.28178
3.26484
3.2489
3.23404
3.22036
3.20793
3.19678
3.18695
3.17843
3.17122
3.16531
3.16072
3.15747
3.15566
3.15546
3.15714
3.16112
3.16801
3.17866
3.19422
3.21624
3.24677
3.28846
3.34473
3.41991
3.51925
3.57867
3.55638
3.5327
3.50947
3.48661
3.46415
3.44205
3.42034
3.39902
3.37812
3.35769
3.33779
3.31848
3.29987
3.28204
3.2651
3.24916
3.23431
3.22063
3.20819
3.19705
3.18721
3.17869
3.17148
3.16558
3.16098
3.15773
3.15592
3.15572
3.1574
3.16138
3.16827
3.17892
3.19448
3.2165
3.24702
3.2887
3.34498
3.42015
3.51948
3.57892
3.55664
3.53295
3.50973
3.48687
3.46441
3.44231
3.4206
3.39929
3.37839
3.35796
3.33805
3.31875
3.30014
3.28231
3.26537
3.24943
3.23458
3.2209
3.20846
3.19732
3.18748
3.17896
3.17175
3.16585
3.16125
3.158
3.1562
3.15599
3.15767
3.16166
3.16855
3.17919
3.19475
3.21677
3.24729
3.28898
3.34525
3.42041
3.51974
3.57914
3.55686
3.53317
3.50995
3.48709
3.46463
3.44254
3.42083
3.39951
3.37862
3.35819
3.33828
3.31898
3.30037
3.28254
3.2656
3.24966
3.23481
3.22113
3.20869
3.19755
3.18771
3.17919
3.17198
3.16608
3.16148
3.15824
3.15643
3.15623
3.15791
3.16189
3.16878
3.17943
3.19499
3.21701
3.24753
3.28921
3.34548
3.42064
3.51997
3.57926
3.55698
3.5333
3.51007
3.48722
3.46475
3.44266
3.42095
3.39964
3.37874
3.35831
3.33841
3.31911
3.3005
3.28267
3.26573
3.24979
3.23493
3.22126
3.20882
3.19767
3.18784
3.17932
3.17211
3.1662
3.16161
3.15836
3.15656
3.15635
3.15803
3.16202
3.1689
3.17955
3.19511
3.21713
3.24765
3.28934
3.3456
3.42077
3.52009
3.57926
3.55699
3.5333
3.51007
3.48722
3.46476
3.44267
3.42096
3.39964
3.37875
3.35832
3.33841
3.31911
3.3005
3.28267
3.26573
3.24979
3.23493
3.22126
3.20882
3.19767
3.18784
3.17932
3.17211
3.1662
3.16161
3.15836
3.15655
3.15635
3.15803
3.16201
3.1689
3.17955
3.19511
3.21712
3.24764
3.28933
3.34559
3.42076
3.52009
3.57915
3.55687
3.53319
3.50996
3.48711
3.46464
3.44255
3.42084
3.39953
3.37863
3.3582
3.3383
3.319
3.30038
3.28256
3.26562
3.24967
3.23482
3.22114
3.2087
3.19756
3.18772
3.1792
3.17199
3.16609
3.16149
3.15824
3.15643
3.15623
3.15791
3.16189
3.16878
3.17942
3.19498
3.217
3.24752
3.2892
3.34547
3.42064
3.51997
3.57894
3.55666
3.53297
3.50974
3.48689
3.46442
3.44233
3.42062
3.39931
3.37841
3.35798
3.33808
3.31877
3.30016
3.28233
3.2654
3.24945
3.23459
3.22091
3.20848
3.19733
3.18749
3.17897
3.17176
3.16586
3.16126
3.15801
3.1562
3.15599
3.15767
3.16165
3.16854
3.17919
3.19475
3.21676
3.24728
3.28896
3.34523
3.4204
3.51972
3.57861
3.55633
3.53264
3.50941
3.48656
3.46409
3.442
3.42029
3.39897
3.37807
3.35764
3.33774
3.31843
3.29982
3.28199
3.26505
3.24911
3.23425
3.22057
3.20813
3.19698
3.18714
3.17862
3.17141
3.1655
3.1609
3.15765
3.15584
3.15563
3.15731
3.16129
3.16818
3.17882
3.19438
3.2164
3.24691
3.28859
3.34486
3.42002
3.51935
3.57819
3.55591
3.53222
3.50899
3.48614
3.46367
3.44158
3.41986
3.39854
3.37765
3.35721
3.33731
3.318
3.29939
3.28156
3.26462
3.24867
3.23381
3.22013
3.20769
3.19654
3.1867
3.17818
3.17096
3.16505
3.16045
3.1572
3.15539
3.15518
3.15686
3.16083
3.16772
3.17836
3.19392
3.21593
3.24645
3.28813
3.34439
3.41956
3.51888
3.57777
3.55548
3.53179
3.50856
3.48571
3.46324
3.44114
3.41943
3.39811
3.37721
3.35678
3.33687
3.31757
3.29895
3.28112
3.26418
3.24823
3.23337
3.21969
3.20725
3.1961
3.18625
3.17773
3.17052
3.16461
3.16001
3.15675
3.15494
3.15473
3.1564
3.16038
3.16726
3.1779
3.19346
3.21547
3.24599
3.28767
3.34393
3.41909
3.51842
3.5774
3.55511
3.53143
3.50819
3.48534
3.46287
3.44077
3.41906
3.39774
3.37684
3.3564
3.33649
3.31719
3.29857
3.28074
3.2638
3.24785
3.23299
3.21931
3.20687
3.19571
3.18587
3.17735
3.17013
3.16422
3.15962
3.15637
3.15455
3.15434
3.15601
3.15998
3.16687
3.17751
3.19306
3.21508
3.24559
3.28727
3.34353
3.41869
3.51801
3.57707
3.55479
3.5311
3.50786
3.48501
3.46254
3.44044
3.41873
3.39741
3.3765
3.35607
3.33616
3.31685
3.29823
3.2804
3.26346
3.24751
3.23265
3.21897
3.20653
3.19537
3.18553
3.17701
3.16979
3.16388
3.15928
3.15602
3.1542
3.15398
3.15565
3.15963
3.16651
3.17715
3.1927
3.21471
3.24523
3.2869
3.34316
3.41832
3.51765
3.57674
3.55446
3.53076
3.50753
3.48467
3.4622
3.4401
3.41839
3.39707
3.37616
3.35573
3.33581
3.31651
3.29789
3.28006
3.26311
3.24716
3.2323
3.21862
3.20618
3.19502
3.18518
3.17665
3.16944
3.16352
3.15892
3.15566
3.15384
3.15362
3.15529
3.15926
3.16615
3.17678
3.19233
3.21434
3.24485
3.28652
3.34278
3.41794
3.51726
3.57641
3.55412
3.53043
3.50719
3.48433
3.46186
3.43976
3.41805
3.39673
3.37582
3.35538
3.33547
3.31616
3.29754
3.27971
3.26277
3.24682
3.23195
3.21827
3.20582
3.19467
3.18483
3.1763
3.16908
3.16317
3.15856
3.1553
3.15348
3.15326
3.15493
3.1589
3.16578
3.17641
3.19196
3.21397
3.24447
3.28614
3.3424
3.41756
3.51688
3.57609
3.55381
3.53012
3.50688
3.48402
3.46154
3.43945
3.41773
3.39641
3.3755
3.35507
3.33515
3.31585
3.29723
3.27939
3.26245
3.24649
3.23163
3.21794
3.2055
3.19435
3.1845
3.17597
3.16875
3.16284
3.15823
3.15497
3.15315
3.15293
3.1546
3.15857
3.16544
3.17607
3.19162
3.21362
3.24413
3.2858
3.34205
3.41721
3.51652
3.57576
3.55347
3.52978
3.50654
3.48368
3.46121
3.43911
3.4174
3.39607
3.37517
3.35473
3.33482
3.31551
3.29689
3.27906
3.26211
3.24616
3.2313
3.21761
3.20517
3.19401
3.18417
3.17564
3.16842
3.1625
3.15789
3.15463
3.15281
3.15259
3.15426
3.15822
3.1651
3.17573
3.19127
3.21328
3.24378
3.28545
3.34171
3.41686
3.51618
3.57535
3.55306
3.52936
3.50613
3.48327
3.46079
3.43869
3.41698
3.39565
3.37475
3.35431
3.3344
3.31509
3.29647
3.27864
3.26169
3.24574
3.23088
3.21719
3.20475
3.19359
3.18375
3.17522
3.168
3.16209
3.15748
3.15422
3.1524
3.15218
3.15384
3.1578
3.16468
3.17531
3.19085
3.21286
3.24336
3.28503
3.34128
3.41644
3.51576
3.57485
3.55256
3.52887
3.50563
3.48277
3.46029
3.43819
3.41647
3.39515
3.37424
3.3538
3.33389
3.31458
3.29596
3.27813
3.26118
3.24523
3.23036
3.21668
3.20423
3.19308
3.18323
3.1747
3.16748
3.16157
3.15697
3.15371
3.15188
3.15166
3.15331
3.15728
3.16415
3.17478
3.19032
3.21233
3.24283
3.28449
3.34075
3.4159
3.51522
3.5744
3.55211
3.52841
3.50517
3.4823
3.45983
3.43772
3.416
3.39467
3.37377
3.35333
3.33341
3.3141
3.29548
3.27764
3.26069
3.24474
3.22987
3.21618
3.20373
3.19258
3.18273
3.1742
3.16698
3.16107
3.15646
3.1532
3.15137
3.15114
3.1528
3.15677
3.16364
3.17426
3.1898
3.21181
3.2423
3.28397
3.34022
3.41537
3.51468
3.57418
3.55189
3.52819
3.50495
3.48209
3.45961
3.4375
3.41578
3.39445
3.37354
3.3531
3.33319
3.31387
3.29525
3.27741
3.26046
3.2445
3.22964
3.21595
3.2035
3.19234
3.18249
3.17396
3.16674
3.16083
3.15621
3.15295
3.15112
3.15089
3.15255
3.15652
3.16339
3.17401
3.18955
3.21156
3.24205
3.28371
3.33997
3.41512
3.51443
3.57433
3.55204
3.52834
3.5051
3.48224
3.45976
3.43766
3.41594
3.39461
3.3737
3.35326
3.33335
3.31404
3.29542
3.27758
3.26063
3.24468
3.22981
3.21612
3.20367
3.19251
3.18267
3.17414
3.16692
3.161
3.15639
3.15313
3.1513
3.15108
3.15274
3.1567
3.16357
3.17419
3.18973
3.21173
3.24222
3.28388
3.34013
3.41528
3.5146
3.57455
3.55226
3.52857
3.50533
3.48247
3.46
3.4379
3.41618
3.39485
3.37395
3.35351
3.3336
3.31429
3.29567
3.27784
3.26089
3.24494
3.23007
3.21639
3.20394
3.19279
3.18294
3.17442
3.1672
3.16128
3.15667
3.15341
3.15158
3.15136
3.15302
3.15698
3.16385
3.17447
3.19
3.212
3.24249
3.28415
3.3404
3.41555
3.51486
3.57428
3.552
3.5283
3.50506
3.4822
3.45973
3.43763
3.41591
3.39458
3.37368
3.35324
3.33333
3.31402
3.2954
3.27756
3.26062
3.24466
3.2298
3.21611
3.20367
3.19252
3.18267
3.17414
3.16692
3.161
3.1564
3.15313
3.15131
3.15109
3.15274
3.15671
3.16358
3.17419
3.18973
3.21173
3.24222
3.28388
3.34012
3.41528
3.51458
3.57344
3.55115
3.52744
3.5042
3.48133
3.45885
3.43675
3.41503
3.3937
3.37279
3.35234
3.33242
3.31311
3.29449
3.27665
3.2597
3.24374
3.22887
3.21518
3.20274
3.19158
3.18173
3.1732
3.16597
3.16005
3.15544
3.15218
3.15036
3.15013
3.15178
3.15575
3.16261
3.17323
3.18876
3.21076
3.24125
3.28291
3.33916
3.41431
3.51362
3.57269
3.55039
3.52668
3.50343
3.48056
3.45807
3.43596
3.41423
3.3929
3.37198
3.35153
3.3316
3.31228
3.29365
3.27581
3.25885
3.24289
3.22801
3.21432
3.20187
3.1907
3.18085
3.17231
3.16508
3.15916
3.15455
3.15128
3.14945
3.14922
3.15087
3.15483
3.16169
3.17231
3.18784
3.20984
3.24033
3.28198
3.33824
3.41338
3.5127
3.57273
3.55043
3.52672
3.50348
3.4806
3.45812
3.43601
3.41428
3.39294
3.37203
3.35158
3.33165
3.31233
3.2937
3.27586
3.2589
3.24293
3.22806
3.21437
3.20191
3.19074
3.18089
3.17234
3.16511
3.15919
3.15457
3.1513
3.14947
3.14923
3.15088
3.15484
3.16171
3.17233
3.18786
3.20986
3.24035
3.28201
3.33826
3.4134
3.51273
3.57329
3.551
3.52731
3.50407
3.48121
3.45874
3.43664
3.41492
3.39359
3.37268
3.35224
3.33233
3.31302
3.29439
3.27656
3.25961
3.24365
3.22878
3.21509
3.20264
3.19148
3.18163
3.17309
3.16587
3.15994
3.15533
3.15206
3.15023
3.15
3.15165
3.15562
3.16249
3.1731
3.18864
3.21064
3.24113
3.28279
3.33904
3.41421
3.51352
3.57299
3.55071
3.52701
3.50378
3.48092
3.45844
3.43635
3.41463
3.3933
3.3724
3.35196
3.33205
3.31274
3.29412
3.27628
3.25934
3.24338
3.22852
3.21484
3.20239
3.19124
3.18139
3.17286
3.16564
3.15972
3.15511
3.15185
3.15002
3.14979
3.15145
3.15542
3.16229
3.17291
3.18845
3.21045
3.24095
3.28263
3.33889
3.41406
3.51336
3.57148
3.54918
3.52547
3.50223
3.47936
3.45687
3.43476
3.41303
3.3917
3.37078
3.35033
3.33041
3.31109
3.29246
3.27462
3.25767
3.24171
3.22685
3.21315
3.20071
3.18954
3.17969
3.17116
3.16394
3.15802
3.15341
3.15015
3.14832
3.1481
3.14977
3.15375
3.16064
3.17127
3.18683
3.20886
3.23939
3.28108
3.33736
3.41254
3.51195
3.5705
3.54821
3.52451
3.50126
3.4784
3.45591
3.43381
3.41208
3.39075
3.36984
3.3494
3.32948
3.31017
3.29154
3.2737
3.25675
3.2408
3.22594
3.21225
3.1998
3.18865
3.1788
3.17028
3.16306
3.15715
3.15255
3.1493
3.1475
3.1473
3.14898
3.15298
3.1599
3.17057
3.18617
3.20824
3.23879
3.28052
3.33687
3.41211
3.51147
3.56995
3.54766
3.52397
3.50073
3.47787
3.4554
3.4333
3.41159
3.39026
3.36936
3.34892
3.32901
3.3097
3.29109
3.27326
3.25632
3.24037
3.22552
3.21184
3.1994
3.18825
3.17842
3.1699
3.1627
3.1568
3.15222
3.14899
3.14721
3.14703
3.14875
3.15279
3.15975
3.17047
3.1861
3.20824
3.23886
3.28066
3.33705
3.41234
3.51182
3.56896
3.54667
3.52296
3.49972
3.47685
3.45436
3.43226
3.41053
3.38919
3.36828
3.34783
3.32791
3.3086
3.28997
3.27213
3.25518
3.23922
3.22436
3.21068
3.19824
3.18709
3.17725
3.16874
3.16154
3.15565
3.15108
3.14786
3.1461
3.14596
3.14772
3.1518
3.15881
3.1696
3.18534
3.20755
3.23824
3.28018
3.33665
3.41205
3.51162
3.56904
3.54683
3.52321
3.50005
3.47726
3.45486
3.43283
3.41118
3.38991
3.36906
3.34867
3.3288
3.30951
3.2909
3.27306
3.2561
3.24011
3.22521
3.21146
3.19895
3.1877
3.17777
3.16914
3.16182
3.1558
3.15109
3.14773
3.14582
3.14552
3.14713
3.15108
3.15801
3.16874
3.18447
3.20678
3.23771
3.27986
3.33676
3.41264
3.51278
3.55641
3.5352
3.51228
3.48989
3.46795
3.44648
3.42548
3.40498
3.38498
3.36553
3.34669
3.32852
3.31108
3.29447
3.27876
3.26404
3.25039
3.23788
3.22657
3.21648
3.20765
3.20009
3.1938
3.18878
3.18508
3.18274
3.18188
3.18268
3.18543
3.19055
3.19863
3.21048
3.2272
3.25023
3.28145
3.32327
3.37875
3.4517
3.54679
3.66964
3.56327
3.54186
3.51874
3.49615
3.474
3.45232
3.43112
3.41041
3.39021
3.37056
3.35152
3.33315
3.31553
3.29874
3.28285
3.26796
3.25414
3.24145
3.22995
3.21967
3.21064
3.20284
3.19629
3.19099
3.18696
3.18427
3.18301
3.18339
3.18568
3.19032
3.19792
3.20928
3.22552
3.24809
3.27887
3.32026
3.37531
3.4478
3.54238
3.66462
3.5654
3.54394
3.52077
3.49813
3.47594
3.45422
3.43297
3.4122
3.39196
3.37227
3.35318
3.33477
3.3171
3.30026
3.28433
3.26939
3.25552
3.24278
3.23123
3.22089
3.21179
3.20393
3.19731
3.19193
3.18783
3.18504
3.18369
3.18397
3.18616
3.19069
3.19817
3.20942
3.22555
3.24801
3.27867
3.31996
3.37491
3.4473
3.54179
3.66395
3.56636
3.54489
3.52171
3.49906
3.47685
3.45512
3.43386
3.41308
3.39283
3.37312
3.35402
3.3356
3.31791
3.30106
3.28512
3.27016
3.25628
3.24352
3.23195
3.2216
3.21248
3.2046
3.19796
3.19256
3.18842
3.18561
3.18423
3.18447
3.18662
3.19111
3.19854
3.20974
3.22582
3.24822
3.27882
3.32005
3.37493
3.44726
3.54169
3.6638
3.56692
3.54544
3.52227
3.49961
3.4774
3.45567
3.4344
3.41363
3.39336
3.37366
3.35455
3.33612
3.31844
3.30158
3.28563
3.27067
3.25678
3.24403
3.23245
3.22209
3.21296
3.20508
3.19843
3.19302
3.18888
3.18605
3.18466
3.18488
3.18701
3.19148
3.19889
3.21006
3.2261
3.24847
3.27904
3.32023
3.37507
3.44736
3.54176
3.66382
3.56729
3.54582
3.52264
3.49999
3.47778
3.45604
3.43477
3.414
3.39373
3.37403
3.35492
3.33649
3.31881
3.30195
3.286
3.27104
3.25715
3.24439
3.23281
3.22245
3.21332
3.20543
3.19878
3.19337
3.18922
3.18639
3.18499
3.18521
3.18733
3.19179
3.19919
3.21035
3.22637
3.24872
3.27927
3.32044
3.37526
3.44754
3.54191
3.66395
3.56757
3.5461
3.52292
3.50026
3.47806
3.45632
3.43505
3.41428
3.39401
3.3743
3.3552
3.33677
3.31909
3.30223
3.28628
3.27132
3.25743
3.24467
3.23309
3.22273
3.2136
3.20571
3.19906
3.19365
3.1895
3.18667
3.18526
3.18548
3.1876
3.19205
3.19944
3.2106
3.22662
3.24896
3.2795
3.32066
3.37548
3.44774
3.5421
3.66413
3.56782
3.54635
3.52317
3.50052
3.47831
3.45657
3.43531
3.41453
3.39427
3.37456
3.35546
3.33703
3.31935
3.30249
3.28654
3.27158
3.25769
3.24493
3.23335
3.22299
3.21386
3.20597
3.19932
3.19391
3.18976
3.18693
3.18553
3.18574
3.18786
3.19231
3.1997
3.21086
3.22688
3.24922
3.27976
3.32091
3.37572
3.44798
3.54234
3.66437
3.56807
3.5466
3.52343
3.50077
3.47857
3.45683
3.43557
3.41479
3.39453
3.37482
3.35572
3.3373
3.31961
3.30275
3.2868
3.27185
3.25795
3.2452
3.23362
3.22326
3.21413
3.20624
3.19959
3.19417
3.19003
3.1872
3.1858
3.18601
3.18814
3.19259
3.19998
3.21113
3.22715
3.24949
3.28003
3.32119
3.376
3.44825
3.54261
3.66463
3.56829
3.54682
3.52364
3.50099
3.47879
3.45705
3.43579
3.41501
3.39475
3.37505
3.35595
3.33752
3.31984
3.30298
3.28703
3.27207
3.25818
3.24542
3.23385
3.22349
3.21436
3.20647
3.19981
3.1944
3.19026
3.18743
3.18603
3.18625
3.18837
3.19282
3.20022
3.21137
3.22739
3.24973
3.28027
3.32142
3.37623
3.44848
3.54283
3.66486
3.56841
3.54694
3.52377
3.50112
3.47891
3.45717
3.43591
3.41514
3.39488
3.37518
3.35608
3.33765
3.31996
3.30311
3.28716
3.2722
3.25831
3.24555
3.23397
3.22361
3.21448
3.20659
3.19994
3.19453
3.19038
3.18755
3.18616
3.18637
3.18849
3.19295
3.20034
3.21149
3.22751
3.24985
3.28039
3.32154
3.37635
3.4486
3.54296
3.66498
3.56841
3.54694
3.52377
3.50112
3.47891
3.45718
3.43592
3.41514
3.39488
3.37518
3.35608
3.33765
3.31997
3.30311
3.28716
3.2722
3.2583
3.24555
3.23397
3.22361
3.21448
3.20659
3.19994
3.19453
3.19038
3.18755
3.18615
3.18637
3.18849
3.19294
3.20033
3.21149
3.22751
3.24984
3.28038
3.32154
3.37634
3.4486
3.54295
3.66498
3.56831
3.54683
3.52366
3.50101
3.4788
3.45707
3.4358
3.41503
3.39477
3.37507
3.35597
3.33754
3.31985
3.30299
3.28704
3.27208
3.25819
3.24543
3.23385
3.22349
3.21436
3.20647
3.19982
3.19441
3.19026
3.18743
3.18603
3.18625
3.18837
3.19282
3.20021
3.21136
3.22738
3.24972
3.28026
3.32141
3.37622
3.44847
3.54283
3.66485
3.56809
3.54662
3.52345
3.50079
3.47859
3.45685
3.43559
3.41481
3.39455
3.37485
3.35575
3.33732
3.31963
3.30277
3.28682
3.27186
3.25797
3.24521
3.23363
3.22326
3.21414
3.20624
3.19959
3.19418
3.19002
3.18719
3.18579
3.18601
3.18813
3.19258
3.19997
3.21112
3.22714
3.24948
3.28002
3.32117
3.37598
3.44823
3.54258
3.66461
3.56776
3.54629
3.52312
3.50046
3.47825
3.45652
3.43525
3.41448
3.39422
3.37451
3.35541
3.33698
3.31929
3.30243
3.28648
3.27152
3.25762
3.24486
3.23328
3.22292
3.21379
3.20589
3.19924
3.19382
3.18967
3.18684
3.18543
3.18565
3.18777
3.19222
3.19961
3.21076
3.22678
3.24911
3.27965
3.3208
3.3756
3.44786
3.54221
3.66423
3.56735
3.54588
3.5227
3.50004
3.47784
3.4561
3.43483
3.41406
3.3938
3.37409
3.35498
3.33655
3.31886
3.302
3.28605
3.27109
3.25719
3.24443
3.23285
3.22248
3.21335
3.20545
3.19879
3.19338
3.18922
3.18639
3.18499
3.1852
3.18732
3.19177
3.19915
3.2103
3.22632
3.24865
3.27919
3.32034
3.37514
3.44739
3.54175
3.66377
3.56693
3.54546
3.52228
3.49962
3.47741
3.45567
3.43441
3.41363
3.39337
3.37366
3.35455
3.33612
3.31843
3.30157
3.28561
3.27065
3.25675
3.24399
3.23241
3.22204
3.21291
3.20501
3.19835
3.19293
3.18878
3.18595
3.18454
3.18475
3.18687
3.19131
3.1987
3.20985
3.22586
3.24819
3.27873
3.31988
3.37468
3.44693
3.54128
3.66331
3.56657
3.54509
3.52191
3.49926
3.47705
3.45531
3.43404
3.41326
3.393
3.37329
3.35418
3.33575
3.31806
3.3012
3.28524
3.27028
3.25638
3.24362
3.23203
3.22167
3.21253
3.20463
3.19797
3.19256
3.1884
3.18557
3.18416
3.18437
3.18648
3.19092
3.19831
3.20946
3.22547
3.2478
3.27834
3.31948
3.37428
3.44653
3.54088
3.66291
3.56625
3.54477
3.52159
3.49893
3.47672
3.45498
3.43371
3.41293
3.39267
3.37296
3.35385
3.33542
3.31773
3.30086
3.28491
3.26995
3.25605
3.24328
3.2317
3.22133
3.21219
3.2043
3.19764
3.19222
3.18806
3.18522
3.18381
3.18402
3.18613
3.19057
3.19796
3.2091
3.22511
3.24744
3.27797
3.31911
3.37392
3.44616
3.54051
3.66254
3.56592
3.54444
3.52126
3.4986
3.47639
3.45465
3.43338
3.4126
3.39234
3.37262
3.35352
3.33508
3.31739
3.30052
3.28457
3.2696
3.2557
3.24294
3.23135
3.22098
3.21185
3.20395
3.19729
3.19187
3.18771
3.18487
3.18346
3.18366
3.18577
3.19021
3.19759
3.20873
3.22474
3.24707
3.2776
3.31873
3.37354
3.44578
3.54013
3.66215
3.56559
3.54411
3.52093
3.49827
3.47606
3.45432
3.43305
3.41227
3.392
3.37229
3.35318
3.33474
3.31705
3.30019
3.28423
3.26926
3.25536
3.24259
3.23101
3.22064
3.2115
3.2036
3.19694
3.19152
3.18736
3.18451
3.1831
3.18331
3.18541
3.18986
3.19724
3.20837
3.22438
3.2467
3.27723
3.31836
3.37316
3.4454
3.53975
3.66177
3.56528
3.5438
3.52062
3.49796
3.47575
3.454
3.43274
3.41196
3.39169
3.37198
3.35287
3.33443
3.31674
3.29987
3.28391
3.26895
3.25504
3.24227
3.23069
3.22032
3.21118
3.20329
3.19662
3.19119
3.18703
3.18419
3.18278
3.18298
3.18509
3.18953
3.19691
3.20804
3.22404
3.24637
3.27689
3.31802
3.37282
3.44506
3.5394
3.66142
3.56496
3.54348
3.52029
3.49763
3.47542
3.45367
3.43241
3.41163
3.39136
3.37165
3.35254
3.3341
3.31641
3.29954
3.28358
3.26861
3.25471
3.24194
3.23036
3.21999
3.21085
3.20295
3.19628
3.19086
3.18669
3.18385
3.18244
3.18265
3.18475
3.18919
3.19656
3.20769
3.2237
3.24602
3.27654
3.31768
3.37247
3.44471
3.53905
3.66107
3.56454
3.54306
3.51988
3.49722
3.475
3.45326
3.43199
3.41121
3.39094
3.37123
3.35212
3.33368
3.31599
3.29912
3.28317
3.2682
3.2543
3.24153
3.22994
3.21957
3.21044
3.20253
3.19587
3.19044
3.18628
3.18344
3.18203
3.18223
3.18433
3.18876
3.19614
3.20727
3.22327
3.24559
3.27611
3.31725
3.37204
3.44428
3.53863
3.66064
3.56405
3.54257
3.51939
3.49673
3.47451
3.45276
3.43149
3.41071
3.39044
3.37073
3.35162
3.33318
3.31548
3.29862
3.28266
3.26769
3.25379
3.24102
3.22943
3.21906
3.20992
3.20202
3.19535
3.18992
3.18576
3.18292
3.18151
3.18171
3.1838
3.18824
3.19561
3.20674
3.22274
3.24506
3.27558
3.31671
3.37151
3.44374
3.53809
3.6601
3.5636
3.54212
3.51893
3.49627
3.47405
3.4523
3.43102
3.41024
3.38997
3.37025
3.35114
3.3327
3.315
3.29813
3.28217
3.2672
3.2533
3.24053
3.22894
3.21856
3.20942
3.20152
3.19485
3.18943
3.18527
3.18242
3.18101
3.1812
3.1833
3.18773
3.1951
3.20623
3.22223
3.24455
3.27506
3.31619
3.37099
3.44322
3.53757
3.65958
3.56339
3.54191
3.51872
3.49605
3.47383
3.45208
3.43081
3.41002
3.38975
3.37003
3.35092
3.33248
3.31478
3.29791
3.28195
3.26697
3.25307
3.2403
3.22871
3.21833
3.20919
3.20129
3.19462
3.18919
3.18503
3.18219
3.18077
3.18096
3.18306
3.18749
3.19486
3.20599
3.22198
3.24431
3.27482
3.31595
3.37075
3.44298
3.53732
3.65934
3.56354
3.54206
3.51887
3.49621
3.47399
3.45224
3.43097
3.41018
3.38991
3.3702
3.35109
3.33265
3.31495
3.29808
3.28212
3.26715
3.25325
3.24048
3.22889
3.21851
3.20937
3.20147
3.19481
3.18938
3.18521
3.18237
3.18095
3.18115
3.18324
3.18768
3.19504
3.20616
3.22216
3.24448
3.27499
3.31611
3.37091
3.44314
3.53748
3.65949
3.56376
3.54228
3.5191
3.49644
3.47422
3.45248
3.43121
3.41043
3.39016
3.37045
3.35134
3.3329
3.31521
3.29834
3.28238
3.26741
3.25351
3.24074
3.22915
3.21878
3.20964
3.20175
3.19508
3.18965
3.18549
3.18264
3.18123
3.18142
3.18352
3.18795
3.19532
3.20644
3.22243
3.24475
3.27525
3.31637
3.37116
3.44339
3.53773
3.65974
3.5635
3.54202
3.51884
3.49617
3.47396
3.45221
3.43094
3.41016
3.38989
3.37018
3.35107
3.33263
3.31494
3.29807
3.28211
3.26714
3.25324
3.24047
3.22888
3.21851
3.20937
3.20147
3.19481
3.18938
3.18522
3.18237
3.18096
3.18116
3.18325
3.18769
3.19505
3.20617
3.22216
3.24448
3.27498
3.31611
3.3709
3.44313
3.53746
3.65947
3.56266
3.54117
3.51798
3.49531
3.47309
3.45134
3.43007
3.40928
3.38901
3.36928
3.35017
3.33173
3.31403
3.29716
3.2812
3.26622
3.25232
3.23954
3.22795
3.21758
3.20844
3.20054
3.19387
3.18844
3.18427
3.18143
3.18001
3.1802
3.1823
3.18673
3.1941
3.20522
3.22121
3.24353
3.27403
3.31515
3.36995
3.44218
3.53651
3.65853
3.5619
3.54041
3.51722
3.49454
3.47232
3.45056
3.42928
3.40848
3.3882
3.36848
3.34935
3.33091
3.3132
3.29632
3.28035
3.26538
3.25146
3.23869
3.22709
3.21671
3.20757
3.19966
3.19298
3.18754
3.18337
3.18052
3.1791
3.17929
3.18138
3.18581
3.19317
3.20428
3.22027
3.24259
3.27309
3.31422
3.36901
3.44124
3.53558
3.6576
3.56195
3.54046
3.51727
3.49459
3.47237
3.45061
3.42933
3.40854
3.38826
3.36853
3.34941
3.33096
3.31325
3.29637
3.2804
3.26542
3.25151
3.23873
3.22713
3.21675
3.2076
3.19969
3.19301
3.18757
3.1834
3.18054
3.17912
3.1793
3.18139
3.18582
3.19318
3.20429
3.22028
3.2426
3.27311
3.31423
3.36902
3.44125
3.5356
3.6576
3.56253
3.54105
3.51786
3.4952
3.47299
3.45124
3.42997
3.40918
3.38891
3.36919
3.35008
3.33164
3.31394
3.29707
3.28111
3.26613
3.25223
3.23945
3.22786
3.21749
3.20834
3.20044
3.19376
3.18833
3.18416
3.18131
3.17989
3.18008
3.18217
3.1866
3.19396
3.20508
3.22107
3.24339
3.27389
3.31502
3.36981
3.44205
3.5364
3.6584
3.56223
3.54075
3.51757
3.4949
3.47269
3.45094
3.42967
3.40889
3.38862
3.3689
3.34979
3.33135
3.31366
3.29679
3.28083
3.26586
3.25196
3.23919
3.2276
3.21723
3.20809
3.20018
3.19351
3.18808
3.18391
3.18107
3.17965
3.17984
3.18194
3.18637
3.19374
3.20486
3.22085
3.24317
3.27369
3.31482
3.36962
3.44187
3.5362
3.65825
3.56069
3.5392
3.51601
3.49334
3.47111
3.44935
3.42807
3.40727
3.387
3.36727
3.34815
3.3297
3.312
3.29512
3.27916
3.26418
3.25027
3.2375
3.2259
3.21553
3.20638
3.19848
3.1918
3.18637
3.1822
3.17936
3.17795
3.17814
3.18025
3.18469
3.19207
3.20321
3.21922
3.24157
3.27211
3.31325
3.36808
3.44035
3.53474
3.6568
3.55968
3.53819
3.515
3.49233
3.47011
3.44836
3.42708
3.40629
3.38601
3.36629
3.34717
3.32873
3.31103
3.29416
3.2782
3.26323
3.24933
3.23656
3.22497
3.2146
3.20546
3.19756
3.1909
3.18547
3.18132
3.17849
3.17709
3.17731
3.17943
3.1839
3.19131
3.20249
3.21853
3.24091
3.27148
3.31268
3.36756
3.43986
3.53428
3.65638
3.55904
3.53756
3.51438
3.49172
3.4695
3.44776
3.42649
3.4057
3.38544
3.36572
3.34661
3.32818
3.31049
3.29362
3.27767
3.2627
3.24881
3.23604
3.22446
3.2141
3.20497
3.19709
3.19043
3.18503
3.18089
3.17808
3.17671
3.17695
3.17911
3.18362
3.19107
3.20228
3.21838
3.24082
3.27146
3.31271
3.36764
3.44001
3.53453
3.65667
3.55792
3.53643
3.51324
3.49057
3.46834
3.44659
3.42531
3.40451
3.38423
3.36451
3.34539
3.32695
3.30925
3.29237
3.27641
3.26144
3.24754
3.23477
3.22319
3.21282
3.20369
3.19581
3.18916
3.18377
3.17964
3.17685
3.1755
3.17577
3.17797
3.18253
3.19003
3.20132
3.21751
3.24003
3.27075
3.31213
3.36717
3.43967
3.53424
3.65651
3.55786
3.53646
3.51335
3.49076
3.46861
3.44693
3.42573
3.40501
3.38479
3.36512
3.34605
3.32763
3.30995
3.29308
3.27711
3.26212
3.24818
3.23536
3.2237
3.21326
3.20403
3.19604
3.18928
3.18376
3.17951
3.17658
3.17509
3.17523
3.17731
3.18176
3.18921
3.20047
3.21669
3.23933
3.27028
3.31193
3.36737
3.44034
3.53551
3.65845
3.54774
3.52749
3.5052
3.48351
3.46236
3.44178
3.42178
3.40238
3.38363
3.36557
3.34824
3.33171
3.31605
3.30132
3.28759
3.27491
3.26333
3.2529
3.24365
3.23558
3.22872
3.22307
3.21865
3.21551
3.21372
3.2134
3.21478
3.21815
3.22395
3.23277
3.24542
3.26294
3.28672
3.31849
3.36048
3.41544
3.48679
3.57868
3.69612
3.84511
3.55506
3.53459
3.51209
3.49019
3.46882
3.44802
3.4278
3.40819
3.38923
3.37095
3.35342
3.33668
3.32082
3.30588
3.29195
3.27907
3.26728
3.25664
3.24715
3.23884
3.23171
3.22576
3.22102
3.21751
3.21533
3.2146
3.21552
3.21842
3.22372
3.23203
3.24417
3.26119
3.28447
3.31577
3.35729
3.41178
3.48263
3.57398
3.6908
3.83907
3.55739
3.53687
3.51432
3.49237
3.47095
3.4501
3.42983
3.41018
3.39116
3.37283
3.35525
3.33846
3.32255
3.30756
3.29357
3.28063
3.26879
3.25809
3.24854
3.24016
3.23295
3.22693
3.2221
3.21851
3.21623
3.2154
3.21622
3.219
3.22419
3.23238
3.2444
3.2613
3.28447
3.31565
3.35706
3.41144
3.48219
3.57344
3.69018
3.83837
3.55843
3.5379
3.51534
3.49337
3.47194
3.45108
3.4308
3.41113
3.3921
3.37376
3.35616
3.33936
3.32343
3.30843
3.29443
3.28147
3.26961
3.25889
3.24932
3.24092
3.2337
3.22765
3.2228
3.21918
3.21687
3.216
3.21678
3.21953
3.22467
3.23282
3.24478
3.26163
3.28474
3.31586
3.3572
3.41153
3.48221
3.5734
3.69008
3.83821
3.55902
3.53849
3.51592
3.49395
3.47252
3.45166
3.43137
3.4117
3.39267
3.37432
3.35672
3.33992
3.32398
3.30898
3.29497
3.28201
3.27015
3.25942
3.24984
3.24144
3.2342
3.22815
3.22329
3.21966
3.21734
3.21646
3.21722
3.21995
3.22507
3.23319
3.24513
3.26195
3.28502
3.31611
3.35742
3.4117
3.48235
3.5735
3.69014
3.83824
3.5594
3.53887
3.5163
3.49433
3.4729
3.45203
3.43175
3.41208
3.39304
3.3747
3.35709
3.34029
3.32436
3.30935
3.29534
3.28238
3.27052
3.25979
3.25021
3.24181
3.23457
3.22851
3.22365
3.22002
3.21769
3.2168
3.21756
3.22028
3.22539
3.23351
3.24543
3.26224
3.28529
3.31636
3.35765
3.41191
3.48255
3.57367
3.69029
3.83837
3.55967
3.53914
3.51658
3.49461
3.47317
3.45231
3.43203
3.41235
3.39332
3.37497
3.35737
3.34057
3.32463
3.30963
3.29562
3.28266
3.2708
3.26007
3.25049
3.24208
3.23485
3.22879
3.22392
3.22029
3.21796
3.21707
3.21783
3.22055
3.22566
3.23377
3.24569
3.26248
3.28554
3.3166
3.35788
3.41213
3.48276
3.57388
3.69049
3.83855
3.55992
3.53939
3.51682
3.49486
3.47342
3.45256
3.43228
3.4126
3.39357
3.37523
3.35762
3.34082
3.32489
3.30988
3.29587
3.28292
3.27105
3.26032
3.25075
3.24234
3.2351
3.22904
3.22418
3.22054
3.21822
3.21733
3.21809
3.22081
3.22592
3.23403
3.24595
3.26274
3.28579
3.31685
3.35813
3.41238
3.483
3.57412
3.69072
3.83879
3.56017
3.53964
3.51708
3.49511
3.47368
3.45281
3.43253
3.41286
3.39383
3.37549
3.35788
3.34108
3.32515
3.31015
3.29614
3.28318
3.27131
3.26059
3.25101
3.2426
3.23537
3.22931
3.22444
3.22081
3.21849
3.2176
3.21836
3.22108
3.22619
3.2343
3.24622
3.26302
3.28607
3.31713
3.3584
3.41266
3.48327
3.57439
3.69099
3.83905
3.56038
3.53985
3.51729
3.49533
3.47389
3.45303
3.43275
3.41308
3.39405
3.37571
3.35811
3.34131
3.32537
3.31037
3.29636
3.2834
3.27154
3.26081
3.25124
3.24283
3.23559
3.22954
3.22467
3.22104
3.21872
3.21783
3.2186
3.22131
3.22642
3.23453
3.24646
3.26325
3.28631
3.31736
3.35864
3.41289
3.48351
3.57462
3.69122
3.83928
3.5605
3.53997
3.51742
3.49545
3.47402
3.45316
3.43288
3.41321
3.39418
3.37584
3.35823
3.34143
3.3255
3.3105
3.29649
3.28353
3.27166
3.26093
3.25136
3.24295
3.23572
3.22966
3.2248
3.22117
3.21884
3.21796
3.21872
3.22144
3.22655
3.23466
3.24658
3.26338
3.28643
3.31749
3.35877
3.41302
3.48363
3.57474
3.69134
3.8394
3.56051
3.53998
3.51742
3.49545
3.47402
3.45316
3.43288
3.41321
3.39418
3.37584
3.35824
3.34144
3.3255
3.3105
3.29649
3.28353
3.27166
3.26093
3.25136
3.24295
3.23572
3.22966
3.2248
3.22117
3.21884
3.21796
3.21872
3.22143
3.22655
3.23466
3.24658
3.26338
3.28642
3.31748
3.35876
3.41301
3.48363
3.57474
3.69134
3.8394
3.5604
3.53987
3.51731
3.49535
3.47391
3.45305
3.43277
3.4131
3.39407
3.37573
3.35813
3.34133
3.32539
3.31039
3.29638
3.28341
3.27155
3.26082
3.25124
3.24283
3.2356
3.22954
3.22468
3.22104
3.21872
3.21783
3.21859
3.22131
3.22642
3.23454
3.24646
3.26325
3.2863
3.31735
3.35863
3.41288
3.4835
3.57461
3.69122
3.83928
3.56019
3.53966
3.5171
3.49513
3.4737
3.45284
3.43256
3.41288
3.39385
3.37551
3.35791
3.34111
3.32517
3.31017
3.29615
3.28319
3.27133
3.26059
3.25102
3.24261
3.23537
3.22931
3.22445
3.22081
3.21848
3.2176
3.21836
3.22108
3.22619
3.2343
3.24622
3.26301
3.28606
3.31711
3.35839
3.41264
3.48326
3.57437
3.69098
3.83903
3.55986
3.53933
3.51677
3.4948
3.47337
3.45251
3.43223
3.41255
3.39352
3.37518
3.35758
3.34077
3.32484
3.30983
3.29581
3.28285
3.27098
3.26025
3.25067
3.24226
3.23502
3.22896
3.22409
3.22046
3.21813
3.21724
3.218
3.22072
3.22583
3.23393
3.24585
3.26264
3.28569
3.31675
3.35802
3.41227
3.48289
3.574
3.6906
3.83866
3.55945
3.53892
3.51636
3.49439
3.47296
3.45209
3.43181
3.41213
3.3931
3.37476
3.35715
3.34035
3.32441
3.3094
3.29539
3.28242
3.27055
3.25982
3.25024
3.24183
3.23458
3.22852
3.22365
3.22002
3.21769
3.2168
3.21756
3.22027
3.22538
3.23348
3.2454
3.26219
3.28524
3.31629
3.35756
3.41181
3.48243
3.57354
3.69014
3.8382
3.55904
3.53851
3.51594
3.49397
3.47254
3.45167
3.43139
3.41171
3.39268
3.37433
3.35673
3.33992
3.32398
3.30897
3.29496
3.28199
3.27012
3.25939
3.24981
3.24139
3.23415
3.22808
3.22322
3.21958
3.21725
3.21636
3.21712
3.21983
3.22493
3.23304
3.24495
3.26174
3.28478
3.31584
3.35711
3.41136
3.48197
3.57308
3.68968
3.83775
3.55868
3.53815
3.51558
3.49361
3.47218
3.45131
3.43103
3.41135
3.39232
3.37397
3.35636
3.33955
3.32362
3.30861
3.29459
3.28162
3.26976
3.25902
3.24944
3.24102
3.23378
3.22771
3.22284
3.21921
3.21687
3.21598
3.21674
3.21945
3.22455
3.23265
3.24456
3.26135
3.28439
3.31544
3.35671
3.41096
3.48157
3.57268
3.68928
3.83734
3.55836
3.53783
3.51526
3.49329
3.47186
3.45099
3.4307
3.41103
3.39199
3.37364
3.35604
3.33923
3.32329
3.30828
3.29426
3.2813
3.26943
3.25869
3.24911
3.24069
3.23344
3.22738
3.22251
3.21887
3.21654
3.21564
3.21639
3.2191
3.2242
3.2323
3.24421
3.26099
3.28403
3.31508
3.35634
3.41059
3.4812
3.57231
3.68891
3.83697
3.55804
3.53751
3.51494
3.49297
3.47153
3.45066
3.43038
3.4107
3.39166
3.37331
3.3557
3.3389
3.32295
3.30794
3.29393
3.28096
3.26909
3.25835
3.24876
3.24035
3.2331
3.22704
3.22217
3.21852
3.21619
3.21529
3.21604
3.21874
3.22384
3.23194
3.24384
3.26062
3.28366
3.31471
3.35597
3.41021
3.48082
3.57193
3.68853
3.83659
3.55772
3.53718
3.51462
3.49264
3.47121
3.45033
3.43005
3.41037
3.39133
3.37298
3.35537
3.33856
3.32262
3.30761
3.29359
3.28062
3.26875
3.25801
3.24842
3.24
3.23276
3.2267
3.22182
3.21818
3.21584
3.21494
3.21569
3.21839
3.22349
3.23158
3.24349
3.26026
3.2833
3.31434
3.3556
3.40984
3.48045
3.57155
3.68815
3.83621
3.55742
3.53688
3.51431
3.49234
3.4709
3.45003
3.42974
3.41006
3.39103
3.37268
3.35507
3.33826
3.32231
3.3073
3.29328
3.28031
3.26844
3.25769
3.24811
3.23969
3.23245
3.22638
3.2215
3.21786
3.21552
3.21462
3.21536
3.21807
3.22316
3.23126
3.24316
3.25994
3.28297
3.31401
3.35527
3.40951
3.48011
3.57121
3.6878
3.83586
3.55709
3.53656
3.51399
3.49202
3.47058
3.4497
3.42942
3.40974
3.3907
3.37235
3.35474
3.33793
3.32199
3.30697
3.29295
3.27998
3.26811
3.25737
3.24778
3.23937
3.23212
3.22605
3.22117
3.21752
3.21518
3.21428
3.21503
3.21773
3.22283
3.23092
3.24282
3.2596
3.28263
3.31367
3.35492
3.40916
3.47976
3.57086
3.68745
3.83551
3.55669
3.53615
3.51358
3.49161
3.47017
3.44929
3.42901
3.40933
3.39029
3.37194
3.35433
3.33752
3.32158
3.30656
3.29254
3.27957
3.2677
3.25696
3.24737
3.23895
3.23171
3.22564
3.22075
3.21711
3.21477
3.21387
3.21461
3.21731
3.22241
3.2305
3.2424
3.25917
3.2822
3.31324
3.35449
3.40873
3.47933
3.57043
3.68702
3.83508
3.5562
3.53566
3.51309
3.49112
3.46967
3.4488
3.42851
3.40883
3.38979
3.37144
3.35383
3.33702
3.32107
3.30606
3.29203
3.27906
3.26719
3.25645
3.24686
3.23844
3.23119
3.22512
3.22024
3.21659
3.21425
3.21335
3.21409
3.21679
3.22188
3.22997
3.24187
3.25864
3.28167
3.3127
3.35396
3.4082
3.47879
3.5699
3.68649
3.83454
3.55575
3.53521
3.51264
3.49066
3.46921
3.44834
3.42804
3.40836
3.38932
3.37097
3.35335
3.33654
3.32059
3.30557
3.29155
3.27858
3.2667
3.25596
3.24637
3.23795
3.2307
3.22462
3.21974
3.21609
3.21375
3.21285
3.21359
3.21629
3.22138
3.22946
3.24136
3.25813
3.28116
3.31219
3.35344
3.40768
3.47828
3.56938
3.68597
3.83403
3.55554
3.535
3.51243
3.49045
3.469
3.44812
3.42783
3.40814
3.3891
3.37075
3.35313
3.33632
3.32037
3.30535
3.29133
3.27836
3.26648
3.25574
3.24615
3.23772
3.23047
3.2244
3.21951
3.21587
3.21352
3.21262
3.21335
3.21605
3.22114
3.22922
3.24112
3.25788
3.28091
3.31194
3.3532
3.40744
3.47803
3.56913
3.68572
3.83378
3.5557
3.53516
3.51258
3.49061
3.46916
3.44829
3.428
3.40831
3.38927
3.37092
3.35331
3.3365
3.32055
3.30554
3.29151
3.27854
3.26667
3.25592
3.24633
3.23791
3.23066
3.22459
3.21971
3.21606
3.21371
3.2128
3.21354
3.21624
3.22132
3.22941
3.24129
3.25806
3.28109
3.31212
3.35337
3.40761
3.47819
3.56929
3.68588
3.83392
3.55593
3.53539
3.51282
3.49085
3.4694
3.44853
3.42824
3.40856
3.38953
3.37117
3.35356
3.33675
3.32081
3.3058
3.29178
3.27881
3.26693
3.25619
3.2466
3.23818
3.23094
3.22487
3.21999
3.21634
3.21399
3.21309
3.21383
3.21652
3.22161
3.22969
3.24157
3.25834
3.28137
3.31239
3.35363
3.40787
3.47845
3.56955
3.68613
3.83417
3.55567
3.53513
3.51256
3.49058
3.46914
3.44827
3.42798
3.4083
3.38926
3.37091
3.3533
3.33649
3.32055
3.30553
3.29151
3.27854
3.26667
3.25593
3.24634
3.23792
3.23067
3.2246
3.21972
3.21607
3.21373
3.21282
3.21356
3.21626
3.22134
3.22942
3.24131
3.25808
3.28111
3.31213
3.35337
3.4076
3.47819
3.56929
3.68586
3.83392
3.55482
3.53428
3.5117
3.48972
3.46828
3.4474
3.42711
3.40742
3.38837
3.37002
3.3524
3.33559
3.31964
3.30462
3.2906
3.27763
3.26575
3.25501
3.24542
3.23699
3.22974
3.22367
3.21879
3.21513
3.21279
3.21188
3.21261
3.2153
3.22038
3.22847
3.24035
3.25712
3.28014
3.31116
3.35241
3.40664
3.47723
3.56832
3.6849
3.83296
3.55407
3.53352
3.51094
3.48895
3.4675
3.44662
3.42631
3.40662
3.38757
3.36921
3.35158
3.33476
3.31881
3.30379
3.28975
3.27677
3.26489
3.25414
3.24455
3.23612
3.22886
3.22278
3.21789
3.21424
3.21188
3.21097
3.2117
3.21439
3.21947
3.22755
3.23943
3.25619
3.27921
3.31023
3.35147
3.40571
3.4763
3.56739
3.68398
3.83202
3.55412
3.53357
3.51099
3.48901
3.46756
3.44667
3.42637
3.40668
3.38763
3.36926
3.35164
3.33482
3.31886
3.30384
3.2898
3.27682
3.26494
3.25418
3.24458
3.23615
3.2289
3.22282
3.21793
3.21427
3.21192
3.211
3.21173
3.21442
3.2195
3.22758
3.23946
3.25622
3.27925
3.31026
3.3515
3.40574
3.47633
3.56743
3.68401
3.83206
3.55471
3.53417
3.5116
3.48963
3.46818
3.44731
3.42702
3.40733
3.38829
3.36993
3.35232
3.3355
3.31955
3.30453
3.29051
3.27753
3.26566
3.25491
3.24531
3.23689
3.22963
3.22356
3.21867
3.21501
3.21266
3.21174
3.21248
3.21516
3.22025
3.22833
3.24021
3.25697
3.27999
3.31101
3.35226
3.40649
3.47708
3.56818
3.68475
3.83282
3.55441
3.53387
3.51131
3.48933
3.46789
3.44701
3.42672
3.40704
3.388
3.36964
3.35203
3.33522
3.31927
3.30425
3.29023
3.27726
3.26538
3.25463
3.24504
3.23662
3.22937
3.22329
3.2184
3.21475
3.2124
3.21149
3.21222
3.21491
3.21999
3.22807
3.23995
3.25672
3.27975
3.31078
3.35203
3.40627
3.47686
3.56797
3.68458
3.83267
3.55286
3.53231
3.50973
3.48774
3.46629
3.44541
3.4251
3.40541
3.38636
3.368
3.35038
3.33356
3.3176
3.30258
3.28855
3.27557
3.26369
3.25295
3.24335
3.23493
3.22767
3.2216
3.21671
3.21306
3.21071
3.20981
3.21055
3.21325
3.21834
3.22643
3.23833
3.25512
3.27817
3.30922
3.35049
3.40475
3.47539
3.56652
3.68316
3.83119
3.55181
3.53127
3.50869
3.48671
3.46526
3.44438
3.42408
3.40439
3.38534
3.36698
3.34936
3.33255
3.3166
3.30158
3.28756
3.27458
3.2627
3.25196
3.24237
3.23395
3.2267
3.22063
3.21576
3.21211
3.20978
3.2089
3.20966
3.21237
3.21749
3.22562
3.23755
3.25437
3.27745
3.30853
3.34985
3.40417
3.47483
3.566
3.68266
3.83085
3.5511
3.53056
3.50799
3.48601
3.46457
3.4437
3.42341
3.40372
3.38468
3.36633
3.34872
3.33191
3.31597
3.30096
3.28694
3.27397
3.26211
3.25137
3.2418
3.23339
3.22615
3.2201
3.21524
3.21161
3.20931
3.20844
3.20923
3.21198
3.21714
3.22531
3.23728
3.25415
3.2773
3.30845
3.34981
3.40419
3.47493
3.56618
3.68289
3.83109
3.54984
3.52929
3.50671
3.48472
3.46327
3.44238
3.42208
3.40239
3.38334
3.36498
3.34736
3.33054
3.31459
3.29957
3.28555
3.27258
3.26071
3.24997
3.24039
3.23198
3.22474
3.2187
3.21385
3.21024
3.20795
3.20711
3.20793
3.21073
3.21593
3.22415
3.23621
3.25316
3.27639
3.30763
3.34913
3.40364
3.47444
3.56582
3.68268
3.83097
3.54963
3.52918
3.50667
3.48477
3.46339
3.44258
3.42235
3.40272
3.38372
3.3654
3.34781
3.33102
3.31508
3.30005
3.28601
3.273
3.26108
3.25028
3.24063
3.23213
3.2248
3.21865
3.21368
3.20996
3.20755
3.20659
3.20729
3.20999
3.21513
3.22332
3.23538
3.2524
3.27579
3.30727
3.34908
3.40395
3.47534
3.56726
3.68479
3.83388
3.54246
3.52333
3.5018
3.48095
3.46074
3.44121
3.42238
3.40428
3.38695
3.37043
3.35476
3.34001
3.32621
3.31342
3.30167
3.29101
3.28146
3.27303
3.26574
3.2596
3.25463
3.25086
3.24835
3.24719
3.24755
3.24965
3.25382
3.2605
3.27031
3.28404
3.30272
3.32765
3.3605
3.40331
3.45861
3.5295
3.61971
3.73375
3.87703
4.05604
3.55023
3.53087
3.50912
3.48805
3.46761
3.44785
3.42879
3.41046
3.3929
3.37615
3.36026
3.34528
3.33125
3.31823
3.30625
3.29535
3.28553
3.27684
3.26926
3.26281
3.2575
3.25337
3.25046
3.24889
3.24879
3.25041
3.25407
3.26023
3.26951
3.2827
3.30084
3.32525
3.35758
3.39988
3.45466
3.52501
3.61465
3.72804
3.87058
4.04874
3.55277
3.53336
3.51156
3.49043
3.46994
3.45012
3.43101
3.41263
3.39501
3.3782
3.36226
3.34722
3.33314
3.32005
3.30801
3.29704
3.28716
3.27839
3.27074
3.26421
3.25882
3.25459
3.25159
3.24991
3.24971
3.25121
3.25476
3.2608
3.26995
3.28302
3.30104
3.32533
3.35754
3.39972
3.45439
3.52463
3.61416
3.72746
3.86991
4.04799
3.55389
3.53447
3.51265
3.49151
3.471
3.45118
3.43205
3.41365
3.39602
3.3792
3.36324
3.34819
3.33409
3.32099
3.30893
3.29794
3.28804
3.27925
3.27158
3.26503
3.25961
3.25536
3.25233
3.25062
3.25038
3.25185
3.25535
3.26134
3.27045
3.28347
3.30143
3.32566
3.35781
3.39992
3.45453
3.52471
3.61418
3.72742
3.86982
4.04783
3.5545
3.53508
3.51325
3.49211
3.47161
3.45177
3.43264
3.41424
3.39661
3.37979
3.36382
3.34876
3.33466
3.32156
3.3095
3.2985
3.2886
3.2798
3.27212
3.26556
3.26014
3.25588
3.25284
3.25111
3.25086
3.25231
3.2558
3.26177
3.27086
3.28385
3.30178
3.32598
3.35809
3.40017
3.45474
3.52489
3.61432
3.72752
3.86988
4.04786
3.55488
3.53546
3.51364
3.4925
3.47199
3.45216
3.43303
3.41462
3.39699
3.38017
3.3642
3.34914
3.33504
3.32194
3.30987
3.29888
3.28898
3.28018
3.2725
3.26593
3.26051
3.25624
3.2532
3.25147
3.25122
3.25266
3.25614
3.26211
3.27118
3.28416
3.30208
3.32626
3.35836
3.40042
3.45497
3.5251
3.61451
3.72769
3.87003
4.04799
3.55515
3.53573
3.5139
3.49276
3.47226
3.45243
3.4333
3.4149
3.39726
3.38044
3.36447
3.34942
3.33531
3.32221
3.31015
3.29915
3.28925
3.28045
3.27277
3.26621
3.26078
3.25652
3.25347
3.25174
3.25149
3.25293
3.25641
3.26237
3.27144
3.28442
3.30233
3.32651
3.3586
3.40065
3.4552
3.52531
3.61472
3.72789
3.87022
4.04817
3.55539
3.53597
3.51415
3.49301
3.4725
3.45267
3.43354
3.41514
3.39751
3.38069
3.36472
3.34967
3.33556
3.32246
3.3104
3.2994
3.2895
3.2807
3.27302
3.26646
3.26103
3.25677
3.25372
3.252
3.25174
3.25319
3.25666
3.26263
3.2717
3.28467
3.30259
3.32676
3.35885
3.40091
3.45545
3.52556
3.61496
3.72813
3.87046
4.04841
3.55563
3.53621
3.51439
3.49326
3.47275
3.45292
3.43379
3.41539
3.39776
3.38094
3.36498
3.34992
3.33582
3.32272
3.31065
3.29966
3.28976
3.28096
3.27328
3.26672
3.26129
3.25703
3.25399
3.25226
3.25201
3.25346
3.25694
3.2629
3.27197
3.28494
3.30286
3.32704
3.35913
3.40118
3.45573
3.52584
3.61523
3.7284
3.87073
4.04867
3.55585
3.53643
3.51461
3.49347
3.47297
3.45314
3.43401
3.41561
3.39798
3.38116
3.3652
3.35014
3.33604
3.32294
3.31088
3.29988
3.28998
3.28118
3.2735
3.26694
3.26152
3.25726
3.25422
3.25249
3.25224
3.25369
3.25717
3.26313
3.2722
3.28518
3.3031
3.32727
3.35937
3.40142
3.45596
3.52607
3.61547
3.72863
3.87096
4.0489
3.55597
3.53655
3.51473
3.4936
3.47309
3.45326
3.43413
3.41574
3.39811
3.38129
3.36532
3.35027
3.33617
3.32306
3.311
3.30001
3.2901
3.28131
3.27362
3.26706
3.26164
3.25738
3.25434
3.25262
3.25236
3.25381
3.25729
3.26326
3.27233
3.28531
3.30322
3.3274
3.35949
3.40155
3.45609
3.5262
3.6156
3.72876
3.87108
4.04902
3.55597
3.53655
3.51474
3.4936
3.47309
3.45327
3.43414
3.41574
3.39811
3.38129
3.36533
3.35027
3.33617
3.32306
3.311
3.30001
3.2901
3.28131
3.27362
3.26706
3.26164
3.25738
3.25434
3.25261
3.25236
3.25381
3.25729
3.26325
3.27233
3.2853
3.30322
3.3274
3.35949
3.40154
3.45608
3.52619
3.61559
3.72875
3.87107
4.04902
3.55587
3.53645
3.51463
3.49349
3.47299
3.45316
3.43403
3.41563
3.398
3.38118
3.36522
3.35016
3.33606
3.32295
3.31089
3.29989
3.28999
3.28119
3.27351
3.26695
3.26152
3.25726
3.25422
3.25249
3.25224
3.25368
3.25716
3.26313
3.2722
3.28518
3.3031
3.32727
3.35936
3.40141
3.45596
3.52607
3.61546
3.72863
3.87095
4.0489
3.55566
3.53624
3.51442
3.49328
3.47278
3.45295
3.43382
3.41542
3.39779
3.38097
3.365
3.34994
3.33584
3.32273
3.31067
3.29967
3.28976
3.28096
3.27328
3.26672
3.26129
3.25703
3.25399
3.25226
3.252
3.25345
3.25693
3.2629
3.27197
3.28494
3.30286
3.32703
3.35912
3.40117
3.45571
3.52583
3.61522
3.72839
3.87071
4.04865
3.55534
3.53592
3.5141
3.49296
3.47245
3.45262
3.43349
3.41509
3.39746
3.38064
3.36467
3.34961
3.33551
3.3224
3.31033
3.29933
3.28942
3.28062
3.27294
3.26637
3.26094
3.25668
3.25363
3.25191
3.25165
3.25309
3.25657
3.26254
3.27161
3.28458
3.30249
3.32667
3.35875
3.40081
3.45535
3.52546
3.61485
3.72802
3.87034
4.04828
3.55493
3.53551
3.51369
3.49255
3.47204
3.45221
3.43308
3.41468
3.39704
3.38022
3.36425
3.34919
3.33508
3.32197
3.3099
3.2989
3.28899
3.28019
3.27251
3.26594
3.26051
3.25624
3.2532
3.25147
3.25121
3.25265
3.25613
3.26209
3.27116
3.28413
3.30204
3.32621
3.3583
3.40035
3.45489
3.525
3.61439
3.72756
3.86988
4.04783
3.55452
3.5351
3.51328
3.49214
3.47163
3.45179
3.43266
3.41426
3.39662
3.3798
3.36383
3.34877
3.33466
3.32155
3.30948
3.29848
3.28857
3.27977
3.27208
3.26551
3.26008
3.25581
3.25276
3.25103
3.25077
3.25222
3.25569
3.26165
3.27072
3.28369
3.3016
3.32577
3.35785
3.3999
3.45444
3.52455
3.61394
3.7271
3.86943
4.04737
3.55417
3.53475
3.51292
3.49178
3.47127
3.45144
3.43231
3.4139
3.39627
3.37944
3.36347
3.34841
3.3343
3.32119
3.30912
3.29812
3.28821
3.2794
3.27171
3.26515
3.25971
3.25544
3.2524
3.25066
3.2504
3.25184
3.25532
3.26128
3.27034
3.28331
3.30121
3.32538
3.35746
3.39951
3.45404
3.52415
3.61354
3.72671
3.86903
4.04697
3.55386
3.53443
3.51261
3.49147
3.47096
3.45112
3.43199
3.41359
3.39595
3.37912
3.36315
3.34809
3.33398
3.32087
3.30879
3.29779
3.28788
3.27908
3.27139
3.26482
3.25938
3.25511
3.25206
3.25033
3.25007
3.2515
3.25497
3.26093
3.26999
3.28295
3.30086
3.32502
3.3571
3.39914
3.45368
3.52378
3.61318
3.72634
3.86866
4.04659
3.55354
3.53412
3.51229
3.49115
3.47064
3.4508
3.43167
3.41326
3.39562
3.37879
3.36282
3.34776
3.33365
3.32054
3.30846
3.29746
3.28755
3.27874
3.27105
3.26447
3.25904
3.25477
3.25172
3.24998
3.24972
3.25115
3.25462
3.26057
3.26963
3.28259
3.30049
3.32465
3.35673
3.39877
3.4533
3.5234
3.6128
3.72596
3.86828
4.04622
3.55322
3.5338
3.51197
3.49083
3.47032
3.45048
3.43134
3.41294
3.3953
3.37847
3.36249
3.34743
3.33332
3.3202
3.30813
3.29712
3.28721
3.2784
3.27071
3.26414
3.2587
3.25443
3.25138
3.24964
3.24937
3.2508
3.25426
3.26022
3.26927
3.28223
3.30013
3.32429
3.35636
3.3984
3.45293
3.52303
3.61242
3.72558
3.8679
4.04584
3.55293
3.5335
3.51167
3.49053
3.47001
3.45018
3.43104
3.41263
3.39499
3.37816
3.36219
3.34713
3.33301
3.3199
3.30782
3.29682
3.2869
3.27809
3.2704
3.26383
3.25839
3.25412
3.25106
3.24932
3.24905
3.25048
3.25394
3.25989
3.26895
3.2819
3.2998
3.32396
3.35603
3.39806
3.45259
3.52269
3.61208
3.72523
3.86755
4.04548
3.55261
3.53318
3.51136
3.49021
3.4697
3.44986
3.43072
3.41232
3.39468
3.37785
3.36187
3.34681
3.3327
3.31958
3.3075
3.2965
3.28658
3.27777
3.27008
3.26351
3.25807
3.2538
3.25074
3.249
3.24872
3.25015
3.25361
3.25956
3.26862
3.28157
3.29947
3.32363
3.35569
3.39772
3.45226
3.52235
3.61173
3.72489
3.8672
4.04513
3.55221
3.53278
3.51096
3.48981
3.46929
3.44946
3.43032
3.41191
3.39427
3.37744
3.36147
3.3464
3.33229
3.31918
3.3071
3.29609
3.28618
3.27737
3.26968
3.2631
3.25766
3.25339
3.25033
3.24859
3.24831
3.24974
3.2532
3.25915
3.2682
3.28116
3.29905
3.32321
3.35528
3.3973
3.45184
3.52192
3.61131
3.72446
3.86678
4.04471
3.55173
3.5323
3.51047
3.48932
3.4688
3.44897
3.42983
3.41142
3.39378
3.37695
3.36097
3.34591
3.33179
3.31867
3.3066
3.29559
3.28567
3.27687
3.26917
3.2626
3.25716
3.25288
3.24982
3.24807
3.2478
3.24922
3.25268
3.25863
3.26768
3.28064
3.29853
3.32268
3.35474
3.39677
3.4513
3.52139
3.61078
3.72393
3.86625
4.04418
3.55128
3.53185
3.51002
3.48887
3.46835
3.4485
3.42936
3.41095
3.39331
3.37648
3.3605
3.34543
3.33131
3.3182
3.30612
3.29511
3.28519
3.27638
3.26868
3.26211
3.25666
3.25238
3.24932
3.24757
3.2473
3.24872
3.25218
3.25813
3.26717
3.28012
3.29801
3.32217
3.35422
3.39625
3.45078
3.52087
3.61026
3.72341
3.86573
4.04365
3.55107
3.53164
3.50981
3.48866
3.46814
3.44829
3.42915
3.41074
3.3931
3.37627
3.36029
3.34522
3.3311
3.31798
3.3059
3.29489
3.28497
3.27616
3.26846
3.26188
3.25644
3.25215
3.24909
3.24735
3.24707
3.24849
3.25195
3.25789
3.26693
3.27988
3.29777
3.32192
3.35398
3.39601
3.45054
3.52063
3.61001
3.72316
3.86548
4.0434
3.55124
3.53181
3.50998
3.48882
3.46831
3.44846
3.42932
3.41092
3.39327
3.37644
3.36047
3.3454
3.33128
3.31817
3.30609
3.29508
3.28516
3.27635
3.26865
3.26207
3.25663
3.25235
3.24929
3.24754
3.24726
3.24868
3.25214
3.25808
3.26712
3.28006
3.29795
3.3221
3.35416
3.39618
3.45071
3.5208
3.61017
3.72333
3.86563
4.04356
3.55147
3.53205
3.51022
3.48907
3.46855
3.44872
3.42958
3.41117
3.39353
3.3767
3.36073
3.34566
3.33155
3.31843
3.30636
3.29535
3.28544
3.27663
3.26893
3.26235
3.25691
3.25263
3.24957
3.24783
3.24755
3.24897
3.25242
3.25836
3.2674
3.28034
3.29823
3.32237
3.35443
3.39645
3.45097
3.52105
3.61043
3.72357
3.86588
4.04381
3.55122
3.53179
3.50996
3.48881
3.4683
3.44846
3.42932
3.41091
3.39327
3.37644
3.36047
3.3454
3.33129
3.31817
3.3061
3.29509
3.28518
3.27637
3.26867
3.26209
3.25665
3.25237
3.24931
3.24756
3.24728
3.2487
3.25215
3.25809
3.26713
3.28007
3.29796
3.3221
3.35416
3.39618
3.4507
3.52078
3.61015
3.72329
3.8656
4.04352
3.55037
3.53094
3.5091
3.48795
3.46743
3.44759
3.42844
3.41003
3.39238
3.37555
3.35957
3.3445
3.33039
3.31727
3.30519
3.29418
3.28426
3.27545
3.26775
3.26116
3.25572
3.25144
3.24838
3.24663
3.24634
3.24776
3.25121
3.25714
3.26618
3.27912
3.29701
3.32116
3.35321
3.39522
3.44975
3.51983
3.6092
3.72234
3.86465
4.04256
3.54962
3.53018
3.50834
3.48718
3.46665
3.4468
3.42765
3.40923
3.39158
3.37474
3.35875
3.34368
3.32955
3.31643
3.30434
3.29332
3.2834
3.27458
3.26688
3.26029
3.25484
3.25056
3.24749
3.24574
3.24545
3.24687
3.25031
3.25625
3.26528
3.27822
3.29611
3.32025
3.3523
3.39432
3.44884
3.51892
3.60829
3.72144
3.86375
4.04167
3.54968
3.53024
3.5084
3.48724
3.46672
3.44686
3.42771
3.40929
3.39164
3.3748
3.35881
3.34373
3.32961
3.31648
3.30439
3.29337
3.28345
3.27463
3.26692
3.26033
3.25488
3.25059
3.24752
3.24577
3.24548
3.24689
3.25033
3.25627
3.2653
3.27824
3.29612
3.32026
3.35231
3.39433
3.44885
3.51893
3.6083
3.72145
3.86375
4.04169
3.55028
3.53085
3.50902
3.48787
3.46735
3.44751
3.42837
3.40995
3.39231
3.37548
3.3595
3.34442
3.33031
3.31718
3.3051
3.29409
3.28417
3.27535
3.26764
3.26106
3.25561
3.25132
3.24825
3.24649
3.2462
3.24761
3.25106
3.25699
3.26602
3.27896
3.29684
3.32098
3.35303
3.39505
3.44957
3.51965
3.60902
3.72216
3.86448
4.04242
3.54998
3.53056
3.50873
3.48758
3.46706
3.44722
3.42808
3.40967
3.39202
3.37519
3.35921
3.34414
3.33003
3.31691
3.30483
3.29382
3.2839
3.27508
3.26738
3.2608
3.25535
3.25107
3.248
3.24625
3.24596
3.24738
3.25082
3.25676
3.2658
3.27873
3.29662
3.32076
3.35282
3.39484
3.44937
3.51945
3.60885
3.722
3.86435
4.04225
3.54842
3.52898
3.50714
3.48598
3.46545
3.4456
3.42645
3.40803
3.39038
3.37354
3.35756
3.34248
3.32836
3.31523
3.30315
3.29213
3.28221
3.27339
3.26569
3.25911
3.25366
3.24937
3.2463
3.24455
3.24427
3.24569
3.24915
3.25509
3.26414
3.27709
3.29499
3.31916
3.35123
3.39328
3.44783
3.51795
3.60737
3.72054
3.86287
4.0409
3.54734
3.5279
3.50607
3.48491
3.46439
3.44454
3.42539
3.40698
3.38933
3.37249
3.35651
3.34144
3.32732
3.3142
3.30212
3.29111
3.28119
3.27238
3.26468
3.25811
3.25267
3.24839
3.24534
3.2436
3.24334
3.24477
3.24825
3.25422
3.2633
3.27628
3.29421
3.31841
3.35052
3.39261
3.44721
3.51737
3.6068
3.72005
3.86246
4.04042
3.54655
3.52712
3.50529
3.48414
3.46362
3.44378
3.42464
3.40623
3.38859
3.37176
3.35578
3.34072
3.32661
3.31349
3.30142
3.29042
3.28051
3.27171
3.26402
3.25746
3.25203
3.24778
3.24474
3.24303
3.24279
3.24426
3.24777
3.25378
3.2629
3.27592
3.29391
3.31818
3.35035
3.39249
3.44715
3.51739
3.6069
3.7202
3.86265
4.04073
3.54514
3.5257
3.50386
3.4827
3.46217
3.44232
3.42317
3.40475
3.3871
3.37026
3.35428
3.3392
3.32509
3.31197
3.29989
3.28889
3.27898
3.27018
3.26249
3.25593
3.25052
3.24627
3.24325
3.24156
3.24135
3.24285
3.24641
3.25247
3.26165
3.27475
3.29283
3.31718
3.34945
3.39172
3.44652
3.51682
3.60651
3.71989
3.86245
4.04061
3.54479
3.52545
3.50368
3.4826
3.46214
3.44235
3.42326
3.40489
3.38728
3.37047
3.35451
3.33945
3.32532
3.31219
3.30008
3.28903
3.27906
3.27019
3.26242
3.25578
3.25026
3.24591
3.24278
3.24099
3.24068
3.24209
3.24558
3.2516
3.26078
3.27394
3.29212
3.31667
3.34921
3.39182
3.44703
3.51792
3.60814
3.72227
3.86562
4.0447
3.54107
3.52329
3.50267
3.48283
3.46373
3.44543
3.42794
3.4113
3.39554
3.3807
3.36681
3.3539
3.34201
3.33117
3.32139
3.31268
3.30507
3.29856
3.29317
3.28892
3.28586
3.28407
3.28366
3.28483
3.28782
3.29298
3.30079
3.31186
3.327
3.34721
3.37376
3.40823
3.45253
3.50901
3.58051
3.67044
3.78288
3.92272
4.09586
4.30939
3.54931
3.53127
3.51042
3.49034
3.471
3.45245
3.43472
3.41784
3.40183
3.38674
3.37259
3.35943
3.34728
3.33616
3.3261
3.3171
3.30918
3.30234
3.29659
3.29196
3.2885
3.28627
3.28541
3.28608
3.28855
3.29318
3.30044
3.31095
3.32552
3.34517
3.37115
3.40506
3.4488
3.50471
3.57562
3.66492
3.77667
3.91575
4.08801
4.30053
3.55206
3.53397
3.51305
3.49292
3.47352
3.45491
3.43712
3.42018
3.40411
3.38895
3.37475
3.36152
3.3493
3.33811
3.32798
3.31891
3.3109
3.30398
3.29814
3.29342
3.28986
3.28753
3.28655
3.28711
3.28946
3.29397
3.3011
3.31148
3.32592
3.34544
3.3713
3.40507
3.44869
3.50449
3.57528
3.66447
3.77612
3.9151
4.08727
4.29971
3.55325
3.53514
3.51422
3.49407
3.47466
3.45604
3.43823
3.42127
3.40519
3.39001
3.37579
3.36255
3.35031
3.33911
3.32895
3.31986
3.31184
3.30489
3.29903
3.29428
3.29069
3.28833
3.28732
3.28784
3.29016
3.29462
3.3017
3.31204
3.32642
3.34588
3.37169
3.4054
3.44896
3.50469
3.57542
3.66455
3.77614
3.91506
4.08717
4.29956
3.55388
3.53577
3.51484
3.49469
3.47528
3.45665
3.43884
3.42188
3.40579
3.39062
3.37639
3.36314
3.3509
3.3397
3.32954
3.32044
3.31241
3.30546
3.29959
3.29484
3.29124
3.28887
3.28784
3.28835
3.29065
3.29509
3.30216
3.31247
3.32683
3.34627
3.37204
3.40572
3.44924
3.50494
3.57563
3.66472
3.77627
3.91516
4.08723
4.29958
3.55426
3.53615
3.51522
3.49507
3.47566
3.45703
3.43922
3.42226
3.40617
3.391
3.37677
3.36353
3.35129
3.34008
3.32992
3.32082
3.31279
3.30583
3.29997
3.29521
3.29161
3.28924
3.28821
3.28872
3.29101
3.29545
3.3025
3.31281
3.32716
3.34658
3.37234
3.40601
3.44951
3.50518
3.57586
3.66493
3.77646
3.91533
4.08738
4.29971
3.55452
3.53641
3.51548
3.49533
3.47592
3.4573
3.43949
3.42253
3.40644
3.39127
3.37704
3.36379
3.35155
3.34034
3.33018
3.32109
3.31306
3.3061
3.30024
3.29548
3.29188
3.2895
3.28848
3.28898
3.29128
3.29571
3.30277
3.31307
3.32742
3.34683
3.37259
3.40625
3.44975
3.50542
3.57609
3.66515
3.77667
3.91553
4.08758
4.2999
3.55475
3.53664
3.51572
3.49557
3.47616
3.45754
3.43973
3.42277
3.40668
3.39151
3.37728
3.36403
3.3518
3.34059
3.33043
3.32133
3.3133
3.30635
3.30048
3.29573
3.29212
3.28975
3.28873
3.28924
3.29153
3.29597
3.30302
3.31332
3.32767
3.34709
3.37284
3.4065
3.45
3.50567
3.57634
3.6654
3.77692
3.91577
4.08782
4.30013
3.55499
3.53689
3.51596
3.49581
3.4764
3.45778
3.43998
3.42301
3.40693
3.39176
3.37753
3.36429
3.35205
3.34084
3.33068
3.32158
3.31355
3.3066
3.30074
3.29598
3.29238
3.29001
3.28899
3.2895
3.2918
3.29624
3.30329
3.31359
3.32794
3.34736
3.37311
3.40678
3.45027
3.50594
3.57661
3.66567
3.77719
3.91604
4.08808
4.3004
3.5552
3.5371
3.51617
3.49603
3.47662
3.458
3.44019
3.42323
3.40715
3.39197
3.37775
3.3645
3.35226
3.34106
3.3309
3.3218
3.31377
3.30682
3.30096
3.2962
3.2926
3.29023
3.28921
3.28973
3.29202
3.29646
3.30352
3.31382
3.32817
3.34759
3.37335
3.40701
3.45051
3.50618
3.57684
3.6659
3.77742
3.91627
4.08831
4.30062
3.55532
3.53722
3.5163
3.49615
3.47674
3.45812
3.44031
3.42335
3.40727
3.3921
3.37787
3.36462
3.35239
3.34118
3.33102
3.32192
3.31389
3.30694
3.30108
3.29632
3.29272
3.29035
3.28934
3.28985
3.29214
3.29658
3.30364
3.31394
3.32829
3.34771
3.37347
3.40713
3.45063
3.5063
3.57697
3.66603
3.77754
3.91639
4.08843
4.30074
3.55533
3.53722
3.5163
3.49615
3.47674
3.45812
3.44032
3.42336
3.40727
3.3921
3.37787
3.36462
3.35239
3.34118
3.33102
3.32192
3.31389
3.30694
3.30107
3.29632
3.29272
3.29035
3.28933
3.28984
3.29214
3.29658
3.30364
3.31394
3.32829
3.34771
3.37346
3.40713
3.45062
3.50629
3.57696
3.66602
3.77754
3.91638
4.08842
4.30074
3.55522
3.53712
3.51619
3.49605
3.47664
3.45802
3.44021
3.42325
3.40716
3.39199
3.37776
3.36451
3.35227
3.34106
3.3309
3.3218
3.31377
3.30682
3.30096
3.2962
3.2926
3.29023
3.28921
3.28972
3.29202
3.29646
3.30352
3.31382
3.32817
3.34759
3.37334
3.407
3.4505
3.50617
3.57684
3.6659
3.77742
3.91626
4.0883
4.30062
3.55502
3.53691
3.51599
3.49584
3.47643
3.45781
3.44
3.42304
3.40695
3.39178
3.37755
3.3643
3.35206
3.34085
3.33068
3.32158
3.31355
3.3066
3.30073
3.29597
3.29237
3.29
3.28898
3.28949
3.29179
3.29622
3.30328
3.31358
3.32793
3.34735
3.3731
3.40677
3.45026
3.50593
3.5766
3.66566
3.77718
3.91602
4.08806
4.30038
3.5547
3.53659
3.51567
3.49552
3.47611
3.45748
3.43968
3.42271
3.40662
3.39145
3.37722
3.36397
3.35172
3.34051
3.33035
3.32124
3.31321
3.30626
3.30039
3.29563
3.29203
3.28966
3.28863
3.28914
3.29143
3.29587
3.30293
3.31322
3.32757
3.34699
3.37274
3.4064
3.4499
3.50557
3.57623
3.66529
3.77681
3.91565
4.08769
4.30001
3.5543
3.53619
3.51527
3.49512
3.4757
3.45708
3.43927
3.4223
3.40621
3.39103
3.3768
3.36355
3.35131
3.34009
3.32993
3.32082
3.31279
3.30583
3.29996
3.2952
3.2916
3.28922
3.2882
3.2887
3.291
3.29543
3.30248
3.31278
3.32713
3.34654
3.37229
3.40595
3.44945
3.50511
3.57578
3.66483
3.77635
3.9152
4.08724
4.29956
3.5539
3.53579
3.51486
3.49471
3.47529
3.45667
3.43886
3.42189
3.4058
3.39062
3.37639
3.36314
3.35089
3.33967
3.32951
3.3204
3.31237
3.30541
3.29954
3.29478
3.29117
3.2888
3.28777
3.28827
3.29056
3.295
3.30205
3.31234
3.32669
3.3461
3.37185
3.40551
3.449
3.50466
3.57533
3.66438
3.7759
3.91474
4.08678
4.2991
3.55355
3.53544
3.51452
3.49436
3.47495
3.45632
3.43851
3.42154
3.40545
3.39027
3.37604
3.36278
3.35053
3.33932
3.32915
3.32005
3.31201
3.30505
3.29918
3.29442
3.29081
3.28843
3.2874
3.28791
3.2902
3.29463
3.30168
3.31197
3.32631
3.34572
3.37147
3.40512
3.44861
3.50427
3.57493
3.66399
3.7755
3.91435
4.08638
4.2987
3.55325
3.53514
3.51421
3.49406
3.47464
3.45601
3.4382
3.42123
3.40514
3.38996
3.37572
3.36247
3.35022
3.339
3.32883
3.31973
3.31169
3.30473
3.29886
3.29409
3.29048
3.2881
3.28707
3.28757
3.28986
3.29429
3.30134
3.31163
3.32597
3.34537
3.37111
3.40476
3.44825
3.50391
3.57457
3.66362
3.77514
3.91398
4.08601
4.29833
3.55294
3.53482
3.51389
3.49374
3.47432
3.45569
3.43788
3.42091
3.40482
3.38963
3.3754
3.36214
3.34989
3.33868
3.32851
3.3194
3.31136
3.3044
3.29852
3.29375
3.29014
3.28776
3.28673
3.28723
3.28951
3.29394
3.30098
3.31127
3.3256
3.345
3.37074
3.40439
3.44787
3.50353
3.57419
3.66325
3.77476
3.9136
4.08563
4.29795
3.55262
3.53451
3.51358
3.49343
3.47401
3.45538
3.43756
3.42059
3.40449
3.38931
3.37508
3.36182
3.34957
3.33835
3.32818
3.31907
3.31103
3.30406
3.29819
3.29342
3.2898
3.28742
3.28639
3.28689
3.28917
3.29359
3.30063
3.31091
3.32524
3.34464
3.37037
3.40402
3.4475
3.50316
3.57382
3.66287
3.77438
3.91322
4.08525
4.29757
3.55233
3.53422
3.51329
3.49313
3.47371
3.45508
3.43727
3.42029
3.4042
3.38902
3.37478
3.36152
3.34927
3.33805
3.32788
3.31877
3.31073
3.30376
3.29788
3.29311
3.2895
3.28711
3.28608
3.28658
3.28885
3.29327
3.30031
3.31059
3.32491
3.34431
3.37005
3.40369
3.44717
3.50283
3.57348
3.66253
3.77404
3.91288
4.08491
4.29722
3.55202
3.53391
3.51298
3.49282
3.4734
3.45477
3.43696
3.41998
3.40389
3.38871
3.37447
3.36121
3.34896
3.33774
3.32757
3.31846
3.31041
3.30345
3.29757
3.2928
3.28919
3.2868
3.28576
3.28626
3.28853
3.29295
3.29998
3.31026
3.32459
3.34399
3.36972
3.40336
3.44684
3.50249
3.57314
3.66219
3.7737
3.91254
4.08456
4.29687
3.55163
3.53351
3.51258
3.49243
3.47301
3.45437
3.43656
3.41959
3.40349
3.38831
3.37407
3.36082
3.34856
3.33734
3.32717
3.31806
3.31002
3.30305
3.29717
3.2924
3.28879
3.2864
3.28536
3.28585
3.28813
3.29254
3.29958
3.30985
3.32418
3.34358
3.36931
3.40295
3.44642
3.50208
3.57273
3.66177
3.77328
3.91212
4.08414
4.29645
3.55115
3.53304
3.5121
3.49194
3.47252
3.45389
3.43607
3.4191
3.403
3.38782
3.37358
3.36032
3.34807
3.33685
3.32667
3.31756
3.30952
3.30255
3.29667
3.2919
3.28828
3.2859
3.28486
3.28534
3.28761
3.29203
3.29906
3.30934
3.32366
3.34306
3.36879
3.40242
3.44589
3.50155
3.57219
3.66124
3.77274
3.91158
4.08361
4.29591
3.55071
3.53259
3.51165
3.49149
3.47207
3.45343
3.43561
3.41864
3.40254
3.38735
3.37311
3.35985
3.3476
3.33637
3.3262
3.31708
3.30904
3.30207
3.29619
3.29142
3.28779
3.2854
3.28436
3.28484
3.28711
3.29153
3.29856
3.30884
3.32316
3.34255
3.36828
3.40191
3.44538
3.50104
3.57168
3.66072
3.77223
3.91106
4.08309
4.29539
3.55051
3.53239
3.51145
3.49129
3.47186
3.45322
3.4354
3.41843
3.40233
3.38714
3.3729
3.35964
3.34738
3.33616
3.32598
3.31687
3.30882
3.30185
3.29597
3.2912
3.28757
3.28518
3.28413
3.28462
3.28689
3.2913
3.29833
3.3086
3.32292
3.34231
3.36804
3.40167
3.44515
3.5008
3.57144
3.66048
3.77199
3.91082
4.08284
4.29515
3.55067
3.53256
3.51162
3.49146
3.47204
3.4534
3.43558
3.41861
3.40251
3.38733
3.37309
3.35983
3.34757
3.33635
3.32617
3.31706
3.30901
3.30205
3.29616
3.29139
3.28776
3.28537
3.28432
3.28481
3.28708
3.29149
3.29852
3.30878
3.3231
3.34249
3.36821
3.40184
3.44531
3.50096
3.5716
3.66064
3.77215
3.91098
4.08299
4.2953
3.55092
3.5328
3.51187
3.49171
3.47229
3.45366
3.43584
3.41887
3.40277
3.38759
3.37335
3.36009
3.34784
3.33662
3.32645
3.31733
3.30929
3.30232
3.29644
3.29166
3.28804
3.28564
3.2846
3.28508
3.28735
3.29176
3.29878
3.30905
3.32336
3.34275
3.36847
3.40209
3.44556
3.50121
3.57184
3.66087
3.77238
3.9112
4.08322
4.29552
3.55066
3.53255
3.51161
3.49146
3.47203
3.4534
3.43558
3.41861
3.40251
3.38733
3.37309
3.35984
3.34758
3.33636
3.32619
3.31707
3.30903
3.30206
3.29618
3.2914
3.28777
3.28538
3.28434
3.28482
3.28709
3.29149
3.29852
3.30878
3.3231
3.34248
3.3682
3.40183
3.44529
3.50094
3.57157
3.6606
3.7721
3.91092
4.08294
4.29523
3.54982
3.5317
3.51076
3.4906
3.47117
3.45253
3.43471
3.41773
3.40163
3.38644
3.3722
3.35894
3.34668
3.33546
3.32528
3.31616
3.30812
3.30115
3.29526
3.29048
3.28685
3.28446
3.28341
3.2839
3.28616
3.29056
3.29759
3.30785
3.32217
3.34155
3.36727
3.4009
3.44436
3.50001
3.57064
3.65967
3.77117
3.91
4.08201
4.29431
3.54906
3.53094
3.50999
3.48982
3.47039
3.45175
3.43392
3.41693
3.40082
3.38563
3.37138
3.35811
3.34585
3.33462
3.32444
3.31532
3.30727
3.30029
3.2944
3.28961
3.28598
3.28358
3.28253
3.28301
3.28527
3.28967
3.29669
3.30695
3.32126
3.34064
3.36636
3.39998
3.44344
3.49909
3.56972
3.65875
3.77025
3.90908
4.08109
4.29341
3.54913
3.53101
3.51006
3.48989
3.47046
3.45182
3.43398
3.417
3.40089
3.38569
3.37145
3.35818
3.34591
3.33468
3.32449
3.31537
3.30732
3.30033
3.29444
3.28965
3.28602
3.28361
3.28256
3.28303
3.28529
3.28969
3.29671
3.30696
3.32127
3.34065
3.36637
3.39999
3.44345
3.49909
3.56972
3.65875
3.77025
3.90907
4.08109
4.29339
3.54975
3.53163
3.5107
3.49054
3.47111
3.45248
3.43465
3.41768
3.40157
3.38639
3.37214
3.35888
3.34662
3.33539
3.32521
3.31609
3.30804
3.30106
3.29517
3.29039
3.28675
3.28435
3.2833
3.28377
3.28603
3.29043
3.29745
3.30771
3.32201
3.34139
3.36711
3.40073
3.44418
3.49983
3.57046
3.65949
3.77099
3.90982
4.08187
4.29416
3.54946
3.53135
3.51041
3.49025
3.47083
3.45219
3.43437
3.41739
3.4013
3.38611
3.37187
3.3586
3.34635
3.33512
3.32495
3.31583
3.30778
3.3008
3.29491
3.29013
3.2865
3.28409
3.28304
3.28351
3.28577
3.29017
3.29719
3.30745
3.32176
3.34114
3.36686
3.40048
3.44395
3.4996
3.57023
3.65928
3.7708
3.90964
4.08165
4.29397
3.54789
3.52976
3.50881
3.48865
3.46921
3.45057
3.43274
3.41575
3.39965
3.38445
3.37021
3.35694
3.34468
3.33345
3.32326
3.31414
3.30609
3.29911
3.29322
3.28844
3.28481
3.28241
3.28136
3.28183
3.2841
3.2885
3.29553
3.3058
3.32012
3.33952
3.36526
3.3989
3.44238
3.49806
3.56873
3.6578
3.76933
3.90821
4.08026
4.29263
3.54678
3.52866
3.50771
3.48755
3.46812
3.44948
3.43165
3.41467
3.39857
3.38337
3.36913
3.35587
3.34361
3.33238
3.3222
3.31309
3.30504
3.29807
3.29219
3.28741
3.28379
3.2814
3.28037
3.28086
3.28314
3.28757
3.29463
3.30493
3.31928
3.33871
3.36448
3.39816
3.44169
3.4974
3.56811
3.65722
3.76881
3.90771
4.07981
4.29217
3.54591
3.52779
3.50686
3.4867
3.46727
3.44863
3.43081
3.41384
3.39774
3.38256
3.36832
3.35506
3.34281
3.33159
3.32142
3.31231
3.30428
3.29732
3.29145
3.28669
3.28309
3.28072
3.27971
3.28023
3.28254
3.28701
3.29411
3.30445
3.31885
3.33833
3.36416
3.3979
3.44148
3.49727
3.56806
3.65723
3.76887
3.90783
4.08001
4.29243
3.54436
3.52623
3.50528
3.48511
3.46567
3.44703
3.4292
3.41221
3.3961
3.38091
3.36666
3.3534
3.34114
3.32991
3.31974
3.31063
3.30259
3.29564
3.28977
3.28502
3.28143
3.27909
3.2781
3.27865
3.281
3.28551
3.29266
3.30307
3.31755
3.33712
3.36305
3.3969
3.44061
3.49653
3.5674
3.65671
3.76849
3.90757
4.07982
4.29236
3.54386
3.52583
3.50495
3.48484
3.46547
3.44688
3.4291
3.41215
3.39608
3.3809
3.36666
3.35339
3.34112
3.32987
3.31965
3.31049
3.30239
3.29536
3.28941
3.28457
3.28089
3.27845
3.27738
3.27785
3.28014
3.28462
3.29177
3.30223
3.3168
3.33653
3.36269
3.39685
3.44094
3.49733
3.56878
3.65873
3.77122
3.91113
4.08434
4.29794
3.54422
3.528
3.50847
3.48983
3.47203
3.45512
3.43914
3.42411
3.41005
3.39698
3.38492
3.37389
3.36391
3.35498
3.3471
3.3403
3.33458
3.32996
3.32648
3.3242
3.32323
3.3237
3.32584
3.32991
3.33631
3.34553
3.3582
3.37513
3.39731
3.42599
3.46267
3.50918
3.5677
3.64088
3.73185
3.84436
3.98287
4.15272
4.36038
4.61369
3.55291
3.53642
3.51664
3.49774
3.47968
3.46251
3.44627
3.43096
3.41662
3.40327
3.39092
3.3796
3.3693
3.36005
3.35184
3.34468
3.33858
3.33356
3.32966
3.32693
3.32548
3.32545
3.32705
3.33058
3.3364
3.34503
3.3571
3.37343
3.39501
3.42308
3.45915
3.50504
3.56294
3.63546
3.72575
3.83751
3.9752
4.14415
4.35078
4.6029
3.55587
3.53932
3.51948
3.50051
3.48238
3.46515
3.44884
3.43347
3.41906
3.40564
3.39322
3.38182
3.37145
3.36211
3.35382
3.34657
3.34038
3.33526
3.33125
3.32842
3.32685
3.3267
3.32819
3.33158
3.33728
3.34577
3.35771
3.3739
3.39534
3.42328
3.45922
3.50498
3.56276
3.63516
3.72533
3.83698
3.97457
4.14342
4.34996
4.602
3.55712
3.54056
3.5207
3.50172
3.48358
3.46633
3.45001
3.43462
3.4202
3.40676
3.39432
3.3829
3.37251
3.36316
3.35484
3.34757
3.34136
3.33621
3.33218
3.32931
3.32772
3.32754
3.32898
3.33234
3.33799
3.34644
3.35833
3.37446
3.39585
3.42373
3.45961
3.50531
3.56302
3.63536
3.72546
3.83705
3.97458
4.14337
4.34985
4.60184
3.55776
3.5412
3.52134
3.50236
3.48421
3.46696
3.45063
3.43524
3.42082
3.40737
3.39494
3.38351
3.37312
3.36376
3.35544
3.34817
3.34195
3.3368
3.33276
3.32988
3.32828
3.32809
3.32952
3.33286
3.33849
3.34692
3.35879
3.3749
3.39626
3.42411
3.45996
3.50563
3.5633
3.6356
3.72567
3.83722
3.97472
4.14347
4.34992
4.60187
3.55813
3.54157
3.52171
3.50273
3.48459
3.46734
3.45101
3.43562
3.42119
3.40775
3.39531
3.38389
3.3735
3.36414
3.35582
3.34855
3.34233
3.33718
3.33314
3.33026
3.32866
3.32846
3.32989
3.33322
3.33885
3.34728
3.35914
3.37524
3.39659
3.42443
3.46026
3.50591
3.56356
3.63585
3.7259
3.83744
3.97491
4.14364
4.35007
4.602
3.55839
3.54182
3.52197
3.50299
3.48484
3.4676
3.45127
3.43588
3.42145
3.40801
3.39557
3.38415
3.37376
3.3644
3.35609
3.34881
3.34259
3.33744
3.3334
3.33053
3.32892
3.32873
3.33016
3.33349
3.33912
3.34755
3.3594
3.3755
3.39685
3.42469
3.46051
3.50616
3.56381
3.63609
3.72613
3.83766
3.97512
4.14384
4.35026
4.60219
3.55861
3.54205
3.5222
3.50322
3.48507
3.46783
3.4515
3.43611
3.42169
3.40825
3.39581
3.38439
3.374
3.36464
3.35632
3.34905
3.34283
3.33768
3.33364
3.33077
3.32917
3.32898
3.33041
3.33374
3.33938
3.3478
3.35966
3.37576
3.39711
3.42494
3.46077
3.50641
3.56406
3.63634
3.72638
3.83791
3.97537
4.14409
4.3505
4.60243
3.55885
3.54229
3.52243
3.50346
3.48532
3.46807
3.45174
3.43635
3.42193
3.40849
3.39606
3.38464
3.37425
3.36489
3.35657
3.3493
3.34308
3.33794
3.3339
3.33103
3.32942
3.32923
3.33067
3.33401
3.33964
3.34807
3.35992
3.37602
3.39737
3.42521
3.46104
3.50669
3.56434
3.63662
3.72665
3.83818
3.97564
4.14436
4.35077
4.60269
3.55906
3.5425
3.52264
3.50367
3.48553
3.46828
3.45195
3.43657
3.42214
3.40871
3.39627
3.38485
3.37446
3.36511
3.35679
3.34952
3.3433
3.33815
3.33411
3.33125
3.32964
3.32946
3.33089
3.33423
3.33987
3.34829
3.36015
3.37625
3.3976
3.42544
3.46127
3.50692
3.56457
3.63685
3.72689
3.83841
3.97587
4.14458
4.351
4.60292
3.55918
3.54262
3.52276
3.50379
3.48565
3.4684
3.45208
3.43669
3.42226
3.40883
3.39639
3.38497
3.37458
3.36522
3.35691
3.34964
3.34342
3.33827
3.33423
3.33136
3.32976
3.32957
3.33101
3.33435
3.33998
3.34841
3.36027
3.37637
3.39773
3.42556
3.46139
3.50704
3.56469
3.63697
3.72701
3.83853
3.97599
4.1447
4.35112
4.60304
3.55918
3.54262
3.52277
3.50379
3.48565
3.4684
3.45208
3.43669
3.42227
3.40883
3.39639
3.38497
3.37458
3.36522
3.3569
3.34963
3.34341
3.33827
3.33423
3.33136
3.32976
3.32957
3.331
3.33434
3.33998
3.34841
3.36027
3.37637
3.39772
3.42556
3.46139
3.50703
3.56468
3.63696
3.727
3.83852
3.97598
4.1447
4.35112
4.60304
3.55908
3.54252
3.52267
3.50369
3.48555
3.4683
3.45197
3.43658
3.42216
3.40872
3.39628
3.38486
3.37447
3.36511
3.35679
3.34952
3.3433
3.33815
3.33411
3.33124
3.32964
3.32945
3.33088
3.33423
3.33986
3.34829
3.36015
3.37625
3.3976
3.42544
3.46127
3.50691
3.56456
3.63684
3.72688
3.8384
3.97586
4.14458
4.351
4.60293
3.55888
3.54232
3.52246
3.50348
3.48534
3.46809
3.45176
3.43638
3.42195
3.40851
3.39607
3.38465
3.37425
3.36489
3.35657
3.3493
3.34308
3.33793
3.33389
3.33102
3.32942
3.32923
3.33066
3.334
3.33964
3.34806
3.35992
3.37602
3.39737
3.4252
3.46103
3.50668
3.56433
3.63661
3.72665
3.83817
3.97563
4.14435
4.35077
4.6027
3.55857
3.542
3.52215
3.50317
3.48502
3.46778
3.45145
3.43606
3.42163
3.40819
3.39574
3.38432
3.37393
3.36457
3.35624
3.34897
3.34275
3.3376
3.33355
3.33068
3.32908
3.32889
3.33032
3.33366
3.33929
3.34771
3.35957
3.37567
3.39701
3.42485
3.46067
3.50632
3.56397
3.63625
3.72628
3.83781
3.97526
4.14398
4.3504
4.60233
3.55817
3.54161
3.52175
3.50277
3.48462
3.46737
3.45104
3.43565
3.42122
3.40778
3.39534
3.38391
3.37351
3.36415
3.35583
3.34855
3.34233
3.33718
3.33313
3.33026
3.32865
3.32846
3.32989
3.33323
3.33885
3.34727
3.35913
3.37522
3.39657
3.4244
3.46023
3.50587
3.56351
3.63579
3.72583
3.83735
3.9748
4.14352
4.34994
4.60187
3.55778
3.54121
3.52135
3.50237
3.48422
3.46697
3.45064
3.43524
3.42081
3.40737
3.39493
3.3835
3.3731
3.36374
3.35541
3.34813
3.34191
3.33676
3.33271
3.32984
3.32823
3.32804
3.32946
3.3328
3.33842
3.34684
3.35869
3.37479
3.39613
3.42396
3.45978
3.50542
3.56307
3.63534
3.72537
3.8369
3.97435
4.14307
4.34949
4.60142
3.55744
3.54087
3.52101
3.50203
3.48388
3.46663
3.45029
3.4349
3.42047
3.40702
3.39458
3.38315
3.37275
3.36339
3.35506
3.34778
3.34156
3.3364
3.33236
3.32948
3.32787
3.32767
3.3291
3.33243
3.33805
3.34647
3.35832
3.37441
3.39576
3.42358
3.4594
3.50503
3.56268
3.63495
3.72498
3.8365
3.97395
4.14267
4.34909
4.60102
3.55714
3.54057
3.52071
3.50173
3.48358
3.46633
3.44999
3.4346
3.42016
3.40672
3.39427
3.38284
3.37244
3.36308
3.35475
3.34747
3.34124
3.33608
3.33204
3.32916
3.32754
3.32734
3.32876
3.3321
3.33772
3.34613
3.35798
3.37407
3.39541
3.42323
3.45905
3.50468
3.56232
3.63459
3.72462
3.83614
3.97359
4.1423
4.34872
4.60065
3.55683
3.54027
3.52041
3.50142
3.48327
3.46602
3.44968
3.43428
3.41985
3.4064
3.39395
3.38252
3.37212
3.36276
3.35443
3.34714
3.34091
3.33576
3.33171
3.32882
3.32721
3.327
3.32842
3.33175
3.33737
3.34579
3.35763
3.37371
3.39504
3.42286
3.45867
3.5043
3.56195
3.63421
3.72424
3.83576
3.97321
4.14192
4.34834
4.60027
3.55653
3.53996
3.5201
3.50111
3.48296
3.46571
3.44937
3.43397
3.41954
3.40608
3.39364
3.38221
3.3718
3.36244
3.35411
3.34682
3.34059
3.33543
3.33138
3.32849
3.32687
3.32667
3.32808
3.33141
3.33703
3.34544
3.35728
3.37335
3.39468
3.4225
3.45831
3.50394
3.56158
3.63384
3.72387
3.83539
3.97283
4.14155
4.34796
4.59989
3.55624
3.53968
3.51981
3.50083
3.48268
3.46542
3.44908
3.43368
3.41925
3.40579
3.39335
3.38191
3.37151
3.36214
3.35381
3.34652
3.34029
3.33513
3.33107
3.32819
3.32657
3.32636
3.32778
3.3311
3.33672
3.34512
3.35696
3.37303
3.39436
3.42217
3.45798
3.5036
3.56124
3.63351
3.72353
3.83505
3.97249
4.1412
4.34761
4.59954
3.55594
3.53937
3.51951
3.50052
3.48237
3.46512
3.44878
3.43338
3.41894
3.40549
3.39304
3.38161
3.37121
3.36184
3.35351
3.34622
3.33999
3.33482
3.33077
3.32788
3.32626
3.32605
3.32747
3.33079
3.3364
3.3448
3.35663
3.3727
3.39403
3.42184
3.45765
3.50327
3.56091
3.63317
3.72319
3.83471
3.97215
4.14086
4.34727
4.5992
3.55555
3.53899
3.51912
3.50013
3.48198
3.46473
3.44839
3.43299
3.41856
3.4051
3.39265
3.38122
3.37082
3.36145
3.35312
3.34583
3.33959
3.33443
3.33037
3.32749
3.32587
3.32566
3.32707
3.33039
3.33599
3.34439
3.35622
3.3723
3.39362
3.42143
3.45724
3.50286
3.56049
3.63275
3.72277
3.83429
3.97173
4.14044
4.34685
4.59877
3.55508
3.53851
3.51865
3.49966
3.4815
3.46425
3.44791
3.43251
3.41807
3.40462
3.39217
3.38073
3.37033
3.36096
3.35263
3.34534
3.3391
3.33394
3.32988
3.32699
3.32537
3.32516
3.32656
3.32988
3.33548
3.34388
3.35572
3.37179
3.39311
3.42092
3.45672
3.50234
3.55997
3.63223
3.72225
3.83376
3.9712
4.13991
4.34631
4.59823
3.55464
3.53807
3.5182
3.49921
3.48105
3.46379
3.44745
3.43205
3.41761
3.40416
3.3917
3.38027
3.36986
3.36049
3.35215
3.34486
3.33862
3.33346
3.3294
3.32651
3.32488
3.32467
3.32607
3.32939
3.33499
3.34339
3.35522
3.37129
3.39261
3.42042
3.45622
3.50184
3.55947
3.63173
3.72174
3.83326
3.97069
4.1394
4.3458
4.59772
3.55444
3.53787
3.518
3.49901
3.48085
3.46359
3.44725
3.43185
3.41741
3.40395
3.3915
3.38006
3.36965
3.36028
3.35194
3.34465
3.33841
3.33324
3.32919
3.32629
3.32466
3.32445
3.32585
3.32916
3.33477
3.34316
3.35499
3.37106
3.39238
3.42019
3.45598
3.5016
3.55924
3.63149
3.7215
3.83302
3.97045
4.13916
4.34556
4.59748
3.55462
3.53805
3.51818
3.49919
3.48103
3.46377
3.44743
3.43203
3.41759
3.40414
3.39169
3.38025
3.36984
3.36047
3.35213
3.34484
3.3386
3.33344
3.32938
3.32648
3.32485
3.32463
3.32603
3.32934
3.33495
3.34334
3.35516
3.37123
3.39254
3.42035
3.45614
3.50176
3.55939
3.63163
3.72165
3.83316
3.97059
4.13929
4.34569
4.59761
3.55487
3.5383
3.51843
3.49944
3.48129
3.46403
3.44769
3.43229
3.41786
3.4044
3.39195
3.38052
3.37012
3.36074
3.35241
3.34512
3.33888
3.33371
3.32965
3.32675
3.32512
3.3249
3.3263
3.32961
3.33522
3.34361
3.35543
3.37149
3.39281
3.42061
3.45639
3.502
3.55963
3.63187
3.72188
3.83339
3.97082
4.13951
4.34591
4.59782
3.55462
3.53805
3.51818
3.49919
3.48104
3.46378
3.44744
3.43204
3.4176
3.40415
3.3917
3.38027
3.36986
3.36049
3.35215
3.34486
3.33862
3.33346
3.32939
3.3265
3.32486
3.32464
3.32605
3.32936
3.33496
3.34335
3.35517
3.37123
3.39255
3.42035
3.45613
3.50174
3.55937
3.63161
3.72162
3.83312
3.97055
4.13925
4.34564
4.59756
3.55377
3.5372
3.51733
3.49833
3.48018
3.46291
3.44657
3.43116
3.41672
3.40327
3.39081
3.37938
3.36897
3.35959
3.35125
3.34396
3.33772
3.33255
3.32848
3.32558
3.32394
3.32372
3.32512
3.32843
3.33403
3.34242
3.35424
3.3703
3.39161
3.41941
3.45519
3.5008
3.55843
3.63067
3.72068
3.83218
3.96961
4.13831
4.3447
4.59663
3.55302
3.53644
3.51656
3.49756
3.4794
3.46213
3.44578
3.43036
3.41592
3.40246
3.39
3.37855
3.36814
3.35876
3.35041
3.34311
3.33687
3.33169
3.32762
3.32471
3.32307
3.32285
3.32424
3.32754
3.33314
3.34152
3.35334
3.3694
3.39071
3.4185
3.45429
3.49989
3.55752
3.62976
3.71976
3.83127
3.9687
4.13739
4.34379
4.5957
3.5531
3.53652
3.51664
3.49764
3.47948
3.4622
3.44585
3.43044
3.41599
3.40253
3.39007
3.37862
3.3682
3.35882
3.35047
3.34317
3.33692
3.33174
3.32767
3.32476
3.32312
3.32289
3.32429
3.32759
3.33318
3.34157
3.35338
3.36944
3.39074
3.41854
3.45432
3.49992
3.55755
3.62979
3.71979
3.8313
3.96873
4.13743
4.34384
4.59575
3.55373
3.53716
3.51729
3.4983
3.48014
3.46288
3.44653
3.43113
3.41669
3.40323
3.39077
3.37933
3.36892
3.35954
3.3512
3.3439
3.33765
3.33247
3.3284
3.32549
3.32385
3.32362
3.32501
3.32831
3.3339
3.34228
3.35409
3.37014
3.39145
3.41924
3.45502
3.50063
3.55825
3.63049
3.72049
3.83201
3.96944
4.13815
4.34454
4.59645
3.55345
3.53688
3.51702
3.49802
3.47987
3.46261
3.44626
3.43086
3.41642
3.40296
3.3905
3.37907
3.36865
3.35927
3.35093
3.34363
3.33738
3.3322
3.32813
3.32522
3.32358
3.32335
3.32474
3.32804
3.33363
3.34201
3.35382
3.36988
3.39118
3.41898
3.45476
3.50037
3.558
3.63024
3.72026
3.83179
3.96922
4.13793
4.34433
4.5963
3.55187
3.53529
3.51541
3.49641
3.47825
3.46098
3.44462
3.42921
3.41477
3.4013
3.38884
3.3774
3.36698
3.3576
3.34926
3.34195
3.33571
3.33053
3.32646
3.32355
3.32191
3.32168
3.32308
3.32639
3.33198
3.34037
3.3522
3.36826
3.38959
3.4174
3.4532
3.49883
3.55649
3.62876
3.71881
3.83034
3.96781
4.13655
4.34302
4.59488
3.55074
3.53416
3.51429
3.49529
3.47713
3.45986
3.44351
3.4281
3.41365
3.40019
3.38774
3.37629
3.36588
3.3565
3.34816
3.34086
3.33462
3.32945
3.32538
3.32248
3.32086
3.32065
3.32206
3.32538
3.331
3.33941
3.35126
3.36736
3.38871
3.41656
3.4524
3.49808
3.55576
3.62808
3.71816
3.82974
3.96726
4.13603
4.34247
4.59451
3.5498
3.53322
3.51335
3.49436
3.4762
3.45894
3.44259
3.42719
3.41275
3.39929
3.38684
3.3754
3.365
3.35563
3.3473
3.34001
3.33378
3.32862
3.32457
3.32169
3.32009
3.3199
3.32134
3.3247
3.33035
3.33881
3.3507
3.36685
3.38826
3.41617
3.45207
3.4978
3.55556
3.62795
3.71809
3.82973
3.96732
4.13616
4.34266
4.5947
3.5481
3.53151
3.51163
3.49262
3.47445
3.45718
3.44082
3.4254
3.41095
3.39749
3.38503
3.37359
3.36317
3.3538
3.34547
3.33818
3.33195
3.3268
3.32276
3.3199
3.31832
3.31815
3.31963
3.32303
3.32873
3.33724
3.34921
3.36544
3.38695
3.41495
3.45097
3.49683
3.55472
3.62722
3.71749
3.82931
3.96694
4.13591
4.34255
4.5947
3.54745
3.53096
3.51114
3.49219
3.47408
3.45685
3.44053
3.42514
3.41071
3.39726
3.38479
3.37333
3.3629
3.35348
3.3451
3.33776
3.33146
3.32624
3.32212
3.31918
3.31752
3.3173
3.31873
3.3221
3.32781
3.33637
3.34843
3.3648
3.38652
3.41482
3.45119
3.49748
3.5559
3.62901
3.71999
3.83252
3.97112
4.14104
4.34879
4.60221
3.55261
3.53823
3.51999
3.50272
3.48638
3.47104
3.45671
3.44339
3.4311
3.41985
3.40964
3.40048
3.39237
3.38531
3.37931
3.37439
3.37058
3.36793
3.36653
3.3665
3.36802
3.37133
3.37674
3.38466
3.39563
3.41029
3.42947
3.45415
3.48554
3.52511
3.5746
3.63609
3.71204
3.80538
3.91957
4.05873
4.22776
4.43254
4.6802
4.97944
3.56174
3.54707
3.52855
3.511
3.49438
3.47875
3.46411
3.45049
3.43789
3.42631
3.41577
3.40625
3.39778
3.39033
3.38393
3.37858
3.37432
3.3712
3.3693
3.36874
3.36971
3.37245
3.37726
3.38458
3.39491
3.40894
3.42746
3.45149
3.48222
3.52113
3.56994
3.63074
3.70597
3.79855
3.91193
4.05021
4.21826
4.42196
4.6684
4.96624
3.5649
3.55016
3.53157
3.51395
3.49726
3.48156
3.46685
3.45315
3.44047
3.42881
3.41818
3.40859
3.40002
3.39248
3.38598
3.38053
3.37616
3.37293
3.37091
3.37023
3.37107
3.37367
3.37836
3.38553
3.39573
3.40961
3.42799
3.45188
3.48247
3.52124
3.56992
3.63058
3.70569
3.79814
3.91141
4.04957
4.21752
4.42112
4.66747
4.96524
3.56621
3.55145
3.53285
3.51522
3.49851
3.48279
3.46807
3.45435
3.44165
3.42998
3.41933
3.40972
3.40113
3.39357
3.38704
3.38157
3.37718
3.37391
3.37187
3.37116
3.37196
3.37453
3.37917
3.3863
3.39645
3.41028
3.42861
3.45244
3.48297
3.52168
3.5703
3.6309
3.70594
3.79833
3.91153
4.04963
4.21753
4.42107
4.66737
4.96508
3.56685
3.55209
3.53349
3.51586
3.49915
3.48343
3.4687
3.45498
3.44228
3.43061
3.41996
3.41034
3.40175
3.39419
3.38766
3.38218
3.37778
3.37451
3.37246
3.37174
3.37254
3.37509
3.37971
3.38683
3.39696
3.41077
3.42908
3.45288
3.48339
3.52206
3.57065
3.63121
3.70622
3.79857
3.91174
4.04981
4.21766
4.42117
4.66743
4.96512
3.56721
3.55246
3.53386
3.51622
3.49952
3.48379
3.46907
3.45535
3.44265
3.43098
3.42033
3.41072
3.40213
3.39456
3.38804
3.38256
3.37816
3.37489
3.37284
3.37212
3.37292
3.37547
3.38009
3.3872
3.39733
3.41113
3.42943
3.45322
3.48372
3.52238
3.57095
3.6315
3.70649
3.79883
3.91197
4.05002
4.21786
4.42134
4.66759
4.96525
3.56745
3.5527
3.5341
3.51647
3.49976
3.48404
3.46932
3.4556
3.4429
3.43123
3.42059
3.41097
3.40238
3.39482
3.3883
3.38282
3.37842
3.37516
3.3731
3.37239
3.37318
3.37574
3.38036
3.38747
3.3976
3.4114
3.4297
3.45349
3.48399
3.52265
3.57121
3.63176
3.70674
3.79908
3.91221
4.05025
4.21808
4.42156
4.66779
4.96544
3.56767
3.55292
3.53432
3.51669
3.49999
3.48427
3.46954
3.45583
3.44313
3.43146
3.42082
3.4112
3.40261
3.39506
3.38853
3.38306
3.37866
3.3754
3.37334
3.37263
3.37343
3.37598
3.38061
3.38772
3.39785
3.41166
3.42996
3.45375
3.48425
3.52291
3.57147
3.63202
3.707
3.79933
3.91247
4.0505
4.21833
4.4218
4.66803
4.96568
3.56791
3.55316
3.53456
3.51693
3.50022
3.4845
3.46978
3.45606
3.44337
3.4317
3.42106
3.41144
3.40286
3.3953
3.38878
3.38331
3.37891
3.37565
3.3736
3.37288
3.37368
3.37624
3.38087
3.38798
3.39812
3.41192
3.43022
3.45402
3.48452
3.52318
3.57175
3.63229
3.70727
3.7996
3.91274
4.05077
4.2186
4.42207
4.6683
4.96595
3.56811
3.55336
3.53476
3.51713
3.50043
3.48471
3.46999
3.45627
3.44358
3.43191
3.42127
3.41165
3.40307
3.39551
3.38899
3.38352
3.37912
3.37586
3.37381
3.3731
3.3739
3.37646
3.38109
3.38821
3.39834
3.41215
3.43045
3.45424
3.48474
3.52341
3.57197
3.63252
3.7075
3.79983
3.91297
4.051
4.21882
4.4223
4.66853
4.96618
3.56823
3.55348
3.53488
3.51725
3.50055
3.48483
3.47011
3.45639
3.4437
3.43203
3.42138
3.41177
3.40318
3.39563
3.38911
3.38363
3.37924
3.37598
3.37393
3.37322
3.37402
3.37657
3.38121
3.38832
3.39846
3.41226
3.43057
3.45436
3.48486
3.52353
3.57209
3.63264
3.70762
3.79995
3.91308
4.05112
4.21894
4.42242
4.66865
4.9663
3.56823
3.55348
3.53488
3.51725
3.50055
3.48483
3.47011
3.45639
3.4437
3.43203
3.42138
3.41177
3.40318
3.39563
3.3891
3.38363
3.37924
3.37597
3.37392
3.37321
3.37401
3.37657
3.3812
3.38832
3.39845
3.41226
3.43056
3.45436
3.48486
3.52352
3.57209
3.63263
3.70761
3.79995
3.91308
4.05112
4.21894
4.42242
4.66866
4.96631
3.56813
3.55338
3.53478
3.51715
3.50045
3.48473
3.47
3.45629
3.44359
3.43192
3.42128
3.41166
3.40307
3.39552
3.38899
3.38352
3.37913
3.37586
3.37381
3.3731
3.3739
3.37646
3.38109
3.38821
3.39834
3.41215
3.43045
3.45424
3.48474
3.5234
3.57197
3.63252
3.7075
3.79983
3.91296
4.051
4.21883
4.42231
4.66855
4.9662
3.56793
3.55318
3.53458
3.51695
3.50025
3.48452
3.4698
3.45609
3.44339
3.43172
3.42107
3.41145
3.40287
3.39531
3.38878
3.38331
3.37891
3.37565
3.3736
3.37288
3.37369
3.37624
3.38087
3.38799
3.39812
3.41193
3.43023
3.45402
3.48451
3.52318
3.57174
3.63229
3.70727
3.7996
3.91273
4.05077
4.2186
4.42208
4.66832
4.96597
3.56763
3.55288
3.53428
3.51664
3.49993
3.48421
3.46949
3.45577
3.44307
3.4314
3.42075
3.41113
3.40254
3.39498
3.38846
3.38298
3.37858
3.37532
3.37327
3.37255
3.37335
3.37591
3.38053
3.38765
3.39778
3.41158
3.42988
3.45367
3.48416
3.52282
3.57139
3.63193
3.70691
3.79924
3.91237
4.05041
4.21824
4.42172
4.66796
4.9656
3.56724
3.55249
3.53389
3.51625
3.49954
3.48382
3.46909
3.45537
3.44267
3.431
3.42035
3.41073
3.40214
3.39458
3.38805
3.38257
3.37817
3.3749
3.37285
3.37213
3.37293
3.37549
3.38011
3.38722
3.39734
3.41114
3.42944
3.45323
3.48372
3.52238
3.57094
3.63148
3.70646
3.79879
3.91192
4.04996
4.21779
4.42127
4.6675
4.96515
3.56685
3.5521
3.5335
3.51586
3.49915
3.48342
3.46869
3.45498
3.44227
3.4306
3.41995
3.41033
3.40173
3.39417
3.38764
3.38216
3.37776
3.37449
3.37243
3.37172
3.37251
3.37506
3.37968
3.38679
3.39691
3.41071
3.429
3.45279
3.48328
3.52194
3.5705
3.63104
3.70602
3.79834
3.91147
4.04951
4.21734
4.42082
4.66706
4.96471
3.56652
3.55177
3.53316
3.51553
3.49881
3.48309
3.46836
3.45464
3.44193
3.43026
3.41961
3.40998
3.40139
3.39382
3.38729
3.38181
3.37741
3.37413
3.37208
3.37136
3.37215
3.3747
3.37932
3.38642
3.39654
3.41034
3.42863
3.45241
3.4829
3.52156
3.57011
3.63065
3.70563
3.79795
3.91108
4.04911
4.21694
4.42042
4.66666
4.96431
3.56623
3.55148
3.53287
3.51523
3.49852
3.48279
3.46806
3.45434
3.44163
3.42995
3.4193
3.40968
3.40108
3.39351
3.38698
3.3815
3.37709
3.37382
3.37176
3.37104
3.37183
3.37437
3.37898
3.38609
3.3962
3.41
3.42829
3.45207
3.48255
3.5212
3.56976
3.63029
3.70526
3.79758
3.91071
4.04874
4.21657
4.42005
4.66629
4.96394
3.56593
3.55118
3.53257
3.51493
3.49822
3.48249
3.46775
3.45403
3.44132
3.42964
3.41899
3.40936
3.40077
3.3932
3.38666
3.38118
3.37677
3.37349
3.37143
3.3707
3.37149
3.37403
3.37864
3.38574
3.39586
3.40965
3.42794
3.45171
3.48219
3.52084
3.56939
3.62992
3.70489
3.79721
3.91034
4.04837
4.21619
4.41967
4.66591
4.96356
3.56564
3.55088
3.53227
3.51463
3.49792
3.48218
3.46745
3.45373
3.44102
3.42933
3.41868
3.40905
3.40045
3.39288
3.38635
3.38086
3.37645
3.37317
3.3711
3.37037
3.37116
3.37369
3.3783
3.3854
3.39552
3.40931
3.42759
3.45136
3.48184
3.52048
3.56903
3.62956
3.70453
3.79684
3.90997
4.04799
4.21582
4.41929
4.66553
4.96318
3.56536
3.5506
3.53199
3.51435
3.49764
3.48191
3.46717
3.45345
3.44074
3.42905
3.4184
3.40877
3.40017
3.3926
3.38606
3.38057
3.37616
3.37288
3.37081
3.37007
3.37085
3.37339
3.378
3.3851
3.39521
3.40899
3.42727
3.45103
3.48151
3.52015
3.5687
3.62923
3.70419
3.7965
3.90963
4.04765
4.21548
4.41894
4.66519
4.96283
3.56506
3.55031
3.5317
3.51406
3.49734
3.48161
3.46688
3.45315
3.44044
3.42876
3.4181
3.40847
3.39987
3.3923
3.38576
3.38027
3.37586
3.37257
3.3705
3.36976
3.37055
3.37308
3.37769
3.38478
3.39489
3.40867
3.42694
3.45071
3.48118
3.51982
3.56836
3.62889
3.70385
3.79616
3.90929
4.04731
4.21513
4.4186
4.66484
4.96248
3.56468
3.54993
3.53132
3.51367
3.49696
3.48123
3.4665
3.45277
3.44006
3.42837
3.41772
3.40809
3.39949
3.39192
3.38538
3.37988
3.37547
3.37218
3.37011
3.36938
3.37015
3.37269
3.37729
3.38438
3.39448
3.40826
3.42653
3.4503
3.48077
3.51941
3.56795
3.62848
3.70344
3.79575
3.90888
4.04689
4.21471
4.41818
4.66441
4.96205
3.56422
3.54946
3.53085
3.5132
3.49648
3.48075
3.46602
3.45229
3.43958
3.42789
3.41724
3.4076
3.399
3.39143
3.38489
3.37939
3.37498
3.37169
3.36962
3.36888
3.36966
3.37219
3.37679
3.38388
3.39398
3.40775
3.42602
3.44979
3.48026
3.51889
3.56743
3.62796
3.70292
3.79523
3.90836
4.04637
4.21419
4.41765
4.66388
4.96153
3.56378
3.54902
3.5304
3.51276
3.49604
3.4803
3.46557
3.45184
3.43913
3.42744
3.41677
3.40714
3.39854
3.39096
3.38442
3.37892
3.3745
3.37122
3.36914
3.36841
3.36918
3.37171
3.3763
3.38339
3.39349
3.40726
3.42553
3.44929
3.47976
3.51839
3.56693
3.62746
3.70242
3.79472
3.90785
4.04586
4.21368
4.41714
4.66337
4.96102
3.56359
3.54882
3.53021
3.51256
3.49584
3.48011
3.46537
3.45164
3.43893
3.42724
3.41657
3.40694
3.39834
3.39076
3.38421
3.37872
3.3743
3.37101
3.36893
3.36819
3.36896
3.37149
3.37608
3.38316
3.39326
3.40704
3.4253
3.44906
3.47953
3.51816
3.5667
3.62722
3.70218
3.79448
3.90761
4.04562
4.21343
4.41689
4.66312
4.96075
3.56377
3.54901
3.53039
3.51275
3.49603
3.4803
3.46556
3.45183
3.43912
3.42743
3.41677
3.40714
3.39853
3.39095
3.38441
3.37891
3.37449
3.3712
3.36912
3.36838
3.36915
3.37167
3.37627
3.38335
3.39344
3.40721
3.42547
3.44923
3.4797
3.51833
3.56686
3.62738
3.70233
3.79463
3.90776
4.04576
4.21357
4.41703
4.66325
4.96088
3.56403
3.54927
3.53066
3.51301
3.49629
3.48056
3.46583
3.4521
3.43939
3.4277
3.41704
3.40741
3.39881
3.39123
3.38469
3.37919
3.37477
3.37148
3.3694
3.36866
3.36943
3.37195
3.37654
3.38362
3.39371
3.40748
3.42574
3.44949
3.47996
3.51858
3.56711
3.62763
3.70257
3.79487
3.90799
4.04599
4.21379
4.41725
4.66347
4.96111
3.56378
3.54902
3.53041
3.51277
3.49605
3.48032
3.46558
3.45185
3.43914
3.42746
3.4168
3.40716
3.39856
3.39098
3.38444
3.37894
3.37452
3.37123
3.36915
3.3684
3.36917
3.37169
3.37628
3.38336
3.39345
3.40722
3.42547
3.44923
3.47969
3.51831
3.56684
3.62735
3.70229
3.79459
3.90771
4.0457
4.21351
4.41697
4.66318
4.96082
3.56294
3.54817
3.52956
3.51191
3.49519
3.47945
3.46471
3.45098
3.43826
3.42657
3.41591
3.40628
3.39767
3.39009
3.38354
3.37804
3.37362
3.37032
3.36824
3.36749
3.36825
3.37077
3.37536
3.38243
3.39252
3.40629
3.42455
3.4483
3.47876
3.51737
3.5659
3.62642
3.70136
3.79366
3.90677
4.04477
4.21258
4.41603
4.66226
4.95987
3.56219
3.54742
3.52879
3.51114
3.49441
3.47867
3.46392
3.45018
3.43746
3.42577
3.4151
3.40546
3.39684
3.38926
3.3827
3.3772
3.37277
3.36947
3.36738
3.36663
3.3674
3.36991
3.3745
3.38157
3.39166
3.40543
3.42368
3.44743
3.47789
3.5165
3.56503
3.62555
3.70049
3.79278
3.9059
4.0439
4.21171
4.41516
4.6614
4.95902
3.56227
3.5475
3.52888
3.51122
3.49449
3.47875
3.464
3.45026
3.43754
3.42584
3.41517
3.40553
3.39691
3.38932
3.38277
3.37726
3.37283
3.36953
3.36744
3.36669
3.36744
3.36995
3.37453
3.3816
3.39169
3.40545
3.4237
3.44745
3.4779
3.51652
3.56504
3.62556
3.7005
3.79279
3.90591
4.04391
4.21172
4.41519
4.6614
4.95904
3.56293
3.54816
3.52955
3.5119
3.49518
3.47944
3.4647
3.45096
3.43825
3.42655
3.41588
3.40624
3.39763
3.39005
3.38349
3.37798
3.37355
3.37025
3.36815
3.3674
3.36815
3.37066
3.37524
3.3823
3.39238
3.40614
3.42439
3.44813
3.47858
3.51719
3.56572
3.62623
3.70116
3.79346
3.90658
4.04459
4.21239
4.41584
4.66204
4.95968
3.56266
3.54789
3.52928
3.51163
3.49491
3.47917
3.46443
3.4507
3.43798
3.42629
3.41562
3.40598
3.39737
3.38978
3.38323
3.37773
3.37329
3.36999
3.3679
3.36714
3.3679
3.37041
3.37499
3.38205
3.39214
3.40589
3.42414
3.44788
3.47834
3.51695
3.56548
3.62599
3.70094
3.79325
3.90638
4.04438
4.2122
4.41566
4.66193
4.95954
3.56107
3.5463
3.52768
3.51002
3.49329
3.47755
3.4628
3.44906
3.43633
3.42464
3.41396
3.40432
3.3957
3.38811
3.38156
3.37605
3.37161
3.36831
3.36621
3.36546
3.36622
3.36873
3.37331
3.38038
3.39047
3.40424
3.4225
3.44626
3.47673
3.51536
3.56391
3.62445
3.69942
3.79175
3.90489
4.04293
4.21079
4.41426
4.66048
4.95819
3.55993
3.54516
3.52653
3.50888
3.49215
3.47641
3.46166
3.44792
3.4352
3.4235
3.41283
3.40319
3.39458
3.38699
3.38044
3.37493
3.37051
3.36721
3.36513
3.36438
3.36516
3.36768
3.37229
3.37938
3.38949
3.40328
3.42157
3.44536
3.47587
3.51454
3.56313
3.6237
3.69871
3.79108
3.90427
4.04235
4.2102
4.41375
4.66005
4.95771
3.55891
3.54415
3.52553
3.50788
3.49115
3.47541
3.46067
3.44693
3.43421
3.42252
3.41186
3.40222
3.39362
3.38604
3.3795
3.37401
3.36959
3.36631
3.36425
3.36352
3.36432
3.36688
3.37151
3.37864
3.3888
3.40263
3.42097
3.44482
3.47538
3.51411
3.56276
3.62341
3.6985
3.79092
3.90416
4.04232
4.21025
4.41382
4.66018
4.95796
3.55706
3.54228
3.52365
3.50598
3.48925
3.47349
3.45874
3.44499
3.43227
3.42057
3.4099
3.40026
3.39165
3.38407
3.37753
3.37204
3.36764
3.36437
3.36232
3.36163
3.36245
3.36505
3.36973
3.37692
3.38714
3.40105
3.41948
3.44343
3.4741
3.51295
3.56173
3.62251
3.69771
3.79028
3.90369
4.04192
4.21003
4.41372
4.6602
4.95806
3.55627
3.54158
3.523
3.50539
3.4887
3.47298
3.45825
3.44452
3.4318
3.42009
3.4094
3.39973
3.39108
3.38346
3.37686
3.37132
3.36685
3.36352
3.36142
3.36067
3.36147
3.36405
3.36875
3.37599
3.38631
3.40037
3.419
3.44322
3.47425
3.51352
3.5628
3.62417
3.70005
3.79336
3.9076
4.04682
4.21591
4.42081
4.66857
4.9679
3.56706
3.55482
3.53805
3.52233
3.50762
3.49397
3.48137
3.46983
3.45935
3.44993
3.44157
3.43425
3.42799
3.42281
3.41872
3.41577
3.41405
3.41365
3.41474
3.41751
3.42226
3.42932
3.43914
3.45229
3.46943
3.49139
3.51918
3.55399
3.59723
3.6506
3.71606
3.79597
3.89306
4.01058
4.15235
4.3229
4.52765
4.77311
5.06718
5.41954
3.57661
3.56404
3.54697
3.53094
3.51591
3.50192
3.48898
3.47709
3.46625
3.45645
3.44769
3.43996
3.43326
3.42762
3.42305
3.4196
3.41735
3.4164
3.41691
3.41908
3.4232
3.42962
3.43878
3.45125
3.46769
3.48896
3.51604
3.55013
3.59264
3.64525
3.70995
3.78906
3.88531
4.00193
4.14273
4.31223
4.51582
4.76
5.05263
5.40335
3.57995
3.56731
3.55016
3.53406
3.51894
3.50488
3.49186
3.47988
3.46895
3.45905
3.45019
3.44237
3.43557
3.42982
3.42513
3.42157
3.41919
3.41811
3.41849
3.42053
3.42451
3.43078
3.4398
3.45212
3.46842
3.48953
3.51647
3.55041
3.59278
3.64525
3.70981
3.78878
3.8849
4.00139
4.14207
4.31146
4.51494
4.75902
5.05157
5.40221
3.5813
3.56865
3.55148
3.53536
3.52024
3.50615
3.49311
3.48112
3.47017
3.46026
3.45138
3.44353
3.43671
3.43094
3.42623
3.42264
3.42023
3.41913
3.41947
3.42147
3.42542
3.43165
3.44062
3.45289
3.46914
3.4902
3.51708
3.55096
3.59327
3.64568
3.71017
3.78908
3.88514
4.00157
4.14219
4.31152
4.51495
4.75897
5.05147
5.40206
3.58194
3.56928
3.55212
3.536
3.52087
3.50679
3.49375
3.48176
3.4708
3.46089
3.45201
3.44416
3.43734
3.43156
3.42685
3.42325
3.42085
3.41973
3.42007
3.42206
3.42599
3.43221
3.44117
3.45343
3.46966
3.4907
3.51755
3.5514
3.59368
3.64606
3.71052
3.78939
3.88542
4.00182
4.1424
4.31169
4.51508
4.75907
5.05153
5.40209
3.58229
3.56964
3.55248
3.53636
3.52123
3.50715
3.49411
3.48212
3.47117
3.46126
3.45238
3.44453
3.43771
3.43194
3.42723
3.42363
3.42123
3.42011
3.42045
3.42245
3.42638
3.43259
3.44155
3.4538
3.47002
3.49106
3.5179
3.55174
3.59401
3.64638
3.71083
3.78969
3.88569
4.00207
4.14264
4.31191
4.51528
4.75925
5.05169
5.40223
3.58252
3.56987
3.55271
3.53659
3.52146
3.50738
3.49435
3.48236
3.47141
3.4615
3.45262
3.44478
3.43796
3.43219
3.42748
3.42389
3.42148
3.42038
3.42071
3.42271
3.42664
3.43286
3.44182
3.45407
3.4703
3.49133
3.51817
3.55202
3.59428
3.64665
3.71109
3.78995
3.88595
4.00232
4.14288
4.31214
4.5155
4.75946
5.05189
5.40242
3.58273
3.57008
3.55292
3.5368
3.52168
3.5076
3.49456
3.48257
3.47163
3.46172
3.45285
3.445
3.43819
3.43241
3.42771
3.42412
3.42172
3.42061
3.42095
3.42295
3.42689
3.43311
3.44207
3.45432
3.47055
3.49158
3.51843
3.55227
3.59454
3.64691
3.71136
3.79021
3.88621
4.00258
4.14313
4.31239
4.51575
4.75971
5.05214
5.40266
3.58296
3.57031
3.55315
3.53703
3.5219
3.50783
3.49479
3.48281
3.47186
3.46195
3.45308
3.44523
3.43842
3.43265
3.42795
3.42436
3.42196
3.42086
3.4212
3.4232
3.42714
3.43336
3.44232
3.45458
3.47081
3.49185
3.51869
3.55254
3.59481
3.64718
3.71163
3.79048
3.88648
4.00284
4.1434
4.31266
4.51602
4.75998
5.05241
5.40293
3.58316
3.57051
3.55335
3.53723
3.52211
3.50803
3.495
3.48301
3.47206
3.46216
3.45328
3.44544
3.43863
3.43286
3.42816
3.42457
3.42217
3.42107
3.42141
3.42341
3.42735
3.43358
3.44254
3.4548
3.47103
3.49207
3.51892
3.55276
3.59503
3.6474
3.71185
3.7907
3.8867
4.00307
4.14362
4.31289
4.51625
4.76021
5.05263
5.40316
3.58328
3.57062
3.55346
3.53735
3.52222
3.50814
3.49511
3.48312
3.47218
3.46227
3.4534
3.44555
3.43874
3.43297
3.42827
3.42468
3.42228
3.42118
3.42153
3.42353
3.42747
3.43369
3.44266
3.45491
3.47114
3.49218
3.51903
3.55288
3.59515
3.64752
3.71197
3.79082
3.88682
4.00319
4.14375
4.31301
4.51637
4.76033
5.05276
5.40328
3.58328
3.57063
3.55347
3.53735
3.52223
3.50815
3.49511
3.48312
3.47218
3.46227
3.45339
3.44555
3.43874
3.43297
3.42827
3.42468
3.42228
3.42118
3.42152
3.42353
3.42746
3.43369
3.44265
3.45491
3.47114
3.49218
3.51903
3.55288
3.59515
3.64751
3.71196
3.79082
3.88682
4.00319
4.14374
4.31301
4.51638
4.76033
5.05276
5.40329
3.58318
3.57053
3.55337
3.53725
3.52213
3.50805
3.49501
3.48302
3.47207
3.46217
3.45329
3.44544
3.43863
3.43286
3.42816
3.42457
3.42217
3.42107
3.42141
3.42342
3.42735
3.43358
3.44254
3.4548
3.47103
3.49207
3.51891
3.55276
3.59503
3.6474
3.71185
3.7907
3.8867
4.00307
4.14363
4.31289
4.51626
4.76022
5.05265
5.40318
3.58299
3.57033
3.55317
3.53705
3.52193
3.50785
3.49481
3.48282
3.47187
3.46196
3.45309
3.44524
3.43842
3.43265
3.42795
3.42436
3.42196
3.42086
3.4212
3.4232
3.42714
3.43336
3.44233
3.45458
3.47081
3.49185
3.51869
3.55254
3.5948
3.64717
3.71162
3.79047
3.88647
4.00284
4.1434
4.31266
4.51603
4.75999
5.05242
5.40295
3.58269
3.57003
3.55287
3.53675
3.52162
3.50754
3.4945
3.48251
3.47156
3.46165
3.45277
3.44492
3.43811
3.43233
3.42763
3.42404
3.42164
3.42053
3.42087
3.42287
3.42681
3.43303
3.44199
3.45424
3.47047
3.4915
3.51834
3.55219
3.59445
3.64682
3.71126
3.79011
3.88611
4.00248
4.14304
4.31231
4.51567
4.75963
5.05206
5.40259
3.58231
3.56965
3.55249
3.53636
3.52123
3.50715
3.49411
3.48212
3.47117
3.46126
3.45238
3.44453
3.43771
3.43193
3.42723
3.42363
3.42123
3.42012
3.42046
3.42246
3.42639
3.43261
3.44157
3.45381
3.47004
3.49107
3.51791
3.55175
3.59401
3.64638
3.71082
3.78967
3.88567
4.00204
4.1426
4.31186
4.51523
4.75919
5.05161
5.40214
3.58193
3.56927
3.55211
3.53598
3.52085
3.50676
3.49372
3.48173
3.47078
3.46086
3.45198
3.44413
3.43731
3.43153
3.42682
3.42323
3.42082
3.41971
3.42005
3.42204
3.42597
3.43219
3.44114
3.45339
3.46961
3.49064
3.51747
3.55131
3.59357
3.64594
3.71038
3.78923
3.88522
4.00159
4.14215
4.31142
4.51478
4.75875
5.05117
5.4017
3.58161
3.56895
3.55178
3.53566
3.52052
3.50644
3.4934
3.4814
3.47045
3.46053
3.45165
3.44379
3.43697
3.43119
3.42648
3.42288
3.42047
3.41936
3.4197
3.42169
3.42562
3.43183
3.44078
3.45302
3.46924
3.49026
3.5171
3.55093
3.59319
3.64555
3.70999
3.78884
3.88483
4.0012
4.14176
4.31102
4.51439
4.75835
5.05078
5.4013
3.58133
3.56867
3.5515
3.53537
3.52024
3.50615
3.49311
3.48111
3.47015
3.46023
3.45135
3.4435
3.43667
3.43089
3.42617
3.42257
3.42016
3.41905
3.41938
3.42137
3.42529
3.4315
3.44045
3.45268
3.4689
3.48992
3.51675
3.55059
3.59284
3.6452
3.70964
3.78848
3.88447
4.00084
4.14139
4.31066
4.51402
4.75799
5.05041
5.40094
3.58104
3.56837
3.5512
3.53508
3.51994
3.50585
3.49281
3.48081
3.46985
3.45993
3.45104
3.44319
3.43636
3.43058
3.42586
3.42226
3.41984
3.41872
3.41905
3.42104
3.42496
3.43116
3.44011
3.45234
3.46855
3.48957
3.5164
3.55023
3.59249
3.64484
3.70928
3.78812
3.8841
4.00047
4.14102
4.31028
4.51365
4.75761
5.05003
5.40056
3.58075
3.56808
3.55091
3.53478
3.51965
3.50556
3.49251
3.48051
3.46955
3.45963
3.45074
3.44288
3.43605
3.43027
3.42555
3.42195
3.41953
3.41841
3.41873
3.42071
3.42463
3.43083
3.43977
3.45201
3.46822
3.48923
3.51606
3.54988
3.59213
3.64448
3.70891
3.78775
3.88374
4.0001
4.14065
4.30991
4.51327
4.75724
5.04966
5.40019
3.58048
3.56781
3.55064
3.53452
3.51938
3.50529
3.49224
3.48024
3.46928
3.45935
3.45046
3.4426
3.43577
3.42999
3.42527
3.42166
3.41924
3.41812
3.41844
3.42042
3.42433
3.43053
3.43947
3.4517
3.46791
3.48892
3.51574
3.54957
3.59181
3.64416
3.70859
3.78742
3.8834
3.99976
4.14031
4.30957
4.51293
4.75689
5.04931
5.39983
3.58019
3.56753
3.55036
3.53423
3.5191
3.505
3.49196
3.47995
3.46899
3.45907
3.45018
3.44231
3.43548
3.4297
3.42498
3.42137
3.41894
3.41782
3.41813
3.42011
3.42402
3.43022
3.43916
3.45139
3.46759
3.4886
3.51542
3.54924
3.59148
3.64383
3.70825
3.78709
3.88307
3.99943
4.13997
4.30922
4.51258
4.75654
5.04896
5.39948
3.57982
3.56716
3.54999
3.53386
3.51872
3.50463
3.49158
3.47958
3.46862
3.45869
3.4498
3.44194
3.43511
3.42932
3.4246
3.42099
3.41856
3.41743
3.41775
3.41972
3.42363
3.42983
3.43876
3.45099
3.46719
3.4882
3.51501
3.54883
3.59107
3.64342
3.70784
3.78667
3.88265
3.99901
4.13955
4.30881
4.51216
4.75612
5.04854
5.39906
3.57936
3.5667
3.54952
3.53339
3.51825
3.50416
3.49111
3.47911
3.46815
3.45822
3.44932
3.44146
3.43463
3.42884
3.42411
3.4205
3.41807
3.41694
3.41725
3.41923
3.42314
3.42933
3.43826
3.45048
3.46668
3.48769
3.5145
3.54832
3.59055
3.6429
3.70732
3.78615
3.88213
3.99849
4.13902
4.30828
4.51163
4.75559
5.048
5.39853
3.57893
3.56626
3.54908
3.53295
3.51781
3.50371
3.49067
3.47866
3.46769
3.45776
3.44887
3.441
3.43417
3.42837
3.42364
3.42003
3.4176
3.41646
3.41678
3.41875
3.42266
3.42885
3.43778
3.45
3.46619
3.48719
3.514
3.54782
3.59005
3.64239
3.70682
3.78564
3.88162
3.99798
4.13851
4.30777
4.51112
4.75507
5.04748
5.398
3.57874
3.56607
3.54889
3.53276
3.51762
3.50352
3.49047
3.47847
3.4675
3.45757
3.44867
3.44081
3.43397
3.42817
3.42344
3.41983
3.4174
3.41626
3.41657
3.41854
3.42244
3.42863
3.43756
3.44978
3.46597
3.48697
3.51378
3.54759
3.58983
3.64217
3.70659
3.78542
3.88139
3.99775
4.13828
4.30753
4.51088
4.75483
5.04724
5.39775
3.57893
3.56626
3.54909
3.53295
3.51781
3.50372
3.49067
3.47866
3.4677
3.45777
3.44887
3.44101
3.43417
3.42837
3.42364
3.42003
3.41759
3.41646
3.41677
3.41873
3.42263
3.42882
3.43775
3.44996
3.46615
3.48715
3.51395
3.54777
3.59
3.64234
3.70676
3.78558
3.88155
3.9979
4.13843
4.30767
4.51102
4.75497
5.04737
5.39789
3.57919
3.56653
3.54935
3.53322
3.51809
3.50399
3.49094
3.47894
3.46798
3.45805
3.44915
3.44129
3.43445
3.42865
3.42392
3.42031
3.41788
3.41674
3.41705
3.41901
3.42291
3.42909
3.43801
3.45022
3.46641
3.4874
3.51421
3.54801
3.59024
3.64257
3.70699
3.7858
3.88177
3.99812
4.13864
4.30788
4.51123
4.75517
5.04757
5.39809
3.57895
3.56629
3.54911
3.53298
3.51784
3.50375
3.4907
3.4787
3.46773
3.45781
3.44891
3.44104
3.43421
3.42841
3.42368
3.42006
3.41763
3.41649
3.4168
3.41876
3.42265
3.42884
3.43775
3.44996
3.46615
3.48714
3.51394
3.54775
3.58997
3.6423
3.70672
3.78553
3.88149
3.99784
4.13836
4.3076
4.51094
4.75488
5.04728
5.39778
3.57811
3.56544
3.54827
3.53213
3.51699
3.50289
3.48984
3.47783
3.46686
3.45693
3.44803
3.44016
3.43332
3.42752
3.42279
3.41917
3.41673
3.41559
3.41589
3.41786
3.42175
3.42793
3.43685
3.44906
3.46524
3.48624
3.51304
3.54685
3.58907
3.6414
3.70581
3.78463
3.88059
3.99694
4.13746
4.3067
4.51004
4.75398
5.04639
5.39689
3.57736
3.56469
3.5475
3.53136
3.51621
3.50211
3.48905
3.47703
3.46606
3.45612
3.44722
3.43934
3.4325
3.42669
3.42196
3.41833
3.4159
3.41475
3.41505
3.41701
3.4209
3.42708
3.43599
3.4482
3.46438
3.48537
3.51217
3.54597
3.58819
3.64052
3.70493
3.78374
3.87971
3.99606
4.13657
4.30582
4.50916
4.75311
5.0455
5.39602
3.57746
3.56478
3.5476
3.53145
3.5163
3.5022
3.48914
3.47712
3.46615
3.45621
3.4473
3.43942
3.43257
3.42676
3.42202
3.4184
3.41595
3.4148
3.4151
3.41705
3.42094
3.42711
3.43602
3.44822
3.4644
3.48538
3.51218
3.54597
3.58819
3.64052
3.70493
3.78374
3.87969
3.99604
4.13656
4.3058
4.50915
4.75308
5.04546
5.39595
3.57813
3.56546
3.54828
3.53214
3.517
3.5029
3.48984
3.47783
3.46686
3.45692
3.44802
3.44014
3.43329
3.42748
3.42274
3.41911
3.41667
3.41552
3.41581
3.41777
3.42165
3.42782
3.43673
3.44892
3.4651
3.48608
3.51287
3.54667
3.58889
3.64121
3.70562
3.78442
3.88038
3.99673
4.13725
4.30649
4.50983
4.75375
5.04618
5.39669
3.57787
3.56521
3.54803
3.53189
3.51675
3.50265
3.48959
3.47758
3.46661
3.45667
3.44776
3.43989
3.43304
3.42723
3.42249
3.41886
3.41641
3.41526
3.41555
3.4175
3.42138
3.42754
3.43645
3.44864
3.46482
3.4858
3.51259
3.54639
3.5886
3.64093
3.70534
3.78415
3.88012
3.99648
4.137
4.30624
4.50959
4.75355
5.04595
5.39642
3.57629
3.56361
3.54643
3.53028
3.51513
3.50102
3.48796
3.47594
3.46496
3.45502
3.44611
3.43823
3.43138
3.42557
3.42083
3.4172
3.41475
3.41359
3.41389
3.41584
3.41972
3.42589
3.4348
3.44701
3.46319
3.48418
3.51099
3.5448
3.58703
3.63938
3.70381
3.78265
3.87863
3.99501
4.13556
4.30484
4.50819
4.75218
5.04458
5.39517
3.57514
3.56246
3.54527
3.52913
3.51398
3.49987
3.48681
3.47479
3.46381
3.45387
3.44496
3.43708
3.43023
3.42443
3.41969
3.41606
3.41362
3.41247
3.41278
3.41474
3.41864
3.42483
3.43376
3.44598
3.46219
3.48321
3.51005
3.54389
3.58616
3.63855
3.70302
3.78189
3.87792
3.99434
4.13491
4.30422
4.50765
4.75164
5.04411
5.39468
3.57406
3.56138
3.5442
3.52806
3.51291
3.4988
3.48574
3.47373
3.46276
3.45282
3.44392
3.43605
3.42921
3.42341
3.41869
3.41508
3.41265
3.41153
3.41186
3.41384
3.41777
3.42399
3.43296
3.44523
3.46148
3.48255
3.50945
3.54335
3.58568
3.63813
3.70267
3.78162
3.8777
3.99417
4.13485
4.30422
4.50767
4.75175
5.04429
5.39492
3.57206
3.55937
3.54217
3.52601
3.51085
3.49673
3.48366
3.47163
3.46065
3.45071
3.4418
3.43392
3.42708
3.42128
3.41656
3.41296
3.41055
3.40944
3.4098
3.41182
3.41579
3.42207
3.4311
3.44344
3.45978
3.48095
3.50794
3.54196
3.58442
3.63701
3.70168
3.78076
3.877
3.99363
4.13442
4.30391
4.50755
4.75175
5.0444
5.39514
3.57112
3.55852
3.54137
3.52525
3.51012
3.49602
3.48296
3.47093
3.45994
3.44997
3.44104
3.43312
3.42624
3.42039
3.41562
3.41197
3.40952
3.40838
3.40871
3.41075
3.41475
3.42109
3.43023
3.44273
3.45928
3.48073
3.50807
3.54252
3.58548
3.63864
3.70398
3.78381
3.88087
3.99844
4.14023
4.31089
4.51572
4.76128
5.05543
5.40783
3.58851
3.57871
3.5636
3.54958
3.53661
3.52473
3.51393
3.5042
3.49554
3.48795
3.48143
3.47598
3.47163
3.46843
3.46645
3.46578
3.46657
3.469
3.47333
3.47985
3.48897
3.50116
3.51701
3.53724
3.56267
3.59432
3.63338
3.68122
3.7395
3.81011
3.89528
3.99763
4.1202
4.26659
4.44102
4.64854
4.89513
5.18804
5.53606
5.94991
3.59842
3.58825
3.5728
3.55843
3.5451
3.53283
3.52164
3.5115
3.50241
3.49437
3.48738
3.48144
3.47658
3.47284
3.4703
3.46904
3.46921
3.47101
3.47467
3.48052
3.48893
3.5004
3.51552
3.53499
3.55966
3.59053
3.62879
3.67583
3.73327
3.80302
3.88729
3.9887
4.11027
4.25559
4.42888
4.63513
4.88035
5.17174
5.51805
5.92998
3.60193
3.59168
3.57614
3.56169
3.54826
3.53591
3.52461
3.51438
3.50519
3.49704
3.48994
3.48389
3.47891
3.47505
3.47237
3.47098
3.47102
3.47267
3.47619
3.48188
3.49015
3.50147
3.51643
3.53574
3.56026
3.59098
3.62908
3.67597
3.73326
3.80286
3.887
3.98826
4.1097
4.25489
4.42805
4.63419
4.8793
5.17058
5.51681
5.92866
3.60331
3.59304
3.57749
3.56302
3.54958
3.53721
3.5259
3.51565
3.50644
3.49828
3.49115
3.48508
3.48008
3.47619
3.47349
3.47207
3.47208
3.4737
3.47718
3.48284
3.49106
3.50233
3.51725
3.53651
3.56097
3.59163
3.62968
3.67651
3.73374
3.80327
3.88735
3.98855
4.10993
4.25506
4.42816
4.63425
4.8793
5.17053
5.5167
5.9285
3.60394
3.59367
3.57812
3.56365
3.55021
3.53784
3.52653
3.51628
3.50707
3.49891
3.49178
3.48571
3.48071
3.47682
3.47411
3.47269
3.47269
3.47431
3.47778
3.48343
3.49164
3.5029
3.5178
3.53705
3.56149
3.59213
3.63015
3.67694
3.73415
3.80365
3.88769
3.98886
4.11021
4.2553
4.42837
4.63442
4.87943
5.17063
5.51676
5.92854
3.60427
3.59401
3.57846
3.56399
3.55055
3.53818
3.52688
3.51663
3.50743
3.49926
3.49214
3.48607
3.48107
3.47719
3.47448
3.47306
3.47307
3.47469
3.47816
3.48381
3.49202
3.50328
3.51818
3.53742
3.56185
3.59248
3.6305
3.67729
3.73448
3.80397
3.888
3.98915
4.11048
4.25556
4.4286
4.63463
4.87963
5.1708
5.51692
5.92868
3.60449
3.59423
3.57868
3.56421
3.55077
3.53841
3.5271
3.51686
3.50766
3.4995
3.49238
3.48631
3.48131
3.47743
3.47473
3.47331
3.47332
3.47494
3.47842
3.48407
3.49228
3.50355
3.51844
3.53769
3.56212
3.59276
3.63077
3.67756
3.73475
3.80424
3.88826
3.98941
4.11073
4.2558
4.42884
4.63486
4.87985
5.17102
5.51713
5.92888
3.60469
3.59443
3.57888
3.56441
3.55098
3.53861
3.52731
3.51706
3.50786
3.49971
3.49259
3.48652
3.48153
3.47765
3.47495
3.47354
3.47355
3.47517
3.47866
3.48431
3.49252
3.50379
3.51869
3.53794
3.56237
3.59301
3.63103
3.67782
3.73501
3.8045
3.88852
3.98967
4.11099
4.25606
4.4291
4.63512
4.8801
5.17127
5.51738
5.92913
3.60491
3.59465
3.5791
3.56463
3.5512
3.53883
3.52753
3.51729
3.50809
3.49993
3.49282
3.48675
3.48176
3.47788
3.47519
3.47378
3.47379
3.47542
3.4789
3.48456
3.49277
3.50404
3.51895
3.53819
3.56264
3.59327
3.63129
3.67808
3.73528
3.80477
3.88879
3.98994
4.11126
4.25633
4.42937
4.63539
4.88038
5.17154
5.51765
5.9294
3.6051
3.59484
3.57929
3.56483
3.55139
3.53903
3.52773
3.51749
3.50829
3.50013
3.49302
3.48695
3.48196
3.47808
3.47539
3.47398
3.474
3.47563
3.47911
3.48477
3.49299
3.50426
3.51916
3.53841
3.56286
3.5935
3.63152
3.67831
3.7355
3.805
3.88902
3.99017
4.11149
4.25656
4.4296
4.63562
4.88061
5.17178
5.51789
5.92964
3.60522
3.59496
3.57941
3.56494
3.55151
3.53915
3.52785
3.5176
3.5084
3.50025
3.49313
3.48707
3.48207
3.4782
3.4755
3.4741
3.47411
3.47574
3.47923
3.48489
3.49311
3.50438
3.51928
3.53853
3.56298
3.59361
3.63164
3.67843
3.73562
3.80512
3.88914
3.99029
4.11162
4.25669
4.42973
4.63575
4.88074
5.17191
5.51802
5.92978
3.60522
3.59496
3.57941
3.56495
3.55151
3.53915
3.52785
3.5176
3.5084
3.50025
3.49313
3.48706
3.48207
3.4782
3.4755
3.4741
3.47411
3.47574
3.47923
3.48489
3.49311
3.50438
3.51928
3.53853
3.56297
3.59361
3.63163
3.67842
3.73562
3.80511
3.88914
3.99029
4.11162
4.25668
4.42973
4.63575
4.88075
5.17192
5.51803
5.92979
3.60513
3.59487
3.57932
3.56485
3.55141
3.53905
3.52775
3.5175
3.5083
3.50014
3.49303
3.48696
3.48197
3.47809
3.4754
3.47399
3.47401
3.47563
3.47912
3.48478
3.493
3.50426
3.51917
3.53842
3.56286
3.5935
3.63152
3.67831
3.7355
3.805
3.88902
3.99017
4.11149
4.25657
4.42961
4.63564
4.88063
5.1718
5.51792
5.92968
3.60494
3.59468
3.57912
3.56466
3.55122
3.53885
3.52755
3.5173
3.5081
3.49994
3.49282
3.48676
3.48176
3.47788
3.47519
3.47378
3.47379
3.47542
3.4789
3.48456
3.49278
3.50404
3.51895
3.5382
3.56264
3.59327
3.63129
3.67808
3.73527
3.80476
3.88878
3.98994
4.11126
4.25633
4.42937
4.6354
4.88039
5.17156
5.51768
5.92945
3.60465
3.59438
3.57883
3.56436
3.55092
3.53855
3.52725
3.517
3.50779
3.49963
3.49251
3.48644
3.48145
3.47756
3.47487
3.47345
3.47347
3.47509
3.47857
3.48422
3.49244
3.50371
3.51861
3.53785
3.56229
3.59292
3.63094
3.67772
3.73491
3.8044
3.88842
3.98957
4.11089
4.25597
4.42901
4.63504
4.88003
5.1712
5.51732
5.92909
3.60428
3.59401
3.57845
3.56398
3.55054
3.53817
3.52686
3.51661
3.50741
3.49924
3.49212
3.48605
3.48105
3.47717
3.47447
3.47305
3.47306
3.47468
3.47816
3.48381
3.49202
3.50329
3.51818
3.53742
3.56186
3.59249
3.6305
3.67728
3.73447
3.80396
3.88798
3.98913
4.11045
4.25553
4.42857
4.6346
4.87959
5.17076
5.51688
5.92865
3.6039
3.59364
3.57808
3.5636
3.55016
3.53779
3.52648
3.51623
3.50702
3.49886
3.49173
3.48566
3.48066
3.47677
3.47407
3.47265
3.47265
3.47427
3.47775
3.4834
3.49161
3.50287
3.51776
3.537
3.56143
3.59206
3.63006
3.67685
3.73403
3.80352
3.88754
3.98869
4.11001
4.25508
4.42813
4.63415
4.87915
5.17031
5.51643
5.92821
3.60359
3.59332
3.57776
3.56329
3.54985
3.53747
3.52616
3.51591
3.5067
3.49853
3.49141
3.48533
3.48033
3.47644
3.47373
3.47231
3.47231
3.47393
3.4774
3.48305
3.49126
3.50251
3.5174
3.53664
3.56106
3.59168
3.62969
3.67647
3.73365
3.80314
3.88716
3.98831
4.10963
4.2547
4.42774
4.63377
4.87876
5.16992
5.51604
5.92782
3.60332
3.59305
3.57749
3.56302
3.54957
3.53719
3.52588
3.51563
3.50642
3.49825
3.49112
3.48504
3.48004
3.47614
3.47343
3.47201
3.47201
3.47362
3.47709
3.48274
3.49094
3.50219
3.51708
3.53631
3.56073
3.59135
3.62935
3.67613
3.73331
3.8028
3.88681
3.98795
4.10927
4.25434
4.42739
4.63341
4.87841
5.16957
5.51569
5.92746
3.60304
3.59277
3.57721
3.56273
3.54928
3.53691
3.52559
3.51534
3.50612
3.49795
3.49082
3.48474
3.47973
3.47584
3.47313
3.4717
3.4717
3.47331
3.47678
3.48241
3.49061
3.50186
3.51674
3.53597
3.56038
3.591
3.629
3.67578
3.73295
3.80244
3.88645
3.98759
4.10891
4.25398
4.42702
4.63304
4.87804
5.1692
5.51532
5.92709
3.60276
3.59249
3.57692
3.56245
3.549
3.53662
3.52531
3.51504
3.50583
3.49766
3.49052
3.48444
3.47943
3.47553
3.47282
3.47139
3.47138
3.47299
3.47646
3.48209
3.49029
3.50153
3.51641
3.53563
3.56004
3.59066
3.62866
3.67543
3.7326
3.80208
3.88609
3.98723
4.10854
4.25361
4.42664
4.63267
4.87766
5.16882
5.51494
5.9267
3.6025
3.59223
3.57667
3.56219
3.54874
3.53636
3.52504
3.51478
3.50556
3.49739
3.49025
3.48417
3.47916
3.47526
3.47254
3.47111
3.4711
3.4727
3.47617
3.4818
3.48999
3.50123
3.5161
3.53533
3.55974
3.59035
3.62835
3.67511
3.73228
3.80176
3.88576
3.9869
4.10821
4.25327
4.4263
4.63232
4.87731
5.16847
5.51458
5.92635
3.60223
3.59195
3.57639
3.56191
3.54846
3.53609
3.52477
3.51451
3.50529
3.49711
3.48997
3.48389
3.47887
3.47497
3.47226
3.47082
3.47081
3.47241
3.47587
3.48149
3.48968
3.50092
3.5158
3.53502
3.55943
3.59004
3.62803
3.6748
3.73196
3.80144
3.88544
3.98657
4.10788
4.25293
4.42597
4.63199
4.87697
5.16813
5.51424
5.92601
3.60186
3.59159
3.57603
3.56155
3.5481
3.53572
3.52441
3.51414
3.50492
3.49674
3.48961
3.48352
3.4785
3.4746
3.47188
3.47044
3.47043
3.47203
3.47548
3.48111
3.48929
3.50053
3.51541
3.53462
3.55903
3.58964
3.62763
3.67439
3.73155
3.80102
3.88502
3.98615
4.10746
4.25251
4.42555
4.63156
4.87655
5.1677
5.51381
5.92558
3.60141
3.59114
3.57557
3.56109
3.54764
3.53526
3.52394
3.51368
3.50445
3.49627
3.48913
3.48304
3.47803
3.47412
3.4714
3.46996
3.46994
3.47154
3.47499
3.48061
3.4888
3.50003
3.5149
3.53412
3.55852
3.58912
3.62711
3.67387
3.73103
3.8005
3.8845
3.98562
4.10693
4.25198
4.42501
4.63103
4.87601
5.16716
5.51327
5.92503
3.60098
3.5907
3.57514
3.56065
3.5472
3.53482
3.5235
3.51323
3.50401
3.49582
3.48868
3.48259
3.47757
3.47366
3.47094
3.46949
3.46947
3.47106
3.47451
3.48013
3.48832
3.49955
3.51442
3.53363
3.55803
3.58863
3.62662
3.67338
3.73054
3.80001
3.884
3.98513
4.10643
4.25148
4.42451
4.63052
4.8755
5.16665
5.51276
5.92452
3.6008
3.59052
3.57495
3.56047
3.54702
3.53463
3.52331
3.51304
3.50382
3.49563
3.48849
3.4824
3.47738
3.47347
3.47074
3.46929
3.46927
3.47086
3.47431
3.47993
3.48811
3.49934
3.51421
3.53341
3.55782
3.58842
3.6264
3.67315
3.73032
3.79978
3.88377
3.9849
4.10621
4.25125
4.42428
4.63029
4.87526
5.16642
5.51252
5.92429
3.60099
3.59072
3.57515
3.56067
3.54722
3.53483
3.52351
3.51325
3.50402
3.49584
3.4887
3.4826
3.47758
3.47367
3.47094
3.46949
3.46947
3.47106
3.4745
3.48012
3.4883
3.49952
3.51439
3.53359
3.55799
3.58858
3.62656
3.67331
3.73047
3.79993
3.88392
3.98504
4.10635
4.25138
4.42441
4.63041
4.87539
5.16654
5.51264
5.9244
3.60127
3.59099
3.57543
3.56095
3.54749
3.53511
3.52379
3.51353
3.50431
3.49612
3.48898
3.48288
3.47786
3.47395
3.47122
3.46977
3.46975
3.47133
3.47478
3.48039
3.48857
3.49979
3.51465
3.53385
3.55824
3.58883
3.62681
3.67355
3.73071
3.80017
3.88415
3.98526
4.10656
4.2516
4.42461
4.63062
4.87559
5.16672
5.51282
5.92456
3.60103
3.59076
3.57519
3.56071
3.54726
3.53487
3.52356
3.51329
3.50407
3.49588
3.48874
3.48265
3.47762
3.47371
3.47098
3.46953
3.4695
3.47109
3.47453
3.48014
3.48832
3.49954
3.5144
3.5336
3.55799
3.58858
3.62655
3.6733
3.73045
3.79991
3.88389
3.985
4.1063
4.25133
4.42435
4.63035
4.87532
5.16645
5.51255
5.9243
3.6002
3.58992
3.57435
3.55986
3.5464
3.53402
3.52269
3.51242
3.5032
3.49501
3.48786
3.48177
3.47674
3.47282
3.47009
3.46864
3.46861
3.4702
3.47364
3.47925
3.48742
3.49864
3.51349
3.53269
3.55708
3.58767
3.62564
3.67239
3.72954
3.799
3.88298
3.98409
4.10539
4.25042
4.42343
4.62944
4.8744
5.16555
5.51163
5.92339
3.59945
3.58916
3.57359
3.55909
3.54563
3.53324
3.52191
3.51163
3.5024
3.49421
3.48706
3.48095
3.47592
3.472
3.46927
3.46781
3.46778
3.46936
3.47279
3.4784
3.48656
3.49778
3.51263
3.53182
3.55621
3.5868
3.62477
3.67151
3.72866
3.79811
3.88209
3.9832
4.1045
4.24953
4.42254
4.62854
4.87351
5.16464
5.51072
5.92245
3.59955
3.58927
3.57369
3.55919
3.54573
3.53333
3.522
3.51172
3.50249
3.49429
3.48714
3.48103
3.476
3.47207
3.46933
3.46787
3.46784
3.46942
3.47285
3.47845
3.48661
3.49783
3.51267
3.53186
3.55625
3.58683
3.6248
3.67154
3.72868
3.79814
3.88211
3.98322
4.10452
4.24955
4.42256
4.62856
4.87352
5.16463
5.51073
5.92247
3.60024
3.58996
3.57439
3.5599
3.54644
3.53405
3.52272
3.51244
3.50321
3.49502
3.48786
3.48175
3.47672
3.47279
3.47005
3.46859
3.46855
3.47012
3.47355
3.47914
3.4873
3.49851
3.51335
3.53253
3.55691
3.58749
3.62545
3.67219
3.72933
3.79878
3.88275
3.98386
4.10515
4.25018
4.42319
4.62918
4.87414
5.16528
5.51137
5.92311
3.6
3.58972
3.57415
3.55966
3.5462
3.53381
3.52248
3.5122
3.50297
3.49478
3.48762
3.48151
3.47647
3.47255
3.4698
3.46834
3.4683
3.46986
3.47329
3.47888
3.48703
3.49823
3.51307
3.53225
3.55663
3.58721
3.62517
3.6719
3.72905
3.7985
3.88248
3.98359
4.10489
4.24992
4.42293
4.62895
4.87391
5.16504
5.51109
5.92292
3.59843
3.58814
3.57256
3.55806
3.54459
3.5322
3.52086
3.51058
3.50134
3.49314
3.48598
3.47987
3.47483
3.4709
3.46816
3.46669
3.46665
3.46822
3.47164
3.47724
3.4854
3.4966
3.51145
3.53064
3.55503
3.58562
3.6236
3.67035
3.72751
3.79699
3.88099
3.98212
4.10344
4.24849
4.42153
4.62755
4.87253
5.16369
5.50988
5.92157
3.59727
3.58698
3.5714
3.5569
3.54343
3.53103
3.5197
3.50942
3.50018
3.49198
3.48482
3.47871
3.47367
3.46975
3.46701
3.46555
3.46551
3.46709
3.47053
3.47614
3.48431
3.49554
3.5104
3.52962
3.55404
3.58466
3.62266
3.66945
3.72665
3.79616
3.88019
3.98137
4.10273
4.24781
4.42089
4.62695
4.87199
5.16318
5.50933
5.9212
3.59614
3.58585
3.57027
3.55577
3.5423
3.52991
3.51857
3.50829
3.49906
3.49086
3.48371
3.47761
3.47257
3.46866
3.46593
3.46449
3.46447
3.46607
3.46954
3.47518
3.48338
3.49465
3.50956
3.52882
3.55328
3.58396
3.62203
3.66888
3.72614
3.79572
3.87982
3.98105
4.10247
4.24764
4.42078
4.62688
4.87201
5.16329
5.50949
5.92134
3.59399
3.58368
3.56809
3.55358
3.54009
3.52768
3.51633
3.50604
3.49679
3.48859
3.48143
3.47532
3.47029
3.46638
3.46367
3.46224
3.46225
3.46388
3.46738
3.47307
3.48134
3.49267
3.50766
3.52702
3.55159
3.58238
3.62057
3.66755
3.72496
3.79468
3.87893
3.98032
4.1019
4.2472
4.42048
4.62683
4.87199
5.16341
5.50974
5.92168
3.59291
3.58268
3.56712
3.55264
3.53917
3.52676
3.51541
3.5051
3.49584
3.48761
3.48042
3.47428
3.46921
3.46527
3.46253
3.46108
3.46109
3.46275
3.4663
3.47208
3.48047
3.49198
3.50721
3.52686
3.55179
3.58302
3.62173
3.6693
3.72738
3.79787
3.88296
3.98528
4.10789
4.25432
4.42884
4.63642
4.88314
5.1761
5.52419
5.93815
3.618
3.61095
3.59764
3.58546
3.57431
3.56426
3.55528
3.54739
3.54058
3.53486
3.53026
3.52683
3.52462
3.52375
3.52434
3.52657
3.53066
3.53691
3.54568
3.55738
3.57255
3.5918
3.61587
3.64561
3.68206
3.72638
3.77995
3.84437
3.92148
4.01343
4.12271
4.25224
4.4054
4.58618
4.79931
5.05036
5.34603
5.69435
6.1051
6.59016
3.62818
3.62072
3.60703
3.59443
3.58286
3.57236
3.56293
3.55455
3.54723
3.54099
3.53584
3.53183
3.52902
3.52751
3.52745
3.52899
3.53238
3.53791
3.54592
3.55686
3.57123
3.58967
3.61291
3.64182
3.6774
3.72084
3.7735
3.83699
3.91313
4.00407
4.11229
4.24069
4.39266
4.57216
4.78391
5.03346
5.32748
5.67399
6.08273
6.56553
3.63183
3.62427
3.61048
3.59779
3.58612
3.57551
3.56597
3.55748
3.55005
3.54368
3.53841
3.53426
3.53132
3.52968
3.52947
3.53086
3.5341
3.53947
3.54733
3.5581
3.57232
3.59059
3.61367
3.64242
3.67784
3.72112
3.77363
3.83695
3.91294
4.00373
4.1118
4.24006
4.39189
4.57126
4.78287
5.0323
5.3262
5.6726
6.08124
6.56398
3.63322
3.62565
3.61185
3.59914
3.58745
3.57683
3.56727
3.55877
3.55132
3.54493
3.53963
3.53547
3.53251
3.53084
3.5306
3.53196
3.53517
3.5405
3.54832
3.55905
3.57322
3.59145
3.61448
3.64317
3.67854
3.72176
3.77421
3.83748
3.9134
4.00413
4.11214
4.24033
4.3921
4.57142
4.78297
5.03234
5.32619
5.67254
6.08113
6.56381
3.63383
3.62626
3.61246
3.59975
3.58807
3.57745
3.56789
3.55939
3.55194
3.54555
3.54026
3.5361
3.53313
3.53146
3.53122
3.53259
3.53579
3.54112
3.54892
3.55965
3.57381
3.59202
3.61503
3.64371
3.67905
3.72225
3.77467
3.83791
3.91381
4.0045
4.11248
4.24065
4.39238
4.57166
4.78318
5.03251
5.32632
5.67264
6.0812
6.56386
3.63415
3.62658
3.61278
3.60007
3.58839
3.57778
3.56822
3.55973
3.55228
3.5459
3.54061
3.53645
3.53349
3.53183
3.53159
3.53296
3.53616
3.54149
3.5493
3.56003
3.57418
3.5924
3.61541
3.64407
3.67942
3.72261
3.77502
3.83825
3.91413
4.00482
4.11278
4.24093
4.39265
4.57191
4.78341
5.03273
5.32652
5.67282
6.08136
6.56401
3.63435
3.62678
3.61298
3.60028
3.5886
3.57799
3.56844
3.55994
3.5525
3.54612
3.54083
3.53668
3.53373
3.53206
3.53183
3.5332
3.53641
3.54174
3.54956
3.56028
3.57445
3.59266
3.61567
3.64434
3.67969
3.72288
3.77529
3.83852
3.9144
4.00508
4.11304
4.24119
4.3929
4.57215
4.78365
5.03296
5.32675
5.67305
6.08158
6.56423
3.63454
3.62697
3.61317
3.60047
3.58879
3.57818
3.56863
3.56014
3.5527
3.54632
3.54104
3.53689
3.53394
3.53228
3.53205
3.53342
3.53664
3.54197
3.54979
3.56052
3.57469
3.59291
3.61592
3.6446
3.67994
3.72313
3.77555
3.83878
3.91466
4.00534
4.1133
4.24145
4.39316
4.57241
4.78391
5.03322
5.32701
5.67331
6.08185
6.56449
3.63475
3.62718
3.61338
3.60068
3.58901
3.5784
3.56885
3.56036
3.55292
3.54655
3.54127
3.53712
3.53417
3.53251
3.53228
3.53366
3.53688
3.54222
3.55004
3.56078
3.57494
3.59317
3.61618
3.64486
3.68021
3.7234
3.77582
3.83905
3.91494
4.00561
4.11358
4.24172
4.39344
4.57269
4.78419
5.0335
5.3273
5.67359
6.08213
6.56477
3.63494
3.62738
3.61358
3.60088
3.5892
3.57859
3.56905
3.56056
3.55312
3.54675
3.54147
3.53732
3.53437
3.53271
3.53249
3.53387
3.53709
3.54243
3.55026
3.561
3.57517
3.59339
3.61641
3.64509
3.68044
3.72363
3.77605
3.83928
3.91517
4.00585
4.11381
4.24196
4.39368
4.57294
4.78444
5.03375
5.32754
5.67384
6.08238
6.56502
3.63505
3.62749
3.61369
3.60099
3.58931
3.57871
3.56916
3.56067
3.55323
3.54686
3.54158
3.53744
3.53449
3.53283
3.53261
3.53399
3.53721
3.54256
3.55038
3.56112
3.57529
3.59352
3.61654
3.64522
3.68056
3.72376
3.77618
3.83941
3.9153
4.00598
4.11395
4.2421
4.39382
4.57308
4.78458
5.0339
5.32769
5.67399
6.08253
6.56517
3.63506
3.62749
3.6137
3.60099
3.58932
3.57871
3.56917
3.56068
3.55324
3.54687
3.54159
3.53744
3.53449
3.53284
3.53261
3.534
3.53722
3.54256
3.55039
3.56113
3.5753
3.59352
3.61654
3.64522
3.68057
3.72377
3.77619
3.83942
3.91531
4.00599
4.11396
4.24211
4.39383
4.57309
4.78459
5.03391
5.3277
5.674
6.08256
6.5652
3.63497
3.6274
3.6136
3.6009
3.58922
3.57862
3.56907
3.56058
3.55314
3.54677
3.54149
3.53734
3.53439
3.53274
3.53251
3.53389
3.53711
3.54246
3.55028
3.56102
3.57519
3.59342
3.61643
3.64511
3.68046
3.72365
3.77607
3.83931
3.9152
4.00588
4.11385
4.242
4.39371
4.57298
4.78448
5.0338
5.32759
5.6739
6.08245
6.5651
3.63478
3.62722
3.61342
3.60071
3.58904
3.57843
3.56888
3.56039
3.55295
3.54657
3.54129
3.53714
3.53419
3.53253
3.53231
3.53369
3.5369
3.54225
3.55007
3.5608
3.57497
3.59319
3.61621
3.64489
3.68023
3.72343
3.77585
3.83908
3.91496
4.00565
4.11361
4.24176
4.39348
4.57274
4.78424
5.03356
5.32736
5.67367
6.08223
6.56488
3.6345
3.62693
3.61313
3.60042
3.58874
3.57813
3.56858
3.56008
3.55264
3.54627
3.54098
3.53683
3.53387
3.53221
3.53198
3.53336
3.53658
3.54192
3.54973
3.56047
3.57463
3.59285
3.61587
3.64454
3.67988
3.72308
3.77549
3.83872
3.9146
4.00528
4.11325
4.24139
4.39311
4.57238
4.78388
5.0332
5.327
5.67331
6.08188
6.56453
3.63414
3.62656
3.61276
3.60005
3.58837
3.57776
3.5682
3.5597
3.55226
3.54588
3.54059
3.53644
3.53348
3.53182
3.53158
3.53296
3.53617
3.5415
3.54932
3.56005
3.57421
3.59243
3.61544
3.64411
3.67945
3.72264
3.77505
3.83828
3.91416
4.00484
4.1128
4.24095
4.39267
4.57193
4.78344
5.03275
5.32655
5.67287
6.08144
6.56409
3.63377
3.6262
3.61239
3.59968
3.588
3.57738
3.56783
3.55933
3.55188
3.5455
3.54021
3.53605
3.53309
3.53143
3.53119
3.53256
3.53577
3.5411
3.54891
3.55964
3.57379
3.59201
3.61502
3.64368
3.67902
3.72221
3.77462
3.83784
3.91372
4.0044
4.11236
4.24051
4.39223
4.57149
4.783
5.03231
5.32611
5.67243
6.08099
6.56365
3.63347
3.6259
3.61209
3.59938
3.58769
3.57708
3.56752
3.55901
3.55157
3.54518
3.53989
3.53573
3.53277
3.5311
3.53086
3.53222
3.53543
3.54076
3.54857
3.55929
3.57344
3.59165
3.61466
3.64332
3.67865
3.72184
3.77424
3.83746
3.91334
4.00402
4.11198
4.24013
4.39185
4.57111
4.78261
5.03193
5.32573
5.67204
6.08061
6.56327
3.63321
3.62563
3.61182
3.59911
3.58742
3.57681
3.56725
3.55874
3.55129
3.54491
3.53961
3.53545
3.53248
3.53081
3.53057
3.53193
3.53513
3.54045
3.54826
3.55898
3.57313
3.59134
3.61434
3.64299
3.67832
3.7215
3.77391
3.83712
3.913
4.00368
4.11164
4.23978
4.3915
4.57076
4.78227
5.03158
5.32538
5.67169
6.08025
6.56292
3.63294
3.62536
3.61155
3.59884
3.58715
3.57653
3.56697
3.55846
3.55101
3.54462
3.53932
3.53516
3.53219
3.53051
3.53026
3.53162
3.53482
3.54014
3.54795
3.55866
3.57281
3.59101
3.61401
3.64266
3.67798
3.72116
3.77356
3.83678
3.91265
4.00333
4.11128
4.23943
4.39114
4.5704
4.7819
5.03121
5.32501
5.67132
6.07988
6.56254
3.63267
3.62509
3.61128
3.59856
3.58687
3.57625
3.56669
3.55818
3.55072
3.54433
3.53903
3.53487
3.53189
3.53021
3.52996
3.53132
3.53451
3.53983
3.54763
3.55834
3.57249
3.59068
3.61367
3.64232
3.67764
3.72082
3.77322
3.83643
3.9123
4.00297
4.11092
4.23906
4.39077
4.57003
4.78154
5.03084
5.32464
5.67094
6.07951
6.56216
3.63242
3.62484
3.61103
3.59831
3.58662
3.576
3.56643
3.55792
3.55046
3.54407
3.53877
3.5346
3.53162
3.52994
3.52969
3.53104
3.53423
3.53955
3.54734
3.55805
3.57219
3.59038
3.61337
3.64202
3.67734
3.72051
3.77291
3.83612
3.91198
4.00265
4.1106
4.23874
4.39044
4.56969
4.7812
5.0305
5.3243
5.6706
6.07916
6.56182
3.63216
3.62458
3.61077
3.59805
3.58636
3.57573
3.56617
3.55765
3.55019
3.5438
3.5385
3.53432
3.53135
3.52966
3.5294
3.53075
3.53394
3.53926
3.54705
3.55775
3.57189
3.59008
3.61307
3.64171
3.67703
3.7202
3.77259
3.8358
3.91166
4.00232
4.11027
4.23841
4.39011
4.56936
4.78086
5.03016
5.32395
5.67025
6.07881
6.56147
3.63181
3.62423
3.61042
3.5977
3.58601
3.57538
3.56582
3.5573
3.54984
3.54344
3.53814
3.53396
3.53098
3.52929
3.52904
3.53038
3.53357
3.53888
3.54667
3.55737
3.5715
3.58969
3.61268
3.64132
3.67664
3.7198
3.77219
3.83539
3.91125
4.00191
4.10985
4.23799
4.38968
4.56893
4.78043
5.02973
5.32352
5.66982
6.07838
6.56102
3.63136
3.62378
3.60997
3.59725
3.58556
3.57493
3.56536
3.55684
3.54938
3.54298
3.53767
3.53349
3.53051
3.52882
3.52856
3.5299
3.53309
3.53839
3.54618
3.55687
3.571
3.58919
3.61218
3.64082
3.67613
3.7193
3.77168
3.83488
3.91074
4.0014
4.10934
4.23747
4.38916
4.56841
4.77991
5.0292
5.32299
5.66929
6.07784
6.56049
3.63094
3.62336
3.60954
3.59682
3.58512
3.57449
3.56492
3.5564
3.54893
3.54253
3.53722
3.53304
3.53006
3.52836
3.5281
3.52944
3.53262
3.53792
3.54571
3.5564
3.57053
3.58872
3.6117
3.64034
3.67565
3.71881
3.7712
3.8344
3.91026
4.00091
4.10885
4.23698
4.38867
4.56791
4.77941
5.0287
5.32249
5.66879
6.07734
6.55999
3.63076
3.62318
3.60936
3.59664
3.58494
3.57431
3.56474
3.55622
3.54875
3.54235
3.53703
3.53285
3.52987
3.52817
3.52791
3.52925
3.53242
3.53772
3.5455
3.5562
3.57032
3.58851
3.61149
3.64012
3.67543
3.71859
3.77097
3.83417
3.91002
4.00067
4.10861
4.23674
4.38843
4.56767
4.77916
5.02845
5.32224
5.66853
6.07708
6.55973
3.63096
3.62338
3.60957
3.59684
3.58515
3.57452
3.56495
3.55643
3.54896
3.54255
3.53724
3.53306
3.53007
3.52837
3.52811
3.52944
3.53262
3.53791
3.54569
3.55638
3.57051
3.58869
3.61166
3.64029
3.6756
3.71875
3.77113
3.83432
3.91018
4.00082
4.10875
4.23688
4.38856
4.5678
4.77929
5.02858
5.32236
5.66864
6.07719
6.55982
3.63124
3.62366
3.60985
3.59712
3.58543
3.5748
3.56523
3.55671
3.54924
3.54284
3.53753
3.53334
3.53035
3.52866
3.52839
3.52972
3.53289
3.53819
3.54596
3.55665
3.57077
3.58895
3.61192
3.64055
3.67585
3.719
3.77138
3.83456
3.91041
4.00105
4.10898
4.2371
4.38878
4.56801
4.7795
5.02879
5.32256
5.66884
6.07738
6.56001
3.63101
3.62343
3.60962
3.59689
3.5852
3.57457
3.565
3.55648
3.54901
3.5426
3.53729
3.5331
3.53011
3.52841
3.52814
3.52948
3.53265
3.53794
3.54572
3.5564
3.57052
3.5887
3.61166
3.64029
3.67559
3.71873
3.7711
3.83429
3.91014
4.00077
4.1087
4.23682
4.38849
4.56773
4.77921
5.02849
5.32226
5.66854
6.07707
6.55972
3.63018
3.6226
3.60877
3.59605
3.58435
3.57371
3.56414
3.55561
3.54814
3.54173
3.53642
3.53223
3.52923
3.52753
3.52726
3.52859
3.53176
3.53705
3.54482
3.5555
3.56962
3.58779
3.61075
3.63938
3.67467
3.71782
3.77019
3.83337
3.90922
3.99985
4.10778
4.2359
4.38757
4.5668
4.77828
5.02756
5.32133
5.6676
6.07613
6.55874
3.62944
3.62185
3.60802
3.59528
3.58358
3.57294
3.56336
3.55483
3.54735
3.54094
3.53561
3.53142
3.52842
3.52672
3.52644
3.52776
3.53093
3.53622
3.54399
3.55467
3.56878
3.58695
3.60991
3.63854
3.67383
3.71698
3.76934
3.83253
3.90837
3.99901
4.10693
4.23505
4.38672
4.56595
4.77743
5.0267
5.32047
5.66673
6.07527
6.55789
3.62955
3.62196
3.60813
3.59539
3.58368
3.57304
3.56346
3.55492
3.54744
3.54103
3.5357
3.5315
3.5285
3.52679
3.52651
3.52783
3.53099
3.53628
3.54404
3.55471
3.56882
3.58698
3.60994
3.63855
3.67384
3.71698
3.76935
3.83253
3.90837
3.999
4.10692
4.23503
4.3867
4.56593
4.7774
5.02667
5.32043
5.66671
6.07525
6.55791
3.63026
3.62267
3.60884
3.59611
3.5844
3.57376
3.56418
3.55565
3.54817
3.54175
3.53642
3.53222
3.52922
3.5275
3.52722
3.52854
3.53169
3.53697
3.54472
3.55539
3.56949
3.58765
3.61059
3.6392
3.67448
3.71762
3.76998
3.83315
3.90899
3.99962
4.10753
4.23564
4.38731
4.56653
4.77799
5.02727
5.32103
5.66731
6.0758
6.5584
3.63003
3.62244
3.60862
3.59588
3.58418
3.57354
3.56396
3.55542
3.54794
3.54152
3.53619
3.53199
3.52898
3.52727
3.52698
3.52829
3.53145
3.53672
3.54447
3.55513
3.56923
3.58739
3.61033
3.63894
3.67422
3.71735
3.76971
3.83289
3.90873
3.99936
4.10728
4.2354
4.38706
4.56629
4.77777
5.02705
5.32082
5.66709
6.07568
6.55832
3.62847
3.62088
3.60704
3.5943
3.58259
3.57194
3.56236
3.55382
3.54633
3.53991
3.53457
3.53036
3.52735
3.52563
3.52534
3.52666
3.52981
3.53508
3.54283
3.5535
3.5676
3.58576
3.60871
3.63733
3.67262
3.71577
3.76814
3.83134
3.9072
3.99785
4.10578
4.23392
4.38561
4.56486
4.77635
5.02564
5.31947
5.66575
6.07429
6.55699
3.62732
3.61972
3.60589
3.59314
3.58143
3.57078
3.56119
3.55265
3.54516
3.53874
3.5334
3.52919
3.52618
3.52447
3.52418
3.5255
3.52866
3.53394
3.54171
3.55239
3.56651
3.58469
3.60766
3.6363
3.67162
3.7148
3.76721
3.83044
3.90633
3.99701
4.105
4.23317
4.38489
4.56417
4.77572
5.02507
5.31887
5.66525
6.07385
6.5565
3.62615
3.61855
3.60471
3.59196
3.58025
3.5696
3.56001
3.55147
3.54398
3.53756
3.53223
3.52803
3.52503
3.52332
3.52305
3.52439
3.52757
3.53288
3.54067
3.55139
3.56554
3.58377
3.60679
3.63548
3.67086
3.7141
3.76656
3.82985
3.90582
3.99657
4.10461
4.23284
4.38465
4.56401
4.77558
5.02501
5.3189
5.66527
6.07393
6.55667
3.62386
3.61623
3.60238
3.58962
3.57788
3.56721
3.55761
3.54906
3.54156
3.53514
3.5298
3.52561
3.52261
3.52092
3.52067
3.52204
3.52526
3.53061
3.53847
3.54925
3.56349
3.5818
3.60492
3.63373
3.66923
3.7126
3.76521
3.82866
3.90477
3.99568
4.1039
4.2323
4.38426
4.56378
4.77555
5.02508
5.31915
5.66566
6.07442
6.55724
3.62263
3.61509
3.60125
3.5885
3.57677
3.56609
3.55647
3.5479
3.54037
3.53392
3.52856
3.52434
3.52134
3.51965
3.51942
3.52084
3.52413
3.5296
3.53761
3.54859
3.56309
3.58173
3.60525
3.63452
3.67057
3.71456
3.76788
3.83211
3.90911
4.00098
4.11024
4.2398
4.39301
4.57385
4.78709
5.03821
5.33395
5.68237
6.09324
6.57843
3.65668
3.65271
3.64135
3.63107
3.62182
3.61365
3.60656
3.60058
3.59573
3.59207
3.58968
3.58864
3.58911
3.59125
3.59528
3.60149
3.6102
3.62181
3.6368
3.65573
3.67926
3.70814
3.74328
3.78568
3.83654
3.89722
3.96927
4.05451
4.155
4.27317
4.41179
4.57411
4.76392
4.98568
5.24462
5.547
5.90024
6.31329
6.79696
7.36438
3.66703
3.66257
3.65076
3.64001
3.63026
3.62157
3.61393
3.60738
3.60194
3.59766
3.59461
3.5929
3.59266
3.59407
3.59734
3.60276
3.61066
3.62144
3.63558
3.65363
3.67626
3.70423
3.73842
3.77986
3.82973
3.88938
3.96037
4.04451
4.14386
4.26083
4.39818
4.55915
4.74752
4.96773
5.22501
5.52558
5.87685
6.28774
6.76904
7.33383
3.67076
3.6662
3.65428
3.64342
3.63356
3.62474
3.61699
3.61031
3.60473
3.60032
3.59713
3.59527
3.59488
3.59614
3.59925
3.60451
3.61225
3.62286
3.63682
3.65471
3.67717
3.70497
3.73899
3.78026
3.82996
3.88945
3.96028
4.04425
4.14345
4.26025
4.39745
4.55827
4.74649
4.96655
5.22369
5.52412
5.87527
6.28605
6.76725
7.33197
3.67215
3.66758
3.65564
3.64477
3.63489
3.62606
3.61829
3.61159
3.606
3.60157
3.59836
3.59648
3.59607
3.59729
3.60038
3.60561
3.61331
3.62388
3.63781
3.65565
3.67806
3.70581
3.73978
3.781
3.83065
3.89007
3.96084
4.04476
4.14389
4.26063
4.39777
4.55853
4.74669
4.9667
5.22378
5.52415
5.87524
6.28597
6.76713
7.33181
3.67274
3.66817
3.65623
3.64536
3.63549
3.62666
3.6189
3.6122
3.60661
3.60218
3.59897
3.5971
3.59669
3.59792
3.601
3.60623
3.61392
3.62449
3.63841
3.65624
3.67864
3.70637
3.74032
3.78152
3.83115
3.89055
3.9613
4.04518
4.14429
4.261
4.3981
4.55883
4.74696
4.96693
5.22398
5.52432
5.87538
6.28608
6.76721
7.33185
3.67303
3.66846
3.65653
3.64566
3.63579
3.62697
3.61921
3.61252
3.60694
3.60251
3.59931
3.59744
3.59704
3.59827
3.60136
3.60659
3.61429
3.62486
3.63878
3.65661
3.67901
3.70674
3.74069
3.78189
3.83151
3.8909
3.96164
4.04552
4.1446
4.2613
4.39839
4.5591
4.74722
4.96717
5.22421
5.52453
5.87558
6.28627
6.76739
7.33201
3.67321
3.66865
3.65672
3.64585
3.63598
3.62717
3.61941
3.61273
3.60715
3.60272
3.59953
3.59766
3.59726
3.5985
3.6016
3.60683
3.61453
3.62511
3.63903
3.65687
3.67927
3.707
3.74096
3.78216
3.83177
3.89117
3.96191
4.04578
4.14487
4.26156
4.39865
4.55936
4.74747
4.96742
5.22445
5.52478
5.87582
6.2865
6.76762
7.33223
3.67339
3.66883
3.6569
3.64604
3.63617
3.62736
3.6196
3.61292
3.60734
3.60292
3.59973
3.59786
3.59747
3.59871
3.60181
3.60705
3.61476
3.62534
3.63927
3.65711
3.67951
3.70725
3.74121
3.78241
3.83203
3.89143
3.96217
4.04604
4.14513
4.26182
4.39891
4.55962
4.74773
4.96769
5.22472
5.52504
5.87609
6.28677
6.76788
7.33249
3.6736
3.66903
3.6571
3.64624
3.63638
3.62757
3.61981
3.61313
3.60756
3.60314
3.59995
3.59809
3.5977
3.59894
3.60205
3.60729
3.615
3.62558
3.63952
3.65736
3.67977
3.70751
3.74147
3.78267
3.8323
3.8917
3.96244
4.04631
4.1454
4.2621
4.39919
4.5599
4.74802
4.96797
5.225
5.52533
5.87637
6.28706
6.76817
7.33278
3.67379
3.66922
3.65729
3.64643
3.63657
3.62776
3.62001
3.61333
3.60775
3.60334
3.60015
3.5983
3.5979
3.59915
3.60226
3.6075
3.61522
3.6258
3.63974
3.65759
3.68
3.70774
3.7417
3.78291
3.83253
3.89193
3.96267
4.04655
4.14564
4.26234
4.39943
4.56015
4.74827
4.96822
5.22526
5.52558
5.87663
6.28731
6.76842
7.33304
3.6739
3.66933
3.6574
3.64655
3.63668
3.62787
3.62012
3.61344
3.60787
3.60345
3.60027
3.59841
3.59802
3.59927
3.60238
3.60762
3.61534
3.62593
3.63987
3.65771
3.68013
3.70787
3.74184
3.78304
3.83267
3.89207
3.96281
4.04669
4.14578
4.26249
4.39958
4.5603
4.74842
4.96837
5.22541
5.52573
5.87678
6.28747
6.76858
7.33319
3.6739
3.66934
3.65741
3.64655
3.63669
3.62788
3.62013
3.61345
3.60788
3.60346
3.60028
3.59842
3.59803
3.59928
3.60239
3.60763
3.61535
3.62594
3.63987
3.65772
3.68014
3.70788
3.74184
3.78305
3.83268
3.89208
3.96282
4.04671
4.1458
4.2625
4.3996
4.56032
4.74844
4.96839
5.22543
5.52576
5.87681
6.2875
6.76861
7.33322
3.67381
3.66925
3.65732
3.64646
3.6366
3.62779
3.62004
3.61336
3.60778
3.60337
3.60018
3.59833
3.59793
3.59918
3.60229
3.60753
3.61525
3.62584
3.63977
3.65762
3.68003
3.70778
3.74174
3.78294
3.83257
3.89197
3.96272
4.0466
4.1457
4.2624
4.3995
4.56021
4.74834
4.96829
5.22533
5.52566
5.87671
6.28741
6.76852
7.33313
3.67364
3.66907
3.65714
3.64628
3.63642
3.6276
3.61985
3.61317
3.60759
3.60317
3.59999
3.59813
3.59774
3.59898
3.60209
3.60733
3.61504
3.62563
3.63956
3.65741
3.67982
3.70756
3.74152
3.78272
3.83235
3.89175
3.96249
4.04638
4.14547
4.26217
4.39927
4.55998
4.74811
4.96807
5.22511
5.52544
5.87649
6.28719
6.7683
7.33292
3.67336
3.66879
3.65686
3.646
3.63613
3.62732
3.61956
3.61287
3.6073
3.60287
3.59968
3.59782
3.59743
3.59867
3.60177
3.60701
3.61472
3.6253
3.63923
3.65707
3.67948
3.70722
3.74117
3.78238
3.832
3.8914
3.96215
4.04602
4.14511
4.26182
4.39891
4.55963
4.74775
4.96771
5.22475
5.52509
5.87614
6.28685
6.76796
7.33258
3.67301
3.66844
3.6565
3.64564
3.63577
3.62695
3.61919
3.6125
3.60692
3.6025
3.5993
3.59744
3.59704
3.59828
3.60138
3.60661
3.61432
3.62489
3.63882
3.65665
3.67906
3.70679
3.74075
3.78195
3.83157
3.89097
3.96171
4.04559
4.14468
4.26138
4.39847
4.55919
4.74731
4.96727
5.22431
5.52465
5.87571
6.28642
6.76754
7.33215
3.67266
3.66808
3.65615
3.64528
3.63541
3.62659
3.61883
3.61213
3.60655
3.60212
3.59893
3.59706
3.59665
3.59789
3.60098
3.60622
3.61392
3.62449
3.63841
3.65624
3.67865
3.70638
3.74033
3.78153
3.83115
3.89055
3.96128
4.04515
4.14424
4.26094
4.39803
4.55875
4.74687
4.96683
5.22387
5.52421
5.87527
6.28599
6.76711
7.33172
3.67236
3.66779
3.65585
3.64498
3.63511
3.62629
3.61852
3.61183
3.60624
3.60181
3.59861
3.59674
3.59633
3.59756
3.60066
3.60588
3.61358
3.62415
3.63807
3.6559
3.67829
3.70603
3.73997
3.78117
3.83078
3.89017
3.96091
4.04478
4.14386
4.26056
4.39765
4.55837
4.74649
4.96645
5.22349
5.52383
5.87489
6.2856
6.76673
7.33134
3.67211
3.66754
3.6556
3.64473
3.63485
3.62602
3.61826
3.61156
3.60597
3.60154
3.59834
3.59646
3.59605
3.59728
3.60036
3.60559
3.61328
3.62384
3.63776
3.65559
3.67798
3.70571
3.73965
3.78084
3.83045
3.88984
3.96056
4.04443
4.14352
4.26021
4.3973
4.55802
4.74613
4.9661
5.22313
5.52347
5.87453
6.28524
6.76637
7.33098
3.67185
3.66728
3.65534
3.64446
3.63458
3.62576
3.61799
3.61129
3.60569
3.60126
3.59805
3.59618
3.59576
3.59698
3.60007
3.60528
3.61297
3.62353
3.63745
3.65527
3.67766
3.70538
3.73932
3.7805
3.83011
3.88949
3.96022
4.04409
4.14317
4.25986
4.39695
4.55766
4.74578
4.96574
5.22277
5.52311
5.87416
6.28487
6.76599
7.33061
3.6716
3.66702
3.65507
3.6442
3.63432
3.62549
3.61771
3.61101
3.60542
3.60098
3.59777
3.59589
3.59547
3.59669
3.59977
3.60498
3.61267
3.62323
3.63714
3.65496
3.67734
3.70506
3.73899
3.78017
3.82977
3.88915
3.95988
4.04374
4.14282
4.25951
4.3966
4.55731
4.74542
4.96538
5.22241
5.52275
5.8738
6.28451
6.76562
7.33024
3.67136
3.66678
3.65483
3.64396
3.63407
3.62524
3.61746
3.61076
3.60516
3.60072
3.59751
3.59563
3.5952
3.59642
3.59949
3.6047
3.61239
3.62294
3.63685
3.65466
3.67705
3.70476
3.73869
3.77986
3.82946
3.88884
3.95956
4.04342
4.1425
4.25918
4.39626
4.55697
4.74508
4.96504
5.22207
5.5224
5.87345
6.28416
6.76527
7.32989
3.67111
3.66653
3.65458
3.6437
3.63382
3.62499
3.61721
3.6105
3.6049
3.60046
3.59724
3.59536
3.59493
3.59614
3.59921
3.60442
3.6121
3.62265
3.63656
3.65437
3.67674
3.70445
3.73838
3.77955
3.82915
3.88853
3.95924
4.0431
4.14217
4.25885
4.39593
4.55663
4.74474
4.9647
5.22172
5.52205
5.8731
6.2838
6.76492
7.32952
3.67077
3.66619
3.65424
3.64336
3.63348
3.62464
3.61686
3.61016
3.60455
3.60011
3.59689
3.595
3.59457
3.59578
3.59885
3.60406
3.61173
3.62228
3.63618
3.65399
3.67636
3.70407
3.73799
3.77916
3.82876
3.88813
3.95884
4.0427
4.14177
4.25845
4.39552
4.55622
4.74432
4.96428
5.2213
5.52163
5.87267
6.28338
6.76449
7.32909
3.67033
3.66575
3.65381
3.64293
3.63304
3.6242
3.61642
3.60971
3.6041
3.59965
3.59643
3.59454
3.59411
3.59532
3.59838
3.60358
3.61126
3.6218
3.63569
3.6535
3.67587
3.70357
3.7375
3.77867
3.82826
3.88763
3.95834
4.0422
4.14126
4.25794
4.39501
4.55571
4.74381
4.96377
5.22078
5.52111
5.87215
6.28285
6.76396
7.32857
3.66992
3.66533
3.65338
3.6425
3.63261
3.62377
3.61599
3.60927
3.60366
3.59921
3.59599
3.59409
3.59366
3.59487
3.59793
3.60313
3.6108
3.62134
3.63523
3.65303
3.6754
3.7031
3.73703
3.77819
3.82778
3.88715
3.95786
4.04171
4.14077
4.25744
4.39452
4.55521
4.74331
4.96326
5.22027
5.5206
5.87164
6.28234
6.76345
7.32805
3.66975
3.66516
3.65321
3.64233
3.63244
3.6236
3.61581
3.6091
3.60348
3.59903
3.5958
3.59391
3.59347
3.59468
3.59774
3.60293
3.6106
3.62114
3.63503
3.65283
3.67519
3.70289
3.73681
3.77798
3.82756
3.88693
3.95764
4.04149
4.14054
4.25721
4.39428
4.55497
4.74307
4.96302
5.22003
5.52035
5.8714
6.28208
6.76319
7.32778
3.66995
3.66537
3.65342
3.64254
3.63265
3.62381
3.61602
3.6093
3.60369
3.59924
3.59601
3.59411
3.59368
3.59488
3.59794
3.60313
3.61079
3.62133
3.63521
3.65301
3.67537
3.70307
3.73699
3.77815
3.82773
3.88709
3.9578
4.04164
4.1407
4.25736
4.39443
4.55511
4.74321
4.96316
5.22016
5.52048
5.87151
6.2822
6.7633
7.32789
3.67023
3.66565
3.6537
3.64282
3.63293
3.62409
3.61631
3.60959
3.60398
3.59952
3.5963
3.5944
3.59396
3.59516
3.59821
3.6034
3.61106
3.6216
3.63548
3.65327
3.67563
3.70332
3.73723
3.77839
3.82797
3.88732
3.95802
4.04186
4.14091
4.25757
4.39463
4.55531
4.74339
4.96334
5.22034
5.52065
5.87167
6.28236
6.76345
7.32805
3.67001
3.66543
3.65348
3.6426
3.63271
3.62387
3.61608
3.60936
3.60375
3.59929
3.59606
3.59416
3.59372
3.59492
3.59797
3.60316
3.61082
3.62134
3.63522
3.65301
3.67537
3.70306
3.73696
3.77812
3.82769
3.88704
3.95773
4.04157
4.14061
4.25727
4.39433
4.555
4.74309
4.96303
5.22002
5.52032
5.87135
6.28202
6.76311
7.32767
3.66919
3.6646
3.65264
3.64175
3.63186
3.62302
3.61522
3.6085
3.60289
3.59842
3.59519
3.59329
3.59284
3.59404
3.59709
3.60227
3.60993
3.62045
3.63433
3.65212
3.67448
3.70217
3.73607
3.77723
3.8268
3.88615
3.95685
4.04068
4.13972
4.25638
4.39344
4.55412
4.7422
4.96213
5.21913
5.51943
5.87046
6.28111
6.7622
7.32678
3.66845
3.66385
3.65189
3.64099
3.63109
3.62224
3.61445
3.60772
3.6021
3.59763
3.5944
3.59249
3.59204
3.59323
3.59627
3.60146
3.60911
3.61963
3.63351
3.65129
3.67365
3.70133
3.73523
3.77638
3.82595
3.8853
3.95599
4.03982
4.13886
4.25552
4.39257
4.55324
4.74132
4.96126
5.21824
5.51855
5.86956
6.28024
6.76133
7.32595
3.66857
3.66397
3.652
3.64111
3.6312
3.62235
3.61455
3.60782
3.60219
3.59772
3.59448
3.59257
3.59212
3.5933
3.59634
3.60152
3.60916
3.61968
3.63354
3.65132
3.67367
3.70135
3.73524
3.77638
3.82595
3.88529
3.95598
4.0398
4.13884
4.25549
4.39254
4.55321
4.74129
4.96121
5.21819
5.51849
5.8695
6.28019
6.76124
7.32578
3.66929
3.66469
3.65273
3.64183
3.63193
3.62308
3.61528
3.60855
3.60292
3.59845
3.59521
3.59329
3.59283
3.59401
3.59704
3.60222
3.60986
3.62037
3.63423
3.652
3.67434
3.70201
3.7359
3.77704
3.8266
3.88594
3.95662
4.04044
4.13947
4.25612
4.39317
4.55383
4.7419
4.96182
5.21881
5.51911
5.87013
6.28078
6.76188
7.32651
3.66908
3.66449
3.65253
3.64163
3.63173
3.62287
3.61507
3.60834
3.60271
3.59823
3.59498
3.59306
3.5926
3.59377
3.5968
3.60196
3.6096
3.6201
3.63395
3.65172
3.67405
3.70172
3.7356
3.77673
3.82629
3.88562
3.9563
4.04013
4.13916
4.25581
4.39286
4.55353
4.7416
4.96154
5.21853
5.51882
5.86984
6.28052
6.76164
7.32614
3.66755
3.66294
3.65097
3.64007
3.63016
3.6213
3.61349
3.60675
3.60112
3.59664
3.59338
3.59145
3.59099
3.59216
3.59519
3.60035
3.60798
3.61849
3.63235
3.65012
3.67246
3.70013
3.73402
3.77517
3.82473
3.88408
3.95478
4.03862
4.13767
4.25434
4.39141
4.5521
4.74019
4.96014
5.21715
5.51748
5.86851
6.27926
6.76031
7.32497
3.66641
3.6618
3.64983
3.63892
3.629
3.62014
3.61233
3.60559
3.59995
3.59546
3.5922
3.59027
3.58981
3.59098
3.59401
3.59918
3.60682
3.61734
3.63121
3.64899
3.67135
3.69904
3.73296
3.77413
3.82373
3.88311
3.95384
4.03771
4.13679
4.2535
4.3906
4.55132
4.73945
4.95945
5.21648
5.51684
5.86795
6.27865
6.75979
7.3244
3.6652
3.66059
3.64861
3.6377
3.62778
3.61891
3.61109
3.60435
3.59872
3.59424
3.59098
3.58906
3.58861
3.5898
3.59285
3.59804
3.60571
3.61626
3.63016
3.64798
3.67039
3.69813
3.73209
3.77332
3.82298
3.88242
3.95321
4.03715
4.13631
4.25307
4.39024
4.55104
4.73924
4.95928
5.2164
5.51686
5.86795
6.27876
6.75993
7.32462
3.66277
3.65814
3.64614
3.6352
3.62526
3.61637
3.60855
3.60179
3.59615
3.59167
3.58842
3.5865
3.58607
3.58728
3.59037
3.59561
3.60333
3.61394
3.62792
3.64584
3.66834
3.69619
3.73029
3.77165
3.82145
3.88105
3.952
4.03611
4.13544
4.25239
4.38974
4.5507
4.73909
4.95932
5.21662
5.51715
5.86847
6.27938
6.76071
7.32555
3.66142
3.65685
3.64485
3.63391
3.62396
3.61505
3.6072
3.60043
3.59476
3.59027
3.58701
3.58512
3.58472
3.586
3.58918
3.59456
3.60248
3.61334
3.62762
3.64589
3.66883
3.6972
3.73188
3.77391
3.82447
3.88491
3.95679
4.04192
4.14236
4.2605
4.39915
4.56152
4.75138
4.97325
5.23222
5.53471
5.88801
6.30117
6.78493
7.35233
3.70591
3.70536
3.69606
3.68782
3.68056
3.67439
3.66935
3.66551
3.66297
3.66183
3.66225
3.6644
3.66853
3.6749
3.68383
3.69571
3.711
3.73021
3.75395
3.7829
3.81787
3.85975
3.9096
3.96859
4.03808
4.11961
4.21494
4.32612
4.45548
4.6057
4.77991
4.98173
5.21541
5.48592
5.79913
6.16199
6.58275
7.07132
7.63962
8.30199
3.71624
3.71512
3.7053
3.69649
3.68865
3.68186
3.67618
3.67167
3.66842
3.66654
3.66619
3.66756
3.67086
3.67637
3.68443
3.69541
3.70976
3.72802
3.75077
3.77871
3.81264
3.85346
3.90221
3.96007
4.0284
4.10871
4.2028
4.31266
4.44063
4.5894
4.76206
4.96225
5.19419
5.46283
5.77403
6.1347
6.55311
7.03913
7.60463
8.26395
3.72
3.71877
3.70882
3.69989
3.69192
3.685
3.67918
3.67453
3.67113
3.6691
3.6686
3.6698
3.67294
3.67828
3.68617
3.69697
3.71115
3.72922
3.75179
3.77956
3.81331
3.85395
3.90253
3.96021
4.02836
4.1085
4.20241
4.3121
4.43991
4.5885
4.761
4.96103
5.1928
5.46129
5.77233
6.13286
6.55114
7.03704
7.60245
8.26169
3.72137
3.72013
3.71016
3.70122
3.69323
3.6863
3.68047
3.6758
3.67238
3.67034
3.66981
3.67099
3.6741
3.67942
3.68728
3.69805
3.71219
3.73023
3.75275
3.78047
3.81418
3.85477
3.90329
3.96092
4.02901
4.10909
4.20294
4.31258
4.44032
4.58885
4.7613
4.96126
5.19297
5.4614
5.77239
6.13287
6.5511
7.03695
7.60232
8.26151
3.72192
3.72068
3.71073
3.70179
3.69381
3.68688
3.68105
3.67639
3.67298
3.67094
3.67042
3.6716
3.67471
3.68004
3.68789
3.69866
3.7128
3.73083
3.75335
3.78105
3.81474
3.85532
3.90382
3.96143
4.0295
4.10956
4.20338
4.31299
4.4407
4.58921
4.76162
4.96155
5.19323
5.46163
5.77259
6.13304
6.55124
7.03706
7.6024
8.26156
3.72219
3.72096
3.711
3.70207
3.6941
3.68717
3.68135
3.67669
3.67329
3.67126
3.67074
3.67193
3.67505
3.68038
3.68824
3.69902
3.71316
3.73119
3.75371
3.78142
3.81511
3.85569
3.90419
3.96179
4.02985
4.10991
4.20372
4.31331
4.44101
4.58951
4.7619
4.96182
5.19349
5.46188
5.77282
6.13326
6.55145
7.03726
7.60258
8.26173
3.72236
3.72113
3.71118
3.70225
3.69428
3.68736
3.68154
3.67689
3.67349
3.67146
3.67095
3.67215
3.67527
3.68061
3.68847
3.69926
3.7134
3.73144
3.75397
3.78168
3.81537
3.85595
3.90445
3.96206
4.03012
4.11017
4.20399
4.31358
4.44128
4.58977
4.76216
4.96208
5.19375
5.46213
5.77308
6.13351
6.5517
7.0375
7.60282
8.26196
3.72253
3.7213
3.71135
3.70242
3.69445
3.68754
3.68173
3.67707
3.67368
3.67165
3.67115
3.67235
3.67548
3.68082
3.68869
3.69948
3.71363
3.73167
3.7542
3.78192
3.81562
3.8562
3.9047
3.96231
4.03038
4.11044
4.20425
4.31384
4.44154
4.59003
4.76243
4.96235
5.19402
5.46241
5.77335
6.13379
6.55197
7.03778
7.60309
8.26224
3.72273
3.7215
3.71155
3.70263
3.69466
3.68775
3.68193
3.67729
3.67389
3.67187
3.67137
3.67258
3.67571
3.68105
3.68893
3.69972
3.71387
3.73192
3.75445
3.78218
3.81588
3.85646
3.90497
3.96258
4.03065
4.11071
4.20452
4.31412
4.44182
4.59032
4.76272
4.96264
5.19431
5.4627
5.77364
6.13408
6.55226
7.03807
7.60338
8.26255
3.72291
3.72169
3.71174
3.70281
3.69485
3.68794
3.68213
3.67748
3.67409
3.67207
3.67157
3.67278
3.67592
3.68126
3.68914
3.69993
3.71409
3.73214
3.75467
3.7824
3.8161
3.85669
3.9052
3.96282
4.03089
4.11095
4.20476
4.31436
4.44207
4.59056
4.76297
4.96289
5.19456
5.46295
5.77389
6.13433
6.55252
7.03833
7.60365
8.26282
3.72302
3.72179
3.71185
3.70292
3.69496
3.68805
3.68224
3.67759
3.6742
3.67218
3.67169
3.6729
3.67604
3.68138
3.68926
3.70005
3.71421
3.73226
3.7548
3.78253
3.81623
3.85682
3.90534
3.96295
4.03102
4.11108
4.2049
4.3145
4.44221
4.59071
4.76311
4.96304
5.19471
5.4631
5.77405
6.13449
6.55268
7.03849
7.60381
8.263
3.72303
3.7218
3.71185
3.70293
3.69496
3.68805
3.68224
3.6776
3.67421
3.67219
3.6717
3.67291
3.67604
3.68139
3.68927
3.70006
3.71422
3.73227
3.75481
3.78254
3.81624
3.85684
3.90535
3.96296
4.03103
4.1111
4.20492
4.31452
4.44223
4.59073
4.76314
4.96307
5.19474
5.46313
5.77408
6.13453
6.55272
7.03853
7.60386
8.26305
3.72294
3.72172
3.71177
3.70284
3.69488
3.68796
3.68215
3.67751
3.67412
3.6721
3.6716
3.67281
3.67595
3.68129
3.68917
3.69996
3.71412
3.73217
3.75471
3.78244
3.81614
3.85673
3.90524
3.96286
4.03093
4.111
4.20482
4.31442
4.44213
4.59064
4.76304
4.96297
5.19465
5.46304
5.77399
6.13444
6.55264
7.03845
7.60378
8.26298
3.72277
3.72154
3.71159
3.70267
3.6947
3.68779
3.68197
3.67732
3.67393
3.67191
3.67141
3.67262
3.67575
3.68109
3.68897
3.69976
3.71392
3.73196
3.7545
3.78222
3.81593
3.85651
3.90502
3.96264
4.03071
4.11078
4.2046
4.3142
4.44191
4.59041
4.76282
4.96275
5.19443
5.46282
5.77378
6.13423
6.55243
7.03824
7.60357
8.26278
3.7225
3.72127
3.71132
3.70239
3.69442
3.6875
3.68169
3.67704
3.67364
3.67161
3.67111
3.67231
3.67545
3.68078
3.68866
3.69944
3.7136
3.73164
3.75418
3.7819
3.81559
3.85618
3.90469
3.9623
4.03037
4.11044
4.20426
4.31386
4.44157
4.59007
4.76248
4.96241
5.19408
5.46248
5.77343
6.13388
6.55209
7.0379
7.60323
8.26244
3.72216
3.72093
3.71097
3.70204
3.69407
3.68715
3.68133
3.67667
3.67327
3.67125
3.67074
3.67194
3.67507
3.6804
3.68827
3.69905
3.7132
3.73124
3.75377
3.78149
3.81518
3.85576
3.90427
3.96188
4.02995
4.11002
4.20384
4.31344
4.44114
4.58964
4.76205
4.96198
5.19366
5.46205
5.77301
6.13346
6.55167
7.03748
7.60281
8.26203
3.72183
3.72059
3.71063
3.7017
3.69372
3.6868
3.68098
3.67632
3.67291
3.67088
3.67037
3.67157
3.67469
3.68002
3.68788
3.69867
3.71281
3.73085
3.75337
3.78108
3.81478
3.85536
3.90386
3.96147
4.02954
4.1096
4.20342
4.31301
4.44072
4.58922
4.76162
4.96155
5.19323
5.46163
5.77259
6.13304
6.55126
7.03706
7.6024
8.26161
3.72155
3.72031
3.71035
3.70141
3.69343
3.68651
3.68068
3.67602
3.67261
3.67058
3.67006
3.67125
3.67437
3.6797
3.68756
3.69833
3.71248
3.73051
3.75303
3.78074
3.81443
3.855
3.9035
3.96111
4.02918
4.10923
4.20304
4.31264
4.44034
4.58884
4.76124
4.96117
5.19285
5.46124
5.7722
6.13266
6.55087
7.03668
7.60202
8.26123
3.7213
3.72006
3.7101
3.70116
3.69318
3.68625
3.68042
3.67575
3.67234
3.67031
3.66979
3.67097
3.67409
3.67941
3.68727
3.69804
3.71217
3.7302
3.75272
3.78042
3.81411
3.85468
3.90318
3.96078
4.02884
4.10889
4.2027
4.31229
4.43999
4.58848
4.76089
4.96081
5.19249
5.46088
5.77184
6.13229
6.55051
7.03632
7.60165
8.26087
3.72106
3.71981
3.70985
3.7009
3.69292
3.68599
3.68015
3.67549
3.67207
3.67003
3.66951
3.67069
3.6738
3.67912
3.68697
3.69773
3.71186
3.72988
3.7524
3.7801
3.81378
3.85435
3.90284
3.96044
4.0285
4.10854
4.20235
4.31194
4.43964
4.58813
4.76053
4.96045
5.19213
5.46052
5.77148
6.13193
6.55014
7.03595
7.60128
8.26051
3.72081
3.71956
3.7096
3.70065
3.69266
3.68573
3.67989
3.67522
3.6718
3.66975
3.66923
3.67041
3.67352
3.67883
3.68667
3.69743
3.71156
3.72958
3.75209
3.77979
3.81347
3.85403
3.90251
3.96011
4.02816
4.1082
4.202
4.31159
4.43928
4.58778
4.76017
4.96009
5.19177
5.46015
5.77111
6.13156
6.54977
7.03558
7.60091
8.26013
3.72058
3.71933
3.70937
3.70042
3.69242
3.68549
3.67965
3.67497
3.67155
3.6695
3.66897
3.67015
3.67325
3.67856
3.6864
3.69715
3.71128
3.72929
3.7518
3.7795
3.81317
3.85373
3.90221
3.95979
4.02784
4.10788
4.20168
4.31126
4.43895
4.58744
4.75983
4.95975
5.19143
5.4598
5.77076
6.13121
6.54942
7.03522
7.60055
8.25977
3.72034
3.71909
3.70912
3.70017
3.69218
3.68524
3.6794
3.67472
3.67129
3.66924
3.66871
3.66988
3.67298
3.67829
3.68612
3.69687
3.71099
3.72901
3.75151
3.7792
3.81286
3.85342
3.90189
3.95948
4.02752
4.10756
4.20135
4.31093
4.43862
4.58711
4.7595
4.95941
5.19109
5.45946
5.77042
6.13086
6.54906
7.03487
7.6002
8.25941
3.72002
3.71877
3.7088
3.69985
3.69185
3.68491
3.67906
3.67438
3.67096
3.6689
3.66837
3.66953
3.67263
3.67793
3.68576
3.69651
3.71063
3.72864
3.75113
3.77882
3.81248
3.85303
3.9015
3.95909
4.02712
4.10716
4.20095
4.31053
4.43822
4.5867
4.75909
4.959
5.19067
5.45904
5.77
6.13044
6.54864
7.03445
7.59977
8.25899
3.71959
3.71834
3.70837
3.69942
3.69142
3.68448
3.67863
3.67394
3.67051
3.66845
3.66791
3.66908
3.67217
3.67747
3.6853
3.69605
3.71016
3.72816
3.75066
3.77834
3.812
3.85254
3.90101
3.95859
4.02663
4.10666
4.20045
4.31002
4.43771
4.58619
4.75857
4.95848
5.19015
5.45852
5.76947
6.12991
6.54811
7.03391
7.59924
8.25845
3.71919
3.71793
3.70796
3.699
3.691
3.68405
3.6782
3.67351
3.67008
3.66802
3.66748
3.66864
3.67173
3.67702
3.68485
3.69559
3.7097
3.7277
3.75019
3.77787
3.81153
3.85207
3.90054
3.95812
4.02615
4.10618
4.19997
4.30954
4.43722
4.5857
4.75808
4.95799
5.18966
5.45802
5.76897
6.12941
6.54761
7.0334
7.59872
8.25791
3.71902
3.71776
3.70779
3.69883
3.69083
3.68388
3.67803
3.67334
3.6699
3.66784
3.66729
3.66845
3.67154
3.67683
3.68466
3.6954
3.70951
3.7275
3.74999
3.77766
3.81132
3.85186
3.90033
3.95791
4.02594
4.10597
4.19975
4.30932
4.437
4.58548
4.75785
4.95776
5.18943
5.45779
5.76873
6.12917
6.54736
7.03316
7.59847
8.25766
3.71923
3.71797
3.708
3.69904
3.69104
3.68409
3.67824
3.67355
3.67011
3.66804
3.6675
3.66865
3.67174
3.67703
3.68485
3.69559
3.70969
3.72768
3.75017
3.77784
3.81149
3.85203
3.90049
3.95806
4.02609
4.10611
4.19989
4.30946
4.43713
4.5856
4.75797
4.95787
5.18954
5.45789
5.76883
6.12926
6.54745
7.03324
7.59854
8.25775
3.71952
3.71826
3.70829
3.69933
3.69133
3.68438
3.67853
3.67384
3.6704
3.66833
3.66778
3.66894
3.67202
3.67731
3.68512
3.69586
3.70996
3.72794
3.75042
3.77809
3.81173
3.85226
3.90072
3.95829
4.0263
4.10632
4.2001
4.30965
4.43732
4.58578
4.75814
4.95804
5.18969
5.45804
5.76898
6.12939
6.54758
7.03335
7.59865
8.25782
3.7193
3.71805
3.70807
3.69911
3.69111
3.68416
3.67831
3.67361
3.67017
3.6681
3.66755
3.6687
3.67178
3.67707
3.68488
3.69561
3.70971
3.72769
3.75016
3.77783
3.81147
3.852
3.90046
3.95802
4.02604
4.10605
4.19983
4.30938
4.43704
4.5855
4.75787
4.95775
5.18941
5.45775
5.76868
6.12909
6.54727
7.03303
7.59833
8.2575
3.71849
3.71722
3.70724
3.69828
3.69027
3.68332
3.67746
3.67276
3.66932
3.66724
3.66669
3.66784
3.67091
3.67619
3.68401
3.69473
3.70883
3.72681
3.74929
3.77695
3.81059
3.85112
3.89957
3.95713
4.02514
4.10516
4.19893
4.30848
4.43614
4.5846
4.75696
4.95684
5.18849
5.45684
5.76776
6.12818
6.54634
7.03212
7.59741
8.25663
3.71775
3.71648
3.7065
3.69753
3.68952
3.68256
3.67669
3.67199
3.66854
3.66646
3.6659
3.66704
3.67012
3.67539
3.6832
3.69392
3.70801
3.72598
3.74845
3.77611
3.80975
3.85027
3.89872
3.95628
4.02429
4.1043
4.19806
4.30761
4.43527
4.58372
4.75608
4.95596
5.18761
5.45594
5.76686
6.12727
6.54544
7.03123
7.59651
8.25566
3.71788
3.71661
3.70662
3.69764
3.68963
3.68266
3.67679
3.67209
3.66863
3.66655
3.66598
3.66712
3.67019
3.67546
3.68326
3.69398
3.70806
3.72604
3.7485
3.77616
3.80979
3.85031
3.89876
3.95631
4.02431
4.10432
4.19808
4.30762
4.43528
4.58373
4.75608
4.95596
5.1876
5.45593
5.76685
6.12725
6.54543
7.03118
7.59647
8.25561
3.71861
3.71734
3.70735
3.69838
3.69036
3.6834
3.67753
3.67282
3.66936
3.66727
3.6667
3.66783
3.67089
3.67616
3.68395
3.69466
3.70873
3.72669
3.74915
3.77679
3.81042
3.85092
3.89936
3.9569
4.0249
4.1049
4.19865
4.30819
4.43583
4.58428
4.75662
4.95649
5.18813
5.45646
5.76738
6.12778
6.54595
7.03172
7.59703
8.25621
3.71842
3.71715
3.70716
3.69819
3.69017
3.6832
3.67733
3.67262
3.66915
3.66706
3.66648
3.66761
3.67066
3.67592
3.6837
3.69441
3.70847
3.72643
3.74888
3.77652
3.81013
3.85064
3.89907
3.95661
4.0246
4.1046
4.19835
4.30789
4.43554
4.58398
4.75633
4.95621
5.18785
5.45618
5.76709
6.12752
6.5457
7.03147
7.59667
8.25591
3.71691
3.71564
3.70564
3.69665
3.68863
3.68165
3.67577
3.67105
3.66759
3.66548
3.6649
3.66602
3.66907
3.67432
3.68211
3.69281
3.70687
3.72483
3.74728
3.77492
3.80855
3.84906
3.8975
3.95505
4.02306
4.10307
4.19684
4.30639
4.43405
4.58252
4.75489
4.95478
5.18643
5.45479
5.76574
6.12618
6.54434
7.03012
7.5955
8.25458
3.7158
3.71451
3.70451
3.69552
3.68748
3.6805
3.67462
3.66989
3.66642
3.66431
3.66373
3.66485
3.6679
3.67316
3.68095
3.69166
3.70573
3.7237
3.74617
3.77383
3.80747
3.84801
3.89647
3.95405
4.02208
4.10212
4.19592
4.30551
4.43321
4.58171
4.75411
4.95404
5.18575
5.45413
5.76511
6.12558
6.54381
7.02959
7.59493
8.2542
3.71456
3.71327
3.70326
3.69426
3.68622
3.67924
3.67335
3.66862
3.66514
3.66304
3.66246
3.66359
3.66665
3.67192
3.67973
3.69046
3.70457
3.72257
3.74508
3.77278
3.80647
3.84705
3.89557
3.95321
4.02131
4.10141
4.19528
4.30493
4.43269
4.58126
4.75373
4.95373
5.18549
5.45395
5.765
6.12546
6.54378
7.02967
7.59505
8.25433
3.71201
3.71069
3.70065
3.69163
3.68356
3.67656
3.67065
3.66591
3.66243
3.66033
3.65976
3.6609
3.66399
3.6693
3.67716
3.68796
3.70214
3.72024
3.74285
3.77066
3.80448
3.8452
3.89387
3.95167
4.01994
4.10022
4.19426
4.3041
4.43206
4.58082
4.75348
4.95368
5.18562
5.45425
5.76545
6.1262
6.54458
7.03064
7.59617
8.25553
3.71053
3.70927
3.69922
3.69019
3.68211
3.67509
3.66917
3.66443
3.66097
3.65891
3.65841
3.65965
3.66288
3.66837
3.67646
3.68755
3.70209
3.72061
3.74371
3.77211
3.80658
3.84805
3.89755
3.95627
4.02554
4.10692
4.20216
4.31329
4.44262
4.59287
4.76713
4.969
5.20277
5.47335
5.78663
6.14955
6.57043
7.05905
7.62739
8.28985
3.76731
3.77061
3.76357
3.75754
3.75252
3.74866
3.74609
3.74496
3.74544
3.74774
3.75213
3.75887
3.76832
3.78085
3.79691
3.817
3.84168
3.8716
3.9075
3.95018
4.00059
4.05977
4.12891
4.20937
4.30267
4.41056
4.53502
4.67834
4.84313
5.03241
5.24969
5.49902
5.78516
6.11366
6.49107
6.9251
7.42488
8.0013
8.66735
9.43855
3.77737
3.78001
3.77234
3.76565
3.75993
3.75535
3.75201
3.75008
3.74973
3.75117
3.75465
3.76046
3.76894
3.78048
3.79551
3.81454
3.83813
3.86694
3.90167
3.94317
3.99236
4.05028
4.11812
4.19722
4.28912
4.39555
4.51849
4.66021
4.82331
5.01082
5.22621
5.47355
5.75756
6.0838
6.45878
6.89019
7.38717
7.96057
8.62334
9.39098
3.78109
3.78361
3.7758
3.76898
3.76311
3.75838
3.75489
3.7528
3.75228
3.75355
3.75686
3.7625
3.7708
3.78215
3.797
3.81584
3.83925
3.86786
3.90241
3.94372
3.99271
4.05044
4.11809
4.19701
4.28873
4.39497
4.51772
4.65925
4.82217
5.0095
5.22471
5.47187
5.75571
6.08177
6.45659
6.88785
7.3847
7.95797
8.62064
9.3882
3.78242
3.78492
3.77711
3.77027
3.7644
3.75965
3.75615
3.75405
3.75351
3.75477
3.75805
3.76367
3.77194
3.78327
3.79809
3.8169
3.84027
3.86884
3.90334
3.9446
3.99355
4.05123
4.11883
4.19769
4.28935
4.39553
4.51822
4.65969
4.82255
5.00982
5.22497
5.47207
5.75586
6.08187
6.45663
6.88785
7.38465
7.95787
8.6205
9.38801
3.78294
3.78545
3.77764
3.77081
3.76495
3.76021
3.75672
3.75462
3.7541
3.75536
3.75865
3.76427
3.77255
3.78388
3.7987
3.8175
3.84087
3.86944
3.90393
3.94518
3.99412
4.05178
4.11936
4.1982
4.28983
4.39599
4.51865
4.6601
4.82293
5.01017
5.22529
5.47237
5.75612
6.0821
6.45684
6.88803
7.3848
7.958
8.6206
9.3881
3.78319
3.7857
3.7779
3.77108
3.76522
3.76049
3.75701
3.75492
3.7544
3.75567
3.75898
3.7646
3.77289
3.78423
3.79905
3.81787
3.84124
3.86981
3.90431
3.94556
3.99449
4.05215
4.11972
4.19856
4.29019
4.39633
4.51899
4.66043
4.82325
5.01048
5.22559
5.47266
5.7564
6.08237
6.4571
6.88828
7.38504
7.95822
8.62081
9.3883
3.78335
3.78586
3.77806
3.77125
3.76539
3.76067
3.75719
3.75511
3.7546
3.75587
3.75919
3.76482
3.77312
3.78446
3.79929
3.81811
3.84149
3.87007
3.90457
3.94582
3.99476
4.05242
4.12
4.19884
4.29047
4.39662
4.51928
4.66071
4.82354
5.01076
5.22588
5.47294
5.75668
6.08266
6.45738
6.88856
7.38531
7.95849
8.62108
9.38857
3.78351
3.78603
3.77823
3.77142
3.76556
3.76084
3.75737
3.75529
3.75479
3.75607
3.75939
3.76503
3.77333
3.78468
3.79951
3.81834
3.84172
3.8703
3.90481
3.94607
3.99501
4.05268
4.12026
4.19911
4.29074
4.3969
4.51956
4.661
4.82382
5.01105
5.22617
5.47324
5.75698
6.08295
6.45768
6.88885
7.38561
7.95879
8.62139
9.38889
3.7837
3.78622
3.77843
3.77162
3.76577
3.76105
3.75758
3.75551
3.75501
3.75629
3.75961
3.76526
3.77356
3.78491
3.79975
3.81859
3.84197
3.87056
3.90507
3.94633
3.99528
4.05295
4.12054
4.19939
4.29102
4.39718
4.51985
4.66129
4.82412
5.01135
5.22647
5.47354
5.75728
6.08326
6.45798
6.88916
7.38592
7.95911
8.62172
9.38923
3.78388
3.7864
3.77861
3.7718
3.76595
3.76124
3.75777
3.7557
3.7552
3.75649
3.75981
3.76546
3.77377
3.78513
3.79997
3.8188
3.84219
3.87078
3.90529
3.94656
3.99551
4.05318
4.12078
4.19963
4.29127
4.39743
4.52009
4.66154
4.82437
5.0116
5.22673
5.47379
5.75754
6.08352
6.45825
6.88943
7.3862
7.9594
8.62202
9.38953
3.78398
3.78651
3.77872
3.77191
3.76606
3.76135
3.75788
3.75581
3.75532
3.75661
3.75993
3.76558
3.77389
3.78525
3.80009
3.81893
3.84232
3.8709
3.90542
3.94669
3.99564
4.05332
4.12091
4.19977
4.29141
4.39757
4.52024
4.66169
4.82452
5.01176
5.22688
5.47395
5.7577
6.08368
6.45842
6.88961
7.38638
7.95959
8.62222
9.38974
3.78399
3.78651
3.77872
3.77191
3.76607
3.76136
3.75789
3.75582
3.75533
3.75662
3.75994
3.76559
3.7739
3.78526
3.8001
3.81894
3.84233
3.87092
3.90544
3.94671
3.99566
4.05334
4.12093
4.19979
4.29143
4.39759
4.52026
4.66171
4.82455
5.01179
5.22691
5.47399
5.75774
6.08373
6.45847
6.88967
7.38644
7.95966
8.6223
9.38982
3.78391
3.78643
3.77864
3.77183
3.76599
3.76127
3.7578
3.75573
3.75524
3.75653
3.75985
3.7655
3.77381
3.78517
3.80001
3.81884
3.84223
3.87083
3.90534
3.94661
3.99557
4.05324
4.12084
4.19969
4.29133
4.3975
4.52017
4.66162
4.82446
5.0117
5.22683
5.47391
5.75767
6.08366
6.45841
6.8896
7.38638
7.9596
8.62225
9.38978
3.78375
3.78627
3.77847
3.77166
3.76581
3.7611
3.75763
3.75555
3.75505
3.75634
3.75967
3.76531
3.77362
3.78497
3.79981
3.81865
3.84203
3.87062
3.90514
3.94641
3.99536
4.05304
4.12063
4.19948
4.29112
4.39729
4.51996
4.66141
4.82425
5.01149
5.22663
5.47371
5.75747
6.08346
6.4582
6.8894
7.38618
7.9594
8.62206
9.3896
3.78349
3.786
3.77821
3.77139
3.76554
3.76082
3.75735
3.75527
3.75477
3.75605
3.75937
3.76502
3.77332
3.78467
3.79951
3.81834
3.84172
3.87031
3.90482
3.94609
3.99503
4.05271
4.1203
4.19915
4.29079
4.39696
4.51963
4.66108
4.82392
5.01116
5.2263
5.47337
5.75714
6.08313
6.45788
6.88908
7.38585
7.95908
8.62174
9.38929
3.78316
3.78567
3.77787
3.77105
3.7652
3.76048
3.757
3.75492
3.75441
3.75569
3.75901
3.76465
3.77294
3.78429
3.79913
3.81795
3.84133
3.86992
3.90443
3.94569
3.99463
4.0523
4.11989
4.19874
4.29038
4.39655
4.51922
4.66067
4.82351
5.01075
5.22589
5.47296
5.75673
6.08271
6.45746
6.88867
7.38544
7.95867
8.62133
9.38889
3.78283
3.78534
3.77754
3.77072
3.76487
3.76014
3.75666
3.75457
3.75406
3.75534
3.75865
3.76428
3.77258
3.78392
3.79875
3.81757
3.84095
3.86953
3.90403
3.94529
3.99423
4.0519
4.11949
4.19834
4.28998
4.39614
4.51881
4.66026
4.8231
5.01034
5.22547
5.47254
5.75631
6.0823
6.45705
6.88826
7.38503
7.95826
8.62092
9.38848
3.78257
3.78508
3.77727
3.77045
3.76459
3.75986
3.75637
3.75428
3.75377
3.75504
3.75834
3.76397
3.77227
3.7836
3.79843
3.81725
3.84062
3.86919
3.90369
3.94495
3.99388
4.05155
4.11914
4.19798
4.28962
4.39578
4.51845
4.65989
4.82273
5.00996
5.22509
5.47217
5.75593
6.08192
6.45667
6.88788
7.38465
7.95788
8.62054
9.3881
3.78234
3.78484
3.77703
3.7702
3.76434
3.75961
3.75612
3.75402
3.7535
3.75477
3.75807
3.7637
3.77198
3.78331
3.79814
3.81695
3.84031
3.86888
3.90338
3.94463
3.99356
4.05123
4.11881
4.19765
4.28928
4.39544
4.5181
4.65954
4.82237
5.00961
5.22473
5.47181
5.75557
6.08156
6.45631
6.88752
7.38429
7.95752
8.62019
9.38775
3.7821
3.7846
3.77679
3.76995
3.76409
3.75935
3.75585
3.75376
3.75323
3.75449
3.75779
3.76341
3.77169
3.78302
3.79783
3.81664
3.84
3.86856
3.90306
3.9443
3.99323
4.05089
4.11847
4.1973
4.28893
4.39508
4.51774
4.65917
4.822
5.00924
5.22436
5.47144
5.7552
6.08119
6.45594
6.88715
7.38392
7.95715
8.61982
9.38739
3.78186
3.78436
3.77654
3.76971
3.76383
3.75909
3.7556
3.75349
3.75296
3.75422
3.75751
3.76313
3.77141
3.78273
3.79754
3.81633
3.83969
3.86825
3.90274
3.94398
3.99291
4.05056
4.11813
4.19696
4.28858
4.39473
4.51738
4.65882
4.82164
5.00888
5.224
5.47107
5.75482
6.08081
6.45556
6.88677
7.38354
7.95676
8.61943
9.387
3.78164
3.78414
3.77632
3.76948
3.76361
3.75886
3.75536
3.75325
3.75272
3.75397
3.75726
3.76288
3.77115
3.78246
3.79727
3.81606
3.83941
3.86797
3.90245
3.94369
3.99261
4.05026
4.11782
4.19665
4.28826
4.3944
4.51705
4.65848
4.82131
5.00854
5.22366
5.47073
5.75448
6.08046
6.45521
6.88641
7.38318
7.95641
8.61907
9.38663
3.78141
3.78391
3.77609
3.76925
3.76337
3.75862
3.75512
3.75301
3.75247
3.75372
3.757
3.76261
3.77088
3.78219
3.79699
3.81578
3.83913
3.86768
3.90216
3.94339
3.9923
4.04994
4.1175
4.19632
4.28794
4.39407
4.51672
4.65815
4.82097
5.0082
5.22331
5.47039
5.75413
6.08012
6.45486
6.88606
7.38284
7.95606
8.61872
9.38629
3.7811
3.7836
3.77577
3.76893
3.76305
3.7583
3.75479
3.75268
3.75213
3.75338
3.75666
3.76226
3.77053
3.78183
3.79663
3.81541
3.83876
3.86731
3.90178
3.94301
3.99191
4.04955
4.11711
4.19592
4.28753
4.39367
4.51631
4.65773
4.82056
5.00778
5.22289
5.46996
5.7537
6.07969
6.45443
6.88563
7.3824
7.95562
8.61828
9.38585
3.78069
3.78318
3.77536
3.76851
3.76263
3.75787
3.75436
3.75224
3.7517
3.75294
3.75622
3.76182
3.77007
3.78138
3.79617
3.81495
3.83829
3.86683
3.9013
3.94252
3.99143
4.04906
4.11661
4.19542
4.28703
4.39316
4.5158
4.65723
4.82004
5.00726
5.22237
5.46944
5.75318
6.07916
6.4539
6.8851
7.38186
7.95508
8.61774
9.38528
3.78029
3.78278
3.77495
3.7681
3.76222
3.75746
3.75394
3.75182
3.75127
3.75251
3.75578
3.76138
3.76963
3.78093
3.79572
3.8145
3.83784
3.86637
3.90084
3.94206
3.99096
4.04859
4.11614
4.19495
4.28656
4.39269
4.51533
4.65675
4.81956
5.00678
5.22189
5.46895
5.75269
6.07867
6.45341
6.8846
7.38136
7.95457
8.61722
9.38477
3.78013
3.78262
3.77479
3.76794
3.76205
3.75729
3.75377
3.75164
3.75109
3.75233
3.7556
3.76119
3.76944
3.78074
3.79552
3.8143
3.83763
3.86617
3.90063
3.94185
3.99074
4.04837
4.11592
4.19473
4.28633
4.39246
4.51509
4.65651
4.81933
5.00654
5.22164
5.46871
5.75244
6.07842
6.45315
6.88434
7.38109
7.9543
8.61694
9.38449
3.78034
3.78283
3.775
3.76815
3.76226
3.7575
3.75398
3.75185
3.7513
3.75253
3.7558
3.76139
3.76964
3.78093
3.79571
3.81448
3.83781
3.86634
3.9008
3.94201
3.9909
4.04852
4.11606
4.19487
4.28646
4.39259
4.51521
4.65662
4.81943
5.00664
5.22174
5.4688
5.75252
6.07849
6.45322
6.88439
7.38115
7.95434
8.61698
9.3845
3.78063
3.78312
3.77529
3.76844
3.76255
3.75779
3.75427
3.75214
3.75159
3.75282
3.75608
3.76167
3.76991
3.7812
3.79598
3.81474
3.83807
3.86659
3.90104
3.94225
3.99113
4.04875
4.11629
4.19509
4.28668
4.3928
4.51542
4.65682
4.81963
5.00682
5.22192
5.46897
5.75268
6.07865
6.45337
6.88454
7.38128
7.95446
8.61709
9.38461
3.78043
3.78291
3.77508
3.76823
3.76234
3.75757
3.75405
3.75192
3.75136
3.75259
3.75585
3.76143
3.76967
3.78096
3.79573
3.8145
3.83782
3.86634
3.90079
3.94199
3.99087
4.04849
4.11602
4.19481
4.2864
4.39251
4.51513
4.65653
4.81933
5.00652
5.22161
5.46866
5.75237
6.07833
6.45304
6.8842
7.38093
7.95413
8.61675
9.3843
3.77962
3.7821
3.77427
3.76741
3.76151
3.75674
3.75321
3.75108
3.75052
3.75174
3.75499
3.76057
3.76881
3.7801
3.79487
3.81363
3.83694
3.86546
3.8999
3.9411
3.98998
4.04759
4.11512
4.19391
4.2855
4.39161
4.51422
4.65562
4.81841
5.0056
5.22069
5.46773
5.75144
6.07739
6.4521
6.88326
7.37999
7.95319
8.61581
9.38331
3.7789
3.78137
3.77353
3.76666
3.76076
3.75598
3.75245
3.75031
3.74974
3.75096
3.75421
3.75978
3.76802
3.77929
3.79406
3.81282
3.83613
3.86464
3.89909
3.94029
3.98916
4.04678
4.1143
4.19309
4.28468
4.39078
4.5134
4.65479
4.81758
5.00477
5.21985
5.46689
5.75059
6.07654
6.45125
6.88241
7.37915
7.95232
8.61492
9.3824
3.77902
3.78149
3.77365
3.76678
3.76087
3.75609
3.75255
3.75041
3.74984
3.75105
3.75429
3.75986
3.76809
3.77936
3.79412
3.81287
3.83617
3.86468
3.89912
3.9403
3.98917
4.04678
4.1143
4.19308
4.28465
4.39076
4.51336
4.65475
4.81753
5.00471
5.21979
5.46682
5.75051
6.07646
6.45117
6.88232
7.37904
7.9522
8.61484
9.38242
3.77976
3.78223
3.77439
3.76752
3.76161
3.75683
3.75329
3.75114
3.75056
3.75176
3.755
3.76056
3.76877
3.78004
3.79479
3.81353
3.83682
3.86532
3.89974
3.94092
3.98978
4.04738
4.11489
4.19366
4.28523
4.39132
4.51392
4.6553
4.81808
5.00525
5.22032
5.46734
5.75104
6.07699
6.45167
6.88282
7.37953
7.95274
8.61529
9.38267
3.77959
3.78206
3.77422
3.76734
3.76143
3.75664
3.7531
3.75094
3.75036
3.75155
3.75478
3.76034
3.76855
3.7798
3.79454
3.81327
3.83656
3.86505
3.89947
3.94064
3.98949
4.04708
4.11459
4.19336
4.28492
4.39102
4.51361
4.65499
4.81777
5.00494
5.22001
5.46705
5.75075
6.07669
6.45139
6.88255
7.37927
7.95244
8.61506
9.38262
3.77812
3.78058
3.77272
3.76584
3.75992
3.75513
3.75157
3.74941
3.74882
3.75001
3.75323
3.75878
3.76698
3.77824
3.79298
3.81171
3.835
3.86349
3.89791
3.93909
3.98795
4.04554
4.11306
4.19184
4.28342
4.38952
4.51213
4.65353
4.81632
5.00352
5.2186
5.46565
5.74937
6.07533
6.45005
6.8812
7.378
7.95113
8.61372
9.38128
3.77703
3.77948
3.77161
3.76472
3.75879
3.75399
3.75043
3.74826
3.74766
3.74884
3.75206
3.7576
3.7658
3.77705
3.7918
3.81053
3.83383
3.86233
3.89677
3.93797
3.98685
4.04447
4.11201
4.19082
4.28242
4.38855
4.51119
4.65262
4.81545
5.00267
5.21779
5.46488
5.74862
6.07461
6.44938
6.8806
7.3773
7.95061
8.61324
9.38077
3.77578
3.77822
3.77034
3.76344
3.7575
3.75269
3.74912
3.74694
3.74634
3.74752
3.75075
3.7563
3.76451
3.77578
3.79055
3.80931
3.83264
3.86118
3.89566
3.9369
3.98583
4.04351
4.11111
4.18998
4.28164
4.38784
4.51055
4.65204
4.81493
5.00223
5.21742
5.46456
5.74837
6.07445
6.44923
6.8805
7.37734
7.95056
8.61331
9.38089
3.77312
3.77552
3.76761
3.76068
3.75471
3.74988
3.7463
3.74412
3.74352
3.74472
3.74797
3.75356
3.76183
3.77317
3.78801
3.80686
3.8303
3.85896
3.89357
3.93496
3.98405
4.04189
4.10967
4.18873
4.28059
4.38699
4.5099
4.6516
4.81471
5.00221
5.21762
5.46497
5.74898
6.07525
6.45022
6.88166
7.3787
7.95211
8.61492
9.38252
3.77156
3.77402
3.7661
3.75916
3.75319
3.74837
3.74482
3.7427
3.7422
3.74353
3.74696
3.75278
3.76134
3.77303
3.7883
3.80766
3.83167
3.861
3.89636
3.9386
3.98862
4.04749
4.11639
4.19666
4.28983
4.39764
4.52206
4.66537
4.83019
5.01953
5.23685
5.48627
5.7725
6.10104
6.4786
6.91269
7.41256
7.98907
8.65524
9.42669
3.84301
3.8508
3.84639
3.84302
3.84077
3.83993
3.84071
3.84339
3.84827
3.85567
3.86597
3.87957
3.89693
3.91855
3.94497
3.97683
4.01479
4.05963
4.11219
4.17342
4.24439
4.32628
4.42046
4.52843
4.65192
4.79289
4.95358
5.13653
5.34469
5.58146
5.85075
6.15711
6.50585
6.90317
7.3563
7.87377
8.46556
9.1435
9.92156
10.8162
3.85248
3.85949
3.85433
3.85017
3.8471
3.84538
3.84525
3.84698
3.85087
3.85724
3.86647
3.87896
3.89518
3.91561
3.94081
3.97141
4.00808
4.05158
4.10276
4.16256
4.23205
4.31242
4.40501
4.51134
4.63311
4.77229
4.9311
5.11208
5.31818
5.55276
5.81974
6.12367
6.46982
6.86439
7.31461
7.82895
8.41742
9.0918
9.86601
10.7566
3.85609
3.86295
3.85764
3.85333
3.8501
3.84822
3.84792
3.84948
3.85318
3.85937
3.86841
3.88072
3.89674
3.91697
3.94198
3.97237
4.00884
4.05214
4.10311
4.16271
4.232
4.31216
4.40455
4.51067
4.63224
4.77121
4.92981
5.11059
5.31649
5.55087
5.81765
6.12138
6.46735
6.86173
7.31177
7.82596
8.41428
9.08851
9.86262
10.7531
3.85736
3.86421
3.8589
3.85458
3.85134
3.84945
3.84915
3.85069
3.85438
3.86055
3.86958
3.88186
3.89785
3.91806
3.94303
3.97339
4.00982
4.05308
4.10401
4.16356
4.2328
4.31291
4.40524
4.5113
4.63281
4.77173
4.93027
5.11099
5.31683
5.55115
5.81788
6.12156
6.46747
6.86181
7.3118
7.82594
8.41421
9.0884
9.86247
10.7529
3.85784
3.86471
3.8594
3.8551
3.85187
3.84999
3.84969
3.85125
3.85495
3.86114
3.87017
3.88246
3.89845
3.91866
3.94364
3.974
4.01042
4.05367
4.10459
4.16413
4.23336
4.31345
4.40576
4.5118
4.63329
4.77218
4.9307
5.1114
5.31721
5.55151
5.81821
6.12186
6.46775
6.86206
7.31202
7.82613
8.41438
9.08855
9.8626
10.753
3.85807
3.86494
3.85964
3.85535
3.85213
3.85026
3.84997
3.85154
3.85525
3.86145
3.87049
3.88279
3.89879
3.91901
3.944
3.97436
4.01079
4.05405
4.10497
4.16451
4.23373
4.31383
4.40613
4.51217
4.63365
4.77254
4.93105
5.11174
5.31754
5.55183
5.81853
6.12217
6.46805
6.86235
7.3123
7.8264
8.41463
9.08879
9.86283
10.7532
3.85822
3.86509
3.8598
3.85551
3.85229
3.85043
3.85016
3.85173
3.85545
3.86165
3.8707
3.88301
3.89902
3.91925
3.94424
3.97461
4.01105
4.05431
4.10524
4.16478
4.23401
4.31411
4.40642
4.51246
4.63395
4.77284
4.93135
5.11205
5.31785
5.55214
5.81884
6.12248
6.46836
6.86266
7.31261
7.82671
8.41494
9.0891
9.86314
10.7535
3.85837
3.86525
3.85996
3.85568
3.85246
3.85061
3.85034
3.85191
3.85564
3.86185
3.8709
3.88321
3.89924
3.91947
3.94447
3.97485
4.01129
4.05455
4.10549
4.16504
4.23428
4.31438
4.4067
4.51275
4.63424
4.77314
4.93166
5.11236
5.31816
5.55246
5.81916
6.1228
6.46868
6.86298
7.31293
7.82703
8.41526
9.08943
9.86348
10.7539
3.85856
3.86544
3.86015
3.85587
3.85267
3.85081
3.85054
3.85213
3.85586
3.86207
3.87113
3.88344
3.89947
3.91971
3.94471
3.9751
4.01154
4.05481
4.10575
4.16531
4.23455
4.31466
4.40698
4.51304
4.63454
4.77344
4.93196
5.11266
5.31847
5.55277
5.81947
6.12312
6.469
6.8633
7.31326
7.82736
8.41561
9.08979
9.86384
10.7542
3.85873
3.86562
3.86033
3.85605
3.85285
3.851
3.85074
3.85232
3.85605
3.86227
3.87133
3.88365
3.89968
3.91992
3.94493
3.97531
4.01176
4.05504
4.10598
4.16554
4.23478
4.3149
4.40723
4.51328
4.63479
4.77369
4.93222
5.11292
5.31873
5.55303
5.81974
6.12338
6.46927
6.86358
7.31354
7.82766
8.41591
9.0901
9.86416
10.7545
3.85884
3.86572
3.86044
3.85616
3.85296
3.85111
3.85085
3.85243
3.85617
3.86238
3.87145
3.88377
3.8998
3.92005
3.94505
3.97544
4.01189
4.05517
4.10611
4.16567
4.23492
4.31504
4.40737
4.51343
4.63493
4.77384
4.93237
5.11307
5.31889
5.55319
5.8199
6.12355
6.46945
6.86376
7.31373
7.82786
8.41612
9.09032
9.86439
10.7548
3.85884
3.86573
3.86045
3.85617
3.85297
3.85112
3.85086
3.85244
3.85618
3.8624
3.87146
3.88379
3.89982
3.92006
3.94507
3.97546
4.01191
4.05518
4.10613
4.16569
4.23494
4.31506
4.40739
4.51345
4.63496
4.77386
4.93239
5.1131
5.31892
5.55323
5.81994
6.1236
6.4695
6.86382
7.3138
7.82794
8.41621
9.09042
9.86449
10.7549
3.85877
3.86565
3.86037
3.85609
3.85289
3.85104
3.85078
3.85236
3.8561
3.86231
3.87138
3.8837
3.89973
3.91998
3.94498
3.97537
4.01182
4.0551
4.10605
4.16561
4.23486
4.31498
4.40731
4.51337
4.63487
4.77378
4.93231
5.11302
5.31884
5.55315
5.81987
6.12354
6.46945
6.86377
7.31376
7.82789
8.41617
9.09039
9.86446
10.7549
3.85861
3.86549
3.86021
3.85593
3.85272
3.85087
3.85061
3.85219
3.85592
3.86214
3.8712
3.88352
3.89955
3.91979
3.94479
3.97518
4.01163
4.05491
4.10585
4.16542
4.23466
4.31478
4.40711
4.51317
4.63467
4.77358
4.93211
5.11282
5.31865
5.55296
5.81969
6.12335
6.46926
6.86359
7.31358
7.82772
8.416
9.09023
9.86431
10.7547
3.85836
3.86524
3.85995
3.85567
3.85246
3.85061
3.85034
3.85192
3.85564
3.86185
3.87091
3.88323
3.89926
3.91949
3.94449
3.97488
4.01133
4.0546
4.10555
4.16511
4.23435
4.31446
4.40679
4.51285
4.63436
4.77326
4.93179
5.11251
5.31833
5.55265
5.81937
6.12304
6.46895
6.86329
7.31328
7.82741
8.4157
9.08993
9.86402
10.7544
3.85805
3.86492
3.85963
3.85534
3.85213
3.85027
3.85
3.85157
3.85529
3.8615
3.87055
3.88286
3.89889
3.91912
3.94412
3.9745
4.01095
4.05422
4.10516
4.16472
4.23396
4.31407
4.4064
4.51245
4.63396
4.77286
4.9314
5.11211
5.31794
5.55226
5.81897
6.12265
6.46855
6.86289
7.31288
7.82702
8.41531
9.08954
9.86364
10.754
3.85774
3.86461
3.85931
3.85502
3.8518
3.84994
3.84966
3.85123
3.85495
3.86115
3.8702
3.88251
3.89852
3.91875
3.94375
3.97413
4.01057
4.05384
4.10477
4.16433
4.23356
4.31367
4.406
4.51205
4.63356
4.77246
4.931
5.11171
5.31754
5.55185
5.81857
6.12224
6.46814
6.86248
7.31247
7.82661
8.4149
9.08914
9.86324
10.7536
3.85748
3.86435
3.85905
3.85476
3.85154
3.84967
3.84939
3.85095
3.85466
3.86086
3.8699
3.8822
3.89822
3.91844
3.94343
3.97381
4.01025
4.05351
4.10444
4.16399
4.23322
4.31333
4.40565
4.51171
4.63321
4.77211
4.93064
5.11135
5.31718
5.55149
5.81821
6.12188
6.46778
6.86212
7.31211
7.82624
8.41454
9.08878
9.86288
10.7533
3.85726
3.86413
3.85882
3.85452
3.8513
3.84943
3.84914
3.8507
3.8544
3.86059
3.86963
3.88193
3.89794
3.91815
3.94314
3.97351
4.00994
4.0532
4.10412
4.16367
4.2329
4.313
4.40532
4.51137
4.63287
4.77177
4.9303
5.11101
5.31683
5.55113
5.81785
6.12152
6.46742
6.86176
7.31175
7.82589
8.41418
9.08842
9.86252
10.7529
3.85703
3.86389
3.85858
3.85428
3.85105
3.84917
3.84887
3.85043
3.85413
3.86031
3.86935
3.88164
3.89764
3.91785
3.94283
3.97319
4.00962
4.05287
4.10379
4.16333
4.23256
4.31266
4.40497
4.51102
4.63251
4.77141
4.92993
5.11063
5.31645
5.55075
5.81747
6.12113
6.46704
6.86138
7.31137
7.82551
8.4138
9.08804
9.86215
10.7526
3.8568
3.86366
3.85835
3.85404
3.8508
3.84892
3.84862
3.85017
3.85387
3.86004
3.86907
3.88136
3.89736
3.91756
3.94254
3.97289
4.00931
4.05256
4.10347
4.16301
4.23223
4.31232
4.40463
4.51067
4.63216
4.77105
4.92957
5.11027
5.31608
5.55039
5.8171
6.12076
6.46666
6.861
7.31098
7.82513
8.41341
9.08766
9.86176
10.7522
3.8566
3.86345
3.85813
3.85382
3.85058
3.8487
3.84839
3.84994
3.85363
3.8598
3.86883
3.88111
3.8971
3.9173
3.94227
3.97262
4.00903
4.05227
4.10318
4.16271
4.23193
4.31202
4.40432
4.51035
4.63184
4.77072
4.92924
5.10994
5.31575
5.55005
5.81676
6.12042
6.46632
6.86065
7.31063
7.82477
8.41306
9.0873
9.86141
10.7518
3.85638
3.86323
3.85791
3.8536
3.85035
3.84846
3.84815
3.84969
3.85338
3.85955
3.86857
3.88085
3.89683
3.91703
3.94199
3.97233
4.00874
4.05197
4.10288
4.16241
4.23161
4.3117
4.404
4.51002
4.6315
4.77039
4.92889
5.10959
5.3154
5.54969
5.81641
6.12006
6.46596
6.86029
7.31027
7.82441
8.4127
9.08694
9.86104
10.7515
3.85608
3.86293
3.85761
3.85329
3.85004
3.84815
3.84783
3.84937
3.85305
3.85922
3.86823
3.8805
3.89648
3.91667
3.94162
3.97196
4.00836
4.05159
4.1025
4.16202
4.23122
4.3113
4.40359
4.50961
4.63109
4.76997
4.92847
5.10917
5.31497
5.54926
5.81597
6.11962
6.46552
6.85985
7.30982
7.82396
8.41225
9.08648
9.86058
10.751
3.85568
3.86253
3.8572
3.85288
3.84963
3.84773
3.84741
3.84894
3.85262
3.85878
3.86779
3.88005
3.89602
3.91621
3.94116
3.97149
4.00789
4.05112
4.10201
4.16153
4.23073
4.3108
4.40309
4.50911
4.63059
4.76946
4.92796
5.10866
5.31446
5.54875
5.81545
6.1191
6.465
6.85933
7.3093
7.82343
8.41171
9.08594
9.86003
10.7504
3.85529
3.86214
3.85681
3.85248
3.84922
3.84732
3.84699
3.84852
3.85219
3.85835
3.86735
3.87961
3.89558
3.91576
3.94071
3.97104
4.00743
4.05066
4.10155
4.16106
4.23026
4.31033
4.40261
4.50863
4.6301
4.76897
4.92747
5.10816
5.31396
5.54825
5.81495
6.11859
6.46449
6.85881
7.30878
7.82291
8.41118
9.08541
9.85949
10.7499
3.85514
3.86198
3.85665
3.85232
3.84906
3.84715
3.84682
3.84835
3.85202
3.85817
3.86717
3.87942
3.89539
3.91557
3.94051
3.97083
4.00723
4.05044
4.10133
4.16084
4.23003
4.3101
4.40238
4.50839
4.62986
4.76872
4.92722
5.1079
5.3137
5.54798
5.81468
6.11832
6.46421
6.85853
7.30849
7.8226
8.41087
9.08508
9.85916
10.7495
3.85535
3.86219
3.85686
3.85253
3.84927
3.84736
3.84703
3.84855
3.85222
3.85837
3.86736
3.87962
3.89558
3.91575
3.94069
3.97101
4.00739
4.05061
4.10149
4.16099
4.23018
4.31024
4.40252
4.50853
4.62999
4.76885
4.92734
5.10802
5.31381
5.54809
5.81479
6.11841
6.4643
6.85861
7.30856
7.82267
8.41094
9.08514
9.85921
10.7496
3.85564
3.86248
3.85715
3.85282
3.84956
3.84765
3.84732
3.84884
3.8525
3.85865
3.86764
3.87989
3.89584
3.91601
3.94094
3.97126
4.00764
4.05085
4.10172
4.16122
4.2304
4.31045
4.40272
4.50872
4.63018
4.76903
4.92752
5.10819
5.31397
5.54824
5.81493
6.11855
6.46442
6.85873
7.30867
7.82278
8.41102
9.08523
9.85929
10.7497
3.85544
3.86228
3.85695
3.85261
3.84935
3.84744
3.8471
3.84862
3.85228
3.85842
3.86741
3.87965
3.8956
3.91577
3.9407
3.97101
4.00738
4.05058
4.10145
4.16094
4.23011
4.31016
4.40243
4.50842
4.62987
4.76872
4.9272
5.10786
5.31364
5.5479
5.81458
6.1182
6.46407
6.85836
7.3083
7.82239
8.41063
9.08484
9.85889
10.7492
3.85465
3.86148
3.85614
3.8518
3.84853
3.84661
3.84627
3.84778
3.85144
3.85757
3.86656
3.8788
3.89475
3.91491
3.93983
3.97014
4.00651
4.04971
4.10058
4.16007
4.22924
4.30929
4.40156
4.50755
4.629
4.76785
4.92633
5.10699
5.31276
5.54702
5.8137
6.11732
6.46318
6.85747
7.30741
7.8215
8.40975
9.08393
9.85798
10.7483
3.85393
3.86076
3.85541
3.85107
3.84779
3.84586
3.84552
3.84702
3.85067
3.8568
3.86578
3.87801
3.89395
3.91411
3.93904
3.96934
4.00571
4.0489
4.09976
4.15925
4.22841
4.30846
4.40072
4.50671
4.62815
4.76699
4.92547
5.10613
5.31189
5.54615
5.81282
6.11642
6.46228
6.85657
7.3065
7.82059
8.40883
9.083
9.85704
10.7474
3.85406
3.86088
3.85553
3.85118
3.8479
3.84597
3.84562
3.84712
3.85076
3.85688
3.86585
3.87808
3.89402
3.91416
3.93908
3.96937
4.00573
4.04892
4.09977
4.15925
4.22841
4.30845
4.4007
4.50668
4.62812
4.76695
4.92542
5.10607
5.31183
5.54608
5.81274
6.11633
6.46219
6.85647
7.30639
7.82047
8.40868
9.08288
9.85687
10.7471
3.8548
3.86162
3.85627
3.85191
3.84863
3.8467
3.84634
3.84783
3.85147
3.85758
3.86654
3.87876
3.89469
3.91483
3.93974
3.97002
4.00637
4.04954
4.10039
4.15986
4.22901
4.30904
4.40128
4.50726
4.62869
4.76751
4.92597
5.10661
5.31236
5.5466
5.81326
6.11686
6.46271
6.85698
7.30689
7.82098
8.40921
9.08333
9.85734
10.7478
3.85465
3.86147
3.85611
3.85175
3.84846
3.84652
3.84616
3.84764
3.85127
3.85738
3.86633
3.87854
3.89445
3.91458
3.93948
3.96975
4.00609
4.04926
4.10009
4.15955
4.22869
4.30872
4.40095
4.50692
4.62835
4.76717
4.92563
5.10627
5.31201
5.54626
5.81292
6.11651
6.46236
6.85664
7.30657
7.82063
8.40883
9.08296
9.85705
10.7473
3.85321
3.86002
3.85465
3.85029
3.84699
3.84504
3.84467
3.84614
3.84976
3.85586
3.8648
3.87701
3.89292
3.91304
3.93793
3.9682
4.00454
4.04771
4.09855
4.15802
4.22717
4.3072
4.39945
4.50543
4.62687
4.7657
4.92417
5.10482
5.31059
5.54485
5.81152
6.11514
6.46101
6.8553
7.30523
7.81932
8.40752
9.08176
9.85576
10.7462
3.85216
3.85895
3.85357
3.84919
3.84588
3.84392
3.84354
3.845
3.8486
3.85469
3.86363
3.87583
3.89174
3.91186
3.93676
3.96703
4.00338
4.04656
4.09742
4.1569
4.22607
4.30612
4.39839
4.5044
4.62586
4.76473
4.92322
5.10391
5.3097
5.54399
5.81071
6.11434
6.46023
6.85457
7.30451
7.81859
8.4069
9.08107
9.85515
10.7455
3.85091
3.85769
3.85229
3.8479
3.84457
3.84259
3.8422
3.84366
3.84726
3.85336
3.8623
3.87452
3.89044
3.91059
3.93551
3.96582
4.00221
4.04543
4.09633
4.15586
4.22509
4.3052
4.39754
4.50361
4.62514
4.76407
4.92263
5.10338
5.30925
5.5436
5.81037
6.11408
6.46005
6.8544
7.30441
7.81865
8.40691
9.08122
9.85529
10.7457
3.84814
3.85488
3.84945
3.84502
3.84167
3.83969
3.83929
3.84076
3.84439
3.85051
3.85951
3.87179
3.8878
3.90804
3.93308
3.96351
4.00004
4.04342
4.09449
4.15421
4.22362
4.30394
4.39648
4.50277
4.62452
4.76368
4.92248
5.10346
5.30956
5.54416
5.81116
6.11509
6.46128
6.85586
7.30615
7.82047
8.40899
9.0834
9.85763
10.7482
3.84657
3.85339
3.84796
3.84356
3.84025
3.83834
3.83806
3.83969
3.84354
3.84995
3.8593
3.87201
3.88853
3.90937
3.9351
3.96632
4.00372
4.04807
4.10022
4.16111
4.2318
4.31348
4.4075
4.51536
4.63879
4.77973
4.94041
5.1234
5.33161
5.56843
5.83779
6.14424
6.49304
6.89049
7.34365
7.86125
8.4531
9.13115
9.9093
10.8039
3.93612
3.94944
3.94841
3.94863
3.95028
3.95382
3.95962
3.96812
3.97974
3.99496
4.01427
4.03819
4.0673
4.10219
4.14354
4.19205
4.24852
4.31382
4.38892
4.47488
4.5729
4.68432
4.81067
4.95363
5.11514
5.29741
5.50293
5.73458
5.99565
6.28994
6.62183
6.99639
7.41953
7.89806
8.43996
9.0545
9.75246
10.5465
11.4512
12.4839
3.94456
3.95694
3.95503
3.95429
3.95495
3.95743
3.96214
3.96949
3.97992
3.99389
4.0119
4.03449
4.0622
4.09566
4.13552
4.1825
4.23739
4.30105
4.37445
4.45865
4.55485
4.66439
4.78877
4.92968
5.08907
5.26911
5.4723
5.70151
5.96002
6.25162
6.58069
6.95228
7.37227
7.84749
8.38589
8.9967
9.69072
10.4805
11.3808
12.4087
3.94795
3.96018
3.9581
3.9572
3.95768
3.95999
3.96451
3.97166
3.98189
3.99566
4.01347
4.03585
4.06335
4.0966
4.13624
4.183
4.23766
4.3011
4.37428
4.45825
4.55423
4.66354
4.78769
4.92838
5.08753
5.26734
5.4703
5.69928
5.95757
6.24895
6.5778
6.94917
7.36895
7.84397
8.38217
8.99281
9.68666
10.4763
11.3765
12.4043
3.94915
3.96138
3.9593
3.95839
3.95887
3.96117
3.96568
3.97283
3.98305
3.9968
4.01459
4.03694
4.06442
4.09764
4.13724
4.18397
4.23859
4.30199
4.37512
4.45904
4.55496
4.66422
4.78831
4.92894
5.08804
5.26779
5.47069
5.69962
5.95786
6.24918
6.57797
6.94929
7.36902
7.84399
8.38215
8.99273
9.68654
10.4761
11.3763
12.4041
3.94961
3.96184
3.95977
3.95888
3.95937
3.96169
3.96622
3.97338
3.98361
3.99737
4.01517
4.03753
4.06501
4.09823
4.13784
4.18456
4.23918
4.30257
4.37569
4.4596
4.55551
4.66475
4.78882
4.92943
5.0885
5.26823
5.47112
5.70002
5.95823
6.24953
6.5783
6.9496
7.3693
7.84425
8.38238
8.99294
9.68673
10.4763
11.3764
12.4042
3.94982
3.96206
3.96
3.95912
3.95962
3.96195
3.96649
3.97366
3.9839
3.99768
4.01549
4.03786
4.06535
4.09858
4.1382
4.18492
4.23955
4.30294
4.37606
4.45998
4.55589
4.66513
4.7892
4.9298
5.08888
5.2686
5.47148
5.70038
5.95858
6.24988
6.57863
6.94992
7.36962
7.84456
8.38267
8.99323
9.687
10.4766
11.3767
12.4045
3.94996
3.9622
3.96015
3.95928
3.95979
3.96212
3.96667
3.97385
3.9841
3.99789
4.0157
4.03808
4.06558
4.09882
4.13844
4.18518
4.23982
4.30322
4.37635
4.46027
4.55619
4.66543
4.78951
4.93012
5.0892
5.26893
5.47182
5.70072
5.95893
6.25022
6.57898
6.95027
7.36997
7.84491
8.38303
8.99359
9.68736
10.477
11.3771
12.4048
3.9501
3.96236
3.96031
3.95944
3.95996
3.9623
3.96685
3.97404
3.98429
3.99809
4.01591
4.0383
4.0658
4.09905
4.13868
4.18543
4.24007
4.30348
4.37662
4.46055
4.55647
4.66573
4.78982
4.93044
5.08952
5.26926
5.47215
5.70106
5.95927
6.25057
6.57933
6.95063
7.37033
7.84527
8.38339
8.99395
9.68773
10.4773
11.3774
12.4052
3.95029
3.96255
3.9605
3.95964
3.96016
3.9625
3.96706
3.97425
3.98451
3.99831
4.01614
4.03853
4.06605
4.0993
4.13894
4.18569
4.24034
4.30375
4.3769
4.46083
4.55676
4.66602
4.79012
4.93075
5.08984
5.26958
5.47248
5.7014
5.95961
6.25092
6.57969
6.95098
7.37069
7.84564
8.38377
8.99433
9.68813
10.4777
11.3778
12.4057
3.95046
3.96272
3.96068
3.95982
3.96034
3.96269
3.96726
3.97445
3.98471
3.99851
4.01635
4.03874
4.06626
4.09951
4.13916
4.18591
4.24057
4.30399
4.37713
4.46107
4.55701
4.66627
4.79037
4.93101
5.0901
5.26985
5.47275
5.70167
5.95989
6.2512
6.57998
6.95128
7.37099
7.84595
8.38409
8.99466
9.68847
10.4781
11.3782
12.406
3.95056
3.96282
3.96079
3.95993
3.96045
3.9628
3.96737
3.97456
3.98483
3.99863
4.01647
4.03887
4.06639
4.09964
4.13929
4.18605
4.2407
4.30412
4.37727
4.46121
4.55715
4.66642
4.79052
4.93116
5.09026
5.27001
5.47291
5.70184
5.96006
6.25137
6.58016
6.95147
7.37119
7.84615
8.3843
8.99489
9.68871
10.4783
11.3785
12.4063
3.95057
3.96283
3.9608
3.95994
3.96046
3.96281
3.96738
3.97458
3.98484
3.99865
4.01648
4.03888
4.0664
4.09966
4.13931
4.18606
4.24072
4.30414
4.37729
4.46124
4.55717
4.66644
4.79054
4.93118
5.09028
5.27003
5.47294
5.70187
5.96009
6.25142
6.5802
6.95152
7.37125
7.84623
8.38439
8.99499
9.68882
10.4784
11.3786
12.4065
3.9505
3.96276
3.96072
3.95986
3.96039
3.96274
3.9673
3.9745
3.98476
3.99857
4.0164
4.0388
4.06632
4.09958
4.13922
4.18598
4.24063
4.30406
4.37721
4.46115
4.55709
4.66636
4.79046
4.9311
5.0902
5.26995
5.47286
5.70179
5.96002
6.25134
6.58014
6.95147
7.3712
7.84618
8.38435
8.99496
9.6888
10.4784
11.3786
12.4065
3.95035
3.96261
3.96057
3.95971
3.96023
3.96258
3.96714
3.97433
3.98459
3.9984
4.01623
4.03863
4.06614
4.0994
4.13904
4.1858
4.24045
4.30387
4.37702
4.46097
4.5569
4.66617
4.79027
4.93091
5.09001
5.26976
5.47267
5.7016
5.95984
6.25117
6.57996
6.9513
7.37104
7.84602
8.3842
8.99481
9.68866
10.4783
11.3784
12.4064
3.95012
3.96237
3.96033
3.95946
3.95998
3.96232
3.96688
3.97406
3.98432
3.99812
4.01595
4.03834
4.06586
4.09911
4.13875
4.1855
4.24015
4.30358
4.37672
4.46067
4.5566
4.66587
4.78997
4.9306
5.0897
5.26946
5.47237
5.7013
5.95954
6.25087
6.57967
6.95101
7.37075
7.84574
8.38392
8.99454
9.6884
10.478
11.3782
12.4061
3.94981
3.96206
3.96001
3.95914
3.95965
3.96199
3.96654
3.97373
3.98398
3.99777
4.0156
4.03798
4.0655
4.09874
4.13838
4.18513
4.23978
4.3032
4.37635
4.46029
4.55622
4.66548
4.78958
4.93022
5.08932
5.26907
5.47198
5.70092
5.95916
6.25049
6.57929
6.95062
7.37038
7.84536
8.38354
8.99417
9.68803
10.4777
11.3778
12.4058
3.94951
3.96176
3.9597
3.95883
3.95934
3.96167
3.96622
3.97339
3.98364
3.99743
4.01525
4.03763
4.06514
4.09838
4.13801
4.18476
4.23941
4.30282
4.37597
4.4599
4.55583
4.6651
4.78919
4.92982
5.08892
5.26868
5.47159
5.70052
5.95876
6.25009
6.5789
6.95023
7.36999
7.84497
8.38316
8.99378
9.68765
10.4773
11.3775
12.4054
3.94927
3.96152
3.95946
3.95858
3.95908
3.96141
3.96595
3.97312
3.98336
3.99714
4.01496
4.03733
4.06484
4.09807
4.1377
4.18445
4.23909
4.3025
4.37564
4.45957
4.5555
4.66476
4.78885
4.92948
5.08858
5.26834
5.47125
5.70018
5.95842
6.24975
6.57856
6.94988
7.36964
7.84462
8.38281
8.99343
9.68731
10.477
11.3771
12.4051
3.94906
3.9613
3.95924
3.95835
3.95885
3.96117
3.96571
3.97287
3.98311
3.99688
4.01469
4.03706
4.06456
4.09779
4.13742
4.18415
4.23879
4.3022
4.37533
4.45926
4.55518
4.66443
4.78853
4.92915
5.08825
5.268
5.47091
5.69984
5.95808
6.2494
6.57821
6.94953
7.36929
7.84427
8.38246
8.99308
9.68696
10.4766
11.3768
12.4047
3.94884
3.96107
3.959
3.95811
3.9586
3.96092
3.96545
3.97261
3.98284
3.99661
4.01441
4.03677
4.06426
4.09749
4.13711
4.18384
4.23847
4.30187
4.37499
4.45891
4.55483
4.66408
4.78817
4.9288
5.08789
5.26764
5.47054
5.69947
5.9577
6.24903
6.57783
6.94916
7.36891
7.84389
8.38208
8.9927
9.68658
10.4762
11.3764
12.4043
3.94862
3.96085
3.95877
3.95788
3.95836
3.96067
3.9652
3.97235
3.98257
3.99634
4.01413
4.03649
4.06398
4.09719
4.13681
4.18353
4.23815
4.30155
4.37467
4.45858
4.5545
4.66374
4.78783
4.92845
5.08754
5.26728
5.47019
5.69911
5.95734
6.24867
6.57746
6.94879
7.36854
7.84352
8.38171
8.99233
9.6862
10.4759
11.376
12.404
3.94842
3.96065
3.95857
3.95767
3.95815
3.96046
3.96498
3.97213
3.98234
3.9961
4.01389
4.03624
4.06372
4.09693
4.13654
4.18326
4.23787
4.30126
4.37437
4.45829
4.5542
4.66344
4.78752
4.92814
5.08722
5.26696
5.46986
5.69878
5.957
6.24832
6.57711
6.94843
7.36818
7.84316
8.38135
8.99196
9.68584
10.4755
11.3757
12.4036
3.94822
3.96044
3.95836
3.95745
3.95793
3.96023
3.96474
3.97189
3.9821
3.99585
4.01363
4.03598
4.06345
4.09666
4.13625
4.18296
4.23758
4.30096
4.37407
4.45798
4.55388
4.66312
4.78719
4.9278
5.08688
5.26662
5.46951
5.69842
5.95664
6.24796
6.57674
6.94807
7.36781
7.84278
8.38097
8.99158
9.68546
10.4751
11.3753
12.4032
3.94793
3.96015
3.95806
3.95716
3.95762
3.95992
3.96443
3.97156
3.98177
3.99551
4.01329
4.03563
4.06309
4.09629
4.13588
4.18259
4.23719
4.30057
4.37367
4.45758
4.55348
4.66271
4.78678
4.92739
5.08646
5.26619
5.46908
5.698
5.95621
6.24753
6.57631
6.94763
7.36738
7.84234
8.38053
8.99114
9.685
10.4747
11.3748
12.4027
3.94755
3.95976
3.95767
3.95675
3.95722
3.9595
3.96401
3.97114
3.98134
3.99508
4.01285
4.03518
4.06264
4.09583
4.13541
4.18211
4.23671
4.30008
4.37319
4.45709
4.55298
4.66221
4.78627
4.92688
5.08595
5.26567
5.46856
5.69747
5.95568
6.247
6.57577
6.94709
7.36683
7.84179
8.37997
8.99057
9.68443
10.4741
11.3742
12.4022
3.94717
3.95938
3.95728
3.95636
3.95681
3.9591
3.96359
3.97072
3.98091
3.99465
4.01241
4.03474
4.06219
4.09538
4.13496
4.18165
4.23625
4.29962
4.37272
4.45661
4.5525
4.66172
4.78578
4.92638
5.08545
5.26517
5.46805
5.69695
5.95516
6.24647
6.57524
6.94655
7.36628
7.84123
8.37941
8.99
9.68386
10.4735
11.3736
12.4015
3.94701
3.95922
3.95712
3.95619
3.95665
3.95893
3.96342
3.97054
3.98073
3.99446
4.01222
4.03455
4.06199
4.09517
4.13475
4.18144
4.23604
4.2994
4.37249
4.45638
4.55227
4.66149
4.78554
4.92614
5.0852
5.26492
5.4678
5.6967
5.9549
6.24621
6.57497
6.94628
7.36601
7.84095
8.37912
8.9897
9.68355
10.4732
11.3733
12.4012
3.94722
3.95943
3.95733
3.9564
3.95685
3.95913
3.96362
3.97074
3.98093
3.99465
4.01241
4.03473
4.06217
4.09535
4.13492
4.1816
4.23619
4.29955
4.37264
4.45652
4.5524
4.66162
4.78566
4.92625
5.08531
5.26502
5.46789
5.69678
5.95498
6.24628
6.57504
6.94634
7.36606
7.841
8.37915
8.98974
9.68357
10.4732
11.3733
12.4012
3.94751
3.95972
3.95762
3.95669
3.95714
3.95941
3.9639
3.97102
3.9812
3.99492
4.01268
4.03499
4.06242
4.09559
4.13516
4.18184
4.23642
4.29977
4.37284
4.45672
4.55259
4.66179
4.78583
4.92641
5.08545
5.26516
5.46802
5.6969
5.95509
6.24638
6.57513
6.94641
7.36612
7.84105
8.3792
8.98977
9.68359
10.4732
11.3733
12.4012
3.94732
3.95952
3.95742
3.95649
3.95693
3.9592
3.96369
3.9708
3.98098
3.99469
4.01244
4.03475
4.06218
4.09534
4.1349
4.18158
4.23615
4.29949
4.37257
4.45644
4.55231
4.66151
4.78554
4.92612
5.08516
5.26486
5.46772
5.6966
5.95478
6.24606
6.5748
6.94609
7.36579
7.84071
8.37885
8.9894
9.68324
10.4728
11.3729
12.4008
3.94654
3.95874
3.95662
3.95569
3.95613
3.95839
3.96287
3.96997
3.98014
3.99386
4.0116
4.0339
4.06132
4.09449
4.13405
4.18072
4.23529
4.29863
4.3717
4.45556
4.55143
4.66062
4.78465
4.92523
5.08426
5.26396
5.46681
5.69569
5.95386
6.24514
6.57388
6.94515
7.36485
7.83977
8.3779
8.98846
9.68227
10.4718
11.3719
12.3998
3.94584
3.95802
3.9559
3.95496
3.95539
3.95765
3.96211
3.96921
3.97938
3.99308
4.01082
4.03311
4.06054
4.09369
4.13324
4.17991
4.23447
4.2978
4.37087
4.45473
4.55058
4.65977
4.7838
4.92437
5.0834
5.26309
5.46593
5.6948
5.95297
6.24424
6.57297
6.94424
7.36393
7.83884
8.37696
8.98751
9.68129
10.4709
11.371
12.3988
3.94596
3.95814
3.95602
3.95507
3.95549
3.95775
3.96221
3.9693
3.97946
3.99316
4.01089
4.03317
4.06059
4.09374
4.13329
4.17995
4.23451
4.29783
4.37089
4.45474
4.5506
4.65978
4.7838
4.92436
5.08339
5.26306
5.46591
5.69477
5.95293
6.2442
6.57291
6.94418
7.36387
7.83876
8.37687
8.98739
9.68118
10.4707
11.3708
12.3985
3.94669
3.95887
3.95675
3.95579
3.95621
3.95846
3.96292
3.97
3.98015
3.99384
4.01156
4.03383
4.06124
4.09437
4.13391
4.18055
4.23509
4.29841
4.37145
4.45529
4.55112
4.66029
4.7843
4.92485
5.08386
5.26353
5.46636
5.69521
5.95336
6.24462
6.57333
6.94459
7.36426
7.83914
8.37726
8.98776
9.68155
10.4711
11.3712
12.3991
3.94656
3.95873
3.9566
3.95564
3.95606
3.95829
3.96274
3.96981
3.97995
3.99363
4.01134
4.0336
4.061
4.09413
4.13365
4.18028
4.23481
4.29812
4.37115
4.45498
4.55082
4.65998
4.78398
4.92453
5.08354
5.2632
5.46603
5.69488
5.95303
6.24429
6.573
6.94425
7.36393
7.83882
8.37689
8.9874
9.6812
10.4708
11.3707
12.3986
3.94517
3.95733
3.95518
3.95421
3.95461
3.95684
3.96128
3.96834
3.97847
3.99213
4.00983
4.03209
4.05947
4.0926
4.13211
4.17874
4.23327
4.29658
4.36961
4.45345
4.54929
4.65846
4.78247
4.92302
5.08204
5.26172
5.46456
5.69342
5.95158
6.24284
6.57157
6.94284
7.36251
7.83741
8.37552
8.98608
9.6798
10.4694
11.3695
12.3972
3.94415
3.95629
3.95413
3.95314
3.95353
3.95574
3.96016
3.9672
3.97732
3.99098
4.00867
4.03093
4.05832
4.09144
4.13096
4.1776
4.23214
4.29546
4.36851
4.45237
4.54822
4.65742
4.78146
4.92204
5.08108
5.26079
5.46366
5.69254
5.95074
6.24204
6.5708
6.94208
7.36181
7.83674
8.37486
8.98542
9.67929
10.4688
11.3689
12.3968
3.9429
3.95503
3.95284
3.95183
3.9522
3.95439
3.95881
3.96585
3.97596
3.98963
4.00733
4.0296
4.05701
4.09016
4.12971
4.17639
4.23097
4.29434
4.36744
4.45135
4.54727
4.65653
4.78063
4.92127
5.08039
5.26016
5.46309
5.69205
5.95031
6.24168
6.5705
6.94186
7.36163
7.83661
8.37483
8.98539
9.67928
10.4689
11.369
12.3969
3.94006
3.95214
3.94991
3.94888
3.94922
3.95141
3.95583
3.9629
3.97305
3.98677
4.00455
4.02692
4.05444
4.08772
4.12743
4.17427
4.22904
4.29259
4.3659
4.45003
4.54617
4.65566
4.78001
4.9209
5.08026
5.26029
5.46348
5.69269
5.95122
6.24284
6.5719
6.94351
7.36353
7.83872
8.37715
8.98803
9.68203
10.4718
11.3721
12.4002
3.93863
3.95083
3.94867
3.94773
3.94824
3.95064
3.95534
3.96278
3.97338
3.98764
4.00606
4.02917
4.05753
4.09175
4.13251
4.18051
4.23654
4.30147
4.37626
4.46198
4.55983
4.67112
4.79738
4.94029
5.10179
5.28406
5.48962
5.72132
5.98245
6.27681
6.60878
6.98341
7.40662
7.88525
8.42721
9.04178
9.73984
10.5338
11.4386
12.4712
4.05146
4.0721
4.07598
4.08155
4.0892
4.0996
4.11333
4.13097
4.15312
4.18038
4.21335
4.25268
4.29901
4.35305
4.41554
4.48729
4.56917
4.66217
4.76735
4.8859
5.01916
5.16863
5.336
5.52316
5.73227
5.96581
6.22656
6.51773
6.843
7.20658
7.61334
8.06888
8.57966
9.15313
9.79792
10.5239
11.3426
12.2671
13.3125
14.4962
4.05828
4.0778
4.08059
4.085
4.09143
4.10054
4.11291
4.12914
4.1498
4.17552
4.20688
4.24454
4.28914
4.34139
4.40202
4.47184
4.55174
4.64267
4.74572
4.86206
4.99303
5.14013
5.30502
5.48961
5.69605
5.9268
6.18465
6.47279
6.7949
7.15518
7.55849
8.0104
8.51737
9.08686
9.72746
10.4491
11.2631
12.1827
13.2229
14.4011
4.06136
4.08071
4.08332
4.08755
4.09378
4.10269
4.11486
4.13087
4.15132
4.17681
4.20795
4.24537
4.28973
4.34174
4.40213
4.4717
4.55135
4.64204
4.74483
4.86092
4.99163
5.13846
5.3031
5.48743
5.69361
5.9241
6.18169
6.46958
6.79143
7.15146
7.55451
8.00618
8.51292
9.08218
9.72255
10.444
11.2578
12.1773
13.2174
14.3955
4.06249
4.08184
4.08445
4.08868
4.09491
4.10382
4.11598
4.13198
4.15242
4.17789
4.20901
4.24641
4.29075
4.34272
4.40307
4.47261
4.55221
4.64285
4.74559
4.86163
4.99229
5.13907
5.30365
5.48792
5.69405
5.92448
6.18202
6.46985
6.79166
7.15163
7.55463
8.00624
8.51293
9.08214
9.72248
10.4438
11.2576
12.177
13.2171
14.3952
4.06291
4.08228
4.08491
4.08915
4.0954
4.10433
4.11651
4.13252
4.15298
4.17846
4.20959
4.247
4.29134
4.34331
4.40366
4.4732
4.5528
4.64343
4.74616
4.86219
4.99284
5.1396
5.30416
5.48842
5.69453
5.92494
6.18246
6.47027
6.79205
7.15201
7.55498
8.00658
8.51325
9.08244
9.72276
10.4441
11.2579
12.1773
13.2174
14.3955
4.06311
4.08249
4.08513
4.08939
4.09565
4.10459
4.11678
4.13281
4.15328
4.17877
4.20992
4.24733
4.29168
4.34367
4.40403
4.47357
4.55318
4.64382
4.74656
4.86259
4.99324
5.14
5.30456
5.48882
5.69493
5.92534
6.18285
6.47066
6.79244
7.15238
7.55535
8.00694
8.51361
9.08279
9.7231
10.4444
11.2582
12.1776
13.2177
14.3959
4.06324
4.08263
4.08528
4.08954
4.09582
4.10476
4.11697
4.13301
4.15348
4.17899
4.21014
4.24757
4.29193
4.34392
4.4043
4.47385
4.55347
4.64412
4.74687
4.86291
4.99357
5.14035
5.30492
5.48918
5.6953
5.92572
6.18323
6.47105
6.79283
7.15278
7.55575
8.00735
8.51402
9.08321
9.72353
10.4449
11.2587
12.1781
13.2182
14.3963
4.06339
4.08278
4.08544
4.08971
4.09599
4.10495
4.11716
4.1332
4.15369
4.1792
4.21036
4.2478
4.29217
4.34418
4.40456
4.47413
4.55375
4.64442
4.74718
4.86323
4.9939
5.14068
5.30526
5.48954
5.69566
5.92608
6.18361
6.47143
6.79322
7.15317
7.55616
8.00776
8.51443
9.08363
9.72395
10.4453
11.2591
12.1785
13.2187
14.3968
4.06357
4.08297
4.08563
4.08991
4.0962
4.10516
4.11737
4.13343
4.15392
4.17944
4.21061
4.24805
4.29243
4.34444
4.40484
4.47441
4.55405
4.64472
4.74749
4.86354
4.99422
5.14101
5.3056
5.48988
5.69601
5.92645
6.18398
6.47181
6.79361
7.15357
7.55657
8.00817
8.51486
9.08407
9.7244
10.4458
11.2596
12.179
13.2191
14.3973
4.06375
4.08314
4.08581
4.09009
4.09638
4.10535
4.11757
4.13363
4.15413
4.17965
4.21083
4.24827
4.29266
4.34468
4.40507
4.47465
4.5543
4.64497
4.74774
4.86381
4.99449
5.14129
5.30588
5.49017
5.6963
5.92675
6.18429
6.47213
6.79393
7.15391
7.55691
8.00853
8.51522
9.08444
9.72478
10.4462
11.26
12.1794
13.2196
14.3978
4.06385
4.08325
4.08592
4.0902
4.0965
4.10547
4.11769
4.13375
4.15425
4.17978
4.21096
4.24841
4.2928
4.34482
4.40522
4.4748
4.55444
4.64512
4.7479
4.86396
4.99465
5.14145
5.30605
5.49034
5.69648
5.92693
6.18448
6.47233
6.79414
7.15412
7.55713
8.00876
8.51547
9.0847
9.72505
10.4464
11.2603
12.1797
13.2199
14.3981
4.06386
4.08327
4.08593
4.09022
4.09652
4.10549
4.11771
4.13377
4.15427
4.1798
4.21098
4.24843
4.29282
4.34484
4.40524
4.47482
4.55447
4.64515
4.74792
4.86399
4.99468
5.14148
5.30608
5.49038
5.69653
5.92698
6.18454
6.47239
6.7942
7.15419
7.55721
8.00885
8.51556
9.0848
9.72517
10.4466
11.2604
12.1799
13.2201
14.3983
4.0638
4.0832
4.08587
4.09015
4.09645
4.10541
4.11764
4.1337
4.15419
4.17972
4.2109
4.24835
4.29274
4.34476
4.40516
4.47474
4.55439
4.64506
4.74784
4.86391
4.9946
5.1414
5.306
5.4903
5.69645
5.92691
6.18446
6.47232
6.79414
7.15414
7.55716
8.00881
8.51553
9.08478
9.72516
10.4466
11.2604
12.1799
13.2201
14.3984
4.06366
4.08306
4.08572
4.09
4.09629
4.10526
4.11747
4.13353
4.15403
4.17956
4.21073
4.24818
4.29256
4.34458
4.40498
4.47456
4.5542
4.64488
4.74766
4.86372
4.99441
5.14122
5.30582
5.49012
5.69627
5.92673
6.18428
6.47214
6.79396
7.15396
7.557
8.00865
8.51538
9.08464
9.72502
10.4465
11.2603
12.1798
13.2201
14.3983
4.06343
4.08283
4.08549
4.08976
4.09605
4.10501
4.11722
4.13328
4.15377
4.17929
4.21046
4.2479
4.29229
4.3443
4.40469
4.47427
4.55391
4.64459
4.74737
4.86343
4.99412
5.14093
5.30553
5.48982
5.69597
5.92643
6.18399
6.47185
6.79368
7.15368
7.55672
8.00837
8.51512
9.08438
9.72478
10.4462
11.2601
12.1796
13.2198
14.3981
4.06314
4.08253
4.08518
4.08945
4.09573
4.10469
4.1169
4.13295
4.15343
4.17895
4.21012
4.24756
4.29193
4.34394
4.40433
4.47391
4.55355
4.64422
4.747
4.86306
4.99375
5.14056
5.30515
5.48945
5.6956
5.92606
6.18361
6.47148
6.79331
7.15332
7.55636
8.00802
8.51476
9.08403
9.72443
10.4459
11.2598
12.1792
13.2195
14.3978
4.06285
4.08224
4.08489
4.08915
4.09542
4.10437
4.11658
4.13262
4.1531
4.17861
4.20977
4.24721
4.29158
4.34358
4.40397
4.47354
4.55318
4.64385
4.74663
4.86269
4.99337
5.14017
5.30477
5.48906
5.69521
5.92567
6.18323
6.4711
6.79292
7.15294
7.55598
8.00765
8.51439
9.08367
9.72408
10.4455
11.2594
12.1789
13.2192
14.3975
4.06262
4.082
4.08465
4.08891
4.09517
4.10412
4.11631
4.13235
4.15282
4.17833
4.20948
4.24691
4.29128
4.34328
4.40366
4.47323
4.55286
4.64353
4.7463
4.86236
4.99304
5.13984
5.30443
5.48873
5.69487
5.92533
6.18289
6.47076
6.79259
7.15261
7.55565
8.00732
8.51406
9.08334
9.72374
10.4452
11.2591
12.1786
13.2189
14.3971
4.06243
4.0818
4.08444
4.08869
4.09495
4.10389
4.11608
4.13211
4.15258
4.17808
4.20922
4.24665
4.29101
4.343
4.40338
4.47294
4.55257
4.64324
4.746
4.86205
4.99273
5.13952
5.30412
5.48841
5.69456
5.92501
6.18257
6.47044
6.79227
7.15228
7.55532
8.00699
8.51373
9.08301
9.72341
10.4449
11.2588
12.1782
13.2185
14.3968
4.06221
4.08158
4.08421
4.08846
4.09471
4.10364
4.11583
4.13185
4.15231
4.1778
4.20894
4.24636
4.29071
4.3427
4.40307
4.47263
4.55225
4.64291
4.74567
4.86172
4.99239
5.13918
5.30377
5.48806
5.69421
5.92466
6.18222
6.47009
6.79192
7.15193
7.55496
8.00664
8.51337
9.08265
9.72305
10.4445
11.2584
12.1779
13.2182
14.3964
4.062
4.08136
4.08399
4.08823
4.09448
4.1034
4.11558
4.13159
4.15205
4.17753
4.20866
4.24607
4.29042
4.3424
4.40277
4.47232
4.55194
4.64259
4.74534
4.86139
4.99206
5.13884
5.30343
5.48772
5.69386
5.92432
6.18187
6.46973
6.79156
7.15156
7.5546
8.00627
8.513
9.08229
9.72269
10.4442
11.258
12.1775
13.2178
14.3961
4.06181
4.08117
4.08379
4.08803
4.09427
4.10319
4.11536
4.13137
4.15182
4.1773
4.20842
4.24582
4.29017
4.34214
4.4025
4.47205
4.55166
4.6423
4.74505
4.86109
4.99176
5.13854
5.30312
5.48741
5.69355
5.924
6.18155
6.4694
6.79122
7.15122
7.55425
8.00592
8.51264
9.08193
9.72232
10.4438
11.2577
12.1772
13.2174
14.3957
4.06162
4.08097
4.08359
4.08782
4.09405
4.10297
4.11513
4.13113
4.15157
4.17704
4.20816
4.24556
4.28989
4.34186
4.40221
4.47175
4.55136
4.64199
4.74474
4.86078
4.99144
5.13822
5.3028
5.48708
5.69322
5.92366
6.18121
6.46905
6.79087
7.15087
7.55389
8.00555
8.51227
9.08155
9.72194
10.4434
11.2573
12.1768
13.217
14.3953
4.06134
4.08069
4.0833
4.08752
4.09375
4.10266
4.11481
4.13081
4.15124
4.1767
4.20781
4.2452
4.28953
4.34149
4.40183
4.47137
4.55096
4.6416
4.74434
4.86037
4.99103
5.13781
5.30238
5.48666
5.69279
5.92323
6.18077
6.46861
6.79043
7.15042
7.55344
8.0051
8.51181
9.08109
9.72147
10.4429
11.2568
12.1763
13.2165
14.3948
4.06097
4.08031
4.08291
4.08713
4.09335
4.10225
4.11439
4.13038
4.15081
4.17626
4.20737
4.24475
4.28907
4.34102
4.40136
4.47088
4.55048
4.64111
4.74384
4.85987
4.99052
5.13729
5.30187
5.48613
5.69226
5.92269
6.18023
6.46806
6.78987
7.14985
7.55287
8.00452
8.51122
9.08049
9.72087
10.4423
11.2562
12.1756
13.2159
14.3942
4.0606
4.07993
4.08253
4.08673
4.09295
4.10184
4.11398
4.12996
4.15038
4.17583
4.20693
4.24431
4.28862
4.34057
4.4009
4.47042
4.55001
4.64064
4.74337
4.85939
4.99004
5.13681
5.30137
5.48564
5.69176
5.92218
6.17972
6.46755
6.78935
7.14932
7.55233
8.00397
8.51067
9.07993
9.7203
10.4417
11.2556
12.175
13.2153
14.3935
4.06045
4.07978
4.08237
4.08657
4.09278
4.10167
4.1138
4.12978
4.15019
4.17564
4.20674
4.24411
4.28841
4.34036
4.40069
4.4702
4.54979
4.64041
4.74314
4.85916
4.9898
5.13656
5.30112
5.48538
5.6915
5.92192
6.17945
6.46727
6.78907
7.14904
7.55204
8.00367
8.51037
9.07961
9.71997
10.4414
11.2553
12.1747
13.215
14.3932
4.06065
4.07998
4.08257
4.08677
4.09298
4.10186
4.11399
4.12997
4.15038
4.17582
4.20691
4.24427
4.28857
4.34051
4.40084
4.47035
4.54992
4.64054
4.74326
4.85927
4.9899
5.13665
5.30121
5.48545
5.69156
5.92197
6.17949
6.4673
6.78909
7.14905
7.55204
8.00367
8.51035
9.07959
9.71993
10.4414
11.2552
12.1746
13.2149
14.3931
4.06093
4.08026
4.08285
4.08705
4.09326
4.10213
4.11426
4.13024
4.15064
4.17608
4.20716
4.24451
4.28881
4.34074
4.40105
4.47055
4.55012
4.64073
4.74344
4.85944
4.99007
5.13681
5.30136
5.4856
5.69169
5.9221
6.17961
6.46741
6.78919
7.14914
7.55212
8.00374
8.51041
9.07963
9.71997
10.4414
11.2552
12.1746
13.2149
14.393
4.06074
4.08007
4.08265
4.08685
4.09305
4.10192
4.11405
4.13001
4.15041
4.17584
4.20691
4.24426
4.28855
4.34048
4.40078
4.47028
4.54985
4.64045
4.74315
4.85915
4.98976
5.1365
5.30104
5.48527
5.69136
5.92176
6.17926
6.46706
6.78883
7.14877
7.55174
8.00335
8.51
9.07922
9.71954
10.4409
11.2548
12.1742
13.2144
14.3926
4.05998
4.0793
4.08187
4.08606
4.09225
4.10111
4.11323
4.12919
4.14958
4.175
4.20607
4.24342
4.2877
4.33962
4.39992
4.46941
4.54897
4.63956
4.74226
4.85825
4.98886
5.13559
5.30012
5.48435
5.69043
5.92082
6.17832
6.4661
6.78787
7.1478
7.55076
8.00236
8.50901
9.07822
9.71852
10.4399
11.2537
12.1731
13.2133
14.3915
4.05929
4.07859
4.08116
4.08533
4.09152
4.10037
4.11248
4.12843
4.14881
4.17423
4.20529
4.24263
4.28691
4.33882
4.39912
4.46861
4.54817
4.63876
4.74145
4.85744
4.98804
5.13477
5.2993
5.48352
5.6896
5.91998
6.17747
6.46525
6.78701
7.14694
7.54989
8.00148
8.50813
9.07733
9.71762
10.439
11.2528
12.1722
13.2123
14.3904
4.05941
4.07871
4.08127
4.08544
4.09161
4.10046
4.11257
4.12851
4.14888
4.17429
4.20535
4.24268
4.28695
4.33886
4.39914
4.46862
4.54816
4.63874
4.74141
4.85739
4.98798
5.1347
5.29921
5.48342
5.68949
5.91986
6.17734
6.46511
6.78685
7.14676
7.5497
8.00128
8.50791
9.07707
9.71736
10.4387
11.2525
12.1718
13.212
14.3903
4.06012
4.07942
4.08198
4.08614
4.09231
4.10116
4.11325
4.12918
4.14955
4.17494
4.20599
4.2433
4.28756
4.33945
4.39973
4.46919
4.54872
4.63928
4.74195
4.85791
4.98849
5.1352
5.2997
5.4839
5.68995
5.92032
6.17778
6.46554
6.78727
7.14718
7.55011
8.00168
8.50829
9.07747
9.71774
10.4391
11.2528
12.1722
13.2123
14.3902
4.06
4.07929
4.08184
4.08599
4.09215
4.10099
4.11307
4.12899
4.14934
4.17472
4.20575
4.24305
4.28729
4.33917
4.39943
4.46888
4.54839
4.63894
4.7416
4.85755
4.98812
5.13482
5.29931
5.4835
5.68955
5.91991
6.17736
6.46512
6.78685
7.14674
7.54967
8.00123
8.50784
9.077
9.71725
10.4386
11.2523
12.1717
13.2118
14.3901
4.05865
4.07792
4.08046
4.0846
4.09074
4.09956
4.11163
4.12754
4.14788
4.17325
4.20427
4.24157
4.28581
4.33769
4.39795
4.4674
4.54691
4.63746
4.74012
4.85608
4.98666
5.13336
5.29786
5.48206
5.68812
5.91849
6.17596
6.46373
6.78546
7.14538
7.54832
7.99989
8.50651
9.07569
9.71595
10.4373
11.2511
12.1704
13.2105
14.3886
4.05766
4.07692
4.07943
4.08355
4.08967
4.09847
4.11052
4.12641
4.14673
4.17209
4.20311
4.2404
4.28463
4.33651
4.39677
4.46623
4.54575
4.63632
4.73899
4.85496
4.98556
5.13228
5.29681
5.48103
5.68712
5.91751
6.175
6.4628
6.78457
7.14451
7.54746
7.99907
8.50572
9.07487
9.71519
10.4366
11.2503
12.1698
13.2099
14.388
4.05643
4.07565
4.07813
4.08222
4.08832
4.0971
4.10914
4.12501
4.14534
4.1707
4.20172
4.23902
4.28328
4.33519
4.39548
4.46498
4.54455
4.63516
4.73788
4.85391
4.98457
5.13135
5.29594
5.48023
5.68637
5.91683
6.17439
6.46225
6.78407
7.14407
7.54709
7.99874
8.50542
9.07469
9.71505
10.4364
11.2503
12.1696
13.2099
14.3881
4.05353
4.0727
4.07515
4.07923
4.08532
4.09412
4.1062
4.12214
4.14255
4.16802
4.19917
4.23662
4.28105
4.33314
4.39364
4.46335
4.54315
4.63401
4.73699
4.85328
4.98421
5.13128
5.29615
5.48072
5.68716
5.91792
6.17577
6.46392
6.78604
7.14632
7.54963
8.00156
8.5085
9.07809
9.71859
10.4402
11.2543
12.1738
13.2141
14.3921
4.05252
4.07194
4.07458
4.07893
4.08539
4.09464
4.10728
4.12389
4.14509
4.17148
4.20366
4.24228
4.28799
4.34149
4.40352
4.47488
4.55645
4.64919
4.75417
4.87258
5.00575
5.15516
5.32249
5.50965
5.71879
5.95236
6.21317
6.5044
6.82973
7.19339
7.60021
8.05581
8.56668
9.14014
9.78506
10.5111
11.3298
12.2543
13.2998
14.4839
4.19697
4.22808
4.23964
4.25377
4.27109
4.29255
4.31893
4.351
4.38949
4.4351
4.48853
4.55049
4.62168
4.70288
4.79488
4.89856
5.01489
5.14491
5.28981
5.4509
5.62965
5.82773
6.047
6.28959
6.55788
6.8546
7.18286
7.5462
7.94867
8.39489
8.89019
9.44063
10.0532
10.7359
11.4979
12.3495
13.3026
14.3704
15.5682
16.9125
4.20139
4.2311
4.24129
4.25396
4.26974
4.28956
4.31422
4.34448
4.38107
4.4247
4.47607
4.53588
4.60485
4.68374
4.77336
4.87457
4.98833
5.11571
5.25788
5.41614
5.59197
5.78702
6.00316
6.24249
6.50742
6.80066
7.1253
7.48489
7.88346
8.32564
8.81672
9.36278
9.9708
10.6488
11.4058
12.2522
13.1999
14.2621
15.4539
16.7922
4.20405
4.23357
4.24357
4.25603
4.27159
4.29118
4.31561
4.34563
4.38196
4.42534
4.47645
4.53599
4.60468
4.68329
4.77262
4.87355
4.98702
5.11411
5.25598
5.41395
5.58948
5.78423
6.00007
6.23911
6.50374
6.79668
7.12103
7.48033
7.8786
8.32049
8.81129
9.35707
9.96483
10.6425
11.3993
12.2455
13.1931
14.2552
15.4469
16.7851
4.2051
4.23462
4.24463
4.25709
4.27265
4.29225
4.31667
4.34668
4.383
4.42636
4.47744
4.53696
4.60562
4.6842
4.77349
4.87437
4.98781
5.11484
5.25667
5.41458
5.59006
5.78476
6.00055
6.23953
6.50411
6.79699
7.12129
7.48053
7.87876
8.32059
8.81134
9.35708
9.96478
10.6424
11.3992
12.2454
13.1928
14.2549
15.4466
16.7847
4.2055
4.23504
4.24507
4.25755
4.27314
4.29275
4.31719
4.34722
4.38356
4.42693
4.47802
4.53754
4.60621
4.68479
4.77409
4.87497
4.9884
5.11543
5.25725
5.41516
5.59063
5.78531
6.00109
6.24005
6.50461
6.79748
7.12176
7.48099
7.8792
8.32101
8.81175
9.35747
9.96517
10.6428
11.3995
12.2457
13.1932
14.2553
15.447
16.7851
4.20569
4.23525
4.24529
4.25779
4.27339
4.29302
4.31748
4.34751
4.38387
4.42725
4.47836
4.5379
4.60658
4.68517
4.77448
4.87537
4.98881
5.11585
5.25768
5.41559
5.59107
5.78576
6.00153
6.2405
6.50506
6.79792
7.1222
7.48142
7.87963
8.32144
8.81217
9.35789
9.96558
10.6432
11.3999
12.2461
13.1936
14.2557
15.4474
16.7855
4.20583
4.2354
4.24545
4.25796
4.27357
4.29321
4.31767
4.34772
4.38409
4.42749
4.47861
4.53816
4.60686
4.68546
4.77478
4.87569
4.98914
5.1162
5.25803
5.41596
5.59145
5.78615
6.00193
6.24091
6.50547
6.79835
7.12263
7.48186
7.88007
8.32189
8.81263
9.35836
9.96607
10.6437
11.4005
12.2467
13.1941
14.2562
15.448
16.7861
4.20598
4.23556
4.24561
4.25813
4.27375
4.2934
4.31787
4.34793
4.38431
4.42772
4.47885
4.53841
4.60712
4.68574
4.77507
4.87599
4.98946
5.11653
5.25838
5.41631
5.59181
5.78652
6.00231
6.2413
6.50587
6.79875
7.12304
7.48228
7.8805
8.32233
8.81308
9.35882
9.96653
10.6442
11.4009
12.2472
13.1946
14.2568
15.4485
16.7866
4.20616
4.23575
4.24581
4.25834
4.27396
4.29362
4.3181
4.34817
4.38456
4.42798
4.47912
4.53869
4.60741
4.68603
4.77537
4.8763
4.98978
5.11686
5.25871
5.41666
5.59216
5.78688
6.00269
6.24168
6.50626
6.79916
7.12346
7.48271
7.88094
8.32279
8.81355
9.3593
9.96703
10.6447
11.4015
12.2477
13.1952
14.2573
15.4491
16.7872
4.20634
4.23593
4.246
4.25853
4.27416
4.29382
4.31831
4.34838
4.38478
4.4282
4.47935
4.53892
4.60765
4.68628
4.77563
4.87657
4.99005
5.11713
5.259
5.41695
5.59246
5.78719
6.003
6.242
6.50659
6.7995
7.12381
7.48308
7.88132
8.32318
8.81395
9.35972
9.96746
10.6451
11.4019
12.2482
13.1957
14.2578
15.4496
16.7878
4.20644
4.23604
4.24611
4.25865
4.27428
4.29394
4.31844
4.34852
4.38491
4.42834
4.47949
4.53907
4.6078
4.68644
4.77579
4.87673
4.99022
5.1173
5.25917
5.41713
5.59265
5.78738
6.0032
6.24221
6.50681
6.79973
7.12406
7.48333
7.88159
8.32346
8.81424
9.36002
9.96777
10.6455
11.4023
12.2485
13.196
14.2582
15.45
16.7882
4.20646
4.23606
4.24614
4.25867
4.2743
4.29397
4.31846
4.34854
4.38494
4.42837
4.47953
4.53911
4.60784
4.68648
4.77583
4.87677
4.99026
5.11735
5.25922
5.41718
5.5927
5.78744
6.00327
6.24229
6.5069
6.79983
7.12417
7.48345
7.88172
8.3236
8.81439
9.36018
9.96794
10.6456
11.4024
12.2487
13.1963
14.2585
15.4503
16.7885
4.20641
4.236
4.24608
4.25861
4.27424
4.29391
4.3184
4.34848
4.38488
4.4283
4.47946
4.53904
4.60777
4.68641
4.77576
4.8767
4.99019
5.11728
5.25916
5.41712
5.59264
5.78739
6.00322
6.24225
6.50686
6.7998
7.12414
7.48343
7.8817
8.32359
8.81439
9.36019
9.96796
10.6457
11.4025
12.2488
13.1963
14.2586
15.4504
16.7886
4.20627
4.23587
4.24594
4.25847
4.27409
4.29376
4.31824
4.34832
4.38472
4.42814
4.47929
4.53887
4.6076
4.68623
4.77558
4.87653
4.99001
5.1171
5.25898
5.41694
5.59247
5.78722
6.00305
6.24208
6.5067
6.79963
7.12398
7.48327
7.88155
8.32344
8.81425
9.36006
9.96783
10.6456
11.4024
12.2487
13.1963
14.2585
15.4504
16.7886
4.20606
4.23564
4.24571
4.25823
4.27386
4.29351
4.318
4.34807
4.38446
4.42788
4.47903
4.5386
4.60733
4.68596
4.77531
4.87624
4.98973
5.11682
5.25869
5.41666
5.59219
5.78694
6.00277
6.2418
6.50642
6.79935
7.1237
7.483
7.88128
8.32318
8.81399
9.35981
9.9676
10.6454
11.4022
12.2485
13.1961
14.2583
15.4502
16.7884
4.20578
4.23536
4.24542
4.25794
4.27355
4.29321
4.31768
4.34775
4.38414
4.42755
4.47869
4.53826
4.60698
4.68561
4.77496
4.87589
4.98938
5.11647
5.25834
5.4163
5.59183
5.78658
6.00241
6.24144
6.50606
6.799
7.12335
7.48265
7.88094
8.32284
8.81367
9.35949
9.96729
10.645
11.4019
12.2482
13.1958
14.2581
15.4499
16.7882
4.20551
4.23508
4.24513
4.25764
4.27325
4.2929
4.31737
4.34743
4.38381
4.42722
4.47835
4.53792
4.60663
4.68526
4.7746
4.87553
4.98901
5.1161
5.25797
5.41593
5.59146
5.78621
6.00204
6.24106
6.50568
6.79862
7.12297
7.48227
7.88056
8.32248
8.8133
9.35914
9.96694
10.6447
11.4016
12.2479
13.1955
14.2578
15.4497
16.7879
4.20529
4.23486
4.2449
4.25741
4.27301
4.29264
4.31711
4.34716
4.38354
4.42694
4.47807
4.53763
4.60633
4.68495
4.77429
4.87522
4.9887
5.11578
5.25765
5.41561
5.59113
5.78588
6.0017
6.24073
6.50535
6.79829
7.12264
7.48194
7.88024
8.32215
8.81298
9.35881
9.96662
10.6444
11.4013
12.2476
13.1952
14.2575
15.4494
16.7876
4.2051
4.23466
4.2447
4.2572
4.27279
4.29242
4.31688
4.34693
4.38329
4.42669
4.47781
4.53736
4.60607
4.68468
4.77401
4.87494
4.98841
5.11549
5.25736
5.41531
5.59083
5.78557
6.0014
6.24043
6.50505
6.79799
7.12234
7.48164
7.87994
8.32185
8.81269
9.35852
9.96633
10.6441
11.401
12.2473
13.1949
14.2572
15.4491
16.7873
4.20489
4.23445
4.24448
4.25697
4.27256
4.29218
4.31663
4.34667
4.38303
4.42642
4.47753
4.53708
4.60577
4.68438
4.77371
4.87463
4.9881
5.11518
5.25704
5.41499
5.59051
5.78525
6.00107
6.2401
6.50472
6.79766
7.12201
7.48131
7.87961
8.32152
8.81236
9.35818
9.966
10.6438
11.4006
12.2469
13.1946
14.2568
15.4487
16.787
4.20468
4.23423
4.24426
4.25674
4.27232
4.29194
4.31638
4.34641
4.38276
4.42614
4.47725
4.53679
4.60548
4.68408
4.7734
4.87432
4.98779
5.11486
5.25671
5.41466
5.59018
5.78491
6.00074
6.23976
6.50438
6.79732
7.12167
7.48097
7.87926
8.32116
8.812
9.35782
9.96564
10.6434
11.4003
12.2466
13.1942
14.2565
15.4484
16.7866
4.20451
4.23405
4.24407
4.25655
4.27212
4.29173
4.31616
4.34619
4.38253
4.42591
4.47701
4.53654
4.60522
4.68382
4.77314
4.87405
4.98751
5.11457
5.25643
5.41437
5.58988
5.78461
6.00044
6.23946
6.50407
6.79701
7.12135
7.48065
7.87894
8.32084
8.81167
9.35749
9.9653
10.6431
11.3999
12.2462
13.1938
14.2561
15.448
16.7862
4.20432
4.23386
4.24387
4.25634
4.2719
4.29151
4.31593
4.34595
4.38229
4.42565
4.47674
4.53627
4.60494
4.68354
4.77285
4.87375
4.98721
5.11427
5.25612
5.41406
5.58957
5.7843
6.00012
6.23913
6.50375
6.79667
7.12101
7.4803
7.87859
8.32048
8.8113
9.35711
9.96492
10.6427
11.3995
12.2458
13.1934
14.2557
15.4476
16.7858
4.20405
4.23358
4.24358
4.25604
4.2716
4.29119
4.31561
4.34562
4.38195
4.4253
4.47639
4.5359
4.60457
4.68316
4.77246
4.87336
4.98681
5.11387
5.25571
5.41365
5.58915
5.78387
5.99969
6.2387
6.5033
6.79623
7.12056
7.47984
7.87811
8.32
8.81082
9.35662
9.96441
10.6422
11.399
12.2453
13.1929
14.2551
15.447
16.7852
4.20369
4.23321
4.2432
4.25565
4.2712
4.29078
4.31519
4.34519
4.38151
4.42486
4.47594
4.53544
4.60411
4.68268
4.77198
4.87287
4.98632
5.11337
5.25521
5.41314
5.58864
5.78336
5.99916
6.23817
6.50277
6.79568
7.12001
7.47929
7.87755
8.31943
8.81024
9.35603
9.96382
10.6416
11.3984
12.2447
13.1923
14.2545
15.4464
16.7846
4.20332
4.23284
4.24282
4.25526
4.2708
4.29038
4.31478
4.34477
4.38108
4.42443
4.4755
4.535
4.60366
4.68223
4.77152
4.87241
4.98584
5.11289
5.25473
5.41265
5.58815
5.78286
5.99867
6.23766
6.50226
6.79517
7.11948
7.47875
7.87701
8.31888
8.80968
9.35546
9.96324
10.641
11.3978
12.2441
13.1916
14.2539
15.4458
16.784
4.20317
4.23268
4.24266
4.2551
4.27063
4.2902
4.3146
4.34458
4.38089
4.42423
4.47529
4.53479
4.60344
4.68201
4.7713
4.87218
4.98561
5.11265
5.25448
5.4124
5.58788
5.78259
5.99838
6.23737
6.50196
6.79486
7.11916
7.47842
7.87667
8.31853
8.80932
9.35509
9.96285
10.6406
11.3974
12.2437
13.1912
14.2535
15.4453
16.7835
4.20336
4.23287
4.24285
4.25528
4.27081
4.29038
4.31477
4.34475
4.38106
4.42439
4.47545
4.53494
4.60358
4.68214
4.77142
4.87229
4.98571
5.11275
5.25457
5.41248
5.58796
5.78266
5.99845
6.23743
6.502
6.79489
7.11919
7.47844
7.87668
8.31852
8.8093
9.35506
9.96282
10.6405
11.3973
12.2436
13.1911
14.2533
15.4452
16.7834
4.20363
4.23314
4.24312
4.25555
4.27108
4.29064
4.31503
4.345
4.3813
4.42462
4.47567
4.53516
4.60379
4.68234
4.77161
4.87247
4.98588
5.11291
5.25472
5.41262
5.58809
5.78278
5.99855
6.23752
6.50208
6.79496
7.11925
7.47849
7.87671
8.31854
8.80931
9.35506
9.9628
10.6405
11.3973
12.2435
13.1911
14.2533
15.4451
16.7833
4.20345
4.23295
4.24292
4.25535
4.27087
4.29042
4.3148
4.34477
4.38105
4.42437
4.47541
4.53489
4.60352
4.68206
4.77132
4.87217
4.98557
5.11259
5.25438
5.41228
5.58773
5.78241
5.99817
6.23713
6.50168
6.79455
7.11882
7.47805
7.87625
8.31807
8.80883
9.35455
9.96228
10.64
11.3967
12.243
13.1904
14.2526
15.4444
16.7826
4.2027
4.23219
4.24215
4.25456
4.27007
4.28962
4.31399
4.34394
4.38022
4.42353
4.47457
4.53404
4.60266
4.68119
4.77044
4.87129
4.9847
5.11171
5.25351
5.41139
5.58684
5.78152
5.99728
6.23623
6.50077
6.79363
7.1179
7.47712
7.87532
8.31713
8.80787
9.3536
9.96131
10.639
11.3957
12.2419
13.1894
14.2516
15.4434
16.7815
4.20202
4.23149
4.24144
4.25384
4.26934
4.28887
4.31323
4.34318
4.37945
4.42276
4.47379
4.53325
4.60186
4.68039
4.76963
4.87047
4.98387
5.11086
5.25265
5.41053
5.58596
5.78063
5.99637
6.23531
6.49985
6.7927
7.11695
7.47616
7.87434
8.31614
8.80687
9.35258
9.96028
10.6379
11.3947
12.2408
13.1883
14.2504
15.4422
16.7804
4.20213
4.23159
4.24153
4.25393
4.26942
4.28895
4.3133
4.34324
4.3795
4.42279
4.47381
4.53326
4.60186
4.68038
4.76961
4.87044
4.98382
5.11081
5.25258
5.41045
5.58588
5.78053
5.99626
6.23519
6.49971
6.79254
7.11678
7.47597
7.87414
8.31593
8.80664
9.35233
9.96
10.6376
11.3943
12.2405
13.1879
14.2501
15.4418
16.7799
4.20282
4.23228
4.24222
4.25461
4.27009
4.28961
4.31395
4.34388
4.38013
4.4234
4.47441
4.53384
4.60243
4.68092
4.77014
4.87095
4.98431
5.11128
5.25304
5.41089
5.5863
5.78093
5.99665
6.23556
6.50007
6.79288
7.11711
7.47628
7.87444
8.31621
8.80691
9.35258
9.96025
10.6379
11.3945
12.2407
13.1882
14.2502
15.4419
16.7801
4.20269
4.23215
4.24207
4.25445
4.26992
4.28942
4.31375
4.34366
4.3799
4.42316
4.47414
4.53357
4.60214
4.68063
4.76983
4.87063
4.98398
5.11093
5.25268
5.41051
5.58591
5.78054
5.99625
6.23515
6.49965
6.79246
7.11668
7.47585
7.874
8.31576
8.80646
9.35212
9.95977
10.6373
11.3941
12.2402
13.1876
14.2497
15.4414
16.7793
4.20139
4.23082
4.24072
4.25308
4.26853
4.28802
4.31233
4.34222
4.37844
4.42169
4.47267
4.53207
4.60064
4.67912
4.76832
4.86911
4.98246
5.10942
5.25116
5.409
5.5844
5.77903
5.99474
6.23365
6.49815
6.79097
7.11519
7.47437
7.87253
8.3143
8.80499
9.35065
9.95833
10.6359
11.3926
12.2388
13.1862
14.2484
15.4401
16.7782
4.20043
4.22983
4.2397
4.25203
4.26746
4.28692
4.3112
4.34108
4.37728
4.42051
4.47147
4.53087
4.59943
4.6779
4.7671
4.8679
4.98126
5.10822
5.24998
5.40783
5.58325
5.77789
5.99362
6.23255
6.49707
6.7899
7.11415
7.47335
7.87152
8.3133
8.80402
9.34972
9.95737
10.635
11.3917
12.2378
13.1853
14.2473
15.4391
16.7771
4.19919
4.22856
4.2384
4.25069
4.26609
4.28553
4.30981
4.33968
4.37588
4.41912
4.4701
4.52953
4.59812
4.67663
4.76587
4.86672
4.98012
5.10714
5.24896
5.40687
5.58235
5.77705
5.99285
6.23184
6.49643
6.78933
7.11364
7.4729
7.87114
8.31299
8.80375
9.3495
9.95724
10.6349
11.3916
12.2379
13.1853
14.2475
15.4392
16.7773
4.19629
4.22562
4.23544
4.24775
4.26319
4.28269
4.30706
4.33705
4.37339
4.41681
4.46798
4.52762
4.59644
4.67521
4.76472
4.86584
4.97954
5.10687
5.24899
5.40722
5.58303
5.77807
5.9942
6.23353
6.49846
6.7917
7.11635
7.47595
7.87451
8.31668
8.80779
9.35382
9.96187
10.6398
11.3969
12.2433
13.191
14.2533
15.4451
16.7834
4.19622
4.22602
4.2363
4.24918
4.26532
4.28567
4.31103
4.34217
4.37981
4.42467
4.47745
4.53883
4.60955
4.69034
4.78201
4.88543
5.00155
5.13142
5.27621
5.43723
5.61595
5.81401
6.0333
6.2759
6.54423
6.84101
7.16932
7.53272
7.93524
8.38151
8.87686
9.42736
10.04
10.7228
11.4847
12.3364
13.2895
14.3575
15.5554
16.8997
4.38612
4.43306
4.45719
4.48535
4.51846
4.55775
4.60423
4.6588
4.72227
4.79541
4.87894
4.97359
5.08009
5.19923
5.33183
5.47883
5.64123
5.82018
6.01695
6.23298
6.46987
6.72945
7.01376
7.32514
7.6662
8.03992
8.44968
8.89934
9.39325
9.93643
10.5345
11.1941
11.9224
12.7279
13.6201
14.6096
15.7082
16.9293
18.2871
19.7975
4.38702
4.43213
4.45448
4.48072
4.51178
4.54891
4.5931
4.64526
4.70621
4.77671
4.85751
4.94932
5.05288
5.16897
5.29844
5.44219
5.60125
5.77675
5.96997
6.18235
6.41547
6.67118
6.95151
7.25878
7.59561
7.96498
8.37026
8.81529
9.30444
9.8427
10.4357
11.09
11.813
12.6129
13.4993
14.4829
15.5754
16.79
18.1413
19.6448
4.38913
4.43403
4.45615
4.48214
4.51295
4.54981
4.59372
4.64559
4.70623
4.77643
4.85692
4.9484
5.05164
5.16739
5.29652
5.43993
5.59864
5.7738
5.96668
6.1787
6.41148
6.66683
6.94681
7.25373
7.59021
7.95923
8.36417
8.80886
9.29768
9.83561
10.4283
11.0823
11.805
12.6047
13.4909
14.4742
15.5666
16.7811
18.1323
19.6358
4.3901
4.43501
4.45714
4.48314
4.51395
4.55081
4.59471
4.64657
4.7072
4.77738
4.85784
4.9493
5.0525
5.16822
5.2973
5.44067
5.59934
5.77445
5.96728
6.17925
6.41198
6.66728
6.94721
7.25407
7.5905
7.95947
8.36435
8.80899
9.29776
9.83563
10.4283
11.0823
11.8048
12.6045
13.4906
14.4739
15.5662
16.7806
18.1318
19.6352
4.3905
4.43543
4.45759
4.48361
4.51445
4.55133
4.59525
4.64713
4.70778
4.77797
4.85844
4.94991
5.05312
5.16885
5.29794
5.44131
5.59997
5.77508
5.96791
6.17987
6.4126
6.66789
6.94781
7.25466
7.59108
7.96004
8.36491
8.80954
9.2983
9.83617
10.4288
11.0828
11.8054
12.605
13.4912
14.4745
15.5668
16.7813
18.1324
19.6358
4.3907
4.43565
4.45782
4.48387
4.51472
4.55162
4.59556
4.64745
4.70812
4.77834
4.85883
4.95031
5.05354
5.16928
5.29838
5.44177
5.60045
5.77556
5.9684
6.18037
6.4131
6.6684
6.94832
7.25518
7.5916
7.96056
8.36543
8.81006
9.29882
9.83669
10.4294
11.0833
11.8059
12.6055
13.4917
14.475
15.5673
16.7818
18.133
19.6364
4.39084
4.43581
4.45799
4.48405
4.51492
4.55183
4.59579
4.6477
4.70838
4.77861
4.85912
4.95062
5.05386
5.16962
5.29874
5.44214
5.60084
5.77597
5.96882
6.18081
6.41355
6.66886
6.94879
7.25566
7.59209
7.96106
8.36594
8.81058
9.29935
9.83724
10.4299
11.0839
11.8065
12.6062
13.4923
14.4757
15.568
16.7825
18.1337
19.6372
4.391
4.43598
4.45817
4.48424
4.51512
4.55205
4.59602
4.64794
4.70864
4.77888
4.8594
4.95092
5.05417
5.16994
5.29908
5.44249
5.6012
5.77635
5.9692
6.18121
6.41396
6.66928
6.94922
7.2561
7.59254
7.96152
8.36642
8.81107
9.29985
9.83775
10.4304
11.0844
11.8071
12.6067
13.4929
14.4763
15.5686
16.7832
18.1344
19.6379
4.39119
4.43618
4.45838
4.48446
4.51535
4.55228
4.59626
4.64819
4.7089
4.77916
4.85969
4.95122
5.05448
5.17027
5.29941
5.44283
5.60155
5.77671
5.96958
6.18159
6.41436
6.66969
6.94964
7.25653
7.59298
7.96198
8.36689
8.81156
9.30036
9.83827
10.431
11.085
11.8076
12.6073
13.4935
14.4769
15.5693
16.7839
18.1351
19.6386
4.39137
4.43637
4.45858
4.48466
4.51555
4.55249
4.59648
4.64842
4.70914
4.7794
4.85994
4.95148
5.05475
5.17054
5.29969
5.44313
5.60185
5.77702
5.9699
6.18192
6.4147
6.67004
6.95
7.2569
7.59337
7.96238
8.3673
8.81199
9.30081
9.83874
10.4315
11.0855
11.8082
12.6079
13.4941
14.4775
15.5699
16.7845
18.1357
19.6393
4.39148
4.43649
4.4587
4.48479
4.51568
4.55263
4.59662
4.64857
4.70929
4.77956
4.8601
4.95164
5.05492
5.17072
5.29988
5.44332
5.60205
5.77723
5.97011
6.18215
6.41493
6.67028
6.95026
7.25717
7.59366
7.96268
8.36762
8.81232
9.30115
9.8391
10.4319
11.0859
11.8086
12.6083
13.4945
14.4779
15.5704
16.785
18.1362
19.6399
4.39151
4.43652
4.45873
4.48482
4.51572
4.55267
4.59666
4.64861
4.70934
4.7796
4.86015
4.95169
5.05498
5.17078
5.29995
5.44339
5.60213
5.77732
5.97021
6.18225
6.41504
6.67041
6.95039
7.25732
7.59382
7.96286
8.36781
8.81253
9.30138
9.83934
10.4321
11.0861
11.8088
12.6086
13.4948
14.4783
15.5707
16.7854
18.1366
19.6403
4.39146
4.43647
4.45868
4.48477
4.51567
4.55262
4.59661
4.64856
4.70928
4.77956
4.8601
4.95165
5.05494
5.17074
5.29991
5.44336
5.6021
5.77729
5.97019
6.18224
6.41504
6.67041
6.95041
7.25735
7.59386
7.96291
8.36788
8.8126
9.30146
9.83943
10.4322
11.0863
11.809
12.6087
13.495
14.4784
15.5709
16.7856
18.1368
19.6405
4.39134
4.43634
4.45855
4.48464
4.51553
4.55248
4.59647
4.64841
4.70914
4.7794
4.85995
4.9515
5.05478
5.17059
5.29976
5.4432
5.60195
5.77714
5.97004
6.18209
6.4149
6.67028
6.95029
7.25724
7.59375
7.96281
8.36778
8.81251
9.30137
9.83935
10.4321
11.0862
11.8089
12.6087
13.495
14.4784
15.571
16.7857
18.1369
19.6406
4.39113
4.43613
4.45833
4.48441
4.5153
4.55224
4.59623
4.64817
4.70889
4.77915
4.8597
4.95124
5.05452
5.17033
5.29949
5.44294
5.60169
5.77688
5.96978
6.18183
6.41464
6.67003
6.95004
7.25699
7.59351
7.96257
8.36755
8.81229
9.30116
9.83914
10.4319
11.086
11.8088
12.6085
13.4948
14.4783
15.5708
16.7856
18.1368
19.6405
4.39087
4.43586
4.45806
4.48413
4.51501
4.55194
4.59592
4.64786
4.70857
4.77884
4.85937
4.95091
5.05419
5.16999
5.29916
5.4426
5.60135
5.77654
5.96945
6.1815
6.41431
6.6697
6.94972
7.25667
7.59319
7.96226
8.36724
8.81198
9.30086
9.83885
10.4317
11.0857
11.8085
12.6083
13.4946
14.4781
15.5706
16.7853
18.1366
19.6403
4.39061
4.43559
4.45778
4.48384
4.51472
4.55164
4.59562
4.64755
4.70825
4.77851
4.85904
4.95058
5.05385
5.16965
5.29881
5.44225
5.60099
5.77618
5.96909
6.18114
6.41396
6.66934
6.94936
7.25631
7.59283
7.96189
8.36688
8.81162
9.30051
9.83851
10.4313
11.0854
11.8082
12.608
13.4943
14.4778
15.5703
16.7851
18.1363
19.6401
4.3904
4.43537
4.45755
4.48361
4.51447
4.55139
4.59536
4.64728
4.70798
4.77823
4.85875
4.95028
5.05355
5.16934
5.2985
5.44194
5.60068
5.77586
5.96877
6.18082
6.41363
6.66902
6.94903
7.25598
7.5925
7.96157
8.36655
8.81131
9.30019
9.8382
10.431
11.0851
11.8079
12.6077
13.494
14.4775
15.5701
16.7848
18.1361
19.6398
4.39022
4.43518
4.45735
4.4834
4.51426
4.55117
4.59513
4.64704
4.70774
4.77798
4.8585
4.95002
5.05329
5.16907
5.29822
5.44166
5.6004
5.77559
5.96849
6.18054
6.41335
6.66873
6.94874
7.25569
7.59222
7.96128
8.36627
8.81102
9.29991
9.83792
10.4307
11.0848
11.8076
12.6074
13.4937
14.4772
15.5698
16.7845
18.1358
19.6396
4.39001
4.43497
4.45714
4.48317
4.51403
4.55093
4.59488
4.64679
4.70747
4.77771
4.85822
4.94973
5.05299
5.16878
5.29793
5.44136
5.6001
5.77528
5.96818
6.18023
6.41303
6.66842
6.94842
7.25537
7.59189
7.96096
8.36595
8.8107
9.29958
9.8376
10.4304
11.0845
11.8073
12.6071
13.4934
14.4769
15.5695
16.7842
18.1355
19.6392
4.38981
4.43476
4.45691
4.48295
4.51379
4.55068
4.59463
4.64652
4.7072
4.77743
4.85793
4.94944
5.0527
5.16848
5.29762
5.44105
5.59979
5.77496
5.96786
6.1799
6.41271
6.66809
6.94809
7.25504
7.59156
7.96063
8.36561
8.81037
9.29925
9.83726
10.4301
11.0842
11.8069
12.6067
13.4931
14.4765
15.5691
16.7838
18.1351
19.6389
4.38964
4.43458
4.45673
4.48275
4.51359
4.55047
4.59441
4.6463
4.70697
4.77719
4.85769
4.94919
5.05244
5.16821
5.29735
5.44078
5.59951
5.77468
5.96757
6.17961
6.41241
6.66779
6.94779
7.25474
7.59125
7.96031
8.3653
8.81005
9.29893
9.83694
10.4297
11.0838
11.8066
12.6064
13.4927
14.4762
15.5688
16.7835
18.1347
19.6385
4.38945
4.43439
4.45653
4.48254
4.51337
4.55025
4.59417
4.64605
4.70672
4.77693
4.85742
4.94891
5.05216
5.16793
5.29706
5.44048
5.59921
5.77438
5.96726
6.1793
6.41209
6.66746
6.94745
7.25439
7.59091
7.95996
8.36493
8.80967
9.29854
9.83654
10.4293
11.0834
11.8062
12.606
13.4923
14.4757
15.5683
16.783
18.1343
19.638
4.38919
4.43412
4.45624
4.48225
4.51306
4.54993
4.59385
4.64572
4.70637
4.77657
4.85706
4.94855
5.05178
5.16754
5.29667
5.44009
5.5988
5.77396
5.96684
6.17887
6.41166
6.66702
6.94701
7.25395
7.59045
7.9595
8.36447
8.8092
9.29806
9.83605
10.4288
11.0829
11.8057
12.6054
13.4917
14.4752
15.5677
16.7824
18.1337
19.6374
4.38883
4.43375
4.45586
4.48186
4.51266
4.54952
4.59342
4.64529
4.70593
4.77612
4.8566
4.94808
5.05131
5.16706
5.29618
5.43959
5.5983
5.77346
5.96633
6.17835
6.41114
6.6665
6.94648
7.25341
7.58991
7.95894
8.36391
8.80863
9.29748
9.83547
10.4282
11.0823
11.805
12.6048
13.4911
14.4746
15.5671
16.7818
18.133
19.6368
4.38847
4.43338
4.45549
4.48147
4.51226
4.54911
4.59301
4.64486
4.7055
4.77568
4.85615
4.94763
5.05085
5.1666
5.29571
5.43912
5.59782
5.77297
5.96583
6.17785
6.41062
6.66597
6.94594
7.25286
7.58935
7.95837
8.36332
8.80803
9.29687
9.83484
10.4276
11.0817
11.8044
12.6041
13.4904
14.4739
15.5664
16.7811
18.1323
19.6361
4.38832
4.43322
4.45532
4.4813
4.51209
4.54893
4.59282
4.64466
4.70529
4.77547
4.85593
4.9474
5.05062
5.16636
5.29547
5.43886
5.59756
5.77269
5.96555
6.17756
6.41033
6.66567
6.94564
7.25255
7.58902
7.95804
8.36298
8.80768
9.2965
9.83446
10.4272
11.0813
11.804
12.6037
13.49
14.4734
15.5659
16.7806
18.1318
19.6355
4.3885
4.43339
4.45549
4.48147
4.51225
4.54909
4.59297
4.64481
4.70543
4.77561
4.85606
4.94752
5.05073
5.16646
5.29556
5.43894
5.59763
5.77276
5.96561
6.17761
6.41037
6.6657
6.94566
7.25255
7.58902
7.95802
8.36295
8.80763
9.29645
9.83439
10.4271
11.0812
11.8039
12.6036
13.4898
14.4733
15.5658
16.7804
18.1316
19.6353
4.38876
4.43365
4.45575
4.48172
4.5125
4.54932
4.5932
4.64503
4.70565
4.77581
4.85626
4.94771
5.0509
5.16662
5.2957
5.43907
5.59774
5.77286
5.96569
6.17767
6.41041
6.66573
6.94567
7.25255
7.589
7.95798
8.36289
8.80755
9.29635
9.83428
10.427
11.081
11.8037
12.6034
13.4896
14.473
15.5655
16.7801
18.1313
19.635
4.38857
4.43345
4.45554
4.4815
4.51227
4.54909
4.59296
4.64478
4.70538
4.77554
4.85597
4.94741
5.0506
5.1663
5.29537
5.43873
5.5974
5.77251
5.96533
6.17731
6.41004
6.66535
6.94527
7.25214
7.58858
7.95755
8.36245
8.8071
9.29588
9.8338
10.4265
11.0805
11.8032
12.6028
13.4891
14.4724
15.5649
16.7795
18.1307
19.6343
4.38783
4.4327
4.45477
4.48072
4.51148
4.54828
4.59214
4.64395
4.70454
4.77469
4.85511
4.94654
5.04972
5.16542
5.29449
5.43784
5.59649
5.77159
5.9644
6.17636
6.40908
6.66438
6.94429
7.25115
7.58757
7.95653
8.36141
8.80605
9.29481
9.83271
10.4254
11.0794
11.802
12.6017
13.4879
14.4712
15.5637
16.7782
18.1294
19.633
4.38715
4.43201
4.45406
4.48
4.51074
4.54753
4.59137
4.64317
4.70376
4.77389
4.8543
4.94572
5.04889
5.16457
5.29362
5.43696
5.5956
5.77069
5.9635
6.17545
6.40815
6.66344
6.94333
7.25018
7.58658
7.95552
8.36039
8.80501
9.29376
9.83164
10.4243
11.0783
11.8009
12.6005
13.4867
14.47
15.5624
16.777
18.1281
19.6318
4.38724
4.43209
4.45414
4.48006
4.51079
4.54758
4.59141
4.6432
4.70377
4.77389
4.8543
4.9457
5.04885
5.16453
5.29356
5.43689
5.59551
5.77059
5.96337
6.17531
6.408
6.66326
6.94315
7.24997
7.58636
7.95529
8.36013
8.80473
9.29346
9.83132
10.424
11.0779
11.8005
12.6001
13.4863
14.4695
15.5619
16.7765
18.1276
19.6309
4.3879
4.43274
4.45478
4.48069
4.51142
4.54819
4.59201
4.64378
4.70434
4.77444
4.85482
4.94621
5.04934
5.16499
5.29401
5.43731
5.59592
5.77096
5.96373
6.17564
6.40831
6.66356
6.94342
7.25023
7.5866
7.9555
8.36032
8.80491
9.29362
9.83146
10.4241
11.078
11.8006
12.6002
13.4863
14.4696
15.562
16.7765
18.1275
19.6312
4.38777
4.43259
4.45462
4.48052
4.51122
4.54798
4.59178
4.64353
4.70407
4.77415
4.85451
4.94588
5.04899
5.16462
5.29363
5.43691
5.5955
5.77054
5.96329
6.17519
6.40784
6.66307
6.94292
7.24971
7.58607
7.95496
8.35978
8.80434
9.29304
9.83087
10.4235
11.0774
11.8
12.5996
13.4856
14.4689
15.5613
16.7758
18.1268
19.6304
4.38649
4.43128
4.45329
4.47916
4.50984
4.54658
4.59035
4.64209
4.7026
4.77267
4.85301
4.94436
5.04746
5.16308
5.29208
5.43535
5.59394
5.76896
5.96171
6.1736
6.40626
6.66148
6.94133
7.24812
7.58447
7.95336
8.35817
8.80274
9.29145
9.82927
10.4219
11.0758
11.7983
12.5979
13.484
14.4673
15.5595
16.7741
18.1251
19.6285
4.38554
4.4303
4.45227
4.47811
4.50876
4.54546
4.58921
4.64092
4.70142
4.77147
4.85181
4.94315
5.04625
5.16187
5.29086
5.43415
5.59274
5.76777
5.96053
6.17244
6.40511
6.66035
6.94021
7.24702
7.58339
7.95229
8.35713
8.80172
9.29042
9.82827
10.4209
11.0748
11.7974
12.597
13.4831
14.4663
15.5588
16.7732
18.1242
19.6277
4.3843
4.42902
4.45095
4.47676
4.50739
4.54408
4.58783
4.63955
4.70006
4.77013
4.85049
4.94187
5.045
5.16067
5.28972
5.43305
5.5917
5.7668
5.95962
6.17159
6.40432
6.65964
6.93957
7.24644
7.58288
7.95186
8.35675
8.8014
9.29018
9.82808
10.4208
11.0747
11.7974
12.597
13.4832
14.4665
15.5589
16.7734
18.1244
19.6279
4.38148
4.42619
4.44814
4.47401
4.50473
4.54155
4.58545
4.63735
4.69807
4.76838
4.84901
4.94068
5.04412
5.16012
5.2895
5.43319
5.5922
5.76766
5.96086
6.17321
6.40633
6.66202
6.94233
7.24959
7.58641
7.95577
8.36104
8.80606
9.29519
9.83347
10.4265
11.0808
11.8038
12.6036
13.4901
14.4737
15.5663
16.7811
18.1323
19.6364
4.38328
4.42888
4.45173
4.47869
4.51069
4.54898
4.59456
4.64833
4.71111
4.78365
4.86669
4.96092
5.06709
5.18596
5.31835
5.46519
5.62748
5.80636
6.00309
6.2191
6.456
6.7156
6.99994
7.31135
7.65246
8.02622
8.43602
8.88573
9.37968
9.92289
10.521
11.1806
11.9089
12.7146
13.6067
14.5962
15.695
16.9161
18.2739
19.784
4.64215
4.71396
4.75891
4.81011
4.86879
4.9365
5.0144
5.10344
5.20445
5.31816
5.44523
5.58634
5.74219
5.91352
6.10117
6.30608
6.52931
6.77206
7.03568
7.32172
7.63191
7.9682
8.33282
8.72824
9.15729
9.62315
10.1294
10.6801
11.28
11.9341
12.6486
13.4301
14.2863
15.2258
16.2583
17.3946
18.6464
20.0265
21.5486
23.227
4.63778
4.70711
4.74959
4.79813
4.85398
4.91869
4.99341
5.07912
5.17666
5.28676
5.41009
5.54734
5.69921
5.86644
6.04989
6.25049
6.4693
6.70752
6.96652
7.24782
7.55316
7.88451
8.24407
8.63433
9.0581
9.51856
10.0193
10.5644
11.1585
11.8068
12.5153
13.2907
14.1407
15.0738
16.0998
17.2293
18.4742
19.8471
21.3618
23.0324
4.63919
4.70826
4.75046
4.79869
4.85422
4.91859
4.99296
5.07831
5.17547
5.28518
5.40813
5.54498
5.69644
5.86327
6.0463
6.24648
6.46487
6.70267
6.96125
7.24213
7.54706
7.87799
8.23713
8.62698
9.05035
9.51041
10.0108
10.5555
11.1492
11.7972
12.5053
13.2804
14.1301
15.063
16.0888
17.2181
18.4629
19.8359
21.3506
23.0213
4.6401
4.70918
4.75139
4.79963
4.85516
4.91953
4.99389
5.07923
5.17637
5.28606
5.40898
5.5458
5.69722
5.86402
6.04701
6.24715
6.46549
6.70324
6.96177
7.2426
7.54748
7.87836
8.23745
8.62725
9.05056
9.51058
10.0109
10.5556
11.1492
11.7971
12.5052
13.2803
14.1299
15.0627
16.0884
17.2177
18.4623
19.8352
21.3497
23.0205
4.6405
4.70962
4.75186
4.80013
4.85569
4.92008
4.99447
5.07983
5.177
5.28671
5.40964
5.54648
5.69792
5.86472
6.04772
6.24786
6.46621
6.70397
6.96249
7.24333
7.5482
7.87908
8.23817
8.62797
9.05128
9.51129
10.0116
10.5563
11.15
11.7979
12.506
13.281
14.1307
15.0635
16.0892
17.2186
18.4633
19.8361
21.3507
23.0215
4.64073
4.70986
4.75213
4.80042
4.856
4.92042
4.99483
5.08022
5.17741
5.28714
5.4101
5.54695
5.69841
5.86523
6.04825
6.24841
6.46677
6.70454
6.96308
7.24393
7.54881
7.8797
8.2388
8.6286
9.05192
9.51194
10.0123
10.557
11.1506
11.7986
12.5067
13.2817
14.1313
15.0642
16.0899
17.2193
18.464
19.8369
21.3515
23.0223
4.64089
4.71005
4.75233
4.80064
4.85624
4.92068
4.99511
5.08052
5.17773
5.28748
5.41046
5.54734
5.69882
5.86566
6.04869
6.24887
6.46725
6.70504
6.96359
7.24446
7.54936
7.88026
8.23938
8.6292
9.05254
9.51258
10.0129
10.5576
11.1513
11.7993
12.5074
13.2825
14.1321
15.065
16.0908
17.2201
18.4649
19.8378
21.3524
23.0232
4.64107
4.71024
4.75253
4.80086
4.85647
4.92093
4.99538
5.0808
5.17803
5.2878
5.4108
5.54769
5.69919
5.86604
6.04909
6.24929
6.46768
6.70548
6.96406
7.24493
7.54985
7.88077
8.2399
8.62974
9.05309
9.51315
10.0135
10.5582
11.152
11.7999
12.5081
13.2832
14.1328
15.0657
16.0915
17.2209
18.4658
19.8387
21.3534
23.0242
4.64128
4.71046
4.75276
4.8011
4.85673
4.9212
4.99566
5.0811
5.17834
5.28812
5.41113
5.54804
5.69954
5.86641
6.04948
6.24969
6.46809
6.70591
6.9645
7.24539
7.55033
7.88126
8.24041
8.63026
9.05363
9.5137
10.0141
10.5588
11.1526
11.8006
12.5087
13.2838
14.1336
15.0665
16.0923
17.2218
18.4666
19.8395
21.3543
23.0252
4.64147
4.71066
4.75297
4.80132
4.85696
4.92143
4.99591
5.08136
5.17861
5.2884
5.41142
5.54834
5.69986
5.86674
6.04982
6.25004
6.46846
6.70629
6.96489
7.2458
7.55075
7.8817
8.24086
8.63073
9.05412
9.51421
10.0146
10.5594
11.1531
11.8011
12.5093
13.2845
14.1342
15.0672
16.093
17.2225
18.4674
19.8404
21.3552
23.0261
4.64159
4.71079
4.75311
4.80146
4.85711
4.92159
4.99607
5.08153
5.17879
5.28859
5.41162
5.54855
5.70008
5.86697
6.05006
6.25029
6.46873
6.70657
6.96519
7.24611
7.55108
7.88204
8.24122
8.63111
9.05451
9.51462
10.015
10.5598
11.1536
11.8016
12.5099
13.285
14.1348
15.0678
16.0937
17.2232
18.4681
19.8411
21.356
23.0269
4.64163
4.71083
4.75315
4.80151
4.85716
4.92165
4.99613
5.0816
5.17886
5.28867
5.4117
5.54864
5.70018
5.86708
6.05019
6.25043
6.46888
6.70674
6.96537
7.2463
7.55128
7.88226
8.24146
8.63136
9.05479
9.51492
10.0154
10.5602
11.154
11.802
12.5103
13.2854
14.1352
15.0682
16.0941
17.2237
18.4686
19.8416
21.3565
23.0275
4.64159
4.7108
4.75312
4.80148
4.85713
4.92162
4.99611
5.08157
5.17884
5.28865
5.41169
5.54864
5.70018
5.86709
6.05021
6.25046
6.46892
6.70679
6.96543
7.24638
7.55137
7.88237
8.24158
8.6315
9.05494
9.51509
10.0155
10.5604
11.1542
11.8022
12.5105
13.2857
14.1355
15.0685
16.0944
17.224
18.4689
19.8419
21.3569
23.0279
4.64148
4.71068
4.753
4.80136
4.85701
4.92149
4.99598
5.08145
5.17872
5.28853
5.41157
5.54852
5.70007
5.86699
6.05011
6.25037
6.46883
6.70671
6.96535
7.24631
7.55131
7.88232
8.24155
8.63148
9.05494
9.5151
10.0156
10.5604
11.1542
11.8023
12.5106
13.2858
14.1356
15.0686
16.0945
17.2241
18.4691
19.8421
21.3571
23.0281
4.64129
4.71048
4.7528
4.80115
4.85679
4.92127
4.99576
5.08122
5.17849
5.2883
5.41134
5.54828
5.69984
5.86675
6.04987
6.25014
6.46861
6.70649
6.96514
7.2461
7.55111
7.88213
8.24136
8.6313
9.05477
9.51494
10.0154
10.5603
11.1541
11.8022
12.5105
13.2857
14.1355
15.0686
16.0945
17.2241
18.4691
19.8421
21.3571
23.0281
4.64104
4.71023
4.75253
4.80088
4.85651
4.92099
4.99547
5.08092
5.17819
5.288
5.41103
5.54798
5.69953
5.86645
6.04957
6.24983
6.4683
6.70619
6.96484
7.24581
7.55083
7.88185
8.24109
8.63104
9.05451
9.51469
10.0152
10.56
11.1539
11.802
12.5102
13.2855
14.1353
15.0684
16.0943
17.2239
18.4689
19.8419
21.3569
23.028
4.64079
4.70997
4.75226
4.8006
4.85622
4.92069
4.99517
5.08062
5.17787
5.28768
5.41071
5.54766
5.6992
5.86612
6.04924
6.2495
6.46797
6.70585
6.96451
7.24548
7.5505
7.88152
8.24077
8.63072
9.05419
9.51437
10.0148
10.5597
11.1536
11.8017
12.5099
13.2852
14.135
15.0681
16.094
17.2237
18.4686
19.8417
21.3567
23.0278
4.64057
4.70975
4.75204
4.80036
4.85598
4.92044
4.9949
5.08034
5.1776
5.28739
5.41042
5.54736
5.6989
5.86581
6.04893
6.24919
6.46766
6.70554
6.9642
7.24517
7.55019
7.88121
8.24046
8.63041
9.05389
9.51407
10.0145
10.5594
11.1533
11.8014
12.5097
13.2849
14.1348
15.0678
16.0938
17.2234
18.4684
19.8415
21.3565
23.0276
4.6404
4.70956
4.75184
4.80016
4.85577
4.92022
4.99468
5.08011
5.17736
5.28715
5.41017
5.5471
5.69864
5.86555
6.04866
6.24892
6.46739
6.70527
6.96393
7.2449
7.54992
7.88094
8.24018
8.63013
9.05361
9.51378
10.0143
10.5591
11.153
11.8011
12.5094
13.2847
14.1345
15.0676
16.0935
17.2232
18.4682
19.8412
21.3563
23.0273
4.6402
4.70935
4.75162
4.79993
4.85553
4.91998
4.99442
5.07985
5.17709
5.28688
5.40989
5.54682
5.69836
5.86526
6.04837
6.24863
6.46709
6.70497
6.96363
7.2446
7.54961
7.88063
8.23987
8.62982
9.05329
9.51347
10.014
10.5588
11.1527
11.8008
12.5091
13.2843
14.1342
15.0673
16.0932
17.2228
18.4678
19.8409
21.3559
23.027
4.63999
4.70914
4.7514
4.7997
4.85529
4.91972
4.99416
5.07958
5.17681
5.28659
5.4096
5.54652
5.69806
5.86495
6.04806
6.24831
6.46678
6.70465
6.96331
7.24427
7.54928
7.8803
8.23953
8.62948
9.05295
9.51313
10.0136
10.5585
11.1523
11.8004
12.5087
13.284
14.1338
15.0669
16.0929
17.2225
18.4675
19.8406
21.3556
23.0267
4.63982
4.70896
4.75121
4.7995
4.85508
4.91951
4.99394
5.07935
5.17657
5.28634
5.40935
5.54626
5.69779
5.86468
6.04778
6.24803
6.46649
6.70436
6.96301
7.24396
7.54897
7.87997
8.2392
8.62914
9.05261
9.51278
10.0133
10.5581
11.152
11.8001
12.5084
13.2836
14.1334
15.0665
16.0925
17.2221
18.4671
19.8402
21.3552
23.0262
4.63964
4.70877
4.75101
4.79929
4.85486
4.91928
4.9937
5.0791
5.17631
5.28608
5.40907
5.54598
5.6975
5.86439
6.04748
6.24772
6.46617
6.70404
6.96267
7.24362
7.54861
7.87961
8.23883
8.62876
9.05222
9.51238
10.0129
10.5577
11.1515
11.7996
12.5079
13.2832
14.133
15.0661
16.092
17.2216
18.4666
19.8396
21.3547
23.0257
4.63938
4.70849
4.75072
4.79899
4.85455
4.91895
4.99336
5.07875
5.17596
5.28571
5.4087
5.5456
5.69711
5.86399
6.04708
6.24731
6.46575
6.70361
6.96223
7.24317
7.54816
7.87915
8.23837
8.62829
9.05174
9.5119
10.0124
10.5572
11.151
11.7991
12.5074
13.2826
14.1324
15.0655
16.0914
17.221
18.466
19.8391
21.3541
23.0251
4.63902
4.70812
4.75034
4.79859
4.85414
4.91853
4.99293
5.07831
5.1755
5.28525
5.40822
5.54512
5.69662
5.86349
6.04657
6.2468
6.46523
6.70307
6.96169
7.24262
7.5476
7.87858
8.23778
8.62769
9.05113
9.51127
10.0117
10.5565
11.1504
11.7985
12.5067
13.2819
14.1317
15.0648
16.0907
17.2203
18.4653
19.8383
21.3533
23.0244
4.63866
4.70775
4.74996
4.7982
4.85374
4.91812
4.99251
5.07787
5.17506
5.28479
5.40776
5.54464
5.69614
5.863
6.04607
6.24629
6.46471
6.70254
6.96115
7.24207
7.54703
7.87801
8.23719
8.6271
9.05052
9.51066
10.0111
10.5559
11.1497
11.7978
12.506
13.2812
14.131
15.0641
16.09
17.2196
18.4645
19.8375
21.3525
23.0235
4.6385
4.70758
4.74978
4.79801
4.85354
4.91792
4.99229
5.07765
5.17483
5.28456
5.40752
5.54439
5.69588
5.86273
6.04579
6.246
6.46441
6.70223
6.96083
7.24174
7.5467
7.87766
8.23684
8.62674
9.05015
9.51027
10.0107
10.5555
11.1493
11.7973
12.5056
13.2808
14.1306
15.0636
16.0895
17.219
18.464
19.837
21.352
23.023
4.63866
4.70774
4.74993
4.79816
4.85368
4.91805
4.99242
5.07777
5.17494
5.28466
5.40761
5.54447
5.69594
5.86279
6.04583
6.24602
6.46442
6.70223
6.96081
7.2417
7.54664
7.87758
8.23674
8.62662
9.05001
9.51011
10.0105
10.5553
11.1491
11.7971
12.5053
13.2805
14.1303
15.0633
16.0891
17.2187
18.4636
19.8366
21.3515
23.0225
4.6389
4.70797
4.75016
4.79838
4.8539
4.91825
4.99261
5.07796
5.17511
5.28481
5.40775
5.5446
5.69605
5.86288
6.04591
6.24608
6.46446
6.70225
6.96082
7.2417
7.54663
7.87756
8.2367
8.62656
9.04994
9.51002
10.0104
10.5552
11.1489
11.797
12.5051
13.2803
14.13
15.063
16.0889
17.2184
18.4633
19.8362
21.3512
23.0221
4.6387
4.70776
4.74994
4.79815
4.85365
4.918
4.99234
5.07767
5.17481
5.2845
5.40742
5.54426
5.6957
5.86251
6.04553
6.24569
6.46406
6.70183
6.96038
7.24125
7.54616
7.87707
8.2362
8.62604
9.0494
9.50946
10.0098
10.5546
11.1483
11.7963
12.5045
13.2796
14.1293
15.0623
16.0881
17.2176
18.4625
19.8354
21.3504
23.0213
4.63797
4.70701
4.74917
4.79736
4.85284
4.91717
4.9915
5.07682
5.17394
5.28362
5.40653
5.54335
5.69478
5.86157
6.04456
6.24471
6.46306
6.70082
6.95936
7.24021
7.5451
7.87599
8.23511
8.62493
9.04827
9.50831
10.0087
10.5534
11.1471
11.7951
12.5032
13.2783
14.128
15.061
16.0867
17.2162
18.4611
19.834
21.3488
23.0198
4.63729
4.70631
4.74844
4.79662
4.85209
4.9164
4.99071
5.07601
5.17313
5.28279
5.40568
5.54249
5.69391
5.86069
6.04367
6.2438
6.46214
6.69989
6.95841
7.23925
7.54413
7.87501
8.2341
8.62391
9.04723
9.50725
10.0076
10.5523
11.146
11.7939
12.5021
13.2772
14.1268
15.0598
16.0855
17.215
18.4598
19.8327
21.3475
23.0183
4.63735
4.70636
4.74848
4.79665
4.8521
4.9164
4.9907
5.07599
5.17308
5.28273
5.4056
5.54239
5.69378
5.86054
6.0435
6.2436
6.46191
6.69964
6.95814
7.23894
7.5438
7.87465
8.23372
8.62349
9.04679
9.50678
10.0071
10.5517
11.1454
11.7933
12.5014
13.2765
14.1261
15.059
16.0847
17.2141
18.459
19.8317
21.3464
23.0176
4.63796
4.70696
4.74907
4.79723
4.85267
4.91695
4.99123
5.07649
5.17357
5.28319
5.40604
5.5428
5.69417
5.86091
6.04384
6.24393
6.46222
6.69992
6.9584
7.23918
7.54401
7.87484
8.23389
8.62365
9.04691
9.50689
10.0072
10.5518
11.1455
11.7934
12.5014
13.2765
14.1261
15.0589
16.0847
17.2141
18.4587
19.8315
21.3464
23.0169
4.6378
4.70678
4.74888
4.79701
4.85243
4.91668
4.99094
5.07618
5.17322
5.28281
5.40564
5.54237
5.69371
5.86041
6.04332
6.24337
6.46164
6.69931
6.95776
7.23852
7.54333
7.87413
8.23315
8.62288
9.04612
9.50608
10.0063
10.5509
11.1446
11.7924
12.5005
13.2755
14.1251
15.0579
16.0836
17.213
18.4576
19.8304
21.3452
23.016
4.63654
4.70549
4.74755
4.79565
4.85104
4.91527
4.9895
5.07472
5.17175
5.28132
5.40413
5.54085
5.69218
5.85887
6.04177
6.24182
6.46008
6.69775
6.95619
7.23695
7.54175
7.87255
8.23157
8.6213
9.04454
9.50448
10.0047
10.5494
11.143
11.7908
12.4989
13.2739
14.1235
15.0563
16.082
17.2112
18.4561
19.8287
21.3435
23.0142
4.63559
4.70449
4.74652
4.79458
4.84993
4.91413
4.98834
5.07354
5.17055
5.28011
5.40291
5.53962
5.69094
5.85763
6.04053
6.24058
6.45884
6.69652
6.95498
7.23574
7.54056
7.87137
8.2304
8.62014
9.04339
9.50336
10.0036
10.5483
11.1419
11.7898
12.4978
13.2729
14.1225
15.0552
16.0809
17.2103
18.4549
19.8279
21.3426
23.0134
4.63435
4.7032
4.74519
4.79322
4.84855
4.91274
4.98694
5.07213
5.16915
5.27873
5.40155
5.53829
5.68965
5.85639
6.03934
6.23944
6.45776
6.69549
6.954
7.23482
7.5397
7.87057
8.22965
8.61944
9.04276
9.50277
10.0031
10.5478
11.1414
11.7894
12.4975
13.2725
14.1221
15.0549
16.0807
17.2101
18.4549
19.8276
21.3424
23.0132
4.63173
4.70064
4.74273
4.7909
4.84642
4.91084
4.98531
5.07081
5.16817
5.27811
5.40132
5.53846
5.69024
5.85741
6.0408
6.24136
6.46013
6.69833
6.9573
7.23859
7.54392
7.87526
8.23481
8.62505
9.04881
9.50928
10.01
10.5551
11.1492
11.7976
12.506
13.2815
14.1314
15.0648
16.0906
17.2203
18.4652
19.8382
21.3531
23.0234
4.63704
4.70755
4.7513
4.80141
4.85912
4.92598
5.00315
5.09157
5.19207
5.30535
5.43209
5.57294
5.72858
5.89976
6.0873
6.29214
6.51533
6.75806
7.02169
7.30774
7.61796
7.95429
8.31893
8.7144
9.14348
9.60937
10.1157
10.6664
11.2663
11.9205
12.635
13.4165
14.2728
15.2123
16.2449
17.3812
18.633
20.013
21.535
23.2137
5.00549
5.11726
5.19657
5.28521
5.38475
5.497
5.62315
5.76408
5.92046
6.09285
6.28176
6.48772
6.71132
6.95322
7.21422
7.49525
7.79737
8.12183
8.47004
8.84362
9.24439
9.6744
10.136
10.6317
11.1645
11.7378
12.3552
13.0209
13.7397
14.517
15.3589
16.2723
17.2651
18.3461
19.5253
20.8136
22.223
23.7661
25.4561
27.3066
4.99304
5.10123
5.17692
5.26168
5.35709
5.46499
5.58657
5.72275
5.87421
6.04152
6.22522
6.42583
6.64396
6.88029
7.13562
7.41088
7.70714
8.02565
8.36783
8.7353
9.12987
9.55361
10.0088
10.4982
11.0245
11.5912
12.202
12.861
13.5731
14.3436
15.1786
16.0851
17.0708
18.1447
19.3166
20.5974
21.999
23.5341
25.2158
27.0578
4.99352
5.10136
5.17667
5.26103
5.35602
5.46346
5.58458
5.72028
5.87125
6.03807
6.22126
6.42136
6.63898
6.87479
7.12961
7.40434
7.70009
8.01809
8.35976
8.72672
9.12079
9.54404
9.99879
10.4876
11.0135
11.5798
12.1901
12.8488
13.5604
14.3306
15.1653
16.0714
17.0569
18.1306
19.3023
20.5831
21.9847
23.5199
25.2019
27.044
4.99436
5.10223
5.17755
5.26191
5.3569
5.46434
5.58545
5.72113
5.87208
6.03887
6.22203
6.4221
6.63968
6.87546
7.13022
7.40491
7.70061
8.01856
8.36018
8.72709
9.12111
9.5443
9.999
10.4878
11.0136
11.5798
12.1901
12.8487
13.5603
14.3304
15.165
16.0711
17.0566
18.1301
19.3018
20.5824
21.984
23.519
25.2009
27.0431
4.99481
5.10271
5.17807
5.26247
5.35749
5.46497
5.58611
5.72182
5.8728
6.03962
6.2228
6.4229
6.6405
6.87628
7.13106
7.40577
7.70148
8.01943
8.36107
8.72798
9.12201
9.54522
9.99993
10.4887
11.0146
11.5808
12.1911
12.8497
13.5614
14.3315
15.1661
16.0722
17.0577
18.1313
19.303
20.5837
21.9853
23.5203
25.2022
27.0444
4.99508
5.10301
5.1784
5.26283
5.35788
5.46539
5.58656
5.72231
5.87332
6.04017
6.22338
6.4235
6.64112
6.87694
7.13174
7.40646
7.70219
8.02017
8.36182
8.72876
9.12281
9.54603
10.0008
10.4896
11.0155
11.5817
12.192
12.8506
13.5623
14.3324
15.1671
16.0732
17.0587
18.1323
19.304
20.5847
21.9863
23.5215
25.2034
27.0456
4.99529
5.10325
5.17866
5.26311
5.35819
5.46572
5.58693
5.7227
5.87374
6.04061
6.22385
6.424
6.64165
6.87749
7.13232
7.40707
7.70282
8.02082
8.3625
8.72946
9.12354
9.54679
10.0015
10.4904
11.0163
11.5826
12.1929
12.8516
13.5633
14.3334
15.1681
16.0743
17.0598
18.1334
19.3052
20.5859
21.9875
23.5227
25.2047
27.0469
4.9955
5.10348
5.17891
5.26338
5.35848
5.46604
5.58727
5.72306
5.87412
6.04102
6.22429
6.42445
6.64213
6.87799
7.13284
7.40761
7.70339
8.02141
8.36311
8.7301
9.1242
9.54748
10.0023
10.4911
11.0171
11.5834
12.1938
12.8524
13.5641
14.3343
15.169
16.0752
17.0608
18.1345
19.3063
20.5871
21.9887
23.5239
25.206
27.0482
4.99573
5.10373
5.17918
5.26367
5.35879
5.46637
5.58761
5.72342
5.8745
6.04142
6.2247
6.42489
6.64258
6.87847
7.13334
7.40813
7.70393
8.02198
8.3637
8.73071
9.12484
9.54814
10.0029
10.4919
11.0178
11.5841
12.1945
12.8532
13.565
14.3352
15.1699
16.0762
17.0617
18.1355
19.3073
20.5881
21.9898
23.5251
25.2072
27.0495
4.99595
5.10396
5.17942
5.26393
5.35906
5.46665
5.58791
5.72374
5.87484
6.04178
6.22508
6.42528
6.64299
6.87889
7.13379
7.40861
7.70443
8.0225
8.36424
8.73128
9.12543
9.54875
10.0036
10.4925
11.0185
11.5848
12.1953
12.854
13.5658
14.336
15.1708
16.0771
17.0627
18.1365
19.3083
20.5892
21.9909
23.5263
25.2083
27.0506
4.99609
5.10411
5.17959
5.2641
5.35925
5.46686
5.58813
5.72398
5.87509
6.04204
6.22535
6.42558
6.64331
6.87923
7.13415
7.40899
7.70483
8.02292
8.36469
8.73175
9.12592
9.54927
10.0041
10.4931
11.0191
11.5854
12.1959
12.8546
13.5665
14.3367
15.1715
16.0778
17.0635
18.1373
19.3092
20.5901
21.9919
23.5273
25.2094
27.0517
4.99615
5.10418
5.17966
5.26418
5.35934
5.46696
5.58824
5.7241
5.87522
6.04218
6.22551
6.42575
6.6435
6.87944
7.13438
7.40924
7.7051
8.02322
8.365
8.73208
9.12627
9.54964
10.0045
10.4935
11.0195
11.5859
12.1964
12.8552
13.567
14.3373
15.1721
16.0784
17.0641
18.1379
19.3099
20.5908
21.9926
23.528
25.2101
27.0525
4.99613
5.10416
5.17965
5.26418
5.35934
5.46696
5.58825
5.72412
5.87525
6.04222
6.22557
6.42582
6.64358
6.87954
7.13449
7.40937
7.70525
8.02338
8.36519
8.73228
9.12649
9.54987
10.0048
10.4938
11.0198
11.5862
12.1967
12.8555
13.5674
14.3377
15.1725
16.0789
17.0646
18.1384
19.3104
20.5913
21.9931
23.5285
25.2107
27.0531
4.99604
5.10407
5.17955
5.26408
5.35925
5.46687
5.58816
5.72403
5.87517
6.04215
6.2255
6.42576
6.64354
6.87951
7.13447
7.40936
7.70525
8.0234
8.36522
8.73232
9.12655
9.54995
10.0049
10.4939
11.0199
11.5864
12.1969
12.8557
13.5676
14.3379
15.1728
16.0791
17.0648
18.1387
19.3107
20.5916
21.9934
23.5289
25.211
27.0534
4.99585
5.10388
5.17936
5.26389
5.35904
5.46667
5.58796
5.72382
5.87496
6.04194
6.2253
6.42557
6.64335
6.87932
7.13429
7.40919
7.70509
8.02324
8.36507
8.73219
9.12642
9.54984
10.0048
10.4938
11.0199
11.5863
12.1968
12.8557
13.5675
14.3379
15.1728
16.0791
17.0649
18.1387
19.3107
20.5917
21.9935
23.529
25.2111
27.0536
4.99561
5.10364
5.17911
5.26363
5.35878
5.4664
5.58768
5.72355
5.87469
6.04167
6.22502
6.4253
6.64308
6.87906
7.13403
7.40894
7.70484
8.023
8.36483
8.73196
9.1262
9.54963
10.0046
10.4936
11.0197
11.5861
12.1967
12.8555
13.5674
14.3377
15.1726
16.079
17.0647
18.1386
19.3106
20.5916
21.9934
23.5289
25.211
27.0535
4.99537
5.10339
5.17885
5.26336
5.3585
5.46611
5.5874
5.72326
5.87439
6.04137
6.22473
6.425
6.64278
6.87876
7.13374
7.40864
7.70455
8.02271
8.36455
8.73168
9.12593
9.54936
10.0043
10.4933
11.0194
11.5859
12.1964
12.8553
13.5672
14.3375
15.1724
16.0788
17.0645
18.1384
19.3104
20.5914
21.9932
23.5287
25.2109
27.0534
4.99516
5.10317
5.17862
5.26312
5.35826
5.46586
5.58713
5.72298
5.87411
6.04109
6.22444
6.42471
6.64249
6.87847
7.13344
7.40834
7.70425
8.02241
8.36425
8.73139
9.12564
9.54908
10.004
10.4931
11.0192
11.5856
12.1962
12.855
13.5669
14.3372
15.1722
16.0785
17.0643
18.1382
19.3102
20.5912
21.993
23.5285
25.2107
27.0532
4.99499
5.10298
5.17843
5.26292
5.35805
5.46564
5.58691
5.72275
5.87388
6.04085
6.2242
6.42446
6.64224
6.87822
7.13319
7.40809
7.704
8.02216
8.364
8.73113
9.12538
9.54882
10.0038
10.4928
11.0189
11.5853
12.1959
12.8547
13.5666
14.337
15.1719
16.0783
17.064
18.1379
19.3099
20.5909
21.9928
23.5283
25.2105
27.053
4.99479
5.10278
5.17821
5.26269
5.35781
5.46539
5.58665
5.72249
5.87361
6.04058
6.22392
6.42419
6.64196
6.87793
7.1329
7.4078
7.70371
8.02186
8.3637
8.73083
9.12509
9.54851
10.0034
10.4925
11.0186
11.585
12.1956
12.8544
13.5663
14.3367
15.1716
16.078
17.0637
18.1376
19.3097
20.5906
21.9925
23.528
25.2102
27.0527
4.99458
5.10256
5.17798
5.26245
5.35756
5.46513
5.58638
5.72222
5.87333
6.04029
6.22363
6.42388
6.64165
6.87762
7.13258
7.40747
7.70337
8.02153
8.36336
8.73049
9.12473
9.54816
10.0031
10.4921
11.0182
11.5847
12.1952
12.854
13.5659
14.3363
15.1712
16.0776
17.0633
18.1372
19.3093
20.5903
21.9921
23.5276
25.2098
27.0524
4.99441
5.10237
5.17778
5.26224
5.35734
5.46491
5.58615
5.72197
5.87307
6.04003
6.22336
6.4236
6.64136
6.87732
7.13228
7.40716
7.70306
8.0212
8.36303
8.73014
9.12437
9.54779
10.0027
10.4917
11.0178
11.5843
12.1948
12.8536
13.5655
14.3358
15.1708
16.0771
17.0629
18.1368
19.3088
20.5898
21.9916
23.5272
25.2094
27.0518
4.99422
5.10217
5.17757
5.26202
5.35711
5.46466
5.58589
5.72171
5.8728
6.03974
6.22306
6.4233
6.64105
6.877
7.13195
7.40682
7.7027
8.02084
8.36265
8.72976
9.12398
9.54738
10.0023
10.4913
11.0174
11.5838
12.1943
12.8532
13.565
14.3354
15.1703
16.0767
17.0624
18.1363
19.3083
20.5893
21.9911
23.5267
25.2089
27.0513
4.99395
5.10189
5.17727
5.26171
5.35678
5.46432
5.58554
5.72134
5.87242
6.03935
6.22266
6.42288
6.64063
6.87656
7.1315
7.40637
7.70224
8.02036
8.36216
8.72925
9.12346
9.54685
10.0017
10.4907
11.0168
11.5832
12.1937
12.8526
13.5644
14.3348
15.1697
16.076
17.0618
18.1356
19.3077
20.5886
21.9905
23.526
25.2082
27.0507
4.99359
5.10151
5.17688
5.2613
5.35635
5.46388
5.58509
5.72088
5.87194
6.03886
6.22215
6.42237
6.6401
6.87602
7.13095
7.4058
7.70166
8.01977
8.36155
8.72863
9.12282
9.54619
10.0011
10.4901
11.0161
11.5825
12.193
12.8518
13.5637
14.334
15.1689
16.0753
17.061
18.1348
19.3069
20.5878
21.9897
23.5252
25.2073
27.0498
4.99323
5.10113
5.17648
5.26089
5.35593
5.46345
5.58464
5.72041
5.87147
6.03837
6.22165
6.42186
6.63957
6.87549
7.1304
7.40524
7.70108
8.01918
8.36095
8.72802
9.1222
9.54556
10.0004
10.4894
11.0155
11.5819
12.1923
12.8511
13.563
14.3333
15.1682
16.0745
17.0602
18.1341
19.3061
20.587
21.9889
23.5243
25.2065
27.049
4.99305
5.10094
5.17628
5.26068
5.35571
5.46322
5.5844
5.72016
5.8712
6.03809
6.22136
6.42155
6.63925
6.87516
7.13005
7.40488
7.70071
8.01878
8.36054
8.72758
9.12174
9.54509
9.99994
10.4889
11.0149
11.5813
12.1918
12.8506
13.5624
14.3327
15.1675
16.0739
17.0595
18.1334
19.3054
20.5863
21.9881
23.5236
25.2057
27.0482
4.99319
5.10107
5.17641
5.26079
5.35582
5.46331
5.58448
5.72023
5.87126
6.03813
6.22139
6.42156
6.63924
6.87513
7.13001
7.40481
7.70062
8.01867
8.36041
8.72744
9.12159
9.54492
9.99976
10.4887
11.0147
11.5811
12.1915
12.8503
13.5621
14.3324
15.1672
16.0735
17.0592
18.133
19.305
20.5859
21.9876
23.5231
25.2052
27.0476
4.99339
5.10127
5.1766
5.26097
5.35598
5.46346
5.58462
5.72035
5.87136
6.03822
6.22145
6.4216
6.63927
6.87513
7.12999
7.40478
7.70057
8.01861
8.36033
8.72733
9.12146
9.54476
9.99958
10.4885
11.0145
11.5808
12.1913
12.85
13.5618
14.332
15.1669
16.0731
17.0588
18.1326
19.3045
20.5854
21.9872
23.5226
25.2047
27.0471
4.99318
5.10104
5.17635
5.26071
5.3557
5.46316
5.58429
5.72001
5.871
6.03784
6.22105
6.42118
6.63883
6.87467
7.1295
7.40425
7.70001
8.01803
8.35972
8.72671
9.12081
9.54409
9.99888
10.4878
11.0137
11.58
12.1904
12.8492
13.5609
14.3311
15.1659
16.0722
17.0578
18.1315
19.3034
20.5843
21.986
23.5214
25.2034
27.0458
4.99243
5.10027
5.17555
5.25989
5.35486
5.4623
5.58341
5.71911
5.87008
6.0369
6.22009
6.4202
6.63783
6.87365
7.12847
7.40321
7.69896
8.01696
8.35864
8.72561
9.11969
9.54296
9.99773
10.4866
11.0125
11.5788
12.1892
12.8479
13.5597
14.3298
15.1646
16.0708
17.0564
18.1302
19.302
20.5829
21.9845
23.5199
25.2021
27.0444
4.99173
5.09954
5.1748
5.25912
5.35407
5.46148
5.58257
5.71825
5.8692
6.036
6.21917
6.41926
6.63686
6.87265
7.12744
7.40215
7.69787
8.01584
8.35749
8.72443
9.11849
9.54172
9.99646
10.4853
11.0112
11.5775
12.1878
12.8465
13.5582
14.3284
15.1631
16.0693
17.0548
18.1285
19.3003
20.5811
21.9827
23.518
25.2
27.0422
4.99176
5.09955
5.17479
5.25909
5.35402
5.46141
5.58248
5.71814
5.86906
6.03583
6.21898
6.41904
6.63662
6.87239
7.12715
7.40184
7.69754
8.01548
8.35711
8.72402
9.11805
9.54126
9.99597
10.4848
11.0107
11.5769
12.1872
12.8458
13.5575
14.3276
15.1623
16.0685
17.054
18.1276
19.2995
20.5802
21.9818
23.5171
25.1991
27.0413
4.9923
5.10008
5.17531
5.25958
5.35449
5.46186
5.5829
5.71851
5.86941
6.03614
6.21925
6.41927
6.6368
6.87253
7.12725
7.40189
7.69755
8.01545
8.35704
8.72391
9.1179
9.54107
9.99574
10.4845
11.0104
11.5766
12.1868
12.8454
13.557
14.3271
15.1618
16.0679
17.0534
18.127
19.2987
20.5794
21.981
23.5162
25.1981
27.0405
4.9921
5.09985
5.17505
5.2593
5.35418
5.46151
5.58252
5.71811
5.86897
6.03568
6.21876
6.41876
6.63626
6.87196
7.12665
7.40127
7.6969
8.01479
8.35634
8.72319
9.11716
9.54031
9.99496
10.4837
11.0095
11.5757
12.186
12.8445
13.5561
14.3262
15.1608
16.0669
17.0524
18.1259
19.2976
20.5783
21.9798
23.515
25.1969
27.0388
4.99084
5.09854
5.1737
5.25791
5.35276
5.46006
5.58104
5.7166
5.86744
6.03412
6.21718
6.41715
6.63463
6.87031
7.12499
7.39959
7.69521
8.01307
8.35462
8.72146
9.11541
9.53854
9.99318
10.4819
11.0077
11.5739
12.1841
12.8427
13.5543
14.3243
15.1589
16.065
17.0504
18.124
19.2957
20.5763
21.9779
23.5131
25.1949
27.0372
4.98985
5.0975
5.17262
5.25678
5.35158
5.45884
5.57978
5.71531
5.86611
6.03276
6.21579
6.41575
6.63321
6.86888
7.12354
7.39814
7.69374
8.0116
8.35314
8.71997
9.11392
9.53705
9.99168
10.4804
11.0062
11.5724
12.1826
12.8411
13.5527
14.3228
15.1574
16.0634
17.0489
18.1224
19.2941
20.5747
21.9763
23.5113
25.1931
27.0351
4.98858
5.09618
5.17126
5.2554
5.35018
5.45744
5.57839
5.71394
5.86478
6.03147
6.21454
6.41454
6.63205
6.86777
7.12249
7.39715
7.69282
8.01074
8.35234
8.71923
9.11325
9.53643
9.99112
10.4799
11.0058
11.572
12.1823
12.8409
13.5525
14.3226
15.1572
16.0634
17.0488
18.1224
19.2941
20.5747
21.9762
23.5114
25.1933
27.0354
4.98642
5.09419
5.1695
5.25392
5.34904
5.45668
5.57805
5.71405
5.86536
6.03256
6.21616
6.4167
6.63476
6.87103
7.12631
7.40153
7.69776
8.01624
8.3584
8.72585
9.12041
9.54414
9.99936
10.4887
11.015
11.5817
12.1925
12.8516
13.5637
14.3342
15.1693
16.0757
17.0615
18.1354
19.3075
20.5884
21.9901
23.5255
25.2074
27.0494
4.99808
5.10866
5.1869
5.27462
5.37336
5.48495
5.61055
5.75104
5.90708
6.07921
6.26792
6.47373
6.69721
6.93904
7.2
7.48099
7.78311
8.10757
8.4558
8.8294
9.23019
9.66021
10.1218
10.6176
11.1504
11.7237
12.3411
13.0068
13.7257
14.503
15.3449
16.2583
17.2511
18.3322
19.5113
20.7996
22.2088
23.7519
25.4418
27.2921
5.54705
5.72376
5.85915
6.00777
6.17147
6.35224
6.55108
6.76856
7.00497
7.26053
7.53545
7.83001
8.14462
8.47985
8.8364
9.21516
9.61719
10.0437
10.4963
10.9764
11.486
12.0272
12.6024
13.2142
13.8655
14.5599
15.3009
16.0929
16.9407
17.8499
18.8265
19.8779
21.0122
22.2386
23.5679
25.0118
26.5833
28.296
30.1638
32.2005
5.52162
5.69285
5.82265
5.96534
6.1228
6.29704
6.48912
6.69963
6.92892
7.17721
7.44474
7.73183
8.0389
8.36651
8.71539
9.08645
9.48074
9.89952
10.3443
10.8166
11.3184
11.8518
12.4192
13.0232
13.6667
14.3533
15.0866
15.8709
16.711
17.6124
18.5814
19.6251
20.7515
21.9702
23.2915
24.7272
26.2902
27.994
29.8525
31.8797
5.5208
5.69154
5.82081
5.96293
6.11979
6.29341
6.48486
6.69473
6.92336
7.17099
7.43787
7.7243
8.03071
8.35767
8.70591
9.07632
9.46999
9.88816
10.3323
10.804
11.3053
11.8381
12.4049
13.0084
13.6515
14.3376
15.0705
15.8544
16.6941
17.5952
18.5639
19.6073
20.7336
21.9521
23.2733
24.709
26.2721
27.9762
29.8352
31.8626
5.52162
5.69237
5.82165
5.96377
6.12063
6.29425
6.48568
6.69552
6.92413
7.17174
7.43858
7.72497
8.03134
8.35826
8.70645
9.07682
9.47043
9.88855
10.3326
10.8043
11.3055
11.8383
12.4051
13.0085
13.6516
14.3376
15.0704
15.8543
16.694
17.595
18.5636
19.607
20.7332
21.9516
23.2727
24.7084
26.2714
27.9754
29.8344
31.8619
5.52215
5.69296
5.82228
5.96445
6.12136
6.29502
6.4865
6.69638
6.92503
7.17268
7.43955
7.72598
8.03238
8.35933
8.70755
9.07794
9.47158
9.88973
10.3338
10.8056
11.3068
11.8396
12.4064
13.0099
13.653
14.339
15.0719
15.8557
16.6955
17.5966
18.5652
19.6086
20.7348
21.9533
23.2745
24.7102
26.2733
27.9773
29.8362
31.8638
5.5225
5.69336
5.82273
5.96494
6.12189
6.2956
6.48712
6.69706
6.92575
7.17344
7.44036
7.72682
8.03327
8.36025
8.70851
9.07894
9.47262
9.8908
10.3349
10.8067
11.308
11.8408
12.4077
13.0112
13.6543
14.3404
15.0733
15.8572
16.697
17.5981
18.5668
19.6102
20.7365
21.9549
23.2762
24.7119
26.2751
27.9792
29.8382
31.8659
5.52279
5.69368
5.82309
5.96534
6.12233
6.29609
6.48765
6.69763
6.92636
7.17409
7.44105
7.72756
8.03404
8.36107
8.70937
9.07984
9.47356
9.89178
10.336
10.8078
11.3091
11.842
12.4089
13.0124
13.6556
14.3417
15.0747
15.8586
16.6984
17.5996
18.5683
19.6117
20.7381
21.9566
23.2779
24.7137
26.2768
27.9811
29.8401
31.8678
5.52307
5.694
5.82343
5.96572
6.12275
6.29653
6.48813
6.69815
6.92692
7.17468
7.44168
7.72823
8.03475
8.36182
8.71016
9.08067
9.47442
9.89269
10.3369
10.8088
11.3101
11.8431
12.41
13.0136
13.6568
14.343
15.076
15.8599
16.6998
17.601
18.5697
19.6132
20.7396
21.9582
23.2796
24.7154
26.2787
27.9829
29.8421
31.8699
5.52335
5.69431
5.82378
5.96609
6.12315
6.29697
6.4886
6.69864
6.92745
7.17525
7.44228
7.72886
8.03542
8.36252
8.71089
9.08144
9.47524
9.89354
10.3378
10.8097
11.3111
11.8441
12.411
13.0147
13.6579
14.3441
15.0771
15.8612
16.701
17.6023
18.5711
19.6146
20.741
21.9596
23.281
24.7169
26.2802
27.9846
29.8437
31.8716
5.52361
5.6946
5.82409
5.96643
6.12351
6.29736
6.48901
6.69909
6.92792
7.17575
7.44282
7.72943
8.03602
8.36315
8.71156
9.08215
9.47598
9.89431
10.3386
10.8105
11.312
11.845
12.412
13.0156
13.6589
14.3452
15.0782
15.8623
16.7022
17.6035
18.5723
19.6159
20.7423
21.961
23.2824
24.7184
26.2817
27.9861
29.8453
31.8732
5.5238
5.6948
5.82431
5.96668
6.12378
6.29765
6.48934
6.69944
6.9283
7.17615
7.44325
7.72989
8.03651
8.36367
8.71212
9.08273
9.4766
9.89497
10.3393
10.8113
11.3127
11.8458
12.4128
13.0165
13.6598
14.3461
15.0791
15.8632
16.7032
17.6045
18.5734
19.617
20.7435
21.9622
23.2837
24.7196
26.283
27.9874
29.8467
31.8746
5.52389
5.69491
5.82444
5.96682
6.12394
6.29783
6.48953
6.69965
6.92853
7.17641
7.44353
7.7302
8.03685
8.36404
8.71251
9.08316
9.47705
9.89545
10.3398
10.8118
11.3133
11.8463
12.4134
13.0171
13.6604
14.3468
15.0799
15.864
16.704
17.6053
18.5742
19.6178
20.7444
21.9631
23.2846
24.7206
26.284
27.9884
29.8477
31.8757
5.52391
5.69493
5.82447
5.96686
6.12399
6.29789
6.48961
6.69975
6.92865
7.17654
7.44368
7.73037
8.03704
8.36425
8.71275
9.08342
9.47733
9.89576
10.3401
10.8121
11.3136
11.8467
12.4138
13.0175
13.6609
14.3472
15.0804
15.8645
16.7045
17.6059
18.5748
19.6185
20.745
21.9638
23.2853
24.7213
26.2847
27.9892
29.8485
31.8765
5.52384
5.69487
5.82441
5.9668
6.12394
6.29785
6.48957
6.69972
6.92863
7.17654
7.44369
7.7304
8.03708
8.36432
8.71283
9.08352
9.47745
9.89589
10.3403
10.8123
11.3138
11.8469
12.414
13.0178
13.6612
14.3475
15.0807
15.8648
16.7049
17.6062
18.5752
19.6188
20.7454
21.9642
23.2857
24.7218
26.2852
27.9897
29.849
31.8771
5.52367
5.6947
5.82423
5.96662
6.12376
6.29767
6.4894
6.69955
6.92847
7.17638
7.44354
7.73026
8.03695
8.3642
8.71272
9.08342
9.47737
9.89582
10.3402
10.8123
11.3138
11.8469
12.414
13.0178
13.6612
14.3476
15.0807
15.8649
16.7049
17.6063
18.5753
19.619
20.7455
21.9644
23.2859
24.7219
26.2854
27.9899
29.8492
31.8773
5.52345
5.69447
5.824
5.96638
6.12352
6.29743
6.48915
6.6993
6.92822
7.17615
7.44331
7.73003
8.03674
8.36399
8.71252
9.08323
9.47718
9.89564
10.3401
10.8121
11.3136
11.8468
12.4139
13.0177
13.6611
14.3475
15.0806
15.8648
16.7049
17.6063
18.5752
19.6189
20.7455
21.9643
23.2859
24.7219
26.2854
27.9899
29.8492
31.8774
5.52322
5.69423
5.82375
5.96613
6.12326
6.29716
6.48889
6.69904
6.92796
7.17588
7.44305
7.72978
8.03648
8.36374
8.71228
9.08299
9.47695
9.89541
10.3398
10.8119
11.3134
11.8466
12.4137
13.0175
13.6609
14.3473
15.0805
15.8647
16.7047
17.6061
18.5751
19.6188
20.7454
21.9642
23.2858
24.7218
26.2854
27.9899
29.8492
31.8774
5.52301
5.69401
5.82352
5.96589
6.12301
6.29691
6.48862
6.69877
6.92769
7.17561
7.44278
7.72951
8.03622
8.36348
8.71201
9.08272
9.47668
9.89515
10.3396
10.8116
11.3132
11.8463
12.4135
13.0173
13.6607
14.3471
15.0802
15.8644
16.7045
17.6059
18.5749
19.6186
20.7452
21.9641
23.2856
24.7217
26.2852
27.9897
29.8491
31.8773
5.52283
5.69383
5.82333
5.96569
6.1228
6.29669
6.48841
6.69855
6.92747
7.17539
7.44256
7.72928
8.03599
8.36325
8.71178
9.08249
9.47645
9.89491
10.3393
10.8114
11.3129
11.8461
12.4132
13.017
13.6604
14.3468
15.08
15.8642
16.7043
17.6057
18.5747
19.6184
20.745
21.9639
23.2854
24.7215
26.285
27.9896
29.849
31.8771
5.52263
5.69362
5.82311
5.96546
6.12257
6.29645
6.48816
6.6983
6.92721
7.17513
7.44229
7.72901
8.03572
8.36297
8.7115
9.08221
9.47616
9.89463
10.3391
10.8111
11.3127
11.8458
12.4129
13.0167
13.6601
14.3465
15.0797
15.8639
16.704
17.6054
18.5744
19.6181
20.7447
21.9636
23.2851
24.7213
26.2848
27.9893
29.8487
31.8769
5.52242
5.69339
5.82287
5.96521
6.12231
6.29618
6.48788
6.69801
6.92691
7.17482
7.44198
7.72869
8.03539
8.36264
8.71116
9.08186
9.47581
9.89426
10.3387
10.8107
11.3123
11.8454
12.4126
13.0163
13.6597
14.3461
15.0793
15.8635
16.7035
17.605
18.5739
19.6177
20.7443
21.9631
23.2847
24.7208
26.2844
27.9889
29.8483
31.8764
5.52223
5.69319
5.82266
5.96499
6.12207
6.29593
6.48762
6.69774
6.92664
7.17454
7.44168
7.72838
8.03507
8.3623
8.71082
9.0815
9.47544
9.89389
10.3383
10.8103
11.3119
11.845
12.4121
13.0159
13.6593
14.3457
15.0788
15.863
16.7031
17.6045
18.5735
19.6172
20.7438
21.9627
23.2842
24.7204
26.2839
27.9884
29.8478
31.876
5.52204
5.69298
5.82243
5.96475
6.12182
6.29567
6.48735
6.69745
6.92633
7.17422
7.44135
7.72804
8.03471
8.36193
8.71043
9.08111
9.47504
9.89347
10.3379
10.8099
11.3114
11.8445
12.4116
13.0154
13.6588
14.3452
15.0783
15.8625
16.7026
17.604
18.5729
19.6167
20.7433
21.9621
23.2837
24.7198
26.2833
27.9879
29.8473
31.8755
5.52175
5.69268
5.82211
5.96441
6.12146
6.2953
6.48696
6.69705
6.92592
7.17379
7.4409
7.72758
8.03423
8.36144
8.70992
9.08058
9.47449
9.89291
10.3373
10.8093
11.3108
11.8439
12.411
13.0147
13.6581
14.3445
15.0776
15.8618
16.7018
17.6032
18.5722
19.6159
20.7425
21.9614
23.2829
24.719
26.2826
27.9871
29.8465
31.8746
5.52137
5.69228
5.82169
5.96397
6.12101
6.29482
6.48647
6.69654
6.92539
7.17325
7.44034
7.727
8.03364
8.36083
8.70929
9.07994
9.47384
9.89224
10.3366
10.8086
11.3101
11.8432
12.4103
13.014
13.6574
14.3437
15.0769
15.861
16.7011
17.6025
18.5714
19.6151
20.7417
21.9606
23.2821
24.7182
26.2817
27.9863
29.8456
31.8737
5.52099
5.69187
5.82127
5.96353
6.12055
6.29435
6.48598
6.69603
6.92486
7.1727
7.43978
7.72642
8.03304
8.36021
8.70866
9.07929
9.47317
9.89156
10.3359
10.8079
11.3093
11.8424
12.4095
13.0132
13.6566
14.3429
15.076
15.8602
16.7002
17.6016
18.5705
19.6142
20.7408
21.9596
23.2811
24.7172
26.2807
27.9853
29.8446
31.8728
5.52079
5.69165
5.82104
5.96328
6.12029
6.29407
6.48568
6.69572
6.92453
7.17235
7.43941
7.72603
8.03263
8.35978
8.70821
9.07882
9.47267
9.89104
10.3354
10.8073
11.3088
11.8418
12.4089
13.0126
13.6559
14.3422
15.0753
15.8595
16.6994
17.6008
18.5697
19.6134
20.7399
21.9588
23.2803
24.7163
26.2798
27.9843
29.8436
31.8717
5.52089
5.69174
5.82111
5.96335
6.12034
6.2941
6.48569
6.69571
6.9245
7.1723
7.43934
7.72593
8.03251
8.35964
8.70805
9.07864
9.47248
9.89082
10.3351
10.8071
11.3085
11.8415
12.4086
13.0122
13.6555
14.3418
15.0749
15.859
16.699
17.6004
18.5693
19.6129
20.7394
21.9582
23.2797
24.7158
26.2792
27.9837
29.843
31.8711
5.52105
5.69189
5.82125
5.96346
6.12043
6.29418
6.48574
6.69574
6.9245
7.17227
7.43928
7.72584
8.03239
8.3595
8.70787
9.07843
9.47223
9.89053
10.3348
10.8067
11.3081
11.8411
12.4081
13.0117
13.655
14.3413
15.0743
15.8584
16.6984
17.5997
18.5686
19.6122
20.7387
21.9574
23.2789
24.7149
26.2783
27.9828
29.842
31.8701
5.52079
5.69161
5.82094
5.96313
6.12008
6.29379
6.48534
6.6953
6.92404
7.17177
7.43876
7.72529
8.03181
8.35888
8.70723
9.07777
9.47155
9.88984
10.3341
10.806
11.3073
11.8403
12.4073
13.0109
13.6542
14.3404
15.0734
15.8575
16.6974
17.5987
18.5675
19.6111
20.7376
21.9563
23.2777
24.7137
26.2771
27.9815
29.8407
31.8687
5.52002
5.6908
5.8201
5.96226
6.11917
6.29286
6.48437
6.69431
6.92301
7.17073
7.43768
7.72419
8.03068
8.35772
8.70604
9.07654
9.47028
9.88853
10.3328
10.8046
11.3059
11.8389
12.4058
13.0094
13.6526
14.3388
15.0718
15.8558
16.6957
17.597
18.5658
19.6093
20.7358
21.9544
23.2758
24.7118
26.2752
27.9795
29.8387
31.8667
5.51928
5.69002
5.81929
5.96142
6.1183
6.29195
6.48343
6.69333
6.922
7.16968
7.4366
7.72307
8.02953
8.35655
8.70484
9.07531
9.46902
9.88724
10.3314
10.8032
11.3045
11.8375
12.4044
13.0079
13.6511
14.3373
15.0702
15.8542
16.6941
17.5953
18.564
19.6075
20.7339
21.9525
23.2739
24.7098
26.2731
27.9774
29.8365
31.8647
5.51923
5.68995
5.81919
5.96129
6.11814
6.29175
6.4832
6.69306
6.92169
7.16933
7.4362
7.72263
8.02904
8.356
8.70424
9.07466
9.46833
9.8865
10.3306
10.8024
11.3037
11.8365
12.4034
13.0069
13.65
14.3361
15.069
15.853
16.6928
17.5939
18.5626
19.6061
20.7324
21.951
23.2723
24.7081
26.2712
27.9755
29.8348
31.8622
5.51968
5.69038
5.81959
5.96165
6.11846
6.29204
6.48344
6.69326
6.92185
7.16944
7.43627
7.72266
8.02903
8.35594
8.70414
9.07452
9.46814
9.88627
10.3304
10.8021
11.3033
11.8361
12.403
13.0064
13.6495
14.3356
15.0685
15.8524
16.6921
17.5932
18.5619
19.6053
20.7316
21.9502
23.2714
24.7072
26.2704
27.9747
29.8336
31.8617
5.51941
5.69006
5.81923
5.96125
6.11801
6.29155
6.4829
6.69268
6.92122
7.16876
7.43555
7.72189
8.02821
8.35509
8.70324
9.07357
9.46715
9.88524
10.3293
10.801
11.3022
11.835
12.4017
13.0052
13.6482
14.3343
15.0671
15.851
16.6906
17.5917
18.5604
19.6037
20.73
21.9485
23.2697
24.7053
26.2687
27.9728
29.8319
31.8597
5.51808
5.68868
5.81779
5.95976
6.11648
6.28997
6.48127
6.691
6.9195
7.167
7.43374
7.72004
8.02632
8.35316
8.70128
9.07157
9.46512
9.88318
10.3272
10.7989
11.3
11.8328
12.3995
13.0029
13.6459
14.3319
15.0647
15.8485
16.6882
17.5893
18.5579
19.6012
20.7275
21.9459
23.267
24.7029
26.2658
27.9701
29.829
31.8567
5.51701
5.68753
5.81658
5.95849
6.11515
6.28858
6.47984
6.68953
6.91799
7.16546
7.43217
7.71844
8.0247
8.35151
8.6996
9.06988
9.4634
9.88145
10.3255
10.7971
11.2982
11.831
12.3977
13.0011
13.6441
14.3301
15.0628
15.8467
16.6863
17.5873
18.5559
19.5992
20.7253
21.9438
23.265
24.7005
26.2638
27.9678
29.8266
31.8542
5.51571
5.68618
5.8152
5.9571
6.11376
6.28721
6.47849
6.68821
6.9167
7.16422
7.43098
7.7173
8.02361
8.35048
8.69863
9.06896
9.46255
9.88065
10.3247
10.7964
11.2976
11.8304
12.3972
13.0006
13.6437
14.3297
15.0625
15.8464
16.6861
17.5871
18.5557
19.5991
20.7252
21.9438
23.2649
24.7006
26.2636
27.9676
29.8264
31.8536
5.5144
5.68522
5.81466
5.95705
6.11424
6.28827
6.48017
6.69054
6.9197
7.1679
7.43535
7.72237
8.02937
8.35693
8.70577
9.07678
9.47104
9.8898
10.3345
10.8068
11.3086
11.842
12.4094
13.0134
13.657
14.3436
15.0769
15.8612
16.7014
17.6029
18.5719
19.6156
20.7423
21.9608
23.2824
24.7182
26.2816
27.9858
29.8446
31.8729
5.53745
5.71314
5.84765
5.99555
6.15867
6.33898
6.53748
6.75469
6.99091
7.24633
7.52115
7.81565
8.13023
8.46543
8.82197
9.20073
9.60278
10.0293
10.4819
10.9621
11.4717
12.0129
12.5881
13.1999
13.8513
14.5456
15.2867
16.0787
16.9265
17.8357
18.8123
19.8637
20.9977
22.2243
23.5534
24.9971
26.5684
28.2808
30.1486
32.1846
6.38953
6.67183
6.89765
7.14093
7.40375
7.68804
7.99426
8.3223
8.6718
9.04244
9.43402
9.84653
10.2802
10.7354
11.2128
11.7133
12.238
12.7881
13.365
13.9704
14.6064
15.2748
15.9782
16.7193
17.5009
18.3266
19.2
20.1255
21.108
22.1531
23.2672
24.4581
25.7344
27.1065
28.5863
30.1874
31.9249
33.8145
35.8715
38.1094
6.34231
6.61577
6.83263
7.0665
7.31957
7.59384
7.88984
8.20751
8.54659
8.90675
9.28785
9.68991
10.1132
10.558
11.0252
11.5155
12.0301
12.5702
13.1373
13.733
14.3593
15.0183
15.7123
16.4442
17.2168
18.0335
18.8981
19.815
20.7889
21.8256
22.9315
24.1141
25.3821
26.7459
28.2172
29.8097
31.5382
33.4183
35.4654
37.6928
6.33961
6.61233
6.8284
7.06146
7.31367
7.58707
7.88221
8.19902
8.53722
8.89653
9.27678
9.67801
10.1004
10.5445
11.0109
11.5005
12.0143
12.5537
13.1201
13.7152
14.3409
14.9993
15.6928
16.4241
17.1962
18.0125
18.8767
19.7932
20.7669
21.8033
22.909
24.0914
25.3593
26.7231
28.1944
29.7869
31.5156
33.3961
35.4436
37.6712
6.34043
6.61319
6.82927
7.06232
7.31454
7.58793
7.88305
8.19984
8.53802
8.89731
9.27754
9.67872
10.1011
10.5452
11.0115
11.5011
12.0149
12.5542
13.1206
13.7156
14.3413
14.9996
15.6931
16.4244
17.1965
18.0127
18.8769
19.7934
20.767
21.8034
22.909
24.0914
25.3594
26.7231
28.1944
29.787
31.5156
33.3961
35.4437
37.6715
6.34113
6.61397
6.83013
7.06326
7.31555
7.58902
7.88421
8.20107
8.53931
8.89866
9.27894
9.68019
10.1026
10.5467
11.0132
11.5028
12.0166
12.556
13.1224
13.7175
14.3432
15.0017
15.6952
16.4265
17.1987
18.015
18.8792
19.7957
20.7694
21.8058
22.9115
24.0939
25.3619
26.7256
28.197
29.7896
31.5183
33.3988
35.4463
37.6742
6.34165
6.61457
6.83079
7.064
7.31636
7.5899
7.88516
8.2021
8.54041
8.89983
9.28019
9.68152
10.104
10.5482
11.0147
11.5044
12.0183
12.5578
13.1242
13.7194
14.3452
15.0036
15.6973
16.4287
17.2009
18.0172
18.8815
19.7981
20.7718
21.8083
22.9141
24.0965
25.3646
26.7284
28.1999
29.7925
31.5213
33.4019
35.4496
37.6774
6.34209
6.61507
6.83136
7.06463
7.31706
7.59067
7.88601
8.20301
8.5414
8.90089
9.28133
9.68272
10.1053
10.5496
11.0161
11.5059
12.0199
12.5594
13.1259
13.7212
14.347
15.0056
15.6992
16.4307
17.203
18.0194
18.8837
19.8003
20.7741
21.8106
22.9164
24.0989
25.367
26.7308
28.2023
29.7949
31.5238
33.4044
35.4521
37.68
6.3425
6.61554
6.83189
7.06522
7.31771
7.59138
7.88678
8.20384
8.5423
8.90185
9.28235
9.68382
10.1065
10.5508
11.0174
11.5072
12.0213
12.5609
13.1275
13.7228
14.3487
15.0073
15.7011
16.4326
17.2049
18.0214
18.8858
19.8025
20.7763
21.8129
22.9187
24.1013
25.3695
26.7334
28.2049
29.7976
31.5265
33.4071
35.4549
37.6828
6.3429
6.61599
6.83239
7.06577
7.31831
7.59204
7.88749
8.20461
8.54312
8.90274
9.2833
9.68482
10.1075
10.5519
11.0186
11.5085
12.0226
12.5623
13.1289
13.7243
14.3502
15.0089
15.7027
16.4343
17.2067
18.0232
18.8876
19.8044
20.7782
21.8148
22.9207
24.1033
25.3715
26.7354
28.207
29.7998
31.5287
33.4094
35.4573
37.6853
6.34326
6.61639
6.83283
7.06625
7.31884
7.59262
7.88812
8.20529
8.54386
8.90352
9.28413
9.68571
10.1085
10.5529
11.0196
11.5096
12.0238
12.5635
13.1302
13.7256
14.3516
15.0103
15.7042
16.4358
17.2082
18.0248
18.8893
19.8061
20.78
21.8166
22.9225
24.1052
25.3734
26.7374
28.209
29.8018
31.5308
33.4115
35.4594
37.6874
6.34353
6.6167
6.83317
7.06664
7.31927
7.59308
7.88863
8.20584
8.54445
8.90416
9.28482
9.68643
10.1093
10.5537
11.0205
11.5105
12.0247
12.5645
13.1312
13.7267
14.3527
15.0115
15.7054
16.437
17.2095
18.0261
18.8906
19.8074
20.7814
21.8181
22.924
24.1067
25.3749
26.7389
28.2106
29.8034
31.5325
33.4132
35.4612
37.6893
6.34369
6.61689
6.83339
7.06688
7.31954
7.59339
7.88897
8.20622
8.54486
8.90461
9.2853
9.68695
10.1098
10.5543
11.0211
11.5111
12.0254
12.5652
13.132
13.7275
14.3536
15.0124
15.7063
16.438
17.2104
18.0271
18.8916
19.8085
20.7824
21.8191
22.9251
24.1078
25.3761
26.7402
28.2118
29.8047
31.5338
33.4146
35.4626
37.6907
6.34375
6.61697
6.83349
7.067
7.31968
7.59355
7.88915
8.20643
8.5451
8.90487
9.28559
9.68727
10.1101
10.5547
11.0215
11.5116
12.0259
12.5657
13.1325
13.728
14.3541
15.0129
15.7069
16.4386
17.2111
18.0277
18.8923
19.8092
20.7832
21.8199
22.9259
24.1087
25.377
26.7411
28.2128
29.8057
31.5348
33.4156
35.4637
37.6918
6.34372
6.61695
6.83347
7.067
7.31969
7.59358
7.8892
8.20649
8.54518
8.90497
9.2857
9.6874
10.1103
10.5549
11.0217
11.5118
12.0261
12.5659
13.1328
13.7283
14.3544
15.0133
15.7072
16.4389
17.2115
18.0281
18.8928
19.8096
20.7836
21.8204
22.9264
24.1092
25.3775
26.7416
28.2134
29.8063
31.5354
33.4163
35.4644
37.6925
6.34358
6.6168
6.83333
7.06685
7.31955
7.59345
7.88907
8.20637
8.54507
8.90487
9.28562
9.68733
10.1102
10.5548
11.0217
11.5118
12.0261
12.5659
13.1328
13.7283
14.3545
15.0133
15.7073
16.439
17.2116
18.0283
18.8929
19.8098
20.7838
21.8206
22.9267
24.1095
25.3778
26.7419
28.2137
29.8066
31.5358
33.4166
35.4648
37.6929
6.34337
6.61659
6.83312
7.06664
7.31934
7.59324
7.88887
8.20617
8.54488
8.90469
9.28544
9.68716
10.1101
10.5547
11.0216
11.5116
12.026
12.5658
13.1327
13.7282
14.3544
15.0132
15.7072
16.439
17.2115
18.0282
18.8929
19.8098
20.7839
21.8207
22.9267
24.1096
25.3779
26.7421
28.2138
29.8068
31.536
33.4169
35.465
37.6932
6.34315
6.61637
6.83289
7.06641
7.31911
7.59301
7.88864
8.20595
8.54466
8.90448
9.28524
9.68697
10.1099
10.5545
11.0214
11.5115
12.0258
12.5657
13.1325
13.7281
14.3542
15.0131
15.7071
16.4389
17.2114
18.0281
18.8928
19.8097
20.7838
21.8206
22.9267
24.1095
25.3779
26.7421
28.2138
29.8068
31.536
33.4169
35.4651
37.6933
6.34294
6.61615
6.83266
7.06618
7.31887
7.59276
7.88839
8.20571
8.54441
8.90424
9.285
9.68673
10.1097
10.5543
11.0212
11.5112
12.0256
12.5655
13.1323
13.7279
14.354
15.0129
15.7069
16.4387
17.2113
18.028
18.8927
19.8096
20.7837
21.8205
22.9266
24.1094
25.3778
26.742
28.2138
29.8068
31.536
33.4169
35.4651
37.6933
6.34278
6.61597
6.83248
7.06599
7.31868
7.59257
7.8882
8.20551
8.54422
8.90404
9.2848
9.68654
10.1095
10.5541
11.021
11.5111
12.0254
12.5653
13.1321
13.7277
14.3539
15.0127
15.7067
16.4385
17.2111
18.0278
18.8925
19.8095
20.7836
21.8204
22.9265
24.1093
25.3777
26.7419
28.2137
29.8068
31.536
33.4169
35.4651
37.6933
6.34258
6.61576
6.83226
7.06576
7.31844
7.59233
7.88795
8.20526
8.54397
8.90379
9.28455
9.68629
10.1092
10.5538
11.0207
11.5108
12.0251
12.565
13.1319
13.7274
14.3536
15.0125
15.7065
16.4383
17.2108
18.0276
18.8923
19.8092
20.7833
21.8201
22.9262
24.1091
25.3775
26.7417
28.2135
29.8065
31.5357
33.4166
35.4649
37.6931
6.34235
6.61552
6.83201
7.0655
7.31817
7.59205
7.88766
8.20496
8.54366
8.90347
9.28423
9.68595
10.1089
10.5535
11.0203
11.5104
12.0247
12.5646
13.1315
13.7271
14.3532
15.0121
15.7061
16.4379
17.2105
18.0272
18.8919
19.8088
20.7829
21.8197
22.9258
24.1087
25.3771
26.7413
28.2131
29.8061
31.5353
33.4162
35.4644
37.6926
6.34215
6.61531
6.83178
7.06525
7.31791
7.59178
7.88738
8.20467
8.54336
8.90316
9.2839
9.68561
10.1085
10.5531
11.02
11.51
12.0244
12.5642
13.1311
13.7266
14.3528
15.0117
15.7057
16.4374
17.21
18.0267
18.8914
19.8083
20.7824
21.8193
22.9254
24.1082
25.3766
26.7408
28.2126
29.8057
31.5349
33.4158
35.464
37.6923
6.34193
6.61507
6.83153
7.06498
7.31763
7.59148
7.88706
8.20434
8.54301
8.90279
9.28352
9.68521
10.1081
10.5527
11.0195
11.5096
12.0239
12.5637
13.1306
13.7261
14.3523
15.0111
15.7051
16.4369
17.2094
18.0261
18.8908
19.8077
20.7818
21.8186
22.9247
24.1076
25.376
26.7402
28.212
29.805
31.5342
33.4152
35.4634
37.6916
6.34162
6.61474
6.83117
7.06461
7.31723
7.59106
7.88663
8.20388
8.54253
8.9023
9.283
9.68468
10.1076
10.5521
11.0189
11.509
12.0233
12.5631
13.1299
13.7255
14.3516
15.0105
15.7044
16.4362
17.2087
18.0254
18.8901
19.807
20.7811
21.8179
22.924
24.1068
25.3752
26.7394
28.2112
29.8042
31.5335
33.4144
35.4626
37.6907
6.34121
6.6143
6.83071
7.06412
7.31672
7.59053
7.88608
8.20331
8.54194
8.90168
9.28237
9.68402
10.1069
10.5514
11.0182
11.5082
12.0225
12.5623
13.1292
13.7247
14.3508
15.0097
15.7036
16.4353
17.2079
18.0246
18.8892
19.8061
20.7802
21.817
22.9231
24.1059
25.3743
26.7385
28.2102
29.8033
31.5325
33.4134
35.4616
37.6898
6.34079
6.61386
6.83024
7.06363
7.31621
7.58999
7.88551
8.20272
8.54133
8.90105
9.28171
9.68334
10.1062
10.5507
11.0175
11.5075
12.0217
12.5615
13.1283
13.7238
14.3499
15.0087
15.7027
16.4344
17.2069
18.0236
18.8882
19.8051
20.7791
21.8159
22.922
24.1048
25.3731
26.7373
28.2091
29.8021
31.5313
33.4121
35.4603
37.6884
6.34055
6.61359
6.82995
7.06332
7.31587
7.58963
7.88513
8.20232
8.5409
8.90059
9.28123
9.68284
10.1056
10.5501
11.0169
11.5069
12.0211
12.5609
13.1277
13.7232
14.3492
15.008
15.7019
16.4337
17.2061
18.0228
18.8874
19.8043
20.7783
21.8151
22.9211
24.1039
25.3722
26.7364
28.2081
29.8011
31.5303
33.4111
35.4593
37.6875
6.34059
6.61361
6.82995
7.0633
7.31583
7.58956
7.88503
8.20219
8.54074
8.9004
9.28101
9.68258
10.1054
10.5498
11.0166
11.5065
12.0207
12.5605
13.1272
13.7227
14.3487
15.0075
15.7013
16.433
17.2055
18.0221
18.8867
19.8035
20.7775
21.8142
22.9202
24.103
25.3713
26.7354
28.2071
29.8001
31.5292
33.4101
35.4582
37.6863
6.34068
6.61368
6.82999
7.06331
7.31581
7.58951
7.88494
8.20206
8.54057
8.90019
9.28076
9.6823
10.105
10.5494
11.0162
11.5061
12.0203
12.56
13.1267
13.7221
14.3481
15.0068
15.7007
16.4323
17.2047
18.0213
18.8859
19.8027
20.7766
21.8134
22.9193
24.1021
25.3703
26.7344
28.2061
29.799
31.5281
33.4089
35.457
37.685
6.34036
6.61332
6.82959
7.06287
7.31533
7.58899
7.88438
8.20146
8.53993
8.89952
9.28004
9.68154
10.1043
10.5486
11.0153
11.5052
12.0193
12.559
13.1257
13.721
14.347
15.0057
15.6995
16.4311
17.2035
18.02
18.8845
19.8013
20.7752
21.8119
22.9178
24.1005
25.3687
26.7328
28.2045
29.7973
31.5264
33.4072
35.4553
37.6834
6.33951
6.61242
6.82865
7.06188
7.31429
7.5879
7.88325
8.20028
8.53871
8.89824
9.27872
9.68018
10.1028
10.5472
11.0138
11.5036
12.0177
12.5574
13.124
13.7193
14.3453
15.0039
15.6977
16.4292
17.2016
18.0181
18.8826
19.7993
20.7732
21.8098
22.9157
24.0983
25.3665
26.7305
28.2021
29.7949
31.524
33.4047
35.4525
37.6804
6.33868
6.61154
6.82772
7.0609
7.31326
7.58682
7.88212
8.19909
8.53747
8.89696
9.27739
9.67879
10.1014
10.5457
11.0123
11.502
12.0161
12.5557
13.1223
13.7175
14.3434
15.002
15.6957
16.4272
17.1995
18.016
18.8804
19.7971
20.7709
21.8075
22.9133
24.0959
25.3641
26.728
28.1996
29.7924
31.5213
33.402
35.45
37.6779
6.33851
6.61132
6.82745
7.06058
7.31288
7.58639
7.88162
8.19853
8.53685
8.89627
9.27663
9.67798
10.1005
10.5447
11.0113
11.501
12.015
12.5545
13.121
13.7162
14.342
15.0006
15.6942
16.4257
17.1979
18.0143
18.8787
19.7953
20.769
21.8056
22.9114
24.0939
25.362
26.7259
28.1973
29.79
31.5191
33.3996
35.4473
37.6756
6.33881
6.61157
6.82765
7.06072
7.31297
7.5864
7.88158
8.19842
8.53667
8.89603
9.27633
9.67761
10.1001
10.5442
11.0107
11.5004
12.0143
12.5538
13.1202
13.7154
14.3411
14.9996
15.6932
16.4246
17.1968
18.0132
18.8775
19.794
20.7678
21.8042
22.91
24.0925
25.3605
26.7243
28.1958
29.7885
31.5174
33.3979
35.4459
37.6734
6.33838
6.61107
6.82708
7.06008
7.31225
7.58562
7.88071
8.19748
8.53565
8.89493
9.27515
9.67635
10.0988
10.5428
11.0092
11.4988
12.0127
12.5521
13.1185
13.7136
14.3392
14.9977
15.6912
16.4225
17.1947
18.011
18.8752
19.7917
20.7654
21.8018
22.9075
24.0899
25.3579
26.7217
28.1931
29.7857
31.5144
33.395
35.4427
37.6705
6.33691
6.60951
6.82544
7.05836
7.31045
7.58373
7.87874
8.19544
8.53354
8.89275
9.27291
9.67404
10.0964
10.5404
11.0067
11.4963
12.0101
12.5494
13.1157
13.7108
14.3364
14.9948
15.6882
16.4195
17.1916
18.0078
18.872
19.7885
20.7621
21.7984
22.904
24.0865
25.3544
26.7182
28.1895
29.7819
31.511
33.3911
35.439
37.6664
6.33566
6.60816
6.824
7.05684
7.30886
7.58208
7.87703
8.19367
8.53172
8.89088
9.27099
9.67208
10.0944
10.5383
11.0046
11.4941
12.0079
12.5472
13.1135
13.7085
14.3341
14.9924
15.6859
16.4171
17.1892
18.0054
18.8696
19.786
20.7595
21.7959
22.9015
24.0839
25.3518
26.7155
28.1868
29.7794
31.5078
33.3884
35.4359
37.6637
6.33426
6.6067
6.82251
7.05533
7.30733
7.58054
7.87549
8.19214
8.53019
8.88936
9.26949
9.6706
10.0929
10.5369
11.0032
11.4927
12.0065
12.5458
13.1121
13.7072
14.3328
14.9911
15.6846
16.4158
17.1879
18.0041
18.8682
19.7846
20.7582
21.7945
22.9002
24.0824
25.3503
26.7139
28.1853
29.7777
31.5065
33.3867
35.4341
37.662
6.33446
6.60754
6.82407
7.05769
7.31054
7.58463
7.88049
8.19805
8.53703
8.89712
9.27816
9.68016
10.1034
10.5482
11.0154
11.5057
12.0203
12.5603
13.1274
13.7231
14.3495
15.0085
15.7026
16.4344
17.2071
18.0238
18.8885
19.8054
20.7794
21.8162
22.9221
24.1049
25.373
26.7372
28.2086
29.8014
31.53
33.4105
35.4585
37.6851
6.37796
6.65943
6.88459
7.12735
7.38978
7.67378
7.97979
8.30768
8.65708
9.02765
9.41918
9.83166
10.2653
10.7205
11.1979
11.6985
12.2231
12.7732
13.3501
13.9556
14.5915
15.2599
15.9634
16.7044
17.486
18.3116
19.185
20.1104
21.0928
22.1378
23.2519
24.4427
25.7189
27.0908
28.5705
30.1714
31.9089
33.7983
35.8551
38.0928
7.71255
8.15287
8.54257
8.9477
9.36616
9.80425
10.2659
10.7499
11.255
11.7802
12.3251
12.8893
13.4731
14.0769
14.7014
15.3475
16.0164
16.7094
17.4281
18.1742
18.9497
19.7567
20.5977
21.4753
22.3925
23.3528
24.3598
25.418
26.5322
27.7082
28.9527
30.2736
31.6803
33.1842
34.7987
36.5393
38.4237
40.4693
42.6911
45.0967
7.62846
8.05451
8.42893
8.81826
9.2206
9.64314
10.0893
10.5578
11.0477
11.558
12.0881
12.638
13.2077
13.7977
14.4088
15.0418
15.6979
16.3785
17.0852
17.8195
18.5836
19.3796
20.2099
21.0771
21.9843
22.9349
23.9325
24.9816
26.087
27.2545
28.4907
29.8035
31.2023
32.6982
34.3046
36.0371
37.9128
39.9493
42.1611
44.556
7.6229
8.04783
8.42107
8.8092
9.21033
9.63165
10.0766
10.544
11.0327
11.5419
12.071
12.6199
13.1886
13.7778
14.3879
15.0201
15.6754
16.3553
17.0612
17.7949
18.5584
19.3538
20.1835
21.0503
21.9571
22.9072
23.9045
24.9533
26.0585
27.2258
28.4619
29.7746
31.1734
32.6694
34.2759
36.0084
37.8842
39.921
42.1331
44.528
7.62383
8.04881
8.42209
8.81026
9.21143
9.63278
10.0777
10.5451
11.0339
11.5431
12.0722
12.6211
13.1899
13.779
14.3892
15.0214
15.6767
16.3566
17.0625
17.7962
18.5597
19.3551
20.1849
21.0516
21.9584
22.9086
23.9059
24.9547
26.0599
27.2273
28.4634
29.7761
31.175
32.671
34.2776
36.0103
37.8864
39.9233
42.1357
44.5309
7.62488
8.05
8.42343
8.81175
9.21308
9.63457
10.0797
10.5472
11.0361
11.5454
12.0747
12.6236
13.1925
13.7818
14.3921
15.0243
15.6798
16.3598
17.0658
17.7996
18.5632
19.3587
20.1885
21.0554
21.9622
22.9124
23.9098
24.9587
26.0639
27.2313
28.4675
29.7803
31.1791
32.6752
34.2818
36.0144
37.8905
39.9273
42.1398
44.5351
7.62573
8.05099
8.42456
8.81303
9.2145
9.63612
10.0813
10.549
11.038
11.5475
12.0769
12.626
13.195
13.7843
14.3948
15.0272
15.6827
16.3628
17.0689
17.8029
18.5665
19.3621
20.1921
21.059
21.966
22.9163
23.9138
24.9628
26.0681
27.2356
28.4719
29.7848
31.1837
32.6799
34.2867
36.0195
37.8957
39.9327
42.1453
44.5407
7.62645
8.05182
8.42551
8.81411
9.21571
9.63746
10.0828
10.5506
11.0398
11.5493
12.0788
12.628
13.1972
13.7866
14.3972
15.0297
15.6854
16.3655
17.0718
17.8058
18.5695
19.3652
20.1952
21.0622
21.9693
22.9197
23.9172
24.9662
26.0716
27.2391
28.4753
29.7883
31.1872
32.6834
34.2901
36.023
37.8992
39.9363
42.149
44.5446
7.62711
8.05257
8.42638
8.81508
9.2168
9.63865
10.0841
10.552
11.0413
11.551
12.0806
12.6299
13.1991
13.7887
14.3993
15.032
15.6877
16.368
17.0743
17.8084
18.5723
19.3681
20.1982
21.0653
21.9724
22.9228
23.9205
24.9695
26.075
27.2426
28.4789
29.7919
31.1909
32.6872
34.2939
36.0268
37.903
39.9401
42.1528
44.5484
7.62772
8.05327
8.42716
8.81596
9.21778
9.63972
10.0853
10.5533
11.0426
11.5524
12.0821
12.6315
13.2009
13.7905
14.4012
15.034
15.6898
16.3701
17.0765
17.8107
18.5747
19.3705
20.2007
21.0678
21.975
22.9255
23.9232
24.9723
26.0778
27.2454
28.4817
29.7948
31.1938
32.6901
34.2969
36.0299
37.9061
39.9434
42.1561
44.5518
7.62825
8.05388
8.42785
8.81673
9.21863
9.64065
10.0863
10.5544
11.0438
11.5537
12.0834
12.633
13.2024
13.7921
14.4029
15.0357
15.6916
16.372
17.0785
17.8127
18.5767
19.3726
20.2028
21.0701
21.9773
22.9278
23.9256
24.9747
26.0803
27.2479
28.4843
29.7973
31.1964
32.6927
34.2996
36.0326
37.9088
39.9462
42.159
44.5547
7.62867
8.05435
8.42839
8.81734
9.21931
9.6414
10.0871
10.5553
11.0448
11.5547
12.0845
12.6341
13.2036
13.7934
14.4042
15.0371
15.693
16.3735
17.08
17.8143
18.5784
19.3743
20.2046
21.0718
21.9791
22.9297
23.9275
24.9766
26.0822
27.2499
28.4863
29.7994
31.1985
32.6949
34.3018
36.0348
37.9111
39.9485
42.1613
44.5571
7.62895
8.05468
8.42876
8.81776
9.21978
9.64193
10.0877
10.5559
11.0454
11.5554
12.0853
12.6349
13.2044
13.7943
14.4052
15.0381
15.6941
16.3746
17.0812
17.8155
18.5796
19.3756
20.2059
21.0732
21.9805
22.9311
23.9289
24.9781
26.0837
27.2514
28.4879
29.801
31.2002
32.6965
34.3035
36.0366
37.9129
39.9504
42.1632
44.5591
7.62909
8.05485
8.42897
8.81801
9.22007
9.64225
10.088
10.5563
11.0459
11.5559
12.0858
12.6355
13.205
13.7949
14.4058
15.0387
15.6948
16.3753
17.0819
17.8163
18.5804
19.3764
20.2067
21.0741
21.9814
22.9321
23.9299
24.9791
26.0847
27.2525
28.489
29.8021
31.2014
32.6978
34.3047
36.0379
37.9142
39.9517
42.1646
44.5605
7.62913
8.05491
8.42905
8.81811
9.22019
9.6424
10.0882
10.5565
11.0461
11.5561
12.0861
12.6358
13.2053
13.7952
14.4062
15.0391
15.6952
16.3758
17.0824
17.8168
18.5809
19.3769
20.2073
21.0746
21.982
22.9327
23.9305
24.9798
26.0854
27.2532
28.4897
29.8029
31.2022
32.6986
34.3056
36.0388
37.9152
39.9527
42.1656
44.5616
7.62902
8.0548
8.42895
8.81802
9.22012
9.64234
10.0882
10.5565
11.0461
11.5561
12.0861
12.6358
13.2054
13.7953
14.4062
15.0392
15.6953
16.3759
17.0825
17.8169
18.5811
19.3771
20.2075
21.0749
21.9822
22.9329
23.9308
24.9801
26.0858
27.2536
28.4902
29.8034
31.2027
32.6991
34.3062
36.0394
37.9158
39.9534
42.1663
44.5623
7.62884
8.05463
8.42878
8.81786
9.21997
9.64221
10.088
10.5564
11.046
11.5561
12.086
12.6357
13.2053
13.7952
14.4062
15.0392
15.6953
16.3759
17.0825
17.817
18.5811
19.3772
20.2076
21.075
21.9823
22.9331
23.9309
24.9803
26.086
27.2538
28.4904
29.8037
31.203
32.6995
34.3066
36.0398
37.9162
39.9538
42.1668
44.5628
7.62865
8.05444
8.42859
8.81768
9.21979
9.64204
10.0879
10.5562
11.0459
11.5559
12.0859
12.6356
13.2052
13.7952
14.4062
15.0391
15.6952
16.3758
17.0825
17.8169
18.5811
19.3772
20.2076
21.075
21.9824
22.9331
23.931
24.9803
26.0861
27.2539
28.4906
29.8038
31.2032
32.6997
34.3068
36.04
37.9165
39.9541
42.1671
44.563
7.62845
8.05423
8.42839
8.81747
9.21958
9.64183
10.0877
10.556
11.0457
11.5558
12.0857
12.6355
13.2051
13.795
14.406
15.039
15.6951
16.3757
17.0824
17.8168
18.581
19.3771
20.2075
21.0749
21.9824
22.9331
23.9311
24.9804
26.0862
27.254
28.4907
29.8039
31.2033
32.6998
34.3069
36.0402
37.9167
39.9543
42.1673
44.5633
7.62829
8.05407
8.42822
8.8173
9.21942
9.64167
10.0875
10.5559
11.0455
11.5556
12.0856
12.6353
13.2049
13.7949
14.4059
15.0389
15.695
16.3756
17.0823
17.8167
18.5809
19.377
20.2075
21.0749
21.9823
22.9331
23.931
24.9804
26.0862
27.254
28.4907
29.8039
31.2033
32.6998
34.307
36.0402
37.9167
39.9543
42.1673
44.5633
7.6281
8.05386
8.42801
8.81709
9.2192
9.64145
10.0873
10.5556
11.0453
11.5554
12.0854
12.6351
13.2047
13.7946
14.4056
15.0386
15.6948
16.3754
17.082
17.8165
18.5807
19.3768
20.2072
21.0747
21.9821
22.9329
23.9308
24.9802
26.086
27.2538
28.4905
29.8037
31.2031
32.6996
34.3067
36.0399
37.9164
39.954
42.167
44.563
7.62785
8.05361
8.42774
8.81681
9.21891
9.64115
10.087
10.5553
11.045
11.555
12.085
12.6347
13.2044
13.7943
14.4053
15.0383
15.6944
16.375
17.0817
17.8162
18.5804
19.3765
20.2069
21.0744
21.9818
22.9326
23.9305
24.9799
26.0856
27.2535
28.4901
29.8034
31.2028
32.6993
34.3064
36.0396
37.9161
39.9537
42.1667
44.5627
7.62763
8.05337
8.42749
8.81654
9.21862
9.64085
10.0867
10.555
11.0446
11.5547
12.0847
12.6344
13.204
13.7939
14.4049
15.0379
15.694
16.3746
17.0813
17.8157
18.5799
19.376
20.2065
21.0739
21.9813
22.9321
23.93
24.9794
26.0852
27.253
28.4897
29.8029
31.2023
32.6988
34.3059
36.0391
37.9156
39.9532
42.1662
44.5622
7.62738
8.0531
8.4272
8.81622
9.21829
9.64049
10.0863
10.5546
11.0442
11.5543
12.0842
12.6339
13.2035
13.7934
14.4044
15.0374
15.6935
16.3741
17.0807
17.8152
18.5794
19.3755
20.2059
21.0733
21.9807
22.9315
23.9294
24.9788
26.0845
27.2524
28.489
29.8023
31.2016
32.6981
34.3052
36.0384
37.9149
39.9525
42.1655
44.5614
7.62703
8.05272
8.42678
8.81579
9.21783
9.64001
10.0858
10.5541
11.0437
11.5537
12.0836
12.6333
13.2029
13.7928
14.4037
15.0367
15.6928
16.3734
17.0801
17.8145
18.5787
19.3748
20.2052
21.0726
21.98
22.9308
23.9287
24.978
26.0837
27.2516
28.4882
29.8014
31.2008
32.6973
34.3044
36.0376
37.9141
39.9516
42.1646
44.5606
7.62657
8.05222
8.42626
8.81523
9.21724
9.6394
10.0852
10.5534
11.043
11.553
12.0829
12.6326
13.2021
13.792
14.4029
15.0359
15.6919
16.3725
17.0792
17.8136
18.5777
19.3738
20.2042
21.0716
21.979
22.9297
23.9276
24.9769
26.0826
27.2504
28.487
29.8003
31.1996
32.6961
34.3032
36.0364
37.9128
39.9504
42.1633
44.5592
7.62609
8.05171
8.42572
8.81466
9.21663
9.63876
10.0845
10.5527
11.0423
11.5522
12.0821
12.6318
13.2013
13.7911
14.4021
15.035
15.691
16.3716
17.0782
17.8126
18.5768
19.3728
20.2032
21.0706
21.9779
22.9286
23.9265
24.9758
26.0815
27.2493
28.4859
29.7991
31.1984
32.6949
34.3019
36.0351
37.9115
39.949
42.162
44.5579
7.62577
8.05136
8.42534
8.81424
9.21619
9.63827
10.084
10.5522
11.0417
11.5516
12.0815
12.6311
13.2006
13.7904
14.4013
15.0342
15.6902
16.3708
17.0773
17.8117
18.5758
19.3718
20.2022
21.0695
21.9768
22.9275
23.9253
24.9746
26.0803
27.2481
28.4846
29.7978
31.1971
32.6935
34.3006
36.0337
37.9102
39.9477
42.1606
44.5566
7.62573
8.05128
8.42522
8.81408
9.21599
9.63803
10.0837
10.5518
11.0413
11.5512
12.081
12.6306
13.2
13.7898
14.4007
15.0335
15.6895
16.37
17.0766
17.8109
18.575
19.371
20.2013
21.0686
21.9758
22.9265
23.9243
24.9735
26.0792
27.2469
28.4835
29.7966
31.1959
32.6923
34.2993
36.0324
37.9088
39.9463
42.1591
44.5549
7.62571
8.05122
8.42511
8.81392
9.21577
9.63777
10.0834
10.5515
11.0409
11.5507
12.0805
12.63
13.1994
13.7892
14.4
15.0328
15.6887
16.3692
17.0757
17.81
18.574
19.37
20.2002
21.0675
21.9747
22.9253
23.9231
24.9723
26.0779
27.2456
28.4821
29.7953
31.1945
32.6909
34.2978
36.031
37.9073
39.9448
42.1577
44.5535
7.62525
8.05071
8.42453
8.81329
9.21507
9.637
10.0825
10.5506
11.0399
11.5497
12.0794
12.6289
13.1982
13.7879
14.3987
15.0314
15.6873
16.3677
17.0742
17.8084
18.5724
19.3683
20.1985
21.0657
21.9729
22.9234
23.9211
24.9703
26.0759
27.2435
28.48
29.7931
31.1923
32.6886
34.2955
36.0286
37.9049
39.9423
42.155
44.5509
7.62426
8.04964
8.42339
8.81207
9.21378
9.63564
10.0811
10.5491
11.0384
11.5481
12.0777
12.6271
13.1964
13.7861
14.3968
15.0295
15.6853
16.3657
17.0721
17.8062
18.5702
19.366
20.1961
21.0633
21.9705
22.921
23.9186
24.9678
26.0733
27.2409
28.4773
29.7904
31.1895
32.6858
34.2927
36.0258
37.902
39.9394
42.1522
44.5482
7.62326
8.04856
8.42222
8.81081
9.21243
9.6342
10.0796
10.5475
11.0367
11.5463
12.0759
12.6252
13.1944
13.7839
14.3945
15.0272
15.6829
16.3632
17.0695
17.8036
18.5675
19.3632
20.1933
21.0604
21.9675
22.9179
23.9155
24.9646
26.07
27.2376
28.4739
29.7869
31.1859
32.6822
34.289
36.0219
37.898
39.9353
42.148
44.5432
7.62288
8.0481
8.42167
8.81017
9.21169
9.63338
10.0787
10.5465
11.0356
11.5451
12.0746
12.6238
13.193
13.7825
14.393
15.0256
15.6812
16.3614
17.0677
17.8017
18.5655
19.3612
20.1912
21.0582
21.9653
22.9157
23.9132
24.9622
26.0676
27.2351
28.4714
29.7844
31.1835
32.6797
34.2865
36.0193
37.8956
39.933
42.1455
44.5413
7.62291
8.04804
8.42151
8.80989
9.2113
9.63286
10.078
10.5457
11.0347
11.5441
12.0735
12.6226
13.1916
13.781
14.3914
15.0239
15.6795
16.3596
17.0657
17.7997
18.5634
19.359
20.1889
21.0558
21.9628
22.9131
23.9106
24.9595
26.0648
27.2322
28.4685
29.7814
31.1804
32.6765
34.2832
36.016
37.8922
39.9293
42.1417
44.5376
7.62219
8.04719
8.42053
8.80878
9.21005
9.63149
10.0765
10.5441
11.0329
11.5423
12.0715
12.6205
13.1894
13.7787
14.389
15.0214
15.6768
16.3568
17.0629
17.7968
18.5604
19.3559
20.1857
21.0526
21.9594
22.9097
23.9071
24.9559
26.0612
27.2286
28.4648
29.7776
31.1766
32.6726
34.2792
36.0122
37.888
39.9252
42.1376
44.5328
7.62042
8.04528
8.41848
8.80659
9.20772
9.62904
10.074
10.5414
11.0302
11.5394
12.0685
12.6174
13.1862
13.7754
14.3856
15.0178
15.6732
16.3531
17.0591
17.7929
18.5564
19.3518
20.1816
21.0484
21.9552
22.9054
23.9027
24.9515
26.0568
27.2241
28.4603
29.773
31.1718
32.6679
34.2746
36.0071
37.8832
39.9203
42.1328
44.5284
7.61881
8.04351
8.41655
8.8045
9.20547
9.62663
10.0714
10.5387
11.0273
11.5364
12.0654
12.6141
13.1828
13.7719
14.382
15.0141
15.6694
16.3492
17.0551
17.7887
18.5522
19.3475
20.1772
21.0439
21.9506
22.9007
23.8979
24.9466
26.0518
27.219
28.455
29.7676
31.1665
32.6624
34.2689
36.0015
37.8773
39.914
42.1259
44.5206
7.61722
8.04186
8.41484
8.80274
9.20367
9.62482
10.0696
10.5369
11.0255
11.5346
12.0636
12.6124
13.181
13.7701
14.3802
15.0123
15.6676
16.3474
17.0533
17.7869
18.5504
19.3457
20.1754
21.0421
21.9488
22.8988
23.8961
24.9448
26.0499
27.2172
28.4532
29.7659
31.1648
32.6606
34.2671
35.9997
37.8756
39.9123
42.1244
44.5201
7.62
8.0457
8.41985
8.80897
9.21114
9.63354
10.0796
10.548
11.0378
11.5481
12.0782
12.628
13.1978
13.7878
14.3989
15.0319
15.6881
16.3687
17.0753
17.8098
18.5739
19.3699
20.2002
21.0674
21.9747
22.9253
23.923
24.9721
26.0776
27.2452
28.4815
29.7945
31.1933
32.6895
34.2963
36.0288
37.9046
39.9411
42.1536
44.5482
7.69933
8.13905
8.5283
8.93312
9.35137
9.78933
10.2509
10.7348
11.2399
11.7651
12.3099
12.8742
13.458
14.0618
14.6863
15.3325
16.0013
16.6944
17.413
18.1591
18.9346
19.7416
20.5825
21.46
22.3772
23.3374
24.3443
25.4024
26.5165
27.6923
28.9367
30.2573
31.6642
33.1678
34.782
36.5226
38.4065
40.4524
42.6737
45.0786
9.84217
10.5478
11.203
11.8656
12.5326
13.2034
13.8822
14.5772
15.2866
16.0092
16.7448
17.4932
18.2552
19.0315
19.8231
20.6314
21.4579
22.304
23.1716
24.0626
24.9791
25.9233
26.8976
27.9047
28.9476
30.0295
31.154
32.3254
33.5484
34.8286
36.1724
37.5879
39.0846
40.6744
42.372
44.1953
46.1653
48.3038
50.6267
53.1343
9.69192
10.3723
11.0017
11.6384
12.2801
12.9262
13.5818
14.2543
14.9421
15.6441
16.3598
17.0892
17.8329
18.5917
19.3667
20.159
20.9703
21.8019
22.6557
23.5336
24.4376
25.3699
26.333
27.3296
28.3625
29.4351
30.5509
31.7141
32.9295
34.2026
35.5399
36.9492
38.44
40.0242
41.7161
43.5336
45.4971
47.6282
49.9424
52.44
9.6818
10.3604
10.988
11.6231
12.2631
12.9076
13.5616
14.2327
14.9191
15.6197
16.334
17.0623
17.8049
18.5627
19.3367
20.1282
20.9386
21.7695
22.6226
23.4998
24.4032
25.335
26.2977
27.2939
28.3264
29.3987
30.5142
31.6773
32.8925
34.1655
35.5027
36.9119
38.4028
39.9869
41.6788
43.4962
45.4596
47.5904
49.9047
52.402
9.68317
10.362
10.9898
11.625
12.2651
12.9098
13.5639
14.2351
14.9216
15.6224
16.3369
17.0652
17.808
18.5659
19.34
20.1316
20.9421
21.7731
22.6263
23.5037
24.4072
25.3391
26.3018
27.2981
28.3307
29.4031
30.5187
31.6819
32.8972
34.1703
35.5076
36.917
38.408
39.9923
41.6845
43.5021
45.4659
47.5972
49.9119
52.4096
9.68498
10.3641
10.9922
11.6277
12.2681
12.9131
13.5675
14.2389
14.9257
15.6267
16.3414
17.07
17.813
18.5711
19.3454
20.1372
20.9479
21.779
22.6324
23.5098
24.4134
25.3455
26.3083
27.3046
28.3373
29.4097
30.5253
31.6885
32.9038
34.1768
35.5141
36.9234
38.4143
39.9985
41.6904
43.5078
45.4714
47.6025
49.917
52.4148
9.68653
10.3659
10.9943
11.6301
12.2708
12.916
13.5707
14.2424
14.9294
15.6306
16.3456
17.0744
17.8176
18.5759
19.3504
20.1424
20.9532
21.7846
22.6381
23.5157
24.4195
25.3517
26.3146
27.3111
28.3439
29.4165
30.5323
31.6956
32.9111
34.1843
35.5217
36.9312
38.4223
40.0067
41.6988
43.5165
45.4802
47.6114
49.926
52.4238
9.68784
10.3675
10.9961
11.6321
12.273
12.9185
13.5733
14.2453
14.9325
15.6339
16.349
17.078
17.8214
18.5798
19.3545
20.1466
20.9576
21.789
22.6427
23.5204
24.4243
25.3565
26.3196
27.3161
28.349
29.4215
30.5374
31.7007
32.9162
34.1894
35.5268
36.9363
38.4273
40.0117
41.7039
43.5216
45.4856
47.617
49.932
52.4301
9.68897
10.3688
10.9976
11.6338
12.2749
12.9206
13.5756
14.2477
14.9351
15.6367
16.352
17.0811
17.8246
18.5833
19.3581
20.1503
20.9614
21.793
22.6467
23.5246
24.4285
25.3609
26.324
27.3206
28.3536
29.4263
30.5422
31.7056
32.9212
34.1945
35.532
36.9416
38.4327
40.0171
41.7093
43.527
45.4908
47.6222
49.9373
52.4354
9.68997
10.3699
10.9989
11.6353
12.2766
12.9224
13.5776
14.2498
14.9373
15.639
16.3545
17.0838
17.8274
18.5861
19.361
20.1534
20.9646
21.7962
22.65
23.528
24.432
25.3644
26.3276
27.3243
28.3573
29.43
30.546
31.7095
32.9251
34.1984
35.536
36.9455
38.4367
40.0212
41.7135
43.5313
45.4953
47.6267
49.9418
52.4401
9.69083
10.3709
11
11.6365
12.278
12.9239
13.5792
14.2516
14.9392
15.641
16.3566
17.086
17.8297
18.5885
19.3635
20.1559
20.9672
21.7989
22.6528
23.5308
24.4349
25.3674
26.3307
27.3274
28.3605
29.4333
30.5493
31.7128
32.9285
34.2018
35.5394
36.949
38.4402
40.0247
41.717
43.5348
45.4989
47.6304
49.9456
52.4439
9.69152
10.3717
11.0009
11.6376
12.2791
12.9251
13.5806
14.253
14.9408
15.6427
16.3583
17.0878
17.8316
18.5905
19.3655
20.158
20.9694
21.8012
22.6551
23.5332
24.4373
25.3699
26.3332
27.33
28.3631
29.4359
30.552
31.7155
32.9312
34.2046
35.5422
36.9519
38.4431
40.0276
41.72
43.5378
45.502
47.6335
49.9487
52.4471
9.692
10.3723
11.0016
11.6383
12.2799
12.926
13.5815
14.2541
14.9419
15.6439
16.3596
17.0891
17.833
18.5919
19.367
20.1596
20.971
21.8028
22.6568
23.5349
24.4391
25.3717
26.3351
27.3319
28.3651
29.438
30.5541
31.7176
32.9334
34.2068
35.5444
36.9542
38.4454
40.03
41.7224
43.5403
45.5044
47.6361
49.9513
52.4497
9.69231
10.3727
11.002
11.6388
12.2805
12.9267
13.5822
14.2548
14.9427
15.6447
16.3605
17.0901
17.834
18.593
19.3681
20.1607
20.9722
21.804
22.6581
23.5362
24.4405
25.3731
26.3365
27.3334
28.3666
29.4395
30.5556
31.7192
32.935
34.2084
35.5461
36.9559
38.4471
40.0317
41.7242
43.5421
45.5063
47.6379
49.9532
52.4517
9.69246
10.3729
11.0022
11.6391
12.2808
12.9271
13.5827
14.2553
14.9432
15.6453
16.3611
17.0907
17.8346
18.5937
19.3689
20.1615
20.973
21.8049
22.659
23.5371
24.4414
25.3741
26.3375
27.3344
28.3677
29.4406
30.5567
31.7203
32.9361
34.2096
35.5473
36.9571
38.4484
40.033
41.7255
43.5435
45.5077
47.6393
49.9547
52.4531
9.69243
10.3729
11.0023
11.6391
12.2809
12.9272
13.5828
14.2555
14.9434
15.6455
16.3614
17.091
17.835
18.594
19.3693
20.1619
20.9734
21.8054
22.6595
23.5377
24.442
25.3747
26.3382
27.3351
28.3684
29.4413
30.5575
31.7211
32.937
34.2105
35.5482
36.958
38.4493
40.034
41.7265
43.5445
45.5087
47.6404
49.9558
52.4543
9.69233
10.3728
11.0022
11.6391
12.2809
12.9272
13.5829
14.2556
14.9436
15.6457
16.3615
17.0912
17.8352
18.5943
19.3695
20.1622
20.9737
21.8057
22.6599
23.5381
24.4424
25.3751
26.3386
27.3355
28.3688
29.4418
30.558
31.7217
32.9375
34.2111
35.5488
36.9587
38.45
40.0347
41.7272
43.5452
45.5094
47.6411
49.9565
52.455
9.6922
10.3727
11.0021
11.639
12.2809
12.9272
13.5829
14.2556
14.9436
15.6457
16.3616
17.0913
17.8353
18.5944
19.3697
20.1624
20.9739
21.8059
22.6601
23.5383
24.4427
25.3754
26.3389
27.3359
28.3692
29.4422
30.5584
31.7221
32.9379
34.2115
35.5492
36.9591
38.4504
40.0351
41.7276
43.5457
45.5099
47.6416
49.957
52.4555
9.69203
10.3725
11.002
11.6389
12.2807
12.927
13.5828
14.2555
14.9435
15.6457
16.3616
17.0913
17.8353
18.5944
19.3697
20.1624
20.974
21.806
22.6602
23.5385
24.4428
25.3756
26.3391
27.3361
28.3694
29.4424
30.5587
31.7224
32.9382
34.2118
35.5496
36.9594
38.4508
40.0355
41.728
43.546
45.5102
47.642
49.9573
52.4559
9.6919
10.3724
11.0018
11.6387
12.2806
12.9269
13.5827
14.2554
14.9434
15.6456
16.3615
17.0912
17.8352
18.5944
19.3697
20.1624
20.974
21.806
22.6602
23.5385
24.4428
25.3756
26.3391
27.3361
28.3694
29.4424
30.5587
31.7224
32.9383
34.2118
35.5496
36.9595
38.4508
40.0355
41.728
43.546
45.5102
47.6419
49.9573
52.4558
9.69171
10.3722
11.0016
11.6385
12.2804
12.9267
13.5825
14.2552
14.9432
15.6454
16.3613
17.091
17.835
18.5942
19.3695
20.1622
20.9738
21.8058
22.66
23.5383
24.4427
25.3754
26.339
27.3359
28.3693
29.4423
30.5586
31.7223
32.9381
34.2117
35.5494
36.9593
38.4506
40.0353
41.7278
43.5458
45.51
47.6417
49.9571
52.4556
9.69145
10.3719
11.0013
11.6382
12.2801
12.9264
13.5821
14.2549
14.9429
15.645
16.3609
17.0906
17.8347
18.5938
19.3691
20.1619
20.9735
21.8055
22.6597
23.538
24.4424
25.3751
26.3386
27.3356
28.369
29.442
30.5582
31.7219
32.9378
34.2114
35.5491
36.9589
38.4502
40.0349
41.7274
43.5454
45.5096
47.6414
49.9567
52.4553
9.69119
10.3716
11.001
11.6379
12.2798
12.9261
13.5818
14.2545
14.9425
15.6446
16.3605
17.0902
17.8342
18.5934
19.3687
20.1614
20.973
21.805
22.6592
23.5375
24.4418
25.3746
26.3381
27.3351
28.3684
29.4414
30.5577
31.7214
32.9372
34.2108
35.5485
36.9584
38.4496
40.0343
41.7268
43.5448
45.509
47.6407
49.956
52.4545
9.69089
10.3713
11.0007
11.6375
12.2794
12.9256
13.5813
14.254
14.942
15.6441
16.36
17.0897
17.8337
18.5928
19.3681
20.1608
20.9724
21.8044
22.6586
23.5369
24.4413
25.374
26.3375
27.3345
28.3678
29.4408
30.5571
31.7207
32.9366
34.2101
35.5478
36.9577
38.449
40.0336
41.7261
43.544
45.5083
47.64
49.9553
52.4538
9.69047
10.3708
11.0002
11.637
12.2788
12.925
13.5807
14.2534
14.9413
15.6434
16.3593
17.0889
17.8329
18.592
19.3673
20.16
20.9716
21.8036
22.6577
23.536
24.4403
25.3731
26.3366
27.3335
28.3668
29.4398
30.556
31.7197
32.9355
34.209
35.5467
36.9566
38.4478
40.0325
41.7249
43.5429
45.5071
47.6387
49.954
52.4526
9.68992
10.3702
10.9996
11.6363
12.2781
12.9243
13.5799
14.2525
14.9405
15.6425
16.3584
17.088
17.832
18.5911
19.3663
20.159
20.9706
21.8025
22.6567
23.5349
24.4393
25.372
26.3355
27.3324
28.3657
29.4386
30.5548
31.7185
32.9343
34.2078
35.5455
36.9553
38.4465
40.0312
41.7236
43.5415
45.5057
47.6373
49.9526
52.4511
9.68934
10.3696
10.9989
11.6356
12.2773
12.9235
13.5791
14.2517
14.9396
15.6416
16.3574
17.087
17.831
18.59
19.3653
20.1579
20.9694
21.8014
22.6555
23.5337
24.438
25.3707
26.3342
27.331
28.3643
29.4372
30.5534
31.7171
32.9328
34.2063
35.544
36.9538
38.445
40.0296
41.722
43.5399
45.5041
47.6357
49.9511
52.4496
9.6889
10.3691
10.9983
11.635
12.2767
12.9228
13.5783
14.2509
14.9387
15.6407
16.3565
17.086
17.8299
18.589
19.3641
20.1567
20.9682
21.8001
22.6542
23.5324
24.4367
25.3693
26.3327
27.3296
28.3628
29.4357
30.5519
31.7155
32.9312
34.2047
35.5423
36.9521
38.4433
40.0279
41.7202
43.5381
45.5022
47.6339
49.9491
52.4475
9.6887
10.3689
10.998
11.6346
12.2762
12.9222
13.5777
14.2502
14.938
15.6399
16.3557
17.0852
17.829
18.588
19.3631
20.1557
20.9671
21.799
22.653
23.5312
24.4354
25.368
26.3314
27.3282
28.3615
29.4343
30.5504
31.714
32.9297
34.2032
35.5408
36.9505
38.4417
40.0263
41.7186
43.5365
45.5006
47.6322
49.9475
52.4459
9.68848
10.3686
10.9976
11.6342
12.2757
12.9216
13.577
14.2494
14.9371
15.639
16.3546
17.0841
17.8279
18.5868
19.3618
20.1543
20.9657
21.7975
22.6515
23.5296
24.4338
25.3663
26.3296
27.3264
28.3596
29.4324
30.5485
31.712
32.9277
34.2011
35.5387
36.9484
38.4395
40.0241
41.7164
43.5342
45.4983
47.6299
49.9451
52.4436
9.68778
10.3678
10.9967
11.6332
12.2745
12.9204
13.5757
14.248
14.9357
15.6375
16.353
17.0824
17.8261
18.585
19.36
20.1524
20.9637
21.7955
22.6494
23.5274
24.4315
25.364
26.3273
27.3241
28.3572
29.43
30.546
31.7095
32.9252
34.1985
35.5361
36.9458
38.4369
40.0214
41.7137
43.5315
45.4955
47.6271
49.9422
52.4406
9.68651
10.3664
10.9952
11.6315
12.2728
12.9185
13.5737
14.2459
14.9334
15.6351
16.3506
17.0799
17.8235
18.5822
19.3571
20.1495
20.9607
21.7923
22.6462
23.5241
24.4282
25.3606
26.3238
27.3205
28.3535
29.4262
30.5422
31.7057
32.9212
34.1946
35.5321
36.9417
38.4328
40.0173
41.7095
43.5273
45.4914
47.6228
49.9381
52.4364
9.68518
10.3649
10.9936
11.6298
12.2709
12.9165
13.5716
14.2437
14.9311
15.6327
16.348
17.0772
17.8207
18.5794
19.3542
20.1465
20.9576
21.7892
22.643
23.5209
24.4249
25.3572
26.3204
27.317
28.35
29.4226
30.5386
31.702
32.9175
34.1908
35.5283
36.9379
38.4289
40.0133
41.7055
43.5232
45.4874
47.6188
49.9337
52.4326
9.68438
10.3639
10.9925
11.6285
12.2694
12.9149
13.5697
14.2417
14.9289
15.6304
16.3455
17.0746
17.818
18.5765
19.3512
20.1433
20.9543
21.7858
22.6394
23.5172
24.4211
25.3533
26.3164
27.3129
28.3458
29.4184
30.5343
31.6976
32.9131
34.1863
35.5237
36.9333
38.4243
40.0086
41.7008
43.5186
45.4823
47.6135
49.9291
52.4266
9.68392
10.3633
10.9916
11.6274
12.2682
12.9134
13.5681
14.2399
14.927
15.6282
16.3433
17.0722
17.8154
18.5738
19.3483
20.1403
20.9512
21.7826
22.6361
23.5138
24.4176
25.3497
26.3127
27.3091
28.342
29.4145
30.5303
31.6936
32.909
34.1822
35.5195
36.929
38.4199
40.0043
41.6964
43.514
45.4778
47.6091
49.9236
52.4217
9.68261
10.3617
10.9898
11.6254
12.2659
12.9109
13.5654
14.237
14.9238
15.6249
16.3398
17.0685
17.8115
18.5697
19.3442
20.136
20.9468
21.778
22.6314
23.5089
24.4126
25.3446
26.3075
27.3038
28.3366
29.409
30.5247
31.6879
32.9033
34.1764
35.5137
36.9231
38.414
39.9984
41.6905
43.5078
45.472
47.603
49.918
52.4162
9.68017
10.359
10.9868
11.6221
12.2624
12.9071
13.5614
14.2327
14.9193
15.6202
16.3348
17.0633
17.8062
18.5642
19.3385
20.1301
20.9407
21.7718
22.625
23.5024
24.406
25.3379
26.3007
27.2969
28.3296
29.4019
30.5176
31.6807
32.896
34.1691
35.5064
36.9158
38.4069
39.9911
41.6831
43.5012
45.4645
47.5961
49.9107
52.4091
9.67777
10.3563
10.9838
11.6188
12.2587
12.9032
13.5572
14.2282
14.9146
15.6153
16.3297
17.058
17.8006
18.5584
19.3325
20.124
20.9344
21.7653
22.6184
23.4956
24.399
25.3308
26.2934
27.2895
28.322
29.3943
30.5098
31.6728
32.888
34.161
35.4981
36.9075
38.3981
39.9823
41.6742
43.4913
45.4551
47.586
49.9006
52.3978
9.67568
10.354
10.9814
11.6161
12.2559
12.9002
13.5541
14.225
14.9113
15.6118
16.3261
17.0543
17.7968
18.5545
19.3285
20.1199
20.9302
21.761
22.614
23.4911
24.3944
25.3262
26.2887
27.2848
28.3172
29.3894
30.5049
31.6679
32.8831
34.1561
35.4932
36.9026
38.3933
39.9778
41.6696
43.4873
45.4507
47.5819
49.8966
52.3935
9.68285
10.3629
10.9921
11.6287
12.2702
12.9162
13.5717
14.2442
14.932
15.6339
16.3496
17.079
17.8227
18.5816
19.3565
20.1489
20.9602
21.7918
22.6456
23.5235
24.4275
25.3598
26.3229
27.3195
28.3524
29.425
30.5408
31.7042
32.9196
34.1928
35.5301
36.9395
38.4308
40.0147
41.7068
43.5242
45.488
47.6188
49.9325
52.4311
9.82764
10.5329
11.1878
11.8502
12.5171
13.1878
13.8666
14.5615
15.2709
15.9936
16.7291
17.4776
18.2395
19.0157
19.8074
20.6156
21.442
22.2881
23.1556
24.0465
24.9629
25.9069
26.8811
27.888
28.9307
30.0125
31.1368
32.3081
33.531
34.811
36.1547
37.5702
39.0665
40.6564
42.3539
44.1772
46.1469
48.2853
50.6086
53.1155
13.4337
14.6055
15.6882
16.7438
17.7696
18.7668
19.7386
20.698
21.6536
22.6058
23.5557
24.5049
25.4549
26.4079
27.3657
28.3305
29.3044
30.2893
31.2875
32.3011
33.3325
34.3839
35.4579
36.5569
37.6839
38.8418
40.0341
41.2644
42.5373
43.8577
45.2318
46.6671
48.1732
49.7625
51.4513
53.2619
55.2229
57.3689
59.7301
62.3053
13.1586
14.286
15.3253
16.3394
17.326
18.2868
19.2246
20.1529
21.0795
22.0048
22.9297
23.8555
24.7838
25.7165
26.6556
27.603
28.5607
29.5307
30.5153
31.5164
32.5363
33.5774
34.6421
35.7329
36.8526
38.0043
39.1912
40.4171
41.6865
43.0042
44.3763
45.8103
47.3156
48.9044
50.5929
52.4027
54.362
56.5046
58.8601
61.4267
13.141
14.2659
15.3026
16.3143
17.2987
18.2574
19.1933
20.1199
21.0449
21.9688
22.8922
23.8167
24.7438
25.6755
26.6136
27.5602
28.5171
29.4864
30.4703
31.4709
32.4903
33.531
34.5952
35.6857
36.8051
37.9565
39.1432
40.369
41.6381
42.9557
44.3277
45.7616
47.2668
48.8555
50.5438
52.3533
54.3121
56.454
58.809
61.3753
13.1441
14.2695
15.3068
16.3191
17.3041
18.2633
19.1997
20.1266
21.0521
21.9762
22.9
23.8248
24.7523
25.6844
26.6228
27.5696
28.5268
29.4965
30.4806
31.4814
32.5011
33.542
34.6065
35.6972
36.8168
37.9684
39.1554
40.3814
41.6508
42.9687
44.341
45.7753
47.2808
48.8699
50.5586
52.3686
54.3281
56.4709
58.8267
61.3937
13.1478
14.2739
15.3119
16.3248
17.3103
18.2701
19.2071
20.1345
21.0604
21.9849
22.9091
23.8342
24.7621
25.6944
26.6331
27.5801
28.5375
29.5073
30.4916
31.4925
32.5123
33.5532
34.6177
35.7083
36.8279
37.9794
39.1662
40.392
41.6612
42.9787
44.3507
45.7845
47.2896
48.8781
50.5663
52.3758
54.3349
56.4775
58.8336
61.401
13.1508
14.2775
15.3161
16.3296
17.3157
18.276
19.2134
20.1413
21.0676
21.9925
22.917
23.8425
24.7707
25.7033
26.6423
27.5896
28.5473
29.5173
30.5018
31.5029
32.5229
33.564
34.6287
35.7195
36.8392
37.9909
39.1778
40.4039
41.6732
42.991
44.3632
45.7973
47.3025
48.8912
50.5796
52.389
54.3479
56.49
58.8455
61.4124
13.1534
14.2805
15.3195
16.3334
17.3199
18.2806
19.2183
20.1465
21.0731
21.9983
22.9231
23.8488
24.7772
25.71
26.6492
27.5966
28.5544
29.5246
30.5092
31.5104
32.5305
33.5716
34.6363
35.7272
36.8469
37.9986
39.1856
40.4115
41.6809
42.9986
44.3707
45.8047
47.31
48.8987
50.5872
52.3969
54.3562
56.4986
58.8543
61.4213
13.1555
14.283
15.3223
16.3366
17.3234
18.2843
19.2223
20.1507
21.0776
22.003
22.928
23.854
24.7825
25.7155
26.6548
27.6025
28.5604
29.5307
30.5154
31.5167
32.5368
33.5781
34.6429
35.7338
36.8537
38.0054
39.1925
40.4186
41.688
43.0058
44.378
45.812
47.3173
48.906
50.5944
52.404
54.3632
56.5057
58.8616
61.4287
13.1572
14.285
15.3246
16.3391
17.3262
18.2874
19.2256
20.1542
21.0812
22.0069
22.932
23.8581
24.7868
25.7199
26.6594
27.6071
28.5651
29.5354
30.5202
31.5216
32.5418
33.5831
34.648
35.739
36.8589
38.0107
39.1977
40.4239
41.6933
43.0112
44.3834
45.8175
47.3229
48.9117
50.6002
52.4099
54.3692
56.5117
58.8676
61.4348
13.1587
14.2867
15.3265
16.3412
17.3285
18.2899
19.2283
20.1571
21.0842
22.01
22.9353
23.8615
24.7903
25.7235
26.663
27.6108
28.5689
29.5393
30.5242
31.5257
32.5459
33.5873
34.6522
35.7432
36.8632
38.0151
39.2022
40.4284
41.6979
43.0158
44.3881
45.8223
47.3276
48.9165
50.605
52.4147
54.374
56.5166
58.8726
61.4399
13.1599
14.2881
15.3281
16.343
17.3305
18.292
19.2306
20.1595
21.0868
22.0127
22.9381
23.8644
24.7933
25.7266
26.6662
27.6141
28.5723
29.5428
30.5277
31.5292
32.5495
33.5909
34.6559
35.747
36.867
38.0189
39.2061
40.4323
41.7019
43.0198
44.3921
45.8263
47.3317
48.9205
50.6091
52.4188
54.3782
56.5207
58.8768
61.4441
13.1608
14.2891
15.3293
16.3443
17.3319
18.2936
19.2322
20.1613
21.0887
22.0147
22.9402
23.8666
24.7956
25.729
26.6686
27.6166
28.5748
29.5453
30.5303
31.5319
32.5522
33.5937
34.6588
35.7499
36.87
38.0219
39.2092
40.4354
41.705
43.0229
44.3953
45.8295
47.3349
48.9238
50.6124
52.422
54.3815
56.524
58.8801
61.4474
13.1614
14.2899
15.3302
16.3453
17.333
18.2948
19.2336
20.1628
21.0903
22.0164
22.9419
23.8684
24.7974
25.7309
26.6706
27.6186
28.5769
29.5475
30.5325
31.5342
32.5546
33.5961
34.6612
35.7524
36.8725
38.0244
39.2117
40.4379
41.7075
43.0255
44.3978
45.832
47.3374
48.9263
50.6148
52.4245
54.3839
56.5265
58.8826
61.4499
13.1618
14.2904
15.3308
16.346
17.3338
18.2957
19.2346
20.1638
21.0914
22.0176
22.9432
23.8697
24.7988
25.7323
26.6721
27.6202
28.5785
29.5492
30.5343
31.5359
32.5564
33.598
34.6631
35.7543
36.8744
38.0264
39.2137
40.4399
41.7095
43.0274
44.3998
45.834
47.3394
48.9282
50.6168
52.4265
54.3859
56.5285
58.8846
61.4519
13.162
14.2906
15.3311
16.3464
17.3343
18.2962
19.2352
20.1645
21.0921
22.0183
22.944
23.8706
24.7998
25.7333
26.6732
27.6213
28.5797
29.5504
30.5355
31.5372
32.5577
33.5993
34.6645
35.7557
36.8758
38.0279
39.2151
40.4414
41.711
43.0289
44.4013
45.8355
47.3409
48.9297
50.6183
52.428
54.3874
56.53
58.8861
61.4535
13.1621
14.2908
15.3313
16.3467
17.3346
18.2966
19.2356
20.165
21.0927
22.0189
22.9447
23.8713
24.8005
25.7341
26.674
27.6221
28.5806
29.5513
30.5365
31.5382
32.5588
33.6004
34.6656
35.7568
36.8769
38.029
39.2162
40.4425
41.7121
43.03
44.4023
45.8365
47.3419
48.9307
50.6193
52.429
54.3883
56.531
58.887
61.4544
13.1621
14.2908
15.3314
16.3468
17.3348
18.2969
19.2359
20.1653
21.093
22.0193
22.9451
23.8718
24.801
25.7346
26.6745
27.6227
28.5812
29.552
30.5372
31.539
32.5595
33.6011
34.6663
35.7576
36.8777
38.0297
39.217
40.4433
41.7129
43.0308
44.4031
45.8373
47.3427
48.9315
50.62
52.4297
54.3891
56.5317
58.8878
61.4552
13.162
14.2908
15.3314
16.3468
17.3348
18.2969
19.236
20.1654
21.0932
22.0195
22.9453
23.872
24.8012
25.7349
26.6748
27.6231
28.5815
29.5523
30.5376
31.5393
32.5599
33.6016
34.6667
35.758
36.8781
38.0301
39.2174
40.4437
41.7133
43.0312
44.4035
45.8376
47.343
48.9318
50.6204
52.4301
54.3895
56.5321
58.8882
61.4555
13.1619
14.2907
15.3313
16.3468
17.3348
18.2969
19.236
20.1654
21.0932
22.0195
22.9453
23.872
24.8013
25.7349
26.6749
27.6231
28.5816
29.5525
30.5377
31.5395
32.56
33.6017
34.6668
35.7581
36.8782
38.0302
39.2175
40.4437
41.7133
43.0312
44.4035
45.8376
47.343
48.9318
50.6203
52.43
54.3894
56.532
58.8881
61.4554
13.1618
14.2905
15.3311
16.3466
17.3346
18.2967
19.2358
20.1652
21.093
22.0193
22.9451
23.8718
24.8011
25.7348
26.6747
27.623
28.5815
29.5523
30.5375
31.5393
32.5598
33.6015
34.6666
35.7579
36.878
38.03
39.2173
40.4435
41.7131
43.031
44.4033
45.8374
47.3428
48.9316
50.6201
52.4298
54.3892
56.5318
58.8879
61.4553
13.1615
14.2902
15.3308
16.3463
17.3342
18.2963
19.2354
20.1648
21.0925
22.0189
22.9447
23.8714
24.8007
25.7343
26.6743
27.6225
28.581
29.5518
30.537
31.5388
32.5593
33.601
34.6661
35.7573
36.8775
38.0295
39.2167
40.443
41.7125
43.0304
44.4027
45.8368
47.3422
48.931
50.6195
52.4292
54.3886
56.5313
58.8873
61.4547
13.1611
14.2899
15.3304
16.3459
17.3338
18.2959
19.2349
20.1643
21.092
22.0183
22.9441
23.8708
24.8001
25.7338
26.6737
27.6219
28.5804
29.5512
30.5364
31.5382
32.5587
33.6003
34.6655
35.7567
36.8768
38.0288
39.2161
40.4423
41.7119
43.0297
44.4021
45.8361
47.3415
48.9303
50.6188
52.4285
54.3879
56.5305
58.8866
61.454
13.1608
14.2894
15.3299
16.3453
17.3333
18.2953
19.2343
20.1636
21.0913
22.0176
22.9434
23.8701
24.7993
25.733
26.6729
27.6211
28.5796
29.5504
30.5355
31.5373
32.5578
33.5994
34.6645
35.7558
36.8759
38.0279
39.2151
40.4413
41.7109
43.0287
44.4011
45.8351
47.3405
48.9293
50.6178
52.4275
54.3869
56.5296
58.8857
61.4531
13.1602
14.2888
15.3293
16.3446
17.3325
18.2945
19.2334
20.1627
21.0904
22.0167
22.9424
23.8691
24.7983
25.7319
26.6718
27.62
28.5784
29.5492
30.5343
31.5361
32.5566
33.5982
34.6633
35.7545
36.8746
38.0266
39.2138
40.44
41.7096
43.0274
44.3997
45.8337
47.3391
48.9279
50.6164
52.4261
54.3854
56.528
58.8841
61.4515
13.1595
14.288
15.3285
16.3438
17.3316
18.2935
19.2324
20.1617
21.0893
22.0155
22.9413
23.8679
24.7971
25.7307
26.6706
27.6187
28.5771
29.5478
30.533
31.5347
32.5552
33.5968
34.6619
35.7531
36.8731
38.0251
39.2123
40.4385
41.7081
43.0259
44.3982
45.8322
47.3376
48.9263
50.6149
52.4245
54.3839
56.5265
58.8826
61.4501
13.1587
14.2872
15.3275
16.3428
17.3305
18.2924
19.2312
20.1604
21.088
22.0142
22.9399
23.8665
24.7956
25.7292
26.669
27.6171
28.5755
29.5461
30.5312
31.5329
32.5533
33.5949
34.66
35.7512
36.8712
38.0232
39.2104
40.4365
41.706
43.0238
44.3961
45.8302
47.3355
48.9243
50.6127
52.4224
54.3818
56.5244
58.8805
61.4479
13.1581
14.2864
15.3267
16.3418
17.3295
18.2912
19.23
20.1592
21.0867
22.0128
22.9385
23.865
24.7941
25.7276
26.6674
27.6154
28.5738
29.5444
30.5295
31.5311
32.5516
33.5931
34.6581
35.7493
36.8694
38.0213
39.2085
40.4346
41.7041
43.0219
44.3942
45.8282
47.3335
48.9222
50.6107
52.4203
54.3797
56.5223
58.8783
61.4457
13.1576
14.2858
15.3259
16.341
17.3285
18.2902
19.2289
20.158
21.0854
22.0115
22.937
23.8635
24.7925
25.7259
26.6656
27.6136
28.5719
29.5424
30.5275
31.529
32.5494
33.5909
34.6559
35.7471
36.8671
38.019
39.2061
40.4322
41.7017
43.0195
44.3918
45.8258
47.3311
48.9198
50.6083
52.4179
54.3773
56.5198
58.876
61.4434
13.157
14.2851
15.3251
16.34
17.3274
18.2889
19.2275
20.1565
21.0838
22.0098
22.9352
23.8616
24.7906
25.7239
26.6636
27.6115
28.5697
29.5403
30.5252
31.5268
32.5471
33.5886
34.6536
35.7447
36.8647
38.0165
39.2037
40.4298
41.6993
43.017
44.3892
45.8232
47.3285
48.9172
50.6057
52.4153
54.3746
56.5171
58.873
61.4403
13.1558
14.2837
15.3236
16.3383
17.3255
18.2869
19.2254
20.1542
21.0815
22.0073
22.9326
23.8589
24.7877
25.721
26.6605
27.6083
28.5665
29.5369
30.5218
31.5233
32.5436
33.585
34.6499
35.7409
36.8609
38.0127
39.1998
40.4259
41.6954
43.0131
44.3853
45.8193
47.3246
48.9133
50.6018
52.4115
54.3708
56.5133
58.8696
61.4371
13.154
14.2817
15.3213
16.3359
17.3229
18.2842
19.2225
20.1512
21.0783
22.004
22.9292
23.8554
24.7841
25.7173
26.6568
27.6045
28.5626
29.533
30.5178
31.5192
32.5394
33.5808
34.6457
35.7367
36.8566
38.0084
39.1955
40.4215
41.6909
43.0086
44.3808
45.8148
47.32
48.9087
50.5972
52.4066
54.3657
56.5082
58.8641
61.4309
13.152
14.2795
15.3189
16.3332
17.32
18.281
19.2191
20.1476
21.0746
22.0001
22.9252
23.8511
24.7797
25.7128
26.6521
27.5997
28.5577
29.528
30.5127
31.514
32.5342
33.5755
34.6403
35.7312
36.8511
38.0028
39.1899
40.4159
41.6853
43.003
44.3752
45.8092
47.3146
48.9033
50.5918
52.4013
54.3607
56.5035
58.8596
61.4272
13.1504
14.2776
15.3166
16.3306
17.3172
18.278
19.2158
20.1441
21.0708
21.9962
22.921
23.8469
24.7753
25.7082
26.6474
27.5949
28.5527
29.5228
30.5075
31.5087
32.5288
33.57
34.6347
35.7256
36.8454
37.9971
39.1841
40.4101
41.6794
42.997
44.3692
45.8032
47.3084
48.8971
50.5854
52.3948
54.3541
56.4965
58.8521
61.4196
13.1489
14.2757
15.3144
16.328
17.3142
18.2747
19.2122
20.1402
21.0666
21.9917
22.9164
23.8419
24.7702
25.7028
26.6418
27.5892
28.5468
29.5168
30.5013
31.5024
32.5223
33.5634
34.6281
35.7189
36.8386
37.9902
39.1771
40.403
41.6724
42.99
44.3621
45.7961
47.3013
48.8898
50.5781
52.3876
54.3467
56.4891
58.8452
61.4118
13.1463
14.2727
15.3109
16.3241
17.31
18.27
19.2072
20.1349
21.061
21.9858
22.9102
23.8355
24.7635
25.6959
26.6347
27.5819
28.5394
29.5092
30.4936
31.4946
32.5144
33.5554
34.62
35.7107
36.8304
37.9819
39.1688
40.3948
41.6641
42.9817
44.354
45.7878
47.293
48.8817
50.5702
52.3795
54.3388
56.4812
58.8366
61.4042
13.1423
14.2681
15.3058
16.3184
17.3037
18.2633
19.2
20.1272
21.053
21.9774
22.9014
23.8264
24.7541
25.6862
26.6248
27.5717
28.5289
29.4986
30.4827
31.4836
32.5032
33.5441
34.6085
35.6992
36.8187
37.9703
39.1571
40.383
41.6523
42.97
44.342
45.776
47.2812
48.87
50.5583
52.3678
54.3274
56.4693
58.8252
61.3917
13.1381
14.2632
15.3002
16.3122
17.2969
18.2559
19.1921
20.1189
21.0442
21.9681
22.8917
23.8164
24.7437
25.6755
26.6138
27.5604
28.5174
29.4868
30.4707
31.4714
32.4908
33.5315
34.5958
35.6863
36.8057
37.9571
39.1439
40.3697
41.6388
42.9563
44.3284
45.7623
47.2676
48.8561
50.5445
52.354
54.3126
56.4548
58.8104
61.3771
13.1344
14.2589
15.2954
16.3068
17.291
18.2495
19.1853
20.1116
21.0365
21.9602
22.8834
23.8077
24.7348
25.6663
26.6043
27.5507
28.5075
29.4767
30.4605
31.461
32.4803
33.5209
34.5851
35.6755
36.7949
37.9463
39.133
40.3588
41.6281
42.9456
44.3179
45.7519
47.2572
48.8458
50.5343
52.3435
54.3027
56.445
58.8003
61.3671
13.149
14.2762
15.3154
16.3294
17.3159
18.2766
19.2144
20.1426
21.0693
21.9945
22.9193
23.8449
24.7732
25.7059
26.6449
27.5923
28.5499
29.5199
30.5044
31.5055
32.5254
33.5664
34.631
35.7218
36.8414
37.993
39.18
40.4059
41.6752
42.9928
44.3649
45.7987
47.3039
48.8929
50.5807
52.3903
54.3489
56.4908
58.8462
61.4109
13.4181
14.5897
15.6723
16.7278
17.7535
18.7507
19.7224
20.6818
21.6374
22.5896
23.5394
24.4884
25.4384
26.3913
27.349
28.3137
29.2874
30.2722
31.2703
32.2838
33.315
34.3663
35.44
36.5389
37.6658
38.8235
40.0157
41.2459
42.5187
43.839
45.2129
46.6484
48.1542
49.7432
51.4322
53.2424
55.2035
57.3492
59.7106
62.286
20.4548
22.5997
24.5194
26.2984
27.9468
29.4825
30.9236
32.287
33.5848
34.8262
36.0194
37.1714
38.2946
39.3975
40.484
41.5576
42.6214
43.6783
44.731
45.7823
46.8344
47.89
48.9512
50.0204
51.1001
52.1928
53.301
54.4277
55.5762
56.7503
57.9548
59.1956
60.4807
61.8213
63.2334
64.742
66.3862
68.2277
70.3535
72.8304
19.9196
21.9812
23.8239
25.5337
27.1203
28.6013
29.9941
31.3142
32.5734
33.7807
34.9438
36.0691
37.1693
38.2522
39.3213
40.38
41.4311
42.4776
43.5221
44.567
45.6148
46.6678
47.7282
48.7984
49.8807
50.9774
52.0913
53.2251
54.3821
55.566
56.7814
58.0341
59.3317
60.6851
62.1101
63.6309
65.2857
67.1347
69.2629
71.7355
19.8912
21.9494
23.789
25.496
27.0802
28.5591
29.9501
31.2688
32.5269
33.7332
34.8953
36.0196
37.1188
38.2008
39.269
40.3269
41.3774
42.4233
43.4671
44.5115
45.5587
46.6111
47.671
48.7406
49.8223
50.9185
52.0317
53.1648
54.321
55.504
56.7184
57.9699
59.2663
60.6185
62.0421
63.5613
65.2139
67.0603
69.1858
71.6566
19.9002
21.9603
23.8018
25.5106
27.0966
28.5771
29.9695
31.2894
32.5486
33.7559
34.919
36.0442
37.1442
38.2268
39.2958
40.3542
41.4052
42.4516
43.4959
44.5406
45.5882
46.641
47.7011
48.771
49.853
50.9494
52.0629
53.1963
54.3529
55.5363
56.7513
58.0034
59.3006
60.6535
62.078
63.5982
65.2522
67.0997
69.226
71.6967
19.9091
21.971
23.814
25.5242
27.1114
28.5929
29.9862
31.307
32.5669
33.7749
34.9386
36.0643
37.1647
38.2476
39.3168
40.3755
41.4266
42.473
43.5173
44.562
45.6094
46.662
47.7219
48.7915
49.8731
50.9691
52.0821
53.215
54.3708
55.5535
56.7675
58.0188
59.315
60.6671
62.091
63.6108
65.265
67.1137
69.2419
71.7143
19.9161
21.9792
23.8235
25.5348
27.1231
28.6056
29.9997
31.3212
32.5818
33.7904
34.9545
36.0807
37.1815
38.2649
39.3344
40.3933
41.4447
42.4913
43.5358
44.5807
45.6283
46.6809
47.741
48.8106
49.8923
50.9883
52.1013
53.2342
54.3902
55.5729
56.787
58.0382
59.3344
60.6863
62.1098
63.6291
65.2823
67.13
69.2576
71.7303
19.9214
21.9854
23.8305
25.5426
27.1315
28.6146
30.0093
31.3313
32.5923
33.8012
34.9657
36.0921
37.1932
38.2767
39.3464
40.4055
41.457
42.5037
43.5483
44.5931
45.6408
46.6934
47.7534
48.823
49.9046
51.0006
52.1135
53.2462
54.402
55.5846
56.7986
58.0497
59.3459
60.6978
62.1214
63.641
65.2944
67.1422
69.2698
71.7427
19.9255
21.9902
23.8359
25.5486
27.138
28.6216
30.0167
31.339
32.6003
33.8095
34.9743
36.1009
37.2022
38.2859
39.3558
40.415
41.4666
42.5134
43.558
44.603
45.6507
46.7034
47.7634
48.833
49.9146
51.0106
52.1236
53.2564
54.4122
55.5947
56.8087
58.0598
59.3558
60.7077
62.131
63.6505
65.3039
67.1518
69.2795
71.7525
19.9288
21.994
23.8403
25.5534
27.1432
28.627
30.0225
31.3451
32.6066
33.8161
34.981
36.1078
37.2092
38.2931
39.3631
40.4224
41.474
42.5209
43.5656
44.6106
45.6583
46.711
47.7711
48.8408
49.9224
51.0184
52.1313
53.2641
54.4199
55.6025
56.8164
58.0675
59.3636
60.7155
62.1389
63.6583
65.3117
67.1596
69.2873
71.7604
19.9315
21.9971
23.8437
25.5571
27.1472
28.6314
30.027
31.3499
32.6116
33.8212
34.9863
36.1132
37.2148
38.2987
39.3688
40.4282
41.4799
42.5269
43.5716
44.6166
45.6644
46.7172
47.7773
48.847
49.9287
51.0247
52.1377
53.2705
54.4263
55.6089
56.8229
58.074
59.37
60.7219
62.1452
63.6647
65.318
67.166
69.2937
71.7668
19.9337
21.9997
23.8466
25.5604
27.1508
28.6352
30.0311
31.3541
32.616
33.8257
34.991
36.118
37.2197
38.3037
39.3739
40.4333
41.4852
42.5321
43.5769
44.622
45.6698
46.7226
47.7828
48.8525
49.9342
51.0302
52.1432
53.276
54.4319
55.6144
56.8283
58.0794
59.3754
60.7272
62.1505
63.67
65.3233
67.1712
69.299
71.7721
19.9354
22.0016
23.8488
25.5628
27.1534
28.638
30.0341
31.3573
32.6193
33.8292
34.9945
36.1217
37.2234
38.3076
39.3778
40.4373
41.4892
42.5362
43.581
44.6262
45.674
46.7269
47.7871
48.8568
49.9385
51.0346
52.1476
53.2804
54.4362
55.6187
56.8326
58.0836
59.3796
60.7314
62.1547
63.6741
65.3274
67.1753
69.3031
71.7762
19.9368
22.0033
23.8507
25.5649
27.1557
28.6404
30.0366
31.36
32.6221
33.8321
34.9976
36.1248
37.2266
38.3109
39.3811
40.4407
41.4926
42.5397
43.5846
44.6298
45.6776
46.7305
47.7907
48.8605
49.9421
51.0382
52.1512
53.2839
54.4397
55.6222
56.8361
58.087
59.3829
60.7347
62.1579
63.6772
65.3305
67.1784
69.3062
71.7793
19.9378
22.0045
23.8521
25.5664
27.1574
28.6422
30.0386
31.362
32.6243
33.8344
34.9999
36.1272
37.2291
38.3134
39.3837
40.4434
41.4954
42.5425
43.5874
44.6326
45.6805
46.7334
47.7936
48.8633
49.945
51.041
52.154
53.2867
54.4425
55.6249
56.8387
58.0896
59.3855
60.7372
62.1604
63.6798
65.333
67.1809
69.3086
71.7818
19.9384
22.0053
23.853
25.5675
27.1586
28.6436
30.04
31.3636
32.6259
33.8361
35.0017
36.1291
37.231
38.3154
39.3857
40.4454
41.4974
42.5446
43.5895
44.6348
45.6827
46.7356
47.7958
48.8655
49.9472
51.0432
52.1561
53.2888
54.4445
55.6269
56.8407
58.0916
59.3874
60.7391
62.1623
63.6816
65.3348
67.1827
69.3104
71.7835
19.9389
22.0059
23.8538
25.5684
27.1595
28.6446
30.0412
31.3648
32.6272
33.8375
35.0031
36.1305
37.2325
38.3169
39.3873
40.4471
41.4991
42.5463
43.5913
44.6365
45.6844
46.7373
47.7975
48.8672
49.9489
51.0448
52.1577
53.2904
54.446
55.6284
56.8422
58.093
59.3888
60.7404
62.1636
63.6829
65.3361
67.1839
69.3117
71.7848
19.9392
22.0062
23.8542
25.5689
27.1602
28.6453
30.0419
31.3656
32.6281
33.8383
35.004
36.1315
37.2335
38.3179
39.3884
40.4482
41.5002
42.5474
43.5924
44.6376
45.6856
46.7384
47.7986
48.8683
49.95
51.0459
52.1588
53.2914
54.447
55.6294
56.8431
58.0939
59.3897
60.7413
62.1645
63.6838
65.337
67.1848
69.3126
71.7857
19.9393
22.0064
23.8544
25.5692
27.1604
28.6456
30.0423
31.366
32.6285
33.8388
35.0045
36.132
37.234
38.3185
39.3889
40.4487
41.5008
42.548
43.593
44.6382
45.6861
46.739
47.7991
48.8688
49.9504
51.0463
52.1592
53.2918
54.4474
55.6297
56.8434
58.0942
59.39
60.7416
62.1647
63.684
65.3372
67.1851
69.3128
71.7859
19.9393
22.0064
23.8544
25.5692
27.1605
28.6457
30.0424
31.3661
32.6286
33.8389
35.0046
36.1321
37.2341
38.3186
39.3891
40.4489
41.5009
42.5482
43.5931
44.6383
45.6862
46.7391
47.7992
48.8689
49.9505
51.0464
52.1592
53.2918
54.4474
55.6297
56.8434
58.0942
59.39
60.7416
62.1647
63.684
65.3372
67.1851
69.3129
71.786
19.9391
22.0062
23.8542
25.569
27.1603
28.6455
30.0421
31.3658
32.6283
33.8386
35.0043
36.1318
37.2339
38.3183
39.3888
40.4486
41.5006
42.5478
43.5928
44.638
45.6858
46.7387
47.7988
48.8685
49.95
51.0459
52.1588
53.2914
54.447
55.6293
56.843
58.0938
59.3895
60.7412
62.1643
63.6836
65.3368
67.1847
69.3125
71.7857
19.9388
22.0058
23.8538
25.5685
27.1598
28.645
30.0416
31.3653
32.6277
33.838
35.0037
36.1312
37.2332
38.3177
39.3882
40.4479
41.5
42.5472
43.5921
44.6373
45.6851
46.738
47.7981
48.8678
49.9493
51.0452
52.1581
53.2907
54.4463
55.6286
56.8423
58.0931
59.3888
60.7405
62.1636
63.683
65.3362
67.1841
69.3119
71.785
19.9383
22.0053
23.8533
25.5679
27.1592
28.6443
30.0409
31.3645
32.627
33.8372
35.0029
36.1304
37.2324
38.3169
39.3873
40.4471
41.4991
42.5463
43.5912
44.6364
45.6842
46.737
47.7971
48.8668
49.9484
51.0443
52.1571
53.2898
54.4453
55.6277
56.8414
58.0922
59.3879
60.7396
62.1628
63.6821
65.3354
67.1833
69.3111
71.7844
19.9377
22.0046
23.8525
25.5671
27.1583
28.6434
30.0399
31.3635
32.6259
33.8362
35.0018
36.1293
37.2313
38.3157
39.3861
40.4458
41.4978
42.5449
43.5898
44.635
45.6828
46.7357
47.7957
48.8654
49.947
51.0429
52.1557
53.2884
54.4439
55.6263
56.84
58.0908
59.3866
60.7383
62.1614
63.6808
65.334
67.182
69.3097
71.7829
19.9369
22.0037
23.8515
25.5661
27.1572
28.6422
30.0387
31.3622
32.6246
33.8348
35.0004
36.1278
37.2298
38.3142
39.3846
40.4443
41.4963
42.5434
43.5883
44.6335
45.6813
46.7341
47.7942
48.8639
49.9455
51.0414
52.1542
53.2868
54.4424
55.6248
56.8385
58.0893
59.3851
60.7368
62.1599
63.6793
65.3325
67.1804
69.3083
71.7815
19.9359
22.0026
23.8503
25.5648
27.1558
28.6407
30.0372
31.3606
32.623
33.8331
34.9987
36.1261
37.228
38.3124
39.3827
40.4424
41.4943
42.5414
43.5863
44.6314
45.6792
46.732
47.7921
48.8618
49.9433
51.0393
52.1521
53.2847
54.4403
55.6227
56.8364
58.0872
59.383
60.7347
62.1579
63.6772
65.3305
67.1785
69.3063
71.7796
19.9348
22.0014
23.8489
25.5633
27.1542
28.639
30.0354
31.3588
32.621
33.8311
34.9967
36.124
37.2259
38.3102
39.3805
40.4401
41.492
42.5391
43.584
44.6291
45.6769
46.7297
47.7898
48.8595
49.941
51.037
52.1498
53.2824
54.438
55.6204
56.8341
58.0849
59.3807
60.7324
62.1556
63.6749
65.3282
67.1761
69.3039
71.7771
19.9336
22
23.8475
25.5616
27.1524
28.6372
30.0334
31.3567
32.6189
33.8289
34.9944
36.1217
37.2235
38.3077
39.378
40.4376
41.4894
42.5364
43.5813
44.6263
45.6741
46.7269
47.787
48.8567
49.9382
51.0342
52.147
53.2796
54.4352
55.6176
56.8313
58.0821
59.378
60.7297
62.1529
63.6722
65.3255
67.1735
69.3014
71.7747
19.9325
21.9987
23.846
25.56
27.1506
28.6352
30.0313
31.3545
32.6166
33.8265
34.9919
36.1191
37.2209
38.305
39.3753
40.4348
41.4866
42.5336
43.5784
44.6235
45.6713
46.7241
47.7841
48.8538
49.9354
51.0313
52.1441
53.2768
54.4324
55.6148
56.8285
58.0794
59.3752
60.7269
62.1501
63.6694
65.3227
67.1707
69.2984
71.7715
19.9311
21.9971
23.8441
25.5579
27.1484
28.6328
30.0288
31.3519
32.6138
33.8236
34.9889
36.116
37.2177
38.3018
39.3719
40.4313
41.4831
42.53
43.5748
44.6198
45.6676
46.7203
47.7804
48.8501
49.9316
51.0275
52.1404
53.273
54.4286
55.611
56.8248
58.0756
59.3715
60.7232
62.1463
63.6657
65.319
67.167
69.2948
71.768
19.9291
21.9948
23.8415
25.5551
27.1453
28.6295
30.0253
31.3482
32.61
33.8196
34.9848
36.1118
37.2133
38.2974
39.3674
40.4268
41.4786
42.5255
43.5702
44.6152
45.6629
46.7157
47.7757
48.8454
49.9269
51.0229
52.1357
53.2684
54.424
55.6064
56.8202
58.0711
59.3669
60.7187
62.1418
63.6612
65.3146
67.1624
69.2901
71.7631
19.9263
21.9916
23.838
25.5513
27.1413
28.6253
30.0208
31.3436
32.6052
33.8148
34.9798
36.1067
37.2081
38.292
39.362
40.4213
41.473
42.5198
43.5645
44.6095
45.6572
46.7099
47.7699
48.8396
49.9211
51.0171
52.13
53.2626
54.4183
55.6007
56.8145
58.0654
59.3613
60.713
62.1362
63.6557
65.3092
67.1571
69.2848
71.7586
19.9229
21.9878
23.8338
25.5467
27.1363
28.62
30.0153
31.3377
32.5992
33.8085
34.9733
36.1001
37.2014
38.2851
39.355
40.4142
41.4658
42.5126
43.5572
44.6021
45.6498
46.7025
47.7625
48.8322
49.9137
51.0097
52.1225
53.2553
54.411
55.5934
56.8072
58.0582
59.354
60.7057
62.1291
63.6487
65.3017
67.1492
69.2775
71.7498
19.9196
21.9839
23.8293
25.5417
27.1309
28.6142
30.0091
31.3313
32.5924
33.8015
34.9661
36.0926
37.1937
38.2773
39.347
40.4061
41.4576
42.5043
43.5488
44.5937
45.6413
46.694
47.754
48.8236
49.9052
51.0011
52.114
53.2468
54.4025
55.585
56.7989
58.0499
59.3458
60.6979
62.1214
63.6407
65.2941
67.1425
69.2702
71.7433
19.9159
21.9795
23.8242
25.536
27.1247
28.6075
30.002
31.3238
32.5846
33.7933
34.9577
36.0839
37.1848
38.2682
39.3378
40.3967
41.4481
42.4946
43.5391
44.5839
45.6315
46.6841
47.7441
48.8137
49.8952
50.9912
52.1041
53.2369
54.3926
55.5751
56.789
58.04
59.3362
60.6881
62.1115
63.6307
65.2842
67.1318
69.2596
71.7329
19.9104
21.973
23.8168
25.5277
27.1156
28.5977
29.9916
31.3128
32.5731
33.7814
34.9453
36.0712
37.1718
38.2549
39.3242
40.383
41.4342
42.4806
43.5249
44.5696
45.6171
46.6697
47.7297
48.7993
49.8809
50.9769
52.0899
53.2228
54.3786
55.5613
56.7754
58.0267
59.3231
60.675
62.0983
63.6186
65.2716
67.1202
69.2474
71.7208
19.9027
21.9641
23.8067
25.5166
27.1035
28.5848
29.978
31.2985
32.5583
33.7661
34.9296
36.0551
37.1553
38.2381
39.3072
40.3657
41.4168
42.4631
43.5073
44.552
45.5995
46.6521
47.7121
48.7818
49.8635
50.9597
52.0728
53.2059
54.362
55.5449
56.7593
58.011
59.3072
60.6597
62.0838
63.6033
65.2572
67.1052
69.2331
71.7056
19.893
21.9527
23.7936
25.5019
27.0874
28.5674
29.9594
31.2789
32.5377
33.7447
34.9074
36.0323
37.1319
38.2142
39.2828
40.3409
41.3916
42.4376
43.4816
44.526
45.5733
46.6258
47.6857
48.7554
49.837
50.9332
52.0464
53.1795
54.3358
55.5189
56.7333
57.9848
59.2813
60.634
62.0575
63.578
65.2314
67.0796
69.2064
71.6781
19.8836
21.9413
23.7805
25.4872
27.0712
28.5499
29.9407
31.2592
32.517
33.7232
34.8852
36.0094
37.1085
38.1903
39.2585
40.3164
41.3668
42.4127
43.4566
44.501
45.5484
46.601
47.6611
48.731
49.813
50.9095
52.0232
53.1569
54.3136
55.4973
56.7124
57.9647
59.2627
60.616
62.0412
63.5617
65.2167
67.0657
69.1931
71.6663
19.909
21.9702
23.8126
25.522
27.1084
28.5891
29.9816
31.3017
32.5609
33.7682
34.9312
36.0562
37.1562
38.2388
39.3076
40.366
41.417
42.4633
43.5075
44.5523
45.5999
46.6526
47.7128
48.7828
49.8648
50.9614
52.075
53.2085
54.3652
55.5487
56.7636
58.0162
59.313
60.666
62.0906
63.6116
65.265
67.1127
69.24
71.7124
20.4382
22.5828
24.5023
26.2812
27.9294
29.4649
30.906
32.2691
33.5666
34.808
36.0012
37.1531
38.2761
39.3788
40.4651
41.5385
42.6021
43.6589
44.7116
45.7627
46.8148
47.8703
48.9314
50.0007
51.0804
52.173
53.2813
54.4081
55.5567
56.731
57.9359
59.1766
60.4623
61.8031
63.2156
64.725
66.3697
68.2135
70.3402
72.8197
45.1286
51.4652
56.9831
61.7339
65.827
69.3909
72.5294
75.3233
77.8318
80.0977
82.1543
84.0285
85.7416
87.3101
88.747
90.0629
91.2663
92.3641
93.362
94.2642
95.074
95.7937
96.4245
96.967
97.4205
97.7839
98.0551
98.231
98.3082
98.2824
98.1492
97.9045
97.5456
97.0736
96.4973
95.842
95.1702
94.6321
94.4637
94.8847
43.7923
49.9034
55.2277
59.8167
63.7746
67.2253
70.2695
72.9833
75.4237
77.6331
79.6442
81.4825
83.1681
84.717
86.1416
87.4519
88.6562
89.7612
90.7722
91.6932
92.5273
93.2765
93.9421
94.5242
95.0222
95.4347
95.7594
95.9933
96.1325
96.1726
96.1089
95.9366
95.6525
95.2565
94.7563
94.1759
93.5751
93.1004
92.9784
93.417
43.7715
49.8856
55.213
59.8049
63.7654
67.2176
70.263
72.978
75.4195
77.63
79.642
81.4809
83.167
84.7159
86.1402
87.45
88.6536
89.7576
90.7673
91.6867
92.5189
93.266
93.9291
94.5084
95.0033
95.4122
95.733
95.9625
96.0968
96.1313
96.0612
95.8819
95.5901
95.1859
94.6774
94.089
93.4805
92.9987
92.8723
93.311
43.8125
49.936
55.272
59.8715
63.8388
67.2972
70.3478
73.0671
75.5119
77.7252
79.7394
81.5803
83.2679
84.818
86.2433
87.5537
88.7576
89.8617
90.8712
91.7902
92.6218
93.368
94.03
94.608
95.1013
95.5086
95.8276
96.0551
96.1875
96.2203
96.1486
95.9677
95.674
95.2679
94.7569
94.1652
93.5529
93.0659
92.9324
93.365
43.8428
49.9724
55.3138
59.9177
63.8884
67.3498
70.403
73.1247
75.5715
77.7863
79.8018
81.6436
83.3318
84.8824
86.3078
87.6182
88.8219
89.9255
90.9344
91.8526
92.6833
93.4284
94.0891
94.6656
95.1574
95.5629
95.8799
96.1053
96.2353
96.2654
96.1909
96.0072
95.711
95.3026
94.7898
94.1968
93.5841
93.0978
92.9651
93.3972
43.8636
49.9973
55.3424
59.9495
63.923
67.3864
70.4414
73.1646
75.6128
77.8287
79.8451
81.6876
83.3764
84.9274
86.3531
87.6637
88.8674
89.971
90.9797
91.8976
92.7279
93.4726
94.1327
94.7086
95.1996
95.6044
95.9206
96.1452
96.2743
96.3034
96.2278
96.0429
95.7453
95.3353
94.8206
94.2257
93.6108
93.1228
92.9897
93.4218
43.8781
50.0145
55.3619
59.971
63.9463
67.4112
70.4674
73.1916
75.6407
77.8573
79.8743
81.7172
83.4064
84.9577
86.3836
87.6942
88.8979
90.0014
91.0099
91.9276
92.7576
93.5019
94.1616
94.737
95.2275
95.6317
95.9472
96.171
96.2994
96.3277
96.2513
96.0656
95.7673
95.3566
94.8414
94.2457
93.6303
93.1414
93.0079
93.44
43.8886
50.0268
55.3758
59.9863
63.9626
67.4286
70.4857
73.2106
75.6602
77.8773
79.8947
81.738
83.4275
84.9789
86.4049
87.7157
88.9194
90.0229
91.0313
91.949
92.7788
93.5229
94.1824
94.7575
95.2477
95.6516
95.9667
96.1902
96.3181
96.346
96.2691
96.0828
95.784
95.3726
94.8568
94.2606
93.6449
93.1556
93.0218
93.4538
43.8966
50.0362
55.3864
59.9979
63.9751
67.4418
70.4995
73.225
75.6751
77.8926
79.9103
81.7538
83.4435
84.9951
86.4213
87.7321
88.9359
90.0393
91.0477
91.9653
92.795
93.5389
94.1982
94.7732
95.2632
95.6667
95.9816
96.2048
96.3324
96.3599
96.2827
96.0961
95.7968
95.385
94.8688
94.2722
93.6561
93.1666
93.0326
93.4646
43.9027
50.0433
55.3943
60.0065
63.9844
67.4516
70.5098
73.2357
75.6861
77.9039
79.9219
81.7656
83.4554
85.0072
86.4334
87.7443
88.9481
90.0516
91.06
91.9775
92.8072
93.5511
94.2103
94.7851
95.275
95.6784
95.9931
96.216
96.3434
96.3707
96.2932
96.1063
95.8068
95.3947
94.8783
94.2814
93.665
93.1753
93.0412
93.4732
43.9078
50.0492
55.4009
60.0137
63.9921
67.4598
70.5183
73.2445
75.6952
77.9132
79.9314
81.7753
83.4652
85.0171
86.4434
87.7543
88.9581
90.0616
91.07
91.9875
92.8171
93.5608
94.2199
94.7947
95.2844
95.6876
96.0022
96.2249
96.3521
96.3792
96.3015
96.1144
95.8147
95.4024
94.8857
94.2886
93.672
93.1821
93.048
93.4799
43.9115
50.0535
55.4058
60.0191
63.9978
67.4658
70.5246
73.251
75.7019
77.9201
79.9384
81.7825
83.4725
85.0244
86.4508
87.7618
88.9656
90.0691
91.0775
91.9949
92.8244
93.5682
94.2272
94.8018
95.2914
95.6946
96.009
96.2317
96.3587
96.3857
96.3077
96.1205
95.8206
95.4081
94.8913
94.294
93.6773
93.1872
93.053
93.4849
43.9147
50.0571
55.4098
60.0235
64.0026
67.4708
70.5298
73.2564
75.7075
77.9258
79.9442
81.7883
83.4784
85.0304
86.4568
87.7678
88.9716
90.0751
91.0834
92.0008
92.8303
93.574
94.2329
94.8075
95.297
95.7
96.0143
96.2368
96.3637
96.3906
96.3125
96.1251
95.8251
95.4125
94.8956
94.2982
93.6813
93.1912
93.0569
93.4888
43.917
50.0599
55.4129
60.0268
64.0061
67.4745
70.5337
73.2604
75.7116
77.9301
79.9486
81.7927
83.4829
85.0349
86.4613
87.7723
88.9762
90.0796
91.0879
92.0053
92.8347
93.5783
94.2372
94.8117
95.3011
95.7041
96.0183
96.2407
96.3675
96.3943
96.3162
96.1287
95.8285
95.4159
94.8988
94.3013
93.6845
93.1943
93.0599
93.4918
43.9187
50.0619
55.4152
60.0293
64.0088
67.4774
70.5367
73.2636
75.7148
77.9334
79.9519
81.7962
83.4864
85.0384
86.4648
87.7758
88.9797
90.0831
91.0914
92.0087
92.8381
93.5817
94.2405
94.8149
95.3043
95.7072
96.0214
96.2437
96.3704
96.3971
96.3188
96.1313
95.831
95.4183
94.9012
94.3037
93.6867
93.1964
93.062
93.4939
43.9201
50.0635
55.417
60.0313
64.0109
67.4796
70.5391
73.266
75.7174
77.9359
79.9545
81.7988
83.4891
85.0411
86.4675
87.7785
88.9824
90.0858
91.094
92.0113
92.8407
93.5842
94.243
94.8174
95.3067
95.7096
96.0236
96.2459
96.3725
96.3992
96.3209
96.1333
95.833
95.4202
94.903
94.3055
93.6885
93.1982
93.0637
93.4956
43.9209
50.0645
55.4181
60.0325
64.0122
67.481
70.5405
73.2675
75.7189
77.9375
79.9562
81.8004
83.4907
85.0428
86.4692
87.7802
88.984
90.0873
91.0956
92.0129
92.8422
93.5858
94.2445
94.8189
95.3081
95.7109
96.025
96.2472
96.3738
96.4004
96.322
96.1344
95.8341
95.4212
94.9041
94.3065
93.6895
93.1991
93.0647
93.4965
43.9213
50.065
55.4187
60.0332
64.0129
67.4818
70.5413
73.2683
75.7198
77.9384
79.9571
81.8013
83.4916
85.0437
86.4701
87.7811
88.9849
90.0882
91.0964
92.0137
92.843
93.5865
94.2453
94.8196
95.3089
95.7116
96.0256
96.2479
96.3744
96.401
96.3226
96.1349
95.8346
95.4217
94.9045
94.3069
93.6899
93.1995
93.0651
93.4969
43.9215
50.0652
55.4189
60.0334
64.0132
67.482
70.5416
73.2686
75.72
77.9387
79.9573
81.8016
83.4919
85.0439
86.4704
87.7813
88.9851
90.0884
91.0967
92.0139
92.8433
93.5867
94.2455
94.8198
95.309
95.7118
96.0258
96.248
96.3745
96.4011
96.3227
96.135
95.8347
95.4218
94.9047
94.3071
93.69
93.1997
93.0653
93.4972
43.9213
50.0649
55.4186
60.0331
64.0129
67.4817
70.5413
73.2683
75.7197
77.9384
79.957
81.8013
83.4915
85.0436
86.47
87.7809
88.9847
90.088
91.0962
92.0135
92.8428
93.5863
94.245
94.8193
95.3085
95.7113
96.0253
96.2475
96.374
96.4006
96.3222
96.1346
95.8342
95.4214
94.9043
94.3067
93.6897
93.1993
93.0649
93.4968
43.9208
50.0644
55.4181
60.0325
64.0123
67.4811
70.5406
73.2676
75.7191
77.9377
79.9563
81.8006
83.4909
85.0429
86.4693
87.7802
88.984
90.0873
91.0956
92.0128
92.8421
93.5856
94.2444
94.8187
95.3079
95.7107
96.0247
96.2469
96.3735
96.4001
96.3217
96.134
95.8337
95.4209
94.9037
94.3061
93.6892
93.1988
93.0645
93.4963
43.92
50.0636
55.4172
60.0316
64.0113
67.4801
70.5396
73.2665
75.7179
77.9365
79.9551
81.7994
83.4896
85.0417
86.468
87.779
88.9827
90.086
91.0943
92.0115
92.8408
93.5843
94.243
94.8173
95.3066
95.7093
96.0234
96.2456
96.3722
96.3988
96.3204
96.1328
95.8325
95.4198
94.9026
94.3051
93.6881
93.1978
93.0634
93.4953
43.919
50.0625
55.416
60.0303
64.0099
67.4786
70.5381
73.265
75.7164
77.9349
79.9535
81.7978
83.488
85.04
86.4664
87.7773
88.9811
90.0844
91.0926
92.0099
92.8392
93.5827
94.2414
94.8158
95.305
95.7078
96.0219
96.2442
96.3708
96.3974
96.319
96.1314
95.8312
95.4184
94.9013
94.3037
93.6868
93.1965
93.0621
93.494
43.9177
50.061
55.4143
60.0286
64.0081
67.4767
70.5361
73.263
75.7143
77.9328
79.9513
81.7956
83.4858
85.0377
86.4641
87.775
88.9788
90.0821
91.0903
92.0075
92.8369
93.5803
94.2391
94.8135
95.3028
95.7056
96.0197
96.242
96.3686
96.3953
96.317
96.1294
95.8292
95.4165
94.8995
94.3019
93.685
93.1948
93.0605
93.4925
43.916
50.0591
55.4123
60.0264
64.0058
67.4743
70.5336
73.2604
75.7116
77.9301
79.9486
81.7927
83.4829
85.0349
86.4612
87.7721
88.9758
90.0792
91.0874
92.0047
92.834
93.5775
94.2364
94.8107
95.3001
95.7029
96.017
96.2394
96.366
96.3927
96.3145
96.127
95.8268
95.4141
94.897
94.2996
93.6827
93.1925
93.0581
93.49
43.914
50.0568
55.4098
60.0237
64.003
67.4714
70.5305
73.2572
75.7084
77.9267
79.9452
81.7893
83.4794
85.0313
86.4577
87.7686
88.9723
90.0756
91.0838
92.0011
92.8305
93.574
94.2329
94.8072
95.2966
95.6995
96.0137
96.2361
96.3628
96.3895
96.3113
96.1239
95.8237
95.4111
94.8941
94.2968
93.6799
93.1897
93.0555
93.4875
43.9117
50.0542
55.4069
60.0205
63.9996
67.4678
70.5268
73.2533
75.7044
77.9226
79.941
81.785
83.4751
85.0269
86.4532
87.7641
88.9678
90.0711
91.0794
91.9967
92.8261
93.5697
94.2286
94.803
95.2924
95.6954
96.0096
96.232
96.3588
96.3857
96.3075
96.1202
95.8201
95.4075
94.8907
94.2933
93.6766
93.1864
93.0522
93.4842
43.9092
50.0513
55.4037
60.017
63.9958
67.4638
70.5227
73.2491
75.7
77.9181
79.9364
81.7804
83.4704
85.0222
86.4485
87.7593
88.963
90.0664
91.0746
91.9919
92.8214
93.565
94.2239
94.7984
95.2879
95.6909
96.0052
96.2277
96.3546
96.3815
96.3035
96.1162
95.8162
95.4038
94.8869
94.2897
93.6729
93.1829
93.0488
93.4807
43.906
50.0475
55.3994
60.0124
63.9908
67.4585
70.5171
73.2432
75.6939
77.9119
79.93
81.7738
83.4636
85.0154
86.4416
87.7524
88.9561
90.0594
91.0677
91.985
92.8145
93.5581
94.2172
94.7917
95.2813
95.6844
95.9988
96.2214
96.3484
96.3754
96.2975
96.1104
95.8105
95.3982
94.8816
94.2845
93.6678
93.1779
93.044
93.476
43.902
50.043
55.3944
60.0069
63.9851
67.4525
70.5109
73.2369
75.6874
77.9053
79.9233
81.767
83.4569
85.0085
86.4347
87.7455
88.9492
90.0525
91.0608
91.9782
92.8077
93.5514
94.2104
94.785
95.2746
95.6778
95.9923
96.215
96.3421
96.3692
96.2914
96.1043
95.8045
95.3923
94.8757
94.2784
93.6618
93.1722
93.0378
93.4692
43.8964
50.0365
55.3872
59.9991
63.9767
67.4437
70.5016
73.2272
75.6774
77.895
79.9128
81.7563
83.446
84.9976
86.4237
87.7344
88.9381
90.0415
91.0498
91.9672
92.7968
93.5406
94.1997
94.7745
95.2643
95.6676
95.9823
96.2052
96.3325
96.3599
96.2822
96.0955
95.7962
95.3842
94.8677
94.2709
93.6549
93.1653
93.0311
93.4634
43.8896
50.0288
55.3786
59.9899
63.9669
67.4333
70.4909
73.2161
75.666
77.8834
79.9009
81.7443
83.4339
84.9854
86.4114
87.7221
88.9258
90.0291
91.0375
91.9549
92.7846
93.5285
94.1877
94.7626
95.2526
95.6561
95.9709
96.194
96.3215
96.349
96.2717
96.0852
95.7859
95.3741
94.8578
94.2611
93.6454
93.1558
93.0214
93.4537
43.8815
50.0193
55.3679
59.9781
63.9542
67.4199
70.4768
73.2016
75.651
77.868
79.8853
81.7285
83.4178
84.9692
86.3951
87.7057
88.9094
90.0128
91.0212
91.9388
92.7686
93.5126
94.1722
94.7473
95.2375
95.6413
95.9565
96.1799
96.3078
96.3359
96.259
96.0728
95.7741
95.3626
94.847
94.2513
93.6355
93.1461
93.014
93.4461
43.8708
50.0066
55.3534
59.962
63.9368
67.4014
70.4573
73.1812
75.6299
77.8463
79.8631
81.7058
83.3948
84.9459
86.3716
87.6822
88.8858
89.9892
90.9977
91.9153
92.7452
93.4895
94.1492
94.7246
95.2151
95.6193
95.9348
96.1587
96.2871
96.3155
96.2391
96.0534
95.7548
95.3441
94.8294
94.2334
93.6179
93.1297
92.9956
93.4277
43.8563
49.9895
55.334
59.9407
63.9139
67.3771
70.432
73.1549
75.6029
77.8186
79.8349
81.6772
83.3659
84.9168
86.3424
87.6529
88.8566
89.9601
90.9687
91.8867
92.7169
93.4615
94.1216
94.6975
95.1886
95.5933
95.9096
96.1341
96.2632
96.2924
96.2166
96.0318
95.7343
95.3248
94.8102
94.2149
93.6015
93.1129
92.98
93.4131
43.8344
49.9634
55.3042
59.9078
63.8782
67.3391
70.392
73.1133
75.5599
77.7745
79.7898
81.6314
83.3195
84.87
86.2953
87.6057
88.8094
89.913
90.9219
91.8402
92.6709
93.4161
94.0769
94.6535
95.1454
95.5511
95.8683
96.094
96.2242
96.2545
96.1803
95.997
95.7013
95.2926
94.7795
94.1872
93.5734
93.0863
92.954
93.3854
43.8036
49.9264
55.2618
59.8607
63.8273
67.2849
70.335
73.054
75.4986
77.7116
79.7256
81.5661
83.2534
84.8033
86.2283
87.5385
88.7422
89.846
90.8552
91.774
92.6054
93.3514
94.0132
94.591
95.0841
95.4912
95.81
96.0373
96.1693
96.2017
96.1295
95.9482
95.6542
95.2476
94.7373
94.1453
93.5339
93.0502
92.919
93.354
43.7617
49.8751
55.202
59.7936
63.7539
67.2063
70.2519
72.9672
75.4087
77.6191
79.631
81.4699
83.156
84.7051
86.1296
87.4396
88.6435
89.7478
90.7578
91.6777
92.5105
93.2581
93.9218
94.5017
94.9973
95.407
95.7287
95.9591
96.0944
96.1305
96.0617
95.8841
95.5936
95.1925
94.6852
94.0977
93.4902
93.0073
92.8787
93.3104
43.78
49.8907
55.2145
59.803
63.7604
67.2102
70.2535
72.9667
75.4065
77.6153
79.6259
81.4636
83.1489
84.6972
86.1212
87.431
88.6348
89.7393
90.7497
91.6701
92.5036
93.2522
93.9171
94.4984
94.9957
95.4073
95.7311
95.9639
96.1018
96.1405
96.0748
95.9007
95.6148
95.2156
94.713
94.1304
93.5258
93.0491
92.9214
93.356
45.1119
51.4486
56.9667
61.7177
65.8108
69.3742
72.5131
75.3066
77.8137
80.0784
82.1347
84.0089
85.7221
87.2906
88.7275
90.0434
91.2467
92.3446
93.3425
94.2448
95.0548
95.7746
96.4056
96.9482
97.4019
97.7655
98.0368
98.213
98.2903
98.2648
98.132
97.8874
97.5285
97.0558
96.4792
95.8231
95.1515
94.6119
94.4448
94.8657
21.8153
21.8153
21.8153
21.8153
21.8153
21.8153
21.8153
21.8153
21.8153
21.8153
21.8153
21.8153
21.8153
21.8153
21.8153
21.8153
21.8153
21.8153
21.8153
21.8153
21.8153
21.8153
21.8153
21.8153
21.8153
21.8153
21.8153
21.8153
21.8153
21.8153
21.8153
21.8153
21.8153
21.8153
21.8153
21.8153
21.8153
21.8153
21.8153
21.8153
21.8153
21.8153
21.8153
21.8153
21.8153
21.8153
21.8153
21.8153
21.8153
21.8153
21.8153
21.8153
21.8153
21.8153
21.8153
21.8153
21.8153
21.8153
21.8153
21.8153
21.8153
21.8153
21.8153
21.8153
21.8153
21.8153
21.8153
21.8153
21.8153
21.8153
21.8153
21.8153
21.8153
21.8153
21.8153
21.8153
21.8153
21.8153
21.8153
21.8153
21.8153
21.8153
21.8153
21.8153
21.8153
21.8153
21.8153
21.8153
21.8153
21.8153
21.8153
21.8153
21.8153
21.8153
21.8153
21.8153
21.8153
21.8153
21.8153
21.8153
21.8153
21.8153
21.8153
21.8153
21.8153
21.8153
21.8153
21.8153
21.8153
21.8153
21.8153
21.8153
21.8153
21.8153
21.8153
21.8153
21.8153
21.8153
21.8153
21.8153
21.8153
21.8153
21.8153
21.8153
21.8153
21.8153
21.8153
21.8153
21.8153
21.8153
21.8153
21.8153
21.8153
21.8153
21.8153
21.8153
21.8153
21.8153
21.8153
21.8153
21.8153
21.8153
21.8153
21.8153
21.8153
21.8153
21.8153
21.8153
21.8153
21.8153
21.8153
21.8153
21.8153
21.8153
21.8153
21.8153
21.8153
21.8153
21.8153
21.8153
21.8153
21.8153
21.8153
21.8153
21.8153
21.8153
21.8153
21.8153
21.8153
21.8153
21.8153
21.8153
21.8153
21.8153
21.8153
21.8153
21.8153
21.8153
21.8153
21.8153
21.8153
21.8153
21.8153
21.8153
21.8153
21.8153
21.8153
21.8153
21.8153
21.8153
21.8153
21.8153
21.8153
21.8153
21.8153
21.8153
21.8153
21.8153
21.8153
21.8153
21.8153
21.8153
21.8153
21.8153
21.8153
21.8153
21.8153
21.8153
21.8153
21.8153
21.8153
21.8153
21.8153
21.8153
21.8153
21.8153
21.8153
21.8153
21.8153
21.8153
21.8153
21.8153
21.8153
21.8153
21.8153
21.8153
21.8153
21.8153
21.8153
21.8153
21.8153
21.8153
21.8153
21.8153
21.8153
21.8153
21.8153
21.8153
21.8153
21.8153
21.8153
21.8153
21.8153
21.8153
21.8153
21.8153
21.8153
21.8153
21.8153
21.8153
21.8153
21.8153
21.8153
21.8153
21.8153
21.8153
21.8153
21.8153
21.8153
21.8153
21.8153
21.8153
21.8153
21.8153
21.8153
21.8153
21.8153
21.8153
21.8153
21.8153
21.8153
21.8153
21.8153
21.8153
21.8153
21.8153
21.8153
21.8153
21.8153
21.8153
21.8153
21.8153
21.8153
21.8153
21.8153
21.8153
21.8153
21.8153
21.8153
21.8153
21.8153
21.8153
21.8153
21.8153
21.8153
21.8153
21.8153
21.8153
21.8153
21.8153
21.8153
21.8153
21.8153
21.8153
21.8153
21.8153
21.8153
21.8153
21.8153
21.8153
21.8153
21.8153
21.8153
21.8153
21.8153
21.8153
21.8153
21.8153
21.8153
21.8153
21.8153
21.8153
21.8153
21.8153
21.8153
21.8153
21.8153
21.8153
21.8153
21.8153
21.8153
21.8153
21.8153
21.8153
21.8153
21.8153
21.8153
21.8153
21.8153
21.8153
21.8153
21.8153
21.8153
21.8153
21.8153
21.8153
21.8153
21.8153
21.8153
21.8153
21.8153
21.8153
21.8153
21.8153
21.8153
21.8153
21.8153
21.8153
21.8153
21.8153
21.8153
21.8153
21.8153
21.8153
21.8153
21.8153
21.8153
21.8153
21.8153
21.8153
21.8153
21.8153
21.8153
21.8153
21.8153
21.8153
21.8153
21.8153
21.8153
21.8153
21.8153
21.8153
21.8153
21.8153
21.8153
21.8153
21.8153
21.8153
21.8153
21.8153
21.8153
21.8153
21.8153
21.8153
21.8153
21.8153
21.8153
21.8153
21.8153
21.8153
21.8153
21.8153
21.8153
21.8153
21.8153
21.8153
21.8153
21.8153
21.8153
21.8153
21.8153
21.8153
21.8153
21.8153
21.8153
21.8153
21.8153
21.8153
21.8153
21.8153
21.8153
21.8153
21.8153
21.8153
21.8153
21.8153
21.8153
21.8153
21.8153
21.8153
21.8153
21.8153
21.8153
21.8153
21.8153
21.8153
21.8153
21.8153
21.8153
21.8153
21.8153
21.8153
21.8153
21.8153
21.8153
21.8153
21.8153
21.8153
21.8153
21.8153
21.8153
21.8153
21.8153
21.8153
21.8153
21.8153
21.8153
21.8153
21.8153
21.8153
21.8153
21.8153
21.8153
21.8153
21.8153
21.8153
21.8153
21.8153
21.8153
21.8153
21.8153
21.8153
21.8153
21.8153
21.8153
21.8153
21.8153
21.8153
21.8153
21.8153
21.8153
21.8153
21.8153
21.8153
21.8153
21.8153
21.8153
21.8153
21.8153
21.8153
21.8153
21.8153
21.8153
21.8153
21.8153
21.8153
21.8153
21.8153
21.8153
21.8153
21.8153
21.8153
21.8153
21.8153
21.8153
21.8153
21.8153
21.8153
21.8153
21.8153
21.8153
21.8153
21.8153
21.8153
21.8153
21.8153
21.8153
21.8153
21.8153
21.8153
21.8153
21.8153
21.8153
21.8153
21.8153
21.8153
21.8153
21.8153
21.8153
21.8153
21.8153
21.8153
21.8153
21.8153
21.8153
21.8153
21.8153
21.8153
21.8153
21.8153
21.8153
21.8153
21.8153
21.8153
21.8153
21.8153
21.8153
21.8153
21.8153
21.8153
21.8153
21.8153
21.8153
21.8153
21.8153
21.8153
21.8153
21.8153
21.8153
21.8153
21.8153
21.8153
21.8153
21.8153
21.8153
21.8153
21.8153
21.8153
21.8153
21.8153
21.8153
21.8153
21.8153
21.8153
21.8153
21.8153
21.8153
21.8153
21.8153
21.8153
21.8153
21.8153
21.8153
21.8153
21.8153
21.8153
21.8153
21.8153
21.8153
21.8153
21.8153
21.8153
21.8153
21.8153
21.8153
21.8153
21.8153
21.8153
21.8153
21.8153
21.8153
21.8153
21.8153
21.8153
21.8153
21.8153
21.8153
21.8153
21.8153
21.8153
21.8153
21.8153
21.8153
21.8153
21.8153
21.8153
21.8153
21.8153
21.8153
21.8153
21.8153
21.8153
21.8153
21.8153
21.8153
21.8153
21.8153
21.8153
21.8153
21.8153
21.8153
21.8153
21.8153
21.8153
21.8153
21.8153
21.8153
21.8153
21.8153
21.8153
21.8153
21.8153
21.8153
21.8153
21.8153
21.8153
21.8153
21.8153
21.8153
21.8153
21.8153
21.8153
21.8153
21.8153
21.8153
21.8153
21.8153
21.8153
21.8153
21.8153
21.8153
21.8153
21.8153
21.8153
21.8153
21.8153
21.8153
21.8153
21.8153
21.8153
21.8153
21.8153
21.8153
21.8153
21.8153
21.8153
21.8153
21.8153
21.8153
21.8153
21.8153
21.8153
21.8153
21.8153
21.8153
21.8153
21.8153
21.8153
21.8153
21.8153
21.8153
21.8153
21.8153
21.8153
21.8153
21.8153
21.8153
21.8153
21.8153
21.8153
21.8153
21.8153
21.8153
21.8153
21.8153
21.8153
21.8153
21.8153
21.8153
21.8153
21.8153
21.8153
21.8153
21.8153
21.8153
21.8153
21.8153
21.8153
21.8153
21.8153
21.8153
21.8153
21.8153
21.8153
21.8153
21.8153
21.8153
21.8153
21.8153
21.8153
21.8153
21.8153
21.8153
21.8153
21.8153
21.8153
21.8153
21.8153
21.8153
21.8153
21.8153
21.8153
21.8153
21.8153
21.8153
21.8153
21.8153
21.8153
21.8153
21.8153
21.8153
21.8153
21.8153
21.8153
21.8153
21.8153
21.8153
21.8153
21.8153
21.8153
21.8153
21.8153
21.8153
21.8153
21.8153
21.8153
21.8153
21.8153
21.8153
21.8153
21.8153
21.8153
21.8153
21.8153
21.8153
21.8153
21.8153
21.8153
21.8153
21.8153
21.8153
21.8153
21.8153
21.8153
21.8153
21.8153
21.8153
21.8153
21.8153
21.8153
21.8153
21.8153
21.8153
21.8153
21.8153
21.8153
21.8153
21.8153
21.8153
21.8153
21.8153
21.8153
21.8153
21.8153
21.8153
21.8153
21.8153
21.8153
21.8153
21.8153
21.8153
21.8153
21.8153
21.8153
21.8153
21.8153
21.8153
21.8153
21.8153
21.8153
21.8153
21.8153
21.8153
21.8153
21.8153
21.8153
21.8153
21.8153
21.8153
21.8153
21.8153
21.8153
21.8153
21.8153
21.8153
21.8153
21.8153
21.8153
21.8153
21.8153
21.8153
21.8153
21.8153
21.8153
21.8153
21.8153
21.8153
21.8153
21.8153
21.8153
21.8153
21.8153
21.8153
21.8153
21.8153
21.8153
21.8153
21.8153
21.8153
21.8153
21.8153
21.8153
21.8153
21.8153
21.8153
21.8153
21.8153
21.8153
21.8153
21.8153
21.8153
21.8153
21.8153
21.8153
21.8153
21.8153
21.8153
21.8153
21.8153
21.8153
21.8153
21.8153
21.8153
21.8153
21.8153
21.8153
21.8153
21.8153
21.8153
21.8153
21.8153
21.8153
21.8153
21.8153
21.8153
21.8153
21.8153
21.8153
21.8153
21.8153
21.8153
21.8153
21.8153
21.8153
21.8153
21.8153
21.8153
21.8153
21.8153
21.8153
21.8153
21.8153
21.8153
21.8153
21.8153
21.8153
21.8153
21.8153
21.8153
21.8153
21.8153
21.8153
21.8153
21.8153
21.8153
21.8153
21.8153
21.8153
21.8153
21.8153
21.8153
21.8153
21.8153
21.8153
21.8153
21.8153
21.8153
21.8153
21.8153
21.8153
21.8153
21.8153
21.8153
21.8153
21.8153
21.8153
21.8153
21.8153
21.8153
21.8153
21.8153
21.8153
21.8153
21.8153
21.8153
21.8153
21.8153
21.8153
21.8153
21.8153
21.8153
21.8153
21.8153
21.8153
21.8153
21.8153
21.8153
21.8153
21.8153
21.8153
21.8153
21.8153
21.8153
21.8153
21.8153
21.8153
21.8153
21.8153
21.8153
21.8153
21.8153
21.8153
21.8153
21.8153
21.8153
21.8153
21.8153
21.8153
21.8153
21.8153
21.8153
21.8153
21.8153
21.8153
21.8153
21.8153
21.8153
21.8153
21.8153
21.8153
21.8153
21.8153
21.8153
21.8153
21.8153
21.8153
21.8153
21.8153
21.8153
21.8153
21.8153
21.8153
21.8153
21.8153
21.8153
21.8153
21.8153
21.8153
21.8153
21.8153
21.8153
21.8153
21.8153
21.8153
21.8153
21.8153
21.8153
21.8153
21.8153
21.8153
21.8153
21.8153
21.8153
21.8153
21.8153
21.8153
21.8153
21.8153
21.8153
21.8153
21.8153
21.8153
21.8153
21.8153
21.8153
21.8153
21.8153
21.8153
21.8153
21.8153
21.8153
21.8153
21.8153
21.8153
21.8153
21.8153
21.8153
21.8153
21.8153
21.8153
21.8153
21.8153
21.8153
21.8153
21.8153
21.8153
21.8153
21.8153
21.8153
21.8153
21.8153
21.8153
21.8153
21.8153
21.8153
21.8153
21.8153
21.8153
21.8153
21.8153
21.8153
21.8153
21.8153
21.8153
21.8153
21.8153
21.8153
21.8153
21.8153
21.8153
21.8153
21.8153
21.8153
21.8153
21.8153
21.8153
21.8153
21.8153
21.8153
21.8153
21.8153
21.8153
21.8153
21.8153
21.8153
21.8153
21.8153
21.8153
21.8153
21.8153
21.8153
21.8153
21.8153
21.8153
21.8153
21.8153
21.8153
21.8153
21.8153
21.8153
21.8153
21.8153
21.8153
21.8153
21.8153
21.8153
21.8153
21.8153
21.8153
21.8153
21.8153
21.8153
21.8153
21.8153
21.8153
21.8153
21.8153
21.8153
21.8153
21.8153
21.8153
21.8153
21.8153
21.8153
21.8153
21.8153
21.8153
21.8153
21.8153
21.8153
21.8153
21.8153
21.8153
21.8153
21.8153
21.8153
21.8153
21.8153
21.8153
21.8153
21.8153
21.8153
21.8153
21.8153
21.8153
21.8153
21.8153
21.8153
21.8153
21.8153
21.8153
21.8153
21.8153
21.8153
21.8153
21.8153
21.8153
21.8153
21.8153
21.8153
21.8153
21.8153
21.8153
21.8153
21.8153
21.8153
21.8153
21.8153
21.8153
21.8153
21.8153
21.8153
21.8153
21.8153
21.8153
21.8153
21.8153
21.8153
21.8153
21.8153
21.8153
21.8153
21.8153
21.8153
21.8153
21.8153
21.8153
21.8153
21.8153
21.8153
21.8153
21.8153
21.8153
21.8153
21.8153
21.8153
21.8153
21.8153
21.8153
21.8153
21.8153
21.8153
21.8153
21.8153
21.8153
21.8153
21.8153
21.8153
21.8153
21.8153
21.8153
21.8153
21.8153
21.8153
21.8153
21.8153
21.8153
21.8153
21.8153
21.8153
21.8153
21.8153
21.8153
21.8153
21.8153
21.8153
21.8153
21.8153
21.8153
21.8153
21.8153
21.8153
21.8153
21.8153
21.8153
21.8153
21.8153
21.8153
21.8153
21.8153
21.8153
21.8153
21.8153
21.8153
21.8153
21.8153
21.8153
21.8153
21.8153
21.8153
21.8153
21.8153
21.8153
21.8153
21.8153
21.8153
21.8153
21.8153
21.8153
21.8153
21.8153
21.8153
21.8153
21.8153
21.8153
21.8153
21.8153
21.8153
21.8153
21.8153
21.8153
21.8153
21.8153
21.8153
21.8153
21.8153
21.8153
21.8153
21.8153
21.8153
21.8153
21.8153
21.8153
21.8153
21.8153
21.8153
21.8153
21.8153
21.8153
21.8153
21.8153
21.8153
21.8153
21.8153
21.8153
21.8153
21.8153
21.8153
21.8153
21.8153
21.8153
21.8153
21.8153
21.8153
21.8153
21.8153
21.8153
21.8153
21.8153
21.8153
21.8153
21.8153
21.8153
21.8153
21.8153
21.8153
21.8153
21.8153
21.8153
21.8153
21.8153
21.8153
21.8153
21.8153
21.8153
21.8153
21.8153
21.8153
21.8153
21.8153
21.8153
21.8153
21.8153
21.8153
21.8153
21.8153
21.8153
21.8153
21.8153
21.8153
21.8153
21.8153
21.8153
21.8153
21.8153
21.8153
21.8153
21.8153
21.8153
21.8153
21.8153
21.8153
21.8153
21.8153
21.8153
21.8153
21.8153
21.8153
21.8153
21.8153
21.8153
21.8153
21.8153
21.8153
21.8153
21.8153
21.8153
21.8153
21.8153
21.8153
21.8153
21.8153
21.8153
21.8153
21.8153
21.8153
21.8153
21.8153
21.8153
21.8153
21.8153
21.8153
21.8153
21.8153
21.8153
21.8153
21.8153
21.8153
21.8153
21.8153
21.8153
21.8153
21.8153
21.8153
21.8153
21.8153
21.8153
21.8153
21.8153
21.8153
21.8153
21.8153
21.8153
21.8153
21.8153
21.8153
21.8153
21.8153
21.8153
21.8153
21.8153
21.8153
21.8153
21.8153
21.8153
21.8153
21.8153
21.8153
21.8153
21.8153
21.8153
21.8153
21.8153
21.8153
21.8153
21.8153
21.8153
21.8153
21.8153
21.8153
21.8153
21.8153
21.8153
21.8153
21.8153
21.8153
21.8153
21.8153
21.8153
21.8153
21.8153
21.8153
21.8153
21.8153
21.8153
21.8153
21.8153
21.8153
21.8153
21.8153
21.8153
21.8153
21.8153
21.8153
21.8153
21.8153
21.8153
21.8153
21.8153
21.8153
21.8153
21.8153
21.8153
21.8153
21.8153
21.8153
21.8153
21.8153
21.8153
21.8153
21.8153
21.8153
21.8153
21.8153
21.8153
21.8153
21.8153
21.8153
21.8153
21.8153
21.8153
21.8153
21.8153
21.8153
21.8153
21.8153
21.8153
21.8153
21.8153
21.8153
21.8153
21.8153
21.8153
21.8153
21.8153
21.8153
21.8153
21.8153
21.8153
21.8153
21.8153
21.8153
21.8153
21.8153
21.8153
21.8153
21.8153
21.8153
21.8153
21.8153
21.8153
21.8153
21.8153
21.8153
21.8153
21.8153
21.8153
21.8153
21.8153
21.8153
21.8153
21.8153
21.8153
21.8153
21.8153
21.8153
21.8153
21.8153
21.8153
21.8153
21.8153
21.8153
21.8153
21.8153
21.8153
21.8153
21.8153
21.8153
21.8153
21.8153
21.8153
21.8153
21.8153
21.8153
21.8153
21.8153
21.8153
21.8153
21.8153
21.8153
21.8153
21.8153
21.8153
21.8153
21.8153
21.8153
21.8153
21.8153
21.8153
21.8153
21.8153
21.8153
21.8153
21.8153
21.8153
21.8153
21.8153
21.8153
21.8153
21.8153
21.8153
21.8153
21.8153
21.8153
21.8153
21.8153
21.8153
21.8153
21.8153
21.8153
)
;

boundaryField
{
    front
    {
        type            zeroGradient;
    }
    back
    {
        type            zeroGradient;
    }
    top
    {
        type            zeroGradient;
    }
    bottom
    {
        beta1           0.075;
        blended         false;
        type            omegaWallFunction;
        value           nonuniform List<scalar> 
1600
(
21.8153
21.8153
21.8153
21.8153
21.8153
21.8153
21.8153
21.8153
21.8153
21.8153
21.8153
21.8153
21.8153
21.8153
21.8153
21.8153
21.8153
21.8153
21.8153
21.8153
21.8153
21.8153
21.8153
21.8153
21.8153
21.8153
21.8153
21.8153
21.8153
21.8153
21.8153
21.8153
21.8153
21.8153
21.8153
21.8153
21.8153
21.8153
21.8153
21.8153
21.8153
21.8153
21.8153
21.8153
21.8153
21.8153
21.8153
21.8153
21.8153
21.8153
21.8153
21.8153
21.8153
21.8153
21.8153
21.8153
21.8153
21.8153
21.8153
21.8153
21.8153
21.8153
21.8153
21.8153
21.8153
21.8153
21.8153
21.8153
21.8153
21.8153
21.8153
21.8153
21.8153
21.8153
21.8153
21.8153
21.8153
21.8153
21.8153
21.8153
21.8153
21.8153
21.8153
21.8153
21.8153
21.8153
21.8153
21.8153
21.8153
21.8153
21.8153
21.8153
21.8153
21.8153
21.8153
21.8153
21.8153
21.8153
21.8153
21.8153
21.8153
21.8153
21.8153
21.8153
21.8153
21.8153
21.8153
21.8153
21.8153
21.8153
21.8153
21.8153
21.8153
21.8153
21.8153
21.8153
21.8153
21.8153
21.8153
21.8153
21.8153
21.8153
21.8153
21.8153
21.8153
21.8153
21.8153
21.8153
21.8153
21.8153
21.8153
21.8153
21.8153
21.8153
21.8153
21.8153
21.8153
21.8153
21.8153
21.8153
21.8153
21.8153
21.8153
21.8153
21.8153
21.8153
21.8153
21.8153
21.8153
21.8153
21.8153
21.8153
21.8153
21.8153
21.8153
21.8153
21.8153
21.8153
21.8153
21.8153
21.8153
21.8153
21.8153
21.8153
21.8153
21.8153
21.8153
21.8153
21.8153
21.8153
21.8153
21.8153
21.8153
21.8153
21.8153
21.8153
21.8153
21.8153
21.8153
21.8153
21.8153
21.8153
21.8153
21.8153
21.8153
21.8153
21.8153
21.8153
21.8153
21.8153
21.8153
21.8153
21.8153
21.8153
21.8153
21.8153
21.8153
21.8153
21.8153
21.8153
21.8153
21.8153
21.8153
21.8153
21.8153
21.8153
21.8153
21.8153
21.8153
21.8153
21.8153
21.8153
21.8153
21.8153
21.8153
21.8153
21.8153
21.8153
21.8153
21.8153
21.8153
21.8153
21.8153
21.8153
21.8153
21.8153
21.8153
21.8153
21.8153
21.8153
21.8153
21.8153
21.8153
21.8153
21.8153
21.8153
21.8153
21.8153
21.8153
21.8153
21.8153
21.8153
21.8153
21.8153
21.8153
21.8153
21.8153
21.8153
21.8153
21.8153
21.8153
21.8153
21.8153
21.8153
21.8153
21.8153
21.8153
21.8153
21.8153
21.8153
21.8153
21.8153
21.8153
21.8153
21.8153
21.8153
21.8153
21.8153
21.8153
21.8153
21.8153
21.8153
21.8153
21.8153
21.8153
21.8153
21.8153
21.8153
21.8153
21.8153
21.8153
21.8153
21.8153
21.8153
21.8153
21.8153
21.8153
21.8153
21.8153
21.8153
21.8153
21.8153
21.8153
21.8153
21.8153
21.8153
21.8153
21.8153
21.8153
21.8153
21.8153
21.8153
21.8153
21.8153
21.8153
21.8153
21.8153
21.8153
21.8153
21.8153
21.8153
21.8153
21.8153
21.8153
21.8153
21.8153
21.8153
21.8153
21.8153
21.8153
21.8153
21.8153
21.8153
21.8153
21.8153
21.8153
21.8153
21.8153
21.8153
21.8153
21.8153
21.8153
21.8153
21.8153
21.8153
21.8153
21.8153
21.8153
21.8153
21.8153
21.8153
21.8153
21.8153
21.8153
21.8153
21.8153
21.8153
21.8153
21.8153
21.8153
21.8153
21.8153
21.8153
21.8153
21.8153
21.8153
21.8153
21.8153
21.8153
21.8153
21.8153
21.8153
21.8153
21.8153
21.8153
21.8153
21.8153
21.8153
21.8153
21.8153
21.8153
21.8153
21.8153
21.8153
21.8153
21.8153
21.8153
21.8153
21.8153
21.8153
21.8153
21.8153
21.8153
21.8153
21.8153
21.8153
21.8153
21.8153
21.8153
21.8153
21.8153
21.8153
21.8153
21.8153
21.8153
21.8153
21.8153
21.8153
21.8153
21.8153
21.8153
21.8153
21.8153
21.8153
21.8153
21.8153
21.8153
21.8153
21.8153
21.8153
21.8153
21.8153
21.8153
21.8153
21.8153
21.8153
21.8153
21.8153
21.8153
21.8153
21.8153
21.8153
21.8153
21.8153
21.8153
21.8153
21.8153
21.8153
21.8153
21.8153
21.8153
21.8153
21.8153
21.8153
21.8153
21.8153
21.8153
21.8153
21.8153
21.8153
21.8153
21.8153
21.8153
21.8153
21.8153
21.8153
21.8153
21.8153
21.8153
21.8153
21.8153
21.8153
21.8153
21.8153
21.8153
21.8153
21.8153
21.8153
21.8153
21.8153
21.8153
21.8153
21.8153
21.8153
21.8153
21.8153
21.8153
21.8153
21.8153
21.8153
21.8153
21.8153
21.8153
21.8153
21.8153
21.8153
21.8153
21.8153
21.8153
21.8153
21.8153
21.8153
21.8153
21.8153
21.8153
21.8153
21.8153
21.8153
21.8153
21.8153
21.8153
21.8153
21.8153
21.8153
21.8153
21.8153
21.8153
21.8153
21.8153
21.8153
21.8153
21.8153
21.8153
21.8153
21.8153
21.8153
21.8153
21.8153
21.8153
21.8153
21.8153
21.8153
21.8153
21.8153
21.8153
21.8153
21.8153
21.8153
21.8153
21.8153
21.8153
21.8153
21.8153
21.8153
21.8153
21.8153
21.8153
21.8153
21.8153
21.8153
21.8153
21.8153
21.8153
21.8153
21.8153
21.8153
21.8153
21.8153
21.8153
21.8153
21.8153
21.8153
21.8153
21.8153
21.8153
21.8153
21.8153
21.8153
21.8153
21.8153
21.8153
21.8153
21.8153
21.8153
21.8153
21.8153
21.8153
21.8153
21.8153
21.8153
21.8153
21.8153
21.8153
21.8153
21.8153
21.8153
21.8153
21.8153
21.8153
21.8153
21.8153
21.8153
21.8153
21.8153
21.8153
21.8153
21.8153
21.8153
21.8153
21.8153
21.8153
21.8153
21.8153
21.8153
21.8153
21.8153
21.8153
21.8153
21.8153
21.8153
21.8153
21.8153
21.8153
21.8153
21.8153
21.8153
21.8153
21.8153
21.8153
21.8153
21.8153
21.8153
21.8153
21.8153
21.8153
21.8153
21.8153
21.8153
21.8153
21.8153
21.8153
21.8153
21.8153
21.8153
21.8153
21.8153
21.8153
21.8153
21.8153
21.8153
21.8153
21.8153
21.8153
21.8153
21.8153
21.8153
21.8153
21.8153
21.8153
21.8153
21.8153
21.8153
21.8153
21.8153
21.8153
21.8153
21.8153
21.8153
21.8153
21.8153
21.8153
21.8153
21.8153
21.8153
21.8153
21.8153
21.8153
21.8153
21.8153
21.8153
21.8153
21.8153
21.8153
21.8153
21.8153
21.8153
21.8153
21.8153
21.8153
21.8153
21.8153
21.8153
21.8153
21.8153
21.8153
21.8153
21.8153
21.8153
21.8153
21.8153
21.8153
21.8153
21.8153
21.8153
21.8153
21.8153
21.8153
21.8153
21.8153
21.8153
21.8153
21.8153
21.8153
21.8153
21.8153
21.8153
21.8153
21.8153
21.8153
21.8153
21.8153
21.8153
21.8153
21.8153
21.8153
21.8153
21.8153
21.8153
21.8153
21.8153
21.8153
21.8153
21.8153
21.8153
21.8153
21.8153
21.8153
21.8153
21.8153
21.8153
21.8153
21.8153
21.8153
21.8153
21.8153
21.8153
21.8153
21.8153
21.8153
21.8153
21.8153
21.8153
21.8153
21.8153
21.8153
21.8153
21.8153
21.8153
21.8153
21.8153
21.8153
21.8153
21.8153
21.8153
21.8153
21.8153
21.8153
21.8153
21.8153
21.8153
21.8153
21.8153
21.8153
21.8153
21.8153
21.8153
21.8153
21.8153
21.8153
21.8153
21.8153
21.8153
21.8153
21.8153
21.8153
21.8153
21.8153
21.8153
21.8153
21.8153
21.8153
21.8153
21.8153
21.8153
21.8153
21.8153
21.8153
21.8153
21.8153
21.8153
21.8153
21.8153
21.8153
21.8153
21.8153
21.8153
21.8153
21.8153
21.8153
21.8153
21.8153
21.8153
21.8153
21.8153
21.8153
21.8153
21.8153
21.8153
21.8153
21.8153
21.8153
21.8153
21.8153
21.8153
21.8153
21.8153
21.8153
21.8153
21.8153
21.8153
21.8153
21.8153
21.8153
21.8153
21.8153
21.8153
21.8153
21.8153
21.8153
21.8153
21.8153
21.8153
21.8153
21.8153
21.8153
21.8153
21.8153
21.8153
21.8153
21.8153
21.8153
21.8153
21.8153
21.8153
21.8153
21.8153
21.8153
21.8153
21.8153
21.8153
21.8153
21.8153
21.8153
21.8153
21.8153
21.8153
21.8153
21.8153
21.8153
21.8153
21.8153
21.8153
21.8153
21.8153
21.8153
21.8153
21.8153
21.8153
21.8153
21.8153
21.8153
21.8153
21.8153
21.8153
21.8153
21.8153
21.8153
21.8153
21.8153
21.8153
21.8153
21.8153
21.8153
21.8153
21.8153
21.8153
21.8153
21.8153
21.8153
21.8153
21.8153
21.8153
21.8153
21.8153
21.8153
21.8153
21.8153
21.8153
21.8153
21.8153
21.8153
21.8153
21.8153
21.8153
21.8153
21.8153
21.8153
21.8153
21.8153
21.8153
21.8153
21.8153
21.8153
21.8153
21.8153
21.8153
21.8153
21.8153
21.8153
21.8153
21.8153
21.8153
21.8153
21.8153
21.8153
21.8153
21.8153
21.8153
21.8153
21.8153
21.8153
21.8153
21.8153
21.8153
21.8153
21.8153
21.8153
21.8153
21.8153
21.8153
21.8153
21.8153
21.8153
21.8153
21.8153
21.8153
21.8153
21.8153
21.8153
21.8153
21.8153
21.8153
21.8153
21.8153
21.8153
21.8153
21.8153
21.8153
21.8153
21.8153
21.8153
21.8153
21.8153
21.8153
21.8153
21.8153
21.8153
21.8153
21.8153
21.8153
21.8153
21.8153
21.8153
21.8153
21.8153
21.8153
21.8153
21.8153
21.8153
21.8153
21.8153
21.8153
21.8153
21.8153
21.8153
21.8153
21.8153
21.8153
21.8153
21.8153
21.8153
21.8153
21.8153
21.8153
21.8153
21.8153
21.8153
21.8153
21.8153
21.8153
21.8153
21.8153
21.8153
21.8153
21.8153
21.8153
21.8153
21.8153
21.8153
21.8153
21.8153
21.8153
21.8153
21.8153
21.8153
21.8153
21.8153
21.8153
21.8153
21.8153
21.8153
21.8153
21.8153
21.8153
21.8153
21.8153
21.8153
21.8153
21.8153
21.8153
21.8153
21.8153
21.8153
21.8153
21.8153
21.8153
21.8153
21.8153
21.8153
21.8153
21.8153
21.8153
21.8153
21.8153
21.8153
21.8153
21.8153
21.8153
21.8153
21.8153
21.8153
21.8153
21.8153
21.8153
21.8153
21.8153
21.8153
21.8153
21.8153
21.8153
21.8153
21.8153
21.8153
21.8153
21.8153
21.8153
21.8153
21.8153
21.8153
21.8153
21.8153
21.8153
21.8153
21.8153
21.8153
21.8153
21.8153
21.8153
21.8153
21.8153
21.8153
21.8153
21.8153
21.8153
21.8153
21.8153
21.8153
21.8153
21.8153
21.8153
21.8153
21.8153
21.8153
21.8153
21.8153
21.8153
21.8153
21.8153
21.8153
21.8153
21.8153
21.8153
21.8153
21.8153
21.8153
21.8153
21.8153
21.8153
21.8153
21.8153
21.8153
21.8153
21.8153
21.8153
21.8153
21.8153
21.8153
21.8153
21.8153
21.8153
21.8153
21.8153
21.8153
21.8153
21.8153
21.8153
21.8153
21.8153
21.8153
21.8153
21.8153
21.8153
21.8153
21.8153
21.8153
21.8153
21.8153
21.8153
21.8153
21.8153
21.8153
21.8153
21.8153
21.8153
21.8153
21.8153
21.8153
21.8153
21.8153
21.8153
21.8153
21.8153
21.8153
21.8153
21.8153
21.8153
21.8153
21.8153
21.8153
21.8153
21.8153
21.8153
21.8153
21.8153
21.8153
21.8153
21.8153
21.8153
21.8153
21.8153
21.8153
21.8153
21.8153
21.8153
21.8153
21.8153
21.8153
21.8153
21.8153
21.8153
21.8153
21.8153
21.8153
21.8153
21.8153
21.8153
21.8153
21.8153
21.8153
21.8153
21.8153
21.8153
21.8153
21.8153
21.8153
21.8153
21.8153
21.8153
21.8153
21.8153
21.8153
21.8153
21.8153
21.8153
21.8153
21.8153
21.8153
21.8153
21.8153
21.8153
21.8153
21.8153
21.8153
21.8153
21.8153
21.8153
21.8153
21.8153
21.8153
21.8153
21.8153
21.8153
21.8153
21.8153
21.8153
21.8153
21.8153
21.8153
21.8153
21.8153
21.8153
21.8153
21.8153
21.8153
21.8153
21.8153
21.8153
21.8153
21.8153
21.8153
21.8153
21.8153
21.8153
21.8153
21.8153
21.8153
21.8153
21.8153
21.8153
21.8153
21.8153
21.8153
21.8153
21.8153
21.8153
21.8153
21.8153
21.8153
21.8153
21.8153
21.8153
21.8153
21.8153
21.8153
21.8153
21.8153
21.8153
21.8153
21.8153
21.8153
21.8153
21.8153
21.8153
21.8153
21.8153
21.8153
21.8153
21.8153
21.8153
21.8153
21.8153
21.8153
21.8153
21.8153
21.8153
21.8153
21.8153
21.8153
21.8153
21.8153
21.8153
21.8153
21.8153
21.8153
21.8153
21.8153
21.8153
21.8153
21.8153
21.8153
21.8153
21.8153
21.8153
21.8153
21.8153
21.8153
21.8153
21.8153
21.8153
21.8153
21.8153
21.8153
21.8153
21.8153
21.8153
21.8153
21.8153
21.8153
21.8153
21.8153
21.8153
21.8153
21.8153
21.8153
21.8153
21.8153
21.8153
21.8153
21.8153
21.8153
21.8153
21.8153
21.8153
21.8153
21.8153
21.8153
21.8153
21.8153
21.8153
21.8153
21.8153
21.8153
21.8153
21.8153
21.8153
21.8153
21.8153
21.8153
21.8153
21.8153
21.8153
21.8153
21.8153
21.8153
21.8153
21.8153
21.8153
21.8153
21.8153
21.8153
21.8153
21.8153
21.8153
21.8153
21.8153
21.8153
21.8153
21.8153
21.8153
21.8153
21.8153
21.8153
21.8153
21.8153
21.8153
21.8153
21.8153
21.8153
21.8153
21.8153
21.8153
21.8153
21.8153
21.8153
21.8153
21.8153
21.8153
21.8153
21.8153
21.8153
21.8153
21.8153
21.8153
21.8153
21.8153
21.8153
21.8153
21.8153
21.8153
21.8153
21.8153
21.8153
21.8153
21.8153
21.8153
21.8153
21.8153
21.8153
21.8153
21.8153
21.8153
21.8153
21.8153
21.8153
21.8153
21.8153
21.8153
21.8153
21.8153
21.8153
21.8153
21.8153
21.8153
21.8153
21.8153
21.8153
21.8153
21.8153
21.8153
21.8153
21.8153
21.8153
21.8153
21.8153
21.8153
21.8153
21.8153
21.8153
21.8153
21.8153
21.8153
21.8153
21.8153
21.8153
21.8153
21.8153
21.8153
21.8153
21.8153
21.8153
21.8153
21.8153
21.8153
21.8153
21.8153
21.8153
21.8153
21.8153
21.8153
21.8153
21.8153
21.8153
21.8153
21.8153
21.8153
21.8153
21.8153
21.8153
21.8153
21.8153
21.8153
21.8153
21.8153
21.8153
21.8153
21.8153
21.8153
21.8153
21.8153
21.8153
21.8153
21.8153
21.8153
21.8153
21.8153
21.8153
21.8153
21.8153
21.8153
21.8153
21.8153
21.8153
21.8153
21.8153
21.8153
21.8153
21.8153
21.8153
21.8153
21.8153
21.8153
21.8153
21.8153
21.8153
21.8153
21.8153
21.8153
21.8153
21.8153
21.8153
21.8153
21.8153
21.8153
21.8153
21.8153
21.8153
21.8153
21.8153
21.8153
21.8153
21.8153
21.8153
21.8153
21.8153
21.8153
21.8153
21.8153
21.8153
21.8153
21.8153
21.8153
21.8153
21.8153
21.8153
21.8153
21.8153
21.8153
21.8153
21.8153
21.8153
21.8153
21.8153
21.8153
21.8153
21.8153
21.8153
21.8153
21.8153
21.8153
21.8153
21.8153
21.8153
21.8153
21.8153
21.8153
21.8153
21.8153
21.8153
21.8153
21.8153
21.8153
21.8153
21.8153
21.8153
21.8153
21.8153
21.8153
21.8153
21.8153
21.8153
21.8153
21.8153
21.8153
21.8153
21.8153
21.8153
21.8153
21.8153
21.8153
21.8153
21.8153
21.8153
21.8153
21.8153
21.8153
21.8153
21.8153
21.8153
21.8153
21.8153
21.8153
21.8153
21.8153
21.8153
21.8153
21.8153
21.8153
21.8153
21.8153
21.8153
21.8153
21.8153
21.8153
21.8153
21.8153
21.8153
21.8153
21.8153
21.8153
21.8153
21.8153
21.8153
21.8153
21.8153
21.8153
21.8153
21.8153
21.8153
21.8153
21.8153
)
;
    }
    right
    {
        type            zeroGradient;
    }
    left
    {
        type            zeroGradient;
    }
}


// ************************************************************************* //
