/*--------------------------------*- C++ -*----------------------------------*\
  =========                 |
  \\      /  F ield         | OpenFOAM: The Open Source CFD Toolbox
   \\    /   O peration     | Website:  https://openfoam.org
    \\  /    A nd           | Version:  12
     \\/     M anipulation  |
\*---------------------------------------------------------------------------*/
/*   Windows 32 and 64 bit porting by blueCAPE: http://www.bluecape.com.pt   *\
|  Based on Windows porting (2.0.x v4) by Symscape: http://www.symscape.com   |
\*---------------------------------------------------------------------------*/
FoamFile
{
    format      ascii;
    class       volScalarField;
    location    "500";
    object      p;
}
// * * * * * * * * * * * * * * * * * * * * * * * * * * * * * * * * * * * * * //

dimensions      [0 2 -2 0 0 0 0];

internalField   nonuniform List<scalar> 
64000
(
-337.024
-1011.96
-1686.61
-2358.29
-3025.83
-3688.07
-4343.87
-4992.11
-5631.69
-6261.55
-6880.64
-7487.97
-8082.56
-8663.48
-9229.83
-9780.77
-10315.5
-10833.2
-11333.1
-11814.6
-12277.1
-12719.8
-13142.3
-13544
-13924.4
-14283
-14619.5
-14933.4
-15224.5
-15492.3
-15736.7
-15957.3
-16153.9
-16326.3
-16474.4
-16598.1
-16697.1
-16771.4
-16820.9
-16845.7
-337.026
-1011.97
-1686.61
-2358.29
-3025.83
-3688.07
-4343.87
-4992.11
-5631.69
-6261.55
-6880.64
-7487.97
-8082.56
-8663.48
-9229.83
-9780.77
-10315.5
-10833.2
-11333.1
-11814.6
-12277.1
-12719.8
-13142.3
-13544
-13924.4
-14283
-14619.5
-14933.4
-15224.5
-15492.3
-15736.7
-15957.3
-16153.9
-16326.3
-16474.4
-16598.1
-16697.1
-16771.4
-16820.9
-16845.7
-337.027
-1011.97
-1686.61
-2358.29
-3025.83
-3688.07
-4343.87
-4992.11
-5631.69
-6261.55
-6880.64
-7487.97
-8082.56
-8663.48
-9229.84
-9780.77
-10315.5
-10833.2
-11333.1
-11814.6
-12277.1
-12719.8
-13142.3
-13544
-13924.4
-14283
-14619.5
-14933.4
-15224.5
-15492.3
-15736.7
-15957.3
-16153.9
-16326.3
-16474.4
-16598.1
-16697.1
-16771.4
-16820.9
-16845.7
-337.027
-1011.97
-1686.61
-2358.29
-3025.83
-3688.07
-4343.87
-4992.11
-5631.69
-6261.55
-6880.64
-7487.97
-8082.56
-8663.48
-9229.84
-9780.77
-10315.5
-10833.2
-11333.1
-11814.6
-12277.1
-12719.8
-13142.3
-13544
-13924.4
-14283
-14619.5
-14933.5
-15224.5
-15492.3
-15736.7
-15957.3
-16153.9
-16326.3
-16474.4
-16598.1
-16697.1
-16771.4
-16820.9
-16845.7
-337.027
-1011.97
-1686.61
-2358.29
-3025.83
-3688.07
-4343.87
-4992.11
-5631.69
-6261.55
-6880.64
-7487.97
-8082.56
-8663.48
-9229.84
-9780.78
-10315.5
-10833.2
-11333.1
-11814.6
-12277.1
-12719.8
-13142.3
-13544
-13924.4
-14283
-14619.5
-14933.5
-15224.5
-15492.3
-15736.7
-15957.3
-16153.9
-16326.3
-16474.4
-16598.1
-16697.1
-16771.4
-16820.9
-16845.7
-337.028
-1011.97
-1686.61
-2358.29
-3025.83
-3688.07
-4343.87
-4992.11
-5631.69
-6261.55
-6880.65
-7487.97
-8082.56
-8663.49
-9229.84
-9780.78
-10315.5
-10833.2
-11333.1
-11814.6
-12277.1
-12719.8
-13142.3
-13544
-13924.4
-14283
-14619.5
-14933.5
-15224.5
-15492.3
-15736.7
-15957.3
-16153.9
-16326.3
-16474.4
-16598.1
-16697.1
-16771.4
-16820.9
-16845.7
-337.028
-1011.97
-1686.61
-2358.29
-3025.83
-3688.07
-4343.88
-4992.11
-5631.7
-6261.55
-6880.65
-7487.98
-8082.57
-8663.49
-9229.84
-9780.78
-10315.5
-10833.2
-11333.1
-11814.6
-12277.1
-12719.8
-13142.3
-13544
-13924.4
-14283
-14619.5
-14933.5
-15224.5
-15492.3
-15736.7
-15957.3
-16153.9
-16326.3
-16474.4
-16598.1
-16697.1
-16771.4
-16820.9
-16845.7
-337.028
-1011.97
-1686.62
-2358.29
-3025.83
-3688.08
-4343.88
-4992.12
-5631.7
-6261.56
-6880.65
-7487.98
-8082.57
-8663.49
-9229.85
-9780.78
-10315.5
-10833.2
-11333.1
-11814.7
-12277.1
-12719.8
-13142.3
-13544
-13924.4
-14283
-14619.5
-14933.5
-15224.5
-15492.4
-15736.7
-15957.3
-16153.9
-16326.4
-16474.5
-16598.1
-16697.1
-16771.4
-16820.9
-16845.7
-337.028
-1011.97
-1686.62
-2358.3
-3025.84
-3688.08
-4343.88
-4992.12
-5631.7
-6261.56
-6880.65
-7487.98
-8082.57
-8663.49
-9229.85
-9780.79
-10315.5
-10833.2
-11333.1
-11814.7
-12277.1
-12719.8
-13142.3
-13544
-13924.4
-14283
-14619.5
-14933.5
-15224.5
-15492.4
-15736.7
-15957.3
-16153.9
-16326.4
-16474.5
-16598.1
-16697.1
-16771.4
-16820.9
-16845.7
-337.028
-1011.97
-1686.62
-2358.3
-3025.84
-3688.08
-4343.88
-4992.12
-5631.7
-6261.56
-6880.66
-7487.99
-8082.58
-8663.5
-9229.86
-9780.79
-10315.5
-10833.2
-11333.1
-11814.7
-12277.1
-12719.8
-13142.3
-13544
-13924.4
-14283
-14619.5
-14933.5
-15224.5
-15492.4
-15736.7
-15957.3
-16153.9
-16326.4
-16474.5
-16598.1
-16697.1
-16771.4
-16820.9
-16845.7
-337.028
-1011.97
-1686.62
-2358.3
-3025.84
-3688.08
-4343.88
-4992.12
-5631.71
-6261.57
-6880.66
-7487.99
-8082.58
-8663.5
-9229.86
-9780.8
-10315.5
-10833.2
-11333.1
-11814.7
-12277.1
-12719.8
-13142.3
-13544
-13924.4
-14283.1
-14619.5
-14933.5
-15224.5
-15492.4
-15736.7
-15957.3
-16153.9
-16326.4
-16474.5
-16598.1
-16697.1
-16771.4
-16821
-16845.7
-337.029
-1011.97
-1686.62
-2358.3
-3025.84
-3688.08
-4343.89
-4992.13
-5631.71
-6261.57
-6880.66
-7487.99
-8082.59
-8663.51
-9229.87
-9780.8
-10315.5
-10833.2
-11333.2
-11814.7
-12277.1
-12719.9
-13142.3
-13544
-13924.4
-14283.1
-14619.5
-14933.5
-15224.5
-15492.4
-15736.7
-15957.3
-16153.9
-16326.4
-16474.5
-16598.1
-16697.1
-16771.4
-16821
-16845.7
-337.029
-1011.97
-1686.62
-2358.3
-3025.84
-3688.09
-4343.89
-4992.13
-5631.71
-6261.57
-6880.67
-7488
-8082.59
-8663.51
-9229.87
-9780.81
-10315.5
-10833.2
-11333.2
-11814.7
-12277.1
-12719.9
-13142.3
-13544
-13924.4
-14283.1
-14619.6
-14933.5
-15224.5
-15492.4
-15736.7
-15957.3
-16153.9
-16326.4
-16474.5
-16598.1
-16697.1
-16771.4
-16821
-16845.8
-337.029
-1011.97
-1686.62
-2358.3
-3025.84
-3688.09
-4343.89
-4992.13
-5631.72
-6261.58
-6880.67
-7488
-8082.59
-8663.52
-9229.88
-9780.81
-10315.5
-10833.2
-11333.2
-11814.7
-12277.1
-12719.9
-13142.3
-13544
-13924.4
-14283.1
-14619.6
-14933.5
-15224.6
-15492.4
-15736.7
-15957.3
-16153.9
-16326.4
-16474.5
-16598.1
-16697.1
-16771.4
-16821
-16845.8
-337.029
-1011.97
-1686.62
-2358.3
-3025.85
-3688.09
-4343.89
-4992.13
-5631.72
-6261.58
-6880.68
-7488.01
-8082.6
-8663.52
-9229.88
-9780.82
-10315.5
-10833.2
-11333.2
-11814.7
-12277.1
-12719.9
-13142.4
-13544
-13924.4
-14283.1
-14619.6
-14933.5
-15224.6
-15492.4
-15736.7
-15957.3
-16154
-16326.4
-16474.5
-16598.1
-16697.1
-16771.4
-16821
-16845.8
-337.029
-1011.97
-1686.62
-2358.31
-3025.85
-3688.09
-4343.9
-4992.14
-5631.72
-6261.58
-6880.68
-7488.01
-8082.6
-8663.53
-9229.89
-9780.83
-10315.5
-10833.2
-11333.2
-11814.7
-12277.1
-12719.9
-13142.4
-13544
-13924.4
-14283.1
-14619.6
-14933.5
-15224.6
-15492.4
-15736.8
-15957.3
-16154
-16326.4
-16474.5
-16598.1
-16697.1
-16771.5
-16821
-16845.8
-337.03
-1011.97
-1686.62
-2358.31
-3025.85
-3688.09
-4343.9
-4992.14
-5631.73
-6261.59
-6880.68
-7488.02
-8082.61
-8663.53
-9229.89
-9780.83
-10315.5
-10833.2
-11333.2
-11814.7
-12277.1
-12719.9
-13142.4
-13544
-13924.4
-14283.1
-14619.6
-14933.5
-15224.6
-15492.4
-15736.8
-15957.4
-16154
-16326.4
-16474.5
-16598.1
-16697.2
-16771.5
-16821
-16845.8
-337.03
-1011.98
-1686.62
-2358.31
-3025.85
-3688.1
-4343.9
-4992.14
-5631.73
-6261.59
-6880.69
-7488.02
-8082.61
-8663.54
-9229.9
-9780.84
-10315.5
-10833.2
-11333.2
-11814.7
-12277.2
-12719.9
-13142.4
-13544.1
-13924.5
-14283.1
-14619.6
-14933.5
-15224.6
-15492.4
-15736.8
-15957.4
-16154
-16326.4
-16474.5
-16598.1
-16697.2
-16771.5
-16821
-16845.8
-337.03
-1011.98
-1686.63
-2358.31
-3025.85
-3688.1
-4343.9
-4992.15
-5631.73
-6261.59
-6880.69
-7488.02
-8082.62
-8663.54
-9229.9
-9780.84
-10315.5
-10833.2
-11333.2
-11814.7
-12277.2
-12719.9
-13142.4
-13544.1
-13924.5
-14283.1
-14619.6
-14933.5
-15224.6
-15492.4
-15736.8
-15957.4
-16154
-16326.4
-16474.5
-16598.2
-16697.2
-16771.5
-16821
-16845.8
-337.03
-1011.98
-1686.63
-2358.31
-3025.86
-3688.1
-4343.91
-4992.15
-5631.74
-6261.6
-6880.7
-7488.03
-8082.62
-8663.55
-9229.91
-9780.85
-10315.6
-10833.2
-11333.2
-11814.7
-12277.2
-12719.9
-13142.4
-13544.1
-13924.5
-14283.1
-14619.6
-14933.6
-15224.6
-15492.4
-15736.8
-15957.4
-16154
-16326.4
-16474.5
-16598.2
-16697.2
-16771.5
-16821
-16845.8
-337.03
-1011.98
-1686.63
-2358.31
-3025.86
-3688.1
-4343.91
-4992.15
-5631.74
-6261.6
-6880.7
-7488.03
-8082.63
-8663.55
-9229.91
-9780.85
-10315.6
-10833.3
-11333.2
-11814.7
-12277.2
-12719.9
-13142.4
-13544.1
-13924.5
-14283.1
-14619.6
-14933.6
-15224.6
-15492.5
-15736.8
-15957.4
-16154
-16326.5
-16474.6
-16598.2
-16697.2
-16771.5
-16821
-16845.8
-337.03
-1011.98
-1686.63
-2358.31
-3025.86
-3688.1
-4343.91
-4992.15
-5631.74
-6261.6
-6880.7
-7488.04
-8082.63
-8663.56
-9229.92
-9780.86
-10315.6
-10833.3
-11333.2
-11814.7
-12277.2
-12719.9
-13142.4
-13544.1
-13924.5
-14283.1
-14619.6
-14933.6
-15224.6
-15492.5
-15736.8
-15957.4
-16154
-16326.5
-16474.6
-16598.2
-16697.2
-16771.5
-16821.1
-16845.8
-337.031
-1011.98
-1686.63
-2358.31
-3025.86
-3688.11
-4343.91
-4992.16
-5631.74
-6261.61
-6880.71
-7488.04
-8082.63
-8663.56
-9229.92
-9780.86
-10315.6
-10833.3
-11333.2
-11814.7
-12277.2
-12719.9
-13142.4
-13544.1
-13924.5
-14283.1
-14619.6
-14933.6
-15224.6
-15492.5
-15736.8
-15957.4
-16154
-16326.5
-16474.6
-16598.2
-16697.2
-16771.5
-16821.1
-16845.8
-337.031
-1011.98
-1686.63
-2358.31
-3025.86
-3688.11
-4343.91
-4992.16
-5631.75
-6261.61
-6880.71
-7488.04
-8082.64
-8663.56
-9229.92
-9780.87
-10315.6
-10833.3
-11333.2
-11814.7
-12277.2
-12719.9
-13142.4
-13544.1
-13924.5
-14283.1
-14619.6
-14933.6
-15224.6
-15492.5
-15736.8
-15957.4
-16154
-16326.5
-16474.6
-16598.2
-16697.2
-16771.5
-16821.1
-16845.9
-337.031
-1011.98
-1686.63
-2358.32
-3025.86
-3688.11
-4343.91
-4992.16
-5631.75
-6261.61
-6880.71
-7488.04
-8082.64
-8663.57
-9229.93
-9780.87
-10315.6
-10833.3
-11333.2
-11814.8
-12277.2
-12719.9
-13142.4
-13544.1
-13924.5
-14283.2
-14619.6
-14933.6
-15224.6
-15492.5
-15736.8
-15957.4
-16154
-16326.5
-16474.6
-16598.2
-16697.2
-16771.5
-16821.1
-16845.9
-337.031
-1011.98
-1686.63
-2358.32
-3025.86
-3688.11
-4343.92
-4992.16
-5631.75
-6261.61
-6880.71
-7488.05
-8082.64
-8663.57
-9229.93
-9780.87
-10315.6
-10833.3
-11333.2
-11814.8
-12277.2
-12719.9
-13142.4
-13544.1
-13924.5
-14283.2
-14619.7
-14933.6
-15224.6
-15492.5
-15736.8
-15957.4
-16154
-16326.5
-16474.6
-16598.2
-16697.2
-16771.5
-16821.1
-16845.9
-337.031
-1011.98
-1686.63
-2358.32
-3025.86
-3688.11
-4343.92
-4992.16
-5631.75
-6261.61
-6880.72
-7488.05
-8082.65
-8663.57
-9229.93
-9780.88
-10315.6
-10833.3
-11333.2
-11814.8
-12277.2
-12719.9
-13142.4
-13544.1
-13924.5
-14283.2
-14619.7
-14933.6
-15224.7
-15492.5
-15736.8
-15957.4
-16154.1
-16326.5
-16474.6
-16598.2
-16697.2
-16771.5
-16821.1
-16845.9
-337.031
-1011.98
-1686.63
-2358.32
-3025.86
-3688.11
-4343.92
-4992.16
-5631.75
-6261.62
-6880.72
-7488.05
-8082.65
-8663.57
-9229.94
-9780.88
-10315.6
-10833.3
-11333.2
-11814.8
-12277.2
-12720
-13142.4
-13544.1
-13924.5
-14283.2
-14619.7
-14933.6
-15224.7
-15492.5
-15736.8
-15957.4
-16154.1
-16326.5
-16474.6
-16598.2
-16697.2
-16771.5
-16821.1
-16845.9
-337.031
-1011.98
-1686.63
-2358.32
-3025.86
-3688.11
-4343.92
-4992.16
-5631.75
-6261.62
-6880.72
-7488.05
-8082.65
-8663.58
-9229.94
-9780.88
-10315.6
-10833.3
-11333.2
-11814.8
-12277.2
-12720
-13142.4
-13544.1
-13924.5
-14283.2
-14619.7
-14933.6
-15224.7
-15492.5
-15736.8
-15957.4
-16154.1
-16326.5
-16474.6
-16598.2
-16697.2
-16771.6
-16821.1
-16845.9
-337.031
-1011.98
-1686.63
-2358.32
-3025.86
-3688.11
-4343.92
-4992.17
-5631.75
-6261.62
-6880.72
-7488.05
-8082.65
-8663.58
-9229.94
-9780.88
-10315.6
-10833.3
-11333.2
-11814.8
-12277.2
-12720
-13142.4
-13544.1
-13924.5
-14283.2
-14619.7
-14933.6
-15224.7
-15492.5
-15736.9
-15957.4
-16154.1
-16326.5
-16474.6
-16598.2
-16697.2
-16771.6
-16821.1
-16845.9
-337.031
-1011.98
-1686.63
-2358.32
-3025.86
-3688.11
-4343.92
-4992.17
-5631.75
-6261.62
-6880.72
-7488.05
-8082.65
-8663.58
-9229.94
-9780.88
-10315.6
-10833.3
-11333.2
-11814.8
-12277.2
-12720
-13142.4
-13544.1
-13924.5
-14283.2
-14619.7
-14933.6
-15224.7
-15492.5
-15736.9
-15957.5
-16154.1
-16326.5
-16474.6
-16598.2
-16697.2
-16771.6
-16821.1
-16845.9
-337.031
-1011.98
-1686.63
-2358.32
-3025.86
-3688.11
-4343.92
-4992.17
-5631.75
-6261.62
-6880.72
-7488.05
-8082.65
-8663.58
-9229.94
-9780.89
-10315.6
-10833.3
-11333.3
-11814.8
-12277.2
-12720
-13142.4
-13544.1
-13924.5
-14283.2
-14619.7
-14933.6
-15224.7
-15492.5
-15736.9
-15957.5
-16154.1
-16326.5
-16474.6
-16598.2
-16697.3
-16771.6
-16821.1
-16845.9
-337.031
-1011.98
-1686.63
-2358.32
-3025.86
-3688.11
-4343.92
-4992.17
-5631.75
-6261.62
-6880.72
-7488.05
-8082.65
-8663.58
-9229.94
-9780.89
-10315.6
-10833.3
-11333.3
-11814.8
-12277.2
-12720
-13142.4
-13544.1
-13924.5
-14283.2
-14619.7
-14933.6
-15224.7
-15492.5
-15736.9
-15957.5
-16154.1
-16326.5
-16474.6
-16598.2
-16697.3
-16771.6
-16821.1
-16845.9
-337.031
-1011.98
-1686.63
-2358.32
-3025.86
-3688.11
-4343.92
-4992.17
-5631.75
-6261.62
-6880.72
-7488.05
-8082.65
-8663.58
-9229.94
-9780.89
-10315.6
-10833.3
-11333.3
-11814.8
-12277.2
-12720
-13142.4
-13544.1
-13924.5
-14283.2
-14619.7
-14933.6
-15224.7
-15492.5
-15736.9
-15957.5
-16154.1
-16326.5
-16474.6
-16598.2
-16697.3
-16771.6
-16821.1
-16845.9
-337.031
-1011.98
-1686.63
-2358.32
-3025.86
-3688.11
-4343.92
-4992.17
-5631.75
-6261.62
-6880.72
-7488.06
-8082.65
-8663.58
-9229.94
-9780.89
-10315.6
-10833.3
-11333.3
-11814.8
-12277.2
-12720
-13142.4
-13544.1
-13924.5
-14283.2
-14619.7
-14933.6
-15224.7
-15492.5
-15736.9
-15957.5
-16154.1
-16326.5
-16474.6
-16598.2
-16697.3
-16771.6
-16821.1
-16845.9
-337.031
-1011.98
-1686.63
-2358.32
-3025.86
-3688.11
-4343.92
-4992.17
-5631.75
-6261.62
-6880.72
-7488.06
-8082.65
-8663.58
-9229.94
-9780.89
-10315.6
-10833.3
-11333.3
-11814.8
-12277.2
-12720
-13142.5
-13544.1
-13924.5
-14283.2
-14619.7
-14933.6
-15224.7
-15492.5
-15736.9
-15957.5
-16154.1
-16326.5
-16474.6
-16598.2
-16697.3
-16771.6
-16821.1
-16845.9
-337.031
-1011.98
-1686.63
-2358.32
-3025.86
-3688.11
-4343.92
-4992.17
-5631.75
-6261.62
-6880.72
-7488.06
-8082.65
-8663.58
-9229.94
-9780.89
-10315.6
-10833.3
-11333.3
-11814.8
-12277.2
-12720
-13142.5
-13544.1
-13924.5
-14283.2
-14619.7
-14933.6
-15224.7
-15492.5
-15736.9
-15957.5
-16154.1
-16326.5
-16474.6
-16598.2
-16697.3
-16771.6
-16821.1
-16845.9
-337.031
-1011.98
-1686.63
-2358.32
-3025.86
-3688.11
-4343.92
-4992.16
-5631.75
-6261.62
-6880.72
-7488.05
-8082.65
-8663.58
-9229.94
-9780.89
-10315.6
-10833.3
-11333.3
-11814.8
-12277.2
-12720
-13142.5
-13544.1
-13924.5
-14283.2
-14619.7
-14933.6
-15224.7
-15492.5
-15736.9
-15957.5
-16154.1
-16326.5
-16474.6
-16598.2
-16697.3
-16771.6
-16821.1
-16845.9
-337.03
-1011.98
-1686.63
-2358.32
-3025.86
-3688.11
-4343.92
-4992.16
-5631.75
-6261.62
-6880.72
-7488.05
-8082.65
-8663.58
-9229.94
-9780.89
-10315.6
-10833.3
-11333.3
-11814.8
-12277.2
-12720
-13142.5
-13544.1
-13924.5
-14283.2
-14619.7
-14933.6
-15224.7
-15492.5
-15736.9
-15957.5
-16154.1
-16326.5
-16474.6
-16598.2
-16697.3
-16771.6
-16821.1
-16845.9
-337.028
-1011.97
-1686.63
-2358.32
-3025.86
-3688.11
-4343.92
-4992.16
-5631.75
-6261.62
-6880.72
-7488.05
-8082.65
-8663.58
-9229.94
-9780.89
-10315.6
-10833.3
-11333.3
-11814.8
-12277.2
-12720
-13142.5
-13544.1
-13924.5
-14283.2
-14619.7
-14933.6
-15224.7
-15492.5
-15736.9
-15957.5
-16154.1
-16326.5
-16474.6
-16598.3
-16697.3
-16771.6
-16821.1
-16845.9
-337.621
-1013.75
-1689.58
-2362.44
-3031.14
-3694.52
-4351.45
-5000.78
-5641.44
-6272.33
-6892.43
-7500.73
-8096.26
-8678.07
-9245.29
-9797.04
-10332.5
-10850.9
-11351.6
-11833.8
-12296.8
-12740.1
-13163.1
-13565.3
-13946.2
-14305.2
-14642.1
-14956.4
-15247.8
-15515.9
-15760.5
-15981.3
-16178.1
-16350.7
-16499
-16622.7
-16721.8
-16796.2
-16845.8
-16870.6
-337.623
-1013.75
-1689.58
-2362.44
-3031.14
-3694.52
-4351.45
-5000.78
-5641.44
-6272.33
-6892.43
-7500.73
-8096.26
-8678.07
-9245.29
-9797.04
-10332.5
-10850.9
-11351.6
-11833.8
-12296.8
-12740.1
-13163.1
-13565.3
-13946.2
-14305.2
-14642.1
-14956.4
-15247.8
-15515.9
-15760.5
-15981.3
-16178.1
-16350.7
-16499
-16622.7
-16721.8
-16796.2
-16845.8
-16870.6
-337.624
-1013.75
-1689.58
-2362.44
-3031.14
-3694.53
-4351.45
-5000.78
-5641.44
-6272.33
-6892.43
-7500.73
-8096.26
-8678.07
-9245.29
-9797.04
-10332.5
-10850.9
-11351.6
-11833.8
-12296.8
-12740.1
-13163.1
-13565.3
-13946.2
-14305.2
-14642.1
-14956.4
-15247.8
-15515.9
-15760.5
-15981.3
-16178.1
-16350.7
-16499
-16622.7
-16721.8
-16796.2
-16845.8
-16870.6
-337.624
-1013.76
-1689.58
-2362.44
-3031.14
-3694.53
-4351.45
-5000.79
-5641.44
-6272.33
-6892.44
-7500.73
-8096.26
-8678.08
-9245.29
-9797.04
-10332.5
-10850.9
-11351.6
-11833.8
-12296.8
-12740.1
-13163.1
-13565.3
-13946.2
-14305.2
-14642.1
-14956.4
-15247.8
-15515.9
-15760.5
-15981.3
-16178.1
-16350.7
-16499
-16622.7
-16721.8
-16796.2
-16845.8
-16870.6
-337.624
-1013.76
-1689.59
-2362.44
-3031.14
-3694.53
-4351.45
-5000.79
-5641.44
-6272.34
-6892.44
-7500.74
-8096.26
-8678.08
-9245.29
-9797.04
-10332.5
-10850.9
-11351.6
-11833.8
-12296.8
-12740.1
-13163.1
-13565.3
-13946.2
-14305.2
-14642.1
-14956.4
-15247.8
-15515.9
-15760.5
-15981.3
-16178.1
-16350.7
-16499
-16622.7
-16721.8
-16796.2
-16845.8
-16870.6
-337.624
-1013.76
-1689.59
-2362.44
-3031.14
-3694.53
-4351.45
-5000.79
-5641.44
-6272.34
-6892.44
-7500.74
-8096.26
-8678.08
-9245.29
-9797.05
-10332.5
-10851
-11351.6
-11833.8
-12296.8
-12740.1
-13163.1
-13565.3
-13946.2
-14305.2
-14642.1
-14956.4
-15247.8
-15515.9
-15760.5
-15981.3
-16178.1
-16350.7
-16499
-16622.7
-16721.8
-16796.2
-16845.8
-16870.6
-337.624
-1013.76
-1689.59
-2362.44
-3031.14
-3694.53
-4351.45
-5000.79
-5641.44
-6272.34
-6892.44
-7500.74
-8096.27
-8678.08
-9245.3
-9797.05
-10332.5
-10851
-11351.6
-11833.8
-12296.8
-12740.1
-13163.1
-13565.3
-13946.2
-14305.2
-14642.1
-14956.4
-15247.8
-15515.9
-15760.5
-15981.3
-16178.1
-16350.7
-16499
-16622.7
-16721.8
-16796.2
-16845.8
-16870.6
-337.625
-1013.76
-1689.59
-2362.44
-3031.14
-3694.53
-4351.45
-5000.79
-5641.44
-6272.34
-6892.44
-7500.74
-8096.27
-8678.09
-9245.3
-9797.05
-10332.5
-10851
-11351.6
-11833.8
-12296.8
-12740.1
-13163.1
-13565.3
-13946.2
-14305.2
-14642.1
-14956.4
-15247.8
-15515.9
-15760.5
-15981.3
-16178.1
-16350.7
-16499
-16622.7
-16721.8
-16796.2
-16845.8
-16870.6
-337.625
-1013.76
-1689.59
-2362.44
-3031.15
-3694.53
-4351.46
-5000.79
-5641.45
-6272.34
-6892.45
-7500.75
-8096.27
-8678.09
-9245.3
-9797.06
-10332.5
-10851
-11351.6
-11833.8
-12296.8
-12740.1
-13163.2
-13565.3
-13946.2
-14305.2
-14642.1
-14956.4
-15247.8
-15515.9
-15760.5
-15981.3
-16178.1
-16350.8
-16499
-16622.7
-16721.8
-16796.2
-16845.8
-16870.6
-337.625
-1013.76
-1689.59
-2362.45
-3031.15
-3694.53
-4351.46
-5000.8
-5641.45
-6272.35
-6892.45
-7500.75
-8096.28
-8678.09
-9245.31
-9797.06
-10332.5
-10851
-11351.6
-11833.8
-12296.8
-12740.1
-13163.2
-13565.3
-13946.2
-14305.3
-14642.1
-14956.4
-15247.8
-15515.9
-15760.5
-15981.3
-16178.1
-16350.8
-16499
-16622.7
-16721.8
-16796.2
-16845.8
-16870.6
-337.625
-1013.76
-1689.59
-2362.45
-3031.15
-3694.54
-4351.46
-5000.8
-5641.45
-6272.35
-6892.45
-7500.75
-8096.28
-8678.1
-9245.31
-9797.07
-10332.5
-10851
-11351.6
-11833.8
-12296.8
-12740.2
-13163.2
-13565.3
-13946.2
-14305.3
-14642.1
-14956.4
-15247.8
-15515.9
-15760.5
-15981.3
-16178.2
-16350.8
-16499
-16622.7
-16721.9
-16796.2
-16845.8
-16870.6
-337.625
-1013.76
-1689.59
-2362.45
-3031.15
-3694.54
-4351.46
-5000.8
-5641.46
-6272.35
-6892.46
-7500.76
-8096.29
-8678.1
-9245.32
-9797.07
-10332.6
-10851
-11351.6
-11833.8
-12296.8
-12740.2
-13163.2
-13565.3
-13946.2
-14305.3
-14642.1
-14956.4
-15247.8
-15515.9
-15760.5
-15981.3
-16178.2
-16350.8
-16499
-16622.8
-16721.9
-16796.2
-16845.8
-16870.6
-337.626
-1013.76
-1689.59
-2362.45
-3031.15
-3694.54
-4351.47
-5000.8
-5641.46
-6272.36
-6892.46
-7500.76
-8096.29
-8678.11
-9245.32
-9797.08
-10332.6
-10851
-11351.6
-11833.8
-12296.9
-12740.2
-13163.2
-13565.4
-13946.2
-14305.3
-14642.1
-14956.4
-15247.8
-15515.9
-15760.5
-15981.4
-16178.2
-16350.8
-16499
-16622.8
-16721.9
-16796.3
-16845.8
-16870.7
-337.626
-1013.76
-1689.59
-2362.45
-3031.15
-3694.54
-4351.47
-5000.81
-5641.46
-6272.36
-6892.47
-7500.77
-8096.29
-8678.11
-9245.33
-9797.08
-10332.6
-10851
-11351.6
-11833.8
-12296.9
-12740.2
-13163.2
-13565.4
-13946.2
-14305.3
-14642.2
-14956.5
-15247.8
-15515.9
-15760.5
-15981.4
-16178.2
-16350.8
-16499
-16622.8
-16721.9
-16796.3
-16845.9
-16870.7
-337.626
-1013.76
-1689.59
-2362.45
-3031.16
-3694.54
-4351.47
-5000.81
-5641.47
-6272.37
-6892.47
-7500.77
-8096.3
-8678.12
-9245.33
-9797.09
-10332.6
-10851
-11351.6
-11833.8
-12296.9
-12740.2
-13163.2
-13565.4
-13946.2
-14305.3
-14642.2
-14956.5
-15247.8
-15516
-15760.5
-15981.4
-16178.2
-16350.8
-16499
-16622.8
-16721.9
-16796.3
-16845.9
-16870.7
-337.626
-1013.76
-1689.6
-2362.45
-3031.16
-3694.55
-4351.47
-5000.81
-5641.47
-6272.37
-6892.47
-7500.78
-8096.3
-8678.12
-9245.34
-9797.09
-10332.6
-10851
-11351.7
-11833.8
-12296.9
-12740.2
-13163.2
-13565.4
-13946.2
-14305.3
-14642.2
-14956.5
-15247.8
-15516
-15760.6
-15981.4
-16178.2
-16350.8
-16499.1
-16622.8
-16721.9
-16796.3
-16845.9
-16870.7
-337.626
-1013.76
-1689.6
-2362.45
-3031.16
-3694.55
-4351.48
-5000.82
-5641.47
-6272.37
-6892.48
-7500.78
-8096.31
-8678.13
-9245.34
-9797.1
-10332.6
-10851
-11351.7
-11833.8
-12296.9
-12740.2
-13163.2
-13565.4
-13946.2
-14305.3
-14642.2
-14956.5
-15247.8
-15516
-15760.6
-15981.4
-16178.2
-16350.8
-16499.1
-16622.8
-16721.9
-16796.3
-16845.9
-16870.7
-337.627
-1013.76
-1689.6
-2362.46
-3031.16
-3694.55
-4351.48
-5000.82
-5641.48
-6272.38
-6892.48
-7500.78
-8096.31
-8678.13
-9245.35
-9797.11
-10332.6
-10851
-11351.7
-11833.8
-12296.9
-12740.2
-13163.2
-13565.4
-13946.2
-14305.3
-14642.2
-14956.5
-15247.9
-15516
-15760.6
-15981.4
-16178.2
-16350.8
-16499.1
-16622.8
-16721.9
-16796.3
-16845.9
-16870.7
-337.627
-1013.76
-1689.6
-2362.46
-3031.16
-3694.55
-4351.48
-5000.82
-5641.48
-6272.38
-6892.49
-7500.79
-8096.32
-8678.14
-9245.36
-9797.11
-10332.6
-10851
-11351.7
-11833.8
-12296.9
-12740.2
-13163.2
-13565.4
-13946.2
-14305.3
-14642.2
-14956.5
-15247.9
-15516
-15760.6
-15981.4
-16178.2
-16350.8
-16499.1
-16622.8
-16721.9
-16796.3
-16845.9
-16870.7
-337.627
-1013.76
-1689.6
-2362.46
-3031.17
-3694.56
-4351.48
-5000.82
-5641.48
-6272.38
-6892.49
-7500.79
-8096.32
-8678.14
-9245.36
-9797.12
-10332.6
-10851
-11351.7
-11833.9
-12296.9
-12740.2
-13163.2
-13565.4
-13946.3
-14305.3
-14642.2
-14956.5
-15247.9
-15516
-15760.6
-15981.4
-16178.2
-16350.8
-16499.1
-16622.8
-16721.9
-16796.3
-16845.9
-16870.7
-337.627
-1013.76
-1689.6
-2362.46
-3031.17
-3694.56
-4351.49
-5000.83
-5641.48
-6272.39
-6892.49
-7500.8
-8096.33
-8678.15
-9245.36
-9797.12
-10332.6
-10851
-11351.7
-11833.9
-12296.9
-12740.2
-13163.2
-13565.4
-13946.3
-14305.3
-14642.2
-14956.5
-15247.9
-15516
-15760.6
-15981.4
-16178.2
-16350.9
-16499.1
-16622.8
-16721.9
-16796.3
-16845.9
-16870.7
-337.627
-1013.76
-1689.6
-2362.46
-3031.17
-3694.56
-4351.49
-5000.83
-5641.49
-6272.39
-6892.5
-7500.8
-8096.33
-8678.15
-9245.37
-9797.13
-10332.6
-10851
-11351.7
-11833.9
-12296.9
-12740.2
-13163.2
-13565.4
-13946.3
-14305.3
-14642.2
-14956.5
-15247.9
-15516
-15760.6
-15981.4
-16178.2
-16350.9
-16499.1
-16622.8
-16721.9
-16796.3
-16845.9
-16870.7
-337.627
-1013.77
-1689.6
-2362.46
-3031.17
-3694.56
-4351.49
-5000.83
-5641.49
-6272.39
-6892.5
-7500.8
-8096.33
-8678.16
-9245.37
-9797.13
-10332.6
-10851
-11351.7
-11833.9
-12296.9
-12740.2
-13163.2
-13565.4
-13946.3
-14305.4
-14642.2
-14956.5
-15247.9
-15516
-15760.6
-15981.4
-16178.3
-16350.9
-16499.1
-16622.9
-16722
-16796.3
-16845.9
-16870.7
-337.627
-1013.77
-1689.6
-2362.46
-3031.17
-3694.56
-4351.49
-5000.83
-5641.49
-6272.39
-6892.5
-7500.81
-8096.34
-8678.16
-9245.38
-9797.14
-10332.6
-10851
-11351.7
-11833.9
-12296.9
-12740.2
-13163.3
-13565.4
-13946.3
-14305.4
-14642.2
-14956.5
-15247.9
-15516
-15760.6
-15981.4
-16178.3
-16350.9
-16499.1
-16622.9
-16722
-16796.3
-16845.9
-16870.7
-337.628
-1013.77
-1689.6
-2362.46
-3031.17
-3694.56
-4351.49
-5000.84
-5641.49
-6272.4
-6892.5
-7500.81
-8096.34
-8678.16
-9245.38
-9797.14
-10332.6
-10851.1
-11351.7
-11833.9
-12296.9
-12740.2
-13163.3
-13565.4
-13946.3
-14305.4
-14642.2
-14956.5
-15247.9
-15516
-15760.6
-15981.4
-16178.3
-16350.9
-16499.1
-16622.9
-16722
-16796.4
-16845.9
-16870.8
-337.628
-1013.77
-1689.6
-2362.46
-3031.17
-3694.56
-4351.49
-5000.84
-5641.5
-6272.4
-6892.51
-7500.81
-8096.34
-8678.17
-9245.38
-9797.14
-10332.6
-10851.1
-11351.7
-11833.9
-12296.9
-12740.3
-13163.3
-13565.4
-13946.3
-14305.4
-14642.2
-14956.5
-15247.9
-15516
-15760.6
-15981.5
-16178.3
-16350.9
-16499.1
-16622.9
-16722
-16796.4
-16846
-16870.8
-337.628
-1013.77
-1689.6
-2362.46
-3031.17
-3694.56
-4351.49
-5000.84
-5641.5
-6272.4
-6892.51
-7500.81
-8096.34
-8678.17
-9245.39
-9797.15
-10332.6
-10851.1
-11351.7
-11833.9
-12296.9
-12740.3
-13163.3
-13565.4
-13946.3
-14305.4
-14642.3
-14956.5
-15247.9
-15516
-15760.6
-15981.5
-16178.3
-16350.9
-16499.1
-16622.9
-16722
-16796.4
-16846
-16870.8
-337.628
-1013.77
-1689.6
-2362.47
-3031.17
-3694.57
-4351.5
-5000.84
-5641.5
-6272.4
-6892.51
-7500.81
-8096.35
-8678.17
-9245.39
-9797.15
-10332.6
-10851.1
-11351.7
-11833.9
-12296.9
-12740.3
-13163.3
-13565.5
-13946.3
-14305.4
-14642.3
-14956.6
-15247.9
-15516
-15760.6
-15981.5
-16178.3
-16350.9
-16499.1
-16622.9
-16722
-16796.4
-16846
-16870.8
-337.628
-1013.77
-1689.6
-2362.47
-3031.17
-3694.57
-4351.5
-5000.84
-5641.5
-6272.4
-6892.51
-7500.82
-8096.35
-8678.17
-9245.39
-9797.15
-10332.6
-10851.1
-11351.7
-11833.9
-12296.9
-12740.3
-13163.3
-13565.5
-13946.3
-14305.4
-14642.3
-14956.6
-15247.9
-15516.1
-15760.7
-15981.5
-16178.3
-16350.9
-16499.2
-16622.9
-16722
-16796.4
-16846
-16870.8
-337.628
-1013.77
-1689.6
-2362.47
-3031.17
-3694.57
-4351.5
-5000.84
-5641.5
-6272.4
-6892.51
-7500.82
-8096.35
-8678.17
-9245.39
-9797.15
-10332.6
-10851.1
-11351.7
-11833.9
-12296.9
-12740.3
-13163.3
-13565.5
-13946.3
-14305.4
-14642.3
-14956.6
-15247.9
-15516.1
-15760.7
-15981.5
-16178.3
-16350.9
-16499.2
-16622.9
-16722
-16796.4
-16846
-16870.8
-337.628
-1013.77
-1689.6
-2362.47
-3031.17
-3694.57
-4351.5
-5000.84
-5641.5
-6272.4
-6892.51
-7500.82
-8096.35
-8678.17
-9245.39
-9797.15
-10332.6
-10851.1
-11351.7
-11833.9
-12297
-12740.3
-13163.3
-13565.5
-13946.3
-14305.4
-14642.3
-14956.6
-15247.9
-15516.1
-15760.7
-15981.5
-16178.3
-16350.9
-16499.2
-16622.9
-16722
-16796.4
-16846
-16870.8
-337.628
-1013.77
-1689.6
-2362.47
-3031.17
-3694.57
-4351.5
-5000.84
-5641.5
-6272.4
-6892.51
-7500.82
-8096.35
-8678.17
-9245.39
-9797.15
-10332.6
-10851.1
-11351.7
-11833.9
-12297
-12740.3
-13163.3
-13565.5
-13946.3
-14305.4
-14642.3
-14956.6
-15247.9
-15516.1
-15760.7
-15981.5
-16178.3
-16350.9
-16499.2
-16622.9
-16722
-16796.4
-16846
-16870.8
-337.628
-1013.77
-1689.6
-2362.47
-3031.17
-3694.57
-4351.5
-5000.84
-5641.5
-6272.4
-6892.51
-7500.82
-8096.35
-8678.17
-9245.39
-9797.15
-10332.6
-10851.1
-11351.7
-11833.9
-12297
-12740.3
-13163.3
-13565.5
-13946.3
-14305.4
-14642.3
-14956.6
-15247.9
-15516.1
-15760.7
-15981.5
-16178.3
-16350.9
-16499.2
-16622.9
-16722
-16796.4
-16846
-16870.8
-337.628
-1013.77
-1689.6
-2362.47
-3031.17
-3694.57
-4351.5
-5000.84
-5641.5
-6272.4
-6892.51
-7500.82
-8096.35
-8678.18
-9245.4
-9797.16
-10332.6
-10851.1
-11351.7
-11833.9
-12297
-12740.3
-13163.3
-13565.5
-13946.3
-14305.4
-14642.3
-14956.6
-15247.9
-15516.1
-15760.7
-15981.5
-16178.3
-16350.9
-16499.2
-16622.9
-16722
-16796.4
-16846
-16870.8
-337.628
-1013.77
-1689.6
-2362.47
-3031.17
-3694.57
-4351.5
-5000.84
-5641.5
-6272.4
-6892.51
-7500.82
-8096.35
-8678.18
-9245.4
-9797.16
-10332.6
-10851.1
-11351.7
-11833.9
-12297
-12740.3
-13163.3
-13565.5
-13946.3
-14305.4
-14642.3
-14956.6
-15247.9
-15516.1
-15760.7
-15981.5
-16178.3
-16350.9
-16499.2
-16622.9
-16722
-16796.4
-16846
-16870.8
-337.628
-1013.77
-1689.6
-2362.47
-3031.17
-3694.57
-4351.5
-5000.84
-5641.5
-6272.4
-6892.51
-7500.82
-8096.35
-8678.18
-9245.4
-9797.16
-10332.6
-10851.1
-11351.7
-11833.9
-12297
-12740.3
-13163.3
-13565.5
-13946.3
-14305.4
-14642.3
-14956.6
-15247.9
-15516.1
-15760.7
-15981.5
-16178.3
-16350.9
-16499.2
-16622.9
-16722
-16796.4
-16846
-16870.8
-337.628
-1013.77
-1689.6
-2362.46
-3031.17
-3694.57
-4351.5
-5000.84
-5641.5
-6272.4
-6892.51
-7500.82
-8096.35
-8678.18
-9245.4
-9797.16
-10332.6
-10851.1
-11351.7
-11833.9
-12297
-12740.3
-13163.3
-13565.5
-13946.3
-14305.4
-14642.3
-14956.6
-15247.9
-15516.1
-15760.7
-15981.5
-16178.3
-16350.9
-16499.2
-16622.9
-16722
-16796.4
-16846
-16870.8
-337.627
-1013.77
-1689.6
-2362.46
-3031.17
-3694.57
-4351.5
-5000.84
-5641.5
-6272.4
-6892.51
-7500.82
-8096.35
-8678.18
-9245.4
-9797.16
-10332.6
-10851.1
-11351.7
-11833.9
-12297
-12740.3
-13163.3
-13565.5
-13946.3
-14305.4
-14642.3
-14956.6
-15247.9
-15516.1
-15760.7
-15981.5
-16178.3
-16350.9
-16499.2
-16622.9
-16722
-16796.4
-16846
-16870.8
-337.627
-1013.76
-1689.6
-2362.46
-3031.17
-3694.57
-4351.5
-5000.84
-5641.5
-6272.4
-6892.51
-7500.82
-8096.35
-8678.18
-9245.4
-9797.16
-10332.6
-10851.1
-11351.7
-11833.9
-12297
-12740.3
-13163.3
-13565.5
-13946.3
-14305.4
-14642.3
-14956.6
-15247.9
-15516.1
-15760.7
-15981.5
-16178.3
-16350.9
-16499.2
-16622.9
-16722
-16796.4
-16846
-16870.8
-337.625
-1013.76
-1689.6
-2362.46
-3031.17
-3694.57
-4351.5
-5000.84
-5641.5
-6272.4
-6892.51
-7500.82
-8096.35
-8678.17
-9245.39
-9797.15
-10332.6
-10851.1
-11351.7
-11833.9
-12297
-12740.3
-13163.3
-13565.5
-13946.3
-14305.4
-14642.3
-14956.6
-15247.9
-15516.1
-15760.7
-15981.5
-16178.3
-16350.9
-16499.2
-16622.9
-16722
-16796.4
-16846
-16870.8
-338.813
-1017.33
-1695.54
-2370.75
-3041.78
-3707.45
-4366.63
-5018.16
-5660.96
-6293.94
-6916.05
-7526.3
-8123.69
-8707.3
-9276.23
-9829.62
-10366.6
-10886.5
-11388.6
-11872
-12336.3
-12780.8
-13204.8
-13608
-13989.8
-14349.7
-14687.3
-15002.3
-15294.3
-15563
-15808.1
-16029.4
-16226.6
-16399.5
-16548.1
-16672.1
-16771.3
-16845.9
-16895.6
-16920.4
-338.815
-1017.33
-1695.54
-2370.75
-3041.78
-3707.45
-4366.63
-5018.16
-5660.96
-6293.94
-6916.05
-7526.3
-8123.69
-8707.3
-9276.23
-9829.62
-10366.6
-10886.5
-11388.6
-11872
-12336.3
-12780.8
-13204.8
-13608
-13989.8
-14349.7
-14687.3
-15002.3
-15294.3
-15563
-15808.1
-16029.4
-16226.6
-16399.5
-16548.1
-16672.1
-16771.3
-16845.9
-16895.6
-16920.4
-338.816
-1017.33
-1695.54
-2370.75
-3041.78
-3707.46
-4366.63
-5018.16
-5660.96
-6293.94
-6916.05
-7526.3
-8123.69
-8707.3
-9276.23
-9829.62
-10366.6
-10886.5
-11388.6
-11872
-12336.3
-12780.8
-13204.8
-13608
-13989.8
-14349.7
-14687.3
-15002.3
-15294.3
-15563
-15808.1
-16029.4
-16226.6
-16399.5
-16548.1
-16672.1
-16771.3
-16845.9
-16895.6
-16920.4
-338.816
-1017.33
-1695.54
-2370.75
-3041.78
-3707.46
-4366.63
-5018.16
-5660.96
-6293.94
-6916.05
-7526.3
-8123.69
-8707.31
-9276.23
-9829.62
-10366.6
-10886.5
-11388.6
-11872.1
-12336.3
-12780.8
-13204.8
-13608
-13989.8
-14349.7
-14687.3
-15002.3
-15294.3
-15563
-15808.1
-16029.4
-16226.6
-16399.6
-16548.1
-16672.1
-16771.3
-16845.9
-16895.6
-16920.4
-338.816
-1017.33
-1695.54
-2370.75
-3041.78
-3707.46
-4366.63
-5018.16
-5660.96
-6293.94
-6916.06
-7526.3
-8123.7
-8707.31
-9276.24
-9829.62
-10366.7
-10886.5
-11388.6
-11872.1
-12336.3
-12780.8
-13204.8
-13608
-13989.8
-14349.7
-14687.3
-15002.3
-15294.3
-15563
-15808.1
-16029.4
-16226.6
-16399.6
-16548.1
-16672.1
-16771.4
-16845.9
-16895.6
-16920.4
-338.817
-1017.33
-1695.54
-2370.75
-3041.78
-3707.46
-4366.63
-5018.17
-5660.96
-6293.94
-6916.06
-7526.3
-8123.7
-8707.31
-9276.24
-9829.62
-10366.7
-10886.6
-11388.6
-11872.1
-12336.3
-12780.8
-13204.9
-13608
-13989.8
-14349.7
-14687.3
-15002.3
-15294.3
-15563
-15808.1
-16029.4
-16226.6
-16399.6
-16548.1
-16672.1
-16771.4
-16845.9
-16895.6
-16920.4
-338.817
-1017.33
-1695.54
-2370.75
-3041.78
-3707.46
-4366.63
-5018.17
-5660.96
-6293.94
-6916.06
-7526.31
-8123.7
-8707.31
-9276.24
-9829.63
-10366.7
-10886.6
-11388.6
-11872.1
-12336.3
-12780.8
-13204.9
-13608
-13989.8
-14349.7
-14687.3
-15002.3
-15294.3
-15563
-15808.1
-16029.4
-16226.6
-16399.6
-16548.1
-16672.1
-16771.4
-16845.9
-16895.6
-16920.4
-338.817
-1017.33
-1695.54
-2370.75
-3041.78
-3707.46
-4366.63
-5018.17
-5660.97
-6293.95
-6916.06
-7526.31
-8123.71
-8707.32
-9276.24
-9829.63
-10366.7
-10886.6
-11388.6
-11872.1
-12336.3
-12780.8
-13204.9
-13608
-13989.8
-14349.7
-14687.3
-15002.3
-15294.3
-15563
-15808.1
-16029.4
-16226.6
-16399.6
-16548.1
-16672.1
-16771.4
-16845.9
-16895.6
-16920.4
-338.817
-1017.33
-1695.54
-2370.75
-3041.78
-3707.46
-4366.63
-5018.17
-5660.97
-6293.95
-6916.07
-7526.31
-8123.71
-8707.32
-9276.25
-9829.64
-10366.7
-10886.6
-11388.6
-11872.1
-12336.3
-12780.8
-13204.9
-13608
-13989.8
-14349.7
-14687.3
-15002.3
-15294.3
-15563
-15808.1
-16029.4
-16226.6
-16399.6
-16548.1
-16672.1
-16771.4
-16845.9
-16895.6
-16920.4
-338.817
-1017.34
-1695.54
-2370.76
-3041.79
-3707.46
-4366.64
-5018.17
-5660.97
-6293.95
-6916.07
-7526.32
-8123.71
-8707.33
-9276.25
-9829.64
-10366.7
-10886.6
-11388.6
-11872.1
-12336.3
-12780.8
-13204.9
-13608
-13989.8
-14349.7
-14687.3
-15002.3
-15294.3
-15563
-15808.1
-16029.4
-16226.6
-16399.6
-16548.1
-16672.1
-16771.4
-16845.9
-16895.6
-16920.4
-338.817
-1017.34
-1695.54
-2370.76
-3041.79
-3707.47
-4366.64
-5018.18
-5660.97
-6293.96
-6916.07
-7526.32
-8123.72
-8707.33
-9276.26
-9829.65
-10366.7
-10886.6
-11388.6
-11872.1
-12336.4
-12780.8
-13204.9
-13608
-13989.8
-14349.7
-14687.4
-15002.3
-15294.3
-15563
-15808.2
-16029.4
-16226.6
-16399.6
-16548.1
-16672.1
-16771.4
-16845.9
-16895.6
-16920.4
-338.818
-1017.34
-1695.55
-2370.76
-3041.79
-3707.47
-4366.64
-5018.18
-5660.98
-6293.96
-6916.08
-7526.32
-8123.72
-8707.33
-9276.26
-9829.65
-10366.7
-10886.6
-11388.6
-11872.1
-12336.4
-12780.8
-13204.9
-13608
-13989.8
-14349.7
-14687.4
-15002.4
-15294.4
-15563.1
-15808.2
-16029.4
-16226.6
-16399.6
-16548.1
-16672.1
-16771.4
-16845.9
-16895.6
-16920.5
-338.818
-1017.34
-1695.55
-2370.76
-3041.79
-3707.47
-4366.64
-5018.18
-5660.98
-6293.96
-6916.08
-7526.33
-8123.73
-8707.34
-9276.27
-9829.66
-10366.7
-10886.6
-11388.6
-11872.1
-12336.4
-12780.8
-13204.9
-13608.1
-13989.8
-14349.7
-14687.4
-15002.4
-15294.4
-15563.1
-15808.2
-16029.4
-16226.6
-16399.6
-16548.1
-16672.1
-16771.4
-16845.9
-16895.6
-16920.5
-338.818
-1017.34
-1695.55
-2370.76
-3041.79
-3707.47
-4366.65
-5018.19
-5660.98
-6293.97
-6916.09
-7526.33
-8123.73
-8707.34
-9276.27
-9829.66
-10366.7
-10886.6
-11388.6
-11872.1
-12336.4
-12780.8
-13204.9
-13608.1
-13989.8
-14349.7
-14687.4
-15002.4
-15294.4
-15563.1
-15808.2
-16029.4
-16226.7
-16399.6
-16548.1
-16672.1
-16771.4
-16845.9
-16895.6
-16920.5
-338.818
-1017.34
-1695.55
-2370.76
-3041.8
-3707.48
-4366.65
-5018.19
-5660.99
-6293.97
-6916.09
-7526.34
-8123.74
-8707.35
-9276.28
-9829.67
-10366.7
-10886.6
-11388.6
-11872.1
-12336.4
-12780.8
-13204.9
-13608.1
-13989.8
-14349.7
-14687.4
-15002.4
-15294.4
-15563.1
-15808.2
-16029.5
-16226.7
-16399.6
-16548.2
-16672.1
-16771.4
-16845.9
-16895.6
-16920.5
-338.818
-1017.34
-1695.55
-2370.76
-3041.8
-3707.48
-4366.65
-5018.19
-5660.99
-6293.97
-6916.09
-7526.34
-8123.74
-8707.36
-9276.29
-9829.67
-10366.7
-10886.6
-11388.6
-11872.1
-12336.4
-12780.8
-13204.9
-13608.1
-13989.8
-14349.8
-14687.4
-15002.4
-15294.4
-15563.1
-15808.2
-16029.5
-16226.7
-16399.6
-16548.2
-16672.1
-16771.4
-16846
-16895.6
-16920.5
-338.819
-1017.34
-1695.55
-2370.77
-3041.8
-3707.48
-4366.66
-5018.2
-5661
-6293.98
-6916.1
-7526.35
-8123.75
-8707.36
-9276.29
-9829.68
-10366.7
-10886.6
-11388.6
-11872.1
-12336.4
-12780.8
-13204.9
-13608.1
-13989.8
-14349.8
-14687.4
-15002.4
-15294.4
-15563.1
-15808.2
-16029.5
-16226.7
-16399.6
-16548.2
-16672.1
-16771.4
-16846
-16895.6
-16920.5
-338.819
-1017.34
-1695.55
-2370.77
-3041.8
-3707.48
-4366.66
-5018.2
-5661
-6293.98
-6916.1
-7526.35
-8123.75
-8707.37
-9276.3
-9829.69
-10366.7
-10886.6
-11388.7
-11872.1
-12336.4
-12780.9
-13204.9
-13608.1
-13989.9
-14349.8
-14687.4
-15002.4
-15294.4
-15563.1
-15808.2
-16029.5
-16226.7
-16399.6
-16548.2
-16672.2
-16771.4
-16846
-16895.7
-16920.5
-338.819
-1017.34
-1695.55
-2370.77
-3041.8
-3707.48
-4366.66
-5018.2
-5661
-6293.98
-6916.11
-7526.35
-8123.75
-8707.37
-9276.3
-9829.69
-10366.7
-10886.6
-11388.7
-11872.1
-12336.4
-12780.9
-13204.9
-13608.1
-13989.9
-14349.8
-14687.4
-15002.4
-15294.4
-15563.1
-15808.2
-16029.5
-16226.7
-16399.7
-16548.2
-16672.2
-16771.5
-16846
-16895.7
-16920.5
-338.819
-1017.34
-1695.55
-2370.77
-3041.8
-3707.49
-4366.66
-5018.2
-5661
-6293.99
-6916.11
-7526.36
-8123.76
-8707.37
-9276.31
-9829.7
-10366.7
-10886.6
-11388.7
-11872.1
-12336.4
-12780.9
-13204.9
-13608.1
-13989.9
-14349.8
-14687.4
-15002.4
-15294.4
-15563.1
-15808.2
-16029.5
-16226.7
-16399.7
-16548.2
-16672.2
-16771.5
-16846
-16895.7
-16920.5
-338.819
-1017.34
-1695.55
-2370.77
-3041.81
-3707.49
-4366.66
-5018.21
-5661.01
-6293.99
-6916.11
-7526.36
-8123.76
-8707.38
-9276.31
-9829.7
-10366.7
-10886.6
-11388.7
-11872.1
-12336.4
-12780.9
-13205
-13608.1
-13989.9
-14349.8
-14687.4
-15002.4
-15294.4
-15563.1
-15808.2
-16029.5
-16226.7
-16399.7
-16548.2
-16672.2
-16771.5
-16846
-16895.7
-16920.5
-338.819
-1017.34
-1695.55
-2370.77
-3041.81
-3707.49
-4366.67
-5018.21
-5661.01
-6293.99
-6916.12
-7526.37
-8123.77
-8707.38
-9276.32
-9829.71
-10366.7
-10886.6
-11388.7
-11872.2
-12336.4
-12780.9
-13205
-13608.1
-13989.9
-14349.8
-14687.4
-15002.4
-15294.4
-15563.1
-15808.2
-16029.5
-16226.7
-16399.7
-16548.2
-16672.2
-16771.5
-16846
-16895.7
-16920.5
-338.82
-1017.34
-1695.55
-2370.77
-3041.81
-3707.49
-4366.67
-5018.21
-5661.01
-6294
-6916.12
-7526.37
-8123.77
-8707.39
-9276.32
-9829.71
-10366.7
-10886.6
-11388.7
-11872.2
-12336.4
-12780.9
-13205
-13608.1
-13989.9
-14349.8
-14687.4
-15002.4
-15294.4
-15563.1
-15808.3
-16029.5
-16226.7
-16399.7
-16548.2
-16672.2
-16771.5
-16846
-16895.7
-16920.6
-338.82
-1017.34
-1695.56
-2370.77
-3041.81
-3707.49
-4366.67
-5018.21
-5661.01
-6294
-6916.12
-7526.37
-8123.77
-8707.39
-9276.32
-9829.71
-10366.7
-10886.6
-11388.7
-11872.2
-12336.4
-12780.9
-13205
-13608.1
-13989.9
-14349.8
-14687.5
-15002.4
-15294.5
-15563.1
-15808.3
-16029.5
-16226.7
-16399.7
-16548.2
-16672.2
-16771.5
-16846
-16895.7
-16920.6
-338.82
-1017.34
-1695.56
-2370.77
-3041.81
-3707.49
-4366.67
-5018.21
-5661.02
-6294
-6916.12
-7526.37
-8123.78
-8707.39
-9276.33
-9829.72
-10366.8
-10886.7
-11388.7
-11872.2
-12336.4
-12780.9
-13205
-13608.1
-13989.9
-14349.8
-14687.5
-15002.5
-15294.5
-15563.2
-15808.3
-16029.5
-16226.7
-16399.7
-16548.2
-16672.2
-16771.5
-16846
-16895.7
-16920.6
-338.82
-1017.34
-1695.56
-2370.77
-3041.81
-3707.49
-4366.67
-5018.21
-5661.02
-6294
-6916.13
-7526.38
-8123.78
-8707.4
-9276.33
-9829.72
-10366.8
-10886.7
-11388.7
-11872.2
-12336.4
-12780.9
-13205
-13608.1
-13989.9
-14349.8
-14687.5
-15002.5
-15294.5
-15563.2
-15808.3
-16029.5
-16226.8
-16399.7
-16548.2
-16672.2
-16771.5
-16846
-16895.7
-16920.6
-338.82
-1017.34
-1695.56
-2370.77
-3041.81
-3707.49
-4366.67
-5018.22
-5661.02
-6294
-6916.13
-7526.38
-8123.78
-8707.4
-9276.33
-9829.72
-10366.8
-10886.7
-11388.7
-11872.2
-12336.4
-12780.9
-13205
-13608.2
-13989.9
-14349.8
-14687.5
-15002.5
-15294.5
-15563.2
-15808.3
-16029.5
-16226.8
-16399.7
-16548.2
-16672.2
-16771.5
-16846
-16895.7
-16920.6
-338.82
-1017.34
-1695.56
-2370.78
-3041.81
-3707.5
-4366.67
-5018.22
-5661.02
-6294.01
-6916.13
-7526.38
-8123.78
-8707.4
-9276.33
-9829.73
-10366.8
-10886.7
-11388.7
-11872.2
-12336.5
-12780.9
-13205
-13608.2
-13989.9
-14349.8
-14687.5
-15002.5
-15294.5
-15563.2
-15808.3
-16029.6
-16226.8
-16399.7
-16548.3
-16672.2
-16771.5
-16846
-16895.7
-16920.6
-338.82
-1017.34
-1695.56
-2370.78
-3041.81
-3707.5
-4366.67
-5018.22
-5661.02
-6294.01
-6916.13
-7526.38
-8123.78
-8707.4
-9276.34
-9829.73
-10366.8
-10886.7
-11388.7
-11872.2
-12336.5
-12780.9
-13205
-13608.2
-13989.9
-14349.8
-14687.5
-15002.5
-15294.5
-15563.2
-15808.3
-16029.6
-16226.8
-16399.7
-16548.3
-16672.2
-16771.5
-16846
-16895.7
-16920.6
-338.82
-1017.34
-1695.56
-2370.78
-3041.81
-3707.5
-4366.68
-5018.22
-5661.02
-6294.01
-6916.13
-7526.38
-8123.78
-8707.4
-9276.34
-9829.73
-10366.8
-10886.7
-11388.7
-11872.2
-12336.5
-12780.9
-13205
-13608.2
-13989.9
-14349.8
-14687.5
-15002.5
-15294.5
-15563.2
-15808.3
-16029.6
-16226.8
-16399.7
-16548.3
-16672.2
-16771.5
-16846.1
-16895.7
-16920.6
-338.82
-1017.34
-1695.56
-2370.78
-3041.81
-3707.5
-4366.68
-5018.22
-5661.02
-6294.01
-6916.13
-7526.38
-8123.79
-8707.4
-9276.34
-9829.73
-10366.8
-10886.7
-11388.7
-11872.2
-12336.5
-12780.9
-13205
-13608.2
-13989.9
-14349.8
-14687.5
-15002.5
-15294.5
-15563.2
-15808.3
-16029.6
-16226.8
-16399.7
-16548.3
-16672.2
-16771.5
-16846.1
-16895.7
-16920.6
-338.82
-1017.34
-1695.56
-2370.78
-3041.81
-3707.5
-4366.68
-5018.22
-5661.02
-6294.01
-6916.13
-7526.38
-8123.79
-8707.4
-9276.34
-9829.73
-10366.8
-10886.7
-11388.7
-11872.2
-12336.5
-12780.9
-13205
-13608.2
-13989.9
-14349.8
-14687.5
-15002.5
-15294.5
-15563.2
-15808.3
-16029.6
-16226.8
-16399.7
-16548.3
-16672.2
-16771.5
-16846.1
-16895.7
-16920.6
-338.82
-1017.34
-1695.56
-2370.78
-3041.81
-3707.5
-4366.68
-5018.22
-5661.02
-6294.01
-6916.13
-7526.38
-8123.79
-8707.4
-9276.34
-9829.73
-10366.8
-10886.7
-11388.7
-11872.2
-12336.5
-12780.9
-13205
-13608.2
-13989.9
-14349.8
-14687.5
-15002.5
-15294.5
-15563.2
-15808.3
-16029.6
-16226.8
-16399.7
-16548.3
-16672.2
-16771.5
-16846.1
-16895.7
-16920.6
-338.82
-1017.34
-1695.56
-2370.78
-3041.81
-3707.5
-4366.68
-5018.22
-5661.02
-6294.01
-6916.13
-7526.38
-8123.79
-8707.41
-9276.34
-9829.73
-10366.8
-10886.7
-11388.7
-11872.2
-12336.5
-12780.9
-13205
-13608.2
-13989.9
-14349.8
-14687.5
-15002.5
-15294.5
-15563.2
-15808.3
-16029.6
-16226.8
-16399.7
-16548.3
-16672.2
-16771.5
-16846.1
-16895.7
-16920.6
-338.82
-1017.34
-1695.56
-2370.78
-3041.81
-3707.5
-4366.68
-5018.22
-5661.02
-6294.01
-6916.13
-7526.38
-8123.79
-8707.41
-9276.34
-9829.73
-10366.8
-10886.7
-11388.7
-11872.2
-12336.5
-12780.9
-13205
-13608.2
-13989.9
-14349.8
-14687.5
-15002.5
-15294.5
-15563.2
-15808.3
-16029.6
-16226.8
-16399.7
-16548.3
-16672.3
-16771.5
-16846.1
-16895.7
-16920.6
-338.82
-1017.34
-1695.56
-2370.78
-3041.81
-3707.5
-4366.68
-5018.22
-5661.02
-6294.01
-6916.13
-7526.38
-8123.79
-8707.41
-9276.34
-9829.73
-10366.8
-10886.7
-11388.7
-11872.2
-12336.5
-12780.9
-13205
-13608.2
-13989.9
-14349.8
-14687.5
-15002.5
-15294.5
-15563.2
-15808.3
-16029.6
-16226.8
-16399.7
-16548.3
-16672.3
-16771.5
-16846.1
-16895.8
-16920.6
-338.82
-1017.34
-1695.56
-2370.78
-3041.81
-3707.5
-4366.68
-5018.22
-5661.02
-6294.01
-6916.13
-7526.38
-8123.79
-8707.41
-9276.34
-9829.73
-10366.8
-10886.7
-11388.7
-11872.2
-12336.5
-12780.9
-13205
-13608.2
-13989.9
-14349.8
-14687.5
-15002.5
-15294.5
-15563.2
-15808.3
-16029.6
-16226.8
-16399.7
-16548.3
-16672.3
-16771.5
-16846.1
-16895.8
-16920.6
-338.82
-1017.34
-1695.56
-2370.77
-3041.81
-3707.5
-4366.67
-5018.22
-5661.02
-6294.01
-6916.13
-7526.38
-8123.79
-8707.41
-9276.34
-9829.73
-10366.8
-10886.7
-11388.7
-11872.2
-12336.5
-12780.9
-13205
-13608.2
-13989.9
-14349.9
-14687.5
-15002.5
-15294.5
-15563.2
-15808.3
-16029.6
-16226.8
-16399.7
-16548.3
-16672.3
-16771.5
-16846.1
-16895.8
-16920.6
-338.819
-1017.34
-1695.56
-2370.77
-3041.81
-3707.5
-4366.67
-5018.22
-5661.02
-6294.01
-6916.13
-7526.38
-8123.79
-8707.41
-9276.34
-9829.73
-10366.8
-10886.7
-11388.7
-11872.2
-12336.5
-12780.9
-13205
-13608.2
-13989.9
-14349.8
-14687.5
-15002.5
-15294.5
-15563.2
-15808.3
-16029.6
-16226.8
-16399.7
-16548.3
-16672.3
-16771.5
-16846.1
-16895.8
-16920.6
-338.817
-1017.34
-1695.55
-2370.77
-3041.81
-3707.5
-4366.67
-5018.22
-5661.02
-6294.01
-6916.13
-7526.38
-8123.79
-8707.4
-9276.34
-9829.73
-10366.8
-10886.7
-11388.7
-11872.2
-12336.5
-12780.9
-13205
-13608.2
-13989.9
-14349.8
-14687.5
-15002.5
-15294.5
-15563.2
-15808.3
-16029.6
-16226.8
-16399.7
-16548.3
-16672.3
-16771.5
-16846.1
-16895.8
-16920.6
-340.605
-1022.7
-1704.48
-2383.24
-3057.77
-3726.89
-4389.44
-5044.28
-5690.29
-6326.4
-6951.54
-7564.71
-8164.91
-8751.21
-9322.71
-9878.55
-10417.9
-10940
-11444.1
-11929.5
-12395.6
-12841.8
-13267.5
-13672.1
-14055.2
-14416.4
-14755.2
-15071.2
-15364.2
-15633.7
-15879.6
-16101.5
-16299.3
-16472.8
-16621.8
-16746.1
-16845.6
-16920.4
-16970.2
-16995.1
-340.607
-1022.71
-1704.49
-2383.24
-3057.77
-3726.89
-4389.44
-5044.28
-5690.29
-6326.4
-6951.54
-7564.71
-8164.91
-8751.21
-9322.71
-9878.55
-10417.9
-10940
-11444.1
-11929.5
-12395.6
-12841.8
-13267.5
-13672.1
-14055.2
-14416.4
-14755.2
-15071.2
-15364.2
-15633.7
-15879.6
-16101.5
-16299.3
-16472.8
-16621.8
-16746.1
-16845.6
-16920.4
-16970.2
-16995.1
-340.607
-1022.71
-1704.49
-2383.24
-3057.77
-3726.89
-4389.44
-5044.28
-5690.3
-6326.4
-6951.54
-7564.71
-8164.91
-8751.22
-9322.72
-9878.55
-10417.9
-10940
-11444.1
-11929.5
-12395.6
-12841.8
-13267.5
-13672.1
-14055.2
-14416.4
-14755.2
-15071.2
-15364.2
-15633.7
-15879.6
-16101.5
-16299.3
-16472.8
-16621.8
-16746.1
-16845.6
-16920.4
-16970.2
-16995.1
-340.608
-1022.71
-1704.49
-2383.24
-3057.77
-3726.89
-4389.44
-5044.28
-5690.3
-6326.4
-6951.55
-7564.71
-8164.91
-8751.22
-9322.72
-9878.55
-10417.9
-10940
-11444.1
-11929.5
-12395.6
-12841.8
-13267.5
-13672.1
-14055.2
-14416.4
-14755.2
-15071.2
-15364.2
-15633.7
-15879.6
-16101.5
-16299.3
-16472.8
-16621.8
-16746.1
-16845.7
-16920.4
-16970.2
-16995.1
-340.608
-1022.71
-1704.49
-2383.24
-3057.77
-3726.89
-4389.44
-5044.28
-5690.3
-6326.4
-6951.55
-7564.71
-8164.92
-8751.22
-9322.72
-9878.56
-10417.9
-10940
-11444.1
-11929.5
-12395.6
-12841.8
-13267.5
-13672.1
-14055.2
-14416.4
-14755.2
-15071.2
-15364.2
-15633.7
-15879.6
-16101.5
-16299.3
-16472.8
-16621.8
-16746.1
-16845.7
-16920.4
-16970.2
-16995.1
-340.608
-1022.71
-1704.49
-2383.24
-3057.77
-3726.89
-4389.44
-5044.28
-5690.3
-6326.41
-6951.55
-7564.71
-8164.92
-8751.22
-9322.72
-9878.56
-10417.9
-10940
-11444.1
-11929.6
-12395.6
-12841.8
-13267.5
-13672.1
-14055.2
-14416.4
-14755.2
-15071.2
-15364.2
-15633.7
-15879.6
-16101.5
-16299.3
-16472.8
-16621.8
-16746.1
-16845.7
-16920.4
-16970.2
-16995.1
-340.608
-1022.71
-1704.49
-2383.24
-3057.77
-3726.89
-4389.45
-5044.29
-5690.3
-6326.41
-6951.55
-7564.72
-8164.92
-8751.23
-9322.73
-9878.56
-10417.9
-10940
-11444.1
-11929.6
-12395.7
-12841.8
-13267.5
-13672.1
-14055.2
-14416.4
-14755.2
-15071.2
-15364.2
-15633.7
-15879.6
-16101.5
-16299.3
-16472.8
-16621.8
-16746.1
-16845.7
-16920.4
-16970.2
-16995.1
-340.608
-1022.71
-1704.49
-2383.24
-3057.77
-3726.9
-4389.45
-5044.29
-5690.3
-6326.41
-6951.56
-7564.72
-8164.93
-8751.23
-9322.73
-9878.57
-10417.9
-10940
-11444.1
-11929.6
-12395.7
-12841.8
-13267.5
-13672.1
-14055.2
-14416.4
-14755.2
-15071.2
-15364.2
-15633.7
-15879.6
-16101.5
-16299.3
-16472.8
-16621.8
-16746.1
-16845.7
-16920.4
-16970.2
-16995.1
-340.609
-1022.71
-1704.49
-2383.25
-3057.77
-3726.9
-4389.45
-5044.29
-5690.31
-6326.41
-6951.56
-7564.72
-8164.93
-8751.23
-9322.73
-9878.57
-10417.9
-10940
-11444.1
-11929.6
-12395.7
-12841.8
-13267.5
-13672.1
-14055.3
-14416.4
-14755.2
-15071.2
-15364.2
-15633.7
-15879.6
-16101.6
-16299.4
-16472.8
-16621.8
-16746.1
-16845.7
-16920.4
-16970.2
-16995.2
-340.609
-1022.71
-1704.49
-2383.25
-3057.78
-3726.9
-4389.45
-5044.29
-5690.31
-6326.42
-6951.56
-7564.73
-8164.93
-8751.24
-9322.74
-9878.58
-10417.9
-10940
-11444.1
-11929.6
-12395.7
-12841.8
-13267.5
-13672.1
-14055.3
-14416.4
-14755.2
-15071.3
-15364.2
-15633.7
-15879.6
-16101.6
-16299.4
-16472.8
-16621.8
-16746.1
-16845.7
-16920.4
-16970.2
-16995.2
-340.609
-1022.71
-1704.49
-2383.25
-3057.78
-3726.9
-4389.45
-5044.3
-5690.31
-6326.42
-6951.57
-7564.73
-8164.94
-8751.24
-9322.75
-9878.58
-10417.9
-10940
-11444.1
-11929.6
-12395.7
-12841.8
-13267.5
-13672.1
-14055.3
-14416.4
-14755.2
-15071.3
-15364.2
-15633.8
-15879.6
-16101.6
-16299.4
-16472.8
-16621.8
-16746.1
-16845.7
-16920.4
-16970.2
-16995.2
-340.609
-1022.71
-1704.49
-2383.25
-3057.78
-3726.9
-4389.46
-5044.3
-5690.32
-6326.43
-6951.57
-7564.74
-8164.94
-8751.25
-9322.75
-9878.59
-10417.9
-10940
-11444.2
-11929.6
-12395.7
-12841.9
-13267.5
-13672.2
-14055.3
-14416.4
-14755.2
-15071.3
-15364.2
-15633.8
-15879.6
-16101.6
-16299.4
-16472.8
-16621.8
-16746.1
-16845.7
-16920.4
-16970.3
-16995.2
-340.609
-1022.71
-1704.5
-2383.25
-3057.78
-3726.91
-4389.46
-5044.3
-5690.32
-6326.43
-6951.58
-7564.74
-8164.95
-8751.25
-9322.76
-9878.59
-10418
-10940.1
-11444.2
-11929.6
-12395.7
-12841.9
-13267.5
-13672.2
-14055.3
-14416.4
-14755.2
-15071.3
-15364.2
-15633.8
-15879.6
-16101.6
-16299.4
-16472.8
-16621.8
-16746.1
-16845.7
-16920.4
-16970.3
-16995.2
-340.61
-1022.71
-1704.5
-2383.25
-3057.78
-3726.91
-4389.46
-5044.31
-5690.32
-6326.43
-6951.58
-7564.75
-8164.95
-8751.26
-9322.76
-9878.6
-10418
-10940.1
-11444.2
-11929.6
-12395.7
-12841.9
-13267.5
-13672.2
-14055.3
-14416.5
-14755.2
-15071.3
-15364.2
-15633.8
-15879.7
-16101.6
-16299.4
-16472.9
-16621.8
-16746.1
-16845.7
-16920.5
-16970.3
-16995.2
-340.61
-1022.71
-1704.5
-2383.25
-3057.79
-3726.91
-4389.47
-5044.31
-5690.33
-6326.44
-6951.58
-7564.75
-8164.96
-8751.26
-9322.77
-9878.61
-10418
-10940.1
-11444.2
-11929.6
-12395.7
-12841.9
-13267.5
-13672.2
-14055.3
-14416.5
-14755.3
-15071.3
-15364.2
-15633.8
-15879.7
-16101.6
-16299.4
-16472.9
-16621.8
-16746.2
-16845.7
-16920.5
-16970.3
-16995.2
-340.61
-1022.72
-1704.5
-2383.26
-3057.79
-3726.91
-4389.47
-5044.31
-5690.33
-6326.44
-6951.59
-7564.76
-8164.96
-8751.27
-9322.77
-9878.61
-10418
-10940.1
-11444.2
-11929.6
-12395.7
-12841.9
-13267.5
-13672.2
-14055.3
-14416.5
-14755.3
-15071.3
-15364.3
-15633.8
-15879.7
-16101.6
-16299.4
-16472.9
-16621.8
-16746.2
-16845.7
-16920.5
-16970.3
-16995.2
-340.61
-1022.72
-1704.5
-2383.26
-3057.79
-3726.92
-4389.47
-5044.32
-5690.33
-6326.44
-6951.59
-7564.76
-8164.97
-8751.27
-9322.78
-9878.62
-10418
-10940.1
-11444.2
-11929.6
-12395.7
-12841.9
-13267.6
-13672.2
-14055.3
-14416.5
-14755.3
-15071.3
-15364.3
-15633.8
-15879.7
-16101.6
-16299.4
-16472.9
-16621.8
-16746.2
-16845.7
-16920.5
-16970.3
-16995.2
-340.61
-1022.72
-1704.5
-2383.26
-3057.79
-3726.92
-4389.47
-5044.32
-5690.34
-6326.45
-6951.6
-7564.76
-8164.97
-8751.28
-9322.78
-9878.62
-10418
-10940.1
-11444.2
-11929.6
-12395.7
-12841.9
-13267.6
-13672.2
-14055.3
-14416.5
-14755.3
-15071.3
-15364.3
-15633.8
-15879.7
-16101.6
-16299.4
-16472.9
-16621.9
-16746.2
-16845.8
-16920.5
-16970.3
-16995.2
-340.611
-1022.72
-1704.5
-2383.26
-3057.79
-3726.92
-4389.48
-5044.32
-5690.34
-6326.45
-6951.6
-7564.77
-8164.98
-8751.28
-9322.79
-9878.63
-10418
-10940.1
-11444.2
-11929.6
-12395.7
-12841.9
-13267.6
-13672.2
-14055.3
-14416.5
-14755.3
-15071.3
-15364.3
-15633.8
-15879.7
-16101.6
-16299.4
-16472.9
-16621.9
-16746.2
-16845.8
-16920.5
-16970.3
-16995.2
-340.611
-1022.72
-1704.5
-2383.26
-3057.79
-3726.92
-4389.48
-5044.32
-5690.34
-6326.45
-6951.6
-7564.77
-8164.98
-8751.29
-9322.79
-9878.63
-10418
-10940.1
-11444.2
-11929.6
-12395.7
-12841.9
-13267.6
-13672.2
-14055.3
-14416.5
-14755.3
-15071.3
-15364.3
-15633.8
-15879.7
-16101.6
-16299.4
-16472.9
-16621.9
-16746.2
-16845.8
-16920.5
-16970.3
-16995.3
-340.611
-1022.72
-1704.5
-2383.26
-3057.8
-3726.92
-4389.48
-5044.33
-5690.35
-6326.46
-6951.61
-7564.78
-8164.98
-8751.29
-9322.8
-9878.64
-10418
-10940.1
-11444.2
-11929.6
-12395.7
-12841.9
-13267.6
-13672.2
-14055.3
-14416.5
-14755.3
-15071.3
-15364.3
-15633.8
-15879.7
-16101.7
-16299.5
-16472.9
-16621.9
-16746.2
-16845.8
-16920.5
-16970.3
-16995.3
-340.611
-1022.72
-1704.5
-2383.26
-3057.8
-3726.92
-4389.48
-5044.33
-5690.35
-6326.46
-6951.61
-7564.78
-8164.99
-8751.3
-9322.8
-9878.64
-10418
-10940.1
-11444.2
-11929.6
-12395.8
-12841.9
-13267.6
-13672.2
-14055.4
-14416.5
-14755.3
-15071.3
-15364.3
-15633.8
-15879.7
-16101.7
-16299.5
-16472.9
-16621.9
-16746.2
-16845.8
-16920.5
-16970.3
-16995.3
-340.611
-1022.72
-1704.5
-2383.26
-3057.8
-3726.93
-4389.48
-5044.33
-5690.35
-6326.46
-6951.61
-7564.78
-8164.99
-8751.3
-9322.8
-9878.65
-10418
-10940.1
-11444.2
-11929.7
-12395.8
-12841.9
-13267.6
-13672.2
-14055.4
-14416.5
-14755.3
-15071.4
-15364.3
-15633.9
-15879.7
-16101.7
-16299.5
-16472.9
-16621.9
-16746.2
-16845.8
-16920.5
-16970.4
-16995.3
-340.611
-1022.72
-1704.5
-2383.26
-3057.8
-3726.93
-4389.48
-5044.33
-5690.35
-6326.46
-6951.61
-7564.78
-8164.99
-8751.3
-9322.81
-9878.65
-10418
-10940.1
-11444.2
-11929.7
-12395.8
-12841.9
-13267.6
-13672.2
-14055.4
-14416.5
-14755.3
-15071.4
-15364.3
-15633.9
-15879.7
-16101.7
-16299.5
-16472.9
-16621.9
-16746.2
-16845.8
-16920.5
-16970.4
-16995.3
-340.611
-1022.72
-1704.51
-2383.26
-3057.8
-3726.93
-4389.49
-5044.33
-5690.35
-6326.47
-6951.62
-7564.79
-8165
-8751.31
-9322.81
-9878.65
-10418
-10940.1
-11444.2
-11929.7
-12395.8
-12841.9
-13267.6
-13672.2
-14055.4
-14416.5
-14755.3
-15071.4
-15364.3
-15633.9
-15879.7
-16101.7
-16299.5
-16472.9
-16621.9
-16746.2
-16845.8
-16920.5
-16970.4
-16995.3
-340.611
-1022.72
-1704.51
-2383.27
-3057.8
-3726.93
-4389.49
-5044.33
-5690.35
-6326.47
-6951.62
-7564.79
-8165
-8751.31
-9322.81
-9878.66
-10418
-10940.1
-11444.2
-11929.7
-12395.8
-12841.9
-13267.6
-13672.2
-14055.4
-14416.5
-14755.3
-15071.4
-15364.3
-15633.9
-15879.7
-16101.7
-16299.5
-16473
-16621.9
-16746.2
-16845.8
-16920.5
-16970.4
-16995.3
-340.612
-1022.72
-1704.51
-2383.27
-3057.8
-3726.93
-4389.49
-5044.33
-5690.36
-6326.47
-6951.62
-7564.79
-8165
-8751.31
-9322.82
-9878.66
-10418
-10940.1
-11444.2
-11929.7
-12395.8
-12841.9
-13267.6
-13672.3
-14055.4
-14416.5
-14755.3
-15071.4
-15364.3
-15633.9
-15879.7
-16101.7
-16299.5
-16473
-16621.9
-16746.2
-16845.8
-16920.6
-16970.4
-16995.3
-340.612
-1022.72
-1704.51
-2383.27
-3057.8
-3726.93
-4389.49
-5044.34
-5690.36
-6326.47
-6951.62
-7564.79
-8165
-8751.31
-9322.82
-9878.66
-10418
-10940.1
-11444.2
-11929.7
-12395.8
-12841.9
-13267.6
-13672.3
-14055.4
-14416.5
-14755.3
-15071.4
-15364.3
-15633.9
-15879.8
-16101.7
-16299.5
-16473
-16621.9
-16746.3
-16845.8
-16920.6
-16970.4
-16995.3
-340.612
-1022.72
-1704.51
-2383.27
-3057.8
-3726.93
-4389.49
-5044.34
-5690.36
-6326.47
-6951.62
-7564.79
-8165
-8751.31
-9322.82
-9878.66
-10418
-10940.1
-11444.2
-11929.7
-12395.8
-12841.9
-13267.6
-13672.3
-14055.4
-14416.6
-14755.3
-15071.4
-15364.3
-15633.9
-15879.8
-16101.7
-16299.5
-16473
-16621.9
-16746.3
-16845.8
-16920.6
-16970.4
-16995.3
-340.612
-1022.72
-1704.51
-2383.27
-3057.8
-3726.93
-4389.49
-5044.34
-5690.36
-6326.47
-6951.62
-7564.79
-8165.01
-8751.31
-9322.82
-9878.66
-10418
-10940.1
-11444.2
-11929.7
-12395.8
-12842
-13267.6
-13672.3
-14055.4
-14416.6
-14755.3
-15071.4
-15364.3
-15633.9
-15879.8
-16101.7
-16299.5
-16473
-16621.9
-16746.3
-16845.8
-16920.6
-16970.4
-16995.3
-340.612
-1022.72
-1704.51
-2383.27
-3057.8
-3726.93
-4389.49
-5044.34
-5690.36
-6326.47
-6951.62
-7564.79
-8165.01
-8751.32
-9322.82
-9878.67
-10418
-10940.1
-11444.2
-11929.7
-12395.8
-12842
-13267.6
-13672.3
-14055.4
-14416.6
-14755.3
-15071.4
-15364.3
-15633.9
-15879.8
-16101.7
-16299.5
-16473
-16621.9
-16746.3
-16845.8
-16920.6
-16970.4
-16995.3
-340.612
-1022.72
-1704.51
-2383.27
-3057.8
-3726.93
-4389.49
-5044.34
-5690.36
-6326.47
-6951.62
-7564.8
-8165.01
-8751.32
-9322.82
-9878.67
-10418
-10940.1
-11444.2
-11929.7
-12395.8
-12842
-13267.6
-13672.3
-14055.4
-14416.6
-14755.4
-15071.4
-15364.3
-15633.9
-15879.8
-16101.7
-16299.5
-16473
-16621.9
-16746.3
-16845.8
-16920.6
-16970.4
-16995.3
-340.612
-1022.72
-1704.51
-2383.27
-3057.8
-3726.93
-4389.49
-5044.34
-5690.36
-6326.47
-6951.62
-7564.8
-8165.01
-8751.32
-9322.82
-9878.67
-10418
-10940.1
-11444.2
-11929.7
-12395.8
-12842
-13267.6
-13672.3
-14055.4
-14416.6
-14755.4
-15071.4
-15364.3
-15633.9
-15879.8
-16101.7
-16299.5
-16473
-16621.9
-16746.3
-16845.8
-16920.6
-16970.4
-16995.3
-340.612
-1022.72
-1704.51
-2383.27
-3057.8
-3726.93
-4389.49
-5044.34
-5690.36
-6326.47
-6951.62
-7564.8
-8165.01
-8751.32
-9322.82
-9878.67
-10418
-10940.1
-11444.2
-11929.7
-12395.8
-12842
-13267.6
-13672.3
-14055.4
-14416.6
-14755.4
-15071.4
-15364.3
-15633.9
-15879.8
-16101.7
-16299.5
-16473
-16621.9
-16746.3
-16845.8
-16920.6
-16970.4
-16995.3
-340.612
-1022.72
-1704.51
-2383.27
-3057.8
-3726.93
-4389.49
-5044.34
-5690.36
-6326.47
-6951.62
-7564.8
-8165.01
-8751.32
-9322.82
-9878.67
-10418
-10940.1
-11444.3
-11929.7
-12395.8
-12842
-13267.6
-13672.3
-14055.4
-14416.6
-14755.4
-15071.4
-15364.4
-15633.9
-15879.8
-16101.7
-16299.5
-16473
-16621.9
-16746.3
-16845.8
-16920.6
-16970.4
-16995.3
-340.612
-1022.72
-1704.51
-2383.27
-3057.8
-3726.93
-4389.49
-5044.34
-5690.36
-6326.47
-6951.62
-7564.8
-8165.01
-8751.32
-9322.82
-9878.67
-10418
-10940.1
-11444.3
-11929.7
-12395.8
-12842
-13267.6
-13672.3
-14055.4
-14416.6
-14755.4
-15071.4
-15364.4
-15633.9
-15879.8
-16101.7
-16299.5
-16473
-16621.9
-16746.3
-16845.8
-16920.6
-16970.4
-16995.3
-340.611
-1022.72
-1704.51
-2383.27
-3057.8
-3726.93
-4389.49
-5044.34
-5690.36
-6326.47
-6951.62
-7564.8
-8165.01
-8751.32
-9322.82
-9878.67
-10418
-10940.1
-11444.3
-11929.7
-12395.8
-12842
-13267.6
-13672.3
-14055.4
-14416.6
-14755.4
-15071.4
-15364.4
-15633.9
-15879.8
-16101.7
-16299.5
-16473
-16622
-16746.3
-16845.9
-16920.6
-16970.4
-16995.3
-340.611
-1022.72
-1704.51
-2383.27
-3057.8
-3726.93
-4389.49
-5044.34
-5690.36
-6326.47
-6951.62
-7564.8
-8165.01
-8751.32
-9322.82
-9878.67
-10418
-10940.1
-11444.3
-11929.7
-12395.8
-12842
-13267.6
-13672.3
-14055.4
-14416.6
-14755.4
-15071.4
-15364.4
-15633.9
-15879.8
-16101.7
-16299.5
-16473
-16622
-16746.3
-16845.9
-16920.6
-16970.4
-16995.3
-340.61
-1022.72
-1704.5
-2383.27
-3057.8
-3726.93
-4389.49
-5044.34
-5690.36
-6326.47
-6951.62
-7564.8
-8165.01
-8751.32
-9322.82
-9878.67
-10418
-10940.1
-11444.3
-11929.7
-12395.8
-12842
-13267.6
-13672.3
-14055.4
-14416.6
-14755.4
-15071.4
-15364.4
-15633.9
-15879.8
-16101.7
-16299.5
-16473
-16622
-16746.3
-16845.9
-16920.6
-16970.4
-16995.3
-340.608
-1022.71
-1704.5
-2383.26
-3057.8
-3726.93
-4389.49
-5044.34
-5690.36
-6326.47
-6951.62
-7564.8
-8165.01
-8751.32
-9322.82
-9878.67
-10418
-10940.1
-11444.3
-11929.7
-12395.8
-12842
-13267.6
-13672.3
-14055.4
-14416.6
-14755.4
-15071.4
-15364.4
-15633.9
-15879.8
-16101.7
-16299.5
-16473
-16622
-16746.3
-16845.9
-16920.6
-16970.4
-16995.3
-343.002
-1029.9
-1716.46
-2399.95
-3079.16
-3752.89
-4419.96
-5079.22
-5729.54
-6369.82
-6999.01
-7616.08
-8220.03
-8809.93
-9384.86
-9943.96
-10486.4
-11011.5
-11518.3
-12006.4
-12474.9
-12923.3
-13351.1
-13757.7
-14142.6
-14505.5
-14845.8
-15163.2
-15457.4
-15728.1
-15975
-16197.8
-16396.4
-16570.5
-16720.1
-16844.9
-16944.8
-17019.8
-17069.8
-17094.8
-343.004
-1029.9
-1716.46
-2399.95
-3079.16
-3752.89
-4419.96
-5079.22
-5729.54
-6369.82
-6999.01
-7616.08
-8220.03
-8809.93
-9384.86
-9943.97
-10486.4
-11011.5
-11518.3
-12006.4
-12474.9
-12923.3
-13351.1
-13757.7
-14142.6
-14505.5
-14845.8
-15163.2
-15457.4
-15728.1
-15975
-16197.8
-16396.4
-16570.5
-16720.1
-16844.9
-16944.8
-17019.8
-17069.8
-17094.8
-343.005
-1029.9
-1716.46
-2399.95
-3079.16
-3752.89
-4419.96
-5079.22
-5729.54
-6369.83
-6999.01
-7616.08
-8220.03
-8809.93
-9384.86
-9943.97
-10486.4
-11011.5
-11518.3
-12006.4
-12474.9
-12923.3
-13351.1
-13757.7
-14142.7
-14505.5
-14845.8
-15163.2
-15457.4
-15728.1
-15975
-16197.8
-16396.4
-16570.5
-16720.1
-16844.9
-16944.8
-17019.8
-17069.8
-17094.8
-343.005
-1029.9
-1716.46
-2399.96
-3079.17
-3752.89
-4419.96
-5079.22
-5729.54
-6369.83
-6999.01
-7616.08
-8220.03
-8809.93
-9384.86
-9943.97
-10486.4
-11011.5
-11518.3
-12006.4
-12474.9
-12923.3
-13351.1
-13757.7
-14142.7
-14505.5
-14845.8
-15163.2
-15457.4
-15728.1
-15975
-16197.8
-16396.4
-16570.5
-16720.1
-16844.9
-16944.8
-17019.8
-17069.8
-17094.8
-343.005
-1029.9
-1716.46
-2399.96
-3079.17
-3752.9
-4419.97
-5079.22
-5729.54
-6369.83
-6999.02
-7616.08
-8220.04
-8809.93
-9384.87
-9943.97
-10486.4
-11011.5
-11518.3
-12006.4
-12474.9
-12923.3
-13351.1
-13757.7
-14142.7
-14505.5
-14845.8
-15163.2
-15457.4
-15728.1
-15975
-16197.8
-16396.4
-16570.5
-16720.1
-16844.9
-16944.8
-17019.8
-17069.8
-17094.8
-343.005
-1029.9
-1716.46
-2399.96
-3079.17
-3752.9
-4419.97
-5079.23
-5729.55
-6369.83
-6999.02
-7616.09
-8220.04
-8809.94
-9384.87
-9943.98
-10486.4
-11011.5
-11518.3
-12006.4
-12474.9
-12923.3
-13351.1
-13757.7
-14142.7
-14505.5
-14845.8
-15163.2
-15457.4
-15728.1
-15975
-16197.8
-16396.4
-16570.5
-16720.1
-16844.9
-16944.8
-17019.8
-17069.8
-17094.8
-343.006
-1029.9
-1716.47
-2399.96
-3079.17
-3752.9
-4419.97
-5079.23
-5729.55
-6369.83
-6999.02
-7616.09
-8220.04
-8809.94
-9384.87
-9943.98
-10486.4
-11011.5
-11518.3
-12006.4
-12474.9
-12923.4
-13351.1
-13757.7
-14142.7
-14505.5
-14845.8
-15163.2
-15457.4
-15728.1
-15975
-16197.8
-16396.4
-16570.5
-16720.1
-16844.9
-16944.8
-17019.8
-17069.8
-17094.8
-343.006
-1029.9
-1716.47
-2399.96
-3079.17
-3752.9
-4419.97
-5079.23
-5729.55
-6369.84
-6999.03
-7616.09
-8220.05
-8809.94
-9384.88
-9943.98
-10486.4
-11011.5
-11518.4
-12006.4
-12474.9
-12923.4
-13351.1
-13757.7
-14142.7
-14505.5
-14845.8
-15163.2
-15457.4
-15728.1
-15975
-16197.8
-16396.4
-16570.6
-16720.1
-16844.9
-16944.8
-17019.8
-17069.8
-17094.8
-343.006
-1029.9
-1716.47
-2399.96
-3079.17
-3752.9
-4419.97
-5079.23
-5729.55
-6369.84
-6999.03
-7616.1
-8220.05
-8809.95
-9384.88
-9943.99
-10486.4
-11011.5
-11518.4
-12006.4
-12474.9
-12923.4
-13351.1
-13757.7
-14142.7
-14505.5
-14845.8
-15163.2
-15457.5
-15728.1
-15975
-16197.8
-16396.4
-16570.6
-16720.1
-16844.9
-16944.8
-17019.8
-17069.8
-17094.9
-343.006
-1029.91
-1716.47
-2399.96
-3079.17
-3752.9
-4419.98
-5079.24
-5729.56
-6369.84
-6999.03
-7616.1
-8220.06
-8809.95
-9384.89
-9944
-10486.5
-11011.5
-11518.4
-12006.4
-12474.9
-12923.4
-13351.2
-13757.8
-14142.7
-14505.5
-14845.8
-15163.3
-15457.5
-15728.1
-15975
-16197.9
-16396.4
-16570.6
-16720.1
-16844.9
-16944.8
-17019.8
-17069.8
-17094.9
-343.006
-1029.91
-1716.47
-2399.96
-3079.18
-3752.91
-4419.98
-5079.24
-5729.56
-6369.85
-6999.04
-7616.11
-8220.06
-8809.96
-9384.89
-9944
-10486.5
-11011.5
-11518.4
-12006.4
-12474.9
-12923.4
-13351.2
-13757.8
-14142.7
-14505.5
-14845.8
-15163.3
-15457.5
-15728.1
-15975
-16197.9
-16396.4
-16570.6
-16720.1
-16844.9
-16944.8
-17019.9
-17069.9
-17094.9
-343.007
-1029.91
-1716.47
-2399.97
-3079.18
-3752.91
-4419.98
-5079.24
-5729.57
-6369.85
-6999.04
-7616.11
-8220.07
-8809.97
-9384.9
-9944.01
-10486.5
-11011.5
-11518.4
-12006.4
-12474.9
-12923.4
-13351.2
-13757.8
-14142.7
-14505.5
-14845.8
-15163.3
-15457.5
-15728.2
-15975
-16197.9
-16396.5
-16570.6
-16720.1
-16844.9
-16944.9
-17019.9
-17069.9
-17094.9
-343.007
-1029.91
-1716.47
-2399.97
-3079.18
-3752.91
-4419.99
-5079.25
-5729.57
-6369.86
-6999.05
-7616.12
-8220.07
-8809.97
-9384.91
-9944.01
-10486.5
-11011.5
-11518.4
-12006.4
-12475
-12923.4
-13351.2
-13757.8
-14142.7
-14505.5
-14845.9
-15163.3
-15457.5
-15728.2
-15975
-16197.9
-16396.5
-16570.6
-16720.1
-16844.9
-16944.9
-17019.9
-17069.9
-17094.9
-343.007
-1029.91
-1716.47
-2399.97
-3079.18
-3752.91
-4419.99
-5079.25
-5729.57
-6369.86
-6999.05
-7616.12
-8220.08
-8809.98
-9384.91
-9944.02
-10486.5
-11011.5
-11518.4
-12006.4
-12475
-12923.4
-13351.2
-13757.8
-14142.7
-14505.5
-14845.9
-15163.3
-15457.5
-15728.2
-15975.1
-16197.9
-16396.5
-16570.6
-16720.1
-16844.9
-16944.9
-17019.9
-17069.9
-17094.9
-343.007
-1029.91
-1716.47
-2399.97
-3079.18
-3752.92
-4419.99
-5079.25
-5729.58
-6369.86
-6999.06
-7616.12
-8220.08
-8809.98
-9384.92
-9944.03
-10486.5
-11011.5
-11518.4
-12006.4
-12475
-12923.4
-13351.2
-13757.8
-14142.7
-14505.6
-14845.9
-15163.3
-15457.5
-15728.2
-15975.1
-16197.9
-16396.5
-16570.6
-16720.1
-16844.9
-16944.9
-17019.9
-17069.9
-17094.9
-343.008
-1029.91
-1716.48
-2399.97
-3079.19
-3752.92
-4419.99
-5079.26
-5729.58
-6369.87
-6999.06
-7616.13
-8220.09
-8809.99
-9384.92
-9944.03
-10486.5
-11011.5
-11518.4
-12006.4
-12475
-12923.4
-13351.2
-13757.8
-14142.7
-14505.6
-14845.9
-15163.3
-15457.5
-15728.2
-15975.1
-16197.9
-16396.5
-16570.6
-16720.2
-16845
-16944.9
-17019.9
-17069.9
-17094.9
-343.008
-1029.91
-1716.48
-2399.97
-3079.19
-3752.92
-4420
-5079.26
-5729.58
-6369.87
-6999.06
-7616.13
-8220.09
-8809.99
-9384.93
-9944.04
-10486.5
-11011.5
-11518.4
-12006.4
-12475
-12923.4
-13351.2
-13757.8
-14142.7
-14505.6
-14845.9
-15163.3
-15457.5
-15728.2
-15975.1
-16197.9
-16396.5
-16570.6
-16720.2
-16845
-16944.9
-17019.9
-17069.9
-17094.9
-343.008
-1029.91
-1716.48
-2399.97
-3079.19
-3752.92
-4420
-5079.26
-5729.59
-6369.88
-6999.07
-7616.14
-8220.1
-8810
-9384.93
-9944.04
-10486.5
-11011.5
-11518.4
-12006.5
-12475
-12923.4
-13351.2
-13757.8
-14142.8
-14505.6
-14845.9
-15163.3
-15457.5
-15728.2
-15975.1
-16197.9
-16396.5
-16570.6
-16720.2
-16845
-16944.9
-17019.9
-17069.9
-17094.9
-343.008
-1029.91
-1716.48
-2399.98
-3079.19
-3752.93
-4420
-5079.26
-5729.59
-6369.88
-6999.07
-7616.14
-8220.1
-8810
-9384.94
-9944.05
-10486.5
-11011.5
-11518.4
-12006.5
-12475
-12923.4
-13351.2
-13757.8
-14142.8
-14505.6
-14845.9
-15163.3
-15457.5
-15728.2
-15975.1
-16197.9
-16396.5
-16570.7
-16720.2
-16845
-16944.9
-17019.9
-17069.9
-17094.9
-343.008
-1029.91
-1716.48
-2399.98
-3079.19
-3752.93
-4420
-5079.27
-5729.59
-6369.88
-6999.08
-7616.15
-8220.1
-8810.01
-9384.94
-9944.05
-10486.5
-11011.6
-11518.4
-12006.5
-12475
-12923.4
-13351.2
-13757.8
-14142.8
-14505.6
-14845.9
-15163.3
-15457.5
-15728.2
-15975.1
-16197.9
-16396.5
-16570.7
-16720.2
-16845
-16944.9
-17019.9
-17069.9
-17095
-343.008
-1029.91
-1716.48
-2399.98
-3079.19
-3752.93
-4420
-5079.27
-5729.59
-6369.88
-6999.08
-7616.15
-8220.11
-8810.01
-9384.95
-9944.06
-10486.5
-11011.6
-11518.4
-12006.5
-12475
-12923.5
-13351.2
-13757.8
-14142.8
-14505.6
-14845.9
-15163.3
-15457.6
-15728.2
-15975.1
-16197.9
-16396.5
-16570.7
-16720.2
-16845
-16944.9
-17019.9
-17069.9
-17095
-343.009
-1029.91
-1716.48
-2399.98
-3079.19
-3752.93
-4420.01
-5079.27
-5729.6
-6369.89
-6999.08
-7616.15
-8220.11
-8810.01
-9384.95
-9944.06
-10486.5
-11011.6
-11518.4
-12006.5
-12475
-12923.5
-13351.2
-13757.8
-14142.8
-14505.6
-14845.9
-15163.4
-15457.6
-15728.2
-15975.1
-16198
-16396.5
-16570.7
-16720.2
-16845
-16944.9
-17020
-17070
-17095
-343.009
-1029.91
-1716.48
-2399.98
-3079.2
-3752.93
-4420.01
-5079.27
-5729.6
-6369.89
-6999.08
-7616.15
-8220.11
-8810.02
-9384.95
-9944.06
-10486.5
-11011.6
-11518.4
-12006.5
-12475
-12923.5
-13351.2
-13757.8
-14142.8
-14505.6
-14845.9
-15163.4
-15457.6
-15728.2
-15975.1
-16198
-16396.5
-16570.7
-16720.2
-16845
-16945
-17020
-17070
-17095
-343.009
-1029.91
-1716.48
-2399.98
-3079.2
-3752.93
-4420.01
-5079.27
-5729.6
-6369.89
-6999.09
-7616.16
-8220.12
-8810.02
-9384.96
-9944.07
-10486.5
-11011.6
-11518.4
-12006.5
-12475
-12923.5
-13351.3
-13757.9
-14142.8
-14505.6
-14845.9
-15163.4
-15457.6
-15728.3
-15975.1
-16198
-16396.5
-16570.7
-16720.2
-16845
-16945
-17020
-17070
-17095
-343.009
-1029.91
-1716.48
-2399.98
-3079.2
-3752.93
-4420.01
-5079.28
-5729.6
-6369.89
-6999.09
-7616.16
-8220.12
-8810.02
-9384.96
-9944.07
-10486.5
-11011.6
-11518.5
-12006.5
-12475
-12923.5
-13351.3
-13757.9
-14142.8
-14505.6
-14845.9
-15163.4
-15457.6
-15728.3
-15975.1
-16198
-16396.6
-16570.7
-16720.2
-16845
-16945
-17020
-17070
-17095
-343.009
-1029.91
-1716.48
-2399.98
-3079.2
-3752.93
-4420.01
-5079.28
-5729.6
-6369.89
-6999.09
-7616.16
-8220.12
-8810.02
-9384.96
-9944.07
-10486.5
-11011.6
-11518.5
-12006.5
-12475
-12923.5
-13351.3
-13757.9
-14142.8
-14505.6
-14845.9
-15163.4
-15457.6
-15728.3
-15975.1
-16198
-16396.6
-16570.7
-16720.2
-16845
-16945
-17020
-17070
-17095
-343.009
-1029.91
-1716.48
-2399.98
-3079.2
-3752.93
-4420.01
-5079.28
-5729.6
-6369.9
-6999.09
-7616.16
-8220.12
-8810.03
-9384.96
-9944.07
-10486.5
-11011.6
-11518.5
-12006.5
-12475
-12923.5
-13351.3
-13757.9
-14142.8
-14505.6
-14845.9
-15163.4
-15457.6
-15728.3
-15975.1
-16198
-16396.6
-16570.7
-16720.2
-16845
-16945
-17020
-17070
-17095
-343.009
-1029.91
-1716.48
-2399.98
-3079.2
-3752.93
-4420.01
-5079.28
-5729.6
-6369.9
-6999.09
-7616.16
-8220.12
-8810.03
-9384.97
-9944.08
-10486.5
-11011.6
-11518.5
-12006.5
-12475
-12923.5
-13351.3
-13757.9
-14142.8
-14505.6
-14846
-15163.4
-15457.6
-15728.3
-15975.1
-16198
-16396.6
-16570.7
-16720.2
-16845
-16945
-17020
-17070
-17095
-343.009
-1029.91
-1716.48
-2399.98
-3079.2
-3752.94
-4420.01
-5079.28
-5729.61
-6369.9
-6999.09
-7616.16
-8220.13
-8810.03
-9384.97
-9944.08
-10486.5
-11011.6
-11518.5
-12006.5
-12475
-12923.5
-13351.3
-13757.9
-14142.8
-14505.6
-14846
-15163.4
-15457.6
-15728.3
-15975.2
-16198
-16396.6
-16570.7
-16720.2
-16845
-16945
-17020
-17070
-17095
-343.009
-1029.91
-1716.48
-2399.98
-3079.2
-3752.94
-4420.01
-5079.28
-5729.61
-6369.9
-6999.09
-7616.17
-8220.13
-8810.03
-9384.97
-9944.08
-10486.5
-11011.6
-11518.5
-12006.5
-12475
-12923.5
-13351.3
-13757.9
-14142.8
-14505.6
-14846
-15163.4
-15457.6
-15728.3
-15975.2
-16198
-16396.6
-16570.7
-16720.2
-16845
-16945
-17020
-17070
-17095
-343.009
-1029.91
-1716.48
-2399.98
-3079.2
-3752.94
-4420.01
-5079.28
-5729.61
-6369.9
-6999.09
-7616.17
-8220.13
-8810.03
-9384.97
-9944.08
-10486.5
-11011.6
-11518.5
-12006.5
-12475
-12923.5
-13351.3
-13757.9
-14142.8
-14505.6
-14846
-15163.4
-15457.6
-15728.3
-15975.2
-16198
-16396.6
-16570.7
-16720.2
-16845
-16945
-17020
-17070
-17095
-343.009
-1029.91
-1716.48
-2399.98
-3079.2
-3752.94
-4420.01
-5079.28
-5729.61
-6369.9
-6999.09
-7616.17
-8220.13
-8810.03
-9384.97
-9944.08
-10486.5
-11011.6
-11518.5
-12006.5
-12475
-12923.5
-13351.3
-13757.9
-14142.8
-14505.6
-14846
-15163.4
-15457.6
-15728.3
-15975.2
-16198
-16396.6
-16570.7
-16720.3
-16845
-16945
-17020
-17070
-17095
-343.009
-1029.91
-1716.48
-2399.98
-3079.2
-3752.94
-4420.01
-5079.28
-5729.61
-6369.9
-6999.09
-7616.17
-8220.13
-8810.03
-9384.97
-9944.08
-10486.5
-11011.6
-11518.5
-12006.5
-12475
-12923.5
-13351.3
-13757.9
-14142.8
-14505.6
-14846
-15163.4
-15457.6
-15728.3
-15975.2
-16198
-16396.6
-16570.7
-16720.3
-16845
-16945
-17020
-17070
-17095
-343.009
-1029.91
-1716.48
-2399.98
-3079.2
-3752.94
-4420.01
-5079.28
-5729.61
-6369.9
-6999.09
-7616.17
-8220.13
-8810.03
-9384.97
-9944.08
-10486.5
-11011.6
-11518.5
-12006.5
-12475
-12923.5
-13351.3
-13757.9
-14142.8
-14505.7
-14846
-15163.4
-15457.6
-15728.3
-15975.2
-16198
-16396.6
-16570.7
-16720.3
-16845.1
-16945
-17020
-17070
-17095
-343.009
-1029.91
-1716.48
-2399.98
-3079.2
-3752.94
-4420.01
-5079.28
-5729.61
-6369.9
-6999.09
-7616.17
-8220.13
-8810.03
-9384.97
-9944.08
-10486.5
-11011.6
-11518.5
-12006.5
-12475
-12923.5
-13351.3
-13757.9
-14142.8
-14505.7
-14846
-15163.4
-15457.6
-15728.3
-15975.2
-16198
-16396.6
-16570.7
-16720.3
-16845.1
-16945
-17020
-17070
-17095
-343.009
-1029.91
-1716.48
-2399.98
-3079.2
-3752.94
-4420.01
-5079.28
-5729.61
-6369.9
-6999.09
-7616.17
-8220.13
-8810.03
-9384.97
-9944.08
-10486.5
-11011.6
-11518.5
-12006.5
-12475
-12923.5
-13351.3
-13757.9
-14142.8
-14505.7
-14846
-15163.4
-15457.6
-15728.3
-15975.2
-16198
-16396.6
-16570.7
-16720.3
-16845.1
-16945
-17020
-17070
-17095
-343.009
-1029.91
-1716.48
-2399.98
-3079.2
-3752.94
-4420.01
-5079.28
-5729.61
-6369.9
-6999.09
-7616.17
-8220.13
-8810.03
-9384.97
-9944.08
-10486.5
-11011.6
-11518.5
-12006.5
-12475
-12923.5
-13351.3
-13757.9
-14142.8
-14505.7
-14846
-15163.4
-15457.6
-15728.3
-15975.2
-16198
-16396.6
-16570.7
-16720.3
-16845.1
-16945
-17020
-17070
-17095
-343.009
-1029.91
-1716.48
-2399.98
-3079.2
-3752.94
-4420.01
-5079.28
-5729.61
-6369.9
-6999.09
-7616.17
-8220.13
-8810.03
-9384.97
-9944.08
-10486.5
-11011.6
-11518.5
-12006.5
-12475
-12923.5
-13351.3
-13757.9
-14142.8
-14505.7
-14846
-15163.4
-15457.6
-15728.3
-15975.2
-16198
-16396.6
-16570.7
-16720.3
-16845.1
-16945
-17020
-17070
-17095
-343.008
-1029.91
-1716.48
-2399.98
-3079.2
-3752.93
-4420.01
-5079.28
-5729.61
-6369.9
-6999.09
-7616.17
-8220.13
-8810.03
-9384.97
-9944.08
-10486.5
-11011.6
-11518.5
-12006.5
-12475
-12923.5
-13351.3
-13757.9
-14142.8
-14505.7
-14846
-15163.4
-15457.6
-15728.3
-15975.2
-16198
-16396.6
-16570.7
-16720.3
-16845.1
-16945
-17020
-17070
-17095
-343.006
-1029.91
-1716.48
-2399.98
-3079.2
-3752.93
-4420.01
-5079.28
-5729.61
-6369.9
-6999.09
-7616.17
-8220.13
-8810.03
-9384.97
-9944.08
-10486.5
-11011.6
-11518.5
-12006.5
-12475
-12923.5
-13351.3
-13757.9
-14142.8
-14505.7
-14846
-15163.4
-15457.6
-15728.3
-15975.2
-16198
-16396.6
-16570.7
-16720.3
-16845.1
-16945
-17020
-17070
-17095
-346.014
-1038.93
-1731.5
-2420.95
-3106.04
-3785.55
-4458.3
-5123.1
-5778.82
-6424.35
-7058.6
-7680.56
-8289.21
-8883.6
-9462.83
-10026
-10572.4
-11101.1
-11611.4
-12102.7
-12574.3
-13025.5
-13455.9
-13865
-14252.2
-14617.1
-14959.3
-15278.4
-15574.2
-15846.3
-16094.4
-16318.4
-16517.9
-16692.9
-16843.1
-16968.5
-17068.9
-17144.2
-17194.5
-17219.6
-346.016
-1038.94
-1731.51
-2420.95
-3106.04
-3785.55
-4458.3
-5123.1
-5778.82
-6424.35
-7058.6
-7680.56
-8289.21
-8883.6
-9462.83
-10026
-10572.4
-11101.1
-11611.4
-12102.7
-12574.3
-13025.5
-13455.9
-13865
-14252.2
-14617.1
-14959.3
-15278.4
-15574.2
-15846.3
-16094.4
-16318.4
-16517.9
-16692.9
-16843.1
-16968.5
-17068.9
-17144.2
-17194.5
-17219.6
-346.016
-1038.94
-1731.51
-2420.95
-3106.04
-3785.56
-4458.3
-5123.1
-5778.82
-6424.35
-7058.61
-7680.56
-8289.21
-8883.61
-9462.83
-10026
-10572.4
-11101.1
-11611.4
-12102.7
-12574.3
-13025.5
-13455.9
-13865
-14252.2
-14617.1
-14959.3
-15278.4
-15574.2
-15846.3
-16094.4
-16318.4
-16517.9
-16692.9
-16843.1
-16968.5
-17068.9
-17144.2
-17194.5
-17219.6
-346.017
-1038.94
-1731.51
-2420.95
-3106.04
-3785.56
-4458.3
-5123.1
-5778.82
-6424.35
-7058.61
-7680.56
-8289.21
-8883.61
-9462.84
-10026
-10572.4
-11101.1
-11611.4
-12102.7
-12574.3
-13025.5
-13456
-13865
-14252.2
-14617.1
-14959.3
-15278.4
-15574.2
-15846.3
-16094.4
-16318.4
-16517.9
-16692.9
-16843.1
-16968.5
-17068.9
-17144.2
-17194.5
-17219.6
-346.017
-1038.94
-1731.51
-2420.95
-3106.04
-3785.56
-4458.3
-5123.11
-5778.83
-6424.35
-7058.61
-7680.56
-8289.21
-8883.61
-9462.84
-10026
-10572.4
-11101.1
-11611.4
-12102.7
-12574.3
-13025.5
-13456
-13865
-14252.2
-14617.1
-14959.3
-15278.4
-15574.2
-15846.3
-16094.4
-16318.4
-16517.9
-16692.9
-16843.1
-16968.5
-17068.9
-17144.2
-17194.5
-17219.6
-346.017
-1038.94
-1731.51
-2420.95
-3106.04
-3785.56
-4458.3
-5123.11
-5778.83
-6424.35
-7058.61
-7680.57
-8289.22
-8883.61
-9462.84
-10026
-10572.4
-11101.1
-11611.4
-12102.7
-12574.3
-13025.5
-13456
-13865
-14252.2
-14617.1
-14959.3
-15278.5
-15574.2
-15846.3
-16094.4
-16318.4
-16517.9
-16692.9
-16843.1
-16968.5
-17068.9
-17144.2
-17194.5
-17219.6
-346.017
-1038.94
-1731.51
-2420.96
-3106.05
-3785.56
-4458.31
-5123.11
-5778.83
-6424.36
-7058.62
-7680.57
-8289.22
-8883.62
-9462.85
-10026
-10572.4
-11101.1
-11611.4
-12102.7
-12574.3
-13025.5
-13456
-13865
-14252.2
-14617.1
-14959.3
-15278.5
-15574.2
-15846.3
-16094.4
-16318.4
-16517.9
-16692.9
-16843.1
-16968.5
-17068.9
-17144.3
-17194.5
-17219.6
-346.018
-1038.94
-1731.51
-2420.96
-3106.05
-3785.56
-4458.31
-5123.11
-5778.83
-6424.36
-7058.62
-7680.57
-8289.23
-8883.62
-9462.85
-10026
-10572.4
-11101.1
-11611.4
-12102.7
-12574.3
-13025.6
-13456
-13865
-14252.2
-14617.1
-14959.3
-15278.5
-15574.2
-15846.3
-16094.4
-16318.4
-16517.9
-16692.9
-16843.1
-16968.5
-17068.9
-17144.3
-17194.5
-17219.6
-346.018
-1038.94
-1731.51
-2420.96
-3106.05
-3785.57
-4458.31
-5123.12
-5778.84
-6424.36
-7058.62
-7680.58
-8289.23
-8883.63
-9462.86
-10026.1
-10572.4
-11101.1
-11611.4
-12102.7
-12574.3
-13025.6
-13456
-13865
-14252.2
-14617.1
-14959.3
-15278.5
-15574.2
-15846.3
-16094.5
-16318.4
-16517.9
-16692.9
-16843.1
-16968.5
-17068.9
-17144.3
-17194.5
-17219.6
-346.018
-1038.94
-1731.51
-2420.96
-3106.05
-3785.57
-4458.31
-5123.12
-5778.84
-6424.37
-7058.63
-7680.58
-8289.24
-8883.63
-9462.86
-10026.1
-10572.4
-11101.1
-11611.4
-12102.7
-12574.3
-13025.6
-13456
-13865
-14252.2
-14617.1
-14959.3
-15278.5
-15574.2
-15846.3
-16094.5
-16318.4
-16517.9
-16692.9
-16843.2
-16968.5
-17068.9
-17144.3
-17194.5
-17219.6
-346.018
-1038.94
-1731.51
-2420.96
-3106.05
-3785.57
-4458.32
-5123.12
-5778.84
-6424.37
-7058.63
-7680.59
-8289.24
-8883.64
-9462.87
-10026.1
-10572.4
-11101.1
-11611.4
-12102.7
-12574.3
-13025.6
-13456
-13865
-14252.2
-14617.1
-14959.3
-15278.5
-15574.3
-15846.3
-16094.5
-16318.4
-16518
-16692.9
-16843.2
-16968.5
-17068.9
-17144.3
-17194.5
-17219.6
-346.019
-1038.94
-1731.52
-2420.96
-3106.06
-3785.57
-4458.32
-5123.13
-5778.85
-6424.38
-7058.64
-7680.59
-8289.25
-8883.65
-9462.88
-10026.1
-10572.4
-11101.1
-11611.4
-12102.7
-12574.3
-13025.6
-13456
-13865
-14252.2
-14617.1
-14959.3
-15278.5
-15574.3
-15846.4
-16094.5
-16318.4
-16518
-16692.9
-16843.2
-16968.5
-17069
-17144.3
-17194.5
-17219.7
-346.019
-1038.95
-1731.52
-2420.97
-3106.06
-3785.58
-4458.32
-5123.13
-5778.85
-6424.38
-7058.64
-7680.6
-8289.25
-8883.65
-9462.88
-10026.1
-10572.4
-11101.1
-11611.5
-12102.7
-12574.3
-13025.6
-13456
-13865.1
-14252.2
-14617.1
-14959.4
-15278.5
-15574.3
-15846.4
-16094.5
-16318.4
-16518
-16692.9
-16843.2
-16968.6
-17069
-17144.3
-17194.5
-17219.7
-346.019
-1038.95
-1731.52
-2420.97
-3106.06
-3785.58
-4458.33
-5123.13
-5778.86
-6424.39
-7058.65
-7680.6
-8289.26
-8883.66
-9462.89
-10026.1
-10572.4
-11101.1
-11611.5
-12102.7
-12574.3
-13025.6
-13456
-13865.1
-14252.3
-14617.2
-14959.4
-15278.5
-15574.3
-15846.4
-16094.5
-16318.4
-16518
-16693
-16843.2
-16968.6
-17069
-17144.3
-17194.5
-17219.7
-346.019
-1038.95
-1731.52
-2420.97
-3106.06
-3785.58
-4458.33
-5123.14
-5778.86
-6424.39
-7058.65
-7680.61
-8289.26
-8883.66
-9462.9
-10026.1
-10572.4
-11101.1
-11611.5
-12102.8
-12574.3
-13025.6
-13456
-13865.1
-14252.3
-14617.2
-14959.4
-15278.5
-15574.3
-15846.4
-16094.5
-16318.5
-16518
-16693
-16843.2
-16968.6
-17069
-17144.3
-17194.6
-17219.7
-346.019
-1038.95
-1731.52
-2420.97
-3106.06
-3785.58
-4458.33
-5123.14
-5778.86
-6424.39
-7058.66
-7680.61
-8289.27
-8883.67
-9462.9
-10026.1
-10572.4
-11101.1
-11611.5
-12102.8
-12574.3
-13025.6
-13456
-13865.1
-14252.3
-14617.2
-14959.4
-15278.5
-15574.3
-15846.4
-16094.5
-16318.5
-16518
-16693
-16843.2
-16968.6
-17069
-17144.3
-17194.6
-17219.7
-346.02
-1038.95
-1731.52
-2420.97
-3106.07
-3785.59
-4458.33
-5123.14
-5778.87
-6424.4
-7058.66
-7680.62
-8289.27
-8883.67
-9462.91
-10026.1
-10572.4
-11101.1
-11611.5
-12102.8
-12574.3
-13025.6
-13456
-13865.1
-14252.3
-14617.2
-14959.4
-15278.5
-15574.3
-15846.4
-16094.5
-16318.5
-16518
-16693
-16843.2
-16968.6
-17069
-17144.3
-17194.6
-17219.7
-346.02
-1038.95
-1731.52
-2420.97
-3106.07
-3785.59
-4458.34
-5123.15
-5778.87
-6424.4
-7058.66
-7680.62
-8289.28
-8883.68
-9462.91
-10026.1
-10572.4
-11101.2
-11611.5
-12102.8
-12574.4
-13025.6
-13456.1
-13865.1
-14252.3
-14617.2
-14959.4
-15278.6
-15574.3
-15846.4
-16094.5
-16318.5
-16518
-16693
-16843.2
-16968.6
-17069
-17144.4
-17194.6
-17219.7
-346.02
-1038.95
-1731.52
-2420.97
-3106.07
-3785.59
-4458.34
-5123.15
-5778.87
-6424.4
-7058.67
-7680.62
-8289.28
-8883.68
-9462.92
-10026.1
-10572.5
-11101.2
-11611.5
-12102.8
-12574.4
-13025.6
-13456.1
-13865.1
-14252.3
-14617.2
-14959.4
-15278.6
-15574.3
-15846.4
-16094.5
-16318.5
-16518
-16693
-16843.2
-16968.6
-17069
-17144.4
-17194.6
-17219.7
-346.02
-1038.95
-1731.52
-2420.98
-3106.07
-3785.59
-4458.34
-5123.15
-5778.87
-6424.41
-7058.67
-7680.63
-8289.29
-8883.69
-9462.92
-10026.1
-10572.5
-11101.2
-11611.5
-12102.8
-12574.4
-13025.6
-13456.1
-13865.1
-14252.3
-14617.2
-14959.4
-15278.6
-15574.3
-15846.4
-16094.6
-16318.5
-16518
-16693
-16843.2
-16968.6
-17069
-17144.4
-17194.6
-17219.7
-346.02
-1038.95
-1731.52
-2420.98
-3106.07
-3785.59
-4458.34
-5123.15
-5778.88
-6424.41
-7058.67
-7680.63
-8289.29
-8883.69
-9462.92
-10026.1
-10572.5
-11101.2
-11611.5
-12102.8
-12574.4
-13025.7
-13456.1
-13865.1
-14252.3
-14617.2
-14959.4
-15278.6
-15574.3
-15846.4
-16094.6
-16318.5
-16518
-16693
-16843.3
-16968.6
-17069
-17144.4
-17194.6
-17219.7
-346.02
-1038.95
-1731.52
-2420.98
-3106.07
-3785.59
-4458.34
-5123.15
-5778.88
-6424.41
-7058.67
-7680.63
-8289.29
-8883.69
-9462.93
-10026.1
-10572.5
-11101.2
-11611.5
-12102.8
-12574.4
-13025.7
-13456.1
-13865.1
-14252.3
-14617.2
-14959.4
-15278.6
-15574.4
-15846.4
-16094.6
-16318.5
-16518.1
-16693
-16843.3
-16968.6
-17069
-17144.4
-17194.6
-17219.7
-346.021
-1038.95
-1731.53
-2420.98
-3106.07
-3785.59
-4458.35
-5123.15
-5778.88
-6424.41
-7058.68
-7680.64
-8289.29
-8883.7
-9462.93
-10026.1
-10572.5
-11101.2
-11611.5
-12102.8
-12574.4
-13025.7
-13456.1
-13865.1
-14252.3
-14617.2
-14959.4
-15278.6
-15574.4
-15846.4
-16094.6
-16318.5
-16518.1
-16693
-16843.3
-16968.6
-17069
-17144.4
-17194.6
-17219.7
-346.021
-1038.95
-1731.53
-2420.98
-3106.07
-3785.6
-4458.35
-5123.16
-5778.88
-6424.41
-7058.68
-7680.64
-8289.3
-8883.7
-9462.93
-10026.1
-10572.5
-11101.2
-11611.5
-12102.8
-12574.4
-13025.7
-13456.1
-13865.1
-14252.3
-14617.2
-14959.4
-15278.6
-15574.4
-15846.4
-16094.6
-16318.5
-16518.1
-16693
-16843.3
-16968.6
-17069.1
-17144.4
-17194.6
-17219.8
-346.021
-1038.95
-1731.53
-2420.98
-3106.07
-3785.6
-4458.35
-5123.16
-5778.88
-6424.42
-7058.68
-7680.64
-8289.3
-8883.7
-9462.93
-10026.1
-10572.5
-11101.2
-11611.5
-12102.8
-12574.4
-13025.7
-13456.1
-13865.1
-14252.3
-14617.2
-14959.4
-15278.6
-15574.4
-15846.4
-16094.6
-16318.5
-16518.1
-16693
-16843.3
-16968.7
-17069.1
-17144.4
-17194.6
-17219.8
-346.021
-1038.95
-1731.53
-2420.98
-3106.07
-3785.6
-4458.35
-5123.16
-5778.88
-6424.42
-7058.68
-7680.64
-8289.3
-8883.7
-9462.94
-10026.1
-10572.5
-11101.2
-11611.5
-12102.8
-12574.4
-13025.7
-13456.1
-13865.1
-14252.3
-14617.2
-14959.4
-15278.6
-15574.4
-15846.5
-16094.6
-16318.5
-16518.1
-16693
-16843.3
-16968.7
-17069.1
-17144.4
-17194.6
-17219.8
-346.021
-1038.95
-1731.53
-2420.98
-3106.08
-3785.6
-4458.35
-5123.16
-5778.89
-6424.42
-7058.68
-7680.64
-8289.3
-8883.7
-9462.94
-10026.1
-10572.5
-11101.2
-11611.5
-12102.8
-12574.4
-13025.7
-13456.1
-13865.1
-14252.3
-14617.2
-14959.5
-15278.6
-15574.4
-15846.5
-16094.6
-16318.5
-16518.1
-16693.1
-16843.3
-16968.7
-17069.1
-17144.4
-17194.6
-17219.8
-346.021
-1038.95
-1731.53
-2420.98
-3106.08
-3785.6
-4458.35
-5123.16
-5778.89
-6424.42
-7058.68
-7680.64
-8289.3
-8883.71
-9462.94
-10026.1
-10572.5
-11101.2
-11611.5
-12102.8
-12574.4
-13025.7
-13456.1
-13865.1
-14252.3
-14617.2
-14959.5
-15278.6
-15574.4
-15846.5
-16094.6
-16318.5
-16518.1
-16693.1
-16843.3
-16968.7
-17069.1
-17144.4
-17194.6
-17219.8
-346.021
-1038.95
-1731.53
-2420.98
-3106.08
-3785.6
-4458.35
-5123.16
-5778.89
-6424.42
-7058.68
-7680.64
-8289.3
-8883.71
-9462.94
-10026.1
-10572.5
-11101.2
-11611.5
-12102.8
-12574.4
-13025.7
-13456.1
-13865.1
-14252.3
-14617.2
-14959.5
-15278.6
-15574.4
-15846.5
-16094.6
-16318.5
-16518.1
-16693.1
-16843.3
-16968.7
-17069.1
-17144.4
-17194.6
-17219.8
-346.021
-1038.95
-1731.53
-2420.98
-3106.08
-3785.6
-4458.35
-5123.16
-5778.89
-6424.42
-7058.69
-7680.65
-8289.3
-8883.71
-9462.94
-10026.1
-10572.5
-11101.2
-11611.5
-12102.8
-12574.4
-13025.7
-13456.1
-13865.1
-14252.3
-14617.2
-14959.5
-15278.6
-15574.4
-15846.5
-16094.6
-16318.5
-16518.1
-16693.1
-16843.3
-16968.7
-17069.1
-17144.4
-17194.7
-17219.8
-346.021
-1038.95
-1731.53
-2420.98
-3106.08
-3785.6
-4458.35
-5123.16
-5778.89
-6424.42
-7058.69
-7680.65
-8289.3
-8883.71
-9462.94
-10026.1
-10572.5
-11101.2
-11611.5
-12102.8
-12574.4
-13025.7
-13456.1
-13865.2
-14252.3
-14617.2
-14959.5
-15278.6
-15574.4
-15846.5
-16094.6
-16318.5
-16518.1
-16693.1
-16843.3
-16968.7
-17069.1
-17144.4
-17194.7
-17219.8
-346.021
-1038.95
-1731.53
-2420.98
-3106.08
-3785.6
-4458.35
-5123.16
-5778.89
-6424.42
-7058.69
-7680.65
-8289.31
-8883.71
-9462.94
-10026.1
-10572.5
-11101.2
-11611.5
-12102.8
-12574.4
-13025.7
-13456.1
-13865.2
-14252.3
-14617.3
-14959.5
-15278.6
-15574.4
-15846.5
-16094.6
-16318.5
-16518.1
-16693.1
-16843.3
-16968.7
-17069.1
-17144.4
-17194.7
-17219.8
-346.021
-1038.95
-1731.53
-2420.98
-3106.08
-3785.6
-4458.35
-5123.16
-5778.89
-6424.42
-7058.69
-7680.65
-8289.31
-8883.71
-9462.94
-10026.1
-10572.5
-11101.2
-11611.5
-12102.8
-12574.4
-13025.7
-13456.1
-13865.2
-14252.3
-14617.3
-14959.5
-15278.6
-15574.4
-15846.5
-16094.6
-16318.5
-16518.1
-16693.1
-16843.3
-16968.7
-17069.1
-17144.4
-17194.7
-17219.8
-346.021
-1038.95
-1731.53
-2420.98
-3106.08
-3785.6
-4458.35
-5123.16
-5778.89
-6424.42
-7058.69
-7680.65
-8289.31
-8883.71
-9462.94
-10026.1
-10572.5
-11101.2
-11611.5
-12102.8
-12574.4
-13025.7
-13456.1
-13865.2
-14252.3
-14617.3
-14959.5
-15278.6
-15574.4
-15846.5
-16094.6
-16318.6
-16518.1
-16693.1
-16843.3
-16968.7
-17069.1
-17144.4
-17194.7
-17219.8
-346.021
-1038.95
-1731.53
-2420.98
-3106.08
-3785.6
-4458.35
-5123.16
-5778.89
-6424.42
-7058.69
-7680.65
-8289.31
-8883.71
-9462.94
-10026.1
-10572.5
-11101.2
-11611.5
-12102.8
-12574.4
-13025.7
-13456.1
-13865.2
-14252.4
-14617.3
-14959.5
-15278.6
-15574.4
-15846.5
-16094.6
-16318.6
-16518.1
-16693.1
-16843.3
-16968.7
-17069.1
-17144.4
-17194.7
-17219.8
-346.021
-1038.95
-1731.53
-2420.98
-3106.08
-3785.6
-4458.35
-5123.16
-5778.89
-6424.42
-7058.69
-7680.65
-8289.31
-8883.71
-9462.94
-10026.1
-10572.5
-11101.2
-11611.5
-12102.8
-12574.4
-13025.7
-13456.1
-13865.2
-14252.4
-14617.3
-14959.5
-15278.6
-15574.4
-15846.5
-16094.6
-16318.6
-16518.1
-16693.1
-16843.3
-16968.7
-17069.1
-17144.4
-17194.7
-17219.8
-346.021
-1038.95
-1731.53
-2420.98
-3106.08
-3785.6
-4458.35
-5123.16
-5778.89
-6424.42
-7058.69
-7680.65
-8289.31
-8883.71
-9462.94
-10026.1
-10572.5
-11101.2
-11611.5
-12102.8
-12574.4
-13025.7
-13456.1
-13865.2
-14252.4
-14617.3
-14959.5
-15278.6
-15574.4
-15846.5
-16094.6
-16318.6
-16518.1
-16693.1
-16843.3
-16968.7
-17069.1
-17144.4
-17194.7
-17219.8
-346.02
-1038.95
-1731.53
-2420.98
-3106.08
-3785.6
-4458.35
-5123.16
-5778.89
-6424.42
-7058.69
-7680.65
-8289.31
-8883.71
-9462.94
-10026.1
-10572.5
-11101.2
-11611.5
-12102.8
-12574.4
-13025.7
-13456.1
-13865.2
-14252.4
-14617.3
-14959.5
-15278.6
-15574.4
-15846.5
-16094.6
-16318.6
-16518.1
-16693.1
-16843.3
-16968.7
-17069.1
-17144.4
-17194.7
-17219.8
-346.019
-1038.95
-1731.52
-2420.98
-3106.07
-3785.6
-4458.35
-5123.16
-5778.89
-6424.42
-7058.69
-7680.65
-8289.31
-8883.71
-9462.94
-10026.1
-10572.5
-11101.2
-11611.5
-12102.8
-12574.4
-13025.7
-13456.1
-13865.2
-14252.4
-14617.3
-14959.5
-15278.6
-15574.4
-15846.5
-16094.6
-16318.6
-16518.1
-16693.1
-16843.3
-16968.7
-17069.1
-17144.4
-17194.7
-17219.8
-346.017
-1038.95
-1731.52
-2420.98
-3106.07
-3785.6
-4458.35
-5123.16
-5778.89
-6424.42
-7058.69
-7680.65
-8289.3
-8883.71
-9462.94
-10026.1
-10572.5
-11101.2
-11611.5
-12102.8
-12574.4
-13025.7
-13456.1
-13865.2
-14252.4
-14617.3
-14959.5
-15278.6
-15574.4
-15846.5
-16094.6
-16318.6
-16518.1
-16693.1
-16843.3
-16968.7
-17069.1
-17144.4
-17194.7
-17219.8
-349.651
-1049.85
-1749.67
-2446.3
-3138.49
-3824.99
-4504.58
-5176.06
-5838.29
-6490.13
-7130.5
-7758.34
-8372.64
-8972.45
-9556.84
-10124.9
-10675.9
-11209
-11723.5
-12218.7
-12693.9
-13148.6
-13582.2
-13994.1
-14384
-14751.4
-15095.8
-15417.1
-15714.7
-15988.4
-16238
-16463.3
-16664
-16840
-16991
-17117.1
-17218
-17293.8
-17344.3
-17369.5
-349.653
-1049.85
-1749.67
-2446.3
-3138.49
-3824.99
-4504.58
-5176.07
-5838.29
-6490.14
-7130.5
-7758.34
-8372.64
-8972.45
-9556.84
-10124.9
-10675.9
-11209
-11723.5
-12218.7
-12693.9
-13148.6
-13582.2
-13994.1
-14384
-14751.4
-15095.8
-15417.1
-15714.7
-15988.4
-16238
-16463.3
-16664
-16840
-16991
-17117.1
-17218
-17293.8
-17344.3
-17369.5
-349.653
-1049.85
-1749.67
-2446.31
-3138.49
-3824.99
-4504.58
-5176.07
-5838.29
-6490.14
-7130.5
-7758.34
-8372.64
-8972.45
-9556.84
-10124.9
-10675.9
-11209
-11723.5
-12218.7
-12693.9
-13148.6
-13582.2
-13994.1
-14384
-14751.4
-15095.8
-15417.1
-15714.7
-15988.4
-16238
-16463.3
-16664
-16840
-16991
-17117.1
-17218
-17293.8
-17344.3
-17369.5
-349.654
-1049.85
-1749.67
-2446.31
-3138.49
-3824.99
-4504.58
-5176.07
-5838.3
-6490.14
-7130.5
-7758.34
-8372.65
-8972.45
-9556.84
-10125
-10675.9
-11209
-11723.5
-12218.7
-12693.9
-13148.6
-13582.2
-13994.1
-14384
-14751.4
-15095.8
-15417.1
-15714.7
-15988.4
-16238
-16463.3
-16664
-16840
-16991
-17117.1
-17218
-17293.8
-17344.3
-17369.5
-349.654
-1049.85
-1749.67
-2446.31
-3138.49
-3824.99
-4504.58
-5176.07
-5838.3
-6490.14
-7130.51
-7758.34
-8372.65
-8972.46
-9556.85
-10125
-10675.9
-11209
-11723.5
-12218.7
-12693.9
-13148.6
-13582.2
-13994.1
-14384
-14751.4
-15095.9
-15417.1
-15714.7
-15988.4
-16238.1
-16463.3
-16664
-16840
-16991
-17117.1
-17218
-17293.8
-17344.3
-17369.5
-349.654
-1049.85
-1749.68
-2446.31
-3138.49
-3824.99
-4504.58
-5176.07
-5838.3
-6490.14
-7130.51
-7758.35
-8372.65
-8972.46
-9556.85
-10125
-10676
-11209.1
-11723.5
-12218.7
-12693.9
-13148.6
-13582.2
-13994.1
-14384
-14751.4
-15095.9
-15417.1
-15714.7
-15988.4
-16238.1
-16463.3
-16664
-16840
-16991
-17117.1
-17218
-17293.8
-17344.3
-17369.6
-349.654
-1049.85
-1749.68
-2446.31
-3138.5
-3824.99
-4504.58
-5176.07
-5838.3
-6490.15
-7130.51
-7758.35
-8372.66
-8972.46
-9556.86
-10125
-10676
-11209.1
-11723.5
-12218.7
-12693.9
-13148.6
-13582.2
-13994.1
-14384
-14751.4
-15095.9
-15417.1
-15714.7
-15988.4
-16238.1
-16463.3
-16664
-16840
-16991
-17117.1
-17218.1
-17293.8
-17344.3
-17369.6
-349.655
-1049.86
-1749.68
-2446.31
-3138.5
-3825
-4504.59
-5176.08
-5838.31
-6490.15
-7130.52
-7758.36
-8372.66
-8972.47
-9556.86
-10125
-10676
-11209.1
-11723.5
-12218.7
-12693.9
-13148.6
-13582.2
-13994.1
-14384
-14751.4
-15095.9
-15417.1
-15714.7
-15988.5
-16238.1
-16463.3
-16664
-16840
-16991.1
-17117.1
-17218.1
-17293.8
-17344.3
-17369.6
-349.655
-1049.86
-1749.68
-2446.31
-3138.5
-3825
-4504.59
-5176.08
-5838.31
-6490.15
-7130.52
-7758.36
-8372.67
-8972.47
-9556.87
-10125
-10676
-11209.1
-11723.6
-12218.7
-12693.9
-13148.6
-13582.2
-13994.2
-14384
-14751.4
-15095.9
-15417.1
-15714.7
-15988.5
-16238.1
-16463.3
-16664
-16840
-16991.1
-17117.1
-17218.1
-17293.8
-17344.3
-17369.6
-349.655
-1049.86
-1749.68
-2446.31
-3138.5
-3825
-4504.59
-5176.08
-5838.32
-6490.16
-7130.53
-7758.37
-8372.67
-8972.48
-9556.87
-10125
-10676
-11209.1
-11723.6
-12218.7
-12693.9
-13148.6
-13582.2
-13994.2
-14384
-14751.4
-15095.9
-15417.1
-15714.7
-15988.5
-16238.1
-16463.4
-16664
-16840
-16991.1
-17117.1
-17218.1
-17293.8
-17344.3
-17369.6
-349.655
-1049.86
-1749.68
-2446.32
-3138.5
-3825
-4504.6
-5176.09
-5838.32
-6490.16
-7130.53
-7758.37
-8372.68
-8972.49
-9556.88
-10125
-10676
-11209.1
-11723.6
-12218.7
-12694
-13148.6
-13582.2
-13994.2
-14384.1
-14751.4
-15095.9
-15417.1
-15714.7
-15988.5
-16238.1
-16463.4
-16664.1
-16840
-16991.1
-17117.1
-17218.1
-17293.8
-17344.3
-17369.6
-349.656
-1049.86
-1749.68
-2446.32
-3138.51
-3825.01
-4504.6
-5176.09
-5838.32
-6490.17
-7130.54
-7758.38
-8372.68
-8972.49
-9556.89
-10125
-10676
-11209.1
-11723.6
-12218.7
-12694
-13148.6
-13582.2
-13994.2
-14384.1
-14751.4
-15095.9
-15417.1
-15714.7
-15988.5
-16238.1
-16463.4
-16664.1
-16840
-16991.1
-17117.2
-17218.1
-17293.9
-17344.4
-17369.6
-349.656
-1049.86
-1749.68
-2446.32
-3138.51
-3825.01
-4504.6
-5176.1
-5838.33
-6490.17
-7130.54
-7758.38
-8372.69
-8972.5
-9556.89
-10125
-10676
-11209.1
-11723.6
-12218.8
-12694
-13148.6
-13582.2
-13994.2
-14384.1
-14751.4
-15095.9
-15417.1
-15714.8
-15988.5
-16238.1
-16463.4
-16664.1
-16840
-16991.1
-17117.2
-17218.1
-17293.9
-17344.4
-17369.6
-349.656
-1049.86
-1749.69
-2446.32
-3138.51
-3825.01
-4504.61
-5176.1
-5838.33
-6490.18
-7130.55
-7758.39
-8372.69
-8972.51
-9556.9
-10125
-10676
-11209.1
-11723.6
-12218.8
-12694
-13148.7
-13582.2
-13994.2
-14384.1
-14751.5
-15095.9
-15417.1
-15714.8
-15988.5
-16238.1
-16463.4
-16664.1
-16840
-16991.1
-17117.2
-17218.1
-17293.9
-17344.4
-17369.6
-349.656
-1049.86
-1749.69
-2446.32
-3138.51
-3825.01
-4504.61
-5176.1
-5838.34
-6490.18
-7130.55
-7758.39
-8372.7
-8972.51
-9556.91
-10125
-10676
-11209.1
-11723.6
-12218.8
-12694
-13148.7
-13582.2
-13994.2
-14384.1
-14751.5
-15095.9
-15417.1
-15714.8
-15988.5
-16238.1
-16463.4
-16664.1
-16840.1
-16991.1
-17117.2
-17218.1
-17293.9
-17344.4
-17369.6
-349.657
-1049.86
-1749.69
-2446.33
-3138.52
-3825.02
-4504.61
-5176.11
-5838.34
-6490.19
-7130.55
-7758.4
-8372.71
-8972.52
-9556.91
-10125
-10676
-11209.1
-11723.6
-12218.8
-12694
-13148.7
-13582.3
-13994.2
-14384.1
-14751.5
-15095.9
-15417.2
-15714.8
-15988.5
-16238.2
-16463.4
-16664.1
-16840.1
-16991.1
-17117.2
-17218.1
-17293.9
-17344.4
-17369.7
-349.657
-1049.86
-1749.69
-2446.33
-3138.52
-3825.02
-4504.61
-5176.11
-5838.34
-6490.19
-7130.56
-7758.4
-8372.71
-8972.52
-9556.92
-10125
-10676
-11209.1
-11723.6
-12218.8
-12694
-13148.7
-13582.3
-13994.2
-14384.1
-14751.5
-15096
-15417.2
-15714.8
-15988.5
-16238.2
-16463.4
-16664.1
-16840.1
-16991.1
-17117.2
-17218.2
-17293.9
-17344.4
-17369.7
-349.657
-1049.86
-1749.69
-2446.33
-3138.52
-3825.02
-4504.62
-5176.11
-5838.35
-6490.19
-7130.56
-7758.4
-8372.71
-8972.53
-9556.92
-10125
-10676
-11209.1
-11723.6
-12218.8
-12694
-13148.7
-13582.3
-13994.2
-14384.1
-14751.5
-15096
-15417.2
-15714.8
-15988.6
-16238.2
-16463.4
-16664.1
-16840.1
-16991.2
-17117.2
-17218.2
-17293.9
-17344.4
-17369.7
-349.657
-1049.86
-1749.69
-2446.33
-3138.52
-3825.02
-4504.62
-5176.11
-5838.35
-6490.2
-7130.57
-7758.41
-8372.72
-8972.53
-9556.93
-10125
-10676
-11209.1
-11723.6
-12218.8
-12694
-13148.7
-13582.3
-13994.2
-14384.1
-14751.5
-15096
-15417.2
-15714.8
-15988.6
-16238.2
-16463.4
-16664.1
-16840.1
-16991.2
-17117.2
-17218.2
-17293.9
-17344.4
-17369.7
-349.657
-1049.86
-1749.69
-2446.33
-3138.52
-3825.02
-4504.62
-5176.12
-5838.35
-6490.2
-7130.57
-7758.41
-8372.72
-8972.53
-9556.93
-10125
-10676
-11209.1
-11723.6
-12218.8
-12694
-13148.7
-13582.3
-13994.2
-14384.1
-14751.5
-15096
-15417.2
-15714.8
-15988.6
-16238.2
-16463.4
-16664.1
-16840.1
-16991.2
-17117.2
-17218.2
-17293.9
-17344.4
-17369.7
-349.657
-1049.86
-1749.69
-2446.33
-3138.52
-3825.03
-4504.62
-5176.12
-5838.35
-6490.2
-7130.57
-7758.41
-8372.72
-8972.54
-9556.93
-10125
-10676
-11209.1
-11723.6
-12218.8
-12694
-13148.7
-13582.3
-13994.3
-14384.1
-14751.5
-15096
-15417.2
-15714.8
-15988.6
-16238.2
-16463.5
-16664.1
-16840.1
-16991.2
-17117.2
-17218.2
-17293.9
-17344.4
-17369.7
-349.658
-1049.86
-1749.69
-2446.33
-3138.52
-3825.03
-4504.62
-5176.12
-5838.35
-6490.2
-7130.57
-7758.42
-8372.73
-8972.54
-9556.94
-10125
-10676
-11209.2
-11723.6
-12218.8
-12694
-13148.7
-13582.3
-13994.3
-14384.1
-14751.5
-15096
-15417.2
-15714.8
-15988.6
-16238.2
-16463.5
-16664.2
-16840.1
-16991.2
-17117.2
-17218.2
-17293.9
-17344.4
-17369.7
-349.658
-1049.86
-1749.69
-2446.33
-3138.52
-3825.03
-4504.62
-5176.12
-5838.36
-6490.2
-7130.57
-7758.42
-8372.73
-8972.54
-9556.94
-10125.1
-10676
-11209.2
-11723.6
-12218.8
-12694
-13148.7
-13582.3
-13994.3
-14384.1
-14751.5
-15096
-15417.2
-15714.8
-15988.6
-16238.2
-16463.5
-16664.2
-16840.1
-16991.2
-17117.2
-17218.2
-17293.9
-17344.4
-17369.7
-349.658
-1049.86
-1749.69
-2446.33
-3138.53
-3825.03
-4504.63
-5176.12
-5838.36
-6490.21
-7130.58
-7758.42
-8372.73
-8972.54
-9556.94
-10125.1
-10676.1
-11209.2
-11723.6
-12218.8
-12694
-13148.7
-13582.3
-13994.3
-14384.2
-14751.5
-15096
-15417.2
-15714.8
-15988.6
-16238.2
-16463.5
-16664.2
-16840.1
-16991.2
-17117.3
-17218.2
-17294
-17344.5
-17369.7
-349.658
-1049.86
-1749.69
-2446.33
-3138.53
-3825.03
-4504.63
-5176.12
-5838.36
-6490.21
-7130.58
-7758.42
-8372.73
-8972.55
-9556.94
-10125.1
-10676.1
-11209.2
-11723.6
-12218.8
-12694
-13148.7
-13582.3
-13994.3
-14384.2
-14751.5
-15096
-15417.2
-15714.8
-15988.6
-16238.2
-16463.5
-16664.2
-16840.1
-16991.2
-17117.3
-17218.2
-17294
-17344.5
-17369.7
-349.658
-1049.86
-1749.69
-2446.33
-3138.53
-3825.03
-4504.63
-5176.12
-5838.36
-6490.21
-7130.58
-7758.42
-8372.73
-8972.55
-9556.95
-10125.1
-10676.1
-11209.2
-11723.6
-12218.8
-12694
-13148.7
-13582.3
-13994.3
-14384.2
-14751.5
-15096
-15417.2
-15714.8
-15988.6
-16238.2
-16463.5
-16664.2
-16840.1
-16991.2
-17117.3
-17218.2
-17294
-17344.5
-17369.7
-349.658
-1049.87
-1749.69
-2446.33
-3138.53
-3825.03
-4504.63
-5176.12
-5838.36
-6490.21
-7130.58
-7758.42
-8372.74
-8972.55
-9556.95
-10125.1
-10676.1
-11209.2
-11723.6
-12218.8
-12694
-13148.7
-13582.3
-13994.3
-14384.2
-14751.5
-15096
-15417.2
-15714.8
-15988.6
-16238.2
-16463.5
-16664.2
-16840.1
-16991.2
-17117.3
-17218.2
-17294
-17344.5
-17369.7
-349.658
-1049.87
-1749.69
-2446.33
-3138.53
-3825.03
-4504.63
-5176.12
-5838.36
-6490.21
-7130.58
-7758.43
-8372.74
-8972.55
-9556.95
-10125.1
-10676.1
-11209.2
-11723.7
-12218.8
-12694
-13148.7
-13582.3
-13994.3
-14384.2
-14751.5
-15096
-15417.2
-15714.8
-15988.6
-16238.2
-16463.5
-16664.2
-16840.1
-16991.2
-17117.3
-17218.2
-17294
-17344.5
-17369.7
-349.658
-1049.87
-1749.69
-2446.33
-3138.53
-3825.03
-4504.63
-5176.12
-5838.36
-6490.21
-7130.58
-7758.43
-8372.74
-8972.55
-9556.95
-10125.1
-10676.1
-11209.2
-11723.7
-12218.8
-12694.1
-13148.7
-13582.3
-13994.3
-14384.2
-14751.5
-15096
-15417.2
-15714.8
-15988.6
-16238.2
-16463.5
-16664.2
-16840.1
-16991.2
-17117.3
-17218.2
-17294
-17344.5
-17369.7
-349.658
-1049.87
-1749.69
-2446.33
-3138.53
-3825.03
-4504.63
-5176.12
-5838.36
-6490.21
-7130.58
-7758.43
-8372.74
-8972.55
-9556.95
-10125.1
-10676.1
-11209.2
-11723.7
-12218.8
-12694.1
-13148.7
-13582.3
-13994.3
-14384.2
-14751.5
-15096
-15417.2
-15714.9
-15988.6
-16238.2
-16463.5
-16664.2
-16840.1
-16991.2
-17117.3
-17218.2
-17294
-17344.5
-17369.7
-349.658
-1049.87
-1749.69
-2446.33
-3138.53
-3825.03
-4504.63
-5176.12
-5838.36
-6490.21
-7130.58
-7758.43
-8372.74
-8972.55
-9556.95
-10125.1
-10676.1
-11209.2
-11723.7
-12218.8
-12694.1
-13148.7
-13582.3
-13994.3
-14384.2
-14751.5
-15096
-15417.2
-15714.9
-15988.6
-16238.2
-16463.5
-16664.2
-16840.1
-16991.2
-17117.3
-17218.2
-17294
-17344.5
-17369.7
-349.658
-1049.87
-1749.69
-2446.33
-3138.53
-3825.03
-4504.63
-5176.12
-5838.36
-6490.21
-7130.58
-7758.43
-8372.74
-8972.55
-9556.95
-10125.1
-10676.1
-11209.2
-11723.7
-12218.8
-12694.1
-13148.7
-13582.3
-13994.3
-14384.2
-14751.5
-15096
-15417.2
-15714.9
-15988.6
-16238.2
-16463.5
-16664.2
-16840.1
-16991.2
-17117.3
-17218.2
-17294
-17344.5
-17369.7
-349.658
-1049.87
-1749.69
-2446.33
-3138.53
-3825.03
-4504.63
-5176.12
-5838.36
-6490.21
-7130.58
-7758.43
-8372.74
-8972.55
-9556.95
-10125.1
-10676.1
-11209.2
-11723.7
-12218.8
-12694.1
-13148.7
-13582.3
-13994.3
-14384.2
-14751.5
-15096
-15417.2
-15714.9
-15988.6
-16238.2
-16463.5
-16664.2
-16840.1
-16991.2
-17117.3
-17218.2
-17294
-17344.5
-17369.7
-349.658
-1049.87
-1749.69
-2446.33
-3138.53
-3825.03
-4504.63
-5176.12
-5838.36
-6490.21
-7130.58
-7758.43
-8372.74
-8972.55
-9556.95
-10125.1
-10676.1
-11209.2
-11723.7
-12218.8
-12694.1
-13148.7
-13582.3
-13994.3
-14384.2
-14751.5
-15096
-15417.2
-15714.9
-15988.6
-16238.2
-16463.5
-16664.2
-16840.1
-16991.2
-17117.3
-17218.2
-17294
-17344.5
-17369.7
-349.658
-1049.86
-1749.69
-2446.33
-3138.53
-3825.03
-4504.63
-5176.12
-5838.36
-6490.21
-7130.58
-7758.43
-8372.74
-8972.55
-9556.95
-10125.1
-10676.1
-11209.2
-11723.7
-12218.8
-12694.1
-13148.7
-13582.3
-13994.3
-14384.2
-14751.5
-15096
-15417.2
-15714.9
-15988.6
-16238.2
-16463.5
-16664.2
-16840.1
-16991.2
-17117.3
-17218.2
-17294
-17344.5
-17369.7
-349.658
-1049.86
-1749.69
-2446.33
-3138.53
-3825.03
-4504.63
-5176.12
-5838.36
-6490.21
-7130.58
-7758.43
-8372.74
-8972.55
-9556.95
-10125.1
-10676.1
-11209.2
-11723.7
-12218.8
-12694.1
-13148.7
-13582.3
-13994.3
-14384.2
-14751.5
-15096
-15417.2
-15714.9
-15988.6
-16238.2
-16463.5
-16664.2
-16840.1
-16991.2
-17117.3
-17218.2
-17294
-17344.5
-17369.7
-349.657
-1049.86
-1749.69
-2446.33
-3138.53
-3825.03
-4504.63
-5176.12
-5838.36
-6490.21
-7130.58
-7758.43
-8372.74
-8972.55
-9556.95
-10125.1
-10676.1
-11209.2
-11723.7
-12218.8
-12694.1
-13148.7
-13582.3
-13994.3
-14384.2
-14751.5
-15096
-15417.2
-15714.9
-15988.6
-16238.2
-16463.5
-16664.2
-16840.2
-16991.2
-17117.3
-17218.2
-17294
-17344.5
-17369.7
-349.657
-1049.86
-1749.69
-2446.33
-3138.52
-3825.03
-4504.63
-5176.12
-5838.36
-6490.21
-7130.58
-7758.43
-8372.74
-8972.55
-9556.95
-10125.1
-10676.1
-11209.2
-11723.7
-12218.8
-12694.1
-13148.7
-13582.3
-13994.3
-14384.2
-14751.5
-15096
-15417.2
-15714.9
-15988.6
-16238.2
-16463.5
-16664.2
-16840.2
-16991.2
-17117.3
-17218.2
-17294
-17344.5
-17369.7
-349.656
-1049.86
-1749.69
-2446.33
-3138.52
-3825.03
-4504.63
-5176.12
-5838.36
-6490.21
-7130.58
-7758.42
-8372.74
-8972.55
-9556.95
-10125.1
-10676.1
-11209.2
-11723.7
-12218.8
-12694.1
-13148.7
-13582.3
-13994.3
-14384.2
-14751.5
-15096
-15417.2
-15714.9
-15988.6
-16238.2
-16463.5
-16664.2
-16840.2
-16991.2
-17117.3
-17218.2
-17294
-17344.5
-17369.7
-349.654
-1049.86
-1749.69
-2446.33
-3138.52
-3825.03
-4504.63
-5176.12
-5838.36
-6490.21
-7130.58
-7758.42
-8372.74
-8972.55
-9556.95
-10125.1
-10676.1
-11209.2
-11723.7
-12218.8
-12694.1
-13148.7
-13582.3
-13994.3
-14384.2
-14751.5
-15096
-15417.2
-15714.9
-15988.6
-16238.2
-16463.5
-16664.2
-16840.2
-16991.2
-17117.3
-17218.2
-17294
-17344.5
-17369.7
-353.926
-1062.68
-1771.02
-2476.1
-3176.63
-3871.33
-4558.95
-5238.29
-5908.15
-6567.4
-7214.92
-7849.65
-8470.57
-9076.71
-9667.13
-10241
-10797.4
-11335.6
-11854.9
-12354.7
-12834.1
-13292.7
-13730
-14145.3
-14538.3
-14908.6
-15255.7
-15579.2
-15879
-16154.7
-16406
-16632.8
-16834.8
-17011.9
-17164
-17290.8
-17392.4
-17468.6
-17519.4
-17544.8
-353.928
-1062.68
-1771.03
-2476.1
-3176.63
-3871.33
-4558.95
-5238.29
-5908.15
-6567.4
-7214.92
-7849.65
-8470.57
-9076.71
-9667.13
-10241
-10797.4
-11335.6
-11855
-12354.7
-12834.1
-13292.7
-13730
-14145.3
-14538.3
-14908.6
-15255.7
-15579.2
-15879
-16154.7
-16406
-16632.8
-16834.8
-17011.9
-17164
-17290.8
-17392.4
-17468.6
-17519.4
-17544.8
-353.929
-1062.68
-1771.03
-2476.11
-3176.63
-3871.33
-4558.95
-5238.29
-5908.16
-6567.4
-7214.92
-7849.65
-8470.57
-9076.71
-9667.14
-10241
-10797.4
-11335.6
-11855
-12354.7
-12834.1
-13292.7
-13730
-14145.3
-14538.3
-14908.6
-15255.7
-15579.2
-15879
-16154.7
-16406
-16632.8
-16834.8
-17011.9
-17164
-17290.8
-17392.4
-17468.6
-17519.4
-17544.8
-353.929
-1062.68
-1771.03
-2476.11
-3176.63
-3871.33
-4558.95
-5238.29
-5908.16
-6567.4
-7214.92
-7849.65
-8470.57
-9076.71
-9667.14
-10241
-10797.4
-11335.6
-11855
-12354.7
-12834.1
-13292.7
-13730
-14145.3
-14538.3
-14908.6
-15255.7
-15579.3
-15879
-16154.7
-16406
-16632.8
-16834.8
-17011.9
-17164
-17290.8
-17392.4
-17468.6
-17519.4
-17544.8
-353.93
-1062.68
-1771.03
-2476.11
-3176.63
-3871.33
-4558.96
-5238.29
-5908.16
-6567.41
-7214.93
-7849.66
-8470.58
-9076.71
-9667.14
-10241
-10797.4
-11335.6
-11855
-12354.7
-12834.1
-13292.7
-13730
-14145.3
-14538.3
-14908.6
-15255.7
-15579.3
-15879
-16154.7
-16406
-16632.8
-16834.8
-17011.9
-17164
-17290.8
-17392.4
-17468.6
-17519.4
-17544.8
-353.93
-1062.68
-1771.03
-2476.11
-3176.63
-3871.33
-4558.96
-5238.3
-5908.16
-6567.41
-7214.93
-7849.66
-8470.58
-9076.72
-9667.15
-10241
-10797.4
-11335.7
-11855
-12354.7
-12834.1
-13292.7
-13730
-14145.3
-14538.4
-14908.6
-15255.7
-15579.3
-15879
-16154.7
-16406.1
-16632.8
-16834.8
-17011.9
-17164
-17290.8
-17392.4
-17468.6
-17519.4
-17544.8
-353.93
-1062.68
-1771.03
-2476.11
-3176.64
-3871.33
-4558.96
-5238.3
-5908.17
-6567.41
-7214.93
-7849.67
-8470.59
-9076.72
-9667.15
-10241
-10797.4
-11335.7
-11855
-12354.7
-12834.1
-13292.8
-13730
-14145.4
-14538.4
-14908.6
-15255.7
-15579.3
-15879
-16154.7
-16406.1
-16632.8
-16834.9
-17011.9
-17164
-17290.8
-17392.4
-17468.6
-17519.4
-17544.8
-353.93
-1062.69
-1771.03
-2476.11
-3176.64
-3871.34
-4558.96
-5238.3
-5908.17
-6567.42
-7214.94
-7849.67
-8470.59
-9076.73
-9667.16
-10241
-10797.4
-11335.7
-11855
-12354.7
-12834.1
-13292.8
-13730
-14145.4
-14538.4
-14908.6
-15255.7
-15579.3
-15879.1
-16154.7
-16406.1
-16632.8
-16834.9
-17012
-17164
-17290.8
-17392.4
-17468.6
-17519.4
-17544.8
-353.93
-1062.69
-1771.03
-2476.11
-3176.64
-3871.34
-4558.97
-5238.31
-5908.17
-6567.42
-7214.94
-7849.68
-8470.6
-9076.73
-9667.16
-10241
-10797.4
-11335.7
-11855
-12354.7
-12834.1
-13292.8
-13730
-14145.4
-14538.4
-14908.6
-15255.7
-15579.3
-15879.1
-16154.7
-16406.1
-16632.9
-16834.9
-17012
-17164
-17290.8
-17392.4
-17468.6
-17519.4
-17544.9
-353.931
-1062.69
-1771.03
-2476.12
-3176.64
-3871.34
-4558.97
-5238.31
-5908.18
-6567.43
-7214.95
-7849.68
-8470.6
-9076.74
-9667.17
-10241
-10797.4
-11335.7
-11855
-12354.7
-12834.2
-13292.8
-13730
-14145.4
-14538.4
-14908.6
-15255.7
-15579.3
-15879.1
-16154.8
-16406.1
-16632.9
-16834.9
-17012
-17164
-17290.9
-17392.4
-17468.6
-17519.4
-17544.9
-353.931
-1062.69
-1771.04
-2476.12
-3176.64
-3871.34
-4558.97
-5238.31
-5908.18
-6567.43
-7214.95
-7849.69
-8470.61
-9076.75
-9667.18
-10241
-10797.5
-11335.7
-11855
-12354.7
-12834.2
-13292.8
-13730
-14145.4
-14538.4
-14908.6
-15255.7
-15579.3
-15879.1
-16154.8
-16406.1
-16632.9
-16834.9
-17012
-17164
-17290.9
-17392.4
-17468.7
-17519.5
-17544.9
-353.931
-1062.69
-1771.04
-2476.12
-3176.65
-3871.35
-4558.98
-5238.32
-5908.19
-6567.44
-7214.96
-7849.69
-8470.61
-9076.75
-9667.18
-10241
-10797.5
-11335.7
-11855
-12354.7
-12834.2
-13292.8
-13730
-14145.4
-14538.4
-14908.6
-15255.7
-15579.3
-15879.1
-16154.8
-16406.1
-16632.9
-16834.9
-17012
-17164
-17290.9
-17392.4
-17468.7
-17519.5
-17544.9
-353.932
-1062.69
-1771.04
-2476.12
-3176.65
-3871.35
-4558.98
-5238.32
-5908.19
-6567.44
-7214.96
-7849.7
-8470.62
-9076.76
-9667.19
-10241
-10797.5
-11335.7
-11855
-12354.7
-12834.2
-13292.8
-13730
-14145.4
-14538.4
-14908.7
-15255.7
-15579.3
-15879.1
-16154.8
-16406.1
-16632.9
-16834.9
-17012
-17164
-17290.9
-17392.5
-17468.7
-17519.5
-17544.9
-353.932
-1062.69
-1771.04
-2476.12
-3176.65
-3871.35
-4558.98
-5238.32
-5908.19
-6567.44
-7214.97
-7849.7
-8470.63
-9076.77
-9667.2
-10241
-10797.5
-11335.7
-11855
-12354.7
-12834.2
-13292.8
-13730.1
-14145.4
-14538.4
-14908.7
-15255.8
-15579.3
-15879.1
-16154.8
-16406.1
-16632.9
-16834.9
-17012
-17164.1
-17290.9
-17392.5
-17468.7
-17519.5
-17544.9
-353.932
-1062.69
-1771.04
-2476.13
-3176.65
-3871.36
-4558.99
-5238.33
-5908.2
-6567.45
-7214.97
-7849.71
-8470.63
-9076.77
-9667.2
-10241
-10797.5
-11335.7
-11855
-12354.7
-12834.2
-13292.8
-13730.1
-14145.4
-14538.4
-14908.7
-15255.8
-15579.4
-15879.1
-16154.8
-16406.1
-16632.9
-16834.9
-17012
-17164.1
-17290.9
-17392.5
-17468.7
-17519.5
-17544.9
-353.932
-1062.69
-1771.04
-2476.13
-3176.66
-3871.36
-4558.99
-5238.33
-5908.2
-6567.45
-7214.98
-7849.71
-8470.64
-9076.78
-9667.21
-10241.1
-10797.5
-11335.7
-11855
-12354.7
-12834.2
-13292.8
-13730.1
-14145.4
-14538.4
-14908.7
-15255.8
-15579.4
-15879.1
-16154.8
-16406.2
-16632.9
-16834.9
-17012
-17164.1
-17290.9
-17392.5
-17468.7
-17519.5
-17544.9
-353.932
-1062.69
-1771.04
-2476.13
-3176.66
-3871.36
-4558.99
-5238.33
-5908.21
-6567.46
-7214.98
-7849.72
-8470.64
-9076.78
-9667.21
-10241.1
-10797.5
-11335.7
-11855
-12354.8
-12834.2
-13292.8
-13730.1
-14145.4
-14538.4
-14908.7
-15255.8
-15579.4
-15879.1
-16154.8
-16406.2
-16632.9
-16835
-17012
-17164.1
-17290.9
-17392.5
-17468.7
-17519.5
-17544.9
-353.933
-1062.69
-1771.04
-2476.13
-3176.66
-3871.36
-4558.99
-5238.34
-5908.21
-6567.46
-7214.99
-7849.72
-8470.65
-9076.79
-9667.22
-10241.1
-10797.5
-11335.7
-11855.1
-12354.8
-12834.2
-13292.8
-13730.1
-14145.4
-14538.5
-14908.7
-15255.8
-15579.4
-15879.2
-16154.8
-16406.2
-16632.9
-16835
-17012.1
-17164.1
-17290.9
-17392.5
-17468.7
-17519.5
-17544.9
-353.933
-1062.69
-1771.05
-2476.13
-3176.66
-3871.36
-4559
-5238.34
-5908.21
-6567.46
-7214.99
-7849.72
-8470.65
-9076.79
-9667.22
-10241.1
-10797.5
-11335.7
-11855.1
-12354.8
-12834.2
-13292.9
-13730.1
-14145.5
-14538.5
-14908.7
-15255.8
-15579.4
-15879.2
-16154.8
-16406.2
-16633
-16835
-17012.1
-17164.1
-17290.9
-17392.5
-17468.7
-17519.5
-17545
-353.933
-1062.69
-1771.05
-2476.13
-3176.66
-3871.37
-4559
-5238.34
-5908.21
-6567.47
-7214.99
-7849.73
-8470.65
-9076.79
-9667.23
-10241.1
-10797.5
-11335.7
-11855.1
-12354.8
-12834.2
-13292.9
-13730.1
-14145.5
-14538.5
-14908.7
-15255.8
-15579.4
-15879.2
-16154.8
-16406.2
-16633
-16835
-17012.1
-17164.1
-17291
-17392.5
-17468.7
-17519.5
-17545
-353.933
-1062.69
-1771.05
-2476.13
-3176.66
-3871.37
-4559
-5238.34
-5908.22
-6567.47
-7214.99
-7849.73
-8470.66
-9076.8
-9667.23
-10241.1
-10797.5
-11335.8
-11855.1
-12354.8
-12834.2
-13292.9
-13730.1
-14145.5
-14538.5
-14908.7
-15255.8
-15579.4
-15879.2
-16154.9
-16406.2
-16633
-16835
-17012.1
-17164.1
-17291
-17392.5
-17468.7
-17519.6
-17545
-353.933
-1062.69
-1771.05
-2476.13
-3176.66
-3871.37
-4559
-5238.35
-5908.22
-6567.47
-7215
-7849.73
-8470.66
-9076.8
-9667.23
-10241.1
-10797.5
-11335.8
-11855.1
-12354.8
-12834.2
-13292.9
-13730.1
-14145.5
-14538.5
-14908.7
-15255.8
-15579.4
-15879.2
-16154.9
-16406.2
-16633
-16835
-17012.1
-17164.1
-17291
-17392.5
-17468.8
-17519.6
-17545
-353.933
-1062.69
-1771.05
-2476.13
-3176.66
-3871.37
-4559
-5238.35
-5908.22
-6567.47
-7215
-7849.74
-8470.66
-9076.8
-9667.24
-10241.1
-10797.5
-11335.8
-11855.1
-12354.8
-12834.2
-13292.9
-13730.1
-14145.5
-14538.5
-14908.7
-15255.8
-15579.4
-15879.2
-16154.9
-16406.2
-16633
-16835
-17012.1
-17164.1
-17291
-17392.5
-17468.8
-17519.6
-17545
-353.933
-1062.69
-1771.05
-2476.13
-3176.66
-3871.37
-4559
-5238.35
-5908.22
-6567.47
-7215
-7849.74
-8470.66
-9076.81
-9667.24
-10241.1
-10797.5
-11335.8
-11855.1
-12354.8
-12834.2
-13292.9
-13730.1
-14145.5
-14538.5
-14908.7
-15255.8
-15579.4
-15879.2
-16154.9
-16406.2
-16633
-16835
-17012.1
-17164.1
-17291
-17392.5
-17468.8
-17519.6
-17545
-353.933
-1062.69
-1771.05
-2476.13
-3176.67
-3871.37
-4559
-5238.35
-5908.22
-6567.47
-7215
-7849.74
-8470.66
-9076.81
-9667.24
-10241.1
-10797.5
-11335.8
-11855.1
-12354.8
-12834.2
-13292.9
-13730.1
-14145.5
-14538.5
-14908.7
-15255.8
-15579.4
-15879.2
-16154.9
-16406.2
-16633
-16835
-17012.1
-17164.1
-17291
-17392.6
-17468.8
-17519.6
-17545
-353.933
-1062.69
-1771.05
-2476.13
-3176.67
-3871.37
-4559
-5238.35
-5908.22
-6567.47
-7215
-7849.74
-8470.67
-9076.81
-9667.24
-10241.1
-10797.5
-11335.8
-11855.1
-12354.8
-12834.2
-13292.9
-13730.1
-14145.5
-14538.5
-14908.7
-15255.8
-15579.4
-15879.2
-16154.9
-16406.2
-16633
-16835
-17012.1
-17164.1
-17291
-17392.6
-17468.8
-17519.6
-17545
-353.933
-1062.69
-1771.05
-2476.13
-3176.67
-3871.37
-4559
-5238.35
-5908.22
-6567.48
-7215
-7849.74
-8470.67
-9076.81
-9667.24
-10241.1
-10797.5
-11335.8
-11855.1
-12354.8
-12834.3
-13292.9
-13730.1
-14145.5
-14538.5
-14908.7
-15255.8
-15579.4
-15879.2
-16154.9
-16406.2
-16633
-16835
-17012.1
-17164.1
-17291
-17392.6
-17468.8
-17519.6
-17545
-353.933
-1062.69
-1771.05
-2476.13
-3176.67
-3871.37
-4559
-5238.35
-5908.22
-6567.48
-7215
-7849.74
-8470.67
-9076.81
-9667.24
-10241.1
-10797.5
-11335.8
-11855.1
-12354.8
-12834.3
-13292.9
-13730.1
-14145.5
-14538.5
-14908.7
-15255.8
-15579.4
-15879.2
-16154.9
-16406.2
-16633
-16835
-17012.1
-17164.1
-17291
-17392.6
-17468.8
-17519.6
-17545
-353.933
-1062.69
-1771.05
-2476.13
-3176.67
-3871.37
-4559
-5238.35
-5908.22
-6567.48
-7215
-7849.74
-8470.67
-9076.81
-9667.24
-10241.1
-10797.5
-11335.8
-11855.1
-12354.8
-12834.3
-13292.9
-13730.1
-14145.5
-14538.5
-14908.7
-15255.8
-15579.4
-15879.2
-16154.9
-16406.2
-16633
-16835
-17012.1
-17164.1
-17291
-17392.6
-17468.8
-17519.6
-17545
-353.933
-1062.69
-1771.05
-2476.13
-3176.67
-3871.37
-4559
-5238.35
-5908.22
-6567.48
-7215
-7849.74
-8470.67
-9076.81
-9667.24
-10241.1
-10797.5
-11335.8
-11855.1
-12354.8
-12834.3
-13292.9
-13730.1
-14145.5
-14538.5
-14908.7
-15255.8
-15579.4
-15879.2
-16154.9
-16406.2
-16633
-16835
-17012.1
-17164.1
-17291
-17392.6
-17468.8
-17519.6
-17545
-353.933
-1062.69
-1771.05
-2476.13
-3176.67
-3871.37
-4559
-5238.35
-5908.22
-6567.48
-7215
-7849.74
-8470.67
-9076.81
-9667.24
-10241.1
-10797.5
-11335.8
-11855.1
-12354.8
-12834.3
-13292.9
-13730.1
-14145.5
-14538.5
-14908.7
-15255.8
-15579.4
-15879.2
-16154.9
-16406.2
-16633
-16835
-17012.1
-17164.1
-17291
-17392.6
-17468.8
-17519.6
-17545
-353.933
-1062.69
-1771.05
-2476.13
-3176.67
-3871.37
-4559
-5238.35
-5908.22
-6567.47
-7215
-7849.74
-8470.67
-9076.81
-9667.24
-10241.1
-10797.5
-11335.8
-11855.1
-12354.8
-12834.3
-13292.9
-13730.1
-14145.5
-14538.5
-14908.7
-15255.8
-15579.4
-15879.2
-16154.9
-16406.2
-16633
-16835
-17012.1
-17164.1
-17291
-17392.6
-17468.8
-17519.6
-17545
-353.933
-1062.69
-1771.05
-2476.13
-3176.66
-3871.37
-4559
-5238.35
-5908.22
-6567.47
-7215
-7849.74
-8470.67
-9076.81
-9667.24
-10241.1
-10797.5
-11335.8
-11855.1
-12354.8
-12834.3
-13292.9
-13730.1
-14145.5
-14538.5
-14908.7
-15255.8
-15579.4
-15879.2
-16154.9
-16406.2
-16633
-16835
-17012.1
-17164.1
-17291
-17392.6
-17468.8
-17519.6
-17545
-353.933
-1062.69
-1771.05
-2476.13
-3176.66
-3871.37
-4559
-5238.35
-5908.22
-6567.47
-7215
-7849.74
-8470.67
-9076.81
-9667.24
-10241.1
-10797.5
-11335.8
-11855.1
-12354.8
-12834.3
-13292.9
-13730.1
-14145.5
-14538.5
-14908.7
-15255.8
-15579.4
-15879.2
-16154.9
-16406.2
-16633
-16835
-17012.1
-17164.1
-17291
-17392.6
-17468.8
-17519.6
-17545
-353.933
-1062.69
-1771.05
-2476.13
-3176.66
-3871.37
-4559
-5238.35
-5908.22
-6567.47
-7215
-7849.74
-8470.67
-9076.81
-9667.24
-10241.1
-10797.5
-11335.8
-11855.1
-12354.8
-12834.3
-13292.9
-13730.1
-14145.5
-14538.5
-14908.7
-15255.8
-15579.4
-15879.2
-16154.9
-16406.2
-16633
-16835
-17012.1
-17164.1
-17291
-17392.6
-17468.8
-17519.6
-17545
-353.933
-1062.69
-1771.05
-2476.13
-3176.66
-3871.37
-4559
-5238.35
-5908.22
-6567.47
-7215
-7849.74
-8470.66
-9076.81
-9667.24
-10241.1
-10797.5
-11335.8
-11855.1
-12354.8
-12834.3
-13292.9
-13730.1
-14145.5
-14538.5
-14908.7
-15255.8
-15579.4
-15879.2
-16154.9
-16406.2
-16633
-16835
-17012.1
-17164.1
-17291
-17392.6
-17468.8
-17519.6
-17545
-353.933
-1062.69
-1771.05
-2476.13
-3176.66
-3871.37
-4559
-5238.35
-5908.22
-6567.47
-7215
-7849.74
-8470.66
-9076.81
-9667.24
-10241.1
-10797.5
-11335.8
-11855.1
-12354.8
-12834.3
-13292.9
-13730.1
-14145.5
-14538.5
-14908.7
-15255.8
-15579.4
-15879.2
-16154.9
-16406.2
-16633
-16835
-17012.1
-17164.1
-17291
-17392.6
-17468.8
-17519.6
-17545
-353.933
-1062.69
-1771.05
-2476.13
-3176.66
-3871.37
-4559
-5238.35
-5908.22
-6567.47
-7215
-7849.74
-8470.66
-9076.81
-9667.24
-10241.1
-10797.5
-11335.8
-11855.1
-12354.8
-12834.3
-13292.9
-13730.1
-14145.5
-14538.5
-14908.7
-15255.8
-15579.4
-15879.2
-16154.9
-16406.2
-16633
-16835
-17012.1
-17164.1
-17291
-17392.6
-17468.8
-17519.6
-17545
-353.932
-1062.69
-1771.04
-2476.13
-3176.66
-3871.37
-4559
-5238.34
-5908.22
-6567.47
-7215
-7849.74
-8470.66
-9076.81
-9667.24
-10241.1
-10797.5
-11335.8
-11855.1
-12354.8
-12834.3
-13292.9
-13730.1
-14145.5
-14538.5
-14908.7
-15255.8
-15579.4
-15879.2
-16154.9
-16406.2
-16633
-16835
-17012.1
-17164.1
-17291
-17392.6
-17468.8
-17519.6
-17545
-353.93
-1062.69
-1771.04
-2476.13
-3176.66
-3871.37
-4559
-5238.34
-5908.22
-6567.47
-7215
-7849.74
-8470.66
-9076.81
-9667.24
-10241.1
-10797.5
-11335.8
-11855.1
-12354.8
-12834.3
-13292.9
-13730.1
-14145.5
-14538.5
-14908.7
-15255.8
-15579.4
-15879.2
-16154.9
-16406.2
-16633
-16835
-17012.1
-17164.1
-17291
-17392.6
-17468.8
-17519.6
-17545
-358.856
-1077.47
-1795.64
-2510.46
-3220.59
-3924.73
-4621.61
-5309.98
-5988.63
-6656.39
-7312.13
-7954.77
-8583.28
-9196.67
-9794.01
-10374.4
-10937.1
-11481.2
-12006
-12510.9
-12995.1
-13458.3
-13899.7
-14318.9
-14715.4
-15088.9
-15439
-15765.3
-16067.5
-16345.3
-16598.6
-16827.1
-17030.6
-17209
-17362.1
-17489.8
-17592.1
-17668.8
-17720
-17745.5
-358.858
-1077.47
-1795.65
-2510.46
-3220.59
-3924.74
-4621.61
-5309.98
-5988.63
-6656.39
-7312.13
-7954.77
-8583.28
-9196.67
-9794.01
-10374.4
-10937.1
-11481.2
-12006
-12510.9
-12995.1
-13458.3
-13899.7
-14318.9
-14715.4
-15088.9
-15439
-15765.3
-16067.5
-16345.3
-16598.6
-16827.1
-17030.6
-17209
-17362.1
-17489.8
-17592.1
-17668.8
-17720
-17745.5
-358.859
-1077.47
-1795.65
-2510.46
-3220.59
-3924.74
-4621.62
-5309.98
-5988.63
-6656.39
-7312.13
-7954.78
-8583.28
-9196.68
-9794.02
-10374.4
-10937.1
-11481.2
-12006
-12510.9
-12995.2
-13458.3
-13899.7
-14318.9
-14715.4
-15088.9
-15439
-15765.3
-16067.5
-16345.3
-16598.6
-16827.1
-17030.6
-17209
-17362.1
-17489.8
-17592.1
-17668.8
-17720
-17745.5
-358.859
-1077.47
-1795.65
-2510.46
-3220.59
-3924.74
-4621.62
-5309.99
-5988.64
-6656.39
-7312.14
-7954.78
-8583.29
-9196.68
-9794.02
-10374.4
-10937.1
-11481.2
-12006
-12510.9
-12995.2
-13458.3
-13899.7
-14318.9
-14715.4
-15088.9
-15439
-15765.3
-16067.5
-16345.3
-16598.6
-16827.1
-17030.6
-17209
-17362.1
-17489.8
-17592.1
-17668.8
-17720
-17745.5
-358.859
-1077.48
-1795.65
-2510.46
-3220.6
-3924.74
-4621.62
-5309.99
-5988.64
-6656.4
-7312.14
-7954.78
-8583.29
-9196.68
-9794.02
-10374.4
-10937.1
-11481.2
-12006
-12510.9
-12995.2
-13458.3
-13899.7
-14318.9
-14715.5
-15088.9
-15439
-15765.3
-16067.5
-16345.3
-16598.6
-16827.1
-17030.6
-17209
-17362.1
-17489.8
-17592.1
-17668.8
-17720
-17745.6
-358.86
-1077.48
-1795.65
-2510.47
-3220.6
-3924.74
-4621.62
-5309.99
-5988.64
-6656.4
-7312.14
-7954.78
-8583.29
-9196.69
-9794.03
-10374.4
-10937.1
-11481.2
-12006
-12510.9
-12995.2
-13458.3
-13899.7
-14318.9
-14715.5
-15088.9
-15439
-15765.3
-16067.5
-16345.3
-16598.6
-16827.1
-17030.6
-17209
-17362.1
-17489.8
-17592.1
-17668.8
-17720
-17745.6
-358.86
-1077.48
-1795.65
-2510.47
-3220.6
-3924.74
-4621.62
-5309.99
-5988.64
-6656.4
-7312.15
-7954.79
-8583.3
-9196.69
-9794.03
-10374.4
-10937.1
-11481.2
-12006
-12510.9
-12995.2
-13458.3
-13899.7
-14318.9
-14715.5
-15089
-15439
-15765.3
-16067.5
-16345.3
-16598.6
-16827.1
-17030.6
-17209
-17362.1
-17489.8
-17592.1
-17668.8
-17720
-17745.6
-358.86
-1077.48
-1795.65
-2510.47
-3220.6
-3924.75
-4621.63
-5310
-5988.65
-6656.41
-7312.15
-7954.79
-8583.3
-9196.7
-9794.04
-10374.4
-10937.1
-11481.2
-12006
-12510.9
-12995.2
-13458.3
-13899.7
-14318.9
-14715.5
-15089
-15439
-15765.3
-16067.5
-16345.4
-16598.6
-16827.1
-17030.6
-17209
-17362.1
-17489.8
-17592.1
-17668.8
-17720
-17745.6
-358.86
-1077.48
-1795.65
-2510.47
-3220.6
-3924.75
-4621.63
-5310
-5988.65
-6656.41
-7312.16
-7954.8
-8583.31
-9196.7
-9794.05
-10374.5
-10937.1
-11481.2
-12006
-12510.9
-12995.2
-13458.3
-13899.7
-14318.9
-14715.5
-15089
-15439
-15765.3
-16067.5
-16345.4
-16598.6
-16827.1
-17030.6
-17209
-17362.1
-17489.8
-17592.1
-17668.9
-17720
-17745.6
-358.861
-1077.48
-1795.66
-2510.47
-3220.61
-3924.75
-4621.63
-5310.01
-5988.66
-6656.42
-7312.16
-7954.81
-8583.32
-9196.71
-9794.05
-10374.5
-10937.1
-11481.2
-12006
-12510.9
-12995.2
-13458.3
-13899.7
-14318.9
-14715.5
-15089
-15439
-15765.3
-16067.5
-16345.4
-16598.6
-16827.1
-17030.6
-17209
-17362.1
-17489.9
-17592.1
-17668.9
-17720
-17745.6
-358.861
-1077.48
-1795.66
-2510.47
-3220.61
-3924.76
-4621.64
-5310.01
-5988.66
-6656.42
-7312.17
-7954.81
-8583.32
-9196.72
-9794.06
-10374.5
-10937.1
-11481.2
-12006
-12510.9
-12995.2
-13458.3
-13899.7
-14318.9
-14715.5
-15089
-15439
-15765.3
-16067.5
-16345.4
-16598.7
-16827.1
-17030.6
-17209
-17362.1
-17489.9
-17592.1
-17668.9
-17720
-17745.6
-358.861
-1077.48
-1795.66
-2510.48
-3220.61
-3924.76
-4621.64
-5310.01
-5988.67
-6656.43
-7312.17
-7954.82
-8583.33
-9196.72
-9794.07
-10374.5
-10937.1
-11481.2
-12006.1
-12510.9
-12995.2
-13458.3
-13899.7
-14319
-14715.5
-15089
-15439.1
-15765.3
-16067.5
-16345.4
-16598.7
-16827.2
-17030.7
-17209
-17362.1
-17489.9
-17592.2
-17668.9
-17720
-17745.6
-358.862
-1077.48
-1795.66
-2510.48
-3220.61
-3924.76
-4621.64
-5310.02
-5988.67
-6656.43
-7312.18
-7954.82
-8583.33
-9196.73
-9794.07
-10374.5
-10937.1
-11481.2
-12006.1
-12510.9
-12995.2
-13458.3
-13899.8
-14319
-14715.5
-15089
-15439.1
-15765.3
-16067.5
-16345.4
-16598.7
-16827.2
-17030.7
-17209
-17362.2
-17489.9
-17592.2
-17668.9
-17720.1
-17745.6
-358.862
-1077.48
-1795.66
-2510.48
-3220.62
-3924.76
-4621.65
-5310.02
-5988.67
-6656.44
-7312.18
-7954.83
-8583.34
-9196.74
-9794.08
-10374.5
-10937.1
-11481.2
-12006.1
-12510.9
-12995.2
-13458.4
-13899.8
-14319
-14715.5
-15089
-15439.1
-15765.4
-16067.6
-16345.4
-16598.7
-16827.2
-17030.7
-17209.1
-17362.2
-17489.9
-17592.2
-17668.9
-17720.1
-17745.6
-358.862
-1077.48
-1795.66
-2510.48
-3220.62
-3924.77
-4621.65
-5310.03
-5988.68
-6656.44
-7312.19
-7954.83
-8583.35
-9196.74
-9794.09
-10374.5
-10937.1
-11481.2
-12006.1
-12510.9
-12995.2
-13458.4
-13899.8
-14319
-14715.5
-15089
-15439.1
-15765.4
-16067.6
-16345.4
-16598.7
-16827.2
-17030.7
-17209.1
-17362.2
-17489.9
-17592.2
-17668.9
-17720.1
-17745.7
-358.862
-1077.48
-1795.66
-2510.48
-3220.62
-3924.77
-4621.65
-5310.03
-5988.68
-6656.45
-7312.19
-7954.84
-8583.35
-9196.75
-9794.09
-10374.5
-10937.2
-11481.3
-12006.1
-12511
-12995.2
-13458.4
-13899.8
-14319
-14715.5
-15089
-15439.1
-15765.4
-16067.6
-16345.4
-16598.7
-16827.2
-17030.7
-17209.1
-17362.2
-17489.9
-17592.2
-17668.9
-17720.1
-17745.7
-358.862
-1077.48
-1795.66
-2510.49
-3220.62
-3924.77
-4621.66
-5310.03
-5988.69
-6656.45
-7312.2
-7954.84
-8583.36
-9196.75
-9794.1
-10374.5
-10937.2
-11481.3
-12006.1
-12511
-12995.3
-13458.4
-13899.8
-14319
-14715.6
-15089
-15439.1
-15765.4
-16067.6
-16345.4
-16598.7
-16827.2
-17030.7
-17209.1
-17362.2
-17489.9
-17592.2
-17668.9
-17720.1
-17745.7
-358.863
-1077.49
-1795.67
-2510.49
-3220.62
-3924.77
-4621.66
-5310.03
-5988.69
-6656.45
-7312.2
-7954.85
-8583.36
-9196.76
-9794.1
-10374.5
-10937.2
-11481.3
-12006.1
-12511
-12995.3
-13458.4
-13899.8
-14319
-14715.6
-15089.1
-15439.1
-15765.4
-16067.6
-16345.5
-16598.7
-16827.2
-17030.7
-17209.1
-17362.2
-17489.9
-17592.2
-17669
-17720.1
-17745.7
-358.863
-1077.49
-1795.67
-2510.49
-3220.63
-3924.78
-4621.66
-5310.04
-5988.69
-6656.46
-7312.2
-7954.85
-8583.36
-9196.76
-9794.11
-10374.5
-10937.2
-11481.3
-12006.1
-12511
-12995.3
-13458.4
-13899.8
-14319
-14715.6
-15089.1
-15439.1
-15765.4
-16067.6
-16345.5
-16598.7
-16827.2
-17030.7
-17209.1
-17362.2
-17490
-17592.2
-17669
-17720.1
-17745.7
-358.863
-1077.49
-1795.67
-2510.49
-3220.63
-3924.78
-4621.66
-5310.04
-5988.69
-6656.46
-7312.21
-7954.85
-8583.37
-9196.76
-9794.11
-10374.5
-10937.2
-11481.3
-12006.1
-12511
-12995.3
-13458.4
-13899.8
-14319
-14715.6
-15089.1
-15439.1
-15765.4
-16067.6
-16345.5
-16598.7
-16827.2
-17030.7
-17209.1
-17362.2
-17490
-17592.2
-17669
-17720.1
-17745.7
-358.863
-1077.49
-1795.67
-2510.49
-3220.63
-3924.78
-4621.67
-5310.04
-5988.7
-6656.46
-7312.21
-7954.86
-8583.37
-9196.77
-9794.11
-10374.5
-10937.2
-11481.3
-12006.1
-12511
-12995.3
-13458.4
-13899.8
-14319
-14715.6
-15089.1
-15439.1
-15765.4
-16067.6
-16345.5
-16598.8
-16827.2
-17030.7
-17209.1
-17362.2
-17490
-17592.2
-17669
-17720.1
-17745.7
-358.863
-1077.49
-1795.67
-2510.49
-3220.63
-3924.78
-4621.67
-5310.04
-5988.7
-6656.46
-7312.21
-7954.86
-8583.37
-9196.77
-9794.12
-10374.5
-10937.2
-11481.3
-12006.1
-12511
-12995.3
-13458.4
-13899.8
-14319
-14715.6
-15089.1
-15439.1
-15765.4
-16067.6
-16345.5
-16598.8
-16827.2
-17030.7
-17209.1
-17362.2
-17490
-17592.2
-17669
-17720.1
-17745.7
-358.863
-1077.49
-1795.67
-2510.49
-3220.63
-3924.78
-4621.67
-5310.04
-5988.7
-6656.46
-7312.21
-7954.86
-8583.38
-9196.77
-9794.12
-10374.5
-10937.2
-11481.3
-12006.1
-12511
-12995.3
-13458.4
-13899.8
-14319
-14715.6
-15089.1
-15439.1
-15765.4
-16067.6
-16345.5
-16598.8
-16827.2
-17030.8
-17209.1
-17362.2
-17490
-17592.2
-17669
-17720.1
-17745.7
-358.863
-1077.49
-1795.67
-2510.49
-3220.63
-3924.78
-4621.67
-5310.04
-5988.7
-6656.47
-7312.21
-7954.86
-8583.38
-9196.77
-9794.12
-10374.5
-10937.2
-11481.3
-12006.1
-12511
-12995.3
-13458.4
-13899.8
-14319
-14715.6
-15089.1
-15439.1
-15765.4
-16067.6
-16345.5
-16598.8
-16827.2
-17030.8
-17209.1
-17362.2
-17490
-17592.3
-17669
-17720.1
-17745.7
-358.863
-1077.49
-1795.67
-2510.49
-3220.63
-3924.78
-4621.67
-5310.05
-5988.7
-6656.47
-7312.21
-7954.86
-8583.38
-9196.78
-9794.12
-10374.5
-10937.2
-11481.3
-12006.1
-12511
-12995.3
-13458.4
-13899.8
-14319
-14715.6
-15089.1
-15439.1
-15765.4
-16067.6
-16345.5
-16598.8
-16827.2
-17030.8
-17209.1
-17362.2
-17490
-17592.3
-17669
-17720.1
-17745.7
-358.863
-1077.49
-1795.67
-2510.49
-3220.63
-3924.78
-4621.67
-5310.05
-5988.7
-6656.47
-7312.22
-7954.86
-8583.38
-9196.78
-9794.12
-10374.5
-10937.2
-11481.3
-12006.1
-12511
-12995.3
-13458.4
-13899.8
-14319
-14715.6
-15089.1
-15439.1
-15765.4
-16067.6
-16345.5
-16598.8
-16827.3
-17030.8
-17209.1
-17362.2
-17490
-17592.3
-17669
-17720.1
-17745.7
-358.863
-1077.49
-1795.67
-2510.49
-3220.63
-3924.78
-4621.67
-5310.05
-5988.7
-6656.47
-7312.22
-7954.86
-8583.38
-9196.78
-9794.12
-10374.5
-10937.2
-11481.3
-12006.1
-12511
-12995.3
-13458.4
-13899.8
-14319
-14715.6
-15089.1
-15439.2
-15765.4
-16067.6
-16345.5
-16598.8
-16827.3
-17030.8
-17209.1
-17362.3
-17490
-17592.3
-17669
-17720.1
-17745.7
-358.863
-1077.49
-1795.67
-2510.49
-3220.63
-3924.78
-4621.67
-5310.04
-5988.7
-6656.47
-7312.22
-7954.86
-8583.38
-9196.78
-9794.12
-10374.5
-10937.2
-11481.3
-12006.1
-12511
-12995.3
-13458.4
-13899.8
-14319
-14715.6
-15089.1
-15439.2
-15765.4
-16067.6
-16345.5
-16598.8
-16827.3
-17030.8
-17209.1
-17362.3
-17490
-17592.3
-17669
-17720.1
-17745.7
-358.863
-1077.49
-1795.67
-2510.49
-3220.63
-3924.78
-4621.67
-5310.04
-5988.7
-6656.47
-7312.21
-7954.86
-8583.38
-9196.78
-9794.12
-10374.5
-10937.2
-11481.3
-12006.1
-12511
-12995.3
-13458.4
-13899.8
-14319
-14715.6
-15089.1
-15439.2
-15765.4
-16067.6
-16345.5
-16598.8
-16827.3
-17030.8
-17209.1
-17362.3
-17490
-17592.3
-17669
-17720.2
-17745.7
-358.863
-1077.49
-1795.67
-2510.49
-3220.63
-3924.78
-4621.67
-5310.04
-5988.7
-6656.47
-7312.21
-7954.86
-8583.38
-9196.78
-9794.12
-10374.5
-10937.2
-11481.3
-12006.1
-12511
-12995.3
-13458.4
-13899.8
-14319
-14715.6
-15089.1
-15439.2
-15765.4
-16067.6
-16345.5
-16598.8
-16827.3
-17030.8
-17209.1
-17362.3
-17490
-17592.3
-17669
-17720.2
-17745.7
-358.863
-1077.49
-1795.67
-2510.49
-3220.63
-3924.78
-4621.67
-5310.04
-5988.7
-6656.47
-7312.21
-7954.86
-8583.38
-9196.78
-9794.12
-10374.5
-10937.2
-11481.3
-12006.1
-12511
-12995.3
-13458.4
-13899.8
-14319
-14715.6
-15089.1
-15439.2
-15765.4
-16067.6
-16345.5
-16598.8
-16827.3
-17030.8
-17209.1
-17362.3
-17490
-17592.3
-17669
-17720.2
-17745.7
-358.863
-1077.49
-1795.67
-2510.49
-3220.63
-3924.78
-4621.67
-5310.04
-5988.7
-6656.46
-7312.21
-7954.86
-8583.38
-9196.78
-9794.12
-10374.5
-10937.2
-11481.3
-12006.1
-12511
-12995.3
-13458.4
-13899.8
-14319
-14715.6
-15089.1
-15439.2
-15765.4
-16067.6
-16345.5
-16598.8
-16827.3
-17030.8
-17209.1
-17362.3
-17490
-17592.3
-17669
-17720.2
-17745.7
-358.863
-1077.49
-1795.67
-2510.49
-3220.63
-3924.78
-4621.67
-5310.04
-5988.7
-6656.46
-7312.21
-7954.86
-8583.38
-9196.77
-9794.12
-10374.5
-10937.2
-11481.3
-12006.1
-12511
-12995.3
-13458.4
-13899.8
-14319
-14715.6
-15089.1
-15439.2
-15765.4
-16067.6
-16345.5
-16598.8
-16827.3
-17030.8
-17209.1
-17362.3
-17490
-17592.3
-17669
-17720.2
-17745.7
-358.863
-1077.49
-1795.67
-2510.49
-3220.63
-3924.78
-4621.67
-5310.04
-5988.7
-6656.46
-7312.21
-7954.86
-8583.38
-9196.77
-9794.12
-10374.5
-10937.2
-11481.3
-12006.1
-12511
-12995.3
-13458.4
-13899.8
-14319
-14715.6
-15089.1
-15439.2
-15765.4
-16067.6
-16345.5
-16598.8
-16827.3
-17030.8
-17209.1
-17362.3
-17490
-17592.3
-17669
-17720.2
-17745.7
-358.863
-1077.49
-1795.67
-2510.49
-3220.63
-3924.78
-4621.66
-5310.04
-5988.7
-6656.46
-7312.21
-7954.86
-8583.37
-9196.77
-9794.12
-10374.5
-10937.2
-11481.3
-12006.1
-12511
-12995.3
-13458.4
-13899.8
-14319
-14715.6
-15089.1
-15439.2
-15765.4
-16067.6
-16345.5
-16598.8
-16827.3
-17030.8
-17209.1
-17362.3
-17490
-17592.3
-17669
-17720.2
-17745.7
-358.863
-1077.49
-1795.67
-2510.49
-3220.63
-3924.78
-4621.66
-5310.04
-5988.7
-6656.46
-7312.21
-7954.86
-8583.37
-9196.77
-9794.12
-10374.5
-10937.2
-11481.3
-12006.1
-12511
-12995.3
-13458.4
-13899.8
-14319
-14715.6
-15089.1
-15439.1
-15765.4
-16067.6
-16345.5
-16598.8
-16827.3
-17030.8
-17209.1
-17362.3
-17490
-17592.3
-17669
-17720.2
-17745.7
-358.862
-1077.48
-1795.67
-2510.49
-3220.63
-3924.78
-4621.66
-5310.04
-5988.69
-6656.46
-7312.21
-7954.86
-8583.37
-9196.77
-9794.12
-10374.5
-10937.2
-11481.3
-12006.1
-12511
-12995.3
-13458.4
-13899.8
-14319
-14715.6
-15089.1
-15439.1
-15765.4
-16067.6
-16345.5
-16598.8
-16827.3
-17030.8
-17209.1
-17362.3
-17490
-17592.3
-17669
-17720.2
-17745.7
-358.862
-1077.48
-1795.66
-2510.49
-3220.62
-3924.78
-4621.66
-5310.04
-5988.69
-6656.46
-7312.21
-7954.86
-8583.37
-9196.77
-9794.12
-10374.5
-10937.2
-11481.3
-12006.1
-12511
-12995.3
-13458.4
-13899.8
-14319
-14715.6
-15089.1
-15439.1
-15765.4
-16067.6
-16345.5
-16598.8
-16827.3
-17030.8
-17209.1
-17362.3
-17490
-17592.3
-17669
-17720.2
-17745.7
-358.862
-1077.48
-1795.66
-2510.49
-3220.62
-3924.78
-4621.66
-5310.04
-5988.69
-6656.46
-7312.21
-7954.86
-8583.37
-9196.77
-9794.12
-10374.5
-10937.2
-11481.3
-12006.1
-12511
-12995.3
-13458.4
-13899.8
-14319
-14715.6
-15089.1
-15439.1
-15765.4
-16067.6
-16345.5
-16598.8
-16827.3
-17030.8
-17209.1
-17362.3
-17490
-17592.3
-17669
-17720.2
-17745.7
-358.859
-1077.48
-1795.66
-2510.49
-3220.62
-3924.77
-4621.66
-5310.04
-5988.69
-6656.46
-7312.21
-7954.85
-8583.37
-9196.77
-9794.12
-10374.5
-10937.2
-11481.3
-12006.1
-12511
-12995.3
-13458.4
-13899.8
-14319
-14715.6
-15089.1
-15439.1
-15765.4
-16067.6
-16345.5
-16598.8
-16827.3
-17030.8
-17209.1
-17362.3
-17490
-17592.3
-17669
-17720.2
-17745.7
-364.459
-1094.28
-1823.62
-2549.5
-3270.54
-3985.41
-4692.79
-5391.4
-6080
-6757.4
-7422.44
-8074.03
-8711.11
-9332.69
-9937.83
-10525.6
-11095.3
-11646
-12177
-12687.7
-13177.4
-13645.5
-14091.6
-14515.1
-14915.6
-15292.7
-15646.1
-15975.3
-16280.2
-16560.5
-16815.9
-17046.3
-17251.5
-17431.2
-17585.6
-17714.3
-17817.3
-17894.6
-17946.1
-17971.9
-364.461
-1094.28
-1823.63
-2549.5
-3270.54
-3985.41
-4692.79
-5391.4
-6080
-6757.4
-7422.44
-8074.03
-8711.11
-9332.69
-9937.83
-10525.6
-11095.3
-11646
-12177
-12687.7
-13177.4
-13645.5
-14091.6
-14515.1
-14915.6
-15292.7
-15646.1
-15975.3
-16280.2
-16560.5
-16815.9
-17046.3
-17251.5
-17431.3
-17585.6
-17714.3
-17817.3
-17894.6
-17946.1
-17971.9
-364.462
-1094.29
-1823.63
-2549.5
-3270.54
-3985.41
-4692.79
-5391.4
-6080
-6757.4
-7422.44
-8074.03
-8711.11
-9332.69
-9937.83
-10525.6
-11095.3
-11646
-12177
-12687.7
-13177.4
-13645.5
-14091.6
-14515.1
-14915.6
-15292.7
-15646.1
-15975.3
-16280.2
-16560.5
-16815.9
-17046.3
-17251.5
-17431.3
-17585.6
-17714.3
-17817.3
-17894.6
-17946.2
-17971.9
-364.462
-1094.29
-1823.63
-2549.5
-3270.54
-3985.41
-4692.79
-5391.4
-6080
-6757.4
-7422.45
-8074.03
-8711.12
-9332.7
-9937.83
-10525.6
-11095.3
-11646
-12177
-12687.7
-13177.4
-13645.5
-14091.6
-14515.1
-14915.6
-15292.7
-15646.1
-15975.4
-16280.3
-16560.5
-16815.9
-17046.3
-17251.5
-17431.3
-17585.6
-17714.3
-17817.3
-17894.6
-17946.2
-17971.9
-364.462
-1094.29
-1823.63
-2549.5
-3270.55
-3985.41
-4692.79
-5391.4
-6080.01
-6757.41
-7422.45
-8074.04
-8711.12
-9332.7
-9937.84
-10525.6
-11095.3
-11646
-12177
-12687.7
-13177.4
-13645.5
-14091.6
-14515.1
-14915.6
-15292.7
-15646.1
-15975.4
-16280.3
-16560.5
-16816
-17046.3
-17251.5
-17431.3
-17585.6
-17714.3
-17817.3
-17894.6
-17946.2
-17971.9
-364.463
-1094.29
-1823.63
-2549.51
-3270.55
-3985.42
-4692.79
-5391.41
-6080.01
-6757.41
-7422.45
-8074.04
-8711.12
-9332.7
-9937.84
-10525.6
-11095.3
-11646
-12177
-12687.7
-13177.4
-13645.5
-14091.6
-14515.1
-14915.6
-15292.7
-15646.1
-15975.4
-16280.3
-16560.5
-16816
-17046.3
-17251.5
-17431.3
-17585.6
-17714.3
-17817.3
-17894.6
-17946.2
-17971.9
-364.463
-1094.29
-1823.63
-2549.51
-3270.55
-3985.42
-4692.8
-5391.41
-6080.01
-6757.41
-7422.46
-8074.05
-8711.13
-9332.71
-9937.85
-10525.7
-11095.3
-11646
-12177
-12687.7
-13177.4
-13645.5
-14091.6
-14515.1
-14915.6
-15292.7
-15646.1
-15975.4
-16280.3
-16560.5
-16816
-17046.3
-17251.5
-17431.3
-17585.6
-17714.3
-17817.3
-17894.7
-17946.2
-17972
-364.463
-1094.29
-1823.63
-2549.51
-3270.55
-3985.42
-4692.8
-5391.41
-6080.02
-6757.42
-7422.46
-8074.05
-8711.13
-9332.71
-9937.85
-10525.7
-11095.3
-11646
-12177
-12687.7
-13177.4
-13645.5
-14091.6
-14515.1
-14915.6
-15292.8
-15646.1
-15975.4
-16280.3
-16560.6
-16816
-17046.3
-17251.5
-17431.3
-17585.6
-17714.3
-17817.4
-17894.7
-17946.2
-17972
-364.463
-1094.29
-1823.63
-2549.51
-3270.56
-3985.42
-4692.8
-5391.42
-6080.02
-6757.42
-7422.47
-8074.06
-8711.14
-9332.72
-9937.86
-10525.7
-11095.3
-11646
-12177
-12687.7
-13177.4
-13645.5
-14091.6
-14515.1
-14915.7
-15292.8
-15646.1
-15975.4
-16280.3
-16560.6
-16816
-17046.4
-17251.5
-17431.3
-17585.6
-17714.3
-17817.4
-17894.7
-17946.2
-17972
-364.464
-1094.29
-1823.64
-2549.51
-3270.56
-3985.43
-4692.81
-5391.42
-6080.03
-6757.43
-7422.47
-8074.06
-8711.15
-9332.73
-9937.87
-10525.7
-11095.3
-11646
-12177
-12687.7
-13177.4
-13645.6
-14091.6
-14515.1
-14915.7
-15292.8
-15646.1
-15975.4
-16280.3
-16560.6
-16816
-17046.4
-17251.5
-17431.3
-17585.6
-17714.3
-17817.4
-17894.7
-17946.2
-17972
-364.464
-1094.29
-1823.64
-2549.51
-3270.56
-3985.43
-4692.81
-5391.43
-6080.03
-6757.43
-7422.48
-8074.07
-8711.15
-9332.73
-9937.87
-10525.7
-11095.3
-11646
-12177
-12687.7
-13177.4
-13645.6
-14091.6
-14515.2
-14915.7
-15292.8
-15646.1
-15975.4
-16280.3
-16560.6
-16816
-17046.4
-17251.5
-17431.3
-17585.6
-17714.3
-17817.4
-17894.7
-17946.2
-17972
-364.464
-1094.29
-1823.64
-2549.52
-3270.56
-3985.43
-4692.82
-5391.43
-6080.04
-6757.44
-7422.48
-8074.07
-8711.16
-9332.74
-9937.88
-10525.7
-11095.3
-11646
-12177
-12687.7
-13177.4
-13645.6
-14091.7
-14515.2
-14915.7
-15292.8
-15646.2
-15975.4
-16280.3
-16560.6
-16816
-17046.4
-17251.5
-17431.3
-17585.6
-17714.4
-17817.4
-17894.7
-17946.2
-17972
-364.465
-1094.29
-1823.64
-2549.52
-3270.57
-3985.44
-4692.82
-5391.43
-6080.04
-6757.44
-7422.49
-8074.08
-8711.16
-9332.75
-9937.89
-10525.7
-11095.3
-11646
-12177.1
-12687.7
-13177.4
-13645.6
-14091.7
-14515.2
-14915.7
-15292.8
-15646.2
-15975.4
-16280.3
-16560.6
-16816
-17046.4
-17251.6
-17431.3
-17585.6
-17714.4
-17817.4
-17894.7
-17946.2
-17972
-364.465
-1094.29
-1823.64
-2549.52
-3270.57
-3985.44
-4692.82
-5391.44
-6080.04
-6757.45
-7422.49
-8074.08
-8711.17
-9332.75
-9937.89
-10525.7
-11095.3
-11646
-12177.1
-12687.7
-13177.4
-13645.6
-14091.7
-14515.2
-14915.7
-15292.8
-15646.2
-15975.4
-16280.3
-16560.6
-16816
-17046.4
-17251.6
-17431.4
-17585.7
-17714.4
-17817.4
-17894.7
-17946.3
-17972
-364.465
-1094.3
-1823.64
-2549.52
-3270.57
-3985.44
-4692.83
-5391.44
-6080.05
-6757.45
-7422.5
-8074.09
-8711.18
-9332.76
-9937.9
-10525.7
-11095.4
-11646
-12177.1
-12687.7
-13177.4
-13645.6
-14091.7
-14515.2
-14915.7
-15292.8
-15646.2
-15975.5
-16280.4
-16560.6
-16816.1
-17046.4
-17251.6
-17431.4
-17585.7
-17714.4
-17817.4
-17894.7
-17946.3
-17972
-364.465
-1094.3
-1823.64
-2549.52
-3270.57
-3985.45
-4692.83
-5391.44
-6080.05
-6757.46
-7422.5
-8074.1
-8711.18
-9332.77
-9937.91
-10525.7
-11095.4
-11646.1
-12177.1
-12687.8
-13177.5
-13645.6
-14091.7
-14515.2
-14915.7
-15292.8
-15646.2
-15975.5
-16280.4
-16560.6
-16816.1
-17046.4
-17251.6
-17431.4
-17585.7
-17714.4
-17817.4
-17894.7
-17946.3
-17972
-364.466
-1094.3
-1823.64
-2549.53
-3270.57
-3985.45
-4692.83
-5391.45
-6080.06
-6757.46
-7422.51
-8074.1
-8711.19
-9332.77
-9937.91
-10525.7
-11095.4
-11646.1
-12177.1
-12687.8
-13177.5
-13645.6
-14091.7
-14515.2
-14915.7
-15292.8
-15646.2
-15975.5
-16280.4
-16560.7
-16816.1
-17046.4
-17251.6
-17431.4
-17585.7
-17714.4
-17817.5
-17894.8
-17946.3
-17972.1
-364.466
-1094.3
-1823.65
-2549.53
-3270.58
-3985.45
-4692.83
-5391.45
-6080.06
-6757.46
-7422.51
-8074.1
-8711.19
-9332.78
-9937.92
-10525.7
-11095.4
-11646.1
-12177.1
-12687.8
-13177.5
-13645.6
-14091.7
-14515.2
-14915.7
-15292.9
-15646.2
-15975.5
-16280.4
-16560.7
-16816.1
-17046.5
-17251.6
-17431.4
-17585.7
-17714.4
-17817.5
-17894.8
-17946.3
-17972.1
-364.466
-1094.3
-1823.65
-2549.53
-3270.58
-3985.45
-4692.84
-5391.45
-6080.06
-6757.47
-7422.52
-8074.11
-8711.2
-9332.78
-9937.92
-10525.7
-11095.4
-11646.1
-12177.1
-12687.8
-13177.5
-13645.6
-14091.7
-14515.2
-14915.7
-15292.9
-15646.2
-15975.5
-16280.4
-16560.7
-16816.1
-17046.5
-17251.6
-17431.4
-17585.7
-17714.4
-17817.5
-17894.8
-17946.3
-17972.1
-364.466
-1094.3
-1823.65
-2549.53
-3270.58
-3985.45
-4692.84
-5391.46
-6080.06
-6757.47
-7422.52
-8074.11
-8711.2
-9332.78
-9937.93
-10525.7
-11095.4
-11646.1
-12177.1
-12687.8
-13177.5
-13645.6
-14091.7
-14515.2
-14915.8
-15292.9
-15646.2
-15975.5
-16280.4
-16560.7
-16816.1
-17046.5
-17251.6
-17431.4
-17585.7
-17714.4
-17817.5
-17894.8
-17946.3
-17972.1
-364.466
-1094.3
-1823.65
-2549.53
-3270.58
-3985.45
-4692.84
-5391.46
-6080.07
-6757.47
-7422.52
-8074.11
-8711.2
-9332.79
-9937.93
-10525.7
-11095.4
-11646.1
-12177.1
-12687.8
-13177.5
-13645.6
-14091.7
-14515.2
-14915.8
-15292.9
-15646.2
-15975.5
-16280.4
-16560.7
-16816.1
-17046.5
-17251.6
-17431.4
-17585.7
-17714.4
-17817.5
-17894.8
-17946.3
-17972.1
-364.466
-1094.3
-1823.65
-2549.53
-3270.58
-3985.46
-4692.84
-5391.46
-6080.07
-6757.47
-7422.52
-8074.12
-8711.2
-9332.79
-9937.93
-10525.7
-11095.4
-11646.1
-12177.1
-12687.8
-13177.5
-13645.6
-14091.7
-14515.2
-14915.8
-15292.9
-15646.2
-15975.5
-16280.4
-16560.7
-16816.1
-17046.5
-17251.6
-17431.4
-17585.7
-17714.4
-17817.5
-17894.8
-17946.3
-17972.1
-364.466
-1094.3
-1823.65
-2549.53
-3270.58
-3985.46
-4692.84
-5391.46
-6080.07
-6757.47
-7422.52
-8074.12
-8711.21
-9332.79
-9937.93
-10525.7
-11095.4
-11646.1
-12177.1
-12687.8
-13177.5
-13645.7
-14091.7
-14515.2
-14915.8
-15292.9
-15646.2
-15975.5
-16280.4
-16560.7
-16816.1
-17046.5
-17251.6
-17431.4
-17585.7
-17714.4
-17817.5
-17894.8
-17946.3
-17972.1
-364.466
-1094.3
-1823.65
-2549.53
-3270.58
-3985.46
-4692.84
-5391.46
-6080.07
-6757.48
-7422.53
-8074.12
-8711.21
-9332.79
-9937.94
-10525.7
-11095.4
-11646.1
-12177.1
-12687.8
-13177.5
-13645.7
-14091.7
-14515.3
-14915.8
-15292.9
-15646.2
-15975.5
-16280.4
-16560.7
-16816.1
-17046.5
-17251.6
-17431.4
-17585.7
-17714.5
-17817.5
-17894.8
-17946.3
-17972.1
-364.466
-1094.3
-1823.65
-2549.53
-3270.58
-3985.46
-4692.84
-5391.46
-6080.07
-6757.48
-7422.53
-8074.12
-8711.21
-9332.79
-9937.94
-10525.7
-11095.4
-11646.1
-12177.1
-12687.8
-13177.5
-13645.7
-14091.7
-14515.3
-14915.8
-15292.9
-15646.2
-15975.5
-16280.4
-16560.7
-16816.1
-17046.5
-17251.6
-17431.4
-17585.7
-17714.5
-17817.5
-17894.8
-17946.3
-17972.1
-364.466
-1094.3
-1823.65
-2549.53
-3270.58
-3985.46
-4692.84
-5391.46
-6080.07
-6757.48
-7422.53
-8074.12
-8711.21
-9332.8
-9937.94
-10525.7
-11095.4
-11646.1
-12177.1
-12687.8
-13177.5
-13645.7
-14091.7
-14515.3
-14915.8
-15292.9
-15646.2
-15975.5
-16280.4
-16560.7
-16816.1
-17046.5
-17251.6
-17431.4
-17585.7
-17714.5
-17817.5
-17894.8
-17946.3
-17972.1
-364.466
-1094.3
-1823.65
-2549.53
-3270.58
-3985.46
-4692.84
-5391.46
-6080.07
-6757.48
-7422.53
-8074.12
-8711.21
-9332.79
-9937.94
-10525.7
-11095.4
-11646.1
-12177.1
-12687.8
-13177.5
-13645.7
-14091.7
-14515.3
-14915.8
-15292.9
-15646.2
-15975.5
-16280.4
-16560.7
-16816.1
-17046.5
-17251.6
-17431.4
-17585.7
-17714.5
-17817.5
-17894.8
-17946.3
-17972.1
-364.466
-1094.3
-1823.65
-2549.53
-3270.58
-3985.46
-4692.84
-5391.46
-6080.07
-6757.48
-7422.53
-8074.12
-8711.21
-9332.79
-9937.94
-10525.7
-11095.4
-11646.1
-12177.1
-12687.8
-13177.5
-13645.7
-14091.7
-14515.3
-14915.8
-15292.9
-15646.2
-15975.5
-16280.4
-16560.7
-16816.1
-17046.5
-17251.6
-17431.4
-17585.7
-17714.5
-17817.5
-17894.8
-17946.3
-17972.1
-364.466
-1094.3
-1823.65
-2549.53
-3270.58
-3985.46
-4692.84
-5391.46
-6080.07
-6757.47
-7422.52
-8074.12
-8711.21
-9332.79
-9937.94
-10525.7
-11095.4
-11646.1
-12177.1
-12687.8
-13177.5
-13645.7
-14091.7
-14515.3
-14915.8
-15292.9
-15646.2
-15975.5
-16280.4
-16560.7
-16816.1
-17046.5
-17251.6
-17431.4
-17585.7
-17714.5
-17817.5
-17894.8
-17946.3
-17972.1
-364.466
-1094.3
-1823.65
-2549.53
-3270.58
-3985.45
-4692.84
-5391.46
-6080.07
-6757.47
-7422.52
-8074.12
-8711.21
-9332.79
-9937.94
-10525.7
-11095.4
-11646.1
-12177.1
-12687.8
-13177.5
-13645.7
-14091.7
-14515.3
-14915.8
-15292.9
-15646.2
-15975.5
-16280.4
-16560.7
-16816.1
-17046.5
-17251.6
-17431.4
-17585.7
-17714.5
-17817.5
-17894.8
-17946.3
-17972.1
-364.466
-1094.3
-1823.65
-2549.53
-3270.58
-3985.45
-4692.84
-5391.46
-6080.07
-6757.47
-7422.52
-8074.12
-8711.21
-9332.79
-9937.93
-10525.7
-11095.4
-11646.1
-12177.1
-12687.8
-13177.5
-13645.7
-14091.7
-14515.3
-14915.8
-15292.9
-15646.2
-15975.5
-16280.4
-16560.7
-16816.1
-17046.5
-17251.6
-17431.4
-17585.7
-17714.5
-17817.5
-17894.8
-17946.3
-17972.1
-364.466
-1094.3
-1823.65
-2549.53
-3270.58
-3985.45
-4692.84
-5391.46
-6080.07
-6757.47
-7422.52
-8074.12
-8711.2
-9332.79
-9937.93
-10525.7
-11095.4
-11646.1
-12177.1
-12687.8
-13177.5
-13645.7
-14091.7
-14515.3
-14915.8
-15292.9
-15646.2
-15975.5
-16280.4
-16560.7
-16816.1
-17046.5
-17251.6
-17431.4
-17585.7
-17714.5
-17817.5
-17894.8
-17946.3
-17972.1
-364.466
-1094.3
-1823.65
-2549.53
-3270.58
-3985.45
-4692.84
-5391.46
-6080.06
-6757.47
-7422.52
-8074.11
-8711.2
-9332.79
-9937.93
-10525.7
-11095.4
-11646.1
-12177.1
-12687.8
-13177.5
-13645.7
-14091.7
-14515.3
-14915.8
-15292.9
-15646.2
-15975.5
-16280.4
-16560.7
-16816.1
-17046.5
-17251.6
-17431.4
-17585.7
-17714.5
-17817.5
-17894.8
-17946.3
-17972.1
-364.466
-1094.3
-1823.65
-2549.53
-3270.58
-3985.45
-4692.84
-5391.45
-6080.06
-6757.47
-7422.52
-8074.11
-8711.2
-9332.79
-9937.93
-10525.7
-11095.4
-11646.1
-12177.1
-12687.8
-13177.5
-13645.7
-14091.7
-14515.3
-14915.8
-15292.9
-15646.2
-15975.5
-16280.4
-16560.7
-16816.1
-17046.5
-17251.6
-17431.4
-17585.7
-17714.5
-17817.5
-17894.8
-17946.3
-17972.1
-364.466
-1094.3
-1823.65
-2549.53
-3270.58
-3985.45
-4692.84
-5391.45
-6080.06
-6757.47
-7422.52
-8074.11
-8711.2
-9332.79
-9937.93
-10525.7
-11095.4
-11646.1
-12177.1
-12687.8
-13177.5
-13645.7
-14091.7
-14515.2
-14915.8
-15292.9
-15646.2
-15975.5
-16280.4
-16560.7
-16816.1
-17046.5
-17251.6
-17431.4
-17585.7
-17714.5
-17817.5
-17894.8
-17946.3
-17972.1
-364.466
-1094.3
-1823.64
-2549.53
-3270.58
-3985.45
-4692.83
-5391.45
-6080.06
-6757.47
-7422.52
-8074.11
-8711.2
-9332.78
-9937.93
-10525.7
-11095.4
-11646.1
-12177.1
-12687.8
-13177.5
-13645.6
-14091.7
-14515.2
-14915.8
-15292.9
-15646.2
-15975.5
-16280.4
-16560.7
-16816.1
-17046.5
-17251.6
-17431.4
-17585.7
-17714.5
-17817.5
-17894.8
-17946.3
-17972.1
-364.465
-1094.3
-1823.64
-2549.53
-3270.57
-3985.45
-4692.83
-5391.45
-6080.06
-6757.46
-7422.51
-8074.11
-8711.2
-9332.78
-9937.93
-10525.7
-11095.4
-11646.1
-12177.1
-12687.8
-13177.5
-13645.6
-14091.7
-14515.2
-14915.8
-15292.9
-15646.2
-15975.5
-16280.4
-16560.7
-16816.1
-17046.5
-17251.6
-17431.4
-17585.7
-17714.5
-17817.5
-17894.8
-17946.3
-17972.1
-364.465
-1094.3
-1823.64
-2549.52
-3270.57
-3985.45
-4692.83
-5391.45
-6080.06
-6757.46
-7422.51
-8074.11
-8711.2
-9332.78
-9937.92
-10525.7
-11095.4
-11646.1
-12177.1
-12687.8
-13177.5
-13645.6
-14091.7
-14515.2
-14915.8
-15292.9
-15646.2
-15975.5
-16280.4
-16560.7
-16816.1
-17046.5
-17251.6
-17431.4
-17585.7
-17714.4
-17817.5
-17894.8
-17946.3
-17972.1
-364.464
-1094.29
-1823.64
-2549.52
-3270.57
-3985.45
-4692.83
-5391.45
-6080.06
-6757.46
-7422.51
-8074.11
-8711.19
-9332.78
-9937.92
-10525.7
-11095.4
-11646.1
-12177.1
-12687.8
-13177.5
-13645.6
-14091.7
-14515.2
-14915.8
-15292.9
-15646.2
-15975.5
-16280.4
-16560.7
-16816.1
-17046.5
-17251.6
-17431.4
-17585.7
-17714.5
-17817.5
-17894.8
-17946.3
-17972.1
-364.462
-1094.29
-1823.64
-2549.52
-3270.57
-3985.45
-4692.83
-5391.45
-6080.06
-6757.46
-7422.51
-8074.11
-8711.19
-9332.78
-9937.92
-10525.7
-11095.4
-11646.1
-12177.1
-12687.8
-13177.5
-13645.6
-14091.7
-14515.2
-14915.8
-15292.9
-15646.2
-15975.5
-16280.4
-16560.7
-16816.1
-17046.5
-17251.6
-17431.4
-17585.7
-17714.4
-17817.5
-17894.8
-17946.3
-17972.1
-370.756
-1113.18
-1855.07
-2593.37
-3326.67
-4053.57
-4772.73
-5482.82
-6182.57
-6870.76
-7546.2
-8207.79
-8854.44
-9485.15
-10099
-10695
-11272.4
-11830.4
-12368.3
-12885.4
-13381.1
-13854.8
-14306
-14734.3
-15139.2
-15520.3
-15877.3
-16209.8
-16517.7
-16800.6
-17058.3
-17290.8
-17497.7
-17679
-17834.6
-17964.4
-18068.3
-18146.2
-18198.1
-18224.1
-370.759
-1113.18
-1855.07
-2593.37
-3326.67
-4053.57
-4772.73
-5482.82
-6182.57
-6870.76
-7546.21
-8207.79
-8854.44
-9485.15
-10099
-10695
-11272.4
-11830.4
-12368.3
-12885.4
-13381.1
-13854.8
-14306.1
-14734.3
-15139.2
-15520.3
-15877.3
-16209.8
-16517.7
-16800.6
-17058.3
-17290.8
-17497.7
-17679
-17834.6
-17964.4
-18068.3
-18146.2
-18198.2
-18224.1
-370.759
-1113.18
-1855.07
-2593.37
-3326.67
-4053.57
-4772.73
-5482.82
-6182.57
-6870.76
-7546.21
-8207.79
-8854.44
-9485.15
-10099
-10695
-11272.4
-11830.4
-12368.3
-12885.4
-13381.1
-13854.8
-14306.1
-14734.3
-15139.2
-15520.3
-15877.3
-16209.8
-16517.7
-16800.6
-17058.3
-17290.8
-17497.7
-17679
-17834.6
-17964.4
-18068.3
-18146.2
-18198.2
-18224.1
-370.76
-1113.18
-1855.07
-2593.37
-3326.67
-4053.57
-4772.73
-5482.82
-6182.58
-6870.76
-7546.21
-8207.79
-8854.44
-9485.16
-10099
-10695
-11272.4
-11830.4
-12368.3
-12885.4
-13381.1
-13854.8
-14306.1
-14734.3
-15139.2
-15520.3
-15877.3
-16209.8
-16517.7
-16800.6
-17058.3
-17290.8
-17497.7
-17679
-17834.6
-17964.4
-18068.3
-18146.2
-18198.2
-18224.1
-370.76
-1113.18
-1855.07
-2593.38
-3326.67
-4053.57
-4772.73
-5482.82
-6182.58
-6870.77
-7546.21
-8207.8
-8854.45
-9485.16
-10099
-10695
-11272.4
-11830.4
-12368.3
-12885.4
-13381.1
-13854.8
-14306.1
-14734.3
-15139.2
-15520.3
-15877.3
-16209.8
-16517.7
-16800.6
-17058.3
-17290.8
-17497.7
-17679
-17834.6
-17964.4
-18068.3
-18146.2
-18198.2
-18224.1
-370.76
-1113.18
-1855.08
-2593.38
-3326.67
-4053.58
-4772.73
-5482.83
-6182.58
-6870.77
-7546.22
-8207.8
-8854.45
-9485.16
-10099
-10695
-11272.4
-11830.5
-12368.3
-12885.4
-13381.1
-13854.8
-14306.1
-14734.3
-15139.2
-15520.3
-15877.3
-16209.8
-16517.7
-16800.6
-17058.4
-17290.8
-17497.7
-17679.1
-17834.7
-17964.4
-18068.3
-18146.2
-18198.2
-18224.1
-370.761
-1113.18
-1855.08
-2593.38
-3326.68
-4053.58
-4772.74
-5482.83
-6182.59
-6870.77
-7546.22
-8207.81
-8854.46
-9485.17
-10099
-10695
-11272.4
-11830.5
-12368.3
-12885.4
-13381.1
-13854.9
-14306.1
-14734.3
-15139.2
-15520.3
-15877.3
-16209.8
-16517.7
-16800.6
-17058.4
-17290.8
-17497.7
-17679.1
-17834.7
-17964.4
-18068.3
-18146.2
-18198.2
-18224.2
-370.761
-1113.18
-1855.08
-2593.38
-3326.68
-4053.58
-4772.74
-5482.83
-6182.59
-6870.78
-7546.23
-8207.81
-8854.46
-9485.18
-10099
-10695
-11272.4
-11830.5
-12368.4
-12885.5
-13381.1
-13854.9
-14306.1
-14734.3
-15139.2
-15520.3
-15877.3
-16209.8
-16517.7
-16800.6
-17058.4
-17290.8
-17497.8
-17679.1
-17834.7
-17964.4
-18068.3
-18146.3
-18198.2
-18224.2
-370.761
-1113.19
-1855.08
-2593.38
-3326.68
-4053.59
-4772.74
-5482.84
-6182.59
-6870.78
-7546.23
-8207.82
-8854.47
-9485.18
-10099
-10695
-11272.5
-11830.5
-12368.4
-12885.5
-13381.2
-13854.9
-14306.1
-14734.4
-15139.2
-15520.3
-15877.3
-16209.9
-16517.7
-16800.6
-17058.4
-17290.8
-17497.8
-17679.1
-17834.7
-17964.5
-18068.3
-18146.3
-18198.2
-18224.2
-370.762
-1113.19
-1855.08
-2593.38
-3326.68
-4053.59
-4772.75
-5482.84
-6182.6
-6870.79
-7546.24
-8207.82
-8854.48
-9485.19
-10099
-10695
-11272.5
-11830.5
-12368.4
-12885.5
-13381.2
-13854.9
-14306.1
-14734.4
-15139.2
-15520.3
-15877.3
-16209.9
-16517.7
-16800.6
-17058.4
-17290.8
-17497.8
-17679.1
-17834.7
-17964.5
-18068.3
-18146.3
-18198.2
-18224.2
-370.762
-1113.19
-1855.08
-2593.39
-3326.69
-4053.59
-4772.75
-5482.85
-6182.6
-6870.79
-7546.24
-8207.83
-8854.48
-9485.2
-10099
-10695.1
-11272.5
-11830.5
-12368.4
-12885.5
-13381.2
-13854.9
-14306.1
-14734.4
-15139.2
-15520.3
-15877.3
-16209.9
-16517.7
-16800.6
-17058.4
-17290.8
-17497.8
-17679.1
-17834.7
-17964.5
-18068.4
-18146.3
-18198.2
-18224.2
-370.762
-1113.19
-1855.08
-2593.39
-3326.69
-4053.6
-4772.76
-5482.85
-6182.61
-6870.8
-7546.25
-8207.83
-8854.49
-9485.2
-10099
-10695.1
-11272.5
-11830.5
-12368.4
-12885.5
-13381.2
-13854.9
-14306.1
-14734.4
-15139.3
-15520.4
-15877.3
-16209.9
-16517.7
-16800.7
-17058.4
-17290.9
-17497.8
-17679.1
-17834.7
-17964.5
-18068.4
-18146.3
-18198.2
-18224.2
-370.762
-1113.19
-1855.09
-2593.39
-3326.69
-4053.6
-4772.76
-5482.86
-6182.61
-6870.8
-7546.25
-8207.84
-8854.5
-9485.21
-10099
-10695.1
-11272.5
-11830.5
-12368.4
-12885.5
-13381.2
-13854.9
-14306.1
-14734.4
-15139.3
-15520.4
-15877.3
-16209.9
-16517.8
-16800.7
-17058.4
-17290.9
-17497.8
-17679.1
-17834.7
-17964.5
-18068.4
-18146.3
-18198.3
-18224.2
-370.763
-1113.19
-1855.09
-2593.39
-3326.69
-4053.6
-4772.76
-5482.86
-6182.62
-6870.81
-7546.26
-8207.85
-8854.5
-9485.22
-10099
-10695.1
-11272.5
-11830.5
-12368.4
-12885.5
-13381.2
-13854.9
-14306.1
-14734.4
-15139.3
-15520.4
-15877.4
-16209.9
-16517.8
-16800.7
-17058.4
-17290.9
-17497.8
-17679.1
-17834.7
-17964.5
-18068.4
-18146.3
-18198.3
-18224.2
-370.763
-1113.19
-1855.09
-2593.39
-3326.7
-4053.61
-4772.77
-5482.86
-6182.62
-6870.81
-7546.27
-8207.85
-8854.51
-9485.22
-10099
-10695.1
-11272.5
-11830.5
-12368.4
-12885.5
-13381.2
-13854.9
-14306.2
-14734.4
-15139.3
-15520.4
-15877.4
-16209.9
-16517.8
-16800.7
-17058.5
-17290.9
-17497.8
-17679.2
-17834.8
-17964.5
-18068.4
-18146.3
-18198.3
-18224.2
-370.763
-1113.19
-1855.09
-2593.4
-3326.7
-4053.61
-4772.77
-5482.87
-6182.63
-6870.82
-7546.27
-8207.86
-8854.51
-9485.23
-10099.1
-10695.1
-11272.5
-11830.5
-12368.4
-12885.5
-13381.2
-13854.9
-14306.2
-14734.4
-15139.3
-15520.4
-15877.4
-16209.9
-16517.8
-16800.7
-17058.5
-17290.9
-17497.8
-17679.2
-17834.8
-17964.5
-18068.4
-18146.3
-18198.3
-18224.3
-370.764
-1113.19
-1855.09
-2593.4
-3326.7
-4053.61
-4772.77
-5482.87
-6182.63
-6870.82
-7546.27
-8207.86
-8854.52
-9485.23
-10099.1
-10695.1
-11272.5
-11830.5
-12368.4
-12885.5
-13381.2
-13854.9
-14306.2
-14734.4
-15139.3
-15520.4
-15877.4
-16209.9
-16517.8
-16800.7
-17058.5
-17290.9
-17497.9
-17679.2
-17834.8
-17964.5
-18068.4
-18146.4
-18198.3
-18224.3
-370.764
-1113.19
-1855.09
-2593.4
-3326.7
-4053.61
-4772.78
-5482.87
-6182.63
-6870.83
-7546.28
-8207.87
-8854.52
-9485.24
-10099.1
-10695.1
-11272.5
-11830.5
-12368.4
-12885.5
-13381.2
-13854.9
-14306.2
-14734.4
-15139.3
-15520.4
-15877.4
-16209.9
-16517.8
-16800.7
-17058.5
-17290.9
-17497.9
-17679.2
-17834.8
-17964.6
-18068.4
-18146.4
-18198.3
-18224.3
-370.764
-1113.19
-1855.09
-2593.4
-3326.7
-4053.61
-4772.78
-5482.88
-6182.64
-6870.83
-7546.28
-8207.87
-8854.53
-9485.24
-10099.1
-10695.1
-11272.5
-11830.5
-12368.4
-12885.5
-13381.2
-13855
-14306.2
-14734.4
-15139.3
-15520.4
-15877.4
-16210
-16517.8
-16800.7
-17058.5
-17290.9
-17497.9
-17679.2
-17834.8
-17964.6
-18068.4
-18146.4
-18198.3
-18224.3
-370.764
-1113.19
-1855.09
-2593.4
-3326.71
-4053.62
-4772.78
-5482.88
-6182.64
-6870.83
-7546.29
-8207.87
-8854.53
-9485.25
-10099.1
-10695.1
-11272.5
-11830.6
-12368.4
-12885.5
-13381.2
-13855
-14306.2
-14734.5
-15139.3
-15520.4
-15877.4
-16210
-16517.8
-16800.7
-17058.5
-17290.9
-17497.9
-17679.2
-17834.8
-17964.6
-18068.5
-18146.4
-18198.3
-18224.3
-370.764
-1113.19
-1855.09
-2593.4
-3326.71
-4053.62
-4772.78
-5482.88
-6182.64
-6870.84
-7546.29
-8207.88
-8854.53
-9485.25
-10099.1
-10695.1
-11272.5
-11830.6
-12368.5
-12885.6
-13381.2
-13855
-14306.2
-14734.5
-15139.3
-15520.4
-15877.4
-16210
-16517.8
-16800.7
-17058.5
-17290.9
-17497.9
-17679.2
-17834.8
-17964.6
-18068.5
-18146.4
-18198.3
-18224.3
-370.764
-1113.2
-1855.1
-2593.4
-3326.71
-4053.62
-4772.78
-5482.88
-6182.64
-6870.84
-7546.29
-8207.88
-8854.54
-9485.25
-10099.1
-10695.1
-11272.5
-11830.6
-12368.5
-12885.6
-13381.3
-13855
-14306.2
-14734.5
-15139.3
-15520.4
-15877.4
-16210
-16517.8
-16800.7
-17058.5
-17290.9
-17497.9
-17679.2
-17834.8
-17964.6
-18068.5
-18146.4
-18198.3
-18224.3
-370.764
-1113.2
-1855.1
-2593.4
-3326.71
-4053.62
-4772.78
-5482.88
-6182.64
-6870.84
-7546.29
-8207.88
-8854.54
-9485.26
-10099.1
-10695.1
-11272.5
-11830.6
-12368.5
-12885.6
-13381.3
-13855
-14306.2
-14734.5
-15139.3
-15520.4
-15877.4
-16210
-16517.8
-16800.7
-17058.5
-17290.9
-17497.9
-17679.2
-17834.8
-17964.6
-18068.5
-18146.4
-18198.3
-18224.3
-370.764
-1113.2
-1855.1
-2593.4
-3326.71
-4053.62
-4772.78
-5482.88
-6182.64
-6870.84
-7546.29
-8207.88
-8854.54
-9485.26
-10099.1
-10695.1
-11272.5
-11830.6
-12368.5
-12885.6
-13381.3
-13855
-14306.2
-14734.5
-15139.3
-15520.4
-15877.4
-16210
-16517.8
-16800.8
-17058.5
-17290.9
-17497.9
-17679.2
-17834.8
-17964.6
-18068.5
-18146.4
-18198.3
-18224.3
-370.764
-1113.2
-1855.1
-2593.4
-3326.71
-4053.62
-4772.78
-5482.88
-6182.64
-6870.84
-7546.29
-8207.88
-8854.54
-9485.26
-10099.1
-10695.1
-11272.5
-11830.6
-12368.5
-12885.6
-13381.3
-13855
-14306.2
-14734.5
-15139.3
-15520.4
-15877.4
-16210
-16517.8
-16800.8
-17058.5
-17291
-17497.9
-17679.2
-17834.8
-17964.6
-18068.5
-18146.4
-18198.3
-18224.3
-370.764
-1113.2
-1855.1
-2593.4
-3326.71
-4053.62
-4772.78
-5482.88
-6182.64
-6870.84
-7546.29
-8207.88
-8854.54
-9485.26
-10099.1
-10695.1
-11272.5
-11830.6
-12368.5
-12885.6
-13381.3
-13855
-14306.2
-14734.5
-15139.3
-15520.4
-15877.4
-16210
-16517.8
-16800.8
-17058.5
-17291
-17497.9
-17679.2
-17834.8
-17964.6
-18068.5
-18146.4
-18198.3
-18224.3
-370.764
-1113.2
-1855.1
-2593.4
-3326.71
-4053.62
-4772.78
-5482.88
-6182.64
-6870.84
-7546.29
-8207.88
-8854.54
-9485.26
-10099.1
-10695.1
-11272.5
-11830.6
-12368.5
-12885.6
-13381.3
-13855
-14306.2
-14734.5
-15139.3
-15520.4
-15877.4
-16210
-16517.8
-16800.8
-17058.5
-17291
-17497.9
-17679.2
-17834.8
-17964.6
-18068.5
-18146.4
-18198.3
-18224.3
-370.764
-1113.19
-1855.09
-2593.4
-3326.71
-4053.62
-4772.78
-5482.88
-6182.64
-6870.84
-7546.29
-8207.88
-8854.54
-9485.26
-10099.1
-10695.1
-11272.5
-11830.6
-12368.5
-12885.6
-13381.3
-13855
-14306.2
-14734.5
-15139.3
-15520.4
-15877.4
-16210
-16517.8
-16800.8
-17058.5
-17291
-17497.9
-17679.2
-17834.8
-17964.6
-18068.5
-18146.4
-18198.3
-18224.3
-370.764
-1113.19
-1855.09
-2593.4
-3326.71
-4053.62
-4772.78
-5482.88
-6182.64
-6870.84
-7546.29
-8207.88
-8854.54
-9485.25
-10099.1
-10695.1
-11272.5
-11830.6
-12368.5
-12885.6
-13381.3
-13855
-14306.2
-14734.5
-15139.3
-15520.4
-15877.4
-16210
-16517.8
-16800.8
-17058.5
-17291
-17497.9
-17679.2
-17834.8
-17964.6
-18068.5
-18146.4
-18198.3
-18224.3
-370.764
-1113.19
-1855.09
-2593.4
-3326.71
-4053.62
-4772.78
-5482.88
-6182.64
-6870.84
-7546.29
-8207.88
-8854.54
-9485.25
-10099.1
-10695.1
-11272.5
-11830.6
-12368.5
-12885.6
-13381.3
-13855
-14306.2
-14734.5
-15139.3
-15520.4
-15877.4
-16210
-16517.8
-16800.8
-17058.5
-17290.9
-17497.9
-17679.2
-17834.8
-17964.6
-18068.5
-18146.4
-18198.3
-18224.3
-370.764
-1113.19
-1855.09
-2593.4
-3326.7
-4053.61
-4772.78
-5482.88
-6182.64
-6870.83
-7546.29
-8207.88
-8854.53
-9485.25
-10099.1
-10695.1
-11272.5
-11830.6
-12368.5
-12885.6
-13381.3
-13855
-14306.2
-14734.5
-15139.3
-15520.4
-15877.4
-16210
-16517.8
-16800.7
-17058.5
-17290.9
-17497.9
-17679.2
-17834.8
-17964.6
-18068.5
-18146.4
-18198.3
-18224.3
-370.764
-1113.19
-1855.09
-2593.4
-3326.7
-4053.61
-4772.78
-5482.88
-6182.64
-6870.83
-7546.28
-8207.87
-8854.53
-9485.25
-10099.1
-10695.1
-11272.5
-11830.6
-12368.5
-12885.6
-13381.3
-13855
-14306.2
-14734.5
-15139.3
-15520.4
-15877.4
-16210
-16517.8
-16800.7
-17058.5
-17290.9
-17497.9
-17679.2
-17834.8
-17964.6
-18068.5
-18146.4
-18198.3
-18224.3
-370.764
-1113.19
-1855.09
-2593.4
-3326.7
-4053.61
-4772.78
-5482.87
-6182.64
-6870.83
-7546.28
-8207.87
-8854.53
-9485.25
-10099.1
-10695.1
-11272.5
-11830.6
-12368.5
-12885.6
-13381.3
-13855
-14306.2
-14734.5
-15139.3
-15520.4
-15877.4
-16210
-16517.8
-16800.7
-17058.5
-17290.9
-17497.9
-17679.2
-17834.8
-17964.6
-18068.5
-18146.4
-18198.3
-18224.3
-370.763
-1113.19
-1855.09
-2593.4
-3326.7
-4053.61
-4772.77
-5482.87
-6182.63
-6870.83
-7546.28
-8207.87
-8854.53
-9485.24
-10099.1
-10695.1
-11272.5
-11830.6
-12368.4
-12885.6
-13381.2
-13855
-14306.2
-14734.5
-15139.3
-15520.4
-15877.4
-16210
-16517.8
-16800.7
-17058.5
-17290.9
-17497.9
-17679.2
-17834.8
-17964.6
-18068.5
-18146.4
-18198.3
-18224.3
-370.763
-1113.19
-1855.09
-2593.4
-3326.7
-4053.61
-4772.77
-5482.87
-6182.63
-6870.83
-7546.28
-8207.87
-8854.53
-9485.24
-10099.1
-10695.1
-11272.5
-11830.6
-12368.4
-12885.6
-13381.2
-13855
-14306.2
-14734.5
-15139.3
-15520.4
-15877.4
-16210
-16517.8
-16800.7
-17058.5
-17290.9
-17497.9
-17679.2
-17834.8
-17964.6
-18068.5
-18146.4
-18198.3
-18224.3
-370.763
-1113.19
-1855.09
-2593.4
-3326.7
-4053.61
-4772.77
-5482.87
-6182.63
-6870.82
-7546.28
-8207.87
-8854.52
-9485.24
-10099.1
-10695.1
-11272.5
-11830.5
-12368.4
-12885.5
-13381.2
-13855
-14306.2
-14734.5
-15139.3
-15520.4
-15877.4
-16210
-16517.8
-16800.7
-17058.5
-17290.9
-17497.9
-17679.2
-17834.8
-17964.6
-18068.5
-18146.4
-18198.3
-18224.3
-370.763
-1113.19
-1855.09
-2593.4
-3326.7
-4053.61
-4772.77
-5482.87
-6182.63
-6870.82
-7546.28
-8207.86
-8854.52
-9485.24
-10099.1
-10695.1
-11272.5
-11830.5
-12368.4
-12885.5
-13381.2
-13855
-14306.2
-14734.5
-15139.3
-15520.4
-15877.4
-16210
-16517.8
-16800.7
-17058.5
-17290.9
-17497.9
-17679.2
-17834.8
-17964.6
-18068.5
-18146.4
-18198.3
-18224.3
-370.763
-1113.19
-1855.09
-2593.39
-3326.7
-4053.61
-4772.77
-5482.87
-6182.63
-6870.82
-7546.27
-8207.86
-8854.52
-9485.24
-10099.1
-10695.1
-11272.5
-11830.5
-12368.4
-12885.5
-13381.2
-13855
-14306.2
-14734.5
-15139.3
-15520.4
-15877.4
-16210
-16517.8
-16800.7
-17058.5
-17290.9
-17497.9
-17679.2
-17834.8
-17964.6
-18068.5
-18146.4
-18198.3
-18224.3
-370.762
-1113.19
-1855.09
-2593.39
-3326.7
-4053.61
-4772.77
-5482.87
-6182.63
-6870.82
-7546.27
-8207.86
-8854.52
-9485.24
-10099.1
-10695.1
-11272.5
-11830.5
-12368.4
-12885.5
-13381.2
-13855
-14306.2
-14734.5
-15139.3
-15520.4
-15877.4
-16210
-16517.8
-16800.7
-17058.5
-17290.9
-17497.9
-17679.2
-17834.8
-17964.6
-18068.5
-18146.4
-18198.3
-18224.3
-370.76
-1113.19
-1855.09
-2593.39
-3326.69
-4053.6
-4772.77
-5482.87
-6182.63
-6870.82
-7546.27
-8207.86
-8854.52
-9485.24
-10099.1
-10695.1
-11272.5
-11830.5
-12368.4
-12885.5
-13381.2
-13855
-14306.2
-14734.5
-15139.3
-15520.4
-15877.4
-16210
-16517.8
-16800.7
-17058.5
-17290.9
-17497.9
-17679.2
-17834.8
-17964.6
-18068.5
-18146.4
-18198.3
-18224.3
-377.774
-1134.23
-1890.11
-2642.24
-3389.18
-4129.48
-4861.73
-5584.58
-6296.71
-6996.86
-7683.83
-8356.48
-9013.71
-9654.5
-10277.9
-10883
-11469
-12035
-12580.5
-13104.6
-13606.8
-14086.6
-14543.5
-14976.9
-15386.5
-15771.9
-16132.9
-16469
-16780
-17065.8
-17326.1
-17560.7
-17769.6
-17952.5
-18109.5
-18240.4
-18345.2
-18423.8
-18476.2
-18502.4
-377.776
-1134.23
-1890.11
-2642.25
-3389.18
-4129.48
-4861.73
-5584.58
-6296.71
-6996.86
-7683.83
-8356.48
-9013.71
-9654.5
-10277.9
-10883
-11469
-12035
-12580.5
-13104.6
-13606.8
-14086.6
-14543.5
-14976.9
-15386.5
-15772
-16132.9
-16469
-16780
-17065.8
-17326.1
-17560.7
-17769.6
-17952.5
-18109.5
-18240.4
-18345.2
-18423.8
-18476.2
-18502.4
-377.777
-1134.24
-1890.11
-2642.25
-3389.18
-4129.48
-4861.73
-5584.58
-6296.71
-6996.86
-7683.83
-8356.48
-9013.71
-9654.5
-10277.9
-10883
-11469
-12035
-12580.5
-13104.6
-13606.8
-14086.6
-14543.5
-14976.9
-15386.5
-15772
-16132.9
-16469
-16780
-17065.8
-17326.1
-17560.7
-17769.6
-17952.6
-18109.5
-18240.4
-18345.2
-18423.8
-18476.2
-18502.4
-377.778
-1134.24
-1890.11
-2642.25
-3389.18
-4129.48
-4861.73
-5584.58
-6296.71
-6996.87
-7683.84
-8356.48
-9013.71
-9654.51
-10277.9
-10883
-11469
-12035
-12580.5
-13104.6
-13606.9
-14086.6
-14543.5
-14976.9
-15386.5
-15772
-16132.9
-16469
-16780
-17065.8
-17326.1
-17560.7
-17769.6
-17952.6
-18109.5
-18240.4
-18345.2
-18423.8
-18476.2
-18502.4
-377.778
-1134.24
-1890.11
-2642.25
-3389.19
-4129.48
-4861.73
-5584.58
-6296.71
-6996.87
-7683.84
-8356.49
-9013.72
-9654.51
-10277.9
-10883
-11469
-12035
-12580.5
-13104.6
-13606.9
-14086.7
-14543.5
-14976.9
-15386.5
-15772
-16132.9
-16469
-16780
-17065.8
-17326.1
-17560.7
-17769.6
-17952.6
-18109.5
-18240.5
-18345.2
-18423.8
-18476.2
-18502.4
-377.778
-1134.24
-1890.11
-2642.25
-3389.19
-4129.48
-4861.74
-5584.59
-6296.72
-6996.87
-7683.85
-8356.49
-9013.72
-9654.52
-10277.9
-10883
-11469
-12035
-12580.5
-13104.6
-13606.9
-14086.7
-14543.5
-14976.9
-15386.5
-15772
-16132.9
-16469
-16780
-17065.8
-17326.1
-17560.7
-17769.6
-17952.6
-18109.6
-18240.5
-18345.2
-18423.8
-18476.2
-18502.4
-377.779
-1134.24
-1890.11
-2642.25
-3389.19
-4129.49
-4861.74
-5584.59
-6296.72
-6996.88
-7683.85
-8356.49
-9013.73
-9654.52
-10277.9
-10883
-11469
-12035.1
-12580.5
-13104.6
-13606.9
-14086.7
-14543.5
-14976.9
-15386.6
-15772
-16132.9
-16469
-16780
-17065.8
-17326.1
-17560.7
-17769.6
-17952.6
-18109.6
-18240.5
-18345.2
-18423.8
-18476.2
-18502.4
-377.779
-1134.24
-1890.12
-2642.26
-3389.19
-4129.49
-4861.74
-5584.59
-6296.73
-6996.88
-7683.86
-8356.5
-9013.73
-9654.53
-10277.9
-10883
-11469
-12035.1
-12580.5
-13104.6
-13606.9
-14086.7
-14543.5
-14977
-15386.6
-15772
-16132.9
-16469
-16780.1
-17065.8
-17326.1
-17560.8
-17769.6
-17952.6
-18109.6
-18240.5
-18345.3
-18423.8
-18476.2
-18502.4
-377.779
-1134.24
-1890.12
-2642.26
-3389.2
-4129.49
-4861.75
-5584.6
-6296.73
-6996.89
-7683.86
-8356.51
-9013.74
-9654.54
-10277.9
-10883
-11469
-12035.1
-12580.5
-13104.6
-13606.9
-14086.7
-14543.5
-14977
-15386.6
-15772
-16132.9
-16469
-16780.1
-17065.8
-17326.1
-17560.8
-17769.6
-17952.6
-18109.6
-18240.5
-18345.3
-18423.9
-18476.2
-18502.4
-377.78
-1134.24
-1890.12
-2642.26
-3389.2
-4129.5
-4861.75
-5584.6
-6296.74
-6996.89
-7683.87
-8356.51
-9013.75
-9654.54
-10277.9
-10883
-11469
-12035.1
-12580.5
-13104.7
-13606.9
-14086.7
-14543.5
-14977
-15386.6
-15772
-16132.9
-16469
-16780.1
-17065.8
-17326.1
-17560.8
-17769.6
-17952.6
-18109.6
-18240.5
-18345.3
-18423.9
-18476.2
-18502.4
-377.78
-1134.24
-1890.12
-2642.26
-3389.2
-4129.5
-4861.76
-5584.61
-6296.74
-6996.9
-7683.87
-8356.52
-9013.75
-9654.55
-10277.9
-10883.1
-11469
-12035.1
-12580.5
-13104.7
-13606.9
-14086.7
-14543.5
-14977
-15386.6
-15772
-16132.9
-16469
-16780.1
-17065.8
-17326.1
-17560.8
-17769.7
-17952.6
-18109.6
-18240.5
-18345.3
-18423.9
-18476.3
-18502.4
-377.78
-1134.24
-1890.12
-2642.26
-3389.2
-4129.5
-4861.76
-5584.61
-6296.75
-6996.9
-7683.88
-8356.53
-9013.76
-9654.56
-10278
-10883.1
-11469
-12035.1
-12580.5
-13104.7
-13606.9
-14086.7
-14543.6
-14977
-15386.6
-15772
-16132.9
-16469.1
-16780.1
-17065.9
-17326.2
-17560.8
-17769.7
-17952.6
-18109.6
-18240.5
-18345.3
-18423.9
-18476.3
-18502.5
-377.781
-1134.25
-1890.12
-2642.27
-3389.21
-4129.51
-4861.76
-5584.62
-6296.75
-6996.91
-7683.88
-8356.53
-9013.77
-9654.56
-10278
-10883.1
-11469
-12035.1
-12580.5
-13104.7
-13606.9
-14086.7
-14543.6
-14977
-15386.6
-15772
-16133
-16469.1
-16780.1
-17065.9
-17326.2
-17560.8
-17769.7
-17952.7
-18109.6
-18240.5
-18345.3
-18423.9
-18476.3
-18502.5
-377.781
-1134.25
-1890.13
-2642.27
-3389.21
-4129.51
-4861.77
-5584.62
-6296.76
-6996.91
-7683.89
-8356.54
-9013.77
-9654.57
-10278
-10883.1
-11469
-12035.1
-12580.5
-13104.7
-13606.9
-14086.7
-14543.6
-14977
-15386.6
-15772.1
-16133
-16469.1
-16780.1
-17065.9
-17326.2
-17560.8
-17769.7
-17952.7
-18109.6
-18240.6
-18345.3
-18423.9
-18476.3
-18502.5
-377.781
-1134.25
-1890.13
-2642.27
-3389.21
-4129.51
-4861.77
-5584.62
-6296.76
-6996.92
-7683.9
-8356.54
-9013.78
-9654.58
-10278
-10883.1
-11469.1
-12035.1
-12580.6
-13104.7
-13606.9
-14086.7
-14543.6
-14977
-15386.6
-15772.1
-16133
-16469.1
-16780.1
-17065.9
-17326.2
-17560.8
-17769.7
-17952.7
-18109.7
-18240.6
-18345.3
-18423.9
-18476.3
-18502.5
-377.781
-1134.25
-1890.13
-2642.27
-3389.22
-4129.52
-4861.77
-5584.63
-6296.76
-6996.92
-7683.9
-8356.55
-9013.78
-9654.58
-10278
-10883.1
-11469.1
-12035.1
-12580.6
-13104.7
-13607
-14086.8
-14543.6
-14977
-15386.6
-15772.1
-16133
-16469.1
-16780.1
-17065.9
-17326.2
-17560.8
-17769.7
-17952.7
-18109.7
-18240.6
-18345.3
-18423.9
-18476.3
-18502.5
-377.782
-1134.25
-1890.13
-2642.27
-3389.22
-4129.52
-4861.78
-5584.63
-6296.77
-6996.93
-7683.91
-8356.55
-9013.79
-9654.59
-10278
-10883.1
-11469.1
-12035.1
-12580.6
-13104.7
-13607
-14086.8
-14543.6
-14977
-15386.7
-15772.1
-16133
-16469.1
-16780.2
-17065.9
-17326.2
-17560.9
-17769.7
-17952.7
-18109.7
-18240.6
-18345.4
-18423.9
-18476.3
-18502.5
-377.782
-1134.25
-1890.13
-2642.28
-3389.22
-4129.52
-4861.78
-5584.63
-6296.77
-6996.93
-7683.91
-8356.56
-9013.79
-9654.59
-10278
-10883.1
-11469.1
-12035.1
-12580.6
-13104.7
-13607
-14086.8
-14543.6
-14977
-15386.7
-15772.1
-16133
-16469.1
-16780.2
-17065.9
-17326.2
-17560.9
-17769.7
-17952.7
-18109.7
-18240.6
-18345.4
-18424
-18476.3
-18502.5
-377.782
-1134.25
-1890.13
-2642.28
-3389.22
-4129.52
-4861.78
-5584.64
-6296.78
-6996.94
-7683.91
-8356.56
-9013.8
-9654.6
-10278
-10883.1
-11469.1
-12035.1
-12580.6
-13104.7
-13607
-14086.8
-14543.6
-14977.1
-15386.7
-15772.1
-16133
-16469.1
-16780.2
-17065.9
-17326.2
-17560.9
-17769.7
-17952.7
-18109.7
-18240.6
-18345.4
-18424
-18476.3
-18502.5
-377.782
-1134.25
-1890.13
-2642.28
-3389.22
-4129.53
-4861.78
-5584.64
-6296.78
-6996.94
-7683.92
-8356.57
-9013.8
-9654.6
-10278
-10883.1
-11469.1
-12035.2
-12580.6
-13104.7
-13607
-14086.8
-14543.6
-14977.1
-15386.7
-15772.1
-16133
-16469.1
-16780.2
-17065.9
-17326.2
-17560.9
-17769.8
-17952.7
-18109.7
-18240.6
-18345.4
-18424
-18476.3
-18502.5
-377.782
-1134.25
-1890.13
-2642.28
-3389.22
-4129.53
-4861.79
-5584.64
-6296.78
-6996.94
-7683.92
-8356.57
-9013.81
-9654.61
-10278
-10883.1
-11469.1
-12035.2
-12580.6
-13104.7
-13607
-14086.8
-14543.6
-14977.1
-15386.7
-15772.1
-16133
-16469.1
-16780.2
-17065.9
-17326.2
-17560.9
-17769.8
-17952.7
-18109.7
-18240.6
-18345.4
-18424
-18476.4
-18502.5
-377.782
-1134.25
-1890.13
-2642.28
-3389.22
-4129.53
-4861.79
-5584.64
-6296.78
-6996.94
-7683.92
-8356.57
-9013.81
-9654.61
-10278
-10883.1
-11469.1
-12035.2
-12580.6
-13104.7
-13607
-14086.8
-14543.6
-14977.1
-15386.7
-15772.1
-16133
-16469.1
-16780.2
-17066
-17326.2
-17560.9
-17769.8
-17952.7
-18109.7
-18240.6
-18345.4
-18424
-18476.4
-18502.6
-377.782
-1134.25
-1890.13
-2642.28
-3389.22
-4129.53
-4861.79
-5584.64
-6296.78
-6996.94
-7683.92
-8356.57
-9013.81
-9654.61
-10278
-10883.1
-11469.1
-12035.2
-12580.6
-13104.7
-13607
-14086.8
-14543.6
-14977.1
-15386.7
-15772.1
-16133
-16469.1
-16780.2
-17066
-17326.2
-17560.9
-17769.8
-17952.7
-18109.7
-18240.6
-18345.4
-18424
-18476.4
-18502.6
-377.783
-1134.25
-1890.13
-2642.28
-3389.23
-4129.53
-4861.79
-5584.64
-6296.78
-6996.94
-7683.92
-8356.57
-9013.81
-9654.61
-10278
-10883.1
-11469.1
-12035.2
-12580.6
-13104.7
-13607
-14086.8
-14543.6
-14977.1
-15386.7
-15772.1
-16133
-16469.1
-16780.2
-17066
-17326.2
-17560.9
-17769.8
-17952.7
-18109.7
-18240.6
-18345.4
-18424
-18476.4
-18502.6
-377.783
-1134.25
-1890.13
-2642.28
-3389.22
-4129.53
-4861.79
-5584.64
-6296.78
-6996.94
-7683.92
-8356.57
-9013.81
-9654.61
-10278
-10883.1
-11469.1
-12035.2
-12580.6
-13104.7
-13607
-14086.8
-14543.6
-14977.1
-15386.7
-15772.1
-16133
-16469.1
-16780.2
-17066
-17326.3
-17560.9
-17769.8
-17952.7
-18109.7
-18240.6
-18345.4
-18424
-18476.4
-18502.6
-377.782
-1134.25
-1890.13
-2642.28
-3389.22
-4129.53
-4861.79
-5584.64
-6296.78
-6996.94
-7683.92
-8356.57
-9013.81
-9654.61
-10278
-10883.1
-11469.1
-12035.2
-12580.6
-13104.7
-13607
-14086.8
-14543.6
-14977.1
-15386.7
-15772.1
-16133
-16469.1
-16780.2
-17066
-17326.3
-17560.9
-17769.8
-17952.7
-18109.7
-18240.6
-18345.4
-18424
-18476.4
-18502.6
-377.782
-1134.25
-1890.13
-2642.28
-3389.22
-4129.53
-4861.79
-5584.64
-6296.78
-6996.94
-7683.92
-8356.57
-9013.81
-9654.61
-10278
-10883.1
-11469.1
-12035.2
-12580.6
-13104.7
-13607
-14086.8
-14543.6
-14977.1
-15386.7
-15772.1
-16133
-16469.1
-16780.2
-17066
-17326.3
-17560.9
-17769.8
-17952.7
-18109.7
-18240.6
-18345.4
-18424
-18476.4
-18502.6
-377.782
-1134.25
-1890.13
-2642.28
-3389.22
-4129.53
-4861.79
-5584.64
-6296.78
-6996.94
-7683.92
-8356.57
-9013.81
-9654.61
-10278
-10883.1
-11469.1
-12035.2
-12580.6
-13104.7
-13607
-14086.8
-14543.6
-14977.1
-15386.7
-15772.1
-16133
-16469.1
-16780.2
-17066
-17326.2
-17560.9
-17769.8
-17952.7
-18109.7
-18240.6
-18345.4
-18424
-18476.4
-18502.6
-377.782
-1134.25
-1890.13
-2642.28
-3389.22
-4129.52
-4861.78
-5584.64
-6296.78
-6996.94
-7683.92
-8356.57
-9013.81
-9654.61
-10278
-10883.1
-11469.1
-12035.2
-12580.6
-13104.7
-13607
-14086.8
-14543.6
-14977.1
-15386.7
-15772.1
-16133
-16469.1
-16780.2
-17066
-17326.2
-17560.9
-17769.8
-17952.7
-18109.7
-18240.6
-18345.4
-18424
-18476.4
-18502.6
-377.782
-1134.25
-1890.13
-2642.28
-3389.22
-4129.52
-4861.78
-5584.64
-6296.78
-6996.94
-7683.92
-8356.57
-9013.8
-9654.61
-10278
-10883.1
-11469.1
-12035.2
-12580.6
-13104.7
-13607
-14086.8
-14543.6
-14977.1
-15386.7
-15772.1
-16133
-16469.1
-16780.2
-17066
-17326.2
-17560.9
-17769.8
-17952.7
-18109.7
-18240.6
-18345.4
-18424
-18476.4
-18502.6
-377.782
-1134.25
-1890.13
-2642.28
-3389.22
-4129.52
-4861.78
-5584.64
-6296.77
-6996.94
-7683.91
-8356.56
-9013.8
-9654.6
-10278
-10883.1
-11469.1
-12035.2
-12580.6
-13104.7
-13607
-14086.8
-14543.6
-14977.1
-15386.7
-15772.1
-16133
-16469.1
-16780.2
-17066
-17326.2
-17560.9
-17769.8
-17952.7
-18109.7
-18240.6
-18345.4
-18424
-18476.4
-18502.6
-377.782
-1134.25
-1890.13
-2642.27
-3389.22
-4129.52
-4861.78
-5584.63
-6296.77
-6996.93
-7683.91
-8356.56
-9013.8
-9654.6
-10278
-10883.1
-11469.1
-12035.2
-12580.6
-13104.7
-13607
-14086.8
-14543.6
-14977.1
-15386.7
-15772.1
-16133
-16469.1
-16780.2
-17065.9
-17326.2
-17560.9
-17769.8
-17952.7
-18109.7
-18240.6
-18345.4
-18424
-18476.4
-18502.6
-377.781
-1134.25
-1890.13
-2642.27
-3389.22
-4129.52
-4861.78
-5584.63
-6296.77
-6996.93
-7683.91
-8356.56
-9013.8
-9654.6
-10278
-10883.1
-11469.1
-12035.1
-12580.6
-13104.7
-13607
-14086.8
-14543.6
-14977.1
-15386.7
-15772.1
-16133
-16469.1
-16780.2
-17065.9
-17326.2
-17560.9
-17769.8
-17952.7
-18109.7
-18240.6
-18345.4
-18424
-18476.4
-18502.5
-377.781
-1134.25
-1890.13
-2642.27
-3389.22
-4129.52
-4861.78
-5584.63
-6296.77
-6996.93
-7683.91
-8356.56
-9013.79
-9654.59
-10278
-10883.1
-11469.1
-12035.1
-12580.6
-13104.7
-13607
-14086.8
-14543.6
-14977.1
-15386.7
-15772.1
-16133
-16469.1
-16780.2
-17065.9
-17326.2
-17560.9
-17769.8
-17952.7
-18109.7
-18240.6
-18345.4
-18424
-18476.4
-18502.5
-377.781
-1134.25
-1890.13
-2642.27
-3389.21
-4129.52
-4861.77
-5584.63
-6296.76
-6996.93
-7683.9
-8356.55
-9013.79
-9654.59
-10278
-10883.1
-11469.1
-12035.1
-12580.6
-13104.7
-13607
-14086.8
-14543.6
-14977.1
-15386.7
-15772.1
-16133
-16469.1
-16780.2
-17065.9
-17326.2
-17560.9
-17769.7
-17952.7
-18109.7
-18240.6
-18345.4
-18424
-18476.4
-18502.5
-377.781
-1134.25
-1890.13
-2642.27
-3389.21
-4129.51
-4861.77
-5584.63
-6296.76
-6996.92
-7683.9
-8356.55
-9013.79
-9654.59
-10278
-10883.1
-11469.1
-12035.1
-12580.6
-13104.7
-13607
-14086.8
-14543.6
-14977.1
-15386.7
-15772.1
-16133
-16469.1
-16780.2
-17065.9
-17326.2
-17560.9
-17769.7
-17952.7
-18109.7
-18240.6
-18345.4
-18424
-18476.3
-18502.5
-377.781
-1134.25
-1890.12
-2642.27
-3389.21
-4129.51
-4861.77
-5584.62
-6296.76
-6996.92
-7683.9
-8356.55
-9013.79
-9654.59
-10278
-10883.1
-11469.1
-12035.1
-12580.6
-13104.7
-13607
-14086.8
-14543.6
-14977.1
-15386.7
-15772.1
-16133
-16469.1
-16780.2
-17065.9
-17326.2
-17560.9
-17769.7
-17952.7
-18109.7
-18240.6
-18345.4
-18424
-18476.3
-18502.5
-377.78
-1134.24
-1890.12
-2642.27
-3389.21
-4129.51
-4861.77
-5584.62
-6296.76
-6996.92
-7683.9
-8356.55
-9013.78
-9654.58
-10278
-10883.1
-11469.1
-12035.1
-12580.6
-13104.7
-13607
-14086.8
-14543.6
-14977.1
-15386.7
-15772.1
-16133
-16469.1
-16780.2
-17065.9
-17326.2
-17560.9
-17769.7
-17952.7
-18109.7
-18240.6
-18345.4
-18424
-18476.3
-18502.5
-377.779
-1134.24
-1890.12
-2642.27
-3389.21
-4129.51
-4861.77
-5584.62
-6296.76
-6996.92
-7683.9
-8356.55
-9013.78
-9654.58
-10278
-10883.1
-11469.1
-12035.1
-12580.6
-13104.7
-13607
-14086.8
-14543.6
-14977
-15386.7
-15772.1
-16133
-16469.1
-16780.2
-17065.9
-17326.2
-17560.9
-17769.7
-17952.7
-18109.7
-18240.6
-18345.4
-18424
-18476.3
-18502.5
-377.777
-1134.24
-1890.12
-2642.27
-3389.21
-4129.51
-4861.77
-5584.62
-6296.76
-6996.92
-7683.9
-8356.55
-9013.78
-9654.58
-10278
-10883.1
-11469.1
-12035.1
-12580.6
-13104.7
-13607
-14086.8
-14543.6
-14977
-15386.7
-15772.1
-16133
-16469.1
-16780.2
-17065.9
-17326.2
-17560.9
-17769.7
-17952.7
-18109.7
-18240.6
-18345.4
-18424
-18476.3
-18502.5
-385.541
-1157.53
-1928.88
-2696.32
-3458.34
-4213.43
-4960.13
-5697.05
-6422.82
-7136.14
-7835.79
-8520.58
-9189.41
-9841.25
-10475.1
-11090.1
-11685.4
-12260.2
-12813.9
-13345.7
-13855
-14341.4
-14804.3
-15243.3
-15658.1
-16048.1
-16413.3
-16753.2
-17067.6
-17356.4
-17619.4
-17856.4
-18067.3
-18252.1
-18410.5
-18542.6
-18648.3
-18727.6
-18780.4
-18806.9
-385.543
-1157.54
-1928.88
-2696.32
-3458.34
-4213.43
-4960.13
-5697.05
-6422.82
-7136.14
-7835.79
-8520.58
-9189.41
-9841.25
-10475.1
-11090.1
-11685.4
-12260.3
-12813.9
-13345.7
-13855
-14341.4
-14804.3
-15243.3
-15658.1
-16048.1
-16413.3
-16753.2
-17067.6
-17356.4
-17619.4
-17856.4
-18067.3
-18252.1
-18410.5
-18542.6
-18648.3
-18727.6
-18780.4
-18806.9
-385.544
-1157.54
-1928.88
-2696.32
-3458.34
-4213.43
-4960.14
-5697.05
-6422.82
-7136.15
-7835.79
-8520.58
-9189.41
-9841.25
-10475.1
-11090.1
-11685.4
-12260.3
-12813.9
-13345.7
-13855
-14341.4
-14804.3
-15243.3
-15658.1
-16048.1
-16413.3
-16753.2
-17067.6
-17356.5
-17619.4
-17856.4
-18067.3
-18252.1
-18410.5
-18542.6
-18648.3
-18727.6
-18780.4
-18806.9
-385.545
-1157.54
-1928.88
-2696.32
-3458.34
-4213.43
-4960.14
-5697.05
-6422.82
-7136.15
-7835.79
-8520.58
-9189.42
-9841.26
-10475.1
-11090.1
-11685.4
-12260.3
-12813.9
-13345.7
-13855
-14341.4
-14804.3
-15243.3
-15658.1
-16048.1
-16413.3
-16753.2
-17067.7
-17356.5
-17619.4
-17856.4
-18067.3
-18252.1
-18410.5
-18542.6
-18648.3
-18727.6
-18780.4
-18806.9
-385.545
-1157.54
-1928.88
-2696.33
-3458.34
-4213.43
-4960.14
-5697.06
-6422.83
-7136.15
-7835.8
-8520.59
-9189.42
-9841.26
-10475.1
-11090.1
-11685.4
-12260.3
-12813.9
-13345.7
-13855
-14341.4
-14804.3
-15243.3
-15658.1
-16048.2
-16413.3
-16753.2
-17067.7
-17356.5
-17619.4
-17856.4
-18067.4
-18252.1
-18410.5
-18542.6
-18648.3
-18727.6
-18780.4
-18806.9
-385.545
-1157.54
-1928.88
-2696.33
-3458.34
-4213.43
-4960.14
-5697.06
-6422.83
-7136.16
-7835.8
-8520.59
-9189.43
-9841.26
-10475.1
-11090.1
-11685.4
-12260.3
-12813.9
-13345.7
-13855
-14341.4
-14804.3
-15243.4
-15658.1
-16048.2
-16413.3
-16753.2
-17067.7
-17356.5
-17619.5
-17856.5
-18067.4
-18252.1
-18410.5
-18542.6
-18648.3
-18727.6
-18780.5
-18806.9
-385.546
-1157.54
-1928.89
-2696.33
-3458.35
-4213.44
-4960.15
-5697.06
-6422.84
-7136.16
-7835.81
-8520.6
-9189.43
-9841.27
-10475.1
-11090.2
-11685.5
-12260.3
-12813.9
-13345.7
-13855.1
-14341.4
-14804.4
-15243.4
-15658.1
-16048.2
-16413.3
-16753.2
-17067.7
-17356.5
-17619.5
-17856.5
-18067.4
-18252.1
-18410.5
-18542.6
-18648.3
-18727.6
-18780.5
-18806.9
-385.546
-1157.54
-1928.89
-2696.33
-3458.35
-4213.44
-4960.15
-5697.07
-6422.84
-7136.17
-7835.81
-8520.6
-9189.44
-9841.28
-10475.2
-11090.2
-11685.5
-12260.3
-12813.9
-13345.7
-13855.1
-14341.4
-14804.4
-15243.4
-15658.1
-16048.2
-16413.3
-16753.2
-17067.7
-17356.5
-17619.5
-17856.5
-18067.4
-18252.1
-18410.5
-18542.6
-18648.4
-18727.6
-18780.5
-18806.9
-385.546
-1157.54
-1928.89
-2696.33
-3458.35
-4213.44
-4960.15
-5697.07
-6422.84
-7136.17
-7835.82
-8520.61
-9189.44
-9841.28
-10475.2
-11090.2
-11685.5
-12260.3
-12813.9
-13345.7
-13855.1
-14341.5
-14804.4
-15243.4
-15658.1
-16048.2
-16413.3
-16753.2
-17067.7
-17356.5
-17619.5
-17856.5
-18067.4
-18252.1
-18410.6
-18542.7
-18648.4
-18727.7
-18780.5
-18806.9
-385.547
-1157.54
-1928.89
-2696.34
-3458.36
-4213.45
-4960.16
-5697.08
-6422.85
-7136.18
-7835.82
-8520.62
-9189.45
-9841.29
-10475.2
-11090.2
-11685.5
-12260.3
-12813.9
-13345.7
-13855.1
-14341.5
-14804.4
-15243.4
-15658.1
-16048.2
-16413.3
-16753.3
-17067.7
-17356.5
-17619.5
-17856.5
-18067.4
-18252.1
-18410.6
-18542.7
-18648.4
-18727.7
-18780.5
-18806.9
-385.547
-1157.55
-1928.89
-2696.34
-3458.36
-4213.45
-4960.16
-5697.08
-6422.86
-7136.18
-7835.83
-8520.62
-9189.46
-9841.3
-10475.2
-11090.2
-11685.5
-12260.3
-12813.9
-13345.7
-13855.1
-14341.5
-14804.4
-15243.4
-15658.1
-16048.2
-16413.3
-16753.3
-17067.7
-17356.5
-17619.5
-17856.5
-18067.4
-18252.1
-18410.6
-18542.7
-18648.4
-18727.7
-18780.5
-18806.9
-385.547
-1157.55
-1928.89
-2696.34
-3458.36
-4213.45
-4960.17
-5697.09
-6422.86
-7136.19
-7835.84
-8520.63
-9189.47
-9841.31
-10475.2
-11090.2
-11685.5
-12260.3
-12814
-13345.7
-13855.1
-14341.5
-14804.4
-15243.4
-15658.1
-16048.2
-16413.4
-16753.3
-17067.7
-17356.5
-17619.5
-17856.5
-18067.4
-18252.2
-18410.6
-18542.7
-18648.4
-18727.7
-18780.5
-18806.9
-385.548
-1157.55
-1928.9
-2696.34
-3458.36
-4213.46
-4960.17
-5697.09
-6422.87
-7136.19
-7835.84
-8520.64
-9189.47
-9841.31
-10475.2
-11090.2
-11685.5
-12260.3
-12814
-13345.8
-13855.1
-14341.5
-14804.4
-15243.4
-15658.2
-16048.2
-16413.4
-16753.3
-17067.7
-17356.6
-17619.5
-17856.5
-18067.4
-18252.2
-18410.6
-18542.7
-18648.4
-18727.7
-18780.5
-18807
-385.548
-1157.55
-1928.9
-2696.35
-3458.37
-4213.46
-4960.17
-5697.1
-6422.87
-7136.2
-7835.85
-8520.64
-9189.48
-9841.32
-10475.2
-11090.2
-11685.5
-12260.3
-12814
-13345.8
-13855.1
-14341.5
-14804.4
-15243.4
-15658.2
-16048.2
-16413.4
-16753.3
-17067.8
-17356.6
-17619.5
-17856.6
-18067.5
-18252.2
-18410.6
-18542.7
-18648.4
-18727.7
-18780.6
-18807
-385.548
-1157.55
-1928.9
-2696.35
-3458.37
-4213.47
-4960.18
-5697.1
-6422.88
-7136.2
-7835.85
-8520.65
-9189.49
-9841.33
-10475.2
-11090.2
-11685.5
-12260.3
-12814
-13345.8
-13855.1
-14341.5
-14804.4
-15243.4
-15658.2
-16048.3
-16413.4
-16753.3
-17067.8
-17356.6
-17619.6
-17856.6
-18067.5
-18252.2
-18410.6
-18542.7
-18648.4
-18727.7
-18780.6
-18807
-385.549
-1157.55
-1928.9
-2696.35
-3458.37
-4213.47
-4960.18
-5697.1
-6422.88
-7136.21
-7835.86
-8520.65
-9189.49
-9841.34
-10475.2
-11090.2
-11685.5
-12260.4
-12814
-13345.8
-13855.1
-14341.5
-14804.4
-15243.5
-15658.2
-16048.3
-16413.4
-16753.3
-17067.8
-17356.6
-17619.6
-17856.6
-18067.5
-18252.2
-18410.6
-18542.7
-18648.5
-18727.7
-18780.6
-18807
-385.549
-1157.55
-1928.9
-2696.35
-3458.37
-4213.47
-4960.19
-5697.11
-6422.88
-7136.21
-7835.86
-8520.66
-9189.5
-9841.34
-10475.2
-11090.2
-11685.5
-12260.4
-12814
-13345.8
-13855.1
-14341.5
-14804.5
-15243.5
-15658.2
-16048.3
-16413.4
-16753.3
-17067.8
-17356.6
-17619.6
-17856.6
-18067.5
-18252.2
-18410.7
-18542.8
-18648.5
-18727.8
-18780.6
-18807
-385.549
-1157.55
-1928.9
-2696.35
-3458.38
-4213.47
-4960.19
-5697.11
-6422.89
-7136.22
-7835.87
-8520.66
-9189.5
-9841.35
-10475.2
-11090.2
-11685.5
-12260.4
-12814
-13345.8
-13855.2
-14341.5
-14804.5
-15243.5
-15658.2
-16048.3
-16413.4
-16753.3
-17067.8
-17356.6
-17619.6
-17856.6
-18067.5
-18252.2
-18410.7
-18542.8
-18648.5
-18727.8
-18780.6
-18807
-385.549
-1157.55
-1928.9
-2696.36
-3458.38
-4213.48
-4960.19
-5697.11
-6422.89
-7136.22
-7835.87
-8520.67
-9189.51
-9841.35
-10475.2
-11090.2
-11685.5
-12260.4
-12814
-13345.8
-13855.2
-14341.5
-14804.5
-15243.5
-15658.2
-16048.3
-16413.4
-16753.3
-17067.8
-17356.6
-17619.6
-17856.6
-18067.5
-18252.2
-18410.7
-18542.8
-18648.5
-18727.8
-18780.6
-18807
-385.55
-1157.55
-1928.9
-2696.36
-3458.38
-4213.48
-4960.19
-5697.12
-6422.89
-7136.22
-7835.88
-8520.67
-9189.51
-9841.36
-10475.2
-11090.2
-11685.6
-12260.4
-12814
-13345.8
-13855.2
-14341.6
-14804.5
-15243.5
-15658.2
-16048.3
-16413.4
-16753.4
-17067.8
-17356.6
-17619.6
-17856.6
-18067.5
-18252.2
-18410.7
-18542.8
-18648.5
-18727.8
-18780.6
-18807
-385.55
-1157.55
-1928.9
-2696.36
-3458.38
-4213.48
-4960.19
-5697.12
-6422.9
-7136.23
-7835.88
-8520.68
-9189.52
-9841.36
-10475.2
-11090.3
-11685.6
-12260.4
-12814
-13345.8
-13855.2
-14341.6
-14804.5
-15243.5
-15658.2
-16048.3
-16413.4
-16753.4
-17067.8
-17356.6
-17619.6
-17856.6
-18067.5
-18252.2
-18410.7
-18542.8
-18648.5
-18727.8
-18780.6
-18807
-385.55
-1157.55
-1928.91
-2696.36
-3458.38
-4213.48
-4960.2
-5697.12
-6422.9
-7136.23
-7835.88
-8520.68
-9189.52
-9841.36
-10475.2
-11090.3
-11685.6
-12260.4
-12814
-13345.8
-13855.2
-14341.6
-14804.5
-15243.5
-15658.2
-16048.3
-16413.4
-16753.4
-17067.8
-17356.6
-17619.6
-17856.6
-18067.5
-18252.2
-18410.7
-18542.8
-18648.5
-18727.8
-18780.6
-18807
-385.55
-1157.55
-1928.91
-2696.36
-3458.38
-4213.48
-4960.2
-5697.12
-6422.9
-7136.23
-7835.88
-8520.68
-9189.52
-9841.36
-10475.2
-11090.3
-11685.6
-12260.4
-12814
-13345.8
-13855.2
-14341.6
-14804.5
-15243.5
-15658.2
-16048.3
-16413.5
-16753.4
-17067.8
-17356.6
-17619.6
-17856.6
-18067.5
-18252.3
-18410.7
-18542.8
-18648.5
-18727.8
-18780.6
-18807.1
-385.55
-1157.55
-1928.91
-2696.36
-3458.38
-4213.48
-4960.2
-5697.12
-6422.9
-7136.23
-7835.88
-8520.68
-9189.52
-9841.36
-10475.2
-11090.3
-11685.6
-12260.4
-12814
-13345.8
-13855.2
-14341.6
-14804.5
-15243.5
-15658.2
-16048.3
-16413.5
-16753.4
-17067.8
-17356.6
-17619.6
-17856.6
-18067.5
-18252.3
-18410.7
-18542.8
-18648.5
-18727.8
-18780.6
-18807.1
-385.55
-1157.55
-1928.91
-2696.36
-3458.38
-4213.48
-4960.2
-5697.12
-6422.9
-7136.23
-7835.88
-8520.68
-9189.52
-9841.36
-10475.2
-11090.3
-11685.6
-12260.4
-12814
-13345.8
-13855.2
-14341.6
-14804.5
-15243.5
-15658.2
-16048.3
-16413.5
-16753.4
-17067.8
-17356.6
-17619.6
-17856.6
-18067.5
-18252.3
-18410.7
-18542.8
-18648.5
-18727.8
-18780.6
-18807.1
-385.55
-1157.55
-1928.91
-2696.36
-3458.38
-4213.48
-4960.2
-5697.12
-6422.9
-7136.23
-7835.88
-8520.68
-9189.52
-9841.36
-10475.2
-11090.3
-11685.6
-12260.4
-12814
-13345.8
-13855.2
-14341.6
-14804.5
-15243.5
-15658.2
-16048.3
-16413.5
-16753.4
-17067.8
-17356.6
-17619.6
-17856.6
-18067.5
-18252.3
-18410.7
-18542.8
-18648.5
-18727.8
-18780.6
-18807.1
-385.55
-1157.55
-1928.9
-2696.36
-3458.38
-4213.48
-4960.19
-5697.12
-6422.9
-7136.23
-7835.88
-8520.68
-9189.52
-9841.36
-10475.2
-11090.3
-11685.6
-12260.4
-12814
-13345.8
-13855.2
-14341.6
-14804.5
-15243.5
-15658.2
-16048.3
-16413.5
-16753.4
-17067.8
-17356.6
-17619.6
-17856.6
-18067.5
-18252.3
-18410.7
-18542.8
-18648.5
-18727.8
-18780.6
-18807.1
-385.549
-1157.55
-1928.9
-2696.36
-3458.38
-4213.48
-4960.19
-5697.12
-6422.89
-7136.23
-7835.88
-8520.67
-9189.52
-9841.36
-10475.2
-11090.3
-11685.6
-12260.4
-12814
-13345.8
-13855.2
-14341.6
-14804.5
-15243.5
-15658.2
-16048.3
-16413.5
-16753.4
-17067.8
-17356.6
-17619.6
-17856.6
-18067.5
-18252.3
-18410.7
-18542.8
-18648.5
-18727.8
-18780.6
-18807.1
-385.549
-1157.55
-1928.9
-2696.35
-3458.38
-4213.47
-4960.19
-5697.11
-6422.89
-7136.22
-7835.87
-8520.67
-9189.51
-9841.36
-10475.2
-11090.3
-11685.6
-12260.4
-12814
-13345.8
-13855.2
-14341.6
-14804.5
-15243.5
-15658.2
-16048.3
-16413.4
-16753.4
-17067.8
-17356.6
-17619.6
-17856.6
-18067.5
-18252.2
-18410.7
-18542.8
-18648.5
-18727.8
-18780.6
-18807.1
-385.549
-1157.55
-1928.9
-2696.35
-3458.38
-4213.47
-4960.19
-5697.11
-6422.89
-7136.22
-7835.87
-8520.67
-9189.51
-9841.35
-10475.2
-11090.2
-11685.6
-12260.4
-12814
-13345.8
-13855.2
-14341.6
-14804.5
-15243.5
-15658.2
-16048.3
-16413.4
-16753.4
-17067.8
-17356.6
-17619.6
-17856.6
-18067.5
-18252.2
-18410.7
-18542.8
-18648.5
-18727.8
-18780.6
-18807
-385.549
-1157.55
-1928.9
-2696.35
-3458.37
-4213.47
-4960.19
-5697.11
-6422.89
-7136.22
-7835.87
-8520.67
-9189.51
-9841.35
-10475.2
-11090.2
-11685.6
-12260.4
-12814
-13345.8
-13855.2
-14341.6
-14804.5
-15243.5
-15658.2
-16048.3
-16413.4
-16753.4
-17067.8
-17356.6
-17619.6
-17856.6
-18067.5
-18252.2
-18410.7
-18542.8
-18648.5
-18727.8
-18780.6
-18807
-385.549
-1157.55
-1928.9
-2696.35
-3458.37
-4213.47
-4960.18
-5697.11
-6422.88
-7136.21
-7835.86
-8520.66
-9189.5
-9841.35
-10475.2
-11090.2
-11685.5
-12260.4
-12814
-13345.8
-13855.2
-14341.5
-14804.5
-15243.5
-15658.2
-16048.3
-16413.4
-16753.4
-17067.8
-17356.6
-17619.6
-17856.6
-18067.5
-18252.2
-18410.7
-18542.8
-18648.5
-18727.8
-18780.6
-18807
-385.548
-1157.55
-1928.9
-2696.35
-3458.37
-4213.47
-4960.18
-5697.1
-6422.88
-7136.21
-7835.86
-8520.66
-9189.5
-9841.34
-10475.2
-11090.2
-11685.5
-12260.4
-12814
-13345.8
-13855.2
-14341.5
-14804.5
-15243.5
-15658.2
-16048.3
-16413.4
-16753.3
-17067.8
-17356.6
-17619.6
-17856.6
-18067.5
-18252.2
-18410.7
-18542.8
-18648.5
-18727.8
-18780.6
-18807
-385.548
-1157.55
-1928.9
-2696.35
-3458.37
-4213.47
-4960.18
-5697.1
-6422.88
-7136.21
-7835.86
-8520.66
-9189.5
-9841.34
-10475.2
-11090.2
-11685.5
-12260.4
-12814
-13345.8
-13855.2
-14341.5
-14804.5
-15243.5
-15658.2
-16048.3
-16413.4
-16753.3
-17067.8
-17356.6
-17619.6
-17856.6
-18067.5
-18252.2
-18410.7
-18542.8
-18648.5
-18727.8
-18780.6
-18807
-385.548
-1157.55
-1928.9
-2696.35
-3458.37
-4213.46
-4960.18
-5697.1
-6422.88
-7136.21
-7835.86
-8520.65
-9189.49
-9841.34
-10475.2
-11090.2
-11685.5
-12260.4
-12814
-13345.8
-13855.2
-14341.5
-14804.5
-15243.5
-15658.2
-16048.3
-16413.4
-16753.3
-17067.8
-17356.6
-17619.6
-17856.6
-18067.5
-18252.2
-18410.7
-18542.8
-18648.5
-18727.8
-18780.6
-18807
-385.548
-1157.55
-1928.9
-2696.35
-3458.37
-4213.46
-4960.18
-5697.1
-6422.87
-7136.2
-7835.85
-8520.65
-9189.49
-9841.33
-10475.2
-11090.2
-11685.5
-12260.4
-12814
-13345.8
-13855.1
-14341.5
-14804.5
-15243.5
-15658.2
-16048.3
-16413.4
-16753.3
-17067.8
-17356.6
-17619.6
-17856.6
-18067.5
-18252.2
-18410.7
-18542.8
-18648.5
-18727.8
-18780.6
-18807
-385.548
-1157.55
-1928.89
-2696.34
-3458.36
-4213.46
-4960.17
-5697.1
-6422.87
-7136.2
-7835.85
-8520.65
-9189.49
-9841.33
-10475.2
-11090.2
-11685.5
-12260.4
-12814
-13345.8
-13855.1
-14341.5
-14804.5
-15243.5
-15658.2
-16048.3
-16413.4
-16753.3
-17067.8
-17356.6
-17619.6
-17856.6
-18067.5
-18252.2
-18410.7
-18542.8
-18648.5
-18727.8
-18780.6
-18807
-385.547
-1157.55
-1928.89
-2696.34
-3458.36
-4213.46
-4960.17
-5697.09
-6422.87
-7136.2
-7835.85
-8520.65
-9189.48
-9841.33
-10475.2
-11090.2
-11685.5
-12260.4
-12814
-13345.8
-13855.1
-14341.5
-14804.4
-15243.5
-15658.2
-16048.3
-16413.4
-16753.3
-17067.8
-17356.6
-17619.6
-17856.6
-18067.5
-18252.2
-18410.7
-18542.8
-18648.5
-18727.8
-18780.6
-18807
-385.546
-1157.54
-1928.89
-2696.34
-3458.36
-4213.46
-4960.17
-5697.09
-6422.87
-7136.2
-7835.85
-8520.64
-9189.48
-9841.33
-10475.2
-11090.2
-11685.5
-12260.4
-12814
-13345.8
-13855.1
-14341.5
-14804.4
-15243.5
-15658.2
-16048.3
-16413.4
-16753.3
-17067.8
-17356.6
-17619.6
-17856.6
-18067.5
-18252.2
-18410.7
-18542.8
-18648.5
-18727.8
-18780.6
-18807
-385.544
-1157.54
-1928.89
-2696.34
-3458.36
-4213.46
-4960.17
-5697.09
-6422.87
-7136.2
-7835.85
-8520.64
-9189.48
-9841.33
-10475.2
-11090.2
-11685.5
-12260.4
-12814
-13345.8
-13855.1
-14341.5
-14804.4
-15243.5
-15658.2
-16048.3
-16413.4
-16753.3
-17067.8
-17356.6
-17619.6
-17856.6
-18067.5
-18252.2
-18410.7
-18542.8
-18648.5
-18727.8
-18780.6
-18807
-394.091
-1183.18
-1971.55
-2755.82
-3534.41
-4305.75
-5068.33
-5820.67
-6561.37
-7289.11
-8002.59
-8700.63
-9382.11
-10046
-10691.2
-11317
-11922.4
-12506.7
-13069.1
-13609.2
-14126.2
-14619.6
-15089.1
-15534
-15954.2
-16349.3
-16718.9
-17062.9
-17380.9
-17672.9
-17938.8
-18178.2
-18391.3
-18577.8
-18737.8
-18871.1
-18977.8
-19057.8
-19111.2
-19137.8
-394.093
-1183.18
-1971.55
-2755.83
-3534.42
-4305.76
-5068.33
-5820.67
-6561.38
-7289.11
-8002.59
-8700.63
-9382.11
-10046
-10691.2
-11317
-11922.4
-12506.7
-13069.1
-13609.2
-14126.2
-14619.6
-15089.1
-15534
-15954.2
-16349.3
-16718.9
-17062.9
-17380.9
-17673
-17938.8
-18178.2
-18391.3
-18577.8
-18737.8
-18871.2
-18977.8
-19057.9
-19111.2
-19137.8
-394.094
-1183.19
-1971.55
-2755.83
-3534.42
-4305.76
-5068.33
-5820.67
-6561.38
-7289.11
-8002.59
-8700.64
-9382.11
-10046
-10691.2
-11317
-11922.4
-12506.7
-13069.1
-13609.2
-14126.2
-14619.6
-15089.1
-15534.1
-15954.2
-16349.3
-16718.9
-17062.9
-17380.9
-17673
-17938.8
-18178.2
-18391.3
-18577.8
-18737.8
-18871.2
-18977.8
-19057.9
-19111.2
-19137.8
-394.094
-1183.19
-1971.55
-2755.83
-3534.42
-4305.76
-5068.33
-5820.67
-6561.38
-7289.11
-8002.6
-8700.64
-9382.11
-10046
-10691.2
-11317
-11922.4
-12506.7
-13069.2
-13609.2
-14126.2
-14619.6
-15089.1
-15534.1
-15954.2
-16349.3
-16718.9
-17062.9
-17380.9
-17673
-17938.8
-18178.3
-18391.3
-18577.8
-18737.8
-18871.2
-18977.9
-19057.9
-19111.2
-19137.8
-394.095
-1183.19
-1971.55
-2755.83
-3534.42
-4305.76
-5068.34
-5820.68
-6561.38
-7289.11
-8002.6
-8700.64
-9382.12
-10046
-10691.2
-11317
-11922.4
-12506.7
-13069.2
-13609.2
-14126.2
-14619.6
-15089.1
-15534.1
-15954.2
-16349.3
-16718.9
-17062.9
-17380.9
-17673
-17938.8
-18178.3
-18391.3
-18577.9
-18737.8
-18871.2
-18977.9
-19057.9
-19111.2
-19137.8
-394.095
-1183.19
-1971.55
-2755.83
-3534.42
-4305.76
-5068.34
-5820.68
-6561.39
-7289.12
-8002.61
-8700.65
-9382.12
-10046
-10691.2
-11317
-11922.4
-12506.7
-13069.2
-13609.2
-14126.2
-14619.7
-15089.1
-15534.1
-15954.3
-16349.3
-16718.9
-17062.9
-17381
-17673
-17938.8
-18178.3
-18391.3
-18577.9
-18737.8
-18871.2
-18977.9
-19057.9
-19111.2
-19137.8
-394.095
-1183.19
-1971.56
-2755.83
-3534.43
-4305.77
-5068.34
-5820.68
-6561.39
-7289.12
-8002.61
-8700.66
-9382.13
-10046
-10691.2
-11317
-11922.4
-12506.7
-13069.2
-13609.2
-14126.2
-14619.7
-15089.1
-15534.1
-15954.3
-16349.3
-16718.9
-17062.9
-17381
-17673
-17938.8
-18178.3
-18391.3
-18577.9
-18737.8
-18871.2
-18977.9
-19057.9
-19111.2
-19137.9
-394.096
-1183.19
-1971.56
-2755.84
-3534.43
-4305.77
-5068.35
-5820.69
-6561.4
-7289.13
-8002.62
-8700.66
-9382.14
-10046
-10691.2
-11317
-11922.4
-12506.7
-13069.2
-13609.2
-14126.2
-14619.7
-15089.1
-15534.1
-15954.3
-16349.3
-16718.9
-17062.9
-17381
-17673
-17938.8
-18178.3
-18391.3
-18577.9
-18737.9
-18871.2
-18977.9
-19057.9
-19111.2
-19137.9
-394.096
-1183.19
-1971.56
-2755.84
-3534.43
-4305.78
-5068.35
-5820.69
-6561.4
-7289.14
-8002.62
-8700.67
-9382.14
-10046
-10691.3
-11317
-11922.4
-12506.7
-13069.2
-13609.2
-14126.2
-14619.7
-15089.1
-15534.1
-15954.3
-16349.3
-16719
-17062.9
-17381
-17673
-17938.8
-18178.3
-18391.4
-18577.9
-18737.9
-18871.2
-18977.9
-19057.9
-19111.2
-19137.9
-394.096
-1183.19
-1971.56
-2755.84
-3534.44
-4305.78
-5068.35
-5820.7
-6561.41
-7289.14
-8002.63
-8700.68
-9382.15
-10046
-10691.3
-11317
-11922.4
-12506.7
-13069.2
-13609.2
-14126.2
-14619.7
-15089.1
-15534.1
-15954.3
-16349.3
-16719
-17062.9
-17381
-17673
-17938.8
-18178.3
-18391.4
-18577.9
-18737.9
-18871.2
-18977.9
-19057.9
-19111.2
-19137.9
-394.097
-1183.19
-1971.56
-2755.84
-3534.44
-4305.78
-5068.36
-5820.7
-6561.41
-7289.15
-8002.64
-8700.68
-9382.16
-10046
-10691.3
-11317
-11922.4
-12506.7
-13069.2
-13609.2
-14126.3
-14619.7
-15089.1
-15534.1
-15954.3
-16349.4
-16719
-17062.9
-17381
-17673
-17938.9
-18178.3
-18391.4
-18577.9
-18737.9
-18871.2
-18977.9
-19057.9
-19111.3
-19137.9
-394.097
-1183.2
-1971.56
-2755.85
-3534.44
-4305.79
-5068.36
-5820.71
-6561.42
-7289.15
-8002.64
-8700.69
-9382.17
-10046
-10691.3
-11317
-11922.4
-12506.7
-13069.2
-13609.3
-14126.3
-14619.7
-15089.1
-15534.1
-15954.3
-16349.4
-16719
-17063
-17381
-17673.1
-17938.9
-18178.3
-18391.4
-18577.9
-18737.9
-18871.3
-18977.9
-19058
-19111.3
-19137.9
-394.098
-1183.2
-1971.57
-2755.85
-3534.44
-4305.79
-5068.37
-5820.71
-6561.43
-7289.16
-8002.65
-8700.7
-9382.18
-10046
-10691.3
-11317
-11922.4
-12506.7
-13069.2
-13609.3
-14126.3
-14619.7
-15089.2
-15534.2
-15954.3
-16349.4
-16719
-17063
-17381
-17673.1
-17938.9
-18178.4
-18391.4
-18578
-18737.9
-18871.3
-18978
-19058
-19111.3
-19137.9
-394.098
-1183.2
-1971.57
-2755.85
-3534.45
-4305.79
-5068.37
-5820.72
-6561.43
-7289.17
-8002.66
-8700.7
-9382.18
-10046
-10691.3
-11317
-11922.5
-12506.8
-13069.2
-13609.3
-14126.3
-14619.7
-15089.2
-15534.2
-15954.3
-16349.4
-16719
-17063
-17381.1
-17673.1
-17938.9
-18178.4
-18391.4
-18578
-18737.9
-18871.3
-18978
-19058
-19111.3
-19137.9
-394.098
-1183.2
-1971.57
-2755.85
-3534.45
-4305.8
-5068.38
-5820.72
-6561.44
-7289.17
-8002.66
-8700.71
-9382.19
-10046
-10691.3
-11317.1
-11922.5
-12506.8
-13069.3
-13609.3
-14126.3
-14619.7
-15089.2
-15534.2
-15954.4
-16349.4
-16719
-17063
-17381.1
-17673.1
-17938.9
-18178.4
-18391.4
-18578
-18737.9
-18871.3
-18978
-19058
-19111.3
-19138
-394.099
-1183.2
-1971.57
-2755.86
-3534.45
-4305.8
-5068.38
-5820.73
-6561.44
-7289.18
-8002.67
-8700.72
-9382.2
-10046.1
-10691.3
-11317.1
-11922.5
-12506.8
-13069.3
-13609.3
-14126.3
-14619.8
-15089.2
-15534.2
-15954.4
-16349.4
-16719
-17063
-17381.1
-17673.1
-17938.9
-18178.4
-18391.4
-18578
-18738
-18871.3
-18978
-19058
-19111.3
-19138
-394.099
-1183.2
-1971.57
-2755.86
-3534.46
-4305.8
-5068.38
-5820.73
-6561.44
-7289.18
-8002.67
-8700.72
-9382.2
-10046.1
-10691.3
-11317.1
-11922.5
-12506.8
-13069.3
-13609.3
-14126.3
-14619.8
-15089.2
-15534.2
-15954.4
-16349.4
-16719.1
-17063
-17381.1
-17673.1
-17938.9
-18178.4
-18391.5
-18578
-18738
-18871.3
-18978
-19058
-19111.3
-19138
-394.099
-1183.2
-1971.57
-2755.86
-3534.46
-4305.81
-5068.39
-5820.74
-6561.45
-7289.19
-8002.68
-8700.73
-9382.21
-10046.1
-10691.3
-11317.1
-11922.5
-12506.8
-13069.3
-13609.3
-14126.3
-14619.8
-15089.2
-15534.2
-15954.4
-16349.4
-16719.1
-17063
-17381.1
-17673.1
-17938.9
-18178.4
-18391.5
-18578
-18738
-18871.3
-18978
-19058
-19111.3
-19138
-394.099
-1183.2
-1971.57
-2755.86
-3534.46
-4305.81
-5068.39
-5820.74
-6561.45
-7289.19
-8002.68
-8700.73
-9382.21
-10046.1
-10691.3
-11317.1
-11922.5
-12506.8
-13069.3
-13609.3
-14126.3
-14619.8
-15089.2
-15534.2
-15954.4
-16349.4
-16719.1
-17063
-17381.1
-17673.1
-17938.9
-18178.4
-18391.5
-18578
-18738
-18871.3
-18978
-19058
-19111.3
-19138
-394.099
-1183.2
-1971.58
-2755.86
-3534.46
-4305.81
-5068.39
-5820.74
-6561.45
-7289.19
-8002.69
-8700.74
-9382.22
-10046.1
-10691.3
-11317.1
-11922.5
-12506.8
-13069.3
-13609.3
-14126.3
-14619.8
-15089.2
-15534.2
-15954.4
-16349.4
-16719.1
-17063
-17381.1
-17673.1
-17939
-18178.4
-18391.5
-18578
-18738
-18871.3
-18978
-19058
-19111.4
-19138
-394.1
-1183.2
-1971.58
-2755.86
-3534.46
-4305.81
-5068.39
-5820.74
-6561.46
-7289.2
-8002.69
-8700.74
-9382.22
-10046.1
-10691.3
-11317.1
-11922.5
-12506.8
-13069.3
-13609.3
-14126.3
-14619.8
-15089.2
-15534.2
-15954.4
-16349.5
-16719.1
-17063
-17381.1
-17673.1
-17939
-18178.4
-18391.5
-18578
-18738
-18871.4
-18978
-19058.1
-19111.4
-19138
-394.1
-1183.2
-1971.58
-2755.86
-3534.46
-4305.81
-5068.39
-5820.74
-6561.46
-7289.2
-8002.69
-8700.74
-9382.22
-10046.1
-10691.3
-11317.1
-11922.5
-12506.8
-13069.3
-13609.3
-14126.3
-14619.8
-15089.2
-15534.2
-15954.4
-16349.5
-16719.1
-17063
-17381.1
-17673.1
-17939
-18178.4
-18391.5
-18578
-18738
-18871.4
-18978
-19058.1
-19111.4
-19138
-394.1
-1183.2
-1971.58
-2755.86
-3534.46
-4305.81
-5068.39
-5820.74
-6561.46
-7289.2
-8002.69
-8700.74
-9382.22
-10046.1
-10691.3
-11317.1
-11922.5
-12506.8
-13069.3
-13609.3
-14126.3
-14619.8
-15089.2
-15534.2
-15954.4
-16349.5
-16719.1
-17063
-17381.1
-17673.2
-17939
-18178.4
-18391.5
-18578
-18738
-18871.4
-18978.1
-19058.1
-19111.4
-19138
-394.1
-1183.2
-1971.58
-2755.86
-3534.46
-4305.81
-5068.39
-5820.74
-6561.46
-7289.2
-8002.69
-8700.74
-9382.22
-10046.1
-10691.3
-11317.1
-11922.5
-12506.8
-13069.3
-13609.3
-14126.3
-14619.8
-15089.2
-15534.2
-15954.4
-16349.5
-16719.1
-17063
-17381.1
-17673.2
-17939
-18178.5
-18391.5
-18578
-18738
-18871.4
-18978.1
-19058.1
-19111.4
-19138
-394.1
-1183.2
-1971.58
-2755.86
-3534.46
-4305.81
-5068.39
-5820.74
-6561.46
-7289.2
-8002.69
-8700.74
-9382.22
-10046.1
-10691.3
-11317.1
-11922.5
-12506.8
-13069.3
-13609.3
-14126.3
-14619.8
-15089.2
-15534.2
-15954.4
-16349.5
-16719.1
-17063.1
-17381.1
-17673.2
-17939
-18178.5
-18391.5
-18578
-18738
-18871.4
-18978.1
-19058.1
-19111.4
-19138
-394.1
-1183.2
-1971.58
-2755.86
-3534.46
-4305.81
-5068.39
-5820.74
-6561.46
-7289.2
-8002.69
-8700.74
-9382.22
-10046.1
-10691.3
-11317.1
-11922.5
-12506.8
-13069.3
-13609.3
-14126.3
-14619.8
-15089.2
-15534.2
-15954.4
-16349.5
-16719.1
-17063
-17381.1
-17673.2
-17939
-18178.5
-18391.5
-18578
-18738
-18871.4
-18978.1
-19058.1
-19111.4
-19138
-394.099
-1183.2
-1971.58
-2755.86
-3534.46
-4305.81
-5068.39
-5820.74
-6561.46
-7289.19
-8002.69
-8700.74
-9382.22
-10046.1
-10691.3
-11317.1
-11922.5
-12506.8
-13069.3
-13609.3
-14126.3
-14619.8
-15089.2
-15534.2
-15954.4
-16349.5
-16719.1
-17063
-17381.1
-17673.2
-17939
-18178.4
-18391.5
-18578
-18738
-18871.4
-18978.1
-19058.1
-19111.4
-19138
-394.099
-1183.2
-1971.57
-2755.86
-3534.46
-4305.81
-5068.39
-5820.74
-6561.45
-7289.19
-8002.69
-8700.74
-9382.22
-10046.1
-10691.3
-11317.1
-11922.5
-12506.8
-13069.3
-13609.3
-14126.3
-14619.8
-15089.2
-15534.2
-15954.4
-16349.5
-16719.1
-17063
-17381.1
-17673.1
-17939
-18178.4
-18391.5
-18578
-18738
-18871.4
-18978
-19058.1
-19111.4
-19138
-394.099
-1183.2
-1971.57
-2755.86
-3534.46
-4305.81
-5068.39
-5820.74
-6561.45
-7289.19
-8002.68
-8700.73
-9382.21
-10046.1
-10691.3
-11317.1
-11922.5
-12506.8
-13069.3
-13609.3
-14126.3
-14619.8
-15089.2
-15534.2
-15954.4
-16349.5
-16719.1
-17063
-17381.1
-17673.1
-17939
-18178.4
-18391.5
-18578
-18738
-18871.4
-18978
-19058.1
-19111.4
-19138
-394.099
-1183.2
-1971.57
-2755.86
-3534.46
-4305.8
-5068.38
-5820.73
-6561.45
-7289.19
-8002.68
-8700.73
-9382.21
-10046.1
-10691.3
-11317.1
-11922.5
-12506.8
-13069.3
-13609.3
-14126.3
-14619.8
-15089.2
-15534.2
-15954.4
-16349.4
-16719.1
-17063
-17381.1
-17673.1
-17939
-18178.4
-18391.5
-18578
-18738
-18871.3
-18978
-19058
-19111.4
-19138
-394.099
-1183.2
-1971.57
-2755.86
-3534.45
-4305.8
-5068.38
-5820.73
-6561.44
-7289.18
-8002.68
-8700.72
-9382.21
-10046.1
-10691.3
-11317.1
-11922.5
-12506.8
-13069.3
-13609.3
-14126.3
-14619.8
-15089.2
-15534.2
-15954.4
-16349.4
-16719.1
-17063
-17381.1
-17673.1
-17938.9
-18178.4
-18391.5
-18578
-18738
-18871.3
-18978
-19058
-19111.4
-19138
-394.098
-1183.2
-1971.57
-2755.85
-3534.45
-4305.8
-5068.38
-5820.73
-6561.44
-7289.18
-8002.67
-8700.72
-9382.2
-10046.1
-10691.3
-11317.1
-11922.5
-12506.8
-13069.3
-13609.3
-14126.3
-14619.8
-15089.2
-15534.2
-15954.4
-16349.4
-16719.1
-17063
-17381.1
-17673.1
-17938.9
-18178.4
-18391.5
-18578
-18738
-18871.3
-18978
-19058
-19111.3
-19138
-394.098
-1183.2
-1971.57
-2755.85
-3534.45
-4305.8
-5068.38
-5820.72
-6561.44
-7289.17
-8002.67
-8700.72
-9382.2
-10046.1
-10691.3
-11317.1
-11922.5
-12506.8
-13069.3
-13609.3
-14126.3
-14619.8
-15089.2
-15534.2
-15954.4
-16349.4
-16719.1
-17063
-17381.1
-17673.1
-17938.9
-18178.4
-18391.5
-18578
-18738
-18871.3
-18978
-19058
-19111.3
-19138
-394.098
-1183.2
-1971.57
-2755.85
-3534.45
-4305.79
-5068.37
-5820.72
-6561.43
-7289.17
-8002.66
-8700.71
-9382.19
-10046.1
-10691.3
-11317.1
-11922.5
-12506.8
-13069.3
-13609.3
-14126.3
-14619.8
-15089.2
-15534.2
-15954.4
-16349.4
-16719.1
-17063
-17381.1
-17673.1
-17938.9
-18178.4
-18391.5
-18578
-18738
-18871.3
-18978
-19058
-19111.3
-19138
-394.097
-1183.2
-1971.57
-2755.85
-3534.45
-4305.79
-5068.37
-5820.72
-6561.43
-7289.17
-8002.66
-8700.71
-9382.19
-10046
-10691.3
-11317.1
-11922.5
-12506.8
-13069.3
-13609.3
-14126.3
-14619.8
-15089.2
-15534.2
-15954.4
-16349.4
-16719
-17063
-17381.1
-17673.1
-17938.9
-18178.4
-18391.5
-18578
-18738
-18871.3
-18978
-19058
-19111.3
-19138
-394.097
-1183.2
-1971.57
-2755.85
-3534.44
-4305.79
-5068.37
-5820.72
-6561.43
-7289.16
-8002.66
-8700.71
-9382.18
-10046
-10691.3
-11317.1
-11922.5
-12506.8
-13069.3
-13609.3
-14126.3
-14619.8
-15089.2
-15534.2
-15954.4
-16349.4
-16719
-17063
-17381.1
-17673.1
-17938.9
-18178.4
-18391.5
-18578
-18738
-18871.3
-18978
-19058
-19111.3
-19138
-394.097
-1183.19
-1971.56
-2755.85
-3534.44
-4305.79
-5068.37
-5820.71
-6561.42
-7289.16
-8002.65
-8700.7
-9382.18
-10046
-10691.3
-11317.1
-11922.5
-12506.8
-13069.3
-13609.3
-14126.3
-14619.8
-15089.2
-15534.2
-15954.4
-16349.4
-16719
-17063
-17381.1
-17673.1
-17938.9
-18178.4
-18391.5
-18578
-18738
-18871.3
-18978
-19058
-19111.3
-19138
-394.096
-1183.19
-1971.56
-2755.85
-3534.44
-4305.79
-5068.36
-5820.71
-6561.42
-7289.16
-8002.65
-8700.7
-9382.18
-10046
-10691.3
-11317
-11922.5
-12506.8
-13069.3
-13609.3
-14126.3
-14619.8
-15089.2
-15534.2
-15954.4
-16349.4
-16719
-17063
-17381.1
-17673.1
-17938.9
-18178.4
-18391.4
-18578
-18738
-18871.3
-18978
-19058
-19111.3
-19138
-394.096
-1183.19
-1971.56
-2755.84
-3534.44
-4305.79
-5068.36
-5820.71
-6561.42
-7289.16
-8002.65
-8700.7
-9382.18
-10046
-10691.3
-11317
-11922.5
-12506.8
-13069.2
-13609.3
-14126.3
-14619.7
-15089.2
-15534.2
-15954.4
-16349.4
-16719
-17063
-17381.1
-17673.1
-17938.9
-18178.4
-18391.4
-18578
-18738
-18871.3
-18978
-19058
-19111.3
-19138
-394.093
-1183.19
-1971.56
-2755.84
-3534.44
-4305.78
-5068.36
-5820.71
-6561.42
-7289.16
-8002.65
-8700.7
-9382.18
-10046
-10691.3
-11317
-11922.5
-12506.8
-13069.2
-13609.3
-14126.3
-14619.7
-15089.2
-15534.2
-15954.4
-16349.4
-16719
-17063
-17381.1
-17673.1
-17938.9
-18178.4
-18391.4
-18578
-18738
-18871.3
-18978
-19058
-19111.3
-19138
-403.461
-1211.29
-2018.3
-2821.01
-3617.74
-4406.85
-5186.75
-5955.92
-6712.9
-7456.31
-8184.84
-8897.26
-9592.42
-10269.3
-10926.8
-11564.1
-12180.4
-12774.9
-13346.9
-13895.7
-14420.9
-14921.9
-15398.2
-15849.6
-16275.5
-16675.8
-17050.2
-17398.4
-17720.3
-18015.7
-18284.4
-18526.5
-18741.8
-18930.2
-19091.7
-19226.4
-19334.1
-19414.8
-19468.6
-19495.5
-403.463
-1211.29
-2018.3
-2821.02
-3617.74
-4406.85
-5186.75
-5955.92
-6712.9
-7456.31
-8184.84
-8897.26
-9592.43
-10269.3
-10926.8
-11564.1
-12180.4
-12774.9
-13346.9
-13895.7
-14420.9
-14921.9
-15398.2
-15849.6
-16275.5
-16675.8
-17050.2
-17398.4
-17720.3
-18015.7
-18284.4
-18526.5
-18741.8
-18930.2
-19091.7
-19226.4
-19334.1
-19414.8
-19468.6
-19495.5
-403.464
-1211.29
-2018.31
-2821.02
-3617.74
-4406.85
-5186.75
-5955.92
-6712.91
-7456.31
-8184.84
-8897.26
-9592.43
-10269.3
-10926.8
-11564.1
-12180.4
-12774.9
-13346.9
-13895.7
-14420.9
-14921.9
-15398.2
-15849.6
-16275.5
-16675.8
-17050.2
-17398.4
-17720.3
-18015.7
-18284.4
-18526.5
-18741.8
-18930.2
-19091.7
-19226.4
-19334.1
-19414.8
-19468.6
-19495.5
-403.465
-1211.29
-2018.31
-2821.02
-3617.75
-4406.86
-5186.76
-5955.93
-6712.91
-7456.32
-8184.85
-8897.27
-9592.43
-10269.3
-10926.8
-11564.1
-12180.4
-12774.9
-13346.9
-13895.7
-14420.9
-14921.9
-15398.2
-15849.6
-16275.5
-16675.8
-17050.2
-17398.4
-17720.3
-18015.7
-18284.4
-18526.5
-18741.8
-18930.2
-19091.7
-19226.4
-19334.1
-19414.8
-19468.6
-19495.5
-403.465
-1211.3
-2018.31
-2821.02
-3617.75
-4406.86
-5186.76
-5955.93
-6712.91
-7456.32
-8184.85
-8897.27
-9592.44
-10269.3
-10926.8
-11564.1
-12180.4
-12774.9
-13346.9
-13895.7
-14420.9
-14921.9
-15398.3
-15849.6
-16275.6
-16675.8
-17050.2
-17398.4
-17720.3
-18015.7
-18284.4
-18526.5
-18741.8
-18930.2
-19091.8
-19226.4
-19334.1
-19414.8
-19468.6
-19495.5
-403.465
-1211.3
-2018.31
-2821.02
-3617.75
-4406.86
-5186.76
-5955.94
-6712.92
-7456.33
-8184.86
-8897.28
-9592.44
-10269.3
-10926.8
-11564.2
-12180.4
-12774.9
-13346.9
-13895.7
-14420.9
-14921.9
-15398.3
-15849.6
-16275.6
-16675.9
-17050.2
-17398.4
-17720.3
-18015.7
-18284.5
-18526.5
-18741.8
-18930.2
-19091.8
-19226.4
-19334.1
-19414.8
-19468.6
-19495.5
-403.466
-1211.3
-2018.31
-2821.02
-3617.75
-4406.86
-5186.77
-5955.94
-6712.92
-7456.33
-8184.86
-8897.28
-9592.45
-10269.3
-10926.8
-11564.2
-12180.4
-12774.9
-13346.9
-13895.7
-14420.9
-14921.9
-15398.3
-15849.6
-16275.6
-16675.9
-17050.2
-17398.4
-17720.3
-18015.7
-18284.5
-18526.5
-18741.8
-18930.2
-19091.8
-19226.4
-19334.1
-19414.8
-19468.6
-19495.5
-403.466
-1211.3
-2018.31
-2821.03
-3617.76
-4406.87
-5186.77
-5955.94
-6712.93
-7456.34
-8184.87
-8897.29
-9592.46
-10269.3
-10926.8
-11564.2
-12180.5
-12774.9
-13346.9
-13895.8
-14420.9
-14921.9
-15398.3
-15849.6
-16275.6
-16675.9
-17050.2
-17398.5
-17720.3
-18015.7
-18284.5
-18526.5
-18741.8
-18930.2
-19091.8
-19226.4
-19334.1
-19414.9
-19468.7
-19495.6
-403.466
-1211.3
-2018.32
-2821.03
-3617.76
-4406.87
-5186.78
-5955.95
-6712.93
-7456.35
-8184.88
-8897.3
-9592.47
-10269.3
-10926.9
-11564.2
-12180.5
-12774.9
-13346.9
-13895.8
-14420.9
-14921.9
-15398.3
-15849.6
-16275.6
-16675.9
-17050.3
-17398.5
-17720.3
-18015.7
-18284.5
-18526.6
-18741.8
-18930.3
-19091.8
-19226.4
-19334.1
-19414.9
-19468.7
-19495.6
-403.467
-1211.3
-2018.32
-2821.03
-3617.77
-4406.88
-5186.78
-5955.96
-6712.94
-7456.35
-8184.88
-8897.31
-9592.47
-10269.3
-10926.9
-11564.2
-12180.5
-12774.9
-13346.9
-13895.8
-14421
-14921.9
-15398.3
-15849.6
-16275.6
-16675.9
-17050.3
-17398.5
-17720.4
-18015.7
-18284.5
-18526.6
-18741.8
-18930.3
-19091.8
-19226.4
-19334.1
-19414.9
-19468.7
-19495.6
-403.467
-1211.3
-2018.32
-2821.04
-3617.77
-4406.88
-5186.79
-5955.96
-6712.95
-7456.36
-8184.89
-8897.31
-9592.48
-10269.3
-10926.9
-11564.2
-12180.5
-12775
-13346.9
-13895.8
-14421
-14922
-15398.3
-15849.7
-16275.6
-16675.9
-17050.3
-17398.5
-17720.4
-18015.8
-18284.5
-18526.6
-18741.9
-18930.3
-19091.8
-19226.5
-19334.2
-19414.9
-19468.7
-19495.6
-403.468
-1211.3
-2018.32
-2821.04
-3617.77
-4406.89
-5186.79
-5955.97
-6712.95
-7456.37
-8184.9
-8897.32
-9592.49
-10269.3
-10926.9
-11564.2
-12180.5
-12775
-13346.9
-13895.8
-14421
-14922
-15398.3
-15849.7
-16275.6
-16675.9
-17050.3
-17398.5
-17720.4
-18015.8
-18284.5
-18526.6
-18741.9
-18930.3
-19091.8
-19226.5
-19334.2
-19414.9
-19468.7
-19495.6
-403.468
-1211.31
-2018.32
-2821.04
-3617.78
-4406.89
-5186.8
-5955.97
-6712.96
-7456.37
-8184.91
-8897.33
-9592.5
-10269.4
-10926.9
-11564.2
-12180.5
-12775
-13347
-13895.8
-14421
-14922
-15398.3
-15849.7
-16275.7
-16675.9
-17050.3
-17398.5
-17720.4
-18015.8
-18284.6
-18526.6
-18741.9
-18930.3
-19091.9
-19226.5
-19334.2
-19414.9
-19468.7
-19495.6
-403.468
-1211.31
-2018.33
-2821.04
-3617.78
-4406.89
-5186.8
-5955.98
-6712.97
-7456.38
-8184.91
-8897.34
-9592.51
-10269.4
-10926.9
-11564.2
-12180.5
-12775
-13347
-13895.8
-14421
-14922
-15398.4
-15849.7
-16275.7
-16676
-17050.3
-17398.5
-17720.4
-18015.8
-18284.6
-18526.6
-18741.9
-18930.3
-19091.9
-19226.5
-19334.2
-19414.9
-19468.7
-19495.6
-403.469
-1211.31
-2018.33
-2821.05
-3617.78
-4406.9
-5186.81
-5955.98
-6712.97
-7456.39
-8184.92
-8897.35
-9592.52
-10269.4
-10926.9
-11564.2
-12180.5
-12775
-13347
-13895.8
-14421
-14922
-15398.4
-15849.7
-16275.7
-16676
-17050.3
-17398.5
-17720.4
-18015.8
-18284.6
-18526.6
-18741.9
-18930.3
-19091.9
-19226.5
-19334.2
-19415
-19468.8
-19495.7
-403.469
-1211.31
-2018.33
-2821.05
-3617.78
-4406.9
-5186.81
-5955.99
-6712.98
-7456.39
-8184.93
-8897.35
-9592.52
-10269.4
-10926.9
-11564.3
-12180.5
-12775
-13347
-13895.8
-14421
-14922
-15398.4
-15849.7
-16275.7
-16676
-17050.3
-17398.6
-17720.4
-18015.8
-18284.6
-18526.7
-18741.9
-18930.4
-19091.9
-19226.5
-19334.2
-19415
-19468.8
-19495.7
-403.469
-1211.31
-2018.33
-2821.05
-3617.79
-4406.9
-5186.81
-5955.99
-6712.98
-7456.4
-8184.93
-8897.36
-9592.53
-10269.4
-10926.9
-11564.3
-12180.5
-12775
-13347
-13895.9
-14421
-14922
-15398.4
-15849.7
-16275.7
-16676
-17050.4
-17398.6
-17720.4
-18015.8
-18284.6
-18526.7
-18741.9
-18930.4
-19091.9
-19226.5
-19334.2
-19415
-19468.8
-19495.7
-403.47
-1211.31
-2018.33
-2821.05
-3617.79
-4406.91
-5186.82
-5956
-6712.98
-7456.4
-8184.94
-8897.36
-9592.54
-10269.4
-10926.9
-11564.3
-12180.5
-12775
-13347
-13895.9
-14421
-14922
-15398.4
-15849.7
-16275.7
-16676
-17050.4
-17398.6
-17720.5
-18015.8
-18284.6
-18526.7
-18741.9
-18930.4
-19091.9
-19226.5
-19334.2
-19415
-19468.8
-19495.7
-403.47
-1211.31
-2018.33
-2821.05
-3617.79
-4406.91
-5186.82
-5956
-6712.99
-7456.4
-8184.94
-8897.37
-9592.54
-10269.4
-10926.9
-11564.3
-12180.6
-12775
-13347
-13895.9
-14421.1
-14922
-15398.4
-15849.7
-16275.7
-16676
-17050.4
-17398.6
-17720.5
-18015.9
-18284.6
-18526.7
-18742
-18930.4
-19091.9
-19226.6
-19334.3
-19415
-19468.8
-19495.7
-403.47
-1211.31
-2018.33
-2821.05
-3617.79
-4406.91
-5186.82
-5956
-6712.99
-7456.41
-8184.94
-8897.37
-9592.55
-10269.4
-10926.9
-11564.3
-12180.6
-12775
-13347
-13895.9
-14421.1
-14922.1
-15398.4
-15849.8
-16275.7
-16676
-17050.4
-17398.6
-17720.5
-18015.9
-18284.6
-18526.7
-18742
-18930.4
-19091.9
-19226.6
-19334.3
-19415
-19468.8
-19495.7
-403.47
-1211.31
-2018.33
-2821.06
-3617.79
-4406.91
-5186.82
-5956
-6712.99
-7456.41
-8184.95
-8897.37
-9592.55
-10269.4
-10926.9
-11564.3
-12180.6
-12775
-13347
-13895.9
-14421.1
-14922.1
-15398.4
-15849.8
-16275.7
-16676
-17050.4
-17398.6
-17720.5
-18015.9
-18284.6
-18526.7
-18742
-18930.4
-19091.9
-19226.6
-19334.3
-19415
-19468.8
-19495.7
-403.47
-1211.31
-2018.33
-2821.06
-3617.79
-4406.91
-5186.82
-5956
-6712.99
-7456.41
-8184.95
-8897.38
-9592.55
-10269.4
-10927
-11564.3
-12180.6
-12775
-13347
-13895.9
-14421.1
-14922.1
-15398.4
-15849.8
-16275.7
-16676
-17050.4
-17398.6
-17720.5
-18015.9
-18284.6
-18526.7
-18742
-18930.4
-19091.9
-19226.6
-19334.3
-19415
-19468.8
-19495.7
-403.47
-1211.31
-2018.34
-2821.06
-3617.79
-4406.91
-5186.82
-5956
-6712.99
-7456.41
-8184.95
-8897.38
-9592.55
-10269.4
-10927
-11564.3
-12180.6
-12775
-13347
-13895.9
-14421.1
-14922.1
-15398.4
-15849.8
-16275.7
-16676
-17050.4
-17398.6
-17720.5
-18015.9
-18284.6
-18526.7
-18742
-18930.4
-19092
-19226.6
-19334.3
-19415
-19468.8
-19495.7
-403.47
-1211.31
-2018.33
-2821.06
-3617.79
-4406.91
-5186.82
-5956
-6712.99
-7456.41
-8184.95
-8897.38
-9592.55
-10269.4
-10927
-11564.3
-12180.6
-12775
-13347
-13895.9
-14421.1
-14922.1
-15398.4
-15849.8
-16275.7
-16676
-17050.4
-17398.6
-17720.5
-18015.9
-18284.6
-18526.7
-18742
-18930.4
-19092
-19226.6
-19334.3
-19415
-19468.8
-19495.7
-403.47
-1211.31
-2018.33
-2821.06
-3617.79
-4406.91
-5186.82
-5956
-6712.99
-7456.41
-8184.95
-8897.38
-9592.55
-10269.4
-10927
-11564.3
-12180.6
-12775
-13347
-13895.9
-14421.1
-14922.1
-15398.4
-15849.8
-16275.7
-16676
-17050.4
-17398.6
-17720.5
-18015.9
-18284.6
-18526.7
-18742
-18930.4
-19092
-19226.6
-19334.3
-19415
-19468.8
-19495.7
-403.47
-1211.31
-2018.33
-2821.05
-3617.79
-4406.91
-5186.82
-5956
-6712.99
-7456.41
-8184.95
-8897.37
-9592.55
-10269.4
-10926.9
-11564.3
-12180.6
-12775
-13347
-13895.9
-14421.1
-14922.1
-15398.4
-15849.8
-16275.7
-16676
-17050.4
-17398.6
-17720.5
-18015.9
-18284.6
-18526.7
-18742
-18930.4
-19092
-19226.6
-19334.3
-19415
-19468.8
-19495.7
-403.47
-1211.31
-2018.33
-2821.05
-3617.79
-4406.91
-5186.82
-5956
-6712.99
-7456.41
-8184.94
-8897.37
-9592.54
-10269.4
-10926.9
-11564.3
-12180.6
-12775
-13347
-13895.9
-14421.1
-14922.1
-15398.4
-15849.8
-16275.7
-16676
-17050.4
-17398.6
-17720.5
-18015.9
-18284.6
-18526.7
-18742
-18930.4
-19091.9
-19226.6
-19334.3
-19415
-19468.8
-19495.7
-403.47
-1211.31
-2018.33
-2821.05
-3617.79
-4406.91
-5186.82
-5956
-6712.99
-7456.4
-8184.94
-8897.37
-9592.54
-10269.4
-10926.9
-11564.3
-12180.6
-12775
-13347
-13895.9
-14421.1
-14922.1
-15398.4
-15849.8
-16275.7
-16676
-17050.4
-17398.6
-17720.5
-18015.9
-18284.6
-18526.7
-18742
-18930.4
-19091.9
-19226.6
-19334.3
-19415
-19468.8
-19495.7
-403.469
-1211.31
-2018.33
-2821.05
-3617.79
-4406.9
-5186.81
-5955.99
-6712.98
-7456.4
-8184.94
-8897.36
-9592.54
-10269.4
-10926.9
-11564.3
-12180.6
-12775
-13347
-13895.9
-14421.1
-14922
-15398.4
-15849.8
-16275.7
-16676
-17050.4
-17398.6
-17720.5
-18015.9
-18284.6
-18526.7
-18742
-18930.4
-19091.9
-19226.6
-19334.3
-19415
-19468.8
-19495.7
-403.469
-1211.31
-2018.33
-2821.05
-3617.79
-4406.9
-5186.81
-5955.99
-6712.98
-7456.4
-8184.93
-8897.36
-9592.53
-10269.4
-10926.9
-11564.3
-12180.5
-12775
-13347
-13895.9
-14421
-14922
-15398.4
-15849.7
-16275.7
-16676
-17050.4
-17398.6
-17720.5
-18015.9
-18284.6
-18526.7
-18742
-18930.4
-19091.9
-19226.6
-19334.3
-19415
-19468.8
-19495.7
-403.469
-1211.31
-2018.33
-2821.05
-3617.78
-4406.9
-5186.81
-5955.99
-6712.98
-7456.39
-8184.93
-8897.35
-9592.53
-10269.4
-10926.9
-11564.3
-12180.5
-12775
-13347
-13895.9
-14421
-14922
-15398.4
-15849.7
-16275.7
-16676
-17050.4
-17398.6
-17720.5
-18015.8
-18284.6
-18526.7
-18742
-18930.4
-19091.9
-19226.6
-19334.2
-19415
-19468.8
-19495.7
-403.469
-1211.31
-2018.33
-2821.04
-3617.78
-4406.9
-5186.81
-5955.98
-6712.97
-7456.39
-8184.92
-8897.35
-9592.52
-10269.4
-10926.9
-11564.3
-12180.5
-12775
-13347
-13895.9
-14421
-14922
-15398.4
-15849.7
-16275.7
-16676
-17050.4
-17398.6
-17720.5
-18015.8
-18284.6
-18526.7
-18741.9
-18930.4
-19091.9
-19226.5
-19334.2
-19415
-19468.8
-19495.7
-403.468
-1211.31
-2018.33
-2821.04
-3617.78
-4406.89
-5186.8
-5955.98
-6712.97
-7456.38
-8184.92
-8897.34
-9592.52
-10269.4
-10926.9
-11564.2
-12180.5
-12775
-13347
-13895.8
-14421
-14922
-15398.4
-15849.7
-16275.7
-16676
-17050.4
-17398.6
-17720.4
-18015.8
-18284.6
-18526.7
-18741.9
-18930.4
-19091.9
-19226.5
-19334.2
-19415
-19468.8
-19495.7
-403.468
-1211.31
-2018.32
-2821.04
-3617.78
-4406.89
-5186.8
-5955.98
-6712.96
-7456.38
-8184.91
-8897.34
-9592.51
-10269.4
-10926.9
-11564.2
-12180.5
-12775
-13347
-13895.8
-14421
-14922
-15398.4
-15849.7
-16275.7
-16676
-17050.3
-17398.6
-17720.4
-18015.8
-18284.6
-18526.7
-18741.9
-18930.4
-19091.9
-19226.5
-19334.2
-19415
-19468.8
-19495.7
-403.468
-1211.3
-2018.32
-2821.04
-3617.77
-4406.89
-5186.8
-5955.97
-6712.96
-7456.37
-8184.91
-8897.33
-9592.51
-10269.4
-10926.9
-11564.2
-12180.5
-12775
-13347
-13895.8
-14421
-14922
-15398.4
-15849.7
-16275.7
-16676
-17050.3
-17398.6
-17720.4
-18015.8
-18284.6
-18526.7
-18741.9
-18930.4
-19091.9
-19226.5
-19334.2
-19415
-19468.8
-19495.7
-403.467
-1211.3
-2018.32
-2821.04
-3617.77
-4406.89
-5186.79
-5955.97
-6712.96
-7456.37
-8184.9
-8897.33
-9592.5
-10269.4
-10926.9
-11564.2
-12180.5
-12775
-13347
-13895.8
-14421
-14922
-15398.4
-15849.7
-16275.7
-16676
-17050.3
-17398.5
-17720.4
-18015.8
-18284.6
-18526.6
-18741.9
-18930.3
-19091.9
-19226.5
-19334.2
-19415
-19468.8
-19495.7
-403.467
-1211.3
-2018.32
-2821.04
-3617.77
-4406.88
-5186.79
-5955.97
-6712.95
-7456.37
-8184.9
-8897.33
-9592.5
-10269.4
-10926.9
-11564.2
-12180.5
-12775
-13347
-13895.8
-14421
-14922
-15398.4
-15849.7
-16275.7
-16676
-17050.3
-17398.5
-17720.4
-18015.8
-18284.6
-18526.6
-18741.9
-18930.3
-19091.9
-19226.5
-19334.2
-19415
-19468.8
-19495.7
-403.467
-1211.3
-2018.32
-2821.03
-3617.77
-4406.88
-5186.79
-5955.96
-6712.95
-7456.36
-8184.9
-8897.32
-9592.5
-10269.3
-10926.9
-11564.2
-12180.5
-12775
-13347
-13895.8
-14421
-14922
-15398.4
-15849.7
-16275.7
-16676
-17050.3
-17398.5
-17720.4
-18015.8
-18284.6
-18526.6
-18741.9
-18930.3
-19091.9
-19226.5
-19334.2
-19415
-19468.8
-19495.7
-403.466
-1211.3
-2018.32
-2821.03
-3617.77
-4406.88
-5186.79
-5955.96
-6712.95
-7456.36
-8184.9
-8897.32
-9592.49
-10269.3
-10926.9
-11564.2
-12180.5
-12775
-13347
-13895.8
-14421
-14922
-15398.4
-15849.7
-16275.7
-16676
-17050.3
-17398.5
-17720.4
-18015.8
-18284.6
-18526.6
-18741.9
-18930.3
-19091.9
-19226.5
-19334.2
-19415
-19468.7
-19495.6
-403.463
-1211.3
-2018.32
-2821.03
-3617.77
-4406.88
-5186.79
-5955.96
-6712.95
-7456.36
-8184.9
-8897.32
-9592.49
-10269.3
-10926.9
-11564.2
-12180.5
-12775
-13347
-13895.8
-14421
-14922
-15398.4
-15849.7
-16275.7
-16676
-17050.3
-17398.5
-17720.4
-18015.8
-18284.6
-18526.6
-18741.9
-18930.3
-19091.9
-19226.5
-19334.2
-19415
-19468.7
-19495.6
-413.695
-1241.99
-2069.36
-2892.19
-3708.69
-4517.15
-5315.91
-6103.36
-6878
-7638.4
-8383.19
-9111.14
-9821.06
-10511.9
-11182.6
-11832.4
-12460.3
-13065.6
-13647.7
-14205.9
-14739.8
-15248.7
-15732.4
-16190.5
-16622.5
-17028.3
-17407.6
-17760.3
-18086.1
-18385
-18656.8
-18901.5
-19119.1
-19309.4
-19472.6
-19608.5
-19717.2
-19798.7
-19853
-19880.1
-413.698
-1241.99
-2069.36
-2892.19
-3708.69
-4517.15
-5315.91
-6103.36
-6878
-7638.4
-8383.19
-9111.14
-9821.06
-10511.9
-11182.6
-11832.4
-12460.3
-13065.6
-13647.7
-14205.9
-14739.8
-15248.8
-15732.4
-16190.5
-16622.5
-17028.3
-17407.6
-17760.3
-18086.1
-18385
-18656.8
-18901.5
-19119.1
-19309.4
-19472.6
-19608.5
-19717.2
-19798.7
-19853
-19880.1
-413.699
-1241.99
-2069.36
-2892.19
-3708.69
-4517.15
-5315.91
-6103.37
-6878.01
-7638.4
-8383.2
-9111.14
-9821.07
-10511.9
-11182.6
-11832.4
-12460.3
-13065.6
-13647.7
-14205.9
-14739.8
-15248.8
-15732.4
-16190.5
-16622.5
-17028.3
-17407.6
-17760.3
-18086.1
-18385
-18656.8
-18901.5
-19119.1
-19309.4
-19472.6
-19608.5
-19717.2
-19798.7
-19853
-19880.1
-413.699
-1241.99
-2069.37
-2892.19
-3708.69
-4517.16
-5315.91
-6103.37
-6878.01
-7638.4
-8383.2
-9111.15
-9821.07
-10511.9
-11182.6
-11832.4
-12460.3
-13065.6
-13647.7
-14205.9
-14739.8
-15248.8
-15732.4
-16190.5
-16622.5
-17028.3
-17407.6
-17760.3
-18086.1
-18385
-18656.8
-18901.5
-19119.1
-19309.4
-19472.6
-19608.5
-19717.2
-19798.7
-19853
-19880.1
-413.7
-1241.99
-2069.37
-2892.19
-3708.7
-4517.16
-5315.92
-6103.37
-6878.01
-7638.41
-8383.21
-9111.15
-9821.08
-10511.9
-11182.6
-11832.4
-12460.3
-13065.6
-13647.7
-14205.9
-14739.8
-15248.8
-15732.5
-16190.5
-16622.5
-17028.3
-17407.6
-17760.3
-18086.1
-18385
-18656.8
-18901.5
-19119.1
-19309.4
-19472.6
-19608.5
-19717.2
-19798.7
-19853
-19880.2
-413.7
-1242
-2069.37
-2892.19
-3708.7
-4517.16
-5315.92
-6103.38
-6878.02
-7638.41
-8383.21
-9111.16
-9821.08
-10511.9
-11182.6
-11832.4
-12460.3
-13065.6
-13647.7
-14206
-14739.8
-15248.8
-15732.5
-16190.5
-16622.5
-17028.3
-17407.7
-17760.3
-18086.1
-18385
-18656.8
-18901.6
-19119.1
-19309.5
-19472.6
-19608.5
-19717.2
-19798.7
-19853
-19880.2
-413.7
-1242
-2069.37
-2892.2
-3708.7
-4517.17
-5315.92
-6103.38
-6878.03
-7638.42
-8383.22
-9111.16
-9821.09
-10511.9
-11182.7
-11832.4
-12460.3
-13065.6
-13647.7
-14206
-14739.8
-15248.8
-15732.5
-16190.5
-16622.6
-17028.4
-17407.7
-17760.3
-18086.1
-18385
-18656.8
-18901.6
-19119.1
-19309.5
-19472.6
-19608.5
-19717.3
-19798.7
-19853
-19880.2
-413.701
-1242
-2069.37
-2892.2
-3708.71
-4517.17
-5315.93
-6103.39
-6878.03
-7638.43
-8383.23
-9111.17
-9821.1
-10511.9
-11182.7
-11832.4
-12460.3
-13065.6
-13647.7
-14206
-14739.8
-15248.8
-15732.5
-16190.5
-16622.6
-17028.4
-17407.7
-17760.3
-18086.2
-18385
-18656.9
-18901.6
-19119.1
-19309.5
-19472.6
-19608.6
-19717.3
-19798.8
-19853.1
-19880.2
-413.701
-1242
-2069.38
-2892.2
-3708.71
-4517.18
-5315.93
-6103.39
-6878.04
-7638.43
-8383.23
-9111.18
-9821.11
-10511.9
-11182.7
-11832.4
-12460.3
-13065.7
-13647.8
-14206
-14739.8
-15248.8
-15732.5
-16190.5
-16622.6
-17028.4
-17407.7
-17760.4
-18086.2
-18385
-18656.9
-18901.6
-19119.1
-19309.5
-19472.6
-19608.6
-19717.3
-19798.8
-19853.1
-19880.2
-413.702
-1242
-2069.38
-2892.21
-3708.71
-4517.18
-5315.94
-6103.4
-6878.05
-7638.44
-8383.24
-9111.19
-9821.12
-10511.9
-11182.7
-11832.4
-12460.3
-13065.7
-13647.8
-14206
-14739.9
-15248.8
-15732.5
-16190.5
-16622.6
-17028.4
-17407.7
-17760.4
-18086.2
-18385.1
-18656.9
-18901.6
-19119.2
-19309.5
-19472.7
-19608.6
-19717.3
-19798.8
-19853.1
-19880.2
-413.702
-1242
-2069.38
-2892.21
-3708.72
-4517.19
-5315.95
-6103.41
-6878.05
-7638.45
-8383.25
-9111.2
-9821.13
-10512
-11182.7
-11832.4
-12460.3
-13065.7
-13647.8
-14206
-14739.9
-15248.8
-15732.5
-16190.6
-16622.6
-17028.4
-17407.7
-17760.4
-18086.2
-18385.1
-18656.9
-18901.6
-19119.2
-19309.5
-19472.7
-19608.6
-19717.3
-19798.8
-19853.1
-19880.2
-413.703
-1242
-2069.38
-2892.21
-3708.72
-4517.19
-5315.95
-6103.41
-6878.06
-7638.46
-8383.26
-9111.21
-9821.14
-10512
-11182.7
-11832.4
-12460.4
-13065.7
-13647.8
-14206
-14739.9
-15248.9
-15732.5
-16190.6
-16622.6
-17028.4
-17407.7
-17760.4
-18086.2
-18385.1
-18656.9
-18901.6
-19119.2
-19309.5
-19472.7
-19608.6
-19717.3
-19798.8
-19853.1
-19880.3
-413.703
-1242
-2069.38
-2892.21
-3708.73
-4517.19
-5315.96
-6103.42
-6878.07
-7638.46
-8383.27
-9111.22
-9821.15
-10512
-11182.7
-11832.5
-12460.4
-13065.7
-13647.8
-14206
-14739.9
-15248.9
-15732.6
-16190.6
-16622.6
-17028.4
-17407.8
-17760.4
-18086.2
-18385.1
-18656.9
-18901.7
-19119.2
-19309.6
-19472.7
-19608.6
-19717.3
-19798.8
-19853.1
-19880.3
-413.703
-1242.01
-2069.39
-2892.22
-3708.73
-4517.2
-5315.96
-6103.43
-6878.07
-7638.47
-8383.28
-9111.23
-9821.16
-10512
-11182.7
-11832.5
-12460.4
-13065.7
-13647.8
-14206.1
-14739.9
-15248.9
-15732.6
-16190.6
-16622.7
-17028.5
-17407.8
-17760.4
-18086.3
-18385.1
-18657
-18901.7
-19119.2
-19309.6
-19472.7
-19608.7
-19717.4
-19798.9
-19853.1
-19880.3
-413.704
-1242.01
-2069.39
-2892.22
-3708.73
-4517.2
-5315.97
-6103.43
-6878.08
-7638.48
-8383.28
-9111.23
-9821.16
-10512
-11182.7
-11832.5
-12460.4
-13065.7
-13647.8
-14206.1
-14739.9
-15248.9
-15732.6
-16190.6
-16622.7
-17028.5
-17407.8
-17760.4
-18086.3
-18385.1
-18657
-18901.7
-19119.2
-19309.6
-19472.7
-19608.7
-19717.4
-19798.9
-19853.2
-19880.3
-413.704
-1242.01
-2069.39
-2892.22
-3708.74
-4517.21
-5315.97
-6103.44
-6878.09
-7638.49
-8383.29
-9111.24
-9821.17
-10512
-11182.7
-11832.5
-12460.4
-13065.7
-13647.8
-14206.1
-14739.9
-15248.9
-15732.6
-16190.6
-16622.7
-17028.5
-17407.8
-17760.5
-18086.3
-18385.2
-18657
-18901.7
-19119.3
-19309.6
-19472.8
-19608.7
-19717.4
-19798.9
-19853.2
-19880.3
-413.705
-1242.01
-2069.39
-2892.22
-3708.74
-4517.21
-5315.98
-6103.44
-6878.09
-7638.49
-8383.3
-9111.25
-9821.18
-10512
-11182.8
-11832.5
-12460.4
-13065.8
-13647.9
-14206.1
-14739.9
-15248.9
-15732.6
-16190.6
-16622.7
-17028.5
-17407.8
-17760.5
-18086.3
-18385.2
-18657
-18901.7
-19119.3
-19309.6
-19472.8
-19608.7
-19717.4
-19798.9
-19853.2
-19880.3
-413.705
-1242.01
-2069.39
-2892.23
-3708.74
-4517.21
-5315.98
-6103.44
-6878.09
-7638.5
-8383.3
-9111.25
-9821.19
-10512
-11182.8
-11832.5
-12460.4
-13065.8
-13647.9
-14206.1
-14740
-15248.9
-15732.6
-16190.6
-16622.7
-17028.5
-17407.8
-17760.5
-18086.3
-18385.2
-18657
-18901.7
-19119.3
-19309.6
-19472.8
-19608.7
-19717.4
-19798.9
-19853.2
-19880.3
-413.705
-1242.01
-2069.39
-2892.23
-3708.74
-4517.22
-5315.98
-6103.45
-6878.1
-7638.5
-8383.31
-9111.26
-9821.19
-10512
-11182.8
-11832.5
-12460.4
-13065.8
-13647.9
-14206.1
-14740
-15248.9
-15732.6
-16190.7
-16622.7
-17028.5
-17407.8
-17760.5
-18086.3
-18385.2
-18657
-18901.7
-19119.3
-19309.6
-19472.8
-19608.7
-19717.4
-19798.9
-19853.2
-19880.3
-413.705
-1242.01
-2069.39
-2892.23
-3708.74
-4517.22
-5315.98
-6103.45
-6878.1
-7638.5
-8383.31
-9111.26
-9821.2
-10512
-11182.8
-11832.5
-12460.4
-13065.8
-13647.9
-14206.1
-14740
-15248.9
-15732.6
-16190.7
-16622.7
-17028.5
-17407.8
-17760.5
-18086.3
-18385.2
-18657
-18901.7
-19119.3
-19309.6
-19472.8
-19608.7
-19717.4
-19798.9
-19853.2
-19880.4
-413.705
-1242.01
-2069.39
-2892.23
-3708.75
-4517.22
-5315.98
-6103.45
-6878.1
-7638.51
-8383.31
-9111.27
-9821.2
-10512
-11182.8
-11832.5
-12460.4
-13065.8
-13647.9
-14206.1
-14740
-15249
-15732.6
-16190.7
-16622.7
-17028.5
-17407.8
-17760.5
-18086.3
-18385.2
-18657
-18901.7
-19119.3
-19309.7
-19472.8
-19608.7
-19717.4
-19798.9
-19853.2
-19880.4
-413.705
-1242.01
-2069.4
-2892.23
-3708.75
-4517.22
-5315.99
-6103.45
-6878.1
-7638.51
-8383.31
-9111.27
-9821.2
-10512
-11182.8
-11832.5
-12460.4
-13065.8
-13647.9
-14206.1
-14740
-15249
-15732.6
-16190.7
-16622.7
-17028.5
-17407.9
-17760.5
-18086.3
-18385.2
-18657
-18901.8
-19119.3
-19309.7
-19472.8
-19608.7
-19717.4
-19798.9
-19853.2
-19880.4
-413.705
-1242.01
-2069.4
-2892.23
-3708.75
-4517.22
-5315.99
-6103.45
-6878.1
-7638.51
-8383.31
-9111.27
-9821.2
-10512
-11182.8
-11832.5
-12460.4
-13065.8
-13647.9
-14206.1
-14740
-15249
-15732.6
-16190.7
-16622.7
-17028.5
-17407.9
-17760.5
-18086.3
-18385.2
-18657
-18901.8
-19119.3
-19309.7
-19472.8
-19608.7
-19717.4
-19798.9
-19853.2
-19880.4
-413.705
-1242.01
-2069.39
-2892.23
-3708.75
-4517.22
-5315.99
-6103.45
-6878.1
-7638.51
-8383.31
-9111.27
-9821.2
-10512
-11182.8
-11832.5
-12460.4
-13065.8
-13647.9
-14206.1
-14740
-15249
-15732.6
-16190.7
-16622.7
-17028.5
-17407.9
-17760.5
-18086.3
-18385.2
-18657
-18901.8
-19119.3
-19309.7
-19472.8
-19608.7
-19717.4
-19798.9
-19853.2
-19880.4
-413.705
-1242.01
-2069.39
-2892.23
-3708.75
-4517.22
-5315.98
-6103.45
-6878.1
-7638.5
-8383.31
-9111.26
-9821.2
-10512
-11182.8
-11832.5
-12460.4
-13065.8
-13647.9
-14206.1
-14740
-15249
-15732.6
-16190.7
-16622.7
-17028.5
-17407.8
-17760.5
-18086.3
-18385.2
-18657
-18901.8
-19119.3
-19309.7
-19472.8
-19608.7
-19717.4
-19798.9
-19853.2
-19880.4
-413.705
-1242.01
-2069.39
-2892.23
-3708.74
-4517.22
-5315.98
-6103.45
-6878.1
-7638.5
-8383.31
-9111.26
-9821.19
-10512
-11182.8
-11832.5
-12460.4
-13065.8
-13647.9
-14206.1
-14740
-15248.9
-15732.6
-16190.7
-16622.7
-17028.5
-17407.8
-17760.5
-18086.3
-18385.2
-18657
-18901.7
-19119.3
-19309.7
-19472.8
-19608.7
-19717.4
-19798.9
-19853.2
-19880.4
-413.705
-1242.01
-2069.39
-2892.23
-3708.74
-4517.21
-5315.98
-6103.45
-6878.1
-7638.5
-8383.3
-9111.26
-9821.19
-10512
-11182.8
-11832.5
-12460.4
-13065.8
-13647.9
-14206.1
-14740
-15248.9
-15732.6
-16190.7
-16622.7
-17028.5
-17407.8
-17760.5
-18086.3
-18385.2
-18657
-18901.7
-19119.3
-19309.7
-19472.8
-19608.7
-19717.4
-19798.9
-19853.2
-19880.4
-413.705
-1242.01
-2069.39
-2892.23
-3708.74
-4517.21
-5315.98
-6103.44
-6878.09
-7638.49
-8383.3
-9111.25
-9821.19
-10512
-11182.8
-11832.5
-12460.4
-13065.8
-13647.9
-14206.1
-14740
-15248.9
-15732.6
-16190.7
-16622.7
-17028.5
-17407.8
-17760.5
-18086.3
-18385.2
-18657
-18901.7
-19119.3
-19309.6
-19472.8
-19608.7
-19717.4
-19798.9
-19853.2
-19880.4
-413.704
-1242.01
-2069.39
-2892.22
-3708.74
-4517.21
-5315.97
-6103.44
-6878.09
-7638.49
-8383.3
-9111.25
-9821.18
-10512
-11182.8
-11832.5
-12460.4
-13065.8
-13647.9
-14206.1
-14740
-15248.9
-15732.6
-16190.7
-16622.7
-17028.5
-17407.8
-17760.5
-18086.3
-18385.2
-18657
-18901.7
-19119.3
-19309.6
-19472.8
-19608.7
-19717.4
-19798.9
-19853.2
-19880.3
-413.704
-1242.01
-2069.39
-2892.22
-3708.73
-4517.21
-5315.97
-6103.44
-6878.09
-7638.49
-8383.29
-9111.24
-9821.18
-10512
-11182.7
-11832.5
-12460.4
-13065.8
-13647.8
-14206.1
-14739.9
-15248.9
-15732.6
-16190.6
-16622.7
-17028.5
-17407.8
-17760.5
-18086.3
-18385.2
-18657
-18901.7
-19119.3
-19309.6
-19472.8
-19608.7
-19717.4
-19798.9
-19853.2
-19880.3
-413.704
-1242.01
-2069.39
-2892.22
-3708.73
-4517.2
-5315.97
-6103.43
-6878.08
-7638.48
-8383.29
-9111.24
-9821.17
-10512
-11182.7
-11832.5
-12460.4
-13065.7
-13647.8
-14206.1
-14739.9
-15248.9
-15732.6
-16190.6
-16622.7
-17028.5
-17407.8
-17760.5
-18086.3
-18385.2
-18657
-18901.7
-19119.3
-19309.6
-19472.8
-19608.7
-19717.4
-19798.9
-19853.2
-19880.3
-413.703
-1242.01
-2069.39
-2892.22
-3708.73
-4517.2
-5315.96
-6103.43
-6878.08
-7638.48
-8383.28
-9111.23
-9821.16
-10512
-11182.7
-11832.5
-12460.4
-13065.7
-13647.8
-14206.1
-14739.9
-15248.9
-15732.6
-16190.6
-16622.7
-17028.5
-17407.8
-17760.5
-18086.3
-18385.2
-18657
-18901.7
-19119.3
-19309.6
-19472.8
-19608.7
-19717.4
-19798.9
-19853.2
-19880.3
-413.703
-1242
-2069.38
-2892.21
-3708.73
-4517.2
-5315.96
-6103.42
-6878.07
-7638.47
-8383.27
-9111.23
-9821.16
-10512
-11182.7
-11832.5
-12460.4
-13065.7
-13647.8
-14206.1
-14739.9
-15248.9
-15732.6
-16190.6
-16622.7
-17028.5
-17407.8
-17760.4
-18086.3
-18385.2
-18657
-18901.7
-19119.2
-19309.6
-19472.8
-19608.7
-19717.4
-19798.9
-19853.2
-19880.3
-413.703
-1242
-2069.38
-2892.21
-3708.72
-4517.19
-5315.95
-6103.42
-6878.07
-7638.47
-8383.27
-9111.22
-9821.15
-10512
-11182.7
-11832.5
-12460.4
-13065.7
-13647.8
-14206.1
-14739.9
-15248.9
-15732.6
-16190.6
-16622.7
-17028.5
-17407.8
-17760.4
-18086.3
-18385.1
-18657
-18901.7
-19119.2
-19309.6
-19472.7
-19608.7
-19717.4
-19798.9
-19853.2
-19880.3
-413.702
-1242
-2069.38
-2892.21
-3708.72
-4517.19
-5315.95
-6103.41
-6878.06
-7638.46
-8383.26
-9111.21
-9821.15
-10512
-11182.7
-11832.5
-12460.4
-13065.7
-13647.8
-14206.1
-14739.9
-15248.9
-15732.6
-16190.6
-16622.7
-17028.5
-17407.8
-17760.4
-18086.3
-18385.1
-18657
-18901.7
-19119.2
-19309.6
-19472.7
-19608.7
-19717.4
-19798.9
-19853.2
-19880.3
-413.702
-1242
-2069.38
-2892.21
-3708.72
-4517.19
-5315.95
-6103.41
-6878.06
-7638.46
-8383.26
-9111.21
-9821.14
-10512
-11182.7
-11832.5
-12460.4
-13065.7
-13647.8
-14206
-14739.9
-15248.9
-15732.6
-16190.6
-16622.6
-17028.5
-17407.8
-17760.4
-18086.3
-18385.1
-18657
-18901.7
-19119.2
-19309.6
-19472.7
-19608.7
-19717.4
-19798.9
-19853.2
-19880.3
-413.702
-1242
-2069.38
-2892.21
-3708.72
-4517.18
-5315.95
-6103.41
-6878.05
-7638.45
-8383.26
-9111.21
-9821.14
-10512
-11182.7
-11832.4
-12460.4
-13065.7
-13647.8
-14206
-14739.9
-15248.9
-15732.6
-16190.6
-16622.6
-17028.4
-17407.8
-17760.4
-18086.2
-18385.1
-18657
-18901.7
-19119.2
-19309.6
-19472.7
-19608.7
-19717.4
-19798.9
-19853.1
-19880.3
-413.701
-1242
-2069.38
-2892.21
-3708.71
-4517.18
-5315.94
-6103.41
-6878.05
-7638.45
-8383.25
-9111.2
-9821.13
-10512
-11182.7
-11832.4
-12460.4
-13065.7
-13647.8
-14206
-14739.9
-15248.9
-15732.6
-16190.6
-16622.6
-17028.4
-17407.8
-17760.4
-18086.2
-18385.1
-18656.9
-18901.7
-19119.2
-19309.6
-19472.7
-19608.6
-19717.4
-19798.9
-19853.1
-19880.3
-413.7
-1242
-2069.37
-2892.2
-3708.71
-4517.18
-5315.94
-6103.4
-6878.05
-7638.45
-8383.25
-9111.2
-9821.13
-10512
-11182.7
-11832.4
-12460.4
-13065.7
-13647.8
-14206
-14739.9
-15248.9
-15732.6
-16190.6
-16622.6
-17028.4
-17407.8
-17760.4
-18086.2
-18385.1
-18656.9
-18901.7
-19119.2
-19309.6
-19472.7
-19608.6
-19717.4
-19798.9
-19853.1
-19880.3
-413.698
-1241.99
-2069.37
-2892.2
-3708.71
-4517.18
-5315.94
-6103.4
-6878.05
-7638.45
-8383.25
-9111.2
-9821.13
-10512
-11182.7
-11832.4
-12460.4
-13065.7
-13647.8
-14206
-14739.9
-15248.9
-15732.6
-16190.6
-16622.6
-17028.4
-17407.8
-17760.4
-18086.2
-18385.1
-18656.9
-18901.7
-19119.2
-19309.6
-19472.7
-19608.6
-19717.4
-19798.8
-19853.1
-19880.3
-424.844
-1275.42
-2124.97
-2969.68
-3807.68
-4637.16
-5456.36
-6263.62
-7057.35
-7836.07
-8598.4
-9343.03
-10068.8
-10774.6
-11459.4
-12122.4
-12762.7
-13379.6
-13972.4
-14540.5
-15083.5
-15600.9
-16092.3
-16557.3
-16995.7
-17407.3
-17791.7
-18149
-18478.9
-18781.3
-19056.3
-19303.7
-19523.6
-19715.9
-19880.6
-20017.9
-20127.6
-20209.8
-20264.6
-20292
-424.847
-1275.43
-2124.97
-2969.68
-3807.68
-4637.16
-5456.36
-6263.62
-7057.35
-7836.07
-8598.4
-9343.04
-10068.8
-10774.6
-11459.4
-12122.4
-12762.7
-13379.6
-13972.4
-14540.5
-15083.5
-15600.9
-16092.3
-16557.3
-16995.7
-17407.3
-17791.7
-18149
-18478.9
-18781.3
-19056.3
-19303.7
-19523.6
-19715.9
-19880.6
-20017.9
-20127.6
-20209.8
-20264.6
-20292
-424.848
-1275.43
-2124.97
-2969.68
-3807.68
-4637.16
-5456.36
-6263.62
-7057.35
-7836.08
-8598.4
-9343.04
-10068.8
-10774.6
-11459.4
-12122.4
-12762.7
-13379.6
-13972.4
-14540.5
-15083.5
-15600.9
-16092.3
-16557.3
-16995.7
-17407.3
-17791.7
-18149
-18478.9
-18781.3
-19056.3
-19303.7
-19523.6
-19715.9
-19880.6
-20017.9
-20127.6
-20209.8
-20264.6
-20292
-424.848
-1275.43
-2124.97
-2969.68
-3807.68
-4637.16
-5456.36
-6263.62
-7057.36
-7836.08
-8598.41
-9343.04
-10068.8
-10774.6
-11459.4
-12122.4
-12762.7
-13379.6
-13972.4
-14540.5
-15083.5
-15600.9
-16092.3
-16557.3
-16995.7
-17407.3
-17791.7
-18149
-18478.9
-18781.3
-19056.3
-19303.7
-19523.6
-19715.9
-19880.6
-20017.9
-20127.6
-20209.8
-20264.6
-20292
-424.849
-1275.43
-2124.97
-2969.68
-3807.69
-4637.17
-5456.37
-6263.63
-7057.36
-7836.09
-8598.41
-9343.05
-10068.8
-10774.6
-11459.4
-12122.4
-12762.7
-13379.6
-13972.4
-14540.6
-15083.6
-15600.9
-16092.3
-16557.3
-16995.8
-17407.3
-17791.8
-18149
-18478.9
-18781.4
-19056.3
-19303.7
-19523.6
-19715.9
-19880.7
-20017.9
-20127.6
-20209.8
-20264.6
-20292
-424.849
-1275.43
-2124.97
-2969.69
-3807.69
-4637.17
-5456.37
-6263.63
-7057.37
-7836.09
-8598.42
-9343.06
-10068.8
-10774.6
-11459.5
-12122.4
-12762.7
-13379.6
-13972.4
-14540.6
-15083.6
-15600.9
-16092.3
-16557.4
-16995.8
-17407.3
-17791.8
-18149
-18478.9
-18781.4
-19056.3
-19303.7
-19523.6
-19715.9
-19880.7
-20017.9
-20127.6
-20209.8
-20264.6
-20292
-424.85
-1275.44
-2124.98
-2969.69
-3807.69
-4637.17
-5456.38
-6263.64
-7057.38
-7836.1
-8598.43
-9343.07
-10068.8
-10774.6
-11459.5
-12122.4
-12762.7
-13379.6
-13972.4
-14540.6
-15083.6
-15601
-16092.3
-16557.4
-16995.8
-17407.3
-17791.8
-18149
-18478.9
-18781.4
-19056.3
-19303.8
-19523.6
-19715.9
-19880.7
-20017.9
-20127.6
-20209.9
-20264.6
-20292
-424.85
-1275.44
-2124.98
-2969.69
-3807.7
-4637.18
-5456.38
-6263.65
-7057.38
-7836.11
-8598.44
-9343.08
-10068.8
-10774.6
-11459.5
-12122.4
-12762.7
-13379.6
-13972.4
-14540.6
-15083.6
-15601
-16092.4
-16557.4
-16995.8
-17407.3
-17791.8
-18149
-18478.9
-18781.4
-19056.4
-19303.8
-19523.6
-19715.9
-19880.7
-20017.9
-20127.6
-20209.9
-20264.6
-20292
-424.851
-1275.44
-2124.98
-2969.7
-3807.7
-4637.18
-5456.39
-6263.65
-7057.39
-7836.12
-8598.44
-9343.08
-10068.8
-10774.6
-11459.5
-12122.5
-12762.8
-13379.6
-13972.4
-14540.6
-15083.6
-15601
-16092.4
-16557.4
-16995.8
-17407.3
-17791.8
-18149.1
-18479
-18781.4
-19056.4
-19303.8
-19523.7
-19716
-19880.7
-20017.9
-20127.7
-20209.9
-20264.7
-20292
-424.851
-1275.44
-2124.98
-2969.7
-3807.71
-4637.19
-5456.4
-6263.66
-7057.4
-7836.13
-8598.45
-9343.1
-10068.9
-10774.7
-11459.5
-12122.5
-12762.8
-13379.6
-13972.5
-14540.6
-15083.6
-15601
-16092.4
-16557.4
-16995.8
-17407.4
-17791.8
-18149.1
-18479
-18781.4
-19056.4
-19303.8
-19523.7
-19716
-19880.7
-20018
-20127.7
-20209.9
-20264.7
-20292.1
-424.852
-1275.44
-2124.99
-2969.7
-3807.71
-4637.19
-5456.4
-6263.67
-7057.41
-7836.14
-8598.46
-9343.11
-10068.9
-10774.7
-11459.5
-12122.5
-12762.8
-13379.7
-13972.5
-14540.6
-15083.6
-15601
-16092.4
-16557.4
-16995.8
-17407.4
-17791.9
-18149.1
-18479
-18781.5
-19056.4
-19303.8
-19523.7
-19716
-19880.7
-20018
-20127.7
-20209.9
-20264.7
-20292.1
-424.852
-1275.44
-2124.99
-2969.71
-3807.72
-4637.2
-5456.41
-6263.67
-7057.41
-7836.14
-8598.47
-9343.12
-10068.9
-10774.7
-11459.5
-12122.5
-12762.8
-13379.7
-13972.5
-14540.7
-15083.7
-15601
-16092.4
-16557.5
-16995.9
-17407.4
-17791.9
-18149.1
-18479
-18781.5
-19056.4
-19303.8
-19523.7
-19716
-19880.8
-20018
-20127.7
-20209.9
-20264.7
-20292.1
-424.853
-1275.44
-2124.99
-2969.71
-3807.72
-4637.2
-5456.42
-6263.68
-7057.42
-7836.15
-8598.48
-9343.13
-10068.9
-10774.7
-11459.5
-12122.5
-12762.8
-13379.7
-13972.5
-14540.7
-15083.7
-15601.1
-16092.4
-16557.5
-16995.9
-17407.4
-17791.9
-18149.1
-18479
-18781.5
-19056.4
-19303.9
-19523.7
-19716
-19880.8
-20018
-20127.7
-20210
-20264.7
-20292.1
-424.853
-1275.45
-2124.99
-2969.71
-3807.72
-4637.21
-5456.42
-6263.69
-7057.43
-7836.16
-8598.49
-9343.14
-10068.9
-10774.7
-11459.5
-12122.5
-12762.8
-13379.7
-13972.5
-14540.7
-15083.7
-15601.1
-16092.4
-16557.5
-16995.9
-17407.4
-17791.9
-18149.1
-18479
-18781.5
-19056.5
-19303.9
-19523.7
-19716
-19880.8
-20018
-20127.7
-20210
-20264.8
-20292.1
-424.854
-1275.45
-2125
-2969.71
-3807.73
-4637.21
-5456.43
-6263.69
-7057.44
-7836.17
-8598.5
-9343.14
-10068.9
-10774.7
-11459.6
-12122.5
-12762.8
-13379.7
-13972.5
-14540.7
-15083.7
-15601.1
-16092.5
-16557.5
-16995.9
-17407.4
-17791.9
-18149.2
-18479.1
-18781.5
-19056.5
-19303.9
-19523.8
-19716.1
-19880.8
-20018
-20127.8
-20210
-20264.8
-20292.2
-424.854
-1275.45
-2125
-2969.72
-3807.73
-4637.22
-5456.43
-6263.7
-7057.44
-7836.18
-8598.51
-9343.15
-10068.9
-10774.7
-11459.6
-12122.5
-12762.8
-13379.7
-13972.5
-14540.7
-15083.7
-15601.1
-16092.5
-16557.5
-16995.9
-17407.5
-17791.9
-18149.2
-18479.1
-18781.5
-19056.5
-19303.9
-19523.8
-19716.1
-19880.8
-20018.1
-20127.8
-20210
-20264.8
-20292.2
-424.854
-1275.45
-2125
-2969.72
-3807.73
-4637.22
-5456.44
-6263.7
-7057.45
-7836.18
-8598.51
-9343.16
-10068.9
-10774.7
-11459.6
-12122.6
-12762.9
-13379.7
-13972.6
-14540.7
-15083.7
-15601.1
-16092.5
-16557.5
-16995.9
-17407.5
-17791.9
-18149.2
-18479.1
-18781.5
-19056.5
-19303.9
-19523.8
-19716.1
-19880.8
-20018.1
-20127.8
-20210
-20264.8
-20292.2
-424.855
-1275.45
-2125
-2969.72
-3807.74
-4637.23
-5456.44
-6263.71
-7057.45
-7836.19
-8598.52
-9343.17
-10068.9
-10774.7
-11459.6
-12122.6
-12762.9
-13379.7
-13972.6
-14540.7
-15083.7
-15601.1
-16092.5
-16557.5
-16995.9
-17407.5
-17792
-18149.2
-18479.1
-18781.6
-19056.5
-19303.9
-19523.8
-19716.1
-19880.9
-20018.1
-20127.8
-20210
-20264.8
-20292.2
-424.855
-1275.45
-2125
-2969.72
-3807.74
-4637.23
-5456.44
-6263.71
-7057.46
-7836.19
-8598.53
-9343.17
-10068.9
-10774.7
-11459.6
-12122.6
-12762.9
-13379.8
-13972.6
-14540.7
-15083.7
-15601.1
-16092.5
-16557.5
-16996
-17407.5
-17792
-18149.2
-18479.1
-18781.6
-19056.5
-19303.9
-19523.8
-19716.1
-19880.9
-20018.1
-20127.8
-20210
-20264.8
-20292.2
-424.855
-1275.45
-2125
-2969.72
-3807.74
-4637.23
-5456.44
-6263.71
-7057.46
-7836.19
-8598.53
-9343.18
-10068.9
-10774.8
-11459.6
-12122.6
-12762.9
-13379.8
-13972.6
-14540.7
-15083.7
-15601.1
-16092.5
-16557.6
-16996
-17407.5
-17792
-18149.2
-18479.1
-18781.6
-19056.5
-19304
-19523.8
-19716.1
-19880.9
-20018.1
-20127.8
-20210.1
-20264.8
-20292.2
-424.855
-1275.45
-2125
-2969.73
-3807.74
-4637.23
-5456.45
-6263.72
-7057.46
-7836.2
-8598.53
-9343.18
-10068.9
-10774.8
-11459.6
-12122.6
-12762.9
-13379.8
-13972.6
-14540.7
-15083.7
-15601.1
-16092.5
-16557.6
-16996
-17407.5
-17792
-18149.2
-18479.1
-18781.6
-19056.5
-19304
-19523.8
-19716.1
-19880.9
-20018.1
-20127.8
-20210.1
-20264.8
-20292.2
-424.855
-1275.45
-2125
-2969.73
-3807.74
-4637.23
-5456.45
-6263.72
-7057.46
-7836.2
-8598.53
-9343.18
-10068.9
-10774.8
-11459.6
-12122.6
-12762.9
-13379.8
-13972.6
-14540.7
-15083.8
-15601.1
-16092.5
-16557.6
-16996
-17407.5
-17792
-18149.2
-18479.1
-18781.6
-19056.5
-19304
-19523.8
-19716.1
-19880.9
-20018.1
-20127.8
-20210.1
-20264.8
-20292.2
-424.855
-1275.45
-2125
-2969.73
-3807.74
-4637.23
-5456.45
-6263.72
-7057.46
-7836.2
-8598.53
-9343.18
-10068.9
-10774.8
-11459.6
-12122.6
-12762.9
-13379.8
-13972.6
-14540.7
-15083.8
-15601.1
-16092.5
-16557.6
-16996
-17407.5
-17792
-18149.2
-18479.1
-18781.6
-19056.5
-19304
-19523.8
-19716.1
-19880.9
-20018.1
-20127.8
-20210.1
-20264.8
-20292.2
-424.855
-1275.45
-2125
-2969.73
-3807.74
-4637.23
-5456.45
-6263.72
-7057.46
-7836.2
-8598.53
-9343.18
-10068.9
-10774.8
-11459.6
-12122.6
-12762.9
-13379.8
-13972.6
-14540.7
-15083.7
-15601.1
-16092.5
-16557.6
-16996
-17407.5
-17792
-18149.2
-18479.1
-18781.6
-19056.5
-19304
-19523.8
-19716.1
-19880.9
-20018.1
-20127.8
-20210.1
-20264.8
-20292.2
-424.855
-1275.45
-2125
-2969.72
-3807.74
-4637.23
-5456.44
-6263.71
-7057.46
-7836.19
-8598.53
-9343.17
-10068.9
-10774.8
-11459.6
-12122.6
-12762.9
-13379.8
-13972.6
-14540.7
-15083.7
-15601.1
-16092.5
-16557.6
-16996
-17407.5
-17792
-18149.2
-18479.1
-18781.6
-19056.5
-19304
-19523.8
-19716.1
-19880.9
-20018.1
-20127.8
-20210.1
-20264.8
-20292.2
-424.855
-1275.45
-2125
-2969.72
-3807.74
-4637.23
-5456.44
-6263.71
-7057.46
-7836.19
-8598.52
-9343.17
-10068.9
-10774.7
-11459.6
-12122.6
-12762.9
-13379.8
-13972.6
-14540.7
-15083.7
-15601.1
-16092.5
-16557.6
-16996
-17407.5
-17792
-18149.2
-18479.1
-18781.6
-19056.5
-19304
-19523.8
-19716.1
-19880.9
-20018.1
-20127.8
-20210.1
-20264.8
-20292.2
-424.854
-1275.45
-2125
-2969.72
-3807.74
-4637.23
-5456.44
-6263.71
-7057.45
-7836.19
-8598.52
-9343.17
-10068.9
-10774.7
-11459.6
-12122.6
-12762.9
-13379.7
-13972.6
-14540.7
-15083.7
-15601.1
-16092.5
-16557.5
-16996
-17407.5
-17792
-18149.2
-18479.1
-18781.6
-19056.5
-19303.9
-19523.8
-19716.1
-19880.9
-20018.1
-20127.8
-20210.1
-20264.8
-20292.2
-424.854
-1275.45
-2125
-2969.72
-3807.73
-4637.22
-5456.44
-6263.7
-7057.45
-7836.18
-8598.52
-9343.16
-10068.9
-10774.7
-11459.6
-12122.6
-12762.9
-13379.7
-13972.6
-14540.7
-15083.7
-15601.1
-16092.5
-16557.5
-16995.9
-17407.5
-17792
-18149.2
-18479.1
-18781.6
-19056.5
-19303.9
-19523.8
-19716.1
-19880.9
-20018.1
-20127.8
-20210
-20264.8
-20292.2
-424.854
-1275.45
-2125
-2969.72
-3807.73
-4637.22
-5456.43
-6263.7
-7057.44
-7836.18
-8598.51
-9343.16
-10068.9
-10774.7
-11459.6
-12122.6
-12762.8
-13379.7
-13972.6
-14540.7
-15083.7
-15601.1
-16092.5
-16557.5
-16995.9
-17407.5
-17791.9
-18149.2
-18479.1
-18781.6
-19056.5
-19303.9
-19523.8
-19716.1
-19880.9
-20018.1
-20127.8
-20210
-20264.8
-20292.2
-424.853
-1275.45
-2125
-2969.71
-3807.73
-4637.21
-5456.43
-6263.7
-7057.44
-7836.17
-8598.5
-9343.15
-10068.9
-10774.7
-11459.6
-12122.5
-12762.8
-13379.7
-13972.5
-14540.7
-15083.7
-15601.1
-16092.5
-16557.5
-16995.9
-17407.5
-17791.9
-18149.2
-18479.1
-18781.5
-19056.5
-19303.9
-19523.8
-19716.1
-19880.8
-20018.1
-20127.8
-20210
-20264.8
-20292.2
-424.853
-1275.45
-2124.99
-2969.71
-3807.72
-4637.21
-5456.42
-6263.69
-7057.43
-7836.16
-8598.5
-9343.14
-10068.9
-10774.7
-11459.6
-12122.5
-12762.8
-13379.7
-13972.5
-14540.7
-15083.7
-15601.1
-16092.5
-16557.5
-16995.9
-17407.5
-17791.9
-18149.2
-18479.1
-18781.5
-19056.5
-19303.9
-19523.8
-19716.1
-19880.8
-20018.1
-20127.8
-20210
-20264.8
-20292.2
-424.853
-1275.44
-2124.99
-2969.71
-3807.72
-4637.21
-5456.42
-6263.69
-7057.43
-7836.16
-8598.49
-9343.14
-10068.9
-10774.7
-11459.5
-12122.5
-12762.8
-13379.7
-13972.5
-14540.7
-15083.7
-15601.1
-16092.5
-16557.5
-16995.9
-17407.4
-17791.9
-18149.2
-18479.1
-18781.5
-19056.5
-19303.9
-19523.8
-19716.1
-19880.8
-20018.1
-20127.8
-20210
-20264.8
-20292.2
-424.852
-1275.44
-2124.99
-2969.71
-3807.72
-4637.2
-5456.41
-6263.68
-7057.42
-7836.15
-8598.48
-9343.13
-10068.9
-10774.7
-11459.5
-12122.5
-12762.8
-13379.7
-13972.5
-14540.7
-15083.7
-15601.1
-16092.5
-16557.5
-16995.9
-17407.4
-17791.9
-18149.2
-18479.1
-18781.5
-19056.5
-19303.9
-19523.8
-19716.1
-19880.8
-20018
-20127.8
-20210
-20264.8
-20292.2
-424.852
-1275.44
-2124.99
-2969.7
-3807.71
-4637.2
-5456.41
-6263.68
-7057.42
-7836.15
-8598.48
-9343.12
-10068.9
-10774.7
-11459.5
-12122.5
-12762.8
-13379.7
-13972.5
-14540.7
-15083.7
-15601.1
-16092.4
-16557.5
-16995.9
-17407.4
-17791.9
-18149.1
-18479
-18781.5
-19056.5
-19303.9
-19523.7
-19716.1
-19880.8
-20018
-20127.8
-20210
-20264.8
-20292.1
-424.852
-1275.44
-2124.99
-2969.7
-3807.71
-4637.2
-5456.41
-6263.67
-7057.41
-7836.14
-8598.47
-9343.12
-10068.9
-10774.7
-11459.5
-12122.5
-12762.8
-13379.7
-13972.5
-14540.7
-15083.7
-15601.1
-16092.4
-16557.5
-16995.9
-17407.4
-17791.9
-18149.1
-18479
-18781.5
-19056.5
-19303.9
-19523.7
-19716
-19880.8
-20018
-20127.7
-20210
-20264.8
-20292.1
-424.851
-1275.44
-2124.98
-2969.7
-3807.71
-4637.19
-5456.4
-6263.67
-7057.41
-7836.14
-8598.47
-9343.11
-10068.9
-10774.7
-11459.5
-12122.5
-12762.8
-13379.7
-13972.5
-14540.7
-15083.7
-15601
-16092.4
-16557.5
-16995.9
-17407.4
-17791.9
-18149.1
-18479
-18781.5
-19056.4
-19303.9
-19523.7
-19716
-19880.8
-20018
-20127.7
-20210
-20264.7
-20292.1
-424.851
-1275.44
-2124.98
-2969.7
-3807.71
-4637.19
-5456.4
-6263.66
-7057.4
-7836.13
-8598.46
-9343.11
-10068.9
-10774.7
-11459.5
-12122.5
-12762.8
-13379.7
-13972.5
-14540.7
-15083.7
-15601
-16092.4
-16557.5
-16995.9
-17407.4
-17791.9
-18149.1
-18479
-18781.5
-19056.4
-19303.9
-19523.7
-19716
-19880.8
-20018
-20127.7
-20210
-20264.7
-20292.1
-424.85
-1275.44
-2124.98
-2969.7
-3807.7
-4637.19
-5456.4
-6263.66
-7057.4
-7836.13
-8598.46
-9343.1
-10068.9
-10774.7
-11459.5
-12122.5
-12762.8
-13379.7
-13972.5
-14540.6
-15083.6
-15601
-16092.4
-16557.5
-16995.9
-17407.4
-17791.9
-18149.1
-18479
-18781.5
-19056.4
-19303.9
-19523.7
-19716
-19880.8
-20018
-20127.7
-20210
-20264.7
-20292.1
-424.849
-1275.44
-2124.98
-2969.69
-3807.7
-4637.19
-5456.39
-6263.66
-7057.4
-7836.13
-8598.46
-9343.1
-10068.9
-10774.7
-11459.5
-12122.5
-12762.8
-13379.7
-13972.5
-14540.6
-15083.6
-15601
-16092.4
-16557.4
-16995.9
-17407.4
-17791.9
-18149.1
-18479
-18781.5
-19056.4
-19303.8
-19523.7
-19716
-19880.8
-20018
-20127.7
-20210
-20264.7
-20292.1
-424.847
-1275.43
-2124.98
-2969.69
-3807.7
-4637.18
-5456.39
-6263.66
-7057.4
-7836.13
-8598.46
-9343.1
-10068.9
-10774.7
-11459.5
-12122.5
-12762.8
-13379.7
-13972.5
-14540.6
-15083.6
-15601
-16092.4
-16557.4
-16995.9
-17407.4
-17791.9
-18149.1
-18479
-18781.5
-19056.4
-19303.8
-19523.7
-19716
-19880.8
-20018
-20127.7
-20210
-20264.7
-20292.1
-436.965
-1311.77
-2185.4
-3053.87
-3915.19
-4767.43
-5608.75
-6437.39
-7251.71
-8050.15
-8831.29
-9593.81
-10336.5
-11058.3
-11758.1
-12435.1
-13088.5
-13717.6
-14321.7
-14900.3
-15452.9
-15979.1
-16478.5
-16950.8
-17395.8
-17813.3
-18203.1
-18565
-18899.1
-19205.2
-19483.3
-19733.5
-19955.6
-20149.9
-20316.2
-20454.7
-20565.4
-20648.4
-20703.6
-20731.2
-436.968
-1311.78
-2185.4
-3053.87
-3915.19
-4767.44
-5608.75
-6437.4
-7251.71
-8050.15
-8831.29
-9593.81
-10336.5
-11058.3
-11758.1
-12435.1
-13088.5
-13717.6
-14321.7
-14900.3
-15452.9
-15979.1
-16478.5
-16950.8
-17395.8
-17813.3
-18203.1
-18565
-18899.1
-19205.2
-19483.3
-19733.5
-19955.6
-20149.9
-20316.2
-20454.7
-20565.4
-20648.4
-20703.6
-20731.2
-436.969
-1311.78
-2185.4
-3053.87
-3915.19
-4767.44
-5608.76
-6437.4
-7251.71
-8050.15
-8831.29
-9593.81
-10336.5
-11058.3
-11758.1
-12435.1
-13088.5
-13717.6
-14321.7
-14900.3
-15452.9
-15979.1
-16478.5
-16950.8
-17395.8
-17813.3
-18203.1
-18565
-18899.1
-19205.2
-19483.3
-19733.5
-19955.6
-20149.9
-20316.2
-20454.7
-20565.4
-20648.4
-20703.6
-20731.2
-436.969
-1311.78
-2185.41
-3053.88
-3915.2
-4767.44
-5608.76
-6437.4
-7251.72
-8050.16
-8831.3
-9593.82
-10336.5
-11058.3
-11758.1
-12435.1
-13088.5
-13717.6
-14321.7
-14900.3
-15452.9
-15979.1
-16478.5
-16950.8
-17395.8
-17813.3
-18203.1
-18565
-18899.1
-19205.2
-19483.3
-19733.5
-19955.6
-20149.9
-20316.2
-20454.7
-20565.4
-20648.4
-20703.6
-20731.2
-436.97
-1311.78
-2185.41
-3053.88
-3915.2
-4767.44
-5608.77
-6437.41
-7251.72
-8050.16
-8831.31
-9593.82
-10336.5
-11058.3
-11758.1
-12435.1
-13088.5
-13717.6
-14321.7
-14900.3
-15452.9
-15979.1
-16478.5
-16950.8
-17395.8
-17813.3
-18203.1
-18565.1
-18899.1
-19205.2
-19483.3
-19733.5
-19955.7
-20149.9
-20316.2
-20454.7
-20565.4
-20648.4
-20703.6
-20731.3
-436.97
-1311.78
-2185.41
-3053.88
-3915.2
-4767.45
-5608.77
-6437.41
-7251.73
-8050.17
-8831.31
-9593.83
-10336.5
-11058.3
-11758.1
-12435.1
-13088.6
-13717.6
-14321.7
-14900.3
-15452.9
-15979.1
-16478.5
-16950.9
-17395.9
-17813.3
-18203.1
-18565.1
-18899.1
-19205.2
-19483.4
-19733.5
-19955.7
-20149.9
-20316.3
-20454.8
-20565.5
-20648.4
-20703.7
-20731.3
-436.971
-1311.79
-2185.41
-3053.89
-3915.21
-4767.45
-5608.78
-6437.42
-7251.74
-8050.18
-8831.32
-9593.84
-10336.5
-11058.3
-11758.1
-12435.2
-13088.6
-13717.6
-14321.8
-14900.4
-15453
-15979.1
-16478.5
-16950.9
-17395.9
-17813.3
-18203.1
-18565.1
-18899.1
-19205.2
-19483.4
-19733.5
-19955.7
-20149.9
-20316.3
-20454.8
-20565.5
-20648.4
-20703.7
-20731.3
-436.972
-1311.79
-2185.42
-3053.89
-3915.21
-4767.46
-5608.78
-6437.43
-7251.75
-8050.19
-8831.33
-9593.85
-10336.5
-11058.3
-11758.2
-12435.2
-13088.6
-13717.7
-14321.8
-14900.4
-15453
-15979.2
-16478.6
-16950.9
-17395.9
-17813.4
-18203.1
-18565.1
-18899.2
-19205.3
-19483.4
-19733.5
-19955.7
-20149.9
-20316.3
-20454.8
-20565.5
-20648.5
-20703.7
-20731.3
-436.972
-1311.79
-2185.42
-3053.89
-3915.22
-4767.47
-5608.79
-6437.44
-7251.75
-8050.2
-8831.34
-9593.86
-10336.6
-11058.3
-11758.2
-12435.2
-13088.6
-13717.7
-14321.8
-14900.4
-15453
-15979.2
-16478.6
-16950.9
-17395.9
-17813.4
-18203.2
-18565.1
-18899.2
-19205.3
-19483.4
-19733.5
-19955.7
-20150
-20316.3
-20454.8
-20565.5
-20648.5
-20703.7
-20731.3
-436.973
-1311.79
-2185.42
-3053.9
-3915.22
-4767.47
-5608.8
-6437.44
-7251.76
-8050.21
-8831.35
-9593.88
-10336.6
-11058.3
-11758.2
-12435.2
-13088.6
-13717.7
-14321.8
-14900.4
-15453
-15979.2
-16478.6
-16950.9
-17395.9
-17813.4
-18203.2
-18565.1
-18899.2
-19205.3
-19483.4
-19733.6
-19955.7
-20150
-20316.3
-20454.8
-20565.5
-20648.5
-20703.7
-20731.3
-436.973
-1311.79
-2185.42
-3053.9
-3915.23
-4767.48
-5608.8
-6437.45
-7251.77
-8050.22
-8831.36
-9593.89
-10336.6
-11058.3
-11758.2
-12435.2
-13088.6
-13717.7
-14321.8
-14900.4
-15453
-15979.2
-16478.6
-16950.9
-17395.9
-17813.4
-18203.2
-18565.2
-18899.2
-19205.3
-19483.4
-19733.6
-19955.8
-20150
-20316.3
-20454.8
-20565.6
-20648.5
-20703.8
-20731.4
-436.974
-1311.79
-2185.43
-3053.9
-3915.23
-4767.48
-5608.81
-6437.46
-7251.78
-8050.23
-8831.37
-9593.9
-10336.6
-11058.4
-11758.2
-12435.2
-13088.6
-13717.7
-14321.8
-14900.4
-15453
-15979.2
-16478.6
-16951
-17396
-17813.4
-18203.2
-18565.2
-18899.2
-19205.3
-19483.5
-19733.6
-19955.8
-20150
-20316.4
-20454.9
-20565.6
-20648.5
-20703.8
-20731.4
-436.974
-1311.8
-2185.43
-3053.91
-3915.24
-4767.49
-5608.82
-6437.47
-7251.79
-8050.24
-8831.39
-9593.91
-10336.6
-11058.4
-11758.2
-12435.2
-13088.7
-13717.7
-14321.9
-14900.5
-15453.1
-15979.2
-16478.6
-16951
-17396
-17813.5
-18203.2
-18565.2
-18899.3
-19205.4
-19483.5
-19733.6
-19955.8
-20150
-20316.4
-20454.9
-20565.6
-20648.6
-20703.8
-20731.4
-436.975
-1311.8
-2185.43
-3053.91
-3915.24
-4767.5
-5608.82
-6437.48
-7251.8
-8050.25
-8831.4
-9593.92
-10336.6
-11058.4
-11758.2
-12435.3
-13088.7
-13717.8
-14321.9
-14900.5
-15453.1
-15979.3
-16478.7
-16951
-17396
-17813.5
-18203.3
-18565.2
-18899.3
-19205.4
-19483.5
-19733.6
-19955.8
-20150.1
-20316.4
-20454.9
-20565.6
-20648.6
-20703.8
-20731.4
-436.975
-1311.8
-2185.43
-3053.92
-3915.25
-4767.5
-5608.83
-6437.48
-7251.81
-8050.26
-8831.4
-9593.93
-10336.6
-11058.4
-11758.2
-12435.3
-13088.7
-13717.8
-14321.9
-14900.5
-15453.1
-15979.3
-16478.7
-16951
-17396
-17813.5
-18203.3
-18565.2
-18899.3
-19205.4
-19483.5
-19733.7
-19955.8
-20150.1
-20316.4
-20454.9
-20565.6
-20648.6
-20703.8
-20731.4
-436.976
-1311.8
-2185.44
-3053.92
-3915.25
-4767.51
-5608.84
-6437.49
-7251.81
-8050.26
-8831.41
-9593.94
-10336.6
-11058.4
-11758.3
-12435.3
-13088.7
-13717.8
-14321.9
-14900.5
-15453.1
-15979.3
-16478.7
-16951
-17396
-17813.5
-18203.3
-18565.2
-18899.3
-19205.4
-19483.5
-19733.7
-19955.9
-20150.1
-20316.4
-20454.9
-20565.6
-20648.6
-20703.8
-20731.5
-436.976
-1311.8
-2185.44
-3053.92
-3915.25
-4767.51
-5608.84
-6437.49
-7251.82
-8050.27
-8831.42
-9593.95
-10336.6
-11058.4
-11758.3
-12435.3
-13088.7
-13717.8
-14321.9
-14900.5
-15453.1
-15979.3
-16478.7
-16951
-17396
-17813.5
-18203.3
-18565.3
-18899.3
-19205.4
-19483.6
-19733.7
-19955.9
-20150.1
-20316.5
-20455
-20565.7
-20648.6
-20703.9
-20731.5
-436.976
-1311.8
-2185.44
-3053.92
-3915.26
-4767.51
-5608.85
-6437.5
-7251.82
-8050.28
-8831.43
-9593.96
-10336.7
-11058.4
-11758.3
-12435.3
-13088.7
-13717.8
-14321.9
-14900.5
-15453.1
-15979.3
-16478.7
-16951.1
-17396.1
-17813.5
-18203.3
-18565.3
-18899.3
-19205.4
-19483.6
-19733.7
-19955.9
-20150.1
-20316.5
-20455
-20565.7
-20648.6
-20703.9
-20731.5
-436.977
-1311.8
-2185.44
-3053.93
-3915.26
-4767.52
-5608.85
-6437.5
-7251.83
-8050.28
-8831.43
-9593.96
-10336.7
-11058.4
-11758.3
-12435.3
-13088.7
-13717.8
-14321.9
-14900.5
-15453.1
-15979.3
-16478.7
-16951.1
-17396.1
-17813.5
-18203.3
-18565.3
-18899.3
-19205.4
-19483.6
-19733.7
-19955.9
-20150.1
-20316.5
-20455
-20565.7
-20648.6
-20703.9
-20731.5
-436.977
-1311.8
-2185.44
-3053.93
-3915.26
-4767.52
-5608.85
-6437.51
-7251.83
-8050.29
-8831.44
-9593.96
-10336.7
-11058.4
-11758.3
-12435.3
-13088.7
-13717.8
-14321.9
-14900.5
-15453.1
-15979.3
-16478.7
-16951.1
-17396.1
-17813.5
-18203.3
-18565.3
-18899.3
-19205.5
-19483.6
-19733.7
-19955.9
-20150.1
-20316.5
-20455
-20565.7
-20648.6
-20703.9
-20731.5
-436.977
-1311.8
-2185.44
-3053.93
-3915.26
-4767.52
-5608.85
-6437.51
-7251.83
-8050.29
-8831.44
-9593.97
-10336.7
-11058.4
-11758.3
-12435.3
-13088.7
-13717.8
-14321.9
-14900.5
-15453.1
-15979.3
-16478.7
-16951.1
-17396.1
-17813.6
-18203.3
-18565.3
-18899.4
-19205.5
-19483.6
-19733.7
-19955.9
-20150.1
-20316.5
-20455
-20565.7
-20648.7
-20703.9
-20731.5
-436.977
-1311.8
-2185.44
-3053.93
-3915.26
-4767.52
-5608.85
-6437.51
-7251.83
-8050.29
-8831.44
-9593.97
-10336.7
-11058.4
-11758.3
-12435.3
-13088.7
-13717.8
-14321.9
-14900.5
-15453.1
-15979.3
-16478.7
-16951.1
-17396.1
-17813.6
-18203.3
-18565.3
-18899.4
-19205.5
-19483.6
-19733.7
-19955.9
-20150.1
-20316.5
-20455
-20565.7
-20648.7
-20703.9
-20731.5
-436.977
-1311.8
-2185.44
-3053.93
-3915.26
-4767.52
-5608.85
-6437.51
-7251.83
-8050.29
-8831.44
-9593.97
-10336.7
-11058.4
-11758.3
-12435.3
-13088.7
-13717.8
-14321.9
-14900.5
-15453.1
-15979.3
-16478.7
-16951.1
-17396.1
-17813.6
-18203.3
-18565.3
-18899.4
-19205.5
-19483.6
-19733.7
-19955.9
-20150.1
-20316.5
-20455
-20565.7
-20648.7
-20703.9
-20731.5
-436.977
-1311.8
-2185.44
-3053.93
-3915.26
-4767.52
-5608.85
-6437.51
-7251.83
-8050.29
-8831.44
-9593.97
-10336.7
-11058.4
-11758.3
-12435.3
-13088.7
-13717.8
-14321.9
-14900.5
-15453.1
-15979.3
-16478.7
-16951.1
-17396.1
-17813.6
-18203.3
-18565.3
-18899.4
-19205.5
-19483.6
-19733.7
-19955.9
-20150.1
-20316.5
-20455
-20565.7
-20648.7
-20703.9
-20731.5
-436.977
-1311.8
-2185.44
-3053.93
-3915.26
-4767.52
-5608.85
-6437.5
-7251.83
-8050.28
-8831.43
-9593.96
-10336.7
-11058.4
-11758.3
-12435.3
-13088.7
-13717.8
-14321.9
-14900.5
-15453.1
-15979.3
-16478.7
-16951.1
-17396.1
-17813.5
-18203.3
-18565.3
-18899.4
-19205.5
-19483.6
-19733.7
-19955.9
-20150.1
-20316.5
-20455
-20565.7
-20648.7
-20703.9
-20731.5
-436.977
-1311.8
-2185.44
-3053.92
-3915.26
-4767.51
-5608.85
-6437.5
-7251.83
-8050.28
-8831.43
-9593.96
-10336.7
-11058.4
-11758.3
-12435.3
-13088.7
-13717.8
-14321.9
-14900.5
-15453.1
-15979.3
-16478.7
-16951.1
-17396.1
-17813.5
-18203.3
-18565.3
-18899.3
-19205.5
-19483.6
-19733.7
-19955.9
-20150.1
-20316.5
-20455
-20565.7
-20648.6
-20703.9
-20731.5
-436.976
-1311.8
-2185.44
-3053.92
-3915.26
-4767.51
-5608.84
-6437.5
-7251.82
-8050.27
-8831.42
-9593.95
-10336.7
-11058.4
-11758.3
-12435.3
-13088.7
-13717.8
-14321.9
-14900.5
-15453.1
-15979.3
-16478.7
-16951.1
-17396.1
-17813.5
-18203.3
-18565.3
-18899.3
-19205.4
-19483.6
-19733.7
-19955.9
-20150.1
-20316.5
-20455
-20565.7
-20648.6
-20703.9
-20731.5
-436.976
-1311.8
-2185.44
-3053.92
-3915.25
-4767.51
-5608.84
-6437.49
-7251.82
-8050.27
-8831.42
-9593.95
-10336.6
-11058.4
-11758.3
-12435.3
-13088.7
-13717.8
-14321.9
-14900.5
-15453.1
-15979.3
-16478.7
-16951
-17396.1
-17813.5
-18203.3
-18565.3
-18899.3
-19205.4
-19483.6
-19733.7
-19955.9
-20150.1
-20316.5
-20455
-20565.7
-20648.6
-20703.9
-20731.5
-436.976
-1311.8
-2185.44
-3053.92
-3915.25
-4767.5
-5608.83
-6437.49
-7251.81
-8050.26
-8831.41
-9593.94
-10336.6
-11058.4
-11758.3
-12435.3
-13088.7
-13717.8
-14321.9
-14900.5
-15453.1
-15979.3
-16478.7
-16951
-17396
-17813.5
-18203.3
-18565.3
-18899.3
-19205.4
-19483.6
-19733.7
-19955.9
-20150.1
-20316.5
-20455
-20565.7
-20648.6
-20703.9
-20731.5
-436.975
-1311.8
-2185.43
-3053.91
-3915.25
-4767.5
-5608.83
-6437.48
-7251.8
-8050.26
-8831.4
-9593.93
-10336.6
-11058.4
-11758.2
-12435.3
-13088.7
-13717.8
-14321.9
-14900.5
-15453.1
-15979.3
-16478.7
-16951
-17396
-17813.5
-18203.3
-18565.2
-18899.3
-19205.4
-19483.5
-19733.7
-19955.9
-20150.1
-20316.4
-20454.9
-20565.7
-20648.6
-20703.9
-20731.5
-436.975
-1311.8
-2185.43
-3053.91
-3915.24
-4767.49
-5608.82
-6437.47
-7251.8
-8050.25
-8831.4
-9593.92
-10336.6
-11058.4
-11758.2
-12435.3
-13088.7
-13717.8
-14321.9
-14900.5
-15453.1
-15979.3
-16478.7
-16951
-17396
-17813.5
-18203.3
-18565.2
-18899.3
-19205.4
-19483.5
-19733.7
-19955.8
-20150.1
-20316.4
-20454.9
-20565.6
-20648.6
-20703.8
-20731.5
-436.974
-1311.8
-2185.43
-3053.91
-3915.24
-4767.49
-5608.82
-6437.47
-7251.79
-8050.24
-8831.39
-9593.91
-10336.6
-11058.4
-11758.2
-12435.3
-13088.7
-13717.7
-14321.9
-14900.5
-15453.1
-15979.3
-16478.7
-16951
-17396
-17813.5
-18203.3
-18565.2
-18899.3
-19205.4
-19483.5
-19733.7
-19955.8
-20150.1
-20316.4
-20454.9
-20565.6
-20648.6
-20703.8
-20731.4
-436.974
-1311.79
-2185.43
-3053.9
-3915.23
-4767.48
-5608.81
-6437.46
-7251.78
-8050.23
-8831.38
-9593.91
-10336.6
-11058.4
-11758.2
-12435.2
-13088.7
-13717.7
-14321.9
-14900.5
-15453.1
-15979.2
-16478.7
-16951
-17396
-17813.5
-18203.2
-18565.2
-18899.3
-19205.4
-19483.5
-19733.6
-19955.8
-20150.1
-20316.4
-20454.9
-20565.6
-20648.6
-20703.8
-20731.4
-436.973
-1311.79
-2185.42
-3053.9
-3915.23
-4767.48
-5608.81
-6437.46
-7251.78
-8050.23
-8831.37
-9593.9
-10336.6
-11058.4
-11758.2
-12435.2
-13088.6
-13717.7
-14321.8
-14900.4
-15453.1
-15979.2
-16478.6
-16951
-17396
-17813.5
-18203.2
-18565.2
-18899.3
-19205.4
-19483.5
-19733.6
-19955.8
-20150
-20316.4
-20454.9
-20565.6
-20648.6
-20703.8
-20731.4
-436.973
-1311.79
-2185.42
-3053.9
-3915.23
-4767.48
-5608.8
-6437.45
-7251.77
-8050.22
-8831.37
-9593.89
-10336.6
-11058.4
-11758.2
-12435.2
-13088.6
-13717.7
-14321.8
-14900.4
-15453
-15979.2
-16478.6
-16951
-17396
-17813.4
-18203.2
-18565.2
-18899.2
-19205.4
-19483.5
-19733.6
-19955.8
-20150
-20316.4
-20454.9
-20565.6
-20648.6
-20703.8
-20731.4
-436.972
-1311.79
-2185.42
-3053.9
-3915.22
-4767.47
-5608.8
-6437.45
-7251.77
-8050.21
-8831.36
-9593.88
-10336.6
-11058.3
-11758.2
-12435.2
-13088.6
-13717.7
-14321.8
-14900.4
-15453
-15979.2
-16478.6
-16951
-17396
-17813.4
-18203.2
-18565.2
-18899.2
-19205.3
-19483.5
-19733.6
-19955.8
-20150
-20316.4
-20454.9
-20565.6
-20648.5
-20703.8
-20731.4
-436.972
-1311.79
-2185.42
-3053.89
-3915.22
-4767.47
-5608.79
-6437.44
-7251.76
-8050.21
-8831.35
-9593.88
-10336.6
-11058.3
-11758.2
-12435.2
-13088.6
-13717.7
-14321.8
-14900.4
-15453
-15979.2
-16478.6
-16951
-17396
-17813.4
-18203.2
-18565.2
-18899.2
-19205.3
-19483.5
-19733.6
-19955.8
-20150
-20316.4
-20454.9
-20565.6
-20648.5
-20703.8
-20731.4
-436.971
-1311.79
-2185.42
-3053.89
-3915.22
-4767.47
-5608.79
-6437.44
-7251.76
-8050.21
-8831.35
-9593.87
-10336.6
-11058.3
-11758.2
-12435.2
-13088.6
-13717.7
-14321.8
-14900.4
-15453
-15979.2
-16478.6
-16950.9
-17395.9
-17813.4
-18203.2
-18565.2
-18899.2
-19205.3
-19483.5
-19733.6
-19955.8
-20150
-20316.4
-20454.9
-20565.6
-20648.5
-20703.8
-20731.4
-436.97
-1311.79
-2185.41
-3053.89
-3915.22
-4767.46
-5608.79
-6437.44
-7251.76
-8050.2
-8831.35
-9593.87
-10336.6
-11058.3
-11758.2
-12435.2
-13088.6
-13717.7
-14321.8
-14900.4
-15453
-15979.2
-16478.6
-16950.9
-17395.9
-17813.4
-18203.2
-18565.2
-18899.2
-19205.3
-19483.5
-19733.6
-19955.8
-20150
-20316.4
-20454.9
-20565.6
-20648.5
-20703.8
-20731.4
-436.968
-1311.78
-2185.41
-3053.89
-3915.22
-4767.46
-5608.79
-6437.44
-7251.75
-8050.2
-8831.35
-9593.87
-10336.6
-11058.3
-11758.2
-12435.2
-13088.6
-13717.7
-14321.8
-14900.4
-15453
-15979.2
-16478.6
-16950.9
-17395.9
-17813.4
-18203.2
-18565.2
-18899.2
-19205.3
-19483.4
-19733.6
-19955.8
-20150
-20316.4
-20454.9
-20565.6
-20648.5
-20703.8
-20731.4
-450.124
-1351.23
-2250.99
-3145.21
-4031.78
-4908.63
-5773.82
-6625.5
-7461.93
-8281.52
-9082.8
-9864.4
-10625.1
-11363.8
-12079.6
-12771.5
-13438.7
-14080.6
-14696.6
-15286.1
-15848.7
-16384
-16891.8
-17371.6
-17823.4
-18247
-18642.2
-19009
-19347.2
-19657
-19938.3
-20191.2
-20415.6
-20611.7
-20779.6
-20919.4
-21031
-21114.6
-21170.3
-21198.2
-450.127
-1351.24
-2250.99
-3145.21
-4031.78
-4908.64
-5773.82
-6625.5
-7461.93
-8281.53
-9082.8
-9864.41
-10625.1
-11363.8
-12079.6
-12771.5
-13438.7
-14080.6
-14696.6
-15286.1
-15848.7
-16384
-16891.8
-17371.6
-17823.4
-18247
-18642.2
-19009
-19347.2
-19657
-19938.3
-20191.2
-20415.6
-20611.7
-20779.6
-20919.4
-21031
-21114.7
-21170.3
-21198.2
-450.128
-1351.24
-2250.99
-3145.22
-4031.78
-4908.64
-5773.83
-6625.5
-7461.94
-8281.53
-9082.8
-9864.41
-10625.1
-11363.8
-12079.6
-12771.5
-13438.7
-14080.6
-14696.6
-15286.1
-15848.7
-16384
-16891.8
-17371.6
-17823.4
-18247
-18642.2
-19009
-19347.3
-19657
-19938.3
-20191.2
-20415.6
-20611.8
-20779.6
-20919.4
-21031
-21114.7
-21170.3
-21198.2
-450.129
-1351.24
-2250.99
-3145.22
-4031.79
-4908.64
-5773.83
-6625.51
-7461.94
-8281.54
-9082.81
-9864.42
-10625.1
-11363.9
-12079.6
-12771.5
-13438.7
-14080.6
-14696.6
-15286.1
-15848.7
-16384
-16891.8
-17371.7
-17823.5
-18247
-18642.2
-19009
-19347.3
-19657
-19938.3
-20191.2
-20415.6
-20611.8
-20779.7
-20919.4
-21031
-21114.7
-21170.4
-21198.2
-450.129
-1351.24
-2251
-3145.22
-4031.79
-4908.65
-5773.84
-6625.51
-7461.95
-8281.54
-9082.82
-9864.42
-10625.1
-11363.9
-12079.6
-12771.5
-13438.7
-14080.6
-14696.6
-15286.1
-15848.7
-16384.1
-16891.8
-17371.7
-17823.5
-18247
-18642.2
-19009
-19347.3
-19657.1
-19938.3
-20191.2
-20415.6
-20611.8
-20779.7
-20919.4
-21031
-21114.7
-21170.4
-21198.2
-450.13
-1351.24
-2251
-3145.23
-4031.8
-4908.65
-5773.84
-6625.52
-7461.96
-8281.55
-9082.83
-9864.43
-10625.2
-11363.9
-12079.6
-12771.5
-13438.7
-14080.6
-14696.6
-15286.1
-15848.7
-16384.1
-16891.8
-17371.7
-17823.5
-18247
-18642.3
-19009
-19347.3
-19657.1
-19938.4
-20191.2
-20415.7
-20611.8
-20779.7
-20919.4
-21031.1
-21114.7
-21170.4
-21198.2
-450.131
-1351.25
-2251
-3145.23
-4031.8
-4908.66
-5773.85
-6625.53
-7461.97
-8281.56
-9082.84
-9864.45
-10625.2
-11363.9
-12079.6
-12771.5
-13438.7
-14080.6
-14696.6
-15286.1
-15848.7
-16384.1
-16891.8
-17371.7
-17823.5
-18247.1
-18642.3
-19009
-19347.3
-19657.1
-19938.4
-20191.2
-20415.7
-20611.8
-20779.7
-20919.4
-21031.1
-21114.7
-21170.4
-21198.2
-450.131
-1351.25
-2251.01
-3145.24
-4031.81
-4908.67
-5773.86
-6625.54
-7461.98
-8281.57
-9082.85
-9864.46
-10625.2
-11363.9
-12079.6
-12771.5
-13438.8
-14080.7
-14696.6
-15286.1
-15848.8
-16384.1
-16891.8
-17371.7
-17823.5
-18247.1
-18642.3
-19009.1
-19347.3
-19657.1
-19938.4
-20191.2
-20415.7
-20611.8
-20779.7
-20919.5
-21031.1
-21114.7
-21170.4
-21198.3
-450.132
-1351.25
-2251.01
-3145.24
-4031.81
-4908.67
-5773.87
-6625.55
-7461.99
-8281.58
-9082.86
-9864.47
-10625.2
-11363.9
-12079.7
-12771.5
-13438.8
-14080.7
-14696.6
-15286.2
-15848.8
-16384.1
-16891.9
-17371.7
-17823.5
-18247.1
-18642.3
-19009.1
-19347.4
-19657.1
-19938.4
-20191.3
-20415.7
-20611.9
-20779.7
-20919.5
-21031.1
-21114.8
-21170.4
-21198.3
-450.133
-1351.25
-2251.01
-3145.24
-4031.82
-4908.68
-5773.88
-6625.56
-7462
-8281.6
-9082.87
-9864.48
-10625.2
-11363.9
-12079.7
-12771.6
-13438.8
-14080.7
-14696.7
-15286.2
-15848.8
-16384.1
-16891.9
-17371.8
-17823.6
-18247.1
-18642.3
-19009.1
-19347.4
-19657.2
-19938.4
-20191.3
-20415.7
-20611.9
-20779.8
-20919.5
-21031.1
-21114.8
-21170.5
-21198.3
-450.133
-1351.25
-2251.02
-3145.25
-4031.82
-4908.69
-5773.88
-6625.57
-7462.01
-8281.61
-9082.89
-9864.5
-10625.2
-11363.9
-12079.7
-12771.6
-13438.8
-14080.7
-14696.7
-15286.2
-15848.8
-16384.2
-16891.9
-17371.8
-17823.6
-18247.1
-18642.4
-19009.1
-19347.4
-19657.2
-19938.5
-20191.3
-20415.8
-20611.9
-20779.8
-20919.5
-21031.2
-21114.8
-21170.5
-21198.3
-450.134
-1351.26
-2251.02
-3145.25
-4031.83
-4908.69
-5773.89
-6625.58
-7462.02
-8281.62
-9082.9
-9864.51
-10625.2
-11364
-12079.7
-12771.6
-13438.8
-14080.7
-14696.7
-15286.2
-15848.8
-16384.2
-16891.9
-17371.8
-17823.6
-18247.2
-18642.4
-19009.1
-19347.4
-19657.2
-19938.5
-20191.3
-20415.8
-20611.9
-20779.8
-20919.5
-21031.2
-21114.8
-21170.5
-21198.3
-450.134
-1351.26
-2251.02
-3145.26
-4031.83
-4908.7
-5773.9
-6625.58
-7462.03
-8281.63
-9082.91
-9864.52
-10625.2
-11364
-12079.7
-12771.6
-13438.8
-14080.7
-14696.7
-15286.2
-15848.9
-16384.2
-16891.9
-17371.8
-17823.6
-18247.2
-18642.4
-19009.2
-19347.4
-19657.2
-19938.5
-20191.4
-20415.8
-20611.9
-20779.8
-20919.6
-21031.2
-21114.9
-21170.5
-21198.4
-450.135
-1351.26
-2251.02
-3145.26
-4031.84
-4908.71
-5773.91
-6625.59
-7462.04
-8281.64
-9082.92
-9864.54
-10625.3
-11364
-12079.7
-12771.6
-13438.9
-14080.8
-14696.7
-15286.3
-15848.9
-16384.2
-16892
-17371.8
-17823.6
-18247.2
-18642.4
-19009.2
-19347.5
-19657.2
-19938.5
-20191.4
-20415.8
-20612
-20779.9
-20919.6
-21031.2
-21114.9
-21170.6
-21198.4
-450.136
-1351.26
-2251.03
-3145.27
-4031.84
-4908.71
-5773.91
-6625.6
-7462.05
-8281.65
-9082.93
-9864.55
-10625.3
-11364
-12079.8
-12771.6
-13438.9
-14080.8
-14696.8
-15286.3
-15848.9
-16384.2
-16892
-17371.9
-17823.7
-18247.2
-18642.4
-19009.2
-19347.5
-19657.3
-19938.5
-20191.4
-20415.8
-20612
-20779.9
-20919.6
-21031.3
-21114.9
-21170.6
-21198.4
-450.136
-1351.26
-2251.03
-3145.27
-4031.85
-4908.72
-5773.92
-6625.61
-7462.06
-8281.66
-9082.94
-9864.56
-10625.3
-11364
-12079.8
-12771.6
-13438.9
-14080.8
-14696.8
-15286.3
-15848.9
-16384.3
-16892
-17371.9
-17823.7
-18247.2
-18642.4
-19009.2
-19347.5
-19657.3
-19938.6
-20191.4
-20415.9
-20612
-20779.9
-20919.6
-21031.3
-21114.9
-21170.6
-21198.4
-450.137
-1351.26
-2251.03
-3145.27
-4031.85
-4908.72
-5773.93
-6625.61
-7462.06
-8281.67
-9082.95
-9864.57
-10625.3
-11364
-12079.8
-12771.7
-13438.9
-14080.8
-14696.8
-15286.3
-15848.9
-16384.3
-16892
-17371.9
-17823.7
-18247.3
-18642.5
-19009.2
-19347.5
-19657.3
-19938.6
-20191.4
-20415.9
-20612
-20779.9
-20919.6
-21031.3
-21114.9
-21170.6
-21198.4
-450.137
-1351.26
-2251.03
-3145.27
-4031.86
-4908.73
-5773.93
-6625.62
-7462.07
-8281.67
-9082.96
-9864.58
-10625.3
-11364
-12079.8
-12771.7
-13438.9
-14080.8
-14696.8
-15286.3
-15848.9
-16384.3
-16892
-17371.9
-17823.7
-18247.3
-18642.5
-19009.2
-19347.5
-19657.3
-19938.6
-20191.4
-20415.9
-20612
-20779.9
-20919.7
-21031.3
-21114.9
-21170.6
-21198.5
-450.137
-1351.27
-2251.03
-3145.28
-4031.86
-4908.73
-5773.93
-6625.62
-7462.07
-8281.68
-9082.96
-9864.58
-10625.3
-11364
-12079.8
-12771.7
-13438.9
-14080.8
-14696.8
-15286.3
-15848.9
-16384.3
-16892
-17371.9
-17823.7
-18247.3
-18642.5
-19009.3
-19347.5
-19657.3
-19938.6
-20191.5
-20415.9
-20612
-20779.9
-20919.7
-21031.3
-21114.9
-21170.6
-21198.5
-450.137
-1351.27
-2251.04
-3145.28
-4031.86
-4908.73
-5773.94
-6625.63
-7462.08
-8281.68
-9082.97
-9864.59
-10625.3
-11364
-12079.8
-12771.7
-13438.9
-14080.8
-14696.8
-15286.3
-15849
-16384.3
-16892
-17371.9
-17823.7
-18247.3
-18642.5
-19009.3
-19347.5
-19657.3
-19938.6
-20191.5
-20415.9
-20612
-20779.9
-20919.7
-21031.3
-21115
-21170.6
-21198.5
-450.137
-1351.27
-2251.04
-3145.28
-4031.86
-4908.73
-5773.94
-6625.63
-7462.08
-8281.68
-9082.97
-9864.59
-10625.3
-11364
-12079.8
-12771.7
-13438.9
-14080.8
-14696.8
-15286.3
-15849
-16384.3
-16892
-17371.9
-17823.7
-18247.3
-18642.5
-19009.3
-19347.5
-19657.3
-19938.6
-20191.5
-20415.9
-20612.1
-20779.9
-20919.7
-21031.3
-21115
-21170.6
-21198.5
-450.138
-1351.27
-2251.04
-3145.28
-4031.86
-4908.73
-5773.94
-6625.63
-7462.08
-8281.68
-9082.97
-9864.59
-10625.3
-11364
-12079.8
-12771.7
-13438.9
-14080.8
-14696.8
-15286.3
-15849
-16384.3
-16892
-17371.9
-17823.7
-18247.3
-18642.5
-19009.3
-19347.5
-19657.3
-19938.6
-20191.5
-20415.9
-20612.1
-20779.9
-20919.7
-21031.3
-21115
-21170.6
-21198.5
-450.137
-1351.27
-2251.04
-3145.28
-4031.86
-4908.73
-5773.94
-6625.63
-7462.08
-8281.68
-9082.97
-9864.59
-10625.3
-11364
-12079.8
-12771.7
-13438.9
-14080.8
-14696.8
-15286.3
-15849
-16384.3
-16892
-17371.9
-17823.7
-18247.3
-18642.5
-19009.3
-19347.5
-19657.3
-19938.6
-20191.5
-20415.9
-20612.1
-20779.9
-20919.7
-21031.3
-21115
-21170.6
-21198.5
-450.137
-1351.27
-2251.04
-3145.28
-4031.86
-4908.73
-5773.94
-6625.63
-7462.08
-8281.68
-9082.97
-9864.58
-10625.3
-11364
-12079.8
-12771.7
-13438.9
-14080.8
-14696.8
-15286.3
-15849
-16384.3
-16892
-17371.9
-17823.7
-18247.3
-18642.5
-19009.3
-19347.5
-19657.3
-19938.6
-20191.5
-20415.9
-20612.1
-20779.9
-20919.7
-21031.3
-21115
-21170.6
-21198.5
-450.137
-1351.27
-2251.03
-3145.28
-4031.86
-4908.73
-5773.93
-6625.62
-7462.07
-8281.68
-9082.96
-9864.58
-10625.3
-11364
-12079.8
-12771.7
-13438.9
-14080.8
-14696.8
-15286.3
-15848.9
-16384.3
-16892
-17371.9
-17823.7
-18247.3
-18642.5
-19009.3
-19347.5
-19657.3
-19938.6
-20191.5
-20415.9
-20612
-20779.9
-20919.7
-21031.3
-21115
-21170.6
-21198.5
-450.137
-1351.26
-2251.03
-3145.27
-4031.86
-4908.73
-5773.93
-6625.62
-7462.07
-8281.67
-9082.96
-9864.58
-10625.3
-11364
-12079.8
-12771.7
-13438.9
-14080.8
-14696.8
-15286.3
-15848.9
-16384.3
-16892
-17371.9
-17823.7
-18247.3
-18642.5
-19009.3
-19347.5
-19657.3
-19938.6
-20191.5
-20415.9
-20612
-20779.9
-20919.7
-21031.3
-21115
-21170.6
-21198.5
-450.136
-1351.26
-2251.03
-3145.27
-4031.85
-4908.72
-5773.92
-6625.61
-7462.06
-8281.67
-9082.95
-9864.57
-10625.3
-11364
-12079.8
-12771.7
-13438.9
-14080.8
-14696.8
-15286.3
-15848.9
-16384.3
-16892
-17371.9
-17823.7
-18247.3
-18642.5
-19009.2
-19347.5
-19657.3
-19938.6
-20191.4
-20415.9
-20612
-20779.9
-20919.7
-21031.3
-21114.9
-21170.6
-21198.5
-450.136
-1351.26
-2251.03
-3145.27
-4031.85
-4908.72
-5773.92
-6625.61
-7462.06
-8281.66
-9082.94
-9864.56
-10625.3
-11364
-12079.8
-12771.7
-13438.9
-14080.8
-14696.8
-15286.3
-15848.9
-16384.3
-16892
-17371.9
-17823.7
-18247.3
-18642.5
-19009.2
-19347.5
-19657.3
-19938.6
-20191.4
-20415.9
-20612
-20779.9
-20919.6
-21031.3
-21114.9
-21170.6
-21198.4
-450.136
-1351.26
-2251.03
-3145.27
-4031.84
-4908.71
-5773.91
-6625.6
-7462.05
-8281.65
-9082.94
-9864.55
-10625.3
-11364
-12079.8
-12771.6
-13438.9
-14080.8
-14696.8
-15286.3
-15848.9
-16384.3
-16892
-17371.9
-17823.7
-18247.2
-18642.5
-19009.2
-19347.5
-19657.3
-19938.6
-20191.4
-20415.9
-20612
-20779.9
-20919.6
-21031.3
-21114.9
-21170.6
-21198.4
-450.135
-1351.26
-2251.02
-3145.26
-4031.84
-4908.71
-5773.91
-6625.59
-7462.04
-8281.64
-9082.93
-9864.54
-10625.3
-11364
-12079.7
-12771.6
-13438.9
-14080.8
-14696.8
-15286.3
-15848.9
-16384.2
-16892
-17371.9
-17823.7
-18247.2
-18642.4
-19009.2
-19347.5
-19657.3
-19938.6
-20191.4
-20415.9
-20612
-20779.9
-20919.6
-21031.3
-21114.9
-21170.6
-21198.4
-450.134
-1351.26
-2251.02
-3145.26
-4031.84
-4908.7
-5773.9
-6625.59
-7462.03
-8281.63
-9082.92
-9864.53
-10625.3
-11364
-12079.7
-12771.6
-13438.9
-14080.8
-14696.7
-15286.3
-15848.9
-16384.2
-16892
-17371.8
-17823.7
-18247.2
-18642.4
-19009.2
-19347.5
-19657.3
-19938.5
-20191.4
-20415.8
-20612
-20779.9
-20919.6
-21031.3
-21114.9
-21170.6
-21198.4
-450.134
-1351.26
-2251.02
-3145.25
-4031.83
-4908.7
-5773.9
-6625.58
-7462.02
-8281.63
-9082.91
-9864.52
-10625.2
-11364
-12079.7
-12771.6
-13438.8
-14080.8
-14696.7
-15286.2
-15848.9
-16384.2
-16892
-17371.8
-17823.6
-18247.2
-18642.4
-19009.2
-19347.5
-19657.2
-19938.5
-20191.4
-20415.8
-20612
-20779.9
-20919.6
-21031.2
-21114.9
-21170.6
-21198.4
-450.133
-1351.25
-2251.02
-3145.25
-4031.83
-4908.69
-5773.89
-6625.57
-7462.02
-8281.62
-9082.9
-9864.51
-10625.2
-11364
-12079.7
-12771.6
-13438.8
-14080.7
-14696.7
-15286.2
-15848.9
-16384.2
-16891.9
-17371.8
-17823.6
-18247.2
-18642.4
-19009.2
-19347.4
-19657.2
-19938.5
-20191.4
-20415.8
-20612
-20779.8
-20919.6
-21031.2
-21114.9
-21170.5
-21198.4
-450.133
-1351.25
-2251.01
-3145.25
-4031.82
-4908.69
-5773.88
-6625.57
-7462.01
-8281.61
-9082.89
-9864.5
-10625.2
-11364
-12079.7
-12771.6
-13438.8
-14080.7
-14696.7
-15286.2
-15848.8
-16384.2
-16891.9
-17371.8
-17823.6
-18247.2
-18642.4
-19009.2
-19347.4
-19657.2
-19938.5
-20191.4
-20415.8
-20611.9
-20779.8
-20919.6
-21031.2
-21114.8
-21170.5
-21198.4
-450.132
-1351.25
-2251.01
-3145.24
-4031.82
-4908.68
-5773.88
-6625.56
-7462
-8281.6
-9082.88
-9864.49
-10625.2
-11363.9
-12079.7
-12771.6
-13438.8
-14080.7
-14696.7
-15286.2
-15848.8
-16384.2
-16891.9
-17371.8
-17823.6
-18247.2
-18642.4
-19009.1
-19347.4
-19657.2
-19938.5
-20191.3
-20415.8
-20611.9
-20779.8
-20919.5
-21031.2
-21114.8
-21170.5
-21198.3
-450.132
-1351.25
-2251.01
-3145.24
-4031.81
-4908.68
-5773.87
-6625.55
-7462
-8281.59
-9082.87
-9864.49
-10625.2
-11363.9
-12079.7
-12771.6
-13438.8
-14080.7
-14696.7
-15286.2
-15848.8
-16384.2
-16891.9
-17371.8
-17823.6
-18247.2
-18642.4
-19009.1
-19347.4
-19657.2
-19938.5
-20191.3
-20415.8
-20611.9
-20779.8
-20919.5
-21031.2
-21114.8
-21170.5
-21198.3
-450.131
-1351.25
-2251.01
-3145.24
-4031.81
-4908.67
-5773.87
-6625.55
-7461.99
-8281.59
-9082.87
-9864.48
-10625.2
-11363.9
-12079.7
-12771.6
-13438.8
-14080.7
-14696.7
-15286.2
-15848.8
-16384.2
-16891.9
-17371.8
-17823.6
-18247.1
-18642.3
-19009.1
-19347.4
-19657.2
-19938.5
-20191.3
-20415.8
-20611.9
-20779.8
-20919.5
-21031.2
-21114.8
-21170.5
-21198.3
-450.131
-1351.25
-2251
-3145.24
-4031.81
-4908.67
-5773.86
-6625.54
-7461.99
-8281.58
-9082.86
-9864.47
-10625.2
-11363.9
-12079.7
-12771.5
-13438.8
-14080.7
-14696.7
-15286.2
-15848.8
-16384.1
-16891.9
-17371.8
-17823.6
-18247.1
-18642.3
-19009.1
-19347.4
-19657.2
-19938.5
-20191.3
-20415.8
-20611.9
-20779.8
-20919.5
-21031.2
-21114.8
-21170.5
-21198.3
-450.13
-1351.24
-2251
-3145.23
-4031.81
-4908.67
-5773.86
-6625.54
-7461.98
-8281.58
-9082.86
-9864.47
-10625.2
-11363.9
-12079.7
-12771.5
-13438.8
-14080.7
-14696.7
-15286.2
-15848.8
-16384.1
-16891.9
-17371.8
-17823.6
-18247.1
-18642.3
-19009.1
-19347.4
-19657.2
-19938.5
-20191.3
-20415.8
-20611.9
-20779.8
-20919.5
-21031.2
-21114.8
-21170.5
-21198.3
-450.127
-1351.24
-2251
-3145.23
-4031.8
-4908.67
-5773.86
-6625.54
-7461.98
-8281.58
-9082.86
-9864.47
-10625.2
-11363.9
-12079.7
-12771.5
-13438.8
-14080.7
-14696.7
-15286.2
-15848.8
-16384.1
-16891.9
-17371.8
-17823.6
-18247.1
-18642.3
-19009.1
-19347.4
-19657.2
-19938.5
-20191.3
-20415.8
-20611.9
-20779.8
-20919.5
-21031.2
-21114.8
-21170.5
-21198.3
-464.398
-1394.03
-2322.1
-3244.21
-4158.08
-5061.5
-5952.4
-6828.84
-7689
-8531.22
-9353.97
-10155.9
-10935.7
-11692.4
-12424.9
-13132.4
-13814.2
-14469.5
-15097.9
-15698.7
-16271.8
-16816.6
-17332.9
-17820.5
-18279.3
-18709.1
-19109.8
-19481.4
-19823.9
-20137.3
-20421.8
-20677.3
-20903.9
-21101.9
-21271.2
-21412.1
-21524.6
-21608.9
-21665
-21693
-464.401
-1394.03
-2322.1
-3244.22
-4158.08
-5061.5
-5952.41
-6828.84
-7689
-8531.22
-9353.97
-10155.9
-10935.7
-11692.4
-12424.9
-13132.4
-13814.2
-14469.5
-15097.9
-15698.7
-16271.8
-16816.6
-17332.9
-17820.5
-18279.3
-18709.1
-19109.8
-19481.4
-19823.9
-20137.3
-20421.8
-20677.3
-20903.9
-21101.9
-21271.2
-21412.1
-21524.6
-21608.9
-21665
-21693
-464.402
-1394.03
-2322.11
-3244.22
-4158.08
-5061.51
-5952.41
-6828.85
-7689.01
-8531.22
-9353.98
-10155.9
-10935.7
-11692.4
-12424.9
-13132.4
-13814.2
-14469.5
-15097.9
-15698.7
-16271.8
-16816.6
-17332.9
-17820.5
-18279.3
-18709.1
-19109.8
-19481.4
-19823.9
-20137.4
-20421.8
-20677.3
-20903.9
-21101.9
-21271.2
-21412.1
-21524.6
-21608.9
-21665
-21693
-464.403
-1394.04
-2322.11
-3244.22
-4158.09
-5061.51
-5952.41
-6828.85
-7689.01
-8531.23
-9353.99
-10155.9
-10935.8
-11692.4
-12424.9
-13132.5
-13814.2
-14469.5
-15097.9
-15698.8
-16271.8
-16816.6
-17332.9
-17820.5
-18279.3
-18709.1
-19109.8
-19481.4
-19823.9
-20137.4
-20421.8
-20677.3
-20903.9
-21101.9
-21271.2
-21412.1
-21524.6
-21608.9
-21665
-21693
-464.404
-1394.04
-2322.11
-3244.23
-4158.09
-5061.52
-5952.42
-6828.86
-7689.02
-8531.24
-9353.99
-10155.9
-10935.8
-11692.4
-12425
-13132.5
-13814.2
-14469.5
-15097.9
-15698.8
-16271.8
-16816.6
-17332.9
-17820.6
-18279.3
-18709.1
-19109.8
-19481.4
-19823.9
-20137.4
-20421.8
-20677.3
-20904
-21101.9
-21271.3
-21412.1
-21524.7
-21608.9
-21665
-21693
-464.404
-1394.04
-2322.12
-3244.23
-4158.1
-5061.52
-5952.43
-6828.87
-7689.03
-8531.25
-9354.01
-10155.9
-10935.8
-11692.4
-12425
-13132.5
-13814.2
-14469.6
-15097.9
-15698.8
-16271.8
-16816.6
-17332.9
-17820.6
-18279.3
-18709.1
-19109.8
-19481.4
-19824
-20137.4
-20421.8
-20677.3
-20904
-21101.9
-21271.3
-21412.2
-21524.7
-21608.9
-21665
-21693
-464.405
-1394.04
-2322.12
-3244.23
-4158.1
-5061.53
-5952.44
-6828.88
-7689.04
-8531.26
-9354.02
-10155.9
-10935.8
-11692.5
-12425
-13132.5
-13814.2
-14469.6
-15097.9
-15698.8
-16271.8
-16816.6
-17333
-17820.6
-18279.4
-18709.1
-19109.9
-19481.5
-19824
-20137.4
-20421.8
-20677.3
-20904
-21101.9
-21271.3
-21412.2
-21524.7
-21609
-21665
-21693.1
-464.406
-1394.04
-2322.12
-3244.24
-4158.11
-5061.54
-5952.45
-6828.89
-7689.05
-8531.27
-9354.03
-10156
-10935.8
-11692.5
-12425
-13132.5
-13814.3
-14469.6
-15097.9
-15698.8
-16271.8
-16816.7
-17333
-17820.6
-18279.4
-18709.2
-19109.9
-19481.5
-19824
-20137.4
-20421.9
-20677.4
-20904
-21102
-21271.3
-21412.2
-21524.7
-21609
-21665.1
-21693.1
-464.406
-1394.05
-2322.13
-3244.25
-4158.12
-5061.55
-5952.46
-6828.9
-7689.06
-8531.29
-9354.05
-10156
-10935.8
-11692.5
-12425
-13132.5
-13814.3
-14469.6
-15098
-15698.8
-16271.9
-16816.7
-17333
-17820.6
-18279.4
-18709.2
-19109.9
-19481.5
-19824
-20137.5
-20421.9
-20677.4
-20904
-21102
-21271.3
-21412.2
-21524.7
-21609
-21665.1
-21693.1
-464.407
-1394.05
-2322.13
-3244.25
-4158.12
-5061.55
-5952.47
-6828.91
-7689.08
-8531.3
-9354.06
-10156
-10935.8
-11692.5
-12425
-13132.6
-13814.3
-14469.6
-15098
-15698.9
-16271.9
-16816.7
-17333
-17820.7
-18279.4
-18709.2
-19109.9
-19481.5
-19824
-20137.5
-20421.9
-20677.4
-20904.1
-21102
-21271.4
-21412.2
-21524.8
-21609
-21665.1
-21693.1
-464.408
-1394.05
-2322.13
-3244.26
-4158.13
-5061.56
-5952.48
-6828.92
-7689.09
-8531.31
-9354.08
-10156
-10935.9
-11692.5
-12425.1
-13132.6
-13814.3
-14469.7
-15098
-15698.9
-16271.9
-16816.7
-17333.1
-17820.7
-18279.5
-18709.2
-19110
-19481.6
-19824.1
-20137.5
-20421.9
-20677.4
-20904.1
-21102
-21271.4
-21412.3
-21524.8
-21609.1
-21665.1
-21693.2
-464.409
-1394.05
-2322.14
-3244.26
-4158.14
-5061.57
-5952.48
-6828.93
-7689.1
-8531.33
-9354.09
-10156
-10935.9
-11692.5
-12425.1
-13132.6
-13814.3
-14469.7
-15098
-15698.9
-16271.9
-16816.7
-17333.1
-17820.7
-18279.5
-18709.3
-19110
-19481.6
-19824.1
-20137.5
-20422
-20677.5
-20904.1
-21102.1
-21271.4
-21412.3
-21524.8
-21609.1
-21665.2
-21693.2
-464.41
-1394.06
-2322.14
-3244.27
-4158.14
-5061.58
-5952.49
-6828.94
-7689.11
-8531.34
-9354.1
-10156
-10935.9
-11692.6
-12425.1
-13132.6
-13814.4
-14469.7
-15098
-15698.9
-16272
-16816.8
-17333.1
-17820.7
-18279.5
-18709.3
-19110
-19481.6
-19824.1
-20137.6
-20422
-20677.5
-20904.1
-21102.1
-21271.4
-21412.3
-21524.8
-21609.1
-21665.2
-21693.2
-464.41
-1394.06
-2322.15
-3244.27
-4158.15
-5061.59
-5952.5
-6828.95
-7689.12
-8531.35
-9354.12
-10156
-10935.9
-11692.6
-12425.1
-13132.6
-13814.4
-14469.7
-15098.1
-15698.9
-16272
-16816.8
-17333.1
-17820.8
-18279.5
-18709.3
-19110
-19481.6
-19824.1
-20137.6
-20422
-20677.5
-20904.2
-21102.1
-21271.5
-21412.3
-21524.9
-21609.1
-21665.2
-21693.2
-464.411
-1394.06
-2322.15
-3244.28
-4158.15
-5061.59
-5952.51
-6828.96
-7689.13
-8531.36
-9354.13
-10156.1
-10935.9
-11692.6
-12425.1
-13132.6
-13814.4
-14469.7
-15098.1
-15699
-16272
-16816.8
-17333.1
-17820.8
-18279.5
-18709.3
-19110
-19481.7
-19824.2
-20137.6
-20422
-20677.5
-20904.2
-21102.1
-21271.5
-21412.4
-21524.9
-21609.1
-21665.2
-21693.3
-464.411
-1394.06
-2322.15
-3244.28
-4158.16
-5061.6
-5952.52
-6828.97
-7689.14
-8531.37
-9354.14
-10156.1
-10935.9
-11692.6
-12425.1
-13132.7
-13814.4
-14469.7
-15098.1
-15699
-16272
-16816.8
-17333.2
-17820.8
-18279.6
-18709.3
-19110.1
-19481.7
-19824.2
-20137.6
-20422
-20677.5
-20904.2
-21102.2
-21271.5
-21412.4
-21524.9
-21609.2
-21665.3
-21693.3
-464.412
-1394.06
-2322.15
-3244.28
-4158.16
-5061.6
-5952.52
-6828.98
-7689.15
-8531.38
-9354.15
-10156.1
-10935.9
-11692.6
-12425.2
-13132.7
-13814.4
-14469.8
-15098.1
-15699
-16272
-16816.8
-17333.2
-17820.8
-18279.6
-18709.4
-19110.1
-19481.7
-19824.2
-20137.6
-20422.1
-20677.6
-20904.2
-21102.2
-21271.5
-21412.4
-21524.9
-21609.2
-21665.3
-21693.3
-464.412
-1394.06
-2322.16
-3244.29
-4158.17
-5061.61
-5952.53
-6828.98
-7689.16
-8531.39
-9354.16
-10156.1
-10935.9
-11692.6
-12425.2
-13132.7
-13814.4
-14469.8
-15098.1
-15699
-16272
-16816.9
-17333.2
-17820.8
-18279.6
-18709.4
-19110.1
-19481.7
-19824.2
-20137.7
-20422.1
-20677.6
-20904.2
-21102.2
-21271.5
-21412.4
-21524.9
-21609.2
-21665.3
-21693.3
-464.412
-1394.07
-2322.16
-3244.29
-4158.17
-5061.61
-5952.53
-6828.99
-7689.16
-8531.39
-9354.16
-10156.1
-10936
-11692.6
-12425.2
-13132.7
-13814.4
-14469.8
-15098.1
-15699
-16272
-16816.9
-17333.2
-17820.8
-18279.6
-18709.4
-19110.1
-19481.7
-19824.2
-20137.7
-20422.1
-20677.6
-20904.2
-21102.2
-21271.6
-21412.4
-21524.9
-21609.2
-21665.3
-21693.3
-464.413
-1394.07
-2322.16
-3244.29
-4158.17
-5061.61
-5952.53
-6828.99
-7689.16
-8531.4
-9354.17
-10156.1
-10936
-11692.6
-12425.2
-13132.7
-13814.4
-14469.8
-15098.1
-15699
-16272.1
-16816.9
-17333.2
-17820.8
-18279.6
-18709.4
-19110.1
-19481.7
-19824.2
-20137.7
-20422.1
-20677.6
-20904.3
-21102.2
-21271.6
-21412.4
-21525
-21609.2
-21665.3
-21693.3
-464.413
-1394.07
-2322.16
-3244.29
-4158.17
-5061.61
-5952.54
-6828.99
-7689.17
-8531.4
-9354.17
-10156.1
-10936
-11692.6
-12425.2
-13132.7
-13814.4
-14469.8
-15098.1
-15699
-16272.1
-16816.9
-17333.2
-17820.8
-18279.6
-18709.4
-19110.1
-19481.7
-19824.2
-20137.7
-20422.1
-20677.6
-20904.3
-21102.2
-21271.6
-21412.4
-21525
-21609.2
-21665.3
-21693.3
-464.413
-1394.07
-2322.16
-3244.29
-4158.17
-5061.61
-5952.54
-6828.99
-7689.17
-8531.4
-9354.17
-10156.1
-10936
-11692.6
-12425.2
-13132.7
-13814.5
-14469.8
-15098.1
-15699
-16272.1
-16816.9
-17333.2
-17820.8
-18279.6
-18709.4
-19110.1
-19481.7
-19824.2
-20137.7
-20422.1
-20677.6
-20904.3
-21102.2
-21271.6
-21412.4
-21525
-21609.2
-21665.3
-21693.3
-464.413
-1394.07
-2322.16
-3244.29
-4158.17
-5061.61
-5952.54
-6828.99
-7689.17
-8531.4
-9354.17
-10156.1
-10936
-11692.6
-12425.2
-13132.7
-13814.4
-14469.8
-15098.1
-15699
-16272.1
-16816.9
-17333.2
-17820.8
-18279.6
-18709.4
-19110.1
-19481.7
-19824.2
-20137.7
-20422.1
-20677.6
-20904.3
-21102.2
-21271.6
-21412.4
-21525
-21609.2
-21665.3
-21693.3
-464.412
-1394.07
-2322.16
-3244.29
-4158.17
-5061.61
-5952.53
-6828.99
-7689.16
-8531.39
-9354.16
-10156.1
-10936
-11692.6
-12425.2
-13132.7
-13814.4
-14469.8
-15098.1
-15699
-16272
-16816.9
-17333.2
-17820.8
-18279.6
-18709.4
-19110.1
-19481.7
-19824.2
-20137.7
-20422.1
-20677.6
-20904.3
-21102.2
-21271.6
-21412.4
-21525
-21609.2
-21665.3
-21693.3
-464.412
-1394.06
-2322.16
-3244.29
-4158.17
-5061.61
-5952.53
-6828.98
-7689.16
-8531.39
-9354.16
-10156.1
-10936
-11692.6
-12425.2
-13132.7
-13814.4
-14469.8
-15098.1
-15699
-16272
-16816.9
-17333.2
-17820.8
-18279.6
-18709.4
-19110.1
-19481.7
-19824.2
-20137.7
-20422.1
-20677.6
-20904.3
-21102.2
-21271.6
-21412.4
-21525
-21609.2
-21665.3
-21693.3
-464.412
-1394.06
-2322.15
-3244.28
-4158.17
-5061.61
-5952.53
-6828.98
-7689.15
-8531.38
-9354.15
-10156.1
-10935.9
-11692.6
-12425.2
-13132.7
-13814.4
-14469.8
-15098.1
-15699
-16272
-16816.9
-17333.2
-17820.8
-18279.6
-18709.4
-19110.1
-19481.7
-19824.2
-20137.7
-20422.1
-20677.6
-20904.2
-21102.2
-21271.5
-21412.4
-21524.9
-21609.2
-21665.3
-21693.3
-464.411
-1394.06
-2322.15
-3244.28
-4158.16
-5061.6
-5952.52
-6828.97
-7689.15
-8531.38
-9354.15
-10156.1
-10935.9
-11692.6
-12425.1
-13132.7
-13814.4
-14469.8
-15098.1
-15699
-16272
-16816.8
-17333.2
-17820.8
-18279.6
-18709.4
-19110.1
-19481.7
-19824.2
-20137.7
-20422.1
-20677.6
-20904.2
-21102.2
-21271.5
-21412.4
-21524.9
-21609.2
-21665.3
-21693.3
-464.411
-1394.06
-2322.15
-3244.28
-4158.16
-5061.6
-5952.51
-6828.97
-7689.14
-8531.37
-9354.14
-10156.1
-10935.9
-11692.6
-12425.1
-13132.7
-13814.4
-14469.7
-15098.1
-15699
-16272
-16816.8
-17333.2
-17820.8
-18279.6
-18709.4
-19110.1
-19481.7
-19824.2
-20137.6
-20422.1
-20677.6
-20904.2
-21102.2
-21271.5
-21412.4
-21524.9
-21609.2
-21665.3
-21693.3
-464.411
-1394.06
-2322.15
-3244.27
-4158.15
-5061.59
-5952.51
-6828.96
-7689.13
-8531.36
-9354.13
-10156.1
-10935.9
-11692.6
-12425.1
-13132.6
-13814.4
-14469.7
-15098.1
-15699
-16272
-16816.8
-17333.2
-17820.8
-18279.6
-18709.3
-19110.1
-19481.7
-19824.2
-20137.6
-20422
-20677.5
-20904.2
-21102.2
-21271.5
-21412.4
-21524.9
-21609.2
-21665.3
-21693.3
-464.41
-1394.06
-2322.14
-3244.27
-4158.15
-5061.58
-5952.5
-6828.95
-7689.12
-8531.35
-9354.12
-10156
-10935.9
-11692.6
-12425.1
-13132.6
-13814.4
-14469.7
-15098.1
-15699
-16272
-16816.8
-17333.1
-17820.8
-18279.5
-18709.3
-19110
-19481.7
-19824.2
-20137.6
-20422
-20677.5
-20904.2
-21102.1
-21271.5
-21412.4
-21524.9
-21609.2
-21665.2
-21693.3
-464.409
-1394.06
-2322.14
-3244.27
-4158.14
-5061.58
-5952.49
-6828.94
-7689.11
-8531.34
-9354.1
-10156
-10935.9
-11692.6
-12425.1
-13132.6
-13814.4
-14469.7
-15098.1
-15698.9
-16272
-16816.8
-17333.1
-17820.8
-18279.5
-18709.3
-19110
-19481.6
-19824.1
-20137.6
-20422
-20677.5
-20904.2
-21102.1
-21271.5
-21412.4
-21524.9
-21609.1
-21665.2
-21693.2
-464.409
-1394.05
-2322.14
-3244.26
-4158.14
-5061.57
-5952.48
-6828.93
-7689.1
-8531.33
-9354.09
-10156
-10935.9
-11692.6
-12425.1
-13132.6
-13814.4
-14469.7
-15098
-15698.9
-16272
-16816.8
-17333.1
-17820.7
-18279.5
-18709.3
-19110
-19481.6
-19824.1
-20137.6
-20422
-20677.5
-20904.2
-21102.1
-21271.5
-21412.3
-21524.9
-21609.1
-21665.2
-21693.2
-464.408
-1394.05
-2322.13
-3244.26
-4158.13
-5061.56
-5952.48
-6828.92
-7689.09
-8531.32
-9354.08
-10156
-10935.9
-11692.5
-12425.1
-13132.6
-13814.3
-14469.7
-15098
-15698.9
-16271.9
-16816.8
-17333.1
-17820.7
-18279.5
-18709.3
-19110
-19481.6
-19824.1
-20137.6
-20422
-20677.5
-20904.1
-21102.1
-21271.4
-21412.3
-21524.8
-21609.1
-21665.2
-21693.2
-464.407
-1394.05
-2322.13
-3244.25
-4158.12
-5061.56
-5952.47
-6828.91
-7689.08
-8531.31
-9354.07
-10156
-10935.9
-11692.5
-12425.1
-13132.6
-13814.3
-14469.7
-15098
-15698.9
-16271.9
-16816.7
-17333.1
-17820.7
-18279.5
-18709.3
-19110
-19481.6
-19824.1
-20137.5
-20422
-20677.5
-20904.1
-21102.1
-21271.4
-21412.3
-21524.8
-21609.1
-21665.2
-21693.2
-464.407
-1394.05
-2322.13
-3244.25
-4158.12
-5061.55
-5952.46
-6828.91
-7689.07
-8531.3
-9354.06
-10156
-10935.8
-11692.5
-12425
-13132.6
-13814.3
-14469.6
-15098
-15698.9
-16271.9
-16816.7
-17333.1
-17820.7
-18279.5
-18709.2
-19110
-19481.6
-19824.1
-20137.5
-20421.9
-20677.4
-20904.1
-21102.1
-21271.4
-21412.3
-21524.8
-21609.1
-21665.1
-21693.2
-464.406
-1394.05
-2322.13
-3244.24
-4158.11
-5061.54
-5952.46
-6828.9
-7689.07
-8531.29
-9354.05
-10156
-10935.8
-11692.5
-12425
-13132.5
-13814.3
-14469.6
-15098
-15698.9
-16271.9
-16816.7
-17333
-17820.7
-18279.4
-18709.2
-19109.9
-19481.6
-19824.1
-20137.5
-20421.9
-20677.4
-20904.1
-21102
-21271.4
-21412.3
-21524.8
-21609.1
-21665.1
-21693.2
-464.406
-1394.04
-2322.12
-3244.24
-4158.11
-5061.54
-5952.45
-6828.89
-7689.06
-8531.28
-9354.04
-10156
-10935.8
-11692.5
-12425
-13132.5
-13814.3
-14469.6
-15098
-15698.9
-16271.9
-16816.7
-17333
-17820.7
-18279.4
-18709.2
-19109.9
-19481.5
-19824.1
-20137.5
-20421.9
-20677.4
-20904.1
-21102
-21271.4
-21412.3
-21524.8
-21609
-21665.1
-21693.2
-464.405
-1394.04
-2322.12
-3244.24
-4158.11
-5061.54
-5952.45
-6828.89
-7689.05
-8531.28
-9354.04
-10156
-10935.8
-11692.5
-12425
-13132.5
-13814.3
-14469.6
-15098
-15698.9
-16271.9
-16816.7
-17333
-17820.7
-18279.4
-18709.2
-19109.9
-19481.5
-19824
-20137.5
-20421.9
-20677.4
-20904.1
-21102
-21271.4
-21412.3
-21524.8
-21609
-21665.1
-21693.1
-464.404
-1394.04
-2322.12
-3244.24
-4158.11
-5061.53
-5952.44
-6828.89
-7689.05
-8531.27
-9354.03
-10156
-10935.8
-11692.5
-12425
-13132.5
-13814.3
-14469.6
-15098
-15698.8
-16271.9
-16816.7
-17333
-17820.7
-18279.4
-18709.2
-19109.9
-19481.5
-19824
-20137.5
-20421.9
-20677.4
-20904.1
-21102
-21271.4
-21412.2
-21524.8
-21609
-21665.1
-21693.1
-464.401
-1394.04
-2322.12
-3244.23
-4158.1
-5061.53
-5952.44
-6828.88
-7689.05
-8531.27
-9354.03
-10156
-10935.8
-11692.5
-12425
-13132.5
-13814.3
-14469.6
-15098
-15698.8
-16271.9
-16816.7
-17333
-17820.7
-18279.4
-18709.2
-19109.9
-19481.5
-19824
-20137.5
-20421.9
-20677.4
-20904.1
-21102
-21271.4
-21412.2
-21524.8
-21609
-21665.1
-21693.1
-479.876
-1440.42
-2399.18
-3351.46
-4294.82
-5226.88
-6145.45
-7048.46
-7934.01
-8800.37
-9645.98
-10469.4
-11269.5
-12045.1
-12795.3
-13519.2
-14216.1
-14885.4
-15526.6
-16139.3
-16723
-17277.6
-17802.7
-18298.3
-18764.1
-19200.2
-19606.5
-19982.9
-20329.6
-20646.7
-20934.1
-21192.2
-21420.9
-21620.6
-21791.3
-21933.2
-22046.5
-22131.3
-22187.7
-22215.9
-479.878
-1440.43
-2399.18
-3351.46
-4294.82
-5226.88
-6145.45
-7048.46
-7934.01
-8800.37
-9645.98
-10469.4
-11269.5
-12045.1
-12795.3
-13519.2
-14216.1
-14885.4
-15526.6
-16139.3
-16723
-17277.6
-17802.7
-18298.3
-18764.1
-19200.2
-19606.5
-19982.9
-20329.6
-20646.7
-20934.1
-21192.2
-21420.9
-21620.6
-21791.3
-21933.2
-22046.5
-22131.3
-22187.7
-22215.9
-479.88
-1440.43
-2399.18
-3351.47
-4294.82
-5226.89
-6145.46
-7048.46
-7934.01
-8800.37
-9645.99
-10469.5
-11269.5
-12045.1
-12795.3
-13519.2
-14216.1
-14885.4
-15526.6
-16139.3
-16723
-17277.6
-17802.7
-18298.3
-18764.1
-19200.2
-19606.5
-19982.9
-20329.6
-20646.7
-20934.2
-21192.2
-21421
-21620.6
-21791.3
-21933.2
-22046.5
-22131.3
-22187.7
-22215.9
-479.881
-1440.43
-2399.18
-3351.47
-4294.82
-5226.89
-6145.46
-7048.47
-7934.02
-8800.38
-9646
-10469.5
-11269.5
-12045.1
-12795.3
-13519.2
-14216.1
-14885.4
-15526.6
-16139.3
-16723
-17277.6
-17802.8
-18298.3
-18764.2
-19200.2
-19606.5
-19982.9
-20329.7
-20646.7
-20934.2
-21192.2
-21421
-21620.6
-21791.3
-21933.2
-22046.5
-22131.3
-22187.7
-22215.9
-479.881
-1440.44
-2399.19
-3351.48
-4294.83
-5226.9
-6145.47
-7048.48
-7934.03
-8800.39
-9646.01
-10469.5
-11269.6
-12045.2
-12795.3
-13519.2
-14216.1
-14885.4
-15526.6
-16139.3
-16723.1
-17277.6
-17802.8
-18298.3
-18764.2
-19200.2
-19606.5
-19983
-20329.7
-20646.7
-20934.2
-21192.2
-21421
-21620.6
-21791.3
-21933.2
-22046.5
-22131.3
-22187.7
-22215.9
-479.882
-1440.44
-2399.19
-3351.48
-4294.84
-5226.91
-6145.48
-7048.49
-7934.04
-8800.4
-9646.02
-10469.5
-11269.6
-12045.2
-12795.3
-13519.2
-14216.1
-14885.5
-15526.7
-16139.3
-16723.1
-17277.6
-17802.8
-18298.3
-18764.2
-19200.3
-19606.5
-19983
-20329.7
-20646.7
-20934.2
-21192.2
-21421
-21620.6
-21791.3
-21933.3
-22046.5
-22131.3
-22187.8
-22216
-479.883
-1440.44
-2399.2
-3351.49
-4294.84
-5226.92
-6145.49
-7048.5
-7934.05
-8800.42
-9646.03
-10469.5
-11269.6
-12045.2
-12795.4
-13519.2
-14216.2
-14885.5
-15526.7
-16139.3
-16723.1
-17277.7
-17802.8
-18298.4
-18764.2
-19200.3
-19606.5
-19983
-20329.7
-20646.8
-20934.2
-21192.3
-21421
-21620.7
-21791.4
-21933.3
-22046.6
-22131.4
-22187.8
-22216
-479.884
-1440.44
-2399.2
-3351.49
-4294.85
-5226.93
-6145.5
-7048.51
-7934.07
-8800.43
-9646.05
-10469.5
-11269.6
-12045.2
-12795.4
-13519.3
-14216.2
-14885.5
-15526.7
-16139.4
-16723.1
-17277.7
-17802.8
-18298.4
-18764.2
-19200.3
-19606.6
-19983
-20329.7
-20646.8
-20934.3
-21192.3
-21421.1
-21620.7
-21791.4
-21933.3
-22046.6
-22131.4
-22187.8
-22216
-479.885
-1440.45
-2399.2
-3351.5
-4294.86
-5226.94
-6145.51
-7048.53
-7934.08
-8800.45
-9646.07
-10469.5
-11269.6
-12045.2
-12795.4
-13519.3
-14216.2
-14885.5
-15526.7
-16139.4
-16723.1
-17277.7
-17802.9
-18298.4
-18764.3
-19200.3
-19606.6
-19983.1
-20329.8
-20646.8
-20934.3
-21192.3
-21421.1
-21620.7
-21791.4
-21933.3
-22046.6
-22131.4
-22187.8
-22216
-479.886
-1440.45
-2399.21
-3351.51
-4294.87
-5226.95
-6145.52
-7048.54
-7934.1
-8800.46
-9646.08
-10469.6
-11269.6
-12045.2
-12795.4
-13519.3
-14216.2
-14885.5
-15526.8
-16139.4
-16723.2
-17277.7
-17802.9
-18298.4
-18764.3
-19200.4
-19606.6
-19983.1
-20329.8
-20646.8
-20934.3
-21192.4
-21421.1
-21620.8
-21791.4
-21933.4
-22046.6
-22131.4
-22187.9
-22216.1
-479.887
-1440.45
-2399.21
-3351.51
-4294.88
-5226.96
-6145.53
-7048.55
-7934.11
-8800.48
-9646.1
-10469.6
-11269.7
-12045.3
-12795.4
-13519.3
-14216.3
-14885.6
-15526.8
-16139.4
-16723.2
-17277.8
-17802.9
-18298.5
-18764.3
-19200.4
-19606.6
-19983.1
-20329.8
-20646.9
-20934.3
-21192.4
-21421.1
-21620.8
-21791.5
-21933.4
-22046.7
-22131.5
-22187.9
-22216.1
-479.888
-1440.45
-2399.22
-3351.52
-4294.88
-5226.97
-6145.55
-7048.56
-7934.12
-8800.49
-9646.12
-10469.6
-11269.7
-12045.3
-12795.5
-13519.4
-14216.3
-14885.6
-15526.8
-16139.5
-16723.2
-17277.8
-17802.9
-18298.5
-18764.3
-19200.4
-19606.7
-19983.1
-20329.9
-20646.9
-20934.4
-21192.4
-21421.2
-21620.8
-21791.5
-21933.4
-22046.7
-22131.5
-22187.9
-22216.1
-479.888
-1440.46
-2399.22
-3351.52
-4294.89
-5226.97
-6145.56
-7048.58
-7934.14
-8800.51
-9646.13
-10469.6
-11269.7
-12045.3
-12795.5
-13519.4
-14216.3
-14885.6
-15526.8
-16139.5
-16723.2
-17277.8
-17803
-18298.5
-18764.4
-19200.4
-19606.7
-19983.2
-20329.9
-20646.9
-20934.4
-21192.4
-21421.2
-21620.8
-21791.5
-21933.4
-22046.7
-22131.5
-22188
-22216.1
-479.889
-1440.46
-2399.23
-3351.53
-4294.9
-5226.98
-6145.57
-7048.59
-7934.15
-8800.52
-9646.15
-10469.6
-11269.7
-12045.3
-12795.5
-13519.4
-14216.3
-14885.6
-15526.8
-16139.5
-16723.3
-17277.8
-17803
-18298.5
-18764.4
-19200.5
-19606.7
-19983.2
-20329.9
-20646.9
-20934.4
-21192.5
-21421.2
-21620.9
-21791.6
-21933.5
-22046.8
-22131.6
-22188
-22216.2
-479.89
-1440.46
-2399.23
-3351.53
-4294.91
-5226.99
-6145.58
-7048.6
-7934.16
-8800.54
-9646.16
-10469.6
-11269.7
-12045.3
-12795.5
-13519.4
-14216.3
-14885.7
-15526.9
-16139.5
-16723.3
-17277.9
-17803
-18298.6
-18764.4
-19200.5
-19606.8
-19983.2
-20329.9
-20647
-20934.4
-21192.5
-21421.2
-21620.9
-21791.6
-21933.5
-22046.8
-22131.6
-22188
-22216.2
-479.891
-1440.46
-2399.23
-3351.54
-4294.91
-5227
-6145.58
-7048.61
-7934.17
-8800.55
-9646.17
-10469.7
-11269.7
-12045.4
-12795.5
-13519.4
-14216.4
-14885.7
-15526.9
-16139.5
-16723.3
-17277.9
-17803
-18298.6
-18764.4
-19200.5
-19606.8
-19983.2
-20329.9
-20647
-20934.5
-21192.5
-21421.3
-21620.9
-21791.6
-21933.5
-22046.8
-22131.6
-22188
-22216.2
-479.891
-1440.46
-2399.24
-3351.54
-4294.92
-5227
-6145.59
-7048.62
-7934.18
-8800.56
-9646.18
-10469.7
-11269.8
-12045.4
-12795.5
-13519.4
-14216.4
-14885.7
-15526.9
-16139.6
-16723.3
-17277.9
-17803
-18298.6
-18764.5
-19200.5
-19606.8
-19983.3
-20330
-20647
-20934.5
-21192.5
-21421.3
-21620.9
-21791.6
-21933.5
-22046.8
-22131.6
-22188
-22216.2
-479.892
-1440.47
-2399.24
-3351.55
-4294.92
-5227.01
-6145.6
-7048.62
-7934.19
-8800.57
-9646.19
-10469.7
-11269.8
-12045.4
-12795.6
-13519.5
-14216.4
-14885.7
-15526.9
-16139.6
-16723.3
-17277.9
-17803.1
-18298.6
-18764.5
-19200.5
-19606.8
-19983.3
-20330
-20647
-20934.5
-21192.5
-21421.3
-21620.9
-21791.6
-21933.5
-22046.8
-22131.6
-22188.1
-22216.3
-479.892
-1440.47
-2399.24
-3351.55
-4294.92
-5227.01
-6145.6
-7048.63
-7934.19
-8800.57
-9646.2
-10469.7
-11269.8
-12045.4
-12795.6
-13519.5
-14216.4
-14885.7
-15526.9
-16139.6
-16723.3
-17277.9
-17803.1
-18298.6
-18764.5
-19200.6
-19606.8
-19983.3
-20330
-20647
-20934.5
-21192.6
-21421.3
-21621
-21791.6
-21933.6
-22046.8
-22131.6
-22188.1
-22216.3
-479.892
-1440.47
-2399.24
-3351.55
-4294.92
-5227.01
-6145.6
-7048.63
-7934.2
-8800.58
-9646.2
-10469.7
-11269.8
-12045.4
-12795.6
-13519.5
-14216.4
-14885.7
-15526.9
-16139.6
-16723.4
-17277.9
-17803.1
-18298.6
-18764.5
-19200.6
-19606.8
-19983.3
-20330
-20647
-20934.5
-21192.6
-21421.3
-21621
-21791.7
-21933.6
-22046.9
-22131.7
-22188.1
-22216.3
-479.892
-1440.47
-2399.24
-3351.55
-4294.93
-5227.02
-6145.6
-7048.63
-7934.2
-8800.58
-9646.21
-10469.7
-11269.8
-12045.4
-12795.6
-13519.5
-14216.4
-14885.7
-15526.9
-16139.6
-16723.4
-17277.9
-17803.1
-18298.6
-18764.5
-19200.6
-19606.8
-19983.3
-20330
-20647
-20934.5
-21192.6
-21421.3
-21621
-21791.7
-21933.6
-22046.9
-22131.7
-22188.1
-22216.3
-479.892
-1440.47
-2399.24
-3351.55
-4294.93
-5227.02
-6145.6
-7048.63
-7934.2
-8800.58
-9646.21
-10469.7
-11269.8
-12045.4
-12795.6
-13519.5
-14216.4
-14885.7
-15526.9
-16139.6
-16723.4
-17277.9
-17803.1
-18298.6
-18764.5
-19200.6
-19606.8
-19983.3
-20330
-20647.1
-20934.5
-21192.6
-21421.3
-21621
-21791.7
-21933.6
-22046.9
-22131.7
-22188.1
-22216.3
-479.892
-1440.47
-2399.24
-3351.55
-4294.92
-5227.01
-6145.6
-7048.63
-7934.2
-8800.58
-9646.2
-10469.7
-11269.8
-12045.4
-12795.6
-13519.5
-14216.4
-14885.7
-15526.9
-16139.6
-16723.4
-17277.9
-17803.1
-18298.6
-18764.5
-19200.6
-19606.8
-19983.3
-20330
-20647
-20934.5
-21192.6
-21421.3
-21621
-21791.7
-21933.6
-22046.9
-22131.7
-22188.1
-22216.3
-479.892
-1440.47
-2399.24
-3351.55
-4294.92
-5227.01
-6145.6
-7048.63
-7934.19
-8800.57
-9646.2
-10469.7
-11269.8
-12045.4
-12795.6
-13519.5
-14216.4
-14885.7
-15526.9
-16139.6
-16723.4
-17277.9
-17803.1
-18298.6
-18764.5
-19200.6
-19606.8
-19983.3
-20330
-20647
-20934.5
-21192.6
-21421.3
-21621
-21791.7
-21933.6
-22046.9
-22131.7
-22188.1
-22216.3
-479.892
-1440.47
-2399.24
-3351.55
-4294.92
-5227.01
-6145.6
-7048.62
-7934.19
-8800.57
-9646.19
-10469.7
-11269.8
-12045.4
-12795.6
-13519.5
-14216.4
-14885.7
-15526.9
-16139.6
-16723.3
-17277.9
-17803.1
-18298.6
-18764.5
-19200.6
-19606.8
-19983.3
-20330
-20647
-20934.5
-21192.6
-21421.3
-21621
-21791.7
-21933.6
-22046.9
-22131.7
-22188.1
-22216.3
-479.891
-1440.46
-2399.24
-3351.54
-4294.92
-5227
-6145.59
-7048.62
-7934.18
-8800.56
-9646.19
-10469.7
-11269.8
-12045.4
-12795.5
-13519.5
-14216.4
-14885.7
-15526.9
-16139.6
-16723.3
-17277.9
-17803.1
-18298.6
-18764.5
-19200.5
-19606.8
-19983.3
-20330
-20647
-20934.5
-21192.5
-21421.3
-21620.9
-21791.6
-21933.6
-22046.8
-22131.6
-22188.1
-22216.3
-479.891
-1440.46
-2399.23
-3351.54
-4294.91
-5227
-6145.58
-7048.61
-7934.17
-8800.55
-9646.18
-10469.7
-11269.7
-12045.4
-12795.5
-13519.4
-14216.4
-14885.7
-15526.9
-16139.6
-16723.3
-17277.9
-17803
-18298.6
-18764.5
-19200.5
-19606.8
-19983.3
-20330
-20647
-20934.5
-21192.5
-21421.3
-21620.9
-21791.6
-21933.5
-22046.8
-22131.6
-22188.1
-22216.2
-479.89
-1440.46
-2399.23
-3351.53
-4294.91
-5226.99
-6145.58
-7048.6
-7934.16
-8800.54
-9646.17
-10469.6
-11269.7
-12045.3
-12795.5
-13519.4
-14216.3
-14885.7
-15526.9
-16139.5
-16723.3
-17277.9
-17803
-18298.6
-18764.4
-19200.5
-19606.8
-19983.2
-20330
-20647
-20934.5
-21192.5
-21421.3
-21620.9
-21791.6
-21933.5
-22046.8
-22131.6
-22188
-22216.2
-479.889
-1440.46
-2399.23
-3351.53
-4294.9
-5226.98
-6145.57
-7048.59
-7934.15
-8800.53
-9646.15
-10469.6
-11269.7
-12045.3
-12795.5
-13519.4
-14216.3
-14885.7
-15526.9
-16139.5
-16723.3
-17277.9
-17803
-18298.6
-18764.4
-19200.5
-19606.8
-19983.2
-20329.9
-20647
-20934.5
-21192.5
-21421.3
-21620.9
-21791.6
-21933.5
-22046.8
-22131.6
-22188
-22216.2
-479.889
-1440.46
-2399.22
-3351.53
-4294.89
-5226.98
-6145.56
-7048.58
-7934.14
-8800.52
-9646.14
-10469.6
-11269.7
-12045.3
-12795.5
-13519.4
-14216.3
-14885.6
-15526.8
-16139.5
-16723.3
-17277.8
-17803
-18298.6
-18764.4
-19200.5
-19606.7
-19983.2
-20329.9
-20647
-20934.4
-21192.5
-21421.2
-21620.9
-21791.6
-21933.5
-22046.8
-22131.6
-22188
-22216.2
-479.888
-1440.46
-2399.22
-3351.52
-4294.89
-5226.97
-6145.55
-7048.57
-7934.13
-8800.5
-9646.13
-10469.6
-11269.7
-12045.3
-12795.5
-13519.4
-14216.3
-14885.6
-15526.8
-16139.5
-16723.3
-17277.8
-17803
-18298.5
-18764.4
-19200.5
-19606.7
-19983.2
-20329.9
-20646.9
-20934.4
-21192.5
-21421.2
-21620.9
-21791.6
-21933.5
-22046.8
-22131.6
-22188
-22216.2
-479.887
-1440.45
-2399.22
-3351.51
-4294.88
-5226.96
-6145.54
-7048.56
-7934.12
-8800.49
-9646.11
-10469.6
-11269.7
-12045.3
-12795.5
-13519.4
-14216.3
-14885.6
-15526.8
-16139.5
-16723.2
-17277.8
-17803
-18298.5
-18764.4
-19200.4
-19606.7
-19983.2
-20329.9
-20646.9
-20934.4
-21192.4
-21421.2
-21620.8
-21791.5
-21933.4
-22046.7
-22131.5
-22188
-22216.2
-479.886
-1440.45
-2399.21
-3351.51
-4294.87
-5226.95
-6145.53
-7048.55
-7934.11
-8800.48
-9646.1
-10469.6
-11269.7
-12045.3
-12795.4
-13519.3
-14216.3
-14885.6
-15526.8
-16139.5
-16723.2
-17277.8
-17802.9
-18298.5
-18764.3
-19200.4
-19606.7
-19983.1
-20329.9
-20646.9
-20934.4
-21192.4
-21421.2
-21620.8
-21791.5
-21933.4
-22046.7
-22131.5
-22187.9
-22216.1
-479.886
-1440.45
-2399.21
-3351.5
-4294.87
-5226.95
-6145.52
-7048.54
-7934.1
-8800.47
-9646.09
-10469.6
-11269.6
-12045.3
-12795.4
-13519.3
-14216.2
-14885.6
-15526.8
-16139.4
-16723.2
-17277.8
-17802.9
-18298.5
-18764.3
-19200.4
-19606.7
-19983.1
-20329.8
-20646.9
-20934.4
-21192.4
-21421.2
-21620.8
-21791.5
-21933.4
-22046.7
-22131.5
-22187.9
-22216.1
-479.885
-1440.45
-2399.21
-3351.5
-4294.86
-5226.94
-6145.51
-7048.53
-7934.09
-8800.46
-9646.07
-10469.5
-11269.6
-12045.2
-12795.4
-13519.3
-14216.2
-14885.6
-15526.8
-16139.4
-16723.2
-17277.7
-17802.9
-18298.5
-18764.3
-19200.4
-19606.6
-19983.1
-20329.8
-20646.9
-20934.3
-21192.4
-21421.1
-21620.8
-21791.5
-21933.4
-22046.7
-22131.5
-22187.9
-22216.1
-479.884
-1440.44
-2399.2
-3351.49
-4294.86
-5226.93
-6145.51
-7048.52
-7934.08
-8800.44
-9646.06
-10469.5
-11269.6
-12045.2
-12795.4
-13519.3
-14216.2
-14885.5
-15526.7
-16139.4
-16723.2
-17277.7
-17802.9
-18298.4
-18764.3
-19200.4
-19606.6
-19983.1
-20329.8
-20646.8
-20934.3
-21192.4
-21421.1
-21620.8
-21791.5
-21933.4
-22046.7
-22131.5
-22187.9
-22216.1
-479.884
-1440.44
-2399.2
-3351.49
-4294.85
-5226.93
-6145.5
-7048.51
-7934.07
-8800.44
-9646.05
-10469.5
-11269.6
-12045.2
-12795.4
-13519.3
-14216.2
-14885.5
-15526.7
-16139.4
-16723.2
-17277.7
-17802.9
-18298.4
-18764.3
-19200.4
-19606.6
-19983.1
-20329.8
-20646.8
-20934.3
-21192.4
-21421.1
-21620.8
-21791.4
-21933.4
-22046.6
-22131.4
-22187.9
-22216.1
-479.883
-1440.44
-2399.2
-3351.49
-4294.85
-5226.92
-6145.5
-7048.51
-7934.06
-8800.43
-9646.05
-10469.5
-11269.6
-12045.2
-12795.4
-13519.3
-14216.2
-14885.5
-15526.7
-16139.4
-16723.1
-17277.7
-17802.9
-18298.4
-18764.3
-19200.3
-19606.6
-19983.1
-20329.8
-20646.8
-20934.3
-21192.3
-21421.1
-21620.7
-21791.4
-21933.3
-22046.6
-22131.4
-22187.9
-22216
-479.881
-1440.44
-2399.19
-3351.48
-4294.84
-5226.92
-6145.49
-7048.5
-7934.06
-8800.42
-9646.04
-10469.5
-11269.6
-12045.2
-12795.4
-13519.3
-14216.2
-14885.5
-15526.7
-16139.4
-16723.1
-17277.7
-17802.9
-18298.4
-18764.3
-19200.3
-19606.6
-19983.1
-20329.8
-20646.8
-20934.3
-21192.3
-21421.1
-21620.7
-21791.4
-21933.3
-22046.6
-22131.4
-22187.8
-22216
-479.879
-1440.43
-2399.19
-3351.48
-4294.84
-5226.92
-6145.49
-7048.5
-7934.06
-8800.42
-9646.04
-10469.5
-11269.6
-12045.2
-12795.4
-13519.3
-14216.2
-14885.5
-15526.7
-16139.4
-16723.1
-17277.7
-17802.8
-18298.4
-18764.3
-19200.3
-19606.6
-19983.1
-20329.8
-20646.8
-20934.3
-21192.3
-21421.1
-21620.7
-21791.4
-21933.3
-22046.6
-22131.4
-22187.8
-22216
-496.661
-1490.73
-2482.71
-3467.64
-4442.84
-5405.76
-6354.06
-7285.53
-8198.2
-9090.26
-9960.13
-10806.4
-11627.8
-12423.3
-13191.9
-13932.9
-14645.6
-15329.4
-15983.9
-16608.7
-17203.5
-17768
-18302.1
-18805.7
-19278.7
-19721.1
-20132.9
-20514.2
-20865
-21185.6
-21475.9
-21736.4
-21967.1
-22168.2
-22340.1
-22482.9
-22596.8
-22682
-22738.7
-22767
-496.664
-1490.74
-2482.72
-3467.64
-4442.84
-5405.77
-6354.06
-7285.53
-8198.2
-9090.26
-9960.13
-10806.4
-11627.8
-12423.3
-13191.9
-13932.9
-14645.6
-15329.4
-15983.9
-16608.7
-17203.5
-17768
-18302.1
-18805.7
-19278.7
-19721.1
-20132.9
-20514.2
-20865
-21185.6
-21476
-21736.4
-21967.1
-22168.2
-22340.1
-22482.9
-22596.8
-22682
-22738.7
-22767
-496.665
-1490.74
-2482.72
-3467.65
-4442.84
-5405.77
-6354.06
-7285.54
-8198.2
-9090.27
-9960.14
-10806.4
-11627.8
-12423.3
-13191.9
-13932.9
-14645.6
-15329.4
-15983.9
-16608.7
-17203.5
-17768
-18302.2
-18805.8
-19278.8
-19721.1
-20132.9
-20514.2
-20865
-21185.6
-21476
-21736.4
-21967.1
-22168.3
-22340.1
-22482.9
-22596.8
-22682
-22738.7
-22767.1
-496.666
-1490.74
-2482.72
-3467.65
-4442.85
-5405.78
-6354.07
-7285.55
-8198.21
-9090.28
-9960.15
-10806.4
-11627.8
-12423.3
-13191.9
-13932.9
-14645.6
-15329.4
-15983.9
-16608.7
-17203.5
-17768
-18302.2
-18805.8
-19278.8
-19721.2
-20133
-20514.2
-20865.1
-21185.6
-21476
-21736.4
-21967.1
-22168.3
-22340.1
-22482.9
-22596.8
-22682.1
-22738.8
-22767.1
-496.667
-1490.74
-2482.73
-3467.66
-4442.85
-5405.78
-6354.08
-7285.56
-8198.22
-9090.29
-9960.16
-10806.4
-11627.8
-12423.3
-13191.9
-13932.9
-14645.6
-15329.5
-15984
-16608.7
-17203.5
-17768.1
-18302.2
-18805.8
-19278.8
-19721.2
-20133
-20514.2
-20865.1
-21185.6
-21476
-21736.4
-21967.1
-22168.3
-22340.2
-22482.9
-22596.9
-22682.1
-22738.8
-22767.1
-496.668
-1490.75
-2482.73
-3467.66
-4442.86
-5405.79
-6354.09
-7285.57
-8198.24
-9090.31
-9960.18
-10806.4
-11627.8
-12423.3
-13192
-13933
-14645.7
-15329.5
-15984
-16608.8
-17203.5
-17768.1
-18302.2
-18805.8
-19278.8
-19721.2
-20133
-20514.3
-20865.1
-21185.6
-21476
-21736.5
-21967.2
-22168.3
-22340.2
-22483
-22596.9
-22682.1
-22738.8
-22767.1
-496.669
-1490.75
-2482.74
-3467.67
-4442.87
-5405.8
-6354.1
-7285.58
-8198.25
-9090.32
-9960.19
-10806.5
-11627.9
-12423.3
-13192
-13933
-14645.7
-15329.5
-15984
-16608.8
-17203.6
-17768.1
-18302.2
-18805.8
-19278.8
-19721.2
-20133
-20514.3
-20865.1
-21185.7
-21476
-21736.5
-21967.2
-22168.3
-22340.2
-22483
-22596.9
-22682.1
-22738.8
-22767.1
-496.67
-1490.75
-2482.74
-3467.68
-4442.88
-5405.81
-6354.11
-7285.6
-8198.27
-9090.34
-9960.21
-10806.5
-11627.9
-12423.4
-13192
-13933
-14645.7
-15329.5
-15984
-16608.8
-17203.6
-17768.1
-18302.3
-18805.9
-19278.9
-19721.3
-20133.1
-20514.3
-20865.2
-21185.7
-21476.1
-21736.5
-21967.2
-22168.4
-22340.2
-22483
-22596.9
-22682.2
-22738.9
-22767.2
-496.671
-1490.76
-2482.75
-3467.68
-4442.89
-5405.83
-6354.13
-7285.61
-8198.28
-9090.36
-9960.23
-10806.5
-11627.9
-12423.4
-13192
-13933
-14645.7
-15329.6
-15984
-16608.8
-17203.6
-17768.2
-18302.3
-18805.9
-19278.9
-19721.3
-20133.1
-20514.4
-20865.2
-21185.7
-21476.1
-21736.5
-21967.2
-22168.4
-22340.3
-22483.1
-22597
-22682.2
-22738.9
-22767.2
-496.672
-1490.76
-2482.75
-3467.69
-4442.9
-5405.84
-6354.14
-7285.63
-8198.3
-9090.38
-9960.25
-10806.5
-11627.9
-12423.4
-13192.1
-13933.1
-14645.8
-15329.6
-15984.1
-16608.9
-17203.7
-17768.2
-18302.3
-18805.9
-19278.9
-19721.3
-20133.1
-20514.4
-20865.2
-21185.7
-21476.1
-21736.6
-21967.3
-22168.4
-22340.3
-22483.1
-22597
-22682.2
-22738.9
-22767.2
-496.673
-1490.76
-2482.76
-3467.7
-4442.91
-5405.85
-6354.15
-7285.64
-8198.32
-9090.39
-9960.27
-10806.5
-11627.9
-12423.4
-13192.1
-13933.1
-14645.8
-15329.6
-15984.1
-16608.9
-17203.7
-17768.2
-18302.4
-18806
-19279
-19721.4
-20133.1
-20514.4
-20865.2
-21185.8
-21476.2
-21736.6
-21967.3
-22168.5
-22340.3
-22483.1
-22597
-22682.3
-22739
-22767.3
-496.674
-1490.77
-2482.76
-3467.71
-4442.92
-5405.86
-6354.17
-7285.66
-8198.34
-9090.41
-9960.29
-10806.6
-11628
-12423.5
-13192.1
-13933.1
-14645.8
-15329.6
-15984.1
-16608.9
-17203.7
-17768.3
-18302.4
-18806
-19279
-19721.4
-20133.2
-20514.4
-20865.3
-21185.8
-21476.2
-21736.6
-21967.3
-22168.5
-22340.4
-22483.2
-22597.1
-22682.3
-22739
-22767.3
-496.675
-1490.77
-2482.77
-3467.71
-4442.93
-5405.87
-6354.18
-7285.67
-8198.35
-9090.43
-9960.31
-10806.6
-11628
-12423.5
-13192.1
-13933.1
-14645.8
-15329.7
-15984.2
-16609
-17203.7
-17768.3
-18302.4
-18806
-19279
-19721.4
-20133.2
-20514.5
-20865.3
-21185.8
-21476.2
-21736.7
-21967.4
-22168.5
-22340.4
-22483.2
-22597.1
-22682.3
-22739
-22767.3
-496.676
-1490.77
-2482.77
-3467.72
-4442.93
-5405.88
-6354.19
-7285.68
-8198.37
-9090.45
-9960.33
-10806.6
-11628
-12423.5
-13192.1
-13933.2
-14645.9
-15329.7
-15984.2
-16609
-17203.8
-17768.3
-18302.4
-18806
-19279
-19721.4
-20133.2
-20514.5
-20865.3
-21185.9
-21476.3
-21736.7
-21967.4
-22168.6
-22340.4
-22483.2
-22597.1
-22682.4
-22739
-22767.4
-496.677
-1490.77
-2482.78
-3467.73
-4442.94
-5405.89
-6354.2
-7285.69
-8198.38
-9090.46
-9960.34
-10806.6
-11628
-12423.5
-13192.2
-13933.2
-14645.9
-15329.7
-15984.2
-16609
-17203.8
-17768.3
-18302.5
-18806.1
-19279.1
-19721.5
-20133.3
-20514.5
-20865.4
-21185.9
-21476.3
-21736.7
-21967.4
-22168.6
-22340.5
-22483.2
-22597.2
-22682.4
-22739.1
-22767.4
-496.678
-1490.78
-2482.78
-3467.73
-4442.95
-5405.9
-6354.21
-7285.71
-8198.39
-9090.47
-9960.36
-10806.6
-11628
-12423.5
-13192.2
-13933.2
-14645.9
-15329.7
-15984.2
-16609
-17203.8
-17768.4
-18302.5
-18806.1
-19279.1
-19721.5
-20133.3
-20514.6
-20865.4
-21185.9
-21476.3
-21736.8
-21967.4
-22168.6
-22340.5
-22483.3
-22597.2
-22682.4
-22739.1
-22767.4
-496.678
-1490.78
-2482.79
-3467.74
-4442.95
-5405.9
-6354.22
-7285.71
-8198.4
-9090.48
-9960.37
-10806.6
-11628.1
-12423.6
-13192.2
-13933.2
-14645.9
-15329.7
-15984.2
-16609
-17203.8
-17768.4
-18302.5
-18806.1
-19279.1
-19721.5
-20133.3
-20514.6
-20865.4
-21185.9
-21476.3
-21736.8
-21967.5
-22168.6
-22340.5
-22483.3
-22597.2
-22682.4
-22739.1
-22767.4
-496.679
-1490.78
-2482.79
-3467.74
-4442.96
-5405.91
-6354.23
-7285.72
-8198.41
-9090.49
-9960.38
-10806.6
-11628.1
-12423.6
-13192.2
-13933.2
-14645.9
-15329.8
-15984.3
-16609.1
-17203.8
-17768.4
-18302.5
-18806.1
-19279.1
-19721.5
-20133.3
-20514.6
-20865.4
-21186
-21476.4
-21736.8
-21967.5
-22168.6
-22340.5
-22483.3
-22597.2
-22682.4
-22739.1
-22767.5
-496.679
-1490.78
-2482.79
-3467.74
-4442.96
-5405.91
-6354.23
-7285.73
-8198.41
-9090.5
-9960.38
-10806.7
-11628.1
-12423.6
-13192.2
-13933.2
-14645.9
-15329.8
-15984.3
-16609.1
-17203.9
-17768.4
-18302.5
-18806.1
-19279.1
-19721.5
-20133.3
-20514.6
-20865.4
-21186
-21476.4
-21736.8
-21967.5
-22168.7
-22340.5
-22483.3
-22597.2
-22682.5
-22739.2
-22767.5
-496.68
-1490.78
-2482.79
-3467.74
-4442.96
-5405.92
-6354.23
-7285.73
-8198.42
-9090.5
-9960.39
-10806.7
-11628.1
-12423.6
-13192.2
-13933.2
-14645.9
-15329.8
-15984.3
-16609.1
-17203.9
-17768.4
-18302.5
-18806.1
-19279.2
-19721.5
-20133.3
-20514.6
-20865.4
-21186
-21476.4
-21736.8
-21967.5
-22168.7
-22340.5
-22483.3
-22597.2
-22682.5
-22739.2
-22767.5
-496.68
-1490.78
-2482.79
-3467.74
-4442.96
-5405.92
-6354.23
-7285.73
-8198.42
-9090.51
-9960.39
-10806.7
-11628.1
-12423.6
-13192.2
-13933.2
-14645.9
-15329.8
-15984.3
-16609.1
-17203.9
-17768.4
-18302.5
-18806.1
-19279.2
-19721.5
-20133.3
-20514.6
-20865.5
-21186
-21476.4
-21736.8
-21967.5
-22168.7
-22340.5
-22483.3
-22597.2
-22682.5
-22739.2
-22767.5
-496.68
-1490.78
-2482.79
-3467.74
-4442.96
-5405.92
-6354.23
-7285.73
-8198.42
-9090.51
-9960.39
-10806.7
-11628.1
-12423.6
-13192.2
-13933.2
-14645.9
-15329.8
-15984.3
-16609.1
-17203.9
-17768.4
-18302.5
-18806.1
-19279.2
-19721.6
-20133.4
-20514.6
-20865.5
-21186
-21476.4
-21736.8
-21967.5
-22168.7
-22340.5
-22483.3
-22597.2
-22682.5
-22739.2
-22767.5
-496.68
-1490.78
-2482.79
-3467.74
-4442.96
-5405.92
-6354.23
-7285.73
-8198.42
-9090.5
-9960.39
-10806.7
-11628.1
-12423.6
-13192.2
-13933.2
-14645.9
-15329.8
-15984.3
-16609.1
-17203.9
-17768.4
-18302.5
-18806.1
-19279.2
-19721.5
-20133.3
-20514.6
-20865.5
-21186
-21476.4
-21736.8
-21967.5
-22168.7
-22340.5
-22483.3
-22597.2
-22682.5
-22739.2
-22767.5
-496.679
-1490.78
-2482.79
-3467.74
-4442.96
-5405.91
-6354.23
-7285.73
-8198.41
-9090.5
-9960.38
-10806.7
-11628.1
-12423.6
-13192.2
-13933.2
-14645.9
-15329.8
-15984.3
-16609.1
-17203.9
-17768.4
-18302.5
-18806.1
-19279.1
-19721.5
-20133.3
-20514.6
-20865.4
-21186
-21476.4
-21736.8
-21967.5
-22168.7
-22340.5
-22483.3
-22597.2
-22682.5
-22739.2
-22767.5
-496.679
-1490.78
-2482.79
-3467.74
-4442.96
-5405.91
-6354.22
-7285.72
-8198.41
-9090.49
-9960.38
-10806.6
-11628.1
-12423.6
-13192.2
-13933.2
-14645.9
-15329.8
-15984.3
-16609.1
-17203.8
-17768.4
-18302.5
-18806.1
-19279.1
-19721.5
-20133.3
-20514.6
-20865.4
-21186
-21476.4
-21736.8
-21967.5
-22168.7
-22340.5
-22483.3
-22597.2
-22682.5
-22739.1
-22767.5
-496.678
-1490.78
-2482.78
-3467.73
-4442.95
-5405.9
-6354.22
-7285.71
-8198.4
-9090.48
-9960.37
-10806.6
-11628.1
-12423.6
-13192.2
-13933.2
-14645.9
-15329.7
-15984.2
-16609
-17203.8
-17768.4
-18302.5
-18806.1
-19279.1
-19721.5
-20133.3
-20514.6
-20865.4
-21186
-21476.4
-21736.8
-21967.5
-22168.6
-22340.5
-22483.3
-22597.2
-22682.4
-22739.1
-22767.5
-496.678
-1490.78
-2482.78
-3467.73
-4442.95
-5405.9
-6354.21
-7285.7
-8198.39
-9090.47
-9960.36
-10806.6
-11628
-12423.5
-13192.2
-13933.2
-14645.9
-15329.7
-15984.2
-16609
-17203.8
-17768.4
-18302.5
-18806.1
-19279.1
-19721.5
-20133.3
-20514.6
-20865.4
-21185.9
-21476.3
-21736.8
-21967.5
-22168.6
-22340.5
-22483.3
-22597.2
-22682.4
-22739.1
-22767.4
-496.677
-1490.77
-2482.78
-3467.73
-4442.94
-5405.89
-6354.2
-7285.69
-8198.38
-9090.46
-9960.34
-10806.6
-11628
-12423.5
-13192.2
-13933.2
-14645.9
-15329.7
-15984.2
-16609
-17203.8
-17768.3
-18302.5
-18806.1
-19279.1
-19721.5
-20133.3
-20514.6
-20865.4
-21185.9
-21476.3
-21736.8
-21967.4
-22168.6
-22340.5
-22483.3
-22597.2
-22682.4
-22739.1
-22767.4
-496.676
-1490.77
-2482.77
-3467.72
-4442.93
-5405.88
-6354.19
-7285.68
-8198.37
-9090.45
-9960.33
-10806.6
-11628
-12423.5
-13192.2
-13933.2
-14645.9
-15329.7
-15984.2
-16609
-17203.8
-17768.3
-18302.5
-18806.1
-19279.1
-19721.5
-20133.3
-20514.5
-20865.4
-21185.9
-21476.3
-21736.7
-21967.4
-22168.6
-22340.5
-22483.2
-22597.2
-22682.4
-22739.1
-22767.4
-496.675
-1490.77
-2482.77
-3467.71
-4442.93
-5405.87
-6354.18
-7285.67
-8198.35
-9090.43
-9960.31
-10806.6
-11628
-12423.5
-13192.1
-13933.1
-14645.8
-15329.7
-15984.2
-16609
-17203.8
-17768.3
-18302.4
-18806
-19279
-19721.4
-20133.2
-20514.5
-20865.3
-21185.9
-21476.3
-21736.7
-21967.4
-22168.6
-22340.4
-22483.2
-22597.1
-22682.4
-22739.1
-22767.4
-496.674
-1490.77
-2482.76
-3467.71
-4442.92
-5405.86
-6354.17
-7285.66
-8198.34
-9090.42
-9960.3
-10806.6
-11628
-12423.5
-13192.1
-13933.1
-14645.8
-15329.7
-15984.2
-16608.9
-17203.7
-17768.3
-18302.4
-18806
-19279
-19721.4
-20133.2
-20514.5
-20865.3
-21185.9
-21476.2
-21736.7
-21967.4
-22168.5
-22340.4
-22483.2
-22597.1
-22682.3
-22739
-22767.3
-496.673
-1490.76
-2482.76
-3467.7
-4442.91
-5405.85
-6354.16
-7285.65
-8198.32
-9090.4
-9960.28
-10806.5
-11628
-12423.5
-13192.1
-13933.1
-14645.8
-15329.6
-15984.1
-16608.9
-17203.7
-17768.3
-18302.4
-18806
-19279
-19721.4
-20133.2
-20514.5
-20865.3
-21185.8
-21476.2
-21736.7
-21967.4
-22168.5
-22340.4
-22483.2
-22597.1
-22682.3
-22739
-22767.3
-496.672
-1490.76
-2482.76
-3467.69
-4442.9
-5405.84
-6354.15
-7285.63
-8198.31
-9090.39
-9960.26
-10806.5
-11627.9
-12423.4
-13192.1
-13933.1
-14645.8
-15329.6
-15984.1
-16608.9
-17203.7
-17768.2
-18302.4
-18806
-19279
-19721.4
-20133.2
-20514.4
-20865.3
-21185.8
-21476.2
-21736.6
-21967.3
-22168.5
-22340.4
-22483.1
-22597.1
-22682.3
-22739
-22767.3
-496.672
-1490.76
-2482.75
-3467.69
-4442.89
-5405.83
-6354.14
-7285.62
-8198.3
-9090.37
-9960.25
-10806.5
-11627.9
-12423.4
-13192.1
-13933.1
-14645.8
-15329.6
-15984.1
-16608.9
-17203.7
-17768.2
-18302.3
-18805.9
-19279
-19721.3
-20133.1
-20514.4
-20865.2
-21185.8
-21476.2
-21736.6
-21967.3
-22168.5
-22340.3
-22483.1
-22597
-22682.3
-22739
-22767.3
-496.671
-1490.75
-2482.75
-3467.68
-4442.89
-5405.82
-6354.13
-7285.61
-8198.28
-9090.36
-9960.23
-10806.5
-11627.9
-12423.4
-13192
-13933
-14645.7
-15329.6
-15984.1
-16608.9
-17203.6
-17768.2
-18302.3
-18805.9
-19278.9
-19721.3
-20133.1
-20514.4
-20865.2
-21185.8
-21476.2
-21736.6
-21967.3
-22168.5
-22340.3
-22483.1
-22597
-22682.2
-22738.9
-22767.3
-496.67
-1490.75
-2482.74
-3467.68
-4442.88
-5405.82
-6354.12
-7285.6
-8198.27
-9090.35
-9960.22
-10806.5
-11627.9
-12423.4
-13192
-13933
-14645.7
-15329.6
-15984.1
-16608.8
-17203.6
-17768.2
-18302.3
-18805.9
-19278.9
-19721.3
-20133.1
-20514.4
-20865.2
-21185.7
-21476.1
-21736.6
-21967.3
-22168.4
-22340.3
-22483.1
-22597
-22682.2
-22738.9
-22767.2
-496.669
-1490.75
-2482.74
-3467.67
-4442.87
-5405.81
-6354.11
-7285.59
-8198.26
-9090.33
-9960.21
-10806.5
-11627.9
-12423.4
-13192
-13933
-14645.7
-15329.5
-15984
-16608.8
-17203.6
-17768.2
-18302.3
-18805.9
-19278.9
-19721.3
-20133.1
-20514.4
-20865.2
-21185.7
-21476.1
-21736.6
-21967.2
-22168.4
-22340.3
-22483.1
-22597
-22682.2
-22738.9
-22767.2
-496.668
-1490.75
-2482.74
-3467.67
-4442.87
-5405.8
-6354.1
-7285.58
-8198.25
-9090.33
-9960.2
-10806.5
-11627.9
-12423.4
-13192
-13933
-14645.7
-15329.5
-15984
-16608.8
-17203.6
-17768.1
-18302.3
-18805.9
-19278.9
-19721.3
-20133.1
-20514.3
-20865.2
-21185.7
-21476.1
-21736.5
-21967.2
-22168.4
-22340.3
-22483.1
-22597
-22682.2
-22738.9
-22767.2
-496.667
-1490.74
-2482.73
-3467.66
-4442.87
-5405.8
-6354.1
-7285.58
-8198.25
-9090.32
-9960.19
-10806.5
-11627.9
-12423.4
-13192
-13933
-14645.7
-15329.5
-15984
-16608.8
-17203.6
-17768.1
-18302.3
-18805.9
-19278.9
-19721.3
-20133.1
-20514.3
-20865.2
-21185.7
-21476.1
-21736.5
-21967.2
-22168.4
-22340.3
-22483
-22597
-22682.2
-22738.9
-22767.2
-496.664
-1490.74
-2482.73
-3467.66
-4442.86
-5405.8
-6354.09
-7285.57
-8198.25
-9090.32
-9960.19
-10806.4
-11627.9
-12423.3
-13192
-13933
-14645.7
-15329.5
-15984
-16608.8
-17203.6
-17768.1
-18302.3
-18805.9
-19278.9
-19721.3
-20133.1
-20514.3
-20865.2
-21185.7
-21476.1
-21736.5
-21967.2
-22168.4
-22340.3
-22483
-22597
-22682.2
-22738.9
-22767.2
-514.876
-1545.31
-2573.31
-3593.55
-4603.12
-5599.27
-6579.47
-7541.41
-8482.98
-9402.35
-10297.9
-11168.2
-12012
-12828.3
-13616.2
-14374.9
-15104
-15802.7
-16470.9
-17108.1
-17714.2
-18288.9
-18832.1
-19343.8
-19824
-20272.7
-20689.9
-21075.9
-21430.7
-21754.6
-22047.7
-22310.3
-22542.7
-22745.2
-22918
-23061.5
-23175.8
-23261.3
-23318.2
-23346.6
-514.879
-1545.31
-2573.31
-3593.55
-4603.12
-5599.28
-6579.48
-7541.41
-8482.99
-9402.35
-10297.9
-11168.2
-12012
-12828.3
-13616.2
-14374.9
-15104
-15802.8
-16470.9
-17108.1
-17714.2
-18288.9
-18832.1
-19343.8
-19824
-20272.7
-20689.9
-21075.9
-21430.7
-21754.6
-22047.7
-22310.3
-22542.7
-22745.2
-22918
-23061.5
-23175.8
-23261.3
-23318.2
-23346.6
-514.88
-1545.32
-2573.31
-3593.56
-4603.13
-5599.28
-6579.48
-7541.42
-8482.99
-9402.36
-10297.9
-11168.2
-12012
-12828.3
-13616.2
-14374.9
-15104
-15802.8
-16470.9
-17108.1
-17714.2
-18288.9
-18832.1
-19343.8
-19824
-20272.7
-20689.9
-21075.9
-21430.7
-21754.6
-22047.7
-22310.3
-22542.7
-22745.2
-22918
-23061.5
-23175.8
-23261.3
-23318.2
-23346.6
-514.881
-1545.32
-2573.32
-3593.56
-4603.13
-5599.29
-6579.49
-7541.43
-8483
-9402.37
-10297.9
-11168.2
-12012
-12828.3
-13616.2
-14375
-15104
-15802.8
-16470.9
-17108.2
-17714.2
-18288.9
-18832.1
-19343.8
-19824
-20272.7
-20690
-21075.9
-21430.8
-21754.6
-22047.7
-22310.4
-22542.8
-22745.2
-22918
-23061.5
-23175.9
-23261.4
-23318.2
-23346.6
-514.883
-1545.32
-2573.32
-3593.57
-4603.14
-5599.3
-6579.5
-7541.44
-8483.02
-9402.39
-10297.9
-11168.2
-12012
-12828.3
-13616.2
-14375
-15104
-15802.8
-16471
-17108.2
-17714.2
-18288.9
-18832.1
-19343.8
-19824
-20272.7
-20690
-21076
-21430.8
-21754.6
-22047.8
-22310.4
-22542.8
-22745.3
-22918.1
-23061.5
-23175.9
-23261.4
-23318.2
-23346.6
-514.884
-1545.33
-2573.33
-3593.58
-4603.15
-5599.31
-6579.52
-7541.45
-8483.03
-9402.41
-10297.9
-11168.2
-12012
-12828.3
-13616.2
-14375
-15104
-15802.8
-16471
-17108.2
-17714.2
-18288.9
-18832.2
-19343.9
-19824.1
-20272.7
-20690
-21076
-21430.8
-21754.7
-22047.8
-22310.4
-22542.8
-22745.3
-22918.1
-23061.5
-23175.9
-23261.4
-23318.3
-23346.7
-514.885
-1545.33
-2573.34
-3593.58
-4603.16
-5599.32
-6579.53
-7541.47
-8483.05
-9402.42
-10298
-11168.2
-12012.1
-12828.3
-13616.2
-14375
-15104.1
-15802.9
-16471
-17108.2
-17714.3
-18289
-18832.2
-19343.9
-19824.1
-20272.8
-20690
-21076
-21430.8
-21754.7
-22047.8
-22310.4
-22542.9
-22745.3
-22918.1
-23061.6
-23175.9
-23261.4
-23318.3
-23346.7
-514.886
-1545.34
-2573.34
-3593.59
-4603.17
-5599.34
-6579.55
-7541.48
-8483.07
-9402.45
-10298
-11168.3
-12012.1
-12828.4
-13616.3
-14375
-15104.1
-15802.9
-16471
-17108.3
-17714.3
-18289
-18832.2
-19343.9
-19824.1
-20272.8
-20690.1
-21076
-21430.9
-21754.7
-22047.9
-22310.5
-22542.9
-22745.3
-22918.2
-23061.6
-23176
-23261.5
-23318.3
-23346.7
-514.888
-1545.34
-2573.35
-3593.6
-4603.18
-5599.35
-6579.56
-7541.5
-8483.09
-9402.47
-10298
-11168.3
-12012.1
-12828.4
-13616.3
-14375.1
-15104.1
-15802.9
-16471.1
-17108.3
-17714.3
-18289
-18832.3
-19344
-19824.2
-20272.8
-20690.1
-21076.1
-21430.9
-21754.8
-22047.9
-22310.5
-22542.9
-22745.4
-22918.2
-23061.7
-23176
-23261.5
-23318.4
-23346.8
-514.889
-1545.34
-2573.36
-3593.61
-4603.2
-5599.36
-6579.58
-7541.52
-8483.11
-9402.49
-10298
-11168.3
-12012.1
-12828.4
-13616.3
-14375.1
-15104.1
-15802.9
-16471.1
-17108.3
-17714.4
-18289.1
-18832.3
-19344
-19824.2
-20272.9
-20690.1
-21076.1
-21430.9
-21754.8
-22047.9
-22310.6
-22543
-22745.4
-22918.2
-23061.7
-23176.1
-23261.6
-23318.4
-23346.8
-514.89
-1545.35
-2573.36
-3593.62
-4603.21
-5599.38
-6579.59
-7541.54
-8483.13
-9402.51
-10298.1
-11168.3
-12012.2
-12828.5
-13616.4
-14375.1
-15104.2
-15803
-16471.1
-17108.4
-17714.4
-18289.1
-18832.3
-19344
-19824.2
-20272.9
-20690.2
-21076.2
-21431
-21754.8
-22048
-22310.6
-22543
-22745.5
-22918.3
-23061.7
-23176.1
-23261.6
-23318.4
-23346.8
-514.891
-1545.35
-2573.37
-3593.63
-4603.22
-5599.39
-6579.61
-7541.56
-8483.15
-9402.53
-10298.1
-11168.4
-12012.2
-12828.5
-13616.4
-14375.2
-15104.2
-15803
-16471.2
-17108.4
-17714.4
-18289.1
-18832.4
-19344.1
-19824.3
-20272.9
-20690.2
-21076.2
-21431
-21754.9
-22048
-22310.6
-22543
-22745.5
-22918.3
-23061.8
-23176.1
-23261.6
-23318.5
-23346.9
-514.893
-1545.35
-2573.37
-3593.64
-4603.23
-5599.4
-6579.62
-7541.57
-8483.17
-9402.55
-10298.1
-11168.4
-12012.2
-12828.5
-13616.4
-14375.2
-15104.2
-15803
-16471.2
-17108.4
-17714.5
-18289.2
-18832.4
-19344.1
-19824.3
-20273
-20690.3
-21076.2
-21431
-21754.9
-22048
-22310.7
-22543.1
-22745.5
-22918.3
-23061.8
-23176.2
-23261.7
-23318.5
-23346.9
-514.894
-1545.36
-2573.38
-3593.64
-4603.24
-5599.42
-6579.64
-7541.59
-8483.18
-9402.57
-10298.1
-11168.4
-12012.2
-12828.5
-13616.4
-14375.2
-15104.3
-15803.1
-16471.2
-17108.5
-17714.5
-18289.2
-18832.4
-19344.1
-19824.3
-20273
-20690.3
-21076.3
-21431.1
-21754.9
-22048.1
-22310.7
-22543.1
-22745.6
-22918.4
-23061.8
-23176.2
-23261.7
-23318.5
-23346.9
-514.895
-1545.36
-2573.38
-3593.65
-4603.25
-5599.43
-6579.65
-7541.6
-8483.2
-9402.59
-10298.1
-11168.4
-12012.3
-12828.6
-13616.5
-14375.2
-15104.3
-15803.1
-16471.3
-17108.5
-17714.5
-18289.2
-18832.5
-19344.2
-19824.3
-20273
-20690.3
-21076.3
-21431.1
-21755
-22048.1
-22310.7
-22543.1
-22745.6
-22918.4
-23061.9
-23176.2
-23261.7
-23318.6
-23347
-514.895
-1545.36
-2573.39
-3593.66
-4603.25
-5599.43
-6579.66
-7541.61
-8483.21
-9402.6
-10298.2
-11168.4
-12012.3
-12828.6
-13616.5
-14375.3
-15104.3
-15803.1
-16471.3
-17108.5
-17714.6
-18289.2
-18832.5
-19344.2
-19824.4
-20273.1
-20690.3
-21076.3
-21431.1
-21755
-22048.1
-22310.8
-22543.2
-22745.6
-22918.4
-23061.9
-23176.3
-23261.8
-23318.6
-23347
-514.896
-1545.36
-2573.39
-3593.66
-4603.26
-5599.44
-6579.67
-7541.62
-8483.22
-9402.61
-10298.2
-11168.5
-12012.3
-12828.6
-13616.5
-14375.3
-15104.3
-15803.1
-16471.3
-17108.5
-17714.6
-18289.3
-18832.5
-19344.2
-19824.4
-20273.1
-20690.4
-21076.3
-21431.2
-21755
-22048.1
-22310.8
-22543.2
-22745.6
-22918.5
-23061.9
-23176.3
-23261.8
-23318.6
-23347
-514.897
-1545.37
-2573.39
-3593.67
-4603.27
-5599.45
-6579.68
-7541.63
-8483.23
-9402.62
-10298.2
-11168.5
-12012.3
-12828.6
-13616.5
-14375.3
-15104.3
-15803.1
-16471.3
-17108.5
-17714.6
-18289.3
-18832.5
-19344.2
-19824.4
-20273.1
-20690.4
-21076.4
-21431.2
-21755
-22048.2
-22310.8
-22543.2
-22745.7
-22918.5
-23061.9
-23176.3
-23261.8
-23318.6
-23347
-514.897
-1545.37
-2573.4
-3593.67
-4603.27
-5599.45
-6579.68
-7541.64
-8483.24
-9402.63
-10298.2
-11168.5
-12012.3
-12828.6
-13616.5
-14375.3
-15104.3
-15803.2
-16471.3
-17108.6
-17714.6
-18289.3
-18832.5
-19344.2
-19824.4
-20273.1
-20690.4
-21076.4
-21431.2
-21755.1
-22048.2
-22310.8
-22543.2
-22745.7
-22918.5
-23061.9
-23176.3
-23261.8
-23318.7
-23347.1
-514.897
-1545.37
-2573.4
-3593.67
-4603.27
-5599.46
-6579.68
-7541.64
-8483.24
-9402.64
-10298.2
-11168.5
-12012.3
-12828.6
-13616.5
-14375.3
-15104.4
-15803.2
-16471.3
-17108.6
-17714.6
-18289.3
-18832.5
-19344.3
-19824.4
-20273.1
-20690.4
-21076.4
-21431.2
-21755.1
-22048.2
-22310.8
-22543.2
-22745.7
-22918.5
-23062
-23176.3
-23261.8
-23318.7
-23347.1
-514.897
-1545.37
-2573.4
-3593.67
-4603.27
-5599.46
-6579.69
-7541.64
-8483.25
-9402.64
-10298.2
-11168.5
-12012.3
-12828.6
-13616.5
-14375.3
-15104.4
-15803.2
-16471.3
-17108.6
-17714.6
-18289.3
-18832.5
-19344.3
-19824.4
-20273.1
-20690.4
-21076.4
-21431.2
-21755.1
-22048.2
-22310.8
-22543.2
-22745.7
-22918.5
-23062
-23176.3
-23261.8
-23318.7
-23347.1
-514.897
-1545.37
-2573.4
-3593.67
-4603.27
-5599.46
-6579.69
-7541.64
-8483.25
-9402.64
-10298.2
-11168.5
-12012.3
-12828.6
-13616.5
-14375.3
-15104.4
-15803.2
-16471.3
-17108.6
-17714.6
-18289.3
-18832.5
-19344.3
-19824.4
-20273.1
-20690.4
-21076.4
-21431.2
-21755.1
-22048.2
-22310.8
-22543.2
-22745.7
-22918.5
-23062
-23176.3
-23261.8
-23318.7
-23347.1
-514.897
-1545.37
-2573.4
-3593.67
-4603.27
-5599.45
-6579.68
-7541.64
-8483.24
-9402.63
-10298.2
-11168.5
-12012.3
-12828.6
-13616.5
-14375.3
-15104.4
-15803.2
-16471.3
-17108.6
-17714.6
-18289.3
-18832.5
-19344.3
-19824.4
-20273.1
-20690.4
-21076.4
-21431.2
-21755.1
-22048.2
-22310.8
-22543.2
-22745.7
-22918.5
-23062
-23176.3
-23261.8
-23318.7
-23347.1
-514.897
-1545.37
-2573.4
-3593.67
-4603.27
-5599.45
-6579.68
-7541.64
-8483.24
-9402.63
-10298.2
-11168.5
-12012.3
-12828.6
-13616.5
-14375.3
-15104.3
-15803.2
-16471.3
-17108.6
-17714.6
-18289.3
-18832.5
-19344.2
-19824.4
-20273.1
-20690.4
-21076.4
-21431.2
-21755.1
-22048.2
-22310.8
-22543.2
-22745.7
-22918.5
-23062
-23176.3
-23261.8
-23318.7
-23347.1
-514.896
-1545.37
-2573.39
-3593.66
-4603.26
-5599.45
-6579.67
-7541.63
-8483.23
-9402.62
-10298.2
-11168.5
-12012.3
-12828.6
-13616.5
-14375.3
-15104.3
-15803.1
-16471.3
-17108.5
-17714.6
-18289.3
-18832.5
-19344.2
-19824.4
-20273.1
-20690.4
-21076.4
-21431.2
-21755
-22048.2
-22310.8
-22543.2
-22745.7
-22918.5
-23061.9
-23176.3
-23261.8
-23318.7
-23347
-514.896
-1545.36
-2573.39
-3593.66
-4603.26
-5599.44
-6579.67
-7541.62
-8483.22
-9402.61
-10298.2
-11168.5
-12012.3
-12828.6
-13616.5
-14375.3
-15104.3
-15803.1
-16471.3
-17108.5
-17714.6
-18289.3
-18832.5
-19344.2
-19824.4
-20273.1
-20690.4
-21076.3
-21431.2
-21755
-22048.2
-22310.8
-22543.2
-22745.7
-22918.5
-23061.9
-23176.3
-23261.8
-23318.6
-23347
-514.895
-1545.36
-2573.39
-3593.65
-4603.25
-5599.43
-6579.66
-7541.61
-8483.21
-9402.6
-10298.1
-11168.4
-12012.3
-12828.6
-13616.5
-14375.3
-15104.3
-15803.1
-16471.3
-17108.5
-17714.6
-18289.3
-18832.5
-19344.2
-19824.4
-20273.1
-20690.3
-21076.3
-21431.1
-21755
-22048.1
-22310.8
-22543.2
-22745.6
-22918.5
-23061.9
-23176.3
-23261.8
-23318.6
-23347
-514.894
-1545.36
-2573.38
-3593.65
-4603.24
-5599.42
-6579.65
-7541.6
-8483.2
-9402.58
-10298.1
-11168.4
-12012.3
-12828.6
-13616.5
-14375.2
-15104.3
-15803.1
-16471.3
-17108.5
-17714.5
-18289.2
-18832.5
-19344.2
-19824.4
-20273.1
-20690.3
-21076.3
-21431.1
-21755
-22048.1
-22310.7
-22543.2
-22745.6
-22918.4
-23061.9
-23176.2
-23261.8
-23318.6
-23347
-514.893
-1545.36
-2573.38
-3593.64
-4603.23
-5599.41
-6579.63
-7541.58
-8483.18
-9402.57
-10298.1
-11168.4
-12012.2
-12828.5
-13616.4
-14375.2
-15104.3
-15803.1
-16471.2
-17108.5
-17714.5
-18289.2
-18832.4
-19344.2
-19824.3
-20273
-20690.3
-21076.3
-21431.1
-21755
-22048.1
-22310.7
-22543.1
-22745.6
-22918.4
-23061.9
-23176.2
-23261.7
-23318.6
-23347
-514.892
-1545.35
-2573.37
-3593.63
-4603.23
-5599.4
-6579.62
-7541.57
-8483.16
-9402.55
-10298.1
-11168.4
-12012.2
-12828.5
-13616.4
-14375.2
-15104.2
-15803
-16471.2
-17108.4
-17714.5
-18289.2
-18832.4
-19344.1
-19824.3
-20273
-20690.3
-21076.2
-21431.1
-21754.9
-22048.1
-22310.7
-22543.1
-22745.6
-22918.4
-23061.8
-23176.2
-23261.7
-23318.5
-23346.9
-514.891
-1545.35
-2573.37
-3593.63
-4603.22
-5599.39
-6579.61
-7541.55
-8483.15
-9402.53
-10298.1
-11168.4
-12012.2
-12828.5
-13616.4
-14375.2
-15104.2
-15803
-16471.2
-17108.4
-17714.5
-18289.2
-18832.4
-19344.1
-19824.3
-20273
-20690.2
-21076.2
-21431
-21754.9
-22048
-22310.7
-22543.1
-22745.5
-22918.3
-23061.8
-23176.2
-23261.7
-23318.5
-23346.9
-514.89
-1545.35
-2573.36
-3593.62
-4603.21
-5599.38
-6579.59
-7541.54
-8483.13
-9402.51
-10298.1
-11168.3
-12012.2
-12828.5
-13616.4
-14375.1
-15104.2
-15803
-16471.2
-17108.4
-17714.4
-18289.1
-18832.4
-19344.1
-19824.3
-20272.9
-20690.2
-21076.2
-21431
-21754.9
-22048
-22310.6
-22543
-22745.5
-22918.3
-23061.8
-23176.1
-23261.6
-23318.5
-23346.9
-514.889
-1545.34
-2573.35
-3593.61
-4603.2
-5599.36
-6579.58
-7541.52
-8483.11
-9402.49
-10298
-11168.3
-12012.1
-12828.4
-13616.3
-14375.1
-15104.2
-15803
-16471.1
-17108.4
-17714.4
-18289.1
-18832.3
-19344
-19824.2
-20272.9
-20690.2
-21076.2
-21431
-21754.9
-22048
-22310.6
-22543
-22745.5
-22918.3
-23061.7
-23176.1
-23261.6
-23318.5
-23346.8
-514.888
-1545.34
-2573.35
-3593.6
-4603.19
-5599.35
-6579.57
-7541.51
-8483.1
-9402.48
-10298
-11168.3
-12012.1
-12828.4
-13616.3
-14375.1
-15104.1
-15802.9
-16471.1
-17108.3
-17714.4
-18289.1
-18832.3
-19344
-19824.2
-20272.9
-20690.2
-21076.1
-21431
-21754.8
-22047.9
-22310.6
-22543
-22745.4
-22918.3
-23061.7
-23176.1
-23261.6
-23318.4
-23346.8
-514.887
-1545.34
-2573.34
-3593.6
-4603.18
-5599.34
-6579.55
-7541.49
-8483.08
-9402.46
-10298
-11168.3
-12012.1
-12828.4
-13616.3
-14375.1
-15104.1
-15802.9
-16471.1
-17108.3
-17714.4
-18289
-18832.3
-19344
-19824.2
-20272.9
-20690.1
-21076.1
-21430.9
-21754.8
-22047.9
-22310.6
-22543
-22745.4
-22918.2
-23061.7
-23176
-23261.6
-23318.4
-23346.8
-514.885
-1545.33
-2573.34
-3593.59
-4603.17
-5599.33
-6579.54
-7541.48
-8483.07
-9402.44
-10298
-11168.3
-12012.1
-12828.4
-13616.3
-14375.1
-15104.1
-15802.9
-16471.1
-17108.3
-17714.3
-18289
-18832.3
-19344
-19824.1
-20272.8
-20690.1
-21076.1
-21430.9
-21754.8
-22047.9
-22310.5
-22542.9
-22745.4
-22918.2
-23061.7
-23176
-23261.5
-23318.4
-23346.8
-514.885
-1545.33
-2573.33
-3593.58
-4603.16
-5599.32
-6579.53
-7541.47
-8483.05
-9402.43
-10298
-11168.3
-12012.1
-12828.4
-13616.3
-14375
-15104.1
-15802.9
-16471
-17108.3
-17714.3
-18289
-18832.2
-19343.9
-19824.1
-20272.8
-20690.1
-21076.1
-21430.9
-21754.8
-22047.9
-22310.5
-22542.9
-22745.4
-22918.2
-23061.6
-23176
-23261.5
-23318.4
-23346.7
-514.883
-1545.33
-2573.33
-3593.58
-4603.16
-5599.32
-6579.52
-7541.46
-8483.04
-9402.42
-10298
-11168.2
-12012.1
-12828.4
-13616.3
-14375
-15104.1
-15802.9
-16471
-17108.3
-17714.3
-18289
-18832.2
-19343.9
-19824.1
-20272.8
-20690.1
-21076
-21430.9
-21754.7
-22047.9
-22310.5
-22542.9
-22745.4
-22918.2
-23061.6
-23176
-23261.5
-23318.3
-23346.7
-514.882
-1545.32
-2573.33
-3593.58
-4603.15
-5599.31
-6579.52
-7541.46
-8483.04
-9402.41
-10298
-11168.2
-12012
-12828.3
-13616.2
-14375
-15104.1
-15802.9
-16471
-17108.2
-17714.3
-18289
-18832.2
-19343.9
-19824.1
-20272.8
-20690.1
-21076
-21430.9
-21754.7
-22047.9
-22310.5
-22542.9
-22745.4
-22918.2
-23061.6
-23176
-23261.5
-23318.3
-23346.7
-514.879
-1545.32
-2573.32
-3593.57
-4603.15
-5599.31
-6579.52
-7541.45
-8483.04
-9402.41
-10297.9
-11168.2
-12012
-12828.3
-13616.2
-14375
-15104
-15802.8
-16471
-17108.2
-17714.3
-18289
-18832.2
-19343.9
-19824.1
-20272.8
-20690.1
-21076
-21430.9
-21754.7
-22047.8
-22310.5
-22542.9
-22745.3
-22918.2
-23061.6
-23176
-23261.5
-23318.3
-23346.7
-534.665
-1604.59
-2671.66
-3730.13
-4776.82
-5808.74
-6823.16
-7817.63
-8789.97
-9738.27
-10660.9
-11556.4
-12423.7
-13261.6
-14069.5
-14846.7
-15592.5
-16306.7
-16988.8
-17638.7
-18256.2
-18841.2
-19393.5
-19913.4
-20400.7
-20855.6
-21278.2
-21668.7
-22027.4
-22354.3
-22649.9
-22914.5
-23148.3
-23351.8
-23525.3
-23669.1
-23783.7
-23869.3
-23926.1
-23954.5
-534.669
-1604.6
-2671.66
-3730.13
-4776.82
-5808.74
-6823.16
-7817.64
-8789.98
-9738.28
-10660.9
-11556.4
-12423.7
-13261.6
-14069.5
-14846.7
-15592.5
-16306.7
-16988.9
-17638.7
-18256.2
-18841.2
-19393.5
-19913.4
-20400.7
-20855.6
-21278.2
-21668.7
-22027.4
-22354.3
-22649.9
-22914.5
-23148.3
-23351.8
-23525.3
-23669.1
-23783.7
-23869.3
-23926.1
-23954.5
-534.671
-1604.6
-2671.66
-3730.14
-4776.83
-5808.75
-6823.17
-7817.64
-8789.98
-9738.29
-10660.9
-11556.4
-12423.7
-13261.7
-14069.5
-14846.7
-15592.6
-16306.7
-16988.9
-17638.8
-18256.2
-18841.2
-19393.6
-19913.4
-20400.7
-20855.6
-21278.2
-21668.8
-22027.4
-22354.4
-22650
-22914.5
-23148.3
-23351.8
-23525.3
-23669.1
-23783.7
-23869.3
-23926.2
-23954.6
-534.672
-1604.6
-2671.67
-3730.14
-4776.83
-5808.76
-6823.18
-7817.66
-8790
-9738.3
-10660.9
-11556.4
-12423.7
-13261.7
-14069.6
-14846.7
-15592.6
-16306.7
-16988.9
-17638.8
-18256.2
-18841.2
-19393.6
-19913.4
-20400.7
-20855.6
-21278.3
-21668.8
-22027.4
-22354.4
-22650
-22914.5
-23148.4
-23351.8
-23525.3
-23669.2
-23783.7
-23869.3
-23926.2
-23954.6
-534.673
-1604.61
-2671.67
-3730.15
-4776.84
-5808.77
-6823.2
-7817.67
-8790.01
-9738.32
-10660.9
-11556.5
-12423.7
-13261.7
-14069.6
-14846.7
-15592.6
-16306.8
-16988.9
-17638.8
-18256.3
-18841.2
-19393.6
-19913.4
-20400.7
-20855.7
-21278.3
-21668.8
-22027.4
-22354.4
-22650
-22914.6
-23148.4
-23351.9
-23525.3
-23669.2
-23783.8
-23869.3
-23926.2
-23954.6
-534.675
-1604.61
-2671.68
-3730.16
-4776.86
-5808.78
-6823.21
-7817.69
-8790.03
-9738.34
-10661
-11556.5
-12423.7
-13261.7
-14069.6
-14846.8
-15592.6
-16306.8
-16988.9
-17638.8
-18256.3
-18841.2
-19393.6
-19913.5
-20400.8
-20855.7
-21278.3
-21668.8
-22027.5
-22354.4
-22650
-22914.6
-23148.4
-23351.9
-23525.4
-23669.2
-23783.8
-23869.4
-23926.2
-23954.6
-534.676
-1604.62
-2671.69
-3730.17
-4776.87
-5808.8
-6823.23
-7817.71
-8790.05
-9738.36
-10661
-11556.5
-12423.8
-13261.7
-14069.6
-14846.8
-15592.7
-16306.8
-16989
-17638.9
-18256.3
-18841.3
-19393.7
-19913.5
-20400.8
-20855.7
-21278.4
-21668.9
-22027.5
-22354.5
-22650.1
-22914.6
-23148.5
-23351.9
-23525.4
-23669.3
-23783.8
-23869.4
-23926.3
-23954.7
-534.678
-1604.62
-2671.7
-3730.18
-4776.88
-5808.81
-6823.25
-7817.73
-8790.08
-9738.39
-10661
-11556.5
-12423.8
-13261.8
-14069.7
-14846.8
-15592.7
-16306.9
-16989
-17638.9
-18256.4
-18841.3
-19393.7
-19913.5
-20400.9
-20855.8
-21278.4
-21668.9
-22027.5
-22354.5
-22650.1
-22914.7
-23148.5
-23352
-23525.4
-23669.3
-23783.9
-23869.5
-23926.3
-23954.7
-534.679
-1604.63
-2671.7
-3730.19
-4776.89
-5808.83
-6823.27
-7817.75
-8790.1
-9738.41
-10661
-11556.6
-12423.8
-13261.8
-14069.7
-14846.9
-15592.7
-16306.9
-16989
-17638.9
-18256.4
-18841.4
-19393.7
-19913.6
-20400.9
-20855.8
-21278.4
-21669
-22027.6
-22354.6
-22650.2
-22914.7
-23148.5
-23352
-23525.5
-23669.3
-23783.9
-23869.5
-23926.4
-23954.8
-534.681
-1604.63
-2671.71
-3730.2
-4776.91
-5808.85
-6823.29
-7817.77
-8790.12
-9738.44
-10661.1
-11556.6
-12423.9
-13261.8
-14069.7
-14846.9
-15592.8
-16306.9
-16989.1
-17639
-18256.5
-18841.4
-19393.8
-19913.6
-20400.9
-20855.8
-21278.5
-21669
-22027.6
-22354.6
-22650.2
-22914.8
-23148.6
-23352.1
-23525.5
-23669.4
-23784
-23869.5
-23926.4
-23954.8
-534.682
-1604.64
-2671.72
-3730.21
-4776.92
-5808.86
-6823.3
-7817.79
-8790.15
-9738.46
-10661.1
-11556.6
-12423.9
-13261.9
-14069.8
-14846.9
-15592.8
-16307
-16989.1
-17639
-18256.5
-18841.4
-19393.8
-19913.7
-20401
-20855.9
-21278.5
-21669
-22027.7
-22354.6
-22650.3
-22914.8
-23148.6
-23352.1
-23525.6
-23669.4
-23784
-23869.6
-23926.5
-23954.8
-534.684
-1604.64
-2671.73
-3730.22
-4776.94
-5808.88
-6823.32
-7817.81
-8790.17
-9738.49
-10661.1
-11556.7
-12423.9
-13261.9
-14069.8
-14847
-15592.8
-16307
-16989.2
-17639.1
-18256.5
-18841.5
-19393.9
-19913.7
-20401
-20855.9
-21278.6
-21669.1
-22027.7
-22354.7
-22650.3
-22914.8
-23148.7
-23352.1
-23525.6
-23669.5
-23784
-23869.6
-23926.5
-23954.9
-534.685
-1604.64
-2671.73
-3730.23
-4776.95
-5808.89
-6823.34
-7817.83
-8790.19
-9738.51
-10661.1
-11556.7
-12423.9
-13261.9
-14069.8
-14847
-15592.9
-16307
-16989.2
-17639.1
-18256.6
-18841.5
-19393.9
-19913.7
-20401.1
-20856
-21278.6
-21669.1
-22027.7
-22354.7
-22650.3
-22914.9
-23148.7
-23352.2
-23525.7
-23669.5
-23784.1
-23869.7
-23926.5
-23954.9
-534.686
-1604.65
-2671.74
-3730.24
-4776.96
-5808.91
-6823.35
-7817.85
-8790.21
-9738.53
-10661.2
-11556.7
-12424
-13262
-14069.9
-14847
-15592.9
-16307.1
-16989.2
-17639.1
-18256.6
-18841.5
-19393.9
-19913.8
-20401.1
-20856
-21278.6
-21669.2
-22027.8
-22354.8
-22650.4
-22914.9
-23148.7
-23352.2
-23525.7
-23669.5
-23784.1
-23869.7
-23926.6
-23955
-534.688
-1604.65
-2671.75
-3730.25
-4776.97
-5808.92
-6823.37
-7817.87
-8790.23
-9738.55
-10661.2
-11556.7
-12424
-13262
-14069.9
-14847.1
-15592.9
-16307.1
-16989.3
-17639.2
-18256.6
-18841.6
-19394
-19913.8
-20401.1
-20856
-21278.7
-21669.2
-22027.8
-22354.8
-22650.4
-22915
-23148.8
-23352.3
-23525.7
-23669.6
-23784.1
-23869.7
-23926.6
-23955
-534.689
-1604.65
-2671.75
-3730.26
-4776.98
-5808.93
-6823.38
-7817.88
-8790.24
-9738.57
-10661.2
-11556.8
-12424
-13262
-14069.9
-14847.1
-15593
-16307.1
-16989.3
-17639.2
-18256.7
-18841.6
-19394
-19913.8
-20401.2
-20856.1
-21278.7
-21669.2
-22027.8
-22354.8
-22650.4
-22915
-23148.8
-23352.3
-23525.8
-23669.6
-23784.2
-23869.8
-23926.6
-23955
-534.689
-1604.66
-2671.75
-3730.26
-4776.98
-5808.94
-6823.39
-7817.89
-8790.26
-9738.58
-10661.2
-11556.8
-12424
-13262
-14069.9
-14847.1
-15593
-16307.1
-16989.3
-17639.2
-18256.7
-18841.6
-19394
-19913.9
-20401.2
-20856.1
-21278.7
-21669.2
-22027.9
-22354.8
-22650.5
-22915
-23148.8
-23352.3
-23525.8
-23669.6
-23784.2
-23869.8
-23926.7
-23955.1
-534.69
-1604.66
-2671.76
-3730.27
-4776.99
-5808.94
-6823.4
-7817.9
-8790.27
-9738.59
-10661.2
-11556.8
-12424
-13262
-14070
-14847.1
-15593
-16307.2
-16989.3
-17639.2
-18256.7
-18841.6
-19394
-19913.9
-20401.2
-20856.1
-21278.7
-21669.3
-22027.9
-22354.9
-22650.5
-22915
-23148.9
-23352.3
-23525.8
-23669.7
-23784.2
-23869.8
-23926.7
-23955.1
-534.69
-1604.66
-2671.76
-3730.27
-4776.99
-5808.95
-6823.4
-7817.91
-8790.27
-9738.6
-10661.2
-11556.8
-12424.1
-13262.1
-14070
-14847.1
-15593
-16307.2
-16989.3
-17639.2
-18256.7
-18841.7
-19394.1
-19913.9
-20401.2
-20856.1
-21278.8
-21669.3
-22027.9
-22354.9
-22650.5
-22915
-23148.9
-23352.3
-23525.8
-23669.7
-23784.2
-23869.8
-23926.7
-23955.1
-534.691
-1604.66
-2671.76
-3730.27
-4777
-5808.95
-6823.41
-7817.91
-8790.28
-9738.61
-10661.2
-11556.8
-12424.1
-13262.1
-14070
-14847.1
-15593
-16307.2
-16989.3
-17639.2
-18256.7
-18841.7
-19394.1
-19913.9
-20401.2
-20856.1
-21278.8
-21669.3
-22027.9
-22354.9
-22650.5
-22915.1
-23148.9
-23352.4
-23525.8
-23669.7
-23784.2
-23869.8
-23926.7
-23955.1
-534.691
-1604.66
-2671.76
-3730.27
-4777
-5808.95
-6823.41
-7817.91
-8790.28
-9738.61
-10661.3
-11556.8
-12424.1
-13262.1
-14070
-14847.1
-15593
-16307.2
-16989.3
-17639.2
-18256.7
-18841.7
-19394.1
-19913.9
-20401.2
-20856.1
-21278.8
-21669.3
-22027.9
-22354.9
-22650.5
-22915.1
-23148.9
-23352.4
-23525.8
-23669.7
-23784.3
-23869.8
-23926.7
-23955.1
-534.691
-1604.66
-2671.76
-3730.27
-4777
-5808.95
-6823.41
-7817.91
-8790.28
-9738.61
-10661.2
-11556.8
-12424.1
-13262.1
-14070
-14847.1
-15593
-16307.2
-16989.3
-17639.2
-18256.7
-18841.7
-19394.1
-19913.9
-20401.2
-20856.1
-21278.8
-21669.3
-22027.9
-22354.9
-22650.5
-22915.1
-23148.9
-23352.4
-23525.8
-23669.7
-23784.3
-23869.8
-23926.7
-23955.1
-534.69
-1604.66
-2671.76
-3730.27
-4776.99
-5808.95
-6823.41
-7817.91
-8790.28
-9738.6
-10661.2
-11556.8
-12424.1
-13262.1
-14070
-14847.1
-15593
-16307.2
-16989.3
-17639.2
-18256.7
-18841.7
-19394.1
-19913.9
-20401.2
-20856.1
-21278.8
-21669.3
-22027.9
-22354.9
-22650.5
-22915.1
-23148.9
-23352.4
-23525.8
-23669.7
-23784.3
-23869.8
-23926.7
-23955.1
-534.69
-1604.66
-2671.76
-3730.27
-4776.99
-5808.94
-6823.4
-7817.9
-8790.27
-9738.6
-10661.2
-11556.8
-12424.1
-13262
-14070
-14847.1
-15593
-16307.2
-16989.3
-17639.2
-18256.7
-18841.7
-19394.1
-19913.9
-20401.2
-20856.1
-21278.8
-21669.3
-22027.9
-22354.9
-22650.5
-22915
-23148.9
-23352.3
-23525.8
-23669.7
-23784.2
-23869.8
-23926.7
-23955.1
-534.689
-1604.66
-2671.75
-3730.26
-4776.99
-5808.94
-6823.39
-7817.89
-8790.26
-9738.59
-10661.2
-11556.8
-12424
-13262
-14069.9
-14847.1
-15593
-16307.2
-16989.3
-17639.2
-18256.7
-18841.6
-19394
-19913.9
-20401.2
-20856.1
-21278.7
-21669.3
-22027.9
-22354.9
-22650.5
-22915
-23148.9
-23352.3
-23525.8
-23669.7
-23784.2
-23869.8
-23926.7
-23955.1
-534.689
-1604.65
-2671.75
-3730.26
-4776.98
-5808.93
-6823.38
-7817.88
-8790.25
-9738.58
-10661.2
-11556.8
-12424
-13262
-14069.9
-14847.1
-15593
-16307.1
-16989.3
-17639.2
-18256.7
-18841.6
-19394
-19913.9
-20401.2
-20856.1
-21278.7
-21669.2
-22027.9
-22354.9
-22650.5
-22915
-23148.8
-23352.3
-23525.8
-23669.6
-23784.2
-23869.8
-23926.7
-23955.1
-534.688
-1604.65
-2671.75
-3730.25
-4776.97
-5808.92
-6823.37
-7817.87
-8790.24
-9738.56
-10661.2
-11556.7
-12424
-13262
-14069.9
-14847.1
-15592.9
-16307.1
-16989.3
-17639.2
-18256.7
-18841.6
-19394
-19913.8
-20401.2
-20856.1
-21278.7
-21669.2
-22027.9
-22354.8
-22650.4
-22915
-23148.8
-23352.3
-23525.8
-23669.6
-23784.2
-23869.8
-23926.6
-23955
-534.687
-1604.65
-2671.74
-3730.25
-4776.96
-5808.91
-6823.36
-7817.86
-8790.22
-9738.54
-10661.2
-11556.7
-12424
-13262
-14069.9
-14847
-15592.9
-16307.1
-16989.3
-17639.2
-18256.6
-18841.6
-19394
-19913.8
-20401.1
-20856
-21278.7
-21669.2
-22027.8
-22354.8
-22650.4
-22915
-23148.8
-23352.3
-23525.7
-23669.6
-23784.2
-23869.8
-23926.6
-23955
-534.686
-1604.65
-2671.74
-3730.24
-4776.95
-5808.9
-6823.35
-7817.84
-8790.2
-9738.52
-10661.2
-11556.7
-12424
-13262
-14069.9
-14847
-15592.9
-16307.1
-16989.2
-17639.1
-18256.6
-18841.6
-19393.9
-19913.8
-20401.1
-20856
-21278.6
-21669.2
-22027.8
-22354.8
-22650.4
-22914.9
-23148.8
-23352.2
-23525.7
-23669.6
-23784.1
-23869.7
-23926.6
-23955
-534.684
-1604.64
-2671.73
-3730.23
-4776.94
-5808.88
-6823.33
-7817.82
-8790.18
-9738.5
-10661.1
-11556.7
-12423.9
-13261.9
-14069.8
-14847
-15592.9
-16307
-16989.2
-17639.1
-18256.6
-18841.5
-19393.9
-19913.7
-20401.1
-20856
-21278.6
-21669.1
-22027.8
-22354.7
-22650.4
-22914.9
-23148.7
-23352.2
-23525.7
-23669.5
-23784.1
-23869.7
-23926.6
-23954.9
-534.683
-1604.64
-2671.72
-3730.22
-4776.93
-5808.87
-6823.31
-7817.81
-8790.16
-9738.48
-10661.1
-11556.7
-12423.9
-13261.9
-14069.8
-14847
-15592.8
-16307
-16989.2
-17639.1
-18256.5
-18841.5
-19393.9
-19913.7
-20401
-20855.9
-21278.6
-21669.1
-22027.7
-22354.7
-22650.3
-22914.9
-23148.7
-23352.2
-23525.6
-23669.5
-23784.1
-23869.7
-23926.5
-23954.9
-534.682
-1604.63
-2671.72
-3730.21
-4776.92
-5808.86
-6823.3
-7817.79
-8790.14
-9738.46
-10661.1
-11556.6
-12423.9
-13261.9
-14069.8
-14846.9
-15592.8
-16307
-16989.1
-17639
-18256.5
-18841.5
-19393.8
-19913.7
-20401
-20855.9
-21278.5
-21669.1
-22027.7
-22354.7
-22650.3
-22914.8
-23148.7
-23352.1
-23525.6
-23669.5
-23784
-23869.6
-23926.5
-23954.9
-534.68
-1604.63
-2671.71
-3730.2
-4776.91
-5808.84
-6823.28
-7817.77
-8790.12
-9738.44
-10661.1
-11556.6
-12423.9
-13261.8
-14069.8
-14846.9
-15592.8
-16307
-16989.1
-17639
-18256.5
-18841.4
-19393.8
-19913.6
-20401
-20855.9
-21278.5
-21669
-22027.7
-22354.6
-22650.2
-22914.8
-23148.6
-23352.1
-23525.6
-23669.4
-23784
-23869.6
-23926.5
-23954.8
-534.679
-1604.63
-2671.7
-3730.19
-4776.89
-5808.83
-6823.26
-7817.75
-8790.1
-9738.41
-10661
-11556.6
-12423.8
-13261.8
-14069.7
-14846.9
-15592.7
-16306.9
-16989.1
-17639
-18256.4
-18841.4
-19393.8
-19913.6
-20400.9
-20855.8
-21278.5
-21669
-22027.6
-22354.6
-22650.2
-22914.8
-23148.6
-23352.1
-23525.5
-23669.4
-23784
-23869.6
-23926.4
-23954.8
-534.678
-1604.62
-2671.7
-3730.18
-4776.88
-5808.81
-6823.25
-7817.73
-8790.08
-9738.39
-10661
-11556.6
-12423.8
-13261.8
-14069.7
-14846.9
-15592.7
-16306.9
-16989
-17638.9
-18256.4
-18841.4
-19393.7
-19913.6
-20400.9
-20855.8
-21278.4
-21669
-22027.6
-22354.6
-22650.2
-22914.7
-23148.6
-23352
-23525.5
-23669.4
-23783.9
-23869.5
-23926.4
-23954.8
-534.676
-1604.62
-2671.69
-3730.17
-4776.87
-5808.8
-6823.24
-7817.72
-8790.07
-9738.38
-10661
-11556.5
-12423.8
-13261.8
-14069.7
-14846.8
-15592.7
-16306.9
-16989
-17638.9
-18256.4
-18841.3
-19393.7
-19913.6
-20400.9
-20855.8
-21278.4
-21668.9
-22027.6
-22354.5
-22650.2
-22914.7
-23148.5
-23352
-23525.5
-23669.3
-23783.9
-23869.5
-23926.4
-23954.7
-534.675
-1604.61
-2671.68
-3730.17
-4776.86
-5808.79
-6823.22
-7817.7
-8790.05
-9738.36
-10661
-11556.5
-12423.8
-13261.8
-14069.7
-14846.8
-15592.7
-16306.8
-16989
-17638.9
-18256.4
-18841.3
-19393.7
-19913.5
-20400.9
-20855.8
-21278.4
-21668.9
-22027.5
-22354.5
-22650.1
-22914.7
-23148.5
-23352
-23525.5
-23669.3
-23783.9
-23869.5
-23926.3
-23954.7
-534.674
-1604.61
-2671.68
-3730.16
-4776.86
-5808.78
-6823.21
-7817.69
-8790.04
-9738.35
-10661
-11556.5
-12423.8
-13261.7
-14069.6
-14846.8
-15592.7
-16306.8
-16989
-17638.9
-18256.3
-18841.3
-19393.7
-19913.5
-20400.8
-20855.7
-21278.4
-21668.9
-22027.5
-22354.5
-22650.1
-22914.7
-23148.5
-23352
-23525.4
-23669.3
-23783.9
-23869.4
-23926.3
-23954.7
-534.672
-1604.61
-2671.68
-3730.16
-4776.85
-5808.78
-6823.21
-7817.69
-8790.03
-9738.34
-10661
-11556.5
-12423.7
-13261.7
-14069.6
-14846.8
-15592.6
-16306.8
-16989
-17638.9
-18256.3
-18841.3
-19393.7
-19913.5
-20400.8
-20855.7
-21278.4
-21668.9
-22027.5
-22354.5
-22650.1
-22914.7
-23148.5
-23352
-23525.4
-23669.3
-23783.8
-23869.4
-23926.3
-23954.7
-534.669
-1604.6
-2671.67
-3730.15
-4776.85
-5808.77
-6823.2
-7817.68
-8790.03
-9738.33
-10661
-11556.5
-12423.7
-13261.7
-14069.6
-14846.8
-15592.6
-16306.8
-16989
-17638.9
-18256.3
-18841.3
-19393.7
-19913.5
-20400.8
-20855.7
-21278.4
-21668.9
-22027.5
-22354.5
-22650.1
-22914.6
-23148.5
-23351.9
-23525.4
-23669.3
-23783.8
-23869.4
-23926.3
-23954.7
-556.204
-1669.09
-2778.59
-3878.49
-4965.28
-6035.69
-7086.8
-8115.99
-9120.99
-10099.9
-11051
-11972.9
-12864.6
-13725.1
-14553.6
-15349.7
-16112.8
-16842.7
-17539
-18201.8
-18830.8
-19426
-19987.5
-20515.4
-21009.8
-21470.8
-21898.6
-22293.5
-22655.7
-22985.5
-23283.2
-23549.4
-23784.3
-23988.4
-24162.1
-24306
-24420.5
-24505.9
-24562.6
-24590.9
-556.208
-1669.1
-2778.59
-3878.5
-4965.28
-6035.7
-7086.8
-8115.99
-9121
-10099.9
-11051
-11972.9
-12864.6
-13725.1
-14553.7
-15349.7
-16112.8
-16842.7
-17539
-18201.8
-18830.8
-19426
-19987.5
-20515.4
-21009.8
-21470.8
-21898.6
-22293.5
-22655.7
-22985.5
-23283.2
-23549.4
-23784.3
-23988.4
-24162.2
-24306.1
-24420.5
-24505.9
-24562.7
-24590.9
-556.21
-1669.1
-2778.6
-3878.5
-4965.29
-6035.7
-7086.81
-8116
-9121.01
-10099.9
-11051
-11973
-12864.6
-13725.1
-14553.7
-15349.7
-16112.8
-16842.7
-17539.1
-18201.8
-18830.8
-19426
-19987.6
-20515.5
-21009.8
-21470.8
-21898.6
-22293.5
-22655.7
-22985.5
-23283.3
-23549.4
-23784.3
-23988.4
-24162.2
-24306.1
-24420.5
-24506
-24562.7
-24591
-556.211
-1669.11
-2778.6
-3878.51
-4965.3
-6035.72
-7086.82
-8116.01
-9121.03
-10099.9
-11051
-11973
-12864.7
-13725.1
-14553.7
-15349.8
-16112.9
-16842.7
-17539.1
-18201.8
-18830.8
-19426.1
-19987.6
-20515.5
-21009.8
-21470.8
-21898.7
-22293.5
-22655.7
-22985.5
-23283.3
-23549.4
-23784.3
-23988.4
-24162.2
-24306.1
-24420.6
-24506
-24562.7
-24591
-556.213
-1669.11
-2778.61
-3878.52
-4965.31
-6035.73
-7086.84
-8116.03
-9121.05
-10099.9
-11051
-11973
-12864.7
-13725.2
-14553.7
-15349.8
-16112.9
-16842.8
-17539.1
-18201.8
-18830.8
-19426.1
-19987.6
-20515.5
-21009.9
-21470.9
-21898.7
-22293.6
-22655.7
-22985.5
-23283.3
-23549.5
-23784.4
-23988.5
-24162.2
-24306.1
-24420.6
-24506
-24562.7
-24591
-556.215
-1669.12
-2778.62
-3878.53
-4965.33
-6035.75
-7086.86
-8116.05
-9121.07
-10100
-11051.1
-11973
-12864.7
-13725.2
-14553.8
-15349.8
-16112.9
-16842.8
-17539.2
-18201.9
-18830.9
-19426.1
-19987.7
-20515.6
-21009.9
-21470.9
-21898.7
-22293.6
-22655.8
-22985.6
-23283.4
-23549.5
-23784.4
-23988.5
-24162.3
-24306.2
-24420.6
-24506.1
-24562.8
-24591.1
-556.216
-1669.12
-2778.63
-3878.54
-4965.34
-6035.76
-7086.88
-8116.08
-9121.09
-10100
-11051.1
-11973.1
-12864.7
-13725.2
-14553.8
-15349.8
-16113
-16842.8
-17539.2
-18201.9
-18830.9
-19426.2
-19987.7
-20515.6
-21010
-21471
-21898.8
-22293.6
-22655.8
-22985.6
-23283.4
-23549.5
-23784.4
-23988.5
-24162.3
-24306.2
-24420.7
-24506.1
-24562.8
-24591.1
-556.218
-1669.13
-2778.64
-3878.56
-4965.36
-6035.78
-7086.9
-8116.1
-9121.12
-10100
-11051.1
-11973.1
-12864.8
-13725.3
-14553.8
-15349.9
-16113
-16842.9
-17539.2
-18202
-18831
-19426.2
-19987.7
-20515.6
-21010
-21471
-21898.8
-22293.7
-22655.9
-22985.7
-23283.4
-23549.6
-23784.5
-23988.6
-24162.4
-24306.3
-24420.7
-24506.1
-24562.9
-24591.2
-556.22
-1669.13
-2778.65
-3878.57
-4965.37
-6035.8
-7086.92
-8116.13
-9121.15
-10100
-11051.2
-11973.1
-12864.8
-13725.3
-14553.9
-15349.9
-16113.1
-16842.9
-17539.3
-18202
-18831
-19426.3
-19987.8
-20515.7
-21010.1
-21471
-21898.9
-22293.7
-22655.9
-22985.7
-23283.5
-23549.6
-23784.5
-23988.6
-24162.4
-24306.3
-24420.8
-24506.2
-24562.9
-24591.2
-556.222
-1669.14
-2778.66
-3878.58
-4965.39
-6035.82
-7086.94
-8116.15
-9121.18
-10100.1
-11051.2
-11973.2
-12864.8
-13725.3
-14553.9
-15350
-16113.1
-16843
-17539.3
-18202
-18831
-19426.3
-19987.8
-20515.7
-21010.1
-21471.1
-21898.9
-22293.8
-22656
-22985.8
-23283.5
-23549.7
-23784.6
-23988.7
-24162.5
-24306.4
-24420.8
-24506.2
-24563
-24591.3
-556.224
-1669.14
-2778.66
-3878.6
-4965.41
-6035.84
-7086.97
-8116.18
-9121.21
-10100.1
-11051.2
-11973.2
-12864.9
-13725.4
-14553.9
-15350
-16113.1
-16843
-17539.4
-18202.1
-18831.1
-19426.3
-19987.9
-20515.8
-21010.1
-21471.1
-21899
-22293.8
-22656
-22985.8
-23283.6
-23549.7
-23784.6
-23988.7
-24162.5
-24306.4
-24420.9
-24506.3
-24563
-24591.3
-556.226
-1669.15
-2778.67
-3878.61
-4965.42
-6035.86
-7086.99
-8116.2
-9121.23
-10100.1
-11051.3
-11973.2
-12864.9
-13725.4
-14554
-15350
-16113.2
-16843
-17539.4
-18202.1
-18831.1
-19426.4
-19987.9
-20515.8
-21010.2
-21471.2
-21899
-22293.9
-22656.1
-22985.9
-23283.6
-23549.8
-23784.7
-23988.8
-24162.6
-24306.5
-24420.9
-24506.3
-24563.1
-24591.3
-556.227
-1669.15
-2778.68
-3878.62
-4965.44
-6035.88
-7087.01
-8116.22
-9121.26
-10100.2
-11051.3
-11973.3
-12864.9
-13725.4
-14554
-15350.1
-16113.2
-16843.1
-17539.4
-18202.2
-18831.2
-19426.4
-19988
-20515.9
-21010.2
-21471.2
-21899.1
-22293.9
-22656.1
-22985.9
-23283.7
-23549.8
-23784.7
-23988.8
-24162.6
-24306.5
-24421
-24506.4
-24563.1
-24591.4
-556.229
-1669.16
-2778.69
-3878.63
-4965.45
-6035.89
-7087.03
-8116.24
-9121.28
-10100.2
-11051.3
-11973.3
-12865
-13725.5
-14554
-15350.1
-16113.2
-16843.1
-17539.5
-18202.2
-18831.2
-19426.5
-19988
-20515.9
-21010.3
-21471.3
-21899.1
-22294
-22656.1
-22986
-23283.7
-23549.9
-23784.8
-23988.9
-24162.6
-24306.5
-24421
-24506.4
-24563.1
-24591.4
-556.23
-1669.16
-2778.7
-3878.64
-4965.46
-6035.91
-7087.04
-8116.26
-9121.3
-10100.2
-11051.3
-11973.3
-12865
-13725.5
-14554.1
-15350.1
-16113.3
-16843.1
-17539.5
-18202.2
-18831.2
-19426.5
-19988
-20515.9
-21010.3
-21471.3
-21899.1
-22294
-22656.2
-22986
-23283.8
-23549.9
-23784.8
-23988.9
-24162.7
-24306.6
-24421
-24506.5
-24563.2
-24591.5
-556.231
-1669.17
-2778.7
-3878.65
-4965.47
-6035.92
-7087.06
-8116.28
-9121.32
-10100.2
-11051.4
-11973.3
-12865
-13725.5
-14554.1
-15350.2
-16113.3
-16843.2
-17539.5
-18202.3
-18831.3
-19426.5
-19988.1
-20516
-21010.3
-21471.3
-21899.2
-22294
-22656.2
-22986
-23283.8
-23549.9
-23784.8
-23988.9
-24162.7
-24306.6
-24421.1
-24506.5
-24563.2
-24591.5
-556.232
-1669.17
-2778.71
-3878.65
-4965.48
-6035.93
-7087.07
-8116.29
-9121.33
-10100.2
-11051.4
-11973.3
-12865
-13725.6
-14554.1
-15350.2
-16113.3
-16843.2
-17539.6
-18202.3
-18831.3
-19426.6
-19988.1
-20516
-21010.4
-21471.4
-21899.2
-22294.1
-22656.2
-22986.1
-23283.8
-23550
-23784.9
-23989
-24162.7
-24306.6
-24421.1
-24506.5
-24563.2
-24591.5
-556.233
-1669.17
-2778.71
-3878.66
-4965.48
-6035.94
-7087.08
-8116.3
-9121.34
-10100.3
-11051.4
-11973.4
-12865.1
-13725.6
-14554.1
-15350.2
-16113.3
-16843.2
-17539.6
-18202.3
-18831.3
-19426.6
-19988.1
-20516
-21010.4
-21471.4
-21899.2
-22294.1
-22656.3
-22986.1
-23283.9
-23550
-23784.9
-23989
-24162.8
-24306.7
-24421.1
-24506.6
-24563.3
-24591.6
-556.233
-1669.17
-2778.71
-3878.66
-4965.49
-6035.94
-7087.08
-8116.31
-9121.35
-10100.3
-11051.4
-11973.4
-12865.1
-13725.6
-14554.2
-15350.2
-16113.4
-16843.2
-17539.6
-18202.3
-18831.3
-19426.6
-19988.1
-20516
-21010.4
-21471.4
-21899.2
-22294.1
-22656.3
-22986.1
-23283.9
-23550
-23784.9
-23989
-24162.8
-24306.7
-24421.1
-24506.6
-24563.3
-24591.6
-556.234
-1669.17
-2778.71
-3878.66
-4965.49
-6035.95
-7087.09
-8116.31
-9121.36
-10100.3
-11051.4
-11973.4
-12865.1
-13725.6
-14554.2
-15350.2
-16113.4
-16843.2
-17539.6
-18202.3
-18831.3
-19426.6
-19988.2
-20516.1
-21010.4
-21471.4
-21899.2
-22294.1
-22656.3
-22986.1
-23283.9
-23550
-23784.9
-23989
-24162.8
-24306.7
-24421.2
-24506.6
-24563.3
-24591.6
-556.234
-1669.17
-2778.71
-3878.66
-4965.49
-6035.95
-7087.09
-8116.32
-9121.36
-10100.3
-11051.4
-11973.4
-12865.1
-13725.6
-14554.2
-15350.2
-16113.4
-16843.2
-17539.6
-18202.3
-18831.4
-19426.6
-19988.2
-20516.1
-21010.4
-21471.4
-21899.2
-22294.1
-22656.3
-22986.1
-23283.9
-23550
-23784.9
-23989
-24162.8
-24306.7
-24421.2
-24506.6
-24563.3
-24591.6
-556.233
-1669.17
-2778.71
-3878.66
-4965.49
-6035.95
-7087.09
-8116.31
-9121.36
-10100.3
-11051.4
-11973.4
-12865.1
-13725.6
-14554.2
-15350.2
-16113.4
-16843.2
-17539.6
-18202.3
-18831.4
-19426.6
-19988.2
-20516.1
-21010.4
-21471.4
-21899.2
-22294.1
-22656.3
-22986.1
-23283.9
-23550
-23784.9
-23989
-24162.8
-24306.7
-24421.2
-24506.6
-24563.3
-24591.6
-556.233
-1669.17
-2778.71
-3878.66
-4965.49
-6035.94
-7087.08
-8116.31
-9121.35
-10100.3
-11051.4
-11973.4
-12865.1
-13725.6
-14554.2
-15350.2
-16113.4
-16843.2
-17539.6
-18202.3
-18831.3
-19426.6
-19988.1
-20516
-21010.4
-21471.4
-21899.2
-22294.1
-22656.3
-22986.1
-23283.9
-23550
-23784.9
-23989
-24162.8
-24306.7
-24421.2
-24506.6
-24563.3
-24591.6
-556.233
-1669.17
-2778.71
-3878.66
-4965.48
-6035.94
-7087.08
-8116.3
-9121.35
-10100.3
-11051.4
-11973.4
-12865.1
-13725.6
-14554.1
-15350.2
-16113.4
-16843.2
-17539.6
-18202.3
-18831.3
-19426.6
-19988.1
-20516
-21010.4
-21471.4
-21899.2
-22294.1
-22656.3
-22986.1
-23283.9
-23550
-23784.9
-23989
-24162.8
-24306.7
-24421.1
-24506.6
-24563.3
-24591.6
-556.232
-1669.17
-2778.71
-3878.65
-4965.48
-6035.93
-7087.07
-8116.29
-9121.33
-10100.2
-11051.4
-11973.4
-12865.1
-13725.6
-14554.1
-15350.2
-16113.3
-16843.2
-17539.6
-18202.3
-18831.3
-19426.6
-19988.1
-20516
-21010.4
-21471.4
-21899.2
-22294.1
-22656.3
-22986.1
-23283.9
-23550
-23784.9
-23989
-24162.8
-24306.7
-24421.1
-24506.6
-24563.3
-24591.6
-556.231
-1669.17
-2778.7
-3878.65
-4965.47
-6035.92
-7087.06
-8116.28
-9121.32
-10100.2
-11051.4
-11973.3
-12865
-13725.5
-14554.1
-15350.2
-16113.3
-16843.2
-17539.6
-18202.3
-18831.3
-19426.6
-19988.1
-20516
-21010.4
-21471.4
-21899.2
-22294.1
-22656.2
-22986.1
-23283.8
-23550
-23784.9
-23989
-24162.7
-24306.6
-24421.1
-24506.5
-24563.2
-24591.5
-556.23
-1669.16
-2778.7
-3878.64
-4965.46
-6035.91
-7087.05
-8116.27
-9121.3
-10100.2
-11051.3
-11973.3
-12865
-13725.5
-14554.1
-15350.2
-16113.3
-16843.2
-17539.5
-18202.3
-18831.3
-19426.5
-19988.1
-20516
-21010.3
-21471.3
-21899.2
-22294
-22656.2
-22986
-23283.8
-23549.9
-23784.8
-23988.9
-24162.7
-24306.6
-24421.1
-24506.5
-24563.2
-24591.5
-556.229
-1669.16
-2778.69
-3878.63
-4965.45
-6035.9
-7087.03
-8116.25
-9121.29
-10100.2
-11051.3
-11973.3
-12865
-13725.5
-14554.1
-15350.1
-16113.3
-16843.1
-17539.5
-18202.2
-18831.2
-19426.5
-19988
-20515.9
-21010.3
-21471.3
-21899.1
-22294
-22656.2
-22986
-23283.8
-23549.9
-23784.8
-23988.9
-24162.7
-24306.6
-24421.1
-24506.5
-24563.2
-24591.5
-556.227
-1669.15
-2778.68
-3878.62
-4965.44
-6035.88
-7087.01
-8116.23
-9121.26
-10100.2
-11051.3
-11973.3
-12865
-13725.5
-14554
-15350.1
-16113.2
-16843.1
-17539.5
-18202.2
-18831.2
-19426.5
-19988
-20515.9
-21010.3
-21471.3
-21899.1
-22294
-22656.1
-22986
-23283.7
-23549.9
-23784.8
-23988.9
-24162.7
-24306.6
-24421
-24506.4
-24563.1
-24591.4
-556.226
-1669.15
-2778.68
-3878.61
-4965.42
-6035.87
-7086.99
-8116.21
-9121.24
-10100.1
-11051.3
-11973.2
-12864.9
-13725.4
-14554
-15350.1
-16113.2
-16843.1
-17539.4
-18202.2
-18831.2
-19426.4
-19988
-20515.9
-21010.2
-21471.2
-21899.1
-22293.9
-22656.1
-22985.9
-23283.7
-23549.8
-23784.7
-23988.8
-24162.6
-24306.5
-24421
-24506.4
-24563.1
-24591.4
-556.224
-1669.14
-2778.67
-3878.6
-4965.41
-6035.85
-7086.98
-8116.19
-9121.22
-10100.1
-11051.2
-11973.2
-12864.9
-13725.4
-14554
-15350
-16113.2
-16843
-17539.4
-18202.1
-18831.1
-19426.4
-19987.9
-20515.8
-21010.2
-21471.2
-21899
-22293.9
-22656.1
-22985.9
-23283.7
-23549.8
-23784.7
-23988.8
-24162.6
-24306.5
-24420.9
-24506.4
-24563.1
-24591.4
-556.223
-1669.14
-2778.66
-3878.59
-4965.4
-6035.83
-7086.96
-8116.17
-9121.19
-10100.1
-11051.2
-11973.2
-12864.9
-13725.4
-14553.9
-15350
-16113.1
-16843
-17539.4
-18202.1
-18831.1
-19426.4
-19987.9
-20515.8
-21010.2
-21471.2
-21899
-22293.8
-22656
-22985.8
-23283.6
-23549.8
-23784.6
-23988.8
-24162.5
-24306.4
-24420.9
-24506.3
-24563
-24591.3
-556.221
-1669.13
-2778.65
-3878.58
-4965.38
-6035.81
-7086.93
-8116.14
-9121.17
-10100.1
-11051.2
-11973.1
-12864.8
-13725.3
-14553.9
-15350
-16113.1
-16843
-17539.3
-18202.1
-18831.1
-19426.3
-19987.9
-20515.7
-21010.1
-21471.1
-21898.9
-22293.8
-22656
-22985.8
-23283.6
-23549.7
-23784.6
-23988.7
-24162.5
-24306.4
-24420.9
-24506.3
-24563
-24591.3
-556.219
-1669.13
-2778.64
-3878.56
-4965.37
-6035.8
-7086.91
-8116.12
-9121.14
-10100
-11051.2
-11973.1
-12864.8
-13725.3
-14553.9
-15349.9
-16113.1
-16842.9
-17539.3
-18202
-18831
-19426.3
-19987.8
-20515.7
-21010.1
-21471.1
-21898.9
-22293.8
-22655.9
-22985.8
-23283.5
-23549.7
-23784.6
-23988.7
-24162.5
-24306.4
-24420.8
-24506.2
-24562.9
-24591.2
-556.218
-1669.12
-2778.63
-3878.55
-4965.35
-6035.78
-7086.9
-8116.1
-9121.12
-10100
-11051.1
-11973.1
-12864.8
-13725.3
-14553.8
-15349.9
-16113
-16842.9
-17539.3
-18202
-18831
-19426.2
-19987.8
-20515.7
-21010
-21471
-21898.9
-22293.7
-22655.9
-22985.7
-23283.5
-23549.6
-23784.5
-23988.6
-24162.4
-24306.3
-24420.8
-24506.2
-24562.9
-24591.2
-556.216
-1669.12
-2778.63
-3878.54
-4965.34
-6035.76
-7086.88
-8116.08
-9121.1
-10100
-11051.1
-11973.1
-12864.8
-13725.2
-14553.8
-15349.9
-16113
-16842.9
-17539.2
-18201.9
-18830.9
-19426.2
-19987.7
-20515.6
-21010
-21471
-21898.8
-22293.7
-22655.9
-22985.7
-23283.5
-23549.6
-23784.5
-23988.6
-24162.4
-24306.3
-24420.7
-24506.2
-24562.9
-24591.2
-556.215
-1669.12
-2778.62
-3878.54
-4965.33
-6035.75
-7086.86
-8116.06
-9121.08
-10100
-11051.1
-11973
-12864.7
-13725.2
-14553.8
-15349.8
-16113
-16842.8
-17539.2
-18201.9
-18830.9
-19426.2
-19987.7
-20515.6
-21010
-21471
-21898.8
-22293.7
-22655.8
-22985.7
-23283.4
-23549.6
-23784.5
-23988.6
-24162.4
-24306.2
-24420.7
-24506.1
-24562.8
-24591.1
-556.213
-1669.11
-2778.61
-3878.53
-4965.32
-6035.74
-7086.85
-8116.05
-9121.07
-10100
-11051.1
-11973
-12864.7
-13725.2
-14553.8
-15349.8
-16112.9
-16842.8
-17539.2
-18201.9
-18830.9
-19426.2
-19987.7
-20515.6
-21010
-21471
-21898.8
-22293.6
-22655.8
-22985.6
-23283.4
-23549.5
-23784.4
-23988.6
-24162.3
-24306.2
-24420.7
-24506.1
-24562.8
-24591.1
-556.211
-1669.11
-2778.61
-3878.52
-4965.31
-6035.73
-7086.84
-8116.04
-9121.06
-10099.9
-11051.1
-11973
-12864.7
-13725.2
-14553.7
-15349.8
-16112.9
-16842.8
-17539.2
-18201.9
-18830.9
-19426.1
-19987.7
-20515.6
-21009.9
-21470.9
-21898.8
-22293.6
-22655.8
-22985.6
-23283.4
-23549.5
-23784.4
-23988.5
-24162.3
-24306.2
-24420.7
-24506.1
-24562.8
-24591.1
-556.208
-1669.1
-2778.61
-3878.52
-4965.31
-6035.73
-7086.84
-8116.04
-9121.05
-10099.9
-11051
-11973
-12864.7
-13725.2
-14553.7
-15349.8
-16112.9
-16842.8
-17539.2
-18201.9
-18830.9
-19426.1
-19987.7
-20515.6
-21009.9
-21470.9
-21898.7
-22293.6
-22655.8
-22985.6
-23283.4
-23549.5
-23784.4
-23988.5
-24162.3
-24306.2
-24420.7
-24506.1
-24562.8
-24591.1
-579.703
-1739.43
-2895.11
-4039.98
-5170.11
-6281.95
-7372.34
-8438.52
-9478.14
-10489.2
-11470.2
-12419.7
-13336.8
-14220.5
-15070.3
-15885.7
-16666.4
-17412.1
-18122.9
-18798.5
-19439
-20044.6
-20615.2
-21151
-21652.3
-22119.2
-22551.9
-22950.9
-23316.3
-23648.6
-23948.2
-24215.5
-24451
-24655.3
-24828.9
-24972.4
-25086.4
-25171.3
-25227.6
-25255.7
-579.707
-1739.44
-2895.11
-4039.98
-5170.12
-6281.96
-7372.34
-8438.52
-9478.15
-10489.3
-11470.2
-12419.7
-13336.8
-14220.5
-15070.3
-15885.7
-16666.4
-17412.1
-18122.9
-18798.5
-19439.1
-20044.6
-20615.2
-21151
-21652.3
-22119.2
-22551.9
-22950.9
-23316.3
-23648.6
-23948.2
-24215.5
-24451
-24655.3
-24828.9
-24972.4
-25086.4
-25171.3
-25227.6
-25255.7
-579.709
-1739.44
-2895.12
-4039.99
-5170.12
-6281.97
-7372.35
-8438.53
-9478.16
-10489.3
-11470.2
-12419.8
-13336.8
-14220.5
-15070.3
-15885.7
-16666.4
-17412.2
-18122.9
-18798.5
-19439.1
-20044.6
-20615.2
-21151.1
-21652.3
-22119.2
-22552
-22950.9
-23316.3
-23648.6
-23948.2
-24215.5
-24451
-24655.3
-24828.9
-24972.4
-25086.4
-25171.3
-25227.6
-25255.7
-579.711
-1739.45
-2895.13
-4040
-5170.14
-6281.98
-7372.37
-8438.55
-9478.18
-10489.3
-11470.3
-12419.8
-13336.8
-14220.5
-15070.3
-15885.7
-16666.4
-17412.2
-18122.9
-18798.6
-19439.1
-20044.6
-20615.2
-21151.1
-21652.3
-22119.2
-22552
-22950.9
-23316.4
-23648.7
-23948.2
-24215.5
-24451.1
-24655.3
-24829
-24972.5
-25086.4
-25171.4
-25227.7
-25255.8
-579.713
-1739.45
-2895.14
-4040.01
-5170.15
-6282
-7372.39
-8438.57
-9478.2
-10489.3
-11470.3
-12419.8
-13336.8
-14220.6
-15070.3
-15885.8
-16666.5
-17412.2
-18123
-18798.6
-19439.1
-20044.7
-20615.3
-21151.1
-21652.4
-22119.3
-22552
-22951
-23316.4
-23648.7
-23948.3
-24215.6
-24451.1
-24655.4
-24829
-24972.5
-25086.5
-25171.4
-25227.7
-25255.8
-579.715
-1739.46
-2895.15
-4040.02
-5170.17
-6282.02
-7372.41
-8438.6
-9478.23
-10489.3
-11470.3
-12419.8
-13336.9
-14220.6
-15070.4
-15885.8
-16666.5
-17412.3
-18123
-18798.6
-19439.2
-20044.7
-20615.3
-21151.2
-21652.4
-22119.3
-22552.1
-22951
-23316.5
-23648.7
-23948.3
-24215.6
-24451.1
-24655.4
-24829
-24972.6
-25086.5
-25171.4
-25227.8
-25255.8
-579.717
-1739.47
-2895.16
-4040.04
-5170.19
-6282.04
-7372.44
-8438.63
-9478.26
-10489.4
-11470.4
-12419.9
-13336.9
-14220.6
-15070.4
-15885.8
-16666.5
-17412.3
-18123
-18798.7
-19439.2
-20044.8
-20615.4
-21151.2
-21652.5
-22119.4
-22552.1
-22951.1
-23316.5
-23648.8
-23948.4
-24215.7
-24451.2
-24655.5
-24829.1
-24972.6
-25086.6
-25171.5
-25227.8
-25255.9
-579.719
-1739.47
-2895.17
-4040.05
-5170.21
-6282.06
-7372.47
-8438.66
-9478.29
-10489.4
-11470.4
-12419.9
-13336.9
-14220.7
-15070.5
-15885.9
-16666.6
-17412.4
-18123.1
-18798.7
-19439.3
-20044.8
-20615.4
-21151.3
-21652.5
-22119.4
-22552.2
-22951.1
-23316.6
-23648.9
-23948.4
-24215.7
-24451.2
-24655.5
-24829.1
-24972.7
-25086.6
-25171.5
-25227.9
-25255.9
-579.721
-1739.48
-2895.18
-4040.07
-5170.22
-6282.09
-7372.49
-8438.69
-9478.33
-10489.4
-11470.4
-12420
-13337
-14220.7
-15070.5
-15885.9
-16666.6
-17412.4
-18123.1
-18798.8
-19439.3
-20044.9
-20615.5
-21151.3
-21652.6
-22119.5
-22552.2
-22951.2
-23316.6
-23648.9
-23948.5
-24215.8
-24451.3
-24655.6
-24829.2
-24972.7
-25086.7
-25171.6
-25227.9
-25256
-579.724
-1739.49
-2895.19
-4040.08
-5170.24
-6282.11
-7372.52
-8438.72
-9478.36
-10489.5
-11470.5
-12420
-13337
-14220.8
-15070.6
-15886
-16666.7
-17412.5
-18123.2
-18798.8
-19439.4
-20044.9
-20615.5
-21151.4
-21652.6
-22119.5
-22552.3
-22951.2
-23316.7
-23649
-23948.5
-24215.8
-24451.4
-24655.6
-24829.3
-24972.8
-25086.7
-25171.7
-25228
-25256.1
-579.726
-1739.49
-2895.2
-4040.1
-5170.26
-6282.13
-7372.55
-8438.75
-9478.39
-10489.5
-11470.5
-12420
-13337.1
-14220.8
-15070.6
-15886
-16666.7
-17412.5
-18123.3
-18798.9
-19439.4
-20045
-20615.6
-21151.4
-21652.7
-22119.6
-22552.4
-22951.3
-23316.7
-23649
-23948.6
-24215.9
-24451.4
-24655.7
-24829.3
-24972.8
-25086.8
-25171.7
-25228
-25256.1
-579.728
-1739.5
-2895.21
-4040.11
-5170.28
-6282.16
-7372.57
-8438.78
-9478.43
-10489.6
-11470.5
-12420.1
-13337.1
-14220.8
-15070.7
-15886.1
-16666.8
-17412.6
-18123.3
-18798.9
-19439.5
-20045
-20615.6
-21151.5
-21652.7
-22119.6
-22552.4
-22951.4
-23316.8
-23649.1
-23948.7
-24215.9
-24451.5
-24655.8
-24829.4
-24972.9
-25086.8
-25171.8
-25228.1
-25256.2
-579.73
-1739.5
-2895.22
-4040.13
-5170.3
-6282.17
-7372.59
-8438.8
-9478.45
-10489.6
-11470.6
-12420.1
-13337.2
-14220.9
-15070.7
-15886.1
-16666.8
-17412.6
-18123.3
-18799
-19439.5
-20045.1
-20615.7
-21151.5
-21652.8
-22119.7
-22552.5
-22951.4
-23316.8
-23649.1
-23948.7
-24216
-24451.5
-24655.8
-24829.4
-24972.9
-25086.9
-25171.8
-25228.1
-25256.2
-579.731
-1739.51
-2895.23
-4040.14
-5170.31
-6282.19
-7372.61
-8438.83
-9478.48
-10489.6
-11470.6
-12420.1
-13337.2
-14220.9
-15070.7
-15886.2
-16666.9
-17412.7
-18123.4
-18799
-19439.6
-20045.1
-20615.7
-21151.6
-21652.8
-22119.7
-22552.5
-22951.4
-23316.9
-23649.2
-23948.7
-24216
-24451.6
-24655.9
-24829.5
-24973
-25086.9
-25171.9
-25228.2
-25256.3
-579.733
-1739.51
-2895.24
-4040.15
-5170.33
-6282.21
-7372.63
-8438.85
-9478.5
-10489.6
-11470.6
-12420.2
-13337.2
-14221
-15070.8
-15886.2
-16666.9
-17412.7
-18123.4
-18799.1
-19439.6
-20045.2
-20615.8
-21151.6
-21652.9
-22119.8
-22552.5
-22951.5
-23316.9
-23649.2
-23948.8
-24216.1
-24451.6
-24655.9
-24829.5
-24973
-25087
-25171.9
-25228.2
-25256.3
-579.734
-1739.52
-2895.24
-4040.16
-5170.34
-6282.22
-7372.65
-8438.86
-9478.52
-10489.7
-11470.7
-12420.2
-13337.2
-14221
-15070.8
-15886.2
-16666.9
-17412.7
-18123.5
-18799.1
-19439.7
-20045.2
-20615.8
-21151.7
-21652.9
-22119.8
-22552.6
-22951.5
-23317
-23649.3
-23948.8
-24216.1
-24451.6
-24655.9
-24829.5
-24973.1
-25087
-25172
-25228.3
-25256.3
-579.735
-1739.52
-2895.25
-4040.16
-5170.35
-6282.23
-7372.66
-8438.88
-9478.54
-10489.7
-11470.7
-12420.2
-13337.3
-14221
-15070.8
-15886.2
-16667
-17412.7
-18123.5
-18799.1
-19439.7
-20045.2
-20615.8
-21151.7
-21653
-22119.8
-22552.6
-22951.6
-23317
-23649.3
-23948.9
-24216.2
-24451.7
-24656
-24829.6
-24973.1
-25087.1
-25172
-25228.3
-25256.4
-579.736
-1739.52
-2895.25
-4040.17
-5170.35
-6282.24
-7372.67
-8438.89
-9478.55
-10489.7
-11470.7
-12420.2
-13337.3
-14221
-15070.8
-15886.3
-16667
-17412.8
-18123.5
-18799.2
-19439.7
-20045.2
-20615.9
-21151.7
-21653
-22119.9
-22552.6
-22951.6
-23317
-23649.3
-23948.9
-24216.2
-24451.7
-24656
-24829.6
-24973.1
-25087.1
-25172
-25228.3
-25256.4
-579.737
-1739.52
-2895.26
-4040.17
-5170.36
-6282.25
-7372.68
-8438.9
-9478.56
-10489.7
-11470.7
-12420.2
-13337.3
-14221
-15070.9
-15886.3
-16667
-17412.8
-18123.5
-18799.2
-19439.7
-20045.3
-20615.9
-21151.7
-21653
-22119.9
-22552.7
-22951.6
-23317
-23649.3
-23948.9
-24216.2
-24451.7
-24656
-24829.6
-24973.1
-25087.1
-25172
-25228.3
-25256.4
-579.737
-1739.53
-2895.26
-4040.18
-5170.36
-6282.25
-7372.68
-8438.91
-9478.57
-10489.7
-11470.7
-12420.3
-13337.3
-14221
-15070.9
-15886.3
-16667
-17412.8
-18123.5
-18799.2
-19439.7
-20045.3
-20615.9
-21151.7
-21653
-22119.9
-22552.7
-22951.6
-23317
-23649.3
-23948.9
-24216.2
-24451.7
-24656
-24829.6
-24973.1
-25087.1
-25172
-25228.4
-25256.4
-579.737
-1739.53
-2895.26
-4040.18
-5170.36
-6282.25
-7372.69
-8438.91
-9478.57
-10489.7
-11470.7
-12420.3
-13337.3
-14221.1
-15070.9
-15886.3
-16667
-17412.8
-18123.5
-18799.2
-19439.7
-20045.3
-20615.9
-21151.7
-21653
-22119.9
-22552.7
-22951.6
-23317.1
-23649.4
-23948.9
-24216.2
-24451.7
-24656
-24829.6
-24973.2
-25087.1
-25172
-25228.4
-25256.4
-579.737
-1739.53
-2895.26
-4040.18
-5170.36
-6282.25
-7372.68
-8438.91
-9478.57
-10489.7
-11470.7
-12420.3
-13337.3
-14221
-15070.9
-15886.3
-16667
-17412.8
-18123.5
-18799.2
-19439.7
-20045.3
-20615.9
-21151.7
-21653
-22119.9
-22552.7
-22951.6
-23317.1
-23649.4
-23948.9
-24216.2
-24451.7
-24656
-24829.6
-24973.2
-25087.1
-25172
-25228.4
-25256.4
-579.737
-1739.53
-2895.26
-4040.17
-5170.36
-6282.25
-7372.68
-8438.9
-9478.56
-10489.7
-11470.7
-12420.2
-13337.3
-14221
-15070.9
-15886.3
-16667
-17412.8
-18123.5
-18799.2
-19439.7
-20045.3
-20615.9
-21151.7
-21653
-22119.9
-22552.7
-22951.6
-23317
-23649.3
-23948.9
-24216.2
-24451.7
-24656
-24829.6
-24973.1
-25087.1
-25172
-25228.4
-25256.4
-579.736
-1739.52
-2895.25
-4040.17
-5170.35
-6282.24
-7372.67
-8438.89
-9478.55
-10489.7
-11470.7
-12420.2
-13337.3
-14221
-15070.8
-15886.3
-16667
-17412.8
-18123.5
-18799.2
-19439.7
-20045.3
-20615.9
-21151.7
-21653
-22119.9
-22552.7
-22951.6
-23317
-23649.3
-23948.9
-24216.2
-24451.7
-24656
-24829.6
-24973.1
-25087.1
-25172
-25228.3
-25256.4
-579.735
-1739.52
-2895.25
-4040.16
-5170.35
-6282.23
-7372.66
-8438.88
-9478.54
-10489.7
-11470.7
-12420.2
-13337.3
-14221
-15070.8
-15886.3
-16667
-17412.8
-18123.5
-18799.1
-19439.7
-20045.2
-20615.9
-21151.7
-21653
-22119.9
-22552.6
-22951.6
-23317
-23649.3
-23948.9
-24216.2
-24451.7
-24656
-24829.6
-24973.1
-25087.1
-25172
-25228.3
-25256.4
-579.734
-1739.52
-2895.24
-4040.16
-5170.34
-6282.22
-7372.65
-8438.87
-9478.53
-10489.7
-11470.7
-12420.2
-13337.3
-14221
-15070.8
-15886.2
-16666.9
-17412.7
-18123.5
-18799.1
-19439.7
-20045.2
-20615.8
-21151.7
-21652.9
-22119.8
-22552.6
-22951.5
-23317
-23649.3
-23948.9
-24216.2
-24451.7
-24656
-24829.6
-24973.1
-25087.1
-25172
-25228.3
-25256.4
-579.733
-1739.51
-2895.24
-4040.15
-5170.33
-6282.21
-7372.63
-8438.85
-9478.51
-10489.6
-11470.6
-12420.2
-13337.2
-14221
-15070.8
-15886.2
-16666.9
-17412.7
-18123.4
-18799.1
-19439.6
-20045.2
-20615.8
-21151.6
-21652.9
-22119.8
-22552.6
-22951.5
-23317
-23649.3
-23948.8
-24216.1
-24451.6
-24655.9
-24829.5
-24973.1
-25087
-25171.9
-25228.3
-25256.3
-579.731
-1739.51
-2895.23
-4040.14
-5170.31
-6282.19
-7372.62
-8438.83
-9478.48
-10489.6
-11470.6
-12420.2
-13337.2
-14220.9
-15070.7
-15886.2
-16666.9
-17412.7
-18123.4
-18799.1
-19439.6
-20045.1
-20615.8
-21151.6
-21652.9
-22119.8
-22552.5
-22951.5
-23316.9
-23649.2
-23948.8
-24216.1
-24451.6
-24655.9
-24829.5
-24973
-25087
-25171.9
-25228.2
-25256.3
-579.73
-1739.5
-2895.22
-4040.13
-5170.3
-6282.18
-7372.6
-8438.81
-9478.46
-10489.6
-11470.6
-12420.1
-13337.2
-14220.9
-15070.7
-15886.1
-16666.8
-17412.6
-18123.4
-18799
-19439.6
-20045.1
-20615.7
-21151.6
-21652.8
-22119.7
-22552.5
-22951.4
-23316.9
-23649.2
-23948.7
-24216
-24451.6
-24655.9
-24829.5
-24973
-25086.9
-25171.9
-25228.2
-25256.3
-579.728
-1739.5
-2895.21
-4040.11
-5170.28
-6282.16
-7372.57
-8438.78
-9478.43
-10489.6
-11470.5
-12420.1
-13337.1
-14220.9
-15070.7
-15886.1
-16666.8
-17412.6
-18123.3
-18799
-19439.5
-20045.1
-20615.7
-21151.5
-21652.8
-22119.7
-22552.5
-22951.4
-23316.8
-23649.1
-23948.7
-24216
-24451.5
-24655.8
-24829.4
-24972.9
-25086.9
-25171.8
-25228.1
-25256.2
-579.726
-1739.49
-2895.2
-4040.1
-5170.27
-6282.14
-7372.55
-8438.75
-9478.4
-10489.5
-11470.5
-12420.1
-13337.1
-14220.8
-15070.6
-15886.1
-16666.8
-17412.5
-18123.3
-18798.9
-19439.5
-20045
-20615.6
-21151.5
-21652.7
-22119.6
-22552.4
-22951.3
-23316.8
-23649.1
-23948.7
-24215.9
-24451.5
-24655.8
-24829.4
-24972.9
-25086.9
-25171.8
-25228.1
-25256.2
-579.724
-1739.49
-2895.19
-4040.09
-5170.25
-6282.12
-7372.53
-8438.73
-9478.37
-10489.5
-11470.5
-12420
-13337.1
-14220.8
-15070.6
-15886
-16666.7
-17412.5
-18123.2
-18798.9
-19439.4
-20045
-20615.6
-21151.4
-21652.7
-22119.6
-22552.4
-22951.3
-23316.7
-23649
-23948.6
-24215.9
-24451.4
-24655.7
-24829.3
-24972.8
-25086.8
-25171.7
-25228
-25256.1
-579.722
-1739.48
-2895.18
-4040.07
-5170.23
-6282.09
-7372.5
-8438.7
-9478.34
-10489.5
-11470.4
-12420
-13337
-14220.7
-15070.5
-15886
-16666.7
-17412.5
-18123.2
-18798.8
-19439.4
-20044.9
-20615.5
-21151.4
-21652.6
-22119.5
-22552.3
-22951.2
-23316.7
-23649
-23948.6
-24215.9
-24451.4
-24655.7
-24829.3
-24972.8
-25086.8
-25171.7
-25228
-25256.1
-579.72
-1739.47
-2895.17
-4040.06
-5170.21
-6282.07
-7372.48
-8438.67
-9478.31
-10489.4
-11470.4
-12419.9
-13337
-14220.7
-15070.5
-15885.9
-16666.6
-17412.4
-18123.1
-18798.8
-19439.3
-20044.9
-20615.5
-21151.3
-21652.6
-22119.5
-22552.3
-22951.2
-23316.6
-23648.9
-23948.5
-24215.8
-24451.3
-24655.6
-24829.2
-24972.7
-25086.7
-25171.6
-25227.9
-25256
-579.718
-1739.47
-2895.16
-4040.04
-5170.2
-6282.05
-7372.45
-8438.65
-9478.28
-10489.4
-11470.4
-12419.9
-13336.9
-14220.7
-15070.5
-15885.9
-16666.6
-17412.4
-18123.1
-18798.7
-19439.3
-20044.8
-20615.4
-21151.3
-21652.6
-22119.4
-22552.2
-22951.2
-23316.6
-23648.9
-23948.5
-24215.8
-24451.3
-24655.6
-24829.2
-24972.7
-25086.7
-25171.6
-25227.9
-25256
-579.716
-1739.46
-2895.15
-4040.03
-5170.18
-6282.03
-7372.43
-8438.62
-9478.26
-10489.4
-11470.3
-12419.9
-13336.9
-14220.6
-15070.4
-15885.8
-16666.6
-17412.3
-18123.1
-18798.7
-19439.3
-20044.8
-20615.4
-21151.3
-21652.5
-22119.4
-22552.2
-22951.1
-23316.6
-23648.8
-23948.4
-24215.7
-24451.2
-24655.5
-24829.1
-24972.7
-25086.6
-25171.5
-25227.9
-25255.9
-579.714
-1739.46
-2895.14
-4040.02
-5170.17
-6282.02
-7372.41
-8438.6
-9478.23
-10489.3
-11470.3
-12419.8
-13336.9
-14220.6
-15070.4
-15885.8
-16666.5
-17412.3
-18123
-18798.7
-19439.2
-20044.8
-20615.4
-21151.2
-21652.5
-22119.4
-22552.1
-22951.1
-23316.5
-23648.8
-23948.4
-24215.7
-24451.2
-24655.5
-24829.1
-24972.6
-25086.6
-25171.5
-25227.8
-25255.9
-579.712
-1739.45
-2895.14
-4040.01
-5170.16
-6282.01
-7372.4
-8438.59
-9478.22
-10489.3
-11470.3
-12419.8
-13336.9
-14220.6
-15070.4
-15885.8
-16666.5
-17412.3
-18123
-18798.6
-19439.2
-20044.7
-20615.3
-21151.2
-21652.4
-22119.3
-22552.1
-22951.1
-23316.5
-23648.8
-23948.4
-24215.7
-24451.2
-24655.5
-24829.1
-24972.6
-25086.6
-25171.5
-25227.8
-25255.9
-579.71
-1739.45
-2895.13
-4040.01
-5170.15
-6282
-7372.39
-8438.57
-9478.2
-10489.3
-11470.3
-12419.8
-13336.8
-14220.6
-15070.4
-15885.8
-16666.5
-17412.3
-18123
-18798.6
-19439.2
-20044.7
-20615.3
-21151.2
-21652.4
-22119.3
-22552.1
-22951
-23316.5
-23648.8
-23948.3
-24215.6
-24451.2
-24655.4
-24829.1
-24972.6
-25086.5
-25171.5
-25227.8
-25255.9
-579.707
-1739.44
-2895.13
-4040
-5170.14
-6281.99
-7372.38
-8438.57
-9478.2
-10489.3
-11470.3
-12419.8
-13336.8
-14220.6
-15070.4
-15885.8
-16666.5
-17412.2
-18123
-18798.6
-19439.2
-20044.7
-20615.3
-21151.2
-21652.4
-22119.3
-22552.1
-22951
-23316.5
-23648.8
-23948.3
-24215.6
-24451.2
-24655.4
-24829.1
-24972.6
-25086.5
-25171.5
-25227.8
-25255.8
-605.42
-1816.37
-3022.44
-4216.19
-5393.23
-6549.67
-7682.08
-8787.59
-9863.8
-10908.7
-11920.9
-12899
-13842.2
-14749.8
-15621.2
-16456.3
-17254.8
-18016.6
-18741.8
-19430.3
-20082.3
-20698
-21277.6
-21821.2
-22329.1
-22801.7
-23239.1
-23641.8
-24010.1
-24344.5
-24645.4
-24913.3
-25148.9
-25352.9
-25525.7
-25668.3
-25781.3
-25865.3
-25920.9
-25948.6
-605.424
-1816.38
-3022.44
-4216.19
-5393.24
-6549.67
-7682.09
-8787.6
-9863.81
-10908.8
-11920.9
-12899
-13842.2
-14749.8
-15621.3
-16456.3
-17254.8
-18016.6
-18741.8
-19430.3
-20082.4
-20698.1
-21277.6
-21821.2
-22329.1
-22801.7
-23239.1
-23641.8
-24010.1
-24344.5
-24645.4
-24913.3
-25149
-25352.9
-25525.7
-25668.3
-25781.3
-25865.3
-25920.9
-25948.6
-605.427
-1816.38
-3022.45
-4216.2
-5393.25
-6549.68
-7682.1
-8787.62
-9863.82
-10908.8
-11920.9
-12899
-13842.2
-14749.8
-15621.3
-16456.4
-17254.9
-18016.7
-18741.8
-19430.3
-20082.4
-20698.1
-21277.6
-21821.2
-22329.2
-22801.7
-23239.1
-23641.8
-24010.1
-24344.5
-24645.4
-24913.4
-25149
-25352.9
-25525.8
-25668.3
-25781.3
-25865.3
-25920.9
-25948.6
-605.429
-1816.39
-3022.46
-4216.21
-5393.26
-6549.7
-7682.12
-8787.64
-9863.85
-10908.8
-11920.9
-12899.1
-13842.3
-14749.8
-15621.3
-16456.4
-17254.9
-18016.7
-18741.8
-19430.4
-20082.4
-20698.1
-21277.7
-21821.3
-22329.2
-22801.7
-23239.2
-23641.9
-24010.2
-24344.5
-24645.4
-24913.4
-25149
-25352.9
-25525.8
-25668.4
-25781.3
-25865.3
-25920.9
-25948.6
-605.431
-1816.4
-3022.47
-4216.22
-5393.28
-6549.72
-7682.15
-8787.66
-9863.88
-10908.8
-11921
-12899.1
-13842.3
-14749.9
-15621.4
-16456.4
-17254.9
-18016.7
-18741.9
-19430.4
-20082.5
-20698.2
-21277.7
-21821.3
-22329.2
-22801.8
-23239.2
-23641.9
-24010.2
-24344.6
-24645.5
-24913.5
-25149.1
-25353
-25525.9
-25668.4
-25781.4
-25865.4
-25921
-25948.7
-605.434
-1816.4
-3022.48
-4216.24
-5393.3
-6549.75
-7682.18
-8787.7
-9863.91
-10908.9
-11921
-12899.1
-13842.3
-14749.9
-15621.4
-16456.5
-17255
-18016.8
-18741.9
-19430.5
-20082.5
-20698.2
-21277.8
-21821.4
-22329.3
-22801.8
-23239.3
-23642
-24010.3
-24344.6
-24645.5
-24913.5
-25149.1
-25353
-25525.9
-25668.5
-25781.4
-25865.4
-25921.1
-25948.7
-605.436
-1816.41
-3022.49
-4216.26
-5393.32
-6549.77
-7682.21
-8787.73
-9863.95
-10908.9
-11921.1
-12899.2
-13842.4
-14750
-15621.4
-16456.5
-17255
-18016.9
-18742
-19430.5
-20082.6
-20698.3
-21277.8
-21821.4
-22329.4
-22801.9
-23239.3
-23642
-24010.3
-24344.7
-24645.6
-24913.6
-25149.2
-25353.1
-25526
-25668.5
-25781.5
-25865.5
-25921.1
-25948.8
-605.439
-1816.42
-3022.51
-4216.28
-5393.35
-6549.8
-7682.24
-8787.77
-9863.99
-10909
-11921.1
-12899.2
-13842.4
-14750
-15621.5
-16456.6
-17255.1
-18016.9
-18742.1
-19430.6
-20082.6
-20698.3
-21277.9
-21821.5
-22329.4
-22802
-23239.4
-23642.1
-24010.4
-24344.8
-24645.7
-24913.6
-25149.2
-25353.2
-25526
-25668.6
-25781.6
-25865.6
-25921.2
-25948.9
-605.442
-1816.43
-3022.52
-4216.3
-5393.37
-6549.83
-7682.27
-8787.8
-9864.03
-10909
-11921.1
-12899.3
-13842.5
-14750.1
-15621.6
-16456.6
-17255.1
-18017
-18742.1
-19430.7
-20082.7
-20698.4
-21277.9
-21821.6
-22329.5
-22802
-23239.5
-23642.1
-24010.5
-24344.8
-24645.7
-24913.7
-25149.3
-25353.2
-25526.1
-25668.7
-25781.6
-25865.6
-25921.2
-25948.9
-605.445
-1816.44
-3022.54
-4216.32
-5393.39
-6549.86
-7682.3
-8787.84
-9864.07
-10909
-11921.2
-12899.3
-13842.5
-14750.1
-15621.6
-16456.7
-17255.2
-18017
-18742.2
-19430.7
-20082.8
-20698.5
-21278
-21821.6
-22329.6
-22802.1
-23239.5
-23642.2
-24010.5
-24344.9
-24645.8
-24913.8
-25149.4
-25353.3
-25526.2
-25668.7
-25781.7
-25865.7
-25921.3
-25949
-605.447
-1816.44
-3022.55
-4216.33
-5393.42
-6549.88
-7682.33
-8787.87
-9864.11
-10909.1
-11921.2
-12899.4
-13842.6
-14750.2
-15621.7
-16456.8
-17255.3
-18017.1
-18742.2
-19430.8
-20082.8
-20698.5
-21278.1
-21821.7
-22329.6
-22802.2
-23239.6
-23642.3
-24010.6
-24345
-24645.9
-24913.8
-25149.4
-25353.4
-25526.2
-25668.8
-25781.7
-25865.8
-25921.4
-25949.1
-605.45
-1816.45
-3022.56
-4216.35
-5393.44
-6549.91
-7682.36
-8787.91
-9864.14
-10909.1
-11921.3
-12899.4
-13842.6
-14750.2
-15621.7
-16456.8
-17255.3
-18017.1
-18742.3
-19430.8
-20082.9
-20698.6
-21278.1
-21821.7
-22329.7
-22802.2
-23239.7
-23642.3
-24010.7
-24345
-24645.9
-24913.9
-25149.5
-25353.4
-25526.3
-25668.9
-25781.8
-25865.8
-25921.4
-25949.1
-605.452
-1816.46
-3022.57
-4216.37
-5393.46
-6549.93
-7682.39
-8787.94
-9864.18
-10909.2
-11921.3
-12899.5
-13842.7
-14750.3
-15621.8
-16456.9
-17255.4
-18017.2
-18742.3
-19430.9
-20082.9
-20698.6
-21278.2
-21821.8
-22329.7
-22802.3
-23239.7
-23642.4
-24010.7
-24345.1
-24646
-24914
-25149.6
-25353.5
-25526.4
-25668.9
-25781.9
-25865.9
-25921.5
-25949.2
-605.454
-1816.46
-3022.58
-4216.38
-5393.47
-6549.95
-7682.41
-8787.96
-9864.21
-10909.2
-11921.4
-12899.5
-13842.7
-14750.3
-15621.8
-16456.9
-17255.4
-18017.2
-18742.4
-19430.9
-20083
-20698.7
-21278.2
-21821.9
-22329.8
-22802.3
-23239.8
-23642.4
-24010.8
-24345.1
-24646
-24914
-25149.6
-25353.5
-25526.4
-25669
-25781.9
-25865.9
-25921.5
-25949.2
-605.456
-1816.47
-3022.59
-4216.39
-5393.49
-6549.97
-7682.44
-8787.99
-9864.23
-10909.2
-11921.4
-12899.5
-13842.7
-14750.3
-15621.8
-16456.9
-17255.5
-18017.3
-18742.4
-19431
-20083
-20698.7
-21278.3
-21821.9
-22329.8
-22802.4
-23239.8
-23642.5
-24010.8
-24345.2
-24646.1
-24914.1
-25149.7
-25353.6
-25526.5
-25669
-25782
-25866
-25921.6
-25949.3
-605.457
-1816.47
-3022.6
-4216.4
-5393.5
-6549.99
-7682.45
-8788.01
-9864.26
-10909.2
-11921.4
-12899.6
-13842.8
-14750.4
-15621.9
-16457
-17255.5
-18017.3
-18742.5
-19431
-20083.1
-20698.8
-21278.3
-21821.9
-22329.9
-22802.4
-23239.8
-23642.5
-24010.9
-24345.2
-24646.1
-24914.1
-25149.7
-25353.6
-25526.5
-25669.1
-25782
-25866
-25921.6
-25949.3
-605.458
-1816.48
-3022.6
-4216.41
-5393.51
-6550
-7682.47
-8788.03
-9864.27
-10909.3
-11921.4
-12899.6
-13842.8
-14750.4
-15621.9
-16457
-17255.5
-18017.3
-18742.5
-19431.1
-20083.1
-20698.8
-21278.3
-21822
-22329.9
-22802.4
-23239.9
-23642.6
-24010.9
-24345.3
-24646.2
-24914.1
-25149.7
-25353.6
-25526.5
-25669.1
-25782
-25866.1
-25921.7
-25949.4
-605.459
-1816.48
-3022.61
-4216.42
-5393.52
-6550.01
-7682.48
-8788.04
-9864.29
-10909.3
-11921.5
-12899.6
-13842.8
-14750.4
-15621.9
-16457
-17255.5
-18017.4
-18742.5
-19431.1
-20083.1
-20698.8
-21278.4
-21822
-22329.9
-22802.5
-23239.9
-23642.6
-24010.9
-24345.3
-24646.2
-24914.2
-25149.8
-25353.7
-25526.6
-25669.1
-25782.1
-25866.1
-25921.7
-25949.4
-605.46
-1816.48
-3022.61
-4216.42
-5393.53
-6550.02
-7682.49
-8788.05
-9864.3
-10909.3
-11921.5
-12899.6
-13842.8
-14750.4
-15621.9
-16457
-17255.6
-18017.4
-18742.5
-19431.1
-20083.1
-20698.8
-21278.4
-21822
-22330
-22802.5
-23239.9
-23642.6
-24010.9
-24345.3
-24646.2
-24914.2
-25149.8
-25353.7
-25526.6
-25669.1
-25782.1
-25866.1
-25921.7
-25949.4
-605.46
-1816.48
-3022.61
-4216.42
-5393.53
-6550.02
-7682.49
-8788.06
-9864.31
-10909.3
-11921.5
-12899.6
-13842.8
-14750.4
-15622
-16457.1
-17255.6
-18017.4
-18742.6
-19431.1
-20083.2
-20698.9
-21278.4
-21822
-22330
-22802.5
-23239.9
-23642.6
-24011
-24345.3
-24646.2
-24914.2
-25149.8
-25353.7
-25526.6
-25669.2
-25782.1
-25866.1
-25921.7
-25949.4
-605.461
-1816.48
-3022.61
-4216.42
-5393.53
-6550.02
-7682.5
-8788.06
-9864.31
-10909.3
-11921.5
-12899.6
-13842.8
-14750.4
-15622
-16457.1
-17255.6
-18017.4
-18742.6
-19431.1
-20083.2
-20698.9
-21278.4
-21822
-22330
-22802.5
-23239.9
-23642.6
-24011
-24345.3
-24646.2
-24914.2
-25149.8
-25353.7
-25526.6
-25669.2
-25782.1
-25866.1
-25921.7
-25949.4
-605.46
-1816.48
-3022.61
-4216.42
-5393.53
-6550.02
-7682.49
-8788.06
-9864.31
-10909.3
-11921.5
-12899.6
-13842.8
-14750.4
-15622
-16457.1
-17255.6
-18017.4
-18742.6
-19431.1
-20083.2
-20698.9
-21278.4
-21822
-22330
-22802.5
-23239.9
-23642.6
-24011
-24345.3
-24646.2
-24914.2
-25149.8
-25353.7
-25526.6
-25669.2
-25782.1
-25866.1
-25921.7
-25949.4
-605.46
-1816.48
-3022.61
-4216.42
-5393.53
-6550.02
-7682.49
-8788.05
-9864.3
-10909.3
-11921.5
-12899.6
-13842.8
-14750.4
-15621.9
-16457
-17255.6
-18017.4
-18742.6
-19431.1
-20083.1
-20698.8
-21278.4
-21822
-22330
-22802.5
-23239.9
-23642.6
-24010.9
-24345.3
-24646.2
-24914.2
-25149.8
-25353.7
-25526.6
-25669.2
-25782.1
-25866.1
-25921.7
-25949.4
-605.459
-1816.48
-3022.61
-4216.42
-5393.52
-6550.01
-7682.48
-8788.04
-9864.29
-10909.3
-11921.5
-12899.6
-13842.8
-14750.4
-15621.9
-16457
-17255.5
-18017.4
-18742.5
-19431.1
-20083.1
-20698.8
-21278.4
-21822
-22329.9
-22802.5
-23239.9
-23642.6
-24010.9
-24345.3
-24646.2
-24914.2
-25149.8
-25353.7
-25526.6
-25669.1
-25782.1
-25866.1
-25921.7
-25949.4
-605.458
-1816.48
-3022.6
-4216.41
-5393.51
-6550
-7682.47
-8788.03
-9864.27
-10909.3
-11921.4
-12899.6
-13842.8
-14750.4
-15621.9
-16457
-17255.5
-18017.4
-18742.5
-19431.1
-20083.1
-20698.8
-21278.4
-21822
-22329.9
-22802.5
-23239.9
-23642.6
-24010.9
-24345.3
-24646.2
-24914.2
-25149.8
-25353.7
-25526.5
-25669.1
-25782.1
-25866.1
-25921.7
-25949.4
-605.457
-1816.47
-3022.6
-4216.4
-5393.5
-6549.99
-7682.45
-8788.01
-9864.26
-10909.2
-11921.4
-12899.6
-13842.8
-14750.4
-15621.9
-16457
-17255.5
-18017.3
-18742.5
-19431
-20083.1
-20698.8
-21278.3
-21822
-22329.9
-22802.4
-23239.9
-23642.6
-24010.9
-24345.2
-24646.2
-24914.1
-25149.7
-25353.6
-25526.5
-25669.1
-25782
-25866
-25921.7
-25949.4
-605.455
-1816.47
-3022.59
-4216.39
-5393.49
-6549.97
-7682.43
-8787.99
-9864.23
-10909.2
-11921.4
-12899.5
-13842.8
-14750.3
-15621.9
-16457
-17255.5
-18017.3
-18742.5
-19431
-20083
-20698.7
-21278.3
-21821.9
-22329.9
-22802.4
-23239.8
-23642.5
-24010.8
-24345.2
-24646.1
-24914.1
-25149.7
-25353.6
-25526.5
-25669
-25782
-25866
-25921.6
-25949.3
-605.454
-1816.46
-3022.58
-4216.38
-5393.47
-6549.95
-7682.41
-8787.96
-9864.21
-10909.2
-11921.4
-12899.5
-13842.7
-14750.3
-15621.8
-16456.9
-17255.4
-18017.3
-18742.4
-19431
-20083
-20698.7
-21278.3
-21821.9
-22329.8
-22802.3
-23239.8
-23642.5
-24010.8
-24345.2
-24646.1
-24914
-25149.7
-25353.6
-25526.4
-25669
-25782
-25866
-25921.6
-25949.3
-605.452
-1816.46
-3022.57
-4216.36
-5393.46
-6549.93
-7682.39
-8787.94
-9864.18
-10909.2
-11921.3
-12899.5
-13842.7
-14750.3
-15621.8
-16456.9
-17255.4
-18017.2
-18742.4
-19430.9
-20083
-20698.7
-21278.2
-21821.8
-22329.8
-22802.3
-23239.7
-23642.4
-24010.7
-24345.1
-24646
-24914
-25149.6
-25353.5
-25526.4
-25669
-25781.9
-25865.9
-25921.5
-25949.2
-605.45
-1816.45
-3022.56
-4216.35
-5393.44
-6549.91
-7682.36
-8787.91
-9864.14
-10909.1
-11921.3
-12899.4
-13842.6
-14750.2
-15621.7
-16456.8
-17255.3
-18017.2
-18742.3
-19430.9
-20082.9
-20698.6
-21278.2
-21821.8
-22329.7
-22802.2
-23239.7
-23642.4
-24010.7
-24345.1
-24646
-24913.9
-25149.6
-25353.5
-25526.3
-25668.9
-25781.9
-25865.9
-25921.5
-25949.2
-605.447
-1816.44
-3022.55
-4216.33
-5393.42
-6549.89
-7682.34
-8787.88
-9864.11
-10909.1
-11921.2
-12899.4
-13842.6
-14750.2
-15621.7
-16456.8
-17255.3
-18017.1
-18742.3
-19430.8
-20082.8
-20698.5
-21278.1
-21821.7
-22329.7
-22802.2
-23239.6
-23642.3
-24010.6
-24345
-24645.9
-24913.9
-25149.5
-25353.4
-25526.3
-25668.8
-25781.8
-25865.8
-25921.4
-25949.1
-605.445
-1816.44
-3022.54
-4216.32
-5393.4
-6549.86
-7682.31
-8787.84
-9864.07
-10909
-11921.2
-12899.3
-13842.5
-14750.1
-15621.6
-16456.7
-17255.2
-18017.1
-18742.2
-19430.7
-20082.8
-20698.5
-21278
-21821.7
-22329.6
-22802.1
-23239.6
-23642.3
-24010.6
-24345
-24645.9
-24913.8
-25149.4
-25353.3
-25526.2
-25668.8
-25781.7
-25865.7
-25921.4
-25949.1
-605.442
-1816.43
-3022.52
-4216.3
-5393.37
-6549.83
-7682.28
-8787.81
-9864.04
-10909
-11921.2
-12899.3
-13842.5
-14750.1
-15621.6
-16456.7
-17255.2
-18017
-18742.2
-19430.7
-20082.7
-20698.4
-21278
-21821.6
-22329.5
-22802.1
-23239.5
-23642.2
-24010.5
-24344.9
-24645.8
-24913.8
-25149.4
-25353.3
-25526.2
-25668.7
-25781.7
-25865.7
-25921.3
-25949
-605.44
-1816.42
-3022.51
-4216.28
-5393.35
-6549.81
-7682.25
-8787.78
-9864
-10909
-11921.1
-12899.3
-13842.5
-14750
-15621.5
-16456.6
-17255.1
-18016.9
-18742.1
-19430.6
-20082.7
-20698.4
-21277.9
-21821.5
-22329.5
-22802
-23239.5
-23642.1
-24010.5
-24344.8
-24645.7
-24913.7
-25149.3
-25353.2
-25526.1
-25668.7
-25781.6
-25865.6
-25921.3
-25948.9
-605.437
-1816.41
-3022.5
-4216.26
-5393.33
-6549.78
-7682.22
-8787.74
-9863.96
-10908.9
-11921.1
-12899.2
-13842.4
-14750
-15621.5
-16456.6
-17255.1
-18016.9
-18742
-19430.6
-20082.6
-20698.3
-21277.9
-21821.5
-22329.4
-22802
-23239.4
-23642.1
-24010.4
-24344.8
-24645.7
-24913.7
-25149.3
-25353.2
-25526.1
-25668.6
-25781.6
-25865.6
-25921.2
-25948.9
-605.435
-1816.41
-3022.49
-4216.25
-5393.31
-6549.76
-7682.19
-8787.71
-9863.93
-10908.9
-11921
-12899.2
-13842.4
-14749.9
-15621.4
-16456.5
-17255
-18016.9
-18742
-19430.5
-20082.6
-20698.3
-21277.8
-21821.4
-22329.4
-22801.9
-23239.4
-23642
-24010.4
-24344.7
-24645.6
-24913.6
-25149.2
-25353.1
-25526
-25668.6
-25781.5
-25865.5
-25921.1
-25948.8
-605.433
-1816.4
-3022.48
-4216.24
-5393.29
-6549.74
-7682.17
-8787.69
-9863.9
-10908.9
-11921
-12899.1
-13842.3
-14749.9
-15621.4
-16456.5
-17255
-18016.8
-18742
-19430.5
-20082.5
-20698.2
-21277.8
-21821.4
-22329.3
-22801.9
-23239.3
-23642
-24010.3
-24344.7
-24645.6
-24913.6
-25149.2
-25353.1
-25526
-25668.5
-25781.5
-25865.5
-25921.1
-25948.8
-605.431
-1816.4
-3022.47
-4216.22
-5393.28
-6549.72
-7682.15
-8787.67
-9863.88
-10908.8
-11921
-12899.1
-13842.3
-14749.9
-15621.4
-16456.5
-17255
-18016.8
-18741.9
-19430.5
-20082.5
-20698.2
-21277.7
-21821.4
-22329.3
-22801.8
-23239.3
-23642
-24010.3
-24344.7
-24645.6
-24913.5
-25149.1
-25353
-25525.9
-25668.5
-25781.4
-25865.5
-25921.1
-25948.8
-605.428
-1816.39
-3022.46
-4216.22
-5393.27
-6549.71
-7682.14
-8787.65
-9863.87
-10908.8
-11921
-12899.1
-13842.3
-14749.9
-15621.4
-16456.4
-17254.9
-18016.8
-18741.9
-19430.4
-20082.5
-20698.2
-21277.7
-21821.3
-22329.3
-22801.8
-23239.3
-23641.9
-24010.3
-24344.6
-24645.5
-24913.5
-25149.1
-25353
-25525.9
-25668.5
-25781.4
-25865.4
-25921
-25948.7
-605.424
-1816.38
-3022.46
-4216.21
-5393.27
-6549.71
-7682.13
-8787.65
-9863.86
-10908.8
-11921
-12899.1
-13842.3
-14749.9
-15621.3
-16456.4
-17254.9
-18016.7
-18741.9
-19430.4
-20082.5
-20698.2
-21277.7
-21821.3
-22329.3
-22801.8
-23239.2
-23641.9
-24010.2
-24344.6
-24645.5
-24913.5
-25149.1
-25353
-25525.9
-25668.5
-25781.4
-25865.4
-25921
-25948.7
-633.68
-1900.86
-3162.08
-4409.09
-5636.96
-6841.39
-8018.73
-9165.97
-10280.7
-11361
-12405.6
-13413.2
-14383.2
-15315.1
-16208.6
-17063.6
-17879.9
-18657.8
-19397.3
-20098.6
-20762
-21387.6
-21975.9
-22527
-23041.4
-23519.2
-23961
-24367
-24737.8
-25073.8
-25375.5
-25643.5
-25878.6
-26081.4
-26252.9
-26393.8
-26505.1
-26587.6
-26642.1
-26669.2
-633.685
-1900.87
-3162.09
-4409.09
-5636.97
-6841.4
-8018.73
-9165.98
-10280.7
-11361.1
-12405.6
-13413.2
-14383.2
-15315.1
-16208.6
-17063.6
-17879.9
-18657.8
-19397.3
-20098.6
-20762
-21387.7
-21975.9
-22527
-23041.4
-23519.2
-23961
-24367.1
-24737.8
-25073.8
-25375.5
-25643.6
-25878.6
-26081.5
-26252.9
-26393.8
-26505.1
-26587.6
-26642.1
-26669.2
-633.687
-1900.88
-3162.09
-4409.11
-5636.98
-6841.41
-8018.75
-9166
-10280.7
-11361.1
-12405.6
-13413.2
-14383.3
-15315.2
-16208.7
-17063.6
-17880
-18657.8
-19397.3
-20098.7
-20762
-21387.7
-21975.9
-22527.1
-23041.4
-23519.3
-23961
-24367.1
-24737.9
-25073.8
-25375.5
-25643.6
-25878.6
-26081.5
-26252.9
-26393.8
-26505.1
-26587.6
-26642.1
-26669.2
-633.69
-1900.88
-3162.11
-4409.12
-5637
-6841.43
-8018.78
-9166.02
-10280.8
-11361.1
-12405.6
-13413.3
-14383.3
-15315.2
-16208.7
-17063.6
-17880
-18657.9
-19397.4
-20098.7
-20762.1
-21387.7
-21976
-22527.1
-23041.5
-23519.3
-23961.1
-24367.1
-24737.9
-25073.9
-25375.6
-25643.6
-25878.7
-26081.5
-26253
-26393.9
-26505.2
-26587.7
-26642.2
-26669.3
-633.693
-1900.89
-3162.12
-4409.14
-5637.02
-6841.46
-8018.81
-9166.06
-10280.8
-11361.2
-12405.7
-13413.3
-14383.3
-15315.3
-16208.8
-17063.7
-17880.1
-18657.9
-19397.4
-20098.7
-20762.1
-21387.8
-21976
-22527.2
-23041.5
-23519.4
-23961.1
-24367.2
-24738
-25073.9
-25375.6
-25643.7
-25878.7
-26081.6
-26253
-26393.9
-26505.2
-26587.7
-26642.2
-26669.3
-633.696
-1900.9
-3162.13
-4409.16
-5637.05
-6841.49
-8018.84
-9166.1
-10280.8
-11361.2
-12405.7
-13413.4
-14383.4
-15315.3
-16208.8
-17063.8
-17880.1
-18658
-19397.5
-20098.8
-20762.2
-21387.9
-21976.1
-22527.2
-23041.6
-23519.4
-23961.2
-24367.3
-24738
-25074
-25375.7
-25643.8
-25878.8
-26081.6
-26253.1
-26394
-26505.3
-26587.8
-26642.3
-26669.4
-633.699
-1900.91
-3162.15
-4409.18
-5637.07
-6841.52
-8018.88
-9166.14
-10280.9
-11361.2
-12405.8
-13413.4
-14383.5
-15315.4
-16208.9
-17063.8
-17880.2
-18658.1
-19397.6
-20098.9
-20762.2
-21387.9
-21976.2
-22527.3
-23041.6
-23519.5
-23961.3
-24367.3
-24738.1
-25074.1
-25375.8
-25643.8
-25878.9
-26081.7
-26253.2
-26394.1
-26505.4
-26587.9
-26642.4
-26669.5
-633.703
-1900.92
-3162.17
-4409.2
-5637.1
-6841.56
-8018.92
-9166.18
-10280.9
-11361.3
-12405.8
-13413.5
-14383.5
-15315.4
-16208.9
-17063.9
-17880.3
-18658.1
-19397.6
-20099
-20762.3
-21388
-21976.3
-22527.4
-23041.7
-23519.6
-23961.3
-24367.4
-24738.2
-25074.1
-25375.9
-25643.9
-25879
-26081.8
-26253.2
-26394.1
-26505.4
-26588
-26642.5
-26669.6
-633.706
-1900.93
-3162.18
-4409.23
-5637.13
-6841.59
-8018.96
-9166.23
-10281
-11361.3
-12405.9
-13413.5
-14383.6
-15315.5
-16209
-17064
-17880.3
-18658.2
-19397.7
-20099
-20762.4
-21388.1
-21976.3
-22527.5
-23041.8
-23519.7
-23961.4
-24367.5
-24738.3
-25074.2
-25375.9
-25644
-25879
-26081.9
-26253.3
-26394.2
-26505.5
-26588
-26642.5
-26669.6
-633.709
-1900.94
-3162.2
-4409.25
-5637.16
-6841.62
-8018.99
-9166.27
-10281
-11361.4
-12405.9
-13413.6
-14383.6
-15315.6
-16209.1
-17064
-17880.4
-18658.3
-19397.8
-20099.1
-20762.5
-21388.1
-21976.4
-22527.5
-23041.9
-23519.7
-23961.5
-24367.6
-24738.3
-25074.3
-25376
-25644.1
-25879.1
-26081.9
-26253.4
-26394.3
-26505.6
-26588.1
-26642.6
-26669.7
-633.712
-1900.95
-3162.21
-4409.27
-5637.18
-6841.65
-8019.03
-9166.31
-10281.1
-11361.4
-12406
-13413.7
-14383.7
-15315.6
-16209.1
-17064.1
-17880.5
-18658.3
-19397.8
-20099.2
-20762.5
-21388.2
-21976.5
-22527.6
-23041.9
-23519.8
-23961.6
-24367.6
-24738.4
-25074.4
-25376.1
-25644.1
-25879.2
-26082
-26253.5
-26394.4
-26505.7
-26588.2
-26642.7
-26669.8
-633.715
-1900.96
-3162.23
-4409.29
-5637.21
-6841.68
-8019.06
-9166.35
-10281.1
-11361.5
-12406
-13413.7
-14383.8
-15315.7
-16209.2
-17064.1
-17880.5
-18658.4
-19397.9
-20099.2
-20762.6
-21388.3
-21976.5
-22527.7
-23042
-23519.9
-23961.6
-24367.7
-24738.5
-25074.4
-25376.2
-25644.2
-25879.3
-26082.1
-26253.5
-26394.4
-26505.7
-26588.3
-26642.8
-26669.9
-633.718
-1900.97
-3162.24
-4409.31
-5637.23
-6841.71
-8019.1
-9166.38
-10281.2
-11361.5
-12406.1
-13413.8
-14383.8
-15315.7
-16209.2
-17064.2
-17880.6
-18658.5
-19398
-20099.3
-20762.7
-21388.3
-21976.6
-22527.7
-23042.1
-23519.9
-23961.7
-24367.8
-24738.5
-25074.5
-25376.2
-25644.3
-25879.3
-26082.2
-26253.6
-26394.5
-26505.8
-26588.3
-26642.8
-26669.9
-633.72
-1900.97
-3162.25
-4409.32
-5637.25
-6841.74
-8019.13
-9166.41
-10281.2
-11361.6
-12406.1
-13413.8
-14383.9
-15315.8
-16209.3
-17064.3
-17880.6
-18658.5
-19398
-20099.3
-20762.7
-21388.4
-21976.7
-22527.8
-23042.1
-23520
-23961.8
-24367.8
-24738.6
-25074.6
-25376.3
-25644.3
-25879.4
-26082.2
-26253.7
-26394.6
-26505.9
-26588.4
-26642.9
-26670
-633.722
-1900.98
-3162.26
-4409.34
-5637.27
-6841.76
-8019.15
-9166.44
-10281.2
-11361.6
-12406.2
-13413.8
-14383.9
-15315.8
-16209.3
-17064.3
-17880.7
-18658.6
-19398.1
-20099.4
-20762.8
-21388.5
-21976.7
-22527.9
-23042.2
-23520.1
-23961.8
-24367.9
-24738.7
-25074.6
-25376.3
-25644.4
-25879.4
-26082.3
-26253.7
-26394.6
-26505.9
-26588.4
-26642.9
-26670
-633.724
-1900.98
-3162.27
-4409.35
-5637.29
-6841.78
-8019.17
-9166.47
-10281.2
-11361.6
-12406.2
-13413.9
-14383.9
-15315.9
-16209.4
-17064.3
-17880.7
-18658.6
-19398.1
-20099.4
-20762.8
-21388.5
-21976.8
-22527.9
-23042.2
-23520.1
-23961.9
-24367.9
-24738.7
-25074.7
-25376.4
-25644.4
-25879.5
-26082.3
-26253.8
-26394.7
-26506
-26588.5
-26643
-26670.1
-633.725
-1900.99
-3162.28
-4409.36
-5637.3
-6841.79
-8019.19
-9166.49
-10281.3
-11361.7
-12406.2
-13413.9
-14384
-15315.9
-16209.4
-17064.4
-17880.8
-18658.6
-19398.1
-20099.5
-20762.9
-21388.5
-21976.8
-22527.9
-23042.3
-23520.1
-23961.9
-24368
-24738.7
-25074.7
-25376.4
-25644.5
-25879.5
-26082.4
-26253.8
-26394.7
-26506
-26588.5
-26643
-26670.1
-633.726
-1900.99
-3162.28
-4409.37
-5637.31
-6841.8
-8019.2
-9166.5
-10281.3
-11361.7
-12406.2
-13413.9
-14384
-15315.9
-16209.4
-17064.4
-17880.8
-18658.7
-19398.2
-20099.5
-20762.9
-21388.6
-21976.8
-22528
-23042.3
-23520.2
-23961.9
-24368
-24738.8
-25074.7
-25376.5
-25644.5
-25879.6
-26082.4
-26253.8
-26394.7
-26506
-26588.5
-26643.1
-26670.2
-633.727
-1900.99
-3162.29
-4409.37
-5637.31
-6841.81
-8019.21
-9166.51
-10281.3
-11361.7
-12406.3
-13413.9
-14384
-15315.9
-16209.4
-17064.4
-17880.8
-18658.7
-19398.2
-20099.5
-20762.9
-21388.6
-21976.8
-22528
-23042.3
-23520.2
-23962
-24368
-24738.8
-25074.8
-25376.5
-25644.5
-25879.6
-26082.4
-26253.8
-26394.8
-26506
-26588.6
-26643.1
-26670.2
-633.727
-1901
-3162.29
-4409.37
-5637.32
-6841.81
-8019.22
-9166.52
-10281.3
-11361.7
-12406.3
-13413.9
-14384
-15315.9
-16209.5
-17064.4
-17880.8
-18658.7
-19398.2
-20099.5
-20762.9
-21388.6
-21976.9
-22528
-23042.3
-23520.2
-23962
-24368
-24738.8
-25074.8
-25376.5
-25644.5
-25879.6
-26082.4
-26253.9
-26394.8
-26506.1
-26588.6
-26643.1
-26670.2
-633.728
-1901
-3162.29
-4409.38
-5637.32
-6841.82
-8019.22
-9166.52
-10281.3
-11361.7
-12406.3
-13413.9
-14384
-15315.9
-16209.5
-17064.4
-17880.8
-18658.7
-19398.2
-20099.5
-20762.9
-21388.6
-21976.9
-22528
-23042.3
-23520.2
-23962
-24368
-24738.8
-25074.8
-25376.5
-25644.5
-25879.6
-26082.4
-26253.9
-26394.8
-26506.1
-26588.6
-26643.1
-26670.2
-633.727
-1901
-3162.29
-4409.37
-5637.32
-6841.81
-8019.22
-9166.52
-10281.3
-11361.7
-12406.3
-13413.9
-14384
-15315.9
-16209.5
-17064.4
-17880.8
-18658.7
-19398.2
-20099.5
-20762.9
-21388.6
-21976.9
-22528
-23042.3
-23520.2
-23962
-24368
-24738.8
-25074.8
-25376.5
-25644.5
-25879.6
-26082.4
-26253.9
-26394.8
-26506.1
-26588.6
-26643.1
-26670.2
-633.727
-1900.99
-3162.29
-4409.37
-5637.31
-6841.81
-8019.21
-9166.51
-10281.3
-11361.7
-12406.3
-13413.9
-14384
-15315.9
-16209.4
-17064.4
-17880.8
-18658.7
-19398.2
-20099.5
-20762.9
-21388.6
-21976.8
-22528
-23042.3
-23520.2
-23962
-24368
-24738.8
-25074.8
-25376.5
-25644.5
-25879.6
-26082.4
-26253.9
-26394.8
-26506.1
-26588.6
-26643.1
-26670.2
-633.726
-1900.99
-3162.28
-4409.36
-5637.31
-6841.8
-8019.2
-9166.5
-10281.3
-11361.7
-12406.2
-13413.9
-14384
-15315.9
-16209.4
-17064.4
-17880.8
-18658.7
-19398.2
-20099.5
-20762.9
-21388.6
-21976.8
-22528
-23042.3
-23520.2
-23961.9
-24368
-24738.8
-25074.8
-25376.5
-25644.5
-25879.6
-26082.4
-26253.8
-26394.7
-26506
-26588.6
-26643.1
-26670.2
-633.725
-1900.99
-3162.28
-4409.36
-5637.3
-6841.79
-8019.19
-9166.48
-10281.3
-11361.7
-12406.2
-13413.9
-14384
-15315.9
-16209.4
-17064.4
-17880.8
-18658.6
-19398.1
-20099.5
-20762.9
-21388.5
-21976.8
-22527.9
-23042.3
-23520.2
-23961.9
-24368
-24738.8
-25074.7
-25376.4
-25644.5
-25879.5
-26082.4
-26253.8
-26394.7
-26506
-26588.5
-26643
-26670.1
-633.723
-1900.98
-3162.27
-4409.35
-5637.28
-6841.77
-8019.17
-9166.46
-10281.2
-11361.6
-12406.2
-13413.9
-14383.9
-15315.9
-16209.4
-17064.3
-17880.7
-18658.6
-19398.1
-20099.4
-20762.8
-21388.5
-21976.8
-22527.9
-23042.2
-23520.1
-23961.9
-24367.9
-24738.7
-25074.7
-25376.4
-25644.4
-25879.5
-26082.3
-26253.8
-26394.7
-26506
-26588.5
-26643
-26670.1
-633.722
-1900.98
-3162.26
-4409.33
-5637.27
-6841.75
-8019.15
-9166.44
-10281.2
-11361.6
-12406.2
-13413.8
-14383.9
-15315.8
-16209.3
-17064.3
-17880.7
-18658.6
-19398.1
-20099.4
-20762.8
-21388.5
-21976.7
-22527.9
-23042.2
-23520.1
-23961.8
-24367.9
-24738.7
-25074.6
-25376.4
-25644.4
-25879.5
-26082.3
-26253.7
-26394.6
-26505.9
-26588.5
-26643
-26670.1
-633.72
-1900.97
-3162.25
-4409.32
-5637.25
-6841.73
-8019.12
-9166.41
-10281.2
-11361.6
-12406.1
-13413.8
-14383.9
-15315.8
-16209.3
-17064.3
-17880.6
-18658.5
-19398
-20099.4
-20762.7
-21388.4
-21976.7
-22527.8
-23042.2
-23520
-23961.8
-24367.8
-24738.6
-25074.6
-25376.3
-25644.4
-25879.4
-26082.2
-26253.7
-26394.6
-26505.9
-26588.4
-26642.9
-26670
-633.717
-1900.96
-3162.24
-4409.3
-5637.23
-6841.71
-8019.09
-9166.38
-10281.2
-11361.5
-12406.1
-13413.8
-14383.8
-15315.7
-16209.2
-17064.2
-17880.6
-18658.5
-19398
-20099.3
-20762.7
-21388.4
-21976.6
-22527.8
-23042.1
-23520
-23961.7
-24367.8
-24738.6
-25074.5
-25376.3
-25644.3
-25879.4
-26082.2
-26253.6
-26394.5
-26505.8
-26588.4
-26642.9
-26670
-633.715
-1900.96
-3162.23
-4409.29
-5637.21
-6841.68
-8019.06
-9166.34
-10281.1
-11361.5
-12406
-13413.7
-14383.8
-15315.7
-16209.2
-17064.2
-17880.5
-18658.4
-19397.9
-20099.2
-20762.6
-21388.3
-21976.6
-22527.7
-23042
-23519.9
-23961.7
-24367.7
-24738.5
-25074.5
-25376.2
-25644.2
-25879.3
-26082.1
-26253.6
-26394.5
-26505.8
-26588.3
-26642.8
-26669.9
-633.712
-1900.95
-3162.21
-4409.27
-5637.18
-6841.65
-8019.03
-9166.31
-10281.1
-11361.4
-12406
-13413.7
-14383.7
-15315.6
-16209.1
-17064.1
-17880.5
-18658.3
-19397.9
-20099.2
-20762.6
-21388.2
-21976.5
-22527.6
-23042
-23519.8
-23961.6
-24367.7
-24738.4
-25074.4
-25376.1
-25644.2
-25879.2
-26082.1
-26253.5
-26394.4
-26505.7
-26588.2
-26642.7
-26669.8
-633.709
-1900.94
-3162.2
-4409.25
-5637.16
-6841.62
-8018.99
-9166.27
-10281
-11361.4
-12405.9
-13413.6
-14383.6
-15315.6
-16209.1
-17064
-17880.4
-18658.3
-19397.8
-20099.1
-20762.5
-21388.2
-21976.4
-22527.6
-23041.9
-23519.8
-23961.5
-24367.6
-24738.4
-25074.3
-25376.1
-25644.1
-25879.2
-26082
-26253.4
-26394.3
-26505.6
-26588.2
-26642.7
-26669.8
-633.706
-1900.93
-3162.18
-4409.22
-5637.13
-6841.59
-8018.96
-9166.22
-10281
-11361.4
-12405.9
-13413.6
-14383.6
-15315.5
-16209
-17064
-17880.3
-18658.2
-19397.7
-20099.1
-20762.4
-21388.1
-21976.4
-22527.5
-23041.8
-23519.7
-23961.5
-24367.5
-24738.3
-25074.3
-25376
-25644
-25879.1
-26081.9
-26253.4
-26394.3
-26505.6
-26588.1
-26642.6
-26669.7
-633.703
-1900.92
-3162.17
-4409.2
-5637.1
-6841.56
-8018.92
-9166.18
-10280.9
-11361.3
-12405.8
-13413.5
-14383.5
-15315.5
-16209
-17063.9
-17880.3
-18658.2
-19397.7
-20099
-20762.4
-21388
-21976.3
-22527.4
-23041.8
-23519.6
-23961.4
-24367.5
-24738.2
-25074.2
-25375.9
-25644
-25879
-26081.9
-26253.3
-26394.2
-26505.5
-26588
-26642.5
-26669.6
-633.699
-1900.91
-3162.15
-4409.18
-5637.08
-6841.53
-8018.88
-9166.14
-10280.9
-11361.3
-12405.8
-13413.4
-14383.5
-15315.4
-16208.9
-17063.8
-17880.2
-18658.1
-19397.6
-20098.9
-20762.3
-21388
-21976.2
-22527.4
-23041.7
-23519.6
-23961.3
-24367.4
-24738.2
-25074.1
-25375.9
-25643.9
-25879
-26081.8
-26253.2
-26394.1
-26505.4
-26588
-26642.5
-26669.6
-633.697
-1900.9
-3162.14
-4409.16
-5637.05
-6841.5
-8018.85
-9166.11
-10280.9
-11361.2
-12405.7
-13413.4
-14383.4
-15315.3
-16208.8
-17063.8
-17880.2
-18658
-19397.5
-20098.9
-20762.2
-21387.9
-21976.2
-22527.3
-23041.6
-23519.5
-23961.3
-24367.3
-24738.1
-25074.1
-25375.8
-25643.8
-25878.9
-26081.7
-26253.2
-26394.1
-26505.4
-26587.9
-26642.4
-26669.5
-633.694
-1900.9
-3162.12
-4409.15
-5637.03
-6841.47
-8018.82
-9166.08
-10280.8
-11361.2
-12405.7
-13413.4
-14383.4
-15315.3
-16208.8
-17063.7
-17880.1
-18658
-19397.5
-20098.8
-20762.2
-21387.9
-21976.1
-22527.3
-23041.6
-23519.5
-23961.2
-24367.3
-24738.1
-25074
-25375.7
-25643.8
-25878.8
-26081.7
-26253.1
-26394
-26505.3
-26587.8
-26642.3
-26669.4
-633.691
-1900.89
-3162.11
-4409.13
-5637.01
-6841.45
-8018.8
-9166.05
-10280.8
-11361.1
-12405.7
-13413.3
-14383.4
-15315.3
-16208.8
-17063.7
-17880.1
-18658
-19397.5
-20098.8
-20762.1
-21387.8
-21976.1
-22527.2
-23041.5
-23519.4
-23961.2
-24367.2
-24738
-25074
-25375.7
-25643.7
-25878.8
-26081.6
-26253.1
-26394
-26505.3
-26587.8
-26642.3
-26669.4
-633.689
-1900.88
-3162.11
-4409.12
-5637
-6841.44
-8018.78
-9166.03
-10280.8
-11361.1
-12405.7
-13413.3
-14383.3
-15315.2
-16208.7
-17063.7
-17880.1
-18657.9
-19397.4
-20098.7
-20762.1
-21387.8
-21976
-22527.2
-23041.5
-23519.4
-23961.2
-24367.2
-24738
-25074
-25375.7
-25643.7
-25878.8
-26081.6
-26253
-26394
-26505.2
-26587.8
-26642.3
-26669.4
-633.684
-1900.87
-3162.1
-4409.12
-5636.99
-6841.43
-8018.77
-9166.02
-10280.8
-11361.1
-12405.6
-13413.3
-14383.3
-15315.2
-16208.7
-17063.7
-17880
-18657.9
-19397.4
-20098.7
-20762.1
-21387.8
-21976
-22527.2
-23041.5
-23519.4
-23961.1
-24367.2
-24738
-25073.9
-25375.7
-25643.7
-25878.8
-26081.6
-26253
-26393.9
-26505.2
-26587.8
-26642.3
-26669.4
-664.895
-1994.1
-3315.93
-4621.12
-5904.12
-7160.19
-8385.45
-9576.84
-10732
-11849.2
-12927.1
-13965
-14962.4
-15918.9
-16834.5
-17709.4
-18543.5
-19337.3
-20091
-20804.8
-21479.3
-22114.7
-22711.3
-23269.7
-23790
-24272.9
-24718.6
-25127.6
-25500.3
-25837.4
-26139.3
-26406.7
-26640.5
-26841.4
-27010.5
-27148.9
-27257.6
-27337.9
-27390.8
-27417
-664.9
-1994.11
-3315.93
-4621.13
-5904.13
-7160.2
-8385.47
-9576.85
-10732
-11849.2
-12927.1
-13965
-14962.4
-15918.9
-16834.6
-17709.4
-18543.6
-19337.3
-20091
-20804.9
-21479.3
-22114.7
-22711.3
-23269.7
-23790.1
-24272.9
-24718.6
-25127.6
-25500.3
-25837.4
-26139.3
-26406.7
-26640.5
-26841.4
-27010.5
-27148.9
-27257.7
-27338
-27390.8
-27417
-664.903
-1994.12
-3315.94
-4621.15
-5904.15
-7160.22
-8385.49
-9576.88
-10732
-11849.2
-12927.2
-13965.1
-14962.4
-15919
-16834.6
-17709.4
-18543.6
-19337.4
-20091
-20804.9
-21479.3
-22114.7
-22711.4
-23269.7
-23790.1
-24272.9
-24718.6
-25127.6
-25500.4
-25837.4
-26139.3
-26406.8
-26640.5
-26841.5
-27010.6
-27148.9
-27257.7
-27338
-27390.8
-27417
-664.906
-1994.13
-3315.96
-4621.16
-5904.17
-7160.25
-8385.52
-9576.91
-10732.1
-11849.2
-12927.2
-13965.1
-14962.5
-15919
-16834.6
-17709.5
-18543.6
-19337.4
-20091.1
-20805
-21479.4
-22114.8
-22711.4
-23269.8
-23790.2
-24273
-24718.7
-25127.7
-25500.4
-25837.5
-26139.4
-26406.8
-26640.6
-26841.5
-27010.6
-27149
-27257.8
-27338
-27390.9
-27417.1
-664.91
-1994.14
-3315.98
-4621.19
-5904.2
-7160.28
-8385.56
-9576.95
-10732.1
-11849.3
-12927.3
-13965.2
-14962.5
-15919.1
-16834.7
-17709.5
-18543.7
-19337.5
-20091.1
-20805
-21479.5
-22114.8
-22711.5
-23269.8
-23790.2
-24273.1
-24718.8
-25127.7
-25500.5
-25837.5
-26139.4
-26406.9
-26640.6
-26841.6
-27010.7
-27149.1
-27257.8
-27338.1
-27390.9
-27417.2
-664.914
-1994.15
-3315.99
-4621.21
-5904.23
-7160.32
-8385.6
-9577
-10732.2
-11849.4
-12927.3
-13965.2
-14962.6
-15919.1
-16834.8
-17709.6
-18543.8
-19337.6
-20091.2
-20805.1
-21479.5
-22114.9
-22711.6
-23269.9
-23790.3
-24273.1
-24718.8
-25127.8
-25500.6
-25837.6
-26139.5
-26407
-26640.7
-26841.7
-27010.8
-27149.1
-27257.9
-27338.2
-27391
-27417.2
-664.918
-1994.16
-3316.01
-4621.24
-5904.27
-7160.36
-8385.65
-9577.05
-10732.2
-11849.4
-12927.4
-13965.3
-14962.7
-15919.2
-16834.8
-17709.7
-18543.9
-19337.6
-20091.3
-20805.2
-21479.6
-22115
-22711.7
-23270
-23790.4
-24273.2
-24718.9
-25127.9
-25500.7
-25837.7
-26139.6
-26407.1
-26640.8
-26841.7
-27010.9
-27149.2
-27258
-27338.3
-27391.1
-27417.3
-664.922
-1994.18
-3316.03
-4621.27
-5904.3
-7160.4
-8385.69
-9577.11
-10732.3
-11849.5
-12927.4
-13965.4
-14962.7
-15919.3
-16834.9
-17709.8
-18543.9
-19337.7
-20091.4
-20805.3
-21479.7
-22115.1
-22711.7
-23270.1
-23790.5
-24273.3
-24719
-25128
-25500.8
-25837.8
-26139.7
-26407.1
-26640.9
-26841.8
-27010.9
-27149.3
-27258.1
-27338.4
-27391.2
-27417.4
-664.926
-1994.19
-3316.05
-4621.3
-5904.34
-7160.44
-8385.74
-9577.16
-10732.3
-11849.5
-12927.5
-13965.4
-14962.8
-15919.3
-16835
-17709.8
-18544
-19337.8
-20091.5
-20805.3
-21479.8
-22115.2
-22711.8
-23270.2
-23790.6
-24273.4
-24719.1
-25128.1
-25500.8
-25837.9
-26139.8
-26407.2
-26641
-26841.9
-27011
-27149.4
-27258.2
-27338.5
-27391.3
-27417.5
-664.93
-1994.2
-3316.07
-4621.32
-5904.37
-7160.48
-8385.79
-9577.21
-10732.4
-11849.6
-12927.6
-13965.5
-14962.9
-15919.4
-16835.1
-17709.9
-18544.1
-19337.9
-20091.5
-20805.4
-21479.9
-22115.3
-22711.9
-23270.3
-23790.7
-24273.5
-24719.2
-25128.2
-25500.9
-25838
-26139.9
-26407.3
-26641.1
-26842
-27011.1
-27149.5
-27258.3
-27338.5
-27391.4
-27417.6
-664.934
-1994.21
-3316.09
-4621.35
-5904.4
-7160.52
-8385.83
-9577.26
-10732.4
-11849.7
-12927.6
-13965.6
-14962.9
-15919.5
-16835.2
-17710
-18544.2
-19338
-20091.6
-20805.5
-21480
-22115.3
-22712
-23270.3
-23790.7
-24273.6
-24719.3
-25128.3
-25501
-25838.1
-26140
-26407.4
-26641.2
-26842.1
-27011.2
-27149.6
-27258.3
-27338.6
-27391.5
-27417.7
-664.937
-1994.22
-3316.11
-4621.37
-5904.43
-7160.56
-8385.87
-9577.3
-10732.5
-11849.7
-12927.7
-13965.6
-14963
-15919.6
-16835.2
-17710.1
-18544.2
-19338
-20091.7
-20805.6
-21480
-22115.4
-22712.1
-23270.4
-23790.8
-24273.7
-24719.4
-25128.3
-25501.1
-25838.1
-26140
-26407.5
-26641.2
-26842.2
-27011.3
-27149.7
-27258.4
-27338.7
-27391.5
-27417.7
-664.94
-1994.23
-3316.12
-4621.39
-5904.46
-7160.59
-8385.91
-9577.34
-10732.5
-11849.8
-12927.7
-13965.7
-14963.1
-15919.6
-16835.3
-17710.1
-18544.3
-19338.1
-20091.8
-20805.7
-21480.1
-22115.5
-22712.2
-23270.5
-23790.9
-24273.7
-24719.4
-25128.4
-25501.2
-25838.2
-26140.1
-26407.6
-26641.3
-26842.3
-27011.4
-27149.7
-27258.5
-27338.8
-27391.6
-27417.8
-664.943
-1994.24
-3316.14
-4621.41
-5904.48
-7160.61
-8385.94
-9577.38
-10732.6
-11849.8
-12927.8
-13965.7
-14963.1
-15919.7
-16835.3
-17710.2
-18544.4
-19338.2
-20091.8
-20805.7
-21480.2
-22115.6
-22712.2
-23270.6
-23791
-24273.8
-24719.5
-25128.5
-25501.2
-25838.3
-26140.2
-26407.6
-26641.4
-26842.3
-27011.4
-27149.8
-27258.6
-27338.9
-27391.7
-27417.9
-664.945
-1994.24
-3316.15
-4621.43
-5904.5
-7160.64
-8385.97
-9577.41
-10732.6
-11849.8
-12927.8
-13965.8
-14963.2
-15919.7
-16835.4
-17710.2
-18544.4
-19338.2
-20091.9
-20805.8
-21480.2
-22115.6
-22712.3
-23270.6
-23791
-24273.9
-24719.6
-25128.6
-25501.3
-25838.3
-26140.3
-26407.7
-26641.5
-26842.4
-27011.5
-27149.9
-27258.6
-27338.9
-27391.7
-27418
-664.947
-1994.25
-3316.16
-4621.44
-5904.52
-7160.66
-8385.99
-9577.44
-10732.6
-11849.9
-12927.9
-13965.8
-14963.2
-15919.8
-16835.4
-17710.3
-18544.5
-19338.3
-20091.9
-20805.8
-21480.3
-22115.7
-22712.3
-23270.7
-23791.1
-24273.9
-24719.6
-25128.6
-25501.4
-25838.4
-26140.3
-26407.8
-26641.5
-26842.4
-27011.5
-27149.9
-27258.7
-27339
-27391.8
-27418
-664.949
-1994.25
-3316.17
-4621.45
-5904.53
-7160.68
-8386.01
-9577.46
-10732.7
-11849.9
-12927.9
-13965.8
-14963.2
-15919.8
-16835.5
-17710.3
-18544.5
-19338.3
-20092
-20805.9
-21480.3
-22115.7
-22712.4
-23270.7
-23791.1
-24274
-24719.7
-25128.6
-25501.4
-25838.4
-26140.3
-26407.8
-26641.5
-26842.5
-27011.6
-27150
-27258.7
-27339
-27391.8
-27418
-664.95
-1994.26
-3316.17
-4621.46
-5904.54
-7160.69
-8386.03
-9577.48
-10732.7
-11849.9
-12927.9
-13965.9
-14963.3
-15919.8
-16835.5
-17710.3
-18544.5
-19338.3
-20092
-20805.9
-21480.4
-22115.7
-22712.4
-23270.7
-23791.1
-24274
-24719.7
-25128.7
-25501.4
-25838.5
-26140.4
-26407.8
-26641.6
-26842.5
-27011.6
-27150
-27258.8
-27339
-27391.9
-27418.1
-664.951
-1994.26
-3316.18
-4621.46
-5904.55
-7160.7
-8386.04
-9577.49
-10732.7
-11849.9
-12927.9
-13965.9
-14963.3
-15919.8
-16835.5
-17710.4
-18544.6
-19338.3
-20092
-20805.9
-21480.4
-22115.8
-22712.4
-23270.8
-23791.2
-24274
-24719.7
-25128.7
-25501.5
-25838.5
-26140.4
-26407.9
-26641.6
-26842.5
-27011.6
-27150
-27258.8
-27339.1
-27391.9
-27418.1
-664.951
-1994.26
-3316.18
-4621.47
-5904.55
-7160.7
-8386.04
-9577.5
-10732.7
-11849.9
-12927.9
-13965.9
-14963.3
-15919.9
-16835.5
-17710.4
-18544.6
-19338.4
-20092
-20805.9
-21480.4
-22115.8
-22712.4
-23270.8
-23791.2
-24274
-24719.7
-25128.7
-25501.5
-25838.5
-26140.4
-26407.9
-26641.6
-26842.6
-27011.7
-27150
-27258.8
-27339.1
-27391.9
-27418.1
-664.951
-1994.26
-3316.18
-4621.47
-5904.56
-7160.71
-8386.04
-9577.5
-10732.7
-11849.9
-12927.9
-13965.9
-14963.3
-15919.9
-16835.5
-17710.4
-18544.6
-19338.4
-20092
-20805.9
-21480.4
-22115.8
-22712.4
-23270.8
-23791.2
-24274
-24719.7
-25128.7
-25501.5
-25838.5
-26140.4
-26407.9
-26641.6
-26842.6
-27011.7
-27150
-27258.8
-27339.1
-27391.9
-27418.1
-664.951
-1994.26
-3316.18
-4621.47
-5904.55
-7160.7
-8386.04
-9577.5
-10732.7
-11849.9
-12927.9
-13965.9
-14963.3
-15919.8
-16835.5
-17710.4
-18544.6
-19338.4
-20092
-20805.9
-21480.4
-22115.8
-22712.4
-23270.8
-23791.2
-24274
-24719.7
-25128.7
-25501.5
-25838.5
-26140.4
-26407.9
-26641.6
-26842.6
-27011.7
-27150
-27258.8
-27339.1
-27391.9
-27418.1
-664.95
-1994.26
-3316.17
-4621.46
-5904.55
-7160.7
-8386.03
-9577.49
-10732.7
-11849.9
-12927.9
-13965.9
-14963.3
-15919.8
-16835.5
-17710.4
-18544.6
-19338.3
-20092
-20805.9
-21480.4
-22115.8
-22712.4
-23270.8
-23791.2
-24274
-24719.7
-25128.7
-25501.5
-25838.5
-26140.4
-26407.9
-26641.6
-26842.5
-27011.7
-27150
-27258.8
-27339.1
-27391.9
-27418.1
-664.949
-1994.26
-3316.17
-4621.46
-5904.54
-7160.69
-8386.02
-9577.47
-10732.7
-11849.9
-12927.9
-13965.9
-14963.3
-15919.8
-16835.5
-17710.3
-18544.5
-19338.3
-20092
-20805.9
-21480.4
-22115.7
-22712.4
-23270.8
-23791.1
-24274
-24719.7
-25128.7
-25501.4
-25838.5
-26140.4
-26407.8
-26641.6
-26842.5
-27011.6
-27150
-27258.8
-27339.1
-27391.9
-27418.1
-664.948
-1994.25
-3316.16
-4621.45
-5904.53
-7160.67
-8386.01
-9577.46
-10732.7
-11849.9
-12927.9
-13965.8
-14963.2
-15919.8
-16835.5
-17710.3
-18544.5
-19338.3
-20092
-20805.9
-21480.3
-22115.7
-22712.4
-23270.7
-23791.1
-24274
-24719.7
-25128.7
-25501.4
-25838.4
-26140.4
-26407.8
-26641.6
-26842.5
-27011.6
-27150
-27258.7
-27339
-27391.9
-27418.1
-664.946
-1994.25
-3316.15
-4621.44
-5904.51
-7160.66
-8385.99
-9577.43
-10732.6
-11849.9
-12927.9
-13965.8
-14963.2
-15919.8
-16835.4
-17710.3
-18544.5
-19338.3
-20091.9
-20805.8
-21480.3
-22115.7
-22712.3
-23270.7
-23791.1
-24273.9
-24719.6
-25128.6
-25501.4
-25838.4
-26140.3
-26407.8
-26641.5
-26842.5
-27011.6
-27149.9
-27258.7
-27339
-27391.8
-27418
-664.944
-1994.24
-3316.14
-4621.42
-5904.49
-7160.63
-8385.96
-9577.4
-10732.6
-11849.8
-12927.8
-13965.8
-14963.2
-15919.7
-16835.4
-17710.2
-18544.4
-19338.2
-20091.9
-20805.8
-21480.2
-22115.6
-22712.3
-23270.6
-23791
-24273.9
-24719.6
-25128.6
-25501.3
-25838.4
-26140.3
-26407.7
-26641.5
-26842.4
-27011.5
-27149.9
-27258.6
-27338.9
-27391.8
-27418
-664.942
-1994.23
-3316.13
-4621.4
-5904.47
-7160.61
-8385.93
-9577.37
-10732.6
-11849.8
-12927.8
-13965.7
-14963.1
-15919.7
-16835.3
-17710.2
-18544.4
-19338.2
-20091.8
-20805.7
-21480.2
-22115.6
-22712.2
-23270.6
-23791
-24273.8
-24719.5
-25128.5
-25501.3
-25838.3
-26140.2
-26407.7
-26641.4
-26842.3
-27011.5
-27149.8
-27258.6
-27338.9
-27391.7
-27417.9
-664.939
-1994.23
-3316.12
-4621.39
-5904.45
-7160.58
-8385.9
-9577.33
-10732.5
-11849.7
-12927.7
-13965.7
-14963.1
-15919.6
-16835.3
-17710.1
-18544.3
-19338.1
-20091.8
-20805.7
-21480.1
-22115.5
-22712.2
-23270.5
-23790.9
-24273.7
-24719.4
-25128.4
-25501.2
-25838.2
-26140.1
-26407.6
-26641.3
-26842.3
-27011.4
-27149.8
-27258.5
-27338.8
-27391.6
-27417.8
-664.936
-1994.22
-3316.1
-4621.36
-5904.42
-7160.55
-8385.86
-9577.29
-10732.5
-11849.7
-12927.7
-13965.6
-14963
-15919.6
-16835.2
-17710.1
-18544.2
-19338
-20091.7
-20805.6
-21480
-22115.4
-22712.1
-23270.4
-23790.8
-24273.7
-24719.4
-25128.4
-25501.1
-25838.2
-26140.1
-26407.5
-26641.3
-26842.2
-27011.3
-27149.7
-27258.4
-27338.7
-27391.6
-27417.8
-664.933
-1994.21
-3316.09
-4621.34
-5904.39
-7160.51
-8385.82
-9577.25
-10732.4
-11849.6
-12927.6
-13965.6
-14962.9
-15919.5
-16835.2
-17710
-18544.2
-19338
-20091.6
-20805.5
-21480
-22115.3
-22712
-23270.4
-23790.8
-24273.6
-24719.3
-25128.3
-25501
-25838.1
-26140
-26407.4
-26641.2
-26842.1
-27011.2
-27149.6
-27258.4
-27338.7
-27391.5
-27417.7
-664.929
-1994.2
-3316.07
-4621.32
-5904.36
-7160.47
-8385.78
-9577.2
-10732.4
-11849.6
-12927.6
-13965.5
-14962.9
-15919.4
-16835.1
-17709.9
-18544.1
-19337.9
-20091.6
-20805.4
-21479.9
-22115.3
-22711.9
-23270.3
-23790.7
-24273.5
-24719.2
-25128.2
-25501
-25838
-26139.9
-26407.4
-26641.1
-26842.1
-27011.2
-27149.5
-27258.3
-27338.6
-27391.4
-27417.6
-664.925
-1994.18
-3316.05
-4621.29
-5904.33
-7160.44
-8385.73
-9577.15
-10732.3
-11849.5
-12927.5
-13965.4
-14962.8
-15919.3
-16835
-17709.8
-18544
-19337.8
-20091.5
-20805.4
-21479.8
-22115.2
-22711.9
-23270.2
-23790.6
-24273.4
-24719.1
-25128.1
-25500.9
-25837.9
-26139.8
-26407.3
-26641
-26842
-27011.1
-27149.4
-27258.2
-27338.5
-27391.3
-27417.5
-664.921
-1994.17
-3316.03
-4621.26
-5904.3
-7160.4
-8385.69
-9577.1
-10732.3
-11849.5
-12927.4
-13965.4
-14962.7
-15919.3
-16834.9
-17709.8
-18544
-19337.7
-20091.4
-20805.3
-21479.7
-22115.1
-22711.8
-23270.1
-23790.5
-24273.4
-24719.1
-25128
-25500.8
-25837.8
-26139.8
-26407.2
-26641
-26841.9
-27011
-27149.4
-27258.1
-27338.4
-27391.3
-27417.5
-664.917
-1994.16
-3316.01
-4621.24
-5904.26
-7160.36
-8385.64
-9577.05
-10732.2
-11849.4
-12927.4
-13965.3
-14962.7
-15919.2
-16834.9
-17709.7
-18543.9
-19337.7
-20091.3
-20805.2
-21479.7
-22115
-22711.7
-23270
-23790.4
-24273.3
-24719
-25128
-25500.7
-25837.8
-26139.7
-26407.1
-26640.9
-26841.8
-27010.9
-27149.3
-27258
-27338.3
-27391.2
-27417.4
-664.914
-1994.15
-3315.99
-4621.21
-5904.23
-7160.32
-8385.6
-9577.01
-10732.2
-11849.4
-12927.3
-13965.2
-14962.6
-15919.1
-16834.8
-17709.6
-18543.8
-19337.6
-20091.3
-20805.1
-21479.6
-22115
-22711.6
-23270
-23790.4
-24273.2
-24718.9
-25127.9
-25500.6
-25837.7
-26139.6
-26407
-26640.8
-26841.7
-27010.8
-27149.2
-27258
-27338.3
-27391.1
-27417.3
-664.91
-1994.14
-3315.98
-4621.19
-5904.21
-7160.29
-8385.57
-9576.96
-10732.1
-11849.3
-12927.3
-13965.2
-14962.6
-15919.1
-16834.7
-17709.6
-18543.8
-19337.5
-20091.2
-20805.1
-21479.5
-22114.9
-22711.6
-23269.9
-23790.3
-24273.1
-24718.8
-25127.8
-25500.6
-25837.6
-26139.5
-26407
-26640.7
-26841.7
-27010.8
-27149.1
-27257.9
-27338.2
-27391
-27417.2
-664.907
-1994.13
-3315.96
-4621.17
-5904.18
-7160.26
-8385.54
-9576.93
-10732.1
-11849.3
-12927.2
-13965.2
-14962.5
-15919
-16834.7
-17709.5
-18543.7
-19337.5
-20091.1
-20805
-21479.5
-22114.8
-22711.5
-23269.9
-23790.2
-24273.1
-24718.8
-25127.8
-25500.5
-25837.6
-26139.5
-26406.9
-26640.7
-26841.6
-27010.7
-27149.1
-27257.9
-27338.2
-27391
-27417.2
-664.904
-1994.12
-3315.95
-4621.16
-5904.17
-7160.25
-8385.52
-9576.91
-10732.1
-11849.2
-12927.2
-13965.1
-14962.5
-15919
-16834.7
-17709.5
-18543.7
-19337.4
-20091.1
-20805
-21479.4
-22114.8
-22711.5
-23269.8
-23790.2
-24273.1
-24718.8
-25127.7
-25500.5
-25837.5
-26139.4
-26406.9
-26640.6
-26841.6
-27010.7
-27149.1
-27257.8
-27338.1
-27390.9
-27417.2
-664.899
-1994.12
-3315.95
-4621.15
-5904.16
-7160.24
-8385.51
-9576.9
-10732.1
-11849.2
-12927.2
-13965.1
-14962.5
-15919
-16834.6
-17709.5
-18543.7
-19337.4
-20091.1
-20805
-21479.4
-22114.8
-22711.5
-23269.8
-23790.2
-24273
-24718.7
-25127.7
-25500.5
-25837.5
-26139.4
-26406.9
-26640.6
-26841.6
-27010.7
-27149
-27257.8
-27338.1
-27390.9
-27417.1
-699.604
-2097.65
-3486.39
-4855.35
-6198.21
-7509.79
-8786.05
-10023.9
-11221.2
-12376.5
-13488.7
-14557.4
-15582.3
-16563.5
-17501.3
-18395.8
-19247.5
-20056.9
-20824.4
-21550.5
-22235.7
-22880.3
-23485
-24050.2
-24576.3
-25063.7
-25512.9
-25924.3
-26298.5
-26636
-26937.5
-27203.6
-27435.1
-27633.2
-27798.9
-27933.6
-28038.7
-28115.7
-28166.1
-28191
-699.61
-2097.66
-3486.4
-4855.36
-6198.22
-7509.81
-8786.07
-10023.9
-11221.3
-12376.5
-13488.7
-14557.4
-15582.3
-16563.6
-17501.3
-18395.8
-19247.6
-20056.9
-20824.4
-21550.5
-22235.7
-22880.4
-23485.1
-24050.2
-24576.3
-25063.7
-25512.9
-25924.3
-26298.5
-26636.1
-26937.5
-27203.6
-27435.2
-27633.2
-27798.9
-27933.6
-28038.7
-28115.7
-28166.1
-28191
-699.613
-2097.67
-3486.41
-4855.38
-6198.24
-7509.83
-8786.09
-10024
-11221.3
-12376.5
-13488.8
-14557.4
-15582.4
-16563.6
-17501.3
-18395.9
-19247.6
-20057
-20824.5
-21550.6
-22235.7
-22880.4
-23485.1
-24050.3
-24576.3
-25063.7
-25512.9
-25924.4
-26298.6
-26636.1
-26937.6
-27203.6
-27435.2
-27633.3
-27799
-27933.6
-28038.7
-28115.8
-28166.2
-28191.1
-699.618
-2097.68
-3486.43
-4855.4
-6198.27
-7509.87
-8786.13
-10024
-11221.3
-12376.6
-13488.8
-14557.5
-15582.4
-16563.7
-17501.4
-18395.9
-19247.7
-20057
-20824.5
-21550.6
-22235.8
-22880.5
-23485.2
-24050.3
-24576.4
-25063.8
-25513
-25924.5
-26298.7
-26636.2
-26937.6
-27203.7
-27435.3
-27633.3
-27799
-27933.7
-28038.8
-28115.9
-28166.2
-28191.1
-699.622
-2097.7
-3486.45
-4855.43
-6198.31
-7509.91
-8786.18
-10024.1
-11221.4
-12376.6
-13488.9
-14557.6
-15582.5
-16563.7
-17501.5
-18396
-19247.7
-20057.1
-20824.6
-21550.7
-22235.9
-22880.6
-23485.3
-24050.4
-24576.5
-25063.9
-25513.1
-25924.5
-26298.7
-26636.3
-26937.7
-27203.8
-27435.4
-27633.4
-27799.1
-27933.8
-28038.9
-28115.9
-28166.3
-28191.2
-699.627
-2097.71
-3486.48
-4855.47
-6198.35
-7509.96
-8786.24
-10024.1
-11221.5
-12376.7
-13488.9
-14557.6
-15582.6
-16563.8
-17501.6
-18396.1
-19247.8
-20057.2
-20824.7
-21550.8
-22236
-22880.7
-23485.4
-24050.5
-24576.6
-25064
-25513.2
-25924.6
-26298.8
-26636.4
-26937.8
-27203.9
-27435.5
-27633.5
-27799.2
-27933.9
-28039
-28116
-28166.4
-28191.3
-699.632
-2097.73
-3486.5
-4855.5
-6198.39
-7510.01
-8786.29
-10024.2
-11221.5
-12376.8
-13489
-14557.7
-15582.7
-16563.9
-17501.6
-18396.2
-19247.9
-20057.3
-20824.8
-21550.9
-22236.1
-22880.8
-23485.5
-24050.6
-24576.7
-25064.1
-25513.3
-25924.7
-26298.9
-26636.5
-26937.9
-27204
-27435.6
-27633.6
-27799.3
-27934
-28039.1
-28116.1
-28166.5
-28191.4
-699.637
-2097.74
-3486.53
-4855.53
-6198.43
-7510.06
-8786.35
-10024.3
-11221.6
-12376.9
-13489.1
-14557.8
-15582.8
-16564
-17501.7
-18396.3
-19248
-20057.4
-20824.9
-21551
-22236.2
-22880.9
-23485.6
-24050.7
-24576.8
-25064.2
-25513.4
-25924.8
-26299.1
-26636.6
-26938
-27204.1
-27435.7
-27633.7
-27799.4
-27934.1
-28039.2
-28116.2
-28166.6
-28191.5
-699.642
-2097.76
-3486.55
-4855.57
-6198.48
-7510.11
-8786.41
-10024.3
-11221.7
-12376.9
-13489.2
-14557.9
-15582.8
-16564.1
-17501.8
-18396.4
-19248.1
-20057.5
-20825
-21551.1
-22236.3
-22881
-23485.7
-24050.8
-24576.9
-25064.3
-25513.5
-25924.9
-26299.2
-26636.7
-26938.1
-27204.2
-27435.8
-27633.8
-27799.5
-27934.2
-28039.3
-28116.3
-28166.7
-28191.6
-699.647
-2097.77
-3486.57
-4855.6
-6198.52
-7510.15
-8786.46
-10024.4
-11221.7
-12377
-13489.3
-14558
-15582.9
-16564.2
-17501.9
-18396.5
-19248.2
-20057.6
-20825.1
-21551.2
-22236.4
-22881.1
-23485.8
-24050.9
-24577
-25064.4
-25513.6
-25925.1
-26299.3
-26636.8
-26938.2
-27204.3
-27435.9
-27633.9
-27799.6
-27934.3
-28039.4
-28116.4
-28166.8
-28191.7
-699.651
-2097.78
-3486.59
-4855.63
-6198.55
-7510.2
-8786.51
-10024.4
-11221.8
-12377.1
-13489.3
-14558
-15583
-16564.3
-17502
-18396.5
-19248.3
-20057.7
-20825.2
-21551.3
-22236.5
-22881.2
-23485.9
-24051
-24577.1
-25064.5
-25513.7
-25925.1
-26299.4
-26636.9
-26938.3
-27204.4
-27436
-27634
-27799.7
-27934.4
-28039.5
-28116.5
-28166.9
-28191.8
-699.655
-2097.79
-3486.61
-4855.65
-6198.59
-7510.24
-8786.56
-10024.5
-11221.9
-12377.1
-13489.4
-14558.1
-15583.1
-16564.3
-17502.1
-18396.6
-19248.4
-20057.8
-20825.3
-21551.4
-22236.6
-22881.3
-23486
-24051.1
-24577.2
-25064.6
-25513.8
-25925.2
-26299.5
-26637
-26938.4
-27204.5
-27436.1
-27634.1
-27799.8
-27934.5
-28039.6
-28116.6
-28167
-28191.9
-699.658
-2097.8
-3486.63
-4855.68
-6198.62
-7510.28
-8786.6
-10024.5
-11221.9
-12377.2
-13489.5
-14558.2
-15583.1
-16564.4
-17502.2
-18396.7
-19248.5
-20057.9
-20825.4
-21551.5
-22236.6
-22881.3
-23486
-24051.2
-24577.3
-25064.7
-25513.9
-25925.3
-26299.5
-26637.1
-26938.5
-27204.6
-27436.1
-27634.2
-27799.9
-27934.6
-28039.7
-28116.7
-28167.1
-28192
-699.661
-2097.81
-3486.65
-4855.7
-6198.64
-7510.31
-8786.64
-10024.6
-11222
-12377.2
-13489.5
-14558.2
-15583.2
-16564.5
-17502.2
-18396.8
-19248.5
-20057.9
-20825.4
-21551.5
-22236.7
-22881.4
-23486.1
-24051.3
-24577.3
-25064.8
-25513.9
-25925.4
-26299.6
-26637.1
-26938.6
-27204.7
-27436.2
-27634.3
-27800
-27934.6
-28039.7
-28116.8
-28167.2
-28192.1
-699.664
-2097.82
-3486.66
-4855.72
-6198.67
-7510.34
-8786.67
-10024.6
-11222
-12377.3
-13489.6
-14558.3
-15583.3
-16564.5
-17502.3
-18396.8
-19248.6
-20058
-20825.5
-21551.6
-22236.8
-22881.5
-23486.2
-24051.4
-24577.4
-25064.8
-25514
-25925.5
-26299.7
-26637.2
-26938.6
-27204.7
-27436.3
-27634.3
-27800
-27934.7
-28039.8
-28116.9
-28167.2
-28192.1
-699.666
-2097.83
-3486.67
-4855.73
-6198.69
-7510.36
-8786.7
-10024.7
-11222
-12377.3
-13489.6
-14558.3
-15583.3
-16564.6
-17502.3
-18396.9
-19248.6
-20058
-20825.6
-21551.7
-22236.8
-22881.5
-23486.2
-24051.4
-24577.5
-25064.9
-25514.1
-25925.5
-26299.7
-26637.3
-26938.7
-27204.8
-27436.3
-27634.4
-27800.1
-27934.8
-28039.9
-28116.9
-28167.3
-28192.2
-699.668
-2097.83
-3486.68
-4855.75
-6198.7
-7510.38
-8786.72
-10024.7
-11222.1
-12377.4
-13489.6
-14558.4
-15583.3
-16564.6
-17502.4
-18396.9
-19248.7
-20058.1
-20825.6
-21551.7
-22236.9
-22881.6
-23486.3
-24051.5
-24577.5
-25064.9
-25514.1
-25925.6
-26299.8
-26637.3
-26938.7
-27204.8
-27436.4
-27634.4
-27800.1
-27934.8
-28039.9
-28117
-28167.4
-28192.2
-699.67
-2097.84
-3486.69
-4855.76
-6198.72
-7510.39
-8786.74
-10024.7
-11222.1
-12377.4
-13489.7
-14558.4
-15583.4
-16564.6
-17502.4
-18396.9
-19248.7
-20058.1
-20825.6
-21551.7
-22236.9
-22881.6
-23486.3
-24051.5
-24577.6
-25065
-25514.2
-25925.6
-26299.8
-26637.3
-26938.8
-27204.9
-27436.4
-27634.5
-27800.2
-27934.8
-28040
-28117
-28167.4
-28192.3
-699.671
-2097.84
-3486.69
-4855.76
-6198.72
-7510.4
-8786.75
-10024.7
-11222.1
-12377.4
-13489.7
-14558.4
-15583.4
-16564.7
-17502.4
-18397
-19248.7
-20058.1
-20825.7
-21551.8
-22236.9
-22881.6
-23486.3
-24051.5
-24577.6
-25065
-25514.2
-25925.6
-26299.9
-26637.4
-26938.8
-27204.9
-27436.5
-27634.5
-27800.2
-27934.9
-28040
-28117
-28167.4
-28192.3
-699.671
-2097.84
-3486.69
-4855.77
-6198.73
-7510.41
-8786.76
-10024.7
-11222.1
-12377.4
-13489.7
-14558.4
-15583.4
-16564.7
-17502.4
-18397
-19248.7
-20058.2
-20825.7
-21551.8
-22236.9
-22881.7
-23486.4
-24051.5
-24577.6
-25065
-25514.2
-25925.7
-26299.9
-26637.4
-26938.8
-27204.9
-27436.5
-27634.5
-27800.2
-27934.9
-28040
-28117
-28167.4
-28192.3
-699.671
-2097.84
-3486.7
-4855.77
-6198.73
-7510.41
-8786.76
-10024.7
-11222.1
-12377.4
-13489.7
-14558.4
-15583.4
-16564.7
-17502.4
-18397
-19248.8
-20058.2
-20825.7
-21551.8
-22236.9
-22881.7
-23486.4
-24051.5
-24577.6
-25065
-25514.2
-25925.7
-26299.9
-26637.4
-26938.8
-27204.9
-27436.5
-27634.5
-27800.2
-27934.9
-28040
-28117.1
-28167.4
-28192.3
-699.671
-2097.84
-3486.69
-4855.77
-6198.73
-7510.41
-8786.75
-10024.7
-11222.1
-12377.4
-13489.7
-14558.4
-15583.4
-16564.7
-17502.4
-18397
-19248.7
-20058.1
-20825.7
-21551.8
-22236.9
-22881.7
-23486.4
-24051.5
-24577.6
-25065
-25514.2
-25925.7
-26299.9
-26637.4
-26938.8
-27204.9
-27436.5
-27634.5
-27800.2
-27934.9
-28040
-28117
-28167.4
-28192.3
-699.67
-2097.84
-3486.69
-4855.76
-6198.72
-7510.4
-8786.75
-10024.7
-11222.1
-12377.4
-13489.7
-14558.4
-15583.4
-16564.7
-17502.4
-18397
-19248.7
-20058.1
-20825.7
-21551.8
-22236.9
-22881.6
-23486.3
-24051.5
-24577.6
-25065
-25514.2
-25925.6
-26299.9
-26637.4
-26938.8
-27204.9
-27436.5
-27634.5
-27800.2
-27934.9
-28040
-28117
-28167.4
-28192.3
-699.669
-2097.84
-3486.68
-4855.75
-6198.71
-7510.39
-8786.73
-10024.7
-11222.1
-12377.4
-13489.7
-14558.4
-15583.4
-16564.6
-17502.4
-18396.9
-19248.7
-20058.1
-20825.6
-21551.7
-22236.9
-22881.6
-23486.3
-24051.5
-24577.6
-25065
-25514.2
-25925.6
-26299.8
-26637.3
-26938.8
-27204.9
-27436.4
-27634.5
-27800.2
-27934.9
-28040
-28117
-28167.4
-28192.3
-699.668
-2097.83
-3486.68
-4855.74
-6198.7
-7510.37
-8786.71
-10024.7
-11222.1
-12377.4
-13489.6
-14558.4
-15583.3
-16564.6
-17502.4
-18396.9
-19248.7
-20058.1
-20825.6
-21551.7
-22236.9
-22881.6
-23486.3
-24051.5
-24577.5
-25064.9
-25514.1
-25925.6
-26299.8
-26637.3
-26938.8
-27204.8
-27436.4
-27634.4
-27800.1
-27934.8
-28039.9
-28117
-28167.4
-28192.2
-699.666
-2097.83
-3486.67
-4855.73
-6198.68
-7510.35
-8786.69
-10024.6
-11222
-12377.3
-13489.6
-14558.3
-15583.3
-16564.6
-17502.3
-18396.9
-19248.6
-20058
-20825.5
-21551.7
-22236.8
-22881.5
-23486.2
-24051.4
-24577.5
-25064.9
-25514.1
-25925.5
-26299.7
-26637.3
-26938.7
-27204.8
-27436.4
-27634.4
-27800.1
-27934.8
-28039.9
-28116.9
-28167.3
-28192.2
-699.663
-2097.82
-3486.66
-4855.71
-6198.66
-7510.33
-8786.66
-10024.6
-11222
-12377.3
-13489.5
-14558.3
-15583.2
-16564.5
-17502.3
-18396.8
-19248.6
-20058
-20825.5
-21551.6
-22236.8
-22881.5
-23486.2
-24051.4
-24577.4
-25064.8
-25514
-25925.5
-26299.7
-26637.2
-26938.6
-27204.7
-27436.3
-27634.3
-27800
-27934.7
-28039.8
-28116.9
-28167.3
-28192.1
-699.661
-2097.81
-3486.64
-4855.69
-6198.63
-7510.3
-8786.63
-10024.6
-11221.9
-12377.2
-13489.5
-14558.2
-15583.2
-16564.5
-17502.2
-18396.8
-19248.5
-20057.9
-20825.4
-21551.5
-22236.7
-22881.4
-23486.1
-24051.3
-24577.3
-25064.8
-25514
-25925.4
-26299.6
-26637.1
-26938.6
-27204.7
-27436.2
-27634.3
-27800
-27934.6
-28039.8
-28116.8
-28167.2
-28192.1
-699.657
-2097.8
-3486.62
-4855.67
-6198.61
-7510.26
-8786.59
-10024.5
-11221.9
-12377.2
-13489.4
-14558.2
-15583.1
-16564.4
-17502.1
-18396.7
-19248.4
-20057.8
-20825.4
-21551.5
-22236.6
-22881.3
-23486
-24051.2
-24577.3
-25064.7
-25513.9
-25925.3
-26299.5
-26637.1
-26938.5
-27204.6
-27436.2
-27634.2
-27799.9
-27934.6
-28039.7
-28116.7
-28167.1
-28192
-699.654
-2097.79
-3486.61
-4855.64
-6198.57
-7510.23
-8786.54
-10024.5
-11221.8
-12377.1
-13489.4
-14558.1
-15583.1
-16564.3
-17502.1
-18396.6
-19248.4
-20057.8
-20825.3
-21551.4
-22236.5
-22881.3
-23486
-24051.1
-24577.2
-25064.6
-25513.8
-25925.3
-26299.5
-26637
-26938.4
-27204.5
-27436.1
-27634.1
-27799.8
-27934.5
-28039.6
-28116.7
-28167
-28191.9
-699.649
-2097.78
-3486.59
-4855.62
-6198.54
-7510.18
-8786.5
-10024.4
-11221.8
-12377.1
-13489.3
-14558
-15583
-16564.2
-17502
-18396.5
-19248.3
-20057.7
-20825.2
-21551.3
-22236.5
-22881.2
-23485.9
-24051
-24577.1
-25064.5
-25513.7
-25925.2
-26299.4
-26636.9
-26938.3
-27204.4
-27436
-27634
-27799.7
-27934.4
-28039.5
-28116.6
-28167
-28191.8
-699.645
-2097.76
-3486.56
-4855.59
-6198.5
-7510.14
-8786.45
-10024.4
-11221.7
-12377
-13489.2
-14558
-15582.9
-16564.2
-17501.9
-18396.5
-19248.2
-20057.6
-20825.1
-21551.2
-22236.4
-22881.1
-23485.8
-24050.9
-24577
-25064.4
-25513.6
-25925.1
-26299.3
-26636.8
-26938.2
-27204.3
-27435.9
-27633.9
-27799.6
-27934.3
-28039.4
-28116.5
-28166.9
-28191.7
-699.64
-2097.75
-3486.54
-4855.55
-6198.46
-7510.09
-8786.39
-10024.3
-11221.7
-12376.9
-13489.2
-14557.9
-15582.8
-16564.1
-17501.8
-18396.4
-19248.1
-20057.5
-20825
-21551.1
-22236.3
-22881
-23485.7
-24050.8
-24576.9
-25064.3
-25513.5
-25925
-26299.2
-26636.7
-26938.1
-27204.2
-27435.8
-27633.8
-27799.5
-27934.2
-28039.3
-28116.4
-28166.8
-28191.6
-699.635
-2097.74
-3486.52
-4855.52
-6198.42
-7510.04
-8786.34
-10024.2
-11221.6
-12376.9
-13489.1
-14557.8
-15582.7
-16564
-17501.7
-18396.3
-19248
-20057.4
-20824.9
-21551
-22236.2
-22880.9
-23485.6
-24050.7
-24576.8
-25064.2
-25513.4
-25924.9
-26299.1
-26636.6
-26938
-27204.1
-27435.7
-27633.7
-27799.4
-27934.1
-28039.2
-28116.3
-28166.7
-28191.5
-699.631
-2097.72
-3486.49
-4855.49
-6198.38
-7510
-8786.28
-10024.2
-11221.5
-12376.8
-13489
-14557.7
-15582.7
-16563.9
-17501.6
-18396.2
-19247.9
-20057.3
-20824.8
-21550.9
-22236.1
-22880.8
-23485.5
-24050.7
-24576.7
-25064.1
-25513.3
-25924.8
-26299
-26636.5
-26937.9
-27204
-27435.6
-27633.6
-27799.3
-27934
-28039.1
-28116.2
-28166.6
-28191.4
-699.626
-2097.71
-3486.47
-4855.46
-6198.34
-7509.95
-8786.23
-10024.1
-11221.5
-12376.7
-13488.9
-14557.6
-15582.6
-16563.8
-17501.6
-18396.1
-19247.8
-20057.2
-20824.7
-21550.8
-22236
-22880.7
-23485.4
-24050.6
-24576.6
-25064
-25513.2
-25924.7
-26298.9
-26636.4
-26937.9
-27203.9
-27435.5
-27633.6
-27799.3
-27933.9
-28039
-28116.1
-28166.5
-28191.4
-699.622
-2097.69
-3486.45
-4855.43
-6198.31
-7509.91
-8786.18
-10024.1
-11221.4
-12376.7
-13488.9
-14557.6
-15582.5
-16563.8
-17501.5
-18396
-19247.8
-20057.2
-20824.7
-21550.8
-22235.9
-22880.6
-23485.3
-24050.5
-24576.5
-25063.9
-25513.1
-25924.6
-26298.8
-26636.3
-26937.8
-27203.9
-27435.4
-27633.5
-27799.2
-27933.8
-28039
-28116
-28166.4
-28191.3
-699.618
-2097.68
-3486.43
-4855.41
-6198.28
-7509.88
-8786.14
-10024
-11221.4
-12376.6
-13488.8
-14557.5
-15582.5
-16563.7
-17501.4
-18396
-19247.7
-20057.1
-20824.6
-21550.7
-22235.9
-22880.6
-23485.3
-24050.4
-24576.5
-25063.9
-25513.1
-25924.5
-26298.8
-26636.3
-26937.7
-27203.8
-27435.4
-27633.4
-27799.1
-27933.8
-28038.9
-28115.9
-28166.3
-28191.2
-699.614
-2097.67
-3486.42
-4855.39
-6198.26
-7509.85
-8786.12
-10024
-11221.3
-12376.6
-13488.8
-14557.5
-15582.4
-16563.7
-17501.4
-18395.9
-19247.7
-20057.1
-20824.6
-21550.6
-22235.8
-22880.5
-23485.2
-24050.4
-24576.4
-25063.8
-25513
-25924.5
-26298.7
-26636.2
-26937.7
-27203.8
-27435.3
-27633.4
-27799.1
-27933.7
-28038.8
-28115.9
-28166.3
-28191.2
-699.609
-2097.67
-3486.41
-4855.38
-6198.25
-7509.84
-8786.1
-10024
-11221.3
-12376.6
-13488.8
-14557.5
-15582.4
-16563.6
-17501.4
-18395.9
-19247.6
-20057
-20824.5
-21550.6
-22235.8
-22880.5
-23485.2
-24050.4
-24576.4
-25063.8
-25513
-25924.5
-26298.7
-26636.2
-26937.6
-27203.7
-27435.3
-27633.3
-27799
-27933.7
-28038.8
-28115.9
-28166.3
-28191.1
-738.537
-2213.58
-3676.62
-5115.67
-6523.56
-7894.71
-9225.01
-10511.6
-11752.5
-12946.8
-14093.8
-15193.5
-16245.9
-17251.7
-18211.2
-19125
-19993.9
-20818.4
-21599.2
-22337.1
-23032.5
-23686
-24298.3
-24869.8
-25401.1
-25892.6
-26344.9
-26758.3
-27133.4
-27470.8
-27771
-28034.9
-28263.3
-28457.3
-28618.2
-28747.8
-28847.7
-28920.1
-28967
-28989.9
-738.544
-2213.59
-3676.63
-5115.68
-6523.57
-7894.72
-9225.03
-10511.6
-11752.6
-12946.8
-14093.8
-15193.5
-16246
-17251.7
-18211.2
-19125
-19993.9
-20818.4
-21599.3
-22337.1
-23032.5
-23686
-24298.3
-24869.9
-25401.1
-25892.7
-26344.9
-26758.3
-27133.4
-27470.8
-27771.1
-28034.9
-28263.3
-28457.3
-28618.3
-28747.8
-28847.8
-28920.2
-28967
-28990
-738.548
-2213.6
-3676.65
-5115.71
-6523.6
-7894.76
-9225.06
-10511.6
-11752.6
-12946.9
-14093.9
-15193.5
-16246
-17251.8
-18211.2
-19125.1
-19993.9
-20818.5
-21599.3
-22337.1
-23032.5
-23686.1
-24298.4
-24869.9
-25401.2
-25892.7
-26344.9
-26758.4
-27133.5
-27470.9
-27771.1
-28035
-28263.4
-28457.4
-28618.3
-28747.9
-28847.8
-28920.2
-28967.1
-28990
-738.554
-2213.62
-3676.68
-5115.74
-6523.64
-7894.8
-9225.12
-10511.7
-11752.7
-12946.9
-14093.9
-15193.6
-16246.1
-17251.8
-18211.3
-19125.2
-19994
-20818.5
-21599.4
-22337.2
-23032.6
-23686.2
-24298.5
-24870
-25401.3
-25892.8
-26345
-26758.5
-27133.6
-27471
-27771.2
-28035.1
-28263.5
-28457.5
-28618.4
-28747.9
-28847.9
-28920.3
-28967.1
-28990.1
-738.56
-2213.64
-3676.7
-5115.78
-6523.69
-7894.86
-9225.18
-10511.8
-11752.7
-12947
-14094
-15193.7
-16246.2
-17251.9
-18211.4
-19125.3
-19994.1
-20818.6
-21599.5
-22337.3
-23032.7
-23686.3
-24298.6
-24870.1
-25401.4
-25892.9
-26345.1
-26758.6
-27133.7
-27471.1
-27771.3
-28035.2
-28263.6
-28457.6
-28618.5
-28748
-28848
-28920.4
-28967.2
-28990.2
-738.566
-2213.66
-3676.73
-5115.82
-6523.74
-7894.92
-9225.25
-10511.8
-11752.8
-12947.1
-14094.1
-15193.8
-16246.3
-17252
-18211.5
-19125.4
-19994.2
-20818.8
-21599.6
-22337.4
-23032.8
-23686.4
-24298.7
-24870.2
-25401.5
-25893
-26345.3
-26758.7
-27133.8
-27471.2
-27771.4
-28035.3
-28263.7
-28457.7
-28618.6
-28748.2
-28848.1
-28920.5
-28967.4
-28990.3
-738.572
-2213.67
-3676.77
-5115.86
-6523.79
-7894.98
-9225.32
-10511.9
-11752.9
-12947.2
-14094.2
-15193.9
-16246.4
-17252.1
-18211.6
-19125.5
-19994.3
-20818.9
-21599.7
-22337.6
-23033
-23686.5
-24298.8
-24870.4
-25401.6
-25893.1
-26345.4
-26758.8
-27133.9
-27471.3
-27771.6
-28035.4
-28263.8
-28457.8
-28618.8
-28748.3
-28848.2
-28920.6
-28967.5
-28990.4
-738.579
-2213.69
-3676.8
-5115.9
-6523.85
-7895.05
-9225.39
-10512
-11753
-12947.3
-14094.3
-15194
-16246.5
-17252.2
-18211.7
-19125.6
-19994.5
-20819
-21599.9
-22337.7
-23033.1
-23686.7
-24298.9
-24870.5
-25401.8
-25893.3
-26345.5
-26758.9
-27134
-27471.4
-27771.7
-28035.5
-28263.9
-28457.9
-28618.9
-28748.4
-28848.4
-28920.8
-28967.6
-28990.6
-738.585
-2213.71
-3676.83
-5115.95
-6523.9
-7895.11
-9225.46
-10512.1
-11753.1
-12947.4
-14094.4
-15194.1
-16246.6
-17252.3
-18211.8
-19125.7
-19994.6
-20819.1
-21600
-22337.8
-23033.2
-23686.8
-24299.1
-24870.6
-25401.9
-25893.4
-26345.6
-26759.1
-27134.2
-27471.5
-27771.8
-28035.7
-28264.1
-28458.1
-28619
-28748.5
-28848.5
-28920.9
-28967.7
-28990.7
-738.59
-2213.73
-3676.85
-5115.98
-6523.94
-7895.16
-9225.52
-10512.2
-11753.2
-12947.5
-14094.5
-15194.2
-16246.7
-17252.4
-18212
-19125.8
-19994.7
-20819.2
-21600.1
-22337.9
-23033.3
-23686.9
-24299.2
-24870.7
-25402
-25893.5
-26345.7
-26759.2
-27134.3
-27471.7
-27771.9
-28035.8
-28264.2
-28458.2
-28619.1
-28748.6
-28848.6
-28921
-28967.8
-28990.8
-738.595
-2213.74
-3676.88
-5116.02
-6523.99
-7895.21
-9225.58
-10512.2
-11753.2
-12947.5
-14094.6
-15194.3
-16246.8
-17252.5
-18212
-19125.9
-19994.8
-20819.3
-21600.2
-22338
-23033.4
-23687
-24299.3
-24870.8
-25402.1
-25893.6
-26345.9
-26759.3
-27134.4
-27471.8
-27772
-28035.9
-28264.3
-28458.3
-28619.2
-28748.8
-28848.7
-28921.1
-28968
-28990.9
-738.6
-2213.76
-3676.9
-5116.05
-6524.03
-7895.26
-9225.64
-10512.3
-11753.3
-12947.6
-14094.7
-15194.4
-16246.9
-17252.6
-18212.1
-19126
-19994.9
-20819.4
-21600.3
-22338.1
-23033.5
-23687.1
-24299.4
-24870.9
-25402.2
-25893.7
-26346
-26759.4
-27134.5
-27471.9
-27772.1
-28036
-28264.4
-28458.4
-28619.3
-28748.9
-28848.8
-28921.2
-28968.1
-28991
-738.604
-2213.77
-3676.92
-5116.08
-6524.06
-7895.3
-9225.69
-10512.3
-11753.4
-12947.7
-14094.7
-15194.4
-16247
-17252.7
-18212.2
-19126.1
-19995
-20819.5
-21600.4
-22338.2
-23033.6
-23687.2
-24299.5
-24871
-25402.3
-25893.8
-26346.1
-26759.5
-27134.6
-27472
-27772.2
-28036.1
-28264.5
-28458.5
-28619.4
-28749
-28848.9
-28921.3
-28968.2
-28991.1
-738.608
-2213.78
-3676.94
-5116.1
-6524.09
-7895.34
-9225.73
-10512.4
-11753.4
-12947.7
-14094.8
-15194.5
-16247
-17252.8
-18212.3
-19126.2
-19995
-20819.6
-21600.5
-22338.3
-23033.7
-23687.3
-24299.6
-24871.1
-25402.4
-25893.9
-26346.1
-26759.6
-27134.7
-27472.1
-27772.3
-28036.2
-28264.6
-28458.6
-28619.5
-28749
-28849
-28921.4
-28968.2
-28991.2
-738.611
-2213.79
-3676.95
-5116.12
-6524.12
-7895.37
-9225.76
-10512.4
-11753.5
-12947.8
-14094.8
-15194.5
-16247.1
-17252.8
-18212.4
-19126.2
-19995.1
-20819.7
-21600.5
-22338.4
-23033.8
-23687.4
-24299.6
-24871.2
-25402.5
-25894
-26346.2
-26759.6
-27134.8
-27472.1
-27772.4
-28036.3
-28264.7
-28458.6
-28619.6
-28749.1
-28849.1
-28921.5
-28968.3
-28991.3
-738.613
-2213.8
-3676.97
-5116.14
-6524.14
-7895.4
-9225.8
-10512.5
-11753.5
-12947.8
-14094.9
-15194.6
-16247.1
-17252.9
-18212.4
-19126.3
-19995.2
-20819.7
-21600.6
-22338.4
-23033.8
-23687.4
-24299.7
-24871.2
-25402.5
-25894.1
-26346.3
-26759.7
-27134.8
-27472.2
-27772.5
-28036.3
-28264.7
-28458.7
-28619.7
-28749.2
-28849.1
-28921.5
-28968.4
-28991.3
-738.615
-2213.8
-3676.98
-5116.15
-6524.16
-7895.42
-9225.82
-10512.5
-11753.5
-12947.9
-14094.9
-15194.6
-16247.2
-17252.9
-18212.5
-19126.3
-19995.2
-20819.8
-21600.6
-22338.5
-23033.9
-23687.5
-24299.8
-24871.3
-25402.6
-25894.1
-26346.3
-26759.8
-27134.9
-27472.3
-27772.5
-28036.4
-28264.8
-28458.8
-28619.7
-28749.2
-28849.2
-28921.6
-28968.4
-28991.4
-738.617
-2213.81
-3676.98
-5116.16
-6524.17
-7895.43
-9225.84
-10512.5
-11753.6
-12947.9
-14094.9
-15194.7
-16247.2
-17253
-18212.5
-19126.4
-19995.2
-20819.8
-21600.7
-22338.5
-23033.9
-23687.5
-24299.8
-24871.3
-25402.6
-25894.1
-26346.4
-26759.8
-27134.9
-27472.3
-27772.6
-28036.4
-28264.8
-28458.8
-28619.8
-28749.3
-28849.2
-28921.6
-28968.5
-28991.4
-738.618
-2213.81
-3676.99
-5116.17
-6524.18
-7895.45
-9225.85
-10512.5
-11753.6
-12947.9
-14095
-15194.7
-16247.2
-17253
-18212.5
-19126.4
-19995.3
-20819.8
-21600.7
-22338.5
-23034
-23687.5
-24299.8
-24871.4
-25402.7
-25894.2
-26346.4
-26759.8
-27135
-27472.3
-27772.6
-28036.5
-28264.8
-28458.8
-28619.8
-28749.3
-28849.3
-28921.7
-28968.5
-28991.5
-738.618
-2213.81
-3676.99
-5116.18
-6524.19
-7895.45
-9225.86
-10512.5
-11753.6
-12947.9
-14095
-15194.7
-16247.2
-17253
-18212.5
-19126.4
-19995.3
-20819.8
-21600.7
-22338.6
-23034
-23687.5
-24299.8
-24871.4
-25402.7
-25894.2
-26346.4
-26759.8
-27135
-27472.3
-27772.6
-28036.5
-28264.9
-28458.9
-28619.8
-28749.3
-28849.3
-28921.7
-28968.5
-28991.5
-738.619
-2213.81
-3676.99
-5116.18
-6524.19
-7895.45
-9225.86
-10512.5
-11753.6
-12947.9
-14095
-15194.7
-16247.2
-17253
-18212.5
-19126.4
-19995.3
-20819.8
-21600.7
-22338.6
-23034
-23687.6
-24299.8
-24871.4
-25402.7
-25894.2
-26346.4
-26759.9
-27135
-27472.4
-27772.6
-28036.5
-28264.9
-28458.9
-28619.8
-28749.3
-28849.3
-28921.7
-28968.5
-28991.5
-738.618
-2213.81
-3676.99
-5116.17
-6524.19
-7895.45
-9225.86
-10512.5
-11753.6
-12947.9
-14095
-15194.7
-16247.2
-17253
-18212.5
-19126.4
-19995.3
-20819.8
-21600.7
-22338.6
-23034
-23687.5
-24299.8
-24871.4
-25402.7
-25894.2
-26346.4
-26759.8
-27135
-27472.3
-27772.6
-28036.5
-28264.9
-28458.9
-28619.8
-28749.3
-28849.3
-28921.7
-28968.5
-28991.5
-738.618
-2213.81
-3676.99
-5116.17
-6524.18
-7895.44
-9225.85
-10512.5
-11753.6
-12947.9
-14095
-15194.7
-16247.2
-17253
-18212.5
-19126.4
-19995.3
-20819.8
-21600.7
-22338.5
-23034
-23687.5
-24299.8
-24871.4
-25402.7
-25894.2
-26346.4
-26759.8
-27135
-27472.3
-27772.6
-28036.5
-28264.8
-28458.8
-28619.8
-28749.3
-28849.3
-28921.7
-28968.5
-28991.5
-738.616
-2213.81
-3676.98
-5116.16
-6524.17
-7895.43
-9225.83
-10512.5
-11753.5
-12947.9
-14094.9
-15194.7
-16247.2
-17253
-18212.5
-19126.4
-19995.2
-20819.8
-21600.7
-22338.5
-23033.9
-23687.5
-24299.8
-24871.3
-25402.6
-25894.1
-26346.4
-26759.8
-27134.9
-27472.3
-27772.6
-28036.4
-28264.8
-28458.8
-28619.8
-28749.3
-28849.2
-28921.6
-28968.5
-28991.4
-738.614
-2213.8
-3676.97
-5116.15
-6524.15
-7895.41
-9225.81
-10512.5
-11753.5
-12947.8
-14094.9
-15194.6
-16247.2
-17252.9
-18212.4
-19126.3
-19995.2
-20819.8
-21600.6
-22338.5
-23033.9
-23687.5
-24299.8
-24871.3
-25402.6
-25894.1
-26346.3
-26759.8
-27134.9
-27472.3
-27772.5
-28036.4
-28264.8
-28458.8
-28619.7
-28749.2
-28849.2
-28921.6
-28968.4
-28991.4
-738.612
-2213.79
-3676.96
-5116.13
-6524.13
-7895.39
-9225.78
-10512.4
-11753.5
-12947.8
-14094.9
-15194.6
-16247.1
-17252.9
-18212.4
-19126.3
-19995.2
-20819.7
-21600.6
-22338.4
-23033.8
-23687.4
-24299.7
-24871.2
-25402.5
-25894.1
-26346.3
-26759.7
-27134.8
-27472.2
-27772.5
-28036.3
-28264.7
-28458.7
-28619.7
-28749.2
-28849.1
-28921.5
-28968.4
-28991.3
-738.609
-2213.79
-3676.95
-5116.11
-6524.11
-7895.36
-9225.75
-10512.4
-11753.4
-12947.8
-14094.8
-15194.5
-16247.1
-17252.8
-18212.3
-19126.2
-19995.1
-20819.6
-21600.5
-22338.4
-23033.8
-23687.3
-24299.6
-24871.2
-25402.5
-25894
-26346.2
-26759.6
-27134.8
-27472.1
-27772.4
-28036.3
-28264.7
-28458.7
-28619.6
-28749.1
-28849.1
-28921.5
-28968.3
-28991.3
-738.606
-2213.78
-3676.93
-5116.09
-6524.08
-7895.32
-9225.71
-10512.4
-11753.4
-12947.7
-14094.8
-15194.5
-16247
-17252.8
-18212.3
-19126.1
-19995
-20819.6
-21600.4
-22338.3
-23033.7
-23687.3
-24299.6
-24871.1
-25402.4
-25893.9
-26346.1
-26759.6
-27134.7
-27472.1
-27772.3
-28036.2
-28264.6
-28458.6
-28619.5
-28749
-28849
-28921.4
-28968.2
-28991.2
-738.602
-2213.76
-3676.91
-5116.06
-6524.05
-7895.28
-9225.67
-10512.3
-11753.3
-12947.6
-14094.7
-15194.4
-16246.9
-17252.7
-18212.2
-19126.1
-19994.9
-20819.5
-21600.4
-22338.2
-23033.6
-23687.2
-24299.5
-24871
-25402.3
-25893.8
-26346.1
-26759.5
-27134.6
-27472
-27772.2
-28036.1
-28264.5
-28458.5
-28619.4
-28749
-28848.9
-28921.3
-28968.2
-28991.1
-738.598
-2213.75
-3676.89
-5116.03
-6524.01
-7895.24
-9225.61
-10512.3
-11753.3
-12947.6
-14094.6
-15194.3
-16246.9
-17252.6
-18212.1
-19126
-19994.9
-20819.4
-21600.3
-22338.1
-23033.5
-23687.1
-24299.4
-24870.9
-25402.2
-25893.7
-26346
-26759.4
-27134.5
-27471.9
-27772.1
-28036
-28264.4
-28458.4
-28619.3
-28748.9
-28848.8
-28921.2
-28968.1
-28991
-738.593
-2213.74
-3676.87
-5116
-6523.97
-7895.19
-9225.56
-10512.2
-11753.2
-12947.5
-14094.6
-15194.2
-16246.8
-17252.5
-18212
-19125.9
-19994.8
-20819.3
-21600.2
-22338
-23033.4
-23687
-24299.3
-24870.8
-25402.1
-25893.6
-26345.9
-26759.3
-27134.4
-27471.8
-27772
-28035.9
-28264.3
-28458.3
-28619.2
-28748.8
-28848.7
-28921.1
-28968
-28990.9
-738.588
-2213.72
-3676.84
-5115.97
-6523.92
-7895.14
-9225.5
-10512.1
-11753.1
-12947.4
-14094.5
-15194.2
-16246.7
-17252.4
-18211.9
-19125.8
-19994.7
-20819.2
-21600.1
-22337.9
-23033.3
-23686.9
-24299.2
-24870.7
-25402
-25893.5
-26345.7
-26759.2
-27134.3
-27471.7
-27771.9
-28035.8
-28264.2
-28458.2
-28619.1
-28748.7
-28848.6
-28921
-28967.9
-28990.8
-738.582
-2213.7
-3676.81
-5115.93
-6523.87
-7895.08
-9225.43
-10512
-11753.1
-12947.3
-14094.4
-15194.1
-16246.6
-17252.3
-18211.8
-19125.7
-19994.6
-20819.1
-21600
-22337.8
-23033.2
-23686.8
-24299.1
-24870.6
-25401.9
-25893.4
-26345.6
-26759.1
-27134.2
-27471.6
-27771.8
-28035.7
-28264.1
-28458.1
-28619
-28748.5
-28848.5
-28920.9
-28967.7
-28990.7
-738.576
-2213.69
-3676.78
-5115.89
-6523.82
-7895.02
-9225.36
-10512
-11753
-12947.3
-14094.3
-15194
-16246.5
-17252.2
-18211.7
-19125.6
-19994.4
-20819
-21599.8
-22337.7
-23033.1
-23686.6
-24298.9
-24870.5
-25401.8
-25893.3
-26345.5
-26758.9
-27134.1
-27471.4
-27771.7
-28035.6
-28264
-28457.9
-28618.9
-28748.4
-28848.4
-28920.8
-28967.6
-28990.6
-738.57
-2213.67
-3676.75
-5115.85
-6523.77
-7894.96
-9225.29
-10511.9
-11752.9
-12947.2
-14094.2
-15193.9
-16246.4
-17252.1
-18211.6
-19125.5
-19994.3
-20818.9
-21599.7
-22337.6
-23033
-23686.5
-24298.8
-24870.4
-25401.6
-25893.2
-26345.4
-26758.8
-27133.9
-27471.3
-27771.6
-28035.4
-28263.8
-28457.8
-28618.8
-28748.3
-28848.3
-28920.7
-28967.5
-28990.5
-738.564
-2213.65
-3676.72
-5115.81
-6523.72
-7894.9
-9225.23
-10511.8
-11752.8
-12947.1
-14094.1
-15193.8
-16246.3
-17252
-18211.5
-19125.4
-19994.2
-20818.8
-21599.6
-22337.4
-23032.9
-23686.4
-24298.7
-24870.2
-25401.5
-25893.1
-26345.3
-26758.7
-27133.8
-27471.2
-27771.5
-28035.3
-28263.7
-28457.7
-28618.7
-28748.2
-28848.1
-28920.6
-28967.4
-28990.3
-738.558
-2213.63
-3676.7
-5115.77
-6523.68
-7894.85
-9225.17
-10511.8
-11752.7
-12947
-14094
-15193.7
-16246.2
-17251.9
-18211.4
-19125.3
-19994.1
-20818.7
-21599.5
-22337.3
-23032.8
-23686.3
-24298.6
-24870.1
-25401.4
-25893
-26345.2
-26758.6
-27133.7
-27471.1
-27771.4
-28035.2
-28263.6
-28457.6
-28618.6
-28748.1
-28848.1
-28920.5
-28967.3
-28990.2
-738.553
-2213.62
-3676.67
-5115.74
-6523.64
-7894.8
-9225.12
-10511.7
-11752.7
-12946.9
-14094
-15193.6
-16246.1
-17251.9
-18211.3
-19125.2
-19994.1
-20818.6
-21599.4
-22337.3
-23032.7
-23686.2
-24298.5
-24870.1
-25401.4
-25892.9
-26345.1
-26758.5
-27133.7
-27471
-27771.3
-28035.2
-28263.5
-28457.5
-28618.5
-28748
-28848
-28920.4
-28967.2
-28990.2
-738.549
-2213.61
-3676.66
-5115.72
-6523.61
-7894.77
-9225.08
-10511.7
-11752.6
-12946.9
-14093.9
-15193.6
-16246.1
-17251.8
-18211.3
-19125.1
-19994
-20818.5
-21599.4
-22337.2
-23032.6
-23686.2
-24298.5
-24870
-25401.3
-25892.8
-26345
-26758.5
-27133.6
-27471
-27771.2
-28035.1
-28263.5
-28457.5
-28618.4
-28748
-28847.9
-28920.3
-28967.2
-28990.1
-738.543
-2213.6
-3676.65
-5115.71
-6523.6
-7894.76
-9225.06
-10511.6
-11752.6
-12946.9
-14093.9
-15193.5
-16246
-17251.8
-18211.3
-19125.1
-19994
-20818.5
-21599.4
-22337.2
-23032.6
-23686.2
-24298.4
-24870
-25401.3
-25892.8
-26345
-26758.4
-27133.6
-27470.9
-27771.2
-28035.1
-28263.5
-28457.5
-28618.4
-28747.9
-28847.9
-28920.3
-28967.1
-28990.1
-782.734
-2344.75
-3890.84
-5407.14
-6885.62
-8320.45
-9707.67
-11044.8
-12330.5
-13564.3
-14746.2
-15876.7
-16956.3
-17986
-18966.6
-19899.2
-20784.5
-21623.5
-22417.1
-23166
-23871.1
-24532.9
-25152.3
-25729.7
-26265.7
-26760.9
-27215.6
-27630.5
-28006
-28342.6
-28640.9
-28901.7
-29125.8
-29314.4
-29469
-29591.5
-29684.3
-29750.1
-29791.8
-29811.8
-782.741
-2344.76
-3890.85
-5407.16
-6885.65
-8320.48
-9707.7
-11044.8
-12330.6
-13564.4
-14746.3
-15876.7
-16956.4
-17986
-18966.7
-19899.2
-20784.5
-21623.5
-22417.1
-23166
-23871.1
-24533
-25152.3
-25729.7
-26265.7
-26760.9
-27215.7
-27630.6
-28006
-28342.6
-28641
-28901.7
-29125.8
-29314.5
-29469
-29591.6
-29684.3
-29750.1
-29791.8
-29811.9
-782.747
-2344.78
-3890.88
-5407.19
-6885.68
-8320.52
-9707.75
-11044.9
-12330.6
-13564.4
-14746.3
-15876.8
-16956.4
-17986.1
-18966.8
-19899.3
-20784.6
-21623.6
-22417.2
-23166.1
-23871.2
-24533
-25152.4
-25729.8
-26265.8
-26761
-27215.7
-27630.6
-28006.1
-28342.7
-28641
-28901.8
-29125.9
-29314.5
-29469.1
-29591.6
-29684.4
-29750.2
-29791.9
-29811.9
-782.754
-2344.8
-3890.91
-5407.24
-6885.74
-8320.58
-9707.82
-11045
-12330.7
-13564.5
-14746.4
-15876.9
-16956.5
-17986.2
-18966.9
-19899.4
-20784.7
-21623.7
-22417.3
-23166.2
-23871.3
-24533.2
-25152.5
-25729.9
-26265.9
-26761.1
-27215.9
-27630.7
-28006.2
-28342.8
-28641.2
-28901.9
-29126
-29314.6
-29469.2
-29591.7
-29684.5
-29750.3
-29792
-29812
-782.762
-2344.83
-3890.95
-5407.29
-6885.8
-8320.66
-9707.9
-11045.1
-12330.8
-13564.6
-14746.5
-15877
-16956.6
-17986.3
-18967
-19899.5
-20784.8
-21623.8
-22417.4
-23166.3
-23871.4
-24533.3
-25152.6
-25730
-26266.1
-26761.2
-27216
-27630.9
-28006.4
-28343
-28641.3
-28902.1
-29126.2
-29314.8
-29469.4
-29591.9
-29684.6
-29750.4
-29792.1
-29812.2
-782.77
-2344.85
-3890.98
-5407.34
-6885.87
-8320.73
-9707.99
-11045.2
-12330.9
-13564.7
-14746.6
-15877.1
-16956.8
-17986.5
-18967.1
-19899.6
-20785
-21624
-22417.5
-23166.5
-23871.5
-24533.4
-25152.8
-25730.2
-26266.2
-26761.4
-27216.1
-27631
-28006.5
-28343.1
-28641.4
-28902.2
-29126.3
-29314.9
-29469.5
-29592
-29684.8
-29750.6
-29792.2
-29812.3
-782.778
-2344.87
-3891.02
-5407.39
-6885.93
-8320.81
-9708.08
-11045.3
-12331
-13564.8
-14746.8
-15877.2
-16956.9
-17986.6
-18967.2
-19899.8
-20785.1
-21624.1
-22417.7
-23166.6
-23871.7
-24533.6
-25152.9
-25730.3
-26266.3
-26761.5
-27216.3
-27631.2
-28006.6
-28343.3
-28641.6
-28902.3
-29126.5
-29315.1
-29469.6
-29592.2
-29684.9
-29750.7
-29792.4
-29812.5
-782.786
-2344.9
-3891.06
-5407.45
-6886
-8320.89
-9708.16
-11045.4
-12331.1
-13565
-14746.9
-15877.3
-16957
-17986.7
-18967.4
-19899.9
-20785.2
-21624.3
-22417.8
-23166.8
-23871.8
-24533.7
-25153.1
-25730.5
-26266.5
-26761.7
-27216.4
-27631.3
-28006.8
-28343.4
-28641.7
-28902.5
-29126.6
-29315.2
-29469.8
-29592.3
-29685.1
-29750.9
-29792.5
-29812.6
-782.794
-2344.92
-3891.1
-5407.5
-6886.06
-8320.96
-9708.25
-11045.4
-12331.2
-13565.1
-14747
-15877.5
-16957.1
-17986.9
-18967.5
-19900
-20785.4
-21624.4
-22418
-23166.9
-23872
-24533.9
-25153.2
-25730.6
-26266.6
-26761.8
-27216.6
-27631.5
-28006.9
-28343.5
-28641.9
-28902.6
-29126.7
-29315.3
-29469.9
-29592.4
-29685.2
-29751
-29792.7
-29812.7
-782.8
-2344.94
-3891.13
-5407.54
-6886.12
-8321.03
-9708.32
-11045.5
-12331.3
-13565.2
-14747.1
-15877.6
-16957.3
-17987
-18967.6
-19900.2
-20785.5
-21624.5
-22418.1
-23167.1
-23872.1
-24534
-25153.4
-25730.8
-26266.8
-26761.9
-27216.7
-27631.6
-28007.1
-28343.7
-28642
-28902.8
-29126.9
-29315.5
-29470.1
-29592.6
-29685.4
-29751.1
-29792.8
-29812.9
-782.806
-2344.96
-3891.16
-5407.58
-6886.17
-8321.09
-9708.39
-11045.6
-12331.4
-13565.3
-14747.2
-15877.7
-16957.4
-17987.1
-18967.7
-19900.3
-20785.6
-21624.6
-22418.2
-23167.2
-23872.2
-24534.1
-25153.5
-25730.9
-26266.9
-26762.1
-27216.8
-27631.7
-28007.2
-28343.8
-28642.1
-28902.9
-29127
-29315.6
-29470.2
-29592.7
-29685.5
-29751.3
-29792.9
-29813
-782.812
-2344.97
-3891.19
-5407.62
-6886.21
-8321.14
-9708.46
-11045.7
-12331.5
-13565.3
-14747.3
-15877.8
-16957.5
-17987.2
-18967.9
-19900.4
-20785.7
-21624.8
-22418.3
-23167.3
-23872.4
-24534.2
-25153.6
-25731
-26267
-26762.2
-27217
-27631.8
-28007.3
-28343.9
-28642.3
-28903
-29127.1
-29315.7
-29470.3
-29592.8
-29685.6
-29751.4
-29793.1
-29813.1
-782.816
-2344.99
-3891.21
-5407.65
-6886.25
-8321.19
-9708.51
-11045.7
-12331.6
-13565.4
-14747.4
-15877.9
-16957.5
-17987.3
-18967.9
-19900.5
-20785.8
-21624.9
-22418.4
-23167.4
-23872.5
-24534.4
-25153.7
-25731.1
-26267.1
-26762.3
-27217.1
-27632
-28007.4
-28344
-28642.4
-28903.1
-29127.2
-29315.8
-29470.4
-29592.9
-29685.7
-29751.5
-29793.2
-29813.2
-782.82
-2345
-3891.23
-5407.68
-6886.29
-8321.23
-9708.56
-11045.8
-12331.6
-13565.5
-14747.4
-15877.9
-16957.6
-17987.4
-18968
-19900.6
-20785.9
-21624.9
-22418.5
-23167.5
-23872.6
-24534.4
-25153.8
-25731.2
-26267.2
-26762.4
-27217.2
-27632.1
-28007.5
-28344.1
-28642.5
-28903.2
-29127.3
-29315.9
-29470.5
-29593
-29685.8
-29751.6
-29793.3
-29813.3
-782.824
-2345.01
-3891.25
-5407.7
-6886.32
-8321.27
-9708.6
-11045.8
-12331.7
-13565.5
-14747.5
-15878
-16957.7
-17987.4
-18968.1
-19900.6
-20786
-21625
-22418.6
-23167.6
-23872.6
-24534.5
-25153.9
-25731.3
-26267.3
-26762.5
-27217.2
-27632.1
-28007.6
-28344.2
-28642.5
-28903.3
-29127.4
-29316
-29470.6
-29593.1
-29685.9
-29751.7
-29793.3
-29813.4
-782.827
-2345.02
-3891.26
-5407.72
-6886.34
-8321.3
-9708.63
-11045.9
-12331.7
-13565.6
-14747.5
-15878
-16957.7
-17987.5
-18968.2
-19900.7
-20786
-21625.1
-22418.7
-23167.6
-23872.7
-24534.6
-25153.9
-25731.4
-26267.4
-26762.5
-27217.3
-27632.2
-28007.7
-28344.3
-28642.6
-28903.4
-29127.5
-29316.1
-29470.7
-29593.2
-29686
-29751.7
-29793.4
-29813.5
-782.829
-2345.02
-3891.27
-5407.74
-6886.36
-8321.32
-9708.66
-11045.9
-12331.7
-13565.6
-14747.6
-15878.1
-16957.8
-17987.5
-18968.2
-19900.7
-20786.1
-21625.1
-22418.7
-23167.7
-23872.8
-24534.6
-25154
-25731.4
-26267.4
-26762.6
-27217.4
-27632.3
-28007.7
-28344.4
-28642.7
-28903.4
-29127.5
-29316.1
-29470.7
-29593.2
-29686
-29751.8
-29793.5
-29813.5
-782.831
-2345.03
-3891.28
-5407.75
-6886.38
-8321.34
-9708.68
-11045.9
-12331.8
-13565.6
-14747.6
-15878.1
-16957.8
-17987.6
-18968.2
-19900.8
-20786.1
-21625.2
-22418.8
-23167.7
-23872.8
-24534.7
-25154
-25731.5
-26267.5
-26762.6
-27217.4
-27632.3
-28007.8
-28344.4
-28642.7
-28903.5
-29127.6
-29316.2
-29470.8
-29593.3
-29686.1
-29751.8
-29793.5
-29813.6
-782.832
-2345.03
-3891.29
-5407.76
-6886.39
-8321.35
-9708.7
-11046
-12331.8
-13565.7
-14747.6
-15878.1
-16957.8
-17987.6
-18968.3
-19900.8
-20786.2
-21625.2
-22418.8
-23167.8
-23872.8
-24534.7
-25154.1
-25731.5
-26267.5
-26762.7
-27217.5
-27632.3
-28007.8
-28344.4
-28642.8
-28903.5
-29127.6
-29316.2
-29470.8
-29593.3
-29686.1
-29751.9
-29793.5
-29813.6
-782.832
-2345.03
-3891.29
-5407.76
-6886.39
-8321.36
-9708.7
-11046
-12331.8
-13565.7
-14747.6
-15878.1
-16957.9
-17987.6
-18968.3
-19900.8
-20786.2
-21625.2
-22418.8
-23167.8
-23872.8
-24534.7
-25154.1
-25731.5
-26267.5
-26762.7
-27217.5
-27632.4
-28007.8
-28344.4
-28642.8
-28903.5
-29127.6
-29316.2
-29470.8
-29593.3
-29686.1
-29751.9
-29793.6
-29813.6
-782.833
-2345.04
-3891.29
-5407.76
-6886.4
-8321.36
-9708.71
-11046
-12331.8
-13565.7
-14747.6
-15878.1
-16957.9
-17987.6
-18968.3
-19900.8
-20786.2
-21625.2
-22418.8
-23167.8
-23872.9
-24534.7
-25154.1
-25731.5
-26267.5
-26762.7
-27217.5
-27632.4
-28007.8
-28344.5
-28642.8
-28903.5
-29127.6
-29316.2
-29470.8
-29593.3
-29686.1
-29751.9
-29793.6
-29813.6
-782.832
-2345.03
-3891.29
-5407.76
-6886.39
-8321.36
-9708.7
-11046
-12331.8
-13565.7
-14747.6
-15878.1
-16957.9
-17987.6
-18968.3
-19900.8
-20786.2
-21625.2
-22418.8
-23167.8
-23872.8
-24534.7
-25154.1
-25731.5
-26267.5
-26762.7
-27217.5
-27632.4
-28007.8
-28344.4
-28642.8
-28903.5
-29127.6
-29316.2
-29470.8
-29593.3
-29686.1
-29751.9
-29793.6
-29813.6
-782.831
-2345.03
-3891.29
-5407.75
-6886.38
-8321.35
-9708.69
-11045.9
-12331.8
-13565.7
-14747.6
-15878.1
-16957.8
-17987.6
-18968.3
-19900.8
-20786.2
-21625.2
-22418.8
-23167.7
-23872.8
-24534.7
-25154.1
-25731.5
-26267.5
-26762.7
-27217.4
-27632.3
-28007.8
-28344.4
-28642.8
-28903.5
-29127.6
-29316.2
-29470.8
-29593.3
-29686.1
-29751.9
-29793.5
-29813.6
-782.83
-2345.03
-3891.28
-5407.74
-6886.37
-8321.33
-9708.67
-11045.9
-12331.8
-13565.6
-14747.6
-15878.1
-16957.8
-17987.5
-18968.2
-19900.8
-20786.1
-21625.2
-22418.8
-23167.7
-23872.8
-24534.7
-25154
-25731.4
-26267.5
-26762.6
-27217.4
-27632.3
-28007.8
-28344.4
-28642.7
-28903.5
-29127.6
-29316.2
-29470.8
-29593.3
-29686.1
-29751.8
-29793.5
-29813.6
-782.828
-2345.02
-3891.27
-5407.73
-6886.35
-8321.31
-9708.65
-11045.9
-12331.7
-13565.6
-14747.6
-15878.1
-16957.8
-17987.5
-18968.2
-19900.7
-20786.1
-21625.1
-22418.7
-23167.7
-23872.7
-24534.6
-25154
-25731.4
-26267.4
-26762.6
-27217.4
-27632.3
-28007.7
-28344.3
-28642.7
-28903.4
-29127.5
-29316.1
-29470.7
-29593.2
-29686
-29751.8
-29793.5
-29813.5
-782.825
-2345.01
-3891.26
-5407.71
-6886.33
-8321.29
-9708.62
-11045.9
-12331.7
-13565.6
-14747.5
-15878
-16957.7
-17987.5
-18968.1
-19900.7
-20786
-21625.1
-22418.7
-23167.6
-23872.7
-24534.6
-25153.9
-25731.3
-26267.4
-26762.5
-27217.3
-27632.2
-28007.7
-28344.3
-28642.6
-28903.4
-29127.5
-29316.1
-29470.7
-29593.2
-29686
-29751.7
-29793.4
-29813.5
-782.822
-2345
-3891.24
-5407.69
-6886.3
-8321.25
-9708.58
-11045.8
-12331.6
-13565.5
-14747.5
-15878
-16957.7
-17987.4
-18968.1
-19900.6
-20786
-21625
-22418.6
-23167.5
-23872.6
-24534.5
-25153.9
-25731.3
-26267.3
-26762.5
-27217.2
-27632.1
-28007.6
-28344.2
-28642.5
-28903.3
-29127.4
-29316
-29470.6
-29593.1
-29685.9
-29751.7
-29793.3
-29813.4
-782.818
-2344.99
-3891.22
-5407.66
-6886.27
-8321.21
-9708.54
-11045.8
-12331.6
-13565.4
-14747.4
-15877.9
-16957.6
-17987.3
-18968
-19900.5
-20785.9
-21624.9
-22418.5
-23167.5
-23872.5
-24534.4
-25153.8
-25731.2
-26267.2
-26762.4
-27217.2
-27632
-28007.5
-28344.1
-28642.5
-28903.2
-29127.3
-29315.9
-29470.5
-29593
-29685.8
-29751.6
-29793.2
-29813.3
-782.814
-2344.98
-3891.2
-5407.63
-6886.23
-8321.17
-9708.48
-11045.7
-12331.5
-13565.4
-14747.3
-15877.8
-16957.5
-17987.2
-18967.9
-19900.5
-20785.8
-21624.8
-22418.4
-23167.4
-23872.4
-24534.3
-25153.7
-25731.1
-26267.1
-26762.3
-27217.1
-27631.9
-28007.4
-28344
-28642.4
-28903.1
-29127.2
-29315.8
-29470.4
-29592.9
-29685.7
-29751.5
-29793.2
-29813.2
-782.809
-2344.96
-3891.17
-5407.6
-6886.19
-8321.12
-9708.42
-11045.6
-12331.4
-13565.3
-14747.2
-15877.7
-16957.4
-17987.1
-18967.8
-19900.4
-20785.7
-21624.7
-22418.3
-23167.3
-23872.3
-24534.2
-25153.6
-25731
-26267
-26762.2
-27216.9
-27631.8
-28007.3
-28343.9
-28642.3
-28903
-29127.1
-29315.7
-29470.3
-29592.8
-29685.6
-29751.4
-29793
-29813.1
-782.803
-2344.95
-3891.15
-5407.56
-6886.14
-8321.06
-9708.36
-11045.6
-12331.4
-13565.2
-14747.2
-15877.6
-16957.3
-17987
-18967.7
-19900.2
-20785.6
-21624.6
-22418.2
-23167.1
-23872.2
-24534.1
-25153.4
-25730.9
-26266.9
-26762
-27216.8
-27631.7
-28007.2
-28343.8
-28642.1
-28902.9
-29127
-29315.6
-29470.2
-29592.7
-29685.5
-29751.3
-29792.9
-29813
-782.796
-2344.93
-3891.11
-5407.52
-6886.09
-8320.99
-9708.28
-11045.5
-12331.3
-13565.1
-14747.1
-15877.5
-16957.2
-17986.9
-18967.6
-19900.1
-20785.5
-21624.5
-22418.1
-23167
-23872.1
-24534
-25153.3
-25730.7
-26266.8
-26761.9
-27216.7
-27631.6
-28007.1
-28343.7
-28642
-28902.8
-29126.9
-29315.5
-29470.1
-29592.6
-29685.3
-29751.1
-29792.8
-29812.9
-782.789
-2344.91
-3891.08
-5407.47
-6886.03
-8320.92
-9708.2
-11045.4
-12331.2
-13565
-14746.9
-15877.4
-16957.1
-17986.8
-18967.5
-19900
-20785.3
-21624.4
-22417.9
-23166.9
-23871.9
-24533.8
-25153.2
-25730.6
-26266.6
-26761.8
-27216.6
-27631.4
-28006.9
-28343.5
-28641.9
-28902.6
-29126.7
-29315.3
-29469.9
-29592.4
-29685.2
-29751
-29792.7
-29812.7
-782.782
-2344.88
-3891.04
-5407.42
-6885.96
-8320.85
-9708.12
-11045.3
-12331.1
-13564.9
-14746.8
-15877.3
-16957
-17986.7
-18967.3
-19899.9
-20785.2
-21624.2
-22417.8
-23166.7
-23871.8
-24533.7
-25153
-25730.5
-26266.5
-26761.6
-27216.4
-27631.3
-28006.8
-28343.4
-28641.7
-28902.5
-29126.6
-29315.2
-29469.8
-29592.3
-29685.1
-29750.9
-29792.5
-29812.6
-782.774
-2344.86
-3891
-5407.37
-6885.9
-8320.77
-9708.03
-11045.2
-12331
-13564.8
-14746.7
-15877.2
-16956.8
-17986.6
-18967.2
-19899.7
-20785.1
-21624.1
-22417.7
-23166.6
-23871.7
-24533.6
-25152.9
-25730.3
-26266.3
-26761.5
-27216.3
-27631.2
-28006.6
-28343.2
-28641.6
-28902.3
-29126.5
-29315.1
-29469.6
-29592.2
-29684.9
-29750.7
-29792.4
-29812.5
-782.766
-2344.84
-3890.97
-5407.31
-6885.84
-8320.7
-9707.95
-11045.1
-12330.9
-13564.7
-14746.6
-15877.1
-16956.7
-17986.4
-18967.1
-19899.6
-20784.9
-21623.9
-22417.5
-23166.5
-23871.5
-24533.4
-25152.8
-25730.2
-26266.2
-26761.4
-27216.1
-27631
-28006.5
-28343.1
-28641.4
-28902.2
-29126.3
-29314.9
-29469.5
-29592
-29684.8
-29750.6
-29792.3
-29812.3
-782.759
-2344.82
-3890.93
-5407.27
-6885.78
-8320.63
-9707.87
-11045
-12330.8
-13564.6
-14746.5
-15876.9
-16956.6
-17986.3
-18967
-19899.5
-20784.8
-21623.8
-22417.4
-23166.3
-23871.4
-24533.3
-25152.6
-25730
-26266.1
-26761.2
-27216
-27630.9
-28006.4
-28343
-28641.3
-28902.1
-29126.2
-29314.8
-29469.4
-29591.9
-29684.7
-29750.5
-29792.1
-29812.2
-782.752
-2344.8
-3890.9
-5407.23
-6885.73
-8320.57
-9707.8
-11045
-12330.7
-13564.5
-14746.4
-15876.9
-16956.5
-17986.2
-18966.9
-19899.4
-20784.7
-21623.7
-22417.3
-23166.2
-23871.3
-24533.2
-25152.5
-25729.9
-26266
-26761.1
-27215.9
-27630.8
-28006.3
-28342.9
-28641.2
-28902
-29126.1
-29314.7
-29469.3
-29591.8
-29684.6
-29750.4
-29792
-29812.1
-782.747
-2344.78
-3890.88
-5407.2
-6885.69
-8320.53
-9707.76
-11044.9
-12330.6
-13564.4
-14746.4
-15876.8
-16956.5
-17986.2
-18966.8
-19899.3
-20784.6
-21623.7
-22417.2
-23166.2
-23871.2
-24533.1
-25152.5
-25729.9
-26265.9
-26761
-27215.8
-27630.7
-28006.2
-28342.8
-28641.1
-28901.9
-29126
-29314.6
-29469.2
-29591.7
-29684.5
-29750.3
-29791.9
-29812
-782.741
-2344.77
-3890.87
-5407.18
-6885.67
-8320.51
-9707.73
-11044.9
-12330.6
-13564.4
-14746.3
-15876.8
-16956.4
-17986.1
-18966.8
-19899.3
-20784.6
-21623.6
-22417.2
-23166.1
-23871.2
-24533.1
-25152.4
-25729.8
-26265.9
-26761
-27215.8
-27630.7
-28006.2
-28342.8
-28641.1
-28901.9
-29126
-29314.6
-29469.2
-29591.7
-29684.5
-29750.2
-29791.9
-29812
-833.775
-2495.26
-4134.79
-5736.39
-7291.3
-8793.75
-10240.4
-11629.4
-12960.4
-14233.7
-15450.1
-16610.6
-17716.6
-18769.3
-19770.2
-20720.5
-21621.3
-22474
-23279.5
-24038.8
-24752.8
-25422.3
-26048.1
-26630.8
-27171.1
-27669.4
-28126.2
-28542.1
-28917.4
-29252.6
-29548.3
-29805.1
-30023.8
-30205.5
-30351.8
-30464.9
-30547.8
-30604.1
-30638.1
-30653.8
-833.782
-2495.27
-4134.81
-5736.41
-7291.33
-8793.79
-10240.4
-11629.4
-12960.5
-14233.7
-15450.1
-16610.6
-17716.6
-18769.4
-19770.3
-20720.5
-21621.4
-22474
-23279.5
-24038.8
-24752.8
-25422.4
-26048.2
-26630.9
-27171.1
-27669.4
-28126.3
-28542.1
-28917.4
-29252.7
-29548.4
-29805.1
-30023.8
-30205.5
-30351.8
-30465
-30547.8
-30604.2
-30638.2
-30653.8
-833.79
-2495.29
-4134.84
-5736.46
-7291.38
-8793.85
-10240.5
-11629.5
-12960.5
-14233.8
-15450.2
-16610.7
-17716.7
-18769.5
-19770.3
-20720.6
-21621.5
-22474.1
-23279.6
-24038.9
-24752.9
-25422.5
-26048.3
-26631
-27171.2
-27669.5
-28126.4
-28542.2
-28917.6
-29252.8
-29548.5
-29805.2
-30023.9
-30205.6
-30351.9
-30465.1
-30547.9
-30604.3
-30638.3
-30653.9
-833.8
-2495.32
-4134.89
-5736.52
-7291.45
-8793.93
-10240.6
-11629.6
-12960.7
-14233.9
-15450.3
-16610.9
-17716.9
-18769.6
-19770.5
-20720.7
-21621.6
-22474.3
-23279.7
-24039
-24753.1
-25422.6
-26048.4
-26631.1
-27171.4
-27669.7
-28126.5
-28542.4
-28917.7
-29252.9
-29548.6
-29805.4
-30024.1
-30205.8
-30352.1
-30465.2
-30548.1
-30604.4
-30638.4
-30654.1
-833.811
-2495.35
-4134.94
-5736.59
-7291.54
-8794.03
-10240.7
-11629.7
-12960.8
-14234.1
-15450.5
-16611
-17717
-18769.8
-19770.6
-20720.9
-21621.8
-22474.4
-23279.9
-24039.2
-24753.2
-25422.8
-26048.6
-26631.3
-27171.5
-27669.8
-28126.7
-28542.5
-28917.9
-29253.1
-29548.8
-29805.5
-30024.2
-30205.9
-30352.2
-30465.4
-30548.2
-30604.6
-30638.6
-30654.2
-833.822
-2495.39
-4134.99
-5736.66
-7291.63
-8794.13
-10240.8
-11629.9
-12960.9
-14234.2
-15450.6
-16611.2
-17717.2
-18769.9
-19770.8
-20721.1
-21621.9
-22474.6
-23280.1
-24039.4
-24753.4
-25422.9
-26048.8
-26631.5
-27171.7
-27670
-28126.9
-28542.7
-28918
-29253.3
-29549
-29805.7
-30024.4
-30206.1
-30352.4
-30465.5
-30548.4
-30604.7
-30638.7
-30654.4
-833.832
-2495.42
-4135.04
-5736.73
-7291.71
-8794.23
-10240.9
-11630
-12961
-14234.4
-15450.7
-16611.3
-17717.3
-18770.1
-19771
-20721.2
-21622.1
-22474.8
-23280.3
-24039.6
-24753.6
-25423.1
-26048.9
-26631.7
-27171.9
-27670.2
-28127
-28542.9
-28918.2
-29253.5
-29549.1
-29805.9
-30024.6
-30206.3
-30352.6
-30465.7
-30548.6
-30604.9
-30638.9
-30654.6
-833.841
-2495.45
-4135.09
-5736.79
-7291.79
-8794.33
-10241
-11630.1
-12961.2
-14234.5
-15450.9
-16611.5
-17717.5
-18770.2
-19771.1
-20721.4
-21622.3
-22474.9
-23280.4
-24039.7
-24753.8
-25423.3
-26049.1
-26631.8
-27172.1
-27670.4
-28127.2
-28543.1
-28918.4
-29253.6
-29549.3
-29806.1
-30024.7
-30206.5
-30352.8
-30465.9
-30548.8
-30605.1
-30639.1
-30654.7
-833.851
-2495.47
-4135.13
-5736.85
-7291.86
-8794.41
-10241.1
-11630.2
-12961.3
-14234.6
-15451
-16611.6
-17717.6
-18770.4
-19771.3
-20721.6
-21622.4
-22475.1
-23280.6
-24039.9
-24753.9
-25423.5
-26049.3
-26632
-27172.2
-27670.5
-28127.4
-28543.3
-28918.6
-29253.8
-29549.5
-29806.2
-30024.9
-30206.6
-30352.9
-30466.1
-30548.9
-30605.2
-30639.2
-30654.9
-833.859
-2495.5
-4135.17
-5736.91
-7291.93
-8794.49
-10241.2
-11630.3
-12961.4
-14234.7
-15451.1
-16611.7
-17717.7
-18770.5
-19771.4
-20721.7
-21622.6
-22475.2
-23280.7
-24040.1
-24754.1
-25423.6
-26049.4
-26632.2
-27172.4
-27670.7
-28127.6
-28543.4
-28918.7
-29254
-29549.6
-29806.4
-30025.1
-30206.8
-30353.1
-30466.2
-30549.1
-30605.4
-30639.4
-30655.1
-833.865
-2495.52
-4135.2
-5736.95
-7291.99
-8794.56
-10241.3
-11630.4
-12961.5
-14234.8
-15451.3
-16611.8
-17717.9
-18770.7
-19771.6
-20721.8
-21622.7
-22475.4
-23280.9
-24040.2
-24754.2
-25423.8
-26049.6
-26632.3
-27172.6
-27670.9
-28127.7
-28543.6
-28918.9
-29254.1
-29549.8
-29806.6
-30025.2
-30206.9
-30353.2
-30466.4
-30549.2
-30605.5
-30639.5
-30655.2
-833.872
-2495.54
-4135.23
-5736.99
-7292.04
-8794.63
-10241.3
-11630.5
-12961.6
-14234.9
-15451.4
-16612
-17718
-18770.8
-19771.7
-20722
-21622.8
-22475.5
-23281
-24040.3
-24754.4
-25423.9
-26049.7
-26632.4
-27172.7
-27671
-28127.8
-28543.7
-28919
-29254.2
-29549.9
-29806.7
-30025.4
-30207.1
-30353.4
-30466.5
-30549.4
-30605.7
-30639.7
-30655.3
-833.877
-2495.55
-4135.26
-5737.03
-7292.09
-8794.68
-10241.4
-11630.6
-12961.7
-14235
-15451.5
-16612
-17718.1
-18770.9
-19771.8
-20722.1
-21623
-22475.6
-23281.1
-24040.4
-24754.5
-25424
-26049.8
-26632.6
-27172.8
-27671.1
-28128
-28543.8
-28919.1
-29254.4
-29550
-29806.8
-30025.5
-30207.2
-30353.5
-30466.6
-30549.5
-30605.8
-30639.8
-30655.4
-833.882
-2495.57
-4135.28
-5737.06
-7292.13
-8794.73
-10241.5
-11630.6
-12961.7
-14235.1
-15451.5
-16612.1
-17718.2
-18771
-19771.9
-20722.2
-21623.1
-22475.7
-23281.2
-24040.5
-24754.6
-25424.1
-26049.9
-26632.7
-27172.9
-27671.2
-28128.1
-28543.9
-28919.2
-29254.5
-29550.2
-29806.9
-30025.6
-30207.3
-30353.6
-30466.7
-30549.6
-30605.9
-30639.9
-30655.6
-833.886
-2495.58
-4135.3
-5737.09
-7292.16
-8794.77
-10241.5
-11630.7
-12961.8
-14235.2
-15451.6
-16612.2
-17718.2
-18771
-19771.9
-20722.2
-21623.1
-22475.8
-23281.3
-24040.6
-24754.7
-25424.2
-26050
-26632.8
-27173
-27671.3
-28128.2
-28544
-28919.3
-29254.6
-29550.2
-29807
-30025.7
-30207.4
-30353.7
-30466.8
-30549.7
-30606
-30640
-30655.6
-833.889
-2495.59
-4135.32
-5737.11
-7292.19
-8794.8
-10241.5
-11630.7
-12961.8
-14235.2
-15451.6
-16612.3
-17718.3
-18771.1
-19772
-20722.3
-21623.2
-22475.9
-23281.4
-24040.7
-24754.7
-25424.3
-26050.1
-26632.8
-27173.1
-27671.4
-28128.2
-28544.1
-28919.4
-29254.6
-29550.3
-29807.1
-30025.8
-30207.5
-30353.8
-30466.9
-30549.7
-30606.1
-30640.1
-30655.7
-833.891
-2495.59
-4135.33
-5737.13
-7292.21
-8794.83
-10241.6
-11630.7
-12961.9
-14235.3
-15451.7
-16612.3
-17718.3
-18771.2
-19772.1
-20722.4
-21623.3
-22475.9
-23281.4
-24040.8
-24754.8
-25424.3
-26050.2
-26632.9
-27173.1
-27671.4
-28128.3
-28544.2
-28919.5
-29254.7
-29550.4
-29807.1
-30025.8
-30207.5
-30353.8
-30466.9
-30549.8
-30606.1
-30640.1
-30655.8
-833.893
-2495.6
-4135.34
-5737.14
-7292.23
-8794.85
-10241.6
-11630.8
-12961.9
-14235.3
-15451.7
-16612.3
-17718.4
-18771.2
-19772.1
-20722.4
-21623.3
-22476
-23281.5
-24040.8
-24754.8
-25424.4
-26050.2
-26632.9
-27173.2
-27671.5
-28128.3
-28544.2
-28919.5
-29254.8
-29550.4
-29807.2
-30025.9
-30207.6
-30353.9
-30467
-30549.9
-30606.2
-30640.2
-30655.8
-833.894
-2495.6
-4135.35
-5737.15
-7292.24
-8794.86
-10241.6
-11630.8
-12961.9
-14235.3
-15451.7
-16612.4
-17718.4
-18771.2
-19772.1
-20722.4
-21623.3
-22476
-23281.5
-24040.8
-24754.9
-25424.4
-26050.2
-26633
-27173.2
-27671.5
-28128.4
-28544.2
-28919.5
-29254.8
-29550.5
-29807.2
-30025.9
-30207.6
-30353.9
-30467
-30549.9
-30606.2
-30640.2
-30655.9
-833.895
-2495.61
-4135.35
-5737.15
-7292.25
-8794.87
-10241.6
-11630.8
-12961.9
-14235.3
-15451.8
-16612.4
-17718.4
-18771.2
-19772.1
-20722.4
-21623.3
-22476
-23281.5
-24040.9
-24754.9
-25424.4
-26050.3
-26633
-27173.2
-27671.5
-28128.4
-28544.3
-28919.6
-29254.8
-29550.5
-29807.3
-30025.9
-30207.6
-30353.9
-30467
-30549.9
-30606.2
-30640.2
-30655.9
-833.895
-2495.61
-4135.35
-5737.16
-7292.25
-8794.87
-10241.6
-11630.8
-12961.9
-14235.3
-15451.8
-16612.4
-17718.4
-18771.2
-19772.1
-20722.4
-21623.4
-22476
-23281.5
-24040.9
-24754.9
-25424.4
-26050.3
-26633
-27173.2
-27671.6
-28128.4
-28544.3
-28919.6
-29254.8
-29550.5
-29807.3
-30025.9
-30207.6
-30353.9
-30467.1
-30549.9
-30606.2
-30640.2
-30655.9
-833.895
-2495.61
-4135.35
-5737.15
-7292.24
-8794.87
-10241.6
-11630.8
-12961.9
-14235.3
-15451.8
-16612.4
-17718.4
-18771.2
-19772.1
-20722.4
-21623.3
-22476
-23281.5
-24040.8
-24754.9
-25424.4
-26050.3
-26633
-27173.2
-27671.5
-28128.4
-28544.3
-28919.6
-29254.8
-29550.5
-29807.2
-30025.9
-30207.6
-30353.9
-30467
-30549.9
-30606.2
-30640.2
-30655.9
-833.894
-2495.6
-4135.34
-5737.15
-7292.23
-8794.85
-10241.6
-11630.8
-12961.9
-14235.3
-15451.7
-16612.4
-17718.4
-18771.2
-19772.1
-20722.4
-21623.3
-22476
-23281.5
-24040.8
-24754.9
-25424.4
-26050.2
-26633
-27173.2
-27671.5
-28128.4
-28544.2
-28919.5
-29254.8
-29550.5
-29807.2
-30025.9
-30207.6
-30353.9
-30467
-30549.9
-30606.2
-30640.2
-30655.9
-833.892
-2495.6
-4135.34
-5737.13
-7292.22
-8794.84
-10241.6
-11630.8
-12961.9
-14235.3
-15451.7
-16612.3
-17718.4
-18771.2
-19772.1
-20722.4
-21623.3
-22476
-23281.5
-24040.8
-24754.8
-25424.4
-26050.2
-26632.9
-27173.2
-27671.5
-28128.3
-28544.2
-28919.5
-29254.7
-29550.4
-29807.2
-30025.9
-30207.6
-30353.9
-30467
-30549.8
-30606.2
-30640.2
-30655.8
-833.89
-2495.59
-4135.32
-5737.12
-7292.2
-8794.81
-10241.6
-11630.7
-12961.9
-14235.2
-15451.7
-16612.3
-17718.3
-18771.1
-19772
-20722.3
-21623.2
-22475.9
-23281.4
-24040.7
-24754.8
-25424.3
-26050.1
-26632.9
-27173.1
-27671.4
-28128.3
-28544.1
-28919.5
-29254.7
-29550.4
-29807.1
-30025.8
-30207.5
-30353.8
-30466.9
-30549.8
-30606.1
-30640.1
-30655.8
-833.887
-2495.58
-4135.31
-5737.1
-7292.18
-8794.78
-10241.5
-11630.7
-12961.8
-14235.2
-15451.6
-16612.2
-17718.3
-18771.1
-19772
-20722.3
-21623.2
-22475.9
-23281.4
-24040.7
-24754.7
-25424.3
-26050.1
-26632.8
-27173.1
-27671.4
-28128.2
-28544.1
-28919.4
-29254.6
-29550.3
-29807.1
-30025.7
-30207.4
-30353.8
-30466.9
-30549.7
-30606.1
-30640
-30655.7
-833.883
-2495.57
-4135.29
-5737.07
-7292.15
-8794.75
-10241.5
-11630.6
-12961.8
-14235.1
-15451.6
-16612.2
-17718.2
-18771
-19771.9
-20722.2
-21623.1
-22475.8
-23281.3
-24040.6
-24754.6
-25424.2
-26050
-26632.7
-27173
-27671.3
-28128.1
-28544
-28919.3
-29254.5
-29550.2
-29807
-30025.7
-30207.4
-30353.7
-30466.8
-30549.7
-30606
-30640
-30655.6
-833.879
-2495.56
-4135.27
-5737.05
-7292.11
-8794.7
-10241.4
-11630.6
-12961.7
-14235.1
-15451.5
-16612.1
-17718.1
-18770.9
-19771.8
-20722.1
-21623
-22475.7
-23281.2
-24040.5
-24754.5
-25424.1
-26049.9
-26632.6
-27172.9
-27671.2
-28128
-28543.9
-28919.2
-29254.5
-29550.1
-29806.9
-30025.6
-30207.3
-30353.6
-30466.7
-30549.6
-30605.9
-30639.9
-30655.5
-833.874
-2495.54
-4135.25
-5737.01
-7292.06
-8794.65
-10241.4
-11630.5
-12961.6
-14235
-15451.4
-16612
-17718
-18770.8
-19771.7
-20722
-21622.9
-22475.6
-23281.1
-24040.4
-24754.4
-25424
-26049.8
-26632.5
-27172.8
-27671.1
-28127.9
-28543.8
-28919.1
-29254.3
-29550
-29806.8
-30025.5
-30207.2
-30353.5
-30466.6
-30549.5
-30605.8
-30639.8
-30655.4
-833.868
-2495.53
-4135.22
-5736.97
-7292.01
-8794.59
-10241.3
-11630.4
-12961.5
-14234.9
-15451.3
-16611.9
-17717.9
-18770.7
-19771.6
-20721.9
-21622.8
-22475.5
-23281
-24040.3
-24754.3
-25423.9
-26049.7
-26632.4
-27172.7
-27671
-28127.8
-28543.7
-28919
-29254.2
-29549.9
-29806.7
-30025.3
-30207
-30353.4
-30466.5
-30549.3
-30605.7
-30639.6
-30655.3
-833.861
-2495.51
-4135.18
-5736.92
-7291.96
-8794.52
-10241.2
-11630.4
-12961.4
-14234.8
-15451.2
-16611.8
-17717.8
-18770.6
-19771.5
-20721.8
-21622.7
-22475.3
-23280.8
-24040.1
-24754.2
-25423.7
-26049.5
-26632.3
-27172.5
-27670.8
-28127.7
-28543.5
-28918.8
-29254.1
-29549.8
-29806.5
-30025.2
-30206.9
-30353.2
-30466.3
-30549.2
-30605.5
-30639.5
-30655.2
-833.853
-2495.48
-4135.14
-5736.87
-7291.89
-8794.45
-10241.1
-11630.3
-12961.3
-14234.7
-15451.1
-16611.7
-17717.7
-18770.5
-19771.4
-20721.6
-21622.5
-22475.2
-23280.7
-24040
-24754
-25423.6
-26049.4
-26632.1
-27172.4
-27670.7
-28127.5
-28543.4
-28918.7
-29253.9
-29549.6
-29806.4
-30025
-30206.8
-30353.1
-30466.2
-30549
-30605.4
-30639.4
-30655
-833.845
-2495.46
-4135.1
-5736.81
-7291.82
-8794.36
-10241
-11630.2
-12961.2
-14234.6
-15451
-16611.5
-17717.5
-18770.3
-19771.2
-20721.5
-21622.4
-22475
-23280.5
-24039.8
-24753.9
-25423.4
-26049.2
-26632
-27172.2
-27670.5
-28127.4
-28543.2
-28918.5
-29253.8
-29549.4
-29806.2
-30024.9
-30206.6
-30352.9
-30466
-30548.9
-30605.2
-30639.2
-30654.9
-833.835
-2495.43
-4135.06
-5736.75
-7291.74
-8794.27
-10240.9
-11630
-12961.1
-14234.4
-15450.8
-16611.4
-17717.4
-18770.2
-19771.1
-20721.3
-21622.2
-22474.9
-23280.4
-24039.7
-24753.7
-25423.2
-26049.1
-26631.8
-27172
-27670.3
-28127.2
-28543
-28918.4
-29253.6
-29549.3
-29806
-30024.7
-30206.4
-30352.7
-30465.9
-30548.7
-30605
-30639
-30654.7
-833.825
-2495.4
-4135.01
-5736.68
-7291.66
-8794.17
-10240.8
-11629.9
-12961
-14234.3
-15450.7
-16611.2
-17717.2
-18770
-19770.9
-20721.2
-21622
-22474.7
-23280.2
-24039.5
-24753.5
-25423.1
-26048.9
-26631.6
-27171.9
-27670.2
-28127
-28542.9
-28918.2
-29253.4
-29549.1
-29805.9
-30024.5
-30206.2
-30352.6
-30465.7
-30548.5
-30604.9
-30638.9
-30654.5
-833.815
-2495.37
-4134.96
-5736.62
-7291.57
-8794.07
-10240.7
-11629.8
-12960.8
-14234.1
-15450.5
-16611.1
-17717.1
-18769.9
-19770.7
-20721
-21621.9
-22474.5
-23280
-24039.3
-24753.4
-25422.9
-26048.7
-26631.4
-27171.7
-27670
-28126.8
-28542.7
-28918
-29253.2
-29548.9
-29805.7
-30024.4
-30206.1
-30352.4
-30465.5
-30548.4
-30604.7
-30638.7
-30654.4
-833.805
-2495.34
-4134.91
-5736.55
-7291.49
-8793.98
-10240.6
-11629.7
-12960.7
-14234
-15450.4
-16610.9
-17716.9
-18769.7
-19770.6
-20720.8
-21621.7
-22474.4
-23279.9
-24039.2
-24753.2
-25422.7
-26048.5
-26631.3
-27171.5
-27669.8
-28126.7
-28542.5
-28917.8
-29253.1
-29548.8
-29805.5
-30024.2
-30205.9
-30352.2
-30465.4
-30548.2
-30604.5
-30638.5
-30654.2
-833.796
-2495.31
-4134.87
-5736.5
-7291.43
-8793.9
-10240.5
-11629.6
-12960.6
-14233.9
-15450.3
-16610.8
-17716.8
-18769.6
-19770.5
-20720.7
-21621.6
-22474.2
-23279.7
-24039
-24753.1
-25422.6
-26048.4
-26631.1
-27171.4
-27669.7
-28126.5
-28542.4
-28917.7
-29253
-29548.6
-29805.4
-30024.1
-30205.8
-30352.1
-30465.2
-30548.1
-30604.4
-30638.4
-30654.1
-833.789
-2495.29
-4134.84
-5736.46
-7291.38
-8793.84
-10240.5
-11629.5
-12960.5
-14233.8
-15450.2
-16610.7
-17716.7
-18769.5
-19770.4
-20720.6
-21621.5
-22474.2
-23279.6
-24038.9
-24753
-25422.5
-26048.3
-26631
-27171.3
-27669.6
-28126.4
-28542.3
-28917.6
-29252.9
-29548.5
-29805.3
-30024
-30205.7
-30352
-30465.1
-30548
-30604.3
-30638.3
-30654
-833.785
-2495.28
-4134.83
-5736.44
-7291.36
-8793.82
-10240.4
-11629.5
-12960.5
-14233.8
-15450.2
-16610.7
-17716.7
-18769.5
-19770.3
-20720.6
-21621.5
-22474.1
-23279.6
-24038.9
-24752.9
-25422.5
-26048.3
-26631
-27171.2
-27669.6
-28126.4
-28542.3
-28917.6
-29252.8
-29548.5
-29805.3
-30023.9
-30205.6
-30352
-30465.1
-30547.9
-30604.3
-30638.3
-30653.9
-894.139
-2670.98
-4416.27
-6111.93
-7749.01
-9322.5
-10830.2
-12271.6
-13647.6
-14959.6
-16209.3
-17398.7
-18529.6
-19604.1
-20623.9
-21590.7
-22506
-23371.2
-24187.6
-24956.4
-25678.5
-26355
-26986.6
-27574
-28118
-28618.9
-29077.4
-29493.8
-29868.4
-30201.8
-30494.2
-30746.1
-30958.2
-31131.5
-31267.3
-31368.1
-31437.4
-31480
-31502.4
-31511.3
-894.146
-2671
-4416.29
-6111.97
-7749.05
-9322.54
-10830.2
-12271.7
-13647.7
-14959.6
-16209.3
-17398.7
-18529.7
-19604.2
-20624
-21590.8
-22506
-23371.3
-24187.7
-24956.4
-25678.6
-26355.1
-26986.7
-27574.1
-28118
-28619
-29077.5
-29493.8
-29868.5
-30201.9
-30494.3
-30746.2
-30958.3
-31131.6
-31267.4
-31368.2
-31437.5
-31480.1
-31502.5
-31511.4
-894.158
-2671.03
-4416.34
-6112.03
-7749.13
-9322.64
-10830.3
-12271.8
-13647.8
-14959.8
-16209.5
-17398.8
-18529.8
-19604.3
-20624.1
-21590.9
-22506.2
-23371.4
-24187.8
-24956.6
-25678.7
-26355.2
-26986.8
-27574.3
-28118.2
-28619.1
-29077.6
-29494
-29868.7
-30202
-30494.4
-30746.3
-30958.5
-31131.7
-31267.6
-31368.4
-31437.6
-31480.2
-31502.6
-31511.6
-894.172
-2671.07
-4416.41
-6112.12
-7749.24
-9322.76
-10830.4
-12271.9
-13647.9
-14959.9
-16209.6
-17399
-18530
-19604.5
-20624.3
-21591.1
-22506.4
-23371.6
-24188
-24956.8
-25678.9
-26355.4
-26987
-27574.4
-28118.4
-28619.3
-29077.8
-29494.2
-29868.8
-30202.2
-30494.6
-30746.5
-30958.6
-31131.9
-31267.7
-31368.5
-31437.8
-31480.4
-31502.8
-31511.7
-894.187
-2671.11
-4416.48
-6112.21
-7749.35
-9322.89
-10830.6
-12272.1
-13648.1
-14960.1
-16209.8
-17399.2
-18530.2
-19604.7
-20624.5
-21591.3
-22506.6
-23371.8
-24188.2
-24957
-25679.1
-26355.6
-26987.2
-27574.7
-28118.6
-28619.5
-29078
-29494.4
-29869.1
-30202.4
-30494.8
-30746.7
-30958.8
-31132.1
-31267.9
-31368.7
-31438
-31480.6
-31503
-31511.9
-894.201
-2671.16
-4416.55
-6112.3
-7749.46
-9323.02
-10830.7
-12272.2
-13648.3
-14960.3
-16210
-17399.4
-18530.4
-19604.9
-20624.7
-21591.5
-22506.8
-23372
-24188.4
-24957.2
-25679.4
-26355.8
-26987.4
-27574.9
-28118.8
-28619.8
-29078.2
-29494.6
-29869.3
-30202.6
-30495
-30747
-30959.1
-31132.3
-31268.2
-31369
-31438.2
-31480.8
-31503.2
-31512.1
-894.214
-2671.2
-4416.61
-6112.39
-7749.57
-9323.14
-10830.9
-12272.4
-13648.4
-14960.4
-16210.2
-17399.6
-18530.6
-19605.1
-20624.9
-21591.7
-22507
-23372.2
-24188.6
-24957.4
-25679.6
-26356
-26987.6
-27575.1
-28119
-28620
-29078.4
-29494.8
-29869.5
-30202.8
-30495.2
-30747.2
-30959.3
-31132.5
-31268.4
-31369.2
-31438.4
-31481
-31503.4
-31512.4
-894.226
-2671.23
-4416.67
-6112.47
-7749.67
-9323.26
-10831
-12272.5
-13648.6
-14960.6
-16210.4
-17399.8
-18530.8
-19605.3
-20625.1
-21591.9
-22507.2
-23372.4
-24188.8
-24957.6
-25679.8
-26356.3
-26987.9
-27575.3
-28119.2
-28620.2
-29078.6
-29495
-29869.7
-30203.1
-30495.5
-30747.4
-30959.5
-31132.7
-31268.6
-31369.4
-31438.6
-31481.2
-31503.6
-31512.6
-894.237
-2671.26
-4416.72
-6112.54
-7749.76
-9323.36
-10831.1
-12272.7
-13648.7
-14960.8
-16210.5
-17399.9
-18531
-19605.5
-20625.3
-21592.1
-22507.4
-23372.6
-24189
-24957.8
-25680
-26356.4
-26988.1
-27575.5
-28119.4
-28620.4
-29078.8
-29495.2
-29869.9
-30203.2
-30495.7
-30747.6
-30959.7
-31132.9
-31268.8
-31369.6
-31438.8
-31481.4
-31503.8
-31512.7
-894.247
-2671.29
-4416.77
-6112.61
-7749.84
-9323.46
-10831.2
-12272.8
-13648.9
-14960.9
-16210.7
-17400.1
-18531.1
-19605.6
-20625.5
-21592.2
-22507.6
-23372.8
-24189.2
-24958
-25680.1
-26356.6
-26988.2
-27575.7
-28119.6
-28620.6
-29079
-29495.4
-29870.1
-30203.4
-30495.8
-30747.8
-30959.9
-31133.1
-31269
-31369.7
-31439
-31481.6
-31504
-31512.9
-894.255
-2671.32
-4416.81
-6112.66
-7749.91
-9323.54
-10831.3
-12272.9
-13649
-14961
-16210.8
-17400.2
-18531.2
-19605.8
-20625.6
-21592.4
-22507.7
-23372.9
-24189.4
-24958.1
-25680.3
-26356.8
-26988.4
-27575.9
-28119.8
-28620.7
-29079.2
-29495.6
-29870.3
-30203.6
-30496
-30747.9
-30960
-31133.3
-31269.1
-31369.9
-31439.1
-31481.8
-31504.1
-31513.1
-894.262
-2671.34
-4416.84
-6112.71
-7749.97
-9323.61
-10831.4
-12273
-13649.1
-14961.1
-16210.9
-17400.3
-18531.4
-19605.9
-20625.7
-21592.5
-22507.8
-23373.1
-24189.5
-24958.3
-25680.5
-26356.9
-26988.5
-27576
-28119.9
-28620.9
-29079.3
-29495.7
-29870.4
-30203.7
-30496.2
-30748.1
-30960.2
-31133.4
-31269.3
-31370.1
-31439.3
-31481.9
-31504.3
-31513.2
-894.268
-2671.36
-4416.87
-6112.75
-7750.02
-9323.67
-10831.5
-12273.1
-13649.2
-14961.2
-16211
-17400.4
-18531.5
-19606
-20625.9
-21592.7
-22508
-23373.2
-24189.6
-24958.4
-25680.6
-26357.1
-26988.7
-27576.1
-28120.1
-28621
-29079.5
-29495.9
-29870.5
-30203.9
-30496.3
-30748.2
-30960.3
-31133.5
-31269.4
-31370.2
-31439.4
-31482
-31504.4
-31513.4
-894.273
-2671.37
-4416.9
-6112.79
-7750.07
-9323.73
-10831.5
-12273.1
-13649.2
-14961.3
-16211.1
-17400.5
-18531.6
-19606.1
-20626
-21592.8
-22508.1
-23373.3
-24189.7
-24958.5
-25680.7
-26357.2
-26988.8
-27576.3
-28120.2
-28621.1
-29079.6
-29496
-29870.7
-30204
-30496.4
-30748.3
-30960.4
-31133.7
-31269.5
-31370.3
-31439.5
-31482.2
-31504.5
-31513.5
-894.278
-2671.38
-4416.92
-6112.82
-7750.1
-9323.77
-10831.6
-12273.2
-13649.3
-14961.4
-16211.2
-17400.6
-18531.7
-19606.2
-20626
-21592.8
-22508.2
-23373.4
-24189.8
-24958.6
-25680.8
-26357.3
-26988.9
-27576.3
-28120.3
-28621.2
-29079.7
-29496.1
-29870.8
-30204.1
-30496.5
-30748.4
-30960.5
-31133.8
-31269.6
-31370.4
-31439.6
-31482.3
-31504.6
-31513.6
-894.281
-2671.4
-4416.94
-6112.84
-7750.13
-9323.81
-10831.6
-12273.2
-13649.3
-14961.4
-16211.2
-17400.7
-18531.7
-19606.3
-20626.1
-21592.9
-22508.2
-23373.5
-24189.9
-24958.7
-25680.9
-26357.4
-26989
-27576.4
-28120.4
-28621.3
-29079.8
-29496.2
-29870.8
-30204.2
-30496.6
-30748.5
-30960.6
-31133.8
-31269.7
-31370.5
-31439.7
-31482.3
-31504.7
-31513.7
-894.284
-2671.4
-4416.95
-6112.86
-7750.16
-9323.83
-10831.7
-12273.3
-13649.4
-14961.5
-16211.3
-17400.7
-18531.8
-19606.3
-20626.2
-21593
-22508.3
-23373.5
-24190
-24958.8
-25680.9
-26357.4
-26989
-27576.5
-28120.4
-28621.4
-29079.8
-29496.2
-29870.9
-30204.2
-30496.7
-30748.6
-30960.7
-31133.9
-31269.8
-31370.5
-31439.8
-31482.4
-31504.8
-31513.7
-894.286
-2671.41
-4416.96
-6112.87
-7750.17
-9323.86
-10831.7
-12273.3
-13649.4
-14961.5
-16211.3
-17400.8
-18531.8
-19606.4
-20626.2
-21593
-22508.3
-23373.6
-24190
-24958.8
-25681
-26357.5
-26989.1
-27576.5
-28120.5
-28621.4
-29079.9
-29496.3
-29871
-30204.3
-30496.7
-30748.6
-30960.7
-31134
-31269.8
-31370.6
-31439.8
-31482.5
-31504.8
-31513.8
-894.287
-2671.41
-4416.97
-6112.88
-7750.19
-9323.87
-10831.7
-12273.3
-13649.4
-14961.5
-16211.3
-17400.8
-18531.8
-19606.4
-20626.2
-21593.1
-22508.4
-23373.6
-24190.1
-24958.8
-25681
-26357.5
-26989.1
-27576.6
-28120.5
-28621.5
-29079.9
-29496.3
-29871
-30204.3
-30496.7
-30748.7
-30960.8
-31134
-31269.9
-31370.6
-31439.9
-31482.5
-31504.9
-31513.8
-894.288
-2671.42
-4416.97
-6112.89
-7750.19
-9323.88
-10831.7
-12273.3
-13649.5
-14961.5
-16211.3
-17400.8
-18531.9
-19606.4
-20626.3
-21593.1
-22508.4
-23373.6
-24190.1
-24958.9
-25681
-26357.5
-26989.1
-27576.6
-28120.5
-28621.5
-29080
-29496.3
-29871
-30204.4
-30496.8
-30748.7
-30960.8
-31134
-31269.9
-31370.7
-31439.9
-31482.5
-31504.9
-31513.8
-894.288
-2671.42
-4416.97
-6112.89
-7750.19
-9323.88
-10831.7
-12273.3
-13649.5
-14961.5
-16211.3
-17400.8
-18531.9
-19606.4
-20626.3
-21593.1
-22508.4
-23373.6
-24190.1
-24958.9
-25681
-26357.5
-26989.2
-27576.6
-28120.5
-28621.5
-29080
-29496.3
-29871
-30204.4
-30496.8
-30748.7
-30960.8
-31134
-31269.9
-31370.7
-31439.9
-31482.5
-31504.9
-31513.8
-894.288
-2671.42
-4416.97
-6112.89
-7750.19
-9323.88
-10831.7
-12273.3
-13649.4
-14961.5
-16211.3
-17400.8
-18531.9
-19606.4
-20626.3
-21593.1
-22508.4
-23373.6
-24190.1
-24958.9
-25681
-26357.5
-26989.1
-27576.6
-28120.5
-28621.5
-29079.9
-29496.3
-29871
-30204.4
-30496.8
-30748.7
-30960.8
-31134
-31269.9
-31370.7
-31439.9
-31482.5
-31504.9
-31513.8
-894.287
-2671.41
-4416.96
-6112.88
-7750.18
-9323.86
-10831.7
-12273.3
-13649.4
-14961.5
-16211.3
-17400.8
-18531.8
-19606.4
-20626.2
-21593
-22508.4
-23373.6
-24190
-24958.8
-25681
-26357.5
-26989.1
-27576.6
-28120.5
-28621.5
-29079.9
-29496.3
-29871
-30204.3
-30496.7
-30748.7
-30960.8
-31134
-31269.8
-31370.6
-31439.9
-31482.5
-31504.8
-31513.8
-894.285
-2671.41
-4416.96
-6112.87
-7750.17
-9323.85
-10831.7
-12273.3
-13649.4
-14961.5
-16211.3
-17400.7
-18531.8
-19606.4
-20626.2
-21593
-22508.3
-23373.6
-24190
-24958.8
-25681
-26357.5
-26989.1
-27576.5
-28120.5
-28621.4
-29079.9
-29496.3
-29870.9
-30204.3
-30496.7
-30748.6
-30960.7
-31134
-31269.8
-31370.6
-31439.8
-31482.5
-31504.8
-31513.8
-894.282
-2671.4
-4416.94
-6112.85
-7750.14
-9323.82
-10831.6
-12273.2
-13649.4
-14961.4
-16211.2
-17400.7
-18531.8
-19606.3
-20626.1
-21593
-22508.3
-23373.5
-24189.9
-24958.7
-25680.9
-26357.4
-26989
-27576.5
-28120.4
-28621.4
-29079.8
-29496.2
-29870.9
-30204.2
-30496.6
-30748.6
-30960.7
-31133.9
-31269.8
-31370.5
-31439.8
-31482.4
-31504.8
-31513.7
-894.279
-2671.39
-4416.93
-6112.83
-7750.12
-9323.79
-10831.6
-12273.2
-13649.3
-14961.4
-16211.2
-17400.6
-18531.7
-19606.2
-20626.1
-21592.9
-22508.2
-23373.4
-24189.9
-24958.7
-25680.8
-26357.3
-26988.9
-27576.4
-28120.3
-28621.3
-29079.8
-29496.1
-29870.8
-30204.2
-30496.6
-30748.5
-30960.6
-31133.8
-31269.7
-31370.5
-31439.7
-31482.3
-31504.7
-31513.6
-894.275
-2671.38
-4416.91
-6112.8
-7750.08
-9323.74
-10831.6
-12273.2
-13649.3
-14961.3
-16211.1
-17400.6
-18531.6
-19606.2
-20626
-21592.8
-22508.1
-23373.4
-24189.8
-24958.6
-25680.8
-26357.2
-26988.9
-27576.3
-28120.3
-28621.2
-29079.7
-29496
-29870.7
-30204.1
-30496.5
-30748.4
-30960.5
-31133.7
-31269.6
-31370.4
-31439.6
-31482.2
-31504.6
-31513.6
-894.27
-2671.36
-4416.88
-6112.77
-7750.04
-9323.69
-10831.5
-12273.1
-13649.2
-14961.3
-16211
-17400.5
-18531.5
-19606.1
-20625.9
-21592.7
-22508
-23373.3
-24189.7
-24958.5
-25680.7
-26357.1
-26988.8
-27576.2
-28120.1
-28621.1
-29079.6
-29495.9
-29870.6
-30204
-30496.4
-30748.3
-30960.4
-31133.6
-31269.5
-31370.3
-31439.5
-31482.1
-31504.5
-31513.5
-894.264
-2671.35
-4416.85
-6112.73
-7749.99
-9323.64
-10831.4
-12273
-13649.1
-14961.2
-16210.9
-17400.4
-18531.4
-19606
-20625.8
-21592.6
-22507.9
-23373.1
-24189.6
-24958.4
-25680.5
-26357
-26988.6
-27576.1
-28120
-28621
-29079.4
-29495.8
-29870.5
-30203.8
-30496.2
-30748.2
-30960.3
-31133.5
-31269.4
-31370.2
-31439.4
-31482
-31504.4
-31513.3
-894.257
-2671.32
-4416.82
-6112.68
-7749.93
-9323.57
-10831.4
-12272.9
-13649
-14961.1
-16210.8
-17400.3
-18531.3
-19605.8
-20625.7
-21592.5
-22507.8
-23373
-24189.4
-24958.2
-25680.4
-26356.9
-26988.5
-27575.9
-28119.9
-28620.8
-29079.3
-29495.7
-29870.4
-30203.7
-30496.1
-30748
-30960.1
-31133.4
-31269.2
-31370
-31439.2
-31481.9
-31504.2
-31513.2
-894.249
-2671.3
-4416.78
-6112.63
-7749.86
-9323.49
-10831.3
-12272.8
-13648.9
-14960.9
-16210.7
-17400.1
-18531.2
-19605.7
-20625.5
-21592.3
-22507.6
-23372.9
-24189.3
-24958.1
-25680.2
-26356.7
-26988.3
-27575.8
-28119.7
-28620.7
-29079.1
-29495.5
-29870.2
-30203.5
-30496
-30747.9
-30960
-31133.2
-31269.1
-31369.9
-31439.1
-31481.7
-31504.1
-31513
-894.24
-2671.27
-4416.74
-6112.56
-7749.79
-9323.4
-10831.2
-12272.7
-13648.8
-14960.8
-16210.6
-17400
-18531
-19605.5
-20625.4
-21592.2
-22507.5
-23372.7
-24189.1
-24957.9
-25680.1
-26356.6
-26988.2
-27575.6
-28119.5
-28620.5
-29079
-29495.3
-29870
-30203.4
-30495.8
-30747.7
-30959.8
-31133
-31268.9
-31369.7
-31438.9
-31481.6
-31503.9
-31512.9
-894.23
-2671.24
-4416.68
-6112.49
-7749.7
-9323.29
-10831
-12272.6
-13648.6
-14960.7
-16210.4
-17399.8
-18530.9
-19605.4
-20625.2
-21592
-22507.3
-23372.5
-24188.9
-24957.7
-25679.9
-26356.4
-26988
-27575.4
-28119.4
-28620.3
-29078.8
-29495.1
-29869.8
-30203.2
-30495.6
-30747.5
-30959.6
-31132.9
-31268.7
-31369.5
-31438.7
-31481.4
-31503.7
-31512.7
-894.218
-2671.21
-4416.63
-6112.42
-7749.6
-9323.18
-10830.9
-12272.4
-13648.5
-14960.5
-16210.2
-17399.7
-18530.7
-19605.2
-20625
-21591.8
-22507.1
-23372.3
-24188.7
-24957.5
-25679.7
-26356.2
-26987.8
-27575.2
-28119.2
-28620.1
-29078.6
-29494.9
-29869.6
-30203
-30495.4
-30747.3
-30959.4
-31132.7
-31268.5
-31369.3
-31438.5
-31481.2
-31503.5
-31512.5
-894.205
-2671.17
-4416.56
-6112.33
-7749.5
-9323.06
-10830.8
-12272.3
-13648.3
-14960.3
-16210.1
-17399.5
-18530.5
-19605
-20624.8
-21591.6
-22506.9
-23372.1
-24188.5
-24957.3
-25679.5
-26355.9
-26987.6
-27575
-28118.9
-28619.9
-29078.3
-29494.7
-29869.4
-30202.8
-30495.2
-30747.1
-30959.2
-31132.4
-31268.3
-31369.1
-31438.3
-31481
-31503.3
-31512.3
-894.191
-2671.13
-4416.5
-6112.24
-7749.39
-9322.93
-10830.6
-12272.1
-13648.2
-14960.2
-16209.9
-17399.3
-18530.3
-19604.8
-20624.6
-21591.4
-22506.7
-23371.9
-24188.3
-24957.1
-25679.3
-26355.7
-26987.3
-27574.8
-28118.7
-28619.7
-29078.1
-29494.5
-29869.2
-30202.5
-30495
-30746.9
-30959
-31132.2
-31268.1
-31368.9
-31438.1
-31480.8
-31503.1
-31512.1
-894.177
-2671.09
-4416.43
-6112.15
-7749.28
-9322.8
-10830.5
-12272
-13648
-14960
-16209.7
-17399.1
-18530.1
-19604.6
-20624.4
-21591.2
-22506.5
-23371.7
-24188.1
-24956.9
-25679.1
-26355.5
-26987.1
-27574.6
-28118.5
-28619.5
-29077.9
-29494.3
-29869
-30202.3
-30494.7
-30746.7
-30958.8
-31132
-31267.9
-31368.7
-31437.9
-31480.6
-31502.9
-31511.9
-894.164
-2671.05
-4416.37
-6112.07
-7749.18
-9322.69
-10830.4
-12271.8
-13647.9
-14959.8
-16209.6
-17398.9
-18529.9
-19604.4
-20624.2
-21591
-22506.3
-23371.5
-24187.9
-24956.7
-25678.9
-26355.4
-26987
-27574.4
-28118.3
-28619.3
-29077.8
-29494.1
-29868.8
-30202.2
-30494.6
-30746.5
-30958.6
-31131.9
-31267.7
-31368.5
-31437.7
-31480.4
-31502.7
-31511.7
-894.156
-2671.02
-4416.33
-6112.01
-7749.11
-9322.61
-10830.3
-12271.7
-13647.8
-14959.7
-16209.4
-17398.8
-18529.8
-19604.3
-20624.1
-21590.9
-22506.2
-23371.4
-24187.8
-24956.6
-25678.7
-26355.2
-26986.8
-27574.3
-28118.2
-28619.2
-29077.6
-29494
-29868.7
-30202
-30494.4
-30746.4
-30958.5
-31131.7
-31267.6
-31368.4
-31437.6
-31480.2
-31502.6
-31511.6
-894.155
-2671.01
-4416.32
-6111.99
-7749.08
-9322.58
-10830.2
-12271.7
-13647.7
-14959.7
-16209.4
-17398.8
-18529.8
-19604.3
-20624.1
-21590.8
-22506.1
-23371.3
-24187.8
-24956.5
-25678.7
-26355.2
-26986.8
-27574.2
-28118.2
-28619.1
-29077.6
-29493.9
-29868.6
-30202
-30494.4
-30746.3
-30958.4
-31131.7
-31267.5
-31368.3
-31437.5
-31480.2
-31502.5
-31511.5
-967.445
-2879.76
-4744.95
-6543.64
-8267.89
-9914.63
-11483.7
-12976.8
-14396.4
-15745.3
-17026.4
-18242.6
-19396.7
-20491.2
-21528.2
-22510
-23438.2
-24314.7
-25140.9
-25918.1
-26647.5
-27330.1
-27966.8
-28558.3
-29105.4
-29608.5
-30068.1
-30484.7
-30858.4
-31189.4
-31478.1
-31724.5
-31929.1
-32092.4
-32215.5
-32300.5
-32351.1
-32373.8
-32379.2
-32378.2
-967.454
-2879.79
-4744.99
-6543.69
-8267.96
-9914.7
-11483.8
-12976.9
-14396.5
-15745.3
-17026.5
-18242.7
-19396.8
-20491.3
-21528.3
-22510.1
-23438.3
-24314.8
-25141
-25918.2
-26647.6
-27330.2
-27966.9
-28558.4
-29105.5
-29608.6
-30068.3
-30484.8
-30858.5
-31189.5
-31478.2
-31724.7
-31929.2
-32092.5
-32215.6
-32300.6
-32351.2
-32373.9
-32379.3
-32378.3
-967.473
-2879.84
-4745.07
-6543.8
-8268.08
-9914.84
-11484
-12977.1
-14396.6
-15745.5
-17026.7
-18242.9
-19397
-20491.5
-21528.5
-22510.3
-23438.5
-24315
-25141.2
-25918.4
-26647.8
-27330.4
-27967.1
-28558.6
-29105.7
-29608.8
-30068.5
-30485
-30858.7
-31189.7
-31478.4
-31724.9
-31929.4
-32092.7
-32215.8
-32300.8
-32351.4
-32374.1
-32379.5
-32378.5
-967.494
-2879.91
-4745.17
-6543.92
-8268.24
-9915.02
-11484.2
-12977.3
-14396.9
-15745.7
-17026.9
-18243.2
-19397.3
-20491.7
-21528.8
-22510.5
-23438.8
-24315.3
-25141.5
-25918.7
-26648.1
-27330.7
-27967.3
-28558.9
-29105.9
-29609.1
-30068.7
-30485.2
-30858.9
-31190
-31478.6
-31725.1
-31929.7
-32093
-32216
-32301
-32351.7
-32374.3
-32379.8
-32378.7
-967.515
-2879.97
-4745.27
-6544.05
-8268.39
-9915.19
-11484.4
-12977.5
-14397.1
-15746
-17027.1
-18243.4
-19397.5
-20492
-21529
-22510.8
-23439.1
-24315.6
-25141.7
-25919
-26648.3
-27330.9
-27967.6
-28559.2
-29106.2
-29609.3
-30069
-30485.5
-30859.2
-31190.3
-31478.9
-31725.4
-31930
-32093.2
-32216.3
-32301.3
-32351.9
-32374.6
-32380
-32379
-967.534
-2880.02
-4745.36
-6544.17
-8268.54
-9915.36
-11484.5
-12977.7
-14397.3
-15746.2
-17027.4
-18243.7
-19397.8
-20492.2
-21529.3
-22511
-23439.3
-24315.8
-25142
-25919.2
-26648.6
-27331.2
-27967.9
-28559.4
-29106.5
-29609.6
-30069.3
-30485.8
-30859.5
-31190.5
-31479.2
-31725.6
-31930.2
-32093.5
-32216.6
-32301.5
-32352.2
-32374.9
-32380.3
-32379.2
-967.552
-2880.07
-4745.44
-6544.29
-8268.68
-9915.52
-11484.7
-12977.9
-14397.5
-15746.4
-17027.6
-18243.9
-19398
-20492.5
-21529.5
-22511.3
-23439.6
-24316.1
-25142.3
-25919.5
-26648.9
-27331.5
-27968.1
-28559.7
-29106.8
-29609.9
-30069.5
-30486
-30859.7
-31190.8
-31479.5
-31725.9
-31930.5
-32093.8
-32216.8
-32301.8
-32352.4
-32375.1
-32380.5
-32379.5
-967.566
-2880.12
-4745.51
-6544.38
-8268.8
-9915.66
-11484.9
-12978.1
-14397.7
-15746.6
-17027.8
-18244.1
-19398.2
-20492.7
-21529.8
-22511.5
-23439.8
-24316.3
-25142.5
-25919.7
-26649.1
-27331.7
-27968.4
-28559.9
-29107
-29610.1
-30069.8
-30486.3
-30860
-31191
-31479.7
-31726.2
-31930.7
-32094
-32217.1
-32302
-32352.7
-32375.3
-32380.8
-32379.7
-967.579
-2880.16
-4745.58
-6544.47
-8268.9
-9915.79
-11485
-12978.2
-14397.8
-15746.8
-17028
-18244.3
-19398.4
-20492.9
-21530
-22511.7
-23440
-24316.5
-25142.7
-25919.9
-26649.3
-27331.9
-27968.6
-28560.2
-29107.2
-29610.4
-30070
-30486.5
-30860.2
-31191.3
-31479.9
-31726.4
-31931
-32094.2
-32217.3
-32302.3
-32352.9
-32375.6
-32381
-32379.9
-967.59
-2880.19
-4745.63
-6544.54
-8268.99
-9915.9
-11485.1
-12978.4
-14398
-15746.9
-17028.1
-18244.5
-19398.6
-20493.1
-21530.2
-22511.9
-23440.2
-24316.7
-25142.9
-25920.2
-26649.5
-27332.1
-27968.8
-28560.4
-29107.4
-29610.6
-30070.2
-30486.7
-30860.4
-31191.5
-31480.1
-31726.6
-31931.2
-32094.4
-32217.5
-32302.5
-32353.1
-32375.8
-32381.2
-32380.1
-967.6
-2880.22
-4745.68
-6544.61
-8269.07
-9915.99
-11485.3
-12978.5
-14398.1
-15747.1
-17028.3
-18244.6
-19398.8
-20493.2
-21530.3
-22512.1
-23440.4
-24316.9
-25143.1
-25920.3
-26649.7
-27332.3
-27969
-28560.6
-29107.6
-29610.8
-30070.4
-30486.9
-30860.6
-31191.7
-31480.3
-31726.8
-31931.3
-32094.6
-32217.7
-32302.6
-32353.3
-32375.9
-32381.4
-32380.3
-967.608
-2880.24
-4745.72
-6544.66
-8269.14
-9916.07
-11485.3
-12978.6
-14398.2
-15747.2
-17028.4
-18244.7
-19398.9
-20493.4
-21530.5
-22512.2
-23440.6
-24317.1
-25143.3
-25920.5
-26649.9
-27332.5
-27969.2
-28560.7
-29107.8
-29610.9
-30070.6
-30487.1
-30860.8
-31191.8
-31480.5
-31726.9
-31931.5
-32094.8
-32217.9
-32302.8
-32353.4
-32376.1
-32381.5
-32380.5
-967.615
-2880.26
-4745.75
-6544.71
-8269.2
-9916.14
-11485.4
-12978.7
-14398.3
-15747.3
-17028.5
-18244.9
-19399
-20493.5
-21530.6
-22512.4
-23440.7
-24317.2
-25143.4
-25920.6
-26650
-27332.6
-27969.3
-28560.9
-29107.9
-29611.1
-30070.7
-30487.2
-30860.9
-31192
-31480.6
-31727.1
-31931.7
-32094.9
-32218
-32303
-32353.6
-32376.2
-32381.7
-32380.6
-967.62
-2880.28
-4745.78
-6544.75
-8269.25
-9916.2
-11485.5
-12978.7
-14398.4
-15747.4
-17028.6
-18245
-19399.1
-20493.6
-21530.7
-22512.5
-23440.8
-24317.3
-25143.5
-25920.8
-26650.2
-27332.8
-27969.4
-28561
-29108.1
-29611.2
-30070.8
-30487.4
-30861
-31192.1
-31480.8
-31727.2
-31931.8
-32095.1
-32218.1
-32303.1
-32353.7
-32376.4
-32381.8
-32380.7
-967.625
-2880.29
-4745.8
-6544.78
-8269.29
-9916.25
-11485.5
-12978.8
-14398.5
-15747.5
-17028.7
-18245
-19399.2
-20493.7
-21530.8
-22512.6
-23440.9
-24317.4
-25143.6
-25920.9
-26650.3
-27332.9
-27969.6
-28561.1
-29108.2
-29611.3
-30070.9
-30487.5
-30861.1
-31192.2
-31480.9
-31727.3
-31931.9
-32095.2
-32218.2
-32303.2
-32353.8
-32376.5
-32381.9
-32380.9
-967.629
-2880.31
-4745.82
-6544.8
-8269.32
-9916.28
-11485.6
-12978.8
-14398.5
-15747.5
-17028.8
-18245.1
-19399.3
-20493.8
-21530.9
-22512.7
-23441
-24317.5
-25143.7
-25920.9
-26650.3
-27332.9
-27969.6
-28561.2
-29108.3
-29611.4
-30071
-30487.6
-30861.2
-31192.3
-31481
-31727.4
-31932
-32095.2
-32218.3
-32303.3
-32353.9
-32376.6
-32382
-32380.9
-967.632
-2880.31
-4745.83
-6544.82
-8269.35
-9916.32
-11485.6
-12978.9
-14398.6
-15747.6
-17028.8
-18245.2
-19399.3
-20493.8
-21531
-22512.7
-23441
-24317.6
-25143.8
-25921
-26650.4
-27333
-27969.7
-28561.3
-29108.3
-29611.5
-30071.1
-30487.6
-30861.3
-31192.4
-31481
-31727.5
-31932.1
-32095.3
-32218.4
-32303.3
-32354
-32376.6
-32382.1
-32381
-967.634
-2880.32
-4745.85
-6544.84
-8269.37
-9916.34
-11485.7
-12978.9
-14398.6
-15747.6
-17028.9
-18245.2
-19399.4
-20493.9
-21531
-22512.8
-23441.1
-24317.6
-25143.8
-25921.1
-26650.5
-27333.1
-27969.8
-28561.3
-29108.4
-29611.5
-30071.2
-30487.7
-30861.4
-31192.4
-31481.1
-31727.5
-31932.1
-32095.4
-32218.4
-32303.4
-32354
-32376.7
-32382.1
-32381.1
-967.636
-2880.33
-4745.85
-6544.85
-8269.38
-9916.36
-11485.7
-12978.9
-14398.6
-15747.6
-17028.9
-18245.2
-19399.4
-20493.9
-21531
-22512.8
-23441.1
-24317.7
-25143.9
-25921.1
-26650.5
-27333.1
-27969.8
-28561.4
-29108.4
-29611.6
-30071.2
-30487.7
-30861.4
-31192.5
-31481.1
-31727.6
-31932.1
-32095.4
-32218.5
-32303.4
-32354.1
-32376.7
-32382.2
-32381.1
-967.636
-2880.33
-4745.86
-6544.86
-8269.39
-9916.36
-11485.7
-12979
-14398.7
-15747.7
-17028.9
-18245.3
-19399.4
-20493.9
-21531
-22512.8
-23441.2
-24317.7
-25143.9
-25921.1
-26650.5
-27333.1
-27969.8
-28561.4
-29108.4
-29611.6
-30071.2
-30487.7
-30861.4
-31192.5
-31481.1
-31727.6
-31932.2
-32095.4
-32218.5
-32303.5
-32354.1
-32376.8
-32382.2
-32381.1
-967.637
-2880.33
-4745.86
-6544.86
-8269.39
-9916.37
-11485.7
-12979
-14398.7
-15747.7
-17028.9
-18245.3
-19399.4
-20493.9
-21531.1
-22512.8
-23441.2
-24317.7
-25143.9
-25921.1
-26650.5
-27333.1
-27969.8
-28561.4
-29108.5
-29611.6
-30071.2
-30487.7
-30861.4
-31192.5
-31481.2
-31727.6
-31932.2
-32095.4
-32218.5
-32303.5
-32354.1
-32376.8
-32382.2
-32381.1
-967.636
-2880.33
-4745.86
-6544.85
-8269.39
-9916.36
-11485.7
-12978.9
-14398.6
-15747.6
-17028.9
-18245.2
-19399.4
-20493.9
-21531
-22512.8
-23441.1
-24317.7
-25143.9
-25921.1
-26650.5
-27333.1
-27969.8
-28561.4
-29108.4
-29611.6
-30071.2
-30487.7
-30861.4
-31192.5
-31481.1
-31727.6
-31932.2
-32095.4
-32218.5
-32303.5
-32354.1
-32376.7
-32382.2
-32381.1
-967.635
-2880.32
-4745.85
-6544.85
-8269.37
-9916.35
-11485.7
-12978.9
-14398.6
-15747.6
-17028.9
-18245.2
-19399.4
-20493.9
-21531
-22512.8
-23441.1
-24317.6
-25143.9
-25921.1
-26650.5
-27333.1
-27969.8
-28561.3
-29108.4
-29611.5
-30071.2
-30487.7
-30861.4
-31192.5
-31481.1
-31727.6
-31932.1
-32095.4
-32218.5
-32303.4
-32354.1
-32376.7
-32382.1
-32381.1
-967.633
-2880.32
-4745.84
-6544.83
-8269.36
-9916.33
-11485.6
-12978.9
-14398.6
-15747.6
-17028.8
-18245.2
-19399.4
-20493.9
-21531
-22512.8
-23441.1
-24317.6
-25143.8
-25921
-26650.4
-27333.1
-27969.7
-28561.3
-29108.4
-29611.5
-30071.1
-30487.7
-30861.3
-31192.4
-31481.1
-31727.5
-31932.1
-32095.4
-32218.4
-32303.4
-32354
-32376.7
-32382.1
-32381.1
-967.63
-2880.31
-4745.83
-6544.81
-8269.33
-9916.3
-11485.6
-12978.9
-14398.6
-15747.6
-17028.8
-18245.1
-19399.3
-20493.8
-21530.9
-22512.7
-23441
-24317.5
-25143.8
-25921
-26650.4
-27333
-27969.7
-28561.2
-29108.3
-29611.4
-30071.1
-30487.6
-30861.3
-31192.4
-31481
-31727.5
-31932
-32095.3
-32218.4
-32303.3
-32354
-32376.6
-32382
-32381
-967.627
-2880.3
-4745.81
-6544.79
-8269.3
-9916.26
-11485.6
-12978.8
-14398.5
-15747.5
-17028.7
-18245.1
-19399.3
-20493.7
-21530.9
-22512.6
-23440.9
-24317.5
-25143.7
-25920.9
-26650.3
-27332.9
-27969.6
-28561.2
-29108.2
-29611.4
-30071
-30487.5
-30861.2
-31192.3
-31480.9
-31727.4
-31932
-32095.2
-32218.3
-32303.3
-32353.9
-32376.5
-32382
-32380.9
-967.622
-2880.29
-4745.79
-6544.76
-8269.27
-9916.22
-11485.5
-12978.8
-14398.4
-15747.4
-17028.7
-18245
-19399.2
-20493.7
-21530.8
-22512.5
-23440.9
-24317.4
-25143.6
-25920.8
-26650.2
-27332.8
-27969.5
-28561.1
-29108.1
-29611.3
-30070.9
-30487.4
-30861.1
-31192.2
-31480.8
-31727.3
-31931.9
-32095.1
-32218.2
-32303.2
-32353.8
-32376.4
-32381.9
-32380.8
-967.617
-2880.27
-4745.76
-6544.72
-8269.22
-9916.16
-11485.4
-12978.7
-14398.4
-15747.3
-17028.6
-18244.9
-19399.1
-20493.6
-21530.7
-22512.4
-23440.7
-24317.3
-25143.5
-25920.7
-26650.1
-27332.7
-27969.4
-28560.9
-29108
-29611.1
-30070.8
-30487.3
-30861
-31192.1
-31480.7
-31727.2
-31931.7
-32095
-32218.1
-32303
-32353.7
-32376.3
-32381.8
-32380.7
-967.61
-2880.25
-4745.73
-6544.68
-8269.16
-9916.09
-11485.4
-12978.6
-14398.3
-15747.2
-17028.5
-18244.8
-19399
-20493.4
-21530.5
-22512.3
-23440.6
-24317.1
-25143.3
-25920.6
-26650
-27332.6
-27969.3
-28560.8
-29107.9
-29611
-30070.7
-30487.2
-30860.9
-31191.9
-31480.6
-31727
-31931.6
-32094.9
-32218
-32302.9
-32353.5
-32376.2
-32381.6
-32380.6
-967.602
-2880.23
-4745.69
-6544.62
-8269.1
-9916.02
-11485.3
-12978.5
-14398.2
-15747.1
-17028.3
-18244.7
-19398.8
-20493.3
-21530.4
-22512.2
-23440.5
-24317
-25143.2
-25920.4
-26649.8
-27332.4
-27969.1
-28560.7
-29107.7
-29610.9
-30070.5
-30487
-30860.7
-31191.8
-31480.4
-31726.9
-31931.5
-32094.7
-32217.8
-32302.8
-32353.4
-32376
-32381.5
-32380.4
-967.593
-2880.2
-4745.64
-6544.56
-8269.02
-9915.92
-11485.2
-12978.4
-14398
-15747
-17028.2
-18244.5
-19398.7
-20493.1
-21530.2
-22512
-23440.3
-24316.8
-25143
-25920.2
-26649.6
-27332.2
-27968.9
-28560.5
-29107.5
-29610.7
-30070.3
-30486.8
-30860.5
-31191.6
-31480.2
-31726.7
-31931.3
-32094.6
-32217.6
-32302.6
-32353.2
-32375.9
-32381.3
-32380.3
-967.582
-2880.17
-4745.59
-6544.49
-8268.93
-9915.82
-11485.1
-12978.3
-14397.9
-15746.8
-17028
-18244.4
-19398.5
-20493
-21530.1
-22511.8
-23440.1
-24316.6
-25142.8
-25920
-26649.4
-27332
-27968.7
-28560.3
-29107.3
-29610.5
-30070.1
-30486.6
-30860.3
-31191.4
-31480.1
-31726.5
-31931.1
-32094.4
-32217.4
-32302.4
-32353
-32375.7
-32381.1
-32380.1
-967.569
-2880.13
-4745.53
-6544.41
-8268.82
-9915.7
-11484.9
-12978.1
-14397.7
-15746.7
-17027.9
-18244.2
-19398.3
-20492.8
-21529.8
-22511.6
-23439.9
-24316.4
-25142.6
-25919.8
-26649.2
-27331.8
-27968.5
-28560.1
-29107.1
-29610.3
-30069.9
-30486.4
-30860.1
-31191.2
-31479.8
-31726.3
-31930.9
-32094.1
-32217.2
-32302.2
-32352.8
-32375.5
-32380.9
-32379.9
-967.555
-2880.08
-4745.46
-6544.31
-8268.7
-9915.56
-11484.8
-12977.9
-14397.5
-15746.5
-17027.7
-18244
-19398.1
-20492.5
-21529.6
-22511.4
-23439.7
-24316.2
-25142.4
-25919.6
-26649
-27331.6
-27968.3
-28559.8
-29106.9
-29610
-30069.7
-30486.2
-30859.9
-31190.9
-31479.6
-31726
-31930.6
-32093.9
-32217
-32301.9
-32352.6
-32375.2
-32380.7
-32379.6
-967.538
-2880.03
-4745.38
-6544.2
-8268.57
-9915.4
-11484.6
-12977.7
-14397.3
-15746.3
-17027.4
-18243.7
-19397.9
-20492.3
-21529.4
-22511.1
-23439.4
-24315.9
-25142.1
-25919.3
-26648.7
-27331.3
-27968
-28559.6
-29106.6
-29609.7
-30069.4
-30485.9
-30859.6
-31190.7
-31479.3
-31725.8
-31930.4
-32093.6
-32216.7
-32301.7
-32352.3
-32375
-32380.4
-32379.4
-967.519
-2879.98
-4745.29
-6544.08
-8268.42
-9915.23
-11484.4
-12977.5
-14397.1
-15746
-17027.2
-18243.5
-19397.6
-20492.1
-21529.1
-22510.9
-23439.2
-24315.7
-25141.9
-25919.1
-26648.5
-27331
-27967.7
-28559.3
-29106.3
-29609.5
-30069.1
-30485.6
-30859.3
-31190.4
-31479.1
-31725.5
-31930.1
-32093.4
-32216.5
-32301.4
-32352.1
-32374.7
-32380.2
-32379.1
-967.499
-2879.92
-4745.19
-6543.95
-8268.27
-9915.06
-11484.2
-12977.3
-14396.9
-15745.8
-17027
-18243.2
-19397.4
-20491.8
-21528.9
-22510.6
-23438.9
-24315.4
-25141.6
-25918.8
-26648.2
-27330.8
-27967.5
-28559
-29106.1
-29609.2
-30068.9
-30485.4
-30859.1
-31190.1
-31478.8
-31725.3
-31929.8
-32093.1
-32216.2
-32301.2
-32351.8
-32374.5
-32379.9
-32378.9
-967.479
-2879.86
-4745.1
-6543.83
-8268.13
-9914.89
-11484
-12977.1
-14396.7
-15745.6
-17026.7
-18243
-19397.1
-20491.6
-21528.6
-22510.4
-23438.7
-24315.2
-25141.4
-25918.6
-26647.9
-27330.5
-27967.2
-28558.8
-29105.8
-29609
-30068.6
-30485.1
-30858.8
-31189.9
-31478.5
-31725
-31929.6
-32092.9
-32215.9
-32300.9
-32351.6
-32374.2
-32379.7
-32378.6
-967.465
-2879.82
-4745.03
-6543.74
-8268.01
-9914.77
-11483.9
-12977
-14396.6
-15745.4
-17026.6
-18242.8
-19397
-20491.4
-21528.5
-22510.2
-23438.5
-24315
-25141.2
-25918.4
-26647.8
-27330.4
-27967
-28558.6
-29105.6
-29608.8
-30068.4
-30484.9
-30858.6
-31189.7
-31478.4
-31724.8
-31929.4
-32092.7
-32215.8
-32300.7
-32351.4
-32374
-32379.5
-32378.4
-967.467
-2879.81
-4745.01
-6543.71
-8267.97
-9914.71
-11483.8
-12976.9
-14396.5
-15745.4
-17026.5
-18242.8
-19396.9
-20491.3
-21528.4
-22510.1
-23438.4
-24314.9
-25141.1
-25918.3
-26647.7
-27330.3
-27967
-28558.5
-29105.6
-29608.7
-30068.3
-30484.9
-30858.5
-31189.6
-31478.3
-31724.7
-31929.3
-32092.6
-32215.7
-32300.6
-32351.3
-32373.9
-32379.3
-32378.3
-1058.23
-3130.58
-5130.79
-7040.42
-8854.93
-10575
-12204
-13746.2
-15206.4
-16589.3
-17899
-19139.4
-20314.1
-21426.2
-22478.4
-23473.3
-24412.9
-25299.2
-26133.8
-26918.3
-27653.9
-28341.7
-28982.7
-29577.7
-30127.3
-30632.2
-31092.6
-31509
-31881.5
-32210.1
-32494.8
-32735.4
-32931.9
-33084.1
-33192.4
-33257.7
-33283.4
-33279.9
-33262
-33245
-1058.26
-3130.65
-5130.88
-7040.53
-8855.06
-10575.1
-12204.1
-13746.4
-15206.6
-16589.4
-17899.1
-19139.6
-20314.3
-21426.4
-22478.6
-23473.5
-24413.1
-25299.4
-26134
-26918.5
-27654.1
-28341.9
-28982.9
-29577.8
-30127.5
-30632.3
-31092.8
-31509.2
-31881.7
-32210.3
-32494.9
-32735.6
-32932.1
-33084.3
-33192.5
-33257.9
-33283.6
-33280.1
-33262.1
-33245.2
-1058.29
-3130.74
-5131.02
-7040.71
-8855.26
-10575.4
-12204.4
-13746.6
-15206.9
-16589.7
-17899.4
-19139.9
-20314.6
-21426.7
-22478.9
-23473.8
-24413.4
-25299.7
-26134.3
-26918.8
-27654.4
-28342.2
-28983.2
-29578.2
-30127.8
-30632.7
-31093.1
-31509.5
-31882
-32210.6
-32495.3
-32735.9
-32932.4
-33084.6
-33192.8
-33258.2
-33283.9
-33280.4
-33262.4
-33245.5
-1058.32
-3130.84
-5131.17
-7040.9
-8855.49
-10575.6
-12204.6
-13746.9
-15207.2
-16590
-17899.7
-19140.2
-20314.9
-21427
-22479.3
-23474.1
-24413.7
-25300
-26134.7
-26919.1
-27654.7
-28342.5
-28983.5
-29578.5
-30128.2
-30633
-31093.5
-31509.9
-31882.3
-32210.9
-32495.6
-32736.3
-32932.7
-33085
-33193.2
-33258.5
-33284.2
-33280.7
-33262.7
-33245.8
-1058.35
-3130.92
-5131.31
-7041.08
-8855.71
-10575.9
-12204.9
-13747.2
-15207.5
-16590.3
-17900
-19140.5
-20315.2
-21427.3
-22479.6
-23474.4
-24414.1
-25300.4
-26135
-26919.5
-27655.1
-28342.9
-28983.9
-29578.9
-30128.5
-30633.4
-31093.8
-31510.2
-31882.7
-32211.3
-32496
-32736.6
-32933.1
-33085.3
-33193.5
-33258.9
-33284.6
-33281
-33263.1
-33246.1
-1058.38
-3131
-5131.43
-7041.24
-8855.9
-10576.1
-12205.1
-13747.5
-15207.7
-16590.6
-17900.3
-19140.8
-20315.6
-21427.7
-22479.9
-23474.8
-24414.4
-25300.7
-26135.3
-26919.8
-27655.4
-28343.2
-28984.2
-29579.2
-30128.9
-30633.7
-31094.2
-31510.6
-31883
-32211.6
-32496.3
-32737
-32933.4
-33085.6
-33193.9
-33259.2
-33284.9
-33281.4
-33263.4
-33246.4
-1058.4
-3131.06
-5131.53
-7041.38
-8856.07
-10576.3
-12205.4
-13747.7
-15208
-16590.9
-17900.6
-19141.1
-20315.8
-21428
-22480.2
-23475.1
-24414.7
-25301
-26135.7
-26920.1
-27655.7
-28343.5
-28984.5
-29579.5
-30129.2
-30634
-31094.5
-31510.9
-31883.3
-32211.9
-32496.6
-32737.3
-32933.7
-33086
-33194.2
-33259.5
-33285.2
-33281.7
-33263.7
-33246.7
-1058.42
-3131.12
-5131.62
-7041.5
-8856.21
-10576.5
-12205.5
-13747.9
-15208.2
-16591.1
-17900.9
-19141.4
-20316.1
-21428.2
-22480.5
-23475.4
-24415
-25301.3
-26135.9
-26920.4
-27656
-28343.8
-28984.8
-29579.8
-30129.5
-30634.3
-31094.8
-31511.2
-31883.6
-32212.2
-32496.9
-32737.6
-32934
-33086.2
-33194.4
-33259.8
-33285.5
-33281.9
-33264
-33247
-1058.43
-3131.16
-5131.69
-7041.6
-8856.34
-10576.6
-12205.7
-13748.1
-15208.4
-16591.3
-17901.1
-19141.6
-20316.3
-21428.5
-22480.7
-23475.6
-24415.2
-25301.5
-26136.2
-26920.7
-27656.3
-28344.1
-28985.1
-29580.1
-30129.7
-30634.6
-31095
-31511.4
-31883.9
-32212.5
-32497.2
-32737.8
-32934.3
-33086.5
-33194.7
-33260
-33285.7
-33282.2
-33264.2
-33247.2
-1058.45
-3131.2
-5131.75
-7041.68
-8856.44
-10576.7
-12205.8
-13748.2
-15208.6
-16591.5
-17901.3
-19141.8
-20316.5
-21428.7
-22480.9
-23475.8
-24415.4
-25301.8
-26136.4
-26920.9
-27656.5
-28344.3
-28985.3
-29580.3
-30130
-30634.8
-31095.3
-31511.7
-31884.1
-32212.7
-32497.4
-32738
-32934.5
-33086.7
-33194.9
-33260.3
-33286
-33282.4
-33264.4
-33247.5
-1058.46
-3131.23
-5131.81
-7041.76
-8856.53
-10576.8
-12206
-13748.4
-15208.7
-16591.7
-17901.4
-19141.9
-20316.7
-21428.8
-22481.1
-23476
-24415.6
-25301.9
-26136.6
-26921.1
-27656.7
-28344.5
-28985.5
-29580.5
-30130.2
-30635
-31095.5
-31511.9
-31884.3
-32212.9
-32497.6
-32738.2
-32934.7
-33086.9
-33195.1
-33260.5
-33286.2
-33282.6
-33264.6
-33247.6
-1058.47
-3131.26
-5131.85
-7041.82
-8856.61
-10576.9
-12206.1
-13748.5
-15208.8
-16591.8
-17901.6
-19142.1
-20316.9
-21429
-22481.3
-23476.2
-24415.8
-25302.1
-26136.8
-26921.3
-27656.9
-28344.7
-28985.7
-29580.7
-30130.3
-30635.2
-31095.7
-31512
-31884.5
-32213.1
-32497.8
-32738.4
-32934.9
-33087.1
-33195.3
-33260.6
-33286.3
-33282.8
-33264.8
-33247.8
-1058.47
-3131.28
-5131.89
-7041.87
-8856.67
-10577
-12206.2
-13748.6
-15209
-16591.9
-17901.7
-19142.2
-20317
-21429.1
-22481.4
-23476.3
-24416
-25302.3
-26136.9
-26921.4
-27657
-28344.8
-28985.9
-29580.8
-30130.5
-30635.3
-31095.8
-31512.2
-31884.7
-32213.2
-32497.9
-32738.6
-32935.1
-33087.3
-33195.5
-33260.8
-33286.5
-33282.9
-33264.9
-33248
-1058.48
-3131.3
-5131.92
-7041.91
-8856.73
-10577.1
-12206.2
-13748.7
-15209
-16592
-17901.8
-19142.3
-20317.1
-21429.3
-22481.5
-23476.4
-24416.1
-25302.4
-26137.1
-26921.6
-27657.2
-28345
-28986
-29581
-30130.6
-30635.5
-31096
-31512.3
-31884.8
-32213.4
-32498.1
-32738.7
-32935.2
-33087.4
-33195.6
-33260.9
-33286.6
-33283.1
-33265.1
-33248.1
-1058.49
-3131.32
-5131.94
-7041.94
-8856.77
-10577.1
-12206.3
-13748.7
-15209.1
-16592.1
-17901.9
-19142.4
-20317.2
-21429.4
-22481.6
-23476.5
-24416.2
-25302.5
-26137.2
-26921.7
-27657.3
-28345.1
-28986.1
-29581.1
-30130.7
-30635.6
-31096.1
-31512.4
-31884.9
-32213.5
-32498.2
-32738.8
-32935.3
-33087.5
-33195.7
-33261.1
-33286.7
-33283.2
-33265.2
-33248.2
-1058.49
-3131.33
-5131.96
-7041.97
-8856.81
-10577.2
-12206.3
-13748.8
-15209.2
-16592.1
-17901.9
-19142.5
-20317.3
-21429.4
-22481.7
-23476.6
-24416.3
-25302.6
-26137.3
-26921.8
-27657.4
-28345.2
-28986.2
-29581.2
-30130.8
-30635.7
-31096.2
-31512.5
-31885
-32213.6
-32498.3
-32738.9
-32935.4
-33087.6
-33195.8
-33261.1
-33286.8
-33283.3
-33265.3
-33248.3
-1058.49
-3131.34
-5131.98
-7041.99
-8856.83
-10577.2
-12206.4
-13748.8
-15209.2
-16592.2
-17902
-19142.5
-20317.3
-21429.5
-22481.8
-23476.7
-24416.3
-25302.7
-26137.3
-26921.8
-27657.4
-28345.3
-28986.3
-29581.3
-30130.9
-30635.8
-31096.2
-31512.6
-31885.1
-32213.7
-32498.4
-32739
-32935.5
-33087.7
-33195.9
-33261.2
-33286.9
-33283.4
-33265.4
-33248.4
-1058.5
-3131.35
-5131.99
-7042.01
-8856.85
-10577.2
-12206.4
-13748.9
-15209.3
-16592.2
-17902
-19142.6
-20317.4
-21429.5
-22481.8
-23476.7
-24416.4
-25302.7
-26137.4
-26921.9
-27657.5
-28345.3
-28986.3
-29581.3
-30131
-30635.8
-31096.3
-31512.7
-31885.1
-32213.7
-32498.4
-32739.1
-32935.5
-33087.7
-33195.9
-33261.3
-33287
-33283.4
-33265.4
-33248.5
-1058.5
-3131.35
-5132
-7042.02
-8856.87
-10577.2
-12206.4
-13748.9
-15209.3
-16592.3
-17902.1
-19142.6
-20317.4
-21429.6
-22481.9
-23476.8
-24416.4
-25302.8
-26137.4
-26921.9
-27657.5
-28345.4
-28986.4
-29581.4
-30131
-30635.9
-31096.3
-31512.7
-31885.2
-32213.8
-32498.5
-32739.1
-32935.6
-33087.8
-33196
-33261.3
-33287
-33283.5
-33265.5
-33248.5
-1058.5
-3131.35
-5132.01
-7042.03
-8856.88
-10577.2
-12206.4
-13748.9
-15209.3
-16592.3
-17902.1
-19142.6
-20317.4
-21429.6
-22481.9
-23476.8
-24416.5
-25302.8
-26137.5
-26921.9
-27657.6
-28345.4
-28986.4
-29581.4
-30131
-30635.9
-31096.4
-31512.7
-31885.2
-32213.8
-32498.5
-32739.1
-32935.6
-33087.8
-33196
-33261.3
-33287
-33283.5
-33265.5
-33248.5
-1058.5
-3131.35
-5132.01
-7042.03
-8856.88
-10577.2
-12206.4
-13748.9
-15209.3
-16592.3
-17902.1
-19142.6
-20317.4
-21429.6
-22481.9
-23476.8
-24416.5
-25302.8
-26137.5
-26922
-27657.6
-28345.4
-28986.4
-29581.4
-30131
-30635.9
-31096.4
-31512.7
-31885.2
-32213.8
-32498.5
-32739.1
-32935.6
-33087.8
-33196
-33261.4
-33287
-33283.5
-33265.5
-33248.5
-1058.5
-3131.35
-5132
-7042.03
-8856.87
-10577.2
-12206.4
-13748.9
-15209.3
-16592.3
-17902.1
-19142.6
-20317.4
-21429.6
-22481.9
-23476.8
-24416.4
-25302.8
-26137.4
-26921.9
-27657.5
-28345.4
-28986.4
-29581.4
-30131
-30635.9
-31096.4
-31512.7
-31885.2
-32213.8
-32498.5
-32739.1
-32935.6
-33087.8
-33196
-33261.3
-33287
-33283.5
-33265.5
-33248.5
-1058.5
-3131.35
-5132
-7042.02
-8856.86
-10577.2
-12206.4
-13748.9
-15209.3
-16592.2
-17902.1
-19142.6
-20317.4
-21429.6
-22481.9
-23476.8
-24416.4
-25302.7
-26137.4
-26921.9
-27657.5
-28345.3
-28986.4
-29581.3
-30131
-30635.9
-31096.3
-31512.7
-31885.2
-32213.8
-32498.4
-32739.1
-32935.6
-33087.8
-33196
-33261.3
-33287
-33283.5
-33265.5
-33248.5
-1058.49
-3131.34
-5131.99
-7042
-8856.84
-10577.2
-12206.4
-13748.8
-15209.2
-16592.2
-17902
-19142.6
-20317.4
-21429.5
-22481.8
-23476.7
-24416.4
-25302.7
-26137.4
-26921.9
-27657.5
-28345.3
-28986.3
-29581.3
-30131
-30635.8
-31096.3
-31512.7
-31885.1
-32213.7
-32498.4
-32739.1
-32935.5
-33087.7
-33195.9
-33261.3
-33287
-33283.4
-33265.4
-33248.4
-1058.49
-3131.33
-5131.97
-7041.98
-8856.82
-10577.2
-12206.4
-13748.8
-15209.2
-16592.2
-17902
-19142.5
-20317.3
-21429.5
-22481.8
-23476.7
-24416.3
-25302.6
-26137.3
-26921.8
-27657.4
-28345.2
-28986.2
-29581.2
-30130.9
-30635.7
-31096.2
-31512.6
-31885.1
-32213.6
-32498.3
-32739
-32935.5
-33087.7
-33195.9
-33261.2
-33286.9
-33283.3
-33265.3
-33248.4
-1058.49
-3131.32
-5131.95
-7041.95
-8856.78
-10577.1
-12206.3
-13748.7
-15209.1
-16592.1
-17901.9
-19142.4
-20317.2
-21429.4
-22481.7
-23476.6
-24416.2
-25302.6
-26137.2
-26921.7
-27657.3
-28345.2
-28986.2
-29581.2
-30130.8
-30635.7
-31096.1
-31512.5
-31885
-32213.6
-32498.3
-32738.9
-32935.4
-33087.6
-33195.8
-33261.1
-33286.8
-33283.3
-33265.3
-33248.3
-1058.48
-3131.31
-5131.93
-7041.92
-8856.74
-10577.1
-12206.3
-13748.7
-15209.1
-16592
-17901.8
-19142.4
-20317.1
-21429.3
-22481.6
-23476.5
-24416.1
-25302.5
-26137.1
-26921.6
-27657.2
-28345
-28986.1
-29581
-30130.7
-30635.6
-31096
-31512.4
-31884.9
-32213.5
-32498.1
-32738.8
-32935.3
-33087.5
-33195.7
-33261
-33286.7
-33283.2
-33265.2
-33248.2
-1058.48
-3131.29
-5131.9
-7041.88
-8856.69
-10577
-12206.2
-13748.6
-15209
-16591.9
-17901.7
-19142.3
-20317
-21429.2
-22481.5
-23476.4
-24416
-25302.3
-26137
-26921.5
-27657.1
-28344.9
-28985.9
-29580.9
-30130.6
-30635.4
-31095.9
-31512.3
-31884.7
-32213.3
-32498
-32738.7
-32935.1
-33087.3
-33195.5
-33260.9
-33286.6
-33283
-33265
-33248.1
-1058.47
-3131.27
-5131.86
-7041.83
-8856.63
-10576.9
-12206.1
-13748.5
-15208.9
-16591.8
-17901.6
-19142.1
-20316.9
-21429.1
-22481.3
-23476.2
-24415.9
-25302.2
-26136.9
-26921.3
-27657
-28344.8
-28985.8
-29580.8
-30130.4
-30635.3
-31095.8
-31512.1
-31884.6
-32213.2
-32497.9
-32738.5
-32935
-33087.2
-33195.4
-33260.7
-33286.4
-33282.9
-33264.9
-33247.9
-1058.46
-3131.24
-5131.82
-7041.77
-8856.56
-10576.9
-12206
-13748.4
-15208.8
-16591.7
-17901.5
-19142
-20316.8
-21428.9
-22481.2
-23476.1
-24415.7
-25302
-26136.7
-26921.2
-27656.8
-28344.6
-28985.6
-29580.6
-30130.3
-30635.1
-31095.6
-31512
-31884.4
-32213
-32497.7
-32738.4
-32934.8
-33087
-33195.2
-33260.6
-33286.3
-33282.7
-33264.7
-33247.8
-1058.45
-3131.21
-5131.77
-7041.7
-8856.47
-10576.8
-12205.9
-13748.3
-15208.6
-16591.5
-17901.3
-19141.8
-20316.6
-21428.7
-22481
-23475.9
-24415.5
-25301.8
-26136.5
-26921
-27656.6
-28344.4
-28985.4
-29580.4
-30130.1
-30634.9
-31095.4
-31511.8
-31884.2
-32212.8
-32497.5
-32738.2
-32934.6
-33086.8
-33195
-33260.4
-33286.1
-33282.5
-33264.5
-33247.6
-1058.44
-3131.17
-5131.71
-7041.62
-8856.36
-10576.6
-12205.7
-13748.1
-15208.5
-16591.4
-17901.1
-19141.6
-20316.4
-21428.5
-22480.8
-23475.7
-24415.3
-25301.6
-26136.3
-26920.8
-27656.4
-28344.2
-28985.2
-29580.2
-30129.8
-30634.7
-31095.2
-31511.5
-31884
-32212.6
-32497.3
-32737.9
-32934.4
-33086.6
-33194.8
-33260.2
-33285.9
-33282.3
-33264.3
-33247.4
-1058.42
-3131.13
-5131.63
-7041.52
-8856.24
-10576.5
-12205.6
-13747.9
-15208.3
-16591.2
-17900.9
-19141.4
-20316.2
-21428.3
-22480.6
-23475.4
-24415.1
-25301.4
-26136
-26920.5
-27656.1
-28343.9
-28984.9
-29579.9
-30129.6
-30634.4
-31094.9
-31511.3
-31883.7
-32212.3
-32497
-32737.7
-32934.2
-33086.4
-33194.6
-33259.9
-33285.6
-33282.1
-33264.1
-33247.1
-1058.4
-3131.07
-5131.55
-7041.4
-8856.1
-10576.3
-12205.4
-13747.7
-15208
-16590.9
-17900.7
-19141.2
-20315.9
-21428
-22480.3
-23475.2
-24414.8
-25301.1
-26135.8
-26920.2
-27655.8
-28343.6
-28984.6
-29579.6
-30129.3
-30634.1
-31094.6
-31511
-31883.5
-32212
-32496.7
-32737.4
-32933.9
-33086.1
-33194.3
-33259.6
-33285.3
-33281.8
-33263.8
-33246.8
-1058.38
-3131.01
-5131.44
-7041.26
-8855.93
-10576.1
-12205.2
-13747.5
-15207.8
-16590.7
-17900.4
-19140.9
-20315.6
-21427.7
-22480
-23474.9
-24414.5
-25300.8
-26135.4
-26919.9
-27655.5
-28343.3
-28984.3
-29579.3
-30129
-30633.8
-31094.3
-31510.7
-31883.1
-32211.7
-32496.4
-32737.1
-32933.6
-33085.8
-33194
-33259.3
-33285
-33281.5
-33263.5
-33246.6
-1058.36
-3130.93
-5131.32
-7041.1
-8855.74
-10575.9
-12204.9
-13747.2
-15207.5
-16590.4
-17900.1
-19140.6
-20315.3
-21427.4
-22479.7
-23474.5
-24414.2
-25300.5
-26135.1
-26919.6
-27655.2
-28343
-28984
-29579
-30128.6
-30633.5
-31094
-31510.3
-31882.8
-32211.4
-32496.1
-32736.8
-32933.2
-33085.4
-33193.7
-33259
-33284.7
-33281.2
-33263.2
-33246.2
-1058.33
-3130.85
-5131.19
-7040.93
-8855.52
-10575.7
-12204.7
-13747
-15207.2
-16590.1
-17899.8
-19140.3
-20315
-21427.1
-22479.3
-23474.2
-24413.8
-25300.1
-26134.8
-26919.2
-27654.8
-28342.6
-28983.6
-29578.6
-30128.3
-30633.1
-31093.6
-31510
-31882.4
-32211
-32495.7
-32736.4
-32932.9
-33085.1
-33193.3
-33258.7
-33284.4
-33280.9
-33262.9
-33245.9
-1058.29
-3130.75
-5131.04
-7040.74
-8855.3
-10575.4
-12204.4
-13746.7
-15206.9
-16589.8
-17899.5
-19139.9
-20314.7
-21426.8
-22479
-23473.9
-24413.5
-25299.8
-26134.4
-26918.9
-27654.5
-28342.3
-28983.3
-29578.3
-30127.9
-30632.8
-31093.3
-31509.6
-31882.1
-32210.7
-32495.4
-32736.1
-32932.5
-33084.8
-33193
-33258.3
-33284
-33280.5
-33262.6
-33245.6
-1058.26
-3130.67
-5130.91
-7040.57
-8855.1
-10575.2
-12204.2
-13746.4
-15206.7
-16589.5
-17899.2
-19139.7
-20314.4
-21426.5
-22478.7
-23473.6
-24413.2
-25299.5
-26134.1
-26918.6
-27654.2
-28342
-28983
-29578
-30127.6
-30632.5
-31093
-31509.3
-31881.8
-32210.4
-32495.1
-32735.8
-32932.2
-33084.5
-33192.7
-33258
-33283.7
-33280.2
-33262.3
-33245.3
-1058.25
-3130.62
-5130.83
-7040.47
-8854.99
-10575.1
-12204
-13746.3
-15206.5
-16589.4
-17899.1
-19139.5
-20314.2
-21426.3
-22478.6
-23473.4
-24413
-25299.3
-26134
-26918.4
-27654
-28341.8
-28982.8
-29577.8
-30127.5
-30632.3
-31092.8
-31509.2
-31881.6
-32210.2
-32494.9
-32735.6
-32932.1
-33084.3
-33192.5
-33257.8
-33283.5
-33280
-33262.1
-33245.1
-1171.74
-3432.09
-5581.09
-7606.19
-9510.25
-11300.4
-12984.7
-14571.4
-16067.7
-17480.2
-18814.6
-20075.7
-21267.9
-22394.9
-23459.9
-24465.6
-25414.7
-26309.1
-27150.7
-27941.1
-28681.8
-29373.9
-30018.4
-30616.1
-31167.8
-31674
-32135
-32551.1
-32922.2
-33248.4
-33529.3
-33764.3
-33952.8
-34093.7
-34185.9
-34228.5
-34226.9
-34192.6
-34141.4
-34097.9
-1171.82
-3432.27
-5581.32
-7606.45
-9510.55
-11300.7
-12985.1
-14571.7
-16068.1
-17480.6
-18814.9
-20076.1
-21268.3
-22395.2
-23460.2
-24466
-25415
-26309.4
-27151.1
-27941.5
-28682.2
-29374.3
-30018.8
-30616.5
-31168.2
-31674.4
-32135.4
-32551.4
-32922.6
-33248.8
-33529.6
-33764.7
-33953.1
-34094
-34186.2
-34228.8
-34227.2
-34192.9
-34141.7
-34098.2
-1171.89
-3432.45
-5581.58
-7606.77
-9510.9
-11301.1
-12985.5
-14572.2
-16068.5
-17481
-18815.4
-20076.5
-21268.7
-22395.7
-23460.7
-24466.5
-25415.5
-26309.9
-27151.5
-27942
-28682.7
-29374.7
-30019.2
-30617
-31168.7
-31674.9
-32135.9
-32551.9
-32923.1
-33249.3
-33530.1
-33765.1
-33953.6
-34094.5
-34186.7
-34229.3
-34227.7
-34193.4
-34142.1
-34098.6
-1171.94
-3432.6
-5581.81
-7607.06
-9511.24
-11301.4
-12985.9
-14572.6
-16069
-17481.5
-18815.8
-20077
-21269.2
-22396.2
-23461.2
-24467
-25416
-26310.4
-27152
-27942.5
-28683.2
-29375.2
-30019.7
-30617.5
-31169.2
-31675.3
-32136.4
-32552.4
-32923.6
-33249.8
-33530.6
-33765.6
-33954.1
-34095
-34187.2
-34229.8
-34228.2
-34193.8
-34142.6
-34099
-1171.99
-3432.72
-5582
-7607.31
-9511.53
-11301.8
-12986.2
-14573
-16069.3
-17481.9
-18816.3
-20077.4
-21269.6
-22396.6
-23461.6
-24467.4
-25416.4
-26310.9
-27152.5
-27942.9
-28683.6
-29375.7
-30020.2
-30618
-31169.6
-31675.8
-32136.8
-32552.9
-32924
-33250.2
-33531.1
-33766.1
-33954.5
-34095.4
-34187.6
-34230.2
-34228.6
-34194.3
-34143
-34099.5
-1172.02
-3432.82
-5582.16
-7607.51
-9511.78
-11302
-12986.5
-14573.3
-16069.7
-17482.2
-18816.6
-20077.8
-21270
-22397
-23462
-24467.8
-25416.8
-26311.3
-27152.9
-27943.4
-28684
-29376.1
-30020.6
-30618.4
-31170.1
-31676.2
-32137.2
-32553.3
-32924.5
-33250.6
-33531.5
-33766.5
-33955
-34095.8
-34188
-34230.6
-34229
-34194.7
-34143.4
-34099.8
-1172.05
-3432.9
-5582.28
-7607.68
-9511.98
-11302.3
-12986.8
-14573.6
-16070
-17482.6
-18817
-20078.1
-21270.4
-22397.4
-23462.4
-24468.2
-25417.2
-26311.6
-27153.3
-27943.7
-28684.4
-29376.5
-30021
-30618.7
-31170.4
-31676.6
-32137.6
-32553.7
-32924.8
-33251
-33531.9
-33766.9
-33955.3
-34096.2
-34188.4
-34231
-34229.3
-34195
-34143.7
-34100.2
-1172.07
-3432.96
-5582.39
-7607.82
-9512.15
-11302.5
-12987
-14573.8
-16070.2
-17482.8
-18817.2
-20078.4
-21270.7
-22397.7
-23462.7
-24468.5
-25417.5
-26311.9
-27153.6
-27944.1
-28684.7
-29376.8
-30021.3
-30619.1
-31170.8
-31676.9
-32137.9
-32554
-32925.2
-33251.3
-33532.2
-33767.2
-33955.6
-34096.5
-34188.7
-34231.3
-34229.6
-34195.3
-34144
-34100.5
-1172.09
-3433.02
-5582.47
-7607.94
-9512.3
-11302.6
-12987.2
-14574
-16070.5
-17483.1
-18817.5
-20078.7
-21270.9
-22397.9
-23462.9
-24468.8
-25417.8
-26312.2
-27153.9
-27944.3
-28685
-29377.1
-30021.6
-30619.4
-31171.1
-31677.2
-32138.2
-32554.3
-32925.5
-33251.6
-33532.5
-33767.5
-33955.9
-34096.8
-34189
-34231.6
-34229.9
-34195.6
-34144.3
-34100.8
-1172.1
-3433.06
-5582.54
-7608.03
-9512.42
-11302.8
-12987.3
-14574.2
-16070.6
-17483.3
-18817.7
-20078.9
-21271.1
-22398.2
-23463.2
-24469
-25418
-26312.5
-27154.1
-27944.6
-28685.3
-29377.4
-30021.9
-30619.6
-31171.3
-31677.5
-32138.5
-32554.5
-32925.7
-33251.9
-33532.7
-33767.7
-33956.2
-34097.1
-34189.2
-34231.8
-34230.2
-34195.8
-34144.5
-34101
-1172.11
-3433.09
-5582.6
-7608.11
-9512.52
-11302.9
-12987.5
-14574.3
-16070.8
-17483.4
-18817.9
-20079.1
-21271.3
-22398.4
-23463.4
-24469.2
-25418.3
-26312.7
-27154.3
-27944.8
-28685.5
-29377.6
-30022.1
-30619.8
-31171.5
-31677.7
-32138.7
-32554.8
-32925.9
-33252.1
-33533
-33768
-33956.4
-34097.3
-34189.5
-34232
-34230.4
-34196
-34144.7
-34101.2
-1172.12
-3433.12
-5582.65
-7608.18
-9512.6
-11303
-12987.6
-14574.5
-16070.9
-17483.6
-18818
-20079.2
-21271.5
-22398.5
-23463.6
-24469.4
-25418.4
-26312.9
-27154.5
-27945
-28685.7
-29377.8
-30022.3
-30620
-31171.7
-31677.9
-32138.9
-32555
-32926.1
-33252.3
-33533.1
-33768.2
-33956.6
-34097.5
-34189.7
-34232.2
-34230.6
-34196.2
-34144.9
-34101.4
-1172.13
-3433.15
-5582.69
-7608.23
-9512.67
-11303.1
-12987.7
-14574.6
-16071.1
-17483.7
-18818.1
-20079.4
-21271.6
-22398.7
-23463.7
-24469.5
-25418.6
-26313
-27154.7
-27945.2
-28685.8
-29377.9
-30022.4
-30620.2
-31171.9
-31678.1
-32139.1
-32555.1
-32926.3
-33252.5
-33533.3
-33768.3
-33956.8
-34097.6
-34189.8
-34232.4
-34230.7
-34196.4
-34145.1
-34101.6
-1172.14
-3433.17
-5582.72
-7608.28
-9512.72
-11303.1
-12987.8
-14574.6
-16071.2
-17483.8
-18818.3
-20079.5
-21271.8
-22398.8
-23463.8
-24469.7
-25418.7
-26313.2
-27154.8
-27945.3
-28686
-29378.1
-30022.6
-30620.3
-31172
-31678.2
-32139.2
-32555.3
-32926.4
-33252.6
-33533.5
-33768.5
-33956.9
-34097.8
-34190
-34232.5
-34230.9
-34196.5
-34145.2
-34101.7
-1172.14
-3433.18
-5582.75
-7608.32
-9512.77
-11303.2
-12987.8
-14574.7
-16071.2
-17483.9
-18818.3
-20079.6
-21271.9
-22398.9
-23463.9
-24469.8
-25418.8
-26313.3
-27154.9
-27945.4
-28686.1
-29378.2
-30022.7
-30620.5
-31172.2
-31678.3
-32139.3
-32555.4
-32926.6
-33252.7
-33533.6
-33768.6
-33957
-34097.9
-34190.1
-34232.6
-34231
-34196.7
-34145.4
-34101.8
-1172.15
-3433.2
-5582.77
-7608.35
-9512.81
-11303.2
-12987.9
-14574.8
-16071.3
-17483.9
-18818.4
-20079.7
-21271.9
-22399
-23464
-24469.9
-25418.9
-26313.4
-27155
-27945.5
-28686.2
-29378.3
-30022.8
-30620.6
-31172.3
-31678.4
-32139.4
-32555.5
-32926.7
-33252.8
-33533.7
-33768.7
-33957.1
-34098
-34190.2
-34232.7
-34231.1
-34196.8
-34145.5
-34101.9
-1172.15
-3433.21
-5582.79
-7608.37
-9512.84
-11303.3
-12987.9
-14574.8
-16071.3
-17484
-18818.5
-20079.7
-21272
-22399.1
-23464.1
-24469.9
-25419
-26313.5
-27155.1
-27945.6
-28686.3
-29378.4
-30022.9
-30620.6
-31172.3
-31678.5
-32139.5
-32555.6
-32926.8
-33252.9
-33533.8
-33768.8
-33957.2
-34098.1
-34190.3
-34232.8
-34231.2
-34196.8
-34145.5
-34102
-1172.15
-3433.22
-5582.8
-7608.39
-9512.86
-11303.3
-12987.9
-14574.9
-16071.4
-17484
-18818.5
-20079.8
-21272.1
-22399.1
-23464.2
-24470
-25419.1
-26313.5
-27155.2
-27945.6
-28686.3
-29378.4
-30022.9
-30620.7
-31172.4
-31678.6
-32139.6
-32555.6
-32926.8
-33253
-33533.8
-33768.8
-33957.3
-34098.1
-34190.3
-34232.9
-34231.2
-34196.9
-34145.6
-34102.1
-1172.15
-3433.22
-5582.81
-7608.4
-9512.88
-11303.3
-12988
-14574.9
-16071.4
-17484.1
-18818.6
-20079.8
-21272.1
-22399.1
-23464.2
-24470
-25419.1
-26313.5
-27155.2
-27945.7
-28686.4
-29378.5
-30023
-30620.7
-31172.5
-31678.6
-32139.6
-32555.7
-32926.9
-33253
-33533.9
-33768.9
-33957.3
-34098.2
-34190.4
-34232.9
-34231.3
-34196.9
-34145.6
-34102.1
-1172.16
-3433.22
-5582.82
-7608.41
-9512.88
-11303.3
-12988
-14574.9
-16071.4
-17484.1
-18818.6
-20079.8
-21272.1
-22399.2
-23464.2
-24470
-25419.1
-26313.6
-27155.2
-27945.7
-28686.4
-29378.5
-30023
-30620.8
-31172.5
-31678.6
-32139.6
-32555.7
-32926.9
-33253
-33533.9
-33768.9
-33957.3
-34098.2
-34190.4
-34233
-34231.3
-34197
-34145.7
-34102.1
-1172.16
-3433.22
-5582.82
-7608.41
-9512.89
-11303.3
-12988
-14574.9
-16071.4
-17484.1
-18818.6
-20079.8
-21272.1
-22399.2
-23464.2
-24470.1
-25419.1
-26313.6
-27155.2
-27945.7
-28686.4
-29378.5
-30023
-30620.8
-31172.5
-31678.6
-32139.7
-32555.7
-32926.9
-33253.1
-33533.9
-33768.9
-33957.3
-34098.2
-34190.4
-34233
-34231.3
-34197
-34145.7
-34102.1
-1172.16
-3433.22
-5582.81
-7608.4
-9512.88
-11303.3
-12988
-14574.9
-16071.4
-17484.1
-18818.6
-20079.8
-21272.1
-22399.2
-23464.2
-24470
-25419.1
-26313.6
-27155.2
-27945.7
-28686.4
-29378.5
-30023
-30620.8
-31172.5
-31678.6
-32139.6
-32555.7
-32926.9
-33253
-33533.9
-33768.9
-33957.3
-34098.2
-34190.4
-34233
-34231.3
-34197
-34145.7
-34102.1
-1172.15
-3433.22
-5582.81
-7608.39
-9512.87
-11303.3
-12988
-14574.9
-16071.4
-17484.1
-18818.5
-20079.8
-21272.1
-22399.1
-23464.2
-24470
-25419.1
-26313.5
-27155.2
-27945.7
-28686.4
-29378.5
-30023
-30620.7
-31172.4
-31678.6
-32139.6
-32555.7
-32926.8
-33253
-33533.9
-33768.9
-33957.3
-34098.2
-34190.4
-34232.9
-34231.3
-34196.9
-34145.6
-34102.1
-1172.15
-3433.21
-5582.8
-7608.38
-9512.85
-11303.3
-12987.9
-14574.8
-16071.4
-17484
-18818.5
-20079.7
-21272
-22399.1
-23464.1
-24470
-25419
-26313.5
-27155.1
-27945.6
-28686.3
-29378.4
-30022.9
-30620.7
-31172.4
-31678.6
-32139.6
-32555.6
-32926.8
-33253
-33533.8
-33768.8
-33957.3
-34098.1
-34190.3
-34232.9
-34231.2
-34196.9
-34145.6
-34102
-1172.15
-3433.2
-5582.78
-7608.36
-9512.82
-11303.3
-12987.9
-14574.8
-16071.3
-17484
-18818.4
-20079.7
-21272
-22399
-23464.1
-24469.9
-25419
-26313.4
-27155.1
-27945.6
-28686.2
-29378.3
-30022.9
-30620.6
-31172.3
-31678.5
-32139.5
-32555.6
-32926.7
-33252.9
-33533.7
-33768.8
-33957.2
-34098.1
-34190.2
-34232.8
-34231.2
-34196.8
-34145.5
-34102
-1172.14
-3433.19
-5582.76
-7608.33
-9512.79
-11303.2
-12987.8
-14574.7
-16071.3
-17483.9
-18818.4
-20079.6
-21271.9
-22398.9
-23464
-24469.8
-25418.9
-26313.3
-27155
-27945.5
-28686.2
-29378.3
-30022.8
-30620.5
-31172.2
-31678.4
-32139.4
-32555.5
-32926.6
-33252.8
-33533.6
-33768.7
-33957.1
-34098
-34190.2
-34232.7
-34231.1
-34196.7
-34145.4
-34101.9
-1172.14
-3433.17
-5582.73
-7608.29
-9512.74
-11303.2
-12987.8
-14574.7
-16071.2
-17483.8
-18818.3
-20079.5
-21271.8
-22398.8
-23463.9
-24469.7
-25418.8
-26313.2
-27154.9
-27945.4
-28686
-29378.1
-30022.7
-30620.4
-31172.1
-31678.3
-32139.3
-32555.4
-32926.5
-33252.7
-33533.5
-33768.6
-33957
-34097.9
-34190
-34232.6
-34231
-34196.6
-34145.3
-34101.8
-1172.13
-3433.15
-5582.7
-7608.25
-9512.69
-11303.1
-12987.7
-14574.6
-16071.1
-17483.7
-18818.2
-20079.4
-21271.7
-22398.7
-23463.8
-24469.6
-25418.7
-26313.1
-27154.7
-27945.2
-28685.9
-29378
-30022.5
-30620.3
-31172
-31678.1
-32139.2
-32555.2
-32926.4
-33252.6
-33533.4
-33768.4
-33956.9
-34097.7
-34189.9
-34232.5
-34230.8
-34196.5
-34145.2
-34101.7
-1172.12
-3433.13
-5582.66
-7608.19
-9512.62
-11303
-12987.6
-14574.5
-16071
-17483.6
-18818.1
-20079.3
-21271.6
-22398.6
-23463.6
-24469.4
-25418.5
-26312.9
-27154.6
-27945.1
-28685.8
-29377.9
-30022.4
-30620.1
-31171.8
-31678
-32139
-32555.1
-32926.2
-33252.4
-33533.2
-33768.3
-33956.7
-34097.6
-34189.8
-34232.3
-34230.7
-34196.3
-34145
-34101.5
-1172.11
-3433.1
-5582.62
-7608.13
-9512.54
-11302.9
-12987.5
-14574.4
-16070.8
-17483.5
-18817.9
-20079.1
-21271.4
-22398.4
-23463.4
-24469.3
-25418.3
-26312.8
-27154.4
-27944.9
-28685.6
-29377.7
-30022.2
-30619.9
-31171.6
-31677.8
-32138.8
-32554.9
-32926
-33252.2
-33533.1
-33768.1
-33956.5
-34097.4
-34189.6
-34232.1
-34230.5
-34196.2
-34144.9
-34101.3
-1172.1
-3433.07
-5582.56
-7608.05
-9512.44
-11302.8
-12987.4
-14574.2
-16070.7
-17483.3
-18817.7
-20078.9
-21271.2
-22398.2
-23463.2
-24469.1
-25418.1
-26312.6
-27154.2
-27944.7
-28685.4
-29377.5
-30022
-30619.7
-31171.4
-31677.6
-32138.6
-32554.7
-32925.8
-33252
-33532.8
-33767.9
-33956.3
-34097.2
-34189.4
-34231.9
-34230.3
-34195.9
-34144.7
-34101.1
-1172.09
-3433.02
-5582.49
-7607.96
-9512.32
-11302.7
-12987.2
-14574.1
-16070.5
-17483.1
-18817.5
-20078.7
-21271
-22398
-23463
-24468.8
-25417.9
-26312.3
-27154
-27944.4
-28685.1
-29377.2
-30021.7
-30619.5
-31171.2
-31677.3
-32138.3
-32554.4
-32925.6
-33251.7
-33532.6
-33767.6
-33956
-34096.9
-34189.1
-34231.7
-34230.1
-34195.7
-34144.4
-34100.9
-1172.07
-3432.97
-5582.4
-7607.84
-9512.18
-11302.5
-12987
-14573.8
-16070.3
-17482.9
-18817.3
-20078.5
-21270.7
-22397.7
-23462.7
-24468.6
-25417.6
-26312
-27153.7
-27944.1
-28684.8
-29376.9
-30021.4
-30619.2
-31170.9
-31677
-32138.1
-32554.1
-32925.3
-33251.5
-33532.3
-33767.3
-33955.8
-34096.7
-34188.8
-34231.4
-34229.8
-34195.4
-34144.1
-34100.6
-1172.05
-3432.91
-5582.3
-7607.7
-9512.01
-11302.3
-12986.8
-14573.6
-16070
-17482.6
-18817
-20078.2
-21270.4
-22397.4
-23462.4
-24468.2
-25417.3
-26311.7
-27153.4
-27943.8
-28684.5
-29376.6
-30021.1
-30618.9
-31170.6
-31676.7
-32137.7
-32553.8
-32925
-33251.1
-33532
-33767
-33955.4
-34096.3
-34188.5
-34231.1
-34229.5
-34195.1
-34143.8
-34100.3
-1172.02
-3432.83
-5582.17
-7607.53
-9511.8
-11302.1
-12986.6
-14573.3
-16069.7
-17482.3
-18816.7
-20077.9
-21270.1
-22397.1
-23462.1
-24467.9
-25416.9
-26311.4
-27153
-27943.5
-28684.1
-29376.2
-30020.7
-30618.5
-31170.2
-31676.3
-32137.4
-32553.4
-32924.6
-33250.8
-33531.6
-33766.6
-33955.1
-34096
-34188.2
-34230.7
-34229.1
-34194.8
-34143.5
-34100
-1171.99
-3432.73
-5582.01
-7607.33
-9511.55
-11301.8
-12986.2
-14573
-16069.4
-17481.9
-18816.3
-20077.5
-21269.7
-22396.7
-23461.7
-24467.5
-25416.5
-26310.9
-27152.6
-27943
-28683.7
-29375.8
-30020.3
-30618.1
-31169.8
-31675.9
-32136.9
-32553
-32924.2
-33250.3
-33531.2
-33766.2
-33954.7
-34095.6
-34187.8
-34230.3
-34228.7
-34194.4
-34143.1
-34099.6
-1171.95
-3432.61
-5581.82
-7607.08
-9511.26
-11301.5
-12985.9
-14572.6
-16069
-17481.5
-18815.9
-20077.1
-21269.3
-22396.3
-23461.3
-24467
-25416.1
-26310.5
-27152.1
-27942.6
-28683.3
-29375.4
-30019.9
-30617.6
-31169.3
-31675.5
-32136.5
-32552.5
-32923.7
-33249.9
-33530.7
-33765.8
-33954.2
-34095.1
-34187.3
-34229.9
-34228.3
-34194
-34142.7
-34099.2
-1171.89
-3432.45
-5581.59
-7606.79
-9510.93
-11301.1
-12985.5
-14572.2
-16068.6
-17481.1
-18815.5
-20076.6
-21268.8
-22395.8
-23460.8
-24466.6
-25415.6
-26310
-27151.6
-27942.1
-28682.8
-29374.9
-30019.4
-30617.1
-31168.8
-31675
-32136
-32552.1
-32923.2
-33249.4
-33530.3
-33765.3
-33953.7
-34094.6
-34186.8
-34229.4
-34227.8
-34193.5
-34142.3
-34098.7
-1171.82
-3432.27
-5581.33
-7606.47
-9510.57
-11300.7
-12985.1
-14571.8
-16068.1
-17480.6
-18815
-20076.1
-21268.3
-22395.3
-23460.3
-24466.1
-25415.1
-26309.5
-27151.2
-27941.6
-28682.3
-29374.4
-30018.9
-30616.6
-31168.3
-31674.5
-32135.5
-32551.6
-32922.7
-33248.9
-33529.8
-33764.8
-33953.2
-34094.1
-34186.3
-34228.9
-34227.3
-34193.1
-34141.8
-34098.3
-1171.74
-3432.1
-5581.1
-7606.2
-9510.28
-11300.4
-12984.8
-14571.4
-16067.8
-17480.3
-18814.6
-20075.8
-21268
-22395
-23459.9
-24465.7
-25414.8
-26309.2
-27150.8
-27941.3
-28681.9
-29374
-30018.5
-30616.3
-31168
-31674.1
-32135.1
-32551.2
-32922.4
-33248.5
-33529.4
-33764.4
-33952.9
-34093.8
-34186
-34228.5
-34226.9
-34192.7
-34141.5
-34098
-1314.87
-3791.22
-6096.4
-8234.05
-10220.6
-12072.5
-13804.2
-15427.9
-16953.9
-18390.3
-19744.4
-21021.9
-22227.9
-23366.5
-24441.4
-25455.7
-26412
-27312.7
-28159.7
-28954.7
-29699.3
-30394.6
-31041.8
-31641.6
-32194.9
-32702
-33163.3
-33579
-33949
-34273
-34550.6
-34780.7
-34962.1
-35092.8
-35170
-35193.6
-35167.8
-35099.1
-35003.5
-34915.6
-1315.09
-3791.66
-6096.95
-8234.66
-10221.2
-12073.1
-13804.9
-15428.7
-16954.6
-18391.1
-19745.2
-21022.7
-22228.7
-23367.3
-24442.2
-25456.5
-26412.8
-27313.5
-28160.5
-28955.5
-29700.1
-30395.4
-31042.6
-31642.4
-32195.6
-32702.7
-33164.1
-33579.8
-33949.8
-34273.8
-34551.3
-34781.5
-34962.9
-35093.6
-35170.7
-35194.4
-35168.6
-35099.7
-35004.1
-34916.2
-1315.22
-3791.98
-6097.4
-8235.2
-10221.8
-12073.8
-13805.6
-15429.4
-16955.3
-18391.8
-19745.9
-21023.4
-22229.4
-23368
-24442.9
-25457.2
-26413.6
-27314.2
-28161.2
-28956.3
-29700.9
-30396.2
-31043.3
-31643.2
-32196.4
-32703.5
-33164.8
-33580.5
-33950.5
-34274.6
-34552.1
-34782.2
-34963.6
-35094.4
-35171.5
-35195.1
-35169.3
-35100.4
-35004.8
-34916.8
-1315.31
-3792.21
-6097.74
-8235.62
-10222.3
-12074.3
-13806.1
-15429.9
-16955.9
-18392.4
-19746.5
-21024.1
-22230
-23368.7
-24443.6
-25457.9
-26414.2
-27314.9
-28161.9
-28957
-29701.5
-30396.9
-31044
-31643.9
-32197.1
-32704.2
-33165.5
-33581.2
-33951.2
-34275.2
-34552.8
-34782.9
-34964.3
-35095
-35172.1
-35195.7
-35169.9
-35101
-35005.3
-34917.3
-1315.37
-3792.38
-6098
-8235.95
-10222.7
-12074.7
-13806.6
-15430.4
-16956.4
-18392.9
-19747
-21024.6
-22230.6
-23369.2
-24444.2
-25458.5
-26414.8
-27315.5
-28162.5
-28957.5
-29702.1
-30397.4
-31044.6
-31644.4
-32197.6
-32704.8
-33166.1
-33581.8
-33951.8
-34275.8
-34553.3
-34783.5
-34964.9
-35095.6
-35172.7
-35196.3
-35170.4
-35101.6
-35005.9
-34917.8
-1315.41
-3792.5
-6098.19
-8236.2
-10223
-12075.1
-13806.9
-15430.8
-16956.8
-18393.4
-19747.5
-21025.1
-22231.1
-23369.7
-24444.6
-25458.9
-26415.3
-27315.9
-28163
-28958
-29702.6
-30397.9
-31045.1
-31644.9
-32198.1
-32705.2
-33166.6
-33582.3
-33952.3
-34276.3
-34553.8
-34784
-34965.4
-35096.1
-35173.2
-35196.8
-35170.9
-35102
-35006.3
-34918.3
-1315.44
-3792.6
-6098.34
-8236.4
-10223.2
-12075.4
-13807.3
-15431.1
-16957.2
-18393.7
-19747.9
-21025.4
-22231.4
-23370.1
-24445
-25459.3
-26415.7
-27316.4
-28163.4
-28958.4
-29703
-30398.4
-31045.5
-31645.4
-32198.6
-32705.7
-33167
-33582.7
-33952.7
-34276.7
-34554.3
-34784.4
-34965.8
-35096.5
-35173.6
-35197.2
-35171.3
-35102.4
-35006.7
-34918.7
-1315.47
-3792.67
-6098.46
-8236.56
-10223.4
-12075.6
-13807.5
-15431.4
-16957.5
-18394
-19748.2
-21025.8
-22231.8
-23370.4
-24445.4
-25459.7
-26416
-27316.7
-28163.7
-28958.8
-29703.4
-30398.7
-31045.9
-31645.7
-32198.9
-32706
-33167.4
-33583.1
-33953.1
-34277.1
-34554.6
-34784.8
-34966.1
-35096.8
-35173.9
-35197.5
-35171.7
-35102.8
-35007
-34919
-1315.49
-3792.73
-6098.56
-8236.69
-10223.6
-12075.8
-13807.7
-15431.6
-16957.7
-18394.3
-19748.4
-21026
-22232.1
-23370.7
-24445.7
-25460
-26416.3
-27317
-28164.1
-28959.1
-29703.7
-30399
-31046.2
-31646
-32199.3
-32706.4
-33167.7
-33583.4
-33953.4
-34277.4
-34555
-34785.1
-34966.5
-35097.2
-35174.3
-35197.8
-35172
-35103.1
-35007.3
-34919.3
-1315.5
-3792.78
-6098.64
-8236.8
-10223.7
-12075.9
-13807.9
-15431.8
-16957.9
-18394.5
-19748.7
-21026.3
-22232.3
-23371
-24445.9
-25460.3
-26416.6
-27317.3
-28164.3
-28959.4
-29704
-30399.3
-31046.5
-31646.3
-32199.5
-32706.6
-33168
-33583.7
-33953.7
-34277.7
-34555.2
-34785.3
-34966.7
-35097.4
-35174.5
-35198.1
-35172.2
-35103.3
-35007.6
-34919.6
-1315.52
-3792.82
-6098.7
-8236.89
-10223.8
-12076
-13808
-15432
-16958.1
-18394.7
-19748.9
-21026.5
-22232.5
-23371.2
-24446.2
-25460.5
-26416.8
-27317.5
-28164.6
-28959.6
-29704.2
-30399.5
-31046.7
-31646.6
-32199.8
-32706.9
-33168.2
-33583.9
-33953.9
-34277.9
-34555.5
-34785.6
-34967
-35097.7
-35174.8
-35198.3
-35172.5
-35103.5
-35007.8
-34919.8
-1315.53
-3792.85
-6098.75
-8236.96
-10223.9
-12076.2
-13808.2
-15432.1
-16958.2
-18394.8
-19749
-21026.6
-22232.7
-23371.4
-24446.3
-25460.7
-26417
-27317.7
-28164.8
-28959.8
-29704.4
-30399.8
-31046.9
-31646.8
-32200
-32707.1
-33168.4
-33584.1
-33954.1
-34278.1
-34555.7
-34785.8
-34967.2
-35097.9
-35175
-35198.5
-35172.7
-35103.7
-35008
-34920
-1315.53
-3792.87
-6098.79
-8237.02
-10224
-12076.2
-13808.3
-15432.2
-16958.3
-18395
-19749.2
-21026.8
-22232.8
-23371.5
-24446.5
-25460.8
-26417.2
-27317.9
-28164.9
-28960
-29704.6
-30399.9
-31047.1
-31646.9
-32200.2
-32707.3
-33168.6
-33584.3
-33954.3
-34278.3
-34555.8
-34786
-34967.3
-35098
-35175.1
-35198.7
-35172.8
-35103.9
-35008.2
-34920.2
-1315.54
-3792.9
-6098.83
-8237.06
-10224.1
-12076.3
-13808.3
-15432.3
-16958.4
-18395.1
-19749.3
-21026.9
-22233
-23371.7
-24446.6
-25461
-26417.3
-27318
-28165.1
-28960.1
-29704.7
-30400.1
-31047.2
-31647.1
-32200.3
-32707.4
-33168.7
-33584.4
-33954.4
-34278.5
-34556
-34786.1
-34967.5
-35098.2
-35175.3
-35198.9
-35173
-35104.1
-35008.3
-34920.3
-1315.55
-3792.91
-6098.86
-8237.1
-10224.1
-12076.4
-13808.4
-15432.4
-16958.5
-18395.2
-19749.4
-21027
-22233.1
-23371.8
-24446.7
-25461.1
-26417.4
-27318.2
-28165.2
-28960.3
-29704.9
-30400.2
-31047.4
-31647.2
-32200.4
-32707.5
-33168.9
-33584.6
-33954.6
-34278.6
-34556.1
-34786.2
-34967.6
-35098.3
-35175.4
-35199
-35173.1
-35104.2
-35008.5
-34920.4
-1315.55
-3792.93
-6098.88
-8237.13
-10224.1
-12076.4
-13808.5
-15432.5
-16958.6
-18395.2
-19749.4
-21027.1
-22233.2
-23371.9
-24446.8
-25461.2
-26417.5
-27318.3
-28165.3
-28960.4
-29705
-30400.3
-31047.5
-31647.3
-32200.5
-32707.6
-33169
-33584.7
-33954.7
-34278.7
-34556.2
-34786.3
-34967.7
-35098.4
-35175.5
-35199.1
-35173.2
-35104.3
-35008.6
-34920.5
-1315.56
-3792.94
-6098.9
-8237.16
-10224.2
-12076.5
-13808.5
-15432.5
-16958.6
-18395.3
-19749.5
-21027.2
-22233.2
-23371.9
-24446.9
-25461.2
-26417.6
-27318.3
-28165.4
-28960.4
-29705
-30400.4
-31047.6
-31647.4
-32200.6
-32707.7
-33169.1
-33584.7
-33954.8
-34278.8
-34556.3
-34786.4
-34967.8
-35098.5
-35175.6
-35199.2
-35173.3
-35104.4
-35008.7
-34920.6
-1315.56
-3792.94
-6098.91
-8237.18
-10224.2
-12076.5
-13808.5
-15432.5
-16958.7
-18395.3
-19749.6
-21027.2
-22233.3
-23372
-24447
-25461.3
-26417.7
-27318.4
-28165.4
-28960.5
-29705.1
-30400.4
-31047.6
-31647.5
-32200.7
-32707.8
-33169.1
-33584.8
-33954.8
-34278.9
-34556.4
-34786.5
-34967.9
-35098.6
-35175.7
-35199.2
-35173.4
-35104.4
-35008.7
-34920.7
-1315.56
-3792.95
-6098.92
-8237.19
-10224.2
-12076.5
-13808.6
-15432.6
-16958.7
-18395.4
-19749.6
-21027.2
-22233.3
-23372
-24447
-25461.3
-26417.7
-27318.4
-28165.5
-28960.5
-29705.1
-30400.5
-31047.7
-31647.5
-32200.7
-32707.8
-33169.2
-33584.9
-33954.9
-34278.9
-34556.4
-34786.5
-34967.9
-35098.6
-35175.7
-35199.3
-35173.4
-35104.5
-35008.8
-34920.7
-1315.56
-3792.95
-6098.93
-8237.2
-10224.2
-12076.5
-13808.6
-15432.6
-16958.7
-18395.4
-19749.6
-21027.3
-22233.3
-23372
-24447
-25461.4
-26417.7
-27318.5
-28165.5
-28960.6
-29705.2
-30400.5
-31047.7
-31647.5
-32200.8
-32707.9
-33169.2
-33584.9
-33954.9
-34278.9
-34556.4
-34786.6
-34967.9
-35098.6
-35175.7
-35199.3
-35173.4
-35104.5
-35008.8
-34920.8
-1315.56
-3792.95
-6098.93
-8237.2
-10224.2
-12076.5
-13808.6
-15432.6
-16958.7
-18395.4
-19749.6
-21027.3
-22233.3
-23372
-24447
-25461.4
-26417.7
-27318.5
-28165.5
-28960.6
-29705.2
-30400.5
-31047.7
-31647.5
-32200.8
-32707.9
-33169.2
-33584.9
-33954.9
-34278.9
-34556.5
-34786.6
-34968
-35098.6
-35175.7
-35199.3
-35173.4
-35104.5
-35008.8
-34920.8
-1315.56
-3792.95
-6098.92
-8237.19
-10224.2
-12076.5
-13808.6
-15432.6
-16958.7
-18395.4
-19749.6
-21027.2
-22233.3
-23372
-24447
-25461.4
-26417.7
-27318.4
-28165.5
-28960.6
-29705.2
-30400.5
-31047.7
-31647.5
-32200.8
-32707.9
-33169.2
-33584.9
-33954.9
-34278.9
-34556.4
-34786.6
-34967.9
-35098.6
-35175.7
-35199.3
-35173.4
-35104.5
-35008.8
-34920.7
-1315.56
-3792.95
-6098.92
-8237.18
-10224.2
-12076.5
-13808.5
-15432.6
-16958.7
-18395.4
-19749.6
-21027.2
-22233.3
-23372
-24447
-25461.3
-26417.7
-27318.4
-28165.5
-28960.5
-29705.1
-30400.5
-31047.6
-31647.5
-32200.7
-32707.8
-33169.2
-33584.8
-33954.9
-34278.9
-34556.4
-34786.5
-34967.9
-35098.6
-35175.7
-35199.3
-35173.4
-35104.5
-35008.8
-34920.7
-1315.56
-3792.94
-6098.9
-8237.17
-10224.2
-12076.5
-13808.5
-15432.5
-16958.7
-18395.3
-19749.5
-21027.2
-22233.2
-23372
-24446.9
-25461.3
-26417.7
-27318.4
-28165.4
-28960.5
-29705.1
-30400.4
-31047.6
-31647.4
-32200.7
-32707.8
-33169.1
-33584.8
-33954.8
-34278.8
-34556.4
-34786.5
-34967.9
-35098.6
-35175.6
-35199.2
-35173.3
-35104.4
-35008.7
-34920.7
-1315.55
-3792.93
-6098.89
-8237.14
-10224.2
-12076.4
-13808.5
-15432.5
-16958.6
-18395.3
-19749.5
-21027.1
-22233.2
-23371.9
-24446.9
-25461.2
-26417.6
-27318.3
-28165.3
-28960.4
-29705
-30400.4
-31047.5
-31647.4
-32200.6
-32707.7
-33169
-33584.7
-33954.7
-34278.8
-34556.3
-34786.4
-34967.8
-35098.5
-35175.6
-35199.1
-35173.3
-35104.4
-35008.6
-34920.6
-1315.55
-3792.92
-6098.87
-8237.11
-10224.1
-12076.4
-13808.4
-15432.4
-16958.5
-18395.2
-19749.4
-21027
-22233.1
-23371.8
-24446.8
-25461.1
-26417.5
-27318.2
-28165.2
-28960.3
-29704.9
-30400.3
-31047.4
-31647.3
-32200.5
-32707.6
-33168.9
-33584.6
-33954.6
-34278.7
-34556.2
-34786.3
-34967.7
-35098.4
-35175.5
-35199.1
-35173.2
-35104.3
-35008.5
-34920.5
-1315.54
-3792.9
-6098.84
-8237.08
-10224.1
-12076.3
-13808.4
-15432.4
-16958.5
-18395.1
-19749.3
-21026.9
-22233
-23371.7
-24446.7
-25461
-26417.4
-27318.1
-28165.1
-28960.2
-29704.8
-30400.1
-31047.3
-31647.2
-32200.4
-32707.5
-33168.8
-33584.5
-33954.5
-34278.6
-34556.1
-34786.2
-34967.6
-35098.3
-35175.4
-35198.9
-35173.1
-35104.2
-35008.4
-34920.4
-1315.54
-3792.88
-6098.8
-8237.03
-10224
-12076.3
-13808.3
-15432.3
-16958.4
-18395
-19749.2
-21026.8
-22232.9
-23371.6
-24446.6
-25460.9
-26417.3
-27318
-28165
-28960.1
-29704.7
-30400
-31047.2
-31647
-32200.2
-32707.3
-33168.7
-33584.4
-33954.4
-34278.4
-34555.9
-34786.1
-34967.4
-35098.1
-35175.2
-35198.8
-35172.9
-35104
-35008.3
-34920.3
-1315.53
-3792.85
-6098.76
-8236.97
-10223.9
-12076.2
-13808.2
-15432.2
-16958.3
-18394.9
-19749.1
-21026.7
-22232.7
-23371.4
-24446.4
-25460.7
-26417.1
-27317.8
-28164.8
-28959.9
-29704.5
-30399.8
-31047
-31646.9
-32200.1
-32707.2
-33168.5
-33584.2
-33954.2
-34278.2
-34555.8
-34785.9
-34967.3
-35098
-35175.1
-35198.6
-35172.8
-35103.9
-35008.1
-34920.1
-1315.52
-3792.82
-6098.71
-8236.9
-10223.9
-12076.1
-13808.1
-15432
-16958.1
-18394.7
-19748.9
-21026.5
-22232.6
-23371.3
-24446.2
-25460.5
-26416.9
-27317.6
-28164.6
-28959.7
-29704.3
-30399.6
-31046.8
-31646.7
-32199.9
-32707
-33168.3
-33584
-33954
-34278
-34555.6
-34785.7
-34967.1
-35097.8
-35174.9
-35198.4
-35172.6
-35103.7
-35007.9
-34919.9
-1315.5
-3792.79
-6098.65
-8236.82
-10223.7
-12075.9
-13807.9
-15431.9
-16957.9
-18394.6
-19748.7
-21026.3
-22232.4
-23371.1
-24446
-25460.3
-26416.7
-27317.4
-28164.4
-28959.5
-29704.1
-30399.4
-31046.6
-31646.4
-32199.6
-32706.7
-33168.1
-33583.8
-33953.8
-34277.8
-34555.3
-34785.5
-34966.8
-35097.5
-35174.6
-35198.2
-35172.3
-35103.4
-35007.7
-34919.7
-1315.49
-3792.74
-6098.57
-8236.71
-10223.6
-12075.8
-13807.7
-15431.7
-16957.7
-18394.3
-19748.5
-21026.1
-22232.1
-23370.8
-24445.8
-25460.1
-26416.4
-27317.1
-28164.1
-28959.2
-29703.8
-30399.1
-31046.3
-31646.1
-32199.4
-32706.5
-33167.8
-33583.5
-33953.5
-34277.5
-34555.1
-34785.2
-34966.6
-35097.3
-35174.4
-35198
-35172.1
-35103.2
-35007.5
-34919.4
-1315.47
-3792.68
-6098.48
-8236.58
-10223.5
-12075.6
-13807.5
-15431.5
-16957.5
-18394.1
-19748.2
-21025.8
-22231.8
-23370.5
-24445.5
-25459.8
-26416.1
-27316.8
-28163.8
-28958.9
-29703.5
-30398.8
-31046
-31645.8
-32199.1
-32706.2
-33167.5
-33583.2
-33953.2
-34277.2
-34554.8
-34784.9
-34966.3
-35097
-35174.1
-35197.7
-35171.8
-35102.9
-35007.2
-34919.1
-1315.44
-3792.6
-6098.36
-8236.42
-10223.3
-12075.4
-13807.3
-15431.2
-16957.2
-18393.8
-19747.9
-21025.5
-22231.5
-23370.2
-24445.1
-25459.4
-26415.8
-27316.5
-28163.5
-28958.5
-29703.1
-30398.5
-31045.6
-31645.5
-32198.7
-32705.8
-33167.1
-33582.8
-33952.8
-34276.9
-34554.4
-34784.5
-34965.9
-35096.6
-35173.7
-35197.3
-35171.4
-35102.5
-35006.8
-34918.8
-1315.41
-3792.51
-6098.2
-8236.22
-10223
-12075.1
-13807
-15430.9
-16956.9
-18393.4
-19747.5
-21025.1
-22231.1
-23369.8
-24444.7
-25459
-26415.4
-27316
-28163.1
-28958.1
-29702.7
-30398
-31045.2
-31645
-32198.3
-32705.4
-33166.7
-33582.4
-33952.4
-34276.4
-34554
-34784.1
-34965.5
-35096.2
-35173.3
-35196.9
-35171
-35102.1
-35006.4
-34918.4
-1315.37
-3792.38
-6098.01
-8235.96
-10222.7
-12074.8
-13806.6
-15430.5
-16956.4
-18393
-19747.1
-21024.7
-22230.7
-23369.3
-24444.2
-25458.5
-26414.9
-27315.6
-28162.6
-28957.6
-29702.2
-30397.5
-31044.7
-31644.5
-32197.8
-32704.9
-33166.2
-33581.9
-33951.9
-34275.9
-34553.5
-34783.6
-34965
-35095.7
-35172.8
-35196.4
-35170.6
-35101.7
-35006
-34918
-1315.31
-3792.22
-6097.75
-8235.63
-10222.3
-12074.3
-13806.1
-15430
-16955.9
-18392.5
-19746.6
-21024.1
-22230.1
-23368.8
-24443.7
-25458
-26414.3
-27315
-28162
-28957
-29701.6
-30397
-31044.1
-31644
-32197.2
-32704.3
-33165.6
-33581.3
-33951.3
-34275.4
-34552.9
-34783
-34964.4
-35095.1
-35172.3
-35195.9
-35170
-35101.2
-35005.5
-34917.5
-1315.22
-3791.98
-6097.4
-8235.2
-10221.8
-12073.8
-13805.6
-15429.4
-16955.3
-18391.8
-19745.9
-21023.5
-22229.5
-23368.1
-24443
-25457.3
-26413.6
-27314.3
-28161.3
-28956.4
-29700.9
-30396.3
-31043.4
-31643.3
-32196.5
-32703.6
-33164.9
-33580.6
-33950.6
-34274.7
-34552.2
-34782.4
-34963.8
-35094.5
-35171.6
-35195.2
-35169.4
-35100.6
-35004.9
-34916.9
-1315.09
-3791.65
-6096.94
-8234.66
-10221.2
-12073.2
-13804.9
-15428.7
-16954.6
-18391.1
-19745.2
-21022.7
-22228.7
-23367.3
-24442.3
-25456.5
-26412.9
-27313.5
-28160.6
-28955.6
-29700.2
-30395.5
-31042.7
-31642.5
-32195.7
-32702.8
-33164.2
-33579.9
-33949.9
-34273.9
-34551.4
-34781.6
-34963
-35093.7
-35170.8
-35194.5
-35168.7
-35099.9
-35004.2
-34916.3
-1314.85
-3791.19
-6096.37
-8234.02
-10220.6
-12072.4
-13804.2
-15427.9
-16953.9
-18390.3
-19744.4
-21021.9
-22227.9
-23366.6
-24441.5
-25455.7
-26412.1
-27312.7
-28159.8
-28954.8
-29699.4
-30394.7
-31041.9
-31641.7
-32194.9
-32702
-33163.4
-33579.1
-33949.1
-34273.1
-34550.6
-34780.8
-34962.2
-35092.9
-35170
-35193.6
-35167.9
-35099.2
-35003.6
-34915.8
-1497.61
-4206.89
-6658.66
-8892.28
-10944.7
-12843.8
-14610.6
-16261.3
-17808.3
-19261.7
-20629.6
-21918.6
-23134
-24280.7
-25362.4
-26382.5
-27343.8
-28248.8
-29099.4
-29897.6
-30644.8
-31342.3
-31991.3
-32592.5
-33146.7
-33654.4
-34115.9
-34531.3
-34900.4
-35222.9
-35498
-35724.6
-35900.9
-36024.4
-36093
-36106.2
-36062.9
-35964.5
-35820.8
-35665.2
-1498.15
-4207.88
-6659.86
-8893.6
-10946.1
-12845.2
-14612.1
-16262.8
-17809.9
-19263.3
-20631.2
-21920.1
-23135.6
-24282.3
-25364
-26384.1
-27345.4
-28250.4
-29101.1
-29899.2
-30646.4
-31344
-31992.9
-32594.1
-33148.4
-33656.1
-34117.6
-34532.9
-34902.1
-35224.6
-35499.7
-35726.2
-35902.5
-36026
-36094.6
-36107.8
-36064.4
-35966
-35822.1
-35666.3
-1498.36
-4208.38
-6660.55
-8894.41
-10947
-12846.2
-14613.1
-16263.8
-17810.9
-19264.4
-20632.3
-21921.2
-23136.7
-24283.4
-25365.1
-26385.2
-27346.6
-28251.5
-29102.2
-29900.3
-30647.5
-31345.1
-31994
-32595.3
-33149.5
-33657.2
-34118.7
-34534.1
-34903.2
-35225.7
-35500.8
-35727.3
-35903.7
-36027.1
-36095.7
-36108.8
-36065.5
-35966.9
-35823
-35667.2
-1498.48
-4208.69
-6661.01
-8894.96
-10947.6
-12846.9
-14613.8
-16264.6
-17811.7
-19265.1
-20633.1
-21922
-23137.5
-24284.2
-25366
-26386.1
-27347.4
-28252.3
-29103
-29901.2
-30648.4
-31345.9
-31994.9
-32596.1
-33150.3
-33658
-34119.5
-34534.9
-34904
-35226.5
-35501.6
-35728.2
-35904.5
-36028
-36096.5
-36109.7
-36066.3
-35967.7
-35823.7
-35667.9
-1498.55
-4208.9
-6661.32
-8895.36
-10948.1
-12847.4
-14614.4
-16265.1
-17812.3
-19265.8
-20633.7
-21922.7
-23138.2
-24284.9
-25366.6
-26386.7
-27348.1
-28253
-29103.7
-29901.9
-30649.1
-31346.6
-31995.6
-32596.8
-33151
-33658.7
-34120.2
-34535.6
-34904.7
-35227.2
-35502.3
-35728.9
-35905.2
-36028.6
-36097.2
-36110.3
-36066.9
-35968.3
-35824.3
-35668.5
-1498.6
-4209.04
-6661.55
-8895.66
-10948.4
-12847.8
-14614.8
-16265.6
-17812.8
-19266.3
-20634.2
-21923.2
-23138.7
-24285.4
-25367.2
-26387.3
-27348.6
-28253.6
-29104.2
-29902.4
-30649.6
-31347.2
-31996.1
-32597.4
-33151.6
-33659.3
-34120.8
-34536.2
-34905.3
-35227.8
-35502.9
-35729.4
-35905.7
-36029.2
-36097.7
-36110.8
-36067.4
-35968.8
-35824.8
-35669
-1498.63
-4209.15
-6661.72
-8895.89
-10948.7
-12848.1
-14615.1
-16266
-17813.1
-19266.7
-20634.6
-21923.6
-23139.2
-24285.9
-25367.6
-26387.7
-27349.1
-28254
-29104.7
-29902.9
-30650.1
-31347.6
-31996.6
-32597.8
-33152.1
-33659.8
-34121.3
-34536.6
-34905.8
-35228.2
-35503.3
-35729.9
-35906.2
-36029.6
-36098.2
-36111.3
-36067.9
-35969.3
-35825.3
-35669.4
-1498.66
-4209.23
-6661.85
-8896.06
-10948.9
-12848.3
-14615.4
-16266.3
-17813.5
-19267
-20635
-21924
-23139.5
-24286.2
-25368
-26388.1
-27349.5
-28254.4
-29105.1
-29903.3
-30650.5
-31348
-31997
-32598.2
-33152.5
-33660.2
-34121.7
-34537
-34906.2
-35228.6
-35503.7
-35730.3
-35906.6
-36030
-36098.6
-36111.7
-36068.2
-35969.6
-35825.6
-35669.7
-1498.68
-4209.3
-6661.96
-8896.2
-10949.1
-12848.5
-14615.6
-16266.5
-17813.7
-19267.3
-20635.2
-21924.3
-23139.8
-24286.5
-25368.3
-26388.4
-27349.8
-28254.7
-29105.4
-29903.6
-30650.8
-31348.4
-31997.3
-32598.6
-33152.8
-33660.5
-34122
-34537.4
-34906.5
-35229
-35504.1
-35730.6
-35906.9
-36030.4
-36098.9
-36112
-36068.6
-35970
-35826
-35670.1
-1498.7
-4209.35
-6662.04
-8896.32
-10949.2
-12848.7
-14615.8
-16266.7
-17813.9
-19267.5
-20635.5
-21924.5
-23140.1
-24286.8
-25368.6
-26388.7
-27350.1
-28255
-29105.7
-29903.9
-30651.1
-31348.7
-31997.6
-32598.9
-33153.1
-33660.8
-34122.3
-34537.7
-34906.8
-35229.3
-35504.3
-35730.9
-35907.2
-36030.6
-36099.2
-36112.3
-36068.8
-35970.2
-35826.2
-35670.3
-1498.71
-4209.39
-6662.11
-8896.41
-10949.3
-12848.8
-14616
-16266.9
-17814.1
-19267.7
-20635.7
-21924.7
-23140.3
-24287
-25368.8
-26389
-27350.3
-28255.3
-29106
-29904.1
-30651.4
-31348.9
-31997.9
-32599.1
-33153.3
-33661
-34122.5
-34537.9
-34907
-35229.5
-35504.6
-35731.1
-35907.4
-36030.9
-36099.4
-36112.5
-36069.1
-35970.5
-35826.5
-35670.6
-1498.73
-4209.42
-6662.16
-8896.48
-10949.4
-12848.9
-14616.1
-16267
-17814.3
-19267.9
-20635.9
-21924.9
-23140.5
-24287.2
-25369
-26389.2
-27350.5
-28255.5
-29106.2
-29904.4
-30651.6
-31349.1
-31998.1
-32599.3
-33153.6
-33661.3
-34122.8
-34538.1
-34907.3
-35229.7
-35504.8
-35731.4
-35907.7
-36031.1
-36099.7
-36112.7
-36069.3
-35970.7
-35826.7
-35670.8
-1498.74
-4209.45
-6662.21
-8896.54
-10949.5
-12849
-14616.2
-16267.1
-17814.4
-19268
-20636
-21925
-23140.6
-24287.4
-25369.2
-26389.3
-27350.7
-28255.6
-29106.3
-29904.5
-30651.8
-31349.3
-31998.3
-32599.5
-33153.7
-33661.4
-34122.9
-34538.3
-34907.4
-35229.9
-35505
-35731.5
-35907.8
-36031.3
-36099.8
-36112.9
-36069.5
-35970.9
-35826.9
-35671
-1498.74
-4209.47
-6662.24
-8896.59
-10949.6
-12849.1
-14616.3
-16267.2
-17814.5
-19268.1
-20636.1
-21925.2
-23140.8
-24287.5
-25369.3
-26389.5
-27350.8
-28255.8
-29106.5
-29904.7
-30651.9
-31349.5
-31998.4
-32599.7
-33153.9
-33661.6
-34123.1
-34538.5
-34907.6
-35230.1
-35505.1
-35731.7
-35908
-36031.4
-36100
-36113.1
-36069.6
-35971
-35827
-35671.1
-1498.75
-4209.49
-6662.27
-8896.64
-10949.6
-12849.2
-14616.4
-16267.3
-17814.6
-19268.2
-20636.2
-21925.3
-23140.9
-24287.6
-25369.4
-26389.6
-27350.9
-28255.9
-29106.6
-29904.8
-30652
-31349.6
-31998.6
-32599.8
-33154
-33661.7
-34123.2
-34538.6
-34907.7
-35230.2
-35505.3
-35731.8
-35908.1
-36031.6
-36100.1
-36113.2
-36069.8
-35971.2
-35827.1
-35671.2
-1498.75
-4209.5
-6662.3
-8896.67
-10949.7
-12849.2
-14616.4
-16267.4
-17814.6
-19268.3
-20636.3
-21925.4
-23141
-24287.7
-25369.5
-26389.7
-27351
-28256
-29106.7
-29904.9
-30652.1
-31349.7
-31998.7
-32599.9
-33154.1
-33661.8
-34123.3
-34538.7
-34907.8
-35230.3
-35505.4
-35731.9
-35908.2
-36031.7
-36100.2
-36113.3
-36069.9
-35971.3
-35827.2
-35671.3
-1498.76
-4209.51
-6662.32
-8896.69
-10949.7
-12849.2
-14616.5
-16267.4
-17814.7
-19268.3
-20636.4
-21925.4
-23141
-24287.8
-25369.6
-26389.8
-27351.1
-28256.1
-29106.8
-29905
-30652.2
-31349.8
-31998.7
-32600
-33154.2
-33661.9
-34123.4
-34538.8
-34907.9
-35230.4
-35505.5
-35732
-35908.3
-36031.8
-36100.3
-36113.4
-36069.9
-35971.3
-35827.3
-35671.4
-1498.76
-4209.52
-6662.33
-8896.71
-10949.7
-12849.3
-14616.5
-16267.4
-17814.7
-19268.4
-20636.4
-21925.5
-23141.1
-24287.8
-25369.6
-26389.8
-27351.2
-28256.2
-29106.9
-29905.1
-30652.3
-31349.8
-31998.8
-32600.1
-33154.3
-33662
-34123.5
-34538.9
-34908
-35230.5
-35505.5
-35732.1
-35908.4
-36031.8
-36100.4
-36113.4
-36070
-35971.4
-35827.4
-35671.5
-1498.76
-4209.53
-6662.34
-8896.72
-10949.7
-12849.3
-14616.5
-16267.5
-17814.8
-19268.4
-20636.4
-21925.5
-23141.1
-24287.9
-25369.7
-26389.9
-27351.2
-28256.2
-29106.9
-29905.1
-30652.3
-31349.9
-31998.9
-32600.1
-33154.3
-33662
-34123.5
-34538.9
-34908
-35230.5
-35505.6
-35732.1
-35908.4
-36031.9
-36100.4
-36113.5
-36070.1
-35971.5
-35827.4
-35671.5
-1498.76
-4209.53
-6662.34
-8896.73
-10949.7
-12849.3
-14616.5
-16267.5
-17814.8
-19268.4
-20636.5
-21925.5
-23141.1
-24287.9
-25369.7
-26389.9
-27351.2
-28256.2
-29106.9
-29905.1
-30652.4
-31349.9
-31998.9
-32600.1
-33154.4
-33662.1
-34123.6
-34538.9
-34908.1
-35230.5
-35505.6
-35732.2
-35908.5
-36031.9
-36100.5
-36113.5
-36070.1
-35971.5
-35827.5
-35671.6
-1498.76
-4209.53
-6662.34
-8896.73
-10949.7
-12849.3
-14616.5
-16267.5
-17814.8
-19268.4
-20636.5
-21925.5
-23141.1
-24287.9
-25369.7
-26389.9
-27351.2
-28256.2
-29106.9
-29905.1
-30652.4
-31349.9
-31998.9
-32600.1
-33154.4
-33662.1
-34123.6
-34538.9
-34908.1
-35230.5
-35505.6
-35732.2
-35908.5
-36031.9
-36100.5
-36113.5
-36070.1
-35971.5
-35827.5
-35671.6
-1498.76
-4209.53
-6662.34
-8896.73
-10949.7
-12849.3
-14616.5
-16267.5
-17814.8
-19268.4
-20636.4
-21925.5
-23141.1
-24287.9
-25369.7
-26389.9
-27351.2
-28256.2
-29106.9
-29905.1
-30652.3
-31349.9
-31998.9
-32600.1
-33154.3
-33662.1
-34123.5
-34538.9
-34908.1
-35230.5
-35505.6
-35732.2
-35908.4
-36031.9
-36100.4
-36113.5
-36070.1
-35971.5
-35827.5
-35671.6
-1498.76
-4209.52
-6662.33
-8896.72
-10949.7
-12849.3
-14616.5
-16267.5
-17814.8
-19268.4
-20636.4
-21925.5
-23141.1
-24287.9
-25369.7
-26389.8
-27351.2
-28256.2
-29106.9
-29905.1
-30652.3
-31349.9
-31998.8
-32600.1
-33154.3
-33662
-34123.5
-34538.9
-34908
-35230.5
-35505.6
-35732.1
-35908.4
-36031.9
-36100.4
-36113.5
-36070
-35971.4
-35827.4
-35671.5
-1498.76
-4209.52
-6662.32
-8896.7
-10949.7
-12849.3
-14616.5
-16267.4
-17814.7
-19268.3
-20636.4
-21925.4
-23141.1
-24287.8
-25369.6
-26389.8
-27351.1
-28256.1
-29106.8
-29905
-30652.3
-31349.8
-31998.8
-32600
-33154.3
-33662
-34123.5
-34538.8
-34908
-35230.4
-35505.5
-35732.1
-35908.4
-36031.8
-36100.4
-36113.4
-36070
-35971.4
-35827.4
-35671.5
-1498.75
-4209.51
-6662.3
-8896.68
-10949.7
-12849.2
-14616.4
-16267.4
-17814.7
-19268.3
-20636.3
-21925.4
-23141
-24287.8
-25369.6
-26389.7
-27351.1
-28256.1
-29106.8
-29905
-30652.2
-31349.7
-31998.7
-32600
-33154.2
-33661.9
-34123.4
-34538.8
-34907.9
-35230.4
-35505.4
-35732
-35908.3
-36031.7
-36100.3
-36113.4
-36069.9
-35971.3
-35827.3
-35671.4
-1498.75
-4209.49
-6662.28
-8896.65
-10949.6
-12849.2
-14616.4
-16267.3
-17814.6
-19268.2
-20636.2
-21925.3
-23140.9
-24287.7
-25369.5
-26389.6
-27351
-28256
-29106.7
-29904.9
-30652.1
-31349.6
-31998.6
-32599.9
-33154.1
-33661.8
-34123.3
-34538.7
-34907.8
-35230.3
-35505.3
-35731.9
-35908.2
-36031.6
-36100.2
-36113.3
-36069.8
-35971.2
-35827.2
-35671.3
-1498.74
-4209.48
-6662.25
-8896.61
-10949.6
-12849.1
-14616.3
-16267.2
-17814.5
-19268.1
-20636.2
-21925.2
-23140.8
-24287.6
-25369.4
-26389.5
-27350.9
-28255.9
-29106.5
-29904.7
-30652
-31349.5
-31998.5
-32599.7
-33154
-33661.7
-34123.2
-34538.5
-34907.7
-35230.1
-35505.2
-35731.8
-35908.1
-36031.5
-36100.1
-36113.1
-36069.7
-35971.1
-35827.1
-35671.2
-1498.74
-4209.46
-6662.22
-8896.56
-10949.5
-12849
-14616.2
-16267.2
-17814.4
-19268
-20636
-21925.1
-23140.7
-24287.4
-25369.2
-26389.4
-27350.7
-28255.7
-29106.4
-29904.6
-30651.8
-31349.4
-31998.3
-32599.6
-33153.8
-33661.5
-34123
-34538.4
-34907.5
-35230
-35505.1
-35731.6
-35907.9
-36031.4
-36099.9
-36113
-36069.6
-35971
-35826.9
-35671.1
-1498.73
-4209.43
-6662.17
-8896.5
-10949.4
-12849
-14616.1
-16267
-17814.3
-19267.9
-20635.9
-21924.9
-23140.5
-24287.3
-25369.1
-26389.2
-27350.6
-28255.5
-29106.2
-29904.4
-30651.7
-31349.2
-31998.2
-32599.4
-33153.6
-33661.4
-34122.8
-34538.2
-34907.3
-35229.8
-35504.9
-35731.5
-35907.8
-36031.2
-36099.8
-36112.8
-36069.4
-35970.8
-35826.8
-35670.9
-1498.72
-4209.4
-6662.12
-8896.42
-10949.3
-12848.9
-14616
-16266.9
-17814.2
-19267.7
-20635.7
-21924.8
-23140.4
-24287.1
-25368.9
-26389
-27350.4
-28255.3
-29106
-29904.2
-30651.4
-31349
-31998
-32599.2
-33153.4
-33661.1
-34122.6
-34538
-34907.1
-35229.6
-35504.7
-35731.2
-35907.5
-36031
-36099.6
-36112.6
-36069.2
-35970.6
-35826.6
-35670.7
-1498.7
-4209.36
-6662.05
-8896.33
-10949.2
-12848.7
-14615.8
-16266.7
-17814
-19267.5
-20635.5
-21924.6
-23140.1
-24286.9
-25368.6
-26388.8
-27350.1
-28255.1
-29105.8
-29904
-30651.2
-31348.8
-31997.7
-32599
-33153.2
-33660.9
-34122.4
-34537.8
-34906.9
-35229.4
-35504.5
-35731
-35907.3
-36030.8
-36099.3
-36112.4
-36069
-35970.4
-35826.3
-35670.5
-1498.69
-4209.3
-6661.97
-8896.22
-10949.1
-12848.6
-14615.7
-16266.5
-17813.8
-19267.3
-20635.3
-21924.3
-23139.9
-24286.6
-25368.4
-26388.5
-27349.9
-28254.8
-29105.5
-29903.7
-30650.9
-31348.5
-31997.4
-32598.7
-33152.9
-33660.6
-34122.1
-34537.5
-34906.6
-35229.1
-35504.2
-35730.7
-35907
-36030.5
-36099
-36112.1
-36068.7
-35970.1
-35826.1
-35670.2
-1498.66
-4209.24
-6661.87
-8896.08
-10948.9
-12848.4
-14615.4
-16266.3
-17813.5
-19267
-20635
-21924
-23139.6
-24286.3
-25368.1
-26388.2
-27349.5
-28254.5
-29105.2
-29903.4
-30650.6
-31348.1
-31997.1
-32598.3
-33152.6
-33660.3
-34121.8
-34537.1
-34906.3
-35228.7
-35503.8
-35730.4
-35906.7
-36030.1
-36098.7
-36111.8
-36068.4
-35969.8
-35825.8
-35669.9
-1498.64
-4209.16
-6661.73
-8895.9
-10948.7
-12848.1
-14615.2
-16266
-17813.2
-19266.7
-20634.7
-21923.7
-23139.2
-24285.9
-25367.7
-26387.8
-27349.2
-28254.1
-29104.8
-29903
-30650.2
-31347.7
-31996.7
-32597.9
-33152.2
-33659.9
-34121.4
-34536.7
-34905.9
-35228.4
-35503.4
-35730
-35906.3
-36029.8
-36098.3
-36111.4
-36068
-35969.4
-35825.4
-35669.5
-1498.6
-4209.05
-6661.56
-8895.68
-10948.4
-12847.8
-14614.8
-16265.6
-17812.8
-19266.3
-20634.2
-21923.2
-23138.8
-24285.5
-25367.2
-26387.4
-27348.7
-28253.7
-29104.3
-29902.5
-30649.7
-31347.3
-31996.2
-32597.5
-33151.7
-33659.4
-34120.9
-34536.3
-34905.4
-35227.9
-35503
-35729.5
-35905.8
-36029.3
-36097.9
-36111
-36067.5
-35969
-35825
-35669.1
-1498.55
-4208.9
-6661.33
-8895.38
-10948.1
-12847.4
-14614.4
-16265.2
-17812.3
-19265.8
-20633.7
-21922.7
-23138.3
-24285
-25366.7
-26386.8
-27348.1
-28253.1
-29103.8
-29902
-30649.2
-31346.7
-31995.7
-32596.9
-33151.1
-33658.8
-34120.3
-34535.7
-34904.8
-35227.3
-35502.4
-35729
-35905.3
-36028.8
-36097.3
-36110.4
-36067
-35968.5
-35824.5
-35668.6
-1498.48
-4208.7
-6661.01
-8894.97
-10947.6
-12846.9
-14613.8
-16264.6
-17811.7
-19265.2
-20633.1
-21922.1
-23137.6
-24284.3
-25366
-26386.2
-27347.5
-28252.4
-29103.1
-29901.3
-30648.5
-31346
-31995
-32596.2
-33150.4
-33658.2
-34119.6
-34535
-34904.2
-35226.6
-35501.7
-35728.3
-35904.6
-36028.1
-36096.7
-36109.8
-36066.4
-35967.8
-35823.9
-35668
-1498.36
-4208.38
-6660.55
-8894.41
-10947
-12846.2
-14613.1
-16263.8
-17810.9
-19264.4
-20632.3
-21921.3
-23136.8
-24283.5
-25365.2
-26385.3
-27346.6
-28251.6
-29102.2
-29900.4
-30647.6
-31345.2
-31994.1
-32595.4
-33149.6
-33657.3
-34118.8
-34534.2
-34903.3
-35225.8
-35500.9
-35727.4
-35903.8
-36027.2
-36095.8
-36109
-36065.6
-35967.1
-35823.1
-35667.3
-1498.14
-4207.86
-6659.84
-8893.58
-10946.1
-12845.2
-14612.1
-16262.8
-17809.9
-19263.3
-20631.2
-21920.2
-23135.7
-24282.4
-25364.1
-26384.2
-27345.5
-28250.4
-29101.1
-29899.3
-30646.5
-31344
-31993
-32594.2
-33148.5
-33656.2
-34117.7
-34533
-34902.2
-35224.6
-35499.7
-35726.3
-35902.6
-36026.1
-36094.7
-36107.9
-36064.5
-35966.1
-35822.2
-35666.4
-1497.59
-4206.86
-6658.62
-8892.23
-10944.6
-12843.7
-14610.6
-16261.3
-17808.3
-19261.7
-20629.6
-21918.6
-23134.1
-24280.7
-25362.5
-26382.6
-27343.9
-28248.8
-29099.5
-29897.6
-30644.9
-31342.4
-31991.3
-32592.6
-33146.8
-33654.5
-34116
-34531.4
-34900.5
-35223
-35498.1
-35724.7
-35901
-36024.5
-36093.1
-36106.3
-36063
-35964.6
-35820.9
-35665.3
-1732.57
-4642.17
-7193.62
-9485.5
-11575.4
-13500.3
-15286
-16950.8
-18508.9
-19971
-21346
-22640.8
-23861.1
-25011.9
-26097.1
-27120.1
-28083.9
-28991
-29843.5
-30643.3
-31391.8
-32090.5
-32740.3
-33342.2
-33897
-34404.9
-34866.5
-35281.7
-35650.4
-35972
-36245.9
-36470.6
-36644.5
-36765.5
-36832.3
-36842.8
-36795
-36686.7
-36517.3
-36292.6
-1732.99
-4643.05
-7194.74
-9486.76
-11576.7
-13501.8
-15287.4
-16952.3
-18510.4
-19972.6
-21347.5
-22642.3
-23862.7
-25013.4
-26098.6
-27121.7
-28085.5
-28992.6
-29845.1
-30644.9
-31393.4
-32092
-32741.9
-33343.8
-33898.5
-34406.5
-34868.1
-35283.3
-35652
-35973.6
-36247.4
-36472.2
-36646.1
-36767.1
-36833.8
-36844.4
-36796.5
-36688.1
-36518.7
-36293.8
-1733.2
-4643.58
-7195.49
-9487.63
-11577.7
-13502.8
-15288.5
-16953.4
-18511.5
-19973.7
-21348.7
-22643.5
-23863.9
-25014.6
-26099.8
-27122.9
-28086.7
-28993.8
-29846.3
-30646.1
-31394.6
-32093.3
-32743.1
-33345
-33899.8
-34407.8
-34869.3
-35284.5
-35653.2
-35974.8
-36248.7
-36473.4
-36647.3
-36768.3
-36835
-36845.5
-36797.6
-36689.2
-36519.7
-36294.8
-1733.32
-4643.91
-7195.99
-9488.25
-11578.4
-13503.5
-15289.3
-16954.2
-18512.3
-19974.6
-21349.6
-22644.4
-23864.8
-25015.5
-26100.7
-27123.8
-28087.6
-28994.7
-29847.3
-30647
-31395.6
-32094.2
-32744
-33346
-33900.7
-34408.7
-34870.3
-35285.5
-35654.1
-35975.8
-36249.6
-36474.3
-36648.2
-36769.2
-36835.9
-36846.4
-36798.5
-36690
-36520.5
-36295.5
-1733.4
-4644.13
-7196.34
-9488.69
-11578.9
-13504.1
-15289.9
-16954.8
-18513
-19975.2
-21350.3
-22645.1
-23865.5
-25016.3
-26101.5
-27124.5
-28088.4
-28995.5
-29848
-30647.7
-31396.3
-32094.9
-32744.8
-33346.7
-33901.4
-34409.4
-34871
-35286.2
-35654.9
-35976.5
-36250.3
-36475.1
-36648.9
-36770
-36836.6
-36847.1
-36799.2
-36690.7
-36521.1
-36296.2
-1733.46
-4644.29
-7196.58
-9489.01
-11579.3
-13504.5
-15290.3
-16955.3
-18513.5
-19975.8
-21350.8
-22645.6
-23866
-25016.8
-26102
-27125.1
-28089
-28996.1
-29848.6
-30648.3
-31396.9
-32095.5
-32745.4
-33347.3
-33902
-34410
-34871.6
-35286.8
-35655.5
-35977.1
-36250.9
-36475.7
-36649.5
-36770.5
-36837.2
-36847.7
-36799.7
-36691.2
-36521.7
-36296.7
-1733.49
-4644.41
-7196.76
-9489.25
-11579.6
-13504.8
-15290.7
-16955.7
-18513.9
-19976.2
-21351.2
-22646.1
-23866.5
-25017.3
-26102.5
-27125.6
-28089.4
-28996.6
-29849.1
-30648.8
-31397.4
-32096
-32745.9
-33347.8
-33902.5
-34410.5
-34872.1
-35287.3
-35656
-35977.6
-36251.4
-36476.2
-36650
-36771
-36837.7
-36848.1
-36800.2
-36691.7
-36522.1
-36297.2
-1733.52
-4644.49
-7196.9
-9489.43
-11579.8
-13505.1
-15291
-16956
-18514.2
-19976.5
-21351.6
-22646.5
-23866.9
-25017.7
-26102.9
-27126
-28089.8
-28997
-29849.5
-30649.2
-31397.8
-32096.4
-32746.3
-33348.2
-33903
-34411
-34872.5
-35287.7
-35656.4
-35978
-36251.8
-36476.6
-36650.4
-36771.4
-36838.1
-36848.5
-36800.6
-36692.1
-36522.5
-36297.5
-1733.55
-4644.56
-7197.01
-9489.58
-11580
-13505.3
-15291.2
-16956.3
-18514.5
-19976.8
-21351.9
-22646.8
-23867.2
-25018
-26103.2
-27126.3
-28090.2
-28997.3
-29849.8
-30649.6
-31398.1
-32096.8
-32746.6
-33348.6
-33903.3
-34411.3
-34872.9
-35288.1
-35656.7
-35978.4
-36252.2
-36476.9
-36650.7
-36771.8
-36838.4
-36848.9
-36800.9
-36692.4
-36522.8
-36297.9
-1733.56
-4644.61
-7197.1
-9489.7
-11580.1
-13505.5
-15291.4
-16956.5
-18514.7
-19977.1
-21352.1
-22647
-23867.5
-25018.3
-26103.5
-27126.6
-28090.5
-28997.6
-29850.1
-30649.9
-31398.4
-32097.1
-32746.9
-33348.9
-33903.6
-34411.6
-34873.2
-35288.4
-35657
-35978.7
-36252.5
-36477.2
-36651
-36772.1
-36838.7
-36849.2
-36801.2
-36692.7
-36523.1
-36298.1
-1733.58
-4644.65
-7197.17
-9489.79
-11580.2
-13505.6
-15291.6
-16956.6
-18514.9
-19977.3
-21352.4
-22647.2
-23867.7
-25018.5
-26103.7
-27126.8
-28090.7
-28997.8
-29850.4
-30650.1
-31398.7
-32097.3
-32747.2
-33349.1
-33903.9
-34411.9
-34873.4
-35288.6
-35657.3
-35978.9
-36252.7
-36477.5
-36651.3
-36772.3
-36839
-36849.4
-36801.4
-36692.9
-36523.3
-36298.4
-1733.59
-4644.69
-7197.22
-9489.87
-11580.3
-13505.7
-15291.7
-16956.8
-18515.1
-19977.4
-21352.5
-22647.4
-23867.9
-25018.7
-26103.9
-27127
-28090.9
-28998
-29850.6
-30650.3
-31398.9
-32097.6
-32747.4
-33349.4
-33904.1
-34412.1
-34873.6
-35288.8
-35657.5
-35979.1
-36253
-36477.7
-36651.5
-36772.5
-36839.2
-36849.6
-36801.6
-36693.1
-36523.6
-36298.6
-1733.6
-4644.72
-7197.27
-9489.93
-11580.4
-13505.8
-15291.8
-16956.9
-18515.2
-19977.6
-21352.7
-22647.6
-23868
-25018.9
-26104.1
-27127.2
-28091.1
-28998.2
-29850.8
-30650.5
-31399.1
-32097.7
-32747.6
-33349.5
-33904.3
-34412.3
-34873.8
-35289
-35657.7
-35979.3
-36253.1
-36477.9
-36651.7
-36772.7
-36839.4
-36849.8
-36801.8
-36693.3
-36523.7
-36298.8
-1733.61
-4644.74
-7197.3
-9489.98
-11580.5
-13505.9
-15291.9
-16957
-18515.3
-19977.7
-21352.8
-22647.7
-23868.2
-25019
-26104.3
-27127.4
-28091.2
-28998.4
-29850.9
-30650.7
-31399.2
-32097.9
-32747.8
-33349.7
-33904.4
-34412.4
-34874
-35289.2
-35657.8
-35979.5
-36253.3
-36478
-36651.9
-36772.9
-36839.5
-36850
-36802
-36693.5
-36523.9
-36298.9
-1733.61
-4644.76
-7197.33
-9490.03
-11580.5
-13506
-15292
-16957.1
-18515.4
-19977.8
-21352.9
-22647.8
-23868.3
-25019.1
-26104.4
-27127.5
-28091.4
-28998.5
-29851
-30650.8
-31399.4
-32098
-32747.9
-33349.8
-33904.6
-34412.6
-34874.1
-35289.3
-35658
-35979.6
-36253.4
-36478.2
-36652
-36773
-36839.7
-36850.1
-36802.1
-36693.6
-36524
-36299.1
-1733.62
-4644.77
-7197.36
-9490.06
-11580.6
-13506
-15292
-16957.1
-18515.5
-19977.8
-21353
-22647.9
-23868.4
-25019.2
-26104.5
-27127.6
-28091.5
-28998.6
-29851.1
-30650.9
-31399.5
-32098.1
-32748
-33349.9
-33904.7
-34412.7
-34874.2
-35289.4
-35658.1
-35979.7
-36253.5
-36478.3
-36652.1
-36773.1
-36839.8
-36850.2
-36802.2
-36693.7
-36524.1
-36299.2
-1733.62
-4644.78
-7197.38
-9490.08
-11580.6
-13506.1
-15292.1
-16957.2
-18515.5
-19977.9
-21353
-22648
-23868.4
-25019.3
-26104.5
-27127.7
-28091.5
-28998.7
-29851.2
-30651
-31399.6
-32098.2
-32748.1
-33350
-33904.8
-34412.8
-34874.3
-35289.5
-35658.2
-35979.8
-36253.6
-36478.4
-36652.2
-36773.2
-36839.9
-36850.3
-36802.3
-36693.8
-36524.2
-36299.3
-1733.62
-4644.79
-7197.39
-9490.1
-11580.6
-13506.1
-15292.1
-16957.2
-18515.6
-19977.9
-21353.1
-22648
-23868.5
-25019.3
-26104.6
-27127.7
-28091.6
-28998.7
-29851.3
-30651.1
-31399.6
-32098.3
-32748.1
-33350.1
-33904.8
-34412.8
-34874.4
-35289.6
-35658.2
-35979.9
-36253.7
-36478.4
-36652.3
-36773.3
-36839.9
-36850.4
-36802.4
-36693.9
-36524.3
-36299.3
-1733.63
-4644.8
-7197.4
-9490.12
-11580.6
-13506.1
-15292.1
-16957.3
-18515.6
-19978
-21353.1
-22648
-23868.5
-25019.4
-26104.6
-27127.8
-28091.6
-28998.8
-29851.3
-30651.1
-31399.7
-32098.3
-32748.2
-33350.1
-33904.9
-34412.9
-34874.4
-35289.6
-35658.3
-35979.9
-36253.7
-36478.5
-36652.3
-36773.3
-36840
-36850.4
-36802.4
-36693.9
-36524.3
-36299.4
-1733.63
-4644.8
-7197.4
-9490.12
-11580.7
-13506.1
-15292.1
-16957.3
-18515.6
-19978
-21353.1
-22648.1
-23868.5
-25019.4
-26104.7
-27127.8
-28091.7
-28998.8
-29851.4
-30651.1
-31399.7
-32098.4
-32748.2
-33350.2
-33904.9
-34412.9
-34874.5
-35289.7
-35658.3
-35980
-36253.8
-36478.5
-36652.3
-36773.3
-36840
-36850.4
-36802.4
-36693.9
-36524.4
-36299.4
-1733.63
-4644.8
-7197.41
-9490.12
-11580.7
-13506.1
-15292.1
-16957.3
-18515.6
-19978
-21353.1
-22648.1
-23868.5
-25019.4
-26104.7
-27127.8
-28091.7
-28998.8
-29851.4
-30651.1
-31399.7
-32098.4
-32748.2
-33350.2
-33904.9
-34412.9
-34874.5
-35289.7
-35658.3
-35980
-36253.8
-36478.5
-36652.3
-36773.3
-36840
-36850.4
-36802.5
-36693.9
-36524.4
-36299.4
-1733.63
-4644.8
-7197.4
-9490.12
-11580.6
-13506.1
-15292.1
-16957.3
-18515.6
-19978
-21353.1
-22648
-23868.5
-25019.4
-26104.6
-27127.8
-28091.6
-28998.8
-29851.3
-30651.1
-31399.7
-32098.3
-32748.2
-33350.2
-33904.9
-34412.9
-34874.5
-35289.7
-35658.3
-35979.9
-36253.8
-36478.5
-36652.3
-36773.3
-36840
-36850.4
-36802.4
-36693.9
-36524.4
-36299.4
-1733.63
-4644.79
-7197.39
-9490.11
-11580.6
-13506.1
-15292.1
-16957.2
-18515.6
-19978
-21353.1
-22648
-23868.5
-25019.3
-26104.6
-27127.7
-28091.6
-28998.8
-29851.3
-30651.1
-31399.6
-32098.3
-32748.2
-33350.1
-33904.9
-34412.9
-34874.4
-35289.6
-35658.3
-35979.9
-36253.7
-36478.5
-36652.3
-36773.3
-36840
-36850.4
-36802.4
-36693.9
-36524.3
-36299.4
-1733.62
-4644.79
-7197.38
-9490.09
-11580.6
-13506.1
-15292.1
-16957.2
-18515.5
-19977.9
-21353.1
-22648
-23868.4
-25019.3
-26104.6
-27127.7
-28091.6
-28998.7
-29851.3
-30651
-31399.6
-32098.3
-32748.1
-33350.1
-33904.8
-34412.8
-34874.4
-35289.6
-35658.2
-35979.9
-36253.7
-36478.4
-36652.2
-36773.2
-36839.9
-36850.3
-36802.4
-36693.8
-36524.3
-36299.3
-1733.62
-4644.78
-7197.36
-9490.07
-11580.6
-13506
-15292
-16957.2
-18515.5
-19977.9
-21353
-22647.9
-23868.4
-25019.2
-26104.5
-27127.6
-28091.5
-28998.6
-29851.2
-30651
-31399.5
-32098.2
-32748
-33350
-33904.7
-34412.7
-34874.3
-35289.5
-35658.1
-35979.8
-36253.6
-36478.3
-36652.2
-36773.2
-36839.8
-36850.3
-36802.3
-36693.8
-36524.2
-36299.2
-1733.61
-4644.76
-7197.34
-9490.04
-11580.5
-13506
-15292
-16957.1
-18515.4
-19977.8
-21352.9
-22647.8
-23868.3
-25019.1
-26104.4
-27127.5
-28091.4
-28998.5
-29851.1
-30650.9
-31399.4
-32098.1
-32747.9
-33349.9
-33904.6
-34412.6
-34874.2
-35289.4
-35658
-35979.7
-36253.5
-36478.2
-36652.1
-36773.1
-36839.7
-36850.2
-36802.2
-36693.7
-36524.1
-36299.1
-1733.61
-4644.74
-7197.31
-9490
-11580.5
-13505.9
-15291.9
-16957
-18515.3
-19977.7
-21352.8
-22647.7
-23868.2
-25019
-26104.3
-27127.4
-28091.3
-28998.4
-29851
-30650.7
-31399.3
-32098
-32747.8
-33349.8
-33904.5
-34412.5
-34874.1
-35289.3
-35657.9
-35979.6
-36253.4
-36478.1
-36651.9
-36773
-36839.6
-36850
-36802.1
-36693.6
-36524
-36299
-1733.6
-4644.72
-7197.28
-9489.95
-11580.4
-13505.9
-15291.8
-16956.9
-18515.2
-19977.6
-21352.7
-22647.6
-23868.1
-25018.9
-26104.2
-27127.3
-28091.1
-28998.3
-29850.8
-30650.6
-31399.2
-32097.8
-32747.7
-33349.6
-33904.4
-34412.4
-34873.9
-35289.1
-35657.8
-35979.4
-36253.2
-36478
-36651.8
-36772.8
-36839.5
-36849.9
-36801.9
-36693.4
-36523.8
-36298.9
-1733.59
-4644.7
-7197.23
-9489.88
-11580.4
-13505.8
-15291.7
-16956.8
-18515.1
-19977.5
-21352.6
-22647.5
-23867.9
-25018.7
-26104
-27127.1
-28091
-28998.1
-29850.7
-30650.4
-31399
-32097.6
-32747.5
-33349.4
-33904.2
-34412.2
-34873.7
-35288.9
-35657.6
-35979.2
-36253
-36477.8
-36651.6
-36772.6
-36839.3
-36849.7
-36801.7
-36693.2
-36523.7
-36298.7
-1733.58
-4644.66
-7197.18
-9489.81
-11580.3
-13505.6
-15291.6
-16956.7
-18514.9
-19977.3
-21352.4
-22647.3
-23867.7
-25018.6
-26103.8
-27126.9
-28090.8
-28997.9
-29850.4
-30650.2
-31398.8
-32097.4
-32747.3
-33349.2
-33904
-34412
-34873.5
-35288.7
-35657.4
-35979
-36252.8
-36477.6
-36651.4
-36772.4
-36839.1
-36849.5
-36801.5
-36693
-36523.5
-36298.5
-1733.57
-4644.62
-7197.11
-9489.72
-11580.1
-13505.5
-15291.4
-16956.5
-18514.8
-19977.1
-21352.2
-22647.1
-23867.5
-25018.3
-26103.6
-27126.7
-28090.5
-28997.7
-29850.2
-30650
-31398.5
-32097.2
-32747
-33349
-33903.7
-34411.7
-34873.3
-35288.5
-35657.1
-35978.8
-36252.6
-36477.3
-36651.2
-36772.2
-36838.8
-36849.3
-36801.3
-36692.8
-36523.2
-36298.3
-1733.55
-4644.57
-7197.02
-9489.6
-11580
-13505.3
-15291.2
-16956.3
-18514.5
-19976.9
-21351.9
-22646.8
-23867.3
-25018.1
-26103.3
-27126.4
-28090.3
-28997.4
-29849.9
-30649.7
-31398.2
-32096.9
-32746.7
-33348.7
-33903.4
-34411.4
-34873
-35288.2
-35656.8
-35978.5
-36252.3
-36477
-36650.9
-36771.9
-36838.6
-36849
-36801
-36692.5
-36522.9
-36298
-1733.53
-4644.5
-7196.91
-9489.45
-11579.8
-13505.1
-15291
-16956.1
-18514.3
-19976.6
-21351.7
-22646.5
-23866.9
-25017.7
-26103
-27126.1
-28089.9
-28997
-29849.6
-30649.3
-31397.9
-32096.5
-32746.4
-33348.3
-33903.1
-34411.1
-34872.6
-35287.8
-35656.5
-35978.1
-36251.9
-36476.7
-36650.5
-36771.5
-36838.2
-36848.7
-36800.7
-36692.2
-36522.6
-36297.7
-1733.5
-4644.41
-7196.77
-9489.27
-11579.6
-13504.9
-15290.7
-16955.7
-18513.9
-19976.2
-21351.3
-22646.1
-23866.6
-25017.4
-26102.6
-27125.7
-28089.5
-28996.6
-29849.2
-30648.9
-31397.5
-32096.1
-32746
-33347.9
-33902.7
-34410.7
-34872.2
-35287.4
-35656.1
-35977.7
-36251.5
-36476.3
-36650.1
-36771.1
-36837.8
-36848.3
-36800.3
-36691.8
-36522.2
-36297.3
-1733.46
-4644.3
-7196.59
-9489.02
-11579.3
-13504.5
-15290.4
-16955.4
-18513.5
-19975.8
-21350.9
-22645.7
-23866.1
-25016.9
-26102.1
-27125.2
-28089
-28996.2
-29848.7
-30648.4
-31397
-32095.6
-32745.5
-33347.4
-33902.2
-34410.2
-34871.7
-35286.9
-35655.6
-35977.2
-36251
-36475.8
-36649.6
-36770.7
-36837.3
-36847.8
-36799.8
-36691.4
-36521.8
-36296.8
-1733.4
-4644.14
-7196.34
-9488.7
-11578.9
-13504.1
-15289.9
-16954.9
-18513
-19975.3
-21350.3
-22645.1
-23865.5
-25016.3
-26101.5
-27124.6
-28088.4
-28995.6
-29848.1
-30647.8
-31396.4
-32095
-32744.9
-33346.8
-33901.6
-34409.6
-34871.1
-35286.3
-35655
-35976.6
-36250.4
-36475.2
-36649
-36770.1
-36836.8
-36847.2
-36799.3
-36690.8
-36521.3
-36296.3
-1733.32
-4643.91
-7195.99
-9488.26
-11578.4
-13503.6
-15289.3
-16954.2
-18512.4
-19974.6
-21349.6
-22644.4
-23864.8
-25015.6
-26100.8
-27123.9
-28087.7
-28994.8
-29847.3
-30647.1
-31395.6
-32094.3
-32744.1
-33346.1
-33900.8
-34408.8
-34870.4
-35285.6
-35654.2
-35975.9
-36249.7
-36474.5
-36648.3
-36769.3
-36836
-36846.5
-36798.6
-36690.1
-36520.6
-36295.7
-1733.2
-4643.57
-7195.49
-9487.64
-11577.7
-13502.8
-15288.5
-16953.4
-18511.5
-19973.7
-21348.7
-22643.5
-23863.9
-25014.7
-26099.9
-27122.9
-28086.8
-28993.9
-29846.4
-30646.2
-31394.7
-32093.3
-32743.2
-33345.1
-33899.9
-34407.9
-34869.4
-35284.6
-35653.3
-35974.9
-36248.8
-36473.5
-36647.4
-36768.4
-36835.1
-36845.6
-36797.7
-36689.3
-36519.8
-36294.9
-1732.98
-4643.02
-7194.73
-9486.74
-11576.7
-13501.7
-15287.4
-16952.3
-18510.4
-19972.6
-21347.6
-22642.3
-23862.7
-25013.5
-26098.7
-27121.7
-28085.6
-28992.7
-29845.2
-30644.9
-31393.5
-32092.1
-32742
-33343.9
-33898.6
-34406.6
-34868.2
-35283.4
-35652.1
-35973.7
-36247.5
-36472.3
-36646.1
-36767.2
-36833.9
-36844.4
-36796.6
-36688.2
-36518.8
-36293.9
-1732.56
-4642.15
-7193.6
-9485.47
-11575.4
-13500.3
-15285.9
-16950.8
-18508.8
-19971
-21346
-22640.8
-23861.1
-25011.9
-26097.1
-27120.1
-28084
-28991.1
-29843.6
-30643.3
-31391.9
-32090.5
-32740.4
-33342.3
-33897
-34405
-34866.6
-35281.8
-35650.4
-35972.1
-36245.9
-36470.7
-36644.5
-36765.6
-36832.3
-36842.9
-36795.1
-36686.8
-36517.4
-36292.7
)
;

boundaryField
{
    front
    {
        type            zeroGradient;
    }
    back
    {
        type            fixedValue;
        value           uniform 0;
    }
    top
    {
        type            zeroGradient;
    }
    bottom
    {
        type            zeroGradient;
    }
    right
    {
        type            zeroGradient;
    }
    left
    {
        type            zeroGradient;
    }
}


// ************************************************************************* //
