/*--------------------------------*- C++ -*----------------------------------*\
  =========                 |
  \\      /  F ield         | OpenFOAM: The Open Source CFD Toolbox
   \\    /   O peration     | Website:  https://openfoam.org
    \\  /    A nd           | Version:  12
     \\/     M anipulation  |
\*---------------------------------------------------------------------------*/
/*   Windows 32 and 64 bit porting by blueCAPE: http://www.bluecape.com.pt   *\
|  Based on Windows porting (2.0.x v4) by Symscape: http://www.symscape.com   |
\*---------------------------------------------------------------------------*/
FoamFile
{
    format      ascii;
    class       volScalarField;
    location    "500";
    object      nut;
}
// * * * * * * * * * * * * * * * * * * * * * * * * * * * * * * * * * * * * * //

dimensions      [0 2 -1 0 0 0 0];

internalField   nonuniform List<scalar> 
64000
(
0.00709009
0.00708289
0.00707523
0.00706812
0.00706153
0.00705541
0.00704973
0.00704445
0.00703956
0.00703501
0.00703078
0.00702685
0.0070232
0.0070198
0.00701664
0.00701371
0.00701099
0.00700847
0.00700615
0.00700402
0.00700208
0.00700032
0.00699875
0.00699736
0.00699615
0.00699513
0.00699429
0.00699364
0.00699317
0.00699288
0.00699276
0.00699281
0.00699301
0.00699337
0.00699479
0.00700062
0.00701507
0.00704177
0.00708588
0.00715706
0.00713345
0.00712655
0.00711884
0.00711169
0.00710503
0.00709885
0.00709311
0.00708777
0.0070828
0.00707818
0.00707387
0.00706986
0.00706612
0.00706264
0.0070594
0.00705639
0.00705358
0.00705098
0.00704858
0.00704636
0.00704434
0.00704249
0.00704084
0.00703937
0.00703808
0.00703698
0.00703607
0.00703534
0.0070348
0.00703444
0.00703425
0.00703424
0.00703438
0.00703467
0.00703602
0.00704176
0.00705607
0.00708258
0.0071265
0.00719749
0.0071654
0.00715868
0.00715093
0.00714372
0.00713702
0.00713078
0.00712498
0.00711958
0.00711455
0.00710986
0.00710549
0.00710142
0.00709761
0.00709406
0.00709075
0.00708767
0.00708479
0.00708212
0.00707965
0.00707737
0.00707528
0.00707337
0.00707165
0.00707011
0.00706877
0.00706761
0.00706664
0.00706585
0.00706525
0.00706484
0.0070646
0.00706454
0.00706463
0.00706488
0.00706619
0.00707188
0.00708616
0.00711265
0.00715654
0.00722751
0.00718118
0.00717454
0.00716676
0.00715954
0.00715281
0.00714655
0.00714072
0.00713529
0.00713023
0.00712551
0.00712111
0.007117
0.00711316
0.00710958
0.00710623
0.00710311
0.0071002
0.0070975
0.00709499
0.00709268
0.00709055
0.00708861
0.00708685
0.00708529
0.00708391
0.00708272
0.00708172
0.0070809
0.00708028
0.00707983
0.00707957
0.00707948
0.00707955
0.00707977
0.00708107
0.00708674
0.007101
0.00712748
0.00717135
0.00724231
0.00718652
0.0071799
0.00717212
0.00716489
0.00715816
0.00715189
0.00714605
0.00714062
0.00713555
0.00713082
0.00712641
0.00712229
0.00711845
0.00711485
0.0071115
0.00710837
0.00710545
0.00710273
0.00710021
0.00709789
0.00709575
0.0070938
0.00709203
0.00709045
0.00708906
0.00708786
0.00708685
0.00708603
0.00708539
0.00708494
0.00708466
0.00708456
0.00708463
0.00708484
0.00708613
0.0070918
0.00710605
0.00713252
0.00717639
0.00724734
0.00718754
0.00718093
0.00717315
0.00716592
0.00715918
0.00715292
0.00714708
0.00714165
0.00713658
0.00713185
0.00712744
0.00712332
0.00711947
0.00711588
0.00711252
0.00710939
0.00710647
0.00710376
0.00710124
0.00709891
0.00709677
0.00709481
0.00709305
0.00709147
0.00709007
0.00708887
0.00708786
0.00708703
0.00708639
0.00708593
0.00708566
0.00708556
0.00708562
0.00708583
0.00708711
0.00709278
0.00710704
0.0071335
0.00717737
0.00724832
0.00718738
0.00718077
0.00717299
0.00716577
0.00715904
0.00715277
0.00714694
0.0071415
0.00713643
0.00713171
0.0071273
0.00712318
0.00711933
0.00711574
0.00711238
0.00710925
0.00710633
0.00710362
0.0071011
0.00709877
0.00709663
0.00709468
0.00709291
0.00709133
0.00708994
0.00708874
0.00708772
0.00708689
0.00708625
0.0070858
0.00708552
0.00708542
0.00708548
0.00708569
0.00708697
0.00709264
0.0071069
0.00713336
0.00717723
0.00724818
0.00718705
0.00718044
0.00717266
0.00716543
0.0071587
0.00715244
0.0071466
0.00714117
0.0071361
0.00713138
0.00712696
0.00712285
0.007119
0.0071154
0.00711205
0.00710892
0.007106
0.00710328
0.00710076
0.00709844
0.0070963
0.00709434
0.00709258
0.007091
0.0070896
0.0070884
0.00708739
0.00708656
0.00708592
0.00708546
0.00708519
0.00708508
0.00708514
0.00708536
0.00708664
0.00709231
0.00710656
0.00713303
0.0071769
0.00724785
0.00718672
0.00718012
0.00717234
0.00716511
0.00715838
0.00715211
0.00714628
0.00714084
0.00713578
0.00713105
0.00712664
0.00712252
0.00711867
0.00711507
0.00711172
0.00710859
0.00710567
0.00710295
0.00710043
0.0070981
0.00709596
0.00709401
0.00709224
0.00709066
0.00708927
0.00708807
0.00708705
0.00708623
0.00708559
0.00708513
0.00708486
0.00708475
0.00708482
0.00708503
0.00708631
0.00709198
0.00710623
0.0071327
0.00717657
0.00724752
0.00718645
0.00717984
0.00717207
0.00716484
0.00715811
0.00715184
0.00714601
0.00714057
0.0071355
0.00713078
0.00712636
0.00712224
0.0071184
0.0071148
0.00711144
0.00710831
0.00710539
0.00710268
0.00710016
0.00709783
0.00709569
0.00709373
0.00709197
0.00709039
0.007089
0.0070878
0.00708678
0.00708596
0.00708532
0.00708487
0.00708459
0.00708449
0.00708455
0.00708477
0.00708605
0.00709172
0.00710597
0.00713244
0.00717631
0.00724726
0.00718622
0.00717962
0.00717184
0.00716461
0.00715788
0.00715162
0.00714579
0.00714035
0.00713528
0.00713056
0.00712615
0.00712203
0.00711818
0.00711459
0.00711123
0.0071081
0.00710518
0.00710246
0.00709994
0.00709761
0.00709548
0.00709352
0.00709176
0.00709018
0.00708879
0.00708759
0.00708657
0.00708575
0.00708511
0.00708466
0.00708438
0.00708428
0.00708435
0.00708456
0.00708585
0.00709151
0.00710577
0.00713223
0.0071761
0.00724705
0.00718603
0.00717942
0.00717165
0.00716442
0.00715769
0.00715143
0.00714559
0.00714016
0.00713509
0.00713037
0.00712596
0.00712184
0.00711799
0.0071144
0.00711104
0.00710791
0.00710499
0.00710228
0.00709976
0.00709743
0.00709529
0.00709334
0.00709158
0.00709
0.00708861
0.0070874
0.00708639
0.00708557
0.00708493
0.00708448
0.0070842
0.0070841
0.00708416
0.00708438
0.00708566
0.00709133
0.00710558
0.00713205
0.00717592
0.00724687
0.00718584
0.00717924
0.00717146
0.00716424
0.00715751
0.00715124
0.00714541
0.00713997
0.00713491
0.00713018
0.00712577
0.00712165
0.0071178
0.00711421
0.00711086
0.00710772
0.00710481
0.00710209
0.00709957
0.00709725
0.00709511
0.00709315
0.00709139
0.00708981
0.00708842
0.00708722
0.0070862
0.00708538
0.00708474
0.00708429
0.00708401
0.00708391
0.00708397
0.00708419
0.00708547
0.00709113
0.00710539
0.00713185
0.00717572
0.00724667
0.00718566
0.00717905
0.00717127
0.00716405
0.00715732
0.00715105
0.00714522
0.00713979
0.00713472
0.00712999
0.00712558
0.00712146
0.00711761
0.00711402
0.00711067
0.00710753
0.00710462
0.0071019
0.00709938
0.00709706
0.00709492
0.00709296
0.0070912
0.00708962
0.00708823
0.00708703
0.00708601
0.00708519
0.00708455
0.0070841
0.00708382
0.00708372
0.00708378
0.007084
0.00708528
0.00709094
0.0071052
0.00713167
0.00717553
0.00724648
0.00718549
0.00717888
0.0071711
0.00716388
0.00715715
0.00715088
0.00714505
0.00713962
0.00713455
0.00712982
0.00712541
0.00712129
0.00711745
0.00711385
0.0071105
0.00710737
0.00710445
0.00710174
0.00709922
0.00709689
0.00709475
0.0070928
0.00709103
0.00708945
0.00708806
0.00708686
0.00708585
0.00708503
0.00708439
0.00708394
0.00708366
0.00708356
0.00708362
0.00708384
0.00708512
0.00709079
0.00710504
0.00713151
0.00717538
0.00724633
0.00718534
0.00717873
0.00717096
0.00716373
0.007157
0.00715074
0.00714491
0.00713947
0.00713441
0.00712968
0.00712527
0.00712115
0.00711731
0.00711371
0.00711036
0.00710723
0.00710431
0.0071016
0.00709908
0.00709676
0.00709462
0.00709266
0.0070909
0.00708932
0.00708793
0.00708673
0.00708572
0.00708489
0.00708426
0.0070838
0.00708353
0.00708343
0.00708349
0.00708371
0.00708499
0.00709066
0.00710491
0.00713138
0.00717525
0.0072462
0.00718522
0.00717861
0.00717083
0.00716361
0.00715688
0.00715061
0.00714478
0.00713935
0.00713428
0.00712955
0.00712514
0.00712102
0.00711718
0.00711359
0.00711023
0.0071071
0.00710419
0.00710147
0.00709896
0.00709663
0.00709449
0.00709254
0.00709077
0.00708919
0.0070878
0.0070866
0.00708559
0.00708477
0.00708413
0.00708368
0.0070834
0.0070833
0.00708336
0.00708358
0.00708486
0.00709053
0.00710478
0.00713125
0.00717512
0.00724607
0.0071851
0.0071785
0.00717072
0.00716349
0.00715676
0.0071505
0.00714466
0.00713923
0.00713416
0.00712943
0.00712502
0.0071209
0.00711705
0.00711346
0.00711011
0.00710698
0.00710406
0.00710135
0.00709883
0.00709651
0.00709437
0.00709242
0.00709065
0.00708907
0.00708768
0.00708648
0.00708547
0.00708464
0.00708401
0.00708356
0.00708328
0.00708318
0.00708324
0.00708346
0.00708474
0.00709041
0.00710466
0.00713113
0.00717499
0.00724594
0.007185
0.00717839
0.00717061
0.00716339
0.00715666
0.00715039
0.00714456
0.00713912
0.00713405
0.00712933
0.00712491
0.0071208
0.00711695
0.00711336
0.00711
0.00710687
0.00710395
0.00710124
0.00709872
0.0070964
0.00709426
0.00709231
0.00709055
0.00708897
0.00708758
0.00708638
0.00708537
0.00708454
0.00708391
0.00708345
0.00708318
0.00708308
0.00708314
0.00708336
0.00708464
0.00709031
0.00710456
0.00713103
0.00717489
0.00724584
0.00718491
0.0071783
0.00717053
0.0071633
0.00715657
0.0071503
0.00714447
0.00713903
0.00713397
0.00712924
0.00712483
0.00712071
0.00711687
0.00711327
0.00710992
0.00710679
0.00710387
0.00710116
0.00709864
0.00709632
0.00709418
0.00709223
0.00709046
0.00708889
0.0070875
0.0070863
0.00708529
0.00708446
0.00708383
0.00708338
0.0070831
0.007083
0.00708307
0.00708328
0.00708457
0.00709023
0.00710449
0.00713095
0.00717482
0.00724577
0.00718484
0.00717823
0.00717045
0.00716323
0.00715649
0.00715023
0.00714439
0.00713896
0.0071339
0.00712917
0.00712476
0.00712064
0.00711679
0.0071132
0.00710985
0.00710672
0.0071038
0.00710109
0.00709857
0.00709624
0.00709411
0.00709215
0.00709039
0.00708881
0.00708742
0.00708622
0.00708521
0.00708439
0.00708375
0.0070833
0.00708303
0.00708293
0.00708299
0.00708321
0.00708449
0.00709016
0.00710441
0.00713088
0.00717475
0.0072457
0.00718479
0.00717817
0.0071704
0.00716317
0.00715644
0.00715017
0.00714434
0.0071389
0.00713384
0.00712911
0.0071247
0.00712058
0.00711674
0.00711314
0.00710979
0.00710666
0.00710374
0.00710103
0.00709851
0.00709618
0.00709405
0.00709209
0.00709033
0.00708875
0.00708736
0.00708616
0.00708515
0.00708433
0.00708369
0.00708324
0.00708296
0.00708286
0.00708293
0.00708314
0.00708442
0.00709009
0.00710434
0.00713081
0.00717468
0.00724563
0.00718476
0.00717815
0.00717037
0.00716315
0.00715642
0.00715015
0.00714432
0.00713888
0.00713381
0.00712909
0.00712468
0.00712056
0.00711671
0.00711312
0.00710977
0.00710664
0.00710372
0.00710101
0.00709849
0.00709616
0.00709402
0.00709207
0.00709031
0.00708873
0.00708734
0.00708614
0.00708513
0.00708431
0.00708367
0.00708322
0.00708295
0.00708285
0.00708291
0.00708313
0.00708441
0.00709008
0.00710433
0.0071308
0.00717466
0.00724561
0.00718478
0.00717816
0.00717039
0.00716316
0.00715643
0.00715016
0.00714433
0.0071389
0.00713383
0.0071291
0.00712469
0.00712057
0.00711673
0.00711314
0.00710978
0.00710665
0.00710374
0.00710102
0.00709851
0.00709618
0.00709404
0.00709209
0.00709032
0.00708875
0.00708736
0.00708616
0.00708515
0.00708433
0.00708369
0.00708324
0.00708297
0.00708287
0.00708293
0.00708315
0.00708443
0.0070901
0.00710435
0.00713082
0.00717469
0.00724564
0.00718481
0.0071782
0.00717042
0.00716319
0.00715646
0.0071502
0.00714436
0.00713893
0.00713386
0.00712914
0.00712472
0.00712061
0.00711676
0.00711317
0.00710982
0.00710669
0.00710377
0.00710105
0.00709854
0.00709621
0.00709407
0.00709212
0.00709035
0.00708878
0.00708739
0.00708619
0.00708518
0.00708436
0.00708372
0.00708327
0.007083
0.0070829
0.00708296
0.00708317
0.00708446
0.00709012
0.00710438
0.00713085
0.00717471
0.00724566
0.00718486
0.00717825
0.00717047
0.00716324
0.00715651
0.00715025
0.00714441
0.00713898
0.00713391
0.00712918
0.00712477
0.00712065
0.00711681
0.00711322
0.00710986
0.00710673
0.00710382
0.0071011
0.00709859
0.00709626
0.00709412
0.00709217
0.0070904
0.00708882
0.00708743
0.00708623
0.00708522
0.0070844
0.00708376
0.00708331
0.00708304
0.00708293
0.007083
0.00708321
0.00708449
0.00709016
0.00710442
0.00713088
0.00717475
0.0072457
0.00718493
0.00717832
0.00717054
0.00716331
0.00715658
0.00715032
0.00714448
0.00713905
0.00713398
0.00712926
0.00712484
0.00712072
0.00711688
0.00711329
0.00710994
0.00710681
0.00710389
0.00710117
0.00709866
0.00709633
0.00709419
0.00709224
0.00709047
0.00708889
0.0070875
0.0070863
0.00708529
0.00708447
0.00708383
0.00708338
0.0070831
0.007083
0.00708306
0.00708328
0.00708456
0.00709023
0.00710449
0.00713096
0.00717482
0.00724577
0.00718503
0.00717842
0.00717064
0.00716341
0.00715668
0.00715042
0.00714458
0.00713915
0.00713408
0.00712935
0.00712494
0.00712082
0.00711697
0.00711338
0.00711003
0.0071069
0.00710398
0.00710127
0.00709875
0.00709642
0.00709428
0.00709233
0.00709056
0.00708898
0.00708759
0.00708639
0.00708538
0.00708456
0.00708392
0.00708347
0.00708319
0.00708309
0.00708316
0.00708337
0.00708466
0.00709033
0.00710458
0.00713105
0.00717492
0.00724587
0.00718516
0.00717855
0.00717077
0.00716354
0.00715681
0.00715054
0.00714471
0.00713927
0.00713421
0.00712948
0.00712506
0.00712094
0.00711709
0.0071135
0.00711015
0.00710701
0.0071041
0.00710138
0.00709886
0.00709654
0.0070944
0.00709245
0.00709068
0.0070891
0.00708771
0.00708651
0.0070855
0.00708468
0.00708404
0.00708359
0.00708331
0.00708321
0.00708328
0.0070835
0.00708478
0.00709045
0.00710471
0.00713117
0.00717504
0.00724599
0.00718533
0.00717871
0.00717093
0.0071637
0.00715697
0.0071507
0.00714487
0.00713943
0.00713436
0.00712963
0.00712522
0.0071211
0.00711725
0.00711366
0.0071103
0.00710717
0.00710425
0.00710154
0.00709902
0.00709669
0.00709456
0.0070926
0.00709084
0.00708926
0.00708787
0.00708667
0.00708566
0.00708484
0.0070842
0.00708375
0.00708348
0.00708338
0.00708344
0.00708366
0.00708494
0.00709061
0.00710486
0.00713133
0.00717519
0.00724614
0.00718553
0.00717891
0.00717113
0.0071639
0.00715717
0.0071509
0.00714507
0.00713963
0.00713456
0.00712983
0.00712542
0.0071213
0.00711745
0.00711386
0.0071105
0.00710737
0.00710445
0.00710174
0.00709922
0.00709689
0.00709475
0.0070928
0.00709104
0.00708946
0.00708807
0.00708687
0.00708585
0.00708503
0.00708439
0.00708394
0.00708367
0.00708357
0.00708363
0.00708385
0.00708513
0.0070908
0.00710505
0.00713152
0.00717538
0.00724633
0.00718577
0.00717915
0.00717137
0.00716414
0.00715741
0.00715114
0.0071453
0.00713987
0.0071348
0.00713007
0.00712566
0.00712153
0.00711769
0.00711409
0.00711074
0.0071076
0.00710468
0.00710197
0.00709945
0.00709712
0.00709498
0.00709303
0.00709127
0.00708969
0.0070883
0.00708709
0.00708608
0.00708526
0.00708462
0.00708417
0.0070839
0.0070838
0.00708386
0.00708407
0.00708536
0.00709103
0.00710528
0.00713175
0.00717562
0.00724656
0.00718606
0.00717944
0.00717166
0.00716443
0.0071577
0.00715143
0.00714559
0.00714016
0.00713509
0.00713036
0.00712595
0.00712182
0.00711797
0.00711438
0.00711102
0.00710789
0.00710497
0.00710225
0.00709974
0.00709741
0.00709527
0.00709332
0.00709155
0.00708997
0.00708858
0.00708738
0.00708637
0.00708555
0.00708491
0.00708446
0.00708419
0.00708409
0.00708415
0.00708437
0.00708565
0.00709133
0.00710558
0.00713205
0.00717592
0.00724687
0.00718641
0.00717979
0.00717201
0.00716478
0.00715804
0.00715178
0.00714594
0.0071405
0.00713543
0.0071307
0.00712629
0.00712217
0.00711832
0.00711473
0.00711137
0.00710823
0.00710531
0.0071026
0.00710008
0.00709775
0.00709561
0.00709366
0.00709189
0.00709031
0.00708892
0.00708772
0.00708671
0.00708589
0.00708525
0.0070848
0.00708452
0.00708442
0.00708448
0.0070847
0.00708599
0.00709165
0.00710591
0.00713237
0.00717624
0.00724719
0.00718679
0.00718017
0.00717239
0.00716516
0.00715843
0.00715216
0.00714632
0.00714088
0.00713581
0.00713108
0.00712667
0.00712255
0.0071187
0.0071151
0.00711174
0.00710861
0.00710569
0.00710297
0.00710045
0.00709812
0.00709598
0.00709403
0.00709226
0.00709068
0.00708929
0.00708809
0.00708708
0.00708625
0.00708562
0.00708516
0.00708489
0.00708479
0.00708485
0.00708507
0.00708635
0.00709202
0.00710627
0.00713273
0.0071766
0.00724754
0.00718711
0.00718049
0.00717271
0.00716548
0.00715874
0.00715247
0.00714663
0.00714119
0.00713612
0.00713139
0.00712698
0.00712285
0.007119
0.00711541
0.00711205
0.00710891
0.00710599
0.00710327
0.00710075
0.00709843
0.00709628
0.00709433
0.00709256
0.00709099
0.0070896
0.0070884
0.00708739
0.00708656
0.00708592
0.00708547
0.0070852
0.0070851
0.00708516
0.00708538
0.00708666
0.00709232
0.00710658
0.00713305
0.00717692
0.00724787
0.00718677
0.00718015
0.00717237
0.00716513
0.00715839
0.00715212
0.00714628
0.00714084
0.00713577
0.00713104
0.00712663
0.0071225
0.00711865
0.00711506
0.0071117
0.00710856
0.00710564
0.00710292
0.0071004
0.00709807
0.00709593
0.00709398
0.00709221
0.00709063
0.00708924
0.00708804
0.00708703
0.00708621
0.00708557
0.00708511
0.00708484
0.00708474
0.0070848
0.00708501
0.0070863
0.00709197
0.00710623
0.00713269
0.00717656
0.00724751
0.00718378
0.00717716
0.00716938
0.00716215
0.00715542
0.00714915
0.00714331
0.00713788
0.00713281
0.00712808
0.00712367
0.00711955
0.0071157
0.00711211
0.00710875
0.00710562
0.0071027
0.00709998
0.00709746
0.00709514
0.007093
0.00709105
0.00708928
0.0070877
0.00708632
0.00708512
0.0070841
0.00708328
0.00708264
0.00708219
0.00708192
0.00708182
0.00708188
0.00708209
0.00708338
0.00708905
0.0071033
0.00712977
0.00717363
0.00724458
0.00717451
0.00716791
0.00716015
0.00715293
0.00714621
0.00713996
0.00713414
0.00712871
0.00712366
0.00711895
0.00711454
0.00711043
0.0071066
0.00710301
0.00709967
0.00709654
0.00709363
0.00709092
0.00708841
0.00708609
0.00708396
0.00708201
0.00708025
0.00707868
0.0070773
0.0070761
0.0070751
0.00707428
0.00707364
0.00707319
0.00707292
0.00707282
0.00707289
0.00707311
0.00707439
0.00708007
0.00709432
0.00712079
0.00716466
0.00723561
0.0071589
0.00715233
0.00714459
0.0071374
0.00713071
0.00712448
0.00711869
0.0071133
0.00710827
0.00710358
0.0070992
0.00709512
0.00709131
0.00708775
0.00708443
0.00708132
0.00707843
0.00707575
0.00707326
0.00707095
0.00706884
0.00706691
0.00706517
0.00706361
0.00706224
0.00706105
0.00706006
0.00705925
0.00705863
0.00705819
0.00705793
0.00705784
0.00705792
0.00705815
0.00705948
0.00706527
0.00707971
0.00710638
0.00715044
0.00722156
0.00707832
0.00707004
0.0070614
0.00705343
0.00704606
0.00703925
0.00703295
0.00702712
0.00702173
0.00701674
0.00701212
0.00700784
0.00700386
0.00700017
0.00699674
0.00699354
0.00699057
0.0069878
0.00698522
0.00698282
0.0069806
0.00697855
0.00697666
0.00697494
0.00697338
0.006972
0.00697078
0.00696973
0.00696886
0.00696816
0.00696764
0.0069673
0.00696712
0.00696711
0.00696823
0.00697391
0.00698829
0.00701483
0.00705855
0.00712888
0.00712051
0.00711251
0.00710384
0.00709583
0.00708841
0.00708154
0.00707518
0.00706929
0.00706384
0.00705878
0.00705409
0.00704972
0.00704567
0.0070419
0.00703838
0.0070351
0.00703204
0.00702918
0.00702652
0.00702404
0.00702173
0.00701959
0.00701762
0.00701582
0.00701419
0.00701272
0.00701142
0.0070103
0.00700935
0.00700859
0.00700799
0.00700758
0.00700734
0.00700726
0.0070083
0.00701387
0.00702811
0.00705445
0.00709795
0.00716808
0.0071512
0.00714338
0.00713467
0.00712662
0.00711915
0.00711223
0.00710582
0.00709988
0.00709437
0.00708925
0.0070845
0.00708008
0.00707596
0.00707212
0.00706854
0.0070652
0.00706207
0.00705915
0.00705642
0.00705387
0.0070515
0.00704929
0.00704726
0.00704539
0.0070437
0.00704217
0.00704081
0.00703963
0.00703862
0.0070378
0.00703715
0.00703669
0.00703639
0.00703627
0.00703726
0.00704279
0.00705698
0.00708329
0.00712676
0.00719685
0.00716613
0.00715838
0.00714966
0.00714158
0.0071341
0.00712716
0.00712073
0.00711476
0.00710923
0.00710408
0.0070993
0.00709485
0.0070907
0.00708683
0.00708322
0.00707984
0.00707668
0.00707373
0.00707096
0.00706838
0.00706598
0.00706374
0.00706168
0.00705978
0.00705805
0.00705649
0.0070551
0.00705389
0.00705285
0.007052
0.00705133
0.00705083
0.00705051
0.00705036
0.00705134
0.00705684
0.00707102
0.0070973
0.00714075
0.00721082
0.00717109
0.00716337
0.00715464
0.00714657
0.00713908
0.00713214
0.0071257
0.00711973
0.00711419
0.00710904
0.00710425
0.00709979
0.00709563
0.00709175
0.00708813
0.00708474
0.00708157
0.00707861
0.00707584
0.00707324
0.00707083
0.00706858
0.00706651
0.0070646
0.00706286
0.00706129
0.00705989
0.00705867
0.00705762
0.00705676
0.00705608
0.00705557
0.00705524
0.00705509
0.00705605
0.00706155
0.00707572
0.007102
0.00714544
0.0072155
0.007172
0.00716428
0.00715556
0.00714748
0.00713999
0.00713305
0.00712662
0.00712065
0.00711511
0.00710996
0.00710517
0.00710071
0.00709655
0.00709267
0.00708905
0.00708566
0.00708249
0.00707953
0.00707675
0.00707416
0.00707174
0.0070695
0.00706742
0.00706551
0.00706376
0.00706219
0.00706079
0.00705957
0.00705852
0.00705765
0.00705697
0.00705646
0.00705613
0.00705597
0.00705694
0.00706243
0.0070766
0.00710288
0.00714632
0.00721638
0.00717182
0.0071641
0.00715538
0.00714731
0.00713982
0.00713288
0.00712645
0.00712048
0.00711494
0.00710979
0.007105
0.00710055
0.00709639
0.00709251
0.00708889
0.0070855
0.00708233
0.00707937
0.00707659
0.007074
0.00707158
0.00706934
0.00706726
0.00706535
0.00706361
0.00706204
0.00706064
0.00705941
0.00705836
0.0070575
0.00705681
0.0070563
0.00705597
0.00705581
0.00705678
0.00706227
0.00707644
0.00710272
0.00714616
0.00721622
0.00717148
0.00716377
0.00715505
0.00714698
0.00713949
0.00713255
0.00712612
0.00712015
0.00711461
0.00710946
0.00710467
0.00710021
0.00709605
0.00709218
0.00708855
0.00708516
0.00708199
0.00707903
0.00707625
0.00707366
0.00707125
0.007069
0.00706692
0.00706501
0.00706327
0.0070617
0.0070603
0.00705907
0.00705803
0.00705716
0.00705648
0.00705597
0.00705564
0.00705548
0.00705644
0.00706193
0.0070761
0.00710238
0.00714582
0.00721588
0.00717116
0.00716345
0.00715473
0.00714666
0.00713917
0.00713223
0.0071258
0.00711983
0.00711429
0.00710914
0.00710435
0.00709989
0.00709573
0.00709185
0.00708823
0.00708484
0.00708167
0.0070787
0.00707592
0.00707333
0.00707091
0.00706867
0.00706659
0.00706468
0.00706294
0.00706136
0.00705997
0.00705874
0.0070577
0.00705683
0.00705615
0.00705564
0.00705531
0.00705515
0.00705611
0.00706161
0.00707577
0.00710205
0.00714549
0.00721555
0.00717089
0.00716318
0.00715446
0.00714639
0.0071389
0.00713196
0.00712553
0.00711956
0.00711402
0.00710887
0.00710408
0.00709962
0.00709546
0.00709158
0.00708795
0.00708457
0.00708139
0.00707843
0.00707565
0.00707306
0.00707064
0.00706839
0.00706632
0.00706441
0.00706266
0.00706109
0.0070597
0.00705847
0.00705743
0.00705656
0.00705588
0.00705537
0.00705504
0.00705489
0.00705585
0.00706135
0.00707551
0.00710179
0.00714523
0.00721529
0.00717066
0.00716295
0.00715423
0.00714616
0.00713867
0.00713174
0.0071253
0.00711934
0.0071138
0.00710865
0.00710386
0.0070994
0.00709524
0.00709136
0.00708774
0.00708435
0.00708118
0.00707822
0.00707544
0.00707285
0.00707043
0.00706818
0.00706611
0.0070642
0.00706246
0.00706089
0.00705949
0.00705827
0.00705722
0.00705636
0.00705567
0.00705517
0.00705484
0.00705468
0.00705565
0.00706114
0.00707531
0.00710159
0.00714503
0.00721509
0.00717047
0.00716276
0.00715404
0.00714597
0.00713848
0.00713155
0.00712511
0.00711915
0.00711361
0.00710846
0.00710367
0.00709921
0.00709506
0.00709118
0.00708755
0.00708417
0.007081
0.00707803
0.00707526
0.00707267
0.00707025
0.007068
0.00706593
0.00706402
0.00706228
0.00706071
0.00705931
0.00705809
0.00705704
0.00705618
0.00705549
0.00705499
0.00705466
0.0070545
0.00705547
0.00706096
0.00707513
0.00710141
0.00714485
0.00721491
0.00717028
0.00716257
0.00715385
0.00714578
0.0071383
0.00713136
0.00712493
0.00711896
0.00711342
0.00710827
0.00710348
0.00709902
0.00709487
0.00709099
0.00708737
0.00708398
0.00708081
0.00707785
0.00707507
0.00707248
0.00707006
0.00706782
0.00706574
0.00706383
0.00706209
0.00706052
0.00705912
0.0070579
0.00705686
0.00705599
0.00705531
0.0070548
0.00705447
0.00705431
0.00705528
0.00706077
0.00707494
0.00710122
0.00714466
0.00721472
0.0071701
0.00716239
0.00715367
0.0071456
0.00713811
0.00713118
0.00712474
0.00711878
0.00711324
0.00710809
0.0071033
0.00709884
0.00709468
0.0070908
0.00708718
0.00708379
0.00708062
0.00707766
0.00707489
0.00707229
0.00706988
0.00706763
0.00706555
0.00706365
0.0070619
0.00706033
0.00705894
0.00705771
0.00705667
0.0070558
0.00705512
0.00705462
0.00705429
0.00705413
0.00705509
0.00706058
0.00707475
0.00710103
0.00714447
0.00721453
0.00716993
0.00716222
0.0071535
0.00714543
0.00713795
0.00713101
0.00712458
0.00711861
0.00711307
0.00710792
0.00710313
0.00709867
0.00709451
0.00709064
0.00708701
0.00708363
0.00708046
0.00707749
0.00707472
0.00707213
0.00706971
0.00706747
0.00706539
0.00706348
0.00706174
0.00706017
0.00705877
0.00705755
0.00705651
0.00705564
0.00705496
0.00705446
0.00705413
0.00705397
0.00705493
0.00706043
0.00707459
0.00710087
0.00714432
0.00721438
0.00716979
0.00716208
0.00715336
0.00714529
0.0071378
0.00713087
0.00712443
0.00711847
0.00711293
0.00710778
0.00710299
0.00709853
0.00709437
0.0070905
0.00708687
0.00708349
0.00708032
0.00707736
0.00707458
0.00707199
0.00706958
0.00706733
0.00706525
0.00706334
0.0070616
0.00706003
0.00705864
0.00705742
0.00705637
0.00705551
0.00705483
0.00705432
0.00705399
0.00705384
0.0070548
0.0070603
0.00707446
0.00710074
0.00714419
0.00721425
0.00716967
0.00716196
0.00715324
0.00714517
0.00713768
0.00713074
0.00712431
0.00711834
0.0071128
0.00710765
0.00710286
0.0070984
0.00709425
0.00709037
0.00708675
0.00708336
0.00708019
0.00707723
0.00707446
0.00707187
0.00706945
0.00706721
0.00706513
0.00706322
0.00706148
0.00705991
0.00705851
0.00705729
0.00705625
0.00705538
0.0070547
0.0070542
0.00705387
0.00705371
0.00705468
0.00706017
0.00707434
0.00710062
0.00714406
0.00721412
0.00716956
0.00716185
0.00715312
0.00714505
0.00713757
0.00713063
0.0071242
0.00711823
0.00711269
0.00710754
0.00710274
0.00709828
0.00709413
0.00709025
0.00708663
0.00708324
0.00708007
0.00707711
0.00707433
0.00707174
0.00706933
0.00706708
0.00706501
0.0070631
0.00706136
0.00705979
0.00705839
0.00705717
0.00705613
0.00705526
0.00705458
0.00705408
0.00705375
0.00705359
0.00705456
0.00706005
0.00707422
0.0071005
0.00714394
0.007214
0.00716946
0.00716175
0.00715302
0.00714495
0.00713747
0.00713053
0.00712409
0.00711812
0.00711258
0.00710743
0.00710264
0.00709818
0.00709403
0.00709015
0.00708652
0.00708314
0.00707997
0.007077
0.00707423
0.00707164
0.00706923
0.00706698
0.00706491
0.007063
0.00706126
0.00705969
0.00705829
0.00705707
0.00705603
0.00705517
0.00705449
0.00705398
0.00705366
0.0070535
0.00705446
0.00705996
0.00707413
0.00710041
0.00714385
0.00721391
0.00716937
0.00716166
0.00715294
0.00714487
0.00713738
0.00713044
0.00712401
0.00711804
0.0071125
0.00710735
0.00710256
0.0070981
0.00709394
0.00709007
0.00708644
0.00708306
0.00707989
0.00707693
0.00707415
0.00707156
0.00706915
0.0070669
0.00706483
0.00706292
0.00706118
0.00705961
0.00705822
0.007057
0.00705595
0.00705509
0.00705441
0.00705391
0.00705358
0.00705342
0.00705439
0.00705989
0.00707405
0.00710033
0.00714378
0.00721384
0.0071693
0.00716159
0.00715286
0.00714479
0.00713731
0.00713037
0.00712393
0.00711797
0.00711243
0.00710728
0.00710249
0.00709803
0.00709387
0.00709
0.00708637
0.00708299
0.00707982
0.00707685
0.00707408
0.00707149
0.00706908
0.00706683
0.00706476
0.00706285
0.00706111
0.00705954
0.00705814
0.00705692
0.00705588
0.00705502
0.00705433
0.00705383
0.0070535
0.00705335
0.00705431
0.00705981
0.00707398
0.00710026
0.0071437
0.00721376
0.00716925
0.00716154
0.00715281
0.00714474
0.00713725
0.00713031
0.00712388
0.00711791
0.00711237
0.00710722
0.00710243
0.00709797
0.00709382
0.00708994
0.00708632
0.00708293
0.00707976
0.0070768
0.00707402
0.00707143
0.00706902
0.00706677
0.0070647
0.00706279
0.00706105
0.00705948
0.00705808
0.00705686
0.00705582
0.00705495
0.00705427
0.00705377
0.00705344
0.00705328
0.00705425
0.00705974
0.00707391
0.00710019
0.00714363
0.00721369
0.00716923
0.00716151
0.00715279
0.00714472
0.00713723
0.00713029
0.00712386
0.00711789
0.00711235
0.0071072
0.00710241
0.00709795
0.00709379
0.00708992
0.0070863
0.00708291
0.00707974
0.00707678
0.007074
0.00707141
0.007069
0.00706675
0.00706468
0.00706277
0.00706103
0.00705946
0.00705806
0.00705684
0.0070558
0.00705494
0.00705426
0.00705376
0.00705343
0.00705327
0.00705424
0.00705973
0.0070739
0.00710018
0.00714362
0.00721368
0.00716924
0.00716153
0.0071528
0.00714473
0.00713725
0.00713031
0.00712387
0.00711791
0.00711236
0.00710721
0.00710243
0.00709797
0.00709381
0.00708993
0.00708631
0.00708293
0.00707976
0.00707679
0.00707402
0.00707143
0.00706902
0.00706677
0.00706469
0.00706278
0.00706104
0.00705947
0.00705808
0.00705686
0.00705582
0.00705496
0.00705428
0.00705378
0.00705345
0.00705329
0.00705426
0.00705976
0.00707392
0.0071002
0.00714365
0.00721371
0.00716928
0.00716156
0.00715284
0.00714477
0.00713728
0.00713034
0.00712391
0.00711794
0.0071124
0.00710725
0.00710246
0.007098
0.00709384
0.00708997
0.00708635
0.00708296
0.00707979
0.00707683
0.00707405
0.00707146
0.00706905
0.0070668
0.00706473
0.00706282
0.00706108
0.00705951
0.00705811
0.00705689
0.00705585
0.00705499
0.00705431
0.00705381
0.00705348
0.00705332
0.00705429
0.00705978
0.00707395
0.00710023
0.00714367
0.00721373
0.00716933
0.00716161
0.00715289
0.00714482
0.00713733
0.00713039
0.00712396
0.00711799
0.00711245
0.0071073
0.00710251
0.00709805
0.00709389
0.00709001
0.00708639
0.00708301
0.00707984
0.00707688
0.0070741
0.00707151
0.0070691
0.00706685
0.00706477
0.00706287
0.00706113
0.00705956
0.00705816
0.00705694
0.0070559
0.00705504
0.00705435
0.00705385
0.00705352
0.00705336
0.00705433
0.00705983
0.00707399
0.00710027
0.00714371
0.00721377
0.0071694
0.00716168
0.00715296
0.00714489
0.0071374
0.00713046
0.00712403
0.00711806
0.00711252
0.00710737
0.00710258
0.00709812
0.00709396
0.00709009
0.00708647
0.00708308
0.00707991
0.00707695
0.00707418
0.00707159
0.00706917
0.00706693
0.00706485
0.00706294
0.0070612
0.00705963
0.00705823
0.00705701
0.00705597
0.00705511
0.00705442
0.00705392
0.00705359
0.00705343
0.0070544
0.00705989
0.00707406
0.00710034
0.00714378
0.00721384
0.0071695
0.00716178
0.00715306
0.00714499
0.0071375
0.00713056
0.00712413
0.00711816
0.00711262
0.00710747
0.00710268
0.00709822
0.00709406
0.00709019
0.00708656
0.00708318
0.00708001
0.00707704
0.00707427
0.00707168
0.00706926
0.00706702
0.00706494
0.00706303
0.00706129
0.00705972
0.00705832
0.0070571
0.00705606
0.00705519
0.00705451
0.00705401
0.00705368
0.00705352
0.00705448
0.00705998
0.00707415
0.00710043
0.00714387
0.00721393
0.00716963
0.00716191
0.00715319
0.00714512
0.00713763
0.00713069
0.00712426
0.00711829
0.00711275
0.0071076
0.0071028
0.00709834
0.00709418
0.0070903
0.00708668
0.00708329
0.00708012
0.00707716
0.00707439
0.00707179
0.00706938
0.00706713
0.00706505
0.00706315
0.0070614
0.00705984
0.00705844
0.00705722
0.00705617
0.00705531
0.00705463
0.00705412
0.0070538
0.00705364
0.00705461
0.00706011
0.00707427
0.00710055
0.00714399
0.00721405
0.0071698
0.00716208
0.00715335
0.00714528
0.00713779
0.00713085
0.00712442
0.00711845
0.00711291
0.00710775
0.00710296
0.0070985
0.00709434
0.00709046
0.00708684
0.00708345
0.00708028
0.00707732
0.00707454
0.00707195
0.00706953
0.00706729
0.00706521
0.00706331
0.00706157
0.00706
0.0070586
0.00705738
0.00705633
0.00705547
0.00705479
0.00705429
0.00705396
0.00705381
0.00705477
0.00706027
0.00707444
0.00710071
0.00714415
0.00721421
0.00717
0.00716228
0.00715355
0.00714548
0.00713799
0.00713105
0.00712462
0.00711865
0.0071131
0.00710795
0.00710316
0.0070987
0.00709454
0.00709066
0.00708704
0.00708365
0.00708048
0.00707752
0.00707474
0.00707215
0.00706973
0.00706749
0.00706541
0.00706351
0.00706177
0.00706019
0.0070588
0.00705758
0.00705653
0.00705567
0.00705499
0.00705449
0.00705416
0.007054
0.00705497
0.00706046
0.00707463
0.00710091
0.00714435
0.00721441
0.00717024
0.00716252
0.00715379
0.00714572
0.00713823
0.00713129
0.00712485
0.00711888
0.00711334
0.00710819
0.0071034
0.00709894
0.00709478
0.0070909
0.00708728
0.00708389
0.00708072
0.00707775
0.00707498
0.00707239
0.00706997
0.00706772
0.00706565
0.00706374
0.007062
0.00706042
0.00705903
0.00705781
0.00705676
0.0070559
0.00705522
0.00705472
0.00705439
0.00705423
0.0070552
0.00706069
0.00707486
0.00710114
0.00714458
0.00721464
0.00717053
0.00716281
0.00715408
0.00714601
0.00713852
0.00713158
0.00712514
0.00711917
0.00711363
0.00710848
0.00710369
0.00709923
0.00709507
0.00709119
0.00708756
0.00708417
0.007081
0.00707804
0.00707526
0.00707267
0.00707025
0.00706801
0.00706593
0.00706402
0.00706228
0.00706071
0.00705931
0.00705809
0.00705705
0.00705619
0.00705551
0.007055
0.00705467
0.00705452
0.00705549
0.00706099
0.00707515
0.00710143
0.00714487
0.00721493
0.00717087
0.00716315
0.00715443
0.00714635
0.00713886
0.00713192
0.00712549
0.00711952
0.00711397
0.00710882
0.00710403
0.00709957
0.00709541
0.00709153
0.00708791
0.00708452
0.00708135
0.00707838
0.00707561
0.00707302
0.0070706
0.00706835
0.00706627
0.00706436
0.00706262
0.00706105
0.00705965
0.00705843
0.00705739
0.00705652
0.00705584
0.00705534
0.00705501
0.00705485
0.00705582
0.00706131
0.00707548
0.00710176
0.0071452
0.00721525
0.00717126
0.00716354
0.00715481
0.00714674
0.00713925
0.0071323
0.00712587
0.0071199
0.00711435
0.0071092
0.00710441
0.00709995
0.00709579
0.00709191
0.00708829
0.0070849
0.00708172
0.00707876
0.00707598
0.00707339
0.00707097
0.00706872
0.00706664
0.00706473
0.00706299
0.00706142
0.00706003
0.0070588
0.00705776
0.0070569
0.00705621
0.00705571
0.00705538
0.00705523
0.00705619
0.00706168
0.00707585
0.00710213
0.00714557
0.00721563
0.0071716
0.00716387
0.00715514
0.00714707
0.00713957
0.00713263
0.00712619
0.00712022
0.00711468
0.00710953
0.00710473
0.00710027
0.00709611
0.00709223
0.0070886
0.00708521
0.00708204
0.00707907
0.0070763
0.0070737
0.00707128
0.00706904
0.00706696
0.00706505
0.00706331
0.00706174
0.00706034
0.00705912
0.00705808
0.00705721
0.00705653
0.00705603
0.0070557
0.00705554
0.0070565
0.007062
0.00707617
0.00710245
0.00714589
0.00721595
0.00717129
0.00716357
0.00715483
0.00714676
0.00713926
0.00713232
0.00712588
0.00711991
0.00711436
0.00710921
0.00710442
0.00709995
0.00709579
0.00709191
0.00708829
0.00708489
0.00708172
0.00707875
0.00707598
0.00707339
0.00707097
0.00706872
0.00706664
0.00706473
0.00706299
0.00706142
0.00706002
0.0070588
0.00705776
0.00705689
0.00705621
0.00705571
0.00705537
0.00705521
0.00705618
0.00706168
0.00707584
0.00710212
0.00714555
0.00721561
0.00716836
0.00716064
0.00715191
0.00714384
0.00713635
0.0071294
0.00712297
0.007117
0.00711146
0.00710631
0.00710152
0.00709706
0.0070929
0.00708903
0.0070854
0.00708201
0.00707884
0.00707588
0.00707311
0.00707051
0.0070681
0.00706585
0.00706378
0.00706187
0.00706013
0.00705856
0.00705716
0.00705594
0.0070549
0.00705404
0.00705336
0.00705285
0.00705252
0.00705237
0.00705333
0.00705883
0.00707299
0.00709927
0.00714271
0.00721277
0.00715908
0.00715138
0.00714267
0.00713461
0.00712713
0.00712021
0.00711379
0.00710783
0.00710231
0.00709717
0.00709239
0.00708794
0.0070838
0.00707993
0.00707632
0.00707294
0.00706978
0.00706682
0.00706406
0.00706147
0.00705906
0.00705683
0.00705476
0.00705285
0.00705112
0.00704956
0.00704817
0.00704695
0.00704591
0.00704505
0.00704438
0.00704387
0.00704355
0.00704339
0.00704436
0.00704986
0.00706403
0.00709031
0.00713376
0.00720382
0.00714317
0.0071355
0.00712683
0.0071188
0.00711135
0.00710446
0.00709807
0.00709214
0.00708665
0.00708154
0.00707679
0.00707238
0.00706826
0.00706442
0.00706084
0.00705749
0.00705435
0.00705142
0.00704868
0.00704612
0.00704373
0.00704151
0.00703946
0.00703758
0.00703586
0.00703431
0.00703293
0.00703173
0.0070307
0.00702986
0.00702919
0.00702869
0.00702838
0.00702823
0.00702924
0.00703486
0.00704922
0.0070757
0.00711932
0.00718955
0.00706681
0.00705721
0.00704737
0.00703829
0.0070299
0.00702216
0.00701502
0.00700842
0.00700232
0.00699668
0.00699147
0.00698664
0.00698216
0.006978
0.00697413
0.00697053
0.00696717
0.00696402
0.00696108
0.00695833
0.00695575
0.00695333
0.00695108
0.00694897
0.00694702
0.00694521
0.00694356
0.00694207
0.00694073
0.00693957
0.00693857
0.00693775
0.0069371
0.00693663
0.00693741
0.00694303
0.00695759
0.00698441
0.00702858
0.00709962
0.00710713
0.0070978
0.00708792
0.0070788
0.00707037
0.00706258
0.00705539
0.00704873
0.00704257
0.00703687
0.00703159
0.00702668
0.00702213
0.00701789
0.00701395
0.00701026
0.00700682
0.00700359
0.00700056
0.00699773
0.00699506
0.00699256
0.00699022
0.00698803
0.006986
0.00698411
0.00698239
0.00698081
0.00697941
0.00697816
0.00697709
0.0069762
0.00697549
0.00697495
0.00697565
0.00698116
0.00699556
0.00702218
0.00706612
0.00713695
0.00713607
0.00712691
0.007117
0.00710785
0.00709938
0.00709154
0.0070843
0.00707759
0.00707139
0.00706563
0.00706029
0.00705534
0.00705072
0.00704643
0.00704242
0.00703867
0.00703517
0.00703188
0.00702879
0.00702588
0.00702316
0.00702059
0.00701819
0.00701594
0.00701384
0.00701189
0.0070101
0.00700847
0.007007
0.0070057
0.00700458
0.00700363
0.00700286
0.00700228
0.00700293
0.00700839
0.00702275
0.00704933
0.00709324
0.00716403
0.00714994
0.00714086
0.00713094
0.00712177
0.00711329
0.00710544
0.00709817
0.00709145
0.00708522
0.00707944
0.00707408
0.00706909
0.00706445
0.00706013
0.00705609
0.00705232
0.00704878
0.00704546
0.00704233
0.0070394
0.00703664
0.00703405
0.00703161
0.00702933
0.0070272
0.00702522
0.0070234
0.00702174
0.00702024
0.00701891
0.00701776
0.00701678
0.00701599
0.00701538
0.00701601
0.00702145
0.00703578
0.00706235
0.00710624
0.00717701
0.00715449
0.00714543
0.0071355
0.00712634
0.00711785
0.00711
0.00710273
0.007096
0.00708977
0.00708399
0.00707862
0.00707363
0.00706898
0.00706465
0.0070606
0.00705682
0.00705327
0.00704994
0.00704681
0.00704386
0.00704109
0.00703849
0.00703604
0.00703375
0.00703161
0.00702962
0.00702779
0.00702612
0.00702461
0.00702327
0.00702211
0.00702112
0.00702032
0.0070197
0.00702032
0.00702576
0.00704009
0.00706664
0.00711053
0.00718129
0.00715528
0.00714622
0.0071363
0.00712714
0.00711865
0.0071108
0.00710354
0.00709681
0.00709058
0.00708479
0.00707943
0.00707444
0.00706979
0.00706546
0.00706141
0.00705762
0.00705408
0.00705074
0.00704761
0.00704467
0.0070419
0.00703929
0.00703684
0.00703455
0.00703241
0.00703042
0.00702859
0.00702691
0.0070254
0.00702406
0.0070229
0.00702191
0.0070211
0.00702048
0.0070211
0.00702653
0.00704086
0.00706742
0.0071113
0.00718206
0.00715507
0.00714602
0.0071361
0.00712694
0.00711846
0.00711061
0.00710335
0.00709662
0.00709039
0.00708461
0.00707924
0.00707425
0.00706961
0.00706527
0.00706123
0.00705744
0.00705389
0.00705056
0.00704743
0.00704449
0.00704172
0.00703911
0.00703666
0.00703437
0.00703223
0.00703024
0.00702841
0.00702674
0.00702523
0.00702389
0.00702272
0.00702173
0.00702093
0.0070203
0.00702092
0.00702635
0.00704068
0.00706723
0.00711112
0.00718188
0.00715474
0.00714568
0.00713577
0.00712661
0.00711813
0.00711028
0.00710301
0.00709629
0.00709006
0.00708427
0.00707891
0.00707392
0.00706927
0.00706494
0.00706089
0.00705711
0.00705356
0.00705023
0.0070471
0.00704415
0.00704138
0.00703877
0.00703632
0.00703403
0.00703189
0.0070299
0.00702807
0.0070264
0.00702489
0.00702355
0.00702238
0.00702139
0.00702059
0.00701997
0.00702058
0.00702601
0.00704034
0.00706689
0.00711078
0.00718154
0.00715442
0.00714536
0.00713545
0.00712629
0.00711781
0.00710996
0.0071027
0.00709597
0.00708974
0.00708396
0.00707859
0.0070736
0.00706895
0.00706462
0.00706057
0.00705678
0.00705323
0.0070499
0.00704677
0.00704382
0.00704105
0.00703844
0.007036
0.0070337
0.00703156
0.00702957
0.00702774
0.00702607
0.00702456
0.00702322
0.00702205
0.00702107
0.00702026
0.00701964
0.00702026
0.00702569
0.00704001
0.00706657
0.00711045
0.00718121
0.00715415
0.00714509
0.00713518
0.00712602
0.00711754
0.00710969
0.00710243
0.0070957
0.00708947
0.00708369
0.00707832
0.00707333
0.00706868
0.00706435
0.0070603
0.00705651
0.00705296
0.00704963
0.0070465
0.00704355
0.00704078
0.00703817
0.00703573
0.00703343
0.00703129
0.00702931
0.00702747
0.0070258
0.00702429
0.00702295
0.00702179
0.0070208
0.00702
0.00701938
0.00702
0.00702543
0.00703976
0.00706631
0.00711019
0.00718095
0.00715392
0.00714487
0.00713495
0.0071258
0.00711731
0.00710947
0.00710221
0.00709548
0.00708925
0.00708347
0.0070781
0.00707311
0.00706847
0.00706413
0.00706009
0.0070563
0.00705275
0.00704942
0.00704629
0.00704334
0.00704057
0.00703796
0.00703552
0.00703322
0.00703108
0.0070291
0.00702727
0.00702559
0.00702409
0.00702275
0.00702158
0.0070206
0.0070198
0.00701917
0.0070198
0.00702523
0.00703956
0.00706611
0.00711
0.00718076
0.00715372
0.00714467
0.00713476
0.0071256
0.00711712
0.00710928
0.00710202
0.00709529
0.00708906
0.00708328
0.00707792
0.00707293
0.00706828
0.00706395
0.0070599
0.00705612
0.00705257
0.00704924
0.00704611
0.00704316
0.00704039
0.00703779
0.00703534
0.00703305
0.00703091
0.00702892
0.00702709
0.00702542
0.00702391
0.00702257
0.00702141
0.00702042
0.00701962
0.007019
0.00701962
0.00702505
0.00703938
0.00706594
0.00710982
0.00718058
0.00715354
0.00714449
0.00713458
0.00712542
0.00711694
0.0071091
0.00710184
0.00709511
0.00708888
0.0070831
0.00707773
0.00707274
0.0070681
0.00706377
0.00705972
0.00705593
0.00705238
0.00704905
0.00704592
0.00704298
0.00704021
0.0070376
0.00703516
0.00703287
0.00703073
0.00702874
0.00702691
0.00702523
0.00702373
0.00702239
0.00702122
0.00702024
0.00701943
0.00701881
0.00701943
0.00702486
0.00703919
0.00706575
0.00710963
0.00718039
0.00715336
0.00714431
0.0071344
0.00712524
0.00711676
0.00710892
0.00710166
0.00709493
0.0070887
0.00708292
0.00707755
0.00707256
0.00706791
0.00706358
0.00705953
0.00705575
0.0070522
0.00704887
0.00704574
0.00704279
0.00704002
0.00703742
0.00703497
0.00703268
0.00703054
0.00702856
0.00702672
0.00702505
0.00702354
0.0070222
0.00702104
0.00702006
0.00701925
0.00701863
0.00701925
0.00702468
0.00703901
0.00706556
0.00710944
0.0071802
0.00715319
0.00714414
0.00713423
0.00712507
0.0071166
0.00710875
0.00710149
0.00709476
0.00708853
0.00708275
0.00707739
0.00707239
0.00706775
0.00706342
0.00705937
0.00705558
0.00705204
0.00704871
0.00704558
0.00704263
0.00703986
0.00703726
0.00703481
0.00703252
0.00703038
0.00702839
0.00702656
0.00702489
0.00702338
0.00702205
0.00702088
0.0070199
0.0070191
0.00701847
0.00701909
0.00702453
0.00703885
0.00706541
0.00710929
0.00718005
0.00715306
0.007144
0.00713409
0.00712494
0.00711646
0.00710861
0.00710135
0.00709463
0.0070884
0.00708261
0.00707725
0.00707226
0.00706761
0.00706328
0.00705923
0.00705545
0.0070519
0.00704857
0.00704544
0.0070425
0.00703973
0.00703712
0.00703468
0.00703238
0.00703025
0.00702826
0.00702643
0.00702476
0.00702325
0.00702191
0.00702075
0.00701977
0.00701896
0.00701834
0.00701896
0.0070244
0.00703872
0.00706528
0.00710916
0.00717992
0.00715294
0.00714389
0.00713398
0.00712482
0.00711634
0.00710849
0.00710123
0.00709451
0.00708828
0.00708249
0.00707713
0.00707213
0.00706749
0.00706316
0.00705911
0.00705532
0.00705178
0.00704845
0.00704532
0.00704237
0.0070396
0.007037
0.00703455
0.00703226
0.00703012
0.00702814
0.0070263
0.00702463
0.00702313
0.00702179
0.00702063
0.00701964
0.00701884
0.00701822
0.00701884
0.00702427
0.0070386
0.00706516
0.00710904
0.0071798
0.00715284
0.00714378
0.00713387
0.00712471
0.00711623
0.00710838
0.00710112
0.0070944
0.00708816
0.00708238
0.00707701
0.00707202
0.00706737
0.00706304
0.00705899
0.00705521
0.00705166
0.00704833
0.0070452
0.00704225
0.00703948
0.00703688
0.00703444
0.00703214
0.00703
0.00702802
0.00702619
0.00702452
0.00702301
0.00702167
0.00702051
0.00701953
0.00701873
0.00701811
0.00701873
0.00702416
0.00703849
0.00706504
0.00710893
0.00717969
0.00715274
0.00714369
0.00713377
0.00712461
0.00711613
0.00710829
0.00710102
0.0070943
0.00708807
0.00708228
0.00707691
0.00707192
0.00706728
0.00706294
0.0070589
0.00705511
0.00705156
0.00704823
0.0070451
0.00704216
0.00703939
0.00703678
0.00703434
0.00703205
0.00702991
0.00702792
0.0070261
0.00702443
0.00702292
0.00702158
0.00702042
0.00701944
0.00701863
0.00701802
0.00701864
0.00702407
0.0070384
0.00706496
0.00710884
0.0071796
0.00715266
0.0071436
0.00713369
0.00712453
0.00711605
0.0071082
0.00710094
0.00709422
0.00708798
0.0070822
0.00707683
0.00707184
0.0070672
0.00706286
0.00705882
0.00705503
0.00705148
0.00704816
0.00704503
0.00704208
0.00703931
0.00703671
0.00703427
0.00703198
0.00702984
0.00702785
0.00702602
0.00702435
0.00702285
0.00702151
0.00702035
0.00701936
0.00701856
0.00701795
0.00701857
0.007024
0.00703833
0.00706489
0.00710877
0.00717953
0.00715259
0.00714354
0.00713362
0.00712446
0.00711598
0.00710813
0.00710087
0.00709415
0.00708791
0.00708213
0.00707676
0.00707177
0.00706713
0.0070628
0.00705875
0.00705496
0.00705142
0.00704809
0.00704496
0.00704202
0.00703925
0.00703664
0.0070342
0.00703191
0.00702977
0.00702778
0.00702595
0.00702428
0.00702277
0.00702144
0.00702028
0.00701929
0.00701849
0.00701787
0.00701849
0.00702393
0.00703826
0.00706481
0.00710869
0.00717945
0.00715254
0.00714349
0.00713357
0.00712441
0.00711593
0.00710808
0.00710082
0.00709409
0.00708786
0.00708208
0.00707671
0.00707172
0.00706707
0.00706274
0.00705869
0.00705491
0.00705136
0.00704803
0.00704491
0.00704196
0.00703919
0.00703659
0.00703414
0.00703185
0.00702971
0.00702772
0.00702589
0.00702422
0.00702272
0.00702138
0.00702022
0.00701923
0.00701843
0.00701781
0.00701844
0.00702387
0.0070382
0.00706475
0.00710863
0.00717939
0.00715252
0.00714347
0.00713355
0.00712439
0.00711591
0.00710806
0.0071008
0.00709407
0.00708784
0.00708206
0.00707669
0.0070717
0.00706705
0.00706272
0.00705868
0.00705489
0.00705134
0.00704802
0.00704489
0.00704194
0.00703917
0.00703657
0.00703412
0.00703183
0.00702969
0.00702771
0.00702588
0.0070242
0.0070227
0.00702136
0.0070202
0.00701922
0.00701842
0.0070178
0.00701842
0.00702386
0.00703819
0.00706474
0.00710863
0.00717938
0.00715254
0.00714348
0.00713357
0.00712441
0.00711593
0.00710808
0.00710081
0.00709409
0.00708786
0.00708208
0.00707671
0.00707172
0.00706707
0.00706274
0.00705869
0.00705491
0.00705136
0.00704803
0.00704491
0.00704196
0.00703919
0.00703659
0.00703414
0.00703185
0.00702971
0.00702772
0.00702589
0.00702422
0.00702272
0.00702138
0.00702022
0.00701924
0.00701844
0.00701782
0.00701845
0.00702388
0.00703821
0.00706477
0.00710865
0.00717941
0.00715257
0.00714352
0.0071336
0.00712444
0.00711596
0.00710811
0.00710085
0.00709412
0.00708789
0.00708211
0.00707674
0.00707175
0.0070671
0.00706277
0.00705873
0.00705494
0.0070514
0.00704807
0.00704494
0.00704199
0.00703922
0.00703662
0.00703417
0.00703188
0.00702974
0.00702776
0.00702593
0.00702426
0.00702275
0.00702142
0.00702025
0.00701927
0.00701847
0.00701785
0.00701847
0.00702391
0.00703824
0.0070648
0.00710868
0.00717944
0.00715262
0.00714357
0.00713365
0.00712449
0.00711601
0.00710816
0.0071009
0.00709417
0.00708794
0.00708216
0.00707679
0.0070718
0.00706715
0.00706282
0.00705878
0.00705499
0.00705144
0.00704812
0.00704499
0.00704204
0.00703928
0.00703667
0.00703423
0.00703193
0.00702979
0.00702781
0.00702598
0.00702431
0.0070228
0.00702147
0.00702031
0.00701932
0.00701852
0.0070179
0.00701852
0.00702395
0.00703828
0.00706484
0.00710872
0.00717948
0.0071527
0.00714364
0.00713372
0.00712456
0.00711608
0.00710823
0.00710097
0.00709425
0.00708801
0.00708223
0.00707686
0.00707187
0.00706723
0.0070629
0.00705885
0.00705507
0.00705152
0.00704819
0.00704506
0.00704212
0.00703935
0.00703675
0.0070343
0.00703201
0.00702987
0.00702789
0.00702606
0.00702439
0.00702288
0.00702155
0.00702038
0.0070194
0.00701859
0.00701797
0.00701859
0.00702402
0.00703835
0.00706491
0.00710879
0.00717955
0.00715279
0.00714374
0.00713382
0.00712466
0.00711618
0.00710833
0.00710107
0.00709435
0.00708811
0.00708233
0.00707697
0.00707197
0.00706733
0.007063
0.00705895
0.00705516
0.00705162
0.00704829
0.00704516
0.00704222
0.00703945
0.00703684
0.0070344
0.0070321
0.00702996
0.00702798
0.00702615
0.00702448
0.00702297
0.00702163
0.00702047
0.00701948
0.00701868
0.00701806
0.00701868
0.00702411
0.00703844
0.007065
0.00710888
0.00717964
0.00715293
0.00714387
0.00713395
0.00712479
0.00711631
0.00710846
0.0071012
0.00709448
0.00708824
0.00708246
0.00707709
0.0070721
0.00706745
0.00706312
0.00705907
0.00705528
0.00705174
0.00704841
0.00704528
0.00704233
0.00703956
0.00703696
0.00703451
0.00703222
0.00703008
0.0070281
0.00702627
0.0070246
0.00702309
0.00702175
0.00702058
0.0070196
0.0070188
0.00701818
0.0070188
0.00702424
0.00703857
0.00706512
0.00710901
0.00717976
0.00715309
0.00714404
0.00713412
0.00712496
0.00711648
0.00710863
0.00710137
0.00709464
0.00708841
0.00708262
0.00707725
0.00707226
0.00706761
0.00706328
0.00705923
0.00705544
0.00705189
0.00704856
0.00704543
0.00704249
0.00703972
0.00703711
0.00703467
0.00703238
0.00703024
0.00702826
0.00702643
0.00702475
0.00702325
0.00702191
0.00702074
0.00701976
0.00701896
0.00701835
0.00701897
0.0070244
0.00703873
0.00706529
0.00710917
0.00717993
0.0071533
0.00714424
0.00713432
0.00712516
0.00711668
0.00710883
0.00710156
0.00709484
0.0070886
0.00708282
0.00707745
0.00707246
0.00706781
0.00706348
0.00705943
0.00705564
0.00705209
0.00704876
0.00704563
0.00704269
0.00703992
0.00703732
0.00703487
0.00703258
0.00703044
0.00702845
0.00702662
0.00702495
0.00702344
0.00702211
0.00702094
0.00701996
0.00701916
0.00701854
0.00701916
0.0070246
0.00703892
0.00706548
0.00710937
0.00718013
0.00715353
0.00714447
0.00713456
0.0071254
0.00711691
0.00710906
0.0071018
0.00709507
0.00708884
0.00708306
0.00707769
0.00707269
0.00706805
0.00706371
0.00705967
0.00705588
0.00705233
0.007049
0.00704587
0.00704292
0.00704015
0.00703755
0.0070351
0.00703281
0.00703067
0.00702868
0.00702685
0.00702518
0.00702367
0.00702234
0.00702117
0.00702019
0.00701939
0.00701877
0.00701939
0.00702482
0.00703915
0.00706571
0.00710959
0.00718035
0.00715382
0.00714476
0.00713485
0.00712568
0.0071172
0.00710935
0.00710209
0.00709536
0.00708913
0.00708334
0.00707797
0.00707298
0.00706833
0.007064
0.00705995
0.00705617
0.00705262
0.00704929
0.00704615
0.00704321
0.00704044
0.00703783
0.00703539
0.00703309
0.00703095
0.00702897
0.00702714
0.00702547
0.00702396
0.00702262
0.00702146
0.00702048
0.00701967
0.00701905
0.00701968
0.00702511
0.00703944
0.007066
0.00710988
0.00718064
0.00715417
0.00714511
0.00713519
0.00712603
0.00711754
0.00710969
0.00710243
0.0070957
0.00708947
0.00708369
0.00707832
0.00707332
0.00706868
0.00706434
0.0070603
0.00705651
0.00705296
0.00704963
0.0070465
0.00704355
0.00704078
0.00703818
0.00703573
0.00703344
0.00703129
0.00702931
0.00702748
0.00702581
0.0070243
0.00702296
0.0070218
0.00702081
0.00702001
0.00701939
0.00702001
0.00702545
0.00703978
0.00706633
0.00711021
0.00718097
0.00715457
0.0071455
0.00713558
0.00712642
0.00711793
0.00711008
0.00710281
0.00709608
0.00708985
0.00708407
0.0070787
0.0070737
0.00706906
0.00706472
0.00706068
0.00705689
0.00705334
0.00705001
0.00704688
0.00704393
0.00704116
0.00703855
0.0070361
0.00703381
0.00703167
0.00702968
0.00702785
0.00702618
0.00702467
0.00702333
0.00702217
0.00702119
0.00702038
0.00701976
0.00702038
0.00702582
0.00704015
0.0070667
0.00711059
0.00718135
0.00715491
0.00714585
0.00713592
0.00712676
0.00711827
0.00711041
0.00710315
0.00709642
0.00709018
0.0070844
0.00707903
0.00707403
0.00706939
0.00706505
0.007061
0.00705721
0.00705366
0.00705033
0.0070472
0.00704425
0.00704148
0.00703887
0.00703642
0.00703413
0.00703199
0.00703
0.00702817
0.0070265
0.007025
0.00702366
0.00702249
0.00702151
0.00702071
0.00702009
0.00702071
0.00702614
0.00704046
0.00706702
0.0071109
0.00718166
0.00715464
0.00714558
0.00713565
0.00712648
0.00711799
0.00711014
0.00710287
0.00709614
0.0070899
0.00708412
0.00707875
0.00707375
0.0070691
0.00706477
0.00706072
0.00705693
0.00705338
0.00705005
0.00704692
0.00704397
0.0070412
0.00703859
0.00703614
0.00703385
0.00703171
0.00702972
0.00702789
0.00702622
0.00702471
0.00702338
0.00702221
0.00702123
0.00702042
0.0070198
0.00702042
0.00702585
0.00704018
0.00706673
0.00711061
0.00718137
0.00715178
0.00714272
0.0071328
0.00712363
0.00711514
0.00710729
0.00710002
0.0070933
0.00708707
0.00708128
0.00707592
0.00707093
0.00706628
0.00706195
0.0070579
0.00705412
0.00705057
0.00704724
0.00704411
0.00704117
0.00703839
0.00703579
0.00703334
0.00703105
0.00702891
0.00702693
0.0070251
0.00702343
0.00702193
0.00702059
0.00701943
0.00701845
0.00701764
0.00701702
0.00701764
0.00702307
0.0070374
0.00706396
0.00710784
0.00717861
0.00714248
0.00713344
0.00712354
0.00711439
0.00710592
0.00709809
0.00709084
0.00708413
0.00707791
0.00707214
0.00706679
0.00706181
0.00705718
0.00705286
0.00704882
0.00704505
0.00704151
0.00703819
0.00703507
0.00703214
0.00702937
0.00702678
0.00702434
0.00702205
0.00701992
0.00701794
0.00701612
0.00701446
0.00701296
0.00701163
0.00701047
0.00700949
0.00700869
0.00700807
0.0070087
0.00701413
0.00702846
0.00705502
0.0070989
0.00716966
0.00712625
0.00711725
0.00710738
0.00709827
0.00708983
0.00708203
0.00707482
0.00706814
0.00706195
0.00705622
0.00705089
0.00704595
0.00704135
0.00703706
0.00703306
0.00702931
0.00702581
0.00702252
0.00701942
0.00701651
0.00701378
0.0070112
0.00700879
0.00700652
0.00700441
0.00700245
0.00700064
0.00699899
0.0069975
0.00699618
0.00699503
0.00699406
0.00699328
0.00699267
0.00699333
0.0069989
0.00701342
0.00704018
0.00708425
0.00715518
0.00705822
0.00704706
0.00703578
0.00702538
0.00701579
0.00700694
0.00699879
0.00699126
0.00698431
0.0069779
0.00697198
0.0069665
0.00696143
0.00695672
0.00695236
0.00694829
0.0069445
0.00694096
0.00693765
0.00693454
0.00693161
0.00692885
0.00692625
0.0069238
0.00692148
0.00691931
0.00691726
0.00691535
0.00691358
0.00691196
0.00691048
0.00690917
0.00690802
0.00690704
0.00690745
0.00691303
0.00692781
0.006955
0.00699979
0.00707187
0.00709679
0.00708588
0.00707456
0.00706413
0.0070545
0.00704561
0.0070374
0.00702982
0.00702282
0.00701634
0.00701035
0.00700481
0.00699966
0.00699489
0.00699045
0.0069863
0.00698243
0.00697881
0.00697541
0.00697222
0.00696921
0.00696636
0.00696368
0.00696114
0.00695875
0.00695649
0.00695437
0.00695238
0.00695053
0.00694883
0.00694728
0.00694589
0.00694467
0.00694363
0.00694396
0.00694943
0.00696404
0.00699102
0.00703558
0.00710745
0.00712406
0.00711332
0.00710197
0.00709151
0.00708184
0.00707291
0.00706466
0.00705704
0.00704999
0.00704347
0.00703743
0.00703183
0.00702663
0.0070218
0.0070173
0.0070131
0.00700917
0.00700548
0.00700202
0.00699877
0.00699569
0.00699279
0.00699004
0.00698744
0.00698499
0.00698267
0.00698048
0.00697843
0.00697653
0.00697477
0.00697316
0.00697172
0.00697044
0.00696934
0.00696963
0.00697505
0.00698961
0.00701656
0.00706109
0.00713292
0.00713693
0.00712626
0.00711491
0.00710443
0.00709475
0.00708581
0.00707754
0.0070699
0.00706283
0.00705629
0.00705023
0.00704461
0.00703938
0.00703453
0.00703
0.00702577
0.00702181
0.0070181
0.00701461
0.00701132
0.00700822
0.00700528
0.0070025
0.00699987
0.00699739
0.00699503
0.00699282
0.00699074
0.00698881
0.00698702
0.00698538
0.00698391
0.00698261
0.00698148
0.00698174
0.00698714
0.00700169
0.00702862
0.00707313
0.00714494
0.00714107
0.00713042
0.00711907
0.0071086
0.00709892
0.00708997
0.00708171
0.00707406
0.00706699
0.00706044
0.00705438
0.00704875
0.00704352
0.00703866
0.00703412
0.00702988
0.00702592
0.0070222
0.0070187
0.0070154
0.00701228
0.00700934
0.00700655
0.00700392
0.00700142
0.00699906
0.00699683
0.00699474
0.0069928
0.006991
0.00698935
0.00698787
0.00698656
0.00698543
0.00698568
0.00699107
0.00700561
0.00703253
0.00707703
0.00714884
0.00714174
0.00713111
0.00711976
0.00710929
0.00709961
0.00709067
0.0070824
0.00707476
0.00706769
0.00706114
0.00705508
0.00704945
0.00704422
0.00703936
0.00703482
0.00703059
0.00702662
0.0070229
0.0070194
0.0070161
0.00701298
0.00701004
0.00700725
0.00700461
0.00700211
0.00699975
0.00699752
0.00699543
0.00699349
0.00699168
0.00699004
0.00698855
0.00698724
0.0069861
0.00698635
0.00699174
0.00700628
0.0070332
0.0070777
0.00714951
0.00714152
0.00713088
0.00711954
0.00710907
0.0070994
0.00709045
0.00708219
0.00707455
0.00706748
0.00706094
0.00705487
0.00704925
0.00704402
0.00703916
0.00703462
0.00703038
0.00702642
0.0070227
0.0070192
0.0070159
0.00701278
0.00700984
0.00700705
0.00700441
0.00700191
0.00699955
0.00699733
0.00699524
0.00699329
0.00699149
0.00698984
0.00698836
0.00698704
0.00698591
0.00698615
0.00699154
0.00700608
0.007033
0.0070775
0.0071493
0.00714118
0.00713054
0.0071192
0.00710873
0.00709906
0.00709012
0.00708185
0.00707421
0.00706715
0.0070606
0.00705454
0.00704891
0.00704368
0.00703882
0.00703429
0.00703005
0.00702608
0.00702236
0.00701886
0.00701556
0.00701245
0.0070095
0.00700671
0.00700407
0.00700158
0.00699921
0.00699699
0.0069949
0.00699295
0.00699115
0.00698951
0.00698802
0.00698671
0.00698557
0.00698582
0.0069912
0.00700574
0.00703266
0.00707716
0.00714897
0.00714086
0.00713022
0.00711888
0.00710842
0.00709874
0.0070898
0.00708154
0.0070739
0.00706683
0.00706029
0.00705422
0.00704859
0.00704337
0.0070385
0.00703397
0.00702973
0.00702576
0.00702204
0.00701854
0.00701524
0.00701212
0.00700918
0.00700639
0.00700375
0.00700125
0.00699889
0.00699666
0.00699457
0.00699263
0.00699083
0.00698918
0.0069877
0.00698638
0.00698525
0.00698549
0.00699088
0.00700542
0.00703234
0.00707684
0.00714864
0.00714059
0.00712995
0.00711861
0.00710815
0.00709847
0.00708953
0.00708127
0.00707363
0.00706656
0.00706002
0.00705396
0.00704833
0.0070431
0.00703824
0.0070337
0.00702946
0.0070255
0.00702177
0.00701827
0.00701497
0.00701186
0.00700891
0.00700612
0.00700348
0.00700098
0.00699862
0.00699639
0.00699431
0.00699236
0.00699056
0.00698891
0.00698743
0.00698612
0.00698498
0.00698523
0.00699062
0.00700516
0.00703208
0.00707658
0.00714839
0.00714036
0.00712973
0.00711839
0.00710792
0.00709825
0.00708931
0.00708105
0.00707341
0.00706634
0.0070598
0.00705374
0.00704811
0.00704289
0.00703802
0.00703349
0.00702925
0.00702528
0.00702156
0.00701806
0.00701476
0.00701165
0.0070087
0.00700591
0.00700327
0.00700077
0.00699841
0.00699619
0.0069941
0.00699215
0.00699035
0.00698871
0.00698722
0.00698591
0.00698478
0.00698503
0.00699042
0.00700496
0.00703188
0.00707638
0.00714819
0.00714016
0.00712953
0.00711819
0.00710773
0.00709806
0.00708912
0.00708086
0.00707322
0.00706616
0.00705962
0.00705355
0.00704793
0.0070427
0.00703784
0.0070333
0.00702907
0.0070251
0.00702138
0.00701788
0.00701458
0.00701147
0.00700852
0.00700573
0.00700309
0.0070006
0.00699824
0.00699601
0.00699392
0.00699197
0.00699017
0.00698853
0.00698705
0.00698573
0.0069846
0.00698485
0.00699024
0.00700478
0.0070317
0.0070762
0.00714801
0.00713999
0.00712935
0.00711802
0.00710755
0.00709788
0.00708894
0.00708068
0.00707305
0.00706598
0.00705944
0.00705337
0.00704775
0.00704252
0.00703766
0.00703312
0.00702888
0.00702492
0.0070212
0.0070177
0.0070144
0.00701129
0.00700834
0.00700555
0.00700292
0.00700042
0.00699806
0.00699583
0.00699374
0.0069918
0.00699
0.00698835
0.00698687
0.00698556
0.00698442
0.00698467
0.00699006
0.0070046
0.00703151
0.00707602
0.00714782
0.00713981
0.00712918
0.00711784
0.00710738
0.0070977
0.00708877
0.0070805
0.00707287
0.0070658
0.00705926
0.00705319
0.00704757
0.00704234
0.00703748
0.00703294
0.0070287
0.00702474
0.00702102
0.00701752
0.00701422
0.00701111
0.00700816
0.00700538
0.00700274
0.00700024
0.00699788
0.00699565
0.00699357
0.00699162
0.00698982
0.00698818
0.00698669
0.00698538
0.00698425
0.0069845
0.00698988
0.00700442
0.00703134
0.00707584
0.00714764
0.00713964
0.00712901
0.00711767
0.00710721
0.00709754
0.0070886
0.00708034
0.0070727
0.00706564
0.0070591
0.00705303
0.00704741
0.00704218
0.00703732
0.00703278
0.00702854
0.00702458
0.00702086
0.00701736
0.00701406
0.00701095
0.007008
0.00700522
0.00700258
0.00700008
0.00699772
0.0069955
0.00699341
0.00699146
0.00698967
0.00698802
0.00698654
0.00698523
0.0069841
0.00698435
0.00698973
0.00700427
0.00703119
0.00707569
0.0071475
0.00713951
0.00712887
0.00711754
0.00710708
0.0070974
0.00708846
0.0070802
0.00707257
0.0070655
0.00705896
0.0070529
0.00704727
0.00704205
0.00703718
0.00703265
0.00702841
0.00702444
0.00702072
0.00701722
0.00701393
0.00701081
0.00700787
0.00700509
0.00700245
0.00699995
0.00699759
0.00699537
0.00699328
0.00699133
0.00698954
0.00698789
0.00698641
0.0069851
0.00698397
0.00698422
0.00698961
0.00700414
0.00703106
0.00707557
0.00714737
0.0071394
0.00712876
0.00711742
0.00710696
0.00709729
0.00708835
0.00708009
0.00707245
0.00706539
0.00705885
0.00705278
0.00704716
0.00704193
0.00703706
0.00703253
0.00702829
0.00702432
0.0070206
0.0070171
0.00701381
0.00701069
0.00700775
0.00700497
0.00700233
0.00699983
0.00699747
0.00699524
0.00699316
0.00699121
0.00698942
0.00698777
0.00698629
0.00698498
0.00698385
0.0069841
0.00698948
0.00700402
0.00703094
0.00707545
0.00714725
0.0071393
0.00712866
0.00711732
0.00710686
0.00709719
0.00708825
0.00707999
0.00707235
0.00706528
0.00705874
0.00705268
0.00704705
0.00704182
0.00703696
0.00703242
0.00702818
0.00702421
0.00702049
0.00701699
0.00701369
0.00701058
0.00700764
0.00700485
0.00700221
0.00699972
0.00699736
0.00699513
0.00699304
0.0069911
0.0069893
0.00698766
0.00698618
0.00698487
0.00698373
0.00698398
0.00698937
0.00700391
0.00703083
0.00707533
0.00714714
0.0071392
0.00712857
0.00711723
0.00710677
0.0070971
0.00708816
0.00707989
0.00707226
0.00706519
0.00705865
0.00705258
0.00704695
0.00704173
0.00703686
0.00703233
0.00702809
0.00702412
0.0070204
0.0070169
0.0070136
0.00701049
0.00700755
0.00700476
0.00700212
0.00699963
0.00699727
0.00699504
0.00699296
0.00699101
0.00698921
0.00698757
0.00698609
0.00698478
0.00698365
0.0069839
0.00698929
0.00700383
0.00703075
0.00707525
0.00714706
0.00713912
0.00712849
0.00711715
0.00710669
0.00709702
0.00708808
0.00707981
0.00707218
0.00706511
0.00705857
0.0070525
0.00704688
0.00704165
0.00703678
0.00703225
0.00702801
0.00702405
0.00702033
0.00701683
0.00701353
0.00701042
0.00700748
0.00700469
0.00700205
0.00699956
0.0069972
0.00699497
0.00699289
0.00699094
0.00698915
0.0069875
0.00698602
0.00698471
0.00698358
0.00698383
0.00698922
0.00700376
0.00703068
0.00707518
0.00714699
0.00713906
0.00712843
0.00711709
0.00710663
0.00709695
0.00708801
0.00707975
0.00707211
0.00706504
0.0070585
0.00705243
0.00704681
0.00704158
0.00703672
0.00703218
0.00702795
0.00702398
0.00702026
0.00701676
0.00701347
0.00701035
0.00700741
0.00700463
0.00700199
0.00699949
0.00699713
0.00699491
0.00699282
0.00699088
0.00698908
0.00698744
0.00698595
0.00698465
0.00698351
0.00698377
0.00698916
0.00700369
0.00703061
0.00707511
0.00714692
0.00713902
0.00712838
0.00711704
0.00710658
0.00709691
0.00708797
0.0070797
0.00707206
0.00706499
0.00705845
0.00705238
0.00704676
0.00704153
0.00703667
0.00703213
0.00702789
0.00702393
0.00702021
0.00701671
0.00701342
0.0070103
0.00700736
0.00700457
0.00700194
0.00699944
0.00699708
0.00699486
0.00699277
0.00699082
0.00698902
0.00698738
0.0069859
0.00698459
0.00698346
0.00698371
0.0069891
0.00700364
0.00703056
0.00707506
0.00714687
0.007139
0.00712836
0.00711703
0.00710656
0.00709689
0.00708795
0.00707968
0.00707204
0.00706498
0.00705843
0.00705237
0.00704674
0.00704151
0.00703665
0.00703211
0.00702788
0.00702391
0.0070202
0.0070167
0.0070134
0.00701029
0.00700735
0.00700456
0.00700192
0.00699942
0.00699706
0.00699484
0.00699275
0.00699081
0.00698901
0.00698737
0.00698589
0.00698458
0.00698345
0.0069837
0.00698909
0.00700363
0.00703055
0.00707505
0.00714686
0.00713901
0.00712838
0.00711704
0.00710658
0.0070969
0.00708796
0.0070797
0.00707206
0.00706499
0.00705845
0.00705238
0.00704676
0.00704153
0.00703667
0.00703213
0.0070279
0.00702393
0.00702021
0.00701672
0.00701342
0.00701031
0.00700736
0.00700458
0.00700194
0.00699944
0.00699708
0.00699485
0.00699277
0.00699082
0.00698902
0.00698738
0.0069859
0.0069846
0.00698346
0.00698372
0.00698911
0.00700365
0.00703057
0.00707507
0.00714688
0.00713905
0.00712841
0.00711707
0.00710661
0.00709694
0.007088
0.00707973
0.0070721
0.00706503
0.00705848
0.00705242
0.00704679
0.00704156
0.0070367
0.00703217
0.00702793
0.00702397
0.00702025
0.00701675
0.00701345
0.00701034
0.00700739
0.00700461
0.00700197
0.00699947
0.00699711
0.00699488
0.0069928
0.00699085
0.00698906
0.00698741
0.00698594
0.00698463
0.00698349
0.00698374
0.00698914
0.00700367
0.00703059
0.00707509
0.0071469
0.0071391
0.00712847
0.00711713
0.00710666
0.00709699
0.00708805
0.00707978
0.00707215
0.00706508
0.00705853
0.00705247
0.00704684
0.00704161
0.00703675
0.00703221
0.00702798
0.00702401
0.00702029
0.0070168
0.0070135
0.00701039
0.00700745
0.00700466
0.00700202
0.00699952
0.00699716
0.00699494
0.00699285
0.00699091
0.00698911
0.00698747
0.00698599
0.00698468
0.00698355
0.0069838
0.00698919
0.00700372
0.00703064
0.00707514
0.00714694
0.00713918
0.00712854
0.0071172
0.00710673
0.00709706
0.00708812
0.00707985
0.00707222
0.00706515
0.00705861
0.00705254
0.00704692
0.00704169
0.00703682
0.00703229
0.00702805
0.00702409
0.00702037
0.00701687
0.00701358
0.00701047
0.00700752
0.00700474
0.0070021
0.0069996
0.00699724
0.00699502
0.00699294
0.00699099
0.0069892
0.00698755
0.00698607
0.00698476
0.00698362
0.00698387
0.00698926
0.0070038
0.00703072
0.00707522
0.00714702
0.00713928
0.00712864
0.0071173
0.00710683
0.00709716
0.00708822
0.00707995
0.00707231
0.00706525
0.00705871
0.00705264
0.00704702
0.00704179
0.00703693
0.00703239
0.00702815
0.00702419
0.00702047
0.00701697
0.00701368
0.00701056
0.00700762
0.00700484
0.0070022
0.0069997
0.00699734
0.00699512
0.00699303
0.00699109
0.00698929
0.00698764
0.00698616
0.00698485
0.00698371
0.00698397
0.00698936
0.00700389
0.00703082
0.00707532
0.00714712
0.00713941
0.00712877
0.00711743
0.00710696
0.00709729
0.00708835
0.00708009
0.00707245
0.00706538
0.00705884
0.00705277
0.00704715
0.00704192
0.00703705
0.00703252
0.00702828
0.00702431
0.00702059
0.00701709
0.0070138
0.00701068
0.00700774
0.00700495
0.00700231
0.00699982
0.00699746
0.00699524
0.00699315
0.00699121
0.0069894
0.00698776
0.00698627
0.00698496
0.00698383
0.00698409
0.00698948
0.00700402
0.00703094
0.00707544
0.00714725
0.00713958
0.00712894
0.00711759
0.00710713
0.00709745
0.00708851
0.00708025
0.00707261
0.00706554
0.007059
0.00705294
0.00704731
0.00704208
0.00703721
0.00703268
0.00702844
0.00702447
0.00702075
0.00701725
0.00701395
0.00701084
0.0070079
0.00700511
0.00700247
0.00699998
0.00699762
0.00699539
0.00699331
0.00699136
0.00698956
0.00698791
0.00698643
0.00698513
0.006984
0.00698425
0.00698964
0.00700418
0.0070311
0.0070756
0.00714741
0.00713978
0.00712914
0.0071178
0.00710733
0.00709765
0.00708871
0.00708045
0.00707281
0.00706574
0.0070592
0.00705313
0.0070475
0.00704228
0.00703741
0.00703287
0.00702864
0.00702467
0.00702095
0.00701745
0.00701415
0.00701104
0.00700809
0.00700531
0.00700267
0.00700018
0.00699782
0.00699559
0.0069935
0.00699156
0.00698976
0.00698811
0.00698663
0.00698533
0.00698419
0.00698444
0.00698983
0.00700437
0.00703129
0.00707579
0.00714759
0.00714002
0.00712938
0.00711803
0.00710757
0.00709789
0.00708895
0.00708068
0.00707304
0.00706597
0.00705943
0.00705337
0.00704774
0.00704251
0.00703764
0.00703311
0.00702887
0.00702491
0.00702118
0.00701768
0.00701438
0.00701127
0.00700833
0.00700554
0.00700291
0.00700041
0.00699805
0.00699582
0.00699373
0.00699179
0.00698999
0.00698835
0.00698687
0.00698556
0.00698442
0.00698467
0.00699006
0.0070046
0.00703152
0.00707602
0.00714782
0.00714031
0.00712966
0.00711832
0.00710785
0.00709817
0.00708923
0.00708097
0.00707333
0.00706626
0.00705971
0.00705365
0.00704802
0.00704279
0.00703793
0.00703339
0.00702916
0.00702519
0.00702147
0.00701797
0.00701467
0.00701156
0.00700861
0.00700583
0.00700319
0.00700069
0.00699833
0.0069961
0.00699401
0.00699207
0.00699027
0.00698863
0.00698715
0.00698584
0.0069847
0.00698495
0.00699035
0.00700489
0.00703181
0.00707631
0.00714812
0.00714066
0.00713001
0.00711867
0.0071082
0.00709852
0.00708958
0.00708131
0.00707367
0.0070666
0.00706006
0.00705399
0.00704836
0.00704313
0.00703827
0.00703373
0.0070295
0.00702553
0.00702181
0.00701831
0.00701501
0.0070119
0.00700896
0.00700617
0.00700353
0.00700103
0.00699867
0.00699644
0.00699435
0.00699241
0.00699061
0.00698897
0.00698748
0.00698617
0.00698504
0.00698529
0.00699068
0.00700522
0.00703214
0.00707664
0.00714845
0.00714106
0.00713041
0.00711906
0.00710859
0.00709891
0.00708996
0.00708169
0.00707405
0.00706698
0.00706044
0.00705437
0.00704874
0.00704351
0.00703865
0.00703411
0.00702988
0.00702591
0.00702219
0.00701869
0.00701539
0.00701227
0.00700933
0.00700654
0.0070039
0.0070014
0.00699904
0.00699681
0.00699472
0.00699278
0.00699098
0.00698934
0.00698785
0.00698654
0.00698541
0.00698566
0.00699105
0.00700558
0.0070325
0.007077
0.00714881
0.00714141
0.00713076
0.00711941
0.00710894
0.00709926
0.00709031
0.00708204
0.00707439
0.00706732
0.00706078
0.00705471
0.00704908
0.00704385
0.00703898
0.00703445
0.00703021
0.00702624
0.00702252
0.00701901
0.00701571
0.0070126
0.00700965
0.00700686
0.00700422
0.00700172
0.00699936
0.00699714
0.00699505
0.00699311
0.00699131
0.00698967
0.00698818
0.00698687
0.00698574
0.00698599
0.00699138
0.00700591
0.00703283
0.00707733
0.00714913
0.00714118
0.00713053
0.00711918
0.0071087
0.00709902
0.00709007
0.0070818
0.00707415
0.00706708
0.00706053
0.00705446
0.00704883
0.0070436
0.00703873
0.0070342
0.00702996
0.00702599
0.00702227
0.00701877
0.00701547
0.00701235
0.0070094
0.00700661
0.00700397
0.00700147
0.00699911
0.00699689
0.0069948
0.00699286
0.00699106
0.00698941
0.00698793
0.00698662
0.00698549
0.00698574
0.00699112
0.00700566
0.00703258
0.00707709
0.0071489
0.00713839
0.00712774
0.00711639
0.00710592
0.00709624
0.00708729
0.00707902
0.00707138
0.00706431
0.00705776
0.0070517
0.00704607
0.00704084
0.00703598
0.00703145
0.00702721
0.00702324
0.00701953
0.00701603
0.00701273
0.00700962
0.00700667
0.00700389
0.00700125
0.00699875
0.00699639
0.00699417
0.00699208
0.00699014
0.00698835
0.0069867
0.00698523
0.00698391
0.00698278
0.00698303
0.00698841
0.00700295
0.00702987
0.00707437
0.00714617
0.00712907
0.00711845
0.00710712
0.00709667
0.00708701
0.00707808
0.00706983
0.00706221
0.00705515
0.00704862
0.00704257
0.00703696
0.00703175
0.00702689
0.00702237
0.00701815
0.0070142
0.00701049
0.007007
0.00700371
0.00700061
0.00699767
0.0069949
0.00699227
0.00698978
0.00698742
0.00698521
0.00698313
0.0069812
0.00697941
0.00697777
0.0069763
0.00697499
0.00697386
0.00697411
0.00697951
0.00699405
0.00702097
0.00706547
0.00713727
0.00711249
0.00710191
0.00709062
0.00708021
0.00707059
0.0070617
0.00705349
0.0070459
0.00703888
0.00703238
0.00702637
0.00702079
0.00701561
0.00701079
0.0070063
0.00700211
0.00699819
0.00699451
0.00699105
0.00698779
0.00698472
0.00698181
0.00697906
0.00697645
0.00697398
0.00697165
0.00696946
0.0069674
0.00696547
0.0069637
0.00696207
0.00696061
0.00695931
0.00695819
0.00695849
0.00696403
0.00697876
0.00700588
0.00705058
0.00712256
0.00705312
0.00704014
0.00702716
0.00701521
0.00700419
0.00699403
0.00698467
0.00697604
0.00696809
0.00696074
0.00695397
0.00694771
0.00694193
0.00693658
0.00693161
0.00692701
0.00692272
0.00691873
0.00691499
0.00691149
0.0069082
0.0069051
0.00690217
0.0068994
0.00689676
0.00689426
0.00689188
0.00688962
0.00688747
0.00688544
0.00688353
0.00688175
0.00688011
0.00687862
0.00687868
0.00688428
0.00689933
0.00692698
0.00697256
0.00704601
0.00709009
0.00707734
0.00706433
0.00705234
0.00704128
0.00703108
0.00702167
0.00701298
0.00700497
0.00699757
0.00699073
0.00698441
0.00697856
0.00697314
0.0069681
0.00696342
0.00695905
0.00695498
0.00695116
0.00694758
0.00694421
0.00694103
0.00693801
0.00693515
0.00693244
0.00692985
0.00692739
0.00692505
0.00692282
0.00692071
0.00691873
0.00691687
0.00691516
0.0069136
0.00691358
0.00691905
0.00693393
0.00696136
0.00700671
0.00707994
0.00711579
0.0071032
0.00709016
0.00707814
0.00706705
0.00705681
0.00704736
0.00703864
0.00703058
0.00702314
0.00701625
0.00700988
0.00700397
0.0069985
0.00699341
0.00698867
0.00698425
0.00698011
0.00697624
0.0069726
0.00696916
0.00696592
0.00696285
0.00695993
0.00695715
0.0069545
0.00695198
0.00694958
0.00694729
0.00694512
0.00694308
0.00694117
0.0069394
0.00693778
0.00693771
0.00694314
0.00695798
0.00698537
0.00703069
0.00710389
0.0071277
0.00711518
0.00710213
0.00709011
0.00707901
0.00706876
0.00705929
0.00705056
0.00704248
0.00703502
0.00702812
0.00702172
0.0070158
0.00701029
0.00700518
0.00700041
0.00699597
0.0069918
0.0069879
0.00698423
0.00698077
0.00697749
0.00697439
0.00697144
0.00696863
0.00696595
0.0069634
0.00696097
0.00695865
0.00695646
0.00695438
0.00695244
0.00695065
0.006949
0.0069489
0.00695431
0.00696913
0.00699651
0.00704181
0.00711499
0.00713145
0.00711896
0.00710592
0.0070939
0.00708279
0.00707254
0.00706308
0.00705434
0.00704626
0.0070388
0.00703189
0.00702549
0.00701956
0.00701405
0.00700893
0.00700416
0.0069997
0.00699553
0.00699162
0.00698794
0.00698447
0.00698118
0.00697807
0.00697511
0.0069723
0.00696961
0.00696705
0.0069646
0.00696228
0.00696007
0.00695799
0.00695604
0.00695423
0.00695258
0.00695247
0.00695787
0.00697268
0.00700005
0.00704535
0.00711852
0.00713202
0.00711953
0.0071065
0.00709448
0.00708338
0.00707313
0.00706367
0.00705493
0.00704686
0.00703939
0.00703249
0.00702609
0.00702016
0.00701465
0.00700953
0.00700476
0.0070003
0.00699613
0.00699222
0.00698853
0.00698506
0.00698178
0.00697866
0.0069757
0.00697289
0.0069702
0.00696764
0.00696519
0.00696287
0.00696066
0.00695858
0.00695662
0.00695482
0.00695316
0.00695305
0.00695845
0.00697325
0.00700062
0.00704591
0.00711909
0.00713178
0.00711929
0.00710626
0.00709424
0.00708314
0.0070729
0.00706344
0.0070547
0.00704663
0.00703916
0.00703226
0.00702586
0.00701993
0.00701443
0.00700931
0.00700454
0.00700008
0.00699591
0.006992
0.00698832
0.00698485
0.00698156
0.00697845
0.00697549
0.00697267
0.00696999
0.00696742
0.00696498
0.00696266
0.00696045
0.00695837
0.00695641
0.00695461
0.00695295
0.00695284
0.00695823
0.00697304
0.00700041
0.0070457
0.00711887
0.00713143
0.00711894
0.00710591
0.0070939
0.0070828
0.00707256
0.0070631
0.00705436
0.00704629
0.00703883
0.00703192
0.00702553
0.0070196
0.00701409
0.00700897
0.0070042
0.00699975
0.00699558
0.00699166
0.00698798
0.00698451
0.00698123
0.00697811
0.00697515
0.00697234
0.00696965
0.00696709
0.00696465
0.00696232
0.00696011
0.00695803
0.00695608
0.00695427
0.00695261
0.0069525
0.0069579
0.0069727
0.00700007
0.00704536
0.00711853
0.00713111
0.00711863
0.00710559
0.00709358
0.00708248
0.00707224
0.00706278
0.00705405
0.00704598
0.00703851
0.00703161
0.00702521
0.00701928
0.00701378
0.00700866
0.00700388
0.00699943
0.00699526
0.00699135
0.00698766
0.00698419
0.00698091
0.00697779
0.00697483
0.00697201
0.00696933
0.00696676
0.00696432
0.006962
0.00695979
0.00695771
0.00695576
0.00695395
0.00695229
0.00695218
0.00695758
0.00697238
0.00699975
0.00704504
0.00711822
0.00713084
0.00711836
0.00710533
0.00709331
0.00708222
0.00707198
0.00706252
0.00705378
0.00704571
0.00703825
0.00703134
0.00702495
0.00701902
0.00701351
0.00700839
0.00700362
0.00699917
0.006995
0.00699108
0.0069874
0.00698393
0.00698064
0.00697753
0.00697457
0.00697175
0.00696906
0.0069665
0.00696405
0.00696173
0.00695952
0.00695744
0.00695549
0.00695368
0.00695202
0.00695192
0.00695731
0.00697212
0.00699949
0.00704478
0.00711796
0.00713061
0.00711813
0.0071051
0.00709309
0.00708199
0.00707175
0.0070623
0.00705356
0.00704549
0.00703803
0.00703113
0.00702473
0.0070188
0.0070133
0.00700818
0.00700341
0.00699895
0.00699478
0.00699087
0.00698719
0.00698372
0.00698043
0.00697732
0.00697436
0.00697154
0.00696885
0.00696629
0.00696385
0.00696152
0.00695931
0.00695723
0.00695528
0.00695347
0.00695182
0.00695171
0.00695711
0.00697191
0.00699929
0.00704458
0.00711775
0.00713042
0.00711794
0.00710491
0.0070929
0.0070818
0.00707156
0.00706211
0.00705338
0.00704531
0.00703785
0.00703094
0.00702455
0.00701862
0.00701312
0.007008
0.00700322
0.00699877
0.0069946
0.00699069
0.00698701
0.00698354
0.00698025
0.00697714
0.00697418
0.00697136
0.00696868
0.00696611
0.00696367
0.00696134
0.00695914
0.00695705
0.0069551
0.00695329
0.00695164
0.00695153
0.00695693
0.00697174
0.00699911
0.0070444
0.00711757
0.00713024
0.00711776
0.00710473
0.00709272
0.00708163
0.00707139
0.00706193
0.0070532
0.00704513
0.00703767
0.00703077
0.00702437
0.00701844
0.00701294
0.00700782
0.00700305
0.00699859
0.00699442
0.00699051
0.00698683
0.00698336
0.00698008
0.00697696
0.006974
0.00697119
0.0069685
0.00696594
0.00696349
0.00696117
0.00695896
0.00695688
0.00695493
0.00695312
0.00695147
0.00695136
0.00695676
0.00697156
0.00699893
0.00704422
0.00711739
0.00713007
0.00711758
0.00710456
0.00709255
0.00708145
0.00707121
0.00706176
0.00705303
0.00704496
0.0070375
0.00703059
0.0070242
0.00701827
0.00701276
0.00700764
0.00700287
0.00699842
0.00699425
0.00699033
0.00698665
0.00698318
0.0069799
0.00697679
0.00697383
0.00697101
0.00696833
0.00696577
0.00696332
0.006961
0.00695879
0.00695671
0.00695476
0.00695295
0.0069513
0.00695119
0.00695659
0.00697139
0.00699876
0.00704405
0.00711722
0.00712991
0.00711742
0.00710439
0.00709238
0.00708129
0.00707105
0.0070616
0.00705286
0.00704479
0.00703733
0.00703043
0.00702404
0.00701811
0.00701261
0.00700749
0.00700271
0.00699826
0.00699409
0.00699018
0.0069865
0.00698303
0.00697975
0.00697663
0.00697368
0.00697086
0.00696818
0.00696561
0.00696317
0.00696085
0.00695864
0.00695656
0.00695461
0.00695281
0.00695115
0.00695104
0.00695644
0.00697125
0.00699862
0.00704391
0.00711708
0.00712977
0.00711729
0.00710426
0.00709225
0.00708116
0.00707092
0.00706146
0.00705273
0.00704466
0.0070372
0.0070303
0.00702391
0.00701798
0.00701247
0.00700736
0.00700258
0.00699813
0.00699396
0.00699005
0.00698637
0.0069829
0.00697962
0.00697651
0.00697355
0.00697073
0.00696805
0.00696549
0.00696304
0.00696072
0.00695851
0.00695643
0.00695449
0.00695268
0.00695103
0.00695092
0.00695631
0.00697112
0.00699849
0.00704378
0.00711696
0.00712966
0.00711718
0.00710415
0.00709214
0.00708105
0.00707081
0.00706135
0.00705262
0.00704455
0.00703709
0.00703019
0.0070238
0.00701787
0.00701236
0.00700724
0.00700247
0.00699802
0.00699385
0.00698993
0.00698625
0.00698278
0.0069795
0.00697639
0.00697343
0.00697062
0.00696793
0.00696537
0.00696292
0.0069606
0.00695839
0.00695632
0.00695437
0.00695256
0.00695091
0.0069508
0.00695619
0.006971
0.00699837
0.00704366
0.00711684
0.00712956
0.00711708
0.00710405
0.00709205
0.00708095
0.00707071
0.00706126
0.00705252
0.00704446
0.00703699
0.00703009
0.0070237
0.00701777
0.00701226
0.00700714
0.00700237
0.00699791
0.00699374
0.00698983
0.00698615
0.00698268
0.0069794
0.00697628
0.00697332
0.00697051
0.00696782
0.00696526
0.00696282
0.00696049
0.00695829
0.00695621
0.00695426
0.00695245
0.0069508
0.00695069
0.00695609
0.00697089
0.00699826
0.00704355
0.00711673
0.00712948
0.00711699
0.00710397
0.00709196
0.00708086
0.00707062
0.00706117
0.00705244
0.00704437
0.00703691
0.00703
0.00702361
0.00701768
0.00701217
0.00700705
0.00700228
0.00699782
0.00699365
0.00698974
0.00698606
0.00698259
0.00697931
0.00697619
0.00697324
0.00697042
0.00696774
0.00696517
0.00696273
0.00696041
0.0069582
0.00695612
0.00695417
0.00695237
0.00695071
0.00695061
0.00695601
0.00697081
0.00699819
0.00704347
0.00711665
0.0071294
0.00711692
0.00710389
0.00709188
0.00708079
0.00707055
0.00706109
0.00705236
0.00704429
0.00703683
0.00702992
0.00702353
0.0070176
0.0070121
0.00700698
0.0070022
0.00699775
0.00699358
0.00698967
0.00698599
0.00698252
0.00697924
0.00697613
0.00697317
0.00697035
0.00696767
0.00696511
0.00696267
0.00696034
0.00695814
0.00695606
0.00695411
0.0069523
0.00695065
0.00695055
0.00695595
0.00697075
0.00699812
0.00704341
0.00711659
0.00712934
0.00711686
0.00710383
0.00709182
0.00708073
0.00707049
0.00706103
0.0070523
0.00704423
0.00703677
0.00702986
0.00702347
0.00701754
0.00701203
0.00700691
0.00700214
0.00699769
0.00699352
0.00698961
0.00698593
0.00698246
0.00697918
0.00697607
0.00697311
0.00697029
0.00696761
0.00696505
0.00696261
0.00696028
0.00695808
0.006956
0.00695405
0.00695224
0.00695059
0.00695049
0.00695588
0.00697069
0.00699806
0.00704335
0.00711652
0.0071293
0.00711682
0.00710379
0.00709178
0.00708069
0.00707044
0.00706099
0.00705225
0.00704418
0.00703672
0.00702982
0.00702342
0.00701749
0.00701198
0.00700686
0.00700209
0.00699764
0.00699347
0.00698956
0.00698588
0.00698241
0.00697913
0.00697602
0.00697306
0.00697025
0.00696756
0.006965
0.00696256
0.00696023
0.00695803
0.00695595
0.006954
0.0069522
0.00695054
0.00695044
0.00695583
0.00697064
0.00699801
0.0070433
0.00711648
0.00712929
0.0071168
0.00710377
0.00709176
0.00708067
0.00707043
0.00706097
0.00705224
0.00704417
0.00703671
0.0070298
0.0070234
0.00701747
0.00701197
0.00700685
0.00700208
0.00699762
0.00699346
0.00698955
0.00698587
0.0069824
0.00697912
0.00697601
0.00697305
0.00697023
0.00696755
0.00696499
0.00696254
0.00696022
0.00695801
0.00695593
0.00695399
0.00695218
0.00695053
0.00695042
0.00695582
0.00697063
0.006998
0.00704329
0.00711647
0.0071293
0.00711681
0.00710379
0.00709178
0.00708068
0.00707044
0.00706099
0.00705225
0.00704418
0.00703672
0.00702982
0.00702342
0.00701749
0.00701199
0.00700687
0.0070021
0.00699764
0.00699348
0.00698957
0.00698589
0.00698242
0.00697914
0.00697602
0.00697307
0.00697025
0.00696757
0.006965
0.00696256
0.00696023
0.00695803
0.00695595
0.006954
0.00695219
0.00695054
0.00695043
0.00695583
0.00697064
0.00699802
0.0070433
0.00711648
0.00712934
0.00711685
0.00710382
0.00709181
0.00708072
0.00707048
0.00706102
0.00705229
0.00704422
0.00703676
0.00702985
0.00702346
0.00701753
0.00701202
0.0070069
0.00700213
0.00699768
0.00699351
0.0069896
0.00698592
0.00698245
0.00697917
0.00697606
0.0069731
0.00697028
0.0069676
0.00696503
0.00696259
0.00696026
0.00695806
0.00695598
0.00695403
0.00695223
0.00695057
0.00695047
0.00695587
0.00697067
0.00699804
0.00704333
0.0071165
0.00712939
0.00711691
0.00710388
0.00709187
0.00708077
0.00707053
0.00706107
0.00705234
0.00704427
0.00703681
0.0070299
0.00702351
0.00701758
0.00701207
0.00700695
0.00700218
0.00699773
0.00699356
0.00698965
0.00698597
0.0069825
0.00697922
0.00697611
0.00697315
0.00697033
0.00696765
0.00696508
0.00696264
0.00696032
0.00695812
0.00695604
0.00695409
0.00695228
0.00695063
0.00695053
0.00695592
0.00697073
0.0069981
0.00704339
0.00711656
0.00712947
0.00711698
0.00710395
0.00709194
0.00708084
0.0070706
0.00706114
0.00705241
0.00704434
0.00703688
0.00702997
0.00702358
0.00701765
0.00701215
0.00700703
0.00700225
0.0069978
0.00699363
0.00698972
0.00698604
0.00698258
0.0069793
0.00697619
0.00697323
0.00697041
0.00696773
0.00696517
0.00696273
0.0069604
0.0069582
0.00695612
0.00695418
0.00695237
0.00695071
0.00695061
0.00695601
0.00697081
0.00699819
0.00704348
0.00711665
0.00712957
0.00711708
0.00710405
0.00709203
0.00708094
0.0070707
0.00706124
0.00705251
0.00704444
0.00703698
0.00703007
0.00702368
0.00701775
0.00701225
0.00700713
0.00700236
0.0069979
0.00699373
0.00698982
0.00698614
0.00698268
0.00697939
0.00697628
0.00697333
0.00697051
0.00696783
0.00696527
0.00696283
0.0069605
0.0069583
0.00695622
0.00695427
0.00695246
0.00695081
0.0069507
0.0069561
0.00697091
0.00699828
0.00704357
0.00711674
0.0071297
0.00711721
0.00710418
0.00709217
0.00708107
0.00707083
0.00706137
0.00705264
0.00704457
0.00703711
0.0070302
0.00702381
0.00701788
0.00701238
0.00700725
0.00700248
0.00699803
0.00699386
0.00698995
0.00698627
0.0069828
0.00697952
0.0069764
0.00697345
0.00697063
0.00696795
0.00696539
0.00696295
0.00696062
0.00695842
0.00695633
0.00695438
0.00695258
0.00695092
0.00695082
0.00695621
0.00697102
0.00699839
0.00704368
0.00711686
0.00712987
0.00711738
0.00710435
0.00709233
0.00708124
0.00707099
0.00706154
0.0070528
0.00704473
0.00703727
0.00703037
0.00702397
0.00701804
0.00701254
0.00700742
0.00700264
0.00699819
0.00699402
0.00699011
0.00698643
0.00698296
0.00697967
0.00697656
0.0069736
0.00697079
0.00696811
0.00696555
0.0069631
0.00696078
0.00695857
0.00695649
0.00695454
0.00695273
0.00695108
0.00695097
0.00695637
0.00697118
0.00699855
0.00704384
0.00711701
0.00713007
0.00711758
0.00710455
0.00709253
0.00708144
0.00707119
0.00706174
0.007053
0.00704493
0.00703747
0.00703056
0.00702417
0.00701824
0.00701273
0.00700761
0.00700284
0.00699839
0.00699422
0.0069903
0.00698662
0.00698315
0.00697987
0.00697676
0.0069738
0.00697099
0.0069683
0.00696574
0.0069633
0.00696097
0.00695876
0.00695669
0.00695474
0.00695293
0.00695128
0.00695117
0.00695657
0.00697137
0.00699874
0.00704403
0.0071172
0.00713031
0.00711782
0.00710478
0.00709277
0.00708167
0.00707143
0.00706197
0.00705323
0.00704516
0.0070377
0.00703079
0.0070244
0.00701847
0.00701296
0.00700784
0.00700307
0.00699862
0.00699445
0.00699054
0.00698686
0.00698338
0.0069801
0.00697699
0.00697403
0.00697122
0.00696853
0.00696597
0.00696352
0.0069612
0.006959
0.00695692
0.00695497
0.00695316
0.00695151
0.0069514
0.0069568
0.00697161
0.00699898
0.00704427
0.00711744
0.0071306
0.00711811
0.00710507
0.00709306
0.00708196
0.00707171
0.00706225
0.00705351
0.00704544
0.00703798
0.00703107
0.00702468
0.00701875
0.00701324
0.00700812
0.00700335
0.0069989
0.00699473
0.00699082
0.00698714
0.00698366
0.00698038
0.00697727
0.00697431
0.0069715
0.00696881
0.00696625
0.0069638
0.00696148
0.00695928
0.0069572
0.00695525
0.00695344
0.00695178
0.00695168
0.00695708
0.00697189
0.00699926
0.00704455
0.00711772
0.00713096
0.00711846
0.00710542
0.00709341
0.0070823
0.00707206
0.00706259
0.00705386
0.00704578
0.00703832
0.00703141
0.00702502
0.00701909
0.00701358
0.00700846
0.00700369
0.00699924
0.00699507
0.00699116
0.00698748
0.006984
0.00698072
0.00697761
0.00697465
0.00697183
0.00696915
0.00696658
0.00696414
0.00696182
0.00695961
0.00695753
0.00695558
0.00695377
0.00695212
0.00695201
0.00695741
0.00697221
0.00699958
0.00704487
0.00711804
0.00713136
0.00711886
0.00710582
0.0070938
0.00708269
0.00707244
0.00706298
0.00705424
0.00704617
0.0070387
0.00703179
0.0070254
0.00701946
0.00701396
0.00700884
0.00700407
0.00699961
0.00699544
0.00699153
0.00698785
0.00698438
0.00698109
0.00697798
0.00697502
0.0069722
0.00696952
0.00696695
0.00696451
0.00696219
0.00695998
0.0069579
0.00695595
0.00695414
0.00695249
0.00695238
0.00695778
0.00697258
0.00699995
0.00704523
0.0071184
0.00713173
0.00711923
0.00710618
0.00709416
0.00708306
0.0070728
0.00706334
0.00705459
0.00704652
0.00703905
0.00703214
0.00702574
0.00701981
0.0070143
0.00700918
0.0070044
0.00699995
0.00699578
0.00699186
0.00698818
0.00698471
0.00698143
0.00697831
0.00697535
0.00697253
0.00696985
0.00696728
0.00696484
0.00696251
0.00696031
0.00695823
0.00695628
0.00695448
0.00695283
0.00695272
0.00695811
0.00697292
0.00700029
0.00704558
0.00711876
0.00713153
0.00711903
0.00710598
0.00709396
0.00708285
0.0070726
0.00706313
0.00705438
0.00704631
0.00703884
0.00703193
0.00702553
0.00701959
0.00701408
0.00700896
0.00700419
0.00699973
0.00699556
0.00699165
0.00698797
0.00698449
0.00698121
0.00697809
0.00697513
0.00697232
0.00696963
0.00696706
0.00696462
0.00696229
0.00696009
0.00695801
0.00695606
0.00695426
0.0069526
0.00695249
0.00695788
0.00697269
0.00700006
0.00704535
0.00711852
0.00712881
0.00711631
0.00710327
0.00709125
0.00708014
0.00706989
0.00706042
0.00705168
0.00704361
0.00703614
0.00702923
0.00702284
0.00701691
0.0070114
0.00700628
0.00700151
0.00699705
0.00699289
0.00698898
0.0069853
0.00698183
0.00697855
0.00697543
0.00697248
0.00696966
0.00696698
0.00696442
0.00696197
0.00695965
0.00695745
0.00695537
0.00695343
0.00695162
0.00694997
0.00694986
0.00695526
0.00697007
0.00699743
0.00704272
0.00711589
0.00711947
0.007107
0.00709399
0.00708199
0.00707091
0.00706068
0.00705123
0.00704251
0.00703445
0.00702701
0.00702011
0.00701373
0.00700781
0.00700232
0.00699721
0.00699246
0.00698801
0.00698386
0.00697996
0.00697629
0.00697283
0.00696956
0.00696646
0.00696351
0.0069607
0.00695803
0.00695547
0.00695304
0.00695072
0.00694853
0.00694646
0.00694452
0.00694272
0.00694108
0.00694097
0.00694638
0.00696119
0.00698856
0.00703385
0.00710702
0.00710251
0.00709009
0.00707712
0.00706517
0.00705413
0.00704394
0.00703454
0.00702586
0.00701784
0.00701043
0.00700358
0.00699723
0.00699135
0.00698589
0.00698082
0.00697609
0.00697169
0.00696756
0.0069637
0.00696006
0.00695663
0.00695339
0.00695032
0.0069474
0.00694462
0.00694197
0.00693943
0.00693702
0.00693473
0.00693255
0.0069305
0.00692857
0.00692678
0.00692515
0.0069251
0.00693066
0.00694567
0.00697325
0.00701873
0.00709208
0.00705211
0.00703701
0.00702204
0.00700827
0.00699557
0.00698387
0.00697309
0.00696316
0.006954
0.00694556
0.00693777
0.00693058
0.00692394
0.0069178
0.00691212
0.00690685
0.00690197
0.00689743
0.00689319
0.00688924
0.00688554
0.00688206
0.00687878
0.00687568
0.00687274
0.00686994
0.00686727
0.00686471
0.00686226
0.00685991
0.00685766
0.0068555
0.00685344
0.00685148
0.00685127
0.00685701
0.00687246
0.00690069
0.00694726
0.0070224
0.00708763
0.00707274
0.00705773
0.00704392
0.00703118
0.00701943
0.0070086
0.00699862
0.0069894
0.0069809
0.00697305
0.0069658
0.00695909
0.00695288
0.00694713
0.00694179
0.00693683
0.00693221
0.00692789
0.00692386
0.00692008
0.00691651
0.00691315
0.00690997
0.00690695
0.00690407
0.00690131
0.00689868
0.00689614
0.00689371
0.00689138
0.00688914
0.00688701
0.00688498
0.00688468
0.00689028
0.00690554
0.00693355
0.00697988
0.0070548
0.00711185
0.00709711
0.00708208
0.00706823
0.00705546
0.00704368
0.00703281
0.00702279
0.00701353
0.00700499
0.00699709
0.00698979
0.00698303
0.00697677
0.00697097
0.00696558
0.00696056
0.00695588
0.00695151
0.00694742
0.00694357
0.00693995
0.00693653
0.00693329
0.00693021
0.00692727
0.00692446
0.00692176
0.00691917
0.00691668
0.00691428
0.00691199
0.0069098
0.00690772
0.00690737
0.00691292
0.00692814
0.00695611
0.0070024
0.0070773
0.00712285
0.00710817
0.00709314
0.00707929
0.00706651
0.00705472
0.00704385
0.00703381
0.00702454
0.00701598
0.00700806
0.00700074
0.00699396
0.00698768
0.00698185
0.00697643
0.00697139
0.00696669
0.00696229
0.00695817
0.0069543
0.00695065
0.0069472
0.00694393
0.00694081
0.00693784
0.006935
0.00693227
0.00692965
0.00692713
0.00692471
0.00692239
0.00692017
0.00691806
0.00691769
0.00692322
0.00693842
0.00696637
0.00701264
0.00708752
0.00712624
0.00711159
0.00709656
0.00708271
0.00706994
0.00705815
0.00704727
0.00703723
0.00702796
0.0070194
0.00701148
0.00700415
0.00699737
0.00699108
0.00698525
0.00697982
0.00697477
0.00697006
0.00696566
0.00696153
0.00695764
0.00695399
0.00695053
0.00694725
0.00694413
0.00694115
0.0069383
0.00693556
0.00693293
0.0069304
0.00692797
0.00692564
0.00692341
0.00692129
0.00692091
0.00692643
0.00694162
0.00696957
0.00701584
0.00709071
0.00712671
0.00711206
0.00709704
0.0070832
0.00707042
0.00705864
0.00704776
0.00703773
0.00702846
0.00701989
0.00701197
0.00700465
0.00699787
0.00699158
0.00698575
0.00698032
0.00697527
0.00697056
0.00696615
0.00696202
0.00695814
0.00695448
0.00695103
0.00694774
0.00694462
0.00694164
0.00693879
0.00693605
0.00693342
0.00693089
0.00692846
0.00692613
0.0069239
0.00692178
0.00692139
0.00692691
0.0069421
0.00697004
0.00701631
0.00709118
0.00712644
0.0071118
0.00709678
0.00708294
0.00707017
0.00705838
0.00704751
0.00703747
0.00702821
0.00701964
0.00701173
0.00700441
0.00699763
0.00699134
0.00698551
0.00698008
0.00697503
0.00697032
0.00696592
0.00696179
0.00695791
0.00695425
0.00695079
0.00694751
0.00694439
0.00694141
0.00693856
0.00693582
0.0069332
0.00693067
0.00692823
0.0069259
0.00692367
0.00692155
0.00692116
0.00692668
0.00694187
0.00696982
0.00701608
0.00709095
0.00712609
0.00711145
0.00709643
0.00708259
0.00706982
0.00705804
0.00704717
0.00703713
0.00702787
0.00701931
0.00701139
0.00700407
0.00699729
0.006991
0.00698517
0.00697975
0.0069747
0.00696999
0.00696559
0.00696146
0.00695758
0.00695392
0.00695046
0.00694718
0.00694406
0.00694108
0.00693823
0.00693549
0.00693286
0.00693033
0.0069279
0.00692557
0.00692334
0.00692122
0.00692083
0.00692635
0.00694154
0.00696948
0.00701575
0.00709062
0.00712577
0.00711113
0.00709611
0.00708228
0.00706951
0.00705773
0.00704685
0.00703682
0.00702755
0.00701899
0.00701108
0.00700376
0.00699698
0.00699069
0.00698486
0.00697944
0.00697439
0.00696968
0.00696527
0.00696114
0.00695726
0.0069536
0.00695015
0.00694686
0.00694374
0.00694076
0.00693791
0.00693517
0.00693254
0.00693001
0.00692758
0.00692524
0.00692301
0.0069209
0.00692051
0.00692603
0.00694122
0.00696916
0.00701543
0.0070903
0.0071255
0.00711086
0.00709584
0.00708201
0.00706924
0.00705746
0.00704659
0.00703656
0.00702729
0.00701873
0.00701082
0.00700349
0.00699672
0.00699043
0.0069846
0.00697918
0.00697413
0.00696942
0.00696501
0.00696088
0.006957
0.00695334
0.00694988
0.0069466
0.00694348
0.0069405
0.00693764
0.00693491
0.00693228
0.00692975
0.00692731
0.00692498
0.00692275
0.00692063
0.00692024
0.00692576
0.00694096
0.0069689
0.00701517
0.00709004
0.00712527
0.00711063
0.00709562
0.00708178
0.00706901
0.00705724
0.00704637
0.00703633
0.00702707
0.00701851
0.0070106
0.00700328
0.0069965
0.00699022
0.00698438
0.00697896
0.00697391
0.0069692
0.0069648
0.00696067
0.00695679
0.00695313
0.00694967
0.00694639
0.00694327
0.00694029
0.00693744
0.0069347
0.00693207
0.00692954
0.0069271
0.00692477
0.00692254
0.00692042
0.00692004
0.00692556
0.00694075
0.00696869
0.00701496
0.00708983
0.00712508
0.00711044
0.00709543
0.00708159
0.00706883
0.00705705
0.00704618
0.00703615
0.00702689
0.00701833
0.00701041
0.00700309
0.00699632
0.00699003
0.0069842
0.00697878
0.00697373
0.00696902
0.00696462
0.00696049
0.00695661
0.00695295
0.0069495
0.00694621
0.00694309
0.00694011
0.00693726
0.00693452
0.00693189
0.00692936
0.00692693
0.00692459
0.00692236
0.00692025
0.00691986
0.00692538
0.00694057
0.00696852
0.00701478
0.00708965
0.0071249
0.00711026
0.00709525
0.00708142
0.00706865
0.00705687
0.00704601
0.00703598
0.00702671
0.00701815
0.00701024
0.00700292
0.00699614
0.00698986
0.00698403
0.00697861
0.00697356
0.00696885
0.00696445
0.00696032
0.00695644
0.00695278
0.00694932
0.00694604
0.00694292
0.00693994
0.00693709
0.00693435
0.00693172
0.00692919
0.00692676
0.00692442
0.00692219
0.00692008
0.00691969
0.00692521
0.0069404
0.00696835
0.00701461
0.00708948
0.00712473
0.00711009
0.00709508
0.00708125
0.00706848
0.0070567
0.00704583
0.0070358
0.00702654
0.00701798
0.00701007
0.00700275
0.00699597
0.00698969
0.00698386
0.00697844
0.00697339
0.00696868
0.00696427
0.00696014
0.00695626
0.00695261
0.00694915
0.00694587
0.00694275
0.00693977
0.00693692
0.00693418
0.00693155
0.00692902
0.00692659
0.00692426
0.00692203
0.00691991
0.00691953
0.00692505
0.00694024
0.00696818
0.00701445
0.00708932
0.00712457
0.00710993
0.00709492
0.00708109
0.00706832
0.00705654
0.00704567
0.00703564
0.00702638
0.00701782
0.00700991
0.00700259
0.00699582
0.00698953
0.0069837
0.00697828
0.00697323
0.00696852
0.00696412
0.00695999
0.00695611
0.00695246
0.006949
0.00694572
0.0069426
0.00693962
0.00693677
0.00693403
0.0069314
0.00692887
0.00692644
0.00692411
0.00692188
0.00691977
0.00691938
0.0069249
0.0069401
0.00696804
0.00701431
0.00708918
0.00712444
0.0071098
0.00709479
0.00708095
0.00706819
0.00705641
0.00704554
0.00703551
0.00702625
0.00701769
0.00700978
0.00700246
0.00699569
0.00698941
0.00698357
0.00697815
0.00697311
0.0069684
0.00696399
0.00695987
0.00695599
0.00695233
0.00694887
0.00694559
0.00694247
0.0069395
0.00693664
0.00693391
0.00693128
0.00692875
0.00692632
0.00692399
0.00692176
0.00691964
0.00691926
0.00692478
0.00693997
0.00696792
0.00701418
0.00708905
0.00712433
0.00710969
0.00709468
0.00708085
0.00706808
0.00705631
0.00704544
0.00703541
0.00702614
0.00701759
0.00700968
0.00700236
0.00699558
0.0069893
0.00698347
0.00697805
0.006973
0.00696829
0.00696388
0.00695976
0.00695588
0.00695222
0.00694876
0.00694548
0.00694236
0.00693938
0.00693653
0.0069338
0.00693117
0.00692864
0.00692621
0.00692387
0.00692165
0.00691953
0.00691914
0.00692466
0.00693986
0.0069678
0.00701407
0.00708893
0.00712424
0.0071096
0.00709459
0.00708075
0.00706799
0.00705621
0.00704535
0.00703532
0.00702605
0.00701749
0.00700958
0.00700227
0.00699549
0.00698921
0.00698337
0.00697795
0.0069729
0.00696819
0.00696378
0.00695966
0.00695578
0.00695212
0.00694866
0.00694538
0.00694226
0.00693928
0.00693643
0.00693369
0.00693106
0.00692853
0.0069261
0.00692377
0.00692154
0.00691943
0.00691904
0.00692456
0.00693975
0.0069677
0.00701396
0.00708883
0.00712415
0.00710951
0.0070945
0.00708067
0.0070679
0.00705613
0.00704526
0.00703523
0.00702597
0.00701741
0.0070095
0.00700218
0.0069954
0.00698912
0.00698329
0.00697786
0.00697282
0.00696811
0.0069637
0.00695957
0.00695569
0.00695203
0.00694858
0.0069453
0.00694218
0.0069392
0.00693635
0.00693361
0.00693098
0.00692845
0.00692602
0.00692369
0.00692146
0.00691934
0.00691896
0.00692448
0.00693968
0.00696762
0.00701389
0.00708876
0.00712408
0.00710944
0.00709443
0.0070806
0.00706783
0.00705606
0.00704519
0.00703516
0.00702589
0.00701734
0.00700943
0.00700211
0.00699533
0.00698905
0.00698321
0.00697779
0.00697274
0.00696803
0.00696363
0.0069595
0.00695562
0.00695197
0.00694851
0.00694523
0.00694211
0.00693913
0.00693628
0.00693355
0.00693092
0.00692839
0.00692596
0.00692363
0.0069214
0.00691929
0.0069189
0.00692442
0.00693962
0.00696756
0.00701383
0.0070887
0.00712402
0.00710939
0.00709437
0.00708054
0.00706778
0.007056
0.00704513
0.0070351
0.00702584
0.00701728
0.00700937
0.00700205
0.00699527
0.00698899
0.00698315
0.00697773
0.00697268
0.00696797
0.00696357
0.00695944
0.00695556
0.00695191
0.00694845
0.00694517
0.00694205
0.00693908
0.00693623
0.00693349
0.00693086
0.00692833
0.0069259
0.00692357
0.00692134
0.00691923
0.00691885
0.00692437
0.00693956
0.0069675
0.00701377
0.00708864
0.00712399
0.00710935
0.00709434
0.00708051
0.00706774
0.00705596
0.00704509
0.00703506
0.0070258
0.00701724
0.00700933
0.00700201
0.00699523
0.00698894
0.00698311
0.00697769
0.00697264
0.00696793
0.00696353
0.0069594
0.00695552
0.00695186
0.00694841
0.00694513
0.00694201
0.00693903
0.00693618
0.00693345
0.00693082
0.00692829
0.00692586
0.00692353
0.0069213
0.00691918
0.0069188
0.00692432
0.00693951
0.00696746
0.00701372
0.00708859
0.00712398
0.00710934
0.00709432
0.00708049
0.00706772
0.00705595
0.00704508
0.00703505
0.00702578
0.00701722
0.00700931
0.00700199
0.00699521
0.00698893
0.0069831
0.00697767
0.00697263
0.00696792
0.00696352
0.00695939
0.00695551
0.00695185
0.0069484
0.00694512
0.006942
0.00693902
0.00693617
0.00693344
0.00693081
0.00692828
0.00692585
0.00692352
0.00692129
0.00691917
0.00691879
0.00692431
0.0069395
0.00696745
0.00701371
0.00708858
0.00712399
0.00710935
0.00709433
0.0070805
0.00706774
0.00705596
0.00704509
0.00703506
0.0070258
0.00701724
0.00700933
0.00700201
0.00699523
0.00698895
0.00698312
0.00697769
0.00697265
0.00696794
0.00696354
0.00695941
0.00695553
0.00695188
0.00694842
0.00694514
0.00694202
0.00693905
0.00693619
0.00693346
0.00693083
0.0069283
0.00692586
0.00692353
0.0069213
0.00691919
0.00691881
0.00692433
0.00693952
0.00696747
0.00701373
0.0070886
0.00712403
0.00710938
0.00709437
0.00708054
0.00706777
0.007056
0.00704513
0.0070351
0.00702584
0.00701728
0.00700937
0.00700205
0.00699527
0.00698899
0.00698315
0.00697773
0.00697268
0.00696798
0.00696357
0.00695945
0.00695557
0.00695191
0.00694845
0.00694518
0.00694206
0.00693908
0.00693622
0.00693349
0.00693086
0.00692833
0.0069259
0.00692357
0.00692134
0.00691922
0.00691884
0.00692436
0.00693956
0.0069675
0.00701377
0.00708864
0.00712408
0.00710944
0.00709443
0.00708059
0.00706783
0.00705605
0.00704518
0.00703515
0.00702589
0.00701733
0.00700942
0.0070021
0.00699532
0.00698904
0.0069832
0.00697778
0.00697273
0.00696802
0.00696362
0.00695949
0.00695561
0.00695196
0.0069485
0.00694522
0.0069421
0.00693912
0.00693627
0.00693353
0.00693091
0.00692838
0.00692595
0.00692362
0.00692139
0.00691928
0.0069189
0.00692442
0.00693961
0.00696756
0.00701383
0.0070887
0.00712416
0.00710952
0.0070945
0.00708067
0.0070679
0.00705612
0.00704525
0.00703522
0.00702595
0.0070174
0.00700948
0.00700217
0.00699539
0.0069891
0.00698327
0.00697785
0.0069728
0.00696809
0.00696369
0.00695956
0.00695569
0.00695203
0.00694857
0.0069453
0.00694218
0.0069392
0.00693635
0.00693361
0.00693099
0.00692846
0.00692603
0.0069237
0.00692148
0.00691936
0.00691898
0.0069245
0.00693969
0.00696764
0.00701391
0.00708878
0.00712426
0.00710962
0.0070946
0.00708076
0.00706799
0.00705622
0.00704535
0.00703531
0.00702605
0.00701749
0.00700958
0.00700226
0.00699549
0.0069892
0.00698337
0.00697795
0.0069729
0.00696819
0.00696379
0.00695966
0.00695579
0.00695213
0.00694867
0.00694539
0.00694227
0.0069393
0.00693645
0.00693372
0.00693109
0.00692856
0.00692613
0.0069238
0.00692157
0.00691946
0.00691907
0.00692459
0.00693978
0.00696773
0.007014
0.00708887
0.00712439
0.00710975
0.00709473
0.0070809
0.00706813
0.00705635
0.00704548
0.00703544
0.00702618
0.00701762
0.00700971
0.00700239
0.00699562
0.00698933
0.0069835
0.00697808
0.00697303
0.00696832
0.00696392
0.00695979
0.00695591
0.00695225
0.0069488
0.00694552
0.0069424
0.00693942
0.00693657
0.00693384
0.00693121
0.00692869
0.00692625
0.00692392
0.00692169
0.00691958
0.00691919
0.00692471
0.0069399
0.00696785
0.00701411
0.00708898
0.00712456
0.00710992
0.0070949
0.00708106
0.00706829
0.00705651
0.00704564
0.00703561
0.00702634
0.00701779
0.00700987
0.00700256
0.00699578
0.00698949
0.00698366
0.00697824
0.00697319
0.00696848
0.00696408
0.00695995
0.00695607
0.00695241
0.00694896
0.00694568
0.00694256
0.00693958
0.00693673
0.006934
0.00693137
0.00692884
0.00692641
0.00692408
0.00692185
0.00691974
0.00691935
0.00692487
0.00694006
0.00696801
0.00701427
0.00708914
0.00712477
0.00711012
0.0070951
0.00708126
0.00706849
0.00705671
0.00704584
0.00703581
0.00702654
0.00701798
0.00701007
0.00700275
0.00699597
0.00698969
0.00698385
0.00697843
0.00697339
0.00696868
0.00696428
0.00696015
0.00695627
0.00695261
0.00694915
0.00694587
0.00694276
0.00693978
0.00693693
0.00693419
0.00693156
0.00692903
0.0069266
0.00692427
0.00692205
0.00691993
0.00691954
0.00692506
0.00694026
0.0069682
0.00701447
0.00708934
0.00712501
0.00711036
0.00709534
0.0070815
0.00706873
0.00705694
0.00704607
0.00703604
0.00702677
0.00701821
0.0070103
0.00700298
0.0069962
0.00698991
0.00698408
0.00697866
0.00697361
0.00696891
0.0069645
0.00696037
0.00695649
0.00695284
0.00694938
0.0069461
0.00694298
0.00694001
0.00693715
0.00693442
0.00693179
0.00692926
0.00692683
0.0069245
0.00692227
0.00692015
0.00691977
0.00692529
0.00694048
0.00696843
0.0070147
0.00708957
0.0071253
0.00711065
0.00709563
0.00708179
0.00706902
0.00705723
0.00704636
0.00703632
0.00702705
0.00701849
0.00701058
0.00700325
0.00699647
0.00699019
0.00698436
0.00697894
0.00697389
0.00696918
0.00696478
0.00696065
0.00695677
0.00695311
0.00694966
0.00694638
0.00694326
0.00694028
0.00693743
0.00693469
0.00693206
0.00692953
0.0069271
0.00692477
0.00692254
0.00692042
0.00692004
0.00692556
0.00694075
0.00696869
0.00701496
0.00708983
0.00712566
0.00711101
0.00709598
0.00708214
0.00706937
0.00705758
0.0070467
0.00703666
0.00702739
0.00701883
0.00701092
0.00700359
0.00699681
0.00699053
0.00698469
0.00697927
0.00697422
0.00696952
0.00696511
0.00696099
0.00695711
0.00695345
0.00694999
0.00694671
0.00694359
0.00694062
0.00693776
0.00693503
0.0069324
0.00692987
0.00692744
0.00692511
0.00692288
0.00692076
0.00692038
0.00692589
0.00694108
0.00696902
0.00701529
0.00709015
0.00712607
0.00711141
0.00709638
0.00708254
0.00706976
0.00705797
0.00704709
0.00703705
0.00702778
0.00701922
0.0070113
0.00700397
0.00699719
0.00699091
0.00698507
0.00697965
0.0069746
0.00696989
0.00696549
0.00696136
0.00695748
0.00695382
0.00695037
0.00694709
0.00694397
0.00694099
0.00693814
0.0069354
0.00693277
0.00693024
0.00692781
0.00692547
0.00692325
0.00692113
0.00692075
0.00692627
0.00694146
0.0069694
0.00701567
0.00709054
0.00712645
0.00711179
0.00709676
0.00708292
0.00707014
0.00705834
0.00704746
0.00703742
0.00702815
0.00701958
0.00701166
0.00700433
0.00699755
0.00699126
0.00698542
0.00698
0.00697495
0.00697024
0.00696583
0.0069617
0.00695782
0.00695416
0.00695071
0.00694743
0.0069443
0.00694132
0.00693847
0.00693573
0.0069331
0.00693057
0.00692814
0.00692581
0.00692358
0.00692147
0.00692108
0.0069266
0.0069418
0.00696974
0.00701601
0.00709088
0.00712629
0.00711163
0.0070966
0.00708275
0.00706997
0.00705817
0.00704729
0.00703724
0.00702797
0.0070194
0.00701148
0.00700415
0.00699736
0.00699108
0.00698524
0.00697981
0.00697476
0.00697005
0.00696565
0.00696152
0.00695764
0.00695398
0.00695052
0.00694724
0.00694412
0.00694114
0.00693828
0.00693555
0.00693292
0.00693039
0.00692796
0.00692563
0.0069234
0.00692128
0.0069209
0.00692642
0.00694161
0.00696955
0.00701581
0.00709068
0.00712364
0.00710898
0.00709395
0.00708011
0.00706733
0.00705554
0.00704466
0.00703462
0.00702534
0.00701678
0.00700886
0.00700153
0.00699475
0.00698846
0.00698263
0.0069772
0.00697216
0.00696745
0.00696305
0.00695892
0.00695504
0.00695139
0.00694793
0.00694465
0.00694153
0.00693856
0.00693571
0.00693297
0.00693034
0.00692782
0.00692539
0.00692306
0.00692084
0.00691873
0.00691834
0.00692387
0.00693906
0.006967
0.00701327
0.00708814
0.00711428
0.00709966
0.00708466
0.00707084
0.00705809
0.00704632
0.00703547
0.00702545
0.00701619
0.00700765
0.00699975
0.00699244
0.00698567
0.0069794
0.00697358
0.00696817
0.00696313
0.00695844
0.00695405
0.00694993
0.00694607
0.00694242
0.00693898
0.00693571
0.0069326
0.00692963
0.00692679
0.00692406
0.00692144
0.00691892
0.00691651
0.00691418
0.00691197
0.00690986
0.00690949
0.00691501
0.00693021
0.00695816
0.00700443
0.00707929
0.0070969
0.00708234
0.00706739
0.00705363
0.00704092
0.00702921
0.0070184
0.00700843
0.00699922
0.00699071
0.00698286
0.00697559
0.00696886
0.00696262
0.00695684
0.00695147
0.00694647
0.00694181
0.00693745
0.00693337
0.00692954
0.00692592
0.00692251
0.00691927
0.00691619
0.00691325
0.00691043
0.00690773
0.00690514
0.00690264
0.00690025
0.00689794
0.00689574
0.00689365
0.00689335
0.00689904
0.00691446
0.00694262
0.0069891
0.00706415
0.00705584
0.00703828
0.00702099
0.00700509
0.00699043
0.00697693
0.0069645
0.00695304
0.00694248
0.00693274
0.00692375
0.00691545
0.0069078
0.00690072
0.00689417
0.00688811
0.00688249
0.00687728
0.00687243
0.00686792
0.00686371
0.00685978
0.00685608
0.00685261
0.00684933
0.00684623
0.00684328
0.00684046
0.00683776
0.00683516
0.00683265
0.00683022
0.00682787
0.00682558
0.00682527
0.00683135
0.0068474
0.00687643
0.00692424
0.00700144
0.00709008
0.0070727
0.00705537
0.00703942
0.00702472
0.00701117
0.00699868
0.00698716
0.00697654
0.00696674
0.00695769
0.00694933
0.0069416
0.00693445
0.00692783
0.00692169
0.006916
0.00691071
0.00690579
0.0069012
0.00689691
0.00689289
0.00688912
0.00688556
0.0068822
0.00687902
0.00687598
0.00687308
0.0068703
0.00686762
0.00686503
0.00686252
0.00686009
0.00685772
0.00685732
0.00686325
0.0068791
0.00690789
0.00695544
0.00703241
0.00711291
0.00709567
0.00707831
0.00706233
0.0070476
0.00703402
0.00702149
0.00700994
0.00699927
0.00698943
0.00698033
0.00697193
0.00696415
0.00695695
0.00695028
0.00694409
0.00693835
0.006933
0.00692802
0.00692338
0.00691903
0.00691495
0.00691112
0.00690751
0.00690409
0.00690084
0.00689775
0.00689479
0.00689195
0.00688921
0.00688657
0.006884
0.00688151
0.00687909
0.00687863
0.00688452
0.00690033
0.00692908
0.0069766
0.00705354
0.00712305
0.00710587
0.00708851
0.00707253
0.00705779
0.0070442
0.00703167
0.0070201
0.00700943
0.00699957
0.00699045
0.00698203
0.00697423
0.00696701
0.00696032
0.00695411
0.00694834
0.00694296
0.00693796
0.00693328
0.00692891
0.00692481
0.00692095
0.0069173
0.00691386
0.00691058
0.00690746
0.00690448
0.00690161
0.00689884
0.00689616
0.00689357
0.00689105
0.00688861
0.00688812
0.00689399
0.00690978
0.00693851
0.00698602
0.00706294
0.0071261
0.00710894
0.00709159
0.00707561
0.00706087
0.00704728
0.00703475
0.00702319
0.00701251
0.00700265
0.00699353
0.0069851
0.0069773
0.00697008
0.00696338
0.00695716
0.00695138
0.006946
0.00694099
0.00693631
0.00693192
0.00692781
0.00692394
0.00692029
0.00691684
0.00691356
0.00691043
0.00690743
0.00690455
0.00690178
0.00689909
0.00689649
0.00689396
0.00689151
0.00689102
0.00689687
0.00691265
0.00694138
0.00698888
0.0070658
0.00712647
0.00710932
0.00709197
0.007076
0.00706127
0.00704768
0.00703515
0.00702359
0.00701291
0.00700305
0.00699394
0.00698551
0.00697771
0.00697048
0.00696378
0.00695757
0.00695179
0.00694641
0.0069414
0.00693672
0.00693233
0.00692822
0.00692435
0.0069207
0.00691724
0.00691396
0.00691083
0.00690783
0.00690495
0.00690218
0.00689949
0.00689689
0.00689436
0.0068919
0.00689141
0.00689726
0.00691304
0.00694177
0.00698927
0.00706619
0.00712618
0.00710903
0.00709169
0.00707572
0.00706099
0.00704741
0.00703488
0.00702332
0.00701264
0.00700278
0.00699367
0.00698525
0.00697745
0.00697022
0.00696353
0.00695731
0.00695153
0.00694616
0.00694114
0.00693646
0.00693208
0.00692797
0.0069241
0.00692045
0.00691699
0.00691371
0.00691058
0.00690758
0.00690471
0.00690193
0.00689925
0.00689664
0.00689411
0.00689166
0.00689117
0.00689702
0.0069128
0.00694153
0.00698902
0.00706595
0.00712583
0.00710868
0.00709134
0.00707537
0.00706064
0.00704706
0.00703453
0.00702297
0.0070123
0.00700244
0.00699333
0.00698491
0.00697711
0.00696989
0.00696319
0.00695698
0.0069512
0.00694582
0.00694081
0.00693613
0.00693175
0.00692764
0.00692377
0.00692012
0.00691666
0.00691338
0.00691025
0.00690725
0.00690437
0.0069016
0.00689891
0.00689631
0.00689378
0.00689133
0.00689083
0.00689669
0.00691247
0.0069412
0.00698869
0.00706562
0.00712551
0.00710836
0.00709102
0.00707505
0.00706033
0.00704675
0.00703422
0.00702266
0.00701199
0.00700213
0.00699302
0.0069846
0.0069768
0.00696958
0.00696288
0.00695667
0.00695089
0.00694551
0.0069405
0.00693582
0.00693144
0.00692733
0.00692346
0.00691981
0.00691635
0.00691307
0.00690993
0.00690694
0.00690406
0.00690128
0.0068986
0.00689599
0.00689346
0.00689101
0.00689052
0.00689637
0.00691215
0.00694088
0.00698837
0.0070653
0.00712524
0.00710809
0.00709075
0.00707479
0.00706006
0.00704648
0.00703395
0.0070224
0.00701173
0.00700187
0.00699276
0.00698434
0.00697654
0.00696932
0.00696262
0.00695641
0.00695063
0.00694526
0.00694025
0.00693557
0.00693118
0.00692707
0.0069232
0.00691955
0.00691609
0.00691281
0.00690968
0.00690668
0.0069038
0.00690102
0.00689834
0.00689573
0.0068932
0.00689075
0.00689025
0.00689611
0.00691189
0.00694062
0.00698811
0.00706503
0.007125
0.00710786
0.00709052
0.00707456
0.00705983
0.00704626
0.00703373
0.00702217
0.00701151
0.00700165
0.00699254
0.00698412
0.00697632
0.0069691
0.00696241
0.00695619
0.00695042
0.00694504
0.00694003
0.00693536
0.00693097
0.00692686
0.00692299
0.00691934
0.00691589
0.0069126
0.00690947
0.00690647
0.00690359
0.00690082
0.00689813
0.00689552
0.006893
0.00689054
0.00689005
0.0068959
0.00691168
0.00694041
0.00698791
0.00706483
0.00712481
0.00710767
0.00709033
0.00707437
0.00705964
0.00704607
0.00703355
0.00702199
0.00701132
0.00700147
0.00699236
0.00698394
0.00697614
0.00696892
0.00696223
0.00695602
0.00695024
0.00694487
0.00693986
0.00693518
0.0069308
0.00692669
0.00692282
0.00691917
0.00691571
0.00691243
0.0069093
0.0069063
0.00690342
0.00690064
0.00689796
0.00689535
0.00689282
0.00689037
0.00688988
0.00689573
0.00691151
0.00694024
0.00698774
0.00706466
0.00712463
0.00710749
0.00709016
0.0070742
0.00705947
0.0070459
0.00703337
0.00702182
0.00701115
0.0070013
0.00699219
0.00698377
0.00697597
0.00696875
0.00696206
0.00695585
0.00695007
0.0069447
0.00693969
0.00693501
0.00693062
0.00692651
0.00692264
0.00691899
0.00691554
0.00691225
0.00690913
0.00690613
0.00690325
0.00690047
0.00689779
0.00689518
0.00689265
0.0068902
0.00688971
0.00689556
0.00691135
0.00694008
0.00698757
0.00706449
0.00712447
0.00710733
0.00708999
0.00707403
0.0070593
0.00704573
0.00703321
0.00702165
0.00701098
0.00700113
0.00699202
0.0069836
0.00697581
0.00696859
0.00696189
0.00695568
0.0069499
0.00694453
0.00693952
0.00693484
0.00693045
0.00692634
0.00692247
0.00691882
0.00691537
0.00691209
0.00690896
0.00690596
0.00690308
0.0069003
0.00689762
0.00689502
0.00689249
0.00689004
0.00688954
0.0068954
0.00691118
0.00693991
0.00698741
0.00706433
0.00712431
0.00710717
0.00708984
0.00707387
0.00705915
0.00704557
0.00703305
0.00702149
0.00701082
0.00700097
0.00699186
0.00698344
0.00697565
0.00696843
0.00696174
0.00695552
0.00694975
0.00694437
0.00693936
0.00693468
0.0069303
0.00692619
0.00692232
0.00691867
0.00691522
0.00691194
0.00690881
0.00690581
0.00690293
0.00690016
0.00689747
0.00689487
0.00689234
0.00688989
0.0068894
0.00689526
0.00691104
0.00693977
0.00698726
0.00706419
0.00712418
0.00710704
0.0070897
0.00707374
0.00705902
0.00704544
0.00703292
0.00702136
0.00701069
0.00700084
0.00699174
0.00698332
0.00697552
0.0069683
0.00696161
0.0069554
0.00694962
0.00694425
0.00693924
0.00693456
0.00693018
0.00692607
0.0069222
0.00691855
0.0069151
0.00691182
0.00690869
0.00690569
0.00690281
0.00690004
0.00689735
0.00689475
0.00689222
0.00688977
0.00688928
0.00689514
0.00691092
0.00693965
0.00698714
0.00706406
0.00712408
0.00710693
0.0070896
0.00707364
0.00705891
0.00704534
0.00703282
0.00702126
0.00701059
0.00700074
0.00699163
0.00698321
0.00697542
0.0069682
0.00696151
0.0069553
0.00694952
0.00694415
0.00693914
0.00693446
0.00693008
0.00692596
0.0069221
0.00691845
0.00691499
0.00691171
0.00690858
0.00690559
0.00690271
0.00689993
0.00689725
0.00689464
0.00689212
0.00688966
0.00688917
0.00689503
0.00691081
0.00693954
0.00698703
0.00706395
0.00712398
0.00710684
0.00708951
0.00707354
0.00705882
0.00704525
0.00703273
0.00702117
0.0070105
0.00700065
0.00699155
0.00698313
0.00697533
0.00696811
0.00696142
0.00695521
0.00694943
0.00694405
0.00693904
0.00693436
0.00692998
0.00692587
0.006922
0.00691835
0.0069149
0.00691161
0.00690848
0.00690549
0.00690261
0.00689983
0.00689715
0.00689455
0.00689202
0.00688957
0.00688907
0.00689493
0.00691071
0.00693944
0.00698694
0.00706386
0.0071239
0.00710676
0.00708942
0.00707346
0.00705874
0.00704517
0.00703264
0.00702109
0.00701042
0.00700057
0.00699147
0.00698305
0.00697525
0.00696803
0.00696134
0.00695513
0.00694935
0.00694397
0.00693896
0.00693428
0.0069299
0.00692579
0.00692192
0.00691827
0.00691481
0.00691153
0.0069084
0.00690541
0.00690253
0.00689975
0.00689707
0.00689446
0.00689194
0.00688948
0.00688899
0.00689485
0.00691064
0.00693937
0.00698686
0.00706378
0.00712383
0.00710669
0.00708935
0.00707339
0.00705867
0.0070451
0.00703257
0.00702102
0.00701035
0.0070005
0.0069914
0.00698298
0.00697518
0.00696796
0.00696127
0.00695505
0.00694928
0.0069439
0.00693889
0.00693421
0.00692983
0.00692572
0.00692185
0.0069182
0.00691475
0.00691147
0.00690834
0.00690534
0.00690247
0.00689969
0.00689701
0.0068944
0.00689188
0.00688942
0.00688893
0.00689479
0.00691057
0.0069393
0.0069868
0.00706372
0.00712377
0.00710663
0.0070893
0.00707334
0.00705862
0.00704504
0.00703252
0.00702097
0.0070103
0.00700045
0.00699134
0.00698292
0.00697513
0.00696791
0.00696121
0.006955
0.00694922
0.00694385
0.00693883
0.00693415
0.00692977
0.00692566
0.00692179
0.00691815
0.00691469
0.00691141
0.00690828
0.00690529
0.00690241
0.00689964
0.00689695
0.00689435
0.00689182
0.00688937
0.00688888
0.00689473
0.00691052
0.00693925
0.00698674
0.00706366
0.00712374
0.0071066
0.00708927
0.00707331
0.00705859
0.00704501
0.00703249
0.00702093
0.00701026
0.00700041
0.0069913
0.00698288
0.00697509
0.00696787
0.00696117
0.00695496
0.00694918
0.0069438
0.00693879
0.00693411
0.00692973
0.00692562
0.00692175
0.00691811
0.00691465
0.00691137
0.00690824
0.00690525
0.00690237
0.0068996
0.00689691
0.00689431
0.00689178
0.00688933
0.00688884
0.00689469
0.00691048
0.00693921
0.0069867
0.00706362
0.00712373
0.00710659
0.00708926
0.00707329
0.00705857
0.007045
0.00703247
0.00702092
0.00701025
0.0070004
0.00699129
0.00698287
0.00697507
0.00696785
0.00696116
0.00695494
0.00694917
0.00694379
0.00693878
0.0069341
0.00692972
0.00692561
0.00692175
0.0069181
0.00691465
0.00691137
0.00690824
0.00690525
0.00690237
0.00689959
0.00689691
0.0068943
0.00689178
0.00688932
0.00688883
0.00689469
0.00691047
0.0069392
0.0069867
0.00706361
0.00712375
0.0071066
0.00708927
0.00707331
0.00705859
0.00704501
0.00703249
0.00702093
0.00701027
0.00700041
0.00699131
0.00698289
0.00697509
0.00696787
0.00696118
0.00695496
0.00694919
0.00694382
0.00693881
0.00693413
0.00692975
0.00692564
0.00692177
0.00691813
0.00691467
0.00691139
0.00690827
0.00690527
0.00690239
0.00689961
0.00689693
0.00689432
0.0068918
0.00688934
0.00688886
0.00689471
0.0069105
0.00693922
0.00698672
0.00706364
0.00712378
0.00710664
0.00708931
0.00707334
0.00705862
0.00704505
0.00703253
0.00702097
0.0070103
0.00700045
0.00699135
0.00698293
0.00697513
0.00696791
0.00696122
0.006955
0.00694923
0.00694386
0.00693885
0.00693417
0.00692979
0.00692568
0.00692181
0.00691816
0.00691471
0.00691143
0.0069083
0.0069053
0.00690242
0.00689964
0.00689696
0.00689436
0.00689183
0.00688938
0.00688889
0.00689475
0.00691053
0.00693926
0.00698675
0.00706367
0.00712384
0.0071067
0.00708936
0.0070734
0.00705868
0.0070451
0.00703258
0.00702102
0.00701036
0.0070005
0.0069914
0.00698298
0.00697518
0.00696796
0.00696127
0.00695505
0.00694928
0.0069439
0.00693889
0.00693421
0.00692983
0.00692572
0.00692185
0.00691821
0.00691475
0.00691147
0.00690834
0.00690534
0.00690246
0.00689969
0.00689701
0.00689441
0.00689188
0.00688943
0.00688894
0.0068948
0.00691058
0.00693931
0.0069868
0.00706372
0.00712392
0.00710678
0.00708944
0.00707348
0.00705875
0.00704517
0.00703265
0.00702109
0.00701042
0.00700057
0.00699146
0.00698304
0.00697525
0.00696803
0.00696133
0.00695512
0.00694934
0.00694397
0.00693896
0.00693428
0.0069299
0.00692579
0.00692192
0.00691827
0.00691482
0.00691154
0.00690841
0.00690541
0.00690254
0.00689976
0.00689708
0.00689448
0.00689196
0.0068895
0.00688901
0.00689487
0.00691065
0.00693938
0.00698687
0.00706379
0.00712403
0.00710688
0.00708954
0.00707357
0.00705885
0.00704527
0.00703274
0.00702119
0.00701052
0.00700066
0.00699156
0.00698313
0.00697534
0.00696812
0.00696143
0.00695521
0.00694944
0.00694406
0.00693905
0.00693437
0.00692999
0.00692588
0.00692202
0.00691837
0.00691491
0.00691163
0.0069085
0.00690551
0.00690264
0.00689987
0.00689718
0.00689458
0.00689206
0.0068896
0.00688911
0.00689497
0.00691075
0.00693948
0.00698697
0.00706388
0.00712416
0.00710701
0.00708967
0.00707371
0.00705898
0.0070454
0.00703287
0.00702132
0.00701065
0.00700079
0.00699168
0.00698326
0.00697547
0.00696825
0.00696155
0.00695534
0.00694957
0.00694419
0.00693918
0.0069345
0.00693012
0.00692601
0.00692214
0.00691849
0.00691504
0.00691176
0.00690863
0.00690564
0.00690277
0.00689999
0.00689731
0.00689471
0.00689218
0.00688973
0.00688924
0.00689509
0.00691087
0.0069396
0.0069871
0.00706401
0.00712433
0.00710718
0.00708984
0.00707387
0.00705914
0.00704556
0.00703304
0.00702148
0.00701081
0.00700095
0.00699185
0.00698343
0.00697563
0.00696841
0.00696172
0.0069555
0.00694973
0.00694435
0.00693935
0.00693467
0.00693028
0.00692617
0.0069223
0.00691865
0.0069152
0.00691192
0.00690879
0.0069058
0.00690293
0.00690015
0.00689747
0.00689486
0.00689234
0.00688989
0.00688939
0.00689525
0.00691103
0.00693976
0.00698725
0.00706418
0.00712453
0.00710738
0.00709004
0.00707407
0.00705934
0.00704576
0.00703324
0.00702168
0.00701101
0.00700115
0.00699204
0.00698362
0.00697582
0.0069686
0.00696191
0.00695569
0.00694992
0.00694455
0.00693954
0.00693486
0.00693048
0.00692636
0.0069225
0.00691885
0.00691539
0.00691211
0.00690899
0.006906
0.00690312
0.00690034
0.00689766
0.00689506
0.00689253
0.00689008
0.00688959
0.00689544
0.00691122
0.00693995
0.00698744
0.00706437
0.00712478
0.00710763
0.00709028
0.00707431
0.00705958
0.007046
0.00703347
0.00702191
0.00701124
0.00700138
0.00699227
0.00698385
0.00697605
0.00696883
0.00696213
0.00695592
0.00695014
0.00694477
0.00693976
0.00693508
0.0069307
0.00692659
0.00692272
0.00691907
0.00691562
0.00691234
0.00690921
0.00690622
0.00690334
0.00690056
0.00689788
0.00689528
0.00689275
0.0068903
0.00688981
0.00689566
0.00691144
0.00694017
0.00698766
0.00706458
0.00712508
0.00710792
0.00709058
0.00707461
0.00705987
0.00704629
0.00703376
0.0070222
0.00701152
0.00700166
0.00699255
0.00698413
0.00697633
0.0069691
0.00696241
0.00695619
0.00695042
0.00694504
0.00694003
0.00693535
0.00693097
0.00692686
0.00692299
0.00691935
0.00691589
0.00691261
0.00690948
0.00690649
0.00690361
0.00690084
0.00689815
0.00689555
0.00689302
0.00689057
0.00689008
0.00689593
0.00691171
0.00694044
0.00698793
0.00706485
0.00712544
0.00710828
0.00709093
0.00707496
0.00706023
0.00704664
0.00703411
0.00702254
0.00701187
0.00700201
0.00699289
0.00698447
0.00697667
0.00696944
0.00696275
0.00695653
0.00695075
0.00694538
0.00694037
0.00693569
0.00693131
0.0069272
0.00692333
0.00691968
0.00691623
0.00691295
0.00690982
0.00690683
0.00690395
0.00690117
0.00689849
0.00689589
0.00689336
0.00689091
0.00689042
0.00689627
0.00691206
0.00694078
0.00698828
0.0070652
0.00712585
0.00710869
0.00709134
0.00707537
0.00706063
0.00704704
0.00703451
0.00702294
0.00701226
0.0070024
0.00699328
0.00698485
0.00697705
0.00696983
0.00696313
0.00695691
0.00695113
0.00694576
0.00694074
0.00693607
0.00693168
0.00692757
0.00692371
0.00692006
0.0069166
0.00691332
0.00691019
0.0069072
0.00690432
0.00690154
0.00689886
0.00689626
0.00689373
0.00689128
0.00689078
0.00689664
0.00691243
0.00694115
0.00698865
0.00706557
0.00712625
0.00710908
0.00709173
0.00707576
0.00706102
0.00704743
0.00703489
0.00702332
0.00701264
0.00700277
0.00699366
0.00698523
0.00697742
0.0069702
0.00696349
0.00695728
0.0069515
0.00694612
0.00694111
0.00693642
0.00693204
0.00692793
0.00692406
0.00692041
0.00691696
0.00691367
0.00691054
0.00690755
0.00690467
0.00690189
0.00689921
0.0068966
0.00689408
0.00689162
0.00689113
0.00689699
0.00691277
0.0069415
0.00698899
0.0070659
0.00712612
0.00710896
0.0070916
0.00707562
0.00706088
0.00704729
0.00703475
0.00702318
0.0070125
0.00700263
0.00699351
0.00698508
0.00697728
0.00697005
0.00696335
0.00695712
0.00695134
0.00694597
0.00694095
0.00693627
0.00693189
0.00692778
0.00692391
0.00692026
0.0069168
0.00691352
0.00691039
0.00690739
0.00690451
0.00690174
0.00689905
0.00689645
0.00689392
0.00689148
0.00689099
0.00689684
0.00691262
0.00694135
0.00698885
0.00706577
0.00712355
0.00710639
0.00708903
0.00707306
0.00705832
0.00704473
0.00703219
0.00702063
0.00700995
0.00700008
0.00699097
0.00698254
0.00697474
0.00696751
0.00696081
0.00695459
0.00694882
0.00694344
0.00693843
0.00693375
0.00692937
0.00692526
0.0069214
0.00691775
0.0069143
0.00691102
0.00690789
0.0069049
0.00690202
0.00689924
0.00689656
0.00689396
0.00689144
0.006889
0.00688851
0.00689436
0.00691015
0.00693888
0.00698637
0.00706329
0.00711416
0.00709704
0.00707972
0.00706377
0.00704907
0.00703551
0.007023
0.00701145
0.0070008
0.00699096
0.00698186
0.00697345
0.00696567
0.00695846
0.00695178
0.00694557
0.00693981
0.00693445
0.00692945
0.00692478
0.00692042
0.00691632
0.00691246
0.00690883
0.00690539
0.00690212
0.006899
0.00689601
0.00689315
0.00689038
0.00688771
0.00688512
0.00688261
0.00688017
0.00687969
0.00688555
0.00690134
0.00693007
0.00697757
0.00705448
0.00709633
0.00707927
0.00706202
0.00704613
0.00703149
0.00701798
0.00700553
0.00699404
0.00698343
0.00697364
0.00696459
0.00695622
0.00694848
0.00694132
0.00693467
0.00692851
0.00692278
0.00691746
0.00691249
0.00690786
0.00690353
0.00689946
0.00689564
0.00689204
0.00688863
0.00688538
0.0068823
0.00687934
0.0068765
0.00687376
0.00687111
0.00686855
0.00686606
0.00686364
0.00686324
0.0068693
0.00688532
0.00691428
0.006962
0.00703911
0.00706508
0.00704466
0.00702468
0.0070063
0.00698937
0.00697378
0.00695942
0.00694619
0.00693399
0.00692274
0.00691235
0.00690276
0.0068939
0.00688571
0.00687814
0.00687112
0.00686462
0.00685859
0.006853
0.0068478
0.00684296
0.00683844
0.00683423
0.00683028
0.00682658
0.0068231
0.00681982
0.00681671
0.00681375
0.00681093
0.00680822
0.0068056
0.00680306
0.00680059
0.00680041
0.00680715
0.00682415
0.00685434
0.00690381
0.00698355
0.00709818
0.00707792
0.00705789
0.00703946
0.00702248
0.00700683
0.00699241
0.00697912
0.00696685
0.00695554
0.00694508
0.00693543
0.00692649
0.00691823
0.00691058
0.00690349
0.00689691
0.00689081
0.00688514
0.00687986
0.00687494
0.00687034
0.00686605
0.00686202
0.00685824
0.00685468
0.00685131
0.00684812
0.00684508
0.00684218
0.00683939
0.00683669
0.00683407
0.00683152
0.00683124
0.00683781
0.00685458
0.00688452
0.0069337
0.0070132
0.00711973
0.00709959
0.00707952
0.00706106
0.00704405
0.00702837
0.00701392
0.00700058
0.00698828
0.00697692
0.00696642
0.00695672
0.00694774
0.00693942
0.00693172
0.00692458
0.00691795
0.00691179
0.00690606
0.00690073
0.00689575
0.0068911
0.00688675
0.00688266
0.00687883
0.00687521
0.00687178
0.00686854
0.00686544
0.00686248
0.00685963
0.00685688
0.00685421
0.0068516
0.00685127
0.00685779
0.00687453
0.00690443
0.00695359
0.00703307
0.00712905
0.00710897
0.00708891
0.00707045
0.00705343
0.00703774
0.00702328
0.00700994
0.00699762
0.00698624
0.00697573
0.00696601
0.00695701
0.00694868
0.00694096
0.00693379
0.00692714
0.00692096
0.0069152
0.00690984
0.00690484
0.00690016
0.00689578
0.00689167
0.0068878
0.00688416
0.0068807
0.00687743
0.00687431
0.00687132
0.00686844
0.00686566
0.00686296
0.00686033
0.00685997
0.00686647
0.0068832
0.00691308
0.00696223
0.00704169
0.00713177
0.00711171
0.00709166
0.0070732
0.00705618
0.0070405
0.00702604
0.0070127
0.00700038
0.006989
0.00697849
0.00696876
0.00695976
0.00695143
0.0069437
0.00693653
0.00692987
0.00692368
0.00691792
0.00691255
0.00690753
0.00690285
0.00689846
0.00689434
0.00689047
0.00688681
0.00688335
0.00688007
0.00687694
0.00687394
0.00687105
0.00686827
0.00686556
0.00686292
0.00686255
0.00686905
0.00688576
0.00691564
0.00696478
0.00704424
0.00713206
0.00711201
0.00709195
0.0070735
0.00705649
0.00704081
0.00702635
0.00701301
0.00700069
0.00698932
0.00697881
0.00696908
0.00696008
0.00695175
0.00694402
0.00693685
0.00693019
0.006924
0.00691824
0.00691287
0.00690785
0.00690317
0.00689878
0.00689466
0.00689078
0.00688713
0.00688367
0.00688038
0.00687725
0.00687425
0.00687137
0.00686858
0.00686587
0.00686323
0.00686286
0.00686935
0.00688607
0.00691594
0.00696508
0.00704454
0.00713175
0.0071117
0.00709165
0.0070732
0.00705619
0.00704052
0.00702606
0.00701272
0.00700041
0.00698904
0.00697853
0.0069688
0.00695981
0.00695147
0.00694374
0.00693657
0.00692992
0.00692373
0.00691797
0.0069126
0.00690759
0.0069029
0.00689851
0.00689439
0.00689052
0.00688686
0.0068834
0.00688012
0.00687699
0.00687399
0.0068711
0.00686832
0.00686561
0.00686297
0.0068626
0.00686909
0.00688581
0.00691569
0.00696483
0.00704428
0.00713139
0.00711134
0.0070913
0.00707285
0.00705584
0.00704017
0.00702571
0.00701238
0.00700007
0.00698869
0.00697818
0.00696846
0.00695947
0.00695113
0.00694341
0.00693624
0.00692958
0.00692339
0.00691763
0.00691226
0.00690725
0.00690257
0.00689818
0.00689406
0.00689019
0.00688653
0.00688307
0.00687979
0.00687666
0.00687366
0.00687077
0.00686799
0.00686528
0.00686264
0.00686227
0.00686876
0.00688548
0.00691535
0.00696449
0.00704395
0.00713106
0.00711102
0.00709098
0.00707253
0.00705552
0.00703985
0.0070254
0.00701206
0.00699975
0.00698838
0.00697787
0.00696815
0.00695916
0.00695082
0.0069431
0.00693593
0.00692927
0.00692309
0.00691733
0.00691196
0.00690695
0.00690227
0.00689788
0.00689376
0.00688988
0.00688623
0.00688276
0.00687948
0.00687635
0.00687335
0.00687046
0.00686767
0.00686497
0.00686232
0.00686195
0.00686845
0.00688516
0.00691504
0.00696418
0.00704363
0.00713079
0.00711075
0.00709071
0.00707226
0.00705526
0.00703959
0.00702513
0.0070118
0.00699949
0.00698812
0.00697761
0.00696789
0.0069589
0.00695057
0.00694284
0.00693567
0.00692902
0.00692283
0.00691707
0.00691171
0.0069067
0.00690201
0.00689763
0.00689351
0.00688963
0.00688597
0.00688251
0.00687923
0.00687609
0.00687309
0.00687021
0.00686742
0.00686471
0.00686207
0.0068617
0.00686819
0.00688491
0.00691478
0.00696392
0.00704337
0.00713056
0.00711052
0.00709048
0.00707203
0.00705503
0.00703936
0.00702491
0.00701158
0.00699927
0.0069879
0.0069774
0.00696768
0.00695868
0.00695035
0.00694263
0.00693546
0.00692881
0.00692262
0.00691686
0.0069115
0.00690649
0.00690181
0.00689742
0.0068933
0.00688942
0.00688577
0.00688231
0.00687902
0.00687589
0.00687289
0.00687001
0.00686722
0.00686451
0.00686186
0.00686149
0.00686799
0.0068847
0.00691458
0.00696372
0.00704317
0.00713037
0.00711033
0.00709028
0.00707184
0.00705484
0.00703917
0.00702472
0.00701139
0.00699909
0.00698772
0.00697722
0.0069675
0.0069585
0.00695017
0.00694245
0.00693529
0.00692863
0.00692244
0.00691669
0.00691132
0.00690631
0.00690163
0.00689724
0.00689312
0.00688925
0.00688559
0.00688214
0.00687885
0.00687572
0.00687272
0.00686983
0.00686705
0.00686434
0.00686169
0.00686132
0.00686782
0.00688454
0.00691441
0.00696355
0.00704301
0.00713019
0.00711015
0.00709011
0.00707167
0.00705467
0.007039
0.00702455
0.00701122
0.00699892
0.00698755
0.00697705
0.00696733
0.00695834
0.00695001
0.00694229
0.00693512
0.00692846
0.00692228
0.00691652
0.00691115
0.00690615
0.00690146
0.00689707
0.00689296
0.00688908
0.00688543
0.00688197
0.00687868
0.00687555
0.00687255
0.00686967
0.00686688
0.00686417
0.00686153
0.00686116
0.00686766
0.00688437
0.00691425
0.00696339
0.00704284
0.00713003
0.00710999
0.00708995
0.00707151
0.00705451
0.00703884
0.00702439
0.00701106
0.00699875
0.00698739
0.00697688
0.00696717
0.00695817
0.00694984
0.00694212
0.00693496
0.0069283
0.00692211
0.00691635
0.00691099
0.00690598
0.00690129
0.00689691
0.00689279
0.00688891
0.00688526
0.0068818
0.00687852
0.00687538
0.00687238
0.0068695
0.00686671
0.006864
0.00686136
0.00686099
0.00686749
0.00688421
0.00691409
0.00696322
0.00704268
0.00712988
0.00710984
0.0070898
0.00707136
0.00705435
0.00703869
0.00702424
0.0070109
0.0069986
0.00698723
0.00697673
0.00696701
0.00695802
0.00694969
0.00694197
0.0069348
0.00692815
0.00692196
0.0069162
0.00691084
0.00690583
0.00690114
0.00689676
0.00689264
0.00688876
0.00688511
0.00688165
0.00687837
0.00687524
0.00687224
0.00686935
0.00686656
0.00686386
0.00686122
0.00686085
0.00686735
0.00688407
0.00691394
0.00696308
0.00704254
0.00712975
0.00710971
0.00708967
0.00707123
0.00705423
0.00703856
0.00702411
0.00701078
0.00699847
0.0069871
0.0069766
0.00696688
0.00695789
0.00694956
0.00694184
0.00693468
0.00692802
0.00692184
0.00691608
0.00691071
0.00690571
0.00690102
0.00689664
0.00689252
0.00688865
0.00688499
0.00688153
0.00687825
0.00687512
0.00687212
0.00686924
0.00686645
0.00686374
0.0068611
0.00686074
0.00686724
0.00688395
0.00691383
0.00696296
0.00704242
0.00712964
0.0071096
0.00708956
0.00707112
0.00705412
0.00703846
0.00702401
0.00701068
0.00699837
0.00698701
0.0069765
0.00696679
0.00695779
0.00694947
0.00694174
0.00693458
0.00692792
0.00692174
0.00691598
0.00691061
0.00690561
0.00690092
0.00689654
0.00689242
0.00688855
0.00688489
0.00688143
0.00687815
0.00687502
0.00687202
0.00686913
0.00686635
0.00686364
0.006861
0.00686063
0.00686713
0.00688385
0.00691372
0.00696286
0.00704232
0.00712955
0.00710951
0.00708947
0.00707103
0.00705403
0.00703837
0.00702392
0.00701059
0.00699828
0.00698692
0.00697642
0.0069667
0.00695771
0.00694938
0.00694166
0.00693449
0.00692784
0.00692165
0.00691589
0.00691053
0.00690552
0.00690084
0.00689645
0.00689233
0.00688845
0.0068848
0.00688134
0.00687806
0.00687492
0.00687193
0.00686904
0.00686625
0.00686355
0.00686091
0.00686054
0.00686704
0.00688375
0.00691363
0.00696277
0.00704222
0.00712947
0.00710943
0.00708939
0.00707095
0.00705395
0.00703829
0.00702384
0.00701051
0.00699821
0.00698684
0.00697634
0.00696662
0.00695763
0.0069493
0.00694158
0.00693442
0.00692776
0.00692157
0.00691582
0.00691045
0.00690544
0.00690076
0.00689637
0.00689225
0.00688838
0.00688472
0.00688126
0.00687798
0.00687485
0.00687185
0.00686896
0.00686617
0.00686347
0.00686083
0.00686046
0.00686696
0.00688367
0.00691355
0.00696269
0.00704215
0.0071294
0.00710936
0.00708932
0.00707088
0.00705388
0.00703822
0.00702377
0.00701044
0.00699814
0.00698677
0.00697627
0.00696656
0.00695757
0.00694924
0.00694151
0.00693435
0.00692769
0.00692151
0.00691575
0.00691038
0.00690537
0.00690069
0.0068963
0.00689219
0.00688831
0.00688466
0.0068812
0.00687791
0.00687478
0.00687178
0.0068689
0.00686611
0.00686341
0.00686077
0.0068604
0.0068669
0.00688361
0.00691349
0.00696263
0.00704208
0.00712935
0.00710931
0.00708927
0.00707083
0.00705384
0.00703817
0.00702372
0.00701039
0.00699809
0.00698673
0.00697622
0.00696651
0.00695751
0.00694918
0.00694146
0.00693429
0.00692764
0.00692145
0.00691569
0.00691033
0.00690532
0.00690064
0.00689625
0.00689213
0.00688826
0.0068846
0.00688114
0.00687786
0.00687473
0.00687173
0.00686885
0.00686606
0.00686335
0.00686071
0.00686035
0.00686685
0.00688356
0.00691344
0.00696258
0.00704203
0.00712932
0.00710928
0.00708924
0.0070708
0.00705381
0.00703814
0.00702369
0.00701036
0.00699806
0.00698669
0.00697619
0.00696647
0.00695748
0.00694915
0.00694142
0.00693426
0.0069276
0.00692141
0.00691565
0.00691029
0.00690528
0.0069006
0.00689621
0.00689209
0.00688822
0.00688456
0.00688111
0.00687783
0.0068747
0.0068717
0.00686881
0.00686603
0.00686332
0.00686068
0.00686031
0.00686681
0.00688353
0.00691341
0.00696255
0.007042
0.00712931
0.00710927
0.00708923
0.00707079
0.00705379
0.00703813
0.00702368
0.00701035
0.00699804
0.00698668
0.00697617
0.00696646
0.00695747
0.00694913
0.00694141
0.00693424
0.00692759
0.0069214
0.00691564
0.00691028
0.00690527
0.00690059
0.0068962
0.00689208
0.00688821
0.00688456
0.00688111
0.00687782
0.00687469
0.0068717
0.00686881
0.00686602
0.00686331
0.00686067
0.00686031
0.00686681
0.00688352
0.0069134
0.00696254
0.007042
0.00712933
0.00710929
0.00708925
0.00707081
0.00705381
0.00703814
0.00702369
0.00701036
0.00699806
0.00698669
0.00697619
0.00696647
0.00695748
0.00694915
0.00694143
0.00693427
0.00692761
0.00692143
0.00691567
0.0069103
0.00690529
0.00690061
0.00689623
0.00689211
0.00688824
0.00688459
0.00688114
0.00687785
0.00687472
0.00687172
0.00686883
0.00686605
0.00686334
0.0068607
0.00686033
0.00686683
0.00688355
0.00691343
0.00696257
0.00704202
0.00712937
0.00710932
0.00708928
0.00707084
0.00705385
0.00703818
0.00702373
0.0070104
0.0069981
0.00698673
0.00697623
0.00696651
0.00695752
0.00694919
0.00694147
0.00693431
0.00692765
0.00692147
0.00691571
0.00691034
0.00690533
0.00690065
0.00689627
0.00689215
0.00688828
0.00688463
0.00688117
0.00687789
0.00687475
0.00687175
0.00686887
0.00686608
0.00686338
0.00686074
0.00686037
0.00686687
0.00688358
0.00691346
0.0069626
0.00704205
0.00712943
0.00710938
0.00708934
0.0070709
0.0070539
0.00703823
0.00702379
0.00701045
0.00699815
0.00698678
0.00697628
0.00696656
0.00695757
0.00694924
0.00694152
0.00693436
0.0069277
0.00692151
0.00691576
0.00691039
0.00690538
0.0069007
0.00689631
0.0068922
0.00688833
0.00688467
0.00688121
0.00687793
0.0068748
0.0068718
0.00686892
0.00686613
0.00686342
0.00686078
0.00686042
0.00686691
0.00688363
0.00691351
0.00696265
0.0070421
0.00712951
0.00710947
0.00708942
0.00707098
0.00705398
0.00703831
0.00702386
0.00701053
0.00699822
0.00698685
0.00697635
0.00696663
0.00695764
0.00694931
0.00694158
0.00693442
0.00692776
0.00692158
0.00691582
0.00691045
0.00690545
0.00690076
0.00689638
0.00689226
0.00688839
0.00688473
0.00688127
0.00687799
0.00687486
0.00687187
0.00686899
0.0068662
0.00686349
0.00686085
0.00686049
0.00686699
0.0068837
0.00691358
0.00696272
0.00704217
0.00712962
0.00710957
0.00708953
0.00707108
0.00705408
0.00703841
0.00702396
0.00701062
0.00699831
0.00698694
0.00697644
0.00696672
0.00695773
0.0069494
0.00694168
0.00693451
0.00692786
0.00692167
0.00691591
0.00691055
0.00690554
0.00690086
0.00689647
0.00689235
0.00688848
0.00688482
0.00688137
0.00687809
0.00687496
0.00687196
0.00686908
0.0068663
0.00686359
0.00686095
0.00686058
0.00686708
0.0068838
0.00691368
0.00696282
0.00704227
0.00712975
0.00710971
0.00708966
0.00707122
0.00705421
0.00703854
0.00702409
0.00701075
0.00699844
0.00698707
0.00697657
0.00696685
0.00695785
0.00694952
0.0069418
0.00693463
0.00692798
0.00692179
0.00691604
0.00691067
0.00690567
0.00690098
0.0068966
0.00689248
0.0068886
0.00688495
0.00688149
0.00687821
0.00687509
0.00687209
0.00686921
0.00686642
0.00686371
0.00686107
0.00686071
0.00686721
0.00688392
0.0069138
0.00696294
0.0070424
0.00712992
0.00710988
0.00708983
0.00707138
0.00705438
0.0070387
0.00702425
0.00701091
0.0069986
0.00698723
0.00697673
0.00696701
0.00695802
0.00694968
0.00694196
0.00693479
0.00692814
0.00692195
0.0069162
0.00691083
0.00690582
0.00690114
0.00689675
0.00689263
0.00688876
0.0068851
0.00688165
0.00687837
0.00687524
0.00687224
0.00686936
0.00686657
0.00686387
0.00686123
0.00686086
0.00686736
0.00688407
0.00691395
0.00696309
0.00704255
0.00713013
0.00711008
0.00709003
0.00707158
0.00705458
0.0070389
0.00702445
0.00701111
0.0069988
0.00698743
0.00697692
0.00696721
0.00695821
0.00694988
0.00694215
0.00693499
0.00692833
0.00692214
0.00691639
0.00691102
0.00690601
0.00690133
0.00689694
0.00689282
0.00688895
0.0068853
0.00688184
0.00687856
0.00687543
0.00687244
0.00686955
0.00686677
0.00686406
0.00686142
0.00686105
0.00686755
0.00688426
0.00691414
0.00696328
0.00704273
0.00713038
0.00711033
0.00709028
0.00707183
0.00705482
0.00703914
0.00702469
0.00701135
0.00699904
0.00698767
0.00697716
0.00696743
0.00695844
0.0069501
0.00694238
0.00693521
0.00692856
0.00692237
0.00691661
0.00691124
0.00690624
0.00690155
0.00689717
0.00689305
0.00688918
0.00688553
0.00688207
0.00687879
0.00687566
0.00687266
0.00686978
0.00686699
0.00686429
0.00686165
0.00686128
0.00686778
0.00688449
0.00691437
0.00696351
0.00704296
0.00713068
0.00711062
0.00709057
0.00707212
0.00705511
0.00703944
0.00702498
0.00701164
0.00699933
0.00698795
0.00697744
0.00696772
0.00695872
0.00695039
0.00694266
0.00693549
0.00692883
0.00692265
0.00691689
0.00691152
0.00690651
0.00690183
0.00689744
0.00689333
0.00688945
0.0068858
0.00688235
0.00687906
0.00687593
0.00687294
0.00687005
0.00686727
0.00686456
0.00686192
0.00686156
0.00686805
0.00688477
0.00691465
0.00696379
0.00704325
0.00713104
0.00711098
0.00709093
0.00707248
0.00705547
0.00703979
0.00702533
0.00701199
0.00699968
0.0069883
0.00697779
0.00696806
0.00695906
0.00695073
0.006943
0.00693583
0.00692917
0.00692298
0.00691722
0.00691186
0.00690685
0.00690217
0.00689778
0.00689366
0.00688979
0.00688614
0.00688268
0.0068794
0.00687627
0.00687327
0.00687039
0.0068676
0.0068649
0.00686226
0.00686189
0.00686839
0.00688511
0.00691499
0.00696413
0.00704359
0.00713146
0.0071114
0.00709134
0.00707289
0.00705588
0.0070402
0.00702574
0.00701239
0.00700007
0.0069887
0.00697818
0.00696846
0.00695945
0.00695112
0.00694339
0.00693622
0.00692956
0.00692337
0.0069176
0.00691224
0.00690723
0.00690255
0.00689816
0.00689404
0.00689017
0.00688652
0.00688306
0.00687978
0.00687665
0.00687365
0.00687077
0.00686798
0.00686527
0.00686263
0.00686227
0.00686877
0.00688548
0.00691535
0.00696449
0.00704394
0.00713187
0.00711181
0.00709175
0.00707329
0.00705628
0.0070406
0.00702613
0.00701279
0.00700047
0.00698909
0.00697857
0.00696884
0.00695984
0.0069515
0.00694377
0.0069366
0.00692994
0.00692374
0.00691798
0.00691261
0.0069076
0.00690292
0.00689853
0.00689441
0.00689054
0.00688688
0.00688342
0.00688014
0.00687701
0.00687401
0.00687112
0.00686834
0.00686563
0.00686299
0.00686263
0.00686913
0.00688584
0.00691572
0.00696486
0.00704431
0.00713178
0.00711172
0.00709166
0.0070732
0.00705618
0.0070405
0.00702603
0.00701269
0.00700036
0.00698898
0.00697847
0.00696874
0.00695973
0.00695139
0.00694366
0.00693649
0.00692982
0.00692363
0.00691787
0.0069125
0.00690749
0.0069028
0.00689841
0.0068943
0.00689042
0.00688677
0.00688331
0.00688002
0.00687689
0.00687389
0.00687101
0.00686822
0.00686552
0.00686288
0.00686251
0.00686901
0.00688573
0.00691561
0.00696475
0.0070442
0.00712928
0.00710922
0.00708917
0.00707071
0.0070537
0.00703801
0.00702355
0.00701021
0.00699789
0.00698651
0.006976
0.00696627
0.00695727
0.00694893
0.00694121
0.00693403
0.00692737
0.00692118
0.00691542
0.00691006
0.00690505
0.00690037
0.00689598
0.00689187
0.006888
0.00688435
0.00688089
0.00687761
0.00687448
0.00687148
0.0068686
0.00686582
0.00686311
0.00686048
0.00686011
0.00686662
0.00688334
0.00691321
0.00696235
0.00704181
0.00711987
0.00709984
0.00707983
0.0070614
0.00704442
0.00702877
0.00701434
0.00700103
0.00698873
0.00697738
0.00696689
0.00695719
0.00694821
0.00693989
0.00693218
0.00692502
0.00691838
0.0069122
0.00690646
0.0069011
0.00689611
0.00689144
0.00688707
0.00688296
0.0068791
0.00687546
0.00687202
0.00686875
0.00686563
0.00686264
0.00685977
0.00685699
0.0068543
0.00685167
0.00685132
0.00685783
0.00687455
0.00690443
0.00695358
0.00703303
0.00710154
0.0070816
0.00706165
0.0070433
0.00702639
0.0070108
0.00699643
0.00698317
0.00697094
0.00695964
0.0069492
0.00693955
0.00693061
0.00692234
0.00691467
0.00690756
0.00690096
0.00689482
0.00688912
0.0068838
0.00687884
0.00687421
0.00686987
0.00686579
0.00686197
0.00685836
0.00685494
0.0068517
0.00684861
0.00684565
0.00684281
0.00684006
0.0068374
0.0068348
0.00683454
0.00684127
0.00685824
0.00688837
0.00693775
0.00701742
0.00708068
0.00705695
0.00703384
0.00701259
0.00699303
0.00697502
0.00695844
0.00694316
0.00692907
0.00691606
0.00690406
0.00689297
0.00688272
0.00687323
0.00686445
0.00685631
0.00684877
0.00684177
0.00683527
0.00682923
0.00682361
0.00681838
0.0068135
0.00680895
0.0068047
0.00680072
0.00679699
0.00679349
0.00679019
0.00678707
0.00678411
0.0067813
0.0067786
0.00677601
0.00677614
0.00678384
0.00680218
0.00683406
0.0068859
0.0069692
0.00711281
0.00708921
0.00706604
0.00704473
0.00702511
0.00700704
0.00699039
0.00697504
0.00696088
0.0069478
0.00693572
0.00692456
0.00691423
0.00690467
0.00689581
0.00688759
0.00687997
0.00687289
0.00686632
0.0068602
0.0068545
0.00684919
0.00684423
0.0068396
0.00683527
0.00683121
0.0068274
0.00682382
0.00682044
0.00681724
0.0068142
0.00681131
0.00680854
0.00680587
0.00680589
0.0068134
0.00683149
0.00686309
0.00691462
0.00699764
0.00713316
0.00710966
0.00708646
0.00706512
0.00704546
0.00702736
0.00701067
0.00699528
0.00698107
0.00696795
0.00695583
0.00694462
0.00693424
0.00692463
0.00691572
0.00690745
0.00689978
0.00689265
0.00688601
0.00687984
0.00687408
0.00686872
0.0068637
0.00685902
0.00685463
0.00685051
0.00684665
0.00684301
0.00683957
0.00683632
0.00683323
0.00683028
0.00682746
0.00682473
0.0068247
0.00683217
0.00685024
0.0068818
0.00693332
0.00701632
0.00714171
0.00711828
0.00709507
0.00707373
0.00705407
0.00703596
0.00701926
0.00700386
0.00698965
0.00697652
0.00696438
0.00695315
0.00694276
0.00693312
0.00692419
0.00691591
0.00690821
0.00690105
0.00689439
0.00688819
0.00688241
0.00687702
0.00687198
0.00686727
0.00686285
0.00685871
0.00685482
0.00685115
0.00684769
0.00684441
0.00684129
0.00683832
0.00683547
0.00683272
0.00683266
0.00684011
0.00685816
0.00688971
0.00694122
0.00702421
0.00714412
0.00712071
0.00709752
0.00707618
0.00705652
0.00703841
0.00702172
0.00700632
0.0069921
0.00697897
0.00696683
0.0069556
0.0069452
0.00693557
0.00692663
0.00691834
0.00691063
0.00690347
0.00689681
0.0068906
0.00688481
0.00687941
0.00687436
0.00686964
0.00686522
0.00686107
0.00685717
0.00685349
0.00685002
0.00684673
0.00684361
0.00684063
0.00683777
0.00683501
0.00683495
0.00684239
0.00686043
0.00689198
0.00694348
0.00702647
0.00714432
0.00712092
0.00709773
0.00707639
0.00705674
0.00703864
0.00702194
0.00700655
0.00699233
0.0069792
0.00696707
0.00695584
0.00694544
0.00693581
0.00692687
0.00691858
0.00691087
0.00690371
0.00689704
0.00689084
0.00688505
0.00687965
0.0068746
0.00686988
0.00686545
0.0068613
0.0068574
0.00685372
0.00685025
0.00684696
0.00684384
0.00684086
0.00683799
0.00683524
0.00683517
0.00684261
0.00686065
0.0068922
0.0069437
0.00702669
0.00714399
0.00712059
0.0070974
0.00707608
0.00705643
0.00703832
0.00702164
0.00700624
0.00699203
0.0069789
0.00696677
0.00695554
0.00694515
0.00693551
0.00692658
0.00691829
0.00691058
0.00690342
0.00689676
0.00689055
0.00688476
0.00687936
0.00687432
0.00686959
0.00686517
0.00686102
0.00685712
0.00685344
0.00684997
0.00684669
0.00684356
0.00684058
0.00683772
0.00683496
0.0068349
0.00684234
0.00686038
0.00689192
0.00694343
0.00702641
0.00714363
0.00712023
0.00709704
0.00707572
0.00705607
0.00703797
0.00702128
0.00700589
0.00699168
0.00697856
0.00696642
0.0069552
0.0069448
0.00693517
0.00692624
0.00691795
0.00691025
0.00690309
0.00689642
0.00689022
0.00688443
0.00687903
0.00687398
0.00686926
0.00686484
0.00686069
0.00685679
0.00685311
0.00684964
0.00684635
0.00684323
0.00684025
0.00683739
0.00683463
0.00683457
0.00684201
0.00686005
0.00689159
0.00694309
0.00702608
0.0071433
0.00711991
0.00709672
0.0070754
0.00705575
0.00703765
0.00702097
0.00700558
0.00699137
0.00697824
0.00696611
0.00695489
0.00694449
0.00693486
0.00692593
0.00691764
0.00690994
0.00690278
0.00689612
0.00688991
0.00688413
0.00687873
0.00687368
0.00686896
0.00686454
0.00686038
0.00685648
0.00685281
0.00684934
0.00684605
0.00684292
0.00683994
0.00683708
0.00683432
0.00683426
0.0068417
0.00685974
0.00689128
0.00694278
0.00702576
0.00714303
0.00711964
0.00709645
0.00707513
0.00705549
0.00703739
0.0070207
0.00700531
0.00699111
0.00697798
0.00696585
0.00695463
0.00694424
0.00693461
0.00692567
0.00691738
0.00690968
0.00690252
0.00689586
0.00688966
0.00688387
0.00687848
0.00687343
0.00686871
0.00686429
0.00686013
0.00685623
0.00685256
0.00684909
0.0068458
0.00684267
0.00683969
0.00683683
0.00683407
0.00683401
0.00684145
0.00685948
0.00689103
0.00694253
0.00702551
0.0071428
0.00711941
0.00709622
0.0070749
0.00705526
0.00703716
0.00702048
0.00700509
0.00699088
0.00697776
0.00696563
0.00695441
0.00694402
0.00693439
0.00692546
0.00691717
0.00690947
0.00690231
0.00689565
0.00688945
0.00688367
0.00687827
0.00687323
0.00686851
0.00686408
0.00685993
0.00685603
0.00685236
0.00684889
0.0068456
0.00684248
0.00683949
0.00683663
0.00683387
0.00683381
0.00684125
0.00685928
0.00689083
0.00694233
0.00702531
0.0071426
0.00711921
0.00709603
0.00707471
0.00705507
0.00703697
0.00702029
0.0070049
0.0069907
0.00697758
0.00696545
0.00695423
0.00694384
0.00693422
0.00692529
0.006917
0.0069093
0.00690214
0.00689548
0.00688928
0.00688349
0.0068781
0.00687305
0.00686833
0.00686391
0.00685976
0.00685586
0.00685219
0.00684872
0.00684543
0.00684231
0.00683932
0.00683646
0.0068337
0.00683364
0.00684108
0.00685912
0.00689066
0.00694216
0.00702515
0.00714243
0.00711904
0.00709586
0.00707454
0.0070549
0.0070368
0.00702012
0.00700474
0.00699053
0.00697742
0.00696529
0.00695407
0.00694368
0.00693405
0.00692513
0.00691684
0.00690914
0.00690198
0.00689532
0.00688912
0.00688333
0.00687793
0.00687289
0.00686817
0.00686375
0.0068596
0.0068557
0.00685202
0.00684855
0.00684527
0.00684214
0.00683916
0.0068363
0.00683354
0.00683347
0.00684092
0.00685895
0.0068905
0.006942
0.00702498
0.00714227
0.00711888
0.0070957
0.00707438
0.00705474
0.00703664
0.00701996
0.00700458
0.00699037
0.00697725
0.00696513
0.00695391
0.00694352
0.00693389
0.00692496
0.00691668
0.00690898
0.00690182
0.00689516
0.00688895
0.00688317
0.00687777
0.00687273
0.00686801
0.00686358
0.00685943
0.00685553
0.00685186
0.00684839
0.0068451
0.00684198
0.00683899
0.00683613
0.00683337
0.00683331
0.00684076
0.00685879
0.00689034
0.00694184
0.00702482
0.00714212
0.00711873
0.00709555
0.00707423
0.00705459
0.0070365
0.00701981
0.00700443
0.00699022
0.0069771
0.00696497
0.00695375
0.00694337
0.00693374
0.00692481
0.00691652
0.00690883
0.00690167
0.00689501
0.0068888
0.00688302
0.00687762
0.00687258
0.00686786
0.00686343
0.00685929
0.00685539
0.00685171
0.00684824
0.00684496
0.00684183
0.00683885
0.00683599
0.00683323
0.00683317
0.00684062
0.00685865
0.0068902
0.0069417
0.00702468
0.007142
0.0071186
0.00709542
0.00707411
0.00705447
0.00703637
0.00701969
0.0070043
0.0069901
0.00697698
0.00696485
0.00695363
0.00694324
0.00693362
0.00692469
0.0069164
0.0069087
0.00690155
0.00689489
0.00688868
0.0068829
0.0068775
0.00687246
0.00686774
0.00686332
0.00685917
0.00685527
0.00685159
0.00684813
0.00684484
0.00684172
0.00683874
0.00683588
0.00683312
0.00683306
0.0068405
0.00685854
0.00689009
0.00694159
0.00702457
0.00714189
0.0071185
0.00709532
0.007074
0.00705436
0.00703627
0.00701959
0.0070042
0.00699
0.00697688
0.00696475
0.00695353
0.00694314
0.00693352
0.00692459
0.00691631
0.00690861
0.00690145
0.00689479
0.00688859
0.00688281
0.00687741
0.00687236
0.00686764
0.00686322
0.00685907
0.00685517
0.0068515
0.00684803
0.00684474
0.00684162
0.00683864
0.00683578
0.00683302
0.00683296
0.0068404
0.00685844
0.00688998
0.00694149
0.00702447
0.0071418
0.0071184
0.00709523
0.00707391
0.00705427
0.00703618
0.0070195
0.00700412
0.00698991
0.0069768
0.00696467
0.00695345
0.00694306
0.00693344
0.00692451
0.00691622
0.00690853
0.00690137
0.00689471
0.00688851
0.00688272
0.00687732
0.00687228
0.00686756
0.00686313
0.00685898
0.00685508
0.00685141
0.00684794
0.00684465
0.00684153
0.00683855
0.00683569
0.00683293
0.00683286
0.00684031
0.00685835
0.00688989
0.00694139
0.00702438
0.00714171
0.00711832
0.00709515
0.00707383
0.00705419
0.0070361
0.00701942
0.00700404
0.00698984
0.00697672
0.00696459
0.00695337
0.00694299
0.00693336
0.00692444
0.00691615
0.00690845
0.00690129
0.00689463
0.00688843
0.00688265
0.00687725
0.0068722
0.00686748
0.00686306
0.00685891
0.00685501
0.00685133
0.00684786
0.00684458
0.00684145
0.00683847
0.00683561
0.00683285
0.00683279
0.00684023
0.00685827
0.00688982
0.00694132
0.0070243
0.00714165
0.00711826
0.00709508
0.00707376
0.00705413
0.00703604
0.00701936
0.00700397
0.00698977
0.00697665
0.00696453
0.00695331
0.00694292
0.0069333
0.00692437
0.00691609
0.00690839
0.00690123
0.00689457
0.00688837
0.00688258
0.00687719
0.00687214
0.00686742
0.006863
0.00685885
0.00685495
0.00685127
0.0068478
0.00684452
0.0068414
0.00683841
0.00683555
0.0068328
0.00683273
0.00684018
0.00685822
0.00688976
0.00694126
0.00702425
0.0071416
0.00711821
0.00709503
0.00707371
0.00705408
0.00703599
0.00701931
0.00700393
0.00698973
0.00697661
0.00696448
0.00695327
0.00694288
0.00693325
0.00692432
0.00691604
0.00690834
0.00690118
0.00689452
0.00688832
0.00688253
0.00687713
0.00687209
0.00686737
0.00686294
0.00685879
0.00685489
0.00685122
0.00684775
0.00684447
0.00684135
0.00683836
0.00683551
0.00683275
0.00683269
0.00684013
0.00685817
0.00688972
0.00694122
0.0070242
0.00714157
0.00711818
0.007095
0.00707369
0.00705405
0.00703596
0.00701928
0.0070039
0.0069897
0.00697658
0.00696445
0.00695323
0.00694285
0.00693322
0.00692429
0.006916
0.0069083
0.00690114
0.00689448
0.00688828
0.0068825
0.0068771
0.00687205
0.00686733
0.0068629
0.00685875
0.00685486
0.00685118
0.00684772
0.00684443
0.00684131
0.00683833
0.00683547
0.00683271
0.00683265
0.0068401
0.00685813
0.00688968
0.00694118
0.00702417
0.00714157
0.00711818
0.007095
0.00707368
0.00705404
0.00703595
0.00701927
0.00700389
0.00698968
0.00697657
0.00696444
0.00695322
0.00694283
0.00693321
0.00692428
0.00691599
0.00690829
0.00690113
0.00689447
0.00688827
0.00688248
0.00687708
0.00687204
0.00686732
0.00686289
0.00685875
0.00685485
0.00685118
0.00684771
0.00684443
0.0068413
0.00683832
0.00683546
0.00683271
0.00683264
0.00684009
0.00685813
0.00688967
0.00694117
0.00702416
0.00714159
0.0071182
0.00709502
0.0070737
0.00705406
0.00703597
0.00701929
0.0070039
0.0069897
0.00697658
0.00696445
0.00695324
0.00694285
0.00693322
0.00692429
0.00691601
0.00690831
0.00690115
0.00689449
0.00688829
0.00688251
0.00687711
0.00687206
0.00686734
0.00686292
0.00685878
0.00685488
0.00685121
0.00684774
0.00684446
0.00684133
0.00683835
0.00683549
0.00683273
0.00683267
0.00684011
0.00685815
0.00688969
0.00694119
0.00702418
0.00714163
0.00711823
0.00709505
0.00707374
0.0070541
0.007036
0.00701932
0.00700394
0.00698973
0.00697662
0.00696449
0.00695327
0.00694289
0.00693326
0.00692433
0.00691605
0.00690835
0.00690119
0.00689453
0.00688833
0.00688255
0.00687715
0.00687211
0.00686739
0.00686297
0.00685882
0.00685493
0.00685125
0.00684778
0.0068445
0.00684137
0.00683839
0.00683553
0.00683277
0.00683271
0.00684015
0.00685819
0.00688973
0.00694123
0.00702421
0.00714169
0.00711829
0.00709511
0.00707379
0.00705415
0.00703606
0.00701938
0.00700399
0.00698979
0.00697667
0.00696454
0.00695333
0.00694294
0.00693331
0.00692438
0.0069161
0.0069084
0.00690124
0.00689458
0.00688838
0.0068826
0.0068772
0.00687216
0.00686744
0.00686302
0.00685887
0.00685497
0.0068513
0.00684783
0.00684454
0.00684142
0.00683844
0.00683558
0.00683282
0.00683276
0.0068402
0.00685824
0.00688978
0.00694128
0.00702427
0.00714178
0.00711838
0.0070952
0.00707388
0.00705424
0.00703614
0.00701946
0.00700407
0.00698986
0.00697674
0.00696461
0.00695339
0.006943
0.00693338
0.00692445
0.00691616
0.00690846
0.00690131
0.00689465
0.00688844
0.00688266
0.00687727
0.00687222
0.0068675
0.00686308
0.00685893
0.00685503
0.00685136
0.00684789
0.00684461
0.00684149
0.00683851
0.00683565
0.00683289
0.00683283
0.00684027
0.00685831
0.00688986
0.00694136
0.00702434
0.00714189
0.00711849
0.0070953
0.00707398
0.00705434
0.00703624
0.00701956
0.00700417
0.00698996
0.00697684
0.00696471
0.00695349
0.0069431
0.00693347
0.00692454
0.00691625
0.00690855
0.0069014
0.00689474
0.00688854
0.00688275
0.00687736
0.00687231
0.00686759
0.00686317
0.00685902
0.00685512
0.00685145
0.00684798
0.0068447
0.00684158
0.0068386
0.00683574
0.00683298
0.00683292
0.00684037
0.00685841
0.00688995
0.00694145
0.00702444
0.00714203
0.00711863
0.00709544
0.00707412
0.00705447
0.00703638
0.00701969
0.0070043
0.00699009
0.00697697
0.00696484
0.00695362
0.00694322
0.0069336
0.00692467
0.00691638
0.00690868
0.00690152
0.00689486
0.00688866
0.00688288
0.00687748
0.00687243
0.00686771
0.00686329
0.00685914
0.00685524
0.00685157
0.0068481
0.00684482
0.0068417
0.00683872
0.00683586
0.0068331
0.00683304
0.00684049
0.00685852
0.00689007
0.00694157
0.00702456
0.0071422
0.0071188
0.00709561
0.00707429
0.00705464
0.00703654
0.00701986
0.00700446
0.00699025
0.00697713
0.006965
0.00695378
0.00694338
0.00693375
0.00692482
0.00691654
0.00690883
0.00690168
0.00689502
0.00688882
0.00688303
0.00687764
0.00687259
0.00686787
0.00686344
0.00685929
0.00685539
0.00685173
0.00684826
0.00684497
0.00684185
0.00683887
0.00683601
0.00683326
0.0068332
0.00684064
0.00685868
0.00689022
0.00694172
0.00702471
0.0071424
0.007119
0.00709581
0.00707449
0.00705484
0.00703674
0.00702006
0.00700466
0.00699045
0.00697733
0.0069652
0.00695397
0.00694358
0.00693395
0.00692502
0.00691673
0.00690903
0.00690187
0.00689521
0.00688901
0.00688322
0.00687782
0.00687278
0.00686805
0.00686363
0.00685948
0.00685559
0.00685192
0.00684845
0.00684516
0.00684204
0.00683907
0.00683621
0.00683345
0.00683339
0.00684084
0.00685888
0.00689042
0.00694192
0.0070249
0.00714265
0.00711925
0.00709606
0.00707473
0.00705509
0.00703699
0.0070203
0.0070049
0.00699069
0.00697757
0.00696543
0.00695421
0.00694381
0.00693418
0.00692525
0.00691696
0.00690925
0.00690209
0.00689543
0.00688923
0.00688345
0.00687805
0.006873
0.00686828
0.00686386
0.00685971
0.00685581
0.00685214
0.00684868
0.00684539
0.00684227
0.0068393
0.00683644
0.00683368
0.00683362
0.00684107
0.00685911
0.00689065
0.00694215
0.00702514
0.00714296
0.00711955
0.00709636
0.00707503
0.00705539
0.00703728
0.00702059
0.0070052
0.00699099
0.00697786
0.00696572
0.00695449
0.0069441
0.00693447
0.00692553
0.00691724
0.00690954
0.00690238
0.00689571
0.00688951
0.00688373
0.00687833
0.00687328
0.00686856
0.00686414
0.00685999
0.00685609
0.00685242
0.00684895
0.00684567
0.00684255
0.00683957
0.00683671
0.00683396
0.0068339
0.00684134
0.00685938
0.00689093
0.00694243
0.00702542
0.00714332
0.00711991
0.00709672
0.00707539
0.00705574
0.00703764
0.00702095
0.00700555
0.00699134
0.00697821
0.00696607
0.00695485
0.00694445
0.00693481
0.00692588
0.00691759
0.00690988
0.00690272
0.00689606
0.00688985
0.00688407
0.00687867
0.00687362
0.0068689
0.00686448
0.00686033
0.00685643
0.00685276
0.0068493
0.00684601
0.00684289
0.00683991
0.00683705
0.0068343
0.00683424
0.00684168
0.00685972
0.00689126
0.00694276
0.00702575
0.00714374
0.00712033
0.00709714
0.00707581
0.00705616
0.00703805
0.00702136
0.00700596
0.00699174
0.00697861
0.00696647
0.00695524
0.00694484
0.00693521
0.00692627
0.00691798
0.00691027
0.00690311
0.00689644
0.00689024
0.00688445
0.00687905
0.00687401
0.00686929
0.00686486
0.00686071
0.00685682
0.00685314
0.00684968
0.00684639
0.00684327
0.00684029
0.00683743
0.00683468
0.00683462
0.00684206
0.0068601
0.00689164
0.00694314
0.00702613
0.00714416
0.00712075
0.00709755
0.00707622
0.00705657
0.00703846
0.00702177
0.00700636
0.00699215
0.00697901
0.00696687
0.00695564
0.00694524
0.00693561
0.00692667
0.00691837
0.00691066
0.0069035
0.00689683
0.00689062
0.00688484
0.00687944
0.00687439
0.00686967
0.00686524
0.00686109
0.00685719
0.00685352
0.00685005
0.00684676
0.00684364
0.00684066
0.0068378
0.00683505
0.00683498
0.00684243
0.00686047
0.00689202
0.00694352
0.00702651
0.00714412
0.00712071
0.00709751
0.00707617
0.00705651
0.0070384
0.0070217
0.0070063
0.00699208
0.00697895
0.0069668
0.00695557
0.00694517
0.00693553
0.00692659
0.0069183
0.00691059
0.00690342
0.00689675
0.00689055
0.00688476
0.00687936
0.00687431
0.00686959
0.00686516
0.00686101
0.00685711
0.00685344
0.00684997
0.00684668
0.00684356
0.00684058
0.00683772
0.00683496
0.0068349
0.00684235
0.00686039
0.00689193
0.00694343
0.00702642
0.0071417
0.00711829
0.00709509
0.00707375
0.0070541
0.00703599
0.0070193
0.0070039
0.00698968
0.00697655
0.00696441
0.00695318
0.00694279
0.00693315
0.00692422
0.00691592
0.00690822
0.00690105
0.00689439
0.00688818
0.0068824
0.006877
0.00687196
0.00686724
0.00686282
0.00685867
0.00685477
0.0068511
0.00684764
0.00684435
0.00684123
0.00683825
0.0068354
0.00683264
0.00683258
0.00684003
0.00685807
0.00688961
0.00694112
0.0070241
0.00713224
0.00710887
0.00708572
0.00706442
0.00704481
0.00702674
0.00701008
0.00699471
0.00698052
0.00696741
0.0069553
0.0069441
0.00693372
0.00692411
0.0069152
0.00690692
0.00689923
0.00689209
0.00688544
0.00687925
0.00687348
0.0068681
0.00686307
0.00685836
0.00685395
0.00684982
0.00684593
0.00684227
0.00683882
0.00683554
0.00683243
0.00682946
0.00682662
0.00682387
0.00682382
0.00683127
0.00684931
0.00688086
0.00693236
0.00701533
0.00711337
0.0070901
0.00706703
0.00704581
0.00702627
0.00700827
0.00699168
0.00697638
0.00696226
0.00694922
0.00693716
0.00692601
0.00691569
0.00690613
0.00689726
0.00688903
0.00688139
0.00687429
0.00686768
0.00686153
0.0068558
0.00685045
0.00684545
0.00684078
0.0068364
0.0068323
0.00682844
0.00682481
0.00682139
0.00681814
0.00681506
0.00681212
0.0068093
0.00680659
0.00680666
0.00681435
0.00683267
0.00686448
0.00691626
0.0069995
0.00710361
0.00707606
0.00704932
0.00702476
0.00700216
0.00698136
0.00696221
0.00694456
0.00692829
0.00691327
0.0068994
0.00688658
0.00687473
0.00686375
0.00685357
0.00684414
0.00683538
0.00682724
0.00681968
0.00681265
0.0068061
0.0068
0.00679431
0.006789
0.00678405
0.00677942
0.0067751
0.00677105
0.00676726
0.00676371
0.00676037
0.00675723
0.00675427
0.00675147
0.0067519
0.00676064
0.00678045
0.00681421
0.00686877
0.00695615
0.00713494
0.00710749
0.00708068
0.00705604
0.00703337
0.0070125
0.00699327
0.00697554
0.00695919
0.0069441
0.00693015
0.00691725
0.00690531
0.00689424
0.00688399
0.00687447
0.00686563
0.00685741
0.00684977
0.00684265
0.00683602
0.00682984
0.00682407
0.00681869
0.00681366
0.00680895
0.00680455
0.00680042
0.00679655
0.00679293
0.00678952
0.0067863
0.00678327
0.00678039
0.00678071
0.00678925
0.0068088
0.00684227
0.00689651
0.0069836
0.00715418
0.00712681
0.00709997
0.0070753
0.00705259
0.00703167
0.0070124
0.00699464
0.00697824
0.0069631
0.0069491
0.00693615
0.00692416
0.00691305
0.00690274
0.00689317
0.00688428
0.006876
0.00686831
0.00686114
0.00685445
0.00684821
0.00684239
0.00683695
0.00683186
0.0068271
0.00682264
0.00681846
0.00681454
0.00681085
0.00680739
0.00680412
0.00680104
0.00679811
0.00679838
0.00680688
0.0068264
0.00685985
0.00691408
0.00700116
0.00716201
0.0071347
0.00710786
0.00708319
0.00706047
0.00703955
0.00702028
0.0070025
0.00698609
0.00697094
0.00695693
0.00694396
0.00693195
0.00692082
0.00691049
0.0069009
0.00689199
0.00688369
0.00687597
0.00686877
0.00686206
0.0068558
0.00684995
0.00684448
0.00683937
0.00683458
0.00683009
0.00682589
0.00682194
0.00681823
0.00681474
0.00681145
0.00680834
0.00680538
0.00680563
0.00681411
0.00683362
0.00686706
0.00692128
0.00700835
0.00716413
0.00713685
0.00711001
0.00708534
0.00706263
0.00704171
0.00702244
0.00700466
0.00698826
0.0069731
0.00695909
0.00694612
0.00693411
0.00692298
0.00691264
0.00690305
0.00689413
0.00688583
0.0068781
0.00687089
0.00686418
0.00685791
0.00685205
0.00684657
0.00684145
0.00683665
0.00683216
0.00682795
0.00682399
0.00682027
0.00681678
0.00681348
0.00681035
0.00680739
0.00680763
0.00681611
0.00683561
0.00686904
0.00692326
0.00701033
0.00716425
0.00713697
0.00711014
0.00708548
0.00706277
0.00704186
0.00702259
0.00700481
0.00698841
0.00697326
0.00695925
0.00694628
0.00693427
0.00692314
0.0069128
0.00690321
0.00689429
0.00688599
0.00687826
0.00687105
0.00686434
0.00685806
0.00685221
0.00684673
0.00684161
0.00683681
0.00683231
0.0068281
0.00682414
0.00682043
0.00681693
0.00681363
0.0068105
0.00680754
0.00680778
0.00681626
0.00683576
0.00686919
0.00692341
0.00701048
0.0071639
0.00713663
0.0071098
0.00708514
0.00706244
0.00704153
0.00702226
0.00700449
0.00698809
0.00697294
0.00695893
0.00694597
0.00693396
0.00692283
0.0069125
0.0069029
0.00689398
0.00688568
0.00687795
0.00687075
0.00686404
0.00685777
0.00685191
0.00684643
0.00684131
0.00683651
0.00683202
0.00682781
0.00682385
0.00682013
0.00681664
0.00681334
0.00681021
0.00680725
0.00680749
0.00681597
0.00683547
0.0068689
0.00692311
0.00701019
0.00716353
0.00713626
0.00710943
0.00708478
0.00706207
0.00704117
0.0070219
0.00700414
0.00698774
0.00697259
0.00695858
0.00694562
0.00693361
0.00692248
0.00691215
0.00690256
0.00689364
0.00688534
0.00687762
0.00687042
0.0068637
0.00685743
0.00685157
0.0068461
0.00684098
0.00683618
0.00683169
0.00682747
0.00682352
0.0068198
0.0068163
0.006813
0.00680988
0.00680692
0.00680716
0.00681564
0.00683514
0.00686856
0.00692278
0.00700985
0.0071632
0.00713593
0.00710911
0.00708445
0.00706175
0.00704085
0.00702159
0.00700382
0.00698742
0.00697227
0.00695827
0.00694531
0.0069333
0.00692217
0.00691184
0.00690225
0.00689333
0.00688504
0.00687731
0.00687011
0.00686339
0.00685712
0.00685127
0.0068458
0.00684067
0.00683588
0.00683138
0.00682717
0.00682321
0.0068195
0.006816
0.0068127
0.00680958
0.00680661
0.00680685
0.00681533
0.00683483
0.00686826
0.00692247
0.00700954
0.00716293
0.00713566
0.00710884
0.00708419
0.00706149
0.00704058
0.00702132
0.00700355
0.00698716
0.00697201
0.00695801
0.00694505
0.00693304
0.00692191
0.00691159
0.00690199
0.00689307
0.00688478
0.00687705
0.00686985
0.00686314
0.00685687
0.00685102
0.00684554
0.00684042
0.00683562
0.00683113
0.00682692
0.00682296
0.00681925
0.00681575
0.00681245
0.00680933
0.00680636
0.0068066
0.00681508
0.00683458
0.006868
0.00692222
0.00700929
0.0071627
0.00713543
0.00710861
0.00708395
0.00706126
0.00704036
0.00702109
0.00700333
0.00698693
0.00697179
0.00695779
0.00694483
0.00693282
0.0069217
0.00691137
0.00690178
0.00689286
0.00688457
0.00687684
0.00686964
0.00686293
0.00685666
0.00685081
0.00684534
0.00684022
0.00683542
0.00683093
0.00682672
0.00682276
0.00681905
0.00681555
0.00681225
0.00680913
0.00680616
0.0068064
0.00681488
0.00683438
0.00686781
0.00692202
0.00700909
0.0071625
0.00713523
0.00710841
0.00708376
0.00706106
0.00704016
0.0070209
0.00700314
0.00698675
0.0069716
0.0069576
0.00694465
0.00693265
0.00692152
0.0069112
0.00690161
0.00689269
0.00688439
0.00687667
0.00686947
0.00686276
0.00685649
0.00685064
0.00684517
0.00684005
0.00683525
0.00683076
0.00682655
0.0068226
0.00681888
0.00681539
0.00681209
0.00680896
0.006806
0.00680624
0.00681471
0.00683421
0.00686764
0.00692185
0.00700893
0.00716232
0.00713506
0.00710824
0.00708359
0.00706089
0.00704
0.00702074
0.00700297
0.00698658
0.00697144
0.00695744
0.00694449
0.00693249
0.00692136
0.00691104
0.00690145
0.00689253
0.00688424
0.00687651
0.00686932
0.0068626
0.00685634
0.00685048
0.00684501
0.00683989
0.00683509
0.0068306
0.00682639
0.00682244
0.00681872
0.00681523
0.00681193
0.0068088
0.00680584
0.00680608
0.00681455
0.00683405
0.00686748
0.00692169
0.00700877
0.00716217
0.0071349
0.00710808
0.00708343
0.00706074
0.00703984
0.00702058
0.00700282
0.00698642
0.00697128
0.00695728
0.00694433
0.00693233
0.0069212
0.00691088
0.00690129
0.00689238
0.00688408
0.00687636
0.00686916
0.00686245
0.00685618
0.00685033
0.00684485
0.00683973
0.00683494
0.00683044
0.00682623
0.00682228
0.00681856
0.00681507
0.00681177
0.00680864
0.00680568
0.00680592
0.0068144
0.0068339
0.00686732
0.00692154
0.00700861
0.00716202
0.00713476
0.00710794
0.00708329
0.00706059
0.0070397
0.00702044
0.00700267
0.00698628
0.00697114
0.00695714
0.00694418
0.00693218
0.00692106
0.00691073
0.00690114
0.00689223
0.00688393
0.00687621
0.00686901
0.0068623
0.00685603
0.00685018
0.00684471
0.00683959
0.00683479
0.0068303
0.00682609
0.00682213
0.00681842
0.00681492
0.00681162
0.0068085
0.00680554
0.00680578
0.00681426
0.00683376
0.00686719
0.0069214
0.00700847
0.0071619
0.00713463
0.00710782
0.00708317
0.00706047
0.00703957
0.00702031
0.00700255
0.00698616
0.00697101
0.00695701
0.00694406
0.00693206
0.00692093
0.00691061
0.00690102
0.00689211
0.00688381
0.00687609
0.00686889
0.00686218
0.00685592
0.00685006
0.00684459
0.00683947
0.00683467
0.00683018
0.00682597
0.00682202
0.0068183
0.00681481
0.00681151
0.00680839
0.00680542
0.00680567
0.00681414
0.00683364
0.00686707
0.00692129
0.00700836
0.00716179
0.00713453
0.00710771
0.00708306
0.00706037
0.00703947
0.00702021
0.00700245
0.00698606
0.00697092
0.00695692
0.00694396
0.00693196
0.00692084
0.00691052
0.00690093
0.00689201
0.00688372
0.006876
0.0068688
0.00686209
0.00685582
0.00684997
0.0068445
0.00683937
0.00683458
0.00683009
0.00682588
0.00682192
0.00681821
0.00681471
0.00681141
0.00680829
0.00680533
0.00680557
0.00681404
0.00683354
0.00686697
0.00692119
0.00700826
0.0071617
0.00713443
0.00710762
0.00708297
0.00706028
0.00703938
0.00702013
0.00700237
0.00698598
0.00697083
0.00695684
0.00694388
0.00693188
0.00692076
0.00691044
0.00690085
0.00689193
0.00688364
0.00687592
0.00686872
0.00686201
0.00685574
0.00684989
0.00684441
0.00683929
0.0068345
0.00683
0.00682579
0.00682184
0.00681812
0.00681462
0.00681132
0.0068082
0.00680524
0.00680548
0.00681395
0.00683345
0.00686688
0.00692109
0.00700816
0.00716162
0.00713435
0.00710754
0.00708289
0.0070602
0.0070393
0.00702005
0.00700229
0.0069859
0.00697076
0.00695676
0.00694381
0.00693181
0.00692069
0.00691036
0.00690078
0.00689186
0.00688357
0.00687585
0.00686865
0.00686194
0.00685567
0.00684982
0.00684434
0.00683922
0.00683443
0.00682993
0.00682572
0.00682177
0.00681805
0.00681455
0.00681125
0.00680813
0.00680517
0.00680541
0.00681389
0.00683338
0.00686681
0.00692102
0.00700809
0.00716155
0.00713429
0.00710747
0.00708283
0.00706014
0.00703924
0.00701998
0.00700223
0.00698584
0.0069707
0.0069567
0.00694375
0.00693175
0.00692063
0.0069103
0.00690072
0.0068918
0.00688351
0.00687578
0.00686859
0.00686188
0.00685561
0.00684976
0.00684429
0.00683916
0.00683437
0.00682987
0.00682566
0.00682171
0.006818
0.0068145
0.0068112
0.00680808
0.00680512
0.00680536
0.00681384
0.00683334
0.00686676
0.00692098
0.00700805
0.0071615
0.00713424
0.00710742
0.00708278
0.00706009
0.00703919
0.00701994
0.00700218
0.00698579
0.00697065
0.00695666
0.0069437
0.00693171
0.00692058
0.00691026
0.00690067
0.00689176
0.00688346
0.00687574
0.00686854
0.00686183
0.00685556
0.00684971
0.00684424
0.00683911
0.00683432
0.00682983
0.00682561
0.00682166
0.00681795
0.00681445
0.00681115
0.00680803
0.00680507
0.00680531
0.00681379
0.00683329
0.00686672
0.00692093
0.007008
0.00716148
0.00713422
0.0071074
0.00708276
0.00706007
0.00703917
0.00701991
0.00700216
0.00698577
0.00697063
0.00695663
0.00694368
0.00693168
0.00692055
0.00691023
0.00690064
0.00689173
0.00688343
0.00687571
0.00686851
0.0068618
0.00685553
0.00684967
0.0068442
0.00683907
0.00683428
0.00682979
0.00682557
0.00682162
0.00681791
0.00681441
0.00681112
0.006808
0.00680503
0.00680527
0.00681375
0.00683325
0.00686668
0.0069209
0.00700797
0.00716149
0.00713422
0.0071074
0.00708276
0.00706006
0.00703917
0.00701991
0.00700215
0.00698576
0.00697062
0.00695662
0.00694367
0.00693167
0.00692054
0.00691022
0.00690063
0.00689171
0.00688342
0.00687569
0.00686849
0.00686178
0.00685551
0.00684966
0.00684418
0.00683906
0.00683427
0.00682977
0.00682557
0.00682161
0.0068179
0.00681441
0.00681111
0.00680799
0.00680502
0.00680527
0.00681374
0.00683324
0.00686667
0.00692088
0.00700795
0.00716151
0.00713424
0.00710742
0.00708277
0.00706008
0.00703918
0.00701992
0.00700216
0.00698577
0.00697063
0.00695663
0.00694368
0.00693168
0.00692056
0.00691023
0.00690064
0.00689173
0.00688343
0.00687571
0.00686851
0.0068618
0.00685553
0.00684968
0.0068442
0.00683908
0.00683429
0.0068298
0.00682559
0.00682164
0.00681793
0.00681443
0.00681113
0.00680801
0.00680505
0.00680529
0.00681377
0.00683327
0.0068667
0.00692091
0.00700798
0.00716155
0.00713428
0.00710746
0.00708281
0.00706012
0.00703922
0.00701996
0.0070022
0.00698581
0.00697067
0.00695667
0.00694371
0.00693171
0.00692059
0.00691027
0.00690068
0.00689177
0.00688347
0.00687575
0.00686855
0.00686184
0.00685557
0.00684972
0.00684425
0.00683913
0.00683434
0.00682985
0.00682564
0.00682169
0.00681797
0.00681448
0.00681118
0.00680806
0.00680509
0.00680534
0.00681381
0.00683331
0.00686674
0.00692095
0.00700802
0.0071616
0.00713434
0.00710752
0.00708287
0.00706018
0.00703928
0.00702002
0.00700226
0.00698586
0.00697072
0.00695672
0.00694377
0.00693177
0.00692064
0.00691032
0.00690073
0.00689182
0.00688353
0.0068758
0.00686861
0.00686189
0.00685563
0.00684978
0.00684431
0.00683919
0.0068344
0.00682991
0.00682569
0.00682174
0.00681802
0.00681453
0.00681123
0.00680811
0.00680515
0.00680539
0.00681387
0.00683336
0.00686679
0.00692101
0.00700807
0.0071617
0.00713443
0.00710761
0.00708296
0.00706026
0.00703936
0.0070201
0.00700234
0.00698594
0.0069708
0.0069568
0.00694384
0.00693184
0.00692072
0.00691039
0.0069008
0.00689189
0.00688359
0.00687587
0.00686867
0.00686196
0.0068557
0.00684985
0.00684438
0.00683926
0.00683446
0.00682997
0.00682576
0.0068218
0.00681809
0.00681459
0.0068113
0.00680818
0.00680521
0.00680546
0.00681393
0.00683343
0.00686686
0.00692108
0.00700814
0.00716181
0.00713454
0.00710772
0.00708307
0.00706037
0.00703947
0.00702021
0.00700244
0.00698605
0.0069709
0.0069569
0.00694394
0.00693194
0.00692081
0.00691049
0.0069009
0.00689198
0.00688368
0.00687596
0.00686876
0.00686205
0.00685579
0.00684994
0.00684447
0.00683934
0.00683455
0.00683005
0.00682584
0.00682189
0.00681818
0.00681468
0.00681139
0.00680827
0.0068053
0.00680555
0.00681402
0.00683352
0.00686695
0.00692116
0.00700823
0.00716195
0.00713468
0.00710786
0.00708321
0.00706051
0.00703961
0.00702034
0.00700258
0.00698618
0.00697103
0.00695703
0.00694407
0.00693207
0.00692094
0.00691061
0.00690102
0.0068921
0.00688381
0.00687608
0.00686889
0.00686218
0.00685591
0.00685006
0.00684458
0.00683946
0.00683466
0.00683017
0.00682596
0.00682201
0.0068183
0.0068148
0.00681151
0.00680839
0.00680543
0.00680567
0.00681415
0.00683365
0.00686707
0.00692128
0.00700835
0.00716213
0.00713485
0.00710803
0.00708338
0.00706068
0.00703977
0.00702051
0.00700274
0.00698634
0.0069712
0.00695719
0.00694423
0.00693223
0.0069211
0.00691077
0.00690118
0.00689226
0.00688396
0.00687624
0.00686905
0.00686233
0.00685607
0.00685021
0.00684474
0.00683962
0.00683482
0.00683033
0.00682612
0.00682217
0.00681845
0.00681496
0.00681166
0.00680854
0.00680558
0.00680583
0.00681431
0.00683381
0.00686724
0.00692145
0.00700852
0.00716233
0.00713506
0.00710823
0.00708358
0.00706088
0.00703998
0.00702071
0.00700294
0.00698655
0.0069714
0.00695739
0.00694443
0.00693243
0.0069213
0.00691097
0.00690138
0.00689246
0.00688416
0.00687644
0.00686924
0.00686253
0.00685626
0.0068504
0.00684493
0.0068398
0.00683501
0.00683052
0.00682631
0.00682236
0.00681864
0.00681515
0.00681185
0.00680874
0.00680578
0.00680602
0.0068145
0.006834
0.00686743
0.00692165
0.00700872
0.00716258
0.00713531
0.00710848
0.00708383
0.00706113
0.00704022
0.00702095
0.00700319
0.00698679
0.00697164
0.00695763
0.00694467
0.00693266
0.00692153
0.0069112
0.00690161
0.00689269
0.00688439
0.00687666
0.00686946
0.00686275
0.00685648
0.00685062
0.00684515
0.00684003
0.00683523
0.00683074
0.00682653
0.00682258
0.00681887
0.00681538
0.00681208
0.00680896
0.006806
0.00680625
0.00681473
0.00683423
0.00686766
0.00692187
0.00700894
0.00716289
0.00713561
0.00710878
0.00708413
0.00706142
0.00704052
0.00702125
0.00700348
0.00698708
0.00697193
0.00695792
0.00694496
0.00693295
0.00692182
0.00691149
0.00690189
0.00689297
0.00688467
0.00687694
0.00686974
0.00686303
0.00685676
0.00685091
0.00684543
0.00684031
0.00683552
0.00683103
0.00682682
0.00682286
0.00681915
0.00681566
0.00681236
0.00680924
0.00680628
0.00680653
0.006815
0.0068345
0.00686793
0.00692214
0.00700921
0.00716325
0.00713597
0.00710915
0.00708449
0.00706178
0.00704088
0.00702161
0.00700384
0.00698744
0.00697229
0.00695828
0.00694531
0.0069333
0.00692217
0.00691184
0.00690225
0.00689332
0.00688502
0.00687729
0.00687009
0.00686338
0.00685711
0.00685125
0.00684578
0.00684066
0.00683586
0.00683137
0.00682716
0.00682321
0.0068195
0.006816
0.00681271
0.00680959
0.00680663
0.00680687
0.00681535
0.00683485
0.00686828
0.00692249
0.00700956
0.00716369
0.0071364
0.00710957
0.00708491
0.0070622
0.00704129
0.00702202
0.00700425
0.00698785
0.00697269
0.00695868
0.00694571
0.0069337
0.00692257
0.00691224
0.00690264
0.00689372
0.00688541
0.00687768
0.00687048
0.00686376
0.00685749
0.00685164
0.00684616
0.00684104
0.00683624
0.00683175
0.00682754
0.00682359
0.00681988
0.00681638
0.00681309
0.00680997
0.00680701
0.00680725
0.00681573
0.00683523
0.00686866
0.00692288
0.00700995
0.00716412
0.00713683
0.00711
0.00708533
0.00706262
0.00704171
0.00702244
0.00700466
0.00698826
0.0069731
0.00695909
0.00694612
0.00693411
0.00692297
0.00691264
0.00690304
0.00689412
0.00688581
0.00687808
0.00687087
0.00686416
0.00685789
0.00685203
0.00684655
0.00684143
0.00683663
0.00683214
0.00682793
0.00682397
0.00682026
0.00681676
0.00681346
0.00681034
0.00680738
0.00680762
0.0068161
0.0068356
0.00686903
0.00692324
0.00701031
0.00716412
0.00713683
0.00710999
0.00708532
0.0070626
0.00704169
0.00702241
0.00700464
0.00698823
0.00697307
0.00695905
0.00694608
0.00693407
0.00692293
0.0069126
0.006903
0.00689407
0.00688577
0.00687804
0.00687083
0.00686411
0.00685784
0.00685198
0.00684651
0.00684138
0.00683659
0.00683209
0.00682788
0.00682393
0.00682021
0.00681672
0.00681342
0.00681029
0.00680733
0.00680757
0.00681605
0.00683555
0.00686898
0.00692319
0.00701027
0.00716177
0.00713449
0.00710765
0.00708298
0.00706027
0.00703936
0.00702009
0.00700231
0.00698591
0.00697075
0.00695674
0.00694377
0.00693176
0.00692063
0.0069103
0.00690071
0.00689178
0.00688348
0.00687575
0.00686855
0.00686184
0.00685557
0.00684971
0.00684424
0.00683912
0.00683433
0.00682984
0.00682563
0.00682168
0.00681797
0.00681447
0.00681117
0.00680805
0.00680509
0.00680534
0.00681381
0.00683331
0.00686674
0.00692096
0.00700802
0.00715228
0.00712504
0.00709825
0.00707363
0.00705096
0.00703009
0.00701085
0.00699311
0.00697674
0.00696161
0.00694763
0.00693469
0.00692271
0.0069116
0.00690129
0.00689171
0.00688281
0.00687453
0.00686682
0.00685964
0.00685294
0.00684668
0.00684084
0.00683539
0.00683028
0.0068255
0.00682103
0.00681683
0.00681289
0.00680919
0.00680571
0.00680242
0.00679931
0.00679636
0.00679661
0.00680509
0.00682459
0.00685802
0.00691223
0.00699928
0.00713281
0.00710568
0.00707899
0.00705446
0.00703188
0.00701109
0.00699193
0.00697427
0.00695797
0.00694292
0.006929
0.00691612
0.0069042
0.00689315
0.00688289
0.00687337
0.00686452
0.00685628
0.00684862
0.00684147
0.00683481
0.0068286
0.0068228
0.00681737
0.0068123
0.00680755
0.00680311
0.00679894
0.00679503
0.00679136
0.0067879
0.00678464
0.00678156
0.00677863
0.00677902
0.00678776
0.00680755
0.00684125
0.00689574
0.00698308
0.00713499
0.00710302
0.00707209
0.0070437
0.00701759
0.00699358
0.00697147
0.00695111
0.00693233
0.006915
0.00689899
0.00688419
0.00687048
0.00685779
0.00684602
0.00683509
0.00682494
0.0068155
0.00680671
0.00679852
0.00679089
0.00678377
0.00677712
0.00677091
0.00676511
0.00675968
0.00675461
0.00674986
0.00674542
0.00674127
0.00673739
0.00673375
0.00673035
0.00672716
0.00672781
0.00673758
0.00675887
0.00679461
0.00685211
0.00694398
0.00716568
0.00713378
0.00710277
0.00707429
0.0070481
0.00702399
0.0070018
0.00698134
0.00696247
0.00694505
0.00692895
0.00691406
0.00690027
0.00688749
0.00687563
0.00686461
0.00685437
0.00684484
0.00683597
0.0068277
0.00681998
0.00681278
0.00680605
0.00679976
0.00679387
0.00678837
0.00678322
0.0067784
0.00677388
0.00676965
0.0067657
0.00676199
0.00675852
0.00675526
0.0067558
0.00676535
0.00678638
0.00682181
0.00687898
0.00697054
0.0071839
0.00715207
0.00712102
0.0070925
0.00706626
0.00704211
0.00701987
0.00699937
0.00698045
0.00696298
0.00694684
0.00693189
0.00691805
0.00690521
0.0068933
0.00688223
0.00687193
0.00686235
0.00685342
0.00684509
0.00683732
0.00683006
0.00682327
0.00681693
0.00681099
0.00680543
0.00680022
0.00679534
0.00679077
0.00678649
0.00678248
0.00677872
0.0067752
0.00677189
0.00677238
0.0067819
0.0068029
0.00683832
0.00689548
0.00698705
0.00719106
0.00715928
0.00712823
0.00709971
0.00707346
0.00704931
0.00702706
0.00700655
0.00698762
0.00697014
0.00695398
0.00693902
0.00692516
0.00691231
0.00690037
0.00688928
0.00687896
0.00686935
0.0068604
0.00685205
0.00684425
0.00683697
0.00683015
0.00682378
0.00681782
0.00681223
0.006807
0.00680209
0.0067975
0.00679319
0.00678916
0.00678537
0.00678183
0.00677849
0.00677896
0.00678847
0.00680945
0.00684486
0.00690201
0.00699358
0.00719291
0.00716115
0.00713011
0.00710159
0.00707535
0.0070512
0.00702896
0.00700844
0.00698952
0.00697204
0.00695587
0.00694091
0.00692705
0.00691419
0.00690225
0.00689115
0.00688083
0.00687122
0.00686226
0.0068539
0.0068461
0.0068388
0.00683198
0.0068256
0.00681963
0.00681404
0.00680879
0.00680388
0.00679928
0.00679497
0.00679092
0.00678713
0.00678358
0.00678024
0.0067807
0.0067902
0.00681118
0.00684658
0.00690373
0.0069953
0.00719295
0.0071612
0.00713016
0.00710165
0.00707541
0.00705127
0.00702903
0.00700852
0.00698959
0.00697211
0.00695595
0.00694099
0.00692713
0.00691427
0.00690234
0.00689124
0.00688092
0.00687131
0.00686235
0.00685399
0.00684618
0.00683889
0.00683207
0.00682569
0.00681972
0.00681412
0.00680888
0.00680397
0.00679937
0.00679505
0.00679101
0.00678722
0.00678366
0.00678032
0.00678078
0.00679027
0.00681125
0.00684666
0.0069038
0.00699537
0.00719258
0.00716083
0.0071298
0.00710129
0.00707506
0.00705092
0.00702868
0.00700818
0.00698925
0.00697178
0.00695562
0.00694066
0.0069268
0.00691395
0.00690201
0.00689092
0.0068806
0.00687099
0.00686203
0.00685367
0.00684587
0.00683858
0.00683176
0.00682538
0.00681941
0.00681381
0.00680857
0.00680366
0.00679906
0.00679475
0.0067907
0.00678691
0.00678336
0.00678002
0.00678048
0.00678997
0.00681095
0.00684635
0.0069035
0.00699507
0.0071922
0.00716046
0.00712943
0.00710092
0.00707469
0.00705056
0.00702832
0.00700782
0.0069889
0.00697142
0.00695526
0.00694031
0.00692645
0.0069136
0.00690166
0.00689057
0.00688025
0.00687064
0.00686169
0.00685333
0.00684553
0.00683824
0.00683142
0.00682504
0.00681907
0.00681348
0.00680823
0.00680332
0.00679872
0.00679441
0.00679037
0.00678658
0.00678302
0.00677968
0.00678014
0.00678964
0.00681062
0.00684602
0.00690316
0.00699473
0.00719187
0.00716013
0.0071291
0.0071006
0.00707437
0.00705023
0.007028
0.0070075
0.00698858
0.0069711
0.00695495
0.00693999
0.00692614
0.00691328
0.00690135
0.00689026
0.00687994
0.00687033
0.00686138
0.00685302
0.00684522
0.00683793
0.00683111
0.00682473
0.00681876
0.00681317
0.00680793
0.00680301
0.00679841
0.0067941
0.00679006
0.00678627
0.00678271
0.00677937
0.00677983
0.00678933
0.0068103
0.00684571
0.00690285
0.00699442
0.0071916
0.00715986
0.00712883
0.00710033
0.00707411
0.00704997
0.00702773
0.00700723
0.00698831
0.00697084
0.00695468
0.00693973
0.00692587
0.00691302
0.00690109
0.00689
0.00687968
0.00687007
0.00686111
0.00685276
0.00684496
0.00683767
0.00683085
0.00682447
0.0068185
0.00681291
0.00680767
0.00680276
0.00679816
0.00679384
0.0067898
0.00678601
0.00678246
0.00677912
0.00677958
0.00678907
0.00681005
0.00684545
0.0069026
0.00699417
0.00719136
0.00715963
0.0071286
0.0071001
0.00707387
0.00704974
0.0070275
0.007007
0.00698809
0.00697061
0.00695446
0.00693951
0.00692565
0.0069128
0.00690087
0.00688978
0.00687947
0.00686986
0.0068609
0.00685255
0.00684475
0.00683746
0.00683064
0.00682427
0.0068183
0.0068127
0.00680746
0.00680255
0.00679795
0.00679364
0.0067896
0.00678581
0.00678226
0.00677892
0.00677938
0.00678887
0.00680985
0.00684525
0.0069024
0.00699396
0.00719116
0.00715943
0.0071284
0.0070999
0.00707368
0.00704954
0.00702731
0.00700681
0.0069879
0.00697043
0.00695428
0.00693932
0.00692547
0.00691262
0.0069007
0.00688961
0.00687929
0.00686968
0.00686073
0.00685238
0.00684458
0.00683729
0.00683047
0.0068241
0.00681813
0.00681254
0.0068073
0.00680239
0.00679779
0.00679348
0.00678944
0.00678565
0.0067821
0.00677876
0.00677922
0.00678871
0.00680969
0.00684509
0.00690223
0.0069938
0.00719099
0.00715925
0.00712823
0.00709973
0.00707351
0.00704937
0.00702714
0.00700665
0.00698773
0.00697026
0.00695411
0.00693916
0.00692531
0.00691247
0.00690054
0.00688945
0.00687914
0.00686953
0.00686057
0.00685222
0.00684442
0.00683714
0.00683032
0.00682394
0.00681798
0.00681238
0.00680715
0.00680224
0.00679764
0.00679333
0.00678929
0.0067855
0.00678195
0.00677861
0.00677906
0.00678856
0.00680954
0.00684493
0.00690208
0.00699365
0.00719083
0.0071591
0.00712807
0.00709958
0.00707335
0.00704922
0.00702699
0.00700649
0.00698758
0.00697011
0.00695396
0.00693901
0.00692516
0.00691231
0.00690038
0.0068893
0.00687898
0.00686938
0.00686042
0.00685207
0.00684427
0.00683698
0.00683017
0.00682379
0.00681782
0.00681223
0.00680699
0.00680209
0.00679749
0.00679318
0.00678914
0.00678535
0.00678179
0.00677845
0.00677891
0.0067884
0.00680938
0.00684478
0.00690193
0.00699349
0.0071907
0.00715896
0.00712794
0.00709944
0.00707322
0.00704908
0.00702685
0.00700635
0.00698744
0.00696997
0.00695381
0.00693886
0.00692501
0.00691217
0.00690024
0.00688915
0.00687884
0.00686923
0.00686028
0.00685193
0.00684413
0.00683684
0.00683003
0.00682365
0.00681768
0.00681209
0.00680685
0.00680195
0.00679735
0.00679303
0.00678899
0.0067852
0.00678165
0.00677831
0.00677877
0.00678827
0.00680924
0.00684464
0.00690179
0.00699336
0.00719057
0.00715884
0.00712781
0.00709932
0.00707309
0.00704896
0.00702673
0.00700623
0.00698732
0.00696985
0.0069537
0.00693875
0.00692489
0.00691205
0.00690012
0.00688904
0.00687872
0.00686912
0.00686016
0.00685181
0.00684401
0.00683673
0.00682991
0.00682354
0.00681757
0.00681198
0.00680674
0.00680183
0.00679723
0.00679292
0.00678888
0.00678509
0.00678154
0.0067782
0.00677866
0.00678815
0.00680913
0.00684453
0.00690168
0.00699324
0.00719046
0.00715873
0.00712771
0.00709921
0.00707299
0.00704886
0.00702663
0.00700613
0.00698722
0.00696975
0.0069536
0.00693865
0.0069248
0.00691195
0.00690003
0.00688894
0.00687863
0.00686902
0.00686007
0.00685172
0.00684392
0.00683664
0.00682982
0.00682345
0.00681748
0.00681188
0.00680665
0.00680174
0.00679714
0.00679283
0.00678878
0.00678499
0.00678144
0.0067781
0.00677856
0.00678806
0.00680903
0.00684443
0.00690158
0.00699314
0.00719037
0.00715864
0.00712761
0.00709912
0.0070729
0.00704877
0.00702654
0.00700605
0.00698714
0.00696967
0.00695352
0.00693857
0.00692472
0.00691187
0.00689995
0.00688886
0.00687855
0.00686895
0.00685999
0.00685164
0.00684384
0.00683656
0.00682974
0.00682337
0.0068174
0.0068118
0.00680657
0.00680166
0.00679706
0.00679274
0.0067887
0.00678491
0.00678136
0.00677802
0.00677848
0.00678797
0.00680895
0.00684435
0.00690149
0.00699306
0.00719029
0.00715856
0.00712754
0.00709904
0.00707282
0.00704869
0.00702646
0.00700597
0.00698706
0.00696959
0.00695344
0.0069385
0.00692465
0.0069118
0.00689988
0.00688879
0.00687848
0.00686888
0.00685992
0.00685157
0.00684377
0.00683649
0.00682967
0.0068233
0.00681733
0.00681174
0.0068065
0.00680159
0.00679699
0.00679268
0.00678864
0.00678485
0.00678129
0.00677795
0.00677841
0.00678791
0.00680888
0.00684428
0.00690143
0.006993
0.00719023
0.00715849
0.00712747
0.00709898
0.00707276
0.00704863
0.0070264
0.00700591
0.006987
0.00696953
0.00695338
0.00693844
0.00692459
0.00691174
0.00689982
0.00688873
0.00687842
0.00686882
0.00685987
0.00685151
0.00684372
0.00683643
0.00682962
0.00682324
0.00681728
0.00681168
0.00680644
0.00680153
0.00679693
0.00679262
0.00678858
0.0067848
0.00678124
0.0067779
0.00677836
0.00678786
0.00680884
0.00684424
0.00690138
0.00699295
0.00719018
0.00715845
0.00712742
0.00709893
0.00707271
0.00704858
0.00702636
0.00700586
0.00698696
0.00696949
0.00695334
0.0069384
0.00692455
0.00691171
0.00689978
0.0068887
0.00687838
0.00686878
0.00685982
0.00685147
0.00684368
0.00683639
0.00682958
0.0068232
0.00681723
0.00681164
0.0068064
0.00680149
0.00679689
0.00679258
0.00678854
0.00678475
0.0067812
0.00677786
0.00677832
0.00678781
0.00680879
0.00684419
0.00690134
0.00699291
0.00719016
0.00715843
0.00712741
0.00709891
0.00707269
0.00704856
0.00702634
0.00700584
0.00698693
0.00696947
0.00695332
0.00693837
0.00692453
0.00691168
0.00689976
0.00688867
0.00687836
0.00686875
0.0068598
0.00685144
0.00684365
0.00683636
0.00682955
0.00682317
0.0068172
0.0068116
0.00680636
0.00680145
0.00679685
0.00679255
0.00678851
0.00678472
0.00678117
0.00677783
0.00677828
0.00678778
0.00680876
0.00684416
0.0069013
0.00699287
0.00719017
0.00715843
0.00712741
0.00709891
0.0070727
0.00704857
0.00702634
0.00700584
0.00698693
0.00696946
0.00695331
0.00693837
0.00692452
0.00691167
0.00689975
0.00688866
0.00687835
0.00686874
0.00685979
0.00685143
0.00684364
0.00683635
0.00682953
0.00682316
0.00681718
0.00681159
0.00680635
0.00680144
0.00679685
0.00679254
0.0067885
0.00678471
0.00678116
0.00677782
0.00677828
0.00678777
0.00680875
0.00684415
0.00690129
0.00699286
0.00719019
0.00715845
0.00712743
0.00709894
0.00707272
0.00704858
0.00702635
0.00700586
0.00698695
0.00696948
0.00695333
0.00693838
0.00692453
0.00691169
0.00689976
0.00688867
0.00687836
0.00686876
0.0068598
0.00685145
0.00684365
0.00683636
0.00682955
0.00682317
0.0068172
0.00681161
0.00680637
0.00680147
0.00679687
0.00679256
0.00678852
0.00678474
0.00678118
0.00677784
0.0067783
0.0067878
0.00680878
0.00684418
0.00690132
0.00699289
0.00719023
0.0071585
0.00712747
0.00709897
0.00707275
0.00704862
0.00702639
0.0070059
0.00698698
0.00696951
0.00695336
0.00693842
0.00692457
0.00691172
0.00689979
0.00688871
0.0068784
0.00686879
0.00685984
0.00685149
0.00684369
0.0068364
0.00682959
0.00682321
0.00681724
0.00681165
0.00680642
0.00680151
0.00679692
0.00679261
0.00678857
0.00678478
0.00678122
0.00677789
0.00677835
0.00678784
0.00680882
0.00684422
0.00690137
0.00699294
0.00719029
0.00715856
0.00712753
0.00709903
0.00707281
0.00704868
0.00702645
0.00700595
0.00698704
0.00696957
0.00695342
0.00693847
0.00692462
0.00691177
0.00689985
0.00688876
0.00687845
0.00686885
0.00685989
0.00685154
0.00684374
0.00683646
0.00682964
0.00682327
0.0068173
0.00681171
0.00680648
0.00680157
0.00679697
0.00679266
0.00678862
0.00678483
0.00678128
0.00677794
0.0067784
0.0067879
0.00680887
0.00684427
0.00690142
0.00699299
0.00719039
0.00715865
0.00712762
0.00709912
0.0070729
0.00704877
0.00702654
0.00700604
0.00698713
0.00696966
0.0069535
0.00693855
0.0069247
0.00691185
0.00689993
0.00688884
0.00687853
0.00686892
0.00685997
0.00685161
0.00684381
0.00683653
0.00682972
0.00682334
0.00681738
0.00681179
0.00680655
0.00680164
0.00679704
0.00679273
0.00678869
0.0067849
0.00678135
0.00677801
0.00677847
0.00678797
0.00680895
0.00684435
0.00690149
0.00699306
0.0071905
0.00715876
0.00712774
0.00709924
0.00707301
0.00704888
0.00702665
0.00700615
0.00698723
0.00696976
0.00695361
0.00693866
0.0069248
0.00691195
0.00690002
0.00688894
0.00687862
0.00686902
0.00686006
0.00685171
0.00684391
0.00683663
0.00682982
0.00682344
0.00681747
0.00681188
0.00680664
0.00680173
0.00679713
0.00679282
0.00678878
0.006785
0.00678144
0.00677811
0.00677857
0.00678806
0.00680904
0.00684444
0.00690159
0.00699315
0.00719064
0.00715891
0.00712788
0.00709938
0.00707316
0.00704902
0.00702679
0.00700629
0.00698737
0.0069699
0.00695374
0.00693879
0.00692493
0.00691209
0.00690016
0.00688907
0.00687875
0.00686914
0.00686019
0.00685183
0.00684404
0.00683675
0.00682994
0.00682356
0.00681759
0.006812
0.00680676
0.00680185
0.00679725
0.00679294
0.0067889
0.00678512
0.00678156
0.00677823
0.00677869
0.00678819
0.00680917
0.00684457
0.00690171
0.00699328
0.00719082
0.00715908
0.00712805
0.00709955
0.00707333
0.00704919
0.00702695
0.00700645
0.00698754
0.00697006
0.00695391
0.00693895
0.0069251
0.00691225
0.00690032
0.00688923
0.00687891
0.0068693
0.00686035
0.00685199
0.00684419
0.00683691
0.0068301
0.00682372
0.00681775
0.00681216
0.00680692
0.00680201
0.00679741
0.0067931
0.00678906
0.00678527
0.00678172
0.00677838
0.00677884
0.00678834
0.00680932
0.00684473
0.00690187
0.00699344
0.00719103
0.00715929
0.00712826
0.00709976
0.00707353
0.00704939
0.00702716
0.00700666
0.00698774
0.00697027
0.00695411
0.00693916
0.0069253
0.00691245
0.00690052
0.00688943
0.00687911
0.0068695
0.00686054
0.00685219
0.00684439
0.0068371
0.00683029
0.00682391
0.00681794
0.00681235
0.00680711
0.0068022
0.0067976
0.00679329
0.00678925
0.00678546
0.00678191
0.00677857
0.00677904
0.00678854
0.00680952
0.00684492
0.00690207
0.00699364
0.00719129
0.00715954
0.00712851
0.00710001
0.00707378
0.00704964
0.0070274
0.0070069
0.00698798
0.00697051
0.00695435
0.0069394
0.00692554
0.00691269
0.00690075
0.00688966
0.00687934
0.00686973
0.00686077
0.00685242
0.00684462
0.00683733
0.00683051
0.00682413
0.00681816
0.00681257
0.00680733
0.00680242
0.00679782
0.00679351
0.00678947
0.00678569
0.00678214
0.0067788
0.00677926
0.00678876
0.00680974
0.00684514
0.00690229
0.00699385
0.00719159
0.00715985
0.00712881
0.00710031
0.00707408
0.00704994
0.0070277
0.0070072
0.00698828
0.0069708
0.00695464
0.00693968
0.00692583
0.00691297
0.00690104
0.00688995
0.00687963
0.00687002
0.00686106
0.0068527
0.0068449
0.00683761
0.00683079
0.00682441
0.00681844
0.00681285
0.00680761
0.0068027
0.00679811
0.0067938
0.00678976
0.00678597
0.00678242
0.00677908
0.00677954
0.00678904
0.00681002
0.00684542
0.00690257
0.00699413
0.00719196
0.00716021
0.00712918
0.00710067
0.00707444
0.0070503
0.00702806
0.00700755
0.00698863
0.00697116
0.006955
0.00694004
0.00692618
0.00691332
0.00690139
0.0068903
0.00687998
0.00687036
0.0068614
0.00685305
0.00684524
0.00683795
0.00683114
0.00682476
0.00681879
0.00681319
0.00680795
0.00680305
0.00679845
0.00679414
0.0067901
0.00678631
0.00678276
0.00677942
0.00677988
0.00678938
0.00681036
0.00684577
0.00690292
0.00699449
0.0071924
0.00716065
0.00712961
0.0071011
0.00707486
0.00705072
0.00702848
0.00700797
0.00698905
0.00697157
0.0069554
0.00694044
0.00692658
0.00691373
0.00690179
0.0068907
0.00688037
0.00687076
0.0068618
0.00685344
0.00684563
0.00683834
0.00683152
0.00682514
0.00681917
0.00681358
0.00680834
0.00680343
0.00679883
0.00679452
0.00679048
0.00678669
0.00678314
0.0067798
0.00678025
0.00678975
0.00681073
0.00684614
0.00690329
0.00699486
0.00719285
0.00716109
0.00713004
0.00710153
0.00707529
0.00705114
0.0070289
0.00700839
0.00698946
0.00697198
0.00695582
0.00694085
0.00692699
0.00691413
0.0069022
0.0068911
0.00688078
0.00687116
0.0068622
0.00685384
0.00684603
0.00683874
0.00683192
0.00682554
0.00681956
0.00681397
0.00680873
0.00680382
0.00679922
0.00679491
0.00679087
0.00678708
0.00678352
0.00678018
0.00678064
0.00679014
0.00681111
0.00684651
0.00690366
0.00699522
0.00719289
0.00716112
0.00713007
0.00710155
0.00707531
0.00705116
0.00702891
0.0070084
0.00698947
0.00697199
0.00695582
0.00694085
0.00692699
0.00691413
0.00690219
0.0068911
0.00688077
0.00687115
0.00686219
0.00685383
0.00684602
0.00683873
0.00683191
0.00682553
0.00681955
0.00681396
0.00680872
0.00680381
0.00679921
0.00679489
0.00679085
0.00678706
0.00678351
0.00678017
0.00678063
0.00679012
0.0068111
0.0068465
0.00690365
0.00699522
0.00719062
0.00715886
0.00712782
0.0070993
0.00707306
0.00704891
0.00702667
0.00700616
0.00698723
0.00696975
0.00695359
0.00693863
0.00692476
0.00691191
0.00689998
0.00688888
0.00687856
0.00686895
0.00685999
0.00685163
0.00684383
0.00683654
0.00682972
0.00682334
0.00681737
0.00681178
0.00680655
0.00680164
0.00679704
0.00679273
0.0067887
0.00678491
0.00678135
0.00677802
0.00677848
0.00678797
0.00680895
0.00684435
0.00690149
0.00699306
0.00718107
0.00714937
0.00711838
0.00708991
0.00706372
0.00703962
0.00701742
0.00699695
0.00697806
0.00696061
0.00694448
0.00692955
0.00691571
0.00690289
0.00689098
0.00687991
0.00686961
0.00686002
0.00685108
0.00684274
0.00683496
0.00682768
0.00682088
0.00681452
0.00680857
0.00680299
0.00679777
0.00679288
0.00678829
0.006784
0.00677997
0.00677619
0.00677265
0.00676933
0.00676979
0.00677929
0.00680027
0.00683567
0.00689281
0.00698436
0.00716096
0.00712938
0.0070985
0.00707014
0.00704405
0.00702004
0.00699793
0.00697755
0.00695874
0.00694137
0.00692532
0.00691046
0.00689669
0.00688393
0.00687208
0.00686107
0.00685083
0.00684129
0.0068324
0.00682411
0.00681637
0.00680914
0.00680238
0.00679605
0.00679013
0.00678459
0.0067794
0.00677454
0.00676999
0.00676572
0.00676172
0.00675797
0.00675445
0.00675115
0.00675177
0.00676156
0.00678283
0.00681851
0.00687595
0.00696779
0.00717609
0.00713902
0.00710326
0.00707045
0.0070403
0.00701259
0.00698708
0.00696359
0.00694194
0.00692195
0.00690349
0.00688642
0.00687061
0.00685596
0.00684236
0.00682973
0.00681799
0.00680705
0.00679686
0.00678735
0.00677848
0.00677019
0.00676243
0.00675517
0.00674838
0.00674201
0.00673605
0.00673046
0.00672522
0.00672031
0.00671572
0.00671141
0.00670739
0.00670363
0.00670437
0.00671508
0.00673779
0.00677548
0.00683601
0.00693266
0.00720632
0.00716929
0.00713342
0.00710051
0.00707026
0.00704244
0.00701683
0.00699324
0.00697148
0.00695139
0.00693283
0.00691566
0.00689975
0.006885
0.00687131
0.00685858
0.00684674
0.00683571
0.00682543
0.00681583
0.00680687
0.00679849
0.00679065
0.00678331
0.00677643
0.00676998
0.00676394
0.00675827
0.00675296
0.00674798
0.00674331
0.00673894
0.00673484
0.00673101
0.00673163
0.00674212
0.00676455
0.00680193
0.00686211
0.00695846
0.00722361
0.00718663
0.00715072
0.00711776
0.00708746
0.00705958
0.00703393
0.00701028
0.00698847
0.00696833
0.00694972
0.00693249
0.00691653
0.00690172
0.00688797
0.00687519
0.00686329
0.0068522
0.00684186
0.00683221
0.00682319
0.00681475
0.00680685
0.00679945
0.00679252
0.00678602
0.00677992
0.0067742
0.00676883
0.00676379
0.00675907
0.00675464
0.0067505
0.00674662
0.00674719
0.00675765
0.00678006
0.00681742
0.00687761
0.00697397
0.00723014
0.00719321
0.0071573
0.00712433
0.00709402
0.00706615
0.00704048
0.00701683
0.00699501
0.00697485
0.00695622
0.00693898
0.006923
0.00690817
0.0068944
0.0068816
0.00686967
0.00685857
0.0068482
0.00683852
0.00682948
0.00682102
0.00681309
0.00680567
0.00679871
0.00679218
0.00678605
0.00678031
0.00677491
0.00676985
0.00676511
0.00676066
0.00675649
0.00675258
0.00675314
0.00676358
0.00678597
0.00682333
0.00688351
0.00697988
0.00723173
0.00719482
0.00715892
0.00712596
0.00709566
0.00706778
0.00704212
0.00701847
0.00699665
0.00697649
0.00695786
0.00694061
0.00692463
0.0069098
0.00689602
0.00688322
0.00687129
0.00686018
0.00684981
0.00684012
0.00683107
0.0068226
0.00681467
0.00680724
0.00680027
0.00679374
0.0067876
0.00678185
0.00677645
0.00677138
0.00676663
0.00676217
0.00675799
0.00675408
0.00675463
0.00676507
0.00678745
0.0068248
0.00688498
0.00698134
0.00723169
0.00719479
0.0071589
0.00712594
0.00709565
0.00706778
0.00704212
0.00701847
0.00699665
0.0069765
0.00695787
0.00694062
0.00692464
0.00690981
0.00689604
0.00688323
0.00687131
0.00686019
0.00684983
0.00684014
0.00683109
0.00682262
0.00681469
0.00680726
0.00680029
0.00679376
0.00678762
0.00678187
0.00677647
0.0067714
0.00676664
0.00676219
0.00675801
0.0067541
0.00675464
0.00676508
0.00678747
0.00682481
0.00688499
0.00698135
0.0072313
0.00719441
0.00715852
0.00712557
0.00709528
0.00706741
0.00704175
0.00701811
0.00699629
0.00697615
0.00695752
0.00694028
0.0069243
0.00690947
0.0068957
0.00688289
0.00687097
0.00685986
0.00684949
0.00683981
0.00683076
0.00682229
0.00681436
0.00680693
0.00679997
0.00679343
0.0067873
0.00678155
0.00677615
0.00677108
0.00676633
0.00676187
0.00675769
0.00675378
0.00675433
0.00676477
0.00678715
0.0068245
0.00688468
0.00698104
0.00723092
0.00719403
0.00715814
0.00712519
0.0070949
0.00706704
0.00704139
0.00701774
0.00699593
0.00697579
0.00695716
0.00693992
0.00692394
0.00690912
0.00689535
0.00688254
0.00687062
0.00685951
0.00684915
0.00683947
0.00683042
0.00682195
0.00681402
0.00680659
0.00679962
0.00679309
0.00678696
0.00678121
0.00677581
0.00677074
0.00676598
0.00676153
0.00675735
0.00675344
0.00675399
0.00676443
0.00678681
0.00682416
0.00688434
0.0069807
0.00723058
0.0071937
0.00715781
0.00712487
0.00709458
0.00706672
0.00704107
0.00701742
0.00699561
0.00697547
0.00695684
0.0069396
0.00692362
0.0069088
0.00689503
0.00688223
0.00687031
0.0068592
0.00684883
0.00683915
0.0068301
0.00682163
0.00681371
0.00680628
0.00679931
0.00679278
0.00678665
0.00678089
0.00677549
0.00677042
0.00676567
0.00676121
0.00675704
0.00675313
0.00675368
0.00676411
0.0067865
0.00682385
0.00688402
0.00698038
0.00723031
0.00719343
0.00715754
0.0071246
0.00709431
0.00706645
0.0070408
0.00701716
0.00699535
0.0069752
0.00695658
0.00693934
0.00692336
0.00690854
0.00689477
0.00688196
0.00687004
0.00685893
0.00684857
0.00683889
0.00682984
0.00682137
0.00681344
0.00680602
0.00679905
0.00679252
0.00678639
0.00678063
0.00677523
0.00677017
0.00676541
0.00676096
0.00675678
0.00675287
0.00675342
0.00676386
0.00678625
0.00682359
0.00688377
0.00698013
0.00723007
0.00719319
0.00715731
0.00712437
0.00709408
0.00706622
0.00704057
0.00701693
0.00699512
0.00697498
0.00695635
0.00693911
0.00692314
0.00690832
0.00689455
0.00688174
0.00686982
0.00685872
0.00684835
0.00683867
0.00682962
0.00682116
0.00681323
0.0068058
0.00679884
0.00679231
0.00678618
0.00678043
0.00677503
0.00676996
0.00676521
0.00676076
0.00675658
0.00675267
0.00675322
0.00676366
0.00678605
0.00682339
0.00688357
0.00697993
0.00722987
0.00719299
0.00715711
0.00712417
0.00709388
0.00706603
0.00704038
0.00701674
0.00699493
0.00697479
0.00695616
0.00693893
0.00692295
0.00690813
0.00689437
0.00688157
0.00686965
0.00685854
0.00684818
0.0068385
0.00682945
0.00682099
0.00681306
0.00680563
0.00679867
0.00679214
0.00678601
0.00678026
0.00677486
0.0067698
0.00676505
0.0067606
0.00675642
0.00675252
0.00675306
0.0067635
0.00678589
0.00682323
0.00688341
0.00697977
0.00722969
0.00719281
0.00715693
0.007124
0.00709371
0.00706586
0.00704021
0.00701657
0.00699476
0.00697462
0.006956
0.00693876
0.00692279
0.00690797
0.00689421
0.00688141
0.00686949
0.00685838
0.00684802
0.00683834
0.0068293
0.00682083
0.00681291
0.00680548
0.00679852
0.00679199
0.00678586
0.00678011
0.00677471
0.00676965
0.0067649
0.00676045
0.00675627
0.00675237
0.00675291
0.00676335
0.00678573
0.00682308
0.00688326
0.00697962
0.00722954
0.00719266
0.00715678
0.00712384
0.00709356
0.0070657
0.00704005
0.00701642
0.00699461
0.00697447
0.00695585
0.00693861
0.00692264
0.00690782
0.00689406
0.00688126
0.00686934
0.00685823
0.00684787
0.0068382
0.00682915
0.00682069
0.00681276
0.00680534
0.00679837
0.00679184
0.00678572
0.00677996
0.00677457
0.0067695
0.00676475
0.0067603
0.00675612
0.00675221
0.00675276
0.0067632
0.00678558
0.00682293
0.00688311
0.00697946
0.00722941
0.00719253
0.00715665
0.00712371
0.00709343
0.00706557
0.00703992
0.00701628
0.00699447
0.00697433
0.00695571
0.00693847
0.0069225
0.00690768
0.00689392
0.00688112
0.0068692
0.00685809
0.00684773
0.00683806
0.00682901
0.00682055
0.00681262
0.0068052
0.00679824
0.00679171
0.00678558
0.00677983
0.00677443
0.00676937
0.00676462
0.00676016
0.00675599
0.00675208
0.00675263
0.00676306
0.00678545
0.0068228
0.00688297
0.00697933
0.00722929
0.0071924
0.00715653
0.00712359
0.00709331
0.00706545
0.0070398
0.00701616
0.00699435
0.00697421
0.00695559
0.00693836
0.00692238
0.00690757
0.0068938
0.006881
0.00686909
0.00685798
0.00684762
0.00683794
0.0068289
0.00682044
0.00681251
0.00680509
0.00679813
0.0067916
0.00678547
0.00677972
0.00677432
0.00676926
0.0067645
0.00676005
0.00675588
0.00675197
0.00675251
0.00676295
0.00678534
0.00682268
0.00688286
0.00697921
0.00722918
0.0071923
0.00715642
0.00712348
0.0070932
0.00706535
0.0070397
0.00701606
0.00699426
0.00697412
0.0069555
0.00693826
0.00692229
0.00690747
0.00689371
0.00688091
0.00686899
0.00685789
0.00684753
0.00683785
0.00682881
0.00682034
0.00681242
0.006805
0.00679803
0.0067915
0.00678538
0.00677963
0.00677423
0.00676916
0.00676441
0.00675996
0.00675578
0.00675187
0.00675242
0.00676286
0.00678524
0.00682259
0.00688276
0.00697912
0.00722908
0.0071922
0.00715632
0.00712339
0.00709311
0.00706526
0.00703961
0.00701597
0.00699417
0.00697403
0.00695541
0.00693818
0.00692221
0.00690739
0.00689363
0.00688083
0.00686891
0.00685781
0.00684745
0.00683777
0.00682873
0.00682026
0.00681234
0.00680492
0.00679795
0.00679142
0.0067853
0.00677955
0.00677415
0.00676908
0.00676433
0.00675987
0.0067557
0.00675179
0.00675234
0.00676277
0.00678516
0.00682251
0.00688268
0.00697903
0.00722901
0.00719212
0.00715625
0.00712331
0.00709303
0.00706518
0.00703953
0.0070159
0.00699409
0.00697396
0.00695534
0.0069381
0.00692213
0.00690732
0.00689355
0.00688076
0.00686884
0.00685774
0.00684738
0.0068377
0.00682866
0.00682019
0.00681227
0.00680485
0.00679789
0.00679136
0.00678523
0.00677948
0.00677408
0.00676901
0.00676426
0.00675981
0.00675563
0.00675172
0.00675227
0.00676271
0.00678509
0.00682244
0.00688261
0.00697897
0.00722894
0.00719206
0.00715619
0.00712325
0.00709297
0.00706512
0.00703947
0.00701584
0.00699403
0.0069739
0.00695528
0.00693805
0.00692208
0.00690726
0.0068935
0.0068807
0.00686879
0.00685768
0.00684732
0.00683765
0.0068286
0.00682014
0.00681222
0.00680479
0.00679783
0.0067913
0.00678517
0.00677942
0.00677402
0.00676896
0.00676421
0.00675976
0.00675558
0.00675167
0.00675222
0.00676266
0.00678504
0.00682239
0.00688256
0.00697892
0.0072289
0.00719202
0.00715614
0.00712321
0.00709293
0.00706507
0.00703943
0.00701579
0.00699399
0.00697385
0.00695524
0.00693801
0.00692204
0.00690722
0.00689346
0.00688066
0.00686875
0.00685764
0.00684728
0.00683761
0.00682856
0.0068201
0.00681218
0.00680476
0.0067978
0.00679127
0.00678514
0.00677938
0.00677398
0.00676892
0.00676417
0.00675972
0.00675554
0.00675164
0.00675218
0.00676262
0.006785
0.00682235
0.00688252
0.00697887
0.00722888
0.007192
0.00715612
0.00712319
0.00709291
0.00706506
0.00703941
0.00701578
0.00699397
0.00697384
0.00695522
0.00693799
0.00692202
0.0069072
0.00689344
0.00688064
0.00686873
0.00685762
0.00684726
0.00683759
0.00682854
0.00682008
0.00681216
0.00680473
0.00679777
0.00679124
0.00678511
0.00677936
0.00677396
0.00676889
0.00676415
0.00675969
0.00675552
0.00675161
0.00675216
0.00676259
0.00678497
0.00682232
0.00688249
0.00697884
0.00722889
0.00719201
0.00715613
0.0071232
0.00709292
0.00706506
0.00703942
0.00701578
0.00699397
0.00697384
0.00695522
0.00693799
0.00692202
0.0069072
0.00689344
0.00688064
0.00686873
0.00685762
0.00684726
0.00683758
0.00682854
0.00682008
0.00681215
0.00680473
0.00679776
0.00679123
0.0067851
0.00677935
0.00677395
0.00676889
0.00676414
0.00675969
0.00675552
0.00675161
0.00675215
0.00676259
0.00678497
0.00682232
0.00688249
0.00697884
0.00722892
0.00719203
0.00715615
0.00712322
0.00709294
0.00706508
0.00703944
0.0070158
0.006994
0.00697386
0.00695524
0.00693801
0.00692204
0.00690722
0.00689345
0.00688066
0.00686874
0.00685764
0.00684728
0.0068376
0.00682855
0.00682009
0.00681216
0.00680474
0.00679777
0.00679124
0.00678512
0.00677937
0.00677397
0.00676891
0.00676416
0.00675971
0.00675553
0.00675163
0.00675217
0.00676261
0.006785
0.00682235
0.00688252
0.00697887
0.00722896
0.00719208
0.0071562
0.00712326
0.00709298
0.00706512
0.00703948
0.00701584
0.00699403
0.0069739
0.00695528
0.00693804
0.00692207
0.00690725
0.00689349
0.00688069
0.00686877
0.00685767
0.00684731
0.00683763
0.00682859
0.00682012
0.0068122
0.00680477
0.00679781
0.00679128
0.00678516
0.00677941
0.00677401
0.00676895
0.0067642
0.00675975
0.00675557
0.00675167
0.00675221
0.00676265
0.00678504
0.00682238
0.00688255
0.00697891
0.00722902
0.00719214
0.00715626
0.00712332
0.00709304
0.00706518
0.00703954
0.0070159
0.00699409
0.00697395
0.00695534
0.0069381
0.00692213
0.00690731
0.00689354
0.00688075
0.00686883
0.00685773
0.00684737
0.00683769
0.00682864
0.00682018
0.00681225
0.00680483
0.00679787
0.00679134
0.00678522
0.00677947
0.00677407
0.00676901
0.00676426
0.0067598
0.00675563
0.00675172
0.00675227
0.00676271
0.00678509
0.00682244
0.00688261
0.00697896
0.00722912
0.00719223
0.00715635
0.00712341
0.00709313
0.00706528
0.00703963
0.00701599
0.00699418
0.00697404
0.00695542
0.00693819
0.00692221
0.00690739
0.00689363
0.00688083
0.00686891
0.00685781
0.00684744
0.00683777
0.00682872
0.00682026
0.00681233
0.00680491
0.00679795
0.00679143
0.0067853
0.00677955
0.00677415
0.00676908
0.00676433
0.00675988
0.00675571
0.0067518
0.00675235
0.00676279
0.00678517
0.00682252
0.00688269
0.00697904
0.00722923
0.00719235
0.00715647
0.00712353
0.00709324
0.00706539
0.00703974
0.0070161
0.00699429
0.00697415
0.00695553
0.00693829
0.00692232
0.0069075
0.00689373
0.00688093
0.00686902
0.00685791
0.00684755
0.00683787
0.00682882
0.00682036
0.00681244
0.00680502
0.00679806
0.00679153
0.0067854
0.00677965
0.00677425
0.00676918
0.00676443
0.00675998
0.00675581
0.0067519
0.00675245
0.00676289
0.00678527
0.00682262
0.00688279
0.00697915
0.00722938
0.00719249
0.00715661
0.00712367
0.00709339
0.00706553
0.00703988
0.00701624
0.00699443
0.00697429
0.00695567
0.00693843
0.00692246
0.00690764
0.00689387
0.00688107
0.00686915
0.00685804
0.00684768
0.006838
0.00682895
0.00682049
0.00681257
0.00680514
0.00679818
0.00679165
0.00678552
0.00677977
0.00677437
0.0067693
0.00676455
0.0067601
0.00675593
0.00675202
0.00675257
0.00676301
0.0067854
0.00682274
0.00688292
0.00697927
0.00722956
0.00719267
0.00715679
0.00712385
0.00709356
0.0070657
0.00704005
0.00701641
0.0069946
0.00697446
0.00695584
0.0069386
0.00692262
0.0069078
0.00689403
0.00688123
0.00686931
0.0068582
0.00684784
0.00683816
0.00682911
0.00682065
0.00681273
0.0068053
0.00679834
0.00679181
0.00678568
0.00677992
0.00677452
0.00676946
0.00676471
0.00676026
0.00675608
0.00675217
0.00675272
0.00676316
0.00678555
0.0068229
0.00688307
0.00697942
0.00722977
0.00719288
0.00715699
0.00712405
0.00709377
0.0070659
0.00704025
0.00701661
0.0069948
0.00697466
0.00695604
0.0069388
0.00692282
0.006908
0.00689423
0.00688143
0.00686951
0.0068584
0.00684804
0.00683836
0.00682931
0.00682085
0.00681292
0.0068055
0.00679853
0.006792
0.00678587
0.00678012
0.00677472
0.00676965
0.0067649
0.00676045
0.00675628
0.00675237
0.00675292
0.00676336
0.00678574
0.00682309
0.00688326
0.00697961
0.00723003
0.00719314
0.00715725
0.00712431
0.00709402
0.00706616
0.00704051
0.00701686
0.00699505
0.00697491
0.00695628
0.00693904
0.00692307
0.00690824
0.00689448
0.00688167
0.00686975
0.00685864
0.00684827
0.00683859
0.00682954
0.00682108
0.00681315
0.00680572
0.00679876
0.00679223
0.0067861
0.00678035
0.00677495
0.00676988
0.00676513
0.00676068
0.0067565
0.0067526
0.00675315
0.00676358
0.00678597
0.00682332
0.00688349
0.00697984
0.00723034
0.00719344
0.00715756
0.00712461
0.00709432
0.00706646
0.0070408
0.00701716
0.00699534
0.0069752
0.00695657
0.00693933
0.00692335
0.00690853
0.00689476
0.00688195
0.00687003
0.00685892
0.00684855
0.00683887
0.00682982
0.00682136
0.00681343
0.006806
0.00679904
0.0067925
0.00678638
0.00678062
0.00677522
0.00677016
0.00676541
0.00676095
0.00675678
0.00675287
0.00675342
0.00676386
0.00678625
0.0068236
0.00688377
0.00698013
0.00723071
0.00719381
0.00715792
0.00712497
0.00709468
0.00706681
0.00704116
0.00701751
0.0069957
0.00697555
0.00695692
0.00693968
0.0069237
0.00690888
0.00689511
0.0068823
0.00687038
0.00685927
0.0068489
0.00683922
0.00683017
0.0068217
0.00681377
0.00680634
0.00679938
0.00679284
0.00678671
0.00678096
0.00677556
0.00677049
0.00676574
0.00676129
0.00675712
0.00675321
0.00675375
0.00676419
0.00678658
0.00682393
0.0068841
0.00698046
0.00723116
0.00719426
0.00715836
0.00712541
0.00709511
0.00706724
0.00704158
0.00701793
0.00699612
0.00697597
0.00695734
0.00694009
0.00692411
0.00690928
0.00689551
0.0068827
0.00687078
0.00685966
0.00684929
0.00683961
0.00683056
0.00682209
0.00681416
0.00680673
0.00679976
0.00679323
0.0067871
0.00678134
0.00677594
0.00677087
0.00676612
0.00676167
0.00675749
0.00675358
0.00675413
0.00676456
0.00678695
0.00682429
0.00688446
0.00698082
0.00723162
0.00719471
0.00715881
0.00712585
0.00709555
0.00706768
0.00704202
0.00701836
0.00699654
0.00697639
0.00695776
0.00694051
0.00692453
0.0069097
0.00689592
0.00688311
0.00687119
0.00686007
0.0068497
0.00684002
0.00683096
0.00682249
0.00681456
0.00680713
0.00680016
0.00679362
0.00678749
0.00678174
0.00677634
0.00677127
0.00676652
0.00676206
0.00675788
0.00675397
0.00675452
0.00676496
0.00678734
0.00682469
0.00688486
0.00698122
0.0072317
0.00719479
0.00715888
0.00712592
0.00709561
0.00706773
0.00704207
0.00701841
0.00699659
0.00697643
0.0069578
0.00694055
0.00692456
0.00690973
0.00689595
0.00688314
0.00687122
0.0068601
0.00684973
0.00684004
0.00683099
0.00682252
0.00681458
0.00680715
0.00680019
0.00679365
0.00678752
0.00678176
0.00677636
0.0067713
0.00676654
0.00676209
0.00675791
0.006754
0.00675454
0.00676498
0.00678736
0.00682471
0.00688489
0.00698124
0.00722952
0.00719261
0.0071567
0.00712374
0.00709344
0.00706557
0.00703991
0.00701626
0.00699444
0.00697429
0.00695565
0.00693841
0.00692242
0.0069076
0.00689382
0.00688102
0.00686909
0.00685798
0.00684761
0.00683793
0.00682888
0.00682041
0.00681248
0.00680505
0.00679809
0.00679156
0.00678543
0.00677968
0.00677428
0.00676922
0.00676447
0.00676001
0.00675584
0.00675193
0.00675248
0.00676292
0.0067853
0.00682265
0.00688282
0.00697917
0.00721992
0.00718307
0.00714722
0.00711432
0.00708408
0.00705625
0.00703064
0.00700703
0.00698526
0.00696514
0.00694655
0.00692933
0.00691338
0.00689859
0.00688484
0.00687206
0.00686017
0.00684908
0.00683874
0.00682908
0.00682005
0.0068116
0.00680369
0.00679628
0.00678933
0.00678282
0.00677671
0.00677097
0.00676559
0.00676054
0.00675581
0.00675136
0.0067472
0.00674331
0.00674386
0.0067543
0.00677669
0.00681403
0.00687419
0.00697051
0.00719909
0.00716238
0.00712666
0.00709388
0.00706374
0.00703603
0.00701052
0.00698702
0.00696534
0.00694532
0.00692681
0.00690968
0.00689381
0.00687908
0.00686541
0.00685269
0.00684086
0.00682983
0.00681954
0.00680993
0.00680095
0.00679255
0.00678469
0.00677732
0.00677041
0.00676393
0.00675785
0.00675215
0.0067468
0.00674178
0.00673707
0.00673266
0.00672852
0.00672465
0.00672538
0.00673614
0.00675882
0.00679646
0.00685693
0.00695356
0.00722837
0.00718543
0.0071441
0.0071062
0.0070714
0.00703943
0.00701002
0.00698295
0.006958
0.00693498
0.00691371
0.00689404
0.00687583
0.00685894
0.00684326
0.00682868
0.00681512
0.00680248
0.00679069
0.00677969
0.0067694
0.00675977
0.00675075
0.0067423
0.00673437
0.00672693
0.00671994
0.00671338
0.00670721
0.00670142
0.00669598
0.00669087
0.00668607
0.00668156
0.0066823
0.00669391
0.00671795
0.00675751
0.00682102
0.0069225
0.0072583
0.00721537
0.00717391
0.00713589
0.00710097
0.00706888
0.00703935
0.00701216
0.0069871
0.00696396
0.00694258
0.00692279
0.00690447
0.00688747
0.00687168
0.006857
0.00684334
0.0068306
0.00681871
0.0068076
0.00679722
0.0067875
0.00677839
0.00676985
0.00676184
0.00675431
0.00674725
0.0067406
0.00673436
0.00672849
0.00672298
0.00671779
0.00671293
0.00670836
0.00670896
0.00672032
0.00674406
0.00678329
0.00684644
0.00694759
0.00727475
0.00723185
0.00719034
0.00715226
0.00711729
0.00708513
0.00705555
0.00702831
0.00700318
0.00697999
0.00695855
0.0069387
0.00692032
0.00690326
0.00688741
0.00687268
0.00685895
0.00684615
0.0068342
0.00682304
0.00681259
0.00680281
0.00679365
0.00678505
0.00677698
0.00676939
0.00676227
0.00675557
0.00674927
0.00674335
0.00673778
0.00673254
0.00672763
0.00672301
0.00672357
0.0067349
0.00675862
0.00679784
0.00686099
0.00696217
0.00728069
0.00723783
0.00719632
0.00715824
0.00712326
0.0070911
0.00706151
0.00703425
0.00700912
0.00698591
0.00696445
0.00694459
0.00692619
0.00690911
0.00689324
0.00687848
0.00686473
0.00685191
0.00683994
0.00682875
0.00681829
0.00680848
0.00679929
0.00679066
0.00678257
0.00677496
0.00676781
0.00676108
0.00675476
0.00674881
0.00674322
0.00673796
0.00673302
0.00672837
0.00672892
0.00674024
0.00676394
0.00680315
0.0068663
0.00696748
0.00728204
0.0072392
0.0071977
0.00715963
0.00712465
0.0070925
0.00706291
0.00703565
0.00701052
0.00698731
0.00696585
0.00694599
0.00692758
0.0069105
0.00689463
0.00687987
0.00686611
0.00685329
0.00684131
0.00683012
0.00681964
0.00680983
0.00680063
0.006792
0.0067839
0.00677628
0.00676912
0.00676239
0.00675606
0.00675011
0.00674451
0.00673924
0.00673429
0.00672964
0.00673018
0.00674149
0.00676519
0.00680439
0.00686755
0.00696872
0.00728193
0.0072391
0.00719761
0.00715954
0.00712457
0.00709243
0.00706284
0.00703559
0.00701046
0.00698725
0.0069658
0.00694594
0.00692753
0.00691045
0.00689458
0.00687982
0.00686607
0.00685324
0.00684127
0.00683007
0.0068196
0.00680979
0.00680059
0.00679196
0.00678385
0.00677624
0.00676908
0.00676235
0.00675602
0.00675007
0.00674446
0.0067392
0.00673425
0.0067296
0.00673013
0.00674145
0.00676515
0.00680435
0.0068675
0.00696867
0.00728152
0.0072387
0.00719721
0.00715915
0.00712418
0.00709204
0.00706246
0.00703521
0.00701008
0.00698688
0.00696543
0.00694557
0.00692717
0.00691009
0.00689423
0.00687946
0.00686571
0.00685289
0.00684092
0.00682973
0.00681926
0.00680945
0.00680025
0.00679162
0.00678351
0.0067759
0.00676875
0.00676202
0.00675569
0.00674973
0.00674413
0.00673887
0.00673392
0.00672927
0.00672981
0.00674112
0.00676482
0.00680402
0.00686717
0.00696835
0.00728112
0.00723831
0.00719682
0.00715877
0.00712381
0.00709167
0.00706209
0.00703484
0.00700972
0.00698652
0.00696507
0.00694521
0.00692681
0.00690973
0.00689387
0.00687911
0.00686536
0.00685254
0.00684057
0.00682938
0.00681891
0.0068091
0.0067999
0.00679127
0.00678317
0.00677556
0.0067684
0.00676167
0.00675535
0.00674939
0.00674379
0.00673853
0.00673358
0.00672893
0.00672947
0.00674078
0.00676448
0.00680368
0.00686683
0.00696801
0.00728079
0.00723798
0.0071965
0.00715844
0.00712348
0.00709134
0.00706177
0.00703452
0.0070094
0.0069862
0.00696475
0.0069449
0.00692649
0.00690942
0.00689355
0.00687879
0.00686505
0.00685222
0.00684025
0.00682907
0.00681859
0.00680879
0.00679959
0.00679096
0.00678286
0.00677525
0.00676809
0.00676136
0.00675503
0.00674908
0.00674348
0.00673821
0.00673326
0.00672862
0.00672915
0.00674047
0.00676417
0.00680337
0.00686652
0.00696769
0.00728051
0.00723771
0.00719623
0.00715818
0.00712322
0.00709108
0.0070615
0.00703426
0.00700913
0.00698593
0.00696449
0.00694463
0.00692623
0.00690916
0.00689329
0.00687853
0.00686478
0.00685196
0.00683999
0.0068288
0.00681833
0.00680852
0.00679933
0.0067907
0.0067826
0.00677499
0.00676783
0.0067611
0.00675477
0.00674882
0.00674322
0.00673796
0.00673301
0.00672836
0.0067289
0.00674022
0.00676391
0.00680312
0.00686627
0.00696744
0.00728028
0.00723747
0.00719599
0.00715794
0.00712298
0.00709085
0.00706128
0.00703403
0.00700891
0.00698571
0.00696426
0.00694441
0.00692601
0.00690893
0.00689307
0.00687831
0.00686456
0.00685174
0.00683977
0.00682858
0.00681811
0.0068083
0.00679911
0.00679048
0.00678238
0.00677477
0.00676762
0.00676089
0.00675456
0.00674861
0.00674301
0.00673775
0.00673281
0.00672816
0.0067287
0.00674002
0.00676372
0.00680292
0.00686607
0.00696724
0.00728007
0.00723726
0.00719579
0.00715774
0.00712279
0.00709065
0.00706108
0.00703384
0.00700871
0.00698552
0.00696407
0.00694422
0.00692582
0.00690875
0.00689288
0.00687813
0.00686438
0.00685156
0.00683959
0.0068284
0.00681793
0.00680813
0.00679893
0.00679031
0.00678221
0.0067746
0.00676745
0.00676072
0.0067544
0.00674844
0.00674285
0.00673759
0.00673264
0.006728
0.00672854
0.00673985
0.00676355
0.00680276
0.00686591
0.00696708
0.00727989
0.00723709
0.00719561
0.00715757
0.00712261
0.00709048
0.00706091
0.00703367
0.00700855
0.00698535
0.0069639
0.00694405
0.00692566
0.00690858
0.00689272
0.00687796
0.00686422
0.0068514
0.00683943
0.00682825
0.00681778
0.00680797
0.00679878
0.00679016
0.00678206
0.00677445
0.0067673
0.00676057
0.00675425
0.0067483
0.0067427
0.00673744
0.00673249
0.00672785
0.00672839
0.0067397
0.0067634
0.0068026
0.00686575
0.00696693
0.00727974
0.00723694
0.00719547
0.00715742
0.00712246
0.00709033
0.00706076
0.00703352
0.0070084
0.0069852
0.00696375
0.0069439
0.00692551
0.00690844
0.00689257
0.00687782
0.00686407
0.00685125
0.00683929
0.0068281
0.00681763
0.00680783
0.00679864
0.00679001
0.00678191
0.00677431
0.00676715
0.00676043
0.0067541
0.00674815
0.00674256
0.0067373
0.00673235
0.0067277
0.00672824
0.00673956
0.00676325
0.00680246
0.00686561
0.00696678
0.00727961
0.00723681
0.00719533
0.00715729
0.00712233
0.0070902
0.00706063
0.00703339
0.00700826
0.00698507
0.00696362
0.00694377
0.00692537
0.0069083
0.00689244
0.00687768
0.00686394
0.00685112
0.00683915
0.00682797
0.0068175
0.0068077
0.0067985
0.00678988
0.00678178
0.00677417
0.00676702
0.0067603
0.00675397
0.00674802
0.00674243
0.00673717
0.00673222
0.00672757
0.00672811
0.00673943
0.00676313
0.00680233
0.00686548
0.00696664
0.00727949
0.00723669
0.00719521
0.00715717
0.00712221
0.00709008
0.00706051
0.00703327
0.00700815
0.00698495
0.00696351
0.00694366
0.00692526
0.00690819
0.00689232
0.00687757
0.00686382
0.00685101
0.00683904
0.00682786
0.00681739
0.00680759
0.00679839
0.00678977
0.00678167
0.00677407
0.00676692
0.00676019
0.00675387
0.00674792
0.00674232
0.00673706
0.00673211
0.00672747
0.00672801
0.00673932
0.00676302
0.00680222
0.00686537
0.00696654
0.00727938
0.00723658
0.0071951
0.00715706
0.00712211
0.00708997
0.00706041
0.00703317
0.00700805
0.00698485
0.00696341
0.00694356
0.00692516
0.00690809
0.00689223
0.00687747
0.00686373
0.00685091
0.00683895
0.00682777
0.0068173
0.00680749
0.0067983
0.00678968
0.00678158
0.00677397
0.00676683
0.0067601
0.00675378
0.00674783
0.00674223
0.00673697
0.00673202
0.00672738
0.00672791
0.00673923
0.00676293
0.00680213
0.00686528
0.00696645
0.00727929
0.00723648
0.00719501
0.00715697
0.00712201
0.00708988
0.00706031
0.00703308
0.00700796
0.00698476
0.00696332
0.00694347
0.00692508
0.00690801
0.00689215
0.00687739
0.00686365
0.00685083
0.00683887
0.00682769
0.00681722
0.00680741
0.00679822
0.0067896
0.0067815
0.00677389
0.00676675
0.00676002
0.0067537
0.00674774
0.00674215
0.00673688
0.00673194
0.00672729
0.00672783
0.00673915
0.00676284
0.00680205
0.0068652
0.00696636
0.00727921
0.00723641
0.00719493
0.00715689
0.00712194
0.00708981
0.00706024
0.007033
0.00700788
0.00698469
0.00696325
0.0069434
0.006925
0.00690793
0.00689207
0.00687732
0.00686358
0.00685076
0.0068388
0.00682761
0.00681715
0.00680734
0.00679815
0.00678953
0.00678143
0.00677383
0.00676668
0.00675995
0.00675363
0.00674767
0.00674208
0.00673682
0.00673187
0.00672722
0.00672776
0.00673908
0.00676278
0.00680198
0.00686513
0.0069663
0.00727915
0.00723635
0.00719488
0.00715683
0.00712188
0.00708975
0.00706018
0.00703294
0.00700782
0.00698463
0.00696319
0.00694334
0.00692495
0.00690788
0.00689202
0.00687726
0.00686352
0.00685071
0.00683874
0.00682756
0.00681709
0.00680729
0.0067981
0.00678947
0.00678138
0.00677377
0.00676662
0.0067599
0.00675357
0.00674762
0.00674202
0.00673676
0.00673182
0.00672717
0.00672771
0.00673903
0.00676273
0.00680193
0.00686508
0.00696625
0.00727911
0.0072363
0.00719483
0.00715679
0.00712184
0.0070897
0.00706014
0.0070329
0.00700778
0.00698459
0.00696315
0.0069433
0.00692491
0.00690784
0.00689198
0.00687723
0.00686349
0.00685067
0.00683871
0.00682752
0.00681706
0.00680725
0.00679806
0.00678944
0.00678135
0.00677374
0.00676659
0.00675986
0.00675353
0.00674758
0.00674199
0.00673673
0.00673178
0.00672714
0.00672768
0.00673899
0.00676269
0.00680189
0.00686504
0.00696621
0.0072791
0.00723629
0.00719482
0.00715677
0.00712182
0.00708969
0.00706012
0.00703288
0.00700776
0.00698457
0.00696313
0.00694329
0.00692489
0.00690782
0.00689197
0.00687721
0.00686347
0.00685066
0.00683869
0.00682751
0.00681704
0.00680724
0.00679805
0.00678943
0.00678133
0.00677372
0.00676657
0.00675984
0.00675352
0.00674757
0.00674197
0.00673671
0.00673177
0.00672712
0.00672766
0.00673897
0.00676267
0.00680187
0.00686502
0.00696619
0.00727911
0.0072363
0.00719483
0.00715678
0.00712183
0.0070897
0.00706013
0.00703289
0.00700777
0.00698458
0.00696314
0.00694329
0.0069249
0.00690783
0.00689197
0.00687722
0.00686347
0.00685066
0.0068387
0.00682751
0.00681705
0.00680725
0.00679805
0.00678943
0.00678133
0.00677372
0.00676657
0.00675984
0.00675352
0.00674757
0.00674197
0.00673671
0.00673177
0.00672712
0.00672766
0.00673898
0.00676267
0.00680188
0.00686502
0.00696619
0.00727913
0.00723632
0.00719485
0.00715681
0.00712186
0.00708972
0.00706016
0.00703292
0.0070078
0.00698461
0.00696316
0.00694332
0.00692492
0.00690785
0.00689199
0.00687724
0.0068635
0.00685068
0.00683872
0.00682753
0.00681707
0.00680726
0.00679807
0.00678944
0.00678134
0.00677373
0.00676658
0.00675986
0.00675354
0.00674759
0.00674199
0.00673673
0.00673179
0.00672714
0.00672768
0.006739
0.0067627
0.0068019
0.00686505
0.00696622
0.00727918
0.00723637
0.0071949
0.00715685
0.0071219
0.00708977
0.0070602
0.00703296
0.00700784
0.00698465
0.0069632
0.00694336
0.00692496
0.00690789
0.00689203
0.00687727
0.00686353
0.00685071
0.00683875
0.00682757
0.0068171
0.00680729
0.0067981
0.00678947
0.00678138
0.00677377
0.00676662
0.0067599
0.00675358
0.00674763
0.00674203
0.00673677
0.00673183
0.00672718
0.00672772
0.00673904
0.00676274
0.00680194
0.00686509
0.00696625
0.00727924
0.00723643
0.00719496
0.00715692
0.00712196
0.00708983
0.00706026
0.00703302
0.0070079
0.00698471
0.00696327
0.00694342
0.00692502
0.00690795
0.00689209
0.00687733
0.00686359
0.00685077
0.00683881
0.00682762
0.00681716
0.00680735
0.00679816
0.00678953
0.00678144
0.00677383
0.00676668
0.00675996
0.00675363
0.00674768
0.00674209
0.00673683
0.00673189
0.00672724
0.00672778
0.0067391
0.0067628
0.006802
0.00686515
0.00696632
0.00727933
0.00723653
0.00719505
0.00715701
0.00712205
0.00708992
0.00706035
0.00703311
0.00700799
0.0069848
0.00696336
0.00694351
0.00692511
0.00690804
0.00689217
0.00687742
0.00686367
0.00685086
0.00683889
0.0068277
0.00681723
0.00680743
0.00679824
0.00678961
0.00678152
0.00677391
0.00676676
0.00676004
0.00675371
0.00674776
0.00674217
0.00673691
0.00673197
0.00672732
0.00672787
0.00673918
0.00676288
0.00680208
0.00686523
0.0069664
0.00727945
0.00723664
0.00719517
0.00715712
0.00712217
0.00709003
0.00706046
0.00703322
0.0070081
0.0069849
0.00696346
0.00694361
0.00692522
0.00690814
0.00689228
0.00687752
0.00686378
0.00685096
0.006839
0.00682781
0.00681734
0.00680753
0.00679834
0.00678972
0.00678163
0.00677402
0.00676687
0.00676014
0.00675382
0.00674786
0.00674227
0.00673701
0.00673207
0.00672742
0.00672796
0.00673928
0.00676298
0.00680218
0.00686533
0.0069665
0.0072796
0.00723679
0.00719531
0.00715727
0.00712231
0.00709018
0.00706061
0.00703336
0.00700824
0.00698505
0.0069636
0.00694375
0.00692536
0.00690828
0.00689242
0.00687766
0.00686392
0.0068511
0.00683913
0.00682795
0.00681748
0.00680767
0.00679848
0.00678986
0.00678176
0.00677415
0.006767
0.00676027
0.00675394
0.00674799
0.0067424
0.00673713
0.00673219
0.00672755
0.00672809
0.0067394
0.0067631
0.0068023
0.00686545
0.00696662
0.00727978
0.00723697
0.00719549
0.00715745
0.00712249
0.00709035
0.00706078
0.00703354
0.00700841
0.00698522
0.00696377
0.00694392
0.00692552
0.00690845
0.00689259
0.00687783
0.00686408
0.00685126
0.0068393
0.00682811
0.00681764
0.00680783
0.00679864
0.00679002
0.00678192
0.00677431
0.00676716
0.00676043
0.0067541
0.00674815
0.00674255
0.00673729
0.00673235
0.0067277
0.00672824
0.00673956
0.00676326
0.00680246
0.0068656
0.00696677
0.00727999
0.00723718
0.0071957
0.00715765
0.00712269
0.00709055
0.00706098
0.00703374
0.00700861
0.00698542
0.00696397
0.00694412
0.00692572
0.00690865
0.00689279
0.00687803
0.00686428
0.00685146
0.00683949
0.00682831
0.00681784
0.00680803
0.00679884
0.00679021
0.00678211
0.0067745
0.00676735
0.00676062
0.0067543
0.00674835
0.00674275
0.00673748
0.00673254
0.00672789
0.00672843
0.00673975
0.00676345
0.00680265
0.0068658
0.00696697
0.00728026
0.00723744
0.00719596
0.00715791
0.00712295
0.00709081
0.00706124
0.00703399
0.00700887
0.00698567
0.00696422
0.00694437
0.00692597
0.0069089
0.00689303
0.00687827
0.00686452
0.0068517
0.00683973
0.00682855
0.00681807
0.00680827
0.00679907
0.00679045
0.00678234
0.00677473
0.00676758
0.00676085
0.00675452
0.00674857
0.00674297
0.00673771
0.00673276
0.00672812
0.00672866
0.00673997
0.00676367
0.00680288
0.00686603
0.0069672
0.00728058
0.00723776
0.00719627
0.00715822
0.00712326
0.00709111
0.00706154
0.00703429
0.00700916
0.00698596
0.00696451
0.00694466
0.00692626
0.00690918
0.00689332
0.00687856
0.00686481
0.00685199
0.00684002
0.00682883
0.00681836
0.00680855
0.00679935
0.00679072
0.00678262
0.00677501
0.00676786
0.00676113
0.0067548
0.00674885
0.00674325
0.00673799
0.00673304
0.00672839
0.00672893
0.00674025
0.00676395
0.00680315
0.0068663
0.00696747
0.00728096
0.00723813
0.00719664
0.00715858
0.00712362
0.00709147
0.00706189
0.00703464
0.00700952
0.00698631
0.00696486
0.00694501
0.00692661
0.00690953
0.00689366
0.0068789
0.00686515
0.00685233
0.00684036
0.00682917
0.0068187
0.00680889
0.00679969
0.00679106
0.00678296
0.00677535
0.00676819
0.00676146
0.00675513
0.00674918
0.00674358
0.00673832
0.00673337
0.00672872
0.00672926
0.00674058
0.00676428
0.00680348
0.00686662
0.00696779
0.00728142
0.00723859
0.00719709
0.00715903
0.00712406
0.00709191
0.00706232
0.00703507
0.00700994
0.00698674
0.00696528
0.00694542
0.00692702
0.00690994
0.00689407
0.00687931
0.00686555
0.00685273
0.00684076
0.00682956
0.00681909
0.00680928
0.00680008
0.00679145
0.00678335
0.00677573
0.00676858
0.00676185
0.00675552
0.00674956
0.00674396
0.0067387
0.00673375
0.0067291
0.00672964
0.00674096
0.00676465
0.00680386
0.00686701
0.00696817
0.00728189
0.00723906
0.00719755
0.00715948
0.00712451
0.00709236
0.00706277
0.00703552
0.00701038
0.00698717
0.00696572
0.00694586
0.00692745
0.00691037
0.0068945
0.00687973
0.00686598
0.00685315
0.00684118
0.00682998
0.00681951
0.00680969
0.00680049
0.00679186
0.00678376
0.00677614
0.00676899
0.00676225
0.00675592
0.00674997
0.00674437
0.0067391
0.00673415
0.00672951
0.00673004
0.00674136
0.00676506
0.00680426
0.00686741
0.00696858
0.00728202
0.00723917
0.00719766
0.00715959
0.00712461
0.00709245
0.00706286
0.0070356
0.00701046
0.00698725
0.00696579
0.00694593
0.00692752
0.00691044
0.00689456
0.0068798
0.00686604
0.00685321
0.00684124
0.00683004
0.00681956
0.00680975
0.00680055
0.00679192
0.00678381
0.0067762
0.00676904
0.00676231
0.00675598
0.00675002
0.00674442
0.00673916
0.00673421
0.00672956
0.0067301
0.00674142
0.00676512
0.00680432
0.00686747
0.00696864
0.00727991
0.00723707
0.00719557
0.0071575
0.00712252
0.00709037
0.00706079
0.00703353
0.0070084
0.00698519
0.00696374
0.00694388
0.00692547
0.00690839
0.00689253
0.00687776
0.00686401
0.00685119
0.00683922
0.00682803
0.00681755
0.00680775
0.00679855
0.00678992
0.00678182
0.00677421
0.00676705
0.00676033
0.006754
0.00674805
0.00674245
0.00673719
0.00673225
0.0067276
0.00672814
0.00673946
0.00676316
0.00680236
0.00686551
0.00696667
0.00727025
0.00722748
0.00718605
0.00714804
0.00711313
0.00708103
0.0070515
0.00702429
0.00699921
0.00697605
0.00695463
0.00693481
0.00691645
0.0068994
0.00688356
0.00686883
0.00685511
0.00684232
0.00683037
0.0068192
0.00680875
0.00679897
0.00678979
0.00678119
0.00677311
0.00676551
0.00675838
0.00675167
0.00674536
0.00673942
0.00673384
0.00672859
0.00672366
0.00671903
0.00671958
0.0067309
0.0067546
0.0067938
0.00685693
0.00695807
0.00724863
0.00720602
0.00716473
0.00712685
0.00709207
0.0070601
0.00703068
0.0070036
0.00697862
0.00695556
0.00693425
0.00691453
0.00689625
0.00687929
0.00686354
0.00684888
0.00683523
0.0068225
0.00681062
0.00679951
0.00678912
0.00677938
0.00677026
0.0067617
0.00675366
0.00674611
0.00673901
0.00673234
0.00672606
0.00672016
0.00671461
0.00670939
0.00670449
0.00669988
0.00670064
0.00671229
0.00673631
0.00677581
0.00683928
0.00694075
0.00729347
0.00724378
0.00719604
0.00715229
0.00711215
0.00707529
0.00704141
0.00701024
0.00698152
0.00695502
0.00693055
0.00690792
0.00688695
0.00686751
0.00684946
0.00683267
0.00681704
0.00680247
0.00678886
0.00677614
0.00676424
0.0067531
0.00674265
0.00673284
0.00672362
0.00671496
0.00670681
0.00669914
0.00669192
0.00668512
0.00667872
0.00667269
0.00666701
0.00666167
0.00666241
0.00667497
0.0067004
0.00674195
0.00680867
0.00691537
0.00732329
0.00727357
0.00722568
0.00718179
0.00714151
0.00710451
0.0070705
0.00703919
0.00701033
0.0069837
0.0069591
0.00693634
0.00691525
0.00689569
0.00687752
0.00686062
0.00684487
0.00683018
0.00681647
0.00680365
0.00679165
0.0067804
0.00676985
0.00675995
0.00675065
0.00674189
0.00673366
0.00672591
0.00671861
0.00671174
0.00670526
0.00669915
0.00669341
0.006688
0.00668859
0.00670088
0.00672599
0.00676718
0.00683353
0.00693987
0.00733898
0.00728927
0.00724132
0.00719737
0.00715702
0.00711996
0.00708588
0.0070545
0.00702558
0.00699889
0.00697423
0.00695141
0.00693026
0.00691063
0.00689239
0.00687543
0.00685962
0.00684487
0.0068311
0.00681821
0.00680615
0.00679484
0.00678423
0.00677427
0.00676491
0.0067561
0.0067478
0.00674
0.00673264
0.00672571
0.00671918
0.00671302
0.00670722
0.00670176
0.00670231
0.00671458
0.00673967
0.00678085
0.0068472
0.00695358
0.00734436
0.0072947
0.00724675
0.00720279
0.00716244
0.00712537
0.00709128
0.00705989
0.00703096
0.00700426
0.00697958
0.00695674
0.00693557
0.00691592
0.00689766
0.00688068
0.00686484
0.00685007
0.00683627
0.00682337
0.00681128
0.00679995
0.00678932
0.00677933
0.00676994
0.0067611
0.00675278
0.00674495
0.00673757
0.00673062
0.00672406
0.00671788
0.00671206
0.00670658
0.00670711
0.00671936
0.00674444
0.00678561
0.00685196
0.00695834
0.00734549
0.00729584
0.0072479
0.00720395
0.0071636
0.00712654
0.00709245
0.00706107
0.00703214
0.00700544
0.00698076
0.00695791
0.00693674
0.00691709
0.00689883
0.00688184
0.006866
0.00685123
0.00683742
0.00682451
0.00681242
0.00680108
0.00679044
0.00678044
0.00677105
0.0067622
0.00675388
0.00674604
0.00673866
0.00673169
0.00672513
0.00671895
0.00671312
0.00670763
0.00670815
0.0067204
0.00674548
0.00678665
0.006853
0.00695938
0.00734531
0.00729568
0.00724774
0.0072038
0.00716346
0.0071264
0.00709232
0.00706095
0.00703202
0.00700532
0.00698064
0.0069578
0.00693663
0.00691698
0.00689872
0.00688173
0.00686589
0.00685112
0.00683732
0.0068244
0.00681231
0.00680098
0.00679034
0.00678034
0.00677094
0.0067621
0.00675378
0.00674594
0.00673855
0.00673159
0.00672503
0.00671884
0.00671302
0.00670753
0.00670805
0.0067203
0.00674537
0.00678654
0.00685289
0.00695927
0.00734488
0.00729525
0.00724732
0.00720339
0.00716305
0.007126
0.00709192
0.00706055
0.00703163
0.00700493
0.00698026
0.00695742
0.00693625
0.00691661
0.00689835
0.00688136
0.00686553
0.00685075
0.00683695
0.00682404
0.00681196
0.00680062
0.00678998
0.00677999
0.00677059
0.00676175
0.00675343
0.00674559
0.00673821
0.00673125
0.00672469
0.0067185
0.00671267
0.00670719
0.00670771
0.00671996
0.00674503
0.0067862
0.00685256
0.00695893
0.00734447
0.00729485
0.00724693
0.007203
0.00716267
0.00712562
0.00709155
0.00706018
0.00703126
0.00700456
0.00697989
0.00695705
0.00693589
0.00691624
0.00689799
0.006881
0.00686517
0.0068504
0.0068366
0.00682369
0.00681161
0.00680027
0.00678963
0.00677964
0.00677025
0.00676141
0.00675309
0.00674525
0.00673787
0.00673091
0.00672434
0.00671816
0.00671233
0.00670684
0.00670737
0.00671961
0.00674469
0.00678586
0.00685221
0.00695859
0.00734413
0.00729452
0.00724659
0.00720267
0.00716234
0.00712529
0.00709123
0.00705986
0.00703094
0.00700425
0.00697957
0.00695674
0.00693557
0.00691593
0.00689768
0.00688069
0.00686486
0.00685009
0.00683629
0.00682338
0.00681129
0.00679996
0.00678932
0.00677933
0.00676994
0.0067611
0.00675278
0.00674494
0.00673756
0.0067306
0.00672404
0.00671785
0.00671202
0.00670653
0.00670706
0.00671931
0.00674438
0.00678555
0.0068519
0.00695827
0.00734385
0.00729424
0.00724632
0.0072024
0.00716207
0.00712503
0.00709096
0.00705959
0.00703068
0.00700399
0.00697931
0.00695648
0.00693531
0.00691567
0.00689742
0.00688043
0.0068646
0.00684983
0.00683603
0.00682312
0.00681104
0.0067997
0.00678907
0.00677907
0.00676968
0.00676084
0.00675253
0.00674469
0.0067373
0.00673034
0.00672378
0.0067176
0.00671177
0.00670629
0.00670681
0.00671906
0.00674413
0.0067853
0.00685165
0.00695802
0.00734361
0.007294
0.00724609
0.00720217
0.00716184
0.0071248
0.00709073
0.00705937
0.00703045
0.00700376
0.00697909
0.00695625
0.00693509
0.00691545
0.00689719
0.00688021
0.00686438
0.00684961
0.00683581
0.0068229
0.00681082
0.00679948
0.00678885
0.00677886
0.00676946
0.00676063
0.00675231
0.00674448
0.00673709
0.00673013
0.00672357
0.00671739
0.00671157
0.00670608
0.00670661
0.00671886
0.00674393
0.0067851
0.00685145
0.00695783
0.0073434
0.00729379
0.00724588
0.00720196
0.00716164
0.0071246
0.00709054
0.00705917
0.00703026
0.00700357
0.0069789
0.00695606
0.0069349
0.00691526
0.00689701
0.00688002
0.00686419
0.00684942
0.00683563
0.00682272
0.00681064
0.0067993
0.00678867
0.00677868
0.00676929
0.00676045
0.00675214
0.0067443
0.00673692
0.00672996
0.0067234
0.00671722
0.0067114
0.00670592
0.00670645
0.00671869
0.00674377
0.00678494
0.00685129
0.00695766
0.00734322
0.00729362
0.00724571
0.00720179
0.00716147
0.00712443
0.00709037
0.007059
0.00703009
0.0070034
0.00697873
0.0069559
0.00693474
0.0069151
0.00689684
0.00687986
0.00686403
0.00684926
0.00683547
0.00682256
0.00681048
0.00679915
0.00678851
0.00677853
0.00676913
0.0067603
0.00675198
0.00674415
0.00673677
0.00672981
0.00672325
0.00671708
0.00671125
0.00670577
0.0067063
0.00671854
0.00674362
0.00678479
0.00685114
0.00695751
0.00734308
0.00729347
0.00724556
0.00720164
0.00716132
0.00712429
0.00709022
0.00705886
0.00702994
0.00700325
0.00697858
0.00695575
0.00693459
0.00691495
0.0068967
0.00687971
0.00686389
0.00684912
0.00683532
0.00682242
0.00681034
0.00679901
0.00678837
0.00677838
0.00676899
0.00676016
0.00675184
0.00674401
0.00673663
0.00672967
0.00672312
0.00671694
0.00671111
0.00670563
0.00670616
0.0067184
0.00674348
0.00678465
0.006851
0.00695737
0.00734294
0.00729334
0.00724543
0.00720151
0.00716119
0.00712416
0.00709009
0.00705873
0.00702981
0.00700313
0.00697846
0.00695562
0.00693446
0.00691482
0.00689657
0.00687958
0.00686375
0.00684899
0.00683519
0.00682229
0.00681021
0.00679888
0.00678824
0.00677826
0.00676887
0.00676003
0.00675172
0.00674388
0.0067365
0.00672955
0.00672299
0.00671681
0.00671099
0.0067055
0.00670603
0.00671828
0.00674336
0.00678453
0.00685087
0.00695725
0.00734282
0.00729322
0.00724531
0.00720139
0.00716108
0.00712404
0.00708997
0.00705861
0.0070297
0.00700301
0.00697834
0.00695551
0.00693435
0.00691471
0.00689645
0.00687947
0.00686364
0.00684888
0.00683508
0.00682218
0.0068101
0.00679877
0.00678813
0.00677815
0.00676876
0.00675992
0.00675161
0.00674378
0.0067364
0.00672944
0.00672289
0.00671671
0.00671088
0.0067054
0.00670593
0.00671818
0.00674325
0.00678442
0.00685077
0.00695714
0.00734271
0.00729311
0.0072452
0.00720128
0.00716097
0.00712393
0.00708987
0.0070585
0.00702959
0.00700291
0.00697824
0.00695541
0.00693425
0.00691461
0.00689636
0.00687937
0.00686355
0.00684878
0.00683499
0.00682209
0.00681
0.00679868
0.00678804
0.00677806
0.00676867
0.00675983
0.00675152
0.00674369
0.00673631
0.00672936
0.0067228
0.00671662
0.0067108
0.00670531
0.00670584
0.00671809
0.00674316
0.00678433
0.00685068
0.00695705
0.00734262
0.00729302
0.00724511
0.00720119
0.00716088
0.00712384
0.00708978
0.00705841
0.0070295
0.00700282
0.00697815
0.00695532
0.00693416
0.00691452
0.00689627
0.00687929
0.00686346
0.0068487
0.00683491
0.00682201
0.00680993
0.0067986
0.00678796
0.00677798
0.00676859
0.00675976
0.00675145
0.00674361
0.00673624
0.00672928
0.00672272
0.00671654
0.00671072
0.00670523
0.00670576
0.00671801
0.00674308
0.00678425
0.0068506
0.00695697
0.00734255
0.00729294
0.00724503
0.00720112
0.0071608
0.00712376
0.0070897
0.00705834
0.00702943
0.00700274
0.00697808
0.00695525
0.00693409
0.00691445
0.0068962
0.00687922
0.0068634
0.00684863
0.00683484
0.00682194
0.00680986
0.00679853
0.0067879
0.00677791
0.00676852
0.00675969
0.00675138
0.00674355
0.00673617
0.00672921
0.00672266
0.00671648
0.00671065
0.00670517
0.00670569
0.00671794
0.00674302
0.00678419
0.00685053
0.0069569
0.00734249
0.00729289
0.00724498
0.00720106
0.00716074
0.00712371
0.00708965
0.00705828
0.00702937
0.00700269
0.00697802
0.00695519
0.00693403
0.0069144
0.00689615
0.00687917
0.00686334
0.00684858
0.00683479
0.00682188
0.0068098
0.00679847
0.00678784
0.00677786
0.00676847
0.00675964
0.00675132
0.00674349
0.00673611
0.00672916
0.0067226
0.00671642
0.0067106
0.00670511
0.00670564
0.00671789
0.00674297
0.00678414
0.00685048
0.00695685
0.00734245
0.00729285
0.00724494
0.00720102
0.0071607
0.00712366
0.0070896
0.00705824
0.00702933
0.00700264
0.00697798
0.00695515
0.00693399
0.00691436
0.00689611
0.00687913
0.00686331
0.00684854
0.00683475
0.00682185
0.00680977
0.00679844
0.00678781
0.00677782
0.00676843
0.0067596
0.00675129
0.00674346
0.00673607
0.00672912
0.00672256
0.00671638
0.00671056
0.00670508
0.00670561
0.00671786
0.00674293
0.0067841
0.00685045
0.00695682
0.00734244
0.00729283
0.00724492
0.00720101
0.00716069
0.00712365
0.00708959
0.00705823
0.00702932
0.00700263
0.00697797
0.00695514
0.00693398
0.00691435
0.0068961
0.00687912
0.00686329
0.00684853
0.00683474
0.00682184
0.00680975
0.00679843
0.0067878
0.00677781
0.00676842
0.00675959
0.00675128
0.00674344
0.00673606
0.0067291
0.00672255
0.00671637
0.00671055
0.00670506
0.00670559
0.00671784
0.00674291
0.00678408
0.00685043
0.0069568
0.00734245
0.00729285
0.00724494
0.00720102
0.0071607
0.00712366
0.0070896
0.00705824
0.00702933
0.00700264
0.00697798
0.00695515
0.00693399
0.00691436
0.00689611
0.00687913
0.0068633
0.00684854
0.00683475
0.00682185
0.00680977
0.00679844
0.00678781
0.00677782
0.00676843
0.0067596
0.00675128
0.00674345
0.00673607
0.00672911
0.00672256
0.00671638
0.00671056
0.00670507
0.0067056
0.00671785
0.00674292
0.00678409
0.00685043
0.0069568
0.00734248
0.00729287
0.00724496
0.00720104
0.00716073
0.00712369
0.00708963
0.00705827
0.00702936
0.00700267
0.00697801
0.00695518
0.00693402
0.00691438
0.00689614
0.00687915
0.00686333
0.00684857
0.00683478
0.00682188
0.0068098
0.00679847
0.00678784
0.00677785
0.00676846
0.00675962
0.00675131
0.00674347
0.00673609
0.00672914
0.00672258
0.0067164
0.00671058
0.0067051
0.00670563
0.00671787
0.00674295
0.00678412
0.00685046
0.00695683
0.00734252
0.00729292
0.00724501
0.00720109
0.00716077
0.00712374
0.00708967
0.00705831
0.0070294
0.00700272
0.00697805
0.00695522
0.00693406
0.00691443
0.00689618
0.00687919
0.00686337
0.00684861
0.00683481
0.00682192
0.00680983
0.0067985
0.00678787
0.00677788
0.00676849
0.00675966
0.00675134
0.00674351
0.00673614
0.00672918
0.00672262
0.00671644
0.00671062
0.00670514
0.00670567
0.00671792
0.00674299
0.00678416
0.00685051
0.00695688
0.00734259
0.00729298
0.00724507
0.00720116
0.00716084
0.0071238
0.00708974
0.00705837
0.00702946
0.00700278
0.00697812
0.00695529
0.00693413
0.00691449
0.00689624
0.00687926
0.00686343
0.00684867
0.00683488
0.00682198
0.00680989
0.00679856
0.00678793
0.00677794
0.00676855
0.00675972
0.00675141
0.00674357
0.00673619
0.00672924
0.00672268
0.0067165
0.00671068
0.0067052
0.00670573
0.00671798
0.00674305
0.00678422
0.00685057
0.00695694
0.00734269
0.00729308
0.00724517
0.00720125
0.00716093
0.00712389
0.00708983
0.00705847
0.00702956
0.00700287
0.00697821
0.00695538
0.00693422
0.00691458
0.00689633
0.00687934
0.00686352
0.00684875
0.00683496
0.00682206
0.00680997
0.00679864
0.006788
0.00677802
0.00676863
0.0067598
0.00675148
0.00674365
0.00673627
0.00672931
0.00672276
0.00671658
0.00671076
0.00670527
0.0067058
0.00671805
0.00674313
0.0067843
0.00685065
0.00695702
0.0073428
0.00729319
0.00724528
0.00720136
0.00716104
0.007124
0.00708994
0.00705857
0.00702966
0.00700298
0.00697831
0.00695548
0.00693432
0.00691468
0.00689643
0.00687944
0.00686362
0.00684885
0.00683506
0.00682216
0.00681007
0.00679874
0.0067881
0.00677812
0.00676873
0.0067599
0.00675158
0.00674375
0.00673637
0.00672941
0.00672286
0.00671668
0.00671086
0.00670537
0.0067059
0.00671815
0.00674323
0.00678439
0.00685074
0.00695711
0.00734295
0.00729334
0.00724543
0.00720151
0.00716119
0.00712415
0.00709008
0.00705872
0.0070298
0.00700312
0.00697845
0.00695562
0.00693446
0.00691482
0.00689657
0.00687958
0.00686376
0.00684899
0.0068352
0.00682229
0.00681021
0.00679888
0.00678824
0.00677826
0.00676887
0.00676003
0.00675172
0.00674388
0.0067365
0.00672954
0.00672299
0.00671681
0.00671098
0.0067055
0.00670603
0.00671827
0.00674335
0.00678452
0.00685086
0.00695723
0.00734314
0.00729352
0.00724561
0.00720169
0.00716137
0.00712433
0.00709026
0.00705889
0.00702998
0.00700329
0.00697862
0.00695579
0.00693463
0.00691499
0.00689674
0.00687975
0.00686393
0.00684916
0.00683536
0.00682246
0.00681037
0.00679904
0.00678841
0.00677842
0.00676903
0.0067602
0.00675188
0.00674404
0.00673666
0.0067297
0.00672315
0.00671696
0.00671114
0.00670565
0.00670618
0.00671843
0.0067435
0.00678467
0.00685102
0.00695739
0.00734335
0.00729373
0.00724582
0.00720189
0.00716157
0.00712453
0.00709046
0.00705909
0.00703018
0.00700349
0.00697882
0.00695599
0.00693483
0.00691519
0.00689694
0.00687995
0.00686412
0.00684936
0.00683556
0.00682266
0.00681057
0.00679924
0.00678861
0.00677862
0.00676923
0.00676039
0.00675207
0.00674424
0.00673686
0.0067299
0.00672334
0.00671716
0.00671133
0.00670585
0.00670637
0.00671862
0.0067437
0.00678486
0.00685121
0.00695759
0.00734362
0.007294
0.00724608
0.00720216
0.00716183
0.00712479
0.00709072
0.00705935
0.00703043
0.00700374
0.00697907
0.00695624
0.00693508
0.00691544
0.00689718
0.0068802
0.00686437
0.0068496
0.0068358
0.0068229
0.00681081
0.00679948
0.00678884
0.00677885
0.00676946
0.00676062
0.00675231
0.00674447
0.00673709
0.00673013
0.00672357
0.00671738
0.00671156
0.00670607
0.0067066
0.00671884
0.00674392
0.00678509
0.00685144
0.00695781
0.00734395
0.00729433
0.0072464
0.00720247
0.00716215
0.0071251
0.00709103
0.00705965
0.00703074
0.00700404
0.00697937
0.00695654
0.00693537
0.00691573
0.00689748
0.00688049
0.00686466
0.00684989
0.00683609
0.00682319
0.0068111
0.00679976
0.00678913
0.00677914
0.00676974
0.00676091
0.00675259
0.00674475
0.00673737
0.00673041
0.00672385
0.00671766
0.00671183
0.00670635
0.00670687
0.00671912
0.00674419
0.00678536
0.00685171
0.00695808
0.00734434
0.00729471
0.00724678
0.00720284
0.00716251
0.00712546
0.00709139
0.00706001
0.00703109
0.0070044
0.00697972
0.00695689
0.00693572
0.00691608
0.00689782
0.00688083
0.006865
0.00685023
0.00683643
0.00682353
0.00681144
0.00680011
0.00678947
0.00677948
0.00677008
0.00676124
0.00675292
0.00674509
0.0067377
0.00673074
0.00672418
0.006718
0.00671217
0.00670668
0.00670721
0.00671946
0.00674453
0.0067857
0.00685205
0.00695842
0.00734481
0.00729517
0.00724724
0.0072033
0.00716296
0.0071259
0.00709182
0.00706045
0.00703152
0.00700482
0.00698015
0.00695731
0.00693614
0.00691649
0.00689824
0.00688124
0.00686541
0.00685064
0.00683684
0.00682393
0.00681184
0.0068005
0.00678986
0.00677987
0.00677047
0.00676163
0.00675331
0.00674547
0.00673809
0.00673112
0.00672456
0.00671838
0.00671255
0.00670706
0.00670759
0.00671984
0.00674491
0.00678609
0.00685244
0.00695881
0.0073453
0.00729566
0.00724772
0.00720377
0.00716343
0.00712637
0.00709228
0.0070609
0.00703197
0.00700527
0.0069806
0.00695775
0.00693658
0.00691693
0.00689867
0.00688168
0.00686585
0.00685107
0.00683727
0.00682436
0.00681227
0.00680093
0.00679029
0.00678029
0.0067709
0.00676206
0.00675373
0.00674589
0.0067385
0.00673154
0.00672498
0.00671879
0.00671296
0.00670747
0.006708
0.00672025
0.00674532
0.00678649
0.00685284
0.00695921
0.00734547
0.00729582
0.00724787
0.00720392
0.00716357
0.0071265
0.00709241
0.00706103
0.0070321
0.00700539
0.00698071
0.00695787
0.00693669
0.00691704
0.00689878
0.00688178
0.00686595
0.00685117
0.00683737
0.00682446
0.00681236
0.00680102
0.00679038
0.00678039
0.00677099
0.00676215
0.00675383
0.00674599
0.0067386
0.00673163
0.00672507
0.00671889
0.00671306
0.00670757
0.0067081
0.00672035
0.00674542
0.00678659
0.00685294
0.00695931
0.00734346
0.00729381
0.00724586
0.00720191
0.00716157
0.00712451
0.00709042
0.00705904
0.00703012
0.00700342
0.00697874
0.0069559
0.00693473
0.00691509
0.00689683
0.00687984
0.00686401
0.00684924
0.00683544
0.00682253
0.00681044
0.00679911
0.00678848
0.00677849
0.00676909
0.00676025
0.00675194
0.0067441
0.00673671
0.00672975
0.0067232
0.00671701
0.00671119
0.00670571
0.00670623
0.00671848
0.00674356
0.00678473
0.00685108
0.00695744
0.00733373
0.00728416
0.00723629
0.00719241
0.00715213
0.00711513
0.00708111
0.00704978
0.00702091
0.00699426
0.00696963
0.00694684
0.00692571
0.00690611
0.00688789
0.00687093
0.00685513
0.00684039
0.00682662
0.00681374
0.00680168
0.00679037
0.00677976
0.0067698
0.00676042
0.00675161
0.00674331
0.00673549
0.00672813
0.00672119
0.00671464
0.00670848
0.00670267
0.0066972
0.00669774
0.00670999
0.00673507
0.00677623
0.00684256
0.0069489
0.00731124
0.00726185
0.00721413
0.00717041
0.00713027
0.00709342
0.00705953
0.00702833
0.00699959
0.00697305
0.00694854
0.00692585
0.00690483
0.00688532
0.00686719
0.00685032
0.00683461
0.00681994
0.00680625
0.00679343
0.00678144
0.00677019
0.00675963
0.00674972
0.0067404
0.00673163
0.00672337
0.00671559
0.00670827
0.00670136
0.00669485
0.00668872
0.00668294
0.0066775
0.00667827
0.00669089
0.0067163
0.00675778
0.00682447
0.00693117
0.00737326
0.00731583
0.00726072
0.00721026
0.007164
0.00712154
0.00708255
0.00704668
0.00701365
0.00698319
0.00695506
0.00692905
0.00690496
0.00688262
0.00686186
0.00684255
0.00682457
0.00680779
0.00679212
0.00677746
0.00676373
0.00675086
0.00673877
0.00672742
0.00671674
0.00670669
0.00669722
0.00668829
0.00667987
0.00667193
0.00666443
0.00665736
0.00665068
0.00664438
0.00664512
0.00665869
0.00668558
0.00672922
0.00679939
0.00691169
0.00740316
0.00734565
0.00729038
0.00723975
0.00719332
0.00715071
0.00711155
0.00707553
0.00704235
0.00701174
0.00698347
0.00695731
0.00693308
0.0069106
0.00688971
0.00687028
0.00685217
0.00683527
0.00681948
0.0068047
0.00679086
0.00677789
0.0067657
0.00675425
0.00674347
0.00673333
0.00672377
0.00671475
0.00670625
0.00669823
0.00669066
0.00668351
0.00667676
0.00667039
0.00667096
0.00668424
0.00671077
0.00675404
0.0068238
0.00693572
0.00741816
0.00736065
0.0073053
0.00725461
0.0072081
0.00716542
0.00712619
0.0070901
0.00705684
0.00702617
0.00699782
0.0069716
0.0069473
0.00692475
0.0069038
0.0068843
0.00686612
0.00684916
0.0068333
0.00681846
0.00680456
0.00679152
0.00677927
0.00676775
0.00675692
0.00674671
0.0067371
0.00672802
0.00671947
0.00671139
0.00670376
0.00669656
0.00668975
0.00668334
0.00668387
0.00669712
0.00672363
0.00676689
0.00683667
0.00694863
0.00742303
0.00736556
0.00731021
0.00725951
0.007213
0.00717031
0.00713107
0.00709497
0.0070617
0.00703101
0.00700265
0.00697641
0.00695209
0.00692952
0.00690855
0.00688902
0.00687082
0.00685383
0.00683796
0.00682309
0.00680917
0.0067961
0.00678383
0.00677229
0.00676143
0.0067512
0.00674155
0.00673246
0.00672388
0.00671577
0.00670812
0.0067009
0.00669407
0.00668763
0.00668815
0.00670138
0.00672789
0.00677114
0.00684092
0.00695289
0.00742394
0.00736649
0.00731115
0.00726046
0.00721396
0.00717127
0.00713204
0.00709594
0.00706267
0.00703198
0.00700362
0.00697738
0.00695306
0.00693049
0.0069095
0.00688998
0.00687177
0.00685478
0.00683889
0.00682403
0.0068101
0.00679702
0.00678475
0.0067732
0.00676233
0.00675209
0.00674244
0.00673334
0.00672476
0.00671665
0.00670899
0.00670176
0.00669493
0.00668848
0.00668899
0.00670222
0.00672873
0.00677198
0.00684175
0.00695372
0.0074237
0.00736626
0.00731093
0.00726025
0.00721375
0.00717107
0.00713185
0.00709575
0.00706249
0.0070318
0.00700345
0.00697721
0.00695289
0.00693032
0.00690934
0.00688981
0.00687161
0.00685461
0.00683873
0.00682386
0.00680993
0.00679686
0.00678458
0.00677304
0.00676217
0.00675193
0.00674228
0.00673318
0.00672459
0.00671649
0.00670883
0.0067016
0.00669477
0.00668832
0.00668883
0.00670206
0.00672857
0.00677182
0.00684159
0.00695356
0.00742324
0.00736581
0.00731049
0.00725981
0.00721332
0.00717065
0.00713143
0.00709534
0.00706208
0.0070314
0.00700305
0.00697681
0.00695249
0.00692993
0.00690895
0.00688942
0.00687122
0.00685423
0.00683835
0.00682349
0.00680956
0.00679649
0.00678421
0.00677267
0.0067618
0.00675157
0.00674192
0.00673282
0.00672424
0.00671613
0.00670847
0.00670124
0.00669441
0.00668797
0.00668847
0.00670171
0.00672821
0.00677146
0.00684123
0.0069532
0.00742282
0.0073654
0.00731009
0.00725941
0.00721293
0.00717026
0.00713104
0.00709496
0.00706171
0.00703103
0.00700267
0.00697644
0.00695213
0.00692956
0.00690859
0.00688906
0.00687086
0.00685388
0.006838
0.00682313
0.00680921
0.00679614
0.00678386
0.00677232
0.00676146
0.00675122
0.00674158
0.00673248
0.00672389
0.00671579
0.00670813
0.0067009
0.00669407
0.00668763
0.00668813
0.00670137
0.00672787
0.00677111
0.00684088
0.00695285
0.00742247
0.00736506
0.00730974
0.00725908
0.0072126
0.00716993
0.00713072
0.00709463
0.00706139
0.00703071
0.00700236
0.00697612
0.00695181
0.00692925
0.00690827
0.00688875
0.00687055
0.00685356
0.00683769
0.00682283
0.0068089
0.00679583
0.00678356
0.00677201
0.00676115
0.00675092
0.00674127
0.00673218
0.00672359
0.00671548
0.00670783
0.0067006
0.00669377
0.00668732
0.00668783
0.00670106
0.00672756
0.00677081
0.00684058
0.00695254
0.00742219
0.00736478
0.00730947
0.00725881
0.00721233
0.00716967
0.00713046
0.00709437
0.00706113
0.00703045
0.0070021
0.00697587
0.00695156
0.00692899
0.00690802
0.0068885
0.0068703
0.00685331
0.00683743
0.00682257
0.00680864
0.00679558
0.0067833
0.00677176
0.0067609
0.00675067
0.00674102
0.00673193
0.00672334
0.00671523
0.00670758
0.00670035
0.00669352
0.00668708
0.00668759
0.00670082
0.00672732
0.00677057
0.00684033
0.0069523
0.00742194
0.00736454
0.00730923
0.00725857
0.0072121
0.00716944
0.00713023
0.00709415
0.0070609
0.00703022
0.00700188
0.00697564
0.00695133
0.00692877
0.0069078
0.00688828
0.00687008
0.00685309
0.00683721
0.00682235
0.00680843
0.00679536
0.00678309
0.00677155
0.00676068
0.00675045
0.00674081
0.00673171
0.00672313
0.00671502
0.00670737
0.00670014
0.00669331
0.00668687
0.00668738
0.00670062
0.00672712
0.00677036
0.00684013
0.0069521
0.00742173
0.00736432
0.00730902
0.00725836
0.00721189
0.00716923
0.00713003
0.00709395
0.0070607
0.00703003
0.00700168
0.00697545
0.00695114
0.00692858
0.00690761
0.00688809
0.00686989
0.00685291
0.00683703
0.00682217
0.00680825
0.00679518
0.00678291
0.00677137
0.00676051
0.00675028
0.00674063
0.00673154
0.00672295
0.00671485
0.0067072
0.00669997
0.00669315
0.0066867
0.00668721
0.00670045
0.00672695
0.0067702
0.00683997
0.00695193
0.00742155
0.00736415
0.00730885
0.00725819
0.00721172
0.00716906
0.00712986
0.00709378
0.00706054
0.00702986
0.00700152
0.00697529
0.00695098
0.00692842
0.00690745
0.00688793
0.00686973
0.00685275
0.00683687
0.00682201
0.00680809
0.00679503
0.00678275
0.00677121
0.00676035
0.00675012
0.00674048
0.00673139
0.0067228
0.0067147
0.00670705
0.00669982
0.006693
0.00668656
0.00668707
0.0067003
0.0067268
0.00677005
0.00683982
0.00695178
0.0074214
0.007364
0.0073087
0.00725805
0.00721158
0.00716892
0.00712972
0.00709364
0.00706039
0.00702972
0.00700138
0.00697515
0.00695084
0.00692828
0.00690731
0.00688779
0.00686959
0.0068526
0.00683673
0.00682187
0.00680795
0.00679488
0.00678261
0.00677107
0.00676021
0.00674998
0.00674034
0.00673125
0.00672267
0.00671456
0.00670691
0.00669969
0.00669286
0.00668642
0.00668693
0.00670017
0.00672667
0.00676991
0.00683968
0.00695164
0.00742127
0.00736387
0.00730857
0.00725792
0.00721145
0.00716879
0.00712959
0.00709351
0.00706027
0.00702959
0.00700125
0.00697502
0.00695071
0.00692815
0.00690718
0.00688766
0.00686946
0.00685247
0.0068366
0.00682174
0.00680782
0.00679475
0.00678248
0.00677094
0.00676008
0.00674986
0.00674021
0.00673112
0.00672254
0.00671444
0.00670679
0.00669956
0.00669274
0.0066863
0.00668681
0.00670004
0.00672655
0.00676979
0.00683956
0.00695152
0.00742115
0.00736375
0.00730845
0.0072578
0.00721133
0.00716868
0.00712947
0.00709339
0.00706015
0.00702948
0.00700113
0.00697491
0.0069506
0.00692804
0.00690706
0.00688754
0.00686935
0.00685236
0.00683649
0.00682163
0.00680771
0.00679464
0.00678237
0.00677083
0.00675997
0.00674975
0.0067401
0.00673101
0.00672243
0.00671433
0.00670668
0.00669946
0.00669263
0.00668619
0.00668671
0.00669994
0.00672644
0.00676969
0.00683946
0.00695142
0.00742104
0.00736364
0.00730834
0.00725769
0.00721122
0.00716857
0.00712936
0.00709329
0.00706004
0.00702937
0.00700103
0.0069748
0.0069505
0.00692794
0.00690697
0.00688744
0.00686925
0.00685227
0.00683639
0.00682154
0.00680762
0.00679455
0.00678228
0.00677074
0.00675988
0.00674966
0.00674002
0.00673093
0.00672235
0.00671425
0.0067066
0.00669937
0.00669255
0.00668611
0.00668662
0.00669985
0.00672635
0.0067696
0.00683936
0.00695133
0.00742095
0.00736355
0.00730825
0.0072576
0.00721113
0.00716848
0.00712927
0.0070932
0.00705995
0.00702928
0.00700094
0.00697472
0.00695041
0.00692785
0.00690688
0.00688736
0.00686917
0.00685219
0.00683632
0.00682146
0.00680754
0.00679448
0.00678221
0.00677067
0.00675981
0.00674959
0.00673995
0.00673086
0.00672228
0.00671418
0.00670653
0.00669931
0.00669248
0.00668604
0.00668655
0.00669978
0.00672628
0.00676953
0.00683929
0.00695125
0.00742088
0.00736348
0.00730818
0.00725753
0.00721106
0.0071684
0.0071292
0.00709312
0.00705988
0.00702921
0.00700087
0.00697465
0.00695034
0.00692778
0.00690682
0.0068873
0.00686911
0.00685213
0.00683626
0.0068214
0.00680748
0.00679442
0.00678215
0.00677061
0.00675975
0.00674953
0.00673989
0.0067308
0.00672222
0.00671412
0.00670647
0.00669924
0.00669242
0.00668598
0.00668649
0.00669972
0.00672623
0.00676947
0.00683923
0.00695119
0.00742083
0.00736342
0.00730813
0.00725747
0.00721101
0.00716835
0.00712915
0.00709307
0.00705983
0.00702916
0.00700082
0.00697459
0.00695029
0.00692773
0.00690676
0.00688725
0.00686905
0.00685207
0.0068362
0.00682135
0.00680743
0.00679436
0.00678209
0.00677056
0.0067597
0.00674947
0.00673984
0.00673075
0.00672217
0.00671406
0.00670641
0.00669919
0.00669237
0.00668593
0.00668644
0.00669967
0.00672618
0.00676942
0.00683919
0.00695115
0.00742079
0.00736339
0.00730809
0.00725744
0.00721097
0.00716831
0.00712911
0.00709303
0.00705979
0.00702912
0.00700078
0.00697455
0.00695025
0.00692769
0.00690672
0.00688721
0.00686902
0.00685204
0.00683617
0.00682131
0.00680739
0.00679432
0.00678206
0.00677052
0.00675966
0.00674944
0.0067398
0.00673071
0.00672212
0.00671402
0.00670637
0.00669915
0.00669232
0.00668589
0.0066864
0.00669963
0.00672614
0.00676938
0.00683915
0.00695111
0.00742078
0.00736338
0.00730808
0.00725742
0.00721096
0.0071683
0.0071291
0.00709302
0.00705978
0.00702911
0.00700076
0.00697454
0.00695023
0.00692768
0.00690671
0.0068872
0.006869
0.00685202
0.00683615
0.0068213
0.00680738
0.00679431
0.00678205
0.00677051
0.00675965
0.00674943
0.00673978
0.00673069
0.00672211
0.00671401
0.00670636
0.00669913
0.00669231
0.00668587
0.00668639
0.00669962
0.00672612
0.00676937
0.00683913
0.00695109
0.0074208
0.00736339
0.00730809
0.00725744
0.00721097
0.00716831
0.00712911
0.00709303
0.00705979
0.00702912
0.00700078
0.00697455
0.00695025
0.00692769
0.00690672
0.00688721
0.00686901
0.00685203
0.00683616
0.00682131
0.00680739
0.00679433
0.00678206
0.00677053
0.00675967
0.00674944
0.0067398
0.00673071
0.00672212
0.00671402
0.00670637
0.00669915
0.00669233
0.00668589
0.0066864
0.00669963
0.00672614
0.00676938
0.00683914
0.0069511
0.00742082
0.00736341
0.00730811
0.00725746
0.00721099
0.00716834
0.00712913
0.00709306
0.00705982
0.00702915
0.00700081
0.00697458
0.00695028
0.00692772
0.00690675
0.00688724
0.00686905
0.00685207
0.0068362
0.00682134
0.00680743
0.00679437
0.0067821
0.00677056
0.0067597
0.00674947
0.00673983
0.00673073
0.00672215
0.00671405
0.0067064
0.00669918
0.00669236
0.00668592
0.00668643
0.00669967
0.00672617
0.00676941
0.00683918
0.00695114
0.00742087
0.00736346
0.00730816
0.00725751
0.00721104
0.00716839
0.00712918
0.0070931
0.00705986
0.00702919
0.00700085
0.00697463
0.00695032
0.00692777
0.0069068
0.00688728
0.00686909
0.00685211
0.00683624
0.00682139
0.00680747
0.00679441
0.00678214
0.0067706
0.00675974
0.00674951
0.00673987
0.00673078
0.0067222
0.0067141
0.00670645
0.00669922
0.0066924
0.00668596
0.00668647
0.00669971
0.00672621
0.00676946
0.00683922
0.00695118
0.00742093
0.00736353
0.00730823
0.00725758
0.00721111
0.00716845
0.00712925
0.00709317
0.00705993
0.00702926
0.00700092
0.00697469
0.00695039
0.00692783
0.00690686
0.00688735
0.00686915
0.00685217
0.0068363
0.00682145
0.00680753
0.00679447
0.0067822
0.00677066
0.0067598
0.00674957
0.00673993
0.00673084
0.00672226
0.00671416
0.00670651
0.00669928
0.00669246
0.00668602
0.00668653
0.00669976
0.00672627
0.00676951
0.00683928
0.00695124
0.00742103
0.00736363
0.00730833
0.00725767
0.0072112
0.00716855
0.00712934
0.00709326
0.00706002
0.00702935
0.00700101
0.00697479
0.00695048
0.00692792
0.00690696
0.00688744
0.00686924
0.00685226
0.00683639
0.00682154
0.00680762
0.00679455
0.00678228
0.00677074
0.00675988
0.00674965
0.00674001
0.00673092
0.00672234
0.00671423
0.00670658
0.00669935
0.00669253
0.00668609
0.0066866
0.00669984
0.00672634
0.00676959
0.00683935
0.00695131
0.00742115
0.00736374
0.00730844
0.00725779
0.00721132
0.00716866
0.00712945
0.00709337
0.00706013
0.00702946
0.00700111
0.00697489
0.00695058
0.00692802
0.00690705
0.00688753
0.00686934
0.00685236
0.00683649
0.00682163
0.00680771
0.00679464
0.00678237
0.00677083
0.00675997
0.00674975
0.00674011
0.00673101
0.00672243
0.00671433
0.00670668
0.00669945
0.00669263
0.00668619
0.0066867
0.00669993
0.00672644
0.00676968
0.00683945
0.00695141
0.0074213
0.00736389
0.00730858
0.00725793
0.00721146
0.0071688
0.00712959
0.00709351
0.00706027
0.00702959
0.00700125
0.00697502
0.00695072
0.00692816
0.00690719
0.00688767
0.00686947
0.00685249
0.00683662
0.00682176
0.00680784
0.00679477
0.0067825
0.00677096
0.0067601
0.00674988
0.00674024
0.00673114
0.00672256
0.00671446
0.0067068
0.00669958
0.00669275
0.00668631
0.00668682
0.00670006
0.00672656
0.0067698
0.00683957
0.00695153
0.00742149
0.00736408
0.00730877
0.00725811
0.00721164
0.00716898
0.00712977
0.00709369
0.00706044
0.00702977
0.00700142
0.0069752
0.00695089
0.00692833
0.00690736
0.00688784
0.00686964
0.00685266
0.00683679
0.00682193
0.006808
0.00679494
0.00678267
0.00677113
0.00676027
0.00675004
0.0067404
0.0067313
0.00672272
0.00671461
0.00670696
0.00669974
0.00669291
0.00668647
0.00668698
0.00670021
0.00672671
0.00676996
0.00683972
0.00695168
0.00742171
0.00736429
0.00730898
0.00725832
0.00721185
0.00716919
0.00712997
0.00709389
0.00706065
0.00702997
0.00700162
0.00697539
0.00695109
0.00692853
0.00690756
0.00688804
0.00686984
0.00685286
0.00683698
0.00682213
0.0068082
0.00679514
0.00678287
0.00677133
0.00676047
0.00675024
0.00674059
0.0067315
0.00672292
0.00671481
0.00670716
0.00669993
0.00669311
0.00668666
0.00668717
0.0067004
0.00672691
0.00677015
0.00683992
0.00695188
0.00742199
0.00736457
0.00730925
0.00725859
0.00721211
0.00716945
0.00713024
0.00709415
0.0070609
0.00703022
0.00700188
0.00697565
0.00695134
0.00692878
0.00690781
0.00688829
0.00687009
0.0068531
0.00683723
0.00682237
0.00680845
0.00679538
0.00678311
0.00677157
0.0067607
0.00675047
0.00674083
0.00673173
0.00672315
0.00671504
0.00670739
0.00670016
0.00669333
0.00668689
0.0066874
0.00670063
0.00672713
0.00677038
0.00684014
0.0069521
0.00742233
0.0073649
0.00730958
0.00725891
0.00721243
0.00716976
0.00713055
0.00709446
0.00706121
0.00703053
0.00700218
0.00697595
0.00695164
0.00692908
0.00690811
0.00688858
0.00687039
0.0068534
0.00683752
0.00682266
0.00680874
0.00679567
0.0067834
0.00677186
0.00676099
0.00675076
0.00674112
0.00673202
0.00672343
0.00671533
0.00670767
0.00670044
0.00669362
0.00668717
0.00668768
0.00670091
0.00672741
0.00677066
0.00684042
0.00695238
0.00742272
0.00736529
0.00730997
0.00725929
0.00721281
0.00717013
0.00713091
0.00709482
0.00706157
0.00703089
0.00700254
0.00697631
0.00695199
0.00692943
0.00690846
0.00688893
0.00687073
0.00685375
0.00683787
0.00682301
0.00680908
0.00679602
0.00678374
0.0067722
0.00676133
0.0067511
0.00674146
0.00673236
0.00672377
0.00671567
0.00670801
0.00670078
0.00669395
0.00668751
0.00668802
0.00670125
0.00672776
0.00677101
0.00684077
0.00695274
0.0074232
0.00736577
0.00731043
0.00725975
0.00721326
0.00717058
0.00713136
0.00709526
0.00706201
0.00703132
0.00700297
0.00697673
0.00695242
0.00692985
0.00690888
0.00688935
0.00687115
0.00685416
0.00683828
0.00682341
0.00680948
0.00679642
0.00678414
0.00677259
0.00676173
0.0067515
0.00674185
0.00673275
0.00672416
0.00671605
0.00670839
0.00670116
0.00669434
0.00668789
0.0066884
0.00670163
0.00672813
0.00677138
0.00684114
0.00695311
0.00742372
0.00736628
0.00731094
0.00726025
0.00721375
0.00717106
0.00713183
0.00709573
0.00706247
0.00703178
0.00700343
0.00697719
0.00695287
0.0069303
0.00690933
0.0068898
0.00687159
0.0068546
0.00683872
0.00682386
0.00680993
0.00679686
0.00678458
0.00677303
0.00676217
0.00675193
0.00674228
0.00673318
0.00672459
0.00671648
0.00670882
0.00670159
0.00669476
0.00668831
0.00668882
0.00670205
0.00672856
0.0067718
0.00684157
0.00695353
0.00742394
0.00736648
0.00731113
0.00726044
0.00721393
0.00717124
0.007132
0.0070959
0.00706263
0.00703194
0.00700358
0.00697734
0.00695302
0.00693045
0.00690947
0.00688994
0.00687173
0.00685474
0.00683885
0.00682399
0.00681006
0.00679699
0.00678471
0.00677316
0.00676229
0.00675206
0.00674241
0.00673331
0.00672472
0.00671661
0.00670895
0.00670172
0.00669489
0.00668844
0.00668895
0.00670218
0.00672869
0.00677194
0.00684171
0.00695368
0.00742201
0.00736456
0.00730921
0.00725852
0.00721202
0.00716933
0.0071301
0.007094
0.00706074
0.00703005
0.0070017
0.00697546
0.00695115
0.00692858
0.00690761
0.00688808
0.00686988
0.0068529
0.00683702
0.00682216
0.00680823
0.00679516
0.00678289
0.00677135
0.00676049
0.00675026
0.00674061
0.00673151
0.00672293
0.00671482
0.00670717
0.00669994
0.00669311
0.00668667
0.00668718
0.00670041
0.00672691
0.00677016
0.00683992
0.00695188
0.00741221
0.00735484
0.00729958
0.00724897
0.00720254
0.00715992
0.00712076
0.00708472
0.00705151
0.00702088
0.00699258
0.00696639
0.00694212
0.0069196
0.00689867
0.00687919
0.00686102
0.00684407
0.00682823
0.0068134
0.0067995
0.00678646
0.00677422
0.0067627
0.00675187
0.00674166
0.00673204
0.00672296
0.0067144
0.00670631
0.00669868
0.00669147
0.00668466
0.00667824
0.00667875
0.00669199
0.00671849
0.00676173
0.00683147
0.00694339
0.00738877
0.0073316
0.00727651
0.00722607
0.0071798
0.00713735
0.00709833
0.00706244
0.00702938
0.00699888
0.00697071
0.00694464
0.00692049
0.00689808
0.00687725
0.00685786
0.0068398
0.00682293
0.00680717
0.00679242
0.00677859
0.00676562
0.00675344
0.00674199
0.00673121
0.00672105
0.00671148
0.00670245
0.00669393
0.00668588
0.00667829
0.00667111
0.00666434
0.00665794
0.00665873
0.00667237
0.00669921
0.00674277
0.00681289
0.00692519
0.00746984
0.00740355
0.00734
0.00728186
0.00722859
0.00717974
0.0071349
0.00709368
0.00705574
0.00702076
0.00698847
0.00695862
0.00693096
0.00690532
0.00688149
0.00685932
0.00683866
0.00681938
0.00680136
0.0067845
0.00676869
0.00675385
0.00673992
0.00672681
0.00671446
0.00670283
0.00669185
0.00668149
0.00667171
0.00666246
0.00665372
0.00664545
0.00663763
0.00663024
0.00663097
0.0066456
0.00667397
0.00671981
0.00679364
0.00691193
0.0075
0.0074336
0.00736986
0.00731153
0.00725807
0.00720903
0.00716401
0.00712261
0.00708449
0.00704935
0.00701689
0.00698687
0.00695906
0.00693326
0.00690929
0.00688698
0.00686618
0.00684677
0.00682862
0.00681163
0.0067957
0.00678075
0.0067667
0.00675349
0.00674104
0.00672931
0.00671824
0.00670779
0.00669791
0.00668858
0.00667976
0.00667142
0.00666352
0.00665606
0.0066566
0.00667091
0.00669891
0.00674434
0.00681773
0.00693562
0.00751439
0.00744798
0.00738415
0.00732573
0.00727219
0.00722307
0.00717797
0.00713649
0.0070983
0.00706308
0.00703054
0.00700045
0.00697257
0.0069467
0.00692265
0.00690027
0.00687941
0.00685992
0.00684171
0.00682465
0.00680866
0.00679364
0.00677953
0.00676625
0.00675374
0.00674194
0.00673081
0.00672031
0.00671037
0.00670099
0.00669211
0.00668371
0.00667577
0.00666826
0.00666875
0.00668303
0.00671102
0.00675645
0.00682985
0.00694779
0.00751879
0.0074524
0.00738858
0.00733016
0.00727661
0.00722748
0.00718237
0.00714088
0.00710267
0.00706744
0.00703489
0.00700478
0.00697688
0.00695098
0.00692692
0.00690451
0.00688362
0.00686412
0.00684588
0.00682879
0.00681278
0.00679774
0.0067836
0.0067703
0.00675776
0.00674594
0.00673479
0.00672425
0.0067143
0.00670489
0.00669599
0.00668757
0.0066796
0.00667207
0.00667255
0.00668682
0.0067148
0.00676022
0.00683363
0.00695157
0.00751949
0.00745313
0.00738932
0.00733091
0.00727736
0.00722825
0.00718314
0.00714165
0.00710345
0.00706821
0.00703566
0.00700555
0.00697765
0.00695175
0.00692768
0.00690527
0.00688438
0.00686487
0.00684662
0.00682954
0.00681351
0.00679847
0.00678433
0.00677102
0.00675848
0.00674665
0.00673549
0.00672495
0.00671499
0.00670557
0.00669667
0.00668824
0.00668027
0.00667273
0.00667321
0.00668747
0.00671544
0.00676087
0.00683427
0.00695222
0.00751918
0.00745284
0.00738903
0.00733063
0.0072771
0.00722799
0.00718289
0.00714141
0.00710321
0.00706798
0.00703543
0.00700532
0.00697742
0.00695153
0.00692746
0.00690505
0.00688416
0.00686465
0.00684641
0.00682932
0.0068133
0.00679825
0.00678411
0.0067708
0.00675826
0.00674643
0.00673527
0.00672473
0.00671477
0.00670536
0.00669645
0.00668802
0.00668005
0.00667252
0.00667299
0.00668725
0.00671523
0.00676065
0.00683405
0.00695199
0.0075187
0.00745236
0.00738857
0.00733017
0.00727665
0.00722755
0.00718245
0.00714098
0.00710278
0.00706756
0.00703502
0.00700491
0.00697702
0.00695113
0.00692706
0.00690465
0.00688376
0.00686425
0.00684601
0.00682893
0.00681291
0.00679786
0.00678372
0.00677042
0.00675788
0.00674605
0.00673489
0.00672436
0.0067144
0.00670498
0.00669608
0.00668765
0.00667968
0.00667215
0.00667262
0.00668688
0.00671486
0.00676027
0.00683368
0.00695162
0.00751827
0.00745194
0.00738815
0.00732977
0.00727624
0.00722715
0.00718206
0.00714059
0.0071024
0.00706717
0.00703464
0.00700453
0.00697664
0.00695075
0.00692669
0.00690429
0.0068834
0.00686389
0.00684565
0.00682857
0.00681255
0.00679751
0.00678337
0.00677006
0.00675752
0.0067457
0.00673454
0.00672401
0.00671405
0.00670464
0.00669573
0.00668731
0.00667934
0.0066718
0.00667228
0.00668654
0.00671451
0.00675993
0.00683333
0.00695127
0.00751791
0.00745159
0.0073878
0.00732942
0.00727591
0.00722681
0.00718173
0.00714026
0.00710207
0.00706685
0.00703432
0.00700422
0.00697632
0.00695044
0.00692638
0.00690397
0.00688309
0.00686358
0.00684534
0.00682826
0.00681224
0.0067972
0.00678306
0.00676976
0.00675722
0.0067454
0.00673424
0.00672371
0.00671375
0.00670434
0.00669543
0.00668701
0.00667904
0.0066715
0.00667198
0.00668624
0.00671421
0.00675963
0.00683303
0.00695097
0.00751762
0.0074513
0.00738752
0.00732914
0.00727563
0.00722654
0.00718146
0.00714
0.00710181
0.00706659
0.00703406
0.00700396
0.00697607
0.00695019
0.00692612
0.00690372
0.00688284
0.00686333
0.00684509
0.00682801
0.00681199
0.00679695
0.00678281
0.00676951
0.00675697
0.00674515
0.006734
0.00672346
0.00671351
0.00670409
0.00669519
0.00668677
0.0066788
0.00667126
0.00667174
0.006686
0.00671397
0.00675939
0.00683279
0.00695072
0.00751737
0.00745105
0.00738728
0.0073289
0.00727539
0.00722631
0.00718123
0.00713977
0.00710158
0.00706637
0.00703384
0.00700374
0.00697585
0.00694997
0.00692591
0.00690351
0.00688262
0.00686312
0.00684488
0.0068278
0.00681178
0.00679674
0.0067826
0.0067693
0.00675676
0.00674494
0.00673379
0.00672325
0.0067133
0.00670388
0.00669498
0.00668656
0.00667859
0.00667106
0.00667153
0.0066858
0.00671377
0.00675918
0.00683259
0.00695052
0.00751715
0.00745084
0.00738707
0.00732869
0.00727519
0.00722611
0.00718103
0.00713957
0.00710139
0.00706617
0.00703364
0.00700355
0.00697566
0.00694978
0.00692572
0.00690332
0.00688244
0.00686293
0.0068447
0.00682762
0.0068116
0.00679656
0.00678243
0.00676912
0.00675659
0.00674477
0.00673361
0.00672308
0.00671312
0.00670371
0.00669481
0.00668639
0.00667842
0.00667089
0.00667137
0.00668563
0.0067136
0.00675902
0.00683242
0.00695035
0.00751697
0.00745066
0.00738689
0.00732852
0.00727502
0.00722594
0.00718086
0.0071394
0.00710122
0.00706601
0.00703348
0.00700338
0.0069755
0.00694962
0.00692556
0.00690316
0.00688228
0.00686278
0.00684454
0.00682746
0.00681145
0.00679641
0.00678227
0.00676897
0.00675643
0.00674462
0.00673346
0.00672293
0.00671298
0.00670356
0.00669466
0.00668624
0.00667828
0.00667074
0.00667123
0.00668549
0.00671346
0.00675888
0.00683228
0.00695021
0.00751682
0.00745051
0.00738674
0.00732838
0.00727487
0.00722579
0.00718072
0.00713926
0.00710108
0.00706587
0.00703334
0.00700324
0.00697536
0.00694948
0.00692542
0.00690302
0.00688214
0.00686263
0.0068444
0.00682732
0.0068113
0.00679627
0.00678213
0.00676883
0.0067563
0.00674448
0.00673332
0.00672279
0.00671284
0.00670343
0.00669453
0.00668611
0.00667814
0.00667061
0.00667109
0.00668535
0.00671333
0.00675874
0.00683214
0.00695008
0.00751669
0.00745038
0.00738661
0.00732825
0.00727475
0.00722567
0.00718059
0.00713914
0.00710096
0.00706574
0.00703321
0.00700312
0.00697523
0.00694935
0.00692529
0.00690289
0.00688201
0.00686251
0.00684427
0.00682719
0.00681118
0.00679614
0.006782
0.0067687
0.00675617
0.00674435
0.00673319
0.00672266
0.00671271
0.0067033
0.0066944
0.00668598
0.00667802
0.00667049
0.00667097
0.00668523
0.0067132
0.00675862
0.00683202
0.00694995
0.00751657
0.00745026
0.0073865
0.00732813
0.00727463
0.00722555
0.00718047
0.00713902
0.00710084
0.00706563
0.0070331
0.00700301
0.00697512
0.00694924
0.00692518
0.00690278
0.0068819
0.00686239
0.00684415
0.00682708
0.00681106
0.00679603
0.00678189
0.00676859
0.00675605
0.00674424
0.00673308
0.00672255
0.0067126
0.00670319
0.00669429
0.00668587
0.00667791
0.00667038
0.00667086
0.00668512
0.0067131
0.00675851
0.00683191
0.00694985
0.00751646
0.00745015
0.00738639
0.00732802
0.00727452
0.00722544
0.00718037
0.00713891
0.00710073
0.00706552
0.00703299
0.0070029
0.00697502
0.00694914
0.00692508
0.00690268
0.0068818
0.0068623
0.00684406
0.00682698
0.00681097
0.00679593
0.0067818
0.0067685
0.00675596
0.00674415
0.00673299
0.00672246
0.00671251
0.00670311
0.00669421
0.00668579
0.00667783
0.0066703
0.00667078
0.00668504
0.00671301
0.00675843
0.00683183
0.00694976
0.00751637
0.00745006
0.0073863
0.00732793
0.00727443
0.00722535
0.00718028
0.00713882
0.00710064
0.00706543
0.00703291
0.00700281
0.00697493
0.00694905
0.006925
0.0069026
0.00688172
0.00686222
0.00684399
0.00682691
0.0068109
0.00679586
0.00678173
0.00676843
0.0067559
0.00674408
0.00673293
0.0067224
0.00671245
0.00670305
0.00669415
0.00668573
0.00667777
0.00667024
0.00667072
0.00668498
0.00671295
0.00675836
0.00683176
0.00694969
0.0075163
0.00744999
0.00738623
0.00732786
0.00727436
0.00722528
0.00718021
0.00713875
0.00710057
0.00706536
0.00703284
0.00700275
0.00697487
0.00694899
0.00692493
0.00690254
0.00688166
0.00686216
0.00684393
0.00682685
0.00681084
0.00679581
0.00678168
0.00676837
0.00675584
0.00674403
0.00673288
0.00672235
0.0067124
0.006703
0.0066941
0.00668568
0.00667772
0.00667018
0.00667066
0.00668493
0.0067129
0.00675831
0.00683171
0.00694964
0.00751625
0.00744994
0.00738618
0.00732781
0.00727431
0.00722523
0.00718016
0.0071387
0.00710052
0.00706531
0.00703279
0.0070027
0.00697481
0.00694894
0.00692489
0.00690249
0.00688161
0.00686211
0.00684388
0.00682681
0.00681079
0.00679576
0.00678163
0.00676832
0.00675579
0.00674398
0.00673283
0.0067223
0.00671235
0.00670295
0.00669405
0.00668563
0.00667766
0.00667013
0.00667061
0.00668487
0.00671285
0.00675826
0.00683166
0.00694959
0.00751622
0.00744991
0.00738614
0.00732778
0.00727428
0.0072252
0.00718012
0.00713866
0.00710049
0.00706527
0.00703275
0.00700266
0.00697478
0.0069489
0.00692485
0.00690245
0.00688157
0.00686208
0.00684384
0.00682677
0.00681076
0.00679572
0.00678159
0.00676829
0.00675576
0.00674395
0.0067328
0.00672227
0.00671232
0.00670291
0.00669401
0.00668559
0.00667762
0.00667009
0.00667057
0.00668484
0.00671281
0.00675823
0.00683163
0.00694956
0.00751622
0.0074499
0.00738614
0.00732777
0.00727427
0.00722519
0.00718011
0.00713866
0.00710048
0.00706527
0.00703274
0.00700265
0.00697477
0.00694889
0.00692484
0.00690244
0.00688156
0.00686207
0.00684383
0.00682676
0.00681075
0.00679571
0.00678158
0.00676828
0.00675575
0.00674394
0.00673279
0.00672225
0.0067123
0.00670289
0.00669399
0.00668558
0.00667761
0.00667008
0.00667057
0.00668483
0.0067128
0.00675822
0.00683162
0.00694955
0.00751623
0.00744992
0.00738615
0.00732778
0.00727428
0.0072252
0.00718013
0.00713867
0.00710049
0.00706528
0.00703275
0.00700266
0.00697478
0.0069489
0.00692485
0.00690246
0.00688157
0.00686208
0.00684384
0.00682677
0.00681076
0.00679573
0.0067816
0.0067683
0.00675577
0.00674395
0.0067328
0.00672227
0.00671232
0.00670291
0.00669401
0.00668559
0.00667763
0.0066701
0.00667058
0.00668485
0.00671282
0.00675823
0.00683164
0.00694957
0.00751625
0.00744994
0.00738617
0.00732781
0.0072743
0.00722522
0.00718015
0.00713869
0.00710052
0.0070653
0.00703278
0.00700269
0.00697481
0.00694893
0.00692488
0.00690249
0.00688161
0.00686211
0.00684388
0.0068268
0.00681079
0.00679576
0.00678163
0.00676833
0.0067558
0.00674399
0.00673283
0.0067223
0.00671235
0.00670294
0.00669404
0.00668562
0.00667766
0.00667013
0.00667061
0.00668487
0.00671285
0.00675826
0.00683167
0.0069496
0.00751631
0.00744999
0.00738622
0.00732786
0.00727435
0.00722527
0.0071802
0.00713874
0.00710056
0.00706535
0.00703283
0.00700274
0.00697486
0.00694898
0.00692493
0.00690253
0.00688165
0.00686215
0.00684392
0.00682685
0.00681084
0.00679581
0.00678168
0.00676838
0.00675584
0.00674402
0.00673287
0.00672234
0.00671239
0.00670298
0.00669408
0.00668567
0.0066777
0.00667017
0.00667065
0.00668491
0.00671289
0.0067583
0.0068317
0.00694964
0.00751637
0.00745006
0.00738629
0.00732792
0.00727442
0.00722534
0.00718026
0.0071388
0.00710062
0.00706541
0.00703289
0.0070028
0.00697492
0.00694904
0.00692499
0.00690259
0.00688171
0.00686221
0.00684398
0.00682691
0.0068109
0.00679587
0.00678174
0.00676844
0.0067559
0.00674409
0.00673293
0.0067224
0.00671245
0.00670305
0.00669415
0.00668573
0.00667776
0.00667023
0.00667071
0.00668497
0.00671294
0.00675836
0.00683176
0.00694969
0.00751647
0.00745015
0.00738639
0.00732802
0.00727451
0.00722543
0.00718036
0.0071389
0.00710072
0.00706551
0.00703298
0.00700289
0.00697501
0.00694914
0.00692508
0.00690269
0.00688181
0.00686231
0.00684408
0.006827
0.00681099
0.00679596
0.00678182
0.00676852
0.00675599
0.00674417
0.00673301
0.00672248
0.00671253
0.00670312
0.00669422
0.0066858
0.00667784
0.0066703
0.00667078
0.00668505
0.00671302
0.00675843
0.00683183
0.00694976
0.00751659
0.00745027
0.00738651
0.00732814
0.00727463
0.00722555
0.00718047
0.00713901
0.00710083
0.00706562
0.00703309
0.007003
0.00697512
0.00694924
0.00692518
0.00690279
0.0068819
0.00686241
0.00684417
0.0068271
0.00681109
0.00679605
0.00678191
0.00676861
0.00675608
0.00674426
0.00673311
0.00672258
0.00671263
0.00670322
0.00669432
0.0066859
0.00667793
0.0066704
0.00667088
0.00668514
0.00671311
0.00675853
0.00683193
0.00694986
0.00751674
0.00745042
0.00738665
0.00732828
0.00727477
0.00722569
0.00718061
0.00713915
0.00710097
0.00706575
0.00703322
0.00700313
0.00697524
0.00694937
0.00692531
0.00690291
0.00688203
0.00686253
0.0068443
0.00682722
0.00681121
0.00679617
0.00678204
0.00676873
0.0067562
0.00674439
0.00673323
0.0067227
0.00671275
0.00670334
0.00669444
0.00668602
0.00667805
0.00667052
0.006671
0.00668526
0.00671323
0.00675865
0.00683205
0.00694998
0.00751694
0.00745062
0.00738684
0.00732847
0.00727496
0.00722587
0.00718079
0.00713933
0.00710115
0.00706593
0.0070334
0.0070033
0.00697542
0.00694954
0.00692548
0.00690309
0.0068822
0.0068627
0.00684447
0.00682739
0.00681138
0.00679634
0.0067822
0.0067689
0.00675637
0.00674455
0.0067334
0.00672286
0.00671291
0.0067035
0.0066946
0.00668618
0.00667821
0.00667068
0.00667116
0.00668542
0.00671339
0.00675881
0.00683221
0.00695014
0.00751716
0.00745084
0.00738706
0.00732868
0.00727517
0.00722608
0.007181
0.00713954
0.00710135
0.00706613
0.0070336
0.00700351
0.00697562
0.00694974
0.00692568
0.00690329
0.0068824
0.0068629
0.00684467
0.00682759
0.00681157
0.00679654
0.0067824
0.0067691
0.00675657
0.00674475
0.0067336
0.00672306
0.00671311
0.0067037
0.0066948
0.00668638
0.00667841
0.00667087
0.00667135
0.00668561
0.00671358
0.006759
0.0068324
0.00695033
0.00751745
0.00745111
0.00738733
0.00732895
0.00727544
0.00722635
0.00718126
0.0071398
0.00710161
0.00706639
0.00703386
0.00700376
0.00697587
0.00694999
0.00692594
0.00690354
0.00688265
0.00686315
0.00684491
0.00682783
0.00681182
0.00679678
0.00678264
0.00676934
0.00675681
0.00674499
0.00673383
0.0067233
0.00671334
0.00670393
0.00669503
0.00668661
0.00667864
0.00667111
0.00667159
0.00668585
0.00671382
0.00675923
0.00683263
0.00695056
0.0075178
0.00745146
0.00738767
0.00732928
0.00727577
0.00722667
0.00718158
0.00714011
0.00710192
0.0070667
0.00703417
0.00700407
0.00697618
0.0069503
0.00692624
0.00690384
0.00688295
0.00686345
0.00684521
0.00682813
0.00681211
0.00679707
0.00678294
0.00676963
0.0067571
0.00674528
0.00673412
0.00672359
0.00671363
0.00670422
0.00669532
0.00668689
0.00667893
0.00667139
0.00667187
0.00668613
0.0067141
0.00675952
0.00683292
0.00695086
0.0075182
0.00745186
0.00738807
0.00732967
0.00727615
0.00722705
0.00718195
0.00714048
0.00710229
0.00706706
0.00703453
0.00700443
0.00697654
0.00695065
0.00692659
0.00690419
0.0068833
0.0068638
0.00684556
0.00682847
0.00681246
0.00679742
0.00678328
0.00676998
0.00675744
0.00674562
0.00673446
0.00672393
0.00671397
0.00670456
0.00669565
0.00668723
0.00667926
0.00667172
0.0066722
0.00668646
0.00671443
0.00675985
0.00683326
0.0069512
0.0075187
0.00745235
0.00738855
0.00733014
0.00727661
0.00722751
0.00718241
0.00714093
0.00710273
0.0070675
0.00703496
0.00700486
0.00697696
0.00695108
0.00692701
0.00690461
0.00688372
0.00686421
0.00684597
0.00682888
0.00681286
0.00679782
0.00678368
0.00677038
0.00675784
0.00674602
0.00673486
0.00672432
0.00671436
0.00670495
0.00669604
0.00668762
0.00667965
0.00667211
0.00667258
0.00668684
0.00671481
0.00676023
0.00683363
0.00695156
0.00751925
0.00745289
0.00738907
0.00733066
0.00727712
0.00722801
0.0071829
0.00714141
0.00710321
0.00706798
0.00703543
0.00700532
0.00697743
0.00695154
0.00692747
0.00690507
0.00688417
0.00686466
0.00684642
0.00682933
0.00681331
0.00679827
0.00678413
0.00677082
0.00675828
0.00674646
0.0067353
0.00672476
0.0067148
0.00670538
0.00669648
0.00668805
0.00668008
0.00667254
0.00667302
0.00668728
0.00671525
0.00676066
0.00683407
0.00695201
0.00751952
0.00745314
0.00738932
0.0073309
0.00727735
0.00722823
0.00718311
0.00714162
0.00710341
0.00706817
0.00703562
0.00700551
0.00697761
0.00695171
0.00692765
0.00690524
0.00688434
0.00686483
0.00684658
0.0068295
0.00681347
0.00679843
0.00678429
0.00677098
0.00675844
0.00674661
0.00673545
0.00672491
0.00671495
0.00670554
0.00669663
0.0066882
0.00668023
0.00667269
0.00667317
0.00668743
0.00671539
0.00676081
0.00683422
0.00695216
0.00751769
0.00745131
0.00738749
0.00732907
0.00727553
0.00722641
0.0071813
0.00713981
0.0071016
0.00706637
0.00703382
0.00700372
0.00697582
0.00694994
0.00692587
0.00690347
0.00688259
0.00686308
0.00684484
0.00682776
0.00681174
0.00679671
0.00678257
0.00676927
0.00675673
0.00674491
0.00673376
0.00672322
0.00671327
0.00670386
0.00669495
0.00668653
0.00667857
0.00667103
0.0066715
0.00668576
0.00671373
0.00675914
0.00683254
0.00695047
0.0075078
0.00744152
0.00737779
0.00731946
0.007266
0.00721696
0.00717192
0.0071305
0.00709236
0.00705719
0.0070247
0.00699465
0.0069668
0.00694096
0.00691695
0.00689459
0.00687374
0.00685427
0.00683607
0.00681903
0.00680304
0.00678804
0.00677393
0.00676066
0.00674815
0.00673636
0.00672523
0.00671472
0.00670479
0.0066954
0.00668652
0.00667812
0.00667018
0.00666266
0.00666314
0.00667741
0.00670537
0.00675078
0.00682415
0.00694204
0.0074833
0.00741724
0.00735371
0.00729557
0.0072423
0.00719344
0.00714857
0.00710732
0.00706934
0.00703432
0.00700198
0.00697207
0.00694435
0.00691864
0.00689474
0.00687249
0.00685175
0.00683239
0.00681428
0.00679732
0.00678142
0.0067665
0.00675246
0.00673926
0.00672682
0.00671509
0.00670402
0.00669356
0.00668368
0.00667433
0.0066655
0.00665714
0.00664923
0.00664175
0.00664256
0.00665726
0.00668558
0.00673133
0.00680511
0.0069234
0.00758556
0.00750917
0.00743598
0.00736907
0.0073078
0.00725166
0.00720016
0.00715285
0.00710932
0.0070692
0.00703218
0.00699796
0.00696627
0.00693687
0.00690956
0.00688415
0.00686045
0.00683834
0.00681765
0.00679828
0.00678011
0.00676305
0.006747
0.00673189
0.00671765
0.00670422
0.00669153
0.00667953
0.00666819
0.00665745
0.00664728
0.00663766
0.00662854
0.0066199
0.00662059
0.00663631
0.0066662
0.00671432
0.00679201
0.00691668
0.00761618
0.00753964
0.00746624
0.0073991
0.00733762
0.00728126
0.00722955
0.00718203
0.0071383
0.007098
0.00706079
0.00702638
0.00699452
0.00696495
0.00693748
0.0069119
0.00688806
0.00686579
0.00684496
0.00682546
0.00680716
0.00678997
0.0067738
0.00675858
0.00674423
0.00673069
0.0067179
0.0067058
0.00669437
0.00668354
0.00667329
0.00666358
0.00665438
0.00664567
0.00664616
0.00666152
0.00669101
0.0067387
0.00681593
0.00694016
0.00763003
0.00755346
0.00747996
0.00741273
0.00735115
0.00729471
0.00724291
0.0071953
0.00715149
0.0071111
0.00707381
0.00703932
0.00700738
0.00697773
0.00695018
0.00692453
0.00690061
0.00687827
0.00685738
0.0068378
0.00681943
0.00680217
0.00678594
0.00677065
0.00675624
0.00674264
0.00672978
0.00671763
0.00670614
0.00669525
0.00668495
0.00667518
0.00666593
0.00665716
0.00665761
0.00667295
0.00670242
0.00675011
0.00682736
0.00695165
0.00763398
0.00755744
0.00748394
0.00741671
0.00735512
0.00729867
0.00724686
0.00719924
0.00715541
0.00711501
0.0070777
0.0070432
0.00701123
0.00698157
0.00695399
0.00692832
0.00690438
0.00688202
0.00686109
0.00684149
0.0068231
0.00680582
0.00678956
0.00677425
0.00675982
0.00674619
0.00673331
0.00672113
0.00670961
0.00669871
0.00668838
0.00667859
0.00666932
0.00666053
0.00666096
0.00667629
0.00670576
0.00675344
0.00683069
0.00695499
0.00763449
0.00755798
0.00748449
0.00741727
0.00735569
0.00729925
0.00724744
0.00719983
0.00715601
0.0071156
0.0070783
0.00704379
0.00701183
0.00698216
0.00695459
0.00692891
0.00690496
0.00688259
0.00686167
0.00684206
0.00682366
0.00680638
0.00679012
0.0067748
0.00676036
0.00674672
0.00673384
0.00672166
0.00671013
0.00669922
0.00668888
0.00667909
0.00666981
0.00666102
0.00666145
0.00667677
0.00670623
0.00675391
0.00683116
0.00695546
0.00763412
0.00755762
0.00748414
0.00741693
0.00735537
0.00729893
0.00724714
0.00719953
0.00715571
0.00711532
0.00707801
0.00704351
0.00701155
0.00698189
0.00695431
0.00692864
0.00690469
0.00688233
0.0068614
0.00684179
0.0068234
0.00680611
0.00678985
0.00677453
0.00676009
0.00674645
0.00673357
0.00672139
0.00670986
0.00669895
0.00668862
0.00667883
0.00666955
0.00666076
0.00666118
0.0066765
0.00670597
0.00675365
0.00683089
0.00695518
0.00763361
0.00755712
0.00748366
0.00741645
0.0073549
0.00729847
0.00724668
0.00719908
0.00715527
0.00711488
0.00707758
0.00704309
0.00701113
0.00698147
0.0069539
0.00692822
0.00690428
0.00688192
0.00686099
0.00684139
0.00682299
0.00680571
0.00678945
0.00677413
0.00675969
0.00674606
0.00673317
0.006721
0.00670947
0.00669856
0.00668823
0.00667844
0.00666917
0.00666038
0.0066608
0.00667612
0.00670559
0.00675327
0.00683051
0.0069548
0.00763317
0.00755669
0.00748323
0.00741603
0.00735448
0.00729806
0.00724628
0.00719868
0.00715487
0.00711449
0.00707719
0.0070427
0.00701075
0.00698109
0.00695352
0.00692785
0.00690391
0.00688155
0.00686062
0.00684102
0.00682263
0.00680535
0.00678909
0.00677377
0.00675933
0.0067457
0.00673282
0.00672064
0.00670912
0.00669821
0.00668788
0.00667809
0.00666882
0.00666003
0.00666046
0.00667578
0.00670524
0.00675292
0.00683017
0.00695445
0.0076328
0.00755632
0.00748287
0.00741568
0.00735413
0.00729772
0.00724594
0.00719835
0.00715454
0.00711416
0.00707687
0.00704238
0.00701043
0.00698077
0.00695321
0.00692754
0.0069036
0.00688124
0.00686032
0.00684072
0.00682232
0.00680504
0.00678878
0.00677347
0.00675903
0.0067454
0.00673252
0.00672034
0.00670882
0.00669792
0.00668758
0.0066778
0.00666852
0.00665973
0.00666016
0.00667548
0.00670495
0.00675262
0.00682987
0.00695415
0.00763249
0.00755602
0.00748258
0.00741539
0.00735385
0.00729744
0.00724567
0.00719808
0.00715428
0.0071139
0.00707661
0.00704213
0.00701017
0.00698052
0.00695296
0.00692729
0.00690335
0.00688099
0.00686007
0.00684047
0.00682208
0.0068048
0.00678854
0.00677323
0.00675879
0.00674516
0.00673228
0.0067201
0.00670858
0.00669768
0.00668734
0.00667756
0.00666828
0.00665949
0.00665992
0.00667524
0.00670471
0.00675239
0.00682963
0.00695391
0.00763223
0.00755577
0.00748233
0.00741515
0.00735361
0.0072972
0.00724543
0.00719785
0.00715405
0.00711367
0.00707639
0.0070419
0.00700995
0.0069803
0.00695274
0.00692708
0.00690314
0.00688078
0.00685987
0.00684026
0.00682187
0.00680459
0.00678834
0.00677302
0.00675858
0.00674495
0.00673208
0.0067199
0.00670838
0.00669747
0.00668714
0.00667735
0.00666808
0.00665929
0.00665972
0.00667504
0.00670451
0.00675218
0.00682943
0.00695371
0.00763201
0.00755555
0.00748211
0.00741493
0.0073534
0.007297
0.00724523
0.00719765
0.00715385
0.00711348
0.0070762
0.00704171
0.00700976
0.00698011
0.00695255
0.00692689
0.00690296
0.0068806
0.00685969
0.00684009
0.0068217
0.00680442
0.00678816
0.00677285
0.00675841
0.00674478
0.0067319
0.00671973
0.00670821
0.0066973
0.00668697
0.00667719
0.00666791
0.00665913
0.00665956
0.00667488
0.00670434
0.00675202
0.00682927
0.00695355
0.00763183
0.00755537
0.00748193
0.00741476
0.00735323
0.00729683
0.00724506
0.00719748
0.00715369
0.00711331
0.00707603
0.00704155
0.0070096
0.00697995
0.00695239
0.00692673
0.0069028
0.00688045
0.00685953
0.00683993
0.00682154
0.00680426
0.00678801
0.0067727
0.00675826
0.00674463
0.00673176
0.00671958
0.00670806
0.00669716
0.00668683
0.00667704
0.00666777
0.00665899
0.00665942
0.00667474
0.0067042
0.00675188
0.00682913
0.00695341
0.00763168
0.00755522
0.00748178
0.00741461
0.00735308
0.00729668
0.00724492
0.00719734
0.00715355
0.00711317
0.00707589
0.00704141
0.00700947
0.00697982
0.00695226
0.0069266
0.00690266
0.00688031
0.00685939
0.00683979
0.00682141
0.00680413
0.00678787
0.00677256
0.00675813
0.0067445
0.00673162
0.00671945
0.00670793
0.00669702
0.00668669
0.00667691
0.00666764
0.00665885
0.00665928
0.0066746
0.00670407
0.00675175
0.00682899
0.00695327
0.00763154
0.00755508
0.00748165
0.00741448
0.00735296
0.00729656
0.00724479
0.00719722
0.00715342
0.00711305
0.00707577
0.00704129
0.00700935
0.0069797
0.00695214
0.00692647
0.00690254
0.00688018
0.00685927
0.00683967
0.00682128
0.006804
0.00678775
0.00677244
0.006758
0.00674437
0.0067315
0.00671932
0.0067078
0.0066969
0.00668657
0.00667678
0.00666751
0.00665873
0.00665916
0.00667448
0.00670395
0.00675162
0.00682887
0.00695315
0.00763142
0.00755497
0.00748154
0.00741437
0.00735284
0.00729644
0.00724468
0.0071971
0.00715331
0.00711294
0.00707566
0.00704118
0.00700923
0.00697958
0.00695202
0.00692636
0.00690243
0.00688007
0.00685915
0.00683955
0.00682117
0.00680389
0.00678764
0.00677232
0.00675789
0.00674426
0.00673138
0.00671921
0.00670769
0.00669678
0.00668646
0.00667667
0.0066674
0.00665862
0.00665905
0.00667437
0.00670384
0.00675152
0.00682876
0.00695304
0.00763132
0.00755486
0.00748143
0.00741426
0.00735273
0.00729633
0.00724457
0.00719699
0.0071532
0.00711283
0.00707555
0.00704107
0.00700913
0.00697948
0.00695192
0.00692626
0.00690233
0.00687997
0.00685906
0.00683946
0.00682107
0.0068038
0.00678754
0.00677223
0.00675779
0.00674416
0.00673129
0.00671912
0.0067076
0.0066967
0.00668637
0.00667659
0.00666732
0.00665854
0.00665897
0.00667429
0.00670376
0.00675143
0.00682868
0.00695295
0.00763123
0.00755478
0.00748134
0.00741417
0.00735265
0.00729625
0.00724448
0.00719691
0.00715312
0.00711274
0.00707547
0.00704099
0.00700904
0.0069794
0.00695184
0.00692618
0.00690225
0.00687989
0.00685898
0.00683938
0.006821
0.00680372
0.00678747
0.00677216
0.00675772
0.0067441
0.00673122
0.00671905
0.00670754
0.00669664
0.00668631
0.00667653
0.00666726
0.00665848
0.00665891
0.00667423
0.00670369
0.00675137
0.00682861
0.00695289
0.00763116
0.00755471
0.00748127
0.0074141
0.00735258
0.00729618
0.00724441
0.00719684
0.00715305
0.00711267
0.0070754
0.00704092
0.00700897
0.00697933
0.00695177
0.00692612
0.00690219
0.00687984
0.00685892
0.00683933
0.00682095
0.00680367
0.00678742
0.00677211
0.00675767
0.00674405
0.00673117
0.006719
0.00670749
0.00669659
0.00668626
0.00667648
0.00666721
0.00665843
0.00665886
0.00667418
0.00670364
0.00675132
0.00682856
0.00695284
0.00763111
0.00755465
0.00748122
0.00741405
0.00735253
0.00729613
0.00724436
0.00719679
0.007153
0.00711263
0.00707535
0.00704087
0.00700893
0.00697928
0.00695173
0.00692607
0.00690214
0.00687979
0.00685888
0.00683928
0.0068209
0.00680362
0.00678737
0.00677206
0.00675763
0.006744
0.00673113
0.00671896
0.00670745
0.00669655
0.00668622
0.00667643
0.00666716
0.00665838
0.00665881
0.00667413
0.0067036
0.00675127
0.00682851
0.00695279
0.00763109
0.00755463
0.0074812
0.00741402
0.0073525
0.0072961
0.00724433
0.00719676
0.00715296
0.00711259
0.00707531
0.00704083
0.00700889
0.00697925
0.00695169
0.00692603
0.00690211
0.00687976
0.00685884
0.00683925
0.00682087
0.00680359
0.00678734
0.00677203
0.0067576
0.00674398
0.0067311
0.00671893
0.00670742
0.00669651
0.00668619
0.0066764
0.00666713
0.00665835
0.00665878
0.0066741
0.00670357
0.00675124
0.00682848
0.00695276
0.00763108
0.00755462
0.00748119
0.00741402
0.00735249
0.00729609
0.00724433
0.00719675
0.00715296
0.00711259
0.00707531
0.00704083
0.00700888
0.00697924
0.00695169
0.00692603
0.0069021
0.00687975
0.00685884
0.00683924
0.00682086
0.00680358
0.00678733
0.00677202
0.00675759
0.00674397
0.0067311
0.00671892
0.00670741
0.0066965
0.00668617
0.00667639
0.00666712
0.00665834
0.00665877
0.00667409
0.00670356
0.00675124
0.00682848
0.00695276
0.0076311
0.00755464
0.00748121
0.00741403
0.00735251
0.00729611
0.00724434
0.00719676
0.00715297
0.0071126
0.00707532
0.00704084
0.00700889
0.00697925
0.00695169
0.00692604
0.00690211
0.00687976
0.00685884
0.00683925
0.00682086
0.00680359
0.00678734
0.00677203
0.0067576
0.00674398
0.0067311
0.00671893
0.00670742
0.00669651
0.00668619
0.0066764
0.00666713
0.00665835
0.00665878
0.00667411
0.00670357
0.00675125
0.00682849
0.00695277
0.00763113
0.00755466
0.00748123
0.00741406
0.00735253
0.00729613
0.00724436
0.00719679
0.00715299
0.00711262
0.00707534
0.00704086
0.00700892
0.00697927
0.00695172
0.00692606
0.00690213
0.00687978
0.00685887
0.00683927
0.00682089
0.00680362
0.00678737
0.00677207
0.00675764
0.00674401
0.00673114
0.00671896
0.00670745
0.00669654
0.00668622
0.00667643
0.00666716
0.00665838
0.00665881
0.00667413
0.0067036
0.00675128
0.00682852
0.0069528
0.00763118
0.00755472
0.00748128
0.00741411
0.00735258
0.00729618
0.00724441
0.00719684
0.00715304
0.00711267
0.00707539
0.00704091
0.00700897
0.00697932
0.00695177
0.00692611
0.00690218
0.00687983
0.00685892
0.00683932
0.00682094
0.00680367
0.00678742
0.00677212
0.00675768
0.00674405
0.00673118
0.006719
0.00670749
0.00669659
0.00668626
0.00667648
0.00666721
0.00665842
0.00665885
0.00667417
0.00670364
0.00675132
0.00682856
0.00695284
0.00763124
0.00755478
0.00748135
0.00741417
0.00735264
0.00729624
0.00724447
0.00719689
0.0071531
0.00711273
0.00707545
0.00704097
0.00700902
0.00697938
0.00695183
0.00692617
0.00690224
0.00687989
0.00685897
0.00683938
0.006821
0.00680373
0.00678748
0.00677217
0.00675774
0.00674411
0.00673124
0.00671907
0.00670755
0.00669665
0.00668632
0.00667654
0.00666726
0.00665848
0.00665891
0.00667423
0.0067037
0.00675137
0.00682862
0.00695289
0.00763133
0.00755487
0.00748144
0.00741426
0.00735274
0.00729633
0.00724457
0.00719699
0.00715319
0.00711282
0.00707554
0.00704106
0.00700912
0.00697947
0.00695192
0.00692626
0.00690233
0.00687998
0.00685907
0.00683947
0.00682109
0.00680382
0.00678757
0.00677226
0.00675782
0.00674419
0.00673132
0.00671915
0.00670763
0.00669673
0.0066864
0.00667661
0.00666734
0.00665856
0.00665898
0.00667431
0.00670377
0.00675145
0.00682869
0.00695297
0.00763147
0.007555
0.00748157
0.00741439
0.00735286
0.00729646
0.00724469
0.00719711
0.00715332
0.00711294
0.00707566
0.00704118
0.00700923
0.00697959
0.00695203
0.00692637
0.00690244
0.00688008
0.00685917
0.00683958
0.00682119
0.00680392
0.00678766
0.00677235
0.00675792
0.00674429
0.00673142
0.00671924
0.00670773
0.00669682
0.00668649
0.00667671
0.00666743
0.00665865
0.00665908
0.0066744
0.00670386
0.00675154
0.00682878
0.00695306
0.00763162
0.00755515
0.00748171
0.00741454
0.007353
0.0072966
0.00724483
0.00719725
0.00715345
0.00711308
0.00707579
0.00704131
0.00700936
0.00697972
0.00695216
0.0069265
0.00690257
0.00688021
0.0068593
0.0068397
0.00682132
0.00680404
0.00678779
0.00677248
0.00675804
0.00674442
0.00673154
0.00671937
0.00670785
0.00669695
0.00668662
0.00667683
0.00666756
0.00665878
0.0066592
0.00667453
0.00670399
0.00675167
0.00682891
0.00695319
0.00763183
0.00755535
0.00748191
0.00741473
0.00735319
0.00729678
0.00724501
0.00719743
0.00715363
0.00711326
0.00707597
0.00704149
0.00700954
0.00697989
0.00695233
0.00692667
0.00690274
0.00688038
0.00685947
0.00683987
0.00682148
0.00680421
0.00678795
0.00677264
0.00675821
0.00674458
0.0067317
0.00671953
0.00670801
0.00669711
0.00668678
0.00667699
0.00666772
0.00665894
0.00665937
0.00667469
0.00670415
0.00675183
0.00682907
0.00695335
0.00763206
0.00755558
0.00748214
0.00741495
0.00735341
0.007297
0.00724523
0.00719764
0.00715384
0.00711346
0.00707618
0.00704169
0.00700974
0.00698009
0.00695253
0.00692687
0.00690294
0.00688058
0.00685967
0.00684007
0.00682168
0.0068044
0.00678815
0.00677284
0.00675841
0.00674478
0.0067319
0.00671973
0.00670821
0.00669731
0.00668698
0.00667719
0.00666792
0.00665913
0.00665956
0.00667488
0.00670435
0.00675202
0.00682926
0.00695354
0.00763235
0.00755587
0.00748241
0.00741522
0.00735368
0.00729727
0.00724549
0.0071979
0.0071541
0.00711372
0.00707643
0.00704194
0.00700999
0.00698034
0.00695278
0.00692712
0.00690319
0.00688083
0.00685991
0.00684031
0.00682192
0.00680464
0.00678839
0.00677308
0.00675864
0.00674501
0.00673214
0.00671996
0.00670845
0.00669754
0.00668721
0.00667742
0.00666815
0.00665937
0.00665979
0.00667511
0.00670458
0.00675226
0.0068295
0.00695378
0.00763271
0.00755622
0.00748276
0.00741557
0.00735402
0.0072976
0.00724582
0.00719823
0.00715442
0.00711403
0.00707674
0.00704225
0.0070103
0.00698065
0.00695309
0.00692742
0.00690349
0.00688113
0.00686021
0.00684061
0.00682222
0.00680494
0.00678868
0.00677337
0.00675893
0.0067453
0.00673243
0.00672025
0.00670873
0.00669782
0.00668749
0.00667771
0.00666843
0.00665965
0.00666007
0.00667539
0.00670486
0.00675254
0.00682978
0.00695407
0.00763313
0.00755664
0.00748317
0.00741597
0.00735441
0.00729799
0.0072462
0.0071986
0.00715479
0.0071144
0.00707711
0.00704261
0.00701066
0.006981
0.00695344
0.00692778
0.00690384
0.00688148
0.00686056
0.00684095
0.00682256
0.00680528
0.00678902
0.00677371
0.00675927
0.00674564
0.00673277
0.00672059
0.00670907
0.00669816
0.00668783
0.00667804
0.00666876
0.00665998
0.0066604
0.00667572
0.00670518
0.00675286
0.0068301
0.00695438
0.00763365
0.00755714
0.00748367
0.00741645
0.00735489
0.00729846
0.00724666
0.00719906
0.00715524
0.00711484
0.00707754
0.00704304
0.00701108
0.00698143
0.00695386
0.00692819
0.00690425
0.00688189
0.00686097
0.00684136
0.00682297
0.00680568
0.00678943
0.00677411
0.00675967
0.00674604
0.00673316
0.00672098
0.00670946
0.00669855
0.00668822
0.00667843
0.00666915
0.00666037
0.00666079
0.00667611
0.00670558
0.00675325
0.0068305
0.00695479
0.00763423
0.00755771
0.00748422
0.007417
0.00735542
0.00729898
0.00724718
0.00719956
0.00715574
0.00711533
0.00707803
0.00704353
0.00701156
0.0069819
0.00695433
0.00692866
0.00690471
0.00688235
0.00686142
0.00684181
0.00682341
0.00680613
0.00678987
0.00677456
0.00676012
0.00674648
0.0067336
0.00672142
0.0067099
0.00669899
0.00668865
0.00667886
0.00666959
0.0066608
0.00666122
0.00667654
0.006706
0.00675368
0.00683092
0.00695521
0.00763455
0.00755802
0.00748452
0.00741728
0.0073557
0.00729925
0.00724743
0.00719981
0.00715598
0.00711557
0.00707826
0.00704375
0.00701178
0.00698211
0.00695454
0.00692886
0.00690492
0.00688255
0.00686162
0.00684201
0.00682362
0.00680633
0.00679007
0.00677475
0.00676031
0.00674668
0.0067338
0.00672162
0.00671009
0.00669918
0.00668885
0.00667906
0.00666978
0.00666099
0.00666141
0.00667673
0.00670619
0.00675386
0.0068311
0.00695539
0.00763282
0.00755629
0.00748279
0.00741555
0.00735397
0.00729752
0.00724572
0.0071981
0.00715427
0.00711387
0.00707656
0.00704206
0.00701009
0.00698043
0.00695286
0.00692719
0.00690325
0.00688089
0.00685997
0.00684036
0.00682197
0.0068047
0.00678844
0.00677313
0.0067587
0.00674507
0.00673219
0.00672002
0.0067085
0.0066976
0.00668727
0.00667748
0.00666821
0.00665942
0.00665985
0.00667517
0.00670463
0.0067523
0.00682954
0.00695381
0.00762285
0.00754642
0.00747302
0.00740589
0.0073444
0.00728803
0.00723631
0.00718877
0.00714501
0.00710467
0.00706743
0.00703299
0.00700108
0.00697148
0.00694396
0.00691834
0.00689444
0.00687213
0.00685125
0.00683169
0.00681333
0.00679609
0.00677987
0.00676459
0.00675019
0.00673659
0.00672375
0.0067116
0.00670011
0.00668923
0.00667893
0.00666917
0.00665992
0.00665116
0.0066516
0.00666692
0.00669638
0.00674404
0.00682125
0.00694547
0.00759717
0.00752099
0.00744782
0.0073809
0.00731962
0.00726346
0.00721194
0.00716459
0.00712102
0.00708085
0.00704378
0.0070095
0.00697774
0.00694828
0.00692089
0.0068954
0.00687162
0.00684942
0.00682865
0.00680919
0.00679093
0.00677378
0.00675764
0.00674244
0.00672811
0.00671458
0.0067018
0.00668972
0.00667828
0.00666746
0.0066572
0.00664749
0.00663829
0.00662957
0.00663038
0.00664618
0.00667602
0.00672406
0.00680171
0.00692637
0.007723
0.00763517
0.00755101
0.0074741
0.00740374
0.00733931
0.00728024
0.00722601
0.00717614
0.00713021
0.00708783
0.00704866
0.00701239
0.00697876
0.0069475
0.00691841
0.00689128
0.00686595
0.00684224
0.00682003
0.00679919
0.00677959
0.00676115
0.00674378
0.00672738
0.00671189
0.00669725
0.00668339
0.00667026
0.00665782
0.00664602
0.00663484
0.00662422
0.00661415
0.00661478
0.00663161
0.00666303
0.00671351
0.00679526
0.00692668
0.00775429
0.00766627
0.00758187
0.00750471
0.0074341
0.00736942
0.00731012
0.00725565
0.00720555
0.0071594
0.00711681
0.00707743
0.00704097
0.00700714
0.0069757
0.00694643
0.00691914
0.00689364
0.00686978
0.00684742
0.00682643
0.0068067
0.00678813
0.00677062
0.00675411
0.00673851
0.00672375
0.00670979
0.00669656
0.00668403
0.00667214
0.00666087
0.00665017
0.00664002
0.00664042
0.00665686
0.00668784
0.00673787
0.00681913
0.00695009
0.00776767
0.0076796
0.00759509
0.00751783
0.00744711
0.00738234
0.00732293
0.00726837
0.00721818
0.00717194
0.00712926
0.0070898
0.00705325
0.00701934
0.00698781
0.00695846
0.00693109
0.00690551
0.00688158
0.00685914
0.00683808
0.00681828
0.00679964
0.00678207
0.00676549
0.00674983
0.00673501
0.00672098
0.0067077
0.0066951
0.00668316
0.00667183
0.00666108
0.00665087
0.00665123
0.00666764
0.00669862
0.00674864
0.00682993
0.00696094
0.00777119
0.00768315
0.00759864
0.00752138
0.00745066
0.00738588
0.00732647
0.00727189
0.00722169
0.00717543
0.00713273
0.00709325
0.00705669
0.00702275
0.00699121
0.00696184
0.00693444
0.00690884
0.00688488
0.00686242
0.00684133
0.00682151
0.00680285
0.00678526
0.00676865
0.00675296
0.00673812
0.00672407
0.00671076
0.00669815
0.00668618
0.00667483
0.00666406
0.00665383
0.00665418
0.00667057
0.00670154
0.00675156
0.00683285
0.00696387
0.00777153
0.00768351
0.00759902
0.00752177
0.00745106
0.00738629
0.00732688
0.00727231
0.00722211
0.00717586
0.00713316
0.00709368
0.00705712
0.00702318
0.00699164
0.00696226
0.00693486
0.00690925
0.00688529
0.00686283
0.00684174
0.00682191
0.00680324
0.00678564
0.00676903
0.00675334
0.00673849
0.00672444
0.00671112
0.0066985
0.00668653
0.00667517
0.00666439
0.00665416
0.0066545
0.0066709
0.00670186
0.00675188
0.00683317
0.00696419
0.00777109
0.00768309
0.00759861
0.00752137
0.00745067
0.00738591
0.00732651
0.00727196
0.00722177
0.00717552
0.00713283
0.00709335
0.00705679
0.00702286
0.00699132
0.00696195
0.00693454
0.00690894
0.00688498
0.00686251
0.00684142
0.0068216
0.00680293
0.00678533
0.00676872
0.00675303
0.00673818
0.00672413
0.00671081
0.00669819
0.00668622
0.00667487
0.00666409
0.00665386
0.0066542
0.0066706
0.00670156
0.00675157
0.00683286
0.00696388
0.00777055
0.00768256
0.00759809
0.00752087
0.00745018
0.00738543
0.00732604
0.00727149
0.0072213
0.00717506
0.00713238
0.00709291
0.00705635
0.00702242
0.00699089
0.00696152
0.00693412
0.00690852
0.00688456
0.0068621
0.00684101
0.00682118
0.00680251
0.00678492
0.00676831
0.00675262
0.00673777
0.00672372
0.00671041
0.00669779
0.00668582
0.00667447
0.00666369
0.00665347
0.00665381
0.00667021
0.00670117
0.00675119
0.00683247
0.00696349
0.00777009
0.00768211
0.00759765
0.00752043
0.00744975
0.00738501
0.00732562
0.00727108
0.0072209
0.00717466
0.00713198
0.00709252
0.00705596
0.00702204
0.00699051
0.00696114
0.00693375
0.00690815
0.00688419
0.00686173
0.00684064
0.00682082
0.00680215
0.00678456
0.00676795
0.00675226
0.00673742
0.00672337
0.00671006
0.00669744
0.00668547
0.00667412
0.00666334
0.00665312
0.00665347
0.00666986
0.00670083
0.00675084
0.00683213
0.00696314
0.00776971
0.00768174
0.00759728
0.00752007
0.0074494
0.00738466
0.00732528
0.00727074
0.00722057
0.00717433
0.00713166
0.0070922
0.00705564
0.00702173
0.00699019
0.00696083
0.00693344
0.00690784
0.00688389
0.00686143
0.00684034
0.00682052
0.00680185
0.00678426
0.00676765
0.00675196
0.00673712
0.00672307
0.00670976
0.00669714
0.00668518
0.00667382
0.00666305
0.00665282
0.00665317
0.00666957
0.00670053
0.00675054
0.00683183
0.00696284
0.00776939
0.00768143
0.00759698
0.00751978
0.00744911
0.00738437
0.007325
0.00727047
0.0072203
0.00717407
0.0071314
0.00709194
0.00705539
0.00702148
0.00698995
0.00696058
0.0069332
0.0069076
0.00688365
0.00686119
0.00684011
0.00682028
0.00680162
0.00678402
0.00676742
0.00675172
0.00673688
0.00672283
0.00670952
0.00669691
0.00668494
0.00667359
0.00666281
0.00665259
0.00665293
0.00666933
0.00670029
0.00675031
0.00683159
0.0069626
0.00776913
0.00768116
0.00759672
0.00751952
0.00744886
0.00738413
0.00732476
0.00727023
0.00722007
0.00717384
0.00713117
0.00709172
0.00705517
0.00702126
0.00698973
0.00696037
0.00693298
0.00690739
0.00688344
0.00686098
0.0068399
0.00682008
0.00680141
0.00678382
0.00676721
0.00675152
0.00673668
0.00672263
0.00670932
0.00669671
0.00668474
0.00667338
0.00666261
0.00665239
0.00665273
0.00666913
0.0067001
0.00675011
0.00683139
0.0069624
0.0077689
0.00768094
0.0075965
0.0075193
0.00744864
0.00738392
0.00732455
0.00727002
0.00721986
0.00717364
0.00713097
0.00709152
0.00705498
0.00702106
0.00698954
0.00696018
0.0069328
0.00690721
0.00688326
0.0068608
0.00683972
0.0068199
0.00680124
0.00678364
0.00676704
0.00675135
0.00673651
0.00672246
0.00670915
0.00669654
0.00668457
0.00667322
0.00666245
0.00665222
0.00665257
0.00666897
0.00669993
0.00674995
0.00683123
0.00696224
0.00776871
0.00768075
0.00759632
0.00751912
0.00744846
0.00738374
0.00732438
0.00726985
0.00721969
0.00717347
0.00713081
0.00709136
0.00705481
0.0070209
0.00698938
0.00696002
0.00693264
0.00690705
0.0068831
0.00686065
0.00683957
0.00681975
0.00680109
0.0067835
0.00676689
0.0067512
0.00673637
0.00672232
0.00670901
0.0066964
0.00668443
0.00667308
0.0066623
0.00665208
0.00665243
0.00666883
0.00669979
0.00674981
0.00683109
0.0069621
0.00776855
0.0076806
0.00759617
0.00751897
0.00744832
0.0073836
0.00732424
0.00726971
0.00721955
0.00717334
0.00713067
0.00709122
0.00705468
0.00702077
0.00698925
0.00695989
0.00693251
0.00690692
0.00688297
0.00686052
0.00683944
0.00681962
0.00680096
0.00678337
0.00676677
0.00675108
0.00673624
0.00672219
0.00670888
0.00669627
0.0066843
0.00667295
0.00666218
0.00665195
0.0066523
0.0066687
0.00669966
0.00674968
0.00683096
0.00696197
0.00776841
0.00768046
0.00759603
0.00751884
0.00744819
0.00738347
0.00732411
0.00726959
0.00721943
0.00717321
0.00713055
0.00709111
0.00705456
0.00702065
0.00698913
0.00695978
0.00693239
0.0069068
0.00688285
0.0068604
0.00683932
0.0068195
0.00680084
0.00678325
0.00676665
0.00675096
0.00673612
0.00672207
0.00670876
0.00669615
0.00668418
0.00667283
0.00666205
0.00665183
0.00665218
0.00666858
0.00669954
0.00674956
0.00683084
0.00696185
0.00776829
0.00768035
0.00759592
0.00751873
0.00744808
0.00738336
0.007324
0.00726948
0.00721932
0.0071731
0.00713044
0.00709099
0.00705445
0.00702055
0.00698902
0.00695967
0.00693228
0.00690669
0.00688274
0.00686029
0.00683921
0.00681939
0.00680073
0.00678314
0.00676654
0.00675085
0.00673601
0.00672196
0.00670865
0.00669604
0.00668407
0.00667272
0.00666195
0.00665173
0.00665208
0.00666847
0.00669944
0.00674945
0.00683074
0.00696174
0.00776819
0.00768025
0.00759582
0.00751863
0.00744797
0.00738325
0.00732389
0.00726937
0.00721922
0.007173
0.00713034
0.00709089
0.00705435
0.00702044
0.00698892
0.00695957
0.00693218
0.0069066
0.00688264
0.00686019
0.00683911
0.0068193
0.00680064
0.00678305
0.00676644
0.00675075
0.00673591
0.00672186
0.00670856
0.00669594
0.00668398
0.00667263
0.00666186
0.00665164
0.00665199
0.00666839
0.00669936
0.00674937
0.00683066
0.00696166
0.00776811
0.00768016
0.00759573
0.00751854
0.00744789
0.00738317
0.00732381
0.00726929
0.00721913
0.00717291
0.00713025
0.00709081
0.00705427
0.00702036
0.00698884
0.00695948
0.0069321
0.00690651
0.00688256
0.00686011
0.00683904
0.00681922
0.00680056
0.00678297
0.00676637
0.00675068
0.00673584
0.00672179
0.00670849
0.00669588
0.00668391
0.00667257
0.0066618
0.00665158
0.00665193
0.00666833
0.0066993
0.00674931
0.0068306
0.0069616
0.00776804
0.00768009
0.00759566
0.00751847
0.00744782
0.0073831
0.00732374
0.00726922
0.00721906
0.00717284
0.00713018
0.00709073
0.00705419
0.00702029
0.00698877
0.00695941
0.00693203
0.00690645
0.0068825
0.00686005
0.00683898
0.00681916
0.0068005
0.00678291
0.00676631
0.00675062
0.00673579
0.00672174
0.00670844
0.00669583
0.00668387
0.00667252
0.00666175
0.00665153
0.00665188
0.00666828
0.00669925
0.00674926
0.00683055
0.00696155
0.00776799
0.00768004
0.00759561
0.00751842
0.00744777
0.00738305
0.00732369
0.00726917
0.00721901
0.00717279
0.00713013
0.00709068
0.00705414
0.00702024
0.00698872
0.00695937
0.00693199
0.0069064
0.00688246
0.00686001
0.00683893
0.00681912
0.00680046
0.00678287
0.00676627
0.00675058
0.00673574
0.0067217
0.0067084
0.00669579
0.00668383
0.00667248
0.00666171
0.00665149
0.00665184
0.00666824
0.00669921
0.00674922
0.0068305
0.00696151
0.00776797
0.00768002
0.00759559
0.0075184
0.00744774
0.00738302
0.00732366
0.00726914
0.00721898
0.00717276
0.0071301
0.00709065
0.00705411
0.0070202
0.00698868
0.00695933
0.00693195
0.00690637
0.00688242
0.00685998
0.0068389
0.00681908
0.00680042
0.00678284
0.00676624
0.00675055
0.00673572
0.00672168
0.00670838
0.00669576
0.0066838
0.00667245
0.00666168
0.00665146
0.00665181
0.00666821
0.00669918
0.00674919
0.00683048
0.00696148
0.00776797
0.00768002
0.00759559
0.00751839
0.00744774
0.00738302
0.00732366
0.00726913
0.00721898
0.00717276
0.00713009
0.00709065
0.00705411
0.0070202
0.00698868
0.00695933
0.00693195
0.00690637
0.00688242
0.00685997
0.00683889
0.00681908
0.00680042
0.00678283
0.00676624
0.00675055
0.00673572
0.00672168
0.00670837
0.00669576
0.00668379
0.00667244
0.00666167
0.00665145
0.0066518
0.0066682
0.00669917
0.00674918
0.00683047
0.00696148
0.00776799
0.00768004
0.00759561
0.00751841
0.00744776
0.00738303
0.00732367
0.00726915
0.00721899
0.00717277
0.00713011
0.00709066
0.00705412
0.00702021
0.00698869
0.00695934
0.00693196
0.00690637
0.00688243
0.00685997
0.0068389
0.00681908
0.00680042
0.00678284
0.00676624
0.00675056
0.00673573
0.00672168
0.00670838
0.00669577
0.0066838
0.00667245
0.00666168
0.00665146
0.00665181
0.00666821
0.00669918
0.0067492
0.00683048
0.00696149
0.00776802
0.00768006
0.00759563
0.00751843
0.00744778
0.00738305
0.00732369
0.00726917
0.00721901
0.00717279
0.00713012
0.00709067
0.00705413
0.00702023
0.00698871
0.00695936
0.00693198
0.00690639
0.00688244
0.00685999
0.00683891
0.0068191
0.00680045
0.00678286
0.00676627
0.00675059
0.00673575
0.00672171
0.0067084
0.00669579
0.00668383
0.00667248
0.00666171
0.00665149
0.00665184
0.00666824
0.00669921
0.00674922
0.00683051
0.00696151
0.00776807
0.00768012
0.00759568
0.00751849
0.00744783
0.00738311
0.00732375
0.00726922
0.00721906
0.00717284
0.00713017
0.00709073
0.00705418
0.00702028
0.00698876
0.00695941
0.00693202
0.00690644
0.00688249
0.00686004
0.00683896
0.00681915
0.0068005
0.00678291
0.00676632
0.00675063
0.0067358
0.00672175
0.00670845
0.00669583
0.00668387
0.00667252
0.00666175
0.00665153
0.00665188
0.00666828
0.00669925
0.00674926
0.00683055
0.00696155
0.00776814
0.00768018
0.00759575
0.00751855
0.00744789
0.00738317
0.00732381
0.00726928
0.00721912
0.0071729
0.00713023
0.00709079
0.00705424
0.00702034
0.00698881
0.00695946
0.00693208
0.00690649
0.00688255
0.0068601
0.00683902
0.00681921
0.00680056
0.00678297
0.00676637
0.00675069
0.00673585
0.00672181
0.0067085
0.00669589
0.00668393
0.00667258
0.00666181
0.00665159
0.00665194
0.00666834
0.0066993
0.00674932
0.0068306
0.00696161
0.00776823
0.00768027
0.00759584
0.00751864
0.00744798
0.00738326
0.0073239
0.00726937
0.00721921
0.00717299
0.00713032
0.00709088
0.00705433
0.00702042
0.0069889
0.00695955
0.00693217
0.00690658
0.00688264
0.00686019
0.00683911
0.0068193
0.00680064
0.00678306
0.00676646
0.00675077
0.00673593
0.00672189
0.00670858
0.00669597
0.00668401
0.00667266
0.00666189
0.00665167
0.00665202
0.00666841
0.00669938
0.00674939
0.00683068
0.00696168
0.00776837
0.00768041
0.00759597
0.00751877
0.00744811
0.00738339
0.00732403
0.0072695
0.00721934
0.00717312
0.00713045
0.007091
0.00705446
0.00702055
0.00698902
0.00695967
0.00693228
0.0069067
0.00688275
0.0068603
0.00683922
0.00681941
0.00680075
0.00678316
0.00676656
0.00675087
0.00673604
0.00672199
0.00670869
0.00669607
0.00668411
0.00667276
0.00666199
0.00665177
0.00665211
0.00666851
0.00669948
0.00674949
0.00683078
0.00696178
0.00776853
0.00768057
0.00759613
0.00751893
0.00744827
0.00738354
0.00732417
0.00726965
0.00721948
0.00717326
0.00713059
0.00709114
0.0070546
0.00702068
0.00698916
0.0069598
0.00693242
0.00690683
0.00688288
0.00686043
0.00683936
0.00681954
0.00680088
0.00678329
0.00676669
0.006751
0.00673616
0.00672212
0.00670881
0.0066962
0.00668424
0.00667289
0.00666212
0.00665189
0.00665224
0.00666864
0.00669961
0.00674962
0.0068309
0.00696191
0.00776874
0.00768077
0.00759633
0.00751912
0.00744846
0.00738373
0.00732436
0.00726983
0.00721966
0.00717344
0.00713077
0.00709132
0.00705477
0.00702086
0.00698933
0.00695997
0.00693259
0.006907
0.00688305
0.0068606
0.00683952
0.0068197
0.00680104
0.00678345
0.00676685
0.00675116
0.00673633
0.00672228
0.00670898
0.00669636
0.0066844
0.00667305
0.00666228
0.00665206
0.0066524
0.0066688
0.00669977
0.00674978
0.00683106
0.00696207
0.00776898
0.00768101
0.00759656
0.00751935
0.00744868
0.00738395
0.00732458
0.00727004
0.00721988
0.00717365
0.00713098
0.00709152
0.00705498
0.00702106
0.00698953
0.00696018
0.00693279
0.00690721
0.00688326
0.0068608
0.00683972
0.0068199
0.00680124
0.00678365
0.00676705
0.00675136
0.00673653
0.00672248
0.00670917
0.00669656
0.0066846
0.00667324
0.00666247
0.00665225
0.0066526
0.006669
0.00669996
0.00674998
0.00683126
0.00696227
0.00776927
0.0076813
0.00759685
0.00751963
0.00744896
0.00738422
0.00732485
0.00727031
0.00722014
0.00717391
0.00713123
0.00709178
0.00705523
0.00702131
0.00698978
0.00696042
0.00693304
0.00690745
0.0068835
0.00686104
0.00683996
0.00682014
0.00680148
0.00678389
0.00676729
0.0067516
0.00673676
0.00672271
0.00670941
0.00669679
0.00668483
0.00667348
0.0066627
0.00665248
0.00665283
0.00666923
0.00670019
0.00675021
0.00683149
0.00696251
0.00776965
0.00768167
0.00759721
0.00751999
0.00744931
0.00738456
0.00732518
0.00727064
0.00722046
0.00717422
0.00713155
0.00709209
0.00705553
0.00702161
0.00699009
0.00696073
0.00693334
0.00690775
0.0068838
0.00686134
0.00684025
0.00682043
0.00680177
0.00678418
0.00676758
0.00675189
0.00673705
0.006723
0.00670969
0.00669708
0.00668511
0.00667376
0.00666298
0.00665276
0.0066531
0.0066695
0.00670047
0.00675048
0.00683176
0.00696277
0.00777009
0.0076821
0.00759763
0.00752041
0.00744972
0.00738496
0.00732558
0.00727103
0.00722084
0.0071746
0.00713192
0.00709245
0.0070559
0.00702197
0.00699044
0.00696108
0.00693369
0.0069081
0.00688414
0.00686168
0.0068406
0.00682078
0.00680211
0.00678452
0.00676792
0.00675223
0.00673739
0.00672334
0.00671003
0.00669741
0.00668545
0.00667409
0.00666332
0.0066531
0.00665344
0.00666984
0.0067008
0.00675081
0.0068321
0.00696311
0.00777062
0.00768262
0.00759814
0.00752091
0.00745021
0.00738545
0.00732605
0.0072715
0.00722131
0.00717506
0.00713237
0.00709289
0.00705633
0.00702241
0.00699087
0.0069615
0.00693411
0.00690851
0.00688455
0.00686209
0.006841
0.00682118
0.00680251
0.00678492
0.00676831
0.00675262
0.00673778
0.00672373
0.00671042
0.0066978
0.00668583
0.00667448
0.0066637
0.00665348
0.00665382
0.00667022
0.00670118
0.0067512
0.00683249
0.0069635
0.00777124
0.00768322
0.00759873
0.00752148
0.00745077
0.007386
0.00732659
0.00727203
0.00722183
0.00717557
0.00713288
0.0070934
0.00705683
0.0070229
0.00699135
0.00696198
0.00693459
0.00690898
0.00688502
0.00686256
0.00684147
0.00682164
0.00680297
0.00678538
0.00676877
0.00675308
0.00673823
0.00672418
0.00671087
0.00669825
0.00668628
0.00667493
0.00666415
0.00665392
0.00665426
0.00667066
0.00670162
0.00675163
0.00683292
0.00696393
0.00777162
0.00768359
0.00759908
0.00752182
0.0074511
0.00738632
0.0073269
0.00727233
0.00722212
0.00717586
0.00713315
0.00709367
0.0070571
0.00702316
0.00699161
0.00696224
0.00693483
0.00690923
0.00688526
0.0068628
0.00684171
0.00682188
0.00680321
0.00678561
0.006769
0.00675331
0.00673847
0.00672442
0.00671111
0.00669849
0.00668652
0.00667516
0.00666438
0.00665416
0.0066545
0.0066709
0.00670186
0.00675188
0.00683317
0.00696418
0.00777
0.00768196
0.00759746
0.0075202
0.00744948
0.0073847
0.00732529
0.00727072
0.00722051
0.00717426
0.00713156
0.00709208
0.00705551
0.00702158
0.00699004
0.00696067
0.00693328
0.00690768
0.00688372
0.00686126
0.00684018
0.00682036
0.0068017
0.0067841
0.0067675
0.00675181
0.00673698
0.00672293
0.00670963
0.00669701
0.00668505
0.0066737
0.00666293
0.0066527
0.00665305
0.00666945
0.00670041
0.00675043
0.00683171
0.00696271
0.00775994
0.00767201
0.00758762
0.00751046
0.00743984
0.00737516
0.00731584
0.00726135
0.00721123
0.00716505
0.00712242
0.00708301
0.00704651
0.00701264
0.00698116
0.00695184
0.0069245
0.00689895
0.00687504
0.00685262
0.00683158
0.0068118
0.00679318
0.00677563
0.00675906
0.00674341
0.0067286
0.00671459
0.00670131
0.00668873
0.0066768
0.00666547
0.00665473
0.00664454
0.0066449
0.00666131
0.00669228
0.00674228
0.00682353
0.00695448
0.00773297
0.00764532
0.00756116
0.00748425
0.00741387
0.00734942
0.00729032
0.00723605
0.00718614
0.00714016
0.00709772
0.00705849
0.00702216
0.00698845
0.00695712
0.00692795
0.00690075
0.00687533
0.00685154
0.00682924
0.00680831
0.00678863
0.00677011
0.00675264
0.00673616
0.00672059
0.00670586
0.00669191
0.0066787
0.00666618
0.0066543
0.00664303
0.00663234
0.00662219
0.00662298
0.00663991
0.00667125
0.00672165
0.00680338
0.00693481
0.007885
0.00778428
0.00768769
0.00759945
0.00751877
0.00744494
0.00737731
0.00731525
0.00725821
0.00720571
0.00715728
0.00711253
0.0070711
0.00703268
0.00699698
0.00696373
0.00693273
0.00690376
0.00687664
0.00685122
0.00682734
0.00680489
0.00678373
0.00676378
0.00674493
0.00672711
0.00671024
0.00669425
0.00667909
0.0066647
0.00665103
0.00663805
0.00662572
0.00661399
0.00661453
0.00663246
0.00666539
0.00671828
0.0068043
0.00694283
0.00791715
0.00781621
0.00771936
0.00763085
0.00754989
0.00747579
0.00740788
0.00734556
0.00728827
0.00723551
0.00718684
0.00714186
0.00710021
0.00706157
0.00702566
0.00699221
0.00696102
0.00693187
0.00690458
0.00687899
0.00685496
0.00683235
0.00681105
0.00679096
0.00677198
0.00675404
0.00673704
0.00672094
0.00670567
0.00669118
0.00667742
0.00666435
0.00665192
0.00664012
0.00664039
0.00665789
0.00669036
0.00674276
0.00682825
0.00696629
0.00793011
0.00782911
0.00773214
0.00764352
0.00756244
0.00748823
0.00742022
0.00735779
0.0073004
0.00724754
0.00719877
0.0071537
0.00711196
0.00707323
0.00703723
0.0070037
0.00697242
0.00694319
0.00691582
0.00689015
0.00686604
0.00684336
0.00682199
0.00680183
0.00678279
0.00676477
0.00674772
0.00673155
0.00671622
0.00670167
0.00668785
0.00667471
0.00666224
0.00665037
0.0066506
0.00666808
0.00670053
0.00675294
0.00683846
0.00697657
0.00793323
0.00783226
0.0077353
0.00764667
0.0075656
0.00749138
0.00742336
0.00736092
0.00730351
0.00725064
0.00720186
0.00715676
0.007115
0.00707626
0.00704023
0.00700669
0.00697538
0.00694613
0.00691873
0.00689304
0.00686891
0.0068462
0.00682481
0.00680462
0.00678556
0.00676752
0.00675044
0.00673426
0.0067189
0.00670433
0.00669049
0.00667733
0.00666483
0.00665295
0.00665317
0.00667063
0.00670308
0.00675548
0.006841
0.00697912
0.00793339
0.00783245
0.0077355
0.00764689
0.00756583
0.00749162
0.00742361
0.00736117
0.00730377
0.00725091
0.00720213
0.00715704
0.00711528
0.00707653
0.00704051
0.00700696
0.00697565
0.00694639
0.00691899
0.0068933
0.00686916
0.00684645
0.00682505
0.00680486
0.00678579
0.00676775
0.00675067
0.00673448
0.00671912
0.00670454
0.00669069
0.00667754
0.00666503
0.00665315
0.00665336
0.00667082
0.00670326
0.00675566
0.00684118
0.0069793
0.00793289
0.00783196
0.00773503
0.00764643
0.00756539
0.00749119
0.00742319
0.00736077
0.00730337
0.00725051
0.00720174
0.00715666
0.0071149
0.00707616
0.00704014
0.0070066
0.0069753
0.00694604
0.00691864
0.00689295
0.00686881
0.0068461
0.0068247
0.00680451
0.00678544
0.0067674
0.00675032
0.00673413
0.00671877
0.0067042
0.00669035
0.00667719
0.00666469
0.00665281
0.00665302
0.00667048
0.00670293
0.00675533
0.00684084
0.00697895
0.00793233
0.00783141
0.00773449
0.00764591
0.00756487
0.00749068
0.00742269
0.00736028
0.00730289
0.00725004
0.00720127
0.0071562
0.00711445
0.00707571
0.0070397
0.00700616
0.00697486
0.0069456
0.00691821
0.00689252
0.00686839
0.00684568
0.00682428
0.0068041
0.00678503
0.00676699
0.00674991
0.00673372
0.00671836
0.00670378
0.00668994
0.00667679
0.00666429
0.00665241
0.00665262
0.00667009
0.00670253
0.00675493
0.00684044
0.00697855
0.00793185
0.00783095
0.00773403
0.00764546
0.00756443
0.00749025
0.00742226
0.00735986
0.00730248
0.00724963
0.00720087
0.0071558
0.00711406
0.00707532
0.00703932
0.00700578
0.00697448
0.00694523
0.00691785
0.00689216
0.00686802
0.00684532
0.00682392
0.00680374
0.00678467
0.00676663
0.00674955
0.00673336
0.00671801
0.00670343
0.00668959
0.00667643
0.00666393
0.00665206
0.00665227
0.00666974
0.00670218
0.00675458
0.00684009
0.0069782
0.00793146
0.00783056
0.00773365
0.00764508
0.00756406
0.00748989
0.00742191
0.00735951
0.00730213
0.00724929
0.00720054
0.00715547
0.00711373
0.007075
0.007039
0.00700546
0.00697417
0.00694493
0.00691754
0.00689185
0.00686772
0.00684502
0.00682362
0.00680344
0.00678437
0.00676633
0.00674925
0.00673306
0.00671771
0.00670313
0.00668929
0.00667614
0.00666364
0.00665176
0.00665197
0.00666944
0.00670188
0.00675428
0.00683979
0.0069779
0.00793113
0.00783024
0.00773334
0.00764477
0.00756376
0.00748959
0.00742162
0.00735922
0.00730186
0.00724902
0.00720027
0.00715521
0.00711347
0.00707475
0.00703874
0.00700521
0.00697393
0.00694468
0.0069173
0.00689161
0.00686748
0.00684478
0.00682339
0.0068032
0.00678413
0.0067661
0.00674902
0.00673283
0.00671748
0.0067029
0.00668906
0.0066759
0.00666341
0.00665153
0.00665174
0.00666921
0.00670165
0.00675405
0.00683956
0.00697766
0.00793085
0.00782996
0.00773307
0.00764451
0.0075635
0.00748934
0.00742137
0.00735898
0.00730162
0.00724878
0.00720004
0.00715498
0.00711324
0.00707452
0.00703852
0.00700499
0.0069737
0.00694446
0.00691708
0.0068914
0.00686727
0.00684457
0.00682318
0.00680299
0.00678393
0.00676589
0.00674881
0.00673263
0.00671727
0.0067027
0.00668885
0.0066757
0.0066632
0.00665133
0.00665154
0.00666901
0.00670145
0.00675385
0.00683936
0.00697747
0.00793061
0.00782973
0.00773284
0.00764428
0.00756327
0.00748912
0.00742115
0.00735877
0.00730141
0.00724858
0.00719983
0.00715478
0.00711305
0.00707432
0.00703832
0.0070048
0.00697351
0.00694427
0.00691689
0.00689121
0.00686709
0.00684439
0.006823
0.00680282
0.00678375
0.00676572
0.00674864
0.00673245
0.0067171
0.00670253
0.00668869
0.00667553
0.00666304
0.00665116
0.00665138
0.00666884
0.00670129
0.00675368
0.0068392
0.0069773
0.00793042
0.00782954
0.00773265
0.0076441
0.00756309
0.00748894
0.00742098
0.00735859
0.00730123
0.00724841
0.00719967
0.00715461
0.00711288
0.00707416
0.00703816
0.00700464
0.00697335
0.00694412
0.00691674
0.00689106
0.00686693
0.00684424
0.00682285
0.00680267
0.0067836
0.00676557
0.00674849
0.00673231
0.00671696
0.00670238
0.00668854
0.00667539
0.0066629
0.00665102
0.00665123
0.0066687
0.00670114
0.00675354
0.00683905
0.00697716
0.00793026
0.00782938
0.0077325
0.00764395
0.00756294
0.00748879
0.00742083
0.00735845
0.00730109
0.00724827
0.00719953
0.00715447
0.00711275
0.00707403
0.00703803
0.00700451
0.00697323
0.00694399
0.00691661
0.00689093
0.00686681
0.00684411
0.00682272
0.00680254
0.00678348
0.00676545
0.00674837
0.00673219
0.00671684
0.00670226
0.00668842
0.00667527
0.00666277
0.00665089
0.00665111
0.00666857
0.00670102
0.00675342
0.00683893
0.00697703
0.00793011
0.00782924
0.00773236
0.00764381
0.00756281
0.00748866
0.0074207
0.00735832
0.00730097
0.00724815
0.00719941
0.00715436
0.00711263
0.00707391
0.00703792
0.0070044
0.00697312
0.00694388
0.0069165
0.00689082
0.0068667
0.006844
0.00682261
0.00680243
0.00678337
0.00676534
0.00674826
0.00673208
0.00671672
0.00670215
0.00668831
0.00667516
0.00666266
0.00665078
0.00665099
0.00666846
0.0067009
0.0067533
0.00683881
0.00697691
0.00793
0.00782912
0.00773224
0.0076437
0.0075627
0.00748855
0.00742059
0.00735821
0.00730086
0.00724804
0.0071993
0.00715425
0.00711253
0.00707381
0.00703782
0.00700429
0.00697301
0.00694378
0.0069164
0.00689072
0.00686659
0.0068439
0.00682251
0.00680233
0.00678327
0.00676524
0.00674816
0.00673197
0.00671662
0.00670204
0.0066882
0.00667505
0.00666255
0.00665068
0.00665089
0.00666836
0.0067008
0.0067532
0.00683871
0.00697681
0.0079299
0.00782903
0.00773215
0.0076436
0.0075626
0.00748845
0.00742049
0.00735811
0.00730076
0.00724794
0.0071992
0.00715415
0.00711243
0.00707371
0.00703772
0.0070042
0.00697292
0.00694368
0.0069163
0.00689062
0.0068665
0.0068438
0.00682242
0.00680224
0.00678318
0.00676514
0.00674807
0.00673188
0.00671653
0.00670195
0.00668811
0.00667496
0.00666246
0.00665059
0.00665081
0.00666828
0.00670072
0.00675312
0.00683863
0.00697673
0.00792982
0.00782894
0.00773207
0.00764352
0.00756252
0.00748837
0.00742041
0.00735803
0.00730068
0.00724786
0.00719912
0.00715407
0.00711234
0.00707363
0.00703763
0.00700411
0.00697283
0.00694359
0.00691622
0.00689054
0.00686642
0.00684372
0.00682234
0.00680216
0.00678309
0.00676506
0.00674798
0.0067318
0.00671645
0.00670188
0.00668804
0.00667489
0.0066624
0.00665053
0.00665075
0.00666821
0.00670066
0.00675306
0.00683857
0.00697667
0.00792975
0.00782888
0.007732
0.00764346
0.00756245
0.00748831
0.00742035
0.00735797
0.00730061
0.00724779
0.00719905
0.007154
0.00711227
0.00707355
0.00703756
0.00700404
0.00697276
0.00694352
0.00691615
0.00689047
0.00686635
0.00684366
0.00682227
0.0068021
0.00678303
0.006765
0.00674792
0.00673174
0.00671639
0.00670182
0.00668799
0.00667484
0.00666235
0.00665048
0.0066507
0.00666817
0.00670061
0.00675301
0.00683852
0.00697662
0.0079297
0.00782883
0.00773195
0.0076434
0.0075624
0.00748825
0.0074203
0.00735791
0.00730056
0.00724774
0.007199
0.00715394
0.00711222
0.0070735
0.00703751
0.00700399
0.00697271
0.00694347
0.0069161
0.00689042
0.0068663
0.00684361
0.00682222
0.00680205
0.00678298
0.00676495
0.00674788
0.0067317
0.00671635
0.00670178
0.00668794
0.0066748
0.00666231
0.00665043
0.00665066
0.00666812
0.00670057
0.00675297
0.00683848
0.00697658
0.00792969
0.00782881
0.00773193
0.00764338
0.00756238
0.00748823
0.00742027
0.00735788
0.00730053
0.0072477
0.00719896
0.00715391
0.00711218
0.00707346
0.00703747
0.00700395
0.00697267
0.00694343
0.00691606
0.00689039
0.00686627
0.00684357
0.00682219
0.00680201
0.00678295
0.00676492
0.00674785
0.00673167
0.00671632
0.00670176
0.00668792
0.00667478
0.00666228
0.00665041
0.00665063
0.00666809
0.00670054
0.00675294
0.00683845
0.00697655
0.00792968
0.00782881
0.00773193
0.00764338
0.00756237
0.00748822
0.00742026
0.00735788
0.00730053
0.0072477
0.00719896
0.00715391
0.00711218
0.00707346
0.00703747
0.00700394
0.00697267
0.00694343
0.00691606
0.00689039
0.00686626
0.00684357
0.00682218
0.00680201
0.00678295
0.00676492
0.00674785
0.00673167
0.00671633
0.00670176
0.00668792
0.00667477
0.00666228
0.0066504
0.00665062
0.00666809
0.00670053
0.00675293
0.00683844
0.00697654
0.00792971
0.00782883
0.00773195
0.0076434
0.0075624
0.00748825
0.00742029
0.00735791
0.00730055
0.00724772
0.00719898
0.00715393
0.0071122
0.00707348
0.00703749
0.00700396
0.00697269
0.00694345
0.00691608
0.0068904
0.00686627
0.00684358
0.00682219
0.00680202
0.00678296
0.00676493
0.00674786
0.00673168
0.00671634
0.00670177
0.00668793
0.00667478
0.00666229
0.00665041
0.00665063
0.0066681
0.00670054
0.00675294
0.00683845
0.00697655
0.00792974
0.00782886
0.00773198
0.00764343
0.00756242
0.00748827
0.00742031
0.00735792
0.00730057
0.00724774
0.007199
0.00715394
0.00711221
0.00707349
0.0070375
0.00700397
0.0069727
0.00694346
0.00691609
0.00689041
0.00686628
0.00684359
0.00682221
0.00680203
0.00678298
0.00676495
0.00674789
0.00673171
0.00671636
0.00670179
0.00668795
0.00667481
0.00666231
0.00665044
0.00665066
0.00666813
0.00670057
0.00675297
0.00683848
0.00697658
0.0079298
0.00782892
0.00773203
0.00764348
0.00756248
0.00748832
0.00742036
0.00735798
0.00730062
0.00724779
0.00719905
0.00715399
0.00711226
0.00707354
0.00703755
0.00700402
0.00697274
0.00694351
0.00691613
0.00689045
0.00686633
0.00684363
0.00682225
0.00680208
0.00678302
0.006765
0.00674793
0.00673175
0.0067164
0.00670183
0.006688
0.00667485
0.00666235
0.00665048
0.0066507
0.00666817
0.00670061
0.00675301
0.00683852
0.00697662
0.00792986
0.00782898
0.0077321
0.00764355
0.00756254
0.00748839
0.00742043
0.00735804
0.00730068
0.00724786
0.00719911
0.00715405
0.00711232
0.0070736
0.00703761
0.00700408
0.0069728
0.00694357
0.00691619
0.00689051
0.00686639
0.0068437
0.00682231
0.00680214
0.00678308
0.00676506
0.00674799
0.00673181
0.00671646
0.00670189
0.00668805
0.00667491
0.00666241
0.00665054
0.00665076
0.00666822
0.00670067
0.00675307
0.00683858
0.00697668
0.00792995
0.00782907
0.00773218
0.00764363
0.00756263
0.00748847
0.00742051
0.00735813
0.00730077
0.00724794
0.0071992
0.00715414
0.00711241
0.00707369
0.0070377
0.00700417
0.00697289
0.00694365
0.00691627
0.0068906
0.00686648
0.00684378
0.0068224
0.00680223
0.00678317
0.00676514
0.00674807
0.00673189
0.00671654
0.00670197
0.00668813
0.00667499
0.00666249
0.00665062
0.00665084
0.0066683
0.00670075
0.00675314
0.00683865
0.00697676
0.00793009
0.00782921
0.00773232
0.00764377
0.00756276
0.00748861
0.00742064
0.00735826
0.0073009
0.00724807
0.00719933
0.00715427
0.00711254
0.00707382
0.00703782
0.00700429
0.00697301
0.00694377
0.00691639
0.00689072
0.00686659
0.0068439
0.00682252
0.00680234
0.00678328
0.00676525
0.00674817
0.00673199
0.00671664
0.00670207
0.00668824
0.00667509
0.00666259
0.00665072
0.00665094
0.0066684
0.00670085
0.00675324
0.00683876
0.00697686
0.00793027
0.00782938
0.00773249
0.00764393
0.00756292
0.00748876
0.0074208
0.00735841
0.00730105
0.00724822
0.00719948
0.00715442
0.00711268
0.00707396
0.00703796
0.00700443
0.00697315
0.00694391
0.00691653
0.00689086
0.00686673
0.00684404
0.00682265
0.00680247
0.00678341
0.00676538
0.00674831
0.00673213
0.00671678
0.00670221
0.00668837
0.00667522
0.00666272
0.00665085
0.00665107
0.00666853
0.00670098
0.00675337
0.00683888
0.00697698
0.00793048
0.00782959
0.0077327
0.00764414
0.00756312
0.00748896
0.00742099
0.0073586
0.00730123
0.0072484
0.00719966
0.0071546
0.00711286
0.00707414
0.00703813
0.0070046
0.00697332
0.00694408
0.0069167
0.00689102
0.0068669
0.0068442
0.00682282
0.00680264
0.00678357
0.00676554
0.00674847
0.00673229
0.00671694
0.00670237
0.00668853
0.00667538
0.00666289
0.00665101
0.00665123
0.00666869
0.00670114
0.00675353
0.00683904
0.00697715
0.00793073
0.00782984
0.00773294
0.00764437
0.00756335
0.00748919
0.00742121
0.00735882
0.00730145
0.00724862
0.00719987
0.0071548
0.00711307
0.00707434
0.00703834
0.00700481
0.00697353
0.00694429
0.00691691
0.00689123
0.0068671
0.0068444
0.00682301
0.00680284
0.00678377
0.00676574
0.00674867
0.00673249
0.00671714
0.00670257
0.00668873
0.00667558
0.00666308
0.0066512
0.00665142
0.00666889
0.00670133
0.00675373
0.00683924
0.00697735
0.00793103
0.00783013
0.00773323
0.00764466
0.00756364
0.00748947
0.00742149
0.00735909
0.00730172
0.00724888
0.00720013
0.00715506
0.00711332
0.00707459
0.00703859
0.00700506
0.00697377
0.00694453
0.00691715
0.00689147
0.00686734
0.00684464
0.00682325
0.00680307
0.00678401
0.00676598
0.0067489
0.00673272
0.00671737
0.0067028
0.00668896
0.00667581
0.00666331
0.00665143
0.00665165
0.00666911
0.00670155
0.00675395
0.00683946
0.00697756
0.00793142
0.00783051
0.0077336
0.00764503
0.007564
0.00748982
0.00742183
0.00735943
0.00730205
0.00724921
0.00720045
0.00715538
0.00711364
0.0070749
0.0070389
0.00700536
0.00697408
0.00694483
0.00691745
0.00689177
0.00686764
0.00684494
0.00682355
0.00680337
0.0067843
0.00676627
0.00674919
0.00673301
0.00671766
0.00670309
0.00668925
0.00667609
0.0066636
0.00665172
0.00665193
0.0066694
0.00670184
0.00675423
0.00683974
0.00697784
0.00793188
0.00783097
0.00773405
0.00764546
0.00756442
0.00749024
0.00742225
0.00735984
0.00730245
0.0072496
0.00720084
0.00715576
0.00711401
0.00707527
0.00703926
0.00700573
0.00697444
0.00694519
0.0069178
0.00689212
0.00686799
0.00684528
0.00682389
0.00680371
0.00678464
0.00676661
0.00674953
0.00673335
0.006718
0.00670342
0.00668958
0.00667643
0.00666393
0.00665205
0.00665227
0.00666973
0.00670217
0.00675457
0.00684009
0.0069782
0.00793244
0.00783151
0.00773458
0.00764599
0.00756494
0.00749075
0.00742275
0.00736033
0.00730293
0.00725008
0.0072013
0.00715622
0.00711447
0.00707572
0.00703971
0.00700616
0.00697487
0.00694562
0.00691823
0.00689254
0.0068684
0.0068457
0.0068243
0.00680412
0.00678505
0.00676701
0.00674994
0.00673375
0.0067184
0.00670382
0.00668998
0.00667683
0.00666433
0.00665244
0.00665266
0.00667012
0.00670256
0.00675496
0.00684046
0.00697857
0.00793309
0.00783215
0.0077352
0.00764659
0.00756553
0.00749133
0.00742332
0.00736089
0.00730349
0.00725062
0.00720184
0.00715675
0.00711499
0.00707624
0.00704022
0.00700667
0.00697537
0.00694612
0.00691872
0.00689303
0.00686889
0.00684618
0.00682478
0.0068046
0.00678553
0.00676749
0.00675041
0.00673422
0.00671886
0.00670429
0.00669044
0.00667729
0.00666479
0.00665291
0.00665312
0.00667059
0.00670303
0.00675542
0.00684094
0.00697905
0.00793354
0.00783258
0.00773562
0.00764699
0.00756592
0.0074917
0.00742368
0.00736124
0.00730383
0.00725095
0.00720217
0.00715707
0.0071153
0.00707655
0.00704052
0.00700697
0.00697567
0.00694641
0.00691901
0.00689331
0.00686917
0.00684646
0.00682506
0.00680488
0.0067858
0.00676776
0.00675068
0.00673449
0.00671914
0.00670456
0.00669071
0.00667756
0.00666506
0.00665318
0.00665339
0.00667086
0.0067033
0.0067557
0.00684121
0.00697932
0.00793203
0.00783106
0.00773409
0.00764547
0.0075644
0.00749018
0.00742216
0.00735973
0.00730232
0.00724945
0.00720067
0.00715558
0.00711382
0.00707508
0.00703906
0.00700551
0.00697422
0.00694497
0.00691758
0.00689189
0.00686775
0.00684505
0.00682366
0.00680348
0.00678441
0.00676638
0.0067493
0.00673312
0.00671777
0.0067032
0.00668936
0.00667621
0.00666372
0.00665184
0.00665206
0.00666952
0.00670197
0.00675437
0.00683988
0.00697799
0.00792188
0.00782103
0.00772418
0.00763567
0.0075547
0.00748059
0.00741267
0.00735033
0.00729301
0.00724022
0.00719152
0.00714651
0.00710482
0.00706614
0.00703019
0.0069967
0.00696546
0.00693627
0.00690893
0.00688329
0.00685921
0.00683655
0.0068152
0.00679506
0.00677604
0.00675804
0.006741
0.00672486
0.00670954
0.006695
0.0066812
0.00666808
0.00665561
0.00664377
0.006644
0.00666147
0.00669392
0.00674631
0.00683179
0.00696984
0.0078935
0.00779294
0.00769635
0.0076081
0.0075274
0.00745355
0.00738588
0.00732378
0.0072667
0.00721413
0.00716565
0.00712084
0.00707934
0.00704085
0.00700507
0.00697175
0.00694067
0.00691162
0.00688442
0.00685892
0.00683496
0.00681242
0.00679118
0.00677114
0.00675222
0.00673431
0.00671736
0.00670129
0.00668605
0.00667158
0.00665784
0.00664479
0.00663238
0.00662058
0.0066213
0.00663934
0.00667217
0.00672497
0.00681094
0.00694948
0.00807452
0.00795946
0.00784889
0.00774788
0.00765555
0.00757111
0.00749381
0.00742293
0.00735782
0.00729792
0.00724269
0.00719166
0.00714444
0.00710064
0.00705993
0.00702203
0.00698666
0.00695361
0.00692265
0.0068936
0.00686631
0.00684061
0.00681639
0.00679351
0.00677189
0.00675141
0.006732
0.00671358
0.00669609
0.00667947
0.00666366
0.00664862
0.0066343
0.00662067
0.00662105
0.00664006
0.00667445
0.00672979
0.00682023
0.00696624
0.00810773
0.00799243
0.00788158
0.00778027
0.00768764
0.0076029
0.0075253
0.00745412
0.00738872
0.00732853
0.00727303
0.00722175
0.00717427
0.00713023
0.00708929
0.00705116
0.00701558
0.00698232
0.00695117
0.00692194
0.00689447
0.0068686
0.00684422
0.00682119
0.00679942
0.00677881
0.00675927
0.00674073
0.00672312
0.00670639
0.00669047
0.00667533
0.00666091
0.0066472
0.00664727
0.0066658
0.0066997
0.00675452
0.00684441
0.0069899
0.00812032
0.00800495
0.00789398
0.00779255
0.00769979
0.00761493
0.00753721
0.00746591
0.00740041
0.00734011
0.0072845
0.00723312
0.00718554
0.0071414
0.00710037
0.00706215
0.00702648
0.00699313
0.00696189
0.00693258
0.00690503
0.00687909
0.00685463
0.00683153
0.00680969
0.00678901
0.0067694
0.0067508
0.00673312
0.00671632
0.00670035
0.00668514
0.00667067
0.0066569
0.00665693
0.00667544
0.00670932
0.00676415
0.00685406
0.00699963
0.00812306
0.00800772
0.00789676
0.00779533
0.00770257
0.00761771
0.00753998
0.00746868
0.00740316
0.00734284
0.00728722
0.00723582
0.00718822
0.00714406
0.00710301
0.00706477
0.00702908
0.00699571
0.00696444
0.00693511
0.00690753
0.00688157
0.00685708
0.00683396
0.0068121
0.0067914
0.00677177
0.00675314
0.00673545
0.00671863
0.00670263
0.00668741
0.00667292
0.00665913
0.00665914
0.00667765
0.00671152
0.00676634
0.00685626
0.00700183
0.00812306
0.00800774
0.0078968
0.00779539
0.00770265
0.0076178
0.00754008
0.00746878
0.00740327
0.00734296
0.00728734
0.00723594
0.00718835
0.00714419
0.00710314
0.0070649
0.0070292
0.00699583
0.00696456
0.00693522
0.00690764
0.00688168
0.00685719
0.00683407
0.0068122
0.00679149
0.00677186
0.00675323
0.00673553
0.00671871
0.00670271
0.00668748
0.00667299
0.00665919
0.00665921
0.00667771
0.00671158
0.0067664
0.00685631
0.00700189
0.00812248
0.00800719
0.00789627
0.00779487
0.00770214
0.00761731
0.0075396
0.00746832
0.00740282
0.00734252
0.00728691
0.00723552
0.00718793
0.00714378
0.00710273
0.0070645
0.00702881
0.00699544
0.00696418
0.00693484
0.00690726
0.0068813
0.00685681
0.00683369
0.00681182
0.00679111
0.00677148
0.00675285
0.00673515
0.00671833
0.00670233
0.00668711
0.00667261
0.00665882
0.00665884
0.00667734
0.00671121
0.00676602
0.00685594
0.00700151
0.00812189
0.00800661
0.0078957
0.00779432
0.0077016
0.00761678
0.00753908
0.0074678
0.00740231
0.00734202
0.00728642
0.00723504
0.00718746
0.00714331
0.00710227
0.00706404
0.00702836
0.00699499
0.00696374
0.0069344
0.00690683
0.00688087
0.00685638
0.00683326
0.00681139
0.00679069
0.00677106
0.00675243
0.00673473
0.00671791
0.00670192
0.00668669
0.0066722
0.00665841
0.00665843
0.00667693
0.0067108
0.00676561
0.00685553
0.00700109
0.0081214
0.00800613
0.00789523
0.00779385
0.00770114
0.00761633
0.00753864
0.00746737
0.00740188
0.0073416
0.007286
0.00723463
0.00718705
0.00714292
0.00710188
0.00706365
0.00702798
0.00699462
0.00696336
0.00693403
0.00690646
0.0068805
0.00685602
0.0068329
0.00681103
0.00679033
0.0067707
0.00675207
0.00673438
0.00671756
0.00670156
0.00668634
0.00667185
0.00665806
0.00665807
0.00667657
0.00671045
0.00676526
0.00685517
0.00700074
0.00812099
0.00800573
0.00789483
0.00779346
0.00770076
0.00761595
0.00753827
0.007467
0.00740152
0.00734125
0.00728566
0.00723428
0.00718672
0.00714258
0.00710155
0.00706333
0.00702766
0.0069943
0.00696305
0.00693372
0.00690616
0.0068802
0.00685572
0.0068326
0.00681073
0.00679003
0.0067704
0.00675178
0.00673408
0.00671726
0.00670127
0.00668604
0.00667155
0.00665776
0.00665778
0.00667628
0.00671015
0.00676496
0.00685487
0.00700044
0.00812065
0.00800539
0.0078945
0.00779314
0.00770045
0.00761564
0.00753796
0.00746671
0.00740124
0.00734096
0.00728538
0.00723401
0.00718645
0.00714232
0.00710129
0.00706307
0.0070274
0.00699404
0.0069628
0.00693347
0.00690591
0.00687995
0.00685547
0.00683236
0.00681049
0.00678979
0.00677016
0.00675154
0.00673385
0.00671703
0.00670103
0.00668581
0.00667132
0.00665753
0.00665755
0.00667605
0.00670992
0.00676473
0.00685464
0.0070002
0.00812036
0.00800511
0.00789422
0.00779287
0.00770018
0.00761538
0.0075377
0.00746645
0.00740098
0.00734072
0.00728514
0.00723377
0.00718621
0.00714208
0.00710105
0.00706284
0.00702717
0.00699381
0.00696257
0.00693325
0.00690568
0.00687973
0.00685525
0.00683214
0.00681028
0.00678958
0.00676995
0.00675132
0.00673363
0.00671682
0.00670082
0.0066856
0.00667111
0.00665732
0.00665734
0.00667584
0.00670971
0.00676453
0.00685444
0.007
0.00812012
0.00800487
0.00789399
0.00779263
0.00769995
0.00761515
0.00753748
0.00746623
0.00740077
0.0073405
0.00728492
0.00723356
0.007186
0.00714188
0.00710085
0.00706263
0.00702697
0.00699362
0.00696237
0.00693306
0.00690549
0.00687954
0.00685507
0.00683195
0.00681009
0.00678939
0.00676977
0.00675114
0.00673345
0.00671664
0.00670065
0.00668543
0.00667094
0.00665715
0.00665717
0.00667567
0.00670955
0.00676436
0.00685427
0.00699983
0.00811991
0.00800467
0.00789379
0.00779244
0.00769976
0.00761497
0.0075373
0.00746606
0.00740059
0.00734033
0.00728475
0.00723339
0.00718584
0.00714171
0.00710069
0.00706247
0.00702681
0.00699346
0.00696221
0.0069329
0.00690534
0.00687938
0.00685491
0.0068318
0.00680994
0.00678924
0.00676962
0.006751
0.00673331
0.00671649
0.0067005
0.00668528
0.0066708
0.00665701
0.00665703
0.00667553
0.00670941
0.00676422
0.00685413
0.00699969
0.00811976
0.00800451
0.00789364
0.00779229
0.00769961
0.00761482
0.00753715
0.00746591
0.00740045
0.00734019
0.00728461
0.00723326
0.0071857
0.00714158
0.00710055
0.00706234
0.00702668
0.00699333
0.00696209
0.00693277
0.00690521
0.00687926
0.00685479
0.00683167
0.00680982
0.00678912
0.0067695
0.00675088
0.00673319
0.00671638
0.00670038
0.00668517
0.00667068
0.00665689
0.00665691
0.00667541
0.00670928
0.0067641
0.00685401
0.00699957
0.0081196
0.00800436
0.00789349
0.00779215
0.00769947
0.00761468
0.00753702
0.00746578
0.00740032
0.00734006
0.00728449
0.00723313
0.00718558
0.00714146
0.00710044
0.00706223
0.00702657
0.00699322
0.00696198
0.00693267
0.00690511
0.00687916
0.00685468
0.00683157
0.00680971
0.00678902
0.0067694
0.00675078
0.00673309
0.00671627
0.00670028
0.00668506
0.00667057
0.00665678
0.0066568
0.0066753
0.00670917
0.00676399
0.00685389
0.00699945
0.00811948
0.00800424
0.00789337
0.00779203
0.00769936
0.00761457
0.00753691
0.00746567
0.00740021
0.00733996
0.00728439
0.00723303
0.00718548
0.00714136
0.00710034
0.00706213
0.00702647
0.00699313
0.00696189
0.00693257
0.00690501
0.00687906
0.00685459
0.00683148
0.00680962
0.00678893
0.00676931
0.00675068
0.00673299
0.00671618
0.00670018
0.00668496
0.00667047
0.00665668
0.0066567
0.0066752
0.00670907
0.00676389
0.0068538
0.00699935
0.00811939
0.00800415
0.00789328
0.00779194
0.00769926
0.00761448
0.00753682
0.00746558
0.00740012
0.00733986
0.00728429
0.00723294
0.00718539
0.00714127
0.00710025
0.00706204
0.00702638
0.00699304
0.0069618
0.00693248
0.00690492
0.00687898
0.00685451
0.0068314
0.00680954
0.00678884
0.00676922
0.0067506
0.00673291
0.00671609
0.00670009
0.00668487
0.00667039
0.0066566
0.00665662
0.00667512
0.00670899
0.00676381
0.00685372
0.00699928
0.0081193
0.00800407
0.0078932
0.00779186
0.00769919
0.0076144
0.00753674
0.0074655
0.00740004
0.00733979
0.00728422
0.00723286
0.00718531
0.00714119
0.00710017
0.00706196
0.0070263
0.00699296
0.00696172
0.0069324
0.00690484
0.0068789
0.00685443
0.00683132
0.00680946
0.00678876
0.00676914
0.00675052
0.00673283
0.00671601
0.00670002
0.0066848
0.00667032
0.00665654
0.00665656
0.00667506
0.00670894
0.00676375
0.00685366
0.00699922
0.00811924
0.00800401
0.00789314
0.0077918
0.00769912
0.00761434
0.00753668
0.00746544
0.00739998
0.00733972
0.00728415
0.00723279
0.00718524
0.00714112
0.0071001
0.00706189
0.00702622
0.00699288
0.00696164
0.00693233
0.00690477
0.00687882
0.00685435
0.00683125
0.00680939
0.00678869
0.00676907
0.00675045
0.00673276
0.00671595
0.00669996
0.00668475
0.00667027
0.00665648
0.00665651
0.00667501
0.00670889
0.0067637
0.00685361
0.00699917
0.0081192
0.00800396
0.00789309
0.00779175
0.00769907
0.00761429
0.00753663
0.00746539
0.00739993
0.00733967
0.0072841
0.00723274
0.00718519
0.00714107
0.00710005
0.00706183
0.00702617
0.00699283
0.00696159
0.00693228
0.00690472
0.00687878
0.00685431
0.0068312
0.00680934
0.00678864
0.00676902
0.0067504
0.00673271
0.0067159
0.00669991
0.0066847
0.00667022
0.00665644
0.00665646
0.00667497
0.00670884
0.00676366
0.00685357
0.00699913
0.00811918
0.00800395
0.00789308
0.00779173
0.00769905
0.00761427
0.0075366
0.00746536
0.0073999
0.00733964
0.00728407
0.00723271
0.00718515
0.00714103
0.00710001
0.00706179
0.00702613
0.00699279
0.00696155
0.00693224
0.00690468
0.00687873
0.00685426
0.00683115
0.00680929
0.0067886
0.00676898
0.00675036
0.00673268
0.00671587
0.00669988
0.00668467
0.00667019
0.00665641
0.00665643
0.00667494
0.00670881
0.00676363
0.00685354
0.00699909
0.00811918
0.00800395
0.00789307
0.00779173
0.00769905
0.00761426
0.0075366
0.00746535
0.00739989
0.00733963
0.00728406
0.0072327
0.00718514
0.00714102
0.0071
0.00706178
0.00702612
0.00699278
0.00696154
0.00693223
0.00690467
0.00687872
0.00685425
0.00683114
0.00680929
0.00678859
0.00676898
0.00675036
0.00673268
0.00671587
0.00669988
0.00668467
0.00667019
0.0066564
0.00665643
0.00667493
0.0067088
0.00676362
0.00685353
0.00699909
0.00811921
0.00800397
0.0078931
0.00779176
0.00769908
0.00761429
0.00753662
0.00746538
0.00739992
0.00733966
0.00728409
0.00723273
0.00718517
0.00714105
0.00710002
0.00706181
0.00702615
0.0069928
0.00696157
0.00693225
0.00690469
0.00687874
0.00685427
0.00683116
0.00680931
0.00678861
0.006769
0.00675038
0.0067327
0.00671589
0.0066999
0.00668469
0.0066702
0.00665642
0.00665644
0.00667495
0.00670882
0.00676363
0.00685354
0.0069991
0.00811924
0.008004
0.00789313
0.00779179
0.00769911
0.00761432
0.00753665
0.00746541
0.00739995
0.00733969
0.00728411
0.00723275
0.00718519
0.00714107
0.00710004
0.00706183
0.00702617
0.00699282
0.00696158
0.00693227
0.00690471
0.00687876
0.00685429
0.00683118
0.00680933
0.00678864
0.00676902
0.00675041
0.00673272
0.00671592
0.00669993
0.00668471
0.00667023
0.00665645
0.00665647
0.00667497
0.00670885
0.00676366
0.00685357
0.00699913
0.0081193
0.00800406
0.00789319
0.00779184
0.00769916
0.00761437
0.0075367
0.00746546
0.0074
0.00733974
0.00728416
0.0072328
0.00718524
0.00714111
0.00710009
0.00706188
0.00702621
0.00699286
0.00696163
0.00693231
0.00690475
0.0068788
0.00685433
0.00683122
0.00680937
0.00678868
0.00676907
0.00675045
0.00673277
0.00671596
0.00669997
0.00668476
0.00667027
0.00665649
0.00665651
0.00667502
0.00670889
0.0067637
0.00685361
0.00699917
0.00811937
0.00800413
0.00789326
0.00779191
0.00769923
0.00761444
0.00753677
0.00746553
0.00740006
0.0073398
0.00728422
0.00723286
0.0071853
0.00714118
0.00710015
0.00706194
0.00702628
0.00699293
0.00696169
0.00693237
0.00690481
0.00687886
0.00685439
0.00683129
0.00680943
0.00678874
0.00676913
0.00675051
0.00673283
0.00671602
0.00670003
0.00668482
0.00667033
0.00665655
0.00665657
0.00667508
0.00670895
0.00676377
0.00685367
0.00699923
0.00811946
0.00800421
0.00789334
0.00779199
0.00769931
0.00761452
0.00753685
0.00746561
0.00740015
0.00733989
0.00728431
0.00723295
0.00718539
0.00714126
0.00710024
0.00706203
0.00702636
0.00699301
0.00696177
0.00693245
0.00690489
0.00687895
0.00685448
0.00683137
0.00680952
0.00678883
0.00676921
0.00675059
0.00673291
0.0067161
0.00670011
0.00668489
0.00667041
0.00665663
0.00665665
0.00667516
0.00670903
0.00676384
0.00685375
0.00699931
0.0081196
0.00800436
0.00789348
0.00779213
0.00769945
0.00761465
0.00753699
0.00746574
0.00740028
0.00734002
0.00728444
0.00723308
0.00718552
0.00714139
0.00710037
0.00706215
0.00702648
0.00699313
0.00696189
0.00693257
0.00690501
0.00687906
0.00685459
0.00683148
0.00680963
0.00678894
0.00676932
0.0067507
0.00673301
0.0067162
0.00670021
0.006685
0.00667052
0.00665673
0.00665675
0.00667526
0.00670913
0.00676394
0.00685385
0.00699941
0.00811979
0.00800454
0.00789366
0.0077923
0.00769962
0.00761482
0.00753715
0.0074659
0.00740043
0.00734017
0.00728459
0.00723323
0.00718567
0.00714154
0.00710051
0.00706229
0.00702662
0.00699327
0.00696203
0.00693271
0.00690515
0.0068792
0.00685473
0.00683162
0.00680977
0.00678907
0.00676945
0.00675083
0.00673315
0.00671634
0.00670035
0.00668513
0.00667065
0.00665686
0.00665688
0.00667539
0.00670926
0.00676407
0.00685398
0.00699954
0.00812001
0.00800476
0.00789387
0.00779251
0.00769982
0.00761502
0.00753735
0.00746609
0.00740062
0.00734036
0.00728477
0.00723341
0.00718585
0.00714172
0.00710069
0.00706247
0.0070268
0.00699344
0.0069622
0.00693288
0.00690532
0.00687937
0.0068549
0.00683179
0.00680993
0.00678924
0.00676962
0.006751
0.00673331
0.0067165
0.00670051
0.00668529
0.00667081
0.00665702
0.00665704
0.00667555
0.00670942
0.00676423
0.00685414
0.0069997
0.00812027
0.00800501
0.00789412
0.00779276
0.00770006
0.00761526
0.00753758
0.00746632
0.00740085
0.00734058
0.00728499
0.00723362
0.00718606
0.00714193
0.00710089
0.00706267
0.007027
0.00699365
0.00696241
0.00693309
0.00690553
0.00687957
0.0068551
0.00683199
0.00681013
0.00678943
0.00676981
0.00675119
0.00673351
0.0067167
0.00670071
0.00668549
0.006671
0.00665722
0.00665724
0.00667574
0.00670961
0.00676442
0.00685433
0.00699989
0.00812058
0.00800532
0.00789442
0.00779306
0.00770036
0.00761555
0.00753786
0.0074666
0.00740112
0.00734085
0.00728526
0.00723389
0.00718632
0.00714218
0.00710115
0.00706292
0.00702725
0.0069939
0.00696265
0.00693333
0.00690577
0.00687982
0.00685534
0.00683223
0.00681037
0.00678967
0.00677005
0.00675143
0.00673375
0.00671693
0.00670094
0.00668572
0.00667124
0.00665745
0.00665747
0.00667597
0.00670984
0.00676465
0.00685456
0.00700012
0.00812098
0.00800571
0.00789481
0.00779343
0.00770073
0.00761591
0.00753822
0.00746696
0.00740147
0.00734119
0.0072856
0.00723422
0.00718665
0.00714251
0.00710147
0.00706324
0.00702757
0.00699421
0.00696296
0.00693364
0.00690608
0.00688012
0.00685564
0.00683253
0.00681067
0.00678997
0.00677035
0.00675173
0.00673404
0.00671723
0.00670123
0.00668601
0.00667153
0.00665774
0.00665776
0.00667626
0.00671013
0.00676495
0.00685486
0.00700042
0.00812146
0.00800618
0.00789527
0.00779389
0.00770117
0.00761635
0.00753866
0.00746738
0.00740189
0.00734161
0.007286
0.00723462
0.00718704
0.0071429
0.00710185
0.00706362
0.00702794
0.00699459
0.00696333
0.00693401
0.00690644
0.00688048
0.006856
0.00683288
0.00681102
0.00679032
0.0067707
0.00675207
0.00673439
0.00671757
0.00670157
0.00668636
0.00667187
0.00665808
0.0066581
0.0066766
0.00671047
0.00676528
0.00685519
0.00700074
0.00812204
0.00800675
0.00789583
0.00779444
0.00770171
0.00761688
0.00753917
0.00746789
0.00740239
0.0073421
0.00728649
0.0072351
0.00718752
0.00714336
0.00710232
0.00706408
0.0070284
0.00699504
0.00696378
0.00693445
0.00690688
0.00688092
0.00685643
0.00683331
0.00681145
0.00679074
0.00677112
0.00675249
0.0067348
0.00671798
0.00670199
0.00668677
0.00667228
0.00665849
0.00665851
0.00667701
0.00671088
0.00676569
0.0068556
0.00700117
0.00812274
0.00800743
0.00789648
0.00779507
0.00770233
0.00761749
0.00753977
0.00746848
0.00740297
0.00734267
0.00728705
0.00723565
0.00718806
0.0071439
0.00710285
0.00706461
0.00702892
0.00699555
0.00696429
0.00693496
0.00690738
0.00688141
0.00685693
0.0068338
0.00681193
0.00679123
0.0067716
0.00675297
0.00673528
0.00671846
0.00670246
0.00668723
0.00667274
0.00665895
0.00665897
0.00667747
0.00671135
0.00676617
0.00685608
0.00700165
0.00812326
0.00800793
0.00789696
0.00779553
0.00770278
0.00761792
0.00754019
0.00746888
0.00740336
0.00734305
0.00728742
0.00723602
0.00718842
0.00714426
0.0071032
0.00706496
0.00702926
0.00699589
0.00696463
0.00693529
0.00690771
0.00688174
0.00685725
0.00683413
0.00681226
0.00679155
0.00677192
0.00675329
0.00673559
0.00671877
0.00670277
0.00668755
0.00667305
0.00665926
0.00665928
0.00667778
0.00671165
0.00676647
0.00685638
0.00700195
0.00812187
0.00800653
0.00789556
0.00779413
0.00770137
0.00761651
0.00753878
0.00746748
0.00740196
0.00734166
0.00728603
0.00723463
0.00718704
0.00714288
0.00710183
0.0070636
0.00702791
0.00699454
0.00696329
0.00693396
0.00690638
0.00688042
0.00685594
0.00683282
0.00681096
0.00679026
0.00677064
0.00675201
0.00673432
0.00671751
0.00670151
0.0066863
0.00667181
0.00665802
0.00665804
0.00667655
0.00671042
0.00676524
0.00685515
0.00700072
0.00811164
0.00799641
0.00788557
0.00778426
0.00769161
0.00760686
0.00752924
0.00745804
0.00739262
0.0073324
0.00727687
0.00722555
0.00717804
0.00713395
0.00709297
0.0070548
0.00701918
0.00698588
0.00695468
0.00692541
0.00689789
0.00687198
0.00684755
0.00682448
0.00680266
0.006782
0.00676242
0.00674384
0.00672619
0.00670941
0.00669345
0.00667827
0.00666382
0.00665006
0.0066501
0.00666861
0.00670248
0.00675728
0.00684715
0.00699264
0.00808171
0.00796679
0.00785622
0.00775519
0.00766284
0.00757837
0.00750103
0.00743011
0.00736495
0.00730499
0.0072497
0.00719861
0.00715132
0.00710745
0.00706667
0.00702869
0.00699325
0.00696011
0.00692907
0.00689995
0.00687258
0.0068468
0.0068225
0.00679955
0.00677784
0.00675729
0.00673781
0.00671932
0.00670176
0.00668506
0.00666918
0.00665407
0.00663968
0.00662599
0.00662659
0.0066457
0.00667998
0.00673521
0.0068256
0.00697161
0.00829454
0.00816382
0.00803771
0.0079224
0.007817
0.00772065
0.00763249
0.0075517
0.00747755
0.00740935
0.0073465
0.00728846
0.00723475
0.00718493
0.00713864
0.00709551
0.00705527
0.00701763
0.00698236
0.00694925
0.00691811
0.00688877
0.00686108
0.00683491
0.00681013
0.00678664
0.00676435
0.00674316
0.00672301
0.00670383
0.00668556
0.00666814
0.00665154
0.0066357
0.00663584
0.00665587
0.00669165
0.00674944
0.00684447
0.00699831
0.00832897
0.00819801
0.00807163
0.00795602
0.00785029
0.00775361
0.00766512
0.007584
0.00750952
0.007441
0.00737785
0.00731951
0.00726552
0.00721543
0.00716887
0.0071255
0.00708502
0.00704715
0.00701166
0.00697834
0.006947
0.00691748
0.00688961
0.00686327
0.00683833
0.00681469
0.00679225
0.00677093
0.00675065
0.00673135
0.00671296
0.00669543
0.00667872
0.00666279
0.00666258
0.00668209
0.00671733
0.00677457
0.00686901
0.0070223
0.00834124
0.0082102
0.00808368
0.00796794
0.00786209
0.00776528
0.00767665
0.00759541
0.00752081
0.00745217
0.0073889
0.00733046
0.00727636
0.00722617
0.00717951
0.00713604
0.00709546
0.0070575
0.00702192
0.00698851
0.00695709
0.00692748
0.00689953
0.00687311
0.0068481
0.00682439
0.00680188
0.00678049
0.00676015
0.00674078
0.00672233
0.00670474
0.00668797
0.00667198
0.00667173
0.00669122
0.00672645
0.00678369
0.00687816
0.00703153
0.00834361
0.0082126
0.0080861
0.00797037
0.00786452
0.00776771
0.00767908
0.00759783
0.00752322
0.00745457
0.00739128
0.00733282
0.0072787
0.00722849
0.00718181
0.00713832
0.00709772
0.00705973
0.00702413
0.00699071
0.00695926
0.00692962
0.00690165
0.00687521
0.00685018
0.00682645
0.00680392
0.00678251
0.00676215
0.00674276
0.00672428
0.00670668
0.00668989
0.00667389
0.00667363
0.0066931
0.00672833
0.00678557
0.00688004
0.00703342
0.00834344
0.00821247
0.00808599
0.00797027
0.00786444
0.00776764
0.00767903
0.00759779
0.00752318
0.00745454
0.00739126
0.00733281
0.00727869
0.00722848
0.0071818
0.00713831
0.00709771
0.00705973
0.00702413
0.0069907
0.00695925
0.00692961
0.00690164
0.00687519
0.00685016
0.00682642
0.00680389
0.00678248
0.00676211
0.00674272
0.00672424
0.00670663
0.00668984
0.00667384
0.00667357
0.00669305
0.00672827
0.00678551
0.00687998
0.00703335
0.0083428
0.00821185
0.00808539
0.0079697
0.00786388
0.0077671
0.0076785
0.00759727
0.00752268
0.00745405
0.00739078
0.00733233
0.00727822
0.00722803
0.00718136
0.00713787
0.00709728
0.0070593
0.0070237
0.00699028
0.00695883
0.0069292
0.00690122
0.00687478
0.00684974
0.00682601
0.00680348
0.00678207
0.0067617
0.00674231
0.00672384
0.00670623
0.00668944
0.00667343
0.00667317
0.00669264
0.00672786
0.0067851
0.00687957
0.00703294
0.00834218
0.00821124
0.00808479
0.00796911
0.00786331
0.00776654
0.00767795
0.00759673
0.00752215
0.00745353
0.00739027
0.00733183
0.00727773
0.00722754
0.00718087
0.0071374
0.00709681
0.00705884
0.00702325
0.00698982
0.00695838
0.00692875
0.00690078
0.00687434
0.00684931
0.00682558
0.00680305
0.00678164
0.00676127
0.00674188
0.00672341
0.0067058
0.00668902
0.00667301
0.00667275
0.00669222
0.00672744
0.00678468
0.00687914
0.00703252
0.00834167
0.00821074
0.0080843
0.00796863
0.00786283
0.00776607
0.00767749
0.00759628
0.0075217
0.00745309
0.00738984
0.0073314
0.00727731
0.00722712
0.00718047
0.007137
0.00709641
0.00705845
0.00702286
0.00698944
0.006958
0.00692838
0.00690041
0.00687398
0.00684895
0.00682522
0.00680269
0.00678128
0.00676092
0.00674153
0.00672306
0.00670545
0.00668866
0.00667266
0.00667239
0.00669187
0.00672709
0.00678432
0.00687879
0.00703216
0.00834124
0.00821032
0.00808389
0.00796822
0.00786243
0.00776568
0.0076771
0.0075959
0.00752133
0.00745272
0.00738947
0.00733105
0.00727696
0.00722678
0.00718012
0.00713666
0.00709607
0.00705811
0.00702253
0.00698912
0.00695768
0.00692806
0.0069001
0.00687367
0.00684864
0.00682491
0.00680239
0.00678098
0.00676062
0.00674123
0.00672276
0.00670515
0.00668837
0.00667236
0.0066721
0.00669157
0.00672679
0.00678403
0.00687849
0.00703186
0.00834089
0.00820997
0.00808355
0.00796789
0.0078621
0.00776536
0.00767679
0.00759559
0.00752102
0.00745242
0.00738918
0.00733076
0.00727667
0.0072265
0.00717985
0.00713638
0.00709581
0.00705785
0.00702227
0.00698886
0.00695743
0.00692781
0.00689985
0.00687342
0.00684839
0.00682467
0.00680214
0.00678074
0.00676038
0.00674099
0.00672252
0.00670492
0.00668813
0.00667213
0.00667187
0.00669134
0.00672656
0.0067838
0.00687826
0.00703163
0.00834058
0.00820968
0.00808326
0.0079676
0.00786183
0.00776508
0.00767652
0.00759533
0.00752077
0.00745217
0.00738893
0.00733051
0.00727643
0.00722626
0.00717961
0.00713615
0.00709557
0.00705761
0.00702203
0.00698862
0.0069572
0.00692758
0.00689962
0.00687319
0.00684817
0.00682444
0.00680192
0.00678052
0.00676016
0.00674077
0.00672231
0.0067047
0.00668792
0.00667192
0.00667166
0.00669114
0.00672636
0.00678359
0.00687806
0.00703142
0.00834034
0.00820944
0.00808302
0.00796737
0.00786159
0.00776485
0.00767629
0.0075951
0.00752054
0.00745195
0.00738871
0.0073303
0.00727622
0.00722605
0.0071794
0.00713594
0.00709537
0.00705741
0.00702183
0.00698843
0.006957
0.00692739
0.00689943
0.006873
0.00684798
0.00682425
0.00680173
0.00678033
0.00675997
0.00674059
0.00672213
0.00670453
0.00668774
0.00667174
0.00667149
0.00669097
0.00672619
0.00678343
0.00687789
0.00703126
0.00834013
0.00820923
0.00808282
0.00796717
0.0078614
0.00776466
0.0076761
0.00759492
0.00752036
0.00745177
0.00738854
0.00733013
0.00727605
0.00722588
0.00717923
0.00713577
0.0070952
0.00705725
0.00702167
0.00698826
0.00695684
0.00692722
0.00689927
0.00687284
0.00684782
0.0068241
0.00680158
0.00678018
0.00675982
0.00674044
0.00672198
0.00670438
0.0066876
0.0066716
0.00667134
0.00669082
0.00672605
0.00678328
0.00687775
0.00703111
0.00833997
0.00820907
0.00808267
0.00796702
0.00786125
0.00776451
0.00767596
0.00759477
0.00752022
0.00745163
0.0073884
0.00732998
0.00727591
0.00722574
0.0071791
0.00713564
0.00709506
0.00705711
0.00702154
0.00698813
0.00695671
0.00692709
0.00689914
0.00687271
0.00684769
0.00682397
0.00680145
0.00678005
0.0067597
0.00674032
0.00672185
0.00670426
0.00668748
0.00667148
0.00667122
0.0066907
0.00672592
0.00678316
0.00687762
0.00703099
0.00833981
0.00820892
0.00808251
0.00796687
0.0078611
0.00776437
0.00767581
0.00759463
0.00752008
0.00745149
0.00738827
0.00732986
0.00727578
0.00722562
0.00717898
0.00713552
0.00709495
0.007057
0.00702143
0.00698802
0.0069566
0.00692699
0.00689903
0.0068726
0.00684758
0.00682386
0.00680135
0.00677995
0.00675959
0.00674021
0.00672175
0.00670415
0.00668737
0.00667137
0.00667111
0.00669059
0.00672581
0.00678305
0.00687751
0.00703088
0.00833969
0.00820879
0.00808239
0.00796675
0.00786098
0.00776425
0.0076757
0.00759452
0.00751998
0.00745139
0.00738816
0.00732975
0.00727568
0.00722552
0.00717888
0.00713542
0.00709486
0.0070569
0.00702133
0.00698793
0.00695651
0.00692689
0.00689894
0.00687252
0.0068475
0.00682378
0.00680126
0.00677987
0.00675951
0.00674013
0.00672166
0.00670406
0.00668728
0.00667128
0.00667102
0.0066905
0.00672572
0.00678295
0.00687742
0.00703078
0.00833959
0.0082087
0.0080823
0.00796665
0.00786089
0.00776416
0.00767561
0.00759443
0.00751988
0.0074513
0.00738807
0.00732966
0.00727559
0.00722543
0.00717879
0.00713534
0.00709477
0.00705682
0.00702125
0.00698785
0.00695643
0.00692682
0.00689887
0.00687245
0.00684743
0.00682371
0.0068012
0.0067798
0.00675944
0.00674006
0.00672159
0.00670399
0.0066872
0.0066712
0.00667095
0.00669042
0.00672564
0.00678288
0.00687735
0.00703071
0.00833951
0.00820861
0.00808221
0.00796658
0.00786081
0.00776409
0.00767554
0.00759436
0.00751981
0.00745123
0.007388
0.0073296
0.00727553
0.00722536
0.00717872
0.00713527
0.0070947
0.00705675
0.00702118
0.00698778
0.00695636
0.00692675
0.0068988
0.00687238
0.00684736
0.00682364
0.00680112
0.00677972
0.00675936
0.00673998
0.00672152
0.00670392
0.00668714
0.00667114
0.00667088
0.00669037
0.00672559
0.00678283
0.00687729
0.00703066
0.00833945
0.00820856
0.00808216
0.00796652
0.00786076
0.00776403
0.00767548
0.0075943
0.00751975
0.00745117
0.00738794
0.00732953
0.00727546
0.00722529
0.00717865
0.0071352
0.00709463
0.00705668
0.00702111
0.0069877
0.00695628
0.00692668
0.00689873
0.0068723
0.00684729
0.00682357
0.00680105
0.00677965
0.00675929
0.00673991
0.00672145
0.00670386
0.00668708
0.00667108
0.00667083
0.00669031
0.00672553
0.00678277
0.00687724
0.0070306
0.00833941
0.00820851
0.00808211
0.00796647
0.00786071
0.00776398
0.00767543
0.00759425
0.00751971
0.00745112
0.00738789
0.00732948
0.00727541
0.00722525
0.00717861
0.00713515
0.00709458
0.00705663
0.00702106
0.00698766
0.00695624
0.00692663
0.00689868
0.00687226
0.00684724
0.00682352
0.006801
0.0067796
0.00675924
0.00673986
0.0067214
0.00670381
0.00668703
0.00667104
0.00667078
0.00669026
0.00672549
0.00678273
0.00687719
0.00703055
0.0083394
0.00820851
0.00808211
0.00796647
0.0078607
0.00776397
0.00767542
0.00759424
0.00751969
0.0074511
0.00738787
0.00732946
0.00727539
0.00722522
0.00717858
0.00713512
0.00709455
0.0070566
0.00702103
0.00698763
0.0069562
0.00692659
0.00689864
0.00687222
0.0068472
0.00682348
0.00680096
0.00677956
0.00675921
0.00673983
0.00672137
0.00670378
0.006687
0.00667101
0.00667075
0.00669023
0.00672546
0.0067827
0.00687716
0.00703052
0.0083394
0.00820851
0.00808211
0.00796646
0.0078607
0.00776397
0.00767542
0.00759423
0.00751968
0.00745109
0.00738786
0.00732945
0.00727538
0.00722521
0.00717856
0.0071351
0.00709453
0.00705658
0.00702101
0.00698761
0.00695619
0.00692658
0.00689863
0.0068722
0.00684718
0.00682346
0.00680095
0.00677955
0.0067592
0.00673983
0.00672137
0.00670377
0.006687
0.006671
0.00667075
0.00669023
0.00672545
0.00678269
0.00687716
0.00703052
0.00833943
0.00820854
0.00808213
0.00796649
0.00786073
0.00776399
0.00767544
0.00759426
0.00751971
0.00745112
0.00738789
0.00732948
0.0072754
0.00722523
0.00717859
0.00713513
0.00709456
0.00705661
0.00702104
0.00698763
0.00695621
0.0069266
0.00689865
0.00687222
0.0068472
0.00682348
0.00680097
0.00677957
0.00675922
0.00673984
0.00672139
0.00670379
0.00668702
0.00667102
0.00667077
0.00669025
0.00672547
0.00678271
0.00687717
0.00703053
0.00833946
0.00820857
0.00808217
0.00796652
0.00786076
0.00776403
0.00767547
0.00759429
0.00751974
0.00745115
0.00738792
0.00732951
0.00727543
0.00722526
0.00717862
0.00713516
0.00709459
0.00705663
0.00702106
0.00698766
0.00695624
0.00692662
0.00689867
0.00687224
0.00684723
0.00682351
0.006801
0.0067796
0.00675925
0.00673988
0.00672142
0.00670382
0.00668705
0.00667105
0.0066708
0.00669028
0.0067255
0.00678274
0.0068772
0.00703056
0.00833953
0.00820863
0.00808222
0.00796658
0.00786081
0.00776408
0.00767553
0.00759435
0.00751979
0.0074512
0.00738797
0.00732956
0.00727548
0.00722531
0.00717867
0.00713521
0.00709463
0.00705668
0.00702111
0.0069877
0.00695628
0.00692667
0.00689871
0.00687229
0.00684727
0.00682356
0.00680104
0.00677965
0.0067593
0.00673992
0.00672146
0.00670387
0.00668709
0.0066711
0.00667084
0.00669032
0.00672555
0.00678279
0.00687725
0.00703061
0.0083396
0.0082087
0.00808229
0.00796665
0.00786088
0.00776415
0.00767559
0.00759441
0.00751986
0.00745127
0.00738804
0.00732962
0.00727555
0.00722538
0.00717873
0.00713527
0.0070947
0.00705675
0.00702117
0.00698777
0.00695634
0.00692673
0.00689878
0.00687235
0.00684734
0.00682362
0.00680111
0.00677971
0.00675936
0.00673998
0.00672152
0.00670393
0.00668715
0.00667116
0.0066709
0.00669038
0.00672561
0.00678285
0.00687731
0.00703067
0.00833969
0.00820879
0.00808238
0.00796673
0.00786096
0.00776423
0.00767568
0.00759449
0.00751994
0.00745135
0.00738812
0.00732971
0.00727563
0.00722546
0.00717882
0.00713536
0.00709478
0.00705683
0.00702125
0.00698785
0.00695642
0.00692681
0.00689886
0.00687244
0.00684742
0.0068237
0.00680119
0.00677979
0.00675944
0.00674006
0.0067216
0.00670401
0.00668723
0.00667124
0.00667098
0.00669046
0.00672568
0.00678292
0.00687738
0.00703075
0.00833983
0.00820893
0.00808252
0.00796687
0.0078611
0.00776437
0.00767581
0.00759462
0.00752007
0.00745148
0.00738824
0.00732983
0.00727575
0.00722558
0.00717894
0.00713548
0.0070949
0.00705695
0.00702137
0.00698796
0.00695654
0.00692692
0.00689897
0.00687255
0.00684753
0.00682381
0.0068013
0.0067799
0.00675955
0.00674017
0.00672171
0.00670411
0.00668733
0.00667134
0.00667108
0.00669056
0.00672578
0.00678302
0.00687748
0.00703085
0.00834002
0.00820912
0.00808271
0.00796705
0.00786128
0.00776454
0.00767598
0.00759479
0.00752023
0.00745164
0.0073884
0.00732999
0.00727591
0.00722574
0.00717909
0.00713563
0.00709505
0.00705709
0.00702151
0.00698811
0.00695668
0.00692707
0.00689912
0.00687269
0.00684767
0.00682395
0.00680144
0.00678004
0.00675968
0.0067403
0.00672184
0.00670424
0.00668747
0.00667147
0.00667121
0.00669069
0.00672591
0.00678315
0.00687761
0.00703098
0.00834026
0.00820935
0.00808293
0.00796727
0.0078615
0.00776475
0.00767619
0.00759499
0.00752043
0.00745183
0.0073886
0.00733018
0.0072761
0.00722592
0.00717927
0.00713581
0.00709523
0.00705727
0.00702169
0.00698828
0.00695685
0.00692724
0.00689929
0.00687286
0.00684784
0.00682412
0.0068016
0.0067802
0.00675985
0.00674047
0.00672201
0.00670441
0.00668763
0.00667163
0.00667137
0.00669085
0.00672607
0.00678331
0.00687777
0.00703113
0.00834052
0.00820961
0.00808319
0.00796753
0.00786174
0.007765
0.00767643
0.00759523
0.00752067
0.00745206
0.00738882
0.0073304
0.00727632
0.00722614
0.00717949
0.00713602
0.00709544
0.00705748
0.0070219
0.00698849
0.00695706
0.00692745
0.00689949
0.00687307
0.00684804
0.00682432
0.00680181
0.00678041
0.00676005
0.00674067
0.00672221
0.00670461
0.00668783
0.00667183
0.00667157
0.00669105
0.00672627
0.00678351
0.00687797
0.00703133
0.00834084
0.00820993
0.0080835
0.00796783
0.00786205
0.00776529
0.00767672
0.00759552
0.00752095
0.00745235
0.0073891
0.00733068
0.00727659
0.00722641
0.00717975
0.00713628
0.0070957
0.00705773
0.00702215
0.00698875
0.00695732
0.0069277
0.00689974
0.00687331
0.00684829
0.00682457
0.00680205
0.00678065
0.00676029
0.00674091
0.00672245
0.00670485
0.00668807
0.00667207
0.00667181
0.00669129
0.00672651
0.00678375
0.00687821
0.00703158
0.00834125
0.00821033
0.0080839
0.00796822
0.00786243
0.00776567
0.00767709
0.00759589
0.00752131
0.0074527
0.00738945
0.00733102
0.00727693
0.00722674
0.00718008
0.00713661
0.00709602
0.00705806
0.00702248
0.00698906
0.00695763
0.00692801
0.00690005
0.00687362
0.0068486
0.00682487
0.00680235
0.00678095
0.00676059
0.00674121
0.00672274
0.00670514
0.00668836
0.00667236
0.0066721
0.00669158
0.0067268
0.00678404
0.0068785
0.00703187
0.00834176
0.00821082
0.00808438
0.0079687
0.00786289
0.00776613
0.00767754
0.00759633
0.00752175
0.00745313
0.00738987
0.00733144
0.00727734
0.00722715
0.00718048
0.00713701
0.00709642
0.00705845
0.00702286
0.00698945
0.00695801
0.00692839
0.00690043
0.00687399
0.00684896
0.00682524
0.00680271
0.00678131
0.00676095
0.00674156
0.0067231
0.0067055
0.00668871
0.00667271
0.00667245
0.00669193
0.00672715
0.00678439
0.00687885
0.00703222
0.00834237
0.00821142
0.00808496
0.00796927
0.00786345
0.00776667
0.00767808
0.00759685
0.00752226
0.00745364
0.00739038
0.00733193
0.00727783
0.00722763
0.00718096
0.00713748
0.00709688
0.00705891
0.00702332
0.0069899
0.00695846
0.00692883
0.00690086
0.00687442
0.00684939
0.00682566
0.00680314
0.00678173
0.00676137
0.00674198
0.00672351
0.0067059
0.00668912
0.00667312
0.00667286
0.00669234
0.00672756
0.0067848
0.00687927
0.00703264
0.0083431
0.00821213
0.00808566
0.00796994
0.00786411
0.00776732
0.0076787
0.00759747
0.00752287
0.00745423
0.00739096
0.00733251
0.00727839
0.00722819
0.00718151
0.00713802
0.00709742
0.00705944
0.00702385
0.00699042
0.00695898
0.00692935
0.00690138
0.00687493
0.0068499
0.00682616
0.00680363
0.00678222
0.00676186
0.00674247
0.00672399
0.00670639
0.0066896
0.00667359
0.00667333
0.00669281
0.00672803
0.00678527
0.00687973
0.00703311
0.0083437
0.00821271
0.00808621
0.00797047
0.00786462
0.00776781
0.00767918
0.00759793
0.00752331
0.00745467
0.00739138
0.00733292
0.0072788
0.00722858
0.0071819
0.0071384
0.0070978
0.00705981
0.00702421
0.00699078
0.00695934
0.0069297
0.00690173
0.00687528
0.00685024
0.00682651
0.00680398
0.00678256
0.0067622
0.0067428
0.00672433
0.00670672
0.00668993
0.00667393
0.00667366
0.00669314
0.00672836
0.0067856
0.00688007
0.00703345
0.00834245
0.00821144
0.00808493
0.00796919
0.00786333
0.00776652
0.00767789
0.00759664
0.00752203
0.00745339
0.00739011
0.00733165
0.00727753
0.00722733
0.00718065
0.00713716
0.00709657
0.00705859
0.007023
0.00698958
0.00695814
0.00692851
0.00690054
0.00687411
0.00684908
0.00682535
0.00680282
0.00678142
0.00676106
0.00674167
0.0067232
0.0067056
0.00668882
0.00667281
0.00667255
0.00669202
0.00672724
0.00678447
0.00687893
0.0070323
0.00833216
0.00820126
0.00807487
0.00795925
0.00785352
0.00775683
0.00766831
0.00758717
0.00751267
0.00744412
0.00738094
0.00732257
0.00726854
0.00721841
0.00717181
0.0071284
0.00708787
0.00704996
0.00701444
0.00698108
0.0069497
0.00692013
0.00689222
0.00686583
0.00684086
0.00681718
0.0067947
0.00677334
0.00675302
0.00673368
0.00671526
0.00669769
0.00668095
0.00666498
0.00666474
0.00668423
0.00671945
0.00677667
0.00687108
0.00702437
0.00830058
0.00816998
0.00804386
0.00792854
0.00782311
0.00772673
0.00763853
0.0075577
0.00748349
0.00741523
0.00735232
0.00729422
0.00724044
0.00719055
0.00714418
0.00710099
0.00706067
0.00702296
0.00698761
0.00695443
0.00692321
0.00689379
0.00686603
0.00683978
0.00681493
0.00679138
0.00676902
0.00674777
0.00672755
0.0067083
0.00668997
0.00667249
0.00665582
0.00663994
0.00664035
0.00666049
0.00669613
0.00675382
0.00684881
0.00700266
0.00854771
0.00840042
0.00825736
0.00812627
0.00800634
0.00789671
0.00779642
0.00770457
0.00762031
0.00754286
0.00747152
0.00740566
0.00734473
0.00728823
0.00723571
0.00718678
0.0071411
0.00709836
0.00705828
0.00702063
0.00698519
0.00695176
0.00692018
0.0068903
0.00686197
0.00683508
0.00680951
0.00678518
0.006762
0.0067399
0.0067188
0.00669865
0.0066794
0.00666102
0.00666082
0.00668178
0.00671882
0.00677905
0.0068788
0.00704082
0.0085835
0.00843602
0.00829271
0.00816132
0.00804106
0.00793107
0.00783042
0.00773821
0.00765359
0.00757579
0.00750411
0.00743793
0.00737668
0.00731987
0.00726706
0.00721785
0.0071719
0.0071289
0.00708858
0.0070507
0.00701503
0.00698139
0.00694961
0.00691954
0.00689103
0.00686396
0.00683824
0.00681376
0.00679043
0.00676819
0.00674696
0.00672669
0.00670732
0.00668883
0.00668824
0.00670863
0.0067451
0.00680474
0.00690386
0.0070653
0.00859546
0.0084479
0.00830446
0.00817294
0.00805254
0.00794241
0.00784162
0.00774928
0.00766453
0.0075866
0.0075148
0.0074485
0.00738713
0.00733021
0.00727729
0.00722798
0.00718193
0.00713883
0.00709842
0.00706044
0.00702468
0.00699096
0.00695909
0.00692894
0.00690035
0.00687321
0.00684741
0.00682286
0.00679946
0.00677715
0.00675586
0.00673552
0.0067161
0.00669755
0.00669691
0.00671728
0.00675374
0.00681339
0.00691254
0.00707406
0.00859745
0.00844994
0.00830652
0.00817502
0.00805463
0.0079445
0.00784372
0.00775137
0.00766661
0.00758868
0.00751686
0.00745054
0.00738916
0.00733222
0.00727929
0.00722995
0.00718388
0.00714077
0.00710033
0.00706233
0.00702655
0.0069928
0.00696092
0.00693073
0.00690213
0.00687497
0.00684915
0.00682458
0.00680116
0.00677883
0.00675752
0.00673717
0.00671773
0.00669916
0.00669851
0.00671887
0.00675533
0.00681497
0.00691413
0.00707566
0.00859713
0.00844966
0.00830626
0.00817478
0.0080544
0.0079443
0.00784353
0.00775119
0.00766645
0.00758852
0.00751671
0.0074504
0.00738902
0.00733209
0.00727915
0.00722982
0.00718375
0.00714064
0.0071002
0.0070622
0.00702642
0.00699267
0.00696078
0.0069306
0.00690199
0.00687482
0.006849
0.00682443
0.00680101
0.00677868
0.00675737
0.00673701
0.00671757
0.006699
0.00669835
0.00671871
0.00675516
0.0068148
0.00691395
0.00707548
0.00859643
0.00844897
0.0083056
0.00817413
0.00805378
0.00794369
0.00784294
0.00775062
0.00766589
0.00758797
0.00751617
0.00744987
0.0073885
0.00733158
0.00727865
0.00722933
0.00718327
0.00714016
0.00709973
0.00706173
0.00702596
0.00699221
0.00696033
0.00693015
0.00690154
0.00687438
0.00684856
0.00682399
0.00680057
0.00677824
0.00675693
0.00673657
0.00671713
0.00669856
0.00669791
0.00671827
0.00675472
0.00681436
0.00691351
0.00707504
0.00859576
0.00844832
0.00830497
0.00817351
0.00805318
0.0079431
0.00784236
0.00775005
0.00766533
0.00758742
0.00751563
0.00744934
0.00738798
0.00733106
0.00727814
0.00722883
0.00718277
0.00713967
0.00709924
0.00706126
0.00702549
0.00699175
0.00695987
0.00692969
0.00690109
0.00687393
0.00684812
0.00682354
0.00680013
0.0067778
0.00675649
0.00673614
0.0067167
0.00669813
0.00669748
0.00671784
0.00675428
0.00681393
0.00691308
0.0070746
0.00859523
0.0084478
0.00830446
0.00817301
0.00805268
0.00794262
0.00784188
0.00774958
0.00766486
0.00758696
0.00751518
0.00744889
0.00738754
0.00733063
0.00727771
0.00722841
0.00718236
0.00713926
0.00709884
0.00706085
0.00702509
0.00699136
0.00695948
0.00692931
0.00690071
0.00687356
0.00684775
0.00682318
0.00679977
0.00677744
0.00675613
0.00673578
0.00671634
0.00669777
0.00669712
0.00671748
0.00675393
0.00681357
0.00691272
0.00707424
0.0085948
0.00844737
0.00830403
0.0081726
0.00805227
0.00794221
0.00784148
0.00774918
0.00766447
0.00758658
0.0075148
0.00744852
0.00738717
0.00733026
0.00727735
0.00722805
0.007182
0.00713891
0.00709849
0.00706051
0.00702475
0.00699103
0.00695915
0.00692899
0.00690039
0.00687325
0.00684744
0.00682287
0.00679946
0.00677714
0.00675583
0.00673548
0.00671604
0.00669748
0.00669683
0.00671719
0.00675364
0.00681328
0.00691243
0.00707395
0.00859443
0.00844701
0.00830368
0.00817225
0.00805193
0.00794187
0.00784115
0.00774886
0.00766416
0.00758627
0.0075145
0.00744822
0.00738688
0.00732998
0.00727707
0.00722777
0.00718173
0.00713863
0.00709822
0.00706024
0.00702449
0.00699076
0.0069589
0.00692873
0.00690014
0.006873
0.00684719
0.00682263
0.00679922
0.00677689
0.00675559
0.00673524
0.00671581
0.00669724
0.00669659
0.00671695
0.0067534
0.00681304
0.00691219
0.00707371
0.00859411
0.0084467
0.00830338
0.00817195
0.00805164
0.00794159
0.00784088
0.00774859
0.00766389
0.00758601
0.00751424
0.00744797
0.00738663
0.00732973
0.00727683
0.00722753
0.00718149
0.0071384
0.00709799
0.00706001
0.00702426
0.00699053
0.00695867
0.00692851
0.00689992
0.00687277
0.00684697
0.0068224
0.006799
0.00677668
0.00675537
0.00673503
0.00671559
0.00669703
0.00669638
0.00671674
0.00675319
0.00681283
0.00691198
0.0070735
0.00859387
0.00844646
0.00830313
0.00817171
0.00805141
0.00794136
0.00784065
0.00774836
0.00766366
0.00758578
0.00751402
0.00744775
0.00738642
0.00732952
0.00727662
0.00722732
0.00718128
0.0071382
0.00709779
0.00705981
0.00702406
0.00699034
0.00695847
0.00692832
0.00689972
0.00687258
0.00684678
0.00682222
0.00679881
0.00677649
0.00675519
0.00673485
0.00671542
0.00669685
0.00669621
0.00671657
0.00675302
0.00681267
0.00691182
0.00707333
0.00859365
0.00844624
0.00830292
0.00817151
0.0080512
0.00794116
0.00784045
0.00774817
0.00766348
0.0075856
0.00751384
0.00744758
0.00738625
0.00732935
0.00727645
0.00722716
0.00718112
0.00713803
0.00709762
0.00705965
0.0070239
0.00699018
0.00695831
0.00692815
0.00689956
0.00687242
0.00684661
0.00682205
0.00679865
0.00677633
0.00675503
0.0067347
0.00671527
0.00669671
0.00669607
0.00671643
0.00675288
0.00681253
0.00691168
0.00707319
0.00859349
0.00844609
0.00830277
0.00817136
0.00805105
0.00794101
0.00784031
0.00774803
0.00766334
0.00758546
0.0075137
0.00744743
0.0073861
0.00732921
0.00727631
0.00722701
0.00718097
0.00713789
0.00709748
0.00705951
0.00702376
0.00699003
0.00695817
0.00692801
0.00689942
0.00687228
0.00684647
0.00682192
0.00679852
0.0067762
0.0067549
0.00673456
0.00671514
0.00669658
0.00669594
0.0067163
0.00675275
0.0068124
0.00691155
0.00707307
0.00859333
0.00844593
0.00830261
0.0081712
0.0080509
0.00794086
0.00784015
0.00774788
0.00766319
0.00758531
0.00751356
0.00744729
0.00738596
0.00732907
0.00727618
0.00722688
0.00718085
0.00713776
0.00709736
0.00705939
0.00702364
0.00698992
0.00695805
0.00692789
0.0068993
0.00687216
0.00684636
0.00682181
0.00679841
0.00677609
0.00675479
0.00673446
0.00671503
0.00669647
0.00669583
0.00671619
0.00675264
0.00681229
0.00691144
0.00707296
0.0085932
0.0084458
0.00830248
0.00817107
0.00805078
0.00794074
0.00784004
0.00774777
0.00766308
0.0075852
0.00751345
0.00744718
0.00738586
0.00732897
0.00727607
0.00722678
0.00718075
0.00713766
0.00709726
0.00705929
0.00702354
0.00698982
0.00695796
0.0069278
0.00689921
0.00687207
0.00684628
0.00682172
0.00679832
0.00677601
0.00675471
0.00673437
0.00671494
0.00669638
0.00669574
0.0067161
0.00675256
0.0068122
0.00691135
0.00707287
0.0085931
0.0084457
0.00830239
0.00817098
0.00805068
0.00794065
0.00783995
0.00774767
0.00766298
0.00758511
0.00751335
0.00744709
0.00738576
0.00732887
0.00727598
0.00722669
0.00718066
0.00713758
0.00709718
0.00705921
0.00702346
0.00698974
0.00695789
0.00692773
0.00689915
0.00687201
0.00684622
0.00682166
0.00679826
0.00677595
0.00675465
0.00673431
0.00671488
0.00669632
0.00669567
0.00671604
0.00675249
0.00681213
0.00691128
0.0070728
0.00859301
0.00844561
0.0083023
0.0081709
0.0080506
0.00794057
0.00783987
0.0077476
0.00766292
0.00758505
0.00751329
0.00744703
0.00738571
0.00732882
0.00727593
0.00722664
0.00718061
0.00713753
0.00709713
0.00705916
0.00702341
0.0069897
0.00695784
0.00692769
0.0068991
0.00687197
0.00684617
0.00682161
0.00679821
0.00677589
0.00675459
0.00673425
0.00671482
0.00669626
0.00669562
0.00671598
0.00675243
0.00681208
0.00691123
0.00707275
0.00859296
0.00844556
0.00830225
0.00817085
0.00805055
0.00794052
0.00783982
0.00774755
0.00766287
0.00758499
0.00751324
0.00744698
0.00738565
0.00732876
0.00727587
0.00722658
0.00718055
0.00713746
0.00709706
0.00705909
0.00702334
0.00698963
0.00695777
0.00692762
0.00689903
0.00687189
0.0068461
0.00682154
0.00679814
0.00677582
0.00675452
0.00673418
0.00671476
0.0066962
0.00669556
0.00671593
0.00675238
0.00681203
0.00691117
0.00707269
0.00859291
0.00844551
0.00830221
0.0081708
0.00805051
0.00794047
0.00783977
0.0077475
0.00766281
0.00758494
0.00751319
0.00744693
0.0073856
0.00732871
0.00727582
0.00722653
0.0071805
0.00713741
0.00709701
0.00705904
0.0070233
0.00698958
0.00695772
0.00692757
0.00689899
0.00687185
0.00684605
0.00682149
0.00679809
0.00677577
0.00675447
0.00673414
0.00671471
0.00669615
0.00669551
0.00671588
0.00675233
0.00681198
0.00691113
0.00707264
0.00859291
0.00844551
0.00830221
0.0081708
0.00805051
0.00794047
0.00783977
0.0077475
0.00766281
0.00758494
0.00751318
0.00744692
0.0073856
0.00732871
0.00727581
0.00722652
0.00718048
0.0071374
0.00709699
0.00705903
0.00702328
0.00698956
0.0069577
0.00692755
0.00689896
0.00687182
0.00684602
0.00682146
0.00679806
0.00677574
0.00675445
0.00673411
0.00671468
0.00669613
0.00669549
0.00671585
0.00675231
0.00681195
0.0069111
0.00707262
0.00859292
0.00844552
0.00830221
0.00817081
0.00805051
0.00794048
0.00783978
0.0077475
0.00766281
0.00758494
0.00751318
0.00744692
0.00738559
0.0073287
0.0072758
0.00722651
0.00718047
0.00713739
0.00709698
0.00705902
0.00702327
0.00698955
0.00695769
0.00692753
0.00689894
0.0068718
0.006846
0.00682145
0.00679805
0.00677574
0.00675444
0.0067341
0.00671468
0.00669612
0.00669548
0.00671585
0.0067523
0.00681195
0.0069111
0.00707261
0.00859294
0.00844555
0.00830224
0.00817083
0.00805054
0.0079405
0.0078398
0.00774752
0.00766284
0.00758496
0.00751321
0.00744694
0.00738562
0.00732872
0.00727583
0.00722653
0.00718049
0.00713741
0.007097
0.00705904
0.00702329
0.00698957
0.00695771
0.00692755
0.00689896
0.00687182
0.00684602
0.00682146
0.00679807
0.00677575
0.00675446
0.00673412
0.0067147
0.00669614
0.0066955
0.00671587
0.00675232
0.00681197
0.00691111
0.00707263
0.00859298
0.00844558
0.00830227
0.00817087
0.00805057
0.00794054
0.00783983
0.00774756
0.00766287
0.007585
0.00751324
0.00744698
0.00738565
0.00732876
0.00727586
0.00722657
0.00718053
0.00713745
0.00709704
0.00705907
0.00702332
0.0069896
0.00695774
0.00692758
0.00689899
0.00687185
0.00684606
0.0068215
0.0067981
0.00677579
0.00675449
0.00673416
0.00671473
0.00669618
0.00669554
0.0067159
0.00675236
0.006812
0.00691115
0.00707267
0.00859305
0.00844565
0.00830234
0.00817093
0.00805063
0.00794059
0.00783989
0.00774762
0.00766293
0.00758505
0.0075133
0.00744703
0.0073857
0.00732881
0.00727591
0.00722662
0.00718058
0.0071375
0.00709709
0.00705912
0.00702337
0.00698965
0.00695778
0.00692763
0.00689904
0.0068719
0.0068461
0.00682155
0.00679815
0.00677584
0.00675454
0.00673421
0.00671478
0.00669622
0.00669558
0.00671595
0.0067524
0.00681205
0.0069112
0.00707271
0.00859313
0.00844572
0.00830241
0.008171
0.0080507
0.00794066
0.00783996
0.00774768
0.00766299
0.00758512
0.00751336
0.0074471
0.00738577
0.00732887
0.00727598
0.00722668
0.00718065
0.00713756
0.00709715
0.00705918
0.00702343
0.00698971
0.00695785
0.00692769
0.0068991
0.00687196
0.00684617
0.00682161
0.00679821
0.0067759
0.0067546
0.00673426
0.00671484
0.00669628
0.00669564
0.00671601
0.00675246
0.00681211
0.00691125
0.00707277
0.00859322
0.00844581
0.00830249
0.00817108
0.00805078
0.00794074
0.00784004
0.00774776
0.00766307
0.00758519
0.00751344
0.00744717
0.00738585
0.00732895
0.00727606
0.00722676
0.00718073
0.00713764
0.00709723
0.00705926
0.00702351
0.00698979
0.00695793
0.00692777
0.00689918
0.00687205
0.00684625
0.00682169
0.00679829
0.00677598
0.00675468
0.00673434
0.00671492
0.00669636
0.00669572
0.00671608
0.00675254
0.00681218
0.00691133
0.00707284
0.00859336
0.00844596
0.00830264
0.00817122
0.00805092
0.00794088
0.00784017
0.00774789
0.0076632
0.00758532
0.00751356
0.0074473
0.00738597
0.00732908
0.00727618
0.00722689
0.00718085
0.00713776
0.00709735
0.00705938
0.00702362
0.0069899
0.00695804
0.00692788
0.0068993
0.00687216
0.00684636
0.0068218
0.0067984
0.00677608
0.00675479
0.00673445
0.00671502
0.00669646
0.00669582
0.00671618
0.00675264
0.00681228
0.00691143
0.00707294
0.00859356
0.00844615
0.00830283
0.00817141
0.00805111
0.00794106
0.00784035
0.00774807
0.00766337
0.00758549
0.00751373
0.00744746
0.00738613
0.00732924
0.00727634
0.00722704
0.007181
0.00713791
0.0070975
0.00705952
0.00702377
0.00699005
0.00695819
0.00692803
0.00689944
0.0068723
0.0068465
0.00682194
0.00679854
0.00677622
0.00675492
0.00673458
0.00671515
0.00669659
0.00669595
0.00671632
0.00675277
0.00681241
0.00691156
0.00707307
0.0085938
0.00844639
0.00830306
0.00817164
0.00805133
0.00794128
0.00784057
0.00774828
0.00766358
0.0075857
0.00751393
0.00744766
0.00738633
0.00732943
0.00727653
0.00722723
0.00718119
0.00713809
0.00709768
0.0070597
0.00702395
0.00699023
0.00695836
0.00692821
0.00689962
0.00687247
0.00684667
0.00682211
0.00679871
0.00677639
0.00675509
0.00673475
0.00671532
0.00669676
0.00669612
0.00671648
0.00675293
0.00681257
0.00691172
0.00707323
0.00859408
0.00844666
0.00830333
0.0081719
0.00805159
0.00794154
0.00784082
0.00774853
0.00766382
0.00758594
0.00751417
0.0074479
0.00738656
0.00732966
0.00727675
0.00722745
0.00718141
0.00713831
0.0070979
0.00705992
0.00702417
0.00699044
0.00695858
0.00692842
0.00689983
0.00687268
0.00684688
0.00682232
0.00679892
0.0067766
0.0067553
0.00673496
0.00671553
0.00669697
0.00669633
0.00671669
0.00675314
0.00681278
0.00691193
0.00707345
0.00859441
0.00844699
0.00830365
0.00817222
0.0080519
0.00794184
0.00784112
0.00774883
0.00766412
0.00758623
0.00751446
0.00744818
0.00738684
0.00732994
0.00727703
0.00722772
0.00718167
0.00713858
0.00709816
0.00706019
0.00702443
0.0069907
0.00695884
0.00692867
0.00690008
0.00687294
0.00684713
0.00682257
0.00679917
0.00677685
0.00675554
0.0067352
0.00671577
0.00669721
0.00669657
0.00671693
0.00675338
0.00681303
0.00691217
0.00707369
0.00859483
0.0084474
0.00830406
0.00817262
0.00805229
0.00794223
0.0078415
0.0077492
0.00766449
0.00758659
0.00751482
0.00744853
0.00738719
0.00733028
0.00727737
0.00722806
0.00718201
0.00713891
0.00709849
0.00706051
0.00702475
0.00699103
0.00695916
0.00692899
0.00690039
0.00687325
0.00684744
0.00682288
0.00679947
0.00677715
0.00675585
0.0067355
0.00671607
0.00669751
0.00669686
0.00671723
0.00675368
0.00681332
0.00691246
0.00707398
0.00859536
0.00844792
0.00830456
0.00817311
0.00805278
0.0079427
0.00784196
0.00774966
0.00766494
0.00758703
0.00751525
0.00744896
0.00738761
0.0073307
0.00727778
0.00722846
0.00718241
0.0071393
0.00709888
0.0070609
0.00702514
0.0069914
0.00695953
0.00692936
0.00690076
0.00687361
0.0068478
0.00682323
0.00679982
0.0067775
0.00675619
0.00673585
0.00671641
0.00669785
0.00669721
0.00671757
0.00675402
0.00681367
0.00691283
0.00707435
0.008596
0.00844854
0.00830517
0.00817371
0.00805336
0.00794327
0.00784252
0.0077502
0.00766547
0.00758756
0.00751577
0.00744947
0.00738811
0.00733119
0.00727826
0.00722894
0.00718288
0.00713977
0.00709935
0.00706136
0.00702559
0.00699185
0.00695998
0.0069298
0.0069012
0.00687405
0.00684823
0.00682366
0.00680025
0.00677792
0.00675661
0.00673626
0.00671683
0.00669826
0.00669761
0.00671797
0.00675442
0.00681406
0.00691321
0.00707474
0.00859678
0.0084493
0.00830591
0.00817442
0.00805405
0.00794395
0.00784318
0.00775085
0.00766611
0.00758818
0.00751638
0.00745007
0.0073887
0.00733177
0.00727883
0.00722951
0.00718344
0.00714032
0.00709989
0.0070619
0.00702612
0.00699238
0.0069605
0.00693032
0.00690171
0.00687456
0.00684874
0.00682416
0.00680075
0.00677842
0.0067571
0.00673675
0.00671731
0.00669874
0.00669809
0.00671845
0.0067549
0.00681454
0.00691369
0.00707522
0.00859746
0.00844995
0.00830654
0.00817503
0.00805463
0.00794451
0.00784372
0.00775137
0.00766661
0.00758868
0.00751686
0.00745054
0.00738916
0.00733222
0.00727928
0.00722994
0.00718387
0.00714075
0.00710031
0.00706231
0.00702653
0.00699279
0.0069609
0.00693072
0.00690211
0.00687495
0.00684913
0.00682455
0.00680113
0.0067788
0.00675749
0.00673713
0.00671769
0.00669912
0.00669846
0.00671882
0.00675527
0.00681491
0.00691406
0.00707559
0.00859636
0.00844884
0.00830541
0.00817388
0.00805348
0.00794335
0.00784257
0.00775022
0.00766546
0.00758752
0.00751571
0.0074494
0.00738802
0.00733109
0.00727815
0.00722882
0.00718276
0.00713964
0.00709921
0.00706122
0.00702545
0.00699171
0.00695983
0.00692966
0.00690106
0.00687391
0.00684809
0.00682353
0.00680012
0.00677779
0.00675648
0.00673614
0.0067167
0.00669814
0.00669749
0.00671785
0.0067543
0.00681393
0.00691308
0.00707459
0.00858604
0.00843862
0.0082953
0.00816391
0.00804363
0.00793363
0.00783296
0.00774072
0.00765608
0.00757826
0.00750655
0.00744033
0.00737905
0.00732221
0.00726936
0.00722011
0.00717412
0.00713109
0.00709073
0.00705281
0.0070171
0.00698343
0.00695161
0.0069215
0.00689295
0.00686585
0.00684009
0.00681558
0.00679222
0.00676994
0.00674868
0.00672838
0.00670899
0.00669047
0.00668984
0.00671022
0.00674668
0.00680631
0.00690542
0.00706685
0.00855274
0.00840556
0.00826249
0.00813138
0.00801143
0.00790175
0.00780142
0.00770953
0.00762521
0.00754771
0.00747631
0.00741039
0.0073494
0.00729282
0.00724023
0.00719124
0.00714549
0.00710267
0.00706253
0.0070248
0.00698929
0.00695579
0.00692414
0.00689419
0.00686579
0.00683884
0.00681321
0.00678882
0.00676557
0.00674341
0.00672225
0.00670205
0.00668275
0.00666431
0.00666444
0.00668551
0.0067224
0.00678252
0.00688224
0.00704427
0.00883569
0.00867193
0.00851098
0.00836284
0.008227
0.0081027
0.00798899
0.00788487
0.0077894
0.0077017
0.00762095
0.00754644
0.00747752
0.00741362
0.00735422
0.00729887
0.00724718
0.00719879
0.00715339
0.00711069
0.00707047
0.00703249
0.00699657
0.00696253
0.00693021
0.00689949
0.00687024
0.00684235
0.00681572
0.00679027
0.00676594
0.00674265
0.00672037
0.00669903
0.00669837
0.00672014
0.00675829
0.0068209
0.00692548
0.00709602
0.00887289
0.00870904
0.00854792
0.00839952
0.00826336
0.00813871
0.00802461
0.00792011
0.00782425
0.00773616
0.00765504
0.00758017
0.0075109
0.00744665
0.00738693
0.00733127
0.00727928
0.0072306
0.00718492
0.00714197
0.00710149
0.00706328
0.00702713
0.00699287
0.00696035
0.00692943
0.0069
0.00687193
0.00684514
0.00681954
0.00679506
0.00677163
0.00674921
0.00672775
0.00672664
0.00674778
0.00678532
0.00684731
0.00695123
0.00712115
0.00888454
0.00872062
0.00855939
0.00841085
0.00827455
0.00814975
0.00803552
0.00793087
0.00783487
0.00774665
0.0076654
0.0075904
0.007521
0.00745664
0.0073968
0.00734103
0.00728893
0.00724015
0.00719437
0.00715132
0.00711075
0.00707244
0.0070362
0.00700186
0.00696925
0.00693826
0.00690874
0.0068806
0.00685374
0.00682807
0.00680352
0.00678003
0.00675755
0.00673602
0.00673487
0.00675598
0.00679351
0.0068555
0.00695945
0.00712947
0.00888616
0.0087223
0.0085611
0.00841259
0.00827631
0.00815152
0.00803729
0.00793264
0.00783665
0.00774842
0.00766716
0.00759214
0.00752273
0.00745836
0.0073985
0.00734271
0.00729059
0.00724179
0.00719599
0.00715292
0.00711233
0.007074
0.00703774
0.00700337
0.00697075
0.00693973
0.0069102
0.00688204
0.00685516
0.00682947
0.0068049
0.0067814
0.0067589
0.00673736
0.00673619
0.0067573
0.00679482
0.00685681
0.00696076
0.00713079
0.0088857
0.00872187
0.00856069
0.0084122
0.00827594
0.00815117
0.00803696
0.00793233
0.00783635
0.00774813
0.00766687
0.00759187
0.00752246
0.00745809
0.00739824
0.00734245
0.00729034
0.00724154
0.00719574
0.00715267
0.00711208
0.00707375
0.00703748
0.00700312
0.0069705
0.00693948
0.00690994
0.00688178
0.0068549
0.00682921
0.00680464
0.00678114
0.00675863
0.00673709
0.00673593
0.00675703
0.00679455
0.00685653
0.00696049
0.00713051
0.00888493
0.00872112
0.00855996
0.00841149
0.00827525
0.00815051
0.00803631
0.0079317
0.00783573
0.00774752
0.00766628
0.00759128
0.00752189
0.00745753
0.00739768
0.00734191
0.0072898
0.00724101
0.00719522
0.00715215
0.00711157
0.00707324
0.00703698
0.00700262
0.00697
0.00693899
0.00690946
0.0068813
0.00685442
0.00682873
0.00680417
0.00678066
0.00675816
0.00673662
0.00673546
0.00675656
0.00679408
0.00685606
0.00696001
0.00713003
0.00888423
0.00872043
0.00855929
0.00841084
0.00827462
0.00814988
0.0080357
0.00793109
0.00783513
0.00774694
0.00766571
0.00759072
0.00752133
0.00745698
0.00739714
0.00734137
0.00728927
0.00724048
0.0071947
0.00715164
0.00711106
0.00707274
0.00703649
0.00700214
0.00696953
0.00693852
0.00690899
0.00688084
0.00685396
0.00682828
0.00680371
0.00678021
0.00675771
0.00673618
0.00673501
0.00675612
0.00679363
0.00685562
0.00695957
0.00712958
0.00888368
0.00871989
0.00855876
0.00841032
0.0082741
0.00814938
0.0080352
0.00793061
0.00783465
0.00774646
0.00766524
0.00759026
0.00752088
0.00745652
0.00739669
0.00734093
0.00728883
0.00724005
0.00719427
0.00715122
0.00711064
0.00707233
0.00703609
0.00700174
0.00696913
0.00693813
0.00690861
0.00688046
0.00685358
0.0068279
0.00680334
0.00677984
0.00675735
0.00673581
0.00673465
0.00675576
0.00679327
0.00685526
0.00695921
0.00712922
0.00888323
0.00871945
0.00855833
0.00840989
0.00827368
0.00814896
0.00803479
0.0079302
0.00783425
0.00774607
0.00766484
0.00758987
0.00752049
0.00745615
0.00739632
0.00734056
0.00728847
0.00723969
0.00719391
0.00715086
0.00711029
0.00707199
0.00703575
0.0070014
0.0069688
0.0069378
0.00690828
0.00688014
0.00685327
0.00682759
0.00680303
0.00677954
0.00675704
0.00673551
0.00673435
0.00675546
0.00679297
0.00685496
0.00695891
0.00712892
0.00888285
0.00871908
0.00855796
0.00840953
0.00827333
0.00814861
0.00803445
0.00792987
0.00783392
0.00774574
0.00766453
0.00758956
0.00752019
0.00745585
0.00739603
0.00734027
0.00728818
0.00723941
0.00719364
0.00715059
0.00711002
0.00707172
0.00703548
0.00700114
0.00696854
0.00693755
0.00690803
0.00687989
0.00685302
0.00682735
0.00680279
0.0067793
0.0067568
0.00673527
0.00673411
0.00675522
0.00679273
0.00685472
0.00695867
0.00712868
0.00888252
0.00871875
0.00855764
0.00840922
0.00827303
0.00814832
0.00803416
0.00792959
0.00783365
0.00774548
0.00766427
0.0075893
0.00751994
0.0074556
0.00739578
0.00734003
0.00728795
0.00723917
0.0071934
0.00715036
0.00710979
0.00707149
0.00703526
0.00700092
0.00696832
0.00693733
0.00690782
0.00687967
0.00685281
0.00682714
0.00680258
0.00677909
0.0067566
0.00673506
0.0067339
0.00675501
0.00679253
0.00685452
0.00695846
0.00712847
0.00888227
0.00871851
0.0085574
0.00840898
0.00827279
0.00814808
0.00803393
0.00792936
0.00783342
0.00774525
0.00766404
0.00758908
0.00751972
0.00745539
0.00739558
0.00733983
0.00728774
0.00723897
0.00719321
0.00715016
0.0071096
0.0070713
0.00703507
0.00700073
0.00696814
0.00693714
0.00690763
0.00687949
0.00685263
0.00682696
0.0068024
0.00677891
0.00675642
0.00673489
0.00673373
0.00675484
0.00679236
0.00685435
0.0069583
0.0071283
0.00888205
0.00871828
0.00855718
0.00840877
0.00827258
0.00814788
0.00803373
0.00792916
0.00783323
0.00774507
0.00766387
0.00758891
0.00751955
0.00745522
0.00739541
0.00733966
0.00728758
0.00723881
0.00719304
0.00715
0.00710944
0.00707114
0.00703491
0.00700057
0.00696798
0.00693698
0.00690747
0.00687933
0.00685247
0.0068268
0.00680225
0.00677875
0.00675627
0.00673474
0.00673358
0.0067547
0.00679222
0.0068542
0.00695815
0.00712816
0.00888189
0.00871813
0.00855703
0.00840862
0.00827243
0.00814773
0.00803359
0.00792902
0.00783309
0.00774492
0.00766372
0.00758876
0.00751941
0.00745508
0.00739526
0.00733951
0.00728743
0.00723866
0.0071929
0.00714985
0.00710929
0.00707099
0.00703476
0.00700042
0.00696783
0.00693683
0.00690732
0.00687918
0.00685232
0.00682665
0.00680211
0.00677862
0.00675613
0.00673461
0.00673345
0.00675457
0.00679209
0.00685407
0.00695802
0.00712803
0.00888172
0.00871796
0.00855686
0.00840845
0.00827227
0.00814757
0.00803343
0.00792886
0.00783293
0.00774477
0.00766357
0.00758861
0.00751926
0.00745493
0.00739512
0.00733937
0.00728729
0.00723853
0.00719276
0.00714972
0.00710916
0.00707086
0.00703463
0.0070003
0.0069677
0.00693671
0.0069072
0.00687906
0.0068522
0.00682654
0.00680199
0.0067785
0.00675602
0.0067345
0.00673334
0.00675446
0.00679198
0.00685397
0.00695792
0.00712792
0.00888159
0.00871783
0.00855673
0.00840832
0.00827214
0.00814745
0.00803331
0.00792875
0.00783282
0.00774466
0.00766346
0.0075885
0.00751915
0.00745482
0.00739501
0.00733927
0.00728719
0.00723842
0.00719266
0.00714962
0.00710906
0.00707076
0.00703453
0.00700019
0.0069676
0.00693661
0.0069071
0.00687897
0.00685211
0.00682645
0.0068019
0.00677842
0.00675593
0.00673441
0.00673326
0.00675438
0.0067919
0.00685388
0.00695783
0.00712784
0.0088815
0.00871774
0.00855663
0.00840823
0.00827205
0.00814735
0.00803321
0.00792865
0.00783272
0.00774456
0.00766336
0.0075884
0.00751905
0.00745472
0.00739491
0.00733917
0.00728709
0.00723833
0.00719257
0.00714953
0.00710897
0.00707067
0.00703444
0.00700011
0.00696752
0.00693654
0.00690703
0.0068789
0.00685205
0.00682638
0.00680184
0.00677835
0.00675587
0.00673435
0.00673319
0.00675431
0.00679183
0.00685382
0.00695777
0.00712777
0.0088814
0.00871764
0.00855654
0.00840814
0.00827196
0.00814727
0.00803313
0.00792857
0.00783265
0.00774449
0.00766329
0.00758834
0.00751899
0.00745466
0.00739486
0.00733912
0.00728704
0.00723828
0.00719252
0.00714948
0.00710893
0.00707063
0.00703441
0.00700008
0.00696749
0.0069365
0.006907
0.00687887
0.00685201
0.00682634
0.00680179
0.0067783
0.00675582
0.00673429
0.00673314
0.00675425
0.00679177
0.00685376
0.00695771
0.00712772
0.00888135
0.00871759
0.00855649
0.00840809
0.00827192
0.00814723
0.00803309
0.00792853
0.00783261
0.00774445
0.00766325
0.0075883
0.00751895
0.00745463
0.00739482
0.00733908
0.00728701
0.00723824
0.00719248
0.00714944
0.00710888
0.00707059
0.00703436
0.00700003
0.00696744
0.00693645
0.00690695
0.00687881
0.00685195
0.00682629
0.00680174
0.00677825
0.00675576
0.00673424
0.00673308
0.0067542
0.00679172
0.00685371
0.00695766
0.00712767
0.0088813
0.00871754
0.00855645
0.00840804
0.00827187
0.00814718
0.00803304
0.00792848
0.00783256
0.0077444
0.0076632
0.00758825
0.0075189
0.00745458
0.00739478
0.00733903
0.00728696
0.00723819
0.00719243
0.00714939
0.00710884
0.00707054
0.00703432
0.00699999
0.0069674
0.00693641
0.00690691
0.00687877
0.00685191
0.00682624
0.0068017
0.00677821
0.00675572
0.0067342
0.00673304
0.00675416
0.00679168
0.00685367
0.00695762
0.00712763
0.0088813
0.00871754
0.00855645
0.00840805
0.00827187
0.00814718
0.00803304
0.00792848
0.00783256
0.0077444
0.0076632
0.00758825
0.00751891
0.00745458
0.00739478
0.00733903
0.00728696
0.00723819
0.00719243
0.00714939
0.00710883
0.00707054
0.00703431
0.00699998
0.00696739
0.0069364
0.00690689
0.00687875
0.00685189
0.00682622
0.00680167
0.00677818
0.0067557
0.00673417
0.00673302
0.00675414
0.00679166
0.00685365
0.0069576
0.0071276
0.00888131
0.00871756
0.00855646
0.00840806
0.00827188
0.0081472
0.00803306
0.0079285
0.00783257
0.00774441
0.00766322
0.00758827
0.00751892
0.00745459
0.00739479
0.00733904
0.00728696
0.0072382
0.00719243
0.0071494
0.00710884
0.00707054
0.00703432
0.00699998
0.00696739
0.0069364
0.00690688
0.00687875
0.00685188
0.00682622
0.00680167
0.00677818
0.0067557
0.00673417
0.00673302
0.00675414
0.00679166
0.00685365
0.0069576
0.0071276
0.00888134
0.00871758
0.00855648
0.00840808
0.00827191
0.00814722
0.00803308
0.00792852
0.0078326
0.00774444
0.00766324
0.00758829
0.00751894
0.00745462
0.00739481
0.00733906
0.00728698
0.00723822
0.00719246
0.00714942
0.00710886
0.00707057
0.00703434
0.007
0.0069674
0.00693641
0.0069069
0.00687876
0.0068519
0.00682624
0.00680169
0.0067782
0.00675572
0.00673419
0.00673304
0.00675416
0.00679168
0.00685367
0.00695762
0.00712762
0.00888138
0.00871762
0.00855652
0.00840812
0.00827194
0.00814726
0.00803312
0.00792856
0.00783263
0.00774447
0.00766328
0.00758833
0.00751898
0.00745466
0.00739485
0.0073391
0.00728702
0.00723826
0.0071925
0.00714946
0.0071089
0.0070706
0.00703437
0.00700004
0.00696744
0.00693645
0.00690694
0.0068788
0.00685194
0.00682627
0.00680173
0.00677824
0.00675575
0.00673423
0.00673308
0.00675419
0.00679171
0.0068537
0.00695765
0.00712766
0.00888146
0.00871769
0.00855659
0.00840819
0.00827201
0.00814732
0.00803318
0.00792861
0.00783269
0.00774453
0.00766333
0.00758838
0.00751903
0.00745471
0.0073949
0.00733916
0.00728708
0.00723831
0.00719255
0.00714951
0.00710895
0.00707065
0.00703442
0.00700008
0.00696749
0.00693649
0.00690698
0.00687885
0.00685199
0.00682632
0.00680177
0.00677828
0.0067558
0.00673428
0.00673312
0.00675424
0.00679176
0.00685375
0.0069577
0.0071277
0.00888154
0.00871777
0.00855667
0.00840826
0.00827208
0.00814739
0.00803324
0.00792868
0.00783275
0.00774459
0.0076634
0.00758844
0.00751909
0.00745477
0.00739496
0.00733922
0.00728714
0.00723837
0.00719261
0.00714957
0.00710901
0.00707071
0.00703448
0.00700014
0.00696754
0.00693655
0.00690704
0.00687891
0.00685205
0.00682638
0.00680183
0.00677834
0.00675586
0.00673433
0.00673318
0.00675429
0.00679181
0.0068538
0.00695775
0.00712775
0.00888163
0.00871786
0.00855676
0.00840835
0.00827216
0.00814747
0.00803333
0.00792876
0.00783283
0.00774467
0.00766347
0.00758852
0.00751917
0.00745484
0.00739504
0.00733929
0.00728722
0.00723845
0.00719269
0.00714965
0.00710909
0.00707079
0.00703456
0.00700022
0.00696762
0.00693663
0.00690712
0.00687899
0.00685212
0.00682646
0.00680191
0.00677842
0.00675593
0.00673441
0.00673325
0.00675437
0.00679189
0.00685388
0.00695782
0.00712783
0.00888177
0.00871801
0.0085569
0.00840849
0.00827231
0.00814761
0.00803346
0.0079289
0.00783297
0.0077448
0.0076636
0.00758864
0.00751929
0.00745497
0.00739516
0.00733941
0.00728734
0.00723857
0.0071928
0.00714976
0.0071092
0.0070709
0.00703467
0.00700033
0.00696774
0.00693674
0.00690723
0.00687909
0.00685223
0.00682656
0.00680202
0.00677853
0.00675604
0.00673452
0.00673336
0.00675447
0.00679199
0.00685398
0.00695792
0.00712793
0.00888198
0.00871821
0.0085571
0.00840869
0.0082725
0.0081478
0.00803365
0.00792908
0.00783315
0.00774498
0.00766377
0.00758882
0.00751946
0.00745513
0.00739532
0.00733958
0.0072875
0.00723873
0.00719296
0.00714992
0.00710935
0.00707105
0.00703482
0.00700048
0.00696788
0.00693689
0.00690738
0.00687924
0.00685238
0.00682671
0.00680216
0.00677867
0.00675618
0.00673465
0.0067335
0.00675461
0.00679213
0.00685411
0.00695806
0.00712806
0.00888223
0.00871845
0.00855734
0.00840893
0.00827273
0.00814803
0.00803387
0.0079293
0.00783336
0.00774519
0.00766399
0.00758902
0.00751967
0.00745534
0.00739552
0.00733977
0.00728769
0.00723892
0.00719315
0.0071501
0.00710954
0.00707124
0.007035
0.00700066
0.00696807
0.00693707
0.00690756
0.00687942
0.00685256
0.00682688
0.00680233
0.00677884
0.00675635
0.00673483
0.00673367
0.00675478
0.0067923
0.00685429
0.00695823
0.00712824
0.00888251
0.00871873
0.00855762
0.00840919
0.008273
0.00814829
0.00803413
0.00792955
0.00783362
0.00774544
0.00766423
0.00758927
0.00751991
0.00745557
0.00739576
0.00734
0.00728792
0.00723914
0.00719337
0.00715033
0.00710976
0.00707146
0.00703522
0.00700088
0.00696828
0.00693729
0.00690777
0.00687963
0.00685277
0.00682709
0.00680254
0.00677905
0.00675656
0.00673503
0.00673388
0.00675499
0.00679251
0.0068545
0.00695844
0.00712845
0.00888285
0.00871907
0.00855795
0.00840952
0.00827332
0.0081486
0.00803444
0.00792986
0.00783392
0.00774574
0.00766452
0.00758955
0.00752019
0.00745585
0.00739603
0.00734028
0.00728819
0.00723941
0.00719364
0.00715059
0.00711002
0.00707172
0.00703548
0.00700114
0.00696854
0.00693754
0.00690803
0.00687988
0.00685302
0.00682734
0.00680279
0.0067793
0.0067568
0.00673528
0.00673412
0.00675523
0.00679275
0.00685473
0.00695868
0.00712868
0.00888329
0.0087195
0.00855837
0.00840993
0.00827372
0.008149
0.00803483
0.00793024
0.00783429
0.00774611
0.00766489
0.00758991
0.00752054
0.0074562
0.00739638
0.00734062
0.00728853
0.00723975
0.00719397
0.00715092
0.00711035
0.00707204
0.0070358
0.00700146
0.00696885
0.00693785
0.00690833
0.00688019
0.00685332
0.00682764
0.00680309
0.00677959
0.0067571
0.00673557
0.00673441
0.00675552
0.00679304
0.00685503
0.00695898
0.00712899
0.00888383
0.00872004
0.00855889
0.00841045
0.00827422
0.00814949
0.00803531
0.00793071
0.00783476
0.00774656
0.00766533
0.00759035
0.00752098
0.00745663
0.00739679
0.00734103
0.00728893
0.00724015
0.00719436
0.00715131
0.00711074
0.00707242
0.00703618
0.00700183
0.00696922
0.00693822
0.0069087
0.00688055
0.00685368
0.006828
0.00680344
0.00677994
0.00675744
0.00673591
0.00673475
0.00675586
0.00679337
0.00685536
0.0069593
0.00712931
0.0088845
0.00872069
0.00855953
0.00841107
0.00827483
0.00815008
0.00803589
0.00793128
0.00783531
0.00774711
0.00766587
0.00759088
0.00752149
0.00745714
0.0073973
0.00734153
0.00728942
0.00724063
0.00719484
0.00715178
0.0071112
0.00707289
0.00703664
0.00700229
0.00696968
0.00693867
0.00690914
0.00688099
0.00685411
0.00682843
0.00680387
0.00678037
0.00675787
0.00673633
0.00673517
0.00675627
0.00679379
0.00685577
0.00695971
0.00712972
0.00888533
0.0087215
0.00856032
0.00841183
0.00827557
0.00815081
0.00803659
0.00793197
0.00783598
0.00774777
0.00766652
0.00759152
0.00752212
0.00745775
0.0073979
0.00734212
0.00729
0.00724121
0.00719541
0.00715234
0.00711176
0.00707344
0.00703718
0.00700282
0.00697021
0.00693919
0.00690966
0.00688151
0.00685463
0.00682894
0.00680438
0.00678087
0.00675837
0.00673683
0.00673566
0.00675677
0.00679428
0.00685627
0.00696021
0.00713023
0.0088861
0.00872224
0.00856104
0.00841252
0.00827623
0.00815144
0.00803721
0.00793256
0.00783656
0.00774833
0.00766707
0.00759206
0.00752265
0.00745827
0.00739841
0.00734262
0.0072905
0.00724169
0.00719589
0.00715282
0.00711223
0.0070739
0.00703764
0.00700328
0.00697066
0.00693964
0.00691011
0.00688195
0.00685507
0.00682938
0.00680481
0.0067813
0.0067588
0.00673726
0.00673609
0.0067572
0.00679471
0.00685669
0.00696064
0.00713065
0.00888518
0.00872129
0.00856006
0.00841153
0.00827523
0.00815043
0.0080362
0.00793155
0.00783554
0.00774731
0.00766606
0.00759105
0.00752164
0.00745727
0.00739742
0.00734163
0.00728952
0.00724072
0.00719493
0.00715186
0.00711128
0.00707296
0.00703671
0.00700235
0.00696974
0.00693873
0.00690921
0.00688105
0.00685418
0.0068285
0.00680394
0.00678044
0.00675794
0.00673641
0.00673524
0.00675635
0.00679387
0.00685586
0.00695981
0.00712982
0.00887488
0.00871107
0.00854995
0.00840153
0.00826536
0.00814068
0.00802657
0.00792204
0.00782616
0.00773804
0.00765689
0.00758199
0.00751269
0.00744841
0.00738865
0.00733296
0.00728093
0.00723222
0.0071865
0.00714352
0.00710301
0.00706476
0.00702857
0.00699428
0.00696173
0.00693079
0.00690132
0.00687322
0.0068464
0.00682077
0.00679627
0.00677281
0.00675037
0.00672888
0.00672774
0.00674888
0.00678641
0.00684839
0.0069523
0.00712223
0.00883984
0.00867617
0.00851522
0.00836706
0.00823119
0.00810686
0.0079931
0.00788893
0.00779341
0.00770565
0.00762484
0.00755028
0.00748129
0.00741732
0.00735786
0.00730245
0.00725069
0.00720223
0.00715676
0.007114
0.00707371
0.00703567
0.00699968
0.00696558
0.0069332
0.00690242
0.00687311
0.00684516
0.00681848
0.00679298
0.00676859
0.00674526
0.00672292
0.00670153
0.00670125
0.00672312
0.00676107
0.00682356
0.0069281
0.00709863
0.00915806
0.00897983
0.00880115
0.00863529
0.00848247
0.00834229
0.0082139
0.00809632
0.00798853
0.00788954
0.00779845
0.00771443
0.00763673
0.00756469
0.00749774
0.00743534
0.00737704
0.00732244
0.00727118
0.00722293
0.00717743
0.00713442
0.00709368
0.00705502
0.00701826
0.00698326
0.00694986
0.00691796
0.00688744
0.00685821
0.00683019
0.00680331
0.00677751
0.00675276
0.0067515
0.00677391
0.00681296
0.00687787
0.00698738
0.00716678
0.00919656
0.00901846
0.00883977
0.00867375
0.00852067
0.00838015
0.00825139
0.00813341
0.00802521
0.00792581
0.00783431
0.00774988
0.0076718
0.00759939
0.00753207
0.00746932
0.00741069
0.00735577
0.00730419
0.00725566
0.00720987
0.00716659
0.0071256
0.00708669
0.0070497
0.00701447
0.00698087
0.00694877
0.00691806
0.00688865
0.00686046
0.00683342
0.00680748
0.00678258
0.0067808
0.00680252
0.00684091
0.00690515
0.00701396
0.00719271
0.00920787
0.00902974
0.00885095
0.00868481
0.00853158
0.00839092
0.00826201
0.00814388
0.00803553
0.00793599
0.00784435
0.00775979
0.00768158
0.00760904
0.0075416
0.00747873
0.00741999
0.00736495
0.00731327
0.00726463
0.00721875
0.00717537
0.00713428
0.00709528
0.00705821
0.00702289
0.00698921
0.00695703
0.00692624
0.00689676
0.0068685
0.00684139
0.00681538
0.00679042
0.00678859
0.00681028
0.00684866
0.0069129
0.00702175
0.00720059
0.00920913
0.00903105
0.00885231
0.0086862
0.008533
0.00839236
0.00826346
0.00814534
0.00803699
0.00793745
0.00784581
0.00776124
0.00768301
0.00761046
0.00754301
0.00748013
0.00742137
0.00736631
0.00731462
0.00726596
0.00722005
0.00717665
0.00713555
0.00709653
0.00705944
0.00702411
0.0069904
0.0069582
0.0069274
0.0068979
0.00686962
0.0068425
0.00681647
0.0067915
0.00678966
0.00681134
0.00684971
0.00691396
0.0070228
0.00720165
0.00920852
0.00903048
0.00885176
0.00868567
0.0085325
0.00839188
0.008263
0.0081449
0.00803656
0.00793703
0.0078454
0.00776084
0.00768262
0.00761007
0.00754262
0.00747975
0.00742099
0.00736594
0.00731425
0.00726559
0.00721969
0.00717629
0.00713518
0.00709617
0.00705908
0.00702375
0.00699004
0.00695784
0.00692704
0.00689754
0.00686926
0.00684214
0.00681611
0.00679114
0.0067893
0.00681098
0.00684935
0.00691359
0.00702243
0.00720128
0.00920769
0.00902966
0.00885096
0.0086849
0.00853174
0.00839114
0.00826229
0.0081442
0.00803588
0.00793637
0.00784475
0.0077602
0.00768199
0.00760946
0.00754201
0.00747915
0.0074204
0.00736536
0.00731367
0.00726502
0.00721913
0.00717574
0.00713464
0.00709563
0.00705854
0.00702322
0.00698952
0.00695732
0.00692653
0.00689703
0.00686876
0.00684163
0.00681561
0.00679064
0.0067888
0.00681048
0.00684885
0.0069131
0.00702193
0.00720077
0.00920696
0.00902894
0.00885026
0.00868421
0.00853107
0.00839049
0.00826164
0.00814357
0.00803526
0.00793576
0.00784414
0.00775961
0.0076814
0.00760888
0.00754144
0.00747858
0.00741984
0.00736481
0.00731313
0.00726448
0.00721859
0.00717521
0.00713412
0.00709512
0.00705803
0.00702271
0.00698902
0.00695683
0.00692604
0.00689655
0.00686828
0.00684116
0.00681515
0.00679018
0.00678834
0.00681003
0.0068484
0.00691264
0.00702148
0.00720031
0.00920639
0.00902838
0.00884971
0.00868367
0.00853055
0.00838997
0.00826113
0.00814307
0.00803477
0.00793527
0.00784366
0.00775913
0.00768093
0.00760841
0.00754098
0.00747813
0.00741939
0.00736436
0.00731269
0.00726405
0.00721816
0.00717478
0.00713369
0.0070947
0.00705762
0.00702231
0.00698862
0.00695644
0.00692565
0.00689616
0.0068679
0.00684078
0.00681477
0.0067898
0.00678797
0.00680966
0.00684803
0.00691227
0.00702111
0.00719994
0.00920594
0.00902793
0.00884926
0.00868323
0.00853011
0.00838955
0.00826072
0.00814266
0.00803436
0.00793487
0.00784326
0.00775874
0.00768054
0.00760803
0.0075406
0.00747775
0.00741902
0.00736399
0.00731232
0.00726368
0.0072178
0.00717442
0.00713334
0.00709435
0.00705727
0.00702197
0.00698828
0.0069561
0.00692532
0.00689584
0.00686758
0.00684047
0.00681445
0.00678949
0.00678766
0.00680935
0.00684772
0.00691196
0.0070208
0.00719963
0.00920555
0.00902754
0.00884888
0.00868286
0.00852974
0.00838918
0.00826036
0.00814231
0.00803402
0.00793453
0.00784293
0.00775841
0.00768022
0.00760772
0.0075403
0.00747745
0.00741872
0.0073637
0.00731203
0.0072634
0.00721752
0.00717415
0.00713307
0.00709408
0.00705701
0.00702171
0.00698803
0.00695585
0.00692507
0.00689559
0.00686733
0.00684022
0.00681421
0.00678925
0.00678742
0.00680911
0.00684748
0.00691172
0.00702055
0.00719939
0.0092052
0.00902721
0.00884855
0.00868253
0.00852943
0.00838887
0.00826006
0.00814201
0.00803373
0.00793425
0.00784266
0.00775815
0.00767997
0.00760746
0.00754005
0.00747721
0.00741848
0.00736347
0.0073118
0.00726317
0.00721729
0.00717392
0.00713284
0.00709386
0.00705679
0.00702149
0.00698781
0.00695564
0.00692486
0.00689538
0.00686712
0.00684001
0.006814
0.00678904
0.00678721
0.0068089
0.00684727
0.00691151
0.00702035
0.00719918
0.00920496
0.00902696
0.0088483
0.00868229
0.00852919
0.00838863
0.00825982
0.00814178
0.0080335
0.00793402
0.00784244
0.00775792
0.00767975
0.00760725
0.00753984
0.007477
0.00741828
0.00736326
0.0073116
0.00726297
0.0072171
0.00717374
0.00713266
0.00709368
0.00705661
0.00702131
0.00698763
0.00695546
0.00692468
0.00689521
0.00686695
0.00683984
0.00681383
0.00678887
0.00678704
0.00680873
0.0068471
0.00691135
0.00702018
0.00719902
0.00920472
0.00902672
0.00884807
0.00868206
0.00852897
0.00838842
0.00825961
0.00814158
0.00803331
0.00793383
0.00784225
0.00775775
0.00767957
0.00760708
0.00753967
0.00747684
0.00741812
0.00736311
0.00731145
0.00726282
0.00721695
0.00717359
0.00713251
0.00709353
0.00705647
0.00702116
0.00698749
0.00695531
0.00692453
0.00689505
0.0068668
0.00683969
0.00681368
0.00678872
0.0067869
0.00680858
0.00684696
0.00691121
0.00702004
0.00719888
0.00920456
0.00902657
0.00884792
0.00868191
0.00852882
0.00838828
0.00825947
0.00814144
0.00803317
0.00793369
0.00784211
0.00775761
0.00767944
0.00760694
0.00753953
0.0074767
0.00741798
0.00736297
0.0073113
0.00726268
0.00721681
0.00717344
0.00713237
0.00709339
0.00705632
0.00702102
0.00698734
0.00695517
0.00692439
0.00689491
0.00686666
0.00683955
0.00681355
0.00678859
0.00678677
0.00680846
0.00684684
0.00691108
0.00701992
0.00719875
0.0092044
0.0090264
0.00884775
0.00868175
0.00852865
0.00838811
0.00825931
0.00814128
0.00803301
0.00793354
0.00784196
0.00775745
0.00767928
0.00760679
0.00753938
0.00747655
0.00741783
0.00736282
0.00731116
0.00726254
0.00721667
0.00717331
0.00713223
0.00709325
0.00705619
0.00702089
0.00698721
0.00695504
0.00692427
0.00689479
0.00686654
0.00683944
0.00681344
0.00678848
0.00678666
0.00680835
0.00684673
0.00691098
0.00701981
0.00719865
0.00920427
0.00902627
0.00884762
0.00868162
0.00852853
0.00838799
0.00825919
0.00814116
0.0080329
0.00793343
0.00784185
0.00775735
0.00767918
0.00760668
0.00753928
0.00747645
0.00741773
0.00736272
0.00731106
0.00726244
0.00721657
0.00717321
0.00713213
0.00709315
0.00705609
0.00702079
0.00698711
0.00695495
0.00692417
0.0068947
0.00686645
0.00683935
0.00681334
0.00678839
0.00678657
0.00680826
0.00684664
0.00691089
0.00701973
0.00719857
0.00920418
0.00902618
0.00884753
0.00868152
0.00852843
0.00838789
0.00825909
0.00814106
0.0080328
0.00793333
0.00784175
0.00775724
0.00767907
0.00760658
0.00753918
0.00747635
0.00741763
0.00736262
0.00731096
0.00726234
0.00721647
0.0071731
0.00713203
0.00709305
0.00705599
0.00702069
0.00698702
0.00695486
0.00692409
0.00689462
0.00686637
0.00683928
0.00681327
0.00678832
0.0067865
0.0068082
0.00684658
0.00691082
0.00701966
0.0071985
0.00920407
0.00902608
0.00884742
0.00868142
0.00852833
0.00838779
0.00825899
0.00814096
0.0080327
0.00793323
0.00784166
0.00775716
0.00767899
0.0076065
0.0075391
0.00747627
0.00741756
0.00736255
0.00731089
0.00726227
0.0072164
0.00717304
0.00713197
0.007093
0.00705594
0.00702064
0.00698698
0.00695481
0.00692404
0.00689457
0.00686632
0.00683923
0.00681322
0.00678827
0.00678645
0.00680814
0.00684652
0.00691077
0.00701961
0.00719844
0.00920402
0.00902603
0.00884738
0.00868137
0.00852829
0.00838775
0.00825896
0.00814093
0.00803267
0.0079332
0.00784163
0.00775713
0.00767896
0.00760647
0.00753907
0.00747625
0.00741754
0.00736253
0.00731087
0.00726225
0.00721638
0.00717302
0.00713195
0.00709297
0.00705591
0.00702061
0.00698695
0.00695478
0.00692401
0.00689454
0.00686628
0.00683918
0.00681318
0.00678822
0.0067864
0.00680809
0.00684647
0.00691072
0.00701956
0.00719839
0.00920397
0.00902598
0.00884733
0.00868133
0.00852824
0.00838771
0.00825891
0.00814089
0.00803263
0.00793316
0.00784159
0.00775709
0.00767892
0.00760643
0.00753904
0.00747621
0.0074175
0.00736249
0.00731083
0.00726221
0.00721634
0.00717298
0.00713191
0.00709294
0.00705588
0.00702058
0.00698691
0.00695475
0.00692397
0.0068945
0.00686625
0.00683915
0.00681314
0.00678819
0.00678637
0.00680806
0.00684644
0.00691068
0.00701952
0.00719836
0.00920397
0.00902597
0.00884733
0.00868132
0.00852824
0.0083877
0.00825891
0.00814089
0.00803262
0.00793316
0.00784158
0.00775709
0.00767892
0.00760643
0.00753904
0.00747621
0.0074175
0.00736249
0.00731083
0.00726221
0.00721634
0.00717298
0.00713191
0.00709294
0.00705588
0.00702058
0.00698691
0.00695474
0.00692396
0.00689449
0.00686623
0.00683913
0.00681313
0.00678817
0.00678635
0.00680804
0.00684642
0.00691067
0.00701951
0.00719834
0.00920398
0.00902599
0.00884734
0.00868134
0.00852826
0.00838772
0.00825893
0.00814091
0.00803264
0.00793318
0.00784161
0.00775711
0.00767894
0.00760646
0.00753906
0.00747623
0.00741752
0.00736251
0.00731085
0.00726223
0.00721636
0.00717301
0.00713194
0.00709296
0.00705589
0.00702059
0.00698692
0.00695475
0.00692397
0.00689449
0.00686624
0.00683914
0.00681313
0.00678818
0.00678635
0.00680805
0.00684642
0.00691067
0.00701951
0.00719834
0.00920401
0.00902601
0.00884737
0.00868137
0.00852828
0.00838775
0.00825895
0.00814093
0.00803267
0.0079332
0.00784163
0.00775713
0.00767897
0.00760648
0.00753909
0.00747626
0.00741755
0.00736254
0.00731088
0.00726226
0.00721639
0.00717304
0.00713196
0.00709298
0.00705592
0.00702062
0.00698694
0.00695477
0.00692399
0.00689451
0.00686626
0.00683916
0.00681315
0.0067882
0.00678638
0.00680807
0.00684645
0.0069107
0.00701954
0.00719837
0.00920405
0.00902606
0.00884741
0.00868141
0.00852832
0.00838778
0.00825899
0.00814097
0.0080327
0.00793324
0.00784167
0.00775717
0.00767901
0.00760652
0.00753913
0.0074763
0.00741759
0.00736258
0.00731093
0.0072623
0.00721644
0.00717308
0.007132
0.00709302
0.00705596
0.00702065
0.00698698
0.0069548
0.00692403
0.00689455
0.00686629
0.00683919
0.00681319
0.00678823
0.00678641
0.0068081
0.00684648
0.00691073
0.00701957
0.0071984
0.00920414
0.00902614
0.00884749
0.00868148
0.00852839
0.00838785
0.00825906
0.00814103
0.00803276
0.0079333
0.00784173
0.00775723
0.00767906
0.00760658
0.00753918
0.00747635
0.00741764
0.00736264
0.00731098
0.00726236
0.00721649
0.00717313
0.00713205
0.00709307
0.007056
0.0070207
0.00698702
0.00695485
0.00692407
0.0068946
0.00686634
0.00683924
0.00681323
0.00678828
0.00678646
0.00680815
0.00684653
0.00691077
0.00701961
0.00719844
0.00920422
0.00902622
0.00884757
0.00868156
0.00852847
0.00838793
0.00825913
0.0081411
0.00803283
0.00793336
0.00784179
0.00775729
0.00767912
0.00760663
0.00753924
0.00747641
0.0074177
0.0073627
0.00731104
0.00726242
0.00721655
0.00717319
0.00713211
0.00709313
0.00705606
0.00702076
0.00698708
0.00695491
0.00692413
0.00689466
0.0068664
0.0068393
0.00681329
0.00678834
0.00678651
0.0068082
0.00684658
0.00691083
0.00701967
0.0071985
0.00920432
0.00902632
0.00884766
0.00868165
0.00852856
0.00838802
0.00825921
0.00814118
0.00803292
0.00793345
0.00784187
0.00775737
0.0076792
0.00760671
0.00753931
0.00747649
0.00741778
0.00736277
0.00731112
0.00726249
0.00721662
0.00717326
0.00713219
0.0070932
0.00705614
0.00702084
0.00698716
0.00695499
0.00692421
0.00689474
0.00686648
0.00683938
0.00681337
0.00678842
0.00678659
0.00680828
0.00684666
0.00691091
0.00701974
0.00719857
0.00920446
0.00902646
0.00884781
0.0086818
0.0085287
0.00838816
0.00825935
0.00814132
0.00803305
0.00793358
0.007842
0.0077575
0.00767933
0.00760684
0.00753944
0.00747661
0.0074179
0.00736289
0.00731123
0.00726261
0.00721674
0.00717337
0.0071323
0.00709331
0.00705625
0.00702095
0.00698727
0.0069551
0.00692432
0.00689485
0.00686659
0.00683949
0.00681348
0.00678853
0.0067867
0.00680839
0.00684677
0.00691101
0.00701985
0.00719868
0.00920467
0.00902667
0.00884801
0.008682
0.0085289
0.00838835
0.00825955
0.00814151
0.00803324
0.00793376
0.00784218
0.00775767
0.0076795
0.00760701
0.00753961
0.00747678
0.00741807
0.00736306
0.00731139
0.00726277
0.00721689
0.00717353
0.00713245
0.00709347
0.0070564
0.0070211
0.00698742
0.00695525
0.00692447
0.00689499
0.00686674
0.00683963
0.00681363
0.00678867
0.00678684
0.00680853
0.00684691
0.00691116
0.00701999
0.00719882
0.00920492
0.00902692
0.00884826
0.00868224
0.00852914
0.00838859
0.00825978
0.00814174
0.00803346
0.00793398
0.0078424
0.00775789
0.00767971
0.00760722
0.00753981
0.00747698
0.00741826
0.00736325
0.00731159
0.00726296
0.00721708
0.00717372
0.00713264
0.00709365
0.00705658
0.00702128
0.0069876
0.00695543
0.00692465
0.00689517
0.00686691
0.00683981
0.0068138
0.00678884
0.00678702
0.0068087
0.00684708
0.00691133
0.00702017
0.007199
0.00920521
0.00902721
0.00884854
0.00868252
0.00852941
0.00838886
0.00826004
0.008142
0.00803372
0.00793424
0.00784265
0.00775813
0.00767996
0.00760746
0.00754005
0.00747722
0.00741849
0.00736348
0.00731181
0.00726318
0.00721731
0.00717394
0.00713286
0.00709387
0.0070568
0.0070215
0.00698782
0.00695564
0.00692486
0.00689538
0.00686712
0.00684002
0.006814
0.00678905
0.00678722
0.00680891
0.00684728
0.00691153
0.00702036
0.00719919
0.00920557
0.00902756
0.00884889
0.00868286
0.00852975
0.00838918
0.00826036
0.00814231
0.00803403
0.00793454
0.00784295
0.00775843
0.00768024
0.00760774
0.00754033
0.00747749
0.00741877
0.00736375
0.00731208
0.00726344
0.00721756
0.0071742
0.00713311
0.00709413
0.00705706
0.00702175
0.00698807
0.00695589
0.00692511
0.00689563
0.00686737
0.00684026
0.00681424
0.00678929
0.00678746
0.00680914
0.00684752
0.00691176
0.0070206
0.00719943
0.00920601
0.009028
0.00884932
0.00868329
0.00853016
0.00838959
0.00826076
0.00814271
0.00803441
0.00793492
0.00784332
0.00775879
0.00768061
0.0076081
0.00754068
0.00747784
0.0074191
0.00736408
0.00731241
0.00726377
0.00721789
0.00717452
0.00713343
0.00709444
0.00705737
0.00702206
0.00698838
0.0069562
0.00692541
0.00689593
0.00686766
0.00684055
0.00681454
0.00678958
0.00678775
0.00680943
0.00684781
0.00691205
0.00702089
0.00719972
0.00920658
0.00902856
0.00884987
0.00868382
0.00853069
0.00839011
0.00826127
0.0081432
0.0080349
0.00793539
0.00784378
0.00775925
0.00768105
0.00760854
0.00754111
0.00747826
0.00741953
0.0073645
0.00731282
0.00726418
0.00721829
0.00717491
0.00713383
0.00709483
0.00705776
0.00702244
0.00698875
0.00695657
0.00692578
0.0068963
0.00686803
0.00684091
0.0068149
0.00678993
0.0067881
0.00680978
0.00684815
0.00691239
0.00702122
0.00720005
0.00920727
0.00902924
0.00885054
0.00868448
0.00853133
0.00839073
0.00826187
0.00814379
0.00803547
0.00793596
0.00784434
0.0077598
0.00768159
0.00760907
0.00754163
0.00747878
0.00742003
0.00736499
0.00731331
0.00726466
0.00721877
0.00717539
0.0071343
0.0070953
0.00705821
0.0070229
0.00698921
0.00695702
0.00692622
0.00689673
0.00686846
0.00684135
0.00681533
0.00679036
0.00678852
0.00681021
0.00684858
0.00691282
0.00702165
0.00720049
0.00920815
0.0090301
0.00885138
0.00868529
0.00853212
0.0083915
0.00826262
0.00814452
0.00803619
0.00793666
0.00784503
0.00776048
0.00768226
0.00760972
0.00754228
0.00747941
0.00742066
0.00736561
0.00731392
0.00726526
0.00721936
0.00717597
0.00713488
0.00709587
0.00705878
0.00702346
0.00698976
0.00695757
0.00692677
0.00689728
0.00686901
0.00684188
0.00681586
0.00679089
0.00678905
0.00681073
0.00684911
0.00691335
0.00702218
0.00720102
0.00920901
0.00903094
0.00885219
0.00868607
0.00853287
0.00839222
0.00826332
0.00814519
0.00803684
0.00793729
0.00784565
0.00776108
0.00768285
0.0076103
0.00754284
0.00747996
0.0074212
0.00736614
0.00731444
0.00726578
0.00721988
0.00717648
0.00713538
0.00709637
0.00705927
0.00702395
0.00699025
0.00695805
0.00692725
0.00689775
0.00686947
0.00684235
0.00681632
0.00679135
0.00678951
0.0068112
0.00684957
0.00691382
0.00702266
0.00720151
0.00920827
0.00903017
0.00885139
0.00868525
0.00853203
0.00839137
0.00826246
0.00814432
0.00803597
0.00793642
0.00784477
0.0077602
0.00768197
0.00760943
0.00754198
0.0074791
0.00742035
0.0073653
0.00731361
0.00726495
0.00721906
0.00717567
0.00713457
0.00709557
0.00705849
0.00702317
0.00698947
0.00695728
0.00692649
0.006897
0.00686873
0.00684161
0.00681559
0.00679063
0.00678879
0.00681048
0.00684885
0.0069131
0.00702194
0.00720078
0.00919809
0.00902001
0.00884131
0.00867528
0.00852217
0.00838163
0.00825284
0.00813483
0.0080266
0.00792717
0.00783564
0.00775118
0.00767307
0.00760062
0.00753328
0.0074705
0.00741183
0.00735688
0.00730527
0.0072567
0.00721089
0.00716758
0.00712656
0.00708763
0.00705062
0.00701536
0.00698174
0.00694961
0.00691888
0.00688944
0.00686123
0.00683417
0.0068082
0.00678328
0.00678147
0.00680318
0.00684156
0.00690579
0.00701458
0.00719332
0.00916143
0.0089833
0.00880462
0.00863875
0.0084859
0.00834568
0.00821725
0.00809962
0.00799177
0.00789273
0.00780157
0.00771749
0.00763973
0.00756764
0.00750062
0.00743816
0.0073798
0.00732513
0.00727381
0.0072255
0.00717994
0.00713687
0.00709608
0.00705736
0.00702055
0.0069855
0.00695205
0.0069201
0.00688953
0.00686025
0.00683219
0.00680527
0.00677943
0.00675464
0.00675382
0.00677632
0.00681514
0.00687993
0.00698939
0.00716878
0.00951027
0.00932315
0.00912904
0.00894608
0.00877596
0.0086191
0.00847505
0.00834294
0.00822178
0.00811052
0.00800815
0.00791376
0.00782649
0.0077456
0.00767041
0.00760033
0.00753483
0.00747345
0.00741579
0.00736147
0.00731019
0.00726166
0.00721563
0.00717188
0.00713022
0.00709046
0.00705246
0.00701608
0.00698118
0.00694768
0.00691548
0.00688451
0.0068547
0.00682601
0.00682399
0.00684682
0.00688652
0.00695357
0.00706811
0.00725674
0.00954975
0.00936311
0.0091693
0.00898638
0.00881612
0.00865901
0.00851461
0.00838212
0.00826054
0.00814884
0.00804604
0.00795122
0.00786353
0.00778222
0.00770663
0.00763616
0.00757029
0.00750855
0.00745054
0.0073959
0.0073443
0.00729547
0.00724915
0.00720512
0.00716319
0.00712319
0.00708495
0.00704834
0.00701323
0.00697952
0.00694713
0.00691596
0.00688598
0.00685713
0.0068545
0.00687658
0.00691558
0.0069819
0.00709569
0.00728364
0.00956064
0.00937403
0.00918016
0.00899714
0.00882677
0.00866951
0.00852496
0.00839232
0.00827058
0.00815874
0.00805579
0.00796082
0.00787299
0.00779155
0.00771583
0.00764523
0.00757924
0.00751738
0.00745926
0.0074045
0.0073528
0.00730387
0.00725745
0.00721333
0.00717131
0.00713121
0.00709289
0.00705619
0.007021
0.00698722
0.00695475
0.00692351
0.00689346
0.00686454
0.00686186
0.00688391
0.00692289
0.00698922
0.00710305
0.00729109
0.00956153
0.00937498
0.00918116
0.00899818
0.00882784
0.00867061
0.00852609
0.00839346
0.00827174
0.00815989
0.00805695
0.00796198
0.00787414
0.00779269
0.00771696
0.00764635
0.00758034
0.00751848
0.00746034
0.00740557
0.00735385
0.0073049
0.00725846
0.00721433
0.00717229
0.00713218
0.00709383
0.00705712
0.00702192
0.00698812
0.00695563
0.00692439
0.00689432
0.00686538
0.0068627
0.00688474
0.00692372
0.00699005
0.00710388
0.00729192
0.00956081
0.00937428
0.00918048
0.00899753
0.00882721
0.00867
0.0085255
0.00839289
0.00827118
0.00815936
0.00805642
0.00796146
0.00787364
0.00779219
0.00771647
0.00764586
0.00757986
0.007518
0.00745986
0.0074051
0.00735338
0.00730443
0.007258
0.00721387
0.00717183
0.00713172
0.00709338
0.00705667
0.00702147
0.00698767
0.00695518
0.00692394
0.00689387
0.00686494
0.00686226
0.0068843
0.00692328
0.0069896
0.00710343
0.00729147
0.00955992
0.0093734
0.00917962
0.00899669
0.00882639
0.00866921
0.00852473
0.00839214
0.00827045
0.00815864
0.00805572
0.00796077
0.00787296
0.00779153
0.00771581
0.00764522
0.00757923
0.00751737
0.00745925
0.00740449
0.00735278
0.00730384
0.00725742
0.00721329
0.00717126
0.00713116
0.00709282
0.00705612
0.00702092
0.00698713
0.00695465
0.0069234
0.00689334
0.00686441
0.00686174
0.00688378
0.00692276
0.00698908
0.00710291
0.00729094
0.00955917
0.00937266
0.00917889
0.00899597
0.00882569
0.00866852
0.00852405
0.00839148
0.0082698
0.008158
0.0080551
0.00796016
0.00787235
0.00779093
0.00771522
0.00764464
0.00757865
0.00751681
0.00745869
0.00740393
0.00735223
0.0073033
0.00725688
0.00721276
0.00717073
0.00713063
0.0070923
0.0070556
0.00702041
0.00698663
0.00695415
0.00692292
0.00689286
0.00686394
0.00686126
0.00688331
0.00692229
0.00698861
0.00710244
0.00729047
0.00955859
0.00937208
0.00917832
0.00899541
0.00882514
0.00866798
0.00852353
0.00839097
0.0082693
0.00815751
0.00805461
0.00795968
0.00787188
0.00779046
0.00771476
0.00764418
0.0075782
0.00751635
0.00745824
0.00740349
0.00735179
0.00730286
0.00725644
0.00721232
0.00717031
0.00713021
0.00709189
0.00705519
0.00702001
0.00698623
0.00695376
0.00692252
0.00689247
0.00686355
0.00686088
0.00688293
0.00692191
0.00698824
0.00710206
0.00729009
0.00955813
0.00937162
0.00917786
0.00899496
0.0088247
0.00866755
0.00852311
0.00839055
0.00826888
0.0081571
0.0080542
0.00795927
0.00787148
0.00779006
0.00771436
0.00764379
0.00757781
0.00751597
0.00745786
0.00740311
0.00735142
0.00730249
0.00725608
0.00721196
0.00716995
0.00712986
0.00709154
0.00705485
0.00701967
0.00698589
0.00695343
0.0069222
0.00689215
0.00686323
0.00686056
0.00688261
0.00692159
0.00698792
0.00710174
0.00728977
0.00955774
0.00937123
0.00917747
0.00899457
0.00882432
0.00866717
0.00852273
0.00839018
0.00826853
0.00815675
0.00805386
0.00795893
0.00787114
0.00778974
0.00771404
0.00764348
0.0075775
0.00751567
0.00745756
0.00740282
0.00735113
0.0073022
0.00725579
0.00721169
0.00716968
0.00712959
0.00709128
0.00705459
0.00701941
0.00698564
0.00695318
0.00692195
0.0068919
0.00686298
0.00686032
0.00688236
0.00692135
0.00698768
0.0071015
0.00728952
0.00955738
0.00937087
0.00917712
0.00899423
0.00882398
0.00866685
0.00852242
0.00838987
0.00826822
0.00815645
0.00805357
0.00795865
0.00787087
0.00778947
0.00771378
0.00764322
0.00757726
0.00751542
0.00745732
0.00740258
0.00735089
0.00730197
0.00725557
0.00721146
0.00716945
0.00712937
0.00709105
0.00705437
0.0070192
0.00698542
0.00695296
0.00692173
0.00689169
0.00686277
0.00686011
0.00688215
0.00692113
0.00698747
0.00710129
0.00728932
0.00955714
0.00937063
0.00917687
0.00899398
0.00882373
0.0086666
0.00852217
0.00838963
0.00826798
0.00815621
0.00805333
0.00795842
0.00787064
0.00778925
0.00771356
0.007643
0.00757704
0.00751521
0.00745711
0.00740238
0.00735069
0.00730177
0.00725538
0.00721127
0.00716927
0.00712919
0.00709087
0.00705419
0.00701902
0.00698524
0.00695278
0.00692156
0.00689151
0.0068626
0.00685993
0.00688198
0.00692096
0.00698729
0.00710112
0.00728914
0.0095569
0.00937038
0.00917663
0.00899374
0.0088235
0.00866637
0.00852195
0.00838941
0.00826777
0.00815601
0.00805314
0.00795823
0.00787046
0.00778907
0.00771339
0.00764284
0.00757688
0.00751506
0.00745696
0.00740223
0.00735055
0.00730163
0.00725524
0.00721114
0.00716913
0.00712905
0.00709074
0.00705406
0.00701888
0.00698511
0.00695264
0.00692142
0.00689137
0.00686246
0.00685979
0.00688184
0.00692082
0.00698715
0.00710098
0.007289
0.00955674
0.00937023
0.00917647
0.00899359
0.00882335
0.00866622
0.00852181
0.00838927
0.00826764
0.00815588
0.00805301
0.00795811
0.00787033
0.00778894
0.00771327
0.00764271
0.00757676
0.00751493
0.00745684
0.00740211
0.00735042
0.00730151
0.00725511
0.00721101
0.007169
0.00712892
0.00709061
0.00705392
0.00701875
0.00698497
0.00695251
0.00692129
0.00689124
0.00686233
0.00685967
0.00688172
0.0069207
0.00698703
0.00710086
0.00728889
0.00955658
0.00937006
0.00917631
0.00899342
0.00882318
0.00866606
0.00852164
0.00838911
0.00826747
0.00815572
0.00805285
0.00795795
0.00787018
0.00778879
0.00771311
0.00764256
0.00757661
0.00751478
0.00745669
0.00740196
0.00735028
0.00730137
0.00725497
0.00721087
0.00716887
0.00712879
0.00709048
0.0070538
0.00701862
0.00698485
0.00695239
0.00692117
0.00689113
0.00686222
0.00685956
0.00688161
0.0069206
0.00698693
0.00710075
0.00728878
0.00955644
0.00936993
0.00917617
0.00899329
0.00882305
0.00866593
0.00852151
0.00838899
0.00826736
0.0081556
0.00805274
0.00795784
0.00787007
0.00778869
0.00771301
0.00764246
0.00757651
0.00751469
0.0074566
0.00740187
0.00735019
0.00730128
0.00725488
0.00721078
0.00716878
0.0071287
0.00709039
0.00705371
0.00701853
0.00698476
0.0069523
0.00692108
0.00689104
0.00686213
0.00685947
0.00688152
0.00692051
0.00698684
0.00710066
0.00728869
0.00955638
0.00936986
0.0091761
0.00899321
0.00882297
0.00866585
0.00852144
0.00838891
0.00826728
0.00815552
0.00805266
0.00795775
0.00786998
0.0077886
0.00771292
0.00764237
0.00757642
0.0075146
0.00745651
0.00740178
0.0073501
0.00730118
0.00725478
0.00721068
0.00716868
0.0071286
0.00709029
0.00705361
0.00701844
0.00698468
0.00695222
0.006921
0.00689096
0.00686205
0.00685939
0.00688145
0.00692044
0.00698677
0.0071006
0.00728863
0.00955627
0.00936974
0.00917598
0.00899309
0.00882285
0.00866573
0.00852132
0.00838879
0.00826717
0.00815541
0.00805254
0.00795764
0.00786988
0.00778849
0.00771282
0.00764227
0.00757632
0.0075145
0.00745641
0.00740168
0.00735
0.00730109
0.0072547
0.0072106
0.0071686
0.00712853
0.00709022
0.00705355
0.00701838
0.00698461
0.00695216
0.00692094
0.0068909
0.006862
0.00685934
0.00688139
0.00692038
0.00698671
0.00710054
0.00728857
0.0095562
0.00936968
0.00917592
0.00899304
0.0088228
0.00866568
0.00852127
0.00838875
0.00826712
0.00815537
0.0080525
0.0079576
0.00786984
0.00778845
0.00771278
0.00764223
0.00757628
0.00751447
0.00745638
0.00740165
0.00734997
0.00730106
0.00725466
0.00721056
0.00716856
0.00712849
0.00709018
0.00705351
0.00701834
0.00698457
0.00695212
0.0069209
0.00689086
0.00686195
0.00685929
0.00688134
0.00692033
0.00698666
0.00710049
0.00728852
0.00955616
0.00936964
0.00917588
0.008993
0.00882276
0.00866564
0.00852123
0.00838871
0.00826708
0.00815533
0.00805246
0.00795757
0.0078698
0.00778842
0.00771275
0.0076422
0.00757625
0.00751444
0.00745635
0.00740162
0.00734994
0.00730103
0.00725463
0.00721054
0.00716854
0.00712846
0.00709016
0.00705348
0.00701831
0.00698455
0.00695209
0.00692087
0.00689083
0.00686192
0.00685926
0.00688131
0.0069203
0.00698663
0.00710046
0.00728849
0.00955615
0.00936963
0.00917587
0.00899298
0.00882275
0.00866563
0.00852122
0.0083887
0.00826707
0.00815532
0.00805246
0.00795756
0.0078698
0.00778841
0.00771275
0.0076422
0.00757625
0.00751444
0.00745635
0.00740162
0.00734994
0.00730103
0.00725463
0.00721054
0.00716854
0.00712846
0.00709016
0.00705348
0.00701831
0.00698454
0.00695208
0.00692086
0.00689082
0.00686191
0.00685925
0.0068813
0.00692029
0.00698662
0.00710045
0.00728848
0.00955616
0.00936964
0.00917588
0.008993
0.00882276
0.00866565
0.00852124
0.00838872
0.00826709
0.00815534
0.00805248
0.00795758
0.00786982
0.00778844
0.00771277
0.00764222
0.00757628
0.00751446
0.00745637
0.00740164
0.00734997
0.00730106
0.00725466
0.00721056
0.00716856
0.00712849
0.00709018
0.0070535
0.00701832
0.00698455
0.00695209
0.00692087
0.00689083
0.00686192
0.00685926
0.00688131
0.0069203
0.00698663
0.00710046
0.00728849
0.00955619
0.00936967
0.00917591
0.00899303
0.00882279
0.00866567
0.00852127
0.00838874
0.00826712
0.00815537
0.0080525
0.00795761
0.00786985
0.00778847
0.0077128
0.00764225
0.00757631
0.00751449
0.0074564
0.00740168
0.00735
0.00730109
0.0072547
0.0072106
0.0071686
0.00712852
0.00709021
0.00705352
0.00701835
0.00698458
0.00695212
0.0069209
0.00689085
0.00686194
0.00685928
0.00688133
0.00692032
0.00698665
0.00710048
0.00728851
0.00955624
0.00936972
0.00917596
0.00899307
0.00882283
0.00866571
0.0085213
0.00838878
0.00826715
0.0081554
0.00805254
0.00795765
0.00786988
0.0077885
0.00771284
0.00764229
0.00757635
0.00751453
0.00745644
0.00740172
0.00735005
0.00730114
0.00725474
0.00721064
0.00716864
0.00712856
0.00709025
0.00705356
0.00701839
0.00698462
0.00695215
0.00692093
0.00689089
0.00686198
0.00685932
0.00688137
0.00692035
0.00698669
0.00710051
0.00728854
0.00955632
0.0093698
0.00917604
0.00899315
0.00882291
0.00866579
0.00852138
0.00838885
0.00826722
0.00815547
0.0080526
0.00795771
0.00786994
0.00778856
0.00771289
0.00764235
0.0075764
0.00751459
0.0074565
0.00740178
0.0073501
0.00730119
0.0072548
0.0072107
0.00716869
0.00712861
0.0070903
0.00705361
0.00701844
0.00698466
0.0069522
0.00692098
0.00689094
0.00686203
0.00685937
0.00688142
0.0069204
0.00698674
0.00710056
0.00728859
0.00955641
0.00936989
0.00917613
0.00899324
0.008823
0.00866587
0.00852146
0.00838893
0.0082673
0.00815554
0.00805267
0.00795778
0.00787001
0.00778863
0.00771296
0.00764241
0.00757646
0.00751465
0.00745656
0.00740184
0.00735017
0.00730125
0.00725486
0.00721076
0.00716875
0.00712867
0.00709035
0.00705367
0.0070185
0.00698473
0.00695227
0.00692104
0.006891
0.00686209
0.00685943
0.00688148
0.00692046
0.0069868
0.00710062
0.00728865
0.00955651
0.00936999
0.00917623
0.00899334
0.00882309
0.00866597
0.00852155
0.00838902
0.00826739
0.00815563
0.00805276
0.00795786
0.0078701
0.00778871
0.00771304
0.00764249
0.00757655
0.00751473
0.00745664
0.00740192
0.00735024
0.00730133
0.00725494
0.00721083
0.00716883
0.00712875
0.00709044
0.00705375
0.00701858
0.00698481
0.00695235
0.00692113
0.00689108
0.00686217
0.00685951
0.00688156
0.00692055
0.00698688
0.0071007
0.00728873
0.00955665
0.00937013
0.00917637
0.00899348
0.00882324
0.00866611
0.00852169
0.00838916
0.00826753
0.00815577
0.0080529
0.007958
0.00787023
0.00778884
0.00771317
0.00764262
0.00757667
0.00751486
0.00745677
0.00740204
0.00735036
0.00730145
0.00725505
0.00721095
0.00716894
0.00712886
0.00709055
0.00705387
0.00701869
0.00698492
0.00695246
0.00692124
0.0068912
0.00686229
0.00685962
0.00688168
0.00692066
0.00698699
0.00710082
0.00728884
0.00955685
0.00937034
0.00917658
0.00899369
0.00882344
0.00866632
0.00852189
0.00838936
0.00826772
0.00815596
0.00805309
0.00795818
0.00787041
0.00778902
0.00771335
0.0076428
0.00757684
0.00751503
0.00745693
0.00740221
0.00735052
0.00730161
0.00725521
0.0072111
0.0071691
0.00712901
0.0070907
0.00705402
0.00701884
0.00698507
0.00695261
0.00692139
0.00689134
0.00686243
0.00685977
0.00688182
0.0069208
0.00698714
0.00710096
0.00728898
0.00955711
0.0093706
0.00917684
0.00899395
0.00882369
0.00866656
0.00852213
0.00838959
0.00826795
0.00815619
0.00805331
0.0079584
0.00787062
0.00778923
0.00771355
0.007643
0.00757705
0.00751522
0.00745713
0.0074024
0.00735071
0.0073018
0.0072554
0.00721129
0.00716928
0.0071292
0.00709088
0.0070542
0.00701902
0.00698524
0.00695278
0.00692156
0.00689151
0.0068626
0.00685993
0.00688198
0.00692097
0.0069873
0.00710112
0.00728915
0.00955741
0.0093709
0.00917713
0.00899423
0.00882398
0.00866684
0.00852241
0.00838986
0.00826822
0.00815645
0.00805357
0.00795865
0.00787087
0.00778947
0.00771379
0.00764324
0.00757728
0.00751545
0.00745735
0.00740262
0.00735094
0.00730202
0.00725561
0.0072115
0.0071695
0.00712941
0.00709109
0.00705441
0.00701923
0.00698545
0.00695299
0.00692176
0.00689172
0.0068628
0.00686014
0.00688218
0.00692117
0.0069875
0.00710132
0.00728934
0.00955777
0.00937126
0.00917749
0.00899459
0.00882432
0.00866718
0.00852274
0.00839019
0.00826854
0.00815676
0.00805387
0.00795895
0.00787117
0.00778976
0.00771408
0.00764352
0.00757755
0.00751572
0.00745762
0.00740288
0.0073512
0.00730227
0.00725587
0.00721176
0.00716975
0.00712966
0.00709135
0.00705466
0.00701948
0.0069857
0.00695323
0.00692201
0.00689196
0.00686304
0.00686037
0.00688242
0.0069214
0.00698773
0.00710155
0.00728958
0.00955822
0.00937171
0.00917794
0.00899503
0.00882476
0.00866761
0.00852316
0.0083906
0.00826894
0.00815715
0.00805426
0.00795933
0.00787154
0.00779013
0.00771444
0.00764387
0.00757791
0.00751607
0.00745797
0.00740323
0.00735153
0.00730261
0.0072562
0.00721209
0.00717008
0.00712999
0.00709167
0.00705498
0.00701979
0.00698601
0.00695354
0.00692232
0.00689226
0.00686335
0.00686068
0.00688272
0.0069217
0.00698803
0.00710184
0.00728986
0.0095588
0.00937229
0.00917851
0.00899559
0.00882531
0.00866815
0.00852369
0.00839111
0.00826944
0.00815765
0.00805474
0.00795981
0.00787201
0.00779059
0.00771489
0.00764432
0.00757834
0.0075165
0.00745839
0.00740364
0.00735194
0.00730301
0.0072566
0.00721248
0.00717047
0.00713037
0.00709205
0.00705536
0.00702017
0.00698639
0.00695392
0.00692269
0.00689263
0.00686371
0.00686104
0.00688309
0.00692207
0.0069884
0.00710222
0.00729024
0.00955952
0.009373
0.00917921
0.00899628
0.00882598
0.0086688
0.00852432
0.00839173
0.00827005
0.00815824
0.00805532
0.00796038
0.00787257
0.00779115
0.00771544
0.00764486
0.00757887
0.00751703
0.00745891
0.00740415
0.00735245
0.00730351
0.00725709
0.00721297
0.00717095
0.00713085
0.00709253
0.00705583
0.00702064
0.00698685
0.00695438
0.00692314
0.00689308
0.00686416
0.00686149
0.00688353
0.00692251
0.00698884
0.00710266
0.00729069
0.00956043
0.00937391
0.0091801
0.00899715
0.00882683
0.00866962
0.00852512
0.00839251
0.00827081
0.00815898
0.00805605
0.00796109
0.00787326
0.00779182
0.0077161
0.00764551
0.00757951
0.00751766
0.00745953
0.00740476
0.00735305
0.00730411
0.00725768
0.00721355
0.00717153
0.00713142
0.00709309
0.00705639
0.00702119
0.0069874
0.00695492
0.00692368
0.00689362
0.00686469
0.00686202
0.00688406
0.00692304
0.00698937
0.0071032
0.00729123
0.00956137
0.00937483
0.009181
0.00899802
0.00882767
0.00867043
0.00852591
0.00839327
0.00827154
0.00815969
0.00805674
0.00796176
0.00787392
0.00779247
0.00771674
0.00764613
0.00758013
0.00751826
0.00746012
0.00740535
0.00735363
0.00730468
0.00725825
0.00721411
0.00717208
0.00713197
0.00709363
0.00705692
0.00702172
0.00698792
0.00695544
0.0069242
0.00689413
0.0068652
0.00686252
0.00688456
0.00692354
0.00698987
0.00710369
0.00729173
0.00956083
0.00937425
0.0091804
0.00899739
0.00882702
0.00866977
0.00852522
0.00839257
0.00827083
0.00815898
0.00805602
0.00796104
0.0078732
0.00779175
0.00771602
0.00764542
0.00757942
0.00751755
0.00745942
0.00740465
0.00735294
0.007304
0.00725758
0.00721345
0.00717143
0.00713133
0.007093
0.00705629
0.0070211
0.00698731
0.00695483
0.00692359
0.00689353
0.00686461
0.00686193
0.00688398
0.00692295
0.00698928
0.0071031
0.00729112
0.00955089
0.00936427
0.00917044
0.0089875
0.00881722
0.00866008
0.00851565
0.00838313
0.00826151
0.00814978
0.00804695
0.00795209
0.00786437
0.00778303
0.00770741
0.00763691
0.00757101
0.00750924
0.0074512
0.00739653
0.00734491
0.00729605
0.00724971
0.00720567
0.00716372
0.0071237
0.00708544
0.00704881
0.00701369
0.00697996
0.00694755
0.00691638
0.00688637
0.00685751
0.00685486
0.00687693
0.00691592
0.00698223
0.007096
0.00728392
0.00951296
0.00932594
0.00913185
0.00894888
0.00877875
0.00862186
0.00847777
0.00834561
0.0082244
0.00811307
0.00801065
0.00791619
0.00782887
0.00774791
0.00767266
0.00760252
0.00753696
0.00747553
0.0074178
0.00736343
0.0073121
0.00726352
0.00721744
0.00717365
0.00713194
0.00709214
0.0070541
0.00701767
0.00698274
0.0069492
0.00691697
0.00688596
0.00685612
0.0068274
0.0068259
0.00684881
0.00688827
0.00695518
0.00706969
0.0072583
0.0098806
0.00969616
0.00949286
0.0092959
0.00910972
0.00893635
0.00877622
0.00862891
0.00849357
0.00836919
0.00825473
0.00814918
0.00805161
0.00796116
0.00787708
0.0077987
0.00772542
0.00765672
0.00759212
0.00753123
0.00747368
0.00741916
0.00736737
0.00731807
0.00727104
0.00722607
0.00718299
0.00714164
0.0071019
0.00706362
0.00702672
0.00699111
0.00695673
0.00692353
0.00692059
0.0069436
0.0069833
0.00705231
0.00717208
0.00737052
0.00992036
0.00973697
0.00953446
0.00933792
0.00915185
0.0089784
0.00881804
0.00867039
0.00853465
0.00840984
0.00829493
0.00818892
0.00809089
0.008
0.00791548
0.00783667
0.00776298
0.00769387
0.00762889
0.00756763
0.00750973
0.00745486
0.00740275
0.00735314
0.0073058
0.00726055
0.0072172
0.0071756
0.0071356
0.00709709
0.00705996
0.00702414
0.00698955
0.00695616
0.00695253
0.00697472
0.00701369
0.00708193
0.00720089
0.0073986
0.00993069
0.00974744
0.00954495
0.00934836
0.0091622
0.00898862
0.00882811
0.00868031
0.00854442
0.00841946
0.00830439
0.00819823
0.00810005
0.00800901
0.00792436
0.00784541
0.00777159
0.00770236
0.00763726
0.00757588
0.00751786
0.00746289
0.00741067
0.00736096
0.00731353
0.00726818
0.00722474
0.00718305
0.00714296
0.00710437
0.00706716
0.00703126
0.0069966
0.00696314
0.00695946
0.00698162
0.00702057
0.00708881
0.00720781
0.00740561
0.00993123
0.00974803
0.00954558
0.00934904
0.00916292
0.00898938
0.0088289
0.00868113
0.00854526
0.00842031
0.00830525
0.00819909
0.00810092
0.00800988
0.00792522
0.00784627
0.00777243
0.00770319
0.00763809
0.0075767
0.00751867
0.00746368
0.00741145
0.00736172
0.00731428
0.00726892
0.00722546
0.00718375
0.00714366
0.00710505
0.00706783
0.00703192
0.00699725
0.00696377
0.00696008
0.00698223
0.00702118
0.00708942
0.00720842
0.00740623
0.00993041
0.00974722
0.00954478
0.00934826
0.00916217
0.00898865
0.0088282
0.00868044
0.00854459
0.00841966
0.00830462
0.00819847
0.00810031
0.00800928
0.00792462
0.00784568
0.00777186
0.00770262
0.00763752
0.00757614
0.00751811
0.00746313
0.0074109
0.00736118
0.00731374
0.00726838
0.00722492
0.00718322
0.00714312
0.00710452
0.0070673
0.00703139
0.00699672
0.00696325
0.00695956
0.00698172
0.00702066
0.0070889
0.0072079
0.0074057
0.0099295
0.0097463
0.00954387
0.00934736
0.00916128
0.00898779
0.00882736
0.00867963
0.0085438
0.00841888
0.00830386
0.00819773
0.00809958
0.00800857
0.00792393
0.007845
0.00777118
0.00770196
0.00763687
0.00757549
0.00751748
0.0074625
0.00741028
0.00736057
0.00731313
0.00726778
0.00722433
0.00718263
0.00714254
0.00710394
0.00706673
0.00703083
0.00699617
0.0069627
0.00695902
0.00698117
0.00702012
0.00708836
0.00720736
0.00740516
0.00992875
0.00974553
0.00954311
0.00934661
0.00916055
0.00898707
0.00882665
0.00867894
0.00854312
0.00841822
0.00830321
0.0081971
0.00809896
0.00800795
0.00792332
0.0078444
0.00777059
0.00770138
0.00763629
0.00757492
0.00751692
0.00746195
0.00740973
0.00736002
0.00731259
0.00726724
0.0072238
0.00718211
0.00714202
0.00710343
0.00706622
0.00703032
0.00699567
0.00696221
0.00695852
0.00698068
0.00701963
0.00708787
0.00720687
0.00740467
0.00992816
0.00974494
0.00954252
0.00934603
0.00915998
0.00898651
0.00882611
0.00867841
0.00854261
0.00841772
0.00830271
0.00819661
0.00809848
0.00800747
0.00792285
0.00784393
0.00777013
0.00770092
0.00763584
0.00757448
0.00751647
0.0074615
0.00740929
0.00735959
0.00731216
0.00726682
0.00722338
0.00718169
0.00714161
0.00710302
0.00706582
0.00702993
0.00699527
0.00696182
0.00695813
0.00698029
0.00701925
0.00708749
0.00720649
0.00740428
0.00992769
0.00974447
0.00954205
0.00934556
0.00915952
0.00898607
0.00882568
0.00867798
0.00854219
0.0084173
0.0083023
0.0081962
0.00809807
0.00800707
0.00792245
0.00784354
0.00776974
0.00770053
0.00763545
0.00757409
0.00751609
0.00746113
0.00740892
0.00735921
0.00731179
0.00726645
0.00722302
0.00718134
0.00714126
0.00710268
0.00706548
0.00702959
0.00699494
0.00696149
0.00695781
0.00697997
0.00701893
0.00708717
0.00720617
0.00740396
0.00992731
0.00974408
0.00954165
0.00934517
0.00915913
0.00898568
0.00882529
0.0086776
0.00854181
0.00841693
0.00830194
0.00819584
0.00809772
0.00800673
0.00792211
0.00784321
0.00776941
0.00770021
0.00763514
0.00757378
0.00751578
0.00746082
0.00740862
0.00735892
0.0073115
0.00726617
0.00722274
0.00718106
0.00714099
0.00710241
0.00706522
0.00702933
0.00699469
0.00696123
0.00695756
0.00697972
0.00701868
0.00708692
0.00720592
0.00740372
0.00992695
0.00974371
0.00954129
0.00934481
0.00915877
0.00898533
0.00882495
0.00867727
0.00854149
0.00841662
0.00830163
0.00819555
0.00809743
0.00800644
0.00792184
0.00784294
0.00776915
0.00769996
0.00763489
0.00757354
0.00751554
0.00746058
0.00740838
0.00735869
0.00731127
0.00726594
0.00722252
0.00718084
0.00714077
0.00710219
0.007065
0.00702911
0.00699446
0.00696102
0.00695734
0.00697951
0.00701847
0.00708671
0.00720571
0.00740351
0.00992672
0.00974348
0.00954105
0.00934456
0.00915853
0.00898508
0.00882471
0.00867703
0.00854124
0.00841637
0.00830139
0.00819531
0.00809719
0.00800621
0.00792161
0.00784271
0.00776893
0.00769974
0.00763467
0.00757332
0.00751533
0.00746038
0.00740818
0.00735849
0.00731108
0.00726575
0.00722233
0.00718065
0.00714059
0.00710201
0.00706482
0.00702893
0.00699429
0.00696084
0.00695717
0.00697934
0.0070183
0.00708654
0.00720555
0.00740334
0.00992648
0.00974323
0.00954079
0.00934431
0.00915828
0.00898483
0.00882446
0.00867679
0.00854101
0.00841614
0.00830117
0.00819509
0.00809698
0.00800601
0.00792141
0.00784252
0.00776875
0.00769956
0.0076345
0.00757316
0.00751517
0.00746023
0.00740804
0.00735835
0.00731094
0.00726561
0.00722219
0.00718052
0.00714045
0.00710187
0.00706468
0.00702879
0.00699415
0.0069607
0.00695703
0.0069792
0.00701816
0.00708641
0.00720541
0.00740321
0.00992632
0.00974307
0.00954064
0.00934415
0.00915812
0.00898468
0.00882431
0.00867665
0.00854087
0.00841602
0.00830104
0.00819497
0.00809687
0.00800589
0.0079213
0.00784241
0.00776864
0.00769945
0.00763439
0.00757305
0.00751507
0.00746012
0.00740793
0.00735824
0.00731083
0.0072655
0.00722208
0.0071804
0.00714033
0.00710175
0.00706456
0.00702867
0.00699402
0.00696058
0.0069569
0.00697907
0.00701804
0.00708628
0.00720529
0.00740309
0.00992617
0.00974292
0.00954047
0.00934398
0.00915795
0.00898451
0.00882415
0.00867648
0.00854071
0.00841585
0.00830089
0.00819481
0.00809671
0.00800574
0.00792115
0.00784226
0.00776849
0.0076993
0.00763425
0.00757291
0.00751493
0.00745998
0.00740779
0.00735811
0.0073107
0.00726537
0.00722195
0.00718027
0.0071402
0.00710163
0.00706443
0.00702855
0.00699391
0.00696046
0.00695679
0.00697897
0.00701793
0.00708618
0.00720518
0.00740298
0.00992603
0.00974277
0.00954033
0.00934384
0.00915781
0.00898437
0.008824
0.00867634
0.00854057
0.00841572
0.00830076
0.00819469
0.00809659
0.00800562
0.00792103
0.00784215
0.00776838
0.0076992
0.00763415
0.00757281
0.00751483
0.00745989
0.0074077
0.00735801
0.00731061
0.00726528
0.00722186
0.00718018
0.00714011
0.00710153
0.00706434
0.00702846
0.00699382
0.00696037
0.0069567
0.00697887
0.00701784
0.00708609
0.00720509
0.00740289
0.00992598
0.00974272
0.00954027
0.00934378
0.00915775
0.00898431
0.00882394
0.00867628
0.00854051
0.00841566
0.0083007
0.00819463
0.00809653
0.00800556
0.00792096
0.00784208
0.00776831
0.00769913
0.00763408
0.00757274
0.00751476
0.00745982
0.00740762
0.00735794
0.00731053
0.0072652
0.00722177
0.0071801
0.00714003
0.00710145
0.00706427
0.00702838
0.00699374
0.0069603
0.00695663
0.0069788
0.00701777
0.00708601
0.00720502
0.00740282
0.00992588
0.00974261
0.00954016
0.00934367
0.00915763
0.00898419
0.00882383
0.00867617
0.0085404
0.00841555
0.00830058
0.00819451
0.00809641
0.00800544
0.00792085
0.00784197
0.0077682
0.00769902
0.00763397
0.00757264
0.00751466
0.00745971
0.00740752
0.00735784
0.00731043
0.00726511
0.00722169
0.00718002
0.00713995
0.00710138
0.00706419
0.00702831
0.00699367
0.00696023
0.00695657
0.00697874
0.00701771
0.00708596
0.00720496
0.00740276
0.00992581
0.00974254
0.00954009
0.0093436
0.00915756
0.00898413
0.00882376
0.0086761
0.00854034
0.00841548
0.00830052
0.00819445
0.00809635
0.00800538
0.00792079
0.00784191
0.00776814
0.00769897
0.00763391
0.00757258
0.0075146
0.00745965
0.00740747
0.00735778
0.00731037
0.00726505
0.00722163
0.00717996
0.0071399
0.00710133
0.00706414
0.00702826
0.00699363
0.00696018
0.00695652
0.00697869
0.00701766
0.00708591
0.00720491
0.00740271
0.00992576
0.00974249
0.00954005
0.00934355
0.00915752
0.00898408
0.00882372
0.00867606
0.0085403
0.00841545
0.00830048
0.00819441
0.00809631
0.00800535
0.00792076
0.00784188
0.00776811
0.00769893
0.00763388
0.00757254
0.00751456
0.00745962
0.00740743
0.00735775
0.00731034
0.00726502
0.0072216
0.00717993
0.00713987
0.0071013
0.00706412
0.00702824
0.0069936
0.00696015
0.00695649
0.00697866
0.00701763
0.00708588
0.00720488
0.00740268
0.00992575
0.00974248
0.00954003
0.00934354
0.00915751
0.00898407
0.00882371
0.00867605
0.00854029
0.00841543
0.00830047
0.0081944
0.0080963
0.00800533
0.00792074
0.00784186
0.0077681
0.00769892
0.00763387
0.00757253
0.00751455
0.00745961
0.00740742
0.00735774
0.00731033
0.00726501
0.0072216
0.00717993
0.00713987
0.00710129
0.00706411
0.00702823
0.00699359
0.00696015
0.00695648
0.00697865
0.00701762
0.00708587
0.00720487
0.00740267
0.00992577
0.00974249
0.00954005
0.00934355
0.00915752
0.00898408
0.00882372
0.00867606
0.0085403
0.00841545
0.00830048
0.00819441
0.00809632
0.00800535
0.00792076
0.00784188
0.00776811
0.00769894
0.00763388
0.00757255
0.00751457
0.00745963
0.00740744
0.00735776
0.00731035
0.00726503
0.00722161
0.00717994
0.00713988
0.00710131
0.00706412
0.00702824
0.0069936
0.00696016
0.00695649
0.00697866
0.00701762
0.00708587
0.00720488
0.00740268
0.00992579
0.00974252
0.00954007
0.00934358
0.00915755
0.00898411
0.00882375
0.00867608
0.00854032
0.00841547
0.0083005
0.00819444
0.00809634
0.00800538
0.00792079
0.00784191
0.00776814
0.00769896
0.00763391
0.00757258
0.0075146
0.00745966
0.00740747
0.00735779
0.00731038
0.00726506
0.00722164
0.00717997
0.00713991
0.00710133
0.00706415
0.00702827
0.00699362
0.00696018
0.00695651
0.00697868
0.00701765
0.0070859
0.0072049
0.0074027
0.00992584
0.00974257
0.00954012
0.00934363
0.00915759
0.00898415
0.00882379
0.00867612
0.00854036
0.00841551
0.00830054
0.00819448
0.00809638
0.00800542
0.00792083
0.00784195
0.00776818
0.007699
0.00763395
0.00757262
0.00751464
0.0074597
0.00740752
0.00735784
0.00731043
0.00726511
0.00722169
0.00718002
0.00713995
0.00710138
0.00706419
0.00702831
0.00699367
0.00696022
0.00695655
0.00697872
0.00701769
0.00708594
0.00720494
0.00740274
0.00992593
0.00974266
0.00954021
0.00934372
0.00915768
0.00898424
0.00882387
0.0086762
0.00854043
0.00841558
0.00830062
0.00819455
0.00809645
0.00800548
0.00792089
0.00784201
0.00776824
0.00769906
0.00763401
0.00757268
0.00751471
0.00745977
0.00740758
0.0073579
0.00731049
0.00726517
0.00722174
0.00718007
0.00714001
0.00710143
0.00706424
0.00702836
0.00699372
0.00696028
0.00695661
0.00697878
0.00701774
0.00708599
0.00720499
0.00740279
0.00992602
0.00974275
0.00954031
0.00934381
0.00915777
0.00898433
0.00882396
0.00867629
0.00854052
0.00841567
0.0083007
0.00819463
0.00809653
0.00800556
0.00792097
0.00784208
0.00776831
0.00769913
0.00763408
0.00757275
0.00751478
0.00745984
0.00740765
0.00735797
0.00731056
0.00726523
0.00722181
0.00718014
0.00714007
0.0071015
0.00706431
0.00702843
0.00699379
0.00696034
0.00695667
0.00697884
0.00701781
0.00708605
0.00720506
0.00740285
0.00992611
0.00974285
0.0095404
0.00934391
0.00915788
0.00898443
0.00882406
0.00867639
0.00854062
0.00841577
0.0083008
0.00819473
0.00809663
0.00800565
0.00792106
0.00784218
0.00776841
0.00769923
0.00763418
0.00757284
0.00751487
0.00745993
0.00740774
0.00735805
0.00731065
0.00726532
0.0072219
0.00718023
0.00714016
0.00710159
0.0070644
0.00702852
0.00699388
0.00696043
0.00695676
0.00697893
0.0070179
0.00708614
0.00720515
0.00740294
0.00992624
0.00974299
0.00954055
0.00934406
0.00915802
0.00898458
0.00882421
0.00867654
0.00854077
0.00841591
0.00830094
0.00819487
0.00809676
0.00800579
0.00792119
0.00784231
0.00776854
0.00769936
0.0076343
0.00757297
0.00751499
0.00746005
0.00740786
0.00735817
0.00731076
0.00726544
0.00722201
0.00718034
0.00714028
0.0071017
0.00706451
0.00702863
0.00699399
0.00696055
0.00695687
0.00697905
0.00701801
0.00708626
0.00720526
0.00740305
0.00992645
0.0097432
0.00954076
0.00934427
0.00915824
0.00898479
0.00882442
0.00867674
0.00854097
0.00841611
0.00830113
0.00819506
0.00809695
0.00800597
0.00792138
0.00784249
0.00776871
0.00769953
0.00763448
0.00757314
0.00751516
0.00746021
0.00740802
0.00735833
0.00731092
0.00726559
0.00722217
0.00718049
0.00714043
0.00710185
0.00706466
0.00702877
0.00699413
0.00696069
0.00695702
0.00697919
0.00701815
0.00708639
0.0072054
0.00740319
0.00992671
0.00974346
0.00954103
0.00934453
0.0091585
0.00898505
0.00882467
0.00867699
0.00854121
0.00841634
0.00830137
0.00819528
0.00809717
0.00800619
0.00792159
0.0078427
0.00776892
0.00769974
0.00763468
0.00757334
0.00751535
0.0074604
0.00740821
0.00735852
0.0073111
0.00726577
0.00722235
0.00718067
0.0071406
0.00710202
0.00706483
0.00702895
0.0069943
0.00696086
0.00695718
0.00697935
0.00701831
0.00708656
0.00720556
0.00740335
0.009927
0.00974376
0.00954133
0.00934483
0.00915879
0.00898534
0.00882496
0.00867727
0.00854149
0.00841662
0.00830163
0.00819555
0.00809743
0.00800644
0.00792184
0.00784294
0.00776916
0.00769997
0.00763491
0.00757357
0.00751558
0.00746063
0.00740843
0.00735874
0.00731132
0.00726599
0.00722256
0.00718089
0.00714082
0.00710224
0.00706504
0.00702916
0.00699451
0.00696107
0.00695739
0.00697956
0.00701851
0.00708676
0.00720576
0.00740355
0.00992736
0.00974413
0.00954169
0.0093452
0.00915915
0.00898569
0.0088253
0.00867761
0.00854182
0.00841695
0.00830196
0.00819586
0.00809774
0.00800675
0.00792214
0.00784324
0.00776946
0.00770026
0.0076352
0.00757385
0.00751586
0.0074609
0.0074087
0.00735901
0.00731159
0.00726626
0.00722283
0.00718115
0.00714108
0.0071025
0.0070653
0.00702941
0.00699477
0.00696132
0.00695764
0.00697981
0.00701876
0.00708701
0.00720601
0.00740379
0.00992781
0.00974458
0.00954216
0.00934566
0.00915961
0.00898614
0.00882574
0.00867805
0.00854225
0.00841736
0.00830236
0.00819626
0.00809813
0.00800713
0.00792252
0.00784361
0.00776982
0.00770062
0.00763555
0.0075742
0.0075162
0.00746124
0.00740904
0.00735934
0.00731192
0.00726658
0.00722315
0.00718147
0.0071414
0.00710282
0.00706562
0.00702973
0.00699508
0.00696163
0.00695796
0.00698012
0.00701908
0.00708732
0.00720632
0.0074041
0.00992839
0.00974517
0.00954275
0.00934624
0.00916019
0.00898671
0.0088263
0.00867859
0.00854278
0.00841788
0.00830287
0.00819676
0.00809862
0.00800762
0.00792299
0.00784408
0.00777028
0.00770108
0.007636
0.00757464
0.00751663
0.00746167
0.00740946
0.00735976
0.00731233
0.00726699
0.00722356
0.00718187
0.00714179
0.00710321
0.00706601
0.00703012
0.00699546
0.00696201
0.00695833
0.0069805
0.00701945
0.00708769
0.0072067
0.00740448
0.00992911
0.0097459
0.00954348
0.00934696
0.00916089
0.0089874
0.00882697
0.00867924
0.00854341
0.0084185
0.00830347
0.00819735
0.0080992
0.00800818
0.00792355
0.00784463
0.00777083
0.00770161
0.00763652
0.00757516
0.00751715
0.00746218
0.00740996
0.00736025
0.00731282
0.00726748
0.00722404
0.00718235
0.00714227
0.00710367
0.00706647
0.00703057
0.00699592
0.00696246
0.00695878
0.00698094
0.0070199
0.00708814
0.00720714
0.00740494
0.00993004
0.00974685
0.00954441
0.00934789
0.00916179
0.00898828
0.00882783
0.00868008
0.00854423
0.00841929
0.00830425
0.00819811
0.00809994
0.00800891
0.00792426
0.00784533
0.00777151
0.00770228
0.00763718
0.00757581
0.00751779
0.00746281
0.00741058
0.00736087
0.00731343
0.00726808
0.00722463
0.00718293
0.00714285
0.00710425
0.00706704
0.00703114
0.00699648
0.00696302
0.00695933
0.00698149
0.00702044
0.00708868
0.00720769
0.00740548
0.00993104
0.00974784
0.0095454
0.00934885
0.00916273
0.00898919
0.00882871
0.00868093
0.00854505
0.00842009
0.00830502
0.00819886
0.00810068
0.00800963
0.00792497
0.00784602
0.00777219
0.00770295
0.00763784
0.00757645
0.00751842
0.00746343
0.0074112
0.00736147
0.00731403
0.00726867
0.00722522
0.00718352
0.00714343
0.00710482
0.00706761
0.0070317
0.00699704
0.00696357
0.00695988
0.00698204
0.00702099
0.00708923
0.00720822
0.00740602
0.00993069
0.00974747
0.00954501
0.00934843
0.00916229
0.00898873
0.00882823
0.00868043
0.00854454
0.00841957
0.0083045
0.00819833
0.00810015
0.0080091
0.00792444
0.00784549
0.00777167
0.00770243
0.00763733
0.00757594
0.00751792
0.00746294
0.00741071
0.007361
0.00731356
0.00726821
0.00722477
0.00718307
0.00714299
0.00710439
0.00706718
0.00703128
0.00699662
0.00696316
0.00695947
0.00698163
0.00702058
0.00708881
0.00720781
0.0074056
0.00992119
0.00973782
0.00953529
0.00933872
0.00915264
0.00897915
0.00881876
0.00867108
0.00853532
0.00841047
0.00829553
0.00818948
0.00809142
0.00800049
0.00791595
0.00783711
0.00776339
0.00769426
0.00762926
0.00756797
0.00751005
0.00745516
0.00740302
0.00735339
0.00730604
0.00726078
0.00721741
0.00717579
0.00713578
0.00709726
0.00706013
0.0070243
0.00698971
0.00695631
0.00695266
0.00697486
0.00701384
0.00708208
0.00720104
0.00739873
0.00988267
0.00969836
0.0094951
0.00929816
0.00911196
0.00893858
0.00877843
0.00863107
0.00849569
0.00837126
0.00825674
0.00815113
0.0080535
0.007963
0.00787887
0.00780043
0.0077271
0.00765834
0.0075937
0.00753276
0.00747516
0.00742059
0.00736876
0.00731942
0.00727234
0.00722734
0.00718422
0.00714284
0.00710306
0.00706475
0.00702782
0.00699219
0.00695778
0.00692456
0.00692222
0.0069453
0.00698472
0.0070536
0.00717335
0.00737178
0.0102457
0.0100849
0.0098852
0.00968182
0.00948371
0.00929591
0.00912055
0.00895816
0.0088084
0.00867045
0.00854335
0.00842605
0.00831757
0.00821698
0.00812345
0.00803623
0.00795464
0.0078781
0.00780609
0.00773815
0.00767387
0.00761289
0.0075549
0.0074996
0.00744675
0.00739612
0.0073475
0.00730073
0.00725563
0.00721207
0.00716994
0.00712914
0.0070896
0.00705127
0.00704726
0.00706893
0.00710753
0.00717799
0.00730311
0.00751281
0.0102846
0.0101256
0.00992746
0.00972511
0.00952759
0.00934003
0.00916466
0.00900208
0.008852
0.00871367
0.00858613
0.00846837
0.00835941
0.00825835
0.00816435
0.00807666
0.00799461
0.00791763
0.00784519
0.00777684
0.00771216
0.0076508
0.00759243
0.00753678
0.00748359
0.00743264
0.00738371
0.00733663
0.00729125
0.00724742
0.00720503
0.00716397
0.00712419
0.00708564
0.00708084
0.00710173
0.00713959
0.00720926
0.00733352
0.00754238
0.0102942
0.0101354
0.00993746
0.00973513
0.00953758
0.00934993
0.00917443
0.00901171
0.00886148
0.00872299
0.00859529
0.00847737
0.00836826
0.00826705
0.0081729
0.00808506
0.00800288
0.00792577
0.0078532
0.00778472
0.00771992
0.00765844
0.00759996
0.00754421
0.00749091
0.00743985
0.00739083
0.00734366
0.00729818
0.00725427
0.00721179
0.00717065
0.00713079
0.00709217
0.00708731
0.00710814
0.00714598
0.00721564
0.00733993
0.0075489
0.0102944
0.0101357
0.00993774
0.00973546
0.00953794
0.00935033
0.00917487
0.00901219
0.00886199
0.00872352
0.00859584
0.00847793
0.00836883
0.00826763
0.00817348
0.00808564
0.00800346
0.00792634
0.00785377
0.00778528
0.00772048
0.00765899
0.00760051
0.00754474
0.00749143
0.00744036
0.00739133
0.00734415
0.00729866
0.00725473
0.00721224
0.0071711
0.00713123
0.0070926
0.00708773
0.00710856
0.00714639
0.00721604
0.00734033
0.00754931
0.0102935
0.0101348
0.00993684
0.00973457
0.00953707
0.00934948
0.00917404
0.00901138
0.00886121
0.00872276
0.00859509
0.00847721
0.00836812
0.00826693
0.00817279
0.00808496
0.00800279
0.00792568
0.00785311
0.00778463
0.00771983
0.00765835
0.00759987
0.00754411
0.00749081
0.00743974
0.00739071
0.00734353
0.00729805
0.00725412
0.00721164
0.0071705
0.00713063
0.007092
0.00708714
0.00710796
0.0071458
0.00721545
0.00733974
0.00754871
0.0102926
0.0101339
0.00993589
0.00973361
0.00953613
0.00934855
0.00917314
0.0090105
0.00886034
0.00872192
0.00859427
0.00847641
0.00836734
0.00826616
0.00817204
0.00808423
0.00800207
0.00792497
0.00785241
0.00778395
0.00771916
0.00765769
0.00759922
0.00754346
0.00749017
0.00743911
0.00739009
0.00734292
0.00729744
0.00725352
0.00721104
0.00716991
0.00713005
0.00709142
0.00708656
0.00710739
0.00714523
0.00721488
0.00733917
0.00754814
0.0102919
0.0101331
0.00993511
0.00973283
0.00953535
0.00934779
0.00917239
0.00900977
0.00885963
0.00872122
0.00859359
0.00847574
0.00836669
0.00826552
0.00817141
0.00808361
0.00800145
0.00792437
0.00785182
0.00778336
0.00771858
0.00765712
0.00759865
0.0075429
0.00748962
0.00743856
0.00738954
0.00734238
0.00729691
0.007253
0.00721052
0.00716939
0.00712954
0.00709091
0.00708606
0.00710689
0.00714473
0.00721438
0.00733867
0.00754763
0.0102913
0.0101325
0.00993451
0.00973223
0.00953476
0.00934721
0.00917182
0.00900922
0.00885909
0.00872069
0.00859308
0.00847523
0.00836619
0.00826503
0.00817093
0.00808313
0.00800099
0.0079239
0.00785136
0.00778291
0.00771813
0.00765668
0.00759822
0.00754247
0.00748919
0.00743814
0.00738912
0.00734196
0.0072965
0.00725259
0.00721011
0.00716899
0.00712914
0.00709052
0.00708566
0.0071065
0.00714434
0.007214
0.00733829
0.00754725
0.0102909
0.010132
0.00993402
0.00973175
0.00953428
0.00934674
0.00917137
0.00900877
0.00885866
0.00872027
0.00859266
0.00847482
0.00836578
0.00826463
0.00817053
0.00808274
0.0080006
0.00792352
0.00785098
0.00778253
0.00771776
0.0076563
0.00759784
0.0075421
0.00748882
0.00743777
0.00738876
0.0073416
0.00729614
0.00725223
0.00720976
0.00716864
0.0071288
0.00709018
0.00708533
0.00710617
0.00714402
0.00721368
0.00733797
0.00754692
0.0102905
0.0101316
0.00993363
0.00973135
0.00953389
0.00934635
0.00917098
0.00900838
0.00885827
0.00871989
0.00859229
0.00847445
0.00836542
0.00826427
0.00817017
0.00808239
0.00800026
0.00792318
0.00785065
0.0077822
0.00771743
0.00765598
0.00759753
0.00754179
0.00748851
0.00743747
0.00738846
0.00734131
0.00729585
0.00725195
0.00720949
0.00716837
0.00712853
0.00708992
0.00708508
0.00710592
0.00714376
0.00721342
0.00733772
0.00754667
0.0102902
0.0101313
0.00993326
0.00973098
0.00953351
0.00934598
0.00917061
0.00900803
0.00885793
0.00871955
0.00859196
0.00847413
0.00836511
0.00826396
0.00816988
0.0080821
0.00799997
0.00792291
0.00785038
0.00778194
0.00771718
0.00765573
0.00759728
0.00754154
0.00748827
0.00743723
0.00738823
0.00734108
0.00729562
0.00725172
0.00720926
0.00716814
0.0071283
0.00708969
0.00708485
0.00710569
0.00714354
0.0072132
0.00733749
0.00754645
0.01029
0.0101311
0.00993303
0.00973074
0.00953327
0.00934574
0.00917037
0.00900779
0.00885768
0.00871931
0.00859172
0.00847389
0.00836487
0.00826373
0.00816965
0.00808187
0.00799975
0.00792268
0.00785016
0.00778172
0.00771696
0.00765551
0.00759707
0.00754133
0.00748806
0.00743703
0.00738803
0.00734088
0.00729543
0.00725153
0.00720907
0.00716796
0.00712812
0.00708951
0.00708467
0.00710552
0.00714337
0.00721303
0.00733733
0.00754629
0.0102897
0.0101308
0.00993278
0.00973048
0.00953301
0.00934547
0.00917011
0.00900752
0.00885742
0.00871905
0.00859146
0.00847365
0.00836463
0.0082635
0.00816942
0.00808166
0.00799954
0.00792248
0.00784996
0.00778153
0.00771677
0.00765533
0.00759689
0.00754117
0.0074879
0.00743687
0.00738788
0.00734074
0.00729529
0.00725139
0.00720893
0.00716782
0.00712798
0.00708937
0.00708454
0.00710538
0.00714323
0.0072129
0.00733719
0.00754616
0.0102896
0.0101307
0.00993262
0.00973032
0.00953285
0.00934531
0.00916995
0.00900737
0.00885727
0.00871891
0.00859133
0.00847352
0.0083645
0.00826338
0.0081693
0.00808154
0.00799942
0.00792237
0.00784985
0.00778142
0.00771667
0.00765523
0.0075968
0.00754107
0.00748781
0.00743678
0.00738778
0.00734063
0.00729518
0.00725128
0.00720882
0.0071677
0.00712786
0.00708925
0.00708441
0.00710526
0.00714311
0.00721277
0.00733707
0.00754604
0.0102894
0.0101305
0.00993247
0.00973017
0.00953269
0.00934515
0.00916979
0.00900721
0.00885712
0.00871875
0.00859117
0.00847337
0.00836436
0.00826323
0.00816916
0.0080814
0.00799928
0.00792223
0.00784972
0.00778129
0.00771654
0.0076551
0.00759667
0.00754095
0.00748768
0.00743665
0.00738765
0.00734051
0.00729505
0.00725116
0.0072087
0.00716758
0.00712774
0.00708913
0.0070843
0.00710515
0.007143
0.00721266
0.00733696
0.00754593
0.0102893
0.0101304
0.00993231
0.00973001
0.00953253
0.00934499
0.00916963
0.00900705
0.00885696
0.0087186
0.00859103
0.00847322
0.00836422
0.00826309
0.00816903
0.00808127
0.00799916
0.00792211
0.0078496
0.00778117
0.00771643
0.007655
0.00759657
0.00754085
0.00748758
0.00743656
0.00738756
0.00734042
0.00729496
0.00725106
0.00720861
0.00716749
0.00712765
0.00708904
0.00708421
0.00710506
0.00714291
0.00721258
0.00733688
0.00754584
0.0102893
0.0101303
0.00993227
0.00972995
0.00953247
0.00934493
0.00916957
0.00900699
0.0088569
0.00871855
0.00859097
0.00847317
0.00836416
0.00826304
0.00816897
0.00808121
0.0079991
0.00792205
0.00784954
0.00778112
0.00771637
0.00765494
0.00759651
0.00754078
0.00748752
0.00743649
0.00738749
0.00734034
0.00729489
0.00725099
0.00720853
0.00716742
0.00712758
0.00708897
0.00708413
0.00710498
0.00714284
0.0072125
0.00733681
0.00754577
0.0102892
0.0101302
0.00993217
0.00972986
0.00953237
0.00934483
0.00916947
0.00900689
0.00885681
0.00871845
0.00859087
0.00847307
0.00836406
0.00826294
0.00816887
0.00808111
0.007999
0.00792195
0.00784944
0.00778102
0.00771628
0.00765485
0.00759641
0.00754069
0.00748743
0.0074364
0.0073874
0.00734026
0.00729481
0.00725091
0.00720846
0.00716734
0.00712751
0.0070889
0.00708407
0.00710492
0.00714277
0.00721245
0.00733675
0.00754572
0.0102891
0.0101302
0.00993209
0.00972978
0.0095323
0.00934476
0.0091694
0.00900682
0.00885674
0.00871838
0.0085908
0.008473
0.00836399
0.00826287
0.0081688
0.00808104
0.00799893
0.00792188
0.00784938
0.00778095
0.00771621
0.00765478
0.00759634
0.00754062
0.00748736
0.00743633
0.00738733
0.00734019
0.00729475
0.00725085
0.0072084
0.00716729
0.00712746
0.00708885
0.00708402
0.00710487
0.00714273
0.0072124
0.0073367
0.00754567
0.0102891
0.0101301
0.00993205
0.00972973
0.00953225
0.00934472
0.00916936
0.00900678
0.0088567
0.00871834
0.00859076
0.00847296
0.00836395
0.00826283
0.00816876
0.008081
0.00799889
0.00792184
0.00784933
0.00778091
0.00771616
0.00765473
0.0075963
0.00754058
0.00748731
0.00743629
0.00738729
0.00734015
0.00729471
0.00725082
0.00720837
0.00716726
0.00712743
0.00708882
0.00708399
0.00710484
0.0071427
0.00721237
0.00733667
0.00754564
0.010289
0.0101301
0.00993204
0.00972972
0.00953224
0.0093447
0.00916934
0.00900677
0.00885668
0.00871833
0.00859075
0.00847294
0.00836393
0.00826281
0.00816874
0.00808098
0.00799887
0.00792182
0.00784932
0.00778089
0.00771614
0.00765471
0.00759627
0.00754055
0.00748729
0.00743627
0.00738728
0.00734014
0.0072947
0.00725081
0.00720835
0.00716725
0.00712741
0.00708881
0.00708398
0.00710483
0.00714269
0.00721236
0.00733666
0.00754563
0.0102891
0.0101301
0.00993205
0.00972973
0.00953225
0.00934471
0.00916935
0.00900678
0.00885669
0.00871833
0.00859075
0.00847295
0.00836394
0.00826281
0.00816874
0.00808099
0.00799888
0.00792183
0.00784932
0.00778089
0.00771614
0.00765471
0.00759628
0.00754056
0.0074873
0.00743628
0.00738729
0.00734015
0.0072947
0.00725081
0.00720836
0.00716726
0.00712742
0.00708882
0.00708399
0.00710484
0.00714269
0.00721236
0.00733666
0.00754563
0.0102891
0.0101301
0.00993208
0.00972976
0.00953228
0.00934474
0.00916938
0.0090068
0.00885671
0.00871835
0.00859077
0.00847297
0.00836396
0.00826283
0.00816877
0.00808101
0.0079989
0.00792185
0.00784934
0.00778091
0.00771616
0.00765473
0.0075963
0.00754058
0.00748733
0.0074363
0.00738731
0.00734018
0.00729473
0.00725084
0.00720839
0.00716728
0.00712745
0.00708885
0.00708401
0.00710487
0.00714272
0.00721239
0.00733669
0.00754565
0.0102891
0.0101302
0.00993213
0.00972981
0.00953233
0.00934479
0.00916943
0.00900685
0.00885676
0.0087184
0.00859081
0.00847301
0.008364
0.00826287
0.00816881
0.00808105
0.00799894
0.00792188
0.00784938
0.00778095
0.00771621
0.00765478
0.00759634
0.00754063
0.00748737
0.00743635
0.00738736
0.00734022
0.00729478
0.00725089
0.00720844
0.00716733
0.00712749
0.00708889
0.00708406
0.00710491
0.00714276
0.00721243
0.00733673
0.00754569
0.0102892
0.0101303
0.00993222
0.00972991
0.00953242
0.00934488
0.00916951
0.00900693
0.00885684
0.00871848
0.00859089
0.00847309
0.00836407
0.00826295
0.00816888
0.00808112
0.007999
0.00792195
0.00784944
0.00778101
0.00771627
0.00765484
0.00759641
0.00754069
0.00748743
0.00743641
0.00738742
0.00734028
0.00729484
0.00725095
0.0072085
0.00716739
0.00712755
0.00708895
0.00708411
0.00710496
0.00714282
0.00721248
0.00733678
0.00754575
0.0102893
0.0101304
0.00993231
0.00973
0.00953252
0.00934498
0.00916961
0.00900703
0.00885693
0.00871857
0.00859098
0.00847318
0.00836416
0.00826304
0.00816896
0.0080812
0.00799908
0.00792203
0.00784952
0.00778109
0.00771634
0.00765492
0.00759649
0.00754077
0.00748751
0.00743649
0.00738749
0.00734036
0.00729491
0.00725102
0.00720857
0.00716746
0.00712762
0.00708902
0.00708418
0.00710504
0.00714289
0.00721255
0.00733685
0.00754582
0.0102894
0.0101305
0.00993241
0.0097301
0.00953262
0.00934508
0.00916972
0.00900713
0.00885704
0.00871867
0.00859109
0.00847328
0.00836427
0.00826314
0.00816906
0.0080813
0.00799918
0.00792213
0.00784961
0.00778119
0.00771644
0.00765501
0.00759658
0.00754086
0.0074876
0.00743658
0.00738758
0.00734045
0.007295
0.00725111
0.00720865
0.00716755
0.00712771
0.00708911
0.00708427
0.00710512
0.00714297
0.00721264
0.00733694
0.0075459
0.0102895
0.0101306
0.00993254
0.00973025
0.00953277
0.00934523
0.00916987
0.00900728
0.00885718
0.00871882
0.00859123
0.00847342
0.00836441
0.00826328
0.0081692
0.00808143
0.00799932
0.00792226
0.00784975
0.00778132
0.00771657
0.00765514
0.00759671
0.00754099
0.00748773
0.0074367
0.0073877
0.00734056
0.00729512
0.00725122
0.00720877
0.00716766
0.00712782
0.00708922
0.00708438
0.00710523
0.00714308
0.00721275
0.00733704
0.00754601
0.0102897
0.0101308
0.00993276
0.00973046
0.00953299
0.00934545
0.00917008
0.00900749
0.00885739
0.00871902
0.00859143
0.00847362
0.0083646
0.00826347
0.00816939
0.00808162
0.0079995
0.00792244
0.00784993
0.0077815
0.00771675
0.00765531
0.00759687
0.00754115
0.00748789
0.00743686
0.00738786
0.00734072
0.00729527
0.00725137
0.00720892
0.00716781
0.00712797
0.00708936
0.00708452
0.00710537
0.00714322
0.00721288
0.00733718
0.00754614
0.0102899
0.010131
0.00993302
0.00973073
0.00953325
0.00934571
0.00917034
0.00900775
0.00885764
0.00871927
0.00859168
0.00847386
0.00836483
0.00826369
0.00816961
0.00808184
0.00799971
0.00792265
0.00785014
0.0077817
0.00771695
0.00765551
0.00759707
0.00754134
0.00748808
0.00743705
0.00738805
0.0073409
0.00729545
0.00725156
0.0072091
0.00716799
0.00712815
0.00708954
0.0070847
0.00710554
0.00714339
0.00721305
0.00733734
0.0075463
0.0102902
0.0101313
0.00993333
0.00973104
0.00953356
0.00934602
0.00917064
0.00900805
0.00885794
0.00871956
0.00859197
0.00847414
0.00836511
0.00826397
0.00816988
0.0080821
0.00799997
0.00792291
0.00785039
0.00778196
0.0077172
0.00765576
0.00759731
0.00754158
0.00748831
0.00743728
0.00738828
0.00734113
0.00729568
0.00725178
0.00720932
0.00716821
0.00712837
0.00708976
0.00708492
0.00710576
0.00714361
0.00721327
0.00733756
0.00754652
0.0102906
0.0101317
0.00993369
0.00973141
0.00953394
0.00934639
0.00917101
0.00900841
0.0088583
0.00871991
0.00859231
0.00847448
0.00836544
0.00826429
0.0081702
0.00808242
0.00800028
0.00792322
0.00785069
0.00778225
0.00771749
0.00765604
0.0075976
0.00754186
0.00748859
0.00743755
0.00738855
0.0073414
0.00729595
0.00725205
0.00720959
0.00716847
0.00712863
0.00709002
0.00708518
0.00710602
0.00714386
0.00721352
0.00733781
0.00754677
0.010291
0.0101322
0.00993416
0.00973188
0.00953441
0.00934685
0.00917147
0.00900886
0.00885874
0.00872035
0.00859273
0.0084749
0.00836585
0.0082647
0.0081706
0.00808281
0.00800067
0.0079236
0.00785107
0.00778262
0.00771786
0.0076564
0.00759795
0.00754221
0.00748894
0.0074379
0.00738889
0.00734174
0.00729628
0.00725238
0.00720992
0.0071688
0.00712896
0.00709034
0.0070855
0.00710634
0.00714419
0.00721385
0.00733814
0.0075471
0.0102915
0.0101327
0.00993476
0.00973249
0.00953501
0.00934745
0.00917205
0.00900943
0.0088593
0.00872089
0.00859327
0.00847542
0.00836637
0.0082652
0.00817109
0.0080833
0.00800116
0.00792407
0.00785154
0.00778308
0.00771831
0.00765685
0.00759839
0.00754265
0.00748937
0.00743832
0.00738931
0.00734215
0.00729669
0.00725278
0.00721032
0.00716919
0.00712935
0.00709073
0.00708588
0.00710672
0.00714456
0.00721423
0.00733852
0.00754748
0.0102922
0.0101335
0.0099355
0.00973323
0.00953575
0.00934818
0.00917277
0.00901013
0.00885998
0.00872156
0.00859391
0.00847605
0.00836698
0.0082658
0.00817168
0.00808388
0.00800172
0.00792463
0.00785209
0.00778362
0.00771884
0.00765737
0.00759891
0.00754316
0.00748987
0.00743882
0.0073898
0.00734264
0.00729717
0.00725326
0.00721079
0.00716966
0.00712981
0.00709119
0.00708634
0.00710717
0.00714501
0.00721467
0.00733895
0.00754791
0.0102932
0.0101344
0.00993647
0.0097342
0.0095367
0.00934912
0.00917369
0.00901103
0.00886086
0.00872242
0.00859475
0.00847687
0.00836778
0.00826659
0.00817245
0.00808463
0.00800247
0.00792536
0.0078528
0.00778433
0.00771953
0.00765806
0.00759958
0.00754382
0.00749053
0.00743947
0.00739044
0.00734327
0.0072978
0.00725388
0.0072114
0.00717027
0.00713041
0.00709178
0.00708693
0.00710776
0.00714559
0.00721524
0.00733953
0.00754849
0.0102942
0.0101355
0.00993753
0.00973525
0.00953774
0.00935013
0.00917468
0.00901199
0.00886179
0.00872332
0.00859563
0.00847772
0.00836862
0.0082674
0.00817325
0.00808542
0.00800324
0.00792612
0.00785355
0.00778506
0.00772025
0.00765877
0.00760028
0.00754451
0.00749121
0.00744014
0.00739111
0.00734393
0.00729845
0.00725453
0.00721204
0.0071709
0.00713104
0.00709241
0.00708755
0.00710837
0.00714621
0.00721586
0.00734015
0.00754912
0.010294
0.0101353
0.00993734
0.00973505
0.00953752
0.00934988
0.00917441
0.0090117
0.00886148
0.008723
0.0085953
0.00847739
0.00836827
0.00826706
0.00817291
0.00808507
0.00800289
0.00792578
0.00785321
0.00778472
0.00771992
0.00765844
0.00759996
0.00754419
0.0074909
0.00743983
0.00739081
0.00734364
0.00729816
0.00725425
0.00721177
0.00717064
0.00713078
0.00709216
0.0070873
0.00710813
0.00714597
0.00721562
0.00733992
0.00754888
0.0102852
0.0101262
0.00992804
0.00972566
0.00952812
0.00934052
0.00916512
0.00900252
0.00885241
0.00871405
0.00858648
0.00846869
0.0083597
0.00825861
0.00816458
0.00807686
0.0079948
0.00791779
0.00784533
0.00777696
0.00771226
0.00765088
0.00759249
0.00753682
0.00748361
0.00743264
0.0073837
0.00733661
0.00729122
0.00724738
0.00720498
0.00716392
0.00712414
0.00708558
0.00708076
0.00710166
0.00713953
0.00720919
0.00733345
0.00754231
0.0102472
0.0100865
0.00988693
0.00968357
0.00948548
0.00929768
0.0091223
0.00895989
0.00881009
0.00867211
0.00854496
0.00842761
0.00831908
0.00821845
0.00812487
0.0080376
0.00795597
0.00787939
0.00780733
0.00773935
0.00767503
0.00761401
0.00755597
0.00750064
0.00744775
0.00739708
0.00734844
0.00730163
0.0072565
0.00721292
0.00717076
0.00712993
0.00709036
0.00705201
0.0070487
0.00707037
0.00710865
0.00717899
0.00730408
0.0075138
0.0105661
0.0104621
0.010289
0.010094
0.00989324
0.00969655
0.00950918
0.00933352
0.00917024
0.00901911
0.00887941
0.00875022
0.00863058
0.00851953
0.00841618
0.00831973
0.00822943
0.00814465
0.00806482
0.00798941
0.00791799
0.00785015
0.00778554
0.00772383
0.00766474
0.00760802
0.00755343
0.00750077
0.00744985
0.00740051
0.00735261
0.00730604
0.00726072
0.0072166
0.00720968
0.00722721
0.00726186
0.00732972
0.00745416
0.00766603
0.0106024
0.0105011
0.0103306
0.0101376
0.00993821
0.00974234
0.00955539
0.00937983
0.00921644
0.00906504
0.00892498
0.00879537
0.00867527
0.00856374
0.0084599
0.00836294
0.00827216
0.00818689
0.00810658
0.00803072
0.00795885
0.00789058
0.00782555
0.00776343
0.00770396
0.00764686
0.00759191
0.00753891
0.00748766
0.007438
0.0073898
0.00734294
0.00729734
0.00725295
0.00724529
0.0072621
0.00729616
0.00736349
0.00748758
0.00769952
0.010611
0.0105102
0.0103399
0.0101471
0.00994773
0.00975184
0.0095648
0.00938912
0.00922559
0.00907404
0.00893382
0.00880405
0.00868379
0.00857209
0.0084681
0.00837099
0.00828006
0.00819465
0.0081142
0.0080382
0.0079662
0.0078978
0.00783265
0.00777042
0.00771083
0.00765362
0.00759857
0.00754547
0.00749412
0.00744437
0.00739607
0.00734913
0.00730344
0.00725898
0.00725123
0.00726797
0.00730196
0.00736923
0.00749325
0.00770513
0.010611
0.0105102
0.0103399
0.0101471
0.00994774
0.00975187
0.00956487
0.00938923
0.00922573
0.00907422
0.00893402
0.00880428
0.00868403
0.00857235
0.00846837
0.00837127
0.00828034
0.00819494
0.00811449
0.00803849
0.00796649
0.00789809
0.00783294
0.0077707
0.00771111
0.0076539
0.00759884
0.00754573
0.00749438
0.00744462
0.00739632
0.00734937
0.00730368
0.0072592
0.00725146
0.00726819
0.00730217
0.00736943
0.00749344
0.00770532
0.0106101
0.0105092
0.0103389
0.0101461
0.00994676
0.00975091
0.00956393
0.0093883
0.00922483
0.00907333
0.00893316
0.00880343
0.0086832
0.00857154
0.00846757
0.00837048
0.00827956
0.00819417
0.00811373
0.00803774
0.00796575
0.00789736
0.00783221
0.00776998
0.00771039
0.00765319
0.00759814
0.00754503
0.00749368
0.00744393
0.00739563
0.00734868
0.007303
0.00725853
0.00725078
0.00726752
0.0073015
0.00736877
0.00749279
0.00770467
0.0106093
0.0105083
0.0103379
0.0101451
0.00994577
0.00974992
0.00956295
0.00938735
0.00922389
0.00907242
0.00893227
0.00880256
0.00868235
0.0085707
0.00846675
0.00836968
0.00827877
0.0081934
0.00811297
0.00803699
0.00796502
0.00789664
0.0078315
0.00776929
0.00770971
0.00765251
0.00759747
0.00754437
0.00749303
0.00744329
0.007395
0.00734806
0.00730238
0.00725791
0.00725018
0.00726692
0.00730091
0.00736818
0.0074922
0.00770409
0.0106086
0.0105076
0.0103372
0.0101443
0.00994496
0.00974912
0.00956216
0.00938657
0.00922313
0.00907168
0.00893154
0.00880185
0.00868165
0.00857002
0.00846608
0.00836902
0.00827813
0.00819276
0.00811235
0.00803638
0.00796441
0.00789604
0.00783091
0.00776871
0.00770914
0.00765195
0.00759691
0.00754382
0.00749249
0.00744275
0.00739446
0.00734752
0.00730185
0.00725739
0.00724966
0.0072664
0.0073004
0.00736767
0.0074917
0.00770359
0.0106081
0.010507
0.0103366
0.0101437
0.00994435
0.00974851
0.00956156
0.00938598
0.00922256
0.00907111
0.00893099
0.00880132
0.00868113
0.00856951
0.00846558
0.00836853
0.00827765
0.00819229
0.00811188
0.00803592
0.00796396
0.0078956
0.00783047
0.00776827
0.00770871
0.00765152
0.00759649
0.0075434
0.00749207
0.00744233
0.00739405
0.00734711
0.00730144
0.00725699
0.00724926
0.00726601
0.0073
0.00736728
0.00749131
0.0077032
0.0106076
0.0105066
0.0103361
0.0101432
0.00994385
0.00974802
0.00956108
0.00938552
0.0092221
0.00907067
0.00893056
0.0088009
0.00868072
0.00856911
0.00846518
0.00836814
0.00827726
0.00819191
0.00811151
0.00803555
0.00796359
0.00789523
0.00783011
0.00776791
0.00770834
0.00765116
0.00759613
0.00754304
0.00749171
0.00744197
0.00739369
0.00734676
0.00730109
0.00725664
0.00724891
0.00726567
0.00729967
0.00736695
0.00749098
0.00770288
0.0106073
0.0105062
0.0103357
0.0101428
0.00994346
0.00974763
0.00956069
0.00938512
0.00922171
0.00907029
0.00893018
0.00880052
0.00868035
0.00856874
0.00846482
0.00836778
0.00827691
0.00819157
0.00811117
0.00803522
0.00796326
0.0078949
0.00782978
0.00776759
0.00770802
0.00765084
0.00759582
0.00754273
0.00749141
0.00744168
0.00739341
0.00734648
0.00730082
0.00725637
0.00724865
0.00726541
0.00729942
0.0073667
0.00749074
0.00770263
0.010607
0.0105059
0.0103354
0.0101425
0.00994308
0.00974724
0.0095603
0.00938475
0.00922134
0.00906992
0.00892982
0.00880017
0.00868001
0.00856841
0.00846449
0.00836747
0.0082766
0.00819126
0.00811087
0.00803493
0.00796298
0.00789462
0.00782951
0.00776732
0.00770776
0.00765058
0.00759556
0.00754248
0.00749116
0.00744143
0.00739317
0.00734624
0.00730058
0.00725614
0.00724842
0.00726518
0.00729919
0.00736647
0.00749051
0.0077024
0.0106068
0.0105057
0.0103351
0.0101422
0.00994285
0.00974701
0.00956007
0.00938451
0.0092211
0.00906968
0.00892958
0.00879993
0.00867977
0.00856817
0.00846426
0.00836723
0.00827637
0.00819103
0.00811064
0.0080347
0.00796275
0.0078944
0.00782928
0.00776709
0.00770754
0.00765036
0.00759534
0.00754227
0.00749095
0.00744122
0.00739296
0.00734604
0.00730038
0.00725594
0.00724823
0.00726499
0.007299
0.00736628
0.00749032
0.00770222
0.0106066
0.0105055
0.0103349
0.010142
0.00994259
0.00974674
0.00955979
0.00938423
0.00922083
0.00906941
0.00892931
0.00879966
0.00867951
0.00856791
0.00846401
0.00836698
0.00827613
0.00819079
0.00811041
0.00803447
0.00796253
0.00789418
0.00782907
0.00776688
0.00770734
0.00765017
0.00759516
0.00754209
0.00749078
0.00744106
0.0073928
0.00734588
0.00730023
0.00725579
0.00724808
0.00726484
0.00729885
0.00736614
0.00749018
0.00770208
0.0106065
0.0105053
0.0103347
0.0101418
0.00994241
0.00974656
0.00955961
0.00938405
0.00922065
0.00906923
0.00892914
0.00879949
0.00867934
0.00856775
0.00846385
0.00836683
0.00827598
0.00819065
0.00811027
0.00803433
0.00796239
0.00789405
0.00782894
0.00776676
0.00770722
0.00765006
0.00759504
0.00754198
0.00749066
0.00744094
0.00739268
0.00734576
0.00730011
0.00725567
0.00724795
0.00726472
0.00729872
0.00736601
0.00749005
0.00770195
0.0106064
0.0105052
0.0103346
0.0101417
0.00994227
0.00974642
0.00955947
0.0093839
0.0092205
0.00906908
0.008929
0.00879935
0.0086792
0.00856762
0.00846372
0.0083667
0.00827585
0.00819052
0.00811014
0.00803421
0.00796227
0.00789393
0.00782883
0.00776665
0.00770711
0.00764995
0.00759494
0.00754187
0.00749055
0.00744083
0.00739257
0.00734565
0.00729999
0.00725555
0.00724784
0.00726461
0.00729861
0.0073659
0.00748994
0.00770184
0.0106063
0.010505
0.0103345
0.0101415
0.00994211
0.00974625
0.0095593
0.00938374
0.00922034
0.00906892
0.00892884
0.0087992
0.00867906
0.00856747
0.00846358
0.00836656
0.00827572
0.00819039
0.00811001
0.00803409
0.00796215
0.00789382
0.00782872
0.00776654
0.00770701
0.00764985
0.00759484
0.00754177
0.00749046
0.00744074
0.00739248
0.00734556
0.0072999
0.00725546
0.00724775
0.00726452
0.00729853
0.00736581
0.00748986
0.00770176
0.0106062
0.010505
0.0103344
0.0101415
0.00994205
0.00974619
0.00955924
0.00938368
0.00922027
0.00906886
0.00892878
0.00879914
0.008679
0.00856741
0.00846352
0.00836651
0.00827566
0.00819033
0.00810996
0.00803403
0.0079621
0.00789376
0.00782867
0.00776649
0.00770695
0.00764979
0.00759478
0.00754171
0.00749039
0.00744067
0.00739241
0.00734549
0.00729983
0.00725539
0.00724768
0.00726445
0.00729846
0.00736575
0.00748979
0.00770169
0.0106061
0.0105049
0.0103343
0.0101414
0.00994197
0.00974611
0.00955916
0.0093836
0.0092202
0.00906879
0.0089287
0.00879907
0.00867892
0.00856734
0.00846344
0.00836643
0.00827558
0.00819026
0.00810988
0.00803396
0.00796203
0.00789369
0.00782859
0.00776642
0.00770688
0.00764972
0.0075947
0.00754163
0.00749032
0.0074406
0.00739234
0.00734542
0.00729977
0.00725533
0.00724762
0.00726439
0.0072984
0.00736569
0.00748973
0.00770163
0.0106061
0.0105049
0.0103343
0.0101413
0.0099419
0.00974604
0.00955909
0.00938353
0.00922013
0.00906872
0.00892864
0.008799
0.00867886
0.00856727
0.00846338
0.00836636
0.00827552
0.00819019
0.00810982
0.00803389
0.00796196
0.00789363
0.00782853
0.00776635
0.00770681
0.00764965
0.00759464
0.00754157
0.00749026
0.00744054
0.00739228
0.00734537
0.00729972
0.00725528
0.00724758
0.00726435
0.00729836
0.00736565
0.00748969
0.00770159
0.010606
0.0105048
0.0103342
0.0101413
0.00994185
0.00974599
0.00955905
0.00938349
0.00922009
0.00906868
0.0089286
0.00879896
0.00867882
0.00856724
0.00846334
0.00836633
0.00827548
0.00819015
0.00810978
0.00803385
0.00796192
0.00789358
0.00782849
0.00776631
0.00770677
0.00764961
0.0075946
0.00754153
0.00749022
0.0074405
0.00739225
0.00734533
0.00729968
0.00725525
0.00724754
0.00726431
0.00729833
0.00736562
0.00748966
0.00770156
0.010606
0.0105048
0.0103342
0.0101413
0.00994184
0.00974598
0.00955904
0.00938348
0.00922008
0.00906867
0.00892859
0.00879895
0.0086788
0.00856722
0.00846332
0.00836631
0.00827546
0.00819013
0.00810976
0.00803383
0.0079619
0.00789356
0.00782846
0.00776628
0.00770674
0.00764958
0.00759457
0.00754151
0.0074902
0.00744049
0.00739223
0.00734532
0.00729967
0.00725523
0.00724753
0.0072643
0.00729831
0.0073656
0.00748965
0.00770155
0.010606
0.0105048
0.0103342
0.0101413
0.00994186
0.009746
0.00955905
0.00938349
0.00922009
0.00906868
0.00892859
0.00879895
0.0086788
0.00856722
0.00846332
0.00836631
0.00827546
0.00819013
0.00810976
0.00803383
0.00796189
0.00789355
0.00782845
0.00776628
0.00770674
0.00764958
0.00759457
0.00754151
0.0074902
0.00744049
0.00739224
0.00734532
0.00729968
0.00725524
0.00724754
0.00726431
0.00729832
0.00736561
0.00748965
0.00770155
0.0106061
0.0105049
0.0103343
0.0101413
0.00994189
0.00974603
0.00955908
0.00938352
0.00922012
0.0090687
0.00892861
0.00879897
0.00867882
0.00856724
0.00846334
0.00836632
0.00827547
0.00819015
0.00810977
0.00803384
0.00796191
0.00789357
0.00782847
0.0077663
0.00770676
0.0076496
0.0075946
0.00754153
0.00749023
0.00744052
0.00739226
0.00734535
0.0072997
0.00725527
0.00724756
0.00726434
0.00729835
0.00736564
0.00748968
0.00770158
0.0106061
0.0105049
0.0103343
0.0101414
0.00994194
0.00974608
0.00955913
0.00938357
0.00922016
0.00906875
0.00892866
0.00879901
0.00867887
0.00856728
0.00846338
0.00836636
0.00827551
0.00819018
0.00810981
0.00803388
0.00796194
0.00789361
0.00782851
0.00776634
0.0077068
0.00764964
0.00759464
0.00754158
0.00749028
0.00744056
0.00739231
0.0073454
0.00729975
0.00725532
0.00724761
0.00726438
0.00729839
0.00736568
0.00748972
0.00770162
0.0106062
0.010505
0.0103344
0.0101414
0.00994203
0.00974617
0.00955922
0.00938365
0.00922025
0.00906883
0.00892874
0.00879909
0.00867894
0.00856735
0.00846345
0.00836643
0.00827558
0.00819025
0.00810987
0.00803394
0.007962
0.00789367
0.00782857
0.0077664
0.00770686
0.00764971
0.0075947
0.00754164
0.00749034
0.00744062
0.00739237
0.00734546
0.00729981
0.00725538
0.00724767
0.00726444
0.00729845
0.00736574
0.00748978
0.00770168
0.0106062
0.0105051
0.0103345
0.0101415
0.00994213
0.00974627
0.00955932
0.00938375
0.00922034
0.00906892
0.00892883
0.00879918
0.00867903
0.00856744
0.00846354
0.00836652
0.00827566
0.00819033
0.00810995
0.00803401
0.00796208
0.00789374
0.00782865
0.00776647
0.00770693
0.00764978
0.00759477
0.00754171
0.0074904
0.00744069
0.00739244
0.00734553
0.00729988
0.00725544
0.00724774
0.00726451
0.00729852
0.00736581
0.00748985
0.00770175
0.0106063
0.0105051
0.0103346
0.0101416
0.00994222
0.00974637
0.00955942
0.00938385
0.00922045
0.00906903
0.00892893
0.00879929
0.00867913
0.00856754
0.00846364
0.00836661
0.00827576
0.00819042
0.00811004
0.00803411
0.00796218
0.00789384
0.00782874
0.00776656
0.00770703
0.00764987
0.00759486
0.0075418
0.00749049
0.00744078
0.00739252
0.00734561
0.00729996
0.00725553
0.00724782
0.00726459
0.0072986
0.00736589
0.00748993
0.00770183
0.0106064
0.0105052
0.0103347
0.0101418
0.00994237
0.00974652
0.00955957
0.009384
0.00922059
0.00906917
0.00892908
0.00879943
0.00867927
0.00856768
0.00846377
0.00836675
0.00827589
0.00819056
0.00811017
0.00803424
0.00796231
0.00789397
0.00782887
0.00776669
0.00770715
0.00764999
0.00759498
0.00754192
0.00749061
0.0074409
0.00739264
0.00734572
0.00730007
0.00725564
0.00724792
0.00726469
0.0072987
0.00736599
0.00749003
0.00770193
0.0106066
0.0105054
0.0103349
0.010142
0.00994258
0.00974673
0.00955978
0.00938422
0.00922081
0.00906938
0.00892929
0.00879963
0.00867948
0.00856788
0.00846397
0.00836694
0.00827608
0.00819074
0.00811036
0.00803442
0.00796248
0.00789414
0.00782904
0.00776686
0.00770732
0.00765016
0.00759515
0.00754208
0.00749077
0.00744105
0.00739279
0.00734588
0.00730022
0.00725579
0.00724807
0.00726484
0.00729884
0.00736613
0.00749017
0.00770206
0.0106068
0.0105057
0.0103351
0.0101422
0.00994285
0.009747
0.00956005
0.00938448
0.00922107
0.00906965
0.00892955
0.00879989
0.00867973
0.00856812
0.00846421
0.00836718
0.00827631
0.00819097
0.00811059
0.00803465
0.00796271
0.00789436
0.00782926
0.00776707
0.00770753
0.00765036
0.00759535
0.00754228
0.00749097
0.00744125
0.00739299
0.00734607
0.00730042
0.00725598
0.00724826
0.00726503
0.00729904
0.00736632
0.00749036
0.00770225
0.0106071
0.010506
0.0103354
0.0101425
0.00994316
0.00974732
0.00956037
0.0093848
0.00922138
0.00906996
0.00892985
0.00880019
0.00868002
0.00856842
0.0084645
0.00836746
0.00827659
0.00819125
0.00811086
0.00803491
0.00796297
0.00789462
0.00782951
0.00776733
0.00770778
0.00765061
0.00759559
0.00754252
0.00749121
0.00744149
0.00739322
0.0073463
0.00730065
0.00725621
0.00724849
0.00726525
0.00729926
0.00736654
0.00749058
0.00770247
0.0106074
0.0105063
0.0103358
0.0101429
0.00994354
0.0097477
0.00956075
0.00938517
0.00922176
0.00907032
0.00893021
0.00880054
0.00868037
0.00856876
0.00846483
0.00836779
0.00827692
0.00819157
0.00811117
0.00803523
0.00796328
0.00789492
0.00782981
0.00776762
0.00770807
0.0076509
0.00759588
0.0075428
0.00749148
0.00744176
0.0073935
0.00734657
0.00730091
0.00725647
0.00724875
0.00726551
0.00729952
0.0073668
0.00749083
0.00770273
0.0106077
0.0105067
0.0103362
0.0101434
0.00994402
0.00974818
0.00956123
0.00938565
0.00922222
0.00907078
0.00893066
0.00880099
0.0086808
0.00856919
0.00846525
0.00836821
0.00827733
0.00819197
0.00811157
0.00803562
0.00796367
0.00789531
0.00783019
0.00776799
0.00770844
0.00765126
0.00759624
0.00754316
0.00749183
0.00744211
0.00739384
0.00734691
0.00730125
0.0072568
0.00724908
0.00726583
0.00729984
0.00736712
0.00749115
0.00770304
0.0106082
0.0105073
0.0103368
0.010144
0.00994463
0.00974879
0.00956184
0.00938625
0.00922282
0.00907136
0.00893123
0.00880154
0.00868135
0.00856972
0.00846577
0.00836872
0.00827783
0.00819247
0.00811206
0.0080361
0.00796413
0.00789577
0.00783064
0.00776844
0.00770887
0.00765169
0.00759666
0.00754358
0.00749225
0.00744252
0.00739424
0.00734731
0.00730164
0.00725719
0.00724946
0.00726622
0.00730021
0.00736748
0.00749151
0.0077034
0.0106089
0.0105079
0.0103376
0.0101447
0.00994539
0.00974955
0.00956259
0.00938699
0.00922354
0.00907208
0.00893193
0.00880223
0.00868202
0.00857038
0.00846642
0.00836936
0.00827846
0.00819309
0.00811267
0.0080367
0.00796473
0.00789635
0.00783122
0.00776901
0.00770944
0.00765225
0.00759721
0.00754412
0.00749279
0.00744305
0.00739477
0.00734783
0.00730216
0.00725771
0.00724997
0.00726672
0.00730071
0.00736798
0.007492
0.00770389
0.0106097
0.0105089
0.0103385
0.0101457
0.00994638
0.00975054
0.00956357
0.00938795
0.00922448
0.009073
0.00893283
0.00880311
0.00868288
0.00857122
0.00846725
0.00837016
0.00827925
0.00819386
0.00811343
0.00803745
0.00796546
0.00789708
0.00783193
0.00776971
0.00771013
0.00765293
0.00759788
0.00754478
0.00749344
0.00744369
0.00739541
0.00734846
0.00730278
0.00725832
0.00725058
0.00726732
0.00730131
0.00736858
0.00749259
0.00770447
0.0106107
0.0105099
0.0103396
0.0101468
0.0099475
0.00975164
0.00956465
0.00938901
0.00922552
0.009074
0.00893381
0.00880406
0.00868381
0.00857213
0.00846814
0.00837104
0.00828011
0.00819471
0.00811426
0.00803826
0.00796626
0.00789786
0.0078327
0.00777047
0.00771088
0.00765367
0.00759861
0.0075455
0.00749415
0.0074444
0.00739611
0.00734916
0.00730347
0.007259
0.00725126
0.00726799
0.00730197
0.00736923
0.00749325
0.00770513
0.0106106
0.0105099
0.0103396
0.0101468
0.00994749
0.00975162
0.0095646
0.00938895
0.00922543
0.0090739
0.0089337
0.00880394
0.00868368
0.00857199
0.008468
0.0083709
0.00827997
0.00819456
0.00811412
0.00803812
0.00796612
0.00789773
0.00783257
0.00777034
0.00771075
0.00765355
0.0075985
0.00754539
0.00749404
0.00744429
0.007396
0.00734905
0.00730337
0.00725891
0.00725116
0.0072679
0.00730189
0.00736916
0.00749318
0.00770506
0.0106028
0.0105016
0.010331
0.010138
0.00993852
0.00974261
0.00955562
0.00938003
0.0092166
0.00906518
0.00892509
0.00879545
0.00867532
0.00856376
0.00845989
0.00836291
0.00827211
0.00818682
0.00810649
0.00803061
0.00795872
0.00789043
0.00782538
0.00776325
0.00770376
0.00764665
0.00759169
0.00753868
0.00748742
0.00743775
0.00738954
0.00734267
0.00729706
0.00725267
0.00724499
0.00726181
0.00729586
0.00736318
0.00748725
0.00769918
0.0105671
0.0104633
0.0102902
0.0100953
0.00989458
0.0096979
0.00951053
0.00933486
0.00917156
0.0090204
0.00888067
0.00875145
0.00863177
0.00852068
0.00841729
0.0083208
0.00823047
0.00814565
0.00806578
0.00799034
0.00791889
0.00785101
0.00778636
0.00772462
0.0076655
0.00760875
0.00755413
0.00750145
0.0074505
0.00740114
0.00735321
0.00730662
0.00726127
0.00721713
0.00721096
0.00722842
0.00726273
0.00733045
0.00745484
0.00766668
0.010784
0.0107828
0.0106718
0.0105109
0.0103249
0.0101308
0.00993891
0.00975483
0.00958118
0.00941888
0.00926787
0.00912759
0.00899724
0.00887595
0.00876284
0.00865711
0.00855798
0.00846477
0.00837687
0.00829374
0.00821488
0.00813986
0.00806829
0.00799982
0.00793413
0.00787094
0.00780998
0.00775102
0.00769383
0.00763822
0.00758403
0.00753111
0.00747936
0.00742874
0.00741691
0.00742844
0.00745664
0.00751827
0.00763648
0.00784172
0.0108156
0.0108178
0.0107107
0.0105531
0.0103696
0.0101773
0.00998654
0.00980311
0.00962975
0.00946746
0.00931628
0.00917569
0.00904496
0.00892322
0.00880964
0.0087034
0.00860375
0.00851003
0.00842162
0.00833798
0.00825862
0.00818312
0.00811108
0.00804215
0.00797602
0.00791239
0.00785102
0.00779166
0.00773409
0.00767811
0.00762356
0.0075703
0.00751823
0.00746728
0.00745465
0.00746541
0.00749298
0.00755403
0.00767184
0.00787711
0.010823
0.0108258
0.0107191
0.0105618
0.0103785
0.0101862
0.00999547
0.00981197
0.00963849
0.00947607
0.00932473
0.00918399
0.00905309
0.00893119
0.00881744
0.00871104
0.00861123
0.00851735
0.00842879
0.00834501
0.00826551
0.00818987
0.0081177
0.00804864
0.00798239
0.00791865
0.00785716
0.00779769
0.00774001
0.00768394
0.00762929
0.00757594
0.00752377
0.00747275
0.00746003
0.00747071
0.0074982
0.00755919
0.00767693
0.00788214
0.0108229
0.0108256
0.0107188
0.0105615
0.0103781
0.0101859
0.00999518
0.0098117
0.00963826
0.00947587
0.00932456
0.00918385
0.00905297
0.00893109
0.00881736
0.00871097
0.00861118
0.00851732
0.00842877
0.00834499
0.0082655
0.00818987
0.0081177
0.00804865
0.0079824
0.00791867
0.00785718
0.00779771
0.00774004
0.00768396
0.00762932
0.00757596
0.0075238
0.00747277
0.00746005
0.00747073
0.00749823
0.00755921
0.00767695
0.00788216
0.0108221
0.0108248
0.0107179
0.0105605
0.0103771
0.0101849
0.00999413
0.00981067
0.00963724
0.00947487
0.00932358
0.00918289
0.00905203
0.00893017
0.00881645
0.00871008
0.0086103
0.00851645
0.00842791
0.00834414
0.00826466
0.00818904
0.00811688
0.00804784
0.0079816
0.00791787
0.00785639
0.00779693
0.00773926
0.00768319
0.00762855
0.0075752
0.00752304
0.00747202
0.0074593
0.00746999
0.00749749
0.00755848
0.00767623
0.00788144
0.0108214
0.0108239
0.010717
0.0105595
0.0103761
0.0101838
0.0099931
0.00980965
0.00963623
0.00947388
0.00932261
0.00918194
0.0090511
0.00892925
0.00881556
0.0087092
0.00860944
0.0085156
0.00842708
0.00834333
0.00826386
0.00818825
0.00811611
0.00804708
0.00798085
0.00791714
0.00785567
0.00779622
0.00773856
0.0076825
0.00762787
0.00757453
0.00752238
0.00747136
0.00745866
0.00746935
0.00749686
0.00755785
0.00767561
0.00788083
0.0108209
0.0108233
0.0107162
0.0105588
0.0103753
0.010183
0.00999228
0.00980883
0.00963543
0.00947309
0.00932184
0.00918118
0.00905036
0.00892853
0.00881485
0.00870851
0.00860876
0.00851494
0.00842642
0.00834268
0.00826323
0.00818763
0.0081155
0.00804648
0.00798026
0.00791655
0.00785509
0.00779565
0.00773799
0.00768194
0.00762731
0.00757398
0.00752184
0.00747083
0.00745813
0.00746883
0.00749634
0.00755734
0.0076751
0.00788033
0.0108205
0.0108228
0.0107157
0.0105582
0.0103747
0.0101824
0.00999165
0.00980821
0.00963481
0.00947249
0.00932126
0.00918061
0.0090498
0.00892799
0.00881432
0.008708
0.00860826
0.00851444
0.00842594
0.00834221
0.00826277
0.00818718
0.00811505
0.00804604
0.00797982
0.00791612
0.00785467
0.00779522
0.00773757
0.00768152
0.0076269
0.00757357
0.00752143
0.00747042
0.00745772
0.00746842
0.00749594
0.00755694
0.00767471
0.00787993
0.0108201
0.0108224
0.0107152
0.0105577
0.0103742
0.0101819
0.00999115
0.00980771
0.00963433
0.00947202
0.0093208
0.00918017
0.00904937
0.00892757
0.00881392
0.0087076
0.00860787
0.00851406
0.00842556
0.00834184
0.0082624
0.00818681
0.00811469
0.00804568
0.00797946
0.00791576
0.0078543
0.00779486
0.00773721
0.00768116
0.00762654
0.00757321
0.00752106
0.00747006
0.00745736
0.00746807
0.00749558
0.00755659
0.00767436
0.00787959
0.0108198
0.0108221
0.0107149
0.0105573
0.0103738
0.0101815
0.00999076
0.00980732
0.00963394
0.00947164
0.00932042
0.0091798
0.00904901
0.00892721
0.00881356
0.00870725
0.00860753
0.00851372
0.00842523
0.00834151
0.00826208
0.00818649
0.00811437
0.00804536
0.00797915
0.00791545
0.00785399
0.00779455
0.00773691
0.00768086
0.00762624
0.00757292
0.00752078
0.00746978
0.0074571
0.0074678
0.00749532
0.00755634
0.00767411
0.00787935
0.0108196
0.0108218
0.0107146
0.010557
0.0103734
0.0101811
0.00999036
0.00980693
0.00963356
0.00947125
0.00932005
0.00917943
0.00904865
0.00892686
0.00881322
0.00870691
0.0086072
0.0085134
0.00842492
0.00834121
0.00826178
0.0081862
0.00811408
0.00804508
0.00797887
0.00791518
0.00785373
0.0077943
0.00773666
0.00768061
0.007626
0.00757268
0.00752055
0.00746956
0.00745687
0.00746758
0.0074951
0.00755612
0.0076739
0.00787914
0.0108194
0.0108216
0.0107144
0.0105568
0.0103732
0.0101809
0.00999014
0.00980671
0.00963333
0.00947102
0.00931981
0.00917919
0.00904841
0.00892663
0.00881299
0.00870668
0.00860697
0.00851318
0.00842469
0.00834098
0.00826155
0.00818597
0.00811386
0.00804485
0.00797865
0.00791495
0.00785351
0.00779408
0.00773644
0.0076804
0.00762579
0.00757247
0.00752034
0.00746935
0.00745667
0.00746738
0.00749491
0.00755593
0.0076737
0.00787895
0.0108193
0.0108214
0.0107142
0.0105565
0.010373
0.0101806
0.00998989
0.00980644
0.00963306
0.00947075
0.00931954
0.00917892
0.00904814
0.00892636
0.00881272
0.00870642
0.00860671
0.00851291
0.00842444
0.00834073
0.0082613
0.00818572
0.00811361
0.00804462
0.00797842
0.00791473
0.00785329
0.00779387
0.00773624
0.0076802
0.0076256
0.00757229
0.00752017
0.00746918
0.0074565
0.00746722
0.00749475
0.00755577
0.00767356
0.0078788
0.0108192
0.0108213
0.010714
0.0105564
0.0103728
0.0101804
0.00998969
0.00980624
0.00963286
0.00947055
0.00931934
0.00917872
0.00904794
0.00892616
0.00881253
0.00870623
0.00860652
0.00851273
0.00842426
0.00834055
0.00826112
0.00818555
0.00811344
0.00804445
0.00797826
0.00791458
0.00785314
0.00779372
0.0077361
0.00768007
0.00762547
0.00757216
0.00752003
0.00746905
0.00745637
0.00746709
0.00749462
0.00755565
0.00767343
0.00787868
0.0108191
0.0108212
0.0107139
0.0105563
0.0103727
0.0101803
0.00998956
0.0098061
0.00963271
0.0094704
0.00931919
0.00917857
0.0090478
0.00892602
0.00881238
0.00870609
0.00860638
0.0085126
0.00842412
0.00834041
0.00826099
0.00818542
0.00811332
0.00804433
0.00797814
0.00791446
0.00785303
0.00779361
0.00773599
0.00767996
0.00762536
0.00757205
0.00751992
0.00746894
0.00745626
0.00746698
0.00749451
0.00755554
0.00767332
0.00787857
0.010819
0.0108211
0.0107138
0.0105561
0.0103725
0.0101802
0.0099894
0.00980594
0.00963255
0.00947024
0.00931903
0.00917842
0.00904765
0.00892587
0.00881224
0.00870595
0.00860624
0.00851246
0.00842399
0.00834028
0.00826087
0.0081853
0.0081132
0.00804422
0.00797803
0.00791436
0.00785293
0.00779352
0.00773589
0.00767986
0.00762527
0.00757196
0.00751983
0.00746885
0.00745617
0.0074669
0.00749443
0.00755545
0.00767324
0.00787849
0.0108189
0.0108211
0.0107137
0.0105561
0.0103725
0.0101801
0.00998934
0.00980588
0.00963249
0.00947018
0.00931897
0.00917835
0.00904758
0.00892581
0.00881218
0.00870588
0.00860618
0.0085124
0.00842392
0.00834022
0.00826081
0.00818525
0.00811315
0.00804416
0.00797798
0.0079143
0.00785287
0.00779345
0.00773583
0.0076798
0.0076252
0.00757189
0.00751977
0.00746878
0.00745611
0.00746683
0.00749436
0.00755539
0.00767318
0.00787842
0.0108189
0.010821
0.0107137
0.010556
0.0103724
0.01018
0.00998926
0.0098058
0.00963242
0.00947011
0.0093189
0.00917829
0.00904752
0.00892575
0.00881211
0.00870582
0.00860612
0.00851234
0.00842387
0.00834017
0.00826075
0.00818519
0.00811309
0.00804411
0.00797792
0.00791425
0.00785282
0.0077934
0.00773577
0.00767974
0.00762514
0.00757183
0.00751971
0.00746873
0.00745606
0.00746678
0.00749431
0.00755534
0.00767313
0.00787837
0.0108188
0.0108209
0.0107136
0.0105559
0.0103723
0.01018
0.00998919
0.00980573
0.00963235
0.00947005
0.00931884
0.00917823
0.00904746
0.00892569
0.00881206
0.00870576
0.00860606
0.00851228
0.00842381
0.00834011
0.0082607
0.00818514
0.00811304
0.00804406
0.00797787
0.00791419
0.00785277
0.00779335
0.00773572
0.00767969
0.00762509
0.00757178
0.00751966
0.00746868
0.00745601
0.00746673
0.00749427
0.0075553
0.00767308
0.00787833
0.0108188
0.0108209
0.0107136
0.0105559
0.0103723
0.0101799
0.00998915
0.00980569
0.00963231
0.00947001
0.00931881
0.0091782
0.00904743
0.00892565
0.00881203
0.00870573
0.00860603
0.00851225
0.00842378
0.00834008
0.00826067
0.00818511
0.00811301
0.00804402
0.00797784
0.00791416
0.00785273
0.00779331
0.00773568
0.00767965
0.00762506
0.00757175
0.00751963
0.00746865
0.00745598
0.0074667
0.00749424
0.00755527
0.00767305
0.0078783
0.0108188
0.0108209
0.0107136
0.0105559
0.0103723
0.0101799
0.00998914
0.00980569
0.00963231
0.00947
0.0093188
0.00917819
0.00904742
0.00892564
0.00881201
0.00870572
0.00860602
0.00851224
0.00842377
0.00834007
0.00826066
0.00818509
0.00811299
0.00804401
0.00797782
0.00791414
0.00785271
0.00779329
0.00773567
0.00767964
0.00762504
0.00757173
0.00751962
0.00746863
0.00745597
0.00746669
0.00749423
0.00755526
0.00767304
0.00787829
0.0108188
0.0108209
0.0107136
0.0105559
0.0103723
0.0101799
0.00998917
0.00980571
0.00963233
0.00947002
0.00931882
0.0091782
0.00904743
0.00892565
0.00881202
0.00870573
0.00860603
0.00851225
0.00842378
0.00834008
0.00826066
0.0081851
0.00811299
0.00804401
0.00797782
0.00791414
0.00785271
0.00779329
0.00773567
0.00767965
0.00762505
0.00757174
0.00751963
0.00746864
0.00745598
0.0074667
0.00749424
0.00755527
0.00767305
0.0078783
0.0108188
0.0108209
0.0107136
0.0105559
0.0103723
0.01018
0.0099892
0.00980574
0.00963236
0.00947005
0.00931884
0.00917823
0.00904746
0.00892568
0.00881204
0.00870575
0.00860605
0.00851227
0.0084238
0.0083401
0.00826068
0.00818512
0.00811301
0.00804403
0.00797784
0.00791416
0.00785274
0.00779332
0.0077357
0.00767967
0.00762508
0.00757177
0.00751966
0.00746868
0.00745601
0.00746673
0.00749427
0.0075553
0.00767308
0.00787833
0.0108188
0.010821
0.0107136
0.010556
0.0103724
0.01018
0.00998925
0.0098058
0.00963241
0.00947011
0.0093189
0.00917828
0.0090475
0.00892572
0.00881209
0.0087058
0.00860609
0.00851231
0.00842384
0.00834014
0.00826072
0.00818516
0.00811306
0.00804407
0.00797788
0.00791421
0.00785278
0.00779337
0.00773574
0.00767972
0.00762512
0.00757182
0.00751971
0.00746872
0.00745605
0.00746678
0.00749432
0.00755535
0.00767313
0.00787838
0.0108189
0.010821
0.0107137
0.0105561
0.0103725
0.0101801
0.00998934
0.00980589
0.0096325
0.00947019
0.00931898
0.00917836
0.00904758
0.0089258
0.00881217
0.00870587
0.00860616
0.00851237
0.0084239
0.0083402
0.00826078
0.00818521
0.00811311
0.00804413
0.00797794
0.00791426
0.00785284
0.00779342
0.0077358
0.00767978
0.00762518
0.00757188
0.00751976
0.00746878
0.00745611
0.00746683
0.00749437
0.0075554
0.00767319
0.00787843
0.010819
0.0108211
0.0107138
0.0105561
0.0103725
0.0101802
0.00998944
0.00980598
0.00963259
0.00947028
0.00931907
0.00917845
0.00904767
0.00892589
0.00881225
0.00870595
0.00860624
0.00851245
0.00842397
0.00834027
0.00826085
0.00818528
0.00811318
0.00804419
0.00797801
0.00791433
0.0078529
0.00779349
0.00773586
0.00767984
0.00762524
0.00757194
0.00751982
0.00746884
0.00745617
0.00746689
0.00749443
0.00755546
0.00767324
0.00787849
0.010819
0.0108211
0.0107139
0.0105562
0.0103726
0.0101803
0.00998954
0.00980608
0.00963269
0.00947038
0.00931917
0.00917855
0.00904777
0.00892598
0.00881235
0.00870604
0.00860633
0.00851254
0.00842407
0.00834036
0.00826094
0.00818537
0.00811327
0.00804428
0.0079781
0.00791442
0.00785299
0.00779357
0.00773595
0.00767992
0.00762533
0.00757202
0.0075199
0.00746892
0.00745625
0.00746697
0.0074945
0.00755553
0.00767332
0.00787856
0.0108191
0.0108212
0.010714
0.0105563
0.0103728
0.0101804
0.00998968
0.00980623
0.00963284
0.00947053
0.00931931
0.00917869
0.00904791
0.00892613
0.00881249
0.00870618
0.00860647
0.00851268
0.0084242
0.00834049
0.00826107
0.0081855
0.0081134
0.00804441
0.00797822
0.00791454
0.00785311
0.0077937
0.00773607
0.00768004
0.00762545
0.00757214
0.00752002
0.00746903
0.00745636
0.00746708
0.00749461
0.00755564
0.00767342
0.00787866
0.0108192
0.0108214
0.0107141
0.0105565
0.010373
0.0101806
0.00998989
0.00980644
0.00963306
0.00947074
0.00931953
0.00917891
0.00904812
0.00892633
0.00881269
0.00870638
0.00860667
0.00851287
0.00842439
0.00834068
0.00826126
0.00818569
0.00811358
0.00804459
0.0079784
0.00791472
0.00785329
0.00779387
0.00773624
0.00768021
0.00762561
0.0075723
0.00752018
0.0074692
0.00745652
0.00746724
0.00749477
0.00755579
0.00767358
0.00787882
0.0108194
0.0108216
0.0107144
0.0105568
0.0103732
0.0101809
0.00999016
0.00980671
0.00963333
0.00947101
0.0093198
0.00917917
0.00904838
0.00892659
0.00881294
0.00870663
0.00860691
0.00851311
0.00842462
0.00834091
0.00826149
0.00818591
0.0081138
0.00804481
0.00797861
0.00791493
0.0078535
0.00779407
0.00773644
0.00768041
0.00762581
0.0075725
0.00752038
0.00746939
0.00745671
0.00746743
0.00749496
0.00755599
0.00767377
0.00787901
0.0108196
0.0108218
0.0107146
0.0105571
0.0103735
0.0101812
0.00999048
0.00980703
0.00963364
0.00947133
0.00932011
0.00917948
0.00904869
0.00892689
0.00881323
0.00870692
0.00860719
0.00851339
0.0084249
0.00834118
0.00826175
0.00818618
0.00811407
0.00804507
0.00797887
0.00791518
0.00785374
0.00779432
0.00773669
0.00768065
0.00762605
0.00757273
0.00752061
0.00746962
0.00745693
0.00746765
0.00749518
0.0075562
0.00767398
0.00787922
0.0108198
0.0108221
0.010715
0.0105574
0.0103739
0.0101816
0.00999086
0.00980742
0.00963403
0.00947171
0.00932048
0.00917985
0.00904905
0.00892725
0.00881359
0.00870726
0.00860754
0.00851373
0.00842523
0.00834151
0.00826208
0.0081865
0.00811438
0.00804538
0.00797917
0.00791548
0.00785404
0.00779461
0.00773697
0.00768094
0.00762633
0.00757301
0.00752088
0.00746989
0.0074572
0.00746792
0.00749545
0.00755647
0.00767425
0.00787949
0.0108201
0.0108225
0.0107154
0.0105579
0.0103744
0.0101821
0.00999135
0.0098079
0.00963451
0.00947219
0.00932095
0.00918031
0.0090495
0.00892769
0.00881402
0.0087077
0.00860796
0.00851415
0.00842565
0.00834192
0.00826248
0.00818689
0.00811477
0.00804576
0.00797955
0.00791586
0.00785441
0.00779497
0.00773733
0.00768129
0.00762668
0.00757335
0.00752122
0.00747022
0.00745753
0.00746824
0.00749577
0.00755678
0.00767455
0.00787979
0.0108205
0.010823
0.0107159
0.0105584
0.010375
0.0101827
0.00999197
0.00980853
0.00963513
0.0094728
0.00932156
0.00918091
0.00905009
0.00892827
0.00881459
0.00870826
0.00860851
0.00851469
0.00842618
0.00834244
0.008263
0.0081874
0.00811527
0.00804626
0.00798004
0.00791634
0.00785488
0.00779544
0.00773779
0.00768175
0.00762713
0.0075738
0.00752166
0.00747066
0.00745796
0.00746866
0.00749618
0.00755719
0.00767495
0.00788018
0.0108211
0.0108236
0.0107166
0.0105592
0.0103757
0.0101835
0.00999274
0.00980929
0.00963589
0.00947355
0.00932229
0.00918162
0.00905079
0.00892895
0.00881526
0.00870891
0.00860916
0.00851532
0.00842681
0.00834306
0.0082636
0.008188
0.00811586
0.00804683
0.00798061
0.0079169
0.00785544
0.00779599
0.00773833
0.00768228
0.00762766
0.00757432
0.00752218
0.00747117
0.00745847
0.00746917
0.00749669
0.0075577
0.00767547
0.0078807
0.0108218
0.0108244
0.0107175
0.0105601
0.0103767
0.0101845
0.00999375
0.0098103
0.00963688
0.00947452
0.00932325
0.00918256
0.00905171
0.00892986
0.00881615
0.00870978
0.00861001
0.00851616
0.00842763
0.00834387
0.0082644
0.00818878
0.00811663
0.00804759
0.00798135
0.00791763
0.00785616
0.0077967
0.00773904
0.00768297
0.00762834
0.00757499
0.00752284
0.00747182
0.00745911
0.00746981
0.00749732
0.00755832
0.00767608
0.00788131
0.0108226
0.0108253
0.0107185
0.0105612
0.0103779
0.0101856
0.00999491
0.00981144
0.00963801
0.00947562
0.00932432
0.00918361
0.00905273
0.00893086
0.00881713
0.00871074
0.00861095
0.00851708
0.00842853
0.00834476
0.00826527
0.00818964
0.00811747
0.00804842
0.00798217
0.00791843
0.00785695
0.00779748
0.0077398
0.00768373
0.00762908
0.00757573
0.00752357
0.00747254
0.00745983
0.00747051
0.00749802
0.00755901
0.00767676
0.00788198
0.0108226
0.0108254
0.0107187
0.0105614
0.0103781
0.0101858
0.0099951
0.00981161
0.00963816
0.00947576
0.00932445
0.00918372
0.00905283
0.00893095
0.00881721
0.00871082
0.00861102
0.00851715
0.0084286
0.00834483
0.00826534
0.00818971
0.00811754
0.00804849
0.00798224
0.00791851
0.00785703
0.00779756
0.00773989
0.00768381
0.00762917
0.00757582
0.00752366
0.00747263
0.00745991
0.0074706
0.00749809
0.00755909
0.00767684
0.00788205
0.0108159
0.0108181
0.0107109
0.0105533
0.0103697
0.0101774
0.00998661
0.00980313
0.00962972
0.0094674
0.00931618
0.00917556
0.00904479
0.00892302
0.00880941
0.00870314
0.00860347
0.00850973
0.0084213
0.00833764
0.00825827
0.00818276
0.0081107
0.00804176
0.00797562
0.00791199
0.00785061
0.00779124
0.00773366
0.00767767
0.00762312
0.00756985
0.00751777
0.00746683
0.00745418
0.00746496
0.00749253
0.00755358
0.00767139
0.00787666
0.0107846
0.0107835
0.0106726
0.0105118
0.0103258
0.0101318
0.00993989
0.00975582
0.00958217
0.00941986
0.00926883
0.00912853
0.00899816
0.00887684
0.00876372
0.00865795
0.00855879
0.00846556
0.00837764
0.00829448
0.0082156
0.00814055
0.00806896
0.00800047
0.00793476
0.00787155
0.00781057
0.00775158
0.00769438
0.00763875
0.00758454
0.0075316
0.00747984
0.0074292
0.00741818
0.0074296
0.00745747
0.00751898
0.00763717
0.0078424
0.010831
0.0109824
0.0109809
0.0108928
0.0107503
0.0105795
0.0103976
0.0102154
0.0100386
0.00987021
0.00971154
0.00956277
0.00942359
0.00929341
0.00917151
0.00905715
0.00894963
0.00884827
0.00875245
0.00866163
0.0085753
0.008493
0.00841432
0.00833889
0.00826636
0.00819642
0.00812878
0.00806316
0.00799931
0.00793698
0.00787598
0.00781612
0.00775727
0.00769935
0.00768182
0.00768632
0.00770702
0.00776134
0.00787224
0.00806985
0.0108561
0.011011
0.0110142
0.0109308
0.0107924
0.0106247
0.0104452
0.0102645
0.0100887
0.0099209
0.00976245
0.00961365
0.00947428
0.00934378
0.00922148
0.00910666
0.00899864
0.00889676
0.00880041
0.00870906
0.00862219
0.00853935
0.00846015
0.0083842
0.00831117
0.00824075
0.00817263
0.00810655
0.00804225
0.0079795
0.00791808
0.00785782
0.00779859
0.00774029
0.00772187
0.00772556
0.00774558
0.00779927
0.00790972
0.00810731
0.0108622
0.0110178
0.0110215
0.0109385
0.0108004
0.010633
0.0104535
0.0102728
0.0100969
0.00992903
0.00977044
0.0096215
0.00948196
0.0093513
0.00922883
0.00911384
0.00900566
0.00890361
0.0088071
0.00871559
0.00862856
0.00854558
0.00846624
0.00839015
0.00831699
0.00824643
0.00817819
0.00811199
0.00804757
0.00798471
0.00792319
0.00786283
0.0078035
0.00774512
0.0077266
0.0077302
0.00775015
0.00780377
0.00791416
0.00811168
0.010862
0.0110175
0.0110211
0.010938
0.0107998
0.0106323
0.0104529
0.0102722
0.0100963
0.00992844
0.00976987
0.00962096
0.00948145
0.00935081
0.00922837
0.00911341
0.00900524
0.00890321
0.00880673
0.00871523
0.00862822
0.00854526
0.00846593
0.00838985
0.0083167
0.00824616
0.00817793
0.00811174
0.00804734
0.00798449
0.00792297
0.00786262
0.0078033
0.00774493
0.00772642
0.00773003
0.00774998
0.00780361
0.007914
0.00811153
0.0108615
0.0110168
0.0110203
0.0109371
0.0107988
0.0106312
0.0104518
0.0102711
0.0100952
0.00992734
0.00976879
0.0096199
0.00948041
0.00934979
0.00922737
0.00911242
0.00900427
0.00890226
0.00880578
0.0087143
0.0086273
0.00854435
0.00846503
0.00838897
0.00831583
0.00824529
0.00817707
0.00811088
0.00804649
0.00798364
0.00792214
0.00786179
0.00780247
0.00774411
0.0077256
0.00772922
0.00774918
0.00780281
0.00791321
0.00811074
0.010861
0.0110162
0.0110195
0.0109362
0.0107978
0.0106302
0.0104507
0.01027
0.0100942
0.00992629
0.00976775
0.00961888
0.00947941
0.0093488
0.00922639
0.00911147
0.00900333
0.00890134
0.00880488
0.00871341
0.00862643
0.00854349
0.00846418
0.00838813
0.00831501
0.00824448
0.00817627
0.0081101
0.00804572
0.00798289
0.00792139
0.00786106
0.00780175
0.00774339
0.0077249
0.00772853
0.00774849
0.00780213
0.00791254
0.00811008
0.0108606
0.0110157
0.0110189
0.0109355
0.0107971
0.0106294
0.0104499
0.0102692
0.0100933
0.00992545
0.00976693
0.00961807
0.00947861
0.00934803
0.00922563
0.00911072
0.0090026
0.00890062
0.00880417
0.00871272
0.00862575
0.00854282
0.00846353
0.00838749
0.00831437
0.00824386
0.00817566
0.0081095
0.00804512
0.00798229
0.00792081
0.00786048
0.00780118
0.00774283
0.00772434
0.00772798
0.00774795
0.0078016
0.00791201
0.00810956
0.0108603
0.0110153
0.0110184
0.010935
0.0107965
0.0106288
0.0104493
0.0102685
0.0100927
0.00992481
0.0097663
0.00961746
0.00947802
0.00934745
0.00922507
0.00911017
0.00900207
0.0089001
0.00880366
0.00871222
0.00862526
0.00854234
0.00846305
0.00838702
0.00831391
0.0082434
0.00817521
0.00810905
0.00804468
0.00798186
0.00792038
0.00786006
0.00780076
0.00774241
0.00772393
0.00772757
0.00774754
0.0078012
0.00791162
0.00810917
0.01086
0.011015
0.011018
0.0109345
0.010796
0.0106283
0.0104487
0.010268
0.0100921
0.0099243
0.0097658
0.00961697
0.00947754
0.00934698
0.00922462
0.00910973
0.00900163
0.00889967
0.00880325
0.00871181
0.00862486
0.00854195
0.00846266
0.00838664
0.00831353
0.00824302
0.00817483
0.00810867
0.0080443
0.00798148
0.00792
0.00785968
0.00780038
0.00774203
0.00772356
0.00772719
0.00774717
0.00780082
0.00791124
0.00810879
0.0108599
0.0110147
0.0110178
0.0109342
0.0107956
0.0106279
0.0104483
0.0102676
0.0100918
0.00992391
0.00976541
0.00961658
0.00947716
0.00934661
0.00922425
0.00910937
0.00900128
0.00889932
0.0088029
0.00871147
0.00862452
0.00854161
0.00846233
0.00838631
0.0083132
0.0082427
0.00817451
0.00810835
0.00804398
0.00798116
0.00791969
0.00785937
0.00780007
0.00774173
0.00772326
0.0077269
0.00774688
0.00780054
0.00791096
0.00810852
0.0108597
0.0110145
0.0110175
0.0109339
0.0107953
0.0106275
0.010448
0.0102672
0.0100914
0.00992351
0.00976502
0.0096162
0.00947678
0.00934624
0.00922388
0.00910901
0.00900093
0.00889899
0.00880258
0.00871115
0.00862421
0.00854131
0.00846204
0.00838602
0.00831292
0.00824242
0.00817424
0.00810809
0.00804373
0.00798092
0.00791944
0.00785913
0.00779984
0.00774151
0.00772304
0.00772668
0.00774667
0.00780033
0.00791075
0.0081083
0.0108596
0.0110144
0.0110174
0.0109337
0.0107951
0.0106273
0.0104478
0.010267
0.0100911
0.00992329
0.0097648
0.00961597
0.00947656
0.00934601
0.00922366
0.00910879
0.00900071
0.00889877
0.00880236
0.00871093
0.008624
0.0085411
0.00846182
0.00838581
0.00831271
0.00824221
0.00817402
0.00810788
0.00804352
0.00798071
0.00791924
0.00785892
0.00779964
0.0077413
0.00772283
0.00772648
0.00774646
0.00780012
0.00791054
0.0081081
0.0108595
0.0110143
0.0110172
0.0109335
0.0107949
0.0106271
0.0104475
0.0102668
0.0100909
0.00992305
0.00976455
0.00961572
0.0094763
0.00934575
0.0092234
0.00910853
0.00900046
0.00889852
0.00880211
0.00871069
0.00862375
0.00854085
0.00846158
0.00838557
0.00831248
0.00824199
0.00817381
0.00810767
0.00804331
0.00798051
0.00791904
0.00785873
0.00779945
0.00774112
0.00772266
0.0077263
0.00774629
0.00779995
0.00791037
0.00810793
0.0108594
0.0110141
0.0110171
0.0109334
0.0107948
0.010627
0.0104474
0.0102666
0.0100907
0.00992284
0.00976434
0.00961551
0.00947609
0.00934554
0.00922319
0.00910833
0.00900025
0.00889831
0.00880191
0.00871049
0.00862355
0.00854066
0.00846139
0.00838538
0.00831229
0.0082418
0.00817363
0.0081075
0.00804315
0.00798035
0.00791888
0.00785858
0.0077993
0.00774097
0.00772252
0.00772617
0.00774615
0.00779982
0.00791024
0.00810779
0.0108593
0.0110141
0.011017
0.0109333
0.0107947
0.0106269
0.0104472
0.0102664
0.0100906
0.0099227
0.00976419
0.00961536
0.00947594
0.00934539
0.00922304
0.00910818
0.0090001
0.00889816
0.00880175
0.00871033
0.0086234
0.00854051
0.00846124
0.00838524
0.00831215
0.00824167
0.0081735
0.00810737
0.00804302
0.00798023
0.00791877
0.00785846
0.00779919
0.00774086
0.0077224
0.00772605
0.00774604
0.00779971
0.00791013
0.00810769
0.0108592
0.011014
0.0110169
0.0109332
0.0107945
0.0106267
0.0104471
0.0102663
0.0100904
0.00992255
0.00976404
0.00961521
0.00947579
0.00934525
0.0092229
0.00910803
0.00899996
0.00889802
0.00880162
0.0087102
0.00862327
0.00854038
0.00846112
0.00838512
0.00831204
0.00824156
0.0081734
0.00810727
0.00804293
0.00798013
0.00791867
0.00785837
0.0077991
0.00774077
0.00772232
0.00772597
0.00774596
0.00779962
0.00791005
0.0081076
0.0108592
0.0110139
0.0110169
0.0109331
0.0107945
0.0106267
0.010447
0.0102662
0.0100903
0.00992248
0.00976397
0.00961513
0.00947572
0.00934517
0.00922282
0.00910796
0.00899988
0.00889794
0.00880154
0.00871012
0.0086232
0.00854031
0.00846105
0.00838505
0.00831197
0.0082415
0.00817333
0.0081072
0.00804286
0.00798007
0.00791861
0.00785831
0.00779903
0.00774071
0.00772225
0.00772591
0.0077459
0.00779956
0.00790999
0.00810755
0.0108592
0.0110139
0.0110168
0.0109331
0.0107944
0.0106266
0.010447
0.0102662
0.0100903
0.00992241
0.0097639
0.00961507
0.00947565
0.00934511
0.00922276
0.0091079
0.00899982
0.00889789
0.00880148
0.00871007
0.00862314
0.00854026
0.008461
0.008385
0.00831192
0.00824145
0.00817328
0.00810715
0.00804281
0.00798002
0.00791856
0.00785826
0.00779898
0.00774066
0.0077222
0.00772586
0.00774585
0.00779951
0.00790994
0.0081075
0.0108591
0.0110138
0.0110167
0.010933
0.0107943
0.0106265
0.0104469
0.0102661
0.0100902
0.00992234
0.00976384
0.00961501
0.0094756
0.00934505
0.00922271
0.00910784
0.00899977
0.00889784
0.00880143
0.00871002
0.0086231
0.00854021
0.00846096
0.00838496
0.00831188
0.0082414
0.00817324
0.00810711
0.00804277
0.00797997
0.00791851
0.00785821
0.00779894
0.00774061
0.00772216
0.00772581
0.0077458
0.00779947
0.0079099
0.00810746
0.0108591
0.0110138
0.0110167
0.010933
0.0107943
0.0106265
0.0104468
0.010266
0.0100902
0.0099223
0.0097638
0.00961497
0.00947556
0.00934502
0.00922268
0.00910782
0.00899975
0.00889781
0.00880141
0.00871
0.00862308
0.00854019
0.00846093
0.00838494
0.00831186
0.00824138
0.00817321
0.00810708
0.00804274
0.00797994
0.00791848
0.00785818
0.00779891
0.00774058
0.00772213
0.00772578
0.00774577
0.00779944
0.00790987
0.00810743
0.0108591
0.0110138
0.0110167
0.010933
0.0107943
0.0106265
0.0104468
0.010266
0.0100902
0.0099223
0.0097638
0.00961497
0.00947556
0.00934502
0.00922268
0.00910782
0.00899975
0.00889781
0.00880141
0.00871
0.00862308
0.00854019
0.00846094
0.00838494
0.00831186
0.00824138
0.00817321
0.00810708
0.00804273
0.00797993
0.00791848
0.00785818
0.0077989
0.00774058
0.00772212
0.00772578
0.00774577
0.00779944
0.00790986
0.00810742
0.0108591
0.0110138
0.0110167
0.010933
0.0107943
0.0106265
0.0104469
0.0102661
0.0100902
0.00992233
0.00976383
0.009615
0.00947559
0.00934504
0.0092227
0.00910784
0.00899977
0.00889783
0.00880144
0.00871003
0.0086231
0.00854021
0.00846096
0.00838496
0.00831187
0.00824139
0.00817322
0.00810709
0.00804275
0.00797995
0.00791849
0.00785819
0.00779892
0.00774059
0.00772214
0.00772579
0.00774579
0.00779945
0.00790988
0.00810744
0.0108591
0.0110138
0.0110167
0.010933
0.0107943
0.0106265
0.0104469
0.0102661
0.0100902
0.00992237
0.00976387
0.00961504
0.00947562
0.00934508
0.00922274
0.00910787
0.0089998
0.00889787
0.00880147
0.00871006
0.00862314
0.00854025
0.00846099
0.00838499
0.00831191
0.00824142
0.00817325
0.00810713
0.00804278
0.00797999
0.00791853
0.00785823
0.00779895
0.00774063
0.00772218
0.00772583
0.00774582
0.00779949
0.00790992
0.00810748
0.0108591
0.0110138
0.0110168
0.010933
0.0107944
0.0106266
0.010447
0.0102662
0.0100903
0.00992243
0.00976393
0.0096151
0.00947568
0.00934514
0.00922279
0.00910793
0.00899986
0.00889792
0.00880153
0.00871011
0.00862319
0.0085403
0.00846104
0.00838504
0.00831195
0.00824147
0.0081733
0.00810717
0.00804283
0.00798003
0.00791857
0.00785827
0.007799
0.00774068
0.00772222
0.00772588
0.00774587
0.00779954
0.00790997
0.00810752
0.0108592
0.0110139
0.0110168
0.0109331
0.0107945
0.0106267
0.010447
0.0102663
0.0100904
0.00992252
0.00976401
0.00961518
0.00947576
0.00934522
0.00922287
0.00910801
0.00899993
0.008898
0.00880159
0.00871018
0.00862325
0.00854036
0.0084611
0.00838509
0.00831201
0.00824152
0.00817335
0.00810722
0.00804288
0.00798008
0.00791862
0.00785832
0.00779905
0.00774072
0.00772227
0.00772592
0.00774592
0.00779958
0.00791001
0.00810757
0.0108592
0.0110139
0.0110169
0.0109332
0.0107945
0.0106267
0.0104471
0.0102663
0.0100905
0.00992261
0.0097641
0.00961527
0.00947585
0.0093453
0.00922296
0.00910809
0.00900001
0.00889807
0.00880167
0.00871025
0.00862332
0.00854043
0.00846116
0.00838516
0.00831207
0.00824159
0.00817342
0.00810729
0.00804294
0.00798014
0.00791868
0.00785838
0.00779911
0.00774078
0.00772232
0.00772598
0.00774597
0.00779963
0.00791006
0.00810762
0.0108592
0.011014
0.0110169
0.0109332
0.0107946
0.0106268
0.0104472
0.0102664
0.0100906
0.00992271
0.00976421
0.00961537
0.00947595
0.00934541
0.00922306
0.00910819
0.00900011
0.00889817
0.00880177
0.00871035
0.00862341
0.00854052
0.00846126
0.00838525
0.00831216
0.00824168
0.00817351
0.00810737
0.00804303
0.00798023
0.00791877
0.00785847
0.00779919
0.00774086
0.0077224
0.00772605
0.00774604
0.00779971
0.00791013
0.00810769
0.0108593
0.011014
0.011017
0.0109333
0.0107947
0.010627
0.0104474
0.0102666
0.0100907
0.00992286
0.00976435
0.00961552
0.0094761
0.00934556
0.00922321
0.00910834
0.00900026
0.00889831
0.0088019
0.00871048
0.00862355
0.00854066
0.00846139
0.00838539
0.0083123
0.00824181
0.00817364
0.00810751
0.00804316
0.00798036
0.0079189
0.00785859
0.00779932
0.00774099
0.00772253
0.00772618
0.00774617
0.00779983
0.00791025
0.00810781
0.0108594
0.0110142
0.0110171
0.0109335
0.0107949
0.0106272
0.0104476
0.0102668
0.0100909
0.00992307
0.00976457
0.00961574
0.00947632
0.00934577
0.00922341
0.00910854
0.00900046
0.00889851
0.0088021
0.00871068
0.00862374
0.00854084
0.00846158
0.00838557
0.00831248
0.00824199
0.00817381
0.00810768
0.00804333
0.00798053
0.00791906
0.00785876
0.00779948
0.00774115
0.00772269
0.00772634
0.00774633
0.00779999
0.00791042
0.00810797
0.0108595
0.0110143
0.0110173
0.0109337
0.0107951
0.0106274
0.0104478
0.0102671
0.0100912
0.00992334
0.00976484
0.009616
0.00947658
0.00934603
0.00922367
0.00910879
0.0090007
0.00889875
0.00880234
0.00871091
0.00862397
0.00854106
0.00846179
0.00838578
0.00831269
0.0082422
0.00817402
0.00810788
0.00804353
0.00798072
0.00791926
0.00785895
0.00779967
0.00774134
0.00772287
0.00772652
0.00774651
0.00780017
0.00791059
0.00810814
0.0108596
0.0110145
0.0110176
0.010934
0.0107954
0.0106277
0.0104481
0.0102674
0.0100915
0.00992365
0.00976515
0.00961631
0.00947689
0.00934633
0.00922397
0.00910909
0.00900099
0.00889904
0.00880262
0.00871119
0.00862424
0.00854134
0.00846206
0.00838605
0.00831295
0.00824246
0.00817428
0.00810814
0.00804378
0.00798097
0.0079195
0.00785919
0.00779991
0.00774158
0.00772311
0.00772675
0.00774674
0.0078004
0.00791082
0.00810837
0.0108598
0.0110147
0.0110178
0.0109343
0.0107957
0.010628
0.0104485
0.0102677
0.0100919
0.00992404
0.00976553
0.00961669
0.00947726
0.0093467
0.00922433
0.00910944
0.00900134
0.00889938
0.00880296
0.00871152
0.00862457
0.00854166
0.00846238
0.00838636
0.00831326
0.00824276
0.00817458
0.00810843
0.00804407
0.00798126
0.00791978
0.00785947
0.00780018
0.00774184
0.00772337
0.00772701
0.00774699
0.00780065
0.00791106
0.00810861
0.01086
0.011015
0.0110181
0.0109346
0.0107962
0.0106285
0.010449
0.0102682
0.0100924
0.00992453
0.00976602
0.00961718
0.00947774
0.00934718
0.0092248
0.00910991
0.0090018
0.00889983
0.0088034
0.00871196
0.008625
0.00854209
0.00846281
0.00838678
0.00831367
0.00824317
0.00817498
0.00810883
0.00804446
0.00798165
0.00792017
0.00785985
0.00780056
0.00774222
0.00772374
0.00772738
0.00774735
0.00780101
0.00791142
0.00810896
0.0108603
0.0110153
0.0110186
0.0109351
0.0107967
0.0106291
0.0104496
0.0102689
0.010093
0.00992516
0.00976665
0.00961779
0.00947835
0.00934777
0.00922538
0.00911048
0.00900237
0.00890039
0.00880395
0.0087125
0.00862553
0.00854261
0.00846332
0.00838728
0.00831417
0.00824366
0.00817546
0.0081093
0.00804493
0.00798211
0.00792063
0.00786031
0.00780101
0.00774266
0.00772418
0.00772782
0.00774779
0.00780144
0.00791185
0.0081094
0.0108606
0.0110158
0.0110191
0.0109358
0.0107974
0.0106298
0.0104503
0.0102696
0.0100938
0.00992592
0.0097674
0.00961854
0.00947908
0.00934849
0.00922609
0.00911117
0.00900305
0.00890106
0.0088046
0.00871314
0.00862617
0.00854323
0.00846393
0.00838789
0.00831477
0.00824425
0.00817604
0.00810987
0.00804549
0.00798266
0.00792117
0.00786084
0.00780154
0.00774318
0.00772469
0.00772832
0.00774828
0.00780193
0.00791233
0.00810987
0.0108612
0.0110164
0.0110199
0.0109367
0.0107984
0.0106308
0.0104513
0.0102706
0.0100948
0.00992692
0.00976839
0.0096195
0.00948003
0.00934942
0.009227
0.00911206
0.00900392
0.00890191
0.00880545
0.00871397
0.00862698
0.00854403
0.00846472
0.00838866
0.00831553
0.008245
0.00817678
0.0081106
0.00804621
0.00798337
0.00792187
0.00786153
0.00780222
0.00774385
0.00772535
0.00772897
0.00774893
0.00780256
0.00791296
0.00811049
0.0108618
0.0110172
0.0110208
0.0109377
0.0107995
0.010632
0.0104526
0.0102719
0.010096
0.00992813
0.00976958
0.00962068
0.00948118
0.00935055
0.00922811
0.00911315
0.00900499
0.00890296
0.00880648
0.00871498
0.00862798
0.00854501
0.00846568
0.00838961
0.00831646
0.00824592
0.00817768
0.00811149
0.00804709
0.00798423
0.00792272
0.00786237
0.00780304
0.00774466
0.00772615
0.00772975
0.0077497
0.00780333
0.00791371
0.00811123
0.0108617
0.0110172
0.011021
0.010938
0.0107999
0.0106324
0.010453
0.0102723
0.0100964
0.00992853
0.00976997
0.00962105
0.00948154
0.00935089
0.00922844
0.00911347
0.0090053
0.00890327
0.00880678
0.00871528
0.00862827
0.00854531
0.00846598
0.00838991
0.00831675
0.00824621
0.00817798
0.00811178
0.00804738
0.00798452
0.00792301
0.00786266
0.00780333
0.00774495
0.00772644
0.00773004
0.00774999
0.0078036
0.00791398
0.00811149
0.0108564
0.0110113
0.0110144
0.010931
0.0107925
0.0106248
0.0104452
0.0102645
0.0100886
0.00992073
0.00976223
0.0096134
0.00947399
0.00934345
0.00922112
0.00910627
0.00899823
0.00889632
0.00879996
0.00870858
0.00862169
0.00853885
0.00845963
0.00838368
0.00831064
0.0082402
0.00817207
0.00810599
0.00804168
0.00797893
0.00791751
0.00785724
0.00779801
0.00773971
0.00772128
0.00772498
0.007745
0.00779869
0.00790914
0.00810672
0.0108312
0.0109827
0.0109813
0.0108933
0.0107508
0.0105801
0.0103983
0.010216
0.0100392
0.00987087
0.0097122
0.00956343
0.00942424
0.00929404
0.00917213
0.00905776
0.00895022
0.00884884
0.00875301
0.00866218
0.00857584
0.00849352
0.00841483
0.00833939
0.00826685
0.0081969
0.00812924
0.00806361
0.00799974
0.00793741
0.00787639
0.00781652
0.00775766
0.00769972
0.00768304
0.0076874
0.00770777
0.00776198
0.00787286
0.00807044
0.0106513
0.0109883
0.0111435
0.0111761
0.0111185
0.0110037
0.0108569
0.0106952
0.0105294
0.0103656
0.0102072
0.0100561
0.00991272
0.00977723
0.00964929
0.00952846
0.0094142
0.00930596
0.00920321
0.00910544
0.00901218
0.00892299
0.00883746
0.00875522
0.00867591
0.0085992
0.00852476
0.00845231
0.00838154
0.00831216
0.00824391
0.00817655
0.00810987
0.00804379
0.00801961
0.00801584
0.00802771
0.00807329
0.00817544
0.0082193
0.0106693
0.0110084
0.0111681
0.0112064
0.0111544
0.0110445
0.0109017
0.010743
0.0105793
0.010417
0.0102596
0.0101089
0.00996581
0.0098303
0.00970218
0.00958104
0.00946638
0.00935769
0.00925444
0.00915614
0.00906233
0.00897257
0.00888648
0.00880367
0.00872381
0.00864654
0.00857157
0.00849859
0.00842731
0.00835743
0.0082887
0.00822087
0.00815375
0.00808724
0.00806208
0.00805745
0.00806858
0.0081135
0.00821514
0.00825554
0.0106741
0.0110138
0.0111741
0.011213
0.0111614
0.0110517
0.0109091
0.0107505
0.0105868
0.0104245
0.010267
0.0101162
0.00997296
0.00983729
0.00970901
0.0095877
0.00947288
0.00936401
0.00926059
0.00916212
0.00906815
0.00897823
0.00889199
0.00880903
0.00872901
0.0086516
0.00857649
0.00850338
0.00843196
0.00836196
0.00829311
0.00822517
0.00815794
0.00809132
0.00806607
0.00806134
0.0080724
0.00811723
0.00821881
0.0082552
0.0106741
0.0110136
0.0111738
0.0112125
0.0111607
0.0110509
0.0109082
0.0107496
0.0105859
0.0104235
0.010266
0.0101153
0.00997204
0.0098364
0.00970814
0.00958686
0.00947206
0.00936322
0.00925982
0.00916138
0.00906743
0.00897754
0.00889131
0.00880837
0.00872837
0.00865099
0.0085759
0.00850281
0.00843141
0.00836143
0.0082926
0.00822468
0.00815747
0.00809087
0.00806563
0.00806092
0.00807199
0.00811684
0.00821843
0.00825502
0.0106738
0.0110132
0.0111732
0.0112117
0.0111597
0.0110499
0.0109071
0.0107485
0.0105847
0.0104223
0.0102649
0.0101141
0.00997091
0.00983529
0.00970706
0.0095858
0.00947101
0.00936219
0.00925881
0.00916038
0.00906644
0.00897657
0.00889035
0.00880743
0.00872744
0.00865006
0.00857499
0.0085019
0.00843051
0.00836054
0.00829172
0.0082238
0.0081566
0.00809001
0.00806478
0.00806007
0.00807115
0.00811601
0.0082176
0.00825483
0.0106735
0.0110128
0.0111727
0.011211
0.0111589
0.011049
0.0109061
0.0107474
0.0105837
0.0104213
0.0102638
0.0101131
0.00996986
0.00983425
0.00970603
0.00958478
0.00947001
0.0093612
0.00925783
0.00915942
0.0090655
0.00897563
0.00888943
0.00880652
0.00872655
0.00864919
0.00857412
0.00850105
0.00842968
0.00835972
0.00829091
0.008223
0.00815582
0.00808923
0.00806401
0.00805932
0.00807039
0.00811526
0.00821686
0.00825463
0.0106733
0.0110125
0.0111722
0.0112104
0.0111583
0.0110483
0.0109053
0.0107466
0.0105828
0.0104204
0.0102629
0.0101122
0.009969
0.0098334
0.0097052
0.00958396
0.00946921
0.00936041
0.00925705
0.00915865
0.00906474
0.00897489
0.0088887
0.0088058
0.00872584
0.00864849
0.00857344
0.00850038
0.00842902
0.00835907
0.00829027
0.00822237
0.00815519
0.00808862
0.0080634
0.00805872
0.00806981
0.00811468
0.00821629
0.00825443
0.0106731
0.0110123
0.0111719
0.01121
0.0111578
0.0110477
0.0109047
0.010746
0.0105822
0.0104197
0.0102623
0.0101116
0.00996836
0.00983278
0.00970458
0.00958336
0.00946862
0.00935984
0.0092565
0.00915811
0.00906421
0.00897437
0.00888819
0.0088053
0.00872535
0.00864801
0.00857297
0.00849991
0.00842856
0.00835862
0.00828982
0.00822193
0.00815476
0.00808819
0.00806298
0.0080583
0.00806939
0.00811427
0.00821589
0.00825422
0.010673
0.0110121
0.0111716
0.0112097
0.0111574
0.0110472
0.0109042
0.0107454
0.0105816
0.0104192
0.0102617
0.010111
0.00996784
0.00983227
0.00970409
0.00958288
0.00946815
0.00935938
0.00925605
0.00915767
0.00906378
0.00897395
0.00888778
0.0088049
0.00872496
0.00864762
0.00857258
0.00849953
0.00842818
0.00835824
0.00828945
0.00822156
0.00815439
0.00808782
0.00806261
0.00805794
0.00806903
0.00811391
0.00821553
0.00825403
0.0106729
0.0110119
0.0111714
0.0112094
0.0111571
0.0110469
0.0109039
0.0107451
0.0105812
0.0104188
0.0102613
0.0101106
0.00996744
0.00983187
0.00970369
0.00958249
0.00946776
0.00935899
0.00925567
0.0091573
0.00906342
0.00897359
0.00888743
0.00880455
0.00872461
0.00864727
0.00857224
0.00849919
0.00842784
0.0083579
0.00828911
0.00822123
0.00815406
0.0080875
0.0080623
0.00805763
0.00806873
0.00811362
0.00821524
0.00825386
0.0106728
0.0110118
0.0111712
0.0112092
0.0111568
0.0110466
0.0109035
0.0107447
0.0105808
0.0104184
0.0102609
0.0101102
0.00996704
0.00983147
0.0097033
0.0095821
0.00946739
0.00935863
0.00925531
0.00915695
0.00906308
0.00897326
0.0088871
0.00880423
0.0087243
0.00864698
0.00857194
0.0084989
0.00842756
0.00835763
0.00828885
0.00822097
0.00815381
0.00808726
0.00806207
0.00805741
0.00806852
0.00811341
0.00821505
0.00825371
0.0106727
0.0110117
0.0111711
0.011209
0.0111566
0.0110464
0.0109033
0.0107445
0.0105806
0.0104182
0.0102607
0.01011
0.00996682
0.00983125
0.00970308
0.00958188
0.00946717
0.00935841
0.0092551
0.00915674
0.00906287
0.00897306
0.0088869
0.00880403
0.0087241
0.00864677
0.00857174
0.0084987
0.00842736
0.00835743
0.00828865
0.00822078
0.00815362
0.00808707
0.00806188
0.00805722
0.00806833
0.00811323
0.00821487
0.00825358
0.0106727
0.0110116
0.0111711
0.0112089
0.0111565
0.0110462
0.0109032
0.0107443
0.0105804
0.010418
0.0102605
0.0101098
0.0099666
0.00983103
0.00970285
0.00958166
0.00946694
0.00935819
0.00925488
0.00915652
0.00906265
0.00897284
0.00888668
0.00880382
0.00872389
0.00864657
0.00857154
0.00849851
0.00842717
0.00835725
0.00828847
0.0082206
0.00815345
0.0080869
0.00806171
0.00805705
0.00806817
0.00811307
0.00821471
0.00825347
0.0106726
0.0110115
0.011171
0.0112088
0.0111564
0.0110461
0.010903
0.0107441
0.0105803
0.0104178
0.0102603
0.0101096
0.0099664
0.00983083
0.00970265
0.00958146
0.00946675
0.00935799
0.00925468
0.00915633
0.00906246
0.00897265
0.0088865
0.00880363
0.00872371
0.00864639
0.00857137
0.00849834
0.008427
0.00835708
0.00828831
0.00822045
0.0081533
0.00808675
0.00806157
0.00805691
0.00806803
0.00811293
0.00821457
0.00825337
0.0106725
0.0110115
0.0111709
0.0112088
0.0111563
0.011046
0.0109029
0.010744
0.0105802
0.0104177
0.0102602
0.0101095
0.00996626
0.00983068
0.00970251
0.00958131
0.0094666
0.00935784
0.00925453
0.00915617
0.0090623
0.00897249
0.00888634
0.00880348
0.00872356
0.00864624
0.00857122
0.0084982
0.00842687
0.00835695
0.00828818
0.00822032
0.00815317
0.00808663
0.00806145
0.0080568
0.00806792
0.00811282
0.00821447
0.0082533
0.0106725
0.0110114
0.0111708
0.0112087
0.0111562
0.0110459
0.0109028
0.0107439
0.01058
0.0104176
0.0102601
0.0101093
0.00996612
0.00983055
0.00970237
0.00958118
0.00946646
0.00935771
0.0092544
0.00915604
0.00906217
0.00897237
0.00888622
0.00880336
0.00872344
0.00864613
0.00857112
0.0084981
0.00842677
0.00835686
0.00828809
0.00822023
0.00815309
0.00808654
0.00806137
0.00805672
0.00806784
0.00811274
0.00821438
0.00825324
0.0106724
0.0110114
0.0111708
0.0112086
0.0111562
0.0110459
0.0109027
0.0107439
0.01058
0.0104175
0.01026
0.0101093
0.00996605
0.00983047
0.00970229
0.00958109
0.00946638
0.00935762
0.00925431
0.00915596
0.00906209
0.00897228
0.00888614
0.00880328
0.00872336
0.00864606
0.00857104
0.00849802
0.0084267
0.00835679
0.00828802
0.00822016
0.00815302
0.00808648
0.0080613
0.00805665
0.00806777
0.00811268
0.00821432
0.00825319
0.0106724
0.0110114
0.0111707
0.0112086
0.0111561
0.0110458
0.0109027
0.0107438
0.0105799
0.0104174
0.0102599
0.0101092
0.00996597
0.0098304
0.00970222
0.00958102
0.00946631
0.00935755
0.00925424
0.00915589
0.00906202
0.00897222
0.00888607
0.00880322
0.0087233
0.00864599
0.00857098
0.00849796
0.00842664
0.00835673
0.00828796
0.00822011
0.00815296
0.00808642
0.00806124
0.0080566
0.00806772
0.00811262
0.00821427
0.00825315
0.0106724
0.0110113
0.0111707
0.0112085
0.011156
0.0110457
0.0109026
0.0107437
0.0105798
0.0104173
0.0102598
0.0101091
0.0099659
0.00983033
0.00970216
0.00958096
0.00946625
0.00935749
0.00925419
0.00915583
0.00906197
0.00897217
0.00888603
0.00880317
0.00872326
0.00864595
0.00857094
0.00849792
0.00842659
0.00835668
0.00828792
0.00822006
0.00815291
0.00808637
0.0080612
0.00805655
0.00806767
0.00811258
0.00821422
0.00825313
0.0106723
0.0110113
0.0111706
0.0112085
0.011156
0.0110457
0.0109025
0.0107436
0.0105798
0.0104173
0.0102598
0.0101091
0.00996586
0.00983029
0.00970212
0.00958093
0.00946621
0.00935746
0.00925416
0.00915581
0.00906195
0.00897214
0.008886
0.00880315
0.00872324
0.00864593
0.00857092
0.0084979
0.00842657
0.00835666
0.00828789
0.00822003
0.00815289
0.00808635
0.00806117
0.00805652
0.00806764
0.00811255
0.0082142
0.00825312
0.0106723
0.0110113
0.0111706
0.0112085
0.011156
0.0110457
0.0109025
0.0107436
0.0105798
0.0104173
0.0102598
0.0101091
0.00996586
0.00983029
0.00970212
0.00958093
0.00946622
0.00935747
0.00925417
0.00915582
0.00906196
0.00897216
0.00888602
0.00880316
0.00872325
0.00864594
0.00857092
0.0084979
0.00842658
0.00835666
0.0082879
0.00822004
0.00815289
0.00808635
0.00806117
0.00805652
0.00806764
0.00811255
0.00821419
0.00825312
0.0106724
0.0110113
0.0111707
0.0112085
0.011156
0.0110457
0.0109026
0.0107437
0.0105798
0.0104173
0.0102598
0.0101091
0.0099659
0.00983033
0.00970216
0.00958097
0.00946626
0.00935751
0.00925421
0.00915586
0.009062
0.0089722
0.00888605
0.0088032
0.00872328
0.00864597
0.00857096
0.00849793
0.00842661
0.00835669
0.00828792
0.00822006
0.00815292
0.00808637
0.0080612
0.00805655
0.00806767
0.00811258
0.00821422
0.00825314
0.0106724
0.0110113
0.0111707
0.0112085
0.011156
0.0110457
0.0109026
0.0107437
0.0105798
0.0104174
0.0102599
0.0101091
0.00996595
0.00983038
0.00970221
0.00958102
0.00946631
0.00935756
0.00925426
0.00915591
0.00906205
0.00897225
0.0088861
0.00880325
0.00872333
0.00864601
0.008571
0.00849797
0.00842665
0.00835673
0.00828796
0.0082201
0.00815295
0.00808641
0.00806123
0.00805659
0.00806771
0.00811261
0.00821426
0.00825316
0.0106724
0.0110113
0.0111707
0.0112085
0.011156
0.0110458
0.0109026
0.0107438
0.0105799
0.0104174
0.0102599
0.0101092
0.00996601
0.00983044
0.00970227
0.00958108
0.00946637
0.00935762
0.00925432
0.00915597
0.00906211
0.00897231
0.00888616
0.0088033
0.00872338
0.00864606
0.00857105
0.00849802
0.00842669
0.00835677
0.00828801
0.00822014
0.008153
0.00808645
0.00806127
0.00805663
0.00806775
0.00811265
0.0082143
0.0082532
0.0106724
0.0110114
0.0111707
0.0112086
0.0111561
0.0110458
0.0109027
0.0107438
0.01058
0.0104175
0.01026
0.0101093
0.0099661
0.00983053
0.00970236
0.00958116
0.00946645
0.0093577
0.0092544
0.00915605
0.00906218
0.00897237
0.00888623
0.00880336
0.00872344
0.00864612
0.0085711
0.00849807
0.00842674
0.00835682
0.00828805
0.00822019
0.00815304
0.0080865
0.00806132
0.00805667
0.00806779
0.00811269
0.00821434
0.00825325
0.0106724
0.0110114
0.0111708
0.0112086
0.0111562
0.0110459
0.0109028
0.0107439
0.0105801
0.0104176
0.0102601
0.0101094
0.00996619
0.00983062
0.00970245
0.00958126
0.00946654
0.00935779
0.00925448
0.00915613
0.00906226
0.00897245
0.0088863
0.00880343
0.00872351
0.00864619
0.00857117
0.00849814
0.0084268
0.00835688
0.00828811
0.00822025
0.0081531
0.00808655
0.00806137
0.00805672
0.00806784
0.00811274
0.00821439
0.00825331
0.0106724
0.0110114
0.0111708
0.0112087
0.0111562
0.0110459
0.0109029
0.010744
0.0105802
0.0104177
0.0102602
0.0101095
0.0099663
0.00983073
0.00970256
0.00958137
0.00946666
0.0093579
0.00925459
0.00915624
0.00906237
0.00897256
0.0088864
0.00880354
0.00872361
0.00864629
0.00857127
0.00849823
0.0084269
0.00835698
0.00828821
0.00822034
0.00815319
0.00808665
0.00806146
0.00805681
0.00806793
0.00811283
0.00821447
0.00825339
0.0106725
0.0110114
0.0111708
0.0112087
0.0111563
0.0110461
0.010903
0.0107441
0.0105803
0.0104178
0.0102604
0.0101096
0.00996645
0.00983089
0.00970271
0.00958152
0.00946681
0.00935805
0.00925474
0.00915638
0.00906251
0.0089727
0.00888654
0.00880368
0.00872375
0.00864642
0.0085714
0.00849837
0.00842704
0.00835711
0.00828834
0.00822048
0.00815332
0.00808678
0.00806159
0.00805694
0.00806806
0.00811296
0.0082146
0.00825349
0.0106725
0.0110115
0.011171
0.0112089
0.0111565
0.0110462
0.0109032
0.0107443
0.0105805
0.010418
0.0102606
0.0101099
0.00996666
0.0098311
0.00970292
0.00958173
0.00946701
0.00935825
0.00925494
0.00915657
0.0090627
0.00897288
0.00888672
0.00880385
0.00872392
0.0086466
0.00857157
0.00849854
0.0084272
0.00835728
0.0082885
0.00822064
0.00815348
0.00808693
0.00806175
0.00805709
0.00806821
0.00811311
0.00821475
0.0082536
0.0106726
0.0110116
0.0111711
0.011209
0.0111566
0.0110464
0.0109034
0.0107446
0.0105807
0.0104183
0.0102608
0.0101101
0.00996692
0.00983135
0.00970318
0.00958198
0.00946726
0.0093585
0.00925518
0.00915681
0.00906293
0.00897311
0.00888695
0.00880408
0.00872414
0.00864682
0.00857179
0.00849875
0.00842741
0.00835748
0.00828871
0.00822083
0.00815368
0.00808713
0.00806194
0.00805728
0.00806839
0.00811329
0.00821493
0.00825373
0.0106727
0.0110117
0.0111712
0.0112092
0.0111569
0.0110467
0.0109037
0.0107449
0.010581
0.0104186
0.0102611
0.0101104
0.00996724
0.00983166
0.00970348
0.00958228
0.00946755
0.00935879
0.00925546
0.00915709
0.00906321
0.00897338
0.00888722
0.00880434
0.0087244
0.00864708
0.00857204
0.008499
0.00842766
0.00835773
0.00828895
0.00822108
0.00815392
0.00808736
0.00806217
0.00805751
0.00806862
0.00811352
0.00821516
0.00825388
0.0106727
0.0110118
0.0111714
0.0112094
0.0111571
0.011047
0.010904
0.0107452
0.0105814
0.010419
0.0102615
0.0101108
0.00996762
0.00983205
0.00970387
0.00958266
0.00946793
0.00935916
0.00925583
0.00915745
0.00906356
0.00897373
0.00888756
0.00880468
0.00872474
0.0086474
0.00857237
0.00849932
0.00842798
0.00835804
0.00828925
0.00822138
0.00815421
0.00808765
0.00806245
0.00805779
0.0080689
0.00811379
0.00821541
0.00825405
0.0106728
0.011012
0.0111716
0.0112097
0.0111575
0.0110474
0.0109044
0.0107457
0.0105819
0.0104195
0.010262
0.0101113
0.00996811
0.00983253
0.00970434
0.00958313
0.00946839
0.00935962
0.00925628
0.0091579
0.009064
0.00897417
0.00888799
0.0088051
0.00872516
0.00864782
0.00857277
0.00849973
0.00842837
0.00835844
0.00828965
0.00822177
0.0081546
0.00808804
0.00806283
0.00805817
0.00806927
0.00811416
0.0082158
0.00825424
0.010673
0.0110122
0.0111719
0.0112101
0.0111579
0.0110479
0.010905
0.0107463
0.0105825
0.0104201
0.0102626
0.0101119
0.00996871
0.00983313
0.00970494
0.00958371
0.00946897
0.00936018
0.00925683
0.00915844
0.00906454
0.00897469
0.00888851
0.00880561
0.00872566
0.00864831
0.00857326
0.0085002
0.00842884
0.0083589
0.0082901
0.00822221
0.00815504
0.00808847
0.00806326
0.00805859
0.00806969
0.00811457
0.0082162
0.00825444
0.0106732
0.0110125
0.0111723
0.0112106
0.0111585
0.0110486
0.0109057
0.010747
0.0105832
0.0104208
0.0102634
0.0101127
0.00996947
0.00983388
0.00970567
0.00958443
0.00946968
0.00936088
0.00925752
0.00915911
0.0090652
0.00897534
0.00888915
0.00880625
0.00872628
0.00864892
0.00857386
0.0085008
0.00842943
0.00835948
0.00829067
0.00822277
0.00815559
0.00808902
0.0080638
0.00805912
0.00807022
0.0081151
0.00821672
0.00825465
0.0106735
0.0110129
0.0111728
0.0112113
0.0111593
0.0110495
0.0109067
0.010748
0.0105843
0.0104219
0.0102644
0.0101137
0.00997049
0.00983488
0.00970666
0.00958541
0.00947063
0.00936181
0.00925844
0.00916002
0.00906609
0.00897622
0.00889001
0.00880709
0.00872711
0.00864974
0.00857467
0.00850159
0.00843021
0.00836024
0.00829142
0.00822352
0.00815632
0.00808974
0.00806451
0.00805982
0.0080709
0.00811577
0.00821737
0.00825486
0.0106738
0.0110133
0.0111735
0.0112121
0.0111603
0.0110506
0.0109079
0.0107493
0.0105856
0.0104232
0.0102657
0.010115
0.00997174
0.00983611
0.00970786
0.00958659
0.00947179
0.00936296
0.00925956
0.00916112
0.00906718
0.00897729
0.00889106
0.00880813
0.00872813
0.00865075
0.00857566
0.00850257
0.00843117
0.00836119
0.00829236
0.00822444
0.00815724
0.00809064
0.0080654
0.00806069
0.00807176
0.00811661
0.00821821
0.00825505
0.0106736
0.0110133
0.0111736
0.0112124
0.0111607
0.0110511
0.0109085
0.0107499
0.0105862
0.0104238
0.0102664
0.0101156
0.0099724
0.00983676
0.0097085
0.00958722
0.00947241
0.00936356
0.00926016
0.00916171
0.00906776
0.00897786
0.00889163
0.00880869
0.00872869
0.00865131
0.00857622
0.00850312
0.00843172
0.00836174
0.00829291
0.00822499
0.00815778
0.00809118
0.00806593
0.00806123
0.0080723
0.00811715
0.00821875
0.00825524
0.0106695
0.0110086
0.0111683
0.0112066
0.0111545
0.0110446
0.0109017
0.010743
0.0105792
0.0104168
0.0102594
0.0101087
0.0099655
0.00982994
0.00970179
0.00958061
0.00946592
0.00935719
0.00925391
0.00915558
0.00906175
0.00897198
0.00888587
0.00880304
0.00872316
0.00864588
0.0085709
0.00849791
0.00842662
0.00835674
0.008288
0.00822018
0.00815306
0.00808655
0.00806139
0.00805678
0.00806793
0.00811285
0.00821451
0.00825561
0.0106513
0.0109883
0.0111436
0.0111763
0.0111187
0.0110039
0.0108572
0.0106956
0.0105298
0.010366
0.0102077
0.0100565
0.00991321
0.00977773
0.0096498
0.00952897
0.00941471
0.00930647
0.00920373
0.00910596
0.0090127
0.00892351
0.00883798
0.00875573
0.00867642
0.0085997
0.00852527
0.00845281
0.00838203
0.00831265
0.00824439
0.00817702
0.00811034
0.00804424
0.00802095
0.008017
0.00802854
0.00807402
0.00817615
0.00821932
0.0102436
0.0107506
0.0110826
0.0112773
0.0113509
0.0113354
0.0112608
0.0111503
0.0110199
0.0108801
0.0107377
0.0105965
0.0104588
0.0103259
0.0101983
0.0100761
0.00995927
0.00984754
0.00974063
0.00963817
0.00953984
0.00944526
0.00935411
0.00926605
0.00918074
0.00909787
0.00901711
0.00893813
0.00886061
0.00878419
0.00870854
0.00863332
0.00855824
0.0084831
0.0084512
0.0084376
0.0084388
0.00847361
0.00856482
0.00782355
0.0102553
0.0107616
0.0110964
0.0112962
0.0113762
0.0113671
0.0112983
0.0111927
0.0110661
0.0109293
0.010789
0.0106493
0.0105126
0.0103803
0.010253
0.0101309
0.010014
0.00990198
0.00979471
0.00969182
0.00959299
0.00949788
0.00940617
0.00931752
0.00923162
0.00914814
0.00906678
0.00898722
0.00890911
0.00883213
0.00875592
0.00868017
0.00860457
0.00852893
0.00849596
0.00848145
0.00848188
0.00851595
0.00860661
0.00785812
0.010259
0.0107659
0.0111012
0.0113015
0.0113819
0.0113732
0.0113048
0.0111992
0.0110728
0.010936
0.0107957
0.0106559
0.0105191
0.0103867
0.0102592
0.010137
0.0100199
0.00990772
0.00980028
0.00969722
0.00959822
0.00950294
0.00941106
0.00932224
0.00923618
0.00915255
0.00907103
0.00899132
0.00891307
0.00883594
0.0087596
0.00868371
0.00860799
0.00853223
0.00849915
0.00848453
0.00848486
0.00851885
0.00860943
0.00785781
0.0102591
0.0107659
0.0111011
0.0113012
0.0113814
0.0113725
0.0113038
0.0111982
0.0110716
0.0109348
0.0107944
0.0106546
0.0105178
0.0103854
0.010258
0.0101357
0.0100186
0.0099065
0.00979907
0.00969604
0.00959706
0.00950181
0.00940995
0.00932116
0.00923513
0.00915152
0.00907004
0.00899035
0.00891213
0.00883503
0.00875872
0.00868286
0.00860717
0.00853144
0.00849838
0.00848379
0.00848414
0.00851815
0.00860875
0.00785758
0.010259
0.0107658
0.0111008
0.0113007
0.0113807
0.0113716
0.0113028
0.0111971
0.0110705
0.0109336
0.0107932
0.0106534
0.0105166
0.0103842
0.0102568
0.0101346
0.0100175
0.00990539
0.00979798
0.00969497
0.00959601
0.00950077
0.00940893
0.00932016
0.00923414
0.00915055
0.00906908
0.0089894
0.00891119
0.00883411
0.00875781
0.00868196
0.00860627
0.00853056
0.00849751
0.00848292
0.00848328
0.00851731
0.00860792
0.00785733
0.0102589
0.0107656
0.0111006
0.0113003
0.0113801
0.0113709
0.011302
0.0111962
0.0110695
0.0109326
0.0107921
0.0106523
0.0105156
0.0103832
0.0102557
0.0101335
0.0100165
0.00990436
0.00979697
0.00969396
0.00959502
0.00949979
0.00940796
0.0093192
0.00923319
0.00914962
0.00906816
0.0089885
0.0089103
0.00883323
0.00875694
0.00868111
0.00860543
0.00852973
0.00849669
0.00848212
0.00848248
0.00851651
0.00860714
0.00785708
0.0102589
0.0107656
0.0111004
0.0113
0.0113797
0.0113704
0.0113013
0.0111954
0.0110687
0.0109317
0.0107913
0.0106515
0.0105147
0.0103823
0.0102549
0.0101326
0.0100156
0.0099035
0.00979611
0.00969312
0.00959418
0.00949897
0.00940715
0.00931841
0.00923241
0.00914885
0.0090674
0.00898776
0.00890958
0.00883252
0.00875624
0.00868042
0.00860476
0.00852906
0.00849604
0.00848148
0.00848186
0.0085159
0.00860653
0.00785684
0.0102588
0.0107655
0.0111003
0.0112998
0.0113793
0.0113699
0.0113008
0.0111949
0.0110681
0.0109311
0.0107906
0.0106508
0.010514
0.0103816
0.0102542
0.010132
0.0100149
0.00990284
0.00979546
0.00969248
0.00959356
0.00949836
0.00940656
0.00931783
0.00923185
0.0091483
0.00906687
0.00898723
0.00890906
0.00883202
0.00875575
0.00867994
0.00860429
0.00852861
0.0084956
0.00848104
0.00848143
0.00851548
0.00860612
0.00785662
0.0102588
0.0107654
0.0111001
0.0112996
0.011379
0.0113695
0.0113004
0.0111944
0.0110675
0.0109305
0.0107901
0.0106502
0.0105134
0.010381
0.0102536
0.0101314
0.0100144
0.00990233
0.00979497
0.009692
0.00959309
0.00949791
0.00940612
0.0093174
0.00923143
0.00914789
0.00906647
0.00898685
0.00890869
0.00883165
0.00875539
0.00867958
0.00860393
0.00852825
0.00849524
0.00848068
0.00848106
0.00851511
0.00860574
0.00785643
0.0102588
0.0107654
0.0111
0.0112994
0.0113789
0.0113693
0.0113001
0.0111941
0.0110672
0.0109302
0.0107897
0.0106498
0.0105131
0.0103806
0.0102532
0.010131
0.010014
0.00990194
0.00979459
0.00969163
0.00959272
0.00949755
0.00940576
0.00931705
0.00923108
0.00914755
0.00906613
0.00898651
0.00890835
0.00883131
0.00875505
0.00867924
0.00860359
0.00852791
0.0084949
0.00848034
0.00848072
0.00851477
0.0086054
0.00785627
0.0102587
0.0107653
0.0110999
0.0112993
0.0113787
0.0113691
0.0112998
0.0111937
0.0110669
0.0109298
0.0107893
0.0106494
0.0105127
0.0103802
0.0102528
0.0101306
0.0100136
0.00990156
0.00979421
0.00969126
0.00959237
0.0094972
0.00940542
0.00931672
0.00923076
0.00914723
0.00906582
0.0089862
0.00890805
0.00883102
0.00875477
0.00867896
0.00860332
0.00852764
0.00849464
0.00848009
0.00848047
0.00851452
0.00860515
0.00785612
0.0102587
0.0107653
0.0110999
0.0112992
0.0113785
0.0113689
0.0112996
0.0111936
0.0110667
0.0109296
0.0107891
0.0106492
0.0105124
0.01038
0.0102526
0.0101304
0.0100134
0.00990135
0.009794
0.00969105
0.00959216
0.009497
0.00940522
0.00931652
0.00923056
0.00914703
0.00906562
0.00898601
0.00890785
0.00883082
0.00875457
0.00867877
0.00860313
0.00852745
0.00849445
0.0084799
0.00848029
0.00851434
0.00860498
0.00785599
0.0102587
0.0107653
0.0110999
0.0112992
0.0113785
0.0113688
0.0112995
0.0111934
0.0110665
0.0109295
0.0107889
0.0106491
0.0105123
0.0103798
0.0102524
0.0101302
0.0100132
0.00990116
0.00979382
0.00969087
0.00959197
0.00949681
0.00940504
0.00931633
0.00923038
0.00914685
0.00906544
0.00898583
0.00890768
0.00883065
0.0087544
0.0086786
0.00860296
0.00852729
0.00849429
0.00847975
0.00848014
0.00851419
0.00860483
0.00785588
0.0102586
0.0107652
0.0110998
0.0112991
0.0113784
0.0113687
0.0112994
0.0111933
0.0110664
0.0109293
0.0107888
0.0106489
0.0105121
0.0103797
0.0102523
0.0101301
0.010013
0.00990099
0.00979365
0.0096907
0.00959181
0.00949665
0.00940488
0.00931617
0.00923022
0.00914669
0.00906528
0.00898567
0.00890752
0.00883049
0.00875425
0.00867845
0.00860282
0.00852714
0.00849415
0.00847961
0.00848
0.00851405
0.0086047
0.00785579
0.0102586
0.0107652
0.0110997
0.011299
0.0113783
0.0113687
0.0112994
0.0111932
0.0110663
0.0109292
0.0107887
0.0106488
0.010512
0.0103796
0.0102521
0.0101299
0.0100129
0.00990087
0.00979352
0.00969057
0.00959168
0.00949651
0.00940474
0.00931603
0.00923008
0.00914655
0.00906515
0.00898553
0.00890739
0.00883036
0.00875412
0.00867833
0.00860269
0.00852702
0.00849403
0.00847949
0.00847989
0.00851394
0.00860459
0.00785572
0.0102585
0.0107651
0.0110997
0.011299
0.0113783
0.0113686
0.0112993
0.0111931
0.0110662
0.0109291
0.0107886
0.0106487
0.0105119
0.0103795
0.010252
0.0101298
0.0100128
0.00990075
0.00979341
0.00969045
0.00959156
0.00949639
0.00940462
0.00931592
0.00922996
0.00914644
0.00906504
0.00898543
0.00890729
0.00883027
0.00875402
0.00867823
0.0086026
0.00852694
0.00849395
0.00847941
0.0084798
0.00851386
0.00860451
0.00785566
0.0102585
0.0107651
0.0110997
0.0112989
0.0113782
0.0113686
0.0112992
0.0111931
0.0110662
0.0109291
0.0107885
0.0106486
0.0105118
0.0103794
0.010252
0.0101298
0.0100127
0.00990067
0.00979332
0.00969037
0.00959148
0.00949631
0.00940454
0.00931583
0.00922988
0.00914636
0.00906496
0.00898535
0.00890721
0.00883019
0.00875395
0.00867816
0.00860253
0.00852686
0.00849388
0.00847934
0.00847974
0.0085138
0.00860444
0.00785561
0.0102585
0.0107651
0.0110996
0.0112989
0.0113782
0.0113685
0.0112992
0.011193
0.0110661
0.010929
0.0107884
0.0106485
0.0105117
0.0103793
0.0102519
0.0101297
0.0100126
0.00990059
0.00979324
0.00969029
0.0095914
0.00949623
0.00940446
0.00931576
0.00922981
0.00914629
0.00906489
0.00898528
0.00890714
0.00883012
0.00875388
0.0086781
0.00860247
0.0085268
0.00849381
0.00847928
0.00847967
0.00851373
0.00860438
0.00785557
0.0102585
0.010765
0.0110996
0.0112988
0.0113781
0.0113684
0.0112991
0.0111929
0.011066
0.0109289
0.0107883
0.0106485
0.0105117
0.0103792
0.0102518
0.0101296
0.0100126
0.00990052
0.00979317
0.00969022
0.00959133
0.00949617
0.0094044
0.0093157
0.00922975
0.00914623
0.00906484
0.00898523
0.00890709
0.00883007
0.00875383
0.00867805
0.00860242
0.00852675
0.00849376
0.00847923
0.00847962
0.00851368
0.00860433
0.00785555
0.0102584
0.010765
0.0110995
0.0112988
0.0113781
0.0113684
0.011299
0.0111929
0.0110659
0.0109288
0.0107883
0.0106484
0.0105116
0.0103792
0.0102518
0.0101296
0.0100125
0.00990048
0.00979313
0.00969018
0.0095913
0.00949614
0.00940437
0.00931567
0.00922973
0.00914621
0.00906481
0.00898521
0.00890707
0.00883005
0.00875381
0.00867802
0.00860239
0.00852673
0.00849374
0.0084792
0.0084796
0.00851366
0.00860431
0.00785554
0.0102584
0.010765
0.0110996
0.0112988
0.0113781
0.0113684
0.011299
0.0111929
0.0110659
0.0109288
0.0107883
0.0106484
0.0105116
0.0103792
0.0102518
0.0101296
0.0100125
0.00990048
0.00979314
0.00969019
0.0095913
0.00949614
0.00940438
0.00931569
0.00922974
0.00914622
0.00906482
0.00898522
0.00890708
0.00883006
0.00875382
0.00867803
0.0086024
0.00852673
0.00849374
0.00847921
0.0084796
0.00851366
0.00860431
0.00785554
0.0102585
0.010765
0.0110996
0.0112988
0.0113781
0.0113684
0.0112991
0.0111929
0.011066
0.0109289
0.0107883
0.0106484
0.0105116
0.0103792
0.0102518
0.0101296
0.0100126
0.00990051
0.00979317
0.00969023
0.00959134
0.00949618
0.00940442
0.00931572
0.00922978
0.00914626
0.00906486
0.00898525
0.00890711
0.00883009
0.00875385
0.00867806
0.00860243
0.00852676
0.00849377
0.00847923
0.00847963
0.00851369
0.00860434
0.00785556
0.0102585
0.010765
0.0110996
0.0112988
0.0113781
0.0113684
0.0112991
0.0111929
0.011066
0.0109289
0.0107884
0.0106485
0.0105117
0.0103792
0.0102518
0.0101296
0.0100126
0.00990056
0.00979322
0.00969028
0.00959139
0.00949623
0.00940447
0.00931577
0.00922982
0.00914631
0.0090649
0.0089853
0.00890715
0.00883013
0.00875389
0.0086781
0.00860246
0.0085268
0.00849381
0.00847927
0.00847967
0.00851372
0.00860437
0.00785558
0.0102585
0.010765
0.0110996
0.0112988
0.0113781
0.0113684
0.0112991
0.011193
0.011066
0.0109289
0.0107884
0.0106485
0.0105117
0.0103793
0.0102519
0.0101297
0.0100127
0.00990062
0.00979329
0.00969034
0.00959146
0.0094963
0.00940453
0.00931583
0.00922988
0.00914636
0.00906495
0.00898534
0.0089072
0.00883017
0.00875393
0.00867814
0.0086025
0.00852683
0.00849384
0.0084793
0.0084797
0.00851376
0.0086044
0.00785561
0.0102585
0.0107651
0.0110996
0.0112989
0.0113782
0.0113685
0.0112992
0.011193
0.0110661
0.010929
0.0107885
0.0106486
0.0105118
0.0103794
0.010252
0.0101298
0.0100128
0.0099007
0.00979337
0.00969042
0.00959153
0.00949637
0.0094046
0.0093159
0.00922994
0.00914642
0.00906501
0.0089854
0.00890725
0.00883022
0.00875398
0.00867818
0.00860255
0.00852687
0.00849388
0.00847934
0.00847973
0.00851379
0.00860444
0.00785566
0.0102585
0.0107651
0.0110996
0.0112989
0.0113782
0.0113685
0.0112992
0.0111931
0.0110662
0.0109291
0.0107886
0.0106487
0.0105119
0.0103795
0.0102521
0.0101299
0.0100128
0.0099008
0.00979346
0.00969051
0.00959162
0.00949646
0.00940468
0.00931598
0.00923002
0.0091465
0.00906509
0.00898547
0.00890732
0.00883029
0.00875404
0.00867825
0.00860261
0.00852694
0.00849394
0.0084794
0.0084798
0.00851385
0.0086045
0.00785572
0.0102585
0.0107651
0.0110996
0.0112989
0.0113782
0.0113685
0.0112993
0.0111931
0.0110663
0.0109292
0.0107887
0.0106488
0.010512
0.0103796
0.0102522
0.01013
0.010013
0.00990092
0.00979358
0.00969063
0.00959174
0.00949657
0.0094048
0.00931609
0.00923013
0.0091466
0.00906519
0.00898558
0.00890742
0.0088304
0.00875415
0.00867835
0.00860272
0.00852704
0.00849404
0.0084795
0.0084799
0.00851395
0.0086046
0.0078558
0.0102585
0.0107651
0.0110996
0.0112989
0.0113783
0.0113686
0.0112993
0.0111933
0.0110664
0.0109293
0.0107888
0.0106489
0.0105121
0.0103797
0.0102523
0.0101301
0.0100131
0.00990107
0.00979373
0.00969077
0.00959188
0.00949671
0.00940493
0.00931623
0.00923026
0.00914674
0.00906532
0.00898571
0.00890755
0.00883052
0.00875427
0.00867848
0.00860284
0.00852716
0.00849416
0.00847962
0.00848002
0.00851407
0.00860471
0.00785589
0.0102585
0.0107651
0.0110997
0.011299
0.0113784
0.0113688
0.0112995
0.0111934
0.0110665
0.0109295
0.010789
0.0106491
0.0105124
0.0103799
0.0102525
0.0101303
0.0100133
0.00990127
0.00979393
0.00969097
0.00959208
0.0094969
0.00940512
0.00931641
0.00923045
0.00914692
0.0090655
0.00898588
0.00890772
0.00883069
0.00875444
0.00867864
0.008603
0.00852733
0.00849432
0.00847978
0.00848017
0.00851422
0.00860486
0.00785601
0.0102586
0.0107651
0.0110998
0.0112991
0.0113785
0.0113689
0.0112997
0.0111936
0.0110668
0.0109297
0.0107892
0.0106494
0.0105126
0.0103802
0.0102528
0.0101306
0.0100136
0.00990152
0.00979417
0.00969121
0.00959231
0.00949714
0.00940535
0.00931664
0.00923067
0.00914714
0.00906572
0.00898609
0.00890793
0.0088309
0.00875465
0.00867884
0.0086032
0.00852752
0.00849452
0.00847997
0.00848036
0.00851441
0.00860505
0.00785614
0.0102586
0.0107652
0.0110998
0.0112992
0.0113786
0.0113691
0.0112999
0.0111939
0.0110671
0.01093
0.0107895
0.0106497
0.0105129
0.0103805
0.0102531
0.0101309
0.0100139
0.00990182
0.00979447
0.00969151
0.0095926
0.00949742
0.00940563
0.00931691
0.00923094
0.0091474
0.00906598
0.00898635
0.00890819
0.00883115
0.0087549
0.00867909
0.00860345
0.00852776
0.00849475
0.0084802
0.00848059
0.00851463
0.00860527
0.0078563
0.0102586
0.0107652
0.0110999
0.0112993
0.0113788
0.0113693
0.0113002
0.0111942
0.0110674
0.0109304
0.0107899
0.0106501
0.0105133
0.0103809
0.0102535
0.0101313
0.0100143
0.0099022
0.00979485
0.00969188
0.00959297
0.00949778
0.00940599
0.00931727
0.00923129
0.00914775
0.00906632
0.00898669
0.00890853
0.00883148
0.00875522
0.00867941
0.00860377
0.00852808
0.00849507
0.00848051
0.0084809
0.00851494
0.00860558
0.00785647
0.0102586
0.0107652
0.0111
0.0112995
0.011379
0.0113696
0.0113005
0.0111946
0.0110678
0.0109308
0.0107903
0.0106505
0.0105138
0.0103813
0.0102539
0.0101317
0.0100147
0.00990264
0.00979528
0.00969231
0.00959339
0.0094982
0.0094064
0.00931767
0.00923169
0.00914814
0.00906671
0.00898707
0.0089089
0.00883185
0.00875558
0.00867977
0.00860412
0.00852843
0.0084954
0.00848084
0.00848122
0.00851527
0.0086059
0.00785667
0.0102586
0.0107653
0.0111001
0.0112997
0.0113793
0.01137
0.011301
0.0111951
0.0110683
0.0109314
0.0107909
0.0106511
0.0105144
0.010382
0.0102546
0.0101324
0.0100153
0.00990326
0.00979589
0.0096929
0.00959398
0.00949878
0.00940697
0.00931823
0.00923224
0.00914868
0.00906724
0.0089876
0.00890942
0.00883236
0.00875608
0.00868026
0.0086046
0.0085289
0.00849586
0.0084813
0.00848167
0.0085157
0.00860632
0.0078569
0.0102587
0.0107654
0.0111003
0.0113
0.0113797
0.0113705
0.0113016
0.0111957
0.0110691
0.0109321
0.0107917
0.0106519
0.0105151
0.0103827
0.0102553
0.0101331
0.0100161
0.00990397
0.00979659
0.00969359
0.00959466
0.00949944
0.00940763
0.00931888
0.00923287
0.00914931
0.00906786
0.0089882
0.00891001
0.00883295
0.00875667
0.00868084
0.00860517
0.00852946
0.00849642
0.00848184
0.00848221
0.00851624
0.00860685
0.00785714
0.0102588
0.0107655
0.0111005
0.0113004
0.0113803
0.0113712
0.0113024
0.0111967
0.01107
0.0109332
0.0107928
0.010653
0.0105162
0.0103838
0.0102564
0.0101342
0.0100171
0.00990499
0.00979759
0.00969458
0.00959563
0.0095004
0.00940856
0.0093198
0.00923378
0.0091502
0.00906874
0.00898907
0.00891087
0.00883379
0.0087575
0.00868166
0.00860597
0.00853026
0.0084972
0.00848262
0.00848297
0.00851699
0.0086076
0.00785739
0.0102589
0.0107657
0.0111009
0.0113009
0.011381
0.0113722
0.0113035
0.0111978
0.0110713
0.0109345
0.0107941
0.0106543
0.0105176
0.0103851
0.0102577
0.0101355
0.0100184
0.00990627
0.00979885
0.00969583
0.00959685
0.00950161
0.00940975
0.00932097
0.00923494
0.00915134
0.00906986
0.00899018
0.00891196
0.00883486
0.00875855
0.00868269
0.008607
0.00853127
0.0084982
0.0084836
0.00848395
0.00851795
0.00860855
0.00785764
0.0102586
0.0107654
0.0111007
0.0113009
0.0113813
0.0113726
0.0113041
0.0111986
0.0110721
0.0109353
0.010795
0.0106552
0.0105185
0.0103861
0.0102586
0.0101364
0.0100193
0.00990717
0.00979974
0.0096967
0.00959772
0.00950246
0.00941059
0.0093218
0.00923576
0.00915215
0.00907066
0.00899097
0.00891274
0.00883564
0.00875932
0.00868345
0.00860775
0.00853201
0.00849894
0.00848433
0.00848467
0.00851867
0.00860926
0.00785787
0.0102555
0.0107619
0.0110967
0.0112965
0.0113764
0.0113673
0.0112985
0.0111928
0.0110662
0.0109293
0.010789
0.0106492
0.0105125
0.0103801
0.0102528
0.0101306
0.0100136
0.00990161
0.00979429
0.00969136
0.0095925
0.00949735
0.00940561
0.00931693
0.009231
0.0091475
0.00906612
0.00898653
0.00890841
0.00883141
0.00875519
0.00867942
0.0086038
0.00852814
0.00849515
0.00848064
0.00848105
0.00851512
0.00860577
0.00785822
0.0102438
0.0107506
0.0110826
0.0112773
0.0113508
0.0113354
0.0112608
0.0111503
0.01102
0.0108803
0.0107379
0.0105967
0.0104591
0.0103262
0.0101986
0.0100764
0.00995961
0.0098479
0.009741
0.00963856
0.00954023
0.00944567
0.00935453
0.00926647
0.00918117
0.00909831
0.00901756
0.00893859
0.00886108
0.00878467
0.00870902
0.0086338
0.00855871
0.00848357
0.00845259
0.00843878
0.00843965
0.00847436
0.00856555
0.00782358
0.00970578
0.0102942
0.0107602
0.0111182
0.0113512
0.0114755
0.0115163
0.0114979
0.0114396
0.0113555
0.0112557
0.011147
0.0110338
0.0109192
0.010805
0.0106925
0.0105823
0.0104748
0.0103703
0.0102687
0.01017
0.0100741
0.00998075
0.0098898
0.00980102
0.00971415
0.00962892
0.009545
0.00946205
0.00937966
0.0092974
0.00921479
0.00913137
0.00904678
0.00900637
0.00898131
0.00896964
0.00899084
0.00906783
0.00756577
0.00971227
0.0102975
0.0107631
0.0111237
0.011362
0.0114929
0.0115408
0.0115289
0.0114763
0.0113971
0.0113012
0.0111955
0.0110846
0.0109717
0.0108588
0.0107471
0.0106374
0.0105302
0.0104257
0.010324
0.010225
0.0101287
0.0100349
0.00994348
0.00985413
0.00976667
0.00968082
0.00959627
0.00951268
0.00942966
0.00934678
0.00926356
0.00917956
0.00909441
0.00905283
0.00902682
0.00901433
0.00903476
0.00911115
0.0075993
0.00971523
0.0103009
0.0107669
0.0111279
0.0113665
0.0114978
0.011546
0.0115344
0.0114819
0.0114028
0.0113069
0.0112012
0.0110903
0.0109774
0.0108643
0.0107525
0.0106427
0.0105353
0.0104306
0.0103288
0.0102296
0.0101332
0.0100392
0.00994757
0.00985807
0.00977044
0.00968442
0.00959972
0.00951597
0.0094328
0.00934977
0.0092664
0.00918226
0.00909697
0.00905525
0.00902912
0.00901651
0.00903685
0.00911315
0.00759898
0.00971537
0.0103012
0.0107671
0.011128
0.0113664
0.0114974
0.0115453
0.0115334
0.0114808
0.0114015
0.0113055
0.0111997
0.0110888
0.0109757
0.0108627
0.0107508
0.010641
0.0105336
0.010429
0.0103271
0.010228
0.0101316
0.0100376
0.00994601
0.00985653
0.00976893
0.00968294
0.00959827
0.00951456
0.00943142
0.00934842
0.0092651
0.00918099
0.00909574
0.00905405
0.00902796
0.00901537
0.00903573
0.00911206
0.00759868
0.00971542
0.0103013
0.0107672
0.0111279
0.0113661
0.0114969
0.0115446
0.0115326
0.0114798
0.0114004
0.0113043
0.0111985
0.0110875
0.0109745
0.0108614
0.0107496
0.0106398
0.0105324
0.0104278
0.0103259
0.0102268
0.0101304
0.0100365
0.00994491
0.00985545
0.00976787
0.0096819
0.00959725
0.00951356
0.00943044
0.00934746
0.00926415
0.00918006
0.00909482
0.00905315
0.00902706
0.0090145
0.00903487
0.00911122
0.00759838
0.00971536
0.0103013
0.0107672
0.0111278
0.0113659
0.0114965
0.0115441
0.0115319
0.011479
0.0113995
0.0113034
0.0111975
0.0110865
0.0109734
0.0108604
0.0107485
0.0106387
0.0105314
0.0104267
0.0103249
0.0102258
0.0101294
0.0100355
0.00994391
0.00985446
0.00976689
0.00968094
0.00959629
0.00951261
0.00942951
0.00934654
0.00926323
0.00917915
0.00909392
0.00905226
0.00902618
0.00901361
0.00903399
0.00911034
0.00759807
0.00971543
0.0103014
0.0107673
0.0111278
0.0113657
0.0114962
0.0115436
0.0115314
0.0114784
0.0113989
0.0113027
0.0111967
0.0110857
0.0109726
0.0108595
0.0107477
0.0106378
0.0105305
0.0104259
0.010324
0.010225
0.0101285
0.0100347
0.00994309
0.00985365
0.0097661
0.00968016
0.00959553
0.00951186
0.00942876
0.00934581
0.00926252
0.00917844
0.00909322
0.00905157
0.0090255
0.00901294
0.00903333
0.00910969
0.00759779
0.00971543
0.0103014
0.0107673
0.0111278
0.0113656
0.011496
0.0115433
0.011531
0.0114779
0.0113983
0.0113021
0.0111961
0.011085
0.0109719
0.0108588
0.010747
0.0106371
0.0105298
0.0104252
0.0103233
0.0102243
0.0101279
0.010034
0.00994244
0.00985301
0.00976547
0.00967955
0.00959494
0.00951129
0.00942821
0.00934527
0.009262
0.00917794
0.00909274
0.00905111
0.00902506
0.00901253
0.00903293
0.00910931
0.00759753
0.00971551
0.0103015
0.0107673
0.0111278
0.0113655
0.0114958
0.011543
0.0115306
0.0114775
0.0113978
0.0113015
0.0111955
0.0110845
0.0109713
0.0108582
0.0107464
0.0106365
0.0105292
0.0104246
0.0103228
0.0102237
0.0101273
0.0100335
0.00994195
0.00985254
0.00976502
0.00967911
0.00959452
0.00951088
0.00942782
0.0093449
0.00926164
0.0091776
0.00909241
0.00905079
0.00902475
0.00901223
0.00903265
0.00910904
0.00759731
0.00971547
0.0103015
0.0107673
0.0111277
0.0113654
0.0114957
0.0115429
0.0115304
0.0114772
0.0113975
0.0113012
0.0111952
0.0110841
0.010971
0.0108579
0.010746
0.0106362
0.0105288
0.0104242
0.0103224
0.0102234
0.010127
0.0100331
0.0099416
0.0098522
0.00976469
0.00967878
0.00959419
0.00951056
0.0094275
0.00934458
0.00926133
0.00917729
0.0090921
0.00905049
0.00902446
0.00901194
0.00903236
0.00910875
0.00759712
0.00971551
0.0103015
0.0107673
0.0111277
0.0113653
0.0114956
0.0115427
0.0115302
0.011477
0.0113973
0.0113009
0.0111949
0.0110838
0.0109706
0.0108575
0.0107456
0.0106358
0.0105285
0.0104239
0.0103221
0.010223
0.0101267
0.0100328
0.00994128
0.00985189
0.00976438
0.00967849
0.0095939
0.00951028
0.00942723
0.00934431
0.00926106
0.00917703
0.00909184
0.00905024
0.0090242
0.00901169
0.00903211
0.0091085
0.00759697
0.00971546
0.0103015
0.0107673
0.0111277
0.0113653
0.0114955
0.0115426
0.0115301
0.0114769
0.0113971
0.0113008
0.0111947
0.0110836
0.0109704
0.0108573
0.0107454
0.0106356
0.0105283
0.0104237
0.0103219
0.0102228
0.0101265
0.0100326
0.00994109
0.00985169
0.00976419
0.00967829
0.00959371
0.00951008
0.00942703
0.00934411
0.00926087
0.00917683
0.00909165
0.00905005
0.00902402
0.00901151
0.00903194
0.00910833
0.00759684
0.00971547
0.0103015
0.0107673
0.0111277
0.0113653
0.0114955
0.0115425
0.01153
0.0114768
0.011397
0.0113006
0.0111946
0.0110834
0.0109703
0.0108572
0.0107453
0.0106355
0.0105281
0.0104235
0.0103217
0.0102227
0.0101263
0.0100324
0.00994092
0.00985153
0.00976402
0.00967813
0.00959354
0.00950992
0.00942687
0.00934396
0.00926071
0.00917668
0.0090915
0.0090499
0.00902387
0.00901136
0.00903179
0.00910819
0.00759674
0.00971541
0.0103014
0.0107673
0.0111276
0.0113652
0.0114954
0.0115425
0.0115299
0.0114767
0.0113969
0.0113005
0.0111945
0.0110833
0.0109702
0.010857
0.0107452
0.0106353
0.010528
0.0104234
0.0103216
0.0102225
0.0101262
0.0100323
0.00994079
0.0098514
0.00976389
0.00967799
0.0095934
0.00950978
0.00942673
0.00934381
0.00926057
0.00917654
0.00909136
0.00904976
0.00902374
0.00901123
0.00903166
0.00910806
0.00759665
0.00971538
0.0103014
0.0107672
0.0111276
0.0113652
0.0114953
0.0115424
0.0115299
0.0114766
0.0113968
0.0113005
0.0111944
0.0110833
0.0109701
0.010857
0.0107451
0.0106352
0.0105279
0.0104233
0.0103215
0.0102224
0.0101261
0.0100322
0.00994068
0.00985128
0.00976377
0.00967787
0.00959329
0.00950966
0.00942661
0.0093437
0.00926045
0.00917642
0.00909125
0.00904965
0.00902363
0.00901112
0.00903155
0.00910795
0.00759658
0.00971533
0.0103013
0.0107672
0.0111275
0.0113651
0.0114953
0.0115424
0.0115298
0.0114765
0.0113968
0.0113004
0.0111943
0.0110832
0.01097
0.0108569
0.010745
0.0106352
0.0105278
0.0104232
0.0103214
0.0102223
0.010126
0.0100321
0.00994058
0.00985119
0.00976367
0.00967778
0.00959319
0.00950957
0.00942652
0.0093436
0.00926036
0.00917633
0.00909116
0.00904957
0.00902355
0.00901104
0.00903147
0.00910787
0.00759652
0.00971532
0.0103013
0.0107672
0.0111275
0.0113651
0.0114953
0.0115423
0.0115297
0.0114765
0.0113967
0.0113003
0.0111943
0.0110831
0.01097
0.0108568
0.0107449
0.0106351
0.0105278
0.0104231
0.0103213
0.0102223
0.0101259
0.010032
0.0099405
0.0098511
0.00976359
0.00967769
0.00959311
0.00950949
0.00942644
0.00934353
0.00926028
0.00917626
0.00909108
0.00904949
0.00902347
0.00901096
0.0090314
0.0091078
0.00759647
0.00971531
0.0103013
0.0107671
0.0111275
0.0113651
0.0114952
0.0115423
0.0115297
0.0114764
0.0113966
0.0113003
0.0111942
0.011083
0.0109699
0.0108567
0.0107448
0.010635
0.0105277
0.0104231
0.0103212
0.0102222
0.0101258
0.0100319
0.00994042
0.00985103
0.00976352
0.00967762
0.00959304
0.00950942
0.00942637
0.00934346
0.00926021
0.00917619
0.00909101
0.00904942
0.00902341
0.0090109
0.00903134
0.00910774
0.00759644
0.00971529
0.0103013
0.0107671
0.0111274
0.011365
0.0114952
0.0115422
0.0115296
0.0114764
0.0113966
0.0113002
0.0111941
0.0110829
0.0109698
0.0108566
0.0107448
0.0106349
0.0105276
0.010423
0.0103212
0.0102221
0.0101257
0.0100319
0.00994036
0.00985096
0.00976345
0.00967756
0.00959298
0.00950936
0.00942631
0.0093434
0.00926016
0.00917613
0.00909096
0.00904937
0.00902336
0.00901085
0.00903129
0.00910769
0.00759642
0.00971528
0.0103013
0.0107671
0.0111274
0.011365
0.0114951
0.0115422
0.0115296
0.0114763
0.0113965
0.0113001
0.011194
0.0110829
0.0109697
0.0108566
0.0107447
0.0106349
0.0105275
0.0104229
0.0103211
0.0102221
0.0101257
0.0100318
0.00994032
0.00985093
0.00976342
0.00967753
0.00959295
0.00950933
0.00942629
0.00934338
0.00926014
0.00917611
0.00909094
0.00904935
0.00902334
0.00901083
0.00903127
0.00910767
0.00759641
0.00971529
0.0103013
0.0107671
0.0111274
0.011365
0.0114951
0.0115422
0.0115296
0.0114763
0.0113965
0.0113001
0.011194
0.0110829
0.0109697
0.0108566
0.0107447
0.0106349
0.0105275
0.0104229
0.0103211
0.0102221
0.0101257
0.0100318
0.00994032
0.00985093
0.00976343
0.00967754
0.00959296
0.00950934
0.0094263
0.00934339
0.00926015
0.00917612
0.00909095
0.00904936
0.00902335
0.00901084
0.00903128
0.00910768
0.00759641
0.0097153
0.0103013
0.0107671
0.0111274
0.011365
0.0114951
0.0115422
0.0115296
0.0114763
0.0113965
0.0113001
0.0111941
0.0110829
0.0109698
0.0108566
0.0107447
0.0106349
0.0105276
0.0104229
0.0103211
0.0102221
0.0101257
0.0100319
0.00994035
0.00985096
0.00976345
0.00967756
0.00959298
0.00950937
0.00942632
0.00934341
0.00926017
0.00917615
0.00909098
0.00904939
0.00902337
0.00901087
0.00903131
0.00910771
0.00759642
0.0097153
0.0103013
0.0107671
0.0111274
0.011365
0.0114951
0.0115422
0.0115296
0.0114763
0.0113965
0.0113001
0.0111941
0.0110829
0.0109698
0.0108566
0.0107447
0.0106349
0.0105276
0.010423
0.0103212
0.0102221
0.0101257
0.0100319
0.00994038
0.00985099
0.00976349
0.0096776
0.00959302
0.0095094
0.00942635
0.00934344
0.0092602
0.00917618
0.009091
0.00904941
0.0090234
0.00901089
0.00903133
0.00910773
0.00759644
0.0097153
0.0103013
0.0107671
0.0111274
0.011365
0.0114951
0.0115422
0.0115296
0.0114763
0.0113965
0.0113002
0.0111941
0.011083
0.0109698
0.0108567
0.0107448
0.010635
0.0105276
0.010423
0.0103212
0.0102222
0.0101258
0.0100319
0.00994042
0.00985103
0.00976353
0.00967764
0.00959305
0.00950944
0.00942639
0.00934348
0.00926023
0.00917621
0.00909103
0.00904944
0.00902342
0.00901092
0.00903136
0.00910776
0.00759647
0.00971532
0.0103013
0.0107671
0.0111274
0.011365
0.0114952
0.0115422
0.0115296
0.0114764
0.0113966
0.0113002
0.0111942
0.011083
0.0109699
0.0108567
0.0107449
0.010635
0.0105277
0.0104231
0.0103213
0.0102222
0.0101259
0.010032
0.00994049
0.0098511
0.00976359
0.00967769
0.00959311
0.00950949
0.00942644
0.00934353
0.00926029
0.00917626
0.00909108
0.00904949
0.00902347
0.00901096
0.0090314
0.00910779
0.00759652
0.00971532
0.0103013
0.0107671
0.0111274
0.011365
0.0114952
0.0115422
0.0115297
0.0114764
0.0113967
0.0113003
0.0111942
0.0110831
0.01097
0.0108568
0.0107449
0.0106351
0.0105278
0.0104232
0.0103214
0.0102223
0.0101259
0.0100321
0.00994058
0.00985118
0.00976367
0.00967778
0.00959319
0.00950957
0.00942652
0.00934361
0.00926036
0.00917633
0.00909116
0.00904956
0.00902354
0.00901103
0.00903147
0.00910787
0.00759658
0.00971531
0.0103013
0.0107671
0.0111274
0.011365
0.0114952
0.0115422
0.0115297
0.0114765
0.0113967
0.0113004
0.0111943
0.0110832
0.01097
0.0108569
0.010745
0.0106352
0.0105279
0.0104233
0.0103215
0.0102224
0.010126
0.0100322
0.00994068
0.00985128
0.00976377
0.00967788
0.00959329
0.00950967
0.00942662
0.0093437
0.00926046
0.00917643
0.00909125
0.00904965
0.00902363
0.00901113
0.00903156
0.00910796
0.00759666
0.00971531
0.0103013
0.0107671
0.0111274
0.011365
0.0114952
0.0115423
0.0115297
0.0114766
0.0113968
0.0113005
0.0111944
0.0110833
0.0109702
0.010857
0.0107452
0.0106353
0.010528
0.0104234
0.0103216
0.0102226
0.0101262
0.0100323
0.00994082
0.00985142
0.00976391
0.00967801
0.00959342
0.0095098
0.00942675
0.00934383
0.00926058
0.00917655
0.00909137
0.00904977
0.00902375
0.00901124
0.00903167
0.00910807
0.00759675
0.00971533
0.0103013
0.0107671
0.0111275
0.0113651
0.0114953
0.0115424
0.0115299
0.0114767
0.011397
0.0113006
0.0111946
0.0110835
0.0109704
0.0108572
0.0107454
0.0106355
0.0105282
0.0104236
0.0103218
0.0102228
0.0101264
0.0100325
0.00994101
0.00985161
0.00976409
0.0096782
0.00959361
0.00950998
0.00942692
0.009344
0.00926075
0.00917672
0.00909154
0.00904994
0.00902391
0.0090114
0.00903183
0.00910822
0.00759686
0.00971533
0.0103013
0.0107671
0.0111275
0.0113651
0.0114954
0.0115425
0.01153
0.0114769
0.0113972
0.0113008
0.0111948
0.0110837
0.0109706
0.0108575
0.0107456
0.0106358
0.0105285
0.0104239
0.010322
0.010223
0.0101266
0.0100328
0.00994124
0.00985184
0.00976432
0.00967842
0.00959382
0.00951019
0.00942714
0.00934421
0.00926096
0.00917692
0.00909174
0.00905013
0.0090241
0.00901159
0.00903201
0.0091084
0.007597
0.00971532
0.0103013
0.0107671
0.0111275
0.0113652
0.0114955
0.0115427
0.0115302
0.0114771
0.0113974
0.0113011
0.0111951
0.011084
0.0109709
0.0108578
0.0107459
0.0106361
0.0105288
0.0104242
0.0103224
0.0102233
0.0101269
0.0100331
0.00994153
0.00985213
0.00976461
0.0096787
0.00959411
0.00951047
0.00942741
0.00934448
0.00926123
0.00917719
0.009092
0.00905038
0.00902435
0.00901183
0.00903226
0.00910865
0.00759715
0.00971527
0.0103012
0.0107671
0.0111275
0.0113652
0.0114955
0.0115428
0.0115304
0.0114773
0.0113976
0.0113014
0.0111954
0.0110843
0.0109712
0.0108581
0.0107462
0.0106364
0.0105291
0.0104245
0.0103227
0.0102236
0.0101272
0.0100334
0.00994184
0.00985243
0.00976491
0.009679
0.0095944
0.00951076
0.00942769
0.00934476
0.0092615
0.00917746
0.00909227
0.00905065
0.00902461
0.0090121
0.00903252
0.00910891
0.00759734
0.00971527
0.0103012
0.010767
0.0111275
0.0113653
0.0114957
0.011543
0.0115307
0.0114776
0.011398
0.0113018
0.0111958
0.0110848
0.0109717
0.0108586
0.0107467
0.0106369
0.0105296
0.010425
0.0103232
0.0102241
0.0101277
0.0100338
0.0099423
0.00985288
0.00976535
0.00967943
0.00959483
0.00951118
0.00942811
0.00934517
0.0092619
0.00917785
0.00909265
0.00905102
0.00902498
0.00901245
0.00903286
0.00910924
0.00759756
0.00971522
0.0103011
0.010767
0.0111275
0.0113654
0.0114959
0.0115433
0.011531
0.0114781
0.0113985
0.0113023
0.0111964
0.0110853
0.0109722
0.0108591
0.0107473
0.0106375
0.0105302
0.0104256
0.0103237
0.0102247
0.0101283
0.0100344
0.00994285
0.00985342
0.00976588
0.00967996
0.00959534
0.00951169
0.00942861
0.00934566
0.00926239
0.00917833
0.00909313
0.00905149
0.00902545
0.00901291
0.00903332
0.00910969
0.00759781
0.00971522
0.0103011
0.010767
0.0111276
0.0113656
0.0114962
0.0115437
0.0115315
0.0114787
0.0113992
0.011303
0.0111971
0.0110861
0.010973
0.01086
0.0107481
0.0106383
0.010531
0.0104264
0.0103245
0.0102255
0.010129
0.0100352
0.00994359
0.00985416
0.0097666
0.00968066
0.00959603
0.00951237
0.00942927
0.00934631
0.00926303
0.00917896
0.00909374
0.00905209
0.00902603
0.00901348
0.00903388
0.00911024
0.0075981
0.00971522
0.0103011
0.010767
0.0111277
0.0113658
0.0114966
0.0115443
0.0115322
0.0114795
0.0114001
0.011304
0.0111981
0.0110871
0.0109741
0.010861
0.0107492
0.0106394
0.010532
0.0104274
0.0103256
0.0102265
0.01013
0.0100361
0.00994455
0.0098551
0.00976753
0.00968158
0.00959693
0.00951325
0.00943014
0.00934717
0.00926387
0.00917979
0.00909456
0.0090529
0.00902683
0.00901427
0.00903466
0.00911101
0.00759841
0.00971525
0.010301
0.0107669
0.0111278
0.0113661
0.0114971
0.011545
0.0115331
0.0114805
0.0114012
0.0113052
0.0111994
0.0110885
0.0109754
0.0108624
0.0107505
0.0106407
0.0105334
0.0104287
0.0103269
0.0102278
0.0101313
0.0100374
0.00994582
0.00985635
0.00976877
0.0096828
0.00959814
0.00951444
0.00943132
0.00934833
0.00926501
0.00918091
0.00909567
0.00905399
0.00902791
0.00901534
0.00903573
0.00911207
0.00759872
0.00971492
0.0103005
0.0107664
0.0111274
0.0113659
0.0114972
0.0115453
0.0115337
0.0114812
0.011402
0.0113061
0.0112004
0.0110895
0.0109766
0.0108635
0.0107517
0.0106419
0.0105345
0.0104299
0.010328
0.0102289
0.0101325
0.0100385
0.00994691
0.00985743
0.00976982
0.00968384
0.00959916
0.00951545
0.00943231
0.0093493
0.00926597
0.00918185
0.0090966
0.0090549
0.0090288
0.00901622
0.00903658
0.0091129
0.00759903
0.0097124
0.0102977
0.0107634
0.011124
0.0113623
0.0114932
0.0115411
0.0115292
0.0114766
0.0113973
0.0113014
0.0111956
0.0110847
0.0109718
0.0108588
0.010747
0.0106373
0.0105301
0.0104255
0.0103238
0.0102247
0.0101284
0.0100346
0.00994307
0.00985369
0.00976619
0.00968031
0.00959573
0.00951212
0.00942907
0.00934616
0.00926292
0.00917889
0.00909371
0.00905209
0.00902607
0.00901355
0.00903396
0.00911034
0.00759941
0.00970676
0.0102947
0.0107604
0.0111182
0.0113511
0.0114753
0.0115161
0.0114978
0.0114395
0.0113555
0.0112557
0.011147
0.0110339
0.0109193
0.0108052
0.0106927
0.0105826
0.0104751
0.0103706
0.0102691
0.0101704
0.0100745
0.0099812
0.00989028
0.00980152
0.00971468
0.00962947
0.00954557
0.00946264
0.00938026
0.00929801
0.00921541
0.00913199
0.0090474
0.00900792
0.00898261
0.00897061
0.00899173
0.00906871
0.00756581
0.00925461
0.00977212
0.0102443
0.0106903
0.0110533
0.0113217
0.0115033
0.0116131
0.0116672
0.0116792
0.0116602
0.0116189
0.0115615
0.011493
0.0114166
0.0113351
0.0112502
0.0111633
0.0110753
0.010987
0.0108988
0.010811
0.0107238
0.0106373
0.0105515
0.0104664
0.0103818
0.0102975
0.0102132
0.0101284
0.0100426
0.00995527
0.0098656
0.00977302
0.00972483
0.00968791
0.00966196
0.00966697
0.00972594
0.00740195
0.00925516
0.00976911
0.0102385
0.0106834
0.0110485
0.0113214
0.0115091
0.0116258
0.0116866
0.011705
0.0116917
0.0116552
0.011602
0.0115369
0.0114633
0.0113839
0.0113007
0.0112151
0.011128
0.0110403
0.0109524
0.0108647
0.0107775
0.0106908
0.0106047
0.0105192
0.0104341
0.0103492
0.0102642
0.0101788
0.0100924
0.0100044
0.00991412
0.00982092
0.00977149
0.00973359
0.0097068
0.00971103
0.00976939
0.00743491
0.00925764
0.00977193
0.0102416
0.0106868
0.0110521
0.0113253
0.0115133
0.0116302
0.0116912
0.0117097
0.0116964
0.01166
0.0116068
0.0115416
0.0114679
0.0113885
0.0113052
0.0112194
0.0111323
0.0110444
0.0109564
0.0108685
0.0107812
0.0106943
0.0106081
0.0105224
0.0104371
0.0103521
0.010267
0.0101814
0.0100949
0.0100067
0.00991629
0.00982295
0.00977337
0.00973534
0.00970842
0.00971253
0.00977079
0.0074345
0.00925769
0.00977226
0.0102421
0.0106873
0.0110525
0.0113255
0.0115131
0.0116298
0.0116905
0.0117087
0.0116953
0.0116587
0.0116053
0.0115399
0.0114662
0.0113867
0.0113033
0.0112175
0.0111303
0.0110424
0.0109544
0.0108665
0.0107791
0.0106923
0.0106061
0.0105204
0.0104352
0.0103501
0.0102651
0.0101796
0.010093
0.0100049
0.00991451
0.00982121
0.00977167
0.00973368
0.0097068
0.00971095
0.00976924
0.00743409
0.00925774
0.00977247
0.0102424
0.0106876
0.0110527
0.0113255
0.011513
0.0116294
0.0116899
0.011708
0.0116944
0.0116577
0.0116042
0.0115388
0.011465
0.0113855
0.0113021
0.0112163
0.011129
0.0110412
0.0109531
0.0108653
0.010778
0.0106911
0.0106049
0.0105193
0.0104341
0.0103491
0.0102641
0.0101786
0.0100921
0.010004
0.0099136
0.00982032
0.00977081
0.00973284
0.00970599
0.00971016
0.00976848
0.00743369
0.00925767
0.00977254
0.0102426
0.0106878
0.0110529
0.0113255
0.0115128
0.0116291
0.0116895
0.0117074
0.0116937
0.0116569
0.0116033
0.0115379
0.011464
0.0113845
0.0113011
0.0112152
0.011128
0.0110401
0.0109521
0.0108643
0.0107769
0.0106901
0.0106039
0.0105183
0.0104331
0.0103481
0.0102631
0.0101776
0.0100911
0.0100031
0.00991269
0.00981943
0.00976993
0.00973197
0.00970513
0.00970931
0.00976763
0.00743333
0.00925776
0.0097727
0.0102428
0.010688
0.011053
0.0113256
0.0115128
0.0116289
0.0116892
0.011707
0.0116932
0.0116563
0.0116027
0.0115372
0.0114633
0.0113837
0.0113003
0.0112144
0.0111272
0.0110393
0.0109513
0.0108635
0.0107761
0.0106893
0.0106031
0.0105175
0.0104323
0.0103474
0.0102623
0.0101769
0.0100904
0.0100023
0.00991197
0.0098187
0.00976921
0.00973125
0.0097044
0.00970857
0.00976689
0.00743302
0.00925775
0.00977278
0.0102429
0.0106882
0.0110531
0.0113256
0.0115128
0.0116288
0.011689
0.0117067
0.0116929
0.0116559
0.0116023
0.0115367
0.0114628
0.0113832
0.0112997
0.0112138
0.0111266
0.0110387
0.0109507
0.0108629
0.0107755
0.0106887
0.0106025
0.0105169
0.0104317
0.0103468
0.0102618
0.0101763
0.0100898
0.0100018
0.0099114
0.00981815
0.00976866
0.00973071
0.00970387
0.00970804
0.00976637
0.00743275
0.00925787
0.00977293
0.0102431
0.0106883
0.0110532
0.0113257
0.0115127
0.0116287
0.0116888
0.0117064
0.0116925
0.0116555
0.0116018
0.0115362
0.0114623
0.0113826
0.0112992
0.0112133
0.011126
0.0110381
0.0109501
0.0108623
0.010775
0.0106882
0.010602
0.0105164
0.0104312
0.0103463
0.0102613
0.0101759
0.0100894
0.0100014
0.00991102
0.00981778
0.0097683
0.00973036
0.00970352
0.00970771
0.00976604
0.00743252
0.00925781
0.00977291
0.0102431
0.0106883
0.0110532
0.0113256
0.0115126
0.0116286
0.0116886
0.0117062
0.0116923
0.0116553
0.0116015
0.0115359
0.011462
0.0113823
0.0112988
0.011213
0.0111257
0.0110378
0.0109498
0.010862
0.0107746
0.0106879
0.0106017
0.0105161
0.0104309
0.010346
0.010261
0.0101755
0.0100891
0.0100011
0.00991072
0.00981748
0.00976802
0.00973008
0.00970325
0.00970744
0.00976577
0.00743232
0.00925788
0.009773
0.0102432
0.0106884
0.0110533
0.0113257
0.0115126
0.0116285
0.0116885
0.0117061
0.0116921
0.0116551
0.0116013
0.0115357
0.0114617
0.011382
0.0112985
0.0112127
0.0111254
0.0110375
0.0109495
0.0108617
0.0107743
0.0106876
0.0106014
0.0105158
0.0104306
0.0103457
0.0102607
0.0101753
0.0100889
0.0100008
0.00991048
0.00981724
0.00976778
0.00972984
0.00970301
0.00970721
0.00976555
0.00743217
0.00925783
0.00977296
0.0102431
0.0106884
0.0110533
0.0113256
0.0115126
0.0116284
0.0116884
0.011706
0.011692
0.0116549
0.0116012
0.0115355
0.0114615
0.0113819
0.0112984
0.0112125
0.0111252
0.0110373
0.0109493
0.0108615
0.0107741
0.0106874
0.0106012
0.0105156
0.0104304
0.0103455
0.0102605
0.0101751
0.0100887
0.0100006
0.00991029
0.00981705
0.0097676
0.00972966
0.00970283
0.00970703
0.00976537
0.00743204
0.00925785
0.00977298
0.0102432
0.0106884
0.0110533
0.0113256
0.0115126
0.0116284
0.0116884
0.0117059
0.0116919
0.0116548
0.0116011
0.0115354
0.0114614
0.0113817
0.0112982
0.0112123
0.0111251
0.0110372
0.0109491
0.0108613
0.010774
0.0106872
0.0106011
0.0105154
0.0104303
0.0103454
0.0102604
0.0101749
0.0100885
0.0100005
0.00991013
0.0098169
0.00976745
0.00972951
0.00970269
0.00970689
0.00976523
0.00743193
0.0092578
0.00977293
0.0102431
0.0106884
0.0110532
0.0113256
0.0115125
0.0116284
0.0116883
0.0117059
0.0116919
0.0116548
0.011601
0.0115353
0.0114613
0.0113816
0.0112981
0.0112122
0.011125
0.0110371
0.010949
0.0108612
0.0107739
0.0106871
0.0106009
0.0105153
0.0104302
0.0103452
0.0102603
0.0101748
0.0100884
0.0100003
0.00991
0.00981677
0.00976732
0.00972939
0.00970257
0.00970676
0.00976511
0.00743185
0.00925777
0.0097729
0.0102431
0.0106884
0.0110532
0.0113256
0.0115125
0.0116283
0.0116883
0.0117058
0.0116918
0.0116547
0.0116009
0.0115353
0.0114613
0.0113816
0.0112981
0.0112122
0.0111249
0.011037
0.0109489
0.0108611
0.0107738
0.010687
0.0106008
0.0105152
0.0104301
0.0103451
0.0102602
0.0101747
0.0100883
0.0100002
0.0099099
0.00981667
0.00976722
0.00972929
0.00970247
0.00970667
0.00976501
0.00743178
0.00925773
0.00977286
0.010243
0.0106883
0.0110532
0.0113255
0.0115124
0.0116283
0.0116882
0.0117058
0.0116917
0.0116546
0.0116009
0.0115352
0.0114612
0.0113815
0.011298
0.0112121
0.0111248
0.0110369
0.0109489
0.0108611
0.0107737
0.0106869
0.0106008
0.0105151
0.01043
0.0103451
0.0102601
0.0101746
0.0100882
0.0100001
0.00990981
0.00981658
0.00976713
0.0097292
0.00970239
0.00970659
0.00976493
0.00743172
0.00925773
0.00977285
0.010243
0.0106883
0.0110531
0.0113255
0.0115124
0.0116282
0.0116882
0.0117057
0.0116917
0.0116546
0.0116008
0.0115351
0.0114612
0.0113814
0.0112979
0.011212
0.0111248
0.0110368
0.0109488
0.010861
0.0107736
0.0106869
0.0106007
0.0105151
0.0104299
0.010345
0.01026
0.0101745
0.0100881
0.0100001
0.00990974
0.00981651
0.00976706
0.00972913
0.00970232
0.00970652
0.00976487
0.00743168
0.00925773
0.00977285
0.010243
0.0106883
0.0110531
0.0113255
0.0115124
0.0116282
0.0116882
0.0117057
0.0116916
0.0116545
0.0116007
0.0115351
0.0114611
0.0113814
0.0112979
0.011212
0.0111247
0.0110368
0.0109487
0.0108609
0.0107736
0.0106868
0.0106006
0.010515
0.0104298
0.0103449
0.0102599
0.0101745
0.010088
0.01
0.00990967
0.00981644
0.009767
0.00972907
0.00970225
0.00970646
0.00976481
0.00743165
0.00925771
0.00977283
0.010243
0.0106883
0.0110531
0.0113254
0.0115123
0.0116281
0.0116881
0.0117056
0.0116916
0.0116545
0.0116007
0.011535
0.011461
0.0113813
0.0112978
0.0112119
0.0111246
0.0110367
0.0109487
0.0108609
0.0107735
0.0106867
0.0106005
0.0105149
0.0104298
0.0103448
0.0102599
0.0101744
0.010088
0.00999996
0.00990962
0.0098164
0.00976695
0.00972903
0.00970221
0.00970642
0.00976477
0.00743163
0.00925771
0.00977283
0.010243
0.0106883
0.0110531
0.0113254
0.0115123
0.0116281
0.0116881
0.0117056
0.0116915
0.0116544
0.0116006
0.011535
0.011461
0.0113812
0.0112977
0.0112118
0.0111246
0.0110367
0.0109486
0.0108608
0.0107735
0.0106867
0.0106005
0.0105149
0.0104297
0.0103448
0.0102598
0.0101744
0.010088
0.00999994
0.00990961
0.00981639
0.00976694
0.00972902
0.00970221
0.00970641
0.00976476
0.00743162
0.00925772
0.00977284
0.010243
0.0106883
0.0110531
0.0113254
0.0115123
0.0116281
0.0116881
0.0117056
0.0116915
0.0116544
0.0116006
0.011535
0.011461
0.0113812
0.0112977
0.0112118
0.0111246
0.0110366
0.0109486
0.0108608
0.0107735
0.0106867
0.0106005
0.0105149
0.0104297
0.0103448
0.0102598
0.0101744
0.010088
0.00999995
0.00990962
0.0098164
0.00976696
0.00972903
0.00970222
0.00970643
0.00976478
0.00743162
0.00925773
0.00977285
0.010243
0.0106883
0.0110531
0.0113254
0.0115123
0.0116281
0.0116881
0.0117056
0.0116915
0.0116544
0.0116006
0.011535
0.011461
0.0113813
0.0112977
0.0112118
0.0111246
0.0110367
0.0109486
0.0108608
0.0107735
0.0106867
0.0106005
0.0105149
0.0104298
0.0103448
0.0102599
0.0101744
0.010088
0.00999997
0.00990964
0.00981642
0.00976698
0.00972905
0.00970224
0.00970645
0.0097648
0.00743163
0.00925772
0.00977285
0.010243
0.0106883
0.0110531
0.0113254
0.0115123
0.0116281
0.0116881
0.0117056
0.0116915
0.0116544
0.0116006
0.011535
0.011461
0.0113813
0.0112977
0.0112118
0.0111246
0.0110367
0.0109486
0.0108608
0.0107735
0.0106867
0.0106005
0.0105149
0.0104298
0.0103449
0.0102599
0.0101744
0.010088
0.00999999
0.00990966
0.00981644
0.00976699
0.00972907
0.00970226
0.00970646
0.00976481
0.00743165
0.00925772
0.00977285
0.010243
0.0106883
0.0110531
0.0113254
0.0115123
0.0116281
0.0116881
0.0117056
0.0116915
0.0116544
0.0116006
0.011535
0.011461
0.0113813
0.0112978
0.0112119
0.0111246
0.0110367
0.0109487
0.0108609
0.0107735
0.0106867
0.0106006
0.010515
0.0104298
0.0103449
0.0102599
0.0101745
0.0100881
0.01
0.00990969
0.00981647
0.00976702
0.0097291
0.00970228
0.00970649
0.00976484
0.00743169
0.00925773
0.00977286
0.010243
0.0106883
0.0110531
0.0113254
0.0115123
0.0116281
0.0116881
0.0117056
0.0116916
0.0116545
0.0116007
0.011535
0.011461
0.0113813
0.0112978
0.0112119
0.0111246
0.0110367
0.0109487
0.0108609
0.0107736
0.0106868
0.0106006
0.010515
0.0104299
0.010345
0.01026
0.0101745
0.0100881
0.0100001
0.00990975
0.00981652
0.00976708
0.00972915
0.00970234
0.00970654
0.00976489
0.00743173
0.00925773
0.00977285
0.010243
0.0106883
0.0110531
0.0113254
0.0115123
0.0116281
0.0116881
0.0117056
0.0116916
0.0116545
0.0116007
0.0115351
0.0114611
0.0113814
0.0112979
0.011212
0.0111247
0.0110368
0.0109488
0.010861
0.0107736
0.0106869
0.0106007
0.0105151
0.0104299
0.010345
0.01026
0.0101746
0.0100882
0.0100002
0.00990982
0.00981659
0.00976715
0.00972922
0.00970241
0.00970661
0.00976496
0.00743179
0.00925772
0.00977283
0.010243
0.0106882
0.0110531
0.0113254
0.0115123
0.0116281
0.0116881
0.0117056
0.0116916
0.0116545
0.0116008
0.0115351
0.0114611
0.0113814
0.0112979
0.0112121
0.0111248
0.0110369
0.0109489
0.0108611
0.0107737
0.010687
0.0106008
0.0105152
0.01043
0.0103451
0.0102601
0.0101747
0.0100883
0.0100002
0.0099099
0.00981668
0.00976723
0.0097293
0.00970249
0.00970669
0.00976504
0.00743186
0.00925772
0.00977283
0.010243
0.0106882
0.011053
0.0113254
0.0115123
0.0116281
0.0116881
0.0117057
0.0116917
0.0116546
0.0116008
0.0115352
0.0114612
0.0113815
0.0112981
0.0112122
0.0111249
0.011037
0.010949
0.0108612
0.0107739
0.0106871
0.0106009
0.0105153
0.0104302
0.0103452
0.0102603
0.0101748
0.0100884
0.0100004
0.00991003
0.0098168
0.00976735
0.00972942
0.0097026
0.0097068
0.00976515
0.00743195
0.00925774
0.00977283
0.010243
0.0106882
0.0110531
0.0113254
0.0115123
0.0116282
0.0116882
0.0117058
0.0116918
0.0116547
0.011601
0.0115354
0.0114614
0.0113817
0.0112982
0.0112124
0.0111251
0.0110372
0.0109492
0.0108614
0.010774
0.0106873
0.0106011
0.0105155
0.0104304
0.0103454
0.0102604
0.010175
0.0100886
0.0100005
0.0099102
0.00981697
0.00976751
0.00972958
0.00970276
0.00970696
0.0097653
0.00743206
0.00925772
0.0097728
0.010243
0.0106882
0.011053
0.0113254
0.0115124
0.0116283
0.0116883
0.0117059
0.0116919
0.0116549
0.0116012
0.0115356
0.0114616
0.0113819
0.0112985
0.0112126
0.0111253
0.0110374
0.0109494
0.0108616
0.0107743
0.0106875
0.0106014
0.0105157
0.0104306
0.0103457
0.0102607
0.0101752
0.0100888
0.0100007
0.00991041
0.00981717
0.00976771
0.00972977
0.00970295
0.00970715
0.00976549
0.00743219
0.00925771
0.00977277
0.0102429
0.0106881
0.011053
0.0113254
0.0115124
0.0116283
0.0116884
0.011706
0.0116921
0.0116551
0.0116014
0.0115358
0.0114618
0.0113822
0.0112987
0.0112128
0.0111256
0.0110377
0.0109497
0.0108619
0.0107745
0.0106878
0.0106016
0.010516
0.0104308
0.0103459
0.0102609
0.0101755
0.010089
0.010001
0.00991063
0.0098174
0.00976793
0.00972999
0.00970317
0.00970737
0.00976571
0.00743235
0.00925765
0.00977268
0.0102428
0.010688
0.0110529
0.0113253
0.0115124
0.0116284
0.0116885
0.0117062
0.0116923
0.0116553
0.0116016
0.011536
0.0114621
0.0113824
0.011299
0.0112131
0.0111259
0.011038
0.01095
0.0108622
0.0107749
0.0106881
0.0106019
0.0105163
0.0104311
0.0103462
0.0102612
0.0101757
0.0100893
0.0100012
0.0099109
0.00981766
0.00976818
0.00973023
0.00970341
0.0097076
0.00976593
0.00743255
0.00925764
0.00977262
0.0102427
0.0106879
0.0110529
0.0113253
0.0115124
0.0116285
0.0116887
0.0117064
0.0116925
0.0116556
0.0116019
0.0115364
0.0114625
0.0113829
0.0112994
0.0112136
0.0111263
0.0110384
0.0109504
0.0108626
0.0107753
0.0106885
0.0106023
0.0105167
0.0104316
0.0103466
0.0102616
0.0101762
0.0100897
0.0100017
0.0099113
0.00981805
0.00976856
0.00973062
0.00970378
0.00970797
0.00976629
0.00743279
0.00925759
0.00977251
0.0102426
0.0106878
0.0110527
0.0113253
0.0115125
0.0116286
0.0116889
0.0117067
0.0116929
0.011656
0.0116024
0.0115369
0.011463
0.0113834
0.0113
0.0112141
0.0111269
0.011039
0.010951
0.0108632
0.0107759
0.0106891
0.0106029
0.0105173
0.0104321
0.0103472
0.0102622
0.0101767
0.0100902
0.0100022
0.0099118
0.00981854
0.00976905
0.00973109
0.00970425
0.00970843
0.00976675
0.00743307
0.00925757
0.00977241
0.0102424
0.0106877
0.0110527
0.0113253
0.0115126
0.0116288
0.0116892
0.0117071
0.0116934
0.0116566
0.011603
0.0115375
0.0114637
0.0113841
0.0113007
0.0112149
0.0111277
0.0110398
0.0109518
0.010864
0.0107766
0.0106898
0.0106036
0.010518
0.0104328
0.0103479
0.0102628
0.0101774
0.0100909
0.0100028
0.00991244
0.00981917
0.00976967
0.0097317
0.00970485
0.00970902
0.00976734
0.0074334
0.00925756
0.00977228
0.0102422
0.0106874
0.0110525
0.0113253
0.0115127
0.0116291
0.0116897
0.0117077
0.0116941
0.0116574
0.0116039
0.0115385
0.0114647
0.0113851
0.0113018
0.0112159
0.0111287
0.0110409
0.0109528
0.010865
0.0107777
0.0106909
0.0106047
0.010519
0.0104338
0.0103488
0.0102638
0.0101783
0.0100918
0.0100037
0.00991331
0.00982003
0.0097705
0.00973252
0.00970565
0.00970981
0.00976811
0.00743377
0.00925762
0.00977214
0.0102419
0.0106872
0.0110523
0.0113252
0.0115129
0.0116295
0.0116902
0.0117084
0.011695
0.0116584
0.011605
0.0115397
0.0114659
0.0113864
0.0113031
0.0112173
0.0111301
0.0110422
0.0109542
0.0108664
0.010779
0.0106922
0.0106059
0.0105203
0.0104351
0.0103501
0.010265
0.0101795
0.010093
0.0100049
0.00991445
0.00982115
0.0097716
0.00973361
0.00970673
0.00971087
0.00976916
0.00743417
0.0092574
0.00977162
0.0102412
0.0106864
0.0110516
0.0113248
0.0115127
0.0116296
0.0116905
0.011709
0.0116957
0.0116593
0.011606
0.0115408
0.0114671
0.0113877
0.0113044
0.0112186
0.0111315
0.0110436
0.0109556
0.0108678
0.0107804
0.0106936
0.0106073
0.0105217
0.0104364
0.0103514
0.0102663
0.0101808
0.0100943
0.0100061
0.00991569
0.00982237
0.0097728
0.00973478
0.00970788
0.00971201
0.00977028
0.00743458
0.00925524
0.00976921
0.0102387
0.0106837
0.0110488
0.0113217
0.0115095
0.0116262
0.0116871
0.0117054
0.0116921
0.0116556
0.0116023
0.0115371
0.0114635
0.0113841
0.0113009
0.0112152
0.0111281
0.0110403
0.0109524
0.0108647
0.0107774
0.0106907
0.0106045
0.010519
0.0104338
0.0103489
0.0102639
0.0101785
0.010092
0.010004
0.00991365
0.00982041
0.00977093
0.00973301
0.00970619
0.00971038
0.00976871
0.00743501
0.00925737
0.00977409
0.0102455
0.0106909
0.0110536
0.0113217
0.0115031
0.0116129
0.0116669
0.0116788
0.0116599
0.0116185
0.0115612
0.0114927
0.0114163
0.0113348
0.01125
0.0111631
0.0110752
0.0109869
0.0108988
0.010811
0.0107239
0.0106374
0.0105517
0.0104667
0.0103821
0.0102978
0.0102135
0.0101288
0.0100431
0.00995575
0.00986611
0.00977356
0.00972636
0.00968918
0.00966298
0.00966795
0.00972695
0.00740195
0.00922665
0.00949727
0.00977897
0.0101517
0.0105266
0.0108646
0.0111499
0.0113799
0.0115584
0.0116917
0.0117868
0.0118499
0.0118869
0.0119026
0.0119009
0.011885
0.0118578
0.0118214
0.0117774
0.0117274
0.0116724
0.0116134
0.011551
0.0114859
0.0114184
0.0113488
0.0112772
0.0112037
0.011128
0.0110499
0.0109686
0.0108835
0.0107936
0.0106981
0.0106459
0.0106
0.0105616
0.0105509
0.01059
0.00730814
0.00921647
0.00948595
0.0097658
0.0101356
0.0105089
0.0108477
0.0111358
0.0113703
0.0115542
0.0116935
0.0117946
0.0118637
0.0119062
0.0119269
0.0119296
0.0119178
0.011894
0.0118604
0.0118189
0.0117708
0.0117174
0.0116596
0.0115982
0.0115337
0.0114666
0.0113972
0.0113256
0.0112519
0.0111759
0.0110974
0.0110156
0.01093
0.0108395
0.0107434
0.01069
0.0106431
0.0106039
0.0105924
0.010631
0.00734084
0.00921862
0.00948846
0.00976853
0.0101385
0.0105121
0.010851
0.0111393
0.0113739
0.011558
0.0116974
0.0117985
0.0118676
0.0119101
0.0119308
0.0119335
0.0119216
0.0118978
0.0118641
0.0118225
0.0117743
0.0117208
0.0116629
0.0116014
0.0115368
0.0114696
0.0114
0.0113283
0.0112545
0.0111784
0.0110997
0.0110179
0.0109321
0.0108415
0.0107453
0.0106917
0.0106447
0.0106053
0.0105938
0.0106322
0.00734027
0.00921847
0.00948865
0.00976906
0.0101393
0.0105129
0.0108518
0.01114
0.0113743
0.0115581
0.0116972
0.0117981
0.0118669
0.0119092
0.0119296
0.0119322
0.0119201
0.011896
0.0118623
0.0118205
0.0117723
0.0117187
0.0116607
0.0115991
0.0115345
0.0114672
0.0113977
0.0113259
0.0112521
0.011176
0.0110974
0.0110155
0.0109298
0.0108392
0.0107429
0.0106894
0.0106424
0.0106031
0.0105916
0.01063
0.0073397
0.00921846
0.00948884
0.00976942
0.0101398
0.0105135
0.0108523
0.0111404
0.0113746
0.0115582
0.0116971
0.0117978
0.0118665
0.0119086
0.0119289
0.0119313
0.0119192
0.0118951
0.0118612
0.0118194
0.0117712
0.0117176
0.0116596
0.011598
0.0115333
0.0114661
0.0113965
0.0113248
0.011251
0.011175
0.0110963
0.0110145
0.0109288
0.0108382
0.010742
0.0106885
0.0106416
0.0106022
0.0105907
0.0106292
0.00733916
0.00921831
0.00948884
0.00976959
0.0101401
0.0105138
0.0108527
0.0111407
0.0113748
0.0115583
0.0116971
0.0117977
0.0118662
0.0119082
0.0119284
0.0119307
0.0119185
0.0118943
0.0118604
0.0118186
0.0117703
0.0117167
0.0116587
0.0115971
0.0115324
0.0114651
0.0113956
0.0113239
0.0112501
0.0111741
0.0110954
0.0110136
0.010928
0.0108374
0.0107412
0.0106878
0.0106408
0.0106016
0.0105901
0.0106286
0.00733871
0.00921838
0.009489
0.00976982
0.0101404
0.0105142
0.010853
0.0111409
0.0113749
0.0115583
0.011697
0.0117975
0.0118659
0.0119079
0.011928
0.0119303
0.0119179
0.0118937
0.0118598
0.011818
0.0117696
0.011716
0.011658
0.0115964
0.0115317
0.0114644
0.0113949
0.0113232
0.0112494
0.0111734
0.0110948
0.011013
0.0109273
0.0108368
0.0107406
0.0106872
0.0106403
0.010601
0.0105895
0.010628
0.00733835
0.00921833
0.00948903
0.00976994
0.0101406
0.0105144
0.0108532
0.0111412
0.0113751
0.0115585
0.0116971
0.0117975
0.0118659
0.0119077
0.0119278
0.01193
0.0119177
0.0118934
0.0118594
0.0118176
0.0117692
0.0117155
0.0116575
0.0115959
0.0115312
0.0114639
0.0113944
0.0113227
0.0112489
0.0111729
0.0110943
0.0110125
0.0109268
0.0108363
0.0107401
0.0106867
0.0106398
0.0106005
0.010589
0.0106275
0.00733805
0.00921846
0.0094892
0.00977016
0.0101408
0.0105147
0.0108535
0.0111414
0.0113753
0.0115586
0.0116971
0.0117975
0.0118658
0.0119076
0.0119276
0.0119298
0.0119174
0.0118931
0.0118591
0.0118172
0.0117688
0.0117151
0.0116571
0.0115955
0.0115308
0.0114635
0.011394
0.0113223
0.0112485
0.0111725
0.0110939
0.0110121
0.0109264
0.0108359
0.0107398
0.0106864
0.0106394
0.0106002
0.0105887
0.0106272
0.00733781
0.00921838
0.00948916
0.00977016
0.0101409
0.0105147
0.0108535
0.0111414
0.0113753
0.0115586
0.0116971
0.0117974
0.0118657
0.0119074
0.0119274
0.0119296
0.0119172
0.0118928
0.0118588
0.0118169
0.0117685
0.0117149
0.0116568
0.0115952
0.0115305
0.0114632
0.0113937
0.011322
0.0112482
0.0111722
0.0110936
0.0110118
0.0109262
0.0108356
0.0107395
0.0106861
0.0106392
0.0105999
0.0105884
0.010627
0.00733762
0.00921846
0.00948926
0.00977027
0.010141
0.0105148
0.0108537
0.0111415
0.0113754
0.0115586
0.0116971
0.0117974
0.0118656
0.0119074
0.0119273
0.0119294
0.011917
0.0118927
0.0118587
0.0118167
0.0117683
0.0117146
0.0116566
0.0115949
0.0115302
0.011463
0.0113934
0.0113217
0.011248
0.011172
0.0110933
0.0110116
0.0109259
0.0108354
0.0107393
0.0106859
0.0106389
0.0105997
0.0105882
0.0106268
0.00733746
0.00921841
0.00948922
0.00977024
0.010141
0.0105148
0.0108536
0.0111415
0.0113754
0.0115586
0.0116971
0.0117973
0.0118655
0.0119073
0.0119272
0.0119293
0.0119169
0.0118925
0.0118585
0.0118165
0.0117681
0.0117144
0.0116564
0.0115947
0.0115301
0.0114628
0.0113932
0.0113216
0.0112478
0.0111718
0.0110932
0.0110114
0.0109257
0.0108352
0.0107391
0.0106857
0.0106388
0.0105995
0.0105881
0.0106266
0.00733733
0.00921844
0.00948925
0.00977028
0.010141
0.0105149
0.0108537
0.0111415
0.0113754
0.0115586
0.011697
0.0117973
0.0118655
0.0119072
0.0119272
0.0119293
0.0119168
0.0118924
0.0118584
0.0118164
0.011768
0.0117143
0.0116563
0.0115946
0.0115299
0.0114626
0.0113931
0.0113214
0.0112476
0.0111716
0.011093
0.0110113
0.0109256
0.0108351
0.0107389
0.0106856
0.0106386
0.0105994
0.0105879
0.0106265
0.00733722
0.0092184
0.00948921
0.00977023
0.010141
0.0105148
0.0108536
0.0111415
0.0113753
0.0115585
0.011697
0.0117972
0.0118654
0.0119071
0.0119271
0.0119292
0.0119167
0.0118923
0.0118583
0.0118163
0.0117679
0.0117142
0.0116561
0.0115945
0.0115298
0.0114625
0.011393
0.0113213
0.0112475
0.0111715
0.0110929
0.0110111
0.0109255
0.010835
0.0107388
0.0106854
0.0106385
0.0105993
0.0105878
0.0106264
0.00733714
0.00921837
0.00948917
0.00977019
0.0101409
0.0105148
0.0108536
0.0111414
0.0113753
0.0115585
0.0116969
0.0117972
0.0118654
0.0119071
0.011927
0.0119291
0.0119166
0.0118922
0.0118582
0.0118162
0.0117678
0.0117141
0.0116561
0.0115944
0.0115297
0.0114624
0.0113929
0.0113212
0.0112474
0.0111714
0.0110928
0.011011
0.0109254
0.0108349
0.0107387
0.0106853
0.0106384
0.0105992
0.0105877
0.0106263
0.00733708
0.00921835
0.00948914
0.00977016
0.0101409
0.0105147
0.0108535
0.0111414
0.0113752
0.0115584
0.0116969
0.0117971
0.0118653
0.011907
0.0119269
0.011929
0.0119165
0.0118922
0.0118581
0.0118162
0.0117677
0.011714
0.011656
0.0115943
0.0115296
0.0114624
0.0113928
0.0113211
0.0112473
0.0111713
0.0110927
0.011011
0.0109253
0.0108348
0.0107387
0.0106853
0.0106384
0.0105991
0.0105877
0.0106262
0.00733702
0.00921835
0.00948914
0.00977015
0.0101409
0.0105147
0.0108535
0.0111414
0.0113752
0.0115584
0.0116968
0.0117971
0.0118653
0.011907
0.0119269
0.0119289
0.0119165
0.0118921
0.0118581
0.0118161
0.0117677
0.011714
0.0116559
0.0115942
0.0115296
0.0114623
0.0113927
0.011321
0.0112473
0.0111712
0.0110926
0.0110109
0.0109252
0.0108347
0.0107386
0.0106852
0.0106383
0.0105991
0.0105876
0.0106261
0.00733699
0.00921836
0.00948915
0.00977015
0.0101409
0.0105147
0.0108535
0.0111413
0.0113752
0.0115584
0.0116968
0.011797
0.0118652
0.0119069
0.0119268
0.0119289
0.0119164
0.0118921
0.011858
0.011816
0.0117676
0.0117139
0.0116559
0.0115942
0.0115295
0.0114622
0.0113927
0.011321
0.0112472
0.0111712
0.0110926
0.0110108
0.0109252
0.0108347
0.0107385
0.0106852
0.0106382
0.010599
0.0105876
0.0106261
0.00733696
0.00921835
0.00948914
0.00977014
0.0101409
0.0105147
0.0108535
0.0111413
0.0113752
0.0115583
0.0116968
0.011797
0.0118652
0.0119069
0.0119268
0.0119288
0.0119164
0.011892
0.011858
0.011816
0.0117676
0.0117139
0.0116558
0.0115941
0.0115295
0.0114622
0.0113926
0.0113209
0.0112472
0.0111712
0.0110925
0.0110108
0.0109251
0.0108347
0.0107385
0.0106851
0.0106382
0.010599
0.0105875
0.0106261
0.00733694
0.00921835
0.00948914
0.00977015
0.0101409
0.0105147
0.0108535
0.0111413
0.0113752
0.0115583
0.0116968
0.011797
0.0118652
0.0119068
0.0119267
0.0119288
0.0119163
0.011892
0.0118579
0.011816
0.0117676
0.0117138
0.0116558
0.0115941
0.0115294
0.0114622
0.0113926
0.0113209
0.0112472
0.0111711
0.0110925
0.0110108
0.0109251
0.0108347
0.0107385
0.0106851
0.0106382
0.010599
0.0105875
0.0106261
0.00733694
0.00921836
0.00948915
0.00977017
0.0101409
0.0105147
0.0108535
0.0111414
0.0113752
0.0115583
0.0116968
0.011797
0.0118652
0.0119069
0.0119268
0.0119288
0.0119164
0.011892
0.0118579
0.011816
0.0117676
0.0117138
0.0116558
0.0115941
0.0115294
0.0114622
0.0113926
0.0113209
0.0112472
0.0111712
0.0110926
0.0110108
0.0109252
0.0108347
0.0107385
0.0106851
0.0106382
0.010599
0.0105876
0.0106261
0.00733694
0.00921837
0.00948916
0.00977018
0.0101409
0.0105148
0.0108536
0.0111414
0.0113752
0.0115584
0.0116968
0.011797
0.0118652
0.0119069
0.0119268
0.0119288
0.0119164
0.011892
0.0118579
0.011816
0.0117676
0.0117139
0.0116558
0.0115941
0.0115294
0.0114622
0.0113926
0.0113209
0.0112472
0.0111712
0.0110926
0.0110108
0.0109252
0.0108347
0.0107385
0.0106852
0.0106383
0.010599
0.0105876
0.0106261
0.00733695
0.00921836
0.00948915
0.00977017
0.0101409
0.0105148
0.0108536
0.0111414
0.0113752
0.0115584
0.0116968
0.011797
0.0118652
0.0119069
0.0119268
0.0119288
0.0119164
0.011892
0.0118579
0.011816
0.0117676
0.0117139
0.0116558
0.0115941
0.0115295
0.0114622
0.0113926
0.011321
0.0112472
0.0111712
0.0110926
0.0110108
0.0109252
0.0108347
0.0107385
0.0106852
0.0106383
0.010599
0.0105876
0.0106261
0.00733697
0.00921835
0.00948915
0.00977017
0.0101409
0.0105148
0.0108536
0.0111414
0.0113752
0.0115584
0.0116968
0.011797
0.0118652
0.0119069
0.0119268
0.0119289
0.0119164
0.011892
0.011858
0.011816
0.0117676
0.0117139
0.0116558
0.0115942
0.0115295
0.0114622
0.0113927
0.011321
0.0112472
0.0111712
0.0110926
0.0110109
0.0109252
0.0108347
0.0107386
0.0106852
0.0106383
0.0105991
0.0105876
0.0106261
0.007337
0.00921836
0.00948916
0.00977018
0.0101409
0.0105148
0.0108536
0.0111414
0.0113752
0.0115584
0.0116968
0.011797
0.0118652
0.0119069
0.0119268
0.0119289
0.0119164
0.011892
0.011858
0.011816
0.0117676
0.0117139
0.0116559
0.0115942
0.0115295
0.0114623
0.0113927
0.011321
0.0112473
0.0111713
0.0110927
0.0110109
0.0109253
0.0108348
0.0107386
0.0106853
0.0106384
0.0105991
0.0105877
0.0106262
0.00733704
0.00921835
0.00948915
0.00977016
0.0101409
0.0105147
0.0108535
0.0111413
0.0113752
0.0115583
0.0116968
0.011797
0.0118652
0.0119069
0.0119268
0.0119289
0.0119164
0.0118921
0.011858
0.0118161
0.0117677
0.011714
0.0116559
0.0115943
0.0115296
0.0114623
0.0113928
0.0113211
0.0112473
0.0111713
0.0110927
0.011011
0.0109253
0.0108348
0.0107387
0.0106853
0.0106384
0.0105992
0.0105877
0.0106262
0.0073371
0.00921835
0.00948913
0.00977014
0.0101409
0.0105147
0.0108535
0.0111413
0.0113751
0.0115583
0.0116967
0.011797
0.0118652
0.0119069
0.0119268
0.0119289
0.0119165
0.0118921
0.0118581
0.0118161
0.0117677
0.011714
0.011656
0.0115943
0.0115297
0.0114624
0.0113929
0.0113212
0.0112474
0.0111714
0.0110928
0.0110111
0.0109254
0.0108349
0.0107388
0.0106854
0.0106385
0.0105992
0.0105878
0.0106263
0.00733716
0.00921834
0.00948913
0.00977013
0.0101408
0.0105147
0.0108535
0.0111413
0.0113751
0.0115583
0.0116968
0.011797
0.0118652
0.0119069
0.0119269
0.011929
0.0119165
0.0118922
0.0118582
0.0118162
0.0117678
0.0117141
0.0116561
0.0115944
0.0115298
0.0114625
0.011393
0.0113213
0.0112475
0.0111715
0.0110929
0.0110112
0.0109255
0.010835
0.0107389
0.0106855
0.0106386
0.0105993
0.0105879
0.0106264
0.00733725
0.00921835
0.00948913
0.00977012
0.0101408
0.0105147
0.0108534
0.0111413
0.0113751
0.0115583
0.0116968
0.0117971
0.0118653
0.011907
0.011927
0.0119291
0.0119167
0.0118923
0.0118583
0.0118164
0.011768
0.0117143
0.0116563
0.0115946
0.01153
0.0114627
0.0113932
0.0113215
0.0112477
0.0111717
0.0110931
0.0110114
0.0109257
0.0108352
0.0107391
0.0106857
0.0106388
0.0105995
0.010588
0.0106266
0.00733736
0.00921833
0.00948909
0.00977007
0.0101408
0.0105146
0.0108534
0.0111412
0.0113751
0.0115583
0.0116968
0.0117971
0.0118654
0.0119071
0.0119271
0.0119292
0.0119168
0.0118925
0.0118585
0.0118165
0.0117682
0.0117145
0.0116564
0.0115948
0.0115301
0.0114629
0.0113933
0.0113217
0.0112479
0.0111719
0.0110933
0.0110115
0.0109259
0.0108354
0.0107392
0.0106858
0.0106389
0.0105997
0.0105882
0.0106267
0.00733748
0.00921832
0.00948906
0.00977001
0.0101407
0.0105145
0.0108533
0.0111411
0.011375
0.0115583
0.0116968
0.0117971
0.0118654
0.0119072
0.0119272
0.0119293
0.0119169
0.0118926
0.0118586
0.0118167
0.0117683
0.0117147
0.0116566
0.011595
0.0115303
0.0114631
0.0113935
0.0113219
0.0112481
0.0111721
0.0110935
0.0110117
0.0109261
0.0108356
0.0107394
0.010686
0.0106391
0.0105998
0.0105884
0.0106269
0.00733765
0.00921826
0.00948897
0.0097699
0.0101405
0.0105143
0.0108531
0.011141
0.0113749
0.0115582
0.0116968
0.0117971
0.0118655
0.0119073
0.0119273
0.0119295
0.0119171
0.0118928
0.0118588
0.0118169
0.0117686
0.0117149
0.0116569
0.0115953
0.0115306
0.0114634
0.0113938
0.0113221
0.0112484
0.0111724
0.0110937
0.011012
0.0109263
0.0108358
0.0107397
0.0106862
0.0106393
0.0106001
0.0105886
0.0106271
0.00733784
0.00921826
0.00948892
0.0097698
0.0101404
0.0105142
0.010853
0.0111409
0.0113749
0.0115582
0.0116968
0.0117972
0.0118656
0.0119074
0.0119275
0.0119297
0.0119174
0.0118931
0.0118592
0.0118173
0.0117689
0.0117153
0.0116573
0.0115957
0.011531
0.0114638
0.0113942
0.0113225
0.0112488
0.0111727
0.0110941
0.0110124
0.0109267
0.0108362
0.01074
0.0106866
0.0106397
0.0106004
0.010589
0.0106275
0.00733809
0.00921822
0.00948882
0.00976964
0.0101402
0.010514
0.0108528
0.0111407
0.0113747
0.0115581
0.0116968
0.0117973
0.0118657
0.0119077
0.0119278
0.01193
0.0119177
0.0118935
0.0118596
0.0118178
0.0117694
0.0117158
0.0116578
0.0115962
0.0115315
0.0114643
0.0113947
0.0113231
0.0112493
0.0111733
0.0110946
0.0110129
0.0109272
0.0108367
0.0107405
0.0106871
0.0106401
0.0106009
0.0105894
0.0106279
0.0073384
0.00921822
0.00948873
0.00976947
0.01014
0.0105137
0.0108525
0.0111405
0.0113746
0.0115581
0.0116969
0.0117975
0.011866
0.011908
0.0119282
0.0119305
0.0119183
0.0118941
0.0118602
0.0118184
0.0117701
0.0117165
0.0116585
0.0115969
0.0115322
0.011465
0.0113954
0.0113237
0.0112499
0.0111739
0.0110953
0.0110135
0.0109278
0.0108373
0.0107411
0.0106877
0.0106407
0.0106014
0.0105899
0.0106284
0.00733878
0.00921827
0.00948863
0.00976922
0.0101396
0.0105133
0.0108521
0.0111402
0.0113744
0.011558
0.0116969
0.0117976
0.0118663
0.0119084
0.0119287
0.0119311
0.0119189
0.0118948
0.011861
0.0118192
0.0117709
0.0117173
0.0116594
0.0115978
0.0115331
0.0114659
0.0113963
0.0113247
0.0112509
0.0111748
0.0110962
0.0110144
0.0109287
0.0108382
0.010742
0.0106885
0.0106415
0.0106022
0.0105907
0.0106292
0.00733923
0.00921843
0.00948856
0.00976893
0.0101391
0.0105128
0.0108516
0.0111398
0.0113741
0.0115579
0.011697
0.0117979
0.0118667
0.011909
0.0119294
0.0119319
0.0119199
0.0118958
0.0118621
0.0118204
0.0117721
0.0117186
0.0116606
0.0115991
0.0115344
0.0114672
0.0113976
0.0113259
0.0112521
0.0111761
0.0110974
0.0110156
0.0109299
0.0108393
0.0107431
0.0106896
0.0106426
0.0106033
0.0105918
0.0106303
0.00733976
0.00921839
0.00948817
0.0097682
0.0101382
0.0105116
0.0108505
0.0111388
0.0113733
0.0115574
0.0116967
0.0117978
0.0118669
0.0119094
0.01193
0.0119327
0.0119208
0.0118969
0.0118632
0.0118216
0.0117734
0.0117199
0.011662
0.0116005
0.0115359
0.0114686
0.0113991
0.0113274
0.0112536
0.0111775
0.0110989
0.011017
0.0109313
0.0108407
0.0107444
0.0106909
0.0106439
0.0106046
0.010593
0.0106315
0.00734035
0.0092165
0.00948598
0.00976586
0.0101357
0.0105091
0.010848
0.0111362
0.0113707
0.0115547
0.0116941
0.0117952
0.0118643
0.0119068
0.0119275
0.0119303
0.0119184
0.0118946
0.0118611
0.0118195
0.0117715
0.0117181
0.0116603
0.0115988
0.0115343
0.0114671
0.0113976
0.011326
0.0112523
0.0111763
0.0110977
0.0110159
0.0109302
0.0108397
0.0107435
0.01069
0.010643
0.0106037
0.0105922
0.0106307
0.00734098
0.00923236
0.00950194
0.00978246
0.0101542
0.0105283
0.0108658
0.0111507
0.0113804
0.0115586
0.0116918
0.0117867
0.0118498
0.0118868
0.0119024
0.0119007
0.0118849
0.0118577
0.0118212
0.0117773
0.0117273
0.0116723
0.0116133
0.011551
0.0114859
0.0114185
0.0113489
0.0112774
0.0112039
0.0111283
0.0110501
0.0109689
0.0108838
0.0107939
0.0106983
0.0106472
0.0106009
0.0105623
0.0105516
0.0105907
0.00730818
0.0100625
0.00993794
0.00981985
0.00991358
0.0101138
0.0103633
0.0106264
0.0108824
0.0111208
0.0113367
0.0115282
0.0116955
0.0118397
0.0119622
0.0120648
0.0121493
0.0122174
0.0122707
0.0123108
0.0123389
0.0123563
0.0123639
0.0123628
0.0123536
0.012337
0.0123136
0.0122835
0.012247
0.0122038
0.0121535
0.0120953
0.0120273
0.0119483
0.0118574
0.0118054
0.0117504
0.0116974
0.0116687
0.0116866
0.00730442
0.0100331
0.00991129
0.00979636
0.00988921
0.0100873
0.010335
0.0105974
0.0108541
0.0110943
0.0113131
0.0115084
0.01168
0.0118287
0.0119561
0.0120635
0.0121528
0.0122255
0.0122832
0.0123273
0.0123591
0.0123798
0.0123904
0.0123919
0.0123849
0.0123702
0.0123483
0.0123195
0.012284
0.0122415
0.0121916
0.0121337
0.0120658
0.0119868
0.0118957
0.0118428
0.011787
0.0117334
0.011704
0.0117214
0.00733714
0.0100349
0.00991356
0.00979882
0.00989184
0.0100901
0.010338
0.0106006
0.0108574
0.0110978
0.0113166
0.011512
0.0116836
0.0118324
0.0119597
0.0120671
0.0121564
0.012229
0.0122867
0.0123307
0.0123624
0.012383
0.0123935
0.0123949
0.0123879
0.0123731
0.0123511
0.0123222
0.0122866
0.012244
0.0121941
0.0121361
0.0120681
0.011989
0.0118979
0.0118449
0.011789
0.0117353
0.0117058
0.0117231
0.00733624
0.0100346
0.00991346
0.00979905
0.00989246
0.010091
0.0103391
0.0106018
0.0108586
0.0110989
0.0113175
0.0115127
0.0116841
0.0118326
0.0119597
0.0120669
0.0121559
0.0122283
0.0122857
0.0123296
0.0123611
0.0123815
0.0123919
0.0123931
0.012386
0.0123711
0.012349
0.01232
0.0122843
0.0122417
0.0121917
0.0121337
0.0120656
0.0119865
0.0118954
0.0118424
0.0117866
0.0117328
0.0117033
0.0117206
0.00733545
0.0100345
0.00991352
0.00979929
0.00989287
0.0100916
0.0103398
0.0106025
0.0108593
0.0110995
0.0113181
0.0115131
0.0116844
0.0118328
0.0119597
0.0120668
0.0121556
0.0122279
0.0122852
0.0123289
0.0123604
0.0123807
0.012391
0.0123922
0.012385
0.0123701
0.012348
0.012319
0.0122832
0.0122406
0.0121906
0.0121326
0.0120646
0.0119855
0.0118944
0.0118414
0.0117855
0.0117317
0.0117022
0.0117196
0.00733478
0.0100342
0.0099134
0.00979932
0.00989308
0.010092
0.0103402
0.010603
0.0108598
0.0111
0.0113185
0.0115135
0.0116847
0.011833
0.0119598
0.0120668
0.0121555
0.0122278
0.012285
0.0123286
0.01236
0.0123803
0.0123905
0.0123916
0.0123844
0.0123694
0.0123473
0.0123183
0.0122825
0.0122398
0.0121898
0.0121318
0.0120638
0.0119847
0.0118936
0.0118406
0.0117848
0.011731
0.0117016
0.0117189
0.00733426
0.0100343
0.00991352
0.00979951
0.00989335
0.0100923
0.0103406
0.0106034
0.0108602
0.0111003
0.0113188
0.0115137
0.0116848
0.0118331
0.0119599
0.0120667
0.0121554
0.0122276
0.0122847
0.0123283
0.0123596
0.0123799
0.0123901
0.0123912
0.0123839
0.0123689
0.0123467
0.0123177
0.0122819
0.0122393
0.0121893
0.0121312
0.0120632
0.0119841
0.0118931
0.0118401
0.0117843
0.0117305
0.0117011
0.0117184
0.00733384
0.0100342
0.00991347
0.00979953
0.00989346
0.0100925
0.0103409
0.0106037
0.0108605
0.0111006
0.0113191
0.011514
0.011685
0.0118332
0.01196
0.0120668
0.0121554
0.0122275
0.0122846
0.0123282
0.0123595
0.0123797
0.0123899
0.0123909
0.0123836
0.0123686
0.0123464
0.0123173
0.0122815
0.0122389
0.0121888
0.0121308
0.0120628
0.0119837
0.0118926
0.0118397
0.0117839
0.0117301
0.0117007
0.011718
0.00733352
0.0100343
0.00991363
0.00979974
0.00989371
0.0100928
0.0103412
0.010604
0.0108608
0.0111009
0.0113194
0.0115142
0.0116852
0.0118334
0.0119601
0.0120669
0.0121555
0.0122275
0.0122846
0.0123281
0.0123593
0.0123795
0.0123897
0.0123907
0.0123833
0.0123683
0.0123461
0.012317
0.0122812
0.0122386
0.0121885
0.0121305
0.0120625
0.0119834
0.0118923
0.0118394
0.0117836
0.0117298
0.0117004
0.0117178
0.00733328
0.0100342
0.00991356
0.0097997
0.00989371
0.0100928
0.0103412
0.0106041
0.0108609
0.011101
0.0113195
0.0115143
0.0116853
0.0118334
0.0119601
0.0120669
0.0121554
0.0122275
0.0122845
0.012328
0.0123592
0.0123794
0.0123895
0.0123905
0.0123831
0.0123681
0.0123459
0.0123168
0.012281
0.0122383
0.0121883
0.0121302
0.0120622
0.0119831
0.0118921
0.0118391
0.0117833
0.0117296
0.0117002
0.0117175
0.00733308
0.0100343
0.00991366
0.00979981
0.00989384
0.010093
0.0103414
0.0106043
0.010861
0.0111012
0.0113196
0.0115144
0.0116854
0.0118335
0.0119601
0.0120669
0.0121554
0.0122274
0.0122845
0.0123279
0.0123591
0.0123793
0.0123894
0.0123903
0.012383
0.0123679
0.0123457
0.0123166
0.0122808
0.0122381
0.0121881
0.0121301
0.012062
0.011983
0.0118919
0.0118389
0.0117831
0.0117294
0.0117
0.0117174
0.00733292
0.0100343
0.00991361
0.00979977
0.00989381
0.0100929
0.0103414
0.0106042
0.010861
0.0111012
0.0113196
0.0115143
0.0116854
0.0118335
0.0119601
0.0120668
0.0121554
0.0122274
0.0122844
0.0123278
0.012359
0.0123791
0.0123892
0.0123902
0.0123828
0.0123678
0.0123455
0.0123165
0.0122806
0.012238
0.0121879
0.0121299
0.0120619
0.0119828
0.0118917
0.0118388
0.011783
0.0117293
0.0116998
0.0117172
0.0073328
0.0100343
0.00991365
0.00979981
0.00989385
0.010093
0.0103414
0.0106043
0.0108611
0.0111012
0.0113196
0.0115144
0.0116854
0.0118335
0.0119601
0.0120668
0.0121553
0.0122273
0.0122843
0.0123277
0.0123589
0.012379
0.0123891
0.0123901
0.0123827
0.0123677
0.0123454
0.0123163
0.0122805
0.0122378
0.0121878
0.0121298
0.0120618
0.0119827
0.0118916
0.0118387
0.0117829
0.0117292
0.0116997
0.0117171
0.0073327
0.0100343
0.00991363
0.00979977
0.00989381
0.0100929
0.0103414
0.0106042
0.010861
0.0111011
0.0113195
0.0115143
0.0116853
0.0118334
0.01196
0.0120667
0.0121552
0.0122272
0.0122842
0.0123276
0.0123588
0.0123789
0.012389
0.01239
0.0123826
0.0123676
0.0123453
0.0123162
0.0122804
0.0122377
0.0121877
0.0121297
0.0120617
0.0119826
0.0118915
0.0118386
0.0117828
0.0117291
0.0116997
0.011717
0.00733263
0.0100343
0.00991361
0.00979974
0.00989378
0.0100929
0.0103413
0.0106042
0.010861
0.0111011
0.0113195
0.0115142
0.0116852
0.0118333
0.0119599
0.0120666
0.0121551
0.0122271
0.0122841
0.0123275
0.0123587
0.0123788
0.0123889
0.0123899
0.0123825
0.0123675
0.0123452
0.0123161
0.0122803
0.0122376
0.0121876
0.0121296
0.0120616
0.0119825
0.0118914
0.0118385
0.0117827
0.011729
0.0116996
0.011717
0.00733257
0.0100343
0.00991359
0.00979972
0.00989375
0.0100929
0.0103413
0.0106042
0.0108609
0.011101
0.0113194
0.0115142
0.0116852
0.0118333
0.0119598
0.0120665
0.0121551
0.012227
0.012284
0.0123274
0.0123586
0.0123787
0.0123888
0.0123898
0.0123824
0.0123674
0.0123451
0.0123161
0.0122803
0.0122376
0.0121875
0.0121295
0.0120615
0.0119824
0.0118914
0.0118384
0.0117827
0.0117289
0.0116995
0.0117169
0.00733252
0.0100343
0.0099136
0.00979972
0.00989375
0.0100929
0.0103413
0.0106042
0.0108609
0.011101
0.0113194
0.0115142
0.0116851
0.0118332
0.0119598
0.0120665
0.012155
0.012227
0.012284
0.0123274
0.0123586
0.0123787
0.0123888
0.0123897
0.0123824
0.0123673
0.0123451
0.012316
0.0122802
0.0122375
0.0121875
0.0121295
0.0120615
0.0119824
0.0118913
0.0118384
0.0117826
0.0117289
0.0116995
0.0117169
0.00733249
0.0100343
0.00991361
0.00979973
0.00989376
0.0100929
0.0103413
0.0106042
0.0108609
0.011101
0.0113194
0.0115142
0.0116851
0.0118332
0.0119598
0.0120665
0.012155
0.0122269
0.0122839
0.0123273
0.0123585
0.0123786
0.0123887
0.0123897
0.0123823
0.0123673
0.0123451
0.012316
0.0122802
0.0122375
0.0121875
0.0121294
0.0120614
0.0119823
0.0118913
0.0118384
0.0117826
0.0117289
0.0116995
0.0117168
0.00733247
0.0100343
0.00991361
0.00979973
0.00989376
0.0100929
0.0103413
0.0106042
0.0108609
0.011101
0.0113194
0.0115141
0.0116851
0.0118332
0.0119597
0.0120664
0.012155
0.0122269
0.0122839
0.0123273
0.0123585
0.0123786
0.0123887
0.0123897
0.0123823
0.0123673
0.012345
0.0123159
0.0122801
0.0122375
0.0121874
0.0121294
0.0120614
0.0119823
0.0118913
0.0118383
0.0117826
0.0117289
0.0116994
0.0117168
0.00733245
0.0100343
0.00991362
0.00979974
0.00989377
0.0100929
0.0103413
0.0106042
0.0108609
0.011101
0.0113194
0.0115142
0.0116851
0.0118332
0.0119598
0.0120665
0.012155
0.0122269
0.0122839
0.0123273
0.0123585
0.0123786
0.0123887
0.0123897
0.0123823
0.0123673
0.012345
0.012316
0.0122801
0.0122375
0.0121874
0.0121294
0.0120614
0.0119823
0.0118913
0.0118384
0.0117826
0.0117289
0.0116995
0.0117168
0.00733245
0.0100343
0.00991363
0.00979975
0.00989379
0.0100929
0.0103414
0.0106042
0.010861
0.0111011
0.0113195
0.0115142
0.0116852
0.0118332
0.0119598
0.0120665
0.012155
0.012227
0.0122839
0.0123274
0.0123585
0.0123786
0.0123887
0.0123897
0.0123823
0.0123673
0.0123451
0.012316
0.0122802
0.0122375
0.0121875
0.0121294
0.0120614
0.0119823
0.0118913
0.0118384
0.0117826
0.0117289
0.0116995
0.0117169
0.00733245
0.0100343
0.00991363
0.00979976
0.0098938
0.0100929
0.0103414
0.0106042
0.010861
0.0111011
0.0113195
0.0115142
0.0116852
0.0118332
0.0119598
0.0120665
0.012155
0.012227
0.0122839
0.0123274
0.0123585
0.0123787
0.0123887
0.0123897
0.0123823
0.0123673
0.0123451
0.012316
0.0122802
0.0122375
0.0121875
0.0121294
0.0120614
0.0119823
0.0118913
0.0118384
0.0117826
0.0117289
0.0116995
0.0117169
0.00733246
0.0100343
0.00991361
0.00979974
0.00989379
0.0100929
0.0103414
0.0106042
0.010861
0.0111011
0.0113195
0.0115142
0.0116852
0.0118332
0.0119598
0.0120665
0.012155
0.012227
0.0122839
0.0123274
0.0123585
0.0123787
0.0123887
0.0123897
0.0123823
0.0123673
0.0123451
0.012316
0.0122802
0.0122375
0.0121875
0.0121294
0.0120614
0.0119824
0.0118913
0.0118384
0.0117826
0.0117289
0.0116995
0.0117169
0.00733247
0.0100343
0.00991361
0.00979974
0.00989379
0.0100929
0.0103414
0.0106042
0.010861
0.0111011
0.0113195
0.0115142
0.0116852
0.0118332
0.0119598
0.0120665
0.012155
0.012227
0.012284
0.0123274
0.0123586
0.0123787
0.0123888
0.0123897
0.0123824
0.0123673
0.0123451
0.012316
0.0122802
0.0122375
0.0121875
0.0121295
0.0120615
0.0119824
0.0118914
0.0118384
0.0117826
0.0117289
0.0116995
0.0117169
0.0073325
0.0100343
0.0099136
0.00979974
0.00989379
0.0100929
0.0103414
0.0106042
0.010861
0.0111011
0.0113195
0.0115142
0.0116852
0.0118333
0.0119598
0.0120665
0.012155
0.012227
0.012284
0.0123274
0.0123586
0.0123787
0.0123888
0.0123898
0.0123824
0.0123674
0.0123451
0.012316
0.0122802
0.0122376
0.0121875
0.0121295
0.0120615
0.0119824
0.0118914
0.0118385
0.0117827
0.011729
0.0116996
0.0117169
0.00733254
0.0100343
0.00991359
0.00979973
0.00989377
0.0100929
0.0103413
0.0106042
0.010861
0.0111011
0.0113194
0.0115142
0.0116852
0.0118332
0.0119598
0.0120665
0.012155
0.012227
0.012284
0.0123274
0.0123586
0.0123787
0.0123888
0.0123898
0.0123824
0.0123674
0.0123452
0.0123161
0.0122803
0.0122376
0.0121876
0.0121296
0.0120616
0.0119825
0.0118914
0.0118385
0.0117827
0.011729
0.0116996
0.011717
0.00733259
0.0100342
0.00991358
0.00979971
0.00989375
0.0100929
0.0103413
0.0106042
0.0108609
0.011101
0.0113194
0.0115141
0.0116851
0.0118332
0.0119598
0.0120665
0.012155
0.012227
0.012284
0.0123274
0.0123586
0.0123788
0.0123889
0.0123898
0.0123825
0.0123674
0.0123452
0.0123161
0.0122803
0.0122377
0.0121876
0.0121296
0.0120616
0.0119825
0.0118915
0.0118386
0.0117828
0.0117291
0.0116996
0.011717
0.00733265
0.0100342
0.00991357
0.0097997
0.00989373
0.0100929
0.0103413
0.0106041
0.0108609
0.011101
0.0113194
0.0115141
0.0116851
0.0118332
0.0119598
0.0120665
0.0121551
0.0122271
0.0122841
0.0123275
0.0123587
0.0123788
0.0123889
0.0123899
0.0123826
0.0123675
0.0123453
0.0123163
0.0122805
0.0122378
0.0121878
0.0121297
0.0120617
0.0119827
0.0118916
0.0118387
0.0117829
0.0117292
0.0116997
0.0117171
0.00733273
0.0100342
0.00991356
0.00979969
0.00989371
0.0100928
0.0103413
0.0106041
0.0108608
0.011101
0.0113194
0.0115141
0.0116851
0.0118332
0.0119598
0.0120666
0.0121551
0.0122271
0.0122841
0.0123276
0.0123588
0.0123789
0.0123891
0.0123901
0.0123827
0.0123677
0.0123455
0.0123164
0.0122806
0.0122379
0.0121879
0.0121299
0.0120619
0.0119828
0.0118918
0.0118388
0.011783
0.0117293
0.0116999
0.0117173
0.00733283
0.0100342
0.00991352
0.00979964
0.00989365
0.0100928
0.0103412
0.010604
0.0108608
0.0111009
0.0113193
0.0115141
0.0116851
0.0118332
0.0119598
0.0120666
0.0121551
0.0122271
0.0122842
0.0123276
0.0123589
0.012379
0.0123891
0.0123901
0.0123828
0.0123678
0.0123456
0.0123165
0.0122807
0.012238
0.012188
0.01213
0.012062
0.0119829
0.0118919
0.0118389
0.0117831
0.0117294
0.0117
0.0117174
0.00733295
0.0100342
0.00991349
0.00979959
0.00989358
0.0100927
0.0103411
0.0106039
0.0108606
0.0111008
0.0113192
0.011514
0.011685
0.0118332
0.0119598
0.0120666
0.0121552
0.0122272
0.0122843
0.0123277
0.012359
0.0123791
0.0123893
0.0123903
0.012383
0.0123679
0.0123457
0.0123167
0.0122809
0.0122382
0.0121882
0.0121302
0.0120622
0.0119831
0.011892
0.0118391
0.0117833
0.0117296
0.0117001
0.0117175
0.00733311
0.0100341
0.00991341
0.00979949
0.00989344
0.0100925
0.0103409
0.0106037
0.0108604
0.0111006
0.011319
0.0115138
0.0116849
0.0118331
0.0119597
0.0120665
0.0121551
0.0122272
0.0122843
0.0123278
0.012359
0.0123792
0.0123894
0.0123904
0.0123831
0.0123681
0.0123459
0.0123168
0.012281
0.0122384
0.0121884
0.0121303
0.0120623
0.0119833
0.0118922
0.0118392
0.0117834
0.0117297
0.0117003
0.0117177
0.00733331
0.0100341
0.00991338
0.00979942
0.00989334
0.0100924
0.0103407
0.0106035
0.0108603
0.0111004
0.0113189
0.0115137
0.0116848
0.011833
0.0119598
0.0120666
0.0121552
0.0122273
0.0122844
0.012328
0.0123593
0.0123795
0.0123896
0.0123907
0.0123834
0.0123684
0.0123462
0.0123172
0.0122814
0.0122387
0.0121887
0.0121307
0.0120627
0.0119836
0.0118925
0.0118396
0.0117838
0.01173
0.0117006
0.011718
0.00733356
0.0100341
0.00991331
0.00979929
0.00989314
0.0100921
0.0103404
0.0106032
0.01086
0.0111001
0.0113186
0.0115135
0.0116846
0.0118329
0.0119597
0.0120666
0.0121553
0.0122274
0.0122845
0.0123281
0.0123594
0.0123797
0.0123899
0.012391
0.0123837
0.0123687
0.0123465
0.0123175
0.0122817
0.0122391
0.0121891
0.0121311
0.0120631
0.011984
0.0118929
0.0118399
0.0117841
0.0117304
0.011701
0.0117183
0.00733388
0.0100341
0.00991327
0.00979917
0.00989294
0.0100918
0.0103401
0.0106029
0.0108596
0.0110998
0.0113184
0.0115133
0.0116845
0.0118328
0.0119597
0.0120666
0.0121554
0.0122276
0.0122848
0.0123284
0.0123598
0.0123801
0.0123903
0.0123914
0.0123842
0.0123692
0.0123471
0.0123181
0.0122823
0.0122397
0.0121897
0.0121316
0.0120636
0.0119845
0.0118935
0.0118405
0.0117846
0.0117309
0.0117014
0.0117188
0.0073343
0.0100342
0.00991326
0.00979903
0.00989265
0.0100914
0.0103396
0.0106023
0.0108591
0.0110993
0.0113179
0.011513
0.0116843
0.0118327
0.0119596
0.0120667
0.0121555
0.0122278
0.0122851
0.0123288
0.0123603
0.0123806
0.0123909
0.0123921
0.0123849
0.01237
0.0123478
0.0123188
0.0122831
0.0122405
0.0121905
0.0121324
0.0120644
0.0119853
0.0118942
0.0118412
0.0117854
0.0117316
0.0117022
0.0117195
0.00733483
0.0100345
0.00991337
0.00979891
0.0098923
0.0100909
0.010339
0.0106016
0.0108584
0.0110987
0.0113174
0.0115125
0.0116839
0.0118325
0.0119596
0.0120668
0.0121558
0.0122282
0.0122856
0.0123294
0.012361
0.0123814
0.0123918
0.012393
0.0123859
0.012371
0.0123489
0.01232
0.0122842
0.0122416
0.0121916
0.0121336
0.0120656
0.0119865
0.0118954
0.0118424
0.0117865
0.0117327
0.0117033
0.0117206
0.00733549
0.0100347
0.00991322
0.00979843
0.00989149
0.0100898
0.0103377
0.0106002
0.010857
0.0110973
0.0113161
0.0115114
0.011683
0.0118318
0.011959
0.0120665
0.0121557
0.0122283
0.0122859
0.0123299
0.0123616
0.0123822
0.0123927
0.012394
0.0123869
0.0123721
0.0123501
0.0123212
0.0122855
0.0122429
0.012193
0.012135
0.012067
0.0119879
0.0118968
0.0118438
0.0117879
0.0117341
0.0117046
0.0117219
0.00733632
0.0100331
0.00991124
0.00979626
0.00988916
0.0100873
0.0103351
0.0105976
0.0108544
0.0110947
0.0113135
0.0115088
0.0116805
0.0118293
0.0119567
0.0120642
0.0121536
0.0122263
0.0122841
0.0123282
0.0123601
0.0123808
0.0123914
0.0123929
0.012386
0.0123713
0.0123494
0.0123206
0.0122851
0.0122426
0.0121927
0.0121348
0.0120669
0.0119878
0.0118968
0.0118438
0.011788
0.0117342
0.0117048
0.0117221
0.00733728
0.0100718
0.00994641
0.00982704
0.0099193
0.0101185
0.0103671
0.0106295
0.010885
0.0111229
0.0113384
0.0115296
0.0116967
0.0118406
0.011963
0.0120654
0.0121498
0.0122179
0.0122712
0.0123112
0.0123393
0.0123566
0.0123642
0.0123631
0.0123539
0.0123373
0.0123139
0.0122838
0.0122473
0.0122041
0.0121538
0.0120956
0.0120275
0.0119485
0.0118575
0.0118065
0.011751
0.0116977
0.0116689
0.0116868
0.00730449
0.0121284
0.0115602
0.0109204
0.0106071
0.0104871
0.0104982
0.0105945
0.0107392
0.0109117
0.0110992
0.0112933
0.0114885
0.0116811
0.0118687
0.0120496
0.0122227
0.0123873
0.0125428
0.012689
0.0128257
0.0129527
0.0130701
0.0131777
0.0132755
0.0133633
0.0134408
0.0135076
0.0135627
0.0136048
0.0136323
0.01364
0.0136243
0.0135818
0.0135059
0.013432
0.0133093
0.0131749
0.0130623
0.0130139
0.00754267
0.0120742
0.0115094
0.0108807
0.010572
0.0104527
0.0104628
0.0105575
0.0107008
0.0108723
0.0110593
0.0112535
0.0114494
0.0116434
0.0118329
0.0120161
0.012192
0.0123596
0.0125184
0.0126681
0.0128084
0.0129391
0.0130601
0.0131714
0.0132727
0.0133638
0.0134445
0.0135142
0.0135721
0.0136167
0.0136465
0.0136564
0.0136428
0.0136023
0.0135282
0.0134552
0.0133337
0.0131996
0.013087
0.0130383
0.00757651
0.0120756
0.0115114
0.0108827
0.0105742
0.0104551
0.0104653
0.0105602
0.0107037
0.0108754
0.0110625
0.0112568
0.0114529
0.0116469
0.0118364
0.0120196
0.0121955
0.0123631
0.0125219
0.0126715
0.0128117
0.0129424
0.0130633
0.0131745
0.0132757
0.0133668
0.0134474
0.013517
0.0135748
0.0136193
0.0136491
0.013659
0.0136453
0.0136047
0.0135306
0.0134575
0.0133359
0.0132018
0.0130891
0.0130405
0.00757489
0.012075
0.0115109
0.0108825
0.0105742
0.0104555
0.010466
0.0105612
0.0107049
0.0108766
0.0110638
0.0112582
0.0114542
0.0116481
0.0118376
0.0120207
0.0121964
0.0123638
0.0125225
0.0126719
0.012812
0.0129425
0.0130632
0.0131742
0.0132752
0.0133661
0.0134465
0.013516
0.0135736
0.013618
0.0136477
0.0136574
0.0136436
0.013603
0.0135288
0.0134556
0.013334
0.0131999
0.0130873
0.0130386
0.00757375
0.0120748
0.0115108
0.0108824
0.0105743
0.0104557
0.0104664
0.0105617
0.0107055
0.0108773
0.0110645
0.0112589
0.0114549
0.0116488
0.0118382
0.0120212
0.0121969
0.0123642
0.0125227
0.0126721
0.012812
0.0129424
0.0130631
0.0131739
0.0132748
0.0133656
0.013446
0.0135153
0.0135729
0.0136173
0.0136469
0.0136566
0.0136428
0.0136021
0.0135279
0.0134547
0.0133331
0.013199
0.0130863
0.0130377
0.0075729
0.0120745
0.0115105
0.0108822
0.0105742
0.0104558
0.0104666
0.010562
0.0107058
0.0108777
0.011065
0.0112594
0.0114554
0.0116493
0.0118387
0.0120217
0.0121973
0.0123646
0.012523
0.0126723
0.0128122
0.0129425
0.0130631
0.0131739
0.0132748
0.0133655
0.0134458
0.0135151
0.0135726
0.0136169
0.0136464
0.0136561
0.0136422
0.0136015
0.0135273
0.0134541
0.0133325
0.0131984
0.0130858
0.0130371
0.00757229
0.0120745
0.0115106
0.0108823
0.0105744
0.010456
0.0104669
0.0105623
0.0107062
0.0108781
0.0110654
0.0112598
0.0114558
0.0116497
0.011839
0.012022
0.0121976
0.0123648
0.0125232
0.0126725
0.0128123
0.0129426
0.0130631
0.0131738
0.0132746
0.0133653
0.0134456
0.0135148
0.0135723
0.0136166
0.0136461
0.0136557
0.0136419
0.0136011
0.0135269
0.0134537
0.0133321
0.013198
0.0130854
0.0130368
0.00757184
0.0120744
0.0115105
0.0108822
0.0105743
0.010456
0.010467
0.0105625
0.0107064
0.0108784
0.0110657
0.01126
0.011456
0.0116499
0.0118393
0.0120223
0.0121978
0.012365
0.0125234
0.0126726
0.0128124
0.0129426
0.0130631
0.0131738
0.0132746
0.0133652
0.0134454
0.0135147
0.0135721
0.0136163
0.0136458
0.0136554
0.0136416
0.0136008
0.0135265
0.0134534
0.0133318
0.0131977
0.0130851
0.0130365
0.0075715
0.0120745
0.0115106
0.0108824
0.0105745
0.0104563
0.0104672
0.0105627
0.0107067
0.0108787
0.011066
0.0112604
0.0114564
0.0116503
0.0118395
0.0120225
0.012198
0.0123652
0.0125236
0.0126728
0.0128125
0.0129427
0.0130632
0.0131738
0.0132746
0.0133652
0.0134454
0.0135146
0.013572
0.0136162
0.0136456
0.0136552
0.0136413
0.0136006
0.0135263
0.0134531
0.0133315
0.0131974
0.0130848
0.0130363
0.00757125
0.0120744
0.0115105
0.0108823
0.0105745
0.0104562
0.0104672
0.0105627
0.0107067
0.0108787
0.011066
0.0112604
0.0114564
0.0116503
0.0118396
0.0120226
0.0121981
0.0123653
0.0125236
0.0126728
0.0128125
0.0129427
0.0130631
0.0131738
0.0132745
0.0133651
0.0134453
0.0135144
0.0135718
0.013616
0.0136455
0.0136551
0.0136412
0.0136004
0.0135261
0.0134529
0.0133313
0.0131973
0.0130847
0.0130361
0.00757105
0.0120745
0.0115106
0.0108824
0.0105746
0.0104563
0.0104673
0.0105629
0.0107069
0.0108789
0.0110662
0.0112606
0.0114566
0.0116505
0.0118398
0.0120227
0.0121982
0.0123654
0.0125237
0.0126729
0.0128126
0.0129427
0.0130632
0.0131738
0.0132745
0.0133651
0.0134452
0.0135144
0.0135717
0.0136159
0.0136454
0.013655
0.013641
0.0136002
0.013526
0.0134528
0.0133312
0.0131971
0.0130846
0.013036
0.0075709
0.0120745
0.0115106
0.0108823
0.0105746
0.0104563
0.0104673
0.0105629
0.0107069
0.0108789
0.0110662
0.0112606
0.0114566
0.0116505
0.0118397
0.0120227
0.0121982
0.0123653
0.0125237
0.0126728
0.0128125
0.0129427
0.0130631
0.0131737
0.0132744
0.013365
0.0134451
0.0135143
0.0135716
0.0136158
0.0136453
0.0136549
0.0136409
0.0136001
0.0135259
0.0134527
0.0133311
0.013197
0.0130845
0.0130359
0.00757079
0.0120745
0.0115106
0.0108824
0.0105746
0.0104564
0.0104673
0.0105629
0.0107069
0.0108789
0.0110662
0.0112606
0.0114566
0.0116505
0.0118398
0.0120227
0.0121982
0.0123653
0.0125237
0.0126728
0.0128125
0.0129426
0.013063
0.0131737
0.0132743
0.0133649
0.013445
0.0135142
0.0135716
0.0136157
0.0136452
0.0136548
0.0136409
0.0136001
0.0135258
0.0134526
0.013331
0.013197
0.0130844
0.0130358
0.0075707
0.0120746
0.0115106
0.0108824
0.0105746
0.0104563
0.0104673
0.0105629
0.0107069
0.0108789
0.0110662
0.0112606
0.0114566
0.0116505
0.0118397
0.0120227
0.0121981
0.0123653
0.0125236
0.0126727
0.0128124
0.0129425
0.013063
0.0131736
0.0132743
0.0133648
0.013445
0.0135141
0.0135715
0.0136157
0.0136451
0.0136547
0.0136408
0.0136
0.0135257
0.0134525
0.013331
0.0131969
0.0130843
0.0130358
0.00757063
0.0120746
0.0115106
0.0108824
0.0105746
0.0104563
0.0104673
0.0105628
0.0107068
0.0108788
0.0110662
0.0112605
0.0114565
0.0116504
0.0118397
0.0120226
0.0121981
0.0123652
0.0125235
0.0126727
0.0128124
0.0129425
0.0130629
0.0131735
0.0132742
0.0133648
0.0134449
0.0135141
0.0135714
0.0136156
0.0136451
0.0136547
0.0136407
0.0135999
0.0135257
0.0134525
0.0133309
0.0131969
0.0130843
0.0130357
0.00757058
0.0120746
0.0115106
0.0108824
0.0105746
0.0104563
0.0104673
0.0105628
0.0107068
0.0108788
0.0110661
0.0112605
0.0114565
0.0116504
0.0118396
0.0120226
0.012198
0.0123652
0.0125235
0.0126726
0.0128123
0.0129424
0.0130629
0.0131735
0.0132742
0.0133647
0.0134449
0.013514
0.0135714
0.0136156
0.013645
0.0136546
0.0136407
0.0135999
0.0135256
0.0134525
0.0133309
0.0131968
0.0130842
0.0130357
0.00757054
0.0120746
0.0115107
0.0108824
0.0105746
0.0104563
0.0104673
0.0105628
0.0107068
0.0108788
0.0110661
0.0112605
0.0114565
0.0116504
0.0118396
0.0120226
0.012198
0.0123652
0.0125235
0.0126726
0.0128123
0.0129424
0.0130628
0.0131735
0.0132741
0.0133647
0.0134448
0.013514
0.0135714
0.0136156
0.013645
0.0136546
0.0136407
0.0135999
0.0135256
0.0134524
0.0133308
0.0131968
0.0130842
0.0130356
0.00757051
0.0120746
0.0115107
0.0108824
0.0105746
0.0104563
0.0104673
0.0105629
0.0107068
0.0108788
0.0110661
0.0112605
0.0114565
0.0116504
0.0118396
0.0120226
0.012198
0.0123652
0.0125235
0.0126726
0.0128123
0.0129424
0.0130628
0.0131734
0.0132741
0.0133647
0.0134448
0.013514
0.0135714
0.0136155
0.013645
0.0136546
0.0136407
0.0135998
0.0135256
0.0134524
0.0133308
0.0131968
0.0130842
0.0130356
0.00757048
0.0120746
0.0115107
0.0108824
0.0105746
0.0104563
0.0104673
0.0105629
0.0107069
0.0108788
0.0110662
0.0112605
0.0114565
0.0116504
0.0118396
0.0120226
0.012198
0.0123652
0.0125235
0.0126726
0.0128123
0.0129424
0.0130628
0.0131734
0.0132741
0.0133647
0.0134448
0.013514
0.0135714
0.0136155
0.013645
0.0136546
0.0136407
0.0135998
0.0135256
0.0134524
0.0133308
0.0131968
0.0130842
0.0130356
0.00757047
0.0120746
0.0115107
0.0108824
0.0105746
0.0104564
0.0104673
0.0105629
0.0107069
0.0108789
0.0110662
0.0112606
0.0114565
0.0116504
0.0118397
0.0120226
0.012198
0.0123652
0.0125235
0.0126726
0.0128123
0.0129424
0.0130629
0.0131735
0.0132742
0.0133647
0.0134448
0.013514
0.0135714
0.0136156
0.013645
0.0136546
0.0136407
0.0135999
0.0135256
0.0134524
0.0133308
0.0131968
0.0130842
0.0130356
0.00757047
0.0120747
0.0115107
0.0108824
0.0105746
0.0104564
0.0104674
0.0105629
0.0107069
0.0108789
0.0110662
0.0112606
0.0114566
0.0116504
0.0118397
0.0120226
0.0121981
0.0123652
0.0125235
0.0126726
0.0128123
0.0129425
0.0130629
0.0131735
0.0132742
0.0133647
0.0134449
0.013514
0.0135714
0.0136156
0.013645
0.0136546
0.0136407
0.0135999
0.0135256
0.0134524
0.0133308
0.0131968
0.0130842
0.0130356
0.00757046
0.0120746
0.0115107
0.0108824
0.0105746
0.0104564
0.0104674
0.0105629
0.0107069
0.0108789
0.0110662
0.0112606
0.0114566
0.0116504
0.0118397
0.0120226
0.0121981
0.0123652
0.0125235
0.0126727
0.0128123
0.0129425
0.0130629
0.0131735
0.0132742
0.0133647
0.0134449
0.013514
0.0135714
0.0136156
0.013645
0.0136546
0.0136407
0.0135999
0.0135256
0.0134524
0.0133308
0.0131968
0.0130842
0.0130356
0.00757047
0.0120746
0.0115107
0.0108824
0.0105746
0.0104564
0.0104674
0.0105629
0.0107069
0.0108789
0.0110662
0.0112606
0.0114566
0.0116505
0.0118397
0.0120226
0.0121981
0.0123652
0.0125235
0.0126727
0.0128124
0.0129425
0.0130629
0.0131735
0.0132742
0.0133647
0.0134449
0.013514
0.0135714
0.0136156
0.013645
0.0136546
0.0136407
0.0135999
0.0135256
0.0134524
0.0133308
0.0131968
0.0130842
0.0130356
0.00757049
0.0120746
0.0115107
0.0108824
0.0105746
0.0104564
0.0104673
0.0105629
0.0107069
0.0108789
0.0110662
0.0112606
0.0114566
0.0116505
0.0118397
0.0120227
0.0121981
0.0123652
0.0125235
0.0126727
0.0128124
0.0129425
0.0130629
0.0131735
0.0132742
0.0133648
0.0134449
0.013514
0.0135714
0.0136156
0.013645
0.0136546
0.0136407
0.0135999
0.0135256
0.0134524
0.0133309
0.0131968
0.0130842
0.0130357
0.00757051
0.0120746
0.0115106
0.0108824
0.0105746
0.0104564
0.0104673
0.0105629
0.0107069
0.0108789
0.0110662
0.0112606
0.0114566
0.0116504
0.0118397
0.0120226
0.0121981
0.0123652
0.0125235
0.0126727
0.0128124
0.0129425
0.0130629
0.0131735
0.0132742
0.0133648
0.0134449
0.0135141
0.0135714
0.0136156
0.013645
0.0136546
0.0136407
0.0135999
0.0135256
0.0134525
0.0133309
0.0131968
0.0130842
0.0130357
0.00757054
0.0120746
0.0115106
0.0108824
0.0105746
0.0104563
0.0104673
0.0105629
0.0107069
0.0108789
0.0110662
0.0112606
0.0114565
0.0116504
0.0118397
0.0120226
0.0121981
0.0123652
0.0125235
0.0126726
0.0128123
0.0129425
0.0130629
0.0131735
0.0132742
0.0133648
0.0134449
0.013514
0.0135714
0.0136156
0.013645
0.0136546
0.0136407
0.0135999
0.0135256
0.0134525
0.0133309
0.0131968
0.0130843
0.0130357
0.00757059
0.0120745
0.0115106
0.0108823
0.0105745
0.0104563
0.0104673
0.0105629
0.0107068
0.0108788
0.0110661
0.0112605
0.0114565
0.0116504
0.0118396
0.0120226
0.012198
0.0123652
0.0125235
0.0126726
0.0128123
0.0129425
0.0130629
0.0131735
0.0132742
0.0133648
0.0134449
0.0135141
0.0135714
0.0136156
0.0136451
0.0136547
0.0136408
0.0136
0.0135257
0.0134525
0.0133309
0.0131969
0.0130843
0.0130357
0.00757064
0.0120745
0.0115106
0.0108823
0.0105745
0.0104563
0.0104673
0.0105628
0.0107068
0.0108788
0.0110661
0.0112605
0.0114565
0.0116504
0.0118396
0.0120226
0.012198
0.0123652
0.0125235
0.0126727
0.0128124
0.0129425
0.0130629
0.0131736
0.0132743
0.0133648
0.013445
0.0135141
0.0135715
0.0136157
0.0136452
0.0136548
0.0136409
0.0136001
0.0135258
0.0134526
0.013331
0.013197
0.0130844
0.0130358
0.00757072
0.0120745
0.0115105
0.0108823
0.0105745
0.0104563
0.0104672
0.0105628
0.0107068
0.0108788
0.0110661
0.0112605
0.0114564
0.0116503
0.0118396
0.0120225
0.012198
0.0123652
0.0125235
0.0126726
0.0128124
0.0129425
0.0130629
0.0131736
0.0132743
0.0133649
0.013445
0.0135142
0.0135716
0.0136158
0.0136452
0.0136548
0.0136409
0.0136001
0.0135259
0.0134527
0.0133311
0.0131971
0.0130845
0.0130359
0.00757081
0.0120745
0.0115105
0.0108822
0.0105744
0.0104562
0.0104672
0.0105627
0.0107067
0.0108787
0.011066
0.0112604
0.0114563
0.0116502
0.0118395
0.0120225
0.0121979
0.0123651
0.0125235
0.0126726
0.0128123
0.0129425
0.0130629
0.0131736
0.0132743
0.0133649
0.013445
0.0135142
0.0135716
0.0136158
0.0136453
0.0136549
0.013641
0.0136002
0.0135259
0.0134528
0.0133312
0.0131971
0.0130845
0.0130359
0.00757093
0.0120744
0.0115105
0.0108822
0.0105744
0.0104561
0.0104671
0.0105626
0.0107066
0.0108785
0.0110658
0.0112602
0.0114562
0.0116501
0.0118394
0.0120224
0.0121978
0.012365
0.0125234
0.0126725
0.0128123
0.0129425
0.0130629
0.0131736
0.0132743
0.0133649
0.0134451
0.0135143
0.0135717
0.0136159
0.0136454
0.013655
0.0136411
0.0136003
0.0135261
0.0134529
0.0133313
0.0131972
0.0130847
0.0130361
0.00757108
0.0120744
0.0115104
0.0108821
0.0105743
0.010456
0.0104669
0.0105625
0.0107064
0.0108784
0.0110657
0.0112601
0.0114561
0.01165
0.0118393
0.0120222
0.0121977
0.0123649
0.0125233
0.0126725
0.0128123
0.0129424
0.0130629
0.0131736
0.0132743
0.013365
0.0134451
0.0135144
0.0135718
0.013616
0.0136455
0.0136551
0.0136412
0.0136004
0.0135262
0.013453
0.0133314
0.0131974
0.0130848
0.0130362
0.00757128
0.0120744
0.0115104
0.0108821
0.0105742
0.0104559
0.0104668
0.0105623
0.0107062
0.0108782
0.0110655
0.0112598
0.0114558
0.0116497
0.0118391
0.0120221
0.0121976
0.0123648
0.0125232
0.0126724
0.0128122
0.0129424
0.0130629
0.0131736
0.0132743
0.013365
0.0134452
0.0135144
0.0135719
0.0136161
0.0136456
0.0136553
0.0136414
0.0136006
0.0135264
0.0134532
0.0133316
0.0131976
0.013085
0.0130364
0.00757154
0.0120743
0.0115103
0.010882
0.0105741
0.0104558
0.0104666
0.0105621
0.010706
0.0108779
0.0110652
0.0112596
0.0114556
0.0116495
0.0118389
0.0120219
0.0121974
0.0123647
0.0125231
0.0126723
0.0128121
0.0129424
0.0130629
0.0131736
0.0132745
0.0133651
0.0134454
0.0135146
0.0135721
0.0136163
0.0136459
0.0136555
0.0136417
0.0136009
0.0135267
0.0134535
0.0133319
0.0131978
0.0130852
0.0130366
0.00757188
0.0120744
0.0115103
0.010882
0.010574
0.0104556
0.0104664
0.0105618
0.0107057
0.0108776
0.0110649
0.0112592
0.0114552
0.0116492
0.0118385
0.0120216
0.0121971
0.0123644
0.0125229
0.0126722
0.012812
0.0129423
0.0130629
0.0131737
0.0132745
0.0133652
0.0134455
0.0135148
0.0135723
0.0136166
0.0136462
0.0136559
0.013642
0.0136013
0.0135271
0.0134539
0.0133323
0.0131982
0.0130856
0.013037
0.00757233
0.0120745
0.0115104
0.010882
0.010574
0.0104554
0.0104661
0.0105614
0.0107052
0.0108771
0.0110643
0.0112587
0.0114547
0.0116486
0.011838
0.0120211
0.0121967
0.0123641
0.0125226
0.012672
0.0128119
0.0129423
0.0130629
0.0131738
0.0132747
0.0133655
0.0134458
0.0135152
0.0135727
0.0136171
0.0136467
0.0136564
0.0136426
0.0136019
0.0135277
0.0134545
0.0133329
0.0131988
0.0130862
0.0130375
0.00757296
0.0120749
0.0115107
0.0108822
0.010574
0.0104552
0.0104658
0.0105609
0.0107046
0.0108764
0.0110635
0.0112579
0.0114539
0.0116479
0.0118373
0.0120205
0.0121961
0.0123636
0.0125222
0.0126717
0.0128117
0.0129422
0.0130629
0.0131739
0.0132749
0.0133658
0.0134462
0.0135156
0.0135733
0.0136177
0.0136473
0.0136571
0.0136433
0.0136026
0.0135285
0.0134553
0.0133337
0.0131996
0.0130869
0.0130382
0.00757382
0.0120753
0.0115108
0.0108822
0.0105737
0.0104547
0.010465
0.0105599
0.0107035
0.0108751
0.0110622
0.0112566
0.0114526
0.0116466
0.0118361
0.0120194
0.0121952
0.0123628
0.0125215
0.0126712
0.0128114
0.012942
0.0130629
0.013174
0.0132752
0.0133662
0.0134468
0.0135163
0.0135741
0.0136186
0.0136483
0.0136581
0.0136444
0.0136038
0.0135297
0.0134565
0.0133349
0.0132008
0.0130881
0.0130394
0.00757498
0.0120742
0.0115092
0.0108805
0.0105718
0.0104526
0.0104628
0.0105576
0.010701
0.0108726
0.0110596
0.0112539
0.0114499
0.011644
0.0118335
0.0120169
0.0121928
0.0123605
0.0125194
0.0126692
0.0128095
0.0129404
0.0130615
0.0131728
0.0132742
0.0133654
0.0134462
0.0135159
0.0135738
0.0136185
0.0136484
0.0136584
0.0136448
0.0136043
0.0135303
0.0134572
0.0133358
0.0132017
0.013089
0.0130403
0.00757655
0.0121399
0.0115725
0.010931
0.0106163
0.0104952
0.0105053
0.0106009
0.0107451
0.0109172
0.0111042
0.011298
0.0114929
0.0116853
0.0118726
0.0120533
0.0122262
0.0123906
0.012546
0.012692
0.0128286
0.0129555
0.0130728
0.0131803
0.013278
0.0133657
0.0134432
0.0135098
0.0135648
0.0136069
0.0136343
0.0136418
0.0136258
0.013583
0.0135068
0.0134333
0.0133096
0.0131747
0.0130621
0.0130137
0.0075427
0.00732895
0.00798488
0.00905485
0.00971953
0.0100765
0.010262
0.0103783
0.0104342
0.0104463
0.0104285
0.0103908
0.01034
0.0102809
0.0102167
0.0101497
0.0100814
0.0100128
0.00994475
0.0098777
0.00981202
0.00974793
0.00968563
0.00962525
0.00956694
0.00951087
0.00945727
0.00940651
0.00935921
0.00931639
0.00927983
0.00925275
0.00924124
0.00924951
0.00924496
0.0096209
0.0102931
0.0113429
0.0138076
0.0147219
0.00902772
0.00733483
0.00795067
0.00901179
0.00967762
0.0100396
0.0102307
0.0103521
0.0104127
0.0104292
0.0104154
0.0103811
0.0103333
0.0102766
0.0102146
0.0101494
0.0100827
0.0100155
0.00994855
0.00988249
0.00981765
0.0097543
0.00969263
0.00963281
0.00957498
0.00951934
0.00946614
0.00941575
0.0093688
0.0093263
0.00929008
0.00926333
0.00925218
0.00926081
0.00925714
0.00963198
0.0103047
0.0113568
0.0138226
0.0147325
0.00907097
0.00733346
0.0079492
0.00901015
0.00967611
0.0100381
0.0102295
0.0103512
0.010412
0.0104286
0.0104148
0.0103805
0.0103326
0.010276
0.010214
0.0101489
0.0100822
0.010015
0.00994813
0.00988211
0.0098173
0.00975398
0.00969234
0.00963255
0.00957475
0.00951914
0.00946596
0.0094156
0.00936868
0.00932622
0.00929002
0.0092633
0.00925217
0.00926081
0.00925713
0.00963198
0.0103047
0.0113569
0.0138233
0.014734
0.00906756
0.00733311
0.00794961
0.00901093
0.00967708
0.0100392
0.0102304
0.0103519
0.0104126
0.0104291
0.0104152
0.0103808
0.0103329
0.0102763
0.0102142
0.0101491
0.0100823
0.0100151
0.00994825
0.00988222
0.00981742
0.0097541
0.00969246
0.00963267
0.00957488
0.00951928
0.00946611
0.00941576
0.00936884
0.00932638
0.00929017
0.00926345
0.00925232
0.00926096
0.00925731
0.00963221
0.010305
0.0113573
0.013824
0.0147332
0.00906564
0.00733304
0.00794997
0.00901142
0.00967754
0.0100396
0.0102308
0.0103523
0.010413
0.0104295
0.0104155
0.0103811
0.0103332
0.0102765
0.0102145
0.0101493
0.0100825
0.0100153
0.00994844
0.0098824
0.0098176
0.00975427
0.00969264
0.00963285
0.00957506
0.00951946
0.00946629
0.00941595
0.00936904
0.0093266
0.00929041
0.00926372
0.00925261
0.00926126
0.00925759
0.00963249
0.0103053
0.0113576
0.0138243
0.0147326
0.00906439
0.00733301
0.00795033
0.00901199
0.00967816
0.0100402
0.0102313
0.0103527
0.0104134
0.0104298
0.0104158
0.0103814
0.0103334
0.0102768
0.0102147
0.0101495
0.0100827
0.0100155
0.0099486
0.00988256
0.00981775
0.00975442
0.00969278
0.00963299
0.0095752
0.0095196
0.00946643
0.00941609
0.00936917
0.00932671
0.00929052
0.00926382
0.00925272
0.00926137
0.00925773
0.00963268
0.0103055
0.0113579
0.0138247
0.0147323
0.00906357
0.00733295
0.00795046
0.00901221
0.00967843
0.0100405
0.0102316
0.010353
0.0104136
0.01043
0.010416
0.0103815
0.0103336
0.0102769
0.0102148
0.0101496
0.0100828
0.0100156
0.0099487
0.00988266
0.00981784
0.00975451
0.00969287
0.00963308
0.0095753
0.0095197
0.00946653
0.00941619
0.00936929
0.00932685
0.00929066
0.00926396
0.00925286
0.0092615
0.00925783
0.00963279
0.0103056
0.011358
0.0138249
0.0147321
0.009063
0.00733295
0.00795067
0.0090125
0.00967875
0.0100409
0.0102319
0.0103532
0.0104138
0.0104302
0.0104162
0.0103817
0.0103337
0.010277
0.0102149
0.0101497
0.010083
0.0100157
0.00994882
0.00988277
0.00981795
0.00975462
0.00969297
0.00963318
0.0095754
0.00951979
0.00946663
0.00941629
0.00936938
0.00932694
0.00929075
0.00926406
0.00925297
0.00926162
0.00925795
0.0096329
0.0103058
0.0113582
0.0138251
0.0147319
0.00906259
0.0073329
0.00795074
0.00901261
0.00967888
0.010041
0.010232
0.0103533
0.0104139
0.0104303
0.0104163
0.0103818
0.0103338
0.0102771
0.010215
0.0101498
0.010083
0.0100158
0.00994886
0.00988281
0.00981799
0.00975466
0.00969301
0.00963322
0.00957544
0.00951984
0.00946668
0.00941634
0.00936944
0.009327
0.00929082
0.00926412
0.00925303
0.00926169
0.00925802
0.00963298
0.0103058
0.0113583
0.0138253
0.0147318
0.0090623
0.0073329
0.00795087
0.00901281
0.00967911
0.0100412
0.0102322
0.0103535
0.0104141
0.0104305
0.0104164
0.0103819
0.0103339
0.0102772
0.0102151
0.0101499
0.0100831
0.0100159
0.00994896
0.00988291
0.00981808
0.00975474
0.0096931
0.00963331
0.00957552
0.00951992
0.00946676
0.00941642
0.00936951
0.00932707
0.00929089
0.0092642
0.0092531
0.00926175
0.00925808
0.00963304
0.0103059
0.0113584
0.0138254
0.0147317
0.00906208
0.00733287
0.00795092
0.00901288
0.00967919
0.0100413
0.0102323
0.0103536
0.0104141
0.0104305
0.0104165
0.010382
0.010334
0.0102773
0.0102152
0.0101499
0.0100831
0.0100159
0.009949
0.00988295
0.00981812
0.00975478
0.00969314
0.00963335
0.00957556
0.00951996
0.0094668
0.00941646
0.00936956
0.00932712
0.00929094
0.00926425
0.00925316
0.00926181
0.00925814
0.00963309
0.010306
0.0113584
0.0138255
0.0147316
0.00906191
0.00733287
0.00795099
0.00901299
0.00967932
0.0100414
0.0102324
0.0103537
0.0104143
0.0104306
0.0104166
0.0103821
0.0103341
0.0102774
0.0102153
0.01015
0.0100832
0.010016
0.00994907
0.00988302
0.00981819
0.00975485
0.00969321
0.00963341
0.00957562
0.00952002
0.00946686
0.00941652
0.00936962
0.00932717
0.00929099
0.0092643
0.0092532
0.00926185
0.00925818
0.00963314
0.010306
0.0113585
0.0138255
0.0147316
0.00906178
0.00733284
0.00795102
0.00901304
0.00967939
0.0100415
0.0102325
0.0103538
0.0104143
0.0104307
0.0104167
0.0103822
0.0103341
0.0102774
0.0102153
0.0101501
0.0100833
0.010016
0.00994912
0.00988306
0.00981824
0.0097549
0.00969325
0.00963346
0.00957567
0.00952007
0.0094669
0.00941657
0.00936966
0.00932722
0.00929104
0.00926434
0.00925324
0.00926189
0.00925822
0.00963317
0.0103061
0.0113585
0.0138256
0.0147315
0.00906169
0.00733284
0.00795106
0.00901311
0.00967947
0.0100416
0.0102326
0.0103539
0.0104144
0.0104308
0.0104167
0.0103822
0.0103342
0.0102775
0.0102154
0.0101501
0.0100833
0.0100161
0.00994917
0.00988312
0.00981829
0.00975495
0.0096933
0.00963351
0.00957572
0.00952012
0.00946695
0.00941661
0.0093697
0.00932725
0.00929107
0.00926437
0.00925328
0.00926192
0.00925825
0.00963321
0.0103061
0.0113586
0.0138256
0.0147315
0.00906162
0.00733283
0.0079511
0.00901316
0.00967953
0.0100417
0.0102326
0.0103539
0.0104144
0.0104308
0.0104168
0.0103823
0.0103343
0.0102775
0.0102154
0.0101502
0.0100834
0.0100161
0.00994923
0.00988317
0.00981834
0.009755
0.00969335
0.00963356
0.00957577
0.00952016
0.00946699
0.00941665
0.00936974
0.00932729
0.0092911
0.0092644
0.0092533
0.00926194
0.00925827
0.00963323
0.0103061
0.0113586
0.0138257
0.0147315
0.00906156
0.00733282
0.00795112
0.0090132
0.00967958
0.0100417
0.0102327
0.010354
0.0104145
0.0104309
0.0104168
0.0103823
0.0103343
0.0102776
0.0102155
0.0101502
0.0100834
0.0100162
0.00994927
0.00988321
0.00981838
0.00975504
0.00969339
0.00963359
0.0095758
0.00952019
0.00946702
0.00941668
0.00936976
0.00932732
0.00929113
0.00926442
0.00925332
0.00926196
0.00925829
0.00963325
0.0103061
0.0113586
0.0138257
0.0147315
0.00906152
0.00733282
0.00795114
0.00901322
0.00967962
0.0100418
0.0102327
0.010354
0.0104145
0.0104309
0.0104169
0.0103823
0.0103343
0.0102776
0.0102155
0.0101502
0.0100835
0.0100162
0.0099493
0.00988324
0.00981841
0.00975507
0.00969342
0.00963362
0.00957583
0.00952022
0.00946705
0.0094167
0.00936978
0.00932733
0.00929115
0.00926444
0.00925334
0.00926198
0.0092583
0.00963326
0.0103061
0.0113586
0.0138257
0.0147315
0.00906149
0.00733281
0.00795114
0.00901324
0.00967964
0.0100418
0.0102327
0.010354
0.0104145
0.0104309
0.0104169
0.0103824
0.0103343
0.0102776
0.0102155
0.0101503
0.0100835
0.0100162
0.00994932
0.00988327
0.00981844
0.00975509
0.00969344
0.00963364
0.00957584
0.00952023
0.00946706
0.00941671
0.0093698
0.00932735
0.00929116
0.00926445
0.00925335
0.00926199
0.00925831
0.00963327
0.0103062
0.0113586
0.0138257
0.0147315
0.00906146
0.00733281
0.00795116
0.00901326
0.00967966
0.0100418
0.0102328
0.010354
0.0104146
0.0104309
0.0104169
0.0103824
0.0103344
0.0102776
0.0102155
0.0101503
0.0100835
0.0100163
0.00994934
0.00988328
0.00981845
0.00975511
0.00969345
0.00963365
0.00957586
0.00952024
0.00946707
0.00941672
0.00936981
0.00932735
0.00929116
0.00926446
0.00925336
0.00926199
0.00925831
0.00963327
0.0103062
0.0113586
0.0138257
0.0147315
0.00906145
0.00733281
0.00795117
0.00901328
0.00967968
0.0100418
0.0102328
0.0103541
0.0104146
0.010431
0.0104169
0.0103824
0.0103344
0.0102776
0.0102155
0.0101503
0.0100835
0.0100163
0.00994935
0.00988329
0.00981846
0.00975511
0.00969346
0.00963366
0.00957586
0.00952025
0.00946707
0.00941672
0.00936981
0.00932736
0.00929117
0.00926446
0.00925336
0.009262
0.00925832
0.00963327
0.0103062
0.0113586
0.0138257
0.0147315
0.00906144
0.00733281
0.00795116
0.00901327
0.00967968
0.0100418
0.0102328
0.0103541
0.0104146
0.0104309
0.0104169
0.0103824
0.0103344
0.0102776
0.0102155
0.0101503
0.0100835
0.0100163
0.00994935
0.00988329
0.00981845
0.00975511
0.00969345
0.00963365
0.00957585
0.00952024
0.00946707
0.00941672
0.00936981
0.00932735
0.00929116
0.00926446
0.00925336
0.009262
0.00925832
0.00963327
0.0103062
0.0113586
0.0138257
0.0147314
0.00906143
0.00733281
0.00795115
0.00901326
0.00967966
0.0100418
0.0102327
0.010354
0.0104145
0.0104309
0.0104169
0.0103824
0.0103343
0.0102776
0.0102155
0.0101503
0.0100835
0.0100162
0.00994933
0.00988327
0.00981843
0.00975509
0.00969343
0.00963363
0.00957583
0.00952022
0.00946705
0.00941671
0.00936979
0.00932734
0.00929115
0.00926445
0.00925335
0.00926199
0.00925831
0.00963327
0.0103062
0.0113586
0.0138257
0.0147314
0.00906144
0.00733281
0.00795115
0.00901324
0.00967964
0.0100418
0.0102327
0.010354
0.0104145
0.0104309
0.0104168
0.0103823
0.0103343
0.0102776
0.0102155
0.0101502
0.0100835
0.0100162
0.0099493
0.00988324
0.00981841
0.00975506
0.0096934
0.0096336
0.00957581
0.0095202
0.00946703
0.00941669
0.00936978
0.00932733
0.00929114
0.00926444
0.00925334
0.00926197
0.0092583
0.00963326
0.0103061
0.0113586
0.0138257
0.0147314
0.00906145
0.00733281
0.00795113
0.00901322
0.00967961
0.0100418
0.0102327
0.010354
0.0104145
0.0104308
0.0104168
0.0103823
0.0103343
0.0102776
0.0102155
0.0101502
0.0100834
0.0100162
0.00994927
0.00988321
0.00981838
0.00975503
0.00969338
0.00963358
0.00957579
0.00952018
0.00946701
0.00941667
0.00936976
0.00932731
0.00929112
0.00926442
0.00925332
0.00926196
0.00925829
0.00963324
0.0103061
0.0113586
0.0138257
0.0147314
0.00906147
0.00733281
0.00795111
0.00901318
0.00967956
0.0100417
0.0102326
0.0103539
0.0104144
0.0104308
0.0104168
0.0103823
0.0103342
0.0102775
0.0102154
0.0101502
0.0100834
0.0100161
0.00994923
0.00988317
0.00981834
0.009755
0.00969335
0.00963355
0.00957576
0.00952015
0.00946699
0.00941664
0.00936974
0.00932729
0.0092911
0.0092644
0.0092533
0.00926194
0.00925827
0.00963323
0.0103061
0.0113586
0.0138257
0.0147314
0.00906151
0.00733282
0.00795108
0.00901314
0.00967951
0.0100416
0.0102326
0.0103539
0.0104144
0.0104308
0.0104167
0.0103822
0.0103342
0.0102775
0.0102154
0.0101501
0.0100834
0.0100161
0.00994919
0.00988314
0.00981831
0.00975497
0.00969332
0.00963353
0.00957574
0.00952013
0.00946697
0.00941663
0.00936972
0.00932727
0.00929109
0.00926439
0.00925329
0.00926193
0.00925826
0.00963321
0.0103061
0.0113586
0.0138256
0.0147314
0.00906155
0.00733282
0.00795105
0.00901309
0.00967944
0.0100416
0.0102325
0.0103538
0.0104143
0.0104307
0.0104167
0.0103822
0.0103342
0.0102774
0.0102153
0.0101501
0.0100833
0.0100161
0.00994915
0.00988309
0.00981827
0.00975493
0.00969328
0.00963349
0.0095757
0.0095201
0.00946693
0.00941659
0.00936968
0.00932724
0.00929105
0.00926435
0.00925325
0.0092619
0.00925823
0.00963319
0.0103061
0.0113585
0.0138256
0.0147315
0.00906161
0.00733283
0.00795101
0.00901302
0.00967937
0.0100415
0.0102324
0.0103537
0.0104143
0.0104306
0.0104166
0.0103821
0.0103341
0.0102774
0.0102153
0.01015
0.0100833
0.010016
0.0099491
0.00988305
0.00981822
0.00975489
0.00969324
0.00963345
0.00957567
0.00952006
0.0094669
0.00941656
0.00936965
0.0093272
0.00929102
0.00926432
0.00925322
0.00926187
0.0092582
0.00963316
0.010306
0.0113585
0.0138256
0.0147315
0.00906169
0.00733284
0.00795096
0.00901294
0.00967927
0.0100414
0.0102323
0.0103536
0.0104142
0.0104306
0.0104165
0.0103821
0.010334
0.0102773
0.0102152
0.01015
0.0100832
0.010016
0.00994905
0.00988299
0.00981817
0.00975483
0.00969319
0.0096334
0.00957562
0.00952002
0.00946686
0.00941652
0.00936961
0.00932716
0.00929098
0.00926429
0.00925319
0.00926183
0.00925817
0.00963312
0.010306
0.0113585
0.0138255
0.0147316
0.00906179
0.00733285
0.0079509
0.00901285
0.00967917
0.0100413
0.0102323
0.0103536
0.0104141
0.0104305
0.0104165
0.010382
0.010334
0.0102773
0.0102152
0.0101499
0.0100831
0.0100159
0.00994899
0.00988294
0.00981812
0.00975479
0.00969315
0.00963336
0.00957558
0.00951998
0.00946682
0.00941647
0.00936957
0.00932713
0.00929094
0.00926425
0.00925315
0.00926179
0.00925813
0.00963308
0.010306
0.0113584
0.0138254
0.0147316
0.00906192
0.00733286
0.00795082
0.00901274
0.00967902
0.0100411
0.0102321
0.0103534
0.010414
0.0104304
0.0104164
0.0103819
0.0103339
0.0102772
0.0102151
0.0101498
0.0100831
0.0100158
0.00994892
0.00988288
0.00981806
0.00975473
0.00969309
0.0096333
0.00957552
0.00951992
0.00946676
0.00941642
0.00936952
0.00932707
0.00929089
0.0092642
0.00925309
0.00926174
0.00925808
0.00963304
0.0103059
0.0113583
0.0138254
0.0147317
0.00906209
0.00733288
0.00795074
0.0090126
0.00967887
0.010041
0.010232
0.0103533
0.0104139
0.0104303
0.0104163
0.0103818
0.0103338
0.0102771
0.010215
0.0101498
0.010083
0.0100158
0.00994885
0.00988281
0.00981799
0.00975466
0.00969302
0.00963324
0.00957546
0.00951986
0.0094667
0.00941637
0.00936946
0.00932701
0.00929083
0.00926414
0.00925303
0.00926168
0.00925803
0.00963298
0.0103058
0.0113583
0.0138252
0.0147317
0.00906232
0.0073329
0.00795061
0.00901241
0.00967864
0.0100407
0.0102318
0.0103531
0.0104137
0.0104301
0.0104161
0.0103817
0.0103337
0.010277
0.0102149
0.0101496
0.0100829
0.0100156
0.00994874
0.0098827
0.00981788
0.00975455
0.00969292
0.00963314
0.00957536
0.00951976
0.00946661
0.00941627
0.00936936
0.00932692
0.00929074
0.00926403
0.00925293
0.00926159
0.00925794
0.00963288
0.0103057
0.0113582
0.0138251
0.0147318
0.00906262
0.00733292
0.00795044
0.00901216
0.00967837
0.0100405
0.0102315
0.0103529
0.0104135
0.01043
0.010416
0.0103816
0.0103336
0.0102769
0.0102148
0.0101496
0.0100828
0.0100156
0.00994868
0.00988264
0.00981782
0.0097545
0.00969286
0.00963308
0.0095753
0.0095197
0.00946654
0.0094162
0.00936929
0.00932685
0.00929066
0.00926396
0.00925286
0.00926151
0.00925786
0.0096328
0.0103057
0.011358
0.0138249
0.0147319
0.00906303
0.00733294
0.00795021
0.00901182
0.00967798
0.0100401
0.0102312
0.0103526
0.0104132
0.0104297
0.0104157
0.0103813
0.0103333
0.0102766
0.0102145
0.0101493
0.0100826
0.0100154
0.00994846
0.00988242
0.00981762
0.0097543
0.00969267
0.00963289
0.00957511
0.00951951
0.00946635
0.00941602
0.00936911
0.00932667
0.00929048
0.00926379
0.00925269
0.00926134
0.0092577
0.00963262
0.0103055
0.0113578
0.0138246
0.0147321
0.0090636
0.00733297
0.00794988
0.00901134
0.00967744
0.0100395
0.0102307
0.0103522
0.0104128
0.0104293
0.0104154
0.010381
0.0103331
0.0102764
0.0102143
0.0101491
0.0100824
0.0100152
0.00994831
0.00988228
0.00981747
0.00975416
0.00969253
0.00963275
0.00957497
0.00951937
0.00946621
0.00941588
0.00936897
0.00932653
0.00929035
0.00926365
0.00925254
0.00926119
0.00925754
0.00963245
0.0103053
0.0113576
0.0138243
0.0147325
0.00906441
0.007333
0.0079494
0.00901064
0.00967667
0.0100388
0.01023
0.0103516
0.0104123
0.0104289
0.010415
0.0103806
0.0103327
0.0102761
0.0102141
0.0101489
0.0100822
0.010015
0.00994812
0.0098821
0.0098173
0.00975398
0.00969235
0.00963257
0.00957479
0.00951919
0.00946604
0.0094157
0.00936879
0.00932634
0.00929016
0.00926344
0.00925232
0.00926095
0.00925731
0.00963219
0.010305
0.0113573
0.0138238
0.014733
0.00906566
0.00733322
0.00794888
0.00900984
0.00967577
0.0100379
0.0102293
0.010351
0.0104118
0.0104285
0.0104147
0.0103804
0.0103326
0.010276
0.010214
0.0101488
0.0100821
0.0100149
0.00994806
0.00988204
0.00981724
0.00975392
0.00969229
0.0096325
0.00957471
0.00951911
0.00946594
0.00941559
0.00936867
0.00932621
0.00929
0.00926328
0.00925215
0.00926079
0.00925713
0.00963194
0.0103047
0.0113569
0.0138232
0.0147336
0.00906761
0.00733467
0.00795043
0.00901128
0.00967702
0.0100389
0.0102303
0.0103518
0.0104126
0.0104291
0.0104153
0.0103809
0.010333
0.0102764
0.0102144
0.0101492
0.0100824
0.0100152
0.00994831
0.00988226
0.00981742
0.00975407
0.00969239
0.00963257
0.00957475
0.00951911
0.00946591
0.00941553
0.00936858
0.00932609
0.00928986
0.00926311
0.00925195
0.00926057
0.00925684
0.00963146
0.0103042
0.0113564
0.0138222
0.0147345
0.00907087
0.00733355
0.00799148
0.00906272
0.00972771
0.0100843
0.0102695
0.0103854
0.0104409
0.0104527
0.0104346
0.0103966
0.0103455
0.0102861
0.0102216
0.0101544
0.0100858
0.0100171
0.00994882
0.0098816
0.00981574
0.00975149
0.00968904
0.00962852
0.00957008
0.00951388
0.00946015
0.00940929
0.00936187
0.00931893
0.00928225
0.00925505
0.00924344
0.00925146
0.00924606
0.00962582
0.0102974
0.0113431
0.0138077
0.0147211
0.00902766
0.00313356
0.00399492
0.00469907
0.00510558
0.00517501
0.00501965
0.00493014
0.00485756
0.00479065
0.00472663
0.00466477
0.00460479
0.0045466
0.00449009
0.00443522
0.00438191
0.00433007
0.00427964
0.00423054
0.00418271
0.00413607
0.00409056
0.00404612
0.0040027
0.00396025
0.00391873
0.00387812
0.00383842
0.00379964
0.00376188
0.00372537
0.00369068
0.00365657
0.00365116
0.00366525
0.00365839
0.00371037
0.00391545
0.00462221
0.00867486
0.00314297
0.00395648
0.00464518
0.00504633
0.00511743
0.00496639
0.00488003
0.00481024
0.00474612
0.00468482
0.00462551
0.00456792
0.00451196
0.00445756
0.00440466
0.0043532
0.00430311
0.00425433
0.00420679
0.00416043
0.00411518
0.00407098
0.00402779
0.00398554
0.00394421
0.00390375
0.00386415
0.00382539
0.00378752
0.00375062
0.00371494
0.00368103
0.00364768
0.00364285
0.00365758
0.00365206
0.00370514
0.00391112
0.0046176
0.00867162
0.00314237
0.00395633
0.00464502
0.00504634
0.00511736
0.00496615
0.00487989
0.00481022
0.00474619
0.00468495
0.00462567
0.0045681
0.00451215
0.00445777
0.00440488
0.00435342
0.00430333
0.00425455
0.00420701
0.00416065
0.0041154
0.0040712
0.004028
0.00398575
0.0039444
0.00390394
0.00386432
0.00382557
0.00378769
0.00375079
0.00371512
0.00368122
0.00364789
0.00364306
0.00365779
0.00365225
0.00370529
0.00391124
0.00461777
0.00867323
0.00314193
0.0039567
0.00464577
0.0050475
0.00511889
0.00496738
0.00488096
0.00481115
0.00474704
0.00468574
0.00462642
0.00456881
0.00451282
0.00445838
0.00440545
0.00435395
0.00430383
0.00425501
0.00420744
0.00416104
0.00411576
0.00407153
0.0040283
0.00398603
0.00394466
0.00390418
0.00386454
0.00382576
0.00378786
0.00375093
0.00371522
0.00368129
0.00364794
0.00364311
0.00365784
0.00365233
0.00370541
0.0039114
0.00461796
0.00867406
0.00314168
0.00395695
0.00464617
0.00504797
0.00511959
0.00496799
0.00488155
0.00481172
0.00474756
0.00468623
0.00462687
0.00456923
0.00451321
0.00445875
0.00440579
0.00435427
0.00430412
0.00425529
0.00420769
0.00416128
0.00411598
0.00407173
0.00402849
0.0039862
0.00394482
0.00390432
0.00386468
0.00382589
0.00378798
0.00375106
0.00371535
0.00368142
0.00364806
0.00364321
0.00365791
0.00365237
0.00370545
0.00391145
0.00461806
0.00867452
0.00314151
0.00395716
0.00464659
0.00504849
0.00512022
0.0049685
0.00488202
0.00481216
0.00474798
0.00468662
0.00462723
0.00456957
0.00451353
0.00445905
0.00440607
0.00435453
0.00430436
0.0042555
0.0042079
0.00416147
0.00411615
0.00407189
0.00402864
0.00398634
0.00394495
0.00390443
0.00386478
0.00382598
0.00378806
0.00375112
0.00371541
0.00368147
0.00364811
0.00364327
0.00365798
0.00365243
0.0037055
0.00391149
0.00461812
0.0086748
0.00314137
0.00395724
0.00464677
0.00504875
0.00512059
0.00496878
0.00488227
0.00481239
0.0047482
0.00468682
0.00462743
0.00456975
0.00451369
0.0044592
0.00440621
0.00435466
0.00430448
0.00425562
0.004208
0.00416156
0.00411624
0.00407198
0.00402871
0.00398641
0.00394501
0.00390449
0.00386484
0.00382603
0.00378811
0.00375117
0.00371545
0.00368151
0.00364814
0.0036433
0.00365801
0.00365246
0.00370553
0.00391152
0.00461816
0.00867499
0.00314128
0.00395734
0.00464695
0.00504903
0.00512098
0.00496909
0.00488255
0.00481264
0.00474843
0.00468704
0.00462763
0.00456994
0.00451387
0.00445937
0.00440637
0.0043548
0.00430462
0.00425575
0.00420812
0.00416167
0.00411634
0.00407207
0.0040288
0.00398649
0.00394508
0.00390456
0.0038649
0.00382609
0.00378816
0.00375121
0.00371549
0.00368156
0.00364818
0.00364333
0.00365803
0.00365249
0.00370555
0.00391155
0.00461819
0.00867512
0.00314119
0.00395738
0.00464703
0.00504914
0.00512116
0.00496923
0.00488267
0.00481276
0.00474854
0.00468714
0.00462772
0.00457003
0.00451395
0.00445944
0.00440644
0.00435487
0.00430468
0.0042558
0.00420817
0.00416172
0.00411639
0.00407211
0.00402884
0.00398652
0.00394512
0.00390459
0.00386493
0.00382612
0.00378819
0.00375124
0.00371551
0.00368157
0.0036482
0.00364335
0.00365805
0.0036525
0.00370557
0.00391156
0.00461821
0.00867521
0.00314113
0.00395744
0.00464715
0.00504931
0.0051214
0.00496941
0.00488283
0.00481291
0.00474868
0.00468727
0.00462784
0.00457014
0.00451406
0.00445954
0.00440653
0.00435496
0.00430476
0.00425588
0.00420825
0.00416179
0.00411645
0.00407217
0.0040289
0.00398657
0.00394516
0.00390464
0.00386497
0.00382615
0.00378822
0.00375127
0.00371554
0.00368159
0.00364822
0.00364337
0.00365807
0.00365252
0.00370558
0.00391157
0.00461823
0.00867528
0.00314107
0.00395746
0.0046472
0.00504938
0.00512152
0.0049695
0.00488291
0.00481298
0.00474874
0.00468733
0.0046279
0.00457019
0.00451411
0.00445959
0.00440657
0.004355
0.0043048
0.00425592
0.00420828
0.00416182
0.00411648
0.0040722
0.00402892
0.0039866
0.00394519
0.00390466
0.00386498
0.00382617
0.00378823
0.00375128
0.00371556
0.00368161
0.00364823
0.00364338
0.00365808
0.00365253
0.00370559
0.00391158
0.00461824
0.00867532
0.00314103
0.00395749
0.00464726
0.00504946
0.00512165
0.0049696
0.004883
0.00481306
0.00474881
0.0046874
0.00462796
0.00457025
0.00451416
0.00445964
0.00440662
0.00435504
0.00430484
0.00425596
0.00420832
0.00416185
0.00411651
0.00407223
0.00402895
0.00398662
0.00394521
0.00390467
0.003865
0.00382618
0.00378825
0.00375129
0.00371556
0.00368162
0.00364824
0.00364339
0.00365809
0.00365253
0.0037056
0.00391159
0.00461825
0.00867536
0.00314099
0.0039575
0.00464729
0.00504951
0.00512174
0.00496966
0.00488304
0.0048131
0.00474885
0.00468743
0.00462799
0.00457028
0.00451419
0.00445967
0.00440665
0.00435507
0.00430486
0.00425598
0.00420833
0.00416187
0.00411653
0.00407224
0.00402896
0.00398663
0.00394522
0.00390469
0.00386501
0.00382619
0.00378826
0.0037513
0.00371557
0.00368163
0.00364825
0.00364339
0.00365809
0.00365254
0.0037056
0.00391159
0.00461825
0.00867539
0.00314096
0.00395752
0.00464731
0.00504955
0.00512181
0.00496971
0.00488308
0.00481313
0.00474888
0.00468746
0.00462802
0.0045703
0.00451421
0.00445969
0.00440667
0.00435509
0.00430488
0.00425599
0.00420835
0.00416189
0.00411654
0.00407225
0.00402897
0.00398664
0.00394523
0.00390469
0.00386502
0.0038262
0.00378826
0.00375131
0.00371558
0.00368163
0.00364825
0.0036434
0.0036581
0.00365254
0.0037056
0.0039116
0.00461826
0.00867541
0.00314094
0.00395753
0.00464734
0.00504958
0.00512186
0.00496974
0.00488312
0.00481316
0.00474891
0.00468748
0.00462804
0.00457033
0.00451424
0.00445971
0.00440669
0.0043551
0.0043049
0.00425601
0.00420836
0.0041619
0.00411655
0.00407226
0.00402898
0.00398665
0.00394524
0.0039047
0.00386503
0.00382621
0.00378827
0.00375131
0.00371558
0.00368164
0.00364826
0.0036434
0.0036581
0.00365255
0.00370561
0.0039116
0.00461826
0.00867542
0.00314092
0.00395753
0.00464735
0.0050496
0.0051219
0.00496977
0.00488314
0.00481318
0.00474893
0.0046875
0.00462806
0.00457034
0.00451425
0.00445972
0.0044067
0.00435512
0.00430491
0.00425601
0.00420837
0.0041619
0.00411656
0.00407227
0.00402899
0.00398666
0.00394524
0.00390471
0.00386503
0.00382621
0.00378828
0.00375132
0.00371559
0.00368164
0.00364826
0.00364341
0.00365811
0.00365255
0.00370561
0.0039116
0.00461826
0.00867543
0.0031409
0.00395754
0.00464736
0.00504962
0.00512193
0.00496979
0.00488315
0.0048132
0.00474894
0.00468751
0.00462807
0.00457035
0.00451426
0.00445973
0.00440671
0.00435512
0.00430492
0.00425602
0.00420838
0.00416191
0.00411656
0.00407227
0.00402899
0.00398666
0.00394525
0.00390471
0.00386504
0.00382622
0.00378828
0.00375132
0.00371559
0.00368165
0.00364826
0.00364341
0.00365811
0.00365255
0.00370561
0.00391161
0.00461826
0.00867544
0.00314089
0.00395754
0.00464737
0.00504963
0.00512196
0.00496981
0.00488317
0.00481321
0.00474895
0.00468753
0.00462808
0.00457037
0.00451427
0.00445974
0.00440672
0.00435513
0.00430492
0.00425603
0.00420838
0.00416192
0.00411657
0.00407228
0.004029
0.00398667
0.00394525
0.00390472
0.00386504
0.00382622
0.00378828
0.00375133
0.0037156
0.00368165
0.00364827
0.00364341
0.00365811
0.00365256
0.00370562
0.00391161
0.00461827
0.00867545
0.00314088
0.00395754
0.00464738
0.00504965
0.00512199
0.00496983
0.00488319
0.00481323
0.00474897
0.00468755
0.0046281
0.00457038
0.00451429
0.00445976
0.00440673
0.00435514
0.00430493
0.00425604
0.00420839
0.00416192
0.00411658
0.00407229
0.004029
0.00398668
0.00394526
0.00390472
0.00386505
0.00382623
0.00378829
0.00375133
0.0037156
0.00368165
0.00364827
0.00364342
0.00365812
0.00365256
0.00370562
0.00391161
0.00461827
0.00867545
0.00314088
0.00395755
0.00464738
0.00504966
0.00512201
0.00496985
0.00488321
0.00481325
0.00474899
0.00468756
0.00462812
0.0045704
0.0045143
0.00445977
0.00440674
0.00435515
0.00430494
0.00425605
0.0042084
0.00416193
0.00411658
0.00407229
0.00402901
0.00398668
0.00394527
0.00390473
0.00386505
0.00382623
0.00378829
0.00375134
0.00371561
0.00368166
0.00364828
0.00364342
0.00365812
0.00365256
0.00370562
0.00391161
0.00461827
0.00867545
0.00314088
0.00395755
0.00464738
0.00504967
0.00512202
0.00496986
0.00488322
0.00481326
0.004749
0.00468757
0.00462813
0.0045704
0.00451431
0.00445978
0.00440675
0.00435516
0.00430495
0.00425605
0.00420841
0.00416194
0.00411659
0.0040723
0.00402902
0.00398669
0.00394527
0.00390473
0.00386506
0.00382624
0.0037883
0.00375134
0.00371561
0.00368166
0.00364828
0.00364342
0.00365812
0.00365256
0.00370562
0.00391161
0.00461827
0.00867545
0.00314088
0.00395754
0.00464737
0.00504966
0.005122
0.00496985
0.00488321
0.00481325
0.004749
0.00468757
0.00462812
0.0045704
0.0045143
0.00445977
0.00440674
0.00435515
0.00430494
0.00425605
0.0042084
0.00416194
0.00411659
0.0040723
0.00402901
0.00398668
0.00394527
0.00390473
0.00386506
0.00382623
0.0037883
0.00375134
0.00371561
0.00368166
0.00364828
0.00364342
0.00365812
0.00365256
0.00370562
0.00391161
0.00461827
0.00867545
0.00314088
0.00395754
0.00464737
0.00504964
0.00512199
0.00496984
0.0048832
0.00481324
0.00474899
0.00468756
0.00462811
0.00457039
0.00451429
0.00445976
0.00440673
0.00435515
0.00430494
0.00425604
0.0042084
0.00416193
0.00411658
0.00407229
0.00402901
0.00398668
0.00394526
0.00390473
0.00386505
0.00382623
0.00378829
0.00375134
0.0037156
0.00368166
0.00364827
0.00364342
0.00365812
0.00365256
0.00370562
0.00391161
0.00461827
0.00867545
0.00314089
0.00395753
0.00464735
0.00504962
0.00512195
0.00496982
0.00488318
0.00481323
0.00474897
0.00468754
0.0046281
0.00457038
0.00451428
0.00445975
0.00440672
0.00435513
0.00430493
0.00425603
0.00420839
0.00416192
0.00411657
0.00407228
0.004029
0.00398667
0.00394525
0.00390472
0.00386504
0.00382622
0.00378829
0.00375133
0.0037156
0.00368165
0.00364827
0.00364342
0.00365812
0.00365256
0.00370562
0.00391161
0.00461827
0.00867544
0.00314091
0.00395752
0.00464733
0.0050496
0.00512191
0.00496979
0.00488316
0.00481321
0.00474895
0.00468752
0.00462808
0.00457036
0.00451426
0.00445973
0.00440671
0.00435512
0.00430491
0.00425602
0.00420838
0.00416191
0.00411656
0.00407227
0.00402899
0.00398666
0.00394525
0.00390471
0.00386504
0.00382622
0.00378828
0.00375132
0.00371559
0.00368165
0.00364827
0.00364341
0.00365811
0.00365256
0.00370562
0.00391161
0.00461827
0.00867544
0.00314092
0.00395751
0.00464731
0.00504956
0.00512186
0.00496975
0.00488313
0.00481318
0.00474892
0.0046875
0.00462805
0.00457033
0.00451424
0.00445971
0.00440669
0.0043551
0.0043049
0.00425601
0.00420836
0.0041619
0.00411655
0.00407226
0.00402898
0.00398665
0.00394524
0.0039047
0.00386503
0.00382621
0.00378827
0.00375132
0.00371559
0.00368164
0.00364826
0.00364341
0.00365811
0.00365256
0.00370562
0.00391161
0.00461827
0.00867543
0.00314095
0.0039575
0.00464729
0.00504952
0.0051218
0.0049697
0.00488308
0.00481313
0.00474888
0.00468746
0.00462802
0.0045703
0.00451421
0.00445968
0.00440666
0.00435508
0.00430487
0.00425598
0.00420834
0.00416188
0.00411653
0.00407225
0.00402896
0.00398664
0.00394522
0.00390469
0.00386502
0.0038262
0.00378826
0.00375131
0.00371558
0.00368163
0.00364825
0.0036434
0.0036581
0.00365255
0.00370561
0.0039116
0.00461826
0.00867541
0.00314098
0.00395749
0.00464726
0.00504948
0.00512172
0.00496964
0.00488303
0.00481309
0.00474884
0.00468742
0.00462798
0.00457026
0.00451418
0.00445965
0.00440663
0.00435505
0.00430485
0.00425596
0.00420832
0.00416186
0.00411651
0.00407223
0.00402895
0.00398662
0.00394521
0.00390468
0.003865
0.00382619
0.00378825
0.0037513
0.00371557
0.00368163
0.00364825
0.00364339
0.0036581
0.00365254
0.00370561
0.0039116
0.00461826
0.00867539
0.00314101
0.00395747
0.00464722
0.00504941
0.00512161
0.00496956
0.00488296
0.00481303
0.00474878
0.00468736
0.00462793
0.00457022
0.00451413
0.00445961
0.00440659
0.00435501
0.00430481
0.00425593
0.00420829
0.00416183
0.00411649
0.0040722
0.00402892
0.0039866
0.00394519
0.00390466
0.00386499
0.00382617
0.00378824
0.00375128
0.00371556
0.00368161
0.00364823
0.00364338
0.00365809
0.00365254
0.0037056
0.00391159
0.00461825
0.00867536
0.00314105
0.00395744
0.00464717
0.00504934
0.00512149
0.00496947
0.00488288
0.00481296
0.00474872
0.00468731
0.00462788
0.00457017
0.00451409
0.00445957
0.00440655
0.00435498
0.00430478
0.0042559
0.00420826
0.0041618
0.00411646
0.00407218
0.0040289
0.00398658
0.00394517
0.00390464
0.00386497
0.00382616
0.00378822
0.00375127
0.00371555
0.0036816
0.00364823
0.00364338
0.00365808
0.00365253
0.00370559
0.00391159
0.00461824
0.00867533
0.0031411
0.00395741
0.0046471
0.00504924
0.00512133
0.00496935
0.00488278
0.00481285
0.00474862
0.00468721
0.00462779
0.00457009
0.00451401
0.00445949
0.00440649
0.00435492
0.00430472
0.00425584
0.00420821
0.00416176
0.00411642
0.00407214
0.00402887
0.00398655
0.00394514
0.00390461
0.00386494
0.00382613
0.0037882
0.00375125
0.00371552
0.00368158
0.00364821
0.00364336
0.00365806
0.00365252
0.00370558
0.00391158
0.00461823
0.00867528
0.00314117
0.00395737
0.00464702
0.00504912
0.00512115
0.00496922
0.00488266
0.00481275
0.00474853
0.00468713
0.00462772
0.00457002
0.00451394
0.00445944
0.00440643
0.00435487
0.00430468
0.0042558
0.00420817
0.00416172
0.00411638
0.00407211
0.00402884
0.00398652
0.00394511
0.00390459
0.00386492
0.00382611
0.00378818
0.00375124
0.00371551
0.00368157
0.0036482
0.00364335
0.00365805
0.00365251
0.00370558
0.00391157
0.00461822
0.00867521
0.00314125
0.00395731
0.00464689
0.00504894
0.0051209
0.00496901
0.00488247
0.00481258
0.00474837
0.00468698
0.00462757
0.00456989
0.00451382
0.00445932
0.00440632
0.00435476
0.00430458
0.00425572
0.00420809
0.00416164
0.00411632
0.00407204
0.00402878
0.00398646
0.00394506
0.00390454
0.00386488
0.00382607
0.00378815
0.0037512
0.00371548
0.00368155
0.00364817
0.00364332
0.00365803
0.00365249
0.00370556
0.00391155
0.0046182
0.00867512
0.00314135
0.00395722
0.00464673
0.0050487
0.00512056
0.00496875
0.00488224
0.00481236
0.00474817
0.00468679
0.00462739
0.00456972
0.00451367
0.00445918
0.00440619
0.00435464
0.00430447
0.00425561
0.00420799
0.00416155
0.00411623
0.00407197
0.00402871
0.0039864
0.003945
0.00390448
0.00386483
0.00382603
0.0037881
0.00375116
0.00371545
0.00368151
0.00364814
0.0036433
0.00365801
0.00365247
0.00370554
0.00391153
0.00461817
0.00867499
0.00314149
0.0039571
0.00464651
0.0050484
0.00512011
0.00496841
0.00488195
0.0048121
0.00474793
0.00468657
0.00462719
0.00456953
0.00451349
0.00445901
0.00440604
0.0043545
0.00430434
0.00425549
0.00420788
0.00416145
0.00411614
0.00407188
0.00402863
0.00398633
0.00394494
0.00390443
0.00386478
0.00382598
0.00378806
0.00375112
0.00371541
0.00368147
0.00364811
0.00364327
0.00365798
0.00365245
0.00370552
0.00391151
0.00461813
0.00867481
0.00314166
0.00395691
0.00464615
0.00504792
0.00511948
0.00496789
0.00488147
0.00481165
0.00474751
0.00468618
0.00462683
0.00456919
0.00451318
0.00445872
0.00440576
0.00435425
0.0043041
0.00425527
0.00420768
0.00416126
0.00411596
0.00407172
0.00402848
0.00398619
0.00394481
0.00390431
0.00386466
0.00382587
0.00378796
0.00375103
0.00371533
0.0036814
0.00364804
0.00364321
0.00365793
0.00365241
0.00370548
0.00391147
0.00461808
0.00867452
0.00314189
0.00395658
0.00464555
0.00504715
0.00511852
0.00496708
0.00488072
0.00481095
0.00474685
0.00468557
0.00462625
0.00456865
0.00451267
0.00445825
0.00440533
0.00435384
0.00430372
0.00425491
0.00420735
0.00416096
0.00411568
0.00407146
0.00402824
0.00398596
0.0039446
0.00390412
0.00386449
0.00382571
0.00378782
0.0037509
0.00371521
0.0036813
0.00364794
0.00364312
0.00365784
0.00365232
0.0037054
0.00391139
0.00461798
0.00867404
0.00314228
0.0039561
0.0046447
0.00504604
0.00511718
0.00496596
0.0048797
0.00480999
0.00474595
0.00468472
0.00462546
0.00456791
0.00451197
0.0044576
0.00440472
0.00435327
0.00430319
0.00425442
0.00420689
0.00416054
0.00411529
0.00407109
0.0040279
0.00398565
0.00394432
0.00390386
0.00386425
0.0038255
0.00378762
0.00375072
0.00371504
0.00368114
0.0036478
0.00364298
0.00365772
0.00365222
0.0037053
0.00391128
0.00461782
0.00867322
0.00314297
0.00395646
0.00464494
0.00504604
0.00511685
0.00496581
0.00487957
0.00480985
0.00474579
0.00468453
0.00462524
0.00456768
0.00451173
0.00445735
0.00440446
0.00435301
0.00430293
0.00425416
0.00420664
0.00416029
0.00411504
0.00407086
0.00402767
0.00398544
0.00394411
0.00390366
0.00386406
0.00382532
0.00378745
0.00375055
0.00371488
0.00368099
0.00364765
0.00364282
0.00365758
0.00365211
0.00370517
0.00391113
0.00461756
0.00867154
0.00313443
0.00399749
0.00470282
0.0051101
0.00517954
0.00502407
0.00493435
0.00486144
0.00479436
0.00473025
0.00466828
0.00460818
0.00454985
0.00449323
0.00443823
0.0043848
0.00433285
0.00428232
0.00423313
0.0041852
0.00413847
0.00409287
0.00404835
0.00400485
0.00396232
0.00392073
0.00388005
0.00384026
0.0038014
0.00376357
0.00372699
0.00369222
0.00365802
0.00365262
0.00366647
0.00365855
0.00371049
0.00391555
0.00462225
0.0086748
0.000903252
0.00100479
0.00120564
0.00165354
0.0019883
0.00161659
0.00144101
0.00133301
0.00125764
0.00120094
0.00115611
0.00111939
0.0010885
0.00106195
0.00103875
0.00101816
0.000999683
0.000982912
0.000967551
0.000953363
0.000940156
0.000927775
0.000916088
0.00090498
0.000894349
0.000884101
0.000874143
0.000864377
0.000854698
0.000844983
0.000835074
0.000824746
0.000813963
0.000801538
0.000782333
0.000756228
0.00072299
0.00068009
0.000625278
0.000568401
0.000902184
0.00100333
0.00120342
0.0016489
0.0019817
0.001613
0.00143843
0.0013308
0.00125565
0.00119914
0.00115449
0.00111792
0.00108715
0.00106071
0.00103759
0.00101708
0.000998665
0.000981952
0.000966643
0.000952502
0.000939339
0.000926999
0.000915349
0.000904276
0.000893678
0.000883463
0.000873536
0.000863798
0.000854146
0.000844455
0.000834562
0.000824245
0.000813474
0.000801069
0.000781917
0.000755875
0.000722724
0.000679922
0.000625189
0.000568355
0.000902214
0.00100335
0.00120342
0.00164918
0.00198253
0.00161318
0.00143862
0.00133101
0.00125584
0.0011993
0.00115461
0.00111802
0.00108724
0.00106079
0.00103766
0.00101714
0.000998722
0.000982005
0.000966692
0.000952548
0.000939382
0.000927038
0.000915386
0.00090431
0.00089371
0.000883492
0.000873562
0.000863824
0.000854173
0.000844487
0.000834605
0.000824299
0.000813534
0.000801128
0.000781969
0.000755907
0.000722725
0.000679905
0.000625177
0.000568362
0.000902227
0.00100333
0.00120334
0.00164921
0.00198399
0.00161376
0.00143893
0.00133124
0.00125602
0.00119945
0.00115475
0.00111814
0.00108735
0.00106088
0.00103775
0.00101722
0.000998794
0.000982071
0.000966754
0.000952606
0.000939437
0.000927091
0.000915435
0.000904357
0.000893756
0.000883535
0.000873603
0.00086386
0.000854203
0.000844508
0.000834617
0.000824306
0.000813538
0.000801131
0.000781978
0.000755927
0.000722745
0.000679914
0.000625178
0.000568367
0.000902237
0.00100333
0.00120328
0.00164903
0.00198467
0.00161407
0.00143912
0.00133136
0.00125612
0.00119953
0.00115481
0.0011182
0.00108739
0.00106092
0.00103778
0.00101725
0.000998822
0.000982097
0.000966778
0.000952628
0.000939457
0.000927109
0.000915453
0.000904373
0.000893771
0.00088355
0.000873617
0.000863876
0.000854221
0.000844528
0.000834637
0.000824324
0.000813553
0.00080114
0.000781977
0.000755924
0.000722747
0.000679918
0.000625179
0.00056837
0.000902243
0.00100332
0.00120327
0.00164896
0.00198524
0.00161436
0.00143931
0.00133151
0.00125623
0.00119962
0.00115489
0.00111827
0.00108745
0.00106098
0.00103783
0.0010173
0.000998864
0.000982136
0.000966814
0.000952662
0.000939489
0.00092714
0.000915482
0.000904401
0.000893796
0.000883574
0.000873639
0.000863894
0.000854237
0.000844543
0.00083465
0.000824336
0.000813567
0.000801156
0.000781989
0.000755929
0.000722749
0.000679919
0.00062518
0.000568371
0.000902248
0.00100331
0.00120325
0.00164888
0.00198558
0.00161451
0.0014394
0.00133157
0.00125628
0.00119966
0.00115492
0.00111829
0.00108748
0.001061
0.00103785
0.00101731
0.000998876
0.000982147
0.000966824
0.000952671
0.000939498
0.000927148
0.000915489
0.000904408
0.000893803
0.00088358
0.000873646
0.000863901
0.000854243
0.000844548
0.000834655
0.000824339
0.000813568
0.000801158
0.000781994
0.000755933
0.000722751
0.000679921
0.000625181
0.000568373
0.000902252
0.00100331
0.00120322
0.00164883
0.00198597
0.0016147
0.00143952
0.00133166
0.00125635
0.00119972
0.00115497
0.00111833
0.00108751
0.00106103
0.00103788
0.00101734
0.000998903
0.000982172
0.000966848
0.000952694
0.000939519
0.000927168
0.000915508
0.000904426
0.00089382
0.000883595
0.00087366
0.000863914
0.000854254
0.000844559
0.000834665
0.000824349
0.000813574
0.000801161
0.000781997
0.000755935
0.000722753
0.000679922
0.000625182
0.000568373
0.000902255
0.0010033
0.0012032
0.00164875
0.00198618
0.0016148
0.00143958
0.0013317
0.00125638
0.00119974
0.00115499
0.00111835
0.00108753
0.00106104
0.00103789
0.00101735
0.000998911
0.00098218
0.000966856
0.000952701
0.000939526
0.000927174
0.000915514
0.000904431
0.000893825
0.0008836
0.000873664
0.000863918
0.000854258
0.000844562
0.000834668
0.000824353
0.00081358
0.000801165
0.000781999
0.000755937
0.000722754
0.000679923
0.000625182
0.000568374
0.000902258
0.0010033
0.00120319
0.00164871
0.00198642
0.00161491
0.00143966
0.00133176
0.00125642
0.00119978
0.00115502
0.00111838
0.00108755
0.00106106
0.00103791
0.00101737
0.000998928
0.000982195
0.00096687
0.000952714
0.000939538
0.000927186
0.000915525
0.000904441
0.000893834
0.000883608
0.000873671
0.000863924
0.000854264
0.000844567
0.000834672
0.000824355
0.000813582
0.000801168
0.000782001
0.000755939
0.000722755
0.000679924
0.000625183
0.000568375
0.00090226
0.0010033
0.00120317
0.00164866
0.00198657
0.00161498
0.0014397
0.00133179
0.00125645
0.0011998
0.00115504
0.00111839
0.00108756
0.00106107
0.00103792
0.00101738
0.000998935
0.000982202
0.000966876
0.00095272
0.000939543
0.00092719
0.000915529
0.000904445
0.000893837
0.000883612
0.000873675
0.000863928
0.000854267
0.00084457
0.000834675
0.000824358
0.000813584
0.00080117
0.000782003
0.00075594
0.000722756
0.000679924
0.000625183
0.000568375
0.000902262
0.0010033
0.00120316
0.00164862
0.00198671
0.00161505
0.00143974
0.00133182
0.00125647
0.00119981
0.00115505
0.0011184
0.00108757
0.00106108
0.00103792
0.00101738
0.000998943
0.000982209
0.000966882
0.000952726
0.000939549
0.000927195
0.000915533
0.000904448
0.00089384
0.000883614
0.000873677
0.00086393
0.000854269
0.000844572
0.000834677
0.000824359
0.000813586
0.000801171
0.000782004
0.000755941
0.000722757
0.000679925
0.000625183
0.000568375
0.000902263
0.00100329
0.00120315
0.00164859
0.00198681
0.0016151
0.00143977
0.00133184
0.00125649
0.00119983
0.00115506
0.00111841
0.00108758
0.00106109
0.00103793
0.00101739
0.000998947
0.000982213
0.000966886
0.000952728
0.000939551
0.000927197
0.000915535
0.00090445
0.000893842
0.000883616
0.000873678
0.000863931
0.00085427
0.000844573
0.000834678
0.00082436
0.000813587
0.000801172
0.000782005
0.000755941
0.000722757
0.000679925
0.000625183
0.000568375
0.000902264
0.00100329
0.00120315
0.00164856
0.0019869
0.00161514
0.0014398
0.00133186
0.0012565
0.00119984
0.00115507
0.00111842
0.00108759
0.0010611
0.00103794
0.00101739
0.000998951
0.000982216
0.000966888
0.00095273
0.000939553
0.000927199
0.000915536
0.000904451
0.000893843
0.000883617
0.00087368
0.000863932
0.000854272
0.000844574
0.000834679
0.000824361
0.000813588
0.000801173
0.000782006
0.000755942
0.000722758
0.000679925
0.000625183
0.000568375
0.000902265
0.00100329
0.00120314
0.00164854
0.00198697
0.00161517
0.00143982
0.00133187
0.00125651
0.00119985
0.00115508
0.00111842
0.00108759
0.0010611
0.00103794
0.0010174
0.000998954
0.000982218
0.00096689
0.000952732
0.000939554
0.0009272
0.000915537
0.000904452
0.000893844
0.000883618
0.000873681
0.000863933
0.000854273
0.000844575
0.00083468
0.000824362
0.000813589
0.000801174
0.000782007
0.000755943
0.000722758
0.000679925
0.000625184
0.000568375
0.000902266
0.00100329
0.00120313
0.00164852
0.00198702
0.00161519
0.00143983
0.00133188
0.00125652
0.00119986
0.00115508
0.00111843
0.0010876
0.00106111
0.00103794
0.0010174
0.000998956
0.000982219
0.000966891
0.000952733
0.000939554
0.0009272
0.000915538
0.000904453
0.000893845
0.000883619
0.000873682
0.000863935
0.000854274
0.000844576
0.000834681
0.000824364
0.00081359
0.000801175
0.000782007
0.000755943
0.000722759
0.000679926
0.000625184
0.000568376
0.000902266
0.00100329
0.00120313
0.0016485
0.00198706
0.00161521
0.00143985
0.00133189
0.00125653
0.00119986
0.00115509
0.00111844
0.0010876
0.00106111
0.00103795
0.0010174
0.000998958
0.000982221
0.000966892
0.000952734
0.000939555
0.000927201
0.000915539
0.000904454
0.000893846
0.00088362
0.000873683
0.000863936
0.000854275
0.000844578
0.000834683
0.000824365
0.000813591
0.000801176
0.000782008
0.000755944
0.000722759
0.000679926
0.000625184
0.000568376
0.000902266
0.00100329
0.00120313
0.00164849
0.0019871
0.00161523
0.00143986
0.0013319
0.00125654
0.00119987
0.0011551
0.00111844
0.00108761
0.00106111
0.00103795
0.00101741
0.000998961
0.000982224
0.000966894
0.000952736
0.000939557
0.000927203
0.000915541
0.000904456
0.000893848
0.000883622
0.000873685
0.000863938
0.000854277
0.000844579
0.000834684
0.000824366
0.000813593
0.000801177
0.000782009
0.000755945
0.00072276
0.000679927
0.000625184
0.000568376
0.000902267
0.00100329
0.00120312
0.00164849
0.00198713
0.00161525
0.00143988
0.00133192
0.00125655
0.00119988
0.00115511
0.00111845
0.00108761
0.00106112
0.00103796
0.00101741
0.000998964
0.000982227
0.000966897
0.000952738
0.00093956
0.000927206
0.000915543
0.000904459
0.00089385
0.000883624
0.000873687
0.000863939
0.000854279
0.000844581
0.000834686
0.000824368
0.000813594
0.000801178
0.000782011
0.000755946
0.000722761
0.000679927
0.000625184
0.000568376
0.000902267
0.00100329
0.00120312
0.00164848
0.00198716
0.00161527
0.00143989
0.00133193
0.00125656
0.00119989
0.00115512
0.00111846
0.00108762
0.00106112
0.00103796
0.00101741
0.000998968
0.00098223
0.000966901
0.000952742
0.000939563
0.000927209
0.000915547
0.000904462
0.000893853
0.000883627
0.000873689
0.000863942
0.000854281
0.000844583
0.000834688
0.00082437
0.000813596
0.00080118
0.000782012
0.000755947
0.000722761
0.000679927
0.000625185
0.000568376
0.000902267
0.00100329
0.00120312
0.00164848
0.00198717
0.00161528
0.0014399
0.00133193
0.00125656
0.00119989
0.00115512
0.00111846
0.00108762
0.00106113
0.00103796
0.00101742
0.00099897
0.000982232
0.000966903
0.000952744
0.000939565
0.000927211
0.000915548
0.000904463
0.000893855
0.000883628
0.00087369
0.000863943
0.000854282
0.000844584
0.000834689
0.00082437
0.000813596
0.000801181
0.000782013
0.000755947
0.000722762
0.000679928
0.000625185
0.000568376
0.000902267
0.00100329
0.00120312
0.00164848
0.00198715
0.00161527
0.00143989
0.00133193
0.00125656
0.00119989
0.00115512
0.00111846
0.00108762
0.00106112
0.00103796
0.00101741
0.000998968
0.000982231
0.000966902
0.000952744
0.000939565
0.000927211
0.000915548
0.000904463
0.000893854
0.000883628
0.00087369
0.000863942
0.000854281
0.000844583
0.000834688
0.00082437
0.000813596
0.000801181
0.000782013
0.000755947
0.000722762
0.000679928
0.000625185
0.000568376
0.000902266
0.00100329
0.00120312
0.00164848
0.00198713
0.00161526
0.00143988
0.00133192
0.00125656
0.00119989
0.00115511
0.00111845
0.00108762
0.00106112
0.00103796
0.00101741
0.000998966
0.00098223
0.000966901
0.000952742
0.000939564
0.000927209
0.000915546
0.000904461
0.000893853
0.000883626
0.000873688
0.000863941
0.00085428
0.000844582
0.000834687
0.000824369
0.000813595
0.00080118
0.000782012
0.000755947
0.000722762
0.000679928
0.000625185
0.000568376
0.000902266
0.00100329
0.00120312
0.00164849
0.00198709
0.00161524
0.00143987
0.00133191
0.00125655
0.00119988
0.00115511
0.00111845
0.00108761
0.00106112
0.00103795
0.00101741
0.000998963
0.000982227
0.000966898
0.00095274
0.000939562
0.000927207
0.000915545
0.000904459
0.000893851
0.000883624
0.000873687
0.000863939
0.000854278
0.000844581
0.000834685
0.000824368
0.000813594
0.000801179
0.000782011
0.000755947
0.000722761
0.000679928
0.000625185
0.000568376
0.000902266
0.00100329
0.00120313
0.0016485
0.00198704
0.00161521
0.00143985
0.0013319
0.00125654
0.00119987
0.0011551
0.00111844
0.0010876
0.00106111
0.00103795
0.0010174
0.000998959
0.000982224
0.000966895
0.000952737
0.000939559
0.000927205
0.000915542
0.000904457
0.000893849
0.000883622
0.000873684
0.000863937
0.000854276
0.000844579
0.000834684
0.000824366
0.000813593
0.000801178
0.000782011
0.000755946
0.000722761
0.000679927
0.000625185
0.000568376
0.000902265
0.00100329
0.00120313
0.00164851
0.00198698
0.00161518
0.00143983
0.00133188
0.00125652
0.00119986
0.00115509
0.00111843
0.0010876
0.0010611
0.00103794
0.0010174
0.000998955
0.00098222
0.000966892
0.000952734
0.000939556
0.000927202
0.000915539
0.000904454
0.000893846
0.000883619
0.000873682
0.000863935
0.000854274
0.000844577
0.000834682
0.000824364
0.000813591
0.000801176
0.000782009
0.000755945
0.000722761
0.000679927
0.000625184
0.000568376
0.000902264
0.00100329
0.00120314
0.00164853
0.00198691
0.00161515
0.00143981
0.00133186
0.00125651
0.00119984
0.00115507
0.00111842
0.00108759
0.0010611
0.00103794
0.00101739
0.00099895
0.000982215
0.000966888
0.00095273
0.000939552
0.000927198
0.000915536
0.000904451
0.000893843
0.000883617
0.000873679
0.000863932
0.000854272
0.000844575
0.00083468
0.000824363
0.00081359
0.000801175
0.000782008
0.000755945
0.00072276
0.000679927
0.000625184
0.000568376
0.000902263
0.00100329
0.00120314
0.00164856
0.00198682
0.0016151
0.00143978
0.00133184
0.00125649
0.00119983
0.00115506
0.00111841
0.00108758
0.00106109
0.00103793
0.00101739
0.000998944
0.000982209
0.000966882
0.000952725
0.000939548
0.000927194
0.000915531
0.000904447
0.000893839
0.000883613
0.000873676
0.000863929
0.000854269
0.000844572
0.000834677
0.00082436
0.000813587
0.000801173
0.000782007
0.000755944
0.000722759
0.000679926
0.000625184
0.000568375
0.000902262
0.00100329
0.00120315
0.00164859
0.00198671
0.00161504
0.00143974
0.00133181
0.00125646
0.00119981
0.00115504
0.00111839
0.00108757
0.00106108
0.00103792
0.00101738
0.000998937
0.000982204
0.000966877
0.00095272
0.000939543
0.000927189
0.000915527
0.000904443
0.000893835
0.000883609
0.000873672
0.000863926
0.000854266
0.000844569
0.000834675
0.000824358
0.000813585
0.000801171
0.000782006
0.000755943
0.000722759
0.000679926
0.000625184
0.000568375
0.00090226
0.0010033
0.00120316
0.00164863
0.00198657
0.00161498
0.0014397
0.00133178
0.00125644
0.00119978
0.00115502
0.00111838
0.00108755
0.00106106
0.00103791
0.00101737
0.000998928
0.000982195
0.000966869
0.000952713
0.000939536
0.000927182
0.000915521
0.000904437
0.00089383
0.000883604
0.000873668
0.000863922
0.000854262
0.000844565
0.000834672
0.000824355
0.000813582
0.000801168
0.000782004
0.000755942
0.000722757
0.000679925
0.000625184
0.000568375
0.000902258
0.0010033
0.00120318
0.00164868
0.0019864
0.0016149
0.00143964
0.00133174
0.00125641
0.00119976
0.001155
0.00111836
0.00108754
0.00106105
0.0010379
0.00101736
0.000998919
0.000982187
0.000966862
0.000952706
0.000939529
0.000927177
0.000915516
0.000904432
0.000893825
0.0008836
0.000873664
0.000863918
0.000854259
0.000844563
0.000834669
0.000824352
0.00081358
0.000801167
0.000782003
0.000755941
0.000722757
0.000679925
0.000625184
0.000568374
0.000902256
0.0010033
0.00120319
0.00164873
0.00198619
0.00161479
0.00143957
0.00133169
0.00125636
0.00119973
0.00115498
0.00111833
0.00108751
0.00106103
0.00103788
0.00101734
0.000998904
0.000982174
0.000966849
0.000952694
0.000939519
0.000927167
0.000915506
0.000904423
0.000893817
0.000883592
0.000873656
0.000863911
0.000854252
0.000844556
0.000834663
0.000824347
0.000813575
0.000801163
0.000782
0.000755938
0.000722755
0.000679924
0.000625183
0.000568374
0.000902253
0.00100331
0.00120322
0.0016488
0.00198595
0.00161467
0.00143949
0.00133163
0.00125632
0.00119969
0.00115494
0.00111831
0.00108749
0.00106101
0.00103786
0.00101733
0.000998891
0.000982161
0.000966837
0.000952684
0.000939509
0.000927157
0.000915497
0.000904415
0.000893809
0.000883585
0.00087365
0.000863905
0.000854246
0.000844551
0.000834658
0.000824343
0.000813572
0.000801159
0.000781997
0.000755937
0.000722755
0.000679924
0.000625182
0.000568374
0.000902248
0.00100331
0.00120324
0.00164887
0.00198561
0.00161451
0.00143939
0.00133155
0.00125626
0.00119964
0.00115491
0.00111828
0.00108746
0.00106099
0.00103784
0.00101731
0.000998873
0.000982145
0.000966823
0.00095267
0.000939496
0.000927146
0.000915486
0.000904405
0.000893799
0.000883576
0.000873641
0.000863897
0.000854239
0.000844544
0.000834652
0.000824337
0.000813567
0.000801155
0.000781994
0.000755935
0.000722752
0.000679922
0.000625181
0.000568372
0.000902243
0.00100332
0.00120326
0.00164894
0.00198515
0.00161429
0.00143924
0.00133143
0.00125617
0.00119956
0.00115484
0.00111822
0.00108741
0.00106094
0.0010378
0.00101727
0.000998838
0.000982112
0.000966792
0.000952641
0.00093947
0.000927121
0.000915463
0.000904383
0.000893779
0.000883557
0.000873623
0.00086388
0.000854223
0.00084453
0.000834639
0.000824326
0.000813556
0.000801146
0.000781988
0.000755931
0.000722751
0.000679921
0.000625181
0.000568371
0.000902237
0.00100333
0.0012033
0.00164902
0.00198462
0.00161403
0.00143909
0.00133133
0.00125608
0.0011995
0.00115478
0.00111817
0.00108737
0.00106091
0.00103777
0.00101724
0.000998811
0.000982088
0.00096677
0.000952621
0.000939451
0.000927103
0.000915446
0.000904367
0.000893764
0.000883543
0.000873611
0.000863869
0.000854213
0.000844521
0.00083463
0.000824317
0.000813549
0.00080114
0.000781982
0.000755926
0.000722747
0.000679918
0.000625178
0.00056837
0.000902226
0.00100334
0.00120335
0.00164908
0.00198386
0.00161366
0.00143885
0.00133115
0.00125595
0.00119939
0.00115469
0.00111809
0.0010873
0.00106084
0.00103771
0.00101719
0.000998763
0.000982044
0.000966729
0.000952583
0.000939415
0.000927069
0.000915415
0.000904337
0.000893737
0.000883517
0.000873585
0.000863845
0.00085419
0.000844498
0.00083461
0.000824299
0.000813534
0.000801126
0.000781975
0.000755923
0.000722746
0.000679919
0.000625178
0.000568367
0.000902209
0.00100336
0.00120339
0.00164908
0.00198276
0.00161313
0.0014385
0.0013309
0.00125575
0.00119922
0.00115455
0.00111797
0.00108719
0.00106074
0.00103762
0.00101711
0.000998687
0.000981973
0.000966663
0.000952521
0.000939357
0.000927015
0.000915363
0.000904289
0.000893691
0.000883473
0.000873545
0.000863806
0.000854154
0.000844465
0.00083458
0.000824273
0.00081351
0.000801106
0.00078196
0.000755913
0.00072274
0.000679914
0.000625176
0.000568362
0.000902185
0.00100338
0.00120344
0.00164903
0.00198137
0.00161243
0.00143803
0.00133055
0.00125547
0.00119899
0.00115435
0.00111779
0.00108704
0.0010606
0.00103749
0.00101699
0.00099858
0.000981874
0.000966571
0.000952435
0.000939276
0.000926938
0.000915291
0.000904221
0.000893626
0.000883413
0.000873488
0.000863752
0.000854104
0.000844418
0.000834536
0.00082423
0.000813471
0.000801072
0.000781935
0.000755896
0.00072273
0.00067991
0.000625173
0.000568356
0.000903289
0.00100483
0.0012056
0.00165349
0.00198844
0.00161687
0.0014414
0.00133331
0.00125783
0.00120107
0.00115622
0.00111949
0.00108859
0.00106204
0.00103883
0.00101824
0.00099976
0.000982987
0.000967623
0.000953431
0.000940222
0.000927839
0.000916149
0.000905038
0.000894406
0.000884157
0.000874197
0.000864429
0.000854747
0.00084503
0.000835116
0.000824779
0.000813986
0.000801552
0.000782321
0.000756211
0.000722974
0.000680084
0.000625283
0.000568407
)
;

boundaryField
{
    front
    {
        type            calculated;
        value           nonuniform List<scalar> 
1600
(
0.00715706
0.00719749
0.00722751
0.00724231
0.00724734
0.00724832
0.00724818
0.00724785
0.00724752
0.00724726
0.00724705
0.00724687
0.00724667
0.00724648
0.00724633
0.0072462
0.00724607
0.00724594
0.00724584
0.00724577
0.0072457
0.00724563
0.00724561
0.00724564
0.00724566
0.0072457
0.00724577
0.00724587
0.00724599
0.00724614
0.00724633
0.00724656
0.00724687
0.00724719
0.00724754
0.00724787
0.00724751
0.00724458
0.00723561
0.00722156
0.00712888
0.00716808
0.00719685
0.00721082
0.0072155
0.00721638
0.00721622
0.00721588
0.00721555
0.00721529
0.00721509
0.00721491
0.00721472
0.00721453
0.00721438
0.00721425
0.00721412
0.007214
0.00721391
0.00721384
0.00721376
0.00721369
0.00721368
0.00721371
0.00721373
0.00721377
0.00721384
0.00721393
0.00721405
0.00721421
0.00721441
0.00721464
0.00721493
0.00721525
0.00721563
0.00721595
0.00721561
0.00721277
0.00720382
0.00718955
0.00709962
0.00713695
0.00716403
0.00717701
0.00718129
0.00718206
0.00718188
0.00718154
0.00718121
0.00718095
0.00718076
0.00718058
0.00718039
0.0071802
0.00718005
0.00717992
0.0071798
0.00717969
0.0071796
0.00717953
0.00717945
0.00717939
0.00717938
0.00717941
0.00717944
0.00717948
0.00717955
0.00717964
0.00717976
0.00717993
0.00718013
0.00718035
0.00718064
0.00718097
0.00718135
0.00718166
0.00718137
0.00717861
0.00716966
0.00715518
0.00707187
0.00710745
0.00713292
0.00714494
0.00714884
0.00714951
0.0071493
0.00714897
0.00714864
0.00714839
0.00714819
0.00714801
0.00714782
0.00714764
0.0071475
0.00714737
0.00714725
0.00714714
0.00714706
0.00714699
0.00714692
0.00714687
0.00714686
0.00714688
0.0071469
0.00714694
0.00714702
0.00714712
0.00714725
0.00714741
0.00714759
0.00714782
0.00714812
0.00714845
0.00714881
0.00714913
0.0071489
0.00714617
0.00713727
0.00712256
0.00704601
0.00707994
0.00710389
0.00711499
0.00711852
0.00711909
0.00711887
0.00711853
0.00711822
0.00711796
0.00711775
0.00711757
0.00711739
0.00711722
0.00711708
0.00711696
0.00711684
0.00711673
0.00711665
0.00711659
0.00711652
0.00711648
0.00711647
0.00711648
0.0071165
0.00711656
0.00711665
0.00711674
0.00711686
0.00711701
0.0071172
0.00711744
0.00711772
0.00711804
0.0071184
0.00711876
0.00711852
0.00711589
0.00710702
0.00709208
0.0070224
0.0070548
0.0070773
0.00708752
0.00709071
0.00709118
0.00709095
0.00709062
0.0070903
0.00709004
0.00708983
0.00708965
0.00708948
0.00708932
0.00708918
0.00708905
0.00708893
0.00708883
0.00708876
0.0070887
0.00708864
0.00708859
0.00708858
0.0070886
0.00708864
0.0070887
0.00708878
0.00708887
0.00708898
0.00708914
0.00708934
0.00708957
0.00708983
0.00709015
0.00709054
0.00709088
0.00709068
0.00708814
0.00707929
0.00706415
0.00700144
0.00703241
0.00705354
0.00706294
0.0070658
0.00706619
0.00706595
0.00706562
0.0070653
0.00706503
0.00706483
0.00706466
0.00706449
0.00706433
0.00706419
0.00706406
0.00706395
0.00706386
0.00706378
0.00706372
0.00706366
0.00706362
0.00706361
0.00706364
0.00706367
0.00706372
0.00706379
0.00706388
0.00706401
0.00706418
0.00706437
0.00706458
0.00706485
0.0070652
0.00706557
0.0070659
0.00706577
0.00706329
0.00705448
0.00703911
0.00698355
0.0070132
0.00703307
0.00704169
0.00704424
0.00704454
0.00704428
0.00704395
0.00704363
0.00704337
0.00704317
0.00704301
0.00704284
0.00704268
0.00704254
0.00704242
0.00704232
0.00704222
0.00704215
0.00704208
0.00704203
0.007042
0.007042
0.00704202
0.00704205
0.0070421
0.00704217
0.00704227
0.0070424
0.00704255
0.00704273
0.00704296
0.00704325
0.00704359
0.00704394
0.00704431
0.0070442
0.00704181
0.00703303
0.00701742
0.0069692
0.00699764
0.00701632
0.00702421
0.00702647
0.00702669
0.00702641
0.00702608
0.00702576
0.00702551
0.00702531
0.00702515
0.00702498
0.00702482
0.00702468
0.00702457
0.00702447
0.00702438
0.0070243
0.00702425
0.0070242
0.00702417
0.00702416
0.00702418
0.00702421
0.00702427
0.00702434
0.00702444
0.00702456
0.00702471
0.0070249
0.00702514
0.00702542
0.00702575
0.00702613
0.00702651
0.00702642
0.0070241
0.00701533
0.0069995
0.00695615
0.0069836
0.00700116
0.00700835
0.00701033
0.00701048
0.00701019
0.00700985
0.00700954
0.00700929
0.00700909
0.00700893
0.00700877
0.00700861
0.00700847
0.00700836
0.00700826
0.00700816
0.00700809
0.00700805
0.007008
0.00700797
0.00700795
0.00700798
0.00700802
0.00700807
0.00700814
0.00700823
0.00700835
0.00700852
0.00700872
0.00700894
0.00700921
0.00700956
0.00700995
0.00701031
0.00701027
0.00700802
0.00699928
0.00698308
0.00694398
0.00697054
0.00698705
0.00699358
0.0069953
0.00699537
0.00699507
0.00699473
0.00699442
0.00699417
0.00699396
0.0069938
0.00699365
0.00699349
0.00699336
0.00699324
0.00699314
0.00699306
0.006993
0.00699295
0.00699291
0.00699287
0.00699286
0.00699289
0.00699294
0.00699299
0.00699306
0.00699315
0.00699328
0.00699344
0.00699364
0.00699385
0.00699413
0.00699449
0.00699486
0.00699522
0.00699522
0.00699306
0.00698436
0.00696779
0.00693266
0.00695846
0.00697397
0.00697988
0.00698134
0.00698135
0.00698104
0.0069807
0.00698038
0.00698013
0.00697993
0.00697977
0.00697962
0.00697946
0.00697933
0.00697921
0.00697912
0.00697903
0.00697897
0.00697892
0.00697887
0.00697884
0.00697884
0.00697887
0.00697891
0.00697896
0.00697904
0.00697915
0.00697927
0.00697942
0.00697961
0.00697984
0.00698013
0.00698046
0.00698082
0.00698122
0.00698124
0.00697917
0.00697051
0.00695356
0.0069225
0.00694759
0.00696217
0.00696748
0.00696872
0.00696867
0.00696835
0.00696801
0.00696769
0.00696744
0.00696724
0.00696708
0.00696693
0.00696678
0.00696664
0.00696654
0.00696645
0.00696636
0.0069663
0.00696625
0.00696621
0.00696619
0.00696619
0.00696622
0.00696625
0.00696632
0.0069664
0.0069665
0.00696662
0.00696677
0.00696697
0.0069672
0.00696747
0.00696779
0.00696817
0.00696858
0.00696864
0.00696667
0.00695807
0.00694075
0.00691537
0.00693987
0.00695358
0.00695834
0.00695938
0.00695927
0.00695893
0.00695859
0.00695827
0.00695802
0.00695783
0.00695766
0.00695751
0.00695737
0.00695725
0.00695714
0.00695705
0.00695697
0.0069569
0.00695685
0.00695682
0.0069568
0.0069568
0.00695683
0.00695688
0.00695694
0.00695702
0.00695711
0.00695723
0.00695739
0.00695759
0.00695781
0.00695808
0.00695842
0.00695881
0.00695921
0.00695931
0.00695744
0.0069489
0.00693117
0.00691169
0.00693572
0.00694863
0.00695289
0.00695372
0.00695356
0.0069532
0.00695285
0.00695254
0.0069523
0.0069521
0.00695193
0.00695178
0.00695164
0.00695152
0.00695142
0.00695133
0.00695125
0.00695119
0.00695115
0.00695111
0.00695109
0.0069511
0.00695114
0.00695118
0.00695124
0.00695131
0.00695141
0.00695153
0.00695168
0.00695188
0.0069521
0.00695238
0.00695274
0.00695311
0.00695353
0.00695368
0.00695188
0.00694339
0.00692519
0.00691193
0.00693562
0.00694779
0.00695157
0.00695222
0.00695199
0.00695162
0.00695127
0.00695097
0.00695072
0.00695052
0.00695035
0.00695021
0.00695008
0.00694995
0.00694985
0.00694976
0.00694969
0.00694964
0.00694959
0.00694956
0.00694955
0.00694957
0.0069496
0.00694964
0.00694969
0.00694976
0.00694986
0.00694998
0.00695014
0.00695033
0.00695056
0.00695086
0.0069512
0.00695156
0.00695201
0.00695216
0.00695047
0.00694204
0.0069234
0.00691668
0.00694016
0.00695165
0.00695499
0.00695546
0.00695518
0.0069548
0.00695445
0.00695415
0.00695391
0.00695371
0.00695355
0.00695341
0.00695327
0.00695315
0.00695304
0.00695295
0.00695289
0.00695284
0.00695279
0.00695276
0.00695276
0.00695277
0.0069528
0.00695284
0.00695289
0.00695297
0.00695306
0.00695319
0.00695335
0.00695354
0.00695378
0.00695407
0.00695438
0.00695479
0.00695521
0.00695539
0.00695381
0.00694547
0.00692637
0.00692668
0.00695009
0.00696094
0.00696387
0.00696419
0.00696388
0.00696349
0.00696314
0.00696284
0.0069626
0.0069624
0.00696224
0.0069621
0.00696197
0.00696185
0.00696174
0.00696166
0.0069616
0.00696155
0.00696151
0.00696148
0.00696148
0.00696149
0.00696151
0.00696155
0.00696161
0.00696168
0.00696178
0.00696191
0.00696207
0.00696227
0.00696251
0.00696277
0.00696311
0.0069635
0.00696393
0.00696418
0.00696271
0.00695448
0.00693481
0.00694283
0.00696629
0.00697657
0.00697912
0.0069793
0.00697895
0.00697855
0.0069782
0.0069779
0.00697766
0.00697747
0.0069773
0.00697716
0.00697703
0.00697691
0.00697681
0.00697673
0.00697667
0.00697662
0.00697658
0.00697655
0.00697654
0.00697655
0.00697658
0.00697662
0.00697668
0.00697676
0.00697686
0.00697698
0.00697715
0.00697735
0.00697756
0.00697784
0.0069782
0.00697857
0.00697905
0.00697932
0.00697799
0.00696984
0.00694948
0.00696624
0.0069899
0.00699963
0.00700183
0.00700189
0.00700151
0.00700109
0.00700074
0.00700044
0.0070002
0.007
0.00699983
0.00699969
0.00699957
0.00699945
0.00699935
0.00699928
0.00699922
0.00699917
0.00699913
0.00699909
0.00699909
0.0069991
0.00699913
0.00699917
0.00699923
0.00699931
0.00699941
0.00699954
0.0069997
0.00699989
0.00700012
0.00700042
0.00700074
0.00700117
0.00700165
0.00700195
0.00700072
0.00699264
0.00697161
0.00699831
0.0070223
0.00703153
0.00703342
0.00703335
0.00703294
0.00703252
0.00703216
0.00703186
0.00703163
0.00703142
0.00703126
0.00703111
0.00703099
0.00703088
0.00703078
0.00703071
0.00703066
0.0070306
0.00703055
0.00703052
0.00703052
0.00703053
0.00703056
0.00703061
0.00703067
0.00703075
0.00703085
0.00703098
0.00703113
0.00703133
0.00703158
0.00703187
0.00703222
0.00703264
0.00703311
0.00703345
0.0070323
0.00702437
0.00700266
0.00704082
0.0070653
0.00707406
0.00707566
0.00707548
0.00707504
0.0070746
0.00707424
0.00707395
0.00707371
0.0070735
0.00707333
0.00707319
0.00707307
0.00707296
0.00707287
0.0070728
0.00707275
0.00707269
0.00707264
0.00707262
0.00707261
0.00707263
0.00707267
0.00707271
0.00707277
0.00707284
0.00707294
0.00707307
0.00707323
0.00707345
0.00707369
0.00707398
0.00707435
0.00707474
0.00707522
0.00707559
0.00707459
0.00706685
0.00704427
0.00709602
0.00712115
0.00712947
0.00713079
0.00713051
0.00713003
0.00712958
0.00712922
0.00712892
0.00712868
0.00712847
0.0071283
0.00712816
0.00712803
0.00712792
0.00712784
0.00712777
0.00712772
0.00712767
0.00712763
0.0071276
0.0071276
0.00712762
0.00712766
0.0071277
0.00712775
0.00712783
0.00712793
0.00712806
0.00712824
0.00712845
0.00712868
0.00712899
0.00712931
0.00712972
0.00713023
0.00713065
0.00712982
0.00712223
0.00709863
0.00716678
0.00719271
0.00720059
0.00720165
0.00720128
0.00720077
0.00720031
0.00719994
0.00719963
0.00719939
0.00719918
0.00719902
0.00719888
0.00719875
0.00719865
0.00719857
0.0071985
0.00719844
0.00719839
0.00719836
0.00719834
0.00719834
0.00719837
0.0071984
0.00719844
0.0071985
0.00719857
0.00719868
0.00719882
0.007199
0.00719919
0.00719943
0.00719972
0.00720005
0.00720049
0.00720102
0.00720151
0.00720078
0.00719332
0.00716878
0.00725674
0.00728364
0.00729109
0.00729192
0.00729147
0.00729094
0.00729047
0.00729009
0.00728977
0.00728952
0.00728932
0.00728914
0.007289
0.00728889
0.00728878
0.00728869
0.00728863
0.00728857
0.00728852
0.00728849
0.00728848
0.00728849
0.00728851
0.00728854
0.00728859
0.00728865
0.00728873
0.00728884
0.00728898
0.00728915
0.00728934
0.00728958
0.00728986
0.00729024
0.00729069
0.00729123
0.00729173
0.00729112
0.00728392
0.0072583
0.00671388
0.00674173
0.00674174
0.00674169
0.00674162
0.00674155
0.00674147
0.00674138
0.0067413
0.00674122
0.00674114
0.00674108
0.00674102
0.00674097
0.00674092
0.00674088
0.00674085
0.00674082
0.0067408
0.0067408
0.0067408
0.00674081
0.00674082
0.00674085
0.00674088
0.00674092
0.00674098
0.00674103
0.00674109
0.00674116
0.00674123
0.00674131
0.0067414
0.00674149
0.00674156
0.00674164
0.00674171
0.00674176
0.00674177
0.00671393
0.00596628
0.00599083
0.00599081
0.00599076
0.00599069
0.00599061
0.00599053
0.00599045
0.00599037
0.00599029
0.00599021
0.00599015
0.00599009
0.00599004
0.00598999
0.00598996
0.00598993
0.0059899
0.00598989
0.00598988
0.00598988
0.00598988
0.0059899
0.00598992
0.00598996
0.00599
0.00599004
0.00599009
0.00599015
0.00599022
0.00599029
0.00599037
0.00599046
0.00599054
0.00599062
0.0059907
0.00599078
0.00599084
0.00599085
0.00596629
0.00533482
0.00535826
0.00535797
0.0053579
0.00535784
0.00535778
0.00535771
0.00535763
0.00535755
0.00535748
0.00535741
0.00535734
0.00535728
0.00535723
0.00535719
0.00535716
0.00535713
0.00535711
0.00535709
0.00535709
0.00535709
0.00535709
0.00535711
0.00535713
0.00535716
0.0053572
0.00535724
0.00535729
0.00535735
0.00535742
0.00535749
0.00535757
0.00535765
0.00535773
0.00535781
0.00535788
0.00535794
0.005358
0.00535829
0.00533482
0.00481837
0.00483953
0.00483929
0.00483922
0.00483916
0.00483908
0.00483901
0.00483892
0.00483884
0.00483876
0.00483869
0.00483862
0.00483856
0.00483851
0.00483847
0.00483844
0.00483841
0.00483839
0.00483838
0.00483838
0.00483838
0.00483838
0.0048384
0.00483842
0.00483845
0.00483848
0.00483852
0.00483857
0.00483863
0.0048387
0.00483877
0.00483885
0.00483893
0.00483902
0.0048391
0.00483918
0.00483924
0.0048393
0.00483956
0.00481836
0.00442192
0.00444135
0.00444114
0.00444107
0.00444099
0.0044409
0.00444081
0.00444072
0.00444064
0.00444056
0.00444049
0.00444042
0.00444037
0.00444032
0.00444028
0.00444025
0.00444022
0.0044402
0.00444019
0.00444019
0.00444019
0.0044402
0.00444021
0.00444023
0.00444026
0.00444029
0.00444033
0.00444038
0.00444044
0.0044405
0.00444057
0.00444066
0.00444075
0.00444084
0.00444093
0.00444101
0.00444109
0.00444117
0.00444139
0.00442193
0.00413343
0.00415161
0.00415143
0.00415134
0.00415125
0.00415115
0.00415105
0.00415094
0.00415085
0.00415076
0.00415068
0.00415062
0.00415057
0.00415052
0.00415048
0.00415045
0.00415042
0.00415041
0.0041504
0.00415039
0.00415039
0.0041504
0.00415041
0.00415043
0.00415046
0.00415049
0.00415053
0.00415058
0.00415063
0.0041507
0.00415077
0.00415086
0.00415095
0.00415105
0.00415116
0.00415126
0.00415136
0.00415145
0.00415165
0.00413344
0.00393674
0.00395409
0.00395392
0.00395381
0.00395369
0.00395356
0.00395344
0.00395334
0.00395324
0.00395316
0.00395308
0.00395302
0.00395296
0.00395292
0.00395288
0.00395285
0.00395282
0.00395281
0.00395279
0.00395279
0.00395279
0.0039528
0.00395281
0.00395282
0.00395285
0.00395288
0.00395292
0.00395297
0.00395302
0.00395309
0.00395317
0.00395326
0.00395336
0.00395347
0.00395359
0.00395372
0.00395384
0.00395395
0.00395414
0.00393675
0.00381095
0.00382781
0.00382764
0.00382749
0.00382734
0.00382718
0.00382704
0.00382691
0.0038268
0.00382671
0.00382663
0.00382657
0.00382651
0.00382647
0.00382643
0.0038264
0.00382638
0.00382636
0.00382635
0.00382635
0.00382635
0.00382635
0.00382636
0.00382638
0.0038264
0.00382643
0.00382647
0.00382652
0.00382657
0.00382664
0.00382672
0.00382682
0.00382693
0.00382705
0.0038272
0.00382735
0.00382751
0.00382766
0.00382786
0.00381097
0.00373528
0.00375188
0.00375167
0.00375146
0.00375126
0.00375109
0.00375093
0.00375079
0.00375067
0.00375058
0.0037505
0.00375043
0.00375038
0.00375033
0.0037503
0.00375027
0.00375025
0.00375023
0.00375022
0.00375022
0.00375022
0.00375023
0.00375024
0.00375025
0.00375028
0.0037503
0.00375034
0.00375039
0.00375044
0.00375051
0.00375059
0.00375069
0.00375081
0.00375095
0.00375112
0.00375131
0.00375151
0.00375171
0.00375193
0.00373529
0.00369993
0.00371645
0.00371617
0.00371588
0.00371561
0.00371538
0.0037152
0.00371505
0.00371493
0.00371483
0.00371474
0.00371468
0.00371463
0.00371458
0.00371455
0.00371452
0.00371451
0.00371449
0.00371448
0.00371448
0.00371448
0.00371449
0.0037145
0.00371451
0.00371453
0.00371456
0.0037146
0.00371464
0.00371469
0.00371476
0.00371484
0.00371494
0.00371507
0.00371523
0.00371542
0.00371564
0.00371591
0.0037162
0.00371651
0.00369994
0.00371768
0.0037343
0.00373386
0.00373347
0.00373312
0.00373285
0.00373264
0.00373248
0.00373235
0.00373225
0.00373217
0.00373211
0.00373206
0.00373202
0.00373199
0.00373196
0.00373195
0.00373193
0.00373193
0.00373192
0.00373193
0.00373193
0.00373194
0.00373195
0.00373197
0.003732
0.00373203
0.00373207
0.00373212
0.00373218
0.00373227
0.00373237
0.0037325
0.00373266
0.00373288
0.00373315
0.00373348
0.0037339
0.00373438
0.00371771
0.0038493
0.00386639
0.00386559
0.00386503
0.0038646
0.00386429
0.00386405
0.00386388
0.00386375
0.00386365
0.00386358
0.00386352
0.00386347
0.00386343
0.00386341
0.00386339
0.00386337
0.00386336
0.00386335
0.00386335
0.00386335
0.00386335
0.00386336
0.00386337
0.00386339
0.00386341
0.00386344
0.00386348
0.00386353
0.00386359
0.00386366
0.00386377
0.0038639
0.00386407
0.00386431
0.00386463
0.00386506
0.00386565
0.00386643
0.00384931
0.00438506
0.0044046
0.00440307
0.0044022
0.00440163
0.00440124
0.00440097
0.00440078
0.00440064
0.00440053
0.00440045
0.00440039
0.00440035
0.00440031
0.00440029
0.00440027
0.00440025
0.00440024
0.00440023
0.00440023
0.00440023
0.00440023
0.00440024
0.00440025
0.00440026
0.00440028
0.00440031
0.00440035
0.0044004
0.00440046
0.00440054
0.00440065
0.00440079
0.00440098
0.00440125
0.00440163
0.00440221
0.0044031
0.00440455
0.00438502
0.00552249
0.00553997
0.00553936
0.00553899
0.00553873
0.00553856
0.00553844
0.00553835
0.00553829
0.00553824
0.00553821
0.00553818
0.00553816
0.00553815
0.00553814
0.00553813
0.00553812
0.00553812
0.00553811
0.00553811
0.00553811
0.00553811
0.00553811
0.00553812
0.00553812
0.00553813
0.00553815
0.00553816
0.00553818
0.00553821
0.00553825
0.00553829
0.00553835
0.00553844
0.00553856
0.00553874
0.00553899
0.00553939
0.00553992
0.00552245
0.000556994
0.000556958
0.000556968
0.000556974
0.000556978
0.000556981
0.000556982
0.000556983
0.000556984
0.000556985
0.000556985
0.000556985
0.000556986
0.000556986
0.000556986
0.000556986
0.000556986
0.000556986
0.000556986
0.000556986
0.000556986
0.000556986
0.000556986
0.000556986
0.000556986
0.000556986
0.000556986
0.000556986
0.000556986
0.000556985
0.000556985
0.000556984
0.000556983
0.000556982
0.000556981
0.000556978
0.000556974
0.000556968
0.000556958
0.000556999
)
;
    }
    back
    {
        type            calculated;
        value           nonuniform List<scalar> 
1600
(
0.00709009
0.00713345
0.0071654
0.00718118
0.00718652
0.00718754
0.00718738
0.00718705
0.00718672
0.00718645
0.00718622
0.00718603
0.00718584
0.00718566
0.00718549
0.00718534
0.00718522
0.0071851
0.007185
0.00718491
0.00718484
0.00718479
0.00718476
0.00718478
0.00718481
0.00718486
0.00718493
0.00718503
0.00718516
0.00718533
0.00718553
0.00718577
0.00718606
0.00718641
0.00718679
0.00718711
0.00718677
0.00718378
0.00717451
0.0071589
0.00707832
0.00712051
0.0071512
0.00716613
0.00717109
0.007172
0.00717182
0.00717148
0.00717116
0.00717089
0.00717066
0.00717047
0.00717028
0.0071701
0.00716993
0.00716979
0.00716967
0.00716956
0.00716946
0.00716937
0.0071693
0.00716925
0.00716923
0.00716924
0.00716928
0.00716933
0.0071694
0.0071695
0.00716963
0.0071698
0.00717
0.00717024
0.00717053
0.00717087
0.00717126
0.0071716
0.00717129
0.00716836
0.00715908
0.00714317
0.00706681
0.00710713
0.00713607
0.00714994
0.00715449
0.00715528
0.00715507
0.00715474
0.00715442
0.00715415
0.00715392
0.00715372
0.00715354
0.00715336
0.00715319
0.00715306
0.00715294
0.00715284
0.00715274
0.00715266
0.00715259
0.00715254
0.00715252
0.00715254
0.00715257
0.00715262
0.0071527
0.00715279
0.00715293
0.00715309
0.0071533
0.00715353
0.00715382
0.00715417
0.00715457
0.00715491
0.00715464
0.00715178
0.00714248
0.00712625
0.00705822
0.00709679
0.00712406
0.00713693
0.00714107
0.00714174
0.00714152
0.00714118
0.00714086
0.00714059
0.00714036
0.00714016
0.00713999
0.00713981
0.00713964
0.00713951
0.0071394
0.0071393
0.0071392
0.00713912
0.00713906
0.00713902
0.007139
0.00713901
0.00713905
0.0071391
0.00713918
0.00713928
0.00713941
0.00713958
0.00713978
0.00714002
0.00714031
0.00714066
0.00714106
0.00714141
0.00714118
0.00713839
0.00712907
0.00711249
0.00705312
0.00709009
0.00711579
0.0071277
0.00713145
0.00713202
0.00713178
0.00713143
0.00713111
0.00713084
0.00713061
0.00713042
0.00713024
0.00713007
0.00712991
0.00712977
0.00712966
0.00712956
0.00712948
0.0071294
0.00712934
0.0071293
0.00712929
0.0071293
0.00712934
0.00712939
0.00712947
0.00712957
0.0071297
0.00712987
0.00713007
0.00713031
0.0071306
0.00713096
0.00713136
0.00713173
0.00713153
0.00712881
0.00711947
0.00710251
0.00705211
0.00708763
0.00711185
0.00712285
0.00712624
0.00712671
0.00712644
0.00712609
0.00712577
0.0071255
0.00712527
0.00712508
0.0071249
0.00712473
0.00712457
0.00712444
0.00712433
0.00712424
0.00712415
0.00712408
0.00712402
0.00712399
0.00712398
0.00712399
0.00712403
0.00712408
0.00712416
0.00712426
0.00712439
0.00712456
0.00712477
0.00712501
0.0071253
0.00712566
0.00712607
0.00712645
0.00712629
0.00712364
0.00711428
0.0070969
0.00705584
0.00709008
0.00711291
0.00712305
0.0071261
0.00712647
0.00712618
0.00712583
0.00712551
0.00712524
0.007125
0.00712481
0.00712463
0.00712447
0.00712431
0.00712418
0.00712408
0.00712398
0.0071239
0.00712383
0.00712377
0.00712374
0.00712373
0.00712375
0.00712378
0.00712384
0.00712392
0.00712403
0.00712416
0.00712433
0.00712453
0.00712478
0.00712508
0.00712544
0.00712585
0.00712625
0.00712612
0.00712355
0.00711416
0.00709633
0.00706508
0.00709818
0.00711973
0.00712905
0.00713177
0.00713206
0.00713175
0.00713139
0.00713106
0.00713079
0.00713056
0.00713037
0.00713019
0.00713003
0.00712988
0.00712975
0.00712964
0.00712955
0.00712947
0.0071294
0.00712935
0.00712932
0.00712931
0.00712933
0.00712937
0.00712943
0.00712951
0.00712962
0.00712975
0.00712992
0.00713013
0.00713038
0.00713068
0.00713104
0.00713146
0.00713187
0.00713178
0.00712928
0.00711987
0.00710154
0.00708068
0.00711281
0.00713316
0.00714171
0.00714412
0.00714432
0.00714399
0.00714363
0.0071433
0.00714303
0.0071428
0.0071426
0.00714243
0.00714227
0.00714212
0.007142
0.00714189
0.0071418
0.00714171
0.00714165
0.0071416
0.00714157
0.00714157
0.00714159
0.00714163
0.00714169
0.00714178
0.00714189
0.00714203
0.0071422
0.0071424
0.00714265
0.00714296
0.00714332
0.00714374
0.00714416
0.00714412
0.0071417
0.00713224
0.00711337
0.00710361
0.00713494
0.00715418
0.00716201
0.00716413
0.00716425
0.0071639
0.00716353
0.0071632
0.00716293
0.0071627
0.0071625
0.00716232
0.00716217
0.00716202
0.0071619
0.00716179
0.0071617
0.00716162
0.00716155
0.0071615
0.00716148
0.00716149
0.00716151
0.00716155
0.0071616
0.0071617
0.00716181
0.00716195
0.00716213
0.00716233
0.00716258
0.00716289
0.00716325
0.00716369
0.00716412
0.00716412
0.00716177
0.00715228
0.00713281
0.00713499
0.00716568
0.0071839
0.00719106
0.00719291
0.00719295
0.00719258
0.0071922
0.00719187
0.0071916
0.00719136
0.00719116
0.00719099
0.00719083
0.0071907
0.00719057
0.00719046
0.00719037
0.00719029
0.00719023
0.00719018
0.00719016
0.00719017
0.00719019
0.00719023
0.00719029
0.00719039
0.0071905
0.00719064
0.00719082
0.00719103
0.00719129
0.00719159
0.00719196
0.0071924
0.00719285
0.00719289
0.00719062
0.00718107
0.00716096
0.00717609
0.00720632
0.00722361
0.00723014
0.00723173
0.00723169
0.0072313
0.00723092
0.00723058
0.00723031
0.00723007
0.00722987
0.00722969
0.00722954
0.00722941
0.00722929
0.00722918
0.00722908
0.00722901
0.00722894
0.0072289
0.00722888
0.00722889
0.00722892
0.00722896
0.00722902
0.00722912
0.00722923
0.00722938
0.00722956
0.00722977
0.00723003
0.00723034
0.00723071
0.00723116
0.00723162
0.0072317
0.00722952
0.00721992
0.00719909
0.00722837
0.0072583
0.00727475
0.00728069
0.00728204
0.00728193
0.00728152
0.00728112
0.00728079
0.00728051
0.00728028
0.00728007
0.00727989
0.00727974
0.00727961
0.00727949
0.00727938
0.00727929
0.00727921
0.00727915
0.00727911
0.0072791
0.00727911
0.00727913
0.00727918
0.00727924
0.00727933
0.00727945
0.0072796
0.00727978
0.00727999
0.00728026
0.00728058
0.00728096
0.00728142
0.00728189
0.00728202
0.00727991
0.00727025
0.00724863
0.00729347
0.00732329
0.00733898
0.00734436
0.00734549
0.00734531
0.00734488
0.00734447
0.00734413
0.00734385
0.00734361
0.0073434
0.00734322
0.00734308
0.00734294
0.00734282
0.00734271
0.00734262
0.00734255
0.00734249
0.00734245
0.00734244
0.00734245
0.00734248
0.00734252
0.00734259
0.00734269
0.0073428
0.00734295
0.00734314
0.00734335
0.00734362
0.00734395
0.00734434
0.00734481
0.0073453
0.00734547
0.00734346
0.00733373
0.00731124
0.00737326
0.00740316
0.00741816
0.00742303
0.00742394
0.0074237
0.00742324
0.00742282
0.00742247
0.00742219
0.00742194
0.00742173
0.00742155
0.0074214
0.00742127
0.00742115
0.00742104
0.00742095
0.00742088
0.00742083
0.00742079
0.00742078
0.0074208
0.00742082
0.00742087
0.00742093
0.00742103
0.00742115
0.0074213
0.00742149
0.00742171
0.00742199
0.00742233
0.00742272
0.0074232
0.00742372
0.00742394
0.00742201
0.00741221
0.00738877
0.00746984
0.0075
0.00751439
0.00751879
0.00751949
0.00751918
0.0075187
0.00751827
0.00751791
0.00751762
0.00751737
0.00751715
0.00751697
0.00751682
0.00751669
0.00751657
0.00751646
0.00751637
0.0075163
0.00751625
0.00751622
0.00751622
0.00751623
0.00751625
0.00751631
0.00751637
0.00751647
0.00751659
0.00751674
0.00751694
0.00751716
0.00751745
0.0075178
0.0075182
0.0075187
0.00751925
0.00751952
0.00751769
0.0075078
0.0074833
0.00758556
0.00761618
0.00763003
0.00763398
0.00763449
0.00763412
0.00763361
0.00763317
0.0076328
0.00763249
0.00763223
0.00763201
0.00763183
0.00763168
0.00763154
0.00763142
0.00763132
0.00763123
0.00763116
0.00763111
0.00763109
0.00763108
0.0076311
0.00763113
0.00763118
0.00763124
0.00763133
0.00763147
0.00763162
0.00763183
0.00763206
0.00763235
0.00763271
0.00763313
0.00763365
0.00763423
0.00763455
0.00763282
0.00762285
0.00759717
0.007723
0.00775429
0.00776767
0.00777119
0.00777153
0.00777109
0.00777055
0.00777009
0.00776971
0.00776939
0.00776913
0.0077689
0.00776871
0.00776855
0.00776841
0.00776829
0.00776819
0.00776811
0.00776804
0.00776799
0.00776797
0.00776797
0.00776799
0.00776802
0.00776807
0.00776814
0.00776823
0.00776837
0.00776853
0.00776874
0.00776898
0.00776927
0.00776965
0.00777009
0.00777062
0.00777124
0.00777162
0.00777
0.00775994
0.00773297
0.007885
0.00791715
0.00793011
0.00793323
0.00793339
0.00793289
0.00793233
0.00793185
0.00793146
0.00793113
0.00793085
0.00793061
0.00793042
0.00793026
0.00793011
0.00793
0.0079299
0.00792982
0.00792975
0.0079297
0.00792969
0.00792968
0.00792971
0.00792974
0.0079298
0.00792986
0.00792995
0.00793009
0.00793027
0.00793048
0.00793073
0.00793103
0.00793142
0.00793188
0.00793244
0.00793309
0.00793354
0.00793203
0.00792188
0.0078935
0.00807452
0.00810773
0.00812032
0.00812306
0.00812306
0.00812248
0.00812189
0.0081214
0.00812099
0.00812065
0.00812036
0.00812012
0.00811991
0.00811976
0.0081196
0.00811948
0.00811939
0.0081193
0.00811924
0.0081192
0.00811918
0.00811918
0.00811921
0.00811924
0.0081193
0.00811937
0.00811946
0.0081196
0.00811979
0.00812001
0.00812027
0.00812058
0.00812098
0.00812146
0.00812204
0.00812274
0.00812326
0.00812187
0.00811164
0.00808171
0.00829454
0.00832897
0.00834124
0.00834361
0.00834344
0.0083428
0.00834218
0.00834167
0.00834124
0.00834089
0.00834058
0.00834034
0.00834013
0.00833997
0.00833981
0.00833969
0.00833959
0.00833951
0.00833945
0.00833941
0.0083394
0.0083394
0.00833943
0.00833946
0.00833953
0.0083396
0.00833969
0.00833983
0.00834002
0.00834026
0.00834052
0.00834084
0.00834125
0.00834176
0.00834237
0.0083431
0.0083437
0.00834245
0.00833216
0.00830058
0.00854771
0.0085835
0.00859546
0.00859745
0.00859713
0.00859643
0.00859576
0.00859523
0.0085948
0.00859443
0.00859411
0.00859387
0.00859365
0.00859349
0.00859333
0.0085932
0.0085931
0.00859301
0.00859296
0.00859291
0.00859291
0.00859292
0.00859294
0.00859298
0.00859305
0.00859313
0.00859322
0.00859336
0.00859356
0.0085938
0.00859408
0.00859441
0.00859483
0.00859536
0.008596
0.00859678
0.00859746
0.00859636
0.00858604
0.00855274
0.00883569
0.00887289
0.00888454
0.00888616
0.0088857
0.00888493
0.00888423
0.00888368
0.00888323
0.00888285
0.00888252
0.00888227
0.00888205
0.00888189
0.00888172
0.00888159
0.0088815
0.0088814
0.00888135
0.0088813
0.0088813
0.00888131
0.00888134
0.00888138
0.00888146
0.00888154
0.00888163
0.00888177
0.00888198
0.00888223
0.00888251
0.00888285
0.00888329
0.00888383
0.0088845
0.00888533
0.0088861
0.00888518
0.00887488
0.00883984
0.00915806
0.00919656
0.00920787
0.00920913
0.00920852
0.00920769
0.00920696
0.00920639
0.00920594
0.00920555
0.0092052
0.00920496
0.00920472
0.00920456
0.0092044
0.00920427
0.00920418
0.00920407
0.00920402
0.00920397
0.00920397
0.00920398
0.00920401
0.00920405
0.00920414
0.00920422
0.00920432
0.00920446
0.00920467
0.00920492
0.00920521
0.00920557
0.00920601
0.00920658
0.00920727
0.00920815
0.00920901
0.00920827
0.00919809
0.00916143
0.00951027
0.00954975
0.00956064
0.00956153
0.00956081
0.00955992
0.00955917
0.00955859
0.00955813
0.00955774
0.00955738
0.00955714
0.0095569
0.00955674
0.00955658
0.00955644
0.00955638
0.00955627
0.0095562
0.00955616
0.00955615
0.00955616
0.00955619
0.00955624
0.00955632
0.00955641
0.00955651
0.00955665
0.00955685
0.00955711
0.00955741
0.00955777
0.00955822
0.0095588
0.00955952
0.00956043
0.00956137
0.00956083
0.00955089
0.00951296
0.0098806
0.00992036
0.00993069
0.00993123
0.00993041
0.0099295
0.00992875
0.00992816
0.00992769
0.00992731
0.00992695
0.00992672
0.00992648
0.00992632
0.00992617
0.00992603
0.00992598
0.00992588
0.00992581
0.00992576
0.00992575
0.00992577
0.00992579
0.00992584
0.00992593
0.00992602
0.00992611
0.00992624
0.00992645
0.00992671
0.009927
0.00992736
0.00992781
0.00992839
0.00992911
0.00993004
0.00993104
0.00993069
0.00992119
0.00988267
0.0102457
0.0102846
0.0102942
0.0102944
0.0102935
0.0102926
0.0102919
0.0102913
0.0102909
0.0102905
0.0102902
0.01029
0.0102897
0.0102896
0.0102894
0.0102893
0.0102893
0.0102892
0.0102891
0.0102891
0.010289
0.0102891
0.0102891
0.0102891
0.0102892
0.0102893
0.0102894
0.0102895
0.0102897
0.0102899
0.0102902
0.0102906
0.010291
0.0102915
0.0102922
0.0102932
0.0102942
0.010294
0.0102852
0.0102472
0.0105661
0.0106024
0.010611
0.010611
0.0106101
0.0106093
0.0106086
0.0106081
0.0106076
0.0106073
0.010607
0.0106068
0.0106066
0.0106065
0.0106064
0.0106063
0.0106062
0.0106061
0.0106061
0.010606
0.010606
0.010606
0.0106061
0.0106061
0.0106062
0.0106062
0.0106063
0.0106064
0.0106066
0.0106068
0.0106071
0.0106074
0.0106077
0.0106082
0.0106089
0.0106097
0.0106107
0.0106106
0.0106028
0.0105671
0.010784
0.0108156
0.010823
0.0108229
0.0108221
0.0108214
0.0108209
0.0108205
0.0108201
0.0108198
0.0108196
0.0108194
0.0108193
0.0108192
0.0108191
0.010819
0.0108189
0.0108189
0.0108188
0.0108188
0.0108188
0.0108188
0.0108188
0.0108188
0.0108189
0.010819
0.010819
0.0108191
0.0108192
0.0108194
0.0108196
0.0108198
0.0108201
0.0108205
0.0108211
0.0108218
0.0108226
0.0108226
0.0108159
0.0107846
0.010831
0.0108561
0.0108622
0.010862
0.0108615
0.010861
0.0108606
0.0108603
0.01086
0.0108599
0.0108597
0.0108596
0.0108595
0.0108594
0.0108593
0.0108592
0.0108592
0.0108592
0.0108591
0.0108591
0.0108591
0.0108591
0.0108591
0.0108591
0.0108592
0.0108592
0.0108592
0.0108593
0.0108594
0.0108595
0.0108596
0.0108598
0.01086
0.0108603
0.0108606
0.0108612
0.0108618
0.0108617
0.0108564
0.0108312
0.0106513
0.0106693
0.0106741
0.0106741
0.0106738
0.0106735
0.0106733
0.0106731
0.010673
0.0106729
0.0106728
0.0106727
0.0106727
0.0106726
0.0106725
0.0106725
0.0106724
0.0106724
0.0106724
0.0106723
0.0106723
0.0106724
0.0106724
0.0106724
0.0106724
0.0106724
0.0106724
0.0106725
0.0106725
0.0106726
0.0106727
0.0106727
0.0106728
0.010673
0.0106732
0.0106735
0.0106738
0.0106736
0.0106695
0.0106513
0.0102436
0.0102553
0.010259
0.0102591
0.010259
0.0102589
0.0102589
0.0102588
0.0102588
0.0102588
0.0102587
0.0102587
0.0102587
0.0102586
0.0102586
0.0102585
0.0102585
0.0102585
0.0102585
0.0102584
0.0102584
0.0102585
0.0102585
0.0102585
0.0102585
0.0102585
0.0102585
0.0102585
0.0102585
0.0102586
0.0102586
0.0102586
0.0102586
0.0102586
0.0102587
0.0102588
0.0102589
0.0102586
0.0102555
0.0102438
0.00970578
0.00971227
0.00971523
0.00971537
0.00971542
0.00971536
0.00971543
0.00971543
0.00971551
0.00971547
0.00971551
0.00971546
0.00971547
0.00971541
0.00971538
0.00971533
0.00971532
0.00971531
0.00971529
0.00971528
0.00971529
0.0097153
0.0097153
0.0097153
0.00971532
0.00971532
0.00971531
0.00971531
0.00971533
0.00971533
0.00971532
0.00971527
0.00971527
0.00971522
0.00971522
0.00971522
0.00971525
0.00971492
0.0097124
0.00970676
0.00925461
0.00925516
0.00925764
0.00925769
0.00925774
0.00925767
0.00925776
0.00925775
0.00925787
0.00925781
0.00925788
0.00925783
0.00925785
0.0092578
0.00925777
0.00925773
0.00925773
0.00925773
0.00925771
0.00925771
0.00925772
0.00925773
0.00925772
0.00925772
0.00925773
0.00925773
0.00925772
0.00925772
0.00925774
0.00925772
0.00925771
0.00925765
0.00925764
0.00925759
0.00925757
0.00925756
0.00925762
0.0092574
0.00925524
0.00925737
0.00922665
0.00921647
0.00921862
0.00921847
0.00921846
0.00921831
0.00921838
0.00921833
0.00921846
0.00921838
0.00921846
0.00921841
0.00921844
0.0092184
0.00921837
0.00921835
0.00921835
0.00921836
0.00921835
0.00921835
0.00921836
0.00921837
0.00921836
0.00921835
0.00921836
0.00921835
0.00921835
0.00921834
0.00921835
0.00921833
0.00921832
0.00921826
0.00921826
0.00921822
0.00921822
0.00921827
0.00921843
0.00921839
0.0092165
0.00923236
0.0100625
0.0100331
0.0100349
0.0100346
0.0100345
0.0100342
0.0100343
0.0100342
0.0100343
0.0100342
0.0100343
0.0100343
0.0100343
0.0100343
0.0100343
0.0100343
0.0100343
0.0100343
0.0100343
0.0100343
0.0100343
0.0100343
0.0100343
0.0100343
0.0100343
0.0100343
0.0100342
0.0100342
0.0100342
0.0100342
0.0100342
0.0100341
0.0100341
0.0100341
0.0100341
0.0100342
0.0100345
0.0100347
0.0100331
0.0100718
0.0121284
0.0120742
0.0120756
0.012075
0.0120748
0.0120745
0.0120745
0.0120744
0.0120745
0.0120744
0.0120745
0.0120745
0.0120745
0.0120746
0.0120746
0.0120746
0.0120746
0.0120746
0.0120746
0.0120746
0.0120747
0.0120746
0.0120746
0.0120746
0.0120746
0.0120746
0.0120745
0.0120745
0.0120745
0.0120745
0.0120744
0.0120744
0.0120744
0.0120743
0.0120744
0.0120745
0.0120749
0.0120753
0.0120742
0.0121399
0.00809782
0.00810336
0.00810215
0.00810191
0.0081019
0.00810192
0.00810187
0.00810189
0.00810185
0.00810185
0.00810182
0.00810182
0.0081018
0.0081018
0.00810179
0.00810178
0.00810178
0.00810177
0.00810177
0.00810177
0.00810177
0.00810177
0.00810177
0.00810177
0.00810177
0.00810177
0.00810178
0.00810179
0.00810179
0.0081018
0.00810181
0.00810182
0.00810183
0.00810183
0.00810184
0.00810182
0.00810178
0.00810188
0.00810317
0.0081029
0.00328758
0.00329634
0.00329577
0.00329532
0.00329508
0.0032949
0.00329476
0.00329467
0.00329458
0.00329452
0.00329446
0.00329441
0.00329437
0.00329434
0.00329432
0.0032943
0.00329428
0.00329427
0.00329426
0.00329426
0.00329425
0.00329426
0.00329426
0.00329427
0.00329429
0.0032943
0.00329433
0.00329436
0.00329439
0.00329444
0.00329449
0.00329456
0.00329464
0.00329475
0.00329489
0.00329506
0.00329529
0.00329567
0.00329634
0.00328852
0.000911038
0.000909955
0.000909987
0.000910001
0.000910012
0.000910019
0.000910024
0.000910028
0.000910031
0.000910034
0.000910036
0.000910038
0.000910039
0.00091004
0.000910041
0.000910042
0.000910042
0.000910043
0.000910043
0.000910043
0.000910043
0.000910043
0.000910043
0.000910042
0.000910042
0.000910041
0.00091004
0.000910039
0.000910038
0.000910036
0.000910034
0.000910032
0.000910028
0.000910024
0.000910019
0.000910012
0.00091
0.000909982
0.000909956
0.000911076
)
;
    }
    top
    {
        type            calculated;
        value           nonuniform List<scalar> 
1600
(
0.00709009
0.00713345
0.0071654
0.00718118
0.00718652
0.00718754
0.00718738
0.00718705
0.00718672
0.00718645
0.00718622
0.00718603
0.00718584
0.00718566
0.00718549
0.00718534
0.00718522
0.0071851
0.007185
0.00718491
0.00718484
0.00718479
0.00718476
0.00718478
0.00718481
0.00718486
0.00718493
0.00718503
0.00718516
0.00718533
0.00718553
0.00718577
0.00718606
0.00718641
0.00718679
0.00718711
0.00718677
0.00718378
0.00717451
0.0071589
0.00708289
0.00712655
0.00715868
0.00717454
0.0071799
0.00718093
0.00718077
0.00718044
0.00718012
0.00717984
0.00717962
0.00717942
0.00717924
0.00717905
0.00717888
0.00717873
0.00717861
0.0071785
0.00717839
0.0071783
0.00717823
0.00717817
0.00717815
0.00717816
0.0071782
0.00717825
0.00717832
0.00717842
0.00717855
0.00717871
0.00717891
0.00717915
0.00717944
0.00717979
0.00718017
0.00718049
0.00718015
0.00717716
0.00716791
0.00715233
0.00707523
0.00711884
0.00715093
0.00716676
0.00717212
0.00717315
0.00717299
0.00717266
0.00717234
0.00717207
0.00717184
0.00717165
0.00717146
0.00717127
0.0071711
0.00717096
0.00717083
0.00717072
0.00717061
0.00717053
0.00717045
0.0071704
0.00717037
0.00717039
0.00717042
0.00717047
0.00717054
0.00717064
0.00717077
0.00717093
0.00717113
0.00717137
0.00717166
0.00717201
0.00717239
0.00717271
0.00717237
0.00716938
0.00716015
0.00714459
0.00706812
0.00711169
0.00714372
0.00715954
0.00716489
0.00716592
0.00716577
0.00716543
0.00716511
0.00716484
0.00716461
0.00716442
0.00716424
0.00716405
0.00716388
0.00716373
0.00716361
0.00716349
0.00716339
0.0071633
0.00716323
0.00716317
0.00716315
0.00716316
0.00716319
0.00716324
0.00716331
0.00716341
0.00716354
0.0071637
0.0071639
0.00716414
0.00716443
0.00716478
0.00716516
0.00716548
0.00716513
0.00716215
0.00715293
0.0071374
0.00706153
0.00710503
0.00713702
0.00715281
0.00715816
0.00715918
0.00715904
0.0071587
0.00715838
0.00715811
0.00715788
0.00715769
0.00715751
0.00715732
0.00715715
0.007157
0.00715688
0.00715676
0.00715666
0.00715657
0.00715649
0.00715644
0.00715642
0.00715643
0.00715646
0.00715651
0.00715658
0.00715668
0.00715681
0.00715697
0.00715717
0.00715741
0.0071577
0.00715804
0.00715843
0.00715874
0.00715839
0.00715542
0.00714621
0.00713071
0.00705541
0.00709885
0.00713078
0.00714655
0.00715189
0.00715292
0.00715277
0.00715244
0.00715211
0.00715184
0.00715162
0.00715143
0.00715124
0.00715105
0.00715088
0.00715074
0.00715061
0.0071505
0.00715039
0.0071503
0.00715023
0.00715017
0.00715015
0.00715016
0.0071502
0.00715025
0.00715032
0.00715042
0.00715054
0.0071507
0.0071509
0.00715114
0.00715143
0.00715178
0.00715216
0.00715247
0.00715212
0.00714915
0.00713996
0.00712448
0.00704973
0.00709311
0.00712498
0.00714072
0.00714605
0.00714708
0.00714694
0.0071466
0.00714628
0.00714601
0.00714579
0.00714559
0.00714541
0.00714522
0.00714505
0.00714491
0.00714478
0.00714466
0.00714456
0.00714447
0.00714439
0.00714434
0.00714432
0.00714433
0.00714436
0.00714441
0.00714448
0.00714458
0.00714471
0.00714487
0.00714507
0.0071453
0.00714559
0.00714594
0.00714632
0.00714663
0.00714628
0.00714331
0.00713414
0.00711869
0.00704445
0.00708777
0.00711958
0.00713529
0.00714062
0.00714165
0.0071415
0.00714117
0.00714084
0.00714057
0.00714035
0.00714016
0.00713997
0.00713979
0.00713962
0.00713947
0.00713935
0.00713923
0.00713912
0.00713903
0.00713896
0.0071389
0.00713888
0.0071389
0.00713893
0.00713898
0.00713905
0.00713915
0.00713927
0.00713943
0.00713963
0.00713987
0.00714016
0.0071405
0.00714088
0.00714119
0.00714084
0.00713788
0.00712871
0.0071133
0.00703956
0.0070828
0.00711455
0.00713023
0.00713555
0.00713658
0.00713643
0.0071361
0.00713578
0.0071355
0.00713528
0.00713509
0.00713491
0.00713472
0.00713455
0.00713441
0.00713428
0.00713416
0.00713405
0.00713397
0.0071339
0.00713384
0.00713381
0.00713383
0.00713386
0.00713391
0.00713398
0.00713408
0.00713421
0.00713436
0.00713456
0.0071348
0.00713509
0.00713543
0.00713581
0.00713612
0.00713577
0.00713281
0.00712366
0.00710827
0.00703501
0.00707818
0.00710986
0.00712551
0.00713082
0.00713185
0.00713171
0.00713138
0.00713105
0.00713078
0.00713056
0.00713037
0.00713018
0.00712999
0.00712982
0.00712968
0.00712955
0.00712943
0.00712933
0.00712924
0.00712917
0.00712911
0.00712909
0.0071291
0.00712914
0.00712918
0.00712926
0.00712935
0.00712948
0.00712963
0.00712983
0.00713007
0.00713036
0.0071307
0.00713108
0.00713139
0.00713104
0.00712808
0.00711895
0.00710358
0.00703078
0.00707387
0.00710549
0.00712111
0.00712641
0.00712744
0.0071273
0.00712696
0.00712664
0.00712636
0.00712615
0.00712596
0.00712577
0.00712558
0.00712541
0.00712527
0.00712514
0.00712502
0.00712491
0.00712483
0.00712476
0.0071247
0.00712468
0.00712469
0.00712472
0.00712477
0.00712484
0.00712494
0.00712506
0.00712522
0.00712542
0.00712566
0.00712595
0.00712629
0.00712667
0.00712698
0.00712663
0.00712367
0.00711454
0.0070992
0.00702685
0.00706986
0.00710142
0.007117
0.00712229
0.00712332
0.00712318
0.00712285
0.00712252
0.00712224
0.00712203
0.00712184
0.00712165
0.00712146
0.00712129
0.00712115
0.00712102
0.0071209
0.0071208
0.00712071
0.00712064
0.00712058
0.00712056
0.00712057
0.00712061
0.00712065
0.00712072
0.00712082
0.00712094
0.0071211
0.0071213
0.00712153
0.00712182
0.00712217
0.00712255
0.00712285
0.0071225
0.00711955
0.00711043
0.00709512
0.0070232
0.00706612
0.00709761
0.00711316
0.00711845
0.00711947
0.00711933
0.007119
0.00711867
0.0071184
0.00711818
0.00711799
0.0071178
0.00711761
0.00711745
0.00711731
0.00711718
0.00711705
0.00711695
0.00711687
0.00711679
0.00711674
0.00711671
0.00711673
0.00711676
0.00711681
0.00711688
0.00711697
0.00711709
0.00711725
0.00711745
0.00711769
0.00711797
0.00711832
0.0071187
0.007119
0.00711865
0.0071157
0.0071066
0.00709131
0.0070198
0.00706264
0.00709406
0.00710958
0.00711485
0.00711588
0.00711574
0.0071154
0.00711507
0.0071148
0.00711459
0.0071144
0.00711421
0.00711402
0.00711385
0.00711371
0.00711359
0.00711346
0.00711336
0.00711327
0.0071132
0.00711314
0.00711312
0.00711314
0.00711317
0.00711322
0.00711329
0.00711338
0.0071135
0.00711366
0.00711386
0.00711409
0.00711438
0.00711473
0.0071151
0.00711541
0.00711506
0.00711211
0.00710301
0.00708775
0.00701664
0.0070594
0.00709075
0.00710623
0.0071115
0.00711252
0.00711238
0.00711205
0.00711172
0.00711144
0.00711123
0.00711104
0.00711086
0.00711067
0.0071105
0.00711036
0.00711023
0.00711011
0.00711
0.00710992
0.00710985
0.00710979
0.00710977
0.00710978
0.00710982
0.00710986
0.00710994
0.00711003
0.00711015
0.0071103
0.0071105
0.00711074
0.00711102
0.00711137
0.00711174
0.00711205
0.0071117
0.00710875
0.00709967
0.00708443
0.00701371
0.00705639
0.00708767
0.00710311
0.00710837
0.00710939
0.00710925
0.00710892
0.00710859
0.00710831
0.0071081
0.00710791
0.00710772
0.00710753
0.00710737
0.00710723
0.0071071
0.00710698
0.00710687
0.00710679
0.00710672
0.00710666
0.00710664
0.00710665
0.00710669
0.00710673
0.00710681
0.0071069
0.00710701
0.00710717
0.00710737
0.0071076
0.00710789
0.00710823
0.00710861
0.00710891
0.00710856
0.00710562
0.00709654
0.00708132
0.00701099
0.00705358
0.00708479
0.0071002
0.00710545
0.00710647
0.00710633
0.007106
0.00710567
0.00710539
0.00710518
0.00710499
0.00710481
0.00710462
0.00710445
0.00710431
0.00710419
0.00710406
0.00710395
0.00710387
0.0071038
0.00710374
0.00710372
0.00710374
0.00710377
0.00710382
0.00710389
0.00710398
0.0071041
0.00710425
0.00710445
0.00710468
0.00710497
0.00710531
0.00710569
0.00710599
0.00710564
0.0071027
0.00709363
0.00707843
0.00700847
0.00705098
0.00708212
0.0070975
0.00710273
0.00710376
0.00710362
0.00710328
0.00710295
0.00710268
0.00710246
0.00710228
0.00710209
0.0071019
0.00710174
0.0071016
0.00710147
0.00710135
0.00710124
0.00710116
0.00710109
0.00710103
0.00710101
0.00710102
0.00710105
0.0071011
0.00710117
0.00710127
0.00710138
0.00710154
0.00710174
0.00710197
0.00710225
0.0071026
0.00710297
0.00710327
0.00710292
0.00709998
0.00709092
0.00707575
0.00700615
0.00704858
0.00707965
0.00709499
0.00710021
0.00710124
0.0071011
0.00710076
0.00710043
0.00710016
0.00709994
0.00709976
0.00709957
0.00709938
0.00709922
0.00709908
0.00709896
0.00709883
0.00709872
0.00709864
0.00709857
0.00709851
0.00709849
0.00709851
0.00709854
0.00709859
0.00709866
0.00709875
0.00709886
0.00709902
0.00709922
0.00709945
0.00709974
0.00710008
0.00710045
0.00710075
0.0071004
0.00709746
0.00708841
0.00707326
0.00700402
0.00704636
0.00707737
0.00709268
0.00709789
0.00709891
0.00709877
0.00709844
0.0070981
0.00709783
0.00709761
0.00709743
0.00709725
0.00709706
0.00709689
0.00709676
0.00709663
0.00709651
0.0070964
0.00709632
0.00709624
0.00709618
0.00709616
0.00709618
0.00709621
0.00709626
0.00709633
0.00709642
0.00709654
0.00709669
0.00709689
0.00709712
0.00709741
0.00709775
0.00709812
0.00709843
0.00709807
0.00709514
0.00708609
0.00707095
0.00700208
0.00704434
0.00707528
0.00709055
0.00709575
0.00709677
0.00709663
0.0070963
0.00709596
0.00709569
0.00709548
0.00709529
0.00709511
0.00709492
0.00709475
0.00709462
0.00709449
0.00709437
0.00709426
0.00709418
0.00709411
0.00709405
0.00709402
0.00709404
0.00709407
0.00709412
0.00709419
0.00709428
0.0070944
0.00709456
0.00709475
0.00709498
0.00709527
0.00709561
0.00709598
0.00709628
0.00709593
0.007093
0.00708396
0.00706884
0.00700032
0.00704249
0.00707337
0.00708861
0.0070938
0.00709481
0.00709468
0.00709434
0.00709401
0.00709373
0.00709352
0.00709334
0.00709315
0.00709296
0.0070928
0.00709266
0.00709254
0.00709242
0.00709231
0.00709223
0.00709215
0.00709209
0.00709207
0.00709209
0.00709212
0.00709217
0.00709224
0.00709233
0.00709245
0.0070926
0.0070928
0.00709303
0.00709332
0.00709366
0.00709403
0.00709433
0.00709398
0.00709105
0.00708201
0.00706691
0.00699875
0.00704084
0.00707165
0.00708685
0.00709203
0.00709305
0.00709291
0.00709258
0.00709224
0.00709197
0.00709176
0.00709158
0.00709139
0.0070912
0.00709103
0.0070909
0.00709077
0.00709065
0.00709055
0.00709046
0.00709039
0.00709033
0.00709031
0.00709032
0.00709035
0.0070904
0.00709047
0.00709056
0.00709068
0.00709084
0.00709104
0.00709127
0.00709155
0.00709189
0.00709226
0.00709256
0.00709221
0.00708928
0.00708025
0.00706517
0.00699736
0.00703937
0.00707011
0.00708529
0.00709045
0.00709147
0.00709133
0.007091
0.00709066
0.00709039
0.00709018
0.00709
0.00708981
0.00708962
0.00708945
0.00708932
0.00708919
0.00708907
0.00708897
0.00708889
0.00708881
0.00708875
0.00708873
0.00708875
0.00708878
0.00708882
0.00708889
0.00708898
0.0070891
0.00708926
0.00708946
0.00708969
0.00708997
0.00709031
0.00709068
0.00709099
0.00709063
0.0070877
0.00707868
0.00706361
0.00699615
0.00703808
0.00706877
0.00708391
0.00708906
0.00709007
0.00708994
0.0070896
0.00708927
0.007089
0.00708879
0.00708861
0.00708842
0.00708823
0.00708806
0.00708793
0.0070878
0.00708768
0.00708758
0.0070875
0.00708742
0.00708736
0.00708734
0.00708736
0.00708739
0.00708743
0.0070875
0.00708759
0.00708771
0.00708787
0.00708807
0.0070883
0.00708858
0.00708892
0.00708929
0.0070896
0.00708924
0.00708632
0.0070773
0.00706224
0.00699513
0.00703698
0.00706761
0.00708272
0.00708786
0.00708887
0.00708874
0.0070884
0.00708807
0.0070878
0.00708759
0.0070874
0.00708722
0.00708703
0.00708686
0.00708673
0.0070866
0.00708648
0.00708638
0.0070863
0.00708622
0.00708616
0.00708614
0.00708616
0.00708619
0.00708623
0.0070863
0.00708639
0.00708651
0.00708667
0.00708687
0.00708709
0.00708738
0.00708772
0.00708809
0.0070884
0.00708804
0.00708512
0.0070761
0.00706105
0.00699429
0.00703607
0.00706664
0.00708172
0.00708685
0.00708786
0.00708772
0.00708739
0.00708705
0.00708678
0.00708657
0.00708639
0.0070862
0.00708601
0.00708585
0.00708572
0.00708559
0.00708547
0.00708537
0.00708529
0.00708521
0.00708515
0.00708513
0.00708515
0.00708518
0.00708522
0.00708529
0.00708538
0.0070855
0.00708566
0.00708585
0.00708608
0.00708637
0.00708671
0.00708708
0.00708739
0.00708703
0.0070841
0.0070751
0.00706006
0.00699364
0.00703534
0.00706585
0.0070809
0.00708603
0.00708703
0.00708689
0.00708656
0.00708623
0.00708596
0.00708575
0.00708557
0.00708538
0.00708519
0.00708503
0.00708489
0.00708477
0.00708464
0.00708454
0.00708446
0.00708439
0.00708433
0.00708431
0.00708433
0.00708436
0.0070844
0.00708447
0.00708456
0.00708468
0.00708484
0.00708503
0.00708526
0.00708555
0.00708589
0.00708625
0.00708656
0.00708621
0.00708328
0.00707428
0.00705925
0.00699317
0.0070348
0.00706525
0.00708028
0.00708539
0.00708639
0.00708625
0.00708592
0.00708559
0.00708532
0.00708511
0.00708493
0.00708474
0.00708455
0.00708439
0.00708426
0.00708413
0.00708401
0.00708391
0.00708383
0.00708375
0.00708369
0.00708367
0.00708369
0.00708372
0.00708376
0.00708383
0.00708392
0.00708404
0.0070842
0.00708439
0.00708462
0.00708491
0.00708525
0.00708562
0.00708592
0.00708557
0.00708264
0.00707364
0.00705863
0.00699288
0.00703444
0.00706484
0.00707983
0.00708494
0.00708593
0.0070858
0.00708546
0.00708513
0.00708487
0.00708466
0.00708448
0.00708429
0.0070841
0.00708394
0.0070838
0.00708368
0.00708356
0.00708345
0.00708338
0.0070833
0.00708324
0.00708322
0.00708324
0.00708327
0.00708331
0.00708338
0.00708347
0.00708359
0.00708375
0.00708394
0.00708417
0.00708446
0.0070848
0.00708516
0.00708547
0.00708511
0.00708219
0.00707319
0.00705819
0.00699276
0.00703425
0.0070646
0.00707957
0.00708466
0.00708566
0.00708552
0.00708519
0.00708486
0.00708459
0.00708438
0.0070842
0.00708401
0.00708382
0.00708366
0.00708353
0.0070834
0.00708328
0.00708318
0.0070831
0.00708303
0.00708296
0.00708295
0.00708297
0.007083
0.00708304
0.0070831
0.00708319
0.00708331
0.00708348
0.00708367
0.0070839
0.00708419
0.00708452
0.00708489
0.0070852
0.00708484
0.00708192
0.00707292
0.00705793
0.00699281
0.00703424
0.00706454
0.00707948
0.00708456
0.00708556
0.00708542
0.00708508
0.00708475
0.00708449
0.00708428
0.0070841
0.00708391
0.00708372
0.00708356
0.00708343
0.0070833
0.00708318
0.00708308
0.007083
0.00708293
0.00708286
0.00708285
0.00708287
0.0070829
0.00708293
0.007083
0.00708309
0.00708321
0.00708338
0.00708357
0.0070838
0.00708409
0.00708442
0.00708479
0.0070851
0.00708474
0.00708182
0.00707282
0.00705784
0.00699301
0.00703438
0.00706463
0.00707955
0.00708463
0.00708562
0.00708548
0.00708514
0.00708482
0.00708455
0.00708435
0.00708416
0.00708397
0.00708378
0.00708362
0.00708349
0.00708336
0.00708324
0.00708314
0.00708307
0.00708299
0.00708293
0.00708291
0.00708293
0.00708296
0.007083
0.00708306
0.00708316
0.00708328
0.00708344
0.00708363
0.00708386
0.00708415
0.00708448
0.00708485
0.00708516
0.0070848
0.00708188
0.00707289
0.00705792
0.00699337
0.00703467
0.00706488
0.00707977
0.00708484
0.00708583
0.00708569
0.00708536
0.00708503
0.00708477
0.00708456
0.00708438
0.00708419
0.007084
0.00708384
0.00708371
0.00708358
0.00708346
0.00708336
0.00708328
0.00708321
0.00708314
0.00708313
0.00708315
0.00708317
0.00708321
0.00708328
0.00708337
0.0070835
0.00708366
0.00708385
0.00708407
0.00708437
0.0070847
0.00708507
0.00708538
0.00708501
0.00708209
0.00707311
0.00705815
0.00699479
0.00703602
0.00706619
0.00708107
0.00708613
0.00708711
0.00708697
0.00708664
0.00708631
0.00708605
0.00708585
0.00708566
0.00708547
0.00708528
0.00708512
0.00708499
0.00708486
0.00708474
0.00708464
0.00708457
0.00708449
0.00708442
0.00708441
0.00708443
0.00708446
0.00708449
0.00708456
0.00708466
0.00708478
0.00708494
0.00708513
0.00708536
0.00708565
0.00708599
0.00708635
0.00708666
0.0070863
0.00708338
0.00707439
0.00705948
0.00700062
0.00704176
0.00707188
0.00708674
0.0070918
0.00709278
0.00709264
0.00709231
0.00709198
0.00709172
0.00709151
0.00709133
0.00709113
0.00709094
0.00709079
0.00709066
0.00709053
0.00709041
0.00709031
0.00709023
0.00709016
0.00709009
0.00709008
0.0070901
0.00709012
0.00709016
0.00709023
0.00709033
0.00709045
0.00709061
0.0070908
0.00709103
0.00709133
0.00709165
0.00709202
0.00709232
0.00709197
0.00708905
0.00708007
0.00706527
0.00701507
0.00705607
0.00708616
0.007101
0.00710605
0.00710704
0.0071069
0.00710656
0.00710623
0.00710597
0.00710577
0.00710558
0.00710539
0.0071052
0.00710504
0.00710491
0.00710478
0.00710466
0.00710456
0.00710449
0.00710441
0.00710434
0.00710433
0.00710435
0.00710438
0.00710442
0.00710449
0.00710458
0.00710471
0.00710486
0.00710505
0.00710528
0.00710558
0.00710591
0.00710627
0.00710658
0.00710623
0.0071033
0.00709432
0.00707971
0.00704177
0.00708258
0.00711265
0.00712748
0.00713252
0.0071335
0.00713336
0.00713303
0.0071327
0.00713244
0.00713223
0.00713205
0.00713185
0.00713167
0.00713151
0.00713138
0.00713125
0.00713113
0.00713103
0.00713095
0.00713088
0.00713081
0.0071308
0.00713082
0.00713085
0.00713088
0.00713096
0.00713105
0.00713117
0.00713133
0.00713152
0.00713175
0.00713205
0.00713237
0.00713273
0.00713305
0.00713269
0.00712977
0.00712079
0.00710638
0.00708588
0.0071265
0.00715654
0.00717135
0.00717639
0.00717737
0.00717723
0.0071769
0.00717657
0.00717631
0.0071761
0.00717592
0.00717572
0.00717553
0.00717538
0.00717525
0.00717512
0.00717499
0.00717489
0.00717482
0.00717475
0.00717468
0.00717466
0.00717469
0.00717471
0.00717475
0.00717482
0.00717492
0.00717504
0.00717519
0.00717538
0.00717562
0.00717592
0.00717624
0.0071766
0.00717692
0.00717656
0.00717363
0.00716466
0.00715044
0.00715706
0.00719749
0.00722751
0.00724231
0.00724734
0.00724832
0.00724818
0.00724785
0.00724752
0.00724726
0.00724705
0.00724687
0.00724667
0.00724648
0.00724633
0.0072462
0.00724607
0.00724594
0.00724584
0.00724577
0.0072457
0.00724563
0.00724561
0.00724564
0.00724566
0.0072457
0.00724577
0.00724587
0.00724599
0.00724614
0.00724633
0.00724656
0.00724687
0.00724719
0.00724754
0.00724787
0.00724751
0.00724458
0.00723561
0.00722156
)
;
    }
    bottom
    {
        type            nutkWallFunction;
        Cmu             0.09;
        kappa           0.41;
        E               9.8;
        value           nonuniform List<scalar> 
1600
(
0.00169841
0.0016984
0.00169839
0.00169838
0.00169837
0.00169837
0.00169837
0.00169836
0.00169836
0.00169836
0.00169836
0.00169836
0.00169836
0.00169836
0.00169836
0.00169836
0.00169836
0.00169836
0.00169836
0.00169836
0.00169836
0.00169836
0.00169836
0.00169836
0.00169836
0.00169836
0.00169836
0.00169836
0.00169836
0.00169836
0.00169836
0.00169836
0.00169836
0.00169837
0.00169837
0.00169837
0.00169838
0.00169839
0.0016984
0.00169842
0.00180879
0.00180856
0.00180854
0.00180851
0.00180849
0.00180848
0.00180846
0.00180845
0.00180844
0.00180844
0.00180843
0.00180843
0.00180843
0.00180842
0.00180842
0.00180842
0.00180842
0.00180842
0.00180842
0.00180841
0.00180841
0.00180841
0.00180841
0.00180842
0.00180842
0.00180842
0.00180842
0.00180842
0.00180843
0.00180843
0.00180844
0.00180844
0.00180845
0.00180846
0.00180847
0.00180849
0.00180852
0.00180855
0.0018086
0.00180879
0.0019806
0.00197997
0.00197994
0.00197986
0.00197981
0.00197979
0.00197976
0.00197974
0.00197972
0.0019797
0.00197969
0.00197968
0.00197967
0.00197966
0.00197966
0.00197965
0.00197965
0.00197964
0.00197964
0.00197964
0.00197964
0.00197964
0.00197964
0.00197964
0.00197965
0.00197965
0.00197966
0.00197966
0.00197967
0.00197968
0.00197969
0.00197971
0.00197973
0.00197976
0.00197978
0.00197982
0.00197987
0.00197992
0.00197999
0.00198054
0.00230616
0.00230435
0.00230451
0.00230451
0.00230438
0.00230432
0.00230426
0.00230422
0.00230417
0.00230414
0.0023041
0.00230408
0.00230405
0.00230403
0.00230402
0.002304
0.00230399
0.00230399
0.00230398
0.00230398
0.00230398
0.00230398
0.00230398
0.00230398
0.00230399
0.002304
0.00230402
0.00230404
0.00230406
0.00230409
0.00230412
0.00230416
0.00230421
0.00230426
0.00230431
0.00230437
0.00230442
0.00230445
0.00230443
0.00230608
0.00252735
0.00252473
0.00252519
0.00252602
0.0025264
0.00252672
0.00252691
0.00252713
0.00252725
0.00252738
0.00252746
0.00252754
0.0025276
0.00252765
0.00252769
0.00252772
0.00252774
0.00252776
0.00252778
0.0025278
0.0025278
0.00252779
0.00252778
0.00252775
0.00252773
0.00252769
0.00252765
0.0025276
0.00252754
0.00252747
0.00252737
0.00252725
0.00252712
0.00252693
0.00252667
0.00252637
0.00252594
0.00252532
0.00252454
0.00252739
0.0023154
0.00231412
0.00231422
0.00231458
0.00231477
0.00231495
0.00231505
0.00231516
0.00231522
0.00231529
0.00231534
0.00231538
0.00231541
0.00231543
0.00231545
0.00231546
0.00231548
0.00231549
0.0023155
0.00231551
0.00231552
0.00231551
0.0023155
0.00231549
0.00231548
0.00231546
0.00231544
0.00231541
0.00231537
0.00231533
0.00231528
0.00231522
0.00231514
0.00231504
0.0023149
0.00231475
0.00231451
0.00231418
0.00231374
0.00231554
0.00221043
0.00220959
0.00220971
0.00220992
0.00221004
0.00221017
0.00221022
0.00221031
0.00221034
0.00221039
0.00221042
0.00221045
0.00221047
0.00221048
0.0022105
0.00221051
0.00221052
0.00221052
0.00221053
0.00221054
0.00221055
0.00221054
0.00221054
0.00221053
0.00221052
0.00221051
0.00221049
0.00221047
0.00221044
0.00221042
0.00221038
0.00221033
0.00221028
0.00221021
0.00221011
0.00221001
0.00220986
0.00220963
0.00220931
0.00221066
0.00214484
0.00214412
0.00214426
0.00214441
0.0021445
0.0021446
0.00214464
0.0021447
0.00214473
0.00214477
0.00214479
0.00214481
0.00214482
0.00214483
0.00214484
0.00214485
0.00214486
0.00214487
0.00214487
0.00214488
0.00214489
0.00214488
0.00214488
0.00214487
0.00214486
0.00214485
0.00214484
0.00214482
0.0021448
0.00214478
0.00214475
0.00214472
0.00214468
0.00214463
0.00214454
0.00214447
0.00214435
0.00214418
0.00214394
0.00214502
0.00209888
0.00209821
0.00209834
0.00209848
0.00209854
0.00209862
0.00209865
0.00209871
0.00209873
0.00209876
0.00209877
0.00209879
0.0020988
0.00209881
0.00209882
0.00209882
0.00209883
0.00209884
0.00209884
0.00209885
0.00209885
0.00209885
0.00209885
0.00209884
0.00209883
0.00209882
0.00209881
0.0020988
0.00209878
0.00209876
0.00209874
0.00209871
0.00209868
0.00209864
0.00209857
0.00209852
0.00209842
0.00209827
0.00209808
0.00209899
0.00206436
0.00206376
0.00206386
0.00206398
0.00206403
0.0020641
0.00206413
0.00206417
0.00206419
0.00206421
0.00206422
0.00206424
0.00206425
0.00206425
0.00206426
0.00206426
0.00206427
0.00206428
0.00206428
0.00206429
0.00206429
0.00206429
0.00206429
0.00206428
0.00206427
0.00206427
0.00206426
0.00206424
0.00206423
0.00206421
0.0020642
0.00206417
0.00206414
0.00206411
0.00206405
0.00206401
0.00206392
0.0020638
0.00206364
0.00206442
0.00203718
0.00203665
0.00203674
0.00203684
0.00203688
0.00203694
0.00203696
0.002037
0.00203701
0.00203704
0.00203705
0.00203706
0.00203706
0.00203707
0.00203708
0.00203708
0.00203709
0.00203709
0.0020371
0.0020371
0.00203711
0.00203711
0.0020371
0.0020371
0.00203709
0.00203708
0.00203707
0.00203706
0.00203705
0.00203704
0.00203702
0.002037
0.00203698
0.00203695
0.0020369
0.00203686
0.00203679
0.00203668
0.00203654
0.00203723
0.00201506
0.00201459
0.00201466
0.00201475
0.00201479
0.00201484
0.00201486
0.00201489
0.0020149
0.00201492
0.00201493
0.00201494
0.00201495
0.00201495
0.00201496
0.00201496
0.00201497
0.00201497
0.00201498
0.00201498
0.00201499
0.00201498
0.00201498
0.00201498
0.00201497
0.00201496
0.00201495
0.00201495
0.00201494
0.00201492
0.00201491
0.00201489
0.00201487
0.00201485
0.0020148
0.00201477
0.00201471
0.00201461
0.00201448
0.0020151
0.00199658
0.00199616
0.00199622
0.0019963
0.00199634
0.00199638
0.0019964
0.00199643
0.00199644
0.00199646
0.00199646
0.00199647
0.00199648
0.00199648
0.00199649
0.00199649
0.0019965
0.0019965
0.0019965
0.00199651
0.00199651
0.00199651
0.00199651
0.0019965
0.0019965
0.00199649
0.00199648
0.00199648
0.00199647
0.00199646
0.00199644
0.00199643
0.00199641
0.00199639
0.00199635
0.00199632
0.00199626
0.00199618
0.00199606
0.00199662
0.00198082
0.00198045
0.0019805
0.00198058
0.0019806
0.00198065
0.00198066
0.00198069
0.0019807
0.00198071
0.00198072
0.00198073
0.00198073
0.00198074
0.00198074
0.00198074
0.00198075
0.00198075
0.00198075
0.00198076
0.00198076
0.00198076
0.00198076
0.00198075
0.00198075
0.00198074
0.00198074
0.00198073
0.00198072
0.00198071
0.0019807
0.00198069
0.00198067
0.00198065
0.00198061
0.00198059
0.00198054
0.00198046
0.00198035
0.00198087
0.00196716
0.00196682
0.00196687
0.00196694
0.00196696
0.001967
0.00196701
0.00196704
0.00196705
0.00196706
0.00196707
0.00196707
0.00196708
0.00196708
0.00196709
0.00196709
0.00196709
0.00196709
0.0019671
0.0019671
0.0019671
0.0019671
0.0019671
0.0019671
0.00196709
0.00196709
0.00196708
0.00196707
0.00196707
0.00196706
0.00196705
0.00196704
0.00196702
0.00196701
0.00196697
0.00196695
0.0019669
0.00196683
0.00196673
0.0019672
0.00195515
0.00195483
0.00195488
0.00195494
0.00195496
0.001955
0.00195501
0.00195503
0.00195504
0.00195505
0.00195506
0.00195506
0.00195507
0.00195507
0.00195507
0.00195508
0.00195508
0.00195508
0.00195509
0.00195509
0.00195509
0.00195509
0.00195509
0.00195508
0.00195508
0.00195508
0.00195507
0.00195507
0.00195506
0.00195505
0.00195504
0.00195503
0.00195502
0.001955
0.00195497
0.00195495
0.00195491
0.00195484
0.00195475
0.00195518
0.00194445
0.00194416
0.0019442
0.00194426
0.00194428
0.00194431
0.00194432
0.00194434
0.00194435
0.00194436
0.00194437
0.00194437
0.00194438
0.00194438
0.00194438
0.00194438
0.00194439
0.00194439
0.00194439
0.00194439
0.0019444
0.00194439
0.00194439
0.00194439
0.00194439
0.00194438
0.00194438
0.00194437
0.00194437
0.00194436
0.00194435
0.00194434
0.00194433
0.00194432
0.00194429
0.00194427
0.00194423
0.00194417
0.00194408
0.00194449
0.00193482
0.00193455
0.00193459
0.00193465
0.00193467
0.0019347
0.00193471
0.00193473
0.00193473
0.00193475
0.00193475
0.00193476
0.00193476
0.00193476
0.00193476
0.00193476
0.00193477
0.00193477
0.00193477
0.00193477
0.00193478
0.00193477
0.00193477
0.00193477
0.00193477
0.00193476
0.00193476
0.00193476
0.00193475
0.00193474
0.00193474
0.00193473
0.00193472
0.0019347
0.00193468
0.00193466
0.00193462
0.00193456
0.00193448
0.00193486
0.00192608
0.00192583
0.00192587
0.00192592
0.00192594
0.00192597
0.00192597
0.00192599
0.001926
0.00192601
0.00192602
0.00192602
0.00192602
0.00192603
0.00192603
0.00192603
0.00192603
0.00192603
0.00192603
0.00192604
0.00192604
0.00192604
0.00192604
0.00192604
0.00192603
0.00192603
0.00192603
0.00192602
0.00192602
0.00192601
0.001926
0.00192599
0.00192598
0.00192597
0.00192595
0.00192593
0.0019259
0.00192584
0.00192577
0.00192612
0.00191808
0.00191784
0.00191788
0.00191793
0.00191794
0.00191797
0.00191798
0.001918
0.001918
0.00191801
0.00191802
0.00191802
0.00191802
0.00191803
0.00191803
0.00191803
0.00191803
0.00191803
0.00191803
0.00191804
0.00191804
0.00191804
0.00191804
0.00191803
0.00191803
0.00191803
0.00191803
0.00191802
0.00191802
0.00191801
0.00191801
0.00191799
0.00191799
0.00191797
0.00191795
0.00191793
0.0019179
0.00191785
0.00191778
0.00191811
0.00191069
0.00191047
0.0019105
0.00191055
0.00191056
0.00191059
0.0019106
0.00191061
0.00191062
0.00191063
0.00191063
0.00191064
0.00191064
0.00191064
0.00191064
0.00191064
0.00191064
0.00191065
0.00191065
0.00191065
0.00191065
0.00191065
0.00191065
0.00191065
0.00191065
0.00191064
0.00191064
0.00191064
0.00191063
0.00191063
0.00191062
0.00191061
0.0019106
0.00191059
0.00191057
0.00191055
0.00191053
0.00191048
0.00191041
0.00191072
0.00190382
0.00190361
0.00190364
0.00190369
0.0019037
0.00190373
0.00190373
0.00190375
0.00190375
0.00190376
0.00190377
0.00190377
0.00190377
0.00190377
0.00190378
0.00190378
0.00190378
0.00190378
0.00190378
0.00190378
0.00190379
0.00190378
0.00190378
0.00190378
0.00190378
0.00190378
0.00190377
0.00190377
0.00190377
0.00190376
0.00190376
0.00190375
0.00190374
0.00190373
0.00190371
0.00190369
0.00190366
0.00190362
0.00190356
0.00190385
0.00189738
0.00189719
0.00189722
0.00189726
0.00189727
0.0018973
0.0018973
0.00189732
0.00189732
0.00189733
0.00189734
0.00189734
0.00189734
0.00189734
0.00189734
0.00189734
0.00189734
0.00189735
0.00189735
0.00189735
0.00189735
0.00189735
0.00189735
0.00189735
0.00189735
0.00189735
0.00189734
0.00189734
0.00189733
0.00189733
0.00189732
0.00189732
0.00189731
0.0018973
0.00189728
0.00189726
0.00189724
0.0018972
0.00189714
0.00189741
0.00189131
0.00189113
0.00189116
0.0018912
0.00189121
0.00189123
0.00189124
0.00189125
0.00189126
0.00189127
0.00189127
0.00189127
0.00189127
0.00189127
0.00189128
0.00189128
0.00189128
0.00189128
0.00189128
0.00189128
0.00189129
0.00189129
0.00189128
0.00189128
0.00189128
0.00189128
0.00189127
0.00189127
0.00189127
0.00189126
0.00189126
0.00189125
0.00189124
0.00189123
0.00189121
0.0018912
0.00189118
0.00189114
0.00189108
0.00189134
0.00188554
0.00188537
0.0018854
0.00188543
0.00188545
0.00188547
0.00188547
0.00188549
0.00188549
0.0018855
0.0018855
0.00188551
0.00188551
0.00188551
0.00188551
0.00188551
0.00188551
0.00188551
0.00188552
0.00188552
0.00188552
0.00188552
0.00188552
0.00188552
0.00188551
0.00188551
0.00188551
0.0018855
0.0018855
0.0018855
0.00188549
0.00188548
0.00188548
0.00188547
0.00188545
0.00188544
0.00188542
0.00188538
0.00188532
0.00188557
0.00188001
0.00187986
0.00187988
0.00187992
0.00187993
0.00187995
0.00187995
0.00187997
0.00187997
0.00187998
0.00187998
0.00187998
0.00187998
0.00187998
0.00187999
0.00187999
0.00187999
0.00187999
0.00187999
0.00187999
0.00188
0.00187999
0.00187999
0.00187999
0.00187999
0.00187999
0.00187998
0.00187998
0.00187998
0.00187997
0.00187997
0.00187996
0.00187996
0.00187995
0.00187993
0.00187992
0.0018799
0.00187986
0.00187981
0.00188004
0.00187467
0.00187453
0.00187454
0.00187458
0.00187459
0.00187461
0.00187461
0.00187463
0.00187463
0.00187464
0.00187464
0.00187464
0.00187464
0.00187464
0.00187465
0.00187465
0.00187465
0.00187465
0.00187465
0.00187465
0.00187465
0.00187465
0.00187465
0.00187465
0.00187465
0.00187465
0.00187464
0.00187464
0.00187464
0.00187463
0.00187463
0.00187462
0.00187462
0.00187461
0.00187459
0.00187458
0.00187456
0.00187453
0.00187448
0.0018747
0.00186945
0.00186931
0.00186933
0.00186936
0.00186937
0.00186939
0.0018694
0.00186941
0.00186941
0.00186942
0.00186942
0.00186942
0.00186942
0.00186942
0.00186942
0.00186943
0.00186943
0.00186943
0.00186943
0.00186943
0.00186943
0.00186943
0.00186943
0.00186943
0.00186943
0.00186943
0.00186942
0.00186942
0.00186942
0.00186941
0.00186941
0.0018694
0.0018694
0.00186939
0.00186938
0.00186937
0.00186935
0.00186931
0.00186927
0.00186947
0.00186428
0.00186415
0.00186417
0.0018642
0.00186421
0.00186423
0.00186423
0.00186424
0.00186425
0.00186425
0.00186425
0.00186425
0.00186426
0.00186426
0.00186426
0.00186426
0.00186426
0.00186426
0.00186426
0.00186427
0.00186427
0.00186427
0.00186427
0.00186426
0.00186426
0.00186426
0.00186426
0.00186425
0.00186425
0.00186425
0.00186424
0.00186424
0.00186423
0.00186423
0.00186421
0.0018642
0.00186418
0.00186415
0.00186411
0.0018643
0.00185909
0.00185896
0.00185899
0.00185901
0.00185902
0.00185904
0.00185904
0.00185905
0.00185905
0.00185906
0.00185906
0.00185906
0.00185906
0.00185906
0.00185907
0.00185907
0.00185907
0.00185907
0.00185907
0.00185907
0.00185907
0.00185907
0.00185907
0.00185907
0.00185907
0.00185907
0.00185906
0.00185906
0.00185906
0.00185906
0.00185905
0.00185905
0.00185904
0.00185904
0.00185902
0.00185902
0.001859
0.00185897
0.00185893
0.00185911
0.00185376
0.00185364
0.00185368
0.00185368
0.0018537
0.00185371
0.00185372
0.00185373
0.00185373
0.00185373
0.00185373
0.00185374
0.00185374
0.00185374
0.00185374
0.00185374
0.00185374
0.00185374
0.00185374
0.00185375
0.00185375
0.00185375
0.00185375
0.00185374
0.00185374
0.00185374
0.00185374
0.00185374
0.00185373
0.00185373
0.00185373
0.00185372
0.00185372
0.00185371
0.0018537
0.00185369
0.00185368
0.00185365
0.00185361
0.00185378
0.00184815
0.00184802
0.00184807
0.00184807
0.00184809
0.0018481
0.0018481
0.00184811
0.00184811
0.00184811
0.00184812
0.00184812
0.00184812
0.00184812
0.00184812
0.00184812
0.00184812
0.00184813
0.00184813
0.00184813
0.00184813
0.00184813
0.00184813
0.00184813
0.00184813
0.00184812
0.00184812
0.00184812
0.00184812
0.00184811
0.00184811
0.00184811
0.0018481
0.0018481
0.00184809
0.00184808
0.00184806
0.00184804
0.001848
0.00184816
0.00184203
0.00184188
0.00184194
0.00184194
0.00184195
0.00184196
0.00184196
0.00184197
0.00184198
0.00184198
0.00184198
0.00184198
0.00184198
0.00184198
0.00184198
0.00184199
0.00184199
0.00184199
0.00184199
0.00184199
0.00184199
0.00184199
0.00184199
0.00184199
0.00184199
0.00184199
0.00184199
0.00184198
0.00184198
0.00184198
0.00184198
0.00184197
0.00184197
0.00184196
0.00184195
0.00184195
0.00184193
0.00184191
0.00184188
0.00184203
0.00183505
0.0018349
0.00183496
0.00183496
0.00183497
0.00183498
0.00183498
0.00183499
0.00183499
0.00183499
0.00183499
0.001835
0.001835
0.001835
0.001835
0.001835
0.001835
0.001835
0.001835
0.00183501
0.00183501
0.00183501
0.001835
0.001835
0.001835
0.001835
0.001835
0.001835
0.001835
0.00183499
0.00183499
0.00183499
0.00183498
0.00183498
0.00183497
0.00183497
0.00183495
0.00183494
0.00183491
0.00183504
0.00182383
0.0018237
0.00182375
0.00182375
0.00182375
0.00182376
0.00182377
0.00182377
0.00182377
0.00182377
0.00182378
0.00182378
0.00182378
0.00182378
0.00182378
0.00182378
0.00182378
0.00182378
0.00182378
0.00182379
0.00182379
0.00182379
0.00182379
0.00182378
0.00182378
0.00182378
0.00182378
0.00182378
0.00182378
0.00182378
0.00182378
0.00182377
0.00182377
0.00182377
0.00182376
0.00182376
0.00182375
0.00182374
0.00182371
0.00182382
0.00180749
0.00180738
0.00180741
0.00180743
0.00180742
0.00180743
0.00180743
0.00180744
0.00180744
0.00180744
0.00180744
0.00180744
0.00180744
0.00180744
0.00180744
0.00180744
0.00180744
0.00180744
0.00180745
0.00180745
0.00180745
0.00180745
0.00180745
0.00180745
0.00180745
0.00180745
0.00180744
0.00180744
0.00180744
0.00180744
0.00180744
0.00180744
0.00180744
0.00180743
0.00180743
0.00180743
0.00180742
0.00180741
0.0018074
0.00180747
0.00178699
0.00178692
0.00178692
0.00178694
0.00178694
0.00178694
0.00178694
0.00178694
0.00178695
0.00178695
0.00178695
0.00178695
0.00178695
0.00178695
0.00178695
0.00178695
0.00178695
0.00178695
0.00178695
0.00178695
0.00178695
0.00178695
0.00178695
0.00178695
0.00178695
0.00178695
0.00178695
0.00178695
0.00178695
0.00178695
0.00178695
0.00178695
0.00178695
0.00178694
0.00178694
0.00178694
0.00178694
0.00178693
0.00178692
0.00178697
0.00176113
0.0017611
0.00176108
0.00176109
0.00176109
0.00176109
0.0017611
0.0017611
0.0017611
0.0017611
0.0017611
0.0017611
0.0017611
0.0017611
0.0017611
0.0017611
0.0017611
0.0017611
0.0017611
0.0017611
0.0017611
0.0017611
0.0017611
0.0017611
0.0017611
0.0017611
0.0017611
0.0017611
0.0017611
0.0017611
0.0017611
0.0017611
0.0017611
0.0017611
0.0017611
0.00176109
0.00176109
0.00176109
0.00176108
0.00176112
0.00172856
0.00172856
0.00172855
0.00172855
0.00172855
0.00172855
0.00172855
0.00172855
0.00172855
0.00172855
0.00172855
0.00172855
0.00172855
0.00172855
0.00172855
0.00172855
0.00172855
0.00172855
0.00172855
0.00172855
0.00172855
0.00172855
0.00172855
0.00172855
0.00172855
0.00172855
0.00172855
0.00172855
0.00172855
0.00172855
0.00172855
0.00172855
0.00172855
0.00172855
0.00172855
0.00172855
0.00172855
0.00172854
0.00172854
0.00172856
0.00168786
0.00168786
0.00168786
0.00168786
0.00168786
0.00168786
0.00168786
0.00168786
0.00168786
0.00168786
0.00168786
0.00168786
0.00168786
0.00168786
0.00168786
0.00168786
0.00168786
0.00168786
0.00168786
0.00168786
0.00168786
0.00168786
0.00168786
0.00168786
0.00168786
0.00168786
0.00168786
0.00168786
0.00168786
0.00168786
0.00168786
0.00168786
0.00168786
0.00168786
0.00168786
0.00168786
0.00168786
0.00168786
0.00168786
0.00168786
)
;
    }
    right
    {
        type            calculated;
        value           nonuniform List<scalar> 
1600
(
0.00709009
0.00707832
0.00706681
0.00705822
0.00705312
0.00705211
0.00705584
0.00706508
0.00708068
0.00710361
0.00713499
0.00717609
0.00722837
0.00729347
0.00737326
0.00746984
0.00758556
0.007723
0.007885
0.00807452
0.00829454
0.00854771
0.00883569
0.00915806
0.00951027
0.0098806
0.0102457
0.0105661
0.010784
0.010831
0.0106513
0.0102436
0.00970578
0.00925461
0.00922665
0.0100625
0.0121284
0.00732907
0.00313357
0.000903252
0.00708289
0.00707004
0.00705721
0.00704706
0.00704014
0.00703701
0.00703828
0.00704466
0.00705695
0.00707606
0.00710302
0.00713902
0.00718543
0.00724378
0.00731583
0.00740355
0.00750917
0.00763517
0.00778428
0.00795946
0.00816382
0.00840042
0.00867193
0.00897983
0.00932315
0.00969616
0.0100849
0.0104621
0.0107828
0.0109824
0.0109883
0.0107506
0.0102942
0.00977212
0.00949727
0.00993794
0.0115602
0.007985
0.00399494
0.00100479
0.00707523
0.0070614
0.00704737
0.00703578
0.00702716
0.00702204
0.00702099
0.00702468
0.00703384
0.00704932
0.00707209
0.00710326
0.0071441
0.00719604
0.00726072
0.00734
0.00743598
0.00755101
0.00768769
0.00784889
0.00803771
0.00825736
0.00851098
0.00880115
0.00912904
0.00949286
0.0098852
0.010289
0.0106718
0.0109809
0.0111435
0.0110826
0.0107602
0.0102443
0.00977897
0.00981985
0.0109204
0.00905501
0.00469909
0.00120564
0.00706812
0.00705343
0.00703829
0.00702538
0.00701521
0.00700827
0.00700509
0.0070063
0.00701259
0.00702476
0.0070437
0.00707045
0.0071062
0.00715229
0.00721026
0.00728186
0.00736907
0.0074741
0.00759945
0.00774788
0.0079224
0.00812627
0.00836284
0.00863529
0.00894608
0.0092959
0.00968182
0.010094
0.0105109
0.0108928
0.0111761
0.0112773
0.0111182
0.0106903
0.0101517
0.00991358
0.0106071
0.00971971
0.00510561
0.00165354
0.00706153
0.00704606
0.0070299
0.00701579
0.00700419
0.00699557
0.00699043
0.00698937
0.00699303
0.00700216
0.00701759
0.0070403
0.0070714
0.00711215
0.007164
0.00722859
0.0073078
0.00740374
0.00751877
0.00765555
0.007817
0.00800634
0.008227
0.00848247
0.00877596
0.00910972
0.00948371
0.00989324
0.0103249
0.0107503
0.0111185
0.0113509
0.0113512
0.0110533
0.0105266
0.0101138
0.0104871
0.0100767
0.00517504
0.0019883
0.00705541
0.00703925
0.00702216
0.00700694
0.00699403
0.00698387
0.00697693
0.00697378
0.00697502
0.00698136
0.00699358
0.00701259
0.00703943
0.00707529
0.00712154
0.00717974
0.00725166
0.00733931
0.00744494
0.00757111
0.00772065
0.00789671
0.0081027
0.00834229
0.0086191
0.00893635
0.00929591
0.00969655
0.0101308
0.0105795
0.0110037
0.0113354
0.0114755
0.0113217
0.0108646
0.0103633
0.0104982
0.0102622
0.00501967
0.00161659
0.00704973
0.00703295
0.00701502
0.00699879
0.00698467
0.00697309
0.0069645
0.00695942
0.00695844
0.00696221
0.00697147
0.00698708
0.00701002
0.00704141
0.00708255
0.0071349
0.00720016
0.00728024
0.00737731
0.00749381
0.00763249
0.00779642
0.00798899
0.0082139
0.00847505
0.00877622
0.00912055
0.00950918
0.00993891
0.0103976
0.0108569
0.0112608
0.0115163
0.0115033
0.0111499
0.0106264
0.0105945
0.0103785
0.00493017
0.00144101
0.00704445
0.00702712
0.00700842
0.00699126
0.00697604
0.00696316
0.00695304
0.00694619
0.00694316
0.00694456
0.00695111
0.00696359
0.00698295
0.00701024
0.00704668
0.00709368
0.00715285
0.00722601
0.00731525
0.00742293
0.0075517
0.00770457
0.00788487
0.00809632
0.00834294
0.00862891
0.00895816
0.00933352
0.00975483
0.0102154
0.0106952
0.0111503
0.0114979
0.0116131
0.0113799
0.0108824
0.0107392
0.0104344
0.00485758
0.00133301
0.00703956
0.00702173
0.00700232
0.00698431
0.00696809
0.006954
0.00694248
0.00693399
0.00692907
0.00692829
0.00693233
0.00694194
0.006958
0.00698152
0.00701365
0.00705574
0.00710932
0.00717614
0.00725821
0.00735782
0.00747755
0.00762031
0.0077894
0.00798853
0.00822178
0.00849357
0.0088084
0.00917024
0.00958118
0.0100386
0.0105294
0.0110199
0.0114396
0.0116672
0.0115584
0.0111208
0.0109117
0.0104465
0.00479067
0.00125764
0.00703501
0.00701674
0.00699668
0.0069779
0.00696074
0.00694556
0.00693274
0.00692274
0.00691606
0.00691327
0.006915
0.00692195
0.00693498
0.00695502
0.00698319
0.00702076
0.0070692
0.00713021
0.00720571
0.00729792
0.00740935
0.00754286
0.0077017
0.00788954
0.00811052
0.00836919
0.00867045
0.00901911
0.00941888
0.00987021
0.0103656
0.0108801
0.0113555
0.0116792
0.0116917
0.0113367
0.0110992
0.0104287
0.00472665
0.00120094
0.00703078
0.00701212
0.00699147
0.00697198
0.00695397
0.00693777
0.00692375
0.00691235
0.00690406
0.0068994
0.00689899
0.00690349
0.00691371
0.00693055
0.00695506
0.00698847
0.00703218
0.00708783
0.00715728
0.00724269
0.0073465
0.00747152
0.00762095
0.00779845
0.00800815
0.00825473
0.00854335
0.00887941
0.00926787
0.00971154
0.0102072
0.0107377
0.0112557
0.0116602
0.0117868
0.0115282
0.0112933
0.010391
0.00466479
0.00115611
0.00702685
0.00700784
0.00698664
0.0069665
0.00694771
0.00693058
0.00691545
0.00690276
0.00689297
0.00688658
0.00688419
0.00688642
0.00689404
0.00690792
0.00692905
0.00695862
0.00699796
0.00704866
0.00711253
0.00719166
0.00728846
0.00740566
0.00754644
0.00771443
0.00791376
0.00814918
0.00842605
0.00875022
0.00912759
0.00956277
0.0100561
0.0105965
0.011147
0.0116189
0.0118499
0.0116955
0.0114885
0.0103402
0.00460481
0.00111939
0.0070232
0.00700386
0.00698216
0.00696143
0.00694193
0.00692394
0.0069078
0.0068939
0.00688272
0.00687473
0.00687048
0.00687061
0.00687583
0.00688695
0.00690496
0.00693096
0.00696627
0.00701239
0.0070711
0.00714444
0.00723475
0.00734473
0.00747752
0.00763673
0.00782649
0.00805161
0.00831757
0.00863058
0.00899724
0.00942359
0.00991272
0.0104588
0.0110338
0.0115615
0.0118869
0.0118397
0.0116811
0.0102811
0.00454661
0.0010885
0.0070198
0.00700017
0.006978
0.00695672
0.00693658
0.0069178
0.00690072
0.00688571
0.00687323
0.00686375
0.00685779
0.00685596
0.00685894
0.00686751
0.00688262
0.00690532
0.00693687
0.00697876
0.00703268
0.00710064
0.00718493
0.00728823
0.00741362
0.00756469
0.0077456
0.00796116
0.00821698
0.00851953
0.00887595
0.00929341
0.00977723
0.0103259
0.0109192
0.011493
0.0119026
0.0119622
0.0118687
0.0102169
0.00449011
0.00106195
0.00701664
0.00699674
0.00697413
0.00695236
0.00693161
0.00691212
0.00689417
0.00687814
0.00686445
0.00685357
0.00684602
0.00684236
0.00684326
0.00684946
0.00686186
0.00688149
0.00690956
0.0069475
0.00699698
0.00705993
0.00713864
0.00723571
0.00735422
0.00749774
0.00767041
0.00787708
0.00812345
0.00841618
0.00876284
0.00917151
0.00964929
0.0101983
0.010805
0.0114166
0.0119009
0.0120648
0.0120496
0.0101498
0.00443524
0.00103875
0.00701371
0.00699354
0.00697053
0.00694829
0.00692701
0.00690685
0.00688811
0.00687112
0.00685631
0.00684414
0.00683509
0.00682973
0.00682868
0.00683267
0.00684255
0.00685932
0.00688415
0.00691841
0.00696373
0.00702203
0.00709551
0.00718678
0.00729887
0.00743534
0.00760033
0.0077987
0.00803623
0.00831973
0.00865711
0.00905715
0.00952846
0.0100761
0.0106925
0.0113351
0.011885
0.0121493
0.0122227
0.0100815
0.00438192
0.00101816
0.00701099
0.00699057
0.00696717
0.0069445
0.00692272
0.00690197
0.00688249
0.00686462
0.00684877
0.00683538
0.00682494
0.00681799
0.00681512
0.00681704
0.00682457
0.00683866
0.00686045
0.00689128
0.00693273
0.00698666
0.00705527
0.0071411
0.00724718
0.00737704
0.00753483
0.00772542
0.00795464
0.00822943
0.00855798
0.00894963
0.0094142
0.00995927
0.0105823
0.0112502
0.0118578
0.0122174
0.0123873
0.0100129
0.00433008
0.000999683
0.00700847
0.0069878
0.00696402
0.00694096
0.00691873
0.00689743
0.00687728
0.00685859
0.00684177
0.00682724
0.0068155
0.00680705
0.00680248
0.00680247
0.00680779
0.00681938
0.00683834
0.00686595
0.00690376
0.00695361
0.00701763
0.00709836
0.00719879
0.00732244
0.00747345
0.00765672
0.0078781
0.00814465
0.00846477
0.00884827
0.00930596
0.00984754
0.0104748
0.0111633
0.0118214
0.0122707
0.0125428
0.00994488
0.00427965
0.000982912
0.00700615
0.00698522
0.00696108
0.00693765
0.00691499
0.00689319
0.00687243
0.006853
0.00683527
0.00681968
0.00680671
0.00679686
0.00679069
0.00678886
0.00679212
0.00680136
0.00681765
0.00684224
0.00687664
0.00692265
0.00698236
0.00705828
0.00715339
0.00727118
0.00741579
0.00759212
0.00780609
0.00806482
0.00837687
0.00875245
0.00920321
0.00974063
0.0103703
0.0110753
0.0117774
0.0123108
0.012689
0.00987783
0.00423055
0.000967551
0.00700402
0.00698282
0.00695833
0.00693454
0.00691149
0.00688924
0.00686792
0.0068478
0.00682923
0.00681265
0.00679852
0.00678735
0.00677969
0.00677614
0.00677746
0.0067845
0.00679828
0.00682003
0.00685122
0.0068936
0.00694925
0.00702063
0.00711069
0.00722293
0.00736147
0.00753123
0.00773815
0.00798941
0.00829374
0.00866163
0.00910544
0.00963817
0.0102687
0.010987
0.0117274
0.0123389
0.0128257
0.00981214
0.00418272
0.000953363
0.00700208
0.0069806
0.00695575
0.00693161
0.0069082
0.00688554
0.00686371
0.00684296
0.00682361
0.0068061
0.00679089
0.00677848
0.0067694
0.00676424
0.00676373
0.00676869
0.00678011
0.00679919
0.00682734
0.00686631
0.00691811
0.00698519
0.00707047
0.00717743
0.00731019
0.00747368
0.00767387
0.00791799
0.00821488
0.0085753
0.00901218
0.00953984
0.01017
0.0108988
0.0116724
0.0123563
0.0129527
0.00974805
0.00413608
0.000940156
0.00700032
0.00697855
0.00695333
0.00692885
0.0069051
0.00688206
0.00685978
0.00683844
0.00681838
0.0068
0.00678377
0.00677019
0.00675977
0.0067531
0.00675086
0.00675385
0.00676305
0.00677959
0.00680489
0.00684061
0.00688877
0.00695176
0.00703249
0.00713442
0.00726166
0.00741916
0.00761289
0.00785015
0.00813986
0.008493
0.00892299
0.00944526
0.0100741
0.010811
0.0116134
0.0123639
0.0130701
0.00968574
0.00409057
0.000927775
0.00699875
0.00697666
0.00695108
0.00692625
0.00690217
0.00687878
0.00685608
0.00683423
0.0068135
0.00679431
0.00677712
0.00676243
0.00675075
0.00674265
0.00673877
0.00673992
0.006747
0.00676115
0.00678373
0.00681639
0.00686108
0.00692018
0.00699657
0.00709368
0.00721563
0.00736737
0.0075549
0.00778554
0.00806829
0.00841432
0.00883746
0.00935411
0.00998075
0.0107238
0.011551
0.0123628
0.0131777
0.00962536
0.00404613
0.000916088
0.00699736
0.00697494
0.00694897
0.0069238
0.0068994
0.00687568
0.00685261
0.00683028
0.00680895
0.006789
0.00677091
0.00675517
0.0067423
0.00673284
0.00672742
0.00672681
0.00673189
0.00674378
0.00676378
0.00679351
0.00683491
0.0068903
0.00696253
0.00705502
0.00717188
0.00731807
0.0074996
0.00772383
0.00799982
0.00833889
0.00875522
0.00926605
0.0098898
0.0106373
0.0114859
0.0123536
0.0132755
0.00956704
0.00400271
0.00090498
0.00699615
0.00697338
0.00694702
0.00692148
0.00689676
0.00687274
0.00684933
0.00682658
0.0068047
0.00678405
0.00676511
0.00674838
0.00673437
0.00672362
0.00671674
0.00671446
0.00671765
0.00672738
0.00674493
0.00677189
0.00681013
0.00686197
0.00693021
0.00701826
0.00713022
0.00727104
0.00744675
0.00766474
0.00793413
0.00826636
0.00867591
0.00918074
0.00980102
0.0105515
0.0114184
0.012337
0.0133633
0.00951096
0.00396026
0.000894349
0.00699513
0.006972
0.00694521
0.00691931
0.00689426
0.00686994
0.00684623
0.0068231
0.00680072
0.00677942
0.00675968
0.00674201
0.00672693
0.00671496
0.00670669
0.00670283
0.00670422
0.00671189
0.00672711
0.00675141
0.00678664
0.00683508
0.00689949
0.00698326
0.00709046
0.00722607
0.00739612
0.00760802
0.00787094
0.00819642
0.0085992
0.00909787
0.00971415
0.0104664
0.0113488
0.0123136
0.0134408
0.00945736
0.00391874
0.000884101
0.00699429
0.00697078
0.00694356
0.00691726
0.00689188
0.00686727
0.00684328
0.00681982
0.00679699
0.0067751
0.00675461
0.00673605
0.00671994
0.00670681
0.00669722
0.00669185
0.00669153
0.00669725
0.00671024
0.006732
0.00676435
0.00680951
0.00687024
0.00694986
0.00705246
0.00718299
0.0073475
0.00755343
0.00780998
0.00812878
0.00852476
0.00901711
0.00962892
0.0103818
0.0112772
0.0122835
0.0135076
0.0094066
0.00387813
0.000874143
0.00699364
0.00696973
0.00694207
0.00691535
0.00688962
0.00686471
0.00684046
0.00681671
0.00679349
0.00677105
0.00674986
0.00673046
0.00671338
0.00669914
0.00668829
0.00668149
0.00667953
0.00668339
0.00669425
0.00671358
0.00674316
0.00678518
0.00684235
0.00691796
0.00701608
0.00714164
0.00730073
0.00750077
0.00775102
0.00806316
0.00845231
0.00893813
0.009545
0.0102975
0.0112037
0.012247
0.0135627
0.00935929
0.00383843
0.000864377
0.00699317
0.00696886
0.00694073
0.00691358
0.00688747
0.00686226
0.00683776
0.00681375
0.00679019
0.00676726
0.00674542
0.00672522
0.00670721
0.00669192
0.00667987
0.00667171
0.00666819
0.00667026
0.00667909
0.00669609
0.00672301
0.006762
0.00681572
0.00688744
0.00698118
0.0071019
0.00725563
0.00744985
0.00769383
0.00799931
0.00838154
0.00886061
0.00946205
0.0102132
0.011128
0.0122038
0.0136048
0.00931647
0.00379965
0.000854698
0.00699288
0.00696816
0.00693957
0.00691196
0.00688544
0.00685991
0.00683516
0.00681093
0.00678707
0.00676371
0.00674127
0.00672031
0.00670142
0.00668512
0.00667193
0.00666246
0.00665745
0.00665782
0.0066647
0.00667947
0.00670383
0.0067399
0.00679027
0.00685821
0.00694768
0.00706362
0.00721207
0.00740051
0.00763822
0.00793698
0.00831216
0.00878419
0.00937966
0.0101284
0.0110499
0.0121535
0.0136323
0.00927991
0.00376188
0.000844983
0.00699276
0.00696764
0.00693857
0.00691048
0.00688353
0.00685766
0.00683265
0.00680822
0.00678411
0.00676037
0.00673739
0.00671572
0.00669598
0.00667872
0.00666443
0.00665372
0.00664728
0.00664602
0.00665103
0.00666366
0.00668556
0.0067188
0.00676594
0.00683019
0.00691548
0.00702672
0.00716994
0.00735261
0.00758403
0.00787598
0.00824391
0.00870854
0.0092974
0.0100426
0.0109686
0.0120953
0.01364
0.00925281
0.00372538
0.000835074
0.00699281
0.0069673
0.00693775
0.00690917
0.00688175
0.0068555
0.00683022
0.0068056
0.0067813
0.00675723
0.00673375
0.00671141
0.00669087
0.00667269
0.00665736
0.00664545
0.00663766
0.00663484
0.00663805
0.00664862
0.00666814
0.00669865
0.00674265
0.00680331
0.00688451
0.00699111
0.00712914
0.00730604
0.00753111
0.00781612
0.00817655
0.00863332
0.00921479
0.00995527
0.0108835
0.0120273
0.0136243
0.00924131
0.00369069
0.000824746
0.00699301
0.00696712
0.0069371
0.00690802
0.00688011
0.00685344
0.00682787
0.00680306
0.0067786
0.00675427
0.00673035
0.00670739
0.00668607
0.00666701
0.00665068
0.00663763
0.00662854
0.00662422
0.00662572
0.0066343
0.00665154
0.0066794
0.00672037
0.00677751
0.0068547
0.00695673
0.0070896
0.00726072
0.00747936
0.00775727
0.00810987
0.00855824
0.00913137
0.0098656
0.0107936
0.0119483
0.0135818
0.00924957
0.00365658
0.000813963
0.00699337
0.00696711
0.00693663
0.00690704
0.00687862
0.00685148
0.00682558
0.00680059
0.00677601
0.00675147
0.00672716
0.00670363
0.00668156
0.00666167
0.00664438
0.00663024
0.0066199
0.00661415
0.00661399
0.00662067
0.0066357
0.00666102
0.00669903
0.00675276
0.00682601
0.00692353
0.00705127
0.0072166
0.00742874
0.00769935
0.00804379
0.0084831
0.00904678
0.00977302
0.0106981
0.0118574
0.0135059
0.00924502
0.00365116
0.000801538
0.00699479
0.00696823
0.00693741
0.00690745
0.00687868
0.00685127
0.00682527
0.00680041
0.00677614
0.0067519
0.00672781
0.00670437
0.0066823
0.00666241
0.00664512
0.00663097
0.00662059
0.00661478
0.00661453
0.00662105
0.00663584
0.00666082
0.00669837
0.0067515
0.00682399
0.00692059
0.00704726
0.00720968
0.00741691
0.00768182
0.00801961
0.0084512
0.00900637
0.00972483
0.0106459
0.0118054
0.013432
0.00962096
0.00366526
0.000782333
0.00700062
0.00697391
0.00694303
0.00691303
0.00688428
0.00685701
0.00683135
0.00680715
0.00678384
0.00676064
0.00673758
0.00671508
0.00669391
0.00667497
0.00665869
0.0066456
0.00663631
0.00663161
0.00663246
0.00664006
0.00665587
0.00668178
0.00672014
0.00677391
0.00684682
0.0069436
0.00706893
0.00722721
0.00742844
0.00768632
0.00801584
0.0084376
0.00898131
0.00968791
0.0106
0.0117504
0.0133093
0.0102932
0.00365839
0.000756228
0.00701507
0.00698829
0.00695759
0.00692781
0.00689933
0.00687246
0.0068474
0.00682415
0.00680218
0.00678045
0.00675887
0.00673779
0.00671795
0.0067004
0.00668558
0.00667397
0.0066662
0.00666303
0.00666539
0.00667445
0.00669165
0.00671882
0.00675829
0.00681296
0.00688652
0.0069833
0.00710753
0.00726186
0.00745664
0.00770702
0.00802771
0.0084388
0.00896964
0.00966196
0.0105616
0.0116974
0.0131749
0.011343
0.00371037
0.00072299
0.00704177
0.00701483
0.00698441
0.006955
0.00692698
0.00690069
0.00687643
0.00685434
0.00683406
0.00681421
0.00679461
0.00677548
0.00675751
0.00674195
0.00672922
0.00671981
0.00671432
0.00671351
0.00671828
0.00672979
0.00674944
0.00677905
0.0068209
0.00687787
0.00695357
0.00705231
0.00717799
0.00732972
0.00751827
0.00776134
0.00807329
0.00847361
0.00899084
0.00966697
0.0105509
0.0116687
0.0130623
0.0138077
0.00391546
0.00068009
0.00708588
0.00705855
0.00702858
0.00699979
0.00697256
0.00694726
0.00692424
0.00690381
0.0068859
0.00686877
0.00685211
0.00683601
0.00682102
0.00680867
0.00679939
0.00679364
0.00679201
0.00679526
0.0068043
0.00682023
0.00684447
0.0068788
0.00692548
0.00698738
0.00706811
0.00717208
0.00730311
0.00745416
0.00763648
0.00787224
0.00817544
0.00856482
0.00906783
0.00972594
0.01059
0.0116866
0.0130139
0.0147219
0.00462221
0.000625278
0.00715706
0.00712888
0.00709962
0.00707187
0.00704601
0.0070224
0.00700144
0.00698355
0.0069692
0.00695615
0.00694398
0.00693266
0.0069225
0.00691537
0.00691169
0.00691193
0.00691668
0.00692668
0.00694283
0.00696624
0.00699831
0.00704082
0.00709602
0.00716678
0.00725674
0.00737052
0.00751281
0.00766603
0.00784172
0.00806985
0.00821932
0.00782357
0.00756579
0.00740197
0.00730816
0.00730443
0.00754268
0.00902774
0.00867487
0.000568401
)
;
    }
    left
    {
        type            calculated;
        value           nonuniform List<scalar> 
1600
(
0.0071589
0.00714317
0.00712625
0.00711249
0.00710251
0.0070969
0.00709633
0.00710154
0.00711337
0.00713281
0.00716096
0.00719909
0.00724863
0.00731124
0.00738877
0.0074833
0.00759717
0.00773297
0.0078935
0.00808171
0.00830058
0.00855274
0.00883984
0.00916143
0.00951296
0.00988267
0.0102472
0.0105671
0.0107846
0.0108312
0.0106513
0.0102438
0.00970676
0.00925737
0.00923236
0.0100718
0.0121399
0.00733369
0.00313445
0.000903289
0.00715233
0.0071355
0.00711725
0.00710191
0.00709009
0.00708234
0.00707927
0.0070816
0.0070901
0.00710568
0.00712938
0.00716238
0.00720602
0.00726185
0.0073316
0.00741724
0.00752099
0.00764532
0.00779294
0.00796679
0.00816998
0.00840556
0.00867617
0.0089833
0.00932594
0.00969836
0.0100865
0.0104633
0.0107835
0.0109827
0.0109883
0.0107506
0.0102947
0.00977409
0.00950194
0.00994641
0.0115725
0.00799161
0.00399751
0.00100483
0.00714459
0.00712683
0.00710738
0.00709062
0.00707712
0.00706739
0.00706202
0.00706165
0.00706703
0.00707899
0.0070985
0.00712666
0.00716473
0.00721413
0.00727651
0.00735371
0.00744782
0.00756116
0.00769635
0.00785622
0.00804386
0.00826249
0.00851522
0.00880462
0.00913185
0.0094951
0.00988693
0.0102902
0.0106726
0.0109813
0.0111436
0.0110826
0.0107604
0.0102455
0.00978246
0.00982704
0.010931
0.0090629
0.00470285
0.0012056
0.0071374
0.0071188
0.00709827
0.00708021
0.00706517
0.00705363
0.00704613
0.0070433
0.00704581
0.00705446
0.00707014
0.00709388
0.00712685
0.00717041
0.00722607
0.00729557
0.0073809
0.00748425
0.0076081
0.00775519
0.00792854
0.00813138
0.00836706
0.00863875
0.00894888
0.00929816
0.00968357
0.0100953
0.0105118
0.0108933
0.0111763
0.0112773
0.0111182
0.0106909
0.0101542
0.0099193
0.0106163
0.00972791
0.00511013
0.00165349
0.00713071
0.00711135
0.00708983
0.00707059
0.00705413
0.00704092
0.00703149
0.00702639
0.00702627
0.00703188
0.00704405
0.00706374
0.00709207
0.00713027
0.0071798
0.0072423
0.00731962
0.00741387
0.0075274
0.00766284
0.00782311
0.00801143
0.00823119
0.0084859
0.00877875
0.00911196
0.00948548
0.00989458
0.0103258
0.0107508
0.0111187
0.0113508
0.0113511
0.0110536
0.0105283
0.0101185
0.0104952
0.0100845
0.00517957
0.00198844
0.00712448
0.00710446
0.00708203
0.0070617
0.00704394
0.00702921
0.00701798
0.0070108
0.00700827
0.00701109
0.00702004
0.00703603
0.0070601
0.00709342
0.00713735
0.00719344
0.00726346
0.00734942
0.00745355
0.00757837
0.00772673
0.00790175
0.00810686
0.00834568
0.00862186
0.00893858
0.00929768
0.0096979
0.0101318
0.0105801
0.0110039
0.0113354
0.0114753
0.0113217
0.0108658
0.0103671
0.0105053
0.0102698
0.0050241
0.00161687
0.00711869
0.00709807
0.00707482
0.00705349
0.00703454
0.0070184
0.00700553
0.00699643
0.00699168
0.00699193
0.00699793
0.00701052
0.00703068
0.00705953
0.00709833
0.00714857
0.00721194
0.00729032
0.00738588
0.00750103
0.00763853
0.00780142
0.0079931
0.00821725
0.00847777
0.00877843
0.0091223
0.00951053
0.00993989
0.0103983
0.0108572
0.0112608
0.0115161
0.0115031
0.0111507
0.0106295
0.0106009
0.0103856
0.00493438
0.0014414
0.0071133
0.00709214
0.00706814
0.0070459
0.00702586
0.00700843
0.00699404
0.00698317
0.00697638
0.00697427
0.00697755
0.00698702
0.0070036
0.00702833
0.00706244
0.00710732
0.00716459
0.00723605
0.00732378
0.00743011
0.0075577
0.00770953
0.00788893
0.00809962
0.00834561
0.00863107
0.00895989
0.00933486
0.00975582
0.010216
0.0106956
0.0111503
0.0114978
0.0116129
0.0113804
0.010885
0.0107451
0.0104411
0.00486147
0.00133331
0.00710827
0.00708665
0.00706195
0.00703888
0.00701784
0.00699922
0.00698343
0.00697094
0.00696226
0.00695797
0.00695874
0.00696534
0.00697862
0.00699959
0.00702938
0.00706934
0.00712102
0.00718614
0.0072667
0.00736495
0.00748349
0.00762521
0.00779341
0.00799177
0.0082244
0.00849569
0.00881009
0.00917156
0.00958217
0.0100392
0.0105298
0.01102
0.0114395
0.0116669
0.0115586
0.0111229
0.0109172
0.0104529
0.00479439
0.00125783
0.00710358
0.00708154
0.00705622
0.00703238
0.00701043
0.00699071
0.00697364
0.00695964
0.00694922
0.00694292
0.00694137
0.00694532
0.00695556
0.00697305
0.00699888
0.00703432
0.00708085
0.00714016
0.00721413
0.00730499
0.00741523
0.00754771
0.00770565
0.00789273
0.00811307
0.00837126
0.00867211
0.0090204
0.00941986
0.00987087
0.010366
0.0108803
0.0113555
0.0116788
0.0116918
0.0113384
0.0111042
0.0104349
0.00473027
0.00120107
0.0070992
0.00707679
0.00705089
0.00702637
0.00700358
0.00698286
0.00696459
0.0069492
0.00693716
0.006929
0.00692532
0.00692681
0.00693425
0.00694854
0.00697071
0.00700198
0.00704378
0.00709772
0.00716565
0.0072497
0.00735232
0.00747631
0.00762484
0.00780157
0.00801065
0.00825674
0.00854496
0.00888067
0.00926883
0.0097122
0.0102077
0.0107379
0.0112557
0.0116599
0.0117867
0.0115296
0.011298
0.0103968
0.0046683
0.00115622
0.00709512
0.00707238
0.00704595
0.00702079
0.00699723
0.00697559
0.00695622
0.00693955
0.00692601
0.00691612
0.00691046
0.00690968
0.00691453
0.00692585
0.00694464
0.00697207
0.0070095
0.00705849
0.00712084
0.00719861
0.00729422
0.00741039
0.00755028
0.00771749
0.00791619
0.00815113
0.00842761
0.00875145
0.00912853
0.00956343
0.0100565
0.0105967
0.011147
0.0116185
0.0118498
0.0116967
0.0114929
0.0103457
0.0046082
0.00111949
0.00709131
0.00706826
0.00704135
0.00701561
0.00699135
0.00696886
0.00694848
0.00693061
0.00691569
0.0069042
0.00689669
0.00689381
0.00689625
0.00690483
0.00692049
0.00694435
0.00697774
0.00702216
0.00707934
0.00715132
0.00724044
0.0073494
0.00748129
0.00763973
0.00782887
0.0080535
0.00831908
0.00863177
0.00899816
0.00942424
0.00991321
0.0104591
0.0110339
0.0115612
0.0118868
0.0118406
0.0116853
0.0102863
0.00454987
0.00108859
0.00708775
0.00706442
0.00703706
0.00701079
0.00698589
0.00696262
0.00694132
0.00692234
0.00690613
0.00689315
0.00688393
0.00687908
0.00687929
0.00688532
0.00689808
0.00691864
0.00694828
0.00698845
0.00704085
0.00710745
0.00719055
0.00729282
0.00741732
0.00756764
0.00774791
0.007963
0.00821845
0.00852068
0.00887684
0.00929404
0.00977773
0.0103262
0.0109193
0.0114927
0.0119024
0.011963
0.0118726
0.0102218
0.00449325
0.00106204
0.00708443
0.00706084
0.00703306
0.0070063
0.00698082
0.00695684
0.00693467
0.00691467
0.00689726
0.00688289
0.00687208
0.00686541
0.00686354
0.00686719
0.00687725
0.00689474
0.00692089
0.00695712
0.00700507
0.00706667
0.00714418
0.00724023
0.00735786
0.00750062
0.00767266
0.00787887
0.00812487
0.00841729
0.00876372
0.00917213
0.0096498
0.0101986
0.0108052
0.0114163
0.0119007
0.0120654
0.0120533
0.0101546
0.00443825
0.00103883
0.00708132
0.00705749
0.00702931
0.00700211
0.00697609
0.00695147
0.00692851
0.00690756
0.00688903
0.00687337
0.00686107
0.00685269
0.00684888
0.00685032
0.00685786
0.00687249
0.0068954
0.00692795
0.00697175
0.00702869
0.00710099
0.00719124
0.00730245
0.00743816
0.00760252
0.00780043
0.0080376
0.0083208
0.00865795
0.00905776
0.00952897
0.0100764
0.0106927
0.0113348
0.0118849
0.0121498
0.0122262
0.010086
0.00438481
0.00101824
0.00707843
0.00705435
0.00702581
0.00699819
0.00697169
0.00694647
0.00692278
0.00690096
0.00688139
0.00686452
0.00685083
0.00684086
0.00683523
0.00683461
0.0068398
0.00685175
0.00687162
0.00690075
0.00694067
0.00699325
0.00706067
0.00714549
0.00725069
0.0073798
0.00753696
0.0077271
0.00795597
0.00823047
0.00855879
0.00895022
0.00941471
0.00995961
0.0105826
0.01125
0.0118577
0.0122179
0.0123906
0.0100172
0.00433287
0.00099976
0.00707575
0.00705142
0.00702252
0.00699451
0.00696756
0.00694181
0.00691746
0.00689482
0.00687429
0.00685628
0.00684129
0.00682983
0.0068225
0.00681994
0.00682293
0.00683239
0.00684942
0.00687533
0.00691162
0.00696011
0.00702296
0.00710267
0.00720223
0.00732513
0.00747553
0.00765834
0.00787939
0.00814565
0.00846556
0.00884884
0.00930647
0.0098479
0.0104751
0.0111631
0.0118212
0.0122712
0.012546
0.00994897
0.00428233
0.000982987
0.00707326
0.00704868
0.00701942
0.00699105
0.0069637
0.00693745
0.00691249
0.00688912
0.00686768
0.00684862
0.0068324
0.00681954
0.00681062
0.00680625
0.00680717
0.00681428
0.00682865
0.00685154
0.00688442
0.00692907
0.00698761
0.00706253
0.00715676
0.00727381
0.0074178
0.0075937
0.00780733
0.00806578
0.00837764
0.00875301
0.00920373
0.009741
0.0103706
0.0110752
0.0117773
0.0123112
0.012692
0.00988175
0.00423314
0.000967623
0.00707095
0.00704612
0.00701651
0.00698779
0.00696006
0.00693337
0.00690786
0.0068838
0.00686153
0.00684147
0.00682411
0.00680993
0.00679951
0.00679343
0.00679242
0.00679732
0.00680919
0.00682924
0.00685892
0.00689995
0.00695443
0.0070248
0.007114
0.0072255
0.00736343
0.00753276
0.00773935
0.00799034
0.00829448
0.00866218
0.00910596
0.00963856
0.0102691
0.0109869
0.0117273
0.0123393
0.0128286
0.00981589
0.00418521
0.000953431
0.00706884
0.00704373
0.00701378
0.00698472
0.00695663
0.00692954
0.00690353
0.00687884
0.0068558
0.00683481
0.00681637
0.00680095
0.00678912
0.00678144
0.00677859
0.00678142
0.00679093
0.00680831
0.00683496
0.00687258
0.00692321
0.00698929
0.00707371
0.00717994
0.0073121
0.00747516
0.00767503
0.00791889
0.0082156
0.00857584
0.0090127
0.00954023
0.0101704
0.0108988
0.0116723
0.0123566
0.0129555
0.00975163
0.00413848
0.000940222
0.00706691
0.00704151
0.0070112
0.00698181
0.00695339
0.00692592
0.00689946
0.00687421
0.00685045
0.0068286
0.00680914
0.00679255
0.00677938
0.00677019
0.00676562
0.0067665
0.00677378
0.00678863
0.00681242
0.0068468
0.00689379
0.00695579
0.00703567
0.00713687
0.00726352
0.00742059
0.00761401
0.00785101
0.00814055
0.00849352
0.00892351
0.00944567
0.0100745
0.010811
0.0116133
0.0123642
0.0130728
0.00968917
0.00409289
0.000927839
0.00706517
0.00703946
0.00700879
0.00697906
0.00695032
0.00692251
0.00689564
0.00686987
0.00684545
0.0068228
0.00680238
0.00678469
0.00677026
0.00675963
0.00675344
0.00675246
0.00675764
0.00677011
0.00679118
0.0068225
0.00686603
0.00692414
0.00699968
0.00709608
0.00721744
0.00736876
0.00755597
0.00778636
0.00806896
0.00841483
0.00883798
0.00935453
0.0099812
0.0107239
0.011551
0.0123631
0.0131803
0.00962865
0.00404836
0.000916149
0.00706361
0.00703758
0.00700652
0.00697645
0.0069474
0.00691927
0.00689204
0.00686579
0.00684078
0.00681737
0.00679605
0.00677732
0.0067617
0.00674972
0.00674199
0.00673926
0.00674244
0.00675264
0.00677114
0.00679955
0.00683978
0.00689419
0.00696558
0.00705736
0.00717365
0.00731942
0.00750064
0.00772462
0.00800047
0.00833939
0.00875573
0.00926647
0.00989028
0.0106374
0.0114859
0.0123539
0.013278
0.0095702
0.00400486
0.000905038
0.00706224
0.00703586
0.00700441
0.00697398
0.00694462
0.00691619
0.00688863
0.00686197
0.0068364
0.0068123
0.00679013
0.00677041
0.00675366
0.0067404
0.00673121
0.00672682
0.00672811
0.00673616
0.00675222
0.00677784
0.00681493
0.00686579
0.0069332
0.00702055
0.00713194
0.00727234
0.00744775
0.0076655
0.00793476
0.00826685
0.00867642
0.00918117
0.00980152
0.0105517
0.0114185
0.0123373
0.0133657
0.00951399
0.00396233
0.000894406
0.00706105
0.00703431
0.00700245
0.00697165
0.00694197
0.00691325
0.00688538
0.00685836
0.0068323
0.00680755
0.00678459
0.00676393
0.00674611
0.00673163
0.00672105
0.00671509
0.00671458
0.00672059
0.00673431
0.00675729
0.00679138
0.00683884
0.00690242
0.0069855
0.00709214
0.00722734
0.00739708
0.00760875
0.00787155
0.0081969
0.0085997
0.00909831
0.00971468
0.0104667
0.0113489
0.0123139
0.0134432
0.00946026
0.00392074
0.000884157
0.00706006
0.00703293
0.00700064
0.00696946
0.00693943
0.00691043
0.0068823
0.00685494
0.00682844
0.00680311
0.0067794
0.00675785
0.00673901
0.00672337
0.00671148
0.00670402
0.0067018
0.00670586
0.00671736
0.00673781
0.00676902
0.00681321
0.00687311
0.00695205
0.0070541
0.00718422
0.00734844
0.00755413
0.00781057
0.00812924
0.00852527
0.00901756
0.00962947
0.0103821
0.0112774
0.0122838
0.0135098
0.0094094
0.00388005
0.000874197
0.00705925
0.00703173
0.00699899
0.0069674
0.00693702
0.00690773
0.00687934
0.0068517
0.00682481
0.00679894
0.00677454
0.00675215
0.00673234
0.00671559
0.00670245
0.00669356
0.00668972
0.00669191
0.00670129
0.00671932
0.00674777
0.00678882
0.00684516
0.0069201
0.00701767
0.00714284
0.00730163
0.00750145
0.00775158
0.00806361
0.00845281
0.00893859
0.00954557
0.0102978
0.0112039
0.0122473
0.0135648
0.00936197
0.00384027
0.000864429
0.00705863
0.0070307
0.0069975
0.00696547
0.00693473
0.00690514
0.0068765
0.00684861
0.00682139
0.00679503
0.00676999
0.0067468
0.00672606
0.00670827
0.00669393
0.00668368
0.00667828
0.0066787
0.00668605
0.00670176
0.00672755
0.00676557
0.00681848
0.00688953
0.00698274
0.00710306
0.0072565
0.0074505
0.00769438
0.00799974
0.00838203
0.00886108
0.00946264
0.0102135
0.0111283
0.0122041
0.0136069
0.00931903
0.00380141
0.000854747
0.00705819
0.00702986
0.00699618
0.0069637
0.00693255
0.00690264
0.00687376
0.00684565
0.00681814
0.00679136
0.00676572
0.00674178
0.00672016
0.00670136
0.00668588
0.00667433
0.00666746
0.00666618
0.00667158
0.00668506
0.0067083
0.00674341
0.00679298
0.00686025
0.0069492
0.00706475
0.00721292
0.00740114
0.00763875
0.00793741
0.00831265
0.00878467
0.00938026
0.0101288
0.0110501
0.0121538
0.0136343
0.00928235
0.00376357
0.00084503
0.00705793
0.00702919
0.00699503
0.00696207
0.0069305
0.00690025
0.00687111
0.00684281
0.00681506
0.0067879
0.00676172
0.00673707
0.00671461
0.00669485
0.00667829
0.0066655
0.0066572
0.0066543
0.00665784
0.00666918
0.00668997
0.00672225
0.00676859
0.00683219
0.00691697
0.00702782
0.00717076
0.00735321
0.00758454
0.00787639
0.00824439
0.00870902
0.00929801
0.0100431
0.0109689
0.0120956
0.0136418
0.00925514
0.003727
0.000835116
0.00705784
0.00702869
0.00699406
0.00696061
0.00692857
0.00689794
0.00686855
0.00684006
0.00681212
0.00678464
0.00675797
0.00673266
0.00670939
0.00668872
0.00667111
0.00665714
0.00664749
0.00664303
0.00664479
0.00665407
0.00667249
0.00670205
0.00674526
0.00680527
0.00688596
0.00699219
0.00712993
0.00730662
0.0075316
0.00781652
0.00817702
0.0086338
0.00921541
0.00995575
0.0108838
0.0120275
0.0136258
0.00924353
0.00369222
0.000824779
0.00705792
0.00702838
0.00699328
0.00695931
0.00692678
0.00689574
0.00686606
0.0068374
0.0068093
0.00678156
0.00675445
0.00672852
0.00670449
0.00668294
0.00666434
0.00664923
0.00663829
0.00663234
0.00663238
0.00663968
0.00665582
0.00668275
0.00672292
0.00677943
0.00685612
0.00695778
0.00709036
0.00726127
0.00747984
0.00775766
0.00811034
0.00855871
0.00913199
0.00986611
0.0107939
0.0119485
0.013583
0.00925154
0.00365802
0.000813986
0.00705815
0.00702823
0.00699267
0.00695819
0.00692515
0.00689365
0.00686364
0.0068348
0.00680659
0.00677863
0.00675115
0.00672465
0.00669988
0.0066775
0.00665794
0.00664175
0.00662957
0.00662219
0.00662058
0.00662599
0.00663994
0.00666431
0.00670153
0.00675464
0.0068274
0.00692456
0.00705201
0.00721713
0.0074292
0.00769972
0.00804424
0.00848357
0.0090474
0.00977356
0.0106983
0.0118575
0.0135068
0.00924614
0.00365263
0.000801552
0.00705948
0.00702924
0.00699333
0.00695849
0.0069251
0.00689335
0.00686324
0.00683454
0.00680666
0.00677902
0.00675177
0.00672538
0.00670064
0.00667827
0.00665873
0.00664256
0.00663038
0.00662298
0.0066213
0.00662659
0.00664035
0.00666444
0.00670125
0.00675382
0.0068259
0.00692222
0.0070487
0.00721096
0.00741818
0.00768304
0.00802095
0.00845259
0.00900792
0.00972636
0.0106472
0.0118065
0.0134333
0.0096259
0.00366648
0.000782321
0.00706527
0.00703486
0.0069989
0.00696403
0.00693066
0.00689904
0.0068693
0.00684127
0.00681435
0.00678776
0.00676156
0.00673614
0.00671229
0.00669089
0.00667237
0.00665726
0.00664618
0.00663991
0.00663934
0.0066457
0.00666049
0.00668551
0.00672312
0.00677632
0.00684881
0.0069453
0.00707037
0.00722842
0.0074296
0.0076874
0.008017
0.00843878
0.00898261
0.00968918
0.0106009
0.011751
0.0133096
0.0102975
0.00365856
0.000756211
0.00707971
0.00704922
0.00701342
0.00697876
0.00694567
0.00691446
0.00688532
0.00685824
0.00683267
0.00680755
0.00678283
0.00675882
0.00673631
0.0067163
0.00669921
0.00668558
0.00667602
0.00667125
0.00667217
0.00667998
0.00669613
0.0067224
0.00676107
0.00681514
0.00688827
0.00698472
0.00710865
0.00726273
0.00745747
0.00770777
0.00802854
0.00843965
0.00897061
0.00966298
0.0105623
0.0116977
0.0131747
0.0113432
0.00371049
0.000722974
0.00710638
0.0070757
0.00704018
0.00700588
0.00697325
0.00694262
0.00691428
0.00688837
0.00686448
0.00684125
0.00681851
0.00679646
0.00677581
0.00675778
0.00674277
0.00673133
0.00672406
0.00672165
0.00672497
0.00673521
0.00675382
0.00678252
0.00682356
0.00687993
0.00695518
0.0070536
0.00717899
0.00733045
0.00751898
0.00776198
0.00807402
0.00847436
0.00899173
0.00966795
0.0105516
0.0116689
0.0130621
0.0138078
0.00391555
0.000680084
0.00715044
0.00711932
0.00708425
0.00705058
0.00701873
0.0069891
0.006962
0.00693775
0.00691626
0.00689574
0.00687595
0.00685693
0.00683928
0.00682447
0.00681289
0.00680511
0.00680171
0.00680338
0.00681094
0.0068256
0.00684881
0.00688224
0.0069281
0.00698939
0.00706969
0.00717335
0.00730408
0.00745484
0.00763717
0.00787286
0.00817615
0.00856555
0.00906871
0.00972695
0.0105907
0.0116868
0.0130137
0.0147211
0.00462226
0.000625283
0.00722156
0.00718955
0.00715518
0.00712256
0.00709208
0.00706415
0.00703911
0.00701742
0.0069995
0.00698308
0.00696779
0.00695356
0.00694075
0.00693117
0.00692519
0.0069234
0.00692637
0.00693481
0.00694948
0.00697161
0.00700266
0.00704427
0.00709863
0.00716878
0.0072583
0.00737178
0.0075138
0.00766668
0.0078424
0.00807044
0.00821934
0.0078236
0.00756583
0.00740197
0.0073082
0.0073045
0.00754271
0.00902768
0.00867482
0.000568407
)
;
    }
}


// ************************************************************************* //
