/*--------------------------------*- C++ -*----------------------------------*\
  =========                 |
  \\      /  F ield         | OpenFOAM: The Open Source CFD Toolbox
   \\    /   O peration     | Website:  https://openfoam.org
    \\  /    A nd           | Version:  12
     \\/     M anipulation  |
\*---------------------------------------------------------------------------*/
/*   Windows 32 and 64 bit porting by blueCAPE: http://www.bluecape.com.pt   *\
|  Based on Windows porting (2.0.x v4) by Symscape: http://www.symscape.com   |
\*---------------------------------------------------------------------------*/
FoamFile
{
    format      ascii;
    class       volScalarField;
    location    "500";
    object      nut;
}
// * * * * * * * * * * * * * * * * * * * * * * * * * * * * * * * * * * * * * //

dimensions      [0 2 -1 0 0 0 0];

internalField   nonuniform List<scalar> 
64000
(
0.120706
0.113371
0.113352
0.113342
0.113347
0.11336
0.113377
0.113396
0.113415
0.113436
0.113456
0.113477
0.113498
0.113519
0.113541
0.113562
0.113584
0.113606
0.113628
0.11365
0.113672
0.113694
0.113717
0.11374
0.113763
0.113786
0.113809
0.113833
0.113856
0.11388
0.113904
0.113928
0.113952
0.113976
0.114
0.114024
0.114049
0.114073
0.114098
0.114122
0.118985
0.113467
0.113447
0.113437
0.113441
0.113453
0.113469
0.113487
0.113506
0.113525
0.113545
0.113565
0.113585
0.113605
0.113626
0.113646
0.113667
0.113688
0.113709
0.11373
0.113752
0.113773
0.113795
0.113817
0.113839
0.113861
0.113884
0.113906
0.113929
0.113952
0.113975
0.113998
0.114021
0.114045
0.114068
0.114092
0.114115
0.114139
0.114163
0.114186
0.119036
0.113503
0.113483
0.113472
0.113476
0.113489
0.113504
0.113522
0.113541
0.11356
0.11358
0.1136
0.11362
0.11364
0.113661
0.113681
0.113702
0.113723
0.113744
0.113765
0.113786
0.113808
0.11383
0.113852
0.113874
0.113896
0.113918
0.113941
0.113963
0.113986
0.114009
0.114032
0.114055
0.114079
0.114102
0.114125
0.114149
0.114173
0.114196
0.114219
0.119049
0.113511
0.113491
0.11348
0.113485
0.113497
0.113513
0.113531
0.11355
0.113569
0.113589
0.113609
0.113629
0.113649
0.11367
0.11369
0.113711
0.113732
0.113753
0.113774
0.113796
0.113817
0.113839
0.113861
0.113883
0.113905
0.113927
0.11395
0.113973
0.113996
0.114018
0.114042
0.114065
0.114088
0.114112
0.114135
0.114159
0.114182
0.114206
0.114229
0.119051
0.113512
0.113492
0.113481
0.113486
0.113498
0.113514
0.113532
0.113551
0.11357
0.11359
0.11361
0.11363
0.113651
0.113671
0.113692
0.113712
0.113733
0.113754
0.113776
0.113797
0.113819
0.11384
0.113862
0.113884
0.113907
0.113929
0.113952
0.113974
0.113997
0.11402
0.114043
0.114067
0.11409
0.114113
0.114137
0.11416
0.114184
0.114208
0.114231
0.119052
0.113512
0.113492
0.113481
0.113486
0.113498
0.113514
0.113532
0.113551
0.11357
0.11359
0.11361
0.11363
0.11365
0.113671
0.113692
0.113712
0.113733
0.113754
0.113776
0.113797
0.113819
0.11384
0.113862
0.113884
0.113907
0.113929
0.113952
0.113974
0.113997
0.11402
0.114043
0.114067
0.11409
0.114113
0.114137
0.11416
0.114184
0.114208
0.114231
0.119051
0.113512
0.113492
0.113481
0.113486
0.113498
0.113514
0.113532
0.113551
0.11357
0.11359
0.11361
0.11363
0.11365
0.113671
0.113691
0.113712
0.113733
0.113754
0.113775
0.113797
0.113818
0.11384
0.113862
0.113884
0.113906
0.113929
0.113952
0.113974
0.113997
0.11402
0.114043
0.114066
0.11409
0.114113
0.114137
0.11416
0.114184
0.114208
0.114231
0.119051
0.113512
0.113492
0.113481
0.113485
0.113498
0.113514
0.113532
0.11355
0.11357
0.11359
0.11361
0.11363
0.11365
0.113671
0.113691
0.113712
0.113733
0.113754
0.113775
0.113797
0.113818
0.11384
0.113862
0.113884
0.113906
0.113929
0.113951
0.113974
0.113997
0.11402
0.114043
0.114066
0.11409
0.114113
0.114137
0.11416
0.114184
0.114208
0.114231
0.119051
0.113512
0.113492
0.113481
0.113485
0.113498
0.113514
0.113531
0.11355
0.11357
0.11359
0.11361
0.11363
0.11365
0.113671
0.113691
0.113712
0.113733
0.113754
0.113775
0.113797
0.113818
0.11384
0.113862
0.113884
0.113906
0.113929
0.113951
0.113974
0.113997
0.11402
0.114043
0.114066
0.11409
0.114113
0.114137
0.11416
0.114184
0.114208
0.114231
0.119051
0.113512
0.113492
0.113481
0.113485
0.113498
0.113514
0.113531
0.11355
0.11357
0.11359
0.11361
0.11363
0.11365
0.113671
0.113691
0.113712
0.113733
0.113754
0.113775
0.113797
0.113818
0.11384
0.113862
0.113884
0.113906
0.113929
0.113951
0.113974
0.113997
0.11402
0.114043
0.114066
0.11409
0.114113
0.114137
0.11416
0.114184
0.114208
0.114231
0.119051
0.113512
0.113492
0.113481
0.113486
0.113498
0.113514
0.113532
0.11355
0.11357
0.11359
0.11361
0.11363
0.11365
0.113671
0.113691
0.113712
0.113733
0.113754
0.113775
0.113797
0.113818
0.11384
0.113862
0.113884
0.113906
0.113929
0.113951
0.113974
0.113997
0.11402
0.114043
0.114066
0.11409
0.114113
0.114137
0.11416
0.114184
0.114208
0.114231
0.119051
0.113512
0.113492
0.113481
0.113486
0.113498
0.113514
0.113532
0.11355
0.11357
0.11359
0.11361
0.11363
0.11365
0.113671
0.113691
0.113712
0.113733
0.113754
0.113775
0.113797
0.113818
0.11384
0.113862
0.113884
0.113906
0.113929
0.113952
0.113974
0.113997
0.11402
0.114043
0.114067
0.11409
0.114113
0.114137
0.11416
0.114184
0.114208
0.114231
0.119052
0.113512
0.113492
0.113481
0.113486
0.113498
0.113514
0.113532
0.113551
0.11357
0.11359
0.11361
0.11363
0.11365
0.113671
0.113691
0.113712
0.113733
0.113754
0.113775
0.113797
0.113818
0.11384
0.113862
0.113884
0.113907
0.113929
0.113952
0.113974
0.113997
0.11402
0.114043
0.114067
0.11409
0.114113
0.114137
0.11416
0.114184
0.114208
0.114231
0.119052
0.113512
0.113492
0.113481
0.113486
0.113498
0.113514
0.113532
0.113551
0.11357
0.11359
0.11361
0.11363
0.11365
0.113671
0.113691
0.113712
0.113733
0.113754
0.113775
0.113797
0.113818
0.11384
0.113862
0.113884
0.113907
0.113929
0.113952
0.113974
0.113997
0.11402
0.114043
0.114067
0.11409
0.114113
0.114137
0.11416
0.114184
0.114208
0.114231
0.119052
0.113512
0.113492
0.113481
0.113486
0.113498
0.113514
0.113532
0.113551
0.11357
0.11359
0.11361
0.11363
0.11365
0.113671
0.113691
0.113712
0.113733
0.113754
0.113775
0.113797
0.113818
0.11384
0.113862
0.113884
0.113907
0.113929
0.113952
0.113974
0.113997
0.11402
0.114043
0.114067
0.11409
0.114113
0.114137
0.11416
0.114184
0.114208
0.114231
0.119052
0.113512
0.113492
0.113481
0.113486
0.113498
0.113514
0.113532
0.11355
0.11357
0.11359
0.11361
0.11363
0.11365
0.113671
0.113691
0.113712
0.113733
0.113754
0.113775
0.113797
0.113818
0.11384
0.113862
0.113884
0.113906
0.113929
0.113952
0.113974
0.113997
0.11402
0.114043
0.114066
0.11409
0.114113
0.114137
0.11416
0.114184
0.114208
0.114231
0.119052
0.113512
0.113492
0.113481
0.113486
0.113498
0.113514
0.113532
0.11355
0.11357
0.11359
0.11361
0.11363
0.11365
0.113671
0.113691
0.113712
0.113733
0.113754
0.113775
0.113797
0.113818
0.11384
0.113862
0.113884
0.113906
0.113929
0.113951
0.113974
0.113997
0.11402
0.114043
0.114066
0.11409
0.114113
0.114137
0.11416
0.114184
0.114208
0.114231
0.119051
0.113512
0.113492
0.113481
0.113486
0.113498
0.113514
0.113532
0.11355
0.11357
0.11359
0.11361
0.11363
0.11365
0.113671
0.113691
0.113712
0.113733
0.113754
0.113775
0.113797
0.113818
0.11384
0.113862
0.113884
0.113906
0.113929
0.113951
0.113974
0.113997
0.11402
0.114043
0.114067
0.11409
0.114113
0.114137
0.11416
0.114184
0.114208
0.114231
0.119051
0.113512
0.113492
0.113481
0.113486
0.113498
0.113514
0.113532
0.11355
0.11357
0.11359
0.11361
0.11363
0.11365
0.113671
0.113691
0.113712
0.113733
0.113754
0.113775
0.113797
0.113818
0.11384
0.113862
0.113884
0.113906
0.113929
0.113952
0.113974
0.113997
0.11402
0.114043
0.114067
0.11409
0.114113
0.114137
0.11416
0.114184
0.114208
0.114231
0.119052
0.113512
0.113492
0.113481
0.113486
0.113498
0.113514
0.113532
0.11355
0.11357
0.11359
0.11361
0.11363
0.11365
0.113671
0.113691
0.113712
0.113733
0.113754
0.113775
0.113797
0.113818
0.11384
0.113862
0.113884
0.113907
0.113929
0.113952
0.113974
0.113997
0.11402
0.114043
0.114067
0.11409
0.114113
0.114137
0.114161
0.114184
0.114208
0.114231
0.119052
0.113512
0.113492
0.113481
0.113486
0.113498
0.113514
0.113532
0.11355
0.11357
0.11359
0.11361
0.11363
0.11365
0.113671
0.113691
0.113712
0.113733
0.113754
0.113775
0.113797
0.113818
0.11384
0.113862
0.113884
0.113907
0.113929
0.113952
0.113974
0.113997
0.11402
0.114043
0.114067
0.11409
0.114113
0.114137
0.114161
0.114184
0.114208
0.114231
0.119052
0.113512
0.113492
0.113481
0.113486
0.113498
0.113514
0.113532
0.113551
0.11357
0.11359
0.11361
0.11363
0.11365
0.113671
0.113691
0.113712
0.113733
0.113754
0.113775
0.113797
0.113818
0.11384
0.113862
0.113884
0.113907
0.113929
0.113952
0.113974
0.113997
0.11402
0.114043
0.114067
0.11409
0.114113
0.114137
0.114161
0.114184
0.114208
0.114231
0.119052
0.113512
0.113492
0.113481
0.113486
0.113498
0.113514
0.113532
0.113551
0.11357
0.11359
0.11361
0.11363
0.11365
0.113671
0.113691
0.113712
0.113733
0.113754
0.113776
0.113797
0.113819
0.11384
0.113862
0.113884
0.113907
0.113929
0.113952
0.113974
0.113997
0.11402
0.114044
0.114067
0.11409
0.114114
0.114137
0.114161
0.114184
0.114208
0.114231
0.119052
0.113512
0.113492
0.113481
0.113486
0.113498
0.113514
0.113532
0.113551
0.11357
0.11359
0.11361
0.11363
0.11365
0.113671
0.113691
0.113712
0.113733
0.113754
0.113776
0.113797
0.113819
0.11384
0.113862
0.113884
0.113907
0.113929
0.113952
0.113975
0.113997
0.11402
0.114044
0.114067
0.11409
0.114114
0.114137
0.114161
0.114185
0.114208
0.114232
0.119052
0.113512
0.113492
0.113481
0.113486
0.113498
0.113514
0.113532
0.113551
0.11357
0.11359
0.11361
0.11363
0.11365
0.113671
0.113691
0.113712
0.113733
0.113754
0.113776
0.113797
0.113819
0.11384
0.113862
0.113884
0.113907
0.113929
0.113952
0.113975
0.113997
0.11402
0.114044
0.114067
0.11409
0.114114
0.114137
0.114161
0.114185
0.114208
0.114232
0.119052
0.113512
0.113492
0.113481
0.113486
0.113498
0.113514
0.113532
0.113551
0.11357
0.11359
0.11361
0.11363
0.11365
0.113671
0.113691
0.113712
0.113733
0.113754
0.113776
0.113797
0.113819
0.11384
0.113862
0.113884
0.113907
0.113929
0.113952
0.113975
0.113997
0.114021
0.114044
0.114067
0.11409
0.114114
0.114137
0.114161
0.114185
0.114208
0.114232
0.119052
0.113512
0.113492
0.113481
0.113486
0.113498
0.113514
0.113532
0.113551
0.11357
0.11359
0.11361
0.11363
0.11365
0.113671
0.113691
0.113712
0.113733
0.113754
0.113775
0.113797
0.113819
0.11384
0.113862
0.113884
0.113907
0.113929
0.113952
0.113975
0.113997
0.114021
0.114044
0.114067
0.11409
0.114114
0.114137
0.114161
0.114185
0.114208
0.114232
0.119052
0.113512
0.113492
0.113481
0.113486
0.113498
0.113514
0.113532
0.113551
0.11357
0.11359
0.11361
0.11363
0.11365
0.113671
0.113691
0.113712
0.113733
0.113754
0.113776
0.113797
0.113819
0.11384
0.113862
0.113884
0.113907
0.113929
0.113952
0.113975
0.113997
0.114021
0.114044
0.114067
0.11409
0.114114
0.114137
0.114161
0.114185
0.114208
0.114232
0.119052
0.113512
0.113492
0.113481
0.113486
0.113498
0.113514
0.113532
0.113551
0.11357
0.11359
0.11361
0.11363
0.11365
0.113671
0.113691
0.113712
0.113733
0.113754
0.113776
0.113797
0.113819
0.11384
0.113862
0.113884
0.113907
0.113929
0.113952
0.113975
0.113997
0.114021
0.114044
0.114067
0.11409
0.114114
0.114137
0.114161
0.114185
0.114208
0.114232
0.119052
0.113512
0.113492
0.113481
0.113486
0.113498
0.113514
0.113532
0.113551
0.11357
0.11359
0.11361
0.11363
0.11365
0.113671
0.113691
0.113712
0.113733
0.113754
0.113776
0.113797
0.113819
0.11384
0.113862
0.113884
0.113907
0.113929
0.113952
0.113975
0.113997
0.11402
0.114044
0.114067
0.11409
0.114114
0.114137
0.114161
0.114185
0.114208
0.114232
0.119052
0.113512
0.113492
0.113481
0.113486
0.113498
0.113514
0.113532
0.113551
0.11357
0.11359
0.11361
0.11363
0.11365
0.113671
0.113691
0.113712
0.113733
0.113754
0.113776
0.113797
0.113819
0.11384
0.113862
0.113884
0.113907
0.113929
0.113952
0.113975
0.113997
0.11402
0.114044
0.114067
0.11409
0.114114
0.114137
0.114161
0.114185
0.114208
0.114232
0.119052
0.113512
0.113492
0.113481
0.113486
0.113498
0.113514
0.113532
0.113551
0.11357
0.11359
0.11361
0.11363
0.11365
0.113671
0.113691
0.113712
0.113733
0.113754
0.113776
0.113797
0.113819
0.11384
0.113862
0.113884
0.113907
0.113929
0.113952
0.113975
0.113998
0.114021
0.114044
0.114067
0.11409
0.114114
0.114137
0.114161
0.114185
0.114208
0.114232
0.119053
0.113512
0.113492
0.113481
0.113486
0.113498
0.113514
0.113532
0.113551
0.11357
0.11359
0.11361
0.11363
0.11365
0.113671
0.113692
0.113712
0.113733
0.113754
0.113776
0.113797
0.113819
0.11384
0.113862
0.113885
0.113907
0.113929
0.113952
0.113975
0.113998
0.114021
0.114044
0.114067
0.11409
0.114114
0.114137
0.114161
0.114185
0.114208
0.114232
0.119055
0.113513
0.113493
0.113482
0.113487
0.113499
0.113515
0.113533
0.113551
0.113571
0.113591
0.113611
0.113631
0.113651
0.113671
0.113692
0.113713
0.113734
0.113755
0.113776
0.113798
0.113819
0.113841
0.113863
0.113885
0.113907
0.11393
0.113952
0.113975
0.113998
0.114021
0.114044
0.114067
0.114091
0.114114
0.114138
0.114162
0.114185
0.114209
0.114232
0.119061
0.113516
0.113496
0.113485
0.113489
0.113502
0.113517
0.113535
0.113554
0.113573
0.113593
0.113613
0.113633
0.113653
0.113674
0.113694
0.113715
0.113736
0.113757
0.113778
0.1138
0.113821
0.113843
0.113865
0.113887
0.113909
0.113932
0.113954
0.113977
0.114
0.114023
0.114046
0.114069
0.114093
0.114116
0.11414
0.114163
0.114187
0.114211
0.114234
0.119082
0.113526
0.113506
0.113495
0.1135
0.113512
0.113527
0.113545
0.113564
0.113583
0.113603
0.113622
0.113642
0.113663
0.113683
0.113703
0.113724
0.113745
0.113766
0.113787
0.113808
0.11383
0.113851
0.113873
0.113895
0.113917
0.11394
0.113962
0.113985
0.114007
0.11403
0.114053
0.114076
0.1141
0.114123
0.114146
0.11417
0.114193
0.114217
0.11424
0.119141
0.113562
0.113542
0.11353
0.113534
0.113546
0.113562
0.113579
0.113597
0.113616
0.113636
0.113655
0.113675
0.113695
0.113715
0.113735
0.113755
0.113776
0.113796
0.113817
0.113838
0.113859
0.113881
0.113902
0.113924
0.113946
0.113968
0.11399
0.114012
0.114035
0.114057
0.11408
0.114103
0.114126
0.114149
0.114172
0.114195
0.114218
0.114242
0.114265
0.119298
0.113676
0.113655
0.113643
0.113647
0.113658
0.113673
0.11369
0.113709
0.113727
0.113747
0.113766
0.113786
0.113805
0.113825
0.113845
0.113866
0.113886
0.113907
0.113928
0.113949
0.11397
0.113991
0.114013
0.114035
0.114057
0.114079
0.114101
0.114124
0.114146
0.114169
0.114192
0.114215
0.114238
0.114262
0.114285
0.114308
0.114332
0.114355
0.114379
0.119667
0.114004
0.113989
0.113982
0.113992
0.114009
0.11403
0.114053
0.114077
0.114102
0.114127
0.114152
0.114178
0.114204
0.114231
0.114257
0.114284
0.114311
0.114338
0.114366
0.114393
0.114421
0.114449
0.114477
0.114506
0.114534
0.114563
0.114592
0.114621
0.11465
0.11468
0.114709
0.114739
0.114768
0.114798
0.114828
0.114858
0.114888
0.114918
0.114947
0.120368
0.115355
0.115373
0.115399
0.115441
0.11549
0.115543
0.115598
0.115653
0.115709
0.115764
0.11582
0.115876
0.115931
0.115987
0.116042
0.116097
0.116152
0.116207
0.116261
0.116316
0.11637
0.116425
0.116479
0.116533
0.116587
0.116641
0.116694
0.116748
0.116801
0.116854
0.116907
0.116959
0.117012
0.117064
0.117116
0.117168
0.11722
0.117271
0.117322
0.113533
0.113016
0.113031
0.113044
0.113072
0.113107
0.113144
0.113181
0.113217
0.113252
0.113284
0.113315
0.113345
0.113374
0.113401
0.113427
0.113453
0.113478
0.113502
0.113526
0.11355
0.113574
0.113597
0.11362
0.113643
0.113667
0.11369
0.113713
0.113736
0.11376
0.113783
0.113807
0.11383
0.113854
0.113878
0.113902
0.113926
0.11395
0.113974
0.114005
0.113619
0.113115
0.113129
0.113141
0.113168
0.113202
0.113238
0.113274
0.113309
0.113342
0.113374
0.113404
0.113433
0.11346
0.113486
0.113512
0.113536
0.11356
0.113584
0.113607
0.11363
0.113653
0.113675
0.113698
0.11372
0.113743
0.113765
0.113787
0.11381
0.113832
0.113855
0.113878
0.113901
0.113924
0.113947
0.11397
0.113993
0.114017
0.11404
0.114071
0.113655
0.11315
0.113164
0.113177
0.113203
0.113237
0.113273
0.113309
0.113344
0.113377
0.113409
0.113439
0.113468
0.113495
0.113522
0.113547
0.113572
0.113596
0.113619
0.113642
0.113665
0.113688
0.11371
0.113732
0.113755
0.113777
0.113799
0.113822
0.113844
0.113867
0.113889
0.113912
0.113935
0.113957
0.11398
0.114003
0.114027
0.11405
0.114073
0.114104
0.113663
0.113158
0.113172
0.113185
0.113212
0.113245
0.113281
0.113317
0.113352
0.113386
0.113418
0.113448
0.113477
0.113504
0.11353
0.113556
0.11358
0.113604
0.113628
0.113651
0.113674
0.113697
0.113719
0.113742
0.113764
0.113786
0.113809
0.113831
0.113854
0.113876
0.113899
0.113921
0.113944
0.113967
0.11399
0.114013
0.114036
0.11406
0.114083
0.114113
0.113665
0.113159
0.113173
0.113186
0.113213
0.113247
0.113283
0.113319
0.113354
0.113387
0.113419
0.113449
0.113478
0.113505
0.113532
0.113557
0.113582
0.113606
0.113629
0.113653
0.113676
0.113698
0.113721
0.113743
0.113766
0.113788
0.11381
0.113833
0.113855
0.113878
0.1139
0.113923
0.113946
0.113969
0.113992
0.114015
0.114038
0.114061
0.114085
0.114115
0.113665
0.113159
0.113173
0.113186
0.113213
0.113246
0.113282
0.113319
0.113354
0.113387
0.113419
0.113449
0.113478
0.113505
0.113532
0.113557
0.113582
0.113606
0.113629
0.113653
0.113676
0.113698
0.113721
0.113743
0.113766
0.113788
0.11381
0.113833
0.113855
0.113878
0.1139
0.113923
0.113946
0.113969
0.113992
0.114015
0.114038
0.114061
0.114085
0.114115
0.113664
0.113159
0.113173
0.113185
0.113213
0.113246
0.113282
0.113318
0.113353
0.113387
0.113419
0.113449
0.113478
0.113505
0.113531
0.113557
0.113582
0.113606
0.113629
0.113652
0.113675
0.113698
0.113721
0.113743
0.113765
0.113788
0.11381
0.113833
0.113855
0.113878
0.1139
0.113923
0.113946
0.113969
0.113992
0.114015
0.114038
0.114061
0.114085
0.114115
0.113664
0.113159
0.113173
0.113185
0.113212
0.113246
0.113282
0.113318
0.113353
0.113387
0.113419
0.113449
0.113477
0.113505
0.113531
0.113557
0.113581
0.113605
0.113629
0.113652
0.113675
0.113698
0.11372
0.113743
0.113765
0.113788
0.11381
0.113832
0.113855
0.113877
0.1139
0.113923
0.113946
0.113969
0.113992
0.114015
0.114038
0.114061
0.114085
0.114115
0.113664
0.113159
0.113173
0.113185
0.113212
0.113246
0.113282
0.113318
0.113353
0.113387
0.113418
0.113449
0.113477
0.113505
0.113531
0.113557
0.113581
0.113605
0.113629
0.113652
0.113675
0.113698
0.11372
0.113743
0.113765
0.113788
0.11381
0.113832
0.113855
0.113877
0.1139
0.113923
0.113946
0.113969
0.113992
0.114015
0.114038
0.114061
0.114085
0.114115
0.113664
0.113159
0.113173
0.113185
0.113212
0.113246
0.113282
0.113318
0.113353
0.113387
0.113418
0.113449
0.113477
0.113505
0.113531
0.113557
0.113581
0.113605
0.113629
0.113652
0.113675
0.113698
0.11372
0.113743
0.113765
0.113788
0.11381
0.113832
0.113855
0.113877
0.1139
0.113923
0.113946
0.113969
0.113992
0.114015
0.114038
0.114061
0.114085
0.114115
0.113664
0.113159
0.113173
0.113185
0.113212
0.113246
0.113282
0.113318
0.113353
0.113387
0.113419
0.113449
0.113477
0.113505
0.113531
0.113557
0.113581
0.113606
0.113629
0.113652
0.113675
0.113698
0.11372
0.113743
0.113765
0.113788
0.11381
0.113833
0.113855
0.113878
0.1139
0.113923
0.113946
0.113969
0.113992
0.114015
0.114038
0.114061
0.114085
0.114115
0.113664
0.113159
0.113173
0.113185
0.113212
0.113246
0.113282
0.113318
0.113353
0.113387
0.113419
0.113449
0.113478
0.113505
0.113531
0.113557
0.113581
0.113606
0.113629
0.113652
0.113675
0.113698
0.113721
0.113743
0.113765
0.113788
0.11381
0.113833
0.113855
0.113878
0.1139
0.113923
0.113946
0.113969
0.113992
0.114015
0.114038
0.114061
0.114085
0.114115
0.113664
0.113159
0.113173
0.113186
0.113213
0.113246
0.113282
0.113318
0.113353
0.113387
0.113419
0.113449
0.113478
0.113505
0.113531
0.113557
0.113582
0.113606
0.113629
0.113652
0.113675
0.113698
0.113721
0.113743
0.113765
0.113788
0.11381
0.113833
0.113855
0.113878
0.1139
0.113923
0.113946
0.113969
0.113992
0.114015
0.114038
0.114061
0.114085
0.114115
0.113664
0.113159
0.113173
0.113186
0.113213
0.113246
0.113282
0.113318
0.113353
0.113387
0.113419
0.113449
0.113478
0.113505
0.113531
0.113557
0.113582
0.113606
0.113629
0.113652
0.113675
0.113698
0.113721
0.113743
0.113765
0.113788
0.11381
0.113833
0.113855
0.113878
0.1139
0.113923
0.113946
0.113969
0.113992
0.114015
0.114038
0.114061
0.114085
0.114115
0.113664
0.113159
0.113173
0.113186
0.113213
0.113246
0.113282
0.113318
0.113353
0.113387
0.113419
0.113449
0.113478
0.113505
0.113531
0.113557
0.113582
0.113606
0.113629
0.113652
0.113675
0.113698
0.113721
0.113743
0.113765
0.113788
0.11381
0.113833
0.113855
0.113878
0.1139
0.113923
0.113946
0.113969
0.113992
0.114015
0.114038
0.114061
0.114085
0.114115
0.113664
0.113159
0.113173
0.113185
0.113213
0.113246
0.113282
0.113318
0.113353
0.113387
0.113419
0.113449
0.113478
0.113505
0.113531
0.113557
0.113581
0.113606
0.113629
0.113652
0.113675
0.113698
0.11372
0.113743
0.113765
0.113788
0.11381
0.113833
0.113855
0.113878
0.1139
0.113923
0.113946
0.113969
0.113992
0.114015
0.114038
0.114061
0.114085
0.114115
0.113664
0.113159
0.113173
0.113185
0.113212
0.113246
0.113282
0.113318
0.113353
0.113387
0.113419
0.113449
0.113477
0.113505
0.113531
0.113557
0.113581
0.113606
0.113629
0.113652
0.113675
0.113698
0.11372
0.113743
0.113765
0.113788
0.11381
0.113832
0.113855
0.113878
0.1139
0.113923
0.113946
0.113969
0.113992
0.114015
0.114038
0.114061
0.114085
0.114115
0.113664
0.113159
0.113173
0.113185
0.113212
0.113246
0.113282
0.113318
0.113353
0.113387
0.113419
0.113449
0.113477
0.113505
0.113531
0.113557
0.113581
0.113605
0.113629
0.113652
0.113675
0.113698
0.11372
0.113743
0.113765
0.113788
0.11381
0.113833
0.113855
0.113878
0.1139
0.113923
0.113946
0.113969
0.113992
0.114015
0.114038
0.114061
0.114085
0.114115
0.113664
0.113159
0.113173
0.113185
0.113212
0.113246
0.113282
0.113318
0.113353
0.113387
0.113419
0.113449
0.113477
0.113505
0.113531
0.113557
0.113581
0.113605
0.113629
0.113652
0.113675
0.113698
0.11372
0.113743
0.113765
0.113788
0.11381
0.113833
0.113855
0.113878
0.1139
0.113923
0.113946
0.113969
0.113992
0.114015
0.114038
0.114061
0.114085
0.114115
0.113664
0.113159
0.113173
0.113185
0.113212
0.113246
0.113282
0.113318
0.113353
0.113387
0.113419
0.113449
0.113477
0.113505
0.113531
0.113557
0.113581
0.113605
0.113629
0.113652
0.113675
0.113698
0.11372
0.113743
0.113765
0.113788
0.11381
0.113833
0.113855
0.113878
0.1139
0.113923
0.113946
0.113969
0.113992
0.114015
0.114038
0.114061
0.114085
0.114115
0.113664
0.113159
0.113173
0.113185
0.113213
0.113246
0.113282
0.113318
0.113353
0.113387
0.113419
0.113449
0.113478
0.113505
0.113531
0.113557
0.113581
0.113606
0.113629
0.113652
0.113675
0.113698
0.113721
0.113743
0.113765
0.113788
0.11381
0.113833
0.113855
0.113878
0.1139
0.113923
0.113946
0.113969
0.113992
0.114015
0.114038
0.114061
0.114085
0.114115
0.113664
0.113159
0.113173
0.113186
0.113213
0.113246
0.113282
0.113318
0.113353
0.113387
0.113419
0.113449
0.113478
0.113505
0.113531
0.113557
0.113582
0.113606
0.113629
0.113652
0.113675
0.113698
0.113721
0.113743
0.113765
0.113788
0.11381
0.113833
0.113855
0.113878
0.1139
0.113923
0.113946
0.113969
0.113992
0.114015
0.114038
0.114061
0.114085
0.114115
0.113664
0.113159
0.113173
0.113186
0.113213
0.113246
0.113282
0.113318
0.113353
0.113387
0.113419
0.113449
0.113478
0.113505
0.113531
0.113557
0.113582
0.113606
0.113629
0.113652
0.113675
0.113698
0.113721
0.113743
0.113766
0.113788
0.11381
0.113833
0.113855
0.113878
0.1139
0.113923
0.113946
0.113969
0.113992
0.114015
0.114038
0.114062
0.114085
0.114115
0.113665
0.113159
0.113173
0.113186
0.113213
0.113246
0.113282
0.113318
0.113354
0.113387
0.113419
0.113449
0.113478
0.113505
0.113532
0.113557
0.113582
0.113606
0.113629
0.113653
0.113675
0.113698
0.113721
0.113743
0.113766
0.113788
0.11381
0.113833
0.113855
0.113878
0.1139
0.113923
0.113946
0.113969
0.113992
0.114015
0.114038
0.114062
0.114085
0.114116
0.113665
0.113159
0.113173
0.113186
0.113213
0.113246
0.113282
0.113319
0.113354
0.113387
0.113419
0.113449
0.113478
0.113505
0.113532
0.113557
0.113582
0.113606
0.113629
0.113653
0.113675
0.113698
0.113721
0.113743
0.113766
0.113788
0.11381
0.113833
0.113855
0.113878
0.1139
0.113923
0.113946
0.113969
0.113992
0.114015
0.114038
0.114062
0.114085
0.114116
0.113665
0.113159
0.113173
0.113186
0.113213
0.113246
0.113282
0.113318
0.113354
0.113387
0.113419
0.113449
0.113478
0.113505
0.113532
0.113557
0.113582
0.113606
0.113629
0.113652
0.113675
0.113698
0.113721
0.113743
0.113766
0.113788
0.11381
0.113833
0.113855
0.113878
0.1139
0.113923
0.113946
0.113969
0.113992
0.114015
0.114038
0.114062
0.114085
0.114116
0.113665
0.113159
0.113173
0.113186
0.113213
0.113246
0.113282
0.113318
0.113353
0.113387
0.113419
0.113449
0.113478
0.113505
0.113531
0.113557
0.113582
0.113606
0.113629
0.113652
0.113675
0.113698
0.113721
0.113743
0.113765
0.113788
0.11381
0.113833
0.113855
0.113878
0.1139
0.113923
0.113946
0.113969
0.113992
0.114015
0.114038
0.114062
0.114085
0.114116
0.113664
0.113159
0.113173
0.113186
0.113213
0.113246
0.113282
0.113318
0.113353
0.113387
0.113419
0.113449
0.113478
0.113505
0.113531
0.113557
0.113582
0.113606
0.113629
0.113652
0.113675
0.113698
0.113721
0.113743
0.113765
0.113788
0.11381
0.113833
0.113855
0.113878
0.1139
0.113923
0.113946
0.113969
0.113992
0.114015
0.114038
0.114062
0.114085
0.114116
0.113665
0.113159
0.113173
0.113186
0.113213
0.113246
0.113282
0.113318
0.113353
0.113387
0.113419
0.113449
0.113478
0.113505
0.113531
0.113557
0.113582
0.113606
0.113629
0.113652
0.113675
0.113698
0.113721
0.113743
0.113766
0.113788
0.11381
0.113833
0.113855
0.113878
0.1139
0.113923
0.113946
0.113969
0.113992
0.114015
0.114038
0.114062
0.114085
0.114116
0.113665
0.113159
0.113173
0.113186
0.113213
0.113246
0.113282
0.113318
0.113354
0.113387
0.113419
0.113449
0.113478
0.113505
0.113532
0.113557
0.113582
0.113606
0.113629
0.113652
0.113675
0.113698
0.113721
0.113743
0.113766
0.113788
0.11381
0.113833
0.113855
0.113878
0.1139
0.113923
0.113946
0.113969
0.113992
0.114015
0.114038
0.114062
0.114085
0.114116
0.113665
0.113159
0.113173
0.113186
0.113213
0.113246
0.113282
0.113319
0.113354
0.113387
0.113419
0.113449
0.113478
0.113505
0.113532
0.113557
0.113582
0.113606
0.113629
0.113653
0.113675
0.113698
0.113721
0.113743
0.113766
0.113788
0.11381
0.113833
0.113855
0.113878
0.1139
0.113923
0.113946
0.113969
0.113992
0.114015
0.114038
0.114062
0.114085
0.114116
0.113665
0.113159
0.113173
0.113186
0.113213
0.113246
0.113282
0.113319
0.113354
0.113387
0.113419
0.113449
0.113478
0.113505
0.113532
0.113557
0.113582
0.113606
0.113629
0.113653
0.113675
0.113698
0.113721
0.113743
0.113766
0.113788
0.11381
0.113833
0.113855
0.113878
0.113901
0.113923
0.113946
0.113969
0.113992
0.114015
0.114038
0.114062
0.114085
0.114116
0.113665
0.113159
0.113173
0.113186
0.113213
0.113247
0.113283
0.113319
0.113354
0.113387
0.113419
0.113449
0.113478
0.113505
0.113532
0.113557
0.113582
0.113606
0.113629
0.113653
0.113676
0.113698
0.113721
0.113743
0.113766
0.113788
0.11381
0.113833
0.113855
0.113878
0.113901
0.113923
0.113946
0.113969
0.113992
0.114015
0.114038
0.114062
0.114085
0.114116
0.113666
0.11316
0.113174
0.113187
0.113214
0.113247
0.113283
0.113319
0.113354
0.113388
0.113419
0.11345
0.113478
0.113506
0.113532
0.113558
0.113582
0.113606
0.11363
0.113653
0.113676
0.113699
0.113721
0.113744
0.113766
0.113788
0.113811
0.113833
0.113856
0.113878
0.113901
0.113924
0.113947
0.11397
0.113993
0.114016
0.114039
0.114062
0.114086
0.114116
0.113669
0.113163
0.113177
0.113189
0.113216
0.11325
0.113286
0.113322
0.113357
0.11339
0.113422
0.113452
0.113481
0.113508
0.113535
0.11356
0.113585
0.113609
0.113632
0.113655
0.113678
0.113701
0.113723
0.113746
0.113768
0.113791
0.113813
0.113835
0.113858
0.11388
0.113903
0.113926
0.113948
0.113971
0.113994
0.114017
0.114041
0.114064
0.114087
0.114118
0.11368
0.113173
0.113187
0.113199
0.113226
0.11326
0.113295
0.113331
0.113366
0.1134
0.113431
0.113461
0.11349
0.113517
0.113543
0.113569
0.113593
0.113617
0.113641
0.113664
0.113687
0.113709
0.113732
0.113754
0.113776
0.113798
0.113821
0.113843
0.113865
0.113888
0.11391
0.113933
0.113955
0.113978
0.114001
0.114024
0.114047
0.11407
0.114094
0.114124
0.113716
0.113207
0.113221
0.113233
0.11326
0.113293
0.113329
0.113365
0.113399
0.113432
0.113464
0.113494
0.113522
0.113549
0.113575
0.1136
0.113624
0.113648
0.113671
0.113694
0.113716
0.113739
0.113761
0.113783
0.113805
0.113827
0.113849
0.113871
0.113893
0.113915
0.113937
0.113959
0.113982
0.114004
0.114027
0.114049
0.114072
0.114095
0.114118
0.114148
0.113833
0.113319
0.113332
0.113345
0.113371
0.113404
0.11344
0.113476
0.11351
0.113543
0.113574
0.113604
0.113632
0.113659
0.113685
0.11371
0.113734
0.113758
0.113781
0.113804
0.113827
0.113849
0.113871
0.113893
0.113915
0.113937
0.11396
0.113982
0.114004
0.114026
0.114049
0.114071
0.114094
0.114116
0.114139
0.114162
0.114185
0.114208
0.114232
0.114262
0.114178
0.113664
0.113681
0.113696
0.113727
0.113764
0.113804
0.113844
0.113884
0.113922
0.113959
0.113994
0.114028
0.114061
0.114093
0.114124
0.114155
0.114185
0.114214
0.114243
0.114272
0.114301
0.11433
0.114358
0.114387
0.114416
0.114444
0.114473
0.114502
0.11453
0.114559
0.114588
0.114617
0.114647
0.114676
0.114705
0.114735
0.114764
0.114794
0.11483
0.115467
0.115127
0.115159
0.115192
0.115242
0.115301
0.115365
0.11543
0.115495
0.115559
0.115623
0.115685
0.115746
0.115806
0.115865
0.115924
0.115981
0.116038
0.116094
0.11615
0.116205
0.116259
0.116314
0.116368
0.116422
0.116475
0.116528
0.116581
0.116634
0.116687
0.116739
0.116791
0.116843
0.116895
0.116947
0.116998
0.117049
0.1171
0.117151
0.117209
0.11316
0.112648
0.112677
0.112708
0.112757
0.112816
0.112878
0.11294
0.113
0.113058
0.113112
0.113162
0.11321
0.113254
0.113295
0.113333
0.113369
0.113403
0.113435
0.113465
0.113494
0.113522
0.113548
0.113574
0.113599
0.113623
0.113647
0.11367
0.113693
0.113716
0.113738
0.113761
0.113783
0.113805
0.113828
0.11385
0.113872
0.113895
0.113917
0.113952
0.11325
0.112751
0.112778
0.112808
0.112856
0.112913
0.112974
0.113035
0.113094
0.11315
0.113203
0.113252
0.113298
0.113341
0.113381
0.113419
0.113454
0.113486
0.113517
0.113547
0.113575
0.113601
0.113627
0.113652
0.113676
0.113699
0.113722
0.113745
0.113767
0.113789
0.113811
0.113832
0.113854
0.113875
0.113897
0.113918
0.11394
0.113962
0.113984
0.114017
0.113285
0.112786
0.112813
0.112843
0.112892
0.112949
0.113009
0.11307
0.113129
0.113185
0.113238
0.113288
0.113334
0.113376
0.113416
0.113454
0.113489
0.113521
0.113552
0.113582
0.11361
0.113636
0.113662
0.113686
0.11371
0.113734
0.113757
0.113779
0.113801
0.113823
0.113845
0.113866
0.113888
0.113909
0.113931
0.113952
0.113974
0.113995
0.114017
0.11405
0.113293
0.112793
0.112821
0.112851
0.1129
0.112957
0.113017
0.113078
0.113137
0.113194
0.113247
0.113296
0.113342
0.113385
0.113425
0.113463
0.113498
0.11353
0.113561
0.113591
0.113619
0.113645
0.113671
0.113696
0.11372
0.113743
0.113766
0.113788
0.113811
0.113832
0.113854
0.113876
0.113897
0.113919
0.11394
0.113962
0.113983
0.114005
0.114026
0.11406
0.113295
0.112795
0.112822
0.112853
0.112901
0.112958
0.113019
0.11308
0.113139
0.113195
0.113248
0.113297
0.113344
0.113387
0.113427
0.113464
0.113499
0.113532
0.113563
0.113592
0.11362
0.113647
0.113672
0.113697
0.113721
0.113745
0.113768
0.11379
0.113812
0.113834
0.113856
0.113877
0.113899
0.11392
0.113942
0.113963
0.113985
0.114007
0.114028
0.114062
0.113294
0.112794
0.112822
0.112852
0.112901
0.112958
0.113019
0.113079
0.113139
0.113195
0.113248
0.113297
0.113343
0.113386
0.113427
0.113464
0.113499
0.113532
0.113563
0.113592
0.11362
0.113647
0.113672
0.113697
0.113721
0.113745
0.113768
0.11379
0.113812
0.113834
0.113856
0.113877
0.113899
0.11392
0.113942
0.113963
0.113985
0.114007
0.114028
0.114062
0.113294
0.112794
0.112822
0.112852
0.1129
0.112958
0.113018
0.113079
0.113138
0.113195
0.113248
0.113297
0.113343
0.113386
0.113426
0.113464
0.113499
0.113532
0.113563
0.113592
0.11362
0.113647
0.113672
0.113697
0.113721
0.113744
0.113767
0.11379
0.113812
0.113834
0.113856
0.113877
0.113899
0.11392
0.113942
0.113963
0.113985
0.114007
0.114028
0.114062
0.113294
0.112794
0.112822
0.112852
0.1129
0.112957
0.113018
0.113079
0.113138
0.113194
0.113247
0.113297
0.113343
0.113386
0.113426
0.113464
0.113499
0.113531
0.113562
0.113592
0.11362
0.113646
0.113672
0.113697
0.113721
0.113744
0.113767
0.11379
0.113812
0.113834
0.113856
0.113877
0.113899
0.11392
0.113942
0.113963
0.113985
0.114006
0.114028
0.114062
0.113294
0.112794
0.112822
0.112852
0.1129
0.112957
0.113018
0.113079
0.113138
0.113194
0.113247
0.113297
0.113343
0.113386
0.113426
0.113463
0.113498
0.113531
0.113562
0.113592
0.11362
0.113646
0.113672
0.113697
0.113721
0.113744
0.113767
0.11379
0.113812
0.113834
0.113856
0.113877
0.113899
0.11392
0.113942
0.113963
0.113985
0.114006
0.114028
0.114062
0.113294
0.112794
0.112822
0.112852
0.1129
0.112957
0.113018
0.113079
0.113138
0.113194
0.113247
0.113297
0.113343
0.113386
0.113426
0.113463
0.113498
0.113531
0.113562
0.113592
0.11362
0.113646
0.113672
0.113697
0.113721
0.113744
0.113767
0.11379
0.113812
0.113834
0.113856
0.113877
0.113899
0.11392
0.113942
0.113963
0.113985
0.114006
0.114028
0.114062
0.113294
0.112794
0.112822
0.112852
0.1129
0.112957
0.113018
0.113079
0.113138
0.113194
0.113247
0.113297
0.113343
0.113386
0.113426
0.113464
0.113499
0.113531
0.113562
0.113592
0.11362
0.113646
0.113672
0.113697
0.113721
0.113744
0.113767
0.11379
0.113812
0.113834
0.113856
0.113877
0.113899
0.11392
0.113942
0.113963
0.113985
0.114007
0.114028
0.114062
0.113294
0.112794
0.112822
0.112852
0.1129
0.112958
0.113018
0.113079
0.113138
0.113195
0.113247
0.113297
0.113343
0.113386
0.113426
0.113464
0.113499
0.113531
0.113562
0.113592
0.11362
0.113646
0.113672
0.113697
0.113721
0.113744
0.113767
0.11379
0.113812
0.113834
0.113856
0.113877
0.113899
0.11392
0.113942
0.113963
0.113985
0.114007
0.114028
0.114062
0.113294
0.112794
0.112822
0.112852
0.1129
0.112958
0.113018
0.113079
0.113138
0.113195
0.113248
0.113297
0.113343
0.113386
0.113426
0.113464
0.113499
0.113531
0.113562
0.113592
0.11362
0.113647
0.113672
0.113697
0.113721
0.113744
0.113767
0.11379
0.113812
0.113834
0.113856
0.113877
0.113899
0.11392
0.113942
0.113963
0.113985
0.114007
0.114028
0.114062
0.113294
0.112794
0.112822
0.112852
0.1129
0.112958
0.113018
0.113079
0.113138
0.113195
0.113248
0.113297
0.113343
0.113386
0.113426
0.113464
0.113499
0.113531
0.113562
0.113592
0.11362
0.113647
0.113672
0.113697
0.113721
0.113744
0.113767
0.11379
0.113812
0.113834
0.113856
0.113877
0.113899
0.11392
0.113942
0.113963
0.113985
0.114007
0.114028
0.114062
0.113294
0.112794
0.112822
0.112852
0.1129
0.112958
0.113018
0.113079
0.113138
0.113195
0.113248
0.113297
0.113343
0.113386
0.113426
0.113464
0.113499
0.113531
0.113562
0.113592
0.11362
0.113646
0.113672
0.113697
0.113721
0.113744
0.113767
0.11379
0.113812
0.113834
0.113856
0.113877
0.113899
0.11392
0.113942
0.113963
0.113985
0.114007
0.114028
0.114062
0.113294
0.112794
0.112822
0.112852
0.1129
0.112958
0.113018
0.113079
0.113138
0.113195
0.113247
0.113297
0.113343
0.113386
0.113426
0.113464
0.113499
0.113531
0.113562
0.113592
0.11362
0.113646
0.113672
0.113697
0.113721
0.113744
0.113767
0.11379
0.113812
0.113834
0.113856
0.113877
0.113899
0.11392
0.113942
0.113963
0.113985
0.114006
0.114028
0.114062
0.113294
0.112794
0.112822
0.112852
0.1129
0.112958
0.113018
0.113079
0.113138
0.113194
0.113247
0.113297
0.113343
0.113386
0.113426
0.113464
0.113499
0.113531
0.113562
0.113592
0.11362
0.113646
0.113672
0.113697
0.113721
0.113744
0.113767
0.11379
0.113812
0.113834
0.113856
0.113877
0.113899
0.11392
0.113942
0.113963
0.113985
0.114006
0.114028
0.114062
0.113294
0.112794
0.112822
0.112852
0.1129
0.112958
0.113018
0.113079
0.113138
0.113194
0.113247
0.113297
0.113343
0.113386
0.113426
0.113464
0.113498
0.113531
0.113562
0.113592
0.11362
0.113646
0.113672
0.113697
0.113721
0.113744
0.113767
0.11379
0.113812
0.113834
0.113856
0.113877
0.113899
0.11392
0.113942
0.113963
0.113985
0.114006
0.114028
0.114062
0.113294
0.112794
0.112822
0.112852
0.1129
0.112958
0.113018
0.113079
0.113138
0.113194
0.113247
0.113297
0.113343
0.113386
0.113426
0.113463
0.113498
0.113531
0.113562
0.113592
0.11362
0.113646
0.113672
0.113697
0.113721
0.113744
0.113767
0.11379
0.113812
0.113834
0.113856
0.113877
0.113899
0.11392
0.113942
0.113963
0.113985
0.114007
0.114028
0.114062
0.113294
0.112794
0.112822
0.112852
0.1129
0.112958
0.113018
0.113079
0.113138
0.113194
0.113247
0.113297
0.113343
0.113386
0.113426
0.113464
0.113498
0.113531
0.113562
0.113592
0.11362
0.113646
0.113672
0.113697
0.113721
0.113744
0.113767
0.11379
0.113812
0.113834
0.113856
0.113877
0.113899
0.11392
0.113942
0.113963
0.113985
0.114007
0.114028
0.114062
0.113294
0.112794
0.112822
0.112852
0.1129
0.112958
0.113018
0.113079
0.113138
0.113195
0.113247
0.113297
0.113343
0.113386
0.113426
0.113464
0.113499
0.113531
0.113562
0.113592
0.11362
0.113646
0.113672
0.113697
0.113721
0.113744
0.113767
0.11379
0.113812
0.113834
0.113856
0.113877
0.113899
0.11392
0.113942
0.113963
0.113985
0.114007
0.114028
0.114062
0.113294
0.112794
0.112822
0.112852
0.1129
0.112958
0.113018
0.113079
0.113138
0.113195
0.113248
0.113297
0.113343
0.113386
0.113426
0.113464
0.113499
0.113531
0.113562
0.113592
0.11362
0.113647
0.113672
0.113697
0.113721
0.113744
0.113767
0.11379
0.113812
0.113834
0.113856
0.113877
0.113899
0.11392
0.113942
0.113963
0.113985
0.114007
0.114028
0.114062
0.113294
0.112794
0.112822
0.112852
0.1129
0.112958
0.113018
0.113079
0.113138
0.113195
0.113248
0.113297
0.113343
0.113386
0.113426
0.113464
0.113499
0.113532
0.113563
0.113592
0.11362
0.113647
0.113672
0.113697
0.113721
0.113745
0.113767
0.11379
0.113812
0.113834
0.113856
0.113877
0.113899
0.11392
0.113942
0.113963
0.113985
0.114007
0.114028
0.114062
0.113294
0.112794
0.112822
0.112852
0.112901
0.112958
0.113018
0.113079
0.113138
0.113195
0.113248
0.113297
0.113343
0.113386
0.113426
0.113464
0.113499
0.113532
0.113563
0.113592
0.11362
0.113647
0.113672
0.113697
0.113721
0.113745
0.113767
0.11379
0.113812
0.113834
0.113856
0.113877
0.113899
0.11392
0.113942
0.113964
0.113985
0.114007
0.114029
0.114062
0.113294
0.112794
0.112822
0.112852
0.112901
0.112958
0.113019
0.113079
0.113138
0.113195
0.113248
0.113297
0.113343
0.113386
0.113426
0.113464
0.113499
0.113532
0.113563
0.113592
0.11362
0.113647
0.113672
0.113697
0.113721
0.113745
0.113767
0.11379
0.113812
0.113834
0.113856
0.113877
0.113899
0.11392
0.113942
0.113964
0.113985
0.114007
0.114029
0.114062
0.113294
0.112794
0.112822
0.112852
0.112901
0.112958
0.113018
0.113079
0.113138
0.113195
0.113248
0.113297
0.113343
0.113386
0.113426
0.113464
0.113499
0.113532
0.113563
0.113592
0.11362
0.113647
0.113672
0.113697
0.113721
0.113745
0.113767
0.11379
0.113812
0.113834
0.113856
0.113877
0.113899
0.11392
0.113942
0.113964
0.113985
0.114007
0.114029
0.114062
0.113294
0.112794
0.112822
0.112852
0.112901
0.112958
0.113018
0.113079
0.113138
0.113195
0.113248
0.113297
0.113343
0.113386
0.113426
0.113464
0.113499
0.113532
0.113563
0.113592
0.11362
0.113647
0.113672
0.113697
0.113721
0.113745
0.113767
0.11379
0.113812
0.113834
0.113856
0.113877
0.113899
0.11392
0.113942
0.113964
0.113985
0.114007
0.114029
0.114062
0.113294
0.112794
0.112822
0.112852
0.1129
0.112958
0.113018
0.113079
0.113138
0.113195
0.113248
0.113297
0.113343
0.113386
0.113426
0.113464
0.113499
0.113532
0.113563
0.113592
0.11362
0.113647
0.113672
0.113697
0.113721
0.113745
0.113767
0.11379
0.113812
0.113834
0.113856
0.113877
0.113899
0.11392
0.113942
0.113964
0.113985
0.114007
0.114029
0.114062
0.113294
0.112794
0.112822
0.112852
0.112901
0.112958
0.113018
0.113079
0.113138
0.113195
0.113248
0.113297
0.113343
0.113386
0.113426
0.113464
0.113499
0.113532
0.113563
0.113592
0.11362
0.113647
0.113672
0.113697
0.113721
0.113745
0.113767
0.11379
0.113812
0.113834
0.113856
0.113877
0.113899
0.11392
0.113942
0.113964
0.113985
0.114007
0.114029
0.114062
0.113294
0.112794
0.112822
0.112852
0.112901
0.112958
0.113018
0.113079
0.113138
0.113195
0.113248
0.113297
0.113343
0.113386
0.113426
0.113464
0.113499
0.113532
0.113563
0.113592
0.11362
0.113647
0.113672
0.113697
0.113721
0.113745
0.113767
0.11379
0.113812
0.113834
0.113856
0.113877
0.113899
0.11392
0.113942
0.113964
0.113985
0.114007
0.114029
0.114062
0.113294
0.112794
0.112822
0.112852
0.112901
0.112958
0.113019
0.113079
0.113138
0.113195
0.113248
0.113297
0.113343
0.113386
0.113426
0.113464
0.113499
0.113532
0.113563
0.113592
0.11362
0.113647
0.113672
0.113697
0.113721
0.113745
0.113768
0.11379
0.113812
0.113834
0.113856
0.113878
0.113899
0.113921
0.113942
0.113964
0.113985
0.114007
0.114029
0.114062
0.113294
0.112794
0.112822
0.112852
0.112901
0.112958
0.113019
0.113079
0.113138
0.113195
0.113248
0.113297
0.113343
0.113386
0.113426
0.113464
0.113499
0.113532
0.113563
0.113592
0.11362
0.113647
0.113672
0.113697
0.113721
0.113745
0.113768
0.11379
0.113812
0.113834
0.113856
0.113878
0.113899
0.113921
0.113942
0.113964
0.113985
0.114007
0.114029
0.114062
0.113295
0.112795
0.112822
0.112853
0.112901
0.112958
0.113019
0.113079
0.113139
0.113195
0.113248
0.113297
0.113343
0.113386
0.113426
0.113464
0.113499
0.113532
0.113563
0.113592
0.11362
0.113647
0.113672
0.113697
0.113721
0.113745
0.113768
0.11379
0.113812
0.113834
0.113856
0.113878
0.113899
0.113921
0.113942
0.113964
0.113985
0.114007
0.114029
0.114062
0.113295
0.112795
0.112823
0.112853
0.112901
0.112958
0.113019
0.11308
0.113139
0.113195
0.113248
0.113298
0.113344
0.113387
0.113427
0.113464
0.113499
0.113532
0.113563
0.113593
0.11362
0.113647
0.113673
0.113698
0.113722
0.113745
0.113768
0.11379
0.113813
0.113835
0.113856
0.113878
0.113899
0.113921
0.113942
0.113964
0.113986
0.114007
0.114029
0.114063
0.113298
0.112798
0.112825
0.112856
0.112904
0.112961
0.113022
0.113082
0.113142
0.113198
0.113251
0.1133
0.113346
0.113389
0.113429
0.113467
0.113502
0.113534
0.113565
0.113595
0.113623
0.113649
0.113675
0.1137
0.113724
0.113747
0.11377
0.113792
0.113815
0.113837
0.113858
0.11388
0.113901
0.113923
0.113944
0.113966
0.113987
0.114009
0.114031
0.114064
0.113308
0.112807
0.112835
0.112865
0.112913
0.11297
0.113031
0.113092
0.113151
0.113207
0.11326
0.113309
0.113355
0.113398
0.113438
0.113475
0.11351
0.113543
0.113574
0.113603
0.113631
0.113657
0.113683
0.113708
0.113732
0.113755
0.113778
0.1138
0.113822
0.113844
0.113866
0.113887
0.113908
0.11393
0.113951
0.113973
0.113994
0.114016
0.114037
0.114071
0.113344
0.11284
0.112868
0.112898
0.112946
0.113003
0.113063
0.113124
0.113183
0.113239
0.113292
0.113341
0.113387
0.113429
0.113469
0.113506
0.113541
0.113573
0.113604
0.113633
0.11366
0.113687
0.113712
0.113736
0.11376
0.113783
0.113805
0.113828
0.113849
0.113871
0.113892
0.113913
0.113934
0.113956
0.113977
0.113998
0.114019
0.11404
0.114062
0.114095
0.113459
0.11295
0.112978
0.113008
0.113056
0.113113
0.113174
0.113234
0.113293
0.113349
0.113402
0.113451
0.113497
0.11354
0.113579
0.113616
0.113651
0.113683
0.113714
0.113743
0.113771
0.113797
0.113822
0.113847
0.113871
0.113894
0.113916
0.113939
0.113961
0.113982
0.114004
0.114025
0.114046
0.114068
0.114089
0.11411
0.114132
0.114153
0.114175
0.114208
0.113826
0.113317
0.113347
0.113379
0.11343
0.11349
0.113554
0.113618
0.11368
0.11374
0.113797
0.113851
0.113902
0.11395
0.113995
0.114037
0.114077
0.114115
0.114152
0.114187
0.11422
0.114253
0.114284
0.114315
0.114345
0.114374
0.114403
0.114431
0.11446
0.114488
0.114515
0.114543
0.114571
0.114598
0.114626
0.114654
0.114681
0.114709
0.114737
0.114777
0.115234
0.114894
0.114933
0.114975
0.115038
0.115112
0.115191
0.115272
0.115353
0.115433
0.115511
0.115586
0.115659
0.115729
0.115797
0.115863
0.115927
0.115989
0.11605
0.116109
0.116167
0.116224
0.116279
0.116334
0.116388
0.116441
0.116494
0.116546
0.116597
0.116648
0.116699
0.116749
0.116799
0.116849
0.116899
0.116948
0.116997
0.117046
0.117095
0.117155
0.1128
0.112293
0.112325
0.112362
0.112421
0.112492
0.112569
0.112648
0.112727
0.112804
0.112878
0.112948
0.113014
0.113077
0.113135
0.11319
0.113241
0.113288
0.113333
0.113375
0.113413
0.11345
0.113484
0.113516
0.113547
0.113576
0.113603
0.11363
0.113655
0.11368
0.113703
0.113726
0.113749
0.113771
0.113792
0.113814
0.113835
0.113856
0.113877
0.113917
0.112893
0.112399
0.11243
0.112466
0.112523
0.112592
0.112668
0.112746
0.112823
0.112898
0.11297
0.113039
0.113104
0.113165
0.113222
0.113276
0.113326
0.113372
0.113416
0.113456
0.113494
0.11353
0.113563
0.113594
0.113624
0.113652
0.113679
0.113704
0.113729
0.113752
0.113775
0.113798
0.113819
0.113841
0.113862
0.113882
0.113903
0.113924
0.113944
0.113983
0.112929
0.112433
0.112465
0.112501
0.112558
0.112628
0.112703
0.112781
0.112858
0.112933
0.113006
0.113075
0.11314
0.113201
0.113258
0.113311
0.113361
0.113408
0.113451
0.113491
0.113529
0.113565
0.113598
0.113629
0.113659
0.113687
0.113713
0.113739
0.113763
0.113787
0.113809
0.113832
0.113853
0.113874
0.113895
0.113916
0.113937
0.113957
0.113977
0.114016
0.112937
0.112441
0.112472
0.112509
0.112566
0.112636
0.112711
0.112789
0.112866
0.112942
0.113014
0.113083
0.113148
0.113209
0.113266
0.11332
0.11337
0.113416
0.11346
0.1135
0.113538
0.113574
0.113607
0.113638
0.113668
0.113696
0.113723
0.113748
0.113772
0.113796
0.113819
0.113841
0.113863
0.113884
0.113905
0.113926
0.113946
0.113967
0.113987
0.114026
0.112938
0.112442
0.112473
0.11251
0.112567
0.112637
0.112712
0.11279
0.112868
0.112943
0.113015
0.113084
0.113149
0.113211
0.113268
0.113321
0.113371
0.113418
0.113461
0.113502
0.11354
0.113575
0.113608
0.11364
0.113669
0.113697
0.113724
0.11375
0.113774
0.113798
0.113821
0.113843
0.113864
0.113886
0.113907
0.113927
0.113948
0.113968
0.113989
0.114028
0.112938
0.112442
0.112473
0.11251
0.112567
0.112637
0.112712
0.11279
0.112867
0.112943
0.113015
0.113084
0.113149
0.11321
0.113268
0.113321
0.113371
0.113418
0.113461
0.113502
0.11354
0.113575
0.113608
0.11364
0.113669
0.113697
0.113724
0.11375
0.113774
0.113798
0.113821
0.113843
0.113864
0.113886
0.113907
0.113927
0.113948
0.113968
0.113989
0.114028
0.112937
0.112442
0.112473
0.112509
0.112567
0.112636
0.112712
0.11279
0.112867
0.112943
0.113015
0.113084
0.113149
0.11321
0.113267
0.113321
0.113371
0.113417
0.113461
0.113501
0.113539
0.113575
0.113608
0.11364
0.113669
0.113697
0.113724
0.113749
0.113774
0.113798
0.11382
0.113843
0.113864
0.113886
0.113907
0.113927
0.113948
0.113968
0.113988
0.114027
0.112937
0.112442
0.112473
0.112509
0.112567
0.112636
0.112712
0.11279
0.112867
0.112942
0.113015
0.113084
0.113149
0.11321
0.113267
0.113321
0.113371
0.113417
0.113461
0.113501
0.113539
0.113575
0.113608
0.113639
0.113669
0.113697
0.113724
0.113749
0.113774
0.113797
0.11382
0.113842
0.113864
0.113885
0.113906
0.113927
0.113948
0.113968
0.113988
0.114027
0.112937
0.112442
0.112473
0.112509
0.112567
0.112636
0.112712
0.11279
0.112867
0.112942
0.113015
0.113084
0.113149
0.11321
0.113267
0.113321
0.113371
0.113417
0.113461
0.113501
0.113539
0.113575
0.113608
0.113639
0.113669
0.113697
0.113724
0.113749
0.113774
0.113797
0.11382
0.113842
0.113864
0.113885
0.113906
0.113927
0.113948
0.113968
0.113988
0.114027
0.112937
0.112442
0.112473
0.112509
0.112567
0.112636
0.112712
0.11279
0.112867
0.112942
0.113015
0.113084
0.113149
0.11321
0.113267
0.113321
0.113371
0.113417
0.113461
0.113501
0.113539
0.113575
0.113608
0.113639
0.113669
0.113697
0.113724
0.113749
0.113774
0.113797
0.11382
0.113842
0.113864
0.113885
0.113906
0.113927
0.113948
0.113968
0.113988
0.114027
0.112937
0.112442
0.112473
0.112509
0.112567
0.112636
0.112712
0.11279
0.112867
0.112943
0.113015
0.113084
0.113149
0.11321
0.113267
0.113321
0.113371
0.113417
0.113461
0.113501
0.113539
0.113575
0.113608
0.113639
0.113669
0.113697
0.113724
0.113749
0.113774
0.113797
0.11382
0.113843
0.113864
0.113885
0.113906
0.113927
0.113948
0.113968
0.113988
0.114027
0.112937
0.112442
0.112473
0.112509
0.112567
0.112636
0.112712
0.11279
0.112867
0.112943
0.113015
0.113084
0.113149
0.11321
0.113267
0.113321
0.113371
0.113417
0.113461
0.113501
0.113539
0.113575
0.113608
0.113639
0.113669
0.113697
0.113724
0.113749
0.113774
0.113797
0.11382
0.113843
0.113864
0.113886
0.113907
0.113927
0.113948
0.113968
0.113988
0.114027
0.112937
0.112442
0.112473
0.112509
0.112567
0.112636
0.112712
0.11279
0.112867
0.112943
0.113015
0.113084
0.113149
0.11321
0.113267
0.113321
0.113371
0.113417
0.113461
0.113501
0.113539
0.113575
0.113608
0.11364
0.113669
0.113697
0.113724
0.113749
0.113774
0.113798
0.11382
0.113843
0.113864
0.113886
0.113907
0.113927
0.113948
0.113968
0.113988
0.114027
0.112937
0.112442
0.112473
0.112509
0.112567
0.112636
0.112712
0.11279
0.112867
0.112943
0.113015
0.113084
0.113149
0.11321
0.113267
0.113321
0.113371
0.113417
0.113461
0.113501
0.113539
0.113575
0.113608
0.11364
0.113669
0.113697
0.113724
0.113749
0.113774
0.113798
0.11382
0.113843
0.113864
0.113886
0.113907
0.113927
0.113948
0.113968
0.113988
0.114027
0.112937
0.112442
0.112473
0.112509
0.112567
0.112636
0.112712
0.11279
0.112867
0.112943
0.113015
0.113084
0.113149
0.11321
0.113267
0.113321
0.113371
0.113417
0.113461
0.113501
0.113539
0.113575
0.113608
0.113639
0.113669
0.113697
0.113724
0.113749
0.113774
0.113797
0.11382
0.113843
0.113864
0.113886
0.113906
0.113927
0.113948
0.113968
0.113988
0.114027
0.112937
0.112442
0.112473
0.112509
0.112567
0.112636
0.112712
0.11279
0.112867
0.112943
0.113015
0.113084
0.113149
0.11321
0.113267
0.113321
0.113371
0.113417
0.113461
0.113501
0.113539
0.113575
0.113608
0.113639
0.113669
0.113697
0.113724
0.113749
0.113774
0.113797
0.11382
0.113843
0.113864
0.113885
0.113906
0.113927
0.113948
0.113968
0.113988
0.114027
0.112937
0.112442
0.112473
0.112509
0.112567
0.112636
0.112712
0.11279
0.112867
0.112943
0.113015
0.113084
0.113149
0.11321
0.113267
0.113321
0.113371
0.113417
0.113461
0.113501
0.113539
0.113575
0.113608
0.113639
0.113669
0.113697
0.113724
0.113749
0.113774
0.113797
0.11382
0.113842
0.113864
0.113885
0.113906
0.113927
0.113948
0.113968
0.113988
0.114027
0.112937
0.112442
0.112473
0.112509
0.112567
0.112636
0.112712
0.11279
0.112867
0.112943
0.113015
0.113084
0.113149
0.11321
0.113267
0.113321
0.113371
0.113417
0.113461
0.113501
0.113539
0.113575
0.113608
0.113639
0.113669
0.113697
0.113724
0.113749
0.113774
0.113797
0.11382
0.113842
0.113864
0.113885
0.113906
0.113927
0.113948
0.113968
0.113988
0.114027
0.112937
0.112442
0.112473
0.112509
0.112567
0.112636
0.112712
0.11279
0.112867
0.112943
0.113015
0.113084
0.113149
0.11321
0.113267
0.113321
0.113371
0.113417
0.113461
0.113501
0.113539
0.113575
0.113608
0.113639
0.113669
0.113697
0.113724
0.113749
0.113774
0.113797
0.11382
0.113842
0.113864
0.113885
0.113906
0.113927
0.113948
0.113968
0.113988
0.114027
0.112937
0.112442
0.112473
0.112509
0.112567
0.112636
0.112712
0.11279
0.112867
0.112943
0.113015
0.113084
0.113149
0.11321
0.113267
0.113321
0.113371
0.113417
0.113461
0.113501
0.113539
0.113575
0.113608
0.113639
0.113669
0.113697
0.113724
0.113749
0.113774
0.113797
0.11382
0.113842
0.113864
0.113885
0.113906
0.113927
0.113948
0.113968
0.113988
0.114027
0.112937
0.112442
0.112473
0.112509
0.112567
0.112636
0.112712
0.11279
0.112867
0.112943
0.113015
0.113084
0.113149
0.11321
0.113267
0.113321
0.113371
0.113417
0.113461
0.113501
0.113539
0.113575
0.113608
0.113639
0.113669
0.113697
0.113724
0.113749
0.113774
0.113797
0.11382
0.113843
0.113864
0.113886
0.113906
0.113927
0.113948
0.113968
0.113988
0.114027
0.112937
0.112442
0.112473
0.112509
0.112567
0.112636
0.112712
0.11279
0.112867
0.112943
0.113015
0.113084
0.113149
0.11321
0.113267
0.113321
0.113371
0.113417
0.113461
0.113501
0.113539
0.113575
0.113608
0.11364
0.113669
0.113697
0.113724
0.113749
0.113774
0.113798
0.11382
0.113843
0.113864
0.113886
0.113907
0.113927
0.113948
0.113968
0.113989
0.114028
0.112938
0.112442
0.112473
0.112509
0.112567
0.112636
0.112712
0.11279
0.112867
0.112943
0.113015
0.113084
0.113149
0.11321
0.113267
0.113321
0.113371
0.113418
0.113461
0.113502
0.113539
0.113575
0.113608
0.11364
0.113669
0.113697
0.113724
0.11375
0.113774
0.113798
0.113821
0.113843
0.113864
0.113886
0.113907
0.113927
0.113948
0.113969
0.113989
0.114028
0.112938
0.112442
0.112473
0.112509
0.112567
0.112636
0.112712
0.11279
0.112867
0.112943
0.113015
0.113084
0.113149
0.11321
0.113268
0.113321
0.113371
0.113418
0.113461
0.113502
0.113539
0.113575
0.113608
0.11364
0.113669
0.113697
0.113724
0.11375
0.113774
0.113798
0.113821
0.113843
0.113864
0.113886
0.113907
0.113927
0.113948
0.113969
0.113989
0.114028
0.112938
0.112442
0.112473
0.112509
0.112567
0.112637
0.112712
0.11279
0.112867
0.112943
0.113015
0.113084
0.113149
0.11321
0.113268
0.113321
0.113371
0.113418
0.113461
0.113502
0.11354
0.113575
0.113608
0.11364
0.113669
0.113697
0.113724
0.11375
0.113774
0.113798
0.113821
0.113843
0.113864
0.113886
0.113907
0.113927
0.113948
0.113969
0.113989
0.114028
0.112938
0.112442
0.112473
0.112509
0.112567
0.112636
0.112712
0.11279
0.112867
0.112943
0.113015
0.113084
0.113149
0.11321
0.113268
0.113321
0.113371
0.113418
0.113461
0.113502
0.113539
0.113575
0.113608
0.11364
0.113669
0.113697
0.113724
0.11375
0.113774
0.113798
0.113821
0.113843
0.113864
0.113886
0.113907
0.113927
0.113948
0.113969
0.113989
0.114028
0.112938
0.112442
0.112473
0.112509
0.112567
0.112636
0.112712
0.11279
0.112867
0.112943
0.113015
0.113084
0.113149
0.11321
0.113268
0.113321
0.113371
0.113418
0.113461
0.113502
0.113539
0.113575
0.113608
0.11364
0.113669
0.113697
0.113724
0.11375
0.113774
0.113798
0.113821
0.113843
0.113865
0.113886
0.113907
0.113928
0.113948
0.113969
0.113989
0.114028
0.112938
0.112442
0.112473
0.112509
0.112567
0.112636
0.112712
0.11279
0.112867
0.112943
0.113015
0.113084
0.113149
0.11321
0.113268
0.113321
0.113371
0.113418
0.113461
0.113502
0.113539
0.113575
0.113608
0.11364
0.113669
0.113697
0.113724
0.11375
0.113774
0.113798
0.113821
0.113843
0.113865
0.113886
0.113907
0.113928
0.113948
0.113969
0.113989
0.114028
0.112938
0.112442
0.112473
0.112509
0.112567
0.112636
0.112712
0.11279
0.112867
0.112943
0.113015
0.113084
0.113149
0.11321
0.113268
0.113321
0.113371
0.113418
0.113461
0.113502
0.113539
0.113575
0.113608
0.11364
0.113669
0.113697
0.113724
0.11375
0.113774
0.113798
0.113821
0.113843
0.113865
0.113886
0.113907
0.113928
0.113948
0.113969
0.113989
0.114028
0.112938
0.112442
0.112473
0.112509
0.112567
0.112636
0.112712
0.11279
0.112867
0.112943
0.113015
0.113084
0.113149
0.11321
0.113268
0.113321
0.113371
0.113418
0.113461
0.113502
0.113539
0.113575
0.113608
0.11364
0.113669
0.113697
0.113724
0.11375
0.113774
0.113798
0.113821
0.113843
0.113865
0.113886
0.113907
0.113928
0.113948
0.113969
0.113989
0.114028
0.112938
0.112442
0.112473
0.112509
0.112567
0.112637
0.112712
0.11279
0.112867
0.112943
0.113015
0.113084
0.113149
0.11321
0.113268
0.113321
0.113371
0.113418
0.113461
0.113502
0.113539
0.113575
0.113608
0.11364
0.113669
0.113697
0.113724
0.11375
0.113774
0.113798
0.113821
0.113843
0.113865
0.113886
0.113907
0.113928
0.113948
0.113969
0.113989
0.114028
0.112938
0.112442
0.112473
0.112509
0.112567
0.112637
0.112712
0.11279
0.112867
0.112943
0.113015
0.113084
0.113149
0.11321
0.113268
0.113321
0.113371
0.113418
0.113461
0.113502
0.113539
0.113575
0.113608
0.11364
0.113669
0.113697
0.113724
0.11375
0.113774
0.113798
0.113821
0.113843
0.113865
0.113886
0.113907
0.113928
0.113948
0.113969
0.113989
0.114028
0.112938
0.112442
0.112473
0.11251
0.112567
0.112637
0.112712
0.11279
0.112867
0.112943
0.113015
0.113084
0.113149
0.11321
0.113268
0.113321
0.113371
0.113418
0.113461
0.113502
0.113539
0.113575
0.113608
0.11364
0.113669
0.113697
0.113724
0.11375
0.113774
0.113798
0.113821
0.113843
0.113864
0.113886
0.113907
0.113927
0.113948
0.113968
0.113989
0.114028
0.112938
0.112443
0.112474
0.11251
0.112568
0.112637
0.112713
0.112791
0.112868
0.112943
0.113016
0.113085
0.11315
0.113211
0.113268
0.113322
0.113372
0.113418
0.113462
0.113502
0.11354
0.113575
0.113609
0.11364
0.11367
0.113698
0.113724
0.11375
0.113775
0.113798
0.113821
0.113843
0.113865
0.113886
0.113907
0.113928
0.113949
0.113969
0.113989
0.114028
0.112941
0.112445
0.112476
0.112512
0.11257
0.112639
0.112715
0.112793
0.11287
0.112946
0.113018
0.113087
0.113152
0.113213
0.11327
0.113324
0.113374
0.11342
0.113464
0.113504
0.113542
0.113578
0.113611
0.113642
0.113672
0.1137
0.113727
0.113752
0.113777
0.1138
0.113823
0.113845
0.113867
0.113888
0.113909
0.11393
0.11395
0.113971
0.113991
0.11403
0.112951
0.112454
0.112485
0.112521
0.112579
0.112648
0.112724
0.112802
0.112879
0.112954
0.113027
0.113096
0.11316
0.113222
0.113279
0.113332
0.113382
0.113429
0.113472
0.113512
0.11355
0.113586
0.113619
0.11365
0.11368
0.113708
0.113734
0.11376
0.113784
0.113807
0.11383
0.113852
0.113874
0.113895
0.113916
0.113937
0.113957
0.113977
0.113997
0.114036
0.112985
0.112485
0.112516
0.112553
0.11261
0.112679
0.112755
0.112833
0.11291
0.112985
0.113057
0.113126
0.113191
0.113252
0.113309
0.113362
0.113412
0.113458
0.113501
0.113542
0.113579
0.113614
0.113647
0.113678
0.113707
0.113735
0.113761
0.113787
0.113811
0.113834
0.113856
0.113878
0.1139
0.113921
0.113941
0.113961
0.113982
0.114002
0.114021
0.11406
0.113099
0.112595
0.112626
0.112662
0.112719
0.112789
0.112865
0.112942
0.11302
0.113095
0.113167
0.113236
0.113301
0.113362
0.113419
0.113472
0.113522
0.113568
0.113612
0.113652
0.113689
0.113725
0.113758
0.113789
0.113818
0.113846
0.113872
0.113898
0.113922
0.113945
0.113968
0.11399
0.114011
0.114033
0.114053
0.114074
0.114094
0.114115
0.114135
0.114174
0.113489
0.112985
0.113017
0.113056
0.113115
0.113187
0.113265
0.113346
0.113426
0.113504
0.11358
0.113652
0.113721
0.113786
0.113847
0.113905
0.113959
0.11401
0.114058
0.114104
0.114147
0.114187
0.114226
0.114263
0.114298
0.114331
0.114363
0.114395
0.114425
0.114454
0.114483
0.114511
0.114538
0.114566
0.114592
0.114619
0.114645
0.114672
0.114698
0.114743
0.115009
0.11467
0.11471
0.114756
0.114825
0.114907
0.114996
0.115089
0.115182
0.115275
0.115366
0.115454
0.11554
0.115623
0.115703
0.11578
0.115854
0.115925
0.115994
0.11606
0.116124
0.116186
0.116246
0.116304
0.116361
0.116417
0.116471
0.116524
0.116576
0.116627
0.116677
0.116726
0.116775
0.116823
0.116871
0.116919
0.116966
0.117013
0.117059
0.117124
0.112443
0.111941
0.111975
0.112013
0.112075
0.112151
0.112234
0.112322
0.112411
0.1125
0.112586
0.11267
0.112751
0.112829
0.112903
0.112973
0.113039
0.113102
0.113161
0.113216
0.113268
0.113317
0.113363
0.113406
0.113446
0.113484
0.113519
0.113553
0.113585
0.113615
0.113643
0.11367
0.113696
0.113721
0.113746
0.113769
0.113792
0.113814
0.113835
0.113885
0.112539
0.11205
0.112082
0.11212
0.11218
0.112254
0.112336
0.112422
0.11251
0.112597
0.112682
0.112764
0.112844
0.11292
0.112992
0.113061
0.113126
0.113187
0.113245
0.113299
0.11335
0.113398
0.113442
0.113484
0.113524
0.11356
0.113595
0.113628
0.113659
0.113688
0.113716
0.113742
0.113767
0.113791
0.113815
0.113838
0.11386
0.113881
0.113902
0.113951
0.112575
0.112085
0.112117
0.112155
0.112215
0.11229
0.112372
0.112458
0.112545
0.112632
0.112717
0.1128
0.112879
0.112955
0.113027
0.113096
0.113161
0.113222
0.11328
0.113334
0.113385
0.113433
0.113477
0.113519
0.113558
0.113595
0.11363
0.113662
0.113693
0.113722
0.11375
0.113776
0.113801
0.113825
0.113849
0.113871
0.113893
0.113914
0.113935
0.113984
0.112583
0.112092
0.112125
0.112163
0.112223
0.112297
0.11238
0.112466
0.112553
0.11264
0.112725
0.112808
0.112887
0.112964
0.113036
0.113105
0.11317
0.113231
0.113289
0.113343
0.113394
0.113442
0.113486
0.113528
0.113567
0.113604
0.113639
0.113671
0.113702
0.113731
0.113759
0.113785
0.113811
0.113835
0.113858
0.113881
0.113903
0.113924
0.113944
0.113993
0.112584
0.112093
0.112126
0.112164
0.112224
0.112298
0.112381
0.112467
0.112554
0.112641
0.112726
0.112809
0.112889
0.112965
0.113037
0.113106
0.113171
0.113232
0.11329
0.113344
0.113395
0.113443
0.113488
0.11353
0.113569
0.113606
0.11364
0.113673
0.113704
0.113733
0.113761
0.113787
0.113812
0.113836
0.11386
0.113882
0.113904
0.113926
0.113946
0.113995
0.112584
0.112093
0.112126
0.112163
0.112224
0.112298
0.112381
0.112467
0.112554
0.112641
0.112726
0.112809
0.112889
0.112965
0.113037
0.113106
0.113171
0.113232
0.11329
0.113344
0.113395
0.113443
0.113488
0.11353
0.113569
0.113606
0.11364
0.113673
0.113704
0.113733
0.113761
0.113787
0.113812
0.113837
0.11386
0.113882
0.113904
0.113926
0.113946
0.113995
0.112583
0.112093
0.112125
0.112163
0.112224
0.112298
0.11238
0.112466
0.112554
0.112641
0.112726
0.112809
0.112888
0.112964
0.113037
0.113106
0.113171
0.113232
0.11329
0.113344
0.113395
0.113443
0.113487
0.113529
0.113569
0.113606
0.11364
0.113673
0.113704
0.113733
0.113761
0.113787
0.113812
0.113836
0.11386
0.113882
0.113904
0.113926
0.113946
0.113995
0.112583
0.112093
0.112125
0.112163
0.112224
0.112298
0.11238
0.112466
0.112554
0.112641
0.112726
0.112809
0.112888
0.112964
0.113037
0.113106
0.113171
0.113232
0.11329
0.113344
0.113395
0.113443
0.113487
0.113529
0.113568
0.113605
0.11364
0.113673
0.113704
0.113733
0.11376
0.113787
0.113812
0.113836
0.11386
0.113882
0.113904
0.113925
0.113946
0.113995
0.112583
0.112093
0.112125
0.112163
0.112224
0.112298
0.11238
0.112466
0.112554
0.112641
0.112726
0.112809
0.112888
0.112964
0.113037
0.113106
0.113171
0.113232
0.11329
0.113344
0.113395
0.113443
0.113487
0.113529
0.113568
0.113605
0.11364
0.113673
0.113704
0.113733
0.11376
0.113787
0.113812
0.113836
0.113859
0.113882
0.113904
0.113925
0.113946
0.113995
0.112583
0.112093
0.112125
0.112163
0.112224
0.112298
0.11238
0.112466
0.112554
0.112641
0.112726
0.112809
0.112888
0.112964
0.113037
0.113106
0.113171
0.113232
0.11329
0.113344
0.113395
0.113443
0.113487
0.113529
0.113568
0.113605
0.11364
0.113673
0.113704
0.113733
0.11376
0.113787
0.113812
0.113836
0.113859
0.113882
0.113904
0.113925
0.113946
0.113995
0.112583
0.112093
0.112125
0.112163
0.112224
0.112298
0.11238
0.112466
0.112554
0.112641
0.112726
0.112809
0.112888
0.112964
0.113037
0.113106
0.113171
0.113232
0.11329
0.113344
0.113395
0.113443
0.113487
0.113529
0.113569
0.113605
0.11364
0.113673
0.113704
0.113733
0.11376
0.113787
0.113812
0.113836
0.11386
0.113882
0.113904
0.113926
0.113946
0.113995
0.112583
0.112093
0.112125
0.112163
0.112224
0.112298
0.11238
0.112466
0.112554
0.112641
0.112726
0.112809
0.112888
0.112964
0.113037
0.113106
0.113171
0.113232
0.11329
0.113344
0.113395
0.113443
0.113487
0.113529
0.113569
0.113605
0.11364
0.113673
0.113704
0.113733
0.113761
0.113787
0.113812
0.113836
0.11386
0.113882
0.113904
0.113926
0.113946
0.113995
0.112583
0.112093
0.112125
0.112163
0.112224
0.112298
0.11238
0.112466
0.112554
0.112641
0.112726
0.112809
0.112888
0.112964
0.113037
0.113106
0.113171
0.113232
0.11329
0.113344
0.113395
0.113443
0.113487
0.113529
0.113569
0.113606
0.11364
0.113673
0.113704
0.113733
0.113761
0.113787
0.113812
0.113836
0.11386
0.113882
0.113904
0.113926
0.113946
0.113995
0.112583
0.112093
0.112125
0.112163
0.112224
0.112298
0.11238
0.112466
0.112554
0.112641
0.112726
0.112809
0.112888
0.112964
0.113037
0.113106
0.113171
0.113232
0.11329
0.113344
0.113395
0.113443
0.113487
0.113529
0.113569
0.113606
0.11364
0.113673
0.113704
0.113733
0.113761
0.113787
0.113812
0.113836
0.11386
0.113882
0.113904
0.113926
0.113946
0.113995
0.112583
0.112093
0.112125
0.112163
0.112224
0.112298
0.11238
0.112466
0.112554
0.112641
0.112726
0.112809
0.112888
0.112964
0.113037
0.113106
0.113171
0.113232
0.11329
0.113344
0.113395
0.113443
0.113487
0.113529
0.113569
0.113606
0.11364
0.113673
0.113704
0.113733
0.113761
0.113787
0.113812
0.113836
0.11386
0.113882
0.113904
0.113926
0.113946
0.113995
0.112583
0.112093
0.112125
0.112163
0.112224
0.112298
0.11238
0.112466
0.112554
0.112641
0.112726
0.112809
0.112888
0.112964
0.113037
0.113106
0.113171
0.113232
0.11329
0.113344
0.113395
0.113443
0.113487
0.113529
0.113569
0.113605
0.11364
0.113673
0.113704
0.113733
0.113761
0.113787
0.113812
0.113836
0.11386
0.113882
0.113904
0.113926
0.113946
0.113995
0.112583
0.112093
0.112125
0.112163
0.112224
0.112298
0.11238
0.112466
0.112554
0.112641
0.112726
0.112809
0.112888
0.112964
0.113037
0.113106
0.113171
0.113232
0.11329
0.113344
0.113395
0.113443
0.113487
0.113529
0.113569
0.113605
0.11364
0.113673
0.113704
0.113733
0.11376
0.113787
0.113812
0.113836
0.11386
0.113882
0.113904
0.113926
0.113946
0.113995
0.112583
0.112093
0.112125
0.112163
0.112224
0.112298
0.11238
0.112466
0.112554
0.112641
0.112726
0.112809
0.112888
0.112964
0.113037
0.113106
0.113171
0.113232
0.11329
0.113344
0.113395
0.113443
0.113487
0.113529
0.113569
0.113605
0.11364
0.113673
0.113704
0.113733
0.11376
0.113787
0.113812
0.113836
0.11386
0.113882
0.113904
0.113926
0.113946
0.113995
0.112583
0.112093
0.112125
0.112163
0.112224
0.112298
0.11238
0.112466
0.112554
0.112641
0.112726
0.112809
0.112888
0.112964
0.113037
0.113106
0.113171
0.113232
0.11329
0.113344
0.113395
0.113443
0.113487
0.113529
0.113569
0.113605
0.11364
0.113673
0.113704
0.113733
0.11376
0.113787
0.113812
0.113836
0.11386
0.113882
0.113904
0.113926
0.113946
0.113995
0.112583
0.112093
0.112125
0.112163
0.112224
0.112298
0.11238
0.112466
0.112554
0.112641
0.112726
0.112809
0.112888
0.112964
0.113037
0.113106
0.113171
0.113232
0.11329
0.113344
0.113395
0.113443
0.113487
0.113529
0.113568
0.113605
0.11364
0.113673
0.113704
0.113733
0.11376
0.113787
0.113812
0.113836
0.11386
0.113882
0.113904
0.113926
0.113946
0.113995
0.112583
0.112093
0.112125
0.112163
0.112224
0.112298
0.11238
0.112466
0.112554
0.112641
0.112726
0.112809
0.112888
0.112964
0.113037
0.113106
0.113171
0.113232
0.11329
0.113344
0.113395
0.113443
0.113487
0.113529
0.113569
0.113605
0.11364
0.113673
0.113704
0.113733
0.11376
0.113787
0.113812
0.113836
0.11386
0.113882
0.113904
0.113926
0.113946
0.113995
0.112583
0.112093
0.112125
0.112163
0.112224
0.112298
0.11238
0.112466
0.112554
0.112641
0.112726
0.112809
0.112888
0.112964
0.113037
0.113106
0.113171
0.113232
0.11329
0.113344
0.113395
0.113443
0.113487
0.113529
0.113569
0.113606
0.11364
0.113673
0.113704
0.113733
0.113761
0.113787
0.113812
0.113836
0.11386
0.113882
0.113904
0.113926
0.113946
0.113995
0.112583
0.112093
0.112125
0.112163
0.112224
0.112298
0.11238
0.112467
0.112554
0.112641
0.112726
0.112809
0.112888
0.112965
0.113037
0.113106
0.113171
0.113232
0.11329
0.113344
0.113395
0.113443
0.113488
0.113529
0.113569
0.113606
0.11364
0.113673
0.113704
0.113733
0.113761
0.113787
0.113812
0.113836
0.11386
0.113882
0.113904
0.113926
0.113946
0.113995
0.112583
0.112093
0.112126
0.112163
0.112224
0.112298
0.11238
0.112467
0.112554
0.112641
0.112726
0.112809
0.112888
0.112965
0.113037
0.113106
0.113171
0.113232
0.11329
0.113344
0.113395
0.113443
0.113488
0.113529
0.113569
0.113606
0.11364
0.113673
0.113704
0.113733
0.113761
0.113787
0.113812
0.113836
0.11386
0.113882
0.113904
0.113926
0.113946
0.113995
0.112584
0.112093
0.112126
0.112163
0.112224
0.112298
0.11238
0.112467
0.112554
0.112641
0.112726
0.112809
0.112888
0.112965
0.113037
0.113106
0.113171
0.113232
0.11329
0.113344
0.113395
0.113443
0.113488
0.113529
0.113569
0.113606
0.11364
0.113673
0.113704
0.113733
0.113761
0.113787
0.113812
0.113836
0.11386
0.113882
0.113904
0.113926
0.113946
0.113995
0.112583
0.112093
0.112126
0.112163
0.112224
0.112298
0.11238
0.112467
0.112554
0.112641
0.112726
0.112809
0.112888
0.112965
0.113037
0.113106
0.113171
0.113232
0.11329
0.113344
0.113395
0.113443
0.113488
0.113529
0.113569
0.113606
0.11364
0.113673
0.113704
0.113733
0.113761
0.113787
0.113812
0.113836
0.11386
0.113882
0.113904
0.113926
0.113946
0.113995
0.112583
0.112093
0.112126
0.112163
0.112224
0.112298
0.11238
0.112467
0.112554
0.112641
0.112726
0.112809
0.112888
0.112965
0.113037
0.113106
0.113171
0.113232
0.11329
0.113344
0.113395
0.113443
0.113488
0.113529
0.113569
0.113606
0.11364
0.113673
0.113704
0.113733
0.113761
0.113787
0.113812
0.113836
0.11386
0.113882
0.113904
0.113926
0.113946
0.113995
0.112583
0.112093
0.112125
0.112163
0.112224
0.112298
0.11238
0.112467
0.112554
0.112641
0.112726
0.112809
0.112888
0.112965
0.113037
0.113106
0.113171
0.113232
0.11329
0.113344
0.113395
0.113443
0.113488
0.113529
0.113569
0.113606
0.11364
0.113673
0.113704
0.113733
0.113761
0.113787
0.113812
0.113837
0.11386
0.113883
0.113904
0.113926
0.113947
0.113995
0.112583
0.112093
0.112126
0.112163
0.112224
0.112298
0.11238
0.112467
0.112554
0.112641
0.112726
0.112809
0.112888
0.112965
0.113037
0.113106
0.113171
0.113232
0.11329
0.113344
0.113395
0.113443
0.113488
0.113529
0.113569
0.113606
0.11364
0.113673
0.113704
0.113733
0.113761
0.113787
0.113812
0.113837
0.11386
0.113882
0.113904
0.113926
0.113947
0.113995
0.112583
0.112093
0.112126
0.112163
0.112224
0.112298
0.11238
0.112467
0.112554
0.112641
0.112726
0.112809
0.112888
0.112965
0.113037
0.113106
0.113171
0.113232
0.11329
0.113344
0.113395
0.113443
0.113488
0.113529
0.113569
0.113606
0.11364
0.113673
0.113704
0.113733
0.113761
0.113787
0.113812
0.113837
0.11386
0.113883
0.113904
0.113926
0.113947
0.113995
0.112584
0.112093
0.112126
0.112163
0.112224
0.112298
0.11238
0.112467
0.112554
0.112641
0.112726
0.112809
0.112888
0.112965
0.113037
0.113106
0.113171
0.113232
0.11329
0.113344
0.113395
0.113443
0.113488
0.11353
0.113569
0.113606
0.11364
0.113673
0.113704
0.113733
0.113761
0.113787
0.113812
0.113837
0.11386
0.113883
0.113905
0.113926
0.113947
0.113995
0.112584
0.112093
0.112126
0.112163
0.112224
0.112298
0.11238
0.112467
0.112554
0.112641
0.112726
0.112809
0.112888
0.112965
0.113037
0.113106
0.113171
0.113232
0.11329
0.113344
0.113395
0.113443
0.113488
0.113529
0.113569
0.113606
0.11364
0.113673
0.113704
0.113733
0.113761
0.113787
0.113812
0.113837
0.11386
0.113882
0.113904
0.113926
0.113946
0.113995
0.112584
0.112093
0.112126
0.112163
0.112224
0.112298
0.11238
0.112467
0.112554
0.112641
0.112726
0.112809
0.112888
0.112965
0.113037
0.113106
0.113171
0.113232
0.11329
0.113344
0.113395
0.113443
0.113488
0.113529
0.113569
0.113606
0.11364
0.113673
0.113704
0.113733
0.113761
0.113787
0.113812
0.113836
0.11386
0.113882
0.113904
0.113926
0.113946
0.113995
0.112584
0.112094
0.112126
0.112164
0.112224
0.112299
0.112381
0.112467
0.112555
0.112641
0.112727
0.112809
0.112889
0.112965
0.113038
0.113106
0.113171
0.113233
0.11329
0.113345
0.113396
0.113443
0.113488
0.11353
0.113569
0.113606
0.113641
0.113673
0.113704
0.113733
0.113761
0.113787
0.113813
0.113837
0.11386
0.113883
0.113905
0.113926
0.113947
0.113996
0.112587
0.112096
0.112128
0.112166
0.112227
0.112301
0.112383
0.112469
0.112557
0.112644
0.112729
0.112811
0.112891
0.112967
0.11304
0.113108
0.113173
0.113235
0.113292
0.113347
0.113398
0.113445
0.11349
0.113532
0.113571
0.113608
0.113643
0.113675
0.113706
0.113735
0.113763
0.113789
0.113814
0.113839
0.113862
0.113885
0.113906
0.113928
0.113948
0.113997
0.112596
0.112104
0.112137
0.112174
0.112235
0.112309
0.112391
0.112477
0.112565
0.112652
0.112737
0.11282
0.112899
0.112975
0.113048
0.113116
0.113181
0.113243
0.1133
0.113355
0.113405
0.113453
0.113498
0.113539
0.113579
0.113615
0.11365
0.113683
0.113713
0.113742
0.11377
0.113796
0.113821
0.113845
0.113869
0.113891
0.113913
0.113934
0.113955
0.114004
0.112628
0.112134
0.112166
0.112204
0.112265
0.112339
0.112421
0.112507
0.112594
0.112681
0.112766
0.112849
0.112928
0.113004
0.113077
0.113146
0.11321
0.113271
0.113329
0.113383
0.113434
0.113481
0.113525
0.113567
0.113606
0.113643
0.113677
0.113709
0.11374
0.113769
0.113796
0.113822
0.113847
0.113871
0.113894
0.113916
0.113938
0.113959
0.113979
0.114027
0.112743
0.112243
0.112276
0.112313
0.112374
0.112448
0.11253
0.112616
0.112704
0.112791
0.112876
0.112959
0.113038
0.113114
0.113187
0.113255
0.11332
0.113382
0.113439
0.113493
0.113544
0.113591
0.113636
0.113678
0.113717
0.113753
0.113788
0.11382
0.113851
0.11388
0.113908
0.113934
0.113959
0.113983
0.114006
0.114028
0.11405
0.114071
0.114092
0.114141
0.113157
0.112657
0.112691
0.11273
0.112793
0.112869
0.112954
0.113042
0.113132
0.113221
0.113309
0.113395
0.113477
0.113557
0.113632
0.113705
0.113773
0.113838
0.1139
0.113958
0.114014
0.114066
0.114115
0.114161
0.114206
0.114247
0.114287
0.114325
0.114361
0.114395
0.114428
0.11446
0.11449
0.11452
0.114549
0.114577
0.114605
0.114632
0.114658
0.114712
0.114778
0.114441
0.114483
0.11453
0.114601
0.114686
0.11478
0.114878
0.114979
0.115079
0.115179
0.115278
0.115373
0.115467
0.115557
0.115645
0.115729
0.11581
0.115889
0.115964
0.116037
0.116107
0.116175
0.11624
0.116303
0.116364
0.116423
0.11648
0.116536
0.11659
0.116642
0.116694
0.116744
0.116793
0.116841
0.116889
0.116936
0.116982
0.117028
0.117101
0.112084
0.111589
0.111624
0.111663
0.111726
0.111803
0.11189
0.111981
0.112074
0.112168
0.112262
0.112354
0.112444
0.112532
0.112616
0.112697
0.112776
0.11285
0.112922
0.11299
0.113054
0.113116
0.113174
0.113229
0.11328
0.113329
0.113375
0.113419
0.11346
0.113499
0.113536
0.11357
0.113603
0.113635
0.113664
0.113693
0.11372
0.113746
0.113771
0.113836
0.112184
0.111701
0.111734
0.111773
0.111834
0.11191
0.111994
0.112084
0.112176
0.112268
0.11236
0.11245
0.112539
0.112625
0.112707
0.112787
0.112864
0.112937
0.113008
0.113074
0.113138
0.113198
0.113254
0.113308
0.113359
0.113407
0.113452
0.113494
0.113535
0.113573
0.113608
0.113642
0.113674
0.113705
0.113734
0.113762
0.113788
0.113814
0.113838
0.113902
0.11222
0.111736
0.11177
0.111808
0.111869
0.111945
0.11203
0.112119
0.112211
0.112304
0.112396
0.112486
0.112574
0.11266
0.112743
0.112823
0.1129
0.112973
0.113043
0.113109
0.113173
0.113233
0.113289
0.113343
0.113394
0.113441
0.113487
0.113529
0.113569
0.113607
0.113643
0.113676
0.113708
0.113739
0.113768
0.113795
0.113822
0.113847
0.113871
0.113935
0.112227
0.111743
0.111777
0.111815
0.111877
0.111953
0.112037
0.112127
0.112219
0.112312
0.112404
0.112494
0.112582
0.112668
0.112751
0.112831
0.112908
0.112981
0.113052
0.113118
0.113182
0.113242
0.113298
0.113352
0.113403
0.113451
0.113496
0.113538
0.113578
0.113616
0.113652
0.113686
0.113718
0.113748
0.113777
0.113805
0.113831
0.113857
0.11388
0.113944
0.112228
0.111744
0.111778
0.111816
0.111878
0.111954
0.112039
0.112128
0.11222
0.112313
0.112405
0.112495
0.112584
0.11267
0.112753
0.112833
0.112909
0.112983
0.113053
0.11312
0.113183
0.113243
0.1133
0.113354
0.113404
0.113452
0.113497
0.11354
0.11358
0.113618
0.113654
0.113687
0.113719
0.11375
0.113779
0.113807
0.113833
0.113858
0.113882
0.113946
0.112228
0.111744
0.111778
0.111816
0.111878
0.111954
0.112038
0.112128
0.11222
0.112313
0.112405
0.112495
0.112584
0.112669
0.112753
0.112833
0.112909
0.112983
0.113053
0.11312
0.113183
0.113243
0.1133
0.113353
0.113404
0.113452
0.113497
0.11354
0.11358
0.113618
0.113654
0.113687
0.113719
0.11375
0.113779
0.113807
0.113833
0.113859
0.113882
0.113946
0.112228
0.111744
0.111777
0.111816
0.111877
0.111953
0.112038
0.112128
0.11222
0.112312
0.112404
0.112495
0.112583
0.112669
0.112752
0.112832
0.112909
0.112983
0.113053
0.113119
0.113183
0.113243
0.1133
0.113353
0.113404
0.113452
0.113497
0.11354
0.11358
0.113618
0.113653
0.113687
0.113719
0.11375
0.113779
0.113806
0.113833
0.113858
0.113882
0.113946
0.112228
0.111744
0.111777
0.111816
0.111877
0.111953
0.112038
0.112128
0.11222
0.112312
0.112404
0.112495
0.112583
0.112669
0.112752
0.112832
0.112909
0.112982
0.113052
0.113119
0.113182
0.113243
0.113299
0.113353
0.113404
0.113452
0.113497
0.113539
0.11358
0.113617
0.113653
0.113687
0.113719
0.11375
0.113779
0.113806
0.113833
0.113858
0.113882
0.113946
0.112227
0.111744
0.111777
0.111816
0.111877
0.111953
0.112038
0.112128
0.11222
0.112312
0.112404
0.112495
0.112583
0.112669
0.112752
0.112832
0.112909
0.112982
0.113052
0.113119
0.113182
0.113242
0.113299
0.113353
0.113404
0.113452
0.113497
0.113539
0.113579
0.113617
0.113653
0.113687
0.113719
0.11375
0.113779
0.113806
0.113833
0.113858
0.113882
0.113946
0.112227
0.111744
0.111777
0.111816
0.111877
0.111953
0.112038
0.112128
0.11222
0.112312
0.112404
0.112495
0.112583
0.112669
0.112752
0.112832
0.112909
0.112982
0.113052
0.113119
0.113182
0.113243
0.113299
0.113353
0.113404
0.113452
0.113497
0.113539
0.113579
0.113617
0.113653
0.113687
0.113719
0.11375
0.113779
0.113806
0.113833
0.113858
0.113882
0.113946
0.112228
0.111744
0.111777
0.111816
0.111877
0.111953
0.112038
0.112128
0.11222
0.112312
0.112404
0.112495
0.112583
0.112669
0.112752
0.112832
0.112909
0.112982
0.113052
0.113119
0.113183
0.113243
0.113299
0.113353
0.113404
0.113452
0.113497
0.113539
0.11358
0.113617
0.113653
0.113687
0.113719
0.11375
0.113779
0.113806
0.113833
0.113858
0.113882
0.113946
0.112228
0.111744
0.111777
0.111816
0.111877
0.111953
0.112038
0.112128
0.11222
0.112312
0.112404
0.112495
0.112583
0.112669
0.112752
0.112832
0.112909
0.112982
0.113053
0.113119
0.113183
0.113243
0.113299
0.113353
0.113404
0.113452
0.113497
0.113539
0.11358
0.113617
0.113653
0.113687
0.113719
0.11375
0.113779
0.113806
0.113833
0.113858
0.113882
0.113946
0.112228
0.111744
0.111777
0.111816
0.111877
0.111953
0.112038
0.112128
0.11222
0.112312
0.112404
0.112495
0.112583
0.112669
0.112752
0.112832
0.112909
0.112983
0.113053
0.113119
0.113183
0.113243
0.1133
0.113353
0.113404
0.113452
0.113497
0.11354
0.11358
0.113618
0.113653
0.113687
0.113719
0.11375
0.113779
0.113806
0.113833
0.113858
0.113882
0.113946
0.112228
0.111744
0.111777
0.111816
0.111877
0.111953
0.112038
0.112128
0.11222
0.112312
0.112404
0.112495
0.112583
0.112669
0.112752
0.112832
0.112909
0.112983
0.113053
0.113119
0.113183
0.113243
0.1133
0.113353
0.113404
0.113452
0.113497
0.11354
0.11358
0.113618
0.113653
0.113687
0.113719
0.11375
0.113779
0.113806
0.113833
0.113858
0.113882
0.113946
0.112228
0.111744
0.111777
0.111816
0.111877
0.111953
0.112038
0.112128
0.11222
0.112312
0.112404
0.112495
0.112583
0.112669
0.112752
0.112832
0.112909
0.112983
0.113053
0.113119
0.113183
0.113243
0.1133
0.113353
0.113404
0.113452
0.113497
0.11354
0.11358
0.113618
0.113653
0.113687
0.113719
0.11375
0.113779
0.113806
0.113833
0.113858
0.113882
0.113946
0.112228
0.111744
0.111777
0.111816
0.111877
0.111953
0.112038
0.112128
0.11222
0.112312
0.112404
0.112495
0.112583
0.112669
0.112752
0.112832
0.112909
0.112983
0.113053
0.113119
0.113183
0.113243
0.1133
0.113353
0.113404
0.113452
0.113497
0.113539
0.11358
0.113618
0.113653
0.113687
0.113719
0.11375
0.113779
0.113806
0.113833
0.113858
0.113882
0.113946
0.112228
0.111744
0.111777
0.111816
0.111877
0.111953
0.112038
0.112128
0.11222
0.112312
0.112404
0.112495
0.112583
0.112669
0.112752
0.112832
0.112909
0.112982
0.113053
0.113119
0.113183
0.113243
0.113299
0.113353
0.113404
0.113452
0.113497
0.113539
0.11358
0.113618
0.113653
0.113687
0.113719
0.11375
0.113779
0.113806
0.113833
0.113858
0.113882
0.113946
0.112228
0.111744
0.111777
0.111816
0.111877
0.111953
0.112038
0.112128
0.11222
0.112312
0.112404
0.112495
0.112583
0.112669
0.112752
0.112832
0.112909
0.112982
0.113053
0.113119
0.113183
0.113243
0.113299
0.113353
0.113404
0.113452
0.113497
0.113539
0.11358
0.113617
0.113653
0.113687
0.113719
0.11375
0.113779
0.113806
0.113833
0.113858
0.113882
0.113946
0.112228
0.111744
0.111777
0.111816
0.111877
0.111953
0.112038
0.112128
0.11222
0.112312
0.112404
0.112495
0.112583
0.112669
0.112752
0.112832
0.112909
0.112982
0.113053
0.113119
0.113183
0.113243
0.113299
0.113353
0.113404
0.113452
0.113497
0.113539
0.11358
0.113617
0.113653
0.113687
0.113719
0.11375
0.113779
0.113806
0.113833
0.113858
0.113882
0.113946
0.112228
0.111744
0.111777
0.111816
0.111877
0.111953
0.112038
0.112128
0.11222
0.112312
0.112404
0.112495
0.112583
0.112669
0.112752
0.112832
0.112909
0.112982
0.113053
0.113119
0.113183
0.113243
0.113299
0.113353
0.113404
0.113452
0.113497
0.113539
0.11358
0.113617
0.113653
0.113687
0.113719
0.11375
0.113779
0.113806
0.113833
0.113858
0.113882
0.113946
0.112228
0.111744
0.111777
0.111816
0.111877
0.111953
0.112038
0.112128
0.11222
0.112312
0.112404
0.112495
0.112583
0.112669
0.112752
0.112832
0.112909
0.112982
0.113053
0.113119
0.113183
0.113243
0.113299
0.113353
0.113404
0.113452
0.113497
0.113539
0.11358
0.113617
0.113653
0.113687
0.113719
0.11375
0.113779
0.113806
0.113833
0.113858
0.113882
0.113946
0.112228
0.111744
0.111777
0.111816
0.111877
0.111953
0.112038
0.112128
0.11222
0.112312
0.112404
0.112495
0.112583
0.112669
0.112752
0.112832
0.112909
0.112983
0.113053
0.113119
0.113183
0.113243
0.1133
0.113353
0.113404
0.113452
0.113497
0.11354
0.11358
0.113618
0.113653
0.113687
0.113719
0.11375
0.113779
0.113806
0.113833
0.113858
0.113882
0.113946
0.112228
0.111744
0.111777
0.111816
0.111877
0.111953
0.112038
0.112128
0.11222
0.112312
0.112404
0.112495
0.112583
0.112669
0.112752
0.112832
0.112909
0.112983
0.113053
0.113119
0.113183
0.113243
0.1133
0.113353
0.113404
0.113452
0.113497
0.11354
0.11358
0.113618
0.113653
0.113687
0.113719
0.11375
0.113779
0.113807
0.113833
0.113859
0.113882
0.113946
0.112228
0.111744
0.111777
0.111816
0.111877
0.111953
0.112038
0.112128
0.11222
0.112313
0.112405
0.112495
0.112583
0.112669
0.112752
0.112832
0.112909
0.112983
0.113053
0.113119
0.113183
0.113243
0.1133
0.113353
0.113404
0.113452
0.113497
0.11354
0.11358
0.113618
0.113654
0.113687
0.113719
0.11375
0.113779
0.113807
0.113833
0.113859
0.113882
0.113946
0.112228
0.111744
0.111777
0.111816
0.111877
0.111953
0.112038
0.112128
0.11222
0.112313
0.112405
0.112495
0.112583
0.112669
0.112752
0.112832
0.112909
0.112983
0.113053
0.113119
0.113183
0.113243
0.1133
0.113353
0.113404
0.113452
0.113497
0.11354
0.11358
0.113618
0.113654
0.113687
0.113719
0.11375
0.113779
0.113807
0.113833
0.113859
0.113882
0.113946
0.112228
0.111744
0.111777
0.111816
0.111877
0.111953
0.112038
0.112128
0.11222
0.112313
0.112405
0.112495
0.112583
0.112669
0.112752
0.112832
0.112909
0.112983
0.113053
0.113119
0.113183
0.113243
0.1133
0.113353
0.113404
0.113452
0.113497
0.11354
0.11358
0.113618
0.113653
0.113687
0.113719
0.11375
0.113779
0.113807
0.113833
0.113859
0.113882
0.113946
0.112228
0.111744
0.111777
0.111816
0.111877
0.111953
0.112038
0.112128
0.11222
0.112312
0.112404
0.112495
0.112583
0.112669
0.112752
0.112832
0.112909
0.112983
0.113053
0.113119
0.113183
0.113243
0.1133
0.113353
0.113404
0.113452
0.113497
0.11354
0.11358
0.113618
0.113653
0.113687
0.113719
0.11375
0.113779
0.113807
0.113833
0.113859
0.113882
0.113946
0.112228
0.111744
0.111777
0.111816
0.111877
0.111953
0.112038
0.112128
0.11222
0.112312
0.112404
0.112495
0.112583
0.112669
0.112752
0.112832
0.112909
0.112983
0.113053
0.113119
0.113183
0.113243
0.1133
0.113353
0.113404
0.113452
0.113497
0.11354
0.11358
0.113618
0.113653
0.113687
0.113719
0.11375
0.113779
0.113807
0.113833
0.113859
0.113883
0.113946
0.112228
0.111744
0.111777
0.111816
0.111877
0.111953
0.112038
0.112128
0.11222
0.112312
0.112404
0.112495
0.112583
0.112669
0.112752
0.112832
0.112909
0.112983
0.113053
0.113119
0.113183
0.113243
0.1133
0.113353
0.113404
0.113452
0.113497
0.11354
0.11358
0.113618
0.113653
0.113687
0.113719
0.11375
0.113779
0.113807
0.113833
0.113859
0.113882
0.113946
0.112228
0.111744
0.111777
0.111816
0.111877
0.111953
0.112038
0.112128
0.11222
0.112312
0.112404
0.112495
0.112583
0.112669
0.112752
0.112832
0.112909
0.112983
0.113053
0.113119
0.113183
0.113243
0.1133
0.113353
0.113404
0.113452
0.113497
0.11354
0.11358
0.113618
0.113653
0.113687
0.113719
0.11375
0.113779
0.113807
0.113833
0.113859
0.113882
0.113946
0.112228
0.111744
0.111777
0.111816
0.111877
0.111953
0.112038
0.112128
0.11222
0.112312
0.112404
0.112495
0.112583
0.112669
0.112752
0.112832
0.112909
0.112983
0.113053
0.113119
0.113183
0.113243
0.1133
0.113353
0.113404
0.113452
0.113497
0.11354
0.11358
0.113618
0.113654
0.113687
0.11372
0.11375
0.113779
0.113807
0.113833
0.113859
0.113883
0.113946
0.112228
0.111744
0.111777
0.111816
0.111877
0.111953
0.112038
0.112128
0.11222
0.112312
0.112404
0.112495
0.112583
0.112669
0.112752
0.112832
0.112909
0.112983
0.113053
0.113119
0.113183
0.113243
0.1133
0.113353
0.113404
0.113452
0.113497
0.11354
0.11358
0.113618
0.113654
0.113687
0.11372
0.11375
0.113779
0.113807
0.113833
0.113859
0.113883
0.113946
0.112228
0.111744
0.111778
0.111816
0.111877
0.111954
0.112038
0.112128
0.11222
0.112313
0.112405
0.112495
0.112583
0.112669
0.112752
0.112832
0.112909
0.112983
0.113053
0.113119
0.113183
0.113243
0.1133
0.113353
0.113404
0.113452
0.113497
0.11354
0.11358
0.113618
0.113653
0.113687
0.113719
0.11375
0.113779
0.113807
0.113833
0.113859
0.113882
0.113946
0.112228
0.111744
0.111778
0.111816
0.111878
0.111954
0.112039
0.112128
0.11222
0.112313
0.112405
0.112495
0.112584
0.11267
0.112753
0.112833
0.11291
0.112983
0.113053
0.11312
0.113183
0.113243
0.1133
0.113354
0.113404
0.113452
0.113497
0.11354
0.11358
0.113618
0.113654
0.113688
0.11372
0.11375
0.113779
0.113807
0.113833
0.113859
0.113883
0.113946
0.112231
0.111746
0.11178
0.111818
0.11188
0.111956
0.112041
0.11213
0.112222
0.112315
0.112407
0.112497
0.112586
0.112672
0.112755
0.112835
0.112912
0.112985
0.113055
0.113122
0.113185
0.113245
0.113302
0.113356
0.113406
0.113454
0.113499
0.113542
0.113582
0.11362
0.113655
0.113689
0.113721
0.113752
0.113781
0.113808
0.113835
0.11386
0.113884
0.113948
0.112239
0.111754
0.111788
0.111826
0.111888
0.111964
0.112048
0.112138
0.11223
0.112323
0.112415
0.112505
0.112593
0.112679
0.112762
0.112842
0.112919
0.112992
0.113063
0.113129
0.113192
0.113252
0.113309
0.113363
0.113414
0.113461
0.113506
0.113549
0.113589
0.113627
0.113662
0.113696
0.113728
0.113759
0.113788
0.113815
0.113842
0.113867
0.113891
0.113954
0.11227
0.111783
0.111816
0.111854
0.111916
0.111992
0.112077
0.112166
0.112258
0.112351
0.112443
0.112533
0.112621
0.112707
0.11279
0.11287
0.112947
0.11302
0.11309
0.113157
0.11322
0.11328
0.113336
0.11339
0.11344
0.113488
0.113533
0.113575
0.113615
0.113653
0.113688
0.113722
0.113753
0.113784
0.113812
0.11384
0.113866
0.113891
0.113914
0.113978
0.112385
0.111892
0.111925
0.111963
0.112025
0.112101
0.112186
0.112275
0.112368
0.11246
0.112552
0.112643
0.112731
0.112817
0.1129
0.11298
0.113057
0.11313
0.1132
0.113267
0.11333
0.11339
0.113447
0.1135
0.113551
0.113599
0.113644
0.113686
0.113726
0.113764
0.1138
0.113833
0.113865
0.113896
0.113924
0.113952
0.113978
0.114004
0.114027
0.114091
0.112824
0.112329
0.112364
0.112404
0.112468
0.112546
0.112632
0.112724
0.112819
0.112913
0.113008
0.113101
0.113192
0.11328
0.113366
0.113449
0.113529
0.113606
0.113679
0.113749
0.113816
0.11388
0.113941
0.113998
0.114053
0.114105
0.114155
0.114202
0.114246
0.114289
0.114329
0.114368
0.114405
0.11444
0.114474
0.114507
0.114539
0.114569
0.114598
0.114667
0.114539
0.114205
0.114247
0.114295
0.114366
0.114453
0.114549
0.11465
0.114754
0.114859
0.114964
0.115067
0.11517
0.11527
0.115368
0.115463
0.115556
0.115646
0.115733
0.115817
0.115899
0.115978
0.116054
0.116127
0.116198
0.116266
0.116332
0.116396
0.116457
0.116517
0.116575
0.116631
0.116685
0.116738
0.11679
0.11684
0.11689
0.116938
0.116985
0.11707
0.111721
0.111234
0.11127
0.11131
0.111374
0.111452
0.11154
0.111633
0.111728
0.111825
0.111922
0.112018
0.112113
0.112205
0.112296
0.112385
0.11247
0.112553
0.112634
0.112711
0.112785
0.112857
0.112925
0.11299
0.113053
0.113112
0.113169
0.113223
0.113274
0.113323
0.113369
0.113413
0.113455
0.113495
0.113533
0.113569
0.113603
0.113636
0.113667
0.113753
0.111824
0.111349
0.111384
0.111423
0.111485
0.111562
0.111648
0.111739
0.111833
0.111928
0.112023
0.112117
0.11221
0.112301
0.11239
0.112477
0.112561
0.112643
0.112721
0.112797
0.11287
0.11294
0.113007
0.113072
0.113133
0.113191
0.113247
0.1133
0.11335
0.113398
0.113443
0.113486
0.113527
0.113566
0.113603
0.113639
0.113672
0.113704
0.113734
0.113818
0.11186
0.111385
0.111419
0.111458
0.11152
0.111597
0.111683
0.111774
0.111868
0.111963
0.112058
0.112153
0.112246
0.112337
0.112426
0.112513
0.112597
0.112678
0.112757
0.112833
0.112906
0.112976
0.113043
0.113107
0.113168
0.113226
0.113282
0.113334
0.113385
0.113432
0.113478
0.113521
0.113561
0.1136
0.113637
0.113672
0.113706
0.113738
0.113768
0.113851
0.111868
0.111392
0.111426
0.111465
0.111528
0.111605
0.111691
0.111782
0.111876
0.111971
0.112066
0.112161
0.112254
0.112345
0.112434
0.112521
0.112605
0.112687
0.112766
0.112841
0.112914
0.112984
0.113052
0.113116
0.113177
0.113235
0.113291
0.113344
0.113394
0.113441
0.113487
0.11353
0.113571
0.11361
0.113647
0.113682
0.113715
0.113747
0.113777
0.113861
0.111869
0.111393
0.111427
0.111466
0.111529
0.111606
0.111692
0.111783
0.111877
0.111972
0.112067
0.112162
0.112255
0.112346
0.112435
0.112522
0.112606
0.112688
0.112767
0.112843
0.112916
0.112986
0.113053
0.113117
0.113178
0.113237
0.113292
0.113345
0.113395
0.113443
0.113488
0.113531
0.113572
0.113611
0.113648
0.113683
0.113717
0.113749
0.113779
0.113863
0.111868
0.111392
0.111427
0.111466
0.111528
0.111605
0.111691
0.111783
0.111877
0.111972
0.112067
0.112162
0.112255
0.112346
0.112435
0.112522
0.112606
0.112688
0.112767
0.112843
0.112916
0.112986
0.113053
0.113117
0.113178
0.113237
0.113292
0.113345
0.113395
0.113443
0.113488
0.113531
0.113572
0.113611
0.113648
0.113684
0.113717
0.113749
0.113779
0.113863
0.111868
0.111392
0.111427
0.111466
0.111528
0.111605
0.111691
0.111782
0.111877
0.111972
0.112067
0.112161
0.112254
0.112346
0.112435
0.112522
0.112606
0.112688
0.112767
0.112842
0.112915
0.112986
0.113053
0.113117
0.113178
0.113236
0.113292
0.113345
0.113395
0.113443
0.113488
0.113531
0.113572
0.113611
0.113648
0.113683
0.113717
0.113749
0.113779
0.113863
0.111868
0.111392
0.111427
0.111466
0.111528
0.111605
0.111691
0.111782
0.111876
0.111972
0.112067
0.112161
0.112254
0.112346
0.112435
0.112522
0.112606
0.112688
0.112766
0.112842
0.112915
0.112985
0.113052
0.113117
0.113178
0.113236
0.113292
0.113345
0.113395
0.113443
0.113488
0.113531
0.113572
0.113611
0.113648
0.113683
0.113717
0.113749
0.113779
0.113863
0.111868
0.111392
0.111427
0.111466
0.111528
0.111605
0.111691
0.111782
0.111876
0.111972
0.112067
0.112161
0.112254
0.112346
0.112435
0.112522
0.112606
0.112688
0.112766
0.112842
0.112915
0.112985
0.113052
0.113117
0.113178
0.113236
0.113292
0.113345
0.113395
0.113443
0.113488
0.113531
0.113572
0.113611
0.113648
0.113683
0.113717
0.113749
0.113779
0.113862
0.111868
0.111392
0.111427
0.111466
0.111528
0.111605
0.111691
0.111782
0.111876
0.111972
0.112067
0.112161
0.112254
0.112346
0.112435
0.112522
0.112606
0.112688
0.112766
0.112842
0.112915
0.112985
0.113052
0.113117
0.113178
0.113236
0.113292
0.113345
0.113395
0.113443
0.113488
0.113531
0.113572
0.113611
0.113648
0.113683
0.113717
0.113749
0.113779
0.113863
0.111868
0.111392
0.111427
0.111466
0.111528
0.111605
0.111691
0.111782
0.111876
0.111972
0.112067
0.112161
0.112254
0.112346
0.112435
0.112522
0.112606
0.112688
0.112766
0.112842
0.112915
0.112985
0.113053
0.113117
0.113178
0.113236
0.113292
0.113345
0.113395
0.113443
0.113488
0.113531
0.113572
0.113611
0.113648
0.113683
0.113717
0.113749
0.113779
0.113863
0.111868
0.111392
0.111427
0.111466
0.111528
0.111605
0.111691
0.111782
0.111877
0.111972
0.112067
0.112161
0.112254
0.112346
0.112435
0.112522
0.112606
0.112688
0.112767
0.112842
0.112915
0.112986
0.113053
0.113117
0.113178
0.113236
0.113292
0.113345
0.113395
0.113443
0.113488
0.113531
0.113572
0.113611
0.113648
0.113683
0.113717
0.113749
0.113779
0.113863
0.111868
0.111392
0.111427
0.111466
0.111528
0.111605
0.111691
0.111782
0.111877
0.111972
0.112067
0.112161
0.112254
0.112346
0.112435
0.112522
0.112606
0.112688
0.112767
0.112843
0.112916
0.112986
0.113053
0.113117
0.113178
0.113236
0.113292
0.113345
0.113395
0.113443
0.113488
0.113531
0.113572
0.113611
0.113648
0.113683
0.113717
0.113749
0.113779
0.113863
0.111868
0.111392
0.111427
0.111466
0.111528
0.111605
0.111691
0.111783
0.111877
0.111972
0.112067
0.112161
0.112255
0.112346
0.112435
0.112522
0.112606
0.112688
0.112767
0.112843
0.112916
0.112986
0.113053
0.113117
0.113178
0.113236
0.113292
0.113345
0.113395
0.113443
0.113488
0.113531
0.113572
0.113611
0.113648
0.113683
0.113717
0.113749
0.113779
0.113863
0.111868
0.111392
0.111427
0.111466
0.111528
0.111605
0.111691
0.111783
0.111877
0.111972
0.112067
0.112161
0.112255
0.112346
0.112435
0.112522
0.112606
0.112688
0.112767
0.112843
0.112916
0.112986
0.113053
0.113117
0.113178
0.113236
0.113292
0.113345
0.113395
0.113443
0.113488
0.113531
0.113572
0.113611
0.113648
0.113683
0.113717
0.113749
0.113779
0.113863
0.111868
0.111392
0.111427
0.111466
0.111528
0.111605
0.111691
0.111783
0.111877
0.111972
0.112067
0.112161
0.112255
0.112346
0.112435
0.112522
0.112606
0.112688
0.112767
0.112843
0.112916
0.112986
0.113053
0.113117
0.113178
0.113236
0.113292
0.113345
0.113395
0.113443
0.113488
0.113531
0.113572
0.113611
0.113648
0.113683
0.113717
0.113749
0.113779
0.113863
0.111868
0.111392
0.111427
0.111466
0.111528
0.111605
0.111691
0.111782
0.111877
0.111972
0.112067
0.112161
0.112254
0.112346
0.112435
0.112522
0.112606
0.112688
0.112767
0.112842
0.112915
0.112986
0.113053
0.113117
0.113178
0.113236
0.113292
0.113345
0.113395
0.113443
0.113488
0.113531
0.113572
0.113611
0.113648
0.113683
0.113717
0.113749
0.113779
0.113863
0.111868
0.111392
0.111427
0.111466
0.111528
0.111605
0.111691
0.111782
0.111877
0.111972
0.112067
0.112161
0.112254
0.112346
0.112435
0.112522
0.112606
0.112688
0.112767
0.112842
0.112915
0.112985
0.113053
0.113117
0.113178
0.113236
0.113292
0.113345
0.113395
0.113443
0.113488
0.113531
0.113572
0.113611
0.113648
0.113683
0.113717
0.113749
0.113779
0.113863
0.111868
0.111392
0.111427
0.111466
0.111528
0.111605
0.111691
0.111782
0.111877
0.111972
0.112067
0.112161
0.112254
0.112346
0.112435
0.112522
0.112606
0.112688
0.112767
0.112842
0.112915
0.112985
0.113053
0.113117
0.113178
0.113236
0.113292
0.113345
0.113395
0.113443
0.113488
0.113531
0.113572
0.113611
0.113648
0.113683
0.113717
0.113749
0.113779
0.113863
0.111868
0.111392
0.111427
0.111466
0.111528
0.111605
0.111691
0.111782
0.111877
0.111972
0.112067
0.112161
0.112254
0.112346
0.112435
0.112522
0.112606
0.112688
0.112767
0.112842
0.112915
0.112985
0.113053
0.113117
0.113178
0.113236
0.113292
0.113345
0.113395
0.113443
0.113488
0.113531
0.113572
0.113611
0.113648
0.113683
0.113717
0.113749
0.113779
0.113863
0.111868
0.111392
0.111427
0.111466
0.111528
0.111605
0.111691
0.111782
0.111877
0.111972
0.112067
0.112161
0.112254
0.112346
0.112435
0.112522
0.112606
0.112688
0.112767
0.112842
0.112915
0.112986
0.113053
0.113117
0.113178
0.113236
0.113292
0.113345
0.113395
0.113443
0.113488
0.113531
0.113572
0.113611
0.113648
0.113683
0.113717
0.113749
0.113779
0.113863
0.111868
0.111392
0.111427
0.111466
0.111528
0.111605
0.111691
0.111783
0.111877
0.111972
0.112067
0.112161
0.112255
0.112346
0.112435
0.112522
0.112606
0.112688
0.112767
0.112843
0.112916
0.112986
0.113053
0.113117
0.113178
0.113236
0.113292
0.113345
0.113395
0.113443
0.113488
0.113531
0.113572
0.113611
0.113648
0.113683
0.113717
0.113749
0.113779
0.113863
0.111868
0.111392
0.111427
0.111466
0.111528
0.111605
0.111691
0.111783
0.111877
0.111972
0.112067
0.112161
0.112255
0.112346
0.112435
0.112522
0.112606
0.112688
0.112767
0.112843
0.112916
0.112986
0.113053
0.113117
0.113178
0.113236
0.113292
0.113345
0.113395
0.113443
0.113488
0.113531
0.113572
0.113611
0.113648
0.113683
0.113717
0.113749
0.113779
0.113863
0.111868
0.111392
0.111427
0.111466
0.111528
0.111605
0.111691
0.111783
0.111877
0.111972
0.112067
0.112162
0.112255
0.112346
0.112435
0.112522
0.112606
0.112688
0.112767
0.112843
0.112916
0.112986
0.113053
0.113117
0.113178
0.113237
0.113292
0.113345
0.113395
0.113443
0.113488
0.113531
0.113572
0.113611
0.113648
0.113684
0.113717
0.113749
0.113779
0.113863
0.111868
0.111392
0.111427
0.111466
0.111528
0.111605
0.111691
0.111783
0.111877
0.111972
0.112067
0.112162
0.112255
0.112346
0.112435
0.112522
0.112606
0.112688
0.112767
0.112843
0.112916
0.112986
0.113053
0.113117
0.113178
0.113237
0.113292
0.113345
0.113395
0.113443
0.113488
0.113531
0.113572
0.113611
0.113648
0.113684
0.113717
0.113749
0.113779
0.113863
0.111868
0.111392
0.111427
0.111466
0.111528
0.111605
0.111691
0.111783
0.111877
0.111972
0.112067
0.112162
0.112255
0.112346
0.112435
0.112522
0.112606
0.112688
0.112767
0.112843
0.112916
0.112986
0.113053
0.113117
0.113178
0.113237
0.113292
0.113345
0.113395
0.113443
0.113488
0.113531
0.113572
0.113611
0.113648
0.113684
0.113717
0.113749
0.113779
0.113863
0.111868
0.111392
0.111427
0.111466
0.111528
0.111605
0.111691
0.111783
0.111877
0.111972
0.112067
0.112162
0.112255
0.112346
0.112435
0.112522
0.112606
0.112688
0.112767
0.112843
0.112916
0.112986
0.113053
0.113117
0.113178
0.113237
0.113292
0.113345
0.113395
0.113443
0.113488
0.113531
0.113572
0.113611
0.113648
0.113684
0.113717
0.113749
0.113779
0.113863
0.111868
0.111392
0.111427
0.111466
0.111528
0.111605
0.111691
0.111783
0.111877
0.111972
0.112067
0.112161
0.112255
0.112346
0.112435
0.112522
0.112606
0.112688
0.112767
0.112843
0.112916
0.112986
0.113053
0.113117
0.113178
0.113236
0.113292
0.113345
0.113395
0.113443
0.113488
0.113531
0.113572
0.113611
0.113648
0.113684
0.113717
0.113749
0.113779
0.113863
0.111868
0.111392
0.111427
0.111466
0.111528
0.111605
0.111691
0.111783
0.111877
0.111972
0.112067
0.112161
0.112255
0.112346
0.112435
0.112522
0.112606
0.112688
0.112767
0.112843
0.112916
0.112986
0.113053
0.113117
0.113178
0.113236
0.113292
0.113345
0.113395
0.113443
0.113488
0.113531
0.113572
0.113611
0.113648
0.113683
0.113717
0.113749
0.113779
0.113863
0.111868
0.111392
0.111427
0.111466
0.111528
0.111605
0.111691
0.111783
0.111877
0.111972
0.112067
0.112161
0.112255
0.112346
0.112435
0.112522
0.112606
0.112688
0.112767
0.112843
0.112916
0.112986
0.113053
0.113117
0.113178
0.113236
0.113292
0.113345
0.113395
0.113443
0.113488
0.113531
0.113572
0.113611
0.113648
0.113683
0.113717
0.113749
0.113779
0.113863
0.111868
0.111392
0.111427
0.111466
0.111528
0.111605
0.111691
0.111783
0.111877
0.111972
0.112067
0.112161
0.112255
0.112346
0.112435
0.112522
0.112606
0.112688
0.112767
0.112843
0.112916
0.112986
0.113053
0.113117
0.113178
0.113236
0.113292
0.113345
0.113395
0.113443
0.113488
0.113531
0.113572
0.113611
0.113648
0.113684
0.113717
0.113749
0.113779
0.113863
0.111868
0.111392
0.111427
0.111466
0.111528
0.111605
0.111691
0.111783
0.111877
0.111972
0.112067
0.112161
0.112255
0.112346
0.112435
0.112522
0.112606
0.112688
0.112767
0.112843
0.112916
0.112986
0.113053
0.113117
0.113178
0.113237
0.113292
0.113345
0.113395
0.113443
0.113488
0.113531
0.113572
0.113611
0.113648
0.113684
0.113717
0.113749
0.113779
0.113863
0.111868
0.111392
0.111427
0.111466
0.111528
0.111605
0.111691
0.111783
0.111877
0.111972
0.112067
0.112162
0.112255
0.112346
0.112435
0.112522
0.112606
0.112688
0.112767
0.112843
0.112916
0.112986
0.113053
0.113117
0.113178
0.113237
0.113292
0.113345
0.113395
0.113443
0.113488
0.113531
0.113572
0.113611
0.113648
0.113683
0.113717
0.113749
0.113779
0.113863
0.111869
0.111393
0.111427
0.111466
0.111529
0.111606
0.111692
0.111783
0.111877
0.111972
0.112067
0.112162
0.112255
0.112346
0.112435
0.112522
0.112607
0.112688
0.112767
0.112843
0.112916
0.112986
0.113053
0.113117
0.113178
0.113237
0.113292
0.113345
0.113396
0.113443
0.113489
0.113532
0.113573
0.113611
0.113649
0.113684
0.113717
0.113749
0.113779
0.113863
0.111871
0.111394
0.111429
0.111468
0.11153
0.111607
0.111693
0.111785
0.111879
0.111974
0.112069
0.112164
0.112257
0.112348
0.112437
0.112524
0.112608
0.11269
0.112769
0.112845
0.112918
0.112988
0.113055
0.113119
0.11318
0.113239
0.113294
0.113347
0.113397
0.113445
0.11349
0.113533
0.113574
0.113613
0.11365
0.113685
0.113719
0.113751
0.113781
0.113865
0.111879
0.111402
0.111436
0.111475
0.111538
0.111615
0.111701
0.111792
0.111886
0.111981
0.112076
0.112171
0.112264
0.112355
0.112444
0.112531
0.112615
0.112697
0.112776
0.112852
0.112925
0.112995
0.113062
0.113126
0.113187
0.113245
0.113301
0.113354
0.113404
0.113452
0.113497
0.11354
0.113581
0.11362
0.113657
0.113692
0.113725
0.113757
0.113787
0.113871
0.111909
0.111429
0.111463
0.111502
0.111565
0.111641
0.111727
0.111819
0.111913
0.112008
0.112103
0.112197
0.11229
0.112382
0.112471
0.112558
0.112642
0.112723
0.112802
0.112878
0.112951
0.113021
0.113088
0.113152
0.113213
0.113271
0.113326
0.113379
0.113429
0.113477
0.113522
0.113565
0.113605
0.113644
0.113681
0.113716
0.113749
0.113781
0.11381
0.113894
0.112024
0.111538
0.111573
0.111612
0.111674
0.111751
0.111837
0.111928
0.112022
0.112117
0.112213
0.112307
0.1124
0.112492
0.112581
0.112668
0.112752
0.112833
0.112912
0.112988
0.113061
0.113131
0.113198
0.113262
0.113323
0.113382
0.113437
0.11349
0.11354
0.113588
0.113633
0.113676
0.113717
0.113756
0.113793
0.113828
0.113862
0.113894
0.113923
0.114007
0.112487
0.111998
0.112035
0.112075
0.11214
0.112219
0.112307
0.1124
0.112496
0.112594
0.112691
0.112788
0.112883
0.112977
0.113069
0.113158
0.113245
0.11333
0.113411
0.11349
0.113566
0.11364
0.11371
0.113778
0.113842
0.113904
0.113964
0.11402
0.114075
0.114126
0.114176
0.114223
0.114268
0.114312
0.114353
0.114393
0.114431
0.114468
0.114502
0.11459
0.114286
0.113956
0.114
0.114049
0.114121
0.114209
0.114306
0.114408
0.114514
0.114621
0.114728
0.114835
0.114941
0.115045
0.115148
0.115248
0.115346
0.115442
0.115536
0.115627
0.115715
0.115801
0.115884
0.115965
0.116043
0.116119
0.116192
0.116263
0.116332
0.116398
0.116463
0.116525
0.116585
0.116644
0.116701
0.116757
0.116811
0.116863
0.116914
0.117016
0.111353
0.110875
0.110913
0.110954
0.111018
0.111098
0.111186
0.11128
0.111377
0.111475
0.111574
0.111672
0.111769
0.111865
0.111959
0.112051
0.112141
0.112229
0.112314
0.112398
0.112479
0.112557
0.112633
0.112706
0.112776
0.112844
0.11291
0.112973
0.113033
0.113091
0.113146
0.113199
0.11325
0.113299
0.113346
0.11339
0.113433
0.113474
0.113512
0.113623
0.111459
0.110993
0.111029
0.111069
0.111132
0.11121
0.111297
0.111389
0.111484
0.111581
0.111677
0.111774
0.111869
0.111963
0.112055
0.112146
0.112234
0.112321
0.112405
0.112486
0.112566
0.112643
0.112717
0.112789
0.112858
0.112925
0.112989
0.113051
0.11311
0.113167
0.113222
0.113274
0.113324
0.113372
0.113417
0.113461
0.113503
0.113543
0.11358
0.113689
0.111496
0.111028
0.111065
0.111105
0.111168
0.111246
0.111333
0.111425
0.11152
0.111617
0.111713
0.11181
0.111905
0.111999
0.112091
0.112182
0.11227
0.112356
0.112441
0.112522
0.112602
0.112678
0.112753
0.112824
0.112894
0.11296
0.113024
0.113086
0.113145
0.113202
0.113256
0.113308
0.113358
0.113406
0.113451
0.113495
0.113537
0.113577
0.113614
0.113723
0.111503
0.111035
0.111072
0.111112
0.111175
0.111253
0.11134
0.111432
0.111528
0.111624
0.111721
0.111817
0.111913
0.112007
0.112099
0.11219
0.112278
0.112365
0.112449
0.112531
0.11261
0.112687
0.112761
0.112833
0.112903
0.112969
0.113033
0.113095
0.113154
0.113211
0.113265
0.113317
0.113367
0.113415
0.113461
0.113504
0.113546
0.113586
0.113623
0.113732
0.111504
0.111036
0.111073
0.111113
0.111176
0.111254
0.111341
0.111433
0.111529
0.111625
0.111722
0.111818
0.111914
0.112008
0.1121
0.112191
0.11228
0.112366
0.11245
0.112532
0.112611
0.112688
0.112763
0.112835
0.112904
0.112971
0.113035
0.113097
0.113156
0.113213
0.113267
0.113319
0.113369
0.113417
0.113462
0.113506
0.113548
0.113588
0.113625
0.113734
0.111503
0.111036
0.111072
0.111112
0.111176
0.111254
0.111341
0.111433
0.111528
0.111625
0.111722
0.111818
0.111914
0.112008
0.1121
0.112191
0.112279
0.112366
0.11245
0.112532
0.112611
0.112688
0.112763
0.112835
0.112904
0.112971
0.113035
0.113097
0.113156
0.113212
0.113267
0.113319
0.113369
0.113417
0.113462
0.113506
0.113548
0.113588
0.113625
0.113734
0.111503
0.111036
0.111072
0.111112
0.111175
0.111253
0.11134
0.111433
0.111528
0.111625
0.111722
0.111818
0.111914
0.112008
0.1121
0.112191
0.112279
0.112366
0.11245
0.112532
0.112611
0.112688
0.112762
0.112834
0.112904
0.11297
0.113035
0.113096
0.113155
0.113212
0.113267
0.113319
0.113369
0.113416
0.113462
0.113506
0.113548
0.113588
0.113625
0.113734
0.111503
0.111036
0.111072
0.111112
0.111175
0.111253
0.11134
0.111433
0.111528
0.111625
0.111722
0.111818
0.111913
0.112007
0.1121
0.112191
0.112279
0.112366
0.11245
0.112532
0.112611
0.112688
0.112762
0.112834
0.112904
0.11297
0.113034
0.113096
0.113155
0.113212
0.113267
0.113319
0.113369
0.113416
0.113462
0.113506
0.113548
0.113588
0.113625
0.113734
0.111503
0.111036
0.111072
0.111112
0.111175
0.111253
0.11134
0.111433
0.111528
0.111625
0.111721
0.111818
0.111913
0.112007
0.1121
0.11219
0.112279
0.112366
0.11245
0.112532
0.112611
0.112688
0.112762
0.112834
0.112903
0.11297
0.113034
0.113096
0.113155
0.113212
0.113266
0.113319
0.113368
0.113416
0.113462
0.113506
0.113548
0.113588
0.113625
0.113733
0.111503
0.111036
0.111072
0.111112
0.111175
0.111253
0.11134
0.111433
0.111528
0.111625
0.111722
0.111818
0.111913
0.112007
0.1121
0.112191
0.112279
0.112366
0.11245
0.112532
0.112611
0.112688
0.112762
0.112834
0.112904
0.11297
0.113034
0.113096
0.113155
0.113212
0.113267
0.113319
0.113369
0.113416
0.113462
0.113506
0.113548
0.113588
0.113625
0.113734
0.111503
0.111036
0.111072
0.111112
0.111175
0.111253
0.11134
0.111433
0.111528
0.111625
0.111722
0.111818
0.111913
0.112008
0.1121
0.112191
0.112279
0.112366
0.11245
0.112532
0.112611
0.112688
0.112762
0.112834
0.112904
0.11297
0.113034
0.113096
0.113155
0.113212
0.113267
0.113319
0.113369
0.113416
0.113462
0.113506
0.113548
0.113588
0.113625
0.113734
0.111503
0.111036
0.111072
0.111112
0.111175
0.111253
0.11134
0.111433
0.111528
0.111625
0.111722
0.111818
0.111913
0.112008
0.1121
0.112191
0.112279
0.112366
0.11245
0.112532
0.112611
0.112688
0.112762
0.112834
0.112904
0.11297
0.113035
0.113096
0.113155
0.113212
0.113267
0.113319
0.113369
0.113416
0.113462
0.113506
0.113548
0.113588
0.113625
0.113734
0.111503
0.111036
0.111072
0.111112
0.111175
0.111253
0.11134
0.111433
0.111528
0.111625
0.111722
0.111818
0.111914
0.112008
0.1121
0.112191
0.112279
0.112366
0.11245
0.112532
0.112611
0.112688
0.112762
0.112834
0.112904
0.11297
0.113035
0.113096
0.113155
0.113212
0.113267
0.113319
0.113369
0.113416
0.113462
0.113506
0.113548
0.113588
0.113625
0.113734
0.111503
0.111036
0.111072
0.111112
0.111175
0.111253
0.11134
0.111433
0.111528
0.111625
0.111722
0.111818
0.111914
0.112008
0.1121
0.112191
0.112279
0.112366
0.11245
0.112532
0.112611
0.112688
0.112763
0.112834
0.112904
0.11297
0.113035
0.113096
0.113156
0.113212
0.113267
0.113319
0.113369
0.113416
0.113462
0.113506
0.113548
0.113588
0.113625
0.113734
0.111503
0.111036
0.111072
0.111112
0.111175
0.111253
0.11134
0.111433
0.111528
0.111625
0.111722
0.111818
0.111914
0.112008
0.1121
0.112191
0.112279
0.112366
0.11245
0.112532
0.112611
0.112688
0.112763
0.112834
0.112904
0.11297
0.113035
0.113096
0.113156
0.113212
0.113267
0.113319
0.113369
0.113416
0.113462
0.113506
0.113548
0.113588
0.113625
0.113734
0.111503
0.111036
0.111072
0.111112
0.111175
0.111253
0.11134
0.111433
0.111528
0.111625
0.111722
0.111818
0.111914
0.112008
0.1121
0.112191
0.112279
0.112366
0.11245
0.112532
0.112611
0.112688
0.112763
0.112834
0.112904
0.11297
0.113035
0.113096
0.113155
0.113212
0.113267
0.113319
0.113369
0.113416
0.113462
0.113506
0.113548
0.113588
0.113625
0.113734
0.111503
0.111036
0.111072
0.111112
0.111175
0.111253
0.11134
0.111433
0.111528
0.111625
0.111722
0.111818
0.111914
0.112008
0.1121
0.112191
0.112279
0.112366
0.11245
0.112532
0.112611
0.112688
0.112762
0.112834
0.112904
0.11297
0.113035
0.113096
0.113155
0.113212
0.113267
0.113319
0.113369
0.113416
0.113462
0.113506
0.113548
0.113588
0.113625
0.113734
0.111503
0.111036
0.111072
0.111112
0.111175
0.111253
0.11134
0.111433
0.111528
0.111625
0.111722
0.111818
0.111914
0.112008
0.1121
0.112191
0.112279
0.112366
0.11245
0.112532
0.112611
0.112688
0.112762
0.112834
0.112904
0.11297
0.113035
0.113096
0.113155
0.113212
0.113267
0.113319
0.113369
0.113416
0.113462
0.113506
0.113548
0.113588
0.113625
0.113734
0.111503
0.111036
0.111072
0.111112
0.111175
0.111253
0.11134
0.111433
0.111528
0.111625
0.111722
0.111818
0.111914
0.112008
0.1121
0.112191
0.112279
0.112366
0.11245
0.112532
0.112611
0.112688
0.112762
0.112834
0.112904
0.11297
0.113035
0.113096
0.113155
0.113212
0.113267
0.113319
0.113369
0.113416
0.113462
0.113506
0.113548
0.113588
0.113625
0.113734
0.111503
0.111036
0.111072
0.111112
0.111175
0.111253
0.11134
0.111433
0.111528
0.111625
0.111722
0.111818
0.111914
0.112008
0.1121
0.112191
0.112279
0.112366
0.11245
0.112532
0.112611
0.112688
0.112762
0.112834
0.112904
0.11297
0.113035
0.113096
0.113155
0.113212
0.113267
0.113319
0.113369
0.113416
0.113462
0.113506
0.113548
0.113588
0.113625
0.113734
0.111503
0.111036
0.111072
0.111112
0.111175
0.111253
0.11134
0.111433
0.111528
0.111625
0.111722
0.111818
0.111914
0.112008
0.1121
0.112191
0.112279
0.112366
0.11245
0.112532
0.112611
0.112688
0.112762
0.112834
0.112904
0.11297
0.113035
0.113096
0.113155
0.113212
0.113267
0.113319
0.113369
0.113416
0.113462
0.113506
0.113548
0.113588
0.113625
0.113734
0.111503
0.111036
0.111072
0.111112
0.111175
0.111253
0.11134
0.111433
0.111528
0.111625
0.111722
0.111818
0.111914
0.112008
0.1121
0.112191
0.112279
0.112366
0.11245
0.112532
0.112611
0.112688
0.112763
0.112834
0.112904
0.11297
0.113035
0.113096
0.113155
0.113212
0.113267
0.113319
0.113369
0.113416
0.113462
0.113506
0.113548
0.113588
0.113625
0.113734
0.111503
0.111036
0.111072
0.111112
0.111175
0.111253
0.11134
0.111433
0.111528
0.111625
0.111722
0.111818
0.111914
0.112008
0.1121
0.112191
0.112279
0.112366
0.11245
0.112532
0.112611
0.112688
0.112763
0.112834
0.112904
0.11297
0.113035
0.113096
0.113156
0.113212
0.113267
0.113319
0.113369
0.113417
0.113462
0.113506
0.113548
0.113588
0.113625
0.113734
0.111503
0.111036
0.111072
0.111112
0.111175
0.111253
0.11134
0.111433
0.111528
0.111625
0.111722
0.111818
0.111914
0.112008
0.1121
0.112191
0.112279
0.112366
0.11245
0.112532
0.112611
0.112688
0.112763
0.112834
0.112904
0.112971
0.113035
0.113096
0.113156
0.113212
0.113267
0.113319
0.113369
0.113417
0.113462
0.113506
0.113548
0.113588
0.113625
0.113734
0.111503
0.111036
0.111072
0.111112
0.111175
0.111253
0.111341
0.111433
0.111528
0.111625
0.111722
0.111818
0.111914
0.112008
0.1121
0.112191
0.112279
0.112366
0.11245
0.112532
0.112611
0.112688
0.112763
0.112835
0.112904
0.112971
0.113035
0.113096
0.113156
0.113212
0.113267
0.113319
0.113369
0.113417
0.113462
0.113506
0.113548
0.113588
0.113625
0.113734
0.111503
0.111036
0.111072
0.111112
0.111175
0.111253
0.11134
0.111433
0.111528
0.111625
0.111722
0.111818
0.111914
0.112008
0.1121
0.112191
0.112279
0.112366
0.11245
0.112532
0.112611
0.112688
0.112763
0.112835
0.112904
0.112971
0.113035
0.113096
0.113156
0.113212
0.113267
0.113319
0.113369
0.113417
0.113462
0.113506
0.113548
0.113588
0.113625
0.113734
0.111503
0.111036
0.111072
0.111112
0.111175
0.111253
0.11134
0.111433
0.111528
0.111625
0.111722
0.111818
0.111914
0.112008
0.1121
0.112191
0.112279
0.112366
0.11245
0.112532
0.112611
0.112688
0.112763
0.112834
0.112904
0.112971
0.113035
0.113096
0.113156
0.113212
0.113267
0.113319
0.113369
0.113417
0.113462
0.113506
0.113548
0.113588
0.113625
0.113734
0.111503
0.111036
0.111072
0.111112
0.111175
0.111253
0.11134
0.111433
0.111528
0.111625
0.111722
0.111818
0.111914
0.112008
0.1121
0.112191
0.112279
0.112366
0.11245
0.112532
0.112611
0.112688
0.112763
0.112834
0.112904
0.11297
0.113035
0.113096
0.113156
0.113212
0.113267
0.113319
0.113369
0.113417
0.113462
0.113506
0.113548
0.113588
0.113625
0.113734
0.111503
0.111036
0.111072
0.111112
0.111175
0.111253
0.11134
0.111433
0.111528
0.111625
0.111722
0.111818
0.111914
0.112008
0.1121
0.112191
0.112279
0.112366
0.11245
0.112532
0.112611
0.112688
0.112763
0.112834
0.112904
0.11297
0.113035
0.113096
0.113156
0.113212
0.113267
0.113319
0.113369
0.113416
0.113462
0.113506
0.113548
0.113588
0.113625
0.113734
0.111503
0.111036
0.111072
0.111112
0.111175
0.111253
0.11134
0.111433
0.111528
0.111625
0.111722
0.111818
0.111914
0.112008
0.1121
0.112191
0.112279
0.112366
0.11245
0.112532
0.112611
0.112688
0.112763
0.112834
0.112904
0.11297
0.113035
0.113096
0.113156
0.113212
0.113267
0.113319
0.113369
0.113416
0.113462
0.113506
0.113548
0.113588
0.113625
0.113734
0.111503
0.111036
0.111072
0.111112
0.111175
0.111253
0.11134
0.111433
0.111528
0.111625
0.111722
0.111818
0.111914
0.112008
0.1121
0.112191
0.112279
0.112366
0.11245
0.112532
0.112611
0.112688
0.112763
0.112834
0.112904
0.11297
0.113035
0.113096
0.113156
0.113212
0.113267
0.113319
0.113369
0.113416
0.113462
0.113506
0.113548
0.113588
0.113625
0.113734
0.111503
0.111036
0.111072
0.111112
0.111175
0.111253
0.11134
0.111433
0.111528
0.111625
0.111722
0.111818
0.111914
0.112008
0.1121
0.112191
0.112279
0.112366
0.11245
0.112532
0.112611
0.112688
0.112763
0.112834
0.112904
0.11297
0.113035
0.113096
0.113156
0.113212
0.113267
0.113319
0.113369
0.113417
0.113462
0.113506
0.113548
0.113588
0.113625
0.113734
0.111503
0.111036
0.111072
0.111112
0.111175
0.111253
0.11134
0.111433
0.111528
0.111625
0.111722
0.111818
0.111914
0.112008
0.1121
0.112191
0.112279
0.112366
0.11245
0.112532
0.112611
0.112688
0.112763
0.112835
0.112904
0.112971
0.113035
0.113096
0.113156
0.113212
0.113267
0.113319
0.113369
0.113417
0.113462
0.113506
0.113548
0.113588
0.113625
0.113734
0.111504
0.111036
0.111073
0.111112
0.111176
0.111254
0.111341
0.111433
0.111528
0.111625
0.111722
0.111818
0.111914
0.112008
0.1121
0.112191
0.11228
0.112366
0.11245
0.112532
0.112612
0.112689
0.112763
0.112835
0.112904
0.112971
0.113035
0.113097
0.113156
0.113213
0.113267
0.113319
0.113369
0.113417
0.113463
0.113506
0.113548
0.113588
0.113626
0.113734
0.111506
0.111038
0.111074
0.111114
0.111177
0.111255
0.111342
0.111435
0.11153
0.111627
0.111724
0.11182
0.111916
0.11201
0.112102
0.112193
0.112281
0.112368
0.112452
0.112534
0.112613
0.11269
0.112765
0.112836
0.112906
0.112972
0.113037
0.113098
0.113158
0.113214
0.113269
0.113321
0.113371
0.113418
0.113464
0.113508
0.11355
0.11359
0.113627
0.113736
0.111513
0.111045
0.111081
0.111121
0.111184
0.111262
0.111349
0.111441
0.111537
0.111633
0.11173
0.111827
0.111922
0.112016
0.112109
0.112199
0.112288
0.112374
0.112459
0.11254
0.11262
0.112697
0.112771
0.112843
0.112912
0.112979
0.113043
0.113105
0.113164
0.113221
0.113275
0.113327
0.113377
0.113425
0.11347
0.113514
0.113556
0.113596
0.113633
0.113742
0.111541
0.11107
0.111107
0.111146
0.11121
0.111287
0.111374
0.111467
0.111562
0.111659
0.111756
0.111852
0.111947
0.112041
0.112134
0.112224
0.112313
0.112399
0.112483
0.112565
0.112644
0.112721
0.112796
0.112867
0.112937
0.113003
0.113067
0.113129
0.113188
0.113244
0.113299
0.113351
0.1134
0.113448
0.113493
0.113537
0.113579
0.113618
0.113655
0.113764
0.111658
0.11118
0.111216
0.111256
0.111319
0.111397
0.111484
0.111576
0.111672
0.111768
0.111865
0.111962
0.112057
0.112151
0.112244
0.112334
0.112423
0.11251
0.112594
0.112676
0.112755
0.112832
0.112906
0.112978
0.113047
0.113114
0.113178
0.11324
0.113299
0.113356
0.11341
0.113462
0.113512
0.11356
0.113606
0.113649
0.113691
0.113731
0.113768
0.113877
0.112144
0.111663
0.1117
0.111742
0.111807
0.111887
0.111976
0.112071
0.112168
0.112267
0.112366
0.112465
0.112563
0.112659
0.112754
0.112847
0.112938
0.113027
0.113114
0.113199
0.113281
0.11336
0.113438
0.113513
0.113585
0.113655
0.113722
0.113787
0.11385
0.11391
0.113968
0.114024
0.114078
0.114129
0.114179
0.114227
0.114273
0.114317
0.114358
0.11447
0.11402
0.113694
0.11374
0.113789
0.113863
0.113952
0.11405
0.114154
0.11426
0.114369
0.114478
0.114586
0.114694
0.114801
0.114906
0.115009
0.115111
0.11521
0.115308
0.115403
0.115496
0.115587
0.115676
0.115762
0.115846
0.115928
0.116008
0.116085
0.11616
0.116233
0.116304
0.116373
0.11644
0.116505
0.116568
0.116629
0.116689
0.116747
0.116803
0.116927
0.110978
0.110509
0.110549
0.110591
0.110657
0.110738
0.110827
0.110923
0.111021
0.11112
0.11122
0.111319
0.111418
0.111515
0.111611
0.111705
0.111798
0.111889
0.111977
0.112064
0.112149
0.112231
0.112312
0.11239
0.112466
0.11254
0.112612
0.112681
0.112748
0.112813
0.112876
0.112937
0.112995
0.113052
0.113107
0.113159
0.11321
0.113259
0.113305
0.113444
0.111087
0.11063
0.110669
0.110709
0.110774
0.110853
0.110941
0.111034
0.11113
0.111228
0.111326
0.111424
0.11152
0.111616
0.11171
0.111803
0.111894
0.111983
0.11207
0.112155
0.112238
0.11232
0.112399
0.112476
0.11255
0.112623
0.112693
0.112762
0.112828
0.112892
0.112953
0.113013
0.113071
0.113126
0.11318
0.113232
0.113282
0.11333
0.113374
0.113511
0.111123
0.110666
0.110704
0.110745
0.11081
0.110889
0.110977
0.11107
0.111167
0.111265
0.111363
0.11146
0.111557
0.111652
0.111747
0.111839
0.11193
0.112019
0.112106
0.112191
0.112275
0.112356
0.112435
0.112511
0.112586
0.112659
0.112729
0.112797
0.112863
0.112927
0.112988
0.113048
0.113105
0.113161
0.113214
0.113266
0.113316
0.113364
0.113408
0.113545
0.11113
0.110673
0.110711
0.110752
0.110817
0.110896
0.110984
0.111078
0.111174
0.111272
0.11137
0.111468
0.111565
0.11166
0.111755
0.111847
0.111938
0.112027
0.112115
0.1122
0.112283
0.112364
0.112443
0.11252
0.112595
0.112667
0.112738
0.112806
0.112872
0.112936
0.112997
0.113057
0.113115
0.11317
0.113224
0.113275
0.113325
0.113373
0.113417
0.113554
0.111131
0.110674
0.110712
0.110753
0.110818
0.110897
0.110985
0.111079
0.111175
0.111273
0.111371
0.111469
0.111566
0.111661
0.111756
0.111848
0.111939
0.112028
0.112116
0.112201
0.112284
0.112365
0.112444
0.112521
0.112596
0.112669
0.112739
0.112807
0.112873
0.112937
0.112999
0.113059
0.113116
0.113172
0.113225
0.113277
0.113327
0.113375
0.113419
0.113556
0.111131
0.110673
0.110712
0.110753
0.110817
0.110897
0.110985
0.111078
0.111175
0.111273
0.111371
0.111469
0.111566
0.111661
0.111756
0.111848
0.111939
0.112028
0.112116
0.112201
0.112284
0.112365
0.112444
0.112521
0.112596
0.112669
0.112739
0.112807
0.112873
0.112937
0.112999
0.113058
0.113116
0.113172
0.113225
0.113277
0.113327
0.113375
0.113419
0.113556
0.111131
0.110673
0.110712
0.110752
0.110817
0.110896
0.110985
0.111078
0.111175
0.111273
0.111371
0.111468
0.111565
0.111661
0.111755
0.111848
0.111939
0.112028
0.112115
0.112201
0.112284
0.112365
0.112444
0.112521
0.112596
0.112668
0.112739
0.112807
0.112873
0.112937
0.112999
0.113058
0.113116
0.113171
0.113225
0.113277
0.113326
0.113374
0.113419
0.113556
0.111131
0.110673
0.110711
0.110752
0.110817
0.110896
0.110984
0.111078
0.111175
0.111272
0.111371
0.111468
0.111565
0.111661
0.111755
0.111848
0.111939
0.112028
0.112115
0.112201
0.112284
0.112365
0.112444
0.112521
0.112596
0.112668
0.112739
0.112807
0.112873
0.112937
0.112998
0.113058
0.113116
0.113171
0.113225
0.113276
0.113326
0.113374
0.113419
0.113556
0.111131
0.110673
0.110711
0.110752
0.110817
0.110896
0.110984
0.111078
0.111175
0.111272
0.111371
0.111468
0.111565
0.111661
0.111755
0.111848
0.111939
0.112028
0.112115
0.112201
0.112284
0.112365
0.112444
0.112521
0.112596
0.112668
0.112739
0.112807
0.112873
0.112937
0.112998
0.113058
0.113116
0.113171
0.113225
0.113276
0.113326
0.113374
0.113419
0.113556
0.111131
0.110673
0.110711
0.110752
0.110817
0.110896
0.110984
0.111078
0.111175
0.111272
0.111371
0.111468
0.111565
0.111661
0.111755
0.111848
0.111939
0.112028
0.112115
0.112201
0.112284
0.112365
0.112444
0.112521
0.112596
0.112668
0.112739
0.112807
0.112873
0.112937
0.112998
0.113058
0.113116
0.113171
0.113225
0.113276
0.113326
0.113374
0.113419
0.113556
0.111131
0.110673
0.110711
0.110752
0.110817
0.110896
0.110984
0.111078
0.111175
0.111272
0.111371
0.111468
0.111565
0.111661
0.111755
0.111848
0.111939
0.112028
0.112115
0.112201
0.112284
0.112365
0.112444
0.112521
0.112596
0.112668
0.112739
0.112807
0.112873
0.112937
0.112998
0.113058
0.113116
0.113171
0.113225
0.113276
0.113326
0.113374
0.113419
0.113556
0.111131
0.110673
0.110711
0.110752
0.110817
0.110896
0.110985
0.111078
0.111175
0.111272
0.111371
0.111468
0.111565
0.111661
0.111755
0.111848
0.111939
0.112028
0.112115
0.112201
0.112284
0.112365
0.112444
0.112521
0.112596
0.112668
0.112739
0.112807
0.112873
0.112937
0.112999
0.113058
0.113116
0.113171
0.113225
0.113276
0.113326
0.113374
0.113419
0.113556
0.111131
0.110673
0.110711
0.110752
0.110817
0.110896
0.110985
0.111078
0.111175
0.111273
0.111371
0.111468
0.111565
0.111661
0.111755
0.111848
0.111939
0.112028
0.112115
0.112201
0.112284
0.112365
0.112444
0.112521
0.112596
0.112668
0.112739
0.112807
0.112873
0.112937
0.112999
0.113058
0.113116
0.113171
0.113225
0.113277
0.113326
0.113374
0.113419
0.113556
0.111131
0.110673
0.110711
0.110752
0.110817
0.110896
0.110985
0.111078
0.111175
0.111273
0.111371
0.111468
0.111565
0.111661
0.111755
0.111848
0.111939
0.112028
0.112115
0.112201
0.112284
0.112365
0.112444
0.112521
0.112596
0.112668
0.112739
0.112807
0.112873
0.112937
0.112999
0.113058
0.113116
0.113171
0.113225
0.113277
0.113326
0.113374
0.113419
0.113556
0.111131
0.110673
0.110712
0.110752
0.110817
0.110896
0.110985
0.111078
0.111175
0.111273
0.111371
0.111468
0.111565
0.111661
0.111755
0.111848
0.111939
0.112028
0.112115
0.112201
0.112284
0.112365
0.112444
0.112521
0.112596
0.112669
0.112739
0.112807
0.112873
0.112937
0.112999
0.113058
0.113116
0.113171
0.113225
0.113277
0.113326
0.113374
0.113419
0.113556
0.111131
0.110673
0.110711
0.110752
0.110817
0.110896
0.110985
0.111078
0.111175
0.111273
0.111371
0.111468
0.111565
0.111661
0.111755
0.111848
0.111939
0.112028
0.112115
0.112201
0.112284
0.112365
0.112444
0.112521
0.112596
0.112669
0.112739
0.112807
0.112873
0.112937
0.112999
0.113058
0.113116
0.113171
0.113225
0.113277
0.113326
0.113374
0.113419
0.113556
0.111131
0.110673
0.110711
0.110752
0.110817
0.110896
0.110985
0.111078
0.111175
0.111273
0.111371
0.111468
0.111565
0.111661
0.111755
0.111848
0.111939
0.112028
0.112115
0.112201
0.112284
0.112365
0.112444
0.112521
0.112596
0.112668
0.112739
0.112807
0.112873
0.112937
0.112999
0.113058
0.113116
0.113171
0.113225
0.113277
0.113326
0.113374
0.113419
0.113556
0.111131
0.110673
0.110711
0.110752
0.110817
0.110896
0.110985
0.111078
0.111175
0.111273
0.111371
0.111468
0.111565
0.111661
0.111755
0.111848
0.111939
0.112028
0.112115
0.112201
0.112284
0.112365
0.112444
0.112521
0.112596
0.112668
0.112739
0.112807
0.112873
0.112937
0.112999
0.113058
0.113116
0.113171
0.113225
0.113277
0.113326
0.113374
0.113419
0.113556
0.111131
0.110673
0.110711
0.110752
0.110817
0.110896
0.110985
0.111078
0.111175
0.111272
0.111371
0.111468
0.111565
0.111661
0.111755
0.111848
0.111939
0.112028
0.112115
0.112201
0.112284
0.112365
0.112444
0.112521
0.112596
0.112668
0.112739
0.112807
0.112873
0.112937
0.112999
0.113058
0.113116
0.113171
0.113225
0.113277
0.113326
0.113375
0.113419
0.113556
0.111131
0.110673
0.110711
0.110752
0.110817
0.110896
0.110985
0.111078
0.111175
0.111272
0.111371
0.111468
0.111565
0.111661
0.111755
0.111848
0.111939
0.112028
0.112115
0.112201
0.112284
0.112365
0.112444
0.112521
0.112596
0.112668
0.112739
0.112807
0.112873
0.112937
0.112999
0.113058
0.113116
0.113171
0.113225
0.113277
0.113326
0.113375
0.113419
0.113556
0.111131
0.110673
0.110711
0.110752
0.110817
0.110896
0.110985
0.111078
0.111175
0.111273
0.111371
0.111468
0.111565
0.111661
0.111755
0.111848
0.111939
0.112028
0.112115
0.112201
0.112284
0.112365
0.112444
0.112521
0.112596
0.112669
0.112739
0.112807
0.112873
0.112937
0.112999
0.113058
0.113116
0.113171
0.113225
0.113277
0.113327
0.113375
0.113419
0.113556
0.111131
0.110673
0.110711
0.110752
0.110817
0.110896
0.110985
0.111078
0.111175
0.111273
0.111371
0.111468
0.111565
0.111661
0.111755
0.111848
0.111939
0.112028
0.112115
0.112201
0.112284
0.112365
0.112444
0.112521
0.112596
0.112669
0.112739
0.112807
0.112873
0.112937
0.112999
0.113058
0.113116
0.113171
0.113225
0.113277
0.113327
0.113375
0.113419
0.113556
0.111131
0.110673
0.110712
0.110753
0.110817
0.110896
0.110985
0.111078
0.111175
0.111273
0.111371
0.111468
0.111565
0.111661
0.111755
0.111848
0.111939
0.112028
0.112115
0.112201
0.112284
0.112365
0.112444
0.112521
0.112596
0.112669
0.112739
0.112807
0.112873
0.112937
0.112999
0.113058
0.113116
0.113172
0.113225
0.113277
0.113327
0.113375
0.113419
0.113556
0.111131
0.110673
0.110712
0.110753
0.110817
0.110896
0.110985
0.111078
0.111175
0.111273
0.111371
0.111469
0.111565
0.111661
0.111755
0.111848
0.111939
0.112028
0.112115
0.112201
0.112284
0.112365
0.112444
0.112521
0.112596
0.112669
0.112739
0.112807
0.112873
0.112937
0.112999
0.113058
0.113116
0.113172
0.113225
0.113277
0.113327
0.113375
0.113419
0.113556
0.111131
0.110673
0.110712
0.110753
0.110817
0.110896
0.110985
0.111078
0.111175
0.111273
0.111371
0.111469
0.111565
0.111661
0.111755
0.111848
0.111939
0.112028
0.112115
0.112201
0.112284
0.112365
0.112444
0.112521
0.112596
0.112669
0.112739
0.112807
0.112873
0.112937
0.112999
0.113059
0.113116
0.113172
0.113225
0.113277
0.113327
0.113375
0.113419
0.113556
0.111131
0.110673
0.110712
0.110753
0.110817
0.110896
0.110985
0.111078
0.111175
0.111273
0.111371
0.111469
0.111565
0.111661
0.111755
0.111848
0.111939
0.112028
0.112115
0.112201
0.112284
0.112365
0.112444
0.112521
0.112596
0.112669
0.112739
0.112807
0.112873
0.112937
0.112999
0.113059
0.113116
0.113172
0.113225
0.113277
0.113327
0.113375
0.113419
0.113556
0.111131
0.110673
0.110712
0.110753
0.110817
0.110896
0.110985
0.111078
0.111175
0.111273
0.111371
0.111468
0.111565
0.111661
0.111755
0.111848
0.111939
0.112028
0.112115
0.112201
0.112284
0.112365
0.112444
0.112521
0.112596
0.112669
0.112739
0.112807
0.112873
0.112937
0.112999
0.113059
0.113116
0.113172
0.113225
0.113277
0.113327
0.113375
0.113419
0.113556
0.111131
0.110673
0.110712
0.110752
0.110817
0.110896
0.110985
0.111078
0.111175
0.111273
0.111371
0.111468
0.111565
0.111661
0.111755
0.111848
0.111939
0.112028
0.112115
0.112201
0.112284
0.112365
0.112444
0.112521
0.112596
0.112669
0.112739
0.112807
0.112873
0.112937
0.112999
0.113058
0.113116
0.113172
0.113225
0.113277
0.113327
0.113375
0.113419
0.113556
0.111131
0.110673
0.110711
0.110752
0.110817
0.110896
0.110985
0.111078
0.111175
0.111272
0.111371
0.111468
0.111565
0.111661
0.111755
0.111848
0.111939
0.112028
0.112115
0.112201
0.112284
0.112365
0.112444
0.112521
0.112596
0.112669
0.112739
0.112807
0.112873
0.112937
0.112999
0.113058
0.113116
0.113172
0.113225
0.113277
0.113327
0.113375
0.113419
0.113556
0.111131
0.110673
0.110712
0.110752
0.110817
0.110896
0.110985
0.111078
0.111175
0.111273
0.111371
0.111468
0.111565
0.111661
0.111755
0.111848
0.111939
0.112028
0.112115
0.112201
0.112284
0.112365
0.112444
0.112521
0.112596
0.112669
0.112739
0.112807
0.112873
0.112937
0.112999
0.113058
0.113116
0.113171
0.113225
0.113277
0.113326
0.113375
0.113419
0.113556
0.111131
0.110673
0.110712
0.110753
0.110817
0.110896
0.110985
0.111078
0.111175
0.111273
0.111371
0.111468
0.111565
0.111661
0.111755
0.111848
0.111939
0.112028
0.112115
0.112201
0.112284
0.112365
0.112444
0.112521
0.112596
0.112668
0.112739
0.112807
0.112873
0.112937
0.112999
0.113058
0.113116
0.113171
0.113225
0.113277
0.113326
0.113374
0.113419
0.113556
0.111131
0.110673
0.110712
0.110753
0.110817
0.110896
0.110985
0.111078
0.111175
0.111273
0.111371
0.111468
0.111565
0.111661
0.111755
0.111848
0.111939
0.112028
0.112115
0.112201
0.112284
0.112365
0.112444
0.112521
0.112596
0.112669
0.112739
0.112807
0.112873
0.112937
0.112999
0.113058
0.113116
0.113172
0.113225
0.113277
0.113327
0.113375
0.113419
0.113556
0.111131
0.110673
0.110712
0.110753
0.110817
0.110896
0.110985
0.111078
0.111175
0.111273
0.111371
0.111468
0.111565
0.111661
0.111755
0.111848
0.111939
0.112028
0.112115
0.112201
0.112284
0.112365
0.112444
0.112521
0.112596
0.112669
0.112739
0.112807
0.112873
0.112937
0.112999
0.113059
0.113116
0.113172
0.113225
0.113277
0.113327
0.113375
0.113419
0.113556
0.111131
0.110674
0.110712
0.110753
0.110817
0.110897
0.110985
0.111078
0.111175
0.111273
0.111371
0.111469
0.111566
0.111661
0.111756
0.111848
0.111939
0.112028
0.112116
0.112201
0.112284
0.112366
0.112445
0.112522
0.112596
0.112669
0.112739
0.112808
0.112874
0.112937
0.112999
0.113059
0.113116
0.113172
0.113225
0.113277
0.113327
0.113375
0.11342
0.113557
0.111133
0.110675
0.110713
0.110754
0.110819
0.110898
0.110986
0.11108
0.111176
0.111274
0.111372
0.11147
0.111567
0.111663
0.111757
0.11185
0.111941
0.11203
0.112117
0.112203
0.112286
0.112367
0.112446
0.112523
0.112598
0.11267
0.112741
0.112809
0.112875
0.112939
0.113001
0.11306
0.113118
0.113173
0.113227
0.113279
0.113328
0.113376
0.113421
0.113558
0.11114
0.110681
0.11072
0.110761
0.110825
0.110904
0.110993
0.111086
0.111183
0.11128
0.111379
0.111476
0.111573
0.111669
0.111763
0.111856
0.111947
0.112036
0.112123
0.112209
0.112292
0.112373
0.112452
0.112529
0.112604
0.112676
0.112747
0.112815
0.112881
0.112945
0.113006
0.113066
0.113124
0.113179
0.113233
0.113284
0.113334
0.113382
0.113427
0.113563
0.111167
0.110706
0.110744
0.110785
0.110849
0.110928
0.111017
0.11111
0.111207
0.111304
0.111403
0.1115
0.111597
0.111693
0.111787
0.11188
0.111971
0.11206
0.112147
0.112232
0.112315
0.112396
0.112475
0.112552
0.112627
0.112699
0.11277
0.112838
0.112904
0.112967
0.113029
0.113088
0.113146
0.113201
0.113255
0.113306
0.113356
0.113404
0.113448
0.113585
0.111284
0.110816
0.110854
0.110895
0.110959
0.111038
0.111127
0.11122
0.111317
0.111414
0.111513
0.11161
0.111707
0.111803
0.111897
0.11199
0.112081
0.11217
0.112257
0.112343
0.112426
0.112507
0.112586
0.112663
0.112738
0.112811
0.112881
0.112949
0.113015
0.113079
0.113141
0.113201
0.113258
0.113314
0.113367
0.113419
0.113469
0.113517
0.113561
0.113698
0.111793
0.111319
0.111359
0.111402
0.111468
0.111549
0.11164
0.111736
0.111834
0.111934
0.112035
0.112135
0.112234
0.112332
0.112429
0.112524
0.112617
0.112709
0.112799
0.112886
0.112972
0.113056
0.113138
0.113218
0.113295
0.113371
0.113444
0.113515
0.113584
0.113651
0.113716
0.113779
0.11384
0.113899
0.113956
0.114011
0.114064
0.114116
0.114164
0.114304
0.113736
0.113416
0.113464
0.113515
0.11359
0.11368
0.113779
0.113885
0.113993
0.114103
0.114213
0.114323
0.114432
0.11454
0.114647
0.114752
0.114856
0.114957
0.115057
0.115155
0.115252
0.115346
0.115438
0.115528
0.115617
0.115703
0.115787
0.115869
0.115949
0.116028
0.116104
0.116178
0.116251
0.116321
0.11639
0.116458
0.116523
0.116587
0.116648
0.116797
0.110593
0.110135
0.110177
0.110221
0.110288
0.110371
0.110462
0.110559
0.110658
0.110759
0.11086
0.110961
0.11106
0.111159
0.111256
0.111352
0.111446
0.111538
0.111629
0.111718
0.111805
0.11189
0.111973
0.112055
0.112134
0.112212
0.112287
0.112361
0.112433
0.112503
0.112571
0.112638
0.112702
0.112765
0.112826
0.112885
0.112942
0.112998
0.11305
0.113221
0.110705
0.110259
0.1103
0.110342
0.110408
0.110488
0.110578
0.110673
0.110771
0.11087
0.110969
0.111068
0.111166
0.111263
0.111358
0.111452
0.111544
0.111635
0.111724
0.111812
0.111897
0.111981
0.112063
0.112143
0.112221
0.112297
0.112372
0.112444
0.112515
0.112584
0.112651
0.112716
0.112779
0.112841
0.112901
0.112959
0.113016
0.11307
0.113121
0.113289
0.110742
0.110295
0.110336
0.110378
0.110444
0.110525
0.110615
0.11071
0.110807
0.110906
0.111006
0.111105
0.111203
0.111299
0.111395
0.111489
0.111581
0.111672
0.111761
0.111848
0.111934
0.112017
0.112099
0.112179
0.112257
0.112333
0.112408
0.11248
0.112551
0.112619
0.112686
0.112751
0.112815
0.112876
0.112936
0.112994
0.11305
0.113105
0.113156
0.113323
0.110749
0.110302
0.110343
0.110385
0.110451
0.110532
0.110622
0.110717
0.110815
0.110914
0.111013
0.111112
0.11121
0.111307
0.111403
0.111497
0.111589
0.11168
0.111769
0.111856
0.111942
0.112026
0.112107
0.112187
0.112266
0.112342
0.112416
0.112489
0.112559
0.112628
0.112695
0.11276
0.112824
0.112885
0.112945
0.113003
0.113059
0.113114
0.113165
0.113333
0.11075
0.110303
0.110344
0.110386
0.110452
0.110533
0.110623
0.110718
0.110816
0.110915
0.111014
0.111113
0.111211
0.111308
0.111404
0.111498
0.11159
0.111681
0.11177
0.111858
0.111943
0.112027
0.112109
0.112189
0.112267
0.112343
0.112418
0.11249
0.112561
0.11263
0.112697
0.112762
0.112825
0.112887
0.112946
0.113005
0.113061
0.113116
0.113167
0.113334
0.11075
0.110303
0.110343
0.110386
0.110452
0.110533
0.110622
0.110717
0.110815
0.110914
0.111014
0.111113
0.111211
0.111308
0.111404
0.111498
0.11159
0.111681
0.11177
0.111857
0.111943
0.112027
0.112109
0.112189
0.112267
0.112343
0.112418
0.11249
0.112561
0.11263
0.112697
0.112762
0.112825
0.112887
0.112946
0.113005
0.113061
0.113116
0.113167
0.113334
0.110749
0.110302
0.110343
0.110385
0.110451
0.110532
0.110622
0.110717
0.110815
0.110914
0.111014
0.111113
0.111211
0.111308
0.111403
0.111497
0.11159
0.111681
0.11177
0.111857
0.111943
0.112026
0.112108
0.112188
0.112267
0.112343
0.112417
0.11249
0.112561
0.112629
0.112696
0.112762
0.112825
0.112886
0.112946
0.113004
0.113061
0.113115
0.113166
0.113334
0.110749
0.110302
0.110343
0.110385
0.110451
0.110532
0.110622
0.110717
0.110815
0.110914
0.111014
0.111113
0.111211
0.111308
0.111403
0.111497
0.11159
0.111681
0.11177
0.111857
0.111943
0.112026
0.112108
0.112188
0.112266
0.112343
0.112417
0.11249
0.11256
0.112629
0.112696
0.112761
0.112825
0.112886
0.112946
0.113004
0.113061
0.113115
0.113166
0.113334
0.110749
0.110302
0.110343
0.110385
0.110451
0.110532
0.110622
0.110717
0.110815
0.110914
0.111013
0.111112
0.111211
0.111308
0.111403
0.111497
0.11159
0.111681
0.11177
0.111857
0.111943
0.112026
0.112108
0.112188
0.112266
0.112343
0.112417
0.11249
0.11256
0.112629
0.112696
0.112761
0.112825
0.112886
0.112946
0.113004
0.113061
0.113115
0.113166
0.113334
0.110749
0.110302
0.110343
0.110385
0.110451
0.110532
0.110622
0.110717
0.110815
0.110914
0.111013
0.111112
0.111211
0.111308
0.111403
0.111497
0.11159
0.111681
0.11177
0.111857
0.111943
0.112026
0.112108
0.112188
0.112266
0.112343
0.112417
0.11249
0.11256
0.112629
0.112696
0.112761
0.112825
0.112886
0.112946
0.113004
0.113061
0.113115
0.113166
0.113334
0.110749
0.110302
0.110343
0.110385
0.110451
0.110532
0.110622
0.110717
0.110815
0.110914
0.111014
0.111113
0.111211
0.111308
0.111403
0.111497
0.11159
0.111681
0.11177
0.111857
0.111943
0.112026
0.112108
0.112188
0.112266
0.112343
0.112417
0.11249
0.11256
0.112629
0.112696
0.112761
0.112825
0.112886
0.112946
0.113004
0.113061
0.113115
0.113166
0.113334
0.110749
0.110302
0.110343
0.110385
0.110451
0.110532
0.110622
0.110717
0.110815
0.110914
0.111014
0.111113
0.111211
0.111308
0.111403
0.111497
0.11159
0.111681
0.11177
0.111857
0.111943
0.112026
0.112108
0.112188
0.112267
0.112343
0.112417
0.11249
0.11256
0.112629
0.112696
0.112761
0.112825
0.112886
0.112946
0.113004
0.113061
0.113115
0.113166
0.113334
0.110749
0.110302
0.110343
0.110385
0.110451
0.110532
0.110622
0.110717
0.110815
0.110914
0.111014
0.111113
0.111211
0.111308
0.111403
0.111497
0.11159
0.111681
0.11177
0.111857
0.111943
0.112026
0.112108
0.112188
0.112267
0.112343
0.112417
0.11249
0.112561
0.112629
0.112696
0.112762
0.112825
0.112886
0.112946
0.113004
0.113061
0.113115
0.113166
0.113334
0.110749
0.110302
0.110343
0.110385
0.110451
0.110532
0.110622
0.110717
0.110815
0.110914
0.111014
0.111113
0.111211
0.111308
0.111403
0.111497
0.11159
0.111681
0.11177
0.111857
0.111943
0.112027
0.112108
0.112188
0.112267
0.112343
0.112417
0.11249
0.112561
0.112629
0.112696
0.112762
0.112825
0.112887
0.112946
0.113004
0.113061
0.113116
0.113166
0.113334
0.110749
0.110302
0.110343
0.110385
0.110451
0.110532
0.110622
0.110717
0.110815
0.110914
0.111014
0.111113
0.111211
0.111308
0.111403
0.111498
0.11159
0.111681
0.11177
0.111857
0.111943
0.112027
0.112108
0.112189
0.112267
0.112343
0.112417
0.11249
0.112561
0.112629
0.112696
0.112762
0.112825
0.112887
0.112946
0.113004
0.113061
0.113116
0.113166
0.113334
0.110749
0.110302
0.110343
0.110385
0.110451
0.110532
0.110622
0.110717
0.110815
0.110914
0.111014
0.111113
0.111211
0.111308
0.111403
0.111497
0.11159
0.111681
0.11177
0.111857
0.111943
0.112027
0.112108
0.112188
0.112267
0.112343
0.112417
0.11249
0.112561
0.112629
0.112696
0.112762
0.112825
0.112887
0.112946
0.113004
0.113061
0.113116
0.113166
0.113334
0.110749
0.110302
0.110343
0.110385
0.110451
0.110532
0.110622
0.110717
0.110815
0.110914
0.111014
0.111113
0.111211
0.111308
0.111403
0.111497
0.11159
0.111681
0.11177
0.111857
0.111943
0.112027
0.112108
0.112188
0.112267
0.112343
0.112417
0.11249
0.112561
0.112629
0.112696
0.112762
0.112825
0.112886
0.112946
0.113004
0.113061
0.113116
0.113166
0.113334
0.110749
0.110302
0.110343
0.110385
0.110451
0.110532
0.110622
0.110717
0.110815
0.110914
0.111014
0.111113
0.111211
0.111308
0.111403
0.111497
0.11159
0.111681
0.11177
0.111857
0.111943
0.112027
0.112108
0.112188
0.112267
0.112343
0.112417
0.11249
0.112561
0.112629
0.112696
0.112762
0.112825
0.112886
0.112946
0.113004
0.113061
0.113116
0.113166
0.113334
0.110749
0.110302
0.110343
0.110385
0.110451
0.110532
0.110622
0.110717
0.110815
0.110914
0.111014
0.111113
0.111211
0.111308
0.111403
0.111497
0.11159
0.111681
0.11177
0.111857
0.111943
0.112027
0.112108
0.112188
0.112267
0.112343
0.112417
0.11249
0.112561
0.112629
0.112696
0.112762
0.112825
0.112887
0.112946
0.113004
0.113061
0.113116
0.113166
0.113334
0.110749
0.110302
0.110343
0.110385
0.110451
0.110532
0.110622
0.110717
0.110815
0.110914
0.111014
0.111113
0.111211
0.111308
0.111403
0.111497
0.11159
0.111681
0.11177
0.111857
0.111943
0.112027
0.112108
0.112189
0.112267
0.112343
0.112417
0.11249
0.112561
0.11263
0.112697
0.112762
0.112825
0.112887
0.112946
0.113005
0.113061
0.113116
0.113167
0.113334
0.110749
0.110302
0.110343
0.110385
0.110451
0.110532
0.110622
0.110717
0.110815
0.110914
0.111014
0.111113
0.111211
0.111308
0.111403
0.111497
0.11159
0.111681
0.11177
0.111857
0.111943
0.112027
0.112108
0.112189
0.112267
0.112343
0.112417
0.11249
0.112561
0.11263
0.112697
0.112762
0.112825
0.112887
0.112946
0.113005
0.113061
0.113116
0.113167
0.113334
0.110749
0.110302
0.110343
0.110385
0.110451
0.110532
0.110622
0.110717
0.110815
0.110914
0.111014
0.111113
0.111211
0.111308
0.111403
0.111497
0.11159
0.111681
0.11177
0.111857
0.111943
0.112027
0.112108
0.112189
0.112267
0.112343
0.112418
0.11249
0.112561
0.11263
0.112697
0.112762
0.112825
0.112887
0.112946
0.113005
0.113061
0.113116
0.113167
0.113334
0.110749
0.110302
0.110343
0.110385
0.110451
0.110532
0.110622
0.110717
0.110815
0.110914
0.111014
0.111113
0.111211
0.111308
0.111403
0.111498
0.11159
0.111681
0.11177
0.111857
0.111943
0.112027
0.112109
0.112189
0.112267
0.112343
0.112418
0.11249
0.112561
0.11263
0.112697
0.112762
0.112825
0.112887
0.112946
0.113005
0.113061
0.113116
0.113167
0.113334
0.110749
0.110302
0.110343
0.110385
0.110451
0.110532
0.110622
0.110717
0.110815
0.110914
0.111014
0.111113
0.111211
0.111308
0.111403
0.111498
0.11159
0.111681
0.11177
0.111857
0.111943
0.112027
0.112109
0.112189
0.112267
0.112343
0.112418
0.11249
0.112561
0.11263
0.112697
0.112762
0.112825
0.112887
0.112946
0.113005
0.113061
0.113116
0.113167
0.113334
0.110749
0.110302
0.110343
0.110385
0.110452
0.110532
0.110622
0.110717
0.110815
0.110914
0.111014
0.111113
0.111211
0.111308
0.111403
0.111498
0.11159
0.111681
0.11177
0.111857
0.111943
0.112027
0.112109
0.112189
0.112267
0.112343
0.112418
0.11249
0.112561
0.11263
0.112697
0.112762
0.112825
0.112887
0.112947
0.113005
0.113061
0.113116
0.113167
0.113334
0.110749
0.110302
0.110343
0.110385
0.110451
0.110532
0.110622
0.110717
0.110815
0.110914
0.111014
0.111113
0.111211
0.111308
0.111403
0.111498
0.11159
0.111681
0.11177
0.111857
0.111943
0.112027
0.112109
0.112189
0.112267
0.112343
0.112418
0.11249
0.112561
0.11263
0.112697
0.112762
0.112825
0.112887
0.112947
0.113005
0.113061
0.113116
0.113167
0.113334
0.110749
0.110302
0.110343
0.110385
0.110451
0.110532
0.110622
0.110717
0.110815
0.110914
0.111014
0.111113
0.111211
0.111308
0.111403
0.111497
0.11159
0.111681
0.11177
0.111857
0.111943
0.112027
0.112108
0.112189
0.112267
0.112343
0.112418
0.11249
0.112561
0.11263
0.112697
0.112762
0.112825
0.112887
0.112947
0.113005
0.113061
0.113116
0.113167
0.113334
0.110749
0.110302
0.110343
0.110385
0.110451
0.110532
0.110622
0.110717
0.110815
0.110914
0.111014
0.111113
0.111211
0.111308
0.111403
0.111497
0.11159
0.111681
0.11177
0.111857
0.111943
0.112027
0.112108
0.112189
0.112267
0.112343
0.112417
0.11249
0.112561
0.11263
0.112697
0.112762
0.112825
0.112887
0.112947
0.113005
0.113061
0.113116
0.113167
0.113334
0.110749
0.110302
0.110343
0.110385
0.110451
0.110532
0.110622
0.110717
0.110815
0.110914
0.111014
0.111113
0.111211
0.111308
0.111403
0.111497
0.11159
0.111681
0.11177
0.111857
0.111943
0.112027
0.112108
0.112189
0.112267
0.112343
0.112418
0.11249
0.112561
0.11263
0.112697
0.112762
0.112825
0.112887
0.112947
0.113005
0.113061
0.113116
0.113167
0.113334
0.110749
0.110302
0.110343
0.110385
0.110451
0.110532
0.110622
0.110717
0.110815
0.110914
0.111014
0.111113
0.111211
0.111308
0.111403
0.111497
0.11159
0.111681
0.11177
0.111857
0.111943
0.112027
0.112108
0.112189
0.112267
0.112343
0.112417
0.11249
0.112561
0.11263
0.112697
0.112762
0.112825
0.112887
0.112946
0.113004
0.113061
0.113116
0.113167
0.113334
0.110749
0.110302
0.110343
0.110385
0.110451
0.110532
0.110622
0.110717
0.110815
0.110914
0.111014
0.111113
0.111211
0.111308
0.111403
0.111497
0.11159
0.111681
0.11177
0.111857
0.111943
0.112027
0.112108
0.112188
0.112267
0.112343
0.112417
0.11249
0.112561
0.11263
0.112696
0.112762
0.112825
0.112887
0.112946
0.113004
0.113061
0.113116
0.113167
0.113334
0.110749
0.110302
0.110343
0.110385
0.110451
0.110532
0.110622
0.110717
0.110815
0.110914
0.111014
0.111113
0.111211
0.111308
0.111403
0.111497
0.11159
0.111681
0.11177
0.111857
0.111943
0.112027
0.112108
0.112188
0.112267
0.112343
0.112417
0.11249
0.112561
0.11263
0.112697
0.112762
0.112825
0.112887
0.112946
0.113005
0.113061
0.113116
0.113167
0.113334
0.110749
0.110302
0.110343
0.110385
0.110451
0.110532
0.110622
0.110717
0.110815
0.110914
0.111014
0.111113
0.111211
0.111308
0.111403
0.111497
0.11159
0.111681
0.11177
0.111857
0.111943
0.112027
0.112108
0.112189
0.112267
0.112343
0.112417
0.11249
0.112561
0.11263
0.112697
0.112762
0.112825
0.112887
0.112946
0.113004
0.113061
0.113116
0.113167
0.113334
0.11075
0.110303
0.110343
0.110386
0.110452
0.110532
0.110622
0.110717
0.110815
0.110914
0.111014
0.111113
0.111211
0.111308
0.111404
0.111498
0.11159
0.111681
0.11177
0.111857
0.111943
0.112027
0.112109
0.112189
0.112267
0.112343
0.112418
0.11249
0.112561
0.11263
0.112697
0.112762
0.112825
0.112887
0.112947
0.113005
0.113061
0.113116
0.113167
0.113335
0.110751
0.110304
0.110345
0.110387
0.110453
0.110534
0.110624
0.110719
0.110817
0.110916
0.111015
0.111114
0.111212
0.111309
0.111405
0.111499
0.111592
0.111682
0.111771
0.111859
0.111944
0.112028
0.11211
0.11219
0.112268
0.112345
0.112419
0.112492
0.112562
0.112631
0.112698
0.112763
0.112827
0.112888
0.112948
0.113006
0.113062
0.113117
0.113168
0.113336
0.110758
0.11031
0.11035
0.110393
0.110459
0.11054
0.110629
0.110724
0.110822
0.110921
0.111021
0.11112
0.111218
0.111315
0.111411
0.111505
0.111597
0.111688
0.111777
0.111865
0.11195
0.112034
0.112116
0.112196
0.112274
0.11235
0.112425
0.112497
0.112568
0.112637
0.112704
0.112769
0.112832
0.112894
0.112953
0.113011
0.113068
0.113123
0.113173
0.113341
0.110784
0.110333
0.110373
0.110416
0.110482
0.110562
0.110652
0.110747
0.110845
0.110944
0.111044
0.111142
0.111241
0.111338
0.111433
0.111527
0.11162
0.11171
0.111799
0.111887
0.111972
0.112056
0.112138
0.112218
0.112296
0.112372
0.112446
0.112519
0.112589
0.112658
0.112725
0.11279
0.112853
0.112915
0.112974
0.113032
0.113089
0.113143
0.113194
0.113362
0.110901
0.110443
0.110484
0.110526
0.110592
0.110673
0.110762
0.110857
0.110955
0.111054
0.111154
0.111253
0.111351
0.111448
0.111544
0.111638
0.11173
0.111821
0.11191
0.111998
0.112083
0.112167
0.112249
0.112329
0.112407
0.112483
0.112558
0.11263
0.112701
0.11277
0.112837
0.112902
0.112966
0.113027
0.113087
0.113145
0.113202
0.113256
0.113307
0.113475
0.111431
0.110967
0.111009
0.111053
0.111121
0.111203
0.111295
0.111392
0.111493
0.111594
0.111696
0.111797
0.111897
0.111997
0.112095
0.112191
0.112286
0.112379
0.112471
0.112561
0.112649
0.112735
0.11282
0.112903
0.112983
0.113062
0.11314
0.113215
0.113288
0.11336
0.11343
0.113498
0.113565
0.113629
0.113692
0.113753
0.113813
0.113871
0.113925
0.114095
0.113434
0.11312
0.113171
0.113223
0.1133
0.113392
0.113493
0.1136
0.11371
0.113821
0.113933
0.114044
0.114155
0.114264
0.114372
0.114479
0.114584
0.114687
0.114789
0.114888
0.114987
0.115083
0.115177
0.11527
0.115361
0.11545
0.115538
0.115623
0.115707
0.115789
0.115869
0.115948
0.116025
0.1161
0.116174
0.116246
0.116316
0.116385
0.11645
0.116628
0.110196
0.109751
0.109796
0.109841
0.10991
0.109994
0.110088
0.110186
0.110287
0.11039
0.110492
0.110594
0.110696
0.110796
0.110894
0.110991
0.111086
0.11118
0.111272
0.111362
0.111451
0.111538
0.111623
0.111706
0.111788
0.111868
0.111946
0.112023
0.112098
0.112171
0.112243
0.112313
0.112381
0.112448
0.112514
0.112578
0.11264
0.112701
0.112758
0.112962
0.110312
0.109878
0.109921
0.109965
0.110033
0.110115
0.110207
0.110303
0.110403
0.110503
0.110604
0.110704
0.110804
0.110902
0.110999
0.111094
0.111188
0.11128
0.11137
0.111459
0.111546
0.111631
0.111715
0.111797
0.111877
0.111956
0.112033
0.112108
0.112182
0.112254
0.112325
0.112394
0.112461
0.112527
0.112591
0.112654
0.112716
0.112776
0.112831
0.113032
0.11035
0.109915
0.109958
0.110002
0.11007
0.110152
0.110244
0.11034
0.11044
0.11054
0.110641
0.110742
0.110841
0.110939
0.111036
0.111131
0.111225
0.111317
0.111407
0.111496
0.111583
0.111668
0.111752
0.111834
0.111914
0.111992
0.112069
0.112145
0.112218
0.11229
0.112361
0.112429
0.112497
0.112562
0.112627
0.112689
0.112751
0.11281
0.112866
0.113067
0.110357
0.109921
0.109965
0.110009
0.110076
0.110159
0.110251
0.110347
0.110447
0.110548
0.110649
0.110749
0.110849
0.110947
0.111044
0.111139
0.111233
0.111325
0.111415
0.111504
0.111591
0.111676
0.11176
0.111842
0.111922
0.112001
0.112078
0.112153
0.112227
0.112299
0.11237
0.112438
0.112506
0.112571
0.112636
0.112698
0.11276
0.11282
0.112875
0.113076
0.110357
0.109922
0.109965
0.110009
0.110077
0.11016
0.110251
0.110348
0.110448
0.110549
0.11065
0.11075
0.110849
0.110948
0.111045
0.11114
0.111234
0.111326
0.111416
0.111505
0.111592
0.111678
0.111761
0.111843
0.111924
0.112002
0.112079
0.112155
0.112228
0.1123
0.112371
0.11244
0.112507
0.112573
0.112637
0.1127
0.112761
0.112821
0.112877
0.113078
0.110357
0.109922
0.109965
0.110009
0.110077
0.110159
0.110251
0.110348
0.110448
0.110548
0.110649
0.11075
0.110849
0.110948
0.111044
0.11114
0.111234
0.111326
0.111416
0.111505
0.111592
0.111677
0.111761
0.111843
0.111923
0.112002
0.112079
0.112154
0.112228
0.1123
0.112371
0.11244
0.112507
0.112573
0.112637
0.1127
0.112761
0.112821
0.112877
0.113077
0.110357
0.109921
0.109965
0.110009
0.110076
0.110159
0.110251
0.110348
0.110447
0.110548
0.110649
0.110749
0.110849
0.110947
0.111044
0.11114
0.111233
0.111325
0.111416
0.111505
0.111592
0.111677
0.111761
0.111843
0.111923
0.112002
0.112079
0.112154
0.112228
0.1123
0.112371
0.11244
0.112507
0.112573
0.112637
0.1127
0.112761
0.112821
0.112877
0.113077
0.110357
0.109921
0.109964
0.110008
0.110076
0.110159
0.110251
0.110348
0.110447
0.110548
0.110649
0.110749
0.110849
0.110947
0.111044
0.111139
0.111233
0.111325
0.111416
0.111505
0.111592
0.111677
0.111761
0.111843
0.111923
0.112002
0.112079
0.112154
0.112228
0.1123
0.11237
0.112439
0.112507
0.112573
0.112637
0.1127
0.112761
0.112821
0.112877
0.113077
0.110356
0.109921
0.109964
0.110008
0.110076
0.110159
0.110251
0.110347
0.110447
0.110548
0.110649
0.110749
0.110849
0.110947
0.111044
0.111139
0.111233
0.111325
0.111416
0.111504
0.111592
0.111677
0.111761
0.111843
0.111923
0.112002
0.112079
0.112154
0.112228
0.1123
0.11237
0.112439
0.112507
0.112572
0.112637
0.1127
0.112761
0.112821
0.112876
0.113077
0.110356
0.109921
0.109964
0.110008
0.110076
0.110159
0.110251
0.110347
0.110447
0.110548
0.110649
0.110749
0.110849
0.110947
0.111044
0.111139
0.111233
0.111325
0.111416
0.111504
0.111592
0.111677
0.111761
0.111843
0.111923
0.112002
0.112079
0.112154
0.112228
0.1123
0.11237
0.112439
0.112507
0.112572
0.112637
0.1127
0.112761
0.112821
0.112876
0.113077
0.110357
0.109921
0.109964
0.110008
0.110076
0.110159
0.110251
0.110347
0.110447
0.110548
0.110649
0.110749
0.110849
0.110947
0.111044
0.111139
0.111233
0.111325
0.111416
0.111505
0.111592
0.111677
0.111761
0.111843
0.111923
0.112002
0.112079
0.112154
0.112228
0.1123
0.11237
0.112439
0.112507
0.112572
0.112637
0.1127
0.112761
0.112821
0.112876
0.113077
0.110357
0.109921
0.109964
0.110008
0.110076
0.110159
0.110251
0.110348
0.110447
0.110548
0.110649
0.110749
0.110849
0.110947
0.111044
0.111139
0.111233
0.111325
0.111416
0.111505
0.111592
0.111677
0.111761
0.111843
0.111923
0.112002
0.112079
0.112154
0.112228
0.1123
0.11237
0.112439
0.112507
0.112573
0.112637
0.1127
0.112761
0.112821
0.112876
0.113077
0.110357
0.109921
0.109965
0.110009
0.110076
0.110159
0.110251
0.110348
0.110447
0.110548
0.110649
0.110749
0.110849
0.110947
0.111044
0.111139
0.111233
0.111325
0.111416
0.111505
0.111592
0.111677
0.111761
0.111843
0.111923
0.112002
0.112079
0.112154
0.112228
0.1123
0.112371
0.112439
0.112507
0.112573
0.112637
0.1127
0.112761
0.112821
0.112877
0.113077
0.110357
0.109921
0.109965
0.110009
0.110076
0.110159
0.110251
0.110348
0.110447
0.110548
0.110649
0.110749
0.110849
0.110947
0.111044
0.11114
0.111233
0.111325
0.111416
0.111505
0.111592
0.111677
0.111761
0.111843
0.111923
0.112002
0.112079
0.112154
0.112228
0.1123
0.112371
0.11244
0.112507
0.112573
0.112637
0.1127
0.112761
0.112821
0.112877
0.113077
0.110357
0.109921
0.109965
0.110009
0.110076
0.110159
0.110251
0.110348
0.110447
0.110548
0.110649
0.110749
0.110849
0.110947
0.111044
0.11114
0.111233
0.111325
0.111416
0.111505
0.111592
0.111677
0.111761
0.111843
0.111923
0.112002
0.112079
0.112154
0.112228
0.1123
0.112371
0.11244
0.112507
0.112573
0.112637
0.1127
0.112761
0.112821
0.112877
0.113077
0.110357
0.109921
0.109965
0.110009
0.110076
0.110159
0.110251
0.110348
0.110447
0.110548
0.110649
0.110749
0.110849
0.110947
0.111044
0.11114
0.111233
0.111325
0.111416
0.111505
0.111592
0.111677
0.111761
0.111843
0.111923
0.112002
0.112079
0.112154
0.112228
0.1123
0.112371
0.11244
0.112507
0.112573
0.112637
0.1127
0.112761
0.112821
0.112877
0.113077
0.110357
0.109921
0.109965
0.110009
0.110076
0.110159
0.110251
0.110348
0.110447
0.110548
0.110649
0.110749
0.110849
0.110947
0.111044
0.11114
0.111233
0.111325
0.111416
0.111505
0.111592
0.111677
0.111761
0.111843
0.111923
0.112002
0.112079
0.112154
0.112228
0.1123
0.112371
0.11244
0.112507
0.112573
0.112637
0.1127
0.112761
0.112821
0.112877
0.113077
0.110357
0.109921
0.109965
0.110009
0.110076
0.110159
0.110251
0.110348
0.110447
0.110548
0.110649
0.110749
0.110849
0.110947
0.111044
0.111139
0.111233
0.111325
0.111416
0.111505
0.111592
0.111677
0.111761
0.111843
0.111923
0.112002
0.112079
0.112154
0.112228
0.1123
0.112371
0.11244
0.112507
0.112573
0.112637
0.1127
0.112761
0.112821
0.112877
0.113077
0.110357
0.109921
0.109964
0.110009
0.110076
0.110159
0.110251
0.110348
0.110447
0.110548
0.110649
0.110749
0.110849
0.110947
0.111044
0.111139
0.111233
0.111325
0.111416
0.111505
0.111592
0.111677
0.111761
0.111843
0.111923
0.112002
0.112079
0.112154
0.112228
0.1123
0.112371
0.11244
0.112507
0.112573
0.112637
0.1127
0.112761
0.112821
0.112877
0.113077
0.110357
0.109921
0.109965
0.110009
0.110076
0.110159
0.110251
0.110348
0.110447
0.110548
0.110649
0.110749
0.110849
0.110947
0.111044
0.111139
0.111233
0.111325
0.111416
0.111505
0.111592
0.111677
0.111761
0.111843
0.111923
0.112002
0.112079
0.112154
0.112228
0.1123
0.112371
0.11244
0.112507
0.112573
0.112637
0.1127
0.112761
0.112821
0.112877
0.113078
0.110357
0.109921
0.109965
0.110009
0.110076
0.110159
0.110251
0.110348
0.110447
0.110548
0.110649
0.110749
0.110849
0.110947
0.111044
0.11114
0.111233
0.111325
0.111416
0.111505
0.111592
0.111677
0.111761
0.111843
0.111923
0.112002
0.112079
0.112154
0.112228
0.1123
0.112371
0.11244
0.112507
0.112573
0.112637
0.1127
0.112761
0.112821
0.112877
0.113078
0.110357
0.109921
0.109965
0.110009
0.110076
0.110159
0.110251
0.110348
0.110447
0.110548
0.110649
0.110749
0.110849
0.110947
0.111044
0.11114
0.111233
0.111325
0.111416
0.111505
0.111592
0.111677
0.111761
0.111843
0.111923
0.112002
0.112079
0.112155
0.112228
0.1123
0.112371
0.11244
0.112507
0.112573
0.112637
0.1127
0.112761
0.112821
0.112877
0.113078
0.110357
0.109921
0.109965
0.110009
0.110077
0.110159
0.110251
0.110348
0.110447
0.110548
0.110649
0.11075
0.110849
0.110947
0.111044
0.11114
0.111233
0.111326
0.111416
0.111505
0.111592
0.111677
0.111761
0.111843
0.111923
0.112002
0.112079
0.112155
0.112228
0.1123
0.112371
0.11244
0.112507
0.112573
0.112637
0.1127
0.112761
0.112821
0.112877
0.113078
0.110357
0.109921
0.109965
0.110009
0.110077
0.110159
0.110251
0.110348
0.110447
0.110548
0.110649
0.11075
0.110849
0.110947
0.111044
0.11114
0.111233
0.111326
0.111416
0.111505
0.111592
0.111677
0.111761
0.111843
0.111923
0.112002
0.112079
0.112155
0.112228
0.1123
0.112371
0.11244
0.112507
0.112573
0.112637
0.1127
0.112761
0.112821
0.112877
0.113078
0.110357
0.109921
0.109965
0.110009
0.110077
0.110159
0.110251
0.110348
0.110447
0.110548
0.110649
0.11075
0.110849
0.110947
0.111044
0.11114
0.111233
0.111326
0.111416
0.111505
0.111592
0.111677
0.111761
0.111843
0.111923
0.112002
0.112079
0.112155
0.112228
0.1123
0.112371
0.11244
0.112507
0.112573
0.112637
0.1127
0.112761
0.112821
0.112877
0.113078
0.110357
0.109921
0.109965
0.110009
0.110077
0.110159
0.110251
0.110348
0.110447
0.110548
0.110649
0.11075
0.110849
0.110947
0.111044
0.11114
0.111233
0.111326
0.111416
0.111505
0.111592
0.111677
0.111761
0.111843
0.111923
0.112002
0.112079
0.112155
0.112228
0.1123
0.112371
0.11244
0.112507
0.112573
0.112637
0.1127
0.112761
0.112821
0.112877
0.113078
0.110357
0.109921
0.109965
0.110009
0.110077
0.110159
0.110251
0.110348
0.110447
0.110548
0.110649
0.110749
0.110849
0.110947
0.111044
0.11114
0.111233
0.111325
0.111416
0.111505
0.111592
0.111677
0.111761
0.111843
0.111923
0.112002
0.112079
0.112154
0.112228
0.1123
0.112371
0.11244
0.112507
0.112573
0.112637
0.1127
0.112761
0.112821
0.112877
0.113078
0.110357
0.109921
0.109965
0.110009
0.110076
0.110159
0.110251
0.110348
0.110447
0.110548
0.110649
0.110749
0.110849
0.110947
0.111044
0.111139
0.111233
0.111325
0.111416
0.111505
0.111592
0.111677
0.111761
0.111843
0.111923
0.112002
0.112079
0.112154
0.112228
0.1123
0.112371
0.11244
0.112507
0.112573
0.112637
0.1127
0.112761
0.112821
0.112877
0.113078
0.110357
0.109921
0.109965
0.110009
0.110076
0.110159
0.110251
0.110348
0.110447
0.110548
0.110649
0.110749
0.110849
0.110947
0.111044
0.111139
0.111233
0.111325
0.111416
0.111505
0.111592
0.111677
0.111761
0.111843
0.111923
0.112002
0.112079
0.112154
0.112228
0.1123
0.112371
0.11244
0.112507
0.112573
0.112637
0.1127
0.112761
0.112821
0.112877
0.113078
0.110357
0.109921
0.109965
0.110009
0.110076
0.110159
0.110251
0.110348
0.110447
0.110548
0.110649
0.110749
0.110849
0.110947
0.111044
0.111139
0.111233
0.111325
0.111416
0.111505
0.111592
0.111677
0.111761
0.111843
0.111923
0.112002
0.112079
0.112154
0.112228
0.1123
0.112371
0.11244
0.112507
0.112573
0.112637
0.1127
0.112761
0.112821
0.112877
0.113078
0.110357
0.109921
0.109965
0.110009
0.110076
0.110159
0.110251
0.110348
0.110447
0.110548
0.110649
0.110749
0.110849
0.110947
0.111044
0.11114
0.111233
0.111325
0.111416
0.111505
0.111592
0.111677
0.111761
0.111843
0.111923
0.112002
0.112079
0.112154
0.112228
0.1123
0.112371
0.11244
0.112507
0.112573
0.112637
0.1127
0.112761
0.112821
0.112877
0.113078
0.110357
0.109921
0.109965
0.110009
0.110076
0.110159
0.110251
0.110348
0.110447
0.110548
0.110649
0.110749
0.110849
0.110947
0.111044
0.111139
0.111233
0.111325
0.111416
0.111505
0.111592
0.111677
0.111761
0.111843
0.111923
0.112002
0.112079
0.112154
0.112228
0.1123
0.112371
0.11244
0.112507
0.112573
0.112637
0.1127
0.112761
0.112821
0.112877
0.113077
0.110357
0.109921
0.109965
0.110009
0.110076
0.110159
0.110251
0.110348
0.110447
0.110548
0.110649
0.110749
0.110849
0.110947
0.111044
0.111139
0.111233
0.111325
0.111416
0.111505
0.111592
0.111677
0.111761
0.111843
0.111923
0.112002
0.112079
0.112154
0.112228
0.1123
0.112371
0.11244
0.112507
0.112573
0.112637
0.1127
0.112761
0.112821
0.112877
0.113077
0.110357
0.109922
0.109965
0.110009
0.110077
0.110159
0.110251
0.110348
0.110447
0.110548
0.110649
0.11075
0.110849
0.110947
0.111044
0.11114
0.111233
0.111326
0.111416
0.111505
0.111592
0.111677
0.111761
0.111843
0.111924
0.112002
0.112079
0.112155
0.112228
0.1123
0.112371
0.11244
0.112507
0.112573
0.112637
0.1127
0.112762
0.112821
0.112877
0.113078
0.110359
0.109923
0.109966
0.11001
0.110078
0.110161
0.110252
0.110349
0.110449
0.110549
0.11065
0.110751
0.11085
0.110949
0.111046
0.111141
0.111235
0.111327
0.111417
0.111506
0.111593
0.111679
0.111762
0.111844
0.111925
0.112003
0.11208
0.112156
0.11223
0.112302
0.112372
0.112441
0.112508
0.112574
0.112639
0.112701
0.112763
0.112823
0.112878
0.113079
0.110365
0.109928
0.109971
0.110015
0.110083
0.110166
0.110258
0.110354
0.110454
0.110555
0.110656
0.110756
0.110856
0.110954
0.111051
0.111146
0.11124
0.111332
0.111423
0.111511
0.111598
0.111684
0.111768
0.11185
0.11193
0.112009
0.112086
0.112161
0.112235
0.112307
0.112377
0.112446
0.112514
0.112579
0.112644
0.112706
0.112768
0.112828
0.112883
0.113084
0.110389
0.10995
0.109993
0.110037
0.110105
0.110188
0.110279
0.110376
0.110475
0.110576
0.110677
0.110777
0.110877
0.110975
0.111072
0.111167
0.111261
0.111353
0.111443
0.111532
0.111619
0.111705
0.111788
0.11187
0.11195
0.112029
0.112106
0.112181
0.112255
0.112327
0.112397
0.112466
0.112533
0.112599
0.112663
0.112726
0.112787
0.112847
0.112903
0.113103
0.110508
0.110061
0.110104
0.110148
0.110215
0.110298
0.11039
0.110486
0.110586
0.110687
0.110788
0.110888
0.110988
0.111086
0.111183
0.111278
0.111372
0.111464
0.111555
0.111643
0.11173
0.111816
0.1119
0.111982
0.112062
0.112141
0.112218
0.112293
0.112367
0.112439
0.11251
0.112579
0.112646
0.112712
0.112776
0.112839
0.1129
0.11296
0.113016
0.113216
0.111057
0.110602
0.110646
0.110692
0.110762
0.110847
0.11094
0.111039
0.111141
0.111244
0.111347
0.11145
0.111552
0.111653
0.111752
0.11185
0.111946
0.112041
0.112134
0.112225
0.112314
0.112402
0.112489
0.112573
0.112656
0.112737
0.112817
0.112895
0.112971
0.113046
0.11312
0.113191
0.113262
0.11333
0.113397
0.113463
0.113527
0.11359
0.113649
0.11385
0.113111
0.112804
0.112858
0.112912
0.112991
0.113085
0.113188
0.113297
0.113409
0.113522
0.113635
0.113748
0.11386
0.113971
0.11408
0.114188
0.114295
0.114399
0.114502
0.114604
0.114703
0.114801
0.114897
0.114992
0.115084
0.115175
0.115265
0.115353
0.115439
0.115524
0.115607
0.115688
0.115768
0.115847
0.115924
0.116
0.116074
0.116147
0.116216
0.116423
0.109787
0.109354
0.109402
0.109449
0.10952
0.109607
0.109702
0.109803
0.109906
0.11001
0.110115
0.110219
0.110322
0.110423
0.110523
0.110621
0.110718
0.110813
0.110906
0.110998
0.111088
0.111176
0.111263
0.111347
0.111431
0.111512
0.111592
0.111671
0.111748
0.111824
0.111898
0.11197
0.112042
0.112111
0.11218
0.112247
0.112313
0.112378
0.112438
0.112678
0.109906
0.109484
0.109531
0.109576
0.109646
0.109731
0.109824
0.109923
0.110024
0.110127
0.110229
0.110331
0.110432
0.110532
0.11063
0.110727
0.110822
0.110915
0.111007
0.111097
0.111185
0.111272
0.111357
0.111441
0.111523
0.111603
0.111682
0.111759
0.111835
0.111909
0.111982
0.112054
0.112124
0.112192
0.11226
0.112326
0.112391
0.112455
0.112514
0.11275
0.109944
0.109521
0.109568
0.109614
0.109683
0.109768
0.109862
0.109961
0.110062
0.110165
0.110267
0.110369
0.11047
0.11057
0.110668
0.110765
0.11086
0.110953
0.111045
0.111135
0.111223
0.11131
0.111395
0.111478
0.11156
0.11164
0.111719
0.111796
0.111872
0.111946
0.112019
0.11209
0.11216
0.112228
0.112296
0.112362
0.112426
0.11249
0.112549
0.112785
0.109951
0.109528
0.109574
0.10962
0.10969
0.109775
0.109869
0.109968
0.110069
0.110172
0.110275
0.110377
0.110478
0.110578
0.110676
0.110773
0.110868
0.110961
0.111053
0.111143
0.111231
0.111318
0.111403
0.111486
0.111568
0.111649
0.111727
0.111805
0.11188
0.111955
0.112027
0.112099
0.112169
0.112237
0.112305
0.112371
0.112436
0.112499
0.112558
0.112794
0.109951
0.109528
0.109575
0.109621
0.109691
0.109775
0.109869
0.109968
0.11007
0.110173
0.110275
0.110377
0.110479
0.110578
0.110677
0.110773
0.110869
0.110962
0.111054
0.111144
0.111232
0.111319
0.111404
0.111488
0.111569
0.11165
0.111729
0.111806
0.111882
0.111956
0.112029
0.1121
0.11217
0.112239
0.112306
0.112372
0.112437
0.112501
0.11256
0.112796
0.109951
0.109528
0.109574
0.10962
0.10969
0.109775
0.109869
0.109968
0.11007
0.110172
0.110275
0.110377
0.110478
0.110578
0.110677
0.110773
0.110868
0.110962
0.111054
0.111144
0.111232
0.111319
0.111404
0.111487
0.111569
0.11165
0.111728
0.111806
0.111881
0.111956
0.112029
0.1121
0.11217
0.112239
0.112306
0.112372
0.112437
0.112501
0.112559
0.112795
0.109951
0.109528
0.109574
0.10962
0.10969
0.109775
0.109869
0.109968
0.110069
0.110172
0.110275
0.110377
0.110478
0.110578
0.110676
0.110773
0.110868
0.110962
0.111053
0.111143
0.111232
0.111319
0.111404
0.111487
0.111569
0.111649
0.111728
0.111805
0.111881
0.111956
0.112028
0.1121
0.11217
0.112239
0.112306
0.112372
0.112437
0.1125
0.112559
0.112795
0.109951
0.109528
0.109574
0.10962
0.10969
0.109775
0.109869
0.109968
0.110069
0.110172
0.110275
0.110377
0.110478
0.110578
0.110676
0.110773
0.110868
0.110961
0.111053
0.111143
0.111232
0.111318
0.111404
0.111487
0.111569
0.111649
0.111728
0.111805
0.111881
0.111955
0.112028
0.1121
0.11217
0.112238
0.112306
0.112372
0.112437
0.1125
0.112559
0.112795
0.109951
0.109528
0.109574
0.10962
0.10969
0.109775
0.109869
0.109967
0.110069
0.110172
0.110275
0.110377
0.110478
0.110578
0.110676
0.110773
0.110868
0.110961
0.111053
0.111143
0.111232
0.111318
0.111403
0.111487
0.111569
0.111649
0.111728
0.111805
0.111881
0.111955
0.112028
0.1121
0.11217
0.112238
0.112306
0.112372
0.112437
0.1125
0.112559
0.112795
0.109951
0.109528
0.109574
0.10962
0.10969
0.109775
0.109869
0.109967
0.110069
0.110172
0.110275
0.110377
0.110478
0.110578
0.110676
0.110773
0.110868
0.110961
0.111053
0.111143
0.111232
0.111318
0.111403
0.111487
0.111569
0.111649
0.111728
0.111805
0.111881
0.111955
0.112028
0.1121
0.11217
0.112238
0.112306
0.112372
0.112437
0.1125
0.112559
0.112795
0.109951
0.109528
0.109574
0.10962
0.10969
0.109775
0.109869
0.109967
0.110069
0.110172
0.110275
0.110377
0.110478
0.110578
0.110676
0.110773
0.110868
0.110961
0.111053
0.111143
0.111232
0.111318
0.111404
0.111487
0.111569
0.111649
0.111728
0.111805
0.111881
0.111955
0.112028
0.1121
0.11217
0.112238
0.112306
0.112372
0.112437
0.1125
0.112559
0.112795
0.109951
0.109528
0.109574
0.10962
0.10969
0.109775
0.109869
0.109968
0.110069
0.110172
0.110275
0.110377
0.110478
0.110578
0.110676
0.110773
0.110868
0.110961
0.111053
0.111143
0.111232
0.111318
0.111404
0.111487
0.111569
0.111649
0.111728
0.111805
0.111881
0.111955
0.112028
0.1121
0.11217
0.112238
0.112306
0.112372
0.112437
0.1125
0.112559
0.112795
0.109951
0.109528
0.109574
0.10962
0.10969
0.109775
0.109869
0.109968
0.110069
0.110172
0.110275
0.110377
0.110478
0.110578
0.110676
0.110773
0.110868
0.110962
0.111053
0.111143
0.111232
0.111319
0.111404
0.111487
0.111569
0.111649
0.111728
0.111805
0.111881
0.111956
0.112028
0.1121
0.11217
0.112239
0.112306
0.112372
0.112437
0.1125
0.112559
0.112795
0.109951
0.109528
0.109574
0.10962
0.10969
0.109775
0.109869
0.109968
0.110069
0.110172
0.110275
0.110377
0.110478
0.110578
0.110676
0.110773
0.110868
0.110962
0.111053
0.111143
0.111232
0.111319
0.111404
0.111487
0.111569
0.111649
0.111728
0.111806
0.111881
0.111956
0.112028
0.1121
0.11217
0.112239
0.112306
0.112372
0.112437
0.1125
0.112559
0.112795
0.109951
0.109528
0.109574
0.10962
0.10969
0.109775
0.109869
0.109968
0.110069
0.110172
0.110275
0.110377
0.110478
0.110578
0.110676
0.110773
0.110868
0.110962
0.111053
0.111143
0.111232
0.111319
0.111404
0.111487
0.111569
0.111649
0.111728
0.111806
0.111881
0.111956
0.112028
0.1121
0.11217
0.112239
0.112306
0.112372
0.112437
0.1125
0.112559
0.112795
0.109951
0.109528
0.109574
0.10962
0.10969
0.109775
0.109869
0.109968
0.110069
0.110172
0.110275
0.110377
0.110478
0.110578
0.110676
0.110773
0.110868
0.110962
0.111053
0.111143
0.111232
0.111319
0.111404
0.111487
0.111569
0.111649
0.111728
0.111806
0.111881
0.111956
0.112028
0.1121
0.11217
0.112239
0.112306
0.112372
0.112437
0.1125
0.112559
0.112795
0.109951
0.109528
0.109574
0.10962
0.10969
0.109775
0.109869
0.109968
0.110069
0.110172
0.110275
0.110377
0.110478
0.110578
0.110676
0.110773
0.110868
0.110962
0.111053
0.111143
0.111232
0.111319
0.111404
0.111487
0.111569
0.111649
0.111728
0.111806
0.111881
0.111956
0.112028
0.1121
0.11217
0.112239
0.112306
0.112372
0.112437
0.1125
0.112559
0.112795
0.109951
0.109528
0.109574
0.10962
0.10969
0.109775
0.109869
0.109968
0.110069
0.110172
0.110275
0.110377
0.110478
0.110578
0.110676
0.110773
0.110868
0.110962
0.111053
0.111143
0.111232
0.111319
0.111404
0.111487
0.111569
0.111649
0.111728
0.111806
0.111881
0.111956
0.112028
0.1121
0.11217
0.112239
0.112306
0.112372
0.112437
0.1125
0.112559
0.112795
0.109951
0.109528
0.109574
0.10962
0.10969
0.109775
0.109869
0.109968
0.110069
0.110172
0.110275
0.110377
0.110478
0.110578
0.110676
0.110773
0.110868
0.110962
0.111053
0.111143
0.111232
0.111319
0.111404
0.111487
0.111569
0.111649
0.111728
0.111806
0.111881
0.111956
0.112028
0.1121
0.11217
0.112239
0.112306
0.112372
0.112437
0.1125
0.112559
0.112795
0.109951
0.109528
0.109574
0.10962
0.10969
0.109775
0.109869
0.109968
0.110069
0.110172
0.110275
0.110377
0.110478
0.110578
0.110676
0.110773
0.110868
0.110962
0.111053
0.111143
0.111232
0.111319
0.111404
0.111487
0.111569
0.111649
0.111728
0.111806
0.111881
0.111956
0.112028
0.1121
0.11217
0.112239
0.112306
0.112372
0.112437
0.1125
0.112559
0.112795
0.109951
0.109528
0.109574
0.10962
0.10969
0.109775
0.109869
0.109968
0.110069
0.110172
0.110275
0.110377
0.110478
0.110578
0.110676
0.110773
0.110868
0.110962
0.111053
0.111143
0.111232
0.111319
0.111404
0.111487
0.111569
0.11165
0.111728
0.111806
0.111881
0.111956
0.112029
0.1121
0.11217
0.112239
0.112306
0.112372
0.112437
0.112501
0.11256
0.112796
0.109951
0.109528
0.109574
0.10962
0.10969
0.109775
0.109869
0.109968
0.110069
0.110172
0.110275
0.110377
0.110478
0.110578
0.110676
0.110773
0.110868
0.110962
0.111053
0.111143
0.111232
0.111319
0.111404
0.111487
0.111569
0.11165
0.111728
0.111806
0.111881
0.111956
0.112029
0.1121
0.11217
0.112239
0.112306
0.112372
0.112437
0.112501
0.11256
0.112796
0.109951
0.109528
0.109574
0.10962
0.10969
0.109775
0.109869
0.109968
0.110069
0.110172
0.110275
0.110377
0.110478
0.110578
0.110676
0.110773
0.110868
0.110962
0.111053
0.111144
0.111232
0.111319
0.111404
0.111487
0.111569
0.11165
0.111728
0.111806
0.111882
0.111956
0.112029
0.1121
0.11217
0.112239
0.112306
0.112372
0.112437
0.112501
0.11256
0.112796
0.109951
0.109528
0.109574
0.10962
0.10969
0.109775
0.109869
0.109968
0.110069
0.110172
0.110275
0.110377
0.110478
0.110578
0.110676
0.110773
0.110868
0.110962
0.111054
0.111144
0.111232
0.111319
0.111404
0.111487
0.111569
0.11165
0.111729
0.111806
0.111882
0.111956
0.112029
0.1121
0.11217
0.112239
0.112306
0.112372
0.112437
0.112501
0.11256
0.112796
0.109951
0.109528
0.109574
0.10962
0.10969
0.109775
0.109869
0.109968
0.110069
0.110172
0.110275
0.110377
0.110478
0.110578
0.110676
0.110773
0.110868
0.110962
0.111054
0.111144
0.111232
0.111319
0.111404
0.111487
0.111569
0.11165
0.111729
0.111806
0.111882
0.111956
0.112029
0.1121
0.11217
0.112239
0.112306
0.112372
0.112437
0.112501
0.11256
0.112796
0.109951
0.109528
0.109574
0.10962
0.10969
0.109775
0.109869
0.109968
0.110069
0.110172
0.110275
0.110377
0.110478
0.110578
0.110676
0.110773
0.110868
0.110962
0.111053
0.111144
0.111232
0.111319
0.111404
0.111487
0.111569
0.11165
0.111728
0.111806
0.111882
0.111956
0.112029
0.1121
0.11217
0.112239
0.112306
0.112372
0.112437
0.112501
0.11256
0.112796
0.109951
0.109528
0.109574
0.10962
0.10969
0.109775
0.109869
0.109968
0.110069
0.110172
0.110275
0.110377
0.110478
0.110578
0.110676
0.110773
0.110868
0.110962
0.111053
0.111143
0.111232
0.111319
0.111404
0.111487
0.111569
0.11165
0.111728
0.111806
0.111881
0.111956
0.112029
0.1121
0.11217
0.112239
0.112306
0.112372
0.112437
0.112501
0.11256
0.112796
0.109951
0.109528
0.109574
0.10962
0.10969
0.109775
0.109869
0.109968
0.110069
0.110172
0.110275
0.110377
0.110478
0.110578
0.110676
0.110773
0.110868
0.110962
0.111053
0.111143
0.111232
0.111319
0.111404
0.111487
0.111569
0.111649
0.111728
0.111806
0.111881
0.111956
0.112029
0.1121
0.11217
0.112239
0.112306
0.112372
0.112437
0.112501
0.11256
0.112796
0.109951
0.109528
0.109574
0.10962
0.10969
0.109775
0.109869
0.109968
0.110069
0.110172
0.110275
0.110377
0.110478
0.110578
0.110676
0.110773
0.110868
0.110962
0.111053
0.111143
0.111232
0.111319
0.111404
0.111487
0.111569
0.11165
0.111728
0.111806
0.111881
0.111956
0.112029
0.1121
0.11217
0.112239
0.112306
0.112372
0.112437
0.112501
0.11256
0.112796
0.109951
0.109528
0.109574
0.10962
0.10969
0.109775
0.109869
0.109968
0.110069
0.110172
0.110275
0.110377
0.110478
0.110578
0.110676
0.110773
0.110868
0.110962
0.111053
0.111143
0.111232
0.111319
0.111404
0.111487
0.111569
0.11165
0.111728
0.111806
0.111881
0.111956
0.112029
0.1121
0.11217
0.112239
0.112306
0.112372
0.112437
0.112501
0.11256
0.112796
0.109951
0.109528
0.109574
0.10962
0.10969
0.109775
0.109869
0.109968
0.110069
0.110172
0.110275
0.110377
0.110478
0.110578
0.110676
0.110773
0.110868
0.110962
0.111053
0.111143
0.111232
0.111319
0.111404
0.111487
0.111569
0.11165
0.111728
0.111806
0.111881
0.111956
0.112029
0.1121
0.11217
0.112239
0.112306
0.112372
0.112437
0.112501
0.11256
0.112796
0.109951
0.109528
0.109574
0.10962
0.10969
0.109775
0.109869
0.109968
0.110069
0.110172
0.110275
0.110377
0.110478
0.110578
0.110676
0.110773
0.110868
0.110962
0.111053
0.111143
0.111232
0.111319
0.111404
0.111487
0.111569
0.11165
0.111728
0.111806
0.111881
0.111956
0.112029
0.1121
0.11217
0.112239
0.112306
0.112372
0.112437
0.112501
0.11256
0.112796
0.109951
0.109528
0.109574
0.10962
0.10969
0.109775
0.109869
0.109968
0.110069
0.110172
0.110275
0.110377
0.110478
0.110578
0.110676
0.110773
0.110868
0.110962
0.111053
0.111143
0.111232
0.111319
0.111404
0.111487
0.111569
0.11165
0.111728
0.111806
0.111881
0.111956
0.112029
0.1121
0.11217
0.112239
0.112306
0.112372
0.112437
0.112501
0.11256
0.112796
0.109951
0.109528
0.109574
0.10962
0.10969
0.109775
0.109869
0.109968
0.110069
0.110172
0.110275
0.110377
0.110478
0.110578
0.110676
0.110773
0.110868
0.110962
0.111053
0.111144
0.111232
0.111319
0.111404
0.111487
0.111569
0.11165
0.111729
0.111806
0.111882
0.111956
0.112029
0.1121
0.11217
0.112239
0.112306
0.112373
0.112437
0.112501
0.11256
0.112796
0.109952
0.109529
0.109575
0.109621
0.109691
0.109776
0.10987
0.109969
0.11007
0.110173
0.110276
0.110378
0.110479
0.110579
0.110677
0.110774
0.110869
0.110963
0.111055
0.111145
0.111233
0.11132
0.111405
0.111489
0.11157
0.111651
0.11173
0.111807
0.111883
0.111957
0.11203
0.112101
0.112171
0.11224
0.112307
0.112374
0.112438
0.112502
0.112561
0.112797
0.109958
0.109534
0.10958
0.109626
0.109696
0.109781
0.109875
0.109974
0.110075
0.110178
0.110281
0.110383
0.110484
0.110584
0.110682
0.110779
0.110874
0.110968
0.111059
0.11115
0.111238
0.111325
0.11141
0.111493
0.111575
0.111656
0.111734
0.111812
0.111887
0.111962
0.112035
0.112106
0.112176
0.112245
0.112312
0.112378
0.112443
0.112506
0.112565
0.112801
0.109982
0.109555
0.109601
0.109647
0.109717
0.109802
0.109895
0.109994
0.110096
0.110198
0.110301
0.110403
0.110504
0.110604
0.110702
0.110799
0.110894
0.110987
0.111079
0.111169
0.111258
0.111344
0.111429
0.111513
0.111595
0.111675
0.111754
0.111831
0.111906
0.111981
0.112053
0.112125
0.112195
0.112263
0.112331
0.112397
0.112461
0.112525
0.112584
0.11282
0.110101
0.109666
0.109712
0.109758
0.109827
0.109912
0.110006
0.110105
0.110206
0.110309
0.110412
0.110514
0.110615
0.110715
0.110813
0.11091
0.111005
0.111099
0.11119
0.11128
0.111369
0.111456
0.111541
0.111624
0.111706
0.111786
0.111865
0.111943
0.112018
0.112093
0.112166
0.112237
0.112307
0.112376
0.112443
0.112509
0.112574
0.112638
0.112697
0.112933
0.110667
0.110223
0.11027
0.110318
0.11039
0.110477
0.110573
0.110674
0.110778
0.110883
0.110988
0.111092
0.111196
0.111298
0.111399
0.111498
0.111596
0.111691
0.111786
0.111878
0.111969
0.112058
0.112146
0.112232
0.112317
0.1124
0.112481
0.112561
0.112639
0.112716
0.112792
0.112866
0.112939
0.11301
0.11308
0.113149
0.113217
0.113283
0.113345
0.113581
0.112766
0.112466
0.112523
0.112579
0.11266
0.112756
0.112862
0.112973
0.113087
0.113203
0.113318
0.113433
0.113547
0.113659
0.11377
0.11388
0.113988
0.114094
0.114198
0.114301
0.114401
0.114501
0.114598
0.114694
0.114788
0.114881
0.114972
0.115061
0.115149
0.115236
0.115321
0.115405
0.115487
0.115568
0.115647
0.115726
0.115803
0.115879
0.11595
0.11619
0.109361
0.108942
0.108994
0.109043
0.109117
0.109205
0.109303
0.109406
0.109512
0.109619
0.109725
0.109831
0.109936
0.110039
0.110141
0.110241
0.110339
0.110436
0.110531
0.110624
0.110715
0.110804
0.110892
0.110979
0.111063
0.111146
0.111228
0.111308
0.111387
0.111464
0.11154
0.111614
0.111687
0.111759
0.11183
0.111899
0.111968
0.112035
0.112097
0.112285
0.109485
0.109076
0.109125
0.109173
0.109245
0.109333
0.109429
0.10953
0.109633
0.109738
0.109843
0.109947
0.11005
0.110151
0.110251
0.110349
0.110446
0.110541
0.110634
0.110725
0.110815
0.110903
0.11099
0.111075
0.111158
0.11124
0.11132
0.111399
0.111476
0.111552
0.111627
0.1117
0.111772
0.111843
0.111912
0.111981
0.112048
0.112114
0.112176
0.112368
0.109523
0.109113
0.109163
0.109211
0.109283
0.109371
0.109467
0.109568
0.109672
0.109776
0.109881
0.109985
0.110088
0.11019
0.11029
0.110388
0.110484
0.110579
0.110672
0.110764
0.110853
0.110941
0.111028
0.111112
0.111196
0.111277
0.111357
0.111436
0.111513
0.111589
0.111664
0.111737
0.111809
0.11188
0.111949
0.112017
0.112084
0.112151
0.112211
0.112403
0.109529
0.10912
0.10917
0.109218
0.10929
0.109377
0.109473
0.109575
0.109679
0.109784
0.109888
0.109993
0.110096
0.110197
0.110297
0.110396
0.110492
0.110587
0.11068
0.110772
0.110862
0.11095
0.111036
0.111121
0.111204
0.111286
0.111366
0.111445
0.111522
0.111598
0.111673
0.111746
0.111818
0.111889
0.111958
0.112026
0.112094
0.11216
0.112221
0.112412
0.10953
0.10912
0.10917
0.109218
0.10929
0.109378
0.109474
0.109575
0.109679
0.109784
0.109889
0.109993
0.110096
0.110198
0.110298
0.110396
0.110493
0.110588
0.110681
0.110773
0.110863
0.110951
0.111037
0.111122
0.111205
0.111287
0.111367
0.111446
0.111523
0.111599
0.111674
0.111747
0.111819
0.11189
0.111959
0.112028
0.112095
0.112161
0.112222
0.112414
0.10953
0.10912
0.10917
0.109218
0.10929
0.109377
0.109474
0.109575
0.109679
0.109784
0.109889
0.109993
0.110096
0.110198
0.110298
0.110396
0.110493
0.110588
0.110681
0.110773
0.110862
0.11095
0.111037
0.111122
0.111205
0.111287
0.111367
0.111446
0.111523
0.111599
0.111674
0.111747
0.111819
0.11189
0.111959
0.112028
0.112095
0.112161
0.112222
0.112414
0.109529
0.10912
0.109169
0.109217
0.10929
0.109377
0.109473
0.109575
0.109679
0.109784
0.109889
0.109993
0.110096
0.110197
0.110297
0.110396
0.110493
0.110588
0.110681
0.110772
0.110862
0.11095
0.111037
0.111121
0.111205
0.111286
0.111367
0.111446
0.111523
0.111599
0.111673
0.111747
0.111819
0.111889
0.111959
0.112027
0.112095
0.112161
0.112222
0.112413
0.109529
0.109119
0.109169
0.109217
0.10929
0.109377
0.109473
0.109575
0.109679
0.109784
0.109888
0.109993
0.110096
0.110197
0.110297
0.110396
0.110492
0.110587
0.110681
0.110772
0.110862
0.11095
0.111036
0.111121
0.111205
0.111286
0.111367
0.111445
0.111523
0.111599
0.111673
0.111747
0.111819
0.111889
0.111959
0.112027
0.112094
0.112161
0.112222
0.112413
0.109529
0.109119
0.109169
0.109217
0.10929
0.109377
0.109473
0.109575
0.109679
0.109783
0.109888
0.109993
0.110096
0.110197
0.110297
0.110396
0.110492
0.110587
0.110681
0.110772
0.110862
0.11095
0.111036
0.111121
0.111205
0.111286
0.111367
0.111445
0.111523
0.111599
0.111673
0.111747
0.111819
0.111889
0.111959
0.112027
0.112094
0.112161
0.112222
0.112413
0.109529
0.109119
0.109169
0.109217
0.10929
0.109377
0.109473
0.109575
0.109679
0.109783
0.109888
0.109993
0.110096
0.110197
0.110297
0.110396
0.110492
0.110587
0.110681
0.110772
0.110862
0.11095
0.111036
0.111121
0.111205
0.111286
0.111367
0.111445
0.111523
0.111599
0.111673
0.111747
0.111819
0.111889
0.111959
0.112027
0.112094
0.112161
0.112222
0.112413
0.109529
0.109119
0.109169
0.109217
0.10929
0.109377
0.109473
0.109575
0.109679
0.109783
0.109888
0.109993
0.110096
0.110197
0.110297
0.110396
0.110492
0.110587
0.110681
0.110772
0.110862
0.11095
0.111036
0.111121
0.111205
0.111286
0.111367
0.111445
0.111523
0.111599
0.111673
0.111747
0.111819
0.111889
0.111959
0.112027
0.112094
0.112161
0.112222
0.112413
0.109529
0.10912
0.109169
0.109217
0.10929
0.109377
0.109473
0.109575
0.109679
0.109784
0.109888
0.109993
0.110096
0.110197
0.110297
0.110396
0.110492
0.110587
0.110681
0.110772
0.110862
0.11095
0.111036
0.111121
0.111205
0.111286
0.111367
0.111445
0.111523
0.111599
0.111673
0.111747
0.111819
0.111889
0.111959
0.112027
0.112094
0.112161
0.112222
0.112413
0.109529
0.10912
0.109169
0.109217
0.10929
0.109377
0.109473
0.109575
0.109679
0.109784
0.109888
0.109993
0.110096
0.110197
0.110297
0.110396
0.110492
0.110587
0.110681
0.110772
0.110862
0.11095
0.111037
0.111121
0.111205
0.111286
0.111367
0.111445
0.111523
0.111599
0.111673
0.111747
0.111819
0.111889
0.111959
0.112027
0.112095
0.112161
0.112222
0.112413
0.109529
0.10912
0.109169
0.109217
0.10929
0.109377
0.109473
0.109575
0.109679
0.109784
0.109888
0.109993
0.110096
0.110197
0.110297
0.110396
0.110492
0.110587
0.110681
0.110772
0.110862
0.11095
0.111037
0.111121
0.111205
0.111286
0.111367
0.111446
0.111523
0.111599
0.111673
0.111747
0.111819
0.111889
0.111959
0.112027
0.112095
0.112161
0.112222
0.112413
0.109529
0.10912
0.109169
0.109217
0.10929
0.109377
0.109473
0.109575
0.109679
0.109784
0.109889
0.109993
0.110096
0.110197
0.110297
0.110396
0.110493
0.110587
0.110681
0.110772
0.110862
0.11095
0.111037
0.111121
0.111205
0.111287
0.111367
0.111446
0.111523
0.111599
0.111673
0.111747
0.111819
0.111889
0.111959
0.112027
0.112095
0.112161
0.112222
0.112413
0.109529
0.10912
0.109169
0.109217
0.10929
0.109377
0.109473
0.109575
0.109679
0.109784
0.109888
0.109993
0.110096
0.110197
0.110297
0.110396
0.110492
0.110587
0.110681
0.110772
0.110862
0.11095
0.111037
0.111121
0.111205
0.111286
0.111367
0.111446
0.111523
0.111599
0.111673
0.111747
0.111819
0.111889
0.111959
0.112027
0.112095
0.112161
0.112222
0.112413
0.109529
0.10912
0.109169
0.109217
0.10929
0.109377
0.109473
0.109575
0.109679
0.109784
0.109888
0.109993
0.110096
0.110197
0.110297
0.110396
0.110492
0.110587
0.110681
0.110772
0.110862
0.11095
0.111037
0.111121
0.111205
0.111286
0.111367
0.111445
0.111523
0.111599
0.111673
0.111747
0.111819
0.111889
0.111959
0.112027
0.112095
0.112161
0.112222
0.112413
0.109529
0.10912
0.109169
0.109217
0.10929
0.109377
0.109473
0.109575
0.109679
0.109784
0.109888
0.109993
0.110096
0.110197
0.110297
0.110396
0.110492
0.110587
0.110681
0.110772
0.110862
0.11095
0.111037
0.111121
0.111205
0.111286
0.111367
0.111445
0.111523
0.111599
0.111673
0.111747
0.111819
0.111889
0.111959
0.112027
0.112095
0.112161
0.112222
0.112413
0.109529
0.10912
0.109169
0.109217
0.10929
0.109377
0.109473
0.109575
0.109679
0.109784
0.109888
0.109993
0.110096
0.110197
0.110297
0.110396
0.110492
0.110587
0.110681
0.110772
0.110862
0.11095
0.111037
0.111121
0.111205
0.111286
0.111367
0.111445
0.111523
0.111599
0.111673
0.111747
0.111819
0.111889
0.111959
0.112027
0.112095
0.112161
0.112222
0.112413
0.109529
0.10912
0.109169
0.109217
0.10929
0.109377
0.109473
0.109575
0.109679
0.109784
0.109888
0.109993
0.110096
0.110197
0.110297
0.110396
0.110492
0.110587
0.110681
0.110772
0.110862
0.11095
0.111036
0.111121
0.111205
0.111286
0.111367
0.111445
0.111523
0.111599
0.111673
0.111747
0.111819
0.111889
0.111959
0.112027
0.112095
0.112161
0.112222
0.112413
0.109529
0.10912
0.109169
0.109217
0.10929
0.109377
0.109473
0.109575
0.109679
0.109784
0.109888
0.109993
0.110096
0.110197
0.110297
0.110396
0.110492
0.110587
0.110681
0.110772
0.110862
0.11095
0.111036
0.111121
0.111205
0.111286
0.111367
0.111445
0.111523
0.111599
0.111673
0.111747
0.111819
0.111889
0.111959
0.112027
0.112095
0.112161
0.112222
0.112413
0.109529
0.10912
0.109169
0.109217
0.10929
0.109377
0.109473
0.109575
0.109679
0.109784
0.109888
0.109993
0.110096
0.110197
0.110297
0.110396
0.110492
0.110587
0.110681
0.110772
0.110862
0.11095
0.111036
0.111121
0.111205
0.111286
0.111367
0.111445
0.111523
0.111599
0.111673
0.111747
0.111819
0.11189
0.111959
0.112027
0.112095
0.112161
0.112222
0.112413
0.109529
0.10912
0.109169
0.109217
0.10929
0.109377
0.109473
0.109575
0.109679
0.109784
0.109889
0.109993
0.110096
0.110197
0.110297
0.110396
0.110493
0.110587
0.110681
0.110772
0.110862
0.11095
0.111037
0.111121
0.111205
0.111287
0.111367
0.111446
0.111523
0.111599
0.111674
0.111747
0.111819
0.11189
0.111959
0.112028
0.112095
0.112161
0.112222
0.112414
0.109529
0.10912
0.109169
0.109217
0.10929
0.109377
0.109473
0.109575
0.109679
0.109784
0.109889
0.109993
0.110096
0.110197
0.110297
0.110396
0.110493
0.110588
0.110681
0.110772
0.110862
0.11095
0.111037
0.111122
0.111205
0.111287
0.111367
0.111446
0.111523
0.111599
0.111674
0.111747
0.111819
0.11189
0.111959
0.112028
0.112095
0.112161
0.112222
0.112414
0.109529
0.10912
0.109169
0.109218
0.10929
0.109377
0.109474
0.109575
0.109679
0.109784
0.109889
0.109993
0.110096
0.110197
0.110298
0.110396
0.110493
0.110588
0.110681
0.110772
0.110862
0.11095
0.111037
0.111122
0.111205
0.111287
0.111367
0.111446
0.111523
0.111599
0.111674
0.111747
0.111819
0.11189
0.111959
0.112028
0.112095
0.112161
0.112222
0.112414
0.109529
0.10912
0.109169
0.109218
0.10929
0.109377
0.109474
0.109575
0.109679
0.109784
0.109889
0.109993
0.110096
0.110197
0.110298
0.110396
0.110493
0.110588
0.110681
0.110772
0.110862
0.11095
0.111037
0.111122
0.111205
0.111287
0.111367
0.111446
0.111523
0.111599
0.111674
0.111747
0.111819
0.11189
0.111959
0.112028
0.112095
0.112161
0.112222
0.112414
0.109529
0.10912
0.109169
0.109217
0.10929
0.109377
0.109473
0.109575
0.109679
0.109784
0.109889
0.109993
0.110096
0.110197
0.110297
0.110396
0.110493
0.110588
0.110681
0.110772
0.110862
0.11095
0.111037
0.111121
0.111205
0.111287
0.111367
0.111446
0.111523
0.111599
0.111674
0.111747
0.111819
0.11189
0.111959
0.112028
0.112095
0.112161
0.112222
0.112414
0.109529
0.10912
0.109169
0.109217
0.10929
0.109377
0.109473
0.109575
0.109679
0.109784
0.109889
0.109993
0.110096
0.110197
0.110297
0.110396
0.110493
0.110587
0.110681
0.110772
0.110862
0.11095
0.111037
0.111121
0.111205
0.111286
0.111367
0.111446
0.111523
0.111599
0.111674
0.111747
0.111819
0.11189
0.111959
0.112028
0.112095
0.112161
0.112222
0.112414
0.109529
0.10912
0.109169
0.109217
0.10929
0.109377
0.109473
0.109575
0.109679
0.109784
0.109888
0.109993
0.110096
0.110197
0.110297
0.110396
0.110492
0.110587
0.110681
0.110772
0.110862
0.11095
0.111037
0.111121
0.111205
0.111286
0.111367
0.111446
0.111523
0.111599
0.111674
0.111747
0.111819
0.11189
0.111959
0.112028
0.112095
0.112161
0.112222
0.112414
0.109529
0.10912
0.109169
0.109217
0.10929
0.109377
0.109473
0.109575
0.109679
0.109784
0.109888
0.109993
0.110096
0.110197
0.110297
0.110396
0.110492
0.110587
0.110681
0.110772
0.110862
0.11095
0.111037
0.111121
0.111205
0.111286
0.111367
0.111446
0.111523
0.111599
0.111674
0.111747
0.111819
0.11189
0.111959
0.112028
0.112095
0.112161
0.112222
0.112414
0.109529
0.10912
0.109169
0.109217
0.10929
0.109377
0.109473
0.109575
0.109679
0.109784
0.109888
0.109993
0.110096
0.110197
0.110297
0.110396
0.110492
0.110587
0.110681
0.110772
0.110862
0.11095
0.111037
0.111121
0.111205
0.111287
0.111367
0.111446
0.111523
0.111599
0.111674
0.111747
0.111819
0.11189
0.111959
0.112028
0.112095
0.112161
0.112222
0.112414
0.109529
0.10912
0.109169
0.109217
0.10929
0.109377
0.109473
0.109575
0.109679
0.109784
0.109888
0.109993
0.110096
0.110197
0.110297
0.110396
0.110492
0.110587
0.110681
0.110772
0.110862
0.11095
0.111037
0.111122
0.111205
0.111287
0.111367
0.111446
0.111523
0.111599
0.111674
0.111747
0.111819
0.11189
0.111959
0.112028
0.112095
0.112161
0.112222
0.112414
0.109529
0.10912
0.109169
0.109217
0.10929
0.109377
0.109473
0.109575
0.109679
0.109783
0.109888
0.109993
0.110096
0.110197
0.110297
0.110396
0.110492
0.110587
0.110681
0.110772
0.110862
0.11095
0.111037
0.111121
0.111205
0.111287
0.111367
0.111446
0.111523
0.111599
0.111674
0.111747
0.111819
0.11189
0.111959
0.112028
0.112095
0.112161
0.112222
0.112414
0.109529
0.10912
0.109169
0.109218
0.10929
0.109377
0.109473
0.109575
0.109679
0.109784
0.109889
0.109993
0.110096
0.110197
0.110297
0.110396
0.110493
0.110588
0.110681
0.110772
0.110862
0.11095
0.111037
0.111122
0.111205
0.111287
0.111367
0.111446
0.111523
0.111599
0.111674
0.111747
0.111819
0.11189
0.11196
0.112028
0.112095
0.112161
0.112222
0.112414
0.109531
0.109121
0.10917
0.109219
0.109291
0.109378
0.109474
0.109576
0.10968
0.109785
0.10989
0.109994
0.110097
0.110198
0.110298
0.110397
0.110494
0.110589
0.110682
0.110773
0.110863
0.110951
0.111038
0.111123
0.111206
0.111288
0.111368
0.111447
0.111524
0.1116
0.111675
0.111748
0.11182
0.111891
0.11196
0.112029
0.112096
0.112162
0.112223
0.112415
0.109536
0.109125
0.109175
0.109223
0.109296
0.109383
0.109479
0.10958
0.109684
0.109789
0.109894
0.109998
0.110101
0.110203
0.110303
0.110401
0.110498
0.110593
0.110686
0.110778
0.110868
0.110956
0.111042
0.111127
0.11121
0.111292
0.111372
0.111451
0.111529
0.111605
0.111679
0.111752
0.111824
0.111895
0.111965
0.112033
0.1121
0.112166
0.112227
0.112419
0.109558
0.109145
0.109195
0.109243
0.109315
0.109402
0.109498
0.1096
0.109704
0.109808
0.109913
0.110017
0.11012
0.110222
0.110322
0.11042
0.110517
0.110612
0.110705
0.110796
0.110886
0.110974
0.111061
0.111145
0.111229
0.11131
0.11139
0.111469
0.111547
0.111622
0.111697
0.11177
0.111842
0.111913
0.111982
0.112051
0.112118
0.112184
0.112245
0.112436
0.109678
0.109256
0.109306
0.109354
0.109426
0.109513
0.109609
0.109711
0.109814
0.109919
0.110024
0.110128
0.110231
0.110333
0.110433
0.110531
0.110628
0.110723
0.110816
0.110908
0.110997
0.111086
0.111172
0.111257
0.11134
0.111422
0.111502
0.111581
0.111658
0.111734
0.111809
0.111882
0.111954
0.112025
0.112095
0.112163
0.112231
0.112297
0.112358
0.112548
0.110259
0.109827
0.109878
0.109928
0.110002
0.110092
0.11019
0.110294
0.1104
0.110507
0.110614
0.110721
0.110826
0.11093
0.111033
0.111134
0.111233
0.11133
0.111426
0.11152
0.111612
0.111703
0.111792
0.111879
0.111965
0.11205
0.112132
0.112214
0.112294
0.112372
0.11245
0.112525
0.1126
0.112674
0.112746
0.112817
0.112887
0.112956
0.11302
0.113203
0.112394
0.112104
0.112164
0.112222
0.112306
0.112405
0.112513
0.112627
0.112744
0.112861
0.112979
0.113096
0.113212
0.113326
0.113439
0.113551
0.11366
0.113768
0.113874
0.113978
0.11408
0.114181
0.114279
0.114377
0.114472
0.114566
0.114659
0.11475
0.114839
0.114927
0.115014
0.115099
0.115183
0.115266
0.115347
0.115427
0.115507
0.115585
0.115657
0.115811
0.108917
0.108513
0.108568
0.10862
0.108696
0.108788
0.108889
0.108994
0.109103
0.109212
0.109321
0.109429
0.109536
0.109642
0.109745
0.109847
0.109947
0.110046
0.110142
0.110237
0.11033
0.110421
0.11051
0.110598
0.110684
0.110769
0.110852
0.110933
0.111013
0.111092
0.11117
0.111246
0.111321
0.111394
0.111467
0.111538
0.111608
0.111677
0.111741
0.111872
0.109044
0.10865
0.108703
0.108754
0.108829
0.108918
0.109017
0.109121
0.109227
0.109335
0.109442
0.109548
0.109653
0.109757
0.109859
0.109959
0.110057
0.110154
0.110249
0.110342
0.110433
0.110523
0.110611
0.110697
0.110782
0.110865
0.110947
0.111027
0.111106
0.111183
0.111259
0.111334
0.111408
0.11148
0.111552
0.111622
0.111691
0.111759
0.111822
0.111951
0.109083
0.108688
0.108742
0.108792
0.108867
0.108957
0.109056
0.10916
0.109266
0.109374
0.109481
0.109587
0.109692
0.109796
0.109898
0.109998
0.110096
0.110193
0.110288
0.110381
0.110472
0.110561
0.110649
0.110735
0.11082
0.110903
0.110985
0.111065
0.111144
0.111221
0.111297
0.111372
0.111445
0.111518
0.111589
0.111659
0.111728
0.111796
0.111859
0.111987
0.10909
0.108694
0.108748
0.108799
0.108874
0.108964
0.109063
0.109167
0.109273
0.109381
0.109488
0.109594
0.109699
0.109803
0.109905
0.110005
0.110104
0.110201
0.110295
0.110389
0.11048
0.110569
0.110657
0.110744
0.110828
0.110912
0.110993
0.111074
0.111152
0.11123
0.111306
0.111381
0.111454
0.111527
0.111598
0.111668
0.111737
0.111805
0.111868
0.111996
0.10909
0.108695
0.108748
0.108799
0.108874
0.108964
0.109063
0.109167
0.109274
0.109381
0.109488
0.109595
0.1097
0.109804
0.109906
0.110006
0.110105
0.110201
0.110296
0.110389
0.110481
0.11057
0.110658
0.110745
0.11083
0.110913
0.110994
0.111075
0.111154
0.111231
0.111307
0.111382
0.111456
0.111528
0.111599
0.111669
0.111739
0.111807
0.111869
0.111997
0.10909
0.108694
0.108748
0.108799
0.108874
0.108964
0.109063
0.109167
0.109273
0.109381
0.109488
0.109595
0.1097
0.109804
0.109906
0.110006
0.110104
0.110201
0.110296
0.110389
0.110481
0.11057
0.110658
0.110745
0.110829
0.110912
0.110994
0.111074
0.111153
0.111231
0.111307
0.111382
0.111455
0.111528
0.111599
0.111669
0.111738
0.111806
0.111869
0.111997
0.10909
0.108694
0.108748
0.108798
0.108873
0.108963
0.109062
0.109167
0.109273
0.109381
0.109488
0.109594
0.1097
0.109803
0.109905
0.110006
0.110104
0.110201
0.110296
0.110389
0.11048
0.11057
0.110658
0.110744
0.110829
0.110912
0.110994
0.111074
0.111153
0.111231
0.111307
0.111382
0.111455
0.111528
0.111599
0.111669
0.111738
0.111806
0.111869
0.111997
0.109089
0.108694
0.108748
0.108798
0.108873
0.108963
0.109062
0.109166
0.109273
0.10938
0.109488
0.109594
0.109699
0.109803
0.109905
0.110005
0.110104
0.110201
0.110296
0.110389
0.11048
0.11057
0.110658
0.110744
0.110829
0.110912
0.110994
0.111074
0.111153
0.11123
0.111307
0.111381
0.111455
0.111527
0.111599
0.111669
0.111738
0.111806
0.111869
0.111997
0.109089
0.108694
0.108748
0.108798
0.108873
0.108963
0.109062
0.109166
0.109273
0.10938
0.109488
0.109594
0.109699
0.109803
0.109905
0.110005
0.110104
0.110201
0.110296
0.110389
0.11048
0.11057
0.110658
0.110744
0.110829
0.110912
0.110994
0.111074
0.111153
0.11123
0.111306
0.111381
0.111455
0.111527
0.111599
0.111669
0.111738
0.111806
0.111869
0.111996
0.109089
0.108694
0.108748
0.108798
0.108873
0.108963
0.109062
0.109166
0.109273
0.10938
0.109488
0.109594
0.109699
0.109803
0.109905
0.110005
0.110104
0.110201
0.110296
0.110389
0.11048
0.11057
0.110658
0.110744
0.110829
0.110912
0.110994
0.111074
0.111153
0.11123
0.111306
0.111381
0.111455
0.111527
0.111599
0.111669
0.111738
0.111806
0.111869
0.111996
0.109089
0.108694
0.108748
0.108798
0.108873
0.108963
0.109062
0.109166
0.109273
0.10938
0.109488
0.109594
0.109699
0.109803
0.109905
0.110005
0.110104
0.110201
0.110296
0.110389
0.11048
0.11057
0.110658
0.110744
0.110829
0.110912
0.110994
0.111074
0.111153
0.11123
0.111306
0.111381
0.111455
0.111527
0.111599
0.111669
0.111738
0.111806
0.111869
0.111996
0.109089
0.108694
0.108748
0.108798
0.108873
0.108963
0.109062
0.109166
0.109273
0.10938
0.109488
0.109594
0.109699
0.109803
0.109905
0.110005
0.110104
0.110201
0.110296
0.110389
0.11048
0.11057
0.110658
0.110744
0.110829
0.110912
0.110994
0.111074
0.111153
0.11123
0.111306
0.111381
0.111455
0.111527
0.111599
0.111669
0.111738
0.111806
0.111869
0.111996
0.109089
0.108694
0.108748
0.108798
0.108873
0.108963
0.109062
0.109166
0.109273
0.10938
0.109488
0.109594
0.109699
0.109803
0.109905
0.110005
0.110104
0.110201
0.110296
0.110389
0.11048
0.11057
0.110658
0.110744
0.110829
0.110912
0.110994
0.111074
0.111153
0.11123
0.111306
0.111381
0.111455
0.111527
0.111599
0.111669
0.111738
0.111806
0.111869
0.111996
0.109089
0.108694
0.108748
0.108798
0.108873
0.108963
0.109062
0.109166
0.109273
0.10938
0.109488
0.109594
0.109699
0.109803
0.109905
0.110006
0.110104
0.110201
0.110296
0.110389
0.11048
0.11057
0.110658
0.110744
0.110829
0.110912
0.110994
0.111074
0.111153
0.11123
0.111307
0.111381
0.111455
0.111527
0.111599
0.111669
0.111738
0.111806
0.111869
0.111997
0.109089
0.108694
0.108748
0.108798
0.108873
0.108963
0.109062
0.109166
0.109273
0.10938
0.109488
0.109594
0.109699
0.109803
0.109905
0.110006
0.110104
0.110201
0.110296
0.110389
0.11048
0.11057
0.110658
0.110744
0.110829
0.110912
0.110994
0.111074
0.111153
0.11123
0.111307
0.111381
0.111455
0.111527
0.111599
0.111669
0.111738
0.111806
0.111869
0.111997
0.109089
0.108694
0.108748
0.108798
0.108873
0.108963
0.109062
0.109166
0.109273
0.10938
0.109488
0.109594
0.109699
0.109803
0.109905
0.110005
0.110104
0.110201
0.110296
0.110389
0.11048
0.11057
0.110658
0.110744
0.110829
0.110912
0.110994
0.111074
0.111153
0.11123
0.111306
0.111381
0.111455
0.111527
0.111599
0.111669
0.111738
0.111806
0.111869
0.111997
0.109089
0.108694
0.108748
0.108798
0.108873
0.108963
0.109062
0.109166
0.109273
0.10938
0.109488
0.109594
0.109699
0.109803
0.109905
0.110005
0.110104
0.110201
0.110296
0.110389
0.11048
0.11057
0.110658
0.110744
0.110829
0.110912
0.110994
0.111074
0.111153
0.11123
0.111306
0.111381
0.111455
0.111527
0.111599
0.111669
0.111738
0.111806
0.111869
0.111997
0.109089
0.108694
0.108748
0.108798
0.108873
0.108963
0.109062
0.109166
0.109273
0.10938
0.109488
0.109594
0.109699
0.109803
0.109905
0.110005
0.110104
0.110201
0.110296
0.110389
0.11048
0.11057
0.110658
0.110744
0.110829
0.110912
0.110994
0.111074
0.111153
0.11123
0.111306
0.111381
0.111455
0.111527
0.111599
0.111669
0.111738
0.111806
0.111869
0.111997
0.109089
0.108694
0.108748
0.108798
0.108873
0.108963
0.109062
0.109166
0.109273
0.10938
0.109488
0.109594
0.109699
0.109803
0.109905
0.110005
0.110104
0.110201
0.110296
0.110389
0.11048
0.11057
0.110658
0.110744
0.110829
0.110912
0.110994
0.111074
0.111153
0.11123
0.111306
0.111381
0.111455
0.111527
0.111599
0.111669
0.111738
0.111806
0.111869
0.111997
0.109089
0.108694
0.108748
0.108798
0.108873
0.108963
0.109062
0.109166
0.109273
0.10938
0.109488
0.109594
0.109699
0.109803
0.109905
0.110005
0.110104
0.110201
0.110296
0.110389
0.11048
0.11057
0.110658
0.110744
0.110829
0.110912
0.110994
0.111074
0.111153
0.11123
0.111306
0.111381
0.111455
0.111527
0.111599
0.111669
0.111738
0.111806
0.111869
0.111996
0.109089
0.108694
0.108748
0.108798
0.108873
0.108963
0.109062
0.109166
0.109273
0.10938
0.109488
0.109594
0.109699
0.109803
0.109905
0.110006
0.110104
0.110201
0.110296
0.110389
0.11048
0.11057
0.110658
0.110744
0.110829
0.110912
0.110994
0.111074
0.111153
0.11123
0.111306
0.111381
0.111455
0.111527
0.111599
0.111669
0.111738
0.111806
0.111869
0.111996
0.109089
0.108694
0.108748
0.108798
0.108873
0.108963
0.109062
0.109166
0.109273
0.109381
0.109488
0.109594
0.109699
0.109803
0.109905
0.110006
0.110104
0.110201
0.110296
0.110389
0.11048
0.11057
0.110658
0.110744
0.110829
0.110912
0.110994
0.111074
0.111153
0.11123
0.111306
0.111381
0.111455
0.111527
0.111599
0.111669
0.111738
0.111806
0.111869
0.111997
0.109089
0.108694
0.108748
0.108798
0.108873
0.108963
0.109062
0.109167
0.109273
0.109381
0.109488
0.109594
0.109699
0.109803
0.109905
0.110006
0.110104
0.110201
0.110296
0.110389
0.11048
0.11057
0.110658
0.110744
0.110829
0.110912
0.110994
0.111074
0.111153
0.11123
0.111307
0.111381
0.111455
0.111527
0.111599
0.111669
0.111738
0.111806
0.111869
0.111997
0.10909
0.108694
0.108748
0.108798
0.108873
0.108963
0.109062
0.109167
0.109273
0.109381
0.109488
0.109594
0.1097
0.109803
0.109905
0.110006
0.110104
0.110201
0.110296
0.110389
0.11048
0.11057
0.110658
0.110744
0.110829
0.110912
0.110994
0.111074
0.111153
0.111231
0.111307
0.111382
0.111455
0.111528
0.111599
0.111669
0.111738
0.111806
0.111869
0.111997
0.10909
0.108694
0.108748
0.108798
0.108873
0.108963
0.109063
0.109167
0.109273
0.109381
0.109488
0.109594
0.1097
0.109803
0.109905
0.110006
0.110104
0.110201
0.110296
0.110389
0.11048
0.11057
0.110658
0.110744
0.110829
0.110912
0.110994
0.111074
0.111153
0.111231
0.111307
0.111382
0.111455
0.111528
0.111599
0.111669
0.111738
0.111806
0.111869
0.111997
0.10909
0.108694
0.108748
0.108798
0.108873
0.108963
0.109063
0.109167
0.109273
0.109381
0.109488
0.109594
0.1097
0.109803
0.109905
0.110006
0.110104
0.110201
0.110296
0.110389
0.11048
0.11057
0.110658
0.110744
0.110829
0.110912
0.110994
0.111074
0.111153
0.111231
0.111307
0.111382
0.111455
0.111528
0.111599
0.111669
0.111738
0.111807
0.111869
0.111997
0.10909
0.108694
0.108748
0.108798
0.108873
0.108963
0.109063
0.109167
0.109273
0.109381
0.109488
0.109594
0.1097
0.109803
0.109905
0.110006
0.110104
0.110201
0.110296
0.110389
0.11048
0.11057
0.110658
0.110744
0.110829
0.110912
0.110994
0.111074
0.111153
0.111231
0.111307
0.111382
0.111455
0.111528
0.111599
0.111669
0.111738
0.111807
0.111869
0.111997
0.109089
0.108694
0.108748
0.108798
0.108873
0.108963
0.109062
0.109167
0.109273
0.109381
0.109488
0.109594
0.1097
0.109803
0.109905
0.110006
0.110104
0.110201
0.110296
0.110389
0.11048
0.11057
0.110658
0.110744
0.110829
0.110912
0.110994
0.111074
0.111153
0.111231
0.111307
0.111382
0.111455
0.111528
0.111599
0.111669
0.111738
0.111807
0.111869
0.111997
0.109089
0.108694
0.108748
0.108798
0.108873
0.108963
0.109062
0.109166
0.109273
0.10938
0.109488
0.109594
0.109699
0.109803
0.109905
0.110006
0.110104
0.110201
0.110296
0.110389
0.11048
0.11057
0.110658
0.110744
0.110829
0.110912
0.110994
0.111074
0.111153
0.111231
0.111307
0.111382
0.111455
0.111528
0.111599
0.111669
0.111738
0.111806
0.111869
0.111997
0.109089
0.108694
0.108748
0.108798
0.108873
0.108963
0.109062
0.109166
0.109273
0.10938
0.109488
0.109594
0.109699
0.109803
0.109905
0.110006
0.110104
0.110201
0.110296
0.110389
0.11048
0.11057
0.110658
0.110744
0.110829
0.110912
0.110994
0.111074
0.111153
0.111231
0.111307
0.111382
0.111455
0.111528
0.111599
0.111669
0.111738
0.111807
0.111869
0.111997
0.109089
0.108694
0.108748
0.108798
0.108873
0.108963
0.109062
0.109166
0.109273
0.10938
0.109488
0.109594
0.109699
0.109803
0.109905
0.110006
0.110104
0.110201
0.110296
0.110389
0.11048
0.11057
0.110658
0.110744
0.110829
0.110912
0.110994
0.111074
0.111153
0.111231
0.111307
0.111382
0.111455
0.111528
0.111599
0.111669
0.111739
0.111807
0.111869
0.111997
0.109089
0.108694
0.108748
0.108798
0.108873
0.108963
0.109062
0.109166
0.109273
0.10938
0.109488
0.109594
0.109699
0.109803
0.109905
0.110005
0.110104
0.110201
0.110296
0.110389
0.11048
0.11057
0.110658
0.110744
0.110829
0.110912
0.110994
0.111074
0.111153
0.111231
0.111307
0.111382
0.111455
0.111528
0.111599
0.111669
0.111739
0.111807
0.111869
0.111997
0.109089
0.108694
0.108748
0.108798
0.108873
0.108963
0.109062
0.109166
0.109273
0.10938
0.109488
0.109594
0.109699
0.109803
0.109905
0.110005
0.110104
0.110201
0.110296
0.110389
0.11048
0.11057
0.110658
0.110744
0.110829
0.110912
0.110994
0.111074
0.111153
0.111231
0.111307
0.111382
0.111455
0.111528
0.111599
0.111669
0.111739
0.111807
0.111869
0.111997
0.10909
0.108694
0.108748
0.108798
0.108873
0.108963
0.109062
0.109166
0.109273
0.10938
0.109488
0.109594
0.109699
0.109803
0.109905
0.110006
0.110104
0.110201
0.110296
0.110389
0.11048
0.11057
0.110658
0.110744
0.110829
0.110912
0.110994
0.111074
0.111153
0.111231
0.111307
0.111382
0.111456
0.111528
0.111599
0.11167
0.111739
0.111807
0.111869
0.111997
0.109091
0.108695
0.108749
0.108799
0.108874
0.108964
0.109063
0.109167
0.109274
0.109381
0.109489
0.109595
0.1097
0.109804
0.109906
0.110007
0.110105
0.110202
0.110297
0.11039
0.110481
0.110571
0.110659
0.110745
0.11083
0.110913
0.110995
0.111075
0.111154
0.111232
0.111308
0.111383
0.111456
0.111529
0.1116
0.11167
0.11174
0.111808
0.11187
0.111998
0.109096
0.108699
0.108753
0.108803
0.108878
0.108969
0.109068
0.109172
0.109278
0.109386
0.109493
0.109599
0.109705
0.109808
0.10991
0.110011
0.110109
0.110206
0.110301
0.110394
0.110485
0.110575
0.110663
0.110749
0.110834
0.110917
0.110999
0.111079
0.111158
0.111236
0.111312
0.111387
0.11146
0.111533
0.111604
0.111674
0.111744
0.111812
0.111874
0.112002
0.109117
0.108718
0.108772
0.108822
0.108897
0.108987
0.109086
0.10919
0.109296
0.109404
0.109511
0.109617
0.109723
0.109826
0.109928
0.110029
0.110127
0.110224
0.110319
0.110412
0.110503
0.110592
0.11068
0.110767
0.110851
0.110935
0.111016
0.111096
0.111175
0.111253
0.111329
0.111403
0.111477
0.111549
0.111621
0.111691
0.11176
0.111828
0.11189
0.112018
0.109237
0.108829
0.108882
0.108933
0.109008
0.109098
0.109197
0.109301
0.109407
0.109515
0.109622
0.109728
0.109834
0.109937
0.110039
0.11014
0.110238
0.110335
0.11043
0.110523
0.110614
0.110704
0.110792
0.110878
0.110963
0.111046
0.111128
0.111208
0.111287
0.111365
0.111441
0.111516
0.11159
0.111662
0.111733
0.111804
0.111873
0.111941
0.112004
0.112129
0.109832
0.109412
0.109467
0.109519
0.109596
0.109689
0.10979
0.109896
0.110005
0.110115
0.110224
0.110333
0.110441
0.110547
0.110651
0.110754
0.110855
0.110954
0.111052
0.111147
0.111241
0.111333
0.111424
0.111513
0.1116
0.111686
0.11177
0.111853
0.111934
0.112015
0.112093
0.112171
0.112247
0.112322
0.112396
0.112469
0.112541
0.112612
0.112677
0.112795
0.111995
0.111714
0.111778
0.111839
0.111926
0.112028
0.112139
0.112256
0.112375
0.112495
0.112616
0.112735
0.112853
0.11297
0.113085
0.113198
0.113309
0.113419
0.113527
0.113632
0.113736
0.113838
0.113939
0.114038
0.114135
0.11423
0.114324
0.114416
0.114507
0.114597
0.114685
0.114771
0.114857
0.114941
0.115024
0.115106
0.115187
0.115267
0.115341
0.11446
0.108452
0.108063
0.108123
0.108177
0.108257
0.108352
0.108455
0.108564
0.108675
0.108787
0.108899
0.10901
0.10912
0.109227
0.109333
0.109437
0.10954
0.10964
0.109738
0.109835
0.10993
0.110023
0.110114
0.110203
0.110291
0.110377
0.110462
0.110545
0.110627
0.110707
0.110786
0.110864
0.110941
0.111016
0.11109
0.111163
0.111235
0.111306
0.111371
0.0986352
0.108583
0.108204
0.108262
0.108315
0.108393
0.108486
0.108587
0.108694
0.108803
0.108914
0.109023
0.109132
0.10924
0.109346
0.10945
0.109552
0.109653
0.109751
0.109848
0.109943
0.110036
0.110127
0.110217
0.110305
0.110392
0.110476
0.11056
0.110642
0.110722
0.110801
0.110879
0.110955
0.111031
0.111105
0.111178
0.11125
0.11132
0.11139
0.111455
0.0991532
0.108623
0.108243
0.108301
0.108354
0.108432
0.108525
0.108627
0.108734
0.108843
0.108953
0.109063
0.109172
0.109279
0.109385
0.10949
0.109592
0.109692
0.109791
0.109888
0.109983
0.110076
0.110167
0.110257
0.110345
0.110431
0.110516
0.110599
0.110681
0.110761
0.11084
0.110918
0.110994
0.111069
0.111143
0.111216
0.111287
0.111358
0.111428
0.111492
0.0991531
0.108629
0.108249
0.108307
0.10836
0.108438
0.108531
0.108633
0.10874
0.10885
0.10896
0.10907
0.109179
0.109287
0.109393
0.109497
0.109599
0.1097
0.109799
0.109896
0.10999
0.110084
0.110175
0.110265
0.110353
0.110439
0.110524
0.110607
0.110689
0.11077
0.110849
0.110926
0.111003
0.111078
0.111152
0.111225
0.111297
0.111367
0.111437
0.111501
0.0991529
0.10863
0.108249
0.108307
0.10836
0.108438
0.108532
0.108634
0.108741
0.10885
0.108961
0.109071
0.10918
0.109287
0.109393
0.109498
0.1096
0.109701
0.109799
0.109896
0.109991
0.110084
0.110176
0.110266
0.110354
0.11044
0.110525
0.110608
0.11069
0.110771
0.11085
0.110927
0.111004
0.111079
0.111153
0.111226
0.111298
0.111369
0.111438
0.111503
0.0991526
0.108629
0.108249
0.108307
0.10836
0.108438
0.108531
0.108633
0.10874
0.10885
0.10896
0.10907
0.109179
0.109287
0.109393
0.109497
0.1096
0.1097
0.109799
0.109896
0.109991
0.110084
0.110176
0.110265
0.110353
0.11044
0.110525
0.110608
0.11069
0.11077
0.110849
0.110927
0.111004
0.111079
0.111153
0.111226
0.111298
0.111368
0.111438
0.111502
0.0991522
0.108629
0.108249
0.108307
0.10836
0.108438
0.108531
0.108633
0.10874
0.10885
0.10896
0.10907
0.109179
0.109287
0.109393
0.109497
0.1096
0.1097
0.109799
0.109896
0.109991
0.110084
0.110175
0.110265
0.110353
0.11044
0.110524
0.110608
0.11069
0.11077
0.110849
0.110927
0.111003
0.111079
0.111153
0.111225
0.111297
0.111368
0.111438
0.111502
0.0991518
0.108629
0.108249
0.108306
0.10836
0.108438
0.108531
0.108633
0.10874
0.10885
0.10896
0.10907
0.109179
0.109287
0.109393
0.109497
0.109599
0.1097
0.109799
0.109896
0.109991
0.110084
0.110175
0.110265
0.110353
0.110439
0.110524
0.110608
0.11069
0.11077
0.110849
0.110927
0.111003
0.111078
0.111152
0.111225
0.111297
0.111368
0.111438
0.111502
0.0991514
0.108629
0.108248
0.108306
0.10836
0.108438
0.108531
0.108633
0.10874
0.108849
0.10896
0.10907
0.109179
0.109286
0.109393
0.109497
0.109599
0.1097
0.109799
0.109896
0.109991
0.110084
0.110175
0.110265
0.110353
0.110439
0.110524
0.110608
0.110689
0.11077
0.110849
0.110927
0.111003
0.111078
0.111152
0.111225
0.111297
0.111368
0.111438
0.111502
0.0991509
0.108629
0.108248
0.108306
0.10836
0.108438
0.108531
0.108633
0.10874
0.108849
0.10896
0.10907
0.109179
0.109286
0.109393
0.109497
0.109599
0.1097
0.109799
0.109895
0.10999
0.110084
0.110175
0.110265
0.110353
0.110439
0.110524
0.110608
0.110689
0.11077
0.110849
0.110927
0.111003
0.111078
0.111152
0.111225
0.111297
0.111368
0.111438
0.111502
0.0991504
0.108629
0.108248
0.108306
0.10836
0.108438
0.108531
0.108633
0.10874
0.10885
0.10896
0.10907
0.109179
0.109286
0.109393
0.109497
0.109599
0.1097
0.109799
0.109895
0.10999
0.110084
0.110175
0.110265
0.110353
0.110439
0.110524
0.110608
0.110689
0.11077
0.110849
0.110927
0.111003
0.111078
0.111152
0.111225
0.111297
0.111368
0.111438
0.111502
0.0991499
0.108629
0.108249
0.108306
0.10836
0.108438
0.108531
0.108633
0.10874
0.10885
0.10896
0.10907
0.109179
0.109287
0.109393
0.109497
0.109599
0.1097
0.109799
0.109896
0.109991
0.110084
0.110175
0.110265
0.110353
0.110439
0.110524
0.110608
0.110689
0.11077
0.110849
0.110927
0.111003
0.111078
0.111152
0.111225
0.111297
0.111368
0.111438
0.111502
0.0991494
0.108629
0.108249
0.108306
0.10836
0.108438
0.108531
0.108633
0.10874
0.10885
0.10896
0.10907
0.109179
0.109287
0.109393
0.109497
0.109599
0.1097
0.109799
0.109896
0.109991
0.110084
0.110175
0.110265
0.110353
0.110439
0.110524
0.110608
0.110689
0.11077
0.110849
0.110927
0.111003
0.111078
0.111152
0.111225
0.111297
0.111368
0.111438
0.111502
0.0991489
0.108629
0.108249
0.108306
0.10836
0.108438
0.108531
0.108633
0.10874
0.10885
0.10896
0.10907
0.109179
0.109287
0.109393
0.109497
0.109599
0.1097
0.109799
0.109896
0.109991
0.110084
0.110175
0.110265
0.110353
0.110439
0.110524
0.110608
0.110689
0.11077
0.110849
0.110927
0.111003
0.111078
0.111152
0.111225
0.111297
0.111368
0.111438
0.111502
0.0991485
0.108629
0.108249
0.108306
0.10836
0.108438
0.108531
0.108633
0.10874
0.10885
0.10896
0.10907
0.109179
0.109287
0.109393
0.109497
0.109599
0.1097
0.109799
0.109896
0.109991
0.110084
0.110175
0.110265
0.110353
0.110439
0.110524
0.110608
0.110689
0.11077
0.110849
0.110927
0.111003
0.111078
0.111152
0.111225
0.111297
0.111368
0.111438
0.111502
0.0991481
0.108629
0.108249
0.108306
0.10836
0.108438
0.108531
0.108633
0.10874
0.10885
0.10896
0.10907
0.109179
0.109287
0.109393
0.109497
0.109599
0.1097
0.109799
0.109896
0.109991
0.110084
0.110175
0.110265
0.110353
0.110439
0.110524
0.110607
0.110689
0.11077
0.110849
0.110927
0.111003
0.111078
0.111152
0.111225
0.111297
0.111368
0.111437
0.111502
0.0991478
0.108629
0.108249
0.108306
0.10836
0.108438
0.108531
0.108633
0.10874
0.10885
0.10896
0.10907
0.109179
0.109287
0.109393
0.109497
0.109599
0.1097
0.109799
0.109895
0.10999
0.110084
0.110175
0.110265
0.110353
0.110439
0.110524
0.110607
0.110689
0.11077
0.110849
0.110926
0.111003
0.111078
0.111152
0.111225
0.111297
0.111368
0.111437
0.111502
0.0991476
0.108629
0.108249
0.108306
0.10836
0.108438
0.108531
0.108633
0.10874
0.10885
0.10896
0.10907
0.109179
0.109287
0.109393
0.109497
0.109599
0.1097
0.109799
0.109895
0.10999
0.110084
0.110175
0.110265
0.110353
0.110439
0.110524
0.110607
0.110689
0.11077
0.110849
0.110927
0.111003
0.111078
0.111152
0.111225
0.111297
0.111368
0.111438
0.111502
0.0991473
0.108629
0.108249
0.108306
0.10836
0.108438
0.108531
0.108633
0.10874
0.10885
0.10896
0.10907
0.109179
0.109287
0.109393
0.109497
0.109599
0.1097
0.109799
0.109895
0.10999
0.110084
0.110175
0.110265
0.110353
0.110439
0.110524
0.110608
0.110689
0.11077
0.110849
0.110927
0.111003
0.111078
0.111152
0.111225
0.111297
0.111368
0.111438
0.111502
0.0991471
0.108629
0.108249
0.108306
0.10836
0.108438
0.108531
0.108633
0.10874
0.10885
0.10896
0.10907
0.109179
0.109287
0.109393
0.109497
0.109599
0.1097
0.109799
0.109896
0.109991
0.110084
0.110175
0.110265
0.110353
0.110439
0.110524
0.110607
0.110689
0.11077
0.110849
0.110927
0.111003
0.111078
0.111152
0.111225
0.111297
0.111368
0.111438
0.111502
0.099147
0.108629
0.108249
0.108306
0.10836
0.108438
0.108531
0.108633
0.10874
0.10885
0.10896
0.10907
0.109179
0.109287
0.109393
0.109497
0.109599
0.1097
0.109799
0.109896
0.109991
0.110084
0.110175
0.110265
0.110353
0.110439
0.110524
0.110607
0.110689
0.11077
0.110849
0.110927
0.111003
0.111078
0.111152
0.111225
0.111297
0.111368
0.111437
0.111502
0.099147
0.108629
0.108249
0.108306
0.10836
0.108438
0.108531
0.108633
0.10874
0.10885
0.10896
0.10907
0.109179
0.109287
0.109393
0.109497
0.109599
0.1097
0.109799
0.109896
0.109991
0.110084
0.110175
0.110265
0.110353
0.110439
0.110524
0.110607
0.110689
0.11077
0.110849
0.110927
0.111003
0.111078
0.111152
0.111225
0.111297
0.111368
0.111438
0.111502
0.0991472
0.108629
0.108249
0.108306
0.10836
0.108438
0.108531
0.108633
0.10874
0.10885
0.10896
0.10907
0.109179
0.109287
0.109393
0.109497
0.109599
0.1097
0.109799
0.109896
0.109991
0.110084
0.110175
0.110265
0.110353
0.110439
0.110524
0.110608
0.110689
0.11077
0.110849
0.110927
0.111003
0.111078
0.111152
0.111225
0.111297
0.111368
0.111438
0.111502
0.0991473
0.108629
0.108249
0.108306
0.10836
0.108438
0.108531
0.108633
0.10874
0.10885
0.10896
0.10907
0.109179
0.109287
0.109393
0.109497
0.109599
0.1097
0.109799
0.109896
0.109991
0.110084
0.110175
0.110265
0.110353
0.110439
0.110524
0.110608
0.110689
0.11077
0.110849
0.110927
0.111003
0.111078
0.111152
0.111225
0.111297
0.111368
0.111438
0.111502
0.0991475
0.108629
0.108249
0.108307
0.10836
0.108438
0.108531
0.108633
0.10874
0.10885
0.10896
0.10907
0.109179
0.109287
0.109393
0.109497
0.1096
0.1097
0.109799
0.109896
0.109991
0.110084
0.110175
0.110265
0.110353
0.110439
0.110524
0.110608
0.11069
0.11077
0.110849
0.110927
0.111003
0.111078
0.111152
0.111225
0.111297
0.111368
0.111438
0.111502
0.0991478
0.108629
0.108249
0.108307
0.10836
0.108438
0.108531
0.108633
0.10874
0.10885
0.10896
0.10907
0.109179
0.109287
0.109393
0.109497
0.1096
0.1097
0.109799
0.109896
0.109991
0.110084
0.110175
0.110265
0.110353
0.11044
0.110524
0.110608
0.11069
0.11077
0.110849
0.110927
0.111003
0.111079
0.111153
0.111225
0.111297
0.111368
0.111438
0.111502
0.0991482
0.108629
0.108249
0.108306
0.10836
0.108438
0.108531
0.108633
0.10874
0.10885
0.10896
0.10907
0.109179
0.109287
0.109393
0.109497
0.1096
0.1097
0.109799
0.109896
0.109991
0.110084
0.110175
0.110265
0.110353
0.11044
0.110524
0.110608
0.11069
0.11077
0.110849
0.110927
0.111003
0.111079
0.111153
0.111226
0.111297
0.111368
0.111438
0.111502
0.0991486
0.108629
0.108249
0.108306
0.10836
0.108438
0.108531
0.108633
0.10874
0.10885
0.10896
0.10907
0.109179
0.109287
0.109393
0.109497
0.1096
0.1097
0.109799
0.109896
0.109991
0.110084
0.110175
0.110265
0.110353
0.11044
0.110524
0.110608
0.11069
0.11077
0.110849
0.110927
0.111003
0.111079
0.111153
0.111226
0.111297
0.111368
0.111438
0.111502
0.0991489
0.108629
0.108249
0.108306
0.10836
0.108438
0.108531
0.108633
0.10874
0.10885
0.10896
0.10907
0.109179
0.109287
0.109393
0.109497
0.109599
0.1097
0.109799
0.109896
0.109991
0.110084
0.110175
0.110265
0.110353
0.11044
0.110524
0.110608
0.11069
0.11077
0.110849
0.110927
0.111003
0.111079
0.111153
0.111226
0.111298
0.111368
0.111438
0.111502
0.0991493
0.108629
0.108248
0.108306
0.10836
0.108438
0.108531
0.108633
0.10874
0.10885
0.10896
0.10907
0.109179
0.109287
0.109393
0.109497
0.109599
0.1097
0.109799
0.109896
0.109991
0.110084
0.110175
0.110265
0.110353
0.11044
0.110524
0.110608
0.11069
0.11077
0.110849
0.110927
0.111004
0.111079
0.111153
0.111226
0.111298
0.111368
0.111438
0.111503
0.0991498
0.108629
0.108248
0.108306
0.10836
0.108438
0.108531
0.108633
0.10874
0.108849
0.10896
0.10907
0.109179
0.109287
0.109393
0.109497
0.109599
0.1097
0.109799
0.109896
0.109991
0.110084
0.110175
0.110265
0.110353
0.11044
0.110525
0.110608
0.11069
0.11077
0.110849
0.110927
0.111004
0.111079
0.111153
0.111226
0.111298
0.111368
0.111438
0.111503
0.0991504
0.108629
0.108248
0.108306
0.108359
0.108438
0.108531
0.108633
0.10874
0.108849
0.10896
0.10907
0.109179
0.109286
0.109393
0.109497
0.109599
0.1097
0.109799
0.109896
0.109991
0.110084
0.110175
0.110265
0.110353
0.11044
0.110524
0.110608
0.11069
0.11077
0.110849
0.110927
0.111004
0.111079
0.111153
0.111226
0.111298
0.111368
0.111438
0.111503
0.0991509
0.108629
0.108248
0.108306
0.108359
0.108438
0.108531
0.108633
0.10874
0.108849
0.10896
0.10907
0.109179
0.109286
0.109393
0.109497
0.109599
0.1097
0.109799
0.109896
0.109991
0.110084
0.110175
0.110265
0.110353
0.11044
0.110524
0.110608
0.11069
0.11077
0.110849
0.110927
0.111004
0.111079
0.111153
0.111226
0.111298
0.111369
0.111438
0.111503
0.0991513
0.108629
0.108249
0.108306
0.10836
0.108438
0.108531
0.108633
0.10874
0.10885
0.10896
0.10907
0.109179
0.109287
0.109393
0.109497
0.1096
0.1097
0.109799
0.109896
0.109991
0.110084
0.110175
0.110265
0.110353
0.11044
0.110525
0.110608
0.11069
0.11077
0.110849
0.110927
0.111004
0.111079
0.111153
0.111226
0.111298
0.111369
0.111438
0.111503
0.0991518
0.10863
0.108249
0.108307
0.10836
0.108438
0.108532
0.108634
0.108741
0.10885
0.108961
0.109071
0.10918
0.109287
0.109393
0.109498
0.1096
0.109701
0.1098
0.109897
0.109992
0.110085
0.110176
0.110266
0.110354
0.110441
0.110525
0.110609
0.110691
0.110771
0.11085
0.110928
0.111005
0.11108
0.111154
0.111227
0.111299
0.111369
0.111439
0.111504
0.099152
0.108634
0.108253
0.108311
0.108364
0.108442
0.108536
0.108638
0.108745
0.108854
0.108965
0.109074
0.109184
0.109291
0.109397
0.109502
0.109604
0.109705
0.109803
0.1099
0.109995
0.110089
0.11018
0.11027
0.110358
0.110444
0.110529
0.110613
0.110694
0.110775
0.110854
0.110932
0.111008
0.111083
0.111157
0.11123
0.111302
0.111373
0.111443
0.111507
0.0991527
0.108655
0.108271
0.108329
0.108382
0.10846
0.108553
0.108655
0.108762
0.108872
0.108982
0.109092
0.109201
0.109308
0.109414
0.109519
0.109621
0.109722
0.10982
0.109917
0.110012
0.110105
0.110197
0.110286
0.110374
0.110461
0.110545
0.110629
0.110711
0.110791
0.11087
0.110948
0.111024
0.111099
0.111173
0.111246
0.111318
0.111389
0.111458
0.111522
0.0991526
0.108775
0.108382
0.10844
0.108493
0.10857
0.108664
0.108766
0.108873
0.108982
0.109092
0.109202
0.109311
0.109419
0.109525
0.109629
0.109732
0.109832
0.109931
0.110028
0.110123
0.110216
0.110308
0.110397
0.110485
0.110572
0.110657
0.11074
0.110822
0.110902
0.110981
0.111059
0.111136
0.111211
0.111285
0.111358
0.11143
0.111501
0.111571
0.111635
0.0991527
0.109381
0.108975
0.109034
0.109089
0.109169
0.109264
0.109369
0.109478
0.10959
0.109702
0.109815
0.109926
0.110036
0.110145
0.110251
0.110356
0.110459
0.110561
0.11066
0.110757
0.110853
0.110947
0.111039
0.11113
0.111219
0.111306
0.111392
0.111477
0.11156
0.111641
0.111722
0.111801
0.111879
0.111955
0.112031
0.112105
0.112179
0.112251
0.112318
0.0991487
0.111565
0.111294
0.111363
0.111427
0.111517
0.111622
0.111737
0.111856
0.111979
0.112102
0.112225
0.112347
0.112468
0.112587
0.112704
0.11282
0.112933
0.113045
0.113154
0.113262
0.113368
0.113472
0.113574
0.113674
0.113773
0.11387
0.113965
0.114059
0.114152
0.114243
0.114332
0.114421
0.114508
0.114593
0.114678
0.114761
0.114843
0.114925
0.115
0.0986182
0.107962
0.10759
0.107655
0.107712
0.107795
0.107893
0.108
0.108113
0.108227
0.108342
0.108457
0.108571
0.108683
0.108793
0.108902
0.109009
0.109113
0.109216
0.109317
0.109415
0.109512
0.109607
0.1097
0.109792
0.109882
0.10997
0.110056
0.110141
0.110225
0.110307
0.110388
0.110467
0.110545
0.110622
0.110698
0.110773
0.110846
0.110919
0.110986
0.0851489
0.108098
0.107735
0.107798
0.107854
0.107935
0.108031
0.108136
0.108246
0.108359
0.108472
0.108585
0.108696
0.108807
0.108915
0.109022
0.109127
0.109229
0.10933
0.109429
0.109526
0.109622
0.109715
0.109807
0.109897
0.109985
0.110072
0.110157
0.110241
0.110323
0.110404
0.110483
0.110561
0.110638
0.110714
0.110789
0.110862
0.110935
0.111006
0.111072
0.085596
0.108138
0.107775
0.107837
0.107893
0.107974
0.108071
0.108176
0.108286
0.108399
0.108512
0.108625
0.108737
0.108847
0.108956
0.109062
0.109167
0.10927
0.109371
0.10947
0.109567
0.109662
0.109755
0.109847
0.109937
0.110025
0.110112
0.110197
0.11028
0.110362
0.110443
0.110523
0.110601
0.110677
0.110753
0.110828
0.110901
0.110973
0.111045
0.11111
0.085596
0.108145
0.107781
0.107843
0.107899
0.107981
0.108077
0.108183
0.108293
0.108406
0.108519
0.108632
0.108744
0.108854
0.108963
0.10907
0.109175
0.109277
0.109378
0.109477
0.109575
0.10967
0.109763
0.109855
0.109945
0.110033
0.11012
0.110205
0.110289
0.110371
0.110452
0.110531
0.110609
0.110686
0.110762
0.110837
0.11091
0.110983
0.111054
0.111119
0.0855957
0.108145
0.107781
0.107844
0.1079
0.107981
0.108078
0.108183
0.108293
0.108406
0.10852
0.108632
0.108744
0.108855
0.108963
0.10907
0.109175
0.109278
0.109379
0.109478
0.109575
0.109671
0.109764
0.109856
0.109946
0.110034
0.110121
0.110206
0.11029
0.110372
0.110453
0.110532
0.110611
0.110687
0.110763
0.110838
0.110911
0.110984
0.111055
0.111121
0.0855954
0.108144
0.107781
0.107843
0.107899
0.107981
0.108077
0.108183
0.108293
0.108406
0.108519
0.108632
0.108744
0.108854
0.108963
0.10907
0.109175
0.109278
0.109379
0.109478
0.109575
0.10967
0.109764
0.109856
0.109946
0.110034
0.110121
0.110206
0.11029
0.110372
0.110453
0.110532
0.11061
0.110687
0.110763
0.110838
0.110911
0.110984
0.111055
0.111121
0.0855951
0.108144
0.10778
0.107843
0.107899
0.10798
0.108077
0.108182
0.108293
0.108405
0.108519
0.108632
0.108744
0.108854
0.108963
0.10907
0.109175
0.109278
0.109379
0.109478
0.109575
0.10967
0.109764
0.109855
0.109945
0.110034
0.11012
0.110206
0.110289
0.110372
0.110452
0.110532
0.11061
0.110687
0.110763
0.110837
0.110911
0.110983
0.111055
0.11112
0.0855946
0.108144
0.10778
0.107843
0.107899
0.10798
0.108077
0.108182
0.108293
0.108405
0.108519
0.108632
0.108744
0.108854
0.108963
0.10907
0.109174
0.109277
0.109378
0.109478
0.109575
0.10967
0.109763
0.109855
0.109945
0.110034
0.11012
0.110205
0.110289
0.110371
0.110452
0.110532
0.11061
0.110687
0.110763
0.110837
0.110911
0.110983
0.111055
0.11112
0.0855942
0.108144
0.10778
0.107843
0.107899
0.10798
0.108077
0.108182
0.108293
0.108405
0.108519
0.108632
0.108744
0.108854
0.108963
0.10907
0.109174
0.109277
0.109378
0.109477
0.109575
0.10967
0.109763
0.109855
0.109945
0.110033
0.11012
0.110205
0.110289
0.110371
0.110452
0.110532
0.11061
0.110687
0.110763
0.110837
0.110911
0.110983
0.111055
0.11112
0.0855937
0.108144
0.10778
0.107843
0.107899
0.10798
0.108077
0.108182
0.108293
0.108405
0.108519
0.108632
0.108744
0.108854
0.108963
0.109069
0.109174
0.109277
0.109378
0.109477
0.109575
0.10967
0.109763
0.109855
0.109945
0.110033
0.11012
0.110205
0.110289
0.110371
0.110452
0.110532
0.11061
0.110687
0.110762
0.110837
0.110911
0.110983
0.111054
0.11112
0.0855933
0.108144
0.10778
0.107843
0.107899
0.10798
0.108077
0.108182
0.108293
0.108405
0.108519
0.108632
0.108744
0.108854
0.108963
0.10907
0.109174
0.109277
0.109378
0.109477
0.109575
0.10967
0.109763
0.109855
0.109945
0.110033
0.11012
0.110205
0.110289
0.110371
0.110452
0.110532
0.11061
0.110687
0.110762
0.110837
0.11091
0.110983
0.111054
0.11112
0.0855928
0.108144
0.10778
0.107843
0.107899
0.10798
0.108077
0.108182
0.108293
0.108405
0.108519
0.108632
0.108744
0.108854
0.108963
0.10907
0.109174
0.109277
0.109378
0.109477
0.109575
0.10967
0.109763
0.109855
0.109945
0.110033
0.11012
0.110205
0.110289
0.110371
0.110452
0.110532
0.11061
0.110687
0.110762
0.110837
0.11091
0.110983
0.111054
0.11112
0.0855923
0.108144
0.10778
0.107843
0.107899
0.10798
0.108077
0.108182
0.108293
0.108405
0.108519
0.108632
0.108744
0.108854
0.108963
0.10907
0.109174
0.109277
0.109378
0.109477
0.109575
0.10967
0.109763
0.109855
0.109945
0.110033
0.11012
0.110205
0.110289
0.110371
0.110452
0.110532
0.11061
0.110687
0.110762
0.110837
0.110911
0.110983
0.111054
0.11112
0.0855919
0.108144
0.10778
0.107843
0.107899
0.10798
0.108077
0.108182
0.108293
0.108405
0.108519
0.108632
0.108744
0.108854
0.108963
0.10907
0.109174
0.109277
0.109378
0.109477
0.109575
0.10967
0.109763
0.109855
0.109945
0.110033
0.11012
0.110205
0.110289
0.110371
0.110452
0.110532
0.11061
0.110687
0.110762
0.110837
0.110911
0.110983
0.111054
0.11112
0.0855915
0.108144
0.10778
0.107843
0.107899
0.10798
0.108077
0.108182
0.108293
0.108405
0.108519
0.108632
0.108744
0.108854
0.108963
0.10907
0.109174
0.109277
0.109378
0.109477
0.109575
0.10967
0.109763
0.109855
0.109945
0.110033
0.11012
0.110205
0.110289
0.110371
0.110452
0.110532
0.11061
0.110687
0.110762
0.110837
0.110911
0.110983
0.111054
0.11112
0.0855911
0.108144
0.10778
0.107843
0.107899
0.10798
0.108077
0.108182
0.108293
0.108405
0.108519
0.108632
0.108744
0.108854
0.108963
0.10907
0.109174
0.109277
0.109378
0.109477
0.109575
0.10967
0.109763
0.109855
0.109945
0.110033
0.11012
0.110205
0.110289
0.110371
0.110452
0.110531
0.11061
0.110687
0.110762
0.110837
0.11091
0.110983
0.111054
0.11112
0.0855908
0.108144
0.10778
0.107843
0.107899
0.10798
0.108077
0.108182
0.108293
0.108405
0.108519
0.108632
0.108744
0.108854
0.108963
0.10907
0.109174
0.109277
0.109378
0.109477
0.109575
0.10967
0.109763
0.109855
0.109945
0.110033
0.11012
0.110205
0.110289
0.110371
0.110452
0.110531
0.11061
0.110687
0.110762
0.110837
0.11091
0.110983
0.111054
0.11112
0.0855905
0.108144
0.10778
0.107843
0.107899
0.10798
0.108077
0.108182
0.108293
0.108405
0.108519
0.108632
0.108744
0.108854
0.108963
0.10907
0.109174
0.109277
0.109378
0.109477
0.109575
0.10967
0.109763
0.109855
0.109945
0.110033
0.11012
0.110205
0.110289
0.110371
0.110452
0.110532
0.11061
0.110687
0.110762
0.110837
0.11091
0.110983
0.111054
0.11112
0.0855903
0.108144
0.10778
0.107843
0.107899
0.10798
0.108077
0.108182
0.108293
0.108405
0.108519
0.108632
0.108744
0.108854
0.108963
0.10907
0.109174
0.109277
0.109378
0.109477
0.109575
0.10967
0.109763
0.109855
0.109945
0.110033
0.11012
0.110205
0.110289
0.110371
0.110452
0.110532
0.11061
0.110687
0.110762
0.110837
0.110911
0.110983
0.111055
0.11112
0.0855901
0.108144
0.10778
0.107843
0.107899
0.10798
0.108077
0.108182
0.108293
0.108405
0.108519
0.108632
0.108744
0.108854
0.108963
0.10907
0.109174
0.109277
0.109378
0.109477
0.109575
0.10967
0.109763
0.109855
0.109945
0.110033
0.11012
0.110205
0.110289
0.110371
0.110452
0.110532
0.11061
0.110687
0.110762
0.110837
0.110911
0.110983
0.111055
0.11112
0.08559
0.108144
0.10778
0.107843
0.107899
0.10798
0.108077
0.108182
0.108293
0.108405
0.108519
0.108632
0.108744
0.108854
0.108963
0.10907
0.109174
0.109277
0.109378
0.109477
0.109575
0.10967
0.109763
0.109855
0.109945
0.110033
0.11012
0.110205
0.110289
0.110371
0.110452
0.110532
0.11061
0.110687
0.110762
0.110837
0.110911
0.110983
0.111054
0.11112
0.08559
0.108144
0.10778
0.107843
0.107899
0.10798
0.108077
0.108182
0.108293
0.108405
0.108519
0.108632
0.108744
0.108854
0.108963
0.10907
0.109175
0.109277
0.109378
0.109477
0.109575
0.10967
0.109763
0.109855
0.109945
0.110033
0.11012
0.110205
0.110289
0.110371
0.110452
0.110532
0.11061
0.110687
0.110762
0.110837
0.11091
0.110983
0.111054
0.11112
0.08559
0.108144
0.10778
0.107843
0.107899
0.10798
0.108077
0.108182
0.108293
0.108405
0.108519
0.108632
0.108744
0.108854
0.108963
0.10907
0.109175
0.109277
0.109378
0.109477
0.109575
0.10967
0.109763
0.109855
0.109945
0.110033
0.11012
0.110205
0.110289
0.110371
0.110452
0.110532
0.11061
0.110687
0.110762
0.110837
0.110911
0.110983
0.111054
0.11112
0.0855902
0.108144
0.10778
0.107843
0.107899
0.10798
0.108077
0.108182
0.108293
0.108405
0.108519
0.108632
0.108744
0.108854
0.108963
0.10907
0.109175
0.109277
0.109378
0.109478
0.109575
0.10967
0.109763
0.109855
0.109945
0.110033
0.11012
0.110205
0.110289
0.110371
0.110452
0.110532
0.11061
0.110687
0.110763
0.110837
0.110911
0.110983
0.111055
0.11112
0.0855904
0.108144
0.10778
0.107843
0.107899
0.10798
0.108077
0.108182
0.108293
0.108405
0.108519
0.108632
0.108744
0.108854
0.108963
0.10907
0.109175
0.109277
0.109378
0.109478
0.109575
0.10967
0.109763
0.109855
0.109945
0.110034
0.11012
0.110205
0.110289
0.110371
0.110452
0.110532
0.11061
0.110687
0.110763
0.110837
0.110911
0.110983
0.111055
0.11112
0.0855907
0.108144
0.10778
0.107843
0.107899
0.10798
0.108077
0.108182
0.108293
0.108405
0.108519
0.108632
0.108744
0.108854
0.108963
0.10907
0.109175
0.109278
0.109378
0.109478
0.109575
0.10967
0.109763
0.109855
0.109945
0.110034
0.11012
0.110205
0.110289
0.110371
0.110452
0.110532
0.11061
0.110687
0.110763
0.110837
0.110911
0.110983
0.111055
0.11112
0.0855911
0.108144
0.10778
0.107843
0.107899
0.10798
0.108077
0.108182
0.108293
0.108405
0.108519
0.108632
0.108744
0.108854
0.108963
0.10907
0.109175
0.109278
0.109379
0.109478
0.109575
0.10967
0.109764
0.109855
0.109945
0.110034
0.11012
0.110206
0.110289
0.110371
0.110452
0.110532
0.11061
0.110687
0.110763
0.110837
0.110911
0.110983
0.111055
0.11112
0.0855914
0.108144
0.10778
0.107843
0.107899
0.10798
0.108077
0.108182
0.108293
0.108405
0.108519
0.108632
0.108744
0.108854
0.108963
0.10907
0.109175
0.109278
0.109379
0.109478
0.109575
0.10967
0.109764
0.109855
0.109945
0.110034
0.11012
0.110206
0.110289
0.110372
0.110452
0.110532
0.11061
0.110687
0.110763
0.110837
0.110911
0.110983
0.111055
0.111121
0.0855918
0.108144
0.10778
0.107843
0.107899
0.10798
0.108077
0.108182
0.108293
0.108405
0.108519
0.108632
0.108744
0.108854
0.108963
0.10907
0.109175
0.109278
0.109379
0.109478
0.109575
0.10967
0.109764
0.109855
0.109945
0.110034
0.11012
0.110206
0.110289
0.110372
0.110452
0.110532
0.11061
0.110687
0.110763
0.110838
0.110911
0.110984
0.111055
0.111121
0.0855923
0.108144
0.10778
0.107843
0.107899
0.10798
0.108077
0.108182
0.108293
0.108405
0.108519
0.108632
0.108744
0.108854
0.108963
0.10907
0.109175
0.109277
0.109379
0.109478
0.109575
0.10967
0.109764
0.109855
0.109945
0.110034
0.11012
0.110206
0.110289
0.110372
0.110452
0.110532
0.11061
0.110687
0.110763
0.110838
0.110911
0.110984
0.111055
0.111121
0.0855928
0.108144
0.10778
0.107843
0.107899
0.10798
0.108077
0.108182
0.108293
0.108405
0.108519
0.108632
0.108744
0.108854
0.108963
0.10907
0.109174
0.109277
0.109378
0.109478
0.109575
0.10967
0.109764
0.109855
0.109945
0.110034
0.11012
0.110206
0.110289
0.110372
0.110453
0.110532
0.11061
0.110687
0.110763
0.110838
0.110911
0.110984
0.111055
0.111121
0.0855933
0.108144
0.10778
0.107843
0.107899
0.10798
0.108077
0.108182
0.108292
0.108405
0.108519
0.108632
0.108743
0.108854
0.108963
0.10907
0.109174
0.109277
0.109378
0.109478
0.109575
0.10967
0.109764
0.109855
0.109945
0.110034
0.110121
0.110206
0.110289
0.110372
0.110453
0.110532
0.11061
0.110687
0.110763
0.110838
0.110911
0.110984
0.111055
0.111121
0.0855937
0.108144
0.10778
0.107842
0.107899
0.10798
0.108077
0.108182
0.108292
0.108405
0.108519
0.108632
0.108743
0.108854
0.108963
0.10907
0.109174
0.109277
0.109378
0.109478
0.109575
0.10967
0.109764
0.109855
0.109945
0.110034
0.110121
0.110206
0.110289
0.110372
0.110453
0.110532
0.11061
0.110687
0.110763
0.110838
0.110911
0.110984
0.111055
0.111121
0.0855942
0.108144
0.10778
0.107843
0.107899
0.10798
0.108077
0.108182
0.108293
0.108405
0.108519
0.108632
0.108744
0.108854
0.108963
0.10907
0.109175
0.109278
0.109379
0.109478
0.109575
0.10967
0.109764
0.109855
0.109945
0.110034
0.110121
0.110206
0.11029
0.110372
0.110453
0.110532
0.110611
0.110687
0.110763
0.110838
0.110911
0.110984
0.111055
0.111121
0.0855946
0.108145
0.107781
0.107843
0.1079
0.107981
0.108077
0.108183
0.108293
0.108406
0.108519
0.108632
0.108744
0.108855
0.108963
0.10907
0.109175
0.109278
0.109379
0.109478
0.109576
0.109671
0.109764
0.109856
0.109946
0.110035
0.110121
0.110207
0.11029
0.110373
0.110453
0.110533
0.110611
0.110688
0.110764
0.110839
0.110912
0.110985
0.111056
0.111122
0.085595
0.108149
0.107784
0.107847
0.107903
0.107984
0.108081
0.108186
0.108297
0.10841
0.108523
0.108636
0.108748
0.108858
0.108967
0.109074
0.109179
0.109282
0.109383
0.109482
0.109579
0.109674
0.109768
0.10986
0.10995
0.110038
0.110125
0.11021
0.110294
0.110376
0.110457
0.110536
0.110615
0.110692
0.110767
0.110842
0.110915
0.110988
0.111059
0.111125
0.0855953
0.108169
0.107801
0.107864
0.10792
0.108001
0.108098
0.108203
0.108313
0.108426
0.108539
0.108652
0.108764
0.108874
0.108983
0.10909
0.109195
0.109298
0.109399
0.109498
0.109595
0.10969
0.109783
0.109875
0.109965
0.110053
0.11014
0.110225
0.110309
0.110391
0.110472
0.110551
0.110629
0.110706
0.110782
0.110856
0.11093
0.111002
0.111074
0.111139
0.0855956
0.108289
0.107912
0.107974
0.10803
0.108111
0.108208
0.108313
0.108424
0.108536
0.10865
0.108762
0.108874
0.108985
0.109093
0.1092
0.109305
0.109408
0.109509
0.109608
0.109705
0.1098
0.109894
0.109986
0.110076
0.110164
0.110251
0.110336
0.11042
0.110502
0.110583
0.110662
0.110741
0.110818
0.110893
0.110968
0.111041
0.111114
0.111186
0.111251
0.0855954
0.108903
0.108512
0.108576
0.108634
0.108718
0.108816
0.108924
0.109037
0.109152
0.109267
0.109383
0.109497
0.10961
0.109721
0.10983
0.109937
0.110043
0.110146
0.110248
0.110347
0.110445
0.110541
0.110635
0.110728
0.110819
0.110908
0.110996
0.111082
0.111167
0.11125
0.111332
0.111413
0.111493
0.111571
0.111648
0.111724
0.111799
0.111873
0.111941
0.085592
0.1111
0.110842
0.110915
0.110983
0.111076
0.111185
0.111303
0.111426
0.111552
0.111678
0.111805
0.11193
0.112053
0.112175
0.112295
0.112413
0.112528
0.112642
0.112754
0.112864
0.112972
0.113078
0.113182
0.113284
0.113385
0.113483
0.113581
0.113676
0.11377
0.113863
0.113954
0.114044
0.114133
0.11422
0.114306
0.114391
0.114475
0.114558
0.114634
0.0851336
0.107445
0.107091
0.10716
0.107221
0.107308
0.10741
0.107521
0.107636
0.107754
0.107873
0.107991
0.108108
0.108223
0.108337
0.108448
0.108557
0.108665
0.10877
0.108873
0.108974
0.109073
0.109171
0.109266
0.10936
0.109452
0.109542
0.109631
0.109718
0.109804
0.109888
0.10997
0.110052
0.110132
0.110211
0.110289
0.110365
0.11044
0.110515
0.110583
0.0736049
0.107586
0.10724
0.107308
0.107367
0.107451
0.107551
0.10766
0.107774
0.10789
0.108006
0.108122
0.108237
0.10835
0.108462
0.108571
0.108679
0.108784
0.108888
0.108989
0.109088
0.109186
0.109282
0.109376
0.109468
0.109558
0.109647
0.109735
0.10982
0.109905
0.109988
0.110069
0.110149
0.110228
0.110306
0.110382
0.110458
0.110532
0.110605
0.110672
0.0739914
0.107627
0.10728
0.107348
0.107407
0.107492
0.107592
0.107701
0.107815
0.107931
0.108047
0.108164
0.108278
0.108392
0.108503
0.108613
0.10872
0.108825
0.108929
0.10903
0.10913
0.109227
0.109323
0.109417
0.109509
0.109599
0.109688
0.109775
0.109861
0.109945
0.110028
0.110109
0.110189
0.110268
0.110346
0.110422
0.110497
0.110571
0.110645
0.110711
0.0739913
0.107633
0.107286
0.107354
0.107413
0.107498
0.107598
0.107707
0.107821
0.107938
0.108054
0.108171
0.108285
0.108399
0.10851
0.10862
0.108728
0.108833
0.108937
0.109038
0.109138
0.109235
0.109331
0.109425
0.109517
0.109608
0.109697
0.109784
0.10987
0.109954
0.110037
0.110118
0.110198
0.110277
0.110355
0.110431
0.110506
0.110581
0.110654
0.11072
0.0739911
0.107633
0.107286
0.107354
0.107413
0.107498
0.107599
0.107708
0.107822
0.107938
0.108055
0.108171
0.108286
0.108399
0.108511
0.108621
0.108728
0.108834
0.108937
0.109039
0.109138
0.109236
0.109332
0.109426
0.109518
0.109609
0.109697
0.109785
0.109871
0.109955
0.110038
0.110119
0.110199
0.110278
0.110356
0.110432
0.110508
0.110582
0.110655
0.110722
0.0739908
0.107632
0.107286
0.107354
0.107413
0.107498
0.107598
0.107707
0.107821
0.107938
0.108054
0.108171
0.108286
0.108399
0.108511
0.10862
0.108728
0.108833
0.108937
0.109038
0.109138
0.109236
0.109331
0.109425
0.109518
0.109608
0.109697
0.109784
0.10987
0.109955
0.110037
0.110119
0.110199
0.110278
0.110356
0.110432
0.110507
0.110582
0.110655
0.110722
0.0739904
0.107632
0.107285
0.107353
0.107413
0.107498
0.107598
0.107707
0.107821
0.107937
0.108054
0.10817
0.108285
0.108399
0.10851
0.10862
0.108728
0.108833
0.108937
0.109038
0.109138
0.109235
0.109331
0.109425
0.109517
0.109608
0.109697
0.109784
0.10987
0.109954
0.110037
0.110119
0.110199
0.110278
0.110355
0.110432
0.110507
0.110581
0.110655
0.110721
0.07399
0.107632
0.107285
0.107353
0.107413
0.107497
0.107598
0.107707
0.107821
0.107937
0.108054
0.10817
0.108285
0.108399
0.10851
0.10862
0.108727
0.108833
0.108936
0.109038
0.109138
0.109235
0.109331
0.109425
0.109517
0.109608
0.109697
0.109784
0.10987
0.109954
0.110037
0.110119
0.110199
0.110278
0.110355
0.110432
0.110507
0.110581
0.110655
0.110721
0.0739896
0.107632
0.107285
0.107353
0.107412
0.107497
0.107598
0.107707
0.107821
0.107937
0.108054
0.10817
0.108285
0.108398
0.10851
0.10862
0.108727
0.108833
0.108936
0.109038
0.109138
0.109235
0.109331
0.109425
0.109517
0.109608
0.109697
0.109784
0.10987
0.109954
0.110037
0.110118
0.110199
0.110277
0.110355
0.110432
0.110507
0.110581
0.110654
0.110721
0.0739892
0.107632
0.107285
0.107353
0.107412
0.107497
0.107598
0.107707
0.107821
0.107937
0.108054
0.10817
0.108285
0.108398
0.10851
0.10862
0.108727
0.108833
0.108936
0.109038
0.109137
0.109235
0.109331
0.109425
0.109517
0.109608
0.109697
0.109784
0.10987
0.109954
0.110037
0.110118
0.110199
0.110277
0.110355
0.110431
0.110507
0.110581
0.110654
0.110721
0.0739888
0.107632
0.107285
0.107353
0.107413
0.107497
0.107598
0.107707
0.107821
0.107937
0.108054
0.10817
0.108285
0.108399
0.10851
0.10862
0.108727
0.108833
0.108936
0.109038
0.109138
0.109235
0.109331
0.109425
0.109517
0.109608
0.109697
0.109784
0.10987
0.109954
0.110037
0.110118
0.110199
0.110277
0.110355
0.110431
0.110507
0.110581
0.110654
0.110721
0.0739884
0.107632
0.107285
0.107353
0.107413
0.107497
0.107598
0.107707
0.107821
0.107937
0.108054
0.10817
0.108285
0.108399
0.10851
0.10862
0.108727
0.108833
0.108936
0.109038
0.109138
0.109235
0.109331
0.109425
0.109517
0.109608
0.109697
0.109784
0.10987
0.109954
0.110037
0.110118
0.110199
0.110277
0.110355
0.110431
0.110507
0.110581
0.110654
0.110721
0.073988
0.107632
0.107285
0.107353
0.107413
0.107497
0.107598
0.107707
0.107821
0.107937
0.108054
0.10817
0.108285
0.108399
0.10851
0.10862
0.108727
0.108833
0.108936
0.109038
0.109138
0.109235
0.109331
0.109425
0.109517
0.109608
0.109697
0.109784
0.10987
0.109954
0.110037
0.110118
0.110199
0.110277
0.110355
0.110431
0.110507
0.110581
0.110654
0.110721
0.0739876
0.107632
0.107285
0.107353
0.107413
0.107497
0.107598
0.107707
0.107821
0.107937
0.108054
0.10817
0.108285
0.108399
0.10851
0.10862
0.108727
0.108833
0.108936
0.109038
0.109138
0.109235
0.109331
0.109425
0.109517
0.109608
0.109697
0.109784
0.10987
0.109954
0.110037
0.110118
0.110199
0.110277
0.110355
0.110432
0.110507
0.110581
0.110654
0.110721
0.0739872
0.107632
0.107285
0.107353
0.107413
0.107497
0.107598
0.107707
0.107821
0.107937
0.108054
0.10817
0.108285
0.108399
0.10851
0.10862
0.108727
0.108833
0.108936
0.109038
0.109138
0.109235
0.109331
0.109425
0.109517
0.109608
0.109697
0.109784
0.10987
0.109954
0.110037
0.110118
0.110199
0.110277
0.110355
0.110432
0.110507
0.110581
0.110654
0.110721
0.0739868
0.107632
0.107285
0.107353
0.107413
0.107497
0.107598
0.107707
0.107821
0.107937
0.108054
0.10817
0.108285
0.108399
0.10851
0.10862
0.108727
0.108833
0.108936
0.109038
0.109138
0.109235
0.109331
0.109425
0.109517
0.109608
0.109697
0.109784
0.10987
0.109954
0.110037
0.110118
0.110198
0.110277
0.110355
0.110431
0.110507
0.110581
0.110654
0.110721
0.0739865
0.107632
0.107285
0.107353
0.107413
0.107497
0.107598
0.107707
0.107821
0.107937
0.108054
0.10817
0.108285
0.108399
0.10851
0.10862
0.108727
0.108833
0.108936
0.109038
0.109138
0.109235
0.109331
0.109425
0.109517
0.109608
0.109697
0.109784
0.10987
0.109954
0.110037
0.110118
0.110198
0.110277
0.110355
0.110431
0.110507
0.110581
0.110654
0.110721
0.0739863
0.107632
0.107285
0.107353
0.107413
0.107497
0.107598
0.107707
0.107821
0.107937
0.108054
0.10817
0.108285
0.108399
0.10851
0.10862
0.108727
0.108833
0.108936
0.109038
0.109138
0.109235
0.109331
0.109425
0.109517
0.109608
0.109697
0.109784
0.10987
0.109954
0.110037
0.110118
0.110198
0.110277
0.110355
0.110431
0.110507
0.110581
0.110654
0.110721
0.0739861
0.107632
0.107285
0.107353
0.107413
0.107497
0.107598
0.107707
0.107821
0.107937
0.108054
0.10817
0.108285
0.108399
0.10851
0.10862
0.108727
0.108833
0.108936
0.109038
0.109138
0.109235
0.109331
0.109425
0.109517
0.109608
0.109697
0.109784
0.10987
0.109954
0.110037
0.110118
0.110199
0.110277
0.110355
0.110432
0.110507
0.110581
0.110654
0.110721
0.073986
0.107632
0.107285
0.107353
0.107413
0.107497
0.107598
0.107707
0.107821
0.107937
0.108054
0.10817
0.108285
0.108399
0.10851
0.10862
0.108727
0.108833
0.108936
0.109038
0.109138
0.109235
0.109331
0.109425
0.109517
0.109608
0.109697
0.109784
0.10987
0.109954
0.110037
0.110119
0.110199
0.110278
0.110355
0.110432
0.110507
0.110581
0.110655
0.110721
0.0739859
0.107632
0.107285
0.107353
0.107413
0.107497
0.107598
0.107707
0.107821
0.107937
0.108054
0.10817
0.108285
0.108399
0.10851
0.10862
0.108727
0.108833
0.108937
0.109038
0.109138
0.109235
0.109331
0.109425
0.109517
0.109608
0.109697
0.109784
0.10987
0.109954
0.110037
0.110119
0.110199
0.110278
0.110355
0.110432
0.110507
0.110581
0.110655
0.110721
0.0739858
0.107632
0.107285
0.107353
0.107413
0.107497
0.107598
0.107707
0.107821
0.107937
0.108054
0.10817
0.108285
0.108399
0.10851
0.10862
0.108727
0.108833
0.108937
0.109038
0.109138
0.109235
0.109331
0.109425
0.109517
0.109608
0.109697
0.109784
0.10987
0.109954
0.110037
0.110119
0.110199
0.110278
0.110355
0.110432
0.110507
0.110581
0.110655
0.110721
0.0739859
0.107632
0.107285
0.107353
0.107413
0.107497
0.107598
0.107707
0.107821
0.107937
0.108054
0.10817
0.108285
0.108399
0.10851
0.10862
0.108727
0.108833
0.108937
0.109038
0.109138
0.109235
0.109331
0.109425
0.109517
0.109608
0.109697
0.109784
0.10987
0.109954
0.110037
0.110118
0.110199
0.110278
0.110355
0.110432
0.110507
0.110581
0.110655
0.110721
0.073986
0.107632
0.107285
0.107353
0.107413
0.107498
0.107598
0.107707
0.107821
0.107937
0.108054
0.10817
0.108285
0.108399
0.10851
0.10862
0.108727
0.108833
0.108937
0.109038
0.109138
0.109235
0.109331
0.109425
0.109517
0.109608
0.109697
0.109784
0.10987
0.109954
0.110037
0.110119
0.110199
0.110278
0.110355
0.110432
0.110507
0.110581
0.110655
0.110721
0.0739862
0.107632
0.107285
0.107353
0.107413
0.107498
0.107598
0.107707
0.107821
0.107937
0.108054
0.10817
0.108285
0.108399
0.10851
0.10862
0.108727
0.108833
0.108937
0.109038
0.109138
0.109235
0.109331
0.109425
0.109517
0.109608
0.109697
0.109784
0.10987
0.109954
0.110037
0.110119
0.110199
0.110278
0.110355
0.110432
0.110507
0.110581
0.110655
0.110721
0.0739865
0.107632
0.107285
0.107353
0.107413
0.107497
0.107598
0.107707
0.107821
0.107937
0.108054
0.10817
0.108285
0.108399
0.10851
0.10862
0.108727
0.108833
0.108937
0.109038
0.109138
0.109235
0.109331
0.109425
0.109517
0.109608
0.109697
0.109784
0.10987
0.109954
0.110037
0.110119
0.110199
0.110278
0.110355
0.110432
0.110507
0.110581
0.110655
0.110721
0.0739868
0.107632
0.107285
0.107353
0.107413
0.107497
0.107598
0.107707
0.107821
0.107937
0.108054
0.10817
0.108285
0.108399
0.10851
0.10862
0.108727
0.108833
0.108937
0.109038
0.109138
0.109235
0.109331
0.109425
0.109517
0.109608
0.109697
0.109784
0.10987
0.109954
0.110037
0.110119
0.110199
0.110278
0.110355
0.110432
0.110507
0.110581
0.110655
0.110721
0.0739871
0.107632
0.107285
0.107353
0.107413
0.107497
0.107598
0.107707
0.107821
0.107937
0.108054
0.10817
0.108285
0.108399
0.10851
0.10862
0.108727
0.108833
0.108937
0.109038
0.109138
0.109235
0.109331
0.109425
0.109517
0.109608
0.109697
0.109784
0.10987
0.109954
0.110037
0.110119
0.110199
0.110278
0.110355
0.110432
0.110507
0.110582
0.110655
0.110721
0.0739876
0.107632
0.107285
0.107353
0.107413
0.107497
0.107598
0.107707
0.107821
0.107937
0.108054
0.10817
0.108285
0.108399
0.10851
0.10862
0.108727
0.108833
0.108937
0.109038
0.109138
0.109235
0.109331
0.109425
0.109517
0.109608
0.109697
0.109784
0.10987
0.109954
0.110037
0.110119
0.110199
0.110278
0.110355
0.110432
0.110507
0.110582
0.110655
0.110721
0.0739881
0.107632
0.107285
0.107353
0.107412
0.107497
0.107598
0.107707
0.107821
0.107937
0.108054
0.10817
0.108285
0.108399
0.10851
0.10862
0.108727
0.108833
0.108937
0.109038
0.109138
0.109235
0.109331
0.109425
0.109517
0.109608
0.109697
0.109784
0.10987
0.109954
0.110037
0.110119
0.110199
0.110278
0.110355
0.110432
0.110507
0.110582
0.110655
0.110722
0.0739885
0.107632
0.107285
0.107353
0.107412
0.107497
0.107598
0.107707
0.107821
0.107937
0.108054
0.10817
0.108285
0.108398
0.10851
0.10862
0.108727
0.108833
0.108937
0.109038
0.109138
0.109235
0.109331
0.109425
0.109517
0.109608
0.109697
0.109784
0.10987
0.109954
0.110037
0.110119
0.110199
0.110278
0.110356
0.110432
0.110507
0.110582
0.110655
0.110722
0.0739889
0.107632
0.107285
0.107353
0.107412
0.107497
0.107598
0.107707
0.107821
0.107937
0.108054
0.10817
0.108285
0.108398
0.10851
0.10862
0.108727
0.108833
0.108936
0.109038
0.109138
0.109235
0.109331
0.109425
0.109517
0.109608
0.109697
0.109784
0.10987
0.109954
0.110037
0.110119
0.110199
0.110278
0.110356
0.110432
0.110508
0.110582
0.110655
0.110722
0.0739893
0.107632
0.107285
0.107353
0.107412
0.107497
0.107597
0.107707
0.107821
0.107937
0.108054
0.10817
0.108285
0.108398
0.10851
0.10862
0.108727
0.108833
0.108936
0.109038
0.109138
0.109235
0.109331
0.109425
0.109518
0.109608
0.109697
0.109784
0.10987
0.109955
0.110037
0.110119
0.110199
0.110278
0.110356
0.110432
0.110508
0.110582
0.110655
0.110722
0.0739898
0.107632
0.107285
0.107353
0.107412
0.107497
0.107598
0.107707
0.107821
0.107937
0.108054
0.10817
0.108285
0.108398
0.10851
0.10862
0.108727
0.108833
0.108937
0.109038
0.109138
0.109235
0.109331
0.109425
0.109518
0.109608
0.109697
0.109784
0.10987
0.109955
0.110038
0.110119
0.110199
0.110278
0.110356
0.110432
0.110508
0.110582
0.110655
0.110722
0.0739902
0.107633
0.107286
0.107354
0.107413
0.107498
0.107598
0.107707
0.107821
0.107938
0.108054
0.108171
0.108286
0.108399
0.108511
0.10862
0.108728
0.108834
0.108937
0.109039
0.109138
0.109236
0.109332
0.109426
0.109518
0.109609
0.109698
0.109785
0.109871
0.109955
0.110038
0.11012
0.1102
0.110279
0.110356
0.110433
0.110508
0.110583
0.110656
0.110723
0.0739907
0.107637
0.107289
0.107357
0.107417
0.107501
0.107602
0.107711
0.107825
0.107941
0.108058
0.108174
0.108289
0.108402
0.108514
0.108624
0.108731
0.108837
0.10894
0.109042
0.109142
0.109239
0.109335
0.109429
0.109521
0.109612
0.109701
0.109788
0.109874
0.109958
0.110041
0.110123
0.110203
0.110282
0.110359
0.110436
0.110511
0.110586
0.110659
0.110726
0.0739908
0.107655
0.107305
0.107373
0.107432
0.107517
0.107617
0.107726
0.10784
0.107957
0.108073
0.108189
0.108304
0.108418
0.108529
0.108639
0.108746
0.108852
0.108955
0.109057
0.109156
0.109254
0.10935
0.109444
0.109536
0.109626
0.109715
0.109802
0.109888
0.109972
0.110055
0.110137
0.110217
0.110296
0.110373
0.11045
0.110525
0.110599
0.110672
0.110739
0.0739912
0.107775
0.107415
0.107483
0.107542
0.107627
0.107727
0.107836
0.10795
0.108066
0.108183
0.108299
0.108414
0.108527
0.108639
0.108749
0.108856
0.108962
0.109065
0.109167
0.109266
0.109364
0.10946
0.109554
0.109646
0.109737
0.109825
0.109913
0.109999
0.110083
0.110166
0.110247
0.110327
0.110406
0.110484
0.110561
0.110636
0.11071
0.110784
0.11085
0.0739907
0.108396
0.108021
0.108091
0.108152
0.108239
0.108341
0.108452
0.108569
0.108687
0.108806
0.108925
0.109042
0.109158
0.109272
0.109384
0.109494
0.109602
0.109708
0.109812
0.109914
0.110014
0.110112
0.110209
0.110304
0.110397
0.110488
0.110578
0.110666
0.110753
0.110838
0.110922
0.111005
0.111086
0.111167
0.111246
0.111324
0.1114
0.111476
0.111545
0.0739879
0.110599
0.110353
0.110432
0.110503
0.1106
0.110713
0.110835
0.110962
0.111091
0.111221
0.111351
0.111479
0.111605
0.11173
0.111853
0.111973
0.112092
0.112208
0.112322
0.112434
0.112544
0.112652
0.112759
0.112863
0.112966
0.113067
0.113166
0.113264
0.11336
0.113454
0.113547
0.113639
0.113729
0.113818
0.113906
0.113993
0.114078
0.114163
0.11424
0.073592
0.106896
0.106561
0.106637
0.106701
0.106791
0.106897
0.107012
0.107132
0.107254
0.107376
0.107498
0.107618
0.107737
0.107853
0.107968
0.10808
0.10819
0.108298
0.108404
0.108508
0.10861
0.10871
0.108808
0.108904
0.108998
0.109091
0.109182
0.109272
0.10936
0.109446
0.109531
0.109615
0.109697
0.109778
0.109858
0.109936
0.110014
0.11009
0.110159
0.0636803
0.107042
0.106715
0.106788
0.106851
0.106939
0.107043
0.107156
0.107274
0.107394
0.107514
0.107633
0.107751
0.107868
0.107982
0.108095
0.108205
0.108313
0.10842
0.108524
0.108626
0.108726
0.108824
0.108921
0.109015
0.109108
0.1092
0.109289
0.109377
0.109464
0.109549
0.109633
0.109715
0.109796
0.109876
0.109955
0.110032
0.110109
0.110184
0.110252
0.0640146
0.107084
0.106756
0.106829
0.106892
0.106981
0.107085
0.107198
0.107316
0.107435
0.107556
0.107675
0.107793
0.10791
0.108025
0.108137
0.108247
0.108356
0.108462
0.108566
0.108668
0.108768
0.108866
0.108963
0.109057
0.10915
0.109241
0.109331
0.109419
0.109506
0.109591
0.109674
0.109756
0.109837
0.109917
0.109996
0.110073
0.110149
0.110224
0.110292
0.0640145
0.10709
0.106762
0.106835
0.106898
0.106987
0.107091
0.107204
0.107322
0.107442
0.107562
0.107682
0.107801
0.107917
0.108032
0.108144
0.108255
0.108363
0.10847
0.108574
0.108676
0.108776
0.108874
0.108971
0.109066
0.109159
0.10925
0.10934
0.109428
0.109514
0.109599
0.109683
0.109765
0.109847
0.109926
0.110005
0.110082
0.110158
0.110234
0.110301
0.0640143
0.10709
0.106762
0.106835
0.106898
0.106987
0.107091
0.107204
0.107322
0.107442
0.107563
0.107683
0.107801
0.107918
0.108032
0.108145
0.108255
0.108364
0.10847
0.108574
0.108677
0.108777
0.108875
0.108972
0.109066
0.109159
0.109251
0.10934
0.109429
0.109515
0.1096
0.109684
0.109767
0.109848
0.109927
0.110006
0.110083
0.11016
0.110235
0.110302
0.064014
0.107089
0.106761
0.106835
0.106898
0.106987
0.107091
0.107204
0.107322
0.107442
0.107562
0.107682
0.1078
0.107917
0.108032
0.108145
0.108255
0.108363
0.10847
0.108574
0.108676
0.108776
0.108875
0.108971
0.109066
0.109159
0.10925
0.10934
0.109428
0.109515
0.1096
0.109684
0.109766
0.109847
0.109927
0.110006
0.110083
0.110159
0.110235
0.110302
0.0640137
0.107089
0.106761
0.106835
0.106897
0.106986
0.10709
0.107204
0.107322
0.107442
0.107562
0.107682
0.1078
0.107917
0.108032
0.108144
0.108255
0.108363
0.108469
0.108574
0.108676
0.108776
0.108875
0.108971
0.109066
0.109159
0.10925
0.10934
0.109428
0.109515
0.1096
0.109684
0.109766
0.109847
0.109927
0.110005
0.110083
0.110159
0.110234
0.110302
0.0640133
0.107089
0.106761
0.106834
0.106897
0.106986
0.10709
0.107204
0.107321
0.107441
0.107562
0.107682
0.1078
0.107917
0.108031
0.108144
0.108255
0.108363
0.108469
0.108573
0.108676
0.108776
0.108874
0.108971
0.109066
0.109159
0.10925
0.10934
0.109428
0.109514
0.1096
0.109683
0.109766
0.109847
0.109927
0.110005
0.110083
0.110159
0.110234
0.110302
0.064013
0.107089
0.106761
0.106834
0.106897
0.106986
0.10709
0.107203
0.107321
0.107441
0.107562
0.107682
0.1078
0.107917
0.108031
0.108144
0.108255
0.108363
0.108469
0.108573
0.108676
0.108776
0.108874
0.108971
0.109066
0.109159
0.10925
0.10934
0.109428
0.109514
0.1096
0.109683
0.109766
0.109847
0.109927
0.110005
0.110082
0.110159
0.110234
0.110302
0.0640126
0.107089
0.106761
0.106834
0.106897
0.106986
0.10709
0.107203
0.107321
0.107441
0.107562
0.107682
0.1078
0.107917
0.108031
0.108144
0.108255
0.108363
0.108469
0.108573
0.108676
0.108776
0.108874
0.108971
0.109066
0.109159
0.10925
0.10934
0.109428
0.109514
0.1096
0.109683
0.109766
0.109847
0.109926
0.110005
0.110082
0.110159
0.110234
0.110302
0.0640121
0.107089
0.106761
0.106834
0.106897
0.106986
0.10709
0.107203
0.107321
0.107441
0.107562
0.107682
0.1078
0.107917
0.108031
0.108144
0.108255
0.108363
0.108469
0.108573
0.108676
0.108776
0.108874
0.108971
0.109066
0.109159
0.10925
0.10934
0.109428
0.109514
0.1096
0.109683
0.109766
0.109847
0.109926
0.110005
0.110082
0.110159
0.110234
0.110302
0.0640117
0.107089
0.106761
0.106834
0.106897
0.106986
0.10709
0.107204
0.107321
0.107441
0.107562
0.107682
0.1078
0.107917
0.108031
0.108144
0.108255
0.108363
0.108469
0.108573
0.108676
0.108776
0.108874
0.108971
0.109066
0.109159
0.10925
0.10934
0.109428
0.109514
0.1096
0.109683
0.109766
0.109847
0.109926
0.110005
0.110082
0.110159
0.110234
0.110302
0.0640114
0.107089
0.106761
0.106835
0.106897
0.106986
0.10709
0.107204
0.107321
0.107442
0.107562
0.107682
0.1078
0.107917
0.108031
0.108144
0.108255
0.108363
0.108469
0.108574
0.108676
0.108776
0.108874
0.108971
0.109066
0.109159
0.10925
0.10934
0.109428
0.109514
0.1096
0.109683
0.109766
0.109847
0.109927
0.110005
0.110082
0.110159
0.110234
0.110302
0.064011
0.107089
0.106761
0.106835
0.106897
0.106986
0.10709
0.107204
0.107322
0.107442
0.107562
0.107682
0.1078
0.107917
0.108031
0.108144
0.108255
0.108363
0.108469
0.108574
0.108676
0.108776
0.108874
0.108971
0.109066
0.109159
0.10925
0.10934
0.109428
0.109514
0.1096
0.109683
0.109766
0.109847
0.109927
0.110005
0.110083
0.110159
0.110234
0.110302
0.0640106
0.107089
0.106761
0.106835
0.106897
0.106986
0.10709
0.107204
0.107322
0.107442
0.107562
0.107682
0.1078
0.107917
0.108031
0.108144
0.108255
0.108363
0.108469
0.108574
0.108676
0.108776
0.108874
0.108971
0.109066
0.109159
0.10925
0.10934
0.109428
0.109514
0.1096
0.109683
0.109766
0.109847
0.109927
0.110005
0.110083
0.110159
0.110234
0.110302
0.0640103
0.107089
0.106761
0.106835
0.106897
0.106986
0.10709
0.107204
0.107321
0.107442
0.107562
0.107682
0.1078
0.107917
0.108031
0.108144
0.108255
0.108363
0.108469
0.108574
0.108676
0.108776
0.108874
0.108971
0.109066
0.109159
0.10925
0.10934
0.109428
0.109514
0.1096
0.109683
0.109766
0.109847
0.109927
0.110005
0.110083
0.110159
0.110234
0.110302
0.06401
0.107089
0.106761
0.106835
0.106897
0.106986
0.10709
0.107204
0.107321
0.107441
0.107562
0.107682
0.1078
0.107917
0.108031
0.108144
0.108255
0.108363
0.108469
0.108574
0.108676
0.108776
0.108874
0.108971
0.109066
0.109159
0.10925
0.10934
0.109428
0.109514
0.1096
0.109683
0.109766
0.109847
0.109927
0.110005
0.110082
0.110159
0.110234
0.110302
0.0640098
0.107089
0.106761
0.106835
0.106897
0.106986
0.10709
0.107204
0.107321
0.107441
0.107562
0.107682
0.1078
0.107917
0.108031
0.108144
0.108255
0.108363
0.108469
0.108574
0.108676
0.108776
0.108874
0.108971
0.109066
0.109159
0.10925
0.10934
0.109428
0.109514
0.1096
0.109683
0.109766
0.109847
0.109927
0.110005
0.110082
0.110159
0.110234
0.110302
0.0640096
0.107089
0.106761
0.106835
0.106897
0.106986
0.10709
0.107204
0.107321
0.107441
0.107562
0.107682
0.1078
0.107917
0.108031
0.108144
0.108255
0.108363
0.108469
0.108574
0.108676
0.108776
0.108874
0.108971
0.109066
0.109159
0.10925
0.10934
0.109428
0.109514
0.1096
0.109683
0.109766
0.109847
0.109927
0.110005
0.110083
0.110159
0.110234
0.110302
0.0640096
0.107089
0.106761
0.106835
0.106897
0.106986
0.10709
0.107204
0.107321
0.107441
0.107562
0.107682
0.1078
0.107917
0.108031
0.108144
0.108255
0.108363
0.108469
0.108574
0.108676
0.108776
0.108874
0.108971
0.109066
0.109159
0.10925
0.10934
0.109428
0.109515
0.1096
0.109683
0.109766
0.109847
0.109927
0.110005
0.110083
0.110159
0.110234
0.110302
0.0640095
0.107089
0.106761
0.106835
0.106897
0.106986
0.10709
0.107204
0.107321
0.107441
0.107562
0.107682
0.1078
0.107917
0.108031
0.108144
0.108255
0.108363
0.108469
0.108574
0.108676
0.108776
0.108874
0.108971
0.109066
0.109159
0.10925
0.10934
0.109428
0.109515
0.1096
0.109684
0.109766
0.109847
0.109927
0.110005
0.110083
0.110159
0.110234
0.110302
0.0640095
0.107089
0.106761
0.106835
0.106897
0.106986
0.10709
0.107204
0.107322
0.107442
0.107562
0.107682
0.1078
0.107917
0.108031
0.108144
0.108255
0.108363
0.108469
0.108574
0.108676
0.108776
0.108875
0.108971
0.109066
0.109159
0.10925
0.10934
0.109428
0.109515
0.1096
0.109684
0.109766
0.109847
0.109927
0.110005
0.110083
0.110159
0.110234
0.110302
0.0640095
0.107089
0.106761
0.106835
0.106897
0.106986
0.10709
0.107204
0.107322
0.107442
0.107562
0.107682
0.1078
0.107917
0.108031
0.108144
0.108255
0.108363
0.108469
0.108574
0.108676
0.108776
0.108875
0.108971
0.109066
0.109159
0.10925
0.10934
0.109428
0.109515
0.1096
0.109684
0.109766
0.109847
0.109927
0.110005
0.110083
0.110159
0.110234
0.110302
0.0640096
0.107089
0.106761
0.106835
0.106897
0.106986
0.10709
0.107204
0.107322
0.107442
0.107562
0.107682
0.1078
0.107917
0.108031
0.108144
0.108255
0.108363
0.108469
0.108574
0.108676
0.108776
0.108875
0.108971
0.109066
0.109159
0.10925
0.10934
0.109428
0.109515
0.1096
0.109684
0.109766
0.109847
0.109927
0.110005
0.110083
0.110159
0.110234
0.110302
0.0640098
0.107089
0.106761
0.106835
0.106897
0.106986
0.10709
0.107204
0.107322
0.107442
0.107562
0.107682
0.1078
0.107917
0.108032
0.108144
0.108255
0.108363
0.108469
0.108574
0.108676
0.108776
0.108875
0.108971
0.109066
0.109159
0.10925
0.10934
0.109428
0.109515
0.1096
0.109684
0.109766
0.109847
0.109927
0.110005
0.110083
0.110159
0.110234
0.110302
0.06401
0.107089
0.106761
0.106835
0.106897
0.106986
0.10709
0.107204
0.107322
0.107442
0.107562
0.107682
0.1078
0.107917
0.108032
0.108144
0.108255
0.108363
0.108469
0.108574
0.108676
0.108776
0.108875
0.108971
0.109066
0.109159
0.10925
0.10934
0.109428
0.109515
0.1096
0.109684
0.109766
0.109847
0.109927
0.110005
0.110083
0.110159
0.110234
0.110302
0.0640102
0.107089
0.106761
0.106835
0.106897
0.106986
0.10709
0.107204
0.107321
0.107442
0.107562
0.107682
0.1078
0.107917
0.108031
0.108144
0.108255
0.108363
0.108469
0.108574
0.108676
0.108776
0.108875
0.108971
0.109066
0.109159
0.10925
0.10934
0.109428
0.109515
0.1096
0.109684
0.109766
0.109847
0.109927
0.110005
0.110083
0.110159
0.110234
0.110302
0.0640106
0.107089
0.106761
0.106835
0.106897
0.106986
0.10709
0.107204
0.107321
0.107441
0.107562
0.107682
0.1078
0.107917
0.108031
0.108144
0.108255
0.108363
0.108469
0.108574
0.108676
0.108776
0.108874
0.108971
0.109066
0.109159
0.10925
0.10934
0.109428
0.109515
0.1096
0.109684
0.109766
0.109847
0.109927
0.110005
0.110083
0.110159
0.110234
0.110302
0.064011
0.107089
0.106761
0.106834
0.106897
0.106986
0.10709
0.107203
0.107321
0.107441
0.107562
0.107682
0.1078
0.107917
0.108031
0.108144
0.108255
0.108363
0.108469
0.108574
0.108676
0.108776
0.108874
0.108971
0.109066
0.109159
0.10925
0.10934
0.109428
0.109515
0.1096
0.109684
0.109766
0.109847
0.109927
0.110005
0.110083
0.110159
0.110234
0.110302
0.0640114
0.107089
0.106761
0.106834
0.106897
0.106986
0.10709
0.107203
0.107321
0.107441
0.107562
0.107682
0.1078
0.107917
0.108031
0.108144
0.108255
0.108363
0.108469
0.108574
0.108676
0.108776
0.108874
0.108971
0.109066
0.109159
0.10925
0.10934
0.109428
0.109515
0.1096
0.109684
0.109766
0.109847
0.109927
0.110005
0.110083
0.110159
0.110235
0.110302
0.0640118
0.107089
0.106761
0.106834
0.106897
0.106986
0.10709
0.107203
0.107321
0.107441
0.107562
0.107681
0.1078
0.107917
0.108031
0.108144
0.108255
0.108363
0.108469
0.108574
0.108676
0.108776
0.108874
0.108971
0.109066
0.109159
0.10925
0.10934
0.109428
0.109515
0.1096
0.109684
0.109766
0.109847
0.109927
0.110005
0.110083
0.110159
0.110235
0.110302
0.0640122
0.107089
0.106761
0.106834
0.106897
0.106986
0.10709
0.107203
0.107321
0.107441
0.107562
0.107681
0.1078
0.107917
0.108031
0.108144
0.108254
0.108363
0.108469
0.108573
0.108676
0.108776
0.108874
0.108971
0.109066
0.109159
0.10925
0.10934
0.109428
0.109515
0.1096
0.109684
0.109766
0.109847
0.109927
0.110005
0.110083
0.110159
0.110235
0.110302
0.0640127
0.107089
0.106761
0.106834
0.106897
0.106986
0.10709
0.107203
0.107321
0.107441
0.107562
0.107681
0.1078
0.107916
0.108031
0.108144
0.108254
0.108363
0.108469
0.108573
0.108676
0.108776
0.108874
0.108971
0.109066
0.109159
0.10925
0.10934
0.109428
0.109515
0.1096
0.109684
0.109766
0.109847
0.109927
0.110006
0.110083
0.110159
0.110235
0.110302
0.0640131
0.107089
0.106761
0.106834
0.106897
0.106986
0.10709
0.107203
0.107321
0.107441
0.107562
0.107681
0.1078
0.107917
0.108031
0.108144
0.108254
0.108363
0.108469
0.108573
0.108676
0.108776
0.108874
0.108971
0.109066
0.109159
0.10925
0.10934
0.109428
0.109515
0.1096
0.109684
0.109766
0.109847
0.109927
0.110006
0.110083
0.110159
0.110235
0.110302
0.0640135
0.10709
0.106761
0.106835
0.106898
0.106987
0.107091
0.107204
0.107322
0.107442
0.107562
0.107682
0.1078
0.107917
0.108032
0.108145
0.108255
0.108364
0.10847
0.108574
0.108676
0.108777
0.108875
0.108972
0.109066
0.109159
0.109251
0.10934
0.109429
0.109515
0.1096
0.109684
0.109767
0.109848
0.109928
0.110006
0.110084
0.11016
0.110235
0.110303
0.0640138
0.107093
0.106765
0.106838
0.106901
0.10699
0.107094
0.107207
0.107325
0.107445
0.107565
0.107685
0.107803
0.10792
0.108035
0.108148
0.108258
0.108366
0.108473
0.108577
0.108679
0.108779
0.108878
0.108974
0.109069
0.109162
0.109253
0.109343
0.109431
0.109518
0.109603
0.109687
0.109769
0.10985
0.10993
0.110009
0.110086
0.110163
0.110238
0.110306
0.0640142
0.107111
0.10678
0.106853
0.106916
0.107005
0.107109
0.107222
0.10734
0.10746
0.10758
0.1077
0.107818
0.107935
0.108049
0.108162
0.108272
0.108381
0.108487
0.108591
0.108693
0.108794
0.108892
0.108988
0.109083
0.109176
0.109267
0.109357
0.109445
0.109532
0.109617
0.1097
0.109783
0.109864
0.109943
0.110022
0.110099
0.110176
0.110251
0.110318
0.0640143
0.10723
0.106889
0.106962
0.107025
0.107114
0.107218
0.107331
0.107449
0.107569
0.107689
0.107809
0.107927
0.108044
0.108158
0.108271
0.108381
0.10849
0.108596
0.1087
0.108802
0.108903
0.109001
0.109097
0.109192
0.109285
0.109376
0.109466
0.109554
0.109641
0.109726
0.10981
0.109892
0.109973
0.110053
0.110132
0.110209
0.110286
0.110361
0.110429
0.0640142
0.107856
0.107498
0.107573
0.107638
0.107729
0.107835
0.107951
0.108071
0.108193
0.108316
0.108438
0.108559
0.108678
0.108795
0.10891
0.109023
0.109133
0.109242
0.109349
0.109453
0.109556
0.109657
0.109756
0.109853
0.109948
0.110042
0.110134
0.110225
0.110314
0.110401
0.110488
0.110572
0.110656
0.110738
0.110819
0.110899
0.110978
0.111056
0.111126
0.0640116
0.110057
0.109825
0.109911
0.109985
0.110086
0.110203
0.110329
0.11046
0.110593
0.110727
0.11086
0.110992
0.111121
0.111249
0.111375
0.111498
0.111619
0.111738
0.111855
0.11197
0.112082
0.112193
0.112301
0.112408
0.112513
0.112616
0.112718
0.112817
0.112916
0.113012
0.113107
0.113201
0.113293
0.113384
0.113474
0.113563
0.11365
0.113736
0.113814
0.0636691
0.106312
0.105998
0.10608
0.106148
0.106242
0.106353
0.106472
0.106596
0.106722
0.106848
0.106974
0.107098
0.10722
0.10734
0.107457
0.107573
0.107686
0.107797
0.107906
0.108013
0.108117
0.10822
0.108321
0.10842
0.108517
0.108613
0.108706
0.108798
0.108889
0.108978
0.109066
0.109152
0.109237
0.10932
0.109402
0.109483
0.109563
0.109641
0.109711
0.0551205
0.106464
0.106156
0.106236
0.106302
0.106395
0.106503
0.10662
0.106742
0.106866
0.10699
0.107113
0.107235
0.107355
0.107473
0.107589
0.107702
0.107813
0.107923
0.10803
0.108135
0.108238
0.108339
0.108438
0.108535
0.108631
0.108725
0.108817
0.108908
0.108997
0.109085
0.109171
0.109256
0.10934
0.109422
0.109503
0.109582
0.109661
0.109739
0.109807
0.0554098
0.106506
0.106198
0.106278
0.106344
0.106437
0.106545
0.106663
0.106785
0.106909
0.107033
0.107156
0.107278
0.107398
0.107516
0.107632
0.107745
0.107857
0.107966
0.108073
0.108178
0.108281
0.108382
0.108481
0.108578
0.108674
0.108768
0.10886
0.108951
0.10904
0.109127
0.109213
0.109298
0.109382
0.109464
0.109544
0.109624
0.109703
0.10978
0.109849
0.0554097
0.106512
0.106204
0.106284
0.10635
0.106443
0.106552
0.106669
0.106791
0.106915
0.10704
0.107163
0.107285
0.107405
0.107523
0.107639
0.107753
0.107864
0.107973
0.108081
0.108186
0.108289
0.10839
0.108489
0.108587
0.108682
0.108776
0.108869
0.108959
0.109048
0.109136
0.109222
0.109307
0.109391
0.109473
0.109554
0.109633
0.109712
0.109789
0.109858
0.0554094
0.106512
0.106204
0.106284
0.10635
0.106443
0.106552
0.106669
0.106791
0.106916
0.10704
0.107163
0.107285
0.107406
0.107524
0.107639
0.107753
0.107865
0.107974
0.108081
0.108186
0.108289
0.10839
0.10849
0.108587
0.108683
0.108777
0.108869
0.10896
0.109049
0.109137
0.109223
0.109308
0.109392
0.109474
0.109555
0.109634
0.109713
0.10979
0.109859
0.0554092
0.106512
0.106203
0.106283
0.10635
0.106443
0.106551
0.106669
0.106791
0.106915
0.107039
0.107163
0.107285
0.107405
0.107523
0.107639
0.107753
0.107864
0.107973
0.108081
0.108186
0.108289
0.10839
0.108489
0.108587
0.108683
0.108777
0.108869
0.10896
0.109049
0.109137
0.109223
0.109308
0.109391
0.109473
0.109554
0.109634
0.109713
0.10979
0.109859
0.0554089
0.106511
0.106203
0.106283
0.10635
0.106442
0.106551
0.106668
0.106791
0.106915
0.107039
0.107163
0.107285
0.107405
0.107523
0.107639
0.107752
0.107864
0.107973
0.10808
0.108185
0.108289
0.10839
0.108489
0.108587
0.108682
0.108776
0.108869
0.108959
0.109049
0.109136
0.109223
0.109308
0.109391
0.109473
0.109554
0.109634
0.109712
0.10979
0.109859
0.0554085
0.106511
0.106203
0.106283
0.106349
0.106442
0.106551
0.106668
0.10679
0.106915
0.107039
0.107162
0.107284
0.107405
0.107523
0.107639
0.107752
0.107864
0.107973
0.10808
0.108185
0.108288
0.10839
0.108489
0.108586
0.108682
0.108776
0.108868
0.108959
0.109048
0.109136
0.109222
0.109307
0.109391
0.109473
0.109554
0.109634
0.109712
0.10979
0.109859
0.0554082
0.106511
0.106203
0.106283
0.106349
0.106442
0.106551
0.106668
0.10679
0.106915
0.107039
0.107162
0.107284
0.107405
0.107523
0.107638
0.107752
0.107864
0.107973
0.10808
0.108185
0.108288
0.10839
0.108489
0.108586
0.108682
0.108776
0.108868
0.108959
0.109048
0.109136
0.109222
0.109307
0.109391
0.109473
0.109554
0.109634
0.109712
0.10979
0.109858
0.0554078
0.106511
0.106203
0.106283
0.106349
0.106442
0.106551
0.106668
0.10679
0.106915
0.107039
0.107162
0.107284
0.107404
0.107523
0.107638
0.107752
0.107864
0.107973
0.10808
0.108185
0.108288
0.10839
0.108489
0.108586
0.108682
0.108776
0.108868
0.108959
0.109048
0.109136
0.109222
0.109307
0.109391
0.109473
0.109554
0.109634
0.109712
0.10979
0.109858
0.0554074
0.106511
0.106203
0.106283
0.106349
0.106442
0.106551
0.106668
0.10679
0.106915
0.107039
0.107162
0.107284
0.107405
0.107523
0.107638
0.107752
0.107864
0.107973
0.10808
0.108185
0.108288
0.10839
0.108489
0.108586
0.108682
0.108776
0.108868
0.108959
0.109048
0.109136
0.109222
0.109307
0.109391
0.109473
0.109554
0.109634
0.109712
0.10979
0.109859
0.055407
0.106511
0.106203
0.106283
0.106349
0.106442
0.106551
0.106668
0.10679
0.106915
0.107039
0.107162
0.107284
0.107405
0.107523
0.107639
0.107752
0.107864
0.107973
0.10808
0.108185
0.108288
0.10839
0.108489
0.108586
0.108682
0.108776
0.108869
0.108959
0.109049
0.109136
0.109223
0.109307
0.109391
0.109473
0.109554
0.109634
0.109712
0.10979
0.109859
0.0554066
0.106511
0.106203
0.106283
0.106349
0.106442
0.106551
0.106668
0.106791
0.106915
0.107039
0.107162
0.107284
0.107405
0.107523
0.107639
0.107752
0.107864
0.107973
0.10808
0.108185
0.108288
0.10839
0.108489
0.108586
0.108682
0.108776
0.108869
0.108959
0.109049
0.109136
0.109223
0.109307
0.109391
0.109473
0.109554
0.109634
0.109712
0.10979
0.109859
0.0554063
0.106511
0.106203
0.106283
0.106349
0.106442
0.106551
0.106668
0.106791
0.106915
0.107039
0.107162
0.107284
0.107405
0.107523
0.107639
0.107752
0.107864
0.107973
0.10808
0.108185
0.108289
0.10839
0.108489
0.108586
0.108682
0.108776
0.108869
0.108959
0.109049
0.109136
0.109223
0.109307
0.109391
0.109473
0.109554
0.109634
0.109712
0.10979
0.109859
0.0554059
0.106511
0.106203
0.106283
0.106349
0.106442
0.106551
0.106668
0.106791
0.106915
0.107039
0.107162
0.107284
0.107405
0.107523
0.107639
0.107752
0.107864
0.107973
0.10808
0.108185
0.108289
0.10839
0.108489
0.108587
0.108682
0.108776
0.108869
0.108959
0.109049
0.109136
0.109223
0.109308
0.109391
0.109473
0.109554
0.109634
0.109712
0.10979
0.109859
0.0554056
0.106511
0.106203
0.106283
0.106349
0.106442
0.106551
0.106668
0.106791
0.106915
0.107039
0.107162
0.107284
0.107405
0.107523
0.107639
0.107752
0.107864
0.107973
0.10808
0.108185
0.108289
0.10839
0.108489
0.108587
0.108682
0.108776
0.108869
0.10896
0.109049
0.109137
0.109223
0.109308
0.109391
0.109473
0.109554
0.109634
0.109713
0.10979
0.109859
0.0554053
0.106511
0.106203
0.106283
0.106349
0.106442
0.106551
0.106668
0.106791
0.106915
0.107039
0.107162
0.107284
0.107405
0.107523
0.107639
0.107752
0.107864
0.107973
0.10808
0.108185
0.108289
0.10839
0.108489
0.108587
0.108682
0.108776
0.108869
0.10896
0.109049
0.109137
0.109223
0.109308
0.109391
0.109473
0.109554
0.109634
0.109713
0.10979
0.109859
0.0554051
0.106511
0.106203
0.106283
0.106349
0.106442
0.106551
0.106668
0.106791
0.106915
0.107039
0.107162
0.107284
0.107405
0.107523
0.107639
0.107752
0.107864
0.107973
0.10808
0.108185
0.108289
0.10839
0.108489
0.108587
0.108682
0.108776
0.108869
0.108959
0.109049
0.109136
0.109223
0.109308
0.109391
0.109473
0.109554
0.109634
0.109712
0.10979
0.109859
0.055405
0.106511
0.106203
0.106283
0.106349
0.106442
0.106551
0.106668
0.106791
0.106915
0.107039
0.107162
0.107284
0.107405
0.107523
0.107639
0.107752
0.107864
0.107973
0.10808
0.108185
0.108289
0.10839
0.108489
0.108587
0.108682
0.108776
0.108869
0.108959
0.109049
0.109136
0.109223
0.109308
0.109391
0.109473
0.109554
0.109634
0.109712
0.10979
0.109859
0.0554049
0.106511
0.106203
0.106283
0.106349
0.106442
0.106551
0.106668
0.106791
0.106915
0.107039
0.107162
0.107284
0.107405
0.107523
0.107639
0.107752
0.107864
0.107973
0.10808
0.108185
0.108289
0.10839
0.108489
0.108587
0.108682
0.108776
0.108869
0.10896
0.109049
0.109136
0.109223
0.109308
0.109391
0.109473
0.109554
0.109634
0.109713
0.10979
0.109859
0.0554048
0.106511
0.106203
0.106283
0.106349
0.106442
0.106551
0.106668
0.106791
0.106915
0.107039
0.107162
0.107284
0.107405
0.107523
0.107639
0.107752
0.107864
0.107973
0.10808
0.108185
0.108289
0.10839
0.108489
0.108587
0.108682
0.108776
0.108869
0.10896
0.109049
0.109137
0.109223
0.109308
0.109391
0.109473
0.109554
0.109634
0.109713
0.10979
0.109859
0.0554048
0.106511
0.106203
0.106283
0.106349
0.106442
0.106551
0.106668
0.106791
0.106915
0.107039
0.107162
0.107284
0.107405
0.107523
0.107639
0.107752
0.107864
0.107973
0.10808
0.108186
0.108289
0.10839
0.108489
0.108587
0.108682
0.108777
0.108869
0.10896
0.109049
0.109137
0.109223
0.109308
0.109391
0.109474
0.109554
0.109634
0.109713
0.10979
0.109859
0.0554048
0.106511
0.106203
0.106283
0.106349
0.106442
0.106551
0.106668
0.106791
0.106915
0.107039
0.107162
0.107285
0.107405
0.107523
0.107639
0.107752
0.107864
0.107973
0.10808
0.108186
0.108289
0.10839
0.108489
0.108587
0.108683
0.108777
0.108869
0.10896
0.109049
0.109137
0.109223
0.109308
0.109391
0.109474
0.109555
0.109634
0.109713
0.10979
0.109859
0.0554049
0.106511
0.106203
0.106283
0.10635
0.106442
0.106551
0.106668
0.106791
0.106915
0.107039
0.107162
0.107285
0.107405
0.107523
0.107639
0.107752
0.107864
0.107973
0.10808
0.108186
0.108289
0.10839
0.108489
0.108587
0.108682
0.108777
0.108869
0.10896
0.109049
0.109137
0.109223
0.109308
0.109391
0.109474
0.109555
0.109634
0.109713
0.10979
0.109859
0.0554051
0.106511
0.106203
0.106283
0.10635
0.106442
0.106551
0.106668
0.106791
0.106915
0.107039
0.107162
0.107285
0.107405
0.107523
0.107639
0.107752
0.107864
0.107973
0.10808
0.108186
0.108289
0.10839
0.108489
0.108587
0.108682
0.108777
0.108869
0.10896
0.109049
0.109137
0.109223
0.109308
0.109391
0.109474
0.109555
0.109634
0.109713
0.10979
0.109859
0.0554053
0.106511
0.106203
0.106283
0.106349
0.106442
0.106551
0.106668
0.106791
0.106915
0.107039
0.107163
0.107285
0.107405
0.107523
0.107639
0.107752
0.107864
0.107973
0.10808
0.108186
0.108289
0.10839
0.108489
0.108587
0.108683
0.108777
0.108869
0.10896
0.109049
0.109137
0.109223
0.109308
0.109391
0.109474
0.109555
0.109634
0.109713
0.10979
0.109859
0.0554055
0.106511
0.106203
0.106283
0.106349
0.106442
0.106551
0.106668
0.106791
0.106915
0.107039
0.107162
0.107284
0.107405
0.107523
0.107639
0.107752
0.107864
0.107973
0.10808
0.108186
0.108289
0.10839
0.108489
0.108587
0.108682
0.108776
0.108869
0.10896
0.109049
0.109137
0.109223
0.109308
0.109391
0.109474
0.109554
0.109634
0.109713
0.10979
0.109859
0.0554058
0.106511
0.106203
0.106283
0.106349
0.106442
0.106551
0.106668
0.106791
0.106915
0.107039
0.107162
0.107284
0.107405
0.107523
0.107639
0.107752
0.107864
0.107973
0.10808
0.108185
0.108289
0.10839
0.108489
0.108587
0.108682
0.108776
0.108869
0.10896
0.109049
0.109137
0.109223
0.109308
0.109391
0.109473
0.109554
0.109634
0.109713
0.10979
0.109859
0.0554062
0.106511
0.106203
0.106283
0.106349
0.106442
0.106551
0.106668
0.10679
0.106915
0.107039
0.107162
0.107284
0.107405
0.107523
0.107639
0.107752
0.107864
0.107973
0.10808
0.108185
0.108289
0.10839
0.108489
0.108587
0.108682
0.108776
0.108869
0.10896
0.109049
0.109137
0.109223
0.109308
0.109391
0.109473
0.109554
0.109634
0.109713
0.10979
0.109859
0.0554065
0.106511
0.106203
0.106283
0.106349
0.106442
0.106551
0.106668
0.10679
0.106915
0.107039
0.107162
0.107284
0.107405
0.107523
0.107639
0.107752
0.107864
0.107973
0.10808
0.108185
0.108289
0.10839
0.108489
0.108587
0.108682
0.108776
0.108869
0.10896
0.109049
0.109137
0.109223
0.109308
0.109391
0.109473
0.109554
0.109634
0.109713
0.10979
0.109859
0.0554069
0.106511
0.106203
0.106283
0.106349
0.106442
0.106551
0.106668
0.10679
0.106914
0.107039
0.107162
0.107284
0.107404
0.107523
0.107638
0.107752
0.107864
0.107973
0.10808
0.108185
0.108288
0.10839
0.108489
0.108586
0.108682
0.108776
0.108869
0.108959
0.109049
0.109136
0.109223
0.109308
0.109391
0.109473
0.109554
0.109634
0.109713
0.10979
0.109859
0.0554074
0.106511
0.106203
0.106283
0.106349
0.106442
0.106551
0.106668
0.10679
0.106914
0.107039
0.107162
0.107284
0.107404
0.107522
0.107638
0.107752
0.107864
0.107973
0.10808
0.108185
0.108288
0.10839
0.108489
0.108586
0.108682
0.108776
0.108869
0.108959
0.109049
0.109136
0.109223
0.109308
0.109391
0.109473
0.109554
0.109634
0.109713
0.10979
0.109859
0.0554078
0.106511
0.106203
0.106283
0.106349
0.106442
0.106551
0.106668
0.10679
0.106914
0.107039
0.107162
0.107284
0.107404
0.107522
0.107638
0.107752
0.107864
0.107973
0.10808
0.108185
0.108288
0.10839
0.108489
0.108586
0.108682
0.108776
0.108869
0.108959
0.109049
0.109136
0.109223
0.109308
0.109391
0.109473
0.109554
0.109634
0.109713
0.10979
0.109859
0.0554081
0.106511
0.106203
0.106283
0.106349
0.106442
0.106551
0.106668
0.10679
0.106914
0.107039
0.107162
0.107284
0.107404
0.107522
0.107638
0.107752
0.107864
0.107973
0.10808
0.108185
0.108288
0.10839
0.108489
0.108586
0.108682
0.108776
0.108869
0.108959
0.109049
0.109136
0.109223
0.109308
0.109391
0.109473
0.109554
0.109634
0.109713
0.10979
0.109859
0.0554085
0.106512
0.106203
0.106283
0.10635
0.106443
0.106551
0.106669
0.106791
0.106915
0.107039
0.107163
0.107285
0.107405
0.107523
0.107639
0.107753
0.107864
0.107973
0.108081
0.108186
0.108289
0.10839
0.108489
0.108587
0.108683
0.108777
0.108869
0.10896
0.109049
0.109137
0.109223
0.109308
0.109392
0.109474
0.109555
0.109634
0.109713
0.10979
0.109859
0.0554088
0.106515
0.106206
0.106286
0.106353
0.106446
0.106554
0.106672
0.106794
0.106918
0.107042
0.107166
0.107288
0.107408
0.107526
0.107642
0.107755
0.107867
0.107976
0.108083
0.108189
0.108292
0.108393
0.108492
0.10859
0.108685
0.108779
0.108872
0.108963
0.109052
0.10914
0.109226
0.109311
0.109394
0.109476
0.109557
0.109637
0.109716
0.109793
0.109862
0.0554091
0.106532
0.106221
0.106301
0.106367
0.10646
0.106568
0.106686
0.106808
0.106932
0.107056
0.10718
0.107301
0.107422
0.10754
0.107655
0.107769
0.10788
0.10799
0.108097
0.108202
0.108305
0.108406
0.108505
0.108603
0.108698
0.108792
0.108885
0.108975
0.109064
0.109152
0.109238
0.109323
0.109406
0.109489
0.109569
0.109649
0.109728
0.109805
0.109874
0.0554093
0.106651
0.106329
0.106409
0.106475
0.106568
0.106676
0.106794
0.106916
0.10704
0.107164
0.107288
0.107409
0.10753
0.107648
0.107763
0.107877
0.107988
0.108098
0.108205
0.10831
0.108413
0.108514
0.108613
0.108711
0.108806
0.1089
0.108993
0.109083
0.109173
0.10926
0.109347
0.109432
0.109515
0.109597
0.109678
0.109758
0.109836
0.109914
0.109983
0.0554092
0.107278
0.106939
0.107021
0.107089
0.107184
0.107295
0.107415
0.107539
0.107665
0.107792
0.107918
0.108042
0.108165
0.108285
0.108403
0.108519
0.108633
0.108745
0.108854
0.108961
0.109067
0.10917
0.109272
0.109372
0.10947
0.109566
0.109661
0.109754
0.109846
0.109936
0.110024
0.110112
0.110197
0.110282
0.110365
0.110447
0.110528
0.110608
0.110679
0.0554071
0.109471
0.109254
0.109346
0.109425
0.10953
0.109651
0.109782
0.109917
0.110054
0.110192
0.110329
0.110464
0.110597
0.110728
0.110857
0.110984
0.111108
0.111229
0.111349
0.111466
0.111582
0.111695
0.111806
0.111915
0.112023
0.112128
0.112232
0.112334
0.112435
0.112534
0.112631
0.112727
0.112822
0.112915
0.113007
0.113097
0.113187
0.113275
0.113354
0.0551104
0.105689
0.105396
0.105485
0.105557
0.105656
0.105771
0.105895
0.106024
0.106154
0.106285
0.106414
0.106542
0.106668
0.106792
0.106913
0.107032
0.107148
0.107262
0.107374
0.107484
0.107592
0.107698
0.107802
0.107904
0.108004
0.108102
0.108199
0.108294
0.108388
0.10848
0.10857
0.108659
0.108746
0.108832
0.108917
0.109001
0.109083
0.109164
0.109235
0.0477224
0.105846
0.10556
0.105647
0.105717
0.105814
0.105927
0.106049
0.106175
0.106303
0.106431
0.106558
0.106684
0.106808
0.106929
0.107048
0.107165
0.10728
0.107392
0.107502
0.10761
0.107717
0.107821
0.107923
0.108023
0.108122
0.108219
0.108314
0.108408
0.1085
0.10859
0.108679
0.108767
0.108853
0.108938
0.109021
0.109104
0.109185
0.109265
0.109335
0.0479728
0.105889
0.105602
0.105689
0.10576
0.105857
0.10597
0.106092
0.106218
0.106347
0.106475
0.106602
0.106728
0.106852
0.106973
0.107092
0.107209
0.107324
0.107436
0.107546
0.107655
0.107761
0.107865
0.107967
0.108067
0.108166
0.108263
0.108358
0.108451
0.108543
0.108634
0.108723
0.10881
0.108896
0.108981
0.109064
0.109146
0.109227
0.109307
0.109377
0.0479727
0.105895
0.105608
0.105695
0.105766
0.105863
0.105976
0.106098
0.106225
0.106353
0.106482
0.106609
0.106735
0.106859
0.10698
0.1071
0.107217
0.107332
0.107444
0.107554
0.107663
0.107769
0.107873
0.107975
0.108076
0.108174
0.108271
0.108366
0.10846
0.108552
0.108643
0.108732
0.108819
0.108905
0.10899
0.109074
0.109156
0.109237
0.109317
0.109387
0.0479724
0.105895
0.105608
0.105695
0.105766
0.105863
0.105976
0.106098
0.106225
0.106353
0.106482
0.106609
0.106735
0.106859
0.106981
0.1071
0.107217
0.107332
0.107444
0.107555
0.107663
0.107769
0.107873
0.107976
0.108076
0.108175
0.108272
0.108367
0.108461
0.108553
0.108643
0.108732
0.10882
0.108906
0.108991
0.109075
0.109157
0.109238
0.109318
0.109388
0.0479721
0.105895
0.105607
0.105695
0.105765
0.105862
0.105976
0.106098
0.106224
0.106353
0.106481
0.106609
0.106735
0.106859
0.10698
0.1071
0.107217
0.107331
0.107444
0.107554
0.107663
0.107769
0.107873
0.107975
0.108076
0.108174
0.108271
0.108367
0.10846
0.108552
0.108643
0.108732
0.10882
0.108906
0.108991
0.109074
0.109156
0.109238
0.109317
0.109388
0.0479718
0.105894
0.105607
0.105694
0.105765
0.105862
0.105975
0.106097
0.106224
0.106352
0.106481
0.106608
0.106734
0.106858
0.10698
0.107099
0.107216
0.107331
0.107444
0.107554
0.107662
0.107768
0.107873
0.107975
0.108075
0.108174
0.108271
0.108366
0.10846
0.108552
0.108643
0.108732
0.108819
0.108906
0.10899
0.109074
0.109156
0.109237
0.109317
0.109387
0.0479715
0.105894
0.105607
0.105694
0.105765
0.105862
0.105975
0.106097
0.106224
0.106352
0.106481
0.106608
0.106734
0.106858
0.10698
0.107099
0.107216
0.107331
0.107443
0.107554
0.107662
0.107768
0.107873
0.107975
0.108075
0.108174
0.108271
0.108366
0.10846
0.108552
0.108643
0.108732
0.108819
0.108905
0.10899
0.109074
0.109156
0.109237
0.109317
0.109387
0.0479711
0.105894
0.105607
0.105694
0.105765
0.105862
0.105975
0.106097
0.106224
0.106352
0.106481
0.106608
0.106734
0.106858
0.10698
0.107099
0.107216
0.107331
0.107443
0.107554
0.107662
0.107768
0.107872
0.107975
0.108075
0.108174
0.108271
0.108366
0.10846
0.108552
0.108642
0.108732
0.108819
0.108905
0.10899
0.109074
0.109156
0.109237
0.109317
0.109387
0.0479708
0.105894
0.105607
0.105694
0.105765
0.105862
0.105975
0.106097
0.106224
0.106352
0.106481
0.106608
0.106734
0.106858
0.10698
0.107099
0.107216
0.107331
0.107443
0.107554
0.107662
0.107768
0.107872
0.107975
0.108075
0.108174
0.108271
0.108366
0.10846
0.108552
0.108642
0.108732
0.108819
0.108905
0.10899
0.109074
0.109156
0.109237
0.109317
0.109387
0.0479704
0.105894
0.105607
0.105694
0.105765
0.105862
0.105975
0.106097
0.106224
0.106352
0.106481
0.106608
0.106734
0.106858
0.10698
0.107099
0.107216
0.107331
0.107443
0.107554
0.107662
0.107768
0.107872
0.107975
0.108075
0.108174
0.108271
0.108366
0.10846
0.108552
0.108643
0.108732
0.108819
0.108905
0.10899
0.109074
0.109156
0.109237
0.109317
0.109387
0.04797
0.105894
0.105607
0.105694
0.105765
0.105862
0.105975
0.106097
0.106224
0.106352
0.106481
0.106608
0.106734
0.106858
0.10698
0.107099
0.107216
0.107331
0.107443
0.107554
0.107662
0.107768
0.107872
0.107975
0.108075
0.108174
0.108271
0.108366
0.10846
0.108552
0.108643
0.108732
0.108819
0.108905
0.10899
0.109074
0.109156
0.109237
0.109317
0.109387
0.0479697
0.105894
0.105607
0.105694
0.105765
0.105862
0.105975
0.106097
0.106224
0.106352
0.106481
0.106608
0.106734
0.106858
0.10698
0.107099
0.107216
0.107331
0.107443
0.107554
0.107662
0.107768
0.107873
0.107975
0.108075
0.108174
0.108271
0.108366
0.10846
0.108552
0.108643
0.108732
0.108819
0.108905
0.10899
0.109074
0.109156
0.109237
0.109317
0.109387
0.0479694
0.105894
0.105607
0.105694
0.105765
0.105862
0.105975
0.106097
0.106224
0.106352
0.106481
0.106608
0.106734
0.106858
0.10698
0.107099
0.107216
0.107331
0.107443
0.107554
0.107662
0.107768
0.107873
0.107975
0.108075
0.108174
0.108271
0.108366
0.10846
0.108552
0.108643
0.108732
0.108819
0.108906
0.10899
0.109074
0.109156
0.109237
0.109317
0.109387
0.0479691
0.105894
0.105607
0.105694
0.105765
0.105862
0.105975
0.106097
0.106224
0.106352
0.106481
0.106608
0.106734
0.106858
0.10698
0.107099
0.107216
0.107331
0.107444
0.107554
0.107662
0.107768
0.107873
0.107975
0.108075
0.108174
0.108271
0.108366
0.10846
0.108552
0.108643
0.108732
0.108819
0.108906
0.10899
0.109074
0.109156
0.109237
0.109317
0.109387
0.0479688
0.105894
0.105607
0.105694
0.105765
0.105862
0.105975
0.106097
0.106224
0.106352
0.106481
0.106608
0.106734
0.106858
0.10698
0.107099
0.107216
0.107331
0.107444
0.107554
0.107662
0.107768
0.107873
0.107975
0.108075
0.108174
0.108271
0.108366
0.10846
0.108552
0.108643
0.108732
0.10882
0.108906
0.108991
0.109074
0.109156
0.109237
0.109317
0.109388
0.0479686
0.105894
0.105607
0.105694
0.105765
0.105862
0.105975
0.106097
0.106224
0.106352
0.106481
0.106608
0.106734
0.106858
0.10698
0.107099
0.107216
0.107331
0.107444
0.107554
0.107662
0.107768
0.107873
0.107975
0.108076
0.108174
0.108271
0.108367
0.10846
0.108552
0.108643
0.108732
0.10882
0.108906
0.108991
0.109074
0.109157
0.109238
0.109317
0.109388
0.0479684
0.105894
0.105607
0.105694
0.105765
0.105862
0.105975
0.106097
0.106224
0.106352
0.106481
0.106608
0.106734
0.106858
0.10698
0.107099
0.107216
0.107331
0.107444
0.107554
0.107662
0.107769
0.107873
0.107975
0.108076
0.108174
0.108271
0.108367
0.10846
0.108552
0.108643
0.108732
0.10882
0.108906
0.108991
0.109074
0.109157
0.109238
0.109317
0.109388
0.0479682
0.105894
0.105607
0.105694
0.105765
0.105862
0.105975
0.106097
0.106224
0.106352
0.106481
0.106608
0.106734
0.106858
0.10698
0.107099
0.107216
0.107331
0.107444
0.107554
0.107662
0.107769
0.107873
0.107975
0.108076
0.108174
0.108271
0.108367
0.10846
0.108552
0.108643
0.108732
0.10882
0.108906
0.108991
0.109074
0.109156
0.109238
0.109317
0.109388
0.0479681
0.105894
0.105607
0.105694
0.105765
0.105862
0.105975
0.106097
0.106224
0.106352
0.106481
0.106608
0.106734
0.106858
0.10698
0.107099
0.107216
0.107331
0.107444
0.107554
0.107662
0.107769
0.107873
0.107975
0.108076
0.108174
0.108271
0.108367
0.10846
0.108552
0.108643
0.108732
0.10882
0.108906
0.108991
0.109074
0.109156
0.109238
0.109317
0.109388
0.0479681
0.105894
0.105607
0.105694
0.105765
0.105862
0.105975
0.106097
0.106224
0.106352
0.106481
0.106608
0.106734
0.106858
0.10698
0.107099
0.107216
0.107331
0.107444
0.107554
0.107662
0.107768
0.107873
0.107975
0.108076
0.108174
0.108271
0.108367
0.10846
0.108552
0.108643
0.108732
0.10882
0.108906
0.108991
0.109074
0.109157
0.109238
0.109317
0.109388
0.0479681
0.105894
0.105607
0.105694
0.105765
0.105862
0.105975
0.106097
0.106224
0.106352
0.106481
0.106608
0.106734
0.106858
0.10698
0.107099
0.107216
0.107331
0.107444
0.107554
0.107662
0.107769
0.107873
0.107975
0.108076
0.108174
0.108271
0.108367
0.10846
0.108552
0.108643
0.108732
0.10882
0.108906
0.108991
0.109074
0.109157
0.109238
0.109318
0.109388
0.0479681
0.105894
0.105607
0.105694
0.105765
0.105862
0.105975
0.106097
0.106224
0.106352
0.106481
0.106608
0.106734
0.106858
0.10698
0.107099
0.107216
0.107331
0.107444
0.107554
0.107662
0.107769
0.107873
0.107975
0.108076
0.108174
0.108271
0.108367
0.10846
0.108553
0.108643
0.108732
0.10882
0.108906
0.108991
0.109074
0.109157
0.109238
0.109318
0.109388
0.0479682
0.105894
0.105607
0.105694
0.105765
0.105862
0.105975
0.106097
0.106224
0.106352
0.106481
0.106608
0.106734
0.106858
0.10698
0.107099
0.107216
0.107331
0.107444
0.107554
0.107662
0.107769
0.107873
0.107975
0.108076
0.108174
0.108271
0.108367
0.10846
0.108553
0.108643
0.108732
0.10882
0.108906
0.108991
0.109075
0.109157
0.109238
0.109318
0.109388
0.0479683
0.105894
0.105607
0.105694
0.105765
0.105862
0.105975
0.106097
0.106224
0.106352
0.106481
0.106608
0.106734
0.106858
0.10698
0.107099
0.107216
0.107331
0.107444
0.107554
0.107662
0.107769
0.107873
0.107975
0.108076
0.108174
0.108271
0.108367
0.10846
0.108553
0.108643
0.108732
0.10882
0.108906
0.108991
0.109074
0.109157
0.109238
0.109318
0.109388
0.0479685
0.105894
0.105607
0.105694
0.105765
0.105862
0.105975
0.106097
0.106224
0.106352
0.106481
0.106608
0.106734
0.106858
0.10698
0.107099
0.107216
0.107331
0.107444
0.107554
0.107662
0.107769
0.107873
0.107975
0.108076
0.108174
0.108271
0.108367
0.10846
0.108553
0.108643
0.108732
0.10882
0.108906
0.108991
0.109074
0.109157
0.109238
0.109318
0.109388
0.0479688
0.105894
0.105607
0.105694
0.105765
0.105862
0.105975
0.106097
0.106224
0.106352
0.106481
0.106608
0.106734
0.106858
0.10698
0.107099
0.107216
0.107331
0.107444
0.107554
0.107662
0.107769
0.107873
0.107975
0.108076
0.108174
0.108271
0.108367
0.10846
0.108553
0.108643
0.108732
0.10882
0.108906
0.108991
0.109074
0.109157
0.109238
0.109318
0.109388
0.047969
0.105894
0.105607
0.105694
0.105765
0.105862
0.105975
0.106097
0.106224
0.106352
0.106481
0.106608
0.106734
0.106858
0.10698
0.107099
0.107216
0.107331
0.107444
0.107554
0.107662
0.107769
0.107873
0.107975
0.108076
0.108174
0.108271
0.108367
0.10846
0.108552
0.108643
0.108732
0.10882
0.108906
0.108991
0.109074
0.109157
0.109238
0.109318
0.109388
0.0479693
0.105894
0.105607
0.105694
0.105765
0.105862
0.105975
0.106097
0.106224
0.106352
0.106481
0.106608
0.106734
0.106858
0.10698
0.107099
0.107216
0.107331
0.107444
0.107554
0.107662
0.107768
0.107873
0.107975
0.108076
0.108174
0.108271
0.108367
0.10846
0.108552
0.108643
0.108732
0.10882
0.108906
0.108991
0.109074
0.109157
0.109238
0.109318
0.109388
0.0479697
0.105894
0.105607
0.105694
0.105765
0.105862
0.105975
0.106097
0.106224
0.106352
0.106481
0.106608
0.106734
0.106858
0.10698
0.107099
0.107216
0.107331
0.107444
0.107554
0.107662
0.107768
0.107873
0.107975
0.108076
0.108174
0.108271
0.108367
0.10846
0.108552
0.108643
0.108732
0.10882
0.108906
0.108991
0.109074
0.109156
0.109238
0.109317
0.109388
0.04797
0.105894
0.105607
0.105694
0.105765
0.105862
0.105975
0.106097
0.106224
0.106352
0.106481
0.106608
0.106734
0.106858
0.10698
0.107099
0.107216
0.107331
0.107443
0.107554
0.107662
0.107768
0.107873
0.107975
0.108075
0.108174
0.108271
0.108366
0.10846
0.108552
0.108643
0.108732
0.10882
0.108906
0.108991
0.109074
0.109156
0.109238
0.109317
0.109388
0.0479704
0.105894
0.105607
0.105694
0.105765
0.105862
0.105975
0.106097
0.106224
0.106352
0.106481
0.106608
0.106734
0.106858
0.10698
0.107099
0.107216
0.107331
0.107443
0.107554
0.107662
0.107768
0.107872
0.107975
0.108075
0.108174
0.108271
0.108366
0.10846
0.108552
0.108643
0.108732
0.108819
0.108906
0.10899
0.109074
0.109156
0.109237
0.109317
0.109387
0.0479708
0.105894
0.105607
0.105694
0.105764
0.105862
0.105975
0.106097
0.106224
0.106352
0.106481
0.106608
0.106734
0.106858
0.106979
0.107099
0.107216
0.107331
0.107443
0.107554
0.107662
0.107768
0.107872
0.107975
0.108075
0.108174
0.108271
0.108366
0.10846
0.108552
0.108643
0.108732
0.108819
0.108906
0.10899
0.109074
0.109156
0.109237
0.109317
0.109387
0.0479711
0.105894
0.105607
0.105694
0.105765
0.105862
0.105975
0.106097
0.106224
0.106352
0.106481
0.106608
0.106734
0.106858
0.10698
0.107099
0.107216
0.107331
0.107443
0.107554
0.107662
0.107768
0.107872
0.107975
0.108075
0.108174
0.108271
0.108366
0.10846
0.108552
0.108643
0.108732
0.108819
0.108906
0.10899
0.109074
0.109156
0.109237
0.109317
0.109387
0.0479715
0.105895
0.105607
0.105695
0.105765
0.105862
0.105976
0.106098
0.106224
0.106353
0.106481
0.106609
0.106735
0.106858
0.10698
0.107099
0.107217
0.107331
0.107444
0.107554
0.107663
0.107769
0.107873
0.107975
0.108076
0.108175
0.108272
0.108367
0.108461
0.108553
0.108643
0.108732
0.10882
0.108906
0.108991
0.109075
0.109157
0.109238
0.109318
0.109388
0.0479719
0.105898
0.10561
0.105697
0.105768
0.105865
0.105978
0.1061
0.106227
0.106355
0.106484
0.106611
0.106737
0.106861
0.106983
0.107102
0.107219
0.107334
0.107446
0.107557
0.107665
0.107771
0.107875
0.107978
0.108078
0.108177
0.108274
0.108369
0.108463
0.108555
0.108645
0.108735
0.108822
0.108908
0.108993
0.109077
0.109159
0.10924
0.10932
0.10939
0.0479721
0.105914
0.105624
0.105711
0.105781
0.105879
0.105992
0.106114
0.10624
0.106369
0.106497
0.106624
0.10675
0.106874
0.106996
0.107115
0.107232
0.107347
0.107459
0.107569
0.107678
0.107784
0.107888
0.10799
0.10809
0.108189
0.108286
0.108381
0.108475
0.108567
0.108657
0.108746
0.108834
0.10892
0.109005
0.109088
0.10917
0.109251
0.109331
0.109401
0.0479723
0.106032
0.105731
0.105818
0.105888
0.105985
0.106099
0.10622
0.106347
0.106475
0.106604
0.106731
0.106857
0.106981
0.107102
0.107222
0.107339
0.107453
0.107566
0.107676
0.107784
0.10789
0.107995
0.108097
0.108197
0.108296
0.108393
0.108488
0.108582
0.108674
0.108764
0.108853
0.108941
0.109027
0.109112
0.109195
0.109278
0.109359
0.109438
0.109509
0.0479722
0.106659
0.10634
0.106429
0.106501
0.106601
0.106716
0.10684
0.106969
0.1071
0.107231
0.10736
0.107489
0.107615
0.107739
0.10786
0.107979
0.108097
0.108211
0.108324
0.108434
0.108543
0.108649
0.108754
0.108857
0.108957
0.109057
0.109154
0.10925
0.109345
0.109437
0.109529
0.109619
0.109707
0.109794
0.10988
0.109965
0.110048
0.11013
0.110203
0.0479703
0.108835
0.108635
0.108735
0.108817
0.108927
0.109053
0.109189
0.109329
0.10947
0.109612
0.109753
0.109892
0.110029
0.110163
0.110295
0.110425
0.110552
0.110677
0.1108
0.11092
0.111038
0.111154
0.111268
0.11138
0.11149
0.111598
0.111704
0.111809
0.111912
0.112014
0.112114
0.112212
0.112309
0.112404
0.112499
0.112591
0.112683
0.112773
0.112853
0.0477136
0.105021
0.104751
0.104848
0.104925
0.105029
0.105149
0.105277
0.105411
0.105546
0.105681
0.105815
0.105947
0.106077
0.106204
0.106329
0.106451
0.106571
0.106689
0.106805
0.106918
0.107029
0.107138
0.107245
0.107351
0.107454
0.107556
0.107656
0.107754
0.10785
0.107945
0.108039
0.108131
0.108221
0.10831
0.108398
0.108484
0.108569
0.108653
0.108725
0.0413222
0.105184
0.104921
0.105016
0.10509
0.105192
0.105309
0.105436
0.105567
0.1057
0.105832
0.105964
0.106094
0.106221
0.106346
0.106469
0.10659
0.106708
0.106824
0.106937
0.107049
0.107158
0.107265
0.107371
0.107474
0.107576
0.107676
0.107775
0.107871
0.107967
0.10806
0.108152
0.108243
0.108332
0.10842
0.108506
0.108591
0.108675
0.108757
0.108829
0.0415389
0.105229
0.104964
0.105059
0.105134
0.105236
0.105354
0.10548
0.105612
0.105744
0.105877
0.106009
0.106138
0.106266
0.106391
0.106514
0.106635
0.106753
0.106869
0.106982
0.107094
0.107203
0.107311
0.107416
0.10752
0.107621
0.107721
0.10782
0.107916
0.108011
0.108105
0.108197
0.108287
0.108376
0.108464
0.10855
0.108635
0.108719
0.108801
0.108873
0.0415388
0.105234
0.10497
0.105065
0.10514
0.105242
0.10536
0.105487
0.105618
0.105751
0.105884
0.106016
0.106145
0.106273
0.106399
0.106522
0.106642
0.106761
0.106877
0.10699
0.107102
0.107211
0.107319
0.107424
0.107528
0.10763
0.10773
0.107828
0.107925
0.10802
0.108114
0.108206
0.108297
0.108386
0.108473
0.10856
0.108645
0.108728
0.108811
0.108882
0.0415386
0.105234
0.10497
0.105065
0.10514
0.105242
0.10536
0.105487
0.105618
0.105751
0.105884
0.106016
0.106146
0.106273
0.106399
0.106522
0.106643
0.106761
0.106877
0.106991
0.107102
0.107212
0.107319
0.107425
0.107529
0.10763
0.107731
0.107829
0.107926
0.108021
0.108115
0.108207
0.108297
0.108386
0.108474
0.108561
0.108646
0.108729
0.108812
0.108883
0.0415383
0.105234
0.104969
0.105064
0.105139
0.105241
0.105359
0.105486
0.105617
0.10575
0.105883
0.106015
0.106145
0.106273
0.106398
0.106521
0.106642
0.10676
0.106876
0.10699
0.107102
0.107211
0.107319
0.107424
0.107528
0.10763
0.10773
0.107829
0.107925
0.108021
0.108114
0.108206
0.108297
0.108386
0.108474
0.10856
0.108645
0.108729
0.108812
0.108883
0.041538
0.105233
0.104969
0.105064
0.105139
0.105241
0.105359
0.105486
0.105617
0.10575
0.105883
0.106015
0.106145
0.106273
0.106398
0.106521
0.106642
0.10676
0.106876
0.10699
0.107101
0.107211
0.107319
0.107424
0.107528
0.10763
0.10773
0.107828
0.107925
0.10802
0.108114
0.108206
0.108297
0.108386
0.108474
0.10856
0.108645
0.108729
0.108811
0.108883
0.0415377
0.105233
0.104969
0.105064
0.105138
0.10524
0.105359
0.105485
0.105617
0.10575
0.105883
0.106015
0.106145
0.106272
0.106398
0.106521
0.106642
0.10676
0.106876
0.10699
0.107101
0.107211
0.107318
0.107424
0.107528
0.10763
0.10773
0.107828
0.107925
0.10802
0.108114
0.108206
0.108296
0.108386
0.108473
0.10856
0.108645
0.108729
0.108811
0.108883
0.0415374
0.105233
0.104969
0.105064
0.105138
0.10524
0.105358
0.105485
0.105617
0.10575
0.105883
0.106015
0.106145
0.106272
0.106398
0.106521
0.106642
0.10676
0.106876
0.10699
0.107101
0.107211
0.107318
0.107424
0.107528
0.107629
0.10773
0.107828
0.107925
0.10802
0.108114
0.108206
0.108296
0.108386
0.108473
0.10856
0.108645
0.108728
0.108811
0.108882
0.041537
0.105233
0.104969
0.105064
0.105138
0.10524
0.105358
0.105485
0.105617
0.10575
0.105883
0.106015
0.106144
0.106272
0.106398
0.106521
0.106642
0.10676
0.106876
0.10699
0.107101
0.107211
0.107318
0.107424
0.107528
0.107629
0.10773
0.107828
0.107925
0.10802
0.108114
0.108206
0.108296
0.108386
0.108473
0.10856
0.108645
0.108728
0.108811
0.108882
0.0415367
0.105233
0.104969
0.105064
0.105138
0.10524
0.105358
0.105485
0.105617
0.10575
0.105883
0.106015
0.106145
0.106272
0.106398
0.106521
0.106642
0.10676
0.106876
0.10699
0.107101
0.107211
0.107318
0.107424
0.107528
0.107629
0.10773
0.107828
0.107925
0.10802
0.108114
0.108206
0.108296
0.108386
0.108473
0.10856
0.108645
0.108729
0.108811
0.108883
0.0415363
0.105233
0.104969
0.105064
0.105138
0.10524
0.105358
0.105485
0.105617
0.10575
0.105883
0.106015
0.106145
0.106272
0.106398
0.106521
0.106642
0.10676
0.106876
0.10699
0.107101
0.107211
0.107318
0.107424
0.107528
0.107629
0.10773
0.107828
0.107925
0.10802
0.108114
0.108206
0.108296
0.108386
0.108473
0.10856
0.108645
0.108729
0.108811
0.108883
0.041536
0.105233
0.104969
0.105064
0.105138
0.10524
0.105359
0.105485
0.105617
0.10575
0.105883
0.106015
0.106145
0.106272
0.106398
0.106521
0.106642
0.10676
0.106876
0.10699
0.107101
0.107211
0.107318
0.107424
0.107528
0.10763
0.10773
0.107828
0.107925
0.10802
0.108114
0.108206
0.108296
0.108386
0.108473
0.10856
0.108645
0.108729
0.108811
0.108883
0.0415357
0.105233
0.104969
0.105064
0.105138
0.10524
0.105359
0.105485
0.105617
0.10575
0.105883
0.106015
0.106145
0.106272
0.106398
0.106521
0.106642
0.10676
0.106876
0.10699
0.107101
0.107211
0.107318
0.107424
0.107528
0.10763
0.10773
0.107828
0.107925
0.10802
0.108114
0.108206
0.108296
0.108386
0.108473
0.10856
0.108645
0.108729
0.108811
0.108883
0.0415354
0.105233
0.104969
0.105064
0.105138
0.10524
0.105359
0.105485
0.105617
0.10575
0.105883
0.106015
0.106145
0.106272
0.106398
0.106521
0.106642
0.10676
0.106876
0.10699
0.107101
0.107211
0.107318
0.107424
0.107528
0.10763
0.10773
0.107828
0.107925
0.10802
0.108114
0.108206
0.108297
0.108386
0.108473
0.10856
0.108645
0.108729
0.108811
0.108883
0.0415351
0.105233
0.104969
0.105064
0.105138
0.10524
0.105359
0.105485
0.105617
0.10575
0.105883
0.106015
0.106145
0.106272
0.106398
0.106521
0.106642
0.10676
0.106876
0.10699
0.107101
0.107211
0.107318
0.107424
0.107528
0.10763
0.10773
0.107828
0.107925
0.10802
0.108114
0.108206
0.108297
0.108386
0.108474
0.10856
0.108645
0.108729
0.108811
0.108883
0.0415349
0.105233
0.104969
0.105064
0.105138
0.10524
0.105359
0.105485
0.105617
0.10575
0.105883
0.106015
0.106145
0.106272
0.106398
0.106521
0.106642
0.10676
0.106876
0.10699
0.107101
0.107211
0.107318
0.107424
0.107528
0.10763
0.10773
0.107828
0.107925
0.10802
0.108114
0.108206
0.108297
0.108386
0.108474
0.10856
0.108645
0.108729
0.108812
0.108883
0.0415347
0.105233
0.104969
0.105064
0.105138
0.10524
0.105358
0.105485
0.105617
0.10575
0.105883
0.106015
0.106145
0.106272
0.106398
0.106521
0.106642
0.10676
0.106876
0.10699
0.107101
0.107211
0.107319
0.107424
0.107528
0.10763
0.10773
0.107828
0.107925
0.10802
0.108114
0.108206
0.108297
0.108386
0.108474
0.10856
0.108645
0.108729
0.108812
0.108883
0.0415346
0.105233
0.104969
0.105064
0.105138
0.10524
0.105359
0.105485
0.105617
0.10575
0.105883
0.106015
0.106145
0.106272
0.106398
0.106521
0.106642
0.10676
0.106876
0.10699
0.107101
0.107211
0.107319
0.107424
0.107528
0.10763
0.10773
0.107828
0.107925
0.10802
0.108114
0.108206
0.108297
0.108386
0.108474
0.10856
0.108645
0.108729
0.108812
0.108883
0.0415345
0.105233
0.104969
0.105064
0.105138
0.10524
0.105359
0.105485
0.105617
0.10575
0.105883
0.106015
0.106145
0.106272
0.106398
0.106521
0.106642
0.10676
0.106876
0.10699
0.107101
0.107211
0.107319
0.107424
0.107528
0.10763
0.10773
0.107828
0.107925
0.10802
0.108114
0.108206
0.108297
0.108386
0.108474
0.10856
0.108645
0.108729
0.108812
0.108883
0.0415345
0.105233
0.104969
0.105064
0.105138
0.10524
0.105359
0.105485
0.105617
0.10575
0.105883
0.106015
0.106145
0.106272
0.106398
0.106521
0.106642
0.10676
0.106876
0.10699
0.107101
0.107211
0.107319
0.107424
0.107528
0.10763
0.10773
0.107828
0.107925
0.108021
0.108114
0.108206
0.108297
0.108386
0.108474
0.10856
0.108645
0.108729
0.108812
0.108883
0.0415345
0.105233
0.104969
0.105064
0.105138
0.10524
0.105359
0.105485
0.105617
0.10575
0.105883
0.106015
0.106145
0.106272
0.106398
0.106521
0.106642
0.10676
0.106876
0.10699
0.107101
0.107211
0.107319
0.107424
0.107528
0.10763
0.10773
0.107828
0.107925
0.10802
0.108114
0.108206
0.108297
0.108386
0.108474
0.10856
0.108645
0.108729
0.108812
0.108883
0.0415345
0.105233
0.104969
0.105064
0.105138
0.10524
0.105359
0.105485
0.105617
0.10575
0.105883
0.106015
0.106145
0.106272
0.106398
0.106521
0.106642
0.10676
0.106876
0.10699
0.107101
0.107211
0.107319
0.107424
0.107528
0.10763
0.10773
0.107828
0.107925
0.108021
0.108114
0.108206
0.108297
0.108386
0.108474
0.10856
0.108645
0.108729
0.108812
0.108883
0.0415346
0.105233
0.104969
0.105064
0.105138
0.105241
0.105359
0.105486
0.105617
0.10575
0.105883
0.106015
0.106145
0.106273
0.106398
0.106521
0.106642
0.10676
0.106876
0.10699
0.107102
0.107211
0.107319
0.107424
0.107528
0.10763
0.10773
0.107829
0.107925
0.108021
0.108114
0.108206
0.108297
0.108386
0.108474
0.10856
0.108645
0.108729
0.108812
0.108883
0.0415347
0.105233
0.104969
0.105064
0.105138
0.105241
0.105359
0.105486
0.105617
0.10575
0.105883
0.106015
0.106145
0.106272
0.106398
0.106521
0.106642
0.10676
0.106876
0.10699
0.107102
0.107211
0.107319
0.107424
0.107528
0.10763
0.10773
0.107829
0.107925
0.108021
0.108114
0.108206
0.108297
0.108386
0.108474
0.10856
0.108645
0.108729
0.108812
0.108883
0.0415349
0.105233
0.104969
0.105064
0.105138
0.105241
0.105359
0.105486
0.105617
0.10575
0.105883
0.106015
0.106145
0.106272
0.106398
0.106521
0.106642
0.10676
0.106876
0.10699
0.107102
0.107211
0.107319
0.107424
0.107528
0.10763
0.10773
0.107829
0.107925
0.108021
0.108114
0.108206
0.108297
0.108386
0.108474
0.10856
0.108645
0.108729
0.108812
0.108883
0.0415351
0.105233
0.104969
0.105064
0.105138
0.10524
0.105359
0.105486
0.105617
0.10575
0.105883
0.106015
0.106145
0.106272
0.106398
0.106521
0.106642
0.10676
0.106876
0.10699
0.107102
0.107211
0.107319
0.107424
0.107528
0.10763
0.10773
0.107829
0.107925
0.108021
0.108114
0.108206
0.108297
0.108386
0.108474
0.10856
0.108646
0.108729
0.108812
0.108883
0.0415354
0.105233
0.104969
0.105064
0.105138
0.10524
0.105359
0.105485
0.105617
0.10575
0.105883
0.106015
0.106145
0.106272
0.106398
0.106521
0.106642
0.10676
0.106876
0.10699
0.107101
0.107211
0.107319
0.107424
0.107528
0.10763
0.10773
0.107829
0.107925
0.108021
0.108114
0.108206
0.108297
0.108386
0.108474
0.10856
0.108645
0.108729
0.108812
0.108883
0.0415356
0.105233
0.104969
0.105064
0.105138
0.10524
0.105358
0.105485
0.105617
0.10575
0.105883
0.106015
0.106145
0.106272
0.106398
0.106521
0.106642
0.10676
0.106876
0.10699
0.107101
0.107211
0.107319
0.107424
0.107528
0.10763
0.10773
0.107828
0.107925
0.108021
0.108114
0.108206
0.108297
0.108386
0.108474
0.10856
0.108645
0.108729
0.108812
0.108883
0.041536
0.105233
0.104969
0.105064
0.105138
0.10524
0.105358
0.105485
0.105617
0.10575
0.105883
0.106015
0.106145
0.106272
0.106398
0.106521
0.106642
0.10676
0.106876
0.10699
0.107101
0.107211
0.107318
0.107424
0.107528
0.10763
0.10773
0.107828
0.107925
0.10802
0.108114
0.108206
0.108297
0.108386
0.108474
0.10856
0.108645
0.108729
0.108812
0.108883
0.0415363
0.105233
0.104969
0.105063
0.105138
0.10524
0.105358
0.105485
0.105617
0.10575
0.105883
0.106015
0.106145
0.106272
0.106398
0.106521
0.106642
0.10676
0.106876
0.10699
0.107101
0.107211
0.107318
0.107424
0.107528
0.10763
0.10773
0.107828
0.107925
0.10802
0.108114
0.108206
0.108297
0.108386
0.108474
0.10856
0.108645
0.108729
0.108812
0.108883
0.0415366
0.105233
0.104969
0.105063
0.105138
0.10524
0.105358
0.105485
0.105617
0.10575
0.105883
0.106014
0.106144
0.106272
0.106398
0.106521
0.106642
0.10676
0.106876
0.10699
0.107101
0.107211
0.107318
0.107424
0.107528
0.10763
0.10773
0.107828
0.107925
0.10802
0.108114
0.108206
0.108297
0.108386
0.108474
0.10856
0.108645
0.108729
0.108811
0.108883
0.041537
0.105233
0.104968
0.105063
0.105138
0.10524
0.105358
0.105485
0.105617
0.10575
0.105883
0.106014
0.106144
0.106272
0.106398
0.106521
0.106641
0.10676
0.106876
0.106989
0.107101
0.107211
0.107318
0.107424
0.107528
0.107629
0.10773
0.107828
0.107925
0.10802
0.108114
0.108206
0.108297
0.108386
0.108474
0.10856
0.108645
0.108729
0.108811
0.108883
0.0415373
0.105233
0.104968
0.105063
0.105138
0.10524
0.105358
0.105485
0.105617
0.10575
0.105883
0.106014
0.106144
0.106272
0.106398
0.106521
0.106641
0.10676
0.106876
0.106989
0.107101
0.107211
0.107318
0.107424
0.107528
0.107629
0.10773
0.107828
0.107925
0.10802
0.108114
0.108206
0.108297
0.108386
0.108474
0.10856
0.108645
0.108729
0.108811
0.108883
0.0415377
0.105234
0.104969
0.105064
0.105139
0.105241
0.105359
0.105486
0.105617
0.10575
0.105883
0.106015
0.106145
0.106273
0.106398
0.106521
0.106642
0.10676
0.106876
0.10699
0.107102
0.107211
0.107319
0.107424
0.107528
0.10763
0.10773
0.107829
0.107925
0.108021
0.108114
0.108206
0.108297
0.108386
0.108474
0.10856
0.108645
0.108729
0.108812
0.108883
0.041538
0.105237
0.104972
0.105067
0.105141
0.105243
0.105361
0.105488
0.10562
0.105753
0.105886
0.106017
0.106147
0.106275
0.106401
0.106524
0.106644
0.106763
0.106878
0.106992
0.107104
0.107213
0.107321
0.107426
0.10753
0.107632
0.107732
0.107831
0.107927
0.108023
0.108116
0.108208
0.108299
0.108388
0.108476
0.108562
0.108647
0.108731
0.108814
0.108885
0.0415383
0.105252
0.104985
0.10508
0.105154
0.105256
0.105374
0.105501
0.105632
0.105765
0.105898
0.10603
0.10616
0.106288
0.106413
0.106536
0.106657
0.106775
0.106891
0.107004
0.107116
0.107225
0.107333
0.107438
0.107542
0.107644
0.107744
0.107842
0.107939
0.108034
0.108128
0.10822
0.10831
0.108399
0.108487
0.108573
0.108658
0.108742
0.108824
0.108896
0.0415385
0.105368
0.10509
0.105185
0.10526
0.105362
0.10548
0.105606
0.105738
0.105871
0.106004
0.106135
0.106265
0.106393
0.106518
0.106641
0.106762
0.10688
0.106996
0.10711
0.107221
0.107331
0.107438
0.107544
0.107647
0.107749
0.107849
0.107948
0.108044
0.108139
0.108233
0.108325
0.108416
0.108505
0.108592
0.108679
0.108764
0.108848
0.10893
0.109002
0.0415384
0.105993
0.105696
0.105793
0.105869
0.105973
0.106094
0.106223
0.106356
0.106492
0.106627
0.106761
0.106893
0.107023
0.107151
0.107276
0.107399
0.107519
0.107637
0.107753
0.107867
0.107979
0.108088
0.108196
0.108302
0.108406
0.108508
0.108609
0.108708
0.108805
0.108901
0.108995
0.109088
0.109179
0.109269
0.109358
0.109445
0.109531
0.109616
0.109689
0.0415368
0.108146
0.107964
0.108072
0.108159
0.108274
0.108405
0.108545
0.10869
0.108836
0.108982
0.109127
0.10927
0.109411
0.109549
0.109685
0.109818
0.109948
0.110076
0.110202
0.110325
0.110446
0.110565
0.110682
0.110797
0.11091
0.111021
0.11113
0.111238
0.111344
0.111448
0.111551
0.111652
0.111751
0.111849
0.111946
0.112041
0.112135
0.112227
0.112308
0.0413147
0.103121
0.104059
0.104164
0.104245
0.104354
0.104479
0.104614
0.104752
0.104892
0.105032
0.10517
0.105306
0.10544
0.105572
0.1057
0.105827
0.105951
0.106072
0.106191
0.106308
0.106423
0.106535
0.106646
0.106755
0.106862
0.106967
0.10707
0.107172
0.107272
0.10737
0.107467
0.107562
0.107656
0.107748
0.107839
0.107928
0.108016
0.108102
0.108176
0.0357867
0.104146
0.104234
0.104338
0.104417
0.104523
0.104646
0.104778
0.104914
0.105051
0.105188
0.105324
0.105458
0.10559
0.105719
0.105846
0.10597
0.106092
0.106211
0.106329
0.106444
0.106557
0.106667
0.106776
0.106883
0.106989
0.107092
0.107194
0.107294
0.107393
0.10749
0.107585
0.107679
0.107771
0.107862
0.107951
0.108039
0.108126
0.108212
0.108284
0.0359744
0.1041
0.104279
0.104382
0.104461
0.104568
0.104691
0.104823
0.104959
0.105097
0.105234
0.10537
0.105504
0.105636
0.105765
0.105892
0.106016
0.106138
0.106258
0.106375
0.10649
0.106603
0.106714
0.106823
0.10693
0.107035
0.107139
0.10724
0.10734
0.107439
0.107536
0.107631
0.107725
0.107817
0.107908
0.107997
0.108085
0.108172
0.108257
0.10833
0.0359743
0.104087
0.104284
0.104388
0.104467
0.104574
0.104697
0.104829
0.104966
0.105103
0.105241
0.105377
0.105511
0.105643
0.105773
0.1059
0.106024
0.106146
0.106266
0.106383
0.106498
0.106611
0.106722
0.106831
0.106938
0.107044
0.107147
0.107249
0.107349
0.107448
0.107545
0.10764
0.107734
0.107826
0.107917
0.108007
0.108095
0.108181
0.108267
0.108339
0.0359741
0.104083
0.104284
0.104388
0.104467
0.104574
0.104697
0.104829
0.104966
0.105103
0.105241
0.105377
0.105511
0.105643
0.105773
0.1059
0.106024
0.106146
0.106266
0.106383
0.106498
0.106612
0.106723
0.106832
0.106939
0.107044
0.107148
0.10725
0.10735
0.107449
0.107546
0.107641
0.107735
0.107827
0.107918
0.108007
0.108095
0.108182
0.108268
0.10834
0.0359738
0.104082
0.104283
0.104387
0.104466
0.104573
0.104696
0.104829
0.104965
0.105103
0.10524
0.105377
0.105511
0.105643
0.105772
0.105899
0.106024
0.106146
0.106265
0.106383
0.106498
0.106611
0.106722
0.106831
0.106938
0.107044
0.107147
0.107249
0.10735
0.107448
0.107545
0.107641
0.107734
0.107827
0.107918
0.108007
0.108095
0.108182
0.108267
0.10834
0.0359736
0.104081
0.104283
0.104387
0.104466
0.104573
0.104696
0.104828
0.104965
0.105102
0.10524
0.105376
0.10551
0.105642
0.105772
0.105899
0.106023
0.106145
0.106265
0.106382
0.106498
0.106611
0.106722
0.106831
0.106938
0.107044
0.107147
0.107249
0.107349
0.107448
0.107545
0.10764
0.107734
0.107826
0.107917
0.108007
0.108095
0.108182
0.108267
0.10834
0.0359732
0.104081
0.104283
0.104386
0.104466
0.104573
0.104696
0.104828
0.104964
0.105102
0.10524
0.105376
0.10551
0.105642
0.105772
0.105899
0.106023
0.106145
0.106265
0.106382
0.106497
0.106611
0.106722
0.106831
0.106938
0.107043
0.107147
0.107249
0.107349
0.107448
0.107545
0.10764
0.107734
0.107826
0.107917
0.108007
0.108095
0.108181
0.108267
0.10834
0.0359729
0.104081
0.104283
0.104386
0.104466
0.104573
0.104696
0.104828
0.104964
0.105102
0.10524
0.105376
0.10551
0.105642
0.105772
0.105899
0.106023
0.106145
0.106265
0.106382
0.106497
0.10661
0.106722
0.106831
0.106938
0.107043
0.107147
0.107249
0.107349
0.107448
0.107545
0.10764
0.107734
0.107826
0.107917
0.108006
0.108095
0.108181
0.108267
0.108339
0.0359726
0.104081
0.104283
0.104386
0.104466
0.104573
0.104696
0.104828
0.104964
0.105102
0.10524
0.105376
0.10551
0.105642
0.105772
0.105899
0.106023
0.106145
0.106265
0.106382
0.106497
0.10661
0.106722
0.106831
0.106938
0.107043
0.107147
0.107249
0.107349
0.107448
0.107544
0.10764
0.107734
0.107826
0.107917
0.108006
0.108094
0.108181
0.108267
0.108339
0.0359722
0.104081
0.104283
0.104386
0.104466
0.104573
0.104696
0.104828
0.104964
0.105102
0.10524
0.105376
0.10551
0.105642
0.105772
0.105899
0.106023
0.106145
0.106265
0.106382
0.106497
0.10661
0.106722
0.106831
0.106938
0.107043
0.107147
0.107249
0.107349
0.107448
0.107545
0.10764
0.107734
0.107826
0.107917
0.108006
0.108094
0.108181
0.108267
0.108339
0.0359719
0.104081
0.104283
0.104386
0.104466
0.104573
0.104696
0.104828
0.104964
0.105102
0.10524
0.105376
0.10551
0.105642
0.105772
0.105899
0.106023
0.106145
0.106265
0.106382
0.106497
0.10661
0.106722
0.106831
0.106938
0.107043
0.107147
0.107249
0.107349
0.107448
0.107545
0.10764
0.107734
0.107826
0.107917
0.108007
0.108095
0.108181
0.108267
0.10834
0.0359716
0.104081
0.104283
0.104386
0.104466
0.104573
0.104696
0.104828
0.104964
0.105102
0.10524
0.105376
0.10551
0.105642
0.105772
0.105899
0.106023
0.106145
0.106265
0.106382
0.106497
0.106611
0.106722
0.106831
0.106938
0.107043
0.107147
0.107249
0.107349
0.107448
0.107545
0.10764
0.107734
0.107826
0.107917
0.108007
0.108095
0.108181
0.108267
0.10834
0.0359713
0.10408
0.104283
0.104386
0.104466
0.104573
0.104696
0.104828
0.104964
0.105102
0.10524
0.105376
0.10551
0.105642
0.105772
0.105899
0.106023
0.106145
0.106265
0.106382
0.106497
0.106611
0.106722
0.106831
0.106938
0.107043
0.107147
0.107249
0.107349
0.107448
0.107545
0.10764
0.107734
0.107826
0.107917
0.108007
0.108095
0.108181
0.108267
0.10834
0.035971
0.10408
0.104283
0.104386
0.104466
0.104573
0.104696
0.104828
0.104964
0.105102
0.10524
0.105376
0.10551
0.105642
0.105772
0.105899
0.106023
0.106145
0.106265
0.106382
0.106497
0.106611
0.106722
0.106831
0.106938
0.107043
0.107147
0.107249
0.107349
0.107448
0.107545
0.10764
0.107734
0.107826
0.107917
0.108007
0.108095
0.108181
0.108267
0.10834
0.0359708
0.10408
0.104283
0.104386
0.104466
0.104573
0.104696
0.104828
0.104964
0.105102
0.10524
0.105376
0.10551
0.105642
0.105772
0.105899
0.106023
0.106145
0.106265
0.106382
0.106497
0.106611
0.106722
0.106831
0.106938
0.107043
0.107147
0.107249
0.107349
0.107448
0.107545
0.10764
0.107734
0.107826
0.107917
0.108007
0.108095
0.108181
0.108267
0.10834
0.0359706
0.10408
0.104283
0.104386
0.104466
0.104573
0.104696
0.104828
0.104964
0.105102
0.10524
0.105376
0.10551
0.105642
0.105772
0.105899
0.106023
0.106145
0.106265
0.106382
0.106498
0.106611
0.106722
0.106831
0.106938
0.107043
0.107147
0.107249
0.107349
0.107448
0.107545
0.10764
0.107734
0.107826
0.107917
0.108007
0.108095
0.108182
0.108267
0.10834
0.0359704
0.10408
0.104283
0.104386
0.104466
0.104573
0.104696
0.104828
0.104964
0.105102
0.10524
0.105376
0.10551
0.105642
0.105772
0.105899
0.106023
0.106145
0.106265
0.106382
0.106498
0.106611
0.106722
0.106831
0.106938
0.107044
0.107147
0.107249
0.107349
0.107448
0.107545
0.10764
0.107734
0.107827
0.107918
0.108007
0.108095
0.108182
0.108267
0.10834
0.0359702
0.10408
0.104283
0.104386
0.104466
0.104573
0.104696
0.104828
0.104964
0.105102
0.10524
0.105376
0.10551
0.105642
0.105772
0.105899
0.106023
0.106145
0.106265
0.106382
0.106498
0.106611
0.106722
0.106831
0.106938
0.107044
0.107147
0.107249
0.107349
0.107448
0.107545
0.10764
0.107734
0.107827
0.107918
0.108007
0.108095
0.108182
0.108267
0.10834
0.0359702
0.10408
0.104283
0.104386
0.104466
0.104573
0.104696
0.104828
0.104964
0.105102
0.10524
0.105376
0.10551
0.105642
0.105772
0.105899
0.106023
0.106145
0.106265
0.106382
0.106498
0.106611
0.106722
0.106831
0.106938
0.107044
0.107147
0.107249
0.107349
0.107448
0.107545
0.10764
0.107734
0.107827
0.107918
0.108007
0.108095
0.108182
0.108267
0.10834
0.0359701
0.10408
0.104283
0.104386
0.104466
0.104573
0.104696
0.104828
0.104964
0.105102
0.10524
0.105376
0.10551
0.105642
0.105772
0.105899
0.106023
0.106145
0.106265
0.106382
0.106498
0.106611
0.106722
0.106831
0.106938
0.107044
0.107147
0.107249
0.10735
0.107448
0.107545
0.107641
0.107734
0.107827
0.107918
0.108007
0.108095
0.108182
0.108268
0.10834
0.0359701
0.10408
0.104283
0.104386
0.104466
0.104573
0.104696
0.104828
0.104964
0.105102
0.10524
0.105376
0.10551
0.105642
0.105772
0.105899
0.106023
0.106145
0.106265
0.106382
0.106498
0.106611
0.106722
0.106831
0.106938
0.107044
0.107147
0.107249
0.107349
0.107448
0.107545
0.107641
0.107734
0.107827
0.107918
0.108007
0.108095
0.108182
0.108268
0.10834
0.0359702
0.10408
0.104283
0.104386
0.104466
0.104573
0.104696
0.104828
0.104964
0.105102
0.10524
0.105376
0.10551
0.105642
0.105772
0.105899
0.106023
0.106145
0.106265
0.106382
0.106498
0.106611
0.106722
0.106831
0.106938
0.107044
0.107147
0.107249
0.107349
0.107448
0.107545
0.10764
0.107734
0.107827
0.107918
0.108007
0.108095
0.108182
0.108267
0.10834
0.0359703
0.10408
0.104283
0.104386
0.104466
0.104573
0.104696
0.104828
0.104964
0.105102
0.10524
0.105376
0.10551
0.105642
0.105772
0.105899
0.106023
0.106145
0.106265
0.106382
0.106498
0.106611
0.106722
0.106831
0.106938
0.107044
0.107147
0.107249
0.10735
0.107448
0.107545
0.107641
0.107734
0.107827
0.107918
0.108007
0.108095
0.108182
0.108268
0.10834
0.0359704
0.10408
0.104283
0.104386
0.104466
0.104573
0.104696
0.104828
0.104964
0.105102
0.10524
0.105376
0.10551
0.105642
0.105772
0.105899
0.106023
0.106145
0.106265
0.106382
0.106498
0.106611
0.106722
0.106831
0.106938
0.107044
0.107147
0.107249
0.10735
0.107448
0.107545
0.107641
0.107734
0.107827
0.107918
0.108007
0.108095
0.108182
0.108268
0.10834
0.0359705
0.10408
0.104283
0.104386
0.104466
0.104573
0.104696
0.104828
0.104964
0.105102
0.10524
0.105376
0.10551
0.105642
0.105772
0.105899
0.106023
0.106145
0.106265
0.106382
0.106498
0.106611
0.106722
0.106831
0.106938
0.107044
0.107147
0.107249
0.10735
0.107448
0.107545
0.107641
0.107734
0.107827
0.107918
0.108007
0.108095
0.108182
0.108268
0.10834
0.0359707
0.10408
0.104283
0.104386
0.104466
0.104573
0.104696
0.104828
0.104964
0.105102
0.10524
0.105376
0.10551
0.105642
0.105772
0.105899
0.106023
0.106145
0.106265
0.106382
0.106498
0.106611
0.106722
0.106831
0.106938
0.107044
0.107147
0.107249
0.10735
0.107448
0.107545
0.107641
0.107735
0.107827
0.107918
0.108007
0.108095
0.108182
0.108268
0.10834
0.035971
0.10408
0.104283
0.104386
0.104466
0.104573
0.104696
0.104828
0.104964
0.105102
0.10524
0.105376
0.10551
0.105642
0.105772
0.105899
0.106023
0.106145
0.106265
0.106382
0.106498
0.106611
0.106722
0.106831
0.106938
0.107044
0.107147
0.107249
0.10735
0.107448
0.107545
0.107641
0.107734
0.107827
0.107918
0.108007
0.108095
0.108182
0.108268
0.10834
0.0359712
0.10408
0.104283
0.104386
0.104466
0.104573
0.104696
0.104828
0.104964
0.105102
0.10524
0.105376
0.10551
0.105642
0.105772
0.105899
0.106023
0.106145
0.106265
0.106382
0.106498
0.106611
0.106722
0.106831
0.106938
0.107044
0.107147
0.107249
0.107349
0.107448
0.107545
0.107641
0.107734
0.107827
0.107918
0.108007
0.108095
0.108182
0.108268
0.10834
0.0359715
0.10408
0.104283
0.104386
0.104466
0.104573
0.104696
0.104828
0.104964
0.105102
0.10524
0.105376
0.10551
0.105642
0.105772
0.105899
0.106023
0.106145
0.106265
0.106382
0.106498
0.106611
0.106722
0.106831
0.106938
0.107044
0.107147
0.107249
0.107349
0.107448
0.107545
0.107641
0.107734
0.107827
0.107918
0.108007
0.108095
0.108182
0.108268
0.10834
0.0359718
0.104081
0.104283
0.104386
0.104466
0.104573
0.104696
0.104828
0.104964
0.105102
0.10524
0.105376
0.10551
0.105642
0.105772
0.105899
0.106023
0.106145
0.106265
0.106382
0.106498
0.106611
0.106722
0.106831
0.106938
0.107044
0.107147
0.107249
0.107349
0.107448
0.107545
0.10764
0.107734
0.107827
0.107918
0.108007
0.108095
0.108182
0.108267
0.10834
0.0359721
0.104081
0.104283
0.104386
0.104466
0.104573
0.104696
0.104828
0.104964
0.105102
0.10524
0.105376
0.10551
0.105642
0.105772
0.105899
0.106023
0.106145
0.106265
0.106382
0.106497
0.106611
0.106722
0.106831
0.106938
0.107044
0.107147
0.107249
0.107349
0.107448
0.107545
0.10764
0.107734
0.107827
0.107918
0.108007
0.108095
0.108182
0.108267
0.10834
0.0359725
0.104081
0.104283
0.104386
0.104465
0.104572
0.104696
0.104828
0.104964
0.105102
0.10524
0.105376
0.10551
0.105642
0.105772
0.105898
0.106023
0.106145
0.106265
0.106382
0.106497
0.10661
0.106722
0.106831
0.106938
0.107043
0.107147
0.107249
0.107349
0.107448
0.107545
0.10764
0.107734
0.107827
0.107917
0.108007
0.108095
0.108182
0.108267
0.10834
0.0359728
0.104081
0.104283
0.104386
0.104465
0.104572
0.104696
0.104828
0.104964
0.105102
0.10524
0.105376
0.10551
0.105642
0.105771
0.105898
0.106023
0.106145
0.106265
0.106382
0.106497
0.10661
0.106722
0.106831
0.106938
0.107043
0.107147
0.107249
0.107349
0.107448
0.107545
0.10764
0.107734
0.107826
0.107917
0.108007
0.108095
0.108182
0.108267
0.10834
0.0359732
0.104081
0.104283
0.104387
0.104466
0.104573
0.104696
0.104828
0.104965
0.105102
0.10524
0.105376
0.105511
0.105642
0.105772
0.105899
0.106023
0.106145
0.106265
0.106383
0.106498
0.106611
0.106722
0.106831
0.106938
0.107044
0.107147
0.107249
0.107349
0.107448
0.107545
0.10764
0.107734
0.107827
0.107918
0.108007
0.108095
0.108182
0.108267
0.10834
0.0359734
0.104082
0.104286
0.104389
0.104468
0.104575
0.104698
0.104831
0.104967
0.105105
0.105242
0.105379
0.105513
0.105645
0.105774
0.105901
0.106026
0.106148
0.106267
0.106385
0.1065
0.106613
0.106724
0.106833
0.106941
0.107046
0.10715
0.107252
0.107352
0.10745
0.107547
0.107643
0.107737
0.107829
0.10792
0.108009
0.108097
0.108184
0.10827
0.108342
0.0359737
0.104086
0.104298
0.104402
0.104481
0.104588
0.104711
0.104843
0.104979
0.105117
0.105254
0.105391
0.105525
0.105657
0.105786
0.105913
0.106037
0.106159
0.106279
0.106396
0.106511
0.106624
0.106735
0.106844
0.106952
0.107057
0.10716
0.107262
0.107362
0.107461
0.107558
0.107653
0.107747
0.107839
0.10793
0.108019
0.108107
0.108194
0.10828
0.108352
0.0359739
0.1041
0.104402
0.104505
0.104585
0.104691
0.104815
0.104947
0.105083
0.105221
0.105358
0.105494
0.105628
0.10576
0.10589
0.106017
0.106141
0.106263
0.106383
0.1065
0.106615
0.106728
0.106839
0.106948
0.107055
0.10716
0.107264
0.107366
0.107466
0.107565
0.107661
0.107757
0.107851
0.107943
0.108034
0.108123
0.108211
0.108298
0.108383
0.108456
0.0359739
0.104146
0.105002
0.105107
0.105188
0.105298
0.105423
0.105557
0.105696
0.105836
0.105976
0.106114
0.10625
0.106384
0.106516
0.106645
0.106772
0.106896
0.107018
0.107137
0.107254
0.107369
0.107482
0.107594
0.107703
0.10781
0.107916
0.10802
0.108122
0.108223
0.108322
0.108419
0.108515
0.108609
0.108702
0.108794
0.108884
0.108973
0.10906
0.109135
0.0359727
0.103123
0.107236
0.107352
0.107444
0.107564
0.1077
0.107846
0.107995
0.108147
0.108297
0.108447
0.108594
0.108738
0.10888
0.10902
0.109156
0.10929
0.109421
0.10955
0.109677
0.109801
0.109923
0.110044
0.110162
0.110278
0.110392
0.110504
0.110615
0.110723
0.110831
0.110936
0.11104
0.111142
0.111243
0.111342
0.11144
0.111536
0.111631
0.111713
0.0357803
0.0910084
0.103312
0.103428
0.103513
0.103628
0.103758
0.103898
0.104041
0.104186
0.104331
0.104474
0.104614
0.104753
0.104888
0.105021
0.105152
0.105279
0.105405
0.105528
0.105648
0.105767
0.105883
0.105998
0.10611
0.106221
0.10633
0.106437
0.106542
0.106646
0.106748
0.106848
0.106947
0.107044
0.10714
0.107234
0.107326
0.107417
0.107507
0.107582
0.031007
0.09191
0.103495
0.103607
0.103691
0.103803
0.103931
0.104068
0.104209
0.104351
0.104493
0.104634
0.104772
0.104908
0.105042
0.105172
0.105301
0.105426
0.10555
0.105671
0.105789
0.105906
0.106021
0.106134
0.106244
0.106353
0.106461
0.106566
0.10667
0.106772
0.106873
0.106972
0.107069
0.107165
0.107259
0.107352
0.107443
0.107533
0.107621
0.107695
0.0311695
0.0918698
0.10354
0.103653
0.103737
0.103849
0.103977
0.104114
0.104256
0.104398
0.10454
0.104681
0.104819
0.104956
0.105089
0.10522
0.105348
0.105474
0.105597
0.105718
0.105837
0.105954
0.106069
0.106181
0.106292
0.106401
0.106508
0.106614
0.106718
0.10682
0.10692
0.107019
0.107116
0.107212
0.107306
0.107399
0.10749
0.10758
0.107668
0.107742
0.0311694
0.091858
0.103545
0.103659
0.103742
0.103855
0.103983
0.10412
0.104262
0.104405
0.104547
0.104688
0.104826
0.104963
0.105096
0.105227
0.105356
0.105482
0.105605
0.105726
0.105845
0.105962
0.106077
0.10619
0.106301
0.10641
0.106517
0.106623
0.106727
0.106829
0.106929
0.107028
0.107126
0.107221
0.107316
0.107408
0.1075
0.107589
0.107678
0.107752
0.0311692
0.0918544
0.103545
0.103658
0.103742
0.103854
0.103983
0.10412
0.104262
0.104405
0.104547
0.104688
0.104826
0.104963
0.105096
0.105227
0.105356
0.105482
0.105605
0.105727
0.105846
0.105962
0.106077
0.10619
0.106301
0.10641
0.106518
0.106623
0.106727
0.106829
0.10693
0.107029
0.107126
0.107222
0.107316
0.107409
0.1075
0.10759
0.107679
0.107753
0.031169
0.0918533
0.103544
0.103657
0.103741
0.103854
0.103982
0.10412
0.104261
0.104404
0.104546
0.104687
0.104826
0.104962
0.105096
0.105227
0.105355
0.105481
0.105605
0.105726
0.105845
0.105962
0.106077
0.10619
0.106301
0.10641
0.106517
0.106623
0.106727
0.106829
0.106929
0.107028
0.107126
0.107222
0.107316
0.107409
0.1075
0.10759
0.107678
0.107752
0.0311687
0.0918529
0.103544
0.103657
0.103741
0.103853
0.103982
0.104119
0.104261
0.104404
0.104546
0.104687
0.104825
0.104962
0.105095
0.105226
0.105355
0.105481
0.105604
0.105726
0.105845
0.105961
0.106076
0.106189
0.1063
0.106409
0.106517
0.106622
0.106726
0.106829
0.106929
0.107028
0.107125
0.107221
0.107315
0.107408
0.1075
0.107589
0.107678
0.107752
0.0311684
0.0918528
0.103544
0.103657
0.103741
0.103853
0.103982
0.104119
0.104261
0.104403
0.104546
0.104687
0.104825
0.104961
0.105095
0.105226
0.105355
0.105481
0.105604
0.105725
0.105844
0.105961
0.106076
0.106189
0.1063
0.106409
0.106517
0.106622
0.106726
0.106828
0.106929
0.107028
0.107125
0.107221
0.107315
0.107408
0.107499
0.107589
0.107678
0.107752
0.0311681
0.0918526
0.103544
0.103657
0.103741
0.103853
0.103982
0.104119
0.10426
0.104403
0.104546
0.104686
0.104825
0.104961
0.105095
0.105226
0.105355
0.10548
0.105604
0.105725
0.105844
0.105961
0.106076
0.106189
0.1063
0.106409
0.106516
0.106622
0.106726
0.106828
0.106929
0.107028
0.107125
0.107221
0.107315
0.107408
0.107499
0.107589
0.107678
0.107752
0.0311678
0.0918525
0.103544
0.103657
0.103741
0.103853
0.103981
0.104119
0.10426
0.104403
0.104546
0.104686
0.104825
0.104961
0.105095
0.105226
0.105354
0.10548
0.105604
0.105725
0.105844
0.105961
0.106076
0.106189
0.1063
0.106409
0.106516
0.106622
0.106726
0.106828
0.106929
0.107028
0.107125
0.107221
0.107315
0.107408
0.107499
0.107589
0.107677
0.107752
0.0311675
0.0918524
0.103544
0.103657
0.103741
0.103853
0.103981
0.104119
0.10426
0.104403
0.104546
0.104686
0.104825
0.104961
0.105095
0.105226
0.105354
0.10548
0.105604
0.105725
0.105844
0.105961
0.106076
0.106189
0.1063
0.106409
0.106516
0.106622
0.106726
0.106828
0.106929
0.107028
0.107125
0.107221
0.107315
0.107408
0.107499
0.107589
0.107677
0.107752
0.0311671
0.0918523
0.103544
0.103657
0.103741
0.103853
0.103981
0.104119
0.10426
0.104403
0.104546
0.104686
0.104825
0.104961
0.105095
0.105226
0.105354
0.10548
0.105604
0.105725
0.105844
0.105961
0.106076
0.106189
0.1063
0.106409
0.106516
0.106622
0.106726
0.106828
0.106929
0.107028
0.107125
0.107221
0.107315
0.107408
0.107499
0.107589
0.107678
0.107752
0.0311668
0.0918521
0.103544
0.103657
0.103741
0.103853
0.103981
0.104119
0.10426
0.104403
0.104546
0.104686
0.104825
0.104961
0.105095
0.105226
0.105354
0.10548
0.105604
0.105725
0.105844
0.105961
0.106076
0.106189
0.1063
0.106409
0.106516
0.106622
0.106726
0.106828
0.106929
0.107028
0.107125
0.107221
0.107315
0.107408
0.107499
0.107589
0.107678
0.107752
0.0311665
0.091852
0.103544
0.103657
0.103741
0.103853
0.103982
0.104119
0.10426
0.104403
0.104546
0.104686
0.104825
0.104961
0.105095
0.105226
0.105354
0.10548
0.105604
0.105725
0.105844
0.105961
0.106076
0.106189
0.1063
0.106409
0.106516
0.106622
0.106726
0.106828
0.106929
0.107028
0.107125
0.107221
0.107315
0.107408
0.107499
0.107589
0.107678
0.107752
0.0311663
0.0918518
0.103544
0.103657
0.103741
0.103853
0.103982
0.104119
0.10426
0.104403
0.104546
0.104686
0.104825
0.104961
0.105095
0.105226
0.105354
0.10548
0.105604
0.105725
0.105844
0.105961
0.106076
0.106189
0.1063
0.106409
0.106516
0.106622
0.106726
0.106828
0.106929
0.107028
0.107125
0.107221
0.107315
0.107408
0.107499
0.107589
0.107678
0.107752
0.0311661
0.0918517
0.103544
0.103657
0.103741
0.103853
0.103981
0.104119
0.10426
0.104403
0.104546
0.104686
0.104825
0.104961
0.105095
0.105226
0.105354
0.10548
0.105604
0.105725
0.105844
0.105961
0.106076
0.106189
0.1063
0.106409
0.106516
0.106622
0.106726
0.106828
0.106929
0.107028
0.107125
0.107221
0.107315
0.107408
0.107499
0.107589
0.107678
0.107752
0.0311659
0.0918516
0.103544
0.103657
0.103741
0.103853
0.103981
0.104119
0.10426
0.104403
0.104546
0.104686
0.104825
0.104961
0.105095
0.105226
0.105354
0.10548
0.105604
0.105725
0.105844
0.105961
0.106076
0.106189
0.1063
0.106409
0.106516
0.106622
0.106726
0.106828
0.106929
0.107028
0.107125
0.107221
0.107315
0.107408
0.107499
0.107589
0.107678
0.107752
0.0311657
0.0918515
0.103544
0.103657
0.103741
0.103853
0.103981
0.104119
0.10426
0.104403
0.104546
0.104686
0.104825
0.104961
0.105095
0.105226
0.105355
0.10548
0.105604
0.105725
0.105844
0.105961
0.106076
0.106189
0.1063
0.106409
0.106517
0.106622
0.106726
0.106828
0.106929
0.107028
0.107125
0.107221
0.107315
0.107408
0.1075
0.107589
0.107678
0.107752
0.0311656
0.0918514
0.103544
0.103657
0.103741
0.103853
0.103981
0.104119
0.10426
0.104403
0.104546
0.104686
0.104825
0.104961
0.105095
0.105226
0.105355
0.105481
0.105604
0.105725
0.105844
0.105961
0.106076
0.106189
0.1063
0.106409
0.106517
0.106622
0.106726
0.106829
0.106929
0.107028
0.107126
0.107221
0.107316
0.107408
0.1075
0.10759
0.107678
0.107752
0.0311655
0.0918514
0.103544
0.103657
0.103741
0.103853
0.103981
0.104119
0.10426
0.104403
0.104546
0.104686
0.104825
0.104961
0.105095
0.105226
0.105355
0.105481
0.105604
0.105725
0.105844
0.105961
0.106076
0.106189
0.1063
0.106409
0.106517
0.106622
0.106726
0.106829
0.106929
0.107028
0.107126
0.107222
0.107316
0.107409
0.1075
0.10759
0.107678
0.107753
0.0311655
0.0918513
0.103544
0.103657
0.103741
0.103853
0.103981
0.104119
0.10426
0.104403
0.104546
0.104686
0.104825
0.104961
0.105095
0.105226
0.105355
0.105481
0.105604
0.105726
0.105845
0.105962
0.106076
0.106189
0.1063
0.10641
0.106517
0.106623
0.106727
0.106829
0.106929
0.107028
0.107126
0.107222
0.107316
0.107409
0.1075
0.10759
0.107679
0.107753
0.0311655
0.0918513
0.103544
0.103657
0.103741
0.103853
0.103981
0.104119
0.10426
0.104403
0.104546
0.104687
0.104825
0.104961
0.105095
0.105226
0.105355
0.105481
0.105604
0.105726
0.105845
0.105962
0.106076
0.106189
0.1063
0.10641
0.106517
0.106623
0.106727
0.106829
0.106929
0.107028
0.107126
0.107222
0.107316
0.107409
0.1075
0.10759
0.107679
0.107753
0.0311655
0.0918514
0.103544
0.103657
0.103741
0.103853
0.103981
0.104119
0.10426
0.104403
0.104546
0.104686
0.104825
0.104961
0.105095
0.105226
0.105355
0.105481
0.105604
0.105726
0.105845
0.105961
0.106076
0.106189
0.1063
0.106409
0.106517
0.106623
0.106726
0.106829
0.106929
0.107028
0.107126
0.107222
0.107316
0.107409
0.1075
0.10759
0.107678
0.107753
0.0311656
0.0918515
0.103544
0.103657
0.103741
0.103853
0.103982
0.104119
0.10426
0.104403
0.104546
0.104687
0.104825
0.104961
0.105095
0.105226
0.105355
0.105481
0.105604
0.105726
0.105845
0.105961
0.106076
0.106189
0.1063
0.10641
0.106517
0.106623
0.106726
0.106829
0.106929
0.107028
0.107126
0.107222
0.107316
0.107409
0.1075
0.10759
0.107678
0.107753
0.0311657
0.0918516
0.103544
0.103657
0.103741
0.103853
0.103982
0.104119
0.104261
0.104403
0.104546
0.104687
0.104825
0.104961
0.105095
0.105226
0.105355
0.105481
0.105604
0.105726
0.105845
0.105962
0.106076
0.106189
0.1063
0.10641
0.106517
0.106623
0.106727
0.106829
0.106929
0.107028
0.107126
0.107222
0.107316
0.107409
0.1075
0.10759
0.107679
0.107753
0.0311659
0.0918517
0.103544
0.103657
0.103741
0.103853
0.103982
0.104119
0.104261
0.104403
0.104546
0.104687
0.104825
0.104961
0.105095
0.105226
0.105355
0.105481
0.105604
0.105726
0.105845
0.105961
0.106076
0.106189
0.1063
0.106409
0.106517
0.106623
0.106726
0.106829
0.106929
0.107028
0.107126
0.107222
0.107316
0.107409
0.1075
0.10759
0.107678
0.107753
0.0311661
0.0918518
0.103544
0.103657
0.103741
0.103853
0.103982
0.104119
0.10426
0.104403
0.104546
0.104687
0.104825
0.104961
0.105095
0.105226
0.105355
0.105481
0.105604
0.105725
0.105845
0.105961
0.106076
0.106189
0.1063
0.106409
0.106517
0.106623
0.106726
0.106829
0.106929
0.107028
0.107126
0.107222
0.107316
0.107409
0.1075
0.10759
0.107678
0.107753
0.0311663
0.0918519
0.103544
0.103657
0.103741
0.103853
0.103981
0.104119
0.10426
0.104403
0.104546
0.104686
0.104825
0.104961
0.105095
0.105226
0.105355
0.105481
0.105604
0.105725
0.105845
0.105961
0.106076
0.106189
0.1063
0.106409
0.106517
0.106623
0.106726
0.106829
0.106929
0.107028
0.107126
0.107222
0.107316
0.107409
0.1075
0.10759
0.107678
0.107753
0.0311665
0.091852
0.103544
0.103657
0.103741
0.103853
0.103981
0.104119
0.10426
0.104403
0.104546
0.104686
0.104825
0.104961
0.105095
0.105226
0.105355
0.105481
0.105604
0.105725
0.105844
0.105961
0.106076
0.106189
0.1063
0.106409
0.106517
0.106622
0.106726
0.106829
0.106929
0.107028
0.107126
0.107222
0.107316
0.107409
0.1075
0.10759
0.107678
0.107753
0.0311668
0.0918521
0.103544
0.103657
0.103741
0.103853
0.103981
0.104119
0.10426
0.104403
0.104546
0.104686
0.104825
0.104961
0.105095
0.105226
0.105355
0.105481
0.105604
0.105725
0.105844
0.105961
0.106076
0.106189
0.1063
0.106409
0.106517
0.106622
0.106726
0.106829
0.106929
0.107028
0.107126
0.107221
0.107316
0.107409
0.1075
0.10759
0.107678
0.107753
0.0311671
0.0918523
0.103544
0.103657
0.103741
0.103853
0.103981
0.104119
0.10426
0.104403
0.104546
0.104686
0.104825
0.104961
0.105095
0.105226
0.105355
0.105481
0.105604
0.105725
0.105844
0.105961
0.106076
0.106189
0.1063
0.106409
0.106517
0.106622
0.106726
0.106829
0.106929
0.107028
0.107126
0.107221
0.107316
0.107409
0.1075
0.10759
0.107678
0.107753
0.0311674
0.0918524
0.103544
0.103657
0.103741
0.103853
0.103981
0.104119
0.10426
0.104403
0.104546
0.104686
0.104825
0.104961
0.105095
0.105226
0.105355
0.105481
0.105604
0.105725
0.105844
0.105961
0.106076
0.106189
0.1063
0.106409
0.106517
0.106622
0.106726
0.106829
0.106929
0.107028
0.107126
0.107221
0.107316
0.107409
0.1075
0.10759
0.107678
0.107752
0.0311677
0.0918525
0.103544
0.103657
0.103741
0.103853
0.103981
0.104119
0.10426
0.104403
0.104545
0.104686
0.104825
0.104961
0.105095
0.105226
0.105354
0.10548
0.105604
0.105725
0.105844
0.105961
0.106076
0.106189
0.1063
0.106409
0.106517
0.106622
0.106726
0.106828
0.106929
0.107028
0.107126
0.107221
0.107316
0.107408
0.1075
0.10759
0.107678
0.107752
0.0311681
0.0918526
0.103544
0.103657
0.103741
0.103853
0.103981
0.104119
0.10426
0.104403
0.104545
0.104686
0.104825
0.104961
0.105095
0.105226
0.105354
0.10548
0.105604
0.105725
0.105844
0.105961
0.106076
0.106189
0.1063
0.106409
0.106517
0.106622
0.106726
0.106828
0.106929
0.107028
0.107125
0.107221
0.107315
0.107408
0.1075
0.10759
0.107678
0.107752
0.0311684
0.091853
0.103544
0.103657
0.103741
0.103853
0.103982
0.104119
0.104261
0.104404
0.104546
0.104687
0.104825
0.104962
0.105095
0.105226
0.105355
0.105481
0.105605
0.105726
0.105845
0.105962
0.106077
0.10619
0.106301
0.10641
0.106517
0.106623
0.106727
0.106829
0.10693
0.107029
0.107126
0.107222
0.107316
0.107409
0.1075
0.10759
0.107679
0.107753
0.0311687
0.0918541
0.103546
0.103659
0.103743
0.103855
0.103984
0.104121
0.104263
0.104406
0.104548
0.104689
0.104828
0.104964
0.105097
0.105229
0.105357
0.105483
0.105607
0.105728
0.105847
0.105964
0.106079
0.106192
0.106303
0.106412
0.106519
0.106625
0.106729
0.106831
0.106932
0.10703
0.107128
0.107224
0.107318
0.107411
0.107502
0.107592
0.10768
0.107755
0.031169
0.0918576
0.103558
0.103671
0.103755
0.103867
0.103996
0.104133
0.104275
0.104417
0.10456
0.1047
0.104839
0.104975
0.105109
0.10524
0.105368
0.105494
0.105618
0.105739
0.105858
0.105975
0.106089
0.106202
0.106313
0.106422
0.10653
0.106635
0.106739
0.106841
0.106942
0.107041
0.107138
0.107234
0.107328
0.107421
0.107512
0.107602
0.10769
0.107764
0.0311692
0.0918695
0.10366
0.103773
0.103857
0.103969
0.104098
0.104235
0.104376
0.104519
0.104661
0.104802
0.104941
0.105077
0.10521
0.105341
0.10547
0.105596
0.105719
0.10584
0.105959
0.106076
0.106191
0.106304
0.106415
0.106524
0.106631
0.106736
0.10684
0.106942
0.107043
0.107142
0.107239
0.107335
0.107429
0.107522
0.107613
0.107703
0.107791
0.107865
0.0311692
0.09191
0.104252
0.104367
0.104453
0.104567
0.104698
0.104838
0.104981
0.105126
0.105271
0.105414
0.105554
0.105693
0.105828
0.105961
0.106092
0.10622
0.106345
0.106468
0.106589
0.106708
0.106825
0.10694
0.107053
0.107164
0.107273
0.107381
0.107486
0.10759
0.107693
0.107794
0.107893
0.107991
0.108087
0.108182
0.108275
0.108367
0.108457
0.108533
0.0311681
0.0910097
0.106444
0.106571
0.106667
0.106792
0.106934
0.107085
0.10724
0.107396
0.107551
0.107705
0.107856
0.108005
0.10815
0.108293
0.108434
0.108571
0.108706
0.108838
0.108968
0.109096
0.109222
0.109345
0.109466
0.109586
0.109703
0.109819
0.109932
0.110044
0.110155
0.110263
0.11037
0.110475
0.110579
0.110681
0.110781
0.11088
0.110978
0.11106
0.0310015
0.0801525
0.102506
0.102631
0.102722
0.102842
0.102978
0.103123
0.103272
0.103422
0.103572
0.103719
0.103865
0.104007
0.104147
0.104284
0.104419
0.104551
0.10468
0.104807
0.104932
0.105055
0.105175
0.105294
0.10541
0.105525
0.105638
0.105749
0.105858
0.105966
0.106072
0.106176
0.106279
0.106379
0.106479
0.106576
0.106672
0.106767
0.10686
0.106936
0.0268932
0.0809438
0.102695
0.102818
0.102907
0.103024
0.103157
0.1033
0.103446
0.103594
0.103741
0.103886
0.104029
0.104169
0.104307
0.104442
0.104574
0.104704
0.104831
0.104956
0.105079
0.1052
0.105319
0.105435
0.10555
0.105663
0.105774
0.105884
0.105992
0.106098
0.106202
0.106305
0.106406
0.106506
0.106603
0.1067
0.106794
0.106888
0.106979
0.107055
0.0270342
0.0809086
0.102741
0.102865
0.102954
0.103071
0.103205
0.103347
0.103494
0.103642
0.103789
0.103934
0.104077
0.104218
0.104355
0.10449
0.104623
0.104753
0.10488
0.105005
0.105128
0.105249
0.105368
0.105484
0.105599
0.105712
0.105824
0.105933
0.106041
0.106147
0.106251
0.106354
0.106455
0.106554
0.106652
0.106748
0.106843
0.106936
0.107027
0.107103
0.027034
0.0808983
0.102747
0.10287
0.102959
0.103077
0.103211
0.103353
0.1035
0.103648
0.103795
0.103941
0.104084
0.104225
0.104362
0.104498
0.10463
0.10476
0.104888
0.105013
0.105136
0.105257
0.105376
0.105493
0.105608
0.105721
0.105832
0.105942
0.10605
0.106156
0.10626
0.106363
0.106464
0.106564
0.106662
0.106758
0.106852
0.106946
0.107037
0.107113
0.0270338
0.0808952
0.102746
0.10287
0.102959
0.103076
0.10321
0.103353
0.1035
0.103648
0.103795
0.103941
0.104084
0.104224
0.104362
0.104498
0.10463
0.10476
0.104888
0.105013
0.105136
0.105257
0.105376
0.105493
0.105608
0.105721
0.105833
0.105942
0.10605
0.106156
0.106261
0.106364
0.106465
0.106564
0.106662
0.106758
0.106853
0.106946
0.107038
0.107113
0.0270336
0.0808942
0.102746
0.102869
0.102958
0.103076
0.10321
0.103352
0.103499
0.103647
0.103794
0.10394
0.104083
0.104224
0.104362
0.104497
0.10463
0.10476
0.104887
0.105013
0.105136
0.105257
0.105376
0.105492
0.105607
0.105721
0.105832
0.105942
0.10605
0.106156
0.10626
0.106363
0.106464
0.106564
0.106662
0.106758
0.106853
0.106946
0.107037
0.107113
0.0270333
0.0808938
0.102745
0.102869
0.102957
0.103075
0.103209
0.103352
0.103499
0.103647
0.103794
0.10394
0.104083
0.104223
0.104361
0.104497
0.104629
0.104759
0.104887
0.105012
0.105135
0.105256
0.105375
0.105492
0.105607
0.10572
0.105832
0.105941
0.106049
0.106155
0.10626
0.106363
0.106464
0.106563
0.106661
0.106757
0.106852
0.106945
0.107037
0.107112
0.027033
0.0808936
0.102745
0.102868
0.102957
0.103075
0.103209
0.103352
0.103499
0.103647
0.103794
0.103939
0.104083
0.104223
0.104361
0.104496
0.104629
0.104759
0.104887
0.105012
0.105135
0.105256
0.105375
0.105492
0.105607
0.10572
0.105831
0.105941
0.106049
0.106155
0.10626
0.106362
0.106463
0.106563
0.106661
0.106757
0.106852
0.106945
0.107037
0.107112
0.0270327
0.0808935
0.102745
0.102868
0.102957
0.103075
0.103209
0.103352
0.103499
0.103647
0.103794
0.103939
0.104082
0.104223
0.104361
0.104496
0.104629
0.104759
0.104887
0.105012
0.105135
0.105256
0.105375
0.105492
0.105607
0.10572
0.105831
0.105941
0.106049
0.106155
0.106259
0.106362
0.106463
0.106563
0.106661
0.106757
0.106852
0.106945
0.107037
0.107112
0.0270324
0.0808933
0.102745
0.102868
0.102957
0.103075
0.103209
0.103352
0.103499
0.103646
0.103794
0.103939
0.104082
0.104223
0.104361
0.104496
0.104629
0.104759
0.104887
0.105012
0.105135
0.105256
0.105375
0.105492
0.105607
0.10572
0.105831
0.105941
0.106049
0.106155
0.106259
0.106362
0.106463
0.106563
0.106661
0.106757
0.106852
0.106945
0.107037
0.107112
0.027032
0.0808932
0.102745
0.102868
0.102957
0.103075
0.103209
0.103352
0.103499
0.103646
0.103794
0.103939
0.104082
0.104223
0.104361
0.104496
0.104629
0.104759
0.104887
0.105012
0.105135
0.105256
0.105375
0.105492
0.105607
0.10572
0.105831
0.105941
0.106049
0.106155
0.106259
0.106362
0.106463
0.106563
0.106661
0.106757
0.106852
0.106945
0.107037
0.107112
0.0270317
0.080893
0.102745
0.102868
0.102957
0.103075
0.103209
0.103352
0.103499
0.103646
0.103794
0.103939
0.104082
0.104223
0.104361
0.104496
0.104629
0.104759
0.104887
0.105012
0.105135
0.105256
0.105375
0.105492
0.105607
0.10572
0.105831
0.105941
0.106049
0.106155
0.106259
0.106362
0.106463
0.106563
0.106661
0.106757
0.106852
0.106945
0.107037
0.107112
0.0270315
0.0808929
0.102745
0.102868
0.102957
0.103075
0.103209
0.103352
0.103499
0.103646
0.103794
0.103939
0.104082
0.104223
0.104361
0.104496
0.104629
0.104759
0.104887
0.105012
0.105135
0.105256
0.105375
0.105492
0.105607
0.10572
0.105831
0.105941
0.106049
0.106155
0.106259
0.106362
0.106463
0.106563
0.106661
0.106757
0.106852
0.106945
0.107037
0.107112
0.0270312
0.0808927
0.102745
0.102868
0.102957
0.103075
0.103209
0.103352
0.103499
0.103646
0.103794
0.103939
0.104082
0.104223
0.104361
0.104496
0.104629
0.104759
0.104887
0.105012
0.105135
0.105256
0.105375
0.105492
0.105607
0.10572
0.105831
0.105941
0.106049
0.106155
0.10626
0.106362
0.106464
0.106563
0.106661
0.106757
0.106852
0.106945
0.107037
0.107112
0.0270309
0.0808926
0.102745
0.102868
0.102957
0.103075
0.103209
0.103352
0.103499
0.103647
0.103794
0.103939
0.104082
0.104223
0.104361
0.104496
0.104629
0.104759
0.104887
0.105012
0.105135
0.105256
0.105375
0.105492
0.105607
0.10572
0.105831
0.105941
0.106049
0.106155
0.10626
0.106362
0.106464
0.106563
0.106661
0.106757
0.106852
0.106945
0.107037
0.107112
0.0270307
0.0808924
0.102745
0.102868
0.102957
0.103075
0.103209
0.103352
0.103499
0.103646
0.103794
0.103939
0.104082
0.104223
0.104361
0.104496
0.104629
0.104759
0.104887
0.105012
0.105135
0.105256
0.105375
0.105492
0.105607
0.10572
0.105831
0.105941
0.106049
0.106155
0.10626
0.106362
0.106464
0.106563
0.106661
0.106757
0.106852
0.106945
0.107037
0.107112
0.0270306
0.0808923
0.102745
0.102868
0.102957
0.103075
0.103209
0.103352
0.103499
0.103646
0.103794
0.103939
0.104082
0.104223
0.104361
0.104496
0.104629
0.104759
0.104887
0.105012
0.105135
0.105256
0.105375
0.105492
0.105607
0.10572
0.105831
0.105941
0.106049
0.106155
0.10626
0.106362
0.106464
0.106563
0.106661
0.106757
0.106852
0.106945
0.107037
0.107112
0.0270304
0.0808922
0.102745
0.102868
0.102957
0.103075
0.103209
0.103352
0.103498
0.103646
0.103794
0.103939
0.104082
0.104223
0.104361
0.104496
0.104629
0.104759
0.104887
0.105012
0.105135
0.105256
0.105375
0.105492
0.105607
0.10572
0.105831
0.105941
0.106049
0.106155
0.10626
0.106362
0.106464
0.106563
0.106661
0.106757
0.106852
0.106945
0.107037
0.107112
0.0270303
0.0808922
0.102745
0.102868
0.102957
0.103075
0.103209
0.103352
0.103499
0.103646
0.103794
0.103939
0.104082
0.104223
0.104361
0.104496
0.104629
0.104759
0.104887
0.105012
0.105135
0.105256
0.105375
0.105492
0.105607
0.10572
0.105832
0.105941
0.106049
0.106155
0.10626
0.106363
0.106464
0.106563
0.106661
0.106758
0.106852
0.106946
0.107037
0.107113
0.0270303
0.0808921
0.102745
0.102868
0.102957
0.103075
0.103209
0.103352
0.103499
0.103646
0.103794
0.103939
0.104082
0.104223
0.104361
0.104496
0.104629
0.104759
0.104887
0.105012
0.105135
0.105256
0.105375
0.105492
0.105607
0.10572
0.105832
0.105941
0.106049
0.106156
0.10626
0.106363
0.106464
0.106564
0.106662
0.106758
0.106853
0.106946
0.107038
0.107113
0.0270302
0.0808921
0.102745
0.102868
0.102957
0.103075
0.103209
0.103352
0.103499
0.103646
0.103794
0.103939
0.104082
0.104223
0.104361
0.104496
0.104629
0.104759
0.104887
0.105012
0.105135
0.105256
0.105375
0.105492
0.105607
0.10572
0.105832
0.105942
0.10605
0.106156
0.10626
0.106363
0.106464
0.106564
0.106662
0.106758
0.106853
0.106946
0.107038
0.107113
0.0270302
0.0808922
0.102745
0.102868
0.102957
0.103075
0.103209
0.103352
0.103499
0.103647
0.103794
0.103939
0.104083
0.104223
0.104361
0.104496
0.104629
0.104759
0.104887
0.105012
0.105135
0.105256
0.105375
0.105492
0.105607
0.105721
0.105832
0.105942
0.10605
0.106156
0.10626
0.106363
0.106464
0.106564
0.106662
0.106758
0.106853
0.106946
0.107038
0.107113
0.0270303
0.0808922
0.102745
0.102868
0.102957
0.103075
0.103209
0.103352
0.103499
0.103647
0.103794
0.103939
0.104082
0.104223
0.104361
0.104496
0.104629
0.104759
0.104887
0.105012
0.105135
0.105256
0.105375
0.105492
0.105607
0.105721
0.105832
0.105942
0.10605
0.106156
0.10626
0.106363
0.106464
0.106564
0.106662
0.106758
0.106853
0.106946
0.107038
0.107113
0.0270303
0.0808923
0.102745
0.102868
0.102957
0.103075
0.103209
0.103352
0.103499
0.103647
0.103794
0.103939
0.104083
0.104223
0.104361
0.104496
0.104629
0.104759
0.104887
0.105012
0.105135
0.105256
0.105375
0.105492
0.105607
0.105721
0.105832
0.105942
0.10605
0.106156
0.10626
0.106363
0.106464
0.106564
0.106662
0.106758
0.106853
0.106946
0.107038
0.107113
0.0270304
0.0808924
0.102745
0.102868
0.102957
0.103075
0.103209
0.103352
0.103499
0.103647
0.103794
0.103939
0.104083
0.104223
0.104361
0.104496
0.104629
0.104759
0.104887
0.105012
0.105135
0.105256
0.105375
0.105492
0.105607
0.105721
0.105832
0.105942
0.10605
0.106156
0.10626
0.106363
0.106464
0.106564
0.106662
0.106758
0.106853
0.106946
0.107038
0.107113
0.0270306
0.0808925
0.102745
0.102868
0.102957
0.103075
0.103209
0.103352
0.103499
0.103647
0.103794
0.103939
0.104083
0.104223
0.104361
0.104496
0.104629
0.104759
0.104887
0.105012
0.105135
0.105256
0.105375
0.105492
0.105607
0.10572
0.105832
0.105942
0.106049
0.106156
0.10626
0.106363
0.106464
0.106564
0.106662
0.106758
0.106853
0.106946
0.107038
0.107113
0.0270307
0.0808926
0.102745
0.102868
0.102957
0.103075
0.103209
0.103352
0.103499
0.103647
0.103794
0.103939
0.104082
0.104223
0.104361
0.104496
0.104629
0.104759
0.104887
0.105012
0.105135
0.105256
0.105375
0.105492
0.105607
0.10572
0.105832
0.105941
0.106049
0.106156
0.10626
0.106363
0.106464
0.106564
0.106662
0.106758
0.106853
0.106946
0.107038
0.107113
0.0270309
0.0808927
0.102745
0.102868
0.102957
0.103075
0.103209
0.103352
0.103499
0.103646
0.103794
0.103939
0.104082
0.104223
0.104361
0.104496
0.104629
0.104759
0.104887
0.105012
0.105135
0.105256
0.105375
0.105492
0.105607
0.10572
0.105832
0.105941
0.106049
0.106156
0.10626
0.106363
0.106464
0.106564
0.106662
0.106758
0.106853
0.106946
0.107038
0.107113
0.0270312
0.0808929
0.102745
0.102868
0.102957
0.103075
0.103209
0.103352
0.103499
0.103646
0.103794
0.103939
0.104082
0.104223
0.104361
0.104496
0.104629
0.104759
0.104887
0.105012
0.105135
0.105256
0.105375
0.105492
0.105607
0.10572
0.105832
0.105941
0.106049
0.106156
0.10626
0.106363
0.106464
0.106564
0.106662
0.106758
0.106853
0.106946
0.107038
0.107113
0.0270314
0.080893
0.102745
0.102868
0.102957
0.103075
0.103209
0.103352
0.103498
0.103646
0.103794
0.103939
0.104082
0.104223
0.104361
0.104496
0.104629
0.104759
0.104887
0.105012
0.105135
0.105256
0.105375
0.105492
0.105607
0.10572
0.105832
0.105941
0.106049
0.106155
0.10626
0.106363
0.106464
0.106564
0.106661
0.106758
0.106853
0.106946
0.107038
0.107113
0.0270317
0.0808932
0.102745
0.102868
0.102957
0.103075
0.103209
0.103352
0.103498
0.103646
0.103794
0.103939
0.104082
0.104223
0.104361
0.104496
0.104629
0.104759
0.104887
0.105012
0.105135
0.105256
0.105375
0.105492
0.105607
0.10572
0.105832
0.105941
0.106049
0.106155
0.10626
0.106363
0.106464
0.106564
0.106661
0.106758
0.106853
0.106946
0.107038
0.107113
0.027032
0.0808933
0.102745
0.102868
0.102957
0.103075
0.103209
0.103352
0.103498
0.103646
0.103794
0.103939
0.104082
0.104223
0.104361
0.104496
0.104629
0.104759
0.104887
0.105012
0.105135
0.105256
0.105375
0.105492
0.105607
0.10572
0.105832
0.105941
0.106049
0.106155
0.10626
0.106363
0.106464
0.106564
0.106661
0.106758
0.106853
0.106946
0.107038
0.107113
0.0270323
0.0808934
0.102745
0.102868
0.102957
0.103075
0.103209
0.103352
0.103498
0.103646
0.103794
0.103939
0.104082
0.104223
0.104361
0.104496
0.104629
0.104759
0.104887
0.105012
0.105135
0.105256
0.105375
0.105492
0.105607
0.10572
0.105832
0.105941
0.106049
0.106155
0.10626
0.106363
0.106464
0.106563
0.106661
0.106758
0.106852
0.106946
0.107037
0.107113
0.0270327
0.0808936
0.102745
0.102868
0.102957
0.103075
0.103209
0.103351
0.103498
0.103646
0.103794
0.103939
0.104082
0.104223
0.104361
0.104496
0.104629
0.104759
0.104887
0.105012
0.105135
0.105256
0.105375
0.105492
0.105607
0.10572
0.105832
0.105941
0.106049
0.106156
0.10626
0.106363
0.106464
0.106564
0.106662
0.106758
0.106853
0.106946
0.107038
0.107113
0.0270329
0.080894
0.102745
0.102869
0.102957
0.103075
0.103209
0.103352
0.103499
0.103647
0.103794
0.10394
0.104083
0.104223
0.104361
0.104497
0.104629
0.104759
0.104887
0.105012
0.105136
0.105257
0.105375
0.105492
0.105608
0.105721
0.105832
0.105942
0.10605
0.106156
0.10626
0.106363
0.106464
0.106564
0.106662
0.106758
0.106853
0.106946
0.107038
0.107113
0.0270333
0.080895
0.102747
0.102871
0.102959
0.103077
0.103211
0.103354
0.103501
0.103649
0.103796
0.103942
0.104085
0.104225
0.104363
0.104499
0.104631
0.104761
0.104889
0.105014
0.105137
0.105258
0.105377
0.105494
0.105609
0.105723
0.105834
0.105944
0.106052
0.106158
0.106262
0.106365
0.106466
0.106566
0.106664
0.10676
0.106855
0.106948
0.10704
0.107115
0.0270335
0.0808981
0.102759
0.102882
0.102971
0.103088
0.103222
0.103365
0.103512
0.10366
0.103807
0.103952
0.104096
0.104236
0.104374
0.104509
0.104642
0.104772
0.1049
0.105025
0.105148
0.105269
0.105388
0.105504
0.105619
0.105732
0.105844
0.105953
0.106061
0.106167
0.106272
0.106375
0.106476
0.106575
0.106673
0.106769
0.106864
0.106957
0.107049
0.107124
0.0270338
0.0809084
0.102859
0.102982
0.103071
0.103188
0.103322
0.103465
0.103612
0.10376
0.103907
0.104052
0.104195
0.104336
0.104474
0.104609
0.104741
0.104871
0.104999
0.105124
0.105247
0.105368
0.105487
0.105604
0.105719
0.105832
0.105943
0.106053
0.10616
0.106266
0.106371
0.106474
0.106575
0.106674
0.106772
0.106868
0.106963
0.107056
0.107148
0.107223
0.0270339
0.0809439
0.10344
0.103566
0.103656
0.103776
0.103912
0.104057
0.104206
0.104356
0.104505
0.104653
0.104798
0.104941
0.10508
0.105217
0.105352
0.105484
0.105613
0.10574
0.105865
0.105988
0.106109
0.106227
0.106344
0.106459
0.106572
0.106683
0.106793
0.106901
0.107007
0.107112
0.107214
0.107316
0.107415
0.107513
0.10761
0.107705
0.107798
0.107875
0.0270329
0.0801538
0.105583
0.10572
0.105822
0.105952
0.1061
0.106256
0.106416
0.106577
0.106737
0.106895
0.10705
0.107203
0.107353
0.107499
0.107643
0.107785
0.107923
0.108059
0.108193
0.108324
0.108453
0.10858
0.108704
0.108827
0.108948
0.109067
0.109184
0.1093
0.109413
0.109525
0.109635
0.109743
0.10985
0.109955
0.110058
0.110159
0.11026
0.110342
0.0268885
0.0705216
0.101631
0.101769
0.101864
0.10199
0.102131
0.102282
0.102437
0.102592
0.102746
0.102899
0.103049
0.103196
0.10334
0.103482
0.10362
0.103757
0.10389
0.104022
0.104151
0.104278
0.104403
0.104525
0.104646
0.104765
0.104882
0.104998
0.105111
0.105223
0.105333
0.105442
0.105548
0.105653
0.105756
0.105858
0.105957
0.106055
0.106152
0.106229
0.0233713
0.0712152
0.101828
0.101963
0.102056
0.102179
0.102318
0.102466
0.102618
0.10277
0.102922
0.103072
0.103219
0.103364
0.103506
0.103645
0.103782
0.103916
0.104048
0.104177
0.104304
0.104429
0.104552
0.104673
0.104792
0.10491
0.105025
0.105139
0.105251
0.105361
0.10547
0.105577
0.105682
0.105785
0.105887
0.105987
0.106085
0.106182
0.106277
0.106354
0.0234938
0.0711845
0.101876
0.102011
0.102104
0.102227
0.102367
0.102515
0.102667
0.10282
0.102972
0.103122
0.103269
0.103414
0.103556
0.103696
0.103832
0.103966
0.104098
0.104228
0.104355
0.10448
0.104603
0.104724
0.104843
0.10496
0.105076
0.105189
0.105301
0.105412
0.10552
0.105627
0.105732
0.105836
0.105937
0.106037
0.106135
0.106232
0.106327
0.106403
0.0234936
0.0711755
0.101881
0.102016
0.10211
0.102233
0.102372
0.102521
0.102673
0.102826
0.102978
0.103128
0.103276
0.103421
0.103563
0.103703
0.10384
0.103974
0.104106
0.104235
0.104363
0.104488
0.104611
0.104732
0.104851
0.104969
0.105085
0.105198
0.105311
0.105421
0.10553
0.105636
0.105742
0.105845
0.105947
0.106047
0.106145
0.106242
0.106337
0.106413
0.0234934
0.0711727
0.10188
0.102015
0.102109
0.102232
0.102372
0.10252
0.102673
0.102826
0.102978
0.103128
0.103276
0.103421
0.103563
0.103703
0.10384
0.103974
0.104106
0.104235
0.104363
0.104488
0.104611
0.104732
0.104852
0.104969
0.105085
0.105199
0.105311
0.105421
0.10553
0.105637
0.105742
0.105846
0.105947
0.106047
0.106146
0.106242
0.106337
0.106414
0.0234931
0.0711718
0.101879
0.102014
0.102108
0.102231
0.102371
0.10252
0.102672
0.102825
0.102977
0.103127
0.103275
0.10342
0.103562
0.103702
0.103839
0.103973
0.104105
0.104235
0.104362
0.104487
0.10461
0.104732
0.104851
0.104968
0.105084
0.105198
0.10531
0.105421
0.105529
0.105636
0.105741
0.105845
0.105947
0.106047
0.106145
0.106242
0.106337
0.106413
0.0234929
0.0711714
0.101879
0.102014
0.102108
0.102231
0.102371
0.102519
0.102671
0.102824
0.102977
0.103127
0.103275
0.10342
0.103562
0.103702
0.103839
0.103973
0.104105
0.104234
0.104362
0.104487
0.10461
0.104731
0.104851
0.104968
0.105084
0.105198
0.10531
0.10542
0.105529
0.105636
0.105741
0.105844
0.105946
0.106046
0.106145
0.106241
0.106336
0.106413
0.0234926
0.0711712
0.101879
0.102014
0.102108
0.102231
0.102371
0.102519
0.102671
0.102824
0.102976
0.103127
0.103274
0.103419
0.103562
0.103701
0.103838
0.103973
0.104105
0.104234
0.104361
0.104487
0.10461
0.104731
0.10485
0.104968
0.105083
0.105197
0.105309
0.10542
0.105529
0.105635
0.105741
0.105844
0.105946
0.106046
0.106144
0.106241
0.106336
0.106413
0.0234922
0.0711711
0.101879
0.102014
0.102108
0.102231
0.10237
0.102519
0.102671
0.102824
0.102976
0.103126
0.103274
0.103419
0.103562
0.103701
0.103838
0.103972
0.104104
0.104234
0.104361
0.104486
0.10461
0.104731
0.10485
0.104968
0.105083
0.105197
0.105309
0.10542
0.105528
0.105635
0.105741
0.105844
0.105946
0.106046
0.106144
0.106241
0.106336
0.106412
0.0234919
0.0711709
0.101879
0.102014
0.102107
0.102231
0.10237
0.102519
0.102671
0.102824
0.102976
0.103126
0.103274
0.103419
0.103562
0.103701
0.103838
0.103972
0.104104
0.104234
0.104361
0.104486
0.10461
0.104731
0.10485
0.104968
0.105083
0.105197
0.105309
0.10542
0.105528
0.105635
0.10574
0.105844
0.105946
0.106046
0.106144
0.106241
0.106336
0.106412
0.0234916
0.0711707
0.101879
0.102014
0.102107
0.102231
0.10237
0.102519
0.102671
0.102824
0.102976
0.103126
0.103274
0.103419
0.103562
0.103701
0.103838
0.103972
0.104104
0.104234
0.104361
0.104486
0.10461
0.104731
0.10485
0.104968
0.105083
0.105197
0.105309
0.10542
0.105528
0.105635
0.10574
0.105844
0.105946
0.106046
0.106144
0.106241
0.106336
0.106412
0.0234913
0.0711705
0.101879
0.102014
0.102107
0.102231
0.10237
0.102519
0.102671
0.102824
0.102976
0.103126
0.103274
0.103419
0.103562
0.103701
0.103838
0.103972
0.104104
0.104234
0.104361
0.104486
0.10461
0.104731
0.10485
0.104968
0.105083
0.105197
0.105309
0.10542
0.105528
0.105635
0.10574
0.105844
0.105946
0.106046
0.106144
0.106241
0.106336
0.106412
0.023491
0.0711704
0.101879
0.102014
0.102107
0.102231
0.10237
0.102519
0.102671
0.102824
0.102976
0.103126
0.103274
0.103419
0.103562
0.103701
0.103838
0.103972
0.104104
0.104234
0.104361
0.104486
0.10461
0.104731
0.10485
0.104968
0.105083
0.105197
0.105309
0.10542
0.105528
0.105635
0.105741
0.105844
0.105946
0.106046
0.106144
0.106241
0.106336
0.106412
0.0234908
0.0711702
0.101878
0.102014
0.102107
0.102231
0.10237
0.102519
0.102671
0.102824
0.102976
0.103126
0.103274
0.103419
0.103562
0.103701
0.103838
0.103973
0.104104
0.104234
0.104361
0.104487
0.10461
0.104731
0.10485
0.104968
0.105083
0.105197
0.105309
0.10542
0.105529
0.105635
0.105741
0.105844
0.105946
0.106046
0.106144
0.106241
0.106336
0.106413
0.0234906
0.0711701
0.101879
0.102014
0.102107
0.102231
0.10237
0.102519
0.102671
0.102824
0.102976
0.103126
0.103274
0.103419
0.103562
0.103701
0.103838
0.103973
0.104104
0.104234
0.104361
0.104487
0.10461
0.104731
0.10485
0.104968
0.105083
0.105197
0.105309
0.10542
0.105529
0.105636
0.105741
0.105844
0.105946
0.106046
0.106144
0.106241
0.106336
0.106413
0.0234904
0.0711699
0.101878
0.102014
0.102107
0.102231
0.10237
0.102519
0.102671
0.102824
0.102976
0.103126
0.103274
0.103419
0.103562
0.103701
0.103838
0.103973
0.104104
0.104234
0.104361
0.104487
0.10461
0.104731
0.10485
0.104968
0.105083
0.105197
0.10531
0.10542
0.105529
0.105636
0.105741
0.105844
0.105946
0.106046
0.106145
0.106241
0.106336
0.106413
0.0234902
0.0711698
0.101878
0.102014
0.102107
0.102231
0.10237
0.102519
0.102671
0.102824
0.102976
0.103126
0.103274
0.103419
0.103562
0.103701
0.103838
0.103973
0.104104
0.104234
0.104361
0.104487
0.10461
0.104731
0.10485
0.104968
0.105083
0.105197
0.10531
0.10542
0.105529
0.105636
0.105741
0.105844
0.105946
0.106046
0.106145
0.106241
0.106336
0.106413
0.0234901
0.0711697
0.101878
0.102014
0.102107
0.102231
0.10237
0.102519
0.102671
0.102824
0.102976
0.103126
0.103274
0.103419
0.103562
0.103701
0.103838
0.103972
0.104104
0.104234
0.104361
0.104487
0.10461
0.104731
0.10485
0.104968
0.105083
0.105197
0.10531
0.10542
0.105529
0.105636
0.105741
0.105844
0.105946
0.106046
0.106145
0.106241
0.106336
0.106413
0.02349
0.0711697
0.101878
0.102013
0.102107
0.102231
0.10237
0.102519
0.102671
0.102824
0.102976
0.103126
0.103274
0.103419
0.103562
0.103701
0.103838
0.103973
0.104104
0.104234
0.104361
0.104487
0.10461
0.104731
0.10485
0.104968
0.105084
0.105197
0.10531
0.10542
0.105529
0.105636
0.105741
0.105845
0.105946
0.106046
0.106145
0.106242
0.106337
0.106413
0.0234899
0.0711697
0.101878
0.102013
0.102107
0.10223
0.10237
0.102519
0.102671
0.102824
0.102976
0.103126
0.103274
0.103419
0.103562
0.103701
0.103838
0.103973
0.104104
0.104234
0.104361
0.104487
0.10461
0.104731
0.10485
0.104968
0.105084
0.105198
0.10531
0.10542
0.105529
0.105636
0.105741
0.105845
0.105947
0.106047
0.106145
0.106242
0.106337
0.106413
0.0234899
0.0711697
0.101878
0.102013
0.102107
0.10223
0.10237
0.102519
0.102671
0.102824
0.102976
0.103126
0.103274
0.103419
0.103562
0.103701
0.103838
0.103973
0.104105
0.104234
0.104361
0.104487
0.10461
0.104731
0.104851
0.104968
0.105084
0.105198
0.10531
0.10542
0.105529
0.105636
0.105741
0.105845
0.105947
0.106047
0.106145
0.106242
0.106337
0.106414
0.0234899
0.0711697
0.101878
0.102014
0.102107
0.102231
0.10237
0.102519
0.102671
0.102824
0.102976
0.103126
0.103274
0.103419
0.103562
0.103701
0.103838
0.103973
0.104105
0.104234
0.104362
0.104487
0.10461
0.104731
0.104851
0.104968
0.105084
0.105198
0.10531
0.10542
0.105529
0.105636
0.105741
0.105845
0.105947
0.106047
0.106145
0.106242
0.106337
0.106414
0.0234899
0.0711697
0.101878
0.102014
0.102107
0.102231
0.10237
0.102519
0.102671
0.102824
0.102976
0.103126
0.103274
0.103419
0.103562
0.103701
0.103838
0.103973
0.104105
0.104234
0.104362
0.104487
0.10461
0.104731
0.104851
0.104968
0.105084
0.105198
0.10531
0.10542
0.105529
0.105636
0.105741
0.105845
0.105947
0.106047
0.106145
0.106242
0.106337
0.106414
0.02349
0.0711698
0.101878
0.102014
0.102107
0.102231
0.10237
0.102519
0.102671
0.102824
0.102976
0.103126
0.103274
0.103419
0.103562
0.103701
0.103838
0.103973
0.104105
0.104234
0.104362
0.104487
0.10461
0.104731
0.104851
0.104968
0.105084
0.105198
0.10531
0.10542
0.105529
0.105636
0.105741
0.105845
0.105947
0.106047
0.106145
0.106242
0.106337
0.106414
0.0234901
0.0711699
0.101879
0.102014
0.102107
0.102231
0.10237
0.102519
0.102671
0.102824
0.102976
0.103126
0.103274
0.103419
0.103562
0.103701
0.103838
0.103973
0.104105
0.104234
0.104362
0.104487
0.10461
0.104731
0.104851
0.104968
0.105084
0.105198
0.10531
0.105421
0.105529
0.105636
0.105741
0.105845
0.105947
0.106047
0.106145
0.106242
0.106337
0.106414
0.0234902
0.07117
0.101879
0.102014
0.102107
0.102231
0.10237
0.102519
0.102671
0.102824
0.102976
0.103126
0.103274
0.103419
0.103562
0.103701
0.103838
0.103973
0.104105
0.104234
0.104362
0.104487
0.10461
0.104731
0.104851
0.104968
0.105084
0.105198
0.10531
0.10542
0.105529
0.105636
0.105741
0.105845
0.105947
0.106047
0.106145
0.106242
0.106337
0.106414
0.0234904
0.0711701
0.101879
0.102014
0.102107
0.102231
0.10237
0.102519
0.102671
0.102824
0.102976
0.103126
0.103274
0.103419
0.103562
0.103701
0.103838
0.103973
0.104105
0.104234
0.104362
0.104487
0.10461
0.104731
0.104851
0.104968
0.105084
0.105198
0.10531
0.10542
0.105529
0.105636
0.105741
0.105845
0.105947
0.106047
0.106145
0.106242
0.106337
0.106414
0.0234906
0.0711703
0.101878
0.102014
0.102107
0.102231
0.10237
0.102519
0.102671
0.102824
0.102976
0.103126
0.103274
0.103419
0.103562
0.103701
0.103838
0.103973
0.104105
0.104234
0.104362
0.104487
0.10461
0.104731
0.104851
0.104968
0.105084
0.105198
0.10531
0.10542
0.105529
0.105636
0.105741
0.105845
0.105947
0.106047
0.106145
0.106242
0.106337
0.106414
0.0234908
0.0711704
0.101879
0.102014
0.102107
0.102231
0.10237
0.102519
0.102671
0.102824
0.102976
0.103126
0.103274
0.103419
0.103562
0.103701
0.103838
0.103973
0.104105
0.104234
0.104362
0.104487
0.10461
0.104731
0.104851
0.104968
0.105084
0.105198
0.10531
0.10542
0.105529
0.105636
0.105741
0.105845
0.105947
0.106047
0.106145
0.106242
0.106337
0.106414
0.023491
0.0711706
0.101878
0.102014
0.102107
0.102231
0.10237
0.102519
0.102671
0.102824
0.102976
0.103126
0.103274
0.103419
0.103562
0.103701
0.103838
0.103973
0.104105
0.104234
0.104361
0.104487
0.10461
0.104731
0.104851
0.104968
0.105084
0.105198
0.10531
0.10542
0.105529
0.105636
0.105741
0.105845
0.105947
0.106047
0.106145
0.106242
0.106337
0.106414
0.0234913
0.0711708
0.101878
0.102014
0.102107
0.10223
0.10237
0.102519
0.102671
0.102824
0.102976
0.103126
0.103274
0.103419
0.103562
0.103701
0.103838
0.103973
0.104105
0.104234
0.104361
0.104487
0.10461
0.104731
0.10485
0.104968
0.105084
0.105198
0.10531
0.10542
0.105529
0.105636
0.105741
0.105845
0.105947
0.106047
0.106145
0.106242
0.106337
0.106414
0.0234916
0.0711709
0.101878
0.102014
0.102107
0.102231
0.10237
0.102519
0.102671
0.102824
0.102976
0.103126
0.103274
0.103419
0.103562
0.103701
0.103838
0.103973
0.104105
0.104234
0.104362
0.104487
0.10461
0.104731
0.104851
0.104968
0.105084
0.105198
0.10531
0.10542
0.105529
0.105636
0.105741
0.105845
0.105947
0.106047
0.106145
0.106242
0.106337
0.106414
0.0234919
0.0711711
0.101878
0.102014
0.102107
0.10223
0.10237
0.102519
0.102671
0.102824
0.102976
0.103126
0.103274
0.103419
0.103562
0.103701
0.103838
0.103973
0.104105
0.104234
0.104362
0.104487
0.10461
0.104731
0.104851
0.104968
0.105084
0.105198
0.10531
0.10542
0.105529
0.105636
0.105741
0.105845
0.105947
0.106047
0.106145
0.106242
0.106337
0.106414
0.0234922
0.0711713
0.101878
0.102013
0.102107
0.10223
0.10237
0.102519
0.102671
0.102824
0.102976
0.103126
0.103274
0.103419
0.103562
0.103701
0.103838
0.103973
0.104105
0.104234
0.104361
0.104487
0.10461
0.104731
0.104851
0.104968
0.105084
0.105198
0.10531
0.10542
0.105529
0.105636
0.105741
0.105845
0.105947
0.106047
0.106145
0.106242
0.106337
0.106414
0.0234926
0.0711716
0.101879
0.102014
0.102108
0.102231
0.102371
0.102519
0.102671
0.102824
0.102976
0.103127
0.103275
0.10342
0.103562
0.103702
0.103839
0.103973
0.104105
0.104234
0.104362
0.104487
0.10461
0.104732
0.104851
0.104968
0.105084
0.105198
0.10531
0.105421
0.105529
0.105636
0.105742
0.105845
0.105947
0.106047
0.106145
0.106242
0.106337
0.106414
0.0234928
0.0711725
0.101881
0.102016
0.10211
0.102233
0.102372
0.102521
0.102673
0.102826
0.102978
0.103129
0.103276
0.103422
0.103564
0.103703
0.10384
0.103975
0.104107
0.104236
0.104364
0.104489
0.104612
0.104733
0.104853
0.10497
0.105086
0.1052
0.105312
0.105422
0.105531
0.105638
0.105743
0.105847
0.105949
0.106049
0.106147
0.106244
0.106339
0.106416
0.0234931
0.0711753
0.101892
0.102027
0.102121
0.102244
0.102383
0.102532
0.102684
0.102837
0.102989
0.103139
0.103287
0.103432
0.103574
0.103714
0.103851
0.103985
0.104117
0.104246
0.104374
0.104499
0.104622
0.104743
0.104862
0.10498
0.105095
0.105209
0.105321
0.105432
0.10554
0.105647
0.105752
0.105856
0.105958
0.106058
0.106156
0.106253
0.106348
0.106424
0.0234934
0.0711843
0.101989
0.102124
0.102218
0.102341
0.102481
0.102629
0.102781
0.102934
0.103086
0.103236
0.103384
0.103529
0.103671
0.103811
0.103948
0.104082
0.104213
0.104343
0.10447
0.104595
0.104718
0.104839
0.104959
0.105076
0.105192
0.105305
0.105417
0.105528
0.105636
0.105743
0.105848
0.105952
0.106053
0.106153
0.106252
0.106348
0.106443
0.10652
0.0234934
0.0712153
0.102559
0.102695
0.102791
0.102916
0.103058
0.103208
0.103363
0.103518
0.103672
0.103824
0.103974
0.10412
0.104264
0.104406
0.104544
0.10468
0.104814
0.104945
0.105074
0.105201
0.105325
0.105448
0.105569
0.105688
0.105805
0.105921
0.106034
0.106146
0.106257
0.106365
0.106472
0.106577
0.10668
0.106782
0.106882
0.10698
0.107077
0.107154
0.0234926
0.0705228
0.104644
0.104793
0.1049
0.105036
0.105189
0.105351
0.105516
0.105681
0.105846
0.106009
0.106168
0.106325
0.106479
0.106629
0.106777
0.106922
0.107064
0.107204
0.107341
0.107476
0.107608
0.107739
0.107867
0.107994
0.108118
0.108241
0.108361
0.10848
0.108597
0.108712
0.108826
0.108937
0.109047
0.109155
0.109261
0.109366
0.109468
0.109552
0.0233673
0.0620812
0.0991651
0.0960385
0.100931
0.101062
0.10121
0.101366
0.101526
0.101686
0.101845
0.102003
0.102157
0.102309
0.102457
0.102603
0.102747
0.102887
0.103025
0.103161
0.103295
0.103426
0.103555
0.103683
0.103808
0.103932
0.104054
0.104174
0.104292
0.104408
0.104523
0.104636
0.104746
0.104856
0.104963
0.105068
0.105172
0.105273
0.105373
0.105452
0.0203799
0.0626893
0.100251
0.0964574
0.101131
0.101259
0.101404
0.101557
0.101714
0.101872
0.102029
0.102183
0.102335
0.102484
0.102631
0.102774
0.102915
0.103054
0.10319
0.103324
0.103455
0.103585
0.103712
0.103838
0.103961
0.104083
0.104203
0.104322
0.104438
0.104553
0.104666
0.104777
0.104887
0.104994
0.1051
0.105204
0.105306
0.105407
0.105505
0.105583
0.0204866
0.0626625
0.100199
0.0964798
0.10118
0.101309
0.101454
0.101607
0.101765
0.101923
0.10208
0.102234
0.102386
0.102536
0.102682
0.102826
0.102967
0.103106
0.103242
0.103376
0.103507
0.103637
0.103764
0.10389
0.104014
0.104135
0.104256
0.104374
0.10449
0.104605
0.104718
0.104829
0.104939
0.105047
0.105152
0.105256
0.105358
0.105459
0.105557
0.105635
0.0204864
0.0626546
0.100169
0.0964964
0.101185
0.101314
0.101459
0.101613
0.101771
0.101929
0.102086
0.102241
0.102393
0.102543
0.102689
0.102833
0.102975
0.103113
0.10325
0.103384
0.103515
0.103645
0.103773
0.103898
0.104022
0.104144
0.104264
0.104383
0.1045
0.104615
0.104728
0.104839
0.104949
0.105056
0.105162
0.105266
0.105368
0.105469
0.105567
0.105645
0.0204862
0.0626522
0.100156
0.0965083
0.101185
0.101313
0.101459
0.101613
0.10177
0.101928
0.102086
0.10224
0.102393
0.102542
0.102689
0.102833
0.102974
0.103113
0.10325
0.103384
0.103515
0.103645
0.103773
0.103898
0.104022
0.104144
0.104265
0.104383
0.1045
0.104615
0.104728
0.104839
0.104949
0.105057
0.105163
0.105267
0.105369
0.105469
0.105568
0.105646
0.0204859
0.0626513
0.100149
0.0965156
0.101184
0.101313
0.101458
0.101612
0.10177
0.101928
0.102085
0.10224
0.102392
0.102542
0.102688
0.102832
0.102974
0.103112
0.103249
0.103383
0.103515
0.103644
0.103772
0.103898
0.104022
0.104144
0.104264
0.104382
0.104499
0.104614
0.104727
0.104839
0.104948
0.105056
0.105162
0.105266
0.105368
0.105468
0.105567
0.105645
0.0204856
0.0626509
0.100145
0.0965198
0.101183
0.101312
0.101458
0.101611
0.101769
0.101927
0.102084
0.102239
0.102392
0.102541
0.102688
0.102832
0.102973
0.103112
0.103248
0.103382
0.103514
0.103644
0.103771
0.103897
0.104021
0.104143
0.104263
0.104382
0.104499
0.104614
0.104727
0.104838
0.104948
0.105055
0.105161
0.105265
0.105368
0.105468
0.105567
0.105644
0.0204853
0.0626507
0.100143
0.0965221
0.101183
0.101312
0.101457
0.101611
0.101769
0.101927
0.102084
0.102239
0.102391
0.102541
0.102688
0.102832
0.102973
0.103112
0.103248
0.103382
0.103514
0.103643
0.103771
0.103897
0.104021
0.104143
0.104263
0.104382
0.104498
0.104613
0.104726
0.104838
0.104947
0.105055
0.105161
0.105265
0.105367
0.105468
0.105566
0.105644
0.020485
0.0626505
0.100141
0.0965233
0.101183
0.101312
0.101457
0.101611
0.101769
0.101927
0.102084
0.102239
0.102391
0.102541
0.102688
0.102832
0.102973
0.103112
0.103248
0.103382
0.103514
0.103643
0.103771
0.103897
0.104021
0.104143
0.104263
0.104381
0.104498
0.104613
0.104726
0.104838
0.104947
0.105055
0.105161
0.105265
0.105367
0.105468
0.105566
0.105644
0.0204847
0.0626503
0.100139
0.0965239
0.101183
0.101312
0.101457
0.101611
0.101769
0.101927
0.102084
0.102239
0.102391
0.102541
0.102688
0.102832
0.102973
0.103112
0.103248
0.103382
0.103514
0.103643
0.103771
0.103897
0.104021
0.104143
0.104263
0.104381
0.104498
0.104613
0.104726
0.104838
0.104947
0.105055
0.105161
0.105265
0.105367
0.105468
0.105566
0.105644
0.0204844
0.0626501
0.100138
0.096524
0.101183
0.101312
0.101457
0.101611
0.101769
0.101927
0.102084
0.102239
0.102391
0.102541
0.102688
0.102831
0.102973
0.103112
0.103248
0.103382
0.103514
0.103643
0.103771
0.103897
0.104021
0.104143
0.104263
0.104381
0.104498
0.104613
0.104726
0.104838
0.104947
0.105055
0.105161
0.105265
0.105367
0.105468
0.105566
0.105644
0.0204841
0.0626499
0.100137
0.0965239
0.101183
0.101312
0.101457
0.101611
0.101769
0.101927
0.102084
0.102239
0.102391
0.102541
0.102687
0.102831
0.102973
0.103111
0.103248
0.103382
0.103514
0.103643
0.103771
0.103897
0.104021
0.104143
0.104263
0.104381
0.104498
0.104613
0.104726
0.104838
0.104947
0.105055
0.105161
0.105265
0.105367
0.105467
0.105566
0.105644
0.0204838
0.0626498
0.100136
0.0965238
0.101183
0.101312
0.101457
0.101611
0.101769
0.101927
0.102084
0.102239
0.102391
0.102541
0.102687
0.102831
0.102973
0.103111
0.103248
0.103382
0.103514
0.103643
0.103771
0.103897
0.104021
0.104143
0.104263
0.104381
0.104498
0.104613
0.104726
0.104838
0.104947
0.105055
0.105161
0.105265
0.105367
0.105467
0.105566
0.105644
0.0204836
0.0626496
0.100136
0.0965236
0.101183
0.101312
0.101457
0.101611
0.101769
0.101927
0.102084
0.102239
0.102391
0.102541
0.102687
0.102831
0.102973
0.103111
0.103248
0.103382
0.103514
0.103643
0.103771
0.103897
0.104021
0.104143
0.104263
0.104381
0.104498
0.104613
0.104726
0.104838
0.104947
0.105055
0.105161
0.105265
0.105367
0.105467
0.105566
0.105644
0.0204834
0.0626494
0.100135
0.0965234
0.101183
0.101312
0.101457
0.101611
0.101769
0.101927
0.102084
0.102239
0.102391
0.102541
0.102687
0.102831
0.102973
0.103111
0.103248
0.103382
0.103514
0.103643
0.103771
0.103897
0.104021
0.104143
0.104263
0.104381
0.104498
0.104613
0.104726
0.104838
0.104947
0.105055
0.105161
0.105265
0.105367
0.105468
0.105566
0.105644
0.0204832
0.0626493
0.100134
0.0965231
0.101183
0.101312
0.101457
0.101611
0.101768
0.101927
0.102084
0.102239
0.102391
0.102541
0.102687
0.102831
0.102973
0.103111
0.103248
0.103382
0.103514
0.103643
0.103771
0.103897
0.104021
0.104143
0.104263
0.104381
0.104498
0.104613
0.104726
0.104838
0.104947
0.105055
0.105161
0.105265
0.105367
0.105468
0.105566
0.105644
0.0204831
0.0626492
0.100134
0.096523
0.101183
0.101312
0.101457
0.101611
0.101769
0.101927
0.102084
0.102239
0.102391
0.102541
0.102687
0.102831
0.102973
0.103111
0.103248
0.103382
0.103514
0.103643
0.103771
0.103897
0.104021
0.104143
0.104263
0.104382
0.104498
0.104613
0.104726
0.104838
0.104948
0.105055
0.105161
0.105265
0.105367
0.105468
0.105566
0.105644
0.0204829
0.0626491
0.100134
0.0965228
0.101183
0.101312
0.101457
0.101611
0.101768
0.101927
0.102084
0.102239
0.102391
0.102541
0.102687
0.102831
0.102973
0.103111
0.103248
0.103382
0.103514
0.103643
0.103771
0.103897
0.104021
0.104143
0.104263
0.104382
0.104498
0.104613
0.104726
0.104838
0.104947
0.105055
0.105161
0.105265
0.105367
0.105468
0.105566
0.105644
0.0204829
0.0626491
0.100133
0.0965226
0.101183
0.101312
0.101457
0.101611
0.101768
0.101927
0.102084
0.102239
0.102391
0.102541
0.102687
0.102831
0.102973
0.103111
0.103248
0.103382
0.103514
0.103643
0.103771
0.103897
0.104021
0.104143
0.104263
0.104382
0.104498
0.104613
0.104726
0.104838
0.104948
0.105055
0.105161
0.105265
0.105368
0.105468
0.105567
0.105644
0.0204828
0.062649
0.100133
0.0965225
0.101183
0.101312
0.101457
0.101611
0.101768
0.101927
0.102084
0.102239
0.102391
0.102541
0.102687
0.102831
0.102973
0.103111
0.103248
0.103382
0.103514
0.103643
0.103771
0.103897
0.104021
0.104143
0.104263
0.104382
0.104498
0.104613
0.104727
0.104838
0.104948
0.105055
0.105161
0.105265
0.105368
0.105468
0.105567
0.105645
0.0204828
0.062649
0.100133
0.0965225
0.101183
0.101312
0.101457
0.101611
0.101768
0.101927
0.102084
0.102239
0.102391
0.102541
0.102687
0.102831
0.102973
0.103111
0.103248
0.103382
0.103514
0.103643
0.103771
0.103897
0.104021
0.104143
0.104263
0.104382
0.104498
0.104613
0.104727
0.104838
0.104948
0.105055
0.105161
0.105265
0.105368
0.105468
0.105567
0.105645
0.0204828
0.0626491
0.100133
0.0965225
0.101183
0.101312
0.101457
0.101611
0.101768
0.101927
0.102084
0.102239
0.102391
0.102541
0.102687
0.102831
0.102973
0.103111
0.103248
0.103382
0.103514
0.103643
0.103771
0.103897
0.104021
0.104143
0.104263
0.104382
0.104498
0.104613
0.104727
0.104838
0.104948
0.105055
0.105161
0.105266
0.105368
0.105468
0.105567
0.105645
0.0204828
0.0626491
0.100134
0.0965226
0.101183
0.101312
0.101457
0.101611
0.101768
0.101927
0.102084
0.102239
0.102391
0.102541
0.102687
0.102831
0.102973
0.103112
0.103248
0.103382
0.103514
0.103643
0.103771
0.103897
0.104021
0.104143
0.104263
0.104382
0.104498
0.104613
0.104727
0.104838
0.104948
0.105056
0.105161
0.105266
0.105368
0.105468
0.105567
0.105645
0.0204829
0.0626492
0.100134
0.0965228
0.101183
0.101312
0.101457
0.101611
0.101768
0.101927
0.102084
0.102239
0.102391
0.102541
0.102687
0.102831
0.102973
0.103112
0.103248
0.103382
0.103514
0.103643
0.103771
0.103897
0.104021
0.104143
0.104263
0.104382
0.104498
0.104613
0.104727
0.104838
0.104948
0.105056
0.105162
0.105266
0.105368
0.105468
0.105567
0.105645
0.020483
0.0626493
0.100134
0.0965229
0.101183
0.101312
0.101457
0.101611
0.101769
0.101927
0.102084
0.102239
0.102391
0.102541
0.102688
0.102832
0.102973
0.103112
0.103248
0.103382
0.103514
0.103644
0.103771
0.103897
0.104021
0.104143
0.104263
0.104382
0.104499
0.104614
0.104727
0.104838
0.104948
0.105056
0.105162
0.105266
0.105368
0.105468
0.105567
0.105645
0.0204831
0.0626494
0.100135
0.0965231
0.101183
0.101312
0.101457
0.101611
0.101769
0.101927
0.102084
0.102239
0.102391
0.102541
0.102688
0.102832
0.102973
0.103112
0.103248
0.103382
0.103514
0.103644
0.103771
0.103897
0.104021
0.104143
0.104263
0.104382
0.104499
0.104614
0.104727
0.104838
0.104948
0.105056
0.105162
0.105266
0.105368
0.105468
0.105567
0.105645
0.0204832
0.0626495
0.100135
0.0965233
0.101183
0.101312
0.101457
0.101611
0.101769
0.101927
0.102084
0.102239
0.102391
0.102541
0.102688
0.102832
0.102973
0.103112
0.103248
0.103382
0.103514
0.103644
0.103771
0.103897
0.104021
0.104143
0.104263
0.104382
0.104499
0.104614
0.104727
0.104838
0.104948
0.105056
0.105162
0.105266
0.105368
0.105468
0.105567
0.105645
0.0204834
0.0626497
0.100136
0.0965235
0.101183
0.101312
0.101457
0.101611
0.101769
0.101927
0.102084
0.102239
0.102391
0.102541
0.102688
0.102832
0.102973
0.103112
0.103248
0.103382
0.103514
0.103644
0.103771
0.103897
0.104021
0.104143
0.104263
0.104382
0.104499
0.104614
0.104727
0.104838
0.104948
0.105056
0.105162
0.105266
0.105368
0.105469
0.105567
0.105645
0.0204836
0.0626499
0.100137
0.0965237
0.101183
0.101312
0.101457
0.101611
0.101769
0.101927
0.102084
0.102239
0.102391
0.102541
0.102688
0.102832
0.102973
0.103112
0.103248
0.103382
0.103514
0.103644
0.103771
0.103897
0.104021
0.104143
0.104264
0.104382
0.104499
0.104614
0.104727
0.104838
0.104948
0.105056
0.105162
0.105266
0.105368
0.105469
0.105567
0.105645
0.0204838
0.06265
0.100138
0.0965237
0.101183
0.101312
0.101457
0.101611
0.101769
0.101927
0.102084
0.102239
0.102391
0.102541
0.102688
0.102832
0.102973
0.103112
0.103248
0.103382
0.103514
0.103644
0.103771
0.103897
0.104021
0.104143
0.104263
0.104382
0.104499
0.104614
0.104727
0.104838
0.104948
0.105056
0.105162
0.105266
0.105368
0.105469
0.105567
0.105645
0.0204841
0.0626502
0.100139
0.0965236
0.101183
0.101312
0.101457
0.101611
0.101769
0.101927
0.102084
0.102239
0.102391
0.102541
0.102688
0.102832
0.102973
0.103112
0.103248
0.103382
0.103514
0.103644
0.103771
0.103897
0.104021
0.104143
0.104264
0.104382
0.104499
0.104614
0.104727
0.104839
0.104948
0.105056
0.105162
0.105266
0.105368
0.105469
0.105567
0.105645
0.0204844
0.0626504
0.100141
0.0965231
0.101183
0.101312
0.101457
0.101611
0.101769
0.101927
0.102084
0.102239
0.102391
0.102541
0.102688
0.102832
0.102973
0.103112
0.103248
0.103382
0.103514
0.103644
0.103772
0.103897
0.104021
0.104143
0.104264
0.104382
0.104499
0.104614
0.104727
0.104839
0.104948
0.105056
0.105162
0.105266
0.105368
0.105469
0.105567
0.105645
0.0204847
0.0626506
0.100142
0.0965219
0.101183
0.101312
0.101457
0.101611
0.101769
0.101927
0.102084
0.102239
0.102391
0.102541
0.102688
0.102832
0.102973
0.103112
0.103248
0.103382
0.103514
0.103644
0.103772
0.103897
0.104021
0.104143
0.104264
0.104382
0.104499
0.104614
0.104727
0.104839
0.104948
0.105056
0.105162
0.105266
0.105368
0.105469
0.105568
0.105645
0.020485
0.0626508
0.100145
0.0965196
0.101183
0.101312
0.101457
0.101611
0.101768
0.101927
0.102084
0.102239
0.102391
0.102541
0.102688
0.102832
0.102973
0.103112
0.103248
0.103382
0.103514
0.103644
0.103771
0.103897
0.104021
0.104143
0.104263
0.104382
0.104499
0.104614
0.104727
0.104838
0.104948
0.105056
0.105162
0.105266
0.105368
0.105469
0.105567
0.105645
0.0204853
0.0626511
0.100149
0.0965154
0.101183
0.101312
0.101457
0.101611
0.101769
0.101927
0.102084
0.102239
0.102392
0.102541
0.102688
0.102832
0.102973
0.103112
0.103248
0.103383
0.103514
0.103644
0.103772
0.103898
0.104022
0.104144
0.104264
0.104383
0.104499
0.104614
0.104728
0.104839
0.104949
0.105057
0.105162
0.105267
0.105369
0.105469
0.105568
0.105646
0.0204856
0.062652
0.100155
0.0965081
0.101185
0.101314
0.101459
0.101613
0.101771
0.101929
0.102086
0.102241
0.102393
0.102543
0.10269
0.102834
0.102975
0.103114
0.10325
0.103384
0.103516
0.103646
0.103773
0.103899
0.104023
0.104145
0.104266
0.104384
0.104501
0.104616
0.104729
0.104841
0.10495
0.105058
0.105164
0.105268
0.10537
0.105471
0.105569
0.105647
0.0204859
0.0626544
0.100169
0.0964962
0.101196
0.101324
0.10147
0.101623
0.101781
0.101939
0.102096
0.102251
0.102403
0.102553
0.1027
0.102844
0.102985
0.103123
0.10326
0.103394
0.103525
0.103655
0.103783
0.103909
0.104032
0.104154
0.104275
0.104393
0.10451
0.104625
0.104738
0.104849
0.104959
0.105066
0.105172
0.105276
0.105379
0.105479
0.105577
0.105655
0.0204862
0.0626623
0.100199
0.0964797
0.101291
0.101419
0.101564
0.101718
0.101876
0.102034
0.102191
0.102346
0.102498
0.102647
0.102794
0.102938
0.103079
0.103218
0.103354
0.103488
0.103619
0.103749
0.103876
0.104002
0.104126
0.104248
0.104368
0.104486
0.104603
0.104718
0.104831
0.104942
0.105052
0.105159
0.105265
0.105369
0.105471
0.105572
0.10567
0.105748
0.0204862
0.0626894
0.100252
0.0964585
0.101849
0.101979
0.102127
0.102283
0.102442
0.102602
0.102761
0.102917
0.103072
0.103223
0.103371
0.103517
0.103659
0.1038
0.103937
0.104073
0.104206
0.104337
0.104466
0.104593
0.104718
0.104842
0.104963
0.105083
0.105201
0.105318
0.105432
0.105545
0.105656
0.105765
0.105872
0.105977
0.106081
0.106182
0.106282
0.106361
0.0204856
0.0620822
0.0991699
0.0960453
0.103893
0.104035
0.104193
0.10436
0.10453
0.104701
0.10487
0.105037
0.1052
0.105361
0.105519
0.105673
0.105824
0.105973
0.106119
0.106262
0.106403
0.106542
0.106678
0.106813
0.106945
0.107075
0.107204
0.10733
0.107455
0.107577
0.107698
0.107817
0.107934
0.108049
0.108162
0.108273
0.108382
0.108489
0.108595
0.108678
0.0203764
0.0547937
0.0862221
0.0835345
0.099912
0.100048
0.100202
0.100363
0.100528
0.100694
0.100858
0.101019
0.101178
0.101334
0.101488
0.101638
0.101786
0.101931
0.102073
0.102214
0.102352
0.102488
0.102622
0.102754
0.102885
0.103013
0.10314
0.103265
0.103388
0.103509
0.103628
0.103746
0.103861
0.103975
0.104087
0.104196
0.104304
0.104409
0.104512
0.104593
0.0178675
0.0553281
0.0871446
0.0838997
0.10012
0.100254
0.100404
0.100563
0.100725
0.100888
0.101049
0.101208
0.101365
0.101518
0.101669
0.101817
0.101962
0.102105
0.102246
0.102384
0.10252
0.102655
0.102787
0.102917
0.103046
0.103172
0.103297
0.103421
0.103542
0.103662
0.103779
0.103895
0.104009
0.104122
0.104232
0.10434
0.104446
0.10455
0.104652
0.104732
0.017961
0.0553046
0.0871014
0.0839183
0.100171
0.100305
0.100455
0.100614
0.100777
0.10094
0.101101
0.101261
0.101417
0.101571
0.101722
0.10187
0.102016
0.102159
0.1023
0.102438
0.102574
0.102709
0.102841
0.102971
0.1031
0.103227
0.103352
0.103475
0.103596
0.103716
0.103834
0.10395
0.104064
0.104176
0.104286
0.104394
0.1045
0.104604
0.104706
0.104786
0.0179609
0.0552977
0.0870763
0.0839322
0.100176
0.10031
0.100461
0.10062
0.100783
0.100946
0.101108
0.101267
0.101424
0.101578
0.101729
0.101878
0.102023
0.102166
0.102307
0.102446
0.102582
0.102717
0.102849
0.10298
0.103109
0.103235
0.103361
0.103484
0.103606
0.103725
0.103843
0.103959
0.104074
0.104186
0.104296
0.104404
0.10451
0.104615
0.104717
0.104796
0.0179606
0.0552955
0.087065
0.0839421
0.100175
0.100309
0.10046
0.10062
0.100782
0.100945
0.101107
0.101267
0.101424
0.101578
0.101729
0.101877
0.102023
0.102166
0.102307
0.102446
0.102582
0.102717
0.102849
0.10298
0.103108
0.103235
0.103361
0.103484
0.103606
0.103725
0.103843
0.10396
0.104074
0.104186
0.104296
0.104405
0.104511
0.104615
0.104717
0.104797
0.0179604
0.0552947
0.0870593
0.0839481
0.100174
0.100308
0.100459
0.100619
0.100781
0.100944
0.101106
0.101266
0.101423
0.101577
0.101728
0.101876
0.102022
0.102165
0.102306
0.102445
0.102581
0.102716
0.102848
0.102979
0.103108
0.103235
0.10336
0.103483
0.103605
0.103725
0.103843
0.103959
0.104073
0.104185
0.104296
0.104404
0.10451
0.104614
0.104717
0.104796
0.0179601
0.0552944
0.0870559
0.0839515
0.100174
0.100308
0.100459
0.100618
0.100781
0.100944
0.101106
0.101265
0.101422
0.101576
0.101727
0.101876
0.102022
0.102165
0.102306
0.102444
0.102581
0.102715
0.102848
0.102978
0.103107
0.103234
0.103359
0.103483
0.103604
0.103724
0.103842
0.103958
0.104072
0.104185
0.104295
0.104403
0.10451
0.104614
0.104716
0.104796
0.0179598
0.0552941
0.0870537
0.0839533
0.100173
0.100308
0.100459
0.100618
0.100781
0.100944
0.101106
0.101265
0.101422
0.101576
0.101727
0.101876
0.102021
0.102165
0.102305
0.102444
0.102581
0.102715
0.102848
0.102978
0.103107
0.103234
0.103359
0.103482
0.103604
0.103724
0.103842
0.103958
0.104072
0.104185
0.104295
0.104403
0.104509
0.104614
0.104716
0.104795
0.0179595
0.0552939
0.087052
0.0839542
0.100173
0.100308
0.100459
0.100618
0.100781
0.100944
0.101105
0.101265
0.101422
0.101576
0.101727
0.101875
0.102021
0.102164
0.102305
0.102444
0.10258
0.102715
0.102847
0.102978
0.103107
0.103234
0.103359
0.103482
0.103604
0.103724
0.103842
0.103958
0.104072
0.104184
0.104295
0.104403
0.104509
0.104613
0.104716
0.104795
0.0179591
0.0552937
0.0870506
0.0839545
0.100173
0.100308
0.100458
0.100618
0.10078
0.100944
0.101105
0.101265
0.101422
0.101576
0.101727
0.101875
0.102021
0.102164
0.102305
0.102444
0.10258
0.102715
0.102847
0.102978
0.103107
0.103234
0.103359
0.103482
0.103604
0.103724
0.103842
0.103958
0.104072
0.104184
0.104295
0.104403
0.104509
0.104613
0.104716
0.104795
0.0179588
0.0552935
0.0870495
0.0839545
0.100173
0.100307
0.100458
0.100618
0.10078
0.100944
0.101105
0.101265
0.101422
0.101576
0.101727
0.101875
0.102021
0.102164
0.102305
0.102444
0.10258
0.102715
0.102847
0.102978
0.103107
0.103234
0.103359
0.103482
0.103604
0.103724
0.103842
0.103958
0.104072
0.104184
0.104295
0.104403
0.104509
0.104613
0.104715
0.104795
0.0179586
0.0552933
0.0870485
0.0839543
0.100173
0.100307
0.100458
0.100618
0.10078
0.100943
0.101105
0.101265
0.101422
0.101576
0.101727
0.101875
0.102021
0.102164
0.102305
0.102444
0.10258
0.102715
0.102847
0.102978
0.103107
0.103234
0.103359
0.103482
0.103604
0.103724
0.103842
0.103958
0.104072
0.104184
0.104295
0.104403
0.104509
0.104613
0.104715
0.104795
0.0179583
0.0552931
0.0870476
0.0839541
0.100173
0.100307
0.100458
0.100618
0.10078
0.100943
0.101105
0.101265
0.101422
0.101576
0.101727
0.101875
0.102021
0.102164
0.102305
0.102444
0.10258
0.102715
0.102847
0.102978
0.103107
0.103233
0.103359
0.103482
0.103604
0.103723
0.103841
0.103958
0.104072
0.104184
0.104294
0.104403
0.104509
0.104613
0.104715
0.104795
0.0179581
0.0552929
0.0870469
0.0839539
0.100173
0.100307
0.100458
0.100618
0.10078
0.100943
0.101105
0.101265
0.101422
0.101576
0.101727
0.101875
0.102021
0.102164
0.102305
0.102444
0.10258
0.102715
0.102847
0.102978
0.103106
0.103233
0.103359
0.103482
0.103603
0.103723
0.103841
0.103957
0.104072
0.104184
0.104294
0.104403
0.104509
0.104613
0.104715
0.104795
0.0179579
0.0552927
0.0870463
0.0839536
0.100173
0.100307
0.100458
0.100618
0.10078
0.100943
0.101105
0.101265
0.101422
0.101576
0.101727
0.101875
0.102021
0.102164
0.102305
0.102444
0.10258
0.102715
0.102847
0.102978
0.103106
0.103233
0.103359
0.103482
0.103604
0.103723
0.103841
0.103958
0.104072
0.104184
0.104294
0.104403
0.104509
0.104613
0.104715
0.104795
0.0179577
0.0552926
0.0870458
0.0839534
0.100173
0.100307
0.100458
0.100618
0.10078
0.100943
0.101105
0.101265
0.101422
0.101576
0.101727
0.101875
0.102021
0.102164
0.102305
0.102444
0.10258
0.102715
0.102847
0.102978
0.103107
0.103234
0.103359
0.103482
0.103604
0.103724
0.103842
0.103958
0.104072
0.104184
0.104295
0.104403
0.104509
0.104613
0.104715
0.104795
0.0179576
0.0552925
0.0870454
0.0839532
0.100173
0.100307
0.100458
0.100618
0.10078
0.100943
0.101105
0.101265
0.101422
0.101576
0.101727
0.101875
0.102021
0.102164
0.102305
0.102444
0.10258
0.102715
0.102847
0.102978
0.103107
0.103234
0.103359
0.103482
0.103604
0.103724
0.103842
0.103958
0.104072
0.104184
0.104295
0.104403
0.104509
0.104614
0.104716
0.104795
0.0179575
0.0552924
0.0870451
0.083953
0.100173
0.100307
0.100458
0.100617
0.10078
0.100943
0.101105
0.101265
0.101422
0.101576
0.101727
0.101875
0.102021
0.102164
0.102305
0.102444
0.10258
0.102715
0.102847
0.102978
0.103107
0.103234
0.103359
0.103482
0.103604
0.103724
0.103842
0.103958
0.104072
0.104184
0.104295
0.104403
0.104509
0.104614
0.104716
0.104795
0.0179574
0.0552923
0.0870449
0.0839529
0.100173
0.100307
0.100458
0.100617
0.10078
0.100943
0.101105
0.101265
0.101421
0.101576
0.101727
0.101875
0.102021
0.102164
0.102305
0.102444
0.10258
0.102715
0.102847
0.102978
0.103107
0.103234
0.103359
0.103482
0.103604
0.103724
0.103842
0.103958
0.104072
0.104184
0.104295
0.104403
0.104509
0.104614
0.104716
0.104795
0.0179573
0.0552923
0.0870448
0.0839528
0.100173
0.100307
0.100458
0.100617
0.10078
0.100943
0.101105
0.101265
0.101421
0.101576
0.101727
0.101875
0.102021
0.102164
0.102305
0.102444
0.10258
0.102715
0.102847
0.102978
0.103107
0.103234
0.103359
0.103482
0.103604
0.103724
0.103842
0.103958
0.104072
0.104185
0.104295
0.104403
0.104509
0.104614
0.104716
0.104795
0.0179573
0.0552923
0.0870448
0.0839528
0.100173
0.100307
0.100458
0.100617
0.10078
0.100943
0.101105
0.101265
0.101421
0.101575
0.101727
0.101875
0.102021
0.102164
0.102305
0.102444
0.10258
0.102715
0.102847
0.102978
0.103107
0.103234
0.103359
0.103482
0.103604
0.103724
0.103842
0.103958
0.104072
0.104185
0.104295
0.104403
0.104509
0.104614
0.104716
0.104795
0.0179573
0.0552923
0.0870449
0.0839528
0.100173
0.100307
0.100458
0.100617
0.10078
0.100943
0.101105
0.101265
0.101421
0.101576
0.101727
0.101875
0.102021
0.102164
0.102305
0.102444
0.10258
0.102715
0.102847
0.102978
0.103107
0.103234
0.103359
0.103482
0.103604
0.103724
0.103842
0.103958
0.104072
0.104185
0.104295
0.104403
0.104509
0.104614
0.104716
0.104796
0.0179573
0.0552924
0.087045
0.0839529
0.100173
0.100307
0.100458
0.100618
0.10078
0.100943
0.101105
0.101265
0.101422
0.101576
0.101727
0.101875
0.102021
0.102164
0.102305
0.102444
0.10258
0.102715
0.102847
0.102978
0.103107
0.103234
0.103359
0.103482
0.103604
0.103724
0.103842
0.103958
0.104072
0.104185
0.104295
0.104403
0.10451
0.104614
0.104716
0.104796
0.0179574
0.0552924
0.0870453
0.083953
0.100173
0.100307
0.100458
0.100618
0.10078
0.100943
0.101105
0.101265
0.101422
0.101576
0.101727
0.101875
0.102021
0.102164
0.102305
0.102444
0.10258
0.102715
0.102847
0.102978
0.103107
0.103234
0.103359
0.103482
0.103604
0.103724
0.103842
0.103958
0.104072
0.104185
0.104295
0.104403
0.10451
0.104614
0.104716
0.104796
0.0179575
0.0552925
0.0870457
0.0839532
0.100173
0.100307
0.100458
0.100618
0.10078
0.100943
0.101105
0.101265
0.101422
0.101576
0.101727
0.101875
0.102021
0.102164
0.102305
0.102444
0.10258
0.102715
0.102847
0.102978
0.103107
0.103234
0.103359
0.103482
0.103604
0.103724
0.103842
0.103958
0.104072
0.104185
0.104295
0.104403
0.10451
0.104614
0.104716
0.104796
0.0179576
0.0552927
0.0870462
0.0839534
0.100173
0.100307
0.100458
0.100618
0.10078
0.100943
0.101105
0.101265
0.101422
0.101576
0.101727
0.101875
0.102021
0.102164
0.102305
0.102444
0.102581
0.102715
0.102848
0.102978
0.103107
0.103234
0.103359
0.103483
0.103604
0.103724
0.103842
0.103958
0.104073
0.104185
0.104295
0.104404
0.10451
0.104614
0.104716
0.104796
0.0179577
0.0552928
0.0870468
0.0839537
0.100173
0.100307
0.100458
0.100618
0.10078
0.100943
0.101105
0.101265
0.101422
0.101576
0.101727
0.101875
0.102021
0.102164
0.102305
0.102444
0.102581
0.102715
0.102848
0.102978
0.103107
0.103234
0.103359
0.103483
0.103604
0.103724
0.103842
0.103958
0.104073
0.104185
0.104295
0.104404
0.10451
0.104614
0.104716
0.104796
0.0179579
0.055293
0.0870475
0.0839539
0.100173
0.100307
0.100458
0.100618
0.10078
0.100943
0.101105
0.101265
0.101422
0.101576
0.101727
0.101875
0.102021
0.102164
0.102305
0.102444
0.102581
0.102715
0.102848
0.102978
0.103107
0.103234
0.103359
0.103483
0.103604
0.103724
0.103842
0.103958
0.104073
0.104185
0.104295
0.104404
0.10451
0.104614
0.104717
0.104796
0.0179581
0.0552932
0.0870484
0.0839541
0.100173
0.100307
0.100458
0.100618
0.10078
0.100944
0.101105
0.101265
0.101422
0.101576
0.101727
0.101875
0.102021
0.102165
0.102306
0.102444
0.102581
0.102715
0.102848
0.102978
0.103107
0.103234
0.103359
0.103483
0.103605
0.103724
0.103842
0.103959
0.104073
0.104185
0.104296
0.104404
0.10451
0.104614
0.104717
0.104796
0.0179583
0.0552934
0.0870493
0.0839543
0.100173
0.100307
0.100458
0.100618
0.10078
0.100944
0.101105
0.101265
0.101422
0.101576
0.101727
0.101876
0.102021
0.102165
0.102306
0.102444
0.102581
0.102715
0.102848
0.102978
0.103107
0.103234
0.10336
0.103483
0.103605
0.103724
0.103843
0.103959
0.104073
0.104185
0.104296
0.104404
0.10451
0.104615
0.104717
0.104796
0.0179586
0.0552936
0.0870504
0.0839543
0.100173
0.100307
0.100458
0.100618
0.10078
0.100943
0.101105
0.101265
0.101422
0.101576
0.101727
0.101876
0.102021
0.102165
0.102306
0.102444
0.102581
0.102715
0.102848
0.102979
0.103107
0.103234
0.10336
0.103483
0.103605
0.103725
0.103843
0.103959
0.104073
0.104186
0.104296
0.104404
0.10451
0.104615
0.104717
0.104797
0.0179589
0.0552938
0.0870518
0.083954
0.100173
0.100307
0.100458
0.100618
0.10078
0.100944
0.101105
0.101265
0.101422
0.101576
0.101727
0.101876
0.102021
0.102165
0.102306
0.102444
0.102581
0.102715
0.102848
0.102979
0.103108
0.103235
0.10336
0.103483
0.103605
0.103725
0.103843
0.103959
0.104073
0.104186
0.104296
0.104404
0.104511
0.104615
0.104717
0.104797
0.0179591
0.055294
0.0870535
0.0839531
0.100173
0.100307
0.100458
0.100618
0.10078
0.100944
0.101105
0.101265
0.101422
0.101576
0.101727
0.101876
0.102021
0.102165
0.102306
0.102444
0.102581
0.102715
0.102848
0.102979
0.103107
0.103234
0.10336
0.103483
0.103605
0.103725
0.103843
0.103959
0.104073
0.104186
0.104296
0.104404
0.104511
0.104615
0.104717
0.104797
0.0179595
0.0552942
0.0870558
0.0839513
0.100173
0.100307
0.100458
0.100618
0.10078
0.100943
0.101105
0.101265
0.101422
0.101576
0.101727
0.101876
0.102021
0.102165
0.102306
0.102444
0.102581
0.102715
0.102848
0.102979
0.103108
0.103235
0.10336
0.103483
0.103605
0.103725
0.103843
0.103959
0.104073
0.104186
0.104296
0.104405
0.104511
0.104615
0.104717
0.104797
0.0179598
0.0552946
0.0870591
0.083948
0.100174
0.100308
0.100459
0.100618
0.100781
0.100944
0.101106
0.101265
0.101422
0.101576
0.101727
0.101876
0.102022
0.102165
0.102306
0.102445
0.102581
0.102716
0.102848
0.102979
0.103108
0.103235
0.10336
0.103484
0.103605
0.103725
0.103843
0.103959
0.104074
0.104186
0.104296
0.104405
0.104511
0.104615
0.104717
0.104797
0.0179601
0.0552954
0.0870649
0.0839419
0.100175
0.10031
0.10046
0.10062
0.100783
0.100946
0.101107
0.101267
0.101424
0.101578
0.101729
0.101878
0.102023
0.102167
0.102308
0.102446
0.102583
0.102717
0.10285
0.102981
0.10311
0.103237
0.103362
0.103485
0.103607
0.103727
0.103845
0.103961
0.104075
0.104188
0.104298
0.104406
0.104513
0.104617
0.104719
0.104799
0.0179604
0.0552975
0.0870762
0.083932
0.100186
0.10032
0.10047
0.10063
0.100792
0.100955
0.101117
0.101277
0.101434
0.101588
0.101739
0.101887
0.102033
0.102176
0.102317
0.102456
0.102592
0.102726
0.102859
0.10299
0.103118
0.103245
0.10337
0.103494
0.103615
0.103735
0.103853
0.103969
0.104084
0.104196
0.104306
0.104414
0.104521
0.104625
0.104727
0.104806
0.0179606
0.0553045
0.0871014
0.0839183
0.100277
0.100412
0.100562
0.100722
0.100884
0.101047
0.101209
0.101368
0.101525
0.101679
0.10183
0.101978
0.102124
0.102267
0.102408
0.102546
0.102683
0.102817
0.10295
0.10308
0.103209
0.103336
0.103461
0.103584
0.103705
0.103825
0.103943
0.104059
0.104173
0.104285
0.104396
0.104504
0.10461
0.104714
0.104816
0.104896
0.0179608
0.0553282
0.0871454
0.0839007
0.100818
0.100954
0.101107
0.101268
0.101433
0.101597
0.101761
0.101922
0.10208
0.102236
0.102388
0.102538
0.102685
0.10283
0.102972
0.103112
0.103249
0.103385
0.103519
0.10365
0.10378
0.103908
0.104034
0.104159
0.104282
0.104402
0.104522
0.104639
0.104754
0.104867
0.104979
0.105088
0.105195
0.105301
0.105404
0.105484
0.0179603
0.0547947
0.0862266
0.0835408
0.102791
0.102938
0.103101
0.103273
0.103448
0.103623
0.103796
0.103967
0.104135
0.104299
0.10446
0.104618
0.104774
0.104926
0.105076
0.105223
0.105368
0.10551
0.105651
0.105789
0.105925
0.10606
0.106192
0.106322
0.106451
0.106577
0.106702
0.106825
0.106945
0.107064
0.10718
0.107295
0.107407
0.107517
0.107625
0.107709
0.0178647
0.0486159
0.0753003
0.0729464
0.0987938
0.0989355
0.099094
0.0992607
0.0994305
0.0996005
0.0997689
0.0999349
0.100098
0.100258
0.100416
0.100571
0.100723
0.100873
0.10102
0.101165
0.101308
0.101449
0.101588
0.101726
0.101861
0.101995
0.102127
0.102257
0.102385
0.102511
0.102636
0.102758
0.102879
0.102997
0.103114
0.103228
0.103339
0.103448
0.103555
0.103638
0.0157906
0.0490877
0.0760863
0.0732659
0.0990112
0.0991501
0.0993057
0.0994695
0.0996365
0.0998036
0.0999693
0.100133
0.100293
0.100451
0.100606
0.100759
0.100908
0.101056
0.101201
0.101344
0.101485
0.101625
0.101762
0.101897
0.102031
0.102163
0.102293
0.102421
0.102548
0.102673
0.102796
0.102917
0.103036
0.103153
0.103268
0.10338
0.10349
0.103598
0.103704
0.103785
0.0158732
0.0490671
0.0760502
0.0732814
0.0990631
0.0992023
0.0993583
0.0995224
0.0996896
0.099857
0.100023
0.100187
0.100348
0.100506
0.100661
0.100813
0.100964
0.101111
0.101257
0.1014
0.101541
0.10168
0.101818
0.101953
0.102087
0.102219
0.102349
0.102478
0.102604
0.102729
0.102852
0.102973
0.103092
0.103209
0.103324
0.103436
0.103547
0.103655
0.10376
0.103841
0.015873
0.0490609
0.0760293
0.073293
0.0990681
0.0992076
0.0993637
0.099528
0.0996955
0.0998631
0.100029
0.100193
0.100354
0.100512
0.100668
0.100821
0.100971
0.101119
0.101264
0.101408
0.101549
0.101689
0.101826
0.101962
0.102096
0.102228
0.102358
0.102487
0.102614
0.102739
0.102862
0.102983
0.103102
0.103219
0.103334
0.103447
0.103557
0.103665
0.103771
0.103852
0.0158727
0.049059
0.0760197
0.0733012
0.0990671
0.0992066
0.0993628
0.0995272
0.0996946
0.0998623
0.100029
0.100192
0.100354
0.100512
0.100667
0.10082
0.10097
0.101118
0.101264
0.101407
0.101549
0.101688
0.101826
0.101962
0.102096
0.102228
0.102358
0.102487
0.102614
0.102739
0.102862
0.102983
0.103102
0.103219
0.103334
0.103447
0.103557
0.103666
0.103771
0.103852
0.0158725
0.0490582
0.0760147
0.0733061
0.0990661
0.0992056
0.0993618
0.0995262
0.0996937
0.0998614
0.100028
0.100191
0.100353
0.100511
0.100666
0.100819
0.10097
0.101117
0.101263
0.101406
0.101548
0.101687
0.101825
0.101961
0.102095
0.102227
0.102357
0.102486
0.102613
0.102738
0.102861
0.102982
0.103101
0.103219
0.103333
0.103446
0.103557
0.103665
0.10377
0.103852
0.0158722
0.0490578
0.0760117
0.0733088
0.0990656
0.0992051
0.0993613
0.0995257
0.0996932
0.0998609
0.100027
0.100191
0.100352
0.10051
0.100666
0.100819
0.100969
0.101117
0.101262
0.101406
0.101547
0.101687
0.101824
0.10196
0.102094
0.102226
0.102357
0.102485
0.102612
0.102737
0.10286
0.102982
0.103101
0.103218
0.103333
0.103446
0.103556
0.103664
0.10377
0.103851
0.0158718
0.0490576
0.0760096
0.0733102
0.0990653
0.0992049
0.099361
0.0995254
0.0996929
0.0998606
0.100027
0.100191
0.100352
0.10051
0.100666
0.100818
0.100969
0.101117
0.101262
0.101406
0.101547
0.101686
0.101824
0.10196
0.102094
0.102226
0.102356
0.102485
0.102612
0.102737
0.10286
0.102981
0.1031
0.103217
0.103332
0.103445
0.103555
0.103664
0.103769
0.103851
0.0158715
0.0490573
0.076008
0.0733107
0.0990652
0.0992047
0.0993609
0.0995253
0.0996928
0.0998604
0.100027
0.10019
0.100352
0.10051
0.100665
0.100818
0.100969
0.101116
0.101262
0.101405
0.101547
0.101686
0.101824
0.10196
0.102093
0.102226
0.102356
0.102485
0.102612
0.102737
0.10286
0.102981
0.1031
0.103217
0.103332
0.103445
0.103555
0.103663
0.103769
0.10385
0.0158712
0.0490571
0.0760067
0.0733108
0.0990651
0.0992046
0.0993608
0.0995252
0.0996927
0.0998603
0.100027
0.10019
0.100351
0.10051
0.100665
0.100818
0.100968
0.101116
0.101262
0.101405
0.101547
0.101686
0.101824
0.101959
0.102093
0.102226
0.102356
0.102485
0.102611
0.102736
0.10286
0.102981
0.1031
0.103217
0.103332
0.103445
0.103555
0.103663
0.103769
0.10385
0.0158709
0.0490569
0.0760056
0.0733108
0.099065
0.0992046
0.0993607
0.0995251
0.0996926
0.0998603
0.100026
0.10019
0.100351
0.10051
0.100665
0.100818
0.100968
0.101116
0.101262
0.101405
0.101547
0.101686
0.101824
0.101959
0.102093
0.102225
0.102356
0.102484
0.102611
0.102736
0.102859
0.102981
0.1031
0.103217
0.103332
0.103445
0.103555
0.103663
0.103769
0.10385
0.0158707
0.0490566
0.0760046
0.0733105
0.099065
0.0992045
0.0993607
0.099525
0.0996925
0.0998602
0.100026
0.10019
0.100351
0.10051
0.100665
0.100818
0.100968
0.101116
0.101262
0.101405
0.101546
0.101686
0.101823
0.101959
0.102093
0.102225
0.102356
0.102484
0.102611
0.102736
0.102859
0.102981
0.1031
0.103217
0.103332
0.103444
0.103555
0.103663
0.103769
0.10385
0.0158704
0.0490564
0.0760038
0.0733102
0.0990649
0.0992045
0.0993607
0.099525
0.0996925
0.0998602
0.100026
0.10019
0.100351
0.10051
0.100665
0.100818
0.100968
0.101116
0.101262
0.101405
0.101546
0.101686
0.101823
0.101959
0.102093
0.102225
0.102356
0.102484
0.102611
0.102736
0.102859
0.102981
0.1031
0.103217
0.103332
0.103444
0.103555
0.103663
0.103769
0.10385
0.0158702
0.0490563
0.0760031
0.0733099
0.0990649
0.0992044
0.0993606
0.0995249
0.0996924
0.0998601
0.100026
0.10019
0.100351
0.10051
0.100665
0.100818
0.100968
0.101116
0.101262
0.101405
0.101546
0.101686
0.101823
0.101959
0.102093
0.102225
0.102356
0.102484
0.102611
0.102736
0.102859
0.10298
0.1031
0.103217
0.103332
0.103444
0.103555
0.103663
0.103768
0.10385
0.01587
0.0490561
0.0760025
0.0733097
0.0990648
0.0992043
0.0993605
0.0995249
0.0996924
0.09986
0.100026
0.10019
0.100351
0.10051
0.100665
0.100818
0.100968
0.101116
0.101262
0.101405
0.101546
0.101686
0.101823
0.101959
0.102093
0.102225
0.102356
0.102484
0.102611
0.102736
0.102859
0.10298
0.1031
0.103217
0.103332
0.103444
0.103555
0.103663
0.103769
0.10385
0.0158699
0.0490559
0.076002
0.0733095
0.0990648
0.0992043
0.0993605
0.0995249
0.0996924
0.09986
0.100026
0.10019
0.100351
0.10051
0.100665
0.100818
0.100968
0.101116
0.101262
0.101405
0.101546
0.101686
0.101823
0.101959
0.102093
0.102225
0.102356
0.102484
0.102611
0.102736
0.102859
0.102981
0.1031
0.103217
0.103332
0.103444
0.103555
0.103663
0.103769
0.10385
0.0158697
0.0490558
0.0760017
0.0733093
0.0990648
0.0992043
0.0993605
0.0995249
0.0996923
0.09986
0.100026
0.10019
0.100351
0.10051
0.100665
0.100818
0.100968
0.101116
0.101262
0.101405
0.101547
0.101686
0.101824
0.101959
0.102093
0.102225
0.102356
0.102484
0.102611
0.102736
0.10286
0.102981
0.1031
0.103217
0.103332
0.103445
0.103555
0.103663
0.103769
0.10385
0.0158696
0.0490558
0.0760014
0.0733091
0.0990647
0.0992042
0.0993604
0.0995248
0.0996923
0.09986
0.100026
0.10019
0.100351
0.10051
0.100665
0.100818
0.100968
0.101116
0.101262
0.101405
0.101547
0.101686
0.101824
0.101959
0.102093
0.102225
0.102356
0.102485
0.102611
0.102736
0.10286
0.102981
0.1031
0.103217
0.103332
0.103445
0.103555
0.103663
0.103769
0.10385
0.0158695
0.0490557
0.0760012
0.073309
0.0990647
0.0992042
0.0993604
0.0995248
0.0996923
0.09986
0.100026
0.10019
0.100351
0.10051
0.100665
0.100818
0.100968
0.101116
0.101262
0.101405
0.101547
0.101686
0.101824
0.101959
0.102093
0.102226
0.102356
0.102485
0.102611
0.102737
0.10286
0.102981
0.1031
0.103217
0.103332
0.103445
0.103555
0.103664
0.103769
0.103851
0.0158695
0.0490557
0.0760011
0.0733089
0.0990647
0.0992042
0.0993604
0.0995248
0.0996923
0.09986
0.100026
0.10019
0.100351
0.10051
0.100665
0.100818
0.100968
0.101116
0.101262
0.101405
0.101547
0.101686
0.101824
0.101959
0.102093
0.102226
0.102356
0.102485
0.102612
0.102737
0.10286
0.102981
0.1031
0.103217
0.103332
0.103445
0.103556
0.103664
0.103769
0.103851
0.0158695
0.0490557
0.0760011
0.0733089
0.0990647
0.0992042
0.0993604
0.0995248
0.0996923
0.09986
0.100026
0.10019
0.100351
0.10051
0.100665
0.100818
0.100968
0.101116
0.101262
0.101405
0.101547
0.101686
0.101824
0.101959
0.102093
0.102226
0.102356
0.102485
0.102612
0.102737
0.10286
0.102981
0.1031
0.103217
0.103332
0.103445
0.103556
0.103664
0.103769
0.103851
0.0158695
0.0490557
0.0760012
0.073309
0.0990647
0.0992043
0.0993605
0.0995248
0.0996923
0.09986
0.100026
0.10019
0.100351
0.10051
0.100665
0.100818
0.100968
0.101116
0.101262
0.101405
0.101547
0.101686
0.101824
0.101959
0.102093
0.102226
0.102356
0.102485
0.102612
0.102737
0.10286
0.102981
0.1031
0.103217
0.103332
0.103445
0.103556
0.103664
0.103769
0.103851
0.0158695
0.0490557
0.0760014
0.0733091
0.0990648
0.0992043
0.0993605
0.0995249
0.0996924
0.09986
0.100026
0.10019
0.100351
0.10051
0.100665
0.100818
0.100968
0.101116
0.101262
0.101405
0.101547
0.101686
0.101824
0.101959
0.102093
0.102226
0.102356
0.102485
0.102612
0.102737
0.10286
0.102981
0.1031
0.103218
0.103332
0.103445
0.103556
0.103664
0.10377
0.103851
0.0158696
0.0490558
0.0760016
0.0733092
0.0990648
0.0992043
0.0993605
0.0995249
0.0996924
0.0998601
0.100026
0.10019
0.100351
0.10051
0.100665
0.100818
0.100968
0.101116
0.101262
0.101405
0.101547
0.101686
0.101824
0.101959
0.102093
0.102226
0.102356
0.102485
0.102612
0.102737
0.10286
0.102981
0.1031
0.103218
0.103332
0.103445
0.103556
0.103664
0.10377
0.103851
0.0158696
0.0490559
0.076002
0.0733094
0.0990648
0.0992044
0.0993606
0.0995249
0.0996924
0.0998601
0.100026
0.10019
0.100351
0.10051
0.100665
0.100818
0.100968
0.101116
0.101262
0.101405
0.101547
0.101686
0.101824
0.10196
0.102094
0.102226
0.102356
0.102485
0.102612
0.102737
0.10286
0.102981
0.103101
0.103218
0.103333
0.103445
0.103556
0.103664
0.10377
0.103851
0.0158697
0.049056
0.0760024
0.0733096
0.0990649
0.0992044
0.0993606
0.099525
0.0996925
0.0998602
0.100026
0.10019
0.100351
0.10051
0.100665
0.100818
0.100968
0.101116
0.101262
0.101405
0.101547
0.101686
0.101824
0.10196
0.102094
0.102226
0.102356
0.102485
0.102612
0.102737
0.10286
0.102981
0.103101
0.103218
0.103333
0.103445
0.103556
0.103664
0.10377
0.103851
0.0158699
0.0490562
0.076003
0.0733099
0.0990649
0.0992044
0.0993606
0.099525
0.0996925
0.0998602
0.100026
0.10019
0.100351
0.10051
0.100665
0.100818
0.100968
0.101116
0.101262
0.101405
0.101547
0.101686
0.101824
0.10196
0.102094
0.102226
0.102356
0.102485
0.102612
0.102737
0.10286
0.102981
0.103101
0.103218
0.103333
0.103445
0.103556
0.103664
0.10377
0.103851
0.01587
0.0490564
0.0760037
0.0733102
0.0990649
0.0992044
0.0993606
0.099525
0.0996926
0.0998602
0.100026
0.10019
0.100351
0.10051
0.100665
0.100818
0.100968
0.101116
0.101262
0.101405
0.101547
0.101686
0.101824
0.10196
0.102094
0.102226
0.102356
0.102485
0.102612
0.102737
0.10286
0.102982
0.103101
0.103218
0.103333
0.103446
0.103556
0.103664
0.10377
0.103851
0.0158702
0.0490566
0.0760045
0.0733105
0.099065
0.0992045
0.0993607
0.0995251
0.0996926
0.0998603
0.100027
0.10019
0.100352
0.10051
0.100665
0.100818
0.100969
0.101116
0.101262
0.101406
0.101547
0.101687
0.101824
0.10196
0.102094
0.102226
0.102357
0.102485
0.102612
0.102737
0.10286
0.102982
0.103101
0.103218
0.103333
0.103446
0.103556
0.103664
0.10377
0.103852
0.0158704
0.0490568
0.0760054
0.0733107
0.099065
0.0992046
0.0993608
0.0995252
0.0996927
0.0998604
0.100027
0.10019
0.100352
0.10051
0.100665
0.100818
0.100969
0.101117
0.101262
0.101406
0.101547
0.101687
0.101824
0.10196
0.102094
0.102226
0.102357
0.102485
0.102612
0.102737
0.102861
0.102982
0.103101
0.103218
0.103333
0.103446
0.103556
0.103665
0.10377
0.103852
0.0158707
0.049057
0.0760065
0.0733108
0.099065
0.0992045
0.0993607
0.0995251
0.0996926
0.0998603
0.100027
0.10019
0.100352
0.10051
0.100665
0.100818
0.100969
0.101117
0.101262
0.101406
0.101547
0.101687
0.101824
0.10196
0.102094
0.102226
0.102357
0.102485
0.102612
0.102737
0.102861
0.102982
0.103101
0.103218
0.103333
0.103446
0.103557
0.103665
0.103771
0.103852
0.0158709
0.0490572
0.0760079
0.0733107
0.0990651
0.0992046
0.0993608
0.0995252
0.0996927
0.0998604
0.100027
0.100191
0.100352
0.10051
0.100666
0.100818
0.100969
0.101117
0.101262
0.101406
0.101547
0.101687
0.101824
0.10196
0.102094
0.102226
0.102357
0.102486
0.102612
0.102738
0.102861
0.102982
0.103101
0.103218
0.103333
0.103446
0.103557
0.103665
0.103771
0.103852
0.0158713
0.0490575
0.0760095
0.0733101
0.0990651
0.0992046
0.0993608
0.0995252
0.0996927
0.0998604
0.100027
0.10019
0.100352
0.10051
0.100666
0.100818
0.100969
0.101117
0.101262
0.101406
0.101547
0.101687
0.101824
0.10196
0.102094
0.102227
0.102357
0.102486
0.102613
0.102738
0.102861
0.102982
0.103102
0.103219
0.103334
0.103446
0.103557
0.103665
0.103771
0.103852
0.0158715
0.0490577
0.0760116
0.0733087
0.099065
0.0992046
0.0993608
0.0995252
0.0996927
0.0998604
0.100027
0.10019
0.100352
0.10051
0.100666
0.100818
0.100969
0.101117
0.101262
0.101406
0.101547
0.101687
0.101824
0.10196
0.102094
0.102226
0.102357
0.102486
0.102613
0.102738
0.102861
0.102982
0.103101
0.103219
0.103334
0.103446
0.103557
0.103665
0.103771
0.103852
0.0158719
0.0490581
0.0760146
0.073306
0.0990655
0.099205
0.0993612
0.0995256
0.0996931
0.0998608
0.100027
0.100191
0.100352
0.10051
0.100666
0.100819
0.100969
0.101117
0.101263
0.101406
0.101548
0.101687
0.101825
0.101961
0.102095
0.102227
0.102357
0.102486
0.102613
0.102738
0.102861
0.102983
0.103102
0.103219
0.103334
0.103447
0.103557
0.103666
0.103771
0.103853
0.0158722
0.0490589
0.0760197
0.0733011
0.0990672
0.0992067
0.0993629
0.0995273
0.0996948
0.0998624
0.100029
0.100193
0.100354
0.100512
0.100668
0.10082
0.100971
0.101119
0.101264
0.101408
0.101549
0.101689
0.101826
0.101962
0.102096
0.102229
0.102359
0.102488
0.102615
0.10274
0.102863
0.102984
0.103103
0.103221
0.103336
0.103448
0.103559
0.103667
0.103773
0.103854
0.0158725
0.0490608
0.0760293
0.0732929
0.099077
0.0992164
0.0993725
0.0995368
0.0997043
0.0998719
0.100038
0.100202
0.100363
0.100521
0.100677
0.10083
0.10098
0.101128
0.101273
0.101417
0.101558
0.101698
0.101835
0.101971
0.102105
0.102237
0.102368
0.102496
0.102623
0.102748
0.102871
0.102993
0.103112
0.103229
0.103344
0.103456
0.103567
0.103675
0.103781
0.103862
0.0158728
0.049067
0.0760504
0.0732815
0.0991658
0.0993052
0.0994612
0.0996255
0.0997929
0.0999604
0.100126
0.10029
0.100451
0.100609
0.100765
0.100917
0.101068
0.101215
0.101361
0.101504
0.101645
0.101784
0.101922
0.102058
0.102191
0.102323
0.102454
0.102582
0.102709
0.102834
0.102957
0.103078
0.103197
0.103314
0.103429
0.103541
0.103652
0.10376
0.103865
0.103946
0.015873
0.0490878
0.076087
0.0732669
0.0996868
0.099828
0.099986
0.100152
0.100321
0.10049
0.100658
0.100823
0.100985
0.101145
0.101301
0.101455
0.101607
0.101756
0.101902
0.102046
0.102189
0.102329
0.102468
0.102604
0.102739
0.102872
0.103003
0.103132
0.10326
0.103386
0.10351
0.103632
0.103752
0.103869
0.103985
0.104099
0.10421
0.104318
0.104425
0.104507
0.0158725
0.0486168
0.0753045
0.0729523
0.101579
0.101731
0.1019
0.102076
0.102255
0.102434
0.102611
0.102785
0.102956
0.103124
0.103289
0.103451
0.103609
0.103765
0.103919
0.10407
0.104219
0.104365
0.10451
0.104652
0.104793
0.104931
0.105068
0.105203
0.105335
0.105466
0.105595
0.105721
0.105846
0.105968
0.106088
0.106205
0.106321
0.106433
0.106544
0.106628
0.0157881
0.0434923
0.0662379
0.064131
0.0975593
0.097706
0.0978692
0.0980404
0.0982144
0.0983884
0.0985607
0.0987306
0.0988978
0.0990621
0.0992237
0.0993828
0.0995394
0.0996937
0.0998458
0.0999959
0.100144
0.10029
0.100435
0.100577
0.100718
0.100858
0.100995
0.101131
0.101264
0.101396
0.101526
0.101654
0.10178
0.101903
0.102024
0.102143
0.102259
0.102372
0.102482
0.102566
0.0141092
0.043912
0.0669112
0.0644124
0.0977868
0.0979306
0.0980909
0.0982591
0.0984302
0.0986014
0.0987709
0.0989382
0.0991027
0.0992646
0.0994239
0.0995806
0.0997349
0.0998871
0.100037
0.100185
0.100331
0.100476
0.100618
0.100759
0.100898
0.101036
0.101171
0.101305
0.101437
0.101568
0.101696
0.101823
0.101947
0.102069
0.102188
0.102306
0.10242
0.102532
0.102641
0.102724
0.0141829
0.0438937
0.066881
0.0644252
0.0978401
0.0979842
0.0981448
0.0983134
0.0984848
0.0986563
0.0988262
0.0989937
0.0991586
0.0993207
0.0994802
0.0996372
0.0997917
0.0999441
0.100094
0.100243
0.100389
0.100533
0.100676
0.100817
0.100956
0.101094
0.10123
0.101364
0.101496
0.101626
0.101755
0.101881
0.102005
0.102128
0.102247
0.102364
0.102479
0.102591
0.1027
0.102782
0.0141827
0.0438883
0.0668633
0.0644348
0.0978448
0.0979892
0.09815
0.0983188
0.0984905
0.0986622
0.0988323
0.099
0.0991651
0.0993274
0.0994871
0.0996442
0.099799
0.0999515
0.100102
0.10025
0.100397
0.100542
0.100684
0.100826
0.100965
0.101103
0.101239
0.101373
0.101505
0.101636
0.101764
0.101891
0.102015
0.102138
0.102257
0.102375
0.102489
0.102601
0.102711
0.102793
0.0141825
0.0438865
0.0668551
0.0644416
0.0978437
0.097988
0.098149
0.0983178
0.0984895
0.0986612
0.0988314
0.0989991
0.0991643
0.0993267
0.0994864
0.0996436
0.0997984
0.0999509
0.100101
0.10025
0.100396
0.100541
0.100684
0.100825
0.100965
0.101102
0.101238
0.101373
0.101505
0.101636
0.101764
0.101891
0.102015
0.102138
0.102258
0.102375
0.10249
0.102602
0.102711
0.102793
0.0141822
0.0438858
0.0668507
0.0644456
0.0978426
0.097987
0.0981479
0.0983168
0.0984885
0.0986602
0.0988304
0.0989982
0.0991633
0.0993257
0.0994854
0.0996426
0.0997974
0.09995
0.1001
0.100249
0.100395
0.10054
0.100683
0.100824
0.100964
0.101101
0.101237
0.101372
0.101504
0.101635
0.101763
0.10189
0.102015
0.102137
0.102257
0.102374
0.102489
0.102601
0.10271
0.102793
0.0141818
0.0438854
0.0668479
0.0644477
0.097842
0.0979864
0.0981474
0.0983162
0.098488
0.0986597
0.0988298
0.0989976
0.0991627
0.0993251
0.0994848
0.099642
0.0997968
0.0999494
0.1001
0.100248
0.100395
0.10054
0.100682
0.100824
0.100963
0.101101
0.101237
0.101371
0.101504
0.101634
0.101763
0.101889
0.102014
0.102136
0.102256
0.102373
0.102488
0.1026
0.102709
0.102792
0.0141815
0.0438851
0.0668459
0.0644487
0.0978417
0.0979861
0.0981471
0.0983159
0.0984877
0.0986594
0.0988295
0.0989973
0.0991624
0.0993248
0.0994845
0.0996417
0.0997965
0.099949
0.100099
0.100248
0.100394
0.100539
0.100682
0.100823
0.100963
0.1011
0.101236
0.101371
0.101503
0.101634
0.101762
0.101889
0.102013
0.102136
0.102256
0.102373
0.102488
0.1026
0.102709
0.102791
0.0141812
0.0438848
0.0668444
0.064449
0.0978416
0.097986
0.0981469
0.0983158
0.0984875
0.0986592
0.0988293
0.0989971
0.0991622
0.0993246
0.0994843
0.0996414
0.0997962
0.0999488
0.100099
0.100248
0.100394
0.100539
0.100682
0.100823
0.100962
0.1011
0.101236
0.10137
0.101503
0.101633
0.101762
0.101889
0.102013
0.102135
0.102255
0.102372
0.102487
0.102599
0.102708
0.102791
0.0141808
0.0438845
0.0668431
0.0644489
0.0978414
0.0979858
0.0981468
0.0983156
0.0984873
0.098659
0.0988291
0.0989969
0.099162
0.0993244
0.0994841
0.0996413
0.0997961
0.0999486
0.100099
0.100247
0.100394
0.100539
0.100682
0.100823
0.100962
0.1011
0.101236
0.10137
0.101503
0.101633
0.101762
0.101888
0.102013
0.102135
0.102255
0.102372
0.102487
0.102599
0.102708
0.102791
0.0141805
0.0438843
0.066842
0.0644487
0.0978414
0.0979858
0.0981467
0.0983155
0.0984872
0.0986589
0.098829
0.0989968
0.0991619
0.0993243
0.099484
0.0996411
0.0997959
0.0999485
0.100099
0.100247
0.100394
0.100539
0.100681
0.100823
0.100962
0.1011
0.101236
0.10137
0.101502
0.101633
0.101762
0.101888
0.102013
0.102135
0.102255
0.102372
0.102487
0.102599
0.102708
0.102791
0.0141803
0.0438841
0.0668411
0.0644485
0.0978413
0.0979857
0.0981466
0.0983154
0.0984871
0.0986588
0.0988289
0.0989967
0.0991618
0.0993242
0.0994839
0.099641
0.0997958
0.0999484
0.100099
0.100247
0.100394
0.100538
0.100681
0.100822
0.100962
0.1011
0.101236
0.10137
0.101502
0.101633
0.101762
0.101888
0.102013
0.102135
0.102255
0.102372
0.102487
0.102599
0.102708
0.10279
0.01418
0.0438838
0.0668403
0.0644481
0.0978412
0.0979856
0.0981466
0.0983154
0.0984871
0.0986588
0.0988289
0.0989967
0.0991618
0.0993241
0.0994839
0.099641
0.0997958
0.0999484
0.100099
0.100247
0.100394
0.100538
0.100681
0.100823
0.100962
0.1011
0.101236
0.10137
0.101502
0.101633
0.101762
0.101888
0.102013
0.102135
0.102255
0.102372
0.102487
0.102599
0.102708
0.10279
0.0141798
0.0438836
0.0668396
0.0644478
0.0978412
0.0979856
0.0981465
0.0983153
0.0984871
0.0986588
0.0988289
0.0989966
0.0991617
0.0993241
0.0994838
0.099641
0.0997958
0.0999483
0.100099
0.100247
0.100394
0.100538
0.100681
0.100823
0.100962
0.1011
0.101236
0.10137
0.101502
0.101633
0.101762
0.101888
0.102013
0.102135
0.102255
0.102372
0.102487
0.102599
0.102708
0.10279
0.0141797
0.0438835
0.0668391
0.0644476
0.0978411
0.0979855
0.0981464
0.0983153
0.098487
0.0986587
0.0988288
0.0989966
0.0991617
0.0993241
0.0994838
0.0996409
0.0997957
0.0999483
0.100099
0.100247
0.100394
0.100538
0.100681
0.100823
0.100962
0.1011
0.101236
0.10137
0.101502
0.101633
0.101762
0.101888
0.102013
0.102135
0.102255
0.102372
0.102487
0.102599
0.102708
0.10279
0.0141795
0.0438833
0.0668386
0.0644474
0.097841
0.0979854
0.0981464
0.0983152
0.0984869
0.0986586
0.0988288
0.0989965
0.0991616
0.099324
0.0994837
0.0996409
0.0997957
0.0999483
0.100099
0.100247
0.100394
0.100538
0.100681
0.100823
0.100962
0.1011
0.101236
0.10137
0.101502
0.101633
0.101762
0.101888
0.102013
0.102135
0.102255
0.102372
0.102487
0.102599
0.102708
0.102791
0.0141794
0.0438832
0.0668383
0.0644472
0.097841
0.0979854
0.0981463
0.0983152
0.0984869
0.0986586
0.0988288
0.0989965
0.0991617
0.099324
0.0994838
0.099641
0.0997958
0.0999483
0.100099
0.100247
0.100394
0.100539
0.100681
0.100823
0.100962
0.1011
0.101236
0.10137
0.101503
0.101633
0.101762
0.101888
0.102013
0.102135
0.102255
0.102372
0.102487
0.102599
0.102708
0.102791
0.0141793
0.0438832
0.0668381
0.0644471
0.0978409
0.0979854
0.0981463
0.0983152
0.0984869
0.0986586
0.0988287
0.0989965
0.0991616
0.099324
0.0994838
0.099641
0.0997958
0.0999484
0.100099
0.100247
0.100394
0.100539
0.100681
0.100823
0.100962
0.1011
0.101236
0.10137
0.101503
0.101633
0.101762
0.101889
0.102013
0.102135
0.102255
0.102372
0.102487
0.102599
0.102708
0.102791
0.0141792
0.0438831
0.0668379
0.064447
0.0978409
0.0979853
0.0981463
0.0983152
0.0984869
0.0986586
0.0988287
0.0989965
0.0991616
0.099324
0.0994838
0.099641
0.0997958
0.0999484
0.100099
0.100247
0.100394
0.100539
0.100682
0.100823
0.100962
0.1011
0.101236
0.10137
0.101503
0.101633
0.101762
0.101889
0.102013
0.102135
0.102255
0.102373
0.102487
0.102599
0.102709
0.102791
0.0141792
0.0438831
0.0668378
0.0644469
0.0978409
0.0979854
0.0981463
0.0983152
0.0984869
0.0986586
0.0988288
0.0989965
0.0991617
0.0993241
0.0994838
0.099641
0.0997959
0.0999484
0.100099
0.100247
0.100394
0.100539
0.100682
0.100823
0.100962
0.1011
0.101236
0.10137
0.101503
0.101634
0.101762
0.101889
0.102013
0.102136
0.102255
0.102373
0.102488
0.1026
0.102709
0.102791
0.0141792
0.0438831
0.0668378
0.0644469
0.0978409
0.0979853
0.0981463
0.0983151
0.0984869
0.0986586
0.0988287
0.0989965
0.0991617
0.0993241
0.0994838
0.099641
0.0997958
0.0999484
0.100099
0.100247
0.100394
0.100539
0.100682
0.100823
0.100962
0.1011
0.101236
0.10137
0.101503
0.101634
0.101762
0.101889
0.102013
0.102136
0.102255
0.102373
0.102488
0.1026
0.102709
0.102791
0.0141792
0.0438831
0.0668379
0.064447
0.097841
0.0979854
0.0981463
0.0983152
0.0984869
0.0986586
0.0988288
0.0989966
0.0991617
0.0993241
0.0994838
0.0996411
0.0997959
0.0999485
0.100099
0.100247
0.100394
0.100539
0.100682
0.100823
0.100962
0.1011
0.101236
0.10137
0.101503
0.101634
0.101762
0.101889
0.102013
0.102136
0.102256
0.102373
0.102488
0.1026
0.102709
0.102792
0.0141792
0.0438831
0.0668381
0.0644471
0.097841
0.0979854
0.0981464
0.0983152
0.098487
0.0986587
0.0988288
0.0989966
0.0991618
0.0993242
0.0994839
0.0996411
0.0997959
0.0999485
0.100099
0.100247
0.100394
0.100539
0.100682
0.100823
0.100962
0.1011
0.101236
0.101371
0.101503
0.101634
0.101762
0.101889
0.102014
0.102136
0.102256
0.102373
0.102488
0.1026
0.102709
0.102792
0.0141793
0.0438832
0.0668383
0.0644472
0.097841
0.0979854
0.0981464
0.0983153
0.098487
0.0986587
0.0988288
0.0989966
0.0991618
0.0993242
0.0994839
0.0996411
0.0997959
0.0999485
0.100099
0.100247
0.100394
0.100539
0.100682
0.100823
0.100962
0.1011
0.101236
0.101371
0.101503
0.101634
0.101762
0.101889
0.102014
0.102136
0.102256
0.102373
0.102488
0.1026
0.102709
0.102792
0.0141793
0.0438833
0.0668387
0.0644474
0.0978411
0.0979855
0.0981464
0.0983153
0.098487
0.0986588
0.0988289
0.0989967
0.0991618
0.0993242
0.099484
0.0996412
0.099796
0.0999486
0.100099
0.100248
0.100394
0.100539
0.100682
0.100823
0.100963
0.1011
0.101236
0.101371
0.101503
0.101634
0.101762
0.101889
0.102014
0.102136
0.102256
0.102373
0.102488
0.1026
0.102709
0.102792
0.0141794
0.0438834
0.0668391
0.0644476
0.0978411
0.0979855
0.0981465
0.0983154
0.0984871
0.0986588
0.098829
0.0989968
0.0991619
0.0993243
0.099484
0.0996412
0.099796
0.0999486
0.100099
0.100248
0.100394
0.100539
0.100682
0.100823
0.100963
0.1011
0.101236
0.101371
0.101503
0.101634
0.101762
0.101889
0.102014
0.102136
0.102256
0.102373
0.102488
0.1026
0.102709
0.102792
0.0141795
0.0438836
0.0668396
0.0644479
0.0978412
0.0979856
0.0981465
0.0983154
0.0984872
0.0986589
0.098829
0.0989968
0.0991619
0.0993243
0.0994841
0.0996413
0.0997961
0.0999487
0.100099
0.100248
0.100394
0.100539
0.100682
0.100823
0.100963
0.1011
0.101236
0.101371
0.101503
0.101634
0.101763
0.101889
0.102014
0.102136
0.102256
0.102373
0.102488
0.1026
0.102709
0.102792
0.0141797
0.0438838
0.0668403
0.0644482
0.0978412
0.0979856
0.0981466
0.0983154
0.0984872
0.0986589
0.098829
0.0989968
0.099162
0.0993244
0.0994841
0.0996413
0.0997961
0.0999487
0.100099
0.100248
0.100394
0.100539
0.100682
0.100823
0.100963
0.1011
0.101237
0.101371
0.101503
0.101634
0.101763
0.101889
0.102014
0.102136
0.102256
0.102373
0.102488
0.1026
0.102709
0.102792
0.0141799
0.043884
0.066841
0.0644485
0.0978413
0.0979857
0.0981467
0.0983155
0.0984873
0.098659
0.0988291
0.0989969
0.0991621
0.0993245
0.0994842
0.0996414
0.0997962
0.0999488
0.100099
0.100248
0.100394
0.100539
0.100682
0.100823
0.100963
0.101101
0.101237
0.101371
0.101503
0.101634
0.101763
0.101889
0.102014
0.102136
0.102256
0.102373
0.102488
0.1026
0.10271
0.102792
0.0141801
0.0438842
0.0668419
0.0644488
0.0978413
0.0979858
0.0981467
0.0983156
0.0984873
0.0986591
0.0988292
0.098997
0.0991621
0.0993245
0.0994843
0.0996415
0.0997963
0.0999489
0.100099
0.100248
0.100394
0.100539
0.100682
0.100823
0.100963
0.101101
0.101237
0.101371
0.101504
0.101634
0.101763
0.10189
0.102014
0.102136
0.102256
0.102374
0.102488
0.1026
0.10271
0.102792
0.0141803
0.0438844
0.066843
0.064449
0.0978413
0.0979857
0.0981467
0.0983155
0.0984873
0.098659
0.0988292
0.098997
0.0991621
0.0993245
0.0994842
0.0996414
0.0997963
0.0999489
0.100099
0.100248
0.100394
0.100539
0.100682
0.100823
0.100963
0.101101
0.101237
0.101371
0.101504
0.101634
0.101763
0.101889
0.102014
0.102136
0.102256
0.102374
0.102488
0.1026
0.10271
0.102792
0.0141806
0.0438847
0.0668443
0.064449
0.0978414
0.0979858
0.0981468
0.0983157
0.0984874
0.0986592
0.0988293
0.0989971
0.0991622
0.0993246
0.0994844
0.0996416
0.0997964
0.099949
0.1001
0.100248
0.100395
0.100539
0.100682
0.100824
0.100963
0.101101
0.101237
0.101371
0.101504
0.101634
0.101763
0.10189
0.102014
0.102137
0.102256
0.102374
0.102489
0.102601
0.10271
0.102793
0.0141809
0.043885
0.0668458
0.0644487
0.0978414
0.0979858
0.0981468
0.0983157
0.0984874
0.0986591
0.0988293
0.0989971
0.0991622
0.0993246
0.0994844
0.0996416
0.0997965
0.0999491
0.1001
0.100248
0.100395
0.100539
0.100682
0.100824
0.100963
0.101101
0.101237
0.101371
0.101504
0.101635
0.101763
0.10189
0.102014
0.102137
0.102257
0.102374
0.102489
0.102601
0.10271
0.102793
0.0141812
0.0438853
0.0668478
0.0644477
0.0978415
0.0979859
0.0981468
0.0983157
0.0984874
0.0986591
0.0988293
0.0989971
0.0991622
0.0993247
0.0994844
0.0996417
0.0997965
0.0999491
0.1001
0.100248
0.100395
0.100539
0.100682
0.100824
0.100963
0.101101
0.101237
0.101371
0.101504
0.101635
0.101763
0.10189
0.102014
0.102137
0.102257
0.102374
0.102489
0.102601
0.10271
0.102793
0.0141815
0.0438857
0.0668506
0.0644456
0.0978419
0.0979863
0.0981472
0.0983161
0.0984878
0.0986596
0.0988297
0.0989975
0.0991627
0.0993251
0.0994849
0.0996421
0.0997969
0.0999496
0.1001
0.100249
0.100395
0.10054
0.100683
0.100824
0.100964
0.101102
0.101238
0.101372
0.101504
0.101635
0.101764
0.10189
0.102015
0.102137
0.102257
0.102375
0.102489
0.102601
0.102711
0.102793
0.0141818
0.0438864
0.0668551
0.0644416
0.0978436
0.097988
0.0981489
0.0983178
0.0984895
0.0986612
0.0988314
0.0989992
0.0991643
0.0993267
0.0994865
0.0996437
0.0997986
0.0999512
0.100102
0.10025
0.100397
0.100542
0.100685
0.100826
0.100965
0.101103
0.101239
0.101374
0.101506
0.101637
0.101765
0.101892
0.102017
0.102139
0.102259
0.102376
0.102491
0.102603
0.102712
0.102795
0.0141822
0.0438882
0.0668634
0.0644348
0.0978531
0.0979974
0.0981582
0.098327
0.0984987
0.0986704
0.0988405
0.0990082
0.0991733
0.0993356
0.0994953
0.0996525
0.0998073
0.0999598
0.10011
0.100259
0.100405
0.10055
0.100693
0.100834
0.100973
0.101111
0.101247
0.101381
0.101514
0.101644
0.101773
0.1019
0.102024
0.102146
0.102266
0.102383
0.102498
0.10261
0.102719
0.102802
0.0141825
0.0438937
0.0668811
0.0644253
0.0979384
0.0980827
0.0982435
0.0984122
0.0985838
0.0987554
0.0989253
0.0990929
0.0992579
0.0994201
0.0995796
0.0997366
0.0998912
0.100044
0.100194
0.100342
0.100488
0.100633
0.100776
0.100917
0.101056
0.101194
0.101329
0.101463
0.101596
0.101726
0.101855
0.101981
0.102105
0.102227
0.102347
0.102464
0.102579
0.102691
0.1028
0.102882
0.0141827
0.0439121
0.0669118
0.0644132
0.0984372
0.0985832
0.0987457
0.098916
0.0990891
0.0992621
0.0994333
0.0996022
0.0997683
0.0999315
0.100092
0.10025
0.100406
0.100559
0.10071
0.100859
0.101006
0.101151
0.101295
0.101436
0.101576
0.101714
0.101851
0.101986
0.102118
0.102249
0.102378
0.102505
0.10263
0.102753
0.102873
0.102991
0.103106
0.103218
0.103327
0.10341
0.0141824
0.0434931
0.0662418
0.0641365
0.100241
0.100397
0.10057
0.100751
0.100933
0.101115
0.101296
0.101473
0.101647
0.101818
0.101986
0.102151
0.102313
0.102473
0.10263
0.102785
0.102938
0.103088
0.103237
0.103384
0.103529
0.103672
0.103813
0.103952
0.104089
0.104224
0.104357
0.104488
0.104616
0.104742
0.104866
0.104987
0.105105
0.10522
0.105332
0.105417
0.014107
0.0393442
0.0588409
0.0569099
0.0961851
0.096336
0.0965032
0.096678
0.0968553
0.0970324
0.0972079
0.097381
0.0975516
0.0977196
0.0978852
0.0980484
0.0982094
0.0983683
0.0985254
0.0986805
0.098834
0.0989857
0.0991357
0.099284
0.0994306
0.0995756
0.0997189
0.0998604
0.1
0.100138
0.100273
0.100407
0.100538
0.100667
0.100793
0.100916
0.101036
0.101153
0.101267
0.101351
0.0127827
0.0397215
0.0594218
0.0571599
0.0964238
0.0965717
0.0967359
0.0969077
0.0970821
0.0972564
0.0974292
0.0975997
0.0977678
0.0979333
0.0980965
0.0982575
0.0984163
0.0985731
0.0987281
0.0988812
0.0990327
0.0991825
0.0993306
0.0994772
0.0996221
0.0997653
0.0999069
0.100047
0.100185
0.100321
0.100455
0.100587
0.100717
0.100844
0.100969
0.101091
0.10121
0.101325
0.101438
0.101521
0.0128495
0.0397051
0.0593964
0.0571704
0.0964783
0.0966266
0.0967912
0.0969633
0.0971381
0.0973128
0.0974859
0.0976568
0.0978252
0.0979911
0.0981546
0.0983158
0.0984749
0.098632
0.0987872
0.0989406
0.0990922
0.0992422
0.0993906
0.0995373
0.0996823
0.0998257
0.0999675
0.100107
0.100246
0.100382
0.100516
0.100648
0.100778
0.100906
0.10103
0.101152
0.101271
0.101387
0.101499
0.101583
0.0128492
0.0397002
0.0593813
0.0571785
0.0964828
0.0966313
0.0967961
0.0969685
0.0971436
0.0973185
0.0974918
0.0976629
0.0978315
0.0979976
0.0981613
0.0983227
0.098482
0.0986393
0.0987947
0.0989483
0.0991002
0.0992503
0.0993989
0.0995457
0.099691
0.0998346
0.0999765
0.100117
0.100255
0.100391
0.100526
0.100658
0.100788
0.100916
0.101041
0.101163
0.101282
0.101397
0.10151
0.101594
0.0128489
0.0396985
0.0593742
0.057184
0.0964814
0.09663
0.0967949
0.0969673
0.0971424
0.0973173
0.0974907
0.0976618
0.0978305
0.0979966
0.0981604
0.0983218
0.0984812
0.0986385
0.0987939
0.0989476
0.0990995
0.0992497
0.0993983
0.0995452
0.0996905
0.0998341
0.099976
0.100116
0.100255
0.100391
0.100526
0.100658
0.100788
0.100916
0.10104
0.101163
0.101282
0.101397
0.10151
0.101594
0.0128486
0.0396978
0.0593702
0.0571872
0.0964803
0.0966289
0.0967937
0.0969662
0.0971413
0.0973162
0.0974896
0.0976607
0.0978294
0.0979956
0.0981593
0.0983208
0.0984801
0.0986374
0.0987929
0.0989465
0.0990984
0.0992486
0.0993972
0.0995441
0.0996894
0.099833
0.099975
0.100115
0.100254
0.10039
0.100524
0.100657
0.100787
0.100914
0.101039
0.101161
0.101281
0.101396
0.101509
0.101593
0.0128482
0.0396973
0.0593675
0.0571887
0.0964796
0.0966283
0.0967931
0.0969656
0.0971406
0.0973156
0.097489
0.0976601
0.0978288
0.0979949
0.0981586
0.0983201
0.0984794
0.0986368
0.0987922
0.0989458
0.0990977
0.0992479
0.0993965
0.0995434
0.0996887
0.0998323
0.0999742
0.100114
0.100253
0.100389
0.100524
0.100656
0.100786
0.100914
0.101039
0.101161
0.10128
0.101396
0.101508
0.101592
0.0128479
0.039697
0.0593656
0.0571894
0.0964793
0.0966279
0.0967928
0.0969652
0.0971403
0.0973152
0.0974886
0.0976597
0.0978284
0.0979945
0.0981583
0.0983197
0.0984791
0.0986364
0.0987918
0.0989454
0.0990973
0.0992476
0.0993961
0.099543
0.0996883
0.0998319
0.0999739
0.100114
0.100252
0.100389
0.100523
0.100656
0.100786
0.100913
0.101038
0.10116
0.101279
0.101395
0.101508
0.101591
0.0128475
0.0396967
0.0593641
0.0571895
0.0964791
0.0966277
0.0967926
0.096965
0.0971401
0.097315
0.0974884
0.0976595
0.0978282
0.0979943
0.098158
0.0983195
0.0984788
0.0986361
0.0987916
0.0989452
0.0990971
0.0992473
0.0993958
0.0995428
0.099688
0.0998316
0.0999736
0.100114
0.100252
0.100389
0.100523
0.100655
0.100785
0.100913
0.101038
0.10116
0.101279
0.101395
0.101507
0.101591
0.0128472
0.0396964
0.0593628
0.0571894
0.0964789
0.0966276
0.0967924
0.0969649
0.0971399
0.0973149
0.0974882
0.0976594
0.097828
0.0979941
0.0981579
0.0983193
0.0984786
0.0986359
0.0987914
0.098945
0.0990969
0.0992471
0.0993956
0.0995425
0.0996878
0.0998314
0.0999733
0.100113
0.100252
0.100388
0.100523
0.100655
0.100785
0.100913
0.101038
0.10116
0.101279
0.101394
0.101507
0.101591
0.0128469
0.0396961
0.0593618
0.0571891
0.0964788
0.0966275
0.0967923
0.0969648
0.0971398
0.0973148
0.0974881
0.0976593
0.0978279
0.097994
0.0981577
0.0983192
0.0984785
0.0986358
0.0987912
0.0989449
0.0990968
0.099247
0.0993955
0.0995424
0.0996877
0.0998313
0.0999732
0.100113
0.100252
0.100388
0.100523
0.100655
0.100785
0.100913
0.101037
0.101159
0.101278
0.101394
0.101507
0.101591
0.0128466
0.0396959
0.0593609
0.0571888
0.0964787
0.0966273
0.0967922
0.0969647
0.0971397
0.0973146
0.097488
0.0976591
0.0978278
0.0979939
0.0981576
0.0983191
0.0984784
0.0986357
0.0987911
0.0989447
0.0990966
0.0992468
0.0993954
0.0995423
0.0996875
0.0998311
0.0999731
0.100113
0.100252
0.100388
0.100523
0.100655
0.100785
0.100912
0.101037
0.101159
0.101278
0.101394
0.101507
0.10159
0.0128464
0.0396957
0.0593601
0.0571884
0.0964786
0.0966273
0.0967921
0.0969646
0.0971396
0.0973146
0.0974879
0.0976591
0.0978277
0.0979938
0.0981576
0.098319
0.0984783
0.0986356
0.0987911
0.0989447
0.0990966
0.0992468
0.0993953
0.0995422
0.0996875
0.0998311
0.0999731
0.100113
0.100252
0.100388
0.100523
0.100655
0.100785
0.100912
0.101037
0.101159
0.101278
0.101394
0.101507
0.10159
0.0128462
0.0396955
0.0593595
0.0571881
0.0964786
0.0966272
0.0967921
0.0969645
0.0971396
0.0973145
0.0974879
0.097659
0.0978277
0.0979938
0.0981575
0.098319
0.0984783
0.0986356
0.0987911
0.0989447
0.0990966
0.0992468
0.0993954
0.0995423
0.0996876
0.0998312
0.0999731
0.100113
0.100252
0.100388
0.100523
0.100655
0.100785
0.100913
0.101037
0.10116
0.101279
0.101394
0.101507
0.101591
0.012846
0.0396953
0.059359
0.0571878
0.0964785
0.0966271
0.096792
0.0969644
0.0971395
0.0973145
0.0974878
0.097659
0.0978276
0.0979937
0.0981575
0.0983189
0.0984783
0.0986356
0.098791
0.0989447
0.0990966
0.0992468
0.0993953
0.0995423
0.0996875
0.0998312
0.0999731
0.100113
0.100252
0.100388
0.100523
0.100655
0.100785
0.100913
0.101037
0.10116
0.101279
0.101394
0.101507
0.101591
0.0128459
0.0396952
0.0593586
0.0571876
0.0964784
0.096627
0.0967919
0.0969643
0.0971394
0.0973144
0.0974877
0.0976589
0.0978275
0.0979937
0.0981574
0.0983189
0.0984782
0.0986355
0.0987909
0.0989446
0.0990965
0.0992467
0.0993953
0.0995422
0.0996875
0.0998311
0.0999731
0.100113
0.100252
0.100388
0.100523
0.100655
0.100785
0.100913
0.101037
0.10116
0.101279
0.101394
0.101507
0.101591
0.0128458
0.0396951
0.0593583
0.0571875
0.0964784
0.096627
0.0967919
0.0969643
0.0971394
0.0973143
0.0974877
0.0976589
0.0978275
0.0979937
0.0981574
0.0983189
0.0984782
0.0986355
0.098791
0.0989446
0.0990965
0.0992468
0.0993953
0.0995423
0.0996875
0.0998312
0.0999731
0.100113
0.100252
0.100388
0.100523
0.100655
0.100785
0.100913
0.101038
0.10116
0.101279
0.101395
0.101507
0.101591
0.0128457
0.039695
0.0593581
0.0571873
0.0964783
0.0966269
0.0967918
0.0969643
0.0971393
0.0973143
0.0974877
0.0976588
0.0978275
0.0979936
0.0981574
0.0983189
0.0984782
0.0986355
0.098791
0.0989447
0.0990966
0.0992468
0.0993954
0.0995423
0.0996876
0.0998313
0.0999732
0.100113
0.100252
0.100388
0.100523
0.100655
0.100785
0.100913
0.101038
0.10116
0.101279
0.101395
0.101507
0.101591
0.0128457
0.0396949
0.059358
0.0571873
0.0964783
0.0966269
0.0967918
0.0969643
0.0971393
0.0973143
0.0974877
0.0976588
0.0978275
0.0979936
0.0981574
0.0983189
0.0984782
0.0986356
0.098791
0.0989447
0.0990966
0.0992469
0.0993954
0.0995424
0.0996877
0.0998313
0.0999733
0.100114
0.100252
0.100388
0.100523
0.100655
0.100785
0.100913
0.101038
0.10116
0.101279
0.101395
0.101507
0.101591
0.0128456
0.0396949
0.0593579
0.0571872
0.0964783
0.0966269
0.0967918
0.0969643
0.0971394
0.0973143
0.0974877
0.0976589
0.0978275
0.0979937
0.0981574
0.0983189
0.0984783
0.0986356
0.0987911
0.0989448
0.0990967
0.099247
0.0993955
0.0995425
0.0996878
0.0998315
0.0999734
0.100114
0.100252
0.100389
0.100523
0.100655
0.100786
0.100913
0.101038
0.10116
0.101279
0.101395
0.101508
0.101591
0.0128456
0.0396949
0.0593579
0.0571872
0.0964783
0.0966269
0.0967918
0.0969642
0.0971393
0.0973143
0.0974877
0.0976588
0.0978275
0.0979937
0.0981574
0.0983189
0.0984783
0.0986356
0.0987911
0.0989447
0.0990967
0.0992469
0.0993955
0.0995425
0.0996878
0.0998314
0.0999734
0.100114
0.100252
0.100389
0.100523
0.100655
0.100786
0.100913
0.101038
0.10116
0.101279
0.101395
0.101508
0.101591
0.0128456
0.0396949
0.059358
0.0571873
0.0964783
0.0966269
0.0967918
0.0969643
0.0971394
0.0973143
0.0974877
0.0976589
0.0978276
0.0979937
0.0981575
0.098319
0.0984783
0.0986357
0.0987911
0.0989448
0.0990967
0.099247
0.0993956
0.0995425
0.0996879
0.0998315
0.0999735
0.100114
0.100252
0.100389
0.100523
0.100656
0.100786
0.100913
0.101038
0.10116
0.101279
0.101395
0.101508
0.101592
0.0128456
0.039695
0.0593581
0.0571874
0.0964783
0.096627
0.0967919
0.0969643
0.0971394
0.0973144
0.0974878
0.0976589
0.0978276
0.0979938
0.0981575
0.098319
0.0984784
0.0986357
0.0987912
0.0989449
0.0990968
0.0992471
0.0993957
0.0995426
0.0996879
0.0998316
0.0999736
0.100114
0.100252
0.100389
0.100523
0.100656
0.100786
0.100913
0.101038
0.10116
0.101279
0.101395
0.101508
0.101592
0.0128457
0.039695
0.0593584
0.0571875
0.0964784
0.096627
0.0967919
0.0969644
0.0971395
0.0973144
0.0974878
0.097659
0.0978276
0.0979938
0.0981576
0.0983191
0.0984784
0.0986358
0.0987912
0.0989449
0.0990968
0.0992471
0.0993957
0.0995426
0.099688
0.0998316
0.0999736
0.100114
0.100252
0.100389
0.100523
0.100656
0.100786
0.100913
0.101038
0.10116
0.10128
0.101395
0.101508
0.101592
0.0128457
0.0396951
0.0593587
0.0571877
0.0964784
0.0966271
0.0967919
0.0969644
0.0971395
0.0973145
0.0974879
0.097659
0.0978277
0.0979939
0.0981576
0.0983191
0.0984785
0.0986358
0.0987913
0.098945
0.0990969
0.0992472
0.0993958
0.0995427
0.0996881
0.0998317
0.0999737
0.100114
0.100252
0.100389
0.100523
0.100656
0.100786
0.100913
0.101038
0.101161
0.10128
0.101396
0.101508
0.101592
0.0128458
0.0396953
0.0593591
0.0571879
0.0964785
0.0966271
0.096792
0.0969645
0.0971396
0.0973146
0.097488
0.0976591
0.0978278
0.097994
0.0981577
0.0983192
0.0984785
0.0986359
0.0987914
0.098945
0.099097
0.0992472
0.0993958
0.0995428
0.0996881
0.0998318
0.0999738
0.100114
0.100252
0.100389
0.100523
0.100656
0.100786
0.100914
0.101038
0.101161
0.10128
0.101396
0.101508
0.101592
0.0128459
0.0396954
0.0593596
0.0571882
0.0964786
0.0966272
0.0967921
0.0969646
0.0971397
0.0973146
0.097488
0.0976592
0.0978279
0.097994
0.0981578
0.0983193
0.0984786
0.098636
0.0987914
0.0989451
0.0990971
0.0992473
0.0993959
0.0995429
0.0996882
0.0998318
0.0999738
0.100114
0.100252
0.100389
0.100524
0.100656
0.100786
0.100914
0.101039
0.101161
0.10128
0.101396
0.101508
0.101592
0.0128461
0.0396956
0.0593602
0.0571885
0.0964786
0.0966272
0.0967921
0.0969646
0.0971397
0.0973147
0.0974881
0.0976592
0.0978279
0.0979941
0.0981578
0.0983193
0.0984787
0.098636
0.0987915
0.0989452
0.0990971
0.0992474
0.099396
0.0995429
0.0996883
0.0998319
0.0999739
0.100114
0.100253
0.100389
0.100524
0.100656
0.100786
0.100914
0.101039
0.101161
0.10128
0.101396
0.101508
0.101592
0.0128462
0.0396958
0.0593609
0.0571888
0.0964787
0.0966274
0.0967922
0.0969647
0.0971398
0.0973148
0.0974882
0.0976593
0.097828
0.0979942
0.0981579
0.0983194
0.0984788
0.0986362
0.0987916
0.0989453
0.0990972
0.0992475
0.0993961
0.0995431
0.0996884
0.0998321
0.099974
0.100114
0.100253
0.100389
0.100524
0.100656
0.100786
0.100914
0.101039
0.101161
0.10128
0.101396
0.101508
0.101592
0.0128464
0.0396961
0.0593618
0.0571892
0.0964788
0.0966274
0.0967923
0.0969648
0.0971399
0.0973149
0.0974883
0.0976594
0.0978281
0.0979942
0.098158
0.0983195
0.0984788
0.0986362
0.0987917
0.0989454
0.0990973
0.0992476
0.0993962
0.0995431
0.0996884
0.0998321
0.0999741
0.100114
0.100253
0.100389
0.100524
0.100656
0.100786
0.100914
0.101039
0.101161
0.10128
0.101396
0.101508
0.101592
0.0128467
0.0396963
0.0593628
0.0571894
0.0964788
0.0966274
0.0967923
0.0969648
0.0971399
0.0973148
0.0974882
0.0976594
0.0978281
0.0979942
0.098158
0.0983195
0.0984788
0.0986362
0.0987917
0.0989454
0.0990973
0.0992476
0.0993962
0.0995431
0.0996885
0.0998321
0.0999741
0.100114
0.100253
0.100389
0.100524
0.100656
0.100786
0.100914
0.101039
0.101161
0.10128
0.101396
0.101509
0.101592
0.0128469
0.0396966
0.059364
0.0571895
0.0964789
0.0966276
0.0967925
0.0969649
0.09714
0.097315
0.0974884
0.0976596
0.0978283
0.0979944
0.0981582
0.0983197
0.0984791
0.0986364
0.0987919
0.0989456
0.0990976
0.0992478
0.0993965
0.0995434
0.0996888
0.0998324
0.0999744
0.100115
0.100253
0.10039
0.100524
0.100657
0.100787
0.100914
0.101039
0.101161
0.101281
0.101396
0.101509
0.101593
0.0128472
0.0396969
0.0593655
0.0571894
0.096479
0.0966276
0.0967925
0.096965
0.0971401
0.097315
0.0974884
0.0976596
0.0978283
0.0979945
0.0981582
0.0983197
0.0984791
0.0986365
0.098792
0.0989456
0.0990976
0.0992479
0.0993965
0.0995434
0.0996888
0.0998324
0.0999744
0.100115
0.100253
0.10039
0.100524
0.100656
0.100787
0.100914
0.101039
0.101161
0.10128
0.101396
0.101509
0.101593
0.0128475
0.0396972
0.0593674
0.0571887
0.096479
0.0966277
0.0967925
0.096965
0.0971401
0.0973151
0.0974885
0.0976597
0.0978284
0.0979945
0.0981583
0.0983198
0.0984792
0.0986366
0.0987921
0.0989458
0.0990978
0.099248
0.0993967
0.0995437
0.099689
0.0998327
0.0999747
0.100115
0.100253
0.10039
0.100524
0.100657
0.100787
0.100915
0.10104
0.101162
0.101281
0.101397
0.101509
0.101593
0.0128479
0.0396977
0.0593701
0.0571871
0.0964795
0.0966281
0.096793
0.0969655
0.0971406
0.0973156
0.097489
0.0976601
0.0978288
0.097995
0.0981588
0.0983203
0.0984797
0.0986371
0.0987926
0.0989462
0.0990982
0.0992485
0.0993971
0.0995441
0.0996894
0.0998331
0.0999751
0.100115
0.100254
0.10039
0.100525
0.100657
0.100787
0.100915
0.10104
0.101162
0.101281
0.101397
0.10151
0.101593
0.0128482
0.0396984
0.0593742
0.057184
0.0964813
0.0966299
0.0967947
0.0969672
0.0971423
0.0973172
0.0974906
0.0976618
0.0978305
0.0979966
0.0981604
0.0983219
0.0984813
0.0986386
0.0987941
0.0989478
0.0990998
0.09925
0.0993986
0.0995456
0.0996909
0.0998346
0.0999766
0.100117
0.100255
0.100392
0.100526
0.100659
0.100789
0.100916
0.101041
0.101164
0.101283
0.101399
0.101511
0.101595
0.0128486
0.0397001
0.0593813
0.0571785
0.0964904
0.096639
0.0968037
0.0969762
0.0971512
0.0973261
0.0974995
0.0976706
0.0978392
0.0980053
0.098169
0.0983304
0.0984898
0.0986471
0.0988025
0.0989561
0.099108
0.0992582
0.0994067
0.0995536
0.0996989
0.0998425
0.0999844
0.100125
0.100263
0.100399
0.100534
0.100666
0.100796
0.100924
0.101049
0.101171
0.10129
0.101406
0.101518
0.101602
0.0128489
0.039705
0.0593964
0.0571705
0.0965721
0.0967205
0.0968852
0.0970576
0.0972325
0.0974073
0.0975805
0.0977515
0.0979199
0.0980859
0.0982494
0.0984106
0.0985698
0.0987269
0.0988821
0.0990355
0.0991872
0.0993372
0.0994855
0.0996322
0.0997773
0.0999207
0.100062
0.100202
0.100341
0.100477
0.100611
0.100743
0.100873
0.101
0.101125
0.101247
0.101366
0.101481
0.101594
0.101677
0.0128491
0.0397215
0.0594224
0.0571606
0.0970461
0.0971962
0.0973624
0.0975362
0.0977124
0.0978883
0.0980626
0.0982346
0.0984039
0.0985707
0.098735
0.0988969
0.0990567
0.0992144
0.0993701
0.099524
0.0996762
0.0998266
0.0999753
0.100122
0.100268
0.100412
0.100554
0.100694
0.100832
0.100969
0.101103
0.101236
0.101366
0.101493
0.101618
0.10174
0.101859
0.101975
0.102087
0.10217
0.0128489
0.039345
0.0588446
0.0569151
0.096723
0.0988906
0.0990892
0.0992723
0.0994575
0.099642
0.0998244
0.100004
0.100181
0.100354
0.100525
0.100693
0.100859
0.101022
0.101183
0.101342
0.101499
0.101654
0.101807
0.101959
0.102108
0.102256
0.102401
0.102545
0.102687
0.102827
0.102964
0.103099
0.103232
0.103362
0.103489
0.103613
0.103734
0.103852
0.103965
0.104049
0.0127808
0.0360523
0.0528594
0.0510479
0.0852859
0.0876161
0.0903618
0.0934479
0.0953172
0.0954963
0.095674
0.0958496
0.0960229
0.0961942
0.0963633
0.0965305
0.0966958
0.0968595
0.0970215
0.0971819
0.0973407
0.0974981
0.0976538
0.0978081
0.0979607
0.0981118
0.0982611
0.0984088
0.0985545
0.0986983
0.09884
0.0989793
0.0991162
0.0992503
0.0993814
0.0995091
0.0996333
0.0997536
0.0998696
0.0999545
0.011763
0.0363954
0.0533646
0.0512722
0.0856877
0.0880525
0.0908215
0.0939277
0.0955566
0.095733
0.095908
0.096081
0.096252
0.0964209
0.0965877
0.0967528
0.096916
0.0970776
0.0972376
0.0973961
0.0975531
0.0977086
0.0978626
0.0980151
0.0981661
0.0983155
0.0984632
0.0986092
0.0987535
0.0988957
0.0990359
0.0991739
0.0993093
0.0994421
0.0995718
0.0996983
0.0998213
0.0999403
0.100055
0.100139
0.0118244
0.0363806
0.053343
0.0512808
0.0857026
0.0880732
0.0908485
0.0939602
0.095614
0.0957908
0.0959662
0.0961397
0.096311
0.0964802
0.0966475
0.0968128
0.0969764
0.0971383
0.0972986
0.0974574
0.0976146
0.0977704
0.0979246
0.0980773
0.0982285
0.0983781
0.098526
0.0986722
0.0988166
0.098959
0.0990994
0.0992374
0.099373
0.0995059
0.0996358
0.0997623
0.0998854
0.100004
0.100119
0.100203
0.0118241
0.0363761
0.05333
0.0512874
0.0856961
0.0880646
0.0908399
0.0939522
0.0956191
0.0957961
0.0959717
0.0961454
0.096317
0.0964864
0.0966539
0.0968194
0.0969832
0.0971454
0.0973059
0.0974648
0.0976223
0.0977782
0.0979326
0.0980855
0.0982369
0.0983866
0.0985347
0.0986811
0.0988257
0.0989683
0.0991088
0.099247
0.0993827
0.0995157
0.0996458
0.0997725
0.0998957
0.100015
0.10013
0.100214
0.0118237
0.0363745
0.0533236
0.0512919
0.0856924
0.0880587
0.0908331
0.093945
0.0956177
0.0957947
0.0959704
0.0961441
0.0963157
0.0964852
0.0966527
0.0968183
0.0969821
0.0971443
0.0973048
0.0974638
0.0976213
0.0977772
0.0979317
0.0980846
0.098236
0.0983858
0.0985339
0.0986804
0.0988249
0.0989676
0.0991081
0.0992464
0.0993821
0.0995152
0.0996452
0.099772
0.0998952
0.100015
0.10013
0.100214
0.0118233
0.0363737
0.0533198
0.0512943
0.0856894
0.0880543
0.0908278
0.0939389
0.0956164
0.0957935
0.0959691
0.0961428
0.0963144
0.0964839
0.0966514
0.096817
0.0969808
0.097143
0.0973035
0.0974625
0.09762
0.097776
0.0979304
0.0980833
0.0982347
0.0983845
0.0985327
0.0986791
0.0988237
0.0989663
0.0991068
0.0992451
0.0993809
0.0995139
0.099644
0.0997708
0.0998939
0.100013
0.100128
0.100213
0.0118229
0.0363732
0.0533173
0.0512954
0.0856867
0.0880509
0.0908234
0.0939339
0.0956157
0.0957928
0.0959684
0.0961421
0.0963137
0.0964832
0.0966506
0.0968162
0.09698
0.0971422
0.0973027
0.0974617
0.0976192
0.0977751
0.0979296
0.0980825
0.0982339
0.0983837
0.0985318
0.0986782
0.0988228
0.0989654
0.0991059
0.0992442
0.09938
0.099513
0.0996431
0.0997698
0.099893
0.100012
0.100127
0.100212
0.0118225
0.0363728
0.0533154
0.0512958
0.0856842
0.0880478
0.0908198
0.0939298
0.0956153
0.0957923
0.095968
0.0961417
0.0963133
0.0964827
0.0966502
0.0968158
0.0969796
0.0971417
0.0973023
0.0974613
0.0976187
0.0977747
0.0979291
0.098082
0.0982334
0.0983832
0.0985313
0.0986777
0.0988223
0.0989649
0.0991055
0.0992437
0.0993795
0.0995125
0.0996426
0.0997693
0.0998925
0.100012
0.100127
0.100211
0.0118222
0.0363725
0.0533139
0.0512957
0.0856819
0.0880452
0.0908169
0.0939266
0.095615
0.0957921
0.0959677
0.0961414
0.096313
0.0964825
0.0966499
0.0968155
0.0969793
0.0971415
0.097302
0.097461
0.0976185
0.0977744
0.0979289
0.0980818
0.0982332
0.098383
0.0985311
0.0986775
0.0988221
0.0989647
0.0991052
0.0992435
0.0993792
0.0995123
0.0996423
0.0997691
0.0998923
0.100012
0.100127
0.100211
0.0118218
0.0363722
0.0533127
0.0512955
0.0856799
0.088043
0.0908145
0.0939239
0.0956149
0.0957919
0.0959676
0.0961413
0.0963128
0.0964823
0.0966498
0.0968154
0.0969792
0.0971413
0.0973019
0.0974608
0.0976183
0.0977743
0.0979287
0.0980816
0.098233
0.0983828
0.0985309
0.0986773
0.0988219
0.0989645
0.099105
0.0992433
0.0993791
0.0995121
0.0996421
0.0997689
0.0998921
0.100011
0.100126
0.100211
0.0118216
0.0363719
0.0533117
0.0512952
0.0856781
0.0880412
0.0908125
0.0939218
0.0956148
0.0957918
0.0959674
0.0961411
0.0963127
0.0964822
0.0966497
0.0968153
0.0969791
0.0971412
0.0973018
0.0974607
0.0976182
0.0977742
0.0979286
0.0980815
0.0982329
0.0983827
0.0985308
0.0986772
0.0988218
0.0989645
0.099105
0.0992432
0.099379
0.099512
0.0996421
0.0997689
0.099892
0.100011
0.100126
0.100211
0.0118213
0.0363716
0.0533108
0.0512948
0.0856766
0.0880397
0.0908109
0.0939201
0.0956146
0.0957917
0.0959673
0.096141
0.0963126
0.0964821
0.0966495
0.0968151
0.0969789
0.0971411
0.0973016
0.0974606
0.0976181
0.097774
0.0979285
0.0980814
0.0982328
0.0983826
0.0985307
0.0986772
0.0988217
0.0989644
0.0991049
0.0992432
0.0993789
0.099512
0.099642
0.0997688
0.0998919
0.100011
0.100126
0.10021
0.0118211
0.0363714
0.0533101
0.0512945
0.0856754
0.0880384
0.0908095
0.0939187
0.0956145
0.0957916
0.0959672
0.0961409
0.0963125
0.096482
0.0966494
0.096815
0.0969788
0.097141
0.0973015
0.0974605
0.097618
0.0977739
0.0979284
0.0980813
0.0982327
0.0983825
0.0985307
0.0986771
0.0988217
0.0989643
0.0991048
0.0992431
0.0993789
0.0995119
0.099642
0.0997687
0.0998919
0.100011
0.100126
0.10021
0.0118209
0.0363712
0.0533096
0.0512942
0.0856744
0.0880373
0.0908085
0.0939176
0.0956144
0.0957915
0.0959671
0.0961409
0.0963124
0.0964819
0.0966494
0.096815
0.0969788
0.0971409
0.0973015
0.0974605
0.0976179
0.0977739
0.0979284
0.0980813
0.0982327
0.0983825
0.0985307
0.0986771
0.0988217
0.0989644
0.0991049
0.0992432
0.0993789
0.099512
0.0996421
0.0997688
0.099892
0.100011
0.100126
0.100211
0.0118207
0.0363711
0.0533091
0.0512939
0.0856735
0.0880365
0.0908077
0.0939167
0.0956144
0.0957914
0.0959671
0.0961408
0.0963124
0.0964818
0.0966493
0.0968149
0.0969787
0.0971409
0.0973014
0.0974604
0.0976179
0.0977739
0.0979283
0.0980813
0.0982327
0.0983825
0.0985307
0.0986771
0.0988217
0.0989643
0.0991049
0.0992432
0.0993789
0.099512
0.0996421
0.0997689
0.099892
0.100011
0.100126
0.100211
0.0118206
0.0363709
0.0533088
0.0512937
0.0856729
0.0880359
0.090807
0.0939161
0.0956142
0.0957913
0.0959669
0.0961406
0.0963122
0.0964817
0.0966492
0.0968148
0.0969786
0.0971407
0.0973013
0.0974603
0.0976178
0.0977737
0.0979282
0.0980812
0.0982326
0.0983824
0.0985305
0.098677
0.0988216
0.0989642
0.0991048
0.099243
0.0993788
0.0995119
0.0996419
0.0997687
0.0998919
0.100011
0.100126
0.10021
0.0118205
0.0363708
0.0533085
0.0512935
0.0856724
0.0880354
0.0908065
0.0939155
0.0956142
0.0957912
0.0959669
0.0961406
0.0963122
0.0964817
0.0966491
0.0968147
0.0969786
0.0971407
0.0973013
0.0974603
0.0976177
0.0977737
0.0979282
0.0980811
0.0982325
0.0983823
0.0985305
0.0986769
0.0988215
0.0989642
0.0991047
0.099243
0.0993788
0.0995119
0.0996419
0.0997687
0.0998919
0.100011
0.100126
0.10021
0.0118204
0.0363707
0.0533083
0.0512934
0.0856721
0.0880351
0.0908062
0.0939151
0.0956141
0.0957912
0.0959668
0.0961406
0.0963122
0.0964816
0.0966491
0.0968147
0.0969785
0.0971407
0.0973013
0.0974603
0.0976178
0.0977737
0.0979282
0.0980812
0.0982326
0.0983824
0.0985306
0.098677
0.0988216
0.0989643
0.0991048
0.0992431
0.0993789
0.099512
0.099642
0.0997688
0.099892
0.100011
0.100126
0.100211
0.0118204
0.0363707
0.0533082
0.0512933
0.0856719
0.0880349
0.0908059
0.0939148
0.0956141
0.0957912
0.0959668
0.0961405
0.0963121
0.0964816
0.0966491
0.0968147
0.0969785
0.0971407
0.0973013
0.0974603
0.0976178
0.0977738
0.0979283
0.0980812
0.0982326
0.0983824
0.0985306
0.098677
0.0988217
0.0989643
0.0991049
0.0992432
0.099379
0.099512
0.0996421
0.0997689
0.0998921
0.100011
0.100127
0.100211
0.0118203
0.0363707
0.0533081
0.0512933
0.0856718
0.0880347
0.0908057
0.0939146
0.0956141
0.0957912
0.0959669
0.0961406
0.0963122
0.0964817
0.0966492
0.0968148
0.0969786
0.0971408
0.0973014
0.0974604
0.0976179
0.0977739
0.0979284
0.0980813
0.0982327
0.0983826
0.0985307
0.0986772
0.0988218
0.0989644
0.099105
0.0992433
0.0993791
0.0995122
0.0996423
0.0997691
0.0998923
0.100012
0.100127
0.100211
0.0118203
0.0363707
0.0533081
0.0512933
0.0856718
0.0880347
0.0908057
0.0939146
0.0956141
0.0957912
0.0959668
0.0961405
0.0963121
0.0964816
0.0966491
0.0968147
0.0969786
0.0971407
0.0973013
0.0974603
0.0976178
0.0977738
0.0979283
0.0980813
0.0982327
0.0983825
0.0985307
0.0986771
0.0988217
0.0989644
0.099105
0.0992432
0.099379
0.0995121
0.0996422
0.099769
0.0998922
0.100012
0.100127
0.100211
0.0118203
0.0363707
0.0533082
0.0512934
0.0856719
0.0880348
0.0908058
0.0939147
0.0956141
0.0957912
0.0959669
0.0961406
0.0963122
0.0964817
0.0966492
0.0968148
0.0969786
0.0971408
0.0973014
0.0974604
0.0976179
0.0977739
0.0979284
0.0980813
0.0982328
0.0983826
0.0985308
0.0986772
0.0988218
0.0989645
0.099105
0.0992433
0.0993791
0.0995122
0.0996423
0.0997691
0.0998923
0.100012
0.100127
0.100211
0.0118204
0.0363707
0.0533083
0.0512934
0.0856722
0.088035
0.090806
0.0939149
0.0956142
0.0957912
0.0959669
0.0961406
0.0963122
0.0964817
0.0966492
0.0968148
0.0969787
0.0971409
0.0973015
0.0974605
0.097618
0.097774
0.0979285
0.0980814
0.0982328
0.0983827
0.0985308
0.0986773
0.0988219
0.0989646
0.0991051
0.0992434
0.0993792
0.0995123
0.0996424
0.0997692
0.0998924
0.100012
0.100127
0.100211
0.0118204
0.0363708
0.0533086
0.0512936
0.0856725
0.0880354
0.0908063
0.0939153
0.0956142
0.0957913
0.095967
0.0961407
0.0963123
0.0964818
0.0966493
0.0968149
0.0969787
0.0971409
0.0973015
0.0974605
0.097618
0.097774
0.0979285
0.0980815
0.0982329
0.0983827
0.0985309
0.0986773
0.098822
0.0989646
0.0991052
0.0992435
0.0993793
0.0995124
0.0996425
0.0997693
0.0998925
0.100012
0.100127
0.100211
0.0118204
0.0363709
0.0533088
0.0512937
0.085673
0.0880358
0.0908069
0.0939159
0.0956143
0.0957914
0.095967
0.0961408
0.0963124
0.0964819
0.0966494
0.096815
0.0969789
0.097141
0.0973016
0.0974606
0.0976181
0.0977741
0.0979286
0.0980816
0.098233
0.0983828
0.098531
0.0986775
0.0988221
0.0989647
0.0991053
0.0992436
0.0993794
0.0995125
0.0996426
0.0997694
0.0998926
0.100012
0.100127
0.100211
0.0118205
0.0363711
0.0533092
0.0512939
0.0856736
0.0880365
0.0908075
0.0939166
0.0956144
0.0957915
0.0959671
0.0961409
0.0963125
0.096482
0.0966495
0.0968151
0.096979
0.0971411
0.0973017
0.0974607
0.0976182
0.0977742
0.0979287
0.0980817
0.0982331
0.0983829
0.0985311
0.0986776
0.0988222
0.0989649
0.0991054
0.0992437
0.0993795
0.0995126
0.0996427
0.0997695
0.0998927
0.100012
0.100127
0.100211
0.0118206
0.0363712
0.0533096
0.0512942
0.0856745
0.0880374
0.0908084
0.0939174
0.0956145
0.0957916
0.0959672
0.096141
0.0963126
0.0964821
0.0966496
0.0968152
0.0969791
0.0971412
0.0973018
0.0974608
0.0976184
0.0977744
0.0979288
0.0980818
0.0982332
0.0983831
0.0985312
0.0986777
0.0988223
0.098965
0.0991056
0.0992438
0.0993797
0.0995127
0.0996428
0.0997697
0.0998929
0.100012
0.100127
0.100212
0.0118208
0.0363714
0.0533102
0.0512945
0.0856755
0.0880384
0.0908095
0.0939185
0.0956145
0.0957916
0.0959673
0.096141
0.0963126
0.0964821
0.0966496
0.0968153
0.0969791
0.0971413
0.0973019
0.0974609
0.0976184
0.0977744
0.0979289
0.0980819
0.0982333
0.0983831
0.0985313
0.0986778
0.0988224
0.0989651
0.0991057
0.0992439
0.0993798
0.0995129
0.099643
0.0997698
0.099893
0.100012
0.100127
0.100212
0.0118209
0.0363716
0.0533108
0.0512948
0.0856768
0.0880397
0.0908108
0.0939199
0.0956147
0.0957917
0.0959674
0.0961412
0.0963128
0.0964823
0.0966498
0.0968154
0.0969793
0.0971415
0.097302
0.0974611
0.0976186
0.0977746
0.0979291
0.098082
0.0982335
0.0983833
0.0985315
0.0986779
0.0988226
0.0989652
0.0991058
0.0992441
0.0993799
0.099513
0.0996431
0.0997699
0.0998931
0.100012
0.100128
0.100212
0.0118211
0.0363718
0.0533117
0.0512952
0.0856783
0.0880413
0.0908124
0.0939217
0.0956148
0.0957918
0.0959675
0.0961413
0.0963129
0.0964824
0.0966499
0.0968155
0.0969794
0.0971415
0.0973021
0.0974612
0.0976187
0.0977747
0.0979292
0.0980821
0.0982336
0.0983834
0.0985316
0.098678
0.0988227
0.0989653
0.0991059
0.0992442
0.09938
0.0995131
0.0996432
0.09977
0.0998932
0.100013
0.100128
0.100212
0.0118213
0.0363721
0.0533127
0.0512955
0.0856801
0.0880432
0.0908144
0.0939238
0.0956148
0.0957919
0.0959676
0.0961413
0.0963129
0.0964824
0.0966499
0.0968156
0.0969794
0.0971416
0.0973022
0.0974612
0.0976188
0.0977748
0.0979293
0.0980823
0.0982337
0.0983835
0.0985317
0.0986782
0.0988228
0.0989655
0.0991061
0.0992444
0.0993803
0.0995134
0.0996435
0.0997703
0.0998935
0.100013
0.100128
0.100212
0.0118216
0.0363724
0.0533139
0.0512957
0.0856821
0.0880454
0.0908169
0.0939265
0.095615
0.0957921
0.0959678
0.0961415
0.0963132
0.0964827
0.0966502
0.0968158
0.0969797
0.0971419
0.0973025
0.0974615
0.097619
0.097775
0.0979295
0.0980825
0.0982339
0.0983837
0.0985319
0.0986784
0.098823
0.0989657
0.0991062
0.0992445
0.0993804
0.0995135
0.0996436
0.0997704
0.0998936
0.100013
0.100128
0.100212
0.0118219
0.0363728
0.0533154
0.0512958
0.0856845
0.0880479
0.0908198
0.0939297
0.0956151
0.0957922
0.0959679
0.0961416
0.0963133
0.0964828
0.0966503
0.0968159
0.0969798
0.097142
0.0973026
0.0974617
0.0976192
0.0977752
0.0979298
0.0980828
0.0982342
0.0983841
0.0985323
0.0986787
0.0988234
0.0989661
0.0991067
0.099245
0.0993808
0.0995139
0.0996441
0.0997709
0.0998941
0.100013
0.100129
0.100213
0.0118222
0.0363731
0.0533173
0.0512954
0.085687
0.0880509
0.0908233
0.0939338
0.0956152
0.0957923
0.095968
0.0961418
0.0963134
0.0964829
0.0966504
0.0968161
0.0969799
0.0971421
0.0973027
0.0974618
0.0976193
0.0977753
0.0979298
0.0980828
0.0982342
0.0983841
0.0985323
0.0986787
0.0988234
0.0989661
0.0991067
0.099245
0.0993808
0.0995139
0.099644
0.0997709
0.0998941
0.100013
0.100129
0.100213
0.0118226
0.0363736
0.0533198
0.0512943
0.0856896
0.0880543
0.0908275
0.0939387
0.0956157
0.0957928
0.0959685
0.0961423
0.0963139
0.0964835
0.096651
0.0968166
0.0969805
0.0971427
0.0973033
0.0974624
0.0976199
0.0977759
0.0979304
0.0980834
0.0982349
0.0983847
0.0985329
0.0986794
0.0988241
0.0989668
0.0991073
0.0992457
0.0993815
0.0995146
0.0996447
0.0997716
0.0998948
0.100014
0.100129
0.100214
0.0118229
0.0363744
0.0533236
0.0512919
0.0856924
0.0880586
0.0908329
0.0939446
0.0956175
0.0957946
0.0959703
0.096144
0.0963156
0.0964852
0.0966527
0.0968183
0.0969822
0.0971444
0.0973049
0.097464
0.0976215
0.0977775
0.097932
0.098085
0.0982364
0.0983863
0.0985344
0.0986809
0.0988255
0.0989682
0.0991088
0.0992471
0.0993829
0.099516
0.0996461
0.0997729
0.0998962
0.100016
0.100131
0.100215
0.0118234
0.036376
0.05333
0.0512874
0.0856962
0.0880645
0.0908396
0.0939517
0.0956262
0.0958032
0.0959789
0.0961526
0.0963242
0.0964937
0.0966612
0.0968268
0.0969906
0.0971527
0.0973133
0.0974723
0.0976298
0.0977857
0.0979402
0.0980932
0.0982446
0.0983944
0.0985425
0.0986889
0.0988335
0.0989761
0.0991167
0.0992549
0.0993907
0.0995238
0.0996538
0.0997806
0.0999038
0.100023
0.100138
0.100222
0.0118237
0.0363805
0.0533431
0.0512809
0.0857029
0.0880733
0.0908484
0.0939602
0.0957034
0.0958803
0.0960558
0.0962294
0.0964008
0.0965701
0.0967374
0.0969027
0.0970663
0.0972283
0.0973886
0.0975473
0.0977046
0.0978603
0.0980145
0.0981672
0.0983184
0.0984679
0.0986159
0.098762
0.0989064
0.0990488
0.0991891
0.0993271
0.0994626
0.0995954
0.0997253
0.0998518
0.0999747
0.100094
0.100209
0.100293
0.011824
0.0363955
0.0533651
0.0512728
0.0856891
0.0880538
0.0908228
0.0939293
0.0961554
0.0963332
0.0965094
0.0966836
0.0968556
0.0970254
0.0971931
0.0973589
0.0975228
0.0976849
0.0978455
0.0980044
0.0981617
0.0983175
0.0984718
0.0986245
0.0987757
0.0989252
0.0990731
0.0992192
0.0993635
0.0995057
0.0996459
0.0997837
0.099919
0.100052
0.100181
0.100307
0.10043
0.100549
0.100663
0.100746
0.0118239
0.036053
0.0528629
0.0510529
0.0852956
0.0876263
0.090372
0.0934582
0.0968185
0.0979774
0.0981609
0.0983419
0.0985201
0.0986958
0.0988691
0.09904
0.0992088
0.0993756
0.0995405
0.0997035
0.0998648
0.100024
0.100182
0.100338
0.100492
0.100645
0.100795
0.100944
0.10109
0.101235
0.101377
0.101517
0.101654
0.101788
0.101918
0.102045
0.102169
0.102288
0.102402
0.102485
0.0117614
0.0334391
0.0479673
0.0462354
0.0760488
0.0785821
0.0815429
0.0848525
0.0884422
0.0922494
0.0939036
0.0940805
0.0942559
0.0944297
0.094602
0.0947729
0.0949425
0.0951108
0.0952778
0.0954436
0.095608
0.0957711
0.0959328
0.0960931
0.0962519
0.0964092
0.0965648
0.0967186
0.0968705
0.0970204
0.097168
0.0973131
0.0974555
0.0975947
0.0977305
0.0978623
0.0979898
0.0981123
0.0982294
0.0983131
0.0109872
0.0337546
0.0484095
0.0464384
0.0764045
0.0789711
0.0819555
0.085286
0.0888961
0.0927243
0.0941527
0.0943273
0.0945004
0.094672
0.0948423
0.0950112
0.0951788
0.0953452
0.0955104
0.0956744
0.095837
0.0959984
0.0961585
0.0963172
0.0964744
0.0966301
0.0967842
0.0969366
0.0970871
0.0972356
0.0973819
0.0975257
0.0976667
0.0978048
0.0979393
0.09807
0.0981963
0.0983178
0.0984339
0.0985168
0.0110444
0.033741
0.048391
0.0464453
0.0764141
0.0789858
0.0819759
0.0853115
0.088926
0.0927582
0.0942122
0.0943872
0.0945608
0.0947328
0.0949035
0.0950728
0.0952408
0.0954076
0.0955731
0.0957374
0.0959004
0.0960621
0.0962225
0.0963815
0.096539
0.0966949
0.0968493
0.0970019
0.0971526
0.0973013
0.0974478
0.0975918
0.0977331
0.0978713
0.098006
0.0981368
0.0982633
0.0983849
0.0985011
0.0985841
0.011044
0.0337368
0.0483796
0.0464506
0.0764071
0.0789769
0.0819668
0.0853026
0.0889174
0.0927496
0.0942172
0.0943925
0.0945662
0.0947385
0.0949094
0.0950789
0.0952472
0.0954142
0.0955799
0.0957444
0.0959076
0.0960695
0.0962301
0.0963892
0.0965469
0.0967031
0.0968576
0.0970104
0.0971613
0.0973102
0.0974568
0.097601
0.0977424
0.0978808
0.0980157
0.0981467
0.0982733
0.0983951
0.0985114
0.0985946
0.0110436
0.0337352
0.0483736
0.0464541
0.0764029
0.0789706
0.0819595
0.0852949
0.0889094
0.0927412
0.0942156
0.0943909
0.0945647
0.094737
0.0949079
0.0950775
0.0952457
0.0954127
0.0955785
0.095743
0.0959063
0.0960682
0.0962288
0.096388
0.0965457
0.0967018
0.0968564
0.0970092
0.0971602
0.0973091
0.0974557
0.0976
0.0977414
0.0978798
0.0980147
0.0981458
0.0982724
0.0983942
0.0985106
0.0985937
0.0110431
0.0337344
0.04837
0.0464559
0.0763995
0.0789659
0.0819538
0.0852885
0.0889025
0.092734
0.0942142
0.0943895
0.0945632
0.0947356
0.0949065
0.095076
0.0952443
0.0954113
0.0955771
0.0957416
0.0959048
0.0960668
0.0962273
0.0963865
0.0965442
0.0967004
0.0968549
0.0970078
0.0971587
0.0973076
0.0974543
0.0975985
0.09774
0.0978783
0.0980133
0.0981443
0.0982709
0.0983927
0.0985091
0.0985922
0.0110427
0.0337338
0.0483675
0.0464566
0.0763966
0.0789622
0.0819494
0.0852835
0.088897
0.092728
0.0942133
0.0943886
0.0945624
0.0947347
0.0949056
0.0950752
0.0952434
0.0954105
0.0955762
0.0957407
0.095904
0.0960659
0.0962265
0.0963856
0.0965434
0.0966995
0.0968541
0.0970069
0.0971578
0.0973067
0.0974534
0.0975976
0.0977391
0.0978775
0.0980124
0.0981434
0.0982701
0.0983918
0.0985082
0.0985914
0.0110423
0.0337334
0.0483656
0.0464567
0.076394
0.0789592
0.0819459
0.0852795
0.0888926
0.0927234
0.0942129
0.0943881
0.0945619
0.0947342
0.0949051
0.0950747
0.0952429
0.0954099
0.0955757
0.0957402
0.0959034
0.0960654
0.0962259
0.0963851
0.0965428
0.096699
0.0968535
0.0970064
0.0971573
0.0973062
0.0974529
0.0975971
0.0977385
0.0978769
0.0980118
0.0981428
0.0982695
0.0983913
0.0985076
0.0985908
0.0110419
0.033733
0.0483641
0.0464565
0.0763918
0.0789567
0.0819431
0.0852764
0.0888892
0.0927197
0.0942125
0.0943878
0.0945616
0.0947339
0.0949048
0.0950743
0.0952426
0.0954096
0.0955754
0.0957399
0.0959031
0.096065
0.0962256
0.0963848
0.0965425
0.0966987
0.0968532
0.0970061
0.097157
0.0973059
0.0974526
0.0975968
0.0977383
0.0978766
0.0980116
0.0981426
0.0982692
0.098391
0.0985074
0.0985905
0.0110415
0.0337327
0.0483629
0.0464562
0.0763899
0.0789547
0.0819409
0.085274
0.0888866
0.0927169
0.0942123
0.0943876
0.0945614
0.0947337
0.0949046
0.0950741
0.0952424
0.0954094
0.0955752
0.0957397
0.0959029
0.0960649
0.0962254
0.0963846
0.0965423
0.0966985
0.0968531
0.0970059
0.0971568
0.0973057
0.0974524
0.0975966
0.0977381
0.0978765
0.0980114
0.0981424
0.0982691
0.0983908
0.0985072
0.0985904
0.0110412
0.0337324
0.048362
0.0464558
0.0763883
0.078953
0.0819391
0.0852721
0.0888845
0.0927147
0.0942122
0.0943875
0.0945612
0.0947336
0.0949044
0.095074
0.0952423
0.0954093
0.0955751
0.0957396
0.0959028
0.0960648
0.0962253
0.0963845
0.0965423
0.0966984
0.096853
0.0970058
0.0971568
0.0973057
0.0974524
0.0975966
0.0977381
0.0978765
0.0980114
0.0981424
0.0982691
0.0983908
0.0985072
0.0985903
0.011041
0.0337321
0.0483612
0.0464555
0.076387
0.0789517
0.0819377
0.0852705
0.0888829
0.092713
0.094212
0.0943873
0.0945611
0.0947334
0.0949043
0.0950739
0.0952421
0.0954092
0.0955749
0.0957395
0.0959027
0.0960646
0.0962252
0.0963844
0.0965421
0.0966983
0.0968529
0.0970057
0.0971567
0.0973056
0.0974523
0.0975966
0.097738
0.0978764
0.0980114
0.0981424
0.098269
0.0983908
0.0985072
0.0985903
0.0110408
0.0337319
0.0483606
0.0464551
0.0763859
0.0789505
0.0819365
0.0852693
0.0888816
0.0927116
0.0942119
0.0943872
0.094561
0.0947333
0.0949042
0.0950737
0.095242
0.095409
0.0955748
0.0957393
0.0959025
0.0960645
0.0962251
0.0963843
0.096542
0.0966982
0.0968528
0.0970056
0.0971566
0.0973055
0.0974522
0.0975964
0.0977379
0.0978763
0.0980112
0.0981422
0.0982689
0.0983906
0.098507
0.0985901
0.0110406
0.0337317
0.0483601
0.0464548
0.076385
0.0789496
0.0819356
0.0852683
0.0888806
0.0927105
0.0942118
0.0943871
0.0945609
0.0947332
0.0949041
0.0950736
0.0952419
0.0954089
0.0955747
0.0957392
0.0959025
0.0960644
0.096225
0.0963842
0.0965419
0.0966981
0.0968527
0.0970055
0.0971565
0.0973054
0.0974521
0.0975964
0.0977378
0.0978762
0.0980112
0.0981422
0.0982688
0.0983906
0.098507
0.0985901
0.0110404
0.0337315
0.0483597
0.0464546
0.0763843
0.0789489
0.0819348
0.0852676
0.0888798
0.0927097
0.0942117
0.094387
0.0945608
0.0947331
0.094904
0.0950735
0.0952418
0.0954088
0.0955746
0.0957391
0.0959024
0.0960643
0.0962249
0.0963841
0.0965418
0.096698
0.0968526
0.0970055
0.0971564
0.0973054
0.0974521
0.0975963
0.0977378
0.0978762
0.0980111
0.0981421
0.0982688
0.0983906
0.0985069
0.0985901
0.0110403
0.0337314
0.0483593
0.0464543
0.0763837
0.0789484
0.0819343
0.085267
0.0888791
0.092709
0.0942115
0.0943868
0.0945606
0.0947329
0.0949038
0.0950734
0.0952416
0.0954087
0.0955744
0.0957389
0.0959022
0.0960641
0.0962247
0.0963839
0.0965417
0.0966979
0.0968524
0.0970053
0.0971562
0.0973052
0.0974519
0.0975961
0.0977376
0.097876
0.0980109
0.0981419
0.0982686
0.0983904
0.0985067
0.0985899
0.0110402
0.0337313
0.0483591
0.0464542
0.0763833
0.0789479
0.0819338
0.0852665
0.0888786
0.0927084
0.0942115
0.0943868
0.0945605
0.0947328
0.0949037
0.0950733
0.0952416
0.0954086
0.0955743
0.0957389
0.0959021
0.096064
0.0962246
0.0963838
0.0965416
0.0966978
0.0968523
0.0970052
0.0971561
0.0973051
0.0974517
0.097596
0.0977374
0.0978758
0.0980108
0.0981418
0.0982685
0.0983902
0.0985066
0.0985898
0.0110402
0.0337312
0.0483589
0.0464541
0.076383
0.0789476
0.0819335
0.0852661
0.0888782
0.092708
0.0942114
0.0943867
0.0945605
0.0947328
0.0949037
0.0950732
0.0952415
0.0954085
0.0955743
0.0957388
0.0959021
0.096064
0.0962246
0.0963838
0.0965416
0.0966978
0.0968523
0.0970052
0.0971561
0.0973051
0.0974518
0.097596
0.0977375
0.0978759
0.0980108
0.0981418
0.0982685
0.0983903
0.0985067
0.0985898
0.0110401
0.0337312
0.0483588
0.046454
0.0763828
0.0789474
0.0819333
0.0852659
0.088878
0.0927077
0.0942114
0.0943867
0.0945604
0.0947328
0.0949037
0.0950732
0.0952415
0.0954085
0.0955743
0.0957388
0.0959021
0.096064
0.0962246
0.0963839
0.0965416
0.0966978
0.0968524
0.0970052
0.0971562
0.0973051
0.0974518
0.097596
0.0977375
0.0978759
0.0980108
0.0981419
0.0982685
0.0983903
0.0985067
0.0985898
0.0110401
0.0337312
0.0483587
0.046454
0.0763827
0.0789473
0.0819332
0.0852657
0.0888778
0.0927076
0.0942114
0.0943867
0.0945605
0.0947328
0.0949037
0.0950733
0.0952415
0.0954086
0.0955744
0.0957389
0.0959022
0.0960641
0.0962247
0.0963839
0.0965417
0.0966979
0.0968525
0.0970053
0.0971563
0.0973052
0.0974519
0.0975961
0.0977376
0.097876
0.0980109
0.098142
0.0982686
0.0983904
0.0985068
0.09859
0.0110401
0.0337312
0.0483587
0.046454
0.0763827
0.0789473
0.0819331
0.0852657
0.0888778
0.0927076
0.0942113
0.0943866
0.0945604
0.0947327
0.0949036
0.0950732
0.0952415
0.0954085
0.0955743
0.0957388
0.0959021
0.096064
0.0962247
0.0963839
0.0965416
0.0966978
0.0968524
0.0970052
0.0971562
0.0973051
0.0974518
0.097596
0.0977375
0.0978759
0.0980108
0.0981419
0.0982685
0.0983903
0.0985067
0.0985899
0.0110401
0.0337312
0.0483588
0.046454
0.0763828
0.0789474
0.0819332
0.0852658
0.0888779
0.0927078
0.0942114
0.0943867
0.0945605
0.0947328
0.0949037
0.0950732
0.0952415
0.0954086
0.0955744
0.0957389
0.0959022
0.0960641
0.0962247
0.0963839
0.0965417
0.0966979
0.0968524
0.0970053
0.0971562
0.0973051
0.0974518
0.0975961
0.0977376
0.097876
0.0980109
0.0981419
0.0982686
0.0983904
0.0985068
0.0985899
0.0110401
0.0337312
0.0483589
0.0464541
0.0763829
0.0789475
0.0819334
0.085266
0.0888782
0.092708
0.0942114
0.0943867
0.0945605
0.0947328
0.0949037
0.0950733
0.0952416
0.0954086
0.0955744
0.095739
0.0959022
0.0960642
0.0962248
0.096384
0.0965417
0.0966979
0.0968525
0.0970053
0.0971563
0.0973052
0.0974519
0.0975962
0.0977376
0.097876
0.098011
0.098142
0.0982687
0.0983905
0.0985069
0.09859
0.0110401
0.0337313
0.0483591
0.0464542
0.0763832
0.0789478
0.0819337
0.0852664
0.0888786
0.0927084
0.0942115
0.0943868
0.0945606
0.0947329
0.0949038
0.0950734
0.0952417
0.0954087
0.0955745
0.095739
0.0959023
0.0960643
0.0962249
0.0963841
0.0965418
0.096698
0.0968526
0.0970054
0.0971564
0.0973053
0.097452
0.0975962
0.0977377
0.0978761
0.0980111
0.0981421
0.0982688
0.0983906
0.098507
0.0985901
0.0110402
0.0337314
0.0483593
0.0464543
0.0763836
0.0789482
0.0819342
0.0852669
0.0888791
0.0927089
0.0942116
0.0943869
0.0945607
0.094733
0.0949039
0.0950735
0.0952418
0.0954089
0.0955746
0.0957392
0.0959025
0.0960644
0.096225
0.0963842
0.096542
0.0966982
0.0968527
0.0970056
0.0971565
0.0973055
0.0974522
0.0975964
0.0977379
0.0978763
0.0980113
0.0981423
0.098269
0.0983908
0.0985072
0.0985903
0.0110402
0.0337315
0.0483596
0.0464545
0.0763842
0.0789488
0.0819348
0.0852675
0.0888797
0.0927096
0.0942117
0.094387
0.0945608
0.0947331
0.0949041
0.0950737
0.095242
0.095409
0.0955748
0.0957393
0.0959026
0.0960646
0.0962252
0.0963844
0.0965421
0.0966983
0.0968529
0.0970058
0.0971567
0.0973057
0.0974524
0.0975966
0.0977381
0.0978765
0.0980115
0.0981425
0.0982692
0.098391
0.0985074
0.0985906
0.0110403
0.0337317
0.04836
0.0464548
0.0763849
0.0789496
0.0819355
0.0852683
0.0888805
0.0927105
0.0942118
0.0943871
0.0945609
0.0947333
0.0949042
0.0950738
0.0952421
0.0954091
0.0955749
0.0957395
0.0959027
0.0960647
0.0962253
0.0963845
0.0965423
0.0966985
0.096853
0.0970059
0.0971569
0.0973058
0.0974525
0.0975967
0.0977382
0.0978767
0.0980116
0.0981427
0.0982693
0.0983911
0.0985075
0.0985907
0.0110404
0.0337319
0.0483605
0.0464551
0.0763858
0.0789505
0.0819365
0.0852693
0.0888816
0.0927115
0.0942119
0.0943872
0.094561
0.0947333
0.0949043
0.0950739
0.0952422
0.0954092
0.095575
0.0957396
0.0959028
0.0960648
0.0962254
0.0963846
0.0965424
0.0966986
0.0968531
0.097006
0.097157
0.0973059
0.0974526
0.0975969
0.0977384
0.0978768
0.0980117
0.0981428
0.0982695
0.0983913
0.0985077
0.0985909
0.0110406
0.0337321
0.0483612
0.0464554
0.0763869
0.0789516
0.0819377
0.0852705
0.0888829
0.0927129
0.0942121
0.0943874
0.0945612
0.0947336
0.0949045
0.0950741
0.0952424
0.0954094
0.0955752
0.0957398
0.0959031
0.096065
0.0962256
0.0963848
0.0965426
0.0966988
0.0968534
0.0970062
0.0971572
0.0973061
0.0974529
0.0975971
0.0977386
0.097877
0.098012
0.098143
0.0982697
0.0983915
0.0985079
0.0985911
0.0110408
0.0337323
0.0483619
0.0464558
0.0763883
0.078953
0.0819391
0.0852721
0.0888845
0.0927146
0.0942122
0.0943875
0.0945614
0.0947337
0.0949046
0.0950742
0.0952425
0.0954096
0.0955754
0.0957399
0.0959032
0.0960652
0.0962258
0.096385
0.0965428
0.096699
0.0968536
0.0970065
0.0971575
0.0973064
0.0974531
0.0975974
0.0977389
0.0978773
0.0980123
0.0981434
0.09827
0.0983919
0.0985083
0.0985915
0.011041
0.0337326
0.0483629
0.0464561
0.0763899
0.0789548
0.081941
0.085274
0.0888866
0.0927169
0.0942123
0.0943877
0.0945615
0.0947338
0.0949048
0.0950744
0.0952427
0.0954097
0.0955755
0.0957401
0.0959034
0.0960653
0.0962259
0.0963851
0.0965429
0.0966991
0.0968537
0.0970066
0.0971575
0.0973065
0.0974532
0.0975974
0.0977389
0.0978774
0.0980123
0.0981434
0.0982701
0.0983919
0.0985083
0.0985915
0.0110412
0.033733
0.0483641
0.0464564
0.0763918
0.0789568
0.0819432
0.0852765
0.0888893
0.0927198
0.0942126
0.0943879
0.0945618
0.0947341
0.0949051
0.0950747
0.095243
0.09541
0.0955758
0.0957404
0.0959037
0.0960657
0.0962263
0.0963856
0.0965433
0.0966996
0.0968542
0.097007
0.097158
0.097307
0.0974537
0.097598
0.0977395
0.097878
0.0980129
0.098144
0.0982707
0.0983925
0.098509
0.0985922
0.0110415
0.0337333
0.0483656
0.0464566
0.0763941
0.0789593
0.081946
0.0852796
0.0888927
0.0927234
0.0942128
0.0943881
0.0945619
0.0947343
0.0949053
0.0950749
0.0952432
0.0954102
0.095576
0.0957406
0.0959039
0.0960659
0.0962265
0.0963857
0.0965435
0.0966997
0.0968543
0.0970072
0.0971582
0.0973071
0.0974539
0.0975981
0.0977396
0.0978781
0.098013
0.0981441
0.0982708
0.0983926
0.098509
0.0985922
0.0110419
0.0337338
0.0483675
0.0464565
0.0763966
0.0789623
0.0819495
0.0852836
0.0888971
0.0927281
0.094213
0.0943883
0.0945622
0.0947346
0.0949055
0.0950751
0.0952434
0.0954105
0.0955763
0.0957409
0.0959042
0.0960662
0.0962268
0.0963861
0.0965439
0.0967001
0.0968547
0.0970076
0.0971586
0.0973076
0.0974543
0.0975986
0.0977401
0.0978786
0.0980135
0.0981446
0.0982713
0.0983931
0.0985096
0.0985928
0.0110423
0.0337343
0.04837
0.0464558
0.0763995
0.078966
0.081954
0.0852886
0.0889026
0.0927341
0.0942136
0.094389
0.0945628
0.0947352
0.0949061
0.0950757
0.095244
0.0954111
0.0955769
0.0957415
0.0959048
0.0960668
0.0962274
0.0963866
0.0965444
0.0967006
0.0968552
0.0970081
0.0971591
0.0973081
0.0974548
0.0975991
0.0977406
0.097879
0.098014
0.0981451
0.0982718
0.0983936
0.09851
0.0985932
0.0110427
0.0337351
0.0483736
0.0464541
0.0764029
0.0789707
0.0819596
0.0852949
0.0889094
0.0927415
0.0942155
0.0943908
0.0945647
0.0947371
0.094908
0.0950777
0.095246
0.0954131
0.0955789
0.0957435
0.0959068
0.0960688
0.0962295
0.0963887
0.0965465
0.0967028
0.0968574
0.0970103
0.0971613
0.0973103
0.097457
0.0976013
0.0977429
0.0978813
0.0980163
0.0981474
0.0982741
0.098396
0.0985124
0.0985957
0.0110431
0.0337367
0.0483795
0.0464506
0.0764072
0.0789769
0.0819669
0.0853027
0.0889175
0.0927498
0.0942239
0.0943992
0.094573
0.0947454
0.0949163
0.0950859
0.0952542
0.0954212
0.095587
0.0957515
0.0959148
0.0960767
0.0962373
0.0963965
0.0965542
0.0967104
0.096865
0.0970179
0.0971688
0.0973178
0.0974645
0.0976087
0.0977502
0.0978886
0.0980235
0.0981546
0.0982812
0.098403
0.0985194
0.0986026
0.0110436
0.033741
0.048391
0.0464454
0.0764143
0.078986
0.0819762
0.0853118
0.0889264
0.0927586
0.0942966
0.0944717
0.0946453
0.0948174
0.0949882
0.0951575
0.0953256
0.0954924
0.0956579
0.0958222
0.0959852
0.0961469
0.0963072
0.0964662
0.0966237
0.0967796
0.0969339
0.0970865
0.0972372
0.0973858
0.0975323
0.0976762
0.0978175
0.0979556
0.0980902
0.098221
0.0983473
0.0984689
0.098585
0.0986678
0.011044
0.0337547
0.0484099
0.0464389
0.0764055
0.0789724
0.0819569
0.0852876
0.0888979
0.0927261
0.0947192
0.0948947
0.0950686
0.0952409
0.0954118
0.0955812
0.0957492
0.0959159
0.0960813
0.0962455
0.0964083
0.0965697
0.0967298
0.0968884
0.0970455
0.0972011
0.097355
0.0975072
0.0976574
0.0978056
0.0979515
0.0980949
0.0982355
0.098373
0.098507
0.098637
0.0987626
0.0988832
0.0989984
0.09908
0.011044
0.0334399
0.0479707
0.0462404
0.0760583
0.0785923
0.0815535
0.0848634
0.0884529
0.0922599
0.0962277
0.0964316
0.0966109
0.0967882
0.0969637
0.0971374
0.0973095
0.09748
0.0976489
0.0978163
0.0979822
0.0981464
0.0983091
0.0984702
0.0986295
0.0987872
0.0989429
0.0990967
0.0992484
0.0993978
0.0995448
0.099689
0.0998302
0.0999681
0.100102
0.100232
0.100357
0.100477
0.100591
0.10067
0.0109857
0.03127
0.0437744
0.0421023
0.0683043
0.0710846
0.0743032
0.0778784
0.081739
0.0858204
0.0900636
0.0919887
0.0921648
0.0923403
0.0925151
0.0926893
0.0928628
0.0930356
0.0932074
0.0933784
0.0935483
0.0937171
0.0938846
0.0940509
0.0942157
0.094379
0.0945407
0.0947005
0.0948583
0.095014
0.0951672
0.0953176
0.0954648
0.0956084
0.0957478
0.0958824
0.0960113
0.0961339
0.0962491
0.0963288
0.0103758
0.0315618
0.0441614
0.0422867
0.0686204
0.0714334
0.0746762
0.0782733
0.0821554
0.086259
0.0905247
0.0922543
0.0924285
0.0926021
0.0927751
0.0929476
0.0931194
0.0932906
0.0934609
0.0936303
0.0937987
0.093966
0.0941321
0.094297
0.0944605
0.0946225
0.0947828
0.0949414
0.095098
0.0952525
0.0954046
0.0955539
0.0957001
0.0958427
0.0959811
0.0961148
0.0962429
0.0963647
0.0964792
0.0965583
0.0104297
0.0315492
0.0441454
0.042292
0.0686253
0.0714428
0.0746906
0.0782922
0.0821785
0.0862857
0.090555
0.0923151
0.0924898
0.0926639
0.0928374
0.0930104
0.0931827
0.0933542
0.0935249
0.0936948
0.0938636
0.0940313
0.0941978
0.094363
0.0945269
0.0946892
0.0948499
0.0950088
0.0951657
0.0953205
0.0954728
0.0956224
0.0957689
0.0959118
0.0960505
0.0961844
0.0963127
0.0964347
0.0965494
0.0966287
0.0104292
0.0315452
0.0441351
0.0422961
0.0686178
0.0714332
0.0746806
0.0782822
0.0821682
0.0862751
0.0905439
0.0923196
0.0924945
0.0926688
0.0928426
0.0930157
0.0931882
0.09336
0.0935309
0.093701
0.09387
0.0940379
0.0942046
0.0943701
0.0945341
0.0946966
0.0948575
0.0950166
0.0951737
0.0953287
0.0954812
0.095631
0.0957777
0.0959207
0.0960596
0.0961937
0.0963222
0.0964443
0.0965592
0.0966386
0.0104287
0.0315435
0.0441295
0.0422986
0.0686128
0.0714264
0.0746727
0.0782736
0.0821593
0.0862657
0.0905338
0.0923176
0.0924925
0.0926669
0.0928407
0.0930139
0.0931864
0.0933582
0.0935292
0.0936992
0.0938683
0.0940362
0.094203
0.0943684
0.0945325
0.094695
0.0948559
0.095015
0.0951722
0.0953272
0.0954797
0.0956295
0.0957762
0.0959193
0.0960582
0.0961923
0.0963208
0.096443
0.0965579
0.0966373
0.0104281
0.0315427
0.044126
0.0422998
0.0686091
0.0714214
0.0746667
0.0782669
0.082152
0.0862579
0.0905255
0.092316
0.0924909
0.0926653
0.092839
0.0930122
0.0931847
0.0933565
0.0935275
0.0936975
0.0938666
0.0940345
0.0942012
0.0943667
0.0945307
0.0946932
0.0948541
0.0950133
0.0951704
0.0953254
0.0954779
0.0956277
0.0957744
0.0959174
0.0960563
0.0961904
0.0963189
0.0964411
0.096556
0.0966354
0.0104276
0.031542
0.0441235
0.0423001
0.0686061
0.0714176
0.0746622
0.0782619
0.0821464
0.0862519
0.0905191
0.0923151
0.0924899
0.0926643
0.0928381
0.0930112
0.0931837
0.0933555
0.0935265
0.0936965
0.0938656
0.0940335
0.0942002
0.0943657
0.0945297
0.0946922
0.0948531
0.0950122
0.0951694
0.0953244
0.0954769
0.0956267
0.0957733
0.0959164
0.0960553
0.0961894
0.0963179
0.09644
0.0965549
0.0966343
0.0104271
0.0315415
0.0441216
0.0423
0.0686035
0.0714147
0.0746589
0.078258
0.0821422
0.0862473
0.0905142
0.0923145
0.0924894
0.0926637
0.0928375
0.0930107
0.0931832
0.093355
0.0935259
0.0936959
0.093865
0.0940329
0.0941996
0.0943651
0.0945291
0.0946916
0.0948525
0.0950117
0.0951688
0.0953238
0.0954763
0.0956261
0.0957728
0.0959158
0.0960547
0.0961888
0.0963173
0.0964394
0.0965543
0.0966337
0.0104267
0.0315411
0.0441202
0.0422997
0.0686014
0.0714123
0.0746563
0.0782552
0.082139
0.0862439
0.0905105
0.0923141
0.092489
0.0926633
0.0928371
0.0930102
0.0931828
0.0933545
0.0935255
0.0936955
0.0938645
0.0940325
0.0941992
0.0943646
0.0945287
0.0946912
0.0948521
0.0950112
0.0951684
0.0953234
0.0954759
0.0956257
0.0957724
0.0959154
0.0960543
0.0961884
0.0963169
0.0964391
0.0965539
0.0966333
0.0104264
0.0315408
0.044119
0.0422993
0.0685997
0.0714105
0.0746543
0.078253
0.0821366
0.0862412
0.0905077
0.0923138
0.0924887
0.092663
0.0928368
0.0930099
0.0931824
0.0933542
0.0935252
0.0936952
0.0938642
0.0940322
0.0941989
0.0943643
0.0945284
0.0946909
0.0948518
0.0950109
0.0951681
0.0953231
0.0954756
0.0956254
0.0957721
0.0959151
0.096054
0.0961881
0.0963166
0.0964388
0.0965536
0.096633
0.0104261
0.0315405
0.0441181
0.0422989
0.0685983
0.071409
0.0746527
0.0782513
0.0821348
0.0862393
0.0905056
0.0923136
0.0924885
0.0926628
0.0928366
0.0930097
0.0931822
0.093354
0.093525
0.093695
0.0938641
0.094032
0.0941987
0.0943642
0.0945282
0.0946908
0.0948517
0.0950108
0.095168
0.095323
0.0954755
0.0956253
0.095772
0.095915
0.0960539
0.096188
0.0963165
0.0964387
0.0965536
0.0966329
0.0104258
0.0315402
0.0441174
0.0422986
0.0685972
0.0714079
0.0746515
0.07825
0.0821334
0.0862378
0.0905041
0.0923134
0.0924883
0.0926627
0.0928364
0.0930096
0.0931821
0.0933539
0.0935248
0.0936949
0.0938639
0.0940319
0.0941986
0.0943641
0.0945281
0.0946907
0.0948516
0.0950107
0.0951679
0.0953229
0.0954754
0.0956253
0.0957719
0.095915
0.0960539
0.096188
0.0963165
0.0964386
0.0965535
0.0966329
0.0104256
0.03154
0.0441169
0.0422983
0.0685962
0.0714069
0.0746505
0.078249
0.0821323
0.0862367
0.0905029
0.0923132
0.0924881
0.0926625
0.0928362
0.0930094
0.0931819
0.0933537
0.0935246
0.0936947
0.0938637
0.0940317
0.0941984
0.0943639
0.0945279
0.0946905
0.0948514
0.0950105
0.0951677
0.0953227
0.0954752
0.095625
0.0957717
0.0959148
0.0960537
0.0961877
0.0963163
0.0964384
0.0965533
0.0966326
0.0104255
0.0315398
0.0441164
0.042298
0.0685955
0.0714062
0.0746497
0.0782481
0.0821315
0.0862358
0.090502
0.0923131
0.092488
0.0926623
0.0928361
0.0930093
0.0931818
0.0933536
0.0935245
0.0936946
0.0938636
0.0940315
0.0941983
0.0943637
0.0945278
0.0946904
0.0948513
0.0950104
0.0951676
0.0953226
0.0954751
0.0956249
0.0957716
0.0959147
0.0960535
0.0961876
0.0963161
0.0964383
0.0965532
0.0966325
0.0104253
0.0315396
0.0441161
0.0422977
0.0685949
0.0714055
0.0746491
0.0782475
0.0821308
0.0862351
0.0905013
0.092313
0.0924879
0.0926622
0.092836
0.0930092
0.0931817
0.0933535
0.0935244
0.0936945
0.0938635
0.0940314
0.0941982
0.0943636
0.0945277
0.0946903
0.0948512
0.0950103
0.0951675
0.0953224
0.095475
0.0956248
0.0957715
0.0959145
0.0960534
0.0961875
0.096316
0.0964382
0.096553
0.0966324
0.0104252
0.0315395
0.0441158
0.0422975
0.0685944
0.071405
0.0746486
0.078247
0.0821303
0.0862346
0.0905008
0.0923129
0.0924877
0.0926621
0.0928358
0.093009
0.0931815
0.0933533
0.0935242
0.0936943
0.0938633
0.0940312
0.094198
0.0943634
0.0945275
0.09469
0.094851
0.0950101
0.0951672
0.0953222
0.0954748
0.0956246
0.0957712
0.0959143
0.0960532
0.0961873
0.0963158
0.0964379
0.0965528
0.0966322
0.0104251
0.0315394
0.0441156
0.0422974
0.068594
0.0714047
0.0746483
0.0782467
0.0821299
0.0862342
0.0905003
0.0923128
0.0924876
0.092662
0.0928357
0.0930089
0.0931814
0.0933531
0.0935241
0.0936941
0.0938632
0.0940311
0.0941978
0.0943633
0.0945273
0.0946899
0.0948508
0.0950099
0.0951671
0.095322
0.0954746
0.0956244
0.095771
0.0959141
0.096053
0.0961871
0.0963156
0.0964377
0.0965526
0.096632
0.0104251
0.0315393
0.0441154
0.0422973
0.0685937
0.0714044
0.074648
0.0782464
0.0821297
0.0862339
0.0905
0.0923127
0.0924875
0.0926619
0.0928356
0.0930088
0.0931813
0.0933531
0.093524
0.0936941
0.0938631
0.094031
0.0941978
0.0943632
0.0945273
0.0946898
0.0948508
0.0950099
0.095167
0.095322
0.0954746
0.0956244
0.095771
0.0959141
0.096053
0.096187
0.0963156
0.0964377
0.0965526
0.0966319
0.010425
0.0315393
0.0441153
0.0422972
0.0685935
0.0714042
0.0746478
0.0782462
0.0821295
0.0862337
0.0904998
0.0923126
0.0924875
0.0926618
0.0928356
0.0930088
0.0931813
0.093353
0.093524
0.093694
0.0938631
0.094031
0.0941978
0.0943632
0.0945273
0.0946898
0.0948507
0.0950099
0.095167
0.095322
0.0954746
0.0956243
0.095771
0.0959141
0.096053
0.096187
0.0963156
0.0964377
0.0965526
0.096632
0.010425
0.0315392
0.0441152
0.0422972
0.0685935
0.0714042
0.0746478
0.0782461
0.0821294
0.0862336
0.0904997
0.0923127
0.0924875
0.0926619
0.0928356
0.0930088
0.0931813
0.0933531
0.0935241
0.0936941
0.0938631
0.0940311
0.0941978
0.0943633
0.0945274
0.0946899
0.0948508
0.0950099
0.0951671
0.0953221
0.0954746
0.0956244
0.0957711
0.0959142
0.096053
0.0961871
0.0963157
0.0964378
0.0965527
0.096632
0.010425
0.0315392
0.0441152
0.0422971
0.0685934
0.0714042
0.0746478
0.0782461
0.0821294
0.0862336
0.0904997
0.0923126
0.0924874
0.0926618
0.0928355
0.0930087
0.0931812
0.093353
0.093524
0.093694
0.0938631
0.094031
0.0941977
0.0943632
0.0945272
0.0946898
0.0948507
0.0950098
0.095167
0.095322
0.0954745
0.0956243
0.095771
0.095914
0.0960529
0.096187
0.0963155
0.0964377
0.0965526
0.0966319
0.010425
0.0315393
0.0441153
0.0422972
0.0685935
0.0714042
0.0746478
0.0782462
0.0821295
0.0862338
0.0904999
0.0923126
0.0924875
0.0926618
0.0928356
0.0930088
0.0931813
0.0933531
0.093524
0.0936941
0.0938631
0.0940311
0.0941978
0.0943632
0.0945273
0.0946898
0.0948508
0.0950099
0.095167
0.095322
0.0954746
0.0956243
0.095771
0.0959141
0.096053
0.096187
0.0963156
0.0964377
0.0965526
0.096632
0.010425
0.0315393
0.0441153
0.0422972
0.0685936
0.0714044
0.074648
0.0782464
0.0821297
0.086234
0.0905001
0.0923127
0.0924875
0.0926619
0.0928357
0.0930088
0.0931813
0.0933531
0.0935241
0.0936941
0.0938632
0.0940311
0.0941979
0.0943633
0.0945274
0.0946899
0.0948508
0.0950099
0.0951671
0.0953221
0.0954746
0.0956244
0.0957711
0.0959141
0.096053
0.0961871
0.0963156
0.0964378
0.0965527
0.096632
0.010425
0.0315394
0.0441155
0.0422974
0.0685939
0.0714046
0.0746483
0.0782467
0.08213
0.0862343
0.0905004
0.0923127
0.0924876
0.092662
0.0928357
0.0930089
0.0931814
0.0933532
0.0935242
0.0936943
0.0938633
0.0940312
0.094198
0.0943634
0.0945275
0.09469
0.0948509
0.0950101
0.0951672
0.0953222
0.0954747
0.0956245
0.0957712
0.0959142
0.0960531
0.0961872
0.0963158
0.0964379
0.0965528
0.0966322
0.0104251
0.0315395
0.0441157
0.0422975
0.0685942
0.071405
0.0746487
0.0782471
0.0821304
0.0862347
0.0905008
0.0923129
0.0924877
0.0926621
0.0928359
0.0930091
0.0931816
0.0933534
0.0935244
0.0936944
0.0938635
0.0940314
0.0941982
0.0943636
0.0945277
0.0946902
0.0948511
0.0950103
0.0951674
0.0953224
0.095475
0.0956248
0.0957714
0.0959145
0.0960534
0.0961875
0.096316
0.0964382
0.0965531
0.0966324
0.0104251
0.0315396
0.044116
0.0422977
0.0685947
0.0714055
0.0746491
0.0782476
0.0821309
0.0862352
0.0905013
0.092313
0.0924879
0.0926623
0.0928361
0.0930092
0.0931818
0.0933536
0.0935245
0.0936946
0.0938637
0.0940316
0.0941984
0.0943638
0.0945279
0.0946904
0.0948513
0.0950105
0.0951676
0.0953226
0.0954752
0.095625
0.0957716
0.0959147
0.0960536
0.0961877
0.0963162
0.0964384
0.0965533
0.0966327
0.0104252
0.0315397
0.0441163
0.0422979
0.0685953
0.0714061
0.0746497
0.0782482
0.0821316
0.0862359
0.090502
0.0923131
0.092488
0.0926624
0.0928362
0.0930094
0.0931819
0.0933537
0.0935247
0.0936948
0.0938638
0.0940318
0.0941985
0.094364
0.094528
0.0946906
0.0948515
0.0950106
0.0951678
0.0953228
0.0954753
0.0956251
0.0957718
0.0959149
0.0960538
0.0961879
0.0963164
0.0964386
0.0965535
0.0966329
0.0104253
0.0315399
0.0441168
0.0422982
0.068596
0.0714068
0.0746505
0.0782491
0.0821324
0.0862368
0.0905029
0.0923133
0.0924882
0.0926625
0.0928363
0.0930095
0.093182
0.0933539
0.0935248
0.0936949
0.093864
0.0940319
0.0941987
0.0943641
0.0945282
0.0946907
0.0948517
0.0950108
0.095168
0.095323
0.0954755
0.0956253
0.095772
0.0959151
0.096054
0.0961881
0.0963166
0.0964388
0.0965537
0.096633
0.0104255
0.0315401
0.0441174
0.0422985
0.068597
0.0714078
0.0746515
0.0782501
0.0821335
0.0862379
0.090504
0.0923135
0.0924884
0.0926628
0.0928366
0.0930098
0.0931823
0.0933541
0.0935251
0.0936952
0.0938642
0.0940322
0.094199
0.0943644
0.0945285
0.0946911
0.094852
0.0950112
0.0951683
0.0953233
0.0954759
0.0956257
0.0957724
0.0959155
0.0960544
0.0961885
0.0963171
0.0964392
0.0965541
0.0966335
0.0104256
0.0315404
0.0441181
0.0422988
0.0685982
0.071409
0.0746528
0.0782514
0.0821349
0.0862393
0.0905055
0.0923137
0.0924886
0.092663
0.0928368
0.09301
0.0931825
0.0933543
0.0935253
0.0936954
0.0938645
0.0940324
0.0941992
0.0943646
0.0945287
0.0946913
0.0948522
0.0950113
0.0951685
0.0953235
0.0954761
0.0956259
0.0957726
0.0959156
0.0960546
0.0961887
0.0963172
0.0964394
0.0965543
0.0966337
0.0104258
0.0315407
0.044119
0.0422992
0.0685996
0.0714105
0.0746544
0.0782531
0.0821367
0.0862412
0.0905076
0.0923139
0.0924888
0.0926632
0.092837
0.0930102
0.0931827
0.0933545
0.0935255
0.0936956
0.0938647
0.0940326
0.0941994
0.0943649
0.094529
0.0946916
0.0948525
0.0950116
0.0951688
0.0953238
0.0954764
0.0956262
0.0957729
0.095916
0.0960549
0.0961891
0.0963176
0.0964398
0.0965547
0.0966341
0.0104261
0.0315411
0.0441201
0.0422996
0.0686014
0.0714124
0.0746564
0.0782553
0.0821391
0.0862438
0.0905102
0.0923142
0.0924892
0.0926635
0.0928374
0.0930106
0.0931831
0.0933549
0.0935259
0.093696
0.0938651
0.0940331
0.0941998
0.0943653
0.0945294
0.094692
0.0948529
0.0950121
0.0951693
0.0953243
0.0954768
0.0956267
0.0957734
0.0959165
0.0960554
0.0961895
0.0963181
0.0964403
0.0965552
0.0966346
0.0104264
0.0315415
0.0441216
0.0422999
0.0686035
0.0714147
0.0746591
0.0782583
0.0821423
0.0862472
0.0905139
0.0923145
0.0924894
0.0926638
0.0928376
0.0930108
0.0931834
0.0933552
0.0935262
0.0936963
0.0938654
0.0940334
0.0942001
0.0943656
0.0945297
0.0946923
0.0948532
0.0950124
0.0951696
0.0953246
0.0954772
0.095627
0.0957738
0.0959168
0.0960558
0.0961899
0.0963185
0.0964407
0.0965556
0.096635
0.0104267
0.031542
0.0441235
0.0423
0.068606
0.0714177
0.0746625
0.0782621
0.0821465
0.0862518
0.0905189
0.0923149
0.0924898
0.0926642
0.092838
0.0930112
0.0931838
0.0933556
0.0935266
0.0936967
0.0938658
0.0940338
0.0942006
0.094366
0.0945301
0.0946927
0.0948537
0.0950128
0.09517
0.0953251
0.0954777
0.0956275
0.0957742
0.0959173
0.0960563
0.0961904
0.096319
0.0964412
0.0965561
0.0966355
0.0104271
0.0315426
0.044126
0.0422997
0.0686091
0.0714215
0.074667
0.0782672
0.0821522
0.086258
0.0905256
0.0923157
0.0924906
0.092665
0.0928389
0.0930121
0.0931847
0.0933566
0.0935276
0.0936977
0.0938668
0.0940348
0.0942016
0.0943672
0.0945313
0.0946939
0.0948549
0.095014
0.0951713
0.0953263
0.0954789
0.0956288
0.0957755
0.0959186
0.0960576
0.0961917
0.0963204
0.0964426
0.0965576
0.096637
0.0104276
0.0315435
0.0441295
0.0422986
0.0686129
0.0714265
0.074673
0.0782739
0.0821595
0.0862659
0.0905339
0.0923176
0.0924926
0.092667
0.0928409
0.0930141
0.0931867
0.0933586
0.0935296
0.0936997
0.0938688
0.0940368
0.0942036
0.0943691
0.0945332
0.0946959
0.0948568
0.095016
0.0951732
0.0953283
0.0954809
0.0956308
0.0957775
0.0959206
0.0960596
0.0961937
0.0963223
0.0964445
0.0965595
0.0966389
0.0104281
0.0315451
0.0441351
0.042296
0.0686178
0.0714333
0.0746809
0.0782825
0.0821686
0.0862753
0.0905441
0.092326
0.0925009
0.0926753
0.0928492
0.0930224
0.093195
0.0933668
0.0935378
0.0937079
0.093877
0.094045
0.0942118
0.0943773
0.0945414
0.094704
0.0948649
0.0950241
0.0951813
0.0953363
0.0954889
0.0956388
0.0957855
0.0959286
0.0960675
0.0962017
0.0963303
0.0964525
0.0965674
0.0966469
0.0104287
0.0315492
0.0441454
0.042292
0.0686255
0.071443
0.074691
0.0782927
0.0821789
0.0862861
0.0905554
0.0923939
0.0925686
0.0927428
0.0929164
0.0930894
0.0932617
0.0934332
0.0936039
0.0937737
0.0939425
0.0941102
0.0942767
0.0944419
0.0946057
0.094768
0.0949287
0.0950875
0.0952444
0.0953991
0.0955514
0.0957009
0.0958473
0.0959901
0.0961287
0.0962625
0.0963907
0.0965125
0.0966271
0.0967062
0.0104292
0.0315619
0.0441618
0.0422871
0.0686215
0.0714348
0.0746777
0.0782749
0.0821574
0.0862609
0.0905266
0.0927837
0.0929585
0.0931326
0.0933061
0.0934789
0.0936509
0.0938222
0.0939925
0.0941619
0.0943303
0.0944975
0.0946635
0.0948281
0.0949913
0.0951529
0.0953129
0.0954711
0.0956272
0.0957812
0.0959326
0.0960813
0.0962268
0.0963685
0.0965061
0.0966387
0.0967658
0.0968863
0.0969995
0.0970769
0.0104293
0.0312707
0.0437777
0.0421073
0.0683139
0.0710951
0.0743141
0.0778895
0.0817503
0.0858318
0.0900747
0.0941872
0.0943663
0.0945444
0.0947215
0.0948976
0.0950727
0.0952468
0.0954198
0.0955916
0.0957621
0.0959313
0.096099
0.0962652
0.0964298
0.0965926
0.0967536
0.0969126
0.0970693
0.0972236
0.0973752
0.0975237
0.0976688
0.0978099
0.0979464
0.0980777
0.098203
0.0983213
0.0984318
0.098505
0.0103745
0.0292988
0.039903
0.0382961
0.0614383
0.0645042
0.0680141
0.0718856
0.0760467
0.0804304
0.0849755
0.0894652
0.0896393
0.0898143
0.0899898
0.0901658
0.0903419
0.090518
0.0906937
0.0908689
0.0910435
0.0912171
0.0913896
0.091561
0.091731
0.0918995
0.0920663
0.0922312
0.0923939
0.0925543
0.0927119
0.0928664
0.0930172
0.0931636
0.0933047
0.0934397
0.0935673
0.0936862
0.0937949
0.0938659
0.00984523
0.0295686
0.040239
0.0384629
0.0617183
0.0648165
0.0683511
0.0722456
0.0764291
0.080836
0.0854048
0.0897541
0.0899267
0.0901003
0.0902745
0.0904492
0.0906241
0.090799
0.0909736
0.0911476
0.0913211
0.0914936
0.0916652
0.0918355
0.0920045
0.0921721
0.0923379
0.092502
0.0926639
0.0928235
0.0929804
0.0931341
0.0932842
0.09343
0.0935706
0.0937051
0.0938324
0.0939509
0.0940593
0.0941301
0.00989616
0.0295568
0.0402249
0.0384665
0.0617185
0.0648205
0.0683594
0.0722576
0.0764446
0.0808547
0.0854264
0.0898149
0.0899881
0.0901623
0.0903371
0.0905123
0.0906877
0.0908631
0.0910382
0.0912128
0.0913867
0.0915597
0.0917317
0.0919025
0.092072
0.0922399
0.0924062
0.0925706
0.092733
0.0928929
0.0930502
0.0932043
0.0933548
0.0935009
0.0936419
0.0937768
0.0939043
0.0940232
0.0941318
0.0942029
0.00989549
0.0295529
0.0402155
0.0384693
0.0617101
0.0648098
0.068348
0.0722458
0.0764322
0.0808414
0.0854119
0.0898182
0.0899917
0.090166
0.090341
0.0905165
0.0906921
0.0908677
0.0910429
0.0912177
0.0913918
0.0915651
0.0917372
0.0919082
0.0920779
0.092246
0.0924125
0.0925771
0.0927396
0.0928998
0.0930572
0.0932115
0.0933622
0.0935085
0.0936496
0.0937847
0.0939124
0.0940314
0.0941402
0.0942113
0.00989481
0.0295512
0.0402101
0.038471
0.0617046
0.0648024
0.0683394
0.0722364
0.0764221
0.0808305
0.0854002
0.0898158
0.0899892
0.0901636
0.0903386
0.0905141
0.0906897
0.0908653
0.0910406
0.0912154
0.0913895
0.0915628
0.091735
0.091906
0.0920757
0.0922439
0.0924104
0.092575
0.0927375
0.0928977
0.0930552
0.0932095
0.0933602
0.0935065
0.0936477
0.0937827
0.0939104
0.0940294
0.0941383
0.0942095
0.00989413
0.0295502
0.0402066
0.0384716
0.0617005
0.0647972
0.0683333
0.0722295
0.0764145
0.0808222
0.0853913
0.0898139
0.0899874
0.0901617
0.0903367
0.0905121
0.0906878
0.0908634
0.0910386
0.0912134
0.0913875
0.0915608
0.091733
0.0919039
0.0920736
0.0922418
0.0924082
0.0925729
0.0927354
0.0928955
0.093053
0.0932073
0.0933579
0.0935042
0.0936454
0.0937804
0.0939081
0.0940271
0.0941359
0.0942071
0.00989353
0.0295495
0.0402041
0.0384715
0.0616974
0.0647935
0.0683288
0.0722244
0.076409
0.0808162
0.0853847
0.0898127
0.0899861
0.0901605
0.0903355
0.0905109
0.0906865
0.090862
0.0910373
0.0912121
0.0913862
0.0915594
0.0917316
0.0919025
0.0920722
0.0922403
0.0924068
0.0925714
0.0927339
0.092894
0.0930515
0.0932058
0.0933564
0.0935027
0.0936438
0.0937788
0.0939065
0.0940255
0.0941342
0.0942054
0.00989302
0.0295489
0.0402023
0.0384713
0.061695
0.0647907
0.0683257
0.0722209
0.076405
0.0808119
0.0853801
0.089812
0.0899854
0.0901597
0.0903347
0.0905101
0.0906857
0.0908613
0.0910365
0.0912113
0.0913854
0.0915586
0.0917307
0.0919017
0.0920713
0.0922395
0.0924059
0.0925705
0.092733
0.0928932
0.0930506
0.0932048
0.0933555
0.0935017
0.0936429
0.0937778
0.0939055
0.0940245
0.0941332
0.0942043
0.00989259
0.0295485
0.040201
0.0384709
0.0616931
0.0647886
0.0683234
0.0722183
0.0764022
0.0808088
0.0853768
0.0898115
0.0899849
0.0901592
0.0903342
0.0905096
0.0906852
0.0908607
0.091036
0.0912107
0.0913848
0.091558
0.0917302
0.0919011
0.0920708
0.0922389
0.0924053
0.0925699
0.0927324
0.0928926
0.09305
0.0932042
0.0933548
0.0935011
0.0936422
0.0937772
0.0939049
0.0940238
0.0941326
0.0942037
0.00989225
0.0295481
0.0401999
0.0384705
0.0616916
0.064787
0.0683216
0.0722164
0.0764001
0.0808065
0.0853744
0.0898111
0.0899845
0.0901588
0.0903337
0.0905091
0.0906847
0.0908603
0.0910355
0.0912103
0.0913843
0.0915575
0.0917297
0.0919006
0.0920703
0.0922384
0.0924048
0.0925694
0.0927319
0.092892
0.0930495
0.0932037
0.0933543
0.0935006
0.0936417
0.0937767
0.0939044
0.0940233
0.094132
0.0942032
0.00989196
0.0295478
0.0401991
0.0384701
0.0616904
0.0647858
0.0683203
0.072215
0.0763986
0.0808049
0.0853727
0.0898108
0.0899842
0.0901585
0.0903334
0.0905088
0.0906844
0.0908599
0.0910352
0.0912099
0.091384
0.0915572
0.0917294
0.0919003
0.09207
0.0922381
0.0924045
0.0925691
0.0927316
0.0928918
0.0930492
0.0932034
0.093354
0.0935003
0.0936414
0.0937764
0.0939041
0.094023
0.0941317
0.0942029
0.00989173
0.0295475
0.0401985
0.0384698
0.0616895
0.0647849
0.0683193
0.072214
0.0763974
0.0808037
0.0853715
0.0898106
0.089984
0.0901583
0.0903332
0.0905086
0.0906842
0.0908598
0.091035
0.0912098
0.0913839
0.0915571
0.0917292
0.0919002
0.0920698
0.092238
0.0924044
0.092569
0.0927315
0.0928916
0.0930491
0.0932033
0.0933539
0.0935002
0.0936413
0.0937763
0.093904
0.0940229
0.0941316
0.0942028
0.00989154
0.0295473
0.040198
0.0384695
0.0616888
0.0647841
0.0683186
0.0722132
0.0763966
0.0808029
0.0853707
0.0898103
0.0899837
0.090158
0.090333
0.0905084
0.090684
0.0908595
0.0910348
0.0912096
0.0913836
0.0915568
0.091729
0.0919
0.0920696
0.0922377
0.0924042
0.0925688
0.0927313
0.0928914
0.0930488
0.0932031
0.0933537
0.0935
0.0936411
0.0937761
0.0939038
0.0940227
0.0941314
0.0942026
0.00989139
0.0295471
0.0401976
0.0384693
0.0616882
0.0647835
0.0683179
0.0722125
0.076396
0.0808023
0.0853701
0.0898102
0.0899836
0.0901579
0.0903329
0.0905083
0.0906839
0.0908594
0.0910347
0.0912094
0.0913835
0.0915567
0.0917289
0.0918999
0.0920695
0.0922376
0.0924041
0.0925687
0.0927312
0.0928913
0.0930487
0.093203
0.0933536
0.0934999
0.093641
0.093776
0.0939036
0.0940226
0.0941313
0.0942024
0.00989127
0.029547
0.0401973
0.0384691
0.0616877
0.064783
0.0683175
0.0722121
0.0763956
0.0808019
0.0853696
0.0898101
0.0899835
0.0901578
0.0903328
0.0905082
0.0906838
0.0908593
0.0910346
0.0912093
0.0913834
0.0915566
0.0917288
0.0918998
0.0920694
0.0922375
0.092404
0.0925686
0.0927311
0.0928912
0.0930486
0.0932029
0.0933535
0.0934998
0.0936409
0.0937759
0.0939035
0.0940225
0.0941312
0.0942023
0.00989117
0.0295469
0.0401971
0.0384689
0.0616873
0.0647827
0.0683171
0.0722117
0.0763952
0.0808016
0.0853693
0.0898099
0.0899833
0.0901576
0.0903326
0.090508
0.0906836
0.0908591
0.0910344
0.0912092
0.0913832
0.0915564
0.0917286
0.0918996
0.0920692
0.0922373
0.0924038
0.0925684
0.0927309
0.092891
0.0930484
0.0932027
0.0933533
0.0934996
0.0936407
0.0937757
0.0939034
0.0940223
0.094131
0.0942021
0.00989109
0.0295468
0.0401969
0.0384688
0.0616871
0.0647824
0.0683169
0.0722115
0.076395
0.0808013
0.0853691
0.0898098
0.0899832
0.0901575
0.0903325
0.0905079
0.0906835
0.090859
0.0910343
0.091209
0.0913831
0.0915563
0.0917285
0.0918994
0.0920691
0.0922372
0.0924037
0.0925683
0.0927307
0.0928909
0.0930483
0.0932026
0.0933532
0.0934994
0.0936405
0.0937755
0.0939032
0.0940221
0.0941308
0.094202
0.00989103
0.0295467
0.0401967
0.0384687
0.0616868
0.0647822
0.0683167
0.0722113
0.0763948
0.0808012
0.0853689
0.0898097
0.0899831
0.0901574
0.0903324
0.0905078
0.0906834
0.0908589
0.0910342
0.0912089
0.091383
0.0915562
0.0917284
0.0918993
0.092069
0.0922371
0.0924036
0.0925682
0.0927307
0.0928908
0.0930482
0.0932025
0.0933531
0.0934993
0.0936405
0.0937755
0.0939031
0.094022
0.0941308
0.0942019
0.00989099
0.0295466
0.0401966
0.0384686
0.0616867
0.0647821
0.0683166
0.0722112
0.0763947
0.0808011
0.0853688
0.0898097
0.0899831
0.0901574
0.0903324
0.0905078
0.0906834
0.0908589
0.0910342
0.0912089
0.091383
0.0915562
0.0917284
0.0918993
0.092069
0.0922371
0.0924036
0.0925682
0.0927307
0.0928908
0.0930482
0.0932025
0.0933531
0.0934994
0.0936405
0.0937755
0.0939031
0.0940221
0.0941308
0.0942019
0.00989096
0.0295466
0.0401966
0.0384686
0.0616867
0.0647821
0.0683166
0.0722112
0.0763947
0.080801
0.0853687
0.0898097
0.0899831
0.0901574
0.0903324
0.0905078
0.0906834
0.0908589
0.0910342
0.0912089
0.091383
0.0915562
0.0917284
0.0918994
0.092069
0.0922371
0.0924036
0.0925682
0.0927307
0.0928908
0.0930482
0.0932025
0.0933531
0.0934994
0.0936405
0.0937755
0.0939031
0.0940221
0.0941308
0.0942019
0.00989095
0.0295466
0.0401966
0.0384685
0.0616867
0.0647821
0.0683166
0.0722112
0.0763947
0.080801
0.0853687
0.0898096
0.089983
0.0901573
0.0903323
0.0905077
0.0906833
0.0908588
0.0910341
0.0912088
0.0913829
0.0915561
0.0917283
0.0918993
0.0920689
0.092237
0.0924035
0.0925681
0.0927306
0.0928907
0.0930481
0.0932024
0.093353
0.0934993
0.0936404
0.0937754
0.093903
0.094022
0.0941307
0.0942018
0.00989095
0.0295466
0.0401966
0.0384686
0.0616867
0.0647821
0.0683167
0.0722113
0.0763948
0.0808011
0.0853688
0.0898097
0.0899831
0.0901574
0.0903323
0.0905077
0.0906833
0.0908589
0.0910341
0.0912089
0.091383
0.0915562
0.0917283
0.0918993
0.0920689
0.0922371
0.0924035
0.0925681
0.0927306
0.0928907
0.0930481
0.0932024
0.093353
0.0934993
0.0936404
0.0937754
0.093903
0.094022
0.0941307
0.0942018
0.00989096
0.0295467
0.0401967
0.0384686
0.0616868
0.0647823
0.0683168
0.0722115
0.0763949
0.0808012
0.0853689
0.0898097
0.0899831
0.0901574
0.0903324
0.0905078
0.0906834
0.0908589
0.0910342
0.091209
0.091383
0.0915562
0.0917284
0.0918994
0.092069
0.0922371
0.0924036
0.0925682
0.0927307
0.0928908
0.0930482
0.0932025
0.0933531
0.0934993
0.0936404
0.0937754
0.0939031
0.094022
0.0941307
0.0942019
0.00989099
0.0295467
0.0401968
0.0384687
0.061687
0.0647825
0.068317
0.0722116
0.0763951
0.0808014
0.0853691
0.0898098
0.0899832
0.0901575
0.0903325
0.0905079
0.0906835
0.0908591
0.0910343
0.0912091
0.0913832
0.0915564
0.0917285
0.0918995
0.0920691
0.0922373
0.0924037
0.0925683
0.0927308
0.0928909
0.0930483
0.0932026
0.0933532
0.0934995
0.0936406
0.0937756
0.0939032
0.0940222
0.0941309
0.094202
0.00989103
0.0295468
0.040197
0.0384689
0.0616873
0.0647827
0.0683172
0.0722119
0.0763954
0.0808016
0.0853693
0.08981
0.0899834
0.0901577
0.0903326
0.090508
0.0906837
0.0908592
0.0910345
0.0912093
0.0913833
0.0915565
0.0917287
0.0918997
0.0920693
0.0922375
0.0924039
0.0925685
0.092731
0.0928911
0.0930486
0.0932028
0.0933534
0.0934997
0.0936408
0.0937758
0.0939035
0.0940224
0.0941312
0.0942023
0.00989109
0.0295469
0.0401972
0.038469
0.0616877
0.0647831
0.0683176
0.0722122
0.0763957
0.080802
0.0853696
0.0898101
0.0899835
0.0901578
0.0903328
0.0905082
0.0906839
0.0908594
0.0910347
0.0912095
0.0913835
0.0915568
0.0917289
0.0918999
0.0920695
0.0922377
0.0924041
0.0925687
0.0927312
0.0928914
0.0930488
0.0932031
0.0933537
0.0935
0.0936411
0.0937761
0.0939037
0.0940227
0.0941314
0.0942025
0.00989117
0.0295471
0.0401975
0.0384692
0.0616881
0.0647835
0.068318
0.0722127
0.0763962
0.0808024
0.0853701
0.0898103
0.0899837
0.090158
0.090333
0.0905084
0.090684
0.0908596
0.0910349
0.0912096
0.0913837
0.0915569
0.0917291
0.0919001
0.0920697
0.0922379
0.0924043
0.0925689
0.0927314
0.0928916
0.093049
0.0932032
0.0933539
0.0935001
0.0936413
0.0937763
0.0939039
0.0940229
0.0941316
0.0942027
0.00989127
0.0295473
0.0401979
0.0384695
0.0616887
0.0647841
0.0683186
0.0722133
0.0763968
0.0808031
0.0853707
0.0898104
0.0899839
0.0901582
0.0903332
0.0905086
0.0906842
0.0908598
0.0910351
0.0912098
0.0913839
0.0915571
0.0917293
0.0919003
0.09207
0.0922381
0.0924046
0.0925692
0.0927317
0.0928918
0.0930493
0.0932036
0.0933542
0.0935005
0.0936416
0.0937766
0.0939043
0.0940233
0.094132
0.0942031
0.00989139
0.0295475
0.0401984
0.0384697
0.0616895
0.0647849
0.0683194
0.0722141
0.0763976
0.0808039
0.0853715
0.0898107
0.0899842
0.0901585
0.0903335
0.0905089
0.0906845
0.0908601
0.0910354
0.0912102
0.0913843
0.0915575
0.0917297
0.0919007
0.0920703
0.0922385
0.0924049
0.0925695
0.0927321
0.0928922
0.0930496
0.0932039
0.0933545
0.0935008
0.093642
0.093777
0.0939046
0.0940236
0.0941323
0.0942035
0.00989154
0.0295478
0.0401991
0.0384701
0.0616904
0.0647858
0.0683204
0.0722151
0.0763987
0.080805
0.0853727
0.089811
0.0899844
0.0901587
0.0903337
0.0905092
0.0906848
0.0908604
0.0910357
0.0912104
0.0913845
0.0915578
0.0917299
0.0919009
0.0920706
0.0922387
0.0924052
0.0925698
0.0927323
0.0928925
0.0930499
0.0932042
0.0933548
0.0935011
0.0936423
0.0937773
0.093905
0.0940239
0.0941327
0.0942038
0.00989173
0.0295481
0.0401999
0.0384704
0.0616916
0.0647871
0.0683217
0.0722165
0.0764001
0.0808065
0.0853742
0.0898112
0.0899847
0.090159
0.090334
0.0905095
0.0906851
0.0908607
0.091036
0.0912108
0.0913849
0.0915581
0.0917303
0.0919013
0.092071
0.0922392
0.0924056
0.0925703
0.0927328
0.0928929
0.0930504
0.0932047
0.0933553
0.0935016
0.0936428
0.0937778
0.0939055
0.0940245
0.0941332
0.0942044
0.00989196
0.0295485
0.0402009
0.0384708
0.0616931
0.0647886
0.0683234
0.0722184
0.0764022
0.0808087
0.0853765
0.0898116
0.0899851
0.0901594
0.0903344
0.0905099
0.0906855
0.0908611
0.0910364
0.0912112
0.0913853
0.0915585
0.0917307
0.0919017
0.0920714
0.0922395
0.092406
0.0925706
0.0927332
0.0928933
0.0930507
0.0932051
0.0933557
0.093502
0.0936431
0.0937782
0.0939058
0.0940248
0.0941336
0.0942047
0.00989225
0.0295489
0.0402023
0.0384712
0.061695
0.0647907
0.0683257
0.072221
0.076405
0.0808117
0.0853798
0.0898121
0.0899855
0.0901599
0.0903349
0.0905104
0.090686
0.0908616
0.0910369
0.0912117
0.0913859
0.0915591
0.0917313
0.0919023
0.092072
0.0922402
0.0924067
0.0925713
0.0927339
0.092894
0.0930515
0.0932058
0.0933565
0.0935028
0.093644
0.093779
0.0939067
0.0940257
0.0941345
0.0942057
0.00989259
0.0295495
0.0402042
0.0384715
0.0616974
0.0647935
0.0683289
0.0722245
0.076409
0.0808161
0.0853845
0.0898126
0.0899861
0.0901605
0.0903355
0.090511
0.0906866
0.0908623
0.0910376
0.0912124
0.0913865
0.0915598
0.091732
0.0919031
0.0920727
0.0922409
0.0924074
0.0925721
0.0927346
0.0928948
0.0930523
0.0932066
0.0933573
0.0935036
0.0936448
0.0937799
0.0939076
0.0940266
0.0941354
0.0942066
0.00989302
0.0295502
0.0402066
0.0384715
0.0617005
0.0647973
0.0683334
0.0722296
0.0764146
0.0808222
0.085391
0.0898136
0.0899871
0.0901615
0.0903365
0.090512
0.0906877
0.0908633
0.0910387
0.0912135
0.0913877
0.091561
0.0917332
0.0919043
0.092074
0.0922422
0.0924087
0.0925734
0.0927359
0.0928961
0.0930536
0.093208
0.0933587
0.093505
0.0936462
0.0937813
0.093909
0.0940281
0.0941369
0.0942081
0.00989352
0.0295511
0.0402101
0.038471
0.0617046
0.0648026
0.0683396
0.0722365
0.0764222
0.0808305
0.0854
0.0898158
0.0899893
0.0901637
0.0903388
0.0905143
0.09069
0.0908657
0.091041
0.0912159
0.09139
0.0915633
0.0917356
0.0919067
0.0920764
0.0922446
0.0924112
0.0925758
0.0927384
0.0928986
0.0930561
0.0932105
0.0933612
0.0935076
0.0936488
0.0937839
0.0939116
0.0940307
0.0941395
0.0942108
0.00989413
0.0295528
0.0402155
0.0384693
0.0617102
0.06481
0.0683482
0.072246
0.0764324
0.0808414
0.0854119
0.0898241
0.0899976
0.090172
0.090347
0.0905226
0.0906982
0.0908739
0.0910492
0.0912241
0.0913982
0.0915715
0.0917437
0.0919148
0.0920845
0.0922527
0.0924192
0.0925839
0.0927464
0.0929066
0.0930641
0.0932185
0.0933691
0.0935155
0.0936567
0.0937917
0.0939194
0.0940385
0.0941473
0.0942185
0.00989479
0.0295568
0.0402249
0.0384666
0.0617188
0.0648208
0.0683598
0.072258
0.0764451
0.0808551
0.0854266
0.0898877
0.090061
0.0902352
0.0904101
0.0905854
0.0907609
0.0909363
0.0911114
0.0912861
0.09146
0.091633
0.091805
0.0919758
0.0921453
0.0923132
0.0924795
0.0926439
0.0928062
0.0929661
0.0931233
0.0932773
0.0934277
0.0935738
0.0937147
0.0938494
0.0939769
0.0940956
0.094204
0.0942748
0.00989545
0.0295686
0.0402393
0.0384633
0.0617193
0.0648179
0.0683525
0.0722469
0.0764308
0.0808378
0.0854064
0.0900806
0.0904153
0.0905892
0.0907638
0.0909387
0.0911137
0.0912887
0.0914632
0.0916372
0.0918105
0.0919829
0.0921541
0.0923241
0.0924928
0.0926599
0.0928252
0.0929887
0.09315
0.0933089
0.0934651
0.093618
0.0937672
0.093912
0.0940515
0.0941848
0.0943107
0.0944277
0.0945343
0.0945161
0.00989581
0.0292996
0.0399064
0.0383013
0.0614482
0.0645152
0.0680255
0.071897
0.076058
0.0804419
0.0849868
0.0896367
0.0916749
0.0918518
0.092029
0.0922063
0.0923835
0.0925605
0.0927368
0.0929125
0.0930872
0.0932608
0.0934331
0.093604
0.0937733
0.0939409
0.0941066
0.0942702
0.0944314
0.0945899
0.0947455
0.0948976
0.0950456
0.0951889
0.0953265
0.0954574
0.0955804
0.0956939
0.0957965
0.094044
0.00984406
0.027349
0.0361081
0.0345977
0.0550894
0.0584678
0.0622883
0.0664727
0.0709491
0.0756487
0.0805072
0.0854654
0.0866113
0.0867802
0.0869517
0.0871252
0.0873002
0.0874761
0.0876525
0.087829
0.0880053
0.0881811
0.0883561
0.0885301
0.0887028
0.0888741
0.0890438
0.0892116
0.0893771
0.0895401
0.0897001
0.0898565
0.0900087
0.0901557
0.0902964
0.0904293
0.0905526
0.0906641
0.0907604
0.0822732
0.00933181
0.0275963
0.0363945
0.0347467
0.0553341
0.0587442
0.0625896
0.0667974
0.0712967
0.0760197
0.0809022
0.0858844
0.0869252
0.0870934
0.0872642
0.087437
0.0876113
0.0877866
0.0879624
0.0881384
0.0883141
0.0884893
0.0886638
0.0888373
0.0890096
0.0891805
0.0893497
0.0895171
0.0896823
0.0898449
0.0900047
0.0901609
0.0903129
0.0904598
0.0906005
0.0907335
0.0908569
0.0909687
0.0910659
0.0826745
0.00937982
0.0275853
0.0363817
0.0347484
0.0553294
0.0587422
0.0625908
0.0668012
0.0713029
0.0760279
0.0809121
0.085896
0.086986
0.0871548
0.0873262
0.0874997
0.0876746
0.0878505
0.0880269
0.0882034
0.0883797
0.0885555
0.0887305
0.0889046
0.0890774
0.0892488
0.0894185
0.0895864
0.0897521
0.0899152
0.0900754
0.0902322
0.0903846
0.090532
0.0906732
0.0908066
0.0909304
0.0910426
0.0911402
0.0826563
0.00937883
0.0275814
0.0363729
0.0347499
0.0553198
0.0587303
0.0625777
0.0667871
0.0712875
0.076011
0.0808932
0.085875
0.086988
0.087157
0.0873286
0.0875022
0.0876773
0.0878534
0.0880299
0.0882066
0.0883831
0.0885591
0.0887343
0.0889085
0.0890814
0.089253
0.0894229
0.089591
0.0897568
0.0899201
0.0900805
0.0902374
0.09039
0.0905376
0.0906788
0.0908124
0.0909364
0.0910487
0.0911464
0.0826281
0.00937793
0.0275795
0.0363677
0.0347507
0.0553138
0.0587224
0.0625686
0.066777
0.0712764
0.0759988
0.0808799
0.0858603
0.0869849
0.0871538
0.0873254
0.087499
0.0876741
0.0878502
0.0880268
0.0882035
0.0883799
0.0885559
0.0887311
0.0889053
0.0890783
0.0892499
0.0894198
0.0895878
0.0897537
0.089917
0.0900774
0.0902343
0.0903869
0.0905345
0.0906757
0.0908093
0.0909333
0.0910455
0.0911433
0.082609
0.00937712
0.0275784
0.0363642
0.0347508
0.0553098
0.0587173
0.0625625
0.0667701
0.0712688
0.0759906
0.0808709
0.0858505
0.0869827
0.0871516
0.0873232
0.0874968
0.0876719
0.0878479
0.0880245
0.0882011
0.0883776
0.0885535
0.0887287
0.0889029
0.0890759
0.0892474
0.0894173
0.0895853
0.0897511
0.0899145
0.0900748
0.0902317
0.0903843
0.0905318
0.0906731
0.0908066
0.0909306
0.0910428
0.0911405
0.0825972
0.00937646
0.0275777
0.0363619
0.0347505
0.0553069
0.0587138
0.0625584
0.0667655
0.0712638
0.0759851
0.0808649
0.0858441
0.0869813
0.0871502
0.0873217
0.0874953
0.0876703
0.0878463
0.0880229
0.0881995
0.0883759
0.0885519
0.088727
0.0889012
0.0890741
0.0892456
0.0894155
0.0895835
0.0897493
0.0899126
0.0900729
0.0902298
0.0903824
0.0905299
0.0906711
0.0908046
0.0909285
0.0910407
0.0911384
0.0825903
0.00937593
0.0275771
0.0363602
0.0347501
0.0553048
0.0587114
0.0625557
0.0667624
0.0712604
0.0759814
0.080861
0.0858399
0.0869803
0.0871492
0.0873207
0.0874943
0.0876693
0.0878453
0.0880218
0.0881984
0.0883748
0.0885507
0.0887258
0.0889
0.0890729
0.0892444
0.0894143
0.0895822
0.089748
0.0899113
0.0900716
0.0902284
0.090381
0.0905284
0.0906696
0.0908031
0.090927
0.0910392
0.0911368
0.0825866
0.00937551
0.0275766
0.0363589
0.0347497
0.0553032
0.0587097
0.0625538
0.0667603
0.0712581
0.0759789
0.0808584
0.0858372
0.0869797
0.0871486
0.0873201
0.0874936
0.0876686
0.0878446
0.0880211
0.0881977
0.0883741
0.08855
0.0887251
0.0888992
0.0890721
0.0892436
0.0894135
0.0895814
0.0897472
0.0899104
0.0900707
0.0902275
0.0903801
0.0905275
0.0906687
0.0908022
0.0909261
0.0910383
0.0911359
0.0825846
0.00937517
0.0275762
0.036358
0.0347494
0.055302
0.0587085
0.0625525
0.0667589
0.0712565
0.0759772
0.0808566
0.0858354
0.0869791
0.087148
0.0873195
0.087493
0.087668
0.087844
0.0880205
0.0881971
0.0883735
0.0885493
0.0887244
0.0888986
0.0890715
0.0892429
0.0894128
0.0895807
0.0897465
0.0899097
0.09007
0.0902268
0.0903793
0.0905268
0.0906679
0.0908014
0.0909253
0.0910374
0.091135
0.0825836
0.00937491
0.0275759
0.0363573
0.034749
0.0553011
0.0587076
0.0625515
0.0667578
0.0712554
0.0759761
0.0808555
0.0858343
0.0869787
0.0871476
0.087319
0.0874926
0.0876676
0.0878435
0.08802
0.0881966
0.088373
0.0885489
0.088724
0.0888981
0.089071
0.0892425
0.0894123
0.0895802
0.089746
0.0899092
0.0900695
0.0902263
0.0903788
0.0905262
0.0906674
0.0908008
0.0909247
0.0910369
0.0911345
0.0825833
0.0093747
0.0275757
0.0363568
0.0347487
0.0553004
0.0587069
0.0625508
0.0667571
0.0712547
0.0759753
0.0808547
0.0858336
0.0869785
0.0871473
0.0873188
0.0874923
0.0876673
0.0878433
0.0880198
0.0881964
0.0883728
0.0885487
0.0887238
0.0888979
0.0890708
0.0892423
0.0894121
0.08958
0.0897458
0.089909
0.0900693
0.0902261
0.0903786
0.090526
0.0906672
0.0908006
0.0909245
0.0910367
0.0911343
0.0825834
0.00937453
0.0275755
0.0363564
0.0347485
0.0552999
0.0587064
0.0625503
0.0667565
0.0712541
0.0759748
0.0808543
0.0858332
0.0869782
0.087147
0.0873185
0.087492
0.087667
0.087843
0.0880195
0.0881961
0.0883725
0.0885484
0.0887235
0.0888976
0.0890705
0.089242
0.0894118
0.0895797
0.0897455
0.0899087
0.090069
0.0902258
0.0903783
0.0905257
0.0906669
0.0908003
0.0909242
0.0910364
0.091134
0.0825836
0.0093744
0.0275753
0.0363561
0.0347483
0.0552995
0.058706
0.0625498
0.0667561
0.0712538
0.0759745
0.080854
0.085833
0.086978
0.0871469
0.0873184
0.0874919
0.0876669
0.0878429
0.0880194
0.088196
0.0883724
0.0885483
0.0887234
0.0888975
0.0890704
0.0892419
0.0894117
0.0895796
0.0897454
0.0899086
0.0900689
0.0902257
0.0903782
0.0905257
0.0906669
0.0908003
0.0909242
0.0910363
0.0911339
0.0825839
0.00937429
0.0275751
0.0363558
0.0347481
0.0552992
0.0587056
0.0625495
0.0667559
0.0712535
0.0759743
0.0808538
0.0858329
0.0869779
0.0871468
0.0873183
0.0874918
0.0876668
0.0878428
0.0880193
0.0881959
0.0883723
0.0885482
0.0887233
0.0888974
0.0890703
0.0892418
0.0894116
0.0895796
0.0897454
0.0899086
0.0900689
0.0902257
0.0903782
0.0905257
0.0906668
0.0908003
0.0909241
0.0910363
0.0911339
0.0825842
0.0093742
0.027575
0.0363556
0.034748
0.0552989
0.0587054
0.0625493
0.0667557
0.0712533
0.0759742
0.0808538
0.0858328
0.0869777
0.0871466
0.0873181
0.0874917
0.0876667
0.0878427
0.0880192
0.0881958
0.0883722
0.0885481
0.0887232
0.0888973
0.0890702
0.0892417
0.0894115
0.0895795
0.0897452
0.0899085
0.0900688
0.0902256
0.0903781
0.0905256
0.0906667
0.0908002
0.0909241
0.0910362
0.0911338
0.0825845
0.00937414
0.0275749
0.0363555
0.0347479
0.0552987
0.0587052
0.0625492
0.0667555
0.0712532
0.0759741
0.0808537
0.0858328
0.0869777
0.0871465
0.087318
0.0874916
0.0876666
0.0878426
0.0880191
0.0881957
0.0883721
0.088548
0.0887231
0.0888972
0.0890701
0.0892416
0.0894115
0.0895794
0.0897452
0.0899084
0.0900687
0.0902255
0.090378
0.0905255
0.0906666
0.0908001
0.090924
0.0910361
0.0911337
0.0825847
0.00937409
0.0275749
0.0363554
0.0347478
0.0552986
0.0587051
0.0625491
0.0667554
0.0712532
0.075974
0.0808536
0.0858327
0.0869776
0.0871464
0.0873179
0.0874915
0.0876665
0.0878425
0.088019
0.0881956
0.088372
0.0885479
0.088723
0.0888971
0.08907
0.0892415
0.0894114
0.0895793
0.0897451
0.0899083
0.0900686
0.0902254
0.0903779
0.0905254
0.0906666
0.0908
0.0909239
0.091036
0.0911336
0.0825849
0.00937405
0.0275748
0.0363553
0.0347478
0.0552985
0.0587051
0.062549
0.0667554
0.0712531
0.075974
0.0808536
0.0858327
0.0869775
0.0871464
0.0873179
0.0874915
0.0876665
0.0878425
0.088019
0.0881956
0.088372
0.0885479
0.088723
0.0888971
0.08907
0.0892415
0.0894114
0.0895793
0.0897451
0.0899083
0.0900686
0.0902254
0.090378
0.0905254
0.0906666
0.0908
0.0909239
0.091036
0.0911336
0.082585
0.00937403
0.0275748
0.0363553
0.0347477
0.0552985
0.058705
0.062549
0.0667554
0.0712531
0.0759739
0.0808535
0.0858326
0.0869776
0.0871464
0.0873179
0.0874915
0.0876665
0.0878425
0.088019
0.0881956
0.088372
0.0885479
0.088723
0.0888971
0.08907
0.0892415
0.0894114
0.0895793
0.0897451
0.0899084
0.0900686
0.0902254
0.090378
0.0905254
0.0906666
0.0908
0.0909239
0.091036
0.0911336
0.082585
0.00937402
0.0275748
0.0363553
0.0347477
0.0552985
0.0587051
0.062549
0.0667554
0.0712531
0.0759739
0.0808535
0.0858326
0.0869775
0.0871464
0.0873179
0.0874914
0.0876664
0.0878424
0.0880189
0.0881955
0.0883719
0.0885478
0.0887229
0.088897
0.0890699
0.0892414
0.0894113
0.0895792
0.089745
0.0899082
0.0900685
0.0902253
0.0903778
0.0905253
0.0906664
0.0907999
0.0909238
0.0910359
0.0911335
0.082585
0.00937402
0.0275748
0.0363553
0.0347477
0.0552985
0.0587051
0.0625491
0.0667555
0.0712531
0.0759739
0.0808535
0.0858325
0.0869775
0.0871464
0.0873179
0.0874914
0.0876664
0.0878424
0.0880189
0.0881955
0.0883719
0.0885478
0.0887229
0.088897
0.0890699
0.0892414
0.0894113
0.0895792
0.089745
0.0899082
0.0900685
0.0902253
0.0903778
0.0905252
0.0906664
0.0907998
0.0909237
0.0910359
0.0911335
0.0825848
0.00937403
0.0275748
0.0363554
0.0347478
0.0552986
0.0587052
0.0625491
0.0667555
0.0712532
0.0759739
0.0808535
0.0858325
0.0869776
0.0871465
0.087318
0.0874915
0.0876665
0.0878425
0.088019
0.0881956
0.088372
0.0885479
0.088723
0.0888971
0.08907
0.0892415
0.0894113
0.0895793
0.089745
0.0899083
0.0900685
0.0902253
0.0903779
0.0905253
0.0906665
0.0907999
0.0909238
0.0910359
0.0911335
0.0825847
0.00937405
0.0275749
0.0363555
0.0347479
0.0552988
0.0587053
0.0625493
0.0667556
0.0712532
0.075974
0.0808535
0.0858325
0.0869777
0.0871465
0.087318
0.0874916
0.0876666
0.0878426
0.0880191
0.0881957
0.0883721
0.088548
0.0887231
0.0888972
0.0890701
0.0892416
0.0894114
0.0895794
0.0897451
0.0899084
0.0900687
0.0902254
0.090378
0.0905254
0.0906666
0.0908
0.0909239
0.0910361
0.0911337
0.0825845
0.00937409
0.027575
0.0363556
0.034748
0.055299
0.0587055
0.0625494
0.0667557
0.0712533
0.0759741
0.0808536
0.0858326
0.0869778
0.0871467
0.0873182
0.0874917
0.0876667
0.0878427
0.0880192
0.0881958
0.0883722
0.0885481
0.0887232
0.0888974
0.0890703
0.0892418
0.0894116
0.0895796
0.0897453
0.0899086
0.0900689
0.0902256
0.0903782
0.0905256
0.0906668
0.0908003
0.0909241
0.0910363
0.0911339
0.0825842
0.00937414
0.0275751
0.0363558
0.0347481
0.0552992
0.0587057
0.0625496
0.0667559
0.0712535
0.0759743
0.0808537
0.0858327
0.086978
0.0871469
0.0873184
0.0874919
0.0876669
0.0878429
0.0880194
0.088196
0.0883724
0.0885483
0.0887235
0.0888976
0.0890705
0.089242
0.0894118
0.0895798
0.0897456
0.0899088
0.0900691
0.0902259
0.0903784
0.0905259
0.090667
0.0908005
0.0909244
0.0910365
0.0911341
0.0825839
0.0093742
0.0275752
0.036356
0.0347483
0.0552995
0.058706
0.0625499
0.0667562
0.0712538
0.0759745
0.080854
0.0858329
0.0869782
0.087147
0.0873185
0.0874921
0.0876671
0.0878431
0.0880196
0.0881962
0.0883726
0.0885485
0.0887237
0.0888978
0.0890707
0.0892422
0.0894121
0.08958
0.0897458
0.089909
0.0900693
0.0902261
0.0903787
0.0905261
0.0906673
0.0908008
0.0909247
0.0910368
0.0911344
0.0825837
0.00937428
0.0275754
0.0363564
0.0347485
0.0552999
0.0587064
0.0625503
0.0667566
0.0712542
0.0759749
0.0808543
0.0858332
0.0869784
0.0871473
0.0873188
0.0874923
0.0876673
0.0878433
0.0880199
0.0881965
0.0883729
0.0885488
0.088724
0.0888981
0.089071
0.0892425
0.0894124
0.0895803
0.0897461
0.0899094
0.0900697
0.0902265
0.090379
0.0905265
0.0906677
0.0908011
0.090925
0.0910372
0.0911348
0.0825833
0.00937439
0.0275756
0.0363568
0.0347487
0.0553005
0.0587069
0.0625508
0.0667571
0.0712547
0.0759754
0.0808548
0.0858337
0.0869787
0.0871476
0.0873191
0.0874927
0.0876677
0.0878437
0.0880202
0.0881969
0.0883733
0.0885492
0.0887243
0.0888984
0.0890714
0.0892429
0.0894127
0.0895807
0.0897465
0.0899097
0.09007
0.0902268
0.0903794
0.0905268
0.090668
0.0908015
0.0909254
0.0910375
0.0911351
0.0825831
0.00937452
0.0275759
0.0363573
0.034749
0.0553012
0.0587076
0.0625515
0.0667578
0.0712554
0.0759761
0.0808555
0.0858344
0.086979
0.0871479
0.0873194
0.087493
0.087668
0.0878441
0.0880206
0.0881972
0.0883737
0.0885496
0.0887247
0.0888989
0.0890718
0.0892433
0.0894132
0.0895812
0.089747
0.0899102
0.0900706
0.0902274
0.0903799
0.0905274
0.0906686
0.0908021
0.090926
0.0910382
0.0911358
0.082583
0.00937469
0.0275762
0.036358
0.0347493
0.0553021
0.0587085
0.0625524
0.0667588
0.0712565
0.0759772
0.0808566
0.0858355
0.0869794
0.0871483
0.0873198
0.0874934
0.0876684
0.0878444
0.0880209
0.0881976
0.088374
0.0885499
0.088725
0.0888992
0.0890721
0.0892436
0.0894135
0.0895814
0.0897472
0.0899105
0.0900708
0.0902276
0.0903802
0.0905276
0.0906688
0.0908023
0.0909262
0.0910384
0.091136
0.0825834
0.00937491
0.0275766
0.0363589
0.0347497
0.0553032
0.0587098
0.0625538
0.0667602
0.071258
0.0759788
0.0808583
0.0858372
0.0869799
0.0871488
0.0873204
0.0874939
0.087669
0.087845
0.0880216
0.0881982
0.0883747
0.0885506
0.0887258
0.0889
0.0890729
0.0892444
0.0894143
0.0895823
0.0897481
0.0899114
0.0900717
0.0902286
0.0903812
0.0905286
0.0906699
0.0908034
0.0909273
0.0910395
0.0911371
0.0825842
0.00937517
0.0275771
0.0363602
0.0347501
0.0553048
0.0587115
0.0625557
0.0667623
0.0712603
0.0759813
0.0808608
0.0858398
0.0869805
0.0871494
0.087321
0.0874946
0.0876696
0.0878457
0.0880222
0.0881989
0.0883753
0.0885512
0.0887264
0.0889006
0.0890735
0.0892451
0.0894149
0.0895829
0.0897487
0.089912
0.0900724
0.0902292
0.0903818
0.0905293
0.0906705
0.090804
0.0909279
0.0910401
0.0911378
0.0825863
0.00937551
0.0275776
0.0363619
0.0347505
0.0553069
0.0587139
0.0625584
0.0667654
0.0712637
0.075985
0.0808647
0.0858439
0.0869813
0.0871502
0.0873218
0.0874954
0.0876705
0.0878466
0.0880232
0.0881999
0.0883764
0.0885524
0.0887276
0.0889018
0.0890748
0.0892463
0.0894162
0.0895843
0.0897501
0.0899134
0.0900738
0.0902306
0.0903833
0.0905308
0.0906721
0.0908056
0.0909296
0.0910418
0.0911395
0.08259
0.00937593
0.0275784
0.0363642
0.0347508
0.0553098
0.0587173
0.0625625
0.06677
0.0712688
0.0759905
0.0808706
0.0858502
0.0869825
0.0871514
0.087323
0.0874967
0.0876718
0.0878479
0.0880245
0.0882012
0.0883777
0.0885536
0.0887288
0.0889031
0.0890761
0.0892476
0.0894175
0.0895856
0.0897514
0.0899148
0.0900751
0.090232
0.0903846
0.0905322
0.0906734
0.090807
0.090931
0.0910432
0.0911409
0.0825969
0.00937647
0.0275795
0.0363677
0.0347507
0.0553139
0.0587225
0.0625686
0.0667769
0.0712764
0.0759987
0.0808797
0.0858601
0.086985
0.087154
0.0873257
0.0874994
0.0876745
0.0878507
0.0880273
0.088204
0.0883806
0.0885566
0.0887318
0.0889061
0.0890791
0.0892507
0.0894207
0.0895887
0.0897546
0.089918
0.0900784
0.0902353
0.090388
0.0905355
0.0906768
0.0908104
0.0909344
0.0910467
0.0911445
0.0826082
0.00937714
0.0275813
0.0363729
0.0347499
0.0553198
0.0587303
0.0625778
0.0667871
0.0712876
0.076011
0.0808932
0.0858749
0.0869935
0.0871626
0.0873342
0.087508
0.0876831
0.0878593
0.0880359
0.0882127
0.0883892
0.0885652
0.0887405
0.0889148
0.0890878
0.0892594
0.0894294
0.0895975
0.0897634
0.0899267
0.0900871
0.090244
0.0903967
0.0905443
0.0906856
0.0908192
0.0909433
0.0910556
0.0911533
0.0826273
0.00937793
0.0275853
0.0363817
0.0347484
0.0553295
0.0587424
0.0625911
0.0668015
0.0713031
0.0760282
0.0809122
0.0858962
0.0870523
0.0872211
0.0873926
0.0875661
0.087741
0.0879169
0.0880934
0.0882699
0.0884462
0.0886219
0.0887969
0.0889709
0.0891437
0.0893151
0.0894848
0.0896526
0.0898182
0.0899812
0.0901414
0.090298
0.0904503
0.0905976
0.0907386
0.0908718
0.0909955
0.0911074
0.0912048
0.0826559
0.0093788
0.0275964
0.0363948
0.034747
0.0553348
0.0587452
0.0625908
0.0667985
0.071298
0.0760214
0.0809038
0.0858861
0.0873684
0.0875368
0.0877076
0.0878805
0.0880547
0.0882299
0.0884055
0.0885812
0.0887566
0.0889314
0.0891054
0.0892784
0.0894501
0.0896203
0.0897889
0.0899555
0.0901199
0.0902816
0.0904404
0.0905956
0.0907465
0.0908922
0.0910315
0.0911629
0.0912846
0.0913944
0.0914894
0.0826749
0.00937948
0.0273498
0.0361116
0.0346031
0.0550995
0.0584792
0.0623005
0.0664852
0.0709615
0.075661
0.0805194
0.0854773
0.0884637
0.0886334
0.0888055
0.0889794
0.0891546
0.0893305
0.0895068
0.0896829
0.0898586
0.0900337
0.0902077
0.0903805
0.0905519
0.0907217
0.0908896
0.0910553
0.0912185
0.091379
0.0915361
0.0916894
0.0918381
0.0919811
0.0921173
0.0922451
0.0923624
0.0924671
0.0925555
0.0822766
0.0093308
0.0253416
0.0323221
0.0309588
0.0491789
0.0528807
0.0570187
0.0615235
0.0663233
0.0713462
0.0765232
0.0817918
0.083061
0.0832151
0.0833748
0.0835389
0.0837064
0.0838764
0.084048
0.0842207
0.0843938
0.0845671
0.08474
0.0849122
0.0850835
0.0852536
0.0854221
0.0855889
0.0857535
0.0859155
0.0860744
0.0862294
0.0863798
0.0865243
0.0866614
0.086789
0.0869044
0.0869902
0.0831961
0.0688576
0.00880345
0.0255649
0.0325594
0.0310889
0.0493867
0.0531184
0.0572799
0.0618068
0.0666281
0.0716723
0.076871
0.082161
0.0834007
0.0835549
0.0837146
0.0838787
0.0840462
0.0842161
0.0843878
0.0845604
0.0847336
0.0849068
0.0850797
0.085252
0.0854234
0.0855935
0.0857622
0.0859291
0.0860938
0.086256
0.0864152
0.0865706
0.0867213
0.0868663
0.0870039
0.0871321
0.0872484
0.0873408
0.0835658
0.0691645
0.00884809
0.0255544
0.032547
0.0310885
0.0493766
0.0531095
0.0572726
0.0618002
0.0666218
0.0716659
0.0768641
0.0821533
0.0834604
0.0836151
0.0837755
0.0839403
0.0841085
0.0842791
0.0844513
0.0846246
0.0847984
0.0849723
0.0851458
0.0853187
0.0854907
0.0856614
0.0858307
0.0859981
0.0861634
0.0863262
0.0864859
0.0866419
0.0867932
0.0869387
0.0870768
0.0872056
0.0873224
0.087415
0.0835306
0.0691301
0.00884663
0.0255504
0.0325386
0.0310888
0.0493661
0.0530965
0.057258
0.0617841
0.0666037
0.0716456
0.076841
0.0821271
0.0834604
0.0836154
0.0837759
0.0839408
0.0841091
0.0842799
0.0844523
0.0846257
0.0847997
0.0849737
0.0851474
0.0853204
0.0854925
0.0856634
0.0858328
0.0860004
0.0861659
0.0863288
0.0864886
0.0866447
0.0867961
0.0869417
0.08708
0.0872089
0.0873258
0.0874184
0.0834968
0.0691028
0.00884546
0.0255484
0.0325336
0.0310888
0.0493602
0.0530889
0.057249
0.061774
0.0665926
0.0716333
0.0768275
0.0821121
0.0834564
0.0836113
0.0837718
0.0839367
0.0841049
0.0842756
0.084448
0.0846214
0.0847953
0.0849693
0.085143
0.085316
0.085488
0.0856589
0.0858283
0.0859958
0.0861613
0.0863242
0.086484
0.08664
0.0867914
0.086937
0.0870753
0.0872041
0.087321
0.0874134
0.0834776
0.0690878
0.00884451
0.0255473
0.0325304
0.0310886
0.0493566
0.0530843
0.0572437
0.061768
0.066586
0.0716261
0.0768197
0.0821037
0.0834537
0.0836086
0.083769
0.0839339
0.0841021
0.0842728
0.0844451
0.0846185
0.0847924
0.0849663
0.0851399
0.0853129
0.0854849
0.0856558
0.0858251
0.0859926
0.086158
0.0863209
0.0864806
0.0866367
0.086788
0.0869336
0.0870718
0.0872006
0.0873174
0.0874096
0.0834678
0.0690801
0.0088438
0.0255464
0.0325283
0.0310882
0.0493542
0.0530815
0.0572404
0.0617644
0.0665821
0.0716219
0.0768153
0.0820991
0.0834521
0.0836069
0.0837674
0.0839322
0.0841004
0.084271
0.0844433
0.0846167
0.0847905
0.0849644
0.085138
0.085311
0.085483
0.0856538
0.0858231
0.0859906
0.086156
0.0863188
0.0864785
0.0866345
0.0867859
0.0869314
0.0870696
0.0871984
0.0873151
0.0874073
0.0834629
0.0690764
0.00884326
0.0255458
0.0325268
0.0310878
0.0493526
0.0530797
0.0572384
0.0617622
0.0665797
0.0716194
0.0768128
0.0820965
0.083451
0.0836058
0.0837662
0.083931
0.0840991
0.0842697
0.084442
0.0846154
0.0847892
0.0849631
0.0851367
0.0853096
0.0854816
0.0856523
0.0858216
0.0859891
0.0861544
0.0863172
0.0864769
0.0866329
0.0867842
0.0869297
0.0870678
0.0871966
0.0873133
0.0874054
0.0834607
0.0690748
0.00884286
0.0255454
0.0325258
0.0310875
0.0493515
0.0530786
0.0572372
0.0617608
0.0665782
0.071618
0.0768113
0.0820952
0.0834502
0.083605
0.0837654
0.0839302
0.0840983
0.0842689
0.0844412
0.0846145
0.0847883
0.0849622
0.0851357
0.0853086
0.0854806
0.0856514
0.0858206
0.0859881
0.0861534
0.0863162
0.0864759
0.0866318
0.0867831
0.0869286
0.0870667
0.0871954
0.0873121
0.0874041
0.0834599
0.0690744
0.00884256
0.025545
0.032525
0.0310871
0.0493507
0.0530777
0.0572363
0.0617599
0.0665773
0.0716171
0.0768105
0.0820944
0.0834496
0.0836043
0.0837647
0.0839295
0.0840976
0.0842682
0.0844405
0.0846138
0.0847876
0.0849615
0.085135
0.0853079
0.0854798
0.0856506
0.0858198
0.0859873
0.0861526
0.0863154
0.086475
0.0866309
0.0867822
0.0869277
0.0870658
0.0871945
0.0873112
0.0874031
0.0834599
0.0690744
0.00884233
0.0255447
0.0325245
0.0310869
0.0493501
0.0530771
0.0572357
0.0617593
0.0665767
0.0716165
0.07681
0.082094
0.083449
0.0836038
0.0837642
0.0839289
0.0840971
0.0842676
0.0844399
0.0846132
0.084787
0.0849608
0.0851343
0.0853072
0.0854792
0.0856499
0.0858191
0.0859866
0.0861519
0.0863146
0.0864743
0.0866302
0.0867814
0.0869269
0.087065
0.0871937
0.0873103
0.0874023
0.0834603
0.0690747
0.00884215
0.0255445
0.0325241
0.0310866
0.0493496
0.0530767
0.0572353
0.0617589
0.0665763
0.0716162
0.0768097
0.0820939
0.0834488
0.0836035
0.0837639
0.0839287
0.0840968
0.0842674
0.0844396
0.0846129
0.0847867
0.0849605
0.0851341
0.0853069
0.0854789
0.0856496
0.0858188
0.0859863
0.0861516
0.0863143
0.086474
0.0866299
0.0867811
0.0869266
0.0870646
0.0871933
0.08731
0.0874019
0.0834609
0.0690751
0.00884201
0.0255443
0.0325238
0.0310865
0.0493493
0.0530764
0.057235
0.0617586
0.0665761
0.071616
0.0768096
0.0820938
0.0834483
0.0836031
0.0837635
0.0839282
0.0840964
0.0842669
0.0844392
0.0846125
0.0847863
0.0849601
0.0851336
0.0853065
0.0854784
0.0856491
0.0858184
0.0859858
0.0861511
0.0863138
0.0864735
0.0866293
0.0867806
0.086926
0.0870641
0.0871928
0.0873094
0.0874013
0.0834614
0.0690756
0.0088419
0.0255441
0.0325235
0.0310863
0.049349
0.0530761
0.0572348
0.0617584
0.0665759
0.0716159
0.0768096
0.0820939
0.0834482
0.083603
0.0837633
0.0839281
0.0840962
0.0842668
0.0844391
0.0846124
0.0847861
0.08496
0.0851335
0.0853064
0.0854783
0.085649
0.0858183
0.0859857
0.086151
0.0863137
0.0864734
0.0866293
0.0867805
0.0869259
0.087064
0.0871927
0.0873093
0.0874012
0.0834619
0.069076
0.00884181
0.025544
0.0325234
0.0310862
0.0493488
0.0530759
0.0572346
0.0617582
0.0665758
0.0716158
0.0768096
0.082094
0.083448
0.0836028
0.0837632
0.0839279
0.0840961
0.0842667
0.0844389
0.0846122
0.084786
0.0849599
0.0851334
0.0853062
0.0854782
0.0856489
0.0858181
0.0859856
0.0861509
0.0863136
0.0864732
0.0866291
0.0867804
0.0869258
0.0870639
0.0871926
0.0873092
0.0874011
0.0834624
0.0690764
0.00884175
0.0255439
0.0325232
0.0310861
0.0493487
0.0530758
0.0572345
0.0617582
0.0665757
0.0716158
0.0768096
0.0820941
0.0834479
0.0836027
0.083763
0.0839278
0.084096
0.0842665
0.0844388
0.0846121
0.0847859
0.0849598
0.0851333
0.0853062
0.0854781
0.0856488
0.0858181
0.0859855
0.0861508
0.0863135
0.0864732
0.0866291
0.0867803
0.0869258
0.0870639
0.0871925
0.0873092
0.087401
0.0834628
0.0690767
0.00884169
0.0255438
0.0325231
0.031086
0.0493486
0.0530757
0.0572344
0.0617581
0.0665757
0.0716158
0.0768097
0.0820941
0.0834478
0.0836026
0.083763
0.0839278
0.0840959
0.0842665
0.0844387
0.084612
0.0847858
0.0849597
0.0851332
0.0853061
0.085478
0.0856488
0.085818
0.0859854
0.0861507
0.0863135
0.0864731
0.086629
0.0867803
0.0869257
0.0870638
0.0871925
0.0873091
0.087401
0.0834632
0.0690769
0.00884166
0.0255438
0.0325231
0.031086
0.0493485
0.0530757
0.0572344
0.0617581
0.0665757
0.0716158
0.0768097
0.0820942
0.0834477
0.0836025
0.0837629
0.0839277
0.0840958
0.0842664
0.0844386
0.0846119
0.0847857
0.0849596
0.0851331
0.085306
0.085478
0.0856487
0.0858179
0.0859854
0.0861507
0.0863134
0.0864731
0.086629
0.0867802
0.0869257
0.0870637
0.0871924
0.0873091
0.0874009
0.0834634
0.0690771
0.00884163
0.0255437
0.032523
0.0310859
0.0493485
0.0530756
0.0572343
0.0617581
0.0665757
0.0716158
0.0768097
0.0820942
0.0834477
0.0836025
0.0837629
0.0839277
0.0840958
0.0842664
0.0844387
0.084612
0.0847858
0.0849596
0.0851331
0.085306
0.085478
0.0856487
0.085818
0.0859854
0.0861507
0.0863135
0.0864731
0.086629
0.0867803
0.0869257
0.0870638
0.0871925
0.0873091
0.0874009
0.0834635
0.0690773
0.00884161
0.0255437
0.032523
0.0310859
0.0493484
0.0530756
0.0572343
0.061758
0.0665757
0.0716158
0.0768097
0.0820942
0.0834477
0.0836025
0.0837629
0.0839277
0.0840958
0.0842664
0.0844387
0.084612
0.0847858
0.0849596
0.0851332
0.0853061
0.085478
0.0856487
0.085818
0.0859854
0.0861507
0.0863135
0.0864731
0.086629
0.0867803
0.0869257
0.0870638
0.0871925
0.0873091
0.087401
0.0834636
0.0690773
0.0088416
0.0255437
0.032523
0.0310859
0.0493484
0.0530756
0.0572343
0.061758
0.0665757
0.0716158
0.0768096
0.0820941
0.0834477
0.0836025
0.0837628
0.0839276
0.0840957
0.0842663
0.0844386
0.0846119
0.0847857
0.0849595
0.0851331
0.085306
0.0854779
0.0856486
0.0858179
0.0859853
0.0861506
0.0863134
0.086473
0.0866289
0.0867802
0.0869256
0.0870637
0.0871924
0.087309
0.0874008
0.0834636
0.0690773
0.0088416
0.0255437
0.032523
0.0310859
0.0493485
0.0530756
0.0572343
0.061758
0.0665757
0.0716157
0.0768096
0.0820941
0.0834477
0.0836025
0.0837629
0.0839276
0.0840958
0.0842664
0.0844386
0.0846119
0.0847857
0.0849596
0.0851331
0.085306
0.0854779
0.0856486
0.0858179
0.0859853
0.0861506
0.0863134
0.086473
0.0866289
0.0867802
0.0869256
0.0870637
0.0871924
0.087309
0.0874008
0.0834635
0.0690772
0.00884161
0.0255438
0.0325231
0.0310859
0.0493485
0.0530757
0.0572344
0.061758
0.0665756
0.0716157
0.0768095
0.082094
0.0834478
0.0836026
0.0837629
0.0839277
0.0840958
0.0842664
0.0844387
0.084612
0.0847858
0.0849596
0.0851332
0.085306
0.085478
0.0856487
0.0858179
0.0859854
0.0861507
0.0863134
0.0864731
0.086629
0.0867802
0.0869257
0.0870637
0.0871924
0.0873091
0.0874009
0.0834633
0.0690771
0.00884162
0.0255438
0.0325232
0.031086
0.0493486
0.0530758
0.0572344
0.0617581
0.0665756
0.0716157
0.0768095
0.082094
0.0834479
0.0836026
0.083763
0.0839278
0.0840959
0.0842665
0.0844388
0.0846121
0.0847858
0.0849597
0.0851332
0.0853061
0.0854781
0.0856488
0.085818
0.0859855
0.0861508
0.0863135
0.0864732
0.0866291
0.0867804
0.0869258
0.0870639
0.0871926
0.0873092
0.087401
0.0834631
0.0690769
0.00884165
0.0255439
0.0325233
0.0310861
0.0493487
0.0530758
0.0572345
0.0617581
0.0665757
0.0716157
0.0768095
0.0820939
0.083448
0.0836028
0.0837631
0.0839279
0.0840961
0.0842666
0.0844389
0.0846122
0.084786
0.0849599
0.0851334
0.0853063
0.0854782
0.085649
0.0858182
0.0859857
0.086151
0.0863137
0.0864734
0.0866293
0.0867805
0.086926
0.0870641
0.0871928
0.0873094
0.0874012
0.0834627
0.0690766
0.00884169
0.025544
0.0325234
0.0310862
0.0493489
0.053076
0.0572346
0.0617582
0.0665757
0.0716157
0.0768095
0.0820939
0.0834482
0.083603
0.0837633
0.0839281
0.0840963
0.0842668
0.0844391
0.0846124
0.0847862
0.0849601
0.0851336
0.0853065
0.0854785
0.0856492
0.0858184
0.0859859
0.0861512
0.086314
0.0864736
0.0866295
0.0867808
0.0869262
0.0870643
0.087193
0.0873097
0.0874015
0.0834623
0.0690763
0.00884174
0.0255441
0.0325236
0.0310863
0.0493491
0.0530762
0.0572347
0.0617583
0.0665758
0.0716158
0.0768096
0.0820939
0.0834484
0.0836032
0.0837635
0.0839283
0.0840965
0.0842671
0.0844393
0.0846126
0.0847864
0.0849603
0.0851339
0.0853068
0.0854787
0.0856495
0.0858187
0.0859862
0.0861515
0.0863143
0.0864739
0.0866298
0.0867811
0.0869266
0.0870646
0.0871934
0.08731
0.0874019
0.0834619
0.0690759
0.00884181
0.0255443
0.0325238
0.0310865
0.0493493
0.0530764
0.0572349
0.0617585
0.066576
0.0716159
0.0768096
0.0820939
0.0834486
0.0836034
0.0837638
0.0839286
0.0840967
0.0842673
0.0844396
0.0846129
0.0847867
0.0849606
0.0851341
0.085307
0.085479
0.0856497
0.085819
0.0859864
0.0861518
0.0863145
0.0864742
0.0866301
0.0867814
0.0869268
0.0870649
0.0871936
0.0873103
0.0874021
0.0834613
0.0690755
0.00884189
0.0255445
0.0325241
0.0310867
0.0493497
0.0530767
0.0572352
0.0617588
0.0665762
0.0716162
0.0768098
0.082094
0.083449
0.0836038
0.0837642
0.083929
0.0840971
0.0842677
0.08444
0.0846133
0.0847872
0.084961
0.0851346
0.0853075
0.0854795
0.0856502
0.0858195
0.085987
0.0861523
0.0863151
0.0864748
0.0866307
0.086782
0.0869274
0.0870655
0.0871942
0.0873109
0.0874028
0.0834607
0.0690751
0.008842
0.0255447
0.0325245
0.0310869
0.0493501
0.0530771
0.0572357
0.0617592
0.0665766
0.0716165
0.07681
0.0820942
0.0834494
0.0836042
0.0837646
0.0839294
0.0840975
0.0842681
0.0844404
0.0846137
0.0847876
0.0849614
0.085135
0.0853079
0.0854798
0.0856506
0.0858199
0.0859873
0.0861526
0.0863154
0.0864751
0.086631
0.0867823
0.0869278
0.0870658
0.0871946
0.0873112
0.0874031
0.0834602
0.0690745
0.00884214
0.025545
0.0325251
0.0310872
0.0493507
0.0530777
0.0572362
0.0617598
0.0665772
0.071617
0.0768105
0.0820945
0.0834498
0.0836046
0.083765
0.0839298
0.084098
0.0842686
0.0844409
0.0846142
0.0847881
0.084962
0.0851355
0.0853085
0.0854804
0.0856512
0.0858205
0.085988
0.0861533
0.0863161
0.0864758
0.0866317
0.086783
0.0869285
0.0870666
0.0871954
0.0873121
0.087404
0.0834595
0.0690742
0.00884232
0.0255453
0.0325258
0.0310875
0.0493515
0.0530785
0.0572371
0.0617607
0.0665781
0.071618
0.0768114
0.0820952
0.0834504
0.0836052
0.0837657
0.0839305
0.0840987
0.0842693
0.0844416
0.0846149
0.0847888
0.0849627
0.0851362
0.0853092
0.0854811
0.0856519
0.0858212
0.0859887
0.086154
0.0863168
0.0864765
0.0866324
0.0867837
0.0869292
0.0870673
0.087196
0.0873127
0.0874047
0.0834596
0.0690741
0.00884256
0.0255458
0.0325268
0.0310878
0.0493526
0.0530797
0.0572384
0.0617621
0.0665796
0.0716194
0.0768128
0.0820966
0.0834512
0.083606
0.0837665
0.0839313
0.0840996
0.0842702
0.0844426
0.0846159
0.0847898
0.0849638
0.0851374
0.0853103
0.0854823
0.0856532
0.0858225
0.08599
0.0861554
0.0863182
0.0864779
0.0866339
0.0867852
0.0869307
0.0870689
0.0871977
0.0873144
0.0874064
0.0834601
0.0690747
0.00884285
0.0255464
0.0325283
0.0310882
0.0493542
0.0530815
0.0572404
0.0617643
0.066582
0.0716219
0.0768153
0.0820991
0.0834521
0.083607
0.0837674
0.0839323
0.0841005
0.0842712
0.0844435
0.0846169
0.0847908
0.0849647
0.0851383
0.0853113
0.0854833
0.0856541
0.0858234
0.0859909
0.0861563
0.0863191
0.0864788
0.0866348
0.0867861
0.0869316
0.0870698
0.0871986
0.0873153
0.0874074
0.0834625
0.0690761
0.00884326
0.0255472
0.0325304
0.0310886
0.0493566
0.0530843
0.0572436
0.061768
0.066586
0.0716261
0.0768197
0.0821037
0.0834536
0.0836085
0.083769
0.083934
0.0841022
0.084273
0.0844454
0.0846188
0.0847927
0.0849667
0.0851403
0.0853133
0.0854854
0.0856563
0.0858256
0.0859932
0.0861586
0.0863215
0.0864813
0.0866373
0.0867887
0.0869342
0.0870724
0.0872013
0.087318
0.0874103
0.083467
0.0690796
0.00884379
0.0255484
0.0325336
0.0310888
0.0493602
0.0530888
0.057249
0.061774
0.0665926
0.0716332
0.0768274
0.082112
0.0834565
0.0836115
0.083772
0.083937
0.0841052
0.084276
0.0844484
0.0846218
0.0847958
0.0849698
0.0851435
0.0853165
0.0854886
0.0856594
0.0858288
0.0859964
0.0861618
0.0863247
0.0864845
0.0866406
0.086792
0.0869376
0.0870758
0.0872046
0.0873214
0.0874138
0.0834769
0.0690875
0.00884451
0.0255504
0.0325386
0.0310888
0.0493661
0.0530965
0.057258
0.0617841
0.0666037
0.0716455
0.0768409
0.0821269
0.0834655
0.0836205
0.0837811
0.0839461
0.0841145
0.0842853
0.0844578
0.0846313
0.0848053
0.0849794
0.0851531
0.0853262
0.0854983
0.0856692
0.0858387
0.0860063
0.0861718
0.0863347
0.0864946
0.0866507
0.0868021
0.0869478
0.087086
0.087215
0.0873318
0.0874244
0.0834962
0.0691024
0.00884544
0.0255544
0.0325471
0.0310886
0.0493767
0.0531095
0.0572727
0.0618004
0.0666219
0.071666
0.0768641
0.0821532
0.0835196
0.0836744
0.0838348
0.0839996
0.0841678
0.0843383
0.0845106
0.0846839
0.0848576
0.0850314
0.0852049
0.0853777
0.0855496
0.0857203
0.0858894
0.0860568
0.086222
0.0863846
0.0865442
0.0867
0.0868511
0.0869964
0.0871344
0.0872629
0.0873794
0.0874717
0.0835303
0.0691299
0.00884661
0.025565
0.0325597
0.0310893
0.0493873
0.053119
0.0572807
0.0618076
0.066629
0.0716735
0.0768723
0.0821622
0.0837952
0.0839491
0.0841086
0.0842725
0.0844396
0.0846091
0.0847802
0.0849523
0.0851249
0.0852974
0.0854696
0.0856411
0.0858115
0.0859807
0.0861484
0.0863142
0.0864778
0.0866388
0.0867967
0.0869507
0.0871
0.0872433
0.0873791
0.0875054
0.0876195
0.0877091
0.0835665
0.0691644
0.00884779
0.0253424
0.0323259
0.0309647
0.0491901
0.0528929
0.0570317
0.0615372
0.066337
0.0713595
0.0765363
0.0818044
0.0847138
0.084867
0.0850256
0.0851885
0.0853547
0.0855232
0.0856932
0.0858641
0.0860354
0.0862065
0.0863771
0.0865468
0.0867154
0.0868826
0.087048
0.0872114
0.0873723
0.0875304
0.087685
0.0878355
0.0879808
0.0881198
0.0882508
0.0883715
0.0884789
0.0885545
0.0831988
0.0688604
0.00880266
0.0232271
0.0286279
0.0274384
0.0437871
0.0478097
0.0522764
0.0571229
0.0622731
0.067649
0.0731744
0.0787642
0.078873
0.0789925
0.0791204
0.0792545
0.0793929
0.0795343
0.0796774
0.0798212
0.0799648
0.0801076
0.0802491
0.0803887
0.0805261
0.0806608
0.0807926
0.080921
0.0810455
0.0811655
0.0812804
0.0813891
0.0814903
0.0815821
0.0816621
0.0817264
0.0817228
0.0814582
0.072264
0.0541231
0.00824704
0.0234259
0.0288173
0.0275484
0.0439513
0.0479976
0.0524811
0.0573423
0.0625058
0.0678932
0.0734292
0.0790455
0.0792358
0.0793562
0.0794849
0.0796198
0.079759
0.0799012
0.0800451
0.0801896
0.080334
0.0804776
0.0806199
0.0807605
0.0808988
0.0810346
0.0811674
0.0812969
0.0814226
0.081544
0.0816603
0.0817705
0.0818733
0.081967
0.0820489
0.0821156
0.0821428
0.0819141
0.0725273
0.0543175
0.00828688
0.0234152
0.0288043
0.0275458
0.0439363
0.0479822
0.0524654
0.0573252
0.0624865
0.067871
0.0734035
0.0790156
0.0792933
0.0794143
0.0795436
0.0796791
0.079819
0.0799619
0.0801063
0.0802515
0.0803965
0.0805407
0.0806836
0.0808247
0.0809637
0.0811
0.0812334
0.0813634
0.0814897
0.0816116
0.0817284
0.0818391
0.0819425
0.0820366
0.082119
0.0821862
0.0822124
0.0819816
0.0724828
0.0542803
0.00828472
0.0234109
0.0287963
0.0275451
0.0439263
0.0479698
0.0524514
0.0573096
0.062469
0.0678512
0.0733809
0.07899
0.0792911
0.0794122
0.0795416
0.0796773
0.0798173
0.0799602
0.0801047
0.08025
0.0803951
0.0805394
0.0806824
0.0808236
0.0809626
0.081099
0.0812325
0.0813626
0.081489
0.0816109
0.0817278
0.0818385
0.0819419
0.0820361
0.0821185
0.0821857
0.0822107
0.0819784
0.0724572
0.0542621
0.00828329
0.0234088
0.0287917
0.0275448
0.0439215
0.0479637
0.0524443
0.0573018
0.0624605
0.067842
0.0733711
0.0789793
0.0792861
0.0794072
0.0795365
0.0796721
0.079812
0.0799549
0.0800994
0.0802446
0.0803897
0.0805339
0.0806768
0.080818
0.0809569
0.0810932
0.0812267
0.0813567
0.081483
0.0816048
0.0817216
0.0818323
0.0819356
0.0820297
0.082112
0.082179
0.0822032
0.0819698
0.0724456
0.0542543
0.00828231
0.0234076
0.028789
0.0275445
0.0439189
0.0479605
0.0524406
0.0572978
0.0624564
0.0678378
0.0733668
0.078975
0.0792829
0.0794039
0.0795332
0.0796687
0.0798086
0.0799514
0.0800959
0.080241
0.080386
0.0805302
0.080673
0.0808141
0.080953
0.0810892
0.0812226
0.0813526
0.0814787
0.0816005
0.0817172
0.0818278
0.081931
0.082025
0.0821073
0.0821742
0.0821978
0.0819637
0.0724411
0.0542514
0.00828164
0.0234068
0.0287873
0.0275441
0.0439174
0.0479587
0.0524387
0.0572958
0.0624543
0.0678359
0.0733652
0.0789737
0.079281
0.079402
0.0795313
0.0796667
0.0798066
0.0799494
0.0800938
0.0802389
0.0803839
0.080528
0.0806709
0.0808119
0.0809507
0.0810869
0.0812202
0.0813502
0.0814763
0.081598
0.0817147
0.0818252
0.0819284
0.0820223
0.0821045
0.0821713
0.0821945
0.0819599
0.0724396
0.0542506
0.00828116
0.0234062
0.0287862
0.0275438
0.0439164
0.0479577
0.0524376
0.0572948
0.0624534
0.0678351
0.0733647
0.0789735
0.0792798
0.0794007
0.07953
0.0796654
0.0798052
0.079948
0.0800924
0.0802374
0.0803824
0.0805265
0.0806693
0.0808103
0.0809491
0.0810853
0.0812185
0.0813485
0.0814745
0.0815963
0.0817129
0.0818234
0.0819265
0.0820204
0.0821025
0.0821693
0.0821921
0.0819572
0.0724396
0.0542506
0.00828083
0.0234058
0.0287855
0.0275435
0.0439158
0.0479571
0.052437
0.0572942
0.0624529
0.0678349
0.0733646
0.0789738
0.0792789
0.0793998
0.079529
0.0796645
0.0798043
0.079947
0.0800914
0.0802364
0.0803813
0.0805255
0.0806682
0.0808092
0.0809479
0.0810841
0.0812174
0.0813472
0.0814733
0.081595
0.0817115
0.081822
0.0819251
0.0820189
0.082101
0.0821677
0.0821904
0.0819551
0.07244
0.0542511
0.00828058
0.0234054
0.0287849
0.0275433
0.0439154
0.0479567
0.0524367
0.0572939
0.0624527
0.0678348
0.0733648
0.0789742
0.0792782
0.0793991
0.0795283
0.0796637
0.0798035
0.0799462
0.0800906
0.0802357
0.0803806
0.0805247
0.0806674
0.0808084
0.0809471
0.0810833
0.0812165
0.0813463
0.0814724
0.081594
0.0817106
0.081821
0.0819241
0.0820179
0.0820999
0.0821666
0.0821891
0.0819536
0.0724406
0.0542516
0.0082804
0.0234052
0.0287846
0.0275431
0.0439151
0.0479565
0.0524365
0.0572938
0.0624526
0.0678348
0.073365
0.0789746
0.0792776
0.0793985
0.0795277
0.0796631
0.0798028
0.0799455
0.0800899
0.0802349
0.0803798
0.0805238
0.0806666
0.0808075
0.0809462
0.0810824
0.0812155
0.0813454
0.0814714
0.081593
0.0817095
0.08182
0.081923
0.0820167
0.0820987
0.0821654
0.0821877
0.0819522
0.0724412
0.0542521
0.00828027
0.023405
0.0287843
0.0275429
0.0439148
0.0479563
0.0524363
0.0572937
0.0624526
0.0678349
0.0733651
0.0789749
0.0792773
0.0793982
0.0795274
0.0796627
0.0798025
0.0799452
0.0800895
0.0802345
0.0803794
0.0805235
0.0806662
0.0808071
0.0809458
0.0810819
0.0812151
0.0813449
0.0814709
0.0815926
0.081709
0.0818194
0.0819224
0.0820162
0.0820982
0.0821648
0.082187
0.0819513
0.0724418
0.0542525
0.00828017
0.0234048
0.0287841
0.0275428
0.0439147
0.0479561
0.0524362
0.0572936
0.0624526
0.0678349
0.0733653
0.0789752
0.0792768
0.0793977
0.0795268
0.0796622
0.079802
0.0799446
0.080089
0.080234
0.0803788
0.0805229
0.0806656
0.0808065
0.0809452
0.0810813
0.0812144
0.0813442
0.0814702
0.0815918
0.0817083
0.0818186
0.0819216
0.0820153
0.0820973
0.0821639
0.0821861
0.0819503
0.0724423
0.0542529
0.00828009
0.0234047
0.0287839
0.0275427
0.0439145
0.047956
0.0524361
0.0572936
0.0624526
0.067835
0.0733654
0.0789754
0.0792766
0.0793975
0.0795266
0.079662
0.0798018
0.0799444
0.0800888
0.0802338
0.0803786
0.0805227
0.0806654
0.0808062
0.0809449
0.081081
0.0812142
0.081344
0.0814699
0.0815915
0.081708
0.0818183
0.0819213
0.082015
0.082097
0.0821636
0.0821856
0.0819498
0.0724428
0.0542532
0.00828003
0.0234045
0.0287838
0.0275426
0.0439144
0.0479559
0.0524361
0.0572935
0.0624526
0.0678351
0.0733655
0.0789756
0.0792764
0.0793972
0.0795264
0.0796618
0.0798016
0.0799442
0.0800885
0.0802335
0.0803784
0.0805224
0.0806651
0.080806
0.0809447
0.0810808
0.0812139
0.0813437
0.0814697
0.0815912
0.0817077
0.0818181
0.081921
0.0820147
0.0820966
0.0821632
0.0821853
0.0819493
0.0724432
0.0542535
0.00827998
0.0234045
0.0287837
0.0275425
0.0439144
0.0479559
0.052436
0.0572935
0.0624526
0.0678351
0.0733657
0.0789758
0.0792762
0.0793971
0.0795263
0.0796617
0.0798014
0.0799441
0.0800884
0.0802334
0.0803782
0.0805223
0.080665
0.0808059
0.0809446
0.0810806
0.0812138
0.0813436
0.0814695
0.0815911
0.0817075
0.0818179
0.0819208
0.0820145
0.0820965
0.082163
0.082185
0.0819491
0.0724435
0.0542537
0.00827994
0.0234044
0.0287837
0.0275425
0.0439143
0.0479558
0.052436
0.0572935
0.0624526
0.0678352
0.0733658
0.0789759
0.0792761
0.079397
0.0795262
0.0796616
0.0798013
0.079944
0.0800883
0.0802333
0.0803781
0.0805222
0.0806649
0.0808058
0.0809445
0.0810805
0.0812137
0.0813434
0.0814694
0.081591
0.0817074
0.0818178
0.0819207
0.0820144
0.0820963
0.0821629
0.0821848
0.0819489
0.0724437
0.0542539
0.00827991
0.0234044
0.0287836
0.0275424
0.0439143
0.0479558
0.052436
0.0572935
0.0624527
0.0678352
0.0733659
0.0789761
0.079276
0.0793969
0.0795261
0.0796615
0.0798012
0.0799439
0.0800882
0.0802332
0.0803781
0.0805221
0.0806648
0.0808057
0.0809444
0.0810805
0.0812136
0.0813434
0.0814693
0.0815909
0.0817073
0.0818177
0.0819206
0.0820143
0.0820962
0.0821628
0.0821847
0.0819487
0.0724439
0.0542541
0.00827989
0.0234043
0.0287836
0.0275424
0.0439143
0.0479558
0.052436
0.0572935
0.0624527
0.0678353
0.0733659
0.0789761
0.079276
0.0793969
0.0795261
0.0796615
0.0798012
0.0799439
0.0800882
0.0802332
0.0803781
0.0805221
0.0806648
0.0808057
0.0809444
0.0810805
0.0812136
0.0813434
0.0814693
0.0815909
0.0817074
0.0818177
0.0819206
0.0820143
0.0820962
0.0821628
0.0821847
0.0819487
0.072444
0.0542542
0.00827988
0.0234043
0.0287836
0.0275424
0.0439143
0.0479558
0.052436
0.0572935
0.0624527
0.0678353
0.0733659
0.0789762
0.079276
0.0793969
0.0795261
0.0796615
0.0798013
0.0799439
0.0800883
0.0802333
0.0803781
0.0805221
0.0806648
0.0808057
0.0809444
0.0810805
0.0812136
0.0813434
0.0814694
0.0815909
0.0817074
0.0818177
0.0819207
0.0820143
0.0820962
0.0821628
0.0821847
0.0819487
0.0724441
0.0542542
0.00827987
0.0234043
0.0287836
0.0275424
0.0439143
0.0479558
0.052436
0.0572935
0.0624527
0.0678353
0.073366
0.0789762
0.079276
0.0793969
0.0795261
0.0796615
0.0798012
0.0799439
0.0800882
0.0802332
0.0803781
0.0805221
0.0806648
0.0808057
0.0809444
0.0810805
0.0812136
0.0813434
0.0814693
0.0815909
0.0817073
0.0818177
0.0819206
0.0820143
0.0820962
0.0821628
0.0821847
0.0819486
0.0724441
0.0542542
0.00827987
0.0234043
0.0287836
0.0275424
0.0439143
0.0479558
0.052436
0.0572935
0.0624527
0.0678353
0.073366
0.0789762
0.079276
0.0793969
0.0795261
0.0796615
0.0798013
0.0799439
0.0800883
0.0802333
0.0803781
0.0805222
0.0806649
0.0808057
0.0809444
0.0810805
0.0812137
0.0813434
0.0814694
0.081591
0.0817074
0.0818178
0.0819207
0.0820144
0.0820963
0.0821628
0.0821848
0.0819487
0.072444
0.0542542
0.00827988
0.0234044
0.0287836
0.0275424
0.0439143
0.0479558
0.052436
0.0572935
0.0624526
0.0678352
0.0733659
0.0789762
0.0792761
0.079397
0.0795262
0.0796616
0.0798014
0.079944
0.0800883
0.0802333
0.0803782
0.0805222
0.0806649
0.0808058
0.0809445
0.0810806
0.0812138
0.0813435
0.0814695
0.0815911
0.0817075
0.0818179
0.0819208
0.0820145
0.0820964
0.082163
0.0821849
0.0819489
0.0724439
0.0542541
0.00827989
0.0234044
0.0287837
0.0275425
0.0439143
0.0479558
0.052436
0.0572935
0.0624526
0.0678352
0.0733659
0.0789761
0.0792762
0.0793971
0.0795263
0.0796617
0.0798014
0.0799441
0.0800884
0.0802334
0.0803783
0.0805223
0.0806651
0.080806
0.0809446
0.0810807
0.0812139
0.0813437
0.0814697
0.0815912
0.0817077
0.081818
0.081921
0.0820147
0.0820966
0.0821632
0.0821851
0.0819491
0.0724438
0.0542539
0.00827991
0.0234045
0.0287838
0.0275425
0.0439144
0.0479559
0.052436
0.0572935
0.0624526
0.0678352
0.0733658
0.078976
0.0792764
0.0793973
0.0795265
0.0796618
0.0798016
0.0799443
0.0800886
0.0802336
0.0803785
0.0805225
0.0806652
0.0808061
0.0809448
0.0810809
0.0812141
0.0813439
0.0814699
0.0815914
0.0817079
0.0818183
0.0819212
0.0820149
0.0820968
0.0821634
0.0821853
0.0819493
0.0724435
0.0542538
0.00827994
0.0234045
0.0287838
0.0275426
0.0439145
0.0479559
0.052436
0.0572935
0.0624526
0.0678351
0.0733657
0.0789758
0.0792765
0.0793975
0.0795267
0.079662
0.0798018
0.0799445
0.0800888
0.0802338
0.0803787
0.0805228
0.0806655
0.0808064
0.0809451
0.0810812
0.0812144
0.0813442
0.0814701
0.0815917
0.0817082
0.0818186
0.0819215
0.0820152
0.0820971
0.0821637
0.0821857
0.0819498
0.0724432
0.0542535
0.00827997
0.0234047
0.028784
0.0275427
0.0439146
0.047956
0.0524361
0.0572935
0.0624526
0.067835
0.0733656
0.0789756
0.0792768
0.0793977
0.0795269
0.0796623
0.079802
0.0799447
0.0800891
0.0802341
0.0803789
0.080523
0.0806657
0.0808066
0.0809453
0.0810815
0.0812146
0.0813444
0.0814704
0.081592
0.0817084
0.0818188
0.0819218
0.0820155
0.0820974
0.082164
0.082186
0.0819501
0.0724428
0.0542533
0.00828002
0.0234048
0.0287841
0.0275428
0.0439147
0.0479561
0.0524362
0.0572935
0.0624525
0.067835
0.0733654
0.0789754
0.079277
0.0793979
0.0795272
0.0796625
0.0798023
0.079945
0.0800894
0.0802344
0.0803793
0.0805233
0.0806661
0.080807
0.0809457
0.0810818
0.081215
0.0813448
0.0814708
0.0815924
0.0817089
0.0818192
0.0819222
0.0820159
0.0820978
0.0821644
0.0821865
0.0819507
0.0724423
0.0542529
0.00828008
0.023405
0.0287843
0.0275429
0.0439149
0.0479563
0.0524363
0.0572936
0.0624526
0.0678349
0.0733652
0.078975
0.0792774
0.0793983
0.0795276
0.079663
0.0798027
0.0799454
0.0800898
0.0802348
0.0803797
0.0805238
0.0806665
0.0808074
0.0809461
0.0810823
0.0812154
0.0813452
0.0814712
0.0815928
0.0817093
0.0818197
0.0819227
0.0820164
0.0820983
0.0821649
0.082187
0.0819512
0.0724418
0.0542524
0.00828016
0.0234052
0.0287846
0.0275431
0.0439151
0.0479565
0.0524364
0.0572937
0.0624526
0.0678348
0.073365
0.0789746
0.0792778
0.0793987
0.079528
0.0796634
0.0798032
0.0799458
0.0800902
0.0802352
0.0803801
0.0805242
0.080667
0.0808079
0.0809466
0.0810828
0.0812159
0.0813458
0.0814718
0.0815934
0.0817099
0.0818202
0.0819232
0.0820169
0.0820989
0.0821655
0.0821877
0.081952
0.0724409
0.0542521
0.00828026
0.0234054
0.028785
0.0275433
0.0439154
0.0479567
0.0524367
0.0572939
0.0624527
0.0678348
0.0733648
0.0789742
0.0792783
0.0793993
0.0795285
0.0796639
0.0798037
0.0799464
0.0800908
0.0802358
0.0803807
0.0805248
0.0806676
0.0808085
0.0809473
0.0810834
0.0812166
0.0813464
0.0814724
0.081594
0.0817105
0.0818209
0.0819239
0.0820176
0.0820996
0.0821662
0.0821886
0.081953
0.0724406
0.0542514
0.00828041
0.0234057
0.0287855
0.0275435
0.0439159
0.0479571
0.052437
0.0572942
0.0624529
0.0678349
0.0733647
0.0789738
0.0792791
0.0794
0.0795293
0.0796647
0.0798045
0.0799472
0.0800916
0.0802367
0.0803816
0.0805257
0.0806685
0.0808095
0.0809482
0.0810844
0.0812176
0.0813475
0.0814735
0.0815951
0.0817117
0.0818221
0.0819251
0.0820189
0.0821008
0.0821675
0.08219
0.0819546
0.0724396
0.054251
0.00828058
0.0234062
0.0287862
0.0275438
0.0439165
0.0479577
0.0524376
0.0572948
0.0624534
0.0678352
0.0733647
0.0789735
0.0792799
0.0794009
0.0795301
0.0796656
0.0798054
0.0799482
0.0800926
0.0802376
0.0803826
0.0805267
0.0806695
0.0808104
0.0809492
0.0810854
0.0812186
0.0813484
0.0814745
0.0815961
0.0817127
0.0818231
0.0819261
0.0820199
0.0821019
0.0821686
0.0821913
0.0819561
0.0724395
0.0542506
0.00828083
0.0234067
0.0287873
0.0275441
0.0439174
0.0479587
0.0524387
0.0572959
0.0624544
0.067836
0.0733652
0.0789737
0.0792811
0.0794021
0.0795314
0.0796669
0.0798068
0.0799495
0.080094
0.0802391
0.0803841
0.0805282
0.080671
0.0808121
0.0809509
0.0810871
0.0812203
0.0813502
0.0814763
0.081598
0.0817146
0.0818251
0.0819281
0.082022
0.082104
0.0821707
0.0821937
0.0819589
0.0724394
0.0542504
0.00828116
0.0234076
0.028789
0.0275445
0.0439189
0.0479605
0.0524406
0.0572979
0.0624564
0.0678378
0.0733669
0.0789751
0.0792829
0.0794039
0.0795332
0.0796687
0.0798086
0.0799514
0.0800959
0.080241
0.080386
0.0805302
0.080673
0.0808141
0.0809529
0.0810891
0.0812224
0.0813523
0.0814784
0.0816002
0.0817168
0.0818273
0.0819304
0.0820242
0.0821063
0.082173
0.0821964
0.0819621
0.0724409
0.0542512
0.00828164
0.0234088
0.0287917
0.0275448
0.0439215
0.0479637
0.0524443
0.0573019
0.0624605
0.067842
0.0733711
0.0789792
0.0792863
0.0794075
0.0795369
0.0796724
0.0798124
0.0799553
0.0800999
0.0802451
0.0803901
0.0805344
0.0806773
0.0808184
0.0809573
0.0810937
0.081227
0.081357
0.0814832
0.081605
0.0817217
0.0818323
0.0819354
0.0820294
0.0821116
0.0821784
0.0822025
0.0819688
0.0724454
0.0542541
0.00828231
0.0234109
0.0287963
0.0275451
0.0439264
0.0479698
0.0524514
0.0573096
0.0624689
0.0678511
0.0733809
0.0789898
0.0792956
0.0794167
0.0795461
0.0796818
0.0798218
0.0799647
0.0801092
0.0802545
0.0803996
0.0805439
0.0806868
0.080828
0.0809669
0.0811033
0.0812367
0.0813667
0.0814929
0.0816148
0.0817315
0.0818421
0.0819453
0.0820393
0.0821216
0.0821885
0.0822133
0.0819806
0.0724566
0.054262
0.00828329
0.0234151
0.0288042
0.0275459
0.0439364
0.0479822
0.0524654
0.0573253
0.0624866
0.067871
0.0734036
0.0790157
0.0793449
0.0794659
0.0795951
0.0797306
0.0798704
0.0800131
0.0801574
0.0803024
0.0804473
0.0805914
0.0807341
0.0808749
0.0810136
0.0811497
0.0812828
0.0814126
0.0815385
0.0816601
0.0817765
0.0818868
0.0819897
0.0820834
0.0821653
0.0822318
0.0822574
0.0820255
0.0724825
0.0542802
0.00828471
0.0234251
0.0288168
0.0275483
0.0439516
0.0479981
0.0524818
0.0573431
0.0625066
0.0678942
0.0734303
0.0790466
0.0795769
0.0796965
0.0798242
0.0799581
0.0800963
0.0802373
0.08038
0.0805232
0.0806662
0.0808084
0.0809491
0.081088
0.0812246
0.0813586
0.0814896
0.0816171
0.0817407
0.0818599
0.0819739
0.0820817
0.082182
0.0822729
0.0823519
0.0824154
0.0824389
0.0822034
0.0725282
0.0543176
0.00828667
0.0232245
0.0286294
0.0274435
0.0437986
0.0478233
0.052291
0.0571383
0.0622889
0.0676642
0.0731893
0.0787957
0.0803088
0.0804244
0.0805482
0.080678
0.0808121
0.0809489
0.0810871
0.0812258
0.0813639
0.0815009
0.0816361
0.0817691
0.0818994
0.0820266
0.0821504
0.0822703
0.0823857
0.0824961
0.0826007
0.0826984
0.0827877
0.0828668
0.0829327
0.0829816
0.0829588
0.0826604
0.0722651
0.054125
0.00824671
0.020849
0.0249245
0.0234669
0.0361262
0.0392844
0.0427267
0.0463687
0.050123
0.0539107
0.0576648
0.061333
0.0648775
0.0682738
0.0709287
0.0705794
0.0702198
0.0698495
0.0694681
0.0690756
0.0686721
0.068258
0.0678337
0.0673994
0.0669555
0.0665022
0.0660398
0.0655679
0.0650862
0.0645938
0.0640889
0.0635691
0.0630305
0.0624668
0.0618688
0.0612194
0.0596371
0.0566066
0.0517558
0.0361091
0.00761726
0.0210121
0.0250676
0.0235614
0.0362621
0.0394389
0.0428951
0.0465498
0.0503163
0.0541151
0.0578794
0.0615568
0.0651095
0.0685128
0.0713122
0.0709658
0.0706093
0.0702423
0.0698644
0.0694756
0.0690761
0.0686662
0.0682463
0.0678166
0.0673776
0.0669295
0.0664724
0.0660061
0.0655302
0.0650438
0.0645452
0.064032
0.0635001
0.0629436
0.062353
0.0617121
0.0603126
0.0574195
0.0526222
0.0362509
0.0076492
0.0210013
0.0250551
0.0235579
0.0362514
0.0394295
0.0428868
0.0465419
0.0503082
0.0541065
0.0578699
0.0615461
0.0650973
0.0684988
0.0713617
0.0710151
0.0706584
0.070291
0.0699128
0.0695236
0.0691237
0.0687133
0.0682929
0.0678627
0.0674231
0.0669744
0.0665167
0.0660498
0.0655733
0.0650862
0.064587
0.0640731
0.0635405
0.0629832
0.0623919
0.0617501
0.0603323
0.057422
0.0526112
0.0362359
0.0076466
0.0209971
0.0250486
0.0235572
0.0362464
0.039424
0.0428816
0.0465372
0.0503039
0.0541024
0.057866
0.0615423
0.0650935
0.068495
0.0713565
0.0710098
0.0706529
0.0702854
0.069907
0.0695176
0.0691175
0.0687068
0.0682861
0.0678556
0.0674158
0.0669667
0.0665086
0.0660414
0.0655645
0.065077
0.0645773
0.0640629
0.0635298
0.062972
0.0623802
0.0617377
0.0603104
0.057392
0.0525766
0.0362311
0.00764525
0.0209951
0.0250452
0.0235569
0.0362446
0.0394221
0.0428799
0.0465361
0.0503035
0.0541028
0.0578671
0.0615442
0.0650962
0.0684985
0.0713504
0.0710035
0.0706466
0.0702789
0.0699003
0.0695107
0.0691104
0.0686996
0.0682786
0.0678479
0.0674078
0.0669586
0.0665002
0.0660327
0.0655555
0.0650677
0.0645677
0.064053
0.0635196
0.0629615
0.0623692
0.0617264
0.0602936
0.0573708
0.0525532
0.0362299
0.00764447
0.020994
0.0250433
0.0235567
0.0362439
0.0394215
0.0428796
0.0465362
0.0503042
0.0541042
0.0578693
0.0615473
0.0651001
0.0685032
0.0713466
0.0709997
0.0706426
0.0702748
0.0698961
0.0695064
0.0691059
0.0686949
0.0682738
0.0678429
0.0674027
0.0669532
0.0664947
0.066027
0.0655496
0.0650615
0.0645614
0.0640464
0.0635128
0.0629544
0.0623619
0.0617188
0.0602827
0.0573572
0.0525384
0.0362299
0.00764398
0.0209933
0.0250422
0.0235565
0.0362437
0.0394214
0.0428797
0.0465367
0.0503052
0.0541057
0.0578716
0.0615502
0.0651038
0.0685077
0.0713444
0.0709973
0.0706401
0.0702723
0.0698935
0.0695037
0.0691031
0.0686921
0.0682708
0.0678398
0.0673994
0.0669499
0.0664912
0.0660233
0.0655458
0.0650576
0.0645573
0.0640422
0.0635084
0.0629499
0.0623572
0.0617139
0.0602755
0.0573483
0.0525286
0.0362304
0.00764367
0.0209928
0.0250416
0.0235564
0.0362436
0.0394214
0.0428799
0.0465372
0.050306
0.054107
0.0578734
0.0615526
0.0651068
0.0685113
0.0713429
0.0709958
0.0706386
0.0702707
0.0698918
0.069502
0.0691014
0.0686902
0.0682689
0.0678378
0.0673974
0.0669477
0.0664889
0.066021
0.0655433
0.0650551
0.0645546
0.0640394
0.0635055
0.0629468
0.0623541
0.0617106
0.0602707
0.0573424
0.0525221
0.0362309
0.00764346
0.0209925
0.0250411
0.0235562
0.0362435
0.0394215
0.0428802
0.0465376
0.0503068
0.0541081
0.0578749
0.0615545
0.0651091
0.0685141
0.0713418
0.0709947
0.0706374
0.0702695
0.0698906
0.0695007
0.0691
0.0686888
0.0682674
0.0678363
0.0673957
0.066946
0.0664872
0.0660191
0.0655414
0.0650531
0.0645525
0.0640372
0.0635032
0.0629444
0.0623515
0.061708
0.060267
0.0573378
0.0525172
0.0362313
0.00764331
0.0209922
0.0250408
0.0235561
0.0362435
0.0394216
0.0428804
0.046538
0.0503073
0.0541089
0.057876
0.0615559
0.0651109
0.0685162
0.0713411
0.0709939
0.0706367
0.0702687
0.0698897
0.0694998
0.0690991
0.0686878
0.0682664
0.0678353
0.0673947
0.0669449
0.066486
0.0660179
0.0655401
0.0650517
0.0645511
0.0640358
0.0635017
0.0629429
0.0623499
0.0617062
0.0602645
0.0573347
0.0525138
0.0362317
0.0076432
0.020992
0.0250406
0.023556
0.0362435
0.0394217
0.0428806
0.0465383
0.0503078
0.0541096
0.0578768
0.061557
0.0651122
0.0685178
0.0713403
0.0709932
0.0706359
0.0702678
0.0698889
0.0694989
0.0690981
0.0686869
0.0682654
0.0678342
0.0673936
0.0669437
0.0664848
0.0660167
0.0655389
0.0650504
0.0645497
0.0640343
0.0635002
0.0629413
0.0623483
0.0617045
0.0602622
0.057332
0.052511
0.0362321
0.00764313
0.0209919
0.0250404
0.0235559
0.0362434
0.0394217
0.0428807
0.0465386
0.0503081
0.05411
0.0578774
0.0615578
0.0651132
0.068519
0.07134
0.0709928
0.0706355
0.0702674
0.0698884
0.0694984
0.0690977
0.0686863
0.0682649
0.0678336
0.067393
0.0669431
0.0664842
0.066016
0.0655381
0.0650496
0.0645489
0.0640335
0.0634993
0.0629403
0.0623472
0.0617035
0.0602607
0.0573302
0.052509
0.0362323
0.00764307
0.0209917
0.0250403
0.0235558
0.0362434
0.0394218
0.0428808
0.0465387
0.0503084
0.0541104
0.0578779
0.0615584
0.065114
0.0685199
0.0713394
0.0709922
0.0706349
0.0702668
0.0698878
0.0694978
0.069097
0.0686857
0.0682642
0.0678329
0.0673922
0.0669423
0.0664833
0.0660151
0.0655372
0.0650487
0.064548
0.0640325
0.0634983
0.0629392
0.0623461
0.0617023
0.0602592
0.0573285
0.0525072
0.0362326
0.00764303
0.0209916
0.0250402
0.0235557
0.0362434
0.0394218
0.0428809
0.0465389
0.0503086
0.0541107
0.0578782
0.0615588
0.0651145
0.0685206
0.0713392
0.070992
0.0706346
0.0702665
0.0698875
0.0694975
0.0690967
0.0686853
0.0682638
0.0678325
0.0673918
0.0669419
0.0664829
0.0660146
0.0655367
0.0650482
0.0645474
0.0640319
0.0634976
0.0629386
0.0623454
0.0617016
0.0602582
0.0573273
0.052506
0.0362327
0.00764299
0.0209916
0.0250402
0.0235557
0.0362434
0.0394218
0.042881
0.046539
0.0503087
0.0541109
0.0578785
0.0615592
0.065115
0.0685211
0.0713389
0.0709917
0.0706343
0.0702663
0.0698872
0.0694972
0.0690963
0.068685
0.0682635
0.0678322
0.0673914
0.0669415
0.0664825
0.0660142
0.0655363
0.0650477
0.0645469
0.0640314
0.0634971
0.062938
0.0623448
0.061701
0.0602574
0.0573264
0.052505
0.0362329
0.00764297
0.0209915
0.0250401
0.0235557
0.0362434
0.0394218
0.042881
0.046539
0.0503088
0.054111
0.0578787
0.0615595
0.0651153
0.0685216
0.0713387
0.0709915
0.0706341
0.0702661
0.069887
0.069497
0.0690961
0.0686848
0.0682632
0.0678319
0.0673912
0.0669412
0.0664822
0.0660139
0.0655359
0.0650473
0.0645465
0.064031
0.0634967
0.0629376
0.0623444
0.0617005
0.0602568
0.0573256
0.0525042
0.036233
0.00764295
0.0209915
0.0250401
0.0235556
0.0362434
0.0394218
0.042881
0.0465391
0.0503089
0.0541111
0.0578789
0.0615597
0.0651156
0.0685219
0.0713386
0.0709914
0.070634
0.0702659
0.0698869
0.0694968
0.069096
0.0686846
0.068263
0.0678317
0.067391
0.066941
0.0664819
0.0660137
0.0655357
0.0650471
0.0645462
0.0640307
0.0634964
0.0629373
0.062344
0.0617001
0.0602563
0.0573251
0.0525036
0.036233
0.00764294
0.0209914
0.0250401
0.0235556
0.0362434
0.0394218
0.042881
0.0465391
0.050309
0.0541112
0.057879
0.0615599
0.0651158
0.0685222
0.0713385
0.0709913
0.0706339
0.0702658
0.0698867
0.0694967
0.0690958
0.0686844
0.0682629
0.0678316
0.0673908
0.0669408
0.0664818
0.0660135
0.0655355
0.0650469
0.064546
0.0640304
0.0634961
0.062937
0.0623438
0.0616998
0.060256
0.0573246
0.0525031
0.0362331
0.00764293
0.0209914
0.0250401
0.0235556
0.0362434
0.0394218
0.042881
0.0465391
0.050309
0.0541113
0.0578791
0.06156
0.065116
0.0685224
0.0713385
0.0709912
0.0706339
0.0702658
0.0698867
0.0694967
0.0690958
0.0686844
0.0682629
0.0678315
0.0673908
0.0669408
0.0664817
0.0660134
0.0655354
0.0650468
0.0645459
0.0640303
0.063496
0.0629369
0.0623436
0.0616997
0.0602558
0.0573244
0.0525029
0.0362331
0.00764292
0.0209914
0.0250401
0.0235556
0.0362434
0.0394218
0.042881
0.0465391
0.0503091
0.0541113
0.0578792
0.0615601
0.0651161
0.0685225
0.0713385
0.0709913
0.0706339
0.0702658
0.0698867
0.0694967
0.0690958
0.0686844
0.0682629
0.0678315
0.0673907
0.0669408
0.0664817
0.0660134
0.0655354
0.0650468
0.0645459
0.0640303
0.063496
0.0629368
0.0623435
0.0616996
0.0602556
0.0573242
0.0525027
0.0362332
0.00764292
0.0209914
0.0250401
0.0235556
0.0362434
0.0394218
0.042881
0.0465391
0.0503091
0.0541114
0.0578792
0.0615601
0.0651162
0.0685226
0.0713385
0.0709912
0.0706339
0.0702658
0.0698867
0.0694967
0.0690958
0.0686844
0.0682629
0.0678315
0.0673908
0.0669408
0.0664817
0.0660134
0.0655354
0.0650468
0.0645459
0.0640303
0.063496
0.0629368
0.0623436
0.0616996
0.0602557
0.0573242
0.0525027
0.0362332
0.00764292
0.0209914
0.0250401
0.0235556
0.0362434
0.0394218
0.042881
0.0465391
0.0503091
0.0541114
0.0578792
0.0615601
0.0651161
0.0685225
0.0713385
0.0709913
0.0706339
0.0702659
0.0698868
0.0694968
0.0690959
0.0686845
0.068263
0.0678316
0.0673908
0.0669409
0.0664818
0.0660135
0.0655355
0.0650469
0.064546
0.0640304
0.0634961
0.0629369
0.0623437
0.0616997
0.0602558
0.0573244
0.0525028
0.0362331
0.00764292
0.0209914
0.0250401
0.0235556
0.0362434
0.0394218
0.042881
0.0465391
0.050309
0.0541113
0.0578792
0.0615601
0.065116
0.0685224
0.0713386
0.0709914
0.070634
0.0702659
0.0698869
0.0694969
0.069096
0.0686846
0.0682631
0.0678317
0.067391
0.066941
0.0664819
0.0660137
0.0655357
0.065047
0.0645462
0.0640306
0.0634963
0.0629371
0.0623439
0.0616999
0.060256
0.0573246
0.0525031
0.0362331
0.00764293
0.0209915
0.0250401
0.0235556
0.0362434
0.0394218
0.042881
0.0465391
0.050309
0.0541113
0.0578791
0.0615599
0.0651159
0.0685222
0.0713387
0.0709915
0.0706342
0.0702661
0.069887
0.069497
0.0690961
0.0686848
0.0682632
0.0678319
0.0673911
0.0669412
0.0664821
0.0660138
0.0655358
0.0650472
0.0645464
0.0640308
0.0634965
0.0629373
0.0623441
0.0617001
0.0602563
0.057325
0.0525035
0.0362331
0.00764294
0.0209915
0.0250402
0.0235557
0.0362434
0.0394218
0.042881
0.046539
0.0503089
0.0541112
0.0578789
0.0615597
0.0651156
0.0685219
0.0713389
0.0709917
0.0706343
0.0702662
0.0698872
0.0694972
0.0690963
0.068685
0.0682634
0.0678321
0.0673914
0.0669414
0.0664824
0.0660141
0.0655361
0.0650475
0.0645467
0.0640311
0.0634968
0.0629376
0.0623444
0.0617004
0.0602567
0.0573255
0.052504
0.036233
0.00764295
0.0209916
0.0250402
0.0235557
0.0362434
0.0394218
0.0428809
0.046539
0.0503088
0.054111
0.0578787
0.0615595
0.0651153
0.0685215
0.0713391
0.0709919
0.0706345
0.0702665
0.0698874
0.0694974
0.0690966
0.0686852
0.0682637
0.0678324
0.0673916
0.0669417
0.0664826
0.0660144
0.0655364
0.0650478
0.064547
0.0640314
0.0634971
0.062938
0.0623447
0.0617008
0.0602572
0.057326
0.0525046
0.0362329
0.00764297
0.0209916
0.0250403
0.0235557
0.0362434
0.0394218
0.0428809
0.0465389
0.0503086
0.0541108
0.0578784
0.0615591
0.0651148
0.0685209
0.0713393
0.0709921
0.0706348
0.0702667
0.0698877
0.0694977
0.0690968
0.0686855
0.068264
0.0678327
0.0673919
0.066942
0.066483
0.0660147
0.0655368
0.0650482
0.0645474
0.0640318
0.0634975
0.0629384
0.0623452
0.0617012
0.0602578
0.0573268
0.0525054
0.0362327
0.007643
0.0209917
0.0250403
0.0235558
0.0362434
0.0394218
0.0428808
0.0465387
0.0503084
0.0541105
0.057878
0.0615586
0.0651142
0.0685201
0.0713396
0.0709924
0.0706351
0.070267
0.069888
0.069498
0.0690972
0.0686859
0.0682644
0.0678331
0.0673923
0.0669424
0.0664834
0.0660152
0.0655372
0.0650486
0.0645478
0.0640323
0.063498
0.0629389
0.0623457
0.0617018
0.0602586
0.0573278
0.0525064
0.0362326
0.00764303
0.0209919
0.0250404
0.0235559
0.0362435
0.0394217
0.0428807
0.0465386
0.0503082
0.0541101
0.0578775
0.0615579
0.0651133
0.0685191
0.07134
0.0709928
0.0706355
0.0702675
0.0698884
0.0694984
0.0690976
0.0686863
0.0682648
0.0678335
0.0673928
0.0669429
0.0664839
0.0660157
0.0655377
0.0650492
0.0645484
0.0640329
0.0634986
0.0629395
0.0623463
0.0617024
0.0602596
0.057329
0.0525077
0.0362323
0.00764307
0.020992
0.0250406
0.023556
0.0362435
0.0394217
0.0428806
0.0465384
0.0503078
0.0541096
0.0578768
0.061557
0.0651123
0.0685178
0.0713405
0.0709933
0.070636
0.070268
0.069889
0.069499
0.0690982
0.0686869
0.0682654
0.0678342
0.0673935
0.0669436
0.0664846
0.0660164
0.0655385
0.06505
0.0645492
0.0640337
0.0634994
0.0629404
0.0623472
0.0617034
0.0602609
0.0573306
0.0525095
0.036232
0.00764313
0.0209922
0.0250408
0.0235561
0.0362435
0.0394216
0.0428804
0.0465381
0.0503074
0.054109
0.057876
0.0615559
0.0651109
0.0685162
0.0713411
0.0709939
0.0706366
0.0702686
0.0698896
0.0694997
0.0690989
0.0686876
0.0682662
0.0678349
0.0673943
0.0669444
0.0664854
0.0660173
0.0655394
0.0650509
0.0645502
0.0640347
0.0635005
0.0629415
0.0623483
0.0617045
0.0602626
0.0573328
0.0525118
0.0362317
0.00764321
0.0209925
0.0250411
0.0235562
0.0362435
0.0394216
0.0428802
0.0465377
0.0503068
0.0541082
0.0578749
0.0615545
0.0651091
0.068514
0.0713419
0.0709948
0.0706375
0.0702695
0.0698906
0.0695007
0.0690999
0.0686887
0.0682673
0.0678361
0.0673954
0.0669456
0.0664867
0.0660186
0.0655407
0.0650523
0.0645516
0.0640361
0.063502
0.062943
0.0623499
0.0617062
0.060265
0.0573357
0.052515
0.0362314
0.00764332
0.0209928
0.0250415
0.0235564
0.0362436
0.0394215
0.04288
0.0465373
0.0503061
0.0541071
0.0578734
0.0615526
0.0651067
0.0685112
0.0713429
0.0709958
0.0706386
0.0702706
0.0698917
0.0695019
0.0691012
0.0686899
0.0682686
0.0678374
0.0673969
0.0669471
0.0664882
0.0660201
0.0655424
0.065054
0.0645533
0.064038
0.0635039
0.062945
0.062352
0.0617083
0.0602682
0.0573397
0.0525194
0.0362309
0.00764347
0.0209933
0.0250422
0.0235565
0.0362437
0.0394215
0.0428797
0.0465368
0.0503053
0.0541058
0.0578716
0.0615502
0.0651038
0.0685076
0.0713443
0.0709973
0.0706401
0.0702722
0.0698933
0.0695035
0.0691028
0.0686917
0.0682704
0.0678393
0.0673988
0.0669491
0.0664903
0.0660223
0.0655446
0.0650563
0.0645557
0.0640405
0.0635065
0.0629477
0.0623548
0.0617112
0.0602725
0.0573453
0.0525254
0.0362303
0.00764368
0.020994
0.0250433
0.0235567
0.036244
0.0394216
0.0428796
0.0465363
0.0503043
0.0541043
0.0578694
0.0615473
0.0651001
0.0685032
0.0713465
0.0709995
0.0706424
0.0702746
0.0698958
0.0695061
0.0691055
0.0686945
0.0682733
0.0678423
0.0674019
0.0669523
0.0664936
0.0660257
0.0655481
0.0650599
0.0645595
0.0640444
0.0635105
0.0629519
0.0623591
0.0617157
0.0602793
0.0573537
0.0525346
0.0362299
0.007644
0.0209951
0.0250452
0.0235569
0.0362447
0.0394222
0.04288
0.0465362
0.0503036
0.0541029
0.0578672
0.0615443
0.0650962
0.0684985
0.0713505
0.0710036
0.0706466
0.0702788
0.0699002
0.0695105
0.0691101
0.0686992
0.0682781
0.0678472
0.067407
0.0669575
0.066499
0.0660313
0.0655538
0.0650658
0.0645656
0.0640506
0.0635169
0.0629584
0.0623659
0.0617227
0.0602895
0.0573665
0.0525487
0.0362298
0.0076445
0.0209971
0.0250485
0.0235571
0.0362464
0.0394241
0.0428817
0.0465373
0.050304
0.0541025
0.0578661
0.0615424
0.0650936
0.0684951
0.0713604
0.0710136
0.0706566
0.070289
0.0699105
0.069521
0.0691207
0.0687099
0.068289
0.0678583
0.0674182
0.066969
0.0665106
0.0660431
0.0655659
0.0650781
0.064578
0.0640633
0.0635298
0.0629716
0.0623793
0.0617364
0.0603086
0.0573896
0.0525735
0.0362309
0.00764528
0.0210012
0.0250548
0.0235576
0.0362511
0.0394293
0.0428868
0.0465421
0.0503084
0.0541066
0.05787
0.0615462
0.0650974
0.068499
0.0714014
0.0710541
0.0706967
0.0703286
0.0699495
0.0695596
0.0691588
0.0687476
0.0683263
0.0678952
0.0674547
0.067005
0.0665463
0.0660784
0.0656009
0.0651127
0.0646124
0.0640974
0.0635637
0.0630052
0.0624127
0.0617696
0.0603498
0.0574366
0.0526217
0.0362358
0.00764661
0.0210113
0.0250655
0.0235588
0.0362599
0.0394378
0.0428946
0.0465498
0.0503165
0.0541154
0.0578799
0.0615574
0.0651102
0.0685136
0.0715691
0.0712178
0.0708562
0.0704839
0.0701005
0.0697061
0.0693009
0.0688851
0.068459
0.0680232
0.0675778
0.0671232
0.0666595
0.0661866
0.0657039
0.0652105
0.0647049
0.0641844
0.0636452
0.063081
0.0624826
0.0618335
0.0604227
0.0575118
0.0526896
0.036251
0.00764913
0.0208465
0.0249194
0.0234619
0.036128
0.0392921
0.0427378
0.046382
0.0501377
0.0539257
0.0576796
0.0613473
0.0648912
0.0682865
0.0715201
0.0716492
0.0712687
0.0708769
0.0704736
0.0700588
0.0696325
0.0691952
0.0687471
0.0682887
0.0678203
0.0673423
0.0668546
0.0663572
0.0658495
0.0653307
0.0647991
0.0642521
0.0636856
0.0630934
0.0624658
0.0617856
0.0601554
0.0570482
0.0520914
0.03611
0.00761768
0.0245399
0.00955413
0.00587256
0.00500102
0.00453902
0.00430054
0.00417239
0.0041039
0.00406944
0.00405502
0.00405263
0.00405752
0.00406685
0.00407885
0.00409244
0.00410695
0.00412195
0.00413716
0.00415244
0.00416766
0.00418276
0.00419772
0.00421253
0.00422718
0.00424171
0.00425615
0.00427057
0.00428506
0.00429979
0.00431497
0.00433098
0.00434844
0.00436845
0.00439312
0.00442647
0.00447215
0.00454831
0.00470786
0.00512958
0.0029154
0.0248141
0.00959401
0.00588575
0.00500943
0.00454515
0.00430526
0.0041761
0.00410682
0.00407169
0.00405666
0.0040537
0.00405805
0.00406685
0.00407835
0.00409144
0.00410546
0.00411998
0.00413473
0.00414953
0.00416429
0.00417894
0.00419345
0.0042078
0.00422201
0.00423609
0.00425009
0.00426407
0.00427812
0.00429241
0.00430715
0.0043227
0.0043397
0.00435924
0.0043834
0.00441646
0.00446274
0.00453938
0.00469925
0.0051209
0.00291571
0.0248078
0.00959472
0.00588558
0.00500932
0.00454505
0.00430516
0.00417601
0.00410673
0.0040716
0.00405657
0.00405362
0.00405798
0.00406679
0.0040783
0.00409141
0.00410544
0.00411997
0.00413473
0.00414955
0.00416432
0.00417898
0.00419351
0.00420787
0.00422209
0.00423619
0.0042502
0.00426419
0.00427826
0.00429255
0.0043073
0.00432287
0.00433988
0.00435943
0.00438361
0.0044167
0.0044629
0.0045395
0.00469936
0.00512096
0.0029154
0.0248057
0.00959522
0.00588565
0.00500936
0.00454509
0.0043052
0.00417605
0.00410678
0.00407165
0.00405664
0.00405369
0.00405806
0.00406689
0.0040784
0.00409153
0.00410557
0.00412012
0.00413489
0.00414972
0.00416451
0.00417918
0.00419372
0.0042081
0.00422233
0.00423644
0.00425047
0.00426448
0.00427856
0.00429287
0.00430764
0.00432323
0.00434026
0.00435983
0.00438404
0.00441715
0.00446331
0.00453989
0.00469974
0.00512133
0.00291542
0.0248047
0.0095955
0.00588571
0.0050094
0.00454512
0.00430523
0.00417609
0.00410681
0.00407169
0.00405668
0.00405374
0.00405812
0.00406695
0.00407847
0.0040916
0.00410566
0.00412021
0.00413499
0.00414983
0.00416462
0.00417931
0.00419385
0.00420824
0.00422249
0.00423661
0.00425064
0.00426466
0.00427875
0.00429308
0.00430785
0.00432345
0.0043405
0.00436008
0.0043843
0.00441744
0.00446359
0.00454015
0.00469999
0.00512156
0.00291546
0.0248041
0.00959567
0.00588574
0.00500942
0.00454514
0.00430525
0.00417611
0.00410683
0.00407172
0.00405671
0.00405377
0.00405816
0.00406699
0.00407852
0.00409165
0.00410571
0.00412027
0.00413505
0.0041499
0.0041647
0.00417939
0.00419394
0.00420834
0.00422258
0.00423671
0.00425075
0.00426477
0.00427887
0.0042932
0.00430799
0.0043236
0.00434065
0.00436024
0.00438446
0.00441761
0.00446376
0.00454032
0.00470015
0.00512171
0.00291549
0.0248037
0.00959577
0.00588577
0.00500944
0.00454516
0.00430527
0.00417612
0.00410685
0.00407174
0.00405673
0.0040538
0.00405818
0.00406702
0.00407855
0.00409169
0.00410575
0.00412031
0.0041351
0.00414995
0.00416476
0.00417945
0.004194
0.0042084
0.00422266
0.00423678
0.00425083
0.00426486
0.00427896
0.0042933
0.00430808
0.0043237
0.00434075
0.00436035
0.00438459
0.00441774
0.00446388
0.00454043
0.00470026
0.00512181
0.00291552
0.0248033
0.00959584
0.00588579
0.00500945
0.00454517
0.00430528
0.00417613
0.00410686
0.00407175
0.00405674
0.00405381
0.0040582
0.00406704
0.00407857
0.00409171
0.00410578
0.00412034
0.00413513
0.00414998
0.00416479
0.00417949
0.00419404
0.00420844
0.0042227
0.00423683
0.00425088
0.00426491
0.00427902
0.00429335
0.00430815
0.00432376
0.00434082
0.00436042
0.00438466
0.00441782
0.00446396
0.00454051
0.00470033
0.00512188
0.00291553
0.024803
0.00959588
0.0058858
0.00500947
0.00454518
0.00430529
0.00417614
0.00410687
0.00407176
0.00405676
0.00405383
0.00405822
0.00406706
0.00407859
0.00409174
0.0041058
0.00412037
0.00413516
0.00415001
0.00416482
0.00417952
0.00419408
0.00420848
0.00422274
0.00423687
0.00425092
0.00426495
0.00427907
0.0042934
0.0043082
0.00432382
0.00434088
0.00436049
0.00438473
0.00441789
0.00446402
0.00454057
0.00470039
0.00512194
0.00291555
0.0248028
0.00959591
0.00588581
0.00500947
0.00454518
0.00430529
0.00417615
0.00410688
0.00407177
0.00405676
0.00405384
0.00405823
0.00406707
0.00407861
0.00409175
0.00410582
0.00412038
0.00413518
0.00415003
0.00416484
0.00417954
0.0041941
0.00420851
0.00422276
0.0042369
0.00425095
0.00426498
0.0042791
0.00429344
0.00430823
0.00432385
0.00434092
0.00436052
0.00438477
0.00441794
0.00446407
0.00454061
0.00470043
0.00512198
0.00291557
0.0248026
0.00959593
0.00588582
0.00500948
0.00454519
0.0043053
0.00417615
0.00410689
0.00407177
0.00405677
0.00405385
0.00405824
0.00406708
0.00407862
0.00409176
0.00410583
0.0041204
0.00413519
0.00415005
0.00416486
0.00417956
0.00419412
0.00420853
0.00422279
0.00423692
0.00425098
0.00426501
0.00427913
0.00429347
0.00430827
0.00432389
0.00434095
0.00436056
0.00438481
0.00441798
0.00446411
0.00454065
0.00470047
0.00512201
0.00291558
0.0248025
0.00959594
0.00588582
0.00500948
0.00454519
0.0043053
0.00417616
0.00410689
0.00407178
0.00405678
0.00405385
0.00405825
0.00406709
0.00407863
0.00409177
0.00410584
0.00412041
0.0041352
0.00415006
0.00416487
0.00417958
0.00419414
0.00420854
0.0042228
0.00423694
0.00425099
0.00426503
0.00427914
0.00429349
0.00430829
0.00432391
0.00434098
0.00436059
0.00438484
0.00441801
0.00446413
0.00454068
0.0047005
0.00512204
0.00291559
0.0248023
0.00959596
0.00588582
0.00500948
0.00454519
0.0043053
0.00417616
0.0041069
0.00407178
0.00405679
0.00405386
0.00405825
0.0040671
0.00407864
0.00409178
0.00410585
0.00412042
0.00413522
0.00415007
0.00416489
0.00417959
0.00419415
0.00420856
0.00422282
0.00423696
0.00425101
0.00426505
0.00427916
0.00429351
0.00430831
0.00432393
0.004341
0.00436061
0.00438486
0.00441803
0.00446416
0.0045407
0.00470052
0.00512207
0.0029156
0.0248022
0.00959597
0.00588583
0.00500949
0.0045452
0.00430531
0.00417616
0.0041069
0.00407179
0.00405679
0.00405386
0.00405826
0.0040671
0.00407864
0.00409179
0.00410586
0.00412043
0.00413523
0.00415008
0.0041649
0.0041796
0.00419416
0.00420857
0.00422283
0.00423697
0.00425103
0.00426506
0.00427918
0.00429352
0.00430833
0.00432395
0.00434102
0.00436063
0.00438488
0.00441805
0.00446418
0.00454073
0.00470054
0.00512209
0.00291561
0.0248021
0.00959597
0.00588583
0.00500949
0.0045452
0.00430531
0.00417617
0.0041069
0.00407179
0.00405679
0.00405387
0.00405826
0.00406711
0.00407865
0.00409179
0.00410587
0.00412043
0.00413523
0.00415009
0.00416491
0.00417961
0.00419417
0.00420858
0.00422285
0.00423698
0.00425104
0.00426507
0.00427919
0.00429354
0.00430834
0.00432396
0.00434103
0.00436065
0.0043849
0.00441807
0.0044642
0.00454074
0.00470056
0.0051221
0.00291561
0.024802
0.00959598
0.00588583
0.00500949
0.0045452
0.00430531
0.00417617
0.00410691
0.0040718
0.0040568
0.00405387
0.00405827
0.00406711
0.00407865
0.0040918
0.00410587
0.00412044
0.00413524
0.0041501
0.00416491
0.00417962
0.00419418
0.00420859
0.00422286
0.00423699
0.00425105
0.00426509
0.00427921
0.00429355
0.00430835
0.00432398
0.00434105
0.00436066
0.00438491
0.00441809
0.00446422
0.00454076
0.00470058
0.00512212
0.00291562
0.024802
0.00959598
0.00588583
0.00500949
0.0045452
0.00430531
0.00417617
0.00410691
0.0040718
0.0040568
0.00405388
0.00405827
0.00406712
0.00407866
0.00409181
0.00410588
0.00412045
0.00413525
0.00415011
0.00416492
0.00417963
0.00419419
0.0042086
0.00422286
0.004237
0.00425106
0.0042651
0.00427922
0.00429356
0.00430836
0.00432399
0.00434106
0.00436068
0.00438493
0.0044181
0.00446423
0.00454077
0.00470059
0.00512214
0.00291563
0.0248019
0.00959599
0.00588583
0.0050095
0.00454521
0.00430532
0.00417617
0.00410691
0.0040718
0.0040568
0.00405388
0.00405828
0.00406712
0.00407866
0.00409181
0.00410588
0.00412045
0.00413525
0.00415011
0.00416493
0.00417963
0.0041942
0.00420861
0.00422287
0.00423701
0.00425107
0.00426511
0.00427923
0.00429357
0.00430837
0.004324
0.00434107
0.00436069
0.00438494
0.00441812
0.00446424
0.00454079
0.00470061
0.00512215
0.00291563
0.0248019
0.00959599
0.00588584
0.0050095
0.00454521
0.00430532
0.00417618
0.00410691
0.0040718
0.00405681
0.00405388
0.00405828
0.00406713
0.00407867
0.00409181
0.00410589
0.00412046
0.00413526
0.00415012
0.00416493
0.00417964
0.0041942
0.00420862
0.00422288
0.00423702
0.00425108
0.00426511
0.00427923
0.00429358
0.00430838
0.00432401
0.00434108
0.0043607
0.00438495
0.00441813
0.00446425
0.0045408
0.00470062
0.00512216
0.00291564
0.0248019
0.00959599
0.00588584
0.0050095
0.00454521
0.00430532
0.00417618
0.00410691
0.0040718
0.00405681
0.00405388
0.00405828
0.00406713
0.00407867
0.00409182
0.00410589
0.00412046
0.00413526
0.00415012
0.00416494
0.00417964
0.00419421
0.00420862
0.00422289
0.00423703
0.00425108
0.00426512
0.00427924
0.00429359
0.00430839
0.00432402
0.00434109
0.00436071
0.00438496
0.00441814
0.00446426
0.00454081
0.00470063
0.00512217
0.00291564
0.0248019
0.00959599
0.00588584
0.0050095
0.00454521
0.00430532
0.00417618
0.00410691
0.0040718
0.00405681
0.00405389
0.00405828
0.00406713
0.00407867
0.00409182
0.00410589
0.00412046
0.00413526
0.00415012
0.00416494
0.00417965
0.00419421
0.00420862
0.00422289
0.00423703
0.00425108
0.00426512
0.00427924
0.00429359
0.00430839
0.00432402
0.00434109
0.00436071
0.00438496
0.00441814
0.00446427
0.00454081
0.00470063
0.00512217
0.00291565
0.0248019
0.00959599
0.00588584
0.0050095
0.00454521
0.00430532
0.00417618
0.00410691
0.0040718
0.00405681
0.00405388
0.00405828
0.00406713
0.00407867
0.00409182
0.00410589
0.00412046
0.00413526
0.00415012
0.00416494
0.00417964
0.00419421
0.00420862
0.00422288
0.00423702
0.00425108
0.00426512
0.00427924
0.00429359
0.00430839
0.00432402
0.00434109
0.0043607
0.00438496
0.00441813
0.00446426
0.00454081
0.00470063
0.00512217
0.00291564
0.0248019
0.00959598
0.00588584
0.0050095
0.00454521
0.00430532
0.00417618
0.00410691
0.0040718
0.00405681
0.00405388
0.00405828
0.00406713
0.00407867
0.00409181
0.00410589
0.00412046
0.00413526
0.00415012
0.00416493
0.00417964
0.0041942
0.00420862
0.00422288
0.00423702
0.00425108
0.00426512
0.00427924
0.00429358
0.00430839
0.00432401
0.00434108
0.0043607
0.00438495
0.00441813
0.00446426
0.0045408
0.00470062
0.00512216
0.00291564
0.024802
0.00959598
0.00588583
0.0050095
0.00454521
0.00430532
0.00417618
0.00410691
0.0040718
0.0040568
0.00405388
0.00405828
0.00406712
0.00407867
0.00409181
0.00410588
0.00412046
0.00413526
0.00415012
0.00416493
0.00417964
0.0041942
0.00420861
0.00422288
0.00423702
0.00425107
0.00426511
0.00427923
0.00429358
0.00430838
0.00432401
0.00434108
0.00436069
0.00438495
0.00441812
0.00446425
0.00454079
0.00470061
0.00512216
0.00291564
0.024802
0.00959598
0.00588583
0.0050095
0.00454521
0.00430531
0.00417617
0.00410691
0.0040718
0.0040568
0.00405388
0.00405828
0.00406712
0.00407866
0.00409181
0.00410588
0.00412045
0.00413525
0.00415011
0.00416493
0.00417963
0.0041942
0.00420861
0.00422287
0.00423701
0.00425107
0.00426511
0.00427923
0.00429357
0.00430837
0.004324
0.00434107
0.00436069
0.00438494
0.00441811
0.00446424
0.00454079
0.00470061
0.00512215
0.00291564
0.0248021
0.00959597
0.00588583
0.00500949
0.0045452
0.00430531
0.00417617
0.00410691
0.0040718
0.0040568
0.00405388
0.00405827
0.00406712
0.00407866
0.00409181
0.00410588
0.00412045
0.00413525
0.00415011
0.00416492
0.00417963
0.00419419
0.0042086
0.00422287
0.00423701
0.00425106
0.0042651
0.00427922
0.00429357
0.00430837
0.00432399
0.00434106
0.00436068
0.00438493
0.00441811
0.00446423
0.00454078
0.0047006
0.00512214
0.00291563
0.0248022
0.00959597
0.00588583
0.00500949
0.0045452
0.00430531
0.00417617
0.00410691
0.0040718
0.0040568
0.00405387
0.00405827
0.00406712
0.00407866
0.0040918
0.00410588
0.00412045
0.00413524
0.0041501
0.00416492
0.00417962
0.00419419
0.0042086
0.00422286
0.004237
0.00425106
0.00426509
0.00427921
0.00429356
0.00430836
0.00432398
0.00434105
0.00436067
0.00438492
0.00441809
0.00446422
0.00454077
0.00470059
0.00512213
0.00291563
0.0248023
0.00959596
0.00588583
0.00500949
0.0045452
0.00430531
0.00417617
0.0041069
0.00407179
0.0040568
0.00405387
0.00405827
0.00406711
0.00407865
0.0040918
0.00410587
0.00412044
0.00413524
0.0041501
0.00416491
0.00417962
0.00419418
0.00420859
0.00422286
0.00423699
0.00425105
0.00426509
0.0042792
0.00429355
0.00430835
0.00432398
0.00434105
0.00436066
0.00438491
0.00441808
0.00446421
0.00454076
0.00470058
0.00512213
0.00291563
0.0248024
0.00959595
0.00588582
0.00500948
0.0045452
0.00430531
0.00417617
0.0041069
0.00407179
0.00405679
0.00405387
0.00405826
0.00406711
0.00407865
0.0040918
0.00410587
0.00412044
0.00413523
0.00415009
0.00416491
0.00417961
0.00419417
0.00420858
0.00422284
0.00423698
0.00425104
0.00426507
0.00427919
0.00429354
0.00430834
0.00432396
0.00434103
0.00436064
0.00438489
0.00441807
0.0044642
0.00454074
0.00470057
0.00512211
0.00291562
0.0248026
0.00959593
0.00588582
0.00500948
0.00454519
0.0043053
0.00417616
0.0041069
0.00407179
0.00405679
0.00405386
0.00405826
0.00406711
0.00407865
0.00409179
0.00410586
0.00412043
0.00413523
0.00415009
0.0041649
0.0041796
0.00419417
0.00420857
0.00422284
0.00423697
0.00425103
0.00426506
0.00427918
0.00429352
0.00430832
0.00432395
0.00434102
0.00436063
0.00438488
0.00441805
0.00446418
0.00454073
0.00470055
0.0051221
0.00291562
0.0248028
0.00959591
0.00588581
0.00500948
0.00454519
0.0043053
0.00417616
0.0041069
0.00407178
0.00405679
0.00405386
0.00405825
0.0040671
0.00407864
0.00409178
0.00410585
0.00412042
0.00413522
0.00415007
0.00416488
0.00417959
0.00419415
0.00420856
0.00422282
0.00423695
0.00425101
0.00426504
0.00427916
0.0042935
0.0043083
0.00432392
0.00434099
0.0043606
0.00438485
0.00441802
0.00446415
0.0045407
0.00470053
0.00512207
0.00291561
0.024803
0.00959588
0.00588581
0.00500947
0.00454518
0.00430529
0.00417615
0.00410689
0.00407178
0.00405678
0.00405386
0.00405825
0.00406709
0.00407863
0.00409178
0.00410584
0.00412041
0.00413521
0.00415007
0.00416488
0.00417958
0.00419414
0.00420854
0.0042228
0.00423694
0.00425099
0.00426502
0.00427914
0.00429348
0.00430828
0.0043239
0.00434096
0.00436057
0.00438482
0.00441798
0.00446412
0.00454068
0.0047005
0.00512206
0.00291562
0.0248033
0.00959584
0.00588579
0.00500946
0.00454518
0.00430529
0.00417615
0.00410688
0.00407177
0.00405677
0.00405385
0.00405824
0.00406708
0.00407862
0.00409176
0.00410583
0.00412039
0.00413519
0.00415004
0.00416485
0.00417955
0.00419411
0.00420852
0.00422277
0.00423691
0.00425096
0.00426499
0.0042791
0.00429344
0.00430824
0.00432386
0.00434092
0.00436052
0.00438477
0.00441793
0.00446407
0.00454062
0.00470046
0.00512201
0.0029156
0.0248037
0.00959578
0.00588578
0.00500945
0.00454517
0.00430528
0.00417614
0.00410688
0.00407176
0.00405677
0.00405384
0.00405823
0.00406707
0.00407861
0.00409175
0.00410581
0.00412038
0.00413517
0.00415002
0.00416483
0.00417953
0.00419408
0.00420849
0.00422274
0.00423687
0.00425092
0.00426495
0.00427906
0.0042934
0.00430819
0.00432381
0.00434087
0.00436047
0.00438471
0.00441787
0.00446401
0.00454057
0.00470041
0.00512197
0.0029156
0.0248041
0.00959568
0.00588575
0.00500943
0.00454516
0.00430527
0.00417613
0.00410687
0.00407175
0.00405675
0.00405382
0.00405821
0.00406705
0.00407858
0.00409172
0.00410579
0.00412035
0.00413514
0.00414999
0.00416479
0.00417949
0.00419404
0.00420844
0.00422269
0.00423682
0.00425086
0.00426489
0.00427899
0.00429333
0.00430811
0.00432373
0.00434078
0.00436038
0.00438461
0.00441776
0.00446392
0.00454048
0.00470033
0.00512189
0.00291559
0.0248047
0.00959551
0.00588572
0.00500941
0.00454514
0.00430526
0.00417612
0.00410685
0.00407174
0.00405673
0.0040538
0.00405819
0.00406703
0.00407856
0.00409169
0.00410575
0.00412031
0.00413509
0.00414994
0.00416474
0.00417943
0.00419397
0.00420837
0.00422262
0.00423674
0.00425078
0.0042648
0.0042789
0.00429323
0.00430801
0.00432361
0.00434066
0.00436025
0.00438447
0.00441762
0.00446378
0.00454035
0.00470021
0.0051218
0.00291558
0.0248056
0.00959522
0.00588565
0.00500937
0.00454511
0.00430523
0.00417609
0.00410682
0.0040717
0.0040567
0.00405376
0.00405814
0.00406697
0.0040785
0.00409162
0.00410568
0.00412023
0.00413501
0.00414985
0.00416464
0.00417932
0.00419386
0.00420824
0.00422248
0.0042366
0.00425063
0.00426464
0.00427873
0.00429305
0.00430782
0.00432341
0.00434045
0.00436003
0.00438424
0.00441737
0.00446355
0.00454013
0.00469999
0.0051216
0.00291557
0.0248078
0.00959462
0.0058855
0.00500925
0.00454499
0.00430511
0.00417597
0.0041067
0.00407158
0.00405657
0.00405363
0.004058
0.00406683
0.00407834
0.00409146
0.0041055
0.00412005
0.00413481
0.00414964
0.00416442
0.00417909
0.00419362
0.00420799
0.00422222
0.00423632
0.00425034
0.00426434
0.00427842
0.00429272
0.00430748
0.00432306
0.00434008
0.00435964
0.00438383
0.00441694
0.00446315
0.00453976
0.00469964
0.00512129
0.00291557
0.0248141
0.00959335
0.00588512
0.00500881
0.00454455
0.00430468
0.00417555
0.00410629
0.00407117
0.00405616
0.00405321
0.00405758
0.0040664
0.00407791
0.00409102
0.00410506
0.00411959
0.00413435
0.00414917
0.00416395
0.00417861
0.00419313
0.0042075
0.00422172
0.00423582
0.00424983
0.00426383
0.0042779
0.0042922
0.00430696
0.00432253
0.00433955
0.0043591
0.00438328
0.00441637
0.00446267
0.00453935
0.00469929
0.00512099
0.00291578
0.0245369
0.00955205
0.00587131
0.00500031
0.00453878
0.00430072
0.00417295
0.00410482
0.0040707
0.00405661
0.00405454
0.00405975
0.00406937
0.00408166
0.00409554
0.00411032
0.00412558
0.00414106
0.00415658
0.00417204
0.00418737
0.00420256
0.00421758
0.00423245
0.00424719
0.00426183
0.00427645
0.00429115
0.00430608
0.00432146
0.00433767
0.00435535
0.00437559
0.00440051
0.00443415
0.00448015
0.00455664
0.00471659
0.00513895
0.00292031
0.000536571
0.000551619
0.000541895
0.000539643
0.000536934
0.000534333
0.000531867
0.000529525
0.0005273
0.000525185
0.000523175
0.000521267
0.000519458
0.00051774
0.000516111
0.000514562
0.00051309
0.000511687
0.000510349
0.000509071
0.000507849
0.000506677
0.000505555
0.000504478
0.000503446
0.000502457
0.000501512
0.000500612
0.000499761
0.000498962
0.000498223
0.000497558
0.000496983
0.000496526
0.000496229
0.000496167
0.00049643
0.000497086
0.00049788
0.000478449
0.000536491
0.000551438
0.000541732
0.000539472
0.000536762
0.000534163
0.0005317
0.000529364
0.000527145
0.000525036
0.000523034
0.000521133
0.000519329
0.000517618
0.000515995
0.000514452
0.000512985
0.000511588
0.000510255
0.000508982
0.000507764
0.000506598
0.000505479
0.000504407
0.000503379
0.000502394
0.000501453
0.000500557
0.000499708
0.000498913
0.000498178
0.000497516
0.000496944
0.000496491
0.000496199
0.000496139
0.000496403
0.000497058
0.000497857
0.000478449
0.000536493
0.000551451
0.000541747
0.000539487
0.000536779
0.000534182
0.000531719
0.000529383
0.000527165
0.000525056
0.000523053
0.000521152
0.000519348
0.000517637
0.000516013
0.00051447
0.000513003
0.000511605
0.000510272
0.000508998
0.00050778
0.000506613
0.000505494
0.000504421
0.000503393
0.000502408
0.000501466
0.00050057
0.000499722
0.000498926
0.000498191
0.000497528
0.000496957
0.000496504
0.000496212
0.000496152
0.00049642
0.000497077
0.000497876
0.000478471
0.000536495
0.000551457
0.000541757
0.000539497
0.00053679
0.000534193
0.000531731
0.000529396
0.000527177
0.000525068
0.000523065
0.000521164
0.00051936
0.000517648
0.000516024
0.000514481
0.000513013
0.000511616
0.000510282
0.000509008
0.00050779
0.000506623
0.000505504
0.000504431
0.000503402
0.000502417
0.000501475
0.000500579
0.00049973
0.000498934
0.000498199
0.000497537
0.000496965
0.000496512
0.00049622
0.00049616
0.000496427
0.000497086
0.000497885
0.000478483
0.000536497
0.000551461
0.000541762
0.000539504
0.000536797
0.000534201
0.00053174
0.000529404
0.000527186
0.000525077
0.000523074
0.000521172
0.000519368
0.000517657
0.000516032
0.000514489
0.000513021
0.000511623
0.00051029
0.000509016
0.000507797
0.00050663
0.000505511
0.000504438
0.000503409
0.000502423
0.000501482
0.000500585
0.000499736
0.000498941
0.000498205
0.000497543
0.000496971
0.000496518
0.000496227
0.000496167
0.000496434
0.000497093
0.000497893
0.000478491
0.000536499
0.000551464
0.000541766
0.000539509
0.000536802
0.000534206
0.000531745
0.00052941
0.000527191
0.000525082
0.000523079
0.000521177
0.000519373
0.000517661
0.000516037
0.000514494
0.000513026
0.000511628
0.000510294
0.00050902
0.000507801
0.000506634
0.000505515
0.000504441
0.000503413
0.000502427
0.000501485
0.000500589
0.00049974
0.000498944
0.000498209
0.000497546
0.000496975
0.000496522
0.00049623
0.00049617
0.000496438
0.000497097
0.000497897
0.000478496
0.0005365
0.000551466
0.000541768
0.000539512
0.000536806
0.00053421
0.000531749
0.000529414
0.000527196
0.000525087
0.000523084
0.000521182
0.000519378
0.000517666
0.000516041
0.000514498
0.00051303
0.000511632
0.000510298
0.000509024
0.000507805
0.000506638
0.000505519
0.000504445
0.000503416
0.000502431
0.000501489
0.000500593
0.000499744
0.000498948
0.000498213
0.00049755
0.000496979
0.000496526
0.000496234
0.000496174
0.000496442
0.000497101
0.000497901
0.0004785
0.000536501
0.000551468
0.00054177
0.000539514
0.000536808
0.000534213
0.000531752
0.000529417
0.000527198
0.00052509
0.000523086
0.000521185
0.00051938
0.000517669
0.000516044
0.000514501
0.000513033
0.000511635
0.000510301
0.000509027
0.000507808
0.00050664
0.000505521
0.000504448
0.000503419
0.000502433
0.000501491
0.000500595
0.000499746
0.00049895
0.000498215
0.000497552
0.00049698
0.000496528
0.000496236
0.000496177
0.000496444
0.000497104
0.000497903
0.000478503
0.000536502
0.00055147
0.000541772
0.000539516
0.00053681
0.000534215
0.000531755
0.00052942
0.000527201
0.000525092
0.000523089
0.000521188
0.000519383
0.000517672
0.000516047
0.000514503
0.000513035
0.000511637
0.000510303
0.000509029
0.00050781
0.000506642
0.000505523
0.00050445
0.000503421
0.000502435
0.000501494
0.000500597
0.000499748
0.000498952
0.000498217
0.000497554
0.000496983
0.00049653
0.000496238
0.000496179
0.000496446
0.000497106
0.000497905
0.000478505
0.000536503
0.000551471
0.000541773
0.000539517
0.000536811
0.000534217
0.000531756
0.000529421
0.000527203
0.000525094
0.000523091
0.000521189
0.000519385
0.000517673
0.000516048
0.000514505
0.000513037
0.000511639
0.000510305
0.000509031
0.000507811
0.000506644
0.000505525
0.000504451
0.000503422
0.000502437
0.000501495
0.000500598
0.000499749
0.000498953
0.000498218
0.000497556
0.000496984
0.000496531
0.000496239
0.00049618
0.000496448
0.000497107
0.000497907
0.000478507
0.000536503
0.000551472
0.000541774
0.000539518
0.000536813
0.000534218
0.000531758
0.000529423
0.000527205
0.000525096
0.000523093
0.000521191
0.000519387
0.000517675
0.00051605
0.000514507
0.000513038
0.00051164
0.000510306
0.000509032
0.000507813
0.000506645
0.000505526
0.000504453
0.000503424
0.000502438
0.000501496
0.0005006
0.000499751
0.000498955
0.00049822
0.000497557
0.000496985
0.000496533
0.000496241
0.000496181
0.000496449
0.000497109
0.000497908
0.000478508
0.000536504
0.000551473
0.000541775
0.000539519
0.000536814
0.000534219
0.000531759
0.000529424
0.000527206
0.000525097
0.000523094
0.000521192
0.000519388
0.000517676
0.000516051
0.000514508
0.00051304
0.000511641
0.000510308
0.000509033
0.000507814
0.000506646
0.000505527
0.000504454
0.000503425
0.000502439
0.000501497
0.000500601
0.000499752
0.000498956
0.000498221
0.000497558
0.000496986
0.000496534
0.000496242
0.000496183
0.00049645
0.00049711
0.00049791
0.000478509
0.000536504
0.000551473
0.000541776
0.00053952
0.000536814
0.00053422
0.00053176
0.000529425
0.000527207
0.000525098
0.000523095
0.000521194
0.000519389
0.000517677
0.000516052
0.000514509
0.000513041
0.000511642
0.000510309
0.000509034
0.000507815
0.000506648
0.000505528
0.000504455
0.000503426
0.00050244
0.000501498
0.000500602
0.000499753
0.000498957
0.000498222
0.000497559
0.000496987
0.000496535
0.000496243
0.000496184
0.000496451
0.000497111
0.000497911
0.000478511
0.000536505
0.000551474
0.000541776
0.00053952
0.000536815
0.000534221
0.00053176
0.000529426
0.000527208
0.000525099
0.000523096
0.000521194
0.00051939
0.000517678
0.000516053
0.00051451
0.000513042
0.000511643
0.00051031
0.000509035
0.000507816
0.000506648
0.000505529
0.000504456
0.000503427
0.000502441
0.000501499
0.000500602
0.000499754
0.000498958
0.000498222
0.00049756
0.000496988
0.000496536
0.000496244
0.000496185
0.000496452
0.000497112
0.000497912
0.000478511
0.000536505
0.000551474
0.000541777
0.000539521
0.000536816
0.000534221
0.000531761
0.000529427
0.000527209
0.0005251
0.000523097
0.000521195
0.000519391
0.000517679
0.000516054
0.000514511
0.000513043
0.000511644
0.00051031
0.000509036
0.000507817
0.000506649
0.00050553
0.000504457
0.000503428
0.000502442
0.0005015
0.000500603
0.000499754
0.000498958
0.000498223
0.000497561
0.000496989
0.000496536
0.000496245
0.000496185
0.000496453
0.000497113
0.000497913
0.000478512
0.000536505
0.000551475
0.000541777
0.000539522
0.000536816
0.000534222
0.000531762
0.000529427
0.000527209
0.000525101
0.000523098
0.000521196
0.000519392
0.00051768
0.000516055
0.000514512
0.000513044
0.000511645
0.000510311
0.000509037
0.000507818
0.00050665
0.000505531
0.000504457
0.000503428
0.000502443
0.000501501
0.000500604
0.000499755
0.000498959
0.000498224
0.000497562
0.00049699
0.000496537
0.000496246
0.000496186
0.000496454
0.000497114
0.000497913
0.000478513
0.000536505
0.000551475
0.000541777
0.000539522
0.000536817
0.000534223
0.000531762
0.000529428
0.00052721
0.000525101
0.000523098
0.000521197
0.000519393
0.000517681
0.000516056
0.000514512
0.000513044
0.000511646
0.000510312
0.000509038
0.000507819
0.000506651
0.000505532
0.000504458
0.000503429
0.000502444
0.000501502
0.000500605
0.000499756
0.00049896
0.000498225
0.000497562
0.000496991
0.000496538
0.000496246
0.000496187
0.000496455
0.000497114
0.000497914
0.000478514
0.000536505
0.000551475
0.000541778
0.000539522
0.000536817
0.000534223
0.000531763
0.000529429
0.00052721
0.000525102
0.000523099
0.000521198
0.000519393
0.000517681
0.000516057
0.000514513
0.000513045
0.000511647
0.000510313
0.000509039
0.000507819
0.000506652
0.000505532
0.000504459
0.00050343
0.000502444
0.000501503
0.000500606
0.000499757
0.000498961
0.000498226
0.000497563
0.000496992
0.000496539
0.000496247
0.000496188
0.000496456
0.000497115
0.000497915
0.000478515
0.000536505
0.000551475
0.000541778
0.000539523
0.000536818
0.000534223
0.000531763
0.000529429
0.000527211
0.000525103
0.0005231
0.000521198
0.000519394
0.000517682
0.000516057
0.000514514
0.000513046
0.000511647
0.000510314
0.000509039
0.00050782
0.000506652
0.000505533
0.00050446
0.000503431
0.000502445
0.000501503
0.000500606
0.000499758
0.000498962
0.000498227
0.000497564
0.000496992
0.00049654
0.000496248
0.000496189
0.000496456
0.000497116
0.000497916
0.000478515
0.000536506
0.000551475
0.000541778
0.000539523
0.000536818
0.000534224
0.000531764
0.000529429
0.000527211
0.000525103
0.0005231
0.000521199
0.000519394
0.000517683
0.000516058
0.000514514
0.000513046
0.000511648
0.000510314
0.00050904
0.000507821
0.000506653
0.000505534
0.00050446
0.000503431
0.000502446
0.000501504
0.000500607
0.000499758
0.000498962
0.000498227
0.000497565
0.000496993
0.00049654
0.000496248
0.000496189
0.000496457
0.000497116
0.000497916
0.000478516
0.000536506
0.000551475
0.000541778
0.000539523
0.000536818
0.000534224
0.000531764
0.000529429
0.000527211
0.000525103
0.0005231
0.000521199
0.000519395
0.000517683
0.000516058
0.000514514
0.000513046
0.000511648
0.000510314
0.00050904
0.000507821
0.000506653
0.000505534
0.000504461
0.000503431
0.000502446
0.000501504
0.000500607
0.000499758
0.000498963
0.000498227
0.000497565
0.000496993
0.00049654
0.000496249
0.000496189
0.000496457
0.000497117
0.000497916
0.000478516
0.000536505
0.000551475
0.000541778
0.000539523
0.000536818
0.000534224
0.000531764
0.000529429
0.000527211
0.000525103
0.0005231
0.000521199
0.000519394
0.000517683
0.000516058
0.000514514
0.000513046
0.000511648
0.000510314
0.00050904
0.000507821
0.000506653
0.000505534
0.00050446
0.000503431
0.000502446
0.000501504
0.000500607
0.000499758
0.000498962
0.000498227
0.000497565
0.000496993
0.00049654
0.000496248
0.000496189
0.000496457
0.000497116
0.000497916
0.000478516
0.000536505
0.000551475
0.000541778
0.000539523
0.000536818
0.000534223
0.000531763
0.000529429
0.000527211
0.000525103
0.0005231
0.000521198
0.000519394
0.000517682
0.000516057
0.000514514
0.000513046
0.000511648
0.000510314
0.000509039
0.00050782
0.000506653
0.000505533
0.00050446
0.000503431
0.000502446
0.000501504
0.000500607
0.000499758
0.000498962
0.000498227
0.000497564
0.000496993
0.00049654
0.000496248
0.000496189
0.000496457
0.000497116
0.000497916
0.000478516
0.000536505
0.000551475
0.000541778
0.000539522
0.000536817
0.000534223
0.000531763
0.000529429
0.000527211
0.000525102
0.0005231
0.000521198
0.000519394
0.000517682
0.000516057
0.000514514
0.000513046
0.000511647
0.000510314
0.000509039
0.00050782
0.000506653
0.000505533
0.00050446
0.000503431
0.000502445
0.000501503
0.000500607
0.000499758
0.000498962
0.000498227
0.000497564
0.000496993
0.00049654
0.000496248
0.000496189
0.000496456
0.000497116
0.000497916
0.000478515
0.000536505
0.000551475
0.000541777
0.000539522
0.000536817
0.000534223
0.000531763
0.000529429
0.000527211
0.000525102
0.000523099
0.000521198
0.000519394
0.000517682
0.000516057
0.000514513
0.000513045
0.000511647
0.000510313
0.000509039
0.00050782
0.000506652
0.000505533
0.00050446
0.000503431
0.000502445
0.000501503
0.000500606
0.000499758
0.000498962
0.000498226
0.000497564
0.000496992
0.00049654
0.000496248
0.000496188
0.000496456
0.000497116
0.000497915
0.000478515
0.000536505
0.000551474
0.000541777
0.000539522
0.000536817
0.000534223
0.000531762
0.000529428
0.00052721
0.000525102
0.000523099
0.000521197
0.000519393
0.000517681
0.000516057
0.000514513
0.000513045
0.000511647
0.000510313
0.000509039
0.00050782
0.000506652
0.000505533
0.000504459
0.00050343
0.000502445
0.000501503
0.000500606
0.000499757
0.000498961
0.000498226
0.000497564
0.000496992
0.000496539
0.000496247
0.000496188
0.000496456
0.000497115
0.000497915
0.000478515
0.000536505
0.000551474
0.000541777
0.000539521
0.000536816
0.000534222
0.000531762
0.000529428
0.00052721
0.000525101
0.000523098
0.000521197
0.000519393
0.000517681
0.000516056
0.000514513
0.000513045
0.000511646
0.000510313
0.000509038
0.000507819
0.000506652
0.000505532
0.000504459
0.00050343
0.000502444
0.000501503
0.000500606
0.000499757
0.000498961
0.000498226
0.000497563
0.000496992
0.000496539
0.000496247
0.000496188
0.000496456
0.000497115
0.000497915
0.000478515
0.000536504
0.000551473
0.000541776
0.000539521
0.000536816
0.000534222
0.000531762
0.000529427
0.000527209
0.000525101
0.000523098
0.000521196
0.000519392
0.00051768
0.000516056
0.000514512
0.000513044
0.000511646
0.000510312
0.000509038
0.000507819
0.000506651
0.000505532
0.000504459
0.00050343
0.000502444
0.000501502
0.000500605
0.000499757
0.000498961
0.000498225
0.000497563
0.000496991
0.000496539
0.000496247
0.000496187
0.000496455
0.000497115
0.000497915
0.000478514
0.000536504
0.000551473
0.000541775
0.00053952
0.000536815
0.000534221
0.000531761
0.000529427
0.000527209
0.0005251
0.000523097
0.000521196
0.000519392
0.00051768
0.000516055
0.000514512
0.000513044
0.000511646
0.000510312
0.000509038
0.000507819
0.000506651
0.000505532
0.000504458
0.000503429
0.000502444
0.000501502
0.000500605
0.000499756
0.00049896
0.000498225
0.000497563
0.000496991
0.000496538
0.000496246
0.000496187
0.000496455
0.000497114
0.000497914
0.000478514
0.000536503
0.000551472
0.000541775
0.000539519
0.000536814
0.00053422
0.00053176
0.000529426
0.000527208
0.000525099
0.000523096
0.000521195
0.000519391
0.000517679
0.000516054
0.000514511
0.000513043
0.000511645
0.000510311
0.000509037
0.000507818
0.00050665
0.000505531
0.000504458
0.000503429
0.000502443
0.000501501
0.000500605
0.000499756
0.00049896
0.000498225
0.000497562
0.00049699
0.000496538
0.000496246
0.000496187
0.000496454
0.000497114
0.000497914
0.000478513
0.000536503
0.000551471
0.000541774
0.000539518
0.000536813
0.000534219
0.000531759
0.000529425
0.000527207
0.000525098
0.000523096
0.000521194
0.00051939
0.000517678
0.000516054
0.000514511
0.000513043
0.000511644
0.000510311
0.000509037
0.000507817
0.00050665
0.000505531
0.000504457
0.000503428
0.000502443
0.000501501
0.000500604
0.000499755
0.000498959
0.000498224
0.000497562
0.00049699
0.000496537
0.000496245
0.000496186
0.000496454
0.000497113
0.000497913
0.000478513
0.000536502
0.00055147
0.000541773
0.000539517
0.000536812
0.000534218
0.000531758
0.000529423
0.000527205
0.000525097
0.000523094
0.000521193
0.000519389
0.000517677
0.000516053
0.000514509
0.000513042
0.000511643
0.00051031
0.000509035
0.000507816
0.000506649
0.00050553
0.000504456
0.000503427
0.000502442
0.0005015
0.000500603
0.000499754
0.000498958
0.000498223
0.000497561
0.000496989
0.000496536
0.000496245
0.000496185
0.000496453
0.000497112
0.000497913
0.000478512
0.000536501
0.000551469
0.000541771
0.000539516
0.000536811
0.000534216
0.000531756
0.000529422
0.000527204
0.000525096
0.000523093
0.000521192
0.000519388
0.000517676
0.000516052
0.000514508
0.000513041
0.000511643
0.000510309
0.000509035
0.000507816
0.000506648
0.000505529
0.000504456
0.000503427
0.000502441
0.000501499
0.000500603
0.000499754
0.000498958
0.000498223
0.00049756
0.000496989
0.000496536
0.000496244
0.000496185
0.000496452
0.000497112
0.000497912
0.000478512
0.0005365
0.000551467
0.00054177
0.000539514
0.000536809
0.000534214
0.000531754
0.00052942
0.000527202
0.000525094
0.000523091
0.00052119
0.000519386
0.000517675
0.00051605
0.000514507
0.000513039
0.000511641
0.000510308
0.000509034
0.000507815
0.000506647
0.000505528
0.000504455
0.000503426
0.00050244
0.000501498
0.000500602
0.000499753
0.000498957
0.000498222
0.000497559
0.000496988
0.000496535
0.000496243
0.000496183
0.000496451
0.000497111
0.000497911
0.00047851
0.000536499
0.000551465
0.000541767
0.000539511
0.000536806
0.000534212
0.000531751
0.000529417
0.0005272
0.000525092
0.000523089
0.000521188
0.000519384
0.000517673
0.000516048
0.000514505
0.000513038
0.00051164
0.000510306
0.000509032
0.000507813
0.000506645
0.000505526
0.000504453
0.000503424
0.000502439
0.000501497
0.0005006
0.000499751
0.000498955
0.00049822
0.000497558
0.000496986
0.000496533
0.000496241
0.000496182
0.00049645
0.00049711
0.00049791
0.000478509
0.000536497
0.000551462
0.000541764
0.000539508
0.000536802
0.000534208
0.000531748
0.000529414
0.000527196
0.000525088
0.000523086
0.000521185
0.000519381
0.00051767
0.000516046
0.000514503
0.000513035
0.000511637
0.000510304
0.00050903
0.000507811
0.000506643
0.000505524
0.000504451
0.000503422
0.000502437
0.000501495
0.000500598
0.00049975
0.000498954
0.000498219
0.000497556
0.000496984
0.000496531
0.00049624
0.00049618
0.000496448
0.000497107
0.000497907
0.000478506
0.000536495
0.000551458
0.00054176
0.000539502
0.000536796
0.000534202
0.000531742
0.000529409
0.000527191
0.000525084
0.000523081
0.000521181
0.000519377
0.000517666
0.000516042
0.000514499
0.000513031
0.000511634
0.0005103
0.000509026
0.000507808
0.00050664
0.000505521
0.000504448
0.000503419
0.000502434
0.000501492
0.000500596
0.000499747
0.000498951
0.000498216
0.000497553
0.000496982
0.000496529
0.000496237
0.000496178
0.000496445
0.000497104
0.000497905
0.000478502
0.000536493
0.000551451
0.000541751
0.000539494
0.000536788
0.000534194
0.000531734
0.0005294
0.000527183
0.000525076
0.000523074
0.000521173
0.00051937
0.000517659
0.000516035
0.000514493
0.000513026
0.000511628
0.000510295
0.000509021
0.000507803
0.000506635
0.000505516
0.000504444
0.000503415
0.00050243
0.000501488
0.000500592
0.000499743
0.000498947
0.000498212
0.000497549
0.000496978
0.000496525
0.000496233
0.000496173
0.000496441
0.0004971
0.000497899
0.000478496
0.000536491
0.000551436
0.000541733
0.000539476
0.00053677
0.000534177
0.000531718
0.000529385
0.000527168
0.000525061
0.00052306
0.00052116
0.000519358
0.000517647
0.000516024
0.000514482
0.000513015
0.000511618
0.000510285
0.000509012
0.000507793
0.000506626
0.000505508
0.000504435
0.000503407
0.000502422
0.00050148
0.000500584
0.000499736
0.00049894
0.000498205
0.000497543
0.000496971
0.000496519
0.000496227
0.000496167
0.000496434
0.000497091
0.000497891
0.000478485
0.000536567
0.000551612
0.000541895
0.000539652
0.000536953
0.000534362
0.000531902
0.000529566
0.000527346
0.000525234
0.000523227
0.000521321
0.000519512
0.000517796
0.000516166
0.000514618
0.000513146
0.000511743
0.000510405
0.000509127
0.000507904
0.000506732
0.000505609
0.000504532
0.0005035
0.000502511
0.000501566
0.000500666
0.000499813
0.000499014
0.000498275
0.000497609
0.000497033
0.000496576
0.000496279
0.000496215
0.000496479
0.000497135
0.00049793
0.000478502
)
;

boundaryField
{
    front
    {
        type            calculated;
        value           nonuniform List<scalar> 
1600
(
0.114122
0.114186
0.114219
0.114229
0.114231
0.114231
0.114231
0.114231
0.114231
0.114231
0.114231
0.114231
0.114231
0.114231
0.114231
0.114231
0.114231
0.114231
0.114231
0.114231
0.114231
0.114231
0.114231
0.114232
0.114232
0.114232
0.114232
0.114232
0.114232
0.114232
0.114232
0.114232
0.114232
0.114232
0.114234
0.11424
0.114265
0.114379
0.114947
0.117322
0.114005
0.114071
0.114104
0.114113
0.114115
0.114115
0.114115
0.114115
0.114115
0.114115
0.114115
0.114115
0.114115
0.114115
0.114115
0.114115
0.114115
0.114115
0.114115
0.114115
0.114115
0.114115
0.114115
0.114116
0.114116
0.114116
0.114116
0.114116
0.114116
0.114116
0.114116
0.114116
0.114116
0.114116
0.114118
0.114124
0.114148
0.114262
0.11483
0.117209
0.113952
0.114017
0.11405
0.11406
0.114062
0.114062
0.114062
0.114062
0.114062
0.114062
0.114062
0.114062
0.114062
0.114062
0.114062
0.114062
0.114062
0.114062
0.114062
0.114062
0.114062
0.114062
0.114062
0.114062
0.114062
0.114062
0.114062
0.114062
0.114062
0.114062
0.114062
0.114062
0.114062
0.114063
0.114064
0.114071
0.114095
0.114208
0.114777
0.117155
0.113917
0.113983
0.114016
0.114026
0.114028
0.114028
0.114027
0.114027
0.114027
0.114027
0.114027
0.114027
0.114027
0.114027
0.114027
0.114027
0.114027
0.114027
0.114027
0.114027
0.114027
0.114028
0.114028
0.114028
0.114028
0.114028
0.114028
0.114028
0.114028
0.114028
0.114028
0.114028
0.114028
0.114028
0.11403
0.114036
0.11406
0.114174
0.114743
0.117124
0.113885
0.113951
0.113984
0.113993
0.113995
0.113995
0.113995
0.113995
0.113995
0.113995
0.113995
0.113995
0.113995
0.113995
0.113995
0.113995
0.113995
0.113995
0.113995
0.113995
0.113995
0.113995
0.113995
0.113995
0.113995
0.113995
0.113995
0.113995
0.113995
0.113995
0.113995
0.113995
0.113995
0.113996
0.113997
0.114004
0.114027
0.114141
0.114712
0.117101
0.113836
0.113902
0.113935
0.113944
0.113946
0.113946
0.113946
0.113946
0.113946
0.113946
0.113946
0.113946
0.113946
0.113946
0.113946
0.113946
0.113946
0.113946
0.113946
0.113946
0.113946
0.113946
0.113946
0.113946
0.113946
0.113946
0.113946
0.113946
0.113946
0.113946
0.113946
0.113946
0.113946
0.113946
0.113948
0.113954
0.113978
0.114091
0.114667
0.11707
0.113753
0.113818
0.113851
0.113861
0.113863
0.113863
0.113863
0.113863
0.113862
0.113863
0.113863
0.113863
0.113863
0.113863
0.113863
0.113863
0.113863
0.113863
0.113863
0.113863
0.113863
0.113863
0.113863
0.113863
0.113863
0.113863
0.113863
0.113863
0.113863
0.113863
0.113863
0.113863
0.113863
0.113863
0.113865
0.113871
0.113894
0.114007
0.11459
0.117016
0.113623
0.113689
0.113723
0.113732
0.113734
0.113734
0.113734
0.113734
0.113733
0.113734
0.113734
0.113734
0.113734
0.113734
0.113734
0.113734
0.113734
0.113734
0.113734
0.113734
0.113734
0.113734
0.113734
0.113734
0.113734
0.113734
0.113734
0.113734
0.113734
0.113734
0.113734
0.113734
0.113734
0.113734
0.113736
0.113742
0.113764
0.113877
0.11447
0.116927
0.113444
0.113511
0.113545
0.113554
0.113556
0.113556
0.113556
0.113556
0.113556
0.113556
0.113556
0.113556
0.113556
0.113556
0.113556
0.113556
0.113556
0.113556
0.113556
0.113556
0.113556
0.113556
0.113556
0.113556
0.113556
0.113556
0.113556
0.113556
0.113556
0.113556
0.113556
0.113556
0.113556
0.113557
0.113558
0.113563
0.113585
0.113698
0.114304
0.116797
0.108959
0.109528
0.109528
0.109528
0.109528
0.109528
0.109527
0.109527
0.109527
0.109527
0.109526
0.109526
0.109526
0.109525
0.109525
0.109525
0.109525
0.109525
0.109525
0.109525
0.109525
0.109524
0.109525
0.109525
0.109525
0.109525
0.109525
0.109525
0.109526
0.109526
0.109526
0.109527
0.109527
0.109527
0.109527
0.109528
0.109528
0.109528
0.10953
0.108967
0.0921379
0.0926179
0.0926179
0.0926177
0.0926175
0.0926173
0.092617
0.0926167
0.0926165
0.0926162
0.0926158
0.0926155
0.0926153
0.092615
0.0926148
0.0926146
0.0926144
0.0926143
0.0926143
0.0926143
0.0926143
0.0926142
0.0926142
0.0926143
0.0926144
0.0926146
0.0926149
0.0926151
0.0926153
0.0926155
0.092616
0.0926162
0.0926163
0.0926166
0.0926169
0.0926173
0.0926174
0.0926179
0.0926192
0.0921443
0.0784517
0.0788591
0.0788591
0.0788589
0.0788587
0.0788585
0.0788583
0.078858
0.0788577
0.0788574
0.0788571
0.0788568
0.0788566
0.0788564
0.0788561
0.0788559
0.0788558
0.0788557
0.0788556
0.0788556
0.0788556
0.0788556
0.0788556
0.0788557
0.0788558
0.078856
0.0788561
0.0788563
0.0788566
0.078857
0.0788572
0.0788572
0.0788576
0.0788579
0.0788582
0.0788584
0.0788586
0.078859
0.07886
0.0784577
0.0670993
0.0674522
0.0674521
0.0674519
0.0674517
0.0674515
0.0674513
0.0674511
0.0674508
0.0674505
0.0674502
0.06745
0.0674498
0.0674495
0.0674493
0.0674492
0.067449
0.0674489
0.0674488
0.0674488
0.0674488
0.0674488
0.0674489
0.067449
0.0674491
0.0674492
0.0674494
0.0674496
0.0674499
0.0674501
0.0674502
0.0674506
0.067451
0.0674511
0.0674514
0.0674515
0.0674517
0.0674514
0.0674494
0.0670894
0.0575829
0.0578861
0.0578859
0.0578858
0.0578856
0.0578855
0.0578853
0.057885
0.0578848
0.0578845
0.0578843
0.0578841
0.0578838
0.0578836
0.0578834
0.0578832
0.0578831
0.0578829
0.0578829
0.0578828
0.0578828
0.0578829
0.057883
0.0578831
0.0578832
0.0578833
0.0578835
0.0578838
0.0578839
0.0578841
0.0578844
0.0578848
0.057885
0.0578852
0.0578854
0.0578856
0.0578857
0.0578855
0.0578837
0.0575733
0.0495591
0.0498201
0.0498199
0.0498198
0.0498197
0.0498195
0.0498193
0.0498191
0.0498188
0.0498186
0.0498183
0.0498181
0.0498178
0.0498176
0.0498174
0.0498173
0.0498171
0.049817
0.0498169
0.0498169
0.0498169
0.0498169
0.049817
0.0498171
0.0498173
0.0498175
0.0498176
0.0498178
0.049818
0.0498183
0.0498186
0.0498188
0.049819
0.0498192
0.0498194
0.0498196
0.0498197
0.0498197
0.0498179
0.0495505
0.0427448
0.0429698
0.0429697
0.0429695
0.0429694
0.0429692
0.042969
0.0429688
0.0429686
0.0429683
0.0429681
0.0429679
0.0429676
0.0429674
0.0429672
0.0429671
0.042967
0.0429668
0.0429667
0.0429667
0.0429667
0.0429667
0.0429668
0.0429669
0.0429671
0.0429673
0.0429674
0.0429676
0.0429679
0.0429681
0.0429683
0.0429685
0.0429688
0.042969
0.0429692
0.0429693
0.0429696
0.0429693
0.0429677
0.0427372
0.0369225
0.0371168
0.0371167
0.0371166
0.0371164
0.0371162
0.0371161
0.0371159
0.0371157
0.0371154
0.0371152
0.037115
0.0371148
0.0371146
0.0371144
0.0371143
0.0371142
0.0371141
0.037114
0.037114
0.037114
0.037114
0.037114
0.0371142
0.0371143
0.0371144
0.0371146
0.0371148
0.0371151
0.0371153
0.0371155
0.0371157
0.0371159
0.0371162
0.0371163
0.0371165
0.0371166
0.0371164
0.0371151
0.036916
0.0319243
0.0320923
0.0320922
0.0320921
0.0320919
0.0320918
0.0320916
0.0320914
0.0320912
0.032091
0.0320908
0.0320906
0.0320904
0.0320902
0.0320901
0.0320899
0.0320898
0.0320897
0.0320897
0.0320897
0.0320896
0.0320897
0.0320897
0.0320898
0.0320899
0.03209
0.0320902
0.0320904
0.0320906
0.0320908
0.0320911
0.0320913
0.0320914
0.0320917
0.0320918
0.032092
0.032092
0.032092
0.0320909
0.0319186
0.0276187
0.027764
0.0277639
0.0277638
0.0277636
0.0277635
0.0277633
0.0277631
0.0277629
0.0277627
0.0277625
0.0277624
0.0277622
0.027762
0.0277619
0.0277617
0.0277616
0.0277616
0.0277615
0.0277615
0.0277615
0.0277615
0.0277615
0.0277616
0.0277617
0.0277618
0.027762
0.0277621
0.0277623
0.0277625
0.0277628
0.0277629
0.0277631
0.0277633
0.0277635
0.0277636
0.0277638
0.0277637
0.0277627
0.0276136
0.0239011
0.0240269
0.0240268
0.0240266
0.0240265
0.0240264
0.0240262
0.024026
0.0240258
0.0240257
0.0240255
0.0240253
0.0240251
0.024025
0.0240249
0.0240247
0.0240246
0.0240246
0.0240245
0.0240245
0.0240245
0.0240245
0.0240245
0.0240246
0.0240247
0.0240248
0.024025
0.0240251
0.0240253
0.0240255
0.0240256
0.0240258
0.024026
0.0240262
0.0240263
0.0240265
0.0240266
0.0240265
0.0240256
0.0238968
0.0206877
0.0207965
0.0207964
0.0207963
0.0207962
0.020796
0.0207959
0.0207957
0.0207955
0.0207954
0.0207952
0.020795
0.0207949
0.0207947
0.0207946
0.0207945
0.0207944
0.0207943
0.0207943
0.0207942
0.0207942
0.0207943
0.0207943
0.0207944
0.0207945
0.0207946
0.0207947
0.0207948
0.020795
0.0207952
0.0207953
0.0207955
0.0207957
0.0207959
0.020796
0.0207962
0.0207962
0.0207962
0.0207955
0.020684
0.0179104
0.0180046
0.0180045
0.0180044
0.0180043
0.0180041
0.018004
0.0180038
0.0180036
0.0180035
0.0180033
0.0180031
0.018003
0.0180028
0.0180027
0.0180026
0.0180025
0.0180025
0.0180024
0.0180024
0.0180024
0.0180024
0.0180025
0.0180025
0.0180026
0.0180027
0.0180028
0.018003
0.0180031
0.0180033
0.0180034
0.0180036
0.0180038
0.0180039
0.0180041
0.0180042
0.0180043
0.0180043
0.0180037
0.0179072
0.0155136
0.0155952
0.0155951
0.015595
0.0155949
0.0155947
0.0155946
0.0155944
0.0155943
0.0155941
0.0155939
0.0155938
0.0155936
0.0155935
0.0155934
0.0155933
0.0155932
0.0155932
0.0155931
0.0155931
0.0155931
0.0155931
0.0155932
0.0155932
0.0155933
0.0155934
0.0155935
0.0155936
0.0155938
0.0155939
0.0155941
0.0155942
0.0155944
0.0155946
0.0155947
0.0155949
0.015595
0.015595
0.0155944
0.0155109
0.0134518
0.0135225
0.0135224
0.0135223
0.0135222
0.013522
0.0135219
0.0135217
0.0135215
0.0135214
0.0135212
0.0135211
0.013521
0.0135208
0.0135207
0.0135206
0.0135206
0.0135205
0.0135205
0.0135205
0.0135205
0.0135205
0.0135205
0.0135206
0.0135206
0.0135207
0.0135208
0.0135209
0.0135211
0.0135212
0.0135214
0.0135215
0.0135217
0.0135218
0.013522
0.0135221
0.0135223
0.0135223
0.0135218
0.0134494
0.0116873
0.0117487
0.0117486
0.0117484
0.0117483
0.0117482
0.011748
0.0117479
0.0117477
0.0117476
0.0117474
0.0117473
0.0117472
0.011747
0.0117469
0.0117469
0.0117468
0.0117467
0.0117467
0.0117467
0.0117467
0.0117467
0.0117467
0.0117468
0.0117469
0.0117469
0.011747
0.0117471
0.0117473
0.0117474
0.0117475
0.0117477
0.0117479
0.011748
0.0117482
0.0117483
0.0117484
0.0117485
0.0117481
0.0116852
0.0101889
0.0102424
0.0102423
0.0102422
0.0102421
0.010242
0.0102418
0.0102416
0.0102415
0.0102413
0.0102412
0.0102411
0.0102409
0.0102408
0.0102407
0.0102407
0.0102406
0.0102406
0.0102405
0.0102405
0.0102405
0.0102405
0.0102406
0.0102406
0.0102407
0.0102408
0.0102408
0.0102409
0.0102411
0.0102412
0.0102413
0.0102415
0.0102416
0.0102418
0.0102419
0.0102421
0.0102422
0.0102423
0.010242
0.0101872
0.00893086
0.00897772
0.00897761
0.0089775
0.00897737
0.00897722
0.00897707
0.00897691
0.00897676
0.00897661
0.00897647
0.00897635
0.00897623
0.00897614
0.00897605
0.00897598
0.00897592
0.00897588
0.00897586
0.00897584
0.00897584
0.00897586
0.00897589
0.00897593
0.00897599
0.00897606
0.00897614
0.00897624
0.00897635
0.00897648
0.00897661
0.00897676
0.00897693
0.00897707
0.00897724
0.00897738
0.0089775
0.00897756
0.00897734
0.00892943
0.00789087
0.00793225
0.00793214
0.00793202
0.00793189
0.00793173
0.00793157
0.00793142
0.00793126
0.00793112
0.00793098
0.00793086
0.00793075
0.00793066
0.00793058
0.00793052
0.00793047
0.00793043
0.0079304
0.00793039
0.00793039
0.00793041
0.00793043
0.00793047
0.00793052
0.00793059
0.00793067
0.00793076
0.00793087
0.00793099
0.00793112
0.00793128
0.00793142
0.00793159
0.00793175
0.0079319
0.00793203
0.00793212
0.00793193
0.00788964
0.00704886
0.0070858
0.00708568
0.00708554
0.00708539
0.00708523
0.00708506
0.00708489
0.00708474
0.00708459
0.00708446
0.00708434
0.00708424
0.00708415
0.00708408
0.00708402
0.00708398
0.00708394
0.00708392
0.00708391
0.00708391
0.00708392
0.00708395
0.00708398
0.00708403
0.00708409
0.00708416
0.00708425
0.00708435
0.00708447
0.00708461
0.00708474
0.00708491
0.00708507
0.00708523
0.0070854
0.00708556
0.00708564
0.0070855
0.00704777
0.00638428
0.0064177
0.00641756
0.00641742
0.00641725
0.00641707
0.00641689
0.00641672
0.00641656
0.00641641
0.00641628
0.00641617
0.00641607
0.00641599
0.00641592
0.00641587
0.00641582
0.00641579
0.00641577
0.00641576
0.00641576
0.00641577
0.0064158
0.00641583
0.00641587
0.00641593
0.006416
0.00641608
0.00641618
0.00641629
0.00641642
0.00641656
0.00641673
0.00641689
0.00641708
0.00641725
0.00641741
0.00641752
0.00641742
0.00638334
0.00587281
0.00590351
0.00590336
0.00590318
0.00590299
0.00590279
0.0059026
0.00590242
0.00590226
0.00590211
0.00590198
0.00590187
0.00590178
0.0059017
0.00590164
0.00590159
0.00590155
0.00590152
0.00590151
0.0059015
0.0059015
0.00590151
0.00590153
0.00590156
0.0059016
0.00590165
0.00590171
0.00590179
0.00590188
0.00590199
0.00590212
0.00590227
0.00590242
0.00590261
0.0059028
0.005903
0.00590318
0.00590333
0.00590328
0.005872
0.0054827
0.00551132
0.00551112
0.00551091
0.00551068
0.00551046
0.00551025
0.00551005
0.00550988
0.00550973
0.00550961
0.0055095
0.00550941
0.00550934
0.00550928
0.00550923
0.0055092
0.00550917
0.00550916
0.00550915
0.00550915
0.00550916
0.00550917
0.0055092
0.00550924
0.00550928
0.00550935
0.00550942
0.00550951
0.00550961
0.00550974
0.00550988
0.00551005
0.00551024
0.00551046
0.00551067
0.0055109
0.00551108
0.00551111
0.00548195
0.00517372
0.00520066
0.0052004
0.00520014
0.00519986
0.00519961
0.00519938
0.00519917
0.005199
0.00519886
0.00519874
0.00519864
0.00519855
0.00519849
0.00519843
0.00519839
0.00519836
0.00519833
0.00519832
0.00519831
0.00519831
0.00519832
0.00519833
0.00519836
0.00519839
0.00519843
0.00519849
0.00519856
0.00519864
0.00519874
0.00519886
0.00519901
0.00519918
0.00519938
0.00519961
0.00519987
0.00520014
0.00520038
0.00520046
0.00517308
0.00490315
0.00492859
0.00492824
0.00492791
0.00492758
0.00492729
0.00492703
0.00492682
0.00492665
0.0049265
0.00492639
0.00492629
0.00492622
0.00492616
0.00492611
0.00492607
0.00492604
0.00492602
0.00492601
0.004926
0.004926
0.00492601
0.00492602
0.00492604
0.00492607
0.00492611
0.00492616
0.00492622
0.0049263
0.00492639
0.0049265
0.00492665
0.00492682
0.00492703
0.00492728
0.00492758
0.0049279
0.00492822
0.00492841
0.00490257
0.00463735
0.00466128
0.00466079
0.00466035
0.00465996
0.00465963
0.00465937
0.00465916
0.00465899
0.00465886
0.00465876
0.00465867
0.00465861
0.00465855
0.00465851
0.00465848
0.00465845
0.00465843
0.00465842
0.00465842
0.00465842
0.00465842
0.00465843
0.00465845
0.00465848
0.00465851
0.00465855
0.0046586
0.00465867
0.00465875
0.00465886
0.00465899
0.00465916
0.00465937
0.00465964
0.00465996
0.00466035
0.00466078
0.00466112
0.00463684
0.0043562
0.00437839
0.00437768
0.00437711
0.00437664
0.00437629
0.00437603
0.00437583
0.00437568
0.00437557
0.00437548
0.00437541
0.00437535
0.00437531
0.00437528
0.00437525
0.00437523
0.00437522
0.00437521
0.0043752
0.0043752
0.00437521
0.00437521
0.00437523
0.00437525
0.00437527
0.00437531
0.00437535
0.0043754
0.00437547
0.00437556
0.00437568
0.00437583
0.00437603
0.00437629
0.00437664
0.0043771
0.00437767
0.00437824
0.00435581
0.00404387
0.00406359
0.00406256
0.00406188
0.0040614
0.00406107
0.00406084
0.00406067
0.00406055
0.00406046
0.00406039
0.00406034
0.0040603
0.00406027
0.00406025
0.00406023
0.00406021
0.0040602
0.0040602
0.00406019
0.00406019
0.00406019
0.0040602
0.00406021
0.00406022
0.00406024
0.00406027
0.0040603
0.00406034
0.00406039
0.00406046
0.00406055
0.00406067
0.00406084
0.00406107
0.0040614
0.00406188
0.00406256
0.00406349
0.00404371
0.00368814
0.00370359
0.00370231
0.00370164
0.00370124
0.003701
0.00370083
0.00370072
0.00370065
0.00370059
0.00370055
0.00370052
0.0037005
0.00370048
0.00370046
0.00370045
0.00370045
0.00370044
0.00370044
0.00370044
0.00370044
0.00370044
0.00370044
0.00370045
0.00370045
0.00370046
0.00370048
0.0037005
0.00370052
0.00370055
0.00370059
0.00370065
0.00370073
0.00370084
0.003701
0.00370126
0.00370165
0.00370231
0.00370356
0.00368834
0.00201507
0.00201684
0.00201653
0.00201651
0.00201651
0.00201652
0.00201653
0.00201654
0.00201655
0.00201656
0.00201656
0.00201657
0.00201658
0.00201658
0.00201659
0.00201659
0.00201659
0.0020166
0.0020166
0.00201661
0.00201661
0.00201661
0.0020166
0.0020166
0.0020166
0.0020166
0.0020166
0.0020166
0.0020166
0.0020166
0.00201659
0.00201659
0.00201659
0.00201659
0.00201659
0.0020166
0.00201661
0.00201665
0.00201689
0.00201847
0.000431017
0.000431028
0.00043105
0.000431062
0.00043107
0.000431075
0.000431078
0.000431081
0.000431083
0.000431085
0.000431086
0.000431087
0.000431088
0.000431089
0.00043109
0.000431091
0.000431091
0.000431092
0.000431092
0.000431093
0.000431093
0.000431093
0.000431093
0.000431093
0.000431092
0.000431092
0.000431092
0.000431091
0.000431091
0.00043109
0.00043109
0.000431089
0.000431089
0.000431087
0.000431086
0.000431083
0.000431079
0.000431073
0.00043106
0.000431062
)
;
    }
    back
    {
        type            calculated;
        value           nonuniform List<scalar> 
1600
(
0.120706
0.118985
0.119036
0.119049
0.119051
0.119052
0.119051
0.119051
0.119051
0.119051
0.119051
0.119051
0.119052
0.119052
0.119052
0.119052
0.119052
0.119051
0.119051
0.119052
0.119052
0.119052
0.119052
0.119052
0.119052
0.119052
0.119052
0.119052
0.119052
0.119052
0.119052
0.119052
0.119053
0.119055
0.119061
0.119082
0.119141
0.119298
0.119667
0.120368
0.113533
0.113619
0.113655
0.113663
0.113665
0.113665
0.113664
0.113664
0.113664
0.113664
0.113664
0.113664
0.113664
0.113664
0.113664
0.113664
0.113664
0.113664
0.113664
0.113664
0.113664
0.113664
0.113664
0.113665
0.113665
0.113665
0.113665
0.113664
0.113665
0.113665
0.113665
0.113665
0.113665
0.113666
0.113669
0.11368
0.113716
0.113833
0.114178
0.115467
0.11316
0.11325
0.113285
0.113293
0.113295
0.113294
0.113294
0.113294
0.113294
0.113294
0.113294
0.113294
0.113294
0.113294
0.113294
0.113294
0.113294
0.113294
0.113294
0.113294
0.113294
0.113294
0.113294
0.113294
0.113294
0.113294
0.113294
0.113294
0.113294
0.113294
0.113294
0.113294
0.113295
0.113295
0.113298
0.113308
0.113344
0.113459
0.113826
0.115234
0.1128
0.112893
0.112929
0.112937
0.112938
0.112938
0.112937
0.112937
0.112937
0.112937
0.112937
0.112937
0.112937
0.112937
0.112937
0.112937
0.112937
0.112937
0.112937
0.112937
0.112937
0.112937
0.112938
0.112938
0.112938
0.112938
0.112938
0.112938
0.112938
0.112938
0.112938
0.112938
0.112938
0.112938
0.112941
0.112951
0.112985
0.113099
0.113489
0.115009
0.112443
0.112539
0.112575
0.112583
0.112584
0.112584
0.112583
0.112583
0.112583
0.112583
0.112583
0.112583
0.112583
0.112583
0.112583
0.112583
0.112583
0.112583
0.112583
0.112583
0.112583
0.112583
0.112583
0.112583
0.112584
0.112583
0.112583
0.112583
0.112583
0.112583
0.112584
0.112584
0.112584
0.112584
0.112587
0.112596
0.112628
0.112743
0.113157
0.114778
0.112084
0.112184
0.11222
0.112227
0.112228
0.112228
0.112228
0.112228
0.112227
0.112227
0.112228
0.112228
0.112228
0.112228
0.112228
0.112228
0.112228
0.112228
0.112228
0.112228
0.112228
0.112228
0.112228
0.112228
0.112228
0.112228
0.112228
0.112228
0.112228
0.112228
0.112228
0.112228
0.112228
0.112228
0.112231
0.112239
0.11227
0.112385
0.112824
0.114539
0.111721
0.111824
0.11186
0.111868
0.111869
0.111868
0.111868
0.111868
0.111868
0.111868
0.111868
0.111868
0.111868
0.111868
0.111868
0.111868
0.111868
0.111868
0.111868
0.111868
0.111868
0.111868
0.111868
0.111868
0.111868
0.111868
0.111868
0.111868
0.111868
0.111868
0.111868
0.111868
0.111868
0.111869
0.111871
0.111879
0.111909
0.112024
0.112487
0.114286
0.111353
0.111459
0.111496
0.111503
0.111504
0.111503
0.111503
0.111503
0.111503
0.111503
0.111503
0.111503
0.111503
0.111503
0.111503
0.111503
0.111503
0.111503
0.111503
0.111503
0.111503
0.111503
0.111503
0.111503
0.111503
0.111503
0.111503
0.111503
0.111503
0.111503
0.111503
0.111503
0.111503
0.111504
0.111506
0.111513
0.111541
0.111658
0.112144
0.11402
0.110978
0.111087
0.111123
0.11113
0.111131
0.111131
0.111131
0.111131
0.111131
0.111131
0.111131
0.111131
0.111131
0.111131
0.111131
0.111131
0.111131
0.111131
0.111131
0.111131
0.111131
0.111131
0.111131
0.111131
0.111131
0.111131
0.111131
0.111131
0.111131
0.111131
0.111131
0.111131
0.111131
0.111131
0.111133
0.11114
0.111167
0.111284
0.111793
0.113736
0.110593
0.110705
0.110742
0.110749
0.11075
0.11075
0.110749
0.110749
0.110749
0.110749
0.110749
0.110749
0.110749
0.110749
0.110749
0.110749
0.110749
0.110749
0.110749
0.110749
0.110749
0.110749
0.110749
0.110749
0.110749
0.110749
0.110749
0.110749
0.110749
0.110749
0.110749
0.110749
0.110749
0.11075
0.110751
0.110758
0.110784
0.110901
0.111431
0.113434
0.110196
0.110312
0.11035
0.110357
0.110357
0.110357
0.110357
0.110357
0.110356
0.110356
0.110357
0.110357
0.110357
0.110357
0.110357
0.110357
0.110357
0.110357
0.110357
0.110357
0.110357
0.110357
0.110357
0.110357
0.110357
0.110357
0.110357
0.110357
0.110357
0.110357
0.110357
0.110357
0.110357
0.110357
0.110359
0.110365
0.110389
0.110508
0.111057
0.113111
0.109787
0.109906
0.109944
0.109951
0.109951
0.109951
0.109951
0.109951
0.109951
0.109951
0.109951
0.109951
0.109951
0.109951
0.109951
0.109951
0.109951
0.109951
0.109951
0.109951
0.109951
0.109951
0.109951
0.109951
0.109951
0.109951
0.109951
0.109951
0.109951
0.109951
0.109951
0.109951
0.109951
0.109951
0.109952
0.109958
0.109982
0.110101
0.110667
0.112766
0.109361
0.109485
0.109523
0.109529
0.10953
0.10953
0.109529
0.109529
0.109529
0.109529
0.109529
0.109529
0.109529
0.109529
0.109529
0.109529
0.109529
0.109529
0.109529
0.109529
0.109529
0.109529
0.109529
0.109529
0.109529
0.109529
0.109529
0.109529
0.109529
0.109529
0.109529
0.109529
0.109529
0.109529
0.109531
0.109536
0.109558
0.109678
0.110259
0.112394
0.108917
0.109044
0.109083
0.10909
0.10909
0.10909
0.10909
0.109089
0.109089
0.109089
0.109089
0.109089
0.109089
0.109089
0.109089
0.109089
0.109089
0.109089
0.109089
0.109089
0.109089
0.109089
0.109089
0.10909
0.10909
0.10909
0.10909
0.109089
0.109089
0.109089
0.109089
0.109089
0.109089
0.10909
0.109091
0.109096
0.109117
0.109237
0.109832
0.111995
0.108452
0.108583
0.108623
0.108629
0.10863
0.108629
0.108629
0.108629
0.108629
0.108629
0.108629
0.108629
0.108629
0.108629
0.108629
0.108629
0.108629
0.108629
0.108629
0.108629
0.108629
0.108629
0.108629
0.108629
0.108629
0.108629
0.108629
0.108629
0.108629
0.108629
0.108629
0.108629
0.108629
0.108629
0.10863
0.108634
0.108655
0.108775
0.109381
0.111565
0.107962
0.108098
0.108138
0.108145
0.108145
0.108144
0.108144
0.108144
0.108144
0.108144
0.108144
0.108144
0.108144
0.108144
0.108144
0.108144
0.108144
0.108144
0.108144
0.108144
0.108144
0.108144
0.108144
0.108144
0.108144
0.108144
0.108144
0.108144
0.108144
0.108144
0.108144
0.108144
0.108144
0.108144
0.108145
0.108149
0.108169
0.108289
0.108903
0.1111
0.107445
0.107586
0.107627
0.107633
0.107633
0.107632
0.107632
0.107632
0.107632
0.107632
0.107632
0.107632
0.107632
0.107632
0.107632
0.107632
0.107632
0.107632
0.107632
0.107632
0.107632
0.107632
0.107632
0.107632
0.107632
0.107632
0.107632
0.107632
0.107632
0.107632
0.107632
0.107632
0.107632
0.107632
0.107633
0.107637
0.107655
0.107775
0.108396
0.110599
0.106896
0.107042
0.107084
0.10709
0.10709
0.107089
0.107089
0.107089
0.107089
0.107089
0.107089
0.107089
0.107089
0.107089
0.107089
0.107089
0.107089
0.107089
0.107089
0.107089
0.107089
0.107089
0.107089
0.107089
0.107089
0.107089
0.107089
0.107089
0.107089
0.107089
0.107089
0.107089
0.107089
0.107089
0.10709
0.107093
0.107111
0.10723
0.107856
0.110057
0.106312
0.106464
0.106506
0.106512
0.106512
0.106512
0.106511
0.106511
0.106511
0.106511
0.106511
0.106511
0.106511
0.106511
0.106511
0.106511
0.106511
0.106511
0.106511
0.106511
0.106511
0.106511
0.106511
0.106511
0.106511
0.106511
0.106511
0.106511
0.106511
0.106511
0.106511
0.106511
0.106511
0.106511
0.106512
0.106515
0.106532
0.106651
0.107278
0.109471
0.105689
0.105846
0.105889
0.105895
0.105895
0.105895
0.105894
0.105894
0.105894
0.105894
0.105894
0.105894
0.105894
0.105894
0.105894
0.105894
0.105894
0.105894
0.105894
0.105894
0.105894
0.105894
0.105894
0.105894
0.105894
0.105894
0.105894
0.105894
0.105894
0.105894
0.105894
0.105894
0.105894
0.105894
0.105895
0.105898
0.105914
0.106032
0.106659
0.108835
0.105021
0.105184
0.105229
0.105234
0.105234
0.105234
0.105233
0.105233
0.105233
0.105233
0.105233
0.105233
0.105233
0.105233
0.105233
0.105233
0.105233
0.105233
0.105233
0.105233
0.105233
0.105233
0.105233
0.105233
0.105233
0.105233
0.105233
0.105233
0.105233
0.105233
0.105233
0.105233
0.105233
0.105233
0.105234
0.105237
0.105252
0.105368
0.105993
0.108146
0.104303
0.104474
0.104519
0.104524
0.104524
0.104523
0.104523
0.104523
0.104523
0.104523
0.104523
0.104523
0.104523
0.104523
0.104523
0.104523
0.104523
0.104523
0.104523
0.104523
0.104523
0.104523
0.104523
0.104523
0.104523
0.104523
0.104523
0.104523
0.104523
0.104523
0.104523
0.104523
0.104523
0.104523
0.104523
0.104526
0.104541
0.104655
0.105275
0.107397
0.10353
0.103707
0.103754
0.103759
0.103759
0.103758
0.103758
0.103757
0.103757
0.103757
0.103757
0.103757
0.103757
0.103757
0.103757
0.103757
0.103757
0.103757
0.103757
0.103757
0.103757
0.103757
0.103757
0.103757
0.103757
0.103757
0.103757
0.103757
0.103757
0.103757
0.103757
0.103757
0.103757
0.103757
0.103758
0.10376
0.103775
0.103887
0.104499
0.106583
0.102694
0.102879
0.102926
0.102932
0.102931
0.10293
0.10293
0.10293
0.10293
0.10293
0.10293
0.10293
0.10293
0.10293
0.10293
0.10293
0.10293
0.10293
0.10293
0.10293
0.10293
0.10293
0.10293
0.10293
0.10293
0.10293
0.10293
0.10293
0.10293
0.10293
0.10293
0.10293
0.10293
0.10293
0.10293
0.102933
0.102947
0.103057
0.103659
0.105698
0.101787
0.101981
0.102029
0.102035
0.102034
0.102033
0.102033
0.102033
0.102032
0.102032
0.102032
0.102032
0.102032
0.102032
0.102032
0.102032
0.102032
0.102032
0.102032
0.102032
0.102032
0.102032
0.102032
0.102032
0.102032
0.102032
0.102032
0.102032
0.102032
0.102032
0.102032
0.102032
0.102032
0.102032
0.102033
0.102035
0.102049
0.102156
0.102746
0.104732
0.100801
0.101004
0.101053
0.101058
0.101058
0.101057
0.101056
0.101056
0.101056
0.101056
0.101056
0.101056
0.101056
0.101056
0.101056
0.101056
0.101056
0.101056
0.101056
0.101056
0.101056
0.101056
0.101056
0.101056
0.101056
0.101056
0.101056
0.101056
0.101056
0.101056
0.101056
0.101056
0.101056
0.101056
0.101056
0.101059
0.101072
0.101177
0.101752
0.103677
0.0997239
0.0999365
0.0999872
0.0999921
0.0999911
0.0999902
0.0999897
0.0999894
0.0999893
0.0999892
0.0999892
0.0999891
0.0999891
0.099989
0.099989
0.099989
0.099989
0.0999889
0.0999889
0.0999889
0.0999889
0.0999889
0.0999889
0.099989
0.099989
0.099989
0.0999891
0.0999891
0.0999891
0.0999892
0.0999891
0.0999892
0.0999892
0.0999892
0.0999897
0.0999919
0.100004
0.100106
0.100664
0.102522
0.0985417
0.098765
0.0988168
0.0988215
0.0988204
0.0988194
0.0988188
0.0988186
0.0988184
0.0988183
0.0988183
0.0988182
0.0988182
0.0988181
0.098818
0.098818
0.098818
0.0988179
0.0988179
0.0988179
0.0988179
0.0988179
0.0988179
0.098818
0.098818
0.098818
0.0988181
0.0988181
0.0988182
0.0988182
0.0988182
0.0988183
0.0988183
0.0988183
0.0988189
0.0988209
0.098833
0.0989314
0.0994697
0.101252
0.0972362
0.0974712
0.0975242
0.0975286
0.0975273
0.0975262
0.0975256
0.0975254
0.0975252
0.097525
0.097525
0.0975249
0.0975248
0.0975248
0.0975247
0.0975246
0.0975246
0.0975245
0.0975245
0.0975245
0.0975245
0.0975245
0.0975245
0.0975246
0.0975246
0.0975247
0.0975248
0.0975247
0.0975249
0.0975249
0.0975249
0.097525
0.097525
0.0975251
0.0975257
0.0975277
0.0975393
0.097634
0.0981499
0.099848
0.0957825
0.0960302
0.0960844
0.0960885
0.096087
0.0960858
0.0960852
0.0960849
0.0960846
0.0960845
0.0960844
0.0960843
0.0960842
0.0960841
0.096084
0.0960839
0.0960839
0.0960838
0.0960838
0.0960838
0.0960837
0.0960838
0.0960838
0.0960838
0.0960839
0.096084
0.0960841
0.0960841
0.0960842
0.0960843
0.0960843
0.0960845
0.0960845
0.0960846
0.0960852
0.0960872
0.0960984
0.0961889
0.09668
0.0982859
0.094144
0.0944063
0.0944615
0.0944651
0.0944634
0.0944621
0.0944613
0.0944609
0.0944607
0.0944605
0.0944603
0.0944602
0.0944601
0.09446
0.0944599
0.0944598
0.0944597
0.0944596
0.0944596
0.0944596
0.0944596
0.0944596
0.0944596
0.0944597
0.0944598
0.0944599
0.09446
0.09446
0.0944602
0.0944603
0.0944603
0.0944605
0.0944606
0.0944608
0.0944614
0.0944635
0.0944742
0.0945601
0.0950236
0.0965286
0.0922663
0.0925452
0.0926011
0.0926041
0.0926021
0.0926007
0.0925998
0.0925994
0.092599
0.0925988
0.0925986
0.0925985
0.0925983
0.0925982
0.0925981
0.0925979
0.0925979
0.0925978
0.0925977
0.0925978
0.0925977
0.0925977
0.0925978
0.0925978
0.0925979
0.0925981
0.0925982
0.0925982
0.0925984
0.0925985
0.0925986
0.0925989
0.0925991
0.0925993
0.0926
0.0926021
0.0926124
0.0926934
0.0931263
0.0945209
0.0900711
0.0903695
0.0904256
0.0904277
0.0904253
0.0904237
0.0904228
0.0904223
0.0904218
0.0904215
0.0904213
0.0904211
0.0904209
0.0904208
0.0904207
0.0904205
0.0904205
0.0904203
0.0904203
0.0904203
0.0904202
0.0904203
0.0904203
0.0904204
0.0904205
0.0904206
0.0904207
0.0904208
0.0904211
0.0904213
0.0904214
0.0904217
0.090422
0.0904223
0.0904231
0.0904253
0.0904352
0.0905108
0.0909104
0.092184
0.0874811
0.0878019
0.0878575
0.0878584
0.0878556
0.0878538
0.0878527
0.087852
0.0878515
0.0878511
0.0878508
0.0878506
0.0878504
0.0878502
0.0878501
0.0878499
0.0878498
0.0878497
0.0878497
0.0878497
0.0878496
0.0878496
0.0878497
0.0878498
0.0878499
0.08785
0.0878502
0.0878503
0.0878506
0.0878508
0.087851
0.0878514
0.0878518
0.0878523
0.0878532
0.0878555
0.087865
0.087935
0.088299
0.0894394
0.0845046
0.0848484
0.0849028
0.0849023
0.0848989
0.0848969
0.0848956
0.0848948
0.0848942
0.0848937
0.0848933
0.0848931
0.0848927
0.0848926
0.0848924
0.0848922
0.0848922
0.084892
0.0848919
0.0848919
0.0848919
0.0848919
0.084892
0.0848921
0.0848922
0.0848924
0.0848925
0.0848927
0.084893
0.0848933
0.0848936
0.0848941
0.0848946
0.0848952
0.0848963
0.0848988
0.0849082
0.084973
0.0853005
0.0862961
0.0811722
0.0815367
0.0815897
0.0815876
0.0815836
0.0815812
0.0815797
0.0815787
0.081578
0.0815774
0.081577
0.0815767
0.0815763
0.0815761
0.0815759
0.0815757
0.0815756
0.0815755
0.0815754
0.0815754
0.0815754
0.0815754
0.0815755
0.0815756
0.0815757
0.0815759
0.0815761
0.0815763
0.0815766
0.081577
0.0815774
0.0815779
0.0815785
0.0815793
0.0815806
0.0815834
0.0815929
0.0816528
0.0819437
0.0827877
0.0773871
0.077776
0.0778261
0.0778218
0.0778168
0.0778139
0.0778122
0.077811
0.0778102
0.0778095
0.077809
0.0778087
0.0778082
0.077808
0.0778078
0.0778076
0.0778075
0.0778073
0.0778073
0.0778073
0.0778072
0.0778073
0.0778074
0.0778074
0.0778076
0.0778078
0.077808
0.0778082
0.0778086
0.077809
0.0778095
0.0778101
0.0778109
0.0778119
0.0778134
0.0778166
0.0778264
0.0778815
0.0781332
0.0788062
0.0585182
0.0586077
0.0585855
0.0585726
0.0585662
0.0585627
0.0585608
0.0585596
0.0585588
0.0585583
0.0585579
0.0585576
0.0585574
0.0585573
0.0585572
0.0585572
0.0585571
0.0585571
0.0585571
0.0585571
0.0585571
0.0585572
0.0585572
0.0585572
0.0585572
0.0585573
0.0585574
0.0585575
0.0585577
0.0585579
0.0585582
0.0585588
0.0585595
0.0585607
0.0585627
0.0585661
0.0585725
0.0585852
0.0586055
0.0585112
0.0321077
0.032383
0.0323958
0.0324
0.0324019
0.0324028
0.0324034
0.0324038
0.032404
0.0324042
0.0324044
0.0324045
0.0324046
0.0324047
0.0324047
0.0324047
0.0324048
0.0324048
0.0324048
0.0324048
0.0324048
0.0324048
0.0324048
0.0324048
0.0324047
0.0324047
0.0324046
0.0324046
0.0324045
0.0324044
0.0324042
0.0324041
0.0324038
0.0324034
0.0324029
0.0324019
0.0324
0.0323959
0.032383
0.0321037
0.000535825
0.000535745
0.000535748
0.00053575
0.000535752
0.000535754
0.000535755
0.000535757
0.000535757
0.000535758
0.000535759
0.000535759
0.00053576
0.00053576
0.00053576
0.000535761
0.000535761
0.000535761
0.000535761
0.000535761
0.000535761
0.000535761
0.000535761
0.000535761
0.000535761
0.00053576
0.00053576
0.00053576
0.000535759
0.000535759
0.000535758
0.000535758
0.000535757
0.000535756
0.000535754
0.000535753
0.000535751
0.000535748
0.000535745
0.000535821
)
;
    }
    top
    {
        type            calculated;
        value           nonuniform List<scalar> 
1600
(
0.120706
0.118985
0.119036
0.119049
0.119051
0.119052
0.119051
0.119051
0.119051
0.119051
0.119051
0.119051
0.119052
0.119052
0.119052
0.119052
0.119052
0.119051
0.119051
0.119052
0.119052
0.119052
0.119052
0.119052
0.119052
0.119052
0.119052
0.119052
0.119052
0.119052
0.119052
0.119052
0.119053
0.119055
0.119061
0.119082
0.119141
0.119298
0.119667
0.120368
0.113371
0.113467
0.113503
0.113511
0.113512
0.113512
0.113512
0.113512
0.113512
0.113512
0.113512
0.113512
0.113512
0.113512
0.113512
0.113512
0.113512
0.113512
0.113512
0.113512
0.113512
0.113512
0.113512
0.113512
0.113512
0.113512
0.113512
0.113512
0.113512
0.113512
0.113512
0.113512
0.113512
0.113513
0.113516
0.113526
0.113562
0.113676
0.114004
0.115355
0.113352
0.113447
0.113483
0.113491
0.113492
0.113492
0.113492
0.113492
0.113492
0.113492
0.113492
0.113492
0.113492
0.113492
0.113492
0.113492
0.113492
0.113492
0.113492
0.113492
0.113492
0.113492
0.113492
0.113492
0.113492
0.113492
0.113492
0.113492
0.113492
0.113492
0.113492
0.113492
0.113492
0.113493
0.113496
0.113506
0.113542
0.113655
0.113989
0.115373
0.113342
0.113437
0.113472
0.11348
0.113481
0.113481
0.113481
0.113481
0.113481
0.113481
0.113481
0.113481
0.113481
0.113481
0.113481
0.113481
0.113481
0.113481
0.113481
0.113481
0.113481
0.113481
0.113481
0.113481
0.113481
0.113481
0.113481
0.113481
0.113481
0.113481
0.113481
0.113481
0.113481
0.113482
0.113485
0.113495
0.11353
0.113643
0.113982
0.115399
0.113347
0.113441
0.113476
0.113485
0.113486
0.113486
0.113486
0.113485
0.113485
0.113485
0.113486
0.113486
0.113486
0.113486
0.113486
0.113486
0.113486
0.113486
0.113486
0.113486
0.113486
0.113486
0.113486
0.113486
0.113486
0.113486
0.113486
0.113486
0.113486
0.113486
0.113486
0.113486
0.113486
0.113487
0.113489
0.1135
0.113534
0.113647
0.113992
0.115441
0.11336
0.113453
0.113489
0.113497
0.113498
0.113498
0.113498
0.113498
0.113498
0.113498
0.113498
0.113498
0.113498
0.113498
0.113498
0.113498
0.113498
0.113498
0.113498
0.113498
0.113498
0.113498
0.113498
0.113498
0.113498
0.113498
0.113498
0.113498
0.113498
0.113498
0.113498
0.113498
0.113498
0.113499
0.113502
0.113512
0.113546
0.113658
0.114009
0.11549
0.113377
0.113469
0.113504
0.113513
0.113514
0.113514
0.113514
0.113514
0.113514
0.113514
0.113514
0.113514
0.113514
0.113514
0.113514
0.113514
0.113514
0.113514
0.113514
0.113514
0.113514
0.113514
0.113514
0.113514
0.113514
0.113514
0.113514
0.113514
0.113514
0.113514
0.113514
0.113514
0.113514
0.113515
0.113517
0.113527
0.113562
0.113673
0.11403
0.115543
0.113396
0.113487
0.113522
0.113531
0.113532
0.113532
0.113532
0.113532
0.113531
0.113531
0.113532
0.113532
0.113532
0.113532
0.113532
0.113532
0.113532
0.113532
0.113532
0.113532
0.113532
0.113532
0.113532
0.113532
0.113532
0.113532
0.113532
0.113532
0.113532
0.113532
0.113532
0.113532
0.113532
0.113533
0.113535
0.113545
0.113579
0.11369
0.114053
0.115598
0.113415
0.113506
0.113541
0.11355
0.113551
0.113551
0.113551
0.11355
0.11355
0.11355
0.11355
0.11355
0.113551
0.113551
0.113551
0.11355
0.11355
0.11355
0.11355
0.11355
0.11355
0.113551
0.113551
0.113551
0.113551
0.113551
0.113551
0.113551
0.113551
0.113551
0.113551
0.113551
0.113551
0.113551
0.113554
0.113564
0.113597
0.113709
0.114077
0.115653
0.113436
0.113525
0.11356
0.113569
0.11357
0.11357
0.11357
0.11357
0.11357
0.11357
0.11357
0.11357
0.11357
0.11357
0.11357
0.11357
0.11357
0.11357
0.11357
0.11357
0.11357
0.11357
0.11357
0.11357
0.11357
0.11357
0.11357
0.11357
0.11357
0.11357
0.11357
0.11357
0.11357
0.113571
0.113573
0.113583
0.113616
0.113727
0.114102
0.115709
0.113456
0.113545
0.11358
0.113589
0.11359
0.11359
0.11359
0.11359
0.11359
0.11359
0.11359
0.11359
0.11359
0.11359
0.11359
0.11359
0.11359
0.11359
0.11359
0.11359
0.11359
0.11359
0.11359
0.11359
0.11359
0.11359
0.11359
0.11359
0.11359
0.11359
0.11359
0.11359
0.11359
0.113591
0.113593
0.113603
0.113636
0.113747
0.114127
0.115764
0.113477
0.113565
0.1136
0.113609
0.11361
0.11361
0.11361
0.11361
0.11361
0.11361
0.11361
0.11361
0.11361
0.11361
0.11361
0.11361
0.11361
0.11361
0.11361
0.11361
0.11361
0.11361
0.11361
0.11361
0.11361
0.11361
0.11361
0.11361
0.11361
0.11361
0.11361
0.11361
0.11361
0.113611
0.113613
0.113622
0.113655
0.113766
0.114152
0.11582
0.113498
0.113585
0.11362
0.113629
0.11363
0.11363
0.11363
0.11363
0.11363
0.11363
0.11363
0.11363
0.11363
0.11363
0.11363
0.11363
0.11363
0.11363
0.11363
0.11363
0.11363
0.11363
0.11363
0.11363
0.11363
0.11363
0.11363
0.11363
0.11363
0.11363
0.11363
0.11363
0.11363
0.113631
0.113633
0.113642
0.113675
0.113786
0.114178
0.115876
0.113519
0.113605
0.11364
0.113649
0.113651
0.11365
0.11365
0.11365
0.11365
0.11365
0.11365
0.11365
0.11365
0.11365
0.11365
0.11365
0.11365
0.11365
0.11365
0.11365
0.11365
0.11365
0.11365
0.11365
0.11365
0.11365
0.11365
0.11365
0.11365
0.11365
0.11365
0.11365
0.11365
0.113651
0.113653
0.113663
0.113695
0.113805
0.114204
0.115931
0.113541
0.113626
0.113661
0.11367
0.113671
0.113671
0.113671
0.113671
0.113671
0.113671
0.113671
0.113671
0.113671
0.113671
0.113671
0.113671
0.113671
0.113671
0.113671
0.113671
0.113671
0.113671
0.113671
0.113671
0.113671
0.113671
0.113671
0.113671
0.113671
0.113671
0.113671
0.113671
0.113671
0.113671
0.113674
0.113683
0.113715
0.113825
0.114231
0.115987
0.113562
0.113646
0.113681
0.11369
0.113692
0.113692
0.113691
0.113691
0.113691
0.113691
0.113691
0.113691
0.113691
0.113691
0.113691
0.113691
0.113691
0.113691
0.113691
0.113691
0.113691
0.113691
0.113691
0.113691
0.113691
0.113691
0.113691
0.113691
0.113691
0.113691
0.113691
0.113691
0.113692
0.113692
0.113694
0.113703
0.113735
0.113845
0.114257
0.116042
0.113584
0.113667
0.113702
0.113711
0.113712
0.113712
0.113712
0.113712
0.113712
0.113712
0.113712
0.113712
0.113712
0.113712
0.113712
0.113712
0.113712
0.113712
0.113712
0.113712
0.113712
0.113712
0.113712
0.113712
0.113712
0.113712
0.113712
0.113712
0.113712
0.113712
0.113712
0.113712
0.113712
0.113713
0.113715
0.113724
0.113755
0.113866
0.114284
0.116097
0.113606
0.113688
0.113723
0.113732
0.113733
0.113733
0.113733
0.113733
0.113733
0.113733
0.113733
0.113733
0.113733
0.113733
0.113733
0.113733
0.113733
0.113733
0.113733
0.113733
0.113733
0.113733
0.113733
0.113733
0.113733
0.113733
0.113733
0.113733
0.113733
0.113733
0.113733
0.113733
0.113733
0.113734
0.113736
0.113745
0.113776
0.113886
0.114311
0.116152
0.113628
0.113709
0.113744
0.113753
0.113754
0.113754
0.113754
0.113754
0.113754
0.113754
0.113754
0.113754
0.113754
0.113754
0.113754
0.113754
0.113754
0.113754
0.113754
0.113754
0.113754
0.113754
0.113754
0.113754
0.113754
0.113754
0.113754
0.113754
0.113754
0.113754
0.113754
0.113754
0.113754
0.113755
0.113757
0.113766
0.113796
0.113907
0.114338
0.116207
0.11365
0.11373
0.113765
0.113774
0.113776
0.113776
0.113775
0.113775
0.113775
0.113775
0.113775
0.113775
0.113775
0.113775
0.113775
0.113775
0.113775
0.113775
0.113775
0.113775
0.113775
0.113775
0.113776
0.113776
0.113776
0.113776
0.113775
0.113776
0.113776
0.113776
0.113776
0.113776
0.113776
0.113776
0.113778
0.113787
0.113817
0.113928
0.114366
0.116261
0.113672
0.113752
0.113786
0.113796
0.113797
0.113797
0.113797
0.113797
0.113797
0.113797
0.113797
0.113797
0.113797
0.113797
0.113797
0.113797
0.113797
0.113797
0.113797
0.113797
0.113797
0.113797
0.113797
0.113797
0.113797
0.113797
0.113797
0.113797
0.113797
0.113797
0.113797
0.113797
0.113797
0.113798
0.1138
0.113808
0.113838
0.113949
0.114393
0.116316
0.113694
0.113773
0.113808
0.113817
0.113819
0.113819
0.113818
0.113818
0.113818
0.113818
0.113818
0.113818
0.113818
0.113818
0.113818
0.113818
0.113818
0.113818
0.113818
0.113818
0.113818
0.113818
0.113819
0.113819
0.113819
0.113819
0.113819
0.113819
0.113819
0.113819
0.113819
0.113819
0.113819
0.113819
0.113821
0.11383
0.113859
0.11397
0.114421
0.11637
0.113717
0.113795
0.11383
0.113839
0.11384
0.11384
0.11384
0.11384
0.11384
0.11384
0.11384
0.11384
0.11384
0.11384
0.11384
0.11384
0.11384
0.11384
0.11384
0.11384
0.11384
0.11384
0.11384
0.11384
0.11384
0.11384
0.11384
0.11384
0.11384
0.11384
0.11384
0.11384
0.11384
0.113841
0.113843
0.113851
0.113881
0.113991
0.114449
0.116425
0.11374
0.113817
0.113852
0.113861
0.113862
0.113862
0.113862
0.113862
0.113862
0.113862
0.113862
0.113862
0.113862
0.113862
0.113862
0.113862
0.113862
0.113862
0.113862
0.113862
0.113862
0.113862
0.113862
0.113862
0.113862
0.113862
0.113862
0.113862
0.113862
0.113862
0.113862
0.113862
0.113862
0.113863
0.113865
0.113873
0.113902
0.114013
0.114477
0.116479
0.113763
0.113839
0.113874
0.113883
0.113884
0.113884
0.113884
0.113884
0.113884
0.113884
0.113884
0.113884
0.113884
0.113884
0.113884
0.113884
0.113884
0.113884
0.113884
0.113884
0.113884
0.113884
0.113884
0.113884
0.113884
0.113884
0.113884
0.113884
0.113884
0.113884
0.113884
0.113884
0.113885
0.113885
0.113887
0.113895
0.113924
0.114035
0.114506
0.116533
0.113786
0.113861
0.113896
0.113905
0.113907
0.113907
0.113906
0.113906
0.113906
0.113906
0.113906
0.113906
0.113907
0.113907
0.113907
0.113906
0.113906
0.113906
0.113906
0.113907
0.113907
0.113907
0.113907
0.113907
0.113907
0.113907
0.113907
0.113907
0.113907
0.113907
0.113907
0.113907
0.113907
0.113907
0.113909
0.113917
0.113946
0.114057
0.114534
0.116587
0.113809
0.113884
0.113918
0.113927
0.113929
0.113929
0.113929
0.113929
0.113929
0.113929
0.113929
0.113929
0.113929
0.113929
0.113929
0.113929
0.113929
0.113929
0.113929
0.113929
0.113929
0.113929
0.113929
0.113929
0.113929
0.113929
0.113929
0.113929
0.113929
0.113929
0.113929
0.113929
0.113929
0.11393
0.113932
0.11394
0.113968
0.114079
0.114563
0.116641
0.113833
0.113906
0.113941
0.11395
0.113952
0.113952
0.113952
0.113951
0.113951
0.113951
0.113951
0.113952
0.113952
0.113952
0.113952
0.113952
0.113951
0.113951
0.113952
0.113952
0.113952
0.113952
0.113952
0.113952
0.113952
0.113952
0.113952
0.113952
0.113952
0.113952
0.113952
0.113952
0.113952
0.113952
0.113954
0.113962
0.11399
0.114101
0.114592
0.116694
0.113856
0.113929
0.113963
0.113973
0.113974
0.113974
0.113974
0.113974
0.113974
0.113974
0.113974
0.113974
0.113974
0.113974
0.113974
0.113974
0.113974
0.113974
0.113974
0.113974
0.113974
0.113974
0.113974
0.113975
0.113975
0.113975
0.113975
0.113975
0.113975
0.113975
0.113975
0.113975
0.113975
0.113975
0.113977
0.113985
0.114012
0.114124
0.114621
0.116748
0.11388
0.113952
0.113986
0.113996
0.113997
0.113997
0.113997
0.113997
0.113997
0.113997
0.113997
0.113997
0.113997
0.113997
0.113997
0.113997
0.113997
0.113997
0.113997
0.113997
0.113997
0.113997
0.113997
0.113997
0.113997
0.113997
0.113997
0.113997
0.113997
0.113997
0.113997
0.113998
0.113998
0.113998
0.114
0.114007
0.114035
0.114146
0.11465
0.116801
0.113904
0.113975
0.114009
0.114018
0.11402
0.11402
0.11402
0.11402
0.11402
0.11402
0.11402
0.11402
0.11402
0.11402
0.11402
0.11402
0.11402
0.11402
0.11402
0.11402
0.11402
0.11402
0.11402
0.11402
0.11402
0.114021
0.114021
0.114021
0.114021
0.11402
0.11402
0.114021
0.114021
0.114021
0.114023
0.11403
0.114057
0.114169
0.11468
0.116854
0.113928
0.113998
0.114032
0.114042
0.114043
0.114043
0.114043
0.114043
0.114043
0.114043
0.114043
0.114043
0.114043
0.114043
0.114043
0.114043
0.114043
0.114043
0.114043
0.114043
0.114043
0.114043
0.114044
0.114044
0.114044
0.114044
0.114044
0.114044
0.114044
0.114044
0.114044
0.114044
0.114044
0.114044
0.114046
0.114053
0.11408
0.114192
0.114709
0.116907
0.113952
0.114021
0.114055
0.114065
0.114067
0.114067
0.114066
0.114066
0.114066
0.114066
0.114066
0.114067
0.114067
0.114067
0.114067
0.114066
0.114066
0.114067
0.114067
0.114067
0.114067
0.114067
0.114067
0.114067
0.114067
0.114067
0.114067
0.114067
0.114067
0.114067
0.114067
0.114067
0.114067
0.114067
0.114069
0.114076
0.114103
0.114215
0.114739
0.116959
0.113976
0.114045
0.114079
0.114088
0.11409
0.11409
0.11409
0.11409
0.11409
0.11409
0.11409
0.11409
0.11409
0.11409
0.11409
0.11409
0.11409
0.11409
0.11409
0.11409
0.11409
0.11409
0.11409
0.11409
0.11409
0.11409
0.11409
0.11409
0.11409
0.11409
0.11409
0.11409
0.11409
0.114091
0.114093
0.1141
0.114126
0.114238
0.114768
0.117012
0.114
0.114068
0.114102
0.114112
0.114113
0.114113
0.114113
0.114113
0.114113
0.114113
0.114113
0.114113
0.114113
0.114113
0.114113
0.114113
0.114113
0.114113
0.114113
0.114113
0.114113
0.114113
0.114114
0.114114
0.114114
0.114114
0.114114
0.114114
0.114114
0.114114
0.114114
0.114114
0.114114
0.114114
0.114116
0.114123
0.114149
0.114262
0.114798
0.117064
0.114024
0.114092
0.114125
0.114135
0.114137
0.114137
0.114137
0.114137
0.114137
0.114137
0.114137
0.114137
0.114137
0.114137
0.114137
0.114137
0.114137
0.114137
0.114137
0.114137
0.114137
0.114137
0.114137
0.114137
0.114137
0.114137
0.114137
0.114137
0.114137
0.114137
0.114137
0.114137
0.114137
0.114138
0.11414
0.114146
0.114172
0.114285
0.114828
0.117116
0.114049
0.114115
0.114149
0.114159
0.11416
0.11416
0.11416
0.11416
0.11416
0.11416
0.11416
0.11416
0.11416
0.11416
0.11416
0.11416
0.11416
0.11416
0.11416
0.114161
0.114161
0.114161
0.114161
0.114161
0.114161
0.114161
0.114161
0.114161
0.114161
0.114161
0.114161
0.114161
0.114161
0.114162
0.114163
0.11417
0.114195
0.114308
0.114858
0.117168
0.114073
0.114139
0.114173
0.114182
0.114184
0.114184
0.114184
0.114184
0.114184
0.114184
0.114184
0.114184
0.114184
0.114184
0.114184
0.114184
0.114184
0.114184
0.114184
0.114184
0.114184
0.114184
0.114184
0.114185
0.114185
0.114185
0.114185
0.114185
0.114185
0.114185
0.114185
0.114185
0.114185
0.114185
0.114187
0.114193
0.114218
0.114332
0.114888
0.11722
0.114098
0.114163
0.114196
0.114206
0.114208
0.114208
0.114208
0.114208
0.114208
0.114208
0.114208
0.114208
0.114208
0.114208
0.114208
0.114208
0.114208
0.114208
0.114208
0.114208
0.114208
0.114208
0.114208
0.114208
0.114208
0.114208
0.114208
0.114208
0.114208
0.114208
0.114208
0.114208
0.114208
0.114209
0.114211
0.114217
0.114242
0.114355
0.114918
0.117271
0.114122
0.114186
0.114219
0.114229
0.114231
0.114231
0.114231
0.114231
0.114231
0.114231
0.114231
0.114231
0.114231
0.114231
0.114231
0.114231
0.114231
0.114231
0.114231
0.114231
0.114231
0.114231
0.114231
0.114232
0.114232
0.114232
0.114232
0.114232
0.114232
0.114232
0.114232
0.114232
0.114232
0.114232
0.114234
0.11424
0.114265
0.114379
0.114947
0.117322
)
;
    }
    bottom
    {
        type            nutkWallFunction;
        Cmu             0.09;
        kappa           0.41;
        E               9.8;
        value           nonuniform List<scalar> 
1600
(
0.00169866
0.00169865
0.00169865
0.00169865
0.00169865
0.00169865
0.00169865
0.00169865
0.00169865
0.00169865
0.00169865
0.00169865
0.00169865
0.00169866
0.00169866
0.00169866
0.00169866
0.00169866
0.00169866
0.00169866
0.00169866
0.00169866
0.00169866
0.00169866
0.00169866
0.00169866
0.00169866
0.00169865
0.00169865
0.00169865
0.00169865
0.00169865
0.00169865
0.00169865
0.00169865
0.00169865
0.00169865
0.00169865
0.00169865
0.00169865
0.00173619
0.00173617
0.00173617
0.00173618
0.00173618
0.00173618
0.00173618
0.00173618
0.00173618
0.00173618
0.00173618
0.00173618
0.00173618
0.00173618
0.00173618
0.00173618
0.00173618
0.00173618
0.00173618
0.00173618
0.00173618
0.00173618
0.00173618
0.00173618
0.00173618
0.00173618
0.00173618
0.00173618
0.00173618
0.00173618
0.00173618
0.00173618
0.00173618
0.00173618
0.00173618
0.00173618
0.00173618
0.00173617
0.00173616
0.00173618
0.00175691
0.00175687
0.00175688
0.00175688
0.00175689
0.00175689
0.00175689
0.00175689
0.0017569
0.0017569
0.0017569
0.0017569
0.0017569
0.0017569
0.0017569
0.0017569
0.0017569
0.0017569
0.0017569
0.0017569
0.0017569
0.0017569
0.0017569
0.0017569
0.0017569
0.0017569
0.0017569
0.0017569
0.0017569
0.0017569
0.0017569
0.0017569
0.0017569
0.0017569
0.00175689
0.00175689
0.00175689
0.00175688
0.00175687
0.00175691
0.00176894
0.00176888
0.00176889
0.0017689
0.00176891
0.00176891
0.00176892
0.00176892
0.00176892
0.00176892
0.00176892
0.00176892
0.00176892
0.00176892
0.00176892
0.00176892
0.00176892
0.00176892
0.00176892
0.00176892
0.00176892
0.00176892
0.00176892
0.00176892
0.00176892
0.00176892
0.00176892
0.00176892
0.00176892
0.00176892
0.00176892
0.00176892
0.00176892
0.00176892
0.00176892
0.00176891
0.00176891
0.0017689
0.00176888
0.00176896
0.00177604
0.00177597
0.00177599
0.001776
0.00177601
0.00177601
0.00177602
0.00177602
0.00177602
0.00177602
0.00177602
0.00177602
0.00177602
0.00177602
0.00177602
0.00177603
0.00177603
0.00177603
0.00177603
0.00177603
0.00177603
0.00177603
0.00177603
0.00177603
0.00177603
0.00177603
0.00177603
0.00177603
0.00177602
0.00177602
0.00177602
0.00177602
0.00177602
0.00177602
0.00177602
0.00177601
0.00177601
0.001776
0.00177598
0.00177607
0.00178019
0.0017801
0.00178013
0.00178014
0.00178015
0.00178016
0.00178016
0.00178016
0.00178017
0.00178017
0.00178017
0.00178017
0.00178017
0.00178017
0.00178017
0.00178017
0.00178017
0.00178017
0.00178017
0.00178017
0.00178017
0.00178017
0.00178017
0.00178017
0.00178017
0.00178017
0.00178017
0.00178017
0.00178017
0.00178017
0.00178017
0.00178017
0.00178017
0.00178017
0.00178016
0.00178016
0.00178016
0.00178015
0.00178013
0.00178023
0.0017825
0.00178241
0.00178244
0.00178245
0.00178246
0.00178247
0.00178247
0.00178248
0.00178248
0.00178248
0.00178248
0.00178248
0.00178249
0.00178249
0.00178249
0.00178249
0.00178249
0.00178249
0.00178249
0.00178249
0.00178249
0.00178249
0.00178249
0.00178249
0.00178249
0.00178249
0.00178249
0.00178249
0.00178249
0.00178249
0.00178249
0.00178248
0.00178248
0.00178248
0.00178248
0.00178248
0.00178247
0.00178246
0.00178244
0.00178256
0.00178365
0.00178357
0.00178359
0.00178361
0.00178362
0.00178363
0.00178363
0.00178364
0.00178364
0.00178364
0.00178364
0.00178364
0.00178364
0.00178365
0.00178365
0.00178365
0.00178365
0.00178365
0.00178365
0.00178365
0.00178365
0.00178365
0.00178365
0.00178365
0.00178365
0.00178365
0.00178365
0.00178365
0.00178365
0.00178365
0.00178365
0.00178364
0.00178364
0.00178364
0.00178364
0.00178363
0.00178363
0.00178362
0.0017836
0.00178372
0.00178408
0.00178399
0.00178402
0.00178403
0.00178405
0.00178405
0.00178406
0.00178406
0.00178407
0.00178407
0.00178407
0.00178407
0.00178407
0.00178407
0.00178407
0.00178407
0.00178408
0.00178408
0.00178408
0.00178408
0.00178408
0.00178408
0.00178408
0.00178408
0.00178408
0.00178408
0.00178408
0.00178408
0.00178407
0.00178407
0.00178407
0.00178407
0.00178407
0.00178407
0.00178407
0.00178406
0.00178406
0.00178405
0.00178403
0.00178415
0.00178404
0.00178396
0.00178398
0.001784
0.00178401
0.00178402
0.00178402
0.00178403
0.00178403
0.00178403
0.00178404
0.00178404
0.00178404
0.00178404
0.00178404
0.00178404
0.00178404
0.00178404
0.00178404
0.00178404
0.00178404
0.00178404
0.00178404
0.00178404
0.00178404
0.00178404
0.00178404
0.00178404
0.00178404
0.00178404
0.00178404
0.00178404
0.00178404
0.00178404
0.00178403
0.00178403
0.00178402
0.00178401
0.00178399
0.00178412
0.00178372
0.00178364
0.00178366
0.00178368
0.00178369
0.0017837
0.00178371
0.00178371
0.00178371
0.00178371
0.00178372
0.00178372
0.00178372
0.00178372
0.00178372
0.00178372
0.00178372
0.00178373
0.00178373
0.00178373
0.00178373
0.00178373
0.00178373
0.00178373
0.00178373
0.00178373
0.00178372
0.00178372
0.00178372
0.00178372
0.00178372
0.00178372
0.00178372
0.00178372
0.00178371
0.00178371
0.0017837
0.0017837
0.00178368
0.0017838
0.00178322
0.00178315
0.00178317
0.00178319
0.0017832
0.00178321
0.00178321
0.00178322
0.00178322
0.00178322
0.00178323
0.00178323
0.00178323
0.00178323
0.00178323
0.00178323
0.00178323
0.00178324
0.00178324
0.00178324
0.00178324
0.00178324
0.00178324
0.00178324
0.00178324
0.00178324
0.00178324
0.00178323
0.00178323
0.00178323
0.00178323
0.00178323
0.00178323
0.00178323
0.00178322
0.00178322
0.00178322
0.00178321
0.00178319
0.00178331
0.00178263
0.00178256
0.00178258
0.0017826
0.00178261
0.00178262
0.00178263
0.00178263
0.00178263
0.00178264
0.00178264
0.00178264
0.00178264
0.00178264
0.00178264
0.00178265
0.00178265
0.00178265
0.00178265
0.00178265
0.00178265
0.00178265
0.00178265
0.00178265
0.00178265
0.00178265
0.00178265
0.00178265
0.00178265
0.00178265
0.00178264
0.00178264
0.00178264
0.00178264
0.00178264
0.00178263
0.00178263
0.00178262
0.0017826
0.00178272
0.00178199
0.00178192
0.00178195
0.00178196
0.00178198
0.00178198
0.00178199
0.00178199
0.001782
0.001782
0.001782
0.001782
0.001782
0.00178201
0.00178201
0.00178201
0.00178201
0.00178201
0.00178201
0.00178201
0.00178201
0.00178201
0.00178201
0.00178201
0.00178201
0.00178201
0.00178201
0.00178201
0.00178201
0.00178201
0.00178201
0.00178201
0.001782
0.001782
0.001782
0.001782
0.00178199
0.00178198
0.00178197
0.00178208
0.00178133
0.00178126
0.00178129
0.00178131
0.00178132
0.00178133
0.00178133
0.00178134
0.00178134
0.00178134
0.00178134
0.00178135
0.00178135
0.00178135
0.00178135
0.00178135
0.00178135
0.00178135
0.00178135
0.00178135
0.00178135
0.00178135
0.00178135
0.00178135
0.00178135
0.00178135
0.00178135
0.00178135
0.00178135
0.00178135
0.00178135
0.00178135
0.00178135
0.00178135
0.00178134
0.00178134
0.00178133
0.00178133
0.00178131
0.00178142
0.00178067
0.00178061
0.00178063
0.00178065
0.00178066
0.00178067
0.00178067
0.00178068
0.00178068
0.00178068
0.00178069
0.00178069
0.00178069
0.00178069
0.00178069
0.00178069
0.00178069
0.00178069
0.0017807
0.0017807
0.0017807
0.0017807
0.0017807
0.0017807
0.0017807
0.00178069
0.00178069
0.00178069
0.00178069
0.00178069
0.00178069
0.00178069
0.00178069
0.00178069
0.00178069
0.00178068
0.00178068
0.00178067
0.00178065
0.00178076
0.00178002
0.00177996
0.00177999
0.00178
0.00178001
0.00178002
0.00178003
0.00178003
0.00178003
0.00178004
0.00178004
0.00178004
0.00178004
0.00178004
0.00178004
0.00178004
0.00178005
0.00178005
0.00178005
0.00178005
0.00178005
0.00178005
0.00178005
0.00178005
0.00178005
0.00178005
0.00178005
0.00178005
0.00178005
0.00178005
0.00178004
0.00178004
0.00178004
0.00178004
0.00178004
0.00178003
0.00178003
0.00178002
0.00178001
0.00178011
0.00177939
0.00177933
0.00177936
0.00177937
0.00177938
0.00177939
0.0017794
0.0017794
0.0017794
0.0017794
0.00177941
0.00177941
0.00177941
0.00177941
0.00177941
0.00177941
0.00177942
0.00177942
0.00177942
0.00177942
0.00177942
0.00177942
0.00177942
0.00177942
0.00177942
0.00177942
0.00177942
0.00177942
0.00177942
0.00177941
0.00177941
0.00177941
0.00177941
0.00177941
0.00177941
0.0017794
0.0017794
0.00177939
0.00177938
0.00177948
0.00177878
0.00177872
0.00177875
0.00177876
0.00177877
0.00177878
0.00177879
0.00177879
0.00177879
0.0017788
0.0017788
0.0017788
0.0017788
0.0017788
0.0017788
0.0017788
0.00177881
0.00177881
0.00177881
0.00177881
0.00177881
0.00177881
0.00177881
0.00177881
0.00177881
0.00177881
0.00177881
0.00177881
0.00177881
0.00177881
0.0017788
0.0017788
0.0017788
0.0017788
0.0017788
0.0017788
0.00177879
0.00177878
0.00177877
0.00177887
0.00177819
0.00177814
0.00177816
0.00177818
0.00177819
0.00177819
0.0017782
0.0017782
0.00177821
0.00177821
0.00177821
0.00177821
0.00177821
0.00177822
0.00177822
0.00177822
0.00177822
0.00177822
0.00177822
0.00177822
0.00177822
0.00177822
0.00177822
0.00177822
0.00177822
0.00177822
0.00177822
0.00177822
0.00177822
0.00177822
0.00177822
0.00177822
0.00177822
0.00177821
0.00177821
0.00177821
0.0017782
0.0017782
0.00177818
0.00177828
0.00177762
0.00177757
0.0017776
0.00177761
0.00177762
0.00177763
0.00177763
0.00177764
0.00177764
0.00177764
0.00177765
0.00177765
0.00177765
0.00177765
0.00177765
0.00177765
0.00177765
0.00177766
0.00177766
0.00177766
0.00177766
0.00177766
0.00177766
0.00177766
0.00177766
0.00177766
0.00177766
0.00177766
0.00177765
0.00177765
0.00177765
0.00177765
0.00177765
0.00177765
0.00177765
0.00177764
0.00177764
0.00177763
0.00177762
0.00177771
0.00177708
0.00177703
0.00177706
0.00177707
0.00177708
0.00177709
0.00177709
0.0017771
0.0017771
0.0017771
0.0017771
0.00177711
0.00177711
0.00177711
0.00177711
0.00177711
0.00177711
0.00177711
0.00177711
0.00177712
0.00177712
0.00177712
0.00177712
0.00177711
0.00177711
0.00177711
0.00177711
0.00177711
0.00177711
0.00177711
0.00177711
0.00177711
0.00177711
0.00177711
0.00177711
0.0017771
0.0017771
0.00177709
0.00177708
0.00177717
0.00177655
0.00177652
0.00177654
0.00177655
0.00177656
0.00177657
0.00177657
0.00177658
0.00177658
0.00177658
0.00177658
0.00177659
0.00177659
0.00177659
0.00177659
0.00177659
0.00177659
0.00177659
0.00177659
0.0017766
0.0017766
0.0017766
0.0017766
0.0017766
0.00177659
0.00177659
0.00177659
0.00177659
0.00177659
0.00177659
0.00177659
0.00177659
0.00177659
0.00177659
0.00177659
0.00177658
0.00177658
0.00177657
0.00177656
0.00177664
0.00177605
0.00177602
0.00177604
0.00177605
0.00177606
0.00177607
0.00177607
0.00177608
0.00177608
0.00177608
0.00177609
0.00177609
0.00177609
0.00177609
0.00177609
0.00177609
0.00177609
0.00177609
0.0017761
0.0017761
0.0017761
0.0017761
0.0017761
0.0017761
0.0017761
0.0017761
0.0017761
0.00177609
0.00177609
0.00177609
0.00177609
0.00177609
0.00177609
0.00177609
0.00177609
0.00177608
0.00177608
0.00177607
0.00177606
0.00177614
0.00177557
0.00177554
0.00177556
0.00177557
0.00177558
0.00177559
0.0017756
0.0017756
0.0017756
0.00177561
0.00177561
0.00177561
0.00177561
0.00177561
0.00177561
0.00177561
0.00177562
0.00177562
0.00177562
0.00177562
0.00177562
0.00177562
0.00177562
0.00177562
0.00177562
0.00177562
0.00177562
0.00177562
0.00177562
0.00177562
0.00177561
0.00177561
0.00177561
0.00177561
0.00177561
0.00177561
0.0017756
0.0017756
0.00177559
0.00177566
0.00177511
0.00177508
0.0017751
0.00177512
0.00177513
0.00177513
0.00177514
0.00177514
0.00177515
0.00177515
0.00177515
0.00177515
0.00177515
0.00177515
0.00177515
0.00177516
0.00177516
0.00177516
0.00177516
0.00177516
0.00177516
0.00177516
0.00177516
0.00177516
0.00177516
0.00177516
0.00177516
0.00177516
0.00177516
0.00177516
0.00177516
0.00177516
0.00177515
0.00177515
0.00177515
0.00177515
0.00177514
0.00177514
0.00177513
0.0017752
0.00177467
0.00177465
0.00177467
0.00177468
0.00177469
0.00177469
0.0017747
0.0017747
0.00177471
0.00177471
0.00177471
0.00177471
0.00177471
0.00177472
0.00177472
0.00177472
0.00177472
0.00177472
0.00177472
0.00177472
0.00177472
0.00177472
0.00177472
0.00177472
0.00177472
0.00177472
0.00177472
0.00177472
0.00177472
0.00177472
0.00177472
0.00177472
0.00177472
0.00177471
0.00177471
0.00177471
0.00177471
0.0017747
0.00177469
0.00177476
0.00177425
0.00177423
0.00177425
0.00177426
0.00177427
0.00177428
0.00177428
0.00177428
0.00177429
0.00177429
0.00177429
0.00177429
0.0017743
0.0017743
0.0017743
0.0017743
0.0017743
0.0017743
0.0017743
0.0017743
0.0017743
0.0017743
0.0017743
0.0017743
0.0017743
0.0017743
0.0017743
0.0017743
0.0017743
0.0017743
0.0017743
0.0017743
0.0017743
0.0017743
0.00177429
0.00177429
0.00177429
0.00177428
0.00177427
0.00177434
0.00177385
0.00177383
0.00177385
0.00177386
0.00177387
0.00177388
0.00177388
0.00177389
0.00177389
0.00177389
0.00177389
0.0017739
0.0017739
0.0017739
0.0017739
0.0017739
0.0017739
0.0017739
0.0017739
0.00177391
0.00177391
0.00177391
0.0017739
0.0017739
0.0017739
0.0017739
0.0017739
0.0017739
0.0017739
0.0017739
0.0017739
0.0017739
0.0017739
0.0017739
0.0017739
0.00177389
0.00177389
0.00177388
0.00177388
0.00177394
0.00177347
0.00177345
0.00177347
0.00177349
0.00177349
0.0017735
0.00177351
0.00177351
0.00177351
0.00177351
0.00177352
0.00177352
0.00177352
0.00177352
0.00177352
0.00177352
0.00177352
0.00177353
0.00177353
0.00177353
0.00177353
0.00177353
0.00177353
0.00177353
0.00177353
0.00177353
0.00177353
0.00177353
0.00177352
0.00177352
0.00177352
0.00177352
0.00177352
0.00177352
0.00177352
0.00177352
0.00177351
0.00177351
0.0017735
0.00177356
0.00177312
0.0017731
0.00177312
0.00177313
0.00177314
0.00177315
0.00177315
0.00177315
0.00177316
0.00177316
0.00177316
0.00177316
0.00177316
0.00177317
0.00177317
0.00177317
0.00177317
0.00177317
0.00177317
0.00177317
0.00177317
0.00177317
0.00177317
0.00177317
0.00177317
0.00177317
0.00177317
0.00177317
0.00177317
0.00177317
0.00177317
0.00177317
0.00177317
0.00177317
0.00177316
0.00177316
0.00177316
0.00177315
0.00177315
0.0017732
0.00177278
0.00177277
0.00177279
0.0017728
0.00177281
0.00177282
0.00177282
0.00177282
0.00177283
0.00177283
0.00177283
0.00177283
0.00177284
0.00177284
0.00177284
0.00177284
0.00177284
0.00177284
0.00177284
0.00177284
0.00177284
0.00177284
0.00177284
0.00177284
0.00177284
0.00177284
0.00177284
0.00177284
0.00177284
0.00177284
0.00177284
0.00177284
0.00177284
0.00177284
0.00177283
0.00177283
0.00177283
0.00177282
0.00177282
0.00177287
0.00177248
0.00177247
0.00177249
0.0017725
0.00177251
0.00177252
0.00177252
0.00177252
0.00177253
0.00177253
0.00177253
0.00177253
0.00177254
0.00177254
0.00177254
0.00177254
0.00177254
0.00177254
0.00177254
0.00177254
0.00177254
0.00177254
0.00177254
0.00177254
0.00177254
0.00177254
0.00177254
0.00177254
0.00177254
0.00177254
0.00177254
0.00177254
0.00177254
0.00177254
0.00177254
0.00177253
0.00177253
0.00177253
0.00177252
0.00177257
0.00177221
0.00177221
0.00177223
0.00177224
0.00177225
0.00177225
0.00177226
0.00177226
0.00177226
0.00177227
0.00177227
0.00177227
0.00177227
0.00177227
0.00177227
0.00177228
0.00177228
0.00177228
0.00177228
0.00177228
0.00177228
0.00177228
0.00177228
0.00177228
0.00177228
0.00177228
0.00177228
0.00177228
0.00177228
0.00177228
0.00177228
0.00177228
0.00177227
0.00177227
0.00177227
0.00177227
0.00177227
0.00177226
0.00177225
0.0017723
0.00177199
0.00177199
0.00177201
0.00177202
0.00177203
0.00177203
0.00177204
0.00177204
0.00177204
0.00177205
0.00177205
0.00177205
0.00177205
0.00177205
0.00177206
0.00177206
0.00177206
0.00177206
0.00177206
0.00177206
0.00177206
0.00177206
0.00177206
0.00177206
0.00177206
0.00177206
0.00177206
0.00177206
0.00177206
0.00177206
0.00177206
0.00177206
0.00177205
0.00177205
0.00177205
0.00177205
0.00177205
0.00177204
0.00177204
0.00177207
0.00177184
0.00177184
0.00177186
0.00177187
0.00177188
0.00177189
0.00177189
0.00177189
0.0017719
0.0017719
0.0017719
0.0017719
0.00177191
0.00177191
0.00177191
0.00177191
0.00177191
0.00177191
0.00177191
0.00177191
0.00177191
0.00177191
0.00177191
0.00177191
0.00177191
0.00177191
0.00177191
0.00177191
0.00177191
0.00177191
0.00177191
0.00177191
0.00177191
0.00177191
0.00177191
0.0017719
0.0017719
0.0017719
0.00177189
0.00177192
0.0017718
0.00177181
0.00177183
0.00177184
0.00177185
0.00177186
0.00177186
0.00177186
0.00177187
0.00177187
0.00177187
0.00177187
0.00177187
0.00177188
0.00177188
0.00177188
0.00177188
0.00177188
0.00177188
0.00177188
0.00177188
0.00177188
0.00177188
0.00177188
0.00177188
0.00177188
0.00177188
0.00177188
0.00177188
0.00177188
0.00177188
0.00177188
0.00177188
0.00177188
0.00177187
0.00177187
0.00177187
0.00177186
0.00177186
0.00177188
0.00177197
0.00177198
0.001772
0.00177201
0.00177202
0.00177203
0.00177203
0.00177204
0.00177204
0.00177204
0.00177205
0.00177205
0.00177205
0.00177205
0.00177205
0.00177205
0.00177205
0.00177206
0.00177206
0.00177206
0.00177206
0.00177206
0.00177206
0.00177206
0.00177206
0.00177206
0.00177206
0.00177206
0.00177206
0.00177205
0.00177205
0.00177205
0.00177205
0.00177205
0.00177205
0.00177205
0.00177204
0.00177204
0.00177203
0.00177205
0.00177256
0.00177257
0.00177259
0.00177261
0.00177262
0.00177262
0.00177263
0.00177263
0.00177263
0.00177264
0.00177264
0.00177264
0.00177264
0.00177264
0.00177265
0.00177265
0.00177265
0.00177265
0.00177265
0.00177265
0.00177265
0.00177265
0.00177265
0.00177265
0.00177265
0.00177265
0.00177265
0.00177265
0.00177265
0.00177265
0.00177265
0.00177265
0.00177264
0.00177264
0.00177264
0.00177264
0.00177264
0.00177263
0.00177262
0.00177264
0.00177416
0.00177418
0.00177421
0.00177422
0.00177423
0.00177424
0.00177425
0.00177425
0.00177425
0.00177426
0.00177426
0.00177426
0.00177426
0.00177426
0.00177426
0.00177427
0.00177427
0.00177427
0.00177427
0.00177427
0.00177427
0.00177427
0.00177427
0.00177427
0.00177427
0.00177427
0.00177427
0.00177427
0.00177427
0.00177427
0.00177427
0.00177427
0.00177426
0.00177426
0.00177426
0.00177426
0.00177426
0.00177425
0.00177424
0.00177426
)
;
    }
    right
    {
        type            calculated;
        value           nonuniform List<scalar> 
1600
(
0.120706
0.113533
0.11316
0.1128
0.112443
0.112084
0.111721
0.111353
0.110978
0.110593
0.110196
0.109787
0.109361
0.108917
0.108452
0.107962
0.107445
0.106896
0.106312
0.105689
0.105021
0.103124
0.0910104
0.0801543
0.0705232
0.0620825
0.0547949
0.048617
0.0434932
0.039345
0.036053
0.0334398
0.0312706
0.0292994
0.0273495
0.025342
0.0232275
0.0208494
0.0245405
0.000536571
0.113371
0.113016
0.112648
0.112293
0.111941
0.111589
0.111234
0.110875
0.110509
0.110135
0.109751
0.109354
0.108942
0.108513
0.108063
0.10759
0.107091
0.106561
0.105998
0.105396
0.104751
0.104059
0.103312
0.102506
0.101631
0.0991872
0.0862407
0.0753159
0.0662511
0.0588521
0.0528689
0.0479755
0.0437814
0.0399089
0.036113
0.0323261
0.028631
0.0249268
0.00955427
0.000551619
0.113352
0.113031
0.112677
0.112325
0.111975
0.111624
0.11127
0.110913
0.110549
0.110177
0.109796
0.109402
0.108994
0.108568
0.108123
0.107655
0.10716
0.106637
0.10608
0.105485
0.104848
0.104164
0.103428
0.102631
0.101769
0.0960531
0.0835468
0.0729567
0.0641397
0.0569172
0.0510541
0.0462406
0.0421067
0.0382998
0.0346007
0.0309613
0.0274402
0.0234681
0.00587258
0.000541895
0.113342
0.113044
0.112708
0.112362
0.112013
0.111663
0.11131
0.110954
0.110591
0.110221
0.109841
0.109449
0.109043
0.10862
0.108177
0.107712
0.107221
0.106701
0.106148
0.105557
0.104925
0.104245
0.103513
0.102722
0.101864
0.100931
0.099912
0.0987938
0.0975593
0.0961851
0.0853175
0.0760744
0.068325
0.0614549
0.0551026
0.0491893
0.0437952
0.036131
0.00500104
0.000539643
0.113347
0.113072
0.112757
0.112421
0.112075
0.111726
0.111374
0.111018
0.110657
0.110288
0.10991
0.10952
0.109117
0.108696
0.108257
0.107795
0.107308
0.106791
0.106242
0.105656
0.105029
0.104354
0.103628
0.102842
0.10199
0.101062
0.100048
0.0989355
0.097706
0.096336
0.0876507
0.0786105
0.0711081
0.0645235
0.0584836
0.0528935
0.0478199
0.0392904
0.00453903
0.000536934
0.11336
0.113107
0.112816
0.112492
0.112151
0.111803
0.111452
0.111098
0.110738
0.110371
0.109994
0.109607
0.109205
0.108788
0.108352
0.107893
0.10741
0.106897
0.106353
0.105771
0.105149
0.104479
0.103758
0.102978
0.102131
0.10121
0.100202
0.099094
0.0978692
0.0965032
0.0903993
0.0815742
0.0743295
0.0680362
0.0623068
0.0570342
0.0522892
0.0427338
0.00430055
0.000534333
0.113377
0.113144
0.112878
0.112569
0.112234
0.11189
0.11154
0.111186
0.110827
0.110462
0.110088
0.109702
0.109303
0.108889
0.108455
0.108
0.107521
0.107012
0.106472
0.105895
0.105277
0.104614
0.103898
0.103123
0.102282
0.101366
0.100363
0.0992607
0.0980404
0.096678
0.0934885
0.0848869
0.0779078
0.0719109
0.0664944
0.0615421
0.0571387
0.0463772
0.0041724
0.000531867
0.113396
0.113181
0.11294
0.112648
0.112322
0.111981
0.111633
0.11128
0.110923
0.110559
0.110186
0.109803
0.109406
0.108994
0.108564
0.108113
0.107636
0.107132
0.106596
0.106024
0.105411
0.104752
0.104041
0.103272
0.102437
0.101526
0.100528
0.0994305
0.0982144
0.0968553
0.0953172
0.08848
0.0817719
0.0760755
0.0709744
0.0663455
0.0622925
0.050133
0.00410391
0.000529525
0.113415
0.113217
0.113
0.112727
0.112411
0.112074
0.111728
0.111377
0.111021
0.110658
0.110287
0.109906
0.109512
0.109103
0.108675
0.108227
0.107754
0.107254
0.106722
0.106154
0.105546
0.104892
0.104186
0.103422
0.102592
0.101686
0.100694
0.0996005
0.0983884
0.0970324
0.0954963
0.0922909
0.0858571
0.0804632
0.0756781
0.0713725
0.0676724
0.0539223
0.00406944
0.0005273
0.113436
0.113252
0.113058
0.112804
0.1125
0.112168
0.111825
0.111475
0.11112
0.110759
0.11039
0.11001
0.109619
0.109212
0.108787
0.108342
0.107873
0.107376
0.106848
0.106285
0.105681
0.105032
0.104331
0.103572
0.102746
0.101845
0.100858
0.0997689
0.0985607
0.0972079
0.095674
0.0939036
0.0901045
0.0850126
0.080541
0.0765541
0.0732025
0.0576781
0.00405502
0.000525185
0.113456
0.113284
0.113112
0.112878
0.112586
0.112262
0.111922
0.111574
0.11122
0.11086
0.110492
0.110115
0.109725
0.109321
0.108899
0.108457
0.107991
0.107498
0.106974
0.106414
0.105815
0.10517
0.104474
0.103719
0.102899
0.102003
0.101019
0.0999349
0.0987306
0.097381
0.0958496
0.0940805
0.0919887
0.0894652
0.0855042
0.0818278
0.0787642
0.061348
0.00405263
0.000523175
0.113477
0.113315
0.113162
0.112948
0.11267
0.112354
0.112018
0.111672
0.111319
0.110961
0.110594
0.110219
0.109831
0.109429
0.10901
0.108571
0.108108
0.107618
0.107098
0.106542
0.105947
0.105306
0.104614
0.103865
0.103049
0.102157
0.101178
0.100098
0.0988978
0.0975516
0.0960229
0.0942559
0.0921648
0.0896393
0.0866113
0.083061
0.078873
0.0648941
0.00405753
0.000521267
0.113498
0.113345
0.11321
0.113014
0.112751
0.112444
0.112113
0.111769
0.111418
0.11106
0.110696
0.110322
0.109936
0.109536
0.10912
0.108683
0.108223
0.107737
0.10722
0.106668
0.106077
0.10544
0.104753
0.104007
0.103196
0.102309
0.101334
0.100258
0.0990621
0.0977196
0.0961942
0.0944297
0.0923403
0.0898143
0.0867802
0.0832151
0.0789925
0.0682919
0.00406685
0.000519458
0.113519
0.113374
0.113254
0.113077
0.112829
0.112532
0.112205
0.111865
0.111515
0.111159
0.110796
0.110423
0.110039
0.109642
0.109227
0.108793
0.108337
0.107853
0.10734
0.106792
0.106204
0.105572
0.104888
0.104147
0.10334
0.102457
0.101488
0.100416
0.0992237
0.0978852
0.0963633
0.094602
0.0925151
0.0899898
0.0869517
0.0833748
0.0791204
0.0709287
0.00407885
0.00051774
0.113541
0.113401
0.113295
0.113135
0.112903
0.112616
0.112296
0.111959
0.111611
0.111256
0.110894
0.110523
0.110141
0.109745
0.109333
0.108902
0.108448
0.107968
0.107457
0.106913
0.106329
0.1057
0.105021
0.104284
0.103482
0.102603
0.101638
0.100571
0.0993828
0.0980484
0.0965305
0.0947729
0.0926893
0.0901658
0.0871252
0.0835389
0.0792545
0.0705794
0.00409244
0.000516111
0.113562
0.113427
0.113333
0.11319
0.112973
0.112697
0.112385
0.112051
0.111705
0.111352
0.110991
0.110621
0.110241
0.109847
0.109437
0.109009
0.108557
0.10808
0.107573
0.107032
0.106451
0.105827
0.105152
0.104419
0.10362
0.102747
0.101786
0.100723
0.0995394
0.0982094
0.0966958
0.0949425
0.0928628
0.0903419
0.0873002
0.0837064
0.0793929
0.0702198
0.00410695
0.000514562
0.113584
0.113453
0.113369
0.113241
0.113039
0.112776
0.11247
0.112141
0.111798
0.111446
0.111086
0.110718
0.110339
0.109947
0.10954
0.109113
0.108665
0.10819
0.107686
0.107148
0.106571
0.105951
0.105279
0.104551
0.103757
0.102887
0.101931
0.100873
0.0996937
0.0983683
0.0968595
0.0951108
0.0930356
0.090518
0.0874761
0.0838764
0.0795343
0.0698495
0.00412195
0.00051309
0.113606
0.113478
0.113403
0.113288
0.113102
0.11285
0.112553
0.112229
0.111889
0.111538
0.11118
0.110813
0.110436
0.110046
0.10964
0.109216
0.10877
0.108298
0.107797
0.107262
0.106689
0.106072
0.105405
0.10468
0.10389
0.103025
0.102073
0.10102
0.0998458
0.0985254
0.0970215
0.0952778
0.0932074
0.0906937
0.0876525
0.084048
0.0796774
0.0694681
0.00413717
0.000511687
0.113628
0.113502
0.113435
0.113333
0.113161
0.112922
0.112634
0.112314
0.111977
0.111629
0.111272
0.110906
0.110531
0.110142
0.109738
0.109317
0.108873
0.108404
0.107906
0.107374
0.106805
0.106191
0.105528
0.104807
0.104022
0.103161
0.102214
0.101165
0.0999959
0.0986805
0.0971819
0.0954436
0.0933784
0.0908689
0.087829
0.0842207
0.0798212
0.0690756
0.00415244
0.000510349
0.11365
0.113526
0.113465
0.113375
0.113216
0.11299
0.112711
0.112398
0.112064
0.111718
0.111362
0.110998
0.110624
0.110237
0.109835
0.109415
0.108974
0.108508
0.108013
0.107484
0.106918
0.106308
0.105648
0.104932
0.104151
0.103295
0.102352
0.101308
0.100144
0.098834
0.0973407
0.095608
0.0935483
0.0910435
0.0880053
0.0843938
0.0799648
0.0686721
0.00416766
0.000509071
0.113672
0.11355
0.113494
0.113413
0.113268
0.113054
0.112785
0.112479
0.112149
0.111805
0.111451
0.111088
0.110715
0.11033
0.10993
0.109512
0.109073
0.10861
0.108117
0.107592
0.107029
0.106423
0.105767
0.105055
0.104278
0.103426
0.102488
0.101449
0.10029
0.0989857
0.0974981
0.0957711
0.0937171
0.0912171
0.0881811
0.0845671
0.0801076
0.068258
0.00418277
0.000507849
0.113694
0.113574
0.113522
0.11345
0.113317
0.113116
0.112857
0.112557
0.112231
0.11189
0.111538
0.111176
0.110804
0.110421
0.110023
0.109607
0.109171
0.10871
0.10822
0.107698
0.107138
0.106535
0.105883
0.105175
0.104403
0.103555
0.102622
0.101588
0.100435
0.0991357
0.0976538
0.0959328
0.0938846
0.0913896
0.0883561
0.08474
0.0802491
0.0678337
0.00419773
0.000506677
0.113717
0.113597
0.113548
0.113484
0.113363
0.113174
0.112925
0.112633
0.112312
0.111973
0.111623
0.111263
0.110892
0.11051
0.110114
0.1097
0.109266
0.108808
0.108321
0.107802
0.107245
0.106646
0.105998
0.105294
0.104525
0.103683
0.102754
0.101726
0.100577
0.099284
0.0978081
0.0960931
0.0940509
0.091561
0.0885301
0.0849122
0.0803887
0.0673994
0.00421253
0.000505555
0.11374
0.11362
0.113574
0.113516
0.113406
0.113229
0.11299
0.112706
0.11239
0.112055
0.111706
0.111347
0.110979
0.110598
0.110203
0.109792
0.10936
0.108904
0.10842
0.107904
0.107351
0.106755
0.10611
0.10541
0.104646
0.103808
0.102885
0.101861
0.100718
0.0994306
0.0979607
0.0962519
0.0942157
0.091731
0.0887028
0.0850835
0.0805261
0.0669555
0.00422718
0.000504478
0.113763
0.113643
0.113599
0.113547
0.113446
0.11328
0.113053
0.112776
0.112466
0.112134
0.111788
0.111431
0.111063
0.110684
0.110291
0.109882
0.109452
0.108998
0.108517
0.108004
0.107454
0.106862
0.106221
0.105525
0.104765
0.103932
0.103013
0.101995
0.100858
0.0995756
0.0981118
0.0964092
0.094379
0.0918995
0.0888741
0.0852536
0.0806608
0.0665022
0.00424171
0.000503446
0.113786
0.113667
0.113623
0.113576
0.113484
0.113329
0.113112
0.112844
0.11254
0.112212
0.111868
0.111512
0.111146
0.110769
0.110377
0.10997
0.109542
0.109091
0.108613
0.108102
0.107556
0.106967
0.10633
0.105638
0.104882
0.104054
0.10314
0.102127
0.100995
0.0997189
0.0982611
0.0965648
0.0945407
0.0920663
0.0890438
0.0854221
0.0807926
0.0660398
0.00425615
0.000502457
0.113809
0.11369
0.113647
0.113603
0.113519
0.113375
0.113169
0.11291
0.112612
0.112287
0.111946
0.111592
0.111228
0.110852
0.110462
0.110056
0.109631
0.109182
0.108706
0.108199
0.107656
0.10707
0.106437
0.105749
0.104998
0.104174
0.103265
0.102257
0.101131
0.0998604
0.0984088
0.0967186
0.0947005
0.0922312
0.0892116
0.0855889
0.080921
0.0655679
0.00427057
0.000501512
0.113833
0.113713
0.11367
0.11363
0.113553
0.113419
0.113223
0.112973
0.112681
0.112361
0.112023
0.111671
0.111308
0.110933
0.110545
0.110141
0.109718
0.109272
0.108798
0.108294
0.107754
0.107172
0.106542
0.105858
0.105111
0.104292
0.103388
0.102385
0.101264
0.1
0.0985545
0.0968705
0.0948583
0.0923939
0.0893771
0.0857535
0.0810455
0.0650862
0.00428506
0.000500612
0.113856
0.113736
0.113693
0.113655
0.113585
0.11346
0.113274
0.113033
0.112748
0.112433
0.112098
0.111748
0.111387
0.111013
0.110627
0.110225
0.109804
0.10936
0.108889
0.108388
0.10785
0.107272
0.106646
0.105966
0.105223
0.104408
0.103509
0.102511
0.101396
0.100138
0.0986983
0.0970204
0.095014
0.0925543
0.0895401
0.0859155
0.0811655
0.0645938
0.00429979
0.000499761
0.11388
0.11376
0.113716
0.11368
0.113615
0.113499
0.113323
0.113091
0.112813
0.112503
0.112171
0.111824
0.111464
0.111092
0.110707
0.110307
0.109888
0.109446
0.108978
0.10848
0.107945
0.10737
0.106748
0.106072
0.105333
0.104523
0.103628
0.102636
0.101526
0.100273
0.09884
0.097168
0.0951672
0.0927119
0.0897001
0.0860744
0.0812804
0.0640889
0.00431497
0.000498962
0.113904
0.113783
0.113738
0.113703
0.113643
0.113536
0.113369
0.113146
0.112876
0.112571
0.112243
0.111898
0.11154
0.11117
0.110786
0.110388
0.10997
0.109531
0.109066
0.10857
0.108039
0.107467
0.106848
0.106176
0.105442
0.104636
0.103746
0.102758
0.101654
0.100407
0.0989793
0.0973131
0.0953176
0.0928664
0.0898565
0.0862294
0.0813891
0.0635691
0.00433098
0.000498223
0.113928
0.113807
0.113761
0.113726
0.11367
0.11357
0.113413
0.113199
0.112937
0.112638
0.112313
0.11197
0.111614
0.111246
0.110864
0.110467
0.110052
0.109615
0.109152
0.108659
0.108131
0.107562
0.106947
0.106279
0.105548
0.104746
0.103861
0.102879
0.10178
0.100538
0.0991162
0.0974555
0.0954648
0.0930172
0.0900087
0.0863798
0.0814903
0.0630305
0.00434844
0.000497558
0.113952
0.11383
0.113783
0.113749
0.113696
0.113603
0.113455
0.11325
0.112995
0.112702
0.112381
0.112042
0.111687
0.111321
0.110941
0.110545
0.110132
0.109697
0.109237
0.108746
0.108221
0.107656
0.107044
0.106379
0.105653
0.104856
0.103975
0.102997
0.101903
0.100667
0.0992503
0.0975947
0.0956084
0.0931636
0.0901557
0.0865243
0.0815821
0.0624668
0.00436845
0.000496983
0.113976
0.113854
0.113805
0.113771
0.113721
0.113635
0.113495
0.113299
0.113052
0.112765
0.112448
0.112111
0.111759
0.111394
0.111016
0.110622
0.110211
0.109778
0.10932
0.108832
0.10831
0.107748
0.10714
0.106479
0.105756
0.104963
0.104087
0.103114
0.102024
0.100793
0.0993814
0.0977305
0.0957478
0.0933047
0.0902964
0.0866614
0.0816621
0.0618688
0.00439312
0.000496526
0.114
0.113878
0.113828
0.113792
0.113746
0.113664
0.113533
0.113346
0.113107
0.112826
0.112514
0.11218
0.11183
0.111467
0.11109
0.110698
0.110289
0.109858
0.109402
0.108917
0.108398
0.107839
0.107234
0.106576
0.105858
0.105068
0.104196
0.103228
0.102143
0.100916
0.0995091
0.0978623
0.0958824
0.0934397
0.0904293
0.086789
0.0817264
0.0612194
0.00442647
0.000496229
0.114024
0.113902
0.11385
0.113814
0.113769
0.113693
0.113569
0.11339
0.113159
0.112885
0.112578
0.112247
0.111899
0.111538
0.111163
0.110773
0.110365
0.109936
0.109483
0.109001
0.108484
0.107928
0.107326
0.106672
0.105957
0.105172
0.104304
0.103339
0.102259
0.101036
0.0996333
0.0979898
0.0960113
0.0935673
0.0905526
0.0869044
0.0817228
0.0596371
0.00447215
0.000496167
0.114049
0.113926
0.113872
0.113835
0.113792
0.11372
0.113603
0.113433
0.11321
0.112942
0.11264
0.112313
0.111968
0.111608
0.111235
0.110846
0.11044
0.110014
0.109563
0.109083
0.108569
0.108016
0.107417
0.106767
0.106055
0.105273
0.104409
0.103448
0.102372
0.101153
0.0997536
0.0981123
0.0961339
0.0936862
0.0906641
0.0869902
0.0814582
0.0566066
0.00454832
0.00049643
0.114073
0.11395
0.113895
0.113856
0.113814
0.113746
0.113636
0.113474
0.113259
0.112998
0.112701
0.112378
0.112035
0.111677
0.111306
0.110919
0.110515
0.11009
0.109641
0.109164
0.108653
0.108102
0.107507
0.10686
0.106152
0.105373
0.104512
0.103555
0.102482
0.101267
0.0998696
0.0982294
0.0962491
0.0937949
0.0907604
0.0832185
0.0722786
0.0517558
0.00470786
0.000497086
0.114098
0.113974
0.113917
0.113877
0.113835
0.113771
0.113667
0.113512
0.113305
0.11305
0.112758
0.112438
0.112097
0.111741
0.111371
0.110986
0.110583
0.110159
0.109711
0.109235
0.108725
0.108176
0.107582
0.106936
0.106229
0.105452
0.104593
0.103638
0.102566
0.101351
0.0999545
0.0983131
0.0963288
0.0938659
0.0822942
0.0688708
0.0541296
0.0361106
0.00512958
0.00049788
0.114122
0.114005
0.113952
0.113917
0.113885
0.113836
0.113753
0.113623
0.113444
0.113221
0.112962
0.112678
0.112285
0.111872
0.0986355
0.0851492
0.0736052
0.0636805
0.0551207
0.0477225
0.0413223
0.0357868
0.0310071
0.0268933
0.0233714
0.0203799
0.0178676
0.0157906
0.0141093
0.0127828
0.0117631
0.0109872
0.0103759
0.00984526
0.00933184
0.00880348
0.00824707
0.00761727
0.0029154
0.000478449
)
;
    }
    left
    {
        type            calculated;
        value           nonuniform List<scalar> 
1600
(
0.120368
0.115467
0.115234
0.115009
0.114778
0.114539
0.114286
0.11402
0.113736
0.113434
0.113111
0.112766
0.112394
0.111995
0.111565
0.1111
0.110599
0.110057
0.109471
0.108835
0.108146
0.103125
0.0910117
0.0801556
0.0705243
0.0620836
0.0547959
0.0486178
0.0434941
0.0393458
0.0360538
0.0334406
0.0312713
0.0293001
0.0273503
0.0253429
0.0232249
0.0208468
0.0245375
0.000536567
0.115355
0.115127
0.114894
0.11467
0.114441
0.114205
0.113956
0.113694
0.113416
0.11312
0.112804
0.112466
0.112104
0.111714
0.111294
0.110842
0.110353
0.109825
0.109254
0.108635
0.107964
0.107236
0.106444
0.105583
0.104644
0.099192
0.0862452
0.0753201
0.066255
0.0588557
0.0528724
0.0479789
0.0437847
0.0399123
0.0361165
0.0323298
0.0286325
0.0249216
0.00955219
0.000551612
0.115373
0.115159
0.114933
0.11471
0.114483
0.114247
0.114
0.11374
0.113464
0.113171
0.112858
0.112523
0.112164
0.111778
0.111363
0.110915
0.110432
0.109911
0.109346
0.108735
0.108072
0.107352
0.106571
0.10572
0.104793
0.0960599
0.0835531
0.0729625
0.0641451
0.0569224
0.0510591
0.0462456
0.0421118
0.038305
0.0346061
0.0309672
0.0274454
0.0234631
0.00587134
0.000541895
0.115399
0.115192
0.114975
0.114756
0.11453
0.114295
0.114049
0.113789
0.113515
0.113223
0.112912
0.112579
0.112222
0.111839
0.111427
0.110983
0.110503
0.109985
0.109425
0.108817
0.108159
0.107444
0.106667
0.105822
0.1049
0.103893
0.102791
0.101579
0.100241
0.0967623
0.0853271
0.0760838
0.0683346
0.0614649
0.0551128
0.0492005
0.0438066
0.0361328
0.00500032
0.000539652
0.115441
0.115242
0.115038
0.114825
0.114601
0.114366
0.114121
0.113863
0.11359
0.1133
0.112991
0.11266
0.112306
0.111926
0.111517
0.111076
0.1106
0.110086
0.10953
0.108927
0.108274
0.107564
0.106792
0.105952
0.105036
0.104035
0.102938
0.101731
0.100397
0.098913
0.0876609
0.0786208
0.0711185
0.0645346
0.058495
0.0529057
0.0478335
0.039298
0.00453879
0.000536953
0.11549
0.115301
0.115112
0.114907
0.114686
0.114453
0.114209
0.113952
0.11368
0.113392
0.113085
0.112756
0.112405
0.112028
0.111622
0.111185
0.110713
0.110203
0.109651
0.109053
0.108405
0.1077
0.106934
0.1061
0.105189
0.104193
0.103101
0.1019
0.10057
0.0990892
0.0904096
0.0815848
0.0743404
0.0680477
0.0623191
0.0570472
0.0523037
0.042745
0.00430072
0.000534362
0.115543
0.115365
0.115191
0.114996
0.11478
0.114549
0.114306
0.11405
0.113779
0.113493
0.113188
0.112862
0.112513
0.112139
0.111737
0.111303
0.110835
0.110329
0.109782
0.109189
0.108545
0.107846
0.107085
0.106256
0.105351
0.10436
0.103273
0.102076
0.100751
0.0992723
0.0934988
0.0848978
0.077919
0.0719223
0.066507
0.0615558
0.0571542
0.0463906
0.00417295
0.000531902
0.115598
0.11543
0.115272
0.115089
0.114878
0.11465
0.114408
0.114154
0.113885
0.1136
0.113297
0.112973
0.112627
0.112256
0.111856
0.111426
0.110962
0.11046
0.109917
0.109329
0.10869
0.107995
0.10724
0.106416
0.105516
0.10453
0.103448
0.102255
0.100933
0.0994575
0.0968624
0.0884908
0.0817832
0.0760869
0.0709868
0.0663592
0.0623083
0.0501477
0.00410482
0.000529566
0.115653
0.115495
0.115353
0.115182
0.114979
0.114754
0.114514
0.11426
0.113993
0.11371
0.113409
0.113087
0.112744
0.112375
0.111979
0.111552
0.111091
0.110593
0.110054
0.10947
0.108836
0.108147
0.107396
0.106577
0.105681
0.104701
0.103623
0.102434
0.101115
0.099642
0.0979774
0.0923014
0.0858685
0.0804747
0.0756904
0.0713859
0.0676877
0.0539373
0.00407071
0.000527346
0.115709
0.115559
0.115433
0.115275
0.115079
0.114859
0.114621
0.114369
0.114103
0.113821
0.113522
0.113203
0.112861
0.112495
0.112102
0.111678
0.111221
0.110727
0.110192
0.109612
0.108982
0.108297
0.107551
0.106737
0.105846
0.10487
0.103796
0.102611
0.101296
0.0998244
0.0981609
0.0962503
0.0901156
0.085024
0.0805532
0.0765672
0.0732174
0.0576929
0.00405662
0.000525234
0.115764
0.115623
0.115511
0.115366
0.115179
0.114964
0.114728
0.114478
0.114213
0.113933
0.113635
0.113318
0.112979
0.112616
0.112225
0.111805
0.111351
0.11086
0.110329
0.109753
0.109127
0.108447
0.107705
0.106895
0.106009
0.105037
0.103967
0.102785
0.101473
0.100004
0.0983419
0.0964316
0.0941872
0.0896785
0.0855161
0.0818404
0.0788289
0.0613623
0.00405454
0.000523227
0.11582
0.115685
0.115586
0.115454
0.115278
0.115067
0.114835
0.114586
0.114323
0.114044
0.113748
0.113433
0.113096
0.112735
0.112347
0.11193
0.111479
0.110992
0.110464
0.109892
0.10927
0.108594
0.107856
0.10705
0.106168
0.1052
0.104135
0.102956
0.101647
0.100181
0.0985201
0.0966109
0.0943663
0.0916749
0.0884637
0.0847138
0.0803088
0.0649078
0.00405975
0.000521321
0.115876
0.115746
0.115659
0.11554
0.115373
0.11517
0.114941
0.114694
0.114432
0.114155
0.11386
0.113547
0.113212
0.112853
0.112468
0.112053
0.111605
0.111121
0.110597
0.110029
0.109411
0.108738
0.108005
0.107203
0.106325
0.105361
0.104299
0.103124
0.101818
0.100354
0.0986958
0.0967882
0.0945444
0.0918518
0.0886334
0.084867
0.0804244
0.0683047
0.00406937
0.000519512
0.115931
0.115806
0.115729
0.115623
0.115467
0.11527
0.115045
0.114801
0.11454
0.114264
0.113971
0.113659
0.113326
0.11297
0.112587
0.112175
0.11173
0.111249
0.110728
0.110163
0.109549
0.10888
0.10815
0.107353
0.106479
0.105519
0.10446
0.103289
0.101986
0.100525
0.0988691
0.0969637
0.0947215
0.092029
0.0888055
0.0850256
0.0805482
0.0715397
0.00408167
0.000517796
0.115987
0.115865
0.115797
0.115703
0.115557
0.115368
0.115148
0.114906
0.114647
0.114372
0.11408
0.11377
0.113439
0.113085
0.112704
0.112295
0.111853
0.111375
0.110857
0.110295
0.109685
0.10902
0.108293
0.107499
0.106629
0.105673
0.104618
0.103451
0.102151
0.100693
0.09904
0.0971374
0.0948976
0.0922063
0.0889794
0.0851885
0.080678
0.0716492
0.00409554
0.000516166
0.116042
0.115924
0.115863
0.11578
0.115645
0.115463
0.115248
0.115009
0.114752
0.114479
0.114188
0.11388
0.113551
0.113198
0.11282
0.112413
0.111973
0.111498
0.110984
0.110425
0.109818
0.109156
0.108434
0.107643
0.106777
0.105824
0.104774
0.103609
0.102313
0.100859
0.0992088
0.0973095
0.0950727
0.0923835
0.0891546
0.0853547
0.0808121
0.0712687
0.00411032
0.000514618
0.116097
0.115981
0.115927
0.115854
0.115729
0.115556
0.115346
0.115111
0.114856
0.114584
0.114295
0.113988
0.11366
0.113309
0.112933
0.112528
0.112092
0.111619
0.111108
0.110552
0.109948
0.10929
0.108571
0.107785
0.106922
0.105973
0.104926
0.103765
0.102473
0.101022
0.0993756
0.09748
0.0952468
0.0925605
0.0893305
0.0855232
0.0809489
0.0708769
0.00412559
0.000513146
0.116152
0.116038
0.115989
0.115925
0.11581
0.115646
0.115442
0.11521
0.114957
0.114687
0.114399
0.114094
0.113768
0.113419
0.113045
0.112642
0.112208
0.111738
0.111229
0.110677
0.110076
0.109421
0.108706
0.107923
0.107064
0.106119
0.105076
0.103919
0.10263
0.101183
0.0995405
0.0976489
0.0954198
0.0927368
0.0895068
0.0856932
0.0810871
0.0704736
0.00414106
0.000511743
0.116207
0.116094
0.11605
0.115994
0.115889
0.115733
0.115536
0.115308
0.115057
0.114789
0.114502
0.114198
0.113874
0.113527
0.113154
0.112754
0.112322
0.111855
0.111349
0.1108
0.110202
0.10955
0.108838
0.108059
0.107204
0.106262
0.105223
0.10407
0.102785
0.101342
0.0997035
0.0978163
0.0955916
0.0929125
0.0896829
0.0858641
0.0812258
0.0700588
0.00415658
0.000510405
0.116261
0.11615
0.116109
0.11606
0.115964
0.115817
0.115627
0.115403
0.115155
0.114888
0.114604
0.114301
0.113978
0.113632
0.113262
0.112864
0.112434
0.11197
0.111466
0.11092
0.110325
0.109677
0.108968
0.108193
0.107341
0.106403
0.105368
0.104219
0.102938
0.101499
0.0998648
0.0979822
0.0957621
0.0930872
0.0898586
0.0860354
0.0813639
0.0696325
0.00417204
0.000509127
0.116316
0.116205
0.116167
0.116124
0.116037
0.115899
0.115715
0.115496
0.115252
0.114987
0.114703
0.114401
0.11408
0.113736
0.113368
0.112972
0.112544
0.112082
0.111582
0.111038
0.110446
0.109801
0.109096
0.108324
0.107476
0.106542
0.10551
0.104365
0.103088
0.101654
0.100024
0.0981464
0.0959313
0.0932608
0.0900337
0.0862065
0.0815009
0.0691952
0.00418738
0.000507904
0.11637
0.116259
0.116224
0.116186
0.116107
0.115978
0.115801
0.115587
0.115346
0.115083
0.114801
0.114501
0.114181
0.113838
0.113472
0.113078
0.112652
0.112193
0.111695
0.111154
0.110565
0.109923
0.109222
0.108453
0.107608
0.106678
0.105651
0.10451
0.103237
0.101807
0.100182
0.0983091
0.096099
0.0934331
0.0902077
0.0863771
0.0816361
0.0687471
0.00420256
0.000506732
0.116425
0.116314
0.116279
0.116246
0.116175
0.116054
0.115884
0.115676
0.115438
0.115177
0.114897
0.114598
0.114279
0.113939
0.113574
0.113182
0.112759
0.112301
0.111806
0.111268
0.110682
0.110044
0.109345
0.10858
0.107739
0.106813
0.105789
0.104652
0.103384
0.101959
0.100338
0.0984702
0.0962652
0.093604
0.0903805
0.0865468
0.0817691
0.0682887
0.00421759
0.000505609
0.116479
0.116368
0.116334
0.116304
0.11624
0.116127
0.115965
0.115762
0.115528
0.11527
0.114992
0.114694
0.114377
0.114038
0.113674
0.113284
0.112863
0.112408
0.111915
0.11138
0.110797
0.110162
0.109466
0.108704
0.107867
0.106945
0.105925
0.104793
0.103529
0.102108
0.100492
0.0986295
0.0964298
0.0937733
0.0905519
0.0867154
0.0818994
0.0678203
0.00423245
0.000504532
0.116533
0.116422
0.116388
0.116361
0.116303
0.116198
0.116043
0.115846
0.115617
0.115361
0.115084
0.114788
0.114472
0.114135
0.113773
0.113385
0.112966
0.112513
0.112023
0.11149
0.11091
0.110278
0.109586
0.108827
0.107994
0.107075
0.10606
0.104931
0.103672
0.102256
0.100645
0.0987872
0.0965926
0.0939409
0.0907217
0.0868826
0.0820266
0.0673423
0.00424719
0.0005035
0.116587
0.116475
0.116441
0.116417
0.116364
0.116266
0.116119
0.115928
0.115703
0.11545
0.115175
0.114881
0.114566
0.11423
0.11387
0.113483
0.113067
0.112616
0.112128
0.111598
0.111021
0.110392
0.109703
0.108948
0.108118
0.107204
0.106192
0.105068
0.103813
0.102401
0.100795
0.0989429
0.0967536
0.0941066
0.0908896
0.087048
0.0821504
0.0668546
0.00426183
0.000502511
0.116641
0.116528
0.116494
0.116471
0.116423
0.116332
0.116192
0.116008
0.115787
0.115538
0.115265
0.114972
0.114659
0.114324
0.113965
0.113581
0.113166
0.112718
0.112232
0.111704
0.11113
0.110504
0.109819
0.109067
0.108241
0.10733
0.106322
0.105203
0.103952
0.102545
0.100944
0.0990967
0.0969126
0.0942702
0.0910553
0.0872114
0.0822703
0.0663572
0.00427645
0.000501566
0.116694
0.116581
0.116546
0.116524
0.11648
0.116396
0.116263
0.116085
0.115869
0.115623
0.115353
0.115061
0.11475
0.114416
0.114059
0.113676
0.113264
0.112817
0.112334
0.111809
0.111238
0.110615
0.109932
0.109184
0.108361
0.107455
0.106451
0.105335
0.104089
0.102687
0.10109
0.0992484
0.0970693
0.0944314
0.0912185
0.0873723
0.0823857
0.0658495
0.00429115
0.000500666
0.116748
0.116634
0.116597
0.116576
0.116536
0.116457
0.116332
0.11616
0.115949
0.115707
0.115439
0.115149
0.114839
0.114507
0.114152
0.11377
0.11336
0.112916
0.112435
0.111912
0.111344
0.110723
0.110044
0.1093
0.10848
0.107577
0.106577
0.105466
0.104224
0.102827
0.101235
0.0993978
0.0972236
0.0945899
0.091379
0.0875304
0.0824961
0.0653307
0.00430608
0.000499813
0.116801
0.116687
0.116648
0.116627
0.11659
0.116517
0.116398
0.116233
0.116028
0.115789
0.115524
0.115236
0.114927
0.114597
0.114243
0.113863
0.113454
0.113012
0.112534
0.112014
0.111448
0.110831
0.110155
0.109413
0.108597
0.107698
0.106702
0.105595
0.104357
0.102964
0.101377
0.0995448
0.0973752
0.0947455
0.0915361
0.087685
0.0826007
0.0647991
0.00432146
0.000499014
0.116854
0.116739
0.116699
0.116677
0.116642
0.116575
0.116463
0.116304
0.116104
0.115869
0.115607
0.115321
0.115014
0.114685
0.114332
0.113954
0.113547
0.113107
0.112631
0.112114
0.111551
0.110936
0.110263
0.109525
0.108712
0.107817
0.106825
0.105721
0.104488
0.103099
0.101517
0.099689
0.0975237
0.0948976
0.0916894
0.0878355
0.0826984
0.0642521
0.00433767
0.000498275
0.116907
0.116791
0.116749
0.116726
0.116694
0.116631
0.116525
0.116373
0.116178
0.115948
0.115688
0.115405
0.115099
0.114771
0.114421
0.114044
0.113639
0.113201
0.112727
0.112212
0.111652
0.11104
0.11037
0.109635
0.108826
0.107934
0.106945
0.105846
0.104616
0.103232
0.101654
0.0998302
0.0976688
0.0950456
0.0918381
0.0879808
0.0827877
0.0636856
0.00435535
0.000497609
0.116959
0.116843
0.116799
0.116775
0.116744
0.116685
0.116585
0.11644
0.116251
0.116025
0.115768
0.115487
0.115183
0.114857
0.114508
0.114133
0.113729
0.113293
0.112822
0.112309
0.111751
0.111142
0.110475
0.109743
0.108937
0.108049
0.107064
0.105968
0.104742
0.103362
0.101788
0.0999681
0.0978099
0.0951889
0.0919811
0.0881198
0.0828668
0.0630934
0.00437559
0.000497033
0.117012
0.116895
0.116849
0.116823
0.116793
0.116738
0.116644
0.116505
0.116321
0.1161
0.115847
0.115568
0.115266
0.114941
0.114593
0.11422
0.113818
0.113384
0.112915
0.112404
0.111849
0.111243
0.110579
0.10985
0.109047
0.108162
0.10718
0.106088
0.104866
0.103489
0.101918
0.100102
0.0979464
0.0953265
0.0921173
0.0882508
0.0829327
0.0624658
0.00440051
0.000496576
0.117064
0.116947
0.116899
0.116871
0.116841
0.11679
0.116701
0.116568
0.11639
0.116174
0.115924
0.115647
0.115347
0.115024
0.114678
0.114306
0.113906
0.113474
0.113007
0.112499
0.111946
0.111342
0.110681
0.109955
0.109155
0.108273
0.107295
0.106205
0.104987
0.103613
0.102045
0.100232
0.0980777
0.0954574
0.0922451
0.0883715
0.0829816
0.0617856
0.00443415
0.000496279
0.117116
0.116998
0.116948
0.116919
0.116889
0.11684
0.116757
0.116629
0.116458
0.116246
0.116
0.115726
0.115427
0.115106
0.114761
0.114391
0.113993
0.113563
0.113097
0.112591
0.112041
0.11144
0.110781
0.110058
0.109261
0.108382
0.107407
0.106321
0.105105
0.103734
0.102169
0.100357
0.098203
0.0955804
0.0923624
0.0884789
0.0829588
0.0601554
0.00448015
0.000496215
0.117168
0.117049
0.116997
0.116966
0.116936
0.11689
0.116811
0.116689
0.116523
0.116316
0.116074
0.115803
0.115507
0.115187
0.114843
0.114475
0.114078
0.11365
0.113187
0.112683
0.112135
0.111536
0.11088
0.110159
0.109366
0.108489
0.107517
0.106433
0.10522
0.103852
0.102288
0.100477
0.0983213
0.0956939
0.0924671
0.0885545
0.0826604
0.0570482
0.00455664
0.000496479
0.11722
0.1171
0.117046
0.117013
0.116982
0.116938
0.116863
0.116747
0.116587
0.116385
0.116147
0.115879
0.115585
0.115267
0.114925
0.114558
0.114163
0.113736
0.113275
0.112773
0.112227
0.111631
0.110978
0.11026
0.109468
0.108595
0.107625
0.106544
0.105332
0.103965
0.102402
0.100591
0.0984318
0.0957965
0.0925555
0.0832213
0.0722797
0.0520914
0.00471659
0.000497135
0.117271
0.117151
0.117095
0.117059
0.117028
0.116985
0.116914
0.116803
0.116648
0.11645
0.116216
0.11595
0.115657
0.115341
0.115
0.114634
0.11424
0.113814
0.113354
0.112853
0.112308
0.111713
0.11106
0.110342
0.109552
0.108678
0.107709
0.106628
0.105417
0.104049
0.102485
0.10067
0.098505
0.0940728
0.0822976
0.0688736
0.0541315
0.0361116
0.00513895
0.00049793
0.117322
0.117209
0.117155
0.117124
0.117101
0.11707
0.117016
0.116927
0.116797
0.116628
0.116423
0.11619
0.115811
0.11446
0.0986185
0.0851339
0.0735922
0.0636693
0.0551106
0.0477138
0.0413148
0.0357805
0.0310016
0.0268886
0.0233673
0.0203765
0.0178647
0.0157882
0.0141071
0.0127809
0.0117615
0.0109858
0.0103746
0.00984409
0.00933083
0.00880269
0.00824673
0.00761769
0.00292031
0.000478502
)
;
    }
}


// ************************************************************************* //
