/*--------------------------------*- C++ -*----------------------------------*\
  =========                 |
  \\      /  F ield         | OpenFOAM: The Open Source CFD Toolbox
   \\    /   O peration     | Website:  https://openfoam.org
    \\  /    A nd           | Version:  12
     \\/     M anipulation  |
\*---------------------------------------------------------------------------*/
/*   Windows 32 and 64 bit porting by blueCAPE: http://www.bluecape.com.pt   *\
|  Based on Windows porting (2.0.x v4) by Symscape: http://www.symscape.com   |
\*---------------------------------------------------------------------------*/
FoamFile
{
    format      ascii;
    class       volScalarField;
    location    "500";
    object      p;
}
// * * * * * * * * * * * * * * * * * * * * * * * * * * * * * * * * * * * * * //

dimensions      [0 2 -2 0 0 0 0];

internalField   nonuniform List<scalar> 
64000
(
-489.282
-1469.14
-2448.59
-3423.75
-4392.92
-5354.43
-6306.63
-7247.89
-8176.64
-9091.31
-9990.42
-10872.5
-11736.2
-12580
-13402.8
-14203.3
-14980.3
-15732.6
-16459.2
-17159.2
-17831.4
-18475.1
-19089.5
-19673.6
-20226.9
-20748.6
-21238.1
-21694.9
-22118.5
-22508.2
-22863.9
-23185
-23471.2
-23722.2
-23937.9
-24117.9
-24262
-24370.2
-24442.4
-24478.5
-489.285
-1469.15
-2448.59
-3423.75
-4392.92
-5354.43
-6306.63
-7247.89
-8176.64
-9091.32
-9990.42
-10872.5
-11736.2
-12580
-13402.8
-14203.3
-14980.3
-15732.6
-16459.2
-17159.2
-17831.4
-18475.2
-19089.5
-19673.6
-20226.9
-20748.6
-21238.1
-21694.9
-22118.5
-22508.2
-22863.9
-23185
-23471.2
-23722.2
-23937.9
-24117.9
-24262
-24370.2
-24442.4
-24478.5
-489.286
-1469.15
-2448.59
-3423.75
-4392.92
-5354.43
-6306.63
-7247.9
-8176.64
-9091.32
-9990.43
-10872.5
-11736.2
-12580
-13402.8
-14203.3
-14980.3
-15732.6
-16459.3
-17159.2
-17831.4
-18475.2
-19089.5
-19673.6
-20226.9
-20748.6
-21238.1
-21694.9
-22118.5
-22508.2
-22863.9
-23185
-23471.2
-23722.2
-23937.9
-24117.9
-24262
-24370.2
-24442.4
-24478.5
-489.287
-1469.15
-2448.6
-3423.75
-4392.92
-5354.44
-6306.63
-7247.9
-8176.64
-9091.32
-9990.43
-10872.5
-11736.2
-12580
-13402.8
-14203.3
-14980.3
-15732.6
-16459.3
-17159.2
-17831.4
-18475.2
-19089.5
-19673.6
-20226.9
-20748.6
-21238.2
-21694.9
-22118.5
-22508.2
-22863.9
-23185
-23471.2
-23722.2
-23937.9
-24117.9
-24262
-24370.2
-24442.4
-24478.5
-489.287
-1469.15
-2448.6
-3423.75
-4392.93
-5354.44
-6306.63
-7247.9
-8176.64
-9091.32
-9990.43
-10872.5
-11736.2
-12580.1
-13402.8
-14203.3
-14980.3
-15732.6
-16459.3
-17159.2
-17831.4
-18475.2
-19089.5
-19673.6
-20226.9
-20748.6
-21238.2
-21694.9
-22118.5
-22508.2
-22863.9
-23185
-23471.2
-23722.3
-23937.9
-24117.9
-24262
-24370.3
-24442.4
-24478.5
-489.287
-1469.15
-2448.6
-3423.75
-4392.93
-5354.44
-6306.64
-7247.9
-8176.64
-9091.32
-9990.43
-10872.5
-11736.2
-12580.1
-13402.8
-14203.3
-14980.3
-15732.6
-16459.3
-17159.2
-17831.4
-18475.2
-19089.5
-19673.6
-20226.9
-20748.6
-21238.2
-21694.9
-22118.5
-22508.3
-22863.9
-23185
-23471.2
-23722.3
-23937.9
-24117.9
-24262
-24370.3
-24442.4
-24478.5
-489.287
-1469.15
-2448.6
-3423.76
-4392.93
-5354.44
-6306.64
-7247.9
-8176.65
-9091.32
-9990.44
-10872.5
-11736.2
-12580.1
-13402.9
-14203.3
-14980.3
-15732.6
-16459.3
-17159.2
-17831.5
-18475.2
-19089.5
-19673.7
-20226.9
-20748.6
-21238.2
-21694.9
-22118.5
-22508.3
-22863.9
-23185
-23471.2
-23722.3
-23937.9
-24117.9
-24262.1
-24370.3
-24442.4
-24478.5
-489.288
-1469.15
-2448.6
-3423.76
-4392.93
-5354.44
-6306.64
-7247.9
-8176.65
-9091.33
-9990.44
-10872.5
-11736.2
-12580.1
-13402.9
-14203.3
-14980.3
-15732.6
-16459.3
-17159.2
-17831.5
-18475.2
-19089.5
-19673.7
-20226.9
-20748.6
-21238.2
-21695
-22118.5
-22508.3
-22863.9
-23185
-23471.2
-23722.3
-23937.9
-24117.9
-24262.1
-24370.3
-24442.4
-24478.5
-489.288
-1469.15
-2448.6
-3423.76
-4392.93
-5354.44
-6306.64
-7247.91
-8176.65
-9091.33
-9990.44
-10872.5
-11736.2
-12580.1
-13402.9
-14203.3
-14980.3
-15732.6
-16459.3
-17159.2
-17831.5
-18475.2
-19089.5
-19673.7
-20226.9
-20748.6
-21238.2
-21695
-22118.5
-22508.3
-22863.9
-23185
-23471.2
-23722.3
-23937.9
-24117.9
-24262.1
-24370.3
-24442.4
-24478.5
-489.288
-1469.15
-2448.6
-3423.76
-4392.93
-5354.45
-6306.65
-7247.91
-8176.66
-9091.34
-9990.45
-10872.5
-11736.2
-12580.1
-13402.9
-14203.3
-14980.3
-15732.6
-16459.3
-17159.2
-17831.5
-18475.2
-19089.5
-19673.7
-20226.9
-20748.7
-21238.2
-21695
-22118.5
-22508.3
-22863.9
-23185
-23471.2
-23722.3
-23937.9
-24117.9
-24262.1
-24370.3
-24442.4
-24478.5
-489.288
-1469.15
-2448.6
-3423.76
-4392.94
-5354.45
-6306.65
-7247.91
-8176.66
-9091.34
-9990.45
-10872.5
-11736.2
-12580.1
-13402.9
-14203.4
-14980.3
-15732.7
-16459.3
-17159.2
-17831.5
-18475.2
-19089.5
-19673.7
-20227
-20748.7
-21238.2
-21695
-22118.5
-22508.3
-22863.9
-23185
-23471.2
-23722.3
-23937.9
-24117.9
-24262.1
-24370.3
-24442.4
-24478.5
-489.289
-1469.16
-2448.6
-3423.76
-4392.94
-5354.45
-6306.65
-7247.92
-8176.66
-9091.35
-9990.46
-10872.5
-11736.2
-12580.1
-13402.9
-14203.4
-14980.3
-15732.7
-16459.3
-17159.2
-17831.5
-18475.2
-19089.5
-19673.7
-20227
-20748.7
-21238.2
-21695
-22118.5
-22508.3
-22863.9
-23185
-23471.3
-23722.3
-23937.9
-24117.9
-24262.1
-24370.3
-24442.5
-24478.5
-489.289
-1469.16
-2448.61
-3423.77
-4392.94
-5354.46
-6306.66
-7247.92
-8176.67
-9091.35
-9990.46
-10872.6
-11736.2
-12580.1
-13402.9
-14203.4
-14980.3
-15732.7
-16459.3
-17159.2
-17831.5
-18475.2
-19089.5
-19673.7
-20227
-20748.7
-21238.2
-21695
-22118.5
-22508.3
-22863.9
-23185
-23471.3
-23722.3
-23937.9
-24117.9
-24262.1
-24370.3
-24442.5
-24478.6
-489.289
-1469.16
-2448.61
-3423.77
-4392.94
-5354.46
-6306.66
-7247.93
-8176.67
-9091.36
-9990.47
-10872.6
-11736.2
-12580.1
-13402.9
-14203.4
-14980.3
-15732.7
-16459.3
-17159.2
-17831.5
-18475.2
-19089.6
-19673.7
-20227
-20748.7
-21238.2
-21695
-22118.5
-22508.3
-22864
-23185.1
-23471.3
-23722.3
-23938
-24117.9
-24262.1
-24370.3
-24442.5
-24478.6
-489.29
-1469.16
-2448.61
-3423.77
-4392.95
-5354.46
-6306.66
-7247.93
-8176.68
-9091.36
-9990.47
-10872.6
-11736.2
-12580.1
-13402.9
-14203.4
-14980.4
-15732.7
-16459.3
-17159.3
-17831.5
-18475.2
-19089.6
-19673.7
-20227
-20748.7
-21238.2
-21695
-22118.5
-22508.3
-22864
-23185.1
-23471.3
-23722.3
-23938
-24118
-24262.1
-24370.3
-24442.5
-24478.6
-489.29
-1469.16
-2448.61
-3423.77
-4392.95
-5354.46
-6306.67
-7247.93
-8176.68
-9091.37
-9990.48
-10872.6
-11736.2
-12580.1
-13402.9
-14203.4
-14980.4
-15732.7
-16459.3
-17159.3
-17831.5
-18475.2
-19089.6
-19673.7
-20227
-20748.7
-21238.3
-21695
-22118.6
-22508.3
-22864
-23185.1
-23471.3
-23722.4
-23938
-24118
-24262.1
-24370.4
-24442.5
-24478.6
-489.29
-1469.16
-2448.61
-3423.77
-4392.95
-5354.47
-6306.67
-7247.94
-8176.69
-9091.37
-9990.49
-10872.6
-11736.2
-12580.1
-13402.9
-14203.4
-14980.4
-15732.7
-16459.3
-17159.3
-17831.5
-18475.3
-19089.6
-19673.7
-20227
-20748.7
-21238.3
-21695
-22118.6
-22508.4
-22864
-23185.1
-23471.3
-23722.4
-23938
-24118
-24262.2
-24370.4
-24442.5
-24478.6
-489.29
-1469.16
-2448.61
-3423.78
-4392.95
-5354.47
-6306.67
-7247.94
-8176.69
-9091.38
-9990.49
-10872.6
-11736.2
-12580.1
-13402.9
-14203.4
-14980.4
-15732.7
-16459.4
-17159.3
-17831.6
-18475.3
-19089.6
-19673.8
-20227
-20748.7
-21238.3
-21695.1
-22118.6
-22508.4
-22864
-23185.1
-23471.3
-23722.4
-23938
-24118
-24262.2
-24370.4
-24442.5
-24478.6
-489.291
-1469.16
-2448.61
-3423.78
-4392.96
-5354.47
-6306.68
-7247.95
-8176.7
-9091.38
-9990.5
-10872.6
-11736.3
-12580.1
-13402.9
-14203.4
-14980.4
-15732.7
-16459.4
-17159.3
-17831.6
-18475.3
-19089.6
-19673.8
-20227
-20748.8
-21238.3
-21695.1
-22118.6
-22508.4
-22864
-23185.1
-23471.3
-23722.4
-23938
-24118
-24262.2
-24370.4
-24442.5
-24478.6
-489.291
-1469.16
-2448.62
-3423.78
-4392.96
-5354.48
-6306.68
-7247.95
-8176.7
-9091.39
-9990.5
-10872.6
-11736.3
-12580.1
-13402.9
-14203.4
-14980.4
-15732.7
-16459.4
-17159.3
-17831.6
-18475.3
-19089.6
-19673.8
-20227.1
-20748.8
-21238.3
-21695.1
-22118.6
-22508.4
-22864
-23185.1
-23471.3
-23722.4
-23938
-24118
-24262.2
-24370.4
-24442.6
-24478.7
-489.291
-1469.16
-2448.62
-3423.78
-4392.96
-5354.48
-6306.68
-7247.95
-8176.71
-9091.39
-9990.51
-10872.6
-11736.3
-12580.1
-13402.9
-14203.4
-14980.4
-15732.7
-16459.4
-17159.3
-17831.6
-18475.3
-19089.6
-19673.8
-20227.1
-20748.8
-21238.3
-21695.1
-22118.6
-22508.4
-22864
-23185.1
-23471.4
-23722.4
-23938
-24118
-24262.2
-24370.4
-24442.6
-24478.7
-489.291
-1469.16
-2448.62
-3423.78
-4392.96
-5354.48
-6306.69
-7247.96
-8176.71
-9091.39
-9990.51
-10872.6
-11736.3
-12580.2
-13403
-14203.4
-14980.4
-15732.7
-16459.4
-17159.3
-17831.6
-18475.3
-19089.6
-19673.8
-20227.1
-20748.8
-21238.3
-21695.1
-22118.6
-22508.4
-22864.1
-23185.1
-23471.4
-23722.4
-23938.1
-24118
-24262.2
-24370.4
-24442.6
-24478.7
-489.291
-1469.16
-2448.62
-3423.78
-4392.96
-5354.48
-6306.69
-7247.96
-8176.71
-9091.4
-9990.52
-10872.6
-11736.3
-12580.2
-13403
-14203.4
-14980.4
-15732.8
-16459.4
-17159.3
-17831.6
-18475.3
-19089.6
-19673.8
-20227.1
-20748.8
-21238.3
-21695.1
-22118.6
-22508.4
-22864.1
-23185.2
-23471.4
-23722.4
-23938.1
-24118.1
-24262.2
-24370.4
-24442.6
-24478.7
-489.292
-1469.16
-2448.62
-3423.78
-4392.97
-5354.49
-6306.69
-7247.96
-8176.72
-9091.4
-9990.52
-10872.6
-11736.3
-12580.2
-13403
-14203.4
-14980.4
-15732.8
-16459.4
-17159.3
-17831.6
-18475.3
-19089.7
-19673.8
-20227.1
-20748.8
-21238.3
-21695.1
-22118.6
-22508.4
-22864.1
-23185.2
-23471.4
-23722.4
-23938.1
-24118.1
-24262.2
-24370.5
-24442.6
-24478.7
-489.292
-1469.17
-2448.62
-3423.79
-4392.97
-5354.49
-6306.69
-7247.97
-8176.72
-9091.4
-9990.52
-10872.6
-11736.3
-12580.2
-13403
-14203.5
-14980.4
-15732.8
-16459.4
-17159.3
-17831.6
-18475.3
-19089.7
-19673.8
-20227.1
-20748.8
-21238.3
-21695.1
-22118.7
-22508.4
-22864.1
-23185.2
-23471.4
-23722.5
-23938.1
-24118.1
-24262.3
-24370.5
-24442.6
-24478.7
-489.292
-1469.17
-2448.62
-3423.79
-4392.97
-5354.49
-6306.7
-7247.97
-8176.72
-9091.41
-9990.53
-10872.6
-11736.3
-12580.2
-13403
-14203.5
-14980.4
-15732.8
-16459.4
-17159.3
-17831.6
-18475.3
-19089.7
-19673.8
-20227.1
-20748.8
-21238.4
-21695.1
-22118.7
-22508.5
-22864.1
-23185.2
-23471.4
-23722.5
-23938.1
-24118.1
-24262.3
-24370.5
-24442.6
-24478.7
-489.292
-1469.17
-2448.62
-3423.79
-4392.97
-5354.49
-6306.7
-7247.97
-8176.72
-9091.41
-9990.53
-10872.6
-11736.3
-12580.2
-13403
-14203.5
-14980.4
-15732.8
-16459.4
-17159.4
-17831.6
-18475.3
-19089.7
-19673.8
-20227.1
-20748.8
-21238.4
-21695.2
-22118.7
-22508.5
-22864.1
-23185.2
-23471.4
-23722.5
-23938.1
-24118.1
-24262.3
-24370.5
-24442.6
-24478.7
-489.292
-1469.17
-2448.62
-3423.79
-4392.97
-5354.49
-6306.7
-7247.97
-8176.72
-9091.41
-9990.53
-10872.6
-11736.3
-12580.2
-13403
-14203.5
-14980.4
-15732.8
-16459.4
-17159.4
-17831.6
-18475.3
-19089.7
-19673.8
-20227.1
-20748.8
-21238.4
-21695.2
-22118.7
-22508.5
-22864.1
-23185.2
-23471.4
-23722.5
-23938.1
-24118.1
-24262.3
-24370.5
-24442.6
-24478.7
-489.292
-1469.17
-2448.62
-3423.79
-4392.97
-5354.49
-6306.7
-7247.97
-8176.73
-9091.41
-9990.53
-10872.6
-11736.3
-12580.2
-13403
-14203.5
-14980.4
-15732.8
-16459.4
-17159.4
-17831.6
-18475.4
-19089.7
-19673.9
-20227.1
-20748.8
-21238.4
-21695.2
-22118.7
-22508.5
-22864.1
-23185.2
-23471.4
-23722.5
-23938.1
-24118.1
-24262.3
-24370.5
-24442.6
-24478.7
-489.292
-1469.17
-2448.62
-3423.79
-4392.97
-5354.49
-6306.7
-7247.97
-8176.73
-9091.41
-9990.53
-10872.6
-11736.3
-12580.2
-13403
-14203.5
-14980.4
-15732.8
-16459.4
-17159.4
-17831.6
-18475.4
-19089.7
-19673.9
-20227.1
-20748.8
-21238.4
-21695.2
-22118.7
-22508.5
-22864.1
-23185.2
-23471.4
-23722.5
-23938.1
-24118.1
-24262.3
-24370.5
-24442.6
-24478.7
-489.292
-1469.17
-2448.62
-3423.79
-4392.97
-5354.49
-6306.7
-7247.97
-8176.73
-9091.41
-9990.53
-10872.6
-11736.3
-12580.2
-13403
-14203.5
-14980.4
-15732.8
-16459.4
-17159.4
-17831.6
-18475.4
-19089.7
-19673.9
-20227.1
-20748.8
-21238.4
-21695.2
-22118.7
-22508.5
-22864.1
-23185.2
-23471.4
-23722.5
-23938.1
-24118.1
-24262.3
-24370.5
-24442.7
-24478.7
-489.292
-1469.17
-2448.62
-3423.79
-4392.97
-5354.49
-6306.7
-7247.97
-8176.73
-9091.42
-9990.54
-10872.6
-11736.3
-12580.2
-13403
-14203.5
-14980.5
-15732.8
-16459.4
-17159.4
-17831.6
-18475.4
-19089.7
-19673.9
-20227.1
-20748.9
-21238.4
-21695.2
-22118.7
-22508.5
-22864.1
-23185.2
-23471.4
-23722.5
-23938.1
-24118.1
-24262.3
-24370.5
-24442.7
-24478.7
-489.292
-1469.17
-2448.62
-3423.79
-4392.97
-5354.49
-6306.7
-7247.97
-8176.73
-9091.42
-9990.54
-10872.6
-11736.3
-12580.2
-13403
-14203.5
-14980.5
-15732.8
-16459.4
-17159.4
-17831.6
-18475.4
-19089.7
-19673.9
-20227.1
-20748.9
-21238.4
-21695.2
-22118.7
-22508.5
-22864.1
-23185.2
-23471.5
-23722.5
-23938.1
-24118.1
-24262.3
-24370.5
-24442.7
-24478.8
-489.292
-1469.17
-2448.62
-3423.79
-4392.97
-5354.49
-6306.7
-7247.97
-8176.73
-9091.42
-9990.54
-10872.6
-11736.3
-12580.2
-13403
-14203.5
-14980.5
-15732.8
-16459.4
-17159.4
-17831.6
-18475.4
-19089.7
-19673.9
-20227.1
-20748.9
-21238.4
-21695.2
-22118.7
-22508.5
-22864.1
-23185.2
-23471.5
-23722.5
-23938.1
-24118.1
-24262.3
-24370.5
-24442.7
-24478.8
-489.292
-1469.17
-2448.62
-3423.79
-4392.97
-5354.49
-6306.7
-7247.97
-8176.73
-9091.42
-9990.54
-10872.6
-11736.3
-12580.2
-13403
-14203.5
-14980.5
-15732.8
-16459.4
-17159.4
-17831.6
-18475.4
-19089.7
-19673.9
-20227.1
-20748.9
-21238.4
-21695.2
-22118.7
-22508.5
-22864.1
-23185.2
-23471.5
-23722.5
-23938.1
-24118.1
-24262.3
-24370.5
-24442.7
-24478.8
-489.292
-1469.17
-2448.62
-3423.79
-4392.97
-5354.49
-6306.7
-7247.97
-8176.73
-9091.42
-9990.54
-10872.6
-11736.3
-12580.2
-13403
-14203.5
-14980.5
-15732.8
-16459.4
-17159.4
-17831.6
-18475.4
-19089.7
-19673.9
-20227.1
-20748.9
-21238.4
-21695.2
-22118.7
-22508.5
-22864.1
-23185.2
-23471.5
-23722.5
-23938.1
-24118.1
-24262.3
-24370.5
-24442.7
-24478.8
-489.292
-1469.17
-2448.62
-3423.79
-4392.97
-5354.49
-6306.7
-7247.97
-8176.73
-9091.42
-9990.54
-10872.6
-11736.3
-12580.2
-13403
-14203.5
-14980.5
-15732.8
-16459.4
-17159.4
-17831.6
-18475.4
-19089.7
-19673.9
-20227.1
-20748.9
-21238.4
-21695.2
-22118.7
-22508.5
-22864.1
-23185.2
-23471.5
-23722.5
-23938.1
-24118.1
-24262.3
-24370.5
-24442.7
-24478.8
-489.291
-1469.16
-2448.62
-3423.79
-4392.97
-5354.49
-6306.7
-7247.97
-8176.73
-9091.42
-9990.54
-10872.6
-11736.3
-12580.2
-13403
-14203.5
-14980.5
-15732.8
-16459.4
-17159.4
-17831.6
-18475.4
-19089.7
-19673.9
-20227.1
-20748.9
-21238.4
-21695.2
-22118.7
-22508.5
-22864.1
-23185.2
-23471.5
-23722.5
-23938.1
-24118.1
-24262.3
-24370.5
-24442.7
-24478.8
-489.29
-1469.16
-2448.62
-3423.79
-4392.97
-5354.49
-6306.7
-7247.97
-8176.73
-9091.41
-9990.54
-10872.6
-11736.3
-12580.2
-13403
-14203.5
-14980.5
-15732.8
-16459.4
-17159.4
-17831.6
-18475.4
-19089.7
-19673.9
-20227.1
-20748.9
-21238.4
-21695.2
-22118.7
-22508.5
-22864.1
-23185.2
-23471.5
-23722.5
-23938.1
-24118.1
-24262.3
-24370.5
-24442.7
-24478.8
-489.287
-1469.16
-2448.62
-3423.79
-4392.97
-5354.49
-6306.7
-7247.97
-8176.73
-9091.41
-9990.54
-10872.6
-11736.3
-12580.2
-13403
-14203.5
-14980.5
-15732.8
-16459.4
-17159.4
-17831.6
-18475.4
-19089.7
-19673.9
-20227.1
-20748.9
-21238.4
-21695.2
-22118.7
-22508.5
-22864.1
-23185.2
-23471.5
-23722.5
-23938.1
-24118.1
-24262.3
-24370.5
-24442.7
-24478.8
-490.145
-1471.73
-2452.89
-3429.75
-4400.6
-5363.77
-6317.59
-7260.44
-8190.73
-9106.92
-10007.5
-10891
-11756
-12601.2
-13425.2
-14226.9
-15005
-15758.4
-16486
-17186.9
-17860
-18504.6
-19119.7
-19704.6
-20258.5
-20780.9
-21271
-21728.3
-22152.3
-22542.5
-22898.5
-23219.9
-23506.4
-23757.7
-23973.6
-24153.8
-24298.1
-24406.4
-24478.6
-24514.7
-490.148
-1471.73
-2452.89
-3429.75
-4400.6
-5363.77
-6317.59
-7260.44
-8190.73
-9106.92
-10007.5
-10891
-11756
-12601.2
-13425.2
-14226.9
-15005
-15758.4
-16486
-17186.9
-17860
-18504.6
-19119.7
-19704.6
-20258.5
-20780.9
-21271
-21728.3
-22152.3
-22542.5
-22898.5
-23219.9
-23506.4
-23757.7
-23973.6
-24153.8
-24298.1
-24406.4
-24478.6
-24514.7
-490.149
-1471.73
-2452.89
-3429.75
-4400.6
-5363.77
-6317.59
-7260.44
-8190.73
-9106.92
-10007.5
-10891
-11756
-12601.2
-13425.2
-14226.9
-15005
-15758.4
-16486
-17186.9
-17860.1
-18504.6
-19119.7
-19704.6
-20258.5
-20780.9
-21271
-21728.3
-22152.3
-22542.5
-22898.5
-23219.9
-23506.4
-23757.7
-23973.6
-24153.8
-24298.1
-24406.4
-24478.6
-24514.7
-490.149
-1471.73
-2452.89
-3429.75
-4400.6
-5363.77
-6317.59
-7260.44
-8190.74
-9106.92
-10007.5
-10891
-11756
-12601.2
-13425.2
-14226.9
-15005
-15758.4
-16486
-17186.9
-17860.1
-18504.6
-19119.7
-19704.6
-20258.5
-20780.9
-21271
-21728.3
-22152.3
-22542.5
-22898.5
-23219.9
-23506.4
-23757.7
-23973.6
-24153.8
-24298.1
-24406.4
-24478.6
-24514.7
-490.15
-1471.74
-2452.89
-3429.75
-4400.6
-5363.77
-6317.59
-7260.44
-8190.74
-9106.92
-10007.5
-10891
-11756
-12601.2
-13425.2
-14226.9
-15005
-15758.4
-16486
-17186.9
-17860.1
-18504.6
-19119.7
-19704.6
-20258.5
-20780.9
-21271
-21728.3
-22152.3
-22542.5
-22898.5
-23219.9
-23506.4
-23757.8
-23973.6
-24153.8
-24298.1
-24406.4
-24478.6
-24514.7
-490.15
-1471.74
-2452.89
-3429.75
-4400.6
-5363.77
-6317.59
-7260.45
-8190.74
-9106.92
-10007.5
-10891
-11756
-12601.2
-13425.2
-14226.9
-15005
-15758.4
-16486
-17186.9
-17860.1
-18504.6
-19119.7
-19704.6
-20258.5
-20780.9
-21271
-21728.3
-22152.3
-22542.5
-22898.5
-23219.9
-23506.4
-23757.8
-23973.6
-24153.8
-24298.1
-24406.4
-24478.6
-24514.7
-490.15
-1471.74
-2452.9
-3429.75
-4400.61
-5363.77
-6317.59
-7260.45
-8190.74
-9106.93
-10007.5
-10891
-11756
-12601.2
-13425.2
-14226.9
-15005
-15758.4
-16486
-17186.9
-17860.1
-18504.6
-19119.7
-19704.6
-20258.6
-20780.9
-21271
-21728.3
-22152.3
-22542.5
-22898.5
-23219.9
-23506.5
-23757.8
-23973.6
-24153.8
-24298.1
-24406.4
-24478.6
-24514.8
-490.15
-1471.74
-2452.9
-3429.75
-4400.61
-5363.77
-6317.6
-7260.45
-8190.74
-9106.93
-10007.5
-10891
-11756
-12601.2
-13425.2
-14226.9
-15005
-15758.4
-16486
-17186.9
-17860.1
-18504.6
-19119.7
-19704.6
-20258.6
-20780.9
-21271
-21728.3
-22152.3
-22542.5
-22898.5
-23219.9
-23506.5
-23757.8
-23973.6
-24153.8
-24298.1
-24406.4
-24478.6
-24514.8
-490.151
-1471.74
-2452.9
-3429.76
-4400.61
-5363.78
-6317.6
-7260.45
-8190.75
-9106.93
-10007.5
-10891
-11756
-12601.2
-13425.2
-14226.9
-15005
-15758.4
-16486
-17186.9
-17860.1
-18504.6
-19119.7
-19704.6
-20258.6
-20780.9
-21271
-21728.3
-22152.3
-22542.5
-22898.5
-23220
-23506.5
-23757.8
-23973.6
-24153.8
-24298.1
-24406.4
-24478.6
-24514.8
-490.151
-1471.74
-2452.9
-3429.76
-4400.61
-5363.78
-6317.6
-7260.46
-8190.75
-9106.94
-10007.5
-10891
-11756
-12601.2
-13425.2
-14226.9
-15005
-15758.4
-16486
-17186.9
-17860.1
-18504.6
-19119.7
-19704.6
-20258.6
-20780.9
-21271
-21728.3
-22152.3
-22542.5
-22898.5
-23220
-23506.5
-23757.8
-23973.6
-24153.8
-24298.1
-24406.4
-24478.7
-24514.8
-490.151
-1471.74
-2452.9
-3429.76
-4400.61
-5363.78
-6317.61
-7260.46
-8190.76
-9106.94
-10007.5
-10891
-11756
-12601.2
-13425.2
-14226.9
-15005
-15758.4
-16486.1
-17186.9
-17860.1
-18504.6
-19119.8
-19704.6
-20258.6
-20780.9
-21271
-21728.3
-22152.3
-22542.5
-22898.5
-23220
-23506.5
-23757.8
-23973.6
-24153.8
-24298.1
-24406.4
-24478.7
-24514.8
-490.151
-1471.74
-2452.9
-3429.76
-4400.62
-5363.79
-6317.61
-7260.46
-8190.76
-9106.95
-10007.5
-10891
-11756
-12601.2
-13425.3
-14226.9
-15005
-15758.4
-16486.1
-17186.9
-17860.1
-18504.7
-19119.8
-19704.7
-20258.6
-20780.9
-21271
-21728.3
-22152.3
-22542.5
-22898.5
-23220
-23506.5
-23757.8
-23973.7
-24153.8
-24298.1
-24406.5
-24478.7
-24514.8
-490.152
-1471.74
-2452.9
-3429.76
-4400.62
-5363.79
-6317.61
-7260.47
-8190.77
-9106.95
-10007.5
-10891
-11756
-12601.2
-13425.3
-14226.9
-15005
-15758.4
-16486.1
-17187
-17860.1
-18504.7
-19119.8
-19704.7
-20258.6
-20780.9
-21271
-21728.3
-22152.3
-22542.5
-22898.6
-23220
-23506.5
-23757.8
-23973.7
-24153.8
-24298.1
-24406.5
-24478.7
-24514.8
-490.152
-1471.74
-2452.9
-3429.77
-4400.62
-5363.79
-6317.62
-7260.47
-8190.77
-9106.96
-10007.5
-10891
-11756
-12601.2
-13425.3
-14226.9
-15005
-15758.4
-16486.1
-17187
-17860.1
-18504.7
-19119.8
-19704.7
-20258.6
-20780.9
-21271
-21728.3
-22152.3
-22542.6
-22898.6
-23220
-23506.5
-23757.8
-23973.7
-24153.8
-24298.2
-24406.5
-24478.7
-24514.8
-490.152
-1471.74
-2452.91
-3429.77
-4400.62
-5363.79
-6317.62
-7260.48
-8190.77
-9106.96
-10007.5
-10891
-11756.1
-12601.2
-13425.3
-14226.9
-15005
-15758.4
-16486.1
-17187
-17860.1
-18504.7
-19119.8
-19704.7
-20258.6
-20781
-21271.1
-21728.4
-22152.4
-22542.6
-22898.6
-23220
-23506.5
-23757.8
-23973.7
-24153.9
-24298.2
-24406.5
-24478.7
-24514.8
-490.153
-1471.74
-2452.91
-3429.77
-4400.63
-5363.8
-6317.62
-7260.48
-8190.78
-9106.97
-10007.5
-10891
-11756.1
-12601.2
-13425.3
-14226.9
-15005
-15758.5
-16486.1
-17187
-17860.1
-18504.7
-19119.8
-19704.7
-20258.6
-20781
-21271.1
-21728.4
-22152.4
-22542.6
-22898.6
-23220
-23506.5
-23757.9
-23973.7
-24153.9
-24298.2
-24406.5
-24478.7
-24514.9
-490.153
-1471.74
-2452.91
-3429.77
-4400.63
-5363.8
-6317.63
-7260.49
-8190.78
-9106.97
-10007.5
-10891
-11756.1
-12601.2
-13425.3
-14227
-15005.1
-15758.5
-16486.1
-17187
-17860.2
-18504.7
-19119.8
-19704.7
-20258.6
-20781
-21271.1
-21728.4
-22152.4
-22542.6
-22898.6
-23220
-23506.6
-23757.9
-23973.7
-24153.9
-24298.2
-24406.5
-24478.7
-24514.9
-490.153
-1471.75
-2452.91
-3429.77
-4400.63
-5363.8
-6317.63
-7260.49
-8190.79
-9106.98
-10007.6
-10891.1
-11756.1
-12601.3
-13425.3
-14227
-15005.1
-15758.5
-16486.1
-17187
-17860.2
-18504.7
-19119.8
-19704.7
-20258.7
-20781
-21271.1
-21728.4
-22152.4
-22542.6
-22898.6
-23220.1
-23506.6
-23757.9
-23973.7
-24153.9
-24298.2
-24406.5
-24478.8
-24514.9
-490.153
-1471.75
-2452.91
-3429.78
-4400.63
-5363.81
-6317.64
-7260.49
-8190.79
-9106.98
-10007.6
-10891.1
-11756.1
-12601.3
-13425.3
-14227
-15005.1
-15758.5
-16486.1
-17187
-17860.2
-18504.7
-19119.8
-19704.7
-20258.7
-20781
-21271.1
-21728.4
-22152.4
-22542.6
-22898.6
-23220.1
-23506.6
-23757.9
-23973.7
-24153.9
-24298.2
-24406.5
-24478.8
-24514.9
-490.154
-1471.75
-2452.91
-3429.78
-4400.64
-5363.81
-6317.64
-7260.5
-8190.8
-9106.99
-10007.6
-10891.1
-11756.1
-12601.3
-13425.3
-14227
-15005.1
-15758.5
-16486.1
-17187
-17860.2
-18504.7
-19119.8
-19704.7
-20258.7
-20781
-21271.1
-21728.4
-22152.4
-22542.6
-22898.6
-23220.1
-23506.6
-23757.9
-23973.8
-24153.9
-24298.2
-24406.6
-24478.8
-24514.9
-490.154
-1471.75
-2452.91
-3429.78
-4400.64
-5363.81
-6317.64
-7260.5
-8190.8
-9106.99
-10007.6
-10891.1
-11756.1
-12601.3
-13425.3
-14227
-15005.1
-15758.5
-16486.1
-17187
-17860.2
-18504.7
-19119.9
-19704.7
-20258.7
-20781
-21271.1
-21728.4
-22152.4
-22542.6
-22898.7
-23220.1
-23506.6
-23757.9
-23973.8
-24153.9
-24298.3
-24406.6
-24478.8
-24514.9
-490.154
-1471.75
-2452.91
-3429.78
-4400.64
-5363.81
-6317.64
-7260.5
-8190.8
-9107
-10007.6
-10891.1
-11756.1
-12601.3
-13425.3
-14227
-15005.1
-15758.5
-16486.2
-17187
-17860.2
-18504.8
-19119.9
-19704.8
-20258.7
-20781
-21271.1
-21728.4
-22152.4
-22542.6
-22898.7
-23220.1
-23506.6
-23757.9
-23973.8
-24153.9
-24298.3
-24406.6
-24478.8
-24514.9
-490.154
-1471.75
-2452.92
-3429.78
-4400.64
-5363.82
-6317.65
-7260.51
-8190.81
-9107
-10007.6
-10891.1
-11756.1
-12601.3
-13425.3
-14227
-15005.1
-15758.5
-16486.2
-17187
-17860.2
-18504.8
-19119.9
-19704.8
-20258.7
-20781
-21271.1
-21728.4
-22152.4
-22542.7
-22898.7
-23220.1
-23506.6
-23757.9
-23973.8
-24154
-24298.3
-24406.6
-24478.8
-24514.9
-490.154
-1471.75
-2452.92
-3429.78
-4400.64
-5363.82
-6317.65
-7260.51
-8190.81
-9107
-10007.6
-10891.1
-11756.1
-12601.3
-13425.3
-14227
-15005.1
-15758.5
-16486.2
-17187.1
-17860.2
-18504.8
-19119.9
-19704.8
-20258.7
-20781.1
-21271.2
-21728.5
-22152.5
-22542.7
-22898.7
-23220.1
-23506.6
-23757.9
-23973.8
-24154
-24298.3
-24406.6
-24478.8
-24514.9
-490.155
-1471.75
-2452.92
-3429.78
-4400.65
-5363.82
-6317.65
-7260.51
-8190.81
-9107.01
-10007.6
-10891.1
-11756.1
-12601.3
-13425.3
-14227
-15005.1
-15758.5
-16486.2
-17187.1
-17860.2
-18504.8
-19119.9
-19704.8
-20258.7
-20781.1
-21271.2
-21728.5
-22152.5
-22542.7
-22898.7
-23220.1
-23506.6
-23758
-23973.8
-24154
-24298.3
-24406.6
-24478.8
-24515
-490.155
-1471.75
-2452.92
-3429.78
-4400.65
-5363.82
-6317.65
-7260.51
-8190.82
-9107.01
-10007.6
-10891.1
-11756.1
-12601.3
-13425.3
-14227
-15005.1
-15758.5
-16486.2
-17187.1
-17860.2
-18504.8
-19119.9
-19704.8
-20258.7
-20781.1
-21271.2
-21728.5
-22152.5
-22542.7
-22898.7
-23220.1
-23506.7
-23758
-23973.8
-24154
-24298.3
-24406.6
-24478.8
-24515
-490.155
-1471.75
-2452.92
-3429.79
-4400.65
-5363.82
-6317.65
-7260.52
-8190.82
-9107.01
-10007.6
-10891.1
-11756.1
-12601.3
-13425.3
-14227
-15005.1
-15758.5
-16486.2
-17187.1
-17860.2
-18504.8
-19119.9
-19704.8
-20258.7
-20781.1
-21271.2
-21728.5
-22152.5
-22542.7
-22898.7
-23220.1
-23506.7
-23758
-23973.8
-24154
-24298.3
-24406.6
-24478.8
-24515
-490.155
-1471.75
-2452.92
-3429.79
-4400.65
-5363.82
-6317.66
-7260.52
-8190.82
-9107.01
-10007.6
-10891.1
-11756.1
-12601.3
-13425.4
-14227
-15005.1
-15758.5
-16486.2
-17187.1
-17860.2
-18504.8
-19119.9
-19704.8
-20258.7
-20781.1
-21271.2
-21728.5
-22152.5
-22542.7
-22898.7
-23220.2
-23506.7
-23758
-23973.8
-24154
-24298.3
-24406.6
-24478.9
-24515
-490.155
-1471.75
-2452.92
-3429.79
-4400.65
-5363.82
-6317.66
-7260.52
-8190.82
-9107.01
-10007.6
-10891.1
-11756.1
-12601.3
-13425.4
-14227
-15005.1
-15758.5
-16486.2
-17187.1
-17860.2
-18504.8
-19119.9
-19704.8
-20258.8
-20781.1
-21271.2
-21728.5
-22152.5
-22542.7
-22898.7
-23220.2
-23506.7
-23758
-23973.8
-24154
-24298.3
-24406.6
-24478.9
-24515
-490.155
-1471.75
-2452.92
-3429.79
-4400.65
-5363.83
-6317.66
-7260.52
-8190.82
-9107.02
-10007.6
-10891.1
-11756.1
-12601.3
-13425.4
-14227
-15005.1
-15758.5
-16486.2
-17187.1
-17860.2
-18504.8
-19119.9
-19704.8
-20258.8
-20781.1
-21271.2
-21728.5
-22152.5
-22542.7
-22898.7
-23220.2
-23506.7
-23758
-23973.8
-24154
-24298.3
-24406.6
-24478.9
-24515
-490.155
-1471.75
-2452.92
-3429.79
-4400.65
-5363.83
-6317.66
-7260.52
-8190.82
-9107.02
-10007.6
-10891.1
-11756.1
-12601.3
-13425.4
-14227
-15005.1
-15758.5
-16486.2
-17187.1
-17860.3
-18504.8
-19119.9
-19704.8
-20258.8
-20781.1
-21271.2
-21728.5
-22152.5
-22542.7
-22898.7
-23220.2
-23506.7
-23758
-23973.8
-24154
-24298.3
-24406.7
-24478.9
-24515
-490.155
-1471.75
-2452.92
-3429.79
-4400.65
-5363.83
-6317.66
-7260.52
-8190.82
-9107.02
-10007.6
-10891.1
-11756.1
-12601.3
-13425.4
-14227
-15005.1
-15758.5
-16486.2
-17187.1
-17860.3
-18504.8
-19119.9
-19704.8
-20258.8
-20781.1
-21271.2
-21728.5
-22152.5
-22542.7
-22898.7
-23220.2
-23506.7
-23758
-23973.9
-24154
-24298.3
-24406.7
-24478.9
-24515
-490.155
-1471.75
-2452.92
-3429.79
-4400.65
-5363.83
-6317.66
-7260.52
-8190.82
-9107.02
-10007.6
-10891.1
-11756.1
-12601.3
-13425.4
-14227
-15005.1
-15758.5
-16486.2
-17187.1
-17860.3
-18504.8
-19119.9
-19704.8
-20258.8
-20781.1
-21271.2
-21728.5
-22152.5
-22542.7
-22898.7
-23220.2
-23506.7
-23758
-23973.9
-24154
-24298.3
-24406.7
-24478.9
-24515
-490.155
-1471.75
-2452.92
-3429.79
-4400.65
-5363.83
-6317.66
-7260.52
-8190.82
-9107.02
-10007.6
-10891.1
-11756.1
-12601.3
-13425.4
-14227
-15005.1
-15758.6
-16486.2
-17187.1
-17860.3
-18504.8
-19119.9
-19704.8
-20258.8
-20781.1
-21271.2
-21728.5
-22152.5
-22542.7
-22898.7
-23220.2
-23506.7
-23758
-23973.9
-24154
-24298.3
-24406.7
-24478.9
-24515
-490.155
-1471.75
-2452.92
-3429.79
-4400.65
-5363.82
-6317.66
-7260.52
-8190.82
-9107.02
-10007.6
-10891.1
-11756.1
-12601.3
-13425.4
-14227
-15005.1
-15758.6
-16486.2
-17187.1
-17860.3
-18504.8
-19119.9
-19704.8
-20258.8
-20781.1
-21271.2
-21728.5
-22152.5
-22542.7
-22898.7
-23220.2
-23506.7
-23758
-23973.9
-24154
-24298.3
-24406.7
-24478.9
-24515
-490.155
-1471.75
-2452.92
-3429.79
-4400.65
-5363.82
-6317.66
-7260.52
-8190.82
-9107.02
-10007.6
-10891.1
-11756.1
-12601.3
-13425.4
-14227
-15005.1
-15758.6
-16486.2
-17187.1
-17860.3
-18504.8
-19119.9
-19704.8
-20258.8
-20781.1
-21271.2
-21728.5
-22152.5
-22542.7
-22898.8
-23220.2
-23506.7
-23758
-23973.9
-24154
-24298.3
-24406.7
-24478.9
-24515
-490.155
-1471.75
-2452.92
-3429.79
-4400.65
-5363.82
-6317.66
-7260.52
-8190.82
-9107.02
-10007.6
-10891.1
-11756.1
-12601.3
-13425.4
-14227
-15005.1
-15758.6
-16486.2
-17187.1
-17860.3
-18504.8
-19119.9
-19704.8
-20258.8
-20781.1
-21271.2
-21728.5
-22152.5
-22542.7
-22898.8
-23220.2
-23506.7
-23758
-23973.9
-24154
-24298.4
-24406.7
-24478.9
-24515
-490.154
-1471.75
-2452.92
-3429.78
-4400.65
-5363.82
-6317.66
-7260.52
-8190.82
-9107.02
-10007.6
-10891.1
-11756.1
-12601.3
-13425.4
-14227
-15005.1
-15758.6
-16486.2
-17187.1
-17860.3
-18504.8
-19119.9
-19704.8
-20258.8
-20781.1
-21271.2
-21728.5
-22152.5
-22542.7
-22898.8
-23220.2
-23506.7
-23758
-23973.9
-24154
-24298.4
-24406.7
-24478.9
-24515
-490.153
-1471.75
-2452.92
-3429.78
-4400.65
-5363.82
-6317.66
-7260.52
-8190.82
-9107.02
-10007.6
-10891.1
-11756.1
-12601.3
-13425.4
-14227
-15005.1
-15758.6
-16486.2
-17187.1
-17860.3
-18504.8
-19119.9
-19704.8
-20258.8
-20781.1
-21271.2
-21728.5
-22152.5
-22542.7
-22898.8
-23220.2
-23506.7
-23758
-23973.9
-24154
-24298.4
-24406.7
-24478.9
-24515
-490.15
-1471.74
-2452.91
-3429.78
-4400.65
-5363.82
-6317.66
-7260.52
-8190.82
-9107.02
-10007.6
-10891.1
-11756.1
-12601.3
-13425.4
-14227
-15005.1
-15758.6
-16486.2
-17187.1
-17860.3
-18504.8
-19119.9
-19704.8
-20258.8
-20781.1
-21271.2
-21728.5
-22152.5
-22542.7
-22898.8
-23220.2
-23506.7
-23758
-23973.9
-24154
-24298.4
-24406.7
-24478.9
-24515
-491.869
-1476.9
-2461.5
-3441.76
-4415.98
-5382.46
-6339.54
-7285.57
-8218.97
-9138.16
-10041.7
-10928
-11795.7
-12643.5
-13470
-14274
-15054.4
-15809.9
-16539.6
-17242.4
-17917.3
-18563.6
-19180.2
-19766.6
-20321.8
-20845.4
-21336.6
-21795
-22219.9
-22611
-22967.7
-23289.9
-23577
-23828.8
-24045.1
-24225.6
-24370.2
-24478.7
-24551.1
-24587.3
-491.872
-1476.9
-2461.5
-3441.76
-4415.98
-5382.46
-6339.54
-7285.57
-8218.97
-9138.17
-10041.7
-10928
-11795.7
-12643.5
-13470
-14274
-15054.4
-15809.9
-16539.6
-17242.4
-17917.3
-18563.6
-19180.2
-19766.6
-20321.8
-20845.4
-21336.6
-21795
-22219.9
-22611
-22967.7
-23289.9
-23577
-23828.8
-24045.1
-24225.6
-24370.2
-24478.7
-24551.1
-24587.3
-491.873
-1476.9
-2461.5
-3441.76
-4415.98
-5382.46
-6339.54
-7285.57
-8218.97
-9138.17
-10041.7
-10928
-11795.7
-12643.5
-13470
-14274
-15054.4
-15809.9
-16539.6
-17242.4
-17917.3
-18563.6
-19180.2
-19766.6
-20321.8
-20845.4
-21336.6
-21795
-22219.9
-22611
-22967.7
-23289.9
-23577
-23828.8
-24045.1
-24225.6
-24370.2
-24478.7
-24551.1
-24587.3
-491.873
-1476.91
-2461.5
-3441.76
-4415.98
-5382.46
-6339.54
-7285.57
-8218.97
-9138.17
-10041.7
-10928
-11795.7
-12643.5
-13470
-14274
-15054.4
-15809.9
-16539.6
-17242.4
-17917.3
-18563.6
-19180.2
-19766.6
-20321.8
-20845.4
-21336.6
-21795
-22219.9
-22611
-22967.8
-23289.9
-23577
-23828.8
-24045.1
-24225.6
-24370.2
-24478.7
-24551.1
-24587.3
-491.873
-1476.91
-2461.5
-3441.77
-4415.98
-5382.47
-6339.54
-7285.58
-8218.97
-9138.17
-10041.7
-10928
-11795.7
-12643.5
-13470
-14274
-15054.4
-15809.9
-16539.6
-17242.4
-17917.3
-18563.6
-19180.2
-19766.6
-20321.8
-20845.4
-21336.6
-21795
-22219.9
-22611
-22967.8
-23289.9
-23577
-23828.8
-24045.1
-24225.6
-24370.2
-24478.7
-24551.1
-24587.3
-491.874
-1476.91
-2461.5
-3441.77
-4415.99
-5382.47
-6339.54
-7285.58
-8218.97
-9138.17
-10041.7
-10928
-11795.7
-12643.5
-13470
-14274.1
-15054.4
-15809.9
-16539.6
-17242.4
-17917.3
-18563.6
-19180.2
-19766.6
-20321.8
-20845.4
-21336.6
-21795
-22219.9
-22611
-22967.8
-23289.9
-23577
-23828.8
-24045.1
-24225.6
-24370.2
-24478.7
-24551.1
-24587.3
-491.874
-1476.91
-2461.5
-3441.77
-4415.99
-5382.47
-6339.54
-7285.58
-8218.98
-9138.18
-10041.7
-10928
-11795.7
-12643.5
-13470
-14274.1
-15054.4
-15810
-16539.6
-17242.4
-17917.3
-18563.6
-19180.2
-19766.6
-20321.9
-20845.4
-21336.7
-21795
-22219.9
-22611
-22967.8
-23289.9
-23577
-23828.8
-24045.1
-24225.6
-24370.2
-24478.7
-24551.1
-24587.3
-491.874
-1476.91
-2461.5
-3441.77
-4415.99
-5382.47
-6339.55
-7285.58
-8218.98
-9138.18
-10041.7
-10928
-11795.7
-12643.5
-13470
-14274.1
-15054.4
-15810
-16539.6
-17242.4
-17917.4
-18563.6
-19180.2
-19766.6
-20321.9
-20845.4
-21336.7
-21795
-22219.9
-22611
-22967.8
-23289.9
-23577
-23828.8
-24045.1
-24225.6
-24370.2
-24478.7
-24551.1
-24587.3
-491.874
-1476.91
-2461.51
-3441.77
-4415.99
-5382.47
-6339.55
-7285.59
-8218.98
-9138.18
-10041.7
-10928
-11795.7
-12643.5
-13470
-14274.1
-15054.4
-15810
-16539.6
-17242.4
-17917.4
-18563.6
-19180.3
-19766.6
-20321.9
-20845.4
-21336.7
-21795
-22219.9
-22611
-22967.8
-23289.9
-23577
-23828.8
-24045.1
-24225.6
-24370.2
-24478.8
-24551.1
-24587.3
-491.875
-1476.91
-2461.51
-3441.77
-4415.99
-5382.48
-6339.55
-7285.59
-8218.99
-9138.19
-10041.7
-10928
-11795.7
-12643.5
-13470
-14274.1
-15054.4
-15810
-16539.6
-17242.4
-17917.4
-18563.6
-19180.3
-19766.6
-20321.9
-20845.4
-21336.7
-21795
-22220
-22611
-22967.8
-23289.9
-23577
-23828.8
-24045.1
-24225.6
-24370.2
-24478.8
-24551.1
-24587.3
-491.875
-1476.91
-2461.51
-3441.77
-4416
-5382.48
-6339.56
-7285.59
-8218.99
-9138.19
-10041.7
-10928
-11795.7
-12643.5
-13470
-14274.1
-15054.4
-15810
-16539.6
-17242.4
-17917.4
-18563.6
-19180.3
-19766.6
-20321.9
-20845.5
-21336.7
-21795
-22220
-22611
-22967.8
-23289.9
-23577
-23828.8
-24045.1
-24225.6
-24370.2
-24478.8
-24551.1
-24587.3
-491.875
-1476.91
-2461.51
-3441.78
-4416
-5382.48
-6339.56
-7285.6
-8219
-9138.2
-10041.7
-10928
-11795.7
-12643.5
-13470.1
-14274.1
-15054.4
-15810
-16539.7
-17242.4
-17917.4
-18563.6
-19180.3
-19766.6
-20321.9
-20845.5
-21336.7
-21795
-22220
-22611
-22967.8
-23289.9
-23577
-23828.9
-24045.1
-24225.7
-24370.3
-24478.8
-24551.1
-24587.3
-491.876
-1476.91
-2461.51
-3441.78
-4416
-5382.49
-6339.56
-7285.6
-8219
-9138.2
-10041.7
-10928
-11795.7
-12643.5
-13470.1
-14274.1
-15054.5
-15810
-16539.7
-17242.4
-17917.4
-18563.6
-19180.3
-19766.6
-20321.9
-20845.5
-21336.7
-21795.1
-22220
-22611.1
-22967.8
-23289.9
-23577
-23828.9
-24045.1
-24225.7
-24370.3
-24478.8
-24551.2
-24587.4
-491.876
-1476.91
-2461.51
-3441.78
-4416
-5382.49
-6339.57
-7285.61
-8219.01
-9138.21
-10041.7
-10928
-11795.7
-12643.5
-13470.1
-14274.1
-15054.5
-15810
-16539.7
-17242.5
-17917.4
-18563.6
-19180.3
-19766.6
-20321.9
-20845.5
-21336.7
-21795.1
-22220
-22611.1
-22967.8
-23289.9
-23577.1
-23828.9
-24045.2
-24225.7
-24370.3
-24478.8
-24551.2
-24587.4
-491.876
-1476.91
-2461.51
-3441.78
-4416.01
-5382.49
-6339.57
-7285.61
-8219.01
-9138.21
-10041.7
-10928
-11795.8
-12643.5
-13470.1
-14274.1
-15054.5
-15810
-16539.7
-17242.5
-17917.4
-18563.6
-19180.3
-19766.6
-20321.9
-20845.5
-21336.7
-21795.1
-22220
-22611.1
-22967.9
-23290
-23577.1
-23828.9
-24045.2
-24225.7
-24370.3
-24478.8
-24551.2
-24587.4
-491.876
-1476.92
-2461.52
-3441.79
-4416.01
-5382.5
-6339.58
-7285.62
-8219.02
-9138.22
-10041.7
-10928
-11795.8
-12643.5
-13470.1
-14274.1
-15054.5
-15810
-16539.7
-17242.5
-17917.4
-18563.7
-19180.3
-19766.7
-20321.9
-20845.5
-21336.7
-21795.1
-22220
-22611.1
-22967.9
-23290
-23577.1
-23828.9
-24045.2
-24225.7
-24370.3
-24478.8
-24551.2
-24587.4
-491.877
-1476.92
-2461.52
-3441.79
-4416.01
-5382.5
-6339.58
-7285.62
-8219.02
-9138.22
-10041.7
-10928
-11795.8
-12643.6
-13470.1
-14274.1
-15054.5
-15810
-16539.7
-17242.5
-17917.4
-18563.7
-19180.3
-19766.7
-20322
-20845.5
-21336.8
-21795.1
-22220
-22611.1
-22967.9
-23290
-23577.1
-23828.9
-24045.2
-24225.7
-24370.3
-24478.9
-24551.2
-24587.4
-491.877
-1476.92
-2461.52
-3441.79
-4416.01
-5382.5
-6339.58
-7285.62
-8219.03
-9138.23
-10041.7
-10928
-11795.8
-12643.6
-13470.1
-14274.1
-15054.5
-15810
-16539.7
-17242.5
-17917.4
-18563.7
-19180.3
-19766.7
-20322
-20845.5
-21336.8
-21795.1
-22220
-22611.1
-22967.9
-23290
-23577.1
-23828.9
-24045.2
-24225.7
-24370.3
-24478.9
-24551.2
-24587.4
-491.877
-1476.92
-2461.52
-3441.79
-4416.02
-5382.5
-6339.59
-7285.63
-8219.03
-9138.23
-10041.7
-10928
-11795.8
-12643.6
-13470.1
-14274.1
-15054.5
-15810.1
-16539.7
-17242.5
-17917.5
-18563.7
-19180.4
-19766.7
-20322
-20845.5
-21336.8
-21795.1
-22220.1
-22611.1
-22967.9
-23290
-23577.1
-23828.9
-24045.2
-24225.7
-24370.3
-24478.9
-24551.2
-24587.4
-491.877
-1476.92
-2461.52
-3441.79
-4416.02
-5382.51
-6339.59
-7285.63
-8219.03
-9138.24
-10041.7
-10928.1
-11795.8
-12643.6
-13470.1
-14274.2
-15054.5
-15810.1
-16539.7
-17242.5
-17917.5
-18563.7
-19180.4
-19766.7
-20322
-20845.6
-21336.8
-21795.1
-22220.1
-22611.1
-22967.9
-23290
-23577.1
-23829
-24045.2
-24225.8
-24370.4
-24478.9
-24551.2
-24587.4
-491.878
-1476.92
-2461.52
-3441.79
-4416.02
-5382.51
-6339.59
-7285.63
-8219.04
-9138.24
-10041.7
-10928.1
-11795.8
-12643.6
-13470.1
-14274.2
-15054.5
-15810.1
-16539.7
-17242.5
-17917.5
-18563.7
-19180.4
-19766.7
-20322
-20845.6
-21336.8
-21795.1
-22220.1
-22611.1
-22967.9
-23290
-23577.1
-23829
-24045.2
-24225.8
-24370.4
-24478.9
-24551.3
-24587.5
-491.878
-1476.92
-2461.52
-3441.8
-4416.02
-5382.51
-6339.59
-7285.64
-8219.04
-9138.25
-10041.7
-10928.1
-11795.8
-12643.6
-13470.1
-14274.2
-15054.5
-15810.1
-16539.7
-17242.5
-17917.5
-18563.7
-19180.4
-19766.7
-20322
-20845.6
-21336.8
-21795.2
-22220.1
-22611.2
-22967.9
-23290
-23577.2
-23829
-24045.3
-24225.8
-24370.4
-24478.9
-24551.3
-24587.5
-491.878
-1476.92
-2461.52
-3441.8
-4416.02
-5382.51
-6339.6
-7285.64
-8219.04
-9138.25
-10041.7
-10928.1
-11795.8
-12643.6
-13470.1
-14274.2
-15054.5
-15810.1
-16539.8
-17242.5
-17917.5
-18563.7
-19180.4
-19766.7
-20322
-20845.6
-21336.8
-21795.2
-22220.1
-22611.2
-22967.9
-23290.1
-23577.2
-23829
-24045.3
-24225.8
-24370.4
-24478.9
-24551.3
-24587.5
-491.878
-1476.92
-2461.52
-3441.8
-4416.03
-5382.52
-6339.6
-7285.64
-8219.05
-9138.25
-10041.8
-10928.1
-11795.8
-12643.6
-13470.1
-14274.2
-15054.5
-15810.1
-16539.8
-17242.5
-17917.5
-18563.7
-19180.4
-19766.7
-20322
-20845.6
-21336.8
-21795.2
-22220.1
-22611.2
-22968
-23290.1
-23577.2
-23829
-24045.3
-24225.8
-24370.4
-24478.9
-24551.3
-24587.5
-491.878
-1476.92
-2461.53
-3441.8
-4416.03
-5382.52
-6339.6
-7285.64
-8219.05
-9138.26
-10041.8
-10928.1
-11795.8
-12643.6
-13470.1
-14274.2
-15054.5
-15810.1
-16539.8
-17242.6
-17917.5
-18563.7
-19180.4
-19766.7
-20322
-20845.6
-21336.8
-21795.2
-22220.1
-22611.2
-22968
-23290.1
-23577.2
-23829
-24045.3
-24225.8
-24370.4
-24478.9
-24551.3
-24587.5
-491.878
-1476.92
-2461.53
-3441.8
-4416.03
-5382.52
-6339.6
-7285.65
-8219.05
-9138.26
-10041.8
-10928.1
-11795.8
-12643.6
-13470.1
-14274.2
-15054.5
-15810.1
-16539.8
-17242.6
-17917.5
-18563.7
-19180.4
-19766.8
-20322
-20845.6
-21336.8
-21795.2
-22220.1
-22611.2
-22968
-23290.1
-23577.2
-23829
-24045.3
-24225.8
-24370.4
-24479
-24551.3
-24587.5
-491.879
-1476.92
-2461.53
-3441.8
-4416.03
-5382.52
-6339.6
-7285.65
-8219.05
-9138.26
-10041.8
-10928.1
-11795.8
-12643.6
-13470.1
-14274.2
-15054.6
-15810.1
-16539.8
-17242.6
-17917.5
-18563.7
-19180.4
-19766.8
-20322
-20845.6
-21336.9
-21795.2
-22220.1
-22611.2
-22968
-23290.1
-23577.2
-23829
-24045.3
-24225.8
-24370.4
-24479
-24551.3
-24587.5
-491.879
-1476.92
-2461.53
-3441.8
-4416.03
-5382.52
-6339.61
-7285.65
-8219.05
-9138.26
-10041.8
-10928.1
-11795.8
-12643.6
-13470.1
-14274.2
-15054.6
-15810.1
-16539.8
-17242.6
-17917.5
-18563.8
-19180.4
-19766.8
-20322.1
-20845.6
-21336.9
-21795.2
-22220.1
-22611.2
-22968
-23290.1
-23577.2
-23829
-24045.3
-24225.8
-24370.4
-24479
-24551.3
-24587.5
-491.879
-1476.92
-2461.53
-3441.8
-4416.03
-5382.52
-6339.61
-7285.65
-8219.06
-9138.26
-10041.8
-10928.1
-11795.8
-12643.6
-13470.2
-14274.2
-15054.6
-15810.1
-16539.8
-17242.6
-17917.5
-18563.8
-19180.4
-19766.8
-20322.1
-20845.6
-21336.9
-21795.2
-22220.1
-22611.2
-22968
-23290.1
-23577.2
-23829
-24045.3
-24225.8
-24370.4
-24479
-24551.3
-24587.5
-491.879
-1476.92
-2461.53
-3441.8
-4416.03
-5382.52
-6339.61
-7285.65
-8219.06
-9138.27
-10041.8
-10928.1
-11795.8
-12643.6
-13470.2
-14274.2
-15054.6
-15810.1
-16539.8
-17242.6
-17917.5
-18563.8
-19180.4
-19766.8
-20322.1
-20845.6
-21336.9
-21795.2
-22220.2
-22611.2
-22968
-23290.1
-23577.2
-23829
-24045.3
-24225.8
-24370.4
-24479
-24551.3
-24587.5
-491.879
-1476.92
-2461.53
-3441.8
-4416.03
-5382.52
-6339.61
-7285.65
-8219.06
-9138.27
-10041.8
-10928.1
-11795.8
-12643.6
-13470.2
-14274.2
-15054.6
-15810.1
-16539.8
-17242.6
-17917.5
-18563.8
-19180.4
-19766.8
-20322.1
-20845.6
-21336.9
-21795.2
-22220.2
-22611.2
-22968
-23290.1
-23577.2
-23829
-24045.3
-24225.9
-24370.5
-24479
-24551.3
-24587.5
-491.879
-1476.92
-2461.53
-3441.8
-4416.03
-5382.52
-6339.61
-7285.65
-8219.06
-9138.27
-10041.8
-10928.1
-11795.8
-12643.6
-13470.2
-14274.2
-15054.6
-15810.1
-16539.8
-17242.6
-17917.5
-18563.8
-19180.4
-19766.8
-20322.1
-20845.6
-21336.9
-21795.2
-22220.2
-22611.2
-22968
-23290.1
-23577.2
-23829
-24045.3
-24225.9
-24370.5
-24479
-24551.3
-24587.5
-491.879
-1476.92
-2461.53
-3441.8
-4416.03
-5382.52
-6339.61
-7285.65
-8219.06
-9138.27
-10041.8
-10928.1
-11795.8
-12643.6
-13470.2
-14274.2
-15054.6
-15810.1
-16539.8
-17242.6
-17917.5
-18563.8
-19180.4
-19766.8
-20322.1
-20845.6
-21336.9
-21795.2
-22220.2
-22611.2
-22968
-23290.1
-23577.2
-23829.1
-24045.3
-24225.9
-24370.5
-24479
-24551.3
-24587.5
-491.879
-1476.92
-2461.53
-3441.8
-4416.03
-5382.52
-6339.61
-7285.65
-8219.06
-9138.27
-10041.8
-10928.1
-11795.8
-12643.6
-13470.2
-14274.2
-15054.6
-15810.1
-16539.8
-17242.6
-17917.5
-18563.8
-19180.4
-19766.8
-20322.1
-20845.6
-21336.9
-21795.2
-22220.2
-22611.2
-22968
-23290.1
-23577.2
-23829.1
-24045.3
-24225.9
-24370.5
-24479
-24551.3
-24587.5
-491.879
-1476.92
-2461.53
-3441.8
-4416.03
-5382.52
-6339.61
-7285.65
-8219.06
-9138.27
-10041.8
-10928.1
-11795.8
-12643.6
-13470.2
-14274.2
-15054.6
-15810.1
-16539.8
-17242.6
-17917.5
-18563.8
-19180.4
-19766.8
-20322.1
-20845.6
-21336.9
-21795.2
-22220.2
-22611.2
-22968
-23290.1
-23577.2
-23829.1
-24045.3
-24225.9
-24370.5
-24479
-24551.4
-24587.5
-491.879
-1476.92
-2461.53
-3441.8
-4416.03
-5382.52
-6339.61
-7285.65
-8219.06
-9138.27
-10041.8
-10928.1
-11795.8
-12643.6
-13470.2
-14274.2
-15054.6
-15810.1
-16539.8
-17242.6
-17917.5
-18563.8
-19180.4
-19766.8
-20322.1
-20845.6
-21336.9
-21795.2
-22220.2
-22611.2
-22968
-23290.1
-23577.2
-23829.1
-24045.3
-24225.9
-24370.5
-24479
-24551.4
-24587.6
-491.878
-1476.92
-2461.53
-3441.8
-4416.03
-5382.52
-6339.61
-7285.65
-8219.06
-9138.27
-10041.8
-10928.1
-11795.8
-12643.6
-13470.2
-14274.2
-15054.6
-15810.1
-16539.8
-17242.6
-17917.5
-18563.8
-19180.4
-19766.8
-20322.1
-20845.6
-21336.9
-21795.2
-22220.2
-22611.2
-22968
-23290.1
-23577.2
-23829.1
-24045.3
-24225.9
-24370.5
-24479
-24551.4
-24587.6
-491.878
-1476.92
-2461.53
-3441.8
-4416.03
-5382.52
-6339.61
-7285.65
-8219.06
-9138.27
-10041.8
-10928.1
-11795.8
-12643.6
-13470.2
-14274.2
-15054.6
-15810.1
-16539.8
-17242.6
-17917.5
-18563.8
-19180.4
-19766.8
-20322.1
-20845.6
-21336.9
-21795.2
-22220.2
-22611.2
-22968
-23290.1
-23577.2
-23829.1
-24045.3
-24225.9
-24370.5
-24479
-24551.4
-24587.6
-491.877
-1476.92
-2461.52
-3441.8
-4416.03
-5382.52
-6339.61
-7285.65
-8219.06
-9138.27
-10041.8
-10928.1
-11795.8
-12643.6
-13470.2
-14274.2
-15054.6
-15810.1
-16539.8
-17242.6
-17917.5
-18563.8
-19180.4
-19766.8
-20322.1
-20845.6
-21336.9
-21795.2
-22220.2
-22611.2
-22968
-23290.1
-23577.2
-23829.1
-24045.3
-24225.9
-24370.5
-24479
-24551.4
-24587.6
-491.874
-1476.91
-2461.52
-3441.8
-4416.03
-5382.52
-6339.61
-7285.65
-8219.06
-9138.27
-10041.8
-10928.1
-11795.8
-12643.6
-13470.2
-14274.2
-15054.6
-15810.1
-16539.8
-17242.6
-17917.5
-18563.8
-19180.4
-19766.8
-20322.1
-20845.6
-21336.9
-21795.2
-22220.2
-22611.2
-22968
-23290.1
-23577.2
-23829.1
-24045.3
-24225.9
-24370.5
-24479
-24551.4
-24587.6
-494.459
-1484.67
-2474.43
-3459.82
-4439.1
-5410.56
-6372.53
-7323.34
-8261.4
-9185.12
-10093
-10983.5
-11855.3
-12707
-13537.3
-14344.9
-15128.6
-15887.4
-16620.1
-17325.7
-18003.3
-18652.1
-19271.1
-19859.6
-20416.9
-20942.3
-21435.2
-21895.1
-22321.4
-22713.8
-23071.7
-23394.8
-23682.8
-23935.4
-24152.3
-24333.4
-24478.4
-24587.2
-24659.8
-24696.1
-494.462
-1484.68
-2474.44
-3459.82
-4439.1
-5410.56
-6372.53
-7323.34
-8261.4
-9185.12
-10093
-10983.5
-11855.3
-12707
-13537.3
-14344.9
-15128.6
-15887.4
-16620.1
-17325.7
-18003.3
-18652.1
-19271.1
-19859.6
-20416.9
-20942.3
-21435.2
-21895.1
-22321.4
-22713.8
-23071.7
-23394.8
-23682.8
-23935.4
-24152.3
-24333.4
-24478.4
-24587.2
-24659.8
-24696.1
-494.463
-1484.68
-2474.44
-3459.82
-4439.1
-5410.56
-6372.53
-7323.34
-8261.4
-9185.12
-10093
-10983.5
-11855.3
-12707
-13537.3
-14344.9
-15128.6
-15887.4
-16620.1
-17325.7
-18003.3
-18652.1
-19271.1
-19859.6
-20416.9
-20942.3
-21435.2
-21895.1
-22321.4
-22713.8
-23071.7
-23394.8
-23682.8
-23935.4
-24152.3
-24333.4
-24478.4
-24587.2
-24659.8
-24696.1
-494.463
-1484.68
-2474.44
-3459.82
-4439.1
-5410.57
-6372.53
-7323.34
-8261.4
-9185.13
-10093
-10983.5
-11855.3
-12707
-13537.3
-14344.9
-15128.6
-15887.4
-16620.1
-17325.7
-18003.3
-18652.1
-19271.1
-19859.6
-20416.9
-20942.3
-21435.2
-21895.1
-22321.4
-22713.8
-23071.7
-23394.8
-23682.8
-23935.4
-24152.3
-24333.4
-24478.4
-24587.2
-24659.8
-24696.1
-494.464
-1484.68
-2474.44
-3459.82
-4439.1
-5410.57
-6372.53
-7323.35
-8261.4
-9185.13
-10093
-10983.5
-11855.3
-12707
-13537.3
-14344.9
-15128.6
-15887.4
-16620.1
-17325.7
-18003.3
-18652.1
-19271.1
-19859.6
-20416.9
-20942.3
-21435.2
-21895.1
-22321.4
-22713.8
-23071.7
-23394.8
-23682.8
-23935.4
-24152.3
-24333.4
-24478.4
-24587.2
-24659.8
-24696.1
-494.464
-1484.68
-2474.44
-3459.83
-4439.11
-5410.57
-6372.53
-7323.35
-8261.4
-9185.13
-10093
-10983.6
-11855.4
-12707
-13537.3
-14344.9
-15128.6
-15887.4
-16620.1
-17325.7
-18003.3
-18652.1
-19271.1
-19859.6
-20416.9
-20942.3
-21435.2
-21895.1
-22321.4
-22713.8
-23071.7
-23394.8
-23682.8
-23935.4
-24152.3
-24333.4
-24478.4
-24587.2
-24659.8
-24696.1
-494.464
-1484.68
-2474.44
-3459.83
-4439.11
-5410.57
-6372.53
-7323.35
-8261.41
-9185.13
-10093
-10983.6
-11855.4
-12707
-13537.3
-14344.9
-15128.6
-15887.4
-16620.1
-17325.7
-18003.4
-18652.1
-19271.1
-19859.6
-20416.9
-20942.3
-21435.2
-21895.1
-22321.5
-22713.8
-23071.7
-23394.8
-23682.8
-23935.4
-24152.3
-24333.4
-24478.4
-24587.2
-24659.8
-24696.1
-494.464
-1484.68
-2474.44
-3459.83
-4439.11
-5410.57
-6372.54
-7323.35
-8261.41
-9185.14
-10093
-10983.6
-11855.4
-12707.1
-13537.3
-14344.9
-15128.7
-15887.4
-16620.1
-17325.7
-18003.4
-18652.1
-19271.1
-19859.6
-20416.9
-20942.3
-21435.2
-21895.1
-22321.5
-22713.8
-23071.7
-23394.8
-23682.8
-23935.4
-24152.3
-24333.4
-24478.4
-24587.2
-24659.8
-24696.1
-494.465
-1484.68
-2474.44
-3459.83
-4439.11
-5410.58
-6372.54
-7323.36
-8261.42
-9185.14
-10093
-10983.6
-11855.4
-12707.1
-13537.3
-14344.9
-15128.7
-15887.4
-16620.1
-17325.7
-18003.4
-18652.1
-19271.1
-19859.6
-20416.9
-20942.3
-21435.2
-21895.1
-22321.5
-22713.8
-23071.7
-23394.8
-23682.8
-23935.4
-24152.3
-24333.4
-24478.4
-24587.3
-24659.8
-24696.1
-494.465
-1484.68
-2474.45
-3459.83
-4439.11
-5410.58
-6372.54
-7323.36
-8261.42
-9185.15
-10093
-10983.6
-11855.4
-12707.1
-13537.3
-14344.9
-15128.7
-15887.4
-16620.1
-17325.8
-18003.4
-18652.1
-19271.1
-19859.6
-20416.9
-20942.3
-21435.3
-21895.1
-22321.5
-22713.8
-23071.7
-23394.8
-23682.8
-23935.4
-24152.3
-24333.4
-24478.4
-24587.3
-24659.8
-24696.1
-494.465
-1484.68
-2474.45
-3459.84
-4439.12
-5410.58
-6372.55
-7323.37
-8261.42
-9185.15
-10093
-10983.6
-11855.4
-12707.1
-13537.3
-14344.9
-15128.7
-15887.4
-16620.1
-17325.8
-18003.4
-18652.1
-19271.1
-19859.6
-20416.9
-20942.3
-21435.3
-21895.2
-22321.5
-22713.8
-23071.7
-23394.9
-23682.8
-23935.4
-24152.4
-24333.4
-24478.4
-24587.3
-24659.8
-24696.1
-494.465
-1484.68
-2474.45
-3459.84
-4439.12
-5410.58
-6372.55
-7323.37
-8261.43
-9185.16
-10093
-10983.6
-11855.4
-12707.1
-13537.3
-14344.9
-15128.7
-15887.4
-16620.1
-17325.8
-18003.4
-18652.1
-19271.1
-19859.6
-20416.9
-20942.3
-21435.3
-21895.2
-22321.5
-22713.8
-23071.8
-23394.9
-23682.9
-23935.4
-24152.4
-24333.4
-24478.5
-24587.3
-24659.9
-24696.2
-494.466
-1484.69
-2474.45
-3459.84
-4439.12
-5410.59
-6372.56
-7323.38
-8261.43
-9185.16
-10093
-10983.6
-11855.4
-12707.1
-13537.4
-14345
-15128.7
-15887.4
-16620.1
-17325.8
-18003.4
-18652.1
-19271.1
-19859.6
-20416.9
-20942.4
-21435.3
-21895.2
-22321.5
-22713.9
-23071.8
-23394.9
-23682.9
-23935.5
-24152.4
-24333.4
-24478.5
-24587.3
-24659.9
-24696.2
-494.466
-1484.69
-2474.45
-3459.84
-4439.12
-5410.59
-6372.56
-7323.38
-8261.44
-9185.17
-10093
-10983.6
-11855.4
-12707.1
-13537.4
-14345
-15128.7
-15887.5
-16620.2
-17325.8
-18003.4
-18652.1
-19271.1
-19859.7
-20416.9
-20942.4
-21435.3
-21895.2
-22321.5
-22713.9
-23071.8
-23394.9
-23682.9
-23935.5
-24152.4
-24333.5
-24478.5
-24587.3
-24659.9
-24696.2
-494.466
-1484.69
-2474.45
-3459.84
-4439.13
-5410.59
-6372.56
-7323.38
-8261.44
-9185.18
-10093.1
-10983.6
-11855.4
-12707.1
-13537.4
-14345
-15128.7
-15887.5
-16620.2
-17325.8
-18003.4
-18652.2
-19271.2
-19859.7
-20417
-20942.4
-21435.3
-21895.2
-22321.5
-22713.9
-23071.8
-23394.9
-23682.9
-23935.5
-24152.4
-24333.5
-24478.5
-24587.3
-24659.9
-24696.2
-494.467
-1484.69
-2474.45
-3459.85
-4439.13
-5410.6
-6372.57
-7323.39
-8261.45
-9185.18
-10093.1
-10983.6
-11855.4
-12707.1
-13537.4
-14345
-15128.7
-15887.5
-16620.2
-17325.8
-18003.4
-18652.2
-19271.2
-19859.7
-20417
-20942.4
-21435.3
-21895.2
-22321.6
-22713.9
-23071.8
-23394.9
-23682.9
-23935.5
-24152.4
-24333.5
-24478.5
-24587.3
-24659.9
-24696.2
-494.467
-1484.69
-2474.46
-3459.85
-4439.13
-5410.6
-6372.57
-7323.39
-8261.45
-9185.19
-10093.1
-10983.6
-11855.4
-12707.1
-13537.4
-14345
-15128.7
-15887.5
-16620.2
-17325.8
-18003.4
-18652.2
-19271.2
-19859.7
-20417
-20942.4
-21435.3
-21895.2
-22321.6
-22713.9
-23071.8
-23394.9
-23682.9
-23935.5
-24152.4
-24333.5
-24478.5
-24587.4
-24659.9
-24696.2
-494.467
-1484.69
-2474.46
-3459.85
-4439.14
-5410.6
-6372.57
-7323.4
-8261.46
-9185.19
-10093.1
-10983.6
-11855.4
-12707.1
-13537.4
-14345
-15128.7
-15887.5
-16620.2
-17325.8
-18003.5
-18652.2
-19271.2
-19859.7
-20417
-20942.4
-21435.3
-21895.2
-22321.6
-22713.9
-23071.8
-23394.9
-23682.9
-23935.5
-24152.4
-24333.5
-24478.5
-24587.4
-24659.9
-24696.2
-494.467
-1484.69
-2474.46
-3459.85
-4439.14
-5410.61
-6372.58
-7323.4
-8261.46
-9185.2
-10093.1
-10983.6
-11855.4
-12707.1
-13537.4
-14345
-15128.7
-15887.5
-16620.2
-17325.8
-18003.5
-18652.2
-19271.2
-19859.7
-20417
-20942.4
-21435.4
-21895.2
-22321.6
-22713.9
-23071.8
-23395
-23682.9
-23935.5
-24152.5
-24333.5
-24478.5
-24587.4
-24660
-24696.3
-494.468
-1484.69
-2474.46
-3459.85
-4439.14
-5410.61
-6372.58
-7323.4
-8261.47
-9185.2
-10093.1
-10983.6
-11855.4
-12707.1
-13537.4
-14345
-15128.8
-15887.5
-16620.2
-17325.8
-18003.5
-18652.2
-19271.2
-19859.7
-20417
-20942.4
-21435.4
-21895.3
-22321.6
-22713.9
-23071.8
-23395
-23683
-23935.5
-24152.5
-24333.5
-24478.6
-24587.4
-24660
-24696.3
-494.468
-1484.69
-2474.46
-3459.85
-4439.14
-5410.61
-6372.58
-7323.41
-8261.47
-9185.2
-10093.1
-10983.6
-11855.4
-12707.1
-13537.4
-14345
-15128.8
-15887.5
-16620.2
-17325.9
-18003.5
-18652.2
-19271.2
-19859.7
-20417
-20942.4
-21435.4
-21895.3
-22321.6
-22713.9
-23071.9
-23395
-23683
-23935.6
-24152.5
-24333.5
-24478.6
-24587.4
-24660
-24696.3
-494.468
-1484.69
-2474.46
-3459.86
-4439.14
-5410.61
-6372.59
-7323.41
-8261.47
-9185.21
-10093.1
-10983.6
-11855.4
-12707.1
-13537.4
-14345
-15128.8
-15887.5
-16620.2
-17325.9
-18003.5
-18652.2
-19271.2
-19859.7
-20417
-20942.5
-21435.4
-21895.3
-22321.6
-22714
-23071.9
-23395
-23683
-23935.6
-24152.5
-24333.6
-24478.6
-24587.4
-24660
-24696.3
-494.468
-1484.69
-2474.46
-3459.86
-4439.14
-5410.62
-6372.59
-7323.41
-8261.48
-9185.21
-10093.1
-10983.6
-11855.5
-12707.1
-13537.4
-14345
-15128.8
-15887.5
-16620.2
-17325.9
-18003.5
-18652.2
-19271.2
-19859.7
-20417
-20942.5
-21435.4
-21895.3
-22321.6
-22714
-23071.9
-23395
-23683
-23935.6
-24152.5
-24333.6
-24478.6
-24587.4
-24660
-24696.3
-494.468
-1484.69
-2474.46
-3459.86
-4439.15
-5410.62
-6372.59
-7323.41
-8261.48
-9185.21
-10093.1
-10983.7
-11855.5
-12707.2
-13537.4
-14345
-15128.8
-15887.5
-16620.2
-17325.9
-18003.5
-18652.2
-19271.2
-19859.8
-20417
-20942.5
-21435.4
-21895.3
-22321.6
-22714
-23071.9
-23395
-23683
-23935.6
-24152.5
-24333.6
-24478.6
-24587.4
-24660
-24696.3
-494.468
-1484.69
-2474.46
-3459.86
-4439.15
-5410.62
-6372.59
-7323.42
-8261.48
-9185.22
-10093.1
-10983.7
-11855.5
-12707.2
-13537.4
-14345
-15128.8
-15887.5
-16620.2
-17325.9
-18003.5
-18652.2
-19271.3
-19859.8
-20417.1
-20942.5
-21435.4
-21895.3
-22321.6
-22714
-23071.9
-23395
-23683
-23935.6
-24152.5
-24333.6
-24478.6
-24587.4
-24660
-24696.3
-494.469
-1484.69
-2474.46
-3459.86
-4439.15
-5410.62
-6372.59
-7323.42
-8261.48
-9185.22
-10093.1
-10983.7
-11855.5
-12707.2
-13537.4
-14345
-15128.8
-15887.5
-16620.2
-17325.9
-18003.5
-18652.2
-19271.3
-19859.8
-20417.1
-20942.5
-21435.4
-21895.3
-22321.7
-22714
-23071.9
-23395
-23683
-23935.6
-24152.5
-24333.6
-24478.6
-24587.5
-24660
-24696.3
-494.469
-1484.69
-2474.46
-3459.86
-4439.15
-5410.62
-6372.59
-7323.42
-8261.48
-9185.22
-10093.1
-10983.7
-11855.5
-12707.2
-13537.4
-14345
-15128.8
-15887.5
-16620.3
-17325.9
-18003.5
-18652.3
-19271.3
-19859.8
-20417.1
-20942.5
-21435.4
-21895.3
-22321.7
-22714
-23071.9
-23395
-23683
-23935.6
-24152.5
-24333.6
-24478.6
-24587.5
-24660
-24696.3
-494.469
-1484.69
-2474.47
-3459.86
-4439.15
-5410.62
-6372.6
-7323.42
-8261.49
-9185.22
-10093.1
-10983.7
-11855.5
-12707.2
-13537.4
-14345
-15128.8
-15887.6
-16620.3
-17325.9
-18003.5
-18652.3
-19271.3
-19859.8
-20417.1
-20942.5
-21435.4
-21895.3
-22321.7
-22714
-23071.9
-23395
-23683
-23935.6
-24152.5
-24333.6
-24478.6
-24587.5
-24660
-24696.3
-494.469
-1484.69
-2474.47
-3459.86
-4439.15
-5410.62
-6372.6
-7323.42
-8261.49
-9185.22
-10093.1
-10983.7
-11855.5
-12707.2
-13537.4
-14345
-15128.8
-15887.6
-16620.3
-17325.9
-18003.5
-18652.3
-19271.3
-19859.8
-20417.1
-20942.5
-21435.4
-21895.3
-22321.7
-22714
-23071.9
-23395
-23683
-23935.6
-24152.5
-24333.6
-24478.6
-24587.5
-24660
-24696.3
-494.469
-1484.69
-2474.47
-3459.86
-4439.15
-5410.62
-6372.6
-7323.42
-8261.49
-9185.22
-10093.1
-10983.7
-11855.5
-12707.2
-13537.4
-14345.1
-15128.8
-15887.6
-16620.3
-17325.9
-18003.5
-18652.3
-19271.3
-19859.8
-20417.1
-20942.5
-21435.4
-21895.3
-22321.7
-22714
-23071.9
-23395
-23683
-23935.6
-24152.6
-24333.6
-24478.6
-24587.5
-24660
-24696.3
-494.469
-1484.69
-2474.47
-3459.86
-4439.15
-5410.62
-6372.6
-7323.42
-8261.49
-9185.22
-10093.1
-10983.7
-11855.5
-12707.2
-13537.4
-14345.1
-15128.8
-15887.6
-16620.3
-17325.9
-18003.5
-18652.3
-19271.3
-19859.8
-20417.1
-20942.5
-21435.4
-21895.3
-22321.7
-22714
-23071.9
-23395
-23683
-23935.6
-24152.6
-24333.6
-24478.6
-24587.5
-24660.1
-24696.4
-494.469
-1484.69
-2474.47
-3459.86
-4439.15
-5410.62
-6372.6
-7323.42
-8261.49
-9185.23
-10093.1
-10983.7
-11855.5
-12707.2
-13537.4
-14345.1
-15128.8
-15887.6
-16620.3
-17325.9
-18003.5
-18652.3
-19271.3
-19859.8
-20417.1
-20942.5
-21435.4
-21895.3
-22321.7
-22714
-23071.9
-23395.1
-23683
-23935.6
-24152.6
-24333.6
-24478.6
-24587.5
-24660.1
-24696.4
-494.469
-1484.69
-2474.47
-3459.86
-4439.15
-5410.62
-6372.6
-7323.42
-8261.49
-9185.23
-10093.1
-10983.7
-11855.5
-12707.2
-13537.4
-14345.1
-15128.8
-15887.6
-16620.3
-17325.9
-18003.5
-18652.3
-19271.3
-19859.8
-20417.1
-20942.5
-21435.4
-21895.3
-22321.7
-22714
-23071.9
-23395.1
-23683.1
-23935.6
-24152.6
-24333.6
-24478.6
-24587.5
-24660.1
-24696.4
-494.469
-1484.69
-2474.47
-3459.86
-4439.15
-5410.62
-6372.6
-7323.42
-8261.49
-9185.23
-10093.1
-10983.7
-11855.5
-12707.2
-13537.4
-14345.1
-15128.8
-15887.6
-16620.3
-17325.9
-18003.5
-18652.3
-19271.3
-19859.8
-20417.1
-20942.5
-21435.4
-21895.3
-22321.7
-22714
-23071.9
-23395.1
-23683.1
-23935.6
-24152.6
-24333.6
-24478.7
-24587.5
-24660.1
-24696.4
-494.469
-1484.69
-2474.47
-3459.86
-4439.15
-5410.62
-6372.6
-7323.42
-8261.49
-9185.23
-10093.1
-10983.7
-11855.5
-12707.2
-13537.5
-14345.1
-15128.8
-15887.6
-16620.3
-17325.9
-18003.5
-18652.3
-19271.3
-19859.8
-20417.1
-20942.5
-21435.5
-21895.3
-22321.7
-22714
-23071.9
-23395.1
-23683.1
-23935.6
-24152.6
-24333.6
-24478.7
-24587.5
-24660.1
-24696.4
-494.469
-1484.69
-2474.47
-3459.86
-4439.15
-5410.62
-6372.6
-7323.42
-8261.49
-9185.23
-10093.1
-10983.7
-11855.5
-12707.2
-13537.5
-14345.1
-15128.8
-15887.6
-16620.3
-17325.9
-18003.5
-18652.3
-19271.3
-19859.8
-20417.1
-20942.5
-21435.5
-21895.3
-22321.7
-22714
-23071.9
-23395.1
-23683.1
-23935.6
-24152.6
-24333.6
-24478.7
-24587.5
-24660.1
-24696.4
-494.468
-1484.69
-2474.46
-3459.86
-4439.15
-5410.62
-6372.6
-7323.42
-8261.49
-9185.23
-10093.1
-10983.7
-11855.5
-12707.2
-13537.5
-14345.1
-15128.8
-15887.6
-16620.3
-17325.9
-18003.5
-18652.3
-19271.3
-19859.8
-20417.1
-20942.5
-21435.5
-21895.3
-22321.7
-22714
-23071.9
-23395.1
-23683.1
-23935.6
-24152.6
-24333.6
-24478.7
-24587.5
-24660.1
-24696.4
-494.468
-1484.69
-2474.46
-3459.86
-4439.15
-5410.62
-6372.6
-7323.42
-8261.49
-9185.23
-10093.1
-10983.7
-11855.5
-12707.2
-13537.5
-14345.1
-15128.8
-15887.6
-16620.3
-17325.9
-18003.5
-18652.3
-19271.3
-19859.8
-20417.1
-20942.5
-21435.5
-21895.4
-22321.7
-22714
-23071.9
-23395.1
-23683.1
-23935.6
-24152.6
-24333.6
-24478.7
-24587.5
-24660.1
-24696.4
-494.467
-1484.69
-2474.46
-3459.86
-4439.15
-5410.62
-6372.6
-7323.42
-8261.49
-9185.23
-10093.1
-10983.7
-11855.5
-12707.2
-13537.5
-14345.1
-15128.8
-15887.6
-16620.3
-17325.9
-18003.5
-18652.3
-19271.3
-19859.8
-20417.1
-20942.5
-21435.5
-21895.4
-22321.7
-22714
-23071.9
-23395.1
-23683.1
-23935.6
-24152.6
-24333.6
-24478.7
-24587.5
-24660.1
-24696.4
-494.464
-1484.69
-2474.46
-3459.86
-4439.15
-5410.62
-6372.6
-7323.42
-8261.49
-9185.23
-10093.1
-10983.7
-11855.5
-12707.2
-13537.5
-14345.1
-15128.8
-15887.6
-16620.3
-17325.9
-18003.5
-18652.3
-19271.3
-19859.8
-20417.1
-20942.5
-21435.5
-21895.4
-22321.7
-22714
-23071.9
-23395.1
-23683.1
-23935.7
-24152.6
-24333.6
-24478.7
-24587.5
-24660.1
-24696.4
-497.924
-1495.07
-2491.75
-3483.99
-4470.03
-5448.16
-6416.66
-7373.87
-8318.16
-9247.93
-10161.7
-11057.9
-11935.1
-12792
-13627.3
-14439.6
-15227.9
-15990.9
-16727.6
-17437
-18118.2
-18770.3
-19392.4
-19983.8
-20543.7
-21071.6
-21566.8
-22028.8
-22457
-22851
-23210.4
-23534.8
-23824
-24077.6
-24295.4
-24477.2
-24622.7
-24732
-24804.8
-24841.3
-497.927
-1495.07
-2491.75
-3483.99
-4470.04
-5448.16
-6416.66
-7373.87
-8318.16
-9247.93
-10161.7
-11057.9
-11935.1
-12792
-13627.3
-14439.6
-15227.9
-15990.9
-16727.6
-17437
-18118.2
-18770.3
-19392.4
-19983.8
-20543.7
-21071.6
-21566.8
-22028.8
-22457
-22851
-23210.4
-23534.9
-23824
-24077.6
-24295.4
-24477.2
-24622.7
-24732
-24804.8
-24841.3
-497.928
-1495.08
-2491.75
-3483.99
-4470.04
-5448.16
-6416.66
-7373.87
-8318.16
-9247.93
-10161.7
-11057.9
-11935.1
-12792
-13627.3
-14439.6
-15227.9
-15990.9
-16727.6
-17437
-18118.2
-18770.3
-19392.4
-19983.8
-20543.7
-21071.6
-21566.8
-22028.8
-22457
-22851
-23210.4
-23534.9
-23824
-24077.6
-24295.4
-24477.2
-24622.7
-24732
-24804.8
-24841.3
-497.929
-1495.08
-2491.75
-3483.99
-4470.04
-5448.16
-6416.67
-7373.87
-8318.16
-9247.94
-10161.7
-11057.9
-11935.1
-12792
-13627.3
-14439.6
-15227.9
-15990.9
-16727.6
-17437
-18118.2
-18770.3
-19392.4
-19983.8
-20543.7
-21071.6
-21566.8
-22028.8
-22457
-22851
-23210.4
-23534.9
-23824
-24077.6
-24295.4
-24477.2
-24622.7
-24732
-24804.8
-24841.3
-497.929
-1495.08
-2491.75
-3483.99
-4470.04
-5448.17
-6416.67
-7373.88
-8318.16
-9247.94
-10161.7
-11057.9
-11935.1
-12792
-13627.3
-14439.6
-15227.9
-15990.9
-16727.6
-17437.1
-18118.2
-18770.3
-19392.4
-19983.8
-20543.8
-21071.6
-21566.8
-22028.8
-22457
-22851
-23210.4
-23534.9
-23824
-24077.6
-24295.4
-24477.2
-24622.7
-24732
-24804.9
-24841.3
-497.929
-1495.08
-2491.75
-3483.99
-4470.04
-5448.17
-6416.67
-7373.88
-8318.16
-9247.94
-10161.7
-11057.9
-11935.1
-12792
-13627.3
-14439.6
-15227.9
-15990.9
-16727.6
-17437.1
-18118.2
-18770.3
-19392.4
-19983.8
-20543.8
-21071.6
-21566.8
-22028.8
-22457
-22851
-23210.4
-23534.9
-23824
-24077.6
-24295.4
-24477.2
-24622.8
-24732
-24804.9
-24841.3
-497.93
-1495.08
-2491.75
-3483.99
-4470.04
-5448.17
-6416.67
-7373.88
-8318.17
-9247.95
-10161.7
-11057.9
-11935.1
-12792
-13627.3
-14439.6
-15227.9
-15990.9
-16727.6
-17437.1
-18118.3
-18770.3
-19392.4
-19983.8
-20543.8
-21071.6
-21566.8
-22028.8
-22457
-22851
-23210.4
-23534.9
-23824
-24077.6
-24295.4
-24477.2
-24622.8
-24732
-24804.9
-24841.3
-497.93
-1495.08
-2491.76
-3484
-4470.04
-5448.17
-6416.68
-7373.89
-8318.17
-9247.95
-10161.7
-11057.9
-11935.1
-12792
-13627.3
-14439.6
-15227.9
-15990.9
-16727.6
-17437.1
-18118.3
-18770.3
-19392.4
-19983.8
-20543.8
-21071.7
-21566.8
-22028.8
-22457
-22851
-23210.4
-23534.9
-23824
-24077.6
-24295.4
-24477.2
-24622.8
-24732
-24804.9
-24841.3
-497.93
-1495.08
-2491.76
-3484
-4470.05
-5448.18
-6416.68
-7373.89
-8318.18
-9247.96
-10161.7
-11057.9
-11935.1
-12792
-13627.3
-14439.6
-15227.9
-15990.9
-16727.6
-17437.1
-18118.3
-18770.3
-19392.4
-19983.8
-20543.8
-21071.7
-21566.9
-22028.8
-22457
-22851
-23210.4
-23534.9
-23824.1
-24077.7
-24295.4
-24477.2
-24622.8
-24732
-24804.9
-24841.3
-497.931
-1495.08
-2491.76
-3484
-4470.05
-5448.18
-6416.68
-7373.89
-8318.18
-9247.96
-10161.7
-11057.9
-11935.1
-12792
-13627.3
-14439.6
-15227.9
-15990.9
-16727.7
-17437.1
-18118.3
-18770.3
-19392.4
-19983.8
-20543.8
-21071.7
-21566.9
-22028.8
-22457
-22851
-23210.5
-23534.9
-23824.1
-24077.7
-24295.5
-24477.2
-24622.8
-24732.1
-24804.9
-24841.3
-497.931
-1495.08
-2491.76
-3484
-4470.05
-5448.18
-6416.69
-7373.9
-8318.19
-9247.97
-10161.7
-11057.9
-11935.1
-12792
-13627.3
-14439.7
-15227.9
-15990.9
-16727.7
-17437.1
-18118.3
-18770.4
-19392.5
-19983.8
-20543.8
-21071.7
-21566.9
-22028.8
-22457
-22851.1
-23210.5
-23534.9
-23824.1
-24077.7
-24295.5
-24477.2
-24622.8
-24732.1
-24804.9
-24841.4
-497.931
-1495.08
-2491.76
-3484
-4470.06
-5448.19
-6416.69
-7373.9
-8318.19
-9247.97
-10161.7
-11057.9
-11935.2
-12792.1
-13627.3
-14439.7
-15227.9
-15990.9
-16727.7
-17437.1
-18118.3
-18770.4
-19392.5
-19983.9
-20543.8
-21071.7
-21566.9
-22028.8
-22457
-22851.1
-23210.5
-23534.9
-23824.1
-24077.7
-24295.5
-24477.2
-24622.8
-24732.1
-24804.9
-24841.4
-497.932
-1495.09
-2491.76
-3484.01
-4470.06
-5448.19
-6416.7
-7373.91
-8318.2
-9247.98
-10161.7
-11057.9
-11935.2
-12792.1
-13627.3
-14439.7
-15227.9
-15991
-16727.7
-17437.1
-18118.3
-18770.4
-19392.5
-19983.9
-20543.8
-21071.7
-21566.9
-22028.8
-22457.1
-22851.1
-23210.5
-23534.9
-23824.1
-24077.7
-24295.5
-24477.3
-24622.8
-24732.1
-24804.9
-24841.4
-497.932
-1495.09
-2491.77
-3484.01
-4470.06
-5448.19
-6416.7
-7373.91
-8318.2
-9247.98
-10161.7
-11057.9
-11935.2
-12792.1
-13627.3
-14439.7
-15227.9
-15991
-16727.7
-17437.1
-18118.3
-18770.4
-19392.5
-19983.9
-20543.8
-21071.7
-21566.9
-22028.9
-22457.1
-22851.1
-23210.5
-23535
-23824.1
-24077.7
-24295.5
-24477.3
-24622.9
-24732.1
-24805
-24841.4
-497.932
-1495.09
-2491.77
-3484.01
-4470.06
-5448.2
-6416.7
-7373.92
-8318.21
-9247.99
-10161.7
-11057.9
-11935.2
-12792.1
-13627.3
-14439.7
-15227.9
-15991
-16727.7
-17437.1
-18118.3
-18770.4
-19392.5
-19983.9
-20543.9
-21071.7
-21566.9
-22028.9
-22457.1
-22851.1
-23210.5
-23535
-23824.1
-24077.7
-24295.5
-24477.3
-24622.9
-24732.1
-24805
-24841.4
-497.933
-1495.09
-2491.77
-3484.01
-4470.07
-5448.2
-6416.71
-7373.92
-8318.21
-9248
-10161.7
-11057.9
-11935.2
-12792.1
-13627.3
-14439.7
-15227.9
-15991
-16727.7
-17437.2
-18118.3
-18770.4
-19392.5
-19983.9
-20543.9
-21071.7
-21566.9
-22028.9
-22457.1
-22851.1
-23210.5
-23535
-23824.2
-24077.7
-24295.5
-24477.3
-24622.9
-24732.1
-24805
-24841.4
-497.933
-1495.09
-2491.77
-3484.01
-4470.07
-5448.2
-6416.71
-7373.93
-8318.22
-9248
-10161.7
-11057.9
-11935.2
-12792.1
-13627.3
-14439.7
-15228
-15991
-16727.7
-17437.2
-18118.4
-18770.4
-19392.5
-19983.9
-20543.9
-21071.8
-21566.9
-22028.9
-22457.1
-22851.1
-23210.5
-23535
-23824.2
-24077.8
-24295.5
-24477.3
-24622.9
-24732.2
-24805
-24841.4
-497.933
-1495.09
-2491.77
-3484.02
-4470.07
-5448.21
-6416.71
-7373.93
-8318.22
-9248.01
-10161.7
-11057.9
-11935.2
-12792.1
-13627.4
-14439.7
-15228
-15991
-16727.7
-17437.2
-18118.4
-18770.4
-19392.5
-19983.9
-20543.9
-21071.8
-21567
-22028.9
-22457.1
-22851.1
-23210.6
-23535
-23824.2
-24077.8
-24295.6
-24477.3
-24622.9
-24732.2
-24805
-24841.4
-497.933
-1495.09
-2491.77
-3484.02
-4470.07
-5448.21
-6416.72
-7373.93
-8318.23
-9248.01
-10161.7
-11058
-11935.2
-12792.1
-13627.4
-14439.7
-15228
-15991
-16727.7
-17437.2
-18118.4
-18770.4
-19392.5
-19983.9
-20543.9
-21071.8
-21567
-22028.9
-22457.1
-22851.2
-23210.6
-23535
-23824.2
-24077.8
-24295.6
-24477.3
-24622.9
-24732.2
-24805
-24841.5
-497.933
-1495.09
-2491.77
-3484.02
-4470.08
-5448.21
-6416.72
-7373.94
-8318.23
-9248.01
-10161.8
-11058
-11935.2
-12792.1
-13627.4
-14439.7
-15228
-15991
-16727.7
-17437.2
-18118.4
-18770.4
-19392.6
-19984
-20543.9
-21071.8
-21567
-22028.9
-22457.1
-22851.2
-23210.6
-23535
-23824.2
-24077.8
-24295.6
-24477.3
-24622.9
-24732.2
-24805
-24841.5
-497.934
-1495.09
-2491.77
-3484.02
-4470.08
-5448.21
-6416.72
-7373.94
-8318.23
-9248.02
-10161.8
-11058
-11935.2
-12792.1
-13627.4
-14439.7
-15228
-15991
-16727.8
-17437.2
-18118.4
-18770.5
-19392.6
-19984
-20543.9
-21071.8
-21567
-22028.9
-22457.2
-22851.2
-23210.6
-23535
-23824.2
-24077.8
-24295.6
-24477.4
-24622.9
-24732.2
-24805
-24841.5
-497.934
-1495.09
-2491.78
-3484.02
-4470.08
-5448.21
-6416.72
-7373.94
-8318.24
-9248.02
-10161.8
-11058
-11935.2
-12792.1
-13627.4
-14439.7
-15228
-15991
-16727.8
-17437.2
-18118.4
-18770.5
-19392.6
-19984
-20543.9
-21071.8
-21567
-22029
-22457.2
-22851.2
-23210.6
-23535.1
-23824.2
-24077.8
-24295.6
-24477.4
-24622.9
-24732.2
-24805.1
-24841.5
-497.934
-1495.09
-2491.78
-3484.02
-4470.08
-5448.22
-6416.73
-7373.94
-8318.24
-9248.02
-10161.8
-11058
-11935.2
-12792.1
-13627.4
-14439.7
-15228
-15991
-16727.8
-17437.2
-18118.4
-18770.5
-19392.6
-19984
-20543.9
-21071.8
-21567
-22029
-22457.2
-22851.2
-23210.6
-23535.1
-23824.2
-24077.8
-24295.6
-24477.4
-24623
-24732.2
-24805.1
-24841.5
-497.934
-1495.09
-2491.78
-3484.02
-4470.08
-5448.22
-6416.73
-7373.95
-8318.24
-9248.03
-10161.8
-11058
-11935.2
-12792.1
-13627.4
-14439.7
-15228
-15991
-16727.8
-17437.2
-18118.4
-18770.5
-19392.6
-19984
-20543.9
-21071.8
-21567
-22029
-22457.2
-22851.2
-23210.6
-23535.1
-23824.2
-24077.8
-24295.6
-24477.4
-24623
-24732.2
-24805.1
-24841.5
-497.934
-1495.09
-2491.78
-3484.02
-4470.08
-5448.22
-6416.73
-7373.95
-8318.24
-9248.03
-10161.8
-11058
-11935.2
-12792.1
-13627.4
-14439.7
-15228
-15991
-16727.8
-17437.2
-18118.4
-18770.5
-19392.6
-19984
-20544
-21071.8
-21567
-22029
-22457.2
-22851.2
-23210.6
-23535.1
-23824.2
-24077.8
-24295.6
-24477.4
-24623
-24732.2
-24805.1
-24841.5
-497.934
-1495.09
-2491.78
-3484.03
-4470.08
-5448.22
-6416.73
-7373.95
-8318.24
-9248.03
-10161.8
-11058
-11935.2
-12792.1
-13627.4
-14439.8
-15228
-15991
-16727.8
-17437.2
-18118.4
-18770.5
-19392.6
-19984
-20544
-21071.8
-21567
-22029
-22457.2
-22851.2
-23210.6
-23535.1
-23824.3
-24077.8
-24295.6
-24477.4
-24623
-24732.2
-24805.1
-24841.5
-497.934
-1495.09
-2491.78
-3484.03
-4470.08
-5448.22
-6416.73
-7373.95
-8318.25
-9248.03
-10161.8
-11058
-11935.2
-12792.1
-13627.4
-14439.8
-15228
-15991
-16727.8
-17437.2
-18118.4
-18770.5
-19392.6
-19984
-20544
-21071.8
-21567
-22029
-22457.2
-22851.2
-23210.6
-23535.1
-23824.3
-24077.9
-24295.6
-24477.4
-24623
-24732.3
-24805.1
-24841.5
-497.934
-1495.09
-2491.78
-3484.03
-4470.09
-5448.22
-6416.73
-7373.95
-8318.25
-9248.03
-10161.8
-11058
-11935.2
-12792.1
-13627.4
-14439.8
-15228
-15991.1
-16727.8
-17437.2
-18118.4
-18770.5
-19392.6
-19984
-20544
-21071.8
-21567
-22029
-22457.2
-22851.2
-23210.6
-23535.1
-23824.3
-24077.9
-24295.6
-24477.4
-24623
-24732.3
-24805.1
-24841.5
-497.935
-1495.09
-2491.78
-3484.03
-4470.09
-5448.22
-6416.73
-7373.95
-8318.25
-9248.03
-10161.8
-11058
-11935.2
-12792.1
-13627.4
-14439.8
-15228
-15991.1
-16727.8
-17437.2
-18118.4
-18770.5
-19392.6
-19984
-20544
-21071.8
-21567
-22029
-22457.2
-22851.2
-23210.6
-23535.1
-23824.3
-24077.9
-24295.6
-24477.4
-24623
-24732.3
-24805.1
-24841.5
-497.935
-1495.09
-2491.78
-3484.03
-4470.09
-5448.22
-6416.73
-7373.95
-8318.25
-9248.04
-10161.8
-11058
-11935.2
-12792.1
-13627.4
-14439.8
-15228
-15991.1
-16727.8
-17437.2
-18118.4
-18770.5
-19392.6
-19984
-20544
-21071.9
-21567
-22029
-22457.2
-22851.2
-23210.7
-23535.1
-23824.3
-24077.9
-24295.7
-24477.4
-24623
-24732.3
-24805.1
-24841.5
-497.935
-1495.09
-2491.78
-3484.03
-4470.09
-5448.22
-6416.74
-7373.95
-8318.25
-9248.04
-10161.8
-11058
-11935.2
-12792.1
-13627.4
-14439.8
-15228
-15991.1
-16727.8
-17437.2
-18118.4
-18770.5
-19392.6
-19984
-20544
-21071.9
-21567
-22029
-22457.2
-22851.2
-23210.7
-23535.1
-23824.3
-24077.9
-24295.7
-24477.4
-24623
-24732.3
-24805.1
-24841.6
-497.935
-1495.09
-2491.78
-3484.03
-4470.09
-5448.22
-6416.74
-7373.95
-8318.25
-9248.04
-10161.8
-11058
-11935.2
-12792.1
-13627.4
-14439.8
-15228
-15991.1
-16727.8
-17437.2
-18118.4
-18770.5
-19392.6
-19984
-20544
-21071.9
-21567.1
-22029
-22457.2
-22851.2
-23210.7
-23535.1
-23824.3
-24077.9
-24295.7
-24477.4
-24623
-24732.3
-24805.1
-24841.6
-497.935
-1495.09
-2491.78
-3484.03
-4470.09
-5448.22
-6416.74
-7373.95
-8318.25
-9248.04
-10161.8
-11058
-11935.2
-12792.1
-13627.4
-14439.8
-15228
-15991.1
-16727.8
-17437.2
-18118.4
-18770.5
-19392.6
-19984
-20544
-21071.9
-21567.1
-22029
-22457.2
-22851.2
-23210.7
-23535.1
-23824.3
-24077.9
-24295.7
-24477.4
-24623
-24732.3
-24805.1
-24841.6
-497.934
-1495.09
-2491.78
-3484.03
-4470.09
-5448.22
-6416.74
-7373.95
-8318.25
-9248.04
-10161.8
-11058
-11935.2
-12792.1
-13627.4
-14439.8
-15228
-15991.1
-16727.8
-17437.2
-18118.4
-18770.5
-19392.6
-19984
-20544
-21071.9
-21567.1
-22029
-22457.2
-22851.2
-23210.7
-23535.1
-23824.3
-24077.9
-24295.7
-24477.4
-24623
-24732.3
-24805.1
-24841.6
-497.934
-1495.09
-2491.78
-3484.03
-4470.09
-5448.22
-6416.74
-7373.95
-8318.25
-9248.04
-10161.8
-11058
-11935.2
-12792.1
-13627.4
-14439.8
-15228
-15991.1
-16727.8
-17437.2
-18118.4
-18770.5
-19392.6
-19984
-20544
-21071.9
-21567.1
-22029
-22457.2
-22851.2
-23210.7
-23535.1
-23824.3
-24077.9
-24295.7
-24477.4
-24623
-24732.3
-24805.1
-24841.6
-497.934
-1495.09
-2491.78
-3484.03
-4470.09
-5448.22
-6416.74
-7373.95
-8318.25
-9248.04
-10161.8
-11058
-11935.2
-12792.1
-13627.4
-14439.8
-15228
-15991.1
-16727.8
-17437.2
-18118.4
-18770.5
-19392.6
-19984
-20544
-21071.9
-21567.1
-22029
-22457.2
-22851.3
-23210.7
-23535.1
-23824.3
-24077.9
-24295.7
-24477.4
-24623
-24732.3
-24805.1
-24841.6
-497.934
-1495.09
-2491.78
-3484.03
-4470.09
-5448.22
-6416.73
-7373.95
-8318.25
-9248.04
-10161.8
-11058
-11935.2
-12792.1
-13627.4
-14439.8
-15228
-15991.1
-16727.8
-17437.2
-18118.4
-18770.5
-19392.6
-19984
-20544
-21071.9
-21567.1
-22029
-22457.2
-22851.3
-23210.7
-23535.1
-23824.3
-24077.9
-24295.7
-24477.4
-24623
-24732.3
-24805.1
-24841.6
-497.934
-1495.09
-2491.78
-3484.03
-4470.08
-5448.22
-6416.73
-7373.95
-8318.25
-9248.04
-10161.8
-11058
-11935.2
-12792.1
-13627.4
-14439.8
-15228
-15991.1
-16727.8
-17437.2
-18118.4
-18770.5
-19392.6
-19984
-20544
-21071.9
-21567.1
-22029
-22457.2
-22851.3
-23210.7
-23535.1
-23824.3
-24077.9
-24295.7
-24477.4
-24623
-24732.3
-24805.1
-24841.6
-497.933
-1495.09
-2491.78
-3484.02
-4470.08
-5448.22
-6416.73
-7373.95
-8318.25
-9248.04
-10161.8
-11058
-11935.2
-12792.1
-13627.4
-14439.8
-15228
-15991.1
-16727.8
-17437.2
-18118.4
-18770.5
-19392.6
-19984
-20544
-21071.9
-21567.1
-22029
-22457.2
-22851.3
-23210.7
-23535.1
-23824.3
-24077.9
-24295.7
-24477.4
-24623
-24732.3
-24805.1
-24841.6
-497.93
-1495.09
-2491.77
-3484.02
-4470.08
-5448.22
-6416.73
-7373.95
-8318.25
-9248.04
-10161.8
-11058
-11935.2
-12792.1
-13627.4
-14439.8
-15228
-15991.1
-16727.8
-17437.2
-18118.4
-18770.5
-19392.6
-19984
-20544
-21071.9
-21567.1
-22029
-22457.2
-22851.3
-23210.7
-23535.1
-23824.3
-24077.9
-24295.7
-24477.4
-24623
-24732.3
-24805.1
-24841.6
-502.278
-1508.14
-2513.49
-3514.34
-4508.89
-5495.38
-6472.09
-7437.32
-8389.42
-9326.79
-10247.9
-11151.1
-12035.2
-12898.6
-13740.1
-14558.4
-15352.3
-16120.7
-16862.4
-17576.6
-18262.3
-18918.5
-19544.5
-20139.4
-20702.7
-21233.7
-21731.6
-22196.2
-22626.7
-23022.8
-23384.1
-23710.2
-24000.8
-24255.7
-24474.5
-24657.2
-24803.4
-24913.2
-24986.4
-25023
-502.281
-1508.14
-2513.5
-3514.34
-4508.89
-5495.38
-6472.09
-7437.32
-8389.42
-9326.79
-10247.9
-11151.1
-12035.2
-12898.6
-13740.1
-14558.4
-15352.3
-16120.7
-16862.4
-17576.6
-18262.3
-18918.5
-19544.5
-20139.4
-20702.7
-21233.7
-21731.6
-22196.2
-22626.7
-23022.8
-23384.1
-23710.2
-24000.8
-24255.7
-24474.5
-24657.2
-24803.4
-24913.2
-24986.4
-25023
-502.282
-1508.14
-2513.5
-3514.34
-4508.89
-5495.39
-6472.09
-7437.32
-8389.42
-9326.79
-10247.9
-11151.1
-12035.2
-12898.6
-13740.1
-14558.4
-15352.3
-16120.7
-16862.4
-17576.6
-18262.3
-18918.5
-19544.5
-20139.4
-20702.7
-21233.7
-21731.7
-22196.2
-22626.7
-23022.8
-23384.1
-23710.2
-24000.8
-24255.7
-24474.5
-24657.2
-24803.4
-24913.2
-24986.4
-25023
-502.283
-1508.14
-2513.5
-3514.34
-4508.89
-5495.39
-6472.1
-7437.33
-8389.43
-9326.79
-10247.9
-11151.2
-12035.2
-12898.6
-13740.1
-14558.4
-15352.3
-16120.7
-16862.4
-17576.6
-18262.3
-18918.5
-19544.5
-20139.4
-20702.7
-21233.7
-21731.7
-22196.2
-22626.7
-23022.8
-23384.1
-23710.2
-24000.8
-24255.7
-24474.5
-24657.2
-24803.4
-24913.2
-24986.4
-25023
-502.283
-1508.14
-2513.5
-3514.35
-4508.9
-5495.39
-6472.1
-7437.33
-8389.43
-9326.79
-10247.9
-11151.2
-12035.2
-12898.6
-13740.1
-14558.4
-15352.3
-16120.7
-16862.5
-17576.6
-18262.3
-18918.5
-19544.5
-20139.4
-20702.7
-21233.7
-21731.7
-22196.2
-22626.7
-23022.8
-23384.1
-23710.2
-24000.8
-24255.7
-24474.5
-24657.2
-24803.4
-24913.2
-24986.4
-25023
-502.283
-1508.14
-2513.5
-3514.35
-4508.9
-5495.39
-6472.1
-7437.33
-8389.43
-9326.8
-10247.9
-11151.2
-12035.2
-12898.6
-13740.1
-14558.4
-15352.3
-16120.7
-16862.5
-17576.6
-18262.3
-18918.5
-19544.5
-20139.5
-20702.7
-21233.7
-21731.7
-22196.2
-22626.7
-23022.8
-23384.1
-23710.2
-24000.8
-24255.7
-24474.5
-24657.2
-24803.4
-24913.2
-24986.4
-25023
-502.283
-1508.15
-2513.5
-3514.35
-4508.9
-5495.39
-6472.1
-7437.33
-8389.44
-9326.8
-10247.9
-11151.2
-12035.2
-12898.6
-13740.1
-14558.4
-15352.3
-16120.7
-16862.5
-17576.6
-18262.3
-18918.5
-19544.5
-20139.5
-20702.7
-21233.7
-21731.7
-22196.2
-22626.7
-23022.8
-23384.1
-23710.2
-24000.8
-24255.7
-24474.5
-24657.2
-24803.5
-24913.2
-24986.4
-25023
-502.284
-1508.15
-2513.5
-3514.35
-4508.9
-5495.4
-6472.11
-7437.34
-8389.44
-9326.81
-10247.9
-11151.2
-12035.2
-12898.7
-13740.1
-14558.4
-15352.3
-16120.7
-16862.5
-17576.7
-18262.3
-18918.5
-19544.5
-20139.5
-20702.8
-21233.7
-21731.7
-22196.2
-22626.7
-23022.8
-23384.1
-23710.2
-24000.9
-24255.7
-24474.5
-24657.2
-24803.5
-24913.2
-24986.4
-25023
-502.284
-1508.15
-2513.51
-3514.35
-4508.9
-5495.4
-6472.11
-7437.34
-8389.45
-9326.81
-10247.9
-11151.2
-12035.2
-12898.7
-13740.2
-14558.4
-15352.3
-16120.7
-16862.5
-17576.7
-18262.3
-18918.5
-19544.5
-20139.5
-20702.8
-21233.7
-21731.7
-22196.2
-22626.7
-23022.9
-23384.1
-23710.3
-24000.9
-24255.7
-24474.6
-24657.2
-24803.5
-24913.3
-24986.4
-25023.1
-502.284
-1508.15
-2513.51
-3514.36
-4508.91
-5495.4
-6472.11
-7437.35
-8389.45
-9326.82
-10247.9
-11151.2
-12035.2
-12898.7
-13740.2
-14558.5
-15352.3
-16120.7
-16862.5
-17576.7
-18262.3
-18918.5
-19544.5
-20139.5
-20702.8
-21233.7
-21731.7
-22196.2
-22626.8
-23022.9
-23384.2
-23710.3
-24000.9
-24255.7
-24474.6
-24657.2
-24803.5
-24913.3
-24986.5
-25023.1
-502.285
-1508.15
-2513.51
-3514.36
-4508.91
-5495.41
-6472.12
-7437.35
-8389.46
-9326.82
-10247.9
-11151.2
-12035.2
-12898.7
-13740.2
-14558.5
-15352.4
-16120.7
-16862.5
-17576.7
-18262.3
-18918.5
-19544.5
-20139.5
-20702.8
-21233.7
-21731.7
-22196.2
-22626.8
-23022.9
-23384.2
-23710.3
-24000.9
-24255.7
-24474.6
-24657.2
-24803.5
-24913.3
-24986.5
-25023.1
-502.285
-1508.15
-2513.51
-3514.36
-4508.91
-5495.41
-6472.12
-7437.36
-8389.46
-9326.83
-10247.9
-11151.2
-12035.2
-12898.7
-13740.2
-14558.5
-15352.4
-16120.7
-16862.5
-17576.7
-18262.3
-18918.6
-19544.5
-20139.5
-20702.8
-21233.7
-21731.7
-22196.2
-22626.8
-23022.9
-23384.2
-23710.3
-24000.9
-24255.8
-24474.6
-24657.2
-24803.5
-24913.3
-24986.5
-25023.1
-502.285
-1508.15
-2513.51
-3514.36
-4508.92
-5495.41
-6472.13
-7437.36
-8389.47
-9326.84
-10247.9
-11151.2
-12035.3
-12898.7
-13740.2
-14558.5
-15352.4
-16120.7
-16862.5
-17576.7
-18262.3
-18918.6
-19544.5
-20139.5
-20702.8
-21233.8
-21731.7
-22196.3
-22626.8
-23022.9
-23384.2
-23710.3
-24000.9
-24255.8
-24474.6
-24657.3
-24803.5
-24913.3
-24986.5
-25023.1
-502.286
-1508.15
-2513.51
-3514.37
-4508.92
-5495.42
-6472.13
-7437.37
-8389.47
-9326.84
-10247.9
-11151.2
-12035.3
-12898.7
-13740.2
-14558.5
-15352.4
-16120.8
-16862.5
-17576.7
-18262.4
-18918.6
-19544.6
-20139.5
-20702.8
-21233.8
-21731.8
-22196.3
-22626.8
-23022.9
-23384.2
-23710.3
-24000.9
-24255.8
-24474.6
-24657.3
-24803.5
-24913.3
-24986.5
-25023.1
-502.286
-1508.15
-2513.52
-3514.37
-4508.92
-5495.42
-6472.14
-7437.37
-8389.48
-9326.85
-10247.9
-11151.2
-12035.3
-12898.7
-13740.2
-14558.5
-15352.4
-16120.8
-16862.5
-17576.7
-18262.4
-18918.6
-19544.6
-20139.6
-20702.8
-21233.8
-21731.8
-22196.3
-22626.8
-23022.9
-23384.2
-23710.3
-24001
-24255.8
-24474.6
-24657.3
-24803.6
-24913.3
-24986.5
-25023.1
-502.286
-1508.15
-2513.52
-3514.37
-4508.93
-5495.43
-6472.14
-7437.38
-8389.48
-9326.85
-10247.9
-11151.2
-12035.3
-12898.7
-13740.2
-14558.5
-15352.4
-16120.8
-16862.6
-17576.7
-18262.4
-18918.6
-19544.6
-20139.6
-20702.9
-21233.8
-21731.8
-22196.3
-22626.8
-23022.9
-23384.2
-23710.3
-24001
-24255.8
-24474.7
-24657.3
-24803.6
-24913.4
-24986.5
-25023.2
-502.287
-1508.15
-2513.52
-3514.37
-4508.93
-5495.43
-6472.14
-7437.38
-8389.49
-9326.86
-10247.9
-11151.2
-12035.3
-12898.7
-13740.2
-14558.5
-15352.4
-16120.8
-16862.6
-17576.7
-18262.4
-18918.6
-19544.6
-20139.6
-20702.9
-21233.8
-21731.8
-22196.3
-22626.8
-23023
-23384.2
-23710.4
-24001
-24255.8
-24474.7
-24657.3
-24803.6
-24913.4
-24986.6
-25023.2
-502.287
-1508.16
-2513.52
-3514.37
-4508.93
-5495.43
-6472.15
-7437.38
-8389.49
-9326.86
-10247.9
-11151.2
-12035.3
-12898.7
-13740.2
-14558.5
-15352.4
-16120.8
-16862.6
-17576.8
-18262.4
-18918.6
-19544.6
-20139.6
-20702.9
-21233.8
-21731.8
-22196.3
-22626.9
-23023
-23384.3
-23710.4
-24001
-24255.8
-24474.7
-24657.3
-24803.6
-24913.4
-24986.6
-25023.2
-502.287
-1508.16
-2513.52
-3514.37
-4508.93
-5495.43
-6472.15
-7437.39
-8389.5
-9326.87
-10248
-11151.2
-12035.3
-12898.7
-13740.2
-14558.5
-15352.4
-16120.8
-16862.6
-17576.8
-18262.4
-18918.6
-19544.6
-20139.6
-20702.9
-21233.8
-21731.8
-22196.3
-22626.9
-23023
-23384.3
-23710.4
-24001
-24255.9
-24474.7
-24657.3
-24803.6
-24913.4
-24986.6
-25023.2
-502.287
-1508.16
-2513.52
-3514.38
-4508.93
-5495.44
-6472.15
-7437.39
-8389.5
-9326.87
-10248
-11151.2
-12035.3
-12898.7
-13740.2
-14558.5
-15352.4
-16120.8
-16862.6
-17576.8
-18262.4
-18918.6
-19544.6
-20139.6
-20702.9
-21233.8
-21731.8
-22196.3
-22626.9
-23023
-23384.3
-23710.4
-24001
-24255.9
-24474.7
-24657.4
-24803.6
-24913.4
-24986.6
-25023.2
-502.288
-1508.16
-2513.52
-3514.38
-4508.94
-5495.44
-6472.15
-7437.39
-8389.5
-9326.88
-10248
-11151.3
-12035.3
-12898.7
-13740.2
-14558.5
-15352.4
-16120.8
-16862.6
-17576.8
-18262.4
-18918.6
-19544.6
-20139.6
-20702.9
-21233.8
-21731.8
-22196.4
-22626.9
-23023
-23384.3
-23710.4
-24001
-24255.9
-24474.7
-24657.4
-24803.6
-24913.4
-24986.6
-25023.2
-502.288
-1508.16
-2513.52
-3514.38
-4508.94
-5495.44
-6472.16
-7437.4
-8389.51
-9326.88
-10248
-11151.3
-12035.3
-12898.7
-13740.2
-14558.5
-15352.4
-16120.8
-16862.6
-17576.8
-18262.4
-18918.7
-19544.6
-20139.6
-20702.9
-21233.9
-21731.9
-22196.4
-22626.9
-23023
-23384.3
-23710.4
-24001
-24255.9
-24474.7
-24657.4
-24803.6
-24913.4
-24986.6
-25023.2
-502.288
-1508.16
-2513.52
-3514.38
-4508.94
-5495.44
-6472.16
-7437.4
-8389.51
-9326.88
-10248
-11151.3
-12035.3
-12898.8
-13740.3
-14558.5
-15352.5
-16120.8
-16862.6
-17576.8
-18262.4
-18918.7
-19544.6
-20139.6
-20702.9
-21233.9
-21731.9
-22196.4
-22626.9
-23023
-23384.3
-23710.4
-24001
-24255.9
-24474.7
-24657.4
-24803.7
-24913.4
-24986.6
-25023.2
-502.288
-1508.16
-2513.53
-3514.38
-4508.94
-5495.44
-6472.16
-7437.4
-8389.51
-9326.88
-10248
-11151.3
-12035.3
-12898.8
-13740.3
-14558.6
-15352.5
-16120.8
-16862.6
-17576.8
-18262.4
-18918.7
-19544.6
-20139.6
-20702.9
-21233.9
-21731.9
-22196.4
-22626.9
-23023
-23384.3
-23710.4
-24001
-24255.9
-24474.7
-24657.4
-24803.7
-24913.4
-24986.6
-25023.2
-502.288
-1508.16
-2513.53
-3514.38
-4508.94
-5495.44
-6472.16
-7437.4
-8389.51
-9326.89
-10248
-11151.3
-12035.3
-12898.8
-13740.3
-14558.6
-15352.5
-16120.8
-16862.6
-17576.8
-18262.4
-18918.7
-19544.7
-20139.6
-20702.9
-21233.9
-21731.9
-22196.4
-22626.9
-23023
-23384.3
-23710.4
-24001.1
-24255.9
-24474.8
-24657.4
-24803.7
-24913.4
-24986.6
-25023.2
-502.288
-1508.16
-2513.53
-3514.38
-4508.94
-5495.44
-6472.16
-7437.4
-8389.51
-9326.89
-10248
-11151.3
-12035.3
-12898.8
-13740.3
-14558.6
-15352.5
-16120.8
-16862.6
-17576.8
-18262.4
-18918.7
-19544.7
-20139.6
-20702.9
-21233.9
-21731.9
-22196.4
-22626.9
-23023
-23384.3
-23710.4
-24001.1
-24255.9
-24474.8
-24657.4
-24803.7
-24913.5
-24986.6
-25023.3
-502.288
-1508.16
-2513.53
-3514.38
-4508.94
-5495.45
-6472.16
-7437.4
-8389.51
-9326.89
-10248
-11151.3
-12035.3
-12898.8
-13740.3
-14558.6
-15352.5
-16120.8
-16862.6
-17576.8
-18262.5
-18918.7
-19544.7
-20139.7
-20702.9
-21233.9
-21731.9
-22196.4
-22626.9
-23023
-23384.3
-23710.4
-24001.1
-24255.9
-24474.8
-24657.4
-24803.7
-24913.5
-24986.6
-25023.3
-502.288
-1508.16
-2513.53
-3514.38
-4508.94
-5495.45
-6472.16
-7437.4
-8389.52
-9326.89
-10248
-11151.3
-12035.3
-12898.8
-13740.3
-14558.6
-15352.5
-16120.8
-16862.6
-17576.8
-18262.5
-18918.7
-19544.7
-20139.7
-20702.9
-21233.9
-21731.9
-22196.4
-22626.9
-23023
-23384.3
-23710.4
-24001.1
-24255.9
-24474.8
-24657.4
-24803.7
-24913.5
-24986.7
-25023.3
-502.288
-1508.16
-2513.53
-3514.38
-4508.94
-5495.45
-6472.17
-7437.41
-8389.52
-9326.89
-10248
-11151.3
-12035.3
-12898.8
-13740.3
-14558.6
-15352.5
-16120.8
-16862.6
-17576.8
-18262.5
-18918.7
-19544.7
-20139.7
-20702.9
-21233.9
-21731.9
-22196.4
-22626.9
-23023
-23384.3
-23710.5
-24001.1
-24255.9
-24474.8
-24657.4
-24803.7
-24913.5
-24986.7
-25023.3
-502.288
-1508.16
-2513.53
-3514.38
-4508.94
-5495.45
-6472.17
-7437.41
-8389.52
-9326.89
-10248
-11151.3
-12035.3
-12898.8
-13740.3
-14558.6
-15352.5
-16120.8
-16862.6
-17576.8
-18262.5
-18918.7
-19544.7
-20139.7
-20702.9
-21233.9
-21731.9
-22196.4
-22626.9
-23023.1
-23384.3
-23710.5
-24001.1
-24255.9
-24474.8
-24657.4
-24803.7
-24913.5
-24986.7
-25023.3
-502.288
-1508.16
-2513.53
-3514.38
-4508.94
-5495.45
-6472.17
-7437.41
-8389.52
-9326.89
-10248
-11151.3
-12035.3
-12898.8
-13740.3
-14558.6
-15352.5
-16120.8
-16862.6
-17576.8
-18262.5
-18918.7
-19544.7
-20139.7
-20703
-21233.9
-21731.9
-22196.4
-22626.9
-23023.1
-23384.3
-23710.5
-24001.1
-24255.9
-24474.8
-24657.4
-24803.7
-24913.5
-24986.7
-25023.3
-502.288
-1508.16
-2513.53
-3514.38
-4508.94
-5495.45
-6472.17
-7437.41
-8389.52
-9326.89
-10248
-11151.3
-12035.3
-12898.8
-13740.3
-14558.6
-15352.5
-16120.9
-16862.6
-17576.8
-18262.5
-18918.7
-19544.7
-20139.7
-20703
-21233.9
-21731.9
-22196.4
-22626.9
-23023.1
-23384.4
-23710.5
-24001.1
-24255.9
-24474.8
-24657.4
-24803.7
-24913.5
-24986.7
-25023.3
-502.288
-1508.16
-2513.53
-3514.38
-4508.94
-5495.45
-6472.17
-7437.41
-8389.52
-9326.89
-10248
-11151.3
-12035.3
-12898.8
-13740.3
-14558.6
-15352.5
-16120.9
-16862.6
-17576.8
-18262.5
-18918.7
-19544.7
-20139.7
-20703
-21233.9
-21731.9
-22196.4
-22626.9
-23023.1
-23384.4
-23710.5
-24001.1
-24255.9
-24474.8
-24657.4
-24803.7
-24913.5
-24986.7
-25023.3
-502.288
-1508.16
-2513.53
-3514.38
-4508.94
-5495.45
-6472.17
-7437.41
-8389.52
-9326.89
-10248
-11151.3
-12035.3
-12898.8
-13740.3
-14558.6
-15352.5
-16120.9
-16862.6
-17576.8
-18262.5
-18918.7
-19544.7
-20139.7
-20703
-21233.9
-21731.9
-22196.4
-22626.9
-23023.1
-23384.4
-23710.5
-24001.1
-24255.9
-24474.8
-24657.4
-24803.7
-24913.5
-24986.7
-25023.3
-502.288
-1508.16
-2513.53
-3514.38
-4508.94
-5495.45
-6472.17
-7437.41
-8389.52
-9326.89
-10248
-11151.3
-12035.3
-12898.8
-13740.3
-14558.6
-15352.5
-16120.9
-16862.6
-17576.8
-18262.5
-18918.7
-19544.7
-20139.7
-20703
-21233.9
-21731.9
-22196.4
-22627
-23023.1
-23384.4
-23710.5
-24001.1
-24255.9
-24474.8
-24657.4
-24803.7
-24913.5
-24986.7
-25023.3
-502.288
-1508.16
-2513.53
-3514.38
-4508.94
-5495.45
-6472.16
-7437.41
-8389.52
-9326.89
-10248
-11151.3
-12035.3
-12898.8
-13740.3
-14558.6
-15352.5
-16120.9
-16862.6
-17576.8
-18262.5
-18918.7
-19544.7
-20139.7
-20703
-21233.9
-21731.9
-22196.4
-22627
-23023.1
-23384.4
-23710.5
-24001.1
-24255.9
-24474.8
-24657.4
-24803.7
-24913.5
-24986.7
-25023.3
-502.288
-1508.16
-2513.53
-3514.38
-4508.94
-5495.45
-6472.16
-7437.41
-8389.52
-9326.89
-10248
-11151.3
-12035.3
-12898.8
-13740.3
-14558.6
-15352.5
-16120.9
-16862.6
-17576.8
-18262.5
-18918.7
-19544.7
-20139.7
-20703
-21233.9
-21731.9
-22196.4
-22627
-23023.1
-23384.4
-23710.5
-24001.1
-24255.9
-24474.8
-24657.4
-24803.7
-24913.5
-24986.7
-25023.3
-502.287
-1508.16
-2513.52
-3514.38
-4508.94
-5495.45
-6472.16
-7437.41
-8389.52
-9326.89
-10248
-11151.3
-12035.3
-12898.8
-13740.3
-14558.6
-15352.5
-16120.9
-16862.6
-17576.8
-18262.5
-18918.7
-19544.7
-20139.7
-20703
-21233.9
-21731.9
-22196.4
-22627
-23023.1
-23384.4
-23710.5
-24001.1
-24255.9
-24474.8
-24657.4
-24803.7
-24913.5
-24986.7
-25023.3
-502.286
-1508.16
-2513.52
-3514.38
-4508.94
-5495.44
-6472.16
-7437.4
-8389.52
-9326.89
-10248
-11151.3
-12035.3
-12898.8
-13740.3
-14558.6
-15352.5
-16120.9
-16862.6
-17576.8
-18262.5
-18918.7
-19544.7
-20139.7
-20703
-21233.9
-21731.9
-22196.4
-22627
-23023.1
-23384.4
-23710.5
-24001.1
-24255.9
-24474.8
-24657.4
-24803.7
-24913.5
-24986.7
-25023.3
-502.283
-1508.15
-2513.52
-3514.38
-4508.94
-5495.44
-6472.16
-7437.4
-8389.52
-9326.89
-10248
-11151.3
-12035.3
-12898.8
-13740.3
-14558.6
-15352.5
-16120.9
-16862.6
-17576.8
-18262.5
-18918.7
-19544.7
-20139.7
-20703
-21233.9
-21731.9
-22196.4
-22627
-23023.1
-23384.4
-23710.5
-24001.1
-24255.9
-24474.8
-24657.4
-24803.7
-24913.5
-24986.7
-25023.3
-507.535
-1523.91
-2539.75
-3550.99
-4555.8
-5552.39
-6539
-7513.9
-8475.42
-9421.93
-10351.8
-11263.7
-12155.9
-13027.2
-13876.2
-14701.6
-15502.3
-16277.1
-17024.9
-17744.7
-18435.7
-19096.9
-19727.5
-20326.8
-20894
-21428.6
-21930
-22397.5
-22830.8
-23229.4
-23593
-23921
-24213.4
-24469.7
-24689.8
-24873.5
-25020.6
-25131
-25204.6
-25241.4
-507.538
-1523.91
-2539.76
-3550.99
-4555.8
-5552.39
-6539
-7513.9
-8475.42
-9421.93
-10351.9
-11263.7
-12155.9
-13027.2
-13876.2
-14701.6
-15502.3
-16277.1
-17024.9
-17744.7
-18435.7
-19096.9
-19727.5
-20326.8
-20894
-21428.6
-21930
-22397.5
-22830.8
-23229.4
-23593
-23921
-24213.4
-24469.7
-24689.8
-24873.5
-25020.6
-25131
-25204.6
-25241.4
-507.539
-1523.92
-2539.76
-3550.99
-4555.8
-5552.39
-6539
-7513.91
-8475.43
-9421.93
-10351.9
-11263.7
-12155.9
-13027.2
-13876.2
-14701.6
-15502.3
-16277.1
-17024.9
-17744.7
-18435.7
-19096.9
-19727.5
-20326.8
-20894
-21428.6
-21930
-22397.5
-22830.8
-23229.4
-23593
-23921
-24213.4
-24469.7
-24689.8
-24873.5
-25020.6
-25131
-25204.6
-25241.4
-507.54
-1523.92
-2539.76
-3550.99
-4555.8
-5552.39
-6539
-7513.91
-8475.43
-9421.94
-10351.9
-11263.7
-12155.9
-13027.2
-13876.2
-14701.6
-15502.3
-16277.1
-17024.9
-17744.7
-18435.7
-19096.9
-19727.5
-20326.8
-20894.1
-21428.6
-21930
-22397.5
-22830.8
-23229.5
-23593
-23921.1
-24213.4
-24469.7
-24689.8
-24873.5
-25020.6
-25131
-25204.6
-25241.4
-507.54
-1523.92
-2539.76
-3551
-4555.81
-5552.4
-6539.01
-7513.91
-8475.43
-9421.94
-10351.9
-11263.7
-12155.9
-13027.2
-13876.2
-14701.6
-15502.3
-16277.1
-17024.9
-17744.7
-18435.7
-19096.9
-19727.5
-20326.8
-20894.1
-21428.6
-21930
-22397.6
-22830.9
-23229.5
-23593
-23921.1
-24213.4
-24469.7
-24689.8
-24873.5
-25020.6
-25131
-25204.6
-25241.4
-507.54
-1523.92
-2539.76
-3551
-4555.81
-5552.4
-6539.01
-7513.91
-8475.43
-9421.94
-10351.9
-11263.7
-12155.9
-13027.2
-13876.2
-14701.6
-15502.3
-16277.1
-17024.9
-17744.8
-18435.7
-19096.9
-19727.5
-20326.8
-20894.1
-21428.7
-21930
-22397.6
-22830.9
-23229.5
-23593
-23921.1
-24213.4
-24469.7
-24689.9
-24873.5
-25020.6
-25131
-25204.6
-25241.4
-507.541
-1523.92
-2539.76
-3551
-4555.81
-5552.4
-6539.01
-7513.92
-8475.44
-9421.95
-10351.9
-11263.7
-12155.9
-13027.2
-13876.2
-14701.6
-15502.3
-16277.1
-17024.9
-17744.8
-18435.7
-19096.9
-19727.5
-20326.8
-20894.1
-21428.7
-21930
-22397.6
-22830.9
-23229.5
-23593
-23921.1
-24213.4
-24469.8
-24689.9
-24873.5
-25020.6
-25131
-25204.6
-25241.4
-507.541
-1523.92
-2539.77
-3551
-4555.81
-5552.41
-6539.02
-7513.92
-8475.44
-9421.95
-10351.9
-11263.7
-12155.9
-13027.2
-13876.2
-14701.6
-15502.3
-16277.1
-17024.9
-17744.8
-18435.7
-19096.9
-19727.5
-20326.8
-20894.1
-21428.7
-21930
-22397.6
-22830.9
-23229.5
-23593
-23921.1
-24213.4
-24469.8
-24689.9
-24873.6
-25020.7
-25131.1
-25204.6
-25241.5
-507.541
-1523.92
-2539.77
-3551
-4555.82
-5552.41
-6539.02
-7513.93
-8475.45
-9421.96
-10351.9
-11263.7
-12155.9
-13027.2
-13876.2
-14701.6
-15502.3
-16277.1
-17024.9
-17744.8
-18435.7
-19096.9
-19727.6
-20326.8
-20894.1
-21428.7
-21930
-22397.6
-22830.9
-23229.5
-23593
-23921.1
-24213.4
-24469.8
-24689.9
-24873.6
-25020.7
-25131.1
-25204.7
-25241.5
-507.542
-1523.92
-2539.77
-3551.01
-4555.82
-5552.41
-6539.02
-7513.93
-8475.45
-9421.97
-10351.9
-11263.7
-12155.9
-13027.2
-13876.2
-14701.7
-15502.3
-16277.1
-17024.9
-17744.8
-18435.8
-19097
-19727.6
-20326.9
-20894.1
-21428.7
-21930
-22397.6
-22830.9
-23229.5
-23593
-23921.1
-24213.5
-24469.8
-24689.9
-24873.6
-25020.7
-25131.1
-25204.7
-25241.5
-507.542
-1523.92
-2539.77
-3551.01
-4555.82
-5552.42
-6539.03
-7513.94
-8475.46
-9421.97
-10351.9
-11263.7
-12156
-13027.2
-13876.2
-14701.7
-15502.3
-16277.1
-17024.9
-17744.8
-18435.8
-19097
-19727.6
-20326.9
-20894.1
-21428.7
-21930.1
-22397.6
-22830.9
-23229.5
-23593
-23921.1
-24213.5
-24469.8
-24689.9
-24873.6
-25020.7
-25131.1
-25204.7
-25241.5
-507.542
-1523.93
-2539.77
-3551.01
-4555.83
-5552.42
-6539.03
-7513.94
-8475.47
-9421.98
-10351.9
-11263.7
-12156
-13027.3
-13876.2
-14701.7
-15502.3
-16277.1
-17025
-17744.8
-18435.8
-19097
-19727.6
-20326.9
-20894.1
-21428.7
-21930.1
-22397.6
-22830.9
-23229.5
-23593.1
-23921.1
-24213.5
-24469.8
-24689.9
-24873.6
-25020.7
-25131.1
-25204.7
-25241.5
-507.543
-1523.93
-2539.77
-3551.01
-4555.83
-5552.42
-6539.04
-7513.95
-8475.47
-9421.99
-10351.9
-11263.7
-12156
-13027.3
-13876.3
-14701.7
-15502.4
-16277.1
-17025
-17744.8
-18435.8
-19097
-19727.6
-20326.9
-20894.1
-21428.7
-21930.1
-22397.6
-22831
-23229.6
-23593.1
-23921.2
-24213.5
-24469.8
-24689.9
-24873.6
-25020.7
-25131.1
-25204.7
-25241.5
-507.543
-1523.93
-2539.78
-3551.02
-4555.83
-5552.43
-6539.04
-7513.95
-8475.48
-9421.99
-10351.9
-11263.7
-12156
-13027.3
-13876.3
-14701.7
-15502.4
-16277.1
-17025
-17744.8
-18435.8
-19097
-19727.6
-20326.9
-20894.2
-21428.8
-21930.1
-22397.7
-22831
-23229.6
-23593.1
-23921.2
-24213.5
-24469.9
-24690
-24873.6
-25020.7
-25131.1
-25204.7
-25241.5
-507.544
-1523.93
-2539.78
-3551.02
-4555.84
-5552.43
-6539.05
-7513.96
-8475.48
-9422
-10351.9
-11263.7
-12156
-13027.3
-13876.3
-14701.7
-15502.4
-16277.2
-17025
-17744.8
-18435.8
-19097
-19727.6
-20326.9
-20894.2
-21428.8
-21930.1
-22397.7
-22831
-23229.6
-23593.1
-23921.2
-24213.5
-24469.9
-24690
-24873.7
-25020.8
-25131.2
-25204.7
-25241.6
-507.544
-1523.93
-2539.78
-3551.02
-4555.84
-5552.44
-6539.05
-7513.96
-8475.49
-9422
-10351.9
-11263.7
-12156
-13027.3
-13876.3
-14701.7
-15502.4
-16277.2
-17025
-17744.9
-18435.8
-19097
-19727.6
-20326.9
-20894.2
-21428.8
-21930.1
-22397.7
-22831
-23229.6
-23593.1
-23921.2
-24213.5
-24469.9
-24690
-24873.7
-25020.8
-25131.2
-25204.8
-25241.6
-507.544
-1523.93
-2539.78
-3551.02
-4555.84
-5552.44
-6539.05
-7513.97
-8475.49
-9422.01
-10351.9
-11263.8
-12156
-13027.3
-13876.3
-14701.7
-15502.4
-16277.2
-17025
-17744.9
-18435.8
-19097
-19727.7
-20326.9
-20894.2
-21428.8
-21930.1
-22397.7
-22831
-23229.6
-23593.1
-23921.2
-24213.6
-24469.9
-24690
-24873.7
-25020.8
-25131.2
-25204.8
-25241.6
-507.544
-1523.93
-2539.78
-3551.03
-4555.84
-5552.44
-6539.06
-7513.97
-8475.5
-9422.01
-10351.9
-11263.8
-12156
-13027.3
-13876.3
-14701.7
-15502.4
-16277.2
-17025
-17744.9
-18435.8
-19097
-19727.7
-20327
-20894.2
-21428.8
-21930.1
-22397.7
-22831
-23229.6
-23593.1
-23921.2
-24213.6
-24469.9
-24690
-24873.7
-25020.8
-25131.2
-25204.8
-25241.6
-507.545
-1523.93
-2539.78
-3551.03
-4555.85
-5552.44
-6539.06
-7513.97
-8475.5
-9422.02
-10351.9
-11263.8
-12156
-13027.3
-13876.3
-14701.7
-15502.4
-16277.2
-17025
-17744.9
-18435.9
-19097.1
-19727.7
-20327
-20894.2
-21428.8
-21930.2
-22397.7
-22831
-23229.6
-23593.2
-23921.2
-24213.6
-24469.9
-24690
-24873.7
-25020.8
-25131.2
-25204.8
-25241.6
-507.545
-1523.93
-2539.78
-3551.03
-4555.85
-5552.45
-6539.06
-7513.98
-8475.5
-9422.02
-10351.9
-11263.8
-12156
-13027.3
-13876.3
-14701.7
-15502.4
-16277.2
-17025
-17744.9
-18435.9
-19097.1
-19727.7
-20327
-20894.2
-21428.8
-21930.2
-22397.7
-22831
-23229.6
-23593.2
-23921.2
-24213.6
-24469.9
-24690
-24873.7
-25020.8
-25131.2
-25204.8
-25241.6
-507.545
-1523.93
-2539.78
-3551.03
-4555.85
-5552.45
-6539.07
-7513.98
-8475.51
-9422.02
-10352
-11263.8
-12156
-13027.3
-13876.3
-14701.7
-15502.4
-16277.2
-17025
-17744.9
-18435.9
-19097.1
-19727.7
-20327
-20894.2
-21428.8
-21930.2
-22397.7
-22831
-23229.7
-23593.2
-23921.3
-24213.6
-24469.9
-24690.1
-24873.7
-25020.8
-25131.2
-25204.8
-25241.6
-507.545
-1523.93
-2539.79
-3551.03
-4555.85
-5552.45
-6539.07
-7513.98
-8475.51
-9422.03
-10352
-11263.8
-12156
-13027.3
-13876.3
-14701.7
-15502.4
-16277.2
-17025
-17744.9
-18435.9
-19097.1
-19727.7
-20327
-20894.2
-21428.8
-21930.2
-22397.8
-22831.1
-23229.7
-23593.2
-23921.3
-24213.6
-24470
-24690.1
-24873.7
-25020.8
-25131.2
-25204.8
-25241.6
-507.545
-1523.93
-2539.79
-3551.03
-4555.85
-5552.45
-6539.07
-7513.98
-8475.51
-9422.03
-10352
-11263.8
-12156
-13027.3
-13876.3
-14701.8
-15502.4
-16277.2
-17025
-17744.9
-18435.9
-19097.1
-19727.7
-20327
-20894.2
-21428.8
-21930.2
-22397.8
-22831.1
-23229.7
-23593.2
-23921.3
-24213.6
-24470
-24690.1
-24873.7
-25020.8
-25131.2
-25204.8
-25241.6
-507.545
-1523.93
-2539.79
-3551.03
-4555.85
-5552.45
-6539.07
-7513.98
-8475.51
-9422.03
-10352
-11263.8
-12156
-13027.3
-13876.3
-14701.8
-15502.4
-16277.2
-17025
-17744.9
-18435.9
-19097.1
-19727.7
-20327
-20894.3
-21428.9
-21930.2
-22397.8
-22831.1
-23229.7
-23593.2
-23921.3
-24213.6
-24470
-24690.1
-24873.8
-25020.9
-25131.2
-25204.8
-25241.7
-507.545
-1523.93
-2539.79
-3551.03
-4555.85
-5552.45
-6539.07
-7513.99
-8475.52
-9422.03
-10352
-11263.8
-12156
-13027.3
-13876.3
-14701.8
-15502.4
-16277.2
-17025.1
-17744.9
-18435.9
-19097.1
-19727.7
-20327
-20894.3
-21428.9
-21930.2
-22397.8
-22831.1
-23229.7
-23593.2
-23921.3
-24213.6
-24470
-24690.1
-24873.8
-25020.9
-25131.3
-25204.8
-25241.7
-507.546
-1523.94
-2539.79
-3551.03
-4555.85
-5552.45
-6539.07
-7513.99
-8475.52
-9422.03
-10352
-11263.8
-12156
-13027.3
-13876.3
-14701.8
-15502.4
-16277.2
-17025.1
-17744.9
-18435.9
-19097.1
-19727.7
-20327
-20894.3
-21428.9
-21930.2
-22397.8
-22831.1
-23229.7
-23593.2
-23921.3
-24213.6
-24470
-24690.1
-24873.8
-25020.9
-25131.3
-25204.9
-25241.7
-507.546
-1523.94
-2539.79
-3551.03
-4555.85
-5552.45
-6539.07
-7513.99
-8475.52
-9422.04
-10352
-11263.8
-12156
-13027.3
-13876.3
-14701.8
-15502.4
-16277.2
-17025.1
-17744.9
-18435.9
-19097.1
-19727.7
-20327
-20894.3
-21428.9
-21930.2
-22397.8
-22831.1
-23229.7
-23593.2
-23921.3
-24213.6
-24470
-24690.1
-24873.8
-25020.9
-25131.3
-25204.9
-25241.7
-507.546
-1523.94
-2539.79
-3551.03
-4555.85
-5552.45
-6539.07
-7513.99
-8475.52
-9422.04
-10352
-11263.8
-12156
-13027.3
-13876.3
-14701.8
-15502.4
-16277.2
-17025.1
-17744.9
-18435.9
-19097.1
-19727.7
-20327
-20894.3
-21428.9
-21930.2
-22397.8
-22831.1
-23229.7
-23593.2
-23921.3
-24213.6
-24470
-24690.1
-24873.8
-25020.9
-25131.3
-25204.9
-25241.7
-507.546
-1523.94
-2539.79
-3551.03
-4555.85
-5552.45
-6539.07
-7513.99
-8475.52
-9422.04
-10352
-11263.8
-12156
-13027.3
-13876.3
-14701.8
-15502.4
-16277.2
-17025.1
-17744.9
-18435.9
-19097.1
-19727.7
-20327
-20894.3
-21428.9
-21930.2
-22397.8
-22831.1
-23229.7
-23593.2
-23921.3
-24213.6
-24470
-24690.1
-24873.8
-25020.9
-25131.3
-25204.9
-25241.7
-507.546
-1523.94
-2539.79
-3551.03
-4555.85
-5552.45
-6539.07
-7513.99
-8475.52
-9422.04
-10352
-11263.8
-12156
-13027.3
-13876.3
-14701.8
-15502.4
-16277.2
-17025.1
-17744.9
-18435.9
-19097.1
-19727.7
-20327
-20894.3
-21428.9
-21930.2
-22397.8
-22831.1
-23229.7
-23593.2
-23921.3
-24213.6
-24470
-24690.1
-24873.8
-25020.9
-25131.3
-25204.9
-25241.7
-507.546
-1523.94
-2539.79
-3551.03
-4555.85
-5552.45
-6539.07
-7513.99
-8475.52
-9422.04
-10352
-11263.8
-12156
-13027.3
-13876.3
-14701.8
-15502.4
-16277.2
-17025.1
-17744.9
-18435.9
-19097.1
-19727.7
-20327
-20894.3
-21428.9
-21930.2
-22397.8
-22831.1
-23229.7
-23593.2
-23921.3
-24213.7
-24470
-24690.1
-24873.8
-25020.9
-25131.3
-25204.9
-25241.7
-507.546
-1523.94
-2539.79
-3551.03
-4555.85
-5552.45
-6539.07
-7513.99
-8475.52
-9422.04
-10352
-11263.8
-12156
-13027.3
-13876.3
-14701.8
-15502.4
-16277.2
-17025.1
-17744.9
-18435.9
-19097.1
-19727.7
-20327
-20894.3
-21428.9
-21930.2
-22397.8
-22831.1
-23229.7
-23593.2
-23921.3
-24213.7
-24470
-24690.1
-24873.8
-25020.9
-25131.3
-25204.9
-25241.7
-507.546
-1523.94
-2539.79
-3551.03
-4555.85
-5552.45
-6539.07
-7513.99
-8475.52
-9422.04
-10352
-11263.8
-12156
-13027.3
-13876.3
-14701.8
-15502.4
-16277.2
-17025.1
-17744.9
-18435.9
-19097.1
-19727.7
-20327
-20894.3
-21428.9
-21930.2
-22397.8
-22831.1
-23229.7
-23593.2
-23921.3
-24213.7
-24470
-24690.1
-24873.8
-25020.9
-25131.3
-25204.9
-25241.7
-507.546
-1523.94
-2539.79
-3551.03
-4555.85
-5552.45
-6539.07
-7513.99
-8475.52
-9422.04
-10352
-11263.8
-12156
-13027.3
-13876.3
-14701.8
-15502.4
-16277.2
-17025.1
-17744.9
-18435.9
-19097.1
-19727.7
-20327
-20894.3
-21428.9
-21930.2
-22397.8
-22831.1
-23229.7
-23593.2
-23921.3
-24213.7
-24470
-24690.1
-24873.8
-25020.9
-25131.3
-25204.9
-25241.7
-507.545
-1523.93
-2539.79
-3551.03
-4555.85
-5552.45
-6539.07
-7513.99
-8475.52
-9422.04
-10352
-11263.8
-12156
-13027.3
-13876.3
-14701.8
-15502.4
-16277.2
-17025.1
-17744.9
-18435.9
-19097.1
-19727.7
-20327
-20894.3
-21428.9
-21930.2
-22397.8
-22831.1
-23229.7
-23593.2
-23921.3
-24213.7
-24470
-24690.1
-24873.8
-25020.9
-25131.3
-25204.9
-25241.7
-507.545
-1523.93
-2539.79
-3551.03
-4555.85
-5552.45
-6539.07
-7513.99
-8475.52
-9422.04
-10352
-11263.8
-12156
-13027.3
-13876.3
-14701.8
-15502.4
-16277.2
-17025.1
-17744.9
-18435.9
-19097.1
-19727.7
-20327
-20894.3
-21428.9
-21930.2
-22397.8
-22831.1
-23229.7
-23593.2
-23921.3
-24213.7
-24470
-24690.1
-24873.8
-25020.9
-25131.3
-25204.9
-25241.7
-507.545
-1523.93
-2539.79
-3551.03
-4555.85
-5552.45
-6539.07
-7513.99
-8475.52
-9422.04
-10352
-11263.8
-12156
-13027.3
-13876.3
-14701.8
-15502.4
-16277.2
-17025.1
-17744.9
-18435.9
-19097.1
-19727.7
-20327
-20894.3
-21428.9
-21930.2
-22397.8
-22831.1
-23229.7
-23593.2
-23921.3
-24213.7
-24470
-24690.1
-24873.8
-25020.9
-25131.3
-25204.9
-25241.7
-507.545
-1523.93
-2539.78
-3551.03
-4555.85
-5552.45
-6539.07
-7513.99
-8475.52
-9422.04
-10352
-11263.8
-12156
-13027.3
-13876.3
-14701.8
-15502.4
-16277.2
-17025.1
-17744.9
-18435.9
-19097.1
-19727.7
-20327
-20894.3
-21428.9
-21930.2
-22397.8
-22831.1
-23229.7
-23593.2
-23921.3
-24213.7
-24470
-24690.1
-24873.8
-25020.9
-25131.3
-25204.9
-25241.7
-507.543
-1523.93
-2539.78
-3551.03
-4555.85
-5552.45
-6539.07
-7513.98
-8475.52
-9422.03
-10352
-11263.8
-12156
-13027.3
-13876.3
-14701.8
-15502.4
-16277.2
-17025.1
-17744.9
-18435.9
-19097.1
-19727.7
-20327
-20894.3
-21428.9
-21930.2
-22397.8
-22831.1
-23229.7
-23593.2
-23921.3
-24213.7
-24470
-24690.1
-24873.8
-25020.9
-25131.3
-25204.9
-25241.7
-507.54
-1523.93
-2539.78
-3551.03
-4555.85
-5552.45
-6539.07
-7513.98
-8475.52
-9422.03
-10352
-11263.8
-12156
-13027.3
-13876.3
-14701.8
-15502.4
-16277.2
-17025.1
-17744.9
-18435.9
-19097.1
-19727.7
-20327
-20894.3
-21428.9
-21930.2
-22397.8
-22831.1
-23229.7
-23593.2
-23921.3
-24213.7
-24470
-24690.1
-24873.8
-25020.9
-25131.3
-25204.9
-25241.7
-513.715
-1542.45
-2570.62
-3594.07
-4610.93
-5619.38
-6617.61
-7603.87
-8576.44
-9533.66
-10473.9
-11395.7
-12297.6
-13178
-14035.8
-14869.6
-15678.1
-16460.4
-17215.3
-17941.7
-18638.9
-19305.9
-19941.9
-20546.2
-21118
-21656.9
-22162.1
-22633.2
-23069.7
-23471.2
-23837.3
-24167.6
-24462
-24720
-24941.6
-25126.5
-25274.5
-25385.6
-25459.7
-25496.7
-513.718
-1542.46
-2570.62
-3594.07
-4610.93
-5619.38
-6617.61
-7603.87
-8576.44
-9533.66
-10473.9
-11395.7
-12297.6
-13178
-14035.8
-14869.6
-15678.1
-16460.4
-17215.3
-17941.7
-18638.9
-19305.9
-19941.9
-20546.2
-21118
-21656.9
-22162.1
-22633.2
-23069.7
-23471.2
-23837.3
-24167.6
-24462
-24720
-24941.6
-25126.5
-25274.5
-25385.6
-25459.7
-25496.7
-513.719
-1542.46
-2570.62
-3594.07
-4610.93
-5619.38
-6617.61
-7603.87
-8576.44
-9533.67
-10473.9
-11395.7
-12297.6
-13178
-14035.8
-14869.6
-15678.1
-16460.4
-17215.3
-17941.7
-18638.9
-19305.9
-19941.9
-20546.2
-21118
-21656.9
-22162.1
-22633.2
-23069.7
-23471.2
-23837.3
-24167.6
-24462
-24720
-24941.6
-25126.5
-25274.5
-25385.6
-25459.7
-25496.7
-513.719
-1542.46
-2570.63
-3594.07
-4610.93
-5619.38
-6617.61
-7603.87
-8576.44
-9533.67
-10474
-11395.7
-12297.6
-13178
-14035.8
-14869.6
-15678.1
-16460.4
-17215.3
-17941.8
-18638.9
-19305.9
-19941.9
-20546.2
-21118
-21656.9
-22162.1
-22633.2
-23069.7
-23471.2
-23837.3
-24167.6
-24462
-24720
-24941.6
-25126.5
-25274.5
-25385.6
-25459.7
-25496.7
-513.72
-1542.46
-2570.63
-3594.07
-4610.94
-5619.38
-6617.62
-7603.87
-8576.45
-9533.67
-10474
-11395.8
-12297.6
-13178.1
-14035.8
-14869.6
-15678.2
-16460.4
-17215.3
-17941.8
-18638.9
-19305.9
-19941.9
-20546.2
-21118.1
-21656.9
-22162.1
-22633.2
-23069.7
-23471.2
-23837.3
-24167.6
-24462
-24720
-24941.6
-25126.5
-25274.5
-25385.6
-25459.7
-25496.7
-513.72
-1542.46
-2570.63
-3594.07
-4610.94
-5619.39
-6617.62
-7603.88
-8576.45
-9533.68
-10474
-11395.8
-12297.6
-13178.1
-14035.8
-14869.6
-15678.2
-16460.4
-17215.3
-17941.8
-18638.9
-19305.9
-19941.9
-20546.2
-21118.1
-21656.9
-22162.1
-22633.2
-23069.7
-23471.2
-23837.3
-24167.7
-24462
-24720
-24941.6
-25126.5
-25274.5
-25385.6
-25459.7
-25496.7
-513.72
-1542.46
-2570.63
-3594.08
-4610.94
-5619.39
-6617.62
-7603.88
-8576.45
-9533.68
-10474
-11395.8
-12297.6
-13178.1
-14035.8
-14869.6
-15678.2
-16460.4
-17215.3
-17941.8
-18638.9
-19305.9
-19941.9
-20546.2
-21118.1
-21656.9
-22162.1
-22633.2
-23069.7
-23471.2
-23837.3
-24167.7
-24462
-24720.1
-24941.6
-25126.5
-25274.5
-25385.6
-25459.7
-25496.8
-513.721
-1542.47
-2570.63
-3594.08
-4610.94
-5619.39
-6617.63
-7603.89
-8576.46
-9533.69
-10474
-11395.8
-12297.6
-13178.1
-14035.8
-14869.6
-15678.2
-16460.4
-17215.3
-17941.8
-18639
-19305.9
-19941.9
-20546.2
-21118.1
-21656.9
-22162.1
-22633.2
-23069.7
-23471.2
-23837.3
-24167.7
-24462
-24720.1
-24941.6
-25126.5
-25274.6
-25385.7
-25459.7
-25496.8
-513.721
-1542.47
-2570.63
-3594.08
-4610.95
-5619.4
-6617.63
-7603.89
-8576.46
-9533.69
-10474
-11395.8
-12297.6
-13178.1
-14035.8
-14869.6
-15678.2
-16460.4
-17215.3
-17941.8
-18639
-19306
-19942
-20546.2
-21118.1
-21656.9
-22162.1
-22633.2
-23069.7
-23471.2
-23837.3
-24167.7
-24462
-24720.1
-24941.6
-25126.5
-25274.6
-25385.7
-25459.7
-25496.8
-513.722
-1542.47
-2570.64
-3594.08
-4610.95
-5619.4
-6617.64
-7603.9
-8576.47
-9533.7
-10474
-11395.8
-12297.6
-13178.1
-14035.8
-14869.6
-15678.2
-16460.5
-17215.3
-17941.8
-18639
-19306
-19942
-20546.2
-21118.1
-21656.9
-22162.2
-22633.3
-23069.8
-23471.2
-23837.3
-24167.7
-24462
-24720.1
-24941.7
-25126.5
-25274.6
-25385.7
-25459.7
-25496.8
-513.722
-1542.47
-2570.64
-3594.09
-4610.95
-5619.41
-6617.64
-7603.9
-8576.48
-9533.71
-10474
-11395.8
-12297.6
-13178.1
-14035.9
-14869.6
-15678.2
-16460.5
-17215.3
-17941.8
-18639
-19306
-19942
-20546.3
-21118.1
-21656.9
-22162.2
-22633.3
-23069.8
-23471.3
-23837.4
-24167.7
-24462.1
-24720.1
-24941.7
-25126.6
-25274.6
-25385.7
-25459.8
-25496.8
-513.722
-1542.47
-2570.64
-3594.09
-4610.96
-5619.41
-6617.65
-7603.91
-8576.48
-9533.71
-10474
-11395.8
-12297.6
-13178.1
-14035.9
-14869.6
-15678.2
-16460.5
-17215.3
-17941.8
-18639
-19306
-19942
-20546.3
-21118.1
-21657
-22162.2
-22633.3
-23069.8
-23471.3
-23837.4
-24167.7
-24462.1
-24720.1
-24941.7
-25126.6
-25274.6
-25385.7
-25459.8
-25496.8
-513.723
-1542.47
-2570.64
-3594.09
-4610.96
-5619.41
-6617.65
-7603.91
-8576.49
-9533.72
-10474
-11395.8
-12297.6
-13178.1
-14035.9
-14869.6
-15678.2
-16460.5
-17215.4
-17941.8
-18639
-19306
-19942
-20546.3
-21118.1
-21657
-22162.2
-22633.3
-23069.8
-23471.3
-23837.4
-24167.7
-24462.1
-24720.1
-24941.7
-25126.6
-25274.6
-25385.7
-25459.8
-25496.8
-513.723
-1542.47
-2570.64
-3594.09
-4610.96
-5619.42
-6617.66
-7603.92
-8576.49
-9533.73
-10474
-11395.8
-12297.7
-13178.1
-14035.9
-14869.7
-15678.2
-16460.5
-17215.4
-17941.9
-18639
-19306
-19942
-20546.3
-21118.2
-21657
-22162.2
-22633.3
-23069.8
-23471.3
-23837.4
-24167.8
-24462.1
-24720.2
-24941.7
-25126.6
-25274.7
-25385.8
-25459.8
-25496.9
-513.723
-1542.47
-2570.64
-3594.1
-4610.97
-5619.42
-6617.66
-7603.92
-8576.5
-9533.73
-10474
-11395.8
-12297.7
-13178.1
-14035.9
-14869.7
-15678.2
-16460.5
-17215.4
-17941.9
-18639
-19306
-19942
-20546.3
-21118.2
-21657
-22162.2
-22633.3
-23069.8
-23471.3
-23837.4
-24167.8
-24462.1
-24720.2
-24941.7
-25126.6
-25274.7
-25385.8
-25459.8
-25496.9
-513.724
-1542.47
-2570.65
-3594.1
-4610.97
-5619.43
-6617.66
-7603.93
-8576.51
-9533.74
-10474
-11395.8
-12297.7
-13178.1
-14035.9
-14869.7
-15678.3
-16460.5
-17215.4
-17941.9
-18639
-19306
-19942
-20546.3
-21118.2
-21657
-22162.2
-22633.3
-23069.9
-23471.3
-23837.4
-24167.8
-24462.1
-24720.2
-24941.8
-25126.6
-25274.7
-25385.8
-25459.8
-25496.9
-513.724
-1542.47
-2570.65
-3594.1
-4610.97
-5619.43
-6617.67
-7603.93
-8576.51
-9533.74
-10474
-11395.8
-12297.7
-13178.2
-14035.9
-14869.7
-15678.3
-16460.5
-17215.4
-17941.9
-18639.1
-19306
-19942.1
-20546.3
-21118.2
-21657
-22162.3
-22633.4
-23069.9
-23471.4
-23837.4
-24167.8
-24462.1
-24720.2
-24941.8
-25126.6
-25274.7
-25385.8
-25459.9
-25496.9
-513.724
-1542.48
-2570.65
-3594.1
-4610.98
-5619.43
-6617.67
-7603.94
-8576.51
-9533.75
-10474
-11395.8
-12297.7
-13178.2
-14035.9
-14869.7
-15678.3
-16460.5
-17215.4
-17941.9
-18639.1
-19306.1
-19942.1
-20546.3
-21118.2
-21657
-22162.3
-22633.4
-23069.9
-23471.4
-23837.5
-24167.8
-24462.2
-24720.2
-24941.8
-25126.7
-25274.7
-25385.8
-25459.9
-25496.9
-513.725
-1542.48
-2570.65
-3594.1
-4610.98
-5619.43
-6617.67
-7603.94
-8576.52
-9533.75
-10474
-11395.8
-12297.7
-13178.2
-14035.9
-14869.7
-15678.3
-16460.5
-17215.4
-17941.9
-18639.1
-19306.1
-19942.1
-20546.3
-21118.2
-21657.1
-22162.3
-22633.4
-23069.9
-23471.4
-23837.5
-24167.8
-24462.2
-24720.2
-24941.8
-25126.7
-25274.7
-25385.8
-25459.9
-25496.9
-513.725
-1542.48
-2570.65
-3594.11
-4610.98
-5619.44
-6617.68
-7603.94
-8576.52
-9533.76
-10474
-11395.9
-12297.7
-13178.2
-14035.9
-14869.7
-15678.3
-16460.5
-17215.4
-17941.9
-18639.1
-19306.1
-19942.1
-20546.4
-21118.2
-21657.1
-22162.3
-22633.4
-23069.9
-23471.4
-23837.5
-24167.8
-24462.2
-24720.2
-24941.8
-25126.7
-25274.7
-25385.8
-25459.9
-25496.9
-513.725
-1542.48
-2570.65
-3594.11
-4610.98
-5619.44
-6617.68
-7603.94
-8576.52
-9533.76
-10474.1
-11395.9
-12297.7
-13178.2
-14035.9
-14869.7
-15678.3
-16460.6
-17215.4
-17941.9
-18639.1
-19306.1
-19942.1
-20546.4
-21118.2
-21657.1
-22162.3
-22633.4
-23069.9
-23471.4
-23837.5
-24167.8
-24462.2
-24720.2
-24941.8
-25126.7
-25274.7
-25385.8
-25459.9
-25496.9
-513.725
-1542.48
-2570.65
-3594.11
-4610.98
-5619.44
-6617.68
-7603.95
-8576.53
-9533.76
-10474.1
-11395.9
-12297.7
-13178.2
-14035.9
-14869.7
-15678.3
-16460.6
-17215.4
-17941.9
-18639.1
-19306.1
-19942.1
-20546.4
-21118.2
-21657.1
-22162.3
-22633.4
-23069.9
-23471.4
-23837.5
-24167.9
-24462.2
-24720.3
-24941.8
-25126.7
-25274.7
-25385.8
-25459.9
-25497
-513.725
-1542.48
-2570.65
-3594.11
-4610.98
-5619.44
-6617.68
-7603.95
-8576.53
-9533.77
-10474.1
-11395.9
-12297.7
-13178.2
-14035.9
-14869.7
-15678.3
-16460.6
-17215.4
-17941.9
-18639.1
-19306.1
-19942.1
-20546.4
-21118.2
-21657.1
-22162.3
-22633.4
-23069.9
-23471.4
-23837.5
-24167.9
-24462.2
-24720.3
-24941.8
-25126.7
-25274.8
-25385.9
-25459.9
-25497
-513.725
-1542.48
-2570.65
-3594.11
-4610.98
-5619.44
-6617.68
-7603.95
-8576.53
-9533.77
-10474.1
-11395.9
-12297.7
-13178.2
-14035.9
-14869.7
-15678.3
-16460.6
-17215.4
-17941.9
-18639.1
-19306.1
-19942.1
-20546.4
-21118.3
-21657.1
-22162.3
-22633.4
-23069.9
-23471.4
-23837.5
-24167.9
-24462.2
-24720.3
-24941.8
-25126.7
-25274.8
-25385.9
-25459.9
-25497
-513.725
-1542.48
-2570.65
-3594.11
-4610.98
-5619.44
-6617.68
-7603.95
-8576.53
-9533.77
-10474.1
-11395.9
-12297.7
-13178.2
-14035.9
-14869.7
-15678.3
-16460.6
-17215.4
-17941.9
-18639.1
-19306.1
-19942.1
-20546.4
-21118.3
-21657.1
-22162.3
-22633.4
-23069.9
-23471.4
-23837.5
-24167.9
-24462.2
-24720.3
-24941.8
-25126.7
-25274.8
-25385.9
-25459.9
-25497
-513.725
-1542.48
-2570.65
-3594.11
-4610.98
-5619.44
-6617.68
-7603.95
-8576.53
-9533.77
-10474.1
-11395.9
-12297.7
-13178.2
-14035.9
-14869.7
-15678.3
-16460.6
-17215.4
-17941.9
-18639.1
-19306.1
-19942.1
-20546.4
-21118.3
-21657.1
-22162.3
-22633.4
-23069.9
-23471.4
-23837.5
-24167.9
-24462.2
-24720.3
-24941.8
-25126.7
-25274.8
-25385.9
-25459.9
-25497
-513.725
-1542.48
-2570.65
-3594.11
-4610.99
-5619.44
-6617.69
-7603.95
-8576.53
-9533.77
-10474.1
-11395.9
-12297.7
-13178.2
-14035.9
-14869.7
-15678.3
-16460.6
-17215.4
-17941.9
-18639.1
-19306.1
-19942.1
-20546.4
-21118.3
-21657.1
-22162.3
-22633.4
-23069.9
-23471.4
-23837.5
-24167.9
-24462.2
-24720.3
-24941.8
-25126.7
-25274.8
-25385.9
-25459.9
-25497
-513.725
-1542.48
-2570.65
-3594.11
-4610.99
-5619.44
-6617.69
-7603.95
-8576.53
-9533.77
-10474.1
-11395.9
-12297.7
-13178.2
-14035.9
-14869.7
-15678.3
-16460.6
-17215.5
-17941.9
-18639.1
-19306.1
-19942.1
-20546.4
-21118.3
-21657.1
-22162.3
-22633.4
-23069.9
-23471.4
-23837.5
-24167.9
-24462.2
-24720.3
-24941.8
-25126.7
-25274.8
-25385.9
-25459.9
-25497
-513.725
-1542.48
-2570.65
-3594.11
-4610.99
-5619.44
-6617.69
-7603.95
-8576.53
-9533.77
-10474.1
-11395.9
-12297.7
-13178.2
-14036
-14869.7
-15678.3
-16460.6
-17215.5
-17941.9
-18639.1
-19306.1
-19942.1
-20546.4
-21118.3
-21657.1
-22162.3
-22633.4
-23069.9
-23471.4
-23837.5
-24167.9
-24462.2
-24720.3
-24941.8
-25126.7
-25274.8
-25385.9
-25459.9
-25497
-513.725
-1542.48
-2570.65
-3594.11
-4610.98
-5619.44
-6617.69
-7603.95
-8576.53
-9533.77
-10474.1
-11395.9
-12297.7
-13178.2
-14036
-14869.7
-15678.3
-16460.6
-17215.5
-17941.9
-18639.1
-19306.1
-19942.1
-20546.4
-21118.3
-21657.1
-22162.3
-22633.4
-23069.9
-23471.4
-23837.5
-24167.9
-24462.2
-24720.3
-24941.9
-25126.7
-25274.8
-25385.9
-25459.9
-25497
-513.725
-1542.48
-2570.65
-3594.11
-4610.98
-5619.44
-6617.68
-7603.95
-8576.53
-9533.77
-10474.1
-11395.9
-12297.7
-13178.2
-14036
-14869.7
-15678.3
-16460.6
-17215.5
-17941.9
-18639.1
-19306.1
-19942.1
-20546.4
-21118.3
-21657.1
-22162.3
-22633.4
-23069.9
-23471.4
-23837.5
-24167.9
-24462.2
-24720.3
-24941.9
-25126.7
-25274.8
-25385.9
-25459.9
-25497
-513.725
-1542.48
-2570.65
-3594.11
-4610.98
-5619.44
-6617.68
-7603.95
-8576.53
-9533.77
-10474.1
-11395.9
-12297.7
-13178.2
-14036
-14869.7
-15678.3
-16460.6
-17215.5
-17941.9
-18639.1
-19306.1
-19942.1
-20546.4
-21118.3
-21657.1
-22162.3
-22633.4
-23069.9
-23471.4
-23837.5
-24167.9
-24462.2
-24720.3
-24941.9
-25126.7
-25274.8
-25385.9
-25459.9
-25497
-513.725
-1542.48
-2570.65
-3594.11
-4610.98
-5619.44
-6617.68
-7603.95
-8576.53
-9533.77
-10474.1
-11395.9
-12297.7
-13178.2
-14035.9
-14869.7
-15678.3
-16460.6
-17215.5
-17941.9
-18639.1
-19306.1
-19942.1
-20546.4
-21118.3
-21657.1
-22162.3
-22633.4
-23069.9
-23471.4
-23837.5
-24167.9
-24462.2
-24720.3
-24941.9
-25126.7
-25274.8
-25385.9
-25459.9
-25497
-513.725
-1542.48
-2570.65
-3594.11
-4610.98
-5619.44
-6617.68
-7603.95
-8576.53
-9533.77
-10474.1
-11395.9
-12297.7
-13178.2
-14035.9
-14869.7
-15678.3
-16460.6
-17215.5
-17941.9
-18639.1
-19306.1
-19942.1
-20546.4
-21118.3
-21657.1
-22162.3
-22633.4
-23069.9
-23471.4
-23837.5
-24167.9
-24462.2
-24720.3
-24941.9
-25126.7
-25274.8
-25385.9
-25459.9
-25497
-513.725
-1542.48
-2570.65
-3594.11
-4610.98
-5619.44
-6617.68
-7603.95
-8576.53
-9533.77
-10474.1
-11395.9
-12297.7
-13178.2
-14035.9
-14869.7
-15678.3
-16460.6
-17215.5
-17941.9
-18639.1
-19306.1
-19942.1
-20546.4
-21118.3
-21657.1
-22162.3
-22633.4
-23069.9
-23471.4
-23837.5
-24167.9
-24462.2
-24720.3
-24941.9
-25126.7
-25274.8
-25385.9
-25460
-25497
-513.725
-1542.48
-2570.65
-3594.11
-4610.98
-5619.44
-6617.68
-7603.95
-8576.53
-9533.77
-10474.1
-11395.9
-12297.7
-13178.2
-14035.9
-14869.7
-15678.3
-16460.6
-17215.5
-17941.9
-18639.1
-19306.1
-19942.1
-20546.4
-21118.3
-21657.1
-22162.3
-22633.4
-23069.9
-23471.4
-23837.5
-24167.9
-24462.2
-24720.3
-24941.9
-25126.7
-25274.8
-25385.9
-25460
-25497
-513.725
-1542.48
-2570.65
-3594.11
-4610.98
-5619.44
-6617.68
-7603.95
-8576.53
-9533.77
-10474.1
-11395.9
-12297.7
-13178.2
-14035.9
-14869.7
-15678.3
-16460.6
-17215.5
-17941.9
-18639.1
-19306.1
-19942.1
-20546.4
-21118.3
-21657.1
-22162.3
-22633.4
-23069.9
-23471.4
-23837.5
-24167.9
-24462.2
-24720.3
-24941.9
-25126.7
-25274.8
-25385.9
-25460
-25497
-513.724
-1542.48
-2570.65
-3594.11
-4610.98
-5619.44
-6617.68
-7603.95
-8576.53
-9533.77
-10474.1
-11395.9
-12297.7
-13178.2
-14035.9
-14869.7
-15678.3
-16460.6
-17215.4
-17941.9
-18639.1
-19306.1
-19942.1
-20546.4
-21118.3
-21657.1
-22162.3
-22633.4
-23069.9
-23471.4
-23837.5
-24167.9
-24462.2
-24720.3
-24941.9
-25126.7
-25274.8
-25385.9
-25459.9
-25497
-513.723
-1542.47
-2570.65
-3594.1
-4610.98
-5619.44
-6617.68
-7603.95
-8576.53
-9533.76
-10474.1
-11395.9
-12297.7
-13178.2
-14035.9
-14869.7
-15678.3
-16460.6
-17215.4
-17941.9
-18639.1
-19306.1
-19942.1
-20546.4
-21118.3
-21657.1
-22162.3
-22633.4
-23069.9
-23471.4
-23837.5
-24167.9
-24462.2
-24720.3
-24941.9
-25126.7
-25274.8
-25385.9
-25460
-25497
-513.72
-1542.47
-2570.65
-3594.1
-4610.98
-5619.44
-6617.68
-7603.95
-8576.53
-9533.76
-10474.1
-11395.9
-12297.7
-13178.2
-14035.9
-14869.7
-15678.3
-16460.6
-17215.4
-17941.9
-18639.1
-19306.1
-19942.1
-20546.4
-21118.3
-21657.1
-22162.3
-22633.4
-23069.9
-23471.4
-23837.5
-24167.9
-24462.2
-24720.3
-24941.9
-25126.7
-25274.8
-25385.9
-25460
-25497
-520.84
-1563.83
-2606.2
-3643.72
-4674.48
-5696.58
-6708.19
-7707.51
-8692.79
-9662.34
-10614.5
-11547.8
-12460.6
-13351.6
-14219.4
-15062.7
-15880.3
-16671.1
-17434
-18168.1
-18872.3
-19545.9
-20188
-20798
-21375.1
-21918.7
-22428.3
-22903.4
-23343.6
-23748.3
-24117.3
-24450.2
-24746.8
-25006.8
-25230
-25416.2
-25565.4
-25677.3
-25751.8
-25789.1
-520.843
-1563.84
-2606.21
-3643.72
-4674.48
-5696.58
-6708.19
-7707.51
-8692.79
-9662.34
-10614.5
-11547.8
-12460.6
-13351.6
-14219.4
-15062.7
-15880.3
-16671.1
-17434
-18168.1
-18872.3
-19545.9
-20188
-20798
-21375.1
-21918.7
-22428.3
-22903.4
-23343.6
-23748.3
-24117.3
-24450.2
-24746.8
-25006.8
-25230
-25416.2
-25565.4
-25677.3
-25751.8
-25789.2
-520.844
-1563.84
-2606.21
-3643.73
-4674.48
-5696.58
-6708.2
-7707.52
-8692.8
-9662.34
-10614.5
-11547.8
-12460.6
-13351.6
-14219.4
-15062.7
-15880.3
-16671.1
-17434
-18168.1
-18872.3
-19545.9
-20188
-20798
-21375.1
-21918.7
-22428.3
-22903.4
-23343.6
-23748.3
-24117.3
-24450.2
-24746.8
-25006.8
-25230
-25416.3
-25565.4
-25677.3
-25751.8
-25789.2
-520.844
-1563.84
-2606.21
-3643.73
-4674.48
-5696.59
-6708.2
-7707.52
-8692.8
-9662.35
-10614.5
-11547.8
-12460.6
-13351.6
-14219.4
-15062.7
-15880.3
-16671.1
-17434
-18168.1
-18872.3
-19545.9
-20188
-20798
-21375.1
-21918.7
-22428.3
-22903.4
-23343.6
-23748.3
-24117.3
-24450.2
-24746.8
-25006.8
-25230
-25416.3
-25565.4
-25677.3
-25751.9
-25789.2
-520.845
-1563.84
-2606.21
-3643.73
-4674.48
-5696.59
-6708.2
-7707.52
-8692.8
-9662.35
-10614.5
-11547.8
-12460.6
-13351.6
-14219.4
-15062.7
-15880.3
-16671.1
-17434.1
-18168.1
-18872.3
-19545.9
-20188
-20798
-21375.1
-21918.7
-22428.3
-22903.4
-23343.6
-23748.3
-24117.3
-24450.3
-24746.8
-25006.8
-25230
-25416.3
-25565.4
-25677.3
-25751.9
-25789.2
-520.845
-1563.84
-2606.21
-3643.73
-4674.48
-5696.59
-6708.2
-7707.53
-8692.81
-9662.35
-10614.5
-11547.8
-12460.6
-13351.6
-14219.4
-15062.7
-15880.3
-16671.1
-17434.1
-18168.1
-18872.3
-19545.9
-20188
-20798
-21375.1
-21918.7
-22428.4
-22903.5
-23343.6
-23748.3
-24117.3
-24450.3
-24746.8
-25006.8
-25230
-25416.3
-25565.4
-25677.3
-25751.9
-25789.2
-520.846
-1563.84
-2606.21
-3643.73
-4674.49
-5696.59
-6708.21
-7707.53
-8692.81
-9662.36
-10614.5
-11547.8
-12460.6
-13351.6
-14219.4
-15062.7
-15880.4
-16671.2
-17434.1
-18168.1
-18872.3
-19545.9
-20188
-20798
-21375.1
-21918.7
-22428.4
-22903.5
-23343.6
-23748.3
-24117.3
-24450.3
-24746.9
-25006.9
-25230.1
-25416.3
-25565.4
-25677.3
-25751.9
-25789.2
-520.846
-1563.84
-2606.22
-3643.74
-4674.49
-5696.6
-6708.21
-7707.53
-8692.82
-9662.37
-10614.6
-11547.8
-12460.7
-13351.6
-14219.4
-15062.7
-15880.4
-16671.2
-17434.1
-18168.1
-18872.4
-19545.9
-20188.1
-20798
-21375.1
-21918.8
-22428.4
-22903.5
-23343.6
-23748.4
-24117.4
-24450.3
-24746.9
-25006.9
-25230.1
-25416.3
-25565.4
-25677.3
-25751.9
-25789.2
-520.846
-1563.85
-2606.22
-3643.74
-4674.49
-5696.6
-6708.22
-7707.54
-8692.82
-9662.37
-10614.6
-11547.8
-12460.7
-13351.7
-14219.4
-15062.8
-15880.4
-16671.2
-17434.1
-18168.1
-18872.4
-19545.9
-20188.1
-20798
-21375.1
-21918.8
-22428.4
-22903.5
-23343.6
-23748.4
-24117.4
-24450.3
-24746.9
-25006.9
-25230.1
-25416.3
-25565.4
-25677.3
-25751.9
-25789.2
-520.847
-1563.85
-2606.22
-3643.74
-4674.5
-5696.61
-6708.22
-7707.55
-8692.83
-9662.38
-10614.6
-11547.8
-12460.7
-13351.7
-14219.5
-15062.8
-15880.4
-16671.2
-17434.1
-18168.1
-18872.4
-19546
-20188.1
-20798
-21375.1
-21918.8
-22428.4
-22903.5
-23343.6
-23748.4
-24117.4
-24450.3
-24746.9
-25006.9
-25230.1
-25416.3
-25565.4
-25677.3
-25751.9
-25789.2
-520.847
-1563.85
-2606.22
-3643.74
-4674.5
-5696.61
-6708.23
-7707.55
-8692.83
-9662.39
-10614.6
-11547.8
-12460.7
-13351.7
-14219.5
-15062.8
-15880.4
-16671.2
-17434.1
-18168.2
-18872.4
-19546
-20188.1
-20798
-21375.1
-21918.8
-22428.4
-22903.5
-23343.6
-23748.4
-24117.4
-24450.3
-24746.9
-25006.9
-25230.1
-25416.3
-25565.5
-25677.4
-25751.9
-25789.2
-520.847
-1563.85
-2606.22
-3643.75
-4674.5
-5696.61
-6708.23
-7707.56
-8692.84
-9662.39
-10614.6
-11547.8
-12460.7
-13351.7
-14219.5
-15062.8
-15880.4
-16671.2
-17434.1
-18168.2
-18872.4
-19546
-20188.1
-20798.1
-21375.2
-21918.8
-22428.4
-22903.5
-23343.7
-23748.4
-24117.4
-24450.3
-24746.9
-25006.9
-25230.1
-25416.4
-25565.5
-25677.4
-25752
-25789.3
-520.848
-1563.85
-2606.23
-3643.75
-4674.51
-5696.62
-6708.24
-7707.56
-8692.85
-9662.4
-10614.6
-11547.9
-12460.7
-13351.7
-14219.5
-15062.8
-15880.4
-16671.2
-17434.1
-18168.2
-18872.4
-19546
-20188.1
-20798.1
-21375.2
-21918.8
-22428.4
-22903.6
-23343.7
-23748.4
-24117.4
-24450.4
-24746.9
-25006.9
-25230.1
-25416.4
-25565.5
-25677.4
-25752
-25789.3
-520.848
-1563.85
-2606.23
-3643.75
-4674.51
-5696.62
-6708.24
-7707.57
-8692.85
-9662.41
-10614.6
-11547.9
-12460.7
-13351.7
-14219.5
-15062.8
-15880.4
-16671.2
-17434.1
-18168.2
-18872.4
-19546
-20188.1
-20798.1
-21375.2
-21918.8
-22428.5
-22903.6
-23343.7
-23748.4
-24117.4
-24450.4
-24747
-25007
-25230.2
-25416.4
-25565.5
-25677.4
-25752
-25789.3
-520.849
-1563.85
-2606.23
-3643.75
-4674.51
-5696.63
-6708.25
-7707.57
-8692.86
-9662.41
-10614.6
-11547.9
-12460.7
-13351.7
-14219.5
-15062.8
-15880.4
-16671.2
-17434.2
-18168.2
-18872.4
-19546
-20188.1
-20798.1
-21375.2
-21918.8
-22428.5
-22903.6
-23343.7
-23748.5
-24117.5
-24450.4
-24747
-25007
-25230.2
-25416.4
-25565.5
-25677.4
-25752
-25789.3
-520.849
-1563.85
-2606.23
-3643.76
-4674.52
-5696.63
-6708.25
-7707.58
-8692.86
-9662.42
-10614.6
-11547.9
-12460.7
-13351.7
-14219.5
-15062.8
-15880.4
-16671.3
-17434.2
-18168.2
-18872.4
-19546
-20188.2
-20798.1
-21375.2
-21918.9
-22428.5
-22903.6
-23343.7
-23748.5
-24117.5
-24450.4
-24747
-25007
-25230.2
-25416.4
-25565.5
-25677.4
-25752
-25789.3
-520.849
-1563.85
-2606.23
-3643.76
-4674.52
-5696.63
-6708.25
-7707.58
-8692.87
-9662.42
-10614.6
-11547.9
-12460.7
-13351.7
-14219.5
-15062.8
-15880.5
-16671.3
-17434.2
-18168.2
-18872.5
-19546
-20188.2
-20798.1
-21375.2
-21918.9
-22428.5
-22903.6
-23343.7
-23748.5
-24117.5
-24450.4
-24747
-25007
-25230.2
-25416.4
-25565.6
-25677.4
-25752
-25789.3
-520.85
-1563.86
-2606.23
-3643.76
-4674.52
-5696.64
-6708.26
-7707.59
-8692.87
-9662.43
-10614.6
-11547.9
-12460.7
-13351.7
-14219.5
-15062.8
-15880.5
-16671.3
-17434.2
-18168.2
-18872.5
-19546.1
-20188.2
-20798.1
-21375.2
-21918.9
-22428.5
-22903.6
-23343.7
-23748.5
-24117.5
-24450.4
-24747
-25007
-25230.2
-25416.5
-25565.6
-25677.5
-25752
-25789.4
-520.85
-1563.86
-2606.24
-3643.76
-4674.53
-5696.64
-6708.26
-7707.59
-8692.88
-9662.43
-10614.6
-11547.9
-12460.7
-13351.7
-14219.5
-15062.8
-15880.5
-16671.3
-17434.2
-18168.2
-18872.5
-19546.1
-20188.2
-20798.1
-21375.2
-21918.9
-22428.5
-22903.6
-23343.8
-23748.5
-24117.5
-24450.4
-24747
-25007
-25230.2
-25416.5
-25565.6
-25677.5
-25752.1
-25789.4
-520.85
-1563.86
-2606.24
-3643.76
-4674.53
-5696.64
-6708.26
-7707.59
-8692.88
-9662.44
-10614.6
-11547.9
-12460.7
-13351.7
-14219.5
-15062.9
-15880.5
-16671.3
-17434.2
-18168.2
-18872.5
-19546.1
-20188.2
-20798.2
-21375.3
-21918.9
-22428.5
-22903.6
-23343.8
-23748.5
-24117.5
-24450.5
-24747
-25007
-25230.2
-25416.5
-25565.6
-25677.5
-25752.1
-25789.4
-520.85
-1563.86
-2606.24
-3643.77
-4674.53
-5696.64
-6708.27
-7707.6
-8692.88
-9662.44
-10614.6
-11547.9
-12460.7
-13351.7
-14219.5
-15062.9
-15880.5
-16671.3
-17434.2
-18168.3
-18872.5
-19546.1
-20188.2
-20798.2
-21375.3
-21918.9
-22428.5
-22903.6
-23343.8
-23748.5
-24117.5
-24450.5
-24747.1
-25007.1
-25230.3
-25416.5
-25565.6
-25677.5
-25752.1
-25789.4
-520.85
-1563.86
-2606.24
-3643.77
-4674.53
-5696.65
-6708.27
-7707.6
-8692.89
-9662.44
-10614.6
-11547.9
-12460.8
-13351.7
-14219.5
-15062.9
-15880.5
-16671.3
-17434.2
-18168.3
-18872.5
-19546.1
-20188.2
-20798.2
-21375.3
-21918.9
-22428.5
-22903.7
-23343.8
-23748.5
-24117.5
-24450.5
-24747.1
-25007.1
-25230.3
-25416.5
-25565.6
-25677.5
-25752.1
-25789.4
-520.85
-1563.86
-2606.24
-3643.77
-4674.53
-5696.65
-6708.27
-7707.6
-8692.89
-9662.45
-10614.6
-11547.9
-12460.8
-13351.8
-14219.5
-15062.9
-15880.5
-16671.3
-17434.2
-18168.3
-18872.5
-19546.1
-20188.2
-20798.2
-21375.3
-21918.9
-22428.6
-22903.7
-23343.8
-23748.5
-24117.5
-24450.5
-24747.1
-25007.1
-25230.3
-25416.5
-25565.6
-25677.5
-25752.1
-25789.4
-520.85
-1563.86
-2606.24
-3643.77
-4674.53
-5696.65
-6708.27
-7707.6
-8692.89
-9662.45
-10614.6
-11547.9
-12460.8
-13351.8
-14219.6
-15062.9
-15880.5
-16671.3
-17434.2
-18168.3
-18872.5
-19546.1
-20188.2
-20798.2
-21375.3
-21918.9
-22428.6
-22903.7
-23343.8
-23748.5
-24117.5
-24450.5
-24747.1
-25007.1
-25230.3
-25416.5
-25565.6
-25677.5
-25752.1
-25789.4
-520.85
-1563.86
-2606.24
-3643.77
-4674.53
-5696.65
-6708.27
-7707.6
-8692.89
-9662.45
-10614.6
-11547.9
-12460.8
-13351.8
-14219.6
-15062.9
-15880.5
-16671.3
-17434.2
-18168.3
-18872.5
-19546.1
-20188.2
-20798.2
-21375.3
-21918.9
-22428.6
-22903.7
-23343.8
-23748.5
-24117.6
-24450.5
-24747.1
-25007.1
-25230.3
-25416.5
-25565.6
-25677.5
-25752.1
-25789.4
-520.851
-1563.86
-2606.24
-3643.77
-4674.53
-5696.65
-6708.27
-7707.6
-8692.89
-9662.45
-10614.6
-11547.9
-12460.8
-13351.8
-14219.6
-15062.9
-15880.5
-16671.3
-17434.2
-18168.3
-18872.5
-19546.1
-20188.2
-20798.2
-21375.3
-21918.9
-22428.6
-22903.7
-23343.8
-23748.6
-24117.6
-24450.5
-24747.1
-25007.1
-25230.3
-25416.5
-25565.6
-25677.5
-25752.1
-25789.4
-520.851
-1563.86
-2606.24
-3643.77
-4674.53
-5696.65
-6708.27
-7707.6
-8692.89
-9662.45
-10614.6
-11547.9
-12460.8
-13351.8
-14219.6
-15062.9
-15880.5
-16671.3
-17434.2
-18168.3
-18872.5
-19546.1
-20188.2
-20798.2
-21375.3
-21918.9
-22428.6
-22903.7
-23343.8
-23748.6
-24117.6
-24450.5
-24747.1
-25007.1
-25230.3
-25416.5
-25565.6
-25677.5
-25752.1
-25789.4
-520.85
-1563.86
-2606.24
-3643.77
-4674.53
-5696.65
-6708.27
-7707.6
-8692.89
-9662.45
-10614.6
-11547.9
-12460.8
-13351.8
-14219.6
-15062.9
-15880.5
-16671.3
-17434.2
-18168.3
-18872.5
-19546.1
-20188.2
-20798.2
-21375.3
-21918.9
-22428.6
-22903.7
-23343.8
-23748.6
-24117.6
-24450.5
-24747.1
-25007.1
-25230.3
-25416.5
-25565.6
-25677.5
-25752.1
-25789.4
-520.85
-1563.86
-2606.24
-3643.77
-4674.53
-5696.65
-6708.27
-7707.6
-8692.89
-9662.45
-10614.6
-11547.9
-12460.8
-13351.8
-14219.6
-15062.9
-15880.5
-16671.3
-17434.2
-18168.3
-18872.5
-19546.1
-20188.2
-20798.2
-21375.3
-21918.9
-22428.6
-22903.7
-23343.8
-23748.6
-24117.6
-24450.5
-24747.1
-25007.1
-25230.3
-25416.5
-25565.6
-25677.5
-25752.1
-25789.4
-520.85
-1563.86
-2606.24
-3643.77
-4674.53
-5696.65
-6708.27
-7707.6
-8692.89
-9662.45
-10614.6
-11547.9
-12460.8
-13351.8
-14219.6
-15062.9
-15880.5
-16671.3
-17434.2
-18168.3
-18872.5
-19546.1
-20188.2
-20798.2
-21375.3
-21918.9
-22428.6
-22903.7
-23343.8
-23748.6
-24117.6
-24450.5
-24747.1
-25007.1
-25230.3
-25416.5
-25565.6
-25677.5
-25752.1
-25789.4
-520.85
-1563.86
-2606.24
-3643.77
-4674.53
-5696.65
-6708.27
-7707.6
-8692.89
-9662.45
-10614.6
-11547.9
-12460.8
-13351.8
-14219.6
-15062.9
-15880.5
-16671.3
-17434.2
-18168.3
-18872.5
-19546.1
-20188.2
-20798.2
-21375.3
-21918.9
-22428.6
-22903.7
-23343.8
-23748.6
-24117.6
-24450.5
-24747.1
-25007.1
-25230.3
-25416.5
-25565.6
-25677.5
-25752.1
-25789.4
-520.85
-1563.86
-2606.24
-3643.77
-4674.53
-5696.65
-6708.27
-7707.6
-8692.89
-9662.45
-10614.6
-11547.9
-12460.8
-13351.8
-14219.6
-15062.9
-15880.5
-16671.3
-17434.2
-18168.3
-18872.5
-19546.1
-20188.2
-20798.2
-21375.3
-21918.9
-22428.6
-22903.7
-23343.8
-23748.6
-24117.6
-24450.5
-24747.1
-25007.1
-25230.3
-25416.5
-25565.6
-25677.5
-25752.1
-25789.4
-520.85
-1563.86
-2606.24
-3643.77
-4674.53
-5696.64
-6708.27
-7707.6
-8692.89
-9662.44
-10614.6
-11547.9
-12460.8
-13351.8
-14219.6
-15062.9
-15880.5
-16671.3
-17434.2
-18168.3
-18872.5
-19546.1
-20188.2
-20798.2
-21375.3
-21918.9
-22428.6
-22903.7
-23343.8
-23748.6
-24117.6
-24450.5
-24747.1
-25007.1
-25230.3
-25416.5
-25565.6
-25677.5
-25752.1
-25789.4
-520.85
-1563.86
-2606.24
-3643.76
-4674.53
-5696.64
-6708.27
-7707.6
-8692.89
-9662.44
-10614.6
-11547.9
-12460.8
-13351.8
-14219.6
-15062.9
-15880.5
-16671.3
-17434.2
-18168.3
-18872.5
-19546.1
-20188.2
-20798.2
-21375.3
-21918.9
-22428.6
-22903.7
-23343.8
-23748.6
-24117.6
-24450.5
-24747.1
-25007.1
-25230.3
-25416.5
-25565.6
-25677.5
-25752.1
-25789.4
-520.85
-1563.86
-2606.24
-3643.76
-4674.53
-5696.64
-6708.26
-7707.59
-8692.88
-9662.44
-10614.6
-11547.9
-12460.8
-13351.8
-14219.5
-15062.9
-15880.5
-16671.3
-17434.2
-18168.3
-18872.5
-19546.1
-20188.2
-20798.2
-21375.3
-21918.9
-22428.6
-22903.7
-23343.8
-23748.6
-24117.6
-24450.5
-24747.1
-25007.1
-25230.3
-25416.5
-25565.6
-25677.5
-25752.1
-25789.4
-520.85
-1563.86
-2606.24
-3643.76
-4674.53
-5696.64
-6708.26
-7707.59
-8692.88
-9662.44
-10614.6
-11547.9
-12460.8
-13351.7
-14219.5
-15062.9
-15880.5
-16671.3
-17434.2
-18168.3
-18872.5
-19546.1
-20188.2
-20798.2
-21375.3
-21918.9
-22428.6
-22903.7
-23343.8
-23748.6
-24117.6
-24450.5
-24747.1
-25007.1
-25230.3
-25416.5
-25565.6
-25677.5
-25752.1
-25789.4
-520.849
-1563.86
-2606.23
-3643.76
-4674.52
-5696.64
-6708.26
-7707.59
-8692.88
-9662.44
-10614.6
-11547.9
-12460.7
-13351.7
-14219.5
-15062.9
-15880.5
-16671.3
-17434.2
-18168.3
-18872.5
-19546.1
-20188.2
-20798.2
-21375.3
-21918.9
-22428.6
-22903.7
-23343.8
-23748.6
-24117.6
-24450.5
-24747.1
-25007.1
-25230.3
-25416.5
-25565.6
-25677.5
-25752.1
-25789.4
-520.849
-1563.85
-2606.23
-3643.76
-4674.52
-5696.64
-6708.26
-7707.59
-8692.88
-9662.44
-10614.6
-11547.9
-12460.7
-13351.7
-14219.5
-15062.9
-15880.5
-16671.3
-17434.2
-18168.3
-18872.5
-19546.1
-20188.2
-20798.2
-21375.3
-21918.9
-22428.6
-22903.7
-23343.8
-23748.6
-24117.6
-24450.5
-24747.1
-25007.1
-25230.3
-25416.5
-25565.6
-25677.5
-25752.1
-25789.4
-520.848
-1563.85
-2606.23
-3643.76
-4674.52
-5696.64
-6708.26
-7707.59
-8692.88
-9662.44
-10614.6
-11547.9
-12460.7
-13351.7
-14219.5
-15062.9
-15880.5
-16671.3
-17434.2
-18168.3
-18872.5
-19546.1
-20188.2
-20798.2
-21375.3
-21918.9
-22428.6
-22903.7
-23343.8
-23748.6
-24117.6
-24450.5
-24747.1
-25007.1
-25230.3
-25416.5
-25565.6
-25677.5
-25752.1
-25789.4
-520.845
-1563.85
-2606.23
-3643.76
-4674.52
-5696.64
-6708.26
-7707.59
-8692.88
-9662.44
-10614.6
-11547.9
-12460.7
-13351.7
-14219.5
-15062.9
-15880.5
-16671.3
-17434.2
-18168.3
-18872.5
-19546.1
-20188.2
-20798.2
-21375.3
-21918.9
-22428.6
-22903.7
-23343.8
-23748.6
-24117.6
-24450.5
-24747.1
-25007.1
-25230.3
-25416.5
-25565.6
-25677.5
-25752.1
-25789.4
-528.936
-1588.13
-2646.64
-3700.14
-4746.67
-5784.27
-6811.07
-7825.2
-8824.88
-9808.38
-10774
-11720.2
-12645.5
-13548.4
-14427.5
-15281.5
-16109.3
-16909.7
-17681.7
-18424.2
-19136.4
-19817.3
-20466.3
-21082.6
-21665.5
-22214.6
-22729.1
-23208.6
-23652.8
-24061.2
-24433.4
-24769.2
-25068.3
-25330.4
-25555.4
-25743.1
-25893.4
-26006.2
-26081.4
-26119
-528.94
-1588.13
-2646.64
-3700.14
-4746.67
-5784.28
-6811.07
-7825.2
-8824.88
-9808.38
-10774
-11720.2
-12645.5
-13548.4
-14427.5
-15281.5
-16109.3
-16909.7
-17681.7
-18424.2
-19136.4
-19817.3
-20466.3
-21082.6
-21665.6
-22214.6
-22729.1
-23208.6
-23652.8
-24061.2
-24433.4
-24769.2
-25068.3
-25330.4
-25555.4
-25743.1
-25893.4
-26006.2
-26081.4
-26119
-528.941
-1588.13
-2646.64
-3700.15
-4746.67
-5784.28
-6811.07
-7825.2
-8824.88
-9808.38
-10774
-11720.2
-12645.5
-13548.4
-14427.5
-15281.5
-16109.3
-16909.7
-17681.7
-18424.2
-19136.4
-19817.3
-20466.3
-21082.6
-21665.6
-22214.6
-22729.1
-23208.7
-23652.8
-24061.2
-24433.4
-24769.2
-25068.3
-25330.4
-25555.4
-25743.1
-25893.4
-26006.2
-26081.4
-26119
-528.941
-1588.14
-2646.64
-3700.15
-4746.67
-5784.28
-6811.07
-7825.21
-8824.88
-9808.38
-10774
-11720.3
-12645.5
-13548.4
-14427.5
-15281.5
-16109.3
-16909.8
-17681.7
-18424.2
-19136.4
-19817.3
-20466.3
-21082.6
-21665.6
-22214.6
-22729.1
-23208.7
-23652.8
-24061.2
-24433.4
-24769.2
-25068.3
-25330.4
-25555.4
-25743.2
-25893.5
-26006.2
-26081.4
-26119
-528.942
-1588.14
-2646.65
-3700.15
-4746.67
-5784.28
-6811.08
-7825.21
-8824.89
-9808.39
-10774
-11720.3
-12645.5
-13548.4
-14427.5
-15281.6
-16109.4
-16909.8
-17681.7
-18424.2
-19136.4
-19817.3
-20466.3
-21082.6
-21665.6
-22214.6
-22729.1
-23208.7
-23652.8
-24061.2
-24433.4
-24769.2
-25068.3
-25330.4
-25555.4
-25743.2
-25893.5
-26006.2
-26081.4
-26119
-528.942
-1588.14
-2646.65
-3700.15
-4746.68
-5784.29
-6811.08
-7825.21
-8824.89
-9808.39
-10774
-11720.3
-12645.5
-13548.4
-14427.5
-15281.6
-16109.4
-16909.8
-17681.7
-18424.2
-19136.4
-19817.4
-20466.3
-21082.6
-21665.6
-22214.6
-22729.1
-23208.7
-23652.8
-24061.2
-24433.4
-24769.2
-25068.3
-25330.4
-25555.5
-25743.2
-25893.5
-26006.2
-26081.4
-26119
-528.943
-1588.14
-2646.65
-3700.15
-4746.68
-5784.29
-6811.08
-7825.22
-8824.9
-9808.4
-10774.1
-11720.3
-12645.5
-13548.4
-14427.5
-15281.6
-16109.4
-16909.8
-17681.7
-18424.2
-19136.4
-19817.4
-20466.3
-21082.6
-21665.6
-22214.6
-22729.1
-23208.7
-23652.8
-24061.2
-24433.4
-24769.2
-25068.3
-25330.5
-25555.5
-25743.2
-25893.5
-26006.3
-26081.4
-26119
-528.943
-1588.14
-2646.65
-3700.16
-4746.68
-5784.29
-6811.09
-7825.22
-8824.9
-9808.4
-10774.1
-11720.3
-12645.5
-13548.4
-14427.5
-15281.6
-16109.4
-16909.8
-17681.7
-18424.3
-19136.4
-19817.4
-20466.4
-21082.7
-21665.6
-22214.6
-22729.1
-23208.7
-23652.9
-24061.2
-24433.5
-24769.2
-25068.3
-25330.5
-25555.5
-25743.2
-25893.5
-26006.3
-26081.4
-26119
-528.943
-1588.14
-2646.65
-3700.16
-4746.69
-5784.3
-6811.09
-7825.23
-8824.91
-9808.41
-10774.1
-11720.3
-12645.6
-13548.4
-14427.5
-15281.6
-16109.4
-16909.8
-17681.7
-18424.3
-19136.4
-19817.4
-20466.4
-21082.7
-21665.6
-22214.6
-22729.2
-23208.7
-23652.9
-24061.2
-24433.5
-24769.3
-25068.3
-25330.5
-25555.5
-25743.2
-25893.5
-26006.3
-26081.5
-26119
-528.944
-1588.14
-2646.66
-3700.16
-4746.69
-5784.3
-6811.1
-7825.23
-8824.92
-9808.42
-10774.1
-11720.3
-12645.6
-13548.4
-14427.5
-15281.6
-16109.4
-16909.8
-17681.8
-18424.3
-19136.4
-19817.4
-20466.4
-21082.7
-21665.6
-22214.6
-22729.2
-23208.7
-23652.9
-24061.3
-24433.5
-24769.3
-25068.4
-25330.5
-25555.5
-25743.2
-25893.5
-26006.3
-26081.5
-26119.1
-528.944
-1588.14
-2646.66
-3700.17
-4746.69
-5784.31
-6811.1
-7825.24
-8824.92
-9808.42
-10774.1
-11720.3
-12645.6
-13548.4
-14427.5
-15281.6
-16109.4
-16909.8
-17681.8
-18424.3
-19136.4
-19817.4
-20466.4
-21082.7
-21665.6
-22214.6
-22729.2
-23208.7
-23652.9
-24061.3
-24433.5
-24769.3
-25068.4
-25330.5
-25555.5
-25743.2
-25893.5
-26006.3
-26081.5
-26119.1
-528.945
-1588.15
-2646.66
-3700.17
-4746.7
-5784.31
-6811.11
-7825.25
-8824.93
-9808.43
-10774.1
-11720.3
-12645.6
-13548.4
-14427.6
-15281.6
-16109.4
-16909.8
-17681.8
-18424.3
-19136.5
-19817.4
-20466.4
-21082.7
-21665.7
-22214.7
-22729.2
-23208.8
-23652.9
-24061.3
-24433.5
-24769.3
-25068.4
-25330.5
-25555.5
-25743.3
-25893.6
-26006.3
-26081.5
-26119.1
-528.945
-1588.15
-2646.66
-3700.17
-4746.7
-5784.32
-6811.11
-7825.25
-8824.94
-9808.44
-10774.1
-11720.3
-12645.6
-13548.5
-14427.6
-15281.6
-16109.4
-16909.8
-17681.8
-18424.3
-19136.5
-19817.4
-20466.4
-21082.7
-21665.7
-22214.7
-22729.2
-23208.8
-23652.9
-24061.3
-24433.5
-24769.3
-25068.4
-25330.5
-25555.6
-25743.3
-25893.6
-26006.3
-26081.5
-26119.1
-528.946
-1588.15
-2646.66
-3700.17
-4746.71
-5784.32
-6811.12
-7825.26
-8824.94
-9808.45
-10774.1
-11720.3
-12645.6
-13548.5
-14427.6
-15281.6
-16109.4
-16909.9
-17681.8
-18424.3
-19136.5
-19817.4
-20466.4
-21082.7
-21665.7
-22214.7
-22729.2
-23208.8
-23653
-24061.3
-24433.6
-24769.3
-25068.4
-25330.6
-25555.6
-25743.3
-25893.6
-26006.4
-26081.5
-26119.1
-528.946
-1588.15
-2646.67
-3700.18
-4746.71
-5784.32
-6811.12
-7825.26
-8824.95
-9808.45
-10774.1
-11720.3
-12645.6
-13548.5
-14427.6
-15281.6
-16109.5
-16909.9
-17681.8
-18424.3
-19136.5
-19817.5
-20466.4
-21082.7
-21665.7
-22214.7
-22729.2
-23208.8
-23653
-24061.3
-24433.6
-24769.4
-25068.4
-25330.6
-25555.6
-25743.3
-25893.6
-26006.4
-26081.5
-26119.1
-528.946
-1588.15
-2646.67
-3700.18
-4746.71
-5784.33
-6811.13
-7825.27
-8824.95
-9808.46
-10774.1
-11720.3
-12645.6
-13548.5
-14427.6
-15281.7
-16109.5
-16909.9
-17681.8
-18424.3
-19136.5
-19817.5
-20466.5
-21082.8
-21665.7
-22214.7
-22729.3
-23208.8
-23653
-24061.4
-24433.6
-24769.4
-25068.4
-25330.6
-25555.6
-25743.3
-25893.6
-26006.4
-26081.6
-26119.2
-528.947
-1588.15
-2646.67
-3700.18
-4746.71
-5784.33
-6811.13
-7825.27
-8824.96
-9808.46
-10774.1
-11720.3
-12645.6
-13548.5
-14427.6
-15281.7
-16109.5
-16909.9
-17681.8
-18424.4
-19136.5
-19817.5
-20466.5
-21082.8
-21665.7
-22214.7
-22729.3
-23208.8
-23653
-24061.4
-24433.6
-24769.4
-25068.5
-25330.6
-25555.6
-25743.3
-25893.6
-26006.4
-26081.6
-26119.2
-528.947
-1588.15
-2646.67
-3700.18
-4746.72
-5784.33
-6811.14
-7825.28
-8824.96
-9808.47
-10774.1
-11720.4
-12645.6
-13548.5
-14427.6
-15281.7
-16109.5
-16909.9
-17681.8
-18424.4
-19136.5
-19817.5
-20466.5
-21082.8
-21665.7
-22214.7
-22729.3
-23208.8
-23653
-24061.4
-24433.6
-24769.4
-25068.5
-25330.6
-25555.6
-25743.4
-25893.7
-26006.4
-26081.6
-26119.2
-528.947
-1588.15
-2646.67
-3700.18
-4746.72
-5784.34
-6811.14
-7825.28
-8824.97
-9808.47
-10774.1
-11720.4
-12645.6
-13548.5
-14427.6
-15281.7
-16109.5
-16909.9
-17681.9
-18424.4
-19136.5
-19817.5
-20466.5
-21082.8
-21665.7
-22214.8
-22729.3
-23208.9
-23653
-24061.4
-24433.6
-24769.4
-25068.5
-25330.6
-25555.6
-25743.4
-25893.7
-26006.4
-26081.6
-26119.2
-528.947
-1588.15
-2646.67
-3700.19
-4746.72
-5784.34
-6811.14
-7825.28
-8824.97
-9808.48
-10774.1
-11720.4
-12645.6
-13548.5
-14427.6
-15281.7
-16109.5
-16909.9
-17681.9
-18424.4
-19136.5
-19817.5
-20466.5
-21082.8
-21665.8
-22214.8
-22729.3
-23208.9
-23653
-24061.4
-24433.6
-24769.4
-25068.5
-25330.6
-25555.7
-25743.4
-25893.7
-26006.4
-26081.6
-26119.2
-528.947
-1588.15
-2646.67
-3700.19
-4746.72
-5784.34
-6811.14
-7825.29
-8824.97
-9808.48
-10774.1
-11720.4
-12645.6
-13548.5
-14427.6
-15281.7
-16109.5
-16909.9
-17681.9
-18424.4
-19136.6
-19817.5
-20466.5
-21082.8
-21665.8
-22214.8
-22729.3
-23208.9
-23653
-24061.4
-24433.6
-24769.4
-25068.5
-25330.6
-25555.7
-25743.4
-25893.7
-26006.5
-26081.6
-26119.2
-528.948
-1588.15
-2646.67
-3700.19
-4746.72
-5784.34
-6811.15
-7825.29
-8824.98
-9808.48
-10774.1
-11720.4
-12645.6
-13548.5
-14427.6
-15281.7
-16109.5
-16909.9
-17681.9
-18424.4
-19136.6
-19817.5
-20466.5
-21082.8
-21665.8
-22214.8
-22729.3
-23208.9
-23653
-24061.4
-24433.6
-24769.4
-25068.5
-25330.7
-25555.7
-25743.4
-25893.7
-26006.5
-26081.6
-26119.2
-528.948
-1588.15
-2646.68
-3700.19
-4746.72
-5784.34
-6811.15
-7825.29
-8824.98
-9808.49
-10774.1
-11720.4
-12645.6
-13548.5
-14427.6
-15281.7
-16109.5
-16909.9
-17681.9
-18424.4
-19136.6
-19817.5
-20466.5
-21082.8
-21665.8
-22214.8
-22729.3
-23208.9
-23653
-24061.4
-24433.7
-24769.4
-25068.5
-25330.7
-25555.7
-25743.4
-25893.7
-26006.5
-26081.6
-26119.2
-528.948
-1588.15
-2646.68
-3700.19
-4746.73
-5784.34
-6811.15
-7825.29
-8824.98
-9808.49
-10774.1
-11720.4
-12645.6
-13548.5
-14427.6
-15281.7
-16109.5
-16909.9
-17681.9
-18424.4
-19136.6
-19817.5
-20466.5
-21082.8
-21665.8
-22214.8
-22729.3
-23208.9
-23653.1
-24061.4
-24433.7
-24769.4
-25068.5
-25330.7
-25555.7
-25743.4
-25893.7
-26006.5
-26081.6
-26119.2
-528.948
-1588.15
-2646.68
-3700.19
-4746.73
-5784.34
-6811.15
-7825.29
-8824.98
-9808.49
-10774.2
-11720.4
-12645.6
-13548.5
-14427.6
-15281.7
-16109.5
-16909.9
-17681.9
-18424.4
-19136.6
-19817.5
-20466.5
-21082.8
-21665.8
-22214.8
-22729.3
-23208.9
-23653.1
-24061.4
-24433.7
-24769.4
-25068.5
-25330.7
-25555.7
-25743.4
-25893.7
-26006.5
-26081.6
-26119.2
-528.948
-1588.15
-2646.68
-3700.19
-4746.73
-5784.34
-6811.15
-7825.29
-8824.98
-9808.49
-10774.2
-11720.4
-12645.7
-13548.5
-14427.6
-15281.7
-16109.5
-16909.9
-17681.9
-18424.4
-19136.6
-19817.5
-20466.5
-21082.8
-21665.8
-22214.8
-22729.3
-23208.9
-23653.1
-24061.4
-24433.7
-24769.4
-25068.5
-25330.7
-25555.7
-25743.4
-25893.7
-26006.5
-26081.7
-26119.2
-528.948
-1588.15
-2646.68
-3700.19
-4746.73
-5784.34
-6811.15
-7825.29
-8824.98
-9808.49
-10774.2
-11720.4
-12645.7
-13548.5
-14427.6
-15281.7
-16109.5
-16909.9
-17681.9
-18424.4
-19136.6
-19817.5
-20466.5
-21082.8
-21665.8
-22214.8
-22729.3
-23208.9
-23653.1
-24061.4
-24433.7
-24769.5
-25068.5
-25330.7
-25555.7
-25743.4
-25893.7
-26006.5
-26081.7
-26119.3
-528.948
-1588.15
-2646.67
-3700.19
-4746.72
-5784.34
-6811.15
-7825.29
-8824.98
-9808.49
-10774.2
-11720.4
-12645.6
-13548.5
-14427.6
-15281.7
-16109.5
-16909.9
-17681.9
-18424.4
-19136.6
-19817.5
-20466.5
-21082.8
-21665.8
-22214.8
-22729.3
-23208.9
-23653.1
-24061.4
-24433.7
-24769.5
-25068.5
-25330.7
-25555.7
-25743.4
-25893.7
-26006.5
-26081.7
-26119.3
-528.948
-1588.15
-2646.67
-3700.19
-4746.72
-5784.34
-6811.15
-7825.29
-8824.98
-9808.49
-10774.1
-11720.4
-12645.6
-13548.5
-14427.6
-15281.7
-16109.5
-16909.9
-17681.9
-18424.4
-19136.6
-19817.5
-20466.5
-21082.8
-21665.8
-22214.8
-22729.3
-23208.9
-23653.1
-24061.4
-24433.7
-24769.5
-25068.5
-25330.7
-25555.7
-25743.4
-25893.7
-26006.5
-26081.7
-26119.3
-528.947
-1588.15
-2646.67
-3700.19
-4746.72
-5784.34
-6811.14
-7825.29
-8824.98
-9808.48
-10774.1
-11720.4
-12645.6
-13548.5
-14427.6
-15281.7
-16109.5
-16909.9
-17681.9
-18424.4
-19136.6
-19817.5
-20466.5
-21082.8
-21665.8
-22214.8
-22729.3
-23208.9
-23653.1
-24061.4
-24433.7
-24769.5
-25068.5
-25330.7
-25555.7
-25743.4
-25893.7
-26006.5
-26081.7
-26119.3
-528.947
-1588.15
-2646.67
-3700.19
-4746.72
-5784.34
-6811.14
-7825.29
-8824.97
-9808.48
-10774.1
-11720.4
-12645.6
-13548.5
-14427.6
-15281.7
-16109.5
-16909.9
-17681.9
-18424.4
-19136.6
-19817.5
-20466.5
-21082.8
-21665.8
-22214.8
-22729.3
-23208.9
-23653.1
-24061.4
-24433.7
-24769.4
-25068.5
-25330.7
-25555.7
-25743.4
-25893.7
-26006.5
-26081.7
-26119.3
-528.947
-1588.15
-2646.67
-3700.19
-4746.72
-5784.34
-6811.14
-7825.28
-8824.97
-9808.48
-10774.1
-11720.4
-12645.6
-13548.5
-14427.6
-15281.7
-16109.5
-16909.9
-17681.9
-18424.4
-19136.6
-19817.5
-20466.5
-21082.8
-21665.8
-22214.8
-22729.3
-23208.9
-23653.1
-24061.4
-24433.7
-24769.4
-25068.5
-25330.7
-25555.7
-25743.4
-25893.7
-26006.5
-26081.7
-26119.2
-528.947
-1588.15
-2646.67
-3700.19
-4746.72
-5784.34
-6811.14
-7825.28
-8824.97
-9808.48
-10774.1
-11720.4
-12645.6
-13548.5
-14427.6
-15281.7
-16109.5
-16909.9
-17681.9
-18424.4
-19136.6
-19817.5
-20466.5
-21082.8
-21665.8
-22214.8
-22729.3
-23208.9
-23653.1
-24061.4
-24433.7
-24769.4
-25068.5
-25330.7
-25555.7
-25743.4
-25893.7
-26006.5
-26081.7
-26119.2
-528.947
-1588.15
-2646.67
-3700.18
-4746.72
-5784.34
-6811.14
-7825.28
-8824.97
-9808.48
-10774.1
-11720.4
-12645.6
-13548.5
-14427.6
-15281.7
-16109.5
-16909.9
-17681.9
-18424.4
-19136.6
-19817.5
-20466.5
-21082.8
-21665.8
-22214.8
-22729.3
-23208.9
-23653.1
-24061.4
-24433.7
-24769.4
-25068.5
-25330.7
-25555.7
-25743.4
-25893.7
-26006.5
-26081.7
-26119.2
-528.947
-1588.15
-2646.67
-3700.18
-4746.72
-5784.33
-6811.14
-7825.28
-8824.97
-9808.47
-10774.1
-11720.4
-12645.6
-13548.5
-14427.6
-15281.7
-16109.5
-16909.9
-17681.9
-18424.4
-19136.6
-19817.5
-20466.5
-21082.8
-21665.8
-22214.8
-22729.3
-23208.9
-23653.1
-24061.4
-24433.7
-24769.4
-25068.5
-25330.7
-25555.7
-25743.4
-25893.7
-26006.5
-26081.6
-26119.2
-528.947
-1588.15
-2646.67
-3700.18
-4746.72
-5784.33
-6811.14
-7825.28
-8824.97
-9808.47
-10774.1
-11720.4
-12645.6
-13548.5
-14427.6
-15281.7
-16109.5
-16909.9
-17681.9
-18424.4
-19136.6
-19817.5
-20466.5
-21082.8
-21665.8
-22214.8
-22729.3
-23208.9
-23653
-24061.4
-24433.7
-24769.4
-25068.5
-25330.7
-25555.7
-25743.4
-25893.7
-26006.5
-26081.6
-26119.2
-528.946
-1588.15
-2646.67
-3700.18
-4746.71
-5784.33
-6811.13
-7825.28
-8824.96
-9808.47
-10774.1
-11720.4
-12645.6
-13548.5
-14427.6
-15281.7
-16109.5
-16909.9
-17681.9
-18424.4
-19136.6
-19817.5
-20466.5
-21082.8
-21665.8
-22214.8
-22729.3
-23208.9
-23653
-24061.4
-24433.7
-24769.4
-25068.5
-25330.7
-25555.7
-25743.4
-25893.7
-26006.5
-26081.6
-26119.2
-528.946
-1588.15
-2646.67
-3700.18
-4746.71
-5784.33
-6811.13
-7825.27
-8824.96
-9808.47
-10774.1
-11720.4
-12645.6
-13548.5
-14427.6
-15281.7
-16109.5
-16909.9
-17681.9
-18424.4
-19136.6
-19817.5
-20466.5
-21082.8
-21665.8
-22214.8
-22729.3
-23208.9
-23653
-24061.4
-24433.6
-24769.4
-25068.5
-25330.7
-25555.7
-25743.4
-25893.7
-26006.5
-26081.6
-26119.2
-528.945
-1588.15
-2646.67
-3700.18
-4746.71
-5784.33
-6811.13
-7825.27
-8824.96
-9808.47
-10774.1
-11720.4
-12645.6
-13548.5
-14427.6
-15281.7
-16109.5
-16909.9
-17681.9
-18424.4
-19136.6
-19817.5
-20466.5
-21082.8
-21665.8
-22214.8
-22729.3
-23208.9
-23653
-24061.4
-24433.6
-24769.4
-25068.5
-25330.7
-25555.7
-25743.4
-25893.7
-26006.5
-26081.6
-26119.2
-528.941
-1588.14
-2646.66
-3700.18
-4746.71
-5784.33
-6811.13
-7825.27
-8824.96
-9808.47
-10774.1
-11720.4
-12645.6
-13548.5
-14427.6
-15281.7
-16109.5
-16909.9
-17681.9
-18424.4
-19136.6
-19817.5
-20466.5
-21082.8
-21665.8
-22214.8
-22729.3
-23208.9
-23653
-24061.4
-24433.6
-24769.4
-25068.5
-25330.7
-25555.7
-25743.4
-25893.7
-26006.5
-26081.6
-26119.2
-538.037
-1615.43
-2692.08
-3763.54
-4827.78
-5882.78
-6926.6
-7957.34
-8973.14
-9972.25
-10953
-11913.7
-12852.8
-13768.9
-14660.6
-15526.6
-16365.7
-17176.8
-17958.8
-18710.7
-19431.6
-20120.7
-20777.3
-21400.6
-21990
-22544.9
-23064.8
-23549.3
-23997.9
-24410.2
-24785.9
-25124.9
-25426.6
-25691.1
-25918.1
-26107.5
-26259
-26372.8
-26448.6
-26486.5
-538.04
-1615.44
-2692.08
-3763.54
-4827.78
-5882.78
-6926.6
-7957.34
-8973.15
-9972.26
-10953
-11913.7
-12852.8
-13768.9
-14660.6
-15526.6
-16365.7
-17176.8
-17958.8
-18710.7
-19431.6
-20120.7
-20777.3
-21400.6
-21990
-22544.9
-23064.8
-23549.3
-23997.9
-24410.2
-24785.9
-25124.9
-25426.7
-25691.1
-25918.1
-26107.5
-26259
-26372.8
-26448.6
-26486.5
-538.041
-1615.44
-2692.08
-3763.54
-4827.78
-5882.78
-6926.61
-7957.34
-8973.15
-9972.26
-10953
-11913.7
-12852.8
-13768.9
-14660.6
-15526.6
-16365.7
-17176.8
-17958.8
-18710.7
-19431.6
-20120.7
-20777.3
-21400.6
-21990
-22544.9
-23064.8
-23549.3
-23997.9
-24410.2
-24786
-25124.9
-25426.7
-25691.1
-25918.1
-26107.5
-26259.1
-26372.8
-26448.6
-26486.5
-538.042
-1615.44
-2692.09
-3763.55
-4827.78
-5882.79
-6926.61
-7957.34
-8973.15
-9972.26
-10953
-11913.7
-12852.8
-13768.9
-14660.6
-15526.6
-16365.8
-17176.8
-17958.8
-18710.7
-19431.6
-20120.8
-20777.3
-21400.6
-21990
-22544.9
-23064.8
-23549.3
-23997.9
-24410.2
-24786
-25124.9
-25426.7
-25691.1
-25918.1
-26107.5
-26259.1
-26372.8
-26448.6
-26486.5
-538.042
-1615.44
-2692.09
-3763.55
-4827.78
-5882.79
-6926.61
-7957.35
-8973.16
-9972.27
-10953
-11913.7
-12852.8
-13768.9
-14660.6
-15526.6
-16365.8
-17176.8
-17958.8
-18710.7
-19431.6
-20120.8
-20777.3
-21400.6
-21990
-22544.9
-23064.8
-23549.3
-23997.9
-24410.2
-24786
-25124.9
-25426.7
-25691.2
-25918.1
-26107.5
-26259.1
-26372.8
-26448.6
-26486.5
-538.043
-1615.44
-2692.09
-3763.55
-4827.79
-5882.79
-6926.62
-7957.35
-8973.16
-9972.27
-10953
-11913.7
-12852.8
-13768.9
-14660.6
-15526.7
-16365.8
-17176.8
-17958.8
-18710.7
-19431.6
-20120.8
-20777.3
-21400.6
-21990
-22544.9
-23064.8
-23549.3
-23997.9
-24410.2
-24786
-25124.9
-25426.7
-25691.2
-25918.2
-26107.5
-26259.1
-26372.8
-26448.6
-26486.5
-538.043
-1615.44
-2692.09
-3763.55
-4827.79
-5882.8
-6926.62
-7957.36
-8973.17
-9972.28
-10953
-11913.7
-12852.8
-13768.9
-14660.6
-15526.7
-16365.8
-17176.8
-17958.8
-18710.7
-19431.7
-20120.8
-20777.3
-21400.6
-21990
-22544.9
-23064.9
-23549.3
-23997.9
-24410.2
-24786
-25124.9
-25426.7
-25691.2
-25918.2
-26107.5
-26259.1
-26372.8
-26448.6
-26486.5
-538.044
-1615.45
-2692.09
-3763.56
-4827.79
-5882.8
-6926.62
-7957.36
-8973.17
-9972.28
-10953
-11913.7
-12852.8
-13768.9
-14660.7
-15526.7
-16365.8
-17176.9
-17958.8
-18710.7
-19431.7
-20120.8
-20777.3
-21400.6
-21990
-22544.9
-23064.9
-23549.3
-23997.9
-24410.2
-24786
-25124.9
-25426.7
-25691.2
-25918.2
-26107.5
-26259.1
-26372.8
-26448.6
-26486.5
-538.044
-1615.45
-2692.1
-3763.56
-4827.8
-5882.81
-6926.63
-7957.37
-8973.18
-9972.29
-10953
-11913.7
-12852.8
-13768.9
-14660.7
-15526.7
-16365.8
-17176.9
-17958.8
-18710.7
-19431.7
-20120.8
-20777.4
-21400.7
-21990
-22545
-23064.9
-23549.3
-23997.9
-24410.3
-24786
-25124.9
-25426.7
-25691.2
-25918.2
-26107.5
-26259.1
-26372.8
-26448.6
-26486.6
-538.044
-1615.45
-2692.1
-3763.56
-4827.8
-5882.81
-6926.63
-7957.37
-8973.18
-9972.3
-10953
-11913.7
-12852.8
-13769
-14660.7
-15526.7
-16365.8
-17176.9
-17958.9
-18710.8
-19431.7
-20120.8
-20777.4
-21400.7
-21990.1
-22545
-23064.9
-23549.4
-23997.9
-24410.3
-24786
-25124.9
-25426.7
-25691.2
-25918.2
-26107.6
-26259.1
-26372.9
-26448.7
-26486.6
-538.045
-1615.45
-2692.1
-3763.56
-4827.8
-5882.81
-6926.64
-7957.38
-8973.19
-9972.31
-10953
-11913.7
-12852.9
-13769
-14660.7
-15526.7
-16365.8
-17176.9
-17958.9
-18710.8
-19431.7
-20120.8
-20777.4
-21400.7
-21990.1
-22545
-23064.9
-23549.4
-23998
-24410.3
-24786.1
-25125
-25426.8
-25691.2
-25918.2
-26107.6
-26259.2
-26372.9
-26448.7
-26486.6
-538.045
-1615.45
-2692.1
-3763.57
-4827.81
-5882.82
-6926.65
-7957.39
-8973.2
-9972.31
-10953
-11913.7
-12852.9
-13769
-14660.7
-15526.7
-16365.8
-17176.9
-17958.9
-18710.8
-19431.7
-20120.8
-20777.4
-21400.7
-21990.1
-22545
-23064.9
-23549.4
-23998
-24410.3
-24786.1
-25125
-25426.8
-25691.3
-25918.2
-26107.6
-26259.2
-26372.9
-26448.7
-26486.6
-538.046
-1615.45
-2692.1
-3763.57
-4827.81
-5882.82
-6926.65
-7957.39
-8973.21
-9972.32
-10953
-11913.7
-12852.9
-13769
-14660.7
-15526.7
-16365.8
-17176.9
-17958.9
-18710.8
-19431.7
-20120.9
-20777.4
-21400.7
-21990.1
-22545
-23064.9
-23549.4
-23998
-24410.3
-24786.1
-25125
-25426.8
-25691.3
-25918.3
-26107.6
-26259.2
-26372.9
-26448.7
-26486.6
-538.046
-1615.45
-2692.11
-3763.57
-4827.81
-5882.83
-6926.66
-7957.4
-8973.21
-9972.33
-10953
-11913.7
-12852.9
-13769
-14660.7
-15526.7
-16365.8
-17176.9
-17958.9
-18710.8
-19431.7
-20120.9
-20777.4
-21400.7
-21990.1
-22545
-23065
-23549.4
-23998
-24410.3
-24786.1
-25125
-25426.8
-25691.3
-25918.3
-26107.6
-26259.2
-26372.9
-26448.7
-26486.6
-538.047
-1615.45
-2692.11
-3763.58
-4827.82
-5882.83
-6926.66
-7957.4
-8973.22
-9972.33
-10953.1
-11913.8
-12852.9
-13769
-14660.7
-15526.7
-16365.9
-17176.9
-17958.9
-18710.8
-19431.8
-20120.9
-20777.4
-21400.7
-21990.1
-22545
-23065
-23549.4
-23998
-24410.4
-24786.1
-25125
-25426.8
-25691.3
-25918.3
-26107.6
-26259.2
-26372.9
-26448.7
-26486.7
-538.047
-1615.46
-2692.11
-3763.58
-4827.82
-5882.84
-6926.67
-7957.41
-8973.22
-9972.34
-10953.1
-11913.8
-12852.9
-13769
-14660.7
-15526.8
-16365.9
-17176.9
-17958.9
-18710.8
-19431.8
-20120.9
-20777.5
-21400.7
-21990.1
-22545.1
-23065
-23549.4
-23998
-24410.4
-24786.1
-25125
-25426.8
-25691.3
-25918.3
-26107.7
-26259.2
-26373
-26448.8
-26486.7
-538.047
-1615.46
-2692.11
-3763.58
-4827.82
-5882.84
-6926.67
-7957.41
-8973.23
-9972.35
-10953.1
-11913.8
-12852.9
-13769
-14660.7
-15526.8
-16365.9
-17177
-17958.9
-18710.8
-19431.8
-20120.9
-20777.5
-21400.8
-21990.2
-22545.1
-23065
-23549.5
-23998
-24410.4
-24786.1
-25125.1
-25426.9
-25691.3
-25918.3
-26107.7
-26259.3
-26373
-26448.8
-26486.7
-538.048
-1615.46
-2692.11
-3763.58
-4827.83
-5882.84
-6926.67
-7957.42
-8973.23
-9972.35
-10953.1
-11913.8
-12852.9
-13769
-14660.7
-15526.8
-16365.9
-17177
-17958.9
-18710.9
-19431.8
-20120.9
-20777.5
-21400.8
-21990.2
-22545.1
-23065
-23549.5
-23998.1
-24410.4
-24786.2
-25125.1
-25426.9
-25691.3
-25918.3
-26107.7
-26259.3
-26373
-26448.8
-26486.7
-538.048
-1615.46
-2692.11
-3763.58
-4827.83
-5882.85
-6926.68
-7957.42
-8973.24
-9972.36
-10953.1
-11913.8
-12852.9
-13769
-14660.8
-15526.8
-16365.9
-17177
-17959
-18710.9
-19431.8
-20120.9
-20777.5
-21400.8
-21990.2
-22545.1
-23065
-23549.5
-23998.1
-24410.4
-24786.2
-25125.1
-25426.9
-25691.4
-25918.4
-26107.7
-26259.3
-26373
-26448.8
-26486.7
-538.048
-1615.46
-2692.12
-3763.59
-4827.83
-5882.85
-6926.68
-7957.42
-8973.24
-9972.36
-10953.1
-11913.8
-12852.9
-13769
-14660.8
-15526.8
-16365.9
-17177
-17959
-18710.9
-19431.8
-20120.9
-20777.5
-21400.8
-21990.2
-22545.1
-23065
-23549.5
-23998.1
-24410.4
-24786.2
-25125.1
-25426.9
-25691.4
-25918.4
-26107.7
-26259.3
-26373
-26448.8
-26486.7
-538.048
-1615.46
-2692.12
-3763.59
-4827.83
-5882.85
-6926.68
-7957.43
-8973.24
-9972.36
-10953.1
-11913.8
-12852.9
-13769
-14660.8
-15526.8
-16365.9
-17177
-17959
-18710.9
-19431.8
-20120.9
-20777.5
-21400.8
-21990.2
-22545.1
-23065
-23549.5
-23998.1
-24410.4
-24786.2
-25125.1
-25426.9
-25691.4
-25918.4
-26107.7
-26259.3
-26373
-26448.8
-26486.7
-538.048
-1615.46
-2692.12
-3763.59
-4827.83
-5882.85
-6926.68
-7957.43
-8973.25
-9972.37
-10953.1
-11913.8
-12852.9
-13769.1
-14660.8
-15526.8
-16365.9
-17177
-17959
-18710.9
-19431.8
-20120.9
-20777.5
-21400.8
-21990.2
-22545.1
-23065
-23549.5
-23998.1
-24410.4
-24786.2
-25125.1
-25426.9
-25691.4
-25918.4
-26107.7
-26259.3
-26373
-26448.8
-26486.7
-538.048
-1615.46
-2692.12
-3763.59
-4827.83
-5882.85
-6926.68
-7957.43
-8973.25
-9972.37
-10953.1
-11913.8
-12852.9
-13769.1
-14660.8
-15526.8
-16365.9
-17177
-17959
-18710.9
-19431.8
-20121
-20777.5
-21400.8
-21990.2
-22545.1
-23065.1
-23549.5
-23998.1
-24410.4
-24786.2
-25125.1
-25426.9
-25691.4
-25918.4
-26107.7
-26259.3
-26373
-26448.8
-26486.7
-538.049
-1615.46
-2692.12
-3763.59
-4827.84
-5882.85
-6926.69
-7957.43
-8973.25
-9972.37
-10953.1
-11913.8
-12852.9
-13769.1
-14660.8
-15526.8
-16365.9
-17177
-17959
-18710.9
-19431.8
-20121
-20777.5
-21400.8
-21990.2
-22545.1
-23065.1
-23549.5
-23998.1
-24410.4
-24786.2
-25125.1
-25426.9
-25691.4
-25918.4
-26107.7
-26259.3
-26373
-26448.8
-26486.8
-538.049
-1615.46
-2692.12
-3763.59
-4827.84
-5882.85
-6926.69
-7957.43
-8973.25
-9972.37
-10953.1
-11913.8
-12852.9
-13769.1
-14660.8
-15526.8
-16365.9
-17177
-17959
-18710.9
-19431.8
-20121
-20777.5
-21400.8
-21990.2
-22545.1
-23065.1
-23549.5
-23998.1
-24410.4
-24786.2
-25125.1
-25426.9
-25691.4
-25918.4
-26107.7
-26259.3
-26373
-26448.8
-26486.8
-538.049
-1615.46
-2692.12
-3763.59
-4827.84
-5882.85
-6926.69
-7957.43
-8973.25
-9972.37
-10953.1
-11913.8
-12852.9
-13769.1
-14660.8
-15526.8
-16365.9
-17177
-17959
-18710.9
-19431.8
-20121
-20777.5
-21400.8
-21990.2
-22545.1
-23065.1
-23549.5
-23998.1
-24410.4
-24786.2
-25125.1
-25426.9
-25691.4
-25918.4
-26107.7
-26259.3
-26373
-26448.8
-26486.8
-538.048
-1615.46
-2692.12
-3763.59
-4827.83
-5882.85
-6926.68
-7957.43
-8973.25
-9972.37
-10953.1
-11913.8
-12852.9
-13769.1
-14660.8
-15526.8
-16365.9
-17177
-17959
-18710.9
-19431.8
-20121
-20777.5
-21400.8
-21990.2
-22545.1
-23065.1
-23549.5
-23998.1
-24410.4
-24786.2
-25125.1
-25426.9
-25691.4
-25918.4
-26107.7
-26259.3
-26373
-26448.8
-26486.8
-538.048
-1615.46
-2692.12
-3763.59
-4827.83
-5882.85
-6926.68
-7957.43
-8973.25
-9972.37
-10953.1
-11913.8
-12852.9
-13769.1
-14660.8
-15526.8
-16365.9
-17177
-17959
-18710.9
-19431.8
-20121
-20777.5
-21400.8
-21990.2
-22545.1
-23065.1
-23549.5
-23998.1
-24410.4
-24786.2
-25125.1
-25426.9
-25691.4
-25918.4
-26107.7
-26259.3
-26373
-26448.8
-26486.8
-538.048
-1615.46
-2692.12
-3763.59
-4827.83
-5882.85
-6926.68
-7957.43
-8973.25
-9972.37
-10953.1
-11913.8
-12852.9
-13769.1
-14660.8
-15526.8
-16365.9
-17177
-17959
-18710.9
-19431.8
-20121
-20777.5
-21400.8
-21990.2
-22545.1
-23065.1
-23549.5
-23998.1
-24410.4
-24786.2
-25125.1
-25426.9
-25691.4
-25918.4
-26107.7
-26259.3
-26373
-26448.8
-26486.8
-538.048
-1615.46
-2692.11
-3763.59
-4827.83
-5882.85
-6926.68
-7957.43
-8973.24
-9972.36
-10953.1
-11913.8
-12852.9
-13769.1
-14660.8
-15526.8
-16365.9
-17177
-17959
-18710.9
-19431.8
-20121
-20777.5
-21400.8
-21990.2
-22545.1
-23065.1
-23549.5
-23998.1
-24410.4
-24786.2
-25125.1
-25426.9
-25691.4
-25918.4
-26107.7
-26259.3
-26373
-26448.8
-26486.8
-538.048
-1615.46
-2692.11
-3763.58
-4827.83
-5882.85
-6926.68
-7957.42
-8973.24
-9972.36
-10953.1
-11913.8
-12852.9
-13769
-14660.8
-15526.8
-16365.9
-17177
-17959
-18710.9
-19431.8
-20121
-20777.5
-21400.8
-21990.2
-22545.1
-23065.1
-23549.5
-23998.1
-24410.4
-24786.2
-25125.1
-25426.9
-25691.4
-25918.4
-26107.7
-26259.3
-26373
-26448.8
-26486.8
-538.048
-1615.46
-2692.11
-3763.58
-4827.83
-5882.84
-6926.68
-7957.42
-8973.24
-9972.36
-10953.1
-11913.8
-12852.9
-13769
-14660.8
-15526.8
-16365.9
-17177
-17959
-18710.9
-19431.8
-20120.9
-20777.5
-21400.8
-21990.2
-22545.1
-23065
-23549.5
-23998.1
-24410.4
-24786.2
-25125.1
-25426.9
-25691.4
-25918.4
-26107.7
-26259.3
-26373
-26448.8
-26486.8
-538.047
-1615.46
-2692.11
-3763.58
-4827.83
-5882.84
-6926.67
-7957.42
-8973.24
-9972.36
-10953.1
-11913.8
-12852.9
-13769
-14660.8
-15526.8
-16365.9
-17177
-17959
-18710.9
-19431.8
-20120.9
-20777.5
-21400.8
-21990.2
-22545.1
-23065
-23549.5
-23998.1
-24410.4
-24786.2
-25125.1
-25426.9
-25691.4
-25918.4
-26107.7
-26259.3
-26373
-26448.8
-26486.8
-538.047
-1615.46
-2692.11
-3763.58
-4827.83
-5882.84
-6926.67
-7957.42
-8973.23
-9972.35
-10953.1
-11913.8
-12852.9
-13769
-14660.8
-15526.8
-16365.9
-17177
-17959
-18710.9
-19431.8
-20120.9
-20777.5
-21400.8
-21990.2
-22545.1
-23065
-23549.5
-23998.1
-24410.4
-24786.2
-25125.1
-25426.9
-25691.4
-25918.4
-26107.7
-26259.3
-26373
-26448.8
-26486.7
-538.047
-1615.46
-2692.11
-3763.58
-4827.82
-5882.84
-6926.67
-7957.41
-8973.23
-9972.35
-10953.1
-11913.8
-12852.9
-13769
-14660.8
-15526.8
-16365.9
-17177
-17959
-18710.9
-19431.8
-20120.9
-20777.5
-21400.8
-21990.2
-22545.1
-23065
-23549.5
-23998.1
-24410.4
-24786.2
-25125.1
-25426.9
-25691.4
-25918.4
-26107.7
-26259.3
-26373
-26448.8
-26486.7
-538.047
-1615.46
-2692.11
-3763.58
-4827.82
-5882.84
-6926.67
-7957.41
-8973.23
-9972.35
-10953.1
-11913.8
-12852.9
-13769
-14660.8
-15526.8
-16365.9
-17177
-17959
-18710.9
-19431.8
-20120.9
-20777.5
-21400.8
-21990.2
-22545.1
-23065
-23549.5
-23998.1
-24410.4
-24786.2
-25125.1
-25426.9
-25691.4
-25918.4
-26107.7
-26259.3
-26373
-26448.8
-26486.7
-538.047
-1615.45
-2692.11
-3763.58
-4827.82
-5882.84
-6926.67
-7957.41
-8973.23
-9972.35
-10953.1
-11913.8
-12852.9
-13769
-14660.8
-15526.8
-16365.9
-17177
-17959
-18710.9
-19431.8
-20120.9
-20777.5
-21400.8
-21990.2
-22545.1
-23065
-23549.5
-23998.1
-24410.4
-24786.2
-25125.1
-25426.9
-25691.4
-25918.4
-26107.7
-26259.3
-26373
-26448.8
-26486.7
-538.046
-1615.45
-2692.11
-3763.58
-4827.82
-5882.83
-6926.66
-7957.41
-8973.22
-9972.34
-10953.1
-11913.8
-12852.9
-13769
-14660.7
-15526.8
-16365.9
-17177
-17959
-18710.9
-19431.8
-20120.9
-20777.5
-21400.8
-21990.2
-22545.1
-23065
-23549.5
-23998.1
-24410.4
-24786.2
-25125.1
-25426.9
-25691.4
-25918.4
-26107.7
-26259.3
-26373
-26448.8
-26486.7
-538.045
-1615.45
-2692.1
-3763.57
-4827.82
-5882.83
-6926.66
-7957.41
-8973.22
-9972.34
-10953.1
-11913.8
-12852.9
-13769
-14660.7
-15526.8
-16365.9
-17177
-17959
-18710.9
-19431.8
-20120.9
-20777.5
-21400.8
-21990.2
-22545.1
-23065
-23549.5
-23998.1
-24410.4
-24786.2
-25125.1
-25426.9
-25691.4
-25918.4
-26107.7
-26259.3
-26373
-26448.8
-26486.7
-538.041
-1615.45
-2692.1
-3763.57
-4827.82
-5882.83
-6926.66
-7957.41
-8973.22
-9972.34
-10953.1
-11913.8
-12852.9
-13769
-14660.7
-15526.8
-16365.9
-17177
-17959
-18710.9
-19431.8
-20120.9
-20777.5
-21400.8
-21990.2
-22545.1
-23065
-23549.5
-23998.1
-24410.4
-24786.2
-25125.1
-25426.9
-25691.4
-25918.4
-26107.7
-26259.3
-26373
-26448.8
-26486.7
-548.177
-1645.86
-2742.71
-3834.16
-4918.11
-5992.47
-7055.22
-8104.4
-9138.11
-10154.5
-11151.9
-12128.6
-13083.1
-14013.8
-14919.4
-15798.6
-16650.2
-17473
-18265.9
-19028.1
-19758.7
-20456.7
-21121.6
-21752.5
-22348.9
-22910.2
-23436
-23925.8
-24379.1
-24795.8
-25175.4
-25517.6
-25822.3
-26089.3
-26318.5
-26509.5
-26662.5
-26777.3
-26853.7
-26892
-548.18
-1645.86
-2742.71
-3834.16
-4918.11
-5992.47
-7055.22
-8104.4
-9138.11
-10154.5
-11151.9
-12128.6
-13083.1
-14013.8
-14919.4
-15798.6
-16650.2
-17473
-18266
-19028.1
-19758.7
-20456.7
-21121.6
-21752.5
-22348.9
-22910.2
-23436
-23925.8
-24379.1
-24795.8
-25175.4
-25517.6
-25822.4
-26089.4
-26318.5
-26509.6
-26662.5
-26777.3
-26853.7
-26892
-548.182
-1645.86
-2742.71
-3834.17
-4918.11
-5992.47
-7055.22
-8104.4
-9138.11
-10154.5
-11151.9
-12128.6
-13083.1
-14013.8
-14919.4
-15798.6
-16650.2
-17473
-18266
-19028.2
-19758.7
-20456.7
-21121.6
-21752.5
-22348.9
-22910.2
-23436
-23925.8
-24379.2
-24795.8
-25175.4
-25517.6
-25822.4
-26089.4
-26318.5
-26509.6
-26662.5
-26777.3
-26853.7
-26892
-548.182
-1645.86
-2742.71
-3834.17
-4918.11
-5992.48
-7055.23
-8104.41
-9138.11
-10154.5
-11151.9
-12128.6
-13083.1
-14013.8
-14919.4
-15798.6
-16650.2
-17473
-18266
-19028.2
-19758.7
-20456.7
-21121.6
-21752.5
-22348.9
-22910.2
-23436
-23925.8
-24379.2
-24795.8
-25175.4
-25517.6
-25822.4
-26089.4
-26318.5
-26509.6
-26662.5
-26777.3
-26853.7
-26892
-548.183
-1645.87
-2742.71
-3834.17
-4918.12
-5992.48
-7055.23
-8104.41
-9138.12
-10154.5
-11151.9
-12128.6
-13083.1
-14013.8
-14919.5
-15798.6
-16650.2
-17473
-18266
-19028.2
-19758.7
-20456.7
-21121.6
-21752.5
-22348.9
-22910.2
-23436
-23925.8
-24379.2
-24795.8
-25175.4
-25517.6
-25822.4
-26089.4
-26318.5
-26509.6
-26662.5
-26777.3
-26853.8
-26892
-548.183
-1645.87
-2742.72
-3834.17
-4918.12
-5992.48
-7055.24
-8104.41
-9138.12
-10154.5
-11151.9
-12128.7
-13083.1
-14013.8
-14919.5
-15798.7
-16650.2
-17473
-18266
-19028.2
-19758.7
-20456.8
-21121.6
-21752.5
-22348.9
-22910.3
-23436
-23925.8
-24379.2
-24795.8
-25175.4
-25517.7
-25822.4
-26089.4
-26318.5
-26509.6
-26662.5
-26777.3
-26853.8
-26892
-548.183
-1645.87
-2742.72
-3834.18
-4918.12
-5992.49
-7055.24
-8104.42
-9138.13
-10154.6
-11151.9
-12128.7
-13083.1
-14013.9
-14919.5
-15798.7
-16650.2
-17473
-18266
-19028.2
-19758.7
-20456.8
-21121.6
-21752.5
-22348.9
-22910.3
-23436
-23925.8
-24379.2
-24795.8
-25175.4
-25517.7
-25822.4
-26089.4
-26318.5
-26509.6
-26662.6
-26777.3
-26853.8
-26892
-548.184
-1645.87
-2742.72
-3834.18
-4918.13
-5992.49
-7055.24
-8104.42
-9138.14
-10154.6
-11152
-12128.7
-13083.1
-14013.9
-14919.5
-15798.7
-16650.2
-17473
-18266
-19028.2
-19758.7
-20456.8
-21121.6
-21752.5
-22348.9
-22910.3
-23436.1
-23925.8
-24379.2
-24795.8
-25175.4
-25517.7
-25822.4
-26089.4
-26318.5
-26509.6
-26662.6
-26777.3
-26853.8
-26892
-548.184
-1645.87
-2742.72
-3834.18
-4918.13
-5992.5
-7055.25
-8104.43
-9138.14
-10154.6
-11152
-12128.7
-13083.1
-14013.9
-14919.5
-15798.7
-16650.2
-17473
-18266
-19028.2
-19758.7
-20456.8
-21121.6
-21752.5
-22349
-22910.3
-23436.1
-23925.8
-24379.2
-24795.8
-25175.4
-25517.7
-25822.4
-26089.4
-26318.5
-26509.6
-26662.6
-26777.3
-26853.8
-26892.1
-548.185
-1645.87
-2742.72
-3834.18
-4918.14
-5992.5
-7055.26
-8104.44
-9138.15
-10154.6
-11152
-12128.7
-13083.2
-14013.9
-14919.5
-15798.7
-16650.3
-17473
-18266
-19028.2
-19758.8
-20456.8
-21121.6
-21752.6
-22349
-22910.3
-23436.1
-23925.9
-24379.2
-24795.9
-25175.4
-25517.7
-25822.4
-26089.4
-26318.6
-26509.6
-26662.6
-26777.4
-26853.8
-26892.1
-548.185
-1645.87
-2742.73
-3834.19
-4918.14
-5992.51
-7055.26
-8104.44
-9138.16
-10154.6
-11152
-12128.7
-13083.2
-14013.9
-14919.5
-15798.7
-16650.3
-17473.1
-18266
-19028.2
-19758.8
-20456.8
-21121.6
-21752.6
-22349
-22910.3
-23436.1
-23925.9
-24379.3
-24795.9
-25175.5
-25517.7
-25822.5
-26089.5
-26318.6
-26509.7
-26662.6
-26777.4
-26853.8
-26892.1
-548.186
-1645.87
-2742.73
-3834.19
-4918.14
-5992.51
-7055.27
-8104.45
-9138.16
-10154.6
-11152
-12128.7
-13083.2
-14013.9
-14919.5
-15798.7
-16650.3
-17473.1
-18266
-19028.2
-19758.8
-20456.8
-21121.7
-21752.6
-22349
-22910.3
-23436.1
-23925.9
-24379.3
-24795.9
-25175.5
-25517.7
-25822.5
-26089.5
-26318.6
-26509.7
-26662.6
-26777.4
-26853.9
-26892.1
-548.186
-1645.88
-2742.73
-3834.19
-4918.15
-5992.52
-7055.27
-8104.46
-9138.17
-10154.6
-11152
-12128.7
-13083.2
-14013.9
-14919.5
-15798.7
-16650.3
-17473.1
-18266.1
-19028.3
-19758.8
-20456.9
-21121.7
-21752.6
-22349
-22910.4
-23436.1
-23925.9
-24379.3
-24795.9
-25175.5
-25517.8
-25822.5
-26089.5
-26318.6
-26509.7
-26662.7
-26777.4
-26853.9
-26892.1
-548.187
-1645.88
-2742.73
-3834.2
-4918.15
-5992.52
-7055.28
-8104.46
-9138.18
-10154.6
-11152
-12128.7
-13083.2
-14013.9
-14919.5
-15798.7
-16650.3
-17473.1
-18266.1
-19028.3
-19758.8
-20456.9
-21121.7
-21752.6
-22349
-22910.4
-23436.2
-23925.9
-24379.3
-24795.9
-25175.5
-25517.8
-25822.5
-26089.5
-26318.6
-26509.7
-26662.7
-26777.4
-26853.9
-26892.1
-548.187
-1645.88
-2742.73
-3834.2
-4918.15
-5992.52
-7055.28
-8104.47
-9138.18
-10154.6
-11152
-12128.7
-13083.2
-14013.9
-14919.6
-15798.8
-16650.3
-17473.1
-18266.1
-19028.3
-19758.8
-20456.9
-21121.7
-21752.6
-22349
-22910.4
-23436.2
-23925.9
-24379.3
-24795.9
-25175.5
-25517.8
-25822.5
-26089.5
-26318.6
-26509.7
-26662.7
-26777.4
-26853.9
-26892.2
-548.187
-1645.88
-2742.74
-3834.2
-4918.16
-5992.53
-7055.29
-8104.47
-9138.19
-10154.6
-11152
-12128.7
-13083.2
-14013.9
-14919.6
-15798.8
-16650.3
-17473.1
-18266.1
-19028.3
-19758.8
-20456.9
-21121.7
-21752.6
-22349.1
-22910.4
-23436.2
-23926
-24379.3
-24796
-25175.5
-25517.8
-25822.5
-26089.5
-26318.7
-26509.7
-26662.7
-26777.5
-26853.9
-26892.2
-548.188
-1645.88
-2742.74
-3834.2
-4918.16
-5992.53
-7055.29
-8104.48
-9138.2
-10154.6
-11152
-12128.7
-13083.2
-14014
-14919.6
-15798.8
-16650.3
-17473.1
-18266.1
-19028.3
-19758.8
-20456.9
-21121.7
-21752.7
-22349.1
-22910.4
-23436.2
-23926
-24379.3
-24796
-25175.6
-25517.8
-25822.6
-26089.6
-26318.7
-26509.8
-26662.7
-26777.5
-26853.9
-26892.2
-548.188
-1645.88
-2742.74
-3834.21
-4918.16
-5992.54
-7055.3
-8104.48
-9138.2
-10154.6
-11152
-12128.8
-13083.2
-14014
-14919.6
-15798.8
-16650.3
-17473.1
-18266.1
-19028.3
-19758.9
-20456.9
-21121.7
-21752.7
-22349.1
-22910.4
-23436.2
-23926
-24379.4
-24796
-25175.6
-25517.8
-25822.6
-26089.6
-26318.7
-26509.8
-26662.7
-26777.5
-26854
-26892.2
-548.188
-1645.88
-2742.74
-3834.21
-4918.17
-5992.54
-7055.3
-8104.49
-9138.2
-10154.6
-11152
-12128.8
-13083.2
-14014
-14919.6
-15798.8
-16650.3
-17473.1
-18266.1
-19028.3
-19758.9
-20456.9
-21121.8
-21752.7
-22349.1
-22910.4
-23436.2
-23926
-24379.4
-24796
-25175.6
-25517.9
-25822.6
-26089.6
-26318.7
-26509.8
-26662.8
-26777.5
-26854
-26892.2
-548.189
-1645.88
-2742.74
-3834.21
-4918.17
-5992.54
-7055.3
-8104.49
-9138.21
-10154.6
-11152
-12128.8
-13083.2
-14014
-14919.6
-15798.8
-16650.4
-17473.1
-18266.1
-19028.3
-19758.9
-20456.9
-21121.8
-21752.7
-22349.1
-22910.4
-23436.2
-23926
-24379.4
-24796
-25175.6
-25517.9
-25822.6
-26089.6
-26318.7
-26509.8
-26662.8
-26777.5
-26854
-26892.2
-548.189
-1645.88
-2742.74
-3834.21
-4918.17
-5992.54
-7055.3
-8104.49
-9138.21
-10154.6
-11152
-12128.8
-13083.2
-14014
-14919.6
-15798.8
-16650.4
-17473.2
-18266.1
-19028.3
-19758.9
-20456.9
-21121.8
-21752.7
-22349.1
-22910.5
-23436.2
-23926
-24379.4
-24796
-25175.6
-25517.9
-25822.6
-26089.6
-26318.7
-26509.8
-26662.8
-26777.5
-26854
-26892.2
-548.189
-1645.88
-2742.74
-3834.21
-4918.17
-5992.54
-7055.31
-8104.49
-9138.21
-10154.6
-11152
-12128.8
-13083.2
-14014
-14919.6
-15798.8
-16650.4
-17473.2
-18266.1
-19028.4
-19758.9
-20456.9
-21121.8
-21752.7
-22349.1
-22910.5
-23436.2
-23926
-24379.4
-24796
-25175.6
-25517.9
-25822.6
-26089.6
-26318.7
-26509.8
-26662.8
-26777.5
-26854
-26892.3
-548.189
-1645.88
-2742.74
-3834.21
-4918.17
-5992.54
-7055.31
-8104.5
-9138.22
-10154.6
-11152.1
-12128.8
-13083.2
-14014
-14919.6
-15798.8
-16650.4
-17473.2
-18266.1
-19028.4
-19758.9
-20456.9
-21121.8
-21752.7
-22349.1
-22910.5
-23436.2
-23926
-24379.4
-24796
-25175.6
-25517.9
-25822.6
-26089.6
-26318.7
-26509.8
-26662.8
-26777.5
-26854
-26892.3
-548.189
-1645.88
-2742.74
-3834.21
-4918.17
-5992.55
-7055.31
-8104.5
-9138.22
-10154.6
-11152.1
-12128.8
-13083.2
-14014
-14919.6
-15798.8
-16650.4
-17473.2
-18266.2
-19028.4
-19758.9
-20457
-21121.8
-21752.7
-22349.1
-22910.5
-23436.3
-23926
-24379.4
-24796
-25175.6
-25517.9
-25822.6
-26089.6
-26318.7
-26509.8
-26662.8
-26777.5
-26854
-26892.3
-548.189
-1645.88
-2742.74
-3834.21
-4918.17
-5992.55
-7055.31
-8104.5
-9138.22
-10154.6
-11152.1
-12128.8
-13083.2
-14014
-14919.6
-15798.8
-16650.4
-17473.2
-18266.2
-19028.4
-19758.9
-20457
-21121.8
-21752.7
-22349.1
-22910.5
-23436.3
-23926
-24379.4
-24796
-25175.6
-25517.9
-25822.6
-26089.6
-26318.7
-26509.8
-26662.8
-26777.5
-26854
-26892.3
-548.189
-1645.88
-2742.74
-3834.21
-4918.17
-5992.54
-7055.31
-8104.5
-9138.22
-10154.6
-11152.1
-12128.8
-13083.2
-14014
-14919.6
-15798.8
-16650.4
-17473.2
-18266.2
-19028.4
-19758.9
-20457
-21121.8
-21752.7
-22349.1
-22910.5
-23436.3
-23926
-24379.4
-24796
-25175.6
-25517.9
-25822.6
-26089.6
-26318.7
-26509.8
-26662.8
-26777.5
-26854
-26892.3
-548.189
-1645.88
-2742.74
-3834.21
-4918.17
-5992.54
-7055.31
-8104.49
-9138.21
-10154.6
-11152
-12128.8
-13083.2
-14014
-14919.6
-15798.8
-16650.4
-17473.2
-18266.2
-19028.4
-19758.9
-20457
-21121.8
-21752.7
-22349.1
-22910.5
-23436.3
-23926
-24379.4
-24796
-25175.6
-25517.9
-25822.6
-26089.6
-26318.7
-26509.8
-26662.8
-26777.5
-26854
-26892.3
-548.189
-1645.88
-2742.74
-3834.21
-4918.17
-5992.54
-7055.3
-8104.49
-9138.21
-10154.6
-11152
-12128.8
-13083.2
-14014
-14919.6
-15798.8
-16650.4
-17473.2
-18266.2
-19028.4
-19758.9
-20457
-21121.8
-21752.7
-22349.1
-22910.5
-23436.3
-23926
-24379.4
-24796
-25175.6
-25517.9
-25822.6
-26089.6
-26318.7
-26509.8
-26662.8
-26777.5
-26854
-26892.3
-548.188
-1645.88
-2742.74
-3834.21
-4918.17
-5992.54
-7055.3
-8104.49
-9138.21
-10154.6
-11152
-12128.8
-13083.2
-14014
-14919.6
-15798.8
-16650.4
-17473.2
-18266.1
-19028.4
-19758.9
-20456.9
-21121.8
-21752.7
-22349.1
-22910.5
-23436.3
-23926
-24379.4
-24796
-25175.6
-25517.9
-25822.6
-26089.6
-26318.7
-26509.8
-26662.8
-26777.5
-26854
-26892.3
-548.188
-1645.88
-2742.74
-3834.21
-4918.17
-5992.54
-7055.3
-8104.49
-9138.21
-10154.6
-11152
-12128.8
-13083.2
-14014
-14919.6
-15798.8
-16650.4
-17473.2
-18266.1
-19028.4
-19758.9
-20456.9
-21121.8
-21752.7
-22349.1
-22910.5
-23436.2
-23926
-24379.4
-24796
-25175.6
-25517.9
-25822.6
-26089.6
-26318.7
-26509.8
-26662.8
-26777.5
-26854
-26892.3
-548.188
-1645.88
-2742.74
-3834.21
-4918.16
-5992.54
-7055.3
-8104.48
-9138.2
-10154.6
-11152
-12128.8
-13083.2
-14014
-14919.6
-15798.8
-16650.4
-17473.2
-18266.1
-19028.3
-19758.9
-20456.9
-21121.8
-21752.7
-22349.1
-22910.5
-23436.2
-23926
-24379.4
-24796
-25175.6
-25517.9
-25822.6
-26089.6
-26318.7
-26509.8
-26662.8
-26777.5
-26854
-26892.3
-548.188
-1645.88
-2742.74
-3834.2
-4918.16
-5992.53
-7055.29
-8104.48
-9138.2
-10154.6
-11152
-12128.8
-13083.2
-14014
-14919.6
-15798.8
-16650.4
-17473.2
-18266.1
-19028.3
-19758.9
-20456.9
-21121.8
-21752.7
-22349.1
-22910.5
-23436.2
-23926
-24379.4
-24796
-25175.6
-25517.9
-25822.6
-26089.6
-26318.7
-26509.8
-26662.8
-26777.5
-26854
-26892.3
-548.188
-1645.88
-2742.74
-3834.2
-4918.16
-5992.53
-7055.29
-8104.48
-9138.2
-10154.6
-11152
-12128.8
-13083.2
-14014
-14919.6
-15798.8
-16650.3
-17473.1
-18266.1
-19028.3
-19758.9
-20456.9
-21121.8
-21752.7
-22349.1
-22910.5
-23436.2
-23926
-24379.4
-24796
-25175.6
-25517.9
-25822.6
-26089.6
-26318.7
-26509.8
-26662.8
-26777.5
-26854
-26892.2
-548.187
-1645.88
-2742.74
-3834.2
-4918.16
-5992.53
-7055.29
-8104.48
-9138.19
-10154.6
-11152
-12128.7
-13083.2
-14014
-14919.6
-15798.8
-16650.3
-17473.1
-18266.1
-19028.3
-19758.9
-20456.9
-21121.8
-21752.7
-22349.1
-22910.4
-23436.2
-23926
-24379.4
-24796
-25175.6
-25517.9
-25822.6
-26089.6
-26318.7
-26509.8
-26662.8
-26777.5
-26854
-26892.2
-548.187
-1645.88
-2742.73
-3834.2
-4918.16
-5992.53
-7055.29
-8104.47
-9138.19
-10154.6
-11152
-12128.7
-13083.2
-14014
-14919.6
-15798.8
-16650.3
-17473.1
-18266.1
-19028.3
-19758.9
-20456.9
-21121.8
-21752.7
-22349.1
-22910.4
-23436.2
-23926
-24379.4
-24796
-25175.6
-25517.9
-25822.6
-26089.6
-26318.7
-26509.8
-26662.8
-26777.5
-26854
-26892.2
-548.187
-1645.88
-2742.73
-3834.2
-4918.15
-5992.52
-7055.28
-8104.47
-9138.19
-10154.6
-11152
-12128.7
-13083.2
-14014
-14919.6
-15798.8
-16650.3
-17473.1
-18266.1
-19028.3
-19758.9
-20456.9
-21121.8
-21752.7
-22349.1
-22910.4
-23436.2
-23926
-24379.4
-24796
-25175.6
-25517.9
-25822.6
-26089.6
-26318.7
-26509.8
-26662.8
-26777.5
-26854
-26892.2
-548.186
-1645.88
-2742.73
-3834.2
-4918.15
-5992.52
-7055.28
-8104.47
-9138.19
-10154.6
-11152
-12128.7
-13083.2
-14013.9
-14919.6
-15798.8
-16650.3
-17473.1
-18266.1
-19028.3
-19758.9
-20456.9
-21121.7
-21752.7
-22349.1
-22910.4
-23436.2
-23926
-24379.4
-24796
-25175.6
-25517.9
-25822.6
-26089.6
-26318.7
-26509.8
-26662.8
-26777.5
-26854
-26892.2
-548.185
-1645.87
-2742.73
-3834.2
-4918.15
-5992.52
-7055.28
-8104.47
-9138.18
-10154.6
-11152
-12128.7
-13083.2
-14013.9
-14919.6
-15798.8
-16650.3
-17473.1
-18266.1
-19028.3
-19758.9
-20456.9
-21121.7
-21752.7
-22349.1
-22910.4
-23436.2
-23926
-24379.4
-24796
-25175.6
-25517.9
-25822.6
-26089.6
-26318.7
-26509.8
-26662.8
-26777.5
-26854
-26892.2
-548.185
-1645.87
-2742.73
-3834.19
-4918.15
-5992.52
-7055.28
-8104.46
-9138.18
-10154.6
-11152
-12128.7
-13083.2
-14013.9
-14919.6
-15798.8
-16650.3
-17473.1
-18266.1
-19028.3
-19758.9
-20456.9
-21121.7
-21752.7
-22349.1
-22910.4
-23436.2
-23926
-24379.4
-24796
-25175.6
-25517.8
-25822.6
-26089.6
-26318.7
-26509.8
-26662.8
-26777.5
-26854
-26892.2
-548.181
-1645.87
-2742.73
-3834.19
-4918.15
-5992.52
-7055.28
-8104.46
-9138.18
-10154.6
-11152
-12128.7
-13083.2
-14013.9
-14919.6
-15798.8
-16650.3
-17473.1
-18266.1
-19028.3
-19758.9
-20456.9
-21121.7
-21752.7
-22349.1
-22910.4
-23436.2
-23926
-24379.4
-24796
-25175.6
-25517.8
-25822.6
-26089.6
-26318.7
-26509.8
-26662.7
-26777.5
-26854
-26892.2
-559.398
-1679.52
-2798.72
-3912.29
-5018.03
-6113.77
-7197.41
-8266.93
-9320.36
-10355.8
-11371.6
-12365.9
-13337.1
-14283.9
-15204.7
-16098.3
-16963.4
-17798.9
-18603.9
-19377.3
-20118.2
-20825.9
-21499.7
-22138.9
-22742.9
-23311.1
-23843.2
-24338.7
-24797.2
-25218.4
-25602.1
-25947.9
-26255.8
-26525.5
-26756.8
-26949.8
-27104.2
-27220
-27297.2
-27335.8
-559.402
-1679.53
-2798.72
-3912.29
-5018.03
-6113.77
-7197.41
-8266.93
-9320.36
-10355.8
-11371.6
-12365.9
-13337.1
-14283.9
-15204.7
-16098.3
-16963.4
-17798.9
-18603.9
-19377.3
-20118.2
-20825.9
-21499.7
-22138.9
-22742.9
-23311.1
-23843.2
-24338.7
-24797.2
-25218.4
-25602.1
-25947.9
-26255.8
-26525.5
-26756.8
-26949.8
-27104.2
-27220
-27297.2
-27335.8
-559.403
-1679.53
-2798.73
-3912.3
-5018.03
-6113.77
-7197.42
-8266.93
-9320.36
-10355.8
-11371.6
-12365.9
-13337.1
-14283.9
-15204.7
-16098.3
-16963.4
-17799
-18603.9
-19377.3
-20118.2
-20825.9
-21499.7
-22138.9
-22742.9
-23311.1
-23843.2
-24338.7
-24797.2
-25218.4
-25602.1
-25947.9
-26255.8
-26525.5
-26756.8
-26949.8
-27104.2
-27220
-27297.2
-27335.8
-559.404
-1679.53
-2798.73
-3912.3
-5018.03
-6113.77
-7197.42
-8266.93
-9320.36
-10355.8
-11371.6
-12365.9
-13337.1
-14283.9
-15204.7
-16098.3
-16963.4
-17799
-18603.9
-19377.3
-20118.2
-20826
-21499.7
-22138.9
-22742.9
-23311.1
-23843.2
-24338.7
-24797.2
-25218.4
-25602.1
-25947.9
-26255.8
-26525.5
-26756.8
-26949.8
-27104.2
-27220
-27297.2
-27335.8
-559.404
-1679.53
-2798.73
-3912.3
-5018.04
-6113.78
-7197.42
-8266.94
-9320.37
-10355.8
-11371.6
-12365.9
-13337.1
-14283.9
-15204.7
-16098.3
-16963.4
-17799
-18603.9
-19377.3
-20118.2
-20826
-21499.7
-22138.9
-22742.9
-23311.1
-23843.2
-24338.7
-24797.2
-25218.4
-25602.1
-25947.9
-26255.8
-26525.5
-26756.8
-26949.8
-27104.2
-27220
-27297.2
-27335.8
-559.405
-1679.53
-2798.73
-3912.3
-5018.04
-6113.78
-7197.43
-8266.94
-9320.37
-10355.8
-11371.6
-12365.9
-13337.1
-14283.9
-15204.7
-16098.3
-16963.4
-17799
-18603.9
-19377.3
-20118.3
-20826
-21499.7
-22138.9
-22742.9
-23311.2
-23843.2
-24338.7
-24797.2
-25218.4
-25602.1
-25948
-26255.8
-26525.5
-26756.9
-26949.8
-27104.2
-27220.1
-27297.2
-27335.9
-559.405
-1679.53
-2798.73
-3912.31
-5018.04
-6113.79
-7197.43
-8266.95
-9320.38
-10355.9
-11371.6
-12365.9
-13337.2
-14283.9
-15204.7
-16098.3
-16963.4
-17799
-18603.9
-19377.3
-20118.3
-20826
-21499.8
-22138.9
-22742.9
-23311.2
-23843.2
-24338.7
-24797.2
-25218.5
-25602.1
-25948
-26255.8
-26525.5
-26756.9
-26949.8
-27104.2
-27220.1
-27297.3
-27335.9
-559.406
-1679.54
-2798.74
-3912.31
-5018.05
-6113.79
-7197.44
-8266.95
-9320.39
-10355.9
-11371.6
-12365.9
-13337.2
-14283.9
-15204.7
-16098.3
-16963.4
-17799
-18603.9
-19377.3
-20118.3
-20826
-21499.8
-22138.9
-22742.9
-23311.2
-23843.3
-24338.7
-24797.2
-25218.5
-25602.1
-25948
-26255.8
-26525.5
-26756.9
-26949.8
-27104.3
-27220.1
-27297.3
-27335.9
-559.406
-1679.54
-2798.74
-3912.31
-5018.05
-6113.8
-7197.44
-8266.96
-9320.39
-10355.9
-11371.6
-12365.9
-13337.2
-14283.9
-15204.7
-16098.3
-16963.5
-17799
-18604
-19377.3
-20118.3
-20826
-21499.8
-22139
-22742.9
-23311.2
-23843.3
-24338.8
-24797.3
-25218.5
-25602.1
-25948
-26255.9
-26525.5
-26756.9
-26949.8
-27104.3
-27220.1
-27297.3
-27335.9
-559.407
-1679.54
-2798.74
-3912.32
-5018.06
-6113.8
-7197.45
-8266.97
-9320.4
-10355.9
-11371.6
-12365.9
-13337.2
-14283.9
-15204.8
-16098.3
-16963.5
-17799
-18604
-19377.4
-20118.3
-20826
-21499.8
-22139
-22742.9
-23311.2
-23843.3
-24338.8
-24797.3
-25218.5
-25602.2
-25948
-26255.9
-26525.6
-26756.9
-26949.9
-27104.3
-27220.1
-27297.3
-27335.9
-559.407
-1679.54
-2798.74
-3912.32
-5018.06
-6113.81
-7197.45
-8266.97
-9320.41
-10355.9
-11371.6
-12365.9
-13337.2
-14283.9
-15204.8
-16098.3
-16963.5
-17799
-18604
-19377.4
-20118.3
-20826
-21499.8
-22139
-22743
-23311.2
-23843.3
-24338.8
-24797.3
-25218.5
-25602.2
-25948
-26255.9
-26525.6
-26756.9
-26949.9
-27104.3
-27220.1
-27297.3
-27335.9
-559.408
-1679.54
-2798.75
-3912.32
-5018.06
-6113.81
-7197.46
-8266.98
-9320.42
-10355.9
-11371.6
-12365.9
-13337.2
-14284
-15204.8
-16098.4
-16963.5
-17799
-18604
-19377.4
-20118.3
-20826.1
-21499.8
-22139
-22743
-23311.2
-23843.3
-24338.8
-24797.3
-25218.5
-25602.2
-25948.1
-26255.9
-26525.6
-26757
-26949.9
-27104.3
-27220.2
-27297.3
-27336
-559.408
-1679.54
-2798.75
-3912.33
-5018.07
-6113.82
-7197.47
-8266.99
-9320.42
-10355.9
-11371.6
-12365.9
-13337.2
-14284
-15204.8
-16098.4
-16963.5
-17799.1
-18604
-19377.4
-20118.3
-20826.1
-21499.8
-22139
-22743
-23311.3
-23843.3
-24338.8
-24797.3
-25218.6
-25602.2
-25948.1
-26255.9
-26525.6
-26757
-26949.9
-27104.3
-27220.2
-27297.4
-27336
-559.408
-1679.54
-2798.75
-3912.33
-5018.07
-6113.82
-7197.47
-8266.99
-9320.43
-10355.9
-11371.6
-12365.9
-13337.2
-14284
-15204.8
-16098.4
-16963.5
-17799.1
-18604
-19377.4
-20118.4
-20826.1
-21499.9
-22139
-22743
-23311.3
-23843.4
-24338.8
-24797.3
-25218.6
-25602.2
-25948.1
-26256
-26525.6
-26757
-26949.9
-27104.4
-27220.2
-27297.4
-27336
-559.409
-1679.54
-2798.75
-3912.33
-5018.08
-6113.82
-7197.48
-8267
-9320.44
-10355.9
-11371.7
-12366
-13337.2
-14284
-15204.8
-16098.4
-16963.5
-17799.1
-18604
-19377.4
-20118.4
-20826.1
-21499.9
-22139
-22743
-23311.3
-23843.4
-24338.9
-24797.4
-25218.6
-25602.3
-25948.1
-26256
-26525.6
-26757
-26950
-27104.4
-27220.2
-27297.4
-27336
-559.409
-1679.55
-2798.75
-3912.33
-5018.08
-6113.83
-7197.48
-8267.01
-9320.44
-10355.9
-11371.7
-12366
-13337.2
-14284
-15204.8
-16098.4
-16963.5
-17799.1
-18604
-19377.4
-20118.4
-20826.1
-21499.9
-22139.1
-22743
-23311.3
-23843.4
-24338.9
-24797.4
-25218.6
-25602.3
-25948.1
-26256
-26525.7
-26757
-26950
-27104.4
-27220.2
-27297.4
-27336
-559.41
-1679.55
-2798.76
-3912.34
-5018.08
-6113.83
-7197.49
-8267.01
-9320.45
-10355.9
-11371.7
-12366
-13337.3
-14284
-15204.8
-16098.4
-16963.5
-17799.1
-18604.1
-19377.4
-20118.4
-20826.1
-21499.9
-22139.1
-22743.1
-23311.3
-23843.4
-24338.9
-24797.4
-25218.6
-25602.3
-25948.1
-26256
-26525.7
-26757
-26950
-27104.4
-27220.2
-27297.4
-27336
-559.41
-1679.55
-2798.76
-3912.34
-5018.09
-6113.84
-7197.49
-8267.02
-9320.45
-10355.9
-11371.7
-12366
-13337.3
-14284
-15204.8
-16098.4
-16963.6
-17799.1
-18604.1
-19377.5
-20118.4
-20826.1
-21499.9
-22139.1
-22743.1
-23311.3
-23843.4
-24338.9
-24797.4
-25218.6
-25602.3
-25948.2
-26256
-26525.7
-26757.1
-26950
-27104.4
-27220.3
-27297.4
-27336.1
-559.41
-1679.55
-2798.76
-3912.34
-5018.09
-6113.84
-7197.49
-8267.02
-9320.46
-10355.9
-11371.7
-12366
-13337.3
-14284
-15204.8
-16098.4
-16963.6
-17799.1
-18604.1
-19377.5
-20118.4
-20826.1
-21499.9
-22139.1
-22743.1
-23311.3
-23843.4
-24338.9
-24797.4
-25218.6
-25602.3
-25948.2
-26256
-26525.7
-26757.1
-26950
-27104.4
-27220.3
-27297.5
-27336.1
-559.41
-1679.55
-2798.76
-3912.34
-5018.09
-6113.84
-7197.5
-8267.02
-9320.46
-10355.9
-11371.7
-12366
-13337.3
-14284
-15204.8
-16098.4
-16963.6
-17799.1
-18604.1
-19377.5
-20118.4
-20826.2
-21499.9
-22139.1
-22743.1
-23311.4
-23843.4
-24338.9
-24797.4
-25218.7
-25602.3
-25948.2
-26256
-26525.7
-26757.1
-26950
-27104.4
-27220.3
-27297.5
-27336.1
-559.411
-1679.55
-2798.76
-3912.34
-5018.09
-6113.84
-7197.5
-8267.03
-9320.47
-10355.9
-11371.7
-12366
-13337.3
-14284
-15204.9
-16098.4
-16963.6
-17799.1
-18604.1
-19377.5
-20118.4
-20826.2
-21499.9
-22139.1
-22743.1
-23311.4
-23843.4
-24338.9
-24797.4
-25218.7
-25602.3
-25948.2
-26256
-26525.7
-26757.1
-26950
-27104.5
-27220.3
-27297.5
-27336.1
-559.411
-1679.55
-2798.76
-3912.34
-5018.09
-6113.85
-7197.5
-8267.03
-9320.47
-10355.9
-11371.7
-12366
-13337.3
-14284
-15204.9
-16098.4
-16963.6
-17799.1
-18604.1
-19377.5
-20118.4
-20826.2
-21499.9
-22139.1
-22743.1
-23311.4
-23843.4
-24338.9
-24797.4
-25218.7
-25602.3
-25948.2
-26256.1
-26525.7
-26757.1
-26950
-27104.5
-27220.3
-27297.5
-27336.1
-559.411
-1679.55
-2798.76
-3912.35
-5018.09
-6113.85
-7197.5
-8267.03
-9320.47
-10356
-11371.7
-12366
-13337.3
-14284
-15204.9
-16098.4
-16963.6
-17799.1
-18604.1
-19377.5
-20118.4
-20826.2
-21499.9
-22139.1
-22743.1
-23311.4
-23843.5
-24338.9
-24797.4
-25218.7
-25602.3
-25948.2
-26256.1
-26525.7
-26757.1
-26950
-27104.5
-27220.3
-27297.5
-27336.1
-559.411
-1679.55
-2798.76
-3912.35
-5018.09
-6113.85
-7197.5
-8267.03
-9320.47
-10356
-11371.7
-12366
-13337.3
-14284
-15204.9
-16098.4
-16963.6
-17799.2
-18604.1
-19377.5
-20118.4
-20826.2
-21499.9
-22139.1
-22743.1
-23311.4
-23843.5
-24338.9
-24797.5
-25218.7
-25602.3
-25948.2
-26256.1
-26525.7
-26757.1
-26950.1
-27104.5
-27220.3
-27297.5
-27336.1
-559.411
-1679.55
-2798.76
-3912.34
-5018.09
-6113.85
-7197.5
-8267.03
-9320.47
-10356
-11371.7
-12366
-13337.3
-14284
-15204.9
-16098.5
-16963.6
-17799.2
-18604.1
-19377.5
-20118.4
-20826.2
-21499.9
-22139.1
-22743.1
-23311.4
-23843.5
-24338.9
-24797.5
-25218.7
-25602.3
-25948.2
-26256.1
-26525.7
-26757.1
-26950.1
-27104.5
-27220.3
-27297.5
-27336.1
-559.411
-1679.55
-2798.76
-3912.34
-5018.09
-6113.84
-7197.5
-8267.03
-9320.47
-10356
-11371.7
-12366
-13337.3
-14284
-15204.9
-16098.4
-16963.6
-17799.2
-18604.1
-19377.5
-20118.4
-20826.2
-21499.9
-22139.1
-22743.1
-23311.4
-23843.5
-24338.9
-24797.5
-25218.7
-25602.3
-25948.2
-26256.1
-26525.7
-26757.1
-26950.1
-27104.5
-27220.3
-27297.5
-27336.1
-559.41
-1679.55
-2798.76
-3912.34
-5018.09
-6113.84
-7197.5
-8267.03
-9320.47
-10355.9
-11371.7
-12366
-13337.3
-14284
-15204.9
-16098.4
-16963.6
-17799.1
-18604.1
-19377.5
-20118.4
-20826.2
-21499.9
-22139.1
-22743.1
-23311.4
-23843.5
-24338.9
-24797.5
-25218.7
-25602.3
-25948.2
-26256.1
-26525.7
-26757.1
-26950.1
-27104.5
-27220.3
-27297.5
-27336.1
-559.41
-1679.55
-2798.76
-3912.34
-5018.09
-6113.84
-7197.5
-8267.02
-9320.46
-10355.9
-11371.7
-12366
-13337.3
-14284
-15204.9
-16098.4
-16963.6
-17799.1
-18604.1
-19377.5
-20118.4
-20826.2
-21499.9
-22139.1
-22743.1
-23311.4
-23843.5
-24338.9
-24797.4
-25218.7
-25602.3
-25948.2
-26256.1
-26525.7
-26757.1
-26950
-27104.5
-27220.3
-27297.5
-27336.1
-559.41
-1679.55
-2798.76
-3912.34
-5018.09
-6113.84
-7197.49
-8267.02
-9320.46
-10355.9
-11371.7
-12366
-13337.3
-14284
-15204.9
-16098.4
-16963.6
-17799.1
-18604.1
-19377.5
-20118.4
-20826.2
-21499.9
-22139.1
-22743.1
-23311.4
-23843.5
-24338.9
-24797.4
-25218.7
-25602.3
-25948.2
-26256.1
-26525.7
-26757.1
-26950
-27104.5
-27220.3
-27297.5
-27336.1
-559.41
-1679.55
-2798.76
-3912.34
-5018.08
-6113.84
-7197.49
-8267.02
-9320.46
-10355.9
-11371.7
-12366
-13337.3
-14284
-15204.8
-16098.4
-16963.6
-17799.1
-18604.1
-19377.5
-20118.4
-20826.2
-21499.9
-22139.1
-22743.1
-23311.4
-23843.4
-24338.9
-24797.4
-25218.7
-25602.3
-25948.2
-26256
-26525.7
-26757.1
-26950
-27104.5
-27220.3
-27297.5
-27336.1
-559.41
-1679.55
-2798.76
-3912.34
-5018.08
-6113.83
-7197.49
-8267.01
-9320.45
-10355.9
-11371.7
-12366
-13337.3
-14284
-15204.8
-16098.4
-16963.6
-17799.1
-18604.1
-19377.5
-20118.4
-20826.2
-21499.9
-22139.1
-22743.1
-23311.4
-23843.4
-24338.9
-24797.4
-25218.7
-25602.3
-25948.2
-26256
-26525.7
-26757.1
-26950
-27104.5
-27220.3
-27297.5
-27336.1
-559.409
-1679.55
-2798.75
-3912.33
-5018.08
-6113.83
-7197.49
-8267.01
-9320.45
-10355.9
-11371.7
-12366
-13337.3
-14284
-15204.8
-16098.4
-16963.6
-17799.1
-18604.1
-19377.5
-20118.4
-20826.1
-21499.9
-22139.1
-22743.1
-23311.4
-23843.4
-24338.9
-24797.4
-25218.7
-25602.3
-25948.2
-26256
-26525.7
-26757.1
-26950
-27104.5
-27220.3
-27297.5
-27336.1
-559.409
-1679.54
-2798.75
-3912.33
-5018.08
-6113.83
-7197.48
-8267.01
-9320.44
-10355.9
-11371.7
-12366
-13337.3
-14284
-15204.8
-16098.4
-16963.6
-17799.1
-18604.1
-19377.5
-20118.4
-20826.1
-21499.9
-22139.1
-22743.1
-23311.3
-23843.4
-24338.9
-24797.4
-25218.6
-25602.3
-25948.2
-26256
-26525.7
-26757.1
-26950
-27104.4
-27220.3
-27297.5
-27336.1
-559.409
-1679.54
-2798.75
-3912.33
-5018.08
-6113.83
-7197.48
-8267
-9320.44
-10355.9
-11371.7
-12366
-13337.2
-14284
-15204.8
-16098.4
-16963.6
-17799.1
-18604.1
-19377.5
-20118.4
-20826.1
-21499.9
-22139.1
-22743.1
-23311.3
-23843.4
-24338.9
-24797.4
-25218.6
-25602.3
-25948.2
-26256
-26525.7
-26757.1
-26950
-27104.4
-27220.3
-27297.5
-27336.1
-559.408
-1679.54
-2798.75
-3912.33
-5018.07
-6113.82
-7197.48
-8267
-9320.44
-10355.9
-11371.7
-12366
-13337.2
-14284
-15204.8
-16098.4
-16963.5
-17799.1
-18604.1
-19377.5
-20118.4
-20826.1
-21499.9
-22139.1
-22743.1
-23311.3
-23843.4
-24338.9
-24797.4
-25218.6
-25602.3
-25948.2
-26256
-26525.7
-26757.1
-26950
-27104.4
-27220.3
-27297.5
-27336.1
-559.408
-1679.54
-2798.75
-3912.33
-5018.07
-6113.82
-7197.47
-8267
-9320.43
-10355.9
-11371.7
-12366
-13337.2
-14284
-15204.8
-16098.4
-16963.5
-17799.1
-18604.1
-19377.4
-20118.4
-20826.1
-21499.9
-22139.1
-22743.1
-23311.3
-23843.4
-24338.9
-24797.4
-25218.6
-25602.3
-25948.2
-26256
-26525.7
-26757.1
-26950
-27104.4
-27220.3
-27297.5
-27336.1
-559.408
-1679.54
-2798.75
-3912.33
-5018.07
-6113.82
-7197.47
-8266.99
-9320.43
-10355.9
-11371.6
-12366
-13337.2
-14284
-15204.8
-16098.4
-16963.5
-17799.1
-18604.1
-19377.4
-20118.4
-20826.1
-21499.9
-22139.1
-22743.1
-23311.3
-23843.4
-24338.9
-24797.4
-25218.6
-25602.3
-25948.2
-26256
-26525.7
-26757.1
-26950
-27104.4
-27220.3
-27297.4
-27336.1
-559.407
-1679.54
-2798.75
-3912.32
-5018.07
-6113.82
-7197.47
-8266.99
-9320.43
-10355.9
-11371.6
-12366
-13337.2
-14284
-15204.8
-16098.4
-16963.5
-17799.1
-18604
-19377.4
-20118.4
-20826.1
-21499.9
-22139.1
-22743.1
-23311.3
-23843.4
-24338.9
-24797.4
-25218.6
-25602.3
-25948.1
-26256
-26525.7
-26757.1
-26950
-27104.4
-27220.2
-27297.4
-27336
-559.406
-1679.54
-2798.74
-3912.32
-5018.07
-6113.81
-7197.47
-8266.99
-9320.43
-10355.9
-11371.6
-12366
-13337.2
-14284
-15204.8
-16098.4
-16963.5
-17799.1
-18604
-19377.4
-20118.4
-20826.1
-21499.9
-22139.1
-22743.1
-23311.3
-23843.4
-24338.9
-24797.4
-25218.6
-25602.3
-25948.1
-26256
-26525.7
-26757.1
-26950
-27104.4
-27220.2
-27297.4
-27336
-559.403
-1679.53
-2798.74
-3912.32
-5018.06
-6113.81
-7197.47
-8266.99
-9320.43
-10355.9
-11371.6
-12366
-13337.2
-14284
-15204.8
-16098.4
-16963.5
-17799.1
-18604
-19377.4
-20118.4
-20826.1
-21499.9
-22139.1
-22743
-23311.3
-23843.4
-24338.9
-24797.4
-25218.6
-25602.3
-25948.1
-26256
-26525.7
-26757.1
-26950
-27104.4
-27220.2
-27297.4
-27336
-571.749
-1716.57
-2860.37
-3998.26
-5127.94
-6247.16
-7353.73
-8445.54
-9520.56
-10576.9
-11612.6
-12626.1
-13615.7
-14579.8
-15517.2
-16426.3
-17306.2
-18155.5
-18973.4
-19758.8
-20511
-21229.1
-21912.5
-22560.5
-23172.5
-23748.2
-24287
-24788.5
-25252.5
-25678.6
-26066.6
-26416.2
-26727.4
-26999.9
-27233.6
-27428.5
-27584.4
-27701.4
-27779.4
-27818.3
-571.753
-1716.58
-2860.37
-3998.26
-5127.94
-6247.16
-7353.73
-8445.54
-9520.56
-10576.9
-11612.6
-12626.1
-13615.7
-14579.8
-15517.2
-16426.4
-17306.2
-18155.5
-18973.4
-19758.8
-20511
-21229.1
-21912.5
-22560.5
-23172.5
-23748.2
-24287
-24788.5
-25252.5
-25678.6
-26066.6
-26416.2
-26727.4
-26999.9
-27233.6
-27428.5
-27584.4
-27701.4
-27779.4
-27818.3
-571.754
-1716.58
-2860.37
-3998.26
-5127.94
-6247.16
-7353.73
-8445.54
-9520.56
-10576.9
-11612.6
-12626.1
-13615.7
-14579.8
-15517.2
-16426.4
-17306.2
-18155.5
-18973.4
-19758.8
-20511
-21229.1
-21912.5
-22560.5
-23172.5
-23748.2
-24287
-24788.5
-25252.5
-25678.6
-26066.6
-26416.2
-26727.4
-26999.9
-27233.6
-27428.5
-27584.5
-27701.4
-27779.4
-27818.3
-571.755
-1716.58
-2860.37
-3998.26
-5127.95
-6247.17
-7353.74
-8445.55
-9520.57
-10576.9
-11612.6
-12626.1
-13615.7
-14579.8
-15517.2
-16426.4
-17306.2
-18155.5
-18973.4
-19758.8
-20511
-21229.1
-21912.5
-22560.5
-23172.6
-23748.2
-24287
-24788.6
-25252.5
-25678.6
-26066.6
-26416.2
-26727.4
-26999.9
-27233.6
-27428.5
-27584.5
-27701.4
-27779.4
-27818.3
-571.755
-1716.58
-2860.37
-3998.26
-5127.95
-6247.17
-7353.74
-8445.55
-9520.57
-10576.9
-11612.6
-12626.1
-13615.7
-14579.9
-15517.2
-16426.4
-17306.2
-18155.6
-18973.4
-19758.9
-20511
-21229.1
-21912.5
-22560.5
-23172.6
-23748.2
-24287
-24788.6
-25252.5
-25678.6
-26066.6
-26416.3
-26727.4
-26999.9
-27233.6
-27428.5
-27584.5
-27701.4
-27779.4
-27818.4
-571.756
-1716.58
-2860.38
-3998.27
-5127.95
-6247.17
-7353.75
-8445.56
-9520.58
-10576.9
-11612.6
-12626.1
-13615.7
-14579.9
-15517.2
-16426.4
-17306.2
-18155.6
-18973.4
-19758.9
-20511
-21229.1
-21912.5
-22560.5
-23172.6
-23748.2
-24287
-24788.6
-25252.5
-25678.6
-26066.6
-26416.3
-26727.4
-26999.9
-27233.7
-27428.5
-27584.5
-27701.5
-27779.4
-27818.4
-571.756
-1716.59
-2860.38
-3998.27
-5127.96
-6247.18
-7353.75
-8445.56
-9520.59
-10576.9
-11612.7
-12626.1
-13615.7
-14579.9
-15517.2
-16426.4
-17306.2
-18155.6
-18973.4
-19758.9
-20511
-21229.1
-21912.5
-22560.5
-23172.6
-23748.2
-24287
-24788.6
-25252.6
-25678.7
-26066.6
-26416.3
-26727.4
-26999.9
-27233.7
-27428.6
-27584.5
-27701.5
-27779.4
-27818.4
-571.757
-1716.59
-2860.38
-3998.27
-5127.96
-6247.18
-7353.76
-8445.57
-9520.59
-10576.9
-11612.7
-12626.1
-13615.7
-14579.9
-15517.2
-16426.4
-17306.2
-18155.6
-18973.5
-19758.9
-20511
-21229.2
-21912.5
-22560.5
-23172.6
-23748.3
-24287.1
-24788.6
-25252.6
-25678.7
-26066.6
-26416.3
-26727.4
-27000
-27233.7
-27428.6
-27584.5
-27701.5
-27779.4
-27818.4
-571.757
-1716.59
-2860.38
-3998.28
-5127.96
-6247.19
-7353.76
-8445.58
-9520.6
-10576.9
-11612.7
-12626.2
-13615.7
-14579.9
-15517.2
-16426.4
-17306.2
-18155.6
-18973.5
-19758.9
-20511.1
-21229.2
-21912.5
-22560.5
-23172.6
-23748.3
-24287.1
-24788.6
-25252.6
-25678.7
-26066.7
-26416.3
-26727.5
-27000
-27233.7
-27428.6
-27584.5
-27701.5
-27779.4
-27818.4
-571.758
-1716.59
-2860.39
-3998.28
-5127.97
-6247.19
-7353.77
-8445.58
-9520.61
-10576.9
-11612.7
-12626.2
-13615.7
-14579.9
-15517.2
-16426.4
-17306.3
-18155.6
-18973.5
-19758.9
-20511.1
-21229.2
-21912.6
-22560.6
-23172.6
-23748.3
-24287.1
-24788.6
-25252.6
-25678.7
-26066.7
-26416.3
-26727.5
-27000
-27233.7
-27428.6
-27584.6
-27701.5
-27779.5
-27818.4
-571.758
-1716.59
-2860.39
-3998.28
-5127.97
-6247.2
-7353.78
-8445.59
-9520.62
-10576.9
-11612.7
-12626.2
-13615.8
-14579.9
-15517.2
-16426.4
-17306.3
-18155.6
-18973.5
-19758.9
-20511.1
-21229.2
-21912.6
-22560.6
-23172.7
-23748.3
-24287.1
-24788.7
-25252.6
-25678.7
-26066.7
-26416.4
-26727.5
-27000
-27233.7
-27428.6
-27584.6
-27701.5
-27779.5
-27818.5
-571.759
-1716.59
-2860.39
-3998.29
-5127.98
-6247.21
-7353.78
-8445.6
-9520.62
-10576.9
-11612.7
-12626.2
-13615.8
-14579.9
-15517.3
-16426.4
-17306.3
-18155.6
-18973.5
-19758.9
-20511.1
-21229.2
-21912.6
-22560.6
-23172.7
-23748.3
-24287.1
-24788.7
-25252.6
-25678.7
-26066.7
-26416.4
-26727.5
-27000
-27233.8
-27428.6
-27584.6
-27701.6
-27779.5
-27818.5
-571.759
-1716.6
-2860.39
-3998.29
-5127.98
-6247.21
-7353.79
-8445.6
-9520.63
-10576.9
-11612.7
-12626.2
-13615.8
-14579.9
-15517.3
-16426.5
-17306.3
-18155.7
-18973.5
-19759
-20511.1
-21229.2
-21912.6
-22560.6
-23172.7
-23748.4
-24287.1
-24788.7
-25252.7
-25678.8
-26066.7
-26416.4
-26727.5
-27000
-27233.8
-27428.7
-27584.6
-27701.6
-27779.5
-27818.5
-571.76
-1716.6
-2860.4
-3998.29
-5127.99
-6247.22
-7353.79
-8445.61
-9520.64
-10577
-11612.7
-12626.2
-13615.8
-14580
-15517.3
-16426.5
-17306.3
-18155.7
-18973.5
-19759
-20511.1
-21229.3
-21912.6
-22560.6
-23172.7
-23748.4
-24287.2
-24788.7
-25252.7
-25678.8
-26066.8
-26416.4
-26727.6
-27000.1
-27233.8
-27428.7
-27584.6
-27701.6
-27779.5
-27818.5
-571.76
-1716.6
-2860.4
-3998.3
-5127.99
-6247.22
-7353.8
-8445.62
-9520.65
-10577
-11612.7
-12626.2
-13615.8
-14580
-15517.3
-16426.5
-17306.3
-18155.7
-18973.6
-19759
-20511.2
-21229.3
-21912.6
-22560.6
-23172.7
-23748.4
-24287.2
-24788.7
-25252.7
-25678.8
-26066.8
-26416.4
-26727.6
-27000.1
-27233.8
-27428.7
-27584.7
-27701.6
-27779.6
-27818.5
-571.761
-1716.6
-2860.4
-3998.3
-5127.99
-6247.23
-7353.81
-8445.62
-9520.65
-10577
-11612.7
-12626.2
-13615.8
-14580
-15517.3
-16426.5
-17306.3
-18155.7
-18973.6
-19759
-20511.2
-21229.3
-21912.7
-22560.7
-23172.7
-23748.4
-24287.2
-24788.7
-25252.7
-25678.8
-26066.8
-26416.4
-26727.6
-27000.1
-27233.8
-27428.7
-27584.7
-27701.6
-27779.6
-27818.6
-571.761
-1716.6
-2860.4
-3998.3
-5128
-6247.23
-7353.81
-8445.63
-9520.66
-10577
-11612.7
-12626.2
-13615.8
-14580
-15517.3
-16426.5
-17306.3
-18155.7
-18973.6
-19759
-20511.2
-21229.3
-21912.7
-22560.7
-23172.8
-23748.4
-24287.2
-24788.8
-25252.7
-25678.8
-26066.8
-26416.5
-26727.6
-27000.1
-27233.9
-27428.7
-27584.7
-27701.7
-27779.6
-27818.6
-571.762
-1716.6
-2860.4
-3998.31
-5128
-6247.23
-7353.81
-8445.63
-9520.67
-10577
-11612.7
-12626.2
-13615.8
-14580
-15517.3
-16426.5
-17306.4
-18155.7
-18973.6
-19759
-20511.2
-21229.3
-21912.7
-22560.7
-23172.8
-23748.4
-24287.2
-24788.8
-25252.7
-25678.8
-26066.8
-26416.5
-26727.6
-27000.1
-27233.9
-27428.8
-27584.7
-27701.7
-27779.6
-27818.6
-571.762
-1716.6
-2860.4
-3998.31
-5128
-6247.24
-7353.82
-8445.64
-9520.67
-10577
-11612.8
-12626.2
-13615.8
-14580
-15517.3
-16426.5
-17306.4
-18155.7
-18973.6
-19759
-20511.2
-21229.3
-21912.7
-22560.7
-23172.8
-23748.4
-24287.2
-24788.8
-25252.8
-25678.9
-26066.8
-26416.5
-26727.6
-27000.1
-27233.9
-27428.8
-27584.7
-27701.7
-27779.6
-27818.6
-571.762
-1716.6
-2860.41
-3998.31
-5128.01
-6247.24
-7353.82
-8445.64
-9520.67
-10577
-11612.8
-12626.2
-13615.8
-14580
-15517.3
-16426.5
-17306.4
-18155.7
-18973.6
-19759
-20511.2
-21229.3
-21912.7
-22560.7
-23172.8
-23748.4
-24287.2
-24788.8
-25252.8
-25678.9
-26066.8
-26416.5
-26727.7
-27000.2
-27233.9
-27428.8
-27584.7
-27701.7
-27779.6
-27818.6
-571.762
-1716.6
-2860.41
-3998.31
-5128.01
-6247.24
-7353.82
-8445.64
-9520.68
-10577
-11612.8
-12626.3
-13615.8
-14580
-15517.3
-16426.5
-17306.4
-18155.7
-18973.6
-19759.1
-20511.2
-21229.3
-21912.7
-22560.7
-23172.8
-23748.5
-24287.3
-24788.8
-25252.8
-25678.9
-26066.9
-26416.5
-26727.7
-27000.2
-27233.9
-27428.8
-27584.7
-27701.7
-27779.6
-27818.6
-571.762
-1716.6
-2860.41
-3998.31
-5128.01
-6247.24
-7353.83
-8445.65
-9520.68
-10577
-11612.8
-12626.3
-13615.8
-14580
-15517.4
-16426.5
-17306.4
-18155.7
-18973.6
-19759.1
-20511.2
-21229.3
-21912.7
-22560.7
-23172.8
-23748.5
-24287.3
-24788.8
-25252.8
-25678.9
-26066.9
-26416.5
-26727.7
-27000.2
-27233.9
-27428.8
-27584.7
-27701.7
-27779.6
-27818.6
-571.762
-1716.6
-2860.41
-3998.31
-5128.01
-6247.24
-7353.83
-8445.65
-9520.68
-10577
-11612.8
-12626.3
-13615.8
-14580
-15517.4
-16426.5
-17306.4
-18155.7
-18973.6
-19759.1
-20511.2
-21229.3
-21912.7
-22560.7
-23172.8
-23748.5
-24287.3
-24788.8
-25252.8
-25678.9
-26066.9
-26416.5
-26727.7
-27000.2
-27233.9
-27428.8
-27584.7
-27701.7
-27779.7
-27818.6
-571.762
-1716.6
-2860.41
-3998.31
-5128.01
-6247.24
-7353.83
-8445.65
-9520.68
-10577
-11612.8
-12626.3
-13615.8
-14580
-15517.4
-16426.5
-17306.4
-18155.7
-18973.6
-19759.1
-20511.2
-21229.3
-21912.7
-22560.7
-23172.8
-23748.5
-24287.3
-24788.8
-25252.8
-25678.9
-26066.9
-26416.5
-26727.7
-27000.2
-27233.9
-27428.8
-27584.7
-27701.7
-27779.7
-27818.6
-571.762
-1716.6
-2860.41
-3998.31
-5128.01
-6247.24
-7353.82
-8445.65
-9520.68
-10577
-11612.8
-12626.3
-13615.8
-14580
-15517.4
-16426.5
-17306.4
-18155.7
-18973.6
-19759.1
-20511.2
-21229.3
-21912.7
-22560.7
-23172.8
-23748.5
-24287.3
-24788.8
-25252.8
-25678.9
-26066.9
-26416.5
-26727.7
-27000.2
-27233.9
-27428.8
-27584.8
-27701.7
-27779.7
-27818.6
-571.762
-1716.6
-2860.41
-3998.31
-5128.01
-6247.24
-7353.82
-8445.64
-9520.68
-10577
-11612.8
-12626.3
-13615.8
-14580
-15517.4
-16426.5
-17306.4
-18155.7
-18973.6
-19759.1
-20511.2
-21229.3
-21912.7
-22560.7
-23172.8
-23748.5
-24287.3
-24788.8
-25252.8
-25678.9
-26066.9
-26416.5
-26727.7
-27000.2
-27233.9
-27428.8
-27584.7
-27701.7
-27779.7
-27818.6
-571.762
-1716.6
-2860.41
-3998.31
-5128
-6247.24
-7353.82
-8445.64
-9520.68
-10577
-11612.8
-12626.3
-13615.8
-14580
-15517.3
-16426.5
-17306.4
-18155.7
-18973.6
-19759.1
-20511.2
-21229.3
-21912.7
-22560.7
-23172.8
-23748.5
-24287.3
-24788.8
-25252.8
-25678.9
-26066.9
-26416.5
-26727.7
-27000.2
-27233.9
-27428.8
-27584.7
-27701.7
-27779.7
-27818.6
-571.762
-1716.6
-2860.4
-3998.31
-5128
-6247.24
-7353.82
-8445.64
-9520.67
-10577
-11612.8
-12626.2
-13615.8
-14580
-15517.3
-16426.5
-17306.4
-18155.7
-18973.6
-19759.1
-20511.2
-21229.3
-21912.7
-22560.7
-23172.8
-23748.5
-24287.3
-24788.8
-25252.8
-25678.9
-26066.9
-26416.5
-26727.7
-27000.2
-27233.9
-27428.8
-27584.7
-27701.7
-27779.6
-27818.6
-571.762
-1716.6
-2860.4
-3998.31
-5128
-6247.23
-7353.82
-8445.64
-9520.67
-10577
-11612.8
-12626.2
-13615.8
-14580
-15517.3
-16426.5
-17306.4
-18155.7
-18973.6
-19759
-20511.2
-21229.3
-21912.7
-22560.7
-23172.8
-23748.5
-24287.3
-24788.8
-25252.8
-25678.9
-26066.9
-26416.5
-26727.7
-27000.2
-27233.9
-27428.8
-27584.7
-27701.7
-27779.6
-27818.6
-571.761
-1716.6
-2860.4
-3998.3
-5128
-6247.23
-7353.81
-8445.63
-9520.66
-10577
-11612.7
-12626.2
-13615.8
-14580
-15517.3
-16426.5
-17306.4
-18155.7
-18973.6
-19759
-20511.2
-21229.3
-21912.7
-22560.7
-23172.8
-23748.4
-24287.2
-24788.8
-25252.8
-25678.9
-26066.8
-26416.5
-26727.7
-27000.2
-27233.9
-27428.8
-27584.7
-27701.7
-27779.6
-27818.6
-571.761
-1716.6
-2860.4
-3998.3
-5128
-6247.23
-7353.81
-8445.63
-9520.66
-10577
-11612.7
-12626.2
-13615.8
-14580
-15517.3
-16426.5
-17306.4
-18155.7
-18973.6
-19759
-20511.2
-21229.3
-21912.7
-22560.7
-23172.8
-23748.4
-24287.2
-24788.8
-25252.8
-25678.9
-26066.8
-26416.5
-26727.6
-27000.1
-27233.9
-27428.8
-27584.7
-27701.7
-27779.6
-27818.6
-571.76
-1716.6
-2860.4
-3998.3
-5127.99
-6247.22
-7353.8
-8445.62
-9520.65
-10577
-11612.7
-12626.2
-13615.8
-14580
-15517.3
-16426.5
-17306.3
-18155.7
-18973.6
-19759
-20511.2
-21229.3
-21912.7
-22560.7
-23172.8
-23748.4
-24287.2
-24788.8
-25252.8
-25678.9
-26066.8
-26416.5
-26727.6
-27000.1
-27233.9
-27428.8
-27584.7
-27701.7
-27779.6
-27818.6
-571.76
-1716.6
-2860.4
-3998.3
-5127.99
-6247.22
-7353.8
-8445.62
-9520.65
-10577
-11612.7
-12626.2
-13615.8
-14580
-15517.3
-16426.5
-17306.3
-18155.7
-18973.6
-19759
-20511.2
-21229.3
-21912.7
-22560.7
-23172.8
-23748.4
-24287.2
-24788.8
-25252.7
-25678.8
-26066.8
-26416.5
-26727.6
-27000.1
-27233.9
-27428.8
-27584.7
-27701.7
-27779.6
-27818.6
-571.76
-1716.6
-2860.39
-3998.29
-5127.99
-6247.22
-7353.8
-8445.61
-9520.64
-10577
-11612.7
-12626.2
-13615.8
-14580
-15517.3
-16426.5
-17306.3
-18155.7
-18973.6
-19759
-20511.2
-21229.3
-21912.7
-22560.7
-23172.8
-23748.4
-24287.2
-24788.8
-25252.7
-25678.8
-26066.8
-26416.5
-26727.6
-27000.1
-27233.9
-27428.7
-27584.7
-27701.7
-27779.6
-27818.6
-571.759
-1716.6
-2860.39
-3998.29
-5127.98
-6247.21
-7353.79
-8445.61
-9520.64
-10577
-11612.7
-12626.2
-13615.8
-14580
-15517.3
-16426.5
-17306.3
-18155.7
-18973.6
-19759
-20511.2
-21229.3
-21912.7
-22560.7
-23172.7
-23748.4
-24287.2
-24788.8
-25252.7
-25678.8
-26066.8
-26416.5
-26727.6
-27000.1
-27233.9
-27428.7
-27584.7
-27701.7
-27779.6
-27818.6
-571.759
-1716.59
-2860.39
-3998.29
-5127.98
-6247.21
-7353.79
-8445.61
-9520.64
-10576.9
-11612.7
-12626.2
-13615.8
-14580
-15517.3
-16426.5
-17306.3
-18155.7
-18973.6
-19759
-20511.2
-21229.3
-21912.7
-22560.7
-23172.7
-23748.4
-24287.2
-24788.8
-25252.7
-25678.8
-26066.8
-26416.5
-26727.6
-27000.1
-27233.9
-27428.7
-27584.7
-27701.7
-27779.6
-27818.6
-571.759
-1716.59
-2860.39
-3998.29
-5127.98
-6247.21
-7353.79
-8445.6
-9520.63
-10576.9
-11612.7
-12626.2
-13615.8
-14580
-15517.3
-16426.5
-17306.3
-18155.7
-18973.6
-19759
-20511.2
-21229.3
-21912.7
-22560.7
-23172.7
-23748.4
-24287.2
-24788.7
-25252.7
-25678.8
-26066.8
-26416.5
-26727.6
-27000.1
-27233.8
-27428.7
-27584.7
-27701.6
-27779.6
-27818.6
-571.758
-1716.59
-2860.39
-3998.29
-5127.98
-6247.21
-7353.78
-8445.6
-9520.63
-10576.9
-11612.7
-12626.2
-13615.8
-14580
-15517.3
-16426.5
-17306.3
-18155.7
-18973.5
-19759
-20511.2
-21229.3
-21912.6
-22560.7
-23172.7
-23748.4
-24287.2
-24788.7
-25252.7
-25678.8
-26066.8
-26416.4
-26727.6
-27000.1
-27233.8
-27428.7
-27584.7
-27701.6
-27779.6
-27818.6
-571.757
-1716.59
-2860.39
-3998.28
-5127.98
-6247.2
-7353.78
-8445.6
-9520.63
-10576.9
-11612.7
-12626.2
-13615.8
-14579.9
-15517.3
-16426.5
-17306.3
-18155.7
-18973.5
-19759
-20511.2
-21229.3
-21912.6
-22560.6
-23172.7
-23748.4
-24287.2
-24788.7
-25252.7
-25678.8
-26066.8
-26416.4
-26727.6
-27000.1
-27233.8
-27428.7
-27584.7
-27701.6
-27779.6
-27818.6
-571.753
-1716.58
-2860.38
-3998.28
-5127.97
-6247.2
-7353.78
-8445.6
-9520.63
-10576.9
-11612.7
-12626.2
-13615.8
-14579.9
-15517.3
-16426.5
-17306.3
-18155.7
-18973.5
-19759
-20511.2
-21229.3
-21912.6
-22560.6
-23172.7
-23748.4
-24287.2
-24788.7
-25252.7
-25678.8
-26066.8
-26416.4
-26727.6
-27000.1
-27233.8
-27428.7
-27584.7
-27701.6
-27779.6
-27818.6
-585.285
-1757.18
-2927.91
-4092.43
-5248.31
-6393.2
-7524.81
-8640.93
-9739.48
-10818.4
-11876
-12910.2
-13919.7
-14902.6
-15857.8
-16783.8
-17679.4
-18543.6
-19375.3
-20173.7
-20937.8
-21667
-22360.6
-23018
-23638.6
-24222.1
-24768
-25276
-25745.7
-26176.9
-26569.4
-26923
-27237.6
-27513.1
-27749.3
-27946.2
-28103.7
-28221.8
-28300.5
-28339.9
-585.289
-1757.18
-2927.91
-4092.43
-5248.31
-6393.2
-7524.81
-8640.94
-9739.48
-10818.5
-11876
-12910.2
-13919.7
-14902.6
-15857.8
-16783.8
-17679.4
-18543.6
-19375.3
-20173.7
-20937.8
-21667
-22360.6
-23018
-23638.6
-24222.1
-24768
-25276
-25745.7
-26176.9
-26569.4
-26923
-27237.6
-27513.1
-27749.3
-27946.2
-28103.7
-28221.8
-28300.5
-28339.9
-585.29
-1757.18
-2927.91
-4092.43
-5248.31
-6393.2
-7524.81
-8640.94
-9739.48
-10818.5
-11876
-12910.3
-13919.7
-14902.6
-15857.8
-16783.8
-17679.4
-18543.6
-19375.3
-20173.7
-20937.8
-21667
-22360.6
-23018
-23638.7
-24222.1
-24768
-25276
-25745.7
-26176.9
-26569.4
-26923
-27237.6
-27513.1
-27749.3
-27946.2
-28103.7
-28221.8
-28300.6
-28339.9
-585.291
-1757.19
-2927.91
-4092.43
-5248.32
-6393.21
-7524.82
-8640.94
-9739.49
-10818.5
-11876
-12910.3
-13919.7
-14902.7
-15857.8
-16783.8
-17679.4
-18543.6
-19375.3
-20173.7
-20937.8
-21667
-22360.6
-23018
-23638.7
-24222.1
-24768
-25276
-25745.7
-26176.9
-26569.4
-26923.1
-27237.6
-27513.1
-27749.3
-27946.2
-28103.7
-28221.8
-28300.6
-28339.9
-585.291
-1757.19
-2927.92
-4092.43
-5248.32
-6393.21
-7524.82
-8640.95
-9739.49
-10818.5
-11876
-12910.3
-13919.7
-14902.7
-15857.8
-16783.8
-17679.4
-18543.6
-19375.3
-20173.7
-20937.8
-21667
-22360.6
-23018
-23638.7
-24222.2
-24768.1
-25276
-25745.7
-26176.9
-26569.4
-26923.1
-27237.7
-27513.1
-27749.3
-27946.2
-28103.7
-28221.9
-28300.6
-28339.9
-585.292
-1757.19
-2927.92
-4092.44
-5248.32
-6393.22
-7524.82
-8640.95
-9739.5
-10818.5
-11876
-12910.3
-13919.7
-14902.7
-15857.8
-16783.8
-17679.5
-18543.6
-19375.4
-20173.7
-20937.8
-21667
-22360.6
-23018
-23638.7
-24222.2
-24768.1
-25276
-25745.7
-26177
-26569.5
-26923.1
-27237.7
-27513.1
-27749.3
-27946.2
-28103.7
-28221.9
-28300.6
-28339.9
-585.292
-1757.19
-2927.92
-4092.44
-5248.33
-6393.22
-7524.83
-8640.96
-9739.51
-10818.5
-11876
-12910.3
-13919.7
-14902.7
-15857.8
-16783.8
-17679.5
-18543.7
-19375.4
-20173.7
-20937.9
-21667.1
-22360.6
-23018
-23638.7
-24222.2
-24768.1
-25276
-25745.8
-26177
-26569.5
-26923.1
-27237.7
-27513.1
-27749.3
-27946.2
-28103.8
-28221.9
-28300.6
-28340
-585.293
-1757.19
-2927.92
-4092.44
-5248.33
-6393.23
-7524.84
-8640.97
-9739.52
-10818.5
-11876
-12910.3
-13919.7
-14902.7
-15857.8
-16783.8
-17679.5
-18543.7
-19375.4
-20173.7
-20937.9
-21667.1
-22360.7
-23018.1
-23638.7
-24222.2
-24768.1
-25276.1
-25745.8
-26177
-26569.5
-26923.1
-27237.7
-27513.1
-27749.3
-27946.2
-28103.8
-28221.9
-28300.6
-28340
-585.293
-1757.19
-2927.93
-4092.45
-5248.34
-6393.23
-7524.84
-8640.97
-9739.52
-10818.5
-11876
-12910.3
-13919.7
-14902.7
-15857.9
-16783.9
-17679.5
-18543.7
-19375.4
-20173.7
-20937.9
-21667.1
-22360.7
-23018.1
-23638.7
-24222.2
-24768.1
-25276.1
-25745.8
-26177
-26569.5
-26923.1
-27237.7
-27513.2
-27749.4
-27946.3
-28103.8
-28221.9
-28300.6
-28340
-585.294
-1757.19
-2927.93
-4092.45
-5248.34
-6393.24
-7524.85
-8640.98
-9739.53
-10818.5
-11876
-12910.3
-13919.7
-14902.7
-15857.9
-16783.9
-17679.5
-18543.7
-19375.4
-20173.8
-20937.9
-21667.1
-22360.7
-23018.1
-23638.8
-24222.2
-24768.1
-25276.1
-25745.8
-26177
-26569.5
-26923.2
-27237.7
-27513.2
-27749.4
-27946.3
-28103.8
-28221.9
-28300.7
-28340
-585.294
-1757.2
-2927.93
-4092.46
-5248.35
-6393.24
-7524.86
-8640.99
-9739.54
-10818.5
-11876
-12910.3
-13919.7
-14902.7
-15857.9
-16783.9
-17679.5
-18543.7
-19375.4
-20173.8
-20937.9
-21667.1
-22360.7
-23018.1
-23638.8
-24222.3
-24768.2
-25276.1
-25745.8
-26177
-26569.6
-26923.2
-27237.8
-27513.2
-27749.4
-27946.3
-28103.8
-28222
-28300.7
-28340
-585.295
-1757.2
-2927.93
-4092.46
-5248.35
-6393.25
-7524.87
-8641
-9739.55
-10818.5
-11876
-12910.3
-13919.7
-14902.7
-15857.9
-16783.9
-17679.5
-18543.7
-19375.5
-20173.8
-20937.9
-21667.1
-22360.7
-23018.1
-23638.8
-24222.3
-24768.2
-25276.1
-25745.9
-26177.1
-26569.6
-26923.2
-27237.8
-27513.2
-27749.4
-27946.3
-28103.9
-28222
-28300.7
-28340.1
-585.296
-1757.2
-2927.94
-4092.46
-5248.36
-6393.26
-7524.87
-8641.01
-9739.56
-10818.5
-11876.1
-12910.3
-13919.8
-14902.8
-15857.9
-16783.9
-17679.6
-18543.7
-19375.5
-20173.8
-20938
-21667.2
-22360.8
-23018.1
-23638.8
-24222.3
-24768.2
-25276.2
-25745.9
-26177.1
-26569.6
-26923.2
-27237.8
-27513.2
-27749.4
-27946.3
-28103.9
-28222
-28300.7
-28340.1
-585.296
-1757.2
-2927.94
-4092.47
-5248.36
-6393.26
-7524.88
-8641.01
-9739.57
-10818.5
-11876.1
-12910.4
-13919.8
-14902.8
-15857.9
-16783.9
-17679.6
-18543.8
-19375.5
-20173.8
-20938
-21667.2
-22360.8
-23018.2
-23638.8
-24222.3
-24768.2
-25276.2
-25745.9
-26177.1
-26569.6
-26923.2
-27237.8
-27513.3
-27749.5
-27946.4
-28103.9
-28222
-28300.7
-28340.1
-585.297
-1757.2
-2927.94
-4092.47
-5248.37
-6393.27
-7524.88
-8641.02
-9739.58
-10818.6
-11876.1
-12910.4
-13919.8
-14902.8
-15857.9
-16783.9
-17679.6
-18543.8
-19375.5
-20173.8
-20938
-21667.2
-22360.8
-23018.2
-23638.9
-24222.3
-24768.2
-25276.2
-25745.9
-26177.1
-26569.6
-26923.3
-27237.8
-27513.3
-27749.5
-27946.4
-28103.9
-28222.1
-28300.8
-28340.1
-585.297
-1757.2
-2927.94
-4092.47
-5248.37
-6393.27
-7524.89
-8641.03
-9739.58
-10818.6
-11876.1
-12910.4
-13919.8
-14902.8
-15857.9
-16784
-17679.6
-18543.8
-19375.5
-20173.9
-20938
-21667.2
-22360.8
-23018.2
-23638.9
-24222.4
-24768.3
-25276.2
-25745.9
-26177.1
-26569.7
-26923.3
-27237.9
-27513.3
-27749.5
-27946.4
-28103.9
-28222.1
-28300.8
-28340.1
-585.297
-1757.21
-2927.95
-4092.48
-5248.37
-6393.28
-7524.9
-8641.03
-9739.59
-10818.6
-11876.1
-12910.4
-13919.8
-14902.8
-15858
-16784
-17679.6
-18543.8
-19375.5
-20173.9
-20938
-21667.2
-22360.8
-23018.2
-23638.9
-24222.4
-24768.3
-25276.2
-25745.9
-26177.2
-26569.7
-26923.3
-27237.9
-27513.3
-27749.5
-27946.4
-28104
-28222.1
-28300.8
-28340.2
-585.298
-1757.21
-2927.95
-4092.48
-5248.38
-6393.28
-7524.9
-8641.04
-9739.6
-10818.6
-11876.1
-12910.4
-13919.8
-14902.8
-15858
-16784
-17679.6
-18543.8
-19375.5
-20173.9
-20938
-21667.2
-22360.8
-23018.2
-23638.9
-24222.4
-24768.3
-25276.2
-25746
-26177.2
-26569.7
-26923.3
-27237.9
-27513.3
-27749.5
-27946.4
-28104
-28222.1
-28300.8
-28340.2
-585.298
-1757.21
-2927.95
-4092.48
-5248.38
-6393.28
-7524.9
-8641.04
-9739.6
-10818.6
-11876.1
-12910.4
-13919.8
-14902.8
-15858
-16784
-17679.6
-18543.8
-19375.5
-20173.9
-20938
-21667.2
-22360.8
-23018.2
-23638.9
-24222.4
-24768.3
-25276.3
-25746
-26177.2
-26569.7
-26923.3
-27237.9
-27513.3
-27749.5
-27946.4
-28104
-28222.1
-28300.8
-28340.2
-585.298
-1757.21
-2927.95
-4092.48
-5248.38
-6393.29
-7524.91
-8641.05
-9739.6
-10818.6
-11876.1
-12910.4
-13919.8
-14902.8
-15858
-16784
-17679.6
-18543.8
-19375.6
-20173.9
-20938
-21667.3
-22360.8
-23018.2
-23638.9
-24222.4
-24768.3
-25276.3
-25746
-26177.2
-26569.7
-26923.3
-27237.9
-27513.4
-27749.6
-27946.5
-28104
-28222.1
-28300.8
-28340.2
-585.299
-1757.21
-2927.95
-4092.48
-5248.38
-6393.29
-7524.91
-8641.05
-9739.61
-10818.6
-11876.1
-12910.4
-13919.8
-14902.8
-15858
-16784
-17679.6
-18543.8
-19375.6
-20173.9
-20938.1
-21667.3
-22360.9
-23018.3
-23638.9
-24222.4
-24768.3
-25276.3
-25746
-26177.2
-26569.7
-26923.3
-27237.9
-27513.4
-27749.6
-27946.5
-28104
-28222.1
-28300.9
-28340.2
-585.299
-1757.21
-2927.95
-4092.48
-5248.38
-6393.29
-7524.91
-8641.05
-9739.61
-10818.6
-11876.1
-12910.4
-13919.8
-14902.8
-15858
-16784
-17679.7
-18543.8
-19375.6
-20173.9
-20938.1
-21667.3
-22360.9
-23018.3
-23638.9
-24222.4
-24768.3
-25276.3
-25746
-26177.2
-26569.7
-26923.3
-27237.9
-27513.4
-27749.6
-27946.5
-28104
-28222.1
-28300.9
-28340.2
-585.299
-1757.21
-2927.95
-4092.49
-5248.39
-6393.29
-7524.91
-8641.05
-9739.61
-10818.6
-11876.1
-12910.4
-13919.8
-14902.8
-15858
-16784
-17679.7
-18543.8
-19375.6
-20173.9
-20938.1
-21667.3
-22360.9
-23018.3
-23638.9
-24222.4
-24768.3
-25276.3
-25746
-26177.2
-26569.7
-26923.3
-27237.9
-27513.4
-27749.6
-27946.5
-28104
-28222.1
-28300.9
-28340.2
-585.299
-1757.21
-2927.95
-4092.48
-5248.39
-6393.29
-7524.91
-8641.05
-9739.61
-10818.6
-11876.1
-12910.4
-13919.8
-14902.8
-15858
-16784
-17679.7
-18543.8
-19375.6
-20173.9
-20938.1
-21667.3
-22360.9
-23018.3
-23638.9
-24222.4
-24768.3
-25276.3
-25746
-26177.2
-26569.7
-26923.4
-27237.9
-27513.4
-27749.6
-27946.5
-28104
-28222.2
-28300.9
-28340.2
-585.299
-1757.21
-2927.95
-4092.48
-5248.38
-6393.29
-7524.91
-8641.05
-9739.61
-10818.6
-11876.1
-12910.4
-13919.8
-14902.8
-15858
-16784
-17679.7
-18543.8
-19375.6
-20173.9
-20938.1
-21667.3
-22360.9
-23018.3
-23638.9
-24222.4
-24768.3
-25276.3
-25746
-26177.2
-26569.7
-26923.3
-27237.9
-27513.4
-27749.6
-27946.5
-28104
-28222.2
-28300.9
-28340.2
-585.298
-1757.21
-2927.95
-4092.48
-5248.38
-6393.29
-7524.91
-8641.05
-9739.61
-10818.6
-11876.1
-12910.4
-13919.8
-14902.8
-15858
-16784
-17679.6
-18543.8
-19375.6
-20173.9
-20938.1
-21667.3
-22360.9
-23018.3
-23638.9
-24222.4
-24768.3
-25276.3
-25746
-26177.2
-26569.7
-26923.3
-27237.9
-27513.4
-27749.6
-27946.5
-28104
-28222.1
-28300.9
-28340.2
-585.298
-1757.21
-2927.95
-4092.48
-5248.38
-6393.28
-7524.9
-8641.04
-9739.6
-10818.6
-11876.1
-12910.4
-13919.8
-14902.8
-15858
-16784
-17679.6
-18543.8
-19375.6
-20173.9
-20938.1
-21667.3
-22360.9
-23018.3
-23638.9
-24222.4
-24768.3
-25276.3
-25746
-26177.2
-26569.7
-26923.3
-27237.9
-27513.4
-27749.6
-27946.5
-28104
-28222.1
-28300.9
-28340.2
-585.298
-1757.21
-2927.95
-4092.48
-5248.38
-6393.28
-7524.9
-8641.04
-9739.6
-10818.6
-11876.1
-12910.4
-13919.8
-14902.8
-15858
-16784
-17679.6
-18543.8
-19375.6
-20173.9
-20938
-21667.3
-22360.8
-23018.2
-23638.9
-24222.4
-24768.3
-25276.3
-25746
-26177.2
-26569.7
-26923.3
-27237.9
-27513.4
-27749.6
-27946.5
-28104
-28222.1
-28300.9
-28340.2
-585.297
-1757.21
-2927.95
-4092.48
-5248.38
-6393.28
-7524.9
-8641.04
-9739.59
-10818.6
-11876.1
-12910.4
-13919.8
-14902.8
-15858
-16784
-17679.6
-18543.8
-19375.5
-20173.9
-20938
-21667.2
-22360.8
-23018.2
-23638.9
-24222.4
-24768.3
-25276.3
-25746
-26177.2
-26569.7
-26923.3
-27237.9
-27513.4
-27749.6
-27946.5
-28104
-28222.1
-28300.8
-28340.2
-585.297
-1757.2
-2927.94
-4092.47
-5248.37
-6393.27
-7524.89
-8641.03
-9739.59
-10818.6
-11876.1
-12910.4
-13919.8
-14902.8
-15858
-16784
-17679.6
-18543.8
-19375.5
-20173.9
-20938
-21667.2
-22360.8
-23018.2
-23638.9
-24222.4
-24768.3
-25276.2
-25746
-26177.2
-26569.7
-26923.3
-27237.9
-27513.3
-27749.6
-27946.4
-28104
-28222.1
-28300.8
-28340.2
-585.297
-1757.2
-2927.94
-4092.47
-5248.37
-6393.27
-7524.89
-8641.03
-9739.58
-10818.6
-11876.1
-12910.4
-13919.8
-14902.8
-15858
-16784
-17679.6
-18543.8
-19375.5
-20173.9
-20938
-21667.2
-22360.8
-23018.2
-23638.9
-24222.4
-24768.3
-25276.2
-25746
-26177.2
-26569.7
-26923.3
-27237.9
-27513.3
-27749.5
-27946.4
-28104
-28222.1
-28300.8
-28340.2
-585.296
-1757.2
-2927.94
-4092.47
-5248.37
-6393.27
-7524.88
-8641.02
-9739.58
-10818.6
-11876.1
-12910.4
-13919.8
-14902.8
-15857.9
-16784
-17679.6
-18543.8
-19375.5
-20173.9
-20938
-21667.2
-22360.8
-23018.2
-23638.9
-24222.4
-24768.3
-25276.2
-25745.9
-26177.2
-26569.7
-26923.3
-27237.9
-27513.3
-27749.5
-27946.4
-28104
-28222.1
-28300.8
-28340.2
-585.296
-1757.2
-2927.94
-4092.47
-5248.36
-6393.26
-7524.88
-8641.02
-9739.57
-10818.6
-11876.1
-12910.4
-13919.8
-14902.8
-15857.9
-16783.9
-17679.6
-18543.8
-19375.5
-20173.9
-20938
-21667.2
-22360.8
-23018.2
-23638.9
-24222.4
-24768.3
-25276.2
-25745.9
-26177.2
-26569.7
-26923.3
-27237.9
-27513.3
-27749.5
-27946.4
-28104
-28222.1
-28300.8
-28340.2
-585.296
-1757.2
-2927.94
-4092.46
-5248.36
-6393.26
-7524.87
-8641.01
-9739.57
-10818.5
-11876.1
-12910.4
-13919.8
-14902.8
-15857.9
-16783.9
-17679.6
-18543.8
-19375.5
-20173.8
-20938
-21667.2
-22360.8
-23018.2
-23638.9
-24222.4
-24768.3
-25276.2
-25745.9
-26177.1
-26569.7
-26923.3
-27237.9
-27513.3
-27749.5
-27946.4
-28103.9
-28222.1
-28300.8
-28340.2
-585.295
-1757.2
-2927.93
-4092.46
-5248.36
-6393.25
-7524.87
-8641.01
-9739.56
-10818.5
-11876.1
-12910.4
-13919.8
-14902.8
-15857.9
-16783.9
-17679.6
-18543.8
-19375.5
-20173.8
-20938
-21667.2
-22360.8
-23018.2
-23638.9
-24222.3
-24768.2
-25276.2
-25745.9
-26177.1
-26569.6
-26923.3
-27237.9
-27513.3
-27749.5
-27946.4
-28103.9
-28222.1
-28300.8
-28340.1
-585.295
-1757.2
-2927.93
-4092.46
-5248.35
-6393.25
-7524.87
-8641
-9739.56
-10818.5
-11876.1
-12910.3
-13919.8
-14902.8
-15857.9
-16783.9
-17679.6
-18543.8
-19375.5
-20173.8
-20938
-21667.2
-22360.8
-23018.2
-23638.8
-24222.3
-24768.2
-25276.2
-25745.9
-26177.1
-26569.6
-26923.3
-27237.9
-27513.3
-27749.5
-27946.4
-28103.9
-28222.1
-28300.8
-28340.1
-585.294
-1757.2
-2927.93
-4092.46
-5248.35
-6393.25
-7524.86
-8641
-9739.55
-10818.5
-11876.1
-12910.3
-13919.8
-14902.8
-15857.9
-16783.9
-17679.6
-18543.8
-19375.5
-20173.8
-20938
-21667.2
-22360.8
-23018.2
-23638.8
-24222.3
-24768.2
-25276.2
-25745.9
-26177.1
-26569.6
-26923.3
-27237.8
-27513.3
-27749.5
-27946.4
-28103.9
-28222.1
-28300.8
-28340.1
-585.293
-1757.19
-2927.93
-4092.45
-5248.35
-6393.25
-7524.86
-8641
-9739.55
-10818.5
-11876
-12910.3
-13919.8
-14902.8
-15857.9
-16783.9
-17679.6
-18543.8
-19375.5
-20173.8
-20938
-21667.2
-22360.8
-23018.2
-23638.8
-24222.3
-24768.2
-25276.2
-25745.9
-26177.1
-26569.6
-26923.2
-27237.8
-27513.3
-27749.5
-27946.4
-28103.9
-28222.1
-28300.8
-28340.1
-585.292
-1757.19
-2927.93
-4092.45
-5248.35
-6393.24
-7524.86
-8640.99
-9739.55
-10818.5
-11876
-12910.3
-13919.8
-14902.7
-15857.9
-16783.9
-17679.6
-18543.7
-19375.5
-20173.8
-20938
-21667.2
-22360.8
-23018.2
-23638.8
-24222.3
-24768.2
-25276.2
-25745.9
-26177.1
-26569.6
-26923.2
-27237.8
-27513.3
-27749.5
-27946.4
-28103.9
-28222
-28300.8
-28340.1
-585.289
-1757.19
-2927.92
-4092.45
-5248.35
-6393.24
-7524.86
-8640.99
-9739.55
-10818.5
-11876
-12910.3
-13919.8
-14902.7
-15857.9
-16783.9
-17679.6
-18543.7
-19375.5
-20173.8
-20938
-21667.2
-22360.8
-23018.2
-23638.8
-24222.3
-24768.2
-25276.2
-25745.9
-26177.1
-26569.6
-26923.2
-27237.8
-27513.3
-27749.5
-27946.4
-28103.9
-28222
-28300.8
-28340.1
-600.068
-1801.52
-3001.66
-4195.23
-5379.68
-6552.52
-7711.36
-8853.91
-9977.97
-11081.5
-12162.5
-13219.3
-14250
-15253.3
-16227.6
-17171.6
-18084.1
-18964.1
-19810.6
-20622.7
-21399.6
-22140.5
-22844.9
-23512.2
-24141.9
-24733.6
-25287
-25801.7
-26277.4
-26713.9
-27111.1
-27468.9
-27787
-28065.5
-28304.2
-28503.2
-28662.3
-28781.7
-28861.2
-28900.9
-600.072
-1801.52
-3001.66
-4195.23
-5379.68
-6552.52
-7711.37
-8853.91
-9977.97
-11081.5
-12162.5
-13219.3
-14250
-15253.3
-16227.6
-17171.6
-18084.1
-18964.1
-19810.6
-20622.7
-21399.6
-22140.5
-22844.9
-23512.2
-24141.9
-24733.7
-25287
-25801.7
-26277.4
-26713.9
-27111.1
-27468.9
-27787
-28065.5
-28304.2
-28503.2
-28662.3
-28781.7
-28861.2
-28900.9
-600.073
-1801.53
-3001.66
-4195.23
-5379.68
-6552.53
-7711.37
-8853.91
-9977.98
-11081.5
-12162.5
-13219.3
-14250
-15253.3
-16227.6
-17171.6
-18084.1
-18964.2
-19810.6
-20622.7
-21399.6
-22140.5
-22844.9
-23512.2
-24141.9
-24733.7
-25287
-25801.7
-26277.4
-26713.9
-27111.1
-27468.9
-27787
-28065.5
-28304.2
-28503.2
-28662.3
-28781.7
-28861.2
-28900.9
-600.074
-1801.53
-3001.66
-4195.23
-5379.68
-6552.53
-7711.37
-8853.92
-9977.98
-11081.5
-12162.5
-13219.3
-14250.1
-15253.3
-16227.6
-17171.6
-18084.2
-18964.2
-19810.6
-20622.7
-21399.6
-22140.5
-22844.9
-23512.2
-24142
-24733.7
-25287
-25801.7
-26277.4
-26713.9
-27111.2
-27468.9
-27787
-28065.5
-28304.2
-28503.2
-28662.4
-28781.7
-28861.2
-28900.9
-600.075
-1801.53
-3001.66
-4195.24
-5379.69
-6552.53
-7711.38
-8853.92
-9977.99
-11081.5
-12162.5
-13219.3
-14250.1
-15253.3
-16227.6
-17171.6
-18084.2
-18964.2
-19810.7
-20622.7
-21399.6
-22140.5
-22844.9
-23512.2
-24142
-24733.7
-25287
-25801.7
-26277.4
-26714
-27111.2
-27468.9
-27787
-28065.5
-28304.2
-28503.2
-28662.4
-28781.7
-28861.2
-28901
-600.075
-1801.53
-3001.67
-4195.24
-5379.69
-6552.54
-7711.38
-8853.93
-9977.99
-11081.5
-12162.6
-13219.3
-14250.1
-15253.3
-16227.6
-17171.6
-18084.2
-18964.2
-19810.7
-20622.7
-21399.6
-22140.5
-22844.9
-23512.3
-24142
-24733.7
-25287
-25801.7
-26277.4
-26714
-27111.2
-27468.9
-27787.1
-28065.5
-28304.3
-28503.2
-28662.4
-28781.7
-28861.2
-28901
-600.076
-1801.53
-3001.67
-4195.24
-5379.7
-6552.54
-7711.39
-8853.94
-9978
-11081.5
-12162.6
-13219.3
-14250.1
-15253.3
-16227.6
-17171.6
-18084.2
-18964.2
-19810.7
-20622.8
-21399.6
-22140.6
-22845
-23512.3
-24142
-24733.7
-25287.1
-25801.7
-26277.4
-26714
-27111.2
-27468.9
-27787.1
-28065.5
-28304.3
-28503.2
-28662.4
-28781.7
-28861.2
-28901
-600.076
-1801.53
-3001.67
-4195.25
-5379.7
-6552.55
-7711.4
-8853.95
-9978.01
-11081.5
-12162.6
-13219.3
-14250.1
-15253.3
-16227.6
-17171.6
-18084.2
-18964.2
-19810.7
-20622.8
-21399.6
-22140.6
-22845
-23512.3
-24142
-24733.7
-25287.1
-25801.7
-26277.5
-26714
-27111.2
-27469
-27787.1
-28065.6
-28304.3
-28503.3
-28662.4
-28781.8
-28861.3
-28901
-600.077
-1801.54
-3001.68
-4195.25
-5379.71
-6552.56
-7711.4
-8853.95
-9978.02
-11081.5
-12162.6
-13219.3
-14250.1
-15253.4
-16227.6
-17171.7
-18084.2
-18964.2
-19810.7
-20622.8
-21399.6
-22140.6
-22845
-23512.3
-24142
-24733.8
-25287.1
-25801.8
-26277.5
-26714
-27111.2
-27469
-27787.1
-28065.6
-28304.3
-28503.3
-28662.4
-28781.8
-28861.3
-28901
-600.077
-1801.54
-3001.68
-4195.26
-5379.71
-6552.56
-7711.41
-8853.96
-9978.03
-11081.6
-12162.6
-13219.3
-14250.1
-15253.4
-16227.7
-17171.7
-18084.2
-18964.3
-19810.7
-20622.8
-21399.7
-22140.6
-22845
-23512.3
-24142.1
-24733.8
-25287.1
-25801.8
-26277.5
-26714.1
-27111.3
-27469
-27787.1
-28065.6
-28304.3
-28503.3
-28662.5
-28781.8
-28861.3
-28901.1
-600.078
-1801.54
-3001.68
-4195.26
-5379.72
-6552.57
-7711.42
-8853.97
-9978.04
-11081.6
-12162.6
-13219.4
-14250.1
-15253.4
-16227.7
-17171.7
-18084.3
-18964.3
-19810.8
-20622.8
-21399.7
-22140.6
-22845
-23512.4
-24142.1
-24733.8
-25287.1
-25801.8
-26277.5
-26714.1
-27111.3
-27469
-27787.2
-28065.6
-28304.4
-28503.3
-28662.5
-28781.8
-28861.3
-28901.1
-600.079
-1801.54
-3001.69
-4195.27
-5379.72
-6552.58
-7711.43
-8853.98
-9978.05
-11081.6
-12162.6
-13219.4
-14250.1
-15253.4
-16227.7
-17171.7
-18084.3
-18964.3
-19810.8
-20622.8
-21399.7
-22140.7
-22845.1
-23512.4
-24142.1
-24733.8
-25287.2
-25801.8
-26277.5
-26714.1
-27111.3
-27469
-27787.2
-28065.7
-28304.4
-28503.4
-28662.5
-28781.8
-28861.4
-28901.1
-600.079
-1801.54
-3001.69
-4195.27
-5379.73
-6552.58
-7711.44
-8853.99
-9978.06
-11081.6
-12162.6
-13219.4
-14250.2
-15253.4
-16227.7
-17171.7
-18084.3
-18964.3
-19810.8
-20622.9
-21399.7
-22140.7
-22845.1
-23512.4
-24142.1
-24733.8
-25287.2
-25801.9
-26277.6
-26714.1
-27111.3
-27469.1
-27787.2
-28065.7
-28304.4
-28503.4
-28662.5
-28781.9
-28861.4
-28901.1
-600.08
-1801.55
-3001.69
-4195.27
-5379.73
-6552.59
-7711.44
-8854
-9978.07
-11081.6
-12162.6
-13219.4
-14250.2
-15253.4
-16227.7
-17171.7
-18084.3
-18964.3
-19810.8
-20622.9
-21399.7
-22140.7
-22845.1
-23512.4
-24142.1
-24733.9
-25287.2
-25801.9
-26277.6
-26714.1
-27111.4
-27469.1
-27787.2
-28065.7
-28304.4
-28503.4
-28662.6
-28781.9
-28861.4
-28901.1
-600.08
-1801.55
-3001.69
-4195.28
-5379.74
-6552.6
-7711.45
-8854.01
-9978.08
-11081.6
-12162.7
-13219.4
-14250.2
-15253.4
-16227.7
-17171.8
-18084.3
-18964.3
-19810.8
-20622.9
-21399.8
-22140.7
-22845.1
-23512.4
-24142.2
-24733.9
-25287.2
-25801.9
-26277.6
-26714.2
-27111.4
-27469.1
-27787.3
-28065.7
-28304.5
-28503.4
-28662.6
-28781.9
-28861.4
-28901.2
-600.081
-1801.55
-3001.7
-4195.28
-5379.74
-6552.6
-7711.46
-8854.01
-9978.09
-11081.6
-12162.7
-13219.4
-14250.2
-15253.5
-16227.7
-17171.8
-18084.3
-18964.4
-19810.8
-20622.9
-21399.8
-22140.7
-22845.1
-23512.5
-24142.2
-24733.9
-25287.2
-25801.9
-26277.6
-26714.2
-27111.4
-27469.1
-27787.3
-28065.7
-28304.5
-28503.4
-28662.6
-28781.9
-28861.4
-28901.2
-600.081
-1801.55
-3001.7
-4195.28
-5379.75
-6552.61
-7711.46
-8854.02
-9978.1
-11081.6
-12162.7
-13219.4
-14250.2
-15253.5
-16227.8
-17171.8
-18084.3
-18964.4
-19810.9
-20622.9
-21399.8
-22140.7
-22845.2
-23512.5
-24142.2
-24733.9
-25287.3
-25801.9
-26277.7
-26714.2
-27111.4
-27469.2
-27787.3
-28065.8
-28304.5
-28503.5
-28662.6
-28782
-28861.5
-28901.2
-600.082
-1801.55
-3001.7
-4195.29
-5379.75
-6552.61
-7711.47
-8854.03
-9978.1
-11081.6
-12162.7
-13219.4
-14250.2
-15253.5
-16227.8
-17171.8
-18084.4
-18964.4
-19810.9
-20622.9
-21399.8
-22140.8
-22845.2
-23512.5
-24142.2
-24733.9
-25287.3
-25801.9
-26277.7
-26714.2
-27111.4
-27469.2
-27787.3
-28065.8
-28304.5
-28503.5
-28662.6
-28782
-28861.5
-28901.2
-600.082
-1801.55
-3001.7
-4195.29
-5379.75
-6552.61
-7711.47
-8854.03
-9978.11
-11081.6
-12162.7
-13219.4
-14250.2
-15253.5
-16227.8
-17171.8
-18084.4
-18964.4
-19810.9
-20623
-21399.8
-22140.8
-22845.2
-23512.5
-24142.2
-24733.9
-25287.3
-25802
-26277.7
-26714.2
-27111.4
-27469.2
-27787.3
-28065.8
-28304.5
-28503.5
-28662.6
-28782
-28861.5
-28901.2
-600.082
-1801.55
-3001.7
-4195.29
-5379.76
-6552.62
-7711.47
-8854.03
-9978.11
-11081.6
-12162.7
-13219.4
-14250.2
-15253.5
-16227.8
-17171.8
-18084.4
-18964.4
-19810.9
-20623
-21399.8
-22140.8
-22845.2
-23512.5
-24142.2
-24734
-25287.3
-25802
-26277.7
-26714.2
-27111.5
-27469.2
-27787.3
-28065.8
-28304.5
-28503.5
-28662.7
-28782
-28861.5
-28901.3
-600.083
-1801.55
-3001.7
-4195.29
-5379.76
-6552.62
-7711.48
-8854.04
-9978.11
-11081.6
-12162.7
-13219.5
-14250.2
-15253.5
-16227.8
-17171.8
-18084.4
-18964.4
-19810.9
-20623
-21399.8
-22140.8
-22845.2
-23512.5
-24142.2
-24734
-25287.3
-25802
-26277.7
-26714.3
-27111.5
-27469.2
-27787.3
-28065.8
-28304.5
-28503.5
-28662.7
-28782
-28861.5
-28901.3
-600.083
-1801.55
-3001.7
-4195.29
-5379.76
-6552.62
-7711.48
-8854.04
-9978.11
-11081.6
-12162.7
-13219.5
-14250.2
-15253.5
-16227.8
-17171.8
-18084.4
-18964.4
-19810.9
-20623
-21399.8
-22140.8
-22845.2
-23512.5
-24142.2
-24734
-25287.3
-25802
-26277.7
-26714.3
-27111.5
-27469.2
-27787.3
-28065.8
-28304.6
-28503.5
-28662.7
-28782
-28861.5
-28901.3
-600.083
-1801.55
-3001.7
-4195.29
-5379.76
-6552.62
-7711.48
-8854.04
-9978.12
-11081.6
-12162.7
-13219.5
-14250.2
-15253.5
-16227.8
-17171.8
-18084.4
-18964.4
-19810.9
-20623
-21399.8
-22140.8
-22845.2
-23512.5
-24142.2
-24734
-25287.3
-25802
-26277.7
-26714.3
-27111.5
-27469.2
-27787.4
-28065.8
-28304.6
-28503.5
-28662.7
-28782
-28861.5
-28901.3
-600.083
-1801.55
-3001.7
-4195.29
-5379.76
-6552.62
-7711.48
-8854.04
-9978.11
-11081.6
-12162.7
-13219.5
-14250.2
-15253.5
-16227.8
-17171.8
-18084.4
-18964.4
-19810.9
-20623
-21399.8
-22140.8
-22845.2
-23512.5
-24142.2
-24734
-25287.3
-25802
-26277.7
-26714.3
-27111.5
-27469.2
-27787.4
-28065.8
-28304.6
-28503.5
-28662.7
-28782
-28861.5
-28901.3
-600.082
-1801.55
-3001.7
-4195.29
-5379.76
-6552.62
-7711.47
-8854.03
-9978.11
-11081.6
-12162.7
-13219.5
-14250.2
-15253.5
-16227.8
-17171.8
-18084.4
-18964.4
-19810.9
-20623
-21399.8
-22140.8
-22845.2
-23512.5
-24142.2
-24734
-25287.3
-25802
-26277.7
-26714.3
-27111.5
-27469.2
-27787.4
-28065.8
-28304.6
-28503.5
-28662.7
-28782
-28861.5
-28901.3
-600.082
-1801.55
-3001.7
-4195.29
-5379.75
-6552.61
-7711.47
-8854.03
-9978.11
-11081.6
-12162.7
-13219.4
-14250.2
-15253.5
-16227.8
-17171.8
-18084.4
-18964.4
-19810.9
-20623
-21399.8
-22140.8
-22845.2
-23512.5
-24142.2
-24734
-25287.3
-25802
-26277.7
-26714.3
-27111.5
-27469.2
-27787.3
-28065.8
-28304.6
-28503.5
-28662.7
-28782
-28861.5
-28901.3
-600.082
-1801.55
-3001.7
-4195.29
-5379.75
-6552.61
-7711.47
-8854.03
-9978.1
-11081.6
-12162.7
-13219.4
-14250.2
-15253.5
-16227.8
-17171.8
-18084.4
-18964.4
-19810.9
-20623
-21399.8
-22140.8
-22845.2
-23512.5
-24142.2
-24734
-25287.3
-25802
-26277.7
-26714.2
-27111.5
-27469.2
-27787.3
-28065.8
-28304.5
-28503.5
-28662.7
-28782
-28861.5
-28901.3
-600.082
-1801.55
-3001.7
-4195.28
-5379.75
-6552.61
-7711.46
-8854.02
-9978.1
-11081.6
-12162.7
-13219.4
-14250.2
-15253.5
-16227.8
-17171.8
-18084.4
-18964.4
-19810.9
-20622.9
-21399.8
-22140.8
-22845.2
-23512.5
-24142.2
-24733.9
-25287.3
-25802
-26277.7
-26714.2
-27111.5
-27469.2
-27787.3
-28065.8
-28304.5
-28503.5
-28662.7
-28782
-28861.5
-28901.2
-600.081
-1801.55
-3001.7
-4195.28
-5379.75
-6552.6
-7711.46
-8854.02
-9978.09
-11081.6
-12162.7
-13219.4
-14250.2
-15253.5
-16227.8
-17171.8
-18084.4
-18964.4
-19810.9
-20622.9
-21399.8
-22140.8
-22845.2
-23512.5
-24142.2
-24733.9
-25287.3
-25802
-26277.7
-26714.2
-27111.4
-27469.2
-27787.3
-28065.8
-28304.5
-28503.5
-28662.6
-28782
-28861.5
-28901.2
-600.081
-1801.55
-3001.7
-4195.28
-5379.74
-6552.6
-7711.45
-8854.01
-9978.09
-11081.6
-12162.7
-13219.4
-14250.2
-15253.5
-16227.8
-17171.8
-18084.3
-18964.4
-19810.9
-20622.9
-21399.8
-22140.8
-22845.2
-23512.5
-24142.2
-24733.9
-25287.3
-25801.9
-26277.7
-26714.2
-27111.4
-27469.2
-27787.3
-28065.8
-28304.5
-28503.5
-28662.6
-28782
-28861.5
-28901.2
-600.08
-1801.55
-3001.69
-4195.28
-5379.74
-6552.59
-7711.45
-8854.01
-9978.08
-11081.6
-12162.7
-13219.4
-14250.2
-15253.4
-16227.7
-17171.8
-18084.3
-18964.4
-19810.8
-20622.9
-21399.8
-22140.7
-22845.2
-23512.5
-24142.2
-24733.9
-25287.3
-25801.9
-26277.6
-26714.2
-27111.4
-27469.2
-27787.3
-28065.8
-28304.5
-28503.5
-28662.6
-28782
-28861.5
-28901.2
-600.08
-1801.54
-3001.69
-4195.27
-5379.73
-6552.59
-7711.44
-8854
-9978.07
-11081.6
-12162.7
-13219.4
-14250.2
-15253.4
-16227.7
-17171.8
-18084.3
-18964.3
-19810.8
-20622.9
-21399.8
-22140.7
-22845.1
-23512.5
-24142.2
-24733.9
-25287.3
-25801.9
-26277.6
-26714.2
-27111.4
-27469.1
-27787.3
-28065.8
-28304.5
-28503.5
-28662.6
-28781.9
-28861.4
-28901.2
-600.079
-1801.54
-3001.69
-4195.27
-5379.73
-6552.59
-7711.44
-8853.99
-9978.07
-11081.6
-12162.6
-13219.4
-14250.2
-15253.4
-16227.7
-17171.8
-18084.3
-18964.3
-19810.8
-20622.9
-21399.8
-22140.7
-22845.1
-23512.4
-24142.2
-24733.9
-25287.2
-25801.9
-26277.6
-26714.2
-27111.4
-27469.1
-27787.3
-28065.7
-28304.5
-28503.4
-28662.6
-28781.9
-28861.4
-28901.2
-600.079
-1801.54
-3001.69
-4195.27
-5379.73
-6552.58
-7711.43
-8853.99
-9978.06
-11081.6
-12162.6
-13219.4
-14250.2
-15253.4
-16227.7
-17171.7
-18084.3
-18964.3
-19810.8
-20622.9
-21399.8
-22140.7
-22845.1
-23512.4
-24142.2
-24733.9
-25287.2
-25801.9
-26277.6
-26714.2
-27111.4
-27469.1
-27787.3
-28065.7
-28304.5
-28503.4
-28662.6
-28781.9
-28861.4
-28901.2
-600.078
-1801.54
-3001.68
-4195.26
-5379.72
-6552.58
-7711.43
-8853.98
-9978.06
-11081.6
-12162.6
-13219.4
-14250.2
-15253.4
-16227.7
-17171.7
-18084.3
-18964.3
-19810.8
-20622.9
-21399.7
-22140.7
-22845.1
-23512.4
-24142.1
-24733.9
-25287.2
-25801.9
-26277.6
-26714.2
-27111.4
-27469.1
-27787.3
-28065.7
-28304.5
-28503.4
-28662.6
-28781.9
-28861.4
-28901.2
-600.078
-1801.54
-3001.68
-4195.26
-5379.72
-6552.57
-7711.42
-8853.98
-9978.05
-11081.6
-12162.6
-13219.4
-14250.2
-15253.4
-16227.7
-17171.7
-18084.3
-18964.3
-19810.8
-20622.9
-21399.7
-22140.7
-22845.1
-23512.4
-24142.1
-24733.9
-25287.2
-25801.9
-26277.6
-26714.1
-27111.4
-27469.1
-27787.2
-28065.7
-28304.4
-28503.4
-28662.6
-28781.9
-28861.4
-28901.2
-600.078
-1801.54
-3001.68
-4195.26
-5379.72
-6552.57
-7711.42
-8853.97
-9978.04
-11081.6
-12162.6
-13219.4
-14250.1
-15253.4
-16227.7
-17171.7
-18084.3
-18964.3
-19810.8
-20622.9
-21399.7
-22140.7
-22845.1
-23512.4
-24142.1
-24733.8
-25287.2
-25801.9
-26277.6
-26714.1
-27111.4
-27469.1
-27787.2
-28065.7
-28304.4
-28503.4
-28662.6
-28781.9
-28861.4
-28901.1
-600.077
-1801.54
-3001.68
-4195.26
-5379.71
-6552.57
-7711.42
-8853.97
-9978.04
-11081.6
-12162.6
-13219.4
-14250.1
-15253.4
-16227.7
-17171.7
-18084.3
-18964.3
-19810.8
-20622.9
-21399.7
-22140.7
-22845.1
-23512.4
-24142.1
-24733.8
-25287.2
-25801.9
-26277.6
-26714.1
-27111.3
-27469.1
-27787.2
-28065.7
-28304.4
-28503.4
-28662.5
-28781.9
-28861.4
-28901.1
-600.075
-1801.53
-3001.68
-4195.25
-5379.71
-6552.56
-7711.42
-8853.97
-9978.04
-11081.6
-12162.6
-13219.4
-14250.1
-15253.4
-16227.7
-17171.7
-18084.3
-18964.3
-19810.8
-20622.8
-21399.7
-22140.7
-22845.1
-23512.4
-24142.1
-24733.8
-25287.2
-25801.9
-26277.6
-26714.1
-27111.3
-27469.1
-27787.2
-28065.7
-28304.4
-28503.4
-28662.5
-28781.9
-28861.4
-28901.1
-600.072
-1801.53
-3001.67
-4195.25
-5379.71
-6552.56
-7711.41
-8853.97
-9978.04
-11081.6
-12162.6
-13219.4
-14250.1
-15253.4
-16227.7
-17171.7
-18084.3
-18964.3
-19810.8
-20622.8
-21399.7
-22140.7
-22845.1
-23512.4
-24142.1
-24733.8
-25287.2
-25801.8
-26277.6
-26714.1
-27111.3
-27469.1
-27787.2
-28065.7
-28304.4
-28503.4
-28662.5
-28781.9
-28861.4
-28901.1
-616.171
-1849.81
-3081.97
-4307.15
-5522.65
-6725.84
-7914.22
-9085.36
-10237
-11367
-12473.4
-13554.3
-14608
-15632.9
-16627.6
-17590.8
-18521.4
-19418.2
-20280.3
-21106.9
-21897.2
-22650.5
-23366.3
-24044
-24683.2
-25283.5
-25844.6
-26366.3
-26848.2
-27290.3
-27692.3
-28054.3
-28376.1
-28657.6
-28898.9
-29100
-29260.8
-29381.3
-29461.6
-29501.8
-616.175
-1849.82
-3081.97
-4307.15
-5522.65
-6725.85
-7914.22
-9085.36
-10237
-11367
-12473.4
-13554.3
-14608
-15632.9
-16627.6
-17590.8
-18521.4
-19418.2
-20280.3
-21106.9
-21897.2
-22650.5
-23366.3
-24044
-24683.2
-25283.5
-25844.6
-26366.3
-26848.2
-27290.3
-27692.3
-28054.3
-28376.1
-28657.6
-28898.9
-29100
-29260.8
-29381.3
-29461.6
-29501.8
-616.177
-1849.82
-3081.97
-4307.15
-5522.65
-6725.85
-7914.22
-9085.37
-10237
-11367
-12473.4
-13554.3
-14608
-15632.9
-16627.6
-17590.8
-18521.4
-19418.2
-20280.4
-21106.9
-21897.2
-22650.6
-23366.3
-24044
-24683.2
-25283.6
-25844.7
-26366.3
-26848.2
-27290.3
-27692.4
-28054.3
-28376.1
-28657.6
-28899
-29100
-29260.8
-29381.3
-29461.6
-29501.8
-616.177
-1849.82
-3081.98
-4307.15
-5522.65
-6725.85
-7914.23
-9085.37
-10237
-11367
-12473.4
-13554.3
-14608
-15632.9
-16627.6
-17590.9
-18521.4
-19418.2
-20280.4
-21106.9
-21897.2
-22650.6
-23366.3
-24044
-24683.2
-25283.6
-25844.7
-26366.3
-26848.2
-27290.3
-27692.4
-28054.3
-28376.1
-28657.7
-28899
-29100
-29260.8
-29381.4
-29461.6
-29501.8
-616.178
-1849.83
-3081.98
-4307.16
-5522.66
-6725.86
-7914.23
-9085.38
-10237
-11367
-12473.4
-13554.3
-14608
-15632.9
-16627.6
-17590.9
-18521.4
-19418.2
-20280.4
-21107
-21897.3
-22650.6
-23366.4
-24044.1
-24683.3
-25283.6
-25844.7
-26366.3
-26848.3
-27290.3
-27692.4
-28054.3
-28376.1
-28657.7
-28899
-29100
-29260.8
-29381.4
-29461.7
-29501.8
-616.179
-1849.83
-3081.98
-4307.16
-5522.66
-6725.86
-7914.24
-9085.39
-10237
-11367
-12473.4
-13554.3
-14608
-15632.9
-16627.6
-17590.9
-18521.4
-19418.3
-20280.4
-21107
-21897.3
-22650.6
-23366.4
-24044.1
-24683.3
-25283.6
-25844.7
-26366.3
-26848.3
-27290.3
-27692.4
-28054.4
-28376.1
-28657.7
-28899
-29100.1
-29260.8
-29381.4
-29461.7
-29501.8
-616.179
-1849.83
-3081.98
-4307.17
-5522.67
-6725.87
-7914.25
-9085.4
-10237
-11367.1
-12473.4
-13554.3
-14608
-15632.9
-16627.7
-17590.9
-18521.5
-19418.3
-20280.4
-21107
-21897.3
-22650.6
-23366.4
-24044.1
-24683.3
-25283.6
-25844.7
-26366.4
-26848.3
-27290.4
-27692.4
-28054.4
-28376.2
-28657.7
-28899
-29100.1
-29260.9
-29381.4
-29461.7
-29501.9
-616.18
-1849.83
-3081.99
-4307.17
-5522.67
-6725.88
-7914.25
-9085.4
-10237.1
-11367.1
-12473.4
-13554.3
-14608
-15632.9
-16627.7
-17590.9
-18521.5
-19418.3
-20280.4
-21107
-21897.3
-22650.6
-23366.4
-24044.1
-24683.3
-25283.6
-25844.7
-26366.4
-26848.3
-27290.4
-27692.4
-28054.4
-28376.2
-28657.7
-28899
-29100.1
-29260.9
-29381.4
-29461.7
-29501.9
-616.181
-1849.83
-3081.99
-4307.18
-5522.68
-6725.88
-7914.26
-9085.41
-10237.1
-11367.1
-12473.4
-13554.3
-14608
-15633
-16627.7
-17590.9
-18521.5
-19418.3
-20280.4
-21107
-21897.3
-22650.7
-23366.4
-24044.1
-24683.3
-25283.7
-25844.8
-26366.4
-26848.3
-27290.4
-27692.5
-28054.4
-28376.2
-28657.8
-28899.1
-29100.1
-29260.9
-29381.5
-29461.8
-29501.9
-616.181
-1849.84
-3081.99
-4307.18
-5522.69
-6725.89
-7914.27
-9085.42
-10237.1
-11367.1
-12473.5
-13554.3
-14608
-15633
-16627.7
-17590.9
-18521.5
-19418.3
-20280.5
-21107.1
-21897.3
-22650.7
-23366.5
-24044.2
-24683.4
-25283.7
-25844.8
-26366.4
-26848.4
-27290.4
-27692.5
-28054.4
-28376.2
-28657.8
-28899.1
-29100.1
-29260.9
-29381.5
-29461.8
-29501.9
-616.182
-1849.84
-3082
-4307.19
-5522.69
-6725.9
-7914.28
-9085.43
-10237.1
-11367.1
-12473.5
-13554.4
-14608.1
-15633
-16627.7
-17591
-18521.5
-19418.4
-20280.5
-21107.1
-21897.4
-22650.7
-23366.5
-24044.2
-24683.4
-25283.7
-25844.8
-26366.4
-26848.4
-27290.5
-27692.5
-28054.5
-28376.2
-28657.8
-28899.1
-29100.2
-29261
-29381.5
-29461.8
-29501.9
-616.183
-1849.84
-3082
-4307.19
-5522.7
-6725.91
-7914.29
-9085.44
-10237.1
-11367.1
-12473.5
-13554.4
-14608.1
-15633
-16627.7
-17591
-18521.5
-19418.4
-20280.5
-21107.1
-21897.4
-22650.7
-23366.5
-24044.2
-24683.4
-25283.7
-25844.8
-26366.5
-26848.4
-27290.5
-27692.5
-28054.5
-28376.3
-28657.8
-28899.1
-29100.2
-29261
-29381.5
-29461.8
-29502
-616.183
-1849.84
-3082.01
-4307.2
-5522.71
-6725.91
-7914.3
-9085.45
-10237.1
-11367.1
-12473.5
-13554.4
-14608.1
-15633
-16627.8
-17591
-18521.6
-19418.4
-20280.5
-21107.1
-21897.4
-22650.7
-23366.5
-24044.2
-24683.4
-25283.8
-25844.9
-26366.5
-26848.4
-27290.5
-27692.6
-28054.5
-28376.3
-28657.9
-28899.2
-29100.2
-29261
-29381.6
-29461.9
-29502
-616.184
-1849.84
-3082.01
-4307.2
-5522.71
-6725.92
-7914.31
-9085.46
-10237.1
-11367.1
-12473.5
-13554.4
-14608.1
-15633
-16627.8
-17591
-18521.6
-19418.4
-20280.5
-21107.1
-21897.4
-22650.8
-23366.5
-24044.3
-24683.5
-25283.8
-25844.9
-26366.5
-26848.5
-27290.5
-27692.6
-28054.5
-28376.3
-28657.9
-28899.2
-29100.2
-29261
-29381.6
-29461.9
-29502
-616.185
-1849.85
-3082.01
-4307.2
-5522.72
-6725.93
-7914.31
-9085.47
-10237.1
-11367.1
-12473.5
-13554.4
-14608.1
-15633.1
-16627.8
-17591
-18521.6
-19418.4
-20280.6
-21107.2
-21897.5
-22650.8
-23366.6
-24044.3
-24683.5
-25283.8
-25844.9
-26366.5
-26848.5
-27290.5
-27692.6
-28054.6
-28376.3
-28657.9
-28899.2
-29100.3
-29261.1
-29381.6
-29461.9
-29502
-616.185
-1849.85
-3082.01
-4307.21
-5522.72
-6725.93
-7914.32
-9085.48
-10237.1
-11367.2
-12473.5
-13554.4
-14608.1
-15633.1
-16627.8
-17591.1
-18521.6
-19418.4
-20280.6
-21107.2
-21897.5
-22650.8
-23366.6
-24044.3
-24683.5
-25283.8
-25844.9
-26366.6
-26848.5
-27290.6
-27692.6
-28054.6
-28376.4
-28657.9
-28899.2
-29100.3
-29261.1
-29381.6
-29461.9
-29502.1
-616.186
-1849.85
-3082.02
-4307.21
-5522.73
-6725.94
-7914.33
-9085.49
-10237.1
-11367.2
-12473.5
-13554.4
-14608.1
-15633.1
-16627.8
-17591.1
-18521.6
-19418.5
-20280.6
-21107.2
-21897.5
-22650.8
-23366.6
-24044.3
-24683.5
-25283.8
-25844.9
-26366.6
-26848.5
-27290.6
-27692.6
-28054.6
-28376.4
-28657.9
-28899.3
-29100.3
-29261.1
-29381.6
-29461.9
-29502.1
-616.186
-1849.85
-3082.02
-4307.21
-5522.73
-6725.94
-7914.33
-9085.49
-10237.2
-11367.2
-12473.6
-13554.5
-14608.2
-15633.1
-16627.8
-17591.1
-18521.6
-19418.5
-20280.6
-21107.2
-21897.5
-22650.8
-23366.6
-24044.3
-24683.5
-25283.9
-25845
-26366.6
-26848.5
-27290.6
-27692.7
-28054.6
-28376.4
-28658
-28899.3
-29100.3
-29261.1
-29381.7
-29462
-29502.1
-616.186
-1849.85
-3082.02
-4307.22
-5522.73
-6725.95
-7914.34
-9085.5
-10237.2
-11367.2
-12473.6
-13554.5
-14608.2
-15633.1
-16627.8
-17591.1
-18521.7
-19418.5
-20280.6
-21107.2
-21897.5
-22650.8
-23366.6
-24044.3
-24683.5
-25283.9
-25845
-26366.6
-26848.5
-27290.6
-27692.7
-28054.6
-28376.4
-28658
-28899.3
-29100.3
-29261.1
-29381.7
-29462
-29502.1
-616.187
-1849.85
-3082.02
-4307.22
-5522.73
-6725.95
-7914.34
-9085.5
-10237.2
-11367.2
-12473.6
-13554.5
-14608.2
-15633.1
-16627.8
-17591.1
-18521.7
-19418.5
-20280.6
-21107.2
-21897.5
-22650.9
-23366.6
-24044.3
-24683.6
-25283.9
-25845
-26366.6
-26848.6
-27290.6
-27692.7
-28054.6
-28376.4
-28658
-28899.3
-29100.4
-29261.1
-29381.7
-29462
-29502.1
-616.187
-1849.85
-3082.02
-4307.22
-5522.74
-6725.95
-7914.34
-9085.5
-10237.2
-11367.2
-12473.6
-13554.5
-14608.2
-15633.1
-16627.9
-17591.1
-18521.7
-19418.5
-20280.6
-21107.2
-21897.5
-22650.9
-23366.6
-24044.4
-24683.6
-25283.9
-25845
-26366.6
-26848.6
-27290.6
-27692.7
-28054.7
-28376.4
-28658
-28899.3
-29100.4
-29261.2
-29381.7
-29462
-29502.1
-616.187
-1849.85
-3082.02
-4307.22
-5522.74
-6725.95
-7914.34
-9085.51
-10237.2
-11367.2
-12473.6
-13554.5
-14608.2
-15633.1
-16627.9
-17591.1
-18521.7
-19418.5
-20280.6
-21107.2
-21897.5
-22650.9
-23366.6
-24044.4
-24683.6
-25283.9
-25845
-26366.6
-26848.6
-27290.6
-27692.7
-28054.7
-28376.4
-28658
-28899.3
-29100.4
-29261.2
-29381.7
-29462
-29502.1
-616.187
-1849.85
-3082.02
-4307.22
-5522.74
-6725.95
-7914.34
-9085.51
-10237.2
-11367.2
-12473.6
-13554.5
-14608.2
-15633.1
-16627.9
-17591.1
-18521.7
-19418.5
-20280.6
-21107.2
-21897.5
-22650.9
-23366.6
-24044.4
-24683.6
-25283.9
-25845
-26366.6
-26848.6
-27290.6
-27692.7
-28054.7
-28376.4
-28658
-28899.3
-29100.4
-29261.2
-29381.7
-29462
-29502.1
-616.187
-1849.85
-3082.02
-4307.22
-5522.74
-6725.95
-7914.34
-9085.5
-10237.2
-11367.2
-12473.6
-13554.5
-14608.2
-15633.1
-16627.9
-17591.1
-18521.7
-19418.5
-20280.6
-21107.2
-21897.5
-22650.9
-23366.6
-24044.4
-24683.6
-25283.9
-25845
-26366.6
-26848.6
-27290.6
-27692.7
-28054.7
-28376.4
-28658
-28899.3
-29100.4
-29261.2
-29381.7
-29462
-29502.1
-616.187
-1849.85
-3082.02
-4307.22
-5522.73
-6725.95
-7914.34
-9085.5
-10237.2
-11367.2
-12473.6
-13554.5
-14608.2
-15633.1
-16627.8
-17591.1
-18521.7
-19418.5
-20280.6
-21107.2
-21897.5
-22650.9
-23366.6
-24044.4
-24683.6
-25283.9
-25845
-26366.6
-26848.6
-27290.6
-27692.7
-28054.7
-28376.4
-28658
-28899.3
-29100.4
-29261.2
-29381.7
-29462
-29502.1
-616.186
-1849.85
-3082.02
-4307.22
-5522.73
-6725.95
-7914.34
-9085.5
-10237.2
-11367.2
-12473.6
-13554.5
-14608.2
-15633.1
-16627.8
-17591.1
-18521.7
-19418.5
-20280.6
-21107.2
-21897.5
-22650.9
-23366.6
-24044.3
-24683.6
-25283.9
-25845
-26366.6
-26848.6
-27290.6
-27692.7
-28054.7
-28376.4
-28658
-28899.3
-29100.4
-29261.2
-29381.7
-29462
-29502.1
-616.186
-1849.85
-3082.02
-4307.21
-5522.73
-6725.94
-7914.33
-9085.49
-10237.2
-11367.2
-12473.6
-13554.5
-14608.2
-15633.1
-16627.8
-17591.1
-18521.6
-19418.5
-20280.6
-21107.2
-21897.5
-22650.8
-23366.6
-24044.3
-24683.5
-25283.9
-25845
-26366.6
-26848.6
-27290.6
-27692.7
-28054.6
-28376.4
-28658
-28899.3
-29100.3
-29261.1
-29381.7
-29462
-29502.1
-616.186
-1849.85
-3082.02
-4307.21
-5522.73
-6725.94
-7914.33
-9085.49
-10237.1
-11367.2
-12473.5
-13554.4
-14608.1
-15633.1
-16627.8
-17591.1
-18521.6
-19418.5
-20280.6
-21107.2
-21897.5
-22650.8
-23366.6
-24044.3
-24683.5
-25283.9
-25845
-26366.6
-26848.5
-27290.6
-27692.7
-28054.6
-28376.4
-28658
-28899.3
-29100.3
-29261.1
-29381.7
-29462
-29502.1
-616.185
-1849.85
-3082.01
-4307.21
-5522.72
-6725.93
-7914.32
-9085.48
-10237.1
-11367.2
-12473.5
-13554.4
-14608.1
-15633.1
-16627.8
-17591.1
-18521.6
-19418.5
-20280.6
-21107.2
-21897.5
-22650.8
-23366.6
-24044.3
-24683.5
-25283.8
-25845
-26366.6
-26848.5
-27290.6
-27692.7
-28054.6
-28376.4
-28658
-28899.3
-29100.3
-29261.1
-29381.7
-29462
-29502.1
-616.185
-1849.85
-3082.01
-4307.2
-5522.72
-6725.93
-7914.31
-9085.47
-10237.1
-11367.1
-12473.5
-13554.4
-14608.1
-15633.1
-16627.8
-17591
-18521.6
-19418.4
-20280.6
-21107.2
-21897.5
-22650.8
-23366.6
-24044.3
-24683.5
-25283.8
-25844.9
-26366.6
-26848.5
-27290.6
-27692.6
-28054.6
-28376.4
-28657.9
-28899.3
-29100.3
-29261.1
-29381.7
-29461.9
-29502.1
-616.184
-1849.84
-3082.01
-4307.2
-5522.71
-6725.92
-7914.31
-9085.47
-10237.1
-11367.1
-12473.5
-13554.4
-14608.1
-15633.1
-16627.8
-17591
-18521.6
-19418.4
-20280.6
-21107.2
-21897.5
-22650.8
-23366.6
-24044.3
-24683.5
-25283.8
-25844.9
-26366.6
-26848.5
-27290.6
-27692.6
-28054.6
-28376.4
-28657.9
-28899.2
-29100.3
-29261.1
-29381.6
-29461.9
-29502.1
-616.184
-1849.84
-3082.01
-4307.2
-5522.71
-6725.92
-7914.3
-9085.46
-10237.1
-11367.1
-12473.5
-13554.4
-14608.1
-15633
-16627.8
-17591
-18521.6
-19418.4
-20280.6
-21107.2
-21897.4
-22650.8
-23366.6
-24044.3
-24683.5
-25283.8
-25844.9
-26366.5
-26848.5
-27290.6
-27692.6
-28054.6
-28376.4
-28657.9
-28899.2
-29100.3
-29261.1
-29381.6
-29461.9
-29502.1
-616.183
-1849.84
-3082
-4307.19
-5522.7
-6725.91
-7914.3
-9085.45
-10237.1
-11367.1
-12473.5
-13554.4
-14608.1
-15633
-16627.8
-17591
-18521.6
-19418.4
-20280.5
-21107.1
-21897.4
-22650.8
-23366.5
-24044.3
-24683.5
-25283.8
-25844.9
-26366.5
-26848.5
-27290.5
-27692.6
-28054.6
-28376.3
-28657.9
-28899.2
-29100.3
-29261.1
-29381.6
-29461.9
-29502
-616.183
-1849.84
-3082
-4307.19
-5522.7
-6725.91
-7914.29
-9085.45
-10237.1
-11367.1
-12473.5
-13554.4
-14608.1
-15633
-16627.8
-17591
-18521.6
-19418.4
-20280.5
-21107.1
-21897.4
-22650.8
-23366.5
-24044.2
-24683.5
-25283.8
-25844.9
-26366.5
-26848.5
-27290.5
-27692.6
-28054.5
-28376.3
-28657.9
-28899.2
-29100.3
-29261
-29381.6
-29461.9
-29502
-616.182
-1849.84
-3082
-4307.19
-5522.69
-6725.9
-7914.28
-9085.44
-10237.1
-11367.1
-12473.5
-13554.4
-14608.1
-15633
-16627.8
-17591
-18521.6
-19418.4
-20280.5
-21107.1
-21897.4
-22650.7
-23366.5
-24044.2
-24683.4
-25283.8
-25844.9
-26366.5
-26848.4
-27290.5
-27692.6
-28054.5
-28376.3
-28657.9
-28899.2
-29100.2
-29261
-29381.6
-29461.9
-29502
-616.181
-1849.84
-3082
-4307.18
-5522.69
-6725.9
-7914.28
-9085.43
-10237.1
-11367.1
-12473.5
-13554.4
-14608.1
-15633
-16627.7
-17591
-18521.5
-19418.4
-20280.5
-21107.1
-21897.4
-22650.7
-23366.5
-24044.2
-24683.4
-25283.7
-25844.9
-26366.5
-26848.4
-27290.5
-27692.6
-28054.5
-28376.3
-28657.9
-28899.2
-29100.2
-29261
-29381.6
-29461.9
-29502
-616.181
-1849.84
-3081.99
-4307.18
-5522.69
-6725.89
-7914.27
-9085.43
-10237.1
-11367.1
-12473.5
-13554.4
-14608.1
-15633
-16627.7
-17591
-18521.5
-19418.4
-20280.5
-21107.1
-21897.4
-22650.7
-23366.5
-24044.2
-24683.4
-25283.7
-25844.8
-26366.5
-26848.4
-27290.5
-27692.6
-28054.5
-28376.3
-28657.9
-28899.2
-29100.2
-29261
-29381.6
-29461.9
-29502
-616.18
-1849.83
-3081.99
-4307.18
-5522.68
-6725.89
-7914.27
-9085.42
-10237.1
-11367.1
-12473.5
-13554.4
-14608.1
-15633
-16627.7
-17591
-18521.5
-19418.4
-20280.5
-21107.1
-21897.4
-22650.7
-23366.5
-24044.2
-24683.4
-25283.7
-25844.8
-26366.5
-26848.4
-27290.5
-27692.5
-28054.5
-28376.3
-28657.8
-28899.2
-29100.2
-29261
-29381.6
-29461.8
-29502
-616.179
-1849.83
-3081.99
-4307.18
-5522.68
-6725.89
-7914.27
-9085.42
-10237.1
-11367.1
-12473.5
-13554.4
-14608.1
-15633
-16627.7
-17591
-18521.5
-19418.4
-20280.5
-21107.1
-21897.4
-22650.7
-23366.5
-24044.2
-24683.4
-25283.7
-25844.8
-26366.5
-26848.4
-27290.5
-27692.5
-28054.5
-28376.3
-28657.8
-28899.2
-29100.2
-29261
-29381.5
-29461.8
-29502
-616.175
-1849.83
-3081.99
-4307.17
-5522.68
-6725.89
-7914.27
-9085.42
-10237.1
-11367.1
-12473.5
-13554.4
-14608.1
-15633
-16627.7
-17591
-18521.5
-19418.4
-20280.5
-21107.1
-21897.4
-22650.7
-23366.5
-24044.2
-24683.4
-25283.7
-25844.8
-26366.5
-26848.4
-27290.5
-27692.5
-28054.5
-28376.3
-28657.8
-28899.2
-29100.2
-29261
-29381.5
-29461.8
-29502
-633.678
-1902.31
-3169.25
-4428.75
-5677.92
-6913.99
-8134.29
-9336.32
-10517.7
-11676.2
-12809.7
-13916.5
-14994.6
-16042.7
-17059.1
-18042.8
-18992.4
-19907
-20785.6
-21627.5
-22431.8
-23198.1
-23925.8
-24614.3
-25263.4
-25872.6
-26441.8
-26970.6
-27458.9
-27906.6
-28313.6
-28679.9
-29005.4
-29290
-29533.9
-29737.1
-29899.5
-30021.2
-30102.3
-30142.8
-633.682
-1902.32
-3169.26
-4428.75
-5677.92
-6913.99
-8134.3
-9336.32
-10517.7
-11676.2
-12809.7
-13916.5
-14994.6
-16042.7
-17059.1
-18042.8
-18992.4
-19907
-20785.6
-21627.5
-22431.9
-23198.1
-23925.8
-24614.3
-25263.4
-25872.6
-26441.8
-26970.6
-27458.9
-27906.6
-28313.6
-28679.9
-29005.4
-29290
-29533.9
-29737.1
-29899.5
-30021.2
-30102.3
-30142.9
-633.683
-1902.32
-3169.26
-4428.75
-5677.92
-6913.99
-8134.3
-9336.32
-10517.7
-11676.2
-12809.7
-13916.5
-14994.6
-16042.7
-17059.2
-18042.8
-18992.4
-19907
-20785.6
-21627.5
-22431.9
-23198.1
-23925.8
-24614.4
-25263.4
-25872.6
-26441.8
-26970.6
-27458.9
-27906.6
-28313.7
-28679.9
-29005.4
-29290
-29533.9
-29737.1
-29899.5
-30021.2
-30102.3
-30142.9
-633.684
-1902.33
-3169.26
-4428.75
-5677.93
-6914
-8134.3
-9336.33
-10517.7
-11676.2
-12809.7
-13916.5
-14994.6
-16042.7
-17059.2
-18042.8
-18992.4
-19907
-20785.6
-21627.5
-22431.9
-23198.2
-23925.8
-24614.4
-25263.4
-25872.7
-26441.8
-26970.6
-27458.9
-27906.7
-28313.7
-28679.9
-29005.4
-29290.1
-29533.9
-29737.1
-29899.5
-30021.3
-30102.3
-30142.9
-633.685
-1902.33
-3169.26
-4428.76
-5677.93
-6914
-8134.31
-9336.33
-10517.7
-11676.2
-12809.7
-13916.5
-14994.7
-16042.7
-17059.2
-18042.8
-18992.4
-19907
-20785.6
-21627.5
-22431.9
-23198.2
-23925.8
-24614.4
-25263.4
-25872.7
-26441.8
-26970.6
-27459
-27906.7
-28313.7
-28679.9
-29005.4
-29290.1
-29534
-29737.1
-29899.5
-30021.3
-30102.4
-30142.9
-633.686
-1902.33
-3169.27
-4428.76
-5677.94
-6914.01
-8134.32
-9336.34
-10517.7
-11676.2
-12809.8
-13916.5
-14994.7
-16042.7
-17059.2
-18042.8
-18992.4
-19907
-20785.6
-21627.5
-22431.9
-23198.2
-23925.8
-24614.4
-25263.5
-25872.7
-26441.8
-26970.6
-27459
-27906.7
-28313.7
-28680
-29005.4
-29290.1
-29534
-29737.1
-29899.6
-30021.3
-30102.4
-30142.9
-633.686
-1902.33
-3169.27
-4428.77
-5677.94
-6914.02
-8134.33
-9336.35
-10517.7
-11676.2
-12809.8
-13916.5
-14994.7
-16042.7
-17059.2
-18042.8
-18992.5
-19907
-20785.7
-21627.5
-22431.9
-23198.2
-23925.9
-24614.4
-25263.5
-25872.7
-26441.9
-26970.7
-27459
-27906.7
-28313.7
-28680
-29005.4
-29290.1
-29534
-29737.2
-29899.6
-30021.3
-30102.4
-30142.9
-633.687
-1902.33
-3169.28
-4428.77
-5677.95
-6914.02
-8134.34
-9336.36
-10517.7
-11676.2
-12809.8
-13916.5
-14994.7
-16042.7
-17059.2
-18042.8
-18992.5
-19907.1
-20785.7
-21627.6
-22431.9
-23198.2
-23925.9
-24614.4
-25263.5
-25872.7
-26441.9
-26970.7
-27459
-27906.7
-28313.8
-28680
-29005.5
-29290.1
-29534
-29737.2
-29899.6
-30021.3
-30102.4
-30143
-633.688
-1902.34
-3169.28
-4428.78
-5677.96
-6914.03
-8134.35
-9336.38
-10517.7
-11676.2
-12809.8
-13916.5
-14994.7
-16042.8
-17059.2
-18042.9
-18992.5
-19907.1
-20785.7
-21627.6
-22432
-23198.3
-23925.9
-24614.5
-25263.5
-25872.8
-26441.9
-26970.7
-27459.1
-27906.8
-28313.8
-28680
-29005.5
-29290.2
-29534.1
-29737.2
-29899.6
-30021.4
-30102.5
-30143
-633.689
-1902.34
-3169.28
-4428.78
-5677.96
-6914.04
-8134.36
-9336.39
-10517.8
-11676.3
-12809.8
-13916.5
-14994.7
-16042.8
-17059.3
-18042.9
-18992.5
-19907.1
-20785.7
-21627.6
-22432
-23198.3
-23925.9
-24614.5
-25263.6
-25872.8
-26441.9
-26970.8
-27459.1
-27906.8
-28313.8
-28680.1
-29005.5
-29290.2
-29534.1
-29737.2
-29899.7
-30021.4
-30102.5
-30143
-633.69
-1902.34
-3169.29
-4428.79
-5677.97
-6914.05
-8134.37
-9336.4
-10517.8
-11676.3
-12809.8
-13916.6
-14994.7
-16042.8
-17059.3
-18042.9
-18992.5
-19907.1
-20785.8
-21627.6
-22432
-23198.3
-23926
-24614.5
-25263.6
-25872.8
-26442
-26970.8
-27459.1
-27906.8
-28313.8
-28680.1
-29005.5
-29290.2
-29534.1
-29737.3
-29899.7
-30021.4
-30102.5
-30143.1
-633.69
-1902.34
-3169.29
-4428.8
-5677.98
-6914.06
-8134.38
-9336.41
-10517.8
-11676.3
-12809.8
-13916.6
-14994.8
-16042.8
-17059.3
-18042.9
-18992.6
-19907.1
-20785.8
-21627.7
-22432
-23198.3
-23926
-24614.6
-25263.6
-25872.8
-26442
-26970.8
-27459.1
-27906.9
-28313.9
-28680.1
-29005.6
-29290.3
-29534.1
-29737.3
-29899.7
-30021.5
-30102.5
-30143.1
-633.691
-1902.35
-3169.3
-4428.8
-5677.98
-6914.07
-8134.39
-9336.42
-10517.8
-11676.3
-12809.9
-13916.6
-14994.8
-16042.8
-17059.3
-18043
-18992.6
-19907.2
-20785.8
-21627.7
-22432.1
-23198.4
-23926
-24614.6
-25263.6
-25872.9
-26442
-26970.8
-27459.2
-27906.9
-28313.9
-28680.1
-29005.6
-29290.3
-29534.2
-29737.3
-29899.7
-30021.5
-30102.6
-30143.1
-633.692
-1902.35
-3169.3
-4428.81
-5677.99
-6914.07
-8134.4
-9336.43
-10517.8
-11676.3
-12809.9
-13916.6
-14994.8
-16042.9
-17059.3
-18043
-18992.6
-19907.2
-20785.8
-21627.7
-22432.1
-23198.4
-23926
-24614.6
-25263.7
-25872.9
-26442
-26970.9
-27459.2
-27906.9
-28313.9
-28680.2
-29005.6
-29290.3
-29534.2
-29737.3
-29899.8
-30021.5
-30102.6
-30143.1
-633.693
-1902.35
-3169.3
-4428.81
-5678
-6914.08
-8134.4
-9336.44
-10517.8
-11676.3
-12809.9
-13916.6
-14994.8
-16042.9
-17059.4
-18043
-18992.6
-19907.2
-20785.8
-21627.7
-22432.1
-23198.4
-23926.1
-24614.6
-25263.7
-25872.9
-26442.1
-26970.9
-27459.2
-27906.9
-28313.9
-28680.2
-29005.7
-29290.3
-29534.2
-29737.4
-29899.8
-30021.5
-30102.6
-30143.2
-633.693
-1902.35
-3169.31
-4428.81
-5678
-6914.09
-8134.41
-9336.45
-10517.8
-11676.3
-12809.9
-13916.6
-14994.8
-16042.9
-17059.4
-18043
-18992.6
-19907.2
-20785.9
-21627.7
-22432.1
-23198.4
-23926.1
-24614.6
-25263.7
-25872.9
-26442.1
-26970.9
-27459.2
-27907
-28314
-28680.2
-29005.7
-29290.4
-29534.3
-29737.4
-29899.8
-30021.6
-30102.6
-30143.2
-633.694
-1902.35
-3169.31
-4428.82
-5678.01
-6914.09
-8134.42
-9336.46
-10517.8
-11676.3
-12809.9
-13916.7
-14994.8
-16042.9
-17059.4
-18043
-18992.7
-19907.2
-20785.9
-21627.8
-22432.1
-23198.4
-23926.1
-24614.7
-25263.7
-25873
-26442.1
-26970.9
-27459.3
-27907
-28314
-28680.2
-29005.7
-29290.4
-29534.3
-29737.4
-29899.8
-30021.6
-30102.7
-30143.2
-633.694
-1902.36
-3169.31
-4428.82
-5678.01
-6914.1
-8134.43
-9336.47
-10517.8
-11676.3
-12809.9
-13916.7
-14994.9
-16042.9
-17059.4
-18043
-18992.7
-19907.3
-20785.9
-21627.8
-22432.2
-23198.5
-23926.1
-24614.7
-25263.7
-25873
-26442.1
-26970.9
-27459.3
-27907
-28314
-28680.3
-29005.7
-29290.4
-29534.3
-29737.4
-29899.9
-30021.6
-30102.7
-30143.2
-633.695
-1902.36
-3169.31
-4428.82
-5678.02
-6914.1
-8134.43
-9336.47
-10517.9
-11676.4
-12809.9
-13916.7
-14994.9
-16042.9
-17059.4
-18043
-18992.7
-19907.3
-20785.9
-21627.8
-22432.2
-23198.5
-23926.1
-24614.7
-25263.8
-25873
-26442.1
-26971
-27459.3
-27907
-28314
-28680.3
-29005.7
-29290.4
-29534.3
-29737.5
-29899.9
-30021.6
-30102.7
-30143.2
-633.695
-1902.36
-3169.31
-4428.83
-5678.02
-6914.11
-8134.43
-9336.47
-10517.9
-11676.4
-12809.9
-13916.7
-14994.9
-16042.9
-17059.4
-18043.1
-18992.7
-19907.3
-20785.9
-21627.8
-22432.2
-23198.5
-23926.1
-24614.7
-25263.8
-25873
-26442.1
-26971
-27459.3
-27907
-28314
-28680.3
-29005.7
-29290.4
-29534.3
-29737.5
-29899.9
-30021.6
-30102.7
-30143.2
-633.695
-1902.36
-3169.31
-4428.83
-5678.02
-6914.11
-8134.44
-9336.48
-10517.9
-11676.4
-12809.9
-13916.7
-14994.9
-16042.9
-17059.4
-18043.1
-18992.7
-19907.3
-20785.9
-21627.8
-22432.2
-23198.5
-23926.1
-24614.7
-25263.8
-25873
-26442.1
-26971
-27459.3
-27907
-28314
-28680.3
-29005.8
-29290.4
-29534.3
-29737.5
-29899.9
-30021.6
-30102.7
-30143.3
-633.695
-1902.36
-3169.31
-4428.83
-5678.02
-6914.11
-8134.44
-9336.48
-10517.9
-11676.4
-12809.9
-13916.7
-14994.9
-16042.9
-17059.4
-18043.1
-18992.7
-19907.3
-20785.9
-21627.8
-22432.2
-23198.5
-23926.2
-24614.7
-25263.8
-25873
-26442.2
-26971
-27459.3
-27907
-28314
-28680.3
-29005.8
-29290.4
-29534.3
-29737.5
-29899.9
-30021.6
-30102.7
-30143.3
-633.695
-1902.36
-3169.31
-4428.83
-5678.02
-6914.11
-8134.44
-9336.48
-10517.9
-11676.4
-12809.9
-13916.7
-14994.9
-16042.9
-17059.4
-18043.1
-18992.7
-19907.3
-20785.9
-21627.8
-22432.2
-23198.5
-23926.2
-24614.7
-25263.8
-25873
-26442.2
-26971
-27459.3
-27907
-28314
-28680.3
-29005.8
-29290.4
-29534.3
-29737.5
-29899.9
-30021.6
-30102.7
-30143.3
-633.695
-1902.36
-3169.31
-4428.83
-5678.02
-6914.11
-8134.43
-9336.48
-10517.9
-11676.4
-12809.9
-13916.7
-14994.9
-16042.9
-17059.4
-18043.1
-18992.7
-19907.3
-20785.9
-21627.8
-22432.2
-23198.5
-23926.1
-24614.7
-25263.8
-25873
-26442.2
-26971
-27459.3
-27907
-28314
-28680.3
-29005.8
-29290.4
-29534.3
-29737.5
-29899.9
-30021.6
-30102.7
-30143.3
-633.695
-1902.36
-3169.31
-4428.83
-5678.02
-6914.1
-8134.43
-9336.47
-10517.9
-11676.4
-12809.9
-13916.7
-14994.9
-16042.9
-17059.4
-18043
-18992.7
-19907.3
-20785.9
-21627.8
-22432.2
-23198.5
-23926.1
-24614.7
-25263.8
-25873
-26442.1
-26971
-27459.3
-27907
-28314
-28680.3
-29005.8
-29290.4
-29534.3
-29737.5
-29899.9
-30021.6
-30102.7
-30143.3
-633.694
-1902.36
-3169.31
-4428.82
-5678.01
-6914.1
-8134.43
-9336.47
-10517.8
-11676.4
-12809.9
-13916.7
-14994.9
-16042.9
-17059.4
-18043
-18992.7
-19907.3
-20785.9
-21627.8
-22432.2
-23198.5
-23926.1
-24614.7
-25263.8
-25873
-26442.1
-26971
-27459.3
-27907
-28314
-28680.3
-29005.7
-29290.4
-29534.3
-29737.5
-29899.9
-30021.6
-30102.7
-30143.2
-633.694
-1902.35
-3169.31
-4428.82
-5678.01
-6914.1
-8134.42
-9336.46
-10517.8
-11676.3
-12809.9
-13916.7
-14994.8
-16042.9
-17059.4
-18043
-18992.7
-19907.3
-20785.9
-21627.8
-22432.2
-23198.5
-23926.1
-24614.7
-25263.7
-25873
-26442.1
-26970.9
-27459.3
-27907
-28314
-28680.3
-29005.7
-29290.4
-29534.3
-29737.4
-29899.9
-30021.6
-30102.7
-30143.2
-633.694
-1902.35
-3169.31
-4428.82
-5678
-6914.09
-8134.42
-9336.45
-10517.8
-11676.3
-12809.9
-13916.7
-14994.8
-16042.9
-17059.4
-18043
-18992.7
-19907.2
-20785.9
-21627.8
-22432.2
-23198.4
-23926.1
-24614.7
-25263.7
-25873
-26442.1
-26970.9
-27459.3
-27907
-28314
-28680.3
-29005.7
-29290.4
-29534.3
-29737.4
-29899.9
-30021.6
-30102.7
-30143.2
-633.693
-1902.35
-3169.3
-4428.81
-5678
-6914.09
-8134.41
-9336.45
-10517.8
-11676.3
-12809.9
-13916.6
-14994.8
-16042.9
-17059.4
-18043
-18992.6
-19907.2
-20785.9
-21627.7
-22432.1
-23198.4
-23926.1
-24614.7
-25263.7
-25873
-26442.1
-26970.9
-27459.3
-27907
-28314
-28680.2
-29005.7
-29290.4
-29534.3
-29737.4
-29899.8
-30021.6
-30102.7
-30143.2
-633.692
-1902.35
-3169.3
-4428.81
-5677.99
-6914.08
-8134.4
-9336.44
-10517.8
-11676.3
-12809.9
-13916.6
-14994.8
-16042.9
-17059.4
-18043
-18992.6
-19907.2
-20785.9
-21627.7
-22432.1
-23198.4
-23926.1
-24614.6
-25263.7
-25872.9
-26442.1
-26970.9
-27459.2
-27907
-28314
-28680.2
-29005.7
-29290.4
-29534.3
-29737.4
-29899.8
-30021.6
-30102.7
-30143.2
-633.692
-1902.35
-3169.3
-4428.8
-5677.99
-6914.07
-8134.39
-9336.43
-10517.8
-11676.3
-12809.9
-13916.6
-14994.8
-16042.9
-17059.3
-18043
-18992.6
-19907.2
-20785.8
-21627.7
-22432.1
-23198.4
-23926.1
-24614.6
-25263.7
-25872.9
-26442.1
-26970.9
-27459.2
-27906.9
-28314
-28680.2
-29005.7
-29290.3
-29534.2
-29737.4
-29899.8
-30021.6
-30102.6
-30143.2
-633.691
-1902.35
-3169.29
-4428.8
-5677.98
-6914.07
-8134.39
-9336.42
-10517.8
-11676.3
-12809.9
-13916.6
-14994.8
-16042.8
-17059.3
-18043
-18992.6
-19907.2
-20785.8
-21627.7
-22432.1
-23198.4
-23926
-24614.6
-25263.7
-25872.9
-26442
-26970.9
-27459.2
-27906.9
-28313.9
-28680.2
-29005.7
-29290.3
-29534.2
-29737.4
-29899.8
-30021.5
-30102.6
-30143.2
-633.69
-1902.34
-3169.29
-4428.8
-5677.98
-6914.06
-8134.38
-9336.41
-10517.8
-11676.3
-12809.9
-13916.6
-14994.8
-16042.8
-17059.3
-18043
-18992.6
-19907.2
-20785.8
-21627.7
-22432.1
-23198.4
-23926
-24614.6
-25263.7
-25872.9
-26442
-26970.9
-27459.2
-27906.9
-28313.9
-28680.2
-29005.6
-29290.3
-29534.2
-29737.4
-29899.8
-30021.5
-30102.6
-30143.1
-633.69
-1902.34
-3169.29
-4428.79
-5677.97
-6914.05
-8134.37
-9336.4
-10517.8
-11676.3
-12809.8
-13916.6
-14994.8
-16042.8
-17059.3
-18042.9
-18992.6
-19907.2
-20785.8
-21627.7
-22432.1
-23198.4
-23926
-24614.6
-25263.6
-25872.9
-26442
-26970.8
-27459.2
-27906.9
-28313.9
-28680.2
-29005.6
-29290.3
-29534.2
-29737.3
-29899.8
-30021.5
-30102.6
-30143.1
-633.689
-1902.34
-3169.29
-4428.79
-5677.97
-6914.05
-8134.36
-9336.4
-10517.8
-11676.3
-12809.8
-13916.6
-14994.8
-16042.8
-17059.3
-18042.9
-18992.6
-19907.1
-20785.8
-21627.7
-22432
-23198.3
-23926
-24614.6
-25263.6
-25872.9
-26442
-26970.8
-27459.2
-27906.9
-28313.9
-28680.1
-29005.6
-29290.3
-29534.2
-29737.3
-29899.7
-30021.5
-30102.6
-30143.1
-633.688
-1902.34
-3169.28
-4428.78
-5677.96
-6914.04
-8134.36
-9336.39
-10517.8
-11676.3
-12809.8
-13916.6
-14994.7
-16042.8
-17059.3
-18042.9
-18992.5
-19907.1
-20785.8
-21627.6
-22432
-23198.3
-23926
-24614.5
-25263.6
-25872.8
-26442
-26970.8
-27459.1
-27906.9
-28313.9
-28680.1
-29005.6
-29290.3
-29534.2
-29737.3
-29899.7
-30021.5
-30102.6
-30143.1
-633.688
-1902.34
-3169.28
-4428.78
-5677.96
-6914.04
-8134.35
-9336.38
-10517.8
-11676.3
-12809.8
-13916.6
-14994.7
-16042.8
-17059.3
-18042.9
-18992.5
-19907.1
-20785.8
-21627.6
-22432
-23198.3
-23926
-24614.5
-25263.6
-25872.8
-26442
-26970.8
-27459.1
-27906.8
-28313.9
-28680.1
-29005.6
-29290.3
-29534.1
-29737.3
-29899.7
-30021.5
-30102.5
-30143.1
-633.687
-1902.33
-3169.28
-4428.78
-5677.96
-6914.03
-8134.35
-9336.38
-10517.8
-11676.2
-12809.8
-13916.5
-14994.7
-16042.8
-17059.3
-18042.9
-18992.5
-19907.1
-20785.7
-21627.6
-22432
-23198.3
-23926
-24614.5
-25263.6
-25872.8
-26442
-26970.8
-27459.1
-27906.8
-28313.8
-28680.1
-29005.6
-29290.2
-29534.1
-29737.3
-29899.7
-30021.4
-30102.5
-30143.1
-633.686
-1902.33
-3169.27
-4428.77
-5677.95
-6914.03
-8134.35
-9336.38
-10517.7
-11676.2
-12809.8
-13916.5
-14994.7
-16042.8
-17059.3
-18042.9
-18992.5
-19907.1
-20785.7
-21627.6
-22432
-23198.3
-23926
-24614.5
-25263.6
-25872.8
-26442
-26970.8
-27459.1
-27906.8
-28313.8
-28680.1
-29005.6
-29290.2
-29534.1
-29737.3
-29899.7
-30021.4
-30102.5
-30143.1
-633.682
-1902.33
-3169.27
-4428.77
-5677.95
-6914.03
-8134.34
-9336.37
-10517.7
-11676.2
-12809.8
-13916.5
-14994.7
-16042.8
-17059.3
-18042.9
-18992.5
-19907.1
-20785.7
-21627.6
-22432
-23198.3
-23926
-24614.5
-25263.6
-25872.8
-26442
-26970.8
-27459.1
-27906.8
-28313.8
-28680.1
-29005.6
-29290.2
-29534.1
-29737.3
-29899.7
-30021.4
-30102.5
-30143.1
-652.684
-1959.31
-3263.98
-4560.66
-5846.29
-7117.89
-8372.65
-9607.93
-10821.2
-12010.2
-13172.9
-14307.2
-15411.4
-16484
-17523.5
-18528.7
-19498.4
-20431.7
-21327.6
-22185.5
-23004.6
-23784.4
-24524.4
-25224.2
-25883.4
-26501.8
-27079.2
-27615.4
-28110.2
-28563.7
-28975.7
-29346.3
-29675.4
-29963.2
-30209.7
-30414.9
-30578.9
-30701.8
-30783.6
-30824.5
-652.688
-1959.31
-3263.98
-4560.67
-5846.29
-7117.89
-8372.66
-9607.93
-10821.2
-12010.2
-13172.9
-14307.2
-15411.4
-16484
-17523.5
-18528.7
-19498.4
-20431.7
-21327.6
-22185.5
-23004.6
-23784.4
-24524.4
-25224.2
-25883.4
-26501.8
-27079.2
-27615.4
-28110.2
-28563.7
-28975.7
-29346.3
-29675.4
-29963.2
-30209.7
-30414.9
-30578.9
-30701.8
-30783.6
-30824.6
-652.69
-1959.31
-3263.99
-4560.67
-5846.29
-7117.9
-8372.66
-9607.93
-10821.2
-12010.3
-13172.9
-14307.2
-15411.4
-16484
-17523.5
-18528.7
-19498.4
-20431.7
-21327.6
-22185.5
-23004.6
-23784.4
-24524.4
-25224.2
-25883.4
-26501.8
-27079.2
-27615.4
-28110.2
-28563.7
-28975.7
-29346.3
-29675.4
-29963.2
-30209.7
-30414.9
-30578.9
-30701.8
-30783.6
-30824.6
-652.691
-1959.32
-3263.99
-4560.67
-5846.3
-7117.9
-8372.67
-9607.94
-10821.2
-12010.3
-13172.9
-14307.2
-15411.5
-16484
-17523.5
-18528.7
-19498.4
-20431.7
-21327.6
-22185.5
-23004.6
-23784.4
-24524.4
-25224.2
-25883.4
-26501.9
-27079.2
-27615.4
-28110.3
-28563.7
-28975.7
-29346.3
-29675.5
-29963.2
-30209.7
-30414.9
-30578.9
-30701.8
-30783.7
-30824.6
-652.692
-1959.32
-3263.99
-4560.68
-5846.3
-7117.91
-8372.67
-9607.95
-10821.2
-12010.3
-13172.9
-14307.2
-15411.5
-16484
-17523.6
-18528.7
-19498.5
-20431.7
-21327.7
-22185.5
-23004.6
-23784.4
-24524.4
-25224.2
-25883.4
-26501.9
-27079.3
-27615.4
-28110.3
-28563.7
-28975.7
-29346.3
-29675.5
-29963.2
-30209.7
-30414.9
-30578.9
-30701.8
-30783.7
-30824.6
-652.692
-1959.32
-3264
-4560.68
-5846.31
-7117.92
-8372.68
-9607.96
-10821.3
-12010.3
-13172.9
-14307.2
-15411.5
-16484.1
-17523.6
-18528.8
-19498.5
-20431.7
-21327.7
-22185.5
-23004.6
-23784.4
-24524.4
-25224.2
-25883.5
-26501.9
-27079.3
-27615.5
-28110.3
-28563.8
-28975.8
-29346.3
-29675.5
-29963.3
-30209.7
-30414.9
-30579
-30701.9
-30783.7
-30824.6
-652.693
-1959.32
-3264
-4560.69
-5846.32
-7117.92
-8372.69
-9607.97
-10821.3
-12010.3
-13172.9
-14307.3
-15411.5
-16484.1
-17523.6
-18528.8
-19498.5
-20431.8
-21327.7
-22185.5
-23004.7
-23784.5
-24524.5
-25224.2
-25883.5
-26501.9
-27079.3
-27615.5
-28110.3
-28563.8
-28975.8
-29346.4
-29675.5
-29963.3
-30209.8
-30415
-30579
-30701.9
-30783.7
-30824.6
-652.694
-1959.33
-3264
-4560.7
-5846.33
-7117.93
-8372.7
-9607.98
-10821.3
-12010.3
-13173
-14307.3
-15411.5
-16484.1
-17523.6
-18528.8
-19498.5
-20431.8
-21327.7
-22185.6
-23004.7
-23784.5
-24524.5
-25224.3
-25883.5
-26501.9
-27079.3
-27615.5
-28110.4
-28563.8
-28975.8
-29346.4
-29675.5
-29963.3
-30209.8
-30415
-30579
-30701.9
-30783.8
-30824.7
-652.695
-1959.33
-3264.01
-4560.7
-5846.33
-7117.94
-8372.72
-9608
-10821.3
-12010.3
-13173
-14307.3
-15411.5
-16484.1
-17523.6
-18528.8
-19498.5
-20431.8
-21327.7
-22185.6
-23004.7
-23784.5
-24524.5
-25224.3
-25883.5
-26502
-27079.4
-27615.5
-28110.4
-28563.8
-28975.9
-29346.4
-29675.6
-29963.4
-30209.8
-30415
-30579
-30701.9
-30783.8
-30824.7
-652.696
-1959.33
-3264.01
-4560.71
-5846.34
-7117.95
-8372.73
-9608.01
-10821.3
-12010.3
-13173
-14307.3
-15411.6
-16484.1
-17523.7
-18528.8
-19498.6
-20431.8
-21327.8
-22185.6
-23004.7
-23784.5
-24524.5
-25224.3
-25883.6
-26502
-27079.4
-27615.6
-28110.4
-28563.9
-28975.9
-29346.5
-29675.6
-29963.4
-30209.8
-30415
-30579.1
-30702
-30783.8
-30824.7
-652.697
-1959.34
-3264.02
-4560.72
-5846.35
-7117.96
-8372.74
-9608.02
-10821.3
-12010.4
-13173
-14307.3
-15411.6
-16484.2
-17523.7
-18528.9
-19498.6
-20431.9
-21327.8
-22185.7
-23004.8
-23784.6
-24524.6
-25224.4
-25883.6
-26502
-27079.4
-27615.6
-28110.5
-28563.9
-28975.9
-29346.5
-29675.6
-29963.4
-30209.9
-30415.1
-30579.1
-30702
-30783.9
-30824.8
-652.698
-1959.34
-3264.02
-4560.72
-5846.36
-7117.97
-8372.75
-9608.04
-10821.3
-12010.4
-13173
-14307.3
-15411.6
-16484.2
-17523.7
-18528.9
-19498.6
-20431.9
-21327.8
-22185.7
-23004.8
-23784.6
-24524.6
-25224.4
-25883.6
-26502.1
-27079.4
-27615.6
-28110.5
-28563.9
-28976
-29346.5
-29675.7
-29963.4
-30209.9
-30415.1
-30579.1
-30702
-30783.9
-30824.8
-652.699
-1959.34
-3264.03
-4560.73
-5846.37
-7117.98
-8372.76
-9608.05
-10821.4
-12010.4
-13173
-14307.4
-15411.6
-16484.2
-17523.7
-18528.9
-19498.6
-20431.9
-21327.8
-22185.7
-23004.8
-23784.6
-24524.6
-25224.4
-25883.7
-26502.1
-27079.5
-27615.7
-28110.5
-28564
-28976
-29346.6
-29675.7
-29963.5
-30209.9
-30415.1
-30579.2
-30702.1
-30783.9
-30824.8
-652.7
-1959.34
-3264.03
-4560.73
-5846.37
-7117.99
-8372.77
-9608.06
-10821.4
-12010.4
-13173.1
-14307.4
-15411.6
-16484.2
-17523.8
-18528.9
-19498.7
-20431.9
-21327.9
-22185.7
-23004.8
-23784.6
-24524.6
-25224.4
-25883.7
-26502.1
-27079.5
-27615.7
-28110.5
-28564
-28976
-29346.6
-29675.7
-29963.5
-30210
-30415.2
-30579.2
-30702.1
-30784
-30824.9
-652.701
-1959.35
-3264.04
-4560.74
-5846.38
-7118
-8372.78
-9608.07
-10821.4
-12010.4
-13173.1
-14307.4
-15411.7
-16484.2
-17523.8
-18529
-19498.7
-20431.9
-21327.9
-22185.8
-23004.9
-23784.7
-24524.7
-25224.5
-25883.7
-26502.1
-27079.5
-27615.7
-28110.6
-28564
-28976
-29346.6
-29675.8
-29963.5
-30210
-30415.2
-30579.2
-30702.1
-30784
-30824.9
-652.701
-1959.35
-3264.04
-4560.74
-5846.39
-7118.01
-8372.79
-9608.08
-10821.4
-12010.4
-13173.1
-14307.4
-15411.7
-16484.3
-17523.8
-18529
-19498.7
-20432
-21327.9
-22185.8
-23004.9
-23784.7
-24524.7
-25224.5
-25883.7
-26502.2
-27079.6
-27615.7
-28110.6
-28564
-28976.1
-29346.6
-29675.8
-29963.6
-30210
-30415.2
-30579.3
-30702.2
-30784
-30824.9
-652.702
-1959.35
-3264.04
-4560.75
-5846.39
-7118.01
-8372.8
-9608.09
-10821.4
-12010.4
-13173.1
-14307.4
-15411.7
-16484.3
-17523.8
-18529
-19498.7
-20432
-21327.9
-22185.8
-23004.9
-23784.7
-24524.7
-25224.5
-25883.8
-26502.2
-27079.6
-27615.8
-28110.6
-28564.1
-28976.1
-29346.7
-29675.8
-29963.6
-30210
-30415.2
-30579.3
-30702.2
-30784
-30824.9
-652.702
-1959.35
-3264.04
-4560.75
-5846.4
-7118.02
-8372.81
-9608.1
-10821.4
-12010.5
-13173.1
-14307.4
-15411.7
-16484.3
-17523.8
-18529
-19498.7
-20432
-21327.9
-22185.8
-23004.9
-23784.7
-24524.7
-25224.5
-25883.8
-26502.2
-27079.6
-27615.8
-28110.6
-28564.1
-28976.1
-29346.7
-29675.8
-29963.6
-30210.1
-30415.3
-30579.3
-30702.2
-30784.1
-30825
-652.703
-1959.35
-3264.05
-4560.76
-5846.4
-7118.02
-8372.81
-9608.1
-10821.4
-12010.5
-13173.1
-14307.4
-15411.7
-16484.3
-17523.8
-18529
-19498.7
-20432
-21328
-22185.8
-23004.9
-23784.7
-24524.7
-25224.5
-25883.8
-26502.2
-27079.6
-27615.8
-28110.6
-28564.1
-28976.1
-29346.7
-29675.8
-29963.6
-30210.1
-30415.3
-30579.3
-30702.2
-30784.1
-30825
-652.703
-1959.35
-3264.05
-4560.76
-5846.4
-7118.03
-8372.81
-9608.11
-10821.4
-12010.5
-13173.1
-14307.5
-15411.7
-16484.3
-17523.8
-18529
-19498.7
-20432
-21328
-22185.8
-23004.9
-23784.8
-24524.8
-25224.6
-25883.8
-26502.2
-27079.6
-27615.8
-28110.7
-28564.1
-28976.1
-29346.7
-29675.9
-29963.6
-30210.1
-30415.3
-30579.3
-30702.2
-30784.1
-30825
-652.703
-1959.35
-3264.05
-4560.76
-5846.4
-7118.03
-8372.82
-9608.11
-10821.4
-12010.5
-13173.1
-14307.5
-15411.7
-16484.3
-17523.8
-18529
-19498.8
-20432
-21328
-22185.8
-23005
-23784.8
-24524.8
-25224.6
-25883.8
-26502.2
-27079.6
-27615.8
-28110.7
-28564.1
-28976.1
-29346.7
-29675.9
-29963.6
-30210.1
-30415.3
-30579.3
-30702.2
-30784.1
-30825
-652.703
-1959.35
-3264.05
-4560.76
-5846.4
-7118.03
-8372.82
-9608.11
-10821.4
-12010.5
-13173.1
-14307.5
-15411.7
-16484.3
-17523.8
-18529
-19498.8
-20432
-21328
-22185.8
-23005
-23784.8
-24524.8
-25224.6
-25883.8
-26502.2
-27079.6
-27615.8
-28110.7
-28564.1
-28976.1
-29346.7
-29675.9
-29963.6
-30210.1
-30415.3
-30579.3
-30702.2
-30784.1
-30825
-652.703
-1959.35
-3264.05
-4560.76
-5846.4
-7118.03
-8372.82
-9608.11
-10821.4
-12010.5
-13173.1
-14307.5
-15411.7
-16484.3
-17523.8
-18529
-19498.8
-20432
-21328
-22185.8
-23005
-23784.8
-24524.8
-25224.6
-25883.8
-26502.2
-27079.6
-27615.8
-28110.7
-28564.1
-28976.1
-29346.7
-29675.9
-29963.6
-30210.1
-30415.3
-30579.3
-30702.2
-30784.1
-30825
-652.703
-1959.35
-3264.05
-4560.76
-5846.4
-7118.03
-8372.81
-9608.11
-10821.4
-12010.5
-13173.1
-14307.5
-15411.7
-16484.3
-17523.8
-18529
-19498.7
-20432
-21328
-22185.8
-23005
-23784.8
-24524.8
-25224.6
-25883.8
-26502.2
-27079.6
-27615.8
-28110.7
-28564.1
-28976.1
-29346.7
-29675.9
-29963.6
-30210.1
-30415.3
-30579.3
-30702.2
-30784.1
-30825
-652.703
-1959.35
-3264.05
-4560.75
-5846.4
-7118.02
-8372.81
-9608.1
-10821.4
-12010.5
-13173.1
-14307.4
-15411.7
-16484.3
-17523.8
-18529
-19498.7
-20432
-21328
-22185.8
-23004.9
-23784.7
-24524.7
-25224.5
-25883.8
-26502.2
-27079.6
-27615.8
-28110.7
-28564.1
-28976.1
-29346.7
-29675.9
-29963.6
-30210.1
-30415.3
-30579.3
-30702.2
-30784.1
-30825
-652.702
-1959.35
-3264.04
-4560.75
-5846.4
-7118.02
-8372.81
-9608.1
-10821.4
-12010.5
-13173.1
-14307.4
-15411.7
-16484.3
-17523.8
-18529
-19498.7
-20432
-21328
-22185.8
-23004.9
-23784.7
-24524.7
-25224.5
-25883.8
-26502.2
-27079.6
-27615.8
-28110.6
-28564.1
-28976.1
-29346.7
-29675.8
-29963.6
-30210.1
-30415.3
-30579.3
-30702.2
-30784.1
-30825
-652.702
-1959.35
-3264.04
-4560.75
-5846.39
-7118.01
-8372.8
-9608.09
-10821.4
-12010.4
-13173.1
-14307.4
-15411.7
-16484.3
-17523.8
-18529
-19498.7
-20432
-21327.9
-22185.8
-23004.9
-23784.7
-24524.7
-25224.5
-25883.8
-26502.2
-27079.6
-27615.8
-28110.6
-28564.1
-28976.1
-29346.7
-29675.8
-29963.6
-30210.1
-30415.3
-30579.3
-30702.2
-30784.1
-30825
-652.701
-1959.35
-3264.04
-4560.74
-5846.39
-7118.01
-8372.79
-9608.08
-10821.4
-12010.4
-13173.1
-14307.4
-15411.7
-16484.3
-17523.8
-18529
-19498.7
-20432
-21327.9
-22185.8
-23004.9
-23784.7
-24524.7
-25224.5
-25883.8
-26502.2
-27079.6
-27615.8
-28110.6
-28564.1
-28976.1
-29346.7
-29675.8
-29963.6
-30210.1
-30415.3
-30579.3
-30702.2
-30784
-30825
-652.701
-1959.35
-3264.04
-4560.74
-5846.38
-7118
-8372.78
-9608.07
-10821.4
-12010.4
-13173.1
-14307.4
-15411.7
-16484.3
-17523.8
-18529
-19498.7
-20432
-21327.9
-22185.8
-23004.9
-23784.7
-24524.7
-25224.5
-25883.7
-26502.2
-27079.6
-27615.7
-28110.6
-28564.1
-28976.1
-29346.6
-29675.8
-29963.6
-30210
-30415.2
-30579.3
-30702.2
-30784
-30824.9
-652.7
-1959.34
-3264.03
-4560.73
-5846.37
-7117.99
-8372.78
-9608.06
-10821.4
-12010.4
-13173.1
-14307.4
-15411.6
-16484.2
-17523.8
-18528.9
-19498.7
-20431.9
-21327.9
-22185.8
-23004.9
-23784.7
-24524.7
-25224.5
-25883.7
-26502.2
-27079.5
-27615.7
-28110.6
-28564
-28976.1
-29346.6
-29675.8
-29963.6
-30210
-30415.2
-30579.2
-30702.2
-30784
-30824.9
-652.699
-1959.34
-3264.03
-4560.73
-5846.37
-7117.99
-8372.77
-9608.05
-10821.4
-12010.4
-13173.1
-14307.4
-15411.6
-16484.2
-17523.7
-18528.9
-19498.7
-20431.9
-21327.9
-22185.7
-23004.9
-23784.7
-24524.7
-25224.5
-25883.7
-26502.1
-27079.5
-27615.7
-28110.6
-28564
-28976
-29346.6
-29675.8
-29963.5
-30210
-30415.2
-30579.2
-30702.1
-30784
-30824.9
-652.698
-1959.34
-3264.03
-4560.72
-5846.36
-7117.98
-8372.76
-9608.04
-10821.4
-12010.4
-13173
-14307.4
-15411.6
-16484.2
-17523.7
-18528.9
-19498.6
-20431.9
-21327.9
-22185.7
-23004.8
-23784.6
-24524.6
-25224.4
-25883.7
-26502.1
-27079.5
-27615.7
-28110.5
-28564
-28976
-29346.6
-29675.7
-29963.5
-30210
-30415.2
-30579.2
-30702.1
-30784
-30824.9
-652.697
-1959.34
-3264.02
-4560.72
-5846.35
-7117.97
-8372.75
-9608.03
-10821.3
-12010.4
-13173
-14307.3
-15411.6
-16484.2
-17523.7
-18528.9
-19498.6
-20431.9
-21327.8
-22185.7
-23004.8
-23784.6
-24524.6
-25224.4
-25883.7
-26502.1
-27079.5
-27615.7
-28110.5
-28564
-28976
-29346.6
-29675.7
-29963.5
-30210
-30415.2
-30579.2
-30702.1
-30783.9
-30824.8
-652.697
-1959.33
-3264.02
-4560.71
-5846.35
-7117.96
-8372.74
-9608.02
-10821.3
-12010.4
-13173
-14307.3
-15411.6
-16484.2
-17523.7
-18528.9
-19498.6
-20431.9
-21327.8
-22185.7
-23004.8
-23784.6
-24524.6
-25224.4
-25883.6
-26502.1
-27079.5
-27615.6
-28110.5
-28564
-28976
-29346.5
-29675.7
-29963.5
-30209.9
-30415.1
-30579.2
-30702.1
-30783.9
-30824.8
-652.696
-1959.33
-3264.01
-4560.71
-5846.34
-7117.96
-8372.73
-9608.01
-10821.3
-12010.4
-13173
-14307.3
-15411.6
-16484.2
-17523.7
-18528.9
-19498.6
-20431.9
-21327.8
-22185.7
-23004.8
-23784.6
-24524.6
-25224.4
-25883.6
-26502.1
-27079.4
-27615.6
-28110.5
-28563.9
-28976
-29346.5
-29675.7
-29963.5
-30209.9
-30415.1
-30579.1
-30702.1
-30783.9
-30824.8
-652.695
-1959.33
-3264.01
-4560.7
-5846.34
-7117.95
-8372.72
-9608
-10821.3
-12010.3
-13173
-14307.3
-15411.6
-16484.2
-17523.7
-18528.9
-19498.6
-20431.8
-21327.8
-22185.6
-23004.8
-23784.6
-24524.6
-25224.4
-25883.6
-26502
-27079.4
-27615.6
-28110.5
-28563.9
-28975.9
-29346.5
-29675.7
-29963.4
-30209.9
-30415.1
-30579.1
-30702
-30783.9
-30824.8
-652.695
-1959.33
-3264.01
-4560.7
-5846.33
-7117.94
-8372.72
-9608
-10821.3
-12010.3
-13173
-14307.3
-15411.5
-16484.1
-17523.7
-18528.8
-19498.6
-20431.8
-21327.8
-22185.6
-23004.7
-23784.5
-24524.6
-25224.3
-25883.6
-26502
-27079.4
-27615.6
-28110.4
-28563.9
-28975.9
-29346.5
-29675.6
-29963.4
-30209.9
-30415.1
-30579.1
-30702
-30783.9
-30824.8
-652.694
-1959.33
-3264
-4560.7
-5846.33
-7117.94
-8372.71
-9607.99
-10821.3
-12010.3
-13173
-14307.3
-15411.5
-16484.1
-17523.7
-18528.8
-19498.6
-20431.8
-21327.8
-22185.6
-23004.7
-23784.5
-24524.5
-25224.3
-25883.6
-26502
-27079.4
-27615.6
-28110.4
-28563.9
-28975.9
-29346.5
-29675.6
-29963.4
-30209.9
-30415.1
-30579.1
-30702
-30783.9
-30824.8
-652.692
-1959.32
-3264
-4560.69
-5846.33
-7117.94
-8372.71
-9607.99
-10821.3
-12010.3
-13173
-14307.3
-15411.5
-16484.1
-17523.6
-18528.8
-19498.5
-20431.8
-21327.8
-22185.6
-23004.7
-23784.5
-24524.5
-25224.3
-25883.6
-26502
-27079.4
-27615.6
-28110.4
-28563.9
-28975.9
-29346.5
-29675.6
-29963.4
-30209.9
-30415.1
-30579.1
-30702
-30783.8
-30824.8
-652.688
-1959.32
-3264
-4560.69
-5846.32
-7117.93
-8372.71
-9607.99
-10821.3
-12010.3
-13173
-14307.3
-15411.5
-16484.1
-17523.6
-18528.8
-19498.5
-20431.8
-21327.8
-22185.6
-23004.7
-23784.5
-24524.5
-25224.3
-25883.6
-26502
-27079.4
-27615.6
-28110.4
-28563.9
-28975.9
-29346.5
-29675.6
-29963.4
-30209.9
-30415.1
-30579.1
-30702
-30783.8
-30824.8
-673.301
-2021.12
-3366.69
-4703.64
-6028.68
-7338.63
-8630.5
-9901.51
-11149
-12370.7
-13564.4
-14728
-15859.9
-16958.4
-18022.2
-19050.1
-20040.9
-20993.7
-21907.7
-22782.2
-23616.6
-24410.4
-25163.1
-25874.5
-26544.2
-27172
-27757.8
-28301.5
-28802.9
-29262.2
-29679.2
-30054.1
-30386.9
-30677.7
-30926.6
-31133.8
-31299.4
-31423.4
-31506
-31547.2
-673.306
-2021.12
-3366.69
-4703.65
-6028.68
-7338.63
-8630.51
-9901.51
-11149
-12370.7
-13564.4
-14728
-15859.9
-16958.4
-18022.2
-19050.1
-20040.9
-20993.7
-21907.7
-22782.2
-23616.6
-24410.4
-25163.1
-25874.5
-26544.2
-27172
-27757.8
-28301.5
-28803
-29262.2
-29679.2
-30054.1
-30386.9
-30677.7
-30926.6
-31133.8
-31299.4
-31423.4
-31506
-31547.2
-673.307
-2021.13
-3366.7
-4703.65
-6028.68
-7338.63
-8630.51
-9901.52
-11149
-12370.7
-13564.4
-14728
-15859.9
-16958.4
-18022.3
-19050.1
-20040.9
-20993.7
-21907.7
-22782.2
-23616.6
-24410.4
-25163.2
-25874.5
-26544.2
-27172.1
-27757.9
-28301.5
-28803
-29262.2
-29679.2
-30054.1
-30386.9
-30677.7
-30926.6
-31133.8
-31299.4
-31423.4
-31506
-31547.3
-673.308
-2021.13
-3366.7
-4703.65
-6028.69
-7338.64
-8630.52
-9901.52
-11149.1
-12370.7
-13564.4
-14728
-15859.9
-16958.5
-18022.3
-19050.1
-20040.9
-20993.7
-21907.7
-22782.2
-23616.6
-24410.4
-25163.2
-25874.5
-26544.2
-27172.1
-27757.9
-28301.5
-28803
-29262.2
-29679.2
-30054.1
-30386.9
-30677.7
-30926.7
-31133.9
-31299.4
-31423.4
-31506
-31547.3
-673.309
-2021.13
-3366.71
-4703.66
-6028.69
-7338.65
-8630.53
-9901.53
-11149.1
-12370.7
-13564.4
-14728
-15859.9
-16958.5
-18022.3
-19050.1
-20040.9
-20993.7
-21907.8
-22782.3
-23616.7
-24410.4
-25163.2
-25874.6
-26544.3
-27172.1
-27757.9
-28301.6
-28803
-29262.2
-29679.3
-30054.1
-30386.9
-30677.7
-30926.7
-31133.9
-31299.4
-31423.5
-31506
-31547.3
-673.31
-2021.14
-3366.71
-4703.67
-6028.7
-7338.66
-8630.54
-9901.55
-11149.1
-12370.8
-13564.4
-14728.1
-15859.9
-16958.5
-18022.3
-19050.2
-20041
-20993.8
-21907.8
-22782.3
-23616.7
-24410.5
-25163.2
-25874.6
-26544.3
-27172.1
-27757.9
-28301.6
-28803
-29262.3
-29679.3
-30054.2
-30386.9
-30677.8
-30926.7
-31133.9
-31299.5
-31423.5
-31506.1
-31547.3
-673.311
-2021.14
-3366.71
-4703.67
-6028.71
-7338.67
-8630.55
-9901.56
-11149.1
-12370.8
-13564.4
-14728.1
-15860
-16958.5
-18022.3
-19050.2
-20041
-20993.8
-21907.8
-22782.3
-23616.7
-24410.5
-25163.2
-25874.6
-26544.3
-27172.2
-27757.9
-28301.6
-28803.1
-29262.3
-29679.3
-30054.2
-30387
-30677.8
-30926.7
-31133.9
-31299.5
-31423.5
-31506.1
-31547.4
-673.313
-2021.14
-3366.72
-4703.68
-6028.72
-7338.68
-8630.56
-9901.57
-11149.1
-12370.8
-13564.4
-14728.1
-15860
-16958.5
-18022.4
-19050.2
-20041
-20993.8
-21907.8
-22782.3
-23616.7
-24410.5
-25163.3
-25874.6
-26544.3
-27172.2
-27758
-28301.6
-28803.1
-29262.3
-29679.3
-30054.2
-30387
-30677.8
-30926.8
-31134
-31299.5
-31423.5
-31506.1
-31547.4
-673.314
-2021.15
-3366.73
-4703.69
-6028.73
-7338.69
-8630.58
-9901.59
-11149.1
-12370.8
-13564.5
-14728.1
-15860
-16958.6
-18022.4
-19050.2
-20041
-20993.8
-21907.9
-22782.4
-23616.8
-24410.5
-25163.3
-25874.7
-26544.4
-27172.2
-27758
-28301.7
-28803.1
-29262.4
-29679.4
-30054.2
-30387
-30677.9
-30926.8
-31134
-31299.6
-31423.6
-31506.2
-31547.4
-673.315
-2021.15
-3366.73
-4703.7
-6028.74
-7338.7
-8630.59
-9901.61
-11149.1
-12370.8
-13564.5
-14728.1
-15860
-16958.6
-18022.4
-19050.3
-20041.1
-20993.9
-21907.9
-22782.4
-23616.8
-24410.6
-25163.3
-25874.7
-26544.4
-27172.2
-27758
-28301.7
-28803.2
-29262.4
-29679.4
-30054.3
-30387.1
-30677.9
-30926.8
-31134
-31299.6
-31423.6
-31506.2
-31547.5
-673.316
-2021.15
-3366.74
-4703.7
-6028.75
-7338.71
-8630.6
-9901.62
-11149.2
-12370.9
-13564.5
-14728.2
-15860.1
-16958.6
-18022.4
-19050.3
-20041.1
-20993.9
-21907.9
-22782.4
-23616.8
-24410.6
-25163.4
-25874.7
-26544.4
-27172.3
-27758.1
-28301.7
-28803.2
-29262.4
-29679.4
-30054.3
-30387.1
-30677.9
-30926.9
-31134.1
-31299.6
-31423.7
-31506.2
-31547.5
-673.317
-2021.16
-3366.74
-4703.71
-6028.76
-7338.73
-8630.62
-9901.64
-11149.2
-12370.9
-13564.5
-14728.2
-15860.1
-16958.6
-18022.5
-19050.3
-20041.1
-20993.9
-21907.9
-22782.5
-23616.9
-24410.6
-25163.4
-25874.8
-26544.5
-27172.3
-27758.1
-28301.8
-28803.2
-29262.5
-29679.5
-30054.4
-30387.1
-30678
-30926.9
-31134.1
-31299.7
-31423.7
-31506.3
-31547.5
-673.318
-2021.16
-3366.75
-4703.72
-6028.77
-7338.74
-8630.63
-9901.65
-11149.2
-12370.9
-13564.5
-14728.2
-15860.1
-16958.7
-18022.5
-19050.3
-20041.1
-20994
-21908
-22782.5
-23616.9
-24410.7
-25163.4
-25874.8
-26544.5
-27172.4
-27758.2
-28301.8
-28803.3
-29262.5
-29679.5
-30054.4
-30387.2
-30678
-30927
-31134.1
-31299.7
-31423.7
-31506.3
-31547.6
-673.319
-2021.16
-3366.75
-4703.73
-6028.78
-7338.75
-8630.64
-9901.67
-11149.2
-12370.9
-13564.6
-14728.2
-15860.1
-16958.7
-18022.5
-19050.4
-20041.2
-20994
-21908
-22782.5
-23616.9
-24410.7
-25163.5
-25874.8
-26544.5
-27172.4
-27758.2
-28301.8
-28803.3
-29262.5
-29679.5
-30054.4
-30387.2
-30678
-30927
-31134.2
-31299.7
-31423.8
-31506.3
-31547.6
-673.32
-2021.16
-3366.76
-4703.73
-6028.79
-7338.76
-8630.66
-9901.68
-11149.2
-12370.9
-13564.6
-14728.2
-15860.1
-16958.7
-18022.5
-19050.4
-20041.2
-20994
-21908
-22782.5
-23616.9
-24410.7
-25163.5
-25874.9
-26544.6
-27172.4
-27758.2
-28301.9
-28803.3
-29262.6
-29679.6
-30054.5
-30387.2
-30678.1
-30927
-31134.2
-31299.8
-31423.8
-31506.4
-31547.6
-673.321
-2021.17
-3366.76
-4703.74
-6028.79
-7338.77
-8630.67
-9901.69
-11149.2
-12370.9
-13564.6
-14728.3
-15860.2
-16958.7
-18022.5
-19050.4
-20041.2
-20994
-21908.1
-22782.6
-23617
-24410.8
-25163.5
-25874.9
-26544.6
-27172.4
-27758.2
-28301.9
-28803.4
-29262.6
-29679.6
-30054.5
-30387.3
-30678.1
-30927
-31134.2
-31299.8
-31423.8
-31506.4
-31547.7
-673.321
-2021.17
-3366.76
-4703.74
-6028.8
-7338.77
-8630.67
-9901.7
-11149.3
-12370.9
-13564.6
-14728.3
-15860.2
-16958.7
-18022.6
-19050.4
-20041.2
-20994.1
-21908.1
-22782.6
-23617
-24410.8
-25163.5
-25874.9
-26544.6
-27172.5
-27758.3
-28301.9
-28803.4
-29262.6
-29679.6
-30054.5
-30387.3
-30678.1
-30927.1
-31134.3
-31299.8
-31423.8
-31506.4
-31547.7
-673.322
-2021.17
-3366.77
-4703.75
-6028.8
-7338.78
-8630.68
-9901.71
-11149.3
-12371
-13564.6
-14728.3
-15860.2
-16958.8
-18022.6
-19050.4
-20041.2
-20994.1
-21908.1
-22782.6
-23617
-24410.8
-25163.6
-25874.9
-26544.6
-27172.5
-27758.3
-28301.9
-28803.4
-29262.6
-29679.7
-30054.5
-30387.3
-30678.1
-30927.1
-31134.3
-31299.8
-31423.9
-31506.4
-31547.7
-673.322
-2021.17
-3366.77
-4703.75
-6028.81
-7338.78
-8630.69
-9901.71
-11149.3
-12371
-13564.6
-14728.3
-15860.2
-16958.8
-18022.6
-19050.4
-20041.3
-20994.1
-21908.1
-22782.6
-23617
-24410.8
-25163.6
-25874.9
-26544.7
-27172.5
-27758.3
-28302
-28803.4
-29262.6
-29679.7
-30054.5
-30387.3
-30678.2
-30927.1
-31134.3
-31299.9
-31423.9
-31506.5
-31547.7
-673.323
-2021.17
-3366.77
-4703.75
-6028.81
-7338.79
-8630.69
-9901.72
-11149.3
-12371
-13564.6
-14728.3
-15860.2
-16958.8
-18022.6
-19050.5
-20041.3
-20994.1
-21908.1
-22782.6
-23617
-24410.8
-25163.6
-25875
-26544.7
-27172.5
-27758.3
-28302
-28803.4
-29262.7
-29679.7
-30054.6
-30387.3
-30678.2
-30927.1
-31134.3
-31299.9
-31423.9
-31506.5
-31547.7
-673.323
-2021.17
-3366.77
-4703.75
-6028.81
-7338.79
-8630.69
-9901.72
-11149.3
-12371
-13564.6
-14728.3
-15860.2
-16958.8
-18022.6
-19050.5
-20041.3
-20994.1
-21908.1
-22782.6
-23617
-24410.8
-25163.6
-25875
-26544.7
-27172.5
-27758.3
-28302
-28803.4
-29262.7
-29679.7
-30054.6
-30387.4
-30678.2
-30927.1
-31134.3
-31299.9
-31423.9
-31506.5
-31547.7
-673.323
-2021.17
-3366.77
-4703.75
-6028.81
-7338.79
-8630.69
-9901.72
-11149.3
-12371
-13564.6
-14728.3
-15860.2
-16958.8
-18022.6
-19050.5
-20041.3
-20994.1
-21908.1
-22782.6
-23617
-24410.8
-25163.6
-25875
-26544.7
-27172.5
-27758.3
-28302
-28803.4
-29262.7
-29679.7
-30054.6
-30387.4
-30678.2
-30927.1
-31134.3
-31299.9
-31423.9
-31506.5
-31547.7
-673.323
-2021.17
-3366.77
-4703.75
-6028.81
-7338.79
-8630.69
-9901.72
-11149.3
-12371
-13564.6
-14728.3
-15860.2
-16958.8
-18022.6
-19050.5
-20041.3
-20994.1
-21908.1
-22782.6
-23617
-24410.8
-25163.6
-25875
-26544.7
-27172.5
-27758.3
-28302
-28803.4
-29262.7
-29679.7
-30054.6
-30387.4
-30678.2
-30927.1
-31134.3
-31299.9
-31423.9
-31506.5
-31547.7
-673.322
-2021.17
-3366.77
-4703.75
-6028.81
-7338.79
-8630.69
-9901.72
-11149.3
-12371
-13564.6
-14728.3
-15860.2
-16958.8
-18022.6
-19050.5
-20041.3
-20994.1
-21908.1
-22782.6
-23617
-24410.8
-25163.6
-25875
-26544.7
-27172.5
-27758.3
-28302
-28803.4
-29262.7
-29679.7
-30054.6
-30387.4
-30678.2
-30927.1
-31134.3
-31299.9
-31423.9
-31506.5
-31547.7
-673.322
-2021.17
-3366.77
-4703.75
-6028.81
-7338.78
-8630.68
-9901.71
-11149.3
-12371
-13564.6
-14728.3
-15860.2
-16958.8
-18022.6
-19050.4
-20041.3
-20994.1
-21908.1
-22782.6
-23617
-24410.8
-25163.6
-25874.9
-26544.7
-27172.5
-27758.3
-28302
-28803.4
-29262.6
-29679.7
-30054.5
-30387.3
-30678.2
-30927.1
-31134.3
-31299.9
-31423.9
-31506.5
-31547.7
-673.322
-2021.17
-3366.77
-4703.74
-6028.8
-7338.78
-8630.68
-9901.7
-11149.3
-12371
-13564.6
-14728.3
-15860.2
-16958.7
-18022.6
-19050.4
-20041.2
-20994.1
-21908.1
-22782.6
-23617
-24410.8
-25163.6
-25874.9
-26544.6
-27172.5
-27758.3
-28301.9
-28803.4
-29262.6
-29679.7
-30054.5
-30387.3
-30678.2
-30927.1
-31134.3
-31299.9
-31423.9
-31506.4
-31547.7
-673.321
-2021.17
-3366.76
-4703.74
-6028.8
-7338.77
-8630.67
-9901.7
-11149.2
-12370.9
-13564.6
-14728.3
-15860.2
-16958.7
-18022.6
-19050.4
-20041.2
-20994.1
-21908.1
-22782.6
-23617
-24410.8
-25163.5
-25874.9
-26544.6
-27172.5
-27758.3
-28301.9
-28803.4
-29262.6
-29679.6
-30054.5
-30387.3
-30678.1
-30927.1
-31134.3
-31299.8
-31423.9
-31506.4
-31547.7
-673.32
-2021.16
-3366.76
-4703.73
-6028.79
-7338.76
-8630.66
-9901.69
-11149.2
-12370.9
-13564.6
-14728.3
-15860.2
-16958.7
-18022.5
-19050.4
-20041.2
-20994
-21908.1
-22782.6
-23617
-24410.8
-25163.5
-25874.9
-26544.6
-27172.4
-27758.3
-28301.9
-28803.4
-29262.6
-29679.6
-30054.5
-30387.3
-30678.1
-30927.1
-31134.3
-31299.8
-31423.8
-31506.4
-31547.7
-673.32
-2021.16
-3366.75
-4703.73
-6028.78
-7338.75
-8630.65
-9901.67
-11149.2
-12370.9
-13564.6
-14728.2
-15860.1
-16958.7
-18022.5
-19050.4
-20041.2
-20994
-21908
-22782.5
-23617
-24410.7
-25163.5
-25874.9
-26544.6
-27172.4
-27758.2
-28301.9
-28803.3
-29262.6
-29679.6
-30054.5
-30387.3
-30678.1
-30927
-31134.2
-31299.8
-31423.8
-31506.4
-31547.7
-673.319
-2021.16
-3366.75
-4703.72
-6028.78
-7338.75
-8630.64
-9901.66
-11149.2
-12370.9
-13564.6
-14728.2
-15860.1
-16958.7
-18022.5
-19050.4
-20041.2
-20994
-21908
-22782.5
-23616.9
-24410.7
-25163.5
-25874.9
-26544.6
-27172.4
-27758.2
-28301.9
-28803.3
-29262.6
-29679.6
-30054.5
-30387.3
-30678.1
-30927
-31134.2
-31299.8
-31423.8
-31506.4
-31547.6
-673.318
-2021.16
-3366.75
-4703.72
-6028.77
-7338.74
-8630.63
-9901.65
-11149.2
-12370.9
-13564.5
-14728.2
-15860.1
-16958.7
-18022.5
-19050.3
-20041.2
-20994
-21908
-22782.5
-23616.9
-24410.7
-25163.5
-25874.8
-26544.5
-27172.4
-27758.2
-28301.8
-28803.3
-29262.5
-29679.6
-30054.4
-30387.2
-30678
-30927
-31134.2
-31299.8
-31423.8
-31506.3
-31547.6
-673.317
-2021.15
-3366.74
-4703.71
-6028.76
-7338.73
-8630.62
-9901.64
-11149.2
-12370.9
-13564.5
-14728.2
-15860.1
-16958.6
-18022.5
-19050.3
-20041.1
-20994
-21908
-22782.5
-23616.9
-24410.7
-25163.4
-25874.8
-26544.5
-27172.4
-27758.2
-28301.8
-28803.3
-29262.5
-29679.5
-30054.4
-30387.2
-30678
-30927
-31134.2
-31299.7
-31423.7
-31506.3
-31547.6
-673.316
-2021.15
-3366.74
-4703.7
-6028.75
-7338.72
-8630.61
-9901.63
-11149.2
-12370.9
-13564.5
-14728.2
-15860.1
-16958.6
-18022.5
-19050.3
-20041.1
-20993.9
-21908
-22782.5
-23616.9
-24410.7
-25163.4
-25874.8
-26544.5
-27172.3
-27758.1
-28301.8
-28803.3
-29262.5
-29679.5
-30054.4
-30387.2
-30678
-30926.9
-31134.1
-31299.7
-31423.7
-31506.3
-31547.6
-673.315
-2021.15
-3366.73
-4703.7
-6028.74
-7338.71
-8630.6
-9901.61
-11149.2
-12370.8
-13564.5
-14728.2
-15860.1
-16958.6
-18022.4
-19050.3
-20041.1
-20993.9
-21907.9
-22782.4
-23616.8
-24410.6
-25163.4
-25874.8
-26544.5
-27172.3
-27758.1
-28301.8
-28803.2
-29262.5
-29679.5
-30054.4
-30387.2
-30678
-30926.9
-31134.1
-31299.7
-31423.7
-31506.3
-31547.5
-673.314
-2021.15
-3366.73
-4703.69
-6028.74
-7338.7
-8630.59
-9901.6
-11149.1
-12370.8
-13564.5
-14728.1
-15860
-16958.6
-18022.4
-19050.3
-20041.1
-20993.9
-21907.9
-22782.4
-23616.8
-24410.6
-25163.4
-25874.7
-26544.5
-27172.3
-27758.1
-28301.8
-28803.2
-29262.4
-29679.5
-30054.3
-30387.1
-30678
-30926.9
-31134.1
-31299.7
-31423.7
-31506.2
-31547.5
-673.313
-2021.14
-3366.72
-4703.69
-6028.73
-7338.69
-8630.58
-9901.59
-11149.1
-12370.8
-13564.5
-14728.1
-15860
-16958.6
-18022.4
-19050.3
-20041.1
-20993.9
-21907.9
-22782.4
-23616.8
-24410.6
-25163.3
-25874.7
-26544.4
-27172.3
-27758.1
-28301.7
-28803.2
-29262.4
-29679.4
-30054.3
-30387.1
-30677.9
-30926.9
-31134.1
-31299.6
-31423.7
-31506.2
-31547.5
-673.312
-2021.14
-3366.72
-4703.68
-6028.72
-7338.68
-8630.57
-9901.58
-11149.1
-12370.8
-13564.5
-14728.1
-15860
-16958.6
-18022.4
-19050.2
-20041
-20993.9
-21907.9
-22782.4
-23616.8
-24410.6
-25163.3
-25874.7
-26544.4
-27172.3
-27758.1
-28301.7
-28803.2
-29262.4
-29679.4
-30054.3
-30387.1
-30677.9
-30926.9
-31134.1
-31299.6
-31423.6
-31506.2
-31547.5
-673.311
-2021.14
-3366.72
-4703.68
-6028.72
-7338.68
-8630.57
-9901.58
-11149.1
-12370.8
-13564.5
-14728.1
-15860
-16958.6
-18022.4
-19050.2
-20041
-20993.9
-21907.9
-22782.4
-23616.8
-24410.6
-25163.3
-25874.7
-26544.4
-27172.2
-27758
-28301.7
-28803.2
-29262.4
-29679.4
-30054.3
-30387.1
-30677.9
-30926.9
-31134
-31299.6
-31423.6
-31506.2
-31547.5
-673.31
-2021.14
-3366.71
-4703.68
-6028.72
-7338.68
-8630.56
-9901.57
-11149.1
-12370.8
-13564.4
-14728.1
-15860
-16958.6
-18022.4
-19050.2
-20041
-20993.8
-21907.9
-22782.4
-23616.8
-24410.6
-25163.3
-25874.7
-26544.4
-27172.2
-27758
-28301.7
-28803.1
-29262.4
-29679.4
-30054.3
-30387.1
-30677.9
-30926.8
-31134
-31299.6
-31423.6
-31506.2
-31547.5
-673.306
-2021.13
-3366.71
-4703.67
-6028.71
-7338.67
-8630.56
-9901.57
-11149.1
-12370.8
-13564.4
-14728.1
-15860
-16958.5
-18022.4
-19050.2
-20041
-20993.8
-21907.9
-22782.4
-23616.8
-24410.6
-25163.3
-25874.7
-26544.4
-27172.2
-27758
-28301.7
-28803.1
-29262.4
-29679.4
-30054.3
-30387.1
-30677.9
-30926.8
-31134
-31299.6
-31423.6
-31506.2
-31547.4
-695.66
-2088.14
-3478.02
-4858.54
-6226.14
-7577.43
-8909.22
-10218.6
-11502.7
-12759.2
-13985.8
-15180.6
-16341.7
-17467.6
-18556.9
-19608.5
-20621.4
-21594.5
-22527.3
-23419.1
-24269.2
-25077.4
-25843.3
-26566.5
-27246.9
-27884.3
-28478.6
-29029.8
-29537.9
-30002.9
-30424.8
-30803.9
-31140.3
-31434
-31685.3
-31894.4
-32061.4
-32186.5
-32269.7
-32311.3
-695.664
-2088.14
-3478.02
-4858.55
-6226.15
-7577.44
-8909.23
-10218.6
-11502.7
-12759.2
-13985.8
-15180.6
-16341.7
-17467.6
-18556.9
-19608.5
-20621.4
-21594.5
-22527.3
-23419.1
-24269.3
-25077.4
-25843.3
-26566.5
-27246.9
-27884.3
-28478.6
-29029.8
-29537.9
-30002.9
-30424.9
-30803.9
-31140.3
-31434
-31685.4
-31894.4
-32061.4
-32186.5
-32269.7
-32311.3
-695.666
-2088.15
-3478.03
-4858.55
-6226.15
-7577.44
-8909.23
-10218.6
-11502.7
-12759.2
-13985.8
-15180.6
-16341.7
-17467.6
-18556.9
-19608.5
-20621.4
-21594.5
-22527.3
-23419.1
-24269.3
-25077.5
-25843.3
-26566.5
-27246.9
-27884.3
-28478.6
-29029.8
-29537.9
-30002.9
-30424.9
-30804
-31140.3
-31434
-31685.4
-31894.4
-32061.4
-32186.5
-32269.7
-32311.3
-695.667
-2088.15
-3478.03
-4858.55
-6226.16
-7577.45
-8909.24
-10218.6
-11502.7
-12759.2
-13985.9
-15180.6
-16341.7
-17467.6
-18557
-19608.6
-20621.4
-21594.6
-22527.3
-23419.1
-24269.3
-25077.5
-25843.3
-26566.5
-27246.9
-27884.3
-28478.7
-29029.8
-29537.9
-30002.9
-30424.9
-30804
-31140.3
-31434.1
-31685.4
-31894.5
-32061.4
-32186.5
-32269.7
-32311.3
-695.668
-2088.15
-3478.04
-4858.56
-6226.17
-7577.46
-8909.25
-10218.6
-11502.7
-12759.2
-13985.9
-15180.6
-16341.7
-17467.6
-18557
-19608.6
-20621.4
-21594.6
-22527.4
-23419.1
-24269.3
-25077.5
-25843.3
-26566.6
-27247
-27884.4
-28478.7
-29029.9
-29537.9
-30002.9
-30424.9
-30804
-31140.3
-31434.1
-31685.4
-31894.5
-32061.5
-32186.5
-32269.8
-32311.3
-695.67
-2088.16
-3478.04
-4858.57
-6226.18
-7577.47
-8909.27
-10218.6
-11502.8
-12759.3
-13985.9
-15180.6
-16341.7
-17467.7
-18557
-19608.6
-20621.4
-21594.6
-22527.4
-23419.1
-24269.3
-25077.5
-25843.4
-26566.6
-27247
-27884.4
-28478.7
-29029.9
-29538
-30003
-30424.9
-30804
-31140.4
-31434.1
-31685.4
-31894.5
-32061.5
-32186.6
-32269.8
-32311.4
-695.671
-2088.16
-3478.05
-4858.58
-6226.19
-7577.48
-8909.28
-10218.6
-11502.8
-12759.3
-13985.9
-15180.7
-16341.8
-17467.7
-18557
-19608.6
-20621.5
-21594.6
-22527.4
-23419.2
-24269.4
-25077.6
-25843.4
-26566.6
-27247
-27884.4
-28478.7
-29029.9
-29538
-30003
-30425
-30804.1
-31140.4
-31434.2
-31685.5
-31894.6
-32061.5
-32186.6
-32269.8
-32311.4
-695.672
-2088.17
-3478.05
-4858.59
-6226.2
-7577.5
-8909.3
-10218.6
-11502.8
-12759.3
-13985.9
-15180.7
-16341.8
-17467.7
-18557.1
-19608.7
-20621.5
-21594.7
-22527.4
-23419.2
-24269.4
-25077.6
-25843.4
-26566.7
-27247.1
-27884.5
-28478.8
-29030
-29538
-30003
-30425
-30804.1
-31140.4
-31434.2
-31685.5
-31894.6
-32061.6
-32186.6
-32269.9
-32311.4
-695.673
-2088.17
-3478.06
-4858.59
-6226.21
-7577.51
-8909.31
-10218.7
-11502.8
-12759.3
-13986
-15180.7
-16341.8
-17467.7
-18557.1
-19608.7
-20621.5
-21594.7
-22527.5
-23419.2
-24269.4
-25077.6
-25843.5
-26566.7
-27247.1
-27884.5
-28478.8
-29030
-29538.1
-30003.1
-30425
-30804.1
-31140.5
-31434.2
-31685.6
-31894.6
-32061.6
-32186.7
-32269.9
-32311.5
-695.675
-2088.17
-3478.07
-4858.6
-6226.22
-7577.52
-8909.33
-10218.7
-11502.8
-12759.3
-13986
-15180.7
-16341.8
-17467.8
-18557.1
-19608.7
-20621.5
-21594.7
-22527.5
-23419.3
-24269.5
-25077.7
-25843.5
-26566.7
-27247.1
-27884.5
-28478.9
-29030
-29538.1
-30003.1
-30425.1
-30804.2
-31140.5
-31434.3
-31685.6
-31894.7
-32061.7
-32186.7
-32269.9
-32311.5
-695.676
-2088.18
-3478.07
-4858.61
-6226.23
-7577.54
-8909.34
-10218.7
-11502.9
-12759.4
-13986
-15180.8
-16341.9
-17467.8
-18557.1
-19608.7
-20621.6
-21594.8
-22527.6
-23419.3
-24269.5
-25077.7
-25843.6
-26566.8
-27247.2
-27884.6
-28478.9
-29030.1
-29538.2
-30003.1
-30425.1
-30804.2
-31140.6
-31434.3
-31685.6
-31894.7
-32061.7
-32186.7
-32270
-32311.6
-695.677
-2088.18
-3478.08
-4858.62
-6226.24
-7577.55
-8909.36
-10218.7
-11502.9
-12759.4
-13986
-15180.8
-16341.9
-17467.8
-18557.2
-19608.8
-20621.6
-21594.8
-22527.6
-23419.3
-24269.5
-25077.7
-25843.6
-26566.8
-27247.2
-27884.6
-28478.9
-29030.1
-29538.2
-30003.2
-30425.2
-30804.3
-31140.6
-31434.4
-31685.7
-31894.8
-32061.7
-32186.8
-32270
-32311.6
-695.678
-2088.18
-3478.09
-4858.63
-6226.25
-7577.56
-8909.38
-10218.7
-11502.9
-12759.4
-13986
-15180.8
-16341.9
-17467.8
-18557.2
-19608.8
-20621.6
-21594.8
-22527.6
-23419.4
-24269.6
-25077.8
-25843.6
-26566.9
-27247.2
-27884.6
-28479
-29030.2
-29538.2
-30003.2
-30425.2
-30804.3
-31140.6
-31434.4
-31685.7
-31894.8
-32061.8
-32186.8
-32270.1
-32311.7
-695.68
-2088.19
-3478.09
-4858.64
-6226.26
-7577.58
-8909.39
-10218.7
-11502.9
-12759.4
-13986.1
-15180.8
-16342
-17467.9
-18557.2
-19608.8
-20621.7
-21594.9
-22527.6
-23419.4
-24269.6
-25077.8
-25843.7
-26566.9
-27247.3
-27884.7
-28479
-29030.2
-29538.3
-30003.3
-30425.2
-30804.3
-31140.7
-31434.4
-31685.8
-31894.8
-32061.8
-32186.9
-32270.1
-32311.7
-695.681
-2088.19
-3478.1
-4858.65
-6226.27
-7577.59
-8909.4
-10218.8
-11502.9
-12759.5
-13986.1
-15180.9
-16342
-17467.9
-18557.3
-19608.9
-20621.7
-21594.9
-22527.7
-23419.4
-24269.6
-25077.8
-25843.7
-26566.9
-27247.3
-27884.7
-28479
-29030.2
-29538.3
-30003.3
-30425.3
-30804.4
-31140.7
-31434.5
-31685.8
-31894.9
-32061.9
-32186.9
-32270.1
-32311.7
-695.682
-2088.19
-3478.1
-4858.65
-6226.28
-7577.6
-8909.41
-10218.8
-11502.9
-12759.5
-13986.1
-15180.9
-16342
-17467.9
-18557.3
-19608.9
-20621.7
-21594.9
-22527.7
-23419.5
-24269.7
-25077.9
-25843.7
-26566.9
-27247.3
-27884.7
-28479.1
-29030.3
-29538.3
-30003.3
-30425.3
-30804.4
-31140.7
-31434.5
-31685.8
-31894.9
-32061.9
-32186.9
-32270.2
-32311.8
-695.682
-2088.2
-3478.11
-4858.66
-6226.29
-7577.61
-8909.42
-10218.8
-11503
-12759.5
-13986.1
-15180.9
-16342
-17467.9
-18557.3
-19608.9
-20621.7
-21594.9
-22527.7
-23419.5
-24269.7
-25077.9
-25843.7
-26567
-27247.4
-27884.8
-28479.1
-29030.3
-29538.4
-30003.3
-30425.3
-30804.4
-31140.8
-31434.5
-31685.8
-31894.9
-32061.9
-32187
-32270.2
-32311.8
-695.683
-2088.2
-3478.11
-4858.66
-6226.29
-7577.61
-8909.43
-10218.8
-11503
-12759.5
-13986.1
-15180.9
-16342
-17467.9
-18557.3
-19608.9
-20621.8
-21595
-22527.7
-23419.5
-24269.7
-25077.9
-25843.8
-26567
-27247.4
-27884.8
-28479.1
-29030.3
-29538.4
-30003.4
-30425.4
-30804.5
-31140.8
-31434.5
-31685.9
-31894.9
-32061.9
-32187
-32270.2
-32311.8
-695.683
-2088.2
-3478.11
-4858.67
-6226.3
-7577.62
-8909.44
-10218.8
-11503
-12759.5
-13986.1
-15180.9
-16342
-17468
-18557.3
-19608.9
-20621.8
-21595
-22527.8
-23419.5
-24269.7
-25077.9
-25843.8
-26567
-27247.4
-27884.8
-28479.1
-29030.3
-29538.4
-30003.4
-30425.4
-30804.5
-31140.8
-31434.6
-31685.9
-31895
-32062
-32187
-32270.2
-32311.8
-695.684
-2088.2
-3478.11
-4858.67
-6226.3
-7577.62
-8909.44
-10218.8
-11503
-12759.5
-13986.1
-15180.9
-16342
-17468
-18557.3
-19608.9
-20621.8
-21595
-22527.8
-23419.5
-24269.7
-25077.9
-25843.8
-26567
-27247.4
-27884.8
-28479.1
-29030.3
-29538.4
-30003.4
-30425.4
-30804.5
-31140.8
-31434.6
-31685.9
-31895
-32062
-32187
-32270.2
-32311.8
-695.684
-2088.2
-3478.11
-4858.67
-6226.3
-7577.62
-8909.44
-10218.8
-11503
-12759.5
-13986.2
-15180.9
-16342
-17468
-18557.3
-19608.9
-20621.8
-21595
-22527.8
-23419.5
-24269.7
-25077.9
-25843.8
-26567
-27247.4
-27884.8
-28479.2
-29030.3
-29538.4
-30003.4
-30425.4
-30804.5
-31140.8
-31434.6
-31685.9
-31895
-32062
-32187
-32270.3
-32311.8
-695.684
-2088.2
-3478.11
-4858.67
-6226.3
-7577.62
-8909.44
-10218.8
-11503
-12759.5
-13986.2
-15180.9
-16342
-17468
-18557.3
-19609
-20621.8
-21595
-22527.8
-23419.5
-24269.7
-25077.9
-25843.8
-26567
-27247.4
-27884.8
-28479.2
-29030.4
-29538.4
-30003.4
-30425.4
-30804.5
-31140.8
-31434.6
-31685.9
-31895
-32062
-32187
-32270.3
-32311.8
-695.684
-2088.2
-3478.11
-4858.67
-6226.3
-7577.62
-8909.44
-10218.8
-11503
-12759.5
-13986.2
-15180.9
-16342
-17468
-18557.3
-19608.9
-20621.8
-21595
-22527.8
-23419.5
-24269.7
-25077.9
-25843.8
-26567
-27247.4
-27884.8
-28479.2
-29030.3
-29538.4
-30003.4
-30425.4
-30804.5
-31140.8
-31434.6
-31685.9
-31895
-32062
-32187
-32270.3
-32311.8
-695.683
-2088.2
-3478.11
-4858.66
-6226.3
-7577.62
-8909.44
-10218.8
-11503
-12759.5
-13986.1
-15180.9
-16342
-17468
-18557.3
-19608.9
-20621.8
-21595
-22527.8
-23419.5
-24269.7
-25077.9
-25843.8
-26567
-27247.4
-27884.8
-28479.1
-29030.3
-29538.4
-30003.4
-30425.4
-30804.5
-31140.8
-31434.6
-31685.9
-31895
-32062
-32187
-32270.2
-32311.8
-695.683
-2088.2
-3478.11
-4858.66
-6226.29
-7577.61
-8909.43
-10218.8
-11503
-12759.5
-13986.1
-15180.9
-16342
-17468
-18557.3
-19608.9
-20621.8
-21595
-22527.8
-23419.5
-24269.7
-25077.9
-25843.8
-26567
-27247.4
-27884.8
-28479.1
-29030.3
-29538.4
-30003.4
-30425.4
-30804.5
-31140.8
-31434.6
-31685.9
-31895
-32062
-32187
-32270.2
-32311.8
-695.682
-2088.2
-3478.11
-4858.66
-6226.29
-7577.61
-8909.43
-10218.8
-11503
-12759.5
-13986.1
-15180.9
-16342
-17467.9
-18557.3
-19608.9
-20621.8
-21594.9
-22527.7
-23419.5
-24269.7
-25077.9
-25843.8
-26567
-27247.4
-27884.8
-28479.1
-29030.3
-29538.4
-30003.4
-30425.4
-30804.5
-31140.8
-31434.6
-31685.9
-31894.9
-32061.9
-32187
-32270.2
-32311.8
-695.682
-2088.19
-3478.1
-4858.65
-6226.28
-7577.6
-8909.42
-10218.8
-11502.9
-12759.5
-13986.1
-15180.9
-16342
-17467.9
-18557.3
-19608.9
-20621.7
-21594.9
-22527.7
-23419.5
-24269.7
-25077.9
-25843.7
-26567
-27247.4
-27884.8
-28479.1
-29030.3
-29538.4
-30003.4
-30425.3
-30804.4
-31140.8
-31434.5
-31685.9
-31894.9
-32061.9
-32187
-32270.2
-32311.8
-695.681
-2088.19
-3478.1
-4858.65
-6226.28
-7577.59
-8909.41
-10218.8
-11502.9
-12759.5
-13986.1
-15180.9
-16342
-17467.9
-18557.3
-19608.9
-20621.7
-21594.9
-22527.7
-23419.5
-24269.7
-25077.9
-25843.7
-26566.9
-27247.3
-27884.7
-28479.1
-29030.3
-29538.3
-30003.3
-30425.3
-30804.4
-31140.8
-31434.5
-31685.8
-31894.9
-32061.9
-32186.9
-32270.2
-32311.8
-695.68
-2088.19
-3478.09
-4858.64
-6226.27
-7577.58
-8909.39
-10218.7
-11502.9
-12759.4
-13986.1
-15180.8
-16342
-17467.9
-18557.2
-19608.9
-20621.7
-21594.9
-22527.7
-23419.4
-24269.6
-25077.8
-25843.7
-26566.9
-27247.3
-27884.7
-28479
-29030.2
-29538.3
-30003.3
-30425.3
-30804.4
-31140.7
-31434.5
-31685.8
-31894.9
-32061.9
-32186.9
-32270.1
-32311.7
-695.679
-2088.19
-3478.09
-4858.63
-6226.26
-7577.57
-8909.38
-10218.7
-11502.9
-12759.4
-13986.1
-15180.8
-16341.9
-17467.9
-18557.2
-19608.8
-20621.7
-21594.9
-22527.6
-23419.4
-24269.6
-25077.8
-25843.7
-26566.9
-27247.3
-27884.7
-28479
-29030.2
-29538.3
-30003.3
-30425.3
-30804.4
-31140.7
-31434.5
-31685.8
-31894.9
-32061.8
-32186.9
-32270.1
-32311.7
-695.678
-2088.18
-3478.08
-4858.63
-6226.25
-7577.56
-8909.37
-10218.7
-11502.9
-12759.4
-13986
-15180.8
-16341.9
-17467.8
-18557.2
-19608.8
-20621.6
-21594.8
-22527.6
-23419.4
-24269.6
-25077.8
-25843.6
-26566.9
-27247.3
-27884.7
-28479
-29030.2
-29538.3
-30003.3
-30425.2
-30804.3
-31140.7
-31434.4
-31685.8
-31894.8
-32061.8
-32186.9
-32270.1
-32311.7
-695.677
-2088.18
-3478.08
-4858.62
-6226.24
-7577.55
-8909.35
-10218.7
-11502.9
-12759.4
-13986
-15180.8
-16341.9
-17467.8
-18557.2
-19608.8
-20621.6
-21594.8
-22527.6
-23419.4
-24269.6
-25077.8
-25843.6
-26566.8
-27247.2
-27884.6
-28479
-29030.2
-29538.2
-30003.2
-30425.2
-30804.3
-31140.6
-31434.4
-31685.7
-31894.8
-32061.8
-32186.8
-32270.1
-32311.7
-695.675
-2088.18
-3478.07
-4858.61
-6226.23
-7577.54
-8909.34
-10218.7
-11502.9
-12759.4
-13986
-15180.8
-16341.9
-17467.8
-18557.2
-19608.8
-20621.6
-21594.8
-22527.6
-23419.3
-24269.5
-25077.7
-25843.6
-26566.8
-27247.2
-27884.6
-28478.9
-29030.1
-29538.2
-30003.2
-30425.2
-30804.3
-31140.6
-31434.4
-31685.7
-31894.8
-32061.8
-32186.8
-32270
-32311.6
-695.674
-2088.17
-3478.07
-4858.6
-6226.22
-7577.52
-8909.33
-10218.7
-11502.8
-12759.4
-13986
-15180.7
-16341.9
-17467.8
-18557.1
-19608.7
-20621.6
-21594.8
-22527.5
-23419.3
-24269.5
-25077.7
-25843.6
-26566.8
-27247.2
-27884.6
-28478.9
-29030.1
-29538.2
-30003.2
-30425.1
-30804.2
-31140.6
-31434.3
-31685.7
-31894.7
-32061.7
-32186.8
-32270
-32311.6
-695.673
-2088.17
-3478.06
-4858.6
-6226.21
-7577.51
-8909.32
-10218.7
-11502.8
-12759.3
-13986
-15180.7
-16341.8
-17467.8
-18557.1
-19608.7
-20621.6
-21594.7
-22527.5
-23419.3
-24269.5
-25077.7
-25843.5
-26566.8
-27247.2
-27884.6
-28478.9
-29030.1
-29538.2
-30003.1
-30425.1
-30804.2
-31140.6
-31434.3
-31685.6
-31894.7
-32061.7
-32186.7
-32270
-32311.6
-695.672
-2088.17
-3478.06
-4858.59
-6226.2
-7577.5
-8909.31
-10218.6
-11502.8
-12759.3
-13986
-15180.7
-16341.8
-17467.7
-18557.1
-19608.7
-20621.5
-21594.7
-22527.5
-23419.3
-24269.5
-25077.7
-25843.5
-26566.7
-27247.1
-27884.5
-28478.9
-29030.1
-29538.1
-30003.1
-30425.1
-30804.2
-31140.5
-31434.3
-31685.6
-31894.7
-32061.7
-32186.7
-32269.9
-32311.5
-695.672
-2088.16
-3478.05
-4858.58
-6226.2
-7577.5
-8909.3
-10218.6
-11502.8
-12759.3
-13985.9
-15180.7
-16341.8
-17467.7
-18557.1
-19608.7
-20621.5
-21594.7
-22527.5
-23419.2
-24269.4
-25077.6
-25843.5
-26566.7
-27247.1
-27884.5
-28478.8
-29030
-29538.1
-30003.1
-30425.1
-30804.2
-31140.5
-31434.3
-31685.6
-31894.7
-32061.7
-32186.7
-32269.9
-32311.5
-695.67
-2088.16
-3478.05
-4858.58
-6226.19
-7577.49
-8909.29
-10218.6
-11502.8
-12759.3
-13985.9
-15180.7
-16341.8
-17467.7
-18557.1
-19608.7
-20621.5
-21594.7
-22527.5
-23419.2
-24269.4
-25077.6
-25843.5
-26566.7
-27247.1
-27884.5
-28478.8
-29030
-29538.1
-30003.1
-30425.1
-30804.2
-31140.5
-31434.3
-31685.6
-31894.6
-32061.6
-32186.7
-32269.9
-32311.5
-695.668
-2088.16
-3478.04
-4858.58
-6226.19
-7577.49
-8909.28
-10218.6
-11502.8
-12759.3
-13985.9
-15180.7
-16341.8
-17467.7
-18557.1
-19608.7
-20621.5
-21594.7
-22527.5
-23419.2
-24269.4
-25077.6
-25843.5
-26566.7
-27247.1
-27884.5
-28478.8
-29030
-29538.1
-30003.1
-30425.1
-30804.2
-31140.5
-31434.2
-31685.6
-31894.6
-32061.6
-32186.7
-32269.9
-32311.5
-695.664
-2088.15
-3478.04
-4858.57
-6226.18
-7577.48
-8909.28
-10218.6
-11502.8
-12759.3
-13985.9
-15180.7
-16341.8
-17467.7
-18557.1
-19608.7
-20621.5
-21594.7
-22527.5
-23419.2
-24269.4
-25077.6
-25843.5
-26566.7
-27247.1
-27884.5
-28478.8
-29030
-29538.1
-30003.1
-30425
-30804.1
-31140.5
-31434.2
-31685.6
-31894.6
-32061.6
-32186.7
-32269.9
-32311.5
-719.912
-2160.82
-3598.7
-5026.36
-6439.92
-7835.74
-9210.4
-10560.8
-11884
-13177.6
-14439.2
-15666.8
-16858.7
-18013.3
-19129.4
-20205.7
-21241.5
-22235.7
-23187.9
-24097.5
-24963.9
-25786.8
-26566.1
-27301.3
-27992.6
-28639.6
-29242.5
-29801.2
-30315.9
-30786.5
-31213.4
-31596.6
-31936.3
-32232.8
-32486.3
-32697.1
-32865.4
-32991.3
-33075.1
-33117
-719.916
-2160.83
-3598.71
-5026.36
-6439.93
-7835.74
-9210.41
-10560.8
-11884
-13177.6
-14439.2
-15666.8
-16858.7
-18013.3
-19129.4
-20205.7
-21241.5
-22235.8
-23187.9
-24097.5
-24963.9
-25786.8
-26566.1
-27301.4
-27992.6
-28639.6
-29242.5
-29801.2
-30315.9
-30786.6
-31213.4
-31596.6
-31936.3
-32232.8
-32486.3
-32697.1
-32865.4
-32991.3
-33075.1
-33117
-719.918
-2160.83
-3598.71
-5026.37
-6439.93
-7835.75
-9210.41
-10560.8
-11884
-13177.6
-14439.2
-15666.8
-16858.7
-18013.3
-19129.4
-20205.7
-21241.5
-22235.8
-23188
-24097.5
-24963.9
-25786.9
-26566.1
-27301.4
-27992.6
-28639.6
-29242.5
-29801.3
-30315.9
-30786.6
-31213.4
-31596.6
-31936.3
-32232.8
-32486.3
-32697.1
-32865.4
-32991.3
-33075.1
-33117
-719.92
-2160.83
-3598.72
-5026.37
-6439.94
-7835.76
-9210.42
-10560.8
-11884
-13177.6
-14439.2
-15666.8
-16858.7
-18013.3
-19129.4
-20205.8
-21241.5
-22235.8
-23188
-24097.5
-24963.9
-25786.9
-26566.1
-27301.4
-27992.6
-28639.7
-29242.6
-29801.3
-30315.9
-30786.6
-31213.4
-31596.6
-31936.3
-32232.8
-32486.4
-32697.1
-32865.4
-32991.4
-33075.2
-33117
-719.921
-2160.84
-3598.72
-5026.38
-6439.95
-7835.77
-9210.43
-10560.8
-11884.1
-13177.6
-14439.2
-15666.8
-16858.7
-18013.3
-19129.4
-20205.8
-21241.5
-22235.8
-23188
-24097.5
-24963.9
-25786.9
-26566.1
-27301.4
-27992.6
-28639.7
-29242.6
-29801.3
-30316
-30786.6
-31213.4
-31596.6
-31936.4
-32232.9
-32486.4
-32697.2
-32865.4
-32991.4
-33075.2
-33117.1
-719.922
-2160.84
-3598.73
-5026.39
-6439.96
-7835.78
-9210.45
-10560.8
-11884.1
-13177.6
-14439.2
-15666.9
-16858.7
-18013.4
-19129.4
-20205.8
-21241.5
-22235.8
-23188
-24097.6
-24964
-25786.9
-26566.2
-27301.5
-27992.7
-28639.7
-29242.6
-29801.3
-30316
-30786.7
-31213.5
-31596.7
-31936.4
-32232.9
-32486.4
-32697.2
-32865.5
-32991.4
-33075.2
-33117.1
-719.924
-2160.85
-3598.74
-5026.4
-6439.97
-7835.8
-9210.47
-10560.9
-11884.1
-13177.7
-14439.3
-15666.9
-16858.8
-18013.4
-19129.5
-20205.8
-21241.6
-22235.9
-23188.1
-24097.6
-24964
-25787
-26566.2
-27301.5
-27992.7
-28639.8
-29242.7
-29801.4
-30316
-30786.7
-31213.5
-31596.7
-31936.4
-32232.9
-32486.5
-32697.2
-32865.5
-32991.5
-33075.3
-33117.1
-719.925
-2160.85
-3598.74
-5026.41
-6439.98
-7835.81
-9210.49
-10560.9
-11884.1
-13177.7
-14439.3
-15666.9
-16858.8
-18013.4
-19129.5
-20205.9
-21241.6
-22235.9
-23188.1
-24097.6
-24964
-25787
-26566.2
-27301.5
-27992.7
-28639.8
-29242.7
-29801.4
-30316.1
-30786.7
-31213.6
-31596.7
-31936.5
-32233
-32486.5
-32697.3
-32865.6
-32991.5
-33075.3
-33117.2
-719.927
-2160.86
-3598.75
-5026.42
-6440
-7835.83
-9210.5
-10560.9
-11884.2
-13177.7
-14439.3
-15666.9
-16858.8
-18013.5
-19129.5
-20205.9
-21241.7
-22235.9
-23188.1
-24097.7
-24964.1
-25787.1
-26566.3
-27301.6
-27992.8
-28639.9
-29242.7
-29801.5
-30316.1
-30786.8
-31213.6
-31596.8
-31936.5
-32233
-32486.6
-32697.3
-32865.6
-32991.6
-33075.4
-33117.2
-719.928
-2160.86
-3598.76
-5026.43
-6440.01
-7835.85
-9210.52
-10560.9
-11884.2
-13177.7
-14439.3
-15667
-16858.9
-18013.5
-19129.6
-20205.9
-21241.7
-22236
-23188.2
-24097.7
-24964.1
-25787.1
-26566.3
-27301.6
-27992.8
-28639.9
-29242.8
-29801.5
-30316.2
-30786.8
-31213.7
-31596.8
-31936.6
-32233.1
-32486.6
-32697.4
-32865.6
-32991.6
-33075.4
-33117.3
-719.93
-2160.86
-3598.77
-5026.44
-6440.03
-7835.86
-9210.54
-10560.9
-11884.2
-13177.8
-14439.4
-15667
-16858.9
-18013.5
-19129.6
-20206
-21241.7
-22236
-23188.2
-24097.7
-24964.2
-25787.1
-26566.4
-27301.7
-27992.9
-28639.9
-29242.8
-29801.6
-30316.2
-30786.9
-31213.7
-31596.9
-31936.6
-32233.1
-32486.6
-32697.4
-32865.7
-32991.6
-33075.5
-33117.3
-719.931
-2160.87
-3598.77
-5026.45
-6440.04
-7835.88
-9210.56
-10561
-11884.2
-13177.8
-14439.4
-15667
-16858.9
-18013.6
-19129.6
-20206
-21241.8
-22236.1
-23188.3
-24097.8
-24964.2
-25787.2
-26566.4
-27301.7
-27992.9
-28640
-29242.9
-29801.6
-30316.2
-30786.9
-31213.7
-31596.9
-31936.7
-32233.2
-32486.7
-32697.5
-32865.7
-32991.7
-33075.5
-33117.4
-719.933
-2160.87
-3598.78
-5026.46
-6440.05
-7835.89
-9210.58
-10561
-11884.2
-13177.8
-14439.4
-15667.1
-16859
-18013.6
-19129.7
-20206.1
-21241.8
-22236.1
-23188.3
-24097.8
-24964.2
-25787.2
-26566.4
-27301.7
-27993
-28640
-29242.9
-29801.6
-30316.3
-30787
-31213.8
-31597
-31936.7
-32233.2
-32486.7
-32697.5
-32865.8
-32991.7
-33075.5
-33117.4
-719.934
-2160.88
-3598.79
-5026.47
-6440.06
-7835.91
-9210.6
-10561
-11884.3
-13177.8
-14439.4
-15667.1
-16859
-18013.6
-19129.7
-20206.1
-21241.8
-22236.1
-23188.3
-24097.9
-24964.3
-25787.3
-26566.5
-27301.8
-27993
-28640.1
-29243
-29801.7
-30316.3
-30787
-31213.8
-31597
-31936.7
-32233.3
-32486.8
-32697.6
-32865.8
-32991.8
-33075.6
-33117.5
-719.935
-2160.88
-3598.79
-5026.48
-6440.07
-7835.92
-9210.61
-10561
-11884.3
-13177.9
-14439.5
-15667.1
-16859
-18013.7
-19129.7
-20206.1
-21241.9
-22236.2
-23188.4
-24097.9
-24964.3
-25787.3
-26566.5
-27301.8
-27993
-28640.1
-29243
-29801.7
-30316.4
-30787
-31213.9
-31597
-31936.8
-32233.3
-32486.8
-32697.6
-32865.9
-32991.8
-33075.6
-33117.5
-719.936
-2160.88
-3598.8
-5026.49
-6440.08
-7835.93
-9210.62
-10561
-11884.3
-13177.9
-14439.5
-15667.1
-16859
-18013.7
-19129.8
-20206.1
-21241.9
-22236.2
-23188.4
-24097.9
-24964.4
-25787.3
-26566.6
-27301.8
-27993.1
-28640.1
-29243
-29801.8
-30316.4
-30787.1
-31213.9
-31597.1
-31936.8
-32233.3
-32486.9
-32697.6
-32865.9
-32991.9
-33075.7
-33117.5
-719.937
-2160.89
-3598.8
-5026.49
-6440.09
-7835.94
-9210.64
-10561
-11884.3
-13177.9
-14439.5
-15667.1
-16859
-18013.7
-19129.8
-20206.2
-21241.9
-22236.2
-23188.4
-24097.9
-24964.4
-25787.3
-26566.6
-27301.9
-27993.1
-28640.2
-29243.1
-29801.8
-30316.4
-30787.1
-31213.9
-31597.1
-31936.8
-32233.4
-32486.9
-32697.7
-32865.9
-32991.9
-33075.7
-33117.6
-719.938
-2160.89
-3598.81
-5026.5
-6440.1
-7835.95
-9210.64
-10561.1
-11884.3
-13177.9
-14439.5
-15667.2
-16859.1
-18013.7
-19129.8
-20206.2
-21241.9
-22236.2
-23188.4
-24098
-24964.4
-25787.4
-26566.6
-27301.9
-27993.1
-28640.2
-29243.1
-29801.8
-30316.5
-30787.1
-31214
-31597.1
-31936.9
-32233.4
-32486.9
-32697.7
-32866
-32991.9
-33075.7
-33117.6
-719.939
-2160.89
-3598.81
-5026.5
-6440.1
-7835.95
-9210.65
-10561.1
-11884.3
-13177.9
-14439.5
-15667.2
-16859.1
-18013.7
-19129.8
-20206.2
-21241.9
-22236.3
-23188.4
-24098
-24964.4
-25787.4
-26566.6
-27301.9
-27993.1
-28640.2
-29243.1
-29801.8
-30316.5
-30787.1
-31214
-31597.2
-31936.9
-32233.4
-32486.9
-32697.7
-32866
-32991.9
-33075.7
-33117.6
-719.939
-2160.89
-3598.81
-5026.51
-6440.11
-7835.96
-9210.66
-10561.1
-11884.3
-13177.9
-14439.5
-15667.2
-16859.1
-18013.7
-19129.8
-20206.2
-21242
-22236.3
-23188.5
-24098
-24964.4
-25787.4
-26566.6
-27301.9
-27993.2
-28640.2
-29243.1
-29801.8
-30316.5
-30787.2
-31214
-31597.2
-31936.9
-32233.4
-32486.9
-32697.7
-32866
-32991.9
-33075.8
-33117.6
-719.939
-2160.89
-3598.81
-5026.51
-6440.11
-7835.96
-9210.66
-10561.1
-11884.3
-13177.9
-14439.5
-15667.2
-16859.1
-18013.7
-19129.8
-20206.2
-21242
-22236.3
-23188.5
-24098
-24964.4
-25787.4
-26566.6
-27301.9
-27993.2
-28640.2
-29243.1
-29801.9
-30316.5
-30787.2
-31214
-31597.2
-31936.9
-32233.4
-32487
-32697.7
-32866
-32992
-33075.8
-33117.6
-719.939
-2160.89
-3598.81
-5026.51
-6440.11
-7835.96
-9210.66
-10561.1
-11884.3
-13177.9
-14439.5
-15667.2
-16859.1
-18013.7
-19129.8
-20206.2
-21242
-22236.3
-23188.5
-24098
-24964.4
-25787.4
-26566.6
-27301.9
-27993.2
-28640.2
-29243.1
-29801.9
-30316.5
-30787.2
-31214
-31597.2
-31936.9
-32233.4
-32487
-32697.7
-32866
-32992
-33075.8
-33117.6
-719.939
-2160.89
-3598.81
-5026.51
-6440.11
-7835.96
-9210.66
-10561.1
-11884.3
-13177.9
-14439.5
-15667.2
-16859.1
-18013.7
-19129.8
-20206.2
-21242
-22236.3
-23188.5
-24098
-24964.4
-25787.4
-26566.6
-27301.9
-27993.2
-28640.2
-29243.1
-29801.9
-30316.5
-30787.2
-31214
-31597.2
-31936.9
-32233.4
-32486.9
-32697.7
-32866
-32992
-33075.8
-33117.6
-719.939
-2160.89
-3598.81
-5026.5
-6440.1
-7835.95
-9210.65
-10561.1
-11884.3
-13177.9
-14439.5
-15667.2
-16859.1
-18013.7
-19129.8
-20206.2
-21241.9
-22236.3
-23188.5
-24098
-24964.4
-25787.4
-26566.6
-27301.9
-27993.1
-28640.2
-29243.1
-29801.8
-30316.5
-30787.2
-31214
-31597.2
-31936.9
-32233.4
-32486.9
-32697.7
-32866
-32991.9
-33075.7
-33117.6
-719.938
-2160.89
-3598.81
-5026.5
-6440.1
-7835.95
-9210.64
-10561.1
-11884.3
-13177.9
-14439.5
-15667.2
-16859.1
-18013.7
-19129.8
-20206.2
-21241.9
-22236.2
-23188.4
-24098
-24964.4
-25787.4
-26566.6
-27301.9
-27993.1
-28640.2
-29243.1
-29801.8
-30316.5
-30787.1
-31214
-31597.2
-31936.9
-32233.4
-32486.9
-32697.7
-32866
-32991.9
-33075.7
-33117.6
-719.937
-2160.89
-3598.8
-5026.49
-6440.09
-7835.94
-9210.63
-10561
-11884.3
-13177.9
-14439.5
-15667.1
-16859
-18013.7
-19129.8
-20206.2
-21241.9
-22236.2
-23188.4
-24098
-24964.4
-25787.4
-26566.6
-27301.9
-27993.1
-28640.2
-29243.1
-29801.8
-30316.5
-30787.1
-31214
-31597.1
-31936.9
-32233.4
-32486.9
-32697.7
-32866
-32991.9
-33075.7
-33117.6
-719.936
-2160.88
-3598.8
-5026.49
-6440.08
-7835.93
-9210.62
-10561
-11884.3
-13177.9
-14439.5
-15667.1
-16859
-18013.7
-19129.8
-20206.1
-21241.9
-22236.2
-23188.4
-24097.9
-24964.4
-25787.3
-26566.6
-27301.9
-27993.1
-28640.2
-29243
-29801.8
-30316.4
-30787.1
-31213.9
-31597.1
-31936.8
-32233.4
-32486.9
-32697.7
-32865.9
-32991.9
-33075.7
-33117.6
-719.935
-2160.88
-3598.79
-5026.48
-6440.07
-7835.92
-9210.61
-10561
-11884.3
-13177.9
-14439.5
-15667.1
-16859
-18013.7
-19129.7
-20206.1
-21241.9
-22236.2
-23188.4
-24097.9
-24964.3
-25787.3
-26566.5
-27301.8
-27993.1
-28640.1
-29243
-29801.8
-30316.4
-30787.1
-31213.9
-31597.1
-31936.8
-32233.3
-32486.9
-32697.6
-32865.9
-32991.9
-33075.7
-33117.5
-719.934
-2160.88
-3598.79
-5026.47
-6440.06
-7835.91
-9210.6
-10561
-11884.3
-13177.8
-14439.5
-15667.1
-16859
-18013.6
-19129.7
-20206.1
-21241.8
-22236.2
-23188.3
-24097.9
-24964.3
-25787.3
-26566.5
-27301.8
-27993
-28640.1
-29243
-29801.7
-30316.4
-30787
-31213.9
-31597.1
-31936.8
-32233.3
-32486.8
-32697.6
-32865.9
-32991.8
-33075.6
-33117.5
-719.933
-2160.87
-3598.78
-5026.46
-6440.05
-7835.89
-9210.58
-10561
-11884.2
-13177.8
-14439.4
-15667.1
-16859
-18013.6
-19129.7
-20206.1
-21241.8
-22236.1
-23188.3
-24097.8
-24964.3
-25787.2
-26566.5
-27301.8
-27993
-28640.1
-29243
-29801.7
-30316.3
-30787
-31213.8
-31597
-31936.8
-32233.3
-32486.8
-32697.6
-32865.8
-32991.8
-33075.6
-33117.5
-719.931
-2160.87
-3598.77
-5026.45
-6440.04
-7835.88
-9210.56
-10561
-11884.2
-13177.8
-14439.4
-15667
-16858.9
-18013.6
-19129.7
-20206
-21241.8
-22236.1
-23188.3
-24097.8
-24964.2
-25787.2
-26566.4
-27301.7
-27993
-28640
-29242.9
-29801.7
-30316.3
-30787
-31213.8
-31597
-31936.7
-32233.2
-32486.8
-32697.5
-32865.8
-32991.8
-33075.6
-33117.4
-719.93
-2160.87
-3598.77
-5026.44
-6440.03
-7835.87
-9210.55
-10560.9
-11884.2
-13177.8
-14439.4
-15667
-16858.9
-18013.6
-19129.6
-20206
-21241.8
-22236.1
-23188.3
-24097.8
-24964.2
-25787.2
-26566.4
-27301.7
-27992.9
-28640
-29242.9
-29801.6
-30316.3
-30786.9
-31213.8
-31597
-31936.7
-32233.2
-32486.7
-32697.5
-32865.8
-32991.7
-33075.5
-33117.4
-719.929
-2160.86
-3598.76
-5026.44
-6440.02
-7835.85
-9210.53
-10560.9
-11884.2
-13177.8
-14439.4
-15667
-16858.9
-18013.5
-19129.6
-20206
-21241.7
-22236
-23188.2
-24097.8
-24964.2
-25787.1
-26566.4
-27301.7
-27992.9
-28640
-29242.9
-29801.6
-30316.2
-30786.9
-31213.7
-31596.9
-31936.6
-32233.2
-32486.7
-32697.5
-32865.7
-32991.7
-33075.5
-33117.4
-719.928
-2160.86
-3598.75
-5026.43
-6440.01
-7835.84
-9210.52
-10560.9
-11884.2
-13177.7
-14439.3
-15667
-16858.9
-18013.5
-19129.6
-20206
-21241.7
-22236
-23188.2
-24097.7
-24964.2
-25787.1
-26566.4
-27301.6
-27992.9
-28639.9
-29242.8
-29801.6
-30316.2
-30786.9
-31213.7
-31596.9
-31936.6
-32233.1
-32486.7
-32697.4
-32865.7
-32991.6
-33075.5
-33117.3
-719.926
-2160.85
-3598.75
-5026.42
-6440
-7835.83
-9210.5
-10560.9
-11884.2
-13177.7
-14439.3
-15666.9
-16858.8
-18013.5
-19129.5
-20205.9
-21241.7
-22236
-23188.2
-24097.7
-24964.1
-25787.1
-26566.3
-27301.6
-27992.8
-28639.9
-29242.8
-29801.5
-30316.2
-30786.8
-31213.7
-31596.9
-31936.6
-32233.1
-32486.6
-32697.4
-32865.7
-32991.6
-33075.4
-33117.3
-719.925
-2160.85
-3598.74
-5026.41
-6439.99
-7835.81
-9210.49
-10560.9
-11884.1
-13177.7
-14439.3
-15666.9
-16858.8
-18013.5
-19129.5
-20205.9
-21241.6
-22236
-23188.1
-24097.7
-24964.1
-25787.1
-26566.3
-27301.6
-27992.8
-28639.9
-29242.8
-29801.5
-30316.1
-30786.8
-31213.6
-31596.8
-31936.6
-32233.1
-32486.6
-32697.4
-32865.6
-32991.6
-33075.4
-33117.3
-719.924
-2160.85
-3598.74
-5026.4
-6439.98
-7835.8
-9210.48
-10560.9
-11884.1
-13177.7
-14439.3
-15666.9
-16858.8
-18013.4
-19129.5
-20205.9
-21241.6
-22235.9
-23188.1
-24097.7
-24964.1
-25787
-26566.3
-27301.6
-27992.8
-28639.9
-29242.7
-29801.5
-30316.1
-30786.8
-31213.6
-31596.8
-31936.5
-32233
-32486.6
-32697.3
-32865.6
-32991.6
-33075.4
-33117.2
-719.923
-2160.84
-3598.73
-5026.4
-6439.97
-7835.8
-9210.47
-10560.9
-11884.1
-13177.7
-14439.3
-15666.9
-16858.8
-18013.4
-19129.5
-20205.9
-21241.6
-22235.9
-23188.1
-24097.6
-24964.1
-25787
-26566.3
-27301.5
-27992.8
-28639.8
-29242.7
-29801.5
-30316.1
-30786.8
-31213.6
-31596.8
-31936.5
-32233
-32486.5
-32697.3
-32865.6
-32991.5
-33075.3
-33117.2
-719.921
-2160.84
-3598.73
-5026.39
-6439.97
-7835.79
-9210.46
-10560.8
-11884.1
-13177.7
-14439.3
-15666.9
-16858.8
-18013.4
-19129.5
-20205.9
-21241.6
-22235.9
-23188.1
-24097.6
-24964
-25787
-26566.2
-27301.5
-27992.8
-28639.8
-29242.7
-29801.4
-30316.1
-30786.8
-31213.6
-31596.8
-31936.5
-32233
-32486.5
-32697.3
-32865.6
-32991.5
-33075.3
-33117.2
-719.917
-2160.83
-3598.73
-5026.39
-6439.96
-7835.79
-9210.46
-10560.8
-11884.1
-13177.7
-14439.3
-15666.9
-16858.8
-18013.4
-19129.5
-20205.9
-21241.6
-22235.9
-23188.1
-24097.6
-24964
-25787
-26566.2
-27301.5
-27992.7
-28639.8
-29242.7
-29801.4
-30316.1
-30786.7
-31213.6
-31596.8
-31936.5
-32233
-32486.5
-32697.3
-32865.6
-32991.5
-33075.3
-33117.2
-746.237
-2239.7
-3729.61
-5208.27
-6671.44
-8115.19
-9535.86
-10930.1
-12295
-13627.9
-14926.5
-16188.7
-17412.9
-18597.6
-19741.5
-20843.6
-21903
-22919.1
-23891.2
-24819
-25702
-26540
-27332.8
-28080.3
-28782.4
-29439.1
-30050.6
-30616.8
-31137.9
-31614.1
-32045.6
-32432.6
-32775.5
-33074.5
-33330
-33542.3
-33711.6
-33838.3
-33922.6
-33964.7
-746.242
-2239.7
-3729.61
-5208.27
-6671.45
-8115.2
-9535.86
-10930.1
-12295
-13627.9
-14926.5
-16188.7
-17412.9
-18597.6
-19741.5
-20843.6
-21903
-22919.1
-23891.2
-24819
-25702
-26540
-27332.8
-28080.3
-28782.4
-29439.1
-30050.6
-30616.8
-31137.9
-31614.1
-32045.6
-32432.6
-32775.5
-33074.5
-33330
-33542.3
-33711.6
-33838.3
-33922.6
-33964.7
-746.244
-2239.71
-3729.62
-5208.27
-6671.45
-8115.2
-9535.87
-10930.1
-12295
-13627.9
-14926.5
-16188.7
-17412.9
-18597.6
-19741.5
-20843.6
-21903
-22919.1
-23891.2
-24819
-25702
-26540
-27332.8
-28080.3
-28782.4
-29439.2
-30050.6
-30616.8
-31137.9
-31614.1
-32045.6
-32432.6
-32775.5
-33074.6
-33330
-33542.3
-33711.6
-33838.3
-33922.6
-33964.7
-746.246
-2239.71
-3729.62
-5208.28
-6671.46
-8115.21
-9535.88
-10930.2
-12295.1
-13627.9
-14926.5
-16188.7
-17412.9
-18597.6
-19741.5
-20843.6
-21903
-22919.1
-23891.3
-24819
-25702
-26540
-27332.8
-28080.3
-28782.4
-29439.2
-30050.6
-30616.8
-31137.9
-31614.1
-32045.6
-32432.7
-32775.6
-33074.6
-33330.1
-33542.3
-33711.7
-33838.4
-33922.6
-33964.7
-746.247
-2239.72
-3729.63
-5208.29
-6671.48
-8115.23
-9535.9
-10930.2
-12295.1
-13628
-14926.5
-16188.8
-17413
-18597.6
-19741.5
-20843.6
-21903.1
-22919.1
-23891.3
-24819
-25702
-26540
-27332.8
-28080.3
-28782.5
-29439.2
-30050.6
-30616.8
-31137.9
-31614.1
-32045.6
-32432.7
-32775.6
-33074.6
-33330.1
-33542.4
-33711.7
-33838.4
-33922.7
-33964.7
-746.249
-2239.72
-3729.64
-5208.3
-6671.49
-8115.24
-9535.92
-10930.2
-12295.1
-13628
-14926.6
-16188.8
-17413
-18597.7
-19741.6
-20843.7
-21903.1
-22919.2
-23891.3
-24819.1
-25702.1
-26540.1
-27332.9
-28080.4
-28782.5
-29439.3
-30050.7
-30616.9
-31138
-31614.2
-32045.7
-32432.7
-32775.6
-33074.7
-33330.1
-33542.4
-33711.7
-33838.4
-33922.7
-33964.8
-746.251
-2239.73
-3729.65
-5208.31
-6671.5
-8115.26
-9535.94
-10930.2
-12295.1
-13628
-14926.6
-16188.8
-17413
-18597.7
-19741.6
-20843.7
-21903.1
-22919.2
-23891.4
-24819.1
-25702.1
-26540.1
-27332.9
-28080.4
-28782.5
-29439.3
-30050.7
-30616.9
-31138
-31614.2
-32045.7
-32432.8
-32775.7
-33074.7
-33330.2
-33542.5
-33711.8
-33838.5
-33922.7
-33964.8
-746.252
-2239.73
-3729.66
-5208.33
-6671.52
-8115.28
-9535.96
-10930.2
-12295.1
-13628
-14926.6
-16188.9
-17413.1
-18597.7
-19741.6
-20843.7
-21903.2
-22919.3
-23891.4
-24819.2
-25702.2
-26540.2
-27333
-28080.5
-28782.6
-29439.3
-30050.8
-30617
-31138.1
-31614.3
-32045.8
-32432.8
-32775.7
-33074.8
-33330.2
-33542.5
-33711.8
-33838.5
-33922.8
-33964.9
-746.254
-2239.74
-3729.67
-5208.34
-6671.54
-8115.3
-9535.98
-10930.3
-12295.2
-13628.1
-14926.7
-16188.9
-17413.1
-18597.8
-19741.7
-20843.8
-21903.2
-22919.3
-23891.5
-24819.2
-25702.2
-26540.2
-27333
-28080.5
-28782.6
-29439.4
-30050.8
-30617
-31138.1
-31614.3
-32045.8
-32432.9
-32775.8
-33074.8
-33330.3
-33542.6
-33711.9
-33838.6
-33922.8
-33964.9
-746.256
-2239.74
-3729.68
-5208.35
-6671.55
-8115.32
-9536.01
-10930.3
-12295.2
-13628.1
-14926.7
-16188.9
-17413.1
-18597.8
-19741.7
-20843.8
-21903.3
-22919.4
-23891.5
-24819.2
-25702.3
-26540.3
-27333.1
-28080.6
-28782.7
-29439.4
-30050.9
-30617.1
-31138.2
-31614.4
-32045.9
-32432.9
-32775.8
-33074.9
-33330.4
-33542.6
-33712
-33838.6
-33922.9
-33965
-746.258
-2239.75
-3729.69
-5208.37
-6671.57
-8115.34
-9536.03
-10930.3
-12295.2
-13628.1
-14926.7
-16189
-17413.2
-18597.8
-19741.8
-20843.9
-21903.3
-22919.4
-23891.5
-24819.3
-25702.3
-26540.3
-27333.1
-28080.6
-28782.7
-29439.5
-30050.9
-30617.1
-31138.2
-31614.4
-32045.9
-32433
-32775.9
-33074.9
-33330.4
-33542.7
-33712
-33838.7
-33923
-33965
-746.26
-2239.75
-3729.69
-5208.38
-6671.58
-8115.36
-9536.05
-10930.3
-12295.3
-13628.2
-14926.8
-16189
-17413.2
-18597.9
-19741.8
-20843.9
-21903.4
-22919.4
-23891.6
-24819.3
-25702.4
-26540.4
-27333.2
-28080.7
-28782.8
-29439.5
-30051
-30617.2
-31138.3
-31614.5
-32046
-32433
-32775.9
-33075
-33330.5
-33542.7
-33712.1
-33838.7
-33923
-33965.1
-746.261
-2239.76
-3729.7
-5208.39
-6671.6
-8115.38
-9536.07
-10930.4
-12295.3
-13628.2
-14926.8
-16189
-17413.2
-18597.9
-19741.8
-20843.9
-21903.4
-22919.5
-23891.6
-24819.4
-25702.4
-26540.4
-27333.2
-28080.7
-28782.8
-29439.6
-30051
-30617.2
-31138.3
-31614.5
-32046
-32433.1
-32776
-33075
-33330.5
-33542.8
-33712.1
-33838.8
-33923.1
-33965.2
-746.263
-2239.76
-3729.71
-5208.4
-6671.61
-8115.39
-9536.09
-10930.4
-12295.3
-13628.2
-14926.8
-16189.1
-17413.3
-18597.9
-19741.9
-20844
-21903.4
-22919.5
-23891.7
-24819.4
-25702.4
-26540.4
-27333.3
-28080.8
-28782.9
-29439.6
-30051.1
-30617.3
-31138.4
-31614.6
-32046.1
-32433.1
-32776
-33075.1
-33330.6
-33542.8
-33712.2
-33838.8
-33923.1
-33965.2
-746.264
-2239.77
-3729.72
-5208.41
-6671.62
-8115.41
-9536.11
-10930.4
-12295.3
-13628.2
-14926.8
-16189.1
-17413.3
-18598
-19741.9
-20844
-21903.5
-22919.6
-23891.7
-24819.5
-25702.5
-26540.5
-27333.3
-28080.8
-28782.9
-29439.7
-30051.1
-30617.3
-31138.4
-31614.6
-32046.1
-32433.2
-32776.1
-33075.1
-33330.6
-33542.9
-33712.2
-33838.9
-33923.2
-33965.2
-746.266
-2239.77
-3729.72
-5208.42
-6671.64
-8115.42
-9536.12
-10930.4
-12295.4
-13628.3
-14926.9
-16189.1
-17413.3
-18598
-19741.9
-20844
-21903.5
-22919.6
-23891.7
-24819.5
-25702.5
-26540.5
-27333.3
-28080.8
-28783
-29439.7
-30051.1
-30617.4
-31138.5
-31614.7
-32046.2
-32433.2
-32776.1
-33075.1
-33330.6
-33542.9
-33712.2
-33838.9
-33923.2
-33965.3
-746.267
-2239.77
-3729.73
-5208.42
-6671.64
-8115.43
-9536.14
-10930.4
-12295.4
-13628.3
-14926.9
-16189.1
-17413.3
-18598
-19742
-20844.1
-21903.5
-22919.6
-23891.8
-24819.5
-25702.5
-26540.5
-27333.4
-28080.9
-28783
-29439.7
-30051.2
-30617.4
-31138.5
-31614.7
-32046.2
-32433.3
-32776.1
-33075.2
-33330.7
-33542.9
-33712.3
-33839
-33923.2
-33965.3
-746.267
-2239.78
-3729.73
-5208.43
-6671.65
-8115.44
-9536.15
-10930.5
-12295.4
-13628.3
-14926.9
-16189.2
-17413.4
-18598
-19742
-20844.1
-21903.5
-22919.6
-23891.8
-24819.5
-25702.6
-26540.6
-27333.4
-28080.9
-28783
-29439.8
-30051.2
-30617.4
-31138.5
-31614.7
-32046.2
-32433.3
-32776.2
-33075.2
-33330.7
-33543
-33712.3
-33839
-33923.3
-33965.3
-746.268
-2239.78
-3729.74
-5208.43
-6671.66
-8115.45
-9536.15
-10930.5
-12295.4
-13628.3
-14926.9
-16189.2
-17413.4
-18598.1
-19742
-20844.1
-21903.6
-22919.7
-23891.8
-24819.6
-25702.6
-26540.6
-27333.4
-28080.9
-28783
-29439.8
-30051.2
-30617.4
-31138.5
-31614.7
-32046.2
-32433.3
-32776.2
-33075.2
-33330.7
-33543
-33712.3
-33839
-33923.3
-33965.4
-746.269
-2239.78
-3729.74
-5208.44
-6671.66
-8115.45
-9536.16
-10930.5
-12295.4
-13628.3
-14926.9
-16189.2
-17413.4
-18598.1
-19742
-20844.1
-21903.6
-22919.7
-23891.8
-24819.6
-25702.6
-26540.6
-27333.4
-28080.9
-28783
-29439.8
-30051.2
-30617.4
-31138.6
-31614.8
-32046.3
-32433.3
-32776.2
-33075.2
-33330.7
-33543
-33712.3
-33839
-33923.3
-33965.4
-746.268
-2239.78
-3729.74
-5208.44
-6671.66
-8115.45
-9536.16
-10930.5
-12295.4
-13628.3
-14926.9
-16189.2
-17413.4
-18598.1
-19742
-20844.1
-21903.6
-22919.7
-23891.8
-24819.6
-25702.6
-26540.6
-27333.4
-28080.9
-28783.1
-29439.8
-30051.2
-30617.5
-31138.6
-31614.8
-32046.3
-32433.3
-32776.2
-33075.3
-33330.7
-33543
-33712.3
-33839
-33923.3
-33965.4
-746.268
-2239.78
-3729.74
-5208.44
-6671.66
-8115.45
-9536.16
-10930.5
-12295.4
-13628.3
-14926.9
-16189.2
-17413.4
-18598.1
-19742
-20844.1
-21903.6
-22919.7
-23891.8
-24819.6
-25702.6
-26540.6
-27333.4
-28080.9
-28783.1
-29439.8
-30051.2
-30617.5
-31138.6
-31614.8
-32046.3
-32433.3
-32776.2
-33075.3
-33330.7
-33543
-33712.3
-33839
-33923.3
-33965.4
-746.268
-2239.78
-3729.74
-5208.44
-6671.66
-8115.45
-9536.16
-10930.5
-12295.4
-13628.3
-14926.9
-16189.2
-17413.4
-18598.1
-19742
-20844.1
-21903.6
-22919.7
-23891.8
-24819.6
-25702.6
-26540.6
-27333.4
-28080.9
-28783.1
-29439.8
-30051.2
-30617.4
-31138.6
-31614.8
-32046.3
-32433.3
-32776.2
-33075.2
-33330.7
-33543
-33712.3
-33839
-33923.3
-33965.4
-746.268
-2239.78
-3729.73
-5208.43
-6671.65
-8115.44
-9536.15
-10930.5
-12295.4
-13628.3
-14926.9
-16189.2
-17413.4
-18598.1
-19742
-20844.1
-21903.6
-22919.7
-23891.8
-24819.6
-25702.6
-26540.6
-27333.4
-28080.9
-28783
-29439.8
-30051.2
-30617.4
-31138.5
-31614.7
-32046.2
-32433.3
-32776.2
-33075.2
-33330.7
-33543
-33712.3
-33839
-33923.3
-33965.4
-746.267
-2239.78
-3729.73
-5208.43
-6671.65
-8115.44
-9536.14
-10930.4
-12295.4
-13628.3
-14926.9
-16189.2
-17413.4
-18598
-19742
-20844.1
-21903.5
-22919.6
-23891.8
-24819.6
-25702.6
-26540.6
-27333.4
-28080.9
-28783
-29439.8
-30051.2
-30617.4
-31138.5
-31614.7
-32046.2
-32433.3
-32776.2
-33075.2
-33330.7
-33543
-33712.3
-33839
-33923.3
-33965.4
-746.266
-2239.77
-3729.73
-5208.42
-6671.64
-8115.43
-9536.13
-10930.4
-12295.4
-13628.3
-14926.9
-16189.1
-17413.3
-18598
-19741.9
-20844.1
-21903.5
-22919.6
-23891.8
-24819.5
-25702.5
-26540.6
-27333.4
-28080.9
-28783
-29439.8
-30051.2
-30617.4
-31138.5
-31614.7
-32046.2
-32433.3
-32776.2
-33075.2
-33330.7
-33543
-33712.3
-33839
-33923.2
-33965.3
-746.265
-2239.77
-3729.72
-5208.41
-6671.63
-8115.42
-9536.12
-10930.4
-12295.3
-13628.3
-14926.9
-16189.1
-17413.3
-18598
-19741.9
-20844
-21903.5
-22919.6
-23891.7
-24819.5
-25702.5
-26540.5
-27333.3
-28080.8
-28783
-29439.7
-30051.2
-30617.4
-31138.5
-31614.7
-32046.2
-32433.2
-32776.1
-33075.2
-33330.7
-33542.9
-33712.3
-33838.9
-33923.2
-33965.3
-746.264
-2239.77
-3729.71
-5208.41
-6671.62
-8115.4
-9536.1
-10930.4
-12295.3
-13628.2
-14926.8
-16189.1
-17413.3
-18598
-19741.9
-20844
-21903.5
-22919.6
-23891.7
-24819.5
-25702.5
-26540.5
-27333.3
-28080.8
-28782.9
-29439.7
-30051.1
-30617.3
-31138.4
-31614.6
-32046.1
-32433.2
-32776.1
-33075.1
-33330.6
-33542.9
-33712.2
-33838.9
-33923.2
-33965.3
-746.262
-2239.76
-3729.71
-5208.4
-6671.61
-8115.39
-9536.09
-10930.4
-12295.3
-13628.2
-14926.8
-16189.1
-17413.3
-18598
-19741.9
-20844
-21903.4
-22919.5
-23891.7
-24819.4
-25702.5
-26540.5
-27333.3
-28080.8
-28782.9
-29439.7
-30051.1
-30617.3
-31138.4
-31614.6
-32046.1
-32433.2
-32776.1
-33075.1
-33330.6
-33542.9
-33712.2
-33838.9
-33923.1
-33965.2
-746.261
-2239.76
-3729.7
-5208.39
-6671.59
-8115.37
-9536.07
-10930.4
-12295.3
-13628.2
-14926.8
-16189
-17413.2
-18597.9
-19741.8
-20844
-21903.4
-22919.5
-23891.6
-24819.4
-25702.4
-26540.4
-27333.2
-28080.7
-28782.9
-29439.6
-30051.1
-30617.3
-31138.4
-31614.6
-32046.1
-32433.1
-32776
-33075.1
-33330.6
-33542.8
-33712.2
-33838.8
-33923.1
-33965.2
-746.259
-2239.75
-3729.69
-5208.37
-6671.58
-8115.36
-9536.05
-10930.3
-12295.3
-13628.2
-14926.8
-16189
-17413.2
-18597.9
-19741.8
-20843.9
-21903.4
-22919.5
-23891.6
-24819.4
-25702.4
-26540.4
-27333.2
-28080.7
-28782.8
-29439.6
-30051
-30617.2
-31138.3
-31614.5
-32046
-32433.1
-32776
-33075
-33330.5
-33542.8
-33712.1
-33838.8
-33923.1
-33965.1
-746.258
-2239.75
-3729.68
-5208.36
-6671.57
-8115.34
-9536.03
-10930.3
-12295.2
-13628.1
-14926.7
-16189
-17413.2
-18597.9
-19741.8
-20843.9
-21903.3
-22919.4
-23891.6
-24819.3
-25702.3
-26540.3
-27333.2
-28080.7
-28782.8
-29439.5
-30051
-30617.2
-31138.3
-31614.5
-32046
-32433
-32775.9
-33075
-33330.5
-33542.7
-33712.1
-33838.8
-33923
-33965.1
-746.256
-2239.74
-3729.68
-5208.35
-6671.55
-8115.32
-9536.01
-10930.3
-12295.2
-13628.1
-14926.7
-16188.9
-17413.1
-18597.8
-19741.7
-20843.8
-21903.3
-22919.4
-23891.5
-24819.3
-25702.3
-26540.3
-27333.1
-28080.6
-28782.7
-29439.5
-30050.9
-30617.1
-31138.2
-31614.4
-32045.9
-32433
-32775.9
-33074.9
-33330.4
-33542.7
-33712
-33838.7
-33923
-33965.1
-746.255
-2239.74
-3729.67
-5208.34
-6671.54
-8115.31
-9535.99
-10930.3
-12295.2
-13628.1
-14926.7
-16188.9
-17413.1
-18597.8
-19741.7
-20843.8
-21903.3
-22919.4
-23891.5
-24819.3
-25702.3
-26540.3
-27333.1
-28080.6
-28782.7
-29439.5
-30050.9
-30617.1
-31138.2
-31614.4
-32045.9
-32433
-32775.9
-33074.9
-33330.4
-33542.6
-33712
-33838.7
-33922.9
-33965
-746.253
-2239.73
-3729.66
-5208.33
-6671.53
-8115.29
-9535.97
-10930.3
-12295.2
-13628.1
-14926.6
-16188.9
-17413.1
-18597.8
-19741.7
-20843.8
-21903.2
-22919.3
-23891.5
-24819.2
-25702.2
-26540.2
-27333
-28080.5
-28782.7
-29439.4
-30050.9
-30617.1
-31138.2
-31614.4
-32045.9
-32432.9
-32775.8
-33074.9
-33330.3
-33542.6
-33711.9
-33838.6
-33922.9
-33965
-746.252
-2239.73
-3729.65
-5208.32
-6671.51
-8115.28
-9535.96
-10930.2
-12295.1
-13628
-14926.6
-16188.9
-17413.1
-18597.7
-19741.6
-20843.8
-21903.2
-22919.3
-23891.4
-24819.2
-25702.2
-26540.2
-27333
-28080.5
-28782.6
-29439.4
-30050.8
-30617
-31138.1
-31614.3
-32045.8
-32432.9
-32775.8
-33074.8
-33330.3
-33542.6
-33711.9
-33838.6
-33922.9
-33964.9
-746.25
-2239.73
-3729.65
-5208.31
-6671.5
-8115.26
-9535.94
-10930.2
-12295.1
-13628
-14926.6
-16188.8
-17413
-18597.7
-19741.6
-20843.7
-21903.2
-22919.3
-23891.4
-24819.2
-25702.2
-26540.2
-27333
-28080.5
-28782.6
-29439.4
-30050.8
-30617
-31138.1
-31614.3
-32045.8
-32432.9
-32775.8
-33074.8
-33330.3
-33542.5
-33711.9
-33838.6
-33922.8
-33964.9
-746.249
-2239.72
-3729.64
-5208.31
-6671.5
-8115.25
-9535.93
-10930.2
-12295.1
-13628
-14926.6
-16188.8
-17413
-18597.7
-19741.6
-20843.7
-21903.2
-22919.2
-23891.4
-24819.1
-25702.2
-26540.2
-27333
-28080.5
-28782.6
-29439.3
-30050.8
-30617
-31138.1
-31614.3
-32045.8
-32432.8
-32775.7
-33074.8
-33330.3
-33542.5
-33711.9
-33838.5
-33922.8
-33964.9
-746.247
-2239.72
-3729.64
-5208.3
-6671.49
-8115.25
-9535.92
-10930.2
-12295.1
-13628
-14926.6
-16188.8
-17413
-18597.7
-19741.6
-20843.7
-21903.1
-22919.2
-23891.4
-24819.1
-25702.1
-26540.1
-27332.9
-28080.4
-28782.6
-29439.3
-30050.8
-30617
-31138.1
-31614.3
-32045.8
-32432.8
-32775.7
-33074.8
-33330.2
-33542.5
-33711.8
-33838.5
-33922.8
-33964.9
-746.242
-2239.71
-3729.63
-5208.3
-6671.49
-8115.24
-9535.92
-10930.2
-12295.1
-13628
-14926.6
-16188.8
-17413
-18597.7
-19741.6
-20843.7
-21903.1
-22919.2
-23891.4
-24819.1
-25702.1
-26540.1
-27332.9
-28080.4
-28782.6
-29439.3
-30050.8
-30617
-31138.1
-31614.3
-32045.8
-32432.8
-32775.7
-33074.8
-33330.2
-33542.5
-33711.8
-33838.5
-33922.8
-33964.9
-774.851
-2325.4
-3871.77
-5405.64
-6922.39
-8417.72
-9887.71
-11328.8
-12738
-14112.6
-15450.1
-16748.7
-18006.6
-19222.6
-20395.4
-21524
-22607.9
-23646.3
-24638.9
-25585.2
-26485
-27338.3
-28144.8
-28904.5
-29617.6
-30283.9
-30903.8
-31477.3
-32004.7
-32486.2
-32922.2
-33312.8
-33658.6
-33959.8
-34216.9
-34430.4
-34600.5
-34727.7
-34812.3
-34854.5
-774.856
-2325.41
-3871.78
-5405.65
-6922.4
-8417.73
-9887.71
-11328.9
-12738
-14112.6
-15450.1
-16748.7
-18006.6
-19222.6
-20395.4
-21524.1
-22607.9
-23646.3
-24638.9
-25585.2
-26485.1
-27338.3
-28144.8
-28904.5
-29617.6
-30284
-30903.8
-31477.4
-32004.7
-32486.3
-32922.2
-33312.8
-33658.6
-33959.8
-34217
-34430.4
-34600.5
-34727.7
-34812.3
-34854.5
-774.858
-2325.42
-3871.78
-5405.66
-6922.41
-8417.74
-9887.72
-11328.9
-12738
-14112.6
-15450.1
-16748.7
-18006.7
-19222.6
-20395.4
-21524.1
-22607.9
-23646.4
-24638.9
-25585.2
-26485.1
-27338.3
-28144.8
-28904.6
-29617.6
-30284
-30903.9
-31477.4
-32004.8
-32486.3
-32922.2
-33312.8
-33658.6
-33959.8
-34217
-34430.4
-34600.5
-34727.7
-34812.3
-34854.5
-774.86
-2325.42
-3871.79
-5405.66
-6922.42
-8417.75
-9887.74
-11328.9
-12738.1
-14112.6
-15450.1
-16748.7
-18006.7
-19222.6
-20395.4
-21524.1
-22608
-23646.4
-24638.9
-25585.2
-26485.1
-27338.3
-28144.8
-28904.6
-29617.6
-30284
-30903.9
-31477.4
-32004.8
-32486.3
-32922.2
-33312.9
-33658.6
-33959.9
-34217
-34430.4
-34600.6
-34727.8
-34812.3
-34854.6
-774.862
-2325.43
-3871.8
-5405.68
-6922.43
-8417.76
-9887.76
-11328.9
-12738.1
-14112.6
-15450.2
-16748.8
-18006.7
-19222.7
-20395.4
-21524.1
-22608
-23646.4
-24639
-25585.3
-26485.1
-27338.4
-28144.9
-28904.6
-29617.7
-30284
-30903.9
-31477.4
-32004.8
-32486.3
-32922.3
-33312.9
-33658.7
-33959.9
-34217
-34430.5
-34600.6
-34727.8
-34812.4
-34854.6
-774.864
-2325.43
-3871.81
-5405.69
-6922.45
-8417.78
-9887.78
-11328.9
-12738.1
-14112.7
-15450.2
-16748.8
-18006.7
-19222.7
-20395.5
-21524.2
-22608
-23646.5
-24639
-25585.3
-26485.2
-27338.4
-28144.9
-28904.7
-29617.7
-30284.1
-30904
-31477.5
-32004.9
-32486.4
-32922.3
-33313
-33658.7
-33960
-34217.1
-34430.5
-34600.7
-34727.9
-34812.4
-34854.6
-774.866
-2325.44
-3871.82
-5405.7
-6922.47
-8417.81
-9887.8
-11329
-12738.1
-14112.7
-15450.2
-16748.8
-18006.8
-19222.7
-20395.5
-21524.2
-22608.1
-23646.5
-24639.1
-25585.4
-26485.2
-27338.5
-28145
-28904.7
-29617.7
-30284.1
-30904
-31477.5
-32004.9
-32486.4
-32922.4
-33313
-33658.8
-33960
-34217.1
-34430.6
-34600.7
-34727.9
-34812.5
-34854.7
-774.868
-2325.45
-3871.83
-5405.72
-6922.48
-8417.83
-9887.83
-11329
-12738.2
-14112.7
-15450.3
-16748.9
-18006.8
-19222.8
-20395.6
-21524.3
-22608.1
-23646.6
-24639.1
-25585.4
-26485.3
-27338.5
-28145
-28904.8
-29617.8
-30284.2
-30904.1
-31477.6
-32005
-32486.5
-32922.4
-33313.1
-33658.8
-33960.1
-34217.2
-34430.6
-34600.8
-34728
-34812.5
-34854.8
-774.871
-2325.45
-3871.84
-5405.73
-6922.5
-8417.85
-9887.86
-11329
-12738.2
-14112.8
-15450.3
-16748.9
-18006.9
-19222.8
-20395.6
-21524.3
-22608.2
-23646.6
-24639.2
-25585.5
-26485.3
-27338.6
-28145.1
-28904.8
-29617.9
-30284.3
-30904.1
-31477.7
-32005.1
-32486.6
-32922.5
-33313.1
-33658.9
-33960.1
-34217.3
-34430.7
-34600.8
-34728
-34812.6
-34854.8
-774.873
-2325.46
-3871.85
-5405.75
-6922.52
-8417.87
-9887.89
-11329
-12738.2
-14112.8
-15450.4
-16749
-18006.9
-19222.9
-20395.7
-21524.4
-22608.2
-23646.7
-24639.2
-25585.5
-26485.4
-27338.6
-28145.1
-28904.9
-29617.9
-30284.3
-30904.2
-31477.7
-32005.1
-32486.6
-32922.5
-33313.2
-33659
-33960.2
-34217.3
-34430.8
-34600.9
-34728.1
-34812.7
-34854.9
-774.875
-2325.47
-3871.86
-5405.76
-6922.54
-8417.9
-9887.91
-11329.1
-12738.3
-14112.8
-15450.4
-16749
-18007
-19222.9
-20395.7
-21524.4
-22608.3
-23646.7
-24639.3
-25585.6
-26485.5
-27338.7
-28145.2
-28904.9
-29618
-30284.4
-30904.3
-31477.8
-32005.2
-32486.7
-32922.6
-33313.3
-33659
-33960.3
-34217.4
-34430.8
-34601
-34728.2
-34812.7
-34854.9
-774.877
-2325.47
-3871.87
-5405.78
-6922.56
-8417.92
-9887.94
-11329.1
-12738.3
-14112.9
-15450.4
-16749
-18007
-19223
-20395.8
-21524.5
-22608.3
-23646.8
-24639.3
-25585.6
-26485.5
-27338.7
-28145.2
-28905
-29618
-30284.4
-30904.3
-31477.8
-32005.2
-32486.8
-32922.7
-33313.3
-33659.1
-33960.3
-34217.5
-34430.9
-34601
-34728.2
-34812.8
-34855
-774.879
-2325.48
-3871.88
-5405.79
-6922.58
-8417.94
-9887.96
-11329.1
-12738.3
-14112.9
-15450.5
-16749.1
-18007
-19223
-20395.8
-21524.5
-22608.4
-23646.8
-24639.4
-25585.7
-26485.6
-27338.8
-28145.3
-28905.1
-29618.1
-30284.5
-30904.4
-31477.9
-32005.3
-32486.8
-32922.7
-33313.4
-33659.1
-33960.4
-34217.5
-34430.9
-34601.1
-34728.3
-34812.8
-34855.1
-774.881
-2325.48
-3871.89
-5405.8
-6922.59
-8417.96
-9887.99
-11329.2
-12738.4
-14112.9
-15450.5
-16749.1
-18007.1
-19223
-20395.8
-21524.5
-22608.4
-23646.9
-24639.4
-25585.7
-26485.6
-27338.8
-28145.3
-28905.1
-29618.1
-30284.5
-30904.4
-31478
-32005.3
-32486.9
-32922.8
-33313.4
-33659.2
-33960.4
-34217.6
-34431
-34601.1
-34728.3
-34812.9
-34855.1
-774.883
-2325.49
-3871.9
-5405.82
-6922.61
-8417.98
-9888
-11329.2
-12738.4
-14113
-15450.5
-16749.1
-18007.1
-19223.1
-20395.9
-21524.6
-22608.5
-23646.9
-24639.5
-25585.8
-26485.6
-27338.9
-28145.4
-28905.2
-29618.2
-30284.6
-30904.5
-31478
-32005.4
-32486.9
-32922.8
-33313.5
-33659.2
-33960.5
-34217.6
-34431
-34601.2
-34728.4
-34812.9
-34855.2
-774.884
-2325.49
-3871.9
-5405.83
-6922.62
-8417.99
-9888.02
-11329.2
-12738.4
-14113
-15450.6
-16749.2
-18007.1
-19223.1
-20395.9
-21524.6
-22608.5
-23646.9
-24639.5
-25585.8
-26485.7
-27338.9
-28145.4
-28905.2
-29618.2
-30284.6
-30904.5
-31478
-32005.4
-32486.9
-32922.9
-33313.5
-33659.3
-33960.5
-34217.7
-34431.1
-34601.2
-34728.4
-34813
-34855.2
-774.885
-2325.5
-3871.91
-5405.83
-6922.63
-8418
-9888.04
-11329.2
-12738.4
-14113
-15450.6
-16749.2
-18007.2
-19223.1
-20395.9
-21524.6
-22608.5
-23647
-24639.5
-25585.9
-26485.7
-27339
-28145.5
-28905.2
-29618.3
-30284.7
-30904.5
-31478.1
-32005.5
-32487
-32922.9
-33313.6
-33659.3
-33960.6
-34217.7
-34431.1
-34601.3
-34728.5
-34813
-34855.2
-774.886
-2325.5
-3871.92
-5405.84
-6922.64
-8418.01
-9888.05
-11329.2
-12738.5
-14113
-15450.6
-16749.2
-18007.2
-19223.2
-20396
-21524.7
-22608.5
-23647
-24639.5
-25585.9
-26485.7
-27339
-28145.5
-28905.3
-29618.3
-30284.7
-30904.6
-31478.1
-32005.5
-32487
-32922.9
-33313.6
-33659.3
-33960.6
-34217.7
-34431.2
-34601.3
-34728.5
-34813.1
-34855.3
-774.887
-2325.5
-3871.92
-5405.84
-6922.65
-8418.02
-9888.06
-11329.2
-12738.5
-14113
-15450.6
-16749.2
-18007.2
-19223.2
-20396
-21524.7
-22608.6
-23647
-24639.6
-25585.9
-26485.8
-27339
-28145.5
-28905.3
-29618.3
-30284.7
-30904.6
-31478.1
-32005.5
-32487
-32923
-33313.6
-33659.4
-33960.6
-34217.7
-34431.2
-34601.3
-34728.5
-34813.1
-34855.3
-774.887
-2325.5
-3871.92
-5405.85
-6922.65
-8418.03
-9888.06
-11329.2
-12738.5
-14113
-15450.6
-16749.2
-18007.2
-19223.2
-20396
-21524.7
-22608.6
-23647
-24639.6
-25585.9
-26485.8
-27339
-28145.5
-28905.3
-29618.3
-30284.7
-30904.6
-31478.1
-32005.5
-32487.1
-32923
-33313.6
-33659.4
-33960.6
-34217.8
-34431.2
-34601.3
-34728.5
-34813.1
-34855.3
-774.887
-2325.5
-3871.92
-5405.85
-6922.65
-8418.03
-9888.06
-11329.2
-12738.5
-14113
-15450.6
-16749.2
-18007.2
-19223.2
-20396
-21524.7
-22608.6
-23647
-24639.6
-25585.9
-26485.8
-27339
-28145.5
-28905.3
-29618.3
-30284.7
-30904.6
-31478.2
-32005.5
-32487.1
-32923
-33313.6
-33659.4
-33960.6
-34217.8
-34431.2
-34601.3
-34728.5
-34813.1
-34855.3
-774.887
-2325.5
-3871.92
-5405.85
-6922.65
-8418.03
-9888.06
-11329.2
-12738.5
-14113
-15450.6
-16749.2
-18007.2
-19223.2
-20396
-21524.7
-22608.6
-23647
-24639.6
-25585.9
-26485.8
-27339
-28145.5
-28905.3
-29618.3
-30284.7
-30904.6
-31478.2
-32005.5
-32487.1
-32923
-33313.6
-33659.4
-33960.6
-34217.8
-34431.2
-34601.3
-34728.5
-34813.1
-34855.3
-774.887
-2325.5
-3871.92
-5405.85
-6922.65
-8418.02
-9888.06
-11329.2
-12738.5
-14113
-15450.6
-16749.2
-18007.2
-19223.2
-20396
-21524.7
-22608.6
-23647
-24639.6
-25585.9
-26485.8
-27339
-28145.5
-28905.3
-29618.3
-30284.7
-30904.6
-31478.1
-32005.5
-32487.1
-32923
-33313.6
-33659.4
-33960.6
-34217.8
-34431.2
-34601.3
-34728.5
-34813.1
-34855.3
-774.886
-2325.5
-3871.92
-5405.84
-6922.64
-8418.02
-9888.05
-11329.2
-12738.5
-14113
-15450.6
-16749.2
-18007.2
-19223.2
-20396
-21524.7
-22608.6
-23647
-24639.6
-25585.9
-26485.8
-27339
-28145.5
-28905.3
-29618.3
-30284.7
-30904.6
-31478.1
-32005.5
-32487
-32923
-33313.6
-33659.4
-33960.6
-34217.7
-34431.2
-34601.3
-34728.5
-34813.1
-34855.3
-774.885
-2325.5
-3871.91
-5405.84
-6922.63
-8418.01
-9888.04
-11329.2
-12738.4
-14113
-15450.6
-16749.2
-18007.2
-19223.1
-20395.9
-21524.7
-22608.5
-23647
-24639.5
-25585.9
-26485.7
-27339
-28145.5
-28905.3
-29618.3
-30284.7
-30904.6
-31478.1
-32005.5
-32487
-32922.9
-33313.6
-33659.3
-33960.6
-34217.7
-34431.2
-34601.3
-34728.5
-34813.1
-34855.3
-774.884
-2325.49
-3871.91
-5405.83
-6922.62
-8418
-9888.03
-11329.2
-12738.4
-14113
-15450.6
-16749.2
-18007.2
-19223.1
-20395.9
-21524.6
-22608.5
-23647
-24639.5
-25585.9
-26485.7
-27338.9
-28145.5
-28905.2
-29618.3
-30284.7
-30904.5
-31478.1
-32005.5
-32487
-32922.9
-33313.6
-33659.3
-33960.6
-34217.7
-34431.1
-34601.3
-34728.5
-34813
-34855.3
-774.883
-2325.49
-3871.9
-5405.82
-6922.61
-8417.98
-9888.01
-11329.2
-12738.4
-14113
-15450.5
-16749.2
-18007.1
-19223.1
-20395.9
-21524.6
-22608.5
-23646.9
-24639.5
-25585.8
-26485.7
-27338.9
-28145.4
-28905.2
-29618.2
-30284.6
-30904.5
-31478
-32005.4
-32487
-32922.9
-33313.5
-33659.3
-33960.5
-34217.7
-34431.1
-34601.2
-34728.4
-34813
-34855.2
-774.881
-2325.48
-3871.89
-5405.81
-6922.6
-8417.97
-9887.99
-11329.2
-12738.4
-14112.9
-15450.5
-16749.1
-18007.1
-19223.1
-20395.9
-21524.6
-22608.4
-23646.9
-24639.5
-25585.8
-26485.6
-27338.9
-28145.4
-28905.2
-29618.2
-30284.6
-30904.5
-31478
-32005.4
-32486.9
-32922.8
-33313.5
-33659.3
-33960.5
-34217.6
-34431.1
-34601.2
-34728.4
-34813
-34855.2
-774.88
-2325.48
-3871.88
-5405.8
-6922.59
-8417.95
-9887.97
-11329.1
-12738.4
-14112.9
-15450.5
-16749.1
-18007.1
-19223
-20395.8
-21524.5
-22608.4
-23646.9
-24639.4
-25585.7
-26485.6
-27338.8
-28145.4
-28905.1
-29618.2
-30284.6
-30904.4
-31478
-32005.4
-32486.9
-32922.8
-33313.5
-33659.2
-33960.4
-34217.6
-34431
-34601.2
-34728.4
-34812.9
-34855.1
-774.878
-2325.47
-3871.88
-5405.79
-6922.57
-8417.93
-9887.95
-11329.1
-12738.3
-14112.9
-15450.5
-16749.1
-18007
-19223
-20395.8
-21524.5
-22608.4
-23646.8
-24639.4
-25585.7
-26485.6
-27338.8
-28145.3
-28905.1
-29618.1
-30284.5
-30904.4
-31477.9
-32005.3
-32486.8
-32922.8
-33313.4
-33659.2
-33960.4
-34217.5
-34431
-34601.1
-34728.3
-34812.9
-34855.1
-774.876
-2325.47
-3871.87
-5405.77
-6922.55
-8417.91
-9887.93
-11329.1
-12738.3
-14112.9
-15450.4
-16749
-18007
-19223
-20395.8
-21524.5
-22608.3
-23646.8
-24639.3
-25585.7
-26485.5
-27338.7
-28145.3
-28905
-29618.1
-30284.5
-30904.3
-31477.9
-32005.3
-32486.8
-32922.7
-33313.4
-33659.1
-33960.4
-34217.5
-34430.9
-34601.1
-34728.3
-34812.8
-34855
-774.874
-2325.46
-3871.86
-5405.76
-6922.54
-8417.89
-9887.91
-11329.1
-12738.3
-14112.8
-15450.4
-16749
-18007
-19222.9
-20395.7
-21524.4
-22608.3
-23646.7
-24639.3
-25585.6
-26485.5
-27338.7
-28145.2
-28905
-29618
-30284.4
-30904.3
-31477.8
-32005.2
-32486.7
-32922.7
-33313.3
-33659.1
-33960.3
-34217.4
-34430.9
-34601
-34728.2
-34812.8
-34855
-774.872
-2325.46
-3871.85
-5405.75
-6922.52
-8417.87
-9887.88
-11329
-12738.2
-14112.8
-15450.4
-16749
-18006.9
-19222.9
-20395.7
-21524.4
-22608.2
-23646.7
-24639.2
-25585.6
-26485.4
-27338.7
-28145.2
-28904.9
-29618
-30284.4
-30904.2
-31477.8
-32005.2
-32486.7
-32922.6
-33313.3
-33659
-33960.3
-34217.4
-34430.8
-34601
-34728.2
-34812.7
-34854.9
-774.87
-2325.45
-3871.84
-5405.73
-6922.5
-8417.85
-9887.86
-11329
-12738.2
-14112.8
-15450.3
-16748.9
-18006.9
-19222.8
-20395.6
-21524.3
-22608.2
-23646.6
-24639.2
-25585.5
-26485.4
-27338.6
-28145.1
-28904.9
-29617.9
-30284.3
-30904.2
-31477.7
-32005.1
-32486.6
-32922.6
-33313.2
-33659
-33960.2
-34217.3
-34430.8
-34600.9
-34728.1
-34812.7
-34854.9
-774.868
-2325.45
-3871.83
-5405.72
-6922.49
-8417.83
-9887.84
-11329
-12738.2
-14112.7
-15450.3
-16748.9
-18006.9
-19222.8
-20395.6
-21524.3
-22608.2
-23646.6
-24639.2
-25585.5
-26485.3
-27338.6
-28145.1
-28904.8
-29617.9
-30284.3
-30904.2
-31477.7
-32005.1
-32486.6
-32922.5
-33313.2
-33658.9
-33960.2
-34217.3
-34430.7
-34600.9
-34728.1
-34812.6
-34854.8
-774.867
-2325.44
-3871.82
-5405.71
-6922.47
-8417.82
-9887.82
-11329
-12738.2
-14112.7
-15450.3
-16748.9
-18006.8
-19222.8
-20395.6
-21524.3
-22608.1
-23646.6
-24639.1
-25585.4
-26485.3
-27338.5
-28145
-28904.8
-29617.8
-30284.2
-30904.1
-31477.6
-32005
-32486.6
-32922.5
-33313.1
-33658.9
-33960.1
-34217.3
-34430.7
-34600.8
-34728
-34812.6
-34854.8
-774.865
-2325.44
-3871.81
-5405.7
-6922.46
-8417.8
-9887.8
-11328.9
-12738.1
-14112.7
-15450.2
-16748.8
-18006.8
-19222.7
-20395.5
-21524.2
-22608.1
-23646.5
-24639.1
-25585.4
-26485.3
-27338.5
-28145
-28904.8
-29617.8
-30284.2
-30904.1
-31477.6
-32005
-32486.5
-32922.4
-33313.1
-33658.8
-33960.1
-34217.2
-34430.7
-34600.8
-34728
-34812.5
-34854.8
-774.863
-2325.43
-3871.81
-5405.69
-6922.45
-8417.79
-9887.79
-11328.9
-12738.1
-14112.7
-15450.2
-16748.8
-18006.8
-19222.7
-20395.5
-21524.2
-22608.1
-23646.5
-24639.1
-25585.4
-26485.2
-27338.5
-28145
-28904.7
-29617.8
-30284.2
-30904.1
-31477.6
-32005
-32486.5
-32922.4
-33313.1
-33658.8
-33960.1
-34217.2
-34430.6
-34600.8
-34728
-34812.5
-34854.7
-774.861
-2325.43
-3871.8
-5405.68
-6922.44
-8417.78
-9887.78
-11328.9
-12738.1
-14112.7
-15450.2
-16748.8
-18006.8
-19222.7
-20395.5
-21524.2
-22608.1
-23646.5
-24639
-25585.4
-26485.2
-27338.5
-28145
-28904.7
-29617.8
-30284.2
-30904
-31477.6
-32005
-32486.5
-32922.4
-33313
-33658.8
-33960
-34217.2
-34430.6
-34600.8
-34727.9
-34812.5
-34854.7
-774.856
-2325.42
-3871.8
-5405.68
-6922.44
-8417.78
-9887.77
-11328.9
-12738.1
-14112.6
-15450.2
-16748.8
-18006.8
-19222.7
-20395.5
-21524.2
-22608
-23646.5
-24639
-25585.4
-26485.2
-27338.4
-28145
-28904.7
-29617.8
-30284.1
-30904
-31477.6
-32005
-32486.5
-32922.4
-33313
-33658.8
-33960
-34217.2
-34430.6
-34600.7
-34727.9
-34812.5
-34854.7
-806.013
-2418.71
-4026.42
-5620.14
-7194.76
-8745.59
-10268.4
-11759.5
-13215.7
-14634.2
-16012.7
-17349.3
-18642.4
-19890.7
-21093.3
-22249.4
-23358.2
-24419.5
-25432.7
-26397.9
-27314.8
-28183.3
-29003.5
-29775.5
-30499.4
-31175.3
-31803.4
-32384.1
-32917.5
-33404
-33844
-34237.9
-34586.1
-34889.2
-35147.5
-35361.8
-35532.3
-35659.8
-35744.4
-35786.6
-806.018
-2418.72
-4026.43
-5620.15
-7194.77
-8745.59
-10268.4
-11759.5
-13215.7
-14634.2
-16012.7
-17349.3
-18642.4
-19890.8
-21093.3
-22249.4
-23358.2
-24419.5
-25432.8
-26397.9
-27314.8
-28183.3
-29003.5
-29775.5
-30499.4
-31175.3
-31803.4
-32384.1
-32917.5
-33404
-33844
-34237.9
-34586.2
-34889.2
-35147.6
-35361.8
-35532.4
-35659.8
-35744.4
-35786.6
-806.02
-2418.72
-4026.43
-5620.16
-7194.78
-8745.6
-10268.4
-11759.5
-13215.7
-14634.2
-16012.7
-17349.3
-18642.4
-19890.8
-21093.4
-22249.4
-23358.2
-24419.5
-25432.8
-26397.9
-27314.8
-28183.3
-29003.5
-29775.5
-30499.4
-31175.3
-31803.5
-32384.1
-32917.5
-33404.1
-33844.1
-34238
-34586.2
-34889.2
-35147.6
-35361.8
-35532.4
-35659.8
-35744.4
-35786.7
-806.023
-2418.73
-4026.44
-5620.17
-7194.79
-8745.62
-10268.4
-11759.6
-13215.7
-14634.2
-16012.7
-17349.3
-18642.4
-19890.8
-21093.4
-22249.4
-23358.3
-24419.5
-25432.8
-26398
-27314.8
-28183.4
-29003.6
-29775.6
-30499.4
-31175.3
-31803.5
-32384.1
-32917.6
-33404.1
-33844.1
-34238
-34586.2
-34889.3
-35147.6
-35361.8
-35532.4
-35659.8
-35744.5
-35786.7
-806.025
-2418.73
-4026.45
-5620.18
-7194.81
-8745.64
-10268.5
-11759.6
-13215.8
-14634.3
-16012.8
-17349.4
-18642.5
-19890.8
-21093.4
-22249.5
-23358.3
-24419.6
-25432.9
-26398
-27314.9
-28183.4
-29003.6
-29775.6
-30499.5
-31175.4
-31803.5
-32384.2
-32917.6
-33404.1
-33844.2
-34238
-34586.3
-34889.3
-35147.7
-35361.9
-35532.5
-35659.9
-35744.5
-35786.8
-806.027
-2418.74
-4026.46
-5620.2
-7194.83
-8745.66
-10268.5
-11759.6
-13215.8
-14634.3
-16012.8
-17349.4
-18642.5
-19890.9
-21093.5
-22249.5
-23358.4
-24419.6
-25432.9
-26398.1
-27314.9
-28183.5
-29003.7
-29775.7
-30499.5
-31175.4
-31803.6
-32384.2
-32917.7
-33404.2
-33844.2
-34238.1
-34586.3
-34889.4
-35147.7
-35361.9
-35532.5
-35659.9
-35744.6
-35786.8
-806.03
-2418.75
-4026.48
-5620.21
-7194.85
-8745.69
-10268.5
-11759.6
-13215.8
-14634.3
-16012.8
-17349.5
-18642.6
-19890.9
-21093.5
-22249.6
-23358.4
-24419.7
-25433
-26398.1
-27315
-28183.5
-29003.7
-29775.7
-30499.6
-31175.5
-31803.7
-32384.3
-32917.7
-33404.3
-33844.3
-34238.2
-34586.4
-34889.4
-35147.8
-35362
-35532.6
-35660
-35744.6
-35786.9
-806.032
-2418.76
-4026.49
-5620.23
-7194.87
-8745.71
-10268.6
-11759.7
-13215.9
-14634.4
-16012.9
-17349.5
-18642.6
-19891
-21093.6
-22249.6
-23358.5
-24419.7
-25433
-26398.2
-27315
-28183.6
-29003.8
-29775.8
-30499.7
-31175.6
-31803.7
-32384.4
-32917.8
-33404.3
-33844.3
-34238.2
-34586.4
-34889.5
-35147.9
-35362.1
-35532.7
-35660.1
-35744.7
-35786.9
-806.035
-2418.76
-4026.5
-5620.25
-7194.89
-8745.74
-10268.6
-11759.7
-13215.9
-14634.4
-16012.9
-17349.5
-18642.7
-19891
-21093.6
-22249.7
-23358.5
-24419.8
-25433.1
-26398.2
-27315.1
-28183.6
-29003.9
-29775.9
-30499.7
-31175.6
-31803.8
-32384.4
-32917.9
-33404.4
-33844.4
-34238.3
-34586.5
-34889.6
-35147.9
-35362.1
-35532.7
-35660.1
-35744.8
-35787
-806.038
-2418.77
-4026.52
-5620.27
-7194.92
-8745.77
-10268.6
-11759.7
-13215.9
-14634.5
-16013
-17349.6
-18642.7
-19891.1
-21093.7
-22249.7
-23358.6
-24419.8
-25433.1
-26398.3
-27315.2
-28183.7
-29003.9
-29775.9
-30499.8
-31175.7
-31803.9
-32384.5
-32917.9
-33404.5
-33844.5
-34238.4
-34586.6
-34889.6
-35148
-35362.2
-35532.8
-35660.2
-35744.8
-35787.1
-806.04
-2418.78
-4026.53
-5620.29
-7194.94
-8745.8
-10268.6
-11759.8
-13216
-14634.5
-16013
-17349.6
-18642.8
-19891.1
-21093.8
-22249.8
-23358.7
-24419.9
-25433.2
-26398.4
-27315.2
-28183.8
-29004
-29776
-30499.9
-31175.8
-31803.9
-32384.6
-32918
-33404.5
-33844.5
-34238.4
-34586.7
-34889.7
-35148.1
-35362.3
-35532.9
-35660.3
-35744.9
-35787.2
-806.043
-2418.79
-4026.54
-5620.3
-7194.96
-8745.82
-10268.7
-11759.8
-13216
-14634.5
-16013.1
-17349.7
-18642.8
-19891.2
-21093.8
-22249.8
-23358.7
-24420
-25433.3
-26398.4
-27315.3
-28183.8
-29004.1
-29776.1
-30499.9
-31175.8
-31804
-32384.7
-32918.1
-33404.6
-33844.6
-34238.5
-34586.7
-34889.8
-35148.1
-35362.4
-35532.9
-35660.3
-35745
-35787.2
-806.045
-2418.79
-4026.55
-5620.32
-7194.98
-8745.85
-10268.7
-11759.8
-13216.1
-14634.6
-16013.1
-17349.7
-18642.9
-19891.2
-21093.9
-22249.9
-23358.8
-24420
-25433.3
-26398.5
-27315.4
-28183.9
-29004.1
-29776.1
-30500
-31175.9
-31804.1
-32384.7
-32918.1
-33404.7
-33844.7
-34238.6
-34586.8
-34889.8
-35148.2
-35362.4
-35533
-35660.4
-35745
-35787.3
-806.047
-2418.8
-4026.56
-5620.34
-7195
-8745.87
-10268.7
-11759.9
-13216.1
-14634.6
-16013.2
-17349.8
-18642.9
-19891.3
-21093.9
-22249.9
-23358.8
-24420.1
-25433.4
-26398.5
-27315.4
-28184
-29004.2
-29776.2
-30500.1
-31176
-31804.1
-32384.8
-32918.2
-33404.7
-33844.7
-34238.6
-34586.9
-34889.9
-35148.3
-35362.5
-35533.1
-35660.5
-35745.1
-35787.4
-806.049
-2418.81
-4026.57
-5620.35
-7195.02
-8745.89
-10268.8
-11759.9
-13216.1
-14634.6
-16013.2
-17349.8
-18643
-19891.3
-21093.9
-22250
-23358.9
-24420.1
-25433.4
-26398.6
-27315.5
-28184
-29004.2
-29776.2
-30500.1
-31176
-31804.2
-32384.8
-32918.3
-33404.8
-33844.8
-34238.7
-34586.9
-34889.9
-35148.3
-35362.5
-35533.1
-35660.5
-35745.2
-35787.4
-806.051
-2418.81
-4026.58
-5620.36
-7195.03
-8745.91
-10268.8
-11759.9
-13216.1
-14634.7
-16013.2
-17349.8
-18643
-19891.4
-21094
-22250
-23358.9
-24420.2
-25433.5
-26398.6
-27315.5
-28184
-29004.3
-29776.3
-30500.1
-31176.1
-31804.2
-32384.9
-32918.3
-33404.8
-33844.8
-34238.7
-34587
-34890
-35148.4
-35362.6
-35533.2
-35660.6
-35745.2
-35787.5
-806.052
-2418.82
-4026.59
-5620.37
-7195.04
-8745.92
-10268.8
-11759.9
-13216.2
-14634.7
-16013.2
-17349.9
-18643
-19891.4
-21094
-22250.1
-23358.9
-24420.2
-25433.5
-26398.7
-27315.5
-28184.1
-29004.3
-29776.3
-30500.2
-31176.1
-31804.3
-32384.9
-32918.3
-33404.9
-33844.9
-34238.8
-34587
-34890
-35148.4
-35362.6
-35533.2
-35660.6
-35745.3
-35787.5
-806.053
-2418.82
-4026.59
-5620.38
-7195.05
-8745.93
-10268.8
-11760
-13216.2
-14634.7
-16013.3
-17349.9
-18643
-19891.4
-21094
-22250.1
-23359
-24420.2
-25433.5
-26398.7
-27315.6
-28184.1
-29004.3
-29776.3
-30500.2
-31176.1
-31804.3
-32384.9
-32918.4
-33404.9
-33844.9
-34238.8
-34587
-34890.1
-35148.4
-35362.7
-35533.2
-35660.7
-35745.3
-35787.5
-806.054
-2418.82
-4026.6
-5620.38
-7195.06
-8745.94
-10268.8
-11760
-13216.2
-14634.7
-16013.3
-17349.9
-18643.1
-19891.4
-21094.1
-22250.1
-23359
-24420.2
-25433.6
-26398.7
-27315.6
-28184.1
-29004.4
-29776.4
-30500.2
-31176.2
-31804.3
-32385
-32918.4
-33404.9
-33844.9
-34238.8
-34587.1
-34890.1
-35148.5
-35362.7
-35533.3
-35660.7
-35745.3
-35787.6
-806.054
-2418.82
-4026.6
-5620.38
-7195.06
-8745.95
-10268.8
-11760
-13216.2
-14634.7
-16013.3
-17349.9
-18643.1
-19891.4
-21094.1
-22250.1
-23359
-24420.2
-25433.6
-26398.7
-27315.6
-28184.1
-29004.4
-29776.4
-30500.3
-31176.2
-31804.3
-32385
-32918.4
-33405
-33845
-34238.8
-34587.1
-34890.1
-35148.5
-35362.7
-35533.3
-35660.7
-35745.3
-35787.6
-806.055
-2418.82
-4026.6
-5620.39
-7195.06
-8745.95
-10268.8
-11760
-13216.2
-14634.7
-16013.3
-17349.9
-18643.1
-19891.5
-21094.1
-22250.1
-23359
-24420.3
-25433.6
-26398.7
-27315.6
-28184.2
-29004.4
-29776.4
-30500.3
-31176.2
-31804.3
-32385
-32918.4
-33405
-33845
-34238.9
-34587.1
-34890.1
-35148.5
-35362.7
-35533.3
-35660.7
-35745.3
-35787.6
-806.054
-2418.82
-4026.6
-5620.38
-7195.06
-8745.95
-10268.8
-11760
-13216.2
-14634.7
-16013.3
-17349.9
-18643.1
-19891.5
-21094.1
-22250.1
-23359
-24420.3
-25433.6
-26398.7
-27315.6
-28184.2
-29004.4
-29776.4
-30500.3
-31176.2
-31804.3
-32385
-32918.4
-33405
-33845
-34238.9
-34587.1
-34890.1
-35148.5
-35362.7
-35533.3
-35660.7
-35745.3
-35787.6
-806.054
-2418.82
-4026.6
-5620.38
-7195.06
-8745.94
-10268.8
-11760
-13216.2
-14634.7
-16013.3
-17349.9
-18643.1
-19891.4
-21094.1
-22250.1
-23359
-24420.2
-25433.6
-26398.7
-27315.6
-28184.1
-29004.4
-29776.4
-30500.3
-31176.2
-31804.3
-32385
-32918.4
-33404.9
-33845
-34238.8
-34587.1
-34890.1
-35148.5
-35362.7
-35533.3
-35660.7
-35745.3
-35787.6
-806.053
-2418.82
-4026.59
-5620.38
-7195.05
-8745.93
-10268.8
-11760
-13216.2
-14634.7
-16013.3
-17349.9
-18643
-19891.4
-21094
-22250.1
-23359
-24420.2
-25433.5
-26398.7
-27315.6
-28184.1
-29004.4
-29776.4
-30500.2
-31176.2
-31804.3
-32385
-32918.4
-33404.9
-33844.9
-34238.8
-34587.1
-34890.1
-35148.5
-35362.7
-35533.3
-35660.7
-35745.3
-35787.6
-806.052
-2418.82
-4026.59
-5620.37
-7195.04
-8745.92
-10268.8
-11759.9
-13216.2
-14634.7
-16013.2
-17349.9
-18643
-19891.4
-21094
-22250.1
-23358.9
-24420.2
-25433.5
-26398.7
-27315.6
-28184.1
-29004.3
-29776.3
-30500.2
-31176.1
-31804.3
-32384.9
-32918.4
-33404.9
-33844.9
-34238.8
-34587
-34890.1
-35148.4
-35362.7
-35533.2
-35660.7
-35745.3
-35787.5
-806.051
-2418.81
-4026.58
-5620.36
-7195.03
-8745.91
-10268.8
-11759.9
-13216.1
-14634.7
-16013.2
-17349.9
-18643
-19891.4
-21094
-22250
-23358.9
-24420.2
-25433.5
-26398.6
-27315.5
-28184.1
-29004.3
-29776.3
-30500.2
-31176.1
-31804.3
-32384.9
-32918.3
-33404.9
-33844.9
-34238.8
-34587
-34890
-35148.4
-35362.6
-35533.2
-35660.6
-35745.3
-35787.5
-806.049
-2418.81
-4026.57
-5620.35
-7195.02
-8745.89
-10268.8
-11759.9
-13216.1
-14634.7
-16013.2
-17349.8
-18643
-19891.4
-21094
-22250
-23358.9
-24420.1
-25433.5
-26398.6
-27315.5
-28184
-29004.3
-29776.3
-30500.1
-31176.1
-31804.2
-32384.9
-32918.3
-33404.8
-33844.8
-34238.7
-34587
-34890
-35148.4
-35362.6
-35533.2
-35660.6
-35745.2
-35787.5
-806.047
-2418.8
-4026.56
-5620.34
-7195
-8745.88
-10268.7
-11759.9
-13216.1
-14634.6
-16013.2
-17349.8
-18642.9
-19891.3
-21093.9
-22250
-23358.8
-24420.1
-25433.4
-26398.6
-27315.4
-28184
-29004.2
-29776.2
-30500.1
-31176
-31804.2
-32384.8
-32918.3
-33404.8
-33844.8
-34238.7
-34586.9
-34890
-35148.3
-35362.5
-35533.1
-35660.5
-35745.2
-35787.4
-806.046
-2418.8
-4026.55
-5620.32
-7194.99
-8745.85
-10268.7
-11759.9
-13216.1
-14634.6
-16013.1
-17349.8
-18642.9
-19891.3
-21093.9
-22249.9
-23358.8
-24420.1
-25433.4
-26398.5
-27315.4
-28183.9
-29004.2
-29776.2
-30500
-31176
-31804.1
-32384.8
-32918.2
-33404.7
-33844.7
-34238.6
-34586.9
-34889.9
-35148.3
-35362.5
-35533.1
-35660.5
-35745.1
-35787.4
-806.043
-2418.79
-4026.54
-5620.31
-7194.97
-8745.83
-10268.7
-11759.8
-13216
-14634.6
-16013.1
-17349.7
-18642.9
-19891.2
-21093.8
-22249.9
-23358.8
-24420
-25433.3
-26398.5
-27315.3
-28183.9
-29004.1
-29776.1
-30500
-31175.9
-31804.1
-32384.7
-32918.2
-33404.7
-33844.7
-34238.6
-34586.8
-34889.8
-35148.2
-35362.4
-35533
-35660.4
-35745.1
-35787.3
-806.041
-2418.78
-4026.53
-5620.29
-7194.95
-8745.81
-10268.7
-11759.8
-13216
-14634.5
-16013.1
-17349.7
-18642.8
-19891.2
-21093.8
-22249.8
-23358.7
-24420
-25433.3
-26398.4
-27315.3
-28183.8
-29004.1
-29776.1
-30499.9
-31175.9
-31804
-32384.7
-32918.1
-33404.6
-33844.6
-34238.5
-34586.8
-34889.8
-35148.2
-35362.4
-35533
-35660.4
-35745
-35787.2
-806.039
-2418.78
-4026.52
-5620.28
-7194.93
-8745.78
-10268.6
-11759.8
-13216
-14634.5
-16013
-17349.6
-18642.8
-19891.1
-21093.7
-22249.8
-23358.7
-24419.9
-25433.2
-26398.4
-27315.2
-28183.8
-29004
-29776
-30499.9
-31175.8
-31804
-32384.6
-32918
-33404.6
-33844.6
-34238.5
-34586.7
-34889.7
-35148.1
-35362.3
-35532.9
-35660.3
-35744.9
-35787.2
-806.036
-2418.77
-4026.51
-5620.26
-7194.91
-8745.76
-10268.6
-11759.7
-13215.9
-14634.4
-16013
-17349.6
-18642.7
-19891.1
-21093.7
-22249.7
-23358.6
-24419.8
-25433.2
-26398.3
-27315.2
-28183.7
-29004
-29775.9
-30499.8
-31175.7
-31803.9
-32384.5
-32918
-33404.5
-33844.5
-34238.4
-34586.6
-34889.7
-35148
-35362.3
-35532.8
-35660.3
-35744.9
-35787.1
-806.034
-2418.76
-4026.5
-5620.25
-7194.89
-8745.73
-10268.6
-11759.7
-13215.9
-14634.4
-16012.9
-17349.5
-18642.7
-19891
-21093.6
-22249.7
-23358.5
-24419.8
-25433.1
-26398.3
-27315.1
-28183.7
-29003.9
-29775.9
-30499.8
-31175.7
-31803.8
-32384.5
-32917.9
-33404.5
-33844.5
-34238.4
-34586.6
-34889.6
-35148
-35362.2
-35532.8
-35660.2
-35744.8
-35787.1
-806.032
-2418.75
-4026.49
-5620.23
-7194.87
-8745.71
-10268.6
-11759.7
-13215.9
-14634.4
-16012.9
-17349.5
-18642.6
-19891
-21093.6
-22249.6
-23358.5
-24419.7
-25433.1
-26398.2
-27315.1
-28183.6
-29003.8
-29775.8
-30499.7
-31175.6
-31803.8
-32384.4
-32917.9
-33404.4
-33844.4
-34238.3
-34586.5
-34889.6
-35147.9
-35362.1
-35532.7
-35660.1
-35744.8
-35787
-806.03
-2418.75
-4026.48
-5620.22
-7194.85
-8745.69
-10268.5
-11759.6
-13215.8
-14634.3
-16012.9
-17349.5
-18642.6
-19891
-21093.6
-22249.6
-23358.5
-24419.7
-25433
-26398.2
-27315
-28183.6
-29003.8
-29775.8
-30499.7
-31175.6
-31803.7
-32384.4
-32917.8
-33404.4
-33844.4
-34238.2
-34586.5
-34889.5
-35147.9
-35362.1
-35532.7
-35660.1
-35744.7
-35787
-806.028
-2418.74
-4026.47
-5620.2
-7194.84
-8745.67
-10268.5
-11759.6
-13215.8
-14634.3
-16012.8
-17349.4
-18642.6
-19890.9
-21093.5
-22249.6
-23358.4
-24419.7
-25433
-26398.1
-27315
-28183.5
-29003.8
-29775.8
-30499.6
-31175.5
-31803.7
-32384.3
-32917.8
-33404.3
-33844.3
-34238.2
-34586.4
-34889.5
-35147.8
-35362.1
-35532.6
-35660
-35744.7
-35786.9
-806.026
-2418.74
-4026.46
-5620.19
-7194.82
-8745.66
-10268.5
-11759.6
-13215.8
-14634.3
-16012.8
-17349.4
-18642.5
-19890.9
-21093.5
-22249.5
-23358.4
-24419.6
-25432.9
-26398.1
-27315
-28183.5
-29003.7
-29775.7
-30499.6
-31175.5
-31803.7
-32384.3
-32917.7
-33404.3
-33844.3
-34238.2
-34586.4
-34889.4
-35147.8
-35362
-35532.6
-35660
-35744.6
-35786.9
-806.023
-2418.73
-4026.45
-5620.19
-7194.82
-8745.65
-10268.5
-11759.6
-13215.8
-14634.3
-16012.8
-17349.4
-18642.5
-19890.9
-21093.5
-22249.5
-23358.4
-24419.6
-25432.9
-26398.1
-27314.9
-28183.5
-29003.7
-29775.7
-30499.6
-31175.5
-31803.6
-32384.3
-32917.7
-33404.3
-33844.3
-34238.2
-34586.4
-34889.4
-35147.8
-35362
-35532.6
-35660
-35744.6
-35786.9
-806.018
-2418.72
-4026.45
-5620.18
-7194.81
-8745.64
-10268.5
-11759.6
-13215.8
-14634.3
-16012.8
-17349.4
-18642.5
-19890.9
-21093.5
-22249.5
-23358.4
-24419.6
-25432.9
-26398.1
-27314.9
-28183.5
-29003.7
-29775.7
-30499.6
-31175.5
-31803.6
-32384.3
-32917.7
-33404.2
-33844.3
-34238.1
-34586.4
-34889.4
-35147.8
-35362
-35532.6
-35660
-35744.6
-35786.8
-840.039
-2520.54
-4195.06
-5853.74
-7490.92
-9101.45
-10680.8
-12225.1
-13731
-15195.8
-16617.2
-17993.3
-19322.9
-20604.7
-21837.9
-23021.8
-24156.1
-25240.5
-26274.8
-27258.9
-28192.8
-29076.6
-29910.5
-30694.6
-31429.1
-32114.3
-32750.5
-33338
-33877.1
-34368.3
-34812
-35208.7
-35558.9
-35863.2
-36122.3
-36336.8
-36507.3
-36634.6
-36719
-36761.1
-840.044
-2520.55
-4195.06
-5853.75
-7490.92
-9101.45
-10680.8
-12225.1
-13731
-15195.8
-16617.2
-17993.4
-19322.9
-20604.7
-21837.9
-23021.8
-24156.2
-25240.5
-26274.8
-27258.9
-28192.8
-29076.6
-29910.5
-30694.6
-31429.1
-32114.4
-32750.5
-33338
-33877.2
-34368.3
-34812
-35208.7
-35558.9
-35863.2
-36122.3
-36336.8
-36507.3
-36634.6
-36719
-36761.1
-840.047
-2520.56
-4195.07
-5853.76
-7490.94
-9101.47
-10680.8
-12225.1
-13731
-15195.8
-16617.2
-17993.4
-19322.9
-20604.7
-21837.9
-23021.9
-24156.2
-25240.5
-26274.8
-27258.9
-28192.8
-29076.7
-29910.5
-30694.6
-31429.2
-32114.4
-32750.6
-33338
-33877.2
-34368.4
-34812
-35208.7
-35558.9
-35863.3
-36122.3
-36336.8
-36507.4
-36634.6
-36719
-36761.1
-840.05
-2520.56
-4195.08
-5853.77
-7490.95
-9101.49
-10680.9
-12225.1
-13731.1
-15195.8
-16617.2
-17993.4
-19323
-20604.7
-21837.9
-23021.9
-24156.2
-25240.6
-26274.8
-27258.9
-28192.9
-29076.7
-29910.6
-30694.7
-31429.2
-32114.4
-32750.6
-33338.1
-33877.2
-34368.4
-34812.1
-35208.8
-35559
-35863.3
-36122.4
-36336.9
-36507.4
-36634.6
-36719.1
-36761.2
-840.052
-2520.57
-4195.09
-5853.79
-7490.97
-9101.51
-10680.9
-12225.2
-13731.1
-15195.9
-16617.3
-17993.5
-19323
-20604.8
-21838
-23022
-24156.3
-25240.6
-26274.9
-27259
-28192.9
-29076.7
-29910.6
-30694.7
-31429.3
-32114.5
-32750.7
-33338.1
-33877.3
-34368.5
-34812.1
-35208.8
-35559
-35863.4
-36122.4
-36336.9
-36507.5
-36634.7
-36719.1
-36761.2
-840.055
-2520.58
-4195.11
-5853.81
-7491
-9101.54
-10680.9
-12225.2
-13731.1
-15195.9
-16617.3
-17993.5
-19323.1
-20604.8
-21838
-23022
-24156.3
-25240.7
-26275
-27259
-28193
-29076.8
-29910.7
-30694.8
-31429.3
-32114.5
-32750.7
-33338.2
-33877.3
-34368.5
-34812.2
-35208.9
-35559.1
-35863.4
-36122.5
-36337
-36507.5
-36634.8
-36719.2
-36761.3
-840.058
-2520.59
-4195.12
-5853.83
-7491.02
-9101.57
-10681
-12225.3
-13731.2
-15196
-16617.4
-17993.6
-19323.1
-20604.9
-21838.1
-23022.1
-24156.4
-25240.8
-26275
-27259.1
-28193
-29076.9
-29910.8
-30694.9
-31429.4
-32114.6
-32750.8
-33338.3
-33877.4
-34368.6
-34812.3
-35209
-35559.2
-35863.5
-36122.6
-36337.1
-36507.6
-36634.8
-36719.3
-36761.4
-840.062
-2520.6
-4195.14
-5853.85
-7491.05
-9101.6
-10681
-12225.3
-13731.2
-15196
-16617.4
-17993.6
-19323.2
-20605
-21838.2
-23022.1
-24156.5
-25240.8
-26275.1
-27259.2
-28193.1
-29077
-29910.8
-30694.9
-31429.5
-32114.7
-32750.9
-33338.4
-33877.5
-34368.7
-34812.4
-35209
-35559.2
-35863.6
-36122.7
-36337.1
-36507.7
-36634.9
-36719.3
-36761.5
-840.065
-2520.61
-4195.15
-5853.87
-7491.08
-9101.64
-10681
-12225.3
-13731.3
-15196.1
-16617.5
-17993.7
-19323.2
-20605
-21838.2
-23022.2
-24156.5
-25240.9
-26275.2
-27259.3
-28193.2
-29077
-29910.9
-30695
-31429.6
-32114.8
-32751
-33338.4
-33877.6
-34368.8
-34812.4
-35209.1
-35559.3
-35863.7
-36122.7
-36337.2
-36507.8
-36635
-36719.4
-36761.5
-840.068
-2520.62
-4195.17
-5853.9
-7491.11
-9101.67
-10681.1
-12225.4
-13731.3
-15196.1
-16617.5
-17993.7
-19323.3
-20605.1
-21838.3
-23022.3
-24156.6
-25241
-26275.2
-27259.3
-28193.3
-29077.1
-29911
-30695.1
-31429.6
-32114.9
-32751
-33338.5
-33877.7
-34368.8
-34812.5
-35209.2
-35559.4
-35863.7
-36122.8
-36337.3
-36507.9
-36635.1
-36719.5
-36761.6
-840.071
-2520.63
-4195.19
-5853.92
-7491.13
-9101.7
-10681.1
-12225.4
-13731.4
-15196.2
-16617.6
-17993.8
-19323.4
-20605.2
-21838.4
-23022.3
-24156.7
-25241
-26275.3
-27259.4
-28193.3
-29077.2
-29911.1
-30695.2
-31429.7
-32114.9
-32751.1
-33338.6
-33877.7
-34368.9
-34812.6
-35209.3
-35559.5
-35863.8
-36122.9
-36337.4
-36507.9
-36635.2
-36719.6
-36761.7
-840.074
-2520.64
-4195.2
-5853.94
-7491.16
-9101.73
-10681.1
-12225.5
-13731.4
-15196.2
-16617.6
-17993.8
-19323.4
-20605.2
-21838.4
-23022.4
-24156.7
-25241.1
-26275.4
-27259.5
-28193.4
-29077.3
-29911.1
-30695.3
-31429.8
-32115
-32751.2
-33338.7
-33877.8
-34369
-34812.7
-35209.4
-35559.6
-35863.9
-36123
-36337.5
-36508
-36635.2
-36719.7
-36761.8
-840.077
-2520.64
-4195.21
-5853.96
-7491.18
-9101.76
-10681.2
-12225.5
-13731.5
-15196.3
-16617.7
-17993.9
-19323.5
-20605.3
-21838.5
-23022.5
-24156.8
-25241.2
-26275.5
-27259.6
-28193.5
-29077.3
-29911.2
-30695.3
-31429.9
-32115.1
-32751.3
-33338.8
-33877.9
-34369.1
-34812.8
-35209.4
-35559.6
-35864
-36123.1
-36337.5
-36508.1
-36635.3
-36719.7
-36761.9
-840.079
-2520.65
-4195.23
-5853.97
-7491.2
-9101.79
-10681.2
-12225.5
-13731.5
-15196.3
-16617.7
-17993.9
-19323.5
-20605.3
-21838.5
-23022.5
-24156.9
-25241.2
-26275.5
-27259.6
-28193.5
-29077.4
-29911.3
-30695.4
-31429.9
-32115.1
-32751.3
-33338.8
-33878
-34369.1
-34812.8
-35209.5
-35559.7
-35864
-36123.1
-36337.6
-36508.2
-36635.4
-36719.8
-36761.9
-840.081
-2520.66
-4195.24
-5853.99
-7491.22
-9101.81
-10681.2
-12225.6
-13731.5
-15196.3
-16617.8
-17994
-19323.6
-20605.4
-21838.6
-23022.6
-24156.9
-25241.3
-26275.6
-27259.7
-28193.6
-29077.4
-29911.3
-30695.4
-31430
-32115.2
-32751.4
-33338.9
-33878
-34369.2
-34812.9
-35209.6
-35559.8
-35864.1
-36123.2
-36337.7
-36508.2
-36635.5
-36719.9
-36762
-840.083
-2520.66
-4195.25
-5854
-7491.24
-9101.83
-10681.3
-12225.6
-13731.6
-15196.4
-16617.8
-17994
-19323.6
-20605.4
-21838.6
-23022.6
-24156.9
-25241.3
-26275.6
-27259.7
-28193.6
-29077.5
-29911.4
-30695.5
-31430
-32115.3
-32751.5
-33338.9
-33878.1
-34369.3
-34812.9
-35209.6
-35559.8
-35864.2
-36123.2
-36337.7
-36508.3
-36635.5
-36719.9
-36762
-840.085
-2520.67
-4195.25
-5854.01
-7491.25
-9101.85
-10681.3
-12225.6
-13731.6
-15196.4
-16617.8
-17994
-19323.6
-20605.4
-21838.7
-23022.7
-24157
-25241.4
-26275.7
-27259.8
-28193.7
-29077.5
-29911.4
-30695.5
-31430.1
-32115.3
-32751.5
-33339
-33878.1
-34369.3
-34813
-35209.7
-35559.9
-35864.2
-36123.3
-36337.8
-36508.3
-36635.6
-36720
-36762.1
-840.086
-2520.67
-4195.26
-5854.02
-7491.26
-9101.86
-10681.3
-12225.6
-13731.6
-15196.4
-16617.8
-17994.1
-19323.6
-20605.5
-21838.7
-23022.7
-24157
-25241.4
-26275.7
-27259.8
-28193.7
-29077.6
-29911.5
-30695.6
-31430.1
-32115.3
-32751.5
-33339
-33878.2
-34369.3
-34813
-35209.7
-35559.9
-35864.2
-36123.3
-36337.8
-36508.4
-36635.6
-36720
-36762.1
-840.087
-2520.67
-4195.26
-5854.03
-7491.27
-9101.87
-10681.3
-12225.6
-13731.6
-15196.4
-16617.9
-17994.1
-19323.7
-20605.5
-21838.7
-23022.7
-24157
-25241.4
-26275.7
-27259.8
-28193.7
-29077.6
-29911.5
-30695.6
-31430.1
-32115.4
-32751.6
-33339
-33878.2
-34369.4
-34813.1
-35209.7
-35559.9
-35864.3
-36123.4
-36337.8
-36508.4
-36635.6
-36720
-36762.1
-840.087
-2520.68
-4195.27
-5854.03
-7491.28
-9101.88
-10681.3
-12225.7
-13731.6
-15196.4
-16617.9
-17994.1
-19323.7
-20605.5
-21838.7
-23022.7
-24157
-25241.4
-26275.7
-27259.8
-28193.8
-29077.6
-29911.5
-30695.6
-31430.2
-32115.4
-32751.6
-33339.1
-33878.2
-34369.4
-34813.1
-35209.7
-35560
-35864.3
-36123.4
-36337.9
-36508.4
-36635.6
-36720.1
-36762.2
-840.088
-2520.68
-4195.27
-5854.03
-7491.28
-9101.88
-10681.3
-12225.7
-13731.6
-15196.4
-16617.9
-17994.1
-19323.7
-20605.5
-21838.7
-23022.7
-24157.1
-25241.4
-26275.7
-27259.8
-28193.8
-29077.6
-29911.5
-30695.6
-31430.2
-32115.4
-32751.6
-33339.1
-33878.2
-34369.4
-34813.1
-35209.8
-35560
-35864.3
-36123.4
-36337.9
-36508.4
-36635.6
-36720.1
-36762.2
-840.087
-2520.68
-4195.27
-5854.03
-7491.28
-9101.88
-10681.3
-12225.7
-13731.6
-15196.4
-16617.9
-17994.1
-19323.7
-20605.5
-21838.7
-23022.7
-24157.1
-25241.4
-26275.7
-27259.8
-28193.8
-29077.6
-29911.5
-30695.6
-31430.2
-32115.4
-32751.6
-33339.1
-33878.2
-34369.4
-34813.1
-35209.8
-35560
-35864.3
-36123.4
-36337.9
-36508.4
-36635.6
-36720.1
-36762.2
-840.087
-2520.67
-4195.26
-5854.03
-7491.27
-9101.87
-10681.3
-12225.6
-13731.6
-15196.4
-16617.9
-17994.1
-19323.7
-20605.5
-21838.7
-23022.7
-24157
-25241.4
-26275.7
-27259.8
-28193.8
-29077.6
-29911.5
-30695.6
-31430.1
-32115.4
-32751.6
-33339.1
-33878.2
-34369.4
-34813.1
-35209.7
-35560
-35864.3
-36123.4
-36337.9
-36508.4
-36635.6
-36720.1
-36762.2
-840.086
-2520.67
-4195.26
-5854.02
-7491.26
-9101.86
-10681.3
-12225.6
-13731.6
-15196.4
-16617.9
-17994.1
-19323.7
-20605.5
-21838.7
-23022.7
-24157
-25241.4
-26275.7
-27259.8
-28193.7
-29077.6
-29911.5
-30695.6
-31430.1
-32115.4
-32751.5
-33339
-33878.2
-34369.4
-34813
-35209.7
-35559.9
-35864.3
-36123.3
-36337.8
-36508.4
-36635.6
-36720
-36762.1
-840.085
-2520.67
-4195.25
-5854.01
-7491.25
-9101.85
-10681.3
-12225.6
-13731.6
-15196.4
-16617.8
-17994.1
-19323.6
-20605.5
-21838.7
-23022.7
-24157
-25241.4
-26275.7
-27259.8
-28193.7
-29077.6
-29911.4
-30695.6
-31430.1
-32115.3
-32751.5
-33339
-33878.1
-34369.3
-34813
-35209.7
-35559.9
-35864.2
-36123.3
-36337.8
-36508.4
-36635.6
-36720
-36762.1
-840.083
-2520.66
-4195.25
-5854
-7491.24
-9101.83
-10681.3
-12225.6
-13731.6
-15196.4
-16617.8
-17994
-19323.6
-20605.4
-21838.6
-23022.6
-24157
-25241.4
-26275.6
-27259.7
-28193.7
-29077.5
-29911.4
-30695.5
-31430.1
-32115.3
-32751.5
-33339
-33878.1
-34369.3
-34813
-35209.7
-35559.9
-35864.2
-36123.3
-36337.8
-36508.3
-36635.5
-36720
-36762.1
-840.081
-2520.66
-4195.24
-5853.99
-7491.22
-9101.81
-10681.2
-12225.6
-13731.5
-15196.3
-16617.8
-17994
-19323.6
-20605.4
-21838.6
-23022.6
-24156.9
-25241.3
-26275.6
-27259.7
-28193.6
-29077.5
-29911.4
-30695.5
-31430
-32115.2
-32751.4
-33338.9
-33878.1
-34369.2
-34812.9
-35209.6
-35559.8
-35864.1
-36123.2
-36337.7
-36508.3
-36635.5
-36719.9
-36762
-840.079
-2520.65
-4195.23
-5853.97
-7491.21
-9101.79
-10681.2
-12225.5
-13731.5
-15196.3
-16617.7
-17994
-19323.5
-20605.3
-21838.6
-23022.5
-24156.9
-25241.3
-26275.5
-27259.6
-28193.6
-29077.4
-29911.3
-30695.4
-31430
-32115.2
-32751.4
-33338.9
-33878
-34369.2
-34812.9
-35209.6
-35559.8
-35864.1
-36123.2
-36337.7
-36508.2
-36635.4
-36719.9
-36762
-840.077
-2520.64
-4195.21
-5853.96
-7491.19
-9101.77
-10681.2
-12225.5
-13731.5
-15196.3
-16617.7
-17993.9
-19323.5
-20605.3
-21838.5
-23022.5
-24156.8
-25241.2
-26275.5
-27259.6
-28193.5
-29077.4
-29911.3
-30695.4
-31429.9
-32115.1
-32751.3
-33338.8
-33877.9
-34369.1
-34812.8
-35209.5
-35559.7
-35864
-36123.1
-36337.6
-36508.2
-36635.4
-36719.8
-36761.9
-840.074
-2520.64
-4195.2
-5853.94
-7491.16
-9101.74
-10681.1
-12225.5
-13731.4
-15196.2
-16617.6
-17993.9
-19323.4
-20605.2
-21838.4
-23022.4
-24156.8
-25241.1
-26275.4
-27259.5
-28193.5
-29077.3
-29911.2
-30695.3
-31429.8
-32115.1
-32751.3
-33338.7
-33877.9
-34369.1
-34812.8
-35209.4
-35559.6
-35864
-36123.1
-36337.5
-36508.1
-36635.3
-36719.7
-36761.8
-840.072
-2520.63
-4195.19
-5853.92
-7491.14
-9101.71
-10681.1
-12225.4
-13731.4
-15196.2
-16617.6
-17993.8
-19323.4
-20605.2
-21838.4
-23022.4
-24156.7
-25241.1
-26275.4
-27259.5
-28193.4
-29077.2
-29911.1
-30695.2
-31429.8
-32115
-32751.2
-33338.7
-33877.8
-34369
-34812.7
-35209.4
-35559.6
-35863.9
-36123
-36337.5
-36508
-36635.2
-36719.7
-36761.8
-840.069
-2520.62
-4195.17
-5853.9
-7491.11
-9101.68
-10681.1
-12225.4
-13731.3
-15196.1
-16617.6
-17993.8
-19323.3
-20605.1
-21838.3
-23022.3
-24156.6
-25241
-26275.3
-27259.4
-28193.3
-29077.2
-29911.1
-30695.2
-31429.7
-32114.9
-32751.1
-33338.6
-33877.7
-34368.9
-34812.6
-35209.3
-35559.5
-35863.8
-36122.9
-36337.4
-36508
-36635.2
-36719.6
-36761.7
-840.066
-2520.61
-4195.16
-5853.88
-7491.09
-9101.65
-10681
-12225.4
-13731.3
-15196.1
-16617.5
-17993.7
-19323.3
-20605.1
-21838.3
-23022.3
-24156.6
-25241
-26275.2
-27259.3
-28193.3
-29077.1
-29911
-30695.1
-31429.6
-32114.9
-32751.1
-33338.5
-33877.7
-34368.9
-34812.5
-35209.2
-35559.4
-35863.8
-36122.8
-36337.3
-36507.9
-36635.1
-36719.5
-36761.6
-840.063
-2520.6
-4195.15
-5853.86
-7491.06
-9101.62
-10681
-12225.3
-13731.3
-15196
-16617.5
-17993.7
-19323.2
-20605
-21838.2
-23022.2
-24156.5
-25240.9
-26275.2
-27259.3
-28193.2
-29077
-29910.9
-30695
-31429.6
-32114.8
-32751
-33338.5
-33877.6
-34368.8
-34812.5
-35209.2
-35559.4
-35863.7
-36122.8
-36337.3
-36507.8
-36635
-36719.5
-36761.6
-840.06
-2520.59
-4195.13
-5853.84
-7491.04
-9101.59
-10681
-12225.3
-13731.2
-15196
-16617.4
-17993.6
-19323.2
-20605
-21838.2
-23022.1
-24156.5
-25240.8
-26275.1
-27259.2
-28193.1
-29077
-29910.9
-30695
-31429.5
-32114.7
-32750.9
-33338.4
-33877.5
-34368.7
-34812.4
-35209.1
-35559.3
-35863.6
-36122.7
-36337.2
-36507.8
-36635
-36719.4
-36761.5
-840.057
-2520.59
-4195.12
-5853.83
-7491.02
-9101.57
-10680.9
-12225.3
-13731.2
-15196
-16617.4
-17993.6
-19323.1
-20604.9
-21838.1
-23022.1
-24156.4
-25240.8
-26275.1
-27259.1
-28193.1
-29076.9
-29910.8
-30694.9
-31429.5
-32114.7
-32750.9
-33338.4
-33877.5
-34368.7
-34812.4
-35209
-35559.2
-35863.6
-36122.7
-36337.1
-36507.7
-36634.9
-36719.3
-36761.4
-840.055
-2520.58
-4195.11
-5853.81
-7491
-9101.55
-10680.9
-12225.2
-13731.1
-15195.9
-16617.3
-17993.5
-19323.1
-20604.9
-21838.1
-23022
-24156.4
-25240.7
-26275
-27259.1
-28193
-29076.9
-29910.8
-30694.9
-31429.4
-32114.6
-32750.8
-33338.3
-33877.4
-34368.6
-34812.3
-35209
-35559.2
-35863.5
-36122.6
-36337.1
-36507.6
-36634.9
-36719.3
-36761.4
-840.053
-2520.57
-4195.1
-5853.8
-7490.99
-9101.53
-10680.9
-12225.2
-13731.1
-15195.9
-16617.3
-17993.5
-19323
-20604.8
-21838
-23022
-24156.3
-25240.7
-26275
-27259.1
-28193
-29076.8
-29910.7
-30694.8
-31429.4
-32114.6
-32750.8
-33338.3
-33877.4
-34368.6
-34812.3
-35208.9
-35559.2
-35863.5
-36122.6
-36337.1
-36507.6
-36634.8
-36719.2
-36761.4
-840.05
-2520.57
-4195.09
-5853.79
-7490.98
-9101.52
-10680.9
-12225.2
-13731.1
-15195.9
-16617.3
-17993.5
-19323
-20604.8
-21838
-23022
-24156.3
-25240.7
-26275
-27259
-28193
-29076.8
-29910.7
-30694.8
-31429.3
-32114.6
-32750.8
-33338.2
-33877.4
-34368.6
-34812.2
-35208.9
-35559.1
-35863.5
-36122.5
-36337
-36507.6
-36634.8
-36719.2
-36761.3
-840.044
-2520.56
-4195.09
-5853.78
-7490.97
-9101.51
-10680.9
-12225.2
-13731.1
-15195.9
-16617.3
-17993.5
-19323
-20604.8
-21838
-23022
-24156.3
-25240.7
-26274.9
-27259
-28193
-29076.8
-29910.7
-30694.8
-31429.3
-32114.5
-32750.7
-33338.2
-33877.4
-34368.5
-34812.2
-35208.9
-35559.1
-35863.4
-36122.5
-36337
-36507.6
-36634.8
-36719.2
-36761.3
-877.323
-2632.06
-4379.51
-6108.85
-7813.71
-9488.47
-11128.3
-12729.1
-14287.5
-15800.8
-17266.8
-18684
-20051.1
-21367.2
-22631.6
-23843.9
-25004
-26111.7
-27166.9
-28170
-29120.9
-30019.9
-30867.2
-31663.2
-32408.2
-33102.4
-33746.3
-34340.3
-34884.7
-35380.1
-35827
-36225.9
-36577.5
-36882.5
-37141.6
-37355.7
-37525.6
-37652.1
-37736
-37777.7
-877.329
-2632.07
-4379.52
-6108.86
-7813.72
-9488.48
-11128.3
-12729.1
-14287.5
-15800.8
-17266.9
-18684.1
-20051.1
-21367.2
-22631.6
-23844
-25004
-26111.7
-27167
-28170
-29120.9
-30019.9
-30867.2
-31663.2
-32408.2
-33102.4
-33746.3
-34340.3
-34884.7
-35380.1
-35827
-36225.9
-36577.5
-36882.5
-37141.6
-37355.7
-37525.6
-37652.1
-37736
-37777.7
-877.332
-2632.07
-4379.53
-6108.87
-7813.74
-9488.5
-11128.3
-12729.1
-14287.5
-15800.8
-17266.9
-18684.1
-20051.2
-21367.2
-22631.6
-23844
-25004
-26111.7
-27167
-28170
-29120.9
-30019.9
-30867.3
-31663.3
-32408.2
-33102.5
-33746.4
-34340.3
-34884.8
-35380.2
-35827
-36225.9
-36577.5
-36882.5
-37141.7
-37355.8
-37525.7
-37652.2
-37736
-37777.8
-877.335
-2632.08
-4379.54
-6108.89
-7813.76
-9488.52
-11128.3
-12729.1
-14287.5
-15800.8
-17266.9
-18684.1
-20051.2
-21367.3
-22631.7
-23844
-25004.1
-26111.8
-27167
-28170.1
-29121
-30020
-30867.3
-31663.3
-32408.3
-33102.5
-33746.4
-34340.4
-34884.8
-35380.2
-35827.1
-36226
-36577.6
-36882.6
-37141.7
-37355.8
-37525.7
-37652.2
-37736.1
-37777.8
-877.338
-2632.09
-4379.56
-6108.91
-7813.78
-9488.55
-11128.4
-12729.2
-14287.6
-15800.9
-17267
-18684.2
-20051.3
-21367.3
-22631.7
-23844.1
-25004.2
-26111.8
-27167.1
-28170.1
-29121
-30020
-30867.4
-31663.4
-32408.3
-33102.6
-33746.5
-34340.4
-34884.9
-35380.3
-35827.1
-36226.1
-36577.7
-36882.6
-37141.8
-37355.9
-37525.8
-37652.3
-37736.1
-37777.9
-877.342
-2632.1
-4379.58
-6108.93
-7813.81
-9488.59
-11128.4
-12729.2
-14287.6
-15800.9
-17267
-18684.2
-20051.3
-21367.4
-22631.8
-23844.2
-25004.2
-26111.9
-27167.2
-28170.2
-29121.1
-30020.1
-30867.5
-31663.5
-32408.4
-33102.7
-33746.6
-34340.5
-34885
-35380.4
-35827.2
-36226.1
-36577.7
-36882.7
-37141.9
-37356
-37525.9
-37652.4
-37736.2
-37778
-877.346
-2632.11
-4379.59
-6108.96
-7813.84
-9488.62
-11128.5
-12729.3
-14287.7
-15801
-17267.1
-18684.3
-20051.4
-21367.5
-22631.9
-23844.2
-25004.3
-26112
-27167.3
-28170.3
-29121.2
-30020.2
-30867.6
-31663.6
-32408.5
-33102.8
-33746.7
-34340.6
-34885.1
-35380.4
-35827.3
-36226.2
-36577.8
-36882.8
-37142
-37356.1
-37526
-37652.5
-37736.3
-37778.1
-877.349
-2632.13
-4379.61
-6108.98
-7813.88
-9488.66
-11128.5
-12729.3
-14287.7
-15801.1
-17267.1
-18684.4
-20051.5
-21367.5
-22632
-23844.3
-25004.4
-26112.1
-27167.3
-28170.4
-29121.3
-30020.3
-30867.6
-31663.6
-32408.6
-33102.8
-33746.7
-34340.7
-34885.1
-35380.5
-35827.4
-36226.3
-36577.9
-36882.9
-37142
-37356.2
-37526.1
-37652.6
-37736.4
-37778.2
-877.353
-2632.14
-4379.63
-6109.01
-7813.91
-9488.7
-11128.5
-12729.4
-14287.8
-15801.1
-17267.2
-18684.4
-20051.5
-21367.6
-22632
-23844.4
-25004.5
-26112.1
-27167.4
-28170.5
-29121.4
-30020.4
-30867.7
-31663.7
-32408.7
-33102.9
-33746.8
-34340.8
-34885.2
-35380.6
-35827.5
-36226.4
-36578
-36883
-37142.1
-37356.2
-37526.2
-37652.7
-37736.5
-37778.3
-877.357
-2632.15
-4379.65
-6109.04
-7813.94
-9488.74
-11128.6
-12729.4
-14287.8
-15801.2
-17267.3
-18684.5
-20051.6
-21367.7
-22632.1
-23844.5
-25004.5
-26112.2
-27167.5
-28170.5
-29121.5
-30020.5
-30867.8
-31663.8
-32408.8
-33103
-33746.9
-34340.9
-34885.3
-35380.7
-35827.6
-36226.5
-36578.1
-36883.1
-37142.2
-37356.3
-37526.3
-37652.8
-37736.6
-37778.4
-877.361
-2632.16
-4379.67
-6109.06
-7813.98
-9488.78
-11128.6
-12729.5
-14287.9
-15801.2
-17267.3
-18684.6
-20051.7
-21367.8
-22632.2
-23844.6
-25004.6
-26112.3
-27167.6
-28170.6
-29121.5
-30020.6
-30867.9
-31663.9
-32408.9
-33103.1
-33747
-34341
-34885.4
-35380.8
-35827.7
-36226.6
-36578.2
-36883.2
-37142.3
-37356.4
-37526.3
-37652.9
-37736.7
-37778.4
-877.364
-2632.17
-4379.69
-6109.09
-7814.01
-9488.82
-11128.7
-12729.5
-14287.9
-15801.3
-17267.4
-18684.6
-20051.8
-21367.8
-22632.3
-23844.6
-25004.7
-26112.4
-27167.7
-28170.7
-29121.6
-30020.6
-30868
-31664
-32409
-33103.2
-33747.1
-34341.1
-34885.5
-35380.9
-35827.8
-36226.7
-36578.3
-36883.3
-37142.4
-37356.5
-37526.4
-37652.9
-37736.8
-37778.5
-877.368
-2632.18
-4379.7
-6109.11
-7814.03
-9488.85
-11128.7
-12729.5
-14288
-15801.3
-17267.5
-18684.7
-20051.8
-21367.9
-22632.3
-23844.7
-25004.8
-26112.5
-27167.8
-28170.8
-29121.7
-30020.7
-30868.1
-31664.1
-32409
-33103.3
-33747.2
-34341.2
-34885.6
-35381
-35827.9
-36226.8
-36578.4
-36883.4
-37142.5
-37356.6
-37526.5
-37653
-37736.9
-37778.6
-877.371
-2632.19
-4379.72
-6109.13
-7814.06
-9488.88
-11128.7
-12729.6
-14288
-15801.4
-17267.5
-18684.8
-20051.9
-21368
-22632.4
-23844.8
-25004.8
-26112.5
-27167.8
-28170.9
-29121.8
-30020.8
-30868.2
-31664.2
-32409.1
-33103.4
-33747.3
-34341.2
-34885.7
-35381.1
-35827.9
-36226.9
-36578.5
-36883.4
-37142.6
-37356.7
-37526.6
-37653.1
-37736.9
-37778.7
-877.373
-2632.2
-4379.73
-6109.14
-7814.08
-9488.91
-11128.8
-12729.6
-14288.1
-15801.4
-17267.6
-18684.8
-20051.9
-21368
-22632.5
-23844.8
-25004.9
-26112.6
-27167.9
-28170.9
-29121.8
-30020.9
-30868.2
-31664.2
-32409.2
-33103.4
-33747.3
-34341.3
-34885.7
-35381.1
-35828
-36226.9
-36578.5
-36883.5
-37142.7
-37356.8
-37526.7
-37653.2
-37737
-37778.8
-877.375
-2632.2
-4379.74
-6109.16
-7814.1
-9488.93
-11128.8
-12729.6
-14288.1
-15801.5
-17267.6
-18684.8
-20052
-21368.1
-22632.5
-23844.9
-25004.9
-26112.6
-27167.9
-28171
-29121.9
-30020.9
-30868.3
-31664.3
-32409.2
-33103.5
-33747.4
-34341.4
-34885.8
-35381.2
-35828.1
-36227
-36578.6
-36883.6
-37142.7
-37356.8
-37526.7
-37653.2
-37737.1
-37778.8
-877.377
-2632.21
-4379.75
-6109.17
-7814.11
-9488.95
-11128.8
-12729.7
-14288.1
-15801.5
-17267.6
-18684.9
-20052
-21368.1
-22632.5
-23844.9
-25005
-26112.7
-27168
-28171
-29121.9
-30021
-30868.3
-31664.3
-32409.3
-33103.5
-33747.5
-34341.4
-34885.9
-35381.3
-35828.1
-36227
-36578.6
-36883.6
-37142.8
-37356.9
-37526.8
-37653.3
-37737.1
-37778.9
-877.378
-2632.21
-4379.76
-6109.18
-7814.13
-9488.96
-11128.8
-12729.7
-14288.2
-15801.5
-17267.7
-18684.9
-20052
-21368.1
-22632.6
-23844.9
-25005
-26112.7
-27168
-28171.1
-29122
-30021
-30868.4
-31664.4
-32409.3
-33103.6
-33747.5
-34341.5
-34885.9
-35381.3
-35828.2
-36227.1
-36578.7
-36883.7
-37142.8
-37356.9
-37526.8
-37653.3
-37737.2
-37778.9
-877.379
-2632.21
-4379.76
-6109.19
-7814.13
-9488.97
-11128.9
-12729.7
-14288.2
-15801.5
-17267.7
-18684.9
-20052
-21368.1
-22632.6
-23845
-25005
-26112.7
-27168
-28171.1
-29122
-30021
-30868.4
-31664.4
-32409.4
-33103.6
-33747.5
-34341.5
-34885.9
-35381.3
-35828.2
-36227.1
-36578.7
-36883.7
-37142.8
-37356.9
-37526.9
-37653.4
-37737.2
-37779
-877.38
-2632.22
-4379.76
-6109.19
-7814.14
-9488.98
-11128.9
-12729.7
-14288.2
-15801.5
-17267.7
-18684.9
-20052.1
-21368.2
-22632.6
-23845
-25005.1
-26112.7
-27168.1
-28171.1
-29122
-30021
-30868.4
-31664.4
-32409.4
-33103.6
-33747.5
-34341.5
-34885.9
-35381.3
-35828.2
-36227.1
-36578.7
-36883.7
-37142.9
-37357
-37526.9
-37653.4
-37737.2
-37779
-877.38
-2632.22
-4379.77
-6109.19
-7814.14
-9488.98
-11128.9
-12729.7
-14288.2
-15801.5
-17267.7
-18684.9
-20052.1
-21368.2
-22632.6
-23845
-25005.1
-26112.8
-27168.1
-28171.1
-29122
-30021
-30868.4
-31664.4
-32409.4
-33103.6
-33747.5
-34341.5
-34885.9
-35381.3
-35828.2
-36227.1
-36578.7
-36883.7
-37142.9
-37357
-37526.9
-37653.4
-37737.2
-37779
-877.38
-2632.22
-4379.76
-6109.19
-7814.14
-9488.98
-11128.9
-12729.7
-14288.2
-15801.5
-17267.7
-18684.9
-20052.1
-21368.2
-22632.6
-23845
-25005.1
-26112.8
-27168.1
-28171.1
-29122
-30021
-30868.4
-31664.4
-32409.4
-33103.6
-33747.5
-34341.5
-34885.9
-35381.3
-35828.2
-36227.1
-36578.7
-36883.7
-37142.9
-37357
-37526.9
-37653.4
-37737.2
-37779
-877.379
-2632.21
-4379.76
-6109.19
-7814.13
-9488.97
-11128.9
-12729.7
-14288.2
-15801.5
-17267.7
-18684.9
-20052.1
-21368.2
-22632.6
-23845
-25005.1
-26112.7
-27168.1
-28171.1
-29122
-30021
-30868.4
-31664.4
-32409.4
-33103.6
-33747.5
-34341.5
-34885.9
-35381.3
-35828.2
-36227.1
-36578.7
-36883.7
-37142.8
-37357
-37526.9
-37653.4
-37737.2
-37779
-877.378
-2632.21
-4379.76
-6109.18
-7814.13
-9488.96
-11128.8
-12729.7
-14288.2
-15801.5
-17267.7
-18684.9
-20052
-21368.1
-22632.6
-23844.9
-25005
-26112.7
-27168
-28171.1
-29122
-30021
-30868.4
-31664.4
-32409.3
-33103.6
-33747.5
-34341.5
-34885.9
-35381.3
-35828.2
-36227.1
-36578.7
-36883.7
-37142.8
-37356.9
-37526.8
-37653.4
-37737.2
-37778.9
-877.377
-2632.21
-4379.75
-6109.17
-7814.11
-9488.95
-11128.8
-12729.7
-14288.1
-15801.5
-17267.6
-18684.9
-20052
-21368.1
-22632.5
-23844.9
-25005
-26112.7
-27168
-28171
-29122
-30021
-30868.3
-31664.4
-32409.3
-33103.6
-33747.5
-34341.4
-34885.9
-35381.3
-35828.1
-36227.1
-36578.7
-36883.7
-37142.8
-37356.9
-37526.8
-37653.3
-37737.1
-37778.9
-877.375
-2632.2
-4379.74
-6109.16
-7814.1
-9488.93
-11128.8
-12729.6
-14288.1
-15801.5
-17267.6
-18684.8
-20052
-21368.1
-22632.5
-23844.9
-25005
-26112.6
-27168
-28171
-29121.9
-30020.9
-30868.3
-31664.3
-32409.3
-33103.5
-33747.4
-34341.4
-34885.8
-35381.2
-35828.1
-36227
-36578.6
-36883.6
-37142.7
-37356.9
-37526.8
-37653.3
-37737.1
-37778.9
-877.373
-2632.19
-4379.73
-6109.14
-7814.08
-9488.91
-11128.8
-12729.6
-14288.1
-15801.4
-17267.6
-18684.8
-20051.9
-21368
-22632.5
-23844.8
-25004.9
-26112.6
-27167.9
-28170.9
-29121.9
-30020.9
-30868.2
-31664.3
-32409.2
-33103.5
-33747.4
-34341.3
-34885.8
-35381.2
-35828
-36227
-36578.6
-36883.6
-37142.7
-37356.8
-37526.7
-37653.2
-37737
-37778.8
-877.37
-2632.19
-4379.72
-6109.13
-7814.06
-9488.88
-11128.7
-12729.6
-14288
-15801.4
-17267.5
-18684.8
-20051.9
-21368
-22632.4
-23844.8
-25004.9
-26112.5
-27167.8
-28170.9
-29121.8
-30020.8
-30868.2
-31664.2
-32409.2
-33103.4
-33747.3
-34341.3
-34885.7
-35381.1
-35828
-36226.9
-36578.5
-36883.5
-37142.6
-37356.7
-37526.6
-37653.2
-37737
-37778.7
-877.367
-2632.18
-4379.7
-6109.11
-7814.03
-9488.85
-11128.7
-12729.5
-14288
-15801.3
-17267.5
-18684.7
-20051.8
-21367.9
-22632.4
-23844.7
-25004.8
-26112.5
-27167.8
-28170.8
-29121.7
-30020.8
-30868.1
-31664.1
-32409.1
-33103.3
-33747.2
-34341.2
-34885.6
-35381
-35827.9
-36226.8
-36578.4
-36883.4
-37142.6
-37356.7
-37526.6
-37653.1
-37736.9
-37778.7
-877.364
-2632.17
-4379.69
-6109.09
-7814.01
-9488.82
-11128.7
-12729.5
-14287.9
-15801.3
-17267.4
-18684.7
-20051.8
-21367.9
-22632.3
-23844.7
-25004.7
-26112.4
-27167.7
-28170.7
-29121.7
-30020.7
-30868
-31664.1
-32409
-33103.3
-33747.2
-34341.1
-34885.6
-35381
-35827.8
-36226.8
-36578.4
-36883.3
-37142.5
-37356.6
-37526.5
-37653
-37736.8
-37778.6
-877.361
-2632.16
-4379.67
-6109.06
-7813.98
-9488.78
-11128.6
-12729.5
-14287.9
-15801.2
-17267.4
-18684.6
-20051.7
-21367.8
-22632.2
-23844.6
-25004.7
-26112.3
-27167.6
-28170.7
-29121.6
-30020.6
-30868
-31664
-32408.9
-33103.2
-33747.1
-34341
-34885.5
-35380.9
-35827.8
-36226.7
-36578.3
-36883.3
-37142.4
-37356.5
-37526.4
-37652.9
-37736.8
-37778.5
-877.357
-2632.15
-4379.65
-6109.04
-7813.95
-9488.75
-11128.6
-12729.4
-14287.8
-15801.2
-17267.3
-18684.5
-20051.6
-21367.7
-22632.1
-23844.5
-25004.6
-26112.3
-27167.6
-28170.6
-29121.5
-30020.5
-30867.9
-31663.9
-32408.9
-33103.1
-33747
-34341
-34885.4
-35380.8
-35827.7
-36226.6
-36578.2
-36883.2
-37142.3
-37356.4
-37526.3
-37652.8
-37736.7
-37778.4
-877.354
-2632.14
-4379.64
-6109.02
-7813.92
-9488.71
-11128.6
-12729.4
-14287.8
-15801.1
-17267.2
-18684.5
-20051.6
-21367.7
-22632.1
-23844.4
-25004.5
-26112.2
-27167.5
-28170.5
-29121.4
-30020.4
-30867.8
-31663.8
-32408.8
-33103
-33746.9
-34340.9
-34885.3
-35380.7
-35827.6
-36226.5
-36578.1
-36883.1
-37142.2
-37356.3
-37526.2
-37652.8
-37736.6
-37778.3
-877.35
-2632.13
-4379.62
-6108.99
-7813.88
-9488.67
-11128.5
-12729.3
-14287.7
-15801.1
-17267.2
-18684.4
-20051.5
-21367.6
-22632
-23844.4
-25004.4
-26112.1
-27167.4
-28170.4
-29121.3
-30020.4
-30867.7
-31663.7
-32408.7
-33102.9
-33746.8
-34340.8
-34885.2
-35380.6
-35827.5
-36226.4
-36578
-36883
-37142.2
-37356.3
-37526.2
-37652.7
-37736.5
-37778.3
-877.347
-2632.12
-4379.6
-6108.97
-7813.86
-9488.64
-11128.5
-12729.3
-14287.7
-15801
-17267.1
-18684.3
-20051.4
-21367.5
-22631.9
-23844.3
-25004.4
-26112
-27167.3
-28170.4
-29121.3
-30020.3
-30867.7
-31663.7
-32408.6
-33102.9
-33746.8
-34340.7
-34885.2
-35380.6
-35827.4
-36226.3
-36577.9
-36882.9
-37142.1
-37356.2
-37526.1
-37652.6
-37736.4
-37778.2
-877.344
-2632.11
-4379.59
-6108.95
-7813.83
-9488.61
-11128.4
-12729.2
-14287.6
-15801
-17267.1
-18684.3
-20051.4
-21367.5
-22631.9
-23844.2
-25004.3
-26112
-27167.3
-28170.3
-29121.2
-30020.2
-30867.6
-31663.6
-32408.5
-33102.8
-33746.7
-34340.7
-34885.1
-35380.5
-35827.4
-36226.3
-36577.9
-36882.9
-37142
-37356.1
-37526
-37652.5
-37736.3
-37778.1
-877.341
-2632.1
-4379.57
-6108.93
-7813.81
-9488.58
-11128.4
-12729.2
-14287.6
-15800.9
-17267
-18684.2
-20051.3
-21367.4
-22631.8
-23844.2
-25004.2
-26111.9
-27167.2
-28170.2
-29121.1
-30020.2
-30867.5
-31663.5
-32408.5
-33102.7
-33746.6
-34340.6
-34885
-35380.4
-35827.3
-36226.2
-36577.8
-36882.8
-37141.9
-37356.1
-37526
-37652.5
-37736.3
-37778.1
-877.338
-2632.09
-4379.56
-6108.91
-7813.79
-9488.56
-11128.4
-12729.2
-14287.6
-15800.9
-17267
-18684.2
-20051.3
-21367.4
-22631.8
-23844.1
-25004.2
-26111.9
-27167.2
-28170.2
-29121.1
-30020.1
-30867.5
-31663.5
-32408.4
-33102.7
-33746.6
-34340.5
-34885
-35380.4
-35827.3
-36226.2
-36577.8
-36882.8
-37141.9
-37356
-37525.9
-37652.4
-37736.2
-37778
-877.335
-2632.08
-4379.55
-6108.9
-7813.77
-9488.54
-11128.4
-12729.2
-14287.6
-15800.9
-17267
-18684.2
-20051.3
-21367.3
-22631.8
-23844.1
-25004.2
-26111.8
-27167.1
-28170.2
-29121.1
-30020.1
-30867.4
-31663.5
-32408.4
-33102.7
-33746.6
-34340.5
-34885
-35380.4
-35827.2
-36226.1
-36577.7
-36882.7
-37141.9
-37356
-37525.9
-37652.4
-37736.2
-37778
-877.329
-2632.08
-4379.55
-6108.9
-7813.77
-9488.54
-11128.4
-12729.1
-14287.5
-15800.9
-17267
-18684.2
-20051.3
-21367.3
-22631.7
-23844.1
-25004.2
-26111.8
-27167.1
-28170.1
-29121.1
-30020.1
-30867.4
-31663.4
-32408.4
-33102.6
-33746.5
-34340.5
-34884.9
-35380.3
-35827.2
-36226.1
-36577.7
-36882.7
-37141.8
-37356
-37525.9
-37652.4
-37736.2
-37778
-918.363
-2754.71
-4582.08
-6388.43
-8166.6
-9910.43
-11614.8
-13275.4
-14889
-16453
-17965.4
-19424.8
-20830.4
-22181.3
-23477.4
-24718.3
-25904.2
-27035.2
-28111.4
-29133.2
-30100.8
-31014.8
-31875.3
-32682.9
-33437.9
-34140.8
-34792
-35392
-35941.3
-36440.4
-36889.9
-37290.4
-37642.7
-37947.6
-38205.9
-38418.8
-38587.3
-38712.4
-38795.1
-38836.2
-918.37
-2754.72
-4582.09
-6388.44
-8166.61
-9910.44
-11614.8
-13275.4
-14889
-16453
-17965.4
-19424.9
-20830.4
-22181.4
-23477.4
-24718.4
-25904.2
-27035.2
-28111.4
-29133.2
-30100.9
-31014.8
-31875.3
-32682.9
-33437.9
-34140.9
-34792.1
-35392.1
-35941.3
-36440.4
-36889.9
-37290.4
-37642.7
-37947.6
-38206
-38418.9
-38587.3
-38712.4
-38795.1
-38836.2
-918.373
-2754.73
-4582.1
-6388.46
-8166.63
-9910.47
-11614.8
-13275.4
-14889
-16453
-17965.4
-19424.9
-20830.4
-22181.4
-23477.4
-24718.4
-25904.3
-27035.2
-28111.5
-29133.2
-30100.9
-31014.8
-31875.4
-32683
-33438
-34140.9
-34792.1
-35392.1
-35941.4
-36440.5
-36889.9
-37290.5
-37642.7
-37947.6
-38206
-38418.9
-38587.4
-38712.4
-38795.1
-38836.3
-918.377
-2754.74
-4582.12
-6388.48
-8166.66
-9910.5
-11614.8
-13275.5
-14889.1
-16453
-17965.5
-19424.9
-20830.5
-22181.5
-23477.5
-24718.5
-25904.3
-27035.3
-28111.5
-29133.3
-30101
-31014.9
-31875.4
-32683
-33438.1
-34141
-34792.2
-35392.2
-35941.4
-36440.5
-36890
-37290.5
-37642.8
-37947.7
-38206.1
-38419
-38587.4
-38712.5
-38795.2
-38836.3
-918.381
-2754.75
-4582.14
-6388.5
-8166.69
-9910.53
-11614.9
-13275.5
-14889.1
-16453.1
-17965.5
-19425
-20830.5
-22181.5
-23477.6
-24718.5
-25904.4
-27035.4
-28111.6
-29133.4
-30101
-31015
-31875.5
-32683.1
-33438.1
-34141
-34792.3
-35392.3
-35941.5
-36440.6
-36890.1
-37290.6
-37642.9
-37947.8
-38206.2
-38419
-38587.5
-38712.6
-38795.3
-38836.4
-918.385
-2754.76
-4582.16
-6388.53
-8166.73
-9910.58
-11614.9
-13275.6
-14889.2
-16453.2
-17965.6
-19425.1
-20830.6
-22181.6
-23477.6
-24718.6
-25904.5
-27035.4
-28111.7
-29133.5
-30101.1
-31015.1
-31875.6
-32683.2
-33438.2
-34141.1
-34792.3
-35392.3
-35941.6
-36440.7
-36890.2
-37290.7
-37643
-37947.9
-38206.3
-38419.1
-38587.6
-38712.7
-38795.4
-38836.5
-918.39
-2754.78
-4582.18
-6388.56
-8166.76
-9910.62
-11615
-13275.6
-14889.2
-16453.2
-17965.7
-19425.2
-20830.7
-22181.7
-23477.7
-24718.7
-25904.6
-27035.5
-28111.8
-29133.6
-30101.2
-31015.2
-31875.7
-32683.3
-33438.3
-34141.2
-34792.4
-35392.4
-35941.7
-36440.8
-36890.3
-37290.8
-37643.1
-37948
-38206.4
-38419.2
-38587.7
-38712.8
-38795.5
-38836.6
-918.395
-2754.79
-4582.21
-6388.59
-8166.81
-9910.67
-11615
-13275.7
-14889.3
-16453.3
-17965.8
-19425.2
-20830.8
-22181.8
-23477.8
-24718.8
-25904.7
-27035.6
-28111.9
-29133.7
-30101.3
-31015.3
-31875.8
-32683.4
-33438.4
-34141.3
-34792.6
-35392.6
-35941.8
-36440.9
-36890.4
-37290.9
-37643.2
-37948.1
-38206.5
-38419.4
-38587.8
-38712.9
-38795.6
-38836.7
-918.4
-2754.81
-4582.23
-6388.63
-8166.85
-9910.72
-11615.1
-13275.8
-14889.4
-16453.4
-17965.8
-19425.3
-20830.9
-22181.9
-23477.9
-24718.9
-25904.8
-27035.7
-28112
-29133.8
-30101.4
-31015.4
-31875.9
-32683.5
-33438.5
-34141.4
-34792.7
-35392.7
-35941.9
-36441
-36890.5
-37291
-37643.3
-37948.2
-38206.6
-38419.5
-38587.9
-38713
-38795.7
-38836.8
-918.404
-2754.82
-4582.25
-6388.66
-8166.89
-9910.77
-11615.1
-13275.8
-14889.4
-16453.5
-17965.9
-19425.4
-20831
-22182
-23478
-24719
-25904.9
-27035.8
-28112.1
-29133.9
-30101.5
-31015.5
-31876
-32683.6
-33438.7
-34141.6
-34792.8
-35392.8
-35942.1
-36441.1
-36890.6
-37291.1
-37643.4
-37948.3
-38206.7
-38419.6
-38588
-38713.1
-38795.8
-38836.9
-918.409
-2754.83
-4582.27
-6388.69
-8166.92
-9910.81
-11615.2
-13275.9
-14889.5
-16453.5
-17966
-19425.5
-20831
-22182
-23478.1
-24719.1
-25905
-27035.9
-28112.2
-29134
-30101.6
-31015.6
-31876.1
-32683.7
-33438.8
-34141.7
-34792.9
-35392.9
-35942.2
-36441.2
-36890.7
-37291.2
-37643.5
-37948.4
-38206.8
-38419.7
-38588.1
-38713.2
-38795.9
-38837.1
-918.413
-2754.84
-4582.29
-6388.72
-8166.96
-9910.85
-11615.2
-13275.9
-14889.6
-16453.6
-17966.1
-19425.6
-20831.1
-22182.1
-23478.2
-24719.2
-25905.1
-27036
-28112.3
-29134.1
-30101.7
-31015.7
-31876.2
-32683.8
-33438.9
-34141.8
-34793
-35393
-35942.3
-36441.3
-36890.8
-37291.3
-37643.6
-37948.5
-38206.9
-38419.8
-38588.3
-38713.3
-38796
-38837.2
-918.416
-2754.86
-4582.31
-6388.74
-8166.99
-9910.89
-11615.3
-13276
-14889.6
-16453.7
-17966.1
-19425.6
-20831.2
-22182.2
-23478.3
-24719.2
-25905.1
-27036.1
-28112.4
-29134.1
-30101.8
-31015.8
-31876.3
-32683.9
-33439
-34141.9
-34793.1
-35393.1
-35942.4
-36441.4
-36890.9
-37291.4
-37643.7
-37948.6
-38207
-38419.9
-38588.3
-38713.4
-38796.1
-38837.3
-918.42
-2754.87
-4582.33
-6388.77
-8167.02
-9910.93
-11615.3
-13276
-14889.7
-16453.7
-17966.2
-19425.7
-20831.3
-22182.3
-23478.3
-24719.3
-25905.2
-27036.2
-28112.4
-29134.2
-30101.9
-31015.8
-31876.4
-32684
-33439
-34141.9
-34793.2
-35393.2
-35942.4
-36441.5
-36891
-37291.5
-37643.8
-37948.7
-38207.1
-38420
-38588.4
-38713.5
-38796.2
-38837.3
-918.423
-2754.87
-4582.34
-6388.78
-8167.04
-9910.96
-11615.4
-13276.1
-14889.7
-16453.8
-17966.2
-19425.7
-20831.3
-22182.3
-23478.4
-24719.4
-25905.3
-27036.3
-28112.5
-29134.3
-30102
-31015.9
-31876.5
-32684.1
-33439.1
-34142
-34793.2
-35393.2
-35942.5
-36441.6
-36891.1
-37291.6
-37643.9
-37948.8
-38207.2
-38420.1
-38588.5
-38713.6
-38796.3
-38837.4
-918.425
-2754.88
-4582.36
-6388.8
-8167.07
-9910.98
-11615.4
-13276.1
-14889.8
-16453.8
-17966.3
-19425.8
-20831.4
-22182.4
-23478.4
-24719.4
-25905.3
-27036.3
-28112.6
-29134.4
-30102
-31016
-31876.5
-32684.1
-33439.2
-34142.1
-34793.3
-35393.3
-35942.6
-36441.7
-36891.2
-37291.7
-37644
-37948.8
-38207.2
-38420.1
-38588.6
-38713.7
-38796.4
-38837.5
-918.427
-2754.89
-4582.37
-6388.82
-8167.08
-9911.01
-11615.4
-13276.1
-14889.8
-16453.8
-17966.3
-19425.8
-20831.4
-22182.4
-23478.5
-24719.5
-25905.4
-27036.4
-28112.6
-29134.4
-30102.1
-31016
-31876.6
-32684.2
-33439.2
-34142.1
-34793.4
-35393.4
-35942.6
-36441.7
-36891.2
-37291.7
-37644
-37948.9
-38207.3
-38420.2
-38588.6
-38713.7
-38796.4
-38837.5
-918.429
-2754.89
-4582.37
-6388.83
-8167.1
-9911.02
-11615.4
-13276.1
-14889.8
-16453.9
-17966.3
-19425.9
-20831.4
-22182.4
-23478.5
-24719.5
-25905.4
-27036.4
-28112.6
-29134.4
-30102.1
-31016.1
-31876.6
-32684.2
-33439.3
-34142.2
-34793.4
-35393.4
-35942.7
-36441.8
-36891.3
-37291.8
-37644.1
-37948.9
-38207.3
-38420.2
-38588.7
-38713.8
-38796.5
-38837.6
-918.43
-2754.9
-4582.38
-6388.83
-8167.11
-9911.03
-11615.5
-13276.2
-14889.8
-16453.9
-17966.4
-19425.9
-20831.5
-22182.5
-23478.5
-24719.5
-25905.5
-27036.4
-28112.7
-29134.5
-30102.2
-31016.1
-31876.7
-32684.3
-33439.3
-34142.2
-34793.4
-35393.4
-35942.7
-36441.8
-36891.3
-37291.8
-37644.1
-37949
-38207.4
-38420.3
-38588.7
-38713.8
-38796.5
-38837.6
-918.43
-2754.9
-4582.38
-6388.84
-8167.11
-9911.04
-11615.5
-13276.2
-14889.8
-16453.9
-17966.4
-19425.9
-20831.5
-22182.5
-23478.6
-24719.6
-25905.5
-27036.4
-28112.7
-29134.5
-30102.2
-31016.1
-31876.7
-32684.3
-33439.3
-34142.2
-34793.5
-35393.5
-35942.7
-36441.8
-36891.3
-37291.8
-37644.1
-37949
-38207.4
-38420.3
-38588.7
-38713.8
-38796.5
-38837.6
-918.431
-2754.9
-4582.38
-6388.84
-8167.11
-9911.04
-11615.5
-13276.2
-14889.8
-16453.9
-17966.4
-19425.9
-20831.5
-22182.5
-23478.6
-24719.6
-25905.5
-27036.4
-28112.7
-29134.5
-30102.2
-31016.1
-31876.7
-32684.3
-33439.3
-34142.2
-34793.5
-35393.5
-35942.7
-36441.8
-36891.3
-37291.8
-37644.1
-37949
-38207.4
-38420.3
-38588.7
-38713.8
-38796.5
-38837.6
-918.43
-2754.9
-4582.38
-6388.84
-8167.11
-9911.04
-11615.5
-13276.2
-14889.8
-16453.9
-17966.4
-19425.9
-20831.5
-22182.5
-23478.6
-24719.6
-25905.5
-27036.4
-28112.7
-29134.5
-30102.2
-31016.1
-31876.7
-32684.3
-33439.3
-34142.2
-34793.5
-35393.5
-35942.7
-36441.8
-36891.3
-37291.8
-37644.1
-37949
-38207.4
-38420.3
-38588.7
-38713.8
-38796.5
-38837.6
-918.43
-2754.89
-4582.38
-6388.83
-8167.11
-9911.03
-11615.4
-13276.2
-14889.8
-16453.9
-17966.4
-19425.9
-20831.5
-22182.5
-23478.5
-24719.5
-25905.5
-27036.4
-28112.7
-29134.5
-30102.2
-31016.1
-31876.7
-32684.3
-33439.3
-34142.2
-34793.4
-35393.4
-35942.7
-36441.8
-36891.3
-37291.8
-37644.1
-37949
-38207.4
-38420.3
-38588.7
-38713.8
-38796.5
-38837.6
-918.428
-2754.89
-4582.37
-6388.82
-8167.1
-9911.02
-11615.4
-13276.1
-14889.8
-16453.9
-17966.3
-19425.9
-20831.4
-22182.4
-23478.5
-24719.5
-25905.4
-27036.4
-28112.6
-29134.5
-30102.1
-31016.1
-31876.6
-32684.2
-33439.3
-34142.2
-34793.4
-35393.4
-35942.7
-36441.8
-36891.3
-37291.8
-37644.1
-37949
-38207.3
-38420.2
-38588.7
-38713.8
-38796.5
-38837.6
-918.427
-2754.89
-4582.36
-6388.81
-8167.08
-9911
-11615.4
-13276.1
-14889.8
-16453.8
-17966.3
-19425.8
-20831.4
-22182.4
-23478.5
-24719.5
-25905.4
-27036.4
-28112.6
-29134.4
-30102.1
-31016
-31876.6
-32684.2
-33439.2
-34142.2
-34793.4
-35393.4
-35942.7
-36441.7
-36891.2
-37291.7
-37644
-37948.9
-38207.3
-38420.2
-38588.7
-38713.7
-38796.4
-38837.6
-918.425
-2754.88
-4582.35
-6388.8
-8167.06
-9910.98
-11615.4
-13276.1
-14889.8
-16453.8
-17966.3
-19425.8
-20831.4
-22182.4
-23478.4
-24719.4
-25905.4
-27036.3
-28112.6
-29134.4
-30102.1
-31016
-31876.6
-32684.2
-33439.2
-34142.1
-34793.3
-35393.3
-35942.6
-36441.7
-36891.2
-37291.7
-37644
-37948.9
-38207.3
-38420.1
-38588.6
-38713.7
-38796.4
-38837.5
-918.422
-2754.87
-4582.34
-6388.78
-8167.04
-9910.95
-11615.4
-13276.1
-14889.7
-16453.8
-17966.2
-19425.7
-20831.3
-22182.3
-23478.4
-24719.4
-25905.3
-27036.3
-28112.5
-29134.3
-30102
-31015.9
-31876.5
-32684.1
-33439.1
-34142
-34793.3
-35393.3
-35942.5
-36441.6
-36891.1
-37291.6
-37643.9
-37948.8
-38207.2
-38420.1
-38588.5
-38713.6
-38796.3
-38837.4
-918.419
-2754.86
-4582.33
-6388.76
-8167.02
-9910.92
-11615.3
-13276
-14889.7
-16453.7
-17966.2
-19425.7
-20831.3
-22182.3
-23478.3
-24719.3
-25905.2
-27036.2
-28112.4
-29134.2
-30101.9
-31015.9
-31876.4
-32684
-33439.1
-34142
-34793.2
-35393.2
-35942.5
-36441.6
-36891
-37291.6
-37643.9
-37948.7
-38207.1
-38420
-38588.5
-38713.6
-38796.2
-38837.4
-918.416
-2754.85
-4582.31
-6388.74
-8166.99
-9910.89
-11615.3
-13276
-14889.6
-16453.6
-17966.1
-19425.6
-20831.2
-22182.2
-23478.3
-24719.2
-25905.2
-27036.1
-28112.4
-29134.2
-30101.9
-31015.8
-31876.3
-32683.9
-33439
-34141.9
-34793.1
-35393.1
-35942.4
-36441.5
-36891
-37291.5
-37643.8
-37948.7
-38207
-38419.9
-38588.4
-38713.5
-38796.2
-38837.3
-918.412
-2754.84
-4582.29
-6388.71
-8166.95
-9910.85
-11615.2
-13275.9
-14889.6
-16453.6
-17966.1
-19425.6
-20831.1
-22182.1
-23478.2
-24719.2
-25905.1
-27036
-28112.3
-29134.1
-30101.8
-31015.7
-31876.3
-32683.9
-33438.9
-34141.8
-34793
-35393
-35942.3
-36441.4
-36890.9
-37291.4
-37643.7
-37948.6
-38207
-38419.8
-38588.3
-38713.4
-38796.1
-38837.2
-918.408
-2754.83
-4582.27
-6388.68
-8166.92
-9910.81
-11615.2
-13275.9
-14889.5
-16453.5
-17966
-19425.5
-20831.1
-22182
-23478.1
-24719.1
-25905
-27036
-28112.2
-29134
-30101.7
-31015.6
-31876.2
-32683.8
-33438.8
-34141.7
-34792.9
-35392.9
-35942.2
-36441.3
-36890.8
-37291.3
-37643.6
-37948.5
-38206.9
-38419.7
-38588.2
-38713.3
-38796
-38837.1
-918.404
-2754.82
-4582.25
-6388.66
-8166.88
-9910.76
-11615.1
-13275.8
-14889.4
-16453.5
-17965.9
-19425.4
-20831
-22182
-23478
-24719
-25904.9
-27035.9
-28112.1
-29133.9
-30101.6
-31015.5
-31876.1
-32683.7
-33438.7
-34141.6
-34792.8
-35392.8
-35942.1
-36441.2
-36890.7
-37291.2
-37643.5
-37948.4
-38206.8
-38419.6
-38588.1
-38713.2
-38795.9
-38837
-918.399
-2754.8
-4582.23
-6388.63
-8166.84
-9910.72
-11615.1
-13275.8
-14889.4
-16453.4
-17965.8
-19425.3
-20830.9
-22181.9
-23477.9
-24718.9
-25904.8
-27035.8
-28112
-29133.8
-30101.5
-31015.4
-31876
-32683.6
-33438.6
-34141.5
-34792.7
-35392.7
-35942
-36441.1
-36890.6
-37291.1
-37643.4
-37948.3
-38206.7
-38419.5
-38588
-38713.1
-38795.8
-38836.9
-918.395
-2754.79
-4582.21
-6388.6
-8166.81
-9910.67
-11615
-13275.7
-14889.3
-16453.3
-17965.8
-19425.3
-20830.8
-22181.8
-23477.9
-24718.8
-25904.7
-27035.7
-28111.9
-29133.7
-30101.4
-31015.3
-31875.9
-32683.5
-33438.5
-34141.4
-34792.6
-35392.6
-35941.9
-36441
-36890.5
-37291
-37643.3
-37948.2
-38206.6
-38419.4
-38587.9
-38713
-38795.7
-38836.8
-918.391
-2754.78
-4582.19
-6388.57
-8166.77
-9910.63
-11615
-13275.6
-14889.3
-16453.3
-17965.7
-19425.2
-20830.7
-22181.7
-23477.8
-24718.7
-25904.6
-27035.6
-28111.8
-29133.6
-30101.3
-31015.2
-31875.8
-32683.4
-33438.4
-34141.3
-34792.5
-35392.5
-35941.8
-36440.9
-36890.4
-37290.9
-37643.2
-37948.1
-38206.5
-38419.4
-38587.8
-38712.9
-38795.6
-38836.7
-918.387
-2754.77
-4582.17
-6388.54
-8166.74
-9910.59
-11614.9
-13275.6
-14889.2
-16453.2
-17965.6
-19425.1
-20830.7
-22181.6
-23477.7
-24718.7
-25904.6
-27035.5
-28111.8
-29133.5
-30101.2
-31015.1
-31875.7
-32683.3
-33438.3
-34141.2
-34792.5
-35392.5
-35941.7
-36440.8
-36890.3
-37290.8
-37643.1
-37948
-38206.4
-38419.3
-38587.7
-38712.8
-38795.5
-38836.6
-918.383
-2754.76
-4582.15
-6388.52
-8166.71
-9910.56
-11614.9
-13275.5
-14889.2
-16453.1
-17965.6
-19425.1
-20830.6
-22181.6
-23477.6
-24718.6
-25904.5
-27035.5
-28111.7
-29133.5
-30101.2
-31015.1
-31875.6
-32683.2
-33438.3
-34141.2
-34792.4
-35392.4
-35941.7
-36440.8
-36890.2
-37290.7
-37643
-37947.9
-38206.3
-38419.2
-38587.7
-38712.7
-38795.4
-38836.5
-918.38
-2754.75
-4582.14
-6388.5
-8166.69
-9910.53
-11614.9
-13275.5
-14889.1
-16453.1
-17965.5
-19425
-20830.6
-22181.5
-23477.6
-24718.6
-25904.4
-27035.4
-28111.6
-29133.4
-30101.1
-31015
-31875.6
-32683.2
-33438.2
-34141.1
-34792.3
-35392.3
-35941.6
-36440.7
-36890.2
-37290.7
-37643
-37947.9
-38206.2
-38419.1
-38587.6
-38712.7
-38795.4
-38836.5
-918.376
-2754.74
-4582.12
-6388.49
-8166.67
-9910.51
-11614.9
-13275.5
-14889.1
-16453.1
-17965.5
-19425
-20830.5
-22181.5
-23477.5
-24718.5
-25904.4
-27035.4
-28111.6
-29133.4
-30101.1
-31015
-31875.5
-32683.1
-33438.2
-34141.1
-34792.3
-35392.3
-35941.6
-36440.7
-36890.1
-37290.6
-37642.9
-37947.8
-38206.2
-38419.1
-38587.5
-38712.6
-38795.3
-38836.4
-918.37
-2754.73
-4582.12
-6388.48
-8166.66
-9910.5
-11614.8
-13275.5
-14889.1
-16453.1
-17965.5
-19425
-20830.5
-22181.5
-23477.5
-24718.5
-25904.4
-27035.3
-28111.6
-29133.4
-30101
-31015
-31875.5
-32683.1
-33438.1
-34141
-34792.3
-35392.3
-35941.5
-36440.6
-36890.1
-37290.6
-37642.9
-37947.8
-38206.2
-38419.1
-38587.5
-38712.6
-38795.3
-38836.4
-963.809
-2890.37
-4805.67
-6696.18
-8553.83
-10371.9
-12144.9
-13868.7
-15540.1
-17156.7
-18716.9
-20219.6
-21664.2
-23050.4
-24378.2
-25647.8
-26859.4
-28013.4
-29110.3
-30150.5
-31134.6
-32063
-32936.3
-33755.1
-34519.8
-35230.9
-35889
-36494.5
-37048.1
-37550.3
-38001.7
-38403.1
-38755.3
-39059.1
-39315.7
-39526.4
-39692.3
-39815
-39895.8
-39935.9
-963.816
-2890.38
-4805.68
-6696.19
-8553.84
-10371.9
-12145
-13868.8
-15540.1
-17156.7
-18716.9
-20219.6
-21664.2
-23050.4
-24378.2
-25647.8
-26859.4
-28013.4
-29110.3
-30150.5
-31134.6
-32063
-32936.4
-33755.1
-34519.8
-35230.9
-35889
-36494.5
-37048.1
-37550.3
-38001.7
-38403.1
-38755.3
-39059.2
-39315.8
-39526.4
-39692.3
-39815
-39895.8
-39935.9
-963.82
-2890.39
-4805.7
-6696.21
-8553.86
-10371.9
-12145
-13868.8
-15540.2
-17156.7
-18716.9
-20219.6
-21664.2
-23050.5
-24378.3
-25647.9
-26859.4
-28013.5
-29110.3
-30150.6
-31134.6
-32063.1
-32936.4
-33755.2
-34519.9
-35231
-35889.1
-36494.6
-37048.2
-37550.4
-38001.8
-38403.2
-38755.3
-39059.2
-39315.8
-39526.4
-39692.4
-39815.1
-39895.9
-39936
-963.825
-2890.4
-4805.72
-6696.24
-8553.89
-10372
-12145
-13868.8
-15540.2
-17156.8
-18717
-20219.7
-21664.3
-23050.5
-24378.4
-25647.9
-26859.5
-28013.5
-29110.4
-30150.6
-31134.7
-32063.2
-32936.5
-33755.3
-34519.9
-35231.1
-35889.1
-36494.7
-37048.3
-37550.4
-38001.9
-38403.3
-38755.4
-39059.3
-39315.9
-39526.5
-39692.5
-39815.2
-39896
-39936
-963.83
-2890.42
-4805.74
-6696.27
-8553.93
-10372
-12145.1
-13868.9
-15540.3
-17156.9
-18717.1
-20219.8
-21664.4
-23050.6
-24378.4
-25648
-26859.6
-28013.6
-29110.5
-30150.7
-31134.8
-32063.3
-32936.6
-33755.4
-34520
-35231.2
-35889.2
-36494.8
-37048.4
-37550.5
-38002
-38403.4
-38755.5
-39059.4
-39316
-39526.6
-39692.6
-39815.3
-39896.1
-39936.1
-963.835
-2890.43
-4805.77
-6696.3
-8553.98
-10372.1
-12145.1
-13869
-15540.4
-17157
-18717.1
-20219.9
-21664.5
-23050.7
-24378.5
-25648.1
-26859.7
-28013.7
-29110.6
-30150.8
-31134.9
-32063.4
-32936.7
-33755.5
-34520.1
-35231.3
-35889.3
-36494.9
-37048.5
-37550.7
-38002.1
-38403.5
-38755.6
-39059.5
-39316.1
-39526.7
-39692.7
-39815.4
-39896.2
-39936.2
-963.841
-2890.45
-4805.79
-6696.34
-8554.03
-10372.1
-12145.2
-13869
-15540.4
-17157
-18717.2
-20220
-21664.6
-23050.8
-24378.7
-25648.2
-26859.8
-28013.8
-29110.7
-30150.9
-31135
-32063.5
-32936.8
-33755.6
-34520.3
-35231.4
-35889.5
-36495
-37048.6
-37550.8
-38002.2
-38403.6
-38755.8
-39059.6
-39316.2
-39526.9
-39692.8
-39815.5
-39896.3
-39936.4
-963.847
-2890.47
-4805.82
-6696.38
-8554.08
-10372.2
-12145.3
-13869.1
-15540.5
-17157.1
-18717.3
-20220.1
-21664.7
-23050.9
-24378.8
-25648.3
-26859.9
-28014
-29110.8
-30151.1
-31135.1
-32063.6
-32937
-33755.7
-34520.4
-35231.5
-35889.6
-36495.1
-37048.7
-37550.9
-38002.3
-38403.7
-38755.9
-39059.7
-39316.4
-39527
-39692.9
-39815.6
-39896.4
-39936.5
-963.853
-2890.48
-4805.85
-6696.42
-8554.13
-10372.2
-12145.3
-13869.2
-15540.6
-17157.2
-18717.4
-20220.2
-21664.8
-23051
-24378.9
-25648.4
-26860.1
-28014.1
-29111
-30151.2
-31135.3
-32063.7
-32937.1
-33755.8
-34520.5
-35231.6
-35889.7
-36495.3
-37048.8
-37551
-38002.5
-38403.9
-38756
-39059.9
-39316.5
-39527.1
-39693.1
-39815.8
-39896.6
-39936.6
-963.858
-2890.5
-4805.88
-6696.46
-8554.17
-10372.3
-12145.4
-13869.3
-15540.7
-17157.3
-18717.5
-20220.3
-21664.9
-23051.1
-24379
-25648.6
-26860.2
-28014.2
-29111.1
-30151.3
-31135.4
-32063.9
-32937.2
-33756
-34520.7
-35231.8
-35889.8
-36495.4
-37049
-37551.2
-38002.6
-38404
-38756.2
-39060
-39316.6
-39527.3
-39693.2
-39815.9
-39896.7
-39936.8
-963.863
-2890.52
-4805.91
-6696.49
-8554.22
-10372.4
-12145.5
-13869.3
-15540.8
-17157.4
-18717.6
-20220.3
-21665
-23051.2
-24379.1
-25648.7
-26860.3
-28014.3
-29111.2
-30151.4
-31135.5
-32064
-32937.3
-33756.1
-34520.8
-35231.9
-35890
-36495.5
-37049.1
-37551.3
-38002.7
-38404.1
-38756.3
-39060.1
-39316.8
-39527.4
-39693.3
-39816
-39896.8
-39936.9
-963.868
-2890.53
-4805.93
-6696.53
-8554.26
-10372.4
-12145.5
-13869.4
-15540.8
-17157.5
-18717.7
-20220.4
-21665.1
-23051.3
-24379.2
-25648.8
-26860.4
-28014.4
-29111.3
-30151.5
-31135.6
-32064.1
-32937.4
-33756.2
-34520.9
-35232
-35890.1
-36495.6
-37049.2
-37551.4
-38002.8
-38404.2
-38756.4
-39060.3
-39316.9
-39527.5
-39693.4
-39816.1
-39896.9
-39937
-963.872
-2890.54
-4805.95
-6696.56
-8554.3
-10372.4
-12145.6
-13869.5
-15540.9
-17157.5
-18717.8
-20220.5
-21665.2
-23051.4
-24379.3
-25648.9
-26860.5
-28014.5
-29111.4
-30151.6
-31135.7
-32064.2
-32937.5
-33756.3
-34521
-35232.1
-35890.2
-36495.7
-37049.3
-37551.5
-38002.9
-38404.3
-38756.5
-39060.4
-39317
-39527.6
-39693.6
-39816.2
-39897
-39937.1
-963.876
-2890.56
-4805.97
-6696.58
-8554.33
-10372.5
-12145.6
-13869.5
-15540.9
-17157.6
-18717.8
-20220.6
-21665.2
-23051.5
-24379.4
-25648.9
-26860.6
-28014.6
-29111.5
-30151.7
-31135.8
-32064.3
-32937.6
-33756.4
-34521.1
-35232.2
-35890.3
-36495.8
-37049.4
-37551.6
-38003
-38404.4
-38756.6
-39060.5
-39317.1
-39527.7
-39693.7
-39816.3
-39897.1
-39937.2
-963.88
-2890.57
-4805.99
-6696.61
-8554.36
-10372.5
-12145.7
-13869.6
-15541
-17157.6
-18717.9
-20220.6
-21665.3
-23051.6
-24379.4
-25649
-26860.6
-28014.7
-29111.6
-30151.8
-31135.9
-32064.4
-32937.7
-33756.5
-34521.2
-35232.3
-35890.4
-36495.9
-37049.5
-37551.7
-38003.1
-38404.5
-38756.7
-39060.5
-39317.2
-39527.8
-39693.7
-39816.4
-39897.2
-39937.3
-963.882
-2890.57
-4806
-6696.63
-8554.38
-10372.5
-12145.7
-13869.6
-15541
-17157.7
-18717.9
-20220.7
-21665.4
-23051.6
-24379.5
-25649.1
-26860.7
-28014.7
-29111.6
-30151.9
-31136
-32064.4
-32937.8
-33756.6
-34521.2
-35232.4
-35890.4
-36496
-37049.6
-37551.8
-38003.2
-38404.6
-38756.8
-39060.6
-39317.3
-39527.9
-39693.8
-39816.5
-39897.3
-39937.4
-963.885
-2890.58
-4806.01
-6696.64
-8554.4
-10372.6
-12145.7
-13869.6
-15541.1
-17157.7
-18718
-20220.7
-21665.4
-23051.7
-24379.5
-25649.1
-26860.8
-28014.8
-29111.7
-30151.9
-31136
-32064.5
-32937.9
-33756.6
-34521.3
-35232.4
-35890.5
-36496.1
-37049.6
-37551.8
-38003.3
-38404.7
-38756.8
-39060.7
-39317.3
-39527.9
-39693.9
-39816.6
-39897.4
-39937.4
-963.887
-2890.59
-4806.02
-6696.65
-8554.42
-10372.6
-12145.7
-13869.6
-15541.1
-17157.8
-18718
-20220.8
-21665.4
-23051.7
-24379.6
-25649.2
-26860.8
-28014.8
-29111.7
-30152
-31136.1
-32064.5
-32937.9
-33756.7
-34521.4
-35232.5
-35890.6
-36496.1
-37049.7
-37551.9
-38003.3
-38404.7
-38756.9
-39060.7
-39317.4
-39528
-39693.9
-39816.6
-39897.4
-39937.5
-963.888
-2890.59
-4806.03
-6696.66
-8554.43
-10372.6
-12145.8
-13869.7
-15541.1
-17157.8
-18718
-20220.8
-21665.5
-23051.7
-24379.6
-25649.2
-26860.8
-28014.9
-29111.8
-30152
-31136.1
-32064.6
-32937.9
-33756.7
-34521.4
-35232.5
-35890.6
-36496.1
-37049.7
-37551.9
-38003.4
-38404.8
-38756.9
-39060.8
-39317.4
-39528
-39694
-39816.7
-39897.4
-39937.5
-963.888
-2890.59
-4806.03
-6696.67
-8554.44
-10372.6
-12145.8
-13869.7
-15541.1
-17157.8
-18718
-20220.8
-21665.5
-23051.8
-24379.6
-25649.2
-26860.8
-28014.9
-29111.8
-30152
-31136.1
-32064.6
-32938
-33756.7
-34521.4
-35232.5
-35890.6
-36496.2
-37049.8
-37551.9
-38003.4
-38404.8
-38756.9
-39060.8
-39317.4
-39528
-39694
-39816.7
-39897.5
-39937.5
-963.889
-2890.59
-4806.03
-6696.67
-8554.44
-10372.6
-12145.8
-13869.7
-15541.1
-17157.8
-18718
-20220.8
-21665.5
-23051.8
-24379.6
-25649.2
-26860.8
-28014.9
-29111.8
-30152
-31136.1
-32064.6
-32938
-33756.7
-34521.4
-35232.5
-35890.6
-36496.2
-37049.8
-37552
-38003.4
-38404.8
-38756.9
-39060.8
-39317.4
-39528
-39694
-39816.7
-39897.5
-39937.6
-963.888
-2890.59
-4806.03
-6696.67
-8554.44
-10372.6
-12145.8
-13869.7
-15541.1
-17157.8
-18718
-20220.8
-21665.5
-23051.8
-24379.6
-25649.2
-26860.8
-28014.9
-29111.8
-30152
-31136.1
-32064.6
-32938
-33756.7
-34521.4
-35232.5
-35890.6
-36496.2
-37049.8
-37551.9
-38003.4
-38404.8
-38756.9
-39060.8
-39317.4
-39528
-39694
-39816.7
-39897.5
-39937.5
-963.887
-2890.59
-4806.02
-6696.66
-8554.43
-10372.6
-12145.8
-13869.7
-15541.1
-17157.8
-18718
-20220.8
-21665.5
-23051.7
-24379.6
-25649.2
-26860.8
-28014.9
-29111.8
-30152
-31136.1
-32064.6
-32937.9
-33756.7
-34521.4
-35232.5
-35890.6
-36496.2
-37049.7
-37551.9
-38003.4
-38404.8
-38756.9
-39060.8
-39317.4
-39528
-39694
-39816.7
-39897.5
-39937.5
-963.886
-2890.59
-4806.02
-6696.65
-8554.42
-10372.6
-12145.7
-13869.6
-15541.1
-17157.8
-18718
-20220.8
-21665.4
-23051.7
-24379.6
-25649.2
-26860.8
-28014.8
-29111.7
-30152
-31136.1
-32064.5
-32937.9
-33756.7
-34521.4
-35232.5
-35890.6
-36496.1
-37049.7
-37551.9
-38003.3
-38404.7
-38756.9
-39060.7
-39317.4
-39528
-39693.9
-39816.6
-39897.4
-39937.5
-963.884
-2890.58
-4806.01
-6696.64
-8554.4
-10372.6
-12145.7
-13869.6
-15541.1
-17157.7
-18718
-20220.7
-21665.4
-23051.7
-24379.5
-25649.1
-26860.8
-28014.8
-29111.7
-30151.9
-31136
-32064.5
-32937.9
-33756.6
-34521.3
-35232.4
-35890.5
-36496.1
-37049.7
-37551.8
-38003.3
-38404.7
-38756.8
-39060.7
-39317.3
-39527.9
-39693.9
-39816.6
-39897.4
-39937.4
-963.882
-2890.57
-4806
-6696.62
-8554.38
-10372.5
-12145.7
-13869.6
-15541
-17157.7
-18717.9
-20220.7
-21665.3
-23051.6
-24379.5
-25649.1
-26860.7
-28014.7
-29111.6
-30151.9
-31136
-32064.4
-32937.8
-33756.6
-34521.3
-35232.4
-35890.5
-36496
-37049.6
-37551.8
-38003.2
-38404.6
-38756.8
-39060.6
-39317.3
-39527.9
-39693.8
-39816.5
-39897.3
-39937.4
-963.879
-2890.56
-4805.98
-6696.6
-8554.35
-10372.5
-12145.7
-13869.5
-15541
-17157.6
-18717.9
-20220.6
-21665.3
-23051.6
-24379.4
-25649
-26860.6
-28014.7
-29111.6
-30151.8
-31135.9
-32064.4
-32937.7
-33756.5
-34521.2
-35232.3
-35890.4
-36495.9
-37049.5
-37551.7
-38003.2
-38404.6
-38756.7
-39060.6
-39317.2
-39527.8
-39693.8
-39816.5
-39897.2
-39937.3
-963.875
-2890.55
-4805.96
-6696.58
-8554.32
-10372.5
-12145.6
-13869.5
-15540.9
-17157.6
-18717.8
-20220.6
-21665.2
-23051.5
-24379.3
-25648.9
-26860.6
-28014.6
-29111.5
-30151.7
-31135.8
-32064.3
-32937.6
-33756.4
-34521.1
-35232.2
-35890.3
-36495.9
-37049.4
-37551.6
-38003.1
-38404.5
-38756.6
-39060.5
-39317.1
-39527.7
-39693.7
-39816.4
-39897.2
-39937.2
-963.871
-2890.54
-4805.94
-6696.55
-8554.29
-10372.4
-12145.6
-13869.4
-15540.9
-17157.5
-18717.7
-20220.5
-21665.2
-23051.4
-24379.3
-25648.9
-26860.5
-28014.5
-29111.4
-30151.6
-31135.7
-32064.2
-32937.6
-33756.3
-34521
-35232.1
-35890.2
-36495.8
-37049.3
-37551.5
-38003
-38404.4
-38756.5
-39060.4
-39317
-39527.6
-39693.6
-39816.3
-39897.1
-39937.1
-963.867
-2890.53
-4805.92
-6696.52
-8554.25
-10372.4
-12145.5
-13869.4
-15540.8
-17157.4
-18717.7
-20220.4
-21665.1
-23051.3
-24379.2
-25648.8
-26860.4
-28014.4
-29111.3
-30151.5
-31135.6
-32064.1
-32937.5
-33756.2
-34520.9
-35232
-35890.1
-36495.7
-37049.2
-37551.4
-38002.9
-38404.3
-38756.4
-39060.3
-39316.9
-39527.5
-39693.5
-39816.2
-39897
-39937
-963.862
-2890.51
-4805.9
-6696.49
-8554.21
-10372.3
-12145.5
-13869.3
-15540.7
-17157.4
-18717.6
-20220.3
-21665
-23051.2
-24379.1
-25648.7
-26860.3
-28014.3
-29111.2
-30151.4
-31135.5
-32064
-32937.3
-33756.1
-34520.8
-35231.9
-35890
-36495.6
-37049.1
-37551.3
-38002.8
-38404.2
-38756.3
-39060.2
-39316.8
-39527.4
-39693.4
-39816.1
-39896.8
-39936.9
-963.857
-2890.5
-4805.87
-6696.45
-8554.16
-10372.3
-12145.4
-13869.3
-15540.7
-17157.3
-18717.5
-20220.2
-21664.9
-23051.1
-24379
-25648.6
-26860.2
-28014.2
-29111.1
-30151.3
-31135.4
-32063.9
-32937.2
-33756
-34520.7
-35231.8
-35889.9
-36495.4
-37049
-37551.2
-38002.6
-38404
-38756.2
-39060.1
-39316.7
-39527.3
-39693.3
-39815.9
-39896.7
-39936.8
-963.852
-2890.48
-4805.85
-6696.41
-8554.12
-10372.2
-12145.3
-13869.2
-15540.6
-17157.2
-18717.4
-20220.2
-21664.8
-23051
-24378.9
-25648.5
-26860.1
-28014.1
-29111
-30151.2
-31135.3
-32063.8
-32937.1
-33755.9
-34520.6
-35231.7
-35889.8
-36495.3
-37048.9
-37551.1
-38002.5
-38403.9
-38756.1
-39059.9
-39316.6
-39527.2
-39693.1
-39815.8
-39896.6
-39936.7
-963.846
-2890.47
-4805.82
-6696.38
-8554.07
-10372.2
-12145.3
-13869.1
-15540.5
-17157.1
-18717.3
-20220.1
-21664.7
-23050.9
-24378.8
-25648.4
-26860
-28014
-29110.9
-30151.1
-31135.2
-32063.6
-32937
-33755.8
-34520.5
-35231.6
-35889.6
-36495.2
-37048.8
-37551
-38002.4
-38403.8
-38756
-39059.8
-39316.4
-39527.1
-39693
-39815.7
-39896.5
-39936.6
-963.841
-2890.45
-4805.79
-6696.34
-8554.03
-10372.1
-12145.2
-13869
-15540.4
-17157
-18717.2
-20220
-21664.6
-23050.8
-24378.7
-25648.3
-26859.9
-28013.9
-29110.8
-30151
-31135.1
-32063.5
-32936.9
-33755.7
-34520.3
-35231.5
-35889.5
-36495.1
-37048.7
-37550.9
-38002.3
-38403.7
-38755.9
-39059.7
-39316.3
-39526.9
-39692.9
-39815.6
-39896.4
-39936.5
-963.836
-2890.43
-4805.77
-6696.31
-8553.98
-10372.1
-12145.1
-13869
-15540.4
-17157
-18717.2
-20219.9
-21664.5
-23050.8
-24378.6
-25648.2
-26859.8
-28013.8
-29110.7
-30150.9
-31135
-32063.4
-32936.8
-33755.6
-34520.2
-35231.4
-35889.4
-36495
-37048.6
-37550.8
-38002.2
-38403.6
-38755.7
-39059.6
-39316.2
-39526.8
-39692.8
-39815.5
-39896.3
-39936.3
-963.831
-2890.42
-4805.75
-6696.28
-8553.95
-10372
-12145.1
-13868.9
-15540.3
-17156.9
-18717.1
-20219.8
-21664.4
-23050.7
-24378.5
-25648.1
-26859.7
-28013.7
-29110.6
-30150.8
-31134.9
-32063.4
-32936.7
-33755.5
-34520.2
-35231.3
-35889.3
-36494.9
-37048.5
-37550.7
-38002.1
-38403.5
-38755.7
-39059.5
-39316.1
-39526.8
-39692.7
-39815.4
-39896.2
-39936.3
-963.827
-2890.41
-4805.73
-6696.26
-8553.92
-10372
-12145.1
-13868.9
-15540.3
-17156.9
-18717
-20219.8
-21664.4
-23050.6
-24378.4
-25648
-26859.6
-28013.6
-29110.5
-30150.7
-31134.8
-32063.3
-32936.6
-33755.4
-34520.1
-35231.2
-35889.3
-36494.8
-37048.4
-37550.6
-38002
-38403.4
-38755.6
-39059.4
-39316.1
-39526.7
-39692.6
-39815.3
-39896.1
-39936.2
-963.824
-2890.4
-4805.72
-6696.24
-8553.9
-10372
-12145
-13868.9
-15540.2
-17156.8
-18717
-20219.7
-21664.3
-23050.6
-24378.4
-25648
-26859.6
-28013.6
-29110.5
-30150.7
-31134.8
-32063.2
-32936.6
-33755.3
-34520
-35231.2
-35889.2
-36494.8
-37048.4
-37550.5
-38002
-38403.4
-38755.5
-39059.4
-39316
-39526.6
-39692.6
-39815.3
-39896.1
-39936.1
-963.817
-2890.39
-4805.71
-6696.23
-8553.89
-10372
-12145
-13868.8
-15540.2
-17156.8
-18717
-20219.7
-21664.3
-23050.6
-24378.4
-25648
-26859.6
-28013.6
-29110.4
-30150.7
-31134.8
-32063.2
-32936.6
-33755.3
-34520
-35231.1
-35889.2
-36494.8
-37048.3
-37550.5
-38002
-38403.4
-38755.5
-39059.4
-39316
-39526.6
-39692.6
-39815.2
-39896
-39936.1
-1014.54
-3041.51
-5054.05
-7036.78
-8980.62
-10878.3
-12724.3
-14514.5
-16246
-17916.8
-19525.8
-21072.4
-22556.3
-23977.9
-25337.3
-26635.2
-27872.1
-29048.7
-30165.7
-31223.9
-32223.9
-33166.3
-34051.9
-34881.4
-35655.2
-36374
-37038.4
-37648.9
-38206.2
-38710.9
-39163.6
-39565
-39916.1
-40217.9
-40471.5
-40678.5
-40840.6
-40959.5
-41037.3
-41075.7
-1014.54
-3041.53
-5054.06
-7036.79
-8980.64
-10878.3
-12724.4
-14514.5
-16246
-17916.8
-19525.8
-21072.4
-22556.4
-23977.9
-25337.3
-26635.2
-27872.1
-29048.7
-30165.8
-31223.9
-32223.9
-33166.4
-34052
-34881.4
-35655.2
-36374
-37038.4
-37649
-38206.3
-38710.9
-39163.6
-39565.1
-39916.2
-40217.9
-40471.6
-40678.6
-40840.6
-40959.5
-41037.3
-41075.7
-1014.55
-3041.54
-5054.08
-7036.82
-8980.67
-10878.4
-12724.4
-14514.6
-16246.1
-17916.9
-19525.9
-21072.4
-22556.4
-23977.9
-25337.4
-26635.3
-27872.2
-29048.8
-30165.8
-31224
-32224
-33166.4
-34052
-34881.5
-35655.3
-36374.1
-37038.5
-37649
-38206.3
-38711
-39163.7
-39565.1
-39916.2
-40218
-40471.6
-40678.6
-40840.7
-40959.6
-41037.4
-41075.8
-1014.55
-3041.56
-5054.1
-7036.85
-8980.71
-10878.4
-12724.4
-14514.6
-16246.1
-17917
-19525.9
-21072.5
-22556.5
-23978
-25337.5
-26635.3
-27872.3
-29048.9
-30165.9
-31224.1
-32224.1
-33166.5
-34052.1
-34881.6
-35655.4
-36374.2
-37038.6
-37649.1
-38206.4
-38711.1
-39163.8
-39565.2
-39916.3
-40218.1
-40471.7
-40678.7
-40840.8
-40959.7
-41037.5
-41075.9
-1014.56
-3041.58
-5054.13
-7036.89
-8980.76
-10878.5
-12724.5
-14514.7
-16246.2
-17917
-19526
-21072.6
-22556.6
-23978.1
-25337.6
-26635.5
-27872.4
-29049
-30166
-31224.2
-32224.2
-33166.6
-34052.3
-34881.7
-35655.5
-36374.3
-37038.7
-37649.3
-38206.6
-38711.2
-39163.9
-39565.3
-39916.4
-40218.2
-40471.9
-40678.8
-40840.9
-40959.8
-41037.6
-41076
-1014.57
-3041.6
-5054.17
-7036.94
-8980.82
-10878.6
-12724.6
-14514.8
-16246.3
-17917.1
-19526.1
-21072.7
-22556.7
-23978.3
-25337.7
-26635.6
-27872.5
-29049.1
-30166.2
-31224.3
-32224.3
-33166.8
-34052.4
-34881.8
-35655.6
-36374.4
-37038.8
-37649.4
-38206.7
-38711.3
-39164
-39565.5
-39916.6
-40218.3
-40472
-40679
-40841
-40960
-41037.8
-41076.1
-1014.57
-3041.62
-5054.2
-7036.98
-8980.88
-10878.6
-12724.7
-14514.9
-16246.4
-17917.2
-19526.3
-21072.8
-22556.8
-23978.4
-25337.8
-26635.7
-27872.6
-29049.3
-30166.3
-31224.5
-32224.4
-33166.9
-34052.5
-34882
-35655.8
-36374.6
-37039
-37649.5
-38206.8
-38711.5
-39164.2
-39565.6
-39916.7
-40218.5
-40472.1
-40679.1
-40841.2
-40960.1
-41037.9
-41076.3
-1014.58
-3041.64
-5054.24
-7037.03
-8980.94
-10878.7
-12724.8
-14515
-16246.5
-17917.4
-19526.4
-21073
-22557
-23978.5
-25338
-26635.8
-27872.8
-29049.4
-30166.5
-31224.6
-32224.6
-33167.1
-34052.7
-34882.1
-35655.9
-36374.7
-37039.1
-37649.7
-38207
-38711.6
-39164.3
-39565.8
-39916.9
-40218.6
-40472.3
-40679.3
-40841.3
-40960.3
-41038.1
-41076.4
-1014.59
-3041.66
-5054.27
-7037.08
-8981
-10878.8
-12724.8
-14515.1
-16246.6
-17917.5
-19526.5
-21073.1
-22557.1
-23978.6
-25338.1
-26636
-27872.9
-29049.5
-30166.6
-31224.8
-32224.7
-33167.2
-34052.8
-34882.3
-35656.1
-36374.9
-37039.3
-37649.8
-38207.1
-38711.8
-39164.5
-39565.9
-39917
-40218.8
-40472.4
-40679.4
-40841.5
-40960.4
-41038.2
-41076.6
-1014.6
-3041.68
-5054.3
-7037.13
-8981.06
-10878.8
-12724.9
-14515.2
-16246.7
-17917.6
-19526.6
-21073.2
-22557.2
-23978.8
-25338.2
-26636.1
-27873
-29049.7
-30166.7
-31224.9
-32224.9
-33167.4
-34053
-34882.4
-35656.2
-36375
-37039.4
-37650
-38207.3
-38711.9
-39164.6
-39566.1
-39917.2
-40218.9
-40472.6
-40679.6
-40841.6
-40960.6
-41038.4
-41076.7
-1014.6
-3041.7
-5054.34
-7037.17
-8981.11
-10878.9
-12725
-14515.2
-16246.8
-17917.7
-19526.7
-21073.3
-22557.3
-23978.9
-25338.3
-26636.2
-27873.2
-29049.8
-30166.9
-31225
-32225
-33167.5
-34053.1
-34882.5
-35656.4
-36375.2
-37039.6
-37650.1
-38207.4
-38712.1
-39164.8
-39566.2
-39917.3
-40219.1
-40472.7
-40679.7
-40841.8
-40960.7
-41038.5
-41076.9
-1014.61
-3041.72
-5054.36
-7037.21
-8981.16
-10879
-12725.1
-14515.3
-16246.9
-17917.7
-19526.8
-21073.4
-22557.4
-23979
-25338.5
-26636.4
-27873.3
-29049.9
-30167
-31225.2
-32225.1
-33167.6
-34053.2
-34882.7
-35656.5
-36375.3
-37039.7
-37650.3
-38207.6
-38712.2
-39164.9
-39566.4
-39917.5
-40219.2
-40472.9
-40679.9
-40841.9
-40960.8
-41038.6
-41077
-1014.61
-3041.73
-5054.39
-7037.24
-8981.2
-10879
-12725.1
-14515.4
-16246.9
-17917.8
-19526.9
-21073.5
-22557.5
-23979.1
-25338.6
-26636.5
-27873.4
-29050
-30167.1
-31225.3
-32225.3
-33167.7
-34053.4
-34882.8
-35656.6
-36375.4
-37039.8
-37650.4
-38207.7
-38712.3
-39165
-39566.5
-39917.6
-40219.4
-40473
-40680
-40842
-40961
-41038.8
-41077.1
-1014.62
-3041.74
-5054.41
-7037.27
-8981.24
-10879.1
-12725.2
-14515.5
-16247
-17917.9
-19527
-21073.6
-22557.6
-23979.2
-25338.7
-26636.6
-27873.5
-29050.1
-30167.2
-31225.4
-32225.4
-33167.8
-34053.5
-34882.9
-35656.7
-36375.5
-37039.9
-37650.5
-38207.8
-38712.5
-39165.1
-39566.6
-39917.7
-40219.5
-40473.1
-40680.1
-40842.1
-40961.1
-41038.9
-41077.2
-1014.62
-3041.76
-5054.43
-7037.3
-8981.27
-10879.1
-12725.2
-14515.5
-16247.1
-17918
-19527
-21073.7
-22557.7
-23979.3
-25338.7
-26636.6
-27873.6
-29050.2
-30167.3
-31225.5
-32225.5
-33167.9
-34053.6
-34883
-35656.8
-36375.6
-37040
-37650.6
-38207.9
-38712.6
-39165.2
-39566.7
-39917.8
-40219.6
-40473.2
-40680.2
-40842.2
-40961.2
-41039
-41077.3
-1014.62
-3041.76
-5054.45
-7037.32
-8981.3
-10879.1
-12725.3
-14515.5
-16247.1
-17918
-19527.1
-21073.7
-22557.7
-23979.3
-25338.8
-26636.7
-27873.7
-29050.3
-30167.4
-31225.5
-32225.5
-33168
-34053.6
-34883.1
-35656.9
-36375.7
-37040.1
-37650.7
-38208
-38712.6
-39165.3
-39566.8
-39917.9
-40219.6
-40473.3
-40680.3
-40842.3
-40961.3
-41039.1
-41077.4
-1014.63
-3041.77
-5054.46
-7037.34
-8981.32
-10879.2
-12725.3
-14515.6
-16247.1
-17918.1
-19527.1
-21073.8
-22557.8
-23979.4
-25338.9
-26636.8
-27873.7
-29050.4
-30167.4
-31225.6
-32225.6
-33168.1
-34053.7
-34883.1
-35657
-36375.8
-37040.2
-37650.8
-38208.1
-38712.7
-39165.4
-39566.9
-39918
-40219.7
-40473.4
-40680.4
-40842.4
-40961.3
-41039.1
-41077.5
-1014.63
-3041.78
-5054.47
-7037.35
-8981.34
-10879.2
-12725.3
-14515.6
-16247.2
-17918.1
-19527.2
-21073.8
-22557.8
-23979.4
-25338.9
-26636.8
-27873.8
-29050.4
-30167.5
-31225.7
-32225.6
-33168.1
-34053.8
-34883.2
-35657
-36375.8
-37040.2
-37650.8
-38208.1
-38712.8
-39165.4
-39566.9
-39918
-40219.8
-40473.4
-40680.4
-40842.4
-40961.4
-41039.2
-41077.6
-1014.63
-3041.78
-5054.47
-7037.36
-8981.35
-10879.2
-12725.3
-14515.6
-16247.2
-17918.1
-19527.2
-21073.8
-22557.9
-23979.4
-25338.9
-26636.8
-27873.8
-29050.4
-30167.5
-31225.7
-32225.7
-33168.2
-34053.8
-34883.2
-35657.1
-36375.9
-37040.3
-37650.8
-38208.1
-38712.8
-39165.5
-39566.9
-39918
-40219.8
-40473.5
-40680.4
-40842.5
-40961.4
-41039.2
-41077.6
-1014.63
-3041.78
-5054.48
-7037.37
-8981.36
-10879.2
-12725.3
-14515.6
-16247.2
-17918.1
-19527.2
-21073.8
-22557.9
-23979.5
-25338.9
-26636.9
-27873.8
-29050.5
-30167.5
-31225.7
-32225.7
-33168.2
-34053.8
-34883.2
-35657.1
-36375.9
-37040.3
-37650.9
-38208.2
-38712.8
-39165.5
-39567
-39918.1
-40219.8
-40473.5
-40680.5
-40842.5
-40961.5
-41039.2
-41077.6
-1014.63
-3041.79
-5054.48
-7037.37
-8981.36
-10879.2
-12725.3
-14515.6
-16247.2
-17918.1
-19527.2
-21073.8
-22557.9
-23979.5
-25339
-26636.9
-27873.8
-29050.5
-30167.5
-31225.7
-32225.7
-33168.2
-34053.8
-34883.3
-35657.1
-36375.9
-37040.3
-37650.9
-38208.2
-38712.8
-39165.5
-39567
-39918.1
-40219.8
-40473.5
-40680.5
-40842.5
-40961.5
-41039.2
-41077.6
-1014.63
-3041.78
-5054.48
-7037.36
-8981.36
-10879.2
-12725.3
-14515.6
-16247.2
-17918.1
-19527.2
-21073.8
-22557.9
-23979.5
-25338.9
-26636.9
-27873.8
-29050.5
-30167.5
-31225.7
-32225.7
-33168.2
-34053.8
-34883.2
-35657.1
-36375.9
-37040.3
-37650.9
-38208.2
-38712.8
-39165.5
-39567
-39918.1
-40219.8
-40473.5
-40680.5
-40842.5
-40961.5
-41039.2
-41077.6
-1014.63
-3041.78
-5054.47
-7037.36
-8981.35
-10879.2
-12725.3
-14515.6
-16247.2
-17918.1
-19527.2
-21073.8
-22557.9
-23979.4
-25338.9
-26636.8
-27873.8
-29050.4
-30167.5
-31225.7
-32225.7
-33168.2
-34053.8
-34883.2
-35657.1
-36375.9
-37040.3
-37650.8
-38208.1
-38712.8
-39165.5
-39566.9
-39918
-40219.8
-40473.5
-40680.5
-40842.5
-40961.4
-41039.2
-41077.6
-1014.63
-3041.78
-5054.47
-7037.35
-8981.34
-10879.2
-12725.3
-14515.6
-16247.2
-17918.1
-19527.1
-21073.8
-22557.8
-23979.4
-25338.9
-26636.8
-27873.8
-29050.4
-30167.5
-31225.6
-32225.6
-33168.1
-34053.8
-34883.2
-35657
-36375.8
-37040.2
-37650.8
-38208.1
-38712.8
-39165.5
-39566.9
-39918
-40219.8
-40473.4
-40680.4
-40842.4
-40961.4
-41039.2
-41077.6
-1014.63
-3041.77
-5054.45
-7037.33
-8981.32
-10879.2
-12725.3
-14515.6
-16247.1
-17918
-19527.1
-21073.7
-22557.8
-23979.4
-25338.8
-26636.8
-27873.7
-29050.4
-30167.4
-31225.6
-32225.6
-33168.1
-34053.7
-34883.1
-35657
-36375.8
-37040.2
-37650.8
-38208.1
-38712.7
-39165.4
-39566.9
-39918
-40219.7
-40473.4
-40680.4
-40842.4
-40961.3
-41039.1
-41077.5
-1014.62
-3041.76
-5054.44
-7037.31
-8981.29
-10879.1
-12725.2
-14515.5
-16247.1
-17918
-19527.1
-21073.7
-22557.7
-23979.3
-25338.8
-26636.7
-27873.6
-29050.3
-30167.4
-31225.5
-32225.5
-33168
-34053.6
-34883.1
-35656.9
-36375.7
-37040.1
-37650.7
-38208
-38712.6
-39165.3
-39566.8
-39917.9
-40219.7
-40473.3
-40680.3
-40842.3
-40961.3
-41039.1
-41077.4
-1014.62
-3041.75
-5054.42
-7037.29
-8981.26
-10879.1
-12725.2
-14515.5
-16247
-17917.9
-19527
-21073.6
-22557.7
-23979.2
-25338.7
-26636.6
-27873.6
-29050.2
-30167.3
-31225.5
-32225.4
-33167.9
-34053.6
-34883
-35656.8
-36375.6
-37040
-37650.6
-38207.9
-38712.6
-39165.2
-39566.7
-39917.8
-40219.6
-40473.2
-40680.2
-40842.2
-40961.2
-41039
-41077.4
-1014.61
-3041.74
-5054.4
-7037.26
-8981.23
-10879
-12725.2
-14515.4
-16247
-17917.9
-19526.9
-21073.6
-22557.6
-23979.2
-25338.6
-26636.5
-27873.5
-29050.1
-30167.2
-31225.4
-32225.4
-33167.8
-34053.5
-34882.9
-35656.7
-36375.5
-37040
-37650.5
-38207.8
-38712.5
-39165.2
-39566.6
-39917.7
-40219.5
-40473.1
-40680.1
-40842.1
-40961.1
-41038.9
-41077.3
-1014.61
-3041.72
-5054.38
-7037.23
-8981.19
-10879
-12725.1
-14515.4
-16246.9
-17917.8
-19526.9
-21073.5
-22557.5
-23979.1
-25338.5
-26636.4
-27873.4
-29050
-30167.1
-31225.3
-32225.2
-33167.7
-34053.4
-34882.8
-35656.6
-36375.4
-37039.8
-37650.4
-38207.7
-38712.4
-39165
-39566.5
-39917.6
-40219.4
-40473
-40680
-40842
-40961
-41038.8
-41077.2
-1014.6
-3041.71
-5054.35
-7037.19
-8981.14
-10878.9
-12725
-14515.3
-16246.8
-17917.7
-19526.8
-21073.4
-22557.4
-23979
-25338.4
-26636.3
-27873.3
-29049.9
-30167
-31225.2
-32225.1
-33167.6
-34053.2
-34882.7
-35656.5
-36375.3
-37039.7
-37650.3
-38207.6
-38712.2
-39164.9
-39566.4
-39917.5
-40219.2
-40472.9
-40679.9
-40841.9
-40960.9
-41038.7
-41077
-1014.6
-3041.69
-5054.32
-7037.15
-8981.09
-10878.9
-12725
-14515.2
-16246.8
-17917.6
-19526.7
-21073.3
-22557.3
-23978.9
-25338.3
-26636.2
-27873.2
-29049.8
-30166.9
-31225
-32225
-33167.5
-34053.1
-34882.5
-35656.4
-36375.2
-37039.6
-37650.2
-38207.5
-38712.1
-39164.8
-39566.3
-39917.4
-40219.1
-40472.8
-40679.8
-40841.8
-40960.7
-41038.5
-41076.9
-1014.59
-3041.67
-5054.29
-7037.11
-8981.04
-10878.8
-12724.9
-14515.1
-16246.7
-17917.5
-19526.6
-21073.2
-22557.2
-23978.7
-25338.2
-26636.1
-27873
-29049.7
-30166.7
-31224.9
-32224.9
-33167.4
-34053
-34882.4
-35656.2
-36375.1
-37039.5
-37650
-38207.3
-38712
-39164.7
-39566.1
-39917.2
-40219
-40472.6
-40679.6
-40841.7
-40960.6
-41038.4
-41076.8
-1014.59
-3041.65
-5054.26
-7037.07
-8980.98
-10878.8
-12724.8
-14515.1
-16246.6
-17917.4
-19526.5
-21073.1
-22557.1
-23978.6
-25338.1
-26636
-27872.9
-29049.5
-30166.6
-31224.8
-32224.7
-33167.2
-34052.8
-34882.3
-35656.1
-36374.9
-37039.3
-37649.9
-38207.2
-38711.8
-39164.5
-39566
-39917.1
-40218.8
-40472.5
-40679.5
-40841.5
-40960.5
-41038.2
-41076.6
-1014.58
-3041.63
-5054.23
-7037.02
-8980.92
-10878.7
-12724.7
-14515
-16246.5
-17917.3
-19526.4
-21073
-22557
-23978.5
-25338
-26635.8
-27872.8
-29049.4
-30166.5
-31224.6
-32224.6
-33167.1
-34052.7
-34882.1
-35656
-36374.8
-37039.2
-37649.7
-38207
-38711.7
-39164.4
-39565.8
-39916.9
-40218.7
-40472.3
-40679.3
-40841.4
-40960.3
-41038.1
-41076.5
-1014.57
-3041.61
-5054.2
-7036.97
-8980.87
-10878.6
-12724.7
-14514.9
-16246.4
-17917.2
-19526.2
-21072.8
-22556.8
-23978.4
-25337.8
-26635.7
-27872.6
-29049.3
-30166.3
-31224.5
-32224.5
-33166.9
-34052.6
-34882
-35655.8
-36374.6
-37039
-37649.6
-38206.9
-38711.6
-39164.2
-39565.7
-39916.8
-40218.6
-40472.2
-40679.2
-40841.2
-40960.2
-41038
-41076.3
-1014.57
-3041.59
-5054.16
-7036.93
-8980.81
-10878.6
-12724.6
-14514.8
-16246.3
-17917.1
-19526.2
-21072.7
-22556.7
-23978.3
-25337.7
-26635.6
-27872.5
-29049.2
-30166.2
-31224.4
-32224.3
-33166.8
-34052.4
-34881.9
-35655.7
-36374.5
-37038.9
-37649.5
-38206.8
-38711.4
-39164.1
-39565.6
-39916.7
-40218.4
-40472.1
-40679.1
-40841.1
-40960
-41037.8
-41076.2
-1014.56
-3041.58
-5054.14
-7036.9
-8980.77
-10878.5
-12724.5
-14514.7
-16246.2
-17917.1
-19526.1
-21072.6
-22556.6
-23978.2
-25337.6
-26635.5
-27872.4
-29049.1
-30166.1
-31224.3
-32224.2
-33166.7
-34052.3
-34881.8
-35655.6
-36374.4
-37038.8
-37649.4
-38206.7
-38711.3
-39164
-39565.5
-39916.6
-40218.3
-40472
-40679
-40841
-40959.9
-41037.7
-41076.1
-1014.56
-3041.56
-5054.12
-7036.87
-8980.73
-10878.5
-12724.5
-14514.7
-16246.2
-17917
-19526
-21072.6
-22556.6
-23978.1
-25337.5
-26635.4
-27872.3
-29049
-30166
-31224.2
-32224.2
-33166.6
-34052.3
-34881.7
-35655.5
-36374.3
-37038.7
-37649.3
-38206.6
-38711.2
-39163.9
-39565.4
-39916.5
-40218.2
-40471.9
-40678.9
-40840.9
-40959.8
-41037.6
-41076
-1014.55
-3041.55
-5054.1
-7036.85
-8980.71
-10878.4
-12724.4
-14514.6
-16246.1
-17917
-19526
-21072.5
-22556.5
-23978
-25337.5
-26635.4
-27872.3
-29048.9
-30166
-31224.1
-32224.1
-33166.6
-34052.2
-34881.6
-35655.4
-36374.3
-37038.7
-37649.2
-38206.5
-38711.2
-39163.9
-39565.3
-39916.4
-40218.2
-40471.8
-40678.8
-40840.8
-40959.8
-41037.6
-41075.9
-1014.55
-3041.54
-5054.09
-7036.84
-8980.7
-10878.4
-12724.4
-14514.6
-16246.1
-17916.9
-19525.9
-21072.5
-22556.5
-23978
-25337.5
-26635.3
-27872.3
-29048.9
-30165.9
-31224.1
-32224.1
-33166.5
-34052.2
-34881.6
-35655.4
-36374.2
-37038.6
-37649.2
-38206.5
-38711.1
-39163.8
-39565.3
-39916.4
-40218.1
-40471.8
-40678.8
-40840.8
-40959.7
-41037.5
-41075.9
-1071.8
-3211.56
-5332.22
-7416.25
-9453.54
-11436.5
-13359.5
-15219
-17012.5
-18738.7
-20397.1
-21987.7
-23510.9
-24967.4
-26357.9
-27683.5
-28945
-30143.6
-31280.1
-32355.5
-33370.6
-34326.5
-35223.7
-36063.2
-36845.5
-37571.5
-38241.6
-38856.6
-39417
-39923.4
-40376.6
-40777.3
-41126.3
-41424.7
-41673.9
-41875.6
-42031.8
-42145.1
-42218.3
-42253.9
-1071.8
-3211.58
-5332.23
-7416.27
-9453.56
-11436.5
-13359.6
-15219
-17012.5
-18738.8
-20397.2
-21987.8
-23510.9
-24967.4
-26358
-27683.5
-28945.1
-30143.6
-31280.1
-32355.5
-33370.7
-34326.5
-35223.8
-36063.2
-36845.6
-37571.5
-38241.7
-38856.6
-39417
-39923.5
-40376.7
-40777.3
-41126.3
-41424.8
-41674
-41875.7
-42031.9
-42145.2
-42218.3
-42254
-1071.81
-3211.59
-5332.25
-7416.3
-9453.6
-11436.5
-13359.6
-15219.1
-17012.6
-18738.8
-20397.2
-21987.8
-23511
-24967.5
-26358
-27683.6
-28945.2
-30143.7
-31280.2
-32355.6
-33370.8
-34326.6
-35223.8
-36063.3
-36845.7
-37571.6
-38241.7
-38856.7
-39417.1
-39923.6
-40376.7
-40777.4
-41126.4
-41424.9
-41674.1
-41875.7
-42032
-42145.3
-42218.4
-42254
-1071.82
-3211.61
-5332.29
-7416.34
-9453.65
-11436.6
-13359.7
-15219.2
-17012.7
-18738.9
-20397.3
-21987.9
-23511.1
-24967.6
-26358.1
-27683.7
-28945.3
-30143.8
-31280.3
-32355.7
-33370.9
-34326.7
-35224
-36063.4
-36845.8
-37571.7
-38241.9
-38856.8
-39417.2
-39923.7
-40376.9
-40777.5
-41126.5
-41425
-41674.2
-41875.9
-42032.1
-42145.4
-42218.5
-42254.2
-1071.83
-3211.64
-5332.33
-7416.39
-9453.72
-11436.7
-13359.8
-15219.3
-17012.8
-18739
-20397.4
-21988
-23511.3
-24967.7
-26358.3
-27683.8
-28945.4
-30144
-31280.5
-32355.8
-33371
-34326.8
-35224.1
-36063.6
-36845.9
-37571.9
-38242
-38857
-39417.4
-39923.8
-40377
-40777.7
-41126.7
-41425.1
-41674.3
-41876
-42032.2
-42145.5
-42218.7
-42254.3
-1071.83
-3211.66
-5332.37
-7416.45
-9453.79
-11436.8
-13359.9
-15219.4
-17012.9
-18739.1
-20397.6
-21988.2
-23511.4
-24967.9
-26358.4
-27684
-28945.6
-30144.1
-31280.6
-32356
-33371.2
-34327
-35224.3
-36063.7
-36846.1
-37572
-38242.2
-38857.1
-39417.5
-39924
-40377.2
-40777.8
-41126.9
-41425.3
-41674.5
-41876.2
-42032.4
-42145.7
-42218.8
-42254.5
-1071.84
-3211.69
-5332.41
-7416.51
-9453.87
-11436.9
-13360
-15219.5
-17013
-18739.3
-20397.7
-21988.3
-23511.5
-24968
-26358.6
-27684.2
-28945.7
-30144.3
-31280.8
-32356.2
-33371.4
-34327.2
-35224.4
-36063.9
-36846.3
-37572.2
-38242.4
-38857.3
-39417.7
-39924.2
-40377.4
-40778
-41127
-41425.5
-41674.7
-41876.4
-42032.6
-42145.9
-42219
-42254.7
-1071.85
-3211.72
-5332.46
-7416.57
-9453.95
-11436.9
-13360.1
-15219.6
-17013.1
-18739.4
-20397.8
-21988.5
-23511.7
-24968.2
-26358.7
-27684.3
-28945.9
-30144.5
-31281
-32356.3
-33371.5
-34327.4
-35224.6
-36064.1
-36846.5
-37572.4
-38242.5
-38857.5
-39417.9
-39924.4
-40377.5
-40778.2
-41127.2
-41425.7
-41674.9
-41876.5
-42032.8
-42146.1
-42219.2
-42254.8
-1071.86
-3211.74
-5332.5
-7416.63
-9454.02
-11437
-13360.2
-15219.7
-17013.3
-18739.5
-20398
-21988.6
-23511.8
-24968.3
-26358.9
-27684.5
-28946.1
-30144.6
-31281.1
-32356.5
-33371.7
-34327.5
-35224.8
-36064.3
-36846.6
-37572.6
-38242.7
-38857.7
-39418.1
-39924.5
-40377.7
-40778.4
-41127.4
-41425.8
-41675.1
-41876.7
-42033
-42146.2
-42219.4
-42255
-1071.87
-3211.77
-5332.54
-7416.68
-9454.09
-11437.1
-13360.3
-15219.8
-17013.4
-18739.7
-20398.1
-21988.8
-23512
-24968.5
-26359
-27684.6
-28946.2
-30144.8
-31281.3
-32356.7
-33371.9
-34327.7
-35225
-36064.4
-36846.8
-37572.7
-38242.9
-38857.9
-39418.3
-39924.7
-40377.9
-40778.6
-41127.6
-41426
-41675.2
-41876.9
-42033.1
-42146.4
-42219.5
-42255.2
-1071.88
-3211.79
-5332.57
-7416.73
-9454.15
-11437.2
-13360.3
-15219.9
-17013.5
-18739.8
-20398.2
-21988.9
-23512.1
-24968.6
-26359.2
-27684.8
-28946.4
-30144.9
-31281.4
-32356.8
-33372
-34327.9
-35225.1
-36064.6
-36847
-37572.9
-38243.1
-38858
-39418.4
-39924.9
-40378.1
-40778.7
-41127.7
-41426.2
-41675.4
-41877.1
-42033.3
-42146.6
-42219.7
-42255.4
-1071.88
-3211.81
-5332.61
-7416.78
-9454.2
-11437.2
-13360.4
-15220
-17013.6
-18739.9
-20398.3
-21989
-23512.2
-24968.7
-26359.3
-27684.9
-28946.5
-30145.1
-31281.6
-32357
-33372.2
-34328
-35225.3
-36064.7
-36847.1
-37573.1
-38243.2
-38858.2
-39418.6
-39925
-40378.2
-40778.9
-41127.9
-41426.3
-41675.5
-41877.2
-42033.4
-42146.7
-42219.8
-42255.5
-1071.89
-3211.83
-5332.64
-7416.82
-9454.26
-11437.3
-13360.5
-15220.1
-17013.7
-18740
-20398.4
-21989.1
-23512.3
-24968.8
-26359.4
-27685
-28946.6
-30145.2
-31281.7
-32357.1
-33372.3
-34328.1
-35225.4
-36064.9
-36847.3
-37573.2
-38243.3
-38858.3
-39418.7
-39925.2
-40378.4
-40779
-41128
-41426.5
-41675.7
-41877.4
-42033.6
-42146.9
-42220
-42255.6
-1071.89
-3211.84
-5332.66
-7416.85
-9454.3
-11437.4
-13360.6
-15220.1
-17013.7
-18740
-20398.5
-21989.2
-23512.4
-24968.9
-26359.5
-27685.1
-28946.7
-30145.3
-31281.8
-32357.2
-33372.4
-34328.3
-35225.5
-36065
-36847.4
-37573.3
-38243.5
-38858.4
-39418.8
-39925.3
-40378.5
-40779.1
-41128.1
-41426.6
-41675.8
-41877.5
-42033.7
-42147
-42220.1
-42255.8
-1071.9
-3211.85
-5332.68
-7416.88
-9454.34
-11437.4
-13360.6
-15220.2
-17013.8
-18740.1
-20398.6
-21989.3
-23512.5
-24969
-26359.6
-27685.2
-28946.8
-30145.4
-31281.9
-32357.3
-33372.5
-34328.4
-35225.6
-36065.1
-36847.5
-37573.4
-38243.6
-38858.5
-39418.9
-39925.4
-40378.6
-40779.2
-41128.3
-41426.7
-41675.9
-41877.6
-42033.8
-42147.1
-42220.2
-42255.9
-1071.9
-3211.86
-5332.7
-7416.91
-9454.37
-11437.4
-13360.6
-15220.2
-17013.9
-18740.2
-20398.7
-21989.3
-23512.6
-24969.1
-26359.7
-27685.3
-28946.9
-30145.5
-31282
-32357.4
-33372.6
-34328.4
-35225.7
-36065.2
-36847.6
-37573.5
-38243.7
-38858.6
-39419
-39925.5
-40378.7
-40779.3
-41128.3
-41426.8
-41676
-41877.7
-42033.9
-42147.2
-42220.3
-42256
-1071.9
-3211.87
-5332.71
-7416.93
-9454.39
-11437.5
-13360.7
-15220.3
-17013.9
-18740.2
-20398.7
-21989.4
-23512.7
-24969.2
-26359.8
-27685.4
-28947
-30145.6
-31282.1
-32357.5
-33372.7
-34328.5
-35225.8
-36065.3
-36847.6
-37573.6
-38243.7
-38858.7
-39419.1
-39925.6
-40378.8
-40779.4
-41128.4
-41426.9
-41676.1
-41877.8
-42034
-42147.3
-42220.4
-42256
-1071.91
-3211.88
-5332.73
-7416.94
-9454.41
-11437.5
-13360.7
-15220.3
-17013.9
-18740.3
-20398.8
-21989.4
-23512.7
-24969.2
-26359.8
-27685.4
-28947
-30145.6
-31282.1
-32357.5
-33372.7
-34328.6
-35225.8
-36065.3
-36847.7
-37573.6
-38243.8
-38858.8
-39419.2
-39925.6
-40378.8
-40779.5
-41128.5
-41426.9
-41676.1
-41877.8
-42034
-42147.3
-42220.4
-42256.1
-1071.91
-3211.88
-5332.73
-7416.95
-9454.43
-11437.5
-13360.7
-15220.3
-17014
-18740.3
-20398.8
-21989.5
-23512.7
-24969.2
-26359.8
-27685.5
-28947.1
-30145.6
-31282.2
-32357.6
-33372.8
-34328.6
-35225.9
-36065.4
-36847.7
-37573.7
-38243.8
-38858.8
-39419.2
-39925.7
-40378.9
-40779.5
-41128.5
-41427
-41676.2
-41877.9
-42034.1
-42147.4
-42220.5
-42256.1
-1071.91
-3211.89
-5332.74
-7416.96
-9454.43
-11437.5
-13360.7
-15220.3
-17014
-18740.3
-20398.8
-21989.5
-23512.7
-24969.3
-26359.9
-27685.5
-28947.1
-30145.7
-31282.2
-32357.6
-33372.8
-34328.6
-35225.9
-36065.4
-36847.8
-37573.7
-38243.9
-38858.8
-39419.2
-39925.7
-40378.9
-40779.5
-41128.6
-41427
-41676.2
-41877.9
-42034.1
-42147.4
-42220.5
-42256.2
-1071.91
-3211.89
-5332.74
-7416.96
-9454.44
-11437.5
-13360.7
-15220.3
-17014
-18740.3
-20398.8
-21989.5
-23512.7
-24969.3
-26359.9
-27685.5
-28947.1
-30145.7
-31282.2
-32357.6
-33372.8
-34328.6
-35225.9
-36065.4
-36847.8
-37573.7
-38243.9
-38858.8
-39419.2
-39925.7
-40378.9
-40779.5
-41128.6
-41427
-41676.2
-41877.9
-42034.1
-42147.4
-42220.5
-42256.2
-1071.91
-3211.89
-5332.74
-7416.96
-9454.43
-11437.5
-13360.7
-15220.3
-17014
-18740.3
-20398.8
-21989.5
-23512.7
-24969.3
-26359.9
-27685.5
-28947.1
-30145.7
-31282.2
-32357.6
-33372.8
-34328.6
-35225.9
-36065.4
-36847.8
-37573.7
-38243.9
-38858.8
-39419.2
-39925.7
-40378.9
-40779.5
-41128.6
-41427
-41676.2
-41877.9
-42034.1
-42147.4
-42220.5
-42256.2
-1071.91
-3211.88
-5332.73
-7416.95
-9454.42
-11437.5
-13360.7
-15220.3
-17013.9
-18740.3
-20398.8
-21989.5
-23512.7
-24969.2
-26359.8
-27685.5
-28947.1
-30145.6
-31282.2
-32357.6
-33372.8
-34328.6
-35225.9
-36065.4
-36847.7
-37573.7
-38243.8
-38858.8
-39419.2
-39925.7
-40378.9
-40779.5
-41128.5
-41427
-41676.2
-41877.9
-42034.1
-42147.4
-42220.5
-42256.1
-1071.91
-3211.88
-5332.72
-7416.94
-9454.41
-11437.5
-13360.7
-15220.3
-17013.9
-18740.2
-20398.7
-21989.4
-23512.7
-24969.2
-26359.8
-27685.4
-28947
-30145.6
-31282.1
-32357.5
-33372.7
-34328.6
-35225.8
-36065.3
-36847.7
-37573.6
-38243.8
-38858.8
-39419.2
-39925.6
-40378.8
-40779.5
-41128.5
-41426.9
-41676.1
-41877.8
-42034
-42147.3
-42220.4
-42256.1
-1071.9
-3211.87
-5332.71
-7416.92
-9454.38
-11437.5
-13360.7
-15220.3
-17013.9
-18740.2
-20398.7
-21989.4
-23512.6
-24969.1
-26359.7
-27685.4
-28947
-30145.5
-31282.1
-32357.5
-33372.7
-34328.5
-35225.8
-36065.3
-36847.6
-37573.6
-38243.7
-38858.7
-39419.1
-39925.6
-40378.8
-40779.4
-41128.4
-41426.9
-41676.1
-41877.8
-42034
-42147.3
-42220.4
-42256
-1071.9
-3211.86
-5332.69
-7416.9
-9454.36
-11437.4
-13360.6
-15220.2
-17013.8
-18740.2
-20398.6
-21989.3
-23512.6
-24969.1
-26359.7
-27685.3
-28946.9
-30145.5
-31282
-32357.4
-33372.6
-34328.4
-35225.7
-36065.2
-36847.6
-37573.5
-38243.7
-38858.6
-39419
-39925.5
-40378.7
-40779.3
-41128.4
-41426.8
-41676
-41877.7
-42033.9
-42147.2
-42220.3
-42256
-1071.9
-3211.85
-5332.67
-7416.87
-9454.32
-11437.4
-13360.6
-15220.2
-17013.8
-18740.1
-20398.6
-21989.2
-23512.5
-24969
-26359.6
-27685.2
-28946.8
-30145.4
-31281.9
-32357.3
-33372.5
-34328.3
-35225.6
-36065.1
-36847.5
-37573.4
-38243.6
-38858.5
-39418.9
-39925.4
-40378.6
-40779.2
-41128.3
-41426.7
-41675.9
-41877.6
-42033.8
-42147.1
-42220.2
-42255.9
-1071.89
-3211.83
-5332.65
-7416.84
-9454.28
-11437.3
-13360.5
-15220.1
-17013.7
-18740
-20398.5
-21989.2
-23512.4
-24968.9
-26359.5
-27685.1
-28946.7
-30145.3
-31281.8
-32357.2
-33372.4
-34328.2
-35225.5
-36065
-36847.4
-37573.3
-38243.5
-38858.4
-39418.8
-39925.3
-40378.5
-40779.1
-41128.1
-41426.6
-41675.8
-41877.5
-42033.7
-42147
-42220.1
-42255.8
-1071.89
-3211.82
-5332.62
-7416.8
-9454.23
-11437.3
-13360.5
-15220
-17013.6
-18739.9
-20398.4
-21989.1
-23512.3
-24968.8
-26359.4
-27685
-28946.6
-30145.2
-31281.7
-32357.1
-33372.3
-34328.1
-35225.4
-36064.9
-36847.2
-37573.2
-38243.3
-38858.3
-39418.7
-39925.2
-40378.4
-40779
-41128
-41426.5
-41675.7
-41877.4
-42033.6
-42146.9
-42220
-42255.6
-1071.88
-3211.8
-5332.59
-7416.76
-9454.18
-11437.2
-13360.4
-15219.9
-17013.5
-18739.8
-20398.3
-21989
-23512.2
-24968.7
-26359.3
-27684.9
-28946.5
-30145
-31281.6
-32357
-33372.1
-34328
-35225.3
-36064.7
-36847.1
-37573
-38243.2
-38858.2
-39418.6
-39925
-40378.2
-40778.9
-41127.9
-41426.3
-41675.5
-41877.2
-42033.4
-42146.7
-42219.8
-42255.5
-1071.87
-3211.78
-5332.56
-7416.71
-9454.12
-11437.1
-13360.3
-15219.9
-17013.4
-18739.7
-20398.2
-21988.8
-23512.1
-24968.6
-26359.1
-27684.7
-28946.3
-30144.9
-31281.4
-32356.8
-33372
-34327.8
-35225.1
-36064.6
-36846.9
-37572.9
-38243
-38858
-39418.4
-39924.9
-40378.1
-40778.7
-41127.7
-41426.2
-41675.4
-41877.1
-42033.3
-42146.6
-42219.7
-42255.4
-1071.86
-3211.76
-5332.52
-7416.66
-9454.05
-11437.1
-13360.2
-15219.8
-17013.3
-18739.6
-20398.1
-21988.7
-23511.9
-24968.4
-26359
-27684.6
-28946.2
-30144.7
-31281.3
-32356.7
-33371.8
-34327.7
-35224.9
-36064.4
-36846.8
-37572.7
-38242.9
-38857.9
-39418.3
-39924.7
-40377.9
-40778.6
-41127.6
-41426
-41675.2
-41876.9
-42033.1
-42146.4
-42219.5
-42255.2
-1071.86
-3211.73
-5332.48
-7416.61
-9453.99
-11437
-13360.1
-15219.7
-17013.2
-18739.5
-20397.9
-21988.6
-23511.8
-24968.3
-26358.9
-27684.4
-28946
-30144.6
-31281.1
-32356.5
-33371.7
-34327.5
-35224.8
-36064.3
-36846.6
-37572.6
-38242.7
-38857.7
-39418.1
-39924.5
-40377.7
-40778.4
-41127.4
-41425.8
-41675.1
-41876.7
-42033
-42146.3
-42219.4
-42255
-1071.85
-3211.71
-5332.44
-7416.55
-9453.91
-11436.9
-13360
-15219.5
-17013.1
-18739.4
-20397.8
-21988.4
-23511.7
-24968.1
-26358.7
-27684.3
-28945.9
-30144.4
-31280.9
-32356.3
-33371.5
-34327.3
-35224.6
-36064.1
-36846.5
-37572.4
-38242.5
-38857.5
-39417.9
-39924.4
-40377.6
-40778.2
-41127.2
-41425.7
-41674.9
-41876.6
-42032.8
-42146.1
-42219.2
-42254.9
-1071.84
-3211.68
-5332.4
-7416.49
-9453.84
-11436.8
-13359.9
-15219.4
-17013
-18739.2
-20397.7
-21988.3
-23511.5
-24968
-26358.6
-27684.1
-28945.7
-30144.3
-31280.8
-32356.2
-33371.4
-34327.2
-35224.5
-36063.9
-36846.3
-37572.2
-38242.4
-38857.4
-39417.8
-39924.2
-40377.4
-40778.1
-41127.1
-41425.5
-41674.7
-41876.4
-42032.6
-42145.9
-42219
-42254.7
-1071.83
-3211.66
-5332.36
-7416.44
-9453.78
-11436.7
-13359.8
-15219.3
-17012.9
-18739.1
-20397.6
-21988.2
-23511.4
-24967.9
-26358.4
-27684
-28945.6
-30144.1
-31280.6
-32356
-33371.2
-34327
-35224.3
-36063.8
-36846.1
-37572.1
-38242.2
-38857.2
-39417.6
-39924.1
-40377.2
-40777.9
-41126.9
-41425.4
-41674.6
-41876.2
-42032.5
-42145.8
-42218.9
-42254.5
-1071.82
-3211.64
-5332.32
-7416.39
-9453.72
-11436.7
-13359.8
-15219.3
-17012.8
-18739
-20397.4
-21988.1
-23511.3
-24967.7
-26358.3
-27683.9
-28945.4
-30144
-31280.5
-32355.9
-33371.1
-34326.9
-35224.2
-36063.6
-36846
-37571.9
-38242.1
-38857.1
-39417.5
-39923.9
-40377.1
-40777.8
-41126.8
-41425.2
-41674.4
-41876.1
-42032.3
-42145.6
-42218.7
-42254.4
-1071.82
-3211.62
-5332.3
-7416.35
-9453.67
-11436.6
-13359.7
-15219.2
-17012.7
-18738.9
-20397.4
-21988
-23511.2
-24967.6
-26358.2
-27683.8
-28945.3
-30143.9
-31280.4
-32355.8
-33371
-34326.8
-35224.1
-36063.5
-36845.9
-37571.8
-38242
-38857
-39417.4
-39923.8
-40377
-40777.6
-41126.7
-41425.1
-41674.3
-41876
-42032.2
-42145.5
-42218.6
-42254.3
-1071.81
-3211.61
-5332.28
-7416.33
-9453.64
-11436.6
-13359.7
-15219.1
-17012.6
-18738.9
-20397.3
-21987.9
-23511.1
-24967.6
-26358.1
-27683.7
-28945.3
-30143.8
-31280.3
-32355.7
-33370.9
-34326.7
-35224
-36063.4
-36845.8
-37571.8
-38241.9
-38856.9
-39417.3
-39923.7
-40376.9
-40777.6
-41126.6
-41425
-41674.2
-41875.9
-42032.1
-42145.4
-42218.5
-42254.2
-1071.81
-3211.6
-5332.27
-7416.32
-9453.63
-11436.6
-13359.6
-15219.1
-17012.6
-18738.9
-20397.3
-21987.9
-23511.1
-24967.5
-26358.1
-27683.7
-28945.2
-30143.8
-31280.3
-32355.7
-33370.9
-34326.7
-35224
-36063.4
-36845.8
-37571.7
-38241.9
-38856.8
-39417.2
-39923.7
-40376.9
-40777.5
-41126.6
-41425
-41674.2
-41875.9
-42032.1
-42145.4
-42218.5
-42254.1
-1137.57
-3405.42
-5646.99
-7842.44
-9980.81
-12054.4
-14058.3
-15989.4
-17846.3
-19628.4
-21336.2
-22970.4
-24532.2
-26022.7
-27443.5
-28795.8
-30081
-31300.5
-32455.5
-33547.2
-34576.7
-35545.1
-36453.2
-37302
-38092.3
-38824.7
-39500
-40118.8
-40681.6
-41189.2
-41642.2
-42041.1
-42387
-42680.8
-42923.9
-43118.1
-43266
-43370.9
-43436.7
-43467.8
-1137.58
-3405.44
-5647.01
-7842.46
-9980.84
-12054.5
-14058.3
-15989.4
-17846.3
-19628.5
-21336.3
-22970.5
-24532.2
-26022.8
-27443.5
-28795.8
-30081
-31300.5
-32455.5
-33547.2
-34576.8
-35545.1
-36453.3
-37302.1
-38092.3
-38824.8
-39500
-40118.8
-40681.7
-41189.3
-41642.2
-42041.2
-42387
-42680.8
-42923.9
-43118.2
-43266.1
-43370.9
-43436.8
-43467.9
-1137.58
-3405.46
-5647.04
-7842.5
-9980.89
-12054.5
-14058.4
-15989.5
-17846.4
-19628.6
-21336.4
-22970.6
-24532.3
-26022.9
-27443.6
-28795.9
-30081.1
-31300.6
-32455.6
-33547.4
-34576.9
-35545.3
-36453.4
-37302.2
-38092.4
-38824.9
-39500.1
-40118.9
-40681.8
-41189.4
-41642.3
-42041.3
-42387.1
-42680.9
-42924
-43118.3
-43266.2
-43371.1
-43436.9
-43468
-1137.59
-3405.48
-5647.08
-7842.56
-9980.96
-12054.6
-14058.5
-15989.6
-17846.5
-19628.7
-21336.5
-22970.7
-24532.5
-26023
-27443.8
-28796.1
-30081.3
-31300.8
-32455.8
-33547.5
-34577
-35545.4
-36453.6
-37302.4
-38092.6
-38825
-39500.3
-40119.1
-40681.9
-41189.5
-41642.5
-42041.4
-42387.3
-42681.1
-42924.2
-43118.4
-43266.4
-43371.2
-43437
-43468.2
-1137.6
-3405.52
-5647.13
-7842.63
-9981.05
-12054.7
-14058.6
-15989.7
-17846.6
-19628.8
-21336.6
-22970.9
-24532.6
-26023.2
-27443.9
-28796.2
-30081.5
-31300.9
-32456
-33547.7
-34577.2
-35545.6
-36453.7
-37302.5
-38092.8
-38825.2
-39500.5
-40119.3
-40682.1
-41189.7
-41642.6
-42041.6
-42387.5
-42681.3
-42924.4
-43118.6
-43266.5
-43371.4
-43437.2
-43468.3
-1137.62
-3405.55
-5647.19
-7842.71
-9981.14
-12054.8
-14058.7
-15989.9
-17846.8
-19629
-21336.8
-22971
-24532.8
-26023.4
-27444.1
-28796.4
-30081.6
-31301.1
-32456.2
-33547.9
-34577.4
-35545.8
-36453.9
-37302.7
-38093
-38825.4
-39500.7
-40119.5
-40682.3
-41189.9
-41642.9
-42041.8
-42387.7
-42681.5
-42924.6
-43118.8
-43266.7
-43371.6
-43437.4
-43468.5
-1137.63
-3405.59
-5647.25
-7842.78
-9981.24
-12054.9
-14058.9
-15990
-17846.9
-19629.1
-21337
-22971.2
-24533
-26023.6
-27444.3
-28796.6
-30081.9
-31301.3
-32456.4
-33548.1
-34577.6
-35546
-36454.2
-37303
-38093.2
-38825.6
-39500.9
-40119.7
-40682.6
-41190.1
-41643.1
-42042
-42387.9
-42681.7
-42924.8
-43119
-43267
-43371.8
-43437.6
-43468.8
-1137.64
-3405.62
-5647.3
-7842.86
-9981.33
-12055
-14059
-15990.2
-17847.1
-19629.3
-21337.1
-22971.4
-24533.2
-26023.8
-27444.5
-28796.8
-30082.1
-31301.6
-32456.6
-33548.3
-34577.8
-35546.2
-36454.4
-37303.2
-38093.4
-38825.8
-39501.1
-40119.9
-40682.8
-41190.4
-41643.3
-42042.3
-42388.1
-42681.9
-42925
-43119.2
-43267.2
-43372
-43437.8
-43469
-1137.65
-3405.65
-5647.35
-7842.93
-9981.42
-12055.2
-14059.1
-15990.3
-17847.2
-19629.4
-21337.3
-22971.6
-24533.3
-26023.9
-27444.7
-28797
-30082.2
-31301.7
-32456.8
-33548.5
-34578
-35546.4
-36454.6
-37303.4
-38093.6
-38826
-39501.3
-40120.1
-40683
-41190.6
-41643.5
-42042.5
-42388.3
-42682.1
-42925.2
-43119.5
-43267.4
-43372.2
-43438
-43469.2
-1137.66
-3405.68
-5647.4
-7843
-9981.5
-12055.2
-14059.2
-15990.4
-17847.3
-19629.6
-21337.5
-22971.7
-24533.5
-26024.1
-27444.9
-28797.2
-30082.4
-31301.9
-32457
-33548.7
-34578.2
-35546.6
-36454.8
-37303.6
-38093.8
-38826.3
-39501.5
-40120.3
-40683.2
-41190.8
-41643.7
-42042.7
-42388.5
-42682.3
-42925.4
-43119.7
-43267.6
-43372.4
-43438.2
-43469.4
-1137.67
-3405.7
-5647.44
-7843.05
-9981.57
-12055.3
-14059.3
-15990.5
-17847.5
-19629.7
-21337.6
-22971.9
-24533.7
-26024.3
-27445
-28797.3
-30082.6
-31302.1
-32457.1
-33548.9
-34578.4
-35546.8
-36455
-37303.8
-38094
-38826.4
-39501.7
-40120.5
-40683.4
-41191
-41643.9
-42042.9
-42388.7
-42682.5
-42925.6
-43119.8
-43267.8
-43372.6
-43438.4
-43469.6
-1137.67
-3405.73
-5647.48
-7843.11
-9981.64
-12055.4
-14059.4
-15990.6
-17847.6
-19629.8
-21337.7
-22972
-24533.8
-26024.4
-27445.2
-28797.5
-30082.8
-31302.3
-32457.3
-33549
-34578.6
-35547
-36455.1
-37303.9
-38094.2
-38826.6
-39501.9
-40120.7
-40683.5
-41191.1
-41644.1
-42043
-42388.9
-42682.7
-42925.8
-43120
-43267.9
-43372.8
-43438.6
-43469.7
-1137.68
-3405.75
-5647.51
-7843.15
-9981.7
-12055.5
-14059.5
-15990.7
-17847.7
-19629.9
-21337.8
-22972.1
-24533.9
-26024.5
-27445.3
-28797.6
-30082.9
-31302.4
-32457.4
-33549.2
-34578.7
-35547.1
-36455.3
-37304.1
-38094.3
-38826.8
-39502
-40120.8
-40683.7
-41191.3
-41644.2
-42043.2
-42389
-42682.8
-42925.9
-43120.2
-43268.1
-43373
-43438.8
-43469.9
-1137.69
-3405.76
-5647.54
-7843.19
-9981.75
-12055.5
-14059.6
-15990.8
-17847.8
-19630
-21337.9
-22972.2
-24534
-26024.6
-27445.4
-28797.8
-30083
-31302.5
-32457.6
-33549.3
-34578.9
-35547.2
-36455.4
-37304.2
-38094.5
-38826.9
-39502.2
-40121
-40683.8
-41191.4
-41644.4
-42043.3
-42389.2
-42683
-42926.1
-43120.3
-43268.2
-43373.1
-43438.9
-43470
-1137.69
-3405.78
-5647.57
-7843.23
-9981.79
-12055.6
-14059.6
-15990.9
-17847.8
-19630.1
-21338
-22972.3
-24534.1
-26024.7
-27445.5
-28797.9
-30083.1
-31302.6
-32457.7
-33549.4
-34579
-35547.4
-36455.5
-37304.3
-38094.6
-38827
-39502.3
-40121.1
-40684
-41191.5
-41644.5
-42043.4
-42389.3
-42683.1
-42926.2
-43120.4
-43268.4
-43373.2
-43439
-43470.2
-1137.7
-3405.79
-5647.59
-7843.25
-9981.83
-12055.6
-14059.7
-15990.9
-17847.9
-19630.2
-21338.1
-22972.4
-24534.2
-26024.8
-27445.6
-28797.9
-30083.2
-31302.7
-32457.8
-33549.5
-34579.1
-35547.5
-36455.6
-37304.4
-38094.7
-38827.1
-39502.4
-40121.2
-40684.1
-41191.6
-41644.6
-42043.6
-42389.4
-42683.2
-42926.3
-43120.5
-43268.5
-43373.3
-43439.1
-43470.3
-1137.7
-3405.8
-5647.6
-7843.28
-9981.85
-12055.7
-14059.7
-15991
-17847.9
-19630.2
-21338.1
-22972.4
-24534.3
-26024.9
-27445.7
-28798
-30083.3
-31302.8
-32457.8
-33549.6
-34579.1
-35547.5
-36455.7
-37304.5
-38094.8
-38827.2
-39502.5
-40121.3
-40684.1
-41191.7
-41644.7
-42043.6
-42389.5
-42683.3
-42926.4
-43120.6
-43268.5
-43373.4
-43439.2
-43470.3
-1137.7
-3405.81
-5647.61
-7843.29
-9981.88
-12055.7
-14059.7
-15991
-17848
-19630.3
-21338.2
-22972.5
-24534.3
-26024.9
-27445.7
-28798.1
-30083.3
-31302.9
-32457.9
-33549.7
-34579.2
-35547.6
-36455.8
-37304.6
-38094.8
-38827.3
-39502.5
-40121.3
-40684.2
-41191.8
-41644.7
-42043.7
-42389.6
-42683.3
-42926.4
-43120.7
-43268.6
-43373.5
-43439.3
-43470.4
-1137.7
-3405.81
-5647.62
-7843.3
-9981.89
-12055.7
-14059.8
-15991
-17848
-19630.3
-21338.2
-22972.5
-24534.4
-26025
-27445.8
-28798.1
-30083.4
-31302.9
-32457.9
-33549.7
-34579.2
-35547.6
-36455.8
-37304.6
-38094.9
-38827.3
-39502.6
-40121.4
-40684.3
-41191.8
-41644.8
-42043.7
-42389.6
-42683.4
-42926.5
-43120.7
-43268.7
-43373.5
-43439.3
-43470.4
-1137.7
-3405.82
-5647.63
-7843.31
-9981.9
-12055.7
-14059.8
-15991
-17848
-19630.3
-21338.2
-22972.5
-24534.4
-26025
-27445.8
-28798.1
-30083.4
-31302.9
-32458
-33549.7
-34579.3
-35547.7
-36455.8
-37304.6
-38094.9
-38827.3
-39502.6
-40121.4
-40684.3
-41191.9
-41644.8
-42043.8
-42389.6
-42683.4
-42926.5
-43120.8
-43268.7
-43373.5
-43439.3
-43470.5
-1137.7
-3405.82
-5647.63
-7843.31
-9981.9
-12055.7
-14059.8
-15991
-17848
-19630.3
-21338.2
-22972.5
-24534.4
-26025
-27445.8
-28798.1
-30083.4
-31302.9
-32458
-33549.7
-34579.3
-35547.7
-36455.8
-37304.6
-38094.9
-38827.3
-39502.6
-40121.4
-40684.3
-41191.9
-41644.8
-42043.8
-42389.6
-42683.4
-42926.5
-43120.8
-43268.7
-43373.5
-43439.4
-43470.5
-1137.7
-3405.82
-5647.63
-7843.31
-9981.9
-12055.7
-14059.8
-15991
-17848
-19630.3
-21338.2
-22972.5
-24534.4
-26025
-27445.8
-28798.1
-30083.4
-31302.9
-32458
-33549.7
-34579.3
-35547.7
-36455.8
-37304.6
-38094.9
-38827.3
-39502.6
-40121.4
-40684.3
-41191.9
-41644.8
-42043.8
-42389.6
-42683.4
-42926.5
-43120.8
-43268.7
-43373.5
-43439.3
-43470.5
-1137.7
-3405.81
-5647.62
-7843.3
-9981.88
-12055.7
-14059.7
-15991
-17848
-19630.3
-21338.2
-22972.5
-24534.3
-26025
-27445.8
-28798.1
-30083.4
-31302.9
-32457.9
-33549.7
-34579.2
-35547.6
-36455.8
-37304.6
-38094.9
-38827.3
-39502.6
-40121.4
-40684.2
-41191.8
-41644.8
-42043.7
-42389.6
-42683.4
-42926.5
-43120.7
-43268.6
-43373.5
-43439.3
-43470.4
-1137.7
-3405.81
-5647.61
-7843.28
-9981.87
-12055.7
-14059.7
-15991
-17848
-19630.3
-21338.2
-22972.5
-24534.3
-26024.9
-27445.7
-28798.1
-30083.3
-31302.8
-32457.9
-33549.6
-34579.2
-35547.6
-36455.7
-37304.6
-38094.8
-38827.3
-39502.5
-40121.3
-40684.2
-41191.8
-41644.7
-42043.7
-42389.6
-42683.3
-42926.4
-43120.7
-43268.6
-43373.5
-43439.3
-43470.4
-1137.7
-3405.8
-5647.59
-7843.26
-9981.84
-12055.7
-14059.7
-15990.9
-17847.9
-19630.2
-21338.1
-22972.4
-24534.3
-26024.9
-27445.7
-28798
-30083.3
-31302.8
-32457.8
-33549.6
-34579.1
-35547.5
-36455.7
-37304.5
-38094.8
-38827.2
-39502.5
-40121.3
-40684.1
-41191.7
-41644.7
-42043.6
-42389.5
-42683.3
-42926.4
-43120.6
-43268.5
-43373.4
-43439.2
-43470.3
-1137.69
-3405.79
-5647.58
-7843.24
-9981.81
-12055.6
-14059.6
-15990.9
-17847.9
-19630.2
-21338.1
-22972.4
-24534.2
-26024.8
-27445.6
-28797.9
-30083.2
-31302.7
-32457.7
-33549.5
-34579
-35547.4
-36455.6
-37304.4
-38094.7
-38827.1
-39502.4
-40121.2
-40684
-41191.6
-41644.6
-42043.5
-42389.4
-42683.2
-42926.3
-43120.5
-43268.5
-43373.3
-43439.1
-43470.2
-1137.69
-3405.77
-5647.55
-7843.21
-9981.77
-12055.6
-14059.6
-15990.8
-17847.8
-19630.1
-21338
-22972.3
-24534.1
-26024.7
-27445.5
-28797.8
-30083.1
-31302.6
-32457.6
-33549.4
-34578.9
-35547.3
-36455.5
-37304.3
-38094.6
-38827
-39502.3
-40121.1
-40683.9
-41191.5
-41644.5
-42043.4
-42389.3
-42683.1
-42926.2
-43120.4
-43268.3
-43373.2
-43439
-43470.1
-1137.68
-3405.76
-5647.53
-7843.17
-9981.72
-12055.5
-14059.5
-15990.8
-17847.7
-19630
-21337.9
-22972.2
-24534
-26024.6
-27445.4
-28797.7
-30083
-31302.5
-32457.5
-33549.3
-34578.8
-35547.2
-36455.4
-37304.2
-38094.4
-38826.9
-39502.2
-40120.9
-40683.8
-41191.4
-41644.3
-42043.3
-42389.2
-42683
-42926
-43120.3
-43268.2
-43373.1
-43438.9
-43470
-1137.68
-3405.74
-5647.5
-7843.13
-9981.67
-12055.4
-14059.4
-15990.7
-17847.6
-19629.9
-21337.8
-22972.1
-24533.9
-26024.5
-27445.3
-28797.6
-30082.8
-31302.4
-32457.4
-33549.1
-34578.7
-35547.1
-36455.2
-37304
-38094.3
-38826.7
-39502
-40120.8
-40683.7
-41191.3
-41644.2
-42043.2
-42389
-42682.8
-42925.9
-43120.2
-43268.1
-43372.9
-43438.7
-43469.9
-1137.67
-3405.71
-5647.46
-7843.08
-9981.61
-12055.4
-14059.4
-15990.6
-17847.5
-19629.8
-21337.7
-22971.9
-24533.7
-26024.4
-27445.1
-28797.4
-30082.7
-31302.2
-32457.2
-33549
-34578.5
-35546.9
-36455.1
-37303.9
-38094.1
-38826.6
-39501.9
-40120.6
-40683.5
-41191.1
-41644
-42043
-42388.9
-42682.7
-42925.7
-43120
-43267.9
-43372.8
-43438.6
-43469.7
-1137.66
-3405.69
-5647.42
-7843.02
-9981.53
-12055.3
-14059.3
-15990.5
-17847.4
-19629.7
-21337.5
-22971.8
-24533.6
-26024.2
-27445
-28797.3
-30082.5
-31302.1
-32457.1
-33548.8
-34578.4
-35546.7
-36454.9
-37303.7
-38094
-38826.4
-39501.7
-40120.5
-40683.3
-41190.9
-41643.9
-42042.8
-42388.7
-42682.5
-42925.6
-43119.8
-43267.7
-43372.6
-43438.4
-43469.5
-1137.65
-3405.66
-5647.37
-7842.96
-9981.46
-12055.2
-14059.2
-15990.4
-17847.3
-19629.5
-21337.4
-22971.7
-24533.4
-26024
-27444.8
-28797.1
-30082.4
-31301.9
-32456.9
-33548.6
-34578.2
-35546.6
-36454.7
-37303.5
-38093.8
-38826.2
-39501.5
-40120.3
-40683.2
-41190.7
-41643.7
-42042.7
-42388.5
-42682.3
-42925.4
-43119.6
-43267.6
-43372.4
-43438.2
-43469.4
-1137.64
-3405.63
-5647.32
-7842.89
-9981.37
-12055.1
-14059
-15990.2
-17847.1
-19629.4
-21337.2
-22971.5
-24533.3
-26023.9
-27444.6
-28796.9
-30082.2
-31301.7
-32456.7
-33548.4
-34578
-35546.4
-36454.5
-37303.3
-38093.6
-38826
-39501.3
-40120.1
-40683
-41190.5
-41643.5
-42042.5
-42388.3
-42682.1
-42925.2
-43119.4
-43267.4
-43372.2
-43438
-43469.2
-1137.63
-3405.6
-5647.27
-7842.82
-9981.28
-12055
-14058.9
-15990.1
-17847
-19629.2
-21337.1
-22971.3
-24533.1
-26023.7
-27444.4
-28796.7
-30082
-31301.5
-32456.5
-33548.2
-34577.8
-35546.2
-36454.3
-37303.1
-38093.4
-38825.8
-39501.1
-40119.9
-40682.8
-41190.3
-41643.3
-42042.2
-42388.1
-42681.9
-42925
-43119.2
-43267.2
-43372
-43437.8
-43469
-1137.62
-3405.57
-5647.22
-7842.75
-9981.19
-12054.9
-14058.8
-15990
-17846.9
-19629.1
-21336.9
-22971.2
-24532.9
-26023.5
-27444.2
-28796.6
-30081.8
-31301.3
-32456.3
-33548
-34577.6
-35546
-36454.1
-37302.9
-38093.2
-38825.6
-39500.9
-40119.7
-40682.5
-41190.1
-41643.1
-42042
-42387.9
-42681.7
-42924.8
-43119
-43267
-43371.8
-43437.6
-43468.8
-1137.61
-3405.54
-5647.17
-7842.68
-9981.1
-12054.8
-14058.7
-15989.8
-17846.7
-19628.9
-21336.7
-22971
-24532.8
-26023.3
-27444.1
-28796.4
-30081.6
-31301.1
-32456.1
-33547.9
-34577.4
-35545.8
-36453.9
-37302.7
-38093
-38825.4
-39500.7
-40119.5
-40682.4
-41189.9
-41642.9
-42041.8
-42387.7
-42681.5
-42924.6
-43118.8
-43266.8
-43371.6
-43437.4
-43468.6
-1137.6
-3405.51
-5647.12
-7842.61
-9981.02
-12054.7
-14058.6
-15989.7
-17846.6
-19628.8
-21336.6
-22970.8
-24532.6
-26023.2
-27443.9
-28796.2
-30081.5
-31300.9
-32456
-33547.7
-34577.2
-35545.6
-36453.8
-37302.6
-38092.8
-38825.2
-39500.5
-40119.3
-40682.2
-41189.8
-41642.7
-42041.7
-42387.5
-42681.3
-42924.4
-43118.7
-43266.6
-43371.4
-43437.2
-43468.4
-1137.59
-3405.49
-5647.08
-7842.56
-9980.96
-12054.6
-14058.5
-15989.6
-17846.5
-19628.7
-21336.5
-22970.7
-24532.5
-26023.1
-27443.8
-28796.1
-30081.3
-31300.8
-32455.8
-33547.6
-34577.1
-35545.5
-36453.6
-37302.4
-38092.7
-38825.1
-39500.4
-40119.2
-40682
-41189.6
-41642.6
-42041.5
-42387.4
-42681.2
-42924.3
-43118.5
-43266.4
-43371.3
-43437.1
-43468.2
-1137.59
-3405.48
-5647.07
-7842.54
-9980.93
-12054.6
-14058.4
-15989.6
-17846.4
-19628.6
-21336.4
-22970.7
-24532.4
-26023
-27443.7
-28796
-30081.2
-31300.7
-32455.7
-33547.5
-34577
-35545.4
-36453.5
-37302.3
-38092.6
-38825
-39500.3
-40119.1
-40682
-41189.5
-41642.5
-42041.4
-42387.3
-42681.1
-42924.2
-43118.4
-43266.3
-43371.2
-43437
-43468.1
-1137.59
-3405.48
-5647.07
-7842.54
-9980.93
-12054.6
-14058.4
-15989.5
-17846.4
-19628.6
-21336.4
-22970.6
-24532.4
-26022.9
-27443.7
-28796
-30081.2
-31300.7
-32455.7
-33547.4
-34577
-35545.3
-36453.5
-37302.3
-38092.6
-38825
-39500.3
-40119
-40681.9
-41189.5
-41642.4
-42041.4
-42387.3
-42681
-42924.1
-43118.4
-43266.3
-43371.1
-43436.9
-43468.1
-1214.91
-3629.88
-6007.19
-8325.02
-10572.1
-12741.5
-14829.1
-16833.4
-18754
-20591.8
-22348.2
-24024.9
-25623.9
-27147.2
-28596.7
-29974.4
-31281.9
-32521.1
-33693.5
-34800.4
-35843.3
-36823.2
-37741.4
-38598.7
-39396.1
-40134.4
-40814.1
-41436.1
-42000.9
-42508.9
-42960.9
-43357.4
-43699
-43986.8
-44221.9
-44406.2
-44542.6
-44635
-44689.2
-44712.2
-1214.91
-3629.88
-6007.2
-8325.04
-10572.2
-12741.5
-14829.2
-16833.4
-18754
-20591.8
-22348.2
-24025
-25624
-27147.3
-28596.8
-29974.4
-31282
-32521.2
-33693.5
-34800.5
-35843.3
-36823.3
-37741.5
-38598.8
-39396.2
-40134.4
-40814.2
-41436.2
-42000.9
-42509
-42961
-43357.4
-43699.1
-43986.8
-44221.9
-44406.3
-44542.6
-44635
-44689.2
-44712.3
-1214.92
-3629.91
-6007.25
-8325.09
-10572.2
-12741.6
-14829.2
-16833.5
-18754.1
-20591.9
-22348.3
-24025.1
-25624.1
-27147.4
-28596.9
-29974.6
-31282.1
-32521.3
-33693.6
-34800.6
-35843.4
-36823.4
-37741.6
-38598.9
-39396.3
-40134.6
-40814.3
-41436.3
-42001.1
-42509.1
-42961.1
-43357.6
-43699.2
-43987
-44222.1
-44406.4
-44542.8
-44635.2
-44689.4
-44712.5
-1214.94
-3629.95
-6007.31
-8325.17
-10572.3
-12741.7
-14829.4
-16833.6
-18754.3
-20592.1
-22348.5
-24025.3
-25624.3
-27147.6
-28597.1
-29974.8
-31282.3
-32521.5
-33693.8
-34800.8
-35843.6
-36823.6
-37741.8
-38599.1
-39396.5
-40134.8
-40814.5
-41436.5
-42001.3
-42509.3
-42961.3
-43357.8
-43699.4
-43987.2
-44222.3
-44406.6
-44543
-44635.4
-44689.6
-44712.7
-1214.95
-3629.99
-6007.38
-8325.27
-10572.4
-12741.8
-14829.5
-16833.8
-18754.5
-20592.3
-22348.7
-24025.5
-25624.5
-27147.8
-28597.3
-29975
-31282.5
-32521.7
-33694.1
-34801
-35843.9
-36823.9
-37742
-38599.4
-39396.8
-40135
-40814.8
-41436.7
-42001.5
-42509.6
-42961.5
-43358
-43699.6
-43987.4
-44222.5
-44406.8
-44543.2
-44635.6
-44689.8
-44712.9
-1214.97
-3630.04
-6007.45
-8325.37
-10572.6
-12742
-14829.7
-16834
-18754.6
-20592.5
-22348.9
-24025.7
-25624.7
-27148
-28597.6
-29975.2
-31282.8
-32522
-33694.3
-34801.3
-35844.1
-36824.1
-37742.3
-38599.6
-39397
-40135.2
-40815
-41437
-42001.7
-42509.8
-42961.8
-43358.3
-43699.9
-43987.6
-44222.8
-44407.1
-44543.4
-44635.9
-44690.1
-44713.1
-1214.98
-3630.08
-6007.53
-8325.47
-10572.7
-12742.1
-14829.9
-16834.2
-18754.8
-20592.7
-22349.1
-24025.9
-25625
-27148.3
-28597.8
-29975.5
-31283
-32522.2
-33694.6
-34801.5
-35844.4
-36824.4
-37742.5
-38599.9
-39397.3
-40135.5
-40815.3
-41437.3
-42002
-42510.1
-42962.1
-43358.5
-43700.2
-43987.9
-44223
-44407.4
-44543.7
-44636.1
-44690.3
-44713.4
-1215
-3630.12
-6007.59
-8325.56
-10572.8
-12742.3
-14830
-16834.3
-18755
-20592.9
-22349.3
-24026.1
-25625.2
-27148.5
-28598
-29975.7
-31283.3
-32522.5
-33694.8
-34801.8
-35844.6
-36824.6
-37742.8
-38600.1
-39397.5
-40135.8
-40815.5
-41437.5
-42002.3
-42510.3
-42962.3
-43358.8
-43700.4
-43988.2
-44223.3
-44407.6
-44544
-44636.4
-44690.6
-44713.7
-1215.01
-3630.16
-6007.66
-8325.65
-10572.9
-12742.4
-14830.1
-16834.5
-18755.2
-20593.1
-22349.5
-24026.3
-25625.4
-27148.7
-28598.3
-29975.9
-31283.5
-32522.7
-33695
-34802
-35844.9
-36824.9
-37743
-38600.4
-39397.8
-40136
-40815.8
-41437.8
-42002.5
-42510.6
-42962.6
-43359
-43700.7
-43988.4
-44223.5
-44407.9
-44544.2
-44636.6
-44690.8
-44713.9
-1215.02
-3630.2
-6007.71
-8325.73
-10573
-12742.5
-14830.3
-16834.6
-18755.4
-20593.2
-22349.7
-24026.5
-25625.6
-27148.9
-28598.5
-29976.1
-31283.7
-32522.9
-33695.3
-34802.2
-35845.1
-36825.1
-37743.3
-38600.6
-39398
-40136.2
-40816
-41438
-42002.7
-42510.8
-42962.8
-43359.3
-43700.9
-43988.6
-44223.8
-44408.1
-44544.4
-44636.9
-44691
-44714.1
-1215.03
-3630.23
-6007.76
-8325.79
-10573.1
-12742.6
-14830.4
-16834.8
-18755.5
-20593.4
-22349.9
-24026.7
-25625.8
-27149.1
-28598.6
-29976.3
-31283.9
-32523.1
-33695.5
-34802.4
-35845.3
-36825.3
-37743.5
-38600.8
-39398.2
-40136.4
-40816.2
-41438.2
-42003
-42511
-42963
-43359.5
-43701.1
-43988.9
-44224
-44408.3
-44544.6
-44637.1
-44691.3
-44714.3
-1215.04
-3630.25
-6007.81
-8325.85
-10573.2
-12742.7
-14830.5
-16834.9
-18755.6
-20593.5
-22350
-24026.8
-25625.9
-27149.3
-28598.8
-29976.5
-31284.1
-32523.3
-33695.6
-34802.6
-35845.5
-36825.5
-37743.7
-38601
-39398.4
-40136.6
-40816.4
-41438.4
-42003.1
-42511.2
-42963.2
-43359.7
-43701.3
-43989
-44224.2
-44408.5
-44544.8
-44637.3
-44691.5
-44714.5
-1215.05
-3630.28
-6007.84
-8325.91
-10573.2
-12742.8
-14830.6
-16835
-18755.7
-20593.6
-22350.1
-24027
-25626.1
-27149.4
-28599
-29976.6
-31284.2
-32523.4
-33695.8
-34802.8
-35845.7
-36825.6
-37743.8
-38601.2
-39398.6
-40136.8
-40816.6
-41438.6
-42003.3
-42511.4
-42963.4
-43359.8
-43701.5
-43989.2
-44224.3
-44408.7
-44545
-44637.4
-44691.6
-44714.7
-1215.05
-3630.3
-6007.88
-8325.95
-10573.3
-12742.8
-14830.7
-16835.1
-18755.8
-20593.8
-22350.3
-24027.1
-25626.2
-27149.5
-28599.1
-29976.8
-31284.4
-32523.6
-33696
-34802.9
-35845.8
-36825.8
-37744
-38601.3
-39398.7
-40137
-40816.8
-41438.7
-42003.5
-42511.6
-42963.5
-43360
-43701.6
-43989.4
-44224.5
-44408.8
-44545.2
-44637.6
-44691.8
-44714.9
-1215.06
-3630.31
-6007.9
-8325.99
-10573.3
-12742.9
-14830.7
-16835.1
-18755.9
-20593.8
-22350.3
-24027.2
-25626.3
-27149.6
-28599.2
-29976.9
-31284.5
-32523.7
-33696.1
-34803
-35845.9
-36825.9
-37744.1
-38601.5
-39398.9
-40137.1
-40816.9
-41438.9
-42003.6
-42511.7
-42963.7
-43360.1
-43701.8
-43989.5
-44224.6
-44409
-44545.3
-44637.7
-44691.9
-44715
-1215.06
-3630.33
-6007.93
-8326.02
-10573.4
-12742.9
-14830.8
-16835.2
-18756
-20593.9
-22350.4
-24027.3
-25626.4
-27149.7
-28599.3
-29977
-31284.6
-32523.8
-33696.2
-34803.1
-35846
-36826
-37744.2
-38601.6
-39399
-40137.2
-40817
-41439
-42003.7
-42511.8
-42963.8
-43360.2
-43701.9
-43989.6
-44224.7
-44409.1
-44545.4
-44637.8
-44692
-44715.1
-1215.07
-3630.34
-6007.94
-8326.04
-10573.4
-12743
-14830.8
-16835.2
-18756
-20594
-22350.5
-24027.3
-25626.4
-27149.8
-28599.4
-29977.1
-31284.7
-32523.9
-33696.3
-34803.2
-35846.1
-36826.1
-37744.3
-38601.7
-39399.1
-40137.3
-40817.1
-41439.1
-42003.8
-42511.9
-42963.9
-43360.3
-43702
-43989.7
-44224.8
-44409.2
-44545.5
-44637.9
-44692.1
-44715.2
-1215.07
-3630.34
-6007.96
-8326.06
-10573.4
-12743
-14830.9
-16835.3
-18756.1
-20594
-22350.5
-24027.4
-25626.5
-27149.8
-28599.4
-29977.1
-31284.7
-32524
-33696.3
-34803.3
-35846.2
-36826.2
-37744.4
-38601.7
-39399.1
-40137.4
-40817.2
-41439.1
-42003.9
-42512
-42963.9
-43360.4
-43702
-43989.8
-44224.9
-44409.2
-44545.6
-44638
-44692.2
-44715.3
-1215.07
-3630.35
-6007.97
-8326.08
-10573.4
-12743
-14830.9
-16835.3
-18756.1
-20594
-22350.6
-24027.4
-25626.5
-27149.9
-28599.5
-29977.2
-31284.8
-32524
-33696.4
-34803.3
-35846.2
-36826.2
-37744.4
-38601.8
-39399.2
-40137.4
-40817.2
-41439.2
-42003.9
-42512
-42964
-43360.4
-43702.1
-43989.8
-44224.9
-44409.3
-44545.6
-44638
-44692.2
-44715.3
-1215.07
-3630.35
-6007.97
-8326.08
-10573.5
-12743
-14830.9
-16835.3
-18756.1
-20594.1
-22350.6
-24027.4
-25626.5
-27149.9
-28599.5
-29977.2
-31284.8
-32524
-33696.4
-34803.4
-35846.3
-36826.2
-37744.4
-38601.8
-39399.2
-40137.4
-40817.2
-41439.2
-42004
-42512
-42964
-43360.5
-43702.1
-43989.9
-44225
-44409.3
-44545.6
-44638.1
-44692.3
-44715.3
-1215.07
-3630.35
-6007.97
-8326.08
-10573.5
-12743
-14830.9
-16835.3
-18756.1
-20594.1
-22350.6
-24027.4
-25626.6
-27149.9
-28599.5
-29977.2
-31284.8
-32524
-33696.4
-34803.4
-35846.3
-36826.3
-37744.4
-38601.8
-39399.2
-40137.4
-40817.2
-41439.2
-42004
-42512
-42964
-43360.5
-43702.1
-43989.9
-44225
-44409.3
-44545.7
-44638.1
-44692.3
-44715.4
-1215.07
-3630.35
-6007.97
-8326.08
-10573.5
-12743
-14830.9
-16835.3
-18756.1
-20594.1
-22350.6
-24027.4
-25626.5
-27149.9
-28599.5
-29977.2
-31284.8
-32524
-33696.4
-34803.4
-35846.2
-36826.2
-37744.4
-38601.8
-39399.2
-40137.4
-40817.2
-41439.2
-42003.9
-42512
-42964
-43360.5
-43702.1
-43989.9
-44225
-44409.3
-44545.6
-44638.1
-44692.3
-44715.3
-1215.07
-3630.35
-6007.96
-8326.07
-10573.4
-12743
-14830.9
-16835.3
-18756.1
-20594
-22350.6
-24027.4
-25626.5
-27149.9
-28599.5
-29977.2
-31284.8
-32524
-33696.4
-34803.3
-35846.2
-36826.2
-37744.4
-38601.8
-39399.2
-40137.4
-40817.2
-41439.2
-42003.9
-42512
-42964
-43360.4
-43702.1
-43989.8
-44224.9
-44409.3
-44545.6
-44638
-44692.2
-44715.3
-1215.07
-3630.34
-6007.95
-8326.05
-10573.4
-12743
-14830.8
-16835.3
-18756
-20594
-22350.5
-24027.4
-25626.5
-27149.8
-28599.4
-29977.1
-31284.7
-32523.9
-33696.3
-34803.3
-35846.2
-36826.2
-37744.3
-38601.7
-39399.1
-40137.3
-40817.1
-41439.1
-42003.9
-42511.9
-42963.9
-43360.4
-43702
-43989.8
-44224.9
-44409.2
-44545.6
-44638
-44692.2
-44715.3
-1215.06
-3630.33
-6007.93
-8326.03
-10573.4
-12743
-14830.8
-16835.2
-18756
-20593.9
-22350.5
-24027.3
-25626.4
-27149.8
-28599.3
-29977
-31284.6
-32523.9
-33696.2
-34803.2
-35846.1
-36826.1
-37744.3
-38601.6
-39399
-40137.3
-40817.1
-41439
-42003.8
-42511.9
-42963.8
-43360.3
-43702
-43989.7
-44224.8
-44409.1
-44545.5
-44637.9
-44692.1
-44715.2
-1215.06
-3630.32
-6007.91
-8326
-10573.4
-12742.9
-14830.8
-16835.2
-18755.9
-20593.9
-22350.4
-24027.2
-25626.3
-27149.7
-28599.3
-29977
-31284.6
-32523.8
-33696.1
-34803.1
-35846
-36826
-37744.2
-38601.5
-39398.9
-40137.2
-40817
-41438.9
-42003.7
-42511.8
-42963.8
-43360.2
-43701.9
-43989.6
-44224.7
-44409
-44545.4
-44637.8
-44692
-44715.1
-1215.06
-3630.3
-6007.89
-8325.97
-10573.3
-12742.9
-14830.7
-16835.1
-18755.9
-20593.8
-22350.3
-24027.1
-25626.2
-27149.6
-28599.2
-29976.8
-31284.5
-32523.7
-33696
-34803
-35845.9
-36825.9
-37744.1
-38601.4
-39398.8
-40137.1
-40816.9
-41438.8
-42003.6
-42511.7
-42963.6
-43360.1
-43701.7
-43989.5
-44224.6
-44408.9
-44545.3
-44637.7
-44691.9
-44715
-1215.05
-3630.28
-6007.86
-8325.93
-10573.3
-12742.8
-14830.6
-16835
-18755.8
-20593.7
-22350.2
-24027
-25626.1
-27149.5
-28599
-29976.7
-31284.3
-32523.5
-33695.9
-34802.9
-35845.8
-36825.7
-37743.9
-38601.3
-39398.7
-40136.9
-40816.7
-41438.7
-42003.4
-42511.5
-42963.5
-43360
-43701.6
-43989.3
-44224.5
-44408.8
-44545.1
-44637.6
-44691.8
-44714.8
-1215.04
-3630.26
-6007.82
-8325.88
-10573.2
-12742.7
-14830.5
-16834.9
-18755.7
-20593.6
-22350.1
-24026.9
-25626
-27149.3
-28598.9
-29976.6
-31284.2
-32523.4
-33695.7
-34802.7
-35845.6
-36825.6
-37743.8
-38601.1
-39398.5
-40136.8
-40816.6
-41438.5
-42003.3
-42511.4
-42963.3
-43359.8
-43701.4
-43989.2
-44224.3
-44408.6
-44545
-44637.4
-44691.6
-44714.7
-1215.03
-3630.24
-6007.78
-8325.82
-10573.1
-12742.6
-14830.4
-16834.8
-18755.5
-20593.5
-22349.9
-24026.8
-25625.8
-27149.2
-28598.7
-29976.4
-31284
-32523.2
-33695.6
-34802.5
-35845.4
-36825.4
-37743.6
-38600.9
-39398.3
-40136.6
-40816.4
-41438.3
-42003.1
-42511.2
-42963.2
-43359.6
-43701.3
-43989
-44224.1
-44408.5
-44544.8
-44637.2
-44691.4
-44714.5
-1215.02
-3630.21
-6007.73
-8325.75
-10573
-12742.5
-14830.3
-16834.7
-18755.4
-20593.3
-22349.8
-24026.6
-25625.7
-27149
-28598.6
-29976.2
-31283.8
-32523
-33695.4
-34802.3
-35845.2
-36825.2
-37743.4
-38600.7
-39398.1
-40136.4
-40816.2
-41438.1
-42002.9
-42511
-42963
-43359.4
-43701.1
-43988.8
-44223.9
-44408.3
-44544.6
-44637
-44691.2
-44714.3
-1215.01
-3630.17
-6007.68
-8325.68
-10572.9
-12742.4
-14830.2
-16834.5
-18755.3
-20593.1
-22349.6
-24026.4
-25625.5
-27148.8
-28598.4
-29976
-31283.6
-32522.8
-33695.2
-34802.1
-35845
-36825
-37743.2
-38600.5
-39397.9
-40136.2
-40816
-41437.9
-42002.7
-42510.8
-42962.7
-43359.2
-43700.8
-43988.6
-44223.7
-44408
-44544.4
-44636.8
-44691
-44714.1
-1215
-3630.14
-6007.62
-8325.59
-10572.8
-12742.3
-14830.1
-16834.4
-18755.1
-20593
-22349.4
-24026.2
-25625.3
-27148.6
-28598.1
-29975.8
-31283.4
-32522.6
-33694.9
-34801.9
-35844.8
-36824.8
-37742.9
-38600.3
-39397.7
-40135.9
-40815.7
-41437.7
-42002.4
-42510.5
-42962.5
-43359
-43700.6
-43988.4
-44223.5
-44407.8
-44544.1
-44636.6
-44690.8
-44713.8
-1214.99
-3630.1
-6007.55
-8325.5
-10572.7
-12742.2
-14829.9
-16834.2
-18754.9
-20592.8
-22349.2
-24026
-25625.1
-27148.4
-28597.9
-29975.6
-31283.2
-32522.4
-33694.7
-34801.7
-35844.5
-36824.5
-37742.7
-38600.1
-39397.5
-40135.7
-40815.5
-41437.4
-42002.2
-42510.3
-42962.3
-43358.7
-43700.4
-43988.1
-44223.2
-44407.6
-44543.9
-44636.3
-44690.5
-44713.6
-1214.97
-3630.05
-6007.48
-8325.41
-10572.6
-12742
-14829.8
-16834.1
-18754.7
-20592.6
-22349
-24025.8
-25624.8
-27148.2
-28597.7
-29975.4
-31282.9
-32522.1
-33694.5
-34801.4
-35844.3
-36824.3
-37742.5
-38599.8
-39397.2
-40135.4
-40815.2
-41437.2
-42001.9
-42510
-42962
-43358.5
-43700.1
-43987.9
-44223
-44407.3
-44543.6
-44636.1
-44690.3
-44713.4
-1214.96
-3630.01
-6007.41
-8325.31
-10572.5
-12741.9
-14829.6
-16833.9
-18754.6
-20592.4
-22348.8
-24025.6
-25624.6
-27147.9
-28597.5
-29975.1
-31282.7
-32521.9
-33694.2
-34801.2
-35844.1
-36824
-37742.2
-38599.6
-39397
-40135.2
-40815
-41436.9
-42001.7
-42509.8
-42961.8
-43358.2
-43699.9
-43987.6
-44222.7
-44407.1
-44543.4
-44635.8
-44690
-44713.1
-1214.94
-3629.97
-6007.35
-8325.23
-10572.4
-12741.8
-14829.5
-16833.7
-18754.4
-20592.2
-22348.6
-24025.4
-25624.4
-27147.7
-28597.3
-29974.9
-31282.5
-32521.7
-33694
-34801
-35843.8
-36823.8
-37742
-38599.3
-39396.7
-40135
-40814.8
-41436.7
-42001.5
-42509.6
-42961.5
-43358
-43699.6
-43987.4
-44222.5
-44406.8
-44543.2
-44635.6
-44689.8
-44712.9
-1214.94
-3629.94
-6007.3
-8325.16
-10572.3
-12741.7
-14829.3
-16833.6
-18754.2
-20592.1
-22348.5
-24025.2
-25624.3
-27147.6
-28597.1
-29974.7
-31282.3
-32521.5
-33693.8
-34800.8
-35843.7
-36823.6
-37741.8
-38599.2
-39396.6
-40134.8
-40814.6
-41436.5
-42001.3
-42509.4
-42961.4
-43357.8
-43699.5
-43987.2
-44222.3
-44406.6
-44543
-44635.4
-44689.6
-44712.7
-1214.93
-3629.93
-6007.28
-8325.12
-10572.3
-12741.6
-14829.3
-16833.5
-18754.2
-20592
-22348.4
-24025.1
-25624.2
-27147.5
-28597
-29974.6
-31282.2
-32521.4
-33693.7
-34800.7
-35843.5
-36823.5
-37741.7
-38599
-39396.4
-40134.7
-40814.5
-41436.4
-42001.2
-42509.3
-42961.2
-43357.7
-43699.3
-43987.1
-44222.2
-44406.5
-44542.9
-44635.3
-44689.5
-44712.5
-1214.95
-3629.96
-6007.3
-8325.15
-10572.3
-12741.6
-14829.3
-16833.5
-18754.2
-20592
-22348.4
-24025.1
-25624.2
-27147.5
-28597
-29974.6
-31282.2
-32521.4
-33693.7
-34800.7
-35843.5
-36823.5
-37741.7
-38599
-39396.4
-40134.7
-40814.4
-41436.4
-42001.2
-42509.2
-42961.2
-43357.7
-43699.3
-43987.1
-44222.2
-44406.5
-44542.8
-44635.2
-44689.4
-44712.4
-1307.34
-3892.22
-6421.81
-8873.22
-11236.1
-13505.1
-15678.2
-17755.8
-19739.4
-21631.4
-23434.7
-25152
-26786.3
-28340.4
-29816.8
-31217.9
-32546.2
-33803.5
-34991.7
-36112.5
-37167.5
-38158
-39085.2
-39950.2
-40754
-41497.3
-42181
-42805.5
-43371.6
-43879.6
-44330
-44723.3
-45059.8
-45340.3
-45565.5
-45737.2
-45857.9
-45932.2
-45967.7
-45978.9
-1307.33
-3892.23
-6421.82
-8873.25
-11236.1
-13505.1
-15678.3
-17755.9
-19739.5
-21631.5
-23434.7
-25152.1
-26786.4
-28340.4
-29816.8
-31218
-32546.2
-33803.5
-34991.8
-36112.6
-37167.6
-38158.1
-39085.3
-39950.3
-40754.1
-41497.4
-42181
-42805.6
-43371.7
-43879.7
-44330.1
-44723.4
-45059.9
-45340.3
-45565.6
-45737.3
-45857.9
-45932.3
-45967.8
-45979
-1307.34
-3892.27
-6421.88
-8873.33
-11236.3
-13505.3
-15678.4
-17756
-19739.6
-21631.7
-23434.9
-25152.2
-26786.6
-28340.6
-29817
-31218.2
-32546.4
-33803.7
-34992
-36112.8
-37167.8
-38158.3
-39085.5
-39950.5
-40754.3
-41497.6
-42181.2
-42805.8
-43371.9
-43879.9
-44330.3
-44723.6
-45060.1
-45340.5
-45565.8
-45737.5
-45858.1
-45932.5
-45968
-45979.2
-1307.36
-3892.32
-6421.98
-8873.45
-11236.4
-13505.4
-15678.6
-17756.2
-19739.8
-21631.9
-23435.1
-25152.5
-26786.8
-28340.9
-29817.3
-31218.5
-32546.7
-33804
-34992.2
-36113.1
-37168.1
-38158.6
-39085.8
-39950.8
-40754.5
-41497.9
-42181.5
-42806.1
-43372.1
-43880.2
-44330.6
-44723.8
-45060.4
-45340.8
-45566.1
-45737.7
-45858.4
-45932.7
-45968.3
-45979.5
-1307.38
-3892.39
-6422.08
-8873.59
-11236.6
-13505.6
-15678.8
-17756.4
-19740.1
-21632.1
-23435.4
-25152.8
-26787.1
-28341.1
-29817.6
-31218.8
-32547
-33804.3
-34992.5
-36113.4
-37168.4
-38158.9
-39086.1
-39951.1
-40754.8
-41498.2
-42181.8
-42806.4
-43372.4
-43880.5
-44330.9
-44724.1
-45060.7
-45341.1
-45566.4
-45738
-45858.7
-45933
-45968.6
-45979.8
-1307.4
-3892.45
-6422.18
-8873.72
-11236.7
-13505.8
-15679
-17756.7
-19740.3
-21632.4
-23435.7
-25153
-26787.4
-28341.4
-29817.8
-31219.1
-32547.3
-33804.6
-34992.8
-36113.7
-37168.7
-38159.2
-39086.4
-39951.4
-40755.2
-41498.5
-42182.1
-42806.7
-43372.8
-43880.8
-44331.2
-44724.4
-45061
-45341.4
-45566.7
-45738.3
-45859
-45933.3
-45968.9
-45980.1
-1307.42
-3892.51
-6422.27
-8873.85
-11236.9
-13506
-15679.2
-17756.9
-19740.6
-21632.7
-23435.9
-25153.3
-26787.6
-28341.7
-29818.1
-31219.3
-32547.6
-33804.9
-34993.1
-36114
-37169
-38159.5
-39086.7
-39951.7
-40755.5
-41498.8
-42182.4
-42807
-43373.1
-43881.1
-44331.5
-44724.8
-45061.3
-45341.7
-45567
-45738.6
-45859.3
-45933.6
-45969.2
-45980.4
-1307.44
-3892.56
-6422.35
-8873.96
-11237
-13506.2
-15679.4
-17757.1
-19740.8
-21632.9
-23436.2
-25153.6
-26787.9
-28342
-29818.4
-31219.6
-32547.9
-33805.2
-34993.4
-36114.3
-37169.3
-38159.8
-39087
-39952
-40755.8
-41499.1
-42182.8
-42807.3
-43373.4
-43881.4
-44331.8
-44725.1
-45061.6
-45342
-45567.3
-45738.9
-45859.6
-45933.9
-45969.5
-45980.7
-1307.46
-3892.6
-6422.43
-8874.07
-11237.2
-13506.3
-15679.6
-17757.3
-19741
-21633.1
-23436.4
-25153.8
-26788.1
-28342.2
-29818.7
-31219.9
-32548.1
-33805.4
-34993.7
-36114.6
-37169.6
-38160.1
-39087.3
-39952.3
-40756.1
-41499.4
-42183
-42807.6
-43373.7
-43881.7
-44332.1
-44725.4
-45061.9
-45342.3
-45567.6
-45739.2
-45859.9
-45934.2
-45969.8
-45981
-1307.47
-3892.64
-6422.5
-8874.16
-11237.3
-13506.4
-15679.7
-17757.4
-19741.2
-21633.3
-23436.6
-25154
-26788.4
-28342.5
-29818.9
-31220.1
-32548.4
-33805.7
-34993.9
-36114.8
-37169.8
-38160.3
-39087.6
-39952.6
-40756.3
-41499.7
-42183.3
-42807.9
-43373.9
-43882
-44332.4
-44725.6
-45062.1
-45342.6
-45567.8
-45739.5
-45860.2
-45934.5
-45970
-45981.3
-1307.48
-3892.68
-6422.55
-8874.24
-11237.4
-13506.6
-15679.9
-17757.6
-19741.3
-21633.5
-23436.8
-25154.2
-26788.6
-28342.7
-29819.1
-31220.4
-32548.6
-33805.9
-34994.2
-36115.1
-37170.1
-38160.6
-39087.8
-39952.8
-40756.6
-41499.9
-42183.5
-42808.1
-43374.2
-43882.2
-44332.6
-44725.9
-45062.4
-45342.8
-45568.1
-45739.7
-45860.4
-45934.7
-45970.3
-45981.5
-1307.49
-3892.71
-6422.6
-8874.31
-11237.5
-13506.7
-15680
-17757.7
-19741.5
-21633.6
-23437
-25154.4
-26788.8
-28342.9
-29819.3
-31220.5
-32548.8
-33806.1
-34994.4
-36115.3
-37170.3
-38160.8
-39088
-39953
-40756.8
-41500.1
-42183.8
-42808.3
-43374.4
-43882.4
-44332.8
-44726.1
-45062.6
-45343
-45568.3
-45739.9
-45860.6
-45934.9
-45970.5
-45981.7
-1307.5
-3892.74
-6422.65
-8874.37
-11237.5
-13506.8
-15680.1
-17757.8
-19741.6
-21633.8
-23437.1
-25154.5
-26788.9
-28343
-29819.5
-31220.7
-32549
-33806.3
-34994.6
-36115.4
-37170.5
-38161
-39088.2
-39953.2
-40757
-41500.3
-42183.9
-42808.5
-43374.6
-43882.6
-44333
-44726.3
-45062.8
-45343.2
-45568.5
-45740.1
-45860.8
-45935.1
-45970.7
-45981.9
-1307.51
-3892.76
-6422.68
-8874.42
-11237.6
-13506.8
-15680.2
-17757.9
-19741.7
-21633.9
-23437.2
-25154.7
-26789
-28343.2
-29819.6
-31220.9
-32549.1
-33806.5
-34994.7
-36115.6
-37170.6
-38161.1
-39088.4
-39953.4
-40757.1
-41500.5
-42184.1
-42808.7
-43374.8
-43882.8
-44333.2
-44726.4
-45063
-45343.4
-45568.7
-45740.3
-45861
-45935.3
-45970.8
-45982.1
-1307.51
-3892.78
-6422.71
-8874.46
-11237.6
-13506.9
-15680.3
-17758
-19741.8
-21634
-23437.3
-25154.8
-26789.2
-28343.3
-29819.7
-31221
-32549.3
-33806.6
-34994.9
-36115.7
-37170.8
-38161.3
-39088.5
-39953.5
-40757.3
-41500.6
-42184.3
-42808.8
-43374.9
-43882.9
-44333.3
-44726.6
-45063.1
-45343.5
-45568.8
-45740.5
-45861.1
-45935.4
-45971
-45982.2
-1307.52
-3892.79
-6422.74
-8874.49
-11237.7
-13506.9
-15680.3
-17758.1
-19741.9
-21634.1
-23437.4
-25154.9
-26789.3
-28343.4
-29819.8
-31221.1
-32549.4
-33806.7
-34995
-36115.9
-37170.9
-38161.4
-39088.6
-39953.6
-40757.4
-41500.7
-42184.4
-42809
-43375
-43883
-44333.5
-44726.7
-45063.2
-45343.7
-45568.9
-45740.6
-45861.3
-45935.6
-45971.1
-45982.3
-1307.52
-3892.8
-6422.76
-8874.52
-11237.7
-13507
-15680.4
-17758.1
-19741.9
-21634.1
-23437.5
-25154.9
-26789.3
-28343.5
-29819.9
-31221.2
-32549.5
-33806.8
-34995.1
-36115.9
-37171
-38161.5
-39088.7
-39953.7
-40757.5
-41500.8
-42184.5
-42809.1
-43375.1
-43883.1
-44333.6
-44726.8
-45063.3
-45343.8
-45569
-45740.7
-45861.4
-45935.7
-45971.2
-45982.4
-1307.53
-3892.81
-6422.77
-8874.54
-11237.7
-13507
-15680.4
-17758.2
-19742
-21634.2
-23437.5
-25155
-26789.4
-28343.5
-29820
-31221.2
-32549.5
-33806.9
-34995.1
-36116
-37171
-38161.6
-39088.8
-39953.8
-40757.6
-41500.9
-42184.6
-42809.1
-43375.2
-43883.2
-44333.6
-44726.9
-45063.4
-45343.8
-45569.1
-45740.7
-45861.4
-45935.7
-45971.3
-45982.5
-1307.53
-3892.82
-6422.78
-8874.55
-11237.8
-13507
-15680.4
-17758.2
-19742
-21634.2
-23437.6
-25155
-26789.4
-28343.6
-29820
-31221.3
-32549.6
-33806.9
-34995.2
-36116.1
-37171.1
-38161.6
-39088.8
-39953.9
-40757.6
-41501
-42184.6
-42809.2
-43375.2
-43883.3
-44333.7
-44726.9
-45063.5
-45343.9
-45569.2
-45740.8
-45861.5
-45935.8
-45971.3
-45982.6
-1307.53
-3892.82
-6422.79
-8874.56
-11237.8
-13507
-15680.4
-17758.2
-19742
-21634.2
-23437.6
-25155
-26789.4
-28343.6
-29820.1
-31221.3
-32549.6
-33806.9
-34995.2
-36116.1
-37171.1
-38161.6
-39088.9
-39953.9
-40757.6
-41501
-42184.6
-42809.2
-43375.3
-43883.3
-44333.7
-44727
-45063.5
-45343.9
-45569.2
-45740.8
-45861.5
-45935.8
-45971.4
-45982.6
-1307.53
-3892.82
-6422.79
-8874.56
-11237.8
-13507
-15680.4
-17758.2
-19742
-21634.2
-23437.6
-25155
-26789.5
-28343.6
-29820.1
-31221.3
-32549.6
-33806.9
-34995.2
-36116.1
-37171.1
-38161.6
-39088.9
-39953.9
-40757.7
-41501
-42184.6
-42809.2
-43375.3
-43883.3
-44333.7
-44727
-45063.5
-45343.9
-45569.2
-45740.8
-45861.5
-45935.8
-45971.4
-45982.6
-1307.53
-3892.82
-6422.79
-8874.56
-11237.8
-13507
-15680.4
-17758.2
-19742
-21634.2
-23437.6
-25155
-26789.4
-28343.6
-29820.1
-31221.3
-32549.6
-33806.9
-34995.2
-36116.1
-37171.1
-38161.6
-39088.9
-39953.9
-40757.6
-41501
-42184.6
-42809.2
-43375.3
-43883.3
-44333.7
-44727
-45063.5
-45343.9
-45569.2
-45740.8
-45861.5
-45935.8
-45971.4
-45982.6
-1307.53
-3892.82
-6422.78
-8874.55
-11237.8
-13507
-15680.4
-17758.2
-19742
-21634.2
-23437.6
-25155
-26789.4
-28343.5
-29820
-31221.3
-32549.5
-33806.9
-34995.2
-36116
-37171.1
-38161.6
-39088.8
-39953.8
-40757.6
-41500.9
-42184.6
-42809.2
-43375.2
-43883.3
-44333.7
-44726.9
-45063.4
-45343.9
-45569.1
-45740.8
-45861.5
-45935.8
-45971.3
-45982.6
-1307.52
-3892.81
-6422.76
-8874.53
-11237.7
-13507
-15680.4
-17758.2
-19741.9
-21634.1
-23437.5
-25155
-26789.4
-28343.5
-29820
-31221.2
-32549.5
-33806.8
-34995.1
-36116
-37171
-38161.5
-39088.8
-39953.8
-40757.5
-41500.9
-42184.5
-42809.1
-43375.2
-43883.2
-44333.6
-44726.9
-45063.4
-45343.8
-45569.1
-45740.7
-45861.4
-45935.7
-45971.3
-45982.5
-1307.52
-3892.8
-6422.75
-8874.5
-11237.7
-13507
-15680.3
-17758.1
-19741.9
-21634.1
-23437.5
-25154.9
-26789.3
-28343.4
-29819.9
-31221.1
-32549.4
-33806.8
-34995
-36115.9
-37170.9
-38161.4
-39088.7
-39953.7
-40757.5
-41500.8
-42184.4
-42809
-43375.1
-43883.1
-44333.5
-44726.8
-45063.3
-45343.7
-45569
-45740.7
-45861.3
-45935.6
-45971.2
-45982.4
-1307.52
-3892.78
-6422.72
-8874.47
-11237.7
-13506.9
-15680.3
-17758
-19741.8
-21634
-23437.4
-25154.8
-26789.2
-28343.3
-29819.8
-31221.1
-32549.3
-33806.7
-34994.9
-36115.8
-37170.8
-38161.3
-39088.6
-39953.6
-40757.4
-41500.7
-42184.3
-42808.9
-43375
-43883
-44333.4
-44726.7
-45063.2
-45343.6
-45568.9
-45740.6
-45861.2
-45935.5
-45971.1
-45982.3
-1307.51
-3892.77
-6422.7
-8874.43
-11237.6
-13506.9
-15680.2
-17758
-19741.7
-21633.9
-23437.3
-25154.7
-26789.1
-28343.2
-29819.7
-31220.9
-32549.2
-33806.5
-34994.8
-36115.7
-37170.7
-38161.2
-39088.4
-39953.5
-40757.2
-41500.6
-42184.2
-42808.8
-43374.9
-43882.9
-44333.3
-44726.5
-45063.1
-45343.5
-45568.8
-45740.4
-45861.1
-45935.4
-45971
-45982.2
-1307.5
-3892.74
-6422.66
-8874.39
-11237.5
-13506.8
-15680.1
-17757.9
-19741.6
-21633.8
-23437.2
-25154.6
-26789
-28343.1
-29819.6
-31220.8
-32549.1
-33806.4
-34994.7
-36115.5
-37170.6
-38161.1
-39088.3
-39953.3
-40757.1
-41500.4
-42184.1
-42808.6
-43374.7
-43882.7
-44333.2
-44726.4
-45062.9
-45343.4
-45568.6
-45740.3
-45861
-45935.3
-45970.8
-45982
-1307.5
-3892.72
-6422.62
-8874.33
-11237.5
-13506.7
-15680
-17757.8
-19741.5
-21633.7
-23437
-25154.4
-26788.8
-28342.9
-29819.4
-31220.6
-32548.9
-33806.2
-34994.5
-36115.4
-37170.4
-38160.9
-39088.1
-39953.1
-40756.9
-41500.2
-42183.9
-42808.5
-43374.5
-43882.6
-44333
-44726.2
-45062.7
-45343.2
-45568.4
-45740.1
-45860.8
-45935.1
-45970.6
-45981.9
-1307.49
-3892.69
-6422.57
-8874.26
-11237.4
-13506.6
-15679.9
-17757.6
-19741.4
-21633.5
-23436.9
-25154.3
-26788.7
-28342.8
-29819.2
-31220.4
-32548.7
-33806
-34994.3
-36115.2
-37170.2
-38160.7
-39087.9
-39952.9
-40756.7
-41500
-42183.7
-42808.3
-43374.3
-43882.4
-44332.8
-44726
-45062.5
-45343
-45568.2
-45739.9
-45860.6
-45934.9
-45970.4
-45981.7
-1307.47
-3892.66
-6422.51
-8874.18
-11237.3
-13506.5
-15679.8
-17757.5
-19741.2
-21633.4
-23436.7
-25154.1
-26788.5
-28342.6
-29819
-31220.2
-32548.5
-33805.8
-34994.1
-36114.9
-37170
-38160.5
-39087.7
-39952.7
-40756.5
-41499.8
-42183.5
-42808
-43374.1
-43882.1
-44332.5
-44725.8
-45062.3
-45342.7
-45568
-45739.7
-45860.3
-45934.7
-45970.2
-45981.4
-1307.46
-3892.62
-6422.45
-8874.09
-11237.2
-13506.3
-15679.6
-17757.3
-19741
-21633.2
-23436.5
-25153.9
-26788.2
-28342.3
-29818.8
-31220
-32548.3
-33805.6
-34993.8
-36114.7
-37169.7
-38160.2
-39087.4
-39952.5
-40756.2
-41499.6
-42183.2
-42807.8
-43373.8
-43881.9
-44332.3
-44725.5
-45062.1
-45342.5
-45567.8
-45739.4
-45860.1
-45934.4
-45969.9
-45981.2
-1307.45
-3892.57
-6422.38
-8873.99
-11237.1
-13506.2
-15679.5
-17757.1
-19740.8
-21633
-23436.3
-25153.7
-26788
-28342.1
-29818.5
-31219.7
-32548
-33805.3
-34993.6
-36114.4
-37169.4
-38159.9
-39087.2
-39952.2
-40755.9
-41499.3
-42182.9
-42807.5
-43373.6
-43881.6
-44332
-44725.3
-45061.8
-45342.2
-45567.5
-45739.1
-45859.8
-45934.1
-45969.7
-45980.9
-1307.43
-3892.52
-6422.29
-8873.88
-11236.9
-13506
-15679.3
-17756.9
-19740.6
-21632.7
-23436
-25153.4
-26787.7
-28341.8
-29818.3
-31219.5
-32547.7
-33805
-34993.3
-36114.1
-37169.1
-38159.7
-39086.9
-39951.9
-40755.6
-41499
-42182.6
-42807.2
-43373.3
-43881.3
-44331.7
-44725
-45061.5
-45341.9
-45567.2
-45738.8
-45859.5
-45933.8
-45969.4
-45980.6
-1307.41
-3892.46
-6422.2
-8873.76
-11236.8
-13505.9
-15679.1
-17756.7
-19740.4
-21632.5
-23435.8
-25153.1
-26787.5
-28341.5
-29818
-31219.2
-32547.4
-33804.7
-34993
-36113.8
-37168.8
-38159.4
-39086.6
-39951.6
-40755.3
-41498.7
-42182.3
-42806.9
-43373
-43881
-44331.4
-44724.7
-45061.2
-45341.6
-45566.9
-45738.5
-45859.2
-45933.5
-45969.1
-45980.3
-1307.39
-3892.41
-6422.11
-8873.63
-11236.6
-13505.7
-15678.9
-17756.5
-19740.2
-21632.2
-23435.5
-25152.9
-26787.2
-28341.3
-29817.7
-31218.9
-32547.1
-33804.4
-34992.7
-36113.5
-37168.5
-38159
-39086.3
-39951.3
-40755
-41498.4
-42182
-42806.6
-43372.7
-43880.7
-44331.1
-44724.3
-45060.9
-45341.3
-45566.6
-45738.2
-45858.9
-45933.2
-45968.8
-45980
-1307.37
-3892.35
-6422.01
-8873.5
-11236.5
-13505.5
-15678.7
-17756.3
-19739.9
-21632
-23435.3
-25152.6
-26786.9
-28341
-29817.4
-31218.6
-32546.8
-33804.1
-34992.4
-36113.2
-37168.3
-38158.8
-39086
-39951
-40754.7
-41498.1
-42181.7
-42806.3
-43372.4
-43880.4
-44330.8
-44724
-45060.6
-45341
-45566.3
-45737.9
-45858.6
-45932.9
-45968.5
-45979.7
-1307.35
-3892.3
-6421.93
-8873.39
-11236.3
-13505.3
-15678.5
-17756.1
-19739.7
-21631.8
-23435
-25152.4
-26786.7
-28340.8
-29817.2
-31218.4
-32546.6
-33803.9
-34992.1
-36113
-37168
-38158.5
-39085.7
-39950.7
-40754.5
-41497.8
-42181.5
-42806
-43372.1
-43880.1
-44330.6
-44723.8
-45060.3
-45340.8
-45566
-45737.7
-45858.4
-45932.7
-45968.2
-45979.4
-1307.35
-3892.28
-6421.89
-8873.33
-11236.2
-13505.2
-15678.4
-17756
-19739.6
-21631.7
-23434.9
-25152.2
-26786.6
-28340.6
-29817
-31218.2
-32546.4
-33803.7
-34992
-36112.8
-37167.8
-38158.3
-39085.6
-39950.6
-40754.3
-41497.7
-42181.3
-42805.9
-43371.9
-43880
-44330.4
-44723.6
-45060.2
-45340.6
-45565.9
-45737.5
-45858.2
-45932.5
-45968
-45979.2
-1307.39
-3892.32
-6421.93
-8873.36
-11236.3
-13505.3
-15678.4
-17756
-19739.6
-21631.6
-23434.9
-25152.2
-26786.5
-28340.6
-29817
-31218.2
-32546.4
-33803.7
-34992
-36112.8
-37167.8
-38158.3
-39085.5
-39950.5
-40754.3
-41497.6
-42181.3
-42805.9
-43371.9
-43879.9
-44330.4
-44723.6
-45060.1
-45340.6
-45565.8
-45737.5
-45858.1
-45932.4
-45967.9
-45979.1
-1417.36
-4197.72
-6896.71
-9492.06
-11976.1
-14346.7
-16605
-18754.3
-20798.5
-22742
-24589.1
-26344.2
-28011
-29593.2
-31094
-32516.5
-33863.4
-35136.9
-36339.4
-37472.6
-38538.4
-39538.2
-40473.3
-41345.1
-42154.3
-42902
-43588.9
-44215.5
-44782.4
-45290
-45738.4
-46128
-46458.8
-46731
-46944.9
-47101.2
-47201.6
-47250.2
-47262
-47257.9
-1417.36
-4197.75
-6896.76
-9492.13
-11976.2
-14346.8
-16605.1
-18754.4
-20798.6
-22742.1
-24589.3
-26344.3
-28011.1
-29593.3
-31094.2
-32516.7
-33863.5
-35137.1
-36339.5
-37472.7
-38538.5
-39538.3
-40473.5
-41345.2
-42154.5
-42902.2
-43589
-44215.7
-44782.6
-45290.1
-45738.6
-46128.1
-46458.9
-46731.1
-46945
-47101.3
-47201.7
-47250.4
-47262.2
-47258.1
-1417.39
-4197.83
-6896.87
-9492.28
-11976.4
-14347
-16605.3
-18754.6
-20798.8
-22742.3
-24589.5
-26344.6
-28011.4
-29593.6
-31094.5
-32517
-33863.8
-35137.3
-36339.8
-37473
-38538.8
-39538.6
-40473.8
-41345.5
-42154.8
-42902.5
-43589.3
-44216
-44782.9
-45290.4
-45738.8
-46128.4
-46459.2
-46731.4
-46945.3
-47101.6
-47202
-47250.7
-47262.5
-47258.4
-1417.42
-4197.92
-6897.02
-9492.47
-11976.6
-14347.2
-16605.6
-18754.9
-20799.1
-22742.7
-24589.9
-26344.9
-28011.7
-29593.9
-31094.8
-32517.3
-33864.1
-35137.7
-36340.1
-37473.4
-38539.2
-39539
-40474.1
-41345.9
-42155.1
-42902.8
-43589.7
-44216.3
-44783.2
-45290.8
-45739.2
-46128.8
-46459.6
-46731.8
-46945.7
-47102
-47202.4
-47251.1
-47262.8
-47258.7
-1417.45
-4198.01
-6897.16
-9492.66
-11976.8
-14347.5
-16605.9
-18755.2
-20799.5
-22743
-24590.2
-26345.3
-28012.1
-29594.3
-31095.2
-32517.7
-33864.5
-35138.1
-36340.5
-37473.8
-38539.6
-39539.4
-40474.5
-41346.3
-42155.5
-42903.2
-43590.1
-44216.7
-44783.6
-45291.2
-45739.6
-46129.2
-46460
-46732.2
-46946
-47102.3
-47202.8
-47251.5
-47263.2
-47259.1
-1417.48
-4198.09
-6897.29
-9492.84
-11977
-14347.7
-16606.2
-18755.5
-20799.8
-22743.3
-24590.5
-26345.6
-28012.5
-29594.7
-31095.6
-32518.1
-33864.9
-35138.5
-36340.9
-37474.2
-38540
-39539.8
-40474.9
-41346.7
-42155.9
-42903.6
-43590.5
-44217.1
-44784
-45291.6
-45740
-46129.6
-46460.4
-46732.6
-46946.4
-47102.7
-47203.2
-47251.8
-47263.6
-47259.5
-1417.5
-4198.17
-6897.41
-9493
-11977.2
-14347.9
-16606.4
-18755.8
-20800.1
-22743.6
-24590.9
-26346
-28012.8
-29595
-31095.9
-32518.4
-33865.3
-35138.8
-36341.3
-37474.6
-38540.3
-39540.1
-40475.3
-41347
-42156.3
-42904
-43590.9
-44217.5
-44784.4
-45292
-45740.4
-46129.9
-46460.7
-46732.9
-46946.8
-47103.1
-47203.6
-47252.2
-47264
-47259.9
-1417.52
-4198.23
-6897.52
-9493.14
-11977.4
-14348.1
-16606.7
-18756
-20800.3
-22743.9
-24591.2
-26346.3
-28013.1
-29595.4
-31096.2
-32518.8
-33865.6
-35139.2
-36341.6
-37474.9
-38540.7
-39540.5
-40475.7
-41347.4
-42156.7
-42904.4
-43591.3
-44217.9
-44784.8
-45292.3
-45740.8
-46130.3
-46461.1
-46733.3
-46947.2
-47103.5
-47203.9
-47252.6
-47264.3
-47260.2
-1417.54
-4198.29
-6897.61
-9493.26
-11977.5
-14348.3
-16606.9
-18756.3
-20800.6
-22744.2
-24591.4
-26346.5
-28013.4
-29595.6
-31096.5
-32519.1
-33865.9
-35139.5
-36342
-37475.2
-38541
-39540.8
-40476
-41347.7
-42157
-42904.7
-43591.6
-44218.2
-44785.1
-45292.6
-45741.1
-46130.6
-46461.4
-46733.6
-46947.5
-47103.8
-47204.2
-47252.9
-47264.7
-47260.5
-1417.56
-4198.33
-6897.69
-9493.37
-11977.7
-14348.5
-16607
-18756.5
-20800.8
-22744.4
-24591.7
-26346.8
-28013.7
-29595.9
-31096.8
-32519.4
-33866.2
-35139.8
-36342.2
-37475.5
-38541.3
-39541.1
-40476.3
-41348
-42157.3
-42905
-43591.9
-44218.5
-44785.4
-45292.9
-45741.4
-46130.9
-46461.7
-46733.9
-46947.8
-47104.1
-47204.5
-47253.2
-47265
-47260.8
-1417.57
-4198.37
-6897.75
-9493.46
-11977.8
-14348.6
-16607.2
-18756.6
-20801
-22744.6
-24591.9
-26347
-28013.9
-29596.1
-31097.1
-32519.6
-33866.5
-35140
-36342.5
-37475.8
-38541.6
-39541.4
-40476.6
-41348.3
-42157.6
-42905.3
-43592.1
-44218.8
-44785.7
-45293.2
-45741.7
-46131.2
-46462
-46734.2
-46948.1
-47104.4
-47204.8
-47253.5
-47265.2
-47261.1
-1417.58
-4198.41
-6897.81
-9493.54
-11977.9
-14348.7
-16607.3
-18756.8
-20801.1
-22744.8
-24592.1
-26347.2
-28014.1
-29596.3
-31097.3
-32519.8
-33866.7
-35140.3
-36342.7
-37476
-38541.8
-39541.6
-40476.8
-41348.5
-42157.8
-42905.5
-43592.4
-44219
-44785.9
-45293.5
-45741.9
-46131.4
-46462.2
-46734.4
-46948.3
-47104.6
-47205
-47253.7
-47265.5
-47261.3
-1417.59
-4198.44
-6897.86
-9493.6
-11978
-14348.8
-16607.4
-18756.9
-20801.3
-22744.9
-24592.2
-26347.4
-28014.3
-29596.5
-31097.4
-32520
-33866.9
-35140.5
-36342.9
-37476.2
-38542
-39541.8
-40477
-41348.7
-42158
-42905.7
-43592.6
-44219.2
-44786.1
-45293.7
-45742.1
-46131.7
-46462.4
-46734.6
-46948.5
-47104.8
-47205.2
-47253.9
-47265.7
-47261.5
-1417.6
-4198.46
-6897.9
-9493.66
-11978
-14348.9
-16607.5
-18757
-20801.4
-22745
-24592.4
-26347.5
-28014.4
-29596.7
-31097.6
-32520.2
-33867
-35140.6
-36343.1
-37476.4
-38542.2
-39542
-40477.2
-41348.9
-42158.2
-42905.9
-43592.8
-44219.4
-44786.3
-45293.8
-45742.3
-46131.8
-46462.6
-46734.8
-46948.7
-47105
-47205.4
-47254.1
-47265.8
-47261.7
-1417.61
-4198.48
-6897.93
-9493.71
-11978.1
-14349
-16607.6
-18757.1
-20801.5
-22745.2
-24592.5
-26347.6
-28014.5
-29596.8
-31097.7
-32520.3
-33867.2
-35140.8
-36343.2
-37476.5
-38542.3
-39542.1
-40477.3
-41349.1
-42158.4
-42906.1
-43592.9
-44219.6
-44786.5
-45294
-45742.4
-46132
-46462.8
-46735
-46948.9
-47105.1
-47205.6
-47254.2
-47266
-47261.9
-1417.61
-4198.5
-6897.96
-9493.74
-11978.1
-14349
-16607.7
-18757.2
-20801.6
-22745.2
-24592.6
-26347.7
-28014.6
-29596.9
-31097.9
-32520.4
-33867.3
-35140.9
-36343.4
-37476.6
-38542.4
-39542.3
-40477.5
-41349.2
-42158.5
-42906.2
-43593.1
-44219.7
-44786.6
-45294.1
-45742.6
-46132.1
-46462.9
-46735.1
-46949
-47105.3
-47205.7
-47254.4
-47266.1
-47262
-1417.62
-4198.51
-6897.98
-9493.77
-11978.2
-14349.1
-16607.7
-18757.2
-20801.6
-22745.3
-24592.6
-26347.8
-28014.7
-29597
-31097.9
-32520.5
-33867.4
-35141
-36343.5
-37476.7
-38542.5
-39542.4
-40477.6
-41349.3
-42158.6
-42906.3
-43593.2
-44219.8
-44786.7
-45294.2
-45742.7
-46132.2
-46463
-46735.2
-46949.1
-47105.4
-47205.8
-47254.5
-47266.2
-47262.1
-1417.62
-4198.52
-6898
-9493.79
-11978.2
-14349.1
-16607.8
-18757.3
-20801.7
-22745.4
-24592.7
-26347.9
-28014.8
-29597.1
-31098
-32520.6
-33867.5
-35141.1
-36343.5
-37476.8
-38542.6
-39542.4
-40477.6
-41349.4
-42158.7
-42906.4
-43593.2
-44219.9
-44786.8
-45294.3
-45742.8
-46132.3
-46463.1
-46735.3
-46949.2
-47105.5
-47205.9
-47254.6
-47266.3
-47262.2
-1417.62
-4198.53
-6898.01
-9493.81
-11978.2
-14349.1
-16607.8
-18757.3
-20801.7
-22745.4
-24592.7
-26347.9
-28014.8
-29597.1
-31098.1
-32520.6
-33867.5
-35141.1
-36343.6
-37476.9
-38542.7
-39542.5
-40477.7
-41349.4
-42158.7
-42906.4
-43593.3
-44219.9
-44786.8
-45294.4
-45742.8
-46132.4
-46463.2
-46735.3
-46949.2
-47105.5
-47206
-47254.6
-47266.4
-47262.3
-1417.62
-4198.53
-6898.01
-9493.82
-11978.2
-14349.2
-16607.8
-18757.3
-20801.7
-22745.4
-24592.7
-26347.9
-28014.8
-29597.1
-31098.1
-32520.7
-33867.5
-35141.1
-36343.6
-37476.9
-38542.7
-39542.5
-40477.7
-41349.5
-42158.7
-42906.5
-43593.3
-44220
-44786.9
-45294.4
-45742.9
-46132.4
-46463.2
-46735.4
-46949.3
-47105.6
-47206
-47254.6
-47266.4
-47262.3
-1417.62
-4198.53
-6898.01
-9493.82
-11978.2
-14349.2
-16607.8
-18757.3
-20801.7
-22745.4
-24592.8
-26347.9
-28014.8
-29597.1
-31098.1
-32520.7
-33867.5
-35141.1
-36343.6
-37476.9
-38542.7
-39542.5
-40477.7
-41349.5
-42158.8
-42906.5
-43593.3
-44220
-44786.9
-45294.4
-45742.9
-46132.4
-46463.2
-46735.4
-46949.3
-47105.6
-47206
-47254.7
-47266.4
-47262.3
-1417.62
-4198.53
-6898.01
-9493.81
-11978.2
-14349.1
-16607.8
-18757.3
-20801.7
-22745.4
-24592.7
-26347.9
-28014.8
-29597.1
-31098.1
-32520.6
-33867.5
-35141.1
-36343.6
-37476.9
-38542.7
-39542.5
-40477.7
-41349.5
-42158.7
-42906.5
-43593.3
-44220
-44786.9
-45294.4
-45742.8
-46132.4
-46463.2
-46735.4
-46949.3
-47105.5
-47206
-47254.6
-47266.4
-47262.3
-1417.62
-4198.52
-6898
-9493.8
-11978.2
-14349.1
-16607.8
-18757.3
-20801.7
-22745.4
-24592.7
-26347.9
-28014.8
-29597.1
-31098
-32520.6
-33867.5
-35141.1
-36343.6
-37476.9
-38542.7
-39542.5
-40477.7
-41349.4
-42158.7
-42906.4
-43593.3
-44219.9
-44786.8
-45294.4
-45742.8
-46132.4
-46463.1
-46735.3
-46949.2
-47105.5
-47205.9
-47254.6
-47266.4
-47262.2
-1417.62
-4198.52
-6897.99
-9493.78
-11978.2
-14349.1
-16607.7
-18757.2
-20801.7
-22745.3
-24592.7
-26347.8
-28014.7
-29597
-31098
-32520.5
-33867.4
-35141
-36343.5
-37476.8
-38542.6
-39542.4
-40477.6
-41349.3
-42158.6
-42906.3
-43593.2
-44219.9
-44786.8
-45294.3
-45742.7
-46132.3
-46463.1
-46735.3
-46949.2
-47105.4
-47205.9
-47254.5
-47266.3
-47262.2
-1417.61
-4198.5
-6897.97
-9493.76
-11978.2
-14349.1
-16607.7
-18757.2
-20801.6
-22745.3
-24592.6
-26347.8
-28014.7
-29597
-31097.9
-32520.5
-33867.3
-35140.9
-36343.4
-37476.7
-38542.5
-39542.3
-40477.5
-41349.3
-42158.5
-42906.3
-43593.1
-44219.8
-44786.7
-45294.2
-45742.7
-46132.2
-46463
-46735.2
-46949.1
-47105.4
-47205.8
-47254.5
-47266.2
-47262.1
-1417.61
-4198.49
-6897.94
-9493.72
-11978.1
-14349
-16607.6
-18757.1
-20801.5
-22745.2
-24592.5
-26347.7
-28014.6
-29596.9
-31097.8
-32520.4
-33867.2
-35140.8
-36343.3
-37476.6
-38542.4
-39542.2
-40477.4
-41349.1
-42158.4
-42906.1
-43593
-44219.7
-44786.6
-45294.1
-45742.5
-46132.1
-46462.9
-46735.1
-46949
-47105.2
-47205.7
-47254.3
-47266.1
-47262
-1417.6
-4198.47
-6897.91
-9493.68
-11978.1
-14348.9
-16607.6
-18757
-20801.4
-22745.1
-24592.4
-26347.6
-28014.5
-29596.7
-31097.7
-32520.2
-33867.1
-35140.7
-36343.2
-37476.5
-38542.3
-39542.1
-40477.3
-41349
-42158.3
-42906
-43592.9
-44219.5
-44786.4
-45294
-45742.4
-46131.9
-46462.7
-46734.9
-46948.8
-47105.1
-47205.5
-47254.2
-47266
-47261.8
-1417.59
-4198.45
-6897.87
-9493.62
-11978
-14348.9
-16607.5
-18756.9
-20801.3
-22745
-24592.3
-26347.4
-28014.3
-29596.6
-31097.5
-32520.1
-33867
-35140.5
-36343
-37476.3
-38542.1
-39541.9
-40477.1
-41348.8
-42158.1
-42905.8
-43592.7
-44219.4
-44786.3
-45293.8
-45742.2
-46131.8
-46462.6
-46734.8
-46948.6
-47104.9
-47205.4
-47254
-47265.8
-47261.7
-1417.59
-4198.42
-6897.83
-9493.56
-11977.9
-14348.8
-16607.4
-18756.8
-20801.2
-22744.8
-24592.1
-26347.3
-28014.2
-29596.4
-31097.3
-32519.9
-33866.8
-35140.4
-36342.8
-37476.1
-38541.9
-39541.7
-40476.9
-41348.6
-42157.9
-42905.6
-43592.5
-44219.2
-44786.1
-45293.6
-45742
-46131.6
-46462.4
-46734.6
-46948.4
-47104.7
-47205.2
-47253.8
-47265.6
-47261.5
-1417.57
-4198.38
-6897.77
-9493.48
-11977.8
-14348.7
-16607.2
-18756.7
-20801
-22744.7
-24591.9
-26347.1
-28014
-29596.2
-31097.1
-32519.7
-33866.6
-35140.1
-36342.6
-37475.9
-38541.7
-39541.5
-40476.7
-41348.4
-42157.7
-42905.4
-43592.3
-44218.9
-44785.8
-45293.4
-45741.8
-46131.4
-46462.1
-46734.3
-46948.2
-47104.5
-47205
-47253.6
-47265.4
-47261.3
-1417.56
-4198.34
-6897.7
-9493.39
-11977.7
-14348.5
-16607.1
-18756.5
-20800.8
-22744.5
-24591.7
-26346.9
-28013.7
-29596
-31096.9
-32519.5
-33866.3
-35139.9
-36342.4
-37475.6
-38541.4
-39541.2
-40476.4
-41348.2
-42157.4
-42905.2
-43592
-44218.7
-44785.6
-45293.1
-45741.5
-46131.1
-46461.9
-46734.1
-46948
-47104.3
-47204.7
-47253.4
-47265.1
-47261
-1417.54
-4198.3
-6897.63
-9493.29
-11977.6
-14348.4
-16606.9
-18756.3
-20800.6
-22744.2
-24591.5
-26346.6
-28013.5
-29595.7
-31096.6
-32519.2
-33866
-35139.6
-36342.1
-37475.4
-38541.1
-39541
-40476.1
-41347.9
-42157.2
-42904.9
-43591.7
-44218.4
-44785.3
-45292.8
-45741.3
-46130.8
-46461.6
-46733.8
-46947.7
-47104
-47204.4
-47253.1
-47264.8
-47260.7
-1417.53
-4198.24
-6897.54
-9493.17
-11977.4
-14348.2
-16606.7
-18756.1
-20800.4
-22744
-24591.2
-26346.3
-28013.2
-29595.5
-31096.4
-32518.9
-33865.7
-35139.3
-36341.8
-37475
-38540.8
-39540.6
-40475.8
-41347.6
-42156.8
-42904.5
-43591.4
-44218.1
-44785
-45292.5
-45740.9
-46130.5
-46461.3
-46733.5
-46947.4
-47103.7
-47204.1
-47252.8
-47264.5
-47260.4
-1417.5
-4198.18
-6897.43
-9493.03
-11977.3
-14348
-16606.5
-18755.9
-20800.1
-22743.7
-24591
-26346
-28012.9
-29595.1
-31096
-32518.6
-33865.4
-35139
-36341.4
-37474.7
-38540.5
-39540.3
-40475.5
-41347.2
-42156.5
-42904.2
-43591.1
-44217.7
-44784.6
-45292.1
-45740.6
-46130.1
-46460.9
-46733.1
-46947
-47103.3
-47203.7
-47252.4
-47264.2
-47260.1
-1417.48
-4198.11
-6897.32
-9492.87
-11977.1
-14347.8
-16606.2
-18755.6
-20799.8
-22743.4
-24590.6
-26345.7
-28012.6
-29594.8
-31095.7
-32518.2
-33865
-35138.6
-36341.1
-37474.3
-38540.1
-39539.9
-40475.1
-41346.8
-42156.1
-42903.8
-43590.7
-44217.3
-44784.2
-45291.8
-45740.2
-46129.8
-46460.5
-46732.7
-46946.6
-47102.9
-47203.4
-47252
-47263.8
-47259.7
-1417.45
-4198.02
-6897.19
-9492.69
-11976.8
-14347.5
-16606
-18755.3
-20799.5
-22743.1
-24590.3
-26345.4
-28012.2
-29594.4
-31095.3
-32517.8
-33864.7
-35138.2
-36340.7
-37473.9
-38539.7
-39539.5
-40474.7
-41346.4
-42155.7
-42903.4
-43590.3
-44216.9
-44783.8
-45291.4
-45739.8
-46129.4
-46460.2
-46732.4
-46946.2
-47102.5
-47203
-47251.7
-47263.4
-47259.3
-1417.42
-4197.94
-6897.05
-9492.51
-11976.6
-14347.3
-16605.7
-18755
-20799.2
-22742.8
-24590
-26345
-28011.8
-29594.1
-31094.9
-32517.5
-33864.3
-35137.9
-36340.3
-37473.6
-38539.3
-39539.1
-40474.3
-41346
-42155.3
-42903
-43589.9
-44216.5
-44783.4
-45291
-45739.4
-46129
-46459.8
-46732
-46945.9
-47102.2
-47202.6
-47251.3
-47263
-47258.9
-1417.39
-4197.85
-6896.91
-9492.33
-11976.4
-14347
-16605.4
-18754.7
-20798.9
-22742.4
-24589.6
-26344.7
-28011.5
-29593.7
-31094.6
-32517.1
-33863.9
-35137.5
-36339.9
-37473.2
-38539
-39538.8
-40474
-41345.7
-42155
-42902.7
-43589.5
-44216.2
-44783.1
-45290.6
-45739.1
-46128.6
-46459.4
-46731.6
-46945.5
-47101.8
-47202.2
-47250.9
-47262.7
-47258.5
-1417.37
-4197.79
-6896.81
-9492.19
-11976.2
-14346.8
-16605.2
-18754.5
-20798.7
-22742.2
-24589.4
-26344.4
-28011.3
-29593.5
-31094.3
-32516.8
-33863.7
-35137.2
-36339.7
-37472.9
-38538.7
-39538.5
-40473.7
-41345.4
-42154.7
-42902.4
-43589.3
-44215.9
-44782.8
-45290.3
-45738.8
-46128.3
-46459.1
-46731.3
-46945.2
-47101.5
-47201.9
-47250.6
-47262.3
-47258.2
-1417.39
-4197.79
-6896.79
-9492.16
-11976.2
-14346.8
-16605.1
-18754.4
-20798.6
-22742.1
-24589.3
-26344.3
-28011.2
-29593.4
-31094.2
-32516.7
-33863.6
-35137.1
-36339.6
-37472.8
-38538.6
-39538.4
-40473.6
-41345.3
-42154.6
-42902.3
-43589.2
-44215.8
-44782.7
-45290.2
-45738.7
-46128.2
-46459
-46731.2
-46945.1
-47101.4
-47201.8
-47250.4
-47262.1
-47258
-1546.76
-4549.61
-7434.03
-10181
-12788.3
-15259.2
-17599.6
-19816.5
-21917
-23907.5
-25794.5
-27583.3
-29279
-30886
-32408.4
-33849.5
-35212.5
-36500.2
-37714.9
-38858.8
-39933.9
-40941.6
-41883.6
-42761
-43574.9
-44326.3
-45015.8
-45644
-46211.3
-46718.1
-47164.4
-47550.1
-47875
-48138.7
-48340.5
-48479.7
-48555.9
-48577.1
-48561.8
-48535
-1546.81
-4549.74
-7434.19
-10181.2
-12788.5
-15259.4
-17599.9
-19816.8
-21917.2
-23907.8
-25794.7
-27583.6
-29279.3
-30886.3
-32408.7
-33849.8
-35212.8
-36500.5
-37715.2
-38859.1
-39934.2
-40941.9
-41883.9
-42761.3
-43575.3
-44326.6
-45016.1
-45644.3
-46211.6
-46718.4
-47164.7
-47550.4
-47875.3
-48139
-48340.8
-48480
-48556.2
-48577.4
-48562.1
-48535.3
-1546.87
-4549.89
-7434.42
-10181.5
-12788.8
-15259.8
-17600.3
-19817.2
-21917.6
-23908.2
-25795.2
-27584
-29279.7
-30886.8
-32409.1
-33850.3
-35213.3
-36500.9
-37715.7
-38859.6
-39934.6
-40942.4
-41884.4
-42761.8
-43575.7
-44327.1
-45016.5
-45644.8
-46212.1
-46718.9
-47165.1
-47550.9
-47875.8
-48139.4
-48341.2
-48480.5
-48556.7
-48577.9
-48562.6
-48535.7
-1546.92
-4550.04
-7434.65
-10181.8
-12789.2
-15260.2
-17600.7
-19817.6
-21918.1
-23908.7
-25795.6
-27584.5
-29280.2
-30887.3
-32409.6
-33850.8
-35213.8
-36501.5
-37716.2
-38860.1
-39935.1
-40942.9
-41884.9
-42762.3
-43576.2
-44327.6
-45017.1
-45645.3
-46212.6
-46719.4
-47165.7
-47551.4
-47876.3
-48140
-48341.8
-48481
-48557.2
-48578.4
-48563.1
-48536.2
-1546.97
-4550.17
-7434.85
-10182
-12789.5
-15260.5
-17601.1
-19818
-21918.5
-23909.1
-25796.1
-27585
-29280.7
-30887.8
-32410.1
-33851.3
-35214.3
-36502
-37716.7
-38860.6
-39935.7
-40943.4
-41885.4
-42762.8
-43576.8
-44328.1
-45017.6
-45645.8
-46213.1
-46719.9
-47166.2
-47551.9
-47876.8
-48140.5
-48342.3
-48481.5
-48557.7
-48578.9
-48563.6
-48536.7
-1547
-4550.28
-7435.03
-10182.3
-12789.8
-15260.8
-17601.4
-19818.4
-21918.9
-23909.6
-25796.5
-27585.4
-29281.1
-30888.2
-32410.6
-33851.7
-35214.8
-36502.4
-37717.2
-38861.1
-39936.1
-40943.9
-41885.9
-42763.3
-43577.3
-44328.6
-45018.1
-45646.3
-46213.6
-46720.4
-47166.7
-47552.4
-47877.3
-48141
-48342.8
-48482
-48558.2
-48579.3
-48564
-48537.2
-1547.04
-4550.38
-7435.18
-10182.5
-12790
-15261.1
-17601.7
-19818.8
-21919.3
-23909.9
-25796.9
-27585.8
-29281.6
-30888.7
-32411
-33852.2
-35215.2
-36502.9
-37717.6
-38861.6
-39936.6
-40944.4
-41886.4
-42763.8
-43577.7
-44329.1
-45018.5
-45646.7
-46214.1
-46720.9
-47167.1
-47552.8
-47877.8
-48141.4
-48343.2
-48482.4
-48558.6
-48579.8
-48564.5
-48537.6
-1547.06
-4550.46
-7435.31
-10182.6
-12790.2
-15261.4
-17602
-19819.1
-21919.6
-23910.3
-25797.3
-27586.2
-29281.9
-30889
-32411.4
-33852.6
-35215.6
-36503.3
-37718
-38862
-39937
-40944.8
-41886.8
-42764.2
-43578.1
-44329.5
-45019
-45647.2
-46214.5
-46721.3
-47167.6
-47553.3
-47878.2
-48141.8
-48343.6
-48482.8
-48559
-48580.2
-48564.9
-48538
-1547.09
-4550.52
-7435.42
-10182.8
-12790.4
-15261.6
-17602.2
-19819.3
-21919.9
-23910.6
-25797.6
-27586.5
-29282.3
-30889.4
-32411.8
-33852.9
-35216
-36503.7
-37718.4
-38862.3
-39937.4
-40945.2
-41887.1
-42764.6
-43578.5
-44329.8
-45019.3
-45647.5
-46214.9
-46721.7
-47167.9
-47553.6
-47878.5
-48142.2
-48344
-48483.2
-48559.4
-48580.6
-48565.2
-48538.4
-1547.1
-4550.58
-7435.51
-10182.9
-12790.6
-15261.7
-17602.4
-19819.5
-21920.1
-23910.8
-25797.9
-27586.8
-29282.6
-30889.7
-32412.1
-33853.2
-35216.3
-36504
-37718.7
-38862.7
-39937.7
-40945.5
-41887.5
-42764.9
-43578.8
-44330.2
-45019.7
-45647.9
-46215.2
-46722
-47168.3
-47554
-47878.9
-48142.5
-48344.3
-48483.5
-48559.7
-48580.9
-48565.6
-48538.7
-1547.12
-4550.62
-7435.58
-10183
-12790.7
-15261.9
-17602.6
-19819.7
-21920.3
-23911
-25798.1
-27587
-29282.8
-30889.9
-32412.3
-33853.5
-35216.6
-36504.3
-37719
-38863
-39938
-40945.8
-41887.8
-42765.2
-43579.1
-44330.5
-45020
-45648.2
-46215.5
-46722.3
-47168.6
-47554.3
-47879.2
-48142.8
-48344.6
-48483.8
-48560
-48581.2
-48565.9
-48539
-1547.13
-4550.66
-7435.64
-10183.1
-12790.8
-15262
-17602.7
-19819.9
-21920.5
-23911.2
-25798.3
-27587.2
-29283
-30890.2
-32412.6
-33853.7
-35216.8
-36504.5
-37719.3
-38863.2
-39938.2
-40946
-41888
-42765.5
-43579.4
-44330.7
-45020.2
-45648.4
-46215.8
-46722.6
-47168.8
-47554.5
-47879.4
-48143.1
-48344.9
-48484.1
-48560.3
-48581.4
-48566.1
-48539.3
-1547.14
-4550.69
-7435.7
-10183.2
-12790.9
-15262.1
-17602.9
-19820
-21920.6
-23911.4
-25798.5
-27587.4
-29283.2
-30890.3
-32412.8
-33853.9
-35217
-36504.7
-37719.5
-38863.4
-39938.5
-40946.3
-41888.2
-42765.7
-43579.6
-44331
-45020.5
-45648.7
-46216
-46722.8
-47169.1
-47554.8
-47879.7
-48143.3
-48345.1
-48484.3
-48560.5
-48581.7
-48566.4
-48539.5
-1547.15
-4550.72
-7435.74
-10183.2
-12791
-15262.2
-17603
-19820.1
-21920.8
-23911.5
-25798.6
-27587.6
-29283.4
-30890.5
-32412.9
-33854.1
-35217.2
-36504.9
-37719.7
-38863.6
-39938.7
-40946.5
-41888.4
-42765.9
-43579.8
-44331.2
-45020.6
-45648.9
-46216.2
-46723
-47169.2
-47555
-47879.9
-48143.5
-48345.3
-48484.5
-48560.7
-48581.9
-48566.5
-48539.7
-1547.16
-4550.74
-7435.78
-10183.3
-12791
-15262.3
-17603.1
-19820.2
-21920.9
-23911.7
-25798.7
-27587.7
-29283.5
-30890.7
-32413.1
-33854.3
-35217.3
-36505
-37719.8
-38863.8
-39938.8
-40946.6
-41888.6
-42766
-43580
-44331.3
-45020.8
-45649
-46216.4
-46723.1
-47169.4
-47555.1
-47880
-48143.7
-48345.5
-48484.7
-48560.9
-48582
-48566.7
-48539.9
-1547.16
-4550.76
-7435.81
-10183.3
-12791.1
-15262.4
-17603.1
-19820.3
-21921
-23911.7
-25798.8
-27587.8
-29283.6
-30890.8
-32413.2
-33854.4
-35217.5
-36505.2
-37719.9
-38863.9
-39939
-40946.8
-41888.7
-42766.2
-43580.1
-44331.5
-45021
-45649.2
-46216.5
-46723.3
-47169.6
-47555.3
-47880.2
-48143.8
-48345.6
-48484.8
-48561
-48582.2
-48566.9
-48540
-1547.17
-4550.77
-7435.83
-10183.4
-12791.1
-15262.4
-17603.2
-19820.4
-21921
-23911.8
-25798.9
-27587.9
-29283.7
-30890.9
-32413.3
-33854.5
-35217.6
-36505.3
-37720
-38864
-39939.1
-40946.9
-41888.8
-42766.3
-43580.2
-44331.6
-45021.1
-45649.3
-46216.6
-46723.4
-47169.7
-47555.4
-47880.3
-48143.9
-48345.7
-48484.9
-48561.1
-48582.3
-48567
-48540.1
-1547.17
-4550.78
-7435.85
-10183.4
-12791.1
-15262.4
-17603.2
-19820.4
-21921.1
-23911.9
-25799
-27587.9
-29283.8
-30890.9
-32413.4
-33854.6
-35217.6
-36505.4
-37720.1
-38864.1
-39939.1
-40946.9
-41888.9
-42766.4
-43580.3
-44331.7
-45021.1
-45649.4
-46216.7
-46723.5
-47169.8
-47555.5
-47880.4
-48144
-48345.8
-48485
-48561.2
-48582.4
-48567
-48540.2
-1547.18
-4550.79
-7435.86
-10183.4
-12791.2
-15262.5
-17603.3
-19820.5
-21921.1
-23911.9
-25799
-27588
-29283.8
-30891
-32413.4
-33854.6
-35217.7
-36505.4
-37720.2
-38864.1
-39939.2
-40947
-41889
-42766.4
-43580.4
-44331.7
-45021.2
-45649.4
-46216.8
-46723.5
-47169.8
-47555.5
-47880.4
-48144.1
-48345.9
-48485.1
-48561.2
-48582.4
-48567.1
-48540.2
-1547.18
-4550.79
-7435.87
-10183.4
-12791.2
-15262.5
-17603.3
-19820.5
-21921.1
-23911.9
-25799
-27588
-29283.8
-30891
-32413.4
-33854.6
-35217.7
-36505.4
-37720.2
-38864.2
-39939.2
-40947
-41889
-42766.5
-43580.4
-44331.7
-45021.2
-45649.5
-46216.8
-46723.6
-47169.8
-47555.6
-47880.5
-48144.1
-48345.9
-48485.1
-48561.3
-48582.5
-48567.1
-48540.3
-1547.18
-4550.79
-7435.87
-10183.4
-12791.2
-15262.5
-17603.3
-19820.5
-21921.1
-23911.9
-25799
-27588
-29283.8
-30891
-32413.4
-33854.6
-35217.7
-36505.4
-37720.2
-38864.2
-39939.2
-40947
-41889
-42766.5
-43580.4
-44331.8
-45021.2
-45649.5
-46216.8
-46723.6
-47169.9
-47555.6
-47880.5
-48144.1
-48345.9
-48485.1
-48561.3
-48582.5
-48567.2
-48540.3
-1547.18
-4550.79
-7435.86
-10183.4
-12791.2
-15262.5
-17603.3
-19820.5
-21921.1
-23911.9
-25799
-27588
-29283.8
-30891
-32413.4
-33854.6
-35217.7
-36505.4
-37720.2
-38864.2
-39939.2
-40947
-41889
-42766.4
-43580.4
-44331.7
-45021.2
-45649.4
-46216.8
-46723.6
-47169.8
-47555.5
-47880.5
-48144.1
-48345.9
-48485.1
-48561.3
-48582.5
-48567.1
-48540.3
-1547.17
-4550.79
-7435.85
-10183.4
-12791.2
-15262.5
-17603.2
-19820.4
-21921.1
-23911.9
-25799
-27588
-29283.8
-30891
-32413.4
-33854.6
-35217.7
-36505.4
-37720.2
-38864.1
-39939.2
-40947
-41889
-42766.4
-43580.3
-44331.7
-45021.2
-45649.4
-46216.8
-46723.5
-47169.8
-47555.5
-47880.4
-48144.1
-48345.9
-48485
-48561.2
-48582.4
-48567.1
-48540.2
-1547.17
-4550.78
-7435.84
-10183.4
-12791.1
-15262.4
-17603.2
-19820.4
-21921.1
-23911.8
-25798.9
-27587.9
-29283.7
-30890.9
-32413.3
-33854.5
-35217.6
-36505.3
-37720.1
-38864.1
-39939.1
-40946.9
-41888.9
-42766.3
-43580.3
-44331.6
-45021.1
-45649.3
-46216.7
-46723.5
-47169.7
-47555.4
-47880.3
-48144
-48345.8
-48485
-48561.2
-48582.3
-48567
-48540.2
-1547.17
-4550.76
-7435.82
-10183.3
-12791.1
-15262.4
-17603.2
-19820.4
-21921
-23911.8
-25798.9
-27587.8
-29283.7
-30890.8
-32413.2
-33854.4
-35217.5
-36505.2
-37720
-38864
-39939
-40946.8
-41888.8
-42766.2
-43580.2
-44331.5
-45021
-45649.2
-46216.6
-46723.4
-47169.6
-47555.3
-47880.2
-48143.9
-48345.7
-48484.9
-48561.1
-48582.2
-48566.9
-48540.1
-1547.16
-4550.75
-7435.79
-10183.3
-12791
-15262.3
-17603.1
-19820.3
-21920.9
-23911.7
-25798.8
-27587.7
-29283.6
-30890.7
-32413.1
-33854.3
-35217.4
-36505.1
-37719.9
-38863.8
-39938.9
-40946.7
-41888.7
-42766.1
-43580.1
-44331.4
-45020.9
-45649.1
-46216.5
-46723.2
-47169.5
-47555.2
-47880.1
-48143.8
-48345.6
-48484.8
-48560.9
-48582.1
-48566.8
-48539.9
-1547.15
-4550.73
-7435.75
-10183.3
-12791
-15262.3
-17603
-19820.2
-21920.8
-23911.6
-25798.7
-27587.6
-29283.4
-30890.6
-32413
-33854.2
-35217.3
-36505
-37719.7
-38863.7
-39938.7
-40946.5
-41888.5
-42766
-43579.9
-44331.3
-45020.7
-45649
-46216.3
-46723.1
-47169.4
-47555.1
-47880
-48143.6
-48345.4
-48484.6
-48560.8
-48582
-48566.7
-48539.8
-1547.15
-4550.7
-7435.71
-10183.2
-12790.9
-15262.2
-17602.9
-19820.1
-21920.7
-23911.4
-25798.5
-27587.5
-29283.3
-30890.4
-32412.8
-33854
-35217.1
-36504.8
-37719.6
-38863.5
-39938.6
-40946.4
-41888.4
-42765.8
-43579.7
-44331.1
-45020.6
-45648.8
-46216.1
-46722.9
-47169.2
-47554.9
-47879.8
-48143.4
-48345.2
-48484.4
-48560.6
-48581.8
-48566.5
-48539.6
-1547.13
-4550.67
-7435.66
-10183.1
-12790.8
-15262.1
-17602.8
-19819.9
-21920.5
-23911.3
-25798.3
-27587.3
-29283.1
-30890.2
-32412.6
-33853.8
-35216.9
-36504.6
-37719.3
-38863.3
-39938.4
-40946.2
-41888.1
-42765.6
-43579.5
-44330.9
-45020.4
-45648.6
-46215.9
-46722.7
-47169
-47554.7
-47879.6
-48143.2
-48345
-48484.2
-48560.4
-48581.6
-48566.3
-48539.4
-1547.12
-4550.63
-7435.6
-10183
-12790.7
-15261.9
-17602.6
-19819.8
-21920.4
-23911.1
-25798.2
-27587.1
-29282.9
-30890
-32412.4
-33853.6
-35216.7
-36504.4
-37719.1
-38863.1
-39938.1
-40945.9
-41887.9
-42765.3
-43579.3
-44330.6
-45020.1
-45648.3
-46215.7
-46722.4
-47168.7
-47554.4
-47879.3
-48143
-48344.8
-48484
-48560.2
-48581.3
-48566
-48539.2
-1547.11
-4550.59
-7435.52
-10182.9
-12790.6
-15261.8
-17602.5
-19819.6
-21920.2
-23910.9
-25797.9
-27586.8
-29282.6
-30889.8
-32412.2
-33853.3
-35216.4
-36504.1
-37718.8
-38862.8
-39937.8
-40945.6
-41887.6
-42765
-43579
-44330.3
-45019.8
-45648
-46215.4
-46722.1
-47168.4
-47554.1
-47879
-48142.7
-48344.5
-48483.7
-48559.9
-48581.1
-48565.7
-48538.9
-1547.09
-4550.53
-7435.43
-10182.8
-12790.4
-15261.6
-17602.3
-19819.4
-21919.9
-23910.6
-25797.7
-27586.6
-29282.4
-30889.5
-32411.9
-33853
-35216.1
-36503.8
-37718.5
-38862.5
-39937.5
-40945.3
-41887.3
-42764.7
-43578.6
-44330
-45019.5
-45647.7
-46215.1
-46721.8
-47168.1
-47553.8
-47878.7
-48142.4
-48344.2
-48483.4
-48559.6
-48580.7
-48565.4
-48538.6
-1547.07
-4550.47
-7435.33
-10182.7
-12790.3
-15261.4
-17602
-19819.1
-21919.7
-23910.3
-25797.4
-27586.2
-29282
-30889.1
-32411.5
-33852.7
-35215.7
-36503.4
-37718.2
-38862.1
-39937.1
-40944.9
-41886.9
-42764.3
-43578.3
-44329.6
-45019.1
-45647.3
-46214.7
-46721.5
-47167.7
-47553.4
-47878.3
-48142
-48343.8
-48483
-48559.2
-48580.4
-48565.1
-48538.2
-1547.04
-4550.39
-7435.2
-10182.5
-12790
-15261.2
-17601.8
-19818.8
-21919.3
-23910
-25797
-27585.9
-29281.7
-30888.8
-32411.1
-33852.3
-35215.3
-36503
-37717.8
-38861.7
-39936.7
-40944.5
-41886.5
-42763.9
-43577.9
-44329.2
-45018.7
-45646.9
-46214.3
-46721
-47167.3
-47553
-47877.9
-48141.6
-48343.4
-48482.6
-48558.8
-48580
-48564.7
-48537.8
-1547.01
-4550.29
-7435.05
-10182.3
-12789.8
-15260.9
-17601.5
-19818.5
-21919
-23909.6
-25796.6
-27585.5
-29281.2
-30888.3
-32410.7
-33851.9
-35214.9
-36502.6
-37717.3
-38861.3
-39936.3
-40944.1
-41886.1
-42763.5
-43577.4
-44328.8
-45018.3
-45646.5
-46213.8
-46720.6
-47166.9
-47552.6
-47877.5
-48141.1
-48342.9
-48482.1
-48558.3
-48579.5
-48564.2
-48537.4
-1546.97
-4550.18
-7434.87
-10182.1
-12789.5
-15260.6
-17601.1
-19818.1
-21918.6
-23909.2
-25796.2
-27585
-29280.8
-30887.9
-32410.2
-33851.4
-35214.4
-36502.1
-37716.8
-38860.8
-39935.8
-40943.6
-41885.6
-42763
-43576.9
-44328.3
-45017.8
-45646
-46213.3
-46720.1
-47166.4
-47552.1
-47877
-48140.7
-48342.5
-48481.7
-48557.9
-48579.1
-48563.7
-48536.9
-1546.92
-4550.05
-7434.67
-10181.8
-12789.2
-15260.2
-17600.7
-19817.7
-21918.1
-23908.8
-25795.7
-27584.6
-29280.3
-30887.4
-32409.7
-33850.9
-35213.9
-36501.6
-37716.3
-38860.3
-39935.3
-40943.1
-41885
-42762.5
-43576.4
-44327.7
-45017.2
-45645.4
-46212.8
-46719.6
-47165.8
-47551.6
-47876.5
-48140.1
-48341.9
-48481.1
-48557.3
-48578.5
-48563.2
-48536.4
-1546.87
-4549.9
-7434.44
-10181.5
-12788.9
-15259.8
-17600.3
-19817.3
-21917.7
-23908.3
-25795.2
-27584.1
-29279.8
-30886.9
-32409.2
-33850.4
-35213.4
-36501.1
-37715.8
-38859.7
-39934.8
-40942.5
-41884.5
-42761.9
-43575.9
-44327.2
-45016.7
-45644.9
-46212.3
-46719
-47165.3
-47551
-47876
-48139.6
-48341.4
-48480.6
-48556.8
-48578
-48562.7
-48535.9
-1546.81
-4549.74
-7434.2
-10181.2
-12788.5
-15259.5
-17599.9
-19816.9
-21917.3
-23907.9
-25794.8
-27583.6
-29279.4
-30886.4
-32408.8
-33849.9
-35213
-36500.6
-37715.3
-38859.3
-39934.3
-40942.1
-41884.1
-42761.5
-43575.4
-44326.8
-45016.2
-45644.5
-46211.8
-46718.6
-47164.9
-47550.6
-47875.5
-48139.2
-48340.9
-48480.1
-48556.3
-48577.5
-48562.3
-48535.4
-1546.75
-4549.61
-7434.02
-10181
-12788.3
-15259.2
-17599.7
-19816.6
-21917
-23907.6
-25794.5
-27583.3
-29279.1
-30886.1
-32408.5
-33849.6
-35212.6
-36500.3
-37715
-38859
-39934
-40941.8
-41883.7
-42761.2
-43575.1
-44326.4
-45015.9
-45644.1
-46211.5
-46718.3
-47164.5
-47550.3
-47875.2
-48138.8
-48340.6
-48479.8
-48556
-48577.1
-48561.9
-48535.1
-1699.16
-4952.1
-8034.14
-10934.9
-13662.2
-16227.4
-18643
-20920.6
-23070.5
-25102
-27023.1
-28840.7
-30560.9
-32188.9
-33729.2
-35185.8
-36562.3
-37861.6
-39086.5
-40239.2
-41321.8
-42336.1
-43283.6
-44165.7
-44983.4
-45737.6
-46429.1
-47058.5
-47626.1
-48131.9
-48576.1
-48958.2
-49277.7
-49533.5
-49723.9
-49846.5
-49902
-49898
-49849.4
-49788.9
-1699.33
-4952.44
-8034.56
-10935.4
-13662.7
-16228
-18643.6
-20921.1
-23071.1
-25102.6
-27023.7
-28841.3
-30561.5
-32189.5
-33729.8
-35186.4
-36562.9
-37862.2
-39087.1
-40239.8
-41322.4
-42336.8
-43284.3
-44166.3
-44984
-45738.2
-46429.8
-47059.1
-47626.7
-48132.6
-48576.7
-48958.9
-49278.3
-49534.1
-49724.5
-49847.1
-49902.6
-49898.6
-49849.9
-49789.4
-1699.45
-4952.73
-8034.98
-10935.9
-13663.2
-16228.6
-18644.2
-20921.8
-23071.8
-25103.3
-27024.4
-28842
-30562.2
-32190.2
-33730.5
-35187.2
-36563.6
-37863
-39087.8
-40240.6
-41323.2
-42337.5
-43285
-44167
-44984.7
-45739
-46430.5
-47059.9
-47627.4
-48133.3
-48577.5
-48959.6
-49279.1
-49534.8
-49725.3
-49847.8
-49903.3
-49899.3
-49850.6
-49790
-1699.53
-4952.96
-8035.33
-10936.4
-13663.7
-16229.1
-18644.8
-20922.4
-23072.4
-25103.9
-27025.1
-28842.7
-30562.9
-32190.9
-33731.2
-35187.9
-36564.3
-37863.7
-39088.5
-40241.3
-41323.9
-42338.2
-43285.7
-44167.8
-44985.5
-45739.7
-46431.2
-47060.6
-47628.1
-48134
-48578.2
-48960.3
-49279.8
-49535.6
-49726
-49848.5
-49904
-49900
-49851.3
-49790.7
-1699.59
-4953.15
-8035.61
-10936.7
-13664.2
-16229.6
-18645.3
-20923
-23073
-25104.5
-27025.7
-28843.3
-30563.5
-32191.5
-33731.9
-35188.5
-36565
-37864.3
-39089.2
-40241.9
-41324.6
-42338.9
-43286.4
-44168.4
-44986.1
-45740.4
-46431.9
-47061.3
-47628.8
-48134.7
-48578.9
-48961
-49280.5
-49536.2
-49726.6
-49849.2
-49904.7
-49900.6
-49851.9
-49791.3
-1699.64
-4953.29
-8035.84
-10937
-13664.5
-16230
-18645.8
-20923.4
-23073.5
-25105.1
-27026.2
-28843.9
-30564.1
-32192.1
-33732.4
-35189.1
-36565.6
-37864.9
-39089.8
-40242.5
-41325.2
-42339.5
-43287
-44169
-44986.7
-45741
-46432.5
-47061.9
-47629.4
-48135.3
-48579.5
-48961.6
-49281.1
-49536.8
-49727.2
-49849.8
-49905.2
-49901.2
-49852.5
-49791.9
-1699.68
-4953.41
-8036.03
-10937.3
-13664.8
-16230.4
-18646.1
-20923.8
-23073.9
-25105.5
-27026.7
-28844.4
-30564.6
-32192.6
-33732.9
-35189.6
-36566.1
-37865.5
-39090.3
-40243.1
-41325.7
-42340
-43287.5
-44169.6
-44987.3
-45741.5
-46433
-47062.4
-47630
-48135.8
-48580
-48962.1
-49281.6
-49537.3
-49727.8
-49850.3
-49905.8
-49901.7
-49853
-49792.4
-1699.71
-4953.5
-8036.18
-10937.5
-13665.1
-16230.6
-18646.5
-20924.2
-23074.3
-25105.9
-27027.1
-28844.8
-30565
-32193
-33733.4
-35190.1
-36566.6
-37865.9
-39090.8
-40243.5
-41326.2
-42340.5
-43288
-44170.1
-44987.7
-45742
-46433.5
-47062.9
-47630.4
-48136.3
-48580.5
-48962.6
-49282.1
-49537.8
-49728.2
-49850.8
-49906.2
-49902.2
-49853.5
-49792.8
-1699.74
-4953.58
-8036.3
-10937.6
-13665.3
-16230.9
-18646.7
-20924.5
-23074.6
-25106.2
-27027.4
-28845.1
-30565.4
-32193.4
-33733.8
-35190.5
-36567
-37866.3
-39091.2
-40243.9
-41326.6
-42340.9
-43288.4
-44170.5
-44988.2
-45742.4
-46433.9
-47063.3
-47630.9
-48136.7
-48580.9
-48963
-49282.5
-49538.2
-49728.6
-49851.2
-49906.6
-49902.6
-49853.9
-49793.2
-1699.76
-4953.64
-8036.4
-10937.8
-13665.5
-16231.1
-18647
-20924.7
-23074.9
-25106.5
-27027.7
-28845.4
-30565.7
-32193.7
-33734.1
-35190.8
-36567.3
-37866.7
-39091.6
-40244.3
-41326.9
-42341.3
-43288.8
-44170.8
-44988.5
-45742.8
-46434.3
-47063.7
-47631.2
-48137.1
-48581.3
-48963.4
-49282.9
-49538.6
-49729
-49851.6
-49907
-49903
-49854.2
-49793.6
-1699.78
-4953.69
-8036.49
-10937.9
-13665.6
-16231.2
-18647.2
-20924.9
-23075.1
-25106.8
-27028
-28845.7
-30566
-32194
-33734.4
-35191.1
-36567.6
-37867
-39091.9
-40244.6
-41327.3
-42341.6
-43289.1
-44171.2
-44988.9
-45743.1
-46434.6
-47064
-47631.5
-48137.4
-48581.6
-48963.7
-49283.2
-49538.9
-49729.3
-49851.9
-49907.3
-49903.3
-49854.5
-49793.9
-1699.79
-4953.73
-8036.56
-10938
-13665.7
-16231.4
-18647.3
-20925.1
-23075.3
-25107
-27028.2
-28845.9
-30566.2
-32194.3
-33734.6
-35191.4
-36567.9
-37867.2
-39092.1
-40244.9
-41327.5
-42341.9
-43289.4
-44171.4
-44989.1
-45743.4
-46434.9
-47064.3
-47631.8
-48137.7
-48581.9
-48964
-49283.5
-49539.2
-49729.6
-49852.2
-49907.6
-49903.6
-49854.8
-49794.2
-1699.8
-4953.77
-8036.61
-10938.1
-13665.8
-16231.5
-18647.4
-20925.3
-23075.4
-25107.1
-27028.4
-28846.1
-30566.4
-32194.5
-33734.9
-35191.6
-36568.1
-37867.5
-39092.4
-40245.1
-41327.8
-42342.1
-43289.6
-44171.7
-44989.4
-45743.6
-46435.2
-47064.5
-47632.1
-48138
-48582.1
-48964.2
-49283.7
-49539.4
-49729.9
-49852.4
-49907.8
-49903.8
-49855.1
-49794.4
-1699.81
-4953.8
-8036.66
-10938.1
-13665.9
-16231.6
-18647.6
-20925.4
-23075.6
-25107.3
-27028.5
-28846.3
-30566.6
-32194.6
-33735
-35191.8
-36568.3
-37867.7
-39092.6
-40245.3
-41328
-42342.3
-43289.8
-44171.9
-44989.6
-45743.8
-46435.4
-47064.7
-47632.3
-48138.2
-48582.3
-48964.5
-49283.9
-49539.7
-49730.1
-49852.6
-49908
-49904
-49855.3
-49794.6
-1699.82
-4953.82
-8036.7
-10938.2
-13666
-16231.7
-18647.7
-20925.5
-23075.7
-25107.4
-27028.7
-28846.4
-30566.7
-32194.8
-33735.2
-35191.9
-36568.5
-37867.8
-39092.7
-40245.5
-41328.1
-42342.5
-43290
-44172.1
-44989.8
-45744
-46435.5
-47064.9
-47632.5
-48138.3
-48582.5
-48964.6
-49284.1
-49539.8
-49730.2
-49852.8
-49908.2
-49904.2
-49855.4
-49794.8
-1699.83
-4953.84
-8036.73
-10938.2
-13666
-16231.7
-18647.7
-20925.6
-23075.8
-25107.5
-27028.8
-28846.5
-30566.8
-32194.9
-33735.3
-35192
-36568.6
-37868
-39092.9
-40245.6
-41328.3
-42342.6
-43290.1
-44172.2
-44989.9
-45744.2
-46435.7
-47065.1
-47632.6
-48138.5
-48582.7
-48964.8
-49284.2
-49540
-49730.4
-49852.9
-49908.4
-49904.3
-49855.6
-49795
-1699.83
-4953.85
-8036.76
-10938.3
-13666.1
-16231.8
-18647.8
-20925.6
-23075.9
-25107.6
-27028.9
-28846.6
-30566.9
-32195
-33735.4
-35192.2
-36568.7
-37868.1
-39093
-40245.7
-41328.4
-42342.7
-43290.3
-44172.3
-44990
-45744.3
-46435.8
-47065.2
-47632.7
-48138.6
-48582.8
-48964.9
-49284.4
-49540.1
-49730.5
-49853.1
-49908.5
-49904.5
-49855.7
-49795.1
-1699.84
-4953.86
-8036.77
-10938.3
-13666.1
-16231.8
-18647.8
-20925.7
-23075.9
-25107.6
-27028.9
-28846.7
-30567
-32195.1
-33735.5
-35192.2
-36568.8
-37868.2
-39093.1
-40245.8
-41328.5
-42342.8
-43290.3
-44172.4
-44990.1
-45744.4
-46435.9
-47065.3
-47632.8
-48138.7
-48582.9
-48965
-49284.4
-49540.2
-49730.6
-49853.1
-49908.6
-49904.5
-49855.8
-49795.2
-1699.84
-4953.87
-8036.79
-10938.3
-13666.1
-16231.9
-18647.9
-20925.7
-23075.9
-25107.7
-27029
-28846.7
-30567.1
-32195.1
-33735.5
-35192.3
-36568.8
-37868.2
-39093.1
-40245.9
-41328.5
-42342.9
-43290.4
-44172.5
-44990.2
-45744.4
-46436
-47065.3
-47632.9
-48138.8
-48582.9
-48965
-49284.5
-49540.3
-49730.7
-49853.2
-49908.6
-49904.6
-49855.9
-49795.2
-1699.84
-4953.88
-8036.79
-10938.3
-13666.1
-16231.9
-18647.9
-20925.7
-23076
-25107.7
-27029
-28846.8
-30567.1
-32195.2
-33735.6
-35192.3
-36568.9
-37868.2
-39093.1
-40245.9
-41328.6
-42342.9
-43290.4
-44172.5
-44990.2
-45744.5
-46436
-47065.4
-47632.9
-48138.8
-48583
-48965.1
-49284.5
-49540.3
-49730.7
-49853.2
-49908.7
-49904.6
-49855.9
-49795.3
-1699.84
-4953.88
-8036.79
-10938.3
-13666.1
-16231.9
-18647.9
-20925.8
-23076
-25107.7
-27029
-28846.8
-30567.1
-32195.2
-33735.6
-35192.3
-36568.9
-37868.2
-39093.2
-40245.9
-41328.6
-42342.9
-43290.4
-44172.5
-44990.2
-45744.5
-46436
-47065.4
-47632.9
-48138.8
-48583
-48965.1
-49284.5
-49540.3
-49730.7
-49853.2
-49908.7
-49904.6
-49855.9
-49795.3
-1699.84
-4953.87
-8036.79
-10938.3
-13666.1
-16231.9
-18647.9
-20925.7
-23076
-25107.7
-27029
-28846.8
-30567.1
-32195.1
-33735.6
-35192.3
-36568.8
-37868.2
-39093.1
-40245.9
-41328.6
-42342.9
-43290.4
-44172.5
-44990.2
-45744.4
-46436
-47065.3
-47632.9
-48138.8
-48583
-48965.1
-49284.5
-49540.3
-49730.7
-49853.2
-49908.7
-49904.6
-49855.9
-49795.3
-1699.84
-4953.87
-8036.78
-10938.3
-13666.1
-16231.8
-18647.8
-20925.7
-23075.9
-25107.7
-27028.9
-28846.7
-30567
-32195.1
-33735.5
-35192.3
-36568.8
-37868.2
-39093.1
-40245.9
-41328.5
-42342.8
-43290.4
-44172.4
-44990.1
-45744.4
-46435.9
-47065.3
-47632.9
-48138.7
-48582.9
-48965
-49284.5
-49540.2
-49730.6
-49853.2
-49908.6
-49904.6
-49855.8
-49795.2
-1699.83
-4953.86
-8036.76
-10938.3
-13666.1
-16231.8
-18647.8
-20925.7
-23075.9
-25107.6
-27028.9
-28846.7
-30567
-32195
-33735.5
-35192.2
-36568.7
-37868.1
-39093
-40245.8
-41328.4
-42342.8
-43290.3
-44172.4
-44990.1
-45744.3
-46435.9
-47065.2
-47632.8
-48138.7
-48582.8
-48965
-49284.4
-49540.2
-49730.6
-49853.1
-49908.5
-49904.5
-49855.8
-49795.1
-1699.83
-4953.84
-8036.74
-10938.2
-13666
-16231.8
-18647.7
-20925.6
-23075.8
-25107.5
-27028.8
-28846.6
-30566.9
-32195
-33735.4
-35192.1
-36568.6
-37868
-39092.9
-40245.7
-41328.3
-42342.7
-43290.2
-44172.3
-44990
-45744.2
-46435.8
-47065.1
-47632.7
-48138.6
-48582.7
-48964.9
-49284.3
-49540.1
-49730.5
-49853
-49908.4
-49904.4
-49855.7
-49795
-1699.82
-4953.83
-8036.71
-10938.2
-13666
-16231.7
-18647.7
-20925.5
-23075.7
-25107.4
-27028.7
-28846.5
-30566.8
-32194.8
-33735.3
-35192
-36568.5
-37867.9
-39092.8
-40245.6
-41328.2
-42342.5
-43290.1
-44172.1
-44989.8
-45744.1
-46435.6
-47065
-47632.6
-48138.4
-48582.6
-48964.7
-49284.2
-49539.9
-49730.3
-49852.9
-49908.3
-49904.3
-49855.5
-49794.9
-1699.82
-4953.8
-8036.67
-10938.1
-13665.9
-16231.6
-18647.6
-20925.4
-23075.6
-25107.3
-27028.6
-28846.4
-30566.6
-32194.7
-33735.1
-35191.8
-36568.4
-37867.7
-39092.6
-40245.4
-41328.1
-42342.4
-43289.9
-44172
-44989.7
-45743.9
-46435.5
-47064.8
-47632.4
-48138.3
-48582.4
-48964.6
-49284
-49539.8
-49730.2
-49852.7
-49908.2
-49904.1
-49855.4
-49794.8
-1699.81
-4953.78
-8036.63
-10938.1
-13665.8
-16231.5
-18647.5
-20925.3
-23075.5
-25107.2
-27028.4
-28846.2
-30566.5
-32194.5
-33734.9
-35191.7
-36568.2
-37867.6
-39092.5
-40245.2
-41327.9
-42342.2
-43289.7
-44171.8
-44989.5
-45743.7
-46435.3
-47064.6
-47632.2
-48138.1
-48582.2
-48964.4
-49283.8
-49539.6
-49730
-49852.5
-49908
-49903.9
-49855.2
-49794.6
-1699.8
-4953.74
-8036.57
-10938
-13665.7
-16231.4
-18647.4
-20925.2
-23075.3
-25107
-27028.3
-28846
-30566.3
-32194.3
-33734.7
-35191.4
-36568
-37867.3
-39092.2
-40245
-41327.6
-42342
-43289.5
-44171.6
-44989.3
-45743.5
-46435
-47064.4
-47632
-48137.9
-48582
-48964.1
-49283.6
-49539.3
-49729.8
-49852.3
-49907.7
-49903.7
-49855
-49794.3
-1699.78
-4953.7
-8036.5
-10937.9
-13665.6
-16231.3
-18647.2
-20925
-23075.1
-25106.8
-27028
-28845.8
-30566
-32194.1
-33734.5
-35191.2
-36567.7
-37867.1
-39092
-40244.7
-41327.4
-42341.7
-43289.2
-44171.3
-44989
-45743.2
-46434.8
-47064.1
-47631.7
-48137.6
-48581.7
-48963.9
-49283.3
-49539.1
-49729.5
-49852
-49907.5
-49903.4
-49854.7
-49794.1
-1699.76
-4953.65
-8036.42
-10937.8
-13665.5
-16231.1
-18647
-20924.8
-23074.9
-25106.6
-27027.8
-28845.5
-30565.8
-32193.8
-33734.2
-35190.9
-36567.4
-37866.8
-39091.7
-40244.4
-41327.1
-42341.4
-43288.9
-44171
-44988.7
-45742.9
-46434.5
-47063.8
-47631.4
-48137.3
-48581.4
-48963.6
-49283
-49538.8
-49729.2
-49851.7
-49907.2
-49903.1
-49854.4
-49793.8
-1699.74
-4953.59
-8036.32
-10937.7
-13665.3
-16230.9
-18646.8
-20924.5
-23074.6
-25106.3
-27027.5
-28845.2
-30565.5
-32193.5
-33733.9
-35190.6
-36567.1
-37866.4
-39091.3
-40244.1
-41326.7
-42341
-43288.6
-44170.6
-44988.3
-45742.6
-46434.1
-47063.5
-47631
-48136.9
-48581.1
-48963.2
-49282.7
-49538.4
-49728.8
-49851.4
-49906.8
-49902.8
-49854
-49793.4
-1699.72
-4953.51
-8036.2
-10937.5
-13665.1
-16230.7
-18646.5
-20924.2
-23074.3
-25106
-27027.2
-28844.9
-30565.1
-32193.1
-33733.5
-35190.2
-36566.7
-37866
-39090.9
-40243.7
-41326.3
-42340.6
-43288.1
-44170.2
-44987.9
-45742.1
-46433.7
-47063
-47630.6
-48136.5
-48580.7
-48962.8
-49282.2
-49538
-49728.4
-49851
-49906.4
-49902.4
-49853.6
-49793
-1699.69
-4953.42
-8036.04
-10937.3
-13664.9
-16230.4
-18646.2
-20923.9
-23074
-25105.6
-27026.8
-28844.4
-30564.7
-32192.7
-33733
-35189.7
-36566.2
-37865.6
-39090.5
-40243.2
-41325.8
-42340.1
-43287.7
-44169.7
-44987.4
-45741.7
-46433.2
-47062.6
-47630.1
-48136
-48580.2
-48962.3
-49281.8
-49537.5
-49727.9
-49850.5
-49905.9
-49901.9
-49853.2
-49792.6
-1699.65
-4953.3
-8035.86
-10937
-13664.6
-16230
-18645.8
-20923.5
-23073.5
-25105.1
-27026.3
-28844
-30564.2
-32192.2
-33732.5
-35189.2
-36565.7
-37865.1
-39089.9
-40242.7
-41325.3
-42339.6
-43287.1
-44169.2
-44986.9
-45741.1
-46432.7
-47062
-47629.6
-48135.5
-48579.6
-48961.8
-49281.2
-49537
-49727.4
-49850
-49905.4
-49901.4
-49852.7
-49792
-1699.6
-4953.15
-8035.62
-10936.7
-13664.2
-16229.6
-18645.4
-20923
-23073
-25104.6
-27025.7
-28843.4
-30563.6
-32191.6
-33731.9
-35188.6
-36565.1
-37864.5
-39089.3
-40242.1
-41324.7
-42339
-43286.5
-44168.6
-44986.3
-45740.5
-46432.1
-47061.4
-47629
-48134.9
-48579
-48961.2
-49280.6
-49536.4
-49726.8
-49849.4
-49904.8
-49900.8
-49852.1
-49791.5
-1699.53
-4952.97
-8035.33
-10936.4
-13663.8
-16229.1
-18644.8
-20922.5
-23072.4
-25104
-27025.1
-28842.8
-30563
-32191
-33731.3
-35188
-36564.5
-37863.8
-39088.7
-40241.4
-41324
-42338.3
-43285.9
-44167.9
-44985.6
-45739.8
-46431.4
-47060.8
-47628.3
-48134.2
-48578.4
-48960.5
-49280
-49535.7
-49726.1
-49848.7
-49904.2
-49900.2
-49851.5
-49790.8
-1699.44
-4952.73
-8034.97
-10935.9
-13663.2
-16228.6
-18644.2
-20921.8
-23071.8
-25103.3
-27024.4
-28842.1
-30562.3
-32190.3
-33730.6
-35187.2
-36563.7
-37863.1
-39087.9
-40240.7
-41323.3
-42337.6
-43285.1
-44167.2
-44984.9
-45739.1
-46430.6
-47060
-47627.6
-48133.5
-48577.6
-48959.8
-49279.2
-49535
-49725.4
-49848
-49903.5
-49899.5
-49850.8
-49790.2
-1699.32
-4952.42
-8034.54
-10935.4
-13662.7
-16228
-18643.6
-20921.1
-23071.1
-25102.6
-27023.7
-28841.4
-30561.5
-32189.5
-33729.8
-35186.5
-36563
-37862.3
-39087.2
-40239.9
-41322.5
-42336.8
-43284.4
-44166.4
-44984.1
-45738.4
-46429.9
-47059.3
-47626.8
-48132.7
-48576.9
-48959
-49278.5
-49534.2
-49724.7
-49847.2
-49902.7
-49898.8
-49850.1
-49789.5
-1699.12
-4952.04
-8034.07
-10934.9
-13662.1
-16227.4
-18643
-20920.5
-23070.5
-25102
-27023.1
-28840.7
-30560.9
-32188.9
-33729.2
-35185.8
-36562.3
-37861.6
-39086.5
-40239.2
-41321.9
-42336.2
-43283.7
-44165.7
-44983.4
-45737.7
-46429.2
-47058.6
-47626.1
-48132
-48576.2
-48958.3
-49277.8
-49533.6
-49724
-49846.5
-49902
-49898.1
-49849.5
-49789
-1881.38
-5409.45
-8691.99
-11738.9
-14574.4
-17221.7
-19700.9
-22028.6
-24218.8
-26283.2
-28231.6
-30071.9
-31811.3
-33455.6
-35009.9
-36478.6
-37865.5
-39173.8
-40406.5
-41566
-42654.4
-43673.7
-44625.4
-45511
-46331.5
-47087.9
-47781
-48411.1
-48978.7
-49483.8
-49926.2
-50305.4
-50620.4
-50869.9
-51051.5
-51163.2
-51204.9
-51178.3
-51093.4
-50986
-1881.78
-5410.19
-8692.89
-11739.9
-14575.5
-17222.8
-19702
-22029.7
-24220
-26284.4
-28232.7
-30073.1
-31812.5
-33456.8
-35011.1
-36479.8
-37866.7
-39175
-40407.7
-41567.2
-42655.6
-43674.9
-44626.7
-45512.2
-46332.7
-47089.2
-47782.2
-48412.3
-48979.9
-49485
-49927.4
-50306.6
-50621.6
-50871.1
-51052.7
-51164.4
-51206.1
-51179.4
-51094.5
-50986.9
-1881.99
-5410.69
-8693.58
-11740.7
-14576.4
-17223.8
-19703
-22030.7
-24221
-26285.5
-28233.8
-30074.2
-31813.6
-33457.9
-35012.2
-36480.9
-37867.8
-39176.2
-40408.8
-41568.3
-42656.7
-43676
-44627.8
-45513.3
-46333.9
-47090.3
-47783.3
-48413.5
-48981.1
-49486.2
-49928.5
-50307.7
-50622.8
-50872.3
-51053.9
-51165.5
-51207.2
-51180.4
-51095.5
-50987.9
-1882.12
-5411.03
-8694.09
-11741.3
-14577.1
-17224.5
-19703.8
-22031.6
-24221.9
-26286.4
-28234.7
-30075.1
-31814.5
-33458.9
-35013.2
-36481.9
-37868.8
-39177.1
-40409.8
-41569.3
-42657.7
-43677
-44628.8
-45514.3
-46334.8
-47091.3
-47784.3
-48414.5
-48982
-49487.1
-49929.5
-50308.7
-50623.7
-50873.2
-51054.8
-51166.5
-51208.1
-51181.3
-51096.4
-50988.7
-1882.2
-5411.27
-8694.46
-11741.8
-14577.6
-17225.2
-19704.4
-22032.3
-24222.6
-26287.1
-28235.5
-30075.9
-31815.3
-33459.7
-35014
-36482.7
-37869.6
-39177.9
-40410.6
-41570.1
-42658.5
-43677.8
-44629.6
-45515.2
-46335.7
-47092.1
-47785.1
-48415.3
-48982.9
-49488
-49930.3
-50309.5
-50624.6
-50874
-51055.6
-51167.3
-51208.9
-51182.1
-51097.1
-50989.5
-1882.26
-5411.45
-8694.74
-11742.2
-14578.1
-17225.7
-19705
-22032.8
-24223.2
-26287.7
-28236.1
-30076.6
-31816
-33460.3
-35014.7
-36483.4
-37870.3
-39178.6
-40411.3
-41570.8
-42659.3
-43678.6
-44630.3
-45515.9
-46336.4
-47092.8
-47785.8
-48416
-48983.6
-49488.7
-49931.1
-50310.2
-50625.3
-50874.7
-51056.3
-51168
-51209.6
-51182.8
-51097.8
-50990.1
-1882.31
-5411.59
-8694.96
-11742.5
-14578.4
-17226.1
-19705.4
-22033.3
-24223.7
-26288.3
-28236.7
-30077.1
-31816.5
-33460.9
-35015.3
-36484
-37870.9
-39179.2
-40411.9
-41571.4
-42659.9
-43679.2
-44630.9
-45516.5
-46337
-47093.4
-47786.5
-48416.6
-48984.2
-49489.3
-49931.7
-50310.8
-50625.9
-50875.4
-51056.9
-51168.6
-51210.2
-51183.4
-51098.4
-50990.7
-1882.35
-5411.7
-8695.14
-11742.7
-14578.7
-17226.4
-19705.8
-22033.7
-24224.1
-26288.7
-28237.1
-30077.6
-31817
-33461.4
-35015.7
-36484.5
-37871.4
-39179.7
-40412.4
-41571.9
-42660.4
-43679.7
-44631.4
-45517
-46337.5
-47094
-47787
-48417.2
-48984.7
-49489.8
-49932.2
-50311.4
-50626.4
-50875.9
-51057.5
-51169.1
-51210.7
-51183.9
-51098.9
-50991.2
-1882.38
-5411.78
-8695.27
-11742.9
-14578.9
-17226.6
-19706.1
-22034
-24224.5
-26289.1
-28237.5
-30078
-31817.4
-33461.8
-35016.2
-36484.9
-37871.8
-39180.2
-40412.9
-41572.4
-42660.8
-43680.1
-44631.9
-45517.5
-46338
-47094.4
-47787.4
-48417.6
-48985.2
-49490.3
-49932.7
-50311.8
-50626.9
-50876.3
-51057.9
-51169.5
-51211.2
-51184.4
-51099.3
-50991.7
-1882.4
-5411.85
-8695.39
-11743
-14579.1
-17226.9
-19706.3
-22034.3
-24224.8
-26289.4
-28237.8
-30078.3
-31817.8
-33462.2
-35016.5
-36485.3
-37872.2
-39180.6
-40413.3
-41572.8
-42661.2
-43680.5
-44632.3
-45517.9
-46338.4
-47094.8
-47787.8
-48418
-48985.6
-49490.7
-49933.1
-50312.2
-50627.3
-50876.7
-51058.3
-51169.9
-51211.6
-51184.7
-51099.7
-50992.1
-1882.42
-5411.91
-8695.48
-11743.2
-14579.3
-17227
-19706.5
-22034.5
-24225
-26289.6
-28238.1
-30078.6
-31818.1
-33462.5
-35016.9
-36485.6
-37872.5
-39180.9
-40413.6
-41573.1
-42661.6
-43680.9
-44632.6
-45518.2
-46338.7
-47095.2
-47788.2
-48418.4
-48985.9
-49491
-49933.4
-50312.6
-50627.6
-50877.1
-51058.6
-51170.3
-51211.9
-51185.1
-51100.1
-50992.4
-1882.43
-5411.95
-8695.55
-11743.3
-14579.4
-17227.2
-19706.7
-22034.7
-24225.2
-26289.9
-28238.3
-30078.8
-31818.3
-33462.7
-35017.1
-36485.9
-37872.8
-39181.2
-40413.9
-41573.4
-42661.9
-43681.2
-44632.9
-45518.5
-46339
-47095.5
-47788.5
-48418.7
-48986.2
-49491.3
-49933.7
-50312.9
-50627.9
-50877.4
-51058.9
-51170.6
-51212.2
-51185.4
-51100.3
-50992.7
-1882.45
-5411.99
-8695.61
-11743.3
-14579.5
-17227.3
-19706.8
-22034.9
-24225.4
-26290
-28238.5
-30079
-31818.5
-33463
-35017.3
-36486.1
-37873
-39181.4
-40414.1
-41573.6
-42662.1
-43681.4
-44633.2
-45518.8
-46339.3
-47095.7
-47788.7
-48418.9
-48986.5
-49491.6
-49934
-50313.1
-50628.2
-50877.6
-51059.2
-51170.8
-51212.5
-51185.6
-51100.6
-50992.9
-1882.46
-5412.02
-8695.66
-11743.4
-14579.6
-17227.4
-19707
-22035
-24225.5
-26290.2
-28238.7
-30079.2
-31818.7
-33463.1
-35017.5
-36486.3
-37873.2
-39181.6
-40414.3
-41573.8
-42662.3
-43681.6
-44633.4
-45519
-46339.5
-47095.9
-47789
-48419.1
-48986.7
-49491.8
-49934.2
-50313.3
-50628.4
-50877.8
-51059.4
-51171
-51212.7
-51185.8
-51100.8
-50993.2
-1882.46
-5412.04
-8695.7
-11743.5
-14579.7
-17227.5
-19707.1
-22035.1
-24225.7
-26290.3
-28238.8
-30079.4
-31818.9
-33463.3
-35017.7
-36486.5
-37873.4
-39181.8
-40414.5
-41574
-42662.5
-43681.8
-44633.6
-45519.2
-46339.7
-47096.1
-47789.1
-48419.3
-48986.9
-49492
-49934.4
-50313.5
-50628.6
-50878
-51059.6
-51171.2
-51212.9
-51186
-51101
-50993.3
-1882.47
-5412.06
-8695.74
-11743.5
-14579.7
-17227.6
-19707.1
-22035.2
-24225.8
-26290.4
-28238.9
-30079.5
-31819
-33463.4
-35017.8
-36486.6
-37873.5
-39181.9
-40414.6
-41574.2
-42662.6
-43682
-44633.7
-45519.3
-46339.8
-47096.3
-47789.3
-48419.5
-48987.1
-49492.1
-49934.5
-50313.7
-50628.7
-50878.2
-51059.8
-51171.4
-51213
-51186.2
-51101.2
-50993.5
-1882.48
-5412.08
-8695.76
-11743.5
-14579.8
-17227.6
-19707.2
-22035.3
-24225.8
-26290.5
-28239
-30079.6
-31819.1
-33463.5
-35017.9
-36486.7
-37873.7
-39182
-40414.8
-41574.3
-42662.8
-43682.1
-44633.8
-45519.4
-46340
-47096.4
-47789.4
-48419.6
-48987.2
-49492.3
-49934.6
-50313.8
-50628.8
-50878.3
-51059.9
-51171.5
-51213.1
-51186.3
-51101.3
-50993.6
-1882.48
-5412.09
-8695.78
-11743.6
-14579.8
-17227.7
-19707.2
-22035.3
-24225.9
-26290.6
-28239.1
-30079.6
-31819.2
-33463.6
-35018
-36486.8
-37873.7
-39182.1
-40414.8
-41574.4
-42662.8
-43682.2
-44633.9
-45519.5
-46340
-47096.5
-47789.5
-48419.7
-48987.3
-49492.4
-49934.7
-50313.9
-50628.9
-50878.4
-51060
-51171.6
-51213.2
-51186.4
-51101.4
-50993.7
-1882.48
-5412.1
-8695.79
-11743.6
-14579.8
-17227.7
-19707.3
-22035.4
-24225.9
-26290.6
-28239.1
-30079.7
-31819.2
-33463.6
-35018.1
-36486.8
-37873.8
-39182.2
-40414.9
-41574.4
-42662.9
-43682.2
-44634
-45519.6
-46340.1
-47096.5
-47789.6
-48419.7
-48987.3
-49492.4
-49934.8
-50313.9
-50629
-50878.5
-51060
-51171.7
-51213.3
-51186.5
-51101.4
-50993.8
-1882.48
-5412.1
-8695.8
-11743.6
-14579.8
-17227.7
-19707.3
-22035.4
-24225.9
-26290.6
-28239.2
-30079.7
-31819.2
-33463.7
-35018.1
-36486.9
-37873.8
-39182.2
-40414.9
-41574.5
-42662.9
-43682.3
-44634
-45519.6
-46340.1
-47096.6
-47789.6
-48419.8
-48987.4
-49492.5
-49934.8
-50314
-50629
-50878.5
-51060.1
-51171.7
-51213.3
-51186.5
-51101.5
-50993.8
-1882.48
-5412.1
-8695.8
-11743.6
-14579.8
-17227.7
-19707.3
-22035.4
-24225.9
-26290.6
-28239.2
-30079.7
-31819.2
-33463.7
-35018.1
-36486.9
-37873.8
-39182.2
-40414.9
-41574.5
-42662.9
-43682.3
-44634
-45519.6
-46340.2
-47096.6
-47789.6
-48419.8
-48987.4
-49492.5
-49934.8
-50314
-50629
-50878.5
-51060.1
-51171.7
-51213.3
-51186.5
-51101.5
-50993.8
-1882.48
-5412.1
-8695.8
-11743.6
-14579.8
-17227.7
-19707.3
-22035.4
-24225.9
-26290.6
-28239.1
-30079.7
-31819.2
-33463.7
-35018.1
-36486.9
-37873.8
-39182.2
-40414.9
-41574.4
-42662.9
-43682.3
-44634
-45519.6
-46340.1
-47096.6
-47789.6
-48419.8
-48987.4
-49492.4
-49934.8
-50314
-50629
-50878.5
-51060.1
-51171.7
-51213.3
-51186.5
-51101.5
-50993.8
-1882.48
-5412.09
-8695.79
-11743.6
-14579.8
-17227.7
-19707.2
-22035.3
-24225.9
-26290.6
-28239.1
-30079.7
-31819.2
-33463.6
-35018
-36486.8
-37873.8
-39182.2
-40414.9
-41574.4
-42662.9
-43682.2
-44634
-45519.5
-46340.1
-47096.5
-47789.6
-48419.7
-48987.3
-49492.4
-49934.8
-50313.9
-50629
-50878.4
-51060
-51171.6
-51213.3
-51186.4
-51101.4
-50993.8
-1882.48
-5412.08
-8695.77
-11743.6
-14579.8
-17227.6
-19707.2
-22035.3
-24225.9
-26290.5
-28239
-30079.6
-31819.1
-33463.6
-35018
-36486.8
-37873.7
-39182.1
-40414.8
-41574.3
-42662.8
-43682.1
-44633.9
-45519.5
-46340
-47096.4
-47789.5
-48419.6
-48987.2
-49492.3
-49934.7
-50313.9
-50628.9
-50878.4
-51059.9
-51171.6
-51213.2
-51186.4
-51101.3
-50993.7
-1882.47
-5412.07
-8695.75
-11743.5
-14579.7
-17227.6
-19707.2
-22035.2
-24225.8
-26290.5
-28239
-30079.5
-31819
-33463.5
-35017.9
-36486.7
-37873.6
-39182
-40414.7
-41574.2
-42662.7
-43682
-44633.8
-45519.4
-46339.9
-47096.3
-47789.4
-48419.5
-48987.1
-49492.2
-49934.6
-50313.7
-50628.8
-50878.3
-51059.8
-51171.5
-51213.1
-51186.3
-51101.2
-50993.6
-1882.47
-5412.05
-8695.72
-11743.5
-14579.7
-17227.5
-19707.1
-22035.1
-24225.7
-26290.4
-28238.9
-30079.4
-31818.9
-33463.3
-35017.8
-36486.5
-37873.5
-39181.9
-40414.6
-41574.1
-42662.6
-43681.9
-44633.7
-45519.2
-46339.8
-47096.2
-47789.2
-48419.4
-48987
-49492.1
-49934.5
-50313.6
-50628.7
-50878.1
-51059.7
-51171.3
-51213
-51186.1
-51101.1
-50993.4
-1882.46
-5412.03
-8695.68
-11743.4
-14579.6
-17227.5
-19707
-22035
-24225.6
-26290.2
-28238.7
-30079.3
-31818.8
-33463.2
-35017.6
-36486.4
-37873.3
-39181.7
-40414.4
-41573.9
-42662.4
-43681.7
-44633.5
-45519.1
-46339.6
-47096
-47789.1
-48419.2
-48986.8
-49491.9
-49934.3
-50313.4
-50628.5
-50878
-51059.5
-51171.1
-51212.8
-51186
-51100.9
-50993.3
-1882.45
-5412
-8695.63
-11743.4
-14579.5
-17227.4
-19706.9
-22034.9
-24225.4
-26290.1
-28238.6
-30079.1
-31818.6
-33463
-35017.4
-36486.2
-37873.1
-39181.5
-40414.2
-41573.7
-42662.2
-43681.5
-44633.3
-45518.9
-46339.4
-47095.8
-47788.9
-48419
-48986.6
-49491.7
-49934.1
-50313.2
-50628.3
-50877.8
-51059.3
-51170.9
-51212.6
-51185.8
-51100.7
-50993.1
-1882.44
-5411.96
-8695.57
-11743.3
-14579.4
-17227.2
-19706.7
-22034.8
-24225.3
-26289.9
-28238.4
-30078.9
-31818.4
-33462.8
-35017.2
-36486
-37872.9
-39181.3
-40414
-41573.5
-42662
-43681.3
-44633
-45518.6
-46339.2
-47095.6
-47788.6
-48418.8
-48986.4
-49491.5
-49933.8
-50313
-50628
-50877.5
-51059.1
-51170.7
-51212.4
-51185.5
-51100.5
-50992.8
-1882.42
-5411.92
-8695.49
-11743.2
-14579.3
-17227.1
-19706.6
-22034.6
-24225.1
-26289.7
-28238.2
-30078.7
-31818.2
-33462.5
-35016.9
-36485.7
-37872.6
-39181
-40413.7
-41573.2
-42661.7
-43681
-44632.8
-45518.3
-46338.9
-47095.3
-47788.3
-48418.5
-48986.1
-49491.2
-49933.5
-50312.7
-50627.7
-50877.2
-51058.8
-51170.4
-51212.1
-51185.2
-51100.2
-50992.6
-1882.4
-5411.86
-8695.4
-11743.1
-14579.2
-17226.9
-19706.4
-22034.3
-24224.8
-26289.4
-28237.9
-30078.4
-31817.9
-33462.2
-35016.6
-36485.4
-37872.3
-39180.7
-40413.4
-41572.9
-42661.3
-43680.7
-44632.4
-45518
-46338.5
-47094.9
-47788
-48418.2
-48985.7
-49490.8
-49933.2
-50312.4
-50627.4
-50876.9
-51058.5
-51170.1
-51211.7
-51184.9
-51099.9
-50992.2
-1882.38
-5411.79
-8695.29
-11742.9
-14579
-17226.7
-19706.1
-22034.1
-24224.5
-26289.1
-28237.6
-30078
-31817.5
-33461.9
-35016.3
-36485
-37871.9
-39180.3
-40413
-41572.5
-42661
-43680.3
-44632
-45517.6
-46338.1
-47094.6
-47787.6
-48417.8
-48985.4
-49490.4
-49932.8
-50312
-50627
-50876.5
-51058.1
-51169.7
-51211.4
-51184.5
-51099.5
-50991.8
-1882.35
-5411.71
-8695.15
-11742.7
-14578.7
-17226.4
-19705.8
-22033.7
-24224.2
-26288.8
-28237.2
-30077.6
-31817.1
-33461.5
-35015.8
-36484.6
-37871.5
-39179.9
-40412.5
-41572
-42660.5
-43679.8
-44631.6
-45517.1
-46337.7
-47094.1
-47787.1
-48417.3
-48984.9
-49490
-49932.4
-50311.5
-50626.6
-50876
-51057.6
-51169.3
-51210.9
-51184.1
-51099.1
-50991.4
-1882.31
-5411.6
-8694.98
-11742.5
-14578.4
-17226.1
-19705.4
-22033.4
-24223.8
-26288.3
-28236.7
-30077.2
-31816.6
-33461
-35015.3
-36484.1
-37871
-39179.3
-40412
-41571.5
-42660
-43679.3
-44631.1
-45516.6
-46337.2
-47093.6
-47786.6
-48416.8
-48984.4
-49489.5
-49931.8
-50311
-50626
-50875.5
-51057.1
-51168.7
-51210.4
-51183.6
-51098.6
-50990.9
-1882.27
-5411.46
-8694.76
-11742.2
-14578.1
-17225.7
-19705
-22032.9
-24223.3
-26287.8
-28236.2
-30076.6
-31816.1
-33460.4
-35014.8
-36483.5
-37870.4
-39178.7
-40411.4
-41570.9
-42659.4
-43678.7
-44630.4
-45516
-46336.5
-47093
-47786
-48416.2
-48983.8
-49488.8
-49931.2
-50310.4
-50625.4
-50874.9
-51056.5
-51168.1
-51209.8
-51183
-51098
-50990.3
-1882.2
-5411.28
-8694.47
-11741.8
-14577.7
-17225.2
-19704.5
-22032.3
-24222.7
-26287.2
-28235.5
-30076
-31815.4
-33459.7
-35014.1
-36482.8
-37869.7
-39178
-40410.7
-41570.2
-42658.7
-43678
-44629.7
-45515.3
-46335.8
-47092.2
-47785.3
-48415.4
-48983
-49488.1
-49930.5
-50309.7
-50624.7
-50874.2
-51055.8
-51167.4
-51209.1
-51182.3
-51097.3
-50989.7
-1882.12
-5411.03
-8694.09
-11741.3
-14577.1
-17224.6
-19703.8
-22031.6
-24221.9
-26286.4
-28234.8
-30075.2
-31814.6
-33458.9
-35013.3
-36482
-37868.9
-39177.2
-40409.9
-41569.4
-42657.8
-43677.1
-44628.9
-45514.4
-46335
-47091.4
-47784.4
-48414.6
-48982.2
-49487.3
-49929.7
-50308.8
-50623.9
-50873.4
-51055
-51166.6
-51208.3
-51181.5
-51096.5
-50988.9
-1881.98
-5410.67
-8693.57
-11740.7
-14576.4
-17223.8
-19703
-22030.7
-24221
-26285.5
-28233.8
-30074.2
-31813.6
-33458
-35012.3
-36481
-37867.9
-39176.2
-40408.9
-41568.4
-42656.8
-43676.1
-44627.9
-45513.5
-46334
-47090.4
-47783.4
-48413.6
-48981.2
-49486.3
-49928.7
-50307.8
-50622.9
-50872.4
-51054
-51165.7
-51207.4
-51180.6
-51095.6
-50988
-1881.77
-5410.15
-8692.85
-11739.9
-14575.4
-17222.8
-19701.9
-22029.7
-24220
-26284.4
-28232.7
-30073.1
-31812.5
-33456.8
-35011.2
-36479.9
-37866.7
-39175.1
-40407.8
-41567.2
-42655.7
-43675
-44626.7
-45512.3
-46332.8
-47089.2
-47782.3
-48412.4
-48980
-49485.1
-49927.5
-50306.7
-50621.7
-50871.2
-51052.8
-51164.5
-51206.2
-51179.5
-51094.6
-50987.1
-1881.34
-5409.37
-8691.91
-11738.8
-14574.3
-17221.6
-19700.8
-22028.5
-24218.8
-26283.2
-28231.5
-30071.9
-31811.3
-33455.6
-35009.9
-36478.6
-37865.5
-39173.8
-40406.5
-41566
-42654.4
-43673.7
-44625.5
-45511
-46331.6
-47088
-47781
-48411.2
-48978.8
-49483.9
-49926.2
-50305.4
-50620.5
-50870
-51051.6
-51163.2
-51205
-51178.4
-51093.6
-50986.2
-2101.87
-5914.46
-9379.22
-12547.7
-15468.3
-18177.5
-20703.2
-23067.1
-25286
-27373.6
-29340.9
-31197.1
-32949.7
-34605.3
-36169.2
-37646.1
-39040.1
-40354.6
-41592.5
-42756.6
-43849
-44871.7
-45826.3
-46714.2
-47536.6
-48294.5
-48988.5
-49619.2
-50186.7
-50691.2
-51132.3
-51509.4
-51821.5
-52067.1
-52244.2
-52351.2
-52385.8
-52345.7
-52232.9
-52071.5
-2102.65
-5915.87
-9380.92
-12549.6
-15470.3
-18179.5
-20705.3
-23069.2
-25288.2
-27375.8
-29343.1
-31199.3
-32952
-34607.5
-36171.5
-37648.4
-39042.4
-40356.8
-41594.8
-42758.9
-43851.3
-44873.9
-45828.5
-46716.5
-47538.9
-48296.8
-48990.8
-49621.4
-50189
-50693.5
-51134.6
-51511.7
-51823.8
-52069.4
-52246.5
-52353.5
-52388
-52347.8
-52234.9
-52073.3
-2102.96
-5916.6
-9381.92
-12550.8
-15471.5
-18180.9
-20706.7
-23070.7
-25289.7
-27377.3
-29344.6
-31200.8
-32953.5
-34609.1
-36173
-37649.9
-39043.9
-40358.4
-41596.4
-42760.4
-43852.9
-44875.5
-45830.1
-46718.1
-47540.5
-48298.3
-48992.4
-49623
-50190.6
-50695.1
-51136.2
-51513.3
-51825.4
-52070.9
-52248.1
-52355
-52389.5
-52349.3
-52236.3
-52074.6
-2103.13
-5917.05
-9382.57
-12551.6
-15472.4
-18181.8
-20707.8
-23071.7
-25290.7
-27378.4
-29345.8
-31202
-32954.7
-34610.3
-36174.2
-37651.1
-39045.1
-40359.6
-41597.6
-42761.7
-43854.1
-44876.7
-45831.3
-46719.3
-47541.7
-48299.6
-48993.6
-49624.2
-50191.8
-50696.3
-51137.4
-51514.5
-51826.6
-52072.1
-52249.3
-52356.2
-52390.7
-52350.4
-52237.4
-52075.6
-2103.24
-5917.34
-9383.02
-12552.1
-15473.1
-18182.6
-20708.5
-23072.6
-25291.6
-27379.3
-29346.7
-31202.9
-32955.6
-34611.2
-36175.1
-37652.1
-39046.1
-40360.6
-41598.5
-42762.6
-43855
-44877.7
-45832.3
-46720.2
-47542.7
-48300.5
-48994.6
-49625.2
-50192.8
-50697.3
-51138.4
-51515.5
-51827.6
-52073.1
-52250.2
-52357.1
-52391.6
-52351.3
-52238.3
-52076.5
-2103.31
-5917.56
-9383.35
-12552.6
-15473.6
-18183.1
-20709.2
-23073.2
-25292.3
-27380
-29347.4
-31203.6
-32956.3
-34611.9
-36175.9
-37652.9
-39046.9
-40361.4
-41599.3
-42763.4
-43855.8
-44878.5
-45833.1
-46721
-47543.5
-48301.3
-48995.4
-49626
-50193.6
-50698.1
-51139.2
-51516.3
-51828.4
-52073.9
-52251
-52357.9
-52392.4
-52352.1
-52239.1
-52077.3
-2103.36
-5917.71
-9383.6
-12552.9
-15474
-18183.6
-20709.6
-23073.7
-25292.8
-27380.6
-29348
-31204.2
-32957
-34612.6
-36176.5
-37653.5
-39047.5
-40362
-41600
-42764.1
-43856.5
-44879.2
-45833.8
-46721.7
-47544.1
-48302
-48996
-49626.7
-50194.3
-50698.7
-51139.8
-51516.9
-51829
-52074.6
-52251.7
-52358.6
-52393
-52352.7
-52239.7
-52077.9
-2103.4
-5917.83
-9383.79
-12553.1
-15474.3
-18183.9
-20710
-23074.2
-25293.3
-27381
-29348.5
-31204.8
-32957.5
-34613.1
-36177.1
-37654.1
-39048.1
-40362.6
-41600.6
-42764.6
-43857.1
-44879.7
-45834.3
-46722.3
-47544.7
-48302.6
-48996.6
-49627.3
-50194.8
-50699.3
-51140.4
-51517.5
-51829.6
-52075.1
-52252.2
-52359.1
-52393.6
-52353.3
-52240.3
-52078.4
-2103.43
-5917.92
-9383.94
-12553.3
-15474.5
-18184.2
-20710.4
-23074.5
-25293.7
-27381.4
-29348.9
-31205.2
-32957.9
-34613.6
-36177.5
-37654.5
-39048.5
-40363
-41601
-42765.1
-43857.5
-44880.2
-45834.8
-46722.8
-47545.2
-48303.1
-48997.1
-49627.8
-50195.3
-50699.8
-51140.9
-51518
-51830.1
-52075.6
-52252.7
-52359.6
-52394
-52353.8
-52240.7
-52078.9
-2103.46
-5917.99
-9384.06
-12553.5
-15474.7
-18184.5
-20710.6
-23074.8
-25294
-27381.8
-29349.2
-31205.5
-32958.3
-34613.9
-36177.9
-37654.9
-39048.9
-40363.4
-41601.4
-42765.5
-43858
-44880.6
-45835.3
-46723.2
-47545.6
-48303.5
-48997.5
-49628.2
-50195.7
-50700.2
-51141.3
-51518.4
-51830.5
-52076
-52253.1
-52360
-52394.5
-52354.2
-52241.2
-52079.3
-2103.48
-5918.05
-9384.15
-12553.6
-15474.9
-18184.6
-20710.8
-23075
-25294.2
-27382
-29349.5
-31205.8
-32958.6
-34614.3
-36178.2
-37655.2
-39049.3
-40363.8
-41601.8
-42765.9
-43858.3
-44881
-45835.6
-46723.6
-47546
-48303.9
-48997.9
-49628.5
-50196.1
-50700.6
-51141.7
-51518.8
-51830.9
-52076.4
-52253.5
-52360.4
-52394.8
-52354.5
-52241.5
-52079.7
-2103.49
-5918.1
-9384.23
-12553.7
-15475
-18184.8
-20711
-23075.2
-25294.4
-27382.3
-29349.8
-31206.1
-32958.9
-34614.5
-36178.5
-37655.5
-39049.6
-40364.1
-41602.1
-42766.2
-43858.6
-44881.3
-45835.9
-46723.9
-47546.3
-48304.2
-48998.2
-49628.9
-50196.4
-50700.9
-51142
-51519.1
-51831.2
-52076.7
-52253.8
-52360.7
-52395.1
-52354.8
-52241.8
-52080
-2103.51
-5918.14
-9384.3
-12553.8
-15475.1
-18184.9
-20711.2
-23075.4
-25294.6
-27382.5
-29350
-31206.3
-32959.1
-34614.8
-36178.8
-37655.8
-39049.8
-40364.3
-41602.3
-42766.4
-43858.9
-44881.6
-45836.2
-46724.1
-47546.6
-48304.4
-48998.5
-49629.1
-50196.7
-50701.2
-51142.2
-51519.3
-51831.4
-52077
-52254
-52361
-52395.4
-52355.1
-52242.1
-52080.2
-2103.52
-5918.17
-9384.35
-12553.9
-15475.2
-18185
-20711.3
-23075.5
-25294.8
-27382.6
-29350.1
-31206.5
-32959.3
-34614.9
-36179
-37656
-39050
-40364.5
-41602.6
-42766.7
-43859.1
-44881.8
-45836.4
-46724.3
-47546.8
-48304.7
-48998.7
-49629.3
-50196.9
-50701.4
-51142.5
-51519.6
-51831.7
-52077.2
-52254.3
-52361.2
-52395.6
-52355.3
-52242.3
-52080.5
-2103.52
-5918.2
-9384.39
-12554
-15475.3
-18185.1
-20711.4
-23075.6
-25294.9
-27382.8
-29350.3
-31206.6
-32959.4
-34615.1
-36179.1
-37656.1
-39050.2
-40364.7
-41602.7
-42766.8
-43859.3
-44882
-45836.6
-46724.5
-47547
-48304.8
-48998.9
-49629.5
-50197.1
-50701.6
-51142.7
-51519.8
-51831.8
-52077.4
-52254.5
-52361.4
-52395.8
-52355.5
-52242.5
-52080.7
-2103.53
-5918.22
-9384.43
-12554
-15475.4
-18185.2
-20711.5
-23075.7
-25295
-27382.9
-29350.4
-31206.8
-32959.6
-34615.2
-36179.3
-37656.3
-39050.3
-40364.9
-41602.9
-42767
-43859.4
-44882.1
-45836.7
-46724.7
-47547.1
-48305
-48999
-49629.7
-50197.3
-50701.7
-51142.8
-51519.9
-51832
-52077.5
-52254.6
-52361.5
-52396
-52355.7
-52242.6
-52080.8
-2103.54
-5918.23
-9384.45
-12554
-15475.4
-18185.3
-20711.5
-23075.8
-25295.1
-27382.9
-29350.5
-31206.8
-32959.7
-34615.3
-36179.4
-37656.4
-39050.4
-40365
-41603
-42767.1
-43859.5
-44882.2
-45836.9
-46724.8
-47547.3
-48305.1
-48999.1
-49629.8
-50197.4
-50701.9
-51142.9
-51520
-51832.1
-52077.7
-52254.7
-52361.6
-52396.1
-52355.8
-52242.8
-52080.9
-2103.54
-5918.24
-9384.47
-12554.1
-15475.4
-18185.3
-20711.6
-23075.9
-25295.1
-27383
-29350.6
-31206.9
-32959.7
-34615.4
-36179.4
-37656.5
-39050.5
-40365.1
-41603.1
-42767.2
-43859.6
-44882.3
-45837
-46724.9
-47547.3
-48305.2
-48999.2
-49629.9
-50197.5
-50701.9
-51143
-51520.1
-51832.2
-52077.8
-52254.8
-52361.7
-52396.2
-52355.9
-52242.9
-52081
-2103.54
-5918.25
-9384.48
-12554.1
-15475.5
-18185.3
-20711.6
-23075.9
-25295.2
-27383
-29350.6
-31207
-32959.8
-34615.5
-36179.5
-37656.5
-39050.6
-40365.1
-41603.1
-42767.3
-43859.7
-44882.4
-45837
-46725
-47547.4
-48305.3
-48999.3
-49630
-50197.5
-50702
-51143.1
-51520.2
-51832.3
-52077.8
-52254.9
-52361.8
-52396.2
-52356
-52242.9
-52081.1
-2103.54
-5918.26
-9384.49
-12554.1
-15475.5
-18185.3
-20711.6
-23075.9
-25295.2
-27383.1
-29350.6
-31207
-32959.8
-34615.5
-36179.5
-37656.6
-39050.6
-40365.2
-41603.2
-42767.3
-43859.7
-44882.4
-45837.1
-46725
-47547.4
-48305.3
-48999.3
-49630
-50197.6
-50702.1
-51143.1
-51520.2
-51832.3
-52077.9
-52254.9
-52361.8
-52396.3
-52356
-52243
-52081.1
-2103.55
-5918.26
-9384.49
-12554.1
-15475.5
-18185.3
-20711.6
-23075.9
-25295.2
-27383.1
-29350.6
-31207
-32959.8
-34615.5
-36179.5
-37656.6
-39050.6
-40365.2
-41603.2
-42767.3
-43859.7
-44882.4
-45837.1
-46725
-47547.5
-48305.3
-48999.4
-49630
-50197.6
-50702.1
-51143.2
-51520.3
-51832.3
-52077.9
-52255
-52361.9
-52396.3
-52356
-52243
-52081.1
-2103.54
-5918.25
-9384.49
-12554.1
-15475.5
-18185.3
-20711.6
-23075.9
-25295.2
-27383.1
-29350.6
-31207
-32959.8
-34615.5
-36179.5
-37656.5
-39050.6
-40365.1
-41603.2
-42767.3
-43859.7
-44882.4
-45837
-46725
-47547.4
-48305.3
-48999.3
-49630
-50197.6
-50702
-51143.1
-51520.2
-51832.3
-52077.8
-52254.9
-52361.8
-52396.3
-52356
-52243
-52081.1
-2103.54
-5918.25
-9384.48
-12554.1
-15475.4
-18185.3
-20711.6
-23075.9
-25295.2
-27383
-29350.6
-31206.9
-32959.8
-34615.4
-36179.5
-37656.5
-39050.6
-40365.1
-41603.1
-42767.2
-43859.7
-44882.4
-45837
-46724.9
-47547.4
-48305.3
-48999.3
-49630
-50197.5
-50702
-51143.1
-51520.2
-51832.3
-52077.8
-52254.9
-52361.8
-52396.2
-52355.9
-52242.9
-52081.1
-2103.54
-5918.24
-9384.46
-12554.1
-15475.4
-18185.3
-20711.6
-23075.8
-25295.1
-27383
-29350.5
-31206.9
-32959.7
-34615.4
-36179.4
-37656.4
-39050.5
-40365
-41603
-42767.1
-43859.6
-44882.3
-45836.9
-46724.9
-47547.3
-48305.2
-48999.2
-49629.9
-50197.4
-50701.9
-51143
-51520.1
-51832.2
-52077.7
-52254.8
-52361.7
-52396.1
-52355.9
-52242.8
-52081
-2103.53
-5918.22
-9384.43
-12554
-15475.4
-18185.2
-20711.5
-23075.8
-25295
-27382.9
-29350.4
-31206.8
-32959.6
-34615.3
-36179.3
-37656.3
-39050.4
-40364.9
-41602.9
-42767
-43859.5
-44882.2
-45836.8
-46724.8
-47547.2
-48305.1
-48999.1
-49629.8
-50197.3
-50701.8
-51142.9
-51520
-51832.1
-52077.6
-52254.7
-52361.6
-52396
-52355.8
-52242.7
-52080.9
-2103.53
-5918.2
-9384.4
-12554
-15475.3
-18185.2
-20711.4
-23075.7
-25294.9
-27382.8
-29350.3
-31206.7
-32959.5
-34615.2
-36179.2
-37656.2
-39050.2
-40364.8
-41602.8
-42766.9
-43859.3
-44882
-45836.7
-46724.6
-47547.1
-48304.9
-48999
-49629.6
-50197.2
-50701.7
-51142.8
-51519.9
-51831.9
-52077.5
-52254.6
-52361.5
-52395.9
-52355.6
-52242.6
-52080.8
-2103.52
-5918.18
-9384.36
-12553.9
-15475.2
-18185.1
-20711.3
-23075.6
-25294.8
-27382.7
-29350.2
-31206.5
-32959.3
-34615
-36179
-37656
-39050.1
-40364.6
-41602.6
-42766.7
-43859.2
-44881.9
-45836.5
-46724.4
-47546.9
-48304.8
-48998.8
-49629.4
-50197
-50701.5
-51142.6
-51519.7
-51831.8
-52077.3
-52254.4
-52361.3
-52395.7
-52355.4
-52242.4
-52080.6
-2103.51
-5918.15
-9384.31
-12553.8
-15475.2
-18185
-20711.2
-23075.4
-25294.7
-27382.5
-29350
-31206.4
-32959.2
-34614.8
-36178.8
-37655.8
-39049.9
-40364.4
-41602.4
-42766.5
-43859
-44881.7
-45836.3
-46724.2
-47546.7
-48304.5
-48998.6
-49629.2
-50196.8
-50701.3
-51142.4
-51519.5
-51831.6
-52077.1
-52254.2
-52361.1
-52395.5
-52355.2
-52242.2
-52080.4
-2103.5
-5918.11
-9384.25
-12553.8
-15475
-18184.8
-20711.1
-23075.3
-25294.5
-27382.3
-29349.8
-31206.2
-32958.9
-34614.6
-36178.6
-37655.6
-39049.6
-40364.2
-41602.2
-42766.3
-43858.7
-44881.4
-45836
-46724
-47546.4
-48304.3
-48998.3
-49629
-50196.5
-50701
-51142.1
-51519.2
-51831.3
-52076.8
-52253.9
-52360.8
-52395.3
-52355
-52242
-52080.1
-2103.48
-5918.06
-9384.17
-12553.7
-15474.9
-18184.7
-20710.9
-23075.1
-25294.3
-27382.1
-29349.6
-31205.9
-32958.7
-34614.3
-36178.3
-37655.3
-39049.4
-40363.9
-41601.9
-42766
-43858.4
-44881.1
-45835.7
-46723.7
-47546.1
-48304
-48998
-49628.7
-50196.2
-50700.7
-51141.8
-51518.9
-51831
-52076.5
-52253.6
-52360.5
-52395
-52354.7
-52241.7
-52079.8
-2103.46
-5918
-9384.07
-12553.5
-15474.8
-18184.5
-20710.7
-23074.8
-25294
-27381.8
-29349.3
-31205.6
-32958.4
-34614
-36178
-37655
-39049
-40363.5
-41601.5
-42765.6
-43858.1
-44880.8
-45835.4
-46723.3
-47545.8
-48303.6
-48997.7
-49628.3
-50195.9
-50700.4
-51141.5
-51518.6
-51830.7
-52076.2
-52253.3
-52360.2
-52394.6
-52354.3
-52241.3
-52079.5
-2103.43
-5917.93
-9383.95
-12553.4
-15474.6
-18184.3
-20710.4
-23074.6
-25293.7
-27381.5
-29349
-31205.3
-32958
-34613.6
-36177.6
-37654.6
-39048.6
-40363.1
-41601.1
-42765.2
-43857.7
-44880.3
-45835
-46722.9
-47545.3
-48303.2
-48997.2
-49627.9
-50195.5
-50699.9
-51141
-51518.1
-51830.2
-52075.8
-52252.9
-52359.8
-52394.2
-52353.9
-52240.9
-52079.1
-2103.4
-5917.84
-9383.8
-12553.2
-15474.3
-18184
-20710.1
-23074.2
-25293.3
-27381.1
-29348.5
-31204.8
-32957.6
-34613.2
-36177.2
-37654.2
-39048.2
-40362.7
-41600.7
-42764.8
-43857.2
-44879.9
-45834.5
-46722.4
-47544.9
-48302.7
-48996.8
-49627.4
-50195
-50699.5
-51140.6
-51517.7
-51829.8
-52075.3
-52252.4
-52359.3
-52393.7
-52353.5
-52240.4
-52078.6
-2103.36
-5917.72
-9383.61
-12552.9
-15474
-18183.6
-20709.7
-23073.8
-25292.9
-27380.6
-29348.1
-31204.3
-32957
-34612.7
-36176.6
-37653.6
-39047.6
-40362.1
-41600.1
-42764.2
-43856.6
-44879.3
-45833.9
-46721.9
-47544.3
-48302.2
-48996.2
-49626.8
-50194.4
-50698.9
-51140
-51517.1
-51829.2
-52074.7
-52251.8
-52358.7
-52393.2
-52352.9
-52239.9
-52078.1
-2103.31
-5917.56
-9383.36
-12552.6
-15473.6
-18183.2
-20709.2
-23073.2
-25292.3
-27380
-29347.5
-31203.7
-32956.4
-34612
-36176
-37653
-39047
-40361.5
-41599.4
-42763.5
-43855.9
-44878.6
-45833.2
-46721.2
-47543.6
-48301.5
-48995.5
-49626.2
-50193.7
-50698.2
-51139.3
-51516.4
-51828.5
-52074.1
-52251.2
-52358.1
-52392.5
-52352.3
-52239.3
-52077.4
-2103.24
-5917.35
-9383.03
-12552.1
-15473.1
-18182.6
-20708.6
-23072.6
-25291.6
-27379.3
-29346.7
-31203
-32955.7
-34611.3
-36175.2
-37652.2
-39046.2
-40360.7
-41598.7
-42762.7
-43855.1
-44877.8
-45832.4
-46720.4
-47542.8
-48300.7
-48994.7
-49625.4
-50192.9
-50697.4
-51138.5
-51515.6
-51827.7
-52073.3
-52250.4
-52357.3
-52391.8
-52351.5
-52238.5
-52076.7
-2103.13
-5917.05
-9382.57
-12551.6
-15472.4
-18181.8
-20707.8
-23071.8
-25290.8
-27378.4
-29345.8
-31202
-32954.7
-34610.3
-36174.3
-37651.2
-39045.2
-40359.7
-41597.7
-42761.8
-43854.2
-44876.8
-45831.4
-46719.4
-47541.8
-48299.7
-48993.7
-49624.4
-50191.9
-50696.4
-51137.5
-51514.6
-51826.7
-52072.3
-52249.4
-52356.3
-52390.8
-52350.6
-52237.6
-52075.8
-2102.96
-5916.59
-9381.91
-12550.8
-15471.5
-18180.9
-20706.7
-23070.7
-25289.7
-27377.3
-29344.7
-31200.9
-32953.5
-34609.1
-36173.1
-37650
-39044
-40358.5
-41596.5
-42760.5
-43852.9
-44875.6
-45830.2
-46718.2
-47540.6
-48298.5
-48992.5
-49623.1
-50190.7
-50695.2
-51136.3
-51513.4
-51825.5
-52071.1
-52248.2
-52355.2
-52389.7
-52349.5
-52236.5
-52074.7
-2102.64
-5915.84
-9380.89
-12549.6
-15470.2
-18179.5
-20705.3
-23069.2
-25288.2
-27375.8
-29343.1
-31199.3
-32952
-34607.6
-36171.5
-37648.4
-39042.4
-40356.9
-41594.9
-42758.9
-43851.3
-44874
-45828.6
-46716.6
-47539
-48296.9
-48990.9
-49621.5
-50189.1
-50693.6
-51134.7
-51511.8
-51823.9
-52069.5
-52246.6
-52353.6
-52388.1
-52348
-52235.1
-52073.4
-2101.84
-5914.41
-9379.15
-12547.7
-15468.2
-18177.4
-20703.2
-23067
-25286
-27373.6
-29340.9
-31197.1
-32949.7
-34605.3
-36169.2
-37646.1
-39040.1
-40354.6
-41592.6
-42756.6
-43849
-44871.7
-45826.3
-46714.2
-47536.7
-48294.5
-48988.6
-49619.2
-50186.8
-50691.3
-51132.4
-51509.5
-51821.6
-52067.2
-52244.3
-52351.3
-52385.9
-52345.8
-52233.1
-52071.7
-2371.77
-6420.06
-10005.2
-13246.1
-16214.3
-18957.1
-21507.7
-23890.5
-26124.3
-28223.8
-30200.9
-32065.2
-33824.6
-35485.8
-37054.6
-38535.7
-39933.3
-41250.8
-42491.5
-43657.9
-44752.2
-45776.6
-46732.6
-47621.8
-48445.1
-49203.7
-49898.2
-50529.1
-51096.7
-51600.8
-52041.3
-52417.4
-52728.1
-52972.1
-53147.9
-53254.1
-53288.7
-53250.1
-53136.3
-52946.1
-2372.34
-6421.26
-10006.7
-13247.8
-16216.2
-18959
-21509.6
-23892.5
-26126.3
-28225.9
-30203
-32067.2
-33826.7
-35487.9
-37056.7
-38537.8
-39935.4
-41253
-42493.6
-43660
-44754.4
-45778.8
-46734.8
-47623.9
-48447.3
-49205.9
-49900.4
-50531.3
-51098.8
-51603
-52043.4
-52419.5
-52730.2
-52974.2
-53150.1
-53256.2
-53290.9
-53252.2
-53138.2
-52947.9
-2372.63
-6421.99
-10007.7
-13249
-16217.5
-18960.5
-21511.1
-23894
-26127.9
-28227.5
-30204.6
-32068.9
-33828.3
-35489.6
-37058.4
-38539.5
-39937.1
-41254.6
-42495.3
-43661.7
-44756.1
-45780.4
-46736.5
-47625.6
-48449
-49207.6
-49902.1
-50533
-51100.5
-51604.7
-52045.1
-52421.2
-52731.9
-52975.9
-53151.7
-53257.8
-53292.5
-53253.8
-53139.7
-52949.3
-2372.81
-6422.47
-10008.4
-13249.9
-16218.5
-18961.5
-21512.2
-23895.2
-26129.1
-28228.7
-30205.8
-32070.1
-33829.6
-35490.9
-37059.7
-38540.8
-39938.4
-41255.9
-42496.6
-43663
-44757.4
-45781.8
-46737.8
-47626.9
-48450.3
-49208.9
-49903.4
-50534.3
-51101.8
-51606
-52046.4
-52422.5
-52733.2
-52977.2
-53153
-53259.1
-53293.7
-53255
-53140.9
-52950.5
-2372.92
-6422.78
-10008.9
-13250.5
-16219.2
-18962.3
-21513.1
-23896.1
-26130
-28229.6
-30206.8
-32071.1
-33830.6
-35491.9
-37060.7
-38541.8
-39939.4
-41257
-42497.6
-43664
-44758.4
-45782.8
-46738.8
-47628
-48451.3
-49209.9
-49904.4
-50535.3
-51102.9
-51607
-52047.5
-52423.6
-52734.3
-52978.2
-53154.1
-53260.1
-53294.7
-53256
-53141.9
-52951.5
-2373
-6423.01
-10009.3
-13251
-16219.7
-18962.9
-21513.7
-23896.8
-26130.7
-28230.4
-30207.5
-32071.9
-33831.3
-35492.7
-37061.5
-38542.6
-39940.2
-41257.8
-42498.5
-43664.9
-44759.3
-45783.6
-46739.7
-47628.8
-48452.2
-49210.8
-49905.3
-50536.2
-51103.7
-51607.9
-52048.3
-52424.4
-52735.1
-52979.1
-53154.9
-53261
-53295.5
-53256.8
-53142.7
-52952.3
-2373.06
-6423.17
-10009.5
-13251.3
-16220.2
-18963.4
-21514.3
-23897.3
-26131.3
-28231
-30208.2
-32072.5
-33832
-35493.3
-37062.2
-38543.3
-39940.9
-41258.5
-42499.2
-43665.6
-44760
-45784.4
-46740.4
-47629.5
-48452.9
-49211.5
-49906
-50536.9
-51104.4
-51608.6
-52049
-52425.1
-52735.8
-52979.8
-53155.6
-53261.6
-53296.2
-53257.5
-53143.3
-52952.9
-2373.1
-6423.3
-10009.7
-13251.6
-16220.5
-18963.8
-21514.7
-23897.8
-26131.8
-28231.5
-30208.7
-32073
-33832.5
-35493.9
-37062.7
-38543.9
-39941.5
-41259.1
-42499.8
-43666.2
-44760.6
-45784.9
-46741
-47630.1
-48453.5
-49212.1
-49906.6
-50537.5
-51105
-51609.2
-52049.6
-52425.7
-52736.4
-52980.4
-53156.2
-53262.2
-53296.8
-53258
-53143.9
-52953.5
-2373.13
-6423.39
-10009.9
-13251.8
-16220.7
-18964.1
-21515
-23898.1
-26132.2
-28231.9
-30209.1
-32073.5
-33833
-35494.3
-37063.2
-38544.4
-39942
-41259.6
-42500.2
-43666.6
-44761.1
-45785.4
-46741.5
-47630.6
-48454
-49212.6
-49907.1
-50538
-51105.5
-51609.7
-52050.1
-52426.2
-52736.9
-52980.9
-53156.7
-53262.7
-53297.3
-53258.5
-53144.4
-52954
-2373.16
-6423.47
-10010
-13251.9
-16220.9
-18964.3
-21515.3
-23898.4
-26132.5
-28232.2
-30209.5
-32073.8
-33833.4
-35494.7
-37063.6
-38544.8
-39942.4
-41260
-42500.7
-43667.1
-44761.5
-45785.9
-46741.9
-47631
-48454.4
-49213
-49907.5
-50538.4
-51106
-51610.1
-52050.6
-52426.6
-52737.3
-52981.3
-53157.1
-53263.1
-53297.7
-53258.9
-53144.8
-52954.4
-2373.18
-6423.53
-10010.1
-13252.1
-16221.1
-18964.5
-21515.5
-23898.7
-26132.8
-28232.5
-30209.8
-32074.2
-33833.7
-35495.1
-37063.9
-38545.1
-39942.7
-41260.3
-42501
-43667.4
-44761.8
-45786.2
-46742.3
-47631.4
-48454.8
-49213.4
-49907.9
-50538.8
-51106.3
-51610.5
-52050.9
-52427
-52737.7
-52981.7
-53157.5
-53263.5
-53298.1
-53259.3
-53145.2
-52954.7
-2373.2
-6423.58
-10010.2
-13252.2
-16221.3
-18964.7
-21515.7
-23898.9
-26133
-28232.8
-30210
-32074.4
-33834
-35495.3
-37064.2
-38545.4
-39943
-41260.6
-42501.3
-43667.7
-44762.2
-45786.5
-46742.6
-47631.7
-48455.1
-49213.7
-49908.2
-50539.1
-51106.7
-51610.8
-52051.2
-52427.3
-52738
-52982
-53157.8
-53263.8
-53298.4
-53259.6
-53145.5
-52955.1
-2373.21
-6423.62
-10010.3
-13252.3
-16221.4
-18964.8
-21515.8
-23899
-26133.2
-28232.9
-30210.2
-32074.6
-33834.2
-35495.6
-37064.5
-38545.6
-39943.3
-41260.9
-42501.6
-43668
-44762.4
-45786.8
-46742.9
-47632
-48455.4
-49214
-49908.5
-50539.4
-51106.9
-51611.1
-52051.5
-52427.6
-52738.3
-52982.3
-53158
-53264.1
-53298.7
-53259.9
-53145.7
-52955.3
-2373.22
-6423.65
-10010.3
-13252.4
-16221.5
-18964.9
-21516
-23899.2
-26133.3
-28233.1
-30210.4
-32074.8
-33834.4
-35495.8
-37064.7
-38545.8
-39943.5
-41261.1
-42501.8
-43668.2
-44762.6
-45787
-46743.1
-47632.2
-48455.6
-49214.2
-49908.7
-50539.6
-51107.2
-51611.3
-52051.7
-52427.8
-52738.5
-52982.5
-53158.3
-53264.3
-53298.9
-53260.1
-53146
-52955.6
-2373.23
-6423.68
-10010.4
-13252.4
-16221.5
-18965
-21516.1
-23899.3
-26133.4
-28233.2
-30210.5
-32075
-33834.5
-35495.9
-37064.8
-38546
-39943.7
-41261.3
-42502
-43668.4
-44762.8
-45787.2
-46743.3
-47632.4
-48455.8
-49214.4
-49908.9
-50539.8
-51107.4
-51611.5
-52051.9
-52428
-52738.7
-52982.7
-53158.5
-53264.5
-53299.1
-53260.3
-53146.2
-52955.7
-2373.24
-6423.7
-10010.4
-13252.5
-16221.6
-18965.1
-21516.1
-23899.4
-26133.5
-28233.4
-30210.7
-32075.1
-33834.7
-35496.1
-37065
-38546.2
-39943.8
-41261.4
-42502.1
-43668.6
-44763
-45787.4
-46743.4
-47632.6
-48456
-49214.6
-49909.1
-50540
-51107.5
-51611.7
-52052.1
-52428.2
-52738.9
-52982.8
-53158.6
-53264.7
-53299.2
-53260.5
-53146.3
-52955.9
-2373.24
-6423.72
-10010.4
-13252.5
-16221.6
-18965.1
-21516.2
-23899.5
-26133.6
-28233.4
-30210.7
-32075.2
-33834.8
-35496.2
-37065.1
-38546.3
-39943.9
-41261.5
-42502.3
-43668.7
-44763.1
-45787.5
-46743.6
-47632.7
-48456.1
-49214.7
-49909.2
-50540.1
-51107.6
-51611.8
-52052.2
-52428.3
-52739
-52983
-53158.8
-53264.8
-53299.4
-53260.6
-53146.4
-52956
-2373.25
-6423.73
-10010.4
-13252.5
-16221.7
-18965.2
-21516.3
-23899.5
-26133.7
-28233.5
-30210.8
-32075.3
-33834.8
-35496.2
-37065.1
-38546.3
-39944
-41261.6
-42502.3
-43668.8
-44763.2
-45787.6
-46743.6
-47632.8
-48456.2
-49214.8
-49909.3
-50540.2
-51107.7
-51611.9
-52052.3
-52428.4
-52739.1
-52983.1
-53158.9
-53264.9
-53299.5
-53260.7
-53146.5
-52956.1
-2373.25
-6423.74
-10010.5
-13252.5
-16221.7
-18965.2
-21516.3
-23899.5
-26133.7
-28233.5
-30210.9
-32075.3
-33834.9
-35496.3
-37065.2
-38546.4
-39944.1
-41261.7
-42502.4
-43668.8
-44763.3
-45787.7
-46743.7
-47632.9
-48456.2
-49214.8
-49909.4
-50540.3
-51107.8
-51612
-52052.4
-52428.5
-52739.1
-52983.1
-53158.9
-53265
-53299.5
-53260.7
-53146.6
-52956.2
-2373.25
-6423.74
-10010.5
-13252.5
-16221.7
-18965.2
-21516.3
-23899.6
-26133.7
-28233.6
-30210.9
-32075.3
-33834.9
-35496.3
-37065.2
-38546.4
-39944.1
-41261.7
-42502.4
-43668.9
-44763.3
-45787.7
-46743.7
-47632.9
-48456.3
-49214.9
-49909.4
-50540.3
-51107.8
-51612
-52052.4
-52428.5
-52739.2
-52983.2
-53159
-53265
-53299.6
-53260.8
-53146.6
-52956.2
-2373.25
-6423.74
-10010.5
-13252.6
-16221.7
-18965.2
-21516.3
-23899.6
-26133.7
-28233.6
-30210.9
-32075.3
-33834.9
-35496.3
-37065.2
-38546.4
-39944.1
-41261.7
-42502.4
-43668.9
-44763.3
-45787.7
-46743.8
-47632.9
-48456.3
-49214.9
-49909.4
-50540.3
-51107.9
-51612
-52052.4
-52428.5
-52739.2
-52983.2
-53159
-53265
-53299.6
-53260.8
-53146.7
-52956.2
-2373.25
-6423.74
-10010.5
-13252.5
-16221.7
-18965.2
-21516.3
-23899.6
-26133.7
-28233.6
-30210.9
-32075.3
-33834.9
-35496.3
-37065.2
-38546.4
-39944.1
-41261.7
-42502.4
-43668.8
-44763.3
-45787.7
-46743.7
-47632.9
-48456.3
-49214.9
-49909.4
-50540.3
-51107.8
-51612
-52052.4
-52428.5
-52739.2
-52983.2
-53158.9
-53265
-53299.6
-53260.8
-53146.6
-52956.2
-2373.25
-6423.73
-10010.4
-13252.5
-16221.7
-18965.2
-21516.3
-23899.5
-26133.7
-28233.5
-30210.8
-32075.3
-33834.9
-35496.3
-37065.2
-38546.4
-39944
-41261.7
-42502.4
-43668.8
-44763.2
-45787.6
-46743.7
-47632.8
-48456.2
-49214.8
-49909.3
-50540.2
-51107.8
-51611.9
-52052.4
-52428.4
-52739.1
-52983.1
-53158.9
-53264.9
-53299.5
-53260.7
-53146.6
-52956.2
-2373.24
-6423.72
-10010.4
-13252.5
-16221.6
-18965.1
-21516.2
-23899.5
-26133.6
-28233.5
-30210.8
-32075.2
-33834.8
-35496.2
-37065.1
-38546.3
-39944
-41261.6
-42502.3
-43668.7
-44763.1
-45787.5
-46743.6
-47632.7
-48456.1
-49214.7
-49909.3
-50540.2
-51107.7
-51611.9
-52052.3
-52428.4
-52739.1
-52983
-53158.8
-53264.9
-53299.4
-53260.6
-53146.5
-52956.1
-2373.24
-6423.7
-10010.4
-13252.5
-16221.6
-18965.1
-21516.2
-23899.4
-26133.6
-28233.4
-30210.7
-32075.1
-33834.7
-35496.1
-37065
-38546.2
-39943.8
-41261.5
-42502.2
-43668.6
-44763
-45787.4
-46743.5
-47632.6
-48456
-49214.6
-49909.1
-50540.1
-51107.6
-51611.7
-52052.2
-52428.2
-52738.9
-52982.9
-53158.7
-53264.8
-53299.3
-53260.5
-53146.4
-52956
-2373.23
-6423.69
-10010.4
-13252.4
-16221.5
-18965
-21516.1
-23899.3
-26133.5
-28233.3
-30210.6
-32075
-33834.6
-35496
-37064.9
-38546.1
-39943.7
-41261.4
-42502.1
-43668.5
-44762.9
-45787.3
-46743.4
-47632.5
-48455.9
-49214.5
-49909
-50539.9
-51107.4
-51611.6
-52052
-52428.1
-52738.8
-52982.8
-53158.6
-53264.6
-53299.2
-53260.4
-53146.3
-52955.8
-2373.22
-6423.66
-10010.3
-13252.4
-16221.5
-18964.9
-21516
-23899.2
-26133.4
-28233.2
-30210.4
-32074.9
-33834.4
-35495.8
-37064.7
-38545.9
-39943.5
-41261.2
-42501.9
-43668.3
-44762.7
-45787.1
-46743.2
-47632.3
-48455.7
-49214.3
-49908.8
-50539.7
-51107.3
-51611.4
-52051.9
-52427.9
-52738.6
-52982.6
-53158.4
-53264.4
-53299
-53260.2
-53146.1
-52955.7
-2373.21
-6423.63
-10010.3
-13252.3
-16221.4
-18964.8
-21515.9
-23899.1
-26133.2
-28233
-30210.3
-32074.7
-33834.3
-35495.6
-37064.5
-38545.7
-39943.3
-41261
-42501.7
-43668.1
-44762.5
-45786.9
-46743
-47632.1
-48455.5
-49214.1
-49908.6
-50539.5
-51107.1
-51611.2
-52051.6
-52427.7
-52738.4
-52982.4
-53158.2
-53264.2
-53298.8
-53260
-53145.9
-52955.5
-2373.2
-6423.59
-10010.2
-13252.2
-16221.3
-18964.7
-21515.7
-23898.9
-26133
-28232.8
-30210.1
-32074.5
-33834
-35495.4
-37064.3
-38545.5
-39943.1
-41260.7
-42501.4
-43667.8
-44762.3
-45786.7
-46742.7
-47631.8
-48455.2
-49213.8
-49908.3
-50539.2
-51106.8
-51610.9
-52051.4
-52427.5
-52738.1
-52982.1
-53157.9
-53264
-53298.5
-53259.7
-53145.6
-52955.2
-2373.18
-6423.54
-10010.1
-13252.1
-16221.1
-18964.5
-21515.5
-23898.7
-26132.8
-28232.6
-30209.8
-32074.2
-33833.8
-35495.1
-37064
-38545.2
-39942.8
-41260.4
-42501.1
-43667.5
-44762
-45786.3
-46742.4
-47631.5
-48454.9
-49213.5
-49908
-50538.9
-51106.5
-51610.6
-52051.1
-52427.1
-52737.8
-52981.8
-53157.6
-53263.7
-53298.2
-53259.4
-53145.3
-52954.9
-2373.16
-6423.48
-10010
-13252
-16221
-18964.3
-21515.3
-23898.5
-26132.5
-28232.3
-30209.5
-32073.9
-33833.4
-35494.8
-37063.7
-38544.8
-39942.5
-41260.1
-42500.8
-43667.2
-44761.6
-45786
-46742
-47631.2
-48454.6
-49213.2
-49907.7
-50538.6
-51106.1
-51610.3
-52050.7
-52426.8
-52737.5
-52981.5
-53157.3
-53263.3
-53297.9
-53259.1
-53145
-52954.5
-2373.14
-6423.4
-10009.9
-13251.8
-16220.8
-18964.1
-21515
-23898.2
-26132.2
-28232
-30209.2
-32073.6
-33833.1
-35494.4
-37063.3
-38544.4
-39942.1
-41259.7
-42500.4
-43666.8
-44761.2
-45785.6
-46741.6
-47630.8
-48454.1
-49212.7
-49907.2
-50538.2
-51105.7
-51609.8
-52050.3
-52426.4
-52737.1
-52981
-53156.8
-53262.9
-53297.5
-53258.7
-53144.6
-52954.1
-2373.1
-6423.31
-10009.8
-13251.6
-16220.5
-18963.8
-21514.7
-23897.8
-26131.8
-28231.5
-30208.8
-32073.1
-33832.6
-35494
-37062.8
-38544
-39941.6
-41259.2
-42499.9
-43666.3
-44760.7
-45785.1
-46741.1
-47630.3
-48453.6
-49212.2
-49906.7
-50537.6
-51105.2
-51609.3
-52049.8
-52425.9
-52736.6
-52980.5
-53156.3
-53262.4
-53297
-53258.2
-53144.1
-52953.7
-2373.06
-6423.18
-10009.5
-13251.3
-16220.2
-18963.4
-21514.3
-23897.4
-26131.4
-28231
-30208.2
-32072.6
-33832.1
-35493.4
-37062.2
-38543.4
-39941
-41258.6
-42499.3
-43665.7
-44760.1
-45784.5
-46740.5
-47629.7
-48453
-49211.6
-49906.1
-50537.1
-51104.6
-51608.7
-52049.2
-52425.3
-52736
-52979.9
-53155.8
-53261.8
-53296.4
-53257.6
-53143.5
-52953.1
-2373
-6423.02
-10009.3
-13251
-16219.8
-18962.9
-21513.8
-23896.8
-26130.8
-28230.4
-30207.6
-32071.9
-33831.4
-35492.7
-37061.6
-38542.7
-39940.3
-41257.9
-42498.6
-43665
-44759.4
-45783.8
-46739.8
-47628.9
-48452.3
-49210.9
-49905.4
-50536.3
-51103.9
-51608
-52048.5
-52424.6
-52735.3
-52979.2
-53155.1
-53261.1
-53295.7
-53257
-53142.8
-52952.4
-2372.92
-6422.79
-10008.9
-13250.5
-16219.2
-18962.3
-21513.1
-23896.1
-26130
-28229.7
-30206.8
-32071.1
-33830.6
-35491.9
-37060.7
-38541.9
-39939.5
-41257.1
-42497.7
-43664.1
-44758.5
-45782.9
-46739
-47628.1
-48451.5
-49210.1
-49904.6
-50535.5
-51103
-51607.2
-52047.6
-52423.7
-52734.4
-52978.4
-53154.2
-53260.3
-53294.9
-53256.1
-53142
-52951.6
-2372.81
-6422.46
-10008.4
-13249.9
-16218.5
-18961.5
-21512.3
-23895.2
-26129.1
-28228.7
-30205.8
-32070.1
-33829.6
-35490.9
-37059.7
-38540.9
-39938.4
-41256
-42496.7
-43663.1
-44757.5
-45781.9
-46737.9
-47627
-48450.4
-49209
-49903.5
-50534.4
-51102
-51606.1
-52046.6
-52422.6
-52733.4
-52977.4
-53153.2
-53259.3
-53293.9
-53255.2
-53141.1
-52950.7
-2372.63
-6421.97
-10007.7
-13249
-16217.5
-18960.5
-21511.1
-23894
-26127.9
-28227.5
-30204.6
-32068.9
-33828.3
-35489.6
-37058.4
-38539.5
-39937.1
-41254.7
-42495.4
-43661.8
-44756.2
-45780.5
-46736.6
-47625.7
-48449.1
-49207.7
-49902.2
-50533.1
-51100.6
-51604.8
-52045.2
-52421.3
-52732
-52976
-53151.9
-53258
-53292.6
-53253.9
-53139.9
-52949.5
-2372.32
-6421.22
-10006.7
-13247.8
-16216.1
-18959
-21509.6
-23892.5
-26126.3
-28225.9
-30203
-32067.2
-33826.7
-35488
-37056.7
-38537.9
-39935.4
-41253
-42493.7
-43660.1
-44754.5
-45778.8
-46734.9
-47624
-48447.4
-49206
-49900.5
-50531.4
-51098.9
-51603.1
-52043.5
-52419.6
-52730.3
-52974.3
-53150.2
-53256.3
-53291
-53252.3
-53138.4
-52948
-2371.75
-6420.03
-10005.1
-13246
-16214.3
-18957.1
-21507.6
-23890.5
-26124.3
-28223.8
-30200.9
-32065.1
-33824.6
-35485.8
-37054.6
-38535.7
-39933.3
-41250.9
-42491.5
-43657.9
-44752.3
-45776.7
-46732.7
-47621.8
-48445.2
-49203.8
-49898.3
-50529.2
-51096.7
-51600.9
-52041.3
-52417.4
-52728.2
-52972.2
-53148
-53254.2
-53288.9
-53250.3
-53136.4
-52946.2
)
;

boundaryField
{
    front
    {
        type            zeroGradient;
    }
    back
    {
        type            fixedValue;
        value           uniform 0;
    }
    top
    {
        type            zeroGradient;
    }
    bottom
    {
        type            zeroGradient;
    }
    right
    {
        type            zeroGradient;
    }
    left
    {
        type            zeroGradient;
    }
}


// ************************************************************************* //
